{
	"format_version": "1.8.0",
	"animations": {
		"animation.yg_buzzsaw_toilet.general": {
			"loop": true,
			"animation_length": 2,
			"bones": {
				"Root": {
					"rotation": {
						"0.0": {
							"post": [0, 0, 0],
							"lerp_mode": "catmullrom"
						},
						"0.5": {
							"post": [0, 0, 2.5],
							"lerp_mode": "catmullrom"
						},
						"1.5": {
							"post": [0, 0, -2.5],
							"lerp_mode": "catmullrom"
						},
						"2.0": {
							"post": [0, 0, 0],
							"lerp_mode": "catmullrom"
						}
					},
					"position": {
						"0.0": {
							"post": [0, 0, 0],
							"lerp_mode": "catmullrom"
						},
						"0.5": {
							"post": [1, 0, 0],
							"lerp_mode": "catmullrom"
						},
						"1.5": {
							"post": [-1, 0, 0],
							"lerp_mode": "catmullrom"
						},
						"2.0": {
							"post": [0, 0, 0],
							"lerp_mode": "catmullrom"
						}
					}
				},
				"Neck": {
					"rotation": {
						"0.0": {
							"post": [9.85108, 1.72794, -9.85108],
							"lerp_mode": "catmullrom"
						},
						"0.5": {
							"post": [9.96271, -0.86717, 4.92442],
							"lerp_mode": "catmullrom"
						},
						"1.0": {
							"post": [10, 0, 0],
							"lerp_mode": "catmullrom"
						},
						"1.5": {
							"post": [9.96271, -0.86717, 4.92442],
							"lerp_mode": "catmullrom"
						},
						"2.0": {
							"post": [9.85108, 1.72794, -9.85108],
							"lerp_mode": "catmullrom"
						}
					}
				},
				"Head": {
					"rotation": {
						"0.0": {
							"post": [-9.85108, 1.72794, 9.85108],
							"lerp_mode": "catmullrom"
						},
						"0.5": {
							"post": [-9.76758, -2.15393, -12.31594],
							"lerp_mode": "catmullrom"
						},
						"1.0": {
							"post": [-10, 0, 0],
							"lerp_mode": "catmullrom"
						},
						"1.5": {
							"post": [-9.76758, -2.15393, -12.31594],
							"lerp_mode": "catmullrom"
						},
						"2.0": {
							"post": [-9.85108, 1.72794, 9.85108],
							"lerp_mode": "catmullrom"
						}
					}
				},
				"Mouth": {
					"scale": {
						"0.0": {
							"post": [1, 1, 1],
							"lerp_mode": "catmullrom"
						},
						"0.5": {
							"post": [1, 1.4, 1],
							"lerp_mode": "catmullrom"
						},
						"1.0": {
							"post": [1.4, 1.1, 1],
							"lerp_mode": "catmullrom"
						},
						"1.5": {
							"post": [0.8, 1.4, 1],
							"lerp_mode": "catmullrom"
						},
						"2.0": {
							"post": [1, 1, 1],
							"lerp_mode": "catmullrom"
						}
					}
				}
			}
		},
		"animation.yg_buzzsaw_toilet.looking": {
			"loop": true,
			"animation_length": 1,
			"bones": {
				"Head": {
					"rotation": {
						"0.0": {
							"post": ["query.target_x_rotation-this", "query.target_y_rotation-this", 0],
							"lerp_mode": "catmullrom"
						}
					}
				},
				"bone": {
					"rotation": {
						"0.0": {
							"post": [0, 0, 0],
							"lerp_mode": "catmullrom"
						},
						"1.0": {
							"post": [0, 360, 0],
							"lerp_mode": "catmullrom"
						}
					}
				}
			}
		},
		"animation.yg_buzzsaw_toilet.move": {
			"loop": true,
			"animation_length": 2,
			"bones": {
				"Body": {
					"rotation": {
						"0.0": {
							"post": [12.45392, -1.08089, 4.88206],
							"lerp_mode": "catmullrom"
						},
						"1.0": {
							"post": [12.48848, 0.54094, -2.44081],
							"lerp_mode": "catmullrom"
						},
						"2.0": {
							"post": [12.45392, -1.08089, 4.88206],
							"lerp_mode": "catmullrom"
						}
					}
				},
				"Neck": {
					"rotation": {
						"0.0": {
							"post": [7.5, 0, 0],
							"lerp_mode": "catmullrom"
						},
						"1.0": {
							"post": [7.32417, -1.61888, 12.39638],
							"lerp_mode": "catmullrom"
						},
						"2.0": {
							"post": [7.5, 0, 0],
							"lerp_mode": "catmullrom"
						}
					}
				},
				"Head": {
					"rotation": {
						"0.0": {
							"post": [-15, 0, 0],
							"lerp_mode": "catmullrom"
						},
						"1.0": {
							"post": [-14.65993, -3.21132, -12.08681],
							"lerp_mode": "catmullrom"
						},
						"2.0": {
							"post": [-15, 0, 0],
							"lerp_mode": "catmullrom"
						}
					}
				}
			}
		}
	}
}