{"format_version":"1.8.0","animations":{"animation.yg_gman_toilet_2.general":{"loop":true,"animation_length":2,"bones":{"Neck":{"rotation":{"0.0":{"post":[0,0,-7.5],"lerp_mode":"catmullrom"},"0.25":{"post":[0,0,7.5],"lerp_mode":"catmullrom"},"0.5":{"post":[0,0,0],"lerp_mode":"catmullrom"},"0.75":{"post":[12.5,0,0],"lerp_mode":"catmullrom"},"1.0":{"post":[0,0,-7.5],"lerp_mode":"catmullrom"},"1.5":{"post":[-0.73414,0.2672,12.02954],"lerp_mode":"catmullrom"},"2.0":{"post":[0,0,-7.5],"lerp_mode":"catmullrom"}}},"Head":{"rotation":{"0.0":{"post":[0,0,7.5],"lerp_mode":"catmullrom"},"0.25":{"post":[-0.38683,0.20403,-9.99649],"lerp_mode":"catmullrom"},"0.5":{"post":[-0.34552,0.2681,0.00339],"lerp_mode":"catmullrom"},"0.75":{"post":[-12.84552,0.2681,0.00339],"lerp_mode":"catmullrom"},"1.0":{"post":[0,0,7.5],"lerp_mode":"catmullrom"},"1.5":{"post":[0.66728,0.44676,-27.02874],"lerp_mode":"catmullrom"},"2.0":{"post":[0,0,7.5],"lerp_mode":"catmullrom"}}},"Mouth":{"scale":{"0.0":{"post":[1,1,1],"lerp_mode":"catmullrom"},"0.25":{"post":[1,1.3,1],"lerp_mode":"catmullrom"},"0.5":{"post":[1,0.8,1],"lerp_mode":"catmullrom"},"0.75":{"post":[1.4,0.8,1],"lerp_mode":"catmullrom"},"1.0":{"post":[1.1,1.3,1],"lerp_mode":"catmullrom"},"1.5":{"post":[0.7,0.8,1],"lerp_mode":"catmullrom"},"2.0":{"post":[1,1,1],"lerp_mode":"catmullrom"}}},"Body":{"position":{"0.0":{"post":[0,0,0],"lerp_mode":"catmullrom"},"1.0":{"post":[0,1,0],"lerp_mode":"catmullrom"},"2.0":{"post":[0,0,0],"lerp_mode":"catmullrom"}}}}},"animation.yg_gman_toilet_2.looking":{"loop":true,"animation_length":0.5,"bones":{"Head":{"rotation":{"0.0":{"post":["query.target_x_rotation-this","query.target_y_rotation-this",0],"lerp_mode":"catmullrom"}}},"Fire":{"rotation":{"0.0":{"post":[0,0,0],"lerp_mode":"catmullrom"},"0.5":{"post":[0,360,0],"lerp_mode":"catmullrom"}},"scale":{"0.0":{"post":[1,1,1],"lerp_mode":"catmullrom"},"0.25":{"post":[1,1.3,1],"lerp_mode":"catmullrom"},"0.5":{"post":[1,1,1],"lerp_mode":"catmullrom"}}},"Fire2":{"rotation":{"0.0":{"post":[0,0,0],"lerp_mode":"catmullrom"},"0.5":{"post":[0,360,0],"lerp_mode":"catmullrom"}},"scale":{"0.0":{"post":[1,1,1],"lerp_mode":"catmullrom"},"0.25":{"post":[1,1.3,1],"lerp_mode":"catmullrom"},"0.5":{"post":[1,1,1],"lerp_mode":"catmullrom"}}}}},"animation.yg_gman_toilet_2.move":{"loop":true,"animation_length":2,"anim_time_update":"query.modified_distance_moved * 0.1","bones":{"Body":{"rotation":{"0.0":{"post":[9.99067,-0.43399,2.46207],"lerp_mode":"catmullrom"},"1.0":{"post":[9.99067,0.43399,-2.46207],"lerp_mode":"catmullrom"},"2.0":{"post":[9.99067,-0.43399,2.46207],"lerp_mode":"catmullrom"}}},"Neck":{"rotation":{"0.0":{"post":[0,0,-7.5],"lerp_mode":"catmullrom"},"1.0":{"post":[0,0,15],"lerp_mode":"catmullrom"},"2.0":{"post":[0,0,-7.5],"lerp_mode":"catmullrom"}},"position":{"0.0":{"post":[0,0,0],"lerp_mode":"catmullrom"},"1.0":{"post":[0.04296,0.98387,0.17365],"lerp_mode":"catmullrom"},"2.0":{"post":[0,0,0],"lerp_mode":"catmullrom"}}},"Head":{"rotation":{"0.0":{"post":[0,0,10],"lerp_mode":"catmullrom"},"1.0":{"post":[0,0,-27.5],"lerp_mode":"catmullrom"},"2.0":{"post":[0,0,10],"lerp_mode":"catmullrom"}}}}},"animation.yg_gman_toilet_2.attack":{"animation_length":1,"bones":{"Neck":{"rotation":{"0.0":{"post":[0,0,0],"lerp_mode":"catmullrom"},"0.1667":{"post":[-15,0,0],"lerp_mode":"catmullrom"},"0.3333":{"post":[50,0,0],"lerp_mode":"catmullrom"},"0.6667":{"post":[50,0,0],"lerp_mode":"catmullrom"},"1.0":{"post":[0,0,0],"lerp_mode":"catmullrom"}}},"Head":{"rotation":{"0.0":{"post":[0,0,0],"lerp_mode":"catmullrom"},"0.1667":{"post":[25,0,0],"lerp_mode":"catmullrom"},"0.3333":{"post":[-42.5,0,0],"lerp_mode":"catmullrom"},"0.6667":{"post":[-42.5,0,0],"lerp_mode":"catmullrom"},"1.0":{"post":[0,0,0],"lerp_mode":"catmullrom"}}}}}}}