{"format_version":"1.8.0","animations":{"animation.yg_police_toilet.general":{"loop":true,"animation_length":2,"bones":{"Neck":{"rotation":{"0.0":{"post":[0,0,-7.5],"lerp_mode":"catmullrom"},"0.25":{"post":[0,0,7.5],"lerp_mode":"catmullrom"},"0.5":{"post":[0,0,0],"lerp_mode":"catmullrom"},"0.75":{"post":[12.5,0,0],"lerp_mode":"catmullrom"},"1.0":{"post":[0,0,-7.5],"lerp_mode":"catmullrom"},"1.5":{"post":[-0.73414,0.2672,12.02954],"lerp_mode":"catmullrom"},"2.0":{"post":[0,0,-7.5],"lerp_mode":"catmullrom"}}},"Head":{"rotation":{"0.0":{"post":[0,0,7.5],"lerp_mode":"catmullrom"},"0.25":{"post":[-0.38683,0.20403,-9.99649],"lerp_mode":"catmullrom"},"0.5":{"post":[-0.34552,0.2681,0.00339],"lerp_mode":"catmullrom"},"0.75":{"post":[-12.84552,0.2681,0.00339],"lerp_mode":"catmullrom"},"1.0":{"post":[0,0,7.5],"lerp_mode":"catmullrom"},"1.5":{"post":[0.66728,0.44676,-27.02874],"lerp_mode":"catmullrom"},"2.0":{"post":[0,0,7.5],"lerp_mode":"catmullrom"}}},"Mouth":{"scale":{"0.0":{"post":[1,1,1],"lerp_mode":"catmullrom"},"0.25":{"post":[1,1.3,1],"lerp_mode":"catmullrom"},"0.5":{"post":[1,0.8,1],"lerp_mode":"catmullrom"},"0.75":{"post":[1.4,0.8,1],"lerp_mode":"catmullrom"},"1.0":{"post":[1.1,1.3,1],"lerp_mode":"catmullrom"},"1.5":{"post":[0.7,0.8,1],"lerp_mode":"catmullrom"},"2.0":{"post":[1,1,1],"lerp_mode":"catmullrom"}}}}},"animation.yg_police_toilet.looking":{"loop":true,"bones":{"Head":{"rotation":{"0.0":{"post":["query.target_x_rotation-this","query.target_y_rotation-this",0],"lerp_mode":"catmullrom"}}}}},"animation.yg_police_toilet.move":{"loop":true,"animation_length":1,"anim_time_update":"query.modified_distance_moved * 0.1","bones":{"Neck":{"position":{"0.0":{"post":[0,0,0],"lerp_mode":"catmullrom"},"0.5":{"post":[0,-1,0],"lerp_mode":"catmullrom"},"0.75":{"post":[0,-1,0],"lerp_mode":"catmullrom"},"1.0":{"post":[0,0,0],"lerp_mode":"catmullrom"}}}}},"animation.yg_police_toilet.attack":{"animation_length":1,"bones":{"Neck":{"rotation":{"0.0":{"post":[0,0,0],"lerp_mode":"catmullrom"},"0.1667":{"post":[-15,0,0],"lerp_mode":"catmullrom"},"0.3333":{"post":[50,0,0],"lerp_mode":"catmullrom"},"0.6667":{"post":[50,0,0],"lerp_mode":"catmullrom"},"1.0":{"post":[0,0,0],"lerp_mode":"catmullrom"}}},"Head":{"rotation":{"0.0":{"post":[0,0,0],"lerp_mode":"catmullrom"},"0.1667":{"post":[25,0,0],"lerp_mode":"catmullrom"},"0.3333":{"post":[-42.5,0,0],"lerp_mode":"catmullrom"},"0.6667":{"post":[-42.5,0,0],"lerp_mode":"catmullrom"},"1.0":{"post":[0,0,0],"lerp_mode":"catmullrom"}}}}},"animation.yg_police_toilet.blink":{"loop":true,"animation_length":0.5,"bones":{"Red2":{"scale":{"0.0":[1,1,1],"0.25":{"pre":[1,1,1],"post":[0,1,1]},"0.5":{"pre":[0,1,1],"post":[1,1,1]}}},"Blue2":{"scale":{"0.0":[0,1,1],"0.25":{"pre":[0,1,1],"post":[1,1,1]},"0.5":{"pre":[1,1,1],"post":[0,1,1]}}},"Red":{"scale":{"0.0":[0,1,1],"0.25":{"pre":[0,1,1],"post":[1,1,1]},"0.5":{"pre":[1,1,1],"post":[0,1,1]}}},"Blue":{"scale":{"0.0":[1,1,1],"0.25":{"pre":[1,1,1],"post":[0,1,1]},"0.5":{"pre":[0,1,1],"post":[1,1,1]}}}}}}}