{
  "format_version": "1.8.0",
  "animations": {
    "animation.yg_skull_dismantler_toilet.general": {
      "loop": true,
      "animation_length": 2,
      "bones": {
        "Neck": {
          "rotation": {
            "0.0": {
              "post": [
                0,
                0,
                -2.5
              ],
              "lerp_mode": "catmullrom"
            },
            "1.0": {
              "post": [
                0,
                0,
                2.5
              ],
              "lerp_mode": "catmullrom"
            },
            "2.0": {
              "post": [
                0,
                0,
                -2.5
              ],
              "lerp_mode": "catmullrom"
            }
          }
        },
        "Head": {
          "rotation": {
            "0.0": {
              "post": [
                0,
                0,
                5
              ],
              "lerp_mode": "catmullrom"
            },
            "0.25": {
              "post": [
                0,
                2.5,
                3.125
              ],
              "lerp_mode": "catmullrom"
            },
            "0.3333": {
              "post": [
                0,
                -2.77778,
                2.5
              ],
              "lerp_mode": "catmullrom"
            },
            "0.4167": {
              "post": [
                0,
                2.56944,
                1.875
              ],
              "lerp_mode": "catmullrom"
            },
            "0.6667": {
              "post": [
                0,
                2.5,
                3.125
              ],
              "lerp_mode": "catmullrom"
            },
            "0.75": {
              "post": [
                0,
                -2.77778,
                2.5
              ],
              "lerp_mode": "catmullrom"
            },
            "0.8333": {
              "post": [
                0,
                2.56944,
                1.875
              ],
              "lerp_mode": "catmullrom"
            },
            "1.0": {
              "post": [
                0,
                0,
                -2.5
              ],
              "lerp_mode": "catmullrom"
            },
            "1.1667": {
              "post": [
                0,
                0,
                2.5
              ],
              "lerp_mode": "catmullrom"
            },
            "1.25": {
              "post": [
                0,
                0,
                -3.75
              ],
              "lerp_mode": "catmullrom"
            },
            "1.3333": {
              "post": [
                0,
                -2.5,
                -3.33333
              ],
              "lerp_mode": "catmullrom"
            },
            "1.5": {
              "post": [
                0,
                0,
                -2.5
              ],
              "lerp_mode": "catmullrom"
            },
            "1.6667": {
              "post": [
                0,
                2.5,
                0
              ],
              "lerp_mode": "catmullrom"
            },
            "1.75": {
              "post": [
                -0.16347,
                1.86786,
                -3.75266
              ],
              "lerp_mode": "catmullrom"
            },
            "1.8333": {
              "post": [
                -0.10898,
                -1.25475,
                -0.83036
              ],
              "lerp_mode": "catmullrom"
            },
            "2.0": {
              "post": [
                0,
                0,
                5
              ],
              "lerp_mode": "catmullrom"
            }
          }
        }
      }
    },
    "animation.yg_skull_dismantler_toilet.looking": {
      "loop": true,
      "bones": {
        "Head": {
          "rotation": {
            "0.0": {
              "post": [
                "query.target_x_rotation-this",
                "query.target_y_rotation-this",
                0
              ],
              "lerp_mode": "catmullrom"
            }
          }
        }
      }
    },
    "animation.yg_skull_dismantler_toilet.move": {
      "loop": true,
      "animation_length": 2,
      "anim_time_update": "query.modified_distance_moved * 0.1",
      "bones": {
        "Neck": {
          "rotation": {
            "0.0": {
              "post": [
                9.99067,
                0.43399,
                -2.46207
              ],
              "lerp_mode": "catmullrom"
            },
            "1.0": {
              "post": [
                12.46271,
                -0.86717,
                4.92442
              ],
              "lerp_mode": "catmullrom"
            },
            "2.0": {
              "post": [
                9.99067,
                0.43399,
                -2.46207
              ],
              "lerp_mode": "catmullrom"
            }
          }
        },
        "Head": {
          "rotation": {
            "0.0": {
              "post": [
                -4.98107,
                0.43523,
                4.98107
              ],
              "lerp_mode": "catmullrom"
            },
            "1.0": {
              "post": [
                -7.45744,
                -0.65182,
                -7.47178
              ],
              "lerp_mode": "catmullrom"
            },
            "2.0": {
              "post": [
                -4.98107,
                0.43523,
                4.98107
              ],
              "lerp_mode": "catmullrom"
            }
          }
        }
      }
    },
    "animation.yg_skull_dismantler_toilet.attack": {
      "animation_length": 1,
      "bones": {
        "Neck": {
          "rotation": {
            "0.0": {
              "post": [
                0,
                0,
                0
              ],
              "lerp_mode": "catmullrom"
            },
            "0.1667": {
              "post": [
                -15,
                0,
                0
              ],
              "lerp_mode": "catmullrom"
            },
            "0.3333": {
              "post": [
                50,
                0,
                0
              ],
              "lerp_mode": "catmullrom"
            },
            "0.6667": {
              "post": [
                50,
                0,
                0
              ],
              "lerp_mode": "catmullrom"
            },
            "1.0": {
              "post": [
                0,
                0,
                0
              ],
              "lerp_mode": "catmullrom"
            }
          }
        },
        "Head": {
          "rotation": {
            "0.0": {
              "post": [
                0,
                0,
                0
              ],
              "lerp_mode": "catmullrom"
            },
            "0.1667": {
              "post": [
                25,
                0,
                0
              ],
              "lerp_mode": "catmullrom"
            },
            "0.3333": {
              "post": [
                -42.5,
                0,
                0
              ],
              "lerp_mode": "catmullrom"
            },
            "0.6667": {
              "post": [
                -42.5,
                0,
                0
              ],
              "lerp_mode": "catmullrom"
            },
            "1.0": {
              "post": [
                0,
                0,
                0
              ],
              "lerp_mode": "catmullrom"
            }
          }
        }
      }
    },
    "animation.yg_skull_dismantler_toilet.shoot": {
      "animation_length": 1.5,
      "bones": {
        "Neck": {
          "rotation": {
            "0.0": {
              "post": [
                0,
                0,
                0
              ],
              "lerp_mode": "catmullrom"
            },
            "0.1667": {
              "post": [
                -15,
                0,
                0
              ],
              "lerp_mode": "catmullrom"
            },
            "0.3333": {
              "post": [
                45,
                0,
                0
              ],
              "lerp_mode": "catmullrom"
            },
            "1.25": {
              "post": [
                45,
                0,
                0
              ],
              "lerp_mode": "catmullrom"
            },
            "1.5": {
              "post": [
                0,
                0,
                0
              ],
              "lerp_mode": "catmullrom"
            }
          }
        },
        "Head": {
          "rotation": {
            "0.0": {
              "post": [
                0,
                0,
                0
              ],
              "lerp_mode": "catmullrom"
            },
            "0.1667": {
              "post": [
                -32.5,
                0,
                0
              ],
              "lerp_mode": "catmullrom"
            },
            "0.3333": {
              "post": [
                -40,
                0,
                0
              ],
              "lerp_mode": "catmullrom"
            },
            "0.5": {
              "post": [
                -41.34198,
                13.31791,
                -11.45696
              ],
              "lerp_mode": "catmullrom"
            },
            "0.75": {
              "post": [
                -41.34198,
                -13.31791,
                11.45696
              ],
              "lerp_mode": "catmullrom"
            },
            "1.0": {
              "post": [
                -40.24258,
                5.73853,
                -4.83711
              ],
              "lerp_mode": "catmullrom"
            },
            "1.25": {
              "post": [
                -40.98084,
                -11.43563,
                9.77243
              ],
              "lerp_mode": "catmullrom"
            },
            "1.5": {
              "post": [
                0,
                0,
                0
              ],
              "lerp_mode": "catmullrom"
            }
          }
        },
        "Mouth": {
          "scale": {
            "0.0": {
              "post": [
                1,
                1,
                1
              ],
              "lerp_mode": "catmullrom"
            },
            "0.1667": {
              "post": [
                1.3,
                1,
                1
              ],
              "lerp_mode": "catmullrom"
            },
            "0.3333": {
              "post": [
                0.8,
                1.7,
                1
              ],
              "lerp_mode": "catmullrom"
            },
            "1.25": {
              "post": [
                0.8,
                1.7,
                1
              ],
              "lerp_mode": "catmullrom"
            },
            "1.5": {
              "post": [
                1,
                1,
                1
              ],
              "lerp_mode": "catmullrom"
            }
          }
        }
      }
    }
  }
}