{
	"format_version": "1.19.0",
	"minecraft:entity": {
		"description": {
			"identifier": "bb:flash_dynamite_projectile",
			"runtime_identifier": "minecraft:snowball",
			"is_spawnable": false,
			"is_summonable": true,
			"is_experimental": false,
			"animations": {
				"flash": "animation.flash"
			},
			"scripts": {
				"animate": [
					"flash"
				]
			}
		},
		"events": {
			"bb:explode": {
				"run_command": {
					"command": [
						"particle minecraft:huge_explosion_emitter ~ ~ ~",
						"playsound flash.tnt @a ~ ~ ~ 1 1 0",
						"effect @e[r=5] darkness 3 0 true",
						"effect @e[r=5] blindness 5 0 true",
						"camerashake add @a[r=5] 0.1 0.25 rotational",
						"kill @s"
					]
				}
			},
			"bb:flash": {
				"add": {
					"component_groups": [
						"bb:white"
					]
				}
			},
			"bb:flash_back": {
				"remove": {
					"component_groups": [
						"bb:white"
					]
				},
				"add": {
					"component_groups": [
						"bb:white_off"
					]
				}
			}
		},
		"component_groups": {
			"bb:white": {
				"minecraft:variant": {
					"value": 1
				}
			},
			"bb:white_off": {
				"minecraft:variant": {
					"value": 0
				}
			}
		},
		"components": {
			"minecraft:variant": {
				"value": 0
			},
			"minecraft:timer": {
				"time_down_event": {
					"event": "bb:explode"
				},
				"time": [
					3,
					3
				]
			},
			"minecraft:collision_box": {
				"width": 1,
				"height": 1
			},
			"minecraft:projectile": {
				"on_hit": {
					"definition_event": {
						"event_trigger": {
							"event": "bb:explode"
						}
					},
					"impact_damage": {
						"damage": [
							1,
							1
						],
						"knockback": true,
						"semi_random_diff_damage": false
					},
					"particle_on_hit": {
						"on_other_hit": true,
						"on_entity_hit": false,
						"num_particles": 1,
						"particle_type": "smoke"
					},
					"stick_in_ground": {},
					"hit_sound": "bow.hit",
					"should_bounce": true,
					"anchor": 1,
					"power": 6,
					"gravity": 0.05,
					"angle_offset": 0,
					"offset": [
						0,
						-0.1,
						0
					]
				}
			},
			"minecraft:scale": {
				"value": 1
			},
			"minecraft:physics": {},
			"minecraft:pushable": {
				"is_pushable": false,
				"is_pushable_by_piston": true
			},
			"minecraft:conditional_bandwidth_optimization": {
				"default_values": {
					"max_optimized_distance": 100,
					"max_dropped_ticks": 5,
					"use_motion_prediction_hints": true
				}
			}
		}
	}
}