{
	"format_version": "1.19.20",
	"minecraft:entity": {
		"description": {
			"identifier": "bb:insta_chase_dynamite",
			"is_spawnable": false,
			"is_summonable": true,
			"is_experimental": false,
			"animations": {
				"flash": "animation.flash"
			},
			"scripts": {
				"animate": [
					"flash"
				]
			}
		},
		"events": {
			"bb:flash": {
				"add": {
					"component_groups": [
						"bb:white"
					]
				}
			},
			"bb:flash_back": {
				"remove": {
					"component_groups": [
						"bb:white"
					]
				},
				"add": {
					"component_groups": [
						"bb:white_off"
					]
				}
			}
		},
		"component_groups": {
			"bb:white": {
				"minecraft:variant": {
					"value": 1
				}
			},
			"bb:white_off": {
				"minecraft:variant": {
					"value": 0
				}
			}
		},
		"components": {
			"minecraft:variant": {
				"value": 0
			},
			"minecraft:movement": {
				"value": 0.25
			},
			"minecraft:attack": {
				"damage": 0
			},
			"minecraft:navigation.walk": {
				"can_path_over_water": true,
				"can_walk": true
			},
			"minecraft:movement.basic": {},
			"minecraft:jump.static": {},
			"minecraft:can_climb": {},
			"minecraft:behavior.float": {
				"priority": 0
			},
			"minecraft:behavior.melee_attack": {
				"priority": 4,
				"speed_multiplier": 1.25,
				"track_target": false,
				"reach_multiplier": 0
			},
			"minecraft:behavior.look_at_player": {
				"priority": 6,
				"look_distance": 8
			},
			"minecraft:behavior.hurt_by_target": {
				"priority": 2
			},
			"minecraft:follow_range": {
				"value": 12
			},
			"minecraft:behavior.nearest_attackable_target": {
				"priority": 1,
				"must_see": true,
				"must_see_forget_duration": 3,
				"entity_types": [
					{
						"filters": {
							"test": "is_family",
							"subject": "other",
							"value": "player"
						},
						"max_dist": 16
					}
				]
			},
			"minecraft:explode": {
				"fuse_length": 4,
				"fuse_lit": true,
				"power": 2
			},
			"minecraft:health": {
				"value": 1000000
			},
			"minecraft:collision_box": {
				"width": 0.98,
				"height": 0.98
			},
			"minecraft:physics": {},
			"minecraft:pushable": {
				"is_pushable": true,
				"is_pushable_by_piston": true
			},
			"minecraft:conditional_bandwidth_optimization": {}
		}
	}
}