{
	"format_version": "1.19.0",
	"minecraft:entity": {
		"description": {
			"identifier": "bb:insta_blow_dynamite",
			"is_spawnable": false,
			"is_summonable": true,
			"is_experimental": false
		},
		"component_groups": {},
		"components": {
			"minecraft:scale": {
				"value": 0
			},
			"minecraft:attack": {
				"damage": 0
			},
			"minecraft:movement": {
				"value": 0.3
			},
			"minecraft:navigation.walk": {
				"can_path_over_water": true,
				"can_walk": true
			},
			"minecraft:movement.basic": {},
			"minecraft:jump.static": {},
			"minecraft:can_climb": {},
			"minecraft:behavior.float": {
				"priority": 0
			},
			"minecraft:behavior.melee_attack": {
				"priority": 4,
				"speed_multiplier": 1.25,
				"track_target": false,
				"reach_multiplier": 0
			},
			"minecraft:behavior.look_at_player": {
				"priority": 6,
				"look_distance": 8
			},
			"minecraft:behavior.hurt_by_target": {
				"priority": 2
			},
			"minecraft:follow_range": {
				"value": 20
			},
			"minecraft:behavior.nearest_attackable_target": {
				"priority": 1,
				"must_see": true,
				"must_see_forget_duration": 3,
				"entity_types": [
					{
						"filters": {
							"test": "is_family",
							"subject": "other",
							"value": "player"
						},
						"max_dist": 16
					}
				]
			},
			"minecraft:health": {
				"value": 1000000
			},
			"minecraft:behavior.knockback_roar": {
				"attack_time": 0.1,
				"cooldown_time": 0,
				"duration": 0.1,
				"knockback_damage": 1,
				"knockback_range": 4,
				"knockback_height_cap": 1000000,
				"knockback_horizontal_strength": 3,
				"knockback_vertical_strength": 2,
				"priority": 1,
				"on_roar_end": {
					"event": "bb:kill"
				}
			}
		},
		"events": {
			"bb:kill": {
				"run_command": {
					"command": [
						"tp @s ~ ~-500 ~",
						"kill @s"
					]
				}
			}
		}
	}
}