{
	"format_version": "1.19.0",
	"minecraft:entity": {
		"description": {
			"identifier": "bb:noise_dynamite_projectile",
			"runtime_identifier": "minecraft:snowball",
			"is_spawnable": false,
			"is_summonable": true,
			"is_experimental": false,
			"animations": {
				"flash": "animation.flash"
			},
			"scripts": {
				"animate": [
					"flash"
				]
			}
		},
		"events": {
			"bb:explode": {
				"sequence": [
					{
						"run_command": {
							"command": [
								"particle bb:notes ~ ~0.5 ~"
							]
						}
					},
					{
						"randomize": [
							{
								"run_command": {
									"command": [
										"playsound mob.ghast.affectionate_scream @a ~ ~ ~ 1 1 0",
										"playsound mob.ghast.charge @a ~ ~ ~ 1 1 0",
										"playsound mob.ghast.death @a ~ ~ ~ 1 1 0",
										"playsound mob.ghast.fireball @a ~ ~ ~ 1 1 0",
										"playsound mob.ghast.moan @a ~ ~ ~ 1 1 0",
										"playsound mob.ghast.scream @a ~ ~ ~ 1 1 0",
										"playsound mob.endermen.death @a ~ ~ ~ 1 1 0",
										"playsound mob.endermen.hit @a ~ ~ ~ 1 1 0",
										"playsound mob.endermen.idle @a ~ ~ ~ 1 1 0",
										"playsound mob.endermen.portal @a ~ ~ ~ 1 1 0",
										"playsound mob.endermen.scream @a ~ ~ ~ 1 1 0",
										"playsound mob.endermen.stare @a ~ ~ ~ 1 1 0",
										"playsound mob.vex.ambient @a ~ ~ ~ 1 1 0",
										"playsound mob.vex.charge @a ~ ~ ~ 1 1 0",
										"playsound mob.vex.death @a ~ ~ ~ 1 1 0",
										"playsound mob.vex.hurt @a ~ ~ ~ 1 1 0",
										"playsound mob.enderdragon.death @a ~ ~ ~ 1 1 0",
										"playsound mob.enderdragon.flap @a ~ ~ ~ 1 1 0",
										"playsound mob.enderdragon.growl @a ~ ~ ~ 1 1 0",
										"playsound mob.enderdragon.hit @a ~ ~ ~ 1 1 0"
									]
								}
							},
							{
								"run_command": {
									"command": [
										"playsound armor.equip_chain @a ~ ~ ~ 1 1 0",
										"playsound armor.equip_leather @a ~ ~ ~ 1 1 0",
										"playsound armor.equip_gold @a ~ ~ ~ 1 1 0",
										"playsound armor.equip_diamond @a ~ ~ ~ 1 1 0",
										"playsound armor.equip_iron @a ~ ~ ~ 1 1 0",
										"playsound armor.equip_generic @a ~ ~ ~ 1 1 0",
										"playsound mob.horse.armor @a ~ ~ ~ 1 1 0",
										"playsound hit.anvil @a ~ ~ ~ 1 1 0",
										"playsound random.anvil_break @a ~ ~ ~ 1 1 0",
										"playsound random.anvil_land @a ~ ~ ~ 1 1 0",
										"playsound random.anvil_use @a ~ ~ ~ 1 1 0",
										"playsound random.bow @a ~ ~ ~ 1 1 0",
										"playsound random.bowhit @a ~ ~ ~ 1 1 0",
										"playsound crossbow.shoot @a ~ ~ ~ 1 1 0",
										"playsound crossbow.loading.start @a ~ ~ ~ 1 1 0",
										"playsound crossbow.loading.middle @a ~ ~ ~ 1 1 0",
										"playsound crossbow.loading.end @a ~ ~ ~ 1 1 0",
										"playsound crossbow.quick_charge.start @a ~ ~ ~ 1 1 0",
										"playsound crossbow.quick_charge.middle @a ~ ~ ~ 1 1 0",
										"playsound crossbow.quick_charge.end @a ~ ~ ~ 1 1 0"
									]
								}
							},
							{
								"run_command": {
									"command": [
										"playsound random.chestopen @a ~ ~ ~ 1 1 0",
										"playsound random.chestclosed @a ~ ~ ~ 1 1 0",
										"playsound block.furnace.lit @a ~ ~ ~ 1 1 0",
										"playsound random.door_close @a ~ ~ ~ 1 1 0",
										"playsound random.door_open @a ~ ~ ~ 1 1 0",
										"playsound block.itemframe.add_item @a ~ ~ ~ 1 1 0",
										"playsound block.itemframe.break @a ~ ~ ~ 1 1 0",
										"playsound block.itemframe.place @a ~ ~ ~ 1 1 0",
										"playsound block.itemframe.remove_item @a ~ ~ ~ 1 1 0",
										"playsound block.itemframe.rotate_item @a ~ ~ ~ 1 1 0",
										"playsound block.cartography_table.use @a ~ ~ ~ 1 1 0",
										"playsound ui.cartography_table.take_result @a ~ ~ ~ 1 1 0",
										"playsound block.loom.use @a ~ ~ ~ 1 1 0",
										"playsound ui.loom.select_pattern @a ~ ~ ~ 1 1 0",
										"playsound ui.loom.take_result @a ~ ~ ~ 1 1 0",
										"playsound block.grindstone.use @a ~ ~ ~ 1 1 0",
										"playsound note.bass @a ~ ~ ~ 1 1 0",
										"playsound note.bassattack @a ~ ~ ~ 1 1 0",
										"playsound note.snare @a ~ ~ ~ 1 1 0",
										"playsound tile.piston.in @a ~ ~ ~ 1 1 0",
										"playsound tile.piston.out @a ~ ~ ~ 1 1 0"
									]
								}
							}
						]
					},
					{
						"run_command": {
							"command": [
								"kill @s"
							]
						}
					}
				]
			},
			"bb:flash": {
				"add": {
					"component_groups": [
						"bb:white"
					]
				}
			},
			"bb:flash_back": {
				"remove": {
					"component_groups": [
						"bb:white"
					]
				},
				"add": {
					"component_groups": [
						"bb:white_off"
					]
				}
			}
		},
		"component_groups": {
			"bb:white": {
				"minecraft:variant": {
					"value": 1
				}
			},
			"bb:white_off": {
				"minecraft:variant": {
					"value": 0
				}
			}
		},
		"components": {
			"minecraft:variant": {
				"value": 0
			},
			"minecraft:timer": {
				"time_down_event": {
					"event": "bb:explode"
				},
				"time": [
					3,
					3
				]
			},
			"minecraft:collision_box": {
				"width": 1,
				"height": 1
			},
			"minecraft:projectile": {
				"on_hit": {
					"definition_event": {
						"event_trigger": {
							"event": "bb:explode"
						}
					},
					"impact_damage": {
						"damage": [
							1,
							1
						],
						"knockback": true,
						"semi_random_diff_damage": false
					},
					"particle_on_hit": {
						"on_other_hit": true,
						"on_entity_hit": false,
						"num_particles": 1,
						"particle_type": "smoke"
					},
					"stick_in_ground": {},
					"hit_sound": "bow.hit",
					"should_bounce": true,
					"anchor": 1,
					"power": 6,
					"gravity": 0.05,
					"angle_offset": 0,
					"offset": [
						0,
						-0.1,
						0
					]
				}
			},
			"minecraft:scale": {
				"value": 1
			},
			"minecraft:physics": {},
			"minecraft:pushable": {
				"is_pushable": false,
				"is_pushable_by_piston": true
			},
			"minecraft:conditional_bandwidth_optimization": {
				"default_values": {
					"max_optimized_distance": 100,
					"max_dropped_ticks": 5,
					"use_motion_prediction_hints": true
				}
			}
		}
	}
}