{
	"format_version": "1.10.0",
	"particle_effect": {
		"description": {
			"identifier": "j:kango_aneitei",
			"basic_render_parameters": {
				"material": "particles_blend",
				"texture": "textures/particle/ryoiki_tenkai/kango_aneitei"
			}
		},
		"components": {
			"minecraft:emitter_rate_instant": {
				"num_particles": 1
			},
			"minecraft:emitter_lifetime_once": {
				"active_time": 1
			},
			"minecraft:emitter_shape_point": {},
			"minecraft:particle_lifetime_expression": {
				"max_lifetime": 1
			},
			"minecraft:particle_initial_speed": 0,
			"minecraft:particle_motion_dynamic": {},
			"minecraft:particle_appearance_billboard": {
				"size": ["0.6+v.particle_age/4", "0.6+v.particle_age/4"],
				"facing_camera_mode": "rotate_xyz",
				"uv": {
					"texture_width": 1,
					"texture_height": 1,
					"uv": [0, 0],
					"uv_size": [1, 1]
				}
			},
			"minecraft:particle_appearance_tinting": {
				"color": [1, 1, 1, "1-v.particle_age"]
			}
		}
	}
}