{
  "format_version": "1.12",
  "minecraft:recipe_shaped": {
    "description": {
      "identifier": "x500_tnt_survival_74b14fa1"
    },
    "tags": [
      "crafting_table"
    ],
    "pattern": [
      "AAA",
      "ABA",
      "AAA"
    ],
    "key": {
      "A": {
        "item": "minecraft:gunpowder",
        "data": 0
      },
      "B": {
        "item": "destructive:x100_tnt_survival",
        "data": 0
      }
    },
    "result": {
      "item": "destructive:x500_tnt_survival",
      "count": 1
    }
  }
}