{
  "pools": [
    {
      "rolls": {
        "min": 2,
        "max": 3
      },
      "entries": [
        {
          "type": "item",
          "name": "minecraft:emerald",
          "weight": 5,
          "functions": [
            {
              "function": "set_count",
              "count": {
                "min": 1,
                "max": 2
              }
            }
          ]
        },
        {
          "type": "item",
          "name": "minecraft:potion",
          "weight": 4,
          "functions": [
            {
              "function": "set_data",
              "data": {
                "min": 1,
                "max": 41
              }
            }
          ]
        }
      ]
    },
    {
      "rolls": 1,
      "entries": [
        {
          "type": "item",
          "weight": 1,
          "name": "rai_weapon:megumi_sword"
        },
        {
          "type": "item",
          "weight": 1,
          "name": "rai_weapon:megumi_sword2"
        },
        {
          "type": "item",
          "weight": 1,
          "name": "rai_weapon:tonfa",
          "functions": [
            {
              "function": "set_count",
              "count": 2
            }
          ]
        },
        {
          "type": "item",
          "weight": 1,
          "name": "rai_weapon:tozama"
        },
        {
          "type": "item",
          "weight": 1,
          "name": "rai_weapon:daito"
        },
        {
          "type": "item",
          "name": "minecraft:book",
          "weight": 2,
          "functions": [
            {
              "function": "enchant_with_levels",
              "levels": 10,
              "treasure": true
            }
          ]
        }
      ]
    }
  ]
}