{"format_version":"1.8.0","animations":{"animation.yg_big_speaker_man.general":{"loop":true,"animation_length":2,"bones":{"Head":{"rotation":{"0.0":{"post":[0,0,0],"lerp_mode":"catmullrom"},"1.0":{"post":[-2.49762,0.10901,2.49762],"lerp_mode":"catmullrom"},"2.0":{"post":[0,0,0],"lerp_mode":"catmullrom"}}},"Body":{"rotation":{"0.0":{"post":[0,0,0],"lerp_mode":"catmullrom"},"1.0":{"post":[2.5,0,0],"lerp_mode":"catmullrom"},"2.0":{"post":[0,0,0],"lerp_mode":"catmullrom"}}},"Rightarm":{"rotation":{"0.0":{"post":[0,0,2.5],"lerp_mode":"catmullrom"},"1.0":{"post":[-2.48942,0,2.48941],"lerp_mode":"catmullrom"},"2.0":{"post":[0,0,2.5],"lerp_mode":"catmullrom"}}},"bone":{"rotation":{"0.0":{"post":[-5,0,0],"lerp_mode":"catmullrom"},"1.0":{"post":[-10,0,0],"lerp_mode":"catmullrom"},"2.0":{"post":[-5,0,0],"lerp_mode":"catmullrom"}}},"Leftarm":{"rotation":{"0.0":{"post":[0,0,-2.5],"lerp_mode":"catmullrom"},"1.0":{"post":[-2.48942,0,-2.48941],"lerp_mode":"catmullrom"},"2.0":{"post":[0,0,-2.5],"lerp_mode":"catmullrom"}}},"bone3":{"rotation":{"0.0":{"post":[-5,0,0],"lerp_mode":"catmullrom"},"1.0":{"post":[-10,0,0],"lerp_mode":"catmullrom"},"2.0":{"post":[-5,0,0],"lerp_mode":"catmullrom"}}}}},"animation.yg_big_speaker_man.looking":{"loop":true,"bones":{"Head":{"rotation":{"0.0":{"post":["query.target_x_rotation-this","query.target_y_rotation-this",0],"lerp_mode":"catmullrom"}}}}},"animation.yg_big_speaker_man.move":{"loop":true,"animation_length":1,"anim_time_update":"query.modified_distance_moved * 0.1","bones":{"Rightarm":{"rotation":{"0.0":{"post":[2.49762,-0.10901,2.49762],"lerp_mode":"catmullrom"},"0.5":{"post":[-4.99527,0.21782,2.4905],"lerp_mode":"catmullrom"},"1.0":{"post":[2.49762,-0.10901,2.49762],"lerp_mode":"catmullrom"}}},"bone":{"rotation":{"0.0":{"post":[0,0,0],"lerp_mode":"catmullrom"},"0.5":{"post":[-10,0,0],"lerp_mode":"catmullrom"},"1.0":{"post":[0,0,0],"lerp_mode":"catmullrom"}}},"Rightleg":{"rotation":{"0.0":{"post":[-12.5,0,0],"lerp_mode":"catmullrom"},"0.5":{"post":[7.5,0,0],"lerp_mode":"catmullrom"},"1.0":{"post":[-12.5,0,0],"lerp_mode":"catmullrom"}}},"bone2":{"rotation":{"0.0":{"post":[17.5,0,0],"lerp_mode":"catmullrom"},"0.5":{"post":[12.5,0,0],"lerp_mode":"catmullrom"},"0.75":{"post":[2.1875,0,0],"lerp_mode":"catmullrom"},"1.0":{"post":[17.5,0,0],"lerp_mode":"catmullrom"}}},"Root":{"position":{"0.0":{"post":[0,-1,0],"lerp_mode":"catmullrom"},"0.25":{"post":[0,0,0],"lerp_mode":"catmullrom"},"0.5":{"post":[0,-1,0],"lerp_mode":"catmullrom"},"0.75":{"post":[0,0,0],"lerp_mode":"catmullrom"},"1.0":{"post":[0,-1,0],"lerp_mode":"catmullrom"}}},"Leftarm":{"rotation":{"0.0":{"post":[-4.99527,-0.21782,-2.4905],"lerp_mode":"catmullrom"},"0.5":{"post":[2.49762,0.10901,-2.49762],"lerp_mode":"catmullrom"},"1.0":{"post":[-4.99527,-0.21782,-2.4905],"lerp_mode":"catmullrom"}}},"bone3":{"rotation":{"0.0":{"post":[-10,0,0],"lerp_mode":"catmullrom"},"0.5":{"post":[0,0,0],"lerp_mode":"catmullrom"},"1.0":{"post":[-10,0,0],"lerp_mode":"catmullrom"}}},"Leftleg":{"rotation":{"0.0":{"post":[7.5,0,0],"lerp_mode":"catmullrom"},"0.5":{"post":[-12.5,0,0],"lerp_mode":"catmullrom"},"1.0":{"post":[7.5,0,0],"lerp_mode":"catmullrom"}}},"bone4":{"rotation":{"0.0":{"post":[12.5,0,0],"lerp_mode":"catmullrom"},"0.25":{"post":[2.1875,0,0],"lerp_mode":"catmullrom"},"0.5":{"post":[17.5,0,0],"lerp_mode":"catmullrom"},"1.0":{"post":[12.5,0,0],"lerp_mode":"catmullrom"}}}}},"animation.yg_big_speaker_man.attack":{"animation_length":1,"bones":{"Body":{"rotation":{"0.0":{"post":[0,0,0],"lerp_mode":"catmullrom"},"0.1667":{"post":[0,17.5,0],"lerp_mode":"catmullrom"},"0.3333":{"post":[5,-12.5,0],"lerp_mode":"catmullrom"},"0.6667":{"post":[5.11814,-17.48055,-0.4563],"lerp_mode":"catmullrom"},"1.0":{"post":[0,0,0],"lerp_mode":"catmullrom"}}},"Head":{"rotation":{"0.0":{"post":[0,0,0],"lerp_mode":"catmullrom"},"0.1667":{"post":[0,-15,0],"lerp_mode":"catmullrom"},"0.3333":{"post":[0,10,0],"lerp_mode":"catmullrom"},"0.6667":{"post":[0,17.5,0],"lerp_mode":"catmullrom"},"1.0":{"post":[0,0,0],"lerp_mode":"catmullrom"}}},"Rightarm":{"rotation":{"0.0":{"post":[0,0,0],"lerp_mode":"catmullrom"},"0.1667":{"post":[47.5,0,22.5],"lerp_mode":"catmullrom"},"0.3333":{"post":[-26.28114,-20.92946,16.35095],"lerp_mode":"catmullrom"},"0.6667":{"post":[-50.02769,-30.78686,7.7897],"lerp_mode":"catmullrom"},"1.0":{"post":[0,0,0],"lerp_mode":"catmullrom"}}},"bone":{"rotation":{"0.0":{"post":[0,0,0],"lerp_mode":"catmullrom"},"0.1667":{"post":[-65,0,0],"lerp_mode":"catmullrom"},"0.3333":{"post":[-72.5,0,0],"lerp_mode":"catmullrom"},"0.6667":{"post":[-79.19476,-22.13991,-4.11405],"lerp_mode":"catmullrom"},"1.0":{"post":[0,0,0],"lerp_mode":"catmullrom"}}},"Leftarm":{"rotation":{"0.0":{"post":[0,0,0],"lerp_mode":"catmullrom"},"0.1667":{"post":[7.5,0,-10],"lerp_mode":"catmullrom"},"0.3333":{"post":[14.99294,0.32621,-12.47864],"lerp_mode":"catmullrom"},"0.6667":{"post":[22.49294,0.32621,-12.47864],"lerp_mode":"catmullrom"},"1.0":{"post":[0,0,0],"lerp_mode":"catmullrom"}}},"bone3":{"rotation":{"0.0":{"post":[0,0,0],"lerp_mode":"catmullrom"},"0.1667":{"post":[-27.5,0,0],"lerp_mode":"catmullrom"},"0.3333":{"post":[-42.5,0,0],"lerp_mode":"catmullrom"},"0.6667":{"post":[-30,0,0],"lerp_mode":"catmullrom"},"1.0":{"post":[0,0,0],"lerp_mode":"catmullrom"}}}}},"animation.yg_big_speaker_man.attack2":{"animation_length":1,"bones":{"Body":{"rotation":{"0.0":{"post":[0,0,0],"lerp_mode":"catmullrom"},"0.1667":{"post":[7.5,-27.5,0],"lerp_mode":"catmullrom"},"0.3333":{"post":[6.18576,17.46415,2.94216],"lerp_mode":"catmullrom"},"0.6667":{"post":[6.64835,27.40189,4.1498],"lerp_mode":"catmullrom"},"1.0":{"post":[0,0,0],"lerp_mode":"catmullrom"}}},"Head":{"rotation":{"0.0":{"post":[0,0,0],"lerp_mode":"catmullrom"},"0.1667":{"post":[-7.5,25,0],"lerp_mode":"catmullrom"},"0.3333":{"post":[-2.56062,-12.48791,0.55404],"lerp_mode":"catmullrom"},"0.6667":{"post":[-5.20569,-22.47741,1.03509],"lerp_mode":"catmullrom"},"1.0":{"post":[0,0,0],"lerp_mode":"catmullrom"}}},"Rightarm":{"rotation":{"0.0":{"post":[0,0,0],"lerp_mode":"catmullrom"},"0.1667":{"post":[0,0,17.5],"lerp_mode":"catmullrom"},"0.3333":{"post":[24.25425,-2.01678,20.55396],"lerp_mode":"catmullrom"},"0.6667":{"post":[24.24768,2.09925,11.43836],"lerp_mode":"catmullrom"},"1.0":{"post":[0,0,0],"lerp_mode":"catmullrom"}}},"bone":{"rotation":{"0.0":{"post":[0,0,0],"lerp_mode":"catmullrom"},"0.1667":{"post":[-52.5,0,0],"lerp_mode":"catmullrom"},"0.3333":{"post":[-25,0,0],"lerp_mode":"catmullrom"},"0.6667":{"post":[-37.5,0,0],"lerp_mode":"catmullrom"},"1.0":{"post":[0,0,0],"lerp_mode":"catmullrom"}}},"Leftarm":{"rotation":{"0.0":{"post":[0,0,0],"lerp_mode":"catmullrom"},"0.1667":{"post":[61.67841,13.27207,-7.05309],"lerp_mode":"catmullrom"},"0.3333":{"post":[-37.95162,17.03344,5.79288],"lerp_mode":"catmullrom"},"0.6667":{"post":[-40.49436,7.5134,-6.08662],"lerp_mode":"catmullrom"},"1.0":{"post":[0,0,0],"lerp_mode":"catmullrom"}}},"bone3":{"rotation":{"0.0":{"post":[0,0,0],"lerp_mode":"catmullrom"},"0.1667":{"post":[-92.5,0,0],"lerp_mode":"catmullrom"},"0.3333":{"post":[-49.56754,7.64427,6.46635],"lerp_mode":"catmullrom"},"0.6667":{"post":[-47.75318,17.04679,14.9092],"lerp_mode":"catmullrom"},"1.0":{"post":[0,0,0],"lerp_mode":"catmullrom"}}}}},"animation.yg_big_speaker_man.attack3":{"animation_length":1,"bones":{"Body":{"rotation":{"0.0":{"post":[0,0,0],"lerp_mode":"catmullrom"},"0.1667":{"post":[-12.68664,9.76061,-2.18558],"lerp_mode":"catmullrom"},"0.3333":{"post":[47.60879,-3.37562,-3.69066],"lerp_mode":"catmullrom"},"0.6667":{"post":[50,0,0],"lerp_mode":"catmullrom"},"1.0":{"post":[0,0,0],"lerp_mode":"catmullrom"}}},"Head":{"rotation":{"0.0":{"post":[0,0,0],"lerp_mode":"catmullrom"},"0.1667":{"post":[-27.5,0,0],"lerp_mode":"catmullrom"},"0.3333":{"post":[10,0,0],"lerp_mode":"catmullrom"},"0.6667":{"post":[-15,0,0],"lerp_mode":"catmullrom"},"1.0":{"post":[0,0,0],"lerp_mode":"catmullrom"}}},"Rightarm":{"rotation":{"0.0":{"post":[0,0,0],"lerp_mode":"catmullrom"},"0.1667":{"post":[-117.5,0,0],"lerp_mode":"catmullrom"},"0.3333":{"post":[20.94102,-8.42106,20.94102],"lerp_mode":"catmullrom"},"0.6667":{"post":[22.01816,-4.75113,11.57518],"lerp_mode":"catmullrom"},"1.0":{"post":[0,0,0],"lerp_mode":"catmullrom"}}},"bone":{"rotation":{"0.0":{"post":[0,0,0],"lerp_mode":"catmullrom"},"0.1667":{"post":[-117.5,0,0],"lerp_mode":"catmullrom"},"0.3333":{"post":[-52.5,0,0],"lerp_mode":"catmullrom"},"0.6667":{"post":[-90,0,0],"lerp_mode":"catmullrom"},"1.0":{"post":[0,0,0],"lerp_mode":"catmullrom"}}},"Leftarm":{"rotation":{"0.0":{"post":[0,0,0],"lerp_mode":"catmullrom"},"0.1667":{"post":[-117.5,0,0],"lerp_mode":"catmullrom"},"0.3333":{"post":[21.26765,7.52076,-18.58597],"lerp_mode":"catmullrom"},"0.6667":{"post":[22.42287,1.91134,-4.62111],"lerp_mode":"catmullrom"},"1.0":{"post":[0,0,0],"lerp_mode":"catmullrom"}}},"bone3":{"rotation":{"0.0":{"post":[0,0,0],"lerp_mode":"catmullrom"},"0.1667":{"post":[-117.5,0,0],"lerp_mode":"catmullrom"},"0.3333":{"post":[-52.5,0,0],"lerp_mode":"catmullrom"},"0.6667":{"post":[-90,0,0],"lerp_mode":"catmullrom"},"1.0":{"post":[0,0,0],"lerp_mode":"catmullrom"}}}}},"animation.yg_big_speaker_man.roar":{"animation_length":1.5,"bones":{"Body":{"rotation":{"0.0":{"post":[0,0,0],"lerp_mode":"catmullrom"},"0.25":{"post":[-7.5,0,0],"lerp_mode":"catmullrom"},"0.5":{"post":[15,0,0],"lerp_mode":"catmullrom"},"1.25":{"post":[15,0,0],"lerp_mode":"catmullrom"},"1.5":{"post":[0,0,0],"lerp_mode":"catmullrom"}}},"Head":{"rotation":{"0.0":{"post":[0,0,0],"lerp_mode":"catmullrom"},"0.25":{"post":[10,0,0],"lerp_mode":"catmullrom"},"0.5":{"post":[-15,0,0],"lerp_mode":"catmullrom"},"1.25":{"post":[-15,0,0],"lerp_mode":"catmullrom"},"1.5":{"post":[0,0,0],"lerp_mode":"catmullrom"}}},"Rightarm":{"rotation":{"0.0":{"post":[0,0,0],"lerp_mode":"catmullrom"},"0.25":{"post":[-37.5,0,12.5],"lerp_mode":"catmullrom"},"0.5":{"post":[15,0,15],"lerp_mode":"catmullrom"},"1.25":{"post":[15,0,15],"lerp_mode":"catmullrom"},"1.5":{"post":[0,0,0],"lerp_mode":"catmullrom"}}},"bone":{"rotation":{"0.0":{"post":[0,0,0],"lerp_mode":"catmullrom"},"0.25":{"post":[0,0,0],"lerp_mode":"catmullrom"},"0.5":{"post":[-32.5,0,0],"lerp_mode":"catmullrom"},"1.25":{"post":[-32.5,0,0],"lerp_mode":"catmullrom"},"1.5":{"post":[0,0,0],"lerp_mode":"catmullrom"}}},"Leftarm":{"rotation":{"0.0":{"post":[0,0,0],"lerp_mode":"catmullrom"},"0.25":{"post":[-27.5,0,-10],"lerp_mode":"catmullrom"},"0.5":{"post":[20,0,-17.5],"lerp_mode":"catmullrom"},"1.25":{"post":[20,0,-17.5],"lerp_mode":"catmullrom"},"1.5":{"post":[0,0,0],"lerp_mode":"catmullrom"}}},"bone3":{"rotation":{"0.0":{"post":[0,0,0],"lerp_mode":"catmullrom"},"0.25":{"post":[0,0,0],"lerp_mode":"catmullrom"},"0.5":{"post":[-32.5,0,0],"lerp_mode":"catmullrom"},"1.25":{"post":[-32.5,0,0],"lerp_mode":"catmullrom"},"1.5":{"post":[0,0,0],"lerp_mode":"catmullrom"}}}}}}}