{"format_version":"1.8.0","animations":{"animation.yg_infected_speaker_man.general":{"loop":true,"animation_length":2,"bones":{"Body":{"rotation":{"0.0":{"post":[0,0,0],"lerp_mode":"catmullrom"},"1.0":{"post":[2.5,0,0],"lerp_mode":"catmullrom"},"1.5":{"post":[2.5,0,0],"lerp_mode":"catmullrom"},"2.0":{"post":[0,0,0],"lerp_mode":"catmullrom"}}},"Head":{"rotation":{"0.0":{"post":[0,0,-7.5],"lerp_mode":"catmullrom"},"0.0417":{"post":[0,0,12.5],"lerp_mode":"catmullrom"},"0.0833":{"post":[0,0,-15],"lerp_mode":"catmullrom"},"1.0":{"post":[0,0,0],"lerp_mode":"catmullrom"},"1.0417":{"post":[0,0,-7.5],"lerp_mode":"catmullrom"},"1.0833":{"post":[0,0,2.5],"lerp_mode":"catmullrom"},"1.125":{"post":[0,0,-7.5],"lerp_mode":"catmullrom"},"1.1667":{"post":[0,0,5],"lerp_mode":"catmullrom"},"1.875":{"post":[0,0,4.14108],"lerp_mode":"catmullrom"},"1.9167":{"post":[0,0,-9.14474],"lerp_mode":"catmullrom"},"1.9583":{"post":[0,0,0.625],"lerp_mode":"catmullrom"},"2.0":{"post":[0,0,-7.5],"lerp_mode":"catmullrom"}}},"Rightarm":{"rotation":{"0.0":{"post":[7.38733,-1.29876,9.91615],"lerp_mode":"catmullrom"},"1.0":{"post":[9.82227,-1.7267,12.38012],"lerp_mode":"catmullrom"},"2.0":{"post":[7.38733,-1.29876,9.91615],"lerp_mode":"catmullrom"}}},"bone":{"rotation":{"0.0":{"post":[-22.5,0,0],"lerp_mode":"catmullrom"},"1.0":{"post":[-17.5,0,0],"lerp_mode":"catmullrom"},"2.0":{"post":[-22.5,0,0],"lerp_mode":"catmullrom"}}},"Leftarm":{"rotation":{"0.0":{"post":[7.43656,0.9762,-7.43656],"lerp_mode":"catmullrom"},"1.0":{"post":[9.88533,1.40656,-9.89978],"lerp_mode":"catmullrom"},"2.0":{"post":[7.43656,0.9762,-7.43656],"lerp_mode":"catmullrom"}}},"bone3":{"rotation":{"0.0":{"post":[-22.5,0,0],"lerp_mode":"catmullrom"},"1.0":{"post":[-15,0,0],"lerp_mode":"catmullrom"},"2.0":{"post":[-22.5,0,0],"lerp_mode":"catmullrom"}}}},"particle_effects":{"0.0":{"effect":"infection","locator":"infection"}}},"animation.yg_infected_speaker_man.looking":{"loop":true,"bones":{"Head":{"rotation":{"0.0":{"post":["query.target_x_rotation-this","query.target_y_rotation-this",0],"lerp_mode":"catmullrom"}}}}},"animation.yg_infected_speaker_man.move":{"loop":true,"animation_length":1,"anim_time_update":"query.modified_distance_moved * 0.1","bones":{"Root":{"position":{"0.0":{"post":[0,-1,0],"lerp_mode":"catmullrom"},"0.25":{"post":[0,0,0],"lerp_mode":"catmullrom"},"0.5":{"post":[0,-1,0],"lerp_mode":"catmullrom"},"0.75":{"post":[0,0,0],"lerp_mode":"catmullrom"},"1.0":{"post":[0,-1,0],"lerp_mode":"catmullrom"}}},"Body":{"rotation":{"0.0":{"post":[2.5,12.5,0],"lerp_mode":"catmullrom"},"0.5":{"post":[5,-7.5,0],"lerp_mode":"catmullrom"},"1.0":{"post":[2.5,12.5,0],"lerp_mode":"catmullrom"}}},"Rightarm":{"rotation":{"0.0":{"post":[9.85108,-1.72794,9.85108],"lerp_mode":"catmullrom"},"0.5":{"post":[-7.51062,1.02617,10.43935],"lerp_mode":"catmullrom"},"1.0":{"post":[9.85108,-1.72794,9.85108],"lerp_mode":"catmullrom"}}},"bone":{"rotation":{"0.0":{"post":[-17.5,0,0],"lerp_mode":"catmullrom"},"0.5":{"post":[-17.5,0,0],"lerp_mode":"catmullrom"},"1.0":{"post":[-17.5,0,0],"lerp_mode":"catmullrom"}}},"Leftarm":{"rotation":{"0.0":{"post":[-7.33473,-1.91786,-11.87036],"lerp_mode":"catmullrom"},"0.5":{"post":[9.54589,2.99318,-17.25002],"lerp_mode":"catmullrom"},"1.0":{"post":[-7.33473,-1.91786,-11.87036],"lerp_mode":"catmullrom"}}},"bone3":{"rotation":{"0.0":{"post":[-17.5,0,0],"lerp_mode":"catmullrom"},"0.5":{"post":[-17.5,0,0],"lerp_mode":"catmullrom"},"1.0":{"post":[-17.5,0,0],"lerp_mode":"catmullrom"}}},"Rightleg":{"rotation":{"0.0":{"post":[-25,0,0],"lerp_mode":"catmullrom"},"0.5":{"post":[12.5,0,0],"lerp_mode":"catmullrom"},"1.0":{"post":[-25,0,0],"lerp_mode":"catmullrom"}},"position":{"0.0":{"post":[0,0,-1],"lerp_mode":"catmullrom"},"0.25":{"post":[0,0,0],"lerp_mode":"catmullrom"},"0.5":{"post":[0,0,1],"lerp_mode":"catmullrom"},"0.75":{"post":[0,1,0],"lerp_mode":"catmullrom"},"1.0":{"post":[0,0,-1],"lerp_mode":"catmullrom"}}},"bone2":{"rotation":{"0.0":{"post":[25,0,0],"lerp_mode":"catmullrom"},"0.5":{"post":[7.5,0,0],"lerp_mode":"catmullrom"},"0.75":{"post":[0,0,0],"lerp_mode":"catmullrom"},"1.0":{"post":[25,0,0],"lerp_mode":"catmullrom"}}},"Leftleg":{"rotation":{"0.0":{"post":[12.5,0,0],"lerp_mode":"catmullrom"},"0.5":{"post":[-25,0,0],"lerp_mode":"catmullrom"},"1.0":{"post":[12.5,0,0],"lerp_mode":"catmullrom"}}},"bone4":{"rotation":{"0.0":{"post":[7.5,0,0],"lerp_mode":"catmullrom"},"0.25":{"post":[0,0,0],"lerp_mode":"catmullrom"},"0.5":{"post":[25,0,0],"lerp_mode":"catmullrom"},"1.0":{"post":[7.5,0,0],"lerp_mode":"catmullrom"}},"position":{"0.0":{"post":[0,0,1],"lerp_mode":"catmullrom"},"0.25":{"post":[0,1,0],"lerp_mode":"catmullrom"},"0.5":{"post":[0,0,-1],"lerp_mode":"catmullrom"},"0.75":{"post":[0,0,0],"lerp_mode":"catmullrom"},"1.0":{"post":[0,0,1],"lerp_mode":"catmullrom"}}}}},"animation.yg_infected_speaker_man.attack":{"animation_length":1,"bones":{"Body":{"rotation":{"0.0":{"post":[0,0,0],"lerp_mode":"catmullrom"},"0.1667":{"post":[0,20,0],"lerp_mode":"catmullrom"},"0.3333":{"post":[10,-32.5,0],"lerp_mode":"catmullrom"},"0.6667":{"post":[10,-32.5,0],"lerp_mode":"catmullrom"},"1.0":{"post":[0,0,0],"lerp_mode":"catmullrom"}}},"Head":{"rotation":{"0.0":{"post":[0,0,0],"lerp_mode":"catmullrom"},"0.1667":{"post":[0,-20,0],"lerp_mode":"catmullrom"},"0.3333":{"post":[2.3273,24.89837,5.51385],"lerp_mode":"catmullrom"},"0.6667":{"post":[2.3273,24.89837,5.51385],"lerp_mode":"catmullrom"},"1.0":{"post":[0,0,0],"lerp_mode":"catmullrom"}}},"Rightarm":{"rotation":{"0.0":{"post":[0,0,0],"lerp_mode":"catmullrom"},"0.1667":{"post":[68.07555,-11.0311,42.2339],"lerp_mode":"catmullrom"},"0.3333":{"post":[-34.81608,-14.90835,-20.30179],"lerp_mode":"catmullrom"},"0.6667":{"post":[-34.81608,-14.90835,-20.30179],"lerp_mode":"catmullrom"},"1.0":{"post":[0,0,0],"lerp_mode":"catmullrom"}}},"bone":{"rotation":{"0.0":{"post":[0,0,0],"lerp_mode":"catmullrom"},"0.1667":{"post":[-35,0,0],"lerp_mode":"catmullrom"},"0.3333":{"post":[-78.08212,-70.56671,38.93002],"lerp_mode":"catmullrom"},"0.6667":{"post":[-78.08212,-70.56671,38.93002],"lerp_mode":"catmullrom"},"1.0":{"post":[0,0,0],"lerp_mode":"catmullrom"}}},"Leftarm":{"rotation":{"0.0":{"post":[0,0,0],"lerp_mode":"catmullrom"},"0.1667":{"post":[30,0,-22.5],"lerp_mode":"catmullrom"},"0.3333":{"post":[34.76905,4.29357,-28.65518],"lerp_mode":"catmullrom"},"0.6667":{"post":[34.76905,4.29357,-28.65518],"lerp_mode":"catmullrom"},"1.0":{"post":[0,0,0],"lerp_mode":"catmullrom"}}},"bone3":{"rotation":{"0.0":{"post":[0,0,0],"lerp_mode":"catmullrom"},"0.1667":{"post":[-27.5,0,0],"lerp_mode":"catmullrom"},"0.3333":{"post":[-42.5,0,0],"lerp_mode":"catmullrom"},"0.6667":{"post":[-42.5,0,0],"lerp_mode":"catmullrom"},"1.0":{"post":[0,0,0],"lerp_mode":"catmullrom"}}}}},"animation.yg_infected_speaker_man.attack2":{"animation_length":1,"bones":{"Body":{"rotation":{"0.0":{"post":[0,0,0],"lerp_mode":"catmullrom"},"0.1667":{"post":[0,-27.5,0],"lerp_mode":"catmullrom"},"0.3333":{"post":[0,30,0],"lerp_mode":"catmullrom"},"0.6667":{"post":[0,30,0],"lerp_mode":"catmullrom"},"1.0":{"post":[0,0,0],"lerp_mode":"catmullrom"}}},"Head":{"rotation":{"0.0":{"post":[0,0,0],"lerp_mode":"catmullrom"},"0.1667":{"post":[0,25,0],"lerp_mode":"catmullrom"},"0.3333":{"post":[0,-25,0],"lerp_mode":"catmullrom"},"0.6667":{"post":[0,-25,0],"lerp_mode":"catmullrom"},"1.0":{"post":[0,0,0],"lerp_mode":"catmullrom"}}},"Rightarm":{"rotation":{"0.0":{"post":[0,0,0],"lerp_mode":"catmullrom"},"0.1667":{"post":[-26.40319,7.98133,15.62489],"lerp_mode":"catmullrom"},"0.3333":{"post":[21.09681,7.98133,15.62489],"lerp_mode":"catmullrom"},"0.6667":{"post":[21.09681,7.98133,15.62489],"lerp_mode":"catmullrom"},"1.0":{"post":[0,0,0],"lerp_mode":"catmullrom"}}},"bone":{"rotation":{"0.0":{"post":[0,0,0],"lerp_mode":"catmullrom"},"0.1667":{"post":[-15,0,0],"lerp_mode":"catmullrom"},"0.3333":{"post":[-32.5,0,0],"lerp_mode":"catmullrom"},"0.6667":{"post":[-32.5,0,0],"lerp_mode":"catmullrom"},"1.0":{"post":[0,0,0],"lerp_mode":"catmullrom"}}},"Leftarm":{"rotation":{"0.0":{"post":[0,0,0],"lerp_mode":"catmullrom"},"0.1667":{"post":[52.5,0,-10],"lerp_mode":"catmullrom"},"0.3333":{"post":[-26.82185,-9.54385,-8.11019],"lerp_mode":"catmullrom"},"0.6667":{"post":[-26.82185,-9.54385,-8.11019],"lerp_mode":"catmullrom"},"1.0":{"post":[0,0,0],"lerp_mode":"catmullrom"}}},"bone3":{"rotation":{"0.0":{"post":[0,0,0],"lerp_mode":"catmullrom"},"0.1667":{"post":[-45,0,0],"lerp_mode":"catmullrom"},"0.3333":{"post":[-37.5,0,0],"lerp_mode":"catmullrom"},"0.6667":{"post":[-37.5,0,0],"lerp_mode":"catmullrom"},"1.0":{"post":[0,0,0],"lerp_mode":"catmullrom"}}},"Weapon2":{"rotation":{"0.0":{"post":[0,0,0],"lerp_mode":"catmullrom"},"0.1667":{"post":[0,0,0],"lerp_mode":"catmullrom"},"0.3333":{"post":[55,0,0],"lerp_mode":"catmullrom"},"0.6667":{"post":[55,0,0],"lerp_mode":"catmullrom"},"1.0":{"post":[0,0,0],"lerp_mode":"catmullrom"}}}}},"animation.yg_infected_speaker_man.attack3":{"animation_length":1,"bones":{"Body":{"rotation":{"0.0":{"post":[0,0,0],"lerp_mode":"catmullrom"},"0.1667":{"post":[0,-40,0],"lerp_mode":"catmullrom"},"0.3333":{"post":[12.5,32.5,0],"lerp_mode":"catmullrom"},"0.6667":{"post":[12.5,32.5,0],"lerp_mode":"catmullrom"},"1.0":{"post":[0,0,0],"lerp_mode":"catmullrom"}}},"Head":{"rotation":{"0.0":{"post":[0,0,0],"lerp_mode":"catmullrom"},"0.1667":{"post":[0,35,0],"lerp_mode":"catmullrom"},"0.3333":{"post":[-7.5,-25,0],"lerp_mode":"catmullrom"},"0.6667":{"post":[-7.5,-25,0],"lerp_mode":"catmullrom"},"1.0":{"post":[0,0,0],"lerp_mode":"catmullrom"}}},"Rightarm":{"rotation":{"0.0":{"post":[0,0,0],"lerp_mode":"catmullrom"},"0.1667":{"post":[-84.07316,-39.00657,38.42684],"lerp_mode":"catmullrom"},"0.3333":{"post":[55,0,55],"lerp_mode":"catmullrom"},"0.6667":{"post":[55,0,55],"lerp_mode":"catmullrom"},"1.0":{"post":[0,0,0],"lerp_mode":"catmullrom"}}},"bone":{"rotation":{"0.0":{"post":[0,0,0],"lerp_mode":"catmullrom"},"0.1667":{"post":[-52.5,0,0],"lerp_mode":"catmullrom"},"0.3333":{"post":[-10,0,0],"lerp_mode":"catmullrom"},"0.6667":{"post":[-10,0,0],"lerp_mode":"catmullrom"},"1.0":{"post":[0,0,0],"lerp_mode":"catmullrom"}}},"Leftarm":{"rotation":{"0.0":{"post":[0,0,0],"lerp_mode":"catmullrom"},"0.1667":{"post":[0,0,-12.5],"lerp_mode":"catmullrom"},"0.3333":{"post":[24.81197,3.1622,-19.30423],"lerp_mode":"catmullrom"},"0.6667":{"post":[24.81197,3.1622,-19.30423],"lerp_mode":"catmullrom"},"1.0":{"post":[0,0,0],"lerp_mode":"catmullrom"}}},"bone3":{"rotation":{"0.0":{"post":[0,0,0],"lerp_mode":"catmullrom"},"0.1667":{"post":[-7.25439,-0.58163,1.85118],"lerp_mode":"catmullrom"},"0.3333":{"post":[-24.75439,-0.58163,1.85118],"lerp_mode":"catmullrom"},"0.6667":{"post":[-24.75439,-0.58163,1.85118],"lerp_mode":"catmullrom"},"1.0":{"post":[0,0,0],"lerp_mode":"catmullrom"}}}}}}}