{
  "format_version": "1.8.0",
  "animations": {
    "animation.yg_spider_speaker.general": {
      "loop": true,
      "animation_length": 2,
      "bones": {
        "Body": {
          "position": {
            "0.0": {
              "post": [
                0,
                0,
                0
              ],
              "lerp_mode": "catmullrom"
            },
            "1.0": {
              "post": [
                0,
                -1,
                0
              ],
              "lerp_mode": "catmullrom"
            },
            "1.5": {
              "post": [
                0,
                -1,
                0
              ],
              "lerp_mode": "catmullrom"
            },
            "2.0": {
              "post": [
                0,
                0,
                0
              ],
              "lerp_mode": "catmullrom"
            }
          }
        },
        "Leg": {
          "rotation": {
            "0.0": {
              "post": [
                0,
                0,
                0
              ],
              "lerp_mode": "catmullrom"
            },
            "1.0": {
              "post": [
                0,
                0,
                5
              ],
              "lerp_mode": "catmullrom"
            },
            "2.0": {
              "post": [
                0,
                0,
                0
              ],
              "lerp_mode": "catmullrom"
            }
          },
          "position": {
            "0.0": {
              "post": [
                0,
                -1,
                0
              ],
              "lerp_mode": "catmullrom"
            },
            "1.0": {
              "post": [
                0,
                -2,
                0
              ],
              "lerp_mode": "catmullrom"
            },
            "2.0": {
              "post": [
                0,
                -1,
                0
              ],
              "lerp_mode": "catmullrom"
            }
          }
        },
        "Leg2": {
          "rotation": {
            "0.0": {
              "post": [
                0,
                0,
                0
              ],
              "lerp_mode": "catmullrom"
            },
            "1.0": {
              "post": [
                0,
                0,
                -5
              ],
              "lerp_mode": "catmullrom"
            },
            "2.0": {
              "post": [
                0,
                0,
                0
              ],
              "lerp_mode": "catmullrom"
            }
          },
          "position": {
            "0.0": {
              "post": [
                0,
                0,
                0
              ],
              "lerp_mode": "catmullrom"
            },
            "1.0": {
              "post": [
                0,
                -2,
                0
              ],
              "lerp_mode": "catmullrom"
            },
            "2.0": {
              "post": [
                0,
                0,
                0
              ],
              "lerp_mode": "catmullrom"
            }
          }
        },
        "Leg3": {
          "rotation": {
            "0.0": {
              "post": [
                0,
                0,
                0
              ],
              "lerp_mode": "catmullrom"
            },
            "1.0": {
              "post": [
                90,
                5,
                -90
              ],
              "lerp_mode": "catmullrom"
            },
            "2.0": {
              "post": [
                0,
                0,
                0
              ],
              "lerp_mode": "catmullrom"
            }
          },
          "position": {
            "0.0": {
              "post": [
                0,
                0,
                0
              ],
              "lerp_mode": "catmullrom"
            },
            "1.0": {
              "post": [
                0,
                -2,
                0
              ],
              "lerp_mode": "catmullrom"
            },
            "2.0": {
              "post": [
                0,
                0,
                0
              ],
              "lerp_mode": "catmullrom"
            }
          }
        }
      }
    },
    "animation.yg_spider_speaker.move": {
      "loop": true,
      "animation_length": 1,
      "anim_time_update": "query.modified_distance_moved * 0.1",
      "bones": {
        "Body": {
          "rotation": {
            "0.0": {
              "post": [
                -10,
                0,
                5
              ],
              "lerp_mode": "catmullrom"
            },
            "0.25": {
              "post": [
                -5.84372,
                14.91868,
                2.87552
              ],
              "lerp_mode": "catmullrom"
            },
            "0.5": {
              "post": [
                7.62373,
                0.1261,
                -12.3969
              ],
              "lerp_mode": "catmullrom"
            },
            "1.0": {
              "post": [
                -10,
                0,
                5
              ],
              "lerp_mode": "catmullrom"
            }
          }
        },
        "Leg": {
          "rotation": {
            "0.0": {
              "post": [
                0,
                -52.5,
                0
              ],
              "lerp_mode": "catmullrom"
            },
            "0.5": {
              "post": [
                0,
                30,
                0
              ],
              "lerp_mode": "catmullrom"
            },
            "0.75": {
              "post": [
                -5.24775,
                -9.96504,
                27.95782
              ],
              "lerp_mode": "catmullrom"
            },
            "1.0": {
              "post": [
                0,
                -52.5,
                0
              ],
              "lerp_mode": "catmullrom"
            }
          }
        },
        "Root": {
          "rotation": {
            "0.0": {
              "post": [
                0.66963,
                -14.98539,
                -2.58807
              ],
              "lerp_mode": "catmullrom"
            },
            "0.25": {
              "post": [
                5.55325,
                -5.00223,
                1.21546
              ],
              "lerp_mode": "catmullrom"
            },
            "0.5": {
              "post": [
                0.43688,
                4.98093,
                5.019
              ],
              "lerp_mode": "catmullrom"
            },
            "1.0": {
              "post": [
                0.66963,
                -14.98539,
                -2.58807
              ],
              "lerp_mode": "catmullrom"
            }
          }
        },
        "Leg2": {
          "rotation": {
            "0.0": {
              "post": [
                0,
                -32.5,
                0
              ],
              "lerp_mode": "catmullrom"
            },
            "0.25": {
              "post": [
                -4.58217,
                5.94383,
                -37.73802
              ],
              "lerp_mode": "catmullrom"
            },
            "0.5": {
              "post": [
                0,
                47.5,
                0
              ],
              "lerp_mode": "catmullrom"
            },
            "1.0": {
              "post": [
                0,
                -32.5,
                0
              ],
              "lerp_mode": "catmullrom"
            }
          }
        },
        "Leg3": {
          "rotation": {
            "0.0": {
              "post": [
                0,
                0,
                0
              ],
              "lerp_mode": "catmullrom"
            },
            "0.5": {
              "post": [
                -90,
                20,
                90
              ],
              "lerp_mode": "catmullrom"
            },
            "1.0": {
              "post": [
                0,
                0,
                0
              ],
              "lerp_mode": "catmullrom"
            }
          }
        }
      }
    },
    "animation.yg_spider_speaker.roar": {
      "animation_length": 1.5,
      "bones": {
        "Body": {
          "rotation": {
            "0.0": {
              "post": [
                0,
                0,
                0
              ],
              "lerp_mode": "catmullrom"
            },
            "0.25": {
              "post": [
                15,
                0,
                0
              ],
              "lerp_mode": "catmullrom"
            },
            "0.5": {
              "post": [
                -9.96271,
                0.86717,
                4.92442
              ],
              "lerp_mode": "catmullrom"
            },
            "0.5833": {
              "post": [
                -9.91615,
                -1.29876,
                -7.38733
              ],
              "lerp_mode": "catmullrom"
            },
            "0.6667": {
              "post": [
                -9.91615,
                1.29876,
                7.38733
              ],
              "lerp_mode": "catmullrom"
            },
            "0.75": {
              "post": [
                -9.99067,
                -0.43399,
                -2.46207
              ],
              "lerp_mode": "catmullrom"
            },
            "0.8333": {
              "post": [
                -9.85108,
                1.72794,
                9.85108
              ],
              "lerp_mode": "catmullrom"
            },
            "0.9167": {
              "post": [
                -9.99067,
                -0.43399,
                -2.46207
              ],
              "lerp_mode": "catmullrom"
            },
            "1.0": {
              "post": [
                -9.96271,
                0.86717,
                4.92442
              ],
              "lerp_mode": "catmullrom"
            },
            "1.0833": {
              "post": [
                -9.96271,
                -0.86717,
                -4.92442
              ],
              "lerp_mode": "catmullrom"
            },
            "1.1667": {
              "post": [
                -9.96271,
                0.86717,
                4.92442
              ],
              "lerp_mode": "catmullrom"
            },
            "1.25": {
              "post": [
                -9.96271,
                -0.86717,
                -4.92442
              ],
              "lerp_mode": "catmullrom"
            },
            "1.3333": {
              "post": [
                -9.91615,
                1.29876,
                7.38733
              ],
              "lerp_mode": "catmullrom"
            },
            "1.4167": {
              "post": [
                -9.96271,
                -0.86717,
                -4.92442
              ],
              "lerp_mode": "catmullrom"
            },
            "1.5": {
              "post": [
                0,
                0,
                0
              ],
              "lerp_mode": "catmullrom"
            }
          }
        }
      }
    }
  }
}