{"format_version":"1.8.0","animations":{"animation.yg_titan_speaker_man_2.general":{"loop":true,"animation_length":2,"bones":{"Body":{"rotation":{"0.0":{"post":[0,0,0],"lerp_mode":"catmullrom"},"1.0":{"post":[2.5,0,0],"lerp_mode":"catmullrom"},"1.5":{"post":[2.5,0,0],"lerp_mode":"catmullrom"},"2.0":{"post":[0,0,0],"lerp_mode":"catmullrom"}}},"Head":{"rotation":{"0.0":{"post":[0,0,0],"lerp_mode":"catmullrom"},"1.0":{"post":[-2.5,0,0],"lerp_mode":"catmullrom"},"2.0":{"post":[0,0,0],"lerp_mode":"catmullrom"}}},"Rightarm":{"rotation":{"0.0":{"post":[0,0,5],"lerp_mode":"catmullrom"},"1.0":{"post":[2.5,0,7.5],"lerp_mode":"catmullrom"},"1.5":{"post":[3.90625,0,6.40625],"lerp_mode":"catmullrom"},"2.0":{"post":[0,0,5],"lerp_mode":"catmullrom"}}},"bone":{"rotation":{"0.0":{"post":[-5,0,0],"lerp_mode":"catmullrom"},"1.0":{"post":[-12.5,0,0],"lerp_mode":"catmullrom"},"1.5":{"post":[-12.5,0,0],"lerp_mode":"catmullrom"},"2.0":{"post":[-5,0,0],"lerp_mode":"catmullrom"}}},"Leftarm":{"rotation":{"0.0":{"post":[0,0,-5],"lerp_mode":"catmullrom"},"1.0":{"post":[2.5,0,-7.5],"lerp_mode":"catmullrom"},"1.5":{"post":[3.90625,0,-6.40625],"lerp_mode":"catmullrom"},"2.0":{"post":[0,0,-5],"lerp_mode":"catmullrom"}}},"bone3":{"rotation":{"0.0":{"post":[-5,0,0],"lerp_mode":"catmullrom"},"1.0":{"post":[-12.5,0,0],"lerp_mode":"catmullrom"},"1.5":{"post":[-12.5,0,0],"lerp_mode":"catmullrom"},"2.0":{"post":[-5,0,0],"lerp_mode":"catmullrom"}}}}},"animation.yg_titan_speaker_man_2.looking":{"loop":true,"bones":{"Head":{"rotation":{"0.0":{"post":["query.target_x_rotation-this","query.target_y_rotation-this",0],"lerp_mode":"catmullrom"}}}}},"animation.yg_titan_speaker_man_2.move":{"loop":true,"animation_length":1,"anim_time_update":"query.modified_distance_moved * 0.1","bones":{"Root":{"position":{"0.0":{"post":[0,-1,0],"lerp_mode":"catmullrom"},"0.25":{"post":[0,0,0],"lerp_mode":"catmullrom"},"0.5":{"post":[0,-1,0],"lerp_mode":"catmullrom"},"0.75":{"post":[0,0,0],"lerp_mode":"catmullrom"},"1.0":{"post":[0,-1,0],"lerp_mode":"catmullrom"}}},"Body":{"rotation":{"0.0":{"post":[2.77764,2.49707,0.12111],"lerp_mode":"catmullrom"},"0.5":{"post":[4.80988,-4.98248,-0.41872],"lerp_mode":"catmullrom"},"1.0":{"post":[2.77764,2.49707,0.12111],"lerp_mode":"catmullrom"}}},"Head":{"rotation":{"0.0":{"post":[-5.019,-4.98093,0.43688],"lerp_mode":"catmullrom"},"0.5":{"post":[-2.51189,4.98809,-0.32766],"lerp_mode":"catmullrom"},"1.0":{"post":[-5.019,-4.98093,0.43688],"lerp_mode":"catmullrom"}}},"Rightarm":{"rotation":{"0.0":{"post":[12.39638,-1.61888,7.32417],"lerp_mode":"catmullrom"},"0.5":{"post":[-12.31594,2.15393,9.76758],"lerp_mode":"catmullrom"},"1.0":{"post":[12.39638,-1.61888,7.32417],"lerp_mode":"catmullrom"}}},"bone":{"rotation":{"0.0":{"post":[-22.5,0,0],"lerp_mode":"catmullrom"},"0.5":{"post":[-32.5,0,0],"lerp_mode":"catmullrom"},"1.0":{"post":[-22.5,0,0],"lerp_mode":"catmullrom"}}},"Leftarm":{"rotation":{"0.0":{"post":[-12.31594,-2.15393,-9.76758],"lerp_mode":"catmullrom"},"0.5":{"post":[12.31594,2.15393,-9.76758],"lerp_mode":"catmullrom"},"1.0":{"post":[-12.31594,-2.15393,-9.76758],"lerp_mode":"catmullrom"}}},"bone3":{"rotation":{"0.0":{"post":[-32.5,0,0],"lerp_mode":"catmullrom"},"0.5":{"post":[-22.5,0,0],"lerp_mode":"catmullrom"},"1.0":{"post":[-32.5,0,0],"lerp_mode":"catmullrom"}}},"Rightleg":{"rotation":{"0.0":{"post":[-15,0,0],"lerp_mode":"catmullrom"},"0.5":{"post":[10,0,0],"lerp_mode":"catmullrom"},"1.0":{"post":[-15,0,0],"lerp_mode":"catmullrom"}}},"bone2":{"rotation":{"0.0":{"post":[17.5,0,0],"lerp_mode":"catmullrom"},"0.5":{"post":[7.5,0,0],"lerp_mode":"catmullrom"},"0.75":{"post":[2.5,0,0],"lerp_mode":"catmullrom"},"1.0":{"post":[17.5,0,0],"lerp_mode":"catmullrom"}}},"Leftleg":{"rotation":{"0.0":{"post":[10,0,0],"lerp_mode":"catmullrom"},"0.5":{"post":[-15,0,0],"lerp_mode":"catmullrom"},"1.0":{"post":[10,0,0],"lerp_mode":"catmullrom"}}},"bone4":{"rotation":{"0.0":{"post":[7.5,0,0],"lerp_mode":"catmullrom"},"0.25":{"post":[2.5,0,0],"lerp_mode":"catmullrom"},"0.5":{"post":[17.5,0,0],"lerp_mode":"catmullrom"},"1.0":{"post":[7.5,0,0],"lerp_mode":"catmullrom"}}}}},"animation.yg_titan_speaker_man_2.attack":{"animation_length":1,"bones":{"Body":{"rotation":{"0.0":{"post":[0,0,0],"lerp_mode":"catmullrom"},"0.1667":{"post":[0,17.5,0],"lerp_mode":"catmullrom"},"0.3333":{"post":[10,-17.5,0],"lerp_mode":"catmullrom"},"0.6667":{"post":[10,-17.5,0],"lerp_mode":"catmullrom"},"1.0":{"post":[0,0,0],"lerp_mode":"catmullrom"}}},"Head":{"rotation":{"0.0":{"post":[0,0,0],"lerp_mode":"catmullrom"},"0.1667":{"post":[0,-15,0],"lerp_mode":"catmullrom"},"0.3333":{"post":[-5.34117,-11.45788,-0.39527],"lerp_mode":"catmullrom"},"0.6667":{"post":[-5.26304,5.9684,-2.00802],"lerp_mode":"catmullrom"},"1.0":{"post":[0,0,0],"lerp_mode":"catmullrom"}}},"Rightarm":{"rotation":{"0.0":{"post":[0,0,0],"lerp_mode":"catmullrom"},"0.1667":{"post":[35,0,22.5],"lerp_mode":"catmullrom"},"0.3333":{"post":[-91.2968,-32.1152,32.4691],"lerp_mode":"catmullrom"},"0.6667":{"post":[-98.9823,-30.99292,47.09088],"lerp_mode":"catmullrom"},"1.0":{"post":[0,0,0],"lerp_mode":"catmullrom"}}},"bone":{"rotation":{"0.0":{"post":[0,0,0],"lerp_mode":"catmullrom"},"0.1667":{"post":[-50,0,0],"lerp_mode":"catmullrom"},"0.3333":{"post":[-80,0,0],"lerp_mode":"catmullrom"},"0.6667":{"post":[-92.5,0,0],"lerp_mode":"catmullrom"},"1.0":{"post":[0,0,0],"lerp_mode":"catmullrom"}}},"Leftarm":{"rotation":{"0.0":{"post":[0,0,0],"lerp_mode":"catmullrom"},"0.1667":{"post":[0,0,-15],"lerp_mode":"catmullrom"},"0.3333":{"post":[7.47178,0.65182,-19.95744],"lerp_mode":"catmullrom"},"0.6667":{"post":[7.49094,-0.32778,-12.52389],"lerp_mode":"catmullrom"},"1.0":{"post":[0,0,0],"lerp_mode":"catmullrom"}}},"bone3":{"rotation":{"0.0":{"post":[0,0,0],"lerp_mode":"catmullrom"},"0.1667":{"post":[-17.5,0,0],"lerp_mode":"catmullrom"},"0.3333":{"post":[-25,0,0],"lerp_mode":"catmullrom"},"0.6667":{"post":[-37.5,0,0],"lerp_mode":"catmullrom"},"1.0":{"post":[0,0,0],"lerp_mode":"catmullrom"}}}}},"animation.yg_titan_speaker_man_2.attack2":{"animation_length":1,"bones":{"Body":{"rotation":{"0.0":{"post":[0,0,0],"lerp_mode":"catmullrom"},"0.1667":{"post":[12.5,-20,0],"lerp_mode":"catmullrom"},"0.3333":{"post":[-2.73487,13.69084,-3.2455],"lerp_mode":"catmullrom"},"0.6667":{"post":[-2.11903,13.79578,-0.67861],"lerp_mode":"catmullrom"},"1.0":{"post":[0,0,0],"lerp_mode":"catmullrom"}}},"Head":{"rotation":{"0.0":{"post":[0,0,0],"lerp_mode":"catmullrom"},"0.1667":{"post":[-15,20,0],"lerp_mode":"catmullrom"},"0.3333":{"post":[-11.7868,5.33166,3.22528],"lerp_mode":"catmullrom"},"0.6667":{"post":[0.7125,-7.16904,3.07512],"lerp_mode":"catmullrom"},"1.0":{"post":[0,0,0],"lerp_mode":"catmullrom"}}},"Rightarm":{"rotation":{"0.0":{"post":[0,0,0],"lerp_mode":"catmullrom"},"0.1667":{"post":[-22.5,0,17.5],"lerp_mode":"catmullrom"},"0.3333":{"post":[17.10967,-3.73171,29.43845],"lerp_mode":"catmullrom"},"0.6667":{"post":[2.43727,1.50353,12.73189],"lerp_mode":"catmullrom"},"1.0":{"post":[0,0,0],"lerp_mode":"catmullrom"}}},"bone":{"rotation":{"0.0":{"post":[0,0,0],"lerp_mode":"catmullrom"},"0.1667":{"post":[-47.5,0,0],"lerp_mode":"catmullrom"},"0.3333":{"post":[-22.5,0,0],"lerp_mode":"catmullrom"},"0.6667":{"post":[-10,0,0],"lerp_mode":"catmullrom"},"1.0":{"post":[0,0,0],"lerp_mode":"catmullrom"}}},"Leftarm":{"rotation":{"0.0":{"post":[0,0,0],"lerp_mode":"catmullrom"},"0.1667":{"post":[47.5,0,-37.5],"lerp_mode":"catmullrom"},"0.3333":{"post":[-100,0,-37.5],"lerp_mode":"catmullrom"},"0.6667":{"post":[-107.5,0,-37.5],"lerp_mode":"catmullrom"},"1.0":{"post":[0,0,0],"lerp_mode":"catmullrom"}}},"bone3":{"rotation":{"0.0":{"post":[0,0,0],"lerp_mode":"catmullrom"},"0.1667":{"post":[-72.5,0,0],"lerp_mode":"catmullrom"},"0.3333":{"post":[-92.5,0,0],"lerp_mode":"catmullrom"},"0.6667":{"post":[-75,0,0],"lerp_mode":"catmullrom"},"1.0":{"post":[0,0,0],"lerp_mode":"catmullrom"}}}}},"animation.yg_titan_speaker_man_2.attack3":{"animation_length":1,"bones":{"Body":{"rotation":{"0.0":{"post":[0,0,0],"lerp_mode":"catmullrom"},"0.1667":{"post":[0,-30,0],"lerp_mode":"catmullrom"},"0.3333":{"post":[7.5,10,0],"lerp_mode":"catmullrom"},"0.6667":{"post":[2.5,10,0],"lerp_mode":"catmullrom"},"1.0":{"post":[0,0,0],"lerp_mode":"catmullrom"}}},"Head":{"rotation":{"0.0":{"post":[0,0,0],"lerp_mode":"catmullrom"},"0.1667":{"post":[0,12.5,0],"lerp_mode":"catmullrom"},"0.3333":{"post":[-7.5,-12.5,0],"lerp_mode":"catmullrom"},"0.6667":{"post":[2.64993,-5.06271,-0.98002],"lerp_mode":"catmullrom"},"1.0":{"post":[0,0,0],"lerp_mode":"catmullrom"}}},"Rightarm":{"rotation":{"0.0":{"post":[0,0,0],"lerp_mode":"catmullrom"},"0.1667":{"post":[-82.43072,-34.22348,-16.36452],"lerp_mode":"catmullrom"},"0.3333":{"post":[-62.12737,76.52782,15.12675],"lerp_mode":"catmullrom"},"0.6667":{"post":[-62.12737,76.52782,15.12675],"lerp_mode":"catmullrom"},"1.0":{"post":[0,0,0],"lerp_mode":"catmullrom"}}},"bone":{"rotation":{"0.0":{"post":[0,0,0],"lerp_mode":"catmullrom"},"0.1667":{"post":[0,0,-62.5],"lerp_mode":"catmullrom"},"0.3333":{"post":[0,0,-35],"lerp_mode":"catmullrom"},"0.6667":{"post":[0,0,-22.5],"lerp_mode":"catmullrom"},"1.0":{"post":[0,0,0],"lerp_mode":"catmullrom"}}},"Leftarm":{"rotation":{"0.0":{"post":[0,0,0],"lerp_mode":"catmullrom"},"0.1667":{"post":[10,0,-10],"lerp_mode":"catmullrom"},"0.3333":{"post":[17.46271,0.86717,-14.92442],"lerp_mode":"catmullrom"},"0.6667":{"post":[7.46993,-0.63148,-10.15062],"lerp_mode":"catmullrom"},"1.0":{"post":[0,0,0],"lerp_mode":"catmullrom"}}},"bone3":{"rotation":{"0.0":{"post":[0,0,0],"lerp_mode":"catmullrom"},"0.1667":{"post":[-12.5,0,0],"lerp_mode":"catmullrom"},"0.3333":{"post":[-25,0,0],"lerp_mode":"catmullrom"},"0.6667":{"post":[-17.5,0,0],"lerp_mode":"catmullrom"},"1.0":{"post":[0,0,0],"lerp_mode":"catmullrom"}}}}},"animation.yg_titan_speaker_man_2.shooting":{"animation_length":1,"bones":{"Rightarm":{"rotation":{"0.0":{"post":[0,0,0],"lerp_mode":"catmullrom"},"0.25":{"post":[-31.88034,6.6782,10.59061],"lerp_mode":"catmullrom"},"0.375":{"post":[-14.38034,6.6782,10.59061],"lerp_mode":"catmullrom"},"0.5":{"post":[-31.88034,6.6782,10.59061],"lerp_mode":"catmullrom"},"0.75":{"post":[0,0,7.5],"lerp_mode":"catmullrom"},"1.0":{"post":[0,0,0],"lerp_mode":"catmullrom"}}},"Leftarm":{"rotation":{"0.0":{"post":[0,0,0],"lerp_mode":"catmullrom"},"0.25":{"post":[-22.5,0,-20],"lerp_mode":"catmullrom"},"0.375":{"post":[-7.5,0,-20],"lerp_mode":"catmullrom"},"0.5":{"post":[-22.5,0,-20],"lerp_mode":"catmullrom"},"0.75":{"post":[0,0,-10],"lerp_mode":"catmullrom"},"1.0":{"post":[0,0,0],"lerp_mode":"catmullrom"}}},"bone3":{"rotation":{"0.0":{"post":[0,0,0],"lerp_mode":"catmullrom"},"0.25":{"post":[-65,0,0],"lerp_mode":"catmullrom"},"0.375":{"post":[-77.5,0,0],"lerp_mode":"catmullrom"},"0.5":{"post":[-65,0,0],"lerp_mode":"catmullrom"},"0.75":{"post":[-55,0,0],"lerp_mode":"catmullrom"},"1.0":{"post":[0,0,0],"lerp_mode":"catmullrom"}}},"bone":{"rotation":{"0.0":{"post":[0,0,0],"lerp_mode":"catmullrom"},"0.25":{"post":[-60,0,0],"lerp_mode":"catmullrom"},"0.375":{"post":[-77.5,0,0],"lerp_mode":"catmullrom"},"0.5":{"post":[-60,0,0],"lerp_mode":"catmullrom"},"0.75":{"post":[-55,0,0],"lerp_mode":"catmullrom"},"1.0":{"post":[0,0,0],"lerp_mode":"catmullrom"}}},"Body":{"rotation":{"0.0":{"post":[0,0,0],"lerp_mode":"catmullrom"},"0.25":{"post":[2.5,0,0],"lerp_mode":"catmullrom"},"0.375":{"post":[0,0,0],"lerp_mode":"catmullrom"},"0.5":{"post":[2.5,0,0],"lerp_mode":"catmullrom"},"0.75":{"post":[-2.5,0,0],"lerp_mode":"catmullrom"},"1.0":{"post":[0,0,0],"lerp_mode":"catmullrom"}}},"Head":{"rotation":{"0.0":{"post":[0,0,0],"lerp_mode":"catmullrom"},"0.25":{"post":[-2.5,0,0],"lerp_mode":"catmullrom"},"0.375":{"post":[2.5,0,0],"lerp_mode":"catmullrom"},"0.5":{"post":[-2.5,0,0],"lerp_mode":"catmullrom"},"0.75":{"post":[5,0,0],"lerp_mode":"catmullrom"},"1.0":{"post":[0,0,0],"lerp_mode":"catmullrom"}}}}},"animation.yg_titan_speaker_man_2.roar":{"animation_length":1.5,"bones":{"Body":{"rotation":{"0.0":{"post":[0,0,0],"lerp_mode":"catmullrom"},"0.25":{"post":[25,0,0],"lerp_mode":"catmullrom"},"1.25":{"post":[25,0,0],"lerp_mode":"catmullrom"},"1.5":{"post":[0,0,0],"lerp_mode":"catmullrom"}}},"Head":{"rotation":{"0.0":{"post":[0,0,0],"lerp_mode":"catmullrom"},"0.25":{"post":[-15,0,0],"lerp_mode":"catmullrom"},"0.3333":{"post":[-14.78217,2.57594,9.6658],"lerp_mode":"catmullrom"},"0.375":{"post":[-14.87739,-1.93597,-7.24721],"lerp_mode":"catmullrom"},"0.4167":{"post":[-14.78217,2.57594,9.6658],"lerp_mode":"catmullrom"},"0.4583":{"post":[-14.94548,-1.29256,-4.83045],"lerp_mode":"catmullrom"},"0.5":{"post":[-14.87739,1.93597,7.24721],"lerp_mode":"catmullrom"},"0.5417":{"post":[-14.94548,-1.29256,-4.83045],"lerp_mode":"catmullrom"},"0.5833":{"post":[-14.87739,1.93597,7.24721],"lerp_mode":"catmullrom"},"0.625":{"post":[-14.98637,-0.64686,-2.41492],"lerp_mode":"catmullrom"},"0.6667":{"post":[-27.44548,1.29256,4.83045],"lerp_mode":"catmullrom"},"0.7083":{"post":[-14.87739,-1.93597,-7.24721],"lerp_mode":"catmullrom"},"0.75":{"post":[-14.87739,1.93597,7.24721],"lerp_mode":"catmullrom"},"0.7917":{"post":[-22.44548,-1.29256,-4.83045],"lerp_mode":"catmullrom"},"0.8333":{"post":[-14.87739,1.93597,7.24721],"lerp_mode":"catmullrom"},"0.875":{"post":[-14.94548,-1.29256,-4.83045],"lerp_mode":"catmullrom"},"0.9167":{"post":[-14.78217,2.57594,9.6658],"lerp_mode":"catmullrom"},"0.9583":{"post":[-14.87739,-1.93597,-7.24721],"lerp_mode":"catmullrom"},"1.0":{"post":[-23.38916,2.10436,9.60373],"lerp_mode":"catmullrom"},"1.0417":{"post":[-11.7043,-2.01007,-10.15759],"lerp_mode":"catmullrom"},"1.0833":{"post":[-9.95513,1.05964,7.36033],"lerp_mode":"catmullrom"},"1.125":{"post":[-7.76889,-1.32986,-10.24033],"lerp_mode":"catmullrom"},"1.1667":{"post":[-15.39415,0.53144,8.9135],"lerp_mode":"catmullrom"},"1.25":{"post":[0,0,0],"lerp_mode":"catmullrom"},"1.5":{"post":[0,0,0],"lerp_mode":"catmullrom"}}},"Rightarm":{"rotation":{"0.0":{"post":[0,0,0],"lerp_mode":"catmullrom"},"0.25":{"post":[0,0,20],"lerp_mode":"catmullrom"},"1.25":{"post":[0,0,20],"lerp_mode":"catmullrom"},"1.5":{"post":[0,0,0],"lerp_mode":"catmullrom"}}},"bone":{"rotation":{"0.0":{"post":[0,0,0],"lerp_mode":"catmullrom"},"0.25":{"post":[-37.5,0,0],"lerp_mode":"catmullrom"},"1.25":{"post":[-37.5,0,0],"lerp_mode":"catmullrom"},"1.5":{"post":[0,0,0],"lerp_mode":"catmullrom"}}},"Leftarm":{"rotation":{"0.0":{"post":[0,0,0],"lerp_mode":"catmullrom"},"0.25":{"post":[0,0,-25],"lerp_mode":"catmullrom"},"1.25":{"post":[0,0,-25],"lerp_mode":"catmullrom"},"1.5":{"post":[0,0,0],"lerp_mode":"catmullrom"}}},"bone3":{"rotation":{"0.0":{"post":[0,0,0],"lerp_mode":"catmullrom"},"0.25":{"post":[-42.5,0,0],"lerp_mode":"catmullrom"},"1.25":{"post":[-42.5,0,0],"lerp_mode":"catmullrom"},"1.5":{"post":[0,0,0],"lerp_mode":"catmullrom"}}},"Rightleg":{"rotation":{"0.0":{"post":[0,0,0],"lerp_mode":"catmullrom"},"0.25":{"post":[0,0,5],"lerp_mode":"catmullrom"},"1.25":{"post":[0,0,5],"lerp_mode":"catmullrom"},"1.5":{"post":[0,0,0],"lerp_mode":"catmullrom"}}},"bone2":{"rotation":{"0.0":{"post":[0,0,0],"lerp_mode":"catmullrom"},"0.25":{"post":[12.5,0,0],"lerp_mode":"catmullrom"},"1.25":{"post":[12.5,0,0],"lerp_mode":"catmullrom"},"1.5":{"post":[0,0,0],"lerp_mode":"catmullrom"}}},"Leftleg":{"rotation":{"0.0":{"post":[0,0,0],"lerp_mode":"catmullrom"},"0.25":{"post":[-12.37739,-1.93597,-7.24721],"lerp_mode":"catmullrom"},"1.25":{"post":[-12.37739,-1.93597,-7.24721],"lerp_mode":"catmullrom"},"1.5":{"post":[0,0,0],"lerp_mode":"catmullrom"}}},"bone4":{"rotation":{"0.0":{"post":[0,0,0],"lerp_mode":"catmullrom"},"0.25":{"post":[20,0,0],"lerp_mode":"catmullrom"},"1.25":{"post":[20,0,0],"lerp_mode":"catmullrom"},"1.5":{"post":[0,0,0],"lerp_mode":"catmullrom"}}}}}}}