{"format_version":"1.10.0","minecraft:client_entity":{"description":{"identifier":"yg:titan_tv_man","materials":{"default":"enderman"},"textures":{"default":"textures/entity/tv/titan_tv/yg_titan_tv_man","angry":"textures/entity/tv/titan_tv/yg_titan_tv_man_angry"},"geometry":{"default":"geometry.yg_titan_tv_man"},"scripts":{"animate":["move","general"],"pre_animation":["variable.random = math.round(math.random(0,2));"],"scale":"5"},"animations":{"moving":"animation.yg_titan_tv_man.move","move":"controller.animation.yg_titan_tv_man.move","gazo_general":"animation.yg_titan_tv_man.general","general":"controller.animation.yg_titan_tv_man.general","roar":"animation.yg_titan_tv_man.roar","attack0":"animation.yg_titan_tv_man.attack","attack1":"animation.yg_titan_tv_man.attack2","attack2":"animation.yg_titan_tv_man.attack3","look_at_target":"animation.yg_titan_tv_man.looking"},"render_controllers":["controller.render.yg_tv_man"],"spawn_egg":{"texture":"yg:titan_tv_man","texture_index":0}}}}