{"format_version":"1.10.0","minecraft:client_entity":{"description":{"identifier":"yg:tv_women","materials":{"default":"enderman"},"textures":{"default":"textures/entity/tv/tv_women/yg_tv_women","angry":"textures/entity/tv/tv_women/yg_tv_women_angry","fire":"textures/entity/tv/tv_women/yg_tv_women_fire"},"geometry":{"default":"geometry.yg_tv_women"},"scripts":{"animate":["move","general"],"pre_animation":["variable.random = math.round(math.random(0,2));"]},"animations":{"moving":"animation.yg_tv_women.move","move":"controller.animation.yg_tv_women.move","gazo_general":"animation.yg_tv_women.general","general":"controller.animation.yg_tv_women.general","attack0":"animation.yg_tv_women.attack","attack1":"animation.yg_tv_women.attack2","attack2":"animation.yg_tv_women.attack3","look_at_target":"animation.yg_tv_women.looking"},"render_controllers":["controller.render.yg_tv_women"],"spawn_egg":{"texture":"yg:tv_women","texture_index":0},"particle_effects":{"lighting":"yg:purple_light","lighting2":"yg:orange_light"}}}}