{
	"format_version": "1.16.100",
	"minecraft:item": {
		"description": {
			"identifier": "msw:classic_dynamite",
			"category": "equipment"
		},
		"components": {
			"minecraft:max_stack_size": 16,
			"minecraft:use_duration": 32,
			"minecraft:creative_category": {
				"parent": "equipment"
			},
			"minecraft:icon": {
				"texture": "msw_classic_dynamite"
			},
			"minecraft:throwable": {
				"do_swing_animation": true,
				"launch_power_scale": 3
			},
			"minecraft:projectile": {
				"projectile_entity": "msw:classic_dynamite"
			}
		}
	}
}