{
	"format_version": "1.12",
	"minecraft:recipe_shaped": {
		"description": {
			"identifier": "bb:color_tnt_craft"
		},
		"tags": [
			"crafting_table"
		],
		"key": {
			"t": {
				"item": "tnt"
			},
			"r": {
				"item": "concrete_powder",
				"data": 14
			},
			"y": {
				"item": "concrete_powder",
				"data": 4
			},
			"g": {
				"item": "concrete_powder",
				"data": 13
			},
			"b": {
				"item": "concrete_powder",
				"data": 11
			}
		},
		"pattern": [
			"ryg",
			"btb",
			"gyr"
		],
		"result": {
			"item": "bb:color_tnt",
			"count": 1
		}
	}
}