{"entity_sounds":{"entities":{"yg:camo_toilet":{"events":{"ambient":"mob.skibidi_2.ambient"},"pitch":[1],"volume":25},"yg:bulldozer_toilet":{"events":{"ambient":"mob.skibidi_2.ambient","attack":{"pitch":1,"sound":"mob.blade_slash.attack","volume":25},"roar":{"sound":"mob.skibidi_bulldozer.roar","volume":50,"pitch":1}},"pitch":[1],"volume":25},"yg:buzzsaw_toilet":{"events":{"ambient":"mob.skibidi_2.ambient"},"pitch":[1],"volume":25},"yg:double_buzzsaw_toilet":{"events":{"ambient":"mob.skibidi_2.ambient"},"pitch":[1],"volume":25},"yg:spider_buzzsaw_toilet":{"events":{"ambient":"mob.skibidi_3.ambient"},"pitch":[1],"volume":25},"yg:deformed_strider_toilet":{"events":{"ambient":"mob.skibidi_3.ambient","attack":{"pitch":1,"sound":"mob.blade_slash.attack","volume":25}},"pitch":[1],"volume":25},"yg:flamethrower_toilet":{"events":{"ambient":"mob.skibidi_2.ambient"},"pitch":[1],"volume":25},"yg:geeky_jesus_toilet":{"events":{"ambient":"mob.skibidi_2.ambient"},"pitch":[1],"volume":25},"yg:mutant_skibidi_toilet":{"events":{"ambient":"mob.skibidi_3.ambient"},"pitch":[1],"volume":25},"yg:glitch_toilet":{"events":{"ambient":"mob.skibidi_3.ambient"},"pitch":[1],"volume":25},"yg:dj_toilet":{"events":{"ambient":"mob.skibidi_dj.ambient"},"pitch":[1],"volume":25},"yg:gman_toilet":{"events":{"ambient":"mob.skibidi_2.ambient"},"pitch":[1],"volume":25},"yg:gman_toilet_2":{"events":{"ambient":"mob.skibidi_2.ambient"},"pitch":[1],"volume":25},"yg:gman_toilet_3":{"events":{"ambient":"mob.skibidi_2.ambient"},"pitch":[1],"volume":25},"yg:gman_toilet_4":{"events":{"ambient":"mob.skibidi_2.ambient"},"pitch":[1],"volume":25},"yg:holy_toilet":{"events":{"ambient":"mob.skibidi_holy.ambient"},"pitch":[1],"volume":25},"yg:hydra_toilet":{"events":{"ambient":"mob.skibidi_3.ambient"},"pitch":[1],"volume":25},"yg:rocket_toilet":{"events":{"ambient":"mob.skibidi_3.ambient"},"pitch":[1],"volume":25},"yg:police_toilet":{"events":{"ambient":"mob.skibidi_1.ambient"},"pitch":[1],"volume":25},"yg:scientist_toilet":{"events":{"ambient":"mob.skibidi_2.ambient"},"pitch":[1],"volume":25},"yg:scientist_toilet_2":{"events":{"ambient":"mob.skibidi_2.ambient","attack":{"pitch":1,"sound":"mob.blade_slash.attack","volume":25},"roar":{"sound":"mob.speaker.roar","volume":50,"pitch":1}},"pitch":[1],"volume":25},"yg:terrorist_toilet":{"events":{"ambient":"mob.skibidi_2.ambient"},"pitch":[1],"volume":25},"yg:skibidi_toilet":{"events":{"ambient":"mob.skibidi_1.ambient"},"pitch":[1],"volume":25},"yg:sunglasses_toilet":{"events":{"ambient":"mob.skibidi_1.ambient"},"pitch":[1],"volume":25},"yg:car_buzzsaw_toilet_toilet":{"events":{"ambient":"mob.skibidi_1.ambient"},"pitch":[1],"volume":25},"yg:triple_toilet":{"events":{"ambient":"mob.skibidi_2.ambient"},"pitch":[1],"volume":25},"yg:spider_toilet":{"events":{"ambient":"mob.skibidi_3.ambient","shoot":"mob.gun_shoot.spit"},"pitch":[1],"volume":25},"yg:camera_women":{"events":{"shoot":"mob.gun_shoot.spit"},"pitch":[1],"volume":25},"yg:spider_camera":{"events":{"shoot":"mob.gun_shoot.spit"},"pitch":[1],"volume":25},"yg:speaker_man":{"events":{"ambient":"mob.speaker_man.ambient"},"pitch":[1],"volume":25},"yg:speaker_women":{"events":{"roar":{"sound":"mob.speaker_man.roar","volume":50,"pitch":1}},"pitch":[1],"volume":25},"yg:big_speaker_man":{"events":{"ambient":"mob.speaker_man.ambient","roar":{"sound":"mob.speaker_man.roar","volume":50,"pitch":1}},"pitch":[1],"volume":25},"yg:infected_big_speaker_man":{"events":{"roar":{"sound":"mob.speaker_man.roar","volume":50,"pitch":1}},"pitch":[1],"volume":25},"yg:helicopter_speaker":{"events":{"ambient":"mob.speaker_man.ambient","roar":{"sound":"mob.speaker.roar","volume":50,"pitch":1}},"pitch":[1],"volume":25},"yg:spider_speaker":{"events":{"ambient":"mob.speaker_man.ambient","roar":{"sound":"mob.speaker.roar","volume":50,"pitch":1}},"pitch":[1],"volume":25},"yg:titan_speaker_man":{"events":{"ambient":"mob.titan_speaker.ambient","roar":{"sound":"mob.titan_speaker.roar","volume":50,"pitch":1}},"pitch":[1],"volume":25},"yg:infected_titan_speaker_man":{"events":{"ambient":"mob.titan_speaker.ambient","roar":{"sound":"mob.titan_speaker.roar","volume":50,"pitch":1}},"pitch":[1],"volume":25},"yg:titan_speaker_man_2":{"events":{"ambient":"mob.titan_speaker.ambient","roar":{"sound":"mob.titan_speaker.roar","volume":50,"pitch":1}},"pitch":[1],"volume":25},"yg:infected_titan_speaker_man_2":{"events":{"ambient":"mob.titan_speaker.ambient","roar":{"sound":"mob.titan_speaker.roar","volume":50,"pitch":1}},"pitch":[1],"volume":25},"yg:titan_tv_man":{"events":{"ambient":"mob.titan_tv.ambient","roar":{"sound":"mob.titan_tv.roar","volume":50,"pitch":1}},"pitch":[1],"volume":25},"yg:titan_tv_man_2":{"events":{"ambient":"mob.titan_tv.ambient","roar":{"sound":"mob.titan_tv.roar","volume":50,"pitch":1}},"pitch":[1],"volume":25}}}}