{"format_version":"1.8.0","animations":{"animation.yg_big_tv_man.general":{"loop":true,"animation_length":2,"bones":{"Body":{"rotation":{"0.0":{"post":[0,0,0],"lerp_mode":"catmullrom"},"1.0":{"post":[0.5,0,0],"lerp_mode":"catmullrom"},"1.5":{"post":[0.5,0,0],"lerp_mode":"catmullrom"},"2.0":{"post":[0,0,0],"lerp_mode":"catmullrom"}}},"Head":{"rotation":[-5,0,0]},"Rightarm":{"rotation":{"0.0":{"post":[0,0,2.5],"lerp_mode":"catmullrom"},"1.0":{"post":[-2.5,0,5],"lerp_mode":"catmullrom"},"2.0":{"post":[0,0,2.5],"lerp_mode":"catmullrom"}}},"Leftarm":{"rotation":{"0.0":{"post":[0,0,-2.5],"lerp_mode":"catmullrom"},"1.0":{"post":[-0.14597,-0.1923,-4.98807],"lerp_mode":"catmullrom"},"2.0":{"post":[0,0,-2.5],"lerp_mode":"catmullrom"}}},"Rightleg":{"rotation":{"0.0":{"post":[-0.34414,9.20197,2.28741],"lerp_mode":"catmullrom"}}},"Leftleg":{"rotation":{"0.0":{"post":[0.44067,-9.99038,-2.53852],"lerp_mode":"catmullrom"}}},"bone5":{"rotation":{"0.0":{"post":[3,0,0],"lerp_mode":"catmullrom"},"1.0":{"post":[4.5,0,0],"lerp_mode":"catmullrom"},"2.0":{"post":[3,0,0],"lerp_mode":"catmullrom"}}}}},"animation.yg_big_tv_man.looking":{"loop":true,"bones":{"bone5":{"rotation":{"0.0":{"post":["query.target_x_rotation-this","query.target_y_rotation-this",0],"lerp_mode":"catmullrom"}}}}},"animation.yg_big_tv_man.move":{"loop":true,"animation_length":1,"anim_time_update":"query.modified_distance_moved * 0.1","bones":{"Root":{"position":{"0.0":{"post":[0,-1,0],"lerp_mode":"catmullrom"},"0.25":{"post":[0,0,0],"lerp_mode":"catmullrom"},"0.5":{"post":[0,-1,0],"lerp_mode":"catmullrom"},"0.75":{"post":[0,0,0],"lerp_mode":"catmullrom"},"1.0":{"post":[0,-1,0],"lerp_mode":"catmullrom"}}},"Body":{"rotation":{"0.0":{"post":[7.5,0,0],"lerp_mode":"catmullrom"},"0.5":{"post":[10,0,0],"lerp_mode":"catmullrom"},"1.0":{"post":[7.5,0,0],"lerp_mode":"catmullrom"}}},"Head":{"rotation":{"0.0":{"post":[-5,0,0],"lerp_mode":"catmullrom"},"0.5":{"post":[-10,0,0],"lerp_mode":"catmullrom"},"1.0":{"post":[-5,0,0],"lerp_mode":"catmullrom"}}},"Rightarm":{"rotation":{"0.0":{"post":[5,0,2.5],"lerp_mode":"catmullrom"},"0.5":{"post":[-9.50157,0.71939,2.43484],"lerp_mode":"catmullrom"},"1.0":{"post":[5,0,2.5],"lerp_mode":"catmullrom"}}},"Leftarm":{"rotation":{"0.0":{"post":[-9.99067,0.43399,-2.53793],"lerp_mode":"catmullrom"},"0.5":{"post":[4.99527,0.21782,0.0095],"lerp_mode":"catmullrom"},"1.0":{"post":[-9.99067,0.43399,-2.53793],"lerp_mode":"catmullrom"}}},"Rightleg":{"rotation":{"0.0":{"post":[-14.98246,0.1415,-0.58807],"lerp_mode":"catmullrom"},"0.5":{"post":[7.5,0,0],"lerp_mode":"catmullrom"},"1.0":{"post":[-14.98246,0.1415,-0.58807],"lerp_mode":"catmullrom"}},"position":{"0.0":{"post":[0,0,-1],"lerp_mode":"catmullrom"},"0.25":{"post":[0,0,0],"lerp_mode":"catmullrom"},"0.5":{"post":[0,0,1],"lerp_mode":"catmullrom"},"0.75":{"post":[0,2,0],"lerp_mode":"catmullrom"},"1.0":{"post":[0,0,-1],"lerp_mode":"catmullrom"}}},"bone2":{"rotation":{"0.0":{"post":[20,0,0],"lerp_mode":"catmullrom"},"0.5":{"post":[5,0,0],"lerp_mode":"catmullrom"},"0.75":{"post":[4.0625,0,0],"lerp_mode":"catmullrom"},"1.0":{"post":[20,0,0],"lerp_mode":"catmullrom"}}},"Leftleg":{"rotation":{"0.0":{"post":[7.5,0,0],"lerp_mode":"catmullrom"},"0.5":{"post":[-14.98246,0.1415,-0.58807],"lerp_mode":"catmullrom"},"1.0":{"post":[7.5,0,0],"lerp_mode":"catmullrom"}},"position":{"0.0":{"post":[0,0,1],"lerp_mode":"catmullrom"},"0.25":{"post":[0,2,0],"lerp_mode":"catmullrom"},"0.5":{"post":[0,0,-1],"lerp_mode":"catmullrom"},"0.75":{"post":[0,0,0],"lerp_mode":"catmullrom"},"1.0":{"post":[0,0,1],"lerp_mode":"catmullrom"}}},"bone4":{"rotation":{"0.0":{"post":[5,0,0],"lerp_mode":"catmullrom"},"0.25":{"post":[4.0625,0,0],"lerp_mode":"catmullrom"},"0.5":{"post":[20,0,0],"lerp_mode":"catmullrom"},"1.0":{"post":[5,0,0],"lerp_mode":"catmullrom"}}},"bone5":{"rotation":{"0.0":{"post":[7.5,0,0],"lerp_mode":"catmullrom"},"0.5":{"post":[10,0,0],"lerp_mode":"catmullrom"},"1.0":{"post":[7.5,0,0],"lerp_mode":"catmullrom"}}}}},"animation.yg_big_tv_man.attack":{"animation_length":1,"bones":{"Body":{"rotation":{"0.0":{"post":[0,0,0],"lerp_mode":"catmullrom"},"0.1667":{"post":[0,7.5,0],"lerp_mode":"catmullrom"},"0.3333":{"post":[5,-17.5,0],"lerp_mode":"catmullrom"},"0.6667":{"post":[5,-17.5,0],"lerp_mode":"catmullrom"},"1.0":{"post":[0,0,0],"lerp_mode":"catmullrom"}}},"Rightarm":{"rotation":{"0.0":{"post":[0,0,0],"lerp_mode":"catmullrom"},"0.1667":{"post":[10,0,30],"lerp_mode":"catmullrom"},"0.3333":{"post":[-43.4415,-27.65061,12.68072],"lerp_mode":"catmullrom"},"0.6667":{"post":[-48.44,-27.65,12.68],"lerp_mode":"catmullrom"},"1.0":{"post":[0,0,0],"lerp_mode":"catmullrom"}}},"bone":{"rotation":{"0.0":{"post":[0,0,0],"lerp_mode":"catmullrom"},"0.1667":{"post":[-42.5,0,0],"lerp_mode":"catmullrom"},"0.3333":{"post":[-43.22113,-14.60559,-13.81465],"lerp_mode":"catmullrom"},"0.6667":{"post":[-48.22,-14.61,-13.81],"lerp_mode":"catmullrom"},"1.0":{"post":[0,0,0],"lerp_mode":"catmullrom"}}},"Leftarm":{"rotation":{"0.0":{"post":[0,0,0],"lerp_mode":"catmullrom"},"0.1667":{"post":[10,0,-7.5],"lerp_mode":"catmullrom"},"0.3333":{"post":[12.93243,1.04088,-13.42783],"lerp_mode":"catmullrom"},"0.6667":{"post":[12.87627,1.59927,-15.86533],"lerp_mode":"catmullrom"},"1.0":{"post":[0,0,0],"lerp_mode":"catmullrom"}}},"bone3":{"rotation":{"0.0":{"post":[0,0,0],"lerp_mode":"catmullrom"},"0.1667":{"post":[-22.5,0,0],"lerp_mode":"catmullrom"},"0.3333":{"post":[-33,0,0],"lerp_mode":"catmullrom"},"0.6667":{"post":[-38,0,0],"lerp_mode":"catmullrom"},"1.0":{"post":[0,0,0],"lerp_mode":"catmullrom"}}},"bone5":{"rotation":{"0.0":{"post":[0,0,0],"lerp_mode":"catmullrom"},"0.1667":{"post":[0,-7.5,0],"lerp_mode":"catmullrom"},"0.3333":{"post":[0,12.5,0],"lerp_mode":"catmullrom"},"0.6667":{"post":[2.5,12.5,0],"lerp_mode":"catmullrom"},"1.0":{"post":[0,0,0],"lerp_mode":"catmullrom"}}}}},"animation.yg_big_tv_man.attack2":{"animation_length":1,"bones":{"Body":{"rotation":{"0.0":{"post":[0,0,0],"lerp_mode":"catmullrom"},"0.1667":{"post":[0,-17.5,0],"lerp_mode":"catmullrom"},"0.3333":{"post":[2.5,10,0],"lerp_mode":"catmullrom"},"0.6667":{"post":[2.5,10,0],"lerp_mode":"catmullrom"},"1.0":{"post":[0,0,0],"lerp_mode":"catmullrom"}}},"Rightarm":{"rotation":{"0.0":{"post":[0,0,0],"lerp_mode":"catmullrom"},"0.1667":{"post":[22.5,0,15],"lerp_mode":"catmullrom"},"0.3333":{"post":[29.98072,-0.95645,17.30991],"lerp_mode":"catmullrom"},"0.6667":{"post":[27.40573,-2.0315,18.07577],"lerp_mode":"catmullrom"},"1.0":{"post":[0,0,0],"lerp_mode":"catmullrom"}}},"bone":{"rotation":{"0.0":{"post":[0,0,0],"lerp_mode":"catmullrom"},"0.1667":{"post":[-35,0,0],"lerp_mode":"catmullrom"},"0.3333":{"post":[-45,0,0],"lerp_mode":"catmullrom"},"0.6667":{"post":[-43.7207,0,0],"lerp_mode":"catmullrom"},"1.0":{"post":[0,0,0],"lerp_mode":"catmullrom"}}},"Leftarm":{"rotation":{"0.0":{"post":[0,0,0],"lerp_mode":"catmullrom"},"0.1667":{"post":[37.5,0,-42.5],"lerp_mode":"catmullrom"},"0.3333":{"post":[-66.39266,25.29238,-31.05545],"lerp_mode":"catmullrom"},"0.6667":{"post":[-61.30477,20.97801,-29.75701],"lerp_mode":"catmullrom"},"1.0":{"post":[0,0,0],"lerp_mode":"catmullrom"}}},"bone3":{"rotation":{"0.0":{"post":[0,0,0],"lerp_mode":"catmullrom"},"0.1667":{"post":[-40,0,0],"lerp_mode":"catmullrom"},"0.3333":{"post":[-36.00521,18.74724,23.85865],"lerp_mode":"catmullrom"},"0.6667":{"post":[-32.30343,18.52142,24.06642],"lerp_mode":"catmullrom"},"1.0":{"post":[0,0,0],"lerp_mode":"catmullrom"}}},"bone5":{"rotation":{"0.0":{"post":[0,0,0],"lerp_mode":"catmullrom"},"0.1667":{"post":[5,15,0],"lerp_mode":"catmullrom"},"0.3333":{"post":[4.84798,5.03671,-0.87053],"lerp_mode":"catmullrom"},"0.6667":{"post":[6.94083,4.61371,-0.79742],"lerp_mode":"catmullrom"},"1.0":{"post":[0,0,0],"lerp_mode":"catmullrom"}}}}},"animation.yg_big_tv_man.attack3":{"animation_length":1,"bones":{"Body":{"rotation":{"0.0":{"post":[0,0,0],"lerp_mode":"catmullrom"},"0.1667":{"post":[-5,0,0],"lerp_mode":"catmullrom"},"0.3333":{"post":[25,0,0],"lerp_mode":"catmullrom"},"0.6667":{"post":[25,0,0],"lerp_mode":"catmullrom"},"1.0":{"post":[0,0,0],"lerp_mode":"catmullrom"}}},"Rightarm":{"rotation":{"0.0":{"post":[0,0,0],"lerp_mode":"catmullrom"},"0.1667":{"post":[-113.47603,16.1299,-6.88003],"lerp_mode":"catmullrom"},"0.3333":{"post":[12.5,0,7.5],"lerp_mode":"catmullrom"},"0.6667":{"post":[12.48848,-0.54094,9.94081],"lerp_mode":"catmullrom"},"1.0":{"post":[0,0,0],"lerp_mode":"catmullrom"}}},"bone":{"rotation":{"0.0":{"post":[0,0,0],"lerp_mode":"catmullrom"},"0.1667":{"post":[-60,0,0],"lerp_mode":"catmullrom"},"0.3333":{"post":[-47.5,0,0],"lerp_mode":"catmullrom"},"0.6667":{"post":[-47.5,0,0],"lerp_mode":"catmullrom"},"1.0":{"post":[0,0,0],"lerp_mode":"catmullrom"}}},"Leftarm":{"rotation":{"0.0":{"post":[0,0,0],"lerp_mode":"catmullrom"},"0.1667":{"post":[-112.99008,-11.53486,4.8493],"lerp_mode":"catmullrom"},"0.3333":{"post":[16.77631,2.42248,-8.15104],"lerp_mode":"catmullrom"},"0.6667":{"post":[16.66373,3.13942,-10.54709],"lerp_mode":"catmullrom"},"1.0":{"post":[0,0,0],"lerp_mode":"catmullrom"}}},"bone3":{"rotation":{"0.0":{"post":[0,0,0],"lerp_mode":"catmullrom"},"0.1667":{"post":[-60,0,0],"lerp_mode":"catmullrom"},"0.3333":{"post":[-47.5,0,0],"lerp_mode":"catmullrom"},"0.6667":{"post":[-47.5,0,0],"lerp_mode":"catmullrom"},"1.0":{"post":[0,0,0],"lerp_mode":"catmullrom"}}},"bone5":{"rotation":{"0.0":{"post":[0,0,0],"lerp_mode":"catmullrom"},"0.1667":{"post":[10,0,0],"lerp_mode":"catmullrom"},"0.3333":{"post":[-5,0,0],"lerp_mode":"catmullrom"},"0.6667":{"post":[-10,0,0],"lerp_mode":"catmullrom"},"1.0":{"post":[0,0,0],"lerp_mode":"catmullrom"}}}}},"animation.yg_big_tv_man.roar":{"animation_length":2.5,"bones":{"Tv":{"rotation":{"0.0":{"post":[0,0,-110],"lerp_mode":"catmullrom"},"0.25":{"post":[0,0,0],"lerp_mode":"catmullrom"},"0.5":{"post":[0,0,2.5],"lerp_mode":"catmullrom"},"2.0":{"post":[0,0,2.5],"lerp_mode":"catmullrom"},"2.25":{"post":[0,0,0],"lerp_mode":"catmullrom"},"2.5":{"post":[0,0,-110],"lerp_mode":"catmullrom"}},"scale":{"0.0":{"post":[0,0,0],"lerp_mode":"catmullrom"},"0.25":{"post":[1,1,1],"lerp_mode":"catmullrom"},"0.5":{"post":[1,1,1],"lerp_mode":"catmullrom"},"2.0":{"post":[1,1,1],"lerp_mode":"catmullrom"},"2.25":{"post":[1,1,1],"lerp_mode":"catmullrom"},"2.5":{"post":[0,0,0],"lerp_mode":"catmullrom"}}},"Tv2":{"rotation":{"0.0":{"post":[0,0,-85],"lerp_mode":"catmullrom"},"0.25":{"post":[0,0,0],"lerp_mode":"catmullrom"},"0.5":{"post":[0,0,-5],"lerp_mode":"catmullrom"},"2.0":{"post":[0,0,-5],"lerp_mode":"catmullrom"},"2.25":{"post":[0,0,0],"lerp_mode":"catmullrom"},"2.5":{"post":[0,0,-85],"lerp_mode":"catmullrom"}},"scale":{"0.0":{"post":[0,0,0],"lerp_mode":"catmullrom"},"0.25":{"post":[1,1,1],"lerp_mode":"catmullrom"},"0.5":{"post":[1,1,1],"lerp_mode":"catmullrom"},"2.0":{"post":[1,1,1],"lerp_mode":"catmullrom"},"2.25":{"post":[1,1,1],"lerp_mode":"catmullrom"},"2.5":{"post":[0,0,0],"lerp_mode":"catmullrom"}}},"Tv3":{"rotation":{"0.0":{"post":[0,0,112.5],"lerp_mode":"catmullrom"},"0.25":{"post":[0,0,0],"lerp_mode":"catmullrom"},"0.5":{"post":[0,0,-2.5],"lerp_mode":"catmullrom"},"2.0":{"post":[0,0,-2.5],"lerp_mode":"catmullrom"},"2.25":{"post":[0,0,0],"lerp_mode":"catmullrom"},"2.5":{"post":[0,0,112.5],"lerp_mode":"catmullrom"}},"scale":{"0.0":{"post":[0,0,0],"lerp_mode":"catmullrom"},"0.25":{"post":[1,1,1],"lerp_mode":"catmullrom"},"0.5":{"post":[1,1,1],"lerp_mode":"catmullrom"},"2.0":{"post":[1,1,1],"lerp_mode":"catmullrom"},"2.25":{"post":[1,1,1],"lerp_mode":"catmullrom"},"2.5":{"post":[0,0,0],"lerp_mode":"catmullrom"}}},"Tv4":{"rotation":{"0.0":{"post":[-1.51686,0.74451,87.78413],"lerp_mode":"catmullrom"},"0.25":{"post":[0,0,0],"lerp_mode":"catmullrom"},"0.5":{"post":[0,0,5],"lerp_mode":"catmullrom"},"2.0":{"post":[0,0,5],"lerp_mode":"catmullrom"},"2.25":{"post":[0,0,0],"lerp_mode":"catmullrom"},"2.5":{"post":[-1.51686,0.74451,87.78413],"lerp_mode":"catmullrom"}},"scale":{"0.0":{"post":[0,0,0],"lerp_mode":"catmullrom"},"0.25":{"post":[1,1,1],"lerp_mode":"catmullrom"},"0.5":{"post":[1,1,1],"lerp_mode":"catmullrom"},"2.0":{"post":[1,1,1],"lerp_mode":"catmullrom"},"2.25":{"post":[1,1,1],"lerp_mode":"catmullrom"},"2.5":{"post":[0,0,0],"lerp_mode":"catmullrom"}}}},"particle_effects":{"0.25":[{"effect":"white_light","locator":"light"},{"effect":"white_light","locator":"light2"},{"effect":"white_light","locator":"light3"},{"effect":"white_light","locator":"light4"}]}}}}