{"format_version":"1.8.0","animations":{"animation.yg_titan_tv_man.general":{"loop":true,"animation_length":2,"bones":{"Body":{"rotation":{"0.0":{"post":[0,0,0],"lerp_mode":"catmullrom"},"1.0":{"post":[2.5,0,0],"lerp_mode":"catmullrom"},"1.5":{"post":[2.5,0,0],"lerp_mode":"catmullrom"},"2.0":{"post":[0,0,0],"lerp_mode":"catmullrom"}}},"Head":{"rotation":{"0.0":{"post":[0,0,0],"lerp_mode":"catmullrom"},"1.0":{"post":[-2.5,0,0],"lerp_mode":"catmullrom"},"2.0":{"post":[0,0,0],"lerp_mode":"catmullrom"}}},"Rightarm":{"rotation":{"0.0":{"post":[5,0,7.5],"lerp_mode":"catmullrom"},"1.0":{"post":[7.49294,-0.32621,9.97864],"lerp_mode":"catmullrom"},"2.0":{"post":[5,0,7.5],"lerp_mode":"catmullrom"}}},"bone":{"rotation":{"0.0":{"post":[-10,0,0],"lerp_mode":"catmullrom"},"1.0":{"post":[-15,0,0],"lerp_mode":"catmullrom"},"2.0":{"post":[-10,0,0],"lerp_mode":"catmullrom"}}},"Leftarm":{"rotation":{"0.0":{"post":[5,0,-7.5],"lerp_mode":"catmullrom"},"1.0":{"post":[7.49294,0.32621,-9.97864],"lerp_mode":"catmullrom"},"2.0":{"post":[5,0,-7.5],"lerp_mode":"catmullrom"}}},"bone3":{"rotation":{"0.0":{"post":[-10,0,0],"lerp_mode":"catmullrom"},"1.0":{"post":[-15,0,0],"lerp_mode":"catmullrom"},"2.0":{"post":[-10,0,0],"lerp_mode":"catmullrom"}}},"Rightleg":{"rotation":{"0.0":{"post":[0,2.5,2.5],"lerp_mode":"catmullrom"}}},"Leftleg":{"rotation":{"0.0":{"post":[0,-2.5,-2.5],"lerp_mode":"catmullrom"}}}}},"animation.yg_titan_tv_man.looking":{"loop":true,"bones":{"Head":{"rotation":{"0.0":{"post":["query.target_x_rotation-this","query.target_y_rotation-this",0],"lerp_mode":"catmullrom"}}}}},"animation.yg_titan_tv_man.move":{"loop":true,"animation_length":1,"anim_time_update":"query.modified_distance_moved * 0.1","bones":{"Root":{"position":{"0.0":{"post":[0,-1,0],"lerp_mode":"catmullrom"},"0.25":{"post":[0,0,0],"lerp_mode":"catmullrom"},"0.5":{"post":[0,-1,0],"lerp_mode":"catmullrom"},"0.75":{"post":[0,0,0],"lerp_mode":"catmullrom"},"1.0":{"post":[0,-1,0],"lerp_mode":"catmullrom"}}},"Body":{"rotation":{"0.0":{"post":[2.50954,4.99523,0.21865],"lerp_mode":"catmullrom"},"0.5":{"post":[5.019,-4.98093,-0.43688],"lerp_mode":"catmullrom"},"1.0":{"post":[2.50954,4.99523,0.21865],"lerp_mode":"catmullrom"}}},"Rightarm":{"rotation":{"0.0":{"post":[10,0,10],"lerp_mode":"catmullrom"},"0.5":{"post":[-5,0,10],"lerp_mode":"catmullrom"},"1.0":{"post":[10,0,10],"lerp_mode":"catmullrom"}}},"bone":{"rotation":{"0.0":{"post":[-27.5,0,0],"lerp_mode":"catmullrom"},"0.5":{"post":[-32.5,0,0],"lerp_mode":"catmullrom"},"1.0":{"post":[-27.5,0,0],"lerp_mode":"catmullrom"}}},"Leftarm":{"rotation":{"0.0":{"post":[0,0,-10],"lerp_mode":"catmullrom"},"0.5":{"post":[10,0,-10],"lerp_mode":"catmullrom"},"1.0":{"post":[0,0,-10],"lerp_mode":"catmullrom"}}},"bone3":{"rotation":{"0.0":{"post":[-32.5,0,0],"lerp_mode":"catmullrom"},"0.5":{"post":[-27.5,0,0],"lerp_mode":"catmullrom"},"1.0":{"post":[-32.5,0,0],"lerp_mode":"catmullrom"}}},"Rightleg":{"rotation":{"0.0":{"post":[-10,0,0],"lerp_mode":"catmullrom"},"0.5":{"post":[7.5,0,0],"lerp_mode":"catmullrom"},"1.0":{"post":[-10,0,0],"lerp_mode":"catmullrom"}}},"bone2":{"rotation":{"0.0":{"post":[12.5,0,0],"lerp_mode":"catmullrom"},"0.5":{"post":[10,0,0],"lerp_mode":"catmullrom"},"0.75":{"post":[1.09375,0,0],"lerp_mode":"catmullrom"},"1.0":{"post":[12.5,0,0],"lerp_mode":"catmullrom"}}},"Leftleg":{"rotation":{"0.0":{"post":[7.5,0,0],"lerp_mode":"catmullrom"},"0.5":{"post":[-10,0,0],"lerp_mode":"catmullrom"},"1.0":{"post":[7.5,0,0],"lerp_mode":"catmullrom"}}},"bone4":{"rotation":{"0.0":{"post":[10,0,0],"lerp_mode":"catmullrom"},"0.25":{"post":[1.09375,0,0],"lerp_mode":"catmullrom"},"0.5":{"post":[12.5,0,0],"lerp_mode":"catmullrom"},"1.0":{"post":[10,0,0],"lerp_mode":"catmullrom"}}}}},"animation.yg_titan_tv_man.attack":{"animation_length":1,"bones":{"Body":{"rotation":{"0.0":{"post":[0,0,0],"lerp_mode":"catmullrom"},"0.1667":{"post":[0,17.5,0],"lerp_mode":"catmullrom"},"0.3333":{"post":[5,-15,0],"lerp_mode":"catmullrom"},"0.6667":{"post":[5,-15,0],"lerp_mode":"catmullrom"},"1.0":{"post":[0,0,0],"lerp_mode":"catmullrom"}}},"Head":{"rotation":{"0.0":{"post":[0,0,0],"lerp_mode":"catmullrom"},"0.1667":{"post":[-12.5,5,0],"lerp_mode":"catmullrom"},"0.3333":{"post":[1.29242,-4.984,2.5159],"lerp_mode":"catmullrom"},"0.6667":{"post":[1.29242,-4.984,2.5159],"lerp_mode":"catmullrom"},"1.0":{"post":[0,0,0],"lerp_mode":"catmullrom"}}},"Rightarm":{"rotation":{"0.0":{"post":[0,0,0],"lerp_mode":"catmullrom"},"0.1667":{"post":[49.26926,13.35981,40.02126],"lerp_mode":"catmullrom"},"0.3333":{"post":[-74.64741,-32.23907,-4.82534],"lerp_mode":"catmullrom"},"0.6667":{"post":[-77.15,-32.24,-4.83],"lerp_mode":"catmullrom"},"1.0":{"post":[0,0,0],"lerp_mode":"catmullrom"}}},"bone":{"rotation":{"0.0":{"post":[0,0,0],"lerp_mode":"catmullrom"},"0.1667":{"post":[-74.86805,-20.38561,-1.65738],"lerp_mode":"catmullrom"},"0.3333":{"post":[-10,0,-67.5],"lerp_mode":"catmullrom"},"0.6667":{"post":[-10,0,-67.5],"lerp_mode":"catmullrom"},"1.0":{"post":[0,0,0],"lerp_mode":"catmullrom"}}},"Leftarm":{"rotation":{"0.0":{"post":[0,0,0],"lerp_mode":"catmullrom"},"0.1667":{"post":[0.87427,0.26828,-17.16412],"lerp_mode":"catmullrom"},"0.3333":{"post":[20.14475,12.81001,-7.48249],"lerp_mode":"catmullrom"},"0.6667":{"post":[19.59169,13.65979,-9.89782],"lerp_mode":"catmullrom"},"1.0":{"post":[0,0,0],"lerp_mode":"catmullrom"}}},"bone3":{"rotation":{"0.0":{"post":[0,0,0],"lerp_mode":"catmullrom"},"0.1667":{"post":[-32.5,0,0],"lerp_mode":"catmullrom"},"0.3333":{"post":[-44.53741,-1.5386,-2.84647],"lerp_mode":"catmullrom"},"0.6667":{"post":[-44.54,-1.54,-2.85],"lerp_mode":"catmullrom"},"1.0":{"post":[0,0,0],"lerp_mode":"catmullrom"}}}}},"animation.yg_titan_tv_man.attack2":{"animation_length":1,"bones":{"Body":{"rotation":{"0.0":{"post":[0,0,0],"lerp_mode":"catmullrom"},"0.1667":{"post":[-7.5,-10,0],"lerp_mode":"catmullrom"},"0.3333":{"post":[7.56025,12.31085,2.93057],"lerp_mode":"catmullrom"},"0.6667":{"post":[7.56,12.31,2.93],"lerp_mode":"catmullrom"},"1.0":{"post":[0,0,0],"lerp_mode":"catmullrom"}}},"Head":{"rotation":{"0.0":{"post":[0,0,0],"lerp_mode":"catmullrom"},"0.1667":{"post":[7.5,12.5,0],"lerp_mode":"catmullrom"},"0.3333":{"post":[-5.06943,-9.81409,-2.90569],"lerp_mode":"catmullrom"},"0.6667":{"post":[-5.07,-9.81,-2.91],"lerp_mode":"catmullrom"},"1.0":{"post":[0,0,0],"lerp_mode":"catmullrom"}}},"Rightarm":{"rotation":{"0.0":{"post":[0,0,0],"lerp_mode":"catmullrom"},"0.1667":{"post":[21.70973,2.58371,10.17517],"lerp_mode":"catmullrom"},"0.3333":{"post":[37.5,0,20],"lerp_mode":"catmullrom"},"0.6667":{"post":[37.5,0,20],"lerp_mode":"catmullrom"},"1.0":{"post":[0,0,0],"lerp_mode":"catmullrom"}}},"bone":{"rotation":{"0.0":{"post":[0,0,0],"lerp_mode":"catmullrom"},"0.1667":{"post":[-30.15625,0,0],"lerp_mode":"catmullrom"},"0.3333":{"post":[-55,0,0],"lerp_mode":"catmullrom"},"0.6667":{"post":[-55,0,0],"lerp_mode":"catmullrom"},"1.0":{"post":[0,0,0],"lerp_mode":"catmullrom"}}},"Leftarm":{"rotation":{"0.0":{"post":[0,0,0],"lerp_mode":"catmullrom"},"0.1667":{"post":[-72.9117,-53.77546,-13.92809],"lerp_mode":"catmullrom"},"0.3333":{"post":[-44.24027,16.32555,22.44031],"lerp_mode":"catmullrom"},"0.6667":{"post":[-44.24,16.33,22.44],"lerp_mode":"catmullrom"},"1.0":{"post":[0,0,0],"lerp_mode":"catmullrom"}}},"bone3":{"rotation":{"0.0":{"post":[0,0,0],"lerp_mode":"catmullrom"},"0.1667":{"post":[-57.5,0,0],"lerp_mode":"catmullrom"},"0.3333":{"post":[0,10,52.5],"lerp_mode":"catmullrom"},"0.6667":{"post":[0,10,52.5],"lerp_mode":"catmullrom"},"1.0":{"post":[0,0,0],"lerp_mode":"catmullrom"}}}}},"animation.yg_titan_tv_man.attack3":{"animation_length":1,"bones":{"Body":{"rotation":{"0.0":{"post":[0,0,0],"lerp_mode":"catmullrom"},"0.1667":{"post":[-12.5,0,0],"lerp_mode":"catmullrom"},"0.3333":{"post":[32.5,0,0],"lerp_mode":"catmullrom"},"0.6667":{"post":[32.5,0,0],"lerp_mode":"catmullrom"},"1.0":{"post":[0,0,0],"lerp_mode":"catmullrom"}}},"Head":{"rotation":{"0.0":{"post":[0,0,0],"lerp_mode":"catmullrom"},"0.1667":{"post":[15,0,0],"lerp_mode":"catmullrom"},"0.3333":{"post":[-15,0,0],"lerp_mode":"catmullrom"},"0.6667":{"post":[-15,0,0],"lerp_mode":"catmullrom"},"1.0":{"post":[0,0,0],"lerp_mode":"catmullrom"}}},"Rightarm":{"rotation":{"0.0":{"post":[0,0,0],"lerp_mode":"catmullrom"},"0.1667":{"post":[0,0,7.5],"lerp_mode":"catmullrom"},"0.3333":{"post":[15,0,17.5],"lerp_mode":"catmullrom"},"0.6667":{"post":[14.98637,-0.64686,19.91492],"lerp_mode":"catmullrom"},"1.0":{"post":[0,0,0],"lerp_mode":"catmullrom"}}},"bone":{"rotation":{"0.0":{"post":[0,0,0],"lerp_mode":"catmullrom"},"0.1667":{"post":[-27.5,0,0],"lerp_mode":"catmullrom"},"0.3333":{"post":[-42.5,0,0],"lerp_mode":"catmullrom"},"0.6667":{"post":[-45,0,0],"lerp_mode":"catmullrom"},"1.0":{"post":[0,0,0],"lerp_mode":"catmullrom"}}},"Leftarm":{"rotation":{"0.0":{"post":[0,0,0],"lerp_mode":"catmullrom"},"0.1667":{"post":[0,0,-7.5],"lerp_mode":"catmullrom"},"0.3333":{"post":[19.8423,2.55868,-14.55239],"lerp_mode":"catmullrom"},"0.6667":{"post":[19.71739,3.40609,-16.90569],"lerp_mode":"catmullrom"},"1.0":{"post":[0,0,0],"lerp_mode":"catmullrom"}}},"bone3":{"rotation":{"0.0":{"post":[0,0,0],"lerp_mode":"catmullrom"},"0.1667":{"post":[-27.5,0,0],"lerp_mode":"catmullrom"},"0.3333":{"post":[-42.5,0,0],"lerp_mode":"catmullrom"},"0.6667":{"post":[-47.5,0,0],"lerp_mode":"catmullrom"},"1.0":{"post":[0,0,0],"lerp_mode":"catmullrom"}}},"Claw":{"rotation":{"0.0":{"post":[0,0,0],"lerp_mode":"catmullrom"},"0.1667":{"post":[32.5,0,0],"lerp_mode":"catmullrom"},"0.3333":{"post":[204.26701,13.34855,-27.11771],"lerp_mode":"catmullrom"},"0.6667":{"post":[204.27,13.35,-27.12],"lerp_mode":"catmullrom"},"1.0":{"post":[0,0,0],"lerp_mode":"catmullrom"}}},"bone6":{"rotation":{"0.0":{"post":[0,0,0],"lerp_mode":"catmullrom"},"0.1667":{"post":[-57.5,0,0],"lerp_mode":"catmullrom"},"0.3333":{"post":[-120,0,0],"lerp_mode":"catmullrom"},"0.6667":{"post":[-120,0,0],"lerp_mode":"catmullrom"},"1.0":{"post":[0,0,0],"lerp_mode":"catmullrom"}}},"bone7":{"rotation":{"0.0":{"post":[0,0,0],"lerp_mode":"catmullrom"},"0.1667":{"post":[12.5,0,0],"lerp_mode":"catmullrom"},"0.3333":{"post":[-75,0,0],"lerp_mode":"catmullrom"},"0.6667":{"post":[-75,0,0],"lerp_mode":"catmullrom"},"1.0":{"post":[0,0,0],"lerp_mode":"catmullrom"}}},"Claw2":{"rotation":{"0.0":{"post":[0,0,0],"lerp_mode":"catmullrom"},"0.1667":{"post":[32.5,0,0],"lerp_mode":"catmullrom"},"0.3333":{"post":[204.26701,-13.34855,27.11771],"lerp_mode":"catmullrom"},"0.6667":{"post":[204.27,-13.35,27.12],"lerp_mode":"catmullrom"},"1.0":{"post":[0,0,0],"lerp_mode":"catmullrom"}}},"bone5":{"rotation":{"0.0":{"post":[0,0,0],"lerp_mode":"catmullrom"},"0.1667":{"post":[-57.5,0,0],"lerp_mode":"catmullrom"},"0.3333":{"post":[-120,0,0],"lerp_mode":"catmullrom"},"0.6667":{"post":[-120,0,0],"lerp_mode":"catmullrom"},"1.0":{"post":[0,0,0],"lerp_mode":"catmullrom"}}},"bone8":{"rotation":{"0.0":{"post":[0,0,0],"lerp_mode":"catmullrom"},"0.1667":{"post":[12.5,0,0],"lerp_mode":"catmullrom"},"0.3333":{"post":[-75,0,0],"lerp_mode":"catmullrom"},"0.6667":{"post":[-75,0,0],"lerp_mode":"catmullrom"},"1.0":{"post":[0,0,0],"lerp_mode":"catmullrom"}}}}},"animation.yg_titan_tv_man.roar":{"animation_length":2,"bones":{"Body":{"rotation":{"0.0":{"post":[0,0,0],"lerp_mode":"catmullrom"},"0.1667":{"post":[-5,0,0],"lerp_mode":"catmullrom"},"0.3333":{"post":[17.5,0,0],"lerp_mode":"catmullrom"},"1.75":{"post":[17.5,0,0],"lerp_mode":"catmullrom"},"2.0":{"post":[0,0,0],"lerp_mode":"catmullrom"}}},"Head":{"rotation":{"0.0":{"post":[0,0,0],"lerp_mode":"catmullrom"},"0.1667":{"post":[-17.5,0,0],"lerp_mode":"catmullrom"},"0.3333":{"post":[-10,0,0],"lerp_mode":"catmullrom"},"1.75":{"post":[-10,0,0],"lerp_mode":"catmullrom"},"2.0":{"post":[0,0,0],"lerp_mode":"catmullrom"}}},"Rightarm":{"rotation":{"0.0":{"post":[0,0,0],"lerp_mode":"catmullrom"},"0.1667":{"post":[0,0,7.5],"lerp_mode":"catmullrom"},"0.3333":{"post":[17.5,0,27.5],"lerp_mode":"catmullrom"},"1.75":{"post":[17.5,0,27.5],"lerp_mode":"catmullrom"},"2.0":{"post":[0,0,0],"lerp_mode":"catmullrom"}}},"bone":{"rotation":{"0.0":{"post":[0,0,0],"lerp_mode":"catmullrom"},"0.1667":{"post":[-15,0,0],"lerp_mode":"catmullrom"},"0.3333":{"post":[-37.5,0,0],"lerp_mode":"catmullrom"},"1.75":{"post":[-37.5,0,0],"lerp_mode":"catmullrom"},"2.0":{"post":[0,0,0],"lerp_mode":"catmullrom"}}},"Leftarm":{"rotation":{"0.0":{"post":[0,0,0],"lerp_mode":"catmullrom"},"0.1667":{"post":[0,0,-7.5],"lerp_mode":"catmullrom"},"0.3333":{"post":[15,0,-30],"lerp_mode":"catmullrom"},"1.75":{"post":[15,0,-30],"lerp_mode":"catmullrom"},"2.0":{"post":[0,0,0],"lerp_mode":"catmullrom"}}},"bone3":{"rotation":{"0.0":{"post":[0,0,0],"lerp_mode":"catmullrom"},"0.1667":{"post":[-15,0,0],"lerp_mode":"catmullrom"},"0.3333":{"post":[-37.5,0,0],"lerp_mode":"catmullrom"},"1.75":{"post":[-37.5,0,0],"lerp_mode":"catmullrom"},"2.0":{"post":[0,0,0],"lerp_mode":"catmullrom"}}},"Rightleg":{"rotation":{"0.0":{"post":[0,0,0],"lerp_mode":"catmullrom"},"0.1667":{"post":[0,0,0],"lerp_mode":"catmullrom"},"0.3333":{"post":[0,0,7.5],"lerp_mode":"catmullrom"},"1.75":{"post":[0,0,7.5],"lerp_mode":"catmullrom"},"2.0":{"post":[0,0,0],"lerp_mode":"catmullrom"}}},"bone2":{"rotation":{"0.0":{"post":[0,0,0],"lerp_mode":"catmullrom"},"0.1667":{"post":[0,0,0],"lerp_mode":"catmullrom"},"0.3333":{"post":[7.5,0,0],"lerp_mode":"catmullrom"},"1.75":{"post":[7.5,0,0],"lerp_mode":"catmullrom"},"2.0":{"post":[0,0,0],"lerp_mode":"catmullrom"}}},"Leftleg":{"rotation":{"0.0":{"post":[0,0,0],"lerp_mode":"catmullrom"},"0.1667":{"post":[0,0,0],"lerp_mode":"catmullrom"},"0.3333":{"post":[0,0,-7.5],"lerp_mode":"catmullrom"},"1.75":{"post":[0,0,-7.5],"lerp_mode":"catmullrom"},"2.0":{"post":[0,0,0],"lerp_mode":"catmullrom"}}},"bone4":{"rotation":{"0.0":{"post":[0,0,0],"lerp_mode":"catmullrom"},"0.1667":{"post":[0,0,0],"lerp_mode":"catmullrom"},"0.3333":{"post":[7.5,0,0],"lerp_mode":"catmullrom"},"1.75":{"post":[7.5,0,0],"lerp_mode":"catmullrom"},"2.0":{"post":[0,0,0],"lerp_mode":"catmullrom"}}}}}}}