{"format_version":"1.10.0","minecraft:client_entity":{"description":{"identifier":"yg:camo_toilet","materials":{"default":"witch"},"textures":{"default":"textures/entity/toilet/yg_camo_toilet"},"geometry":{"default":"geometry.yg_camo_toilet"},"scripts":{"animate":["move","general"],"pre_animation":["variable.random = math.round(math.random(0,2));"],"scale":"7"},"animations":{"moving":"animation.yg_camo_toilet.move","move":"controller.animation.yg_camo_toilet.move","gazo_general":"animation.yg_camo_toilet.general","general":"controller.animation.yg_camo_toilet.general","attack0":"animation.yg_camo_toilet.attack","look_at_target":"animation.yg_camo_toilet.looking"},"render_controllers":["controller.render.witch"],"spawn_egg":{"texture":"yg:camo_toilet","texture_index":0}}}}