{"format_version":"1.10.0","minecraft:client_entity":{"description":{"identifier":"yg:flamethrower_toilet","materials":{"default":"witch"},"textures":{"default":"textures/entity/toilet/yg_flamethrower_toilet"},"geometry":{"default":"geometry.yg_flamethrower_toilet"},"scripts":{"animate":["move","general"],"pre_animation":["variable.random = math.round(math.random(0,2));"],"scale":"11"},"animations":{"moving":"animation.yg_flamethrower_toilet.move","move":"controller.animation.yg_flamethrower_toilet.move","gazo_general":"animation.yg_flamethrower_toilet.general","general":"controller.animation.yg_flamethrower_toilet.general","attack0":"animation.yg_flamethrower_toilet.attack","look_at_target":"animation.yg_flamethrower_toilet.looking","shoot":"animation.yg_flamethrower_toilet.shoot"},"render_controllers":["controller.render.witch"],"spawn_egg":{"texture":"yg:flamethrower_toilet","texture_index":0}}}}