{"format_version":"1.10.0","minecraft:client_entity":{"description":{"identifier":"yg:glitch_toilet","materials":{"default":"enderman"},"textures":{"default":"textures/entity/toilet/yg_glitch_toilet"},"geometry":{"default":"geometry.yg_glitch_toilet"},"scripts":{"animate":["general"],"scale":"1"},"animations":{"general":"animation.yg_glitch_toilet.general"},"render_controllers":["controller.render.witch"],"spawn_egg":{"texture":"yg:glitch_toilet","texture_index":0},"particle_effects":{"speed":"yg:infection"}}}}