{"format_version":"1.10.0","minecraft:client_entity":{"description":{"identifier":"yg:gman_toilet_2","materials":{"default":"enderman"},"textures":{"default":"textures/entity/toilet/gman/yg_gman_toilet_2","laser":"textures/entity/toilet/gman/yg_gman_toilet_2_laser"},"geometry":{"default":"geometry.yg_gman_toilet_2"},"scripts":{"animate":["move","general"],"pre_animation":["variable.random = math.round(math.random(0,2));"],"scale":"12"},"animations":{"moving":"animation.yg_gman_toilet_2.move","move":"controller.animation.yg_gman_toilet_2.move","gazo_general":"animation.yg_gman_toilet_2.general","general":"controller.animation.yg_gman_toilet_2.general","attack0":"animation.yg_gman_toilet_2.attack","look_at_target":"animation.yg_gman_toilet_2.looking"},"render_controllers":["controller.render.yg_gman"],"spawn_egg":{"texture":"yg:gman_toilet","texture_index":0}}}}