{"format_version":"1.10.0","minecraft:client_entity":{"description":{"identifier":"yg:rocket_toilet","materials":{"default":"enderman"},"textures":{"default":"textures/entity/toilet/yg_rocket_toilet"},"geometry":{"default":"geometry.yg_rocket_toilet"},"scripts":{"animate":["general","look_at_target"],"pre_animation":["variable.random = math.round(math.random(0,2));"],"scale":"7"},"animations":{"general":"animation.yg_rocket_toilet.general","look_at_target":"animation.yg_rocket_toilet.looking"},"render_controllers":["controller.render.witch"],"spawn_egg":{"texture":"yg:rocket_toilet","texture_index":0}}}}