{"format_version":"1.10.0","minecraft:client_entity":{"description":{"identifier":"yg:saw_toilet","materials":{"default":"witch"},"textures":{"default":"textures/entity/toilet/yg_saw_toilet"},"geometry":{"default":"geometry.yg_saw_toilet"},"scripts":{"animate":["general"],"pre_animation":["variable.random = math.round(math.random(0,2));"],"scale":"2"},"animations":{"general":"animation.yg_saw_toilet.general"},"render_controllers":["controller.render.witch"],"spawn_egg":{"texture":"yg:saw_toilet","texture_index":0}}}}