{"format_version":"1.10.0","minecraft:client_entity":{"description":{"identifier":"yg:scientist_toilet","materials":{"default":"enderman"},"textures":{"default":"textures/entity/toilet/scientist/yg_scientist_toilet"},"geometry":{"default":"geometry.yg_scientist_toilet"},"scripts":{"animate":["move","general"],"pre_animation":["variable.random = math.round(math.random(0,2));"],"scale":"3"},"animations":{"moving":"animation.yg_scientist_toilet.move","move":"controller.animation.yg_scientist_toilet.move","gazo_general":"animation.yg_scientist_toilet.general","general":"controller.animation.yg_scientist_toilet.general","attack0":"animation.yg_scientist_toilet.attack","look_at_target":"animation.yg_scientist_toilet.looking"},"render_controllers":["controller.render.witch"],"spawn_egg":{"texture":"yg:scientist_toilet","texture_index":0}}}}