{
    "liaz.drive": {
        "category": "neutral",
        "min_distance": 3.0,
        "sounds": [
            "sounds/liaz/drive"
        ]
    },
    "liaz.motor_work": {
        "category": "neutral",
        "min_distance": 3.0,
        "sounds": [
            "sounds/liaz/motor_work"
        ]
    },
    "liaz.start": {
        "category": "neutral",
        "min_distance": 3.0,
        "sounds": [
            "sounds/liaz/start"
        ]
    },
    "liaz.speed": {
        "category": "neutral",
        "min_distance": 3.0,
        "sounds": [
            "sounds/liaz/speed"
        ]
    },
    "liaz.hit": {
        "category": "neutral",
        "min_distance": 3.0,
        "sounds": [
            "sounds/liaz/hit1",
            "sounds/liaz/hit2",
            "sounds/liaz/hit3"
        ]
    },
    "liaz.death": {
        "category": "neutral",
        "min_distance": 3.0,
        "sounds": [
            "sounds/liaz/hit1",
            "sounds/liaz/hit2",
            "sounds/liaz/hit3"
        ]
    },
    "liaz.door_open_liaz": {
        "category": "neutral",
        "min_distance": 3.0,
        "sounds": [
            "sounds/liaz/door_open_liaz"
        ]
    },
    "liaz.door_close_liaz": {
        "category": "neutral",
        "min_distance": 3.0,
        "sounds": [
            "sounds/liaz/door_close_liaz"
        ]
    },
    "liaz.light_on": {
        "category": "neutral",
        "min_distance": 3.0,
        "sounds": [
            "sounds/liaz/light_on"
        ]
    },
    "liaz.light_off": {
        "category": "neutral",
        "min_distance": 3.0,
        "sounds": [
            "sounds/liaz/light_off"
        ]
    },
    "liaz.hood": {
        "category": "neutral",
        "min_distance": 3.0,
        "sounds": [
            "sounds/liaz/hood"
        ]
    },
    "liaz.color": {
        "category": "neutral",
        "min_distance": 3.0,
        "sounds": [
            "sounds/liaz/color"
        ]
    }
}