{
  "entity_sounds": {
    "entities": {
      "pa:cam_titan": {
        "volume": 1.0,
        "pitch": [
          0.8,
          1.2
        ],
        "events": {
          "ambient": "mob.irongolem.say",
          "hurt": "mob.irongolem.hit",
          "death": "mob.irongolem.death",
          "step": {
            "sound": "mob.irongolem.walk",
            "volume": 1.0,
            "pitch": 1.0
          },
          "throw": "mob.pa_cam_titam.throw"
        }
      },
      "pa:skibidi_large": {
        "volume": 1.0,
        "pitch": [
          0.8,
          1.2
        ],
        "events": {
          "ambient": "mob.pa_skibidi.ambient",
          "hurt": "mob.witch.hurt",
          "death": "mob.witch.death",
          "drink": {
            "sound": "mob.witch.drink",
            "volume": 1.0,
            "pitch": 1.0
          },
          "throw": {
            "sound": "mob.witch.throw",
            "volume": 1.0,
            "pitch": 1.0
          },
          "ambient.in.raid": {
            "sound": "mob.witch.ambient",
            "volume": 3.0,
            "pitch": [
              0.8,
              1.2
            ]
          },
          "celebrate": "mob.witch.celebrate"
        }
      },
      "pa:skibidi": {
        "volume": 1.0,
        "pitch": [
          0.8,
          1.2
        ],
        "events": {
          "ambient": "mob.pa_skibidi.ambient",
          "hurt": "mob.witch.hurt",
          "death": "mob.witch.death",
          "drink": {
            "sound": "mob.witch.drink",
            "volume": 1.0,
            "pitch": 1.0
          },
          "throw": {
            "sound": "mob.witch.throw",
            "volume": 1.0,
            "pitch": 1.0
          },
          "ambient.in.raid": {
            "sound": "mob.witch.ambient",
            "volume": 3.0,
            "pitch": [
              0.8,
              1.2
            ]
          },
          "celebrate": "mob.witch.celebrate"
        }
      },
      "s:speakwr": {
        "volume": 1.0,
        "pitch": [
          0.8,
          1.2
        ],
        "events": {
          "ambient": "mob.irongolem.say",
          "hurt": "mob.cd_cave_dawllers.hit",
          "death": "mob.cd_cave_dawllers.death",
          "step": "mob.cd_cave_dawllers.walk",
          "throw": "mob.s_cine.throw"
        }
      },
      "pa:crockback": {
        "volume": 1.0,
        "pitch": [
          0.8,
          1.2
        ],
        "events": {
          "ambient": "mob.irongolem.say",
          "hurt": "mob.irongolem.hit",
          "death": "mob.irongolem.death",
          "step": {
            "sound": "mob.irongolem.walk",
            "volume": 1.0,
            "pitch": 1.0
          },
          "throw": "mob.pa_cam.throw"
        }
      },
      "pa:speaker_men": {
        "volume": 1.0,
        "pitch": [
          0.8,
          1.2
        ],
        "events": {
          "ambient": "mob.irongolem.say",
          "hurt": "mob.irongolem.hit",
          "death": "mob.irongolem.death",
          "step": {
            "sound": "mob.irongolem.walk",
            "volume": 1.0,
            "pitch": 1.0
          },
          "throw": "mob.pa_cam.throw"
        }
      },
      "pa:cam": {
        "volume": 1.0,
        "pitch": [
          0.8,
          1.2
        ],
        "events": {
          "ambient": "mob.irongolem.say",
          "hurt": "mob.irongolem.hit",
          "death": "mob.irongolem.death",
          "step": {
            "sound": "mob.irongolem.walk",
            "volume": 1.0,
            "pitch": 1.0
          },
          "throw": "mob.pa_cam.throw"
        }
      },
      "tm:tvtitan": {
        "volume": 1.0,
        "pitch": [
          0.8,
          1.2
        ],
        "events": {
          "ambient": "mob.irongolem.say",
          "hurt": "mob.cd_cave_dawllers.hit",
          "death": "mob.cd_cave_dawllers.death",
          "step": "mob.cd_cave_dawllers.walk",
          "throw": "mob.s_cine.throw"
        }
      },
      "pa:skibidi_spider": {
        "volume": 1.0,
        "pitch": [
          0.8,
          1.2
        ],
        "events": {
          "ambient": "mob.pa_skibidi.ambient",
          "hurt": "mob.witch.hurt",
          "death": "mob.witch.death",
          "drink": {
            "sound": "mob.witch.drink",
            "volume": 1.0,
            "pitch": 1.0
          },
          "throw": {
            "sound": "mob.witch.throw",
            "volume": 1.0,
            "pitch": 1.0
          },
          "ambient.in.raid": {
            "sound": "mob.witch.ambient",
            "volume": 3.0,
            "pitch": [
              0.8,
              1.2
            ]
          },
          "celebrate": "mob.witch.celebrate"
        }
      },
      "pa:tvman_large": {
        "volume": 1.0,
        "pitch": [
          0.8,
          1.2
        ],
        "events": {
          "ambient": "mob.irongolem.say",
          "hurt": "mob.irongolem.hit",
          "death": "mob.irongolem.death",
          "step": {
            "sound": "mob.irongolem.walk",
            "volume": 1.0,
            "pitch": 1.0
          },
          "throw": "mob.pa_cam.throw"
        }
      },
      "pa:skibidi_sunglass": {
        "volume": 1.0,
        "pitch": [
          0.8,
          1.2
        ],
        "events": {
          "ambient": "mob.pa_skibidi.ambient",
          "hurt": "mob.witch.hurt",
          "death": "mob.witch.death",
          "drink": {
            "sound": "mob.witch.drink",
            "volume": 1.0,
            "pitch": 1.0
          },
          "throw": {
            "sound": "mob.witch.throw",
            "volume": 1.0,
            "pitch": 1.0
          },
          "ambient.in.raid": {
            "sound": "mob.witch.ambient",
            "volume": 3.0,
            "pitch": [
              0.8,
              1.2
            ]
          },
          "celebrate": "mob.witch.celebrate"
        }
      },
      "tm:tvtitan_cine": {
        "volume": 1.0,
        "pitch": [
          0.8,
          1.2
        ],
        "events": {
          "ambient": "mob.irongolem.say",
          "hurt": "mob.cd_cave_dawllers.hit",
          "death": "mob.cd_cave_dawllers.death",
          "step": "mob.cd_cave_dawllers.walk",
          "throw": "mob.s_cine.throw"
        }
      },
      "tm:omega": {
        "volume": 1.0,
        "pitch": [
          0.8,
          1.2
        ],
        "events": {
          "ambient": "mob.irongolem.say",
          "hurt": "mob.cd_cave_dawllers.hit",
          "death": "mob.cd_cave_dawllers.death",
          "step": "mob.cd_cave_dawllers.walk",
          "throw": "mob.s_cine.throw"
        }
      },
      "pa:saw": {
        "volume": 1.0,
        "pitch": [
          0.8,
          1.2
        ],
        "events": {
          "ambient": "mob.pa_skibidi.ambient",
          "hurt": "mob.witch.hurt",
          "death": "mob.witch.death",
          "drink": {
            "sound": "mob.witch.drink",
            "volume": 1.0,
            "pitch": 1.0
          },
          "throw": {
            "sound": "mob.witch.throw",
            "volume": 1.0,
            "pitch": 1.0
          },
          "ambient.in.raid": {
            "sound": "mob.witch.ambient",
            "volume": 3.0,
            "pitch": [
              0.8,
              1.2
            ]
          },
          "celebrate": "mob.witch.celebrate"
        }
      },
      "pa:skibidi_masked": {
        "volume": 1.0,
        "pitch": [
          0.8,
          1.2
        ],
        "events": {
          "ambient": "mob.pa_skibidi.ambient",
          "hurt": "mob.witch.hurt",
          "death": "mob.witch.death",
          "drink": {
            "sound": "mob.witch.drink",
            "volume": 1.0,
            "pitch": 1.0
          },
          "throw": {
            "sound": "mob.witch.throw",
            "volume": 1.0,
            "pitch": 1.0
          },
          "ambient.in.raid": {
            "sound": "mob.witch.ambient",
            "volume": 3.0,
            "pitch": [
              0.8,
              1.2
            ]
          },
          "celebrate": "mob.witch.celebrate"
        }
      },
      "pa:axer": {
        "volume": 1.0,
        "pitch": [
          0.8,
          1.2
        ],
        "events": {
          "ambient": "mob.pa_skibidi.ambient",
          "hurt": "mob.witch.hurt",
          "death": "mob.witch.death",
          "drink": {
            "sound": "mob.witch.drink",
            "volume": 1.0,
            "pitch": 1.0
          },
          "throw": {
            "sound": "mob.witch.throw",
            "volume": 1.0,
            "pitch": 1.0
          },
          "ambient.in.raid": {
            "sound": "mob.witch.ambient",
            "volume": 3.0,
            "pitch": [
              0.8,
              1.2
            ]
          },
          "celebrate": "mob.witch.celebrate"
        }
      },
      "pa:bull": {
        "volume": 1.0,
        "pitch": [
          0.8,
          1.2
        ],
        "events": {
          "ambient": "mob.pa_skibidi.ambient",
          "hurt": "mob.witch.hurt",
          "death": "mob.witch.death",
          "drink": {
            "sound": "mob.witch.drink",
            "volume": 1.0,
            "pitch": 1.0
          },
          "throw": {
            "sound": "mob.witch.throw",
            "volume": 1.0,
            "pitch": 1.0
          },
          "ambient.in.raid": {
            "sound": "mob.witch.ambient",
            "volume": 3.0,
            "pitch": [
              0.8,
              1.2
            ]
          },
          "celebrate": "mob.witch.celebrate"
        }
      },
      "tm:giant_sp": {
        "volume": 1.0,
        "pitch": [
          0.8,
          1.2
        ],
        "events": {
          "ambient": "mob.irongolem.say",
          "hurt": "mob.cd_cave_dawllers.hit",
          "death": "mob.cd_cave_dawllers.death",
          "step": "mob.cd_cave_dawllers.walk",
          "throw": "mob.tm_tvtitan_cine.throw"
        }
      },
      "tm:golden_speaker": {
        "volume": 1.0,
        "pitch": [
          0.8,
          1.2
        ],
        "events": {
          "ambient": "mob.irongolem.say",
          "hurt": "mob.cd_cave_dawllers.hit",
          "death": "mob.cd_cave_dawllers.death",
          "step": "mob.cd_cave_dawllers.walk",
          "throw": "mob.tm_tvtitan_cine.throw"
        }
      }
    }
  }
}