{
  "format_version": "1.10.0",
  "minecraft:client_entity": {
    "description": {
      "identifier": "ic:g_toilet_3",
      "textures": {
        "default": "textures/entity/toilet/ic_g_toilet_phase3"
      },
      "materials": {
        "default": "entity_emissive_alpha"
      },
      "geometry": {
        "default": "geometry.ic_g_toilet_phase3"
      },
      "particle_effects": {
        "rocket_flame": "ic:titan_rocket_flame"
      }, 
      "sound_effects": {
        "chase": "ic.skibidi.gman_chase"
      },
      "render_controllers": [
        "controller.render.default"
      ],
      "spawn_egg": {
        "texture": "ic:g_toilet_phase3",
        "texture_index": 0
      },
      "animations": {
      "skibidi_controls" : "controller.animation.skibidi",
      "fire_controls" : "controller.animation.skibidi_spider_fire",
      "move_controls" : "controller.animation.skibidi_fly_move",
        "target": "animation.skibidi.target",
        "fly": "animation.ic_skibidi_jetpack.move",
        "sing": "animation.skibidi.sing",
        "fire" : "animation.ic_skibidi_titan_laser_fire2",
        "idle": "animation.skibidi.idle",
        "look": "animation.skibidi.look_at_target",
        "default": "animation.toilet_titan.default" 
      },
      "scripts": {
      "should_update_bones_and_effects_offscreen": true,
        "animate": [
            "skibidi_controls",
            "fire_controls",
            "move_controls",
            "look",
            "default"
        ]
      }
    }
  }
}