{
  "format_version": "1.10.0",
  "minecraft:client_entity": {
    "description": {
      "identifier": "ic:infected_titan_speakerman",
      "textures": {
        "default": "textures/entity/humanoid/ic_titan_speakerman"
      },
      "materials": {
        "default": "entity_emissive_alpha"
      },
      "geometry": {
        "default": "geometry.ic_titan_speakerman"
      },
      "particle_effects": {
        "rocket_flame": "ic:titan_rocket_flame",
        "electric_spark": "ic:titan_electric_spark"
      }, 
      "render_controllers": [
        "controller.render.default"
      ],
      "spawn_egg": {
        "texture": "ic:infected_titan_speakerman",
        "texture_index": 0
      },
      "animations": {
      "general_controls" : "controller.animation.titan_general",
      "fly_controls2" : "controller.animation.titan_fly2",
      "move_controls" : "controller.animation.titan",
      "attack_controls" : "controller.animation.titan_attack2",
      "fire_controls" : "controller.animation.titan_fire",
      "infected": "animation.titan.infected",
      "setup": "animation.titan.default",
      "fly": "animation.titan.fly",
      "fly2": "animation.titan.fly2",
      "leap": "animation.big_human.leap",
      "fire": "animation.titan.shoot",
        "walk": "animation.titan.walk",
        "attack2" : "animation.titan.attack2",
        "attack3" : "animation.titan.attack3",
        "idle": "animation.titan.idle",
        "look": "animation.titan.look_at_target"
      },
      "scripts": {
      "should_update_bones_and_effects_offscreen": true,
        "animate": [
            "general_controls",
            "setup",
            "infected",
            "fire_controls",
            "attack_controls",
            "look"
        ]
      }
    }
  }
}