{
  "format_version": "1.10.0",
  "minecraft:client_entity": {
    "description": {
      "identifier": "ic:plunger_cameraman",
      "textures": {
        "default": "textures/entity/humanoid/ic_plunger_cameraman"
      },
      "materials": {
        "default": "entity_emissive_alpha"
      },
      "geometry": {
        "default": "geometry.ic_plunger_cameraman"
      },
      "render_controllers": [
        "controller.render.default"
      ],
      "particle_effects": {
        "rocket_flame": "ic:rocket_flame"
      }, 
      "spawn_egg": {
        "texture": "ic:plunger_cameraman",
        "texture_index": 0
      },
      "animations": {
      "movement_controls2" : "controller.animation.human2",
      "attack_controls" : "controller.animation.human_attack",
      "leap_controls" : "controller.animation.human_leap",
      "jump_controls" : "controller.animation.human_jump",
      "infected_sprint": "animation.human.infected_sprint ",
      "infected_attack": "animation.plunger.attack2 ",
      "infected": "animation.human.infected",
      "sprint": "animation.human.sprint",
      "leap": "animation.human.leap",
        "walk": "animation.human.plunger_walk",
        "fly": "animation.human.fly",
        "attack1" : "animation.plunger.attack",
        "attack2" : "animation.plunger.attack2",
        "idle": "animation.human.idle",
        "jump": "animation.human.jump",
        "look": "animation.human.look_at_target"
      },
      "scripts": {
        "animate": [
            "movement_controls2",
            "jump_controls",
            "leap_controls",
            "attack_controls",
            "look"
        ]
      }
    }
  }
}