{
  "format_version": "1.10.0",
  "minecraft:client_entity": {
    "description": {
      "identifier": "ic:st_rocket",
      "textures": {
        "default": "textures/entity/toilet/ic_skibidi_rocket"
      },
      "materials": {
        "default": "entity_alphatest"
      },
      "geometry": {
        "default": "geometry.ic_skibidi_rocket"
      },
      "render_controllers": [
        "controller.render.default"
      ],
      "sound_effects": {
        "chase": "ic.skibidi.small_chase"
      },
      "particle_effects": {
        "rocket_flame": "ic:rocket_flame"
      }, 
      "spawn_egg": {
        "texture": "ic:st_rocket",
        "texture_index": 0
      },
      "animations": {
      "skibidi_controls" : "controller.animation.skibidi",
      "attack_controls" : "controller.animation.skibidi_attack",
      "fly_controls" : "controller.animation.skibidi_fly_move",
        "target": "animation.skibidi.target",
        "fly": "animation.ic_skibidi_rocket.move",
        "sing": "animation.skibidi.sing",
        "setup": "animation.toilet_titan.default3",
        "attack" : "animation.skibidi.attack",
        "flushed": "animation.skibidi.flushed",
        "idle": "animation.skibidi.idle",
        "look": "animation.skibidi.look_at_target"
      },
      "scripts": {
        "animate": [
            "skibidi_controls",
            "attack_controls",
            "fly_controls",
            "look",
            "setup" 
        ]
      }
    }
  }
}