{
  "format_version": "1.10.0",
  "minecraft:client_entity": {
    "description": {
      "identifier": "ic:st_glitch",
      "textures": {
        "default": "textures/entity/toilet/ic_skibidi_glitch"
      },
      "materials": {
        "default": "entity_emissive_alpha"
      },
      "geometry": {
        "default": "geometry.ic_skibidi_glitch"
      },
      "render_controllers": [
        "controller.render.default"
      ],
      "particle_effects": {
        "spark": "ic:electric_spark"
      }, 
      "spawn_egg": {
        "texture": "ic:st_glitch",
        "texture_index": 0
      },
      "animations": {
      "skibidi_controls" : "controller.animation.skibidi",
      "fly": "animation.ic_skibidi_glitch.idle",
        "sing": "animation.skibidi.sing",
        "attack" : "animation.skibidi.attack",
        "flushed": "animation.skibidi.flushed",
        "look": "animation.skibidi.look_at_target"
      },
      "scripts": {
      "should_update_bones_and_effects_offscreen": true,
        "animate": [
            "skibidi_controls",
            "fly",
            "look"
        ]
      }
    }
  }
}