{
  "format_version": "1.10.0",
  "minecraft:client_entity": {
    "description": {
      "identifier": "ic:spider_camera",
      "textures": {
        "default": "textures/entity/ic_camera_strider"
      },
      "materials": {
        "default": "entity_alphatest"
      },
      "geometry": {
        "default": "geometry.ic_strider_camera"
      },
      "render_controllers": [
        "controller.render.default"
      ],
      "sound_effects": {
        "shoot": "ic.camera_strider.shoot"
      },
      "spawn_egg": {
        "texture": "ic:spider_camera",
        "texture_index": 0
      },
      "particle_effects": {
        "gun_spark_blue": "ic:gun_spark_blue"
      },
      "animations": {
      "move_controls" : "controller.animation.spider_walk",
      "fire_controls" : "controller.animation.spider_fire",
        "idle": "animation.camera_strider.idle",
        "fire": "animation.camera_strider.fire",
        "walk": "animation.camera_strider.walk",
        "look": "animation.spider.look_at_target"
      },
      "scripts": {
        "animate": [
            "idle",
            "move_controls",
            "fire_controls",
            "look"
        ]
      }
    }
  }
}