{
  "format_version": "1.10.0",
  "minecraft:client_entity": {
    "description": {
      "identifier": "ic:st_acid",
      "textures": {
        "default": "textures/entity/toilet/ic_skibidi_acid"
      },
      "materials": {
        "default": "entity_alphatest"
      },
      "geometry": {
        "default": "geometry.ic_skibidi_acid"
      },
      "sound_effects": {
        "breath": "ic.acid.spew"
      },
      "render_controllers": [
        "controller.render.default"
      ],
      "spawn_egg": {
        "texture": "ic:st_acid",
        "texture_index": 0
      },
      "particle_effects": {
        "fire_breath": "ic:acid"
      },
      "animations": {
      "skibidi_controls" : "controller.animation.skibidi",
      "attack_controls" : "controller.animation.skibidi_attack",
      "fire_controls" : "controller.animation.skibidi_spider_fire",
        "target": "animation.skibidi.idle",
        "sing": "animation.skibidi.idle",
        "attack" : "animation.skibidi.attack",
        "flushed": "animation.skibidi.flushed",
        "idle": "animation.spider_skibidi.idle",
        "setup": "animation.toilet_titan.default4",
        "fire": "animation.skibidi_flamethrower.fire_breath",
        "look": "animation.skibidi.look_at_target"
      },
      "scripts": {
      "should_update_bones_and_effects_offscreen": true,
        "animate": [
            "skibidi_controls",
            "fire_controls",
            "setup",
            "attack_controls",
            "look"
        ]
      }
    }
  }
}