{
  "format_version": "1.10.0",
  "minecraft:client_entity": {
    "description": {
      "identifier": "ic:st_parasite",
      "textures": {
        "default": "textures/entity/toilet/ic_skibidi_parasite"
      },
      "materials": {
        "default": "entity_alphatest"
      },
      "geometry": {
        "default": "geometry.ic_skibidi_parasite"
      },
      "render_controllers": [
        "controller.render.default"
      ],
      "spawn_egg": {
        "texture": "ic:st_parasite",
        "texture_index": 0
      },
      "animations": {
      "skibidi_controls" : "controller.animation.skibidi",
      "move_controls" : "controller.animation.skibidi_spider_walk",
      "attack_controls" : "controller.animation.skibidi_attack",
        "sing": "animation.skibidi.target",
        "target": "animation.skibidi_parasite.infect",
        "attack" : "animation.skibidi.attack",
        "flushed": "animation.skibidi.flushed",
        "idle": "animation.skibidi.idle",
        "walk": "animation.spider_skibidi.walk",
        "look": "animation.skibidi.look_at_target"
      },
      "scripts": {
        "animate": [
            "skibidi_controls",
            "attack_controls",
            "move_controls",
            "look"
        ]
      }
    }
  }
}