{
  "format_version": "1.10.0",
  "minecraft:client_entity": {
    "description": {
      "identifier": "ic:st_dual_buzzsaw",
      "textures": {
        "default": "textures/entity/toilet/ic_skibidi_double_buzzsaw"
      },
      "materials": {
        "default": "entity_emissive_alpha"
      },
      "geometry": {
        "default": "geometry.ic_skibidi_double_buzzsaw"
      },
      "render_controllers": [
        "controller.render.default"
      ],
      "sound_effects": {
        "chase": "ic.skibidi.large_chase"
      },
      "particle_effects": {
        "rocket_flame": "ic:rocket_flame2"
      }, 
      "spawn_egg": {
        "texture": "ic:st_dual_buzzsaw",
        "texture_index": 0
      },
      "animations": {
      "skibidi_controls" : "controller.animation.skibidi",
      "fly": "animation.ic_skibidi_jetpack.move",
      "attack_controls" : "controller.animation.skibidi_attack2",
        "target": "animation.skibidi.target",
        "sing": "animation.skibidi.sing",
        "attack" : "animation.ic_skibidi_buzzsaw.attack_1",
        "attack2" : "animation.ic_skibidi_buzzsaw.attack_2",
        "flushed": "animation.skibidi.flushed",
        "setup": "animation.ic_skibidi_double_buzzsaw.saw",
        "setup2": "animation.toilet_titan.default3",
        "look": "animation.skibidi.look_at_target"
      },
      "scripts": {
      "should_update_bones_and_effects_offscreen": true,
        "animate": [
            "skibidi_controls",
            "attack_controls",
            "fly",
            "setup",
            "setup2",
            "look"
        ]
      }
    }
  }
}