{
  "format_version": "1.10.0",
  "minecraft:client_entity": {
    "description": {
      "identifier": "ic:speakerwoman",
      "textures": {
        "default": "textures/entity/humanoid/ic_speakerwoman"
      },
      "materials": {
        "default": "entity_emissive_alpha"
      },
      "geometry": {
        "default": "geometry.ic_speakerwoman"
      },
      "render_controllers": [
        "controller.render.default"
      ],
      "spawn_egg": {
        "texture": "ic:speakerwoman",
        "texture_index": 0
      },
      "animations": {
      "movement_controls" : "controller.animation.human",
      "dance_controls" : "controller.animation.human_dance",
      "attack_controls" : "controller.animation.human_attack",
      "leap_controls" : "controller.animation.human_leap",
      "jump_controls" : "controller.animation.human_jump",
      "infected_sprint": "animation.human.infected_sprint ",
      "infected_attack": "animation.plunger.attack2 ",
      "infected": "animation.human.infected",
      "sprint": "animation.human.sprint",
      "leap": "animation.human.leap",
      "dance": "animation.human.dance",
        "walk": "animation.human.walk",
        "attack1" : "animation.human.attack1",
        "attack2" : "animation.human.attack2",
        "idle": "animation.human.idle",
        "jump": "animation.human.jump",
        "look": "animation.human.look_at_target"
      },
      "scripts": {
        "animate": [
            "movement_controls",
            "dance_controls",
            "jump_controls",
            "leap_controls",
            "attack_controls",
            "look"
        ]
      }
    }
  }
}