{
  "format_version": "1.10.0",
  "minecraft:client_entity": {
    "description": {
      "identifier": "ic:scientist_cameraman",
      "textures": {
        "default": "textures/entity/humanoid/ic_scientist_cameraman"
      },
      "materials": {
        "default": "entity_emissive_alpha"
      },
      "geometry": {
        "default": "geometry.ic_scientist_cameraman"
      },
      "render_controllers": [
        "controller.render.default"
      ],
      "spawn_egg": {
        "texture": "ic:scientist_cameraman",
        "texture_index": 0
      },
      "animations": {
      "movement_controls" : "controller.animation.human",
      "attack_controls" : "controller.animation.human_attack",
      "fire_controls" : "controller.animation.spider_fire",
      "jump_controls" : "controller.animation.human_jump",
      "infected_sprint": "animation.human.infected_sprint ",
      "infected_attack": "animation.plunger.attack2 ",
      "infected": "animation.human.infected",
      "sprint": "animation.human.sprint",
      "leap": "animation.human.leap",
        "walk": "animation.human.walk",
        "attack1" : "animation.human.attack1",
        "attack2" : "animation.human.attack2",
        "idle": "animation.human.idle",
        "fire": "animation.cameraman.shoot",
        "look": "animation.human.look_at_target"
      },
      "scripts": {
        "animate": [
            "movement_controls",
            "jump_controls",
            "fire_controls",
            "attack_controls",
            "look"
        ]
      }
    }
  }
}