{
  "format_version": "1.10.0",
  "minecraft:client_entity": {
    "description": {
      "identifier": "ic:st_angel",
      "textures": {
        "default": "textures/entity/toilet/ic_skibidi_white"
      },
      "materials": {
        "default": "entity_emissive_alpha"
      },
      "geometry": {
        "default": "geometry.ic_skibidi_angel"
      },
      "render_controllers": [
        "controller.render.default"
      ],
      "sound_effects": {
        "chase": "ic.skibidi.small_chase"
      },
      "spawn_egg": {
        "texture": "ic:st_angel",
        "texture_index": 0
      },
      "animations": {
      "skibidi_controls" : "controller.animation.skibidi",
      "attack_controls" : "controller.animation.skibidi_attack",
        "target": "animation.skibidi.target",
        "sing": "animation.skibidi.sing",
        "attack" : "animation.skibidi.attack",
        "flushed": "animation.skibidi.flushed",
        "idle": "animation.skibidi.idle",
        "look": "animation.skibidi.look_at_target"
      },
      "scripts": {
        "animate": [
            "skibidi_controls",
            "attack_controls",
            "look"
        ]
      }
    }
  }
}