{
  "format_version": "1.10.0",
  "minecraft:client_entity": {
    "description": {
      "identifier": "ic:st_scientist",
      "textures": {
        "default": "textures/entity/toilet/ic_skibidi_scientist"
      },
      "materials": {
        "default": "entity_emissive_alpha",
        "transparent": "entity_alphablend"
      },
      "geometry": {
        "default": "geometry.ic_skibidi_scientist"
      },
      "render_controllers": [
        "controller.render.st_scientist"
      ],
      "sound_effects": {
        "chase": "ic.skibidi.large_chase"
      },
      "spawn_egg": {
        "texture": "ic:st_scientist",
        "texture_index": 0
      },
      "animations": {
      "skibidi_controls" : "controller.animation.skibidi",
      "attack_controls" : "controller.animation.skibidi_attack",
        "target": "animation.skibidi.target",
        "sing": "animation.skibidi.sing",
        "attack" : "animation.ic_skibidi_scientist.attack",
        "flushed": "animation.skibidi.flushed",
        "look": "animation.skibidi.look_at_target"
      },
      "scripts": {
      "should_update_bones_and_effects_offscreen": true,
        "animate": [
            "skibidi_controls",
            "attack_controls",
            "look"
        ]
      }
    }
  }
}