{
  "format_version": "1.10.0",
  "minecraft:client_entity": {
    "description": {
      "identifier": "ic:titan_tvman",
      "textures": {
        "default": "textures/entity/humanoid/ic_titan_tvman"
      },
      "materials": {
        "default": "entity_emissive_alpha",
        "glow": "entity_beam_additive" 
      },
      "geometry": {
        "default": "geometry.ic_titan_tvman"
      },
      "particle_effects": {
        "rocket_flame": "ic:titan_rocket_flame"
      }, 
      "render_controllers": [
        "controller.render.titan_tv"
      ],
      "spawn_egg": {
        "texture": "ic:titan_tvman",
        "texture_index": 0
      },
      "animations": {
      "move_controls" : "controller.animation.titan2",
      "smile_controls" : "controller.animation.titan_smile",
      "attack_controls" : "controller.animation.titan_attack",
      "claw_controls" : "controller.animation.titan_claw",
      "fire_controls" : "controller.animation.titan_fire",
      "infected": "animation.titan.infected",
      "setup": "animation.titan.default",
      "fly": "animation.titan.fly",
      "fly2": "animation.titan.fly2",
      "leap": "animation.big_human.leap",
      "fire": "animation.titan.shine",
        "walk": "animation.titan.walk",
        "backwards": "animation.titan.walk_backwards",
        "claw_stab" : "animation.titan.claw_stab", 
        "smile" : "animation.titan.smile",
        "attack1" : "animation.titan.attack1",
        "attack2" : "animation.titan.attack2",
        "attack3" : "animation.titan.attack3",
        "idle": "animation.titan.idle",
        "look": "animation.titan.look_at_target"
      },
      "scripts": {
      "should_update_bones_and_effects_offscreen": true,
        "animate": [
            "move_controls",
            "smile_controls",
            "setup",
            "fire_controls",
            {"attack_controls" : "query.variant==0"},
            {"claw_controls" : "query.variant==1"},
            "look"
        ]
      }
    }
  }
}