{
  "format_version": "1.10.0",
  "minecraft:client_entity": {
    "description": {
      "identifier": "ic:tvwoman",
      "textures": {
        "default": "textures/entity/humanoid/ic_tvwoman"
      },
      "materials": {
        "default": "entity_emissive_alpha",
        "glow": "entity_beam_additive"
      },
      "geometry": {
        "default": "geometry.ic_tvwoman"
      },
      "render_controllers": [
        "controller.render.tvwoman"
      ],
      "spawn_egg": {
        "texture": "ic:tvwoman",
        "texture_index": 0
      },
      "animations": {
      "move_controls" : "controller.animation.spider_walk",
      "attack_controls" : "controller.animation.human_attack",
      "fire_controls" : "controller.animation.tv_fire",
      "fire_controls2" : "controller.animation.tv_fire2",
      "allout_controls" : "controller.animation.tv_shine",
      "smile_controls" : "controller.animation.titan_smile",
        "idle": "animation.human.idle",
        "fire": "animation.tvman.target2",
        "fire2": "animation.tvman.target3",
        "smile": "animation.tvman.smile",
        "nofire": "animation.tvman.notarget",
        "attack1" : "animation.human.attack1",
        "attack2" : "animation.human.attack2",
        "walk": "animation.human.walk",
        "shine_allout": "animation.tv.allout_shine",
        "look": "animation.human.look_at_target"
      },
      "scripts": {
        "animate": [
            "idle",
            "move_controls",
            "attack_controls",
            "smile_controls",
            {"fire_controls": "query.variant==1"},
            {"fire_controls2": "query.variant==0"},
            {"allout_controls": "query.variant==2"},
            "look"
        ]
      }
    }
  }
}