{
  "format_version": "1.10.0",
  "minecraft:client_entity": {
    "description": {
      "identifier": "ic:titan_cameraman",
      "textures": {
        "default": "textures/entity/humanoid/ic_titan_cameraman"
      },
      "materials": {
        "default": "entity_emissive_alpha"
      },
      "geometry": {
        "default": "geometry.ic_titan_cameraman"
      },
      "particle_effects": {
        "camera_flame": "ic:camera_flame",
        "rocket_flame": "ic:titan_rocket_flame"
      }, 
      "sound_effects": {
        "breath": "ic.flame_emit"
      },
      "render_controllers": [
        "controller.render.titan_cameraman"
      ],
      "spawn_egg": {
        "texture": "ic:titan_cameraman",
        "texture_index": 0
      },
      "animations": {
      "general_controls" : "controller.animation.titan_general",
      "fly_controls2" : "controller.animation.titan_fly2",
      "move_controls" : "controller.animation.titan",
      "attack_controls" : "controller.animation.titan_attack",
      "attack_controls2" : "controller.animation.titan_attack2",
      "shield_controls" : "controller.animation.titan_shield",
      "fire_controls" : "controller.animation.titan_fire",
      "infected": "animation.titan.infected",
      "setup": "animation.titan.default",
      "fly": "animation.titan.fly",
      "fly2": "animation.titan.fly2",
      "leap": "animation.big_human.leap",
      "fire": "animation.titan.fire",
        "walk": "animation.titan.walk",
        "attack1" : "animation.titan.attack1",
        "attack2" : "animation.titan.attack2",
        "attack3" : "animation.titan.attack3",
        "idle": "animation.titan.idle",
        "equip_shield": "animation.titan.equip_shield",
        "shield_on": "animation.titan.shield_on",
        "shield_off": "animation.titan.shield_off",
        "look": "animation.titan.look_at_target"
      },
      "scripts": {
      "should_update_bones_and_effects_offscreen": true,
        "animate": [
            "general_controls",
            "setup",
            "fire_controls",
            {"attack_controls" : "query.health > 500"},
            {"attack_controls2" : "query.health <= 500"},
            {"shield_controls" : "query.health <= 500"},
            {"equip_shield" : "query.health <= 500"},
            "look"
        ]
      }
    }
  }
}