{
  "format_version": "1.10.0",
  "minecraft:client_entity": {
    "description": {
      "identifier": "ic:upgraded_titan_cameraman",
      "textures": {
        "default": "textures/entity/humanoid/ic_upgraded_titan_cameraman"
      },
      "materials": {
        "default": "entity_emissive_alpha"
      },
      "geometry": {
        "default": "geometry.ic_upgraded_titan_cameraman"
      },
      "particle_effects": {
        "camera_flame": "ic:camera_flame_large2",
        "hammer_trail": "ic:hammer_trail",
        "rocket_flame": "ic:titan_rocket_flame2"
      }, 
      "sound_effects": {
        "breath": "ic.flame_emit"
      },
      "render_controllers": [
        "controller.render.default"
      ],
      "spawn_egg": {
        "texture": "ic:upgraded_titan_cameraman",
        "texture_index": 0
      },
      "animations": {
      "general_controls" : "controller.animation.titan_general",
      "fly_controls" : "controller.animation.titan_flee",
      "fly_controls2" : "controller.animation.titan_fly2",
      "move_controls" : "controller.animation.titan",
      "attack_controls4" : "controller.animation.titan_attack4",
      "attack_controls3" : "controller.animation.titan_attack3",
      "fire_controls" : "controller.animation.titan_fire",
      "fire_controls2" : "controller.animation.titan_fire2", 
      "infected": "animation.titan.infected",
      "setup": "animation.titan.default",
      "fly": "animation.titan.fly3",
      "fly2": "animation.titan.fly2",
      "leap": "animation.big_human.leap",
      "charge": "animation.titan.charge",
      "fire": "animation.titan.fire",
      "fire2": "animation.titan.shoot",
      "fire3": "animation.titan.shoot3",
        "walk": "animation.titan.walk",
        "attack1" : "animation.titan.attack1",
        "attack2" : "animation.titan.attack2",
        "attack3" : "animation.titan.attack3",
        "attack4" : "animation.titan.attack4",
        "idle": "animation.titan.idle",
        "look": "animation.titan.look_at_target"
      },
      "scripts": {
      "should_update_bones_and_effects_offscreen": true,
        "animate": [
            "general_controls",
            "setup",
            {"fire_controls" : "query.variant==0"},
            {"fire_controls2" : "query.variant==1"},
            {"attack_controls4" : "query.variant==0"},
            {"attack_controls3" : "query.variant==1"},
            "look"
        ]
      }
    }
  }
}