{
  "format_version": "1.8.0",
  "animations": {
    "animation.morph.creeper.explode": {
      "loop": false,
      "animation_length": 1.6,
      "timeline": {
        "0.0": [
          "/playsound random.fuse @a ~ ~ ~ 1.0 0.50"
        ],
        "1.5": [
          "/effect @s[m=!c] invisibility 1000000 255 true",
          "/kill @s[m=!c]",
          "/summon morph:explode ~ ~ ~ 0 0 morph:explode"
        ]
      }
    },
    "animation.morph.creeper.explode.charged": {
      "loop": false,
      "animation_length": 1.6,
      "timeline": {
        "0.0": [
          "/playsound random.fuse @a ~ ~ ~ 1.0 0.50"
        ],
        "1.5": [
          "/effect @s[m=!c] invisibility 1000000 255 true",
          "/kill @s[m=!c]",
          "/summon morph:explode ~ ~ ~ 0 0 morph:charged_explode"
        ]
      }
    }
  }
}