{
	"format_version": "1.12.0",
	"minecraft:geometry": [
		{
			"description": {
				"identifier": "geometry.aggretsukoplush",
				"texture_width": 512,
				"texture_height": 512,
				"visible_bounds_width": 2,
				"visible_bounds_height": 2.5,
				"visible_bounds_offset": [
					0,
					0.75,
					0
				]
			},
			"bones": [
				{
					"name": "torso",
					"pivot": [
						0,
						8,
						0
					],
					"cubes": [
						{
							"origin": [
								0.25,
								0,
								-2.5
							],
							"size": [
								1,
								1,
								1.5
							],
							"uv": {
								"north": {
									"uv": [
										196,
										72
									],
									"uv_size": [
										4,
										4
									]
								},
								"east": {
									"uv": [
										192,
										64
									],
									"uv_size": [
										8,
										4
									]
								},
								"south": {
									"uv": [
										200,
										72
									],
									"uv_size": [
										4,
										4
									]
								},
								"west": {
									"uv": [
										192,
										68
									],
									"uv_size": [
										8,
										4
									]
								},
								"up": {
									"uv": [
										192,
										72
									],
									"uv_size": [
										4,
										8
									]
								},
								"down": {
									"uv": [
										200,
										72
									],
									"uv_size": [
										4,
										-8
									]
								}
							}
						},
						{
							"origin": [
								-1.25,
								0,
								-2.5
							],
							"size": [
								1,
								1,
								1.5
							],
							"uv": {
								"north": {
									"uv": [
										4,
										136
									],
									"uv_size": [
										4,
										4
									]
								},
								"east": {
									"uv": [
										0,
										128
									],
									"uv_size": [
										8,
										4
									]
								},
								"south": {
									"uv": [
										8,
										136
									],
									"uv_size": [
										4,
										4
									]
								},
								"west": {
									"uv": [
										0,
										132
									],
									"uv_size": [
										8,
										4
									]
								},
								"up": {
									"uv": [
										0,
										136
									],
									"uv_size": [
										4,
										8
									]
								},
								"down": {
									"uv": [
										8,
										136
									],
									"uv_size": [
										4,
										-8
									]
								}
							}
						},
						{
							"origin": [
								-1.75,
								0,
								-1
							],
							"size": [
								3.5,
								1.25,
								3
							],
							"uv": {
								"north": {
									"uv": [
										16,
										0
									],
									"uv_size": [
										16,
										4
									]
								},
								"east": {
									"uv": [
										16,
										8
									],
									"uv_size": [
										12,
										4
									]
								},
								"south": {
									"uv": [
										16,
										4
									],
									"uv_size": [
										16,
										4
									]
								},
								"west": {
									"uv": [
										16,
										12
									],
									"uv_size": [
										12,
										4
									]
								},
								"up": {
									"uv": [
										0,
										0
									],
									"uv_size": [
										16,
										12
									]
								},
								"down": {
									"uv": [
										0,
										24
									],
									"uv_size": [
										16,
										-12
									]
								}
							}
						},
						{
							"origin": [
								-1.75,
								1.25,
								0
							],
							"size": [
								3.5,
								2.25,
								2
							],
							"uv": {
								"north": {
									"uv": [
										192,
										128
									],
									"uv_size": [
										14,
										10
									]
								},
								"east": {
									"uv": [
										208,
										144
									],
									"uv_size": [
										8,
										10
									]
								},
								"south": {
									"uv": [
										192,
										140
									],
									"uv_size": [
										14,
										10
									]
								},
								"west": {
									"uv": [
										192,
										152
									],
									"uv_size": [
										8,
										10
									]
								},
								"up": {
									"uv": [
										208,
										128
									],
									"uv_size": [
										14,
										8
									]
								},
								"down": {
									"uv": [
										208,
										144
									],
									"uv_size": [
										14,
										-8
									]
								}
							}
						},
						{
							"origin": [
								-2.5,
								-2,
								0.625
							],
							"size": [
								0.75,
								1.5,
								0.75
							],
							"pivot": [
								8,
								0,
								-8
							],
							"rotation": [
								0,
								0,
								22.5
							],
							"uv": {
								"north": {
									"uv": [
										64,
										0
									],
									"uv_size": [
										4,
										8
									]
								},
								"east": {
									"uv": [
										68,
										0
									],
									"uv_size": [
										4,
										8
									]
								},
								"south": {
									"uv": [
										64,
										8
									],
									"uv_size": [
										4,
										8
									]
								},
								"west": {
									"uv": [
										72,
										0
									],
									"uv_size": [
										4,
										8
									]
								},
								"up": {
									"uv": [
										68,
										8
									],
									"uv_size": [
										4,
										4
									]
								},
								"down": {
									"uv": [
										72,
										12
									],
									"uv_size": [
										4,
										-4
									]
								}
							}
						},
						{
							"origin": [
								-2.5,
								-2.75,
								0.625
							],
							"size": [
								0.625,
								0.75,
								0.75
							],
							"pivot": [
								8,
								0,
								-8
							],
							"rotation": [
								0,
								0,
								22.5
							],
							"uv": {
								"north": {
									"uv": [
										128,
										0
									],
									"uv_size": [
										4,
										4
									]
								},
								"east": {
									"uv": [
										128,
										4
									],
									"uv_size": [
										4,
										4
									]
								},
								"south": {
									"uv": [
										132,
										0
									],
									"uv_size": [
										4,
										4
									]
								},
								"west": {
									"uv": [
										132,
										4
									],
									"uv_size": [
										4,
										4
									]
								},
								"up": {
									"uv": [
										128,
										8
									],
									"uv_size": [
										4,
										4
									]
								},
								"down": {
									"uv": [
										136,
										4
									],
									"uv_size": [
										4,
										-4
									]
								}
							}
						},
						{
							"origin": [
								3,
								4.125,
								0.625
							],
							"size": [
								0.75,
								1.5,
								0.75
							],
							"pivot": [
								8,
								0,
								-8
							],
							"rotation": [
								0,
								0,
								-22.5
							],
							"uv": {
								"north": {
									"uv": [
										192,
										0
									],
									"uv_size": [
										4,
										8
									]
								},
								"east": {
									"uv": [
										196,
										0
									],
									"uv_size": [
										4,
										8
									]
								},
								"south": {
									"uv": [
										192,
										8
									],
									"uv_size": [
										4,
										8
									]
								},
								"west": {
									"uv": [
										200,
										0
									],
									"uv_size": [
										4,
										8
									]
								},
								"up": {
									"uv": [
										196,
										8
									],
									"uv_size": [
										4,
										4
									]
								},
								"down": {
									"uv": [
										200,
										12
									],
									"uv_size": [
										4,
										-4
									]
								}
							}
						},
						{
							"origin": [
								3.125,
								3.375,
								0.625
							],
							"size": [
								0.625,
								0.75,
								0.75
							],
							"pivot": [
								8,
								0,
								-8
							],
							"rotation": [
								0,
								0,
								-22.5
							],
							"uv": {
								"north": {
									"uv": [
										0,
										64
									],
									"uv_size": [
										4,
										4
									]
								},
								"east": {
									"uv": [
										0,
										68
									],
									"uv_size": [
										4,
										4
									]
								},
								"south": {
									"uv": [
										4,
										64
									],
									"uv_size": [
										4,
										4
									]
								},
								"west": {
									"uv": [
										4,
										68
									],
									"uv_size": [
										4,
										4
									]
								},
								"up": {
									"uv": [
										0,
										72
									],
									"uv_size": [
										4,
										4
									]
								},
								"down": {
									"uv": [
										8,
										68
									],
									"uv_size": [
										4,
										-4
									]
								}
							}
						},
						{
							"origin": [
								-2.75,
								0,
								2
							],
							"size": [
								3,
								1,
								1
							],
							"uv": {
								"north": {
									"uv": [
										64,
										128
									],
									"uv_size": [
										48,
										16
									]
								},
								"east": {
									"uv": [
										112,
										128
									],
									"uv_size": [
										16,
										16
									]
								},
								"south": {
									"uv": [
										64,
										144
									],
									"uv_size": [
										48,
										16
									]
								},
								"west": {
									"uv": [
										112,
										144
									],
									"uv_size": [
										16,
										16
									]
								},
								"up": {
									"uv": [
										64,
										160
									],
									"uv_size": [
										48,
										16
									]
								},
								"down": {
									"uv": [
										64,
										192
									],
									"uv_size": [
										48,
										-16
									]
								}
							}
						}
					]
				},
				{
					"name": "head",
					"pivot": [
						0,
						8,
						0
					],
					"cubes": [
						{
							"origin": [
								4,
								7.625,
								0.5
							],
							"size": [
								3,
								3,
								1
							],
							"pivot": [
								8,
								0,
								-8
							],
							"rotation": [
								0,
								0,
								-22.5
							],
							"uv": {
								"north": {
									"uv": [
										64,
										64
									],
									"uv_size": [
										24,
										24
									]
								},
								"east": {
									"uv": [
										88,
										64
									],
									"uv_size": [
										8,
										24
									]
								},
								"south": {
									"uv": [
										64,
										88
									],
									"uv_size": [
										24,
										24
									]
								},
								"west": {
									"uv": [
										88,
										88
									],
									"uv_size": [
										8,
										24
									]
								},
								"up": {
									"uv": [
										96,
										64
									],
									"uv_size": [
										24,
										8
									]
								},
								"down": {
									"uv": [
										96,
										80
									],
									"uv_size": [
										24,
										-8
									]
								}
							}
						},
						{
							"origin": [
								-3,
								3.5,
								-0.5
							],
							"size": [
								6,
								4.5,
								3
							],
							"uv": {
								"north": {
									"uv": [
										0,
										192
									],
									"uv_size": [
										24,
										18
									]
								},
								"east": {
									"uv": [
										24,
										216
									],
									"uv_size": [
										12,
										18
									]
								},
								"south": {
									"uv": [
										0,
										212
									],
									"uv_size": [
										24,
										18
									]
								},
								"west": {
									"uv": [
										36,
										216
									],
									"uv_size": [
										12,
										18
									]
								},
								"up": {
									"uv": [
										24,
										192
									],
									"uv_size": [
										24,
										12
									]
								},
								"down": {
									"uv": [
										24,
										216
									],
									"uv_size": [
										24,
										-12
									]
								}
							}
						},
						{
							"origin": [
								-5.75,
								1.5,
								0.5
							],
							"size": [
								3,
								3,
								1
							],
							"pivot": [
								8,
								0,
								-8
							],
							"rotation": [
								0,
								0,
								22.5
							],
							"uv": {
								"north": {
									"uv": [
										128,
										64
									],
									"uv_size": [
										24,
										24
									]
								},
								"east": {
									"uv": [
										152,
										64
									],
									"uv_size": [
										8,
										24
									]
								},
								"south": {
									"uv": [
										128,
										88
									],
									"uv_size": [
										24,
										24
									]
								},
								"west": {
									"uv": [
										152,
										88
									],
									"uv_size": [
										8,
										24
									]
								},
								"up": {
									"uv": [
										160,
										64
									],
									"uv_size": [
										24,
										8
									]
								},
								"down": {
									"uv": [
										160,
										80
									],
									"uv_size": [
										24,
										-8
									]
								}
							}
						}
					]
				}
			]
		}
	]
}