{
	"format_version": "1.12.0",
	"minecraft:geometry": [
		{
			"description": {
				"identifier": "geometry.chococatplush",
				"texture_width": 512,
				"texture_height": 512,
				"visible_bounds_width": 2,
				"visible_bounds_height": 2.5,
				"visible_bounds_offset": [
					0,
					0.75,
					0
				]
			},
			"bones": [
				{
					"name": "bone",
					"pivot": [
						0,
						0,
						0
					],
					"cubes": [
						{
							"origin": [
								-2.5,
								0,
								-1
							],
							"size": [
								4,
								5,
								3
							],
							"uv": {
								"north": {
									"uv": [
										128,
										256
									],
									"uv_size": [
										32,
										40
									]
								},
								"east": {
									"uv": [
										128,
										296
									],
									"uv_size": [
										24,
										40
									]
								},
								"south": {
									"uv": [
										160,
										256
									],
									"uv_size": [
										32,
										40
									]
								},
								"west": {
									"uv": [
										152,
										296
									],
									"uv_size": [
										24,
										40
									]
								},
								"up": {
									"uv": [
										176,
										296
									],
									"uv_size": [
										32,
										24
									]
								},
								"down": {
									"uv": [
										192,
										280
									],
									"uv_size": [
										32,
										-24
									]
								}
							}
						},
						{
							"origin": [
								-0.25,
								0,
								-3
							],
							"size": [
								1.75,
								1.75,
								2
							],
							"uv": {
								"north": {
									"uv": [
										0,
										0
									],
									"uv_size": [
										16,
										16
									]
								},
								"east": {
									"uv": [
										0,
										16
									],
									"uv_size": [
										16,
										16
									]
								},
								"south": {
									"uv": [
										16,
										0
									],
									"uv_size": [
										16,
										16
									]
								},
								"west": {
									"uv": [
										16,
										16
									],
									"uv_size": [
										16,
										16
									]
								},
								"up": {
									"uv": [
										0,
										32
									],
									"uv_size": [
										16,
										16
									]
								},
								"down": {
									"uv": [
										32,
										16
									],
									"uv_size": [
										16,
										-16
									]
								}
							}
						},
						{
							"origin": [
								-2.5,
								0,
								-3
							],
							"size": [
								1.75,
								1.75,
								2
							],
							"uv": {
								"north": {
									"uv": [
										128,
										0
									],
									"uv_size": [
										16,
										16
									]
								},
								"east": {
									"uv": [
										128,
										16
									],
									"uv_size": [
										16,
										16
									]
								},
								"south": {
									"uv": [
										144,
										0
									],
									"uv_size": [
										16,
										16
									]
								},
								"west": {
									"uv": [
										144,
										16
									],
									"uv_size": [
										16,
										16
									]
								},
								"up": {
									"uv": [
										128,
										32
									],
									"uv_size": [
										16,
										16
									]
								},
								"down": {
									"uv": [
										160,
										16
									],
									"uv_size": [
										16,
										-16
									]
								}
							}
						},
						{
							"origin": [
								-3.75,
								-2,
								0
							],
							"size": [
								1,
								3,
								1
							],
							"pivot": [
								7,
								0,
								-7
							],
							"rotation": [
								0,
								0,
								22.5
							],
							"uv": {
								"north": {
									"uv": [
										256,
										0
									],
									"uv_size": [
										8,
										24
									]
								},
								"east": {
									"uv": [
										264,
										0
									],
									"uv_size": [
										8,
										24
									]
								},
								"south": {
									"uv": [
										272,
										0
									],
									"uv_size": [
										8,
										24
									]
								},
								"west": {
									"uv": [
										256,
										24
									],
									"uv_size": [
										8,
										24
									]
								},
								"up": {
									"uv": [
										280,
										0
									],
									"uv_size": [
										8,
										8
									]
								},
								"down": {
									"uv": [
										264,
										32
									],
									"uv_size": [
										8,
										-8
									]
								}
							}
						},
						{
							"origin": [
								2.875,
								3.75,
								0
							],
							"size": [
								1,
								3,
								1
							],
							"pivot": [
								7,
								0,
								-7
							],
							"rotation": [
								0,
								0,
								-22.5
							],
							"uv": {
								"north": {
									"uv": [
										0,
										128
									],
									"uv_size": [
										8,
										24
									]
								},
								"east": {
									"uv": [
										8,
										128
									],
									"uv_size": [
										8,
										24
									]
								},
								"south": {
									"uv": [
										16,
										128
									],
									"uv_size": [
										8,
										24
									]
								},
								"west": {
									"uv": [
										0,
										152
									],
									"uv_size": [
										8,
										24
									]
								},
								"up": {
									"uv": [
										24,
										128
									],
									"uv_size": [
										8,
										8
									]
								},
								"down": {
									"uv": [
										8,
										160
									],
									"uv_size": [
										8,
										-8
									]
								}
							}
						},
						{
							"origin": [
								-4.5,
								5,
								-2
							],
							"size": [
								8,
								6,
								5
							],
							"uv": {
								"north": {
									"uv": [
										256,
										256
									],
									"uv_size": [
										32,
										24
									]
								},
								"east": {
									"uv": [
										288,
										296
									],
									"uv_size": [
										20,
										24
									]
								},
								"south": {
									"uv": [
										256,
										280
									],
									"uv_size": [
										32,
										24
									]
								},
								"west": {
									"uv": [
										256,
										304
									],
									"uv_size": [
										20,
										24
									]
								},
								"up": {
									"uv": [
										288,
										256
									],
									"uv_size": [
										32,
										20
									]
								},
								"down": {
									"uv": [
										288,
										296
									],
									"uv_size": [
										32,
										-20
									]
								}
							}
						},
						{
							"origin": [
								-8,
								5,
								0
							],
							"size": [
								3,
								3,
								1
							],
							"pivot": [
								7,
								0,
								-7
							],
							"rotation": [
								0,
								0,
								22.5
							],
							"uv": {
								"north": {
									"uv": [
										128,
										128
									],
									"uv_size": [
										48,
										48
									]
								},
								"east": {
									"uv": [
										176,
										128
									],
									"uv_size": [
										16,
										48
									]
								},
								"south": {
									"uv": [
										128,
										176
									],
									"uv_size": [
										48,
										48
									]
								},
								"west": {
									"uv": [
										176,
										176
									],
									"uv_size": [
										16,
										48
									]
								},
								"up": {
									"uv": [
										192,
										128
									],
									"uv_size": [
										48,
										16
									]
								},
								"down": {
									"uv": [
										192,
										160
									],
									"uv_size": [
										48,
										-16
									]
								}
							}
						},
						{
							"origin": [
								5.125,
								10.75,
								0
							],
							"size": [
								3,
								3,
								1
							],
							"pivot": [
								7,
								0,
								-7
							],
							"rotation": [
								0,
								0,
								-22.5
							],
							"uv": {
								"north": {
									"uv": [
										256,
										128
									],
									"uv_size": [
										48,
										48
									]
								},
								"east": {
									"uv": [
										304,
										128
									],
									"uv_size": [
										16,
										48
									]
								},
								"south": {
									"uv": [
										256,
										176
									],
									"uv_size": [
										48,
										48
									]
								},
								"west": {
									"uv": [
										304,
										176
									],
									"uv_size": [
										16,
										48
									]
								},
								"up": {
									"uv": [
										320,
										128
									],
									"uv_size": [
										48,
										16
									]
								},
								"down": {
									"uv": [
										320,
										160
									],
									"uv_size": [
										48,
										-16
									]
								}
							}
						},
						{
							"origin": [
								-4,
								0,
								2
							],
							"size": [
								4,
								1,
								1
							],
							"uv": {
								"north": {
									"uv": [
										0,
										256
									],
									"uv_size": [
										32,
										8
									]
								},
								"east": {
									"uv": [
										0,
										288
									],
									"uv_size": [
										8,
										8
									]
								},
								"south": {
									"uv": [
										0,
										264
									],
									"uv_size": [
										32,
										8
									]
								},
								"west": {
									"uv": [
										32,
										256
									],
									"uv_size": [
										8,
										8
									]
								},
								"up": {
									"uv": [
										0,
										272
									],
									"uv_size": [
										32,
										8
									]
								},
								"down": {
									"uv": [
										0,
										288
									],
									"uv_size": [
										32,
										-8
									]
								}
							}
						}
					]
				}
			]
		}
	]
}