{
	"format_version": "1.12.0",
	"minecraft:geometry": [
		{
			"description": {
				"identifier": "geometry.hellokittyplush",
				"texture_width": 512,
				"texture_height": 512,
				"visible_bounds_width": 2,
				"visible_bounds_height": 2.5,
				"visible_bounds_offset": [
					0,
					0.75,
					0
				]
			},
			"bones": [
				{
					"name": "torso",
					"pivot": [
						0,
						0,
						0
					],
					"cubes": [
						{
							"origin": [
								6,
								3,
								-1.5
							],
							"size": [
								1,
								2,
								3
							],
							"pivot": [
								8,
								0,
								-8
							],
							"rotation": [
								0,
								0,
								-22.5
							],
							"uv": {
								"north": {
									"uv": [
										0,
										8
									],
									"uv_size": [
										2,
										4
									]
								},
								"east": {
									"uv": [
										0,
										0
									],
									"uv_size": [
										6,
										4
									]
								},
								"south": {
									"uv": [
										8,
										0
									],
									"uv_size": [
										2,
										4
									]
								},
								"west": {
									"uv": [
										0,
										4
									],
									"uv_size": [
										6,
										4
									]
								},
								"up": {
									"uv": [
										6,
										0
									],
									"uv_size": [
										2,
										6
									]
								},
								"down": {
									"uv": [
										6,
										12
									],
									"uv_size": [
										2,
										-6
									]
								}
							}
						},
						{
							"origin": [
								-4,
								0,
								-2
							],
							"size": [
								8,
								7,
								4
							],
							"uv": {
								"north": {
									"uv": [
										64,
										96
									],
									"uv_size": [
										16,
										14
									]
								},
								"east": {
									"uv": [
										80,
										112
									],
									"uv_size": [
										8,
										14
									]
								},
								"south": {
									"uv": [
										64,
										110
									],
									"uv_size": [
										16,
										14
									]
								},
								"west": {
									"uv": [
										88,
										112
									],
									"uv_size": [
										8,
										14
									]
								},
								"up": {
									"uv": [
										80,
										96
									],
									"uv_size": [
										16,
										8
									]
								},
								"down": {
									"uv": [
										80,
										112
									],
									"uv_size": [
										16,
										-8
									]
								}
							}
						},
						{
							"origin": [
								-6,
								-3,
								-1.5
							],
							"size": [
								1,
								2,
								3
							],
							"pivot": [
								8,
								0,
								-8
							],
							"rotation": [
								0,
								0,
								22.5
							],
							"uv": {
								"north": {
									"uv": [
										32,
										8
									],
									"uv_size": [
										2,
										4
									]
								},
								"east": {
									"uv": [
										32,
										0
									],
									"uv_size": [
										6,
										4
									]
								},
								"south": {
									"uv": [
										40,
										0
									],
									"uv_size": [
										2,
										4
									]
								},
								"west": {
									"uv": [
										32,
										4
									],
									"uv_size": [
										6,
										4
									]
								},
								"up": {
									"uv": [
										38,
										0
									],
									"uv_size": [
										2,
										6
									]
								},
								"down": {
									"uv": [
										38,
										12
									],
									"uv_size": [
										2,
										-6
									]
								}
							}
						},
						{
							"origin": [
								-6,
								-1,
								-1
							],
							"size": [
								1,
								3,
								2
							],
							"pivot": [
								8,
								0,
								-8
							],
							"rotation": [
								0,
								0,
								22.5
							],
							"uv": {
								"north": {
									"uv": [
										64,
										76
									],
									"uv_size": [
										4,
										12
									]
								},
								"east": {
									"uv": [
										64,
										64
									],
									"uv_size": [
										8,
										12
									]
								},
								"south": {
									"uv": [
										68,
										76
									],
									"uv_size": [
										4,
										12
									]
								},
								"west": {
									"uv": [
										72,
										64
									],
									"uv_size": [
										8,
										12
									]
								},
								"up": {
									"uv": [
										72,
										76
									],
									"uv_size": [
										4,
										8
									]
								},
								"down": {
									"uv": [
										76,
										84
									],
									"uv_size": [
										4,
										-8
									]
								}
							}
						},
						{
							"origin": [
								0.1,
								0,
								-5
							],
							"size": [
								3.9,
								2,
								3
							],
							"uv": {
								"north": {
									"uv": [
										72,
										0
									],
									"uv_size": [
										8,
										4
									]
								},
								"east": {
									"uv": [
										72,
										8
									],
									"uv_size": [
										6,
										4
									]
								},
								"south": {
									"uv": [
										72,
										4
									],
									"uv_size": [
										8,
										4
									]
								},
								"west": {
									"uv": [
										64,
										12
									],
									"uv_size": [
										6,
										4
									]
								},
								"up": {
									"uv": [
										64,
										0
									],
									"uv_size": [
										8,
										6
									]
								},
								"down": {
									"uv": [
										64,
										12
									],
									"uv_size": [
										8,
										-6
									]
								}
							}
						},
						{
							"origin": [
								-4,
								0,
								-5
							],
							"size": [
								3.9,
								2,
								3
							],
							"uv": {
								"north": {
									"uv": [
										104,
										0
									],
									"uv_size": [
										8,
										4
									]
								},
								"east": {
									"uv": [
										104,
										8
									],
									"uv_size": [
										6,
										4
									]
								},
								"south": {
									"uv": [
										104,
										4
									],
									"uv_size": [
										8,
										4
									]
								},
								"west": {
									"uv": [
										96,
										12
									],
									"uv_size": [
										6,
										4
									]
								},
								"up": {
									"uv": [
										96,
										0
									],
									"uv_size": [
										8,
										6
									]
								},
								"down": {
									"uv": [
										96,
										12
									],
									"uv_size": [
										8,
										-6
									]
								}
							}
						},
						{
							"origin": [
								6,
								5,
								-1
							],
							"size": [
								1,
								3,
								2
							],
							"pivot": [
								8,
								0,
								-8
							],
							"rotation": [
								0,
								0,
								-22.5
							],
							"uv": {
								"north": {
									"uv": [
										96,
										76
									],
									"uv_size": [
										4,
										12
									]
								},
								"east": {
									"uv": [
										96,
										64
									],
									"uv_size": [
										8,
										12
									]
								},
								"south": {
									"uv": [
										100,
										76
									],
									"uv_size": [
										4,
										12
									]
								},
								"west": {
									"uv": [
										104,
										64
									],
									"uv_size": [
										8,
										12
									]
								},
								"up": {
									"uv": [
										104,
										76
									],
									"uv_size": [
										4,
										8
									]
								},
								"down": {
									"uv": [
										108,
										84
									],
									"uv_size": [
										4,
										-8
									]
								}
							}
						},
						{
							"origin": [
								-1,
								0,
								2
							],
							"size": [
								2,
								1,
								3
							],
							"uv": {
								"north": {
									"uv": [
										0,
										40
									],
									"uv_size": [
										4,
										2
									]
								},
								"east": {
									"uv": [
										0,
										38
									],
									"uv_size": [
										6,
										2
									]
								},
								"south": {
									"uv": [
										8,
										32
									],
									"uv_size": [
										4,
										2
									]
								},
								"west": {
									"uv": [
										6,
										38
									],
									"uv_size": [
										6,
										2
									]
								},
								"up": {
									"uv": [
										0,
										32
									],
									"uv_size": [
										4,
										6
									]
								},
								"down": {
									"uv": [
										4,
										38
									],
									"uv_size": [
										4,
										-6
									]
								}
							}
						}
					]
				},
				{
					"name": "head",
					"pivot": [
						0,
						0,
						0
					],
					"cubes": [
						{
							"origin": [
								-5,
								7,
								-2.5
							],
							"size": [
								10,
								6,
								5.5
							],
							"uv": {
								"north": {
									"uv": [
										32,
										96
									],
									"uv_size": [
										10,
										6
									]
								},
								"east": {
									"uv": [
										32,
										108
									],
									"uv_size": [
										6,
										6
									]
								},
								"south": {
									"uv": [
										32,
										102
									],
									"uv_size": [
										10,
										6
									]
								},
								"west": {
									"uv": [
										38,
										108
									],
									"uv_size": [
										6,
										6
									]
								},
								"up": {
									"uv": [
										42,
										96
									],
									"uv_size": [
										10,
										6
									]
								},
								"down": {
									"uv": [
										42,
										108
									],
									"uv_size": [
										10,
										-6
									]
								}
							}
						},
						{
							"origin": [
								-10,
								-0.25,
								-2.45
							],
							"size": [
								3,
								3,
								1
							],
							"pivot": [
								8,
								0,
								-8
							],
							"rotation": [
								0,
								0,
								45
							],
							"uv": {
								"north": {
									"uv": [
										32,
										32
									],
									"uv_size": [
										6,
										6
									]
								},
								"east": {
									"uv": [
										38,
										32
									],
									"uv_size": [
										2,
										6
									]
								},
								"south": {
									"uv": [
										32,
										38
									],
									"uv_size": [
										6,
										6
									]
								},
								"west": {
									"uv": [
										38,
										38
									],
									"uv_size": [
										2,
										6
									]
								},
								"up": {
									"uv": [
										40,
										32
									],
									"uv_size": [
										6,
										2
									]
								},
								"down": {
									"uv": [
										40,
										36
									],
									"uv_size": [
										6,
										-2
									]
								}
							}
						},
						{
							"origin": [
								-0.75,
								9,
								-3.5
							],
							"size": [
								2,
								2,
								1
							],
							"pivot": [
								8,
								0,
								-8
							],
							"rotation": [
								0,
								0,
								22.5
							],
							"uv": {
								"north": {
									"uv": [
										64,
										32
									],
									"uv_size": [
										4,
										4
									]
								},
								"east": {
									"uv": [
										68,
										32
									],
									"uv_size": [
										2,
										4
									]
								},
								"south": {
									"uv": [
										64,
										36
									],
									"uv_size": [
										4,
										4
									]
								},
								"west": {
									"uv": [
										68,
										36
									],
									"uv_size": [
										2,
										4
									]
								},
								"up": {
									"uv": [
										70,
										32
									],
									"uv_size": [
										4,
										2
									]
								},
								"down": {
									"uv": [
										70,
										36
									],
									"uv_size": [
										4,
										-2
									]
								}
							}
						},
						{
							"origin": [
								-3.75,
								9,
								-3.5
							],
							"size": [
								2,
								2,
								1
							],
							"pivot": [
								8,
								0,
								-8
							],
							"rotation": [
								0,
								0,
								22.5
							],
							"uv": {
								"north": {
									"uv": [
										96,
										32
									],
									"uv_size": [
										4,
										4
									]
								},
								"east": {
									"uv": [
										100,
										32
									],
									"uv_size": [
										2,
										4
									]
								},
								"south": {
									"uv": [
										96,
										36
									],
									"uv_size": [
										4,
										4
									]
								},
								"west": {
									"uv": [
										100,
										36
									],
									"uv_size": [
										2,
										4
									]
								},
								"up": {
									"uv": [
										102,
										32
									],
									"uv_size": [
										4,
										2
									]
								},
								"down": {
									"uv": [
										102,
										36
									],
									"uv_size": [
										4,
										-2
									]
								}
							}
						},
						{
							"origin": [
								-1.75,
								9.5,
								-3
							],
							"size": [
								1,
								1,
								0.5
							],
							"pivot": [
								8,
								0,
								-8
							],
							"rotation": [
								0,
								0,
								22.5
							],
							"uv": {
								"north": {
									"uv": [
										0,
										64
									],
									"uv_size": [
										2,
										2
									]
								},
								"east": {
									"uv": [
										0,
										66
									],
									"uv_size": [
										2,
										2
									]
								},
								"south": {
									"uv": [
										2,
										64
									],
									"uv_size": [
										2,
										2
									]
								},
								"west": {
									"uv": [
										2,
										66
									],
									"uv_size": [
										2,
										2
									]
								},
								"up": {
									"uv": [
										0,
										68
									],
									"uv_size": [
										2,
										2
									]
								},
								"down": {
									"uv": [
										4,
										66
									],
									"uv_size": [
										2,
										-2
									]
								}
							}
						},
						{
							"origin": [
								-6,
								3.75,
								-2.45
							],
							"size": [
								3,
								3,
								1
							],
							"pivot": [
								8,
								0,
								-8
							],
							"rotation": [
								0,
								0,
								45
							],
							"uv": {
								"north": {
									"uv": [
										32,
										64
									],
									"uv_size": [
										6,
										6
									]
								},
								"east": {
									"uv": [
										38,
										64
									],
									"uv_size": [
										2,
										6
									]
								},
								"south": {
									"uv": [
										32,
										70
									],
									"uv_size": [
										6,
										6
									]
								},
								"west": {
									"uv": [
										38,
										70
									],
									"uv_size": [
										2,
										6
									]
								},
								"up": {
									"uv": [
										40,
										64
									],
									"uv_size": [
										6,
										2
									]
								},
								"down": {
									"uv": [
										40,
										68
									],
									"uv_size": [
										6,
										-2
									]
								}
							}
						}
					]
				},
				{
					"name": "wiskers",
					"parent": "head",
					"pivot": [
						0,
						8,
						0
					],
					"cubes": [
						{
							"origin": [
								-6,
								8.5,
								-3
							],
							"size": [
								2,
								0.5,
								0.5
							],
							"uv": {
								"north": {
									"uv": [
										0,
										96
									],
									"uv_size": [
										4,
										2
									]
								},
								"east": {
									"uv": [
										4,
										98
									],
									"uv_size": [
										2,
										2
									]
								},
								"south": {
									"uv": [
										0,
										98
									],
									"uv_size": [
										4,
										2
									]
								},
								"west": {
									"uv": [
										4,
										100
									],
									"uv_size": [
										2,
										2
									]
								},
								"up": {
									"uv": [
										0,
										100
									],
									"uv_size": [
										4,
										2
									]
								},
								"down": {
									"uv": [
										4,
										98
									],
									"uv_size": [
										4,
										-2
									]
								}
							}
						},
						{
							"origin": [
								1,
								5.5,
								-3
							],
							"size": [
								2,
								0.5,
								0.5
							],
							"pivot": [
								8,
								0,
								-8
							],
							"rotation": [
								0,
								0,
								22.5
							],
							"uv": {
								"north": {
									"uv": [
										0,
										96
									],
									"uv_size": [
										4,
										1
									]
								},
								"east": {
									"uv": [
										0,
										96
									],
									"uv_size": [
										1,
										1
									]
								},
								"south": {
									"uv": [
										0,
										96
									],
									"uv_size": [
										4,
										1
									]
								},
								"west": {
									"uv": [
										0,
										96
									],
									"uv_size": [
										1,
										1
									]
								},
								"up": {
									"uv": [
										4,
										97
									],
									"uv_size": [
										-4,
										-1
									]
								},
								"down": {
									"uv": [
										4,
										97
									],
									"uv_size": [
										-4,
										-1
									]
								}
							}
						},
						{
							"origin": [
								-9,
								4.5,
								-3
							],
							"size": [
								2,
								0.5,
								0.5
							],
							"pivot": [
								8,
								0,
								-8
							],
							"rotation": [
								0,
								0,
								22.5
							],
							"uv": {
								"north": {
									"uv": [
										0,
										96
									],
									"uv_size": [
										4,
										1
									]
								},
								"east": {
									"uv": [
										0,
										96
									],
									"uv_size": [
										1,
										1
									]
								},
								"south": {
									"uv": [
										0,
										96
									],
									"uv_size": [
										4,
										1
									]
								},
								"west": {
									"uv": [
										0,
										96
									],
									"uv_size": [
										1,
										1
									]
								},
								"up": {
									"uv": [
										4,
										97
									],
									"uv_size": [
										-4,
										-1
									]
								},
								"down": {
									"uv": [
										4,
										97
									],
									"uv_size": [
										-4,
										-1
									]
								}
							}
						},
						{
							"origin": [
								-2,
								11.5,
								-3
							],
							"size": [
								2,
								0.5,
								0.5
							],
							"pivot": [
								8,
								0,
								-8
							],
							"rotation": [
								0,
								0,
								-22.5
							],
							"uv": {
								"north": {
									"uv": [
										0,
										96
									],
									"uv_size": [
										4,
										1
									]
								},
								"east": {
									"uv": [
										0,
										96
									],
									"uv_size": [
										1,
										1
									]
								},
								"south": {
									"uv": [
										0,
										96
									],
									"uv_size": [
										4,
										1
									]
								},
								"west": {
									"uv": [
										0,
										96
									],
									"uv_size": [
										1,
										1
									]
								},
								"up": {
									"uv": [
										4,
										97
									],
									"uv_size": [
										-4,
										-1
									]
								},
								"down": {
									"uv": [
										4,
										97
									],
									"uv_size": [
										-4,
										-1
									]
								}
							}
						},
						{
							"origin": [
								4,
								8.5,
								-3
							],
							"size": [
								2,
								0.5,
								0.5
							],
							"uv": {
								"north": {
									"uv": [
										0,
										96
									],
									"uv_size": [
										4,
										1
									]
								},
								"east": {
									"uv": [
										0,
										96
									],
									"uv_size": [
										1,
										1
									]
								},
								"south": {
									"uv": [
										0,
										96
									],
									"uv_size": [
										4,
										1
									]
								},
								"west": {
									"uv": [
										0,
										96
									],
									"uv_size": [
										1,
										1
									]
								},
								"up": {
									"uv": [
										4,
										97
									],
									"uv_size": [
										-4,
										-1
									]
								},
								"down": {
									"uv": [
										4,
										97
									],
									"uv_size": [
										-4,
										-1
									]
								}
							}
						},
						{
							"origin": [
								8,
								10.5,
								-3
							],
							"size": [
								2,
								0.5,
								0.5
							],
							"pivot": [
								8,
								0,
								-8
							],
							"rotation": [
								0,
								0,
								-22.5
							],
							"uv": {
								"north": {
									"uv": [
										0,
										96
									],
									"uv_size": [
										4,
										1
									]
								},
								"east": {
									"uv": [
										0,
										96
									],
									"uv_size": [
										1,
										1
									]
								},
								"south": {
									"uv": [
										0,
										96
									],
									"uv_size": [
										4,
										1
									]
								},
								"west": {
									"uv": [
										0,
										96
									],
									"uv_size": [
										1,
										1
									]
								},
								"up": {
									"uv": [
										4,
										97
									],
									"uv_size": [
										-4,
										-1
									]
								},
								"down": {
									"uv": [
										4,
										97
									],
									"uv_size": [
										-4,
										-1
									]
								}
							}
						}
					]
				}
			]
		}
	]
}