{
	"format_version": "1.12.0",
	"minecraft:geometry": [
		{
			"description": {
				"identifier": "geometry.keroppiplush",
				"texture_width": 512,
				"texture_height": 512,
				"visible_bounds_width": 2,
				"visible_bounds_height": 2.5,
				"visible_bounds_offset": [
					0,
					0.75,
					0
				]
			},
			"bones": [
				{
					"name": "head",
					"pivot": [
						0,
						0,
						0
					],
					"cubes": [
						{
							"origin": [
								0.125,
								6.875,
								-3.1
							],
							"size": [
								3.625,
								3.625,
								3.625
							],
							"uv": {
								"north": {
									"uv": [
										64,
										128
									],
									"uv_size": [
										14,
										14
									]
								},
								"east": {
									"uv": [
										64,
										144
									],
									"uv_size": [
										14,
										14
									]
								},
								"south": {
									"uv": [
										80,
										128
									],
									"uv_size": [
										14,
										14
									]
								},
								"west": {
									"uv": [
										80,
										144
									],
									"uv_size": [
										14,
										14
									]
								},
								"up": {
									"uv": [
										64,
										160
									],
									"uv_size": [
										14,
										14
									]
								},
								"down": {
									"uv": [
										96,
										142
									],
									"uv_size": [
										14,
										-14
									]
								}
							}
						},
						{
							"origin": [
								-4,
								3.5,
								-3
							],
							"size": [
								8,
								5,
								6
							],
							"uv": {
								"north": {
									"uv": [
										208,
										128
									],
									"uv_size": [
										16,
										10
									]
								},
								"east": {
									"uv": [
										208,
										148
									],
									"uv_size": [
										12,
										10
									]
								},
								"south": {
									"uv": [
										208,
										138
									],
									"uv_size": [
										16,
										10
									]
								},
								"west": {
									"uv": [
										192,
										152
									],
									"uv_size": [
										12,
										10
									]
								},
								"up": {
									"uv": [
										192,
										128
									],
									"uv_size": [
										16,
										12
									]
								},
								"down": {
									"uv": [
										192,
										152
									],
									"uv_size": [
										16,
										-12
									]
								}
							}
						},
						{
							"origin": [
								-3.625,
								6.875,
								-3.1
							],
							"size": [
								3.625,
								3.625,
								3.625
							],
							"uv": {
								"north": {
									"uv": [
										128,
										128
									],
									"uv_size": [
										14,
										14
									]
								},
								"east": {
									"uv": [
										128,
										144
									],
									"uv_size": [
										14,
										14
									]
								},
								"south": {
									"uv": [
										144,
										128
									],
									"uv_size": [
										14,
										14
									]
								},
								"west": {
									"uv": [
										144,
										144
									],
									"uv_size": [
										14,
										14
									]
								},
								"up": {
									"uv": [
										128,
										160
									],
									"uv_size": [
										14,
										14
									]
								},
								"down": {
									"uv": [
										160,
										142
									],
									"uv_size": [
										14,
										-14
									]
								}
							}
						}
					]
				},
				{
					"name": "body",
					"pivot": [
						0,
						0,
						0
					],
					"cubes": [
						{
							"origin": [
								-0.75,
								2.625,
								-2.1
							],
							"size": [
								0.5,
								0.75,
								0.5
							],
							"uv": {
								"north": {
									"uv": [
										192,
										64
									],
									"uv_size": [
										4,
										4
									]
								},
								"east": {
									"uv": [
										192,
										68
									],
									"uv_size": [
										4,
										4
									]
								},
								"south": {
									"uv": [
										196,
										64
									],
									"uv_size": [
										4,
										4
									]
								},
								"west": {
									"uv": [
										196,
										68
									],
									"uv_size": [
										4,
										4
									]
								},
								"up": {
									"uv": [
										192,
										72
									],
									"uv_size": [
										4,
										4
									]
								},
								"down": {
									"uv": [
										200,
										68
									],
									"uv_size": [
										4,
										-4
									]
								}
							}
						},
						{
							"origin": [
								0.25,
								2.625,
								-2.1
							],
							"size": [
								0.5,
								0.75,
								0.5
							],
							"uv": {
								"north": {
									"uv": [
										192,
										64
									],
									"uv_size": [
										2,
										3
									]
								},
								"east": {
									"uv": [
										192,
										64
									],
									"uv_size": [
										2,
										3
									]
								},
								"south": {
									"uv": [
										192,
										64
									],
									"uv_size": [
										2,
										3
									]
								},
								"west": {
									"uv": [
										192,
										64
									],
									"uv_size": [
										2,
										3
									]
								},
								"up": {
									"uv": [
										194,
										66
									],
									"uv_size": [
										-2,
										-2
									]
								},
								"down": {
									"uv": [
										194,
										66
									],
									"uv_size": [
										-2,
										-2
									]
								}
							}
						},
						{
							"origin": [
								-0.25,
								2.75,
								-2.1
							],
							"size": [
								0.5,
								0.5,
								0.5
							],
							"uv": {
								"north": {
									"uv": [
										0,
										128
									],
									"uv_size": [
										4,
										4
									]
								},
								"east": {
									"uv": [
										0,
										132
									],
									"uv_size": [
										4,
										4
									]
								},
								"south": {
									"uv": [
										4,
										128
									],
									"uv_size": [
										4,
										4
									]
								},
								"west": {
									"uv": [
										4,
										132
									],
									"uv_size": [
										4,
										4
									]
								},
								"up": {
									"uv": [
										0,
										136
									],
									"uv_size": [
										4,
										4
									]
								},
								"down": {
									"uv": [
										8,
										132
									],
									"uv_size": [
										4,
										-4
									]
								}
							}
						},
						{
							"origin": [
								-3,
								0,
								-2
							],
							"size": [
								6,
								3.5,
								4
							],
							"uv": {
								"north": {
									"uv": [
										0,
										0
									],
									"uv_size": [
										24,
										16
									]
								},
								"east": {
									"uv": [
										0,
										32
									],
									"uv_size": [
										16,
										16
									]
								},
								"south": {
									"uv": [
										0,
										16
									],
									"uv_size": [
										24,
										16
									]
								},
								"west": {
									"uv": [
										16,
										32
									],
									"uv_size": [
										16,
										16
									]
								},
								"up": {
									"uv": [
										24,
										0
									],
									"uv_size": [
										24,
										16
									]
								},
								"down": {
									"uv": [
										24,
										32
									],
									"uv_size": [
										24,
										-16
									]
								}
							}
						}
					]
				},
				{
					"name": "limbs",
					"parent": "body",
					"pivot": [
						0,
						8,
						0
					],
					"cubes": [
						{
							"origin": [
								0.1,
								0,
								-3
							],
							"size": [
								2.9,
								1.5,
								1
							],
							"uv": {
								"north": {
									"uv": [
										64,
										0
									],
									"uv_size": [
										12,
										8
									]
								},
								"east": {
									"uv": [
										76,
										8
									],
									"uv_size": [
										4,
										8
									]
								},
								"south": {
									"uv": [
										64,
										8
									],
									"uv_size": [
										12,
										8
									]
								},
								"west": {
									"uv": [
										64,
										16
									],
									"uv_size": [
										4,
										8
									]
								},
								"up": {
									"uv": [
										76,
										0
									],
									"uv_size": [
										12,
										4
									]
								},
								"down": {
									"uv": [
										76,
										8
									],
									"uv_size": [
										12,
										-4
									]
								}
							}
						},
						{
							"origin": [
								-3,
								0,
								-3
							],
							"size": [
								2.9,
								1.5,
								1
							],
							"uv": {
								"north": {
									"uv": [
										128,
										0
									],
									"uv_size": [
										12,
										8
									]
								},
								"east": {
									"uv": [
										140,
										8
									],
									"uv_size": [
										4,
										8
									]
								},
								"south": {
									"uv": [
										128,
										8
									],
									"uv_size": [
										12,
										8
									]
								},
								"west": {
									"uv": [
										128,
										16
									],
									"uv_size": [
										4,
										8
									]
								},
								"up": {
									"uv": [
										140,
										0
									],
									"uv_size": [
										12,
										4
									]
								},
								"down": {
									"uv": [
										140,
										8
									],
									"uv_size": [
										12,
										-4
									]
								}
							}
						},
						{
							"origin": [
								6.25,
								4.25,
								-1
							],
							"size": [
								1,
								2,
								2
							],
							"pivot": [
								8,
								0,
								-8
							],
							"rotation": [
								0,
								0,
								-45
							],
							"uv": {
								"north": {
									"uv": [
										200,
										0
									],
									"uv_size": [
										4,
										8
									]
								},
								"east": {
									"uv": [
										192,
										0
									],
									"uv_size": [
										8,
										8
									]
								},
								"south": {
									"uv": [
										200,
										8
									],
									"uv_size": [
										4,
										8
									]
								},
								"west": {
									"uv": [
										192,
										8
									],
									"uv_size": [
										8,
										8
									]
								},
								"up": {
									"uv": [
										204,
										0
									],
									"uv_size": [
										4,
										8
									]
								},
								"down": {
									"uv": [
										204,
										16
									],
									"uv_size": [
										4,
										-8
									]
								}
							}
						},
						{
							"origin": [
								-2.5,
								-7,
								-1
							],
							"size": [
								1,
								2,
								2
							],
							"pivot": [
								8,
								0,
								-8
							],
							"rotation": [
								0,
								0,
								45
							],
							"uv": {
								"north": {
									"uv": [
										8,
										64
									],
									"uv_size": [
										4,
										8
									]
								},
								"east": {
									"uv": [
										0,
										64
									],
									"uv_size": [
										8,
										8
									]
								},
								"south": {
									"uv": [
										8,
										72
									],
									"uv_size": [
										4,
										8
									]
								},
								"west": {
									"uv": [
										0,
										72
									],
									"uv_size": [
										8,
										8
									]
								},
								"up": {
									"uv": [
										12,
										64
									],
									"uv_size": [
										4,
										8
									]
								},
								"down": {
									"uv": [
										12,
										80
									],
									"uv_size": [
										4,
										-8
									]
								}
							}
						}
					]
				},
				{
					"name": "tingers",
					"parent": "limbs",
					"pivot": [
						0,
						8,
						0
					],
					"cubes": [
						{
							"origin": [
								6.25,
								3.75,
								-0.3125
							],
							"size": [
								1,
								0.5,
								0.6
							],
							"pivot": [
								8,
								0,
								-8
							],
							"rotation": [
								0,
								0,
								-45
							],
							"uv": {
								"north": {
									"uv": [
										64,
										64
									],
									"uv_size": [
										4,
										4
									]
								},
								"east": {
									"uv": [
										64,
										68
									],
									"uv_size": [
										4,
										4
									]
								},
								"south": {
									"uv": [
										68,
										64
									],
									"uv_size": [
										4,
										4
									]
								},
								"west": {
									"uv": [
										68,
										68
									],
									"uv_size": [
										4,
										4
									]
								},
								"up": {
									"uv": [
										64,
										72
									],
									"uv_size": [
										4,
										4
									]
								},
								"down": {
									"uv": [
										72,
										68
									],
									"uv_size": [
										4,
										-4
									]
								}
							}
						},
						{
							"origin": [
								6.25,
								3.75,
								0.425
							],
							"size": [
								1,
								0.5,
								0.6
							],
							"pivot": [
								8,
								0,
								-8
							],
							"rotation": [
								0,
								0,
								-45
							],
							"uv": {
								"north": {
									"uv": [
										64,
										64
									],
									"uv_size": [
										4,
										4
									]
								},
								"east": {
									"uv": [
										64,
										68
									],
									"uv_size": [
										4,
										4
									]
								},
								"south": {
									"uv": [
										68,
										64
									],
									"uv_size": [
										4,
										4
									]
								},
								"west": {
									"uv": [
										68,
										68
									],
									"uv_size": [
										4,
										4
									]
								},
								"up": {
									"uv": [
										64,
										72
									],
									"uv_size": [
										4,
										4
									]
								},
								"down": {
									"uv": [
										72,
										68
									],
									"uv_size": [
										4,
										-4
									]
								}
							}
						},
						{
							"origin": [
								6.25,
								3.75,
								-1
							],
							"size": [
								1,
								0.5,
								0.6
							],
							"pivot": [
								8,
								0,
								-8
							],
							"rotation": [
								0,
								0,
								-45
							],
							"uv": {
								"north": {
									"uv": [
										64,
										64
									],
									"uv_size": [
										4,
										2
									]
								},
								"east": {
									"uv": [
										64,
										64
									],
									"uv_size": [
										2.4,
										2
									]
								},
								"south": {
									"uv": [
										64,
										64
									],
									"uv_size": [
										4,
										2
									]
								},
								"west": {
									"uv": [
										64,
										64
									],
									"uv_size": [
										2.4,
										2
									]
								},
								"up": {
									"uv": [
										68,
										66.4
									],
									"uv_size": [
										-4,
										-2.4
									]
								},
								"down": {
									"uv": [
										68,
										66.4
									],
									"uv_size": [
										-4,
										-2.4
									]
								}
							}
						},
						{
							"origin": [
								-3,
								1.5,
								-3
							],
							"size": [
								0.9,
								0.5,
								1
							],
							"uv": {
								"north": {
									"uv": [
										128,
										64
									],
									"uv_size": [
										4,
										4
									]
								},
								"east": {
									"uv": [
										128,
										68
									],
									"uv_size": [
										4,
										4
									]
								},
								"south": {
									"uv": [
										132,
										64
									],
									"uv_size": [
										4,
										4
									]
								},
								"west": {
									"uv": [
										132,
										68
									],
									"uv_size": [
										4,
										4
									]
								},
								"up": {
									"uv": [
										128,
										72
									],
									"uv_size": [
										4,
										4
									]
								},
								"down": {
									"uv": [
										136,
										68
									],
									"uv_size": [
										4,
										-4
									]
								}
							}
						},
						{
							"origin": [
								-2,
								1.5,
								-3
							],
							"size": [
								0.9,
								0.5,
								1
							],
							"uv": {
								"north": {
									"uv": [
										128,
										64
									],
									"uv_size": [
										3.6,
										2
									]
								},
								"east": {
									"uv": [
										128,
										64
									],
									"uv_size": [
										4,
										2
									]
								},
								"south": {
									"uv": [
										128,
										64
									],
									"uv_size": [
										3.6,
										2
									]
								},
								"west": {
									"uv": [
										128,
										64
									],
									"uv_size": [
										4,
										2
									]
								},
								"up": {
									"uv": [
										131.6,
										68
									],
									"uv_size": [
										-3.6,
										-4
									]
								},
								"down": {
									"uv": [
										131.6,
										68
									],
									"uv_size": [
										-3.6,
										-4
									]
								}
							}
						},
						{
							"origin": [
								-1,
								1.5,
								-3
							],
							"size": [
								0.9,
								0.5,
								1
							],
							"uv": {
								"north": {
									"uv": [
										128,
										64
									],
									"uv_size": [
										3.6,
										2
									]
								},
								"east": {
									"uv": [
										128,
										64
									],
									"uv_size": [
										4,
										2
									]
								},
								"south": {
									"uv": [
										128,
										64
									],
									"uv_size": [
										3.6,
										2
									]
								},
								"west": {
									"uv": [
										128,
										64
									],
									"uv_size": [
										4,
										2
									]
								},
								"up": {
									"uv": [
										131.6,
										68
									],
									"uv_size": [
										-3.6,
										-4
									]
								},
								"down": {
									"uv": [
										131.6,
										68
									],
									"uv_size": [
										-3.6,
										-4
									]
								}
							}
						},
						{
							"origin": [
								0.1,
								1.5,
								-3
							],
							"size": [
								0.9,
								0.5,
								1
							],
							"uv": {
								"north": {
									"uv": [
										128,
										64
									],
									"uv_size": [
										3.6,
										2
									]
								},
								"east": {
									"uv": [
										128,
										64
									],
									"uv_size": [
										4,
										2
									]
								},
								"south": {
									"uv": [
										128,
										64
									],
									"uv_size": [
										3.6,
										2
									]
								},
								"west": {
									"uv": [
										128,
										64
									],
									"uv_size": [
										4,
										2
									]
								},
								"up": {
									"uv": [
										131.6,
										68
									],
									"uv_size": [
										-3.6,
										-4
									]
								},
								"down": {
									"uv": [
										131.6,
										68
									],
									"uv_size": [
										-3.6,
										-4
									]
								}
							}
						},
						{
							"origin": [
								2.1,
								1.5,
								-3
							],
							"size": [
								0.9,
								0.5,
								1
							],
							"uv": {
								"north": {
									"uv": [
										128,
										64
									],
									"uv_size": [
										3.6,
										2
									]
								},
								"east": {
									"uv": [
										128,
										64
									],
									"uv_size": [
										4,
										2
									]
								},
								"south": {
									"uv": [
										128,
										64
									],
									"uv_size": [
										3.6,
										2
									]
								},
								"west": {
									"uv": [
										128,
										64
									],
									"uv_size": [
										4,
										2
									]
								},
								"up": {
									"uv": [
										131.6,
										68
									],
									"uv_size": [
										-3.6,
										-4
									]
								},
								"down": {
									"uv": [
										131.6,
										68
									],
									"uv_size": [
										-3.6,
										-4
									]
								}
							}
						},
						{
							"origin": [
								1.1,
								1.5,
								-3
							],
							"size": [
								0.9,
								0.5,
								1
							],
							"uv": {
								"north": {
									"uv": [
										128,
										64
									],
									"uv_size": [
										3.6,
										2
									]
								},
								"east": {
									"uv": [
										128,
										64
									],
									"uv_size": [
										4,
										2
									]
								},
								"south": {
									"uv": [
										128,
										64
									],
									"uv_size": [
										3.6,
										2
									]
								},
								"west": {
									"uv": [
										128,
										64
									],
									"uv_size": [
										4,
										2
									]
								},
								"up": {
									"uv": [
										131.6,
										68
									],
									"uv_size": [
										-3.6,
										-4
									]
								},
								"down": {
									"uv": [
										131.6,
										68
									],
									"uv_size": [
										-3.6,
										-4
									]
								}
							}
						},
						{
							"origin": [
								-2.5,
								-7.5,
								-1
							],
							"size": [
								1,
								0.5,
								0.6
							],
							"pivot": [
								8,
								0,
								-8
							],
							"rotation": [
								0,
								0,
								45
							],
							"uv": {
								"north": {
									"uv": [
										64,
										64
									],
									"uv_size": [
										4,
										2
									]
								},
								"east": {
									"uv": [
										64,
										64
									],
									"uv_size": [
										2.4,
										2
									]
								},
								"south": {
									"uv": [
										64,
										64
									],
									"uv_size": [
										4,
										2
									]
								},
								"west": {
									"uv": [
										64,
										64
									],
									"uv_size": [
										2.4,
										2
									]
								},
								"up": {
									"uv": [
										68,
										66.4
									],
									"uv_size": [
										-4,
										-2.4
									]
								},
								"down": {
									"uv": [
										68,
										66.4
									],
									"uv_size": [
										-4,
										-2.4
									]
								}
							}
						},
						{
							"origin": [
								-2.5,
								-7.5,
								-0.3125
							],
							"size": [
								1,
								0.5,
								0.6
							],
							"pivot": [
								8,
								0,
								-8
							],
							"rotation": [
								0,
								0,
								45
							],
							"uv": {
								"north": {
									"uv": [
										64,
										64
									],
									"uv_size": [
										4,
										2
									]
								},
								"east": {
									"uv": [
										64,
										64
									],
									"uv_size": [
										2.4,
										2
									]
								},
								"south": {
									"uv": [
										64,
										64
									],
									"uv_size": [
										4,
										2
									]
								},
								"west": {
									"uv": [
										64,
										64
									],
									"uv_size": [
										2.4,
										2
									]
								},
								"up": {
									"uv": [
										68,
										66.4
									],
									"uv_size": [
										-4,
										-2.4
									]
								},
								"down": {
									"uv": [
										68,
										66.4
									],
									"uv_size": [
										-4,
										-2.4
									]
								}
							}
						},
						{
							"origin": [
								-2.5,
								-7.5,
								0.425
							],
							"size": [
								1,
								0.5,
								0.6
							],
							"pivot": [
								8,
								0,
								-8
							],
							"rotation": [
								0,
								0,
								45
							],
							"uv": {
								"north": {
									"uv": [
										64,
										64
									],
									"uv_size": [
										4,
										2
									]
								},
								"east": {
									"uv": [
										64,
										64
									],
									"uv_size": [
										2.4,
										2
									]
								},
								"south": {
									"uv": [
										64,
										64
									],
									"uv_size": [
										4,
										2
									]
								},
								"west": {
									"uv": [
										64,
										64
									],
									"uv_size": [
										2.4,
										2
									]
								},
								"up": {
									"uv": [
										68,
										66.4
									],
									"uv_size": [
										-4,
										-2.4
									]
								},
								"down": {
									"uv": [
										68,
										66.4
									],
									"uv_size": [
										-4,
										-2.4
									]
								}
							}
						}
					]
				}
			]
		}
	]
}