{
	"format_version": "1.12.0",
	"minecraft:geometry": [
		{
			"description": {
				"identifier": "geometry.kuromiplush",
				"texture_width": 512,
				"texture_height": 512,
				"visible_bounds_width": 2,
				"visible_bounds_height": 2.5,
				"visible_bounds_offset": [
					0,
					0.75,
					0
				]
			},
			"bones": [
				{
					"name": "torso",
					"pivot": [
						0,
						0,
						0
					],
					"cubes": [
						{
							"origin": [
								-3,
								0,
								-1
							],
							"size": [
								2.9,
								2,
								1
							],
							"uv": {
								"north": {
									"uv": [
										0,
										0
									],
									"uv_size": [
										24,
										16
									]
								},
								"east": {
									"uv": [
										24,
										16
									],
									"uv_size": [
										8,
										16
									]
								},
								"south": {
									"uv": [
										0,
										16
									],
									"uv_size": [
										24,
										16
									]
								},
								"west": {
									"uv": [
										0,
										32
									],
									"uv_size": [
										8,
										16
									]
								},
								"up": {
									"uv": [
										24,
										0
									],
									"uv_size": [
										24,
										8
									]
								},
								"down": {
									"uv": [
										24,
										16
									],
									"uv_size": [
										24,
										-8
									]
								}
							}
						},
						{
							"origin": [
								-4.5,
								-1.5,
								1
							],
							"size": [
								1,
								3,
								1
							],
							"pivot": [
								8,
								0,
								-7
							],
							"rotation": [
								0,
								0,
								22.5
							],
							"uv": {
								"north": {
									"uv": [
										128,
										0
									],
									"uv_size": [
										8,
										24
									]
								},
								"east": {
									"uv": [
										136,
										0
									],
									"uv_size": [
										8,
										24
									]
								},
								"south": {
									"uv": [
										144,
										0
									],
									"uv_size": [
										8,
										24
									]
								},
								"west": {
									"uv": [
										128,
										24
									],
									"uv_size": [
										8,
										24
									]
								},
								"up": {
									"uv": [
										152,
										0
									],
									"uv_size": [
										8,
										8
									]
								},
								"down": {
									"uv": [
										136,
										32
									],
									"uv_size": [
										8,
										-8
									]
								}
							}
						},
						{
							"origin": [
								0.1,
								0,
								-1
							],
							"size": [
								2.9,
								2,
								1
							],
							"uv": {
								"north": {
									"uv": [
										256,
										0
									],
									"uv_size": [
										24,
										16
									]
								},
								"east": {
									"uv": [
										280,
										16
									],
									"uv_size": [
										8,
										16
									]
								},
								"south": {
									"uv": [
										256,
										16
									],
									"uv_size": [
										24,
										16
									]
								},
								"west": {
									"uv": [
										256,
										32
									],
									"uv_size": [
										8,
										16
									]
								},
								"up": {
									"uv": [
										280,
										0
									],
									"uv_size": [
										24,
										8
									]
								},
								"down": {
									"uv": [
										280,
										16
									],
									"uv_size": [
										24,
										-8
									]
								}
							}
						},
						{
							"origin": [
								0.1,
								0,
								-3
							],
							"size": [
								2.9,
								3,
								2
							],
							"uv": {
								"north": {
									"uv": [
										384,
										0
									],
									"uv_size": [
										24,
										24
									]
								},
								"east": {
									"uv": [
										408,
										0
									],
									"uv_size": [
										16,
										24
									]
								},
								"south": {
									"uv": [
										384,
										24
									],
									"uv_size": [
										24,
										24
									]
								},
								"west": {
									"uv": [
										408,
										24
									],
									"uv_size": [
										16,
										24
									]
								},
								"up": {
									"uv": [
										424,
										0
									],
									"uv_size": [
										24,
										16
									]
								},
								"down": {
									"uv": [
										424,
										32
									],
									"uv_size": [
										24,
										-16
									]
								}
							}
						},
						{
							"origin": [
								-3,
								0,
								-3
							],
							"size": [
								2.9,
								3,
								2
							],
							"uv": {
								"north": {
									"uv": [
										0,
										128
									],
									"uv_size": [
										24,
										24
									]
								},
								"east": {
									"uv": [
										24,
										128
									],
									"uv_size": [
										16,
										24
									]
								},
								"south": {
									"uv": [
										0,
										152
									],
									"uv_size": [
										24,
										24
									]
								},
								"west": {
									"uv": [
										24,
										152
									],
									"uv_size": [
										16,
										24
									]
								},
								"up": {
									"uv": [
										40,
										128
									],
									"uv_size": [
										24,
										16
									]
								},
								"down": {
									"uv": [
										40,
										160
									],
									"uv_size": [
										24,
										-16
									]
								}
							}
						},
						{
							"origin": [
								-2.3,
								-3,
								3
							],
							"size": [
								3,
								0.75,
								0.775
							],
							"pivot": [
								8,
								0,
								-7
							],
							"rotation": [
								0,
								0,
								22.5
							],
							"uv": {
								"north": {
									"uv": [
										128,
										128
									],
									"uv_size": [
										24,
										8
									]
								},
								"east": {
									"uv": [
										152,
										128
									],
									"uv_size": [
										8,
										8
									]
								},
								"south": {
									"uv": [
										128,
										136
									],
									"uv_size": [
										24,
										8
									]
								},
								"west": {
									"uv": [
										152,
										136
									],
									"uv_size": [
										8,
										8
									]
								},
								"up": {
									"uv": [
										128,
										144
									],
									"uv_size": [
										24,
										8
									]
								},
								"down": {
									"uv": [
										128,
										160
									],
									"uv_size": [
										24,
										-8
									]
								}
							}
						},
						{
							"origin": [
								4.75,
								4.6,
								1
							],
							"size": [
								1,
								3,
								1
							],
							"pivot": [
								8,
								0,
								-7
							],
							"rotation": [
								0,
								0,
								-22.5
							],
							"uv": {
								"north": {
									"uv": [
										256,
										128
									],
									"uv_size": [
										8,
										24
									]
								},
								"east": {
									"uv": [
										264,
										128
									],
									"uv_size": [
										8,
										24
									]
								},
								"south": {
									"uv": [
										272,
										128
									],
									"uv_size": [
										8,
										24
									]
								},
								"west": {
									"uv": [
										256,
										152
									],
									"uv_size": [
										8,
										24
									]
								},
								"up": {
									"uv": [
										280,
										128
									],
									"uv_size": [
										8,
										8
									]
								},
								"down": {
									"uv": [
										264,
										160
									],
									"uv_size": [
										8,
										-8
									]
								}
							}
						},
						{
							"origin": [
								-4.675,
								-2.75,
								0.9
							],
							"size": [
								1.25,
								1.25,
								1.25
							],
							"pivot": [
								8,
								0,
								-7
							],
							"rotation": [
								0,
								0,
								22.5
							],
							"uv": {
								"north": {
									"uv": [
										384,
										128
									],
									"uv_size": [
										8,
										8
									]
								},
								"east": {
									"uv": [
										384,
										136
									],
									"uv_size": [
										8,
										8
									]
								},
								"south": {
									"uv": [
										392,
										128
									],
									"uv_size": [
										8,
										8
									]
								},
								"west": {
									"uv": [
										392,
										136
									],
									"uv_size": [
										8,
										8
									]
								},
								"up": {
									"uv": [
										384,
										144
									],
									"uv_size": [
										8,
										8
									]
								},
								"down": {
									"uv": [
										400,
										136
									],
									"uv_size": [
										8,
										-8
									]
								}
							}
						},
						{
							"origin": [
								-3,
								0,
								0
							],
							"size": [
								6,
								6,
								3
							],
							"uv": {
								"north": {
									"uv": [
										256,
										384
									],
									"uv_size": [
										48,
										48
									]
								},
								"east": {
									"uv": [
										304,
										384
									],
									"uv_size": [
										24,
										48
									]
								},
								"south": {
									"uv": [
										256,
										432
									],
									"uv_size": [
										48,
										48
									]
								},
								"west": {
									"uv": [
										304,
										432
									],
									"uv_size": [
										24,
										48
									]
								},
								"up": {
									"uv": [
										328,
										384
									],
									"uv_size": [
										48,
										24
									]
								},
								"down": {
									"uv": [
										328,
										432
									],
									"uv_size": [
										48,
										-24
									]
								}
							}
						},
						{
							"origin": [
								4.625,
								3.325,
								0.9
							],
							"size": [
								1.25,
								1.25,
								1.25
							],
							"pivot": [
								8,
								0,
								-7
							],
							"rotation": [
								0,
								0,
								-22.5
							],
							"uv": {
								"north": {
									"uv": [
										0,
										256
									],
									"uv_size": [
										8,
										8
									]
								},
								"east": {
									"uv": [
										0,
										264
									],
									"uv_size": [
										8,
										8
									]
								},
								"south": {
									"uv": [
										8,
										256
									],
									"uv_size": [
										8,
										8
									]
								},
								"west": {
									"uv": [
										8,
										264
									],
									"uv_size": [
										8,
										8
									]
								},
								"up": {
									"uv": [
										0,
										272
									],
									"uv_size": [
										8,
										8
									]
								},
								"down": {
									"uv": [
										16,
										264
									],
									"uv_size": [
										8,
										-8
									]
								}
							}
						},
						{
							"origin": [
								-1.8,
								5.1,
								3
							],
							"size": [
								1,
								1,
								1
							],
							"pivot": [
								8,
								0,
								-7
							],
							"rotation": [
								0,
								0,
								-22.5
							],
							"uv": {
								"north": {
									"uv": [
										128,
										256
									],
									"uv_size": [
										8,
										8
									]
								},
								"east": {
									"uv": [
										152,
										256
									],
									"uv_size": [
										-8,
										8
									]
								},
								"south": {
									"uv": [
										136,
										256
									],
									"uv_size": [
										8,
										8
									]
								},
								"west": {
									"uv": [
										136,
										280
									],
									"uv_size": [
										-8,
										-8
									]
								},
								"up": {
									"uv": [
										136,
										272
									],
									"uv_size": [
										-8,
										-8
									]
								},
								"down": {
									"uv": [
										144,
										272
									],
									"uv_size": [
										-8,
										-8
									]
								}
							}
						}
					]
				},
				{
					"name": "head",
					"pivot": [
						0,
						0,
						0
					],
					"cubes": [
						{
							"origin": [
								-4,
								6,
								-1
							],
							"size": [
								8,
								6,
								5
							],
							"uv": {
								"north": {
									"uv": [
										384,
										384
									],
									"uv_size": [
										32,
										24
									]
								},
								"east": {
									"uv": [
										416,
										424
									],
									"uv_size": [
										20,
										24
									]
								},
								"south": {
									"uv": [
										384,
										408
									],
									"uv_size": [
										32,
										24
									]
								},
								"west": {
									"uv": [
										384,
										432
									],
									"uv_size": [
										20,
										24
									]
								},
								"up": {
									"uv": [
										416,
										384
									],
									"uv_size": [
										32,
										20
									]
								},
								"down": {
									"uv": [
										416,
										424
									],
									"uv_size": [
										32,
										-20
									]
								}
							}
						},
						{
							"origin": [
								-10.425,
								9.25,
								0
							],
							"size": [
								1,
								1,
								3
							],
							"pivot": [
								8,
								0,
								-7
							],
							"rotation": [
								0,
								0,
								22.5
							],
							"uv": {
								"north": {
									"uv": [
										272,
										272
									],
									"uv_size": [
										8,
										8
									]
								},
								"east": {
									"uv": [
										256,
										256
									],
									"uv_size": [
										24,
										8
									]
								},
								"south": {
									"uv": [
										280,
										256
									],
									"uv_size": [
										8,
										8
									]
								},
								"west": {
									"uv": [
										256,
										264
									],
									"uv_size": [
										24,
										8
									]
								},
								"up": {
									"uv": [
										256,
										272
									],
									"uv_size": [
										8,
										24
									]
								},
								"down": {
									"uv": [
										264,
										296
									],
									"uv_size": [
										8,
										-24
									]
								}
							}
						},
						{
							"origin": [
								-9.425,
								5.25,
								0
							],
							"size": [
								4,
								4,
								3
							],
							"pivot": [
								8,
								0,
								-7
							],
							"rotation": [
								0,
								0,
								22.5
							],
							"uv": {
								"north": {
									"uv": [
										384,
										256
									],
									"uv_size": [
										32,
										32
									]
								},
								"east": {
									"uv": [
										416,
										256
									],
									"uv_size": [
										24,
										32
									]
								},
								"south": {
									"uv": [
										384,
										288
									],
									"uv_size": [
										32,
										32
									]
								},
								"west": {
									"uv": [
										416,
										288
									],
									"uv_size": [
										24,
										32
									]
								},
								"up": {
									"uv": [
										440,
										256
									],
									"uv_size": [
										32,
										24
									]
								},
								"down": {
									"uv": [
										440,
										304
									],
									"uv_size": [
										32,
										-24
									]
								}
							}
						},
						{
							"origin": [
								10.65,
								15.35,
								0
							],
							"size": [
								1,
								1,
								3
							],
							"pivot": [
								8,
								0,
								-7
							],
							"rotation": [
								0,
								0,
								-22.5
							],
							"uv": {
								"north": {
									"uv": [
										16,
										400
									],
									"uv_size": [
										8,
										8
									]
								},
								"east": {
									"uv": [
										0,
										384
									],
									"uv_size": [
										24,
										8
									]
								},
								"south": {
									"uv": [
										24,
										384
									],
									"uv_size": [
										8,
										8
									]
								},
								"west": {
									"uv": [
										0,
										392
									],
									"uv_size": [
										24,
										8
									]
								},
								"up": {
									"uv": [
										0,
										400
									],
									"uv_size": [
										8,
										24
									]
								},
								"down": {
									"uv": [
										8,
										424
									],
									"uv_size": [
										8,
										-24
									]
								}
							}
						},
						{
							"origin": [
								6.65,
								11.35,
								0
							],
							"size": [
								4,
								4,
								3
							],
							"pivot": [
								8,
								0,
								-7
							],
							"rotation": [
								0,
								0,
								-22.5
							],
							"uv": {
								"north": {
									"uv": [
										128,
										384
									],
									"uv_size": [
										32,
										32
									]
								},
								"east": {
									"uv": [
										160,
										384
									],
									"uv_size": [
										24,
										32
									]
								},
								"south": {
									"uv": [
										128,
										416
									],
									"uv_size": [
										32,
										32
									]
								},
								"west": {
									"uv": [
										160,
										416
									],
									"uv_size": [
										24,
										32
									]
								},
								"up": {
									"uv": [
										184,
										384
									],
									"uv_size": [
										32,
										24
									]
								},
								"down": {
									"uv": [
										184,
										432
									],
									"uv_size": [
										32,
										-24
									]
								}
							}
						}
					]
				}
			]
		}
	]
}