{
	"format_version": "1.12.0",
	"minecraft:geometry": [
		{
			"description": {
				"identifier": "geometry.momousaplush",
				"texture_width": 512,
				"texture_height": 512,
				"visible_bounds_width": 2,
				"visible_bounds_height": 2.5,
				"visible_bounds_offset": [
					0,
					0.75,
					0
				]
			},
			"bones": [
				{
					"name": "torso",
					"pivot": [
						0,
						0,
						0
					],
					"cubes": [
						{
							"origin": [
								-3,
								-3,
								0
							],
							"size": [
								1,
								3,
								1
							],
							"pivot": [
								8,
								0,
								-8
							],
							"rotation": [
								0,
								0,
								22.5
							],
							"uv": {
								"north": {
									"uv": [
										0,
										0
									],
									"uv_size": [
										4,
										12
									]
								},
								"east": {
									"uv": [
										4,
										0
									],
									"uv_size": [
										4,
										12
									]
								},
								"south": {
									"uv": [
										8,
										0
									],
									"uv_size": [
										4,
										12
									]
								},
								"west": {
									"uv": [
										0,
										12
									],
									"uv_size": [
										4,
										12
									]
								},
								"up": {
									"uv": [
										12,
										0
									],
									"uv_size": [
										4,
										4
									]
								},
								"down": {
									"uv": [
										4,
										16
									],
									"uv_size": [
										4,
										-4
									]
								}
							}
						},
						{
							"origin": [
								3.25,
								3.125,
								0
							],
							"size": [
								1,
								3,
								1
							],
							"pivot": [
								8,
								0,
								-8
							],
							"rotation": [
								0,
								0,
								-22.5
							],
							"uv": {
								"north": {
									"uv": [
										0,
										0
									],
									"uv_size": [
										4,
										12
									]
								},
								"east": {
									"uv": [
										0,
										0
									],
									"uv_size": [
										4,
										12
									]
								},
								"south": {
									"uv": [
										0,
										0
									],
									"uv_size": [
										4,
										12
									]
								},
								"west": {
									"uv": [
										0,
										0
									],
									"uv_size": [
										4,
										12
									]
								},
								"up": {
									"uv": [
										4,
										4
									],
									"uv_size": [
										-4,
										-4
									]
								},
								"down": {
									"uv": [
										4,
										4
									],
									"uv_size": [
										-4,
										-4
									]
								}
							}
						},
						{
							"origin": [
								0.1,
								0,
								-2.5
							],
							"size": [
								1.9,
								1.5,
								1.5
							],
							"uv": {
								"north": {
									"uv": [
										64,
										0
									],
									"uv_size": [
										8,
										8
									]
								},
								"east": {
									"uv": [
										64,
										8
									],
									"uv_size": [
										8,
										8
									]
								},
								"south": {
									"uv": [
										72,
										0
									],
									"uv_size": [
										8,
										8
									]
								},
								"west": {
									"uv": [
										72,
										8
									],
									"uv_size": [
										8,
										8
									]
								},
								"up": {
									"uv": [
										64,
										16
									],
									"uv_size": [
										8,
										8
									]
								},
								"down": {
									"uv": [
										80,
										8
									],
									"uv_size": [
										8,
										-8
									]
								}
							}
						},
						{
							"origin": [
								-2,
								0,
								-1
							],
							"size": [
								4,
								3.5,
								3
							],
							"uv": {
								"north": {
									"uv": [
										128,
										64
									],
									"uv_size": [
										16,
										14
									]
								},
								"east": {
									"uv": [
										144,
										88
									],
									"uv_size": [
										12,
										14
									]
								},
								"south": {
									"uv": [
										128,
										80
									],
									"uv_size": [
										16,
										14
									]
								},
								"west": {
									"uv": [
										156,
										88
									],
									"uv_size": [
										12,
										14
									]
								},
								"up": {
									"uv": [
										144,
										64
									],
									"uv_size": [
										16,
										12
									]
								},
								"down": {
									"uv": [
										144,
										88
									],
									"uv_size": [
										16,
										-12
									]
								}
							}
						},
						{
							"origin": [
								-2,
								0,
								-2.5
							],
							"size": [
								1.9,
								1.5,
								1.5
							],
							"uv": {
								"north": {
									"uv": [
										64,
										0
									],
									"uv_size": [
										7.6,
										6
									]
								},
								"east": {
									"uv": [
										64,
										0
									],
									"uv_size": [
										6,
										6
									]
								},
								"south": {
									"uv": [
										64,
										0
									],
									"uv_size": [
										7.6,
										6
									]
								},
								"west": {
									"uv": [
										64,
										0
									],
									"uv_size": [
										6,
										6
									]
								},
								"up": {
									"uv": [
										71.6,
										6
									],
									"uv_size": [
										-7.6,
										-6
									]
								},
								"down": {
									"uv": [
										71.6,
										6
									],
									"uv_size": [
										-7.6,
										-6
									]
								}
							}
						},
						{
							"origin": [
								-0.5,
								0,
								2
							],
							"size": [
								1,
								1,
								1
							],
							"uv": {
								"north": {
									"uv": [
										64,
										64
									],
									"uv_size": [
										4,
										4
									]
								},
								"east": {
									"uv": [
										64,
										68
									],
									"uv_size": [
										4,
										4
									]
								},
								"south": {
									"uv": [
										68,
										64
									],
									"uv_size": [
										4,
										4
									]
								},
								"west": {
									"uv": [
										68,
										68
									],
									"uv_size": [
										4,
										4
									]
								},
								"up": {
									"uv": [
										64,
										72
									],
									"uv_size": [
										4,
										4
									]
								},
								"down": {
									"uv": [
										72,
										68
									],
									"uv_size": [
										4,
										-4
									]
								}
							}
						}
					]
				},
				{
					"name": "head",
					"pivot": [
						0,
						0,
						0
					],
					"cubes": [
						{
							"origin": [
								1.5,
								9.85,
								-1.9
							],
							"size": [
								3,
								2,
								4.8
							],
							"pivot": [
								8,
								0,
								-8
							],
							"rotation": [
								0,
								0,
								-22.5
							],
							"uv": {
								"north": {
									"uv": [
										152,
										0
									],
									"uv_size": [
										12,
										8
									]
								},
								"east": {
									"uv": [
										128,
										20
									],
									"uv_size": [
										20,
										8
									]
								},
								"south": {
									"uv": [
										152,
										8
									],
									"uv_size": [
										12,
										8
									]
								},
								"west": {
									"uv": [
										148,
										20
									],
									"uv_size": [
										20,
										8
									]
								},
								"up": {
									"uv": [
										128,
										0
									],
									"uv_size": [
										12,
										20
									]
								},
								"down": {
									"uv": [
										140,
										20
									],
									"uv_size": [
										12,
										-20
									]
								}
							}
						},
						{
							"origin": [
								6,
								5.125,
								-1
							],
							"size": [
								1.5,
								5,
								3
							],
							"pivot": [
								8,
								0,
								-8
							],
							"rotation": [
								0,
								0,
								-22.5
							],
							"uv": {
								"north": {
									"uv": [
										0,
										148
									],
									"uv_size": [
										6,
										20
									]
								},
								"east": {
									"uv": [
										0,
										128
									],
									"uv_size": [
										12,
										20
									]
								},
								"south": {
									"uv": [
										8,
										148
									],
									"uv_size": [
										6,
										20
									]
								},
								"west": {
									"uv": [
										12,
										128
									],
									"uv_size": [
										12,
										20
									]
								},
								"up": {
									"uv": [
										16,
										148
									],
									"uv_size": [
										6,
										12
									]
								},
								"down": {
									"uv": [
										24,
										140
									],
									"uv_size": [
										6,
										-12
									]
								}
							}
						},
						{
							"origin": [
								-6.25,
								-1,
								-1
							],
							"size": [
								1.5,
								5,
								3
							],
							"pivot": [
								8,
								0,
								-8
							],
							"rotation": [
								0,
								0,
								22.5
							],
							"uv": {
								"north": {
									"uv": [
										64,
										148
									],
									"uv_size": [
										6,
										20
									]
								},
								"east": {
									"uv": [
										64,
										128
									],
									"uv_size": [
										12,
										20
									]
								},
								"south": {
									"uv": [
										72,
										148
									],
									"uv_size": [
										6,
										20
									]
								},
								"west": {
									"uv": [
										76,
										128
									],
									"uv_size": [
										12,
										20
									]
								},
								"up": {
									"uv": [
										80,
										148
									],
									"uv_size": [
										6,
										12
									]
								},
								"down": {
									"uv": [
										88,
										140
									],
									"uv_size": [
										6,
										-12
									]
								}
							}
						},
						{
							"origin": [
								-3,
								3.5,
								-2
							],
							"size": [
								6,
								5,
								5
							],
							"uv": {
								"north": {
									"uv": [
										128,
										128
									],
									"uv_size": [
										24,
										20
									]
								},
								"east": {
									"uv": [
										128,
										168
									],
									"uv_size": [
										20,
										20
									]
								},
								"south": {
									"uv": [
										128,
										148
									],
									"uv_size": [
										24,
										20
									]
								},
								"west": {
									"uv": [
										148,
										168
									],
									"uv_size": [
										20,
										20
									]
								},
								"up": {
									"uv": [
										152,
										128
									],
									"uv_size": [
										24,
										20
									]
								},
								"down": {
									"uv": [
										152,
										168
									],
									"uv_size": [
										24,
										-20
									]
								}
							}
						}
					]
				},
				{
					"name": "ribbon",
					"parent": "head",
					"pivot": [
						0,
						8,
						0
					],
					"cubes": [
						{
							"origin": [
								-2.75,
								8.425,
								-2.25
							],
							"size": [
								0.75,
								0.25,
								0.25
							],
							"uv": {
								"north": {
									"uv": [
										0,
										64
									],
									"uv_size": [
										4,
										4
									]
								},
								"east": {
									"uv": [
										0,
										68
									],
									"uv_size": [
										4,
										4
									]
								},
								"south": {
									"uv": [
										4,
										64
									],
									"uv_size": [
										4,
										4
									]
								},
								"west": {
									"uv": [
										4,
										68
									],
									"uv_size": [
										4,
										4
									]
								},
								"up": {
									"uv": [
										0,
										72
									],
									"uv_size": [
										4,
										4
									]
								},
								"down": {
									"uv": [
										8,
										68
									],
									"uv_size": [
										4,
										-4
									]
								}
							}
						},
						{
							"origin": [
								5.375,
								13.625,
								-2.25
							],
							"size": [
								0.75,
								0.25,
								0.25
							],
							"pivot": [
								8,
								0,
								-8
							],
							"rotation": [
								0,
								0,
								-45
							],
							"uv": {
								"north": {
									"uv": [
										0,
										64
									],
									"uv_size": [
										3,
										1
									]
								},
								"east": {
									"uv": [
										0,
										64
									],
									"uv_size": [
										1,
										1
									]
								},
								"south": {
									"uv": [
										0,
										64
									],
									"uv_size": [
										3,
										1
									]
								},
								"west": {
									"uv": [
										0,
										64
									],
									"uv_size": [
										1,
										1
									]
								},
								"up": {
									"uv": [
										3,
										65
									],
									"uv_size": [
										-3,
										-1
									]
								},
								"down": {
									"uv": [
										3,
										65
									],
									"uv_size": [
										-3,
										-1
									]
								}
							}
						},
						{
							"origin": [
								0.375,
								11.9,
								-2.25
							],
							"size": [
								0.5,
								0.425,
								0.25
							],
							"pivot": [
								8,
								0,
								-8
							],
							"rotation": [
								0,
								0,
								-22.5
							],
							"uv": {
								"north": {
									"uv": [
										0,
										64
									],
									"uv_size": [
										2,
										1.7
									]
								},
								"east": {
									"uv": [
										0,
										64
									],
									"uv_size": [
										1,
										1.7
									]
								},
								"south": {
									"uv": [
										0,
										64
									],
									"uv_size": [
										2,
										1.7
									]
								},
								"west": {
									"uv": [
										0,
										64
									],
									"uv_size": [
										1,
										1.7
									]
								},
								"up": {
									"uv": [
										2,
										65
									],
									"uv_size": [
										-2,
										-1
									]
								},
								"down": {
									"uv": [
										2,
										65
									],
									"uv_size": [
										-2,
										-1
									]
								}
							}
						},
						{
							"origin": [
								1.375,
								11.9,
								-2.25
							],
							"size": [
								0.5,
								0.425,
								0.25
							],
							"pivot": [
								8,
								0,
								-8
							],
							"rotation": [
								0,
								0,
								-22.5
							],
							"uv": {
								"north": {
									"uv": [
										0,
										64
									],
									"uv_size": [
										2,
										1.7
									]
								},
								"east": {
									"uv": [
										0,
										64
									],
									"uv_size": [
										1,
										1.7
									]
								},
								"south": {
									"uv": [
										0,
										64
									],
									"uv_size": [
										2,
										1.7
									]
								},
								"west": {
									"uv": [
										0,
										64
									],
									"uv_size": [
										1,
										1.7
									]
								},
								"up": {
									"uv": [
										2,
										65
									],
									"uv_size": [
										-2,
										-1
									]
								},
								"down": {
									"uv": [
										2,
										65
									],
									"uv_size": [
										-2,
										-1
									]
								}
							}
						},
						{
							"origin": [
								0.875,
								11.9,
								-2.25
							],
							"size": [
								0.5,
								0.25,
								0.25
							],
							"pivot": [
								8,
								0,
								-8
							],
							"rotation": [
								0,
								0,
								-22.5
							],
							"uv": {
								"north": {
									"uv": [
										0,
										64
									],
									"uv_size": [
										2,
										1
									]
								},
								"east": {
									"uv": [
										0,
										64
									],
									"uv_size": [
										1,
										1
									]
								},
								"south": {
									"uv": [
										0,
										64
									],
									"uv_size": [
										2,
										1
									]
								},
								"west": {
									"uv": [
										0,
										64
									],
									"uv_size": [
										1,
										1
									]
								},
								"up": {
									"uv": [
										2,
										65
									],
									"uv_size": [
										-2,
										-1
									]
								},
								"down": {
									"uv": [
										2,
										65
									],
									"uv_size": [
										-2,
										-1
									]
								}
							}
						}
					]
				}
			]
		}
	]
}