{
	"format_version": "1.16.0",
	"minecraft:entity": {
		"description": {
			"identifier": "ktm:greenaqua",
			"is_spawnable": true,
			"is_summonable": true,
			"is_experimental": false,
			"scripts": {
				"animate": [
					"ktm",
					"startup",
					"pecutan"
				]
			},
			"animations": {
				"ktm": "controller.animation.ktm",
				"startup": "controller.animation.ktm_startup",
				"pecutan": "controller.animation.ktm_pecutan"
			}
		},
		"component_groups": {
			"door_close": {
        		"minecraft:transformation": {
          		"into": "ktm:greenaqua",
          		"delay": 0.1
       			 }
    		},
    		"velocity_1": {
        		"minecraft:movement": {
					"value": 0.10
				},
				"minecraft:timer": {
  					"time": 0.3,
  					"time_down_event": { 
  						"event": "velocity_2" 
  					}
				}
    		},
    		"velocity_2": {
        		"minecraft:movement": {
					"value": 0.20
				},
				"minecraft:timer": {
  					"time": 0.3,
  					"time_down_event": { 
  						"event": "velocity_3" 
  					}
				}
    		},
    		"velocity_3": {
        		"minecraft:movement": {
					"value": 0.30
				},
				"minecraft:timer": {
  					"time": 0.3,
  					"time_down_event": { 
  						"event": "velocity_4" 
  					}
				}
    		},
    		"velocity_4": {
        		"minecraft:movement": {
					"value": 0.35
				},
				"minecraft:timer": {
  					"time": 0.3,
  					"time_down_event": { 
  						"event": "velocity_5" 
  					}
				}
    		},
    		"velocity_5": {
        		"minecraft:movement": {
					"value": 0.38
				},
				"minecraft:timer": {
  					"time": 0.35,
  					"time_down_event": { 
  						"event": "velocity_6" 
  					}
				}
    		},
    		"velocity_6": {
        		"minecraft:movement": {
					"value": 0.39
				},
				"minecraft:timer": {
  					"time": 0.5,
  					"time_down_event": { 
  						"event": "velocity_7" 
  					}
				}
    		},
    		"velocity_7": {
        		"minecraft:movement": {
					"value": 0.42
				},
				"minecraft:timer": {
  					"time": 0.65,
  					"time_down_event": { 
  						"event": "velocity_8" 
  					}
				}
    		},
    		"velocity_8": {
        		"minecraft:movement": {
					"value": 0.45
				},
				"minecraft:timer": {
  					"time": 0.65,
  					"time_down_event": { 
  						"event": "velocity_9" 
  					}
				}
    		},
    		"velocity_9": {
        		"minecraft:movement": {
					"value": 0.47
				},
				"minecraft:timer": {
  					"time": 0.8,
  					"time_down_event": { 
  						"event": "velocity_10" 
  					}
				}
    		},
    		"velocity_10": {
        		"minecraft:movement": {
					"value": 0.55
				},
				"minecraft:timer": {
  					"time": 0.8,
  					"time_down_event": { 
  						"event": "velocity_11" 
  					}
				}
    		},
    		"velocity_11": {
        		"minecraft:movement": {
					"value": 0.56
				},
				"minecraft:timer": {
  					"time": 0.8,
  					"time_down_event": { 
  						"event": "velocity_12" 
  					}
				}
    		},
    		"velocity_12": {
        		"minecraft:movement": {
					"value": 0.59
				},
				"minecraft:timer": {
  					"time": 0.85,
  					"time_down_event": { 
  						"event": "velocity_13" 
  					}
				}
    		},
    		"velocity_13": {
        		"minecraft:movement": {
					"value": 0.60
				},
				"minecraft:timer": {
  					"time": 0.85,
  					"time_down_event": { 
  						"event": "velocity_14" 
  					}
				}
    		},
    		"velocity_14": {
        		"minecraft:movement": {
					"value": 0.69
				}
    		},
    		"roadkill": {
				"minecraft:area_attack": {
					"damage_per_tick": 24,
					"damage_range": 0.8,
					"cause": "contact",
					"entity_filter": {
						"none_of": [
							{
								"test": "is_riding",
								"subject": "other",
								"value": true
							},
							{
								"test": "is_family",
								"subject": "other",
								"value": "vehicles"
							},
							{
								"test": "is_family",
								"subject": "other",
								"value": "vehicle"
							},
							{
								"test": "is_family",
								"subject": "other",
								"value": "cars"
							},
							{
								"test": "is_family",
								"subject": "other",
								"value": "car"
							},
							{
								"test": "is_family",
								"subject": "other",
								"value": "bike"
							},
							{
								"test": "is_family",
								"subject": "other",
								"value": "bikes"
							},
							{
								"test": "is_family",
								"subject": "other",
								"value": "motorcycles"
							},
							{
								"test": "is_family",
								"subject": "other",
								"value": "motorcycle"
							}
						]
					}
				}
			}
		},
		"components": {
			"minecraft:type_family": {
				"family": [
					"motorcycles",
					"ktm"
				]	
			},
			"minecraft:scale": {
				"value": 1.1
			},
			"minecraft:collision_box": {
				"width": 1,
				"height": 1.5
			},
			"minecraft:health": {
				"value": 60
			},
			"minecraft:knockback_resistance": {
				"value": 1,
				"max": 1
			},
			"minecraft:movement": {
				"value": 0.1
			},
			"minecraft:movement.basic": {},
			"minecraft:jump.static": {},
			"minecraft:input_ground_controlled": {},
			"minecraft:physics": {},
			"minecraft:inventory": {
				"container_type": "container",
				"inventory_size": 30,
				"private": false
			},
			"minecraft:rideable": {
				"seat_count": 1,
				"crouching_skip_interact": true,
				"interact_text": "Drive",
				"family_types": [
					"player",
					"villager"
				],
				"pull_in_entities": true,
				"seats": [
					{
						"position": [
							0,
							0.8,
							-0.3
						],
						"max_rider_count": 1
					}

				]
			},
			"minecraft:pushable": {
				"is_pushable": false,
				"is_pushable_by_piston": true
			}
		},
		"events": {
			"door_close": {
        		"add": {
          			"component_groups": [
            			"door_close"
          			]
        		}
      		},
      		"velocity_1": {
        		"add": {
          			"component_groups": [
            			"velocity_1"
          			]
        		}
      		},
      		"velocity_2": {
        		"add": {
          			"component_groups": [
            			"velocity_2"
          			]
        		},
        		"remove": {
          			"component_groups": [
            			"velocity_1"
          			]
        		}
      		},
      		"velocity_3": {
        		"add": {
          			"component_groups": [
            			"velocity_3"
          			]
        		},
        		"remove": {
          			"component_groups": [
            			"velocity_2"
          			]
        		}
      		},
      		"velocity_4": {
        		"add": {
          			"component_groups": [
            			"velocity_4"
          			]
        		},
        		"remove": {
          			"component_groups": [
            			"velocity_3"
          			]
        		}
      		},
      		"velocity_5": {
        		"add": {
          			"component_groups": [
            			"velocity_5"
          			]
        		},
        		"remove": {
          			"component_groups": [
            			"velocity_4"
          			]
        		}
      		},
      		"velocity_6": {
        		"add": {
          			"component_groups": [
            			"velocity_6"
          			]
        		},
        		"remove": {
          			"component_groups": [
            			"velocity_5"
          			]
        		}
      		},
      		"velocity_7": {
        		"add": {
          			"component_groups": [
            			"velocity_7"
          			]
        		},
        		"remove": {
          			"component_groups": [
            			"velocity_6"
          			]
        		}
      		},
      		"velocity_8": {
        		"add": {
          			"component_groups": [
            			"velocity_8"
          			]
        		},
        		"remove": {
          			"component_groups": [
            			"velocity_7"
          			]
        		}
      		},
      		"velocity_9": {
        		"add": {
          			"component_groups": [
            			"velocity_9"
          			]
        		},
        		"remove": {
          			"component_groups": [
            			"velocity_8"
          			]
        		}
      		},
      		"velocity_10": {
        		"add": {
          			"component_groups": [
            			"velocity_10"
          			]
        		},
        		"remove": {
          			"component_groups": [
            			"velocity_9"
          			]
        		}
      		},
      		"velocity_11": {
        		"add": {
          			"component_groups": [
            			"velocity_11"
          			]
        		},
        		"remove": {
          			"component_groups": [
            			"velocity_10"
          			]
        		}
      		},
      		"velocity_12": {
        		"add": {
          			"component_groups": [
            			"velocity_12"
          			]
        		},
        		"remove": {
          			"component_groups": [
            			"velocity_11"
          			]
        		}
      		},
      		"velocity_13": {
        		"add": {
          			"component_groups": [
            			"velocity_13"
          			]
        		},
        		"remove": {
          			"component_groups": [
            			"velocity_12"
          			]
        		}
      		},
      		"velocity_14": {
        		"add": {
          			"component_groups": [
            			"velocity_14"
          			]
        		},
        		"remove": {
          			"component_groups": [
            			"velocity_13"
          			]
        		}
      		},
      		"roadkill": {
        		"add": {
          			"component_groups": [
            			"roadkill"
          			]
        		}
      		},
      		"velocity_stationary": {
        		"remove": {
          			"component_groups": [
            			"velocity_1",
            			"velocity_2",
            			"velocity_3",
            			"velocity_4",
            			"velocity_5",
            			"velocity_6",
            			"velocity_7",
            			"velocity_8",
            			"velocity_9",
            			"velocity_10",
            			"velocity_11",
            			"velocity_12",
            			"velocity_13",
            			"velocity_14",
            			"roadkill"
          			]
        		}
      		}
		}
	}
}