{
	"format_version": "1.16.100",
	"minecraft:item": {
		"description": {
			"identifier": "dgmorph:piglin_brute",
			"category": "equipment"
		},
		"components": {
			"minecraft:stacked_by_data": true,
			"minecraft:max_stack_size": 1,
			"minecraft:on_use": {
				"on_use": {
					"event": "dgmorph:piglin_brute"
				}
			},
			"minecraft:icon": {
				"texture": "morph_to_piglin_brute"
			},
			"minecraft:cooldown": {
				"category": "morph_to_morph",
				"duration": 1
			},
			"minecraft:creative_category": {
				"parent": "itemGroup.name.equipment"
			}
		},
		"events": {
			"dgmorph:piglin_brute": {
				"run_command": {
					"command": [
						"event entity @s dgmorph:remove",
						"event entity @s dgmorph:piglin_brute",
                              "playsound mob.piglin_brute.ambient @s",
						"title @s actionbar §cAnalyzing..... \nMorphing into Piglin Brute Successful"
					]
				}
			}
		}
	}
}