{
  "format_version": "1.10.0",
  "minecraft:client_entity": {
    "description": {
      "identifier": "rai:kango_aneitei",
      "materials": {
        "default": "entity_alphatest"
      },
      "textures": {
        "default": "textures/entity/tokusa/kango_aneitei"
      },
      "geometry": {
        "default": "geometry.kango_aneitei"
      },
      "particle_effects": {
        "projectile": "j:kango_aneitei_particle"
      },
      "scripts": {
        "scale": "1.5",
        "initialize": [
          "v.time = 0;"
        ],
        "pre_animation": [
          "v.time = v.time < 30 ? v.time+1 : v.time;"
        ],
        "animate": [
          "look",
          {"projectile": "q.variant == 1"}
        ]
      },
      "animations": {
        "look": "animation.root.look",
        "projectile" : "controller.animation.projectile"
      },
      "render_controllers": [
        "controller.render.tokusa.default"
      ]
    }
  }
}
