{
	"resource_pack_name": "Gojo",
	"texture_name": "atlas.items",
	"texture_data": {
		"jjktoken": {
			"textures": [
				"textures/items/jjktoken"
			]
		},
		"gojo_clothes": {
			"textures": [
				"textures/items/gojo_clothes"
			]
		},
		"toji_torso": {
			"textures": [
				"textures/items/toji_torso"
			]
		},
		"toji_leggings": {
			"textures": [
				"textures/items/toji_leggings"
			]
		},
		"blindfold": {
			"textures": [
				"textures/items/blindfold"
			]
		},
		"hinventory": {
			"textures": [
				"textures/items/hinventory"
			]
		},
		"invertedspear": {
			"textures": [
				"textures/items/invertedspear"
			]
		},
		"abilityswitch": {
			"textures": [
				"textures/items/abilityswitch"
			]
		},
		"sixeyes": {
			"textures": [
				"textures/items/sixeyes"
			]
		},
		"gojoability": {
			"textures": [
				"textures/items/gojoability"
			]
		}
	}
}