{
  "format_version": "1.12.0",
  "minecraft:geometry": [
    {
      "description": {
        "identifier": "geometry.laz_pomni",
        "texture_width": 128,
        "texture_height": 128,
        "visible_bounds_width": 3,
        "visible_bounds_height": 4,
        "visible_bounds_offset": [
          0,
          1,
          0
        ]
      },
      "bones": [
        {
          "name": "bb_main",
          "pivot": [
            0,
            0,
            0
          ],
          "cubes": [
            {
              "origin": [
                -5,
                0,
                -8
              ],
              "size": [
                3,
                2,
                6
              ],
              "uv": [
                42,
                9
              ]
            },
            {
              "origin": [
                0,
                0,
                -8
              ],
              "size": [
                3,
                2,
                6
              ],
              "uv": [
                42,
                0
              ]
            },
            {
              "origin": [
                -5,
                2,
                -5
              ],
              "size": [
                3,
                1,
                3
              ],
              "uv": [
                9,
                60
              ]
            },
            {
              "origin": [
                -5,
                8,
                -4
              ],
              "size": [
                3,
                1,
                3
              ],
              "uv": [
                58,
                59
              ]
            },
            {
              "origin": [
                -6,
                8,
                -5
              ],
              "size": [
                4,
                5,
                5
              ],
              "pivot": [
                0,
                0,
                0
              ],
              "rotation": [
                0,
                0,
                5
              ],
              "uv": [
                35,
                40
              ]
            },
            {
              "origin": [
                -7,
                10,
                -6
              ],
              "size": [
                4,
                1,
                1
              ],
              "pivot": [
                0,
                0,
                0
              ],
              "rotation": [
                0,
                0,
                10
              ],
              "uv": [
                35,
                0
              ]
            },
            {
              "origin": [
                3,
                9,
                -6
              ],
              "size": [
                4,
                1,
                1
              ],
              "pivot": [
                0,
                0,
                0
              ],
              "rotation": [
                0,
                0,
                -25
              ],
              "uv": [
                25,
                0
              ]
            },
            {
              "origin": [
                -9,
                18,
                -5
              ],
              "size": [
                4,
                4,
                4
              ],
              "uv": [
                46,
                31
              ]
            },
            {
              "origin": [
                1,
                18,
                -5
              ],
              "size": [
                4,
                4,
                4
              ],
              "uv": [
                46,
                31
              ]
            },
            {
              "origin": [
                -5,
                23,
                -6
              ],
              "size": [
                7,
                6,
                6
              ],
              "uv": [
                20,
                15
              ]
            },
            {
              "origin": [
                -8,
                17,
                -4
              ],
              "size": [
                3,
                1,
                2
              ],
              "uv": [
                61,
                8
              ]
            },
            {
              "origin": [
                2,
                17,
                -4
              ],
              "size": [
                3,
                1,
                2
              ],
              "uv": [
                60,
                5
              ]
            },
            {
              "origin": [
                1,
                8,
                -5
              ],
              "size": [
                4,
                8,
                5
              ],
              "pivot": [
                0,
                0,
                0
              ],
              "rotation": [
                0,
                0,
                -12.5
              ],
              "uv": [
                17,
                40
              ]
            },
            {
              "origin": [
                0,
                8,
                -5
              ],
              "size": [
                2,
                1,
                3
              ],
              "uv": [
                40,
                17
              ]
            },
            {
              "origin": [
                0,
                2,
                -5
              ],
              "size": [
                3,
                1,
                3
              ],
              "uv": [
                59,
                36
              ]
            },
            {
              "origin": [
                -4,
                3,
                -4
              ],
              "size": [
                1,
                5,
                1
              ],
              "uv": [
                0,
                63
              ]
            },
            {
              "origin": [
                -7,
                15,
                -3
              ],
              "size": [
                1,
                5,
                1
              ],
              "uv": [
                20,
                34
              ]
            },
            {
              "origin": [
                3,
                15,
                -3
              ],
              "size": [
                1,
                5,
                1
              ],
              "uv": [
                16,
                34
              ]
            },
            {
              "origin": [
                -9,
                -12,
                8
              ],
              "size": [
                1,
                5,
                1
              ],
              "pivot": [
                0,
                0,
                0
              ],
              "rotation": [
                155.33431,
                4.20854,
                9.07947
              ],
              "uv": [
                0,
                34
              ]
            },
            {
              "origin": [
                6,
                -12,
                8
              ],
              "size": [
                1,
                5,
                1
              ],
              "pivot": [
                0,
                0,
                0
              ],
              "rotation": [
                155.75231,
                -6.27967,
                -13.64973
              ],
              "uv": [
                24,
                27
              ]
            },
            {
              "origin": [
                5,
                -8,
                7
              ],
              "size": [
                3,
                1,
                3
              ],
              "pivot": [
                0,
                0,
                0
              ],
              "rotation": [
                155.75231,
                -6.27967,
                -13.64973
              ],
              "uv": [
                58,
                55
              ]
            },
            {
              "origin": [
                -9,
                -9,
                7
              ],
              "size": [
                3,
                1,
                3
              ],
              "pivot": [
                0,
                0,
                0
              ],
              "rotation": [
                155,
                0,
                0
              ],
              "uv": [
                58,
                31
              ]
            },
            {
              "origin": [
                5,
                -7,
                7
              ],
              "size": [
                3,
                2,
                3
              ],
              "pivot": [
                0,
                0,
                0
              ],
              "rotation": [
                155.75231,
                -6.27967,
                -13.64973
              ],
              "uv": [
                0,
                58
              ]
            },
            {
              "origin": [
                -10,
                -7,
                7
              ],
              "size": [
                3,
                2,
                3
              ],
              "pivot": [
                0,
                0,
                0
              ],
              "rotation": [
                155.18803,
                3.1622,
                6.80423
              ],
              "uv": [
                57,
                42
              ]
            },
            {
              "origin": [
                1,
                3,
                -4
              ],
              "size": [
                1,
                5,
                1
              ],
              "uv": [
                0,
                21
              ]
            },
            {
              "origin": [
                0,
                15,
                -6
              ],
              "size": [
                5,
                7,
                6
              ],
              "pivot": [
                0,
                0,
                0
              ],
              "rotation": [
                0,
                0,
                -17.5
              ],
              "uv": [
                24,
                27
              ]
            },
            {
              "origin": [
                -5,
                15,
                -6
              ],
              "size": [
                5,
                7,
                6
              ],
              "pivot": [
                0,
                0,
                0
              ],
              "rotation": [
                0,
                0,
                7.5
              ],
              "uv": [
                26,
                2
              ]
            },
            {
              "origin": [
                -2,
                11,
                -6
              ],
              "size": [
                5,
                4,
                6
              ],
              "pivot": [
                0,
                0,
                0
              ],
              "rotation": [
                0,
                0,
                -2.5
              ],
              "uv": [
                26,
                2
              ]
            },
            {
              "origin": [
                -1,
                12,
                -6
              ],
              "size": [
                3,
                4,
                6
              ],
              "pivot": [
                0,
                0,
                0
              ],
              "rotation": [
                0,
                0,
                -15
              ],
              "uv": [
                40,
                21
              ]
            },
            {
              "origin": [
                -3,
                21,
                -5
              ],
              "size": [
                3,
                2,
                3
              ],
              "uv": [
                54,
                0
              ]
            },
            {
              "origin": [
                -6,
                29,
                -8
              ],
              "size": [
                9,
                1,
                7
              ],
              "uv": [
                0,
                0
              ]
            },
            {
              "origin": [
                -4.11906,
                30.24964,
                -7
              ],
              "size": [
                5,
                6,
                7
              ],
              "pivot": [
                0,
                27,
                0
              ],
              "rotation": [
                0,
                0,
                -25
              ],
              "uv": [
                0,
                21
              ]
            },
            {
              "origin": [
                -9.11906,
                27.24964,
                -8
              ],
              "size": [
                6,
                5,
                2
              ],
              "pivot": [
                0,
                27,
                0
              ],
              "rotation": [
                -120.12627,
                -58.95768,
                1.43596
              ],
              "uv": [
                0,
                51
              ]
            },
            {
              "origin": [
                -9.11906,
                27.24964,
                -6
              ],
              "size": [
                6,
                5,
                2
              ],
              "pivot": [
                0,
                27,
                0
              ],
              "rotation": [
                -120.12627,
                -58.95768,
                1.43596
              ],
              "uv": [
                50,
                17
              ]
            },
            {
              "origin": [
                -8.11906,
                28.24964,
                -9
              ],
              "size": [
                4,
                4,
                2
              ],
              "pivot": [
                0,
                27,
                0
              ],
              "rotation": [
                -145.12627,
                -58.95768,
                1.43596
              ],
              "uv": [
                48,
                39
              ]
            },
            {
              "origin": [
                -8.11906,
                28.24964,
                -7
              ],
              "size": [
                4,
                4,
                1
              ],
              "pivot": [
                0,
                27,
                0
              ],
              "rotation": [
                -145.12627,
                -58.95768,
                1.43596
              ],
              "uv": [
                30,
                40
              ]
            },
            {
              "origin": [
                -3.11906,
                21.24964,
                -8
              ],
              "size": [
                4,
                4,
                3
              ],
              "pivot": [
                0,
                27,
                0
              ],
              "rotation": [
                70.18114,
                -68.17636,
                -125.38891
              ],
              "uv": [
                16,
                53
              ]
            },
            {
              "origin": [
                -9.11906,
                25.24964,
                -2
              ],
              "size": [
                2,
                4,
                3
              ],
              "pivot": [
                0,
                27,
                0
              ],
              "rotation": [
                167.82494,
                -8.39876,
                179.5114
              ],
              "uv": [
                56,
                24
              ]
            },
            {
              "origin": [
                -7.11906,
                25.24964,
                -2
              ],
              "size": [
                1,
                4,
                3
              ],
              "pivot": [
                0,
                27,
                0
              ],
              "rotation": [
                167.82494,
                -8.39876,
                179.5114
              ],
              "uv": [
                21,
                60
              ]
            },
            {
              "origin": [
                -8.11906,
                24.24964,
                -1
              ],
              "size": [
                1,
                1,
                1
              ],
              "pivot": [
                0,
                27,
                0
              ],
              "rotation": [
                167.82494,
                -8.39876,
                179.5114
              ],
              "uv": [
                3,
                26
              ]
            },
            {
              "origin": [
                9.88094,
                23.24964,
                1
              ],
              "size": [
                1,
                1,
                1
              ],
              "pivot": [
                0,
                27,
                0
              ],
              "rotation": [
                167.82494,
                -8.39876,
                179.5114
              ],
              "uv": [
                25,
                5
              ]
            },
            {
              "origin": [
                9.88094,
                24.24964,
                0
              ],
              "size": [
                2,
                4,
                3
              ],
              "pivot": [
                0,
                27,
                0
              ],
              "rotation": [
                167.82494,
                -8.39876,
                179.5114
              ],
              "uv": [
                54,
                8
              ]
            },
            {
              "origin": [
                8.88094,
                24.24964,
                0
              ],
              "size": [
                1,
                4,
                3
              ],
              "pivot": [
                0,
                27,
                0
              ],
              "rotation": [
                167.82494,
                -8.39876,
                179.5114
              ],
              "uv": [
                38,
                57
              ]
            },
            {
              "origin": [
                -4.76546,
                29.6283,
                -7
              ],
              "size": [
                6,
                6,
                7
              ],
              "pivot": [
                0,
                27,
                0
              ],
              "rotation": [
                0.71482,
                1.6091,
                20.1061
              ],
              "uv": [
                0,
                8
              ]
            },
            {
              "origin": [
                5,
                23,
                -7
              ],
              "size": [
                2,
                6,
                1
              ],
              "pivot": [
                0,
                0,
                0
              ],
              "rotation": [
                0,
                0,
                -7.5
              ],
              "uv": [
                0,
                8
              ]
            },
            {
              "origin": [
                5,
                22,
                -6
              ],
              "size": [
                2,
                7,
                3
              ],
              "pivot": [
                0,
                0,
                0
              ],
              "rotation": [
                0,
                0,
                -7.5
              ],
              "uv": [
                48,
                55
              ]
            },
            {
              "origin": [
                -12,
                22,
                -7
              ],
              "size": [
                2,
                6,
                1
              ],
              "pivot": [
                0,
                0,
                0
              ],
              "rotation": [
                0,
                0,
                12.5
              ],
              "uv": [
                0,
                0
              ]
            },
            {
              "origin": [
                -12,
                21,
                -6
              ],
              "size": [
                2,
                7,
                2
              ],
              "pivot": [
                0,
                0,
                0
              ],
              "rotation": [
                0,
                0,
                12.5
              ],
              "uv": [
                30,
                57
              ]
            },
            {
              "origin": [
                -5,
                23,
                -7
              ],
              "size": [
                1,
                6,
                1
              ],
              "uv": [
                19,
                8
              ]
            },
            {
              "origin": [
                -2,
                23,
                -7
              ],
              "size": [
                1,
                4,
                1
              ],
              "pivot": [
                0,
                0,
                0
              ],
              "rotation": [
                0,
                0,
                7.5
              ],
              "uv": [
                4,
                63
              ]
            },
            {
              "origin": [
                -6,
                27,
                -7
              ],
              "size": [
                2,
                2,
                1
              ],
              "pivot": [
                0,
                0,
                0
              ],
              "rotation": [
                0,
                0,
                5
              ],
              "uv": [
                27,
                53
              ]
            },
            {
              "origin": [
                -2,
                28,
                -7
              ],
              "size": [
                1,
                1,
                1
              ],
              "uv": [
                17,
                26
              ]
            }
          ]
        },
        {
          "name": "bone5",
          "parent": "bb_main",
          "pivot": [
            0,
            27,
            0
          ],
          "cubes": [
            {
              "origin": [
                -3.11906,
                20.24964,
                -7
              ],
              "size": [
                6,
                5,
                2
              ],
              "pivot": [
                0,
                27,
                0
              ],
              "rotation": [
                -103.30918,
                -34.01232,
                26.02853
              ],
              "uv": [
                51,
                48
              ]
            },
            {
              "origin": [
                -3.11906,
                20.24964,
                -5
              ],
              "size": [
                6,
                5,
                2
              ],
              "pivot": [
                0,
                27,
                0
              ],
              "rotation": [
                -103.30918,
                -34.01232,
                26.02853
              ],
              "uv": [
                35,
                50
              ]
            }
          ]
        },
        {
          "name": "bone3",
          "parent": "bb_main",
          "pivot": [
            0,
            0,
            0
          ]
        },
        {
          "name": "bone2",
          "parent": "bone3",
          "pivot": [
            0,
            0,
            0
          ]
        },
        {
          "name": "bone4",
          "parent": "bone2",
          "pivot": [
            0,
            0,
            0
          ],
          "cubes": [
            {
              "origin": [
                -4,
                18,
                -7
              ],
              "size": [
                2,
                2,
                1
              ],
              "pivot": [
                0,
                0,
                0
              ],
              "rotation": [
                0,
                0,
                5
              ],
              "uv": [
                50,
                24
              ]
            },
            {
              "origin": [
                -4,
                15,
                -7
              ],
              "size": [
                2,
                2,
                1
              ],
              "pivot": [
                0,
                0,
                0
              ],
              "rotation": [
                0.76919,
                -1.9343,
                4.53337
              ],
              "uv": [
                42,
                2
              ]
            },
            {
              "origin": [
                -6,
                11,
                -7
              ],
              "size": [
                2,
                2,
                1
              ],
              "pivot": [
                0,
                0,
                0
              ],
              "rotation": [
                0,
                0,
                15
              ],
              "uv": [
                25,
                2
              ]
            }
          ]
        },
        {
          "name": "bone",
          "pivot": [
            1,
            20,
            -2
          ]
        }
      ]
    }
  ]
}