{
  "format_version": "1.12.0",
  "minecraft:geometry": [
    {
      "description": {
        "identifier": "geometry.laz_gengle",
        "texture_width": 64,
        "texture_height": 64,
        "visible_bounds_width": 3,
        "visible_bounds_height": 6,
        "visible_bounds_offset": [
          0,
          2,
          0
        ]
      },
      "bones": [
        {
          "name": "bb_main",
          "pivot": [
            0,
            0,
            0
          ],
          "cubes": [
            {
              "origin": [
                -7,
                -1,
                -1
              ],
              "size": [
                3,
                22,
                0
              ],
              "uv": [
                0,
                37
              ]
            },
            {
              "origin": [
                -11,
                18,
                -1
              ],
              "size": [
                3,
                11,
                0
              ],
              "pivot": [
                0,
                0,
                0
              ],
              "rotation": [
                0,
                0,
                12.5
              ],
              "uv": [
                38,
                36
              ]
            },
            {
              "origin": [
                2,
                -1,
                -1
              ],
              "size": [
                3,
                22,
                0
              ],
              "uv": [
                32,
                22
              ]
            },
            {
              "origin": [
                7,
                18,
                -1
              ],
              "size": [
                3,
                11,
                0
              ],
              "pivot": [
                0,
                0,
                0
              ],
              "rotation": [
                0,
                0,
                -15
              ],
              "uv": [
                40,
                4
              ]
            },
            {
              "origin": [
                -6,
                29,
                -5
              ],
              "size": [
                9,
                14,
                7
              ],
              "uv": [
                0,
                0
              ]
            },
            {
              "origin": [
                -11,
                29,
                0
              ],
              "size": [
                3,
                14,
                0
              ],
              "pivot": [
                0,
                0,
                0
              ],
              "rotation": [
                0,
                0,
                2.5
              ],
              "uv": [
                38,
                22
              ]
            },
            {
              "origin": [
                8,
                28,
                0
              ],
              "size": [
                3,
                14,
                0
              ],
              "pivot": [
                0,
                0,
                0
              ],
              "rotation": [
                0,
                0,
                -7.5
              ],
              "uv": [
                26,
                37
              ]
            },
            {
              "origin": [
                8,
                15,
                -10
              ],
              "size": [
                3,
                14,
                0
              ],
              "pivot": [
                0,
                0,
                0
              ],
              "rotation": [
                -20,
                0,
                -7.5
              ],
              "uv": [
                20,
                37
              ]
            },
            {
              "origin": [
                8,
                13,
                -10
              ],
              "size": [
                1,
                2,
                0
              ],
              "pivot": [
                0,
                0,
                0
              ],
              "rotation": [
                -20,
                0,
                -7.5
              ],
              "uv": [
                2,
                2
              ]
            },
            {
              "origin": [
                -11,
                14,
                -10
              ],
              "size": [
                1,
                2,
                0
              ],
              "pivot": [
                0,
                0,
                0
              ],
              "rotation": [
                -19.8423,
                2.55868,
                -0.44761
              ],
              "uv": [
                0,
                2
              ]
            },
            {
              "origin": [
                -9,
                14,
                -10
              ],
              "size": [
                1,
                2,
                0
              ],
              "pivot": [
                0,
                0,
                0
              ],
              "rotation": [
                -19.8423,
                2.55868,
                -0.44761
              ],
              "uv": [
                0,
                0
              ]
            },
            {
              "origin": [
                10,
                13,
                -10
              ],
              "size": [
                1,
                2,
                0
              ],
              "pivot": [
                0,
                0,
                0
              ],
              "rotation": [
                -20,
                0,
                -7.5
              ],
              "uv": [
                2,
                0
              ]
            },
            {
              "origin": [
                -12,
                15,
                -10
              ],
              "size": [
                3,
                14,
                0
              ],
              "pivot": [
                0,
                0,
                0
              ],
              "rotation": [
                -19.5623,
                4.2453,
                4.26782
              ],
              "uv": [
                14,
                37
              ]
            },
            {
              "origin": [
                -3,
                43,
                -4
              ],
              "size": [
                2,
                4,
                2
              ],
              "uv": [
                44,
                22
              ]
            },
            {
              "origin": [
                -8,
                44,
                -7
              ],
              "size": [
                13,
                13,
                3
              ],
              "uv": [
                0,
                21
              ]
            },
            {
              "origin": [
                -7,
                57,
                -7
              ],
              "size": [
                11,
                1,
                3
              ],
              "uv": [
                25,
                0
              ]
            },
            {
              "origin": [
                -6,
                43,
                -7
              ],
              "size": [
                10,
                1,
                3
              ],
              "uv": [
                29,
                18
              ]
            }
          ]
        }
      ]
    }
  ]
}