{
  "format_version": "1.12.0",
  "minecraft:geometry": [
    {
      "description": {
        "identifier": "geometry.laz_jax",
        "texture_width": 128,
        "texture_height": 128,
        "visible_bounds_width": 3,
        "visible_bounds_height": 5.5,
        "visible_bounds_offset": [
          0,
          2.25,
          0
        ]
      },
      "bones": [
        {
          "name": "bb_main",
          "pivot": [
            0,
            0,
            0
          ],
          "cubes": [
            {
              "origin": [
                -8,
                0,
                -7
              ],
              "size": [
                6,
                3,
                8
              ],
              "uv": [
                48,
                0
              ]
            },
            {
              "origin": [
                -1,
                0,
                -7
              ],
              "size": [
                6,
                3,
                8
              ],
              "uv": [
                42,
                42
              ]
            },
            {
              "origin": [
                -8,
                3,
                -5
              ],
              "size": [
                6,
                1,
                6
              ],
              "uv": [
                60,
                60
              ]
            },
            {
              "origin": [
                -1,
                3,
                -5
              ],
              "size": [
                6,
                1,
                6
              ],
              "uv": [
                60,
                53
              ]
            },
            {
              "origin": [
                0,
                4,
                -4
              ],
              "size": [
                4,
                23,
                4
              ],
              "uv": [
                0,
                30
              ]
            },
            {
              "origin": [
                6,
                28,
                -4
              ],
              "size": [
                4,
                14,
                4
              ],
              "pivot": [
                0,
                0,
                0
              ],
              "rotation": [
                0,
                0,
                -5
              ],
              "uv": [
                60,
                11
              ]
            },
            {
              "origin": [
                -13,
                29,
                -4
              ],
              "size": [
                4,
                14,
                4
              ],
              "pivot": [
                0,
                0,
                0
              ],
              "rotation": [
                0,
                0,
                5
              ],
              "uv": [
                44,
                53
              ]
            },
            {
              "origin": [
                -13,
                16,
                -7
              ],
              "size": [
                4,
                14,
                4
              ],
              "pivot": [
                0,
                0,
                0
              ],
              "rotation": [
                -5,
                0,
                5
              ],
              "uv": [
                28,
                53
              ]
            },
            {
              "origin": [
                4.4825,
                16.05652,
                -5.95811
              ],
              "size": [
                4,
                14,
                4
              ],
              "pivot": [
                0,
                12,
                0
              ],
              "rotation": [
                -4.95744,
                -0.65182,
                -2.47178
              ],
              "uv": [
                12,
                53
              ]
            },
            {
              "origin": [
                -7,
                4,
                -4
              ],
              "size": [
                4,
                23,
                4
              ],
              "uv": [
                26,
                26
              ]
            },
            {
              "origin": [
                -1,
                34,
                -5
              ],
              "size": [
                6,
                10,
                6
              ],
              "pivot": [
                0,
                0,
                0
              ],
              "rotation": [
                0,
                0,
                -7.5
              ],
              "uv": [
                42,
                26
              ]
            },
            {
              "origin": [
                -3,
                44,
                -4
              ],
              "size": [
                4,
                3,
                4
              ],
              "uv": [
                62,
                38
              ]
            },
            {
              "origin": [
                -6,
                47,
                -7
              ],
              "size": [
                10,
                8,
                8
              ],
              "uv": [
                0,
                0
              ]
            },
            {
              "origin": [
                -5,
                48,
                -6
              ],
              "size": [
                8,
                3,
                5
              ],
              "uv": [
                28,
                0
              ]
            },
            {
              "origin": [
                4,
                53,
                -4
              ],
              "size": [
                3,
                11,
                1
              ],
              "pivot": [
                0,
                0,
                0
              ],
              "rotation": [
                0,
                0,
                -10
              ],
              "uv": [
                0,
                57
              ]
            },
            {
              "origin": [
                -4,
                53,
                -4
              ],
              "size": [
                3,
                11,
                1
              ],
              "pivot": [
                0,
                0,
                0
              ],
              "rotation": [
                0.31111,
                0.13335,
                4.9889
              ],
              "uv": [
                16,
                30
              ]
            },
            {
              "origin": [
                -11,
                33,
                -5
              ],
              "size": [
                6,
                10,
                6
              ],
              "pivot": [
                0,
                0,
                0
              ],
              "rotation": [
                0,
                0,
                12.5
              ],
              "uv": [
                30,
                10
              ]
            },
            {
              "origin": [
                -6,
                27,
                -5
              ],
              "size": [
                9,
                8,
                6
              ],
              "pivot": [
                0,
                0,
                0
              ],
              "rotation": [
                0.38299,
                0.27073,
                -0.04348
              ],
              "uv": [
                0,
                16
              ]
            }
          ]
        }
      ]
    }
  ]
}