{
  "format_version": "1.10.0",
  "geometry.laz_bubble": {
    "texturewidth": 128,
    "textureheight": 128,
    "visible_bounds_width": 3,
    "visible_bounds_height": 4,
    "visible_bounds_offset": [
      0,
      2,
      0
    ],
    "bones": [
      {
        "name": "pa_block",
        "pivot": [
          0,
          7,
          0
        ],
        "rotation": [
          2.5,
          0,
          0
        ],
        "cubes": [
          {
            "origin": [
              -11,
              22,
              -13
            ],
            "size": [
              21,
              21,
              22
            ],
            "uv": [
              0,
              0
            ]
          }
        ]
      }
    ]
  }
}