{
  "format_version": "1.12.0",
  "minecraft:geometry": [
    {
      "description": {
        "identifier": "geometry.laz_ragatha",
        "texture_width": 128,
        "texture_height": 128,
        "visible_bounds_width": 3,
        "visible_bounds_height": 5.5,
        "visible_bounds_offset": [
          0,
          2.25,
          0
        ]
      },
      "bones": [
        {
          "name": "bb_main",
          "pivot": [
            0,
            0,
            0
          ],
          "cubes": [
            {
              "origin": [
                -7,
                4,
                -3
              ],
              "size": [
                5,
                5,
                5
              ],
              "uv": [
                64,
                83
              ]
            },
            {
              "origin": [
                1,
                4,
                -3
              ],
              "size": [
                5,
                5,
                5
              ],
              "uv": [
                64,
                83
              ]
            },
            {
              "origin": [
                -7,
                0,
                -3
              ],
              "size": [
                5,
                4,
                5
              ],
              "uv": [
                78,
                54
              ]
            },
            {
              "origin": [
                1,
                0,
                -3
              ],
              "size": [
                5,
                4,
                5
              ],
              "uv": [
                78,
                54
              ]
            },
            {
              "origin": [
                -9,
                8,
                -8
              ],
              "size": [
                18,
                10,
                15
              ],
              "uv": [
                0,
                0
              ]
            },
            {
              "origin": [
                -7,
                15,
                -7
              ],
              "size": [
                14,
                8,
                11
              ],
              "uv": [
                0,
                25
              ]
            },
            {
              "origin": [
                -6,
                23,
                -6
              ],
              "size": [
                12,
                8,
                10
              ],
              "uv": [
                34,
                54
              ]
            },
            {
              "origin": [
                -6,
                35,
                -6
              ],
              "size": [
                12,
                8,
                10
              ],
              "uv": [
                0,
                44
              ]
            },
            {
              "origin": [
                -4,
                43,
                -6
              ],
              "size": [
                8,
                2,
                10
              ],
              "uv": [
                0,
                62
              ]
            },
            {
              "origin": [
                -3,
                45,
                -4
              ],
              "size": [
                6,
                5,
                6
              ],
              "uv": [
                64,
                72
              ]
            },
            {
              "origin": [
                -6,
                47,
                -5
              ],
              "size": [
                12,
                10,
                10
              ],
              "uv": [
                40,
                34
              ]
            },
            {
              "origin": [
                -6,
                57,
                -6
              ],
              "size": [
                12,
                1,
                11
              ],
              "uv": [
                51,
                0
              ]
            },
            {
              "origin": [
                -51,
                31,
                0
              ],
              "size": [
                6,
                6,
                2
              ],
              "pivot": [
                0,
                0,
                0
              ],
              "rotation": [
                0,
                0,
                57.5
              ],
              "uv": [
                82,
                68
              ]
            },
            {
              "origin": [
                -20.26434,
                44.50802,
                0
              ],
              "size": [
                6,
                6,
                2
              ],
              "pivot": [
                0,
                40,
                0
              ],
              "rotation": [
                0,
                0,
                57.5
              ],
              "uv": [
                39,
                25
              ]
            },
            {
              "origin": [
                -12,
                52,
                -6
              ],
              "size": [
                2,
                4,
                1
              ],
              "pivot": [
                0,
                0,
                0
              ],
              "rotation": [
                0,
                0,
                7.5
              ],
              "uv": [
                0,
                49
              ]
            },
            {
              "origin": [
                -14,
                45,
                -6
              ],
              "size": [
                2,
                11,
                1
              ],
              "pivot": [
                0,
                0,
                0
              ],
              "rotation": [
                0,
                0,
                7.5
              ],
              "uv": [
                96,
                88
              ]
            },
            {
              "origin": [
                -14,
                45,
                -2
              ],
              "size": [
                2,
                11,
                1
              ],
              "pivot": [
                0,
                0,
                0
              ],
              "rotation": [
                0,
                0,
                7.5
              ],
              "uv": [
                86,
                12
              ]
            },
            {
              "origin": [
                -14,
                45,
                1
              ],
              "size": [
                2,
                11,
                1
              ],
              "pivot": [
                0,
                0,
                0
              ],
              "rotation": [
                0,
                0,
                7.5
              ],
              "uv": [
                18,
                86
              ]
            },
            {
              "origin": [
                -17,
                45,
                2
              ],
              "size": [
                2,
                11,
                1
              ],
              "pivot": [
                0,
                0,
                0
              ],
              "rotation": [
                4.99527,
                -0.21782,
                9.9905
              ],
              "uv": [
                92,
                12
              ]
            },
            {
              "origin": [
                -8.4993,
                43.92911,
                -0.2341
              ],
              "size": [
                2,
                11,
                1
              ],
              "pivot": [
                0,
                49,
                0
              ],
              "rotation": [
                4.76968,
                -1.50179,
                24.93745
              ],
              "uv": [
                90,
                88
              ]
            },
            {
              "origin": [
                -8.4993,
                43.92911,
                2.7659
              ],
              "size": [
                2,
                11,
                1
              ],
              "pivot": [
                0,
                49,
                0
              ],
              "rotation": [
                4.76968,
                -1.50179,
                24.93745
              ],
              "uv": [
                24,
                86
              ]
            },
            {
              "origin": [
                -8.4993,
                43.92911,
                3.7659
              ],
              "size": [
                2,
                11,
                1
              ],
              "pivot": [
                0,
                49,
                0
              ],
              "rotation": [
                4.76968,
                -1.50179,
                24.93745
              ],
              "uv": [
                0,
                86
              ]
            },
            {
              "origin": [
                -5.4993,
                44.92911,
                4.7659
              ],
              "size": [
                2,
                11,
                1
              ],
              "pivot": [
                0,
                49,
                0
              ],
              "rotation": [
                6.77434,
                3.7859,
                0.4894
              ],
              "uv": [
                84,
                83
              ]
            },
            {
              "origin": [
                5.89934,
                45.9934,
                -6
              ],
              "size": [
                2,
                11,
                1
              ],
              "pivot": [
                3,
                45,
                0
              ],
              "rotation": [
                0,
                0,
                -5
              ],
              "uv": [
                96,
                76
              ]
            },
            {
              "origin": [
                8.89934,
                44.9934,
                -3
              ],
              "size": [
                2,
                11,
                1
              ],
              "pivot": [
                3,
                45,
                0
              ],
              "rotation": [
                0,
                0,
                -22.5
              ],
              "uv": [
                84,
                95
              ]
            },
            {
              "origin": [
                8.89934,
                44.9934,
                -1
              ],
              "size": [
                2,
                11,
                1
              ],
              "pivot": [
                3,
                45,
                0
              ],
              "rotation": [
                0,
                0,
                -22.5
              ],
              "uv": [
                6,
                86
              ]
            },
            {
              "origin": [
                6.89934,
                45.9934,
                1
              ],
              "size": [
                2,
                11,
                1
              ],
              "pivot": [
                3,
                45,
                0
              ],
              "rotation": [
                0,
                0,
                -7.5
              ],
              "uv": [
                93,
                44
              ]
            },
            {
              "origin": [
                6.89934,
                45.9934,
                2
              ],
              "size": [
                2,
                11,
                1
              ],
              "pivot": [
                3,
                45,
                0
              ],
              "rotation": [
                0,
                0,
                -7.5
              ],
              "uv": [
                12,
                86
              ]
            },
            {
              "origin": [
                6.89934,
                45.9934,
                4
              ],
              "size": [
                2,
                11,
                1
              ],
              "pivot": [
                3,
                45,
                0
              ],
              "rotation": [
                2.40838,
                0.37058,
                -15.55121
              ],
              "uv": [
                90,
                76
              ]
            },
            {
              "origin": [
                6.89934,
                45.9934,
                -3
              ],
              "size": [
                2,
                11,
                1
              ],
              "pivot": [
                3,
                45,
                0
              ],
              "rotation": [
                -0.35041,
                1.58236,
                -10.10994
              ],
              "uv": [
                94,
                24
              ]
            },
            {
              "origin": [
                -3,
                53,
                -6
              ],
              "size": [
                2,
                4,
                1
              ],
              "uv": [
                34,
                44
              ]
            },
            {
              "origin": [
                7,
                53,
                -6
              ],
              "size": [
                2,
                4,
                1
              ],
              "pivot": [
                0,
                0,
                0
              ],
              "rotation": [
                0,
                0,
                -7.5
              ],
              "uv": [
                0,
                44
              ]
            },
            {
              "origin": [
                6,
                53,
                -6
              ],
              "size": [
                2,
                4,
                1
              ],
              "pivot": [
                0,
                0,
                0
              ],
              "rotation": [
                -0.22635,
                -2.22083,
                -4.4699
              ],
              "uv": [
                5,
                29
              ]
            },
            {
              "origin": [
                11,
                52,
                -6
              ],
              "size": [
                2,
                4,
                1
              ],
              "pivot": [
                0,
                0,
                0
              ],
              "rotation": [
                0,
                0,
                -7.5
              ],
              "uv": [
                0,
                25
              ]
            },
            {
              "origin": [
                6,
                35,
                -4
              ],
              "size": [
                5,
                6,
                6
              ],
              "uv": [
                74,
                32
              ]
            },
            {
              "origin": [
                -11,
                35,
                -4
              ],
              "size": [
                5,
                6,
                6
              ],
              "uv": [
                0,
                74
              ]
            },
            {
              "origin": [
                -10,
                14,
                -3
              ],
              "size": [
                4,
                21,
                4
              ],
              "uv": [
                48,
                72
              ]
            },
            {
              "origin": [
                6,
                14,
                -3
              ],
              "size": [
                4,
                21,
                4
              ],
              "uv": [
                32,
                72
              ]
            },
            {
              "origin": [
                -5,
                28,
                -5
              ],
              "size": [
                10,
                7,
                8
              ],
              "uv": [
                58,
                17
              ]
            }
          ]
        },
        {
          "name": "bone",
          "pivot": [
            0,
            49,
            0
          ],
          "cubes": [
            {
              "origin": [
                -2.4993,
                44.92911,
                5.7659
              ],
              "size": [
                2,
                11,
                1
              ],
              "pivot": [
                0,
                49,
                0
              ],
              "rotation": [
                11.77434,
                3.7859,
                0.4894
              ],
              "uv": [
                22,
                74
              ]
            },
            {
              "origin": [
                0.5007,
                45.92911,
                4.7659
              ],
              "size": [
                2,
                11,
                1
              ],
              "pivot": [
                0,
                49,
                0
              ],
              "rotation": [
                1.77434,
                3.7859,
                0.4894
              ],
              "uv": [
                6,
                0
              ]
            },
            {
              "origin": [
                3.5007,
                44.92911,
                5.7659
              ],
              "size": [
                2,
                11,
                1
              ],
              "pivot": [
                0,
                49,
                0
              ],
              "rotation": [
                11.77434,
                3.7859,
                0.4894
              ],
              "uv": [
                0,
                0
              ]
            }
          ]
        }
      ]
    }
  ]
}