{
	"format_version": "1.10.0",
	"particle_effect": {
		"description": {
			"identifier": "Gem:wickflicker",
			"basic_render_parameters": {
				"material": "particles_alpha",
				"texture": "textures/particle/shadedsparkle"
			}
		},
		"curves": {
			"variable.size": {
				"type": "catmull_rom",
				"input": "variable.particle_age",
				"horizontal_range": "variable.particle_lifetime",
				"nodes": [0, 0.1, 0, 0]
			},
			"variable.color": {
				"type": "catmull_rom",
				"input": "variable.particle_age",
				"horizontal_range": "variable.particle_lifetime",
				"nodes": [0, 1, 0, 0]
			}
		},
		"components": {
			"minecraft:emitter_rate_instant": {
				"num_particles": 100
			},
			"minecraft:emitter_lifetime_looping": {
				"active_time": 1
			},
			"minecraft:emitter_shape_point": {
				"offset": [0, 1, 0]
			},
			"minecraft:particle_lifetime_expression": {
				"max_lifetime": 5
			},
			"minecraft:particle_initial_spin": {
				"rotation_rate": 720
			},
			"minecraft:particle_initial_speed": 1,
			"minecraft:particle_motion_dynamic": {
				"linear_acceleration": [0, -3, 0]
			},
			"minecraft:particle_appearance_billboard": {
				"size": [0.1, 0.1],
				"facing_camera_mode": "rotate_xyz",
				"uv": {
					"texture_width": 16,
					"texture_height": 16,
					"uv": [0, 0],
					"uv_size": [16, 16]
				}
			},
			"minecraft:particle_motion_collision": {
				"coefficient_of_restitution": 1,
				"collision_radius": 2
			},
			"minecraft:particle_appearance_tinting": {
				"color": {
					"interpolant": "variable.color",
					"gradient": {
						"0.36": "#ffffffff",
						"0.84": "#FF00EDFF",
						"1.0": "#FF464646"
					}
				}
			}
		}
	}
}