{
  "format_version": "1.10.0",
  "minecraft:client_entity": {
    "description": {
      "identifier": "rai:raichumochi",
      "materials": {
        "default": "entity_alphatest"
      },
      "textures": {
        "default": "textures/entity/jurei/raichumochi"
      },
      "geometry": {
        "default": "geometry.raichumochi"
      },
      "scripts": {
        "scale": "5",
        "animate": [
          "look",
          {"raichumochi":"q.variant == 1"}
        ]
      },
      "animations": {
        "look": "animation.root.projectile2",
        "raichumochi": "animation.raichu.raichumochi"
      },
      "render_controllers": [
        "controller.render.default"
      ]
    }
  }
}