{
        "format_version": 1,
        "header": {
            "name": "JR BUS TOHOKU 2RG-RU1ESDA R byIKT",
            "description": "JR BUS TOHOKU 2RG-RU1ESDA R byIKT",
            "uuid": "c0363fc2-dd6d-4fa8-b386-65c08d9f21c1",
            "version": [0, 0, 1]
        },
        "modules": [
            {
                "description": "JR BUS TOHOKU 2RG-RU1ESDA R byIKT",
                "type": "resources",
                "uuid": "5d12e9fc-25ae-4f98-0b75-a12f3316c514",
                "version": [0, 0, 1]
            }
        ]
    }