{
  "format_version": "1.8.0",
  "minecraft:entity": {
    "description": {
      "identifier": "moretnt:quick_explode_tnt",
      "is_spawnable": true,
      "is_summonable": true,
      "is_experimental": false,
      "runtime_identifier": "minecraft:shulker"
    },
    "component_groups": {
      "minecraft:ignite": {
        "minecraft:transformation": {
          "into": "moretnt:quick_explode_tnt_ignited"
        }
      }
    },
    "components": {
      "minecraft:type_family": {
        "family": [
          "inanimate"
        ]
      },
      "minecraft:damage_sensor": [
        {
          "on_damage": {
            "filters": {
              "any_of": [
                {
                  "test": "has_damage",
                  "subject": "self",
                  "value": "attack"
                },
                {
                  "test": "has_damage",
                  "subject": "self",
                  "value": "fatal"
                },
                {
                  "test": "has_damage",
                  "subject": "self",
                  "value": "magic"
                },
                {
                  "test": "has_damage",
                  "subject": "self",
                  "value": "wither"
                },
                {
                  "test": "has_damage",
                  "subject": "self",
                  "value": "suffocation"
                },
                {
                  "test": "has_damage",
                  "subject": "self",
                  "value": "drowning"
                },
                {
                  "test": "has_damage",
                  "subject": "self",
                  "value": "anvil"
                },
                {
                  "test": "has_damage",
                  "subject": "self",
                  "value": "falling_block"
                },
                {
                  "test": "has_damage",
                  "subject": "self",
                  "value": "piston"
                }
              ]
            }
          },
          "deals_damage": false
        },
        {
          "on_damage": {
            "filters": {
              "any_of": [
                {
                  "test": "has_damage",
                  "subject": "self",
                  "value": "fire"
                },
                {
                  "test": "has_damage",
                  "subject": "self",
                  "value": "fire_tick"
                },
                {
                  "test": "has_damage",
                  "subject": "self",
                  "value": "lava"
                },
                {
                  "test": "has_damage",
                  "subject": "self",
                  "value": "block_explosion"
                },
                {
                  "test": "has_damage",
                  "subject": "self",
                  "value": "entity_explosion"
                },
                {
                  "test": "has_damage",
                  "subject": "self",
                  "value": "projectile"
                }
              ]
            },
            "event": "minecraft:event_ignite"
          }
        }
      ],
      "minecraft:interact": [
        {
          "on_interact": {
            "filters": {
              "all_of": [
                {
                  "test": "is_family",
                  "subject": "other",
                  "value": "player"
                },
                {
                  "test": "has_equipment",
                  "subject": "other",
                  "domain": "hand",
                  "value": "flint_and_steel"
                }
              ]
            },
            "event": "minecraft:event_ignite"
          },
          "interact_text": "action.interact.creeper",
          "hurt_item": 1,
          "swing": true,
          "play_sounds": "ignite"
        },
        {
          "on_interact": {
            "filters": {
              "all_of": [
                {
                  "test": "is_family",
                  "subject": "other",
                  "value": "player"
                },
                {
                  "test": "has_equipment",
                  "subject": "other",
                  "domain": "hand",
                  "value": "fireball"
                }
              ]
            },
            "event": "minecraft:event_ignite"
          },
          "interact_text": "action.interact.creeper",
          "use_item": true,
          "swing": true,
          "play_sounds": "ignite"
        }
      ],
      "minecraft:physics": {}
    },
    "events": {
      "minecraft:event_ignite": {
        "add": {
          "component_groups": [
            "minecraft:ignite"
          ]
        }
      }
    }
  }
}