{
  "format_version": "1.12.0",
  "minecraft:geometry": [
    {
      "description": {
        "identifier": "geometry.lv_gman_phase3",
        "texture_width": 256,
        "texture_height": 256,
        "visible_bounds_width": 10,
        "visible_bounds_height": 4.5,
        "visible_bounds_offset": [
          0,
          1.75,
          0
        ]
      },
      "bones": [
        {
          "name": "toilet",
          "pivot": [
            0,
            0,
            0
          ]
        },
        {
          "name": "Body",
          "parent": "toilet",
          "pivot": [
            0,
            0,
            0
          ],
          "cubes": [
            {
              "origin": [
                -6,
                0,
                -16
              ],
              "size": [
                12,
                4,
                23
              ],
              "uv": [
                33,
                12
              ]
            },
            {
              "origin": [
                -5,
                4,
                -9
              ],
              "size": [
                10,
                7,
                14
              ],
              "uv": [
                30,
                71
              ]
            },
            {
              "origin": [
                -5,
                0,
                5
              ],
              "size": [
                10,
                19,
                8
              ],
              "uv": [
                69,
                116
              ]
            },
            {
              "origin": [
                -7.5,
                -8,
                -19
              ],
              "size": [
                15,
                3,
                6
              ],
              "pivot": [
                0,
                0,
                0
              ],
              "rotation": [
                -77.5,
                0,
                0
              ],
              "uv": [
                80,
                18
              ]
            },
            {
              "origin": [
                -7.5,
                -5,
                13
              ],
              "size": [
                15,
                3,
                7
              ],
              "pivot": [
                0,
                0,
                0
              ],
              "rotation": [
                77.5,
                0,
                0
              ],
              "uv": [
                71,
                39
              ]
            },
            {
              "origin": [
                -7,
                11,
                -10
              ],
              "size": [
                14,
                3,
                17
              ],
              "uv": [
                -3,
                32
              ]
            },
            {
              "origin": [
                -8,
                17,
                -13
              ],
              "size": [
                16,
                2,
                5
              ],
              "uv": [
                81,
                52
              ]
            },
            {
              "origin": [
                -8,
                17,
                6
              ],
              "size": [
                16,
                2,
                5
              ],
              "uv": [
                80,
                27
              ]
            },
            {
              "origin": [
                7,
                17,
                -11
              ],
              "size": [
                3,
                2,
                19
              ],
              "uv": [
                67,
                56
              ]
            },
            {
              "origin": [
                13,
                -6.5,
                -10.5
              ],
              "size": [
                6,
                3,
                18
              ],
              "pivot": [
                0,
                -0.5,
                0
              ],
              "rotation": [
                0,
                0,
                -82.5
              ],
              "uv": [
                41,
                54
              ]
            },
            {
              "origin": [
                -5.5,
                19.25,
                8.1
              ],
              "size": [
                11,
                18.75,
                5.85
              ],
              "uv": [
                2,
                12
              ]
            },
            {
              "origin": [
                -11.5,
                38,
                7
              ],
              "size": [
                23,
                2,
                8
              ],
              "uv": [
                0,
                0
              ]
            },
            {
              "origin": [
                3.31805,
                19.00492,
                8
              ],
              "size": [
                7,
                20,
                6
              ],
              "pivot": [
                9,
                18,
                -3
              ],
              "rotation": [
                0,
                0,
                2.5
              ],
              "uv": [
                74,
                77
              ]
            },
            {
              "origin": [
                -19,
                -6.5,
                -10.5
              ],
              "size": [
                6,
                3,
                18
              ],
              "pivot": [
                0,
                -0.5,
                0
              ],
              "rotation": [
                0,
                0,
                82.5
              ],
              "uv": [
                41,
                54
              ],
              "mirror": true
            },
            {
              "origin": [
                -10,
                17,
                -11
              ],
              "size": [
                3,
                2,
                19
              ],
              "uv": [
                67,
                56
              ],
              "mirror": true
            },
            {
              "origin": [
                -10.31805,
                19.00492,
                8
              ],
              "size": [
                7,
                20,
                6
              ],
              "pivot": [
                -9,
                18,
                -3
              ],
              "rotation": [
                0,
                0,
                -2.5
              ],
              "uv": [
                74,
                77
              ],
              "mirror": true
            }
          ]
        },
        {
          "name": "Neck",
          "parent": "Body",
          "pivot": [
            0,
            14,
            0
          ],
          "cubes": [
            {
              "origin": [
                -2.75,
                14.25,
                -2.75
              ],
              "size": [
                5.5,
                7.5,
                5.5
              ],
              "uv": [
                58,
                98
              ]
            }
          ]
        },
        {
          "name": "Neck2",
          "parent": "Neck",
          "pivot": [
            0,
            21,
            -1
          ],
          "rotation": [
            25,
            0,
            0
          ],
          "cubes": [
            {
              "origin": [
                -3,
                20.43584,
                -3.45524
              ],
              "size": [
                6,
                7,
                6
              ],
              "uv": [
                0,
                102
              ]
            }
          ]
        },
        {
          "name": "Head",
          "parent": "Neck2",
          "pivot": [
            0,
            26,
            -1
          ],
          "rotation": [
            -2.5,
            0,
            0
          ],
          "cubes": [
            {
              "origin": [
                -4,
                26,
                -5
              ],
              "size": [
                8,
                8.5,
                8
              ],
              "pivot": [
                0,
                26,
                -1
              ],
              "rotation": [
                -22.5,
                0,
                0
              ],
              "uv": [
                26,
                92
              ]
            },
            {
              "origin": [
                -4,
                26,
                -5
              ],
              "size": [
                8,
                8.5,
                8
              ],
              "inflate": 0.3,
              "pivot": [
                0,
                26,
                -1
              ],
              "rotation": [
                -22.5,
                0,
                0
              ],
              "uv": [
                25,
                110
              ]
            },
            {
              "origin": [
                -4.25,
                30.25,
                -5.25
              ],
              "size": [
                8.5,
                4.5,
                8.5
              ],
              "pivot": [
                0,
                26,
                -1
              ],
              "rotation": [
                -22.5,
                0,
                0
              ],
              "uv": [
                100,
                73
              ]
            }
          ]
        },
        {
          "name": "Mouth",
          "parent": "Head",
          "pivot": [
            0,
            29,
            -4
          ],
          "rotation": [
            -25,
            0,
            0
          ],
          "cubes": [
            {
              "origin": [
                -5,
                26.54893,
                -4.31322
              ],
              "size": [
                10,
                6,
                0
              ],
              "uv": [
                20,
                76
              ]
            }
          ]
        },
        {
          "name": "laser_right",
          "parent": "Body",
          "pivot": [
            -11,
            19,
            0
          ],
          "cubes": [
            {
              "origin": [
                -13,
                18,
                -11
              ],
              "size": [
                2,
                2,
                15
              ],
              "inflate": 0.1,
              "uv": [
                118,
                25
              ],
              "mirror": true
            },
            {
              "origin": [
                -13.5,
                17.5,
                3
              ],
              "size": [
                3,
                3,
                7
              ],
              "inflate": 0.1,
              "uv": [
                129,
                0
              ],
              "mirror": true
            },
            {
              "origin": [
                -11,
                18.5,
                -6
              ],
              "size": [
                1,
                1,
                9
              ],
              "uv": [
                152,
                36
              ],
              "mirror": true
            },
            {
              "origin": [
                -13.5,
                17.5,
                -16
              ],
              "size": [
                3,
                3,
                5
              ],
              "inflate": 0.1,
              "uv": [
                126,
                46
              ],
              "mirror": true
            },
            {
              "origin": [
                -13.5,
                17.5,
                -16
              ],
              "size": [
                3,
                3,
                5
              ],
              "inflate": -0.1,
              "uv": [
                7,
                204
              ],
              "mirror": true
            }
          ]
        },
        {
          "name": "blast3",
          "parent": "laser_right",
          "pivot": [
            -12.025,
            18.99709,
            -13.87575
          ],
          "cubes": [
            {
              "origin": [
                -12.525,
                18.49709,
                -14.87575
              ],
              "size": [
                1,
                1,
                2
              ],
              "inflate": -0.1,
              "uv": {
                "north": {
                  "uv": [
                    252,
                    83
                  ],
                  "uv_size": [
                    -2,
                    1
                  ]
                },
                "east": {
                  "uv": [
                    254,
                    83
                  ],
                  "uv_size": [
                    -2,
                    1
                  ]
                },
                "south": {
                  "uv": [
                    256,
                    83
                  ],
                  "uv_size": [
                    -2,
                    1
                  ]
                },
                "west": {
                  "uv": [
                    250,
                    83
                  ],
                  "uv_size": [
                    -2,
                    1
                  ]
                },
                "up": {
                  "uv": [
                    252,
                    81
                  ],
                  "uv_size": [
                    -2,
                    2
                  ]
                },
                "down": {
                  "uv": [
                    254,
                    83
                  ],
                  "uv_size": [
                    -2,
                    -2
                  ]
                }
              }
            }
          ]
        },
        {
          "name": "laser_left3",
          "parent": "Body",
          "pivot": [
            11,
            9,
            0
          ],
          "cubes": [
            {
              "origin": [
                11,
                8,
                -11
              ],
              "size": [
                2,
                2,
                15
              ],
              "inflate": 0.1,
              "uv": [
                118,
                25
              ]
            },
            {
              "origin": [
                10.5,
                7.5,
                3
              ],
              "size": [
                3,
                3,
                7
              ],
              "inflate": 0.1,
              "uv": [
                129,
                0
              ]
            },
            {
              "origin": [
                10,
                8.5,
                2
              ],
              "size": [
                1,
                1,
                9
              ],
              "pivot": [
                12.5,
                9,
                -1.5
              ],
              "rotation": [
                0,
                0,
                90
              ],
              "uv": [
                152,
                36
              ]
            },
            {
              "origin": [
                9,
                8.5,
                2
              ],
              "size": [
                1,
                1,
                9
              ],
              "pivot": [
                12.5,
                9,
                -1.5
              ],
              "rotation": [
                0,
                0,
                90
              ],
              "uv": [
                152,
                36
              ]
            },
            {
              "origin": [
                10.5,
                7.5,
                -16
              ],
              "size": [
                3,
                3,
                5
              ],
              "inflate": 0.1,
              "uv": [
                126,
                46
              ]
            },
            {
              "origin": [
                10.5,
                7.5,
                -16
              ],
              "size": [
                3,
                3,
                5
              ],
              "inflate": -0.1,
              "uv": [
                7,
                204
              ]
            }
          ]
        },
        {
          "name": "blast5",
          "parent": "laser_left3",
          "pivot": [
            12.025,
            8.99709,
            -13.87575
          ],
          "cubes": [
            {
              "origin": [
                11.525,
                8.49709,
                -14.87575
              ],
              "size": [
                1,
                1,
                2
              ],
              "inflate": -0.1,
              "uv": {
                "north": {
                  "uv": [
                    250,
                    83
                  ],
                  "uv_size": [
                    2,
                    1
                  ]
                },
                "east": {
                  "uv": [
                    248,
                    83
                  ],
                  "uv_size": [
                    2,
                    1
                  ]
                },
                "south": {
                  "uv": [
                    254,
                    83
                  ],
                  "uv_size": [
                    2,
                    1
                  ]
                },
                "west": {
                  "uv": [
                    252,
                    83
                  ],
                  "uv_size": [
                    2,
                    1
                  ]
                },
                "up": {
                  "uv": [
                    250,
                    81
                  ],
                  "uv_size": [
                    2,
                    2
                  ]
                },
                "down": {
                  "uv": [
                    252,
                    83
                  ],
                  "uv_size": [
                    2,
                    -2
                  ]
                }
              }
            }
          ]
        },
        {
          "name": "laser_right2",
          "parent": "Body",
          "pivot": [
            -11,
            14,
            0
          ],
          "cubes": [
            {
              "origin": [
                -13,
                13,
                -11
              ],
              "size": [
                2,
                2,
                15
              ],
              "inflate": 0.1,
              "uv": [
                118,
                25
              ],
              "mirror": true
            },
            {
              "origin": [
                -13.5,
                12.5,
                3
              ],
              "size": [
                3,
                3,
                7
              ],
              "inflate": 0.1,
              "uv": [
                129,
                0
              ],
              "mirror": true
            },
            {
              "origin": [
                -11,
                13.5,
                2
              ],
              "size": [
                1,
                1,
                9
              ],
              "pivot": [
                -12.5,
                14,
                -1.5
              ],
              "rotation": [
                0,
                0,
                -90
              ],
              "uv": [
                152,
                36
              ],
              "mirror": true
            },
            {
              "origin": [
                -10,
                13.5,
                2
              ],
              "size": [
                1,
                1,
                9
              ],
              "pivot": [
                -12.5,
                14,
                -1.5
              ],
              "rotation": [
                0,
                0,
                -90
              ],
              "uv": [
                152,
                36
              ],
              "mirror": true
            },
            {
              "origin": [
                -13.5,
                12.5,
                -16
              ],
              "size": [
                3,
                3,
                5
              ],
              "inflate": 0.1,
              "uv": [
                126,
                46
              ],
              "mirror": true
            },
            {
              "origin": [
                -13.5,
                12.5,
                -16
              ],
              "size": [
                3,
                3,
                5
              ],
              "inflate": -0.1,
              "uv": [
                7,
                204
              ],
              "mirror": true
            }
          ]
        },
        {
          "name": "blast6",
          "parent": "laser_right2",
          "pivot": [
            -12.025,
            13.99709,
            -13.87575
          ],
          "cubes": [
            {
              "origin": [
                -12.525,
                13.49709,
                -14.87575
              ],
              "size": [
                1,
                1,
                2
              ],
              "inflate": -0.1,
              "uv": {
                "north": {
                  "uv": [
                    252,
                    83
                  ],
                  "uv_size": [
                    -2,
                    1
                  ]
                },
                "east": {
                  "uv": [
                    254,
                    83
                  ],
                  "uv_size": [
                    -2,
                    1
                  ]
                },
                "south": {
                  "uv": [
                    256,
                    83
                  ],
                  "uv_size": [
                    -2,
                    1
                  ]
                },
                "west": {
                  "uv": [
                    250,
                    83
                  ],
                  "uv_size": [
                    -2,
                    1
                  ]
                },
                "up": {
                  "uv": [
                    252,
                    81
                  ],
                  "uv_size": [
                    -2,
                    2
                  ]
                },
                "down": {
                  "uv": [
                    254,
                    83
                  ],
                  "uv_size": [
                    -2,
                    -2
                  ]
                }
              }
            }
          ]
        },
        {
          "name": "laser_left2",
          "parent": "Body",
          "pivot": [
            11,
            14,
            0
          ],
          "cubes": [
            {
              "origin": [
                11,
                13,
                -11
              ],
              "size": [
                2,
                2,
                15
              ],
              "inflate": 0.1,
              "uv": [
                118,
                25
              ]
            },
            {
              "origin": [
                10.5,
                12.5,
                3
              ],
              "size": [
                3,
                3,
                7
              ],
              "inflate": 0.1,
              "uv": [
                129,
                0
              ]
            },
            {
              "origin": [
                10,
                13.5,
                2
              ],
              "size": [
                1,
                1,
                9
              ],
              "pivot": [
                12.5,
                14,
                -1.5
              ],
              "rotation": [
                0,
                0,
                90
              ],
              "uv": [
                152,
                36
              ]
            },
            {
              "origin": [
                9,
                13.5,
                2
              ],
              "size": [
                1,
                1,
                9
              ],
              "pivot": [
                12.5,
                14,
                -1.5
              ],
              "rotation": [
                0,
                0,
                90
              ],
              "uv": [
                152,
                36
              ]
            },
            {
              "origin": [
                10.5,
                12.5,
                -16
              ],
              "size": [
                3,
                3,
                5
              ],
              "inflate": 0.1,
              "uv": [
                126,
                46
              ]
            },
            {
              "origin": [
                10.5,
                12.5,
                -16
              ],
              "size": [
                3,
                3,
                5
              ],
              "inflate": -0.1,
              "uv": [
                7,
                203
              ]
            }
          ]
        },
        {
          "name": "blast4",
          "parent": "laser_left2",
          "pivot": [
            12.025,
            13.99709,
            -13.87575
          ],
          "cubes": [
            {
              "origin": [
                11.525,
                13.49709,
                -14.87575
              ],
              "size": [
                1,
                1,
                2
              ],
              "inflate": -0.1,
              "uv": {
                "north": {
                  "uv": [
                    250,
                    83
                  ],
                  "uv_size": [
                    2,
                    1
                  ]
                },
                "east": {
                  "uv": [
                    248,
                    83
                  ],
                  "uv_size": [
                    2,
                    1
                  ]
                },
                "south": {
                  "uv": [
                    254,
                    83
                  ],
                  "uv_size": [
                    2,
                    1
                  ]
                },
                "west": {
                  "uv": [
                    252,
                    83
                  ],
                  "uv_size": [
                    2,
                    1
                  ]
                },
                "up": {
                  "uv": [
                    250,
                    81
                  ],
                  "uv_size": [
                    2,
                    2
                  ]
                },
                "down": {
                  "uv": [
                    252,
                    83
                  ],
                  "uv_size": [
                    2,
                    -2
                  ]
                }
              }
            }
          ]
        },
        {
          "name": "laser_right3",
          "parent": "Body",
          "pivot": [
            -11,
            9,
            0
          ],
          "cubes": [
            {
              "origin": [
                -13,
                8,
                -11
              ],
              "size": [
                2,
                2,
                15
              ],
              "inflate": 0.1,
              "uv": [
                118,
                25
              ],
              "mirror": true
            },
            {
              "origin": [
                -13.5,
                7.5,
                3
              ],
              "size": [
                3,
                3,
                7
              ],
              "inflate": 0.1,
              "uv": [
                129,
                0
              ],
              "mirror": true
            },
            {
              "origin": [
                -11,
                8.5,
                2
              ],
              "size": [
                1,
                1,
                9
              ],
              "pivot": [
                -12.5,
                9,
                -1.5
              ],
              "rotation": [
                0,
                0,
                -90
              ],
              "uv": [
                152,
                36
              ],
              "mirror": true
            },
            {
              "origin": [
                -10,
                8.5,
                2
              ],
              "size": [
                1,
                1,
                9
              ],
              "pivot": [
                -12.5,
                9,
                -1.5
              ],
              "rotation": [
                0,
                0,
                -90
              ],
              "uv": [
                152,
                36
              ],
              "mirror": true
            },
            {
              "origin": [
                -13.5,
                7.5,
                -16
              ],
              "size": [
                3,
                3,
                5
              ],
              "inflate": 0.1,
              "uv": [
                126,
                46
              ],
              "mirror": true
            },
            {
              "origin": [
                -13.5,
                7.5,
                -16
              ],
              "size": [
                3,
                3,
                5
              ],
              "inflate": -0.1,
              "uv": [
                7,
                204
              ],
              "mirror": true
            }
          ]
        },
        {
          "name": "blast7",
          "parent": "laser_right3",
          "pivot": [
            -12.025,
            8.99709,
            -13.87575
          ],
          "cubes": [
            {
              "origin": [
                -12.525,
                8.49709,
                -14.87575
              ],
              "size": [
                1,
                1,
                2
              ],
              "inflate": -0.1,
              "uv": {
                "north": {
                  "uv": [
                    252,
                    83
                  ],
                  "uv_size": [
                    -2,
                    1
                  ]
                },
                "east": {
                  "uv": [
                    254,
                    83
                  ],
                  "uv_size": [
                    -2,
                    1
                  ]
                },
                "south": {
                  "uv": [
                    256,
                    83
                  ],
                  "uv_size": [
                    -2,
                    1
                  ]
                },
                "west": {
                  "uv": [
                    250,
                    83
                  ],
                  "uv_size": [
                    -2,
                    1
                  ]
                },
                "up": {
                  "uv": [
                    252,
                    81
                  ],
                  "uv_size": [
                    -2,
                    2
                  ]
                },
                "down": {
                  "uv": [
                    254,
                    83
                  ],
                  "uv_size": [
                    -2,
                    -2
                  ]
                }
              }
            }
          ]
        },
        {
          "name": "shield_front",
          "parent": "Body",
          "pivot": [
            0.5,
            11,
            -7
          ],
          "rotation": [
            89.99999,
            -82.5,
            -89.99999
          ],
          "cubes": [
            {
              "origin": [
                -4.5,
                10,
                -12
              ],
              "size": [
                6,
                1,
                1
              ],
              "uv": [
                165,
                56
              ],
              "mirror": true
            },
            {
              "origin": [
                -5.4,
                7.25,
                -13.5
              ],
              "size": [
                1,
                5,
                14
              ],
              "inflate": -0.1,
              "pivot": [
                0.5,
                11,
                -7
              ],
              "rotation": [
                0,
                0,
                -12.5
              ],
              "uv": [
                174,
                99
              ],
              "mirror": true
            },
            {
              "origin": [
                -5,
                10.68795,
                -13.5
              ],
              "size": [
                1,
                9,
                14
              ],
              "pivot": [
                -4.49611,
                15.18795,
                -6.5
              ],
              "rotation": [
                0,
                0,
                7.5
              ],
              "uv": [
                174,
                96
              ],
              "mirror": true
            },
            {
              "origin": [
                -4.5,
                10,
                -2
              ],
              "size": [
                6,
                1,
                1
              ],
              "uv": [
                165,
                56
              ],
              "mirror": true
            }
          ]
        },
        {
          "name": "shield_right",
          "parent": "Body",
          "pivot": [
            -9.5,
            8,
            3
          ],
          "rotation": [
            0,
            0,
            -12.5
          ],
          "cubes": [
            {
              "origin": [
                -14.25,
                11,
                -2
              ],
              "size": [
                6,
                1,
                1
              ],
              "uv": [
                165,
                56
              ],
              "mirror": true
            },
            {
              "origin": [
                -14.25,
                11,
                6
              ],
              "size": [
                6,
                1,
                1
              ],
              "uv": [
                165,
                56
              ],
              "mirror": true
            },
            {
              "origin": [
                -12.25,
                11,
                6
              ],
              "size": [
                6,
                1,
                1
              ],
              "inflate": -0.1,
              "uv": [
                165,
                56
              ],
              "mirror": true
            },
            {
              "origin": [
                -12.25,
                11,
                -2
              ],
              "size": [
                6,
                1,
                1
              ],
              "inflate": -0.1,
              "uv": [
                165,
                56
              ],
              "mirror": true
            },
            {
              "origin": [
                -15.5,
                7,
                -2.5
              ],
              "size": [
                1,
                8,
                12
              ],
              "pivot": [
                -9.5,
                8,
                3
              ],
              "rotation": [
                0,
                0,
                7.5
              ],
              "uv": [
                175,
                71
              ],
              "mirror": true
            },
            {
              "origin": [
                -15.4,
                4.25,
                -2.5
              ],
              "size": [
                1,
                5,
                12
              ],
              "inflate": -0.1,
              "pivot": [
                -9.5,
                8,
                3
              ],
              "rotation": [
                0,
                0,
                -12.5
              ],
              "uv": [
                173,
                74
              ],
              "mirror": true
            }
          ]
        },
        {
          "name": "laser_left",
          "parent": "Body",
          "pivot": [
            11,
            19,
            0
          ],
          "cubes": [
            {
              "origin": [
                11,
                18,
                -11
              ],
              "size": [
                2,
                2,
                15
              ],
              "inflate": 0.1,
              "uv": [
                118,
                25
              ]
            },
            {
              "origin": [
                10.5,
                17.5,
                3
              ],
              "size": [
                3,
                3,
                7
              ],
              "inflate": 0.1,
              "uv": [
                129,
                0
              ]
            },
            {
              "origin": [
                10,
                18.5,
                -6
              ],
              "size": [
                1,
                1,
                9
              ],
              "uv": [
                152,
                36
              ]
            },
            {
              "origin": [
                10.5,
                17.5,
                -16
              ],
              "size": [
                3,
                3,
                5
              ],
              "inflate": 0.1,
              "uv": [
                126,
                46
              ]
            },
            {
              "origin": [
                10.5,
                17.5,
                -16
              ],
              "size": [
                3,
                3,
                5
              ],
              "inflate": -0.1,
              "uv": [
                5,
                204
              ]
            }
          ]
        },
        {
          "name": "blast2",
          "parent": "laser_left",
          "pivot": [
            12.025,
            18.99709,
            -13.87575
          ],
          "cubes": [
            {
              "origin": [
                11.525,
                18.49709,
                -14.87575
              ],
              "size": [
                1,
                1,
                2
              ],
              "inflate": -0.1,
              "uv": {
                "north": {
                  "uv": [
                    250,
                    83
                  ],
                  "uv_size": [
                    2,
                    1
                  ]
                },
                "east": {
                  "uv": [
                    248,
                    83
                  ],
                  "uv_size": [
                    2,
                    1
                  ]
                },
                "south": {
                  "uv": [
                    254,
                    83
                  ],
                  "uv_size": [
                    2,
                    1
                  ]
                },
                "west": {
                  "uv": [
                    252,
                    83
                  ],
                  "uv_size": [
                    2,
                    1
                  ]
                },
                "up": {
                  "uv": [
                    250,
                    81
                  ],
                  "uv_size": [
                    2,
                    2
                  ]
                },
                "down": {
                  "uv": [
                    252,
                    83
                  ],
                  "uv_size": [
                    2,
                    -2
                  ]
                }
              }
            }
          ]
        },
        {
          "name": "shield_right2",
          "parent": "Body",
          "pivot": [
            -12,
            16,
            4
          ],
          "rotation": [
            0,
            0,
            5
          ],
          "cubes": [
            {
              "origin": [
                -17,
                15.25,
                -1
              ],
              "size": [
                6,
                1,
                1
              ],
              "uv": [
                165,
                56
              ],
              "mirror": true
            },
            {
              "origin": [
                -17,
                15.25,
                9
              ],
              "size": [
                6,
                1,
                1
              ],
              "uv": [
                165,
                56
              ],
              "mirror": true
            },
            {
              "origin": [
                -14,
                15.25,
                -1
              ],
              "size": [
                6,
                1,
                1
              ],
              "inflate": -0.1,
              "uv": [
                165,
                56
              ],
              "mirror": true
            },
            {
              "origin": [
                -14,
                15.25,
                9
              ],
              "size": [
                6,
                1,
                1
              ],
              "inflate": -0.1,
              "uv": [
                165,
                56
              ],
              "mirror": true
            },
            {
              "origin": [
                -18,
                15,
                -1.5
              ],
              "size": [
                1,
                8,
                12
              ],
              "pivot": [
                -12,
                16,
                4
              ],
              "rotation": [
                0,
                0,
                7.5
              ],
              "uv": [
                175,
                71
              ],
              "mirror": true
            },
            {
              "origin": [
                -17.9,
                12.25,
                -1.5
              ],
              "size": [
                1,
                5,
                12
              ],
              "inflate": -0.1,
              "pivot": [
                -12,
                16,
                4
              ],
              "rotation": [
                0,
                0,
                -12.5
              ],
              "uv": [
                173,
                74
              ],
              "mirror": true
            }
          ]
        },
        {
          "name": "shield_left",
          "parent": "Body",
          "pivot": [
            9.5,
            8,
            3
          ],
          "rotation": [
            0,
            0,
            12.5
          ],
          "cubes": [
            {
              "origin": [
                8.25,
                11,
                -2
              ],
              "size": [
                6,
                1,
                1
              ],
              "uv": [
                165,
                56
              ]
            },
            {
              "origin": [
                8.25,
                11,
                6
              ],
              "size": [
                6,
                1,
                1
              ],
              "uv": [
                165,
                56
              ]
            },
            {
              "origin": [
                6.25,
                11,
                6
              ],
              "size": [
                6,
                1,
                1
              ],
              "inflate": -0.1,
              "uv": [
                165,
                56
              ]
            },
            {
              "origin": [
                6.25,
                11,
                -2
              ],
              "size": [
                6,
                1,
                1
              ],
              "inflate": -0.1,
              "uv": [
                165,
                56
              ]
            },
            {
              "origin": [
                14.5,
                7,
                -2.5
              ],
              "size": [
                1,
                8,
                12
              ],
              "pivot": [
                9.5,
                8,
                3
              ],
              "rotation": [
                0,
                0,
                -7.5
              ],
              "uv": [
                175,
                71
              ]
            },
            {
              "origin": [
                14.4,
                4.25,
                -2.5
              ],
              "size": [
                1,
                5,
                12
              ],
              "inflate": -0.1,
              "pivot": [
                9.5,
                8,
                3
              ],
              "rotation": [
                0,
                0,
                12.5
              ],
              "uv": [
                173,
                74
              ]
            }
          ]
        },
        {
          "name": "shield_left2",
          "parent": "shield_left",
          "pivot": [
            12,
            16,
            4
          ],
          "rotation": [
            0,
            0,
            -5
          ],
          "cubes": [
            {
              "origin": [
                11,
                15.25,
                -1
              ],
              "size": [
                6,
                1,
                1
              ],
              "uv": [
                165,
                56
              ]
            },
            {
              "origin": [
                11,
                15.25,
                9
              ],
              "size": [
                6,
                1,
                1
              ],
              "uv": [
                165,
                56
              ]
            },
            {
              "origin": [
                8,
                15.25,
                -1
              ],
              "size": [
                6,
                1,
                1
              ],
              "inflate": -0.1,
              "uv": [
                165,
                56
              ]
            },
            {
              "origin": [
                8,
                15.25,
                9
              ],
              "size": [
                6,
                1,
                1
              ],
              "inflate": -0.1,
              "uv": [
                165,
                56
              ]
            },
            {
              "origin": [
                17,
                15,
                -1.5
              ],
              "size": [
                1,
                8,
                12
              ],
              "pivot": [
                12,
                16,
                4
              ],
              "rotation": [
                0,
                0,
                -7.5
              ],
              "uv": [
                175,
                71
              ]
            },
            {
              "origin": [
                16.9,
                12.25,
                -1.5
              ],
              "size": [
                1,
                5,
                12
              ],
              "inflate": -0.1,
              "pivot": [
                12,
                16,
                4
              ],
              "rotation": [
                0,
                0,
                12.5
              ],
              "uv": [
                173,
                74
              ]
            }
          ]
        },
        {
          "name": "back",
          "parent": "Body",
          "pivot": [
            0,
            21,
            11
          ]
        },
        {
          "name": "rocket",
          "parent": "back",
          "pivot": [
            0,
            27.61551,
            12.92191
          ],
          "cubes": [
            {
              "origin": [
                -11,
                31,
                12
              ],
              "size": [
                1,
                7,
                2
              ],
              "uv": [
                0,
                209
              ]
            },
            {
              "origin": [
                -11,
                22,
                12
              ],
              "size": [
                1,
                7,
                2
              ],
              "uv": [
                0,
                209
              ]
            },
            {
              "origin": [
                -14.9,
                27,
                11
              ],
              "size": [
                4,
                15,
                4
              ],
              "uv": [
                0,
                237
              ]
            },
            {
              "origin": [
                -14.9,
                19,
                11
              ],
              "size": [
                4,
                15,
                4
              ],
              "inflate": -0.3,
              "uv": [
                0,
                237
              ]
            },
            {
              "origin": [
                -14.9,
                17,
                11
              ],
              "size": [
                4,
                3,
                4
              ],
              "inflate": 0.3,
              "uv": [
                53,
                246
              ]
            },
            {
              "origin": [
                -14.9,
                13.75,
                11
              ],
              "size": [
                4,
                3,
                4
              ],
              "uv": [
                39,
                249
              ]
            },
            {
              "origin": [
                -14.9,
                41,
                11
              ],
              "size": [
                4,
                3,
                4
              ],
              "inflate": 0.4,
              "uv": [
                20,
                249
              ]
            },
            {
              "origin": [
                10.9,
                27,
                11
              ],
              "size": [
                4,
                15,
                4
              ],
              "uv": [
                0,
                237
              ],
              "mirror": true
            },
            {
              "origin": [
                10.9,
                41,
                11
              ],
              "size": [
                4,
                3,
                4
              ],
              "inflate": 0.4,
              "uv": [
                20,
                249
              ],
              "mirror": true
            },
            {
              "origin": [
                10.9,
                13.75,
                11
              ],
              "size": [
                4,
                3,
                4
              ],
              "uv": [
                39,
                249
              ],
              "mirror": true
            },
            {
              "origin": [
                10.9,
                17,
                11
              ],
              "size": [
                4,
                3,
                4
              ],
              "inflate": 0.3,
              "uv": [
                53,
                246
              ],
              "mirror": true
            },
            {
              "origin": [
                10.9,
                19,
                11
              ],
              "size": [
                4,
                15,
                4
              ],
              "inflate": -0.3,
              "uv": [
                0,
                237
              ],
              "mirror": true
            },
            {
              "origin": [
                10,
                23,
                12
              ],
              "size": [
                1,
                7,
                2
              ],
              "uv": [
                0,
                209
              ],
              "mirror": true
            },
            {
              "origin": [
                10,
                32,
                12
              ],
              "size": [
                1,
                7,
                2
              ],
              "uv": [
                0,
                209
              ],
              "mirror": true
            }
          ],
          "locators": {
            "thrust": {
              "offset": [
                -13,
                16,
                13
              ],
              "rotation": [
                180,
                0,
                0
              ]
            },
            "thrust2": {
              "offset": [
                13,
                16,
                13
              ],
              "rotation": [
                180,
                0,
                0
              ]
            }
          }
        }
      ]
    }
  ]
}