{
  "format_version": "1.12.0",
  "minecraft:geometry": [
    {
      "description": {
        "identifier": "geometry.lv_spide_speaker",
        "texture_width": 256,
        "texture_height": 256,
        "visible_bounds_width": 7,
        "visible_bounds_height": 6,
        "visible_bounds_offset": [
          0,
          2,
          0
        ]
      },
      "bones": [
        {
          "name": "Waist",
          "pivot": [
            0,
            0,
            0
          ]
        },
        {
          "name": "right_leg",
          "parent": "Waist",
          "pivot": [
            -4.5,
            26.25,
            -4
          ],
          "cubes": [
            {
              "origin": [
                -38,
                27,
                -4.25
              ],
              "size": [
                34,
                1,
                1
              ],
              "pivot": [
                -7,
                28,
                -4
              ],
              "rotation": [
                -14.89149,
                -9.29798,
                26.21777
              ],
              "uv": [
                88,
                4
              ]
            },
            {
              "origin": [
                -39.25,
                26.5,
                -4.75
              ],
              "size": [
                2,
                2,
                2
              ],
              "pivot": [
                -7,
                28,
                -4
              ],
              "rotation": [
                -14.89149,
                -9.29798,
                26.21777
              ],
              "uv": [
                16,
                20
              ]
            }
          ]
        },
        {
          "name": "right_leg2",
          "parent": "right_leg",
          "pivot": [
            -35,
            41.25,
            -9
          ],
          "cubes": [
            {
              "origin": [
                -68,
                41,
                -9.25
              ],
              "size": [
                32,
                1,
                1
              ],
              "pivot": [
                -35,
                41.5,
                -9
              ],
              "rotation": [
                12.02501,
                -12.80911,
                -76.3547
              ],
              "uv": [
                88,
                10
              ]
            },
            {
              "origin": [
                -69,
                40.5,
                -9.75
              ],
              "size": [
                3,
                2,
                2
              ],
              "pivot": [
                -35,
                41.5,
                -9
              ],
              "rotation": [
                12.02501,
                -12.80911,
                -76.3547
              ],
              "uv": [
                8,
                18
              ]
            },
            {
              "origin": [
                -47.97925,
                10.18851,
                -18.37009
              ],
              "size": [
                4,
                0,
                2
              ],
              "pivot": [
                -43.47925,
                10.93851,
                -16.17009
              ],
              "rotation": [
                -45.47499,
                -12.80911,
                -76.3547
              ],
              "uv": [
                0,
                18
              ]
            },
            {
              "origin": [
                -47.97925,
                10.18851,
                -19.87009
              ],
              "size": [
                4,
                0,
                2
              ],
              "pivot": [
                -43.47925,
                10.93851,
                -16.17009
              ],
              "rotation": [
                58.70619,
                -16.80293,
                -82.92275
              ],
              "uv": [
                14,
                14
              ]
            },
            {
              "origin": [
                -47.97925,
                11.93851,
                -19.12009
              ],
              "size": [
                4,
                0,
                2
              ],
              "pivot": [
                -43.47925,
                10.93851,
                -16.17009
              ],
              "rotation": [
                -171.94183,
                -4.73622,
                -79.77868
              ],
              "uv": [
                14,
                8
              ]
            }
          ]
        },
        {
          "name": "right_leg3",
          "parent": "right_leg2",
          "pivot": [
            -42.74091,
            9.3192,
            -16.40549
          ],
          "cubes": [
            {
              "origin": [
                -50.72981,
                7.07012,
                -16.88205
              ],
              "size": [
                10,
                1,
                1
              ],
              "pivot": [
                -43.22981,
                7.82012,
                -16.63205
              ],
              "rotation": [
                13.32207,
                -1.41777,
                -81.49371
              ],
              "uv": [
                0,
                4
              ]
            }
          ]
        },
        {
          "name": "left_leg",
          "parent": "Waist",
          "pivot": [
            4.5,
            26.25,
            -4
          ],
          "cubes": [
            {
              "origin": [
                4,
                27,
                -4.25
              ],
              "size": [
                34,
                1,
                1
              ],
              "pivot": [
                7,
                28,
                -4
              ],
              "rotation": [
                -14.89149,
                9.29798,
                -26.21777
              ],
              "uv": [
                88,
                2
              ]
            },
            {
              "origin": [
                37.25,
                26.5,
                -4.75
              ],
              "size": [
                2,
                2,
                2
              ],
              "pivot": [
                7,
                28,
                -4
              ],
              "rotation": [
                -14.89149,
                9.29798,
                -26.21777
              ],
              "uv": [
                0,
                20
              ]
            }
          ]
        },
        {
          "name": "left_leg2",
          "parent": "left_leg",
          "pivot": [
            35,
            41.25,
            -9
          ],
          "cubes": [
            {
              "origin": [
                36,
                41,
                -9.25
              ],
              "size": [
                32,
                1,
                1
              ],
              "pivot": [
                35,
                41.5,
                -9
              ],
              "rotation": [
                12.02501,
                12.80911,
                76.3547
              ],
              "uv": [
                88,
                8
              ]
            },
            {
              "origin": [
                66,
                40.5,
                -9.75
              ],
              "size": [
                3,
                2,
                2
              ],
              "pivot": [
                35,
                41.5,
                -9
              ],
              "rotation": [
                12.02501,
                12.80911,
                76.3547
              ],
              "uv": [
                8,
                14
              ]
            },
            {
              "origin": [
                43.97925,
                10.18851,
                -18.37009
              ],
              "size": [
                4,
                0,
                2
              ],
              "pivot": [
                43.47925,
                10.93851,
                -16.17009
              ],
              "rotation": [
                -45.47499,
                12.80911,
                76.3547
              ],
              "uv": [
                0,
                14
              ]
            },
            {
              "origin": [
                43.97925,
                10.18851,
                -19.87009
              ],
              "size": [
                4,
                0,
                2
              ],
              "pivot": [
                43.47925,
                10.93851,
                -16.17009
              ],
              "rotation": [
                58.70619,
                16.80293,
                82.92275
              ],
              "uv": [
                8,
                12
              ]
            },
            {
              "origin": [
                43.97925,
                11.93851,
                -19.12009
              ],
              "size": [
                4,
                0,
                2
              ],
              "pivot": [
                43.47925,
                10.93851,
                -16.17009
              ],
              "rotation": [
                -171.94183,
                4.73622,
                79.77868
              ],
              "uv": [
                0,
                12
              ]
            }
          ]
        },
        {
          "name": "left_leg3",
          "parent": "left_leg2",
          "pivot": [
            42.74091,
            9.3192,
            -16.40549
          ],
          "cubes": [
            {
              "origin": [
                40.72981,
                7.07012,
                -16.88205
              ],
              "size": [
                10,
                1,
                1
              ],
              "pivot": [
                43.22981,
                7.82012,
                -16.63205
              ],
              "rotation": [
                13.32207,
                1.41777,
                81.49371
              ],
              "uv": [
                0,
                2
              ]
            }
          ]
        },
        {
          "name": "hind_leg",
          "parent": "Waist",
          "pivot": [
            0.25,
            26.25,
            4.25
          ],
          "rotation": [
            0,
            -90,
            0
          ],
          "cubes": [
            {
              "origin": [
                -0.5,
                27,
                4
              ],
              "size": [
                34,
                1,
                1
              ],
              "pivot": [
                2.5,
                28,
                4.25
              ],
              "rotation": [
                0,
                0,
                -27.5
              ],
              "uv": [
                88,
                0
              ]
            },
            {
              "origin": [
                32.75,
                26.5,
                3.5
              ],
              "size": [
                2,
                2,
                2
              ],
              "pivot": [
                2.5,
                28,
                4.25
              ],
              "rotation": [
                0,
                0,
                -27.5
              ],
              "uv": [
                16,
                16
              ]
            }
          ]
        },
        {
          "name": "hind_leg2",
          "parent": "hind_leg",
          "pivot": [
            30.5,
            42.25,
            4.25
          ],
          "cubes": [
            {
              "origin": [
                31.5,
                42,
                4
              ],
              "size": [
                32,
                1,
                1
              ],
              "pivot": [
                30.5,
                42.5,
                4.25
              ],
              "rotation": [
                0,
                0,
                73.77007
              ],
              "uv": [
                88,
                6
              ]
            },
            {
              "origin": [
                36.67607,
                9.76844,
                3.5076
              ],
              "size": [
                3,
                2,
                2
              ],
              "pivot": [
                39.43673,
                10.67027,
                4.56053
              ],
              "rotation": [
                2.92701,
                0.65044,
                76.69972
              ],
              "uv": [
                8,
                8
              ]
            },
            {
              "origin": [
                38.67607,
                10.52129,
                1.36905
              ],
              "size": [
                4,
                0,
                2
              ],
              "pivot": [
                39.43673,
                10.67027,
                4.56053
              ],
              "rotation": [
                -42.69535,
                4.33072,
                73.31133
              ],
              "uv": [
                8,
                6
              ]
            },
            {
              "origin": [
                38.58226,
                10.75816,
                1.4905
              ],
              "size": [
                4,
                0,
                2
              ],
              "pivot": [
                39.43673,
                10.67027,
                4.56053
              ],
              "rotation": [
                60.23879,
                4.39364,
                83.2063
              ],
              "uv": [
                0,
                8
              ]
            },
            {
              "origin": [
                38.58624,
                10.61832,
                1.55497
              ],
              "size": [
                4,
                0,
                2
              ],
              "pivot": [
                39.43673,
                10.67027,
                4.56053
              ],
              "rotation": [
                -169.72136,
                -7.56587,
                79.72353
              ],
              "uv": [
                0,
                6
              ]
            }
          ]
        },
        {
          "name": "hind_leg3",
          "parent": "hind_leg2",
          "pivot": [
            39.49091,
            10.3192,
            4.44451
          ],
          "cubes": [
            {
              "origin": [
                37.47981,
                8.07012,
                3.96795
              ],
              "size": [
                10,
                1,
                1
              ],
              "pivot": [
                39.97981,
                8.82012,
                4.21795
              ],
              "rotation": [
                0,
                0,
                81.49371
              ],
              "uv": [
                0,
                0
              ]
            }
          ]
        },
        {
          "name": "body2",
          "parent": "Waist",
          "pivot": [
            0,
            23,
            -6
          ],
          "cubes": [
            {
              "origin": [
                -16,
                12,
                -35
              ],
              "size": [
                32,
                48,
                24
              ],
              "inflate": 0.25,
              "uv": [
                0,
                0
              ]
            },
            {
              "origin": [
                -14,
                23,
                -13
              ],
              "size": [
                28,
                18,
                27
              ],
              "pivot": [
                -1,
                39,
                5
              ],
              "rotation": [
                -10,
                0,
                0
              ],
              "uv": [
                88,
                45
              ]
            }
          ]
        }
      ]
    }
  ]
}