{
  "format_version": "1.12.0",
  "minecraft:geometry": [
    {
      "description": {
        "identifier": "geometry.lv_spide_camera",
        "texture_width": 128,
        "texture_height": 128,
        "visible_bounds_width": 7,
        "visible_bounds_height": 6,
        "visible_bounds_offset": [
          0,
          2,
          0
        ]
      },
      "bones": [
        {
          "name": "Waist",
          "pivot": [
            0,
            0,
            0
          ]
        },
        {
          "name": "right_leg",
          "parent": "Waist",
          "pivot": [
            -4.5,
            26.25,
            -4
          ],
          "cubes": [
            {
              "origin": [
                -38,
                27,
                -4.25
              ],
              "size": [
                34,
                1,
                1
              ],
              "pivot": [
                -7,
                28,
                -4
              ],
              "rotation": [
                -14.89149,
                -9.29798,
                26.21777
              ],
              "uv": [
                0,
                29
              ]
            },
            {
              "origin": [
                -39.25,
                26.5,
                -4.75
              ],
              "size": [
                2,
                2,
                2
              ],
              "pivot": [
                -7,
                28,
                -4
              ],
              "rotation": [
                -14.89149,
                -9.29798,
                26.21777
              ],
              "uv": [
                73,
                59
              ]
            }
          ]
        },
        {
          "name": "right_leg2",
          "parent": "right_leg",
          "pivot": [
            -35,
            41.25,
            -9
          ],
          "cubes": [
            {
              "origin": [
                -68,
                41,
                -9.25
              ],
              "size": [
                32,
                1,
                1
              ],
              "pivot": [
                -35,
                41.5,
                -9
              ],
              "rotation": [
                12.02501,
                -12.80911,
                -76.3547
              ],
              "uv": [
                0,
                35
              ]
            },
            {
              "origin": [
                -69,
                40.5,
                -9.75
              ],
              "size": [
                3,
                2,
                2
              ],
              "pivot": [
                -35,
                41.5,
                -9
              ],
              "rotation": [
                12.02501,
                -12.80911,
                -76.3547
              ],
              "uv": [
                62,
                70
              ]
            },
            {
              "origin": [
                -47.97925,
                10.18851,
                -18.37009
              ],
              "size": [
                4,
                0,
                2
              ],
              "pivot": [
                -43.47925,
                10.93851,
                -16.17009
              ],
              "rotation": [
                -45.47499,
                -12.80911,
                -76.3547
              ],
              "uv": [
                48,
                19
              ]
            },
            {
              "origin": [
                -47.97925,
                10.18851,
                -19.87009
              ],
              "size": [
                4,
                0,
                2
              ],
              "pivot": [
                -43.47925,
                10.93851,
                -16.17009
              ],
              "rotation": [
                58.70619,
                -16.80293,
                -82.92275
              ],
              "uv": [
                48,
                17
              ]
            },
            {
              "origin": [
                -47.97925,
                11.93851,
                -19.12009
              ],
              "size": [
                4,
                0,
                2
              ],
              "pivot": [
                -43.47925,
                10.93851,
                -16.17009
              ],
              "rotation": [
                -171.94183,
                -4.73622,
                -79.77868
              ],
              "uv": [
                48,
                15
              ]
            }
          ]
        },
        {
          "name": "right_leg3",
          "parent": "right_leg2",
          "pivot": [
            -42.74091,
            9.3192,
            -16.40549
          ],
          "cubes": [
            {
              "origin": [
                -50.72981,
                7.07012,
                -16.88205
              ],
              "size": [
                10,
                1,
                1
              ],
              "pivot": [
                -43.22981,
                7.82012,
                -16.63205
              ],
              "rotation": [
                13.32207,
                -1.41777,
                -81.49371
              ],
              "uv": [
                70,
                23
              ]
            }
          ]
        },
        {
          "name": "left_leg",
          "parent": "Waist",
          "pivot": [
            4.5,
            26.25,
            -4
          ],
          "cubes": [
            {
              "origin": [
                4,
                27,
                -4.25
              ],
              "size": [
                34,
                1,
                1
              ],
              "pivot": [
                7,
                28,
                -4
              ],
              "rotation": [
                -14.89149,
                9.29798,
                -26.21777
              ],
              "uv": [
                0,
                27
              ]
            },
            {
              "origin": [
                37.25,
                26.5,
                -4.75
              ],
              "size": [
                2,
                2,
                2
              ],
              "pivot": [
                7,
                28,
                -4
              ],
              "rotation": [
                -14.89149,
                9.29798,
                -26.21777
              ],
              "uv": [
                70,
                72
              ]
            }
          ]
        },
        {
          "name": "left_leg2",
          "parent": "left_leg",
          "pivot": [
            35,
            41.25,
            -9
          ],
          "cubes": [
            {
              "origin": [
                36,
                41,
                -9.25
              ],
              "size": [
                32,
                1,
                1
              ],
              "pivot": [
                35,
                41.5,
                -9
              ],
              "rotation": [
                12.02501,
                12.80911,
                76.3547
              ],
              "uv": [
                0,
                33
              ]
            },
            {
              "origin": [
                66,
                40.5,
                -9.75
              ],
              "size": [
                3,
                2,
                2
              ],
              "pivot": [
                35,
                41.5,
                -9
              ],
              "rotation": [
                12.02501,
                12.80911,
                76.3547
              ],
              "uv": [
                58,
                55
              ]
            },
            {
              "origin": [
                43.97925,
                10.18851,
                -18.37009
              ],
              "size": [
                4,
                0,
                2
              ],
              "pivot": [
                43.47925,
                10.93851,
                -16.17009
              ],
              "rotation": [
                -45.47499,
                12.80911,
                76.3547
              ],
              "uv": [
                47,
                43
              ]
            },
            {
              "origin": [
                43.97925,
                10.18851,
                -19.87009
              ],
              "size": [
                4,
                0,
                2
              ],
              "pivot": [
                43.47925,
                10.93851,
                -16.17009
              ],
              "rotation": [
                58.70619,
                16.80293,
                82.92275
              ],
              "uv": [
                47,
                41
              ]
            },
            {
              "origin": [
                43.97925,
                11.93851,
                -19.12009
              ],
              "size": [
                4,
                0,
                2
              ],
              "pivot": [
                43.47925,
                10.93851,
                -16.17009
              ],
              "rotation": [
                -171.94183,
                4.73622,
                79.77868
              ],
              "uv": [
                30,
                43
              ]
            }
          ]
        },
        {
          "name": "left_leg3",
          "parent": "left_leg2",
          "pivot": [
            42.74091,
            9.3192,
            -16.40549
          ],
          "cubes": [
            {
              "origin": [
                40.72981,
                7.07012,
                -16.88205
              ],
              "size": [
                10,
                1,
                1
              ],
              "pivot": [
                43.22981,
                7.82012,
                -16.63205
              ],
              "rotation": [
                13.32207,
                1.41777,
                81.49371
              ],
              "uv": [
                66,
                35
              ]
            }
          ]
        },
        {
          "name": "hind_leg",
          "parent": "Waist",
          "pivot": [
            0.25,
            26.25,
            4.25
          ],
          "rotation": [
            0,
            -90,
            0
          ],
          "cubes": [
            {
              "origin": [
                -0.5,
                27,
                4
              ],
              "size": [
                34,
                1,
                1
              ],
              "pivot": [
                2.5,
                28,
                4.25
              ],
              "rotation": [
                0,
                0,
                -27.5
              ],
              "uv": [
                0,
                25
              ]
            },
            {
              "origin": [
                32.75,
                26.5,
                3.5
              ],
              "size": [
                2,
                2,
                2
              ],
              "pivot": [
                2.5,
                28,
                4.25
              ],
              "rotation": [
                0,
                0,
                -27.5
              ],
              "uv": [
                58,
                59
              ]
            }
          ]
        },
        {
          "name": "hind_leg2",
          "parent": "hind_leg",
          "pivot": [
            30.5,
            42.25,
            4.25
          ],
          "cubes": [
            {
              "origin": [
                31.5,
                42,
                4
              ],
              "size": [
                32,
                1,
                1
              ],
              "pivot": [
                30.5,
                42.5,
                4.25
              ],
              "rotation": [
                0,
                0,
                73.77007
              ],
              "uv": [
                0,
                31
              ]
            },
            {
              "origin": [
                36.67607,
                9.76844,
                3.5076
              ],
              "size": [
                3,
                2,
                2
              ],
              "pivot": [
                39.43673,
                10.67027,
                4.56053
              ],
              "rotation": [
                2.92701,
                0.65044,
                76.69972
              ],
              "uv": [
                49,
                37
              ]
            },
            {
              "origin": [
                38.67607,
                10.52129,
                1.36905
              ],
              "size": [
                4,
                0,
                2
              ],
              "pivot": [
                39.43673,
                10.67027,
                4.56053
              ],
              "rotation": [
                -42.69535,
                4.33072,
                73.31133
              ],
              "uv": [
                30,
                41
              ]
            },
            {
              "origin": [
                38.58226,
                10.75816,
                1.4905
              ],
              "size": [
                4,
                0,
                2
              ],
              "pivot": [
                39.43673,
                10.67027,
                4.56053
              ],
              "rotation": [
                60.23879,
                4.39364,
                83.2063
              ],
              "uv": [
                26,
                39
              ]
            },
            {
              "origin": [
                38.58624,
                10.61832,
                1.55497
              ],
              "size": [
                4,
                0,
                2
              ],
              "pivot": [
                39.43673,
                10.67027,
                4.56053
              ],
              "rotation": [
                -169.72136,
                -7.56587,
                79.72353
              ],
              "uv": [
                26,
                37
              ]
            }
          ]
        },
        {
          "name": "hind_leg3",
          "parent": "hind_leg2",
          "pivot": [
            39.49091,
            10.3192,
            4.44451
          ],
          "cubes": [
            {
              "origin": [
                37.47981,
                8.07012,
                3.96795
              ],
              "size": [
                10,
                1,
                1
              ],
              "pivot": [
                39.97981,
                8.82012,
                4.21795
              ],
              "rotation": [
                0,
                0,
                81.49371
              ],
              "uv": [
                62,
                48
              ]
            }
          ]
        },
        {
          "name": "Body",
          "parent": "Waist",
          "pivot": [
            0,
            27,
            0
          ],
          "cubes": [
            {
              "origin": [
                -5,
                26,
                -4
              ],
              "size": [
                10,
                10,
                15
              ],
              "uv": [
                0,
                0
              ]
            },
            {
              "origin": [
                -6,
                27,
                5
              ],
              "size": [
                7,
                5,
                7
              ],
              "uv": [
                0,
                51
              ]
            },
            {
              "origin": [
                -2,
                36,
                -1
              ],
              "size": [
                4,
                4,
                7
              ],
              "uv": [
                62,
                12
              ]
            },
            {
              "origin": [
                -5,
                39,
                7
              ],
              "size": [
                3,
                1,
                1
              ],
              "uv": [
                50,
                21
              ]
            },
            {
              "origin": [
                -5,
                40.63031,
                1.82933
              ],
              "size": [
                1,
                1,
                6
              ],
              "pivot": [
                -4.5,
                41.13031,
                4.82933
              ],
              "rotation": [
                -35,
                0,
                0
              ],
              "uv": [
                0,
                0
              ]
            },
            {
              "origin": [
                -5,
                42.26061,
                -1.34134
              ],
              "size": [
                1,
                1,
                4
              ],
              "uv": [
                35,
                6
              ]
            },
            {
              "origin": [
                -5.5,
                41.8,
                -13.34134
              ],
              "size": [
                2,
                2,
                12
              ],
              "uv": [
                46,
                41
              ]
            },
            {
              "origin": [
                -6,
                41.4,
                -1.34134
              ],
              "size": [
                3,
                3,
                1
              ],
              "uv": [
                43,
                55
              ]
            },
            {
              "origin": [
                -1,
                38.80595,
                8.76509
              ],
              "size": [
                2,
                2,
                6
              ],
              "pivot": [
                0,
                39.80595,
                11.76509
              ],
              "rotation": [
                32.5,
                0,
                0
              ],
              "uv": [
                52,
                70
              ]
            },
            {
              "origin": [
                -1.28,
                40.3038,
                13.64035
              ],
              "size": [
                2.56,
                3.84,
                3.84
              ],
              "pivot": [
                0,
                42.2238,
                15.56035
              ],
              "rotation": [
                32.5,
                0,
                0
              ],
              "uv": [
                35,
                0
              ]
            },
            {
              "origin": [
                -1,
                42.778,
                4.95326
              ],
              "size": [
                2,
                2,
                11
              ],
              "pivot": [
                0,
                43.778,
                10.45326
              ],
              "rotation": [
                -5,
                0,
                0
              ],
              "uv": [
                17,
                52
              ]
            },
            {
              "origin": [
                -2.5,
                42.6,
                -6.94627
              ],
              "size": [
                5,
                3,
                12
              ],
              "uv": [
                35,
                0
              ]
            },
            {
              "origin": [
                -2.32,
                35.68,
                5.68
              ],
              "size": [
                4.64,
                4.64,
                4.64
              ],
              "uv": [
                70,
                51
              ]
            },
            {
              "origin": [
                5,
                30,
                2
              ],
              "size": [
                9,
                8,
                2
              ],
              "uv": [
                0,
                65
              ]
            },
            {
              "origin": [
                4.92,
                26.88,
                -4.2
              ],
              "size": [
                2.16,
                4.24,
                6.4
              ],
              "uv": [
                66,
                25
              ]
            },
            {
              "origin": [
                -8.08,
                25.88,
                -4.2
              ],
              "size": [
                4.16,
                7.24,
                9.4
              ],
              "uv": [
                32,
                37
              ]
            },
            {
              "origin": [
                -4,
                27,
                -7
              ],
              "size": [
                8,
                8,
                3
              ],
              "uv": [
                62,
                37
              ]
            },
            {
              "origin": [
                4,
                32,
                -7
              ],
              "size": [
                3,
                2,
                2
              ],
              "uv": [
                0,
                11
              ]
            },
            {
              "origin": [
                5,
                33.61603,
                -5.96891
              ],
              "size": [
                2,
                2,
                7
              ],
              "pivot": [
                6,
                34.61603,
                -2.46891
              ],
              "rotation": [
                30,
                0,
                0
              ],
              "uv": [
                32,
                53
              ]
            },
            {
              "origin": [
                2,
                35.23205,
                0.06218
              ],
              "size": [
                5,
                2,
                2
              ],
              "uv": [
                0,
                7
              ]
            },
            {
              "origin": [
                -6,
                26,
                -11
              ],
              "size": [
                12,
                10,
                4
              ],
              "uv": [
                0,
                37
              ]
            },
            {
              "origin": [
                -3,
                28,
                -15
              ],
              "size": [
                6,
                6,
                4
              ],
              "uv": [
                22,
                65
              ]
            },
            {
              "origin": [
                -2.5,
                28.5,
                -18
              ],
              "size": [
                5,
                5,
                3
              ],
              "uv": [
                42,
                67
              ]
            }
          ]
        },
        {
          "name": "Gun",
          "parent": "Body",
          "pivot": [
            0,
            27,
            0
          ],
          "cubes": [
            {
              "origin": [
                -3,
                22,
                0
              ],
              "size": [
                6,
                6,
                6
              ],
              "pivot": [
                0,
                25,
                3
              ],
              "rotation": [
                -40,
                0,
                0
              ],
              "uv": [
                57,
                0
              ]
            },
            {
              "origin": [
                -1.5,
                22,
                -9
              ],
              "size": [
                3,
                3,
                9
              ],
              "uv": [
                43,
                55
              ]
            },
            {
              "origin": [
                -1.77,
                20.73,
                -5.63
              ],
              "size": [
                3.54,
                3.54,
                8.26
              ],
              "uv": [
                59,
                59
              ]
            },
            {
              "origin": [
                -1,
                22.5,
                -17
              ],
              "size": [
                2,
                2,
                8
              ],
              "uv": [
                50,
                15
              ]
            }
          ]
        }
      ]
    }
  ]
}