{
  "format_version": "1.12.0",
  "minecraft:geometry": [
    {
      "description": {
        "identifier": "geometry.lv_skibidi_buzziar",
        "texture_width": 256,
        "texture_height": 256,
        "visible_bounds_width": 6,
        "visible_bounds_height": 6,
        "visible_bounds_offset": [
          0,
          2,
          0
        ]
      },
      "bones": [
        {
          "name": "Waist",
          "pivot": [
            0,
            11,
            0
          ]
        },
        {
          "name": "Body",
          "parent": "Waist",
          "pivot": [
            0,
            11,
            0
          ],
          "cubes": [
            {
              "origin": [
                -6,
                11,
                -6
              ],
              "size": [
                12,
                4,
                14
              ],
              "uv": [
                42,
                21
              ]
            },
            {
              "origin": [
                -5,
                15,
                -5
              ],
              "size": [
                10,
                7,
                10
              ],
              "uv": [
                34,
                75
              ]
            },
            {
              "origin": [
                -7.5,
                6,
                -19
              ],
              "size": [
                15,
                3,
                6
              ],
              "pivot": [
                0,
                11,
                0
              ],
              "rotation": [
                -77.5,
                0,
                0
              ],
              "uv": [
                80,
                18
              ]
            },
            {
              "origin": [
                -7.5,
                6,
                13
              ],
              "size": [
                15,
                3,
                7
              ],
              "pivot": [
                0,
                11,
                0
              ],
              "rotation": [
                77.5,
                0,
                0
              ],
              "uv": [
                71,
                39
              ]
            },
            {
              "origin": [
                -7,
                22,
                -7
              ],
              "size": [
                14,
                3,
                14
              ],
              "uv": [
                0,
                35
              ]
            },
            {
              "origin": [
                -8,
                28,
                -11
              ],
              "size": [
                16,
                2,
                5
              ],
              "uv": [
                81,
                52
              ]
            },
            {
              "origin": [
                -8,
                28,
                6
              ],
              "size": [
                16,
                2,
                5
              ],
              "uv": [
                80,
                27
              ]
            },
            {
              "origin": [
                7,
                28,
                -8
              ],
              "size": [
                3,
                2,
                16
              ],
              "uv": [
                70,
                59
              ]
            },
            {
              "origin": [
                13,
                4.5,
                -7.5
              ],
              "size": [
                6,
                3,
                15
              ],
              "pivot": [
                0,
                10.5,
                0
              ],
              "rotation": [
                0,
                0,
                -82.5
              ],
              "uv": [
                44,
                57
              ]
            },
            {
              "origin": [
                -5.5,
                30.25,
                8.1
              ],
              "size": [
                11,
                18.75,
                5.85
              ],
              "uv": [
                2,
                12
              ]
            },
            {
              "origin": [
                -12.5,
                49,
                7
              ],
              "size": [
                25,
                2,
                8
              ],
              "uv": [
                0,
                0
              ]
            },
            {
              "origin": [
                4.31805,
                30.00492,
                8
              ],
              "size": [
                7,
                20,
                6
              ],
              "pivot": [
                9,
                29,
                -3
              ],
              "rotation": [
                0,
                0,
                2.5
              ],
              "uv": [
                74,
                77
              ]
            },
            {
              "origin": [
                -19,
                4.5,
                -7.5
              ],
              "size": [
                6,
                3,
                15
              ],
              "pivot": [
                0,
                10.5,
                0
              ],
              "rotation": [
                0,
                0,
                82.5
              ],
              "uv": [
                44,
                57
              ],
              "mirror": true
            },
            {
              "origin": [
                -10,
                28,
                -8
              ],
              "size": [
                3,
                2,
                16
              ],
              "uv": [
                70,
                59
              ],
              "mirror": true
            },
            {
              "origin": [
                -11.31805,
                30.00492,
                8
              ],
              "size": [
                7,
                20,
                6
              ],
              "pivot": [
                -9,
                29,
                -3
              ],
              "rotation": [
                0,
                0,
                -2.5
              ],
              "uv": [
                74,
                77
              ],
              "mirror": true
            }
          ]
        },
        {
          "name": "bone",
          "parent": "Body",
          "pivot": [
            0,
            34,
            9
          ],
          "cubes": [
            {
              "origin": [
                5,
                30,
                -6
              ],
              "size": [
                4,
                1,
                13
              ],
              "uv": [
                87,
                90
              ]
            },
            {
              "origin": [
                -8,
                30,
                -10
              ],
              "size": [
                16,
                1,
                4
              ],
              "uv": [
                94,
                5
              ]
            },
            {
              "origin": [
                -9,
                30,
                -6
              ],
              "size": [
                4,
                1,
                13
              ],
              "uv": [
                87,
                90
              ],
              "mirror": true
            }
          ]
        },
        {
          "name": "bone2",
          "parent": "Body",
          "pivot": [
            0,
            35,
            9
          ]
        },
        {
          "name": "bone3",
          "parent": "Body",
          "pivot": [
            0,
            54,
            14
          ],
          "cubes": [
            {
              "origin": [
                -2,
                50,
                9
              ],
              "size": [
                4,
                3,
                4
              ],
              "uv": [
                42,
                39
              ]
            }
          ]
        },
        {
          "name": "Neck",
          "parent": "Body",
          "pivot": [
            0,
            25,
            0
          ],
          "cubes": [
            {
              "origin": [
                -2.75,
                25.25,
                -2.75
              ],
              "size": [
                5.5,
                7.5,
                5.5
              ],
              "uv": [
                8,
                106
              ]
            }
          ]
        },
        {
          "name": "Neck2",
          "parent": "Neck",
          "pivot": [
            0,
            32,
            -1
          ],
          "rotation": [
            25,
            0,
            0
          ],
          "cubes": [
            {
              "origin": [
                -3,
                31.43584,
                -3.45524
              ],
              "size": [
                6,
                7,
                6
              ],
              "uv": [
                2,
                115
              ]
            }
          ]
        },
        {
          "name": "Head",
          "parent": "Neck2",
          "pivot": [
            0,
            37,
            -1
          ],
          "rotation": [
            -2.5,
            0,
            0
          ],
          "cubes": [
            {
              "origin": [
                -4,
                37,
                -5
              ],
              "size": [
                8,
                8.5,
                8
              ],
              "pivot": [
                0,
                37,
                -1
              ],
              "rotation": [
                -22.5,
                0,
                0
              ],
              "uv": [
                0,
                89
              ]
            },
            {
              "origin": [
                -4.25,
                41.25,
                -5.25
              ],
              "size": [
                8.5,
                4.5,
                8.5
              ],
              "pivot": [
                0,
                37,
                -1
              ],
              "rotation": [
                -22.5,
                0,
                0
              ],
              "uv": [
                100,
                73
              ]
            }
          ]
        },
        {
          "name": "Mouth",
          "parent": "Head",
          "pivot": [
            0,
            40,
            -4
          ],
          "rotation": [
            -25,
            0,
            0
          ],
          "cubes": [
            {
              "origin": [
                -5,
                36.54893,
                -4.31322
              ],
              "size": [
                10,
                6,
                0
              ],
              "uv": [
                20,
                76
              ]
            }
          ]
        },
        {
          "name": "mask",
          "parent": "Head",
          "pivot": [
            0,
            42.67209,
            -2.87575
          ],
          "rotation": [
            -22.5,
            0,
            0
          ],
          "cubes": [
            {
              "origin": [
                -6,
                40.92209,
                -3.62575
              ],
              "size": [
                12,
                7,
                2
              ],
              "uv": [
                228,
                200
              ]
            },
            {
              "origin": [
                -4.5,
                41.42209,
                -6.37575
              ],
              "size": [
                4,
                4,
                3
              ],
              "uv": [
                227,
                215
              ]
            },
            {
              "origin": [
                0.5,
                41.42209,
                -6.37575
              ],
              "size": [
                4,
                4,
                3
              ],
              "uv": [
                227,
                241
              ]
            }
          ]
        },
        {
          "name": "rocket",
          "parent": "Body",
          "pivot": [
            0,
            35.61551,
            7.92191
          ],
          "rotation": [
            90,
            -67.5,
            -90
          ],
          "cubes": [
            {
              "origin": [
                11.9,
                35,
                6
              ],
              "size": [
                4,
                15,
                4
              ],
              "inflate": 1,
              "uv": [
                0,
                237
              ],
              "mirror": true
            },
            {
              "origin": [
                11.9,
                51,
                6
              ],
              "size": [
                4,
                3,
                4
              ],
              "inflate": 1.4,
              "uv": [
                20,
                249
              ],
              "mirror": true
            },
            {
              "origin": [
                11.9,
                21.75,
                6
              ],
              "size": [
                4,
                3,
                4
              ],
              "inflate": 1,
              "uv": [
                39,
                249
              ],
              "mirror": true
            },
            {
              "origin": [
                11.9,
                25,
                6
              ],
              "size": [
                4,
                3,
                4
              ],
              "inflate": 1.3,
              "uv": [
                53,
                246
              ],
              "mirror": true
            },
            {
              "origin": [
                11.9,
                27,
                6
              ],
              "size": [
                4,
                15,
                4
              ],
              "inflate": 0.7,
              "uv": [
                0,
                237
              ],
              "mirror": true
            },
            {
              "origin": [
                11,
                40,
                7
              ],
              "size": [
                1,
                7,
                2
              ],
              "uv": [
                0,
                209
              ],
              "mirror": true
            }
          ],
          "locators": {
            "thrust2": {
              "offset": [
                14,
                23,
                8
              ],
              "rotation": [
                180,
                0,
                0
              ]
            }
          }
        },
        {
          "name": "right_claw",
          "parent": "Body",
          "pivot": [
            -10,
            35,
            14
          ],
          "rotation": [
            0,
            7.5,
            0
          ],
          "cubes": [
            {
              "origin": [
                -22,
                32,
                12.5
              ],
              "size": [
                12,
                2,
                2
              ],
              "pivot": [
                -10,
                35,
                14
              ],
              "rotation": [
                0,
                10,
                0
              ],
              "uv": [
                228,
                130
              ],
              "mirror": true
            },
            {
              "origin": [
                -32.18927,
                32.5,
                15.72509
              ],
              "size": [
                11,
                1,
                1
              ],
              "pivot": [
                -19.82856,
                33,
                15.20962
              ],
              "rotation": [
                0,
                -25,
                0
              ],
              "uv": [
                225,
                140
              ],
              "mirror": true
            }
          ]
        },
        {
          "name": "right_claw2",
          "parent": "right_claw",
          "pivot": [
            -31,
            33,
            11.25
          ],
          "rotation": [
            0,
            -5,
            0
          ],
          "cubes": [
            {
              "origin": [
                -32,
                33,
                -4.75
              ],
              "size": [
                3,
                0,
                17
              ],
              "pivot": [
                -31,
                33,
                11.25
              ],
              "rotation": [
                0,
                2.5,
                0
              ],
              "uv": [
                233,
                164
              ],
              "mirror": true
            }
          ]
        },
        {
          "name": "saw",
          "parent": "Body",
          "pivot": [
            0,
            26,
            -2
          ],
          "cubes": [
            {
              "origin": [
                -29.07905,
                23.62,
                -31.07905
              ],
              "size": [
                58.1581,
                0,
                58.1581
              ],
              "uv": {
                "north": {
                  "uv": [
                    158,
                    49
                  ],
                  "uv_size": [
                    49,
                    0
                  ]
                },
                "east": {
                  "uv": [
                    109,
                    49
                  ],
                  "uv_size": [
                    49,
                    0
                  ]
                },
                "south": {
                  "uv": [
                    256,
                    49
                  ],
                  "uv_size": [
                    49,
                    0
                  ]
                },
                "west": {
                  "uv": [
                    207,
                    49
                  ],
                  "uv_size": [
                    49,
                    0
                  ]
                },
                "up": {
                  "uv": [
                    158,
                    0
                  ],
                  "uv_size": [
                    49,
                    49
                  ]
                },
                "down": {
                  "uv": [
                    207,
                    49
                  ],
                  "uv_size": [
                    49,
                    -49
                  ]
                }
              }
            }
          ]
        },
        {
          "name": "left_claw",
          "parent": "Body",
          "pivot": [
            10,
            35,
            14
          ],
          "rotation": [
            0,
            -7.5,
            0
          ],
          "cubes": [
            {
              "origin": [
                10,
                32,
                12.5
              ],
              "size": [
                12,
                2,
                2
              ],
              "pivot": [
                10,
                35,
                14
              ],
              "rotation": [
                0,
                -10,
                0
              ],
              "uv": [
                228,
                130
              ]
            },
            {
              "origin": [
                21.18927,
                32.5,
                15.72509
              ],
              "size": [
                11,
                1,
                1
              ],
              "pivot": [
                19.82856,
                33,
                15.20962
              ],
              "rotation": [
                0,
                25,
                0
              ],
              "uv": [
                225,
                140
              ]
            }
          ]
        },
        {
          "name": "left_claw2",
          "parent": "left_claw",
          "pivot": [
            31,
            33,
            11.25
          ],
          "rotation": [
            0,
            5,
            0
          ],
          "cubes": [
            {
              "origin": [
                29,
                33,
                -4.75
              ],
              "size": [
                3,
                0,
                17
              ],
              "pivot": [
                31,
                33,
                11.25
              ],
              "rotation": [
                0,
                -2.5,
                0
              ],
              "uv": [
                233,
                164
              ]
            }
          ]
        }
      ]
    }
  ]
}