{
  "format_version": "1.12.0",
  "minecraft:geometry": [
    {
      "description": {
        "identifier": "geometry.lv_sp_morph",
        "texture_width": 64,
        "texture_height": 64,
        "visible_bounds_width": 2,
        "visible_bounds_height": 3.5,
        "visible_bounds_offset": [
          0,
          1.25,
          0
        ]
      },
      "bones": [
        {
          "name": "Head",
          "pivot": [
            -0.5,
            24.75,
            0
          ],
          "cubes": [
            {
              "origin": [
                -4.25,
                24.75,
                -2.75
              ],
              "size": [
                8.5,
                5.5,
                4.5
              ],
              "uv": [
                24,
                23
              ]
            },
            {
              "origin": [
                -4.75,
                24.25,
                -3.25
              ],
              "size": [
                9.5,
                6.5,
                5.5
              ],
              "uv": [
                0,
                16
              ]
            },
            {
              "origin": [
                -2,
                25.55,
                -3.5
              ],
              "size": [
                4,
                4,
                2
              ],
              "uv": [
                23,
                14
              ]
            },
            {
              "origin": [
                -1.75,
                25.8,
                -3.7
              ],
              "size": [
                3.5,
                3.5,
                1.5
              ],
              "uv": [
                34,
                19
              ]
            },
            {
              "origin": [
                -1.35,
                26.2,
                -3.8
              ],
              "size": [
                2.7,
                2.7,
                1.1
              ],
              "uv": [
                20,
                0
              ]
            }
          ]
        },
        {
          "name": "Body",
          "pivot": [
            0,
            24,
            0
          ],
          "cubes": [
            {
              "origin": [
                -4,
                12,
                -2
              ],
              "size": [
                8,
                12,
                4
              ],
              "inflate": 0.1,
              "uv": [
                0,
                0
              ]
            },
            {
              "origin": [
                -3.75,
                12.20434,
                -1.70413
              ],
              "size": [
                7.5,
                11.5,
                3.5
              ],
              "uv": [
                24,
                0
              ]
            }
          ]
        },
        {
          "name": "RightArm",
          "pivot": [
            -5,
            22,
            0
          ],
          "cubes": [
            {
              "origin": [
                -7.05,
                12.5,
                -1.55
              ],
              "size": [
                3.1,
                11.1,
                3.1
              ],
              "uv": [
                41,
                43
              ],
              "mirror": true
            },
            {
              "origin": [
                -7.3,
                12.5,
                -1.75
              ],
              "size": [
                3.5,
                11.5,
                3.5
              ],
              "uv": [
                44,
                0
              ]
            }
          ]
        },
        {
          "name": "LeftArm",
          "pivot": [
            5,
            22,
            0
          ],
          "cubes": [
            {
              "origin": [
                3.8,
                12.5,
                -1.75
              ],
              "size": [
                3.5,
                11.5,
                3.5
              ],
              "uv": [
                44,
                0
              ],
              "mirror": true
            },
            {
              "origin": [
                3.95,
                12.5,
                -1.55
              ],
              "size": [
                3.1,
                11.1,
                3.1
              ],
              "uv": [
                41,
                43
              ]
            }
          ]
        },
        {
          "name": "RightLeg",
          "pivot": [
            -1.9,
            12,
            0
          ],
          "cubes": [
            {
              "origin": [
                -3.9,
                0,
                -1.75
              ],
              "size": [
                3.85,
                11.75,
                3.5
              ],
              "uv": [
                0,
                43
              ],
              "mirror": true
            },
            {
              "origin": [
                -4,
                0,
                -2
              ],
              "size": [
                4,
                12,
                4
              ],
              "uv": [
                0,
                27
              ]
            }
          ]
        },
        {
          "name": "LeftLeg",
          "pivot": [
            1.9,
            12,
            0
          ],
          "cubes": [
            {
              "origin": [
                0.05,
                0,
                -1.75
              ],
              "size": [
                3.85,
                11.75,
                3.5
              ],
              "uv": [
                0,
                43
              ]
            },
            {
              "origin": [
                0,
                0,
                -2
              ],
              "size": [
                4,
                12,
                4
              ],
              "uv": [
                0,
                27
              ],
              "mirror": true
            }
          ]
        }
      ]
    }
  ]
}