{
  "format_version": "1.12.0",
  "minecraft:geometry": [
    {
      "description": {
        "identifier": "geometry.lv_skibidi_small",
        "texture_width": 256,
        "texture_height": 256,
        "visible_bounds_width": 4,
        "visible_bounds_height": 5,
        "visible_bounds_offset": [
          0,
          1.5,
          0
        ]
      },
      "bones": [
        {
          "name": "Waist",
          "pivot": [
            0,
            0,
            0
          ]
        },
        {
          "name": "Body",
          "parent": "Waist",
          "pivot": [
            0,
            0,
            0
          ],
          "cubes": [
            {
              "origin": [
                -6,
                0,
                -6
              ],
              "size": [
                12,
                4,
                14
              ],
              "uv": [
                42,
                21
              ]
            },
            {
              "origin": [
                -5,
                4,
                -5
              ],
              "size": [
                10,
                7,
                10
              ],
              "uv": [
                34,
                75
              ]
            },
            {
              "origin": [
                -7.5,
                -5,
                -19
              ],
              "size": [
                15,
                3,
                6
              ],
              "pivot": [
                0,
                0,
                0
              ],
              "rotation": [
                -77.5,
                0,
                0
              ],
              "uv": [
                80,
                18
              ]
            },
            {
              "origin": [
                -7.5,
                -5,
                13
              ],
              "size": [
                15,
                3,
                7
              ],
              "pivot": [
                0,
                0,
                0
              ],
              "rotation": [
                77.5,
                0,
                0
              ],
              "uv": [
                71,
                39
              ]
            },
            {
              "origin": [
                -7,
                11,
                -7
              ],
              "size": [
                14,
                3,
                14
              ],
              "uv": [
                0,
                35
              ]
            },
            {
              "origin": [
                -8,
                17,
                -11
              ],
              "size": [
                16,
                2,
                5
              ],
              "uv": [
                81,
                52
              ]
            },
            {
              "origin": [
                -8,
                17,
                6
              ],
              "size": [
                16,
                2,
                5
              ],
              "uv": [
                80,
                27
              ]
            },
            {
              "origin": [
                7,
                17,
                -8
              ],
              "size": [
                3,
                2,
                16
              ],
              "uv": [
                70,
                59
              ]
            },
            {
              "origin": [
                13,
                -6.5,
                -7.5
              ],
              "size": [
                6,
                3,
                15
              ],
              "pivot": [
                0,
                -0.5,
                0
              ],
              "rotation": [
                0,
                0,
                -82.5
              ],
              "uv": [
                44,
                57
              ]
            },
            {
              "origin": [
                -5.5,
                19.25,
                8.1
              ],
              "size": [
                11,
                18.75,
                5.85
              ],
              "uv": [
                2,
                12
              ]
            },
            {
              "origin": [
                -12.5,
                30,
                6.975
              ],
              "size": [
                10,
                3,
                1
              ],
              "uv": [
                50,
                12
              ]
            },
            {
              "origin": [
                -12.5,
                38,
                7
              ],
              "size": [
                25,
                2,
                8
              ],
              "uv": [
                0,
                0
              ]
            },
            {
              "origin": [
                4.31805,
                19.00492,
                8
              ],
              "size": [
                7,
                20,
                6
              ],
              "pivot": [
                9,
                18,
                -3
              ],
              "rotation": [
                0,
                0,
                2.5
              ],
              "uv": [
                74,
                77
              ]
            },
            {
              "origin": [
                -19,
                -6.5,
                -7.5
              ],
              "size": [
                6,
                3,
                15
              ],
              "pivot": [
                0,
                -0.5,
                0
              ],
              "rotation": [
                0,
                0,
                82.5
              ],
              "uv": [
                44,
                57
              ],
              "mirror": true
            },
            {
              "origin": [
                -10,
                17,
                -8
              ],
              "size": [
                3,
                2,
                16
              ],
              "uv": [
                70,
                59
              ],
              "mirror": true
            },
            {
              "origin": [
                -11.31805,
                19.00492,
                8
              ],
              "size": [
                7,
                20,
                6
              ],
              "pivot": [
                -9,
                18,
                -3
              ],
              "rotation": [
                0,
                0,
                -2.5
              ],
              "uv": [
                74,
                77
              ],
              "mirror": true
            }
          ]
        },
        {
          "name": "bone",
          "parent": "Body",
          "pivot": [
            0,
            23,
            9
          ],
          "cubes": [
            {
              "origin": [
                5,
                19,
                -6
              ],
              "size": [
                4,
                1,
                13
              ],
              "uv": [
                87,
                90
              ]
            },
            {
              "origin": [
                -8,
                19,
                -10
              ],
              "size": [
                16,
                1,
                4
              ],
              "uv": [
                94,
                5
              ]
            },
            {
              "origin": [
                -8,
                19,
                7
              ],
              "size": [
                16,
                1,
                4
              ],
              "uv": [
                94,
                0
              ]
            },
            {
              "origin": [
                -9,
                19,
                -6
              ],
              "size": [
                4,
                1,
                13
              ],
              "uv": [
                87,
                90
              ],
              "mirror": true
            }
          ]
        },
        {
          "name": "bone2",
          "parent": "Body",
          "pivot": [
            0,
            24,
            9
          ],
          "cubes": [
            {
              "origin": [
                -9,
                18,
                6.75
              ],
              "size": [
                18,
                22,
                0
              ],
              "uv": [
                0,
                52
              ]
            }
          ]
        },
        {
          "name": "bone3",
          "parent": "Body",
          "pivot": [
            0,
            43,
            14
          ],
          "cubes": [
            {
              "origin": [
                -2,
                39,
                9
              ],
              "size": [
                4,
                3,
                4
              ],
              "uv": [
                42,
                39
              ]
            }
          ]
        },
        {
          "name": "Neck",
          "parent": "Body",
          "pivot": [
            0,
            14,
            0
          ],
          "cubes": [
            {
              "origin": [
                -2.75,
                14.25,
                -2.75
              ],
              "size": [
                5.5,
                7.5,
                5.5
              ],
              "uv": [
                58,
                98
              ]
            }
          ]
        },
        {
          "name": "Neck2",
          "parent": "Neck",
          "pivot": [
            0,
            21,
            -1
          ],
          "rotation": [
            25,
            0,
            0
          ],
          "cubes": [
            {
              "origin": [
                -3,
                20.43584,
                -3.45524
              ],
              "size": [
                6,
                7,
                6
              ],
              "uv": [
                0,
                102
              ]
            }
          ]
        },
        {
          "name": "Head",
          "parent": "Neck2",
          "pivot": [
            0,
            26,
            -1
          ],
          "rotation": [
            -2.5,
            0,
            0
          ],
          "cubes": [
            {
              "origin": [
                -4,
                26,
                -5
              ],
              "size": [
                8,
                8.5,
                8
              ],
              "pivot": [
                0,
                26,
                -1
              ],
              "rotation": [
                -22.5,
                0,
                0
              ],
              "uv": [
                26,
                92
              ]
            },
            {
              "origin": [
                -4.25,
                30.25,
                -5.25
              ],
              "size": [
                8.5,
                4.5,
                8.5
              ],
              "pivot": [
                0,
                26,
                -1
              ],
              "rotation": [
                -22.5,
                0,
                0
              ],
              "uv": [
                100,
                73
              ]
            }
          ]
        },
        {
          "name": "Mouth",
          "parent": "Head",
          "pivot": [
            0,
            29,
            -4
          ],
          "rotation": [
            -25,
            0,
            0
          ],
          "cubes": [
            {
              "origin": [
                -5,
                26.54893,
                -4.31322
              ],
              "size": [
                10,
                6,
                0
              ],
              "uv": [
                20,
                76
              ]
            }
          ]
        }
      ]
    }
  ]
}