{
  "format_version": "1.12.0",
  "minecraft:geometry": [
    {
      "description": {
        "identifier": "geometry.lv_skibidi_spider",
        "texture_width": 256,
        "texture_height": 256,
        "visible_bounds_width": 7,
        "visible_bounds_height": 6,
        "visible_bounds_offset": [
          0,
          2,
          0
        ]
      },
      "bones": [
        {
          "name": "Waist",
          "pivot": [
            0,
            0,
            0
          ]
        },
        {
          "name": "Body",
          "parent": "Waist",
          "pivot": [
            0,
            22,
            0
          ],
          "cubes": [
            {
              "origin": [
                -6,
                22,
                -6
              ],
              "size": [
                12,
                4,
                14
              ],
              "uv": [
                42,
                21
              ]
            },
            {
              "origin": [
                -5,
                26,
                -5
              ],
              "size": [
                10,
                7,
                10
              ],
              "uv": [
                34,
                75
              ]
            },
            {
              "origin": [
                -7.5,
                17,
                -19
              ],
              "size": [
                15,
                3,
                6
              ],
              "pivot": [
                0,
                22,
                0
              ],
              "rotation": [
                -77.5,
                0,
                0
              ],
              "uv": [
                80,
                18
              ]
            },
            {
              "origin": [
                -7.5,
                17,
                13
              ],
              "size": [
                15,
                3,
                7
              ],
              "pivot": [
                0,
                22,
                0
              ],
              "rotation": [
                77.5,
                0,
                0
              ],
              "uv": [
                71,
                39
              ]
            },
            {
              "origin": [
                -7,
                33,
                -7
              ],
              "size": [
                14,
                3,
                14
              ],
              "uv": [
                0,
                35
              ]
            },
            {
              "origin": [
                -8,
                39,
                -11
              ],
              "size": [
                16,
                2,
                5
              ],
              "uv": [
                81,
                52
              ]
            },
            {
              "origin": [
                -8,
                39,
                6
              ],
              "size": [
                16,
                2,
                5
              ],
              "uv": [
                80,
                27
              ]
            },
            {
              "origin": [
                7,
                39,
                -8
              ],
              "size": [
                3,
                2,
                16
              ],
              "uv": [
                70,
                59
              ]
            },
            {
              "origin": [
                13,
                15.5,
                -7.5
              ],
              "size": [
                6,
                3,
                15
              ],
              "pivot": [
                0,
                21.5,
                0
              ],
              "rotation": [
                0,
                0,
                -82.5
              ],
              "uv": [
                44,
                57
              ]
            },
            {
              "origin": [
                -5.5,
                41.25,
                8.1
              ],
              "size": [
                11,
                9.75,
                5.85
              ],
              "uv": [
                2,
                12
              ]
            },
            {
              "origin": [
                -12.5,
                50,
                7
              ],
              "size": [
                25,
                2,
                8
              ],
              "uv": [
                0,
                0
              ]
            },
            {
              "origin": [
                4.31805,
                41.00492,
                8
              ],
              "size": [
                7,
                10,
                6
              ],
              "pivot": [
                9,
                40,
                -3
              ],
              "rotation": [
                0,
                0,
                2.5
              ],
              "uv": [
                74,
                77
              ]
            },
            {
              "origin": [
                -19,
                15.5,
                -7.5
              ],
              "size": [
                6,
                3,
                15
              ],
              "pivot": [
                0,
                21.5,
                0
              ],
              "rotation": [
                0,
                0,
                82.5
              ],
              "uv": [
                44,
                57
              ],
              "mirror": true
            },
            {
              "origin": [
                -10,
                39,
                -8
              ],
              "size": [
                3,
                2,
                16
              ],
              "uv": [
                70,
                59
              ],
              "mirror": true
            },
            {
              "origin": [
                -11.31805,
                41.00492,
                8
              ],
              "size": [
                7,
                10,
                6
              ],
              "pivot": [
                -9,
                40,
                -3
              ],
              "rotation": [
                0,
                0,
                -2.5
              ],
              "uv": [
                74,
                77
              ],
              "mirror": true
            }
          ]
        },
        {
          "name": "bone",
          "parent": "Body",
          "pivot": [
            0,
            45,
            9
          ],
          "cubes": [
            {
              "origin": [
                5,
                41,
                -6
              ],
              "size": [
                4,
                1,
                13
              ],
              "uv": [
                87,
                90
              ]
            },
            {
              "origin": [
                -8,
                41,
                -10
              ],
              "size": [
                16,
                1,
                4
              ],
              "uv": [
                94,
                5
              ]
            },
            {
              "origin": [
                -8,
                41,
                7
              ],
              "size": [
                16,
                1,
                4
              ],
              "uv": [
                94,
                0
              ]
            },
            {
              "origin": [
                -9,
                41,
                -6
              ],
              "size": [
                4,
                1,
                13
              ],
              "uv": [
                87,
                90
              ],
              "mirror": true
            }
          ]
        },
        {
          "name": "bone2",
          "parent": "Body",
          "pivot": [
            0,
            46,
            9
          ]
        },
        {
          "name": "bone3",
          "parent": "Body",
          "pivot": [
            0,
            54,
            14
          ],
          "cubes": [
            {
              "origin": [
                -2,
                50,
                9
              ],
              "size": [
                4,
                3,
                4
              ],
              "uv": [
                42,
                39
              ]
            }
          ]
        },
        {
          "name": "Neck",
          "parent": "Body",
          "pivot": [
            0,
            36,
            0
          ],
          "cubes": [
            {
              "origin": [
                -2.75,
                36.25,
                -2.75
              ],
              "size": [
                5.5,
                7.5,
                5.5
              ],
              "uv": [
                58,
                98
              ]
            }
          ]
        },
        {
          "name": "Neck2",
          "parent": "Neck",
          "pivot": [
            0,
            43,
            -1
          ],
          "rotation": [
            25,
            0,
            0
          ],
          "cubes": [
            {
              "origin": [
                -3,
                42.43584,
                -3.45524
              ],
              "size": [
                6,
                7,
                6
              ],
              "uv": [
                0,
                102
              ]
            }
          ]
        },
        {
          "name": "Head",
          "parent": "Neck2",
          "pivot": [
            0,
            48,
            -1
          ],
          "rotation": [
            -2.5,
            0,
            0
          ],
          "cubes": [
            {
              "origin": [
                -4,
                48,
                -5
              ],
              "size": [
                8,
                8.5,
                8
              ],
              "pivot": [
                0,
                48,
                -1
              ],
              "rotation": [
                -22.5,
                0,
                0
              ],
              "uv": [
                26,
                92
              ]
            },
            {
              "origin": [
                -4.25,
                52.25,
                -5.25
              ],
              "size": [
                8.5,
                4.5,
                8.5
              ],
              "pivot": [
                0,
                48,
                -1
              ],
              "rotation": [
                -22.5,
                0,
                0
              ],
              "uv": [
                100,
                73
              ]
            }
          ]
        },
        {
          "name": "Mouth",
          "parent": "Head",
          "pivot": [
            0,
            51,
            -4
          ],
          "rotation": [
            -25,
            0,
            0
          ],
          "cubes": [
            {
              "origin": [
                -5,
                48.54893,
                -4.31322
              ],
              "size": [
                10,
                6,
                0
              ],
              "uv": [
                20,
                76
              ]
            }
          ]
        },
        {
          "name": "gun",
          "parent": "Body",
          "pivot": [
            0,
            20,
            0
          ],
          "cubes": [
            {
              "origin": [
                -2.5,
                15,
                -5
              ],
              "size": [
                5,
                6,
                9
              ],
              "uv": [
                0,
                224
              ]
            }
          ]
        },
        {
          "name": "machine",
          "parent": "gun",
          "pivot": [
            0,
            17.5,
            -4.5
          ],
          "cubes": [
            {
              "origin": [
                -1.5,
                16,
                -14
              ],
              "size": [
                3,
                3,
                9
              ],
              "uv": [
                0,
                244
              ]
            }
          ],
          "locators": {
            "spark": [
              0,
              17.5,
              -13.5
            ]
          }
        },
        {
          "name": "right_leg",
          "parent": "Waist",
          "pivot": [
            -4.5,
            26.25,
            -4
          ],
          "cubes": [
            {
              "origin": [
                -38,
                27,
                -4.25
              ],
              "size": [
                34,
                1,
                1
              ],
              "pivot": [
                -7,
                28,
                -4
              ],
              "rotation": [
                -14.89149,
                -9.29798,
                26.21777
              ],
              "uv": [
                0,
                159
              ],
              "mirror": true
            },
            {
              "origin": [
                -39.25,
                26.5,
                -4.75
              ],
              "size": [
                2,
                2,
                2
              ],
              "pivot": [
                -7,
                28,
                -4
              ],
              "rotation": [
                -14.89149,
                -9.29798,
                26.21777
              ],
              "uv": [
                0,
                172
              ],
              "mirror": true
            }
          ]
        },
        {
          "name": "right_leg2",
          "parent": "right_leg",
          "pivot": [
            -35,
            41.25,
            -9
          ],
          "cubes": [
            {
              "origin": [
                -68,
                41,
                -9.25
              ],
              "size": [
                32,
                1,
                1
              ],
              "pivot": [
                -35,
                41.5,
                -9
              ],
              "rotation": [
                12.02501,
                -12.80911,
                -76.3547
              ],
              "uv": [
                0,
                159
              ],
              "mirror": true
            },
            {
              "origin": [
                -69,
                40.5,
                -9.75
              ],
              "size": [
                3,
                2,
                2
              ],
              "pivot": [
                -35,
                41.5,
                -9
              ],
              "rotation": [
                12.02501,
                -12.80911,
                -76.3547
              ],
              "uv": [
                0,
                207
              ],
              "mirror": true
            },
            {
              "origin": [
                -47.97925,
                10.18851,
                -18.37009
              ],
              "size": [
                4,
                0,
                2
              ],
              "pivot": [
                -43.47925,
                10.93851,
                -16.17009
              ],
              "rotation": [
                -45.47499,
                -12.80911,
                -76.3547
              ],
              "uv": [
                -2,
                188
              ],
              "mirror": true
            },
            {
              "origin": [
                -47.97925,
                10.18851,
                -19.87009
              ],
              "size": [
                4,
                0,
                2
              ],
              "pivot": [
                -43.47925,
                10.93851,
                -16.17009
              ],
              "rotation": [
                58.70619,
                -16.80293,
                -82.92275
              ],
              "uv": [
                -2,
                188
              ],
              "mirror": true
            },
            {
              "origin": [
                -47.97925,
                11.93851,
                -19.12009
              ],
              "size": [
                4,
                0,
                2
              ],
              "pivot": [
                -43.47925,
                10.93851,
                -16.17009
              ],
              "rotation": [
                -171.94183,
                -4.73622,
                -79.77868
              ],
              "uv": [
                -2,
                188
              ],
              "mirror": true
            }
          ]
        },
        {
          "name": "right_leg3",
          "parent": "right_leg2",
          "pivot": [
            -42.74091,
            9.3192,
            -16.40549
          ],
          "cubes": [
            {
              "origin": [
                -50.72981,
                7.07012,
                -16.88205
              ],
              "size": [
                10,
                1,
                1
              ],
              "pivot": [
                -43.22981,
                7.82012,
                -16.63205
              ],
              "rotation": [
                13.32207,
                -1.41777,
                -81.49371
              ],
              "uv": [
                234,
                0
              ],
              "mirror": true
            }
          ]
        },
        {
          "name": "left_leg",
          "parent": "Waist",
          "pivot": [
            4.5,
            26.25,
            -4
          ],
          "cubes": [
            {
              "origin": [
                4,
                27,
                -4.25
              ],
              "size": [
                34,
                1,
                1
              ],
              "pivot": [
                7,
                28,
                -4
              ],
              "rotation": [
                -14.89149,
                9.29798,
                -26.21777
              ],
              "uv": [
                0,
                159
              ]
            },
            {
              "origin": [
                37.25,
                26.5,
                -4.75
              ],
              "size": [
                2,
                2,
                2
              ],
              "pivot": [
                7,
                28,
                -4
              ],
              "rotation": [
                -14.89149,
                9.29798,
                -26.21777
              ],
              "uv": [
                0,
                172
              ]
            }
          ]
        },
        {
          "name": "left_leg2",
          "parent": "left_leg",
          "pivot": [
            35,
            41.25,
            -9
          ],
          "cubes": [
            {
              "origin": [
                36,
                41,
                -9.25
              ],
              "size": [
                32,
                1,
                1
              ],
              "pivot": [
                35,
                41.5,
                -9
              ],
              "rotation": [
                12.02501,
                12.80911,
                76.3547
              ],
              "uv": [
                0,
                159
              ]
            },
            {
              "origin": [
                66,
                40.5,
                -9.75
              ],
              "size": [
                3,
                2,
                2
              ],
              "pivot": [
                35,
                41.5,
                -9
              ],
              "rotation": [
                12.02501,
                12.80911,
                76.3547
              ],
              "uv": [
                0,
                207
              ]
            },
            {
              "origin": [
                43.97925,
                10.18851,
                -18.37009
              ],
              "size": [
                4,
                0,
                2
              ],
              "pivot": [
                43.47925,
                10.93851,
                -16.17009
              ],
              "rotation": [
                -45.47499,
                12.80911,
                76.3547
              ],
              "uv": [
                -2,
                188
              ]
            },
            {
              "origin": [
                43.97925,
                10.18851,
                -19.87009
              ],
              "size": [
                4,
                0,
                2
              ],
              "pivot": [
                43.47925,
                10.93851,
                -16.17009
              ],
              "rotation": [
                58.70619,
                16.80293,
                82.92275
              ],
              "uv": [
                -2,
                188
              ]
            },
            {
              "origin": [
                43.97925,
                11.93851,
                -19.12009
              ],
              "size": [
                4,
                0,
                2
              ],
              "pivot": [
                43.47925,
                10.93851,
                -16.17009
              ],
              "rotation": [
                -171.94183,
                4.73622,
                79.77868
              ],
              "uv": [
                -2,
                188
              ]
            }
          ]
        },
        {
          "name": "left_leg3",
          "parent": "left_leg2",
          "pivot": [
            42.74091,
            9.3192,
            -16.40549
          ],
          "cubes": [
            {
              "origin": [
                40.72981,
                7.07012,
                -16.88205
              ],
              "size": [
                10,
                1,
                1
              ],
              "pivot": [
                43.22981,
                7.82012,
                -16.63205
              ],
              "rotation": [
                13.32207,
                1.41777,
                81.49371
              ],
              "uv": [
                234,
                0
              ]
            }
          ]
        },
        {
          "name": "hind_leg",
          "parent": "Waist",
          "pivot": [
            0.25,
            26.25,
            4.25
          ],
          "rotation": [
            0,
            -90,
            0
          ],
          "cubes": [
            {
              "origin": [
                -0.5,
                27,
                4
              ],
              "size": [
                34,
                1,
                1
              ],
              "pivot": [
                2.5,
                28,
                4.25
              ],
              "rotation": [
                0,
                0,
                -27.5
              ],
              "uv": [
                0,
                159
              ]
            },
            {
              "origin": [
                32.75,
                26.5,
                3.5
              ],
              "size": [
                2,
                2,
                2
              ],
              "pivot": [
                2.5,
                28,
                4.25
              ],
              "rotation": [
                0,
                0,
                -27.5
              ],
              "uv": [
                0,
                172
              ]
            }
          ]
        },
        {
          "name": "hind_leg2",
          "parent": "hind_leg",
          "pivot": [
            30.5,
            42.25,
            4.25
          ],
          "cubes": [
            {
              "origin": [
                31.5,
                42,
                4
              ],
              "size": [
                32,
                1,
                1
              ],
              "pivot": [
                30.5,
                42.5,
                4.25
              ],
              "rotation": [
                0,
                0,
                73.77007
              ],
              "uv": [
                0,
                159
              ]
            },
            {
              "origin": [
                36.67607,
                9.76844,
                3.5076
              ],
              "size": [
                3,
                2,
                2
              ],
              "pivot": [
                39.43673,
                10.67027,
                4.56053
              ],
              "rotation": [
                2.92701,
                0.65044,
                76.69972
              ],
              "uv": [
                0,
                207
              ]
            },
            {
              "origin": [
                38.67607,
                10.52129,
                1.36905
              ],
              "size": [
                4,
                0,
                2
              ],
              "pivot": [
                39.43673,
                10.67027,
                4.56053
              ],
              "rotation": [
                -42.69535,
                4.33072,
                73.31133
              ],
              "uv": [
                -2,
                188
              ]
            },
            {
              "origin": [
                38.58226,
                10.75816,
                1.4905
              ],
              "size": [
                4,
                0,
                2
              ],
              "pivot": [
                39.43673,
                10.67027,
                4.56053
              ],
              "rotation": [
                60.23879,
                4.39364,
                83.2063
              ],
              "uv": [
                -2,
                188
              ]
            },
            {
              "origin": [
                38.58624,
                10.61832,
                1.55497
              ],
              "size": [
                4,
                0,
                2
              ],
              "pivot": [
                39.43673,
                10.67027,
                4.56053
              ],
              "rotation": [
                -169.72136,
                -7.56587,
                79.72353
              ],
              "uv": [
                -2,
                188
              ]
            }
          ]
        },
        {
          "name": "hind_leg3",
          "parent": "hind_leg2",
          "pivot": [
            39.49091,
            10.3192,
            4.44451
          ],
          "cubes": [
            {
              "origin": [
                37.47981,
                8.07012,
                3.96795
              ],
              "size": [
                10,
                1,
                1
              ],
              "pivot": [
                39.97981,
                8.82012,
                4.21795
              ],
              "rotation": [
                0,
                0,
                81.49371
              ],
              "uv": [
                234,
                0
              ]
            }
          ]
        }
      ]
    }
  ]
}