{
  "format_version": "1.12.0",
  "minecraft:geometry": [
    {
      "description": {
        "identifier": "geometry.lv_skibidi_soldier_2",
        "texture_width": 256,
        "texture_height": 256,
        "visible_bounds_width": 4,
        "visible_bounds_height": 5,
        "visible_bounds_offset": [
          0,
          1.5,
          0
        ]
      },
      "bones": [
        {
          "name": "Waist",
          "pivot": [
            0,
            0,
            0
          ]
        },
        {
          "name": "Body",
          "parent": "Waist",
          "pivot": [
            0,
            0,
            0
          ],
          "cubes": [
            {
              "origin": [
                -6,
                0,
                -6
              ],
              "size": [
                12,
                4,
                12
              ],
              "uv": [
                40,
                78
              ]
            },
            {
              "origin": [
                -5,
                4,
                -5
              ],
              "size": [
                10,
                7,
                10
              ],
              "uv": [
                106,
                105
              ]
            },
            {
              "origin": [
                -7.5,
                -5,
                -24
              ],
              "size": [
                15,
                3,
                11
              ],
              "pivot": [
                0,
                0,
                0
              ],
              "rotation": [
                -77.5,
                0,
                0
              ],
              "uv": [
                0,
                76
              ]
            },
            {
              "origin": [
                -7.5,
                -5,
                13
              ],
              "size": [
                15,
                3,
                11
              ],
              "pivot": [
                0,
                0,
                0
              ],
              "rotation": [
                77.5,
                0,
                0
              ],
              "uv": [
                70,
                28
              ]
            },
            {
              "origin": [
                -7,
                11,
                -7
              ],
              "size": [
                14,
                3,
                14
              ],
              "uv": [
                0,
                35
              ]
            },
            {
              "origin": [
                -8,
                21,
                -11
              ],
              "size": [
                16,
                2,
                5
              ],
              "uv": [
                108,
                42
              ]
            },
            {
              "origin": [
                -8,
                21,
                6
              ],
              "size": [
                16,
                2,
                5
              ],
              "uv": [
                91,
                18
              ]
            },
            {
              "origin": [
                7,
                21,
                -8
              ],
              "size": [
                5,
                2,
                16
              ],
              "uv": [
                40,
                94
              ]
            },
            {
              "origin": [
                -12,
                21,
                -8
              ],
              "size": [
                5,
                2,
                16
              ],
              "uv": [
                91,
                0
              ]
            },
            {
              "origin": [
                13,
                -6,
                -7.5
              ],
              "size": [
                11,
                3,
                15
              ],
              "pivot": [
                0,
                0,
                0
              ],
              "rotation": [
                0,
                0,
                -77.5
              ],
              "uv": [
                54,
                10
              ]
            },
            {
              "origin": [
                -24,
                -6,
                -7.5
              ],
              "size": [
                11,
                3,
                15
              ],
              "pivot": [
                0,
                0,
                0
              ],
              "rotation": [
                0,
                0,
                77.5
              ],
              "uv": [
                54,
                10
              ]
            },
            {
              "origin": [
                -10.5,
                22,
                11
              ],
              "size": [
                21,
                19,
                6
              ],
              "uv": [
                0,
                10
              ]
            },
            {
              "origin": [
                -17.5,
                41,
                10
              ],
              "size": [
                35,
                2,
                8
              ],
              "uv": [
                0,
                0
              ]
            },
            {
              "origin": [
                3.5,
                23,
                11
              ],
              "size": [
                8,
                20,
                6
              ],
              "pivot": [
                0,
                0,
                0
              ],
              "rotation": [
                0,
                0,
                7.5
              ],
              "uv": [
                0,
                111
              ]
            },
            {
              "origin": [
                -11.5,
                23,
                11
              ],
              "size": [
                7,
                20,
                6
              ],
              "pivot": [
                0,
                0,
                0
              ],
              "rotation": [
                0,
                0,
                -7.5
              ],
              "uv": [
                28,
                112
              ]
            },
            {
              "origin": [
                -11.5,
                23,
                11
              ],
              "size": [
                7,
                20,
                6
              ],
              "pivot": [
                0,
                0,
                0
              ],
              "rotation": [
                0,
                0,
                -7.5
              ],
              "uv": [
                28,
                112
              ]
            }
          ]
        },
        {
          "name": "bone",
          "parent": "Body",
          "pivot": [
            0,
            23,
            9
          ],
          "cubes": [
            {
              "origin": [
                -12,
                23,
                -8
              ],
              "size": [
                4,
                1,
                16
              ],
              "uv": [
                66,
                100
              ]
            },
            {
              "origin": [
                8,
                23,
                -8
              ],
              "size": [
                4,
                1,
                16
              ],
              "uv": [
                97,
                88
              ]
            },
            {
              "origin": [
                -8,
                23,
                -11
              ],
              "size": [
                16,
                1,
                4
              ],
              "uv": [
                108,
                54
              ]
            },
            {
              "origin": [
                -8,
                23,
                7
              ],
              "size": [
                16,
                1,
                4
              ],
              "uv": [
                108,
                49
              ]
            }
          ]
        },
        {
          "name": "bone2",
          "parent": "Body",
          "pivot": [
            0,
            24,
            9
          ],
          "cubes": [
            {
              "origin": [
                -9,
                24,
                8
              ],
              "size": [
                18,
                22,
                0
              ],
              "uv": [
                98,
                66
              ]
            }
          ]
        },
        {
          "name": "bone3",
          "parent": "Body",
          "pivot": [
            0,
            43,
            14
          ],
          "cubes": [
            {
              "origin": [
                -1,
                42,
                13
              ],
              "size": [
                2,
                2,
                2
              ],
              "uv": [
                34,
                12
              ]
            }
          ]
        },
        {
          "name": "Neck",
          "parent": "Body",
          "pivot": [
            0,
            14,
            0
          ],
          "cubes": [
            {
              "origin": [
                -3,
                14,
                -3
              ],
              "size": [
                6,
                10,
                6
              ],
              "uv": [
                117,
                0
              ]
            }
          ]
        },
        {
          "name": "Neck2",
          "parent": "Neck",
          "pivot": [
            0,
            24,
            0
          ],
          "rotation": [
            25,
            0,
            0
          ],
          "cubes": [
            {
              "origin": [
                -3,
                23,
                -3
              ],
              "size": [
                6,
                11,
                6
              ],
              "uv": [
                54,
                117
              ]
            }
          ]
        },
        {
          "name": "Head",
          "parent": "Neck2",
          "pivot": [
            0,
            32,
            0
          ],
          "cubes": [
            {
              "origin": [
                -5,
                32,
                -5
              ],
              "size": [
                10,
                11,
                10
              ],
              "pivot": [
                0,
                32,
                0
              ],
              "rotation": [
                -22.5,
                0,
                0
              ],
              "uv": [
                0,
                90
              ]
            }
          ]
        },
        {
          "name": "Mouth",
          "parent": "Head",
          "pivot": [
            0,
            32,
            0
          ],
          "rotation": [
            -25,
            0,
            0
          ],
          "cubes": [
            {
              "origin": [
                -7,
                31,
                -5.3
              ],
              "size": [
                14,
                6,
                0
              ],
              "uv": [
                30,
                60
              ]
            }
          ]
        }
      ]
    }
  ]
}