{
  "format_version": "1.12.0",
  "minecraft:geometry": [
    {
      "description": {
        "identifier": "geometry.lv_skibidi_jesus",
        "texture_width": 256,
        "texture_height": 256,
        "visible_bounds_width": 4,
        "visible_bounds_height": 6,
        "visible_bounds_offset": [
          0,
          2,
          0
        ]
      },
      "bones": [
        {
          "name": "Waist",
          "pivot": [
            0,
            0,
            0
          ]
        },
        {
          "name": "Body",
          "parent": "Waist",
          "pivot": [
            0,
            17,
            4
          ],
          "cubes": [
            {
              "origin": [
                -6,
                17,
                -13
              ],
              "size": [
                12,
                4,
                23
              ],
              "uv": [
                42,
                38
              ]
            },
            {
              "origin": [
                -5,
                21,
                -6
              ],
              "size": [
                10,
                7,
                10
              ],
              "uv": [
                30,
                152
              ]
            },
            {
              "origin": [
                -5,
                17,
                4
              ],
              "size": [
                10,
                23,
                10
              ],
              "uv": [
                91,
                98
              ]
            },
            {
              "origin": [
                -7.5,
                6,
                -21
              ],
              "size": [
                15,
                3,
                11
              ],
              "pivot": [
                0,
                17,
                4
              ],
              "rotation": [
                -77.5,
                0,
                0
              ],
              "uv": [
                127,
                87
              ]
            },
            {
              "origin": [
                -7.5,
                17,
                15
              ],
              "size": [
                15,
                3,
                11
              ],
              "pivot": [
                0,
                17,
                4
              ],
              "rotation": [
                77.5,
                0,
                0
              ],
              "uv": [
                116,
                73
              ]
            },
            {
              "origin": [
                -7,
                28,
                -9
              ],
              "size": [
                14,
                3,
                15
              ],
              "uv": [
                33,
                94
              ]
            },
            {
              "origin": [
                -8,
                38,
                -14
              ],
              "size": [
                16,
                2,
                5
              ],
              "uv": [
                155,
                122
              ]
            },
            {
              "origin": [
                -8,
                38,
                5
              ],
              "size": [
                16,
                2,
                5
              ],
              "uv": [
                153,
                56
              ]
            },
            {
              "origin": [
                7,
                38,
                -9
              ],
              "size": [
                5,
                2,
                16
              ],
              "uv": [
                40,
                134
              ]
            },
            {
              "origin": [
                -12,
                38,
                -10
              ],
              "size": [
                5,
                2,
                16
              ],
              "uv": [
                82,
                131
              ]
            },
            {
              "origin": [
                13,
                11,
                -8.5
              ],
              "size": [
                11,
                3,
                15
              ],
              "pivot": [
                0,
                17,
                4
              ],
              "rotation": [
                0,
                0,
                -77.5
              ],
              "uv": [
                116,
                55
              ]
            },
            {
              "origin": [
                -24,
                11,
                -9.5
              ],
              "size": [
                11,
                3,
                15
              ],
              "pivot": [
                0,
                17,
                4
              ],
              "rotation": [
                0,
                0,
                77.5
              ],
              "uv": [
                46,
                116
              ]
            },
            {
              "origin": [
                -10.5,
                39,
                11
              ],
              "size": [
                21,
                16,
                6
              ],
              "uv": [
                89,
                33
              ]
            },
            {
              "origin": [
                -9.5,
                39,
                17
              ],
              "size": [
                19,
                29,
                5
              ],
              "uv": [
                0,
                75
              ]
            },
            {
              "origin": [
                -8.5,
                60,
                16
              ],
              "size": [
                17,
                7,
                5
              ],
              "uv": [
                77,
                149
              ]
            },
            {
              "origin": [
                -12.5,
                46,
                12
              ],
              "size": [
                2,
                8,
                1
              ],
              "uv": [
                42,
                42
              ]
            },
            {
              "origin": [
                10.5,
                46,
                12
              ],
              "size": [
                2,
                8,
                1
              ],
              "uv": [
                24,
                38
              ]
            },
            {
              "origin": [
                -8.5,
                55,
                11
              ],
              "size": [
                17,
                3,
                6
              ],
              "uv": [
                153,
                47
              ]
            },
            {
              "origin": [
                -8,
                31,
                -10
              ],
              "size": [
                16,
                14,
                2
              ],
              "pivot": [
                0,
                17,
                4
              ],
              "rotation": [
                12.5,
                0,
                0
              ],
              "uv": [
                70,
                161
              ]
            },
            {
              "origin": [
                -6,
                9,
                -14
              ],
              "size": [
                12,
                4,
                2
              ],
              "pivot": [
                0,
                17,
                4
              ],
              "rotation": [
                -25,
                0,
                0
              ],
              "uv": [
                0,
                55
              ]
            }
          ]
        },
        {
          "name": "bone",
          "parent": "Body",
          "pivot": [
            0,
            40,
            7
          ],
          "cubes": [
            {
              "origin": [
                -12,
                40,
                -10
              ],
              "size": [
                4,
                1,
                16
              ],
              "uv": [
                132,
                147
              ]
            },
            {
              "origin": [
                8,
                40,
                -10
              ],
              "size": [
                4,
                1,
                16
              ],
              "uv": [
                108,
                146
              ]
            },
            {
              "origin": [
                -8,
                40,
                -13
              ],
              "size": [
                16,
                1,
                4
              ],
              "uv": [
                89,
                55
              ]
            },
            {
              "origin": [
                -8,
                40,
                5
              ],
              "size": [
                16,
                1,
                4
              ],
              "uv": [
                79,
                0
              ]
            }
          ]
        },
        {
          "name": "bone2",
          "parent": "Body",
          "pivot": [
            0,
            41,
            13
          ],
          "cubes": [
            {
              "origin": [
                -9,
                40,
                9
              ],
              "size": [
                18,
                2,
                2
              ],
              "uv": [
                90,
                65
              ]
            }
          ]
        },
        {
          "name": "bone3",
          "parent": "Body",
          "pivot": [
            0,
            64,
            14
          ],
          "cubes": [
            {
              "origin": [
                -1,
                67,
                18
              ],
              "size": [
                2,
                2,
                2
              ],
              "uv": [
                0,
                0
              ]
            }
          ]
        },
        {
          "name": "Neck",
          "parent": "Body",
          "pivot": [
            0,
            31,
            -1
          ],
          "cubes": [
            {
              "origin": [
                -3,
                31,
                -4
              ],
              "size": [
                6,
                10,
                6
              ],
              "uv": [
                154,
                164
              ]
            }
          ]
        },
        {
          "name": "Neck2",
          "parent": "Neck",
          "pivot": [
            0,
            41,
            -1
          ],
          "rotation": [
            25,
            0,
            0
          ],
          "cubes": [
            {
              "origin": [
                -3,
                40,
                -4
              ],
              "size": [
                6,
                11,
                6
              ],
              "uv": [
                130,
                164
              ]
            }
          ]
        },
        {
          "name": "Head",
          "parent": "Neck2",
          "pivot": [
            0,
            49,
            -1
          ],
          "cubes": [
            {
              "origin": [
                -5,
                49,
                -6
              ],
              "size": [
                10,
                11,
                10
              ],
              "pivot": [
                0,
                49,
                -1
              ],
              "rotation": [
                -22.5,
                0,
                0
              ],
              "uv": [
                131,
                101
              ]
            },
            {
              "origin": [
                -5.5,
                53,
                -7
              ],
              "size": [
                11,
                4,
                10
              ],
              "pivot": [
                0,
                49,
                -1
              ],
              "rotation": [
                -22.5,
                0,
                0
              ],
              "uv": [
                135,
                0
              ]
            },
            {
              "origin": [
                -6,
                46,
                -2
              ],
              "size": [
                12,
                15,
                9
              ],
              "inflate": 0.5,
              "pivot": [
                0,
                49,
                -1
              ],
              "rotation": [
                -2.5,
                0,
                0
              ],
              "uv": [
                122,
                122
              ]
            },
            {
              "origin": [
                -6.1,
                32.9,
                -0.35
              ],
              "size": [
                12.2,
                16.2,
                8.2
              ],
              "inflate": 0.5,
              "pivot": [
                0,
                49,
                -1
              ],
              "rotation": [
                -22.5,
                0,
                0
              ],
              "uv": [
                123,
                123
              ]
            }
          ]
        },
        {
          "name": "Mouth",
          "parent": "Head",
          "pivot": [
            0,
            49,
            -1
          ],
          "rotation": [
            -25,
            0,
            0
          ],
          "cubes": [
            {
              "origin": [
                -4,
                48,
                -6.3
              ],
              "size": [
                8,
                4,
                0
              ],
              "uv": [
                42,
                38
              ]
            }
          ]
        },
        {
          "name": "Jetpack",
          "parent": "Body",
          "pivot": [
            0,
            17,
            0
          ]
        },
        {
          "name": "Leftpart",
          "parent": "Jetpack",
          "pivot": [
            0,
            17,
            5
          ],
          "cubes": [
            {
              "origin": [
                10,
                39,
                15
              ],
              "size": [
                6,
                23,
                8
              ],
              "uv": [
                143,
                16
              ]
            },
            {
              "origin": [
                9,
                42,
                14
              ],
              "size": [
                9,
                5,
                10
              ],
              "uv": [
                158,
                63
              ]
            },
            {
              "origin": [
                9,
                56,
                14
              ],
              "size": [
                8,
                2,
                10
              ],
              "uv": [
                0,
                159
              ]
            }
          ]
        },
        {
          "name": "bone6",
          "parent": "Leftpart",
          "pivot": [
            13,
            39,
            19
          ],
          "cubes": [
            {
              "origin": [
                10,
                28,
                16
              ],
              "size": [
                6,
                11,
                6
              ],
              "uv": [
                106,
                163
              ]
            }
          ]
        },
        {
          "name": "Rightpart",
          "parent": "Jetpack",
          "pivot": [
            0,
            17,
            5
          ],
          "cubes": [
            {
              "origin": [
                -17,
                39,
                15
              ],
              "size": [
                6,
                23,
                8
              ],
              "uv": [
                0,
                0
              ]
            },
            {
              "origin": [
                -19,
                42,
                14
              ],
              "size": [
                9,
                5,
                10
              ],
              "uv": [
                156,
                136
              ]
            },
            {
              "origin": [
                -18,
                56,
                14
              ],
              "size": [
                8,
                2,
                10
              ],
              "uv": [
                156,
                151
              ]
            }
          ]
        },
        {
          "name": "bone7",
          "parent": "Rightpart",
          "pivot": [
            -14,
            39,
            19
          ],
          "cubes": [
            {
              "origin": [
                -17,
                28,
                16
              ],
              "size": [
                6,
                11,
                6
              ],
              "uv": [
                0,
                38
              ]
            }
          ]
        },
        {
          "name": "Guns",
          "parent": "Body",
          "pivot": [
            0,
            17,
            0
          ]
        },
        {
          "name": "RightGun",
          "parent": "Guns",
          "pivot": [
            0,
            17,
            0
          ],
          "cubes": [
            {
              "origin": [
                -16,
                34,
                -17
              ],
              "size": [
                4,
                5,
                22
              ],
              "uv": [
                86,
                71
              ]
            },
            {
              "origin": [
                -17,
                33,
                -18
              ],
              "size": [
                6,
                7,
                30
              ],
              "uv": [
                0,
                38
              ]
            }
          ]
        },
        {
          "name": "RightGun3",
          "parent": "Guns",
          "pivot": [
            4,
            5,
            0
          ],
          "cubes": [
            {
              "origin": [
                -14,
                21,
                -11
              ],
              "size": [
                7,
                8,
                16
              ],
              "uv": [
                0,
                109
              ]
            },
            {
              "origin": [
                -15,
                20,
                -12
              ],
              "size": [
                9,
                10,
                18
              ],
              "uv": [
                54,
                65
              ]
            }
          ]
        },
        {
          "name": "Leftgun",
          "parent": "Guns",
          "pivot": [
            0,
            17,
            0
          ],
          "cubes": [
            {
              "origin": [
                12,
                34,
                -17
              ],
              "size": [
                4,
                5,
                22
              ],
              "uv": [
                75,
                6
              ]
            },
            {
              "origin": [
                11,
                33,
                -19
              ],
              "size": [
                6,
                7,
                31
              ],
              "uv": [
                0,
                0
              ]
            }
          ]
        },
        {
          "name": "Leftgun3",
          "parent": "Guns",
          "pivot": [
            -4,
            5,
            0
          ],
          "cubes": [
            {
              "origin": [
                7,
                21,
                -11
              ],
              "size": [
                7,
                8,
                16
              ],
              "uv": [
                105,
                0
              ]
            },
            {
              "origin": [
                6,
                20,
                -12
              ],
              "size": [
                9,
                10,
                18
              ],
              "uv": [
                43,
                0
              ]
            }
          ]
        },
        {
          "name": "bone4",
          "parent": "Body",
          "pivot": [
            -16,
            37,
            4
          ]
        },
        {
          "name": "bone5",
          "parent": "Body",
          "pivot": [
            16,
            37,
            4
          ]
        }
      ]
    }
  ]
}