{
  "format_version": "1.12.0",
  "minecraft:geometry": [
    {
      "description": {
        "identifier": "geometry.lv_skibidi_gydra",
        "texture_width": 128,
        "texture_height": 128,
        "visible_bounds_width": 7,
        "visible_bounds_height": 6,
        "visible_bounds_offset": [
          0,
          2,
          0
        ]
      },
      "bones": [
        {
          "name": "Waist",
          "pivot": [
            0,
            0,
            0
          ]
        },
        {
          "name": "Body",
          "parent": "Waist",
          "pivot": [
            0,
            20,
            0
          ],
          "rotation": [
            27.5,
            0,
            0
          ],
          "cubes": [
            {
              "origin": [
                -6,
                20,
                -6
              ],
              "size": [
                12,
                4,
                15
              ],
              "uv": [
                0,
                19
              ]
            },
            {
              "origin": [
                -5,
                24,
                -5
              ],
              "size": [
                10,
                7,
                13
              ],
              "uv": [
                0,
                40
              ]
            },
            {
              "origin": [
                -7.5,
                15,
                -19
              ],
              "size": [
                15,
                3,
                6
              ],
              "pivot": [
                0,
                20,
                0
              ],
              "rotation": [
                -77.5,
                0,
                0
              ],
              "uv": [
                58,
                42
              ]
            },
            {
              "origin": [
                -7.5,
                13,
                13
              ],
              "size": [
                15,
                3,
                7
              ],
              "pivot": [
                0,
                20,
                0
              ],
              "rotation": [
                77.5,
                0,
                0
              ],
              "uv": [
                44,
                0
              ]
            },
            {
              "origin": [
                -7,
                31,
                -7
              ],
              "size": [
                14,
                3,
                16
              ],
              "uv": [
                0,
                0
              ]
            },
            {
              "origin": [
                -8,
                37,
                -11
              ],
              "size": [
                16,
                2,
                5
              ],
              "uv": [
                60,
                10
              ]
            },
            {
              "origin": [
                -8,
                37,
                7
              ],
              "size": [
                16,
                2,
                5
              ],
              "uv": [
                58,
                51
              ]
            },
            {
              "origin": [
                7,
                37,
                -8
              ],
              "size": [
                3,
                2,
                17
              ],
              "uv": [
                53,
                23
              ]
            },
            {
              "origin": [
                13,
                13.5,
                -7.5
              ],
              "size": [
                6,
                3,
                16
              ],
              "pivot": [
                0,
                19.5,
                0
              ],
              "rotation": [
                0,
                0,
                -82.5
              ],
              "uv": [
                30,
                44
              ]
            },
            {
              "origin": [
                -19,
                13.5,
                -7.5
              ],
              "size": [
                6,
                3,
                16
              ],
              "pivot": [
                0,
                19.5,
                0
              ],
              "rotation": [
                0,
                0,
                82.5
              ],
              "uv": [
                30,
                44
              ],
              "mirror": true
            },
            {
              "origin": [
                -10,
                37,
                -8
              ],
              "size": [
                3,
                2,
                17
              ],
              "uv": [
                53,
                23
              ],
              "mirror": true
            }
          ]
        },
        {
          "name": "bone",
          "parent": "Body",
          "pivot": [
            0,
            43,
            9
          ],
          "cubes": [
            {
              "origin": [
                5,
                39,
                -6
              ],
              "size": [
                4,
                1,
                13
              ],
              "uv": [
                19,
                80
              ]
            },
            {
              "origin": [
                -8,
                39,
                -10
              ],
              "size": [
                16,
                1,
                4
              ],
              "uv": [
                81,
                0
              ]
            },
            {
              "origin": [
                -8,
                39,
                7
              ],
              "size": [
                16,
                1,
                4
              ],
              "uv": [
                74,
                58
              ]
            },
            {
              "origin": [
                -9,
                39,
                -6
              ],
              "size": [
                4,
                1,
                13
              ],
              "uv": [
                19,
                80
              ],
              "mirror": true
            }
          ]
        },
        {
          "name": "bone2",
          "parent": "Body",
          "pivot": [
            0,
            44,
            9
          ]
        },
        {
          "name": "bone3",
          "parent": "Body",
          "pivot": [
            0,
            52,
            14
          ]
        },
        {
          "name": "neck3",
          "parent": "Body",
          "pivot": [
            0,
            30,
            5.675
          ],
          "rotation": [
            15,
            0,
            0
          ],
          "cubes": [
            {
              "origin": [
                -2.5,
                27.34478,
                1.52888
              ],
              "size": [
                5,
                10,
                5
              ],
              "pivot": [
                0,
                33.49954,
                0.84149
              ],
              "rotation": [
                25,
                0,
                0
              ],
              "uv": [
                20,
                94
              ]
            },
            {
              "origin": [
                -2.5,
                36.34478,
                0.52888
              ],
              "size": [
                5,
                10,
                5
              ],
              "pivot": [
                0,
                33.49954,
                0.84149
              ],
              "rotation": [
                12.5,
                0,
                0
              ],
              "uv": [
                20,
                94
              ]
            }
          ]
        },
        {
          "name": "neck4",
          "parent": "neck3",
          "pivot": [
            0,
            46.55658,
            -0.01722
          ],
          "rotation": [
            -12.5,
            0,
            0
          ],
          "cubes": [
            {
              "origin": [
                -2.575,
                42.72074,
                -5.62002
              ],
              "size": [
                5,
                10,
                5
              ],
              "pivot": [
                0,
                50.87551,
                -5.30741
              ],
              "rotation": [
                35,
                0,
                0
              ],
              "uv": [
                96,
                63
              ]
            },
            {
              "origin": [
                -2.575,
                49.72074,
                -5.62002
              ],
              "size": [
                5,
                10,
                5
              ],
              "inflate": -0.1,
              "pivot": [
                0,
                50.87551,
                -5.30741
              ],
              "rotation": [
                62.5,
                0,
                0
              ],
              "uv": [
                96,
                63
              ]
            }
          ]
        },
        {
          "name": "Head",
          "parent": "neck4",
          "pivot": [
            0,
            55,
            -13
          ],
          "rotation": [
            -2.5,
            0,
            0
          ],
          "cubes": [
            {
              "origin": [
                -4,
                54.5,
                -17
              ],
              "size": [
                8,
                9,
                8
              ],
              "pivot": [
                0,
                55,
                -13
              ],
              "rotation": [
                -22.5,
                0,
                0
              ],
              "uv": [
                76,
                21
              ]
            },
            {
              "origin": [
                -4.25,
                58.75,
                -17.25
              ],
              "size": [
                8.5,
                5,
                8.5
              ],
              "pivot": [
                0,
                55,
                -13
              ],
              "rotation": [
                -22.5,
                0,
                0
              ],
              "uv": [
                72,
                80
              ]
            }
          ]
        },
        {
          "name": "Mouth",
          "parent": "Head",
          "pivot": [
            0,
            58,
            -16
          ],
          "rotation": [
            -25,
            0,
            0
          ],
          "cubes": [
            {
              "origin": [
                -5,
                54.04893,
                -16.31322
              ],
              "size": [
                10,
                7,
                0
              ],
              "uv": [
                104,
                85
              ]
            }
          ]
        },
        {
          "name": "neck2",
          "parent": "Body",
          "pivot": [
            0,
            30,
            5.675
          ],
          "rotation": [
            59.55419,
            -72.03614,
            -55.73437
          ],
          "cubes": [
            {
              "origin": [
                -2.5,
                27.34478,
                1.52888
              ],
              "size": [
                5,
                10,
                5
              ],
              "pivot": [
                0,
                33.49954,
                0.84149
              ],
              "rotation": [
                25,
                0,
                0
              ],
              "uv": [
                20,
                94
              ]
            },
            {
              "origin": [
                -2.5,
                36.34478,
                0.52888
              ],
              "size": [
                5,
                10,
                5
              ],
              "pivot": [
                0,
                33.49954,
                0.84149
              ],
              "rotation": [
                12.5,
                0,
                0
              ],
              "uv": [
                20,
                94
              ]
            }
          ]
        },
        {
          "name": "neck5",
          "parent": "neck2",
          "pivot": [
            0,
            46.55658,
            -0.01722
          ],
          "rotation": [
            29.99941,
            43.69869,
            41.9978
          ],
          "cubes": [
            {
              "origin": [
                -2.575,
                42.72074,
                -5.62002
              ],
              "size": [
                5,
                10,
                5
              ],
              "pivot": [
                0,
                50.87551,
                -5.30741
              ],
              "rotation": [
                35,
                0,
                0
              ],
              "uv": [
                96,
                63
              ]
            },
            {
              "origin": [
                -2.575,
                49.72074,
                -5.62002
              ],
              "size": [
                5,
                10,
                5
              ],
              "inflate": -0.1,
              "pivot": [
                0,
                50.87551,
                -5.30741
              ],
              "rotation": [
                62.5,
                0,
                0
              ],
              "uv": [
                96,
                63
              ]
            }
          ]
        },
        {
          "name": "Head2",
          "parent": "neck5",
          "pivot": [
            0,
            55,
            -13
          ],
          "rotation": [
            -15.4721,
            25.15599,
            -37.29488
          ],
          "cubes": [
            {
              "origin": [
                -4,
                55,
                -17
              ],
              "size": [
                8,
                8.5,
                8
              ],
              "pivot": [
                0,
                55,
                -13
              ],
              "rotation": [
                -22.5,
                0,
                0
              ],
              "uv": [
                0,
                77
              ]
            },
            {
              "origin": [
                -4.25,
                59.25,
                -17.25
              ],
              "size": [
                8.5,
                4.5,
                8.5
              ],
              "pivot": [
                0,
                55,
                -13
              ],
              "rotation": [
                -22.5,
                0,
                0
              ],
              "uv": [
                45,
                93
              ]
            }
          ]
        },
        {
          "name": "Mouth2",
          "parent": "Head2",
          "pivot": [
            0,
            58,
            -16
          ],
          "rotation": [
            -25,
            0,
            0
          ],
          "cubes": [
            {
              "origin": [
                -5,
                55.54893,
                -16.31322
              ],
              "size": [
                10,
                6,
                0
              ],
              "uv": [
                39,
                28
              ]
            }
          ]
        },
        {
          "name": "neck6",
          "parent": "Body",
          "pivot": [
            0,
            30,
            5.675
          ],
          "rotation": [
            73.84846,
            55.81932,
            71.47146
          ],
          "cubes": [
            {
              "origin": [
                -2.5,
                27.34478,
                1.52888
              ],
              "size": [
                5,
                10,
                5
              ],
              "pivot": [
                0,
                33.49954,
                0.84149
              ],
              "rotation": [
                25,
                0,
                0
              ],
              "uv": [
                20,
                94
              ],
              "mirror": true
            },
            {
              "origin": [
                -2.5,
                36.34478,
                0.52888
              ],
              "size": [
                5,
                10,
                5
              ],
              "pivot": [
                0,
                33.49954,
                0.84149
              ],
              "rotation": [
                12.5,
                0,
                0
              ],
              "uv": [
                20,
                94
              ],
              "mirror": true
            }
          ]
        },
        {
          "name": "neck7",
          "parent": "neck6",
          "pivot": [
            0,
            46.55658,
            -0.01722
          ],
          "rotation": [
            22.49941,
            -43.69869,
            -41.9978
          ],
          "cubes": [
            {
              "origin": [
                -2.425,
                42.72074,
                -5.62002
              ],
              "size": [
                5,
                10,
                5
              ],
              "pivot": [
                0,
                50.87551,
                -5.30741
              ],
              "rotation": [
                35,
                0,
                0
              ],
              "uv": [
                96,
                63
              ],
              "mirror": true
            },
            {
              "origin": [
                -2.425,
                49.72074,
                -5.62002
              ],
              "size": [
                5,
                10,
                5
              ],
              "inflate": -0.1,
              "pivot": [
                0,
                50.87551,
                -5.30741
              ],
              "rotation": [
                62.5,
                0,
                0
              ],
              "uv": [
                96,
                63
              ],
              "mirror": true
            }
          ]
        },
        {
          "name": "Head3",
          "parent": "neck7",
          "pivot": [
            0,
            55,
            -13
          ],
          "rotation": [
            -15.8135,
            -34.53551,
            23.29272
          ],
          "cubes": [
            {
              "origin": [
                -4,
                55,
                -17
              ],
              "size": [
                8,
                9,
                8
              ],
              "pivot": [
                0,
                55,
                -13
              ],
              "rotation": [
                -22.5,
                0,
                0
              ],
              "uv": [
                64,
                63
              ]
            }
          ]
        },
        {
          "name": "Mouth3",
          "parent": "Head3",
          "pivot": [
            0,
            58,
            -16
          ],
          "rotation": [
            -25,
            0,
            0
          ],
          "cubes": [
            {
              "origin": [
                -5,
                54.54893,
                -16.31322
              ],
              "size": [
                10,
                7,
                0
              ],
              "uv": [
                100,
                21
              ]
            }
          ]
        },
        {
          "name": "neck9",
          "parent": "Body",
          "pivot": [
            0,
            36,
            4.675
          ],
          "rotation": [
            -29.1507,
            -78.56488,
            27.15826
          ],
          "cubes": [
            {
              "origin": [
                -2.5,
                33.34478,
                0.52888
              ],
              "size": [
                5,
                10,
                5
              ],
              "pivot": [
                0,
                39.49954,
                -0.15851
              ],
              "rotation": [
                25,
                0,
                0
              ],
              "uv": [
                20,
                94
              ]
            },
            {
              "origin": [
                -2.5,
                42.34478,
                -0.47112
              ],
              "size": [
                5,
                10,
                5
              ],
              "pivot": [
                0,
                39.49954,
                -0.15851
              ],
              "rotation": [
                12.5,
                0,
                0
              ],
              "uv": [
                20,
                94
              ]
            }
          ]
        },
        {
          "name": "neck10",
          "parent": "neck9",
          "pivot": [
            0,
            52.55658,
            -1.01722
          ],
          "rotation": [
            0.8233,
            61.3606,
            6.09
          ],
          "cubes": [
            {
              "origin": [
                -2.575,
                48.72074,
                -6.62002
              ],
              "size": [
                5,
                10,
                5
              ],
              "pivot": [
                0,
                56.87551,
                -6.30741
              ],
              "rotation": [
                35,
                0,
                0
              ],
              "uv": [
                77,
                93
              ]
            },
            {
              "origin": [
                -2.575,
                55.72074,
                -6.62002
              ],
              "size": [
                5,
                10,
                5
              ],
              "inflate": -0.1,
              "pivot": [
                0,
                56.87551,
                -6.30741
              ],
              "rotation": [
                62.5,
                0,
                0
              ],
              "uv": [
                0,
                93
              ]
            }
          ]
        },
        {
          "name": "Head4",
          "parent": "neck10",
          "pivot": [
            0,
            60,
            -15
          ],
          "rotation": [
            17.92875,
            23.69423,
            -0.34367
          ],
          "cubes": [
            {
              "origin": [
                -4,
                60,
                -19
              ],
              "size": [
                8,
                9.5,
                8
              ],
              "pivot": [
                0,
                60,
                -15
              ],
              "rotation": [
                -22.5,
                0,
                0
              ],
              "uv": [
                32,
                63
              ]
            },
            {
              "origin": [
                -4.25,
                64.15,
                -19.25
              ],
              "size": [
                8.5,
                5.5,
                8.5
              ],
              "pivot": [
                0,
                60,
                -15
              ],
              "rotation": [
                -22.5,
                0,
                0
              ],
              "uv": [
                40,
                80
              ]
            }
          ]
        },
        {
          "name": "Mouth4",
          "parent": "Head4",
          "pivot": [
            0,
            63,
            -18
          ],
          "rotation": [
            -25,
            0,
            0
          ],
          "cubes": [
            {
              "origin": [
                -5,
                59.54893,
                -18.31322
              ],
              "size": [
                10,
                7,
                0
              ],
              "uv": [
                96,
                78
              ]
            }
          ]
        },
        {
          "name": "neck8",
          "parent": "Body",
          "pivot": [
            0,
            36,
            4.675
          ],
          "rotation": [
            41.74266,
            77.90968,
            37.32661
          ],
          "cubes": [
            {
              "origin": [
                -2.5,
                33.34478,
                0.52888
              ],
              "size": [
                5,
                10,
                4.75
              ],
              "pivot": [
                0,
                39.49954,
                -0.15851
              ],
              "rotation": [
                25,
                0,
                0
              ],
              "uv": [
                102,
                5
              ]
            },
            {
              "origin": [
                -2.5,
                42.34478,
                -0.47112
              ],
              "size": [
                5,
                10,
                4.75
              ],
              "pivot": [
                0,
                39.49954,
                -0.15851
              ],
              "rotation": [
                12.5,
                0,
                0
              ],
              "uv": [
                102,
                5
              ]
            }
          ]
        },
        {
          "name": "neck11",
          "parent": "neck8",
          "pivot": [
            0,
            52.55658,
            -1.01722
          ],
          "rotation": [
            -9.1767,
            -61.3606,
            -6.09
          ],
          "cubes": [
            {
              "origin": [
                -2.425,
                48.72074,
                -6.62002
              ],
              "size": [
                4.5,
                10,
                5
              ],
              "pivot": [
                0,
                56.87551,
                -6.30741
              ],
              "rotation": [
                35,
                0,
                0
              ],
              "uv": [
                100,
                38
              ]
            },
            {
              "origin": [
                -2.425,
                55.72074,
                -6.62002
              ],
              "size": [
                4.75,
                10,
                5
              ],
              "inflate": -0.1,
              "pivot": [
                0,
                56.87551,
                -6.30741
              ],
              "rotation": [
                62.5,
                0,
                0
              ],
              "uv": [
                97,
                93
              ]
            }
          ]
        },
        {
          "name": "Head5",
          "parent": "neck11",
          "pivot": [
            0,
            61,
            -17
          ],
          "rotation": [
            4.14007,
            -18.48926,
            11.24992
          ],
          "cubes": [
            {
              "origin": [
                -4,
                60.5,
                -21
              ],
              "size": [
                8,
                9,
                8
              ],
              "pivot": [
                0,
                61,
                -17
              ],
              "rotation": [
                -22.5,
                0,
                0
              ],
              "uv": [
                0,
                60
              ]
            },
            {
              "origin": [
                -4.25,
                65.25,
                -21.25
              ],
              "size": [
                8.5,
                4.5,
                8.5
              ],
              "pivot": [
                0,
                61,
                -17
              ],
              "rotation": [
                -22.5,
                0,
                0
              ],
              "uv": [
                45,
                93
              ]
            }
          ]
        },
        {
          "name": "Mouth5",
          "parent": "Head5",
          "pivot": [
            0,
            64,
            -20
          ],
          "rotation": [
            -25,
            0,
            0
          ],
          "cubes": [
            {
              "origin": [
                -5,
                60.54893,
                -20.31322
              ],
              "size": [
                10,
                7,
                0
              ],
              "uv": [
                39,
                21
              ]
            }
          ]
        },
        {
          "name": "right_leg",
          "parent": "Waist",
          "pivot": [
            -4.5,
            26.25,
            -4
          ],
          "cubes": [
            {
              "origin": [
                -38,
                27,
                -4.25
              ],
              "size": [
                34,
                1,
                1
              ],
              "pivot": [
                -7,
                28,
                -4
              ],
              "rotation": [
                -14.89149,
                -9.29798,
                26.21777
              ],
              "uv": [
                0,
                38
              ],
              "mirror": true
            },
            {
              "origin": [
                -39.25,
                26.5,
                -4.75
              ],
              "size": [
                2,
                2,
                2
              ],
              "pivot": [
                -7,
                28,
                -4
              ],
              "rotation": [
                -14.89149,
                -9.29798,
                26.21777
              ],
              "uv": [
                0,
                6
              ],
              "mirror": true
            }
          ]
        },
        {
          "name": "right_leg2",
          "parent": "right_leg",
          "pivot": [
            -35,
            41.25,
            -9
          ],
          "cubes": [
            {
              "origin": [
                -68,
                41,
                -9.25
              ],
              "size": [
                32,
                1,
                1
              ],
              "pivot": [
                -35,
                41.5,
                -9
              ],
              "rotation": [
                12.02501,
                -12.80911,
                -76.3547
              ],
              "uv": [
                39,
                19
              ],
              "mirror": true
            },
            {
              "origin": [
                -69,
                40.5,
                -9.75
              ],
              "size": [
                3,
                2,
                2
              ],
              "pivot": [
                -35,
                41.5,
                -9
              ],
              "rotation": [
                12.02501,
                -12.80911,
                -76.3547
              ],
              "uv": [
                0,
                2
              ],
              "mirror": true
            },
            {
              "origin": [
                -47.97925,
                10.18851,
                -18.37009
              ],
              "size": [
                4,
                0,
                2
              ],
              "pivot": [
                -43.47925,
                10.93851,
                -16.17009
              ],
              "rotation": [
                -45.47499,
                -12.80911,
                -76.3547
              ],
              "uv": [
                0,
                0
              ],
              "mirror": true
            },
            {
              "origin": [
                -47.97925,
                10.18851,
                -19.87009
              ],
              "size": [
                4,
                0,
                2
              ],
              "pivot": [
                -43.47925,
                10.93851,
                -16.17009
              ],
              "rotation": [
                58.70619,
                -16.80293,
                -82.92275
              ],
              "uv": [
                0,
                0
              ],
              "mirror": true
            },
            {
              "origin": [
                -47.97925,
                11.93851,
                -19.12009
              ],
              "size": [
                4,
                0,
                2
              ],
              "pivot": [
                -43.47925,
                10.93851,
                -16.17009
              ],
              "rotation": [
                -171.94183,
                -4.73622,
                -79.77868
              ],
              "uv": [
                0,
                0
              ],
              "mirror": true
            }
          ]
        },
        {
          "name": "right_leg3",
          "parent": "right_leg2",
          "pivot": [
            -42.74091,
            9.3192,
            -16.40549
          ],
          "cubes": [
            {
              "origin": [
                -50.72981,
                7.07012,
                -16.88205
              ],
              "size": [
                10,
                1,
                1
              ],
              "pivot": [
                -43.22981,
                7.82012,
                -16.63205
              ],
              "rotation": [
                13.32207,
                -1.41777,
                -81.49371
              ],
              "uv": [
                33,
                42
              ],
              "mirror": true
            }
          ]
        },
        {
          "name": "left_leg",
          "parent": "Waist",
          "pivot": [
            4.5,
            26.25,
            -4
          ],
          "cubes": [
            {
              "origin": [
                4,
                27,
                -4.25
              ],
              "size": [
                34,
                1,
                1
              ],
              "pivot": [
                7,
                28,
                -4
              ],
              "rotation": [
                -14.89149,
                9.29798,
                -26.21777
              ],
              "uv": [
                0,
                38
              ]
            },
            {
              "origin": [
                37.25,
                26.5,
                -4.75
              ],
              "size": [
                2,
                2,
                2
              ],
              "pivot": [
                7,
                28,
                -4
              ],
              "rotation": [
                -14.89149,
                9.29798,
                -26.21777
              ],
              "uv": [
                0,
                6
              ]
            }
          ]
        },
        {
          "name": "left_leg2",
          "parent": "left_leg",
          "pivot": [
            35,
            41.25,
            -9
          ],
          "cubes": [
            {
              "origin": [
                36,
                41,
                -9.25
              ],
              "size": [
                32,
                1,
                1
              ],
              "pivot": [
                35,
                41.5,
                -9
              ],
              "rotation": [
                12.02501,
                12.80911,
                76.3547
              ],
              "uv": [
                39,
                19
              ]
            },
            {
              "origin": [
                66,
                40.5,
                -9.75
              ],
              "size": [
                3,
                2,
                2
              ],
              "pivot": [
                35,
                41.5,
                -9
              ],
              "rotation": [
                12.02501,
                12.80911,
                76.3547
              ],
              "uv": [
                0,
                2
              ]
            },
            {
              "origin": [
                43.97925,
                10.18851,
                -18.37009
              ],
              "size": [
                4,
                0,
                2
              ],
              "pivot": [
                43.47925,
                10.93851,
                -16.17009
              ],
              "rotation": [
                -45.47499,
                12.80911,
                76.3547
              ],
              "uv": [
                0,
                0
              ]
            },
            {
              "origin": [
                43.97925,
                10.18851,
                -19.87009
              ],
              "size": [
                4,
                0,
                2
              ],
              "pivot": [
                43.47925,
                10.93851,
                -16.17009
              ],
              "rotation": [
                58.70619,
                16.80293,
                82.92275
              ],
              "uv": [
                0,
                0
              ]
            },
            {
              "origin": [
                43.97925,
                11.93851,
                -19.12009
              ],
              "size": [
                4,
                0,
                2
              ],
              "pivot": [
                43.47925,
                10.93851,
                -16.17009
              ],
              "rotation": [
                -171.94183,
                4.73622,
                79.77868
              ],
              "uv": [
                0,
                0
              ]
            }
          ]
        },
        {
          "name": "left_leg3",
          "parent": "left_leg2",
          "pivot": [
            42.74091,
            9.3192,
            -16.40549
          ],
          "cubes": [
            {
              "origin": [
                40.72981,
                7.07012,
                -16.88205
              ],
              "size": [
                10,
                1,
                1
              ],
              "pivot": [
                43.22981,
                7.82012,
                -16.63205
              ],
              "rotation": [
                13.32207,
                1.41777,
                81.49371
              ],
              "uv": [
                33,
                42
              ]
            }
          ]
        },
        {
          "name": "hind_leg",
          "parent": "Waist",
          "pivot": [
            0.25,
            26.25,
            4.25
          ],
          "rotation": [
            0,
            -90,
            0
          ],
          "cubes": [
            {
              "origin": [
                -0.5,
                27,
                4
              ],
              "size": [
                34,
                1,
                1
              ],
              "pivot": [
                2.5,
                28,
                4.25
              ],
              "rotation": [
                0,
                0,
                -27.5
              ],
              "uv": [
                0,
                38
              ]
            },
            {
              "origin": [
                32.75,
                26.5,
                3.5
              ],
              "size": [
                2,
                2,
                2
              ],
              "pivot": [
                2.5,
                28,
                4.25
              ],
              "rotation": [
                0,
                0,
                -27.5
              ],
              "uv": [
                0,
                6
              ]
            }
          ]
        },
        {
          "name": "hind_leg2",
          "parent": "hind_leg",
          "pivot": [
            30.5,
            42.25,
            4.25
          ],
          "cubes": [
            {
              "origin": [
                31.5,
                42,
                4
              ],
              "size": [
                32,
                1,
                1
              ],
              "pivot": [
                30.5,
                42.5,
                4.25
              ],
              "rotation": [
                0,
                0,
                73.77007
              ],
              "uv": [
                39,
                19
              ]
            },
            {
              "origin": [
                36.67607,
                9.76844,
                3.5076
              ],
              "size": [
                3,
                2,
                2
              ],
              "pivot": [
                39.43673,
                10.67027,
                4.56053
              ],
              "rotation": [
                2.92701,
                0.65044,
                76.69972
              ],
              "uv": [
                0,
                2
              ]
            },
            {
              "origin": [
                38.67607,
                10.52129,
                1.36905
              ],
              "size": [
                4,
                0,
                2
              ],
              "pivot": [
                39.43673,
                10.67027,
                4.56053
              ],
              "rotation": [
                -42.69535,
                4.33072,
                73.31133
              ],
              "uv": [
                0,
                0
              ]
            },
            {
              "origin": [
                38.58226,
                10.75816,
                1.4905
              ],
              "size": [
                4,
                0,
                2
              ],
              "pivot": [
                39.43673,
                10.67027,
                4.56053
              ],
              "rotation": [
                60.23879,
                4.39364,
                83.2063
              ],
              "uv": [
                0,
                0
              ]
            },
            {
              "origin": [
                38.58624,
                10.61832,
                1.55497
              ],
              "size": [
                4,
                0,
                2
              ],
              "pivot": [
                39.43673,
                10.67027,
                4.56053
              ],
              "rotation": [
                -169.72136,
                -7.56587,
                79.72353
              ],
              "uv": [
                0,
                0
              ]
            }
          ]
        },
        {
          "name": "hind_leg3",
          "parent": "hind_leg2",
          "pivot": [
            39.49091,
            10.3192,
            4.44451
          ],
          "cubes": [
            {
              "origin": [
                37.47981,
                8.07012,
                3.96795
              ],
              "size": [
                10,
                1,
                1
              ],
              "pivot": [
                39.97981,
                8.82012,
                4.21795
              ],
              "rotation": [
                0,
                0,
                81.49371
              ],
              "uv": [
                33,
                42
              ]
            }
          ]
        }
      ]
    }
  ]
}