{
  "format_version": "1.12.0",
  "minecraft:geometry": [
    {
      "description": {
        "identifier": "geometry.lv_titan_cinema_man",
        "texture_width": 256,
        "texture_height": 256,
        "visible_bounds_width": 6,
        "visible_bounds_height": 10,
        "visible_bounds_offset": [
          0,
          4,
          0
        ]
      },
      "bones": [
        {
          "name": "root",
          "pivot": [
            0,
            16,
            0
          ]
        },
        {
          "name": "waist",
          "parent": "root",
          "pivot": [
            0,
            36,
            0
          ],
          "cubes": [
            {
              "origin": [
                -8.5,
                36,
                -5
              ],
              "size": [
                17,
                10,
                9
              ],
              "uv": [
                0,
                90
              ]
            },
            {
              "origin": [
                -9.5,
                36,
                -5
              ],
              "size": [
                19,
                10,
                9
              ],
              "inflate": 0.2,
              "uv": [
                51,
                11
              ]
            }
          ]
        },
        {
          "name": "body",
          "parent": "waist",
          "pivot": [
            0,
            46,
            0
          ],
          "cubes": [
            {
              "origin": [
                -9.5,
                56,
                -6
              ],
              "size": [
                19,
                8,
                11
              ],
              "inflate": 0.2,
              "uv": [
                47,
                30
              ]
            },
            {
              "origin": [
                -9.5,
                55,
                -6
              ],
              "size": [
                19,
                9,
                11
              ],
              "inflate": 0.4,
              "uv": [
                0,
                0
              ]
            },
            {
              "origin": [
                -9,
                46,
                -6
              ],
              "size": [
                18,
                10,
                11
              ],
              "uv": [
                0,
                41
              ]
            },
            {
              "origin": [
                -9,
                46,
                -6
              ],
              "size": [
                18,
                10,
                11
              ],
              "inflate": 0.2,
              "uv": [
                0,
                20
              ]
            }
          ]
        },
        {
          "name": "left_arm",
          "parent": "body",
          "pivot": [
            9,
            62.5,
            0
          ],
          "rotation": [
            0,
            0,
            -10
          ],
          "cubes": [
            {
              "origin": [
                10,
                39.5,
                -4.5
              ],
              "size": [
                8,
                24,
                8
              ],
              "uv": [
                91,
                91
              ]
            }
          ]
        },
        {
          "name": "left_arm2",
          "parent": "left_arm",
          "pivot": [
            11.5,
            42.7,
            1.5
          ],
          "rotation": [
            -12.39638,
            1.61888,
            7.32417
          ],
          "cubes": [
            {
              "origin": [
                9.75,
                27.45,
                -4.25
              ],
              "size": [
                8.5,
                4.5,
                8.5
              ],
              "uv": [
                99,
                27
              ]
            },
            {
              "origin": [
                10,
                22.7,
                -4
              ],
              "size": [
                8,
                19,
                8
              ],
              "uv": [
                107,
                0
              ]
            }
          ]
        },
        {
          "name": "grappler2",
          "parent": "left_arm2",
          "pivot": [
            18,
            39.7,
            0
          ],
          "cubes": [
            {
              "origin": [
                18,
                38.7,
                -1.5
              ],
              "size": [
                3,
                6,
                3
              ],
              "uv": [
                125,
                146
              ]
            },
            {
              "origin": [
                19.75,
                44.45,
                -0.5
              ],
              "size": [
                2,
                9,
                1
              ],
              "pivot": [
                19.5,
                47.7,
                0
              ],
              "rotation": [
                0,
                0,
                15
              ],
              "uv": [
                84,
                99
              ]
            },
            {
              "origin": [
                21.46325,
                51.8624,
                0
              ],
              "size": [
                2,
                6,
                0
              ],
              "pivot": [
                22.71325,
                54.8624,
                0
              ],
              "rotation": [
                0,
                0,
                7.5
              ],
              "uv": [
                47,
                20
              ]
            },
            {
              "origin": [
                20.03877,
                28.82936,
                -0.5
              ],
              "size": [
                2,
                9,
                1
              ],
              "pivot": [
                21.07554,
                35.56685,
                0
              ],
              "rotation": [
                0,
                0,
                160
              ],
              "uv": [
                98,
                8
              ]
            },
            {
              "origin": [
                19.91717,
                34.79903,
                0
              ],
              "size": [
                2,
                6,
                0
              ],
              "pivot": [
                21.07554,
                35.56685,
                0
              ],
              "rotation": [
                0,
                0,
                165
              ],
              "uv": [
                6,
                41
              ]
            }
          ]
        },
        {
          "name": "speaker2",
          "parent": "left_arm",
          "pivot": [
            17,
            57.5,
            -4
          ],
          "cubes": [
            {
              "origin": [
                10,
                56.5,
                -9
              ],
              "size": [
                11,
                16,
                6
              ],
              "inflate": 0.5,
              "pivot": [
                17,
                57.5,
                -4
              ],
              "rotation": [
                0,
                0,
                22.5
              ],
              "uv": [
                222,
                234
              ],
              "mirror": true
            }
          ]
        },
        {
          "name": "core",
          "parent": "body",
          "pivot": [
            0.1,
            54.4,
            -7
          ],
          "cubes": [
            {
              "origin": [
                -3.122,
                51.422,
                -6
              ],
              "size": [
                6.2,
                6.2,
                5.32
              ],
              "inflate": 1,
              "uv": [
                139,
                10
              ]
            },
            {
              "origin": [
                -2.902,
                51.642,
                -8.22
              ],
              "size": [
                5.76,
                5.76,
                1.22
              ],
              "uv": [
                20,
                83
              ]
            },
            {
              "origin": [
                -4.314,
                50.23,
                -7.632
              ],
              "size": [
                8.584,
                8.584,
                4.924
              ],
              "inflate": 0.1,
              "uv": [
                0,
                139
              ]
            }
          ],
          "locators": {
            "flame": [
              -0.022,
              54.522,
              -8.22
            ]
          }
        },
        {
          "name": "rocket",
          "parent": "body",
          "pivot": [
            0.5,
            52.61551,
            3.92191
          ],
          "cubes": [
            {
              "origin": [
                -6.5,
                45,
                2
              ],
              "size": [
                14,
                13,
                5
              ],
              "uv": [
                100,
                73
              ]
            },
            {
              "origin": [
                17.46099,
                41.8375,
                -9.89414
              ],
              "size": [
                6.48,
                24.3,
                6.48
              ],
              "inflate": 1,
              "pivot": [
                0.80299,
                -32.1625,
                -8.27414
              ],
              "rotation": [
                0,
                -87.5,
                0
              ],
              "uv": [
                0,
                109
              ]
            },
            {
              "origin": [
                17.21299,
                63.2695,
                -10.14214
              ],
              "size": [
                6.976,
                5.356,
                6.976
              ],
              "inflate": 1.4,
              "pivot": [
                0.80299,
                -32.1625,
                -8.27414
              ],
              "rotation": [
                0,
                -87.5,
                0
              ],
              "uv": [
                73,
                0
              ]
            },
            {
              "origin": [
                17.46099,
                28.3725,
                -9.89414
              ],
              "size": [
                6.48,
                4.86,
                6.48
              ],
              "inflate": 1,
              "pivot": [
                0.80299,
                -32.1625,
                -8.27414
              ],
              "rotation": [
                0,
                -87.5,
                0
              ],
              "uv": [
                139,
                0
              ]
            },
            {
              "origin": [
                17.27499,
                32.4515,
                -10.08014
              ],
              "size": [
                6.852,
                5.232,
                6.852
              ],
              "inflate": 1.3,
              "pivot": [
                0.80299,
                -32.1625,
                -8.27414
              ],
              "rotation": [
                0,
                -87.5,
                0
              ],
              "uv": [
                49,
                0
              ]
            },
            {
              "origin": [
                17.64699,
                34.0635,
                -9.70814
              ],
              "size": [
                6.108,
                23.928,
                6.108
              ],
              "inflate": 0.7,
              "pivot": [
                0.80299,
                -32.1625,
                -8.27414
              ],
              "rotation": [
                0,
                -87.5,
                0
              ],
              "uv": [
                117,
                117
              ]
            },
            {
              "origin": [
                16.00299,
                43.3575,
                -8.27414
              ],
              "size": [
                1.62,
                11.34,
                3.24
              ],
              "inflate": 1,
              "pivot": [
                0.80299,
                -32.1625,
                -8.27414
              ],
              "rotation": [
                0,
                -87.5,
                0
              ],
              "uv": [
                38,
                136
              ]
            },
            {
              "origin": [
                16.00299,
                50.0775,
                -8.27414
              ],
              "size": [
                1.62,
                11.34,
                3.24
              ],
              "inflate": 1,
              "pivot": [
                0.80299,
                -32.1625,
                -8.27414
              ],
              "rotation": [
                0,
                -87.5,
                0
              ],
              "uv": [
                0,
                83
              ]
            }
          ],
          "locators": {
            "thrust": {
              "offset": [
                0.25,
                31,
                12.75
              ],
              "rotation": [
                180,
                0,
                0
              ]
            }
          }
        },
        {
          "name": "claw",
          "parent": "rocket",
          "pivot": [
            8,
            57.11551,
            4.92191
          ],
          "rotation": [
            0,
            0,
            2.5
          ],
          "cubes": [
            {
              "origin": [
                8,
                56.11551,
                1.42191
              ],
              "size": [
                1,
                5,
                4
              ],
              "pivot": [
                8,
                57.11551,
                4.92191
              ],
              "rotation": [
                0,
                -90,
                0
              ],
              "uv": [
                0,
                20
              ]
            }
          ]
        },
        {
          "name": "claw_1",
          "parent": "claw",
          "pivot": [
            5,
            58.11551,
            6.92191
          ],
          "rotation": [
            6.54847,
            7.86726,
            3.169
          ],
          "cubes": [
            {
              "origin": [
                5.75,
                49.11551,
                5.92191
              ],
              "size": [
                2,
                11,
                2
              ],
              "pivot": [
                5,
                58.11551,
                6.92191
              ],
              "rotation": [
                15,
                0,
                0
              ],
              "uv": [
                145,
                146
              ]
            },
            {
              "origin": [
                5.25,
                46.61551,
                5.42191
              ],
              "size": [
                3,
                3,
                3
              ],
              "pivot": [
                5,
                58.11551,
                6.92191
              ],
              "rotation": [
                15,
                0,
                0
              ],
              "uv": [
                8,
                83
              ]
            },
            {
              "origin": [
                4.75,
                42.61551,
                4.92191
              ],
              "size": [
                4,
                4,
                4
              ],
              "pivot": [
                5,
                58.11551,
                6.92191
              ],
              "rotation": [
                15,
                0,
                0
              ],
              "uv": [
                97,
                0
              ]
            }
          ]
        },
        {
          "name": "claw_2",
          "parent": "claw_1",
          "pivot": [
            7,
            44.96551,
            10.57191
          ],
          "rotation": [
            14.07217,
            -5.27905,
            19.31456
          ],
          "cubes": [
            {
              "origin": [
                3.4,
                44.06551,
                9.57191
              ],
              "size": [
                7,
                24,
                0
              ],
              "inflate": -0.1,
              "pivot": [
                7,
                41.96551,
                9.57191
              ],
              "rotation": [
                -20,
                0,
                0
              ],
              "uv": [
                138,
                63
              ]
            }
          ]
        },
        {
          "name": "claw_3",
          "parent": "claw_2",
          "pivot": [
            7,
            65.96551,
            18.82191
          ],
          "rotation": [
            -11.76782,
            -4.2453,
            -19.5623
          ],
          "cubes": [
            {
              "origin": [
                5.5,
                64.46551,
                17.32191
              ],
              "size": [
                5,
                8,
                3
              ],
              "pivot": [
                7,
                65.96551,
                18.82191
              ],
              "rotation": [
                -42.5,
                0,
                0
              ],
              "uv": [
                109,
                146
              ]
            },
            {
              "origin": [
                4.5,
                67.96964,
                21.74002
              ],
              "size": [
                7,
                8,
                2
              ],
              "pivot": [
                7,
                72.96964,
                25.24002
              ],
              "rotation": [
                22.5,
                0,
                0
              ],
              "uv": [
                141,
                125
              ]
            },
            {
              "origin": [
                5.25,
                65.1344,
                20.80359
              ],
              "size": [
                0,
                26,
                7
              ],
              "pivot": [
                5.5,
                67.36487,
                24.17228
              ],
              "rotation": [
                24.81197,
                3.1622,
                -6.80423
              ],
              "uv": [
                84,
                116
              ]
            },
            {
              "origin": [
                7,
                65.8844,
                20.80359
              ],
              "size": [
                0,
                26,
                7
              ],
              "pivot": [
                5.5,
                67.36487,
                24.17228
              ],
              "rotation": [
                25,
                0,
                0
              ],
              "uv": [
                84,
                116
              ]
            },
            {
              "origin": [
                9,
                65.1344,
                20.80359
              ],
              "size": [
                0,
                26,
                7
              ],
              "pivot": [
                5.5,
                67.36487,
                24.17228
              ],
              "rotation": [
                24.91643,
                -2.11089,
                4.53359
              ],
              "uv": [
                84,
                116
              ]
            }
          ]
        },
        {
          "name": "claw2",
          "parent": "rocket",
          "pivot": [
            -7,
            57.11551,
            4.92191
          ],
          "rotation": [
            0,
            0,
            2.5
          ],
          "cubes": [
            {
              "origin": [
                -8,
                56.11551,
                1.42191
              ],
              "size": [
                1,
                5,
                4
              ],
              "pivot": [
                -7,
                57.11551,
                4.92191
              ],
              "rotation": [
                0,
                90,
                0
              ],
              "uv": [
                0,
                0
              ]
            }
          ]
        },
        {
          "name": "claw_4",
          "parent": "claw2",
          "pivot": [
            -7,
            58.11551,
            6.92191
          ],
          "rotation": [
            8.56363,
            -9.69021,
            -14.16752
          ],
          "cubes": [
            {
              "origin": [
                -9.75,
                49.11551,
                5.92191
              ],
              "size": [
                2,
                11,
                2
              ],
              "pivot": [
                -7,
                58.11551,
                6.92191
              ],
              "rotation": [
                15,
                0,
                0
              ],
              "uv": [
                137,
                146
              ]
            },
            {
              "origin": [
                -10.25,
                46.61551,
                5.42191
              ],
              "size": [
                3,
                3,
                3
              ],
              "pivot": [
                -7,
                58.11551,
                6.92191
              ],
              "rotation": [
                15,
                0,
                0
              ],
              "uv": [
                67,
                0
              ]
            },
            {
              "origin": [
                -10.75,
                42.61551,
                4.92191
              ],
              "size": [
                4,
                4,
                4
              ],
              "pivot": [
                -7,
                58.11551,
                6.92191
              ],
              "rotation": [
                15,
                0,
                0
              ],
              "uv": [
                86,
                49
              ]
            }
          ]
        },
        {
          "name": "claw_5",
          "parent": "claw_4",
          "pivot": [
            -9,
            44.96551,
            10.57191
          ],
          "rotation": [
            14.46762,
            4.04586,
            -14.45282
          ],
          "cubes": [
            {
              "origin": [
                -12.7,
                44.06551,
                9.57191
              ],
              "size": [
                7,
                24,
                0
              ],
              "inflate": -0.1,
              "pivot": [
                -9,
                41.96551,
                9.57191
              ],
              "rotation": [
                -20,
                0,
                0
              ],
              "uv": [
                137,
                91
              ]
            },
            {
              "origin": [
                -4.5,
                39.96551,
                8.57191
              ],
              "size": [
                1,
                9,
                2
              ],
              "inflate": -0.1,
              "pivot": [
                -9,
                41.96551,
                9.57191
              ],
              "rotation": [
                -20,
                0,
                0
              ],
              "uv": [
                0,
                41
              ]
            }
          ]
        },
        {
          "name": "claw_6",
          "parent": "claw_5",
          "pivot": [
            -9,
            65.96551,
            18.82191
          ],
          "rotation": [
            -11.57518,
            4.75113,
            22.01816
          ],
          "cubes": [
            {
              "origin": [
                -12.5,
                64.46551,
                17.32191
              ],
              "size": [
                5,
                8,
                3
              ],
              "pivot": [
                -9,
                65.96551,
                18.82191
              ],
              "rotation": [
                -42.5,
                0,
                0
              ],
              "uv": [
                141,
                135
              ]
            },
            {
              "origin": [
                -13.5,
                67.96964,
                21.74002
              ],
              "size": [
                7,
                8,
                2
              ],
              "pivot": [
                -9,
                72.96964,
                25.24002
              ],
              "rotation": [
                22.5,
                0,
                0
              ],
              "uv": [
                141,
                115
              ]
            },
            {
              "origin": [
                -7.25,
                65.1344,
                20.80359
              ],
              "size": [
                0,
                26,
                7
              ],
              "pivot": [
                -7.5,
                67.36487,
                24.17228
              ],
              "rotation": [
                24.81197,
                -3.1622,
                6.80423
              ],
              "uv": [
                84,
                116
              ]
            },
            {
              "origin": [
                -9,
                65.8844,
                20.80359
              ],
              "size": [
                0,
                26,
                7
              ],
              "pivot": [
                -7.5,
                67.36487,
                24.17228
              ],
              "rotation": [
                25,
                0,
                0
              ],
              "uv": [
                84,
                116
              ]
            },
            {
              "origin": [
                -11,
                65.1344,
                20.80359
              ],
              "size": [
                0,
                26,
                7
              ],
              "pivot": [
                -7.5,
                67.36487,
                24.17228
              ],
              "rotation": [
                24.91643,
                2.11089,
                -4.53359
              ],
              "uv": [
                84,
                116
              ]
            }
          ]
        },
        {
          "name": "head",
          "parent": "body",
          "pivot": [
            0,
            64,
            0
          ],
          "rotation": [
            10,
            0,
            0
          ],
          "cubes": [
            {
              "origin": [
                -1.1712,
                64,
                -1.1712
              ],
              "size": [
                2.3424,
                2.3424,
                2.3424
              ],
              "uv": [
                32,
                83
              ]
            },
            {
              "origin": [
                -10.5408,
                64.5856,
                -9.3696
              ],
              "size": [
                21.0816,
                16.3968,
                5.856
              ],
              "uv": [
                47,
                78
              ]
            },
            {
              "origin": [
                -10.5408,
                64.5856,
                -5.3696
              ],
              "size": [
                21.0816,
                16.3968,
                5.856
              ],
              "inflate": -0.4,
              "uv": [
                0,
                62
              ]
            },
            {
              "origin": [
                -10.50656,
                64.61984,
                -9.33536
              ],
              "size": [
                21.01312,
                16.32832,
                5.78752
              ],
              "inflate": -0.2,
              "uv": [
                53,
                57
              ]
            }
          ]
        },
        {
          "name": "face",
          "parent": "head",
          "pivot": [
            0,
            73,
            -10
          ],
          "cubes": [
            {
              "origin": [
                -2.275,
                71.7,
                -8.5125
              ],
              "size": [
                4.55,
                3.25,
                0
              ],
              "uv": [
                47,
                49
              ]
            }
          ]
        },
        {
          "name": "glow",
          "parent": "head",
          "pivot": [
            0,
            73,
            -8.5
          ],
          "cubes": [
            {
              "origin": [
                -6.75,
                66.7,
                -8.5
              ],
              "size": [
                13.5,
                12.6,
                0
              ],
              "uv": [
                137,
                51
              ]
            },
            {
              "origin": [
                -6.75,
                66.7,
                -8.5
              ],
              "size": [
                13.5,
                12.6,
                0
              ],
              "uv": [
                137,
                39
              ]
            },
            {
              "origin": [
                -6.75,
                66.7,
                -8.5
              ],
              "size": [
                13.5,
                12.6,
                0
              ],
              "uv": [
                131,
                27
              ]
            }
          ]
        },
        {
          "name": "core2",
          "parent": "body",
          "pivot": [
            -0.1,
            54.4,
            -7
          ]
        },
        {
          "name": "right_arm",
          "parent": "body",
          "pivot": [
            -9,
            62.5,
            0
          ],
          "rotation": [
            0,
            0,
            10
          ],
          "cubes": [
            {
              "origin": [
                -18,
                39.5,
                -4.5
              ],
              "size": [
                8,
                24,
                8
              ],
              "uv": [
                91,
                91
              ],
              "mirror": true
            }
          ]
        },
        {
          "name": "right_arm2",
          "parent": "right_arm",
          "pivot": [
            -11.5,
            42.5,
            1
          ],
          "rotation": [
            -12.39638,
            -1.61888,
            -7.32417
          ],
          "cubes": [
            {
              "origin": [
                -18.25,
                27.25,
                -4.75
              ],
              "size": [
                8.5,
                4.5,
                8.5
              ],
              "uv": [
                99,
                27
              ],
              "mirror": true
            },
            {
              "origin": [
                -18,
                22.5,
                -4.5
              ],
              "size": [
                8,
                19,
                8
              ],
              "uv": [
                107,
                0
              ],
              "mirror": true
            }
          ]
        },
        {
          "name": "grappler3",
          "parent": "right_arm2",
          "pivot": [
            -18,
            39.5,
            -0.5
          ],
          "cubes": [
            {
              "origin": [
                -21,
                38.5,
                -2
              ],
              "size": [
                3,
                6,
                3
              ],
              "uv": [
                125,
                146
              ],
              "mirror": true
            }
          ]
        },
        {
          "name": "grappler4",
          "parent": "right_arm2",
          "pivot": [
            -18,
            39.5,
            -0.5
          ],
          "cubes": [
            {
              "origin": [
                -21.75,
                44.25,
                -1
              ],
              "size": [
                2,
                9,
                1
              ],
              "pivot": [
                -19.5,
                47.5,
                -0.5
              ],
              "rotation": [
                0,
                0,
                -15
              ],
              "uv": [
                84,
                99
              ],
              "mirror": true
            }
          ]
        },
        {
          "name": "grappler5",
          "parent": "right_arm2",
          "pivot": [
            -18,
            39.5,
            -0.5
          ],
          "cubes": [
            {
              "origin": [
                -23.46325,
                51.6624,
                -0.5
              ],
              "size": [
                2,
                6,
                0
              ],
              "pivot": [
                -22.71325,
                54.6624,
                -0.5
              ],
              "rotation": [
                0,
                0,
                -7.5
              ],
              "uv": [
                47,
                20
              ],
              "mirror": true
            }
          ]
        },
        {
          "name": "grappler6",
          "parent": "right_arm2",
          "pivot": [
            -18,
            39.5,
            -0.5
          ],
          "cubes": [
            {
              "origin": [
                -22.03877,
                28.62936,
                -1
              ],
              "size": [
                2,
                9,
                1
              ],
              "pivot": [
                -21.07554,
                35.36685,
                -0.5
              ],
              "rotation": [
                0,
                0,
                -160
              ],
              "uv": [
                98,
                8
              ],
              "mirror": true
            }
          ]
        },
        {
          "name": "grappler7",
          "parent": "right_arm2",
          "pivot": [
            -18,
            39.5,
            -0.5
          ],
          "cubes": [
            {
              "origin": [
                -21.91717,
                34.59903,
                -0.5
              ],
              "size": [
                2,
                6,
                0
              ],
              "pivot": [
                -21.07554,
                35.36685,
                -0.5
              ],
              "rotation": [
                0,
                0,
                -165
              ],
              "uv": [
                6,
                41
              ],
              "mirror": true
            }
          ]
        },
        {
          "name": "speaker",
          "parent": "right_arm",
          "pivot": [
            -17,
            57.5,
            -4
          ],
          "cubes": [
            {
              "origin": [
                -21,
                56.5,
                -9
              ],
              "size": [
                11,
                16,
                6
              ],
              "inflate": 0.5,
              "pivot": [
                -17,
                57.5,
                -4
              ],
              "rotation": [
                0,
                0,
                -22.5
              ],
              "uv": [
                222,
                234
              ]
            }
          ]
        },
        {
          "name": "speaker_main",
          "parent": "body",
          "pivot": [
            0,
            55,
            -7
          ],
          "cubes": [
            {
              "origin": [
                -11,
                44,
                -13.75
              ],
              "size": [
                22,
                20,
                8
              ],
              "inflate": -1,
              "uv": [
                0,
                228
              ]
            }
          ]
        },
        {
          "name": "left_leg",
          "parent": "root",
          "pivot": [
            4,
            36,
            0
          ],
          "rotation": [
            -7.5,
            0,
            -5
          ],
          "cubes": [
            {
              "origin": [
                1,
                18.13053,
                -3.50856
              ],
              "size": [
                8,
                19,
                8
              ],
              "inflate": 0.1,
              "uv": [
                105,
                41
              ]
            },
            {
              "origin": [
                4.01278,
                19.09706,
                -3.75642
              ],
              "size": [
                5,
                19,
                8
              ],
              "inflate": 0.5,
              "pivot": [
                5,
                37.5,
                -0.5
              ],
              "rotation": [
                0,
                0,
                -7.5
              ],
              "uv": [
                24,
                109
              ]
            }
          ]
        },
        {
          "name": "left_leg2",
          "parent": "left_leg",
          "pivot": [
            3.5,
            19,
            0
          ],
          "rotation": [
            9.96271,
            -0.86717,
            4.92442
          ],
          "cubes": [
            {
              "origin": [
                1.0038,
                -0.04345,
                -3.50095
              ],
              "size": [
                8,
                19,
                8
              ],
              "uv": [
                52,
                99
              ]
            }
          ]
        },
        {
          "name": "right_leg",
          "parent": "root",
          "pivot": [
            -4,
            36,
            0
          ],
          "rotation": [
            -7.5,
            0,
            5
          ],
          "cubes": [
            {
              "origin": [
                -9,
                18.13053,
                -3.50856
              ],
              "size": [
                8,
                19,
                8
              ],
              "inflate": 0.1,
              "uv": [
                105,
                41
              ],
              "mirror": true
            }
          ]
        },
        {
          "name": "right_leg2",
          "parent": "right_leg",
          "pivot": [
            -3.5,
            19,
            0
          ],
          "rotation": [
            9.96271,
            0.86717,
            -4.92442
          ],
          "cubes": [
            {
              "origin": [
                -9.0038,
                -0.04345,
                -3.50095
              ],
              "size": [
                8,
                19,
                8
              ],
              "uv": [
                52,
                99
              ],
              "mirror": true
            }
          ]
        },
        {
          "name": "right_leg3",
          "parent": "right_leg",
          "pivot": [
            -4,
            36,
            0
          ],
          "rotation": [
            -7.5,
            0,
            5
          ],
          "cubes": [
            {
              "origin": [
                -9.01278,
                19.09706,
                -3.75642
              ],
              "size": [
                5,
                19,
                8
              ],
              "inflate": 0.5,
              "pivot": [
                -5,
                37.5,
                -0.5
              ],
              "rotation": [
                0,
                0,
                7.5
              ],
              "uv": [
                24,
                109
              ],
              "mirror": true
            }
          ]
        }
      ]
    }
  ]
}