{
  "format_version": "1.12.0",
  "minecraft:geometry": [
    {
      "description": {
        "identifier": "geometry.lv_upgraded_titan_speakerman",
        "texture_width": 256,
        "texture_height": 256,
        "visible_bounds_width": 7,
        "visible_bounds_height": 12,
        "visible_bounds_offset": [
          0,
          5,
          0
        ]
      },
      "bones": [
        {
          "name": "root",
          "pivot": [
            0,
            16,
            0
          ]
        },
        {
          "name": "waist",
          "parent": "root",
          "pivot": [
            0,
            36,
            0
          ],
          "cubes": [
            {
              "origin": [
                -8.5,
                36,
                -5
              ],
              "size": [
                17,
                10,
                9
              ],
              "uv": [
                65,
                40
              ]
            },
            {
              "origin": [
                -8.5,
                45.25,
                -5
              ],
              "size": [
                17,
                3,
                9
              ],
              "inflate": 1.1,
              "uv": [
                65,
                59
              ]
            }
          ]
        },
        {
          "name": "body",
          "parent": "waist",
          "pivot": [
            0,
            46,
            0
          ],
          "cubes": [
            {
              "origin": [
                -9,
                46,
                -6
              ],
              "size": [
                18,
                10,
                11
              ],
              "uv": [
                38,
                0
              ]
            },
            {
              "origin": [
                -5,
                50,
                -8.9
              ],
              "size": [
                10,
                2,
                3
              ],
              "pivot": [
                0,
                51,
                -7.5
              ],
              "rotation": [
                -5,
                0,
                0
              ],
              "uv": [
                121,
                92
              ]
            },
            {
              "origin": [
                -5,
                46,
                -9
              ],
              "size": [
                10,
                4,
                3
              ],
              "uv": [
                38,
                21
              ]
            },
            {
              "origin": [
                -5,
                44,
                -8.9
              ],
              "size": [
                10,
                3,
                3
              ],
              "pivot": [
                0,
                45,
                -7.5
              ],
              "rotation": [
                -5,
                0,
                -180
              ],
              "uv": [
                85,
                0
              ]
            },
            {
              "origin": [
                -26.43456,
                79.54126,
                -0.26768
              ],
              "size": [
                2,
                7,
                13
              ],
              "pivot": [
                -25.43456,
                82.79126,
                6.33232
              ],
              "rotation": [
                1.16009,
                -10.23987,
                0.11481
              ],
              "uv": [
                145,
                20
              ]
            },
            {
              "origin": [
                -26.43456,
                73.54126,
                -0.16768
              ],
              "size": [
                2,
                7,
                13
              ],
              "pivot": [
                -25.43456,
                82.79126,
                6.33232
              ],
              "rotation": [
                2.05722,
                -10.09941,
                -4.96305
              ],
              "uv": [
                97,
                142
              ]
            },
            {
              "origin": [
                -21,
                53,
                3
              ],
              "size": [
                8,
                33,
                11
              ],
              "pivot": [
                -15.5,
                63,
                6
              ],
              "rotation": [
                2.5,
                -10,
                -7.5
              ],
              "uv": [
                27,
                33
              ]
            },
            {
              "origin": [
                13,
                53,
                3
              ],
              "size": [
                8,
                33,
                11
              ],
              "pivot": [
                15.5,
                63,
                6
              ],
              "rotation": [
                2.5,
                10,
                7.5
              ],
              "uv": [
                0,
                0
              ]
            },
            {
              "origin": [
                -25.4925,
                67.82973,
                0.167
              ],
              "size": [
                2,
                7,
                13
              ],
              "pivot": [
                -24.4925,
                70.07973,
                6.667
              ],
              "rotation": [
                2.5,
                -10,
                -7.5
              ],
              "uv": [
                141,
                52
              ]
            },
            {
              "origin": [
                -26.33456,
                82.54126,
                5.73232
              ],
              "size": [
                4,
                1,
                1
              ],
              "pivot": [
                -25.43456,
                82.79126,
                6.33232
              ],
              "rotation": [
                1.16009,
                -10.23987,
                0.11481
              ],
              "uv": [
                54,
                30
              ]
            },
            {
              "origin": [
                -9.5,
                56,
                -6
              ],
              "size": [
                19,
                8,
                11
              ],
              "inflate": 0.2,
              "uv": [
                54,
                21
              ]
            },
            {
              "origin": [
                -24.63544,
                58.89896,
                0.55809
              ],
              "size": [
                2,
                7,
                13
              ],
              "pivot": [
                -23.63544,
                63.64896,
                7.05809
              ],
              "rotation": [
                -2.93773,
                9.88139,
                169.96475
              ],
              "uv": [
                36,
                139
              ]
            },
            {
              "origin": [
                -24.63544,
                64.89896,
                0.65809
              ],
              "size": [
                2,
                7,
                13
              ],
              "pivot": [
                -23.63544,
                63.64896,
                7.05809
              ],
              "rotation": [
                -3.36953,
                9.74384,
                167.43147
              ],
              "uv": [
                0,
                139
              ]
            },
            {
              "origin": [
                -22.85348,
                50.62754,
                1.22609
              ],
              "size": [
                2,
                7,
                13
              ],
              "pivot": [
                -21.60348,
                54.12754,
                7.72609
              ],
              "rotation": [
                -5.41053,
                8.78307,
                154.80294
              ],
              "uv": [
                138,
                103
              ]
            },
            {
              "origin": [
                -24.33456,
                66.54126,
                5.73232
              ],
              "size": [
                4,
                1,
                1
              ],
              "pivot": [
                -25.43456,
                82.79126,
                6.33232
              ],
              "rotation": [
                1.16009,
                -10.23987,
                0.11481
              ],
              "uv": [
                55,
                77
              ]
            },
            {
              "origin": [
                -25.33456,
                72.54126,
                5.73232
              ],
              "size": [
                4,
                1,
                1
              ],
              "pivot": [
                -25.43456,
                82.79126,
                6.33232
              ],
              "rotation": [
                1.16009,
                -10.23987,
                0.11481
              ],
              "uv": [
                54,
                40
              ]
            },
            {
              "origin": [
                -25.33456,
                76.54126,
                5.73232
              ],
              "size": [
                4,
                1,
                1
              ],
              "pivot": [
                -25.43456,
                82.79126,
                6.33232
              ],
              "rotation": [
                1.16009,
                -10.23987,
                0.11481
              ],
              "uv": [
                54,
                42
              ]
            },
            {
              "origin": [
                24.43456,
                79.54126,
                -0.26768
              ],
              "size": [
                2,
                7,
                13
              ],
              "pivot": [
                25.43456,
                82.79126,
                6.33232
              ],
              "rotation": [
                1.16009,
                10.23987,
                -0.11481
              ],
              "uv": [
                138,
                72
              ]
            },
            {
              "origin": [
                24.43456,
                73.54126,
                -0.16768
              ],
              "size": [
                2,
                7,
                13
              ],
              "pivot": [
                25.43456,
                82.79126,
                6.33232
              ],
              "rotation": [
                2.05722,
                10.09941,
                4.96305
              ],
              "uv": [
                135,
                0
              ]
            },
            {
              "origin": [
                23.4925,
                67.82973,
                0.167
              ],
              "size": [
                2,
                7,
                13
              ],
              "pivot": [
                24.4925,
                70.07973,
                6.667
              ],
              "rotation": [
                2.5,
                10,
                7.5
              ],
              "uv": [
                128,
                129
              ]
            },
            {
              "origin": [
                22.63544,
                58.89896,
                0.55809
              ],
              "size": [
                2,
                7,
                13
              ],
              "pivot": [
                23.63544,
                63.64896,
                7.05809
              ],
              "rotation": [
                -2.93773,
                -9.88139,
                -169.96475
              ],
              "uv": [
                19,
                126
              ]
            },
            {
              "origin": [
                22.63544,
                64.89896,
                0.65809
              ],
              "size": [
                2,
                7,
                13
              ],
              "pivot": [
                23.63544,
                63.64896,
                7.05809
              ],
              "rotation": [
                -3.36953,
                -9.74384,
                -167.43147
              ],
              "uv": [
                80,
                125
              ]
            },
            {
              "origin": [
                20.85348,
                50.62754,
                1.22609
              ],
              "size": [
                2,
                7,
                13
              ],
              "pivot": [
                21.60348,
                54.12754,
                7.72609
              ],
              "rotation": [
                -5.41053,
                -8.78307,
                -154.80294
              ],
              "uv": [
                121,
                65
              ]
            },
            {
              "origin": [
                20.33456,
                66.54126,
                5.73232
              ],
              "size": [
                4,
                1,
                1
              ],
              "pivot": [
                25.43456,
                82.79126,
                6.33232
              ],
              "rotation": [
                1.16009,
                10.23987,
                -0.11481
              ],
              "uv": [
                54,
                28
              ]
            },
            {
              "origin": [
                21.33456,
                72.54126,
                5.73232
              ],
              "size": [
                4,
                1,
                1
              ],
              "pivot": [
                25.43456,
                82.79126,
                6.33232
              ],
              "rotation": [
                1.16009,
                10.23987,
                -0.11481
              ],
              "uv": [
                0,
                9
              ]
            },
            {
              "origin": [
                21.33456,
                76.54126,
                5.73232
              ],
              "size": [
                4,
                1,
                1
              ],
              "pivot": [
                25.43456,
                82.79126,
                6.33232
              ],
              "rotation": [
                1.16009,
                10.23987,
                -0.11481
              ],
              "uv": [
                0,
                2
              ]
            },
            {
              "origin": [
                22.33456,
                82.54126,
                5.73232
              ],
              "size": [
                4,
                1,
                1
              ],
              "pivot": [
                25.43456,
                82.79126,
                6.33232
              ],
              "rotation": [
                1.16009,
                10.23987,
                -0.11481
              ],
              "uv": [
                0,
                0
              ]
            }
          ],
          "locators": {
            "spark": [
              -16,
              67,
              6
            ],
            "spark2": [
              -18,
              86,
              6
            ],
            "spark4": [
              16,
              67,
              6
            ],
            "spark3": [
              18,
              86,
              6
            ]
          }
        },
        {
          "name": "core",
          "parent": "body",
          "pivot": [
            -2.5,
            57,
            -6
          ],
          "cubes": [
            {
              "origin": [
                -3.5,
                52,
                -9
              ],
              "size": [
                7,
                7,
                4
              ],
              "inflate": 0.4,
              "uv": [
                177,
                145
              ]
            },
            {
              "origin": [
                -8.5,
                51,
                -9.25
              ],
              "size": [
                5,
                9,
                4
              ],
              "inflate": -0.2,
              "pivot": [
                -2.5,
                57,
                -6
              ],
              "rotation": [
                0,
                10,
                0
              ],
              "uv": [
                183,
                92
              ]
            },
            {
              "origin": [
                3.5,
                51,
                -9.25
              ],
              "size": [
                5,
                9,
                4
              ],
              "inflate": -0.2,
              "pivot": [
                2.5,
                57,
                -6
              ],
              "rotation": [
                0,
                -10,
                0
              ],
              "uv": [
                183,
                92
              ]
            }
          ]
        },
        {
          "name": "normal_core",
          "parent": "core",
          "pivot": [
            -2.5,
            57,
            -6
          ],
          "cubes": [
            {
              "origin": [
                -3.5,
                52,
                -8
              ],
              "size": [
                7,
                7,
                4
              ],
              "inflate": 0.1,
              "uv": [
                176,
                65
              ]
            }
          ]
        },
        {
          "name": "infected_core",
          "parent": "core",
          "pivot": [
            -2.5,
            57,
            -6
          ]
        },
        {
          "name": "left_arm",
          "parent": "body",
          "pivot": [
            10,
            62.5,
            0
          ],
          "cubes": [
            {
              "origin": [
                10,
                39.5,
                -4.5
              ],
              "size": [
                8,
                24,
                8
              ],
              "uv": [
                57,
                71
              ]
            }
          ]
        },
        {
          "name": "left_arm2",
          "parent": "left_arm",
          "pivot": [
            12.5,
            40.5,
            1
          ],
          "cubes": [
            {
              "origin": [
                10,
                20.5,
                -4.5
              ],
              "size": [
                8,
                19,
                8
              ],
              "uv": [
                48,
                112
              ]
            }
          ]
        },
        {
          "name": "blaster",
          "parent": "left_arm2",
          "pivot": [
            18.5,
            39.5,
            1
          ],
          "cubes": [
            {
              "origin": [
                18.5,
                26.5,
                -1
              ],
              "size": [
                3,
                11,
                1
              ],
              "uv": [
                16,
                44
              ]
            },
            {
              "origin": [
                21.5,
                46.1,
                -4
              ],
              "size": [
                7,
                5,
                7
              ],
              "inflate": -0.2,
              "uv": [
                155,
                72
              ]
            },
            {
              "origin": [
                21,
                50.05,
                -4
              ],
              "size": [
                7,
                3,
                7
              ],
              "inflate": 0.1,
              "pivot": [
                25,
                52.6,
                -0.5
              ],
              "rotation": [
                0,
                0,
                -12.5
              ],
              "uv": [
                168,
                109
              ]
            },
            {
              "origin": [
                21.35,
                51.05,
                -4
              ],
              "size": [
                7,
                10,
                7
              ],
              "pivot": [
                25,
                52.6,
                -0.5
              ],
              "rotation": [
                0,
                0,
                2.5
              ],
              "uv": [
                0,
                159
              ]
            },
            {
              "origin": [
                21.5,
                27.5,
                -4
              ],
              "size": [
                7,
                19,
                7
              ],
              "inflate": -0.2,
              "uv": [
                113,
                116
              ]
            },
            {
              "origin": [
                21.5,
                27.25,
                -4
              ],
              "size": [
                7,
                4,
                7
              ],
              "inflate": 0.3,
              "uv": [
                166,
                134
              ]
            },
            {
              "origin": [
                22.5,
                22.5,
                -3
              ],
              "size": [
                5,
                7,
                5
              ],
              "inflate": 0.5,
              "uv": [
                113,
                66
              ]
            },
            {
              "origin": [
                21.5,
                45.25,
                -4
              ],
              "size": [
                7,
                1,
                7
              ],
              "inflate": 0.1,
              "uv": [
                168,
                84
              ]
            },
            {
              "origin": [
                21.5,
                42.5,
                -4
              ],
              "size": [
                7,
                1,
                7
              ],
              "inflate": 0.1,
              "uv": [
                162,
                25
              ]
            }
          ]
        },
        {
          "name": "power",
          "parent": "blaster",
          "pivot": [
            25,
            19.75,
            -0.5
          ],
          "cubes": [
            {
              "origin": [
                22.5,
                14.25,
                -3
              ],
              "size": [
                5,
                10,
                5
              ],
              "uv": [
                172,
                173
              ]
            },
            {
              "origin": [
                22.5,
                14.25,
                -3
              ],
              "size": [
                5,
                10,
                5
              ],
              "inflate": -0.2,
              "uv": [
                32,
                77
              ]
            }
          ],
          "locators": {
            "trail": [
              25,
              14,
              -0.5
            ]
          }
        },
        {
          "name": "stem",
          "parent": "blaster",
          "pivot": [
            22,
            38.5,
            -4.5
          ],
          "rotation": [
            0,
            -60,
            0
          ],
          "cubes": [
            {
              "origin": [
                22,
                19.5,
                -6
              ],
              "size": [
                1,
                23,
                3
              ],
              "uv": [
                68,
                179
              ]
            },
            {
              "origin": [
                21.31386,
                15.02543,
                -6.5
              ],
              "size": [
                0,
                5,
                4
              ],
              "pivot": [
                22.07431,
                15.28374,
                -4.5
              ],
              "rotation": [
                0,
                0,
                15
              ],
              "uv": [
                65,
                55
              ]
            },
            {
              "origin": [
                22.73832,
                15.35931,
                -6.5
              ],
              "size": [
                0,
                5,
                4
              ],
              "pivot": [
                21.97698,
                15.61792,
                -4.5
              ],
              "rotation": [
                0,
                0,
                132.5
              ],
              "uv": [
                65,
                36
              ]
            }
          ]
        },
        {
          "name": "stem2",
          "parent": "blaster",
          "pivot": [
            22,
            38.5,
            3.5
          ],
          "rotation": [
            0,
            60,
            0
          ],
          "cubes": [
            {
              "origin": [
                22,
                19.5,
                2
              ],
              "size": [
                1,
                23,
                3
              ],
              "uv": [
                157,
                178
              ]
            },
            {
              "origin": [
                21.31386,
                15.02543,
                1.5
              ],
              "size": [
                0,
                5,
                4
              ],
              "pivot": [
                22.07431,
                15.28374,
                3.5
              ],
              "rotation": [
                0,
                0,
                15
              ],
              "uv": [
                0,
                64
              ]
            },
            {
              "origin": [
                22.73832,
                15.35931,
                1.5
              ],
              "size": [
                0,
                5,
                4
              ],
              "pivot": [
                21.97698,
                15.61792,
                3.5
              ],
              "rotation": [
                0,
                0,
                132.5
              ],
              "uv": [
                46,
                24
              ]
            }
          ]
        },
        {
          "name": "stem3",
          "parent": "blaster",
          "pivot": [
            29.25,
            38.5,
            -0.5
          ],
          "rotation": [
            0,
            180,
            0
          ],
          "cubes": [
            {
              "origin": [
                29.25,
                19.5,
                -2
              ],
              "size": [
                1,
                23,
                3
              ],
              "uv": [
                77,
                171
              ]
            },
            {
              "origin": [
                28.56386,
                15.02543,
                -2.5
              ],
              "size": [
                0,
                5,
                4
              ],
              "pivot": [
                29.32431,
                15.28374,
                -0.5
              ],
              "rotation": [
                0,
                0,
                15
              ],
              "uv": [
                38,
                24
              ]
            },
            {
              "origin": [
                29.98832,
                15.35931,
                -2.5
              ],
              "size": [
                0,
                5,
                4
              ],
              "pivot": [
                29.22698,
                15.61792,
                -0.5
              ],
              "rotation": [
                0,
                0,
                132.5
              ],
              "uv": [
                0,
                0
              ]
            }
          ]
        },
        {
          "name": "right_arm",
          "parent": "body",
          "pivot": [
            -10,
            62.5,
            0
          ],
          "cubes": [
            {
              "origin": [
                -18,
                39.5,
                -4.5
              ],
              "size": [
                8,
                24,
                8
              ],
              "uv": [
                0,
                69
              ]
            }
          ]
        },
        {
          "name": "right_arm2",
          "parent": "right_arm",
          "pivot": [
            -12.5,
            40.5,
            1
          ],
          "cubes": [
            {
              "origin": [
                -18,
                20.5,
                -4.5
              ],
              "size": [
                8,
                19,
                8
              ],
              "uv": [
                0,
                112
              ]
            }
          ]
        },
        {
          "name": "blaster2",
          "parent": "right_arm2",
          "pivot": [
            -18.5,
            39.5,
            1
          ],
          "cubes": [
            {
              "origin": [
                -21.5,
                26.5,
                -1
              ],
              "size": [
                3,
                11,
                1
              ],
              "uv": [
                16,
                56
              ]
            },
            {
              "origin": [
                -28.5,
                46.1,
                -4
              ],
              "size": [
                7,
                5,
                7
              ],
              "inflate": -0.2,
              "uv": [
                162,
                13
              ]
            },
            {
              "origin": [
                -28,
                50.05,
                -4
              ],
              "size": [
                7,
                3,
                7
              ],
              "inflate": 0.1,
              "pivot": [
                -25,
                52.6,
                -0.5
              ],
              "rotation": [
                0,
                0,
                12.5
              ],
              "uv": [
                170,
                160
              ]
            },
            {
              "origin": [
                -28.35,
                51.05,
                -4
              ],
              "size": [
                7,
                10,
                7
              ],
              "pivot": [
                -25,
                52.6,
                -0.5
              ],
              "rotation": [
                0,
                0,
                -2.5
              ],
              "uv": [
                28,
                159
              ]
            },
            {
              "origin": [
                -28.5,
                27.5,
                -4
              ],
              "size": [
                7,
                19,
                7
              ],
              "inflate": -0.2,
              "uv": [
                117,
                27
              ]
            },
            {
              "origin": [
                -28.5,
                27.25,
                -4
              ],
              "size": [
                7,
                4,
                7
              ],
              "inflate": 0.3,
              "uv": [
                149,
                167
              ]
            },
            {
              "origin": [
                -27.5,
                22.5,
                -3
              ],
              "size": [
                5,
                7,
                5
              ],
              "inflate": 0.5,
              "uv": [
                138,
                20
              ]
            },
            {
              "origin": [
                -28.5,
                45.25,
                -4
              ],
              "size": [
                7,
                1,
                7
              ],
              "inflate": 0.1,
              "uv": [
                49,
                171
              ]
            },
            {
              "origin": [
                -28.5,
                42.5,
                -4
              ],
              "size": [
                7,
                1,
                7
              ],
              "inflate": 0.1,
              "uv": [
                168,
                119
              ]
            }
          ]
        },
        {
          "name": "power2",
          "parent": "blaster2",
          "pivot": [
            -25,
            19.75,
            -0.5
          ],
          "cubes": [
            {
              "origin": [
                -27.5,
                14.25,
                -3
              ],
              "size": [
                5,
                10,
                5
              ],
              "uv": [
                0,
                176
              ]
            },
            {
              "origin": [
                -27.5,
                14.25,
                -3
              ],
              "size": [
                5,
                10,
                5
              ],
              "inflate": -0.2,
              "uv": [
                121,
                175
              ]
            }
          ],
          "locators": {
            "trail2": [
              -25,
              14,
              -0.5
            ]
          }
        },
        {
          "name": "stem4",
          "parent": "blaster2",
          "pivot": [
            -22,
            38.5,
            -4.5
          ],
          "rotation": [
            0,
            60,
            0
          ],
          "cubes": [
            {
              "origin": [
                -23,
                19.5,
                -6
              ],
              "size": [
                1,
                23,
                3
              ],
              "uv": [
                165,
                185
              ]
            },
            {
              "origin": [
                -21.31386,
                15.02543,
                -6.5
              ],
              "size": [
                0,
                5,
                4
              ],
              "pivot": [
                -22.07431,
                15.28374,
                -4.5
              ],
              "rotation": [
                0,
                0,
                -15
              ],
              "uv": [
                103,
                23
              ]
            },
            {
              "origin": [
                -22.73832,
                15.35931,
                -6.5
              ],
              "size": [
                0,
                5,
                4
              ],
              "pivot": [
                -21.97698,
                15.61792,
                -4.5
              ],
              "rotation": [
                0,
                0,
                -132.5
              ],
              "uv": [
                72,
                99
              ]
            }
          ]
        },
        {
          "name": "stem5",
          "parent": "blaster2",
          "pivot": [
            -22,
            38.5,
            3.5
          ],
          "rotation": [
            0,
            -60,
            0
          ],
          "cubes": [
            {
              "origin": [
                -23,
                19.5,
                2
              ],
              "size": [
                1,
                23,
                3
              ],
              "uv": [
                112,
                179
              ]
            },
            {
              "origin": [
                -21.31386,
                15.02543,
                1.5
              ],
              "size": [
                0,
                5,
                4
              ],
              "pivot": [
                -22.07431,
                15.28374,
                3.5
              ],
              "rotation": [
                0,
                0,
                -15
              ],
              "uv": [
                93,
                2
              ]
            },
            {
              "origin": [
                -22.73832,
                15.35931,
                1.5
              ],
              "size": [
                0,
                5,
                4
              ],
              "pivot": [
                -21.97698,
                15.61792,
                3.5
              ],
              "rotation": [
                0,
                0,
                -132.5
              ],
              "uv": [
                48,
                88
              ]
            }
          ]
        },
        {
          "name": "stem6",
          "parent": "blaster2",
          "pivot": [
            -29.25,
            38.5,
            -0.5
          ],
          "rotation": [
            0,
            -180,
            0
          ],
          "cubes": [
            {
              "origin": [
                -30.25,
                19.5,
                -2
              ],
              "size": [
                1,
                23,
                3
              ],
              "uv": [
                104,
                179
              ]
            },
            {
              "origin": [
                -28.56386,
                15.02543,
                -2.5
              ],
              "size": [
                0,
                5,
                4
              ],
              "pivot": [
                -29.32431,
                15.28374,
                -0.5
              ],
              "rotation": [
                0,
                0,
                -15
              ],
              "uv": [
                85,
                2
              ]
            },
            {
              "origin": [
                -29.98832,
                15.35931,
                -2.5
              ],
              "size": [
                0,
                5,
                4
              ],
              "pivot": [
                -29.22698,
                15.61792,
                -0.5
              ],
              "rotation": [
                0,
                0,
                -132.5
              ],
              "uv": [
                47,
                73
              ]
            }
          ]
        },
        {
          "name": "rocket",
          "parent": "body",
          "pivot": [
            0,
            52.61551,
            7.92191
          ],
          "cubes": [
            {
              "origin": [
                -7,
                47,
                8
              ],
              "size": [
                14,
                13,
                5
              ],
              "inflate": 0.2,
              "uv": [
                113,
                98
              ]
            },
            {
              "origin": [
                -9,
                48,
                4
              ],
              "size": [
                9,
                13,
                5
              ],
              "inflate": 0.2,
              "uv": [
                149,
                149
              ]
            },
            {
              "origin": [
                0,
                48,
                4
              ],
              "size": [
                9,
                13,
                5
              ],
              "inflate": 0.2,
              "uv": [
                145,
                123
              ]
            },
            {
              "origin": [
                -8,
                52,
                10
              ],
              "size": [
                1,
                7,
                2
              ],
              "uv": [
                36,
                120
              ]
            },
            {
              "origin": [
                -8,
                46,
                10
              ],
              "size": [
                1,
                7,
                2
              ],
              "uv": [
                72,
                108
              ]
            },
            {
              "origin": [
                -11.9,
                50,
                9
              ],
              "size": [
                4,
                15,
                4
              ],
              "uv": [
                52,
                179
              ]
            },
            {
              "origin": [
                -11.9,
                42,
                9
              ],
              "size": [
                4,
                15,
                4
              ],
              "inflate": -0.3,
              "uv": [
                141,
                178
              ]
            },
            {
              "origin": [
                -11.9,
                40,
                9
              ],
              "size": [
                4,
                3,
                4
              ],
              "inflate": 0.3,
              "uv": [
                88,
                145
              ]
            },
            {
              "origin": [
                -11.9,
                36.75,
                9
              ],
              "size": [
                4,
                3,
                4
              ],
              "uv": [
                53,
                139
              ]
            },
            {
              "origin": [
                -11.9,
                64,
                9
              ],
              "size": [
                4,
                3,
                4
              ],
              "inflate": 0.4,
              "uv": [
                127,
                0
              ]
            },
            {
              "origin": [
                7.9,
                50,
                9
              ],
              "size": [
                4,
                15,
                4
              ],
              "uv": [
                36,
                176
              ]
            },
            {
              "origin": [
                7.9,
                64,
                9
              ],
              "size": [
                4,
                3,
                4
              ],
              "inflate": 0.4,
              "uv": [
                121,
                85
              ]
            },
            {
              "origin": [
                7.9,
                36.75,
                9
              ],
              "size": [
                4,
                3,
                4
              ],
              "uv": [
                56,
                103
              ]
            },
            {
              "origin": [
                7.9,
                40,
                9
              ],
              "size": [
                4,
                3,
                4
              ],
              "inflate": 0.3,
              "uv": [
                81,
                71
              ]
            },
            {
              "origin": [
                7.9,
                42,
                9
              ],
              "size": [
                4,
                15,
                4
              ],
              "inflate": -0.3,
              "uv": [
                20,
                176
              ]
            },
            {
              "origin": [
                7,
                46,
                10
              ],
              "size": [
                1,
                7,
                2
              ],
              "uv": [
                108,
                40
              ]
            },
            {
              "origin": [
                7,
                52,
                10
              ],
              "size": [
                1,
                7,
                2
              ],
              "uv": [
                96,
                11
              ]
            },
            {
              "origin": [
                -6,
                42.5,
                7.5
              ],
              "size": [
                12,
                5,
                5
              ],
              "inflate": 0.2,
              "pivot": [
                0,
                44.5,
                10.5
              ],
              "rotation": [
                -10,
                0,
                0
              ],
              "uv": [
                152,
                0
              ]
            }
          ],
          "locators": {
            "thrust": {
              "offset": [
                -10,
                40,
                11
              ],
              "rotation": [
                180,
                0,
                0
              ]
            },
            "thrust2": {
              "offset": [
                10,
                40,
                11
              ],
              "rotation": [
                180,
                0,
                0
              ]
            }
          }
        },
        {
          "name": "head",
          "parent": "body",
          "pivot": [
            0,
            64,
            0
          ],
          "cubes": [
            {
              "origin": [
                -0.92,
                61.58,
                -0.92
              ],
              "size": [
                1.84,
                2.76,
                1.84
              ],
              "uv": [
                45,
                0
              ]
            },
            {
              "origin": [
                -0.92,
                62.5,
                -0.92
              ],
              "size": [
                1.84,
                1.84,
                1.84
              ],
              "uv": [
                44,
                9
              ]
            },
            {
              "origin": [
                -4.6,
                64.34,
                -3.68
              ],
              "size": [
                9.2,
                12.88,
                5.52
              ],
              "uv": [
                158,
                40
              ]
            },
            {
              "origin": [
                -4.6,
                69.86,
                -5.566
              ],
              "size": [
                9.2,
                12.88,
                5.52
              ],
              "uv": [
                155,
                92
              ]
            },
            {
              "origin": [
                -3.2,
                86.86,
                -5.916
              ],
              "size": [
                9.2,
                0,
                5.52
              ],
              "pivot": [
                0,
                82.86,
                -3.056
              ],
              "rotation": [
                0,
                12.5,
                -62.5
              ],
              "uv": [
                22,
                5
              ]
            },
            {
              "origin": [
                -6,
                86.86,
                -5.916
              ],
              "size": [
                9.2,
                0,
                5.52
              ],
              "pivot": [
                0,
                82.86,
                -3.056
              ],
              "rotation": [
                0,
                -12.5,
                62.5
              ],
              "uv": [
                22,
                0
              ]
            },
            {
              "origin": [
                -4.6,
                78.36,
                -10.566
              ],
              "size": [
                9.2,
                3.88,
                5.52
              ],
              "inflate": -0.1,
              "pivot": [
                0,
                81.3,
                -8.306
              ],
              "rotation": [
                5,
                0,
                0
              ],
              "uv": [
                158,
                57
              ]
            },
            {
              "origin": [
                -8.304,
                63.856,
                -9.224
              ],
              "size": [
                16.608,
                6.488,
                5.568
              ],
              "inflate": -0.3,
              "uv": [
                112,
                54
              ]
            },
            {
              "origin": [
                -3.244,
                68.836,
                -9.024
              ],
              "size": [
                6.488,
                12.008,
                5.568
              ],
              "inflate": -0.3,
              "uv": [
                104,
                162
              ]
            },
            {
              "origin": [
                2.506,
                65.996,
                -4.624
              ],
              "size": [
                6.488,
                21.968,
                5.568
              ],
              "inflate": -0.3,
              "pivot": [
                0,
                57.58,
                0
              ],
              "rotation": [
                0,
                0,
                5
              ],
              "uv": [
                127,
                149
              ]
            },
            {
              "origin": [
                8.494,
                67.996,
                -4.874
              ],
              "size": [
                2,
                18,
                6
              ],
              "pivot": [
                0,
                57.58,
                0
              ],
              "rotation": [
                0,
                0,
                5
              ],
              "uv": [
                88,
                162
              ]
            },
            {
              "origin": [
                13.15009,
                82.09466,
                -4.874
              ],
              "size": [
                2,
                6,
                6
              ],
              "inflate": 0.1,
              "pivot": [
                11.15009,
                76.09466,
                -1.874
              ],
              "rotation": [
                0,
                0,
                -12.5
              ],
              "uv": [
                186,
                45
              ]
            },
            {
              "origin": [
                9.72991,
                63.91188,
                -4.874
              ],
              "size": [
                2,
                6,
                6
              ],
              "inflate": 0.1,
              "pivot": [
                10.72991,
                66.91188,
                -1.874
              ],
              "rotation": [
                0,
                0,
                -157.5
              ],
              "uv": [
                184,
                19
              ]
            },
            {
              "origin": [
                12.90009,
                84.59466,
                -2.374
              ],
              "size": [
                2,
                1,
                1
              ],
              "inflate": 0.1,
              "pivot": [
                11.15009,
                76.09466,
                -1.874
              ],
              "rotation": [
                0,
                0,
                -12.5
              ],
              "uv": [
                10,
                46
              ]
            },
            {
              "origin": [
                12.90009,
                67.59466,
                -2.374
              ],
              "size": [
                2,
                1,
                1
              ],
              "inflate": 0.1,
              "pivot": [
                11.15009,
                76.09466,
                -1.874
              ],
              "rotation": [
                0,
                0,
                25
              ],
              "uv": [
                0,
                46
              ]
            },
            {
              "origin": [
                -15.15009,
                82.09466,
                -4.874
              ],
              "size": [
                2,
                6,
                6
              ],
              "inflate": 0.1,
              "pivot": [
                -11.15009,
                76.09466,
                -1.874
              ],
              "rotation": [
                0,
                0,
                12.5
              ],
              "uv": [
                181,
                33
              ]
            },
            {
              "origin": [
                -11.72991,
                63.91188,
                -4.874
              ],
              "size": [
                2,
                6,
                6
              ],
              "inflate": 0.1,
              "pivot": [
                -10.72991,
                66.91188,
                -1.874
              ],
              "rotation": [
                0,
                0,
                157.5
              ],
              "uv": [
                97,
                125
              ]
            },
            {
              "origin": [
                -14.90009,
                84.59466,
                -2.374
              ],
              "size": [
                2,
                1,
                1
              ],
              "inflate": 0.1,
              "pivot": [
                -11.15009,
                76.09466,
                -1.874
              ],
              "rotation": [
                0,
                0,
                12.5
              ],
              "uv": [
                10,
                44
              ]
            },
            {
              "origin": [
                -14.90009,
                67.59466,
                -2.374
              ],
              "size": [
                2,
                1,
                1
              ],
              "inflate": 0.1,
              "pivot": [
                -11.15009,
                76.09466,
                -1.874
              ],
              "rotation": [
                0,
                0,
                -25
              ],
              "uv": [
                0,
                44
              ]
            },
            {
              "origin": [
                -10.494,
                67.996,
                -4.874
              ],
              "size": [
                2,
                18,
                6
              ],
              "pivot": [
                0,
                57.58,
                0
              ],
              "rotation": [
                0,
                0,
                -5
              ],
              "uv": [
                0,
                44
              ]
            },
            {
              "origin": [
                -8.994,
                65.996,
                -4.624
              ],
              "size": [
                6.488,
                21.968,
                5.568
              ],
              "inflate": -0.3,
              "pivot": [
                0,
                57.58,
                0
              ],
              "rotation": [
                0,
                0,
                -5
              ],
              "uv": [
                66,
                145
              ]
            }
          ],
          "locators": {
            "spark5": [
              6.6,
              74.46,
              -2.76
            ],
            "spark6": [
              7.44,
              80.42,
              -2.76
            ],
            "spark8": [
              -7.44,
              81.42,
              -2.76
            ],
            "spark7": [
              -6.6,
              74.46,
              -2.76
            ]
          }
        },
        {
          "name": "left_leg",
          "parent": "root",
          "pivot": [
            4,
            36,
            0
          ],
          "cubes": [
            {
              "origin": [
                1,
                18,
                -4.5
              ],
              "size": [
                8,
                19,
                8
              ],
              "inflate": 0.1,
              "uv": [
                24,
                92
              ]
            }
          ]
        },
        {
          "name": "left_leg2",
          "parent": "left_leg",
          "pivot": [
            3.5,
            19,
            0
          ],
          "cubes": [
            {
              "origin": [
                1,
                0,
                -4.5
              ],
              "size": [
                8,
                19,
                8
              ],
              "uv": [
                89,
                70
              ]
            }
          ]
        },
        {
          "name": "right_leg",
          "parent": "root",
          "pivot": [
            -5,
            36,
            0
          ],
          "cubes": [
            {
              "origin": [
                -9,
                18,
                -4.5
              ],
              "size": [
                8,
                19,
                8
              ],
              "inflate": 0.1,
              "uv": [
                24,
                93
              ]
            }
          ]
        },
        {
          "name": "right_leg2",
          "parent": "right_leg",
          "pivot": [
            -4.5,
            19,
            0
          ],
          "cubes": [
            {
              "origin": [
                -9,
                0,
                -4.5
              ],
              "size": [
                8,
                19,
                8
              ],
              "uv": [
                89,
                71
              ]
            }
          ]
        }
      ]
    }
  ]
}