{
  "format_version": "1.12.0",
  "minecraft:geometry": [
    {
      "description": {
        "identifier": "geometry.lv_upgraded_titan_cameraman",
        "texture_width": 256,
        "texture_height": 256,
        "visible_bounds_width": 6,
        "visible_bounds_height": 10,
        "visible_bounds_offset": [
          0,
          4,
          0
        ]
      },
      "bones": [
        {
          "name": "root",
          "pivot": [
            0,
            16,
            0
          ]
        },
        {
          "name": "waist",
          "parent": "root",
          "pivot": [
            0,
            36,
            0
          ],
          "cubes": [
            {
              "origin": [
                -8.5,
                36,
                -5
              ],
              "size": [
                17,
                10,
                9
              ],
              "uv": [
                0,
                93
              ]
            },
            {
              "origin": [
                -9.5,
                36,
                -5
              ],
              "size": [
                19,
                10,
                9
              ],
              "inflate": 0.2,
              "uv": [
                58,
                82
              ]
            }
          ]
        },
        {
          "name": "body",
          "parent": "waist",
          "pivot": [
            0,
            46,
            0
          ],
          "cubes": [
            {
              "origin": [
                -9.5,
                56,
                -6
              ],
              "size": [
                19,
                8,
                11
              ],
              "inflate": 0.2,
              "uv": [
                79,
                0
              ]
            },
            {
              "origin": [
                -9.5,
                55,
                -6
              ],
              "size": [
                19,
                9,
                11
              ],
              "inflate": 0.4,
              "uv": [
                40,
                38
              ]
            },
            {
              "origin": [
                -9,
                46,
                -6
              ],
              "size": [
                18,
                10,
                11
              ],
              "uv": [
                0,
                72
              ]
            },
            {
              "origin": [
                -9,
                46,
                -6
              ],
              "size": [
                18,
                10,
                11
              ],
              "inflate": 0.2,
              "uv": [
                55,
                61
              ]
            }
          ]
        },
        {
          "name": "core",
          "parent": "body",
          "pivot": [
            -2.5,
            57,
            -6
          ],
          "cubes": [
            {
              "origin": [
                -3.5,
                52,
                -8
              ],
              "size": [
                7,
                7,
                4
              ],
              "inflate": 0.2,
              "uv": [
                172,
                80
              ]
            },
            {
              "origin": [
                -4,
                49,
                -5.5
              ],
              "size": [
                8,
                11,
                4
              ],
              "inflate": 1.2,
              "uv": [
                162,
                18
              ]
            },
            {
              "origin": [
                -4,
                43,
                -5.9
              ],
              "size": [
                8,
                11,
                4
              ],
              "inflate": 0.2,
              "uv": [
                106,
                161
              ]
            },
            {
              "origin": [
                -6,
                46,
                -8.5
              ],
              "size": [
                12,
                15,
                2
              ],
              "inflate": 0.2,
              "uv": [
                36,
                148
              ]
            },
            {
              "origin": [
                -5,
                47,
                -10.7
              ],
              "size": [
                10,
                13,
                2
              ],
              "inflate": 0.6,
              "uv": [
                41,
                0
              ]
            },
            {
              "origin": [
                -3.5,
                52,
                -7.5
              ],
              "size": [
                7,
                7,
                4
              ],
              "inflate": 0.1,
              "uv": [
                162,
                33
              ]
            }
          ],
          "locators": {
            "flame": [
              0,
              55.5,
              -9
            ]
          }
        },
        {
          "name": "spike1",
          "parent": "core",
          "pivot": [
            6.4588,
            59,
            -7.05656
          ],
          "rotation": [
            0,
            5,
            0
          ],
          "cubes": [
            {
              "origin": [
                6,
                58.5,
                -12
              ],
              "size": [
                1,
                1,
                5
              ],
              "pivot": [
                7.5,
                59,
                -7
              ],
              "rotation": [
                0,
                -17.5,
                0
              ],
              "uv": [
                76,
                32
              ]
            }
          ]
        },
        {
          "name": "spike_12",
          "parent": "spike1",
          "pivot": [
            7.8588,
            59,
            -12.20656
          ],
          "rotation": [
            0,
            17.5,
            0
          ],
          "cubes": [
            {
              "origin": [
                5.12274,
                58.03848,
                -17.69071
              ],
              "size": [
                0,
                1,
                6
              ],
              "pivot": [
                6.37274,
                58.43848,
                -13.44071
              ],
              "rotation": [
                26.56362,
                86.75516,
                9.29026
              ],
              "uv": [
                12,
                26
              ]
            }
          ]
        },
        {
          "name": "spike2",
          "parent": "core",
          "pivot": [
            -6.4588,
            59,
            -7.05656
          ],
          "rotation": [
            0,
            -5,
            0
          ],
          "cubes": [
            {
              "origin": [
                -7,
                58.5,
                -12
              ],
              "size": [
                1,
                1,
                5
              ],
              "pivot": [
                -7.5,
                59,
                -7
              ],
              "rotation": [
                0,
                17.5,
                0
              ],
              "uv": [
                52,
                58
              ]
            }
          ]
        },
        {
          "name": "spike_2",
          "parent": "spike2",
          "pivot": [
            -7.8588,
            59,
            -12.20656
          ],
          "rotation": [
            0,
            -17.5,
            0
          ],
          "cubes": [
            {
              "origin": [
                -5.12274,
                58.03848,
                -17.69071
              ],
              "size": [
                0,
                1,
                6
              ],
              "pivot": [
                -6.37274,
                58.43848,
                -13.44071
              ],
              "rotation": [
                26.56362,
                -86.75516,
                -9.29026
              ],
              "uv": [
                0,
                26
              ]
            }
          ]
        },
        {
          "name": "spike3",
          "parent": "core",
          "pivot": [
            0.0412,
            43.75,
            -7.05656
          ],
          "rotation": [
            0,
            0,
            -90
          ],
          "cubes": [
            {
              "origin": [
                -0.5,
                43.25,
                -12
              ],
              "size": [
                1,
                1,
                5
              ],
              "pivot": [
                -1,
                43.75,
                -7
              ],
              "rotation": [
                0,
                17.5,
                0
              ],
              "uv": [
                40,
                58
              ]
            }
          ]
        },
        {
          "name": "spike_3",
          "parent": "spike3",
          "pivot": [
            -1.3588,
            43.75,
            -12.20656
          ],
          "rotation": [
            0,
            -17.5,
            0
          ],
          "cubes": [
            {
              "origin": [
                1.37726,
                43.28848,
                -17.69071
              ],
              "size": [
                0,
                1,
                6
              ],
              "pivot": [
                0.12726,
                43.18848,
                -13.44071
              ],
              "rotation": [
                0,
                -86.75516,
                0
              ],
              "uv": [
                22,
                1
              ]
            }
          ]
        },
        {
          "name": "shield",
          "parent": "core",
          "pivot": [
            -2,
            44,
            -6
          ],
          "cubes": [
            {
              "origin": [
                -3,
                43,
                -8.75
              ],
              "size": [
                3,
                4,
                3
              ],
              "inflate": -0.1,
              "pivot": [
                -2,
                44,
                -6
              ],
              "rotation": [
                10,
                0,
                0
              ],
              "uv": [
                22,
                0
              ]
            }
          ]
        },
        {
          "name": "shield2",
          "parent": "core",
          "pivot": [
            2,
            44,
            -6
          ],
          "cubes": [
            {
              "origin": [
                0,
                43,
                -8.75
              ],
              "size": [
                3,
                4,
                3
              ],
              "inflate": -0.1,
              "pivot": [
                2,
                44,
                -6
              ],
              "rotation": [
                10,
                0,
                0
              ],
              "uv": [
                22,
                0
              ]
            }
          ]
        },
        {
          "name": "left_arm",
          "parent": "body",
          "pivot": [
            9,
            62.5,
            0
          ],
          "cubes": [
            {
              "origin": [
                10,
                39.5,
                -4.5
              ],
              "size": [
                7,
                24,
                8
              ],
              "uv": [
                0,
                0
              ]
            }
          ]
        },
        {
          "name": "left_arm2",
          "parent": "left_arm",
          "pivot": [
            11.5,
            40.5,
            1
          ],
          "cubes": [
            {
              "origin": [
                10,
                20.5,
                -4.5
              ],
              "size": [
                7,
                19,
                8
              ],
              "uv": [
                96,
                133
              ]
            }
          ]
        },
        {
          "name": "laser",
          "parent": "left_arm2",
          "pivot": [
            16.5,
            32.5,
            0
          ],
          "cubes": [
            {
              "origin": [
                16.5,
                31.5,
                -4
              ],
              "size": [
                6,
                7,
                7
              ],
              "uv": [
                80,
                160
              ]
            },
            {
              "origin": [
                15.5,
                38.5,
                -4.3
              ],
              "size": [
                7,
                7,
                8
              ],
              "uv": [
                151,
                118
              ]
            },
            {
              "origin": [
                17.75,
                24.5,
                -4
              ],
              "size": [
                4,
                7,
                7
              ],
              "uv": [
                24,
                165
              ]
            },
            {
              "origin": [
                18.25,
                17.5,
                -2
              ],
              "size": [
                3,
                7,
                3
              ],
              "inflate": -0.2,
              "uv": [
                124,
                88
              ]
            },
            {
              "origin": [
                18.25,
                17.6,
                -2
              ],
              "size": [
                3,
                7,
                3
              ],
              "inflate": 0.2,
              "uv": [
                12,
                52
              ]
            }
          ]
        },
        {
          "name": "right_arm",
          "parent": "body",
          "pivot": [
            -10,
            62.5,
            0
          ],
          "cubes": [
            {
              "origin": [
                -17,
                39.5,
                -4.5
              ],
              "size": [
                7,
                24,
                8
              ],
              "uv": [
                0,
                0
              ]
            }
          ]
        },
        {
          "name": "right_arm2",
          "parent": "right_arm",
          "pivot": [
            -12.5,
            40.5,
            1
          ],
          "cubes": [
            {
              "origin": [
                -17,
                20.5,
                -4.5
              ],
              "size": [
                7,
                19,
                8
              ],
              "uv": [
                96,
                133
              ]
            }
          ]
        },
        {
          "name": "jackhammer",
          "parent": "right_arm2",
          "pivot": [
            -13.5,
            23.5,
            1
          ],
          "cubes": [
            {
              "origin": [
                -15.25,
                21,
                -26
              ],
              "size": [
                3,
                3,
                35
              ],
              "uv": [
                0,
                0
              ]
            },
            {
              "origin": [
                -16.25,
                20,
                -29
              ],
              "size": [
                5,
                5,
                5
              ],
              "uv": [
                172,
                97
              ]
            },
            {
              "origin": [
                -15.75,
                20.5,
                -12.5
              ],
              "size": [
                4,
                4,
                4
              ],
              "uv": [
                102,
                56
              ]
            },
            {
              "origin": [
                -17.75,
                14,
                -23
              ],
              "size": [
                8,
                19,
                8
              ],
              "uv": [
                64,
                133
              ]
            },
            {
              "origin": [
                -18.25,
                10,
                -23.25
              ],
              "size": [
                9,
                7,
                9
              ],
              "uv": [
                0,
                148
              ]
            },
            {
              "origin": [
                -18.25,
                -9,
                -23.25
              ],
              "size": [
                9,
                7,
                9
              ],
              "pivot": [
                -13.75,
                13.5,
                -18.75
              ],
              "rotation": [
                180,
                0,
                0
              ],
              "uv": [
                141,
                102
              ]
            },
            {
              "origin": [
                -17.25,
                -11.8,
                -22.25
              ],
              "size": [
                7,
                3,
                7
              ],
              "pivot": [
                -13.75,
                13.5,
                -18.75
              ],
              "rotation": [
                180,
                0,
                0
              ],
              "uv": [
                155,
                70
              ]
            }
          ],
          "locators": {
            "thrust3": [
              -13.75,
              37,
              -18.75
            ]
          }
        },
        {
          "name": "camera_1",
          "parent": "body",
          "pivot": [
            -11.5,
            59,
            0
          ],
          "rotation": [
            0,
            0,
            -15
          ],
          "cubes": [
            {
              "origin": [
                -14.49191,
                62.1572,
                -1
              ],
              "size": [
                2,
                2,
                2
              ],
              "uv": [
                79,
                6
              ]
            },
            {
              "origin": [
                -14.99191,
                64.1572,
                -8.5
              ],
              "size": [
                5,
                5,
                14
              ],
              "uv": [
                131,
                69
              ]
            },
            {
              "origin": [
                -14.99191,
                64.1572,
                -9.5
              ],
              "size": [
                5,
                5,
                15
              ],
              "inflate": 0.2,
              "uv": [
                37,
                101
              ]
            }
          ]
        },
        {
          "name": "camera_2",
          "parent": "body",
          "pivot": [
            11.5,
            59,
            0
          ],
          "rotation": [
            0,
            0,
            15
          ],
          "cubes": [
            {
              "origin": [
                12.49191,
                62.1572,
                -1
              ],
              "size": [
                2,
                2,
                2
              ],
              "uv": [
                47,
                58
              ]
            },
            {
              "origin": [
                10.99191,
                64.1572,
                -8.5
              ],
              "size": [
                5,
                5,
                14
              ],
              "uv": [
                131,
                69
              ]
            },
            {
              "origin": [
                10.99191,
                64.1572,
                -9.5
              ],
              "size": [
                5,
                5,
                15
              ],
              "inflate": 0.2,
              "uv": [
                37,
                101
              ]
            }
          ]
        },
        {
          "name": "head",
          "parent": "body",
          "pivot": [
            0,
            64,
            0
          ],
          "cubes": [
            {
              "origin": [
                -2,
                63,
                -2
              ],
              "size": [
                4,
                2,
                6
              ],
              "uv": [
                56,
                121
              ]
            },
            {
              "origin": [
                -3.5,
                65,
                -13
              ],
              "size": [
                7,
                8,
                24
              ],
              "uv": [
                41,
                0
              ]
            },
            {
              "origin": [
                0,
                73,
                -8
              ],
              "size": [
                0,
                9,
                15
              ],
              "uv": [
                0,
                124
              ]
            },
            {
              "origin": [
                -0.5,
                81.5,
                -2.75
              ],
              "size": [
                1,
                1,
                10
              ],
              "uv": [
                62,
                101
              ]
            },
            {
              "origin": [
                -0.5,
                77.5,
                -8.25
              ],
              "size": [
                1,
                1,
                10
              ],
              "pivot": [
                0,
                82,
                2.25
              ],
              "rotation": [
                90,
                0,
                0
              ],
              "uv": [
                0,
                52
              ]
            },
            {
              "origin": [
                -0.5,
                73,
                -13
              ],
              "size": [
                1,
                8,
                1
              ],
              "uv": [
                30,
                8
              ]
            },
            {
              "origin": [
                3.7625,
                66.97433,
                -9.52231
              ],
              "size": [
                2.6,
                2.6,
                5.2
              ],
              "pivot": [
                4.9,
                70.22433,
                -7.57231
              ],
              "rotation": [
                14.55405,
                -17.12789,
                5.04176
              ],
              "uv": [
                118,
                133
              ]
            },
            {
              "origin": [
                3.275,
                68.92433,
                -11.47231
              ],
              "size": [
                3.25,
                2.6,
                7.8
              ],
              "pivot": [
                4.9,
                70.22433,
                -7.57231
              ],
              "rotation": [
                -0.98448,
                -7.43547,
                7.56397
              ],
              "uv": [
                41,
                15
              ],
              "mirror": true
            },
            {
              "origin": [
                4.25,
                71.52433,
                -7.08481
              ],
              "size": [
                1.95,
                2.6,
                1.3
              ],
              "pivot": [
                4.9,
                70.22433,
                -7.57231
              ],
              "rotation": [
                -0.98448,
                -7.43547,
                7.56397
              ],
              "uv": [
                31,
                0
              ],
              "mirror": true
            },
            {
              "origin": [
                3.7275,
                66.93933,
                -9.55731
              ],
              "size": [
                2.67,
                2.67,
                5.27
              ],
              "inflate": -0.1,
              "pivot": [
                4.9,
                70.22433,
                -7.57231
              ],
              "rotation": [
                14.55405,
                -17.12789,
                5.04176
              ],
              "uv": [
                43,
                93
              ],
              "mirror": true
            },
            {
              "origin": [
                -6.3625,
                66.97433,
                -9.52231
              ],
              "size": [
                2.6,
                2.6,
                5.2
              ],
              "pivot": [
                -4.9,
                70.22433,
                -7.57231
              ],
              "rotation": [
                14.55405,
                17.12789,
                -5.04176
              ],
              "uv": [
                118,
                133
              ]
            },
            {
              "origin": [
                -6.525,
                68.92433,
                -11.47231
              ],
              "size": [
                3.25,
                2.6,
                7.8
              ],
              "pivot": [
                -4.9,
                70.22433,
                -7.57231
              ],
              "rotation": [
                -0.98448,
                7.43547,
                -7.56397
              ],
              "uv": [
                41,
                15
              ]
            },
            {
              "origin": [
                -6.2,
                71.52433,
                -7.08481
              ],
              "size": [
                1.95,
                2.6,
                1.3
              ],
              "pivot": [
                -4.9,
                70.22433,
                -7.57231
              ],
              "rotation": [
                -0.98448,
                7.43547,
                -7.56397
              ],
              "uv": [
                31,
                0
              ]
            },
            {
              "origin": [
                -6.3975,
                66.93933,
                -9.55731
              ],
              "size": [
                2.67,
                2.67,
                5.27
              ],
              "inflate": -0.1,
              "pivot": [
                -4.9,
                70.22433,
                -7.57231
              ],
              "rotation": [
                14.55405,
                17.12789,
                -5.04176
              ],
              "uv": [
                43,
                93
              ]
            },
            {
              "origin": [
                -2.5,
                67.25,
                -16.25
              ],
              "size": [
                5,
                5,
                4
              ],
              "uv": [
                181,
                124
              ]
            },
            {
              "origin": [
                -2.5,
                67.25,
                -16.25
              ],
              "size": [
                5,
                5,
                4
              ],
              "inflate": -0.2,
              "uv": [
                179,
                44
              ]
            },
            {
              "origin": [
                -3.5,
                65,
                -15
              ],
              "size": [
                7,
                8,
                26
              ],
              "inflate": 0.4,
              "uv": [
                0,
                38
              ]
            },
            {
              "origin": [
                2.9191,
                71.33742,
                -14.75
              ],
              "size": [
                0,
                7,
                11
              ],
              "pivot": [
                2.8691,
                75.33742,
                -8.5
              ],
              "rotation": [
                0,
                0,
                -35
              ],
              "uv": [
                0,
                27
              ]
            },
            {
              "origin": [
                -2.9191,
                71.33742,
                -14.75
              ],
              "size": [
                0,
                7,
                11
              ],
              "pivot": [
                -2.8691,
                75.33742,
                -8.5
              ],
              "rotation": [
                0,
                0,
                35
              ],
              "uv": [
                0,
                27
              ]
            }
          ]
        },
        {
          "name": "ear",
          "parent": "head",
          "pivot": [
            -4,
            73,
            -0.5
          ]
        },
        {
          "name": "ear2",
          "parent": "head",
          "pivot": [
            4,
            73,
            -0.5
          ]
        },
        {
          "name": "rocket",
          "parent": "body",
          "pivot": [
            0,
            49.61551,
            7.92191
          ],
          "cubes": [
            {
              "origin": [
                -7,
                45,
                7
              ],
              "size": [
                14,
                13,
                5
              ],
              "uv": [
                139,
                0
              ]
            },
            {
              "origin": [
                -8,
                52,
                5
              ],
              "size": [
                16,
                9,
                5
              ],
              "uv": [
                137,
                46
              ]
            },
            {
              "origin": [
                -7,
                43,
                5
              ],
              "size": [
                14,
                9,
                5
              ],
              "inflate": 0.2,
              "uv": [
                139,
                88
              ]
            },
            {
              "origin": [
                7.9,
                49,
                12
              ],
              "size": [
                4,
                15,
                4
              ],
              "pivot": [
                8.7,
                52.875,
                11.5
              ],
              "rotation": [
                0,
                -77.5,
                0
              ],
              "uv": [
                80,
                174
              ]
            },
            {
              "origin": [
                4.51899,
                61,
                11.21265
              ],
              "size": [
                4,
                3,
                4
              ],
              "inflate": 0.4,
              "pivot": [
                6.51899,
                62.5,
                13.21265
              ],
              "rotation": [
                0,
                -90,
                0
              ],
              "uv": [
                182,
                29
              ]
            },
            {
              "origin": [
                7.9,
                34.75,
                12
              ],
              "size": [
                4,
                3,
                4
              ],
              "pivot": [
                8.7,
                47.875,
                11.5
              ],
              "rotation": [
                0,
                -77.5,
                0
              ],
              "uv": [
                179,
                53
              ]
            },
            {
              "origin": [
                7.9,
                38,
                12
              ],
              "size": [
                4,
                3,
                4
              ],
              "inflate": 0.3,
              "pivot": [
                8.7,
                47.875,
                11.5
              ],
              "rotation": [
                0,
                -77.5,
                0
              ],
              "uv": [
                176,
                70
              ]
            },
            {
              "origin": [
                7.9,
                40,
                12
              ],
              "size": [
                4,
                15,
                4
              ],
              "inflate": -0.3,
              "pivot": [
                8.7,
                47.875,
                11.5
              ],
              "rotation": [
                0,
                -77.5,
                0
              ],
              "uv": [
                172,
                133
              ]
            },
            {
              "origin": [
                7,
                43,
                12
              ],
              "size": [
                1,
                7,
                2
              ],
              "pivot": [
                8.7,
                47.875,
                11.5
              ],
              "rotation": [
                0,
                -77.5,
                0
              ],
              "uv": [
                40,
                38
              ]
            },
            {
              "origin": [
                7,
                49,
                12
              ],
              "size": [
                1,
                7,
                2
              ],
              "pivot": [
                8.7,
                47.875,
                11.5
              ],
              "rotation": [
                0,
                -77.5,
                0
              ],
              "uv": [
                40,
                38
              ]
            },
            {
              "origin": [
                -11.9,
                34.75,
                12
              ],
              "size": [
                4,
                3,
                4
              ],
              "pivot": [
                -8.7,
                47.875,
                11.5
              ],
              "rotation": [
                0,
                77.5,
                0
              ],
              "uv": [
                179,
                53
              ]
            },
            {
              "origin": [
                -11.9,
                38,
                12
              ],
              "size": [
                4,
                3,
                4
              ],
              "inflate": 0.3,
              "pivot": [
                -8.7,
                47.875,
                11.5
              ],
              "rotation": [
                0,
                77.5,
                0
              ],
              "uv": [
                176,
                70
              ]
            },
            {
              "origin": [
                -11.9,
                49,
                12
              ],
              "size": [
                4,
                15,
                4
              ],
              "pivot": [
                -8.7,
                52.875,
                11.5
              ],
              "rotation": [
                0,
                77.5,
                0
              ],
              "uv": [
                80,
                174
              ]
            },
            {
              "origin": [
                -11.9,
                40,
                12
              ],
              "size": [
                4,
                15,
                4
              ],
              "inflate": -0.3,
              "pivot": [
                -8.7,
                47.875,
                11.5
              ],
              "rotation": [
                0,
                77.5,
                0
              ],
              "uv": [
                172,
                133
              ]
            },
            {
              "origin": [
                -8.51899,
                61,
                11.21265
              ],
              "size": [
                4,
                3,
                4
              ],
              "inflate": 0.4,
              "pivot": [
                -6.51899,
                62.5,
                13.21265
              ],
              "rotation": [
                0,
                90,
                0
              ],
              "uv": [
                101,
                106
              ]
            },
            {
              "origin": [
                -7,
                49,
                12
              ],
              "size": [
                1,
                7,
                2
              ],
              "pivot": [
                -8.7,
                47.875,
                11.5
              ],
              "rotation": [
                0,
                77.5,
                0
              ],
              "uv": [
                0,
                52
              ]
            },
            {
              "origin": [
                -7,
                43,
                12
              ],
              "size": [
                1,
                7,
                2
              ],
              "pivot": [
                -8.7,
                47.875,
                11.5
              ],
              "rotation": [
                0,
                77.5,
                0
              ],
              "uv": [
                40,
                38
              ]
            },
            {
              "origin": [
                -5,
                40.5,
                5.5
              ],
              "size": [
                12,
                5,
                5
              ],
              "pivot": [
                0,
                41.5,
                10.5
              ],
              "rotation": [
                -10,
                0,
                0
              ],
              "uv": [
                155,
                60
              ]
            }
          ],
          "locators": {
            "thrust2": {
              "offset": [
                6.5,
                37,
                13.25
              ],
              "rotation": [
                180,
                0,
                0
              ]
            },
            "thrust": {
              "offset": [
                -6.5,
                37,
                13.25
              ],
              "rotation": [
                180,
                0,
                0
              ]
            }
          }
        },
        {
          "name": "left_big_wing",
          "parent": "rocket",
          "pivot": [
            6,
            54.61551,
            6.92191
          ],
          "cubes": [
            {
              "origin": [
                3,
                30.61551,
                5.92191
              ],
              "size": [
                8,
                27,
                0
              ],
              "pivot": [
                6,
                56.61551,
                6.92191
              ],
              "rotation": [
                0,
                0,
                -7.5
              ],
              "uv": [
                64,
                160
              ]
            },
            {
              "origin": [
                6.95205,
                10.46556,
                9.29693
              ],
              "size": [
                6,
                18,
                0
              ],
              "pivot": [
                7.95205,
                27.46556,
                10.29693
              ],
              "rotation": [
                0,
                0,
                -7.5
              ],
              "uv": [
                109,
                176
              ]
            },
            {
              "origin": [
                6.5056,
                27.16167,
                5.94187
              ],
              "size": [
                6,
                4,
                0
              ],
              "pivot": [
                11.83192,
                31.14028,
                5.94187
              ],
              "rotation": [
                57.5,
                0,
                -7.5
              ],
              "uv": [
                91,
                19
              ]
            }
          ]
        },
        {
          "name": "right_big_wing",
          "parent": "rocket",
          "pivot": [
            -6,
            54.61551,
            6.92191
          ],
          "cubes": [
            {
              "origin": [
                -11,
                30.61551,
                5.92191
              ],
              "size": [
                8,
                27,
                0
              ],
              "pivot": [
                -6,
                56.61551,
                6.92191
              ],
              "rotation": [
                0,
                0,
                7.5
              ],
              "uv": [
                64,
                160
              ],
              "mirror": true
            },
            {
              "origin": [
                -12.95205,
                10.46556,
                9.29693
              ],
              "size": [
                6,
                18,
                0
              ],
              "pivot": [
                -7.95205,
                27.46556,
                10.29693
              ],
              "rotation": [
                0,
                0,
                7.5
              ],
              "uv": [
                109,
                176
              ],
              "mirror": true
            },
            {
              "origin": [
                -12.5056,
                27.16167,
                5.94187
              ],
              "size": [
                6,
                4,
                0
              ],
              "pivot": [
                -11.83192,
                31.14028,
                5.94187
              ],
              "rotation": [
                57.5,
                0,
                7.5
              ],
              "uv": [
                90,
                19
              ]
            }
          ]
        },
        {
          "name": "gun_left",
          "parent": "rocket",
          "pivot": [
            8,
            63.61551,
            2.92191
          ],
          "rotation": [
            0,
            0,
            5
          ],
          "cubes": [
            {
              "origin": [
                8.91931,
                56.54062,
                6.58191
              ],
              "size": [
                3.51,
                17.55,
                4.68
              ],
              "uv": [
                130,
                165
              ]
            },
            {
              "origin": [
                13.01431,
                72.92062,
                7.75191
              ],
              "size": [
                1.17,
                4.68,
                2.34
              ],
              "uv": [
                79,
                0
              ]
            },
            {
              "origin": [
                9.51431,
                70.92062,
                5.00191
              ],
              "size": [
                1.17,
                4.68,
                2.34
              ],
              "uv": [
                54,
                15
              ]
            },
            {
              "origin": [
                12.42931,
                58.88062,
                7.16691
              ],
              "size": [
                2.34,
                14.04,
                3.51
              ],
              "uv": [
                34,
                179
              ]
            },
            {
              "origin": [
                8.42931,
                54.88062,
                3.06691
              ],
              "size": [
                2.34,
                14.04,
                3.51
              ],
              "inflate": -0.2,
              "pivot": [
                7.74931,
                60.05062,
                7.75191
              ],
              "rotation": [
                0,
                -90,
                0
              ],
              "uv": [
                34,
                179
              ]
            },
            {
              "origin": [
                8.92931,
                58.88062,
                4.91691
              ],
              "size": [
                2.34,
                14.04,
                3.51
              ],
              "uv": [
                176,
                178
              ]
            },
            {
              "origin": [
                6.57931,
                58.88062,
                7.16691
              ],
              "size": [
                2.34,
                14.04,
                3.51
              ],
              "uv": [
                177,
                107
              ]
            },
            {
              "origin": [
                10.08931,
                74.09062,
                7.45941
              ],
              "size": [
                1.17,
                4.68,
                1.17
              ],
              "uv": [
                22,
                48
              ]
            },
            {
              "origin": [
                10.08931,
                74.09062,
                9.21441
              ],
              "size": [
                1.17,
                4.68,
                1.17
              ],
              "uv": [
                46,
                43
              ]
            },
            {
              "origin": [
                7.16431,
                71.75062,
                8.92191
              ],
              "size": [
                1.17,
                4.68,
                1.17
              ],
              "uv": [
                46,
                38
              ]
            },
            {
              "origin": [
                7.16431,
                69.41062,
                7.45941
              ],
              "size": [
                1.17,
                4.68,
                1.17
              ],
              "uv": [
                22,
                43
              ]
            }
          ]
        },
        {
          "name": "gun_right",
          "parent": "rocket",
          "pivot": [
            -8,
            63.61551,
            2.92191
          ],
          "rotation": [
            0,
            0,
            -5
          ],
          "cubes": [
            {
              "origin": [
                -12.42931,
                56.54062,
                6.58191
              ],
              "size": [
                3.51,
                17.55,
                4.68
              ],
              "uv": [
                46,
                165
              ]
            },
            {
              "origin": [
                -14.18431,
                72.92062,
                7.75191
              ],
              "size": [
                1.17,
                4.68,
                2.34
              ],
              "uv": [
                41,
                15
              ]
            },
            {
              "origin": [
                -10.68431,
                70.92062,
                5.00191
              ],
              "size": [
                1.17,
                4.68,
                2.34
              ],
              "uv": [
                0,
                0
              ]
            },
            {
              "origin": [
                -14.76931,
                58.88062,
                7.16691
              ],
              "size": [
                2.34,
                14.04,
                3.51
              ],
              "uv": [
                177,
                0
              ]
            },
            {
              "origin": [
                -10.76931,
                54.88062,
                3.06691
              ],
              "size": [
                2.34,
                14.04,
                3.51
              ],
              "inflate": -0.2,
              "pivot": [
                -7.74931,
                60.05062,
                7.75191
              ],
              "rotation": [
                0,
                90,
                0
              ],
              "uv": [
                176,
                161
              ]
            },
            {
              "origin": [
                -11.26931,
                56.88062,
                4.91691
              ],
              "size": [
                2.34,
                14.04,
                3.51
              ],
              "uv": [
                120,
                176
              ]
            },
            {
              "origin": [
                -8.91931,
                58.88062,
                7.16691
              ],
              "size": [
                2.34,
                14.04,
                3.51
              ],
              "uv": [
                89,
                32
              ]
            },
            {
              "origin": [
                -11.25931,
                74.09062,
                7.45941
              ],
              "size": [
                1.17,
                4.68,
                1.17
              ],
              "uv": [
                22,
                38
              ]
            },
            {
              "origin": [
                -11.25931,
                74.09062,
                9.21441
              ],
              "size": [
                1.17,
                4.68,
                1.17
              ],
              "uv": [
                30,
                27
              ]
            },
            {
              "origin": [
                -8.33431,
                71.75062,
                8.92191
              ],
              "size": [
                1.17,
                4.68,
                1.17
              ],
              "uv": [
                30,
                22
              ]
            },
            {
              "origin": [
                -8.33431,
                69.41062,
                7.45941
              ],
              "size": [
                1.17,
                4.68,
                1.17
              ],
              "uv": [
                30,
                17
              ]
            }
          ]
        },
        {
          "name": "right_small_wing",
          "parent": "rocket",
          "pivot": [
            -8,
            62.36551,
            15.67191
          ],
          "rotation": [
            0,
            0,
            7.5
          ],
          "cubes": [
            {
              "origin": [
                -11.75,
                39.61551,
                15.67191
              ],
              "size": [
                6,
                24,
                0
              ],
              "pivot": [
                -8,
                62.36551,
                15.67191
              ],
              "rotation": [
                0,
                0,
                12.5
              ],
              "uv": [
                0,
                164
              ],
              "mirror": true
            },
            {
              "origin": [
                -14.67993,
                37.19548,
                15.67191
              ],
              "size": [
                4,
                3,
                0
              ],
              "pivot": [
                -13.11281,
                40.14807,
                15.67191
              ],
              "rotation": [
                40,
                0,
                12.5
              ],
              "uv": [
                24,
                32
              ],
              "mirror": true
            }
          ]
        },
        {
          "name": "left_small_wing",
          "parent": "rocket",
          "pivot": [
            8,
            62.36551,
            15.67191
          ],
          "rotation": [
            0,
            0,
            -7.5
          ],
          "cubes": [
            {
              "origin": [
                5.75,
                39.61551,
                15.67191
              ],
              "size": [
                6,
                24,
                0
              ],
              "pivot": [
                8,
                62.36551,
                15.67191
              ],
              "rotation": [
                0,
                0,
                -12.5
              ],
              "uv": [
                0,
                164
              ]
            },
            {
              "origin": [
                10.67993,
                37.19548,
                15.67191
              ],
              "size": [
                4,
                3,
                0
              ],
              "pivot": [
                13.11281,
                40.14807,
                15.67191
              ],
              "rotation": [
                40,
                0,
                -12.5
              ],
              "uv": [
                24,
                32
              ]
            }
          ]
        },
        {
          "name": "left_leg",
          "parent": "root",
          "pivot": [
            4,
            36,
            0
          ],
          "cubes": [
            {
              "origin": [
                1,
                18,
                -4.5
              ],
              "size": [
                8,
                19,
                8
              ],
              "inflate": 0.1,
              "uv": [
                0,
                112
              ]
            },
            {
              "origin": [
                1,
                18,
                -4.5
              ],
              "size": [
                8,
                19,
                8
              ],
              "inflate": 0.5,
              "pivot": [
                5,
                37.5,
                -0.5
              ],
              "rotation": [
                0,
                0,
                -7.5
              ],
              "uv": [
                109,
                106
              ],
              "mirror": true
            }
          ]
        },
        {
          "name": "left_leg2",
          "parent": "left_leg",
          "pivot": [
            3.5,
            19,
            0
          ],
          "cubes": [
            {
              "origin": [
                1,
                0,
                -4.5
              ],
              "size": [
                8,
                19,
                8
              ],
              "uv": [
                77,
                106
              ]
            }
          ]
        },
        {
          "name": "right_leg",
          "parent": "root",
          "pivot": [
            -4,
            36,
            0
          ],
          "cubes": [
            {
              "origin": [
                -8,
                18,
                -4.5
              ],
              "size": [
                8,
                19,
                8
              ],
              "inflate": 0.1,
              "uv": [
                0,
                112
              ]
            },
            {
              "origin": [
                -9,
                18,
                -4.5
              ],
              "size": [
                8,
                19,
                8
              ],
              "inflate": 0.5,
              "pivot": [
                -5,
                37.5,
                -0.5
              ],
              "rotation": [
                0,
                0,
                7.5
              ],
              "uv": [
                109,
                106
              ]
            }
          ]
        },
        {
          "name": "right_leg2",
          "parent": "right_leg",
          "pivot": [
            -3.5,
            19,
            0
          ],
          "cubes": [
            {
              "origin": [
                -8,
                0,
                -4.5
              ],
              "size": [
                8,
                19,
                8
              ],
              "uv": [
                77,
                106
              ]
            }
          ]
        }
      ]
    }
  ]
}