{
  "format_version": "1.12.0",
  "minecraft:geometry": [
    {
      "description": {
        "identifier": "geometry.lvgb_skibidi_mutant",
        "texture_width": 256,
        "texture_height": 256,
        "visible_bounds_width": 3,
        "visible_bounds_height": 7,
        "visible_bounds_offset": [
          0,
          2.5,
          0
        ]
      },
      "bones": [
        {
          "name": "Root",
          "pivot": [
            0,
            0,
            0
          ]
        },
        {
          "name": "Body",
          "parent": "Root",
          "pivot": [
            0,
            37,
            1
          ],
          "cubes": [
            {
              "origin": [
                -7,
                40,
                -4
              ],
              "size": [
                14,
                7,
                8
              ],
              "inflate": 0.2,
              "uv": [
                0,
                156
              ]
            },
            {
              "origin": [
                -5,
                36,
                -3
              ],
              "size": [
                10,
                4,
                6
              ],
              "uv": [
                26,
                179
              ]
            }
          ]
        },
        {
          "name": "left_arm",
          "parent": "Body",
          "pivot": [
            7,
            50.5,
            0
          ],
          "cubes": [
            {
              "origin": [
                7,
                33.5,
                -2.5
              ],
              "size": [
                5,
                18,
                5
              ],
              "uv": [
                0,
                233
              ]
            }
          ]
        },
        {
          "name": "left_arm2",
          "parent": "left_arm",
          "pivot": [
            9.5,
            34.5,
            0
          ],
          "cubes": [
            {
              "origin": [
                7,
                14.5,
                -2.5
              ],
              "size": [
                5,
                19,
                5
              ],
              "uv": [
                74,
                156
              ]
            }
          ]
        },
        {
          "name": "right_arm",
          "parent": "Body",
          "pivot": [
            -7,
            50.5,
            0
          ],
          "cubes": [
            {
              "origin": [
                -12,
                33.5,
                -2.5
              ],
              "size": [
                5,
                18,
                5
              ],
              "uv": [
                0,
                233
              ],
              "mirror": true
            }
          ]
        },
        {
          "name": "right_arm2",
          "parent": "right_arm",
          "pivot": [
            -9.5,
            34.5,
            0
          ],
          "cubes": [
            {
              "origin": [
                -12,
                14.5,
                -2.5
              ],
              "size": [
                5,
                19,
                5
              ],
              "uv": [
                74,
                156
              ],
              "mirror": true
            }
          ]
        },
        {
          "name": "Waist",
          "parent": "Body",
          "pivot": [
            0,
            54,
            0
          ]
        },
        {
          "name": "Body2",
          "parent": "Waist",
          "pivot": [
            0,
            34,
            0
          ],
          "cubes": [
            {
              "origin": [
                -5,
                40,
                -5
              ],
              "size": [
                10,
                5,
                10
              ],
              "uv": [
                34,
                75
              ]
            },
            {
              "origin": [
                -7.5,
                29,
                -19
              ],
              "size": [
                15,
                3,
                6
              ],
              "pivot": [
                0,
                34,
                0
              ],
              "rotation": [
                -77.5,
                0,
                0
              ],
              "uv": [
                80,
                18
              ]
            },
            {
              "origin": [
                -7.5,
                29,
                13
              ],
              "size": [
                15,
                4,
                7
              ],
              "pivot": [
                0,
                34,
                0
              ],
              "rotation": [
                70,
                0,
                0
              ],
              "uv": [
                71,
                39
              ]
            },
            {
              "origin": [
                -7,
                45,
                -7
              ],
              "size": [
                14,
                3,
                14
              ],
              "uv": [
                0,
                35
              ]
            },
            {
              "origin": [
                -8,
                51,
                -11
              ],
              "size": [
                16,
                2,
                5
              ],
              "uv": [
                81,
                52
              ]
            },
            {
              "origin": [
                -8,
                51,
                6
              ],
              "size": [
                16,
                2,
                6
              ],
              "uv": [
                85,
                26
              ]
            },
            {
              "origin": [
                7,
                51,
                -8
              ],
              "size": [
                3,
                2,
                16
              ],
              "uv": [
                70,
                59
              ]
            },
            {
              "origin": [
                13,
                27.5,
                -7.5
              ],
              "size": [
                6,
                3,
                15
              ],
              "pivot": [
                0,
                33.5,
                0
              ],
              "rotation": [
                0,
                0,
                -82.5
              ],
              "uv": [
                44,
                57
              ]
            },
            {
              "origin": [
                -19,
                27.5,
                -7.5
              ],
              "size": [
                6,
                3,
                15
              ],
              "pivot": [
                0,
                33.5,
                0
              ],
              "rotation": [
                0,
                0,
                82.5
              ],
              "uv": [
                44,
                57
              ],
              "mirror": true
            },
            {
              "origin": [
                -10,
                51,
                -8
              ],
              "size": [
                3,
                2,
                16
              ],
              "uv": [
                70,
                59
              ],
              "mirror": true
            }
          ]
        },
        {
          "name": "bone2",
          "parent": "Body2",
          "pivot": [
            0,
            58,
            9
          ]
        },
        {
          "name": "bone3",
          "parent": "Body2",
          "pivot": [
            0,
            77,
            14
          ]
        },
        {
          "name": "Neck",
          "parent": "Body2",
          "pivot": [
            0,
            48,
            0
          ],
          "cubes": [
            {
              "origin": [
                -2.75,
                48.25,
                -2.75
              ],
              "size": [
                5.5,
                7.5,
                5.5
              ],
              "uv": [
                58,
                98
              ]
            }
          ]
        },
        {
          "name": "Neck2",
          "parent": "Neck",
          "pivot": [
            0,
            55,
            -1
          ],
          "rotation": [
            25,
            0,
            0
          ],
          "cubes": [
            {
              "origin": [
                -3,
                54.43584,
                -3.45524
              ],
              "size": [
                6,
                7,
                6
              ],
              "uv": [
                0,
                102
              ]
            }
          ]
        },
        {
          "name": "Head",
          "parent": "Neck2",
          "pivot": [
            0,
            60,
            -1
          ],
          "rotation": [
            -2.5,
            0,
            0
          ],
          "cubes": [
            {
              "origin": [
                -4,
                60,
                -5
              ],
              "size": [
                8,
                8.5,
                8
              ],
              "pivot": [
                0,
                60,
                -1
              ],
              "rotation": [
                -22.5,
                0,
                0
              ],
              "uv": [
                26,
                92
              ]
            },
            {
              "origin": [
                -4,
                64,
                -5
              ],
              "size": [
                8,
                4.5,
                8
              ],
              "inflate": 0.1,
              "pivot": [
                0,
                60,
                -1
              ],
              "rotation": [
                -22.5,
                0,
                0
              ],
              "uv": [
                100,
                73
              ]
            }
          ]
        },
        {
          "name": "Mouth",
          "parent": "Head",
          "pivot": [
            0,
            63,
            -4
          ],
          "rotation": [
            -25,
            0,
            0
          ],
          "cubes": [
            {
              "origin": [
                -5,
                60.54893,
                -4.31322
              ],
              "size": [
                10,
                6,
                0
              ],
              "uv": [
                20,
                76
              ]
            }
          ]
        },
        {
          "name": "back",
          "parent": "Body2",
          "pivot": [
            0,
            53,
            11
          ],
          "cubes": [
            {
              "origin": [
                -2.5,
                49,
                10
              ],
              "size": [
                5,
                20,
                5
              ],
              "uv": {
                "north": {
                  "uv": [
                    90,
                    82
                  ],
                  "uv_size": [
                    5,
                    20
                  ]
                },
                "east": {
                  "uv": [
                    6,
                    53
                  ],
                  "uv_size": [
                    5,
                    20
                  ]
                },
                "south": {
                  "uv": [
                    23,
                    53
                  ],
                  "uv_size": [
                    5,
                    20
                  ]
                },
                "west": {
                  "uv": [
                    90,
                    83
                  ],
                  "uv_size": [
                    -6,
                    19
                  ]
                },
                "up": {
                  "uv": [
                    13,
                    2
                  ],
                  "uv_size": [
                    5,
                    5
                  ]
                },
                "down": {
                  "uv": [
                    26,
                    8
                  ],
                  "uv_size": [
                    5,
                    -5
                  ]
                }
              }
            }
          ]
        },
        {
          "name": "lid1",
          "parent": "Body2",
          "pivot": [
            0,
            53,
            9
          ],
          "cubes": [
            {
              "origin": [
                -8,
                51.16026,
                -9.29852
              ],
              "size": [
                16,
                4,
                1
              ],
              "pivot": [
                0,
                53.16026,
                -8.29852
              ],
              "rotation": [
                -90,
                0,
                0
              ],
              "uv": {
                "north": {
                  "uv": [
                    98,
                    5
                  ],
                  "uv_size": [
                    16,
                    3
                  ]
                },
                "east": {
                  "uv": [
                    97,
                    12
                  ],
                  "uv_size": [
                    1,
                    4
                  ]
                },
                "south": {
                  "uv": [
                    115,
                    12
                  ],
                  "uv_size": [
                    16,
                    4
                  ]
                },
                "west": {
                  "uv": [
                    114,
                    12
                  ],
                  "uv_size": [
                    1,
                    4
                  ]
                },
                "up": {
                  "uv": [
                    98,
                    11
                  ],
                  "uv_size": [
                    16,
                    1
                  ]
                },
                "down": {
                  "uv": [
                    100,
                    5
                  ],
                  "uv_size": [
                    14,
                    3
                  ]
                }
              }
            },
            {
              "origin": [
                -9.27352,
                51.16026,
                -8
              ],
              "size": [
                1,
                4,
                16
              ],
              "pivot": [
                -8.29852,
                53.16026,
                0
              ],
              "rotation": [
                0,
                0,
                90
              ],
              "uv": {
                "north": {
                  "uv": [
                    87,
                    99
                  ],
                  "uv_size": [
                    14,
                    4
                  ]
                },
                "east": {
                  "uv": [
                    79,
                    86
                  ],
                  "uv_size": [
                    16,
                    4
                  ]
                },
                "south": {
                  "uv": [
                    99,
                    55
                  ],
                  "uv_size": [
                    9,
                    4
                  ]
                },
                "west": {
                  "uv": [
                    80,
                    94
                  ],
                  "uv_size": [
                    16,
                    4
                  ]
                },
                "up": {
                  "uv": [
                    86,
                    57
                  ],
                  "uv_size": [
                    6,
                    16
                  ]
                },
                "down": {
                  "uv": [
                    86,
                    75
                  ],
                  "uv_size": [
                    4,
                    -16
                  ]
                }
              }
            },
            {
              "origin": [
                -8,
                51.16026,
                8.29852
              ],
              "size": [
                16,
                4,
                1
              ],
              "pivot": [
                0,
                53.16026,
                8.29852
              ],
              "rotation": [
                90,
                0,
                0
              ],
              "uv": {
                "north": {
                  "uv": [
                    114,
                    5
                  ],
                  "uv_size": [
                    -16,
                    4
                  ]
                },
                "east": {
                  "uv": [
                    110,
                    9
                  ],
                  "uv_size": [
                    -14,
                    1
                  ]
                },
                "south": {
                  "uv": [
                    114,
                    5
                  ],
                  "uv_size": [
                    -16,
                    4
                  ]
                },
                "west": {
                  "uv": [
                    96,
                    9
                  ],
                  "uv_size": [
                    14,
                    1
                  ]
                },
                "up": {
                  "uv": [
                    114,
                    10
                  ],
                  "uv_size": [
                    -16,
                    -1
                  ]
                },
                "down": {
                  "uv": [
                    118,
                    10
                  ],
                  "uv_size": [
                    -17,
                    -1
                  ]
                }
              }
            },
            {
              "origin": [
                8.27352,
                51.16026,
                -8
              ],
              "size": [
                1,
                4,
                16
              ],
              "pivot": [
                8.29852,
                53.16026,
                0
              ],
              "rotation": [
                0,
                0,
                -90
              ],
              "uv": {
                "north": {
                  "uv": [
                    96,
                    73
                  ],
                  "uv_size": [
                    1,
                    4
                  ]
                },
                "east": {
                  "uv": [
                    80,
                    73
                  ],
                  "uv_size": [
                    16,
                    4
                  ]
                },
                "south": {
                  "uv": [
                    113,
                    73
                  ],
                  "uv_size": [
                    1,
                    4
                  ]
                },
                "west": {
                  "uv": [
                    82,
                    91
                  ],
                  "uv_size": [
                    16,
                    4
                  ]
                },
                "up": {
                  "uv": [
                    96,
                    57
                  ],
                  "uv_size": [
                    1,
                    16
                  ]
                },
                "down": {
                  "uv": [
                    97,
                    73
                  ],
                  "uv_size": [
                    1,
                    -16
                  ]
                }
              }
            }
          ]
        },
        {
          "name": "flush",
          "parent": "Body2",
          "pivot": [
            0,
            71,
            13
          ],
          "cubes": [
            {
              "origin": [
                -1,
                68,
                11.5
              ],
              "size": [
                2,
                2,
                2
              ],
              "uv": {
                "north": {
                  "uv": [
                    18,
                    7
                  ],
                  "uv_size": [
                    2,
                    2
                  ]
                },
                "east": {
                  "uv": [
                    9,
                    4
                  ],
                  "uv_size": [
                    2,
                    2
                  ]
                },
                "south": {
                  "uv": [
                    13,
                    7
                  ],
                  "uv_size": [
                    2,
                    2
                  ]
                },
                "west": {
                  "uv": [
                    10,
                    8
                  ],
                  "uv_size": [
                    2,
                    2
                  ]
                },
                "up": {
                  "uv": [
                    16,
                    5
                  ],
                  "uv_size": [
                    2,
                    2
                  ]
                },
                "down": {
                  "uv": [
                    13,
                    5
                  ],
                  "uv_size": [
                    2,
                    -2
                  ]
                }
              }
            },
            {
              "origin": [
                2,
                66,
                11.5
              ],
              "size": [
                2,
                2,
                2
              ],
              "uv": {
                "north": {
                  "uv": [
                    10,
                    2
                  ],
                  "uv_size": [
                    2,
                    2
                  ]
                },
                "east": {
                  "uv": [
                    10,
                    2
                  ],
                  "uv_size": [
                    -2,
                    2
                  ]
                },
                "south": {
                  "uv": [
                    14,
                    2
                  ],
                  "uv_size": [
                    2,
                    2
                  ]
                },
                "west": {
                  "uv": [
                    12,
                    2
                  ],
                  "uv_size": [
                    2,
                    2
                  ]
                },
                "up": {
                  "uv": [
                    10,
                    0
                  ],
                  "uv_size": [
                    2,
                    2
                  ]
                },
                "down": {
                  "uv": [
                    12,
                    2
                  ],
                  "uv_size": [
                    2,
                    -2
                  ]
                }
              }
            },
            {
              "origin": [
                4,
                65,
                10.5
              ],
              "size": [
                3,
                4,
                4
              ],
              "uv": {
                "north": {
                  "uv": [
                    110,
                    6
                  ],
                  "uv_size": [
                    3,
                    4
                  ]
                },
                "east": {
                  "uv": [
                    102,
                    6
                  ],
                  "uv_size": [
                    4,
                    4
                  ]
                },
                "south": {
                  "uv": [
                    113,
                    18
                  ],
                  "uv_size": [
                    3,
                    4
                  ]
                },
                "west": {
                  "uv": [
                    106,
                    6
                  ],
                  "uv_size": [
                    4,
                    4
                  ]
                },
                "up": {
                  "uv": [
                    99,
                    6
                  ],
                  "uv_size": [
                    3,
                    4
                  ]
                },
                "down": {
                  "uv": [
                    110,
                    22
                  ],
                  "uv_size": [
                    3,
                    -4
                  ]
                }
              }
            }
          ]
        },
        {
          "name": "right_leg",
          "parent": "Root",
          "pivot": [
            -4,
            36,
            -0.5
          ],
          "cubes": [
            {
              "origin": [
                -5,
                18,
                -2.5
              ],
              "size": [
                4,
                19,
                5
              ],
              "inflate": 0.1,
              "uv": [
                236,
                232
              ],
              "mirror": true
            }
          ]
        },
        {
          "name": "right_leg2",
          "parent": "right_leg",
          "pivot": [
            -3.5,
            19,
            -0.5
          ],
          "cubes": [
            {
              "origin": [
                -5,
                0,
                -2.5
              ],
              "size": [
                4,
                19,
                5
              ],
              "uv": [
                235,
                203
              ],
              "mirror": true
            }
          ]
        },
        {
          "name": "left_leg",
          "parent": "Root",
          "pivot": [
            4,
            36,
            -0.5
          ],
          "cubes": [
            {
              "origin": [
                1,
                18,
                -2.5
              ],
              "size": [
                4,
                19,
                5
              ],
              "inflate": 0.1,
              "uv": [
                236,
                232
              ]
            }
          ]
        },
        {
          "name": "left_leg2",
          "parent": "left_leg",
          "pivot": [
            3.5,
            19,
            -0.5
          ],
          "cubes": [
            {
              "origin": [
                1,
                0,
                -2.5
              ],
              "size": [
                4,
                19,
                5
              ],
              "uv": [
                235,
                203
              ]
            }
          ]
        }
      ]
    }
  ]
}