{
  "format_version": "1.12.0",
  "minecraft:geometry": [
    {
      "description": {
        "identifier": "geometry.lvgb_plumber_cameraman",
        "texture_width": 64,
        "texture_height": 64,
        "visible_bounds_width": 3,
        "visible_bounds_height": 3.5,
        "visible_bounds_offset": [
          0,
          1.25,
          0
        ]
      },
      "bones": [
        {
          "name": "waiste",
          "pivot": [
            0,
            0,
            0
          ]
        },
        {
          "name": "body2",
          "parent": "waiste",
          "pivot": [
            0,
            12,
            0
          ],
          "cubes": [
            {
              "origin": [
                -4,
                12,
                -2
              ],
              "size": [
                8,
                12,
                4
              ],
              "uv": [
                23,
                0
              ]
            }
          ]
        },
        {
          "name": "rightarm2",
          "parent": "body2",
          "pivot": [
            -5,
            23,
            0
          ],
          "cubes": [
            {
              "origin": [
                -7,
                12,
                -2
              ],
              "size": [
                3,
                12,
                4
              ],
              "uv": [
                47,
                0
              ]
            }
          ]
        },
        {
          "name": "rightItem",
          "parent": "rightarm2",
          "pivot": [
            -5,
            14,
            -2
          ],
          "cubes": [
            {
              "origin": [
                -6,
                11,
                -12
              ],
              "size": [
                2,
                3,
                19
              ],
              "uv": [
                0,
                0
              ]
            },
            {
              "origin": [
                -7,
                10,
                -15.1
              ],
              "size": [
                4,
                6,
                3
              ],
              "uv": [
                40,
                52
              ]
            }
          ]
        },
        {
          "name": "leftarm2",
          "parent": "body2",
          "pivot": [
            5,
            23,
            0
          ],
          "cubes": [
            {
              "origin": [
                4,
                12,
                -2
              ],
              "size": [
                3,
                12,
                4
              ],
              "uv": [
                23,
                22
              ]
            }
          ]
        },
        {
          "name": "Leftitem",
          "parent": "leftarm2",
          "pivot": [
            5,
            13,
            -2
          ],
          "cubes": [
            {
              "origin": [
                3,
                10,
                -15.1
              ],
              "size": [
                4,
                6,
                3
              ],
              "uv": [
                26,
                52
              ]
            },
            {
              "origin": [
                4,
                11,
                -12
              ],
              "size": [
                2,
                3,
                19
              ],
              "uv": [
                0,
                22
              ]
            }
          ]
        },
        {
          "name": "bone",
          "parent": "body2",
          "pivot": [
            0,
            24,
            0
          ],
          "cubes": [
            {
              "origin": [
                -1,
                24,
                -1
              ],
              "size": [
                2,
                2,
                2
              ],
              "uv": [
                43,
                0
              ]
            }
          ]
        },
        {
          "name": "head2",
          "parent": "bone",
          "pivot": [
            0,
            24,
            0
          ],
          "cubes": [
            {
              "origin": [
                -2.5,
                25,
                -5
              ],
              "size": [
                5,
                5,
                8
              ],
              "uv": [
                0,
                44
              ]
            },
            {
              "origin": [
                -2.5,
                -1,
                22
              ],
              "size": [
                3,
                3,
                3
              ],
              "pivot": [
                0,
                0,
                0
              ],
              "rotation": [
                97.5,
                0,
                0
              ],
              "uv": [
                18,
                44
              ]
            },
            {
              "origin": [
                -3.5,
                24,
                -2
              ],
              "size": [
                1,
                3,
                3
              ],
              "uv": [
                0,
                44
              ]
            },
            {
              "origin": [
                -2.5,
                25,
                -5
              ],
              "size": [
                5,
                5,
                8
              ],
              "inflate": 0.5,
              "uv": [
                34,
                39
              ]
            }
          ]
        },
        {
          "name": "Jacket",
          "parent": "body2",
          "pivot": [
            0,
            18,
            0
          ],
          "cubes": [
            {
              "origin": [
                -4,
                7,
                -2
              ],
              "size": [
                8,
                17,
                4
              ],
              "inflate": 0.1,
              "uv": [
                38,
                18
              ]
            }
          ]
        },
        {
          "name": "rightleg2",
          "parent": "waiste",
          "pivot": [
            -2,
            12,
            0
          ],
          "cubes": [
            {
              "origin": [
                -4,
                0,
                -2
              ],
              "size": [
                4,
                12,
                4
              ],
              "uv": [
                0,
                0
              ]
            }
          ]
        },
        {
          "name": "leftleg2",
          "parent": "waiste",
          "pivot": [
            2,
            12,
            0
          ],
          "cubes": [
            {
              "origin": [
                0,
                0,
                -2
              ],
              "size": [
                4,
                12,
                4
              ],
              "uv": [
                0,
                0
              ]
            }
          ]
        }
      ]
    }
  ]
}