{
  "format_version": "1.12.0",
  "minecraft:geometry": [
    {
      "description": {
        "identifier": "geometry.lvgb_large_sientist",
        "texture_width": 128,
        "texture_height": 128,
        "visible_bounds_width": 3,
        "visible_bounds_height": 4.5,
        "visible_bounds_offset": [
          0,
          1.75,
          0
        ]
      },
      "bones": [
        {
          "name": "Waist",
          "pivot": [
            0,
            3,
            0
          ]
        },
        {
          "name": "Body",
          "parent": "Waist",
          "pivot": [
            0,
            20,
            0
          ],
          "cubes": [
            {
              "origin": [
                -5,
                20,
                -4
              ],
              "size": [
                10,
                10,
                8
              ],
              "uv": [
                0,
                18
              ]
            }
          ]
        },
        {
          "name": "Body2",
          "parent": "Body",
          "pivot": [
            0,
            30,
            0
          ],
          "cubes": [
            {
              "origin": [
                -7,
                30,
                -4
              ],
              "size": [
                14,
                10,
                8
              ],
              "uv": [
                0,
                0
              ]
            }
          ]
        },
        {
          "name": "Head",
          "parent": "Body2",
          "pivot": [
            0,
            40,
            -2
          ],
          "cubes": [
            {
              "origin": [
                -1,
                40,
                -3
              ],
              "size": [
                2,
                2,
                2
              ],
              "uv": [
                0,
                0
              ]
            },
            {
              "origin": [
                -3.14,
                42,
                -7
              ],
              "size": [
                6.64,
                2,
                6.64
              ],
              "uv": [
                59,
                13
              ]
            },
            {
              "origin": [
                -1.14,
                45,
                -8
              ],
              "size": [
                2.64,
                1.98,
                2
              ],
              "uv": [
                0,
                4
              ]
            },
            {
              "origin": [
                -2.14,
                44,
                -10
              ],
              "size": [
                4.64,
                3.98,
                2
              ],
              "uv": [
                36,
                0
              ]
            },
            {
              "origin": [
                -3.14,
                43,
                -12
              ],
              "size": [
                6.64,
                5.98,
                2
              ],
              "uv": [
                28,
                18
              ]
            },
            {
              "origin": [
                -3.14,
                44,
                -6
              ],
              "size": [
                6.64,
                4.98,
                6
              ],
              "uv": [
                58,
                54
              ]
            },
            {
              "origin": [
                -2.14,
                44,
                -1
              ],
              "size": [
                4.64,
                4.98,
                5
              ],
              "inflate": 0.5,
              "pivot": [
                0,
                40,
                -2
              ],
              "rotation": [
                -12.5,
                0,
                0
              ],
              "uv": [
                31,
                59
              ]
            },
            {
              "origin": [
                -1.14,
                41,
                5
              ],
              "size": [
                2.64,
                3.98,
                4
              ],
              "inflate": 0.5,
              "pivot": [
                0,
                40,
                -2
              ],
              "rotation": [
                47.5,
                0,
                0
              ],
              "uv": [
                18,
                36
              ]
            }
          ]
        },
        {
          "name": "Arm",
          "parent": "Body2",
          "pivot": [
            -7,
            38,
            0
          ],
          "cubes": [
            {
              "origin": [
                -11,
                25,
                -2.5
              ],
              "size": [
                4,
                14,
                5
              ],
              "uv": [
                18,
                45
              ]
            }
          ]
        },
        {
          "name": "Arm2",
          "parent": "Arm",
          "pivot": [
            -9,
            25,
            0
          ],
          "cubes": [
            {
              "origin": [
                -11,
                11,
                -2.5
              ],
              "size": [
                4,
                14,
                5
              ],
              "uv": [
                44,
                0
              ]
            }
          ]
        },
        {
          "name": "Arm3",
          "parent": "Body2",
          "pivot": [
            7,
            38,
            0
          ],
          "cubes": [
            {
              "origin": [
                7,
                25,
                -2.5
              ],
              "size": [
                4,
                14,
                5
              ],
              "uv": [
                0,
                36
              ]
            }
          ]
        },
        {
          "name": "Arm4",
          "parent": "Arm3",
          "pivot": [
            9,
            25,
            0
          ],
          "cubes": [
            {
              "origin": [
                7,
                11,
                -2.5
              ],
              "size": [
                4,
                14,
                5
              ],
              "uv": [
                31,
                31
              ]
            }
          ]
        },
        {
          "name": "Rightleg",
          "parent": "Waist",
          "pivot": [
            -3,
            20,
            0
          ],
          "cubes": [
            {
              "origin": [
                -6,
                10,
                -3
              ],
              "size": [
                5,
                10,
                5
              ],
              "uv": [
                59,
                29
              ]
            }
          ]
        },
        {
          "name": "Leg2",
          "parent": "Rightleg",
          "pivot": [
            -4,
            10,
            0
          ],
          "cubes": [
            {
              "origin": [
                -6,
                0,
                -3
              ],
              "size": [
                5,
                10,
                5
              ],
              "uv": [
                0,
                59
              ]
            }
          ]
        },
        {
          "name": "Leftleg",
          "parent": "Waist",
          "pivot": [
            4,
            20,
            0
          ],
          "cubes": [
            {
              "origin": [
                1,
                10,
                -3
              ],
              "size": [
                5,
                10,
                5
              ],
              "uv": [
                59,
                29
              ]
            }
          ]
        },
        {
          "name": "Leg4",
          "parent": "Leftleg",
          "pivot": [
            3,
            10,
            0
          ],
          "cubes": [
            {
              "origin": [
                1,
                0,
                -3
              ],
              "size": [
                5,
                10,
                5
              ],
              "uv": [
                44,
                19
              ]
            }
          ]
        }
      ]
    }
  ]
}