{
  "format_version": "1.12.0",
  "minecraft:geometry": [
    {
      "description": {
        "identifier": "geometry.lvgb_clockman",
        "texture_width": 128,
        "texture_height": 128,
        "visible_bounds_width": 3,
        "visible_bounds_height": 4.5,
        "visible_bounds_offset": [
          0,
          1.75,
          0
        ]
      },
      "bones": [
        {
          "name": "waiste",
          "pivot": [
            0,
            0,
            0
          ]
        },
        {
          "name": "body2",
          "parent": "waiste",
          "pivot": [
            0,
            12,
            0
          ],
          "cubes": [
            {
              "origin": [
                -4,
                12,
                -2
              ],
              "size": [
                8,
                12,
                4
              ],
              "uv": [
                24,
                24
              ]
            }
          ]
        },
        {
          "name": "rightarm2",
          "parent": "body2",
          "pivot": [
            -5,
            23,
            0
          ],
          "cubes": [
            {
              "origin": [
                -7,
                12,
                -2
              ],
              "size": [
                3,
                12,
                4
              ],
              "uv": [
                30,
                49
              ]
            }
          ]
        },
        {
          "name": "rightItem",
          "parent": "rightarm2",
          "pivot": [
            -5,
            14,
            0
          ]
        },
        {
          "name": "leftarm2",
          "parent": "body2",
          "pivot": [
            5,
            23,
            0
          ],
          "cubes": [
            {
              "origin": [
                4,
                12,
                -2
              ],
              "size": [
                3,
                12,
                4
              ],
              "uv": [
                16,
                49
              ]
            }
          ]
        },
        {
          "name": "bone",
          "parent": "body2",
          "pivot": [
            0,
            24,
            0
          ],
          "cubes": [
            {
              "origin": [
                -1,
                24,
                -1
              ],
              "size": [
                2,
                1,
                2
              ],
              "uv": [
                0,
                0
              ]
            }
          ]
        },
        {
          "name": "Head",
          "parent": "bone",
          "pivot": [
            0,
            34,
            1
          ],
          "cubes": [
            {
              "origin": [
                -5,
                25,
                -1.5
              ],
              "size": [
                10,
                9,
                3
              ],
              "uv": [
                0,
                37
              ]
            },
            {
              "origin": [
                -0.95845,
                30.77385,
                -1.6
              ],
              "size": [
                4,
                1,
                0
              ],
              "pivot": [
                1.04155,
                31.27385,
                -1.13039
              ],
              "rotation": [
                0.84986,
                0.87066,
                -39.56846
              ],
              "uv": [
                0,
                3
              ]
            },
            {
              "origin": [
                -0.80997,
                28.58686,
                -1.6
              ],
              "size": [
                3,
                1,
                0
              ],
              "pivot": [
                0.69003,
                29.08686,
                -1.1
              ],
              "rotation": [
                0,
                0,
                37.5
              ],
              "uv": [
                0,
                4
              ]
            },
            {
              "origin": [
                -4.5,
                33.2,
                -5.5
              ],
              "size": [
                9,
                1,
                11
              ],
              "uv": [
                0,
                0
              ]
            },
            {
              "origin": [
                -2.5,
                34.2,
                -6.5
              ],
              "size": [
                2,
                2,
                4
              ],
              "uv": [
                44,
                50
              ]
            },
            {
              "origin": [
                0.5,
                34.2,
                -6.5
              ],
              "size": [
                2,
                2,
                4
              ],
              "uv": [
                45,
                12
              ]
            },
            {
              "origin": [
                -3.5,
                34,
                -3.4
              ],
              "size": [
                7,
                4,
                7
              ],
              "uv": [
                29,
                0
              ]
            },
            {
              "origin": [
                -3.57,
                33.98,
                -3.5
              ],
              "size": [
                7.14,
                2.04,
                7.14
              ],
              "uv": [
                26,
                40
              ]
            },
            {
              "origin": [
                -3.71,
                37.85,
                -3.5
              ],
              "size": [
                7.42,
                5.3,
                7.42
              ],
              "uv": [
                24,
                12
              ]
            },
            {
              "origin": [
                -6.21726,
                34.34765,
                -4.5
              ],
              "size": [
                2,
                1,
                9
              ],
              "pivot": [
                -8.71726,
                34.84765,
                -0.5
              ],
              "rotation": [
                0,
                0,
                15
              ],
              "uv": [
                48,
                2
              ]
            },
            {
              "origin": [
                4.21726,
                34.34765,
                -4.5
              ],
              "size": [
                2,
                1,
                9
              ],
              "pivot": [
                8.71726,
                34.84765,
                -0.5
              ],
              "rotation": [
                0,
                0,
                -15
              ],
              "uv": [
                45,
                40
              ]
            }
          ]
        },
        {
          "name": "Jacket",
          "parent": "body2",
          "pivot": [
            -15,
            18,
            0
          ],
          "cubes": [
            {
              "origin": [
                -4,
                7,
                -2
              ],
              "size": [
                8,
                17,
                4
              ],
              "inflate": 0.1,
              "uv": [
                0,
                12
              ]
            }
          ]
        },
        {
          "name": "rightleg2",
          "parent": "waiste",
          "pivot": [
            -2,
            12,
            0
          ],
          "cubes": [
            {
              "origin": [
                -4,
                0,
                -2
              ],
              "size": [
                4,
                12,
                4
              ],
              "uv": [
                0,
                49
              ]
            }
          ]
        },
        {
          "name": "leftleg2",
          "parent": "waiste",
          "pivot": [
            2,
            12,
            0
          ],
          "cubes": [
            {
              "origin": [
                0,
                0,
                -2
              ],
              "size": [
                4,
                12,
                4
              ],
              "uv": [
                48,
                20
              ]
            }
          ]
        }
      ]
    }
  ]
}