{
  "format_version": "1.12.0",
  "minecraft:geometry": [
    {
      "description": {
        "identifier": "geometry.lvgb_large_clockman",
        "texture_width": 128,
        "texture_height": 128,
        "visible_bounds_width": 3,
        "visible_bounds_height": 4.5,
        "visible_bounds_offset": [
          0,
          1.75,
          0
        ]
      },
      "bones": [
        {
          "name": "Waist",
          "pivot": [
            0,
            3,
            0
          ]
        },
        {
          "name": "Body",
          "parent": "Waist",
          "pivot": [
            0,
            20,
            0
          ],
          "cubes": [
            {
              "origin": [
                -5,
                20,
                -4
              ],
              "size": [
                10,
                10,
                8
              ],
              "uv": [
                32,
                30
              ]
            }
          ]
        },
        {
          "name": "Body2",
          "parent": "Body",
          "pivot": [
            0,
            30,
            0
          ],
          "cubes": [
            {
              "origin": [
                -6,
                30,
                -4
              ],
              "size": [
                12,
                10,
                8
              ],
              "uv": [
                0,
                20
              ]
            }
          ]
        },
        {
          "name": "Head",
          "parent": "Body2",
          "pivot": [
            0,
            40,
            0
          ],
          "cubes": [
            {
              "origin": [
                -5,
                40,
                -5
              ],
              "size": [
                10,
                10,
                10
              ],
              "uv": [
                0,
                0
              ]
            },
            {
              "origin": [
                -4.6512,
                49.9186,
                -4.6512
              ],
              "size": [
                9.3024,
                1.1628,
                9.3024
              ],
              "uv": [
                28,
                48
              ]
            },
            {
              "origin": [
                -4.32,
                50.96,
                -4.32
              ],
              "size": [
                8.64,
                1.08,
                8.64
              ],
              "uv": [
                55,
                48
              ]
            },
            {
              "origin": [
                -3.75606,
                51.72184,
                -4
              ],
              "size": [
                5,
                3,
                8
              ],
              "pivot": [
                -1.25606,
                53.22184,
                0
              ],
              "rotation": [
                0,
                0,
                7.5
              ],
              "uv": [
                68,
                0
              ]
            },
            {
              "origin": [
                -1.4337,
                51.73071,
                -4.16
              ],
              "size": [
                5.2,
                3.12,
                8.32
              ],
              "pivot": [
                1.1663,
                53.29071,
                0
              ],
              "rotation": [
                0,
                0,
                -7.5
              ],
              "uv": [
                63,
                57
              ]
            },
            {
              "origin": [
                -0.64054,
                45.13393,
                -5.1
              ],
              "size": [
                4,
                1,
                0
              ],
              "pivot": [
                1.35946,
                45.63393,
                -5.1
              ],
              "rotation": [
                0,
                0,
                -25
              ],
              "uv": [
                0,
                1
              ]
            },
            {
              "origin": [
                -5.1,
                45.13393,
                -3.35946
              ],
              "size": [
                0,
                1,
                4
              ],
              "pivot": [
                -5.1,
                45.63393,
                -1.35946
              ],
              "rotation": [
                -25,
                0,
                0
              ],
              "uv": [
                0,
                1
              ]
            },
            {
              "origin": [
                5.1,
                45.13393,
                -3.35946
              ],
              "size": [
                0,
                1,
                4
              ],
              "pivot": [
                5.1,
                45.63393,
                -1.35946
              ],
              "rotation": [
                -25,
                0,
                0
              ],
              "uv": [
                0,
                0
              ]
            },
            {
              "origin": [
                -0.64054,
                45.13393,
                5.1
              ],
              "size": [
                4,
                1,
                0
              ],
              "pivot": [
                1.35946,
                45.63393,
                5.1
              ],
              "rotation": [
                0,
                0,
                -25
              ],
              "uv": [
                0,
                0
              ]
            },
            {
              "origin": [
                -0.73396,
                43.85721,
                -5.1
              ],
              "size": [
                3,
                1,
                0
              ],
              "pivot": [
                0.76604,
                44.35721,
                -5.1
              ],
              "rotation": [
                0,
                0,
                40
              ],
              "uv": [
                0,
                7
              ]
            },
            {
              "origin": [
                -5.1,
                43.85721,
                -2.26604
              ],
              "size": [
                0,
                1,
                3
              ],
              "pivot": [
                -5.1,
                44.35721,
                -0.76604
              ],
              "rotation": [
                40,
                0,
                0
              ],
              "uv": [
                0,
                3
              ]
            },
            {
              "origin": [
                5.1,
                43.85721,
                -2.26604
              ],
              "size": [
                0,
                1,
                3
              ],
              "pivot": [
                5.1,
                44.35721,
                -0.76604
              ],
              "rotation": [
                40,
                0,
                0
              ],
              "uv": [
                0,
                0
              ]
            },
            {
              "origin": [
                -0.73396,
                43.85721,
                5.1
              ],
              "size": [
                3,
                1,
                0
              ],
              "pivot": [
                0.76604,
                44.35721,
                5.1
              ],
              "rotation": [
                0,
                0,
                40
              ],
              "uv": [
                0,
                2
              ]
            }
          ]
        },
        {
          "name": "Rightarm",
          "parent": "Body2",
          "pivot": [
            -7.5,
            37.5,
            0
          ],
          "cubes": [
            {
              "origin": [
                -11,
                26,
                -2.5
              ],
              "size": [
                5,
                13,
                5
              ],
              "uv": [
                63,
                19
              ]
            }
          ]
        },
        {
          "name": "bone",
          "parent": "Rightarm",
          "pivot": [
            -8.5,
            26.5,
            0
          ],
          "cubes": [
            {
              "origin": [
                -11.25,
                12.35,
                -2.75
              ],
              "size": [
                5.5,
                14.3,
                5.5
              ],
              "uv": [
                43,
                58
              ]
            }
          ]
        },
        {
          "name": "Leftarm",
          "parent": "Body2",
          "pivot": [
            7.5,
            37.5,
            0
          ],
          "cubes": [
            {
              "origin": [
                6,
                26,
                -2.5
              ],
              "size": [
                5,
                13,
                5
              ],
              "uv": [
                0,
                62
              ]
            }
          ]
        },
        {
          "name": "bone3",
          "parent": "Leftarm",
          "pivot": [
            8.5,
            26.5,
            0
          ],
          "cubes": [
            {
              "origin": [
                5.75,
                12.35,
                -2.75
              ],
              "size": [
                5.5,
                14.3,
                5.5
              ],
              "uv": [
                23,
                58
              ]
            }
          ]
        },
        {
          "name": "Rightleg",
          "parent": "Waist",
          "pivot": [
            -2,
            20,
            0
          ],
          "cubes": [
            {
              "origin": [
                -5,
                10,
                -3
              ],
              "size": [
                5,
                10,
                5
              ],
              "uv": [
                78,
                32
              ]
            },
            {
              "origin": [
                -4.62113,
                7.19303,
                -3.5
              ],
              "size": [
                7,
                17,
                7
              ],
              "pivot": [
                -2.12113,
                22.69303,
                0
              ],
              "rotation": [
                0,
                0,
                5
              ],
              "uv": [
                40,
                0
              ]
            }
          ]
        },
        {
          "name": "Leg2",
          "parent": "Rightleg",
          "pivot": [
            -3,
            10,
            0
          ],
          "cubes": [
            {
              "origin": [
                -5,
                0,
                -3
              ],
              "size": [
                5,
                10,
                5
              ],
              "uv": [
                35,
                77
              ]
            }
          ]
        },
        {
          "name": "Leftleg",
          "parent": "Waist",
          "pivot": [
            3,
            20,
            0
          ],
          "cubes": [
            {
              "origin": [
                0,
                10,
                -3
              ],
              "size": [
                5,
                10,
                5
              ],
              "uv": [
                15,
                77
              ]
            },
            {
              "origin": [
                -2.37887,
                7.19303,
                -3.5
              ],
              "size": [
                7,
                17,
                7
              ],
              "pivot": [
                2.12113,
                22.69303,
                0
              ],
              "rotation": [
                0,
                0,
                -5
              ],
              "uv": [
                40,
                0
              ],
              "mirror": true
            }
          ]
        },
        {
          "name": "Leg4",
          "parent": "Leftleg",
          "pivot": [
            2,
            10,
            0
          ],
          "cubes": [
            {
              "origin": [
                0,
                0,
                -3
              ],
              "size": [
                5,
                10,
                5
              ],
              "uv": [
                63,
                68
              ]
            }
          ]
        }
      ]
    }
  ]
}