{
  "format_version": "1.12.0",
  "minecraft:geometry": [
    {
      "description": {
        "identifier": "geometry.lvgb_tv_men",
        "texture_width": 64,
        "texture_height": 64,
        "visible_bounds_width": 3,
        "visible_bounds_height": 3.5,
        "visible_bounds_offset": [
          0,
          1.25,
          0
        ]
      },
      "bones": [
        {
          "name": "waiste",
          "pivot": [
            0,
            0,
            0
          ]
        },
        {
          "name": "body2",
          "parent": "waiste",
          "pivot": [
            0,
            12,
            0
          ],
          "cubes": [
            {
              "origin": [
                -4,
                12,
                -2
              ],
              "size": [
                8,
                12,
                4
              ],
              "uv": [
                28,
                22
              ]
            }
          ]
        },
        {
          "name": "rightarm2",
          "parent": "body2",
          "pivot": [
            -5,
            23,
            0
          ],
          "cubes": [
            {
              "origin": [
                -7,
                12,
                -2
              ],
              "size": [
                3,
                12,
                4
              ],
              "uv": [
                46,
                38
              ]
            }
          ]
        },
        {
          "name": "rightItem",
          "parent": "rightarm2",
          "pivot": [
            -5,
            14,
            0
          ]
        },
        {
          "name": "leftarm2",
          "parent": "body2",
          "pivot": [
            5,
            23,
            0
          ],
          "cubes": [
            {
              "origin": [
                4,
                12,
                -2
              ],
              "size": [
                3,
                12,
                4
              ],
              "uv": [
                46,
                38
              ]
            }
          ]
        },
        {
          "name": "bone",
          "parent": "body2",
          "pivot": [
            0,
            24,
            0
          ]
        },
        {
          "name": "head2",
          "parent": "bone",
          "pivot": [
            0,
            24,
            0
          ],
          "cubes": [
            {
              "origin": [
                -5,
                24,
                -5
              ],
              "size": [
                10,
                1,
                7
              ],
              "uv": [
                17,
                14
              ]
            },
            {
              "origin": [
                -3,
                25,
                1
              ],
              "size": [
                6,
                6,
                2
              ],
              "inflate": 0.3,
              "uv": [
                0,
                50
              ]
            },
            {
              "origin": [
                -4,
                25,
                -1
              ],
              "size": [
                8,
                7,
                2
              ],
              "inflate": 0.3,
              "uv": [
                44,
                12
              ]
            },
            {
              "origin": [
                -5,
                25,
                -5
              ],
              "size": [
                10,
                8,
                4
              ],
              "uv": [
                24,
                0
              ]
            },
            {
              "origin": [
                -5,
                25,
                -5
              ],
              "size": [
                10,
                8,
                4
              ],
              "inflate": -0.05,
              "uv": [
                0,
                22
              ]
            }
          ]
        },
        {
          "name": "Jacket",
          "parent": "body2",
          "pivot": [
            0,
            18,
            0
          ],
          "cubes": [
            {
              "origin": [
                -4,
                7,
                -2
              ],
              "size": [
                8,
                17,
                4
              ],
              "inflate": 0.1,
              "uv": [
                0,
                0
              ]
            }
          ]
        },
        {
          "name": "rightleg2",
          "parent": "waiste",
          "pivot": [
            -2,
            12,
            0
          ],
          "cubes": [
            {
              "origin": [
                -4,
                0,
                -2
              ],
              "size": [
                4,
                12,
                4
              ],
              "uv": [
                16,
                34
              ]
            }
          ]
        },
        {
          "name": "leftleg2",
          "parent": "waiste",
          "pivot": [
            2,
            12,
            0
          ],
          "cubes": [
            {
              "origin": [
                0,
                0,
                -2
              ],
              "size": [
                4,
                12,
                4
              ],
              "uv": [
                16,
                34
              ],
              "mirror": true
            }
          ]
        }
      ]
    }
  ]
}