{
  "format_version": "1.12.0",
  "minecraft:geometry": [
    {
      "description": {
        "identifier": "geometry.yd_doombriger_scythe",
        "texture_width": 64,
        "texture_height": 64,
        "visible_bounds_width": 4,
        "visible_bounds_height": 3.5,
        "visible_bounds_offset": [
          0,
          1.25,
          0
        ]
      },
      "bones": [
        {
          "name": "RightArm",
          "pivot": [
            -5,
            22,
            0
          ]
        },
        {
          "name": "bone3",
          "parent": "RightArm",
          "pivot": [
            -6.5,
            16.44936,
            -15
          ],
          "rotation": [
            67.5,
            0,
            0
          ]
        },
        {
          "name": "bone",
          "parent": "bone3",
          "pivot": [
            2,
            0.99783,
            -20.92887
          ],
          "cubes": [
            {
              "origin": [
                -6.792,
                -8.95033,
                -17.03599
              ],
              "size": [
                1.584,
                14.256,
                1.584
              ],
              "pivot": [
                -6,
                9.97612,
                -14.31048
              ],
              "rotation": [
                22.5,
                0,
                0
              ],
              "uv": {
                "north": {
                  "uv": [
                    30,
                    21
                  ],
                  "uv_size": [
                    1.625,
                    14.25
                  ]
                },
                "east": {
                  "uv": [
                    31,
                    0
                  ],
                  "uv_size": [
                    1.625,
                    14.25
                  ]
                },
                "south": {
                  "uv": [
                    16,
                    31
                  ],
                  "uv_size": [
                    1.625,
                    14.25
                  ]
                },
                "west": {
                  "uv": [
                    18,
                    31
                  ],
                  "uv_size": [
                    1.625,
                    14.25
                  ]
                },
                "up": {
                  "uv": [
                    0,
                    49
                  ],
                  "uv_size": [
                    1.625,
                    1.625
                  ]
                },
                "down": {
                  "uv": [
                    9,
                    50.625
                  ],
                  "uv_size": [
                    1.625,
                    -1.625
                  ]
                }
              }
            },
            {
              "origin": [
                -7.188,
                -12.14928,
                -10.7289
              ],
              "size": [
                2.376,
                4.752,
                3.168
              ],
              "uv": {
                "north": {
                  "uv": [
                    40,
                    21
                  ],
                  "uv_size": [
                    2.375,
                    4.75
                  ]
                },
                "east": {
                  "uv": [
                    36,
                    16
                  ],
                  "uv_size": [
                    3.125,
                    4.75
                  ]
                },
                "south": {
                  "uv": [
                    36,
                    40
                  ],
                  "uv_size": [
                    2.375,
                    4.75
                  ]
                },
                "west": {
                  "uv": [
                    37,
                    4
                  ],
                  "uv_size": [
                    3.125,
                    4.75
                  ]
                },
                "up": {
                  "uv": [
                    45,
                    14
                  ],
                  "uv_size": [
                    2.375,
                    3.125
                  ]
                },
                "down": {
                  "uv": [
                    45,
                    29.125
                  ],
                  "uv_size": [
                    2.375,
                    -3.125
                  ]
                }
              }
            },
            {
              "origin": [
                -6.8019,
                -6.29316,
                -2.77234
              ],
              "size": [
                1.6038,
                4.752,
                2.376
              ],
              "pivot": [
                -6,
                9.97612,
                -14.31048
              ],
              "rotation": [
                -22.5,
                0,
                0
              ],
              "uv": {
                "north": {
                  "uv": [
                    10,
                    42
                  ],
                  "uv_size": [
                    1.625,
                    4.75
                  ]
                },
                "east": {
                  "uv": [
                    41,
                    4
                  ],
                  "uv_size": [
                    2.375,
                    4.75
                  ]
                },
                "south": {
                  "uv": [
                    44,
                    33
                  ],
                  "uv_size": [
                    1.625,
                    4.75
                  ]
                },
                "west": {
                  "uv": [
                    12,
                    41
                  ],
                  "uv_size": [
                    2.375,
                    4.75
                  ]
                },
                "up": {
                  "uv": [
                    48,
                    18
                  ],
                  "uv_size": [
                    1.625,
                    2.375
                  ]
                },
                "down": {
                  "uv": [
                    48,
                    23.375
                  ],
                  "uv_size": [
                    1.625,
                    -2.375
                  ]
                }
              }
            },
            {
              "origin": [
                -6.396,
                3.35334,
                1.15532
              ],
              "size": [
                0.792,
                3.96,
                1.584
              ],
              "pivot": [
                -6,
                9.97612,
                -14.31048
              ],
              "rotation": [
                -45,
                0,
                0
              ],
              "uv": {
                "north": {
                  "uv": [
                    41,
                    9
                  ],
                  "uv_size": [
                    0.75,
                    4
                  ]
                },
                "east": {
                  "uv": [
                    22,
                    46
                  ],
                  "uv_size": [
                    1.625,
                    4
                  ]
                },
                "south": {
                  "uv": [
                    15,
                    41
                  ],
                  "uv_size": [
                    0.75,
                    4
                  ]
                },
                "west": {
                  "uv": [
                    46,
                    22
                  ],
                  "uv_size": [
                    1.625,
                    4
                  ]
                },
                "up": {
                  "uv": [
                    17,
                    50
                  ],
                  "uv_size": [
                    0.75,
                    1.625
                  ]
                },
                "down": {
                  "uv": [
                    18,
                    51.625
                  ],
                  "uv_size": [
                    0.75,
                    -1.625
                  ]
                }
              }
            },
            {
              "origin": [
                -6.792,
                -5.41336,
                3.10628
              ],
              "size": [
                1.584,
                4.752,
                2.376
              ],
              "pivot": [
                -6,
                9.97612,
                -14.31048
              ],
              "rotation": [
                -45,
                0,
                0
              ],
              "uv": {
                "north": {
                  "uv": [
                    44,
                    38
                  ],
                  "uv_size": [
                    1.625,
                    4.75
                  ]
                },
                "east": {
                  "uv": [
                    20,
                    41
                  ],
                  "uv_size": [
                    2.375,
                    4.75
                  ]
                },
                "south": {
                  "uv": [
                    44,
                    43
                  ],
                  "uv_size": [
                    1.625,
                    4.75
                  ]
                },
                "west": {
                  "uv": [
                    23,
                    41
                  ],
                  "uv_size": [
                    2.375,
                    4.75
                  ]
                },
                "up": {
                  "uv": [
                    48,
                    24
                  ],
                  "uv_size": [
                    1.625,
                    2.375
                  ]
                },
                "down": {
                  "uv": [
                    48,
                    29.375
                  ],
                  "uv_size": [
                    1.625,
                    -2.375
                  ]
                }
              }
            },
            {
              "origin": [
                -6.396,
                -13.80083,
                -24.51648
              ],
              "size": [
                0.792,
                1.584,
                3.96
              ],
              "pivot": [
                -6,
                9.97612,
                -14.31048
              ],
              "rotation": [
                22.5,
                0,
                0
              ],
              "uv": {
                "north": {
                  "uv": [
                    50,
                    18
                  ],
                  "uv_size": [
                    0.75,
                    1.625
                  ]
                },
                "east": {
                  "uv": [
                    46,
                    32
                  ],
                  "uv_size": [
                    4,
                    1.625
                  ]
                },
                "south": {
                  "uv": [
                    19,
                    50
                  ],
                  "uv_size": [
                    0.75,
                    1.625
                  ]
                },
                "west": {
                  "uv": [
                    46,
                    34
                  ],
                  "uv_size": [
                    4,
                    1.625
                  ]
                },
                "up": {
                  "uv": [
                    3,
                    43
                  ],
                  "uv_size": [
                    0.75,
                    4
                  ]
                },
                "down": {
                  "uv": [
                    35,
                    51
                  ],
                  "uv_size": [
                    0.75,
                    -4
                  ]
                }
              }
            },
            {
              "origin": [
                -6.7821,
                4.61818,
                -15.04123
              ],
              "size": [
                1.5642,
                15.048,
                1.584
              ],
              "uv": {
                "north": {
                  "uv": [
                    26,
                    21
                  ],
                  "uv_size": [
                    1.625,
                    15
                  ]
                },
                "east": {
                  "uv": [
                    27,
                    0
                  ],
                  "uv_size": [
                    1.625,
                    15
                  ]
                },
                "south": {
                  "uv": [
                    28,
                    21
                  ],
                  "uv_size": [
                    1.625,
                    15
                  ]
                },
                "west": {
                  "uv": [
                    29,
                    0
                  ],
                  "uv_size": [
                    1.625,
                    15
                  ]
                },
                "up": {
                  "uv": [
                    11,
                    49
                  ],
                  "uv_size": [
                    1.625,
                    1.625
                  ]
                },
                "down": {
                  "uv": [
                    49,
                    31.625
                  ],
                  "uv_size": [
                    1.625,
                    -1.625
                  ]
                }
              }
            },
            {
              "origin": [
                -7.188,
                13.33018,
                -15.43723
              ],
              "size": [
                2.376,
                6.336,
                2.376
              ],
              "uv": {
                "north": {
                  "uv": [
                    12,
                    34
                  ],
                  "uv_size": [
                    2.375,
                    6.375
                  ]
                },
                "east": {
                  "uv": [
                    26,
                    36
                  ],
                  "uv_size": [
                    2.375,
                    6.375
                  ]
                },
                "south": {
                  "uv": [
                    29,
                    36
                  ],
                  "uv_size": [
                    2.375,
                    6.375
                  ]
                },
                "west": {
                  "uv": [
                    36,
                    33
                  ],
                  "uv_size": [
                    2.375,
                    6.375
                  ]
                },
                "up": {
                  "uv": [
                    3,
                    47
                  ],
                  "uv_size": [
                    2.375,
                    2.375
                  ]
                },
                "down": {
                  "uv": [
                    47,
                    6.375
                  ],
                  "uv_size": [
                    2.375,
                    -2.375
                  ]
                }
              }
            },
            {
              "origin": [
                -6,
                7.78618,
                -13.45723
              ],
              "size": [
                0,
                7.92,
                7.92
              ],
              "uv": {
                "north": {
                  "uv": [
                    0,
                    0
                  ],
                  "uv_size": [
                    0,
                    7.875
                  ]
                },
                "east": {
                  "uv": [
                    0,
                    26
                  ],
                  "uv_size": [
                    7.875,
                    7.875
                  ]
                },
                "south": {
                  "uv": [
                    0,
                    0
                  ],
                  "uv_size": [
                    0,
                    7.875
                  ]
                },
                "west": {
                  "uv": [
                    8,
                    26
                  ],
                  "uv_size": [
                    7.875,
                    7.875
                  ]
                },
                "up": {
                  "uv": [
                    0,
                    0
                  ],
                  "uv_size": [
                    0,
                    7.875
                  ]
                },
                "down": {
                  "uv": [
                    0,
                    7.875
                  ],
                  "uv_size": [
                    0,
                    -7.875
                  ]
                }
              }
            },
            {
              "origin": [
                -7.2078,
                18.51326,
                -19.26761
              ],
              "size": [
                2.4156,
                4.752,
                9.504
              ],
              "pivot": [
                -6,
                9.97612,
                -14.31048
              ],
              "rotation": [
                22.5,
                0,
                0
              ],
              "uv": {
                "north": {
                  "uv": [
                    41,
                    33
                  ],
                  "uv_size": [
                    2.375,
                    4.75
                  ]
                },
                "east": {
                  "uv": [
                    16,
                    26
                  ],
                  "uv_size": [
                    9.5,
                    4.75
                  ]
                },
                "south": {
                  "uv": [
                    41,
                    38
                  ],
                  "uv_size": [
                    2.375,
                    4.75
                  ]
                },
                "west": {
                  "uv": [
                    26,
                    16
                  ],
                  "uv_size": [
                    9.5,
                    4.75
                  ]
                },
                "up": {
                  "uv": [
                    20,
                    31
                  ],
                  "uv_size": [
                    2.375,
                    9.5
                  ]
                },
                "down": {
                  "uv": [
                    23,
                    40.5
                  ],
                  "uv_size": [
                    2.375,
                    -9.5
                  ]
                }
              }
            },
            {
              "origin": [
                -6,
                20.33289,
                -24.04661
              ],
              "size": [
                0,
                7.92,
                9.504
              ],
              "uv": {
                "north": {
                  "uv": [
                    0,
                    0
                  ],
                  "uv_size": [
                    0,
                    7.875
                  ]
                },
                "east": {
                  "uv": [
                    17,
                    0
                  ],
                  "uv_size": [
                    9.5,
                    7.875
                  ]
                },
                "south": {
                  "uv": [
                    0,
                    0
                  ],
                  "uv_size": [
                    0,
                    7.875
                  ]
                },
                "west": {
                  "uv": [
                    17,
                    8
                  ],
                  "uv_size": [
                    9.5,
                    7.875
                  ]
                },
                "up": {
                  "uv": [
                    0,
                    0
                  ],
                  "uv_size": [
                    0,
                    9.5
                  ]
                },
                "down": {
                  "uv": [
                    0,
                    9.5
                  ],
                  "uv_size": [
                    0,
                    -9.5
                  ]
                }
              }
            },
            {
              "origin": [
                -6,
                13.69578,
                -28.1839
              ],
              "size": [
                0,
                7.92,
                16.632
              ],
              "pivot": [
                -6,
                9.97612,
                -14.31048
              ],
              "rotation": [
                45,
                0,
                0
              ],
              "uv": {
                "north": {
                  "uv": [
                    0,
                    0
                  ],
                  "uv_size": [
                    0,
                    7.875
                  ]
                },
                "east": {
                  "uv": [
                    0,
                    0
                  ],
                  "uv_size": [
                    16.625,
                    7.875
                  ]
                },
                "south": {
                  "uv": [
                    0,
                    0
                  ],
                  "uv_size": [
                    0,
                    7.875
                  ]
                },
                "west": {
                  "uv": [
                    0,
                    8
                  ],
                  "uv_size": [
                    16.625,
                    7.875
                  ]
                },
                "up": {
                  "uv": [
                    0,
                    0
                  ],
                  "uv_size": [
                    0,
                    16.625
                  ]
                },
                "down": {
                  "uv": [
                    0,
                    16.625
                  ],
                  "uv_size": [
                    0,
                    -16.625
                  ]
                }
              }
            },
            {
              "origin": [
                -6,
                18.47123,
                -19.39095
              ],
              "size": [
                0,
                9.504,
                12.672
              ],
              "pivot": [
                -6,
                9.97612,
                -14.31048
              ],
              "rotation": [
                -22.5,
                0,
                0
              ],
              "uv": {
                "north": {
                  "uv": [
                    0,
                    0
                  ],
                  "uv_size": [
                    0,
                    9.5
                  ]
                },
                "east": {
                  "uv": [
                    0,
                    16
                  ],
                  "uv_size": [
                    12.625,
                    9.5
                  ]
                },
                "south": {
                  "uv": [
                    0,
                    0
                  ],
                  "uv_size": [
                    0,
                    9.5
                  ]
                },
                "west": {
                  "uv": [
                    13,
                    16
                  ],
                  "uv_size": [
                    12.625,
                    9.5
                  ]
                },
                "up": {
                  "uv": [
                    0,
                    0
                  ],
                  "uv_size": [
                    0,
                    12.625
                  ]
                },
                "down": {
                  "uv": [
                    0,
                    12.625
                  ],
                  "uv_size": [
                    0,
                    -12.625
                  ]
                }
              }
            },
            {
              "origin": [
                -7.1979,
                19.27478,
                -15.28043
              ],
              "size": [
                2.3958,
                4.752,
                3.96
              ],
              "uv": {
                "north": {
                  "uv": [
                    4,
                    42
                  ],
                  "uv_size": [
                    2.375,
                    4.75
                  ]
                },
                "east": {
                  "uv": [
                    32,
                    33
                  ],
                  "uv_size": [
                    4,
                    4.75
                  ]
                },
                "south": {
                  "uv": [
                    7,
                    42
                  ],
                  "uv_size": [
                    2.375,
                    4.75
                  ]
                },
                "west": {
                  "uv": [
                    0,
                    34
                  ],
                  "uv_size": [
                    4,
                    4.75
                  ]
                },
                "up": {
                  "uv": [
                    43,
                    18
                  ],
                  "uv_size": [
                    2.375,
                    4
                  ]
                },
                "down": {
                  "uv": [
                    43,
                    26
                  ],
                  "uv_size": [
                    2.375,
                    -4
                  ]
                }
              }
            },
            {
              "origin": [
                -6.792,
                24.02678,
                -14.84903
              ],
              "size": [
                1.584,
                1.584,
                1.584
              ],
              "uv": {
                "north": {
                  "uv": [
                    36,
                    49
                  ],
                  "uv_size": [
                    1.625,
                    1.625
                  ]
                },
                "east": {
                  "uv": [
                    49,
                    40
                  ],
                  "uv_size": [
                    1.625,
                    1.625
                  ]
                },
                "south": {
                  "uv": [
                    41,
                    49
                  ],
                  "uv_size": [
                    1.625,
                    1.625
                  ]
                },
                "west": {
                  "uv": [
                    49,
                    42
                  ],
                  "uv_size": [
                    1.625,
                    1.625
                  ]
                },
                "up": {
                  "uv": [
                    49,
                    44
                  ],
                  "uv_size": [
                    1.625,
                    1.625
                  ]
                },
                "down": {
                  "uv": [
                    49,
                    47.625
                  ],
                  "uv_size": [
                    1.625,
                    -1.625
                  ]
                }
              }
            },
            {
              "origin": [
                -6.396,
                25.61078,
                -14.49263
              ],
              "size": [
                0.792,
                1.584,
                0.792
              ],
              "uv": {
                "north": {
                  "uv": [
                    20,
                    50
                  ],
                  "uv_size": [
                    0.75,
                    1.625
                  ]
                },
                "east": {
                  "uv": [
                    50,
                    20
                  ],
                  "uv_size": [
                    0.75,
                    1.625
                  ]
                },
                "south": {
                  "uv": [
                    21,
                    50
                  ],
                  "uv_size": [
                    0.75,
                    1.625
                  ]
                },
                "west": {
                  "uv": [
                    22,
                    50
                  ],
                  "uv_size": [
                    0.75,
                    1.625
                  ]
                },
                "up": {
                  "uv": [
                    51,
                    30
                  ],
                  "uv_size": [
                    0.75,
                    0.75
                  ]
                },
                "down": {
                  "uv": [
                    31,
                    51.75
                  ],
                  "uv_size": [
                    0.75,
                    -0.75
                  ]
                }
              }
            },
            {
              "origin": [
                -6.792,
                20.15863,
                -16.85502
              ],
              "size": [
                1.584,
                3.168,
                3.96
              ],
              "pivot": [
                -6,
                9.97612,
                -14.31048
              ],
              "rotation": [
                -22.5,
                0,
                0
              ],
              "uv": {
                "north": {
                  "uv": [
                    26,
                    47
                  ],
                  "uv_size": [
                    1.625,
                    3.125
                  ]
                },
                "east": {
                  "uv": [
                    0,
                    39
                  ],
                  "uv_size": [
                    4,
                    3.125
                  ]
                },
                "south": {
                  "uv": [
                    28,
                    47
                  ],
                  "uv_size": [
                    1.625,
                    3.125
                  ]
                },
                "west": {
                  "uv": [
                    39,
                    0
                  ],
                  "uv_size": [
                    4,
                    3.125
                  ]
                },
                "up": {
                  "uv": [
                    24,
                    46
                  ],
                  "uv_size": [
                    1.625,
                    4
                  ]
                },
                "down": {
                  "uv": [
                    46,
                    40
                  ],
                  "uv_size": [
                    1.625,
                    -4
                  ]
                }
              }
            },
            {
              "origin": [
                -6.792,
                20.74766,
                -20.91412
              ],
              "size": [
                1.584,
                3.168,
                7.128
              ],
              "pivot": [
                -6,
                9.97612,
                -14.31048
              ],
              "rotation": [
                45,
                0,
                0
              ],
              "uv": {
                "north": {
                  "uv": [
                    30,
                    47
                  ],
                  "uv_size": [
                    1.625,
                    3.125
                  ]
                },
                "east": {
                  "uv": [
                    32,
                    21
                  ],
                  "uv_size": [
                    7.125,
                    3.125
                  ]
                },
                "south": {
                  "uv": [
                    32,
                    47
                  ],
                  "uv_size": [
                    1.625,
                    3.125
                  ]
                },
                "west": {
                  "uv": [
                    32,
                    25
                  ],
                  "uv_size": [
                    7.125,
                    3.125
                  ]
                },
                "up": {
                  "uv": [
                    39,
                    33
                  ],
                  "uv_size": [
                    1.625,
                    7.125
                  ]
                },
                "down": {
                  "uv": [
                    40,
                    20.125
                  ],
                  "uv_size": [
                    1.625,
                    -7.125
                  ]
                }
              }
            },
            {
              "origin": [
                -6.396,
                2.98281,
                -29.65493
              ],
              "size": [
                0.792,
                6.336,
                1.98
              ],
              "pivot": [
                -6,
                9.97612,
                -14.31048
              ],
              "rotation": [
                -22.5,
                0,
                0
              ],
              "uv": {
                "north": {
                  "uv": [
                    15,
                    34
                  ],
                  "uv_size": [
                    0.75,
                    6.375
                  ]
                },
                "east": {
                  "uv": [
                    32,
                    38
                  ],
                  "uv_size": [
                    2,
                    6.375
                  ]
                },
                "south": {
                  "uv": [
                    34,
                    47
                  ],
                  "uv_size": [
                    0.75,
                    6.375
                  ]
                },
                "west": {
                  "uv": [
                    34,
                    38
                  ],
                  "uv_size": [
                    2,
                    6.375
                  ]
                },
                "up": {
                  "uv": [
                    16,
                    50
                  ],
                  "uv_size": [
                    0.75,
                    2
                  ]
                },
                "down": {
                  "uv": [
                    50,
                    18
                  ],
                  "uv_size": [
                    0.75,
                    -2
                  ]
                }
              }
            }
          ]
        },
        {
          "name": "group",
          "parent": "bone3",
          "pivot": [
            -6.5,
            50.44719,
            -13.92887
          ],
          "rotation": [
            180,
            0,
            0
          ],
          "cubes": [
            {
              "origin": [
                -7.75,
                76.46397,
                -1.91209
              ],
              "size": [
                2.5,
                2,
                2
              ],
              "pivot": [
                -6.5,
                64.52894,
                -13.84712
              ],
              "rotation": [
                45,
                0,
                0
              ],
              "uv": {
                "north": {
                  "uv": [
                    41,
                    47
                  ],
                  "uv_size": [
                    2.5,
                    2
                  ]
                },
                "east": {
                  "uv": [
                    40,
                    26
                  ],
                  "uv_size": [
                    2,
                    2
                  ]
                },
                "south": {
                  "uv": [
                    48,
                    0
                  ],
                  "uv_size": [
                    2.5,
                    2
                  ]
                },
                "west": {
                  "uv": [
                    14,
                    48
                  ],
                  "uv_size": [
                    2,
                    2
                  ]
                },
                "up": {
                  "uv": [
                    48,
                    2
                  ],
                  "uv_size": [
                    2.5,
                    2
                  ]
                },
                "down": {
                  "uv": [
                    6,
                    50
                  ],
                  "uv_size": [
                    2.5,
                    -2
                  ]
                }
              }
            },
            {
              "origin": [
                -7.6,
                80.49783,
                -16.42887
              ],
              "size": [
                2,
                1,
                5
              ],
              "uv": {
                "north": {
                  "uv": [
                    40,
                    28
                  ],
                  "uv_size": [
                    2,
                    1
                  ]
                },
                "east": {
                  "uv": [
                    47,
                    13
                  ],
                  "uv_size": [
                    5,
                    1
                  ]
                },
                "south": {
                  "uv": [
                    49,
                    48
                  ],
                  "uv_size": [
                    2,
                    1
                  ]
                },
                "west": {
                  "uv": [
                    9,
                    48
                  ],
                  "uv_size": [
                    5,
                    1
                  ]
                },
                "up": {
                  "uv": [
                    39,
                    41
                  ],
                  "uv_size": [
                    2,
                    5
                  ]
                },
                "down": {
                  "uv": [
                    42,
                    14
                  ],
                  "uv_size": [
                    2,
                    -5
                  ]
                }
              }
            },
            {
              "origin": [
                -8.1,
                80.49783,
                -15.42887
              ],
              "size": [
                3,
                2,
                3
              ],
              "uv": {
                "north": {
                  "uv": [
                    38,
                    46
                  ],
                  "uv_size": [
                    3,
                    2
                  ]
                },
                "east": {
                  "uv": [
                    46,
                    44
                  ],
                  "uv_size": [
                    3,
                    2
                  ]
                },
                "south": {
                  "uv": [
                    46,
                    42
                  ],
                  "uv_size": [
                    3,
                    2
                  ]
                },
                "west": {
                  "uv": [
                    46,
                    44
                  ],
                  "uv_size": [
                    3,
                    2
                  ]
                },
                "up": {
                  "uv": [
                    37,
                    13
                  ],
                  "uv_size": [
                    3,
                    3
                  ]
                },
                "down": {
                  "uv": [
                    42,
                    33
                  ],
                  "uv_size": [
                    3,
                    -3
                  ]
                }
              }
            },
            {
              "origin": [
                -4.5,
                77.99783,
                -14.17887
              ],
              "size": [
                0.5,
                1.5,
                0.5
              ],
              "uv": {
                "north": {
                  "uv": [
                    50,
                    34
                  ],
                  "uv_size": [
                    0.5,
                    1.5
                  ]
                },
                "east": {
                  "uv": [
                    50,
                    36
                  ],
                  "uv_size": [
                    0.5,
                    1.5
                  ]
                },
                "south": {
                  "uv": [
                    38,
                    50
                  ],
                  "uv_size": [
                    0.5,
                    1.5
                  ]
                },
                "west": {
                  "uv": [
                    50,
                    38
                  ],
                  "uv_size": [
                    0.5,
                    1.5
                  ]
                },
                "up": {
                  "uv": [
                    51,
                    38
                  ],
                  "uv_size": [
                    0.5,
                    0.5
                  ]
                },
                "down": {
                  "uv": [
                    51,
                    39.5
                  ],
                  "uv_size": [
                    0.5,
                    -0.5
                  ]
                }
              }
            },
            {
              "origin": [
                -4.5,
                77.49783,
                -14.67887
              ],
              "size": [
                0.5,
                0.5,
                1.5
              ],
              "uv": {
                "north": {
                  "uv": [
                    51,
                    40
                  ],
                  "uv_size": [
                    0.5,
                    0.5
                  ]
                },
                "east": {
                  "uv": [
                    44,
                    50
                  ],
                  "uv_size": [
                    1.5,
                    0.5
                  ]
                },
                "south": {
                  "uv": [
                    41,
                    51
                  ],
                  "uv_size": [
                    0.5,
                    0.5
                  ]
                },
                "west": {
                  "uv": [
                    49,
                    50
                  ],
                  "uv_size": [
                    1.5,
                    0.5
                  ]
                },
                "up": {
                  "uv": [
                    39,
                    50
                  ],
                  "uv_size": [
                    0.5,
                    1.5
                  ]
                },
                "down": {
                  "uv": [
                    0,
                    52.5
                  ],
                  "uv_size": [
                    0.5,
                    -1.5
                  ]
                }
              }
            },
            {
              "origin": [
                -4.5,
                76.49783,
                -16.67887
              ],
              "size": [
                0.5,
                1,
                5.5
              ],
              "uv": {
                "north": {
                  "uv": [
                    51,
                    31
                  ],
                  "uv_size": [
                    0.5,
                    1
                  ]
                },
                "east": {
                  "uv": [
                    27,
                    15
                  ],
                  "uv_size": [
                    5.5,
                    1
                  ]
                },
                "south": {
                  "uv": [
                    32,
                    51
                  ],
                  "uv_size": [
                    0.5,
                    1
                  ]
                },
                "west": {
                  "uv": [
                    6,
                    47
                  ],
                  "uv_size": [
                    5.5,
                    1
                  ]
                },
                "up": {
                  "uv": [
                    40,
                    48
                  ],
                  "uv_size": [
                    0.5,
                    5.5
                  ]
                },
                "down": {
                  "uv": [
                    46,
                    53.5
                  ],
                  "uv_size": [
                    0.5,
                    -5.5
                  ]
                }
              }
            },
            {
              "origin": [
                -4.5,
                77.49783,
                -11.67887
              ],
              "size": [
                0.5,
                1.5,
                0.5
              ],
              "uv": {
                "north": {
                  "uv": [
                    51,
                    0
                  ],
                  "uv_size": [
                    0.5,
                    1.5
                  ]
                },
                "east": {
                  "uv": [
                    1,
                    51
                  ],
                  "uv_size": [
                    0.5,
                    1.5
                  ]
                },
                "south": {
                  "uv": [
                    2,
                    51
                  ],
                  "uv_size": [
                    0.5,
                    1.5
                  ]
                },
                "west": {
                  "uv": [
                    51,
                    2
                  ],
                  "uv_size": [
                    0.5,
                    1.5
                  ]
                },
                "up": {
                  "uv": [
                    51,
                    41
                  ],
                  "uv_size": [
                    0.5,
                    0.5
                  ]
                },
                "down": {
                  "uv": [
                    42,
                    51.5
                  ],
                  "uv_size": [
                    0.5,
                    -0.5
                  ]
                }
              }
            },
            {
              "origin": [
                -4.5,
                77.49783,
                -16.67887
              ],
              "size": [
                0.5,
                1.5,
                0.5
              ],
              "uv": {
                "north": {
                  "uv": [
                    3,
                    51
                  ],
                  "uv_size": [
                    0.5,
                    1.5
                  ]
                },
                "east": {
                  "uv": [
                    4,
                    51
                  ],
                  "uv_size": [
                    0.5,
                    1.5
                  ]
                },
                "south": {
                  "uv": [
                    5,
                    51
                  ],
                  "uv_size": [
                    0.5,
                    1.5
                  ]
                },
                "west": {
                  "uv": [
                    51,
                    5
                  ],
                  "uv_size": [
                    0.5,
                    1.5
                  ]
                },
                "up": {
                  "uv": [
                    51,
                    42
                  ],
                  "uv_size": [
                    0.5,
                    0.5
                  ]
                },
                "down": {
                  "uv": [
                    43,
                    51.5
                  ],
                  "uv_size": [
                    0.5,
                    -0.5
                  ]
                }
              }
            },
            {
              "origin": [
                -8.5,
                76.49783,
                -16.67887
              ],
              "size": [
                4,
                4,
                5.5
              ],
              "uv": {
                "north": {
                  "uv": [
                    4,
                    34
                  ],
                  "uv_size": [
                    4,
                    4
                  ]
                },
                "east": {
                  "uv": [
                    33,
                    0
                  ],
                  "uv_size": [
                    5.5,
                    4
                  ]
                },
                "south": {
                  "uv": [
                    8,
                    34
                  ],
                  "uv_size": [
                    4,
                    4
                  ]
                },
                "west": {
                  "uv": [
                    33,
                    0
                  ],
                  "uv_size": [
                    5.5,
                    4
                  ]
                },
                "up": {
                  "uv": [
                    33,
                    4
                  ],
                  "uv_size": [
                    4,
                    5.5
                  ]
                },
                "down": {
                  "uv": [
                    33,
                    15.5
                  ],
                  "uv_size": [
                    4,
                    -5.5
                  ]
                }
              }
            },
            {
              "origin": [
                -9,
                77.49783,
                -11.67887
              ],
              "size": [
                0.5,
                1.5,
                0.5
              ],
              "uv": {
                "north": {
                  "uv": [
                    6,
                    51
                  ],
                  "uv_size": [
                    0.5,
                    1.5
                  ]
                },
                "east": {
                  "uv": [
                    9,
                    51
                  ],
                  "uv_size": [
                    0.5,
                    1.5
                  ]
                },
                "south": {
                  "uv": [
                    51,
                    9
                  ],
                  "uv_size": [
                    0.5,
                    1.5
                  ]
                },
                "west": {
                  "uv": [
                    10,
                    51
                  ],
                  "uv_size": [
                    0.5,
                    1.5
                  ]
                },
                "up": {
                  "uv": [
                    51,
                    43
                  ],
                  "uv_size": [
                    0.5,
                    0.5
                  ]
                },
                "down": {
                  "uv": [
                    44,
                    51.5
                  ],
                  "uv_size": [
                    0.5,
                    -0.5
                  ]
                }
              }
            },
            {
              "origin": [
                -9,
                76.49783,
                -16.67887
              ],
              "size": [
                0.5,
                1,
                5.5
              ],
              "uv": {
                "north": {
                  "uv": [
                    51,
                    32
                  ],
                  "uv_size": [
                    0.5,
                    1
                  ]
                },
                "east": {
                  "uv": [
                    6,
                    47
                  ],
                  "uv_size": [
                    5.5,
                    1
                  ]
                },
                "south": {
                  "uv": [
                    33,
                    51
                  ],
                  "uv_size": [
                    0.5,
                    1
                  ]
                },
                "west": {
                  "uv": [
                    6,
                    48
                  ],
                  "uv_size": [
                    5.5,
                    -1
                  ]
                },
                "up": {
                  "uv": [
                    46,
                    48
                  ],
                  "uv_size": [
                    0.5,
                    5.5
                  ]
                },
                "down": {
                  "uv": [
                    46,
                    53.5
                  ],
                  "uv_size": [
                    0.5,
                    -5.625
                  ]
                }
              }
            },
            {
              "origin": [
                -9,
                77.99783,
                -14.17887
              ],
              "size": [
                0.5,
                1.5,
                0.5
              ],
              "uv": {
                "north": {
                  "uv": [
                    11,
                    51
                  ],
                  "uv_size": [
                    0.5,
                    1.5
                  ]
                },
                "east": {
                  "uv": [
                    51,
                    11
                  ],
                  "uv_size": [
                    0.5,
                    1.5
                  ]
                },
                "south": {
                  "uv": [
                    12,
                    51
                  ],
                  "uv_size": [
                    0.5,
                    1.5
                  ]
                },
                "west": {
                  "uv": [
                    13,
                    51
                  ],
                  "uv_size": [
                    0.5,
                    1.5
                  ]
                },
                "up": {
                  "uv": [
                    51,
                    44
                  ],
                  "uv_size": [
                    0.5,
                    0.5
                  ]
                },
                "down": {
                  "uv": [
                    45,
                    51.5
                  ],
                  "uv_size": [
                    0.5,
                    -0.5
                  ]
                }
              }
            },
            {
              "origin": [
                -9,
                77.49783,
                -16.67887
              ],
              "size": [
                0.5,
                1.5,
                0.5
              ],
              "uv": {
                "north": {
                  "uv": [
                    51,
                    14
                  ],
                  "uv_size": [
                    0.5,
                    1.5
                  ]
                },
                "east": {
                  "uv": [
                    51,
                    16
                  ],
                  "uv_size": [
                    0.5,
                    1.5
                  ]
                },
                "south": {
                  "uv": [
                    51,
                    18
                  ],
                  "uv_size": [
                    0.5,
                    1.5
                  ]
                },
                "west": {
                  "uv": [
                    51,
                    20
                  ],
                  "uv_size": [
                    0.5,
                    1.5
                  ]
                },
                "up": {
                  "uv": [
                    51,
                    45
                  ],
                  "uv_size": [
                    0.5,
                    0.5
                  ]
                },
                "down": {
                  "uv": [
                    51,
                    46.5
                  ],
                  "uv_size": [
                    0.5,
                    -0.5
                  ]
                }
              }
            },
            {
              "origin": [
                -9,
                77.49783,
                -14.67887
              ],
              "size": [
                0.5,
                0.5,
                1.5
              ],
              "uv": {
                "north": {
                  "uv": [
                    51,
                    47
                  ],
                  "uv_size": [
                    0.5,
                    0.5
                  ]
                },
                "east": {
                  "uv": [
                    51,
                    22
                  ],
                  "uv_size": [
                    1.5,
                    0.5
                  ]
                },
                "south": {
                  "uv": [
                    51,
                    48
                  ],
                  "uv_size": [
                    0.5,
                    0.5
                  ]
                },
                "west": {
                  "uv": [
                    51,
                    23
                  ],
                  "uv_size": [
                    1.5,
                    0.5
                  ]
                },
                "up": {
                  "uv": [
                    51,
                    24
                  ],
                  "uv_size": [
                    0.5,
                    1.5
                  ]
                },
                "down": {
                  "uv": [
                    26,
                    52.5
                  ],
                  "uv_size": [
                    0.5,
                    -1.5
                  ]
                }
              }
            },
            {
              "origin": [
                -7.85,
                75.49783,
                -15.42887
              ],
              "size": [
                2.7,
                2,
                3
              ],
              "uv": {
                "north": {
                  "uv": [
                    47,
                    9
                  ],
                  "uv_size": [
                    2.75,
                    2
                  ]
                },
                "east": {
                  "uv": [
                    46,
                    46
                  ],
                  "uv_size": [
                    3,
                    2
                  ]
                },
                "south": {
                  "uv": [
                    47,
                    11
                  ],
                  "uv_size": [
                    2.75,
                    2
                  ]
                },
                "west": {
                  "uv": [
                    0,
                    47
                  ],
                  "uv_size": [
                    3,
                    2
                  ]
                },
                "up": {
                  "uv": [
                    44,
                    8
                  ],
                  "uv_size": [
                    2.75,
                    3
                  ]
                },
                "down": {
                  "uv": [
                    44,
                    14
                  ],
                  "uv_size": [
                    2.75,
                    -3
                  ]
                }
              }
            },
            {
              "origin": [
                -7.75,
                77.1305,
                -18.28985
              ],
              "size": [
                2.5,
                3.5,
                4
              ],
              "uv": {
                "north": {
                  "uv": [
                    26,
                    43
                  ],
                  "uv_size": [
                    2.5,
                    3.5
                  ]
                },
                "east": {
                  "uv": [
                    37,
                    9
                  ],
                  "uv_size": [
                    4,
                    3.5
                  ]
                },
                "south": {
                  "uv": [
                    29,
                    43
                  ],
                  "uv_size": [
                    2.5,
                    3.5
                  ]
                },
                "west": {
                  "uv": [
                    4,
                    38
                  ],
                  "uv_size": [
                    4,
                    3.5
                  ]
                },
                "up": {
                  "uv": [
                    42,
                    14
                  ],
                  "uv_size": [
                    2.5,
                    4
                  ]
                },
                "down": {
                  "uv": [
                    42,
                    30
                  ],
                  "uv_size": [
                    2.5,
                    -4
                  ]
                }
              }
            },
            {
              "origin": [
                -6.9,
                78.99684,
                -12.72926
              ],
              "size": [
                0.8,
                1,
                1.5
              ],
              "uv": {
                "north": {
                  "uv": [
                    42,
                    20
                  ],
                  "uv_size": [
                    0.75,
                    1
                  ]
                },
                "east": {
                  "uv": [
                    49,
                    49
                  ],
                  "uv_size": [
                    1.5,
                    1
                  ]
                },
                "south": {
                  "uv": [
                    15,
                    45
                  ],
                  "uv_size": [
                    0.75,
                    1
                  ]
                },
                "west": {
                  "uv": [
                    3,
                    50
                  ],
                  "uv_size": [
                    1.5,
                    1
                  ]
                },
                "up": {
                  "uv": [
                    50,
                    22
                  ],
                  "uv_size": [
                    0.75,
                    1.5
                  ]
                },
                "down": {
                  "uv": [
                    23,
                    51.5
                  ],
                  "uv_size": [
                    0.75,
                    -1.5
                  ]
                }
              }
            },
            {
              "origin": [
                -7.75,
                77.1305,
                -13.56789
              ],
              "size": [
                2.5,
                3.5,
                4
              ],
              "uv": {
                "north": {
                  "uv": [
                    41,
                    43
                  ],
                  "uv_size": [
                    2.5,
                    3.5
                  ]
                },
                "east": {
                  "uv": [
                    8,
                    38
                  ],
                  "uv_size": [
                    4,
                    3.5
                  ]
                },
                "south": {
                  "uv": [
                    44,
                    4
                  ],
                  "uv_size": [
                    2.5,
                    3.5
                  ]
                },
                "west": {
                  "uv": [
                    38,
                    29
                  ],
                  "uv_size": [
                    4,
                    3.5
                  ]
                },
                "up": {
                  "uv": [
                    0,
                    43
                  ],
                  "uv_size": [
                    2.5,
                    4
                  ]
                },
                "down": {
                  "uv": [
                    43,
                    4
                  ],
                  "uv_size": [
                    2.5,
                    -4
                  ]
                }
              }
            },
            {
              "origin": [
                -6.9,
                78.99684,
                -16.62848
              ],
              "size": [
                0.8,
                1,
                1.5
              ],
              "uv": {
                "north": {
                  "uv": [
                    45,
                    32
                  ],
                  "uv_size": [
                    0.75,
                    1
                  ]
                },
                "east": {
                  "uv": [
                    50,
                    4
                  ],
                  "uv_size": [
                    1.5,
                    1
                  ]
                },
                "south": {
                  "uv": [
                    38,
                    45
                  ],
                  "uv_size": [
                    0.75,
                    1
                  ]
                },
                "west": {
                  "uv": [
                    5,
                    50
                  ],
                  "uv_size": [
                    1.5,
                    1
                  ]
                },
                "up": {
                  "uv": [
                    24,
                    50
                  ],
                  "uv_size": [
                    0.75,
                    1.5
                  ]
                },
                "down": {
                  "uv": [
                    50,
                    25.5
                  ],
                  "uv_size": [
                    0.75,
                    -1.5
                  ]
                }
              }
            }
          ]
        },
        {
          "name": "bone2",
          "parent": "group",
          "pivot": [
            1,
            47.99783,
            -21.92887
          ],
          "cubes": [
            {
              "origin": [
                -6.8,
                69.18371,
                0.86156
              ],
              "size": [
                0.6,
                1,
                0.5
              ],
              "pivot": [
                -6.5,
                49.94719,
                -13.92887
              ],
              "rotation": [
                45,
                0,
                0
              ],
              "uv": {
                "north": {
                  "uv": [
                    51,
                    28
                  ],
                  "uv_size": [
                    0.625,
                    1
                  ]
                },
                "east": {
                  "uv": [
                    51,
                    33
                  ],
                  "uv_size": [
                    0.5,
                    1
                  ]
                },
                "south": {
                  "uv": [
                    29,
                    51
                  ],
                  "uv_size": [
                    0.625,
                    1
                  ]
                },
                "west": {
                  "uv": [
                    51,
                    34
                  ],
                  "uv_size": [
                    0.5,
                    1
                  ]
                },
                "up": {
                  "uv": [
                    36,
                    51
                  ],
                  "uv_size": [
                    0.625,
                    0.5
                  ]
                },
                "down": {
                  "uv": [
                    51,
                    36.5
                  ],
                  "uv_size": [
                    0.625,
                    -0.5
                  ]
                }
              }
            },
            {
              "origin": [
                -6.9,
                74.69783,
                -18.32887
              ],
              "size": [
                0.8,
                1.5,
                1
              ],
              "uv": {
                "north": {
                  "uv": [
                    25,
                    50
                  ],
                  "uv_size": [
                    0.75,
                    1.5
                  ]
                },
                "east": {
                  "uv": [
                    50,
                    5
                  ],
                  "uv_size": [
                    1,
                    1.5
                  ]
                },
                "south": {
                  "uv": [
                    50,
                    26
                  ],
                  "uv_size": [
                    0.75,
                    1.5
                  ]
                },
                "west": {
                  "uv": [
                    7,
                    50
                  ],
                  "uv_size": [
                    1,
                    1.5
                  ]
                },
                "up": {
                  "uv": [
                    51,
                    26
                  ],
                  "uv_size": [
                    0.75,
                    1
                  ]
                },
                "down": {
                  "uv": [
                    27,
                    52
                  ],
                  "uv_size": [
                    0.75,
                    -1
                  ]
                }
              }
            },
            {
              "origin": [
                -7,
                70.48371,
                1.46156
              ],
              "size": [
                1,
                1.5,
                2
              ],
              "pivot": [
                -6.5,
                49.94719,
                -13.92887
              ],
              "rotation": [
                45,
                0,
                0
              ],
              "uv": {
                "north": {
                  "uv": [
                    8,
                    50
                  ],
                  "uv_size": [
                    1,
                    1.5
                  ]
                },
                "east": {
                  "uv": [
                    48,
                    36
                  ],
                  "uv_size": [
                    2,
                    1.5
                  ]
                },
                "south": {
                  "uv": [
                    50,
                    9
                  ],
                  "uv_size": [
                    1,
                    1.5
                  ]
                },
                "west": {
                  "uv": [
                    38,
                    48
                  ],
                  "uv_size": [
                    2,
                    1.5
                  ]
                },
                "up": {
                  "uv": [
                    42,
                    18
                  ],
                  "uv_size": [
                    1,
                    2
                  ]
                },
                "down": {
                  "uv": [
                    2,
                    51
                  ],
                  "uv_size": [
                    1,
                    -2
                  ]
                }
              }
            },
            {
              "origin": [
                -7.5,
                75.99783,
                -17.22887
              ],
              "size": [
                2,
                2,
                3.5
              ],
              "uv": {
                "north": {
                  "uv": [
                    48,
                    14
                  ],
                  "uv_size": [
                    2,
                    2
                  ]
                },
                "east": {
                  "uv": [
                    45,
                    30
                  ],
                  "uv_size": [
                    3.5,
                    2
                  ]
                },
                "south": {
                  "uv": [
                    16,
                    48
                  ],
                  "uv_size": [
                    2,
                    2
                  ]
                },
                "west": {
                  "uv": [
                    32,
                    45
                  ],
                  "uv_size": [
                    3.5,
                    2
                  ]
                },
                "up": {
                  "uv": [
                    36,
                    45
                  ],
                  "uv_size": [
                    2,
                    3.5
                  ]
                },
                "down": {
                  "uv": [
                    46,
                    3.5
                  ],
                  "uv_size": [
                    2,
                    -3.5
                  ]
                }
              }
            },
            {
              "origin": [
                -7.5,
                75.99783,
                -14.12887
              ],
              "size": [
                2,
                2,
                3.5
              ],
              "uv": {
                "north": {
                  "uv": [
                    48,
                    16
                  ],
                  "uv_size": [
                    2,
                    2
                  ]
                },
                "east": {
                  "uv": [
                    12,
                    46
                  ],
                  "uv_size": [
                    3.5,
                    2
                  ]
                },
                "south": {
                  "uv": [
                    18,
                    48
                  ],
                  "uv_size": [
                    2,
                    2
                  ]
                },
                "west": {
                  "uv": [
                    16,
                    46
                  ],
                  "uv_size": [
                    3.5,
                    2
                  ]
                },
                "up": {
                  "uv": [
                    46,
                    18
                  ],
                  "uv_size": [
                    2,
                    3.5
                  ]
                },
                "down": {
                  "uv": [
                    20,
                    49.5
                  ],
                  "uv_size": [
                    2,
                    -3.5
                  ]
                }
              }
            },
            {
              "origin": [
                -7,
                70.48371,
                -31.3193
              ],
              "size": [
                1,
                1.5,
                2
              ],
              "pivot": [
                -6.5,
                49.94719,
                -13.92887
              ],
              "rotation": [
                -45,
                0,
                0
              ],
              "uv": {
                "north": {
                  "uv": [
                    50,
                    11
                  ],
                  "uv_size": [
                    1,
                    1.5
                  ]
                },
                "east": {
                  "uv": [
                    48,
                    38
                  ],
                  "uv_size": [
                    2,
                    1.5
                  ]
                },
                "south": {
                  "uv": [
                    14,
                    50
                  ],
                  "uv_size": [
                    1,
                    1.5
                  ]
                },
                "west": {
                  "uv": [
                    44,
                    48
                  ],
                  "uv_size": [
                    2,
                    1.5
                  ]
                },
                "up": {
                  "uv": [
                    13,
                    49
                  ],
                  "uv_size": [
                    1,
                    2
                  ]
                },
                "down": {
                  "uv": [
                    43,
                    51
                  ],
                  "uv_size": [
                    1,
                    -2
                  ]
                }
              }
            },
            {
              "origin": [
                -6.9,
                74.69783,
                -10.52887
              ],
              "size": [
                0.8,
                1.5,
                1
              ],
              "uv": {
                "north": {
                  "uv": [
                    50,
                    28
                  ],
                  "uv_size": [
                    0.75,
                    1.5
                  ]
                },
                "east": {
                  "uv": [
                    50,
                    14
                  ],
                  "uv_size": [
                    1,
                    1.5
                  ]
                },
                "south": {
                  "uv": [
                    50,
                    32
                  ],
                  "uv_size": [
                    0.75,
                    1.5
                  ]
                },
                "west": {
                  "uv": [
                    15,
                    50
                  ],
                  "uv_size": [
                    1,
                    1.5
                  ]
                },
                "up": {
                  "uv": [
                    51,
                    27
                  ],
                  "uv_size": [
                    0.75,
                    1
                  ]
                },
                "down": {
                  "uv": [
                    28,
                    52
                  ],
                  "uv_size": [
                    0.75,
                    -1
                  ]
                }
              }
            },
            {
              "origin": [
                -6.8,
                69.18371,
                -29.2193
              ],
              "size": [
                0.6,
                1,
                0.5
              ],
              "pivot": [
                -6.5,
                49.94719,
                -13.92887
              ],
              "rotation": [
                -45,
                0,
                0
              ],
              "uv": {
                "north": {
                  "uv": [
                    51,
                    29
                  ],
                  "uv_size": [
                    0.625,
                    1
                  ]
                },
                "east": {
                  "uv": [
                    35,
                    51
                  ],
                  "uv_size": [
                    0.5,
                    1
                  ]
                },
                "south": {
                  "uv": [
                    30,
                    51
                  ],
                  "uv_size": [
                    0.625,
                    1
                  ]
                },
                "west": {
                  "uv": [
                    51,
                    35
                  ],
                  "uv_size": [
                    0.5,
                    1
                  ]
                },
                "up": {
                  "uv": [
                    37,
                    51
                  ],
                  "uv_size": [
                    0.625,
                    0.5
                  ]
                },
                "down": {
                  "uv": [
                    51,
                    37.5
                  ],
                  "uv_size": [
                    0.625,
                    -0.5
                  ]
                }
              }
            }
          ]
        }
      ]
    }
  ]
}