{
  "format_version": "1.10.0",
  "minecraft:client_entity": {
    "description": {
      "identifier": "rai:fushiguro",
      "materials": {
        "default": "entity_alphatest"
      },
      "textures": {
        "default": "textures/entity/skins/fushiguro_megumi"
      },
      "geometry": {
        "default": "geometry.skin.new_custom"
      },
      "particle_effects": {
        "juryoku": "j:juryoku",
        "kango_aneitei": "j:kango_aneitei",
        "gyokuken_mark": "j:gyokuken_mark",
        "gyokuken2_mark": "j:gyokuken2_mark",
        "gyokuken3_mark": "j:gyokuken3_mark",
        "nue_mark": "j:nue_mark",
        "gama_mark": "j:gama_mark",
        "orochi_mark": "j:orochi_mark",
        "bansyo_mark": "j:bansyo_mark",
        "datto_mark": "j:datto_mark",
        "makora_mark": "j:makora_mark",
        "juryoku_guard": "j:juryoku_guard"
      },
      "scripts": {
        "initialize": [
          "v.mark_variant_animation = 0.0;",
          "v.customSlim = 0.0;",
          "v.is_first_person = 0.0;",
          "v.controller = 0.0;"
        ],
        "pre_animation": [
          "v.tcos0 = (Math.cos(q.modified_distance_moved * 38.17) * q.modified_move_speed / v.gliding_speed_value) * 57.3;"
        ],
        "animate": [
          "normal_mark_variant",
          "mark_variant",
          {"look":"!v.mark_variant_animation"},
          {"move":"!v.mark_variant_animation"},
          {"riding.arms":"q.variant > 0 && q.is_riding"},
          {"riding.legs":"q.variant > 0 && q.is_riding"},
          "attack",
          "damage_nearby_mobs_set"
        ]
      },
      "animations": {
        "attack": "controller.animation.humanoid.attack",
        "damage_nearby_mobs_set": "controller.animation.humanoid.damage_nearby_mobs",
        "look": "animation.humanoid.look_at_target.default",
        "move": "animation.humanoid.move",
        "attack.rotations": "animation.drowned.attack.rotations",
        "damage_nearby_mobs": "animation.humanoid.damage_nearby_mobs",
        "riding.arms": "animation.player.riding.arms",
        "riding.legs": "animation.player.riding.legs",
        
        "normal_mark_variant": "controller.animation.player.mark_variant.normal",
        "mark_variant": "controller.animation.fushiguro.mark_variant",
        "particle_hand": "animation.player.particle_hand",
        "particle_leg": "animation.player.particle_leg",
        "strong_punch": "animation.player.strong_punch",
        "damage_sneaking": "animation.player.damage_sneaking",
        "kango_aneitei": "animation.tokusa.ryoiki_tenkai",
        "gyokuken_mark": "animation.tokusa.gyokuken_mark",
        "gyokuken2_mark": "animation.tokusa.gyokuken2_mark",
        "gyokuken3_mark": "animation.tokusa.gyokuken3_mark",
        "nue_mark": "animation.tokusa.nue_mark",
        "gama_mark": "animation.tokusa.gama_mark",
        "orochi_mark": "animation.tokusa.orochi_mark",
        "bansyo_mark": "animation.tokusa.bansyo_mark",
        "datto_mark": "animation.tokusa.datto_mark",
        "makora_mark": "animation.tokusa.makora_mark",
        "megumi_sword": "animation.weapon.megumi_sword",
        "megumi_sword2": "animation.weapon.megumi_sword2"
      },
      "spawn_egg": {
        "texture": "fushiguro_megumi_egg"
      },
      "render_controllers": [
        "controller.render.mob.default"
      ],
      "enable_attachables": true
    }
  }
}