{
  "format_version": "1.10.0",
  "minecraft:client_entity": {
    "description": {
      "identifier": "rai:kugisaki",
      "materials": {
        "default": "entity_alphatest"
      },
      "textures": {
        "default": "textures/entity/skins/kugisaki_nobara"
      },
      "geometry": {
        "default": "geometry.skin.new_custom"
      },
      "particle_effects": {
        "juryoku": "j:juryoku",
        "juryoku_guard": "j:juryoku_guard"
      },
      "scripts": {
        "scale": "0.95",
        "initialize": [
          "v.mark_variant_animation = 0.0;",
          "v.customSlim = 1.0;",
          "v.is_first_person = 0.0;",
          "v.controller = 0.0;"
        ],
        "pre_animation": [
          "v.tcos0 = (Math.cos(q.modified_distance_moved * 38.17) * q.modified_move_speed / v.gliding_speed_value) * 57.3;"
        ],
        "animate": [
          "normal_mark_variant",
          "mark_variant",
          {"look":"!v.mark_variant_animation"},
          {"move":"!v.mark_variant_animation"},
          "attack",
          "damage_nearby_mobs_set"
        ]
      },
      "animations": {
        "attack": "controller.animation.humanoid.attack",
        "damage_nearby_mobs_set": "controller.animation.humanoid.damage_nearby_mobs",
        "look": "animation.humanoid.look_at_target.default",
        "move": "animation.humanoid.move",
        "attack.rotations": "animation.drowned.attack.rotations",
        "damage_nearby_mobs": "animation.humanoid.damage_nearby_mobs",
        
        "normal_mark_variant": "controller.animation.player.mark_variant.normal",
        "mark_variant": "controller.animation.player.mark_variant.surei",
        "particle_hand": "animation.player.particle_hand",
        "particle_leg": "animation.player.particle_leg",
        "strong_punch": "animation.player.strong_punch",
        "damage_sneaking": "animation.player.damage_sneaking",
        "tomonari": "animation.surei.tomonari"
      },
      "spawn_egg": {
        "texture": "kugisaki_nobara_egg"
      },
      "render_controllers": [
        "controller.render.mob.default"
      ],
      "enable_attachables": true
    }
  }
}