{
  "format_version": "1.10.0",
  "minecraft:client_entity": {
    "description": {
      "identifier": "rai:panda",
      "materials": {
        "default": "entity_alphatest"
      },
      "textures": {
        "default": "textures/no_model",
        "panda": "textures/entity/panda/normal_panda",
        "panda_gorilla": "textures/entity/panda/panda_gorilla"
      },
      "geometry": {
        "new_custom": "geometry.no_model",
        "panda": "geometry.normal_panda",
        "panda_gorilla": "geometry.panda_gorilla"
      },
      "particle_effects": {
        "juryoku": "j:juryoku",
        "juryoku_guard": "j:juryoku_guard"
      },
      "scripts": {
        "initialize": [
          "v.map_face_icon = 0.0;",
          "v.player_render_arm = 0.0;",
          "v.is_first_person = 0.0;",
          "v.character_variant = 1.0;",
          "v.mark_variant_animation = 0.0;",
          "v.customSlim = 0.0;",
          "v.is_first_person = 0.0;",
          "v.controller = 0.0;"
        ],
        "pre_animation": [
          "v.character_variant = q.variant+1;",
          "v.tcos0 = (Math.cos(q.modified_distance_moved * 38.17) * q.modified_move_speed / v.gliding_speed_value) * 57.3;"
        ],
        "animate": [
          "mark_variant",
          {"look":"!v.mark_variant_animation"},
          {"panda_moving":"!v.mark_variant_animation && v.character_variant == 1"},
          {"panda_gorilla_moving":"!v.mark_variant_animation && v.character_variant == 2"},
          "attack",
          "damage_nearby_mobs_set"
        ]
      },
      "animations": {
        "attack": "controller.animation.humanoid.attack",
        "damage_nearby_mobs_set": "controller.animation.humanoid.damage_nearby_mobs",
        "look": "animation.humanoid.look_at_target.default",
        "move": "animation.humanoid.move",
        "attack.rotations": "animation.drowned.attack.rotations",
        "damage_nearby_mobs": "animation.humanoid.damage_nearby_mobs",
        
        "mark_variant": "controller.animation.panda.mark_variant",
        "particle_hand": "animation.player.particle_hand",
        "particle_leg": "animation.player.particle_leg",
        "strong_punch": "animation.player.strong_punch",
        "damage_sneaking": "animation.player.damage_sneaking",
        "panda_moving": "animation.panda.moving",
        "panda_strong_punch": "animation.panda.strong_punch",
        "panda_gorilla_moving": "animation.panda_gorilla.moving",
        "drumming_beat": "animation.panda_gorilla.drumming_beat"
      },
      "spawn_egg": {
        "texture": "panda_egg"
      },
      "render_controllers": [
        "controller.render.player.default"
      ],
      "enable_attachables": true
    }
  }
}