{
  "format_version": "1.10.0",
  "minecraft:client_entity": {
    "description": {
      "identifier": "rai:yaga",
      "materials": {
        "default": "entity_alphatest"
      },
      "textures": {
        "default": "textures/entity/skins/yaga_masamichi"
      },
      "geometry": {
        "default": "geometry.skin.new_custom"
      },
      "particle_effects": {
        "juryoku": "j:juryoku",
        "juryoku_guard": "j:juryoku_guard"
      },
      "scripts": {
        "initialize": [
          "v.mark_variant_animation = 0.0;",
          "v.customSlim = 0.0;",
          "v.is_first_person = 0.0;",
          "v.controller = 0.0;"
        ],
        "pre_animation": [
          "v.tcos0 = (Math.cos(q.modified_distance_moved * 38.17) * q.modified_move_speed / v.gliding_speed_value) * 57.3;"
        ],
        "animate": [
          {"look":"!v.mark_variant_animation"},
          {"move":"!v.mark_variant_animation"},
          "damage_nearby_mobs_set"
        ]
      },
      "animations": {
        "damage_nearby_mobs_set": "controller.animation.humanoid.damage_nearby_mobs",
        "look": "animation.humanoid.look_at_target.default",
        "move": "animation.humanoid.move",
        "damage_nearby_mobs": "animation.humanoid.damage_nearby_mobs"
      },
      "spawn_egg": {
        "texture": "yaga_masamichi_egg"
      },
      "render_controllers": [
        "controller.render.mob.default"
      ],
      "enable_attachables": true
    }
  }
}