{
  "format_version": "1.12.0",
  "minecraft:geometry": [
    {
      "description": {
        "identifier": "geometry.pa_bica",
        "texture_width": 128,
        "texture_height": 128,
        "visible_bounds_width": 4,
        "visible_bounds_height": 6,
        "visible_bounds_offset": [
          0,
          2,
          0
        ]
      },
      "bones": [
        {
          "name": "Body",
          "pivot": [
            0,
            27,
            0
          ],
          "cubes": [
            {
              "origin": [
                -7,
                25,
                -5
              ],
              "size": [
                14,
                12,
                10
              ],
              "uv": [
                0,
                20
              ]
            },
            {
              "origin": [
                7,
                15,
                -5
              ],
              "size": [
                0,
                10,
                10
              ],
              "uv": [
                20,
                56
              ]
            },
            {
              "origin": [
                -7,
                15,
                -5
              ],
              "size": [
                0,
                10,
                10
              ],
              "uv": [
                38,
                10
              ]
            },
            {
              "origin": [
                -7,
                15,
                5
              ],
              "size": [
                14,
                10,
                0
              ],
              "uv": [
                66,
                50
              ]
            }
          ]
        },
        {
          "name": "bone5",
          "parent": "Body",
          "pivot": [
            0,
            37,
            -3
          ],
          "cubes": [
            {
              "origin": [
                -8,
                37,
                -5
              ],
              "size": [
                16,
                10,
                10
              ],
              "uv": [
                0,
                0
              ]
            },
            {
              "origin": [
                -2,
                47,
                -2
              ],
              "size": [
                4,
                4,
                4
              ],
              "uv": [
                77,
                77
              ]
            }
          ]
        },
        {
          "name": "Tangan2",
          "parent": "bone5",
          "pivot": [
            -8,
            47,
            0
          ],
          "cubes": [
            {
              "origin": [
                -13,
                33,
                -3
              ],
              "size": [
                5,
                14,
                6
              ],
              "uv": [
                44,
                50
              ]
            }
          ]
        },
        {
          "name": "bone",
          "parent": "Tangan2",
          "pivot": [
            -13,
            35,
            3
          ],
          "cubes": [
            {
              "origin": [
                -13,
                17,
                -3
              ],
              "size": [
                5,
                16,
                6
              ],
              "uv": [
                0,
                42
              ]
            }
          ]
        },
        {
          "name": "Head",
          "parent": "bone5",
          "pivot": [
            0,
            48,
            1
          ],
          "cubes": [
            {
              "origin": [
                4,
                55,
                -3
              ],
              "size": [
                3,
                1,
                1
              ],
              "uv": [
                0,
                20
              ]
            },
            {
              "origin": [
                5,
                55,
                -2
              ],
              "size": [
                2,
                3,
                1
              ],
              "uv": [
                0,
                5
              ]
            },
            {
              "origin": [
                -2,
                53,
                -2
              ],
              "size": [
                4,
                11,
                4
              ],
              "pivot": [
                0,
                56,
                1
              ],
              "rotation": [
                -130,
                0,
                0
              ],
              "uv": [
                74,
                0
              ]
            },
            {
              "origin": [
                -4,
                48,
                -5
              ],
              "size": [
                8,
                8,
                10
              ],
              "uv": [
                38,
                32
              ]
            },
            {
              "origin": [
                -5,
                55,
                -3
              ],
              "size": [
                1,
                4,
                1
              ],
              "uv": [
                6,
                5
              ]
            },
            {
              "origin": [
                -5,
                58,
                -7
              ],
              "size": [
                1,
                1,
                4
              ],
              "uv": [
                0,
                0
              ]
            },
            {
              "origin": [
                -4,
                55,
                -6
              ],
              "size": [
                8,
                2,
                2
              ],
              "pivot": [
                0,
                55,
                -5
              ],
              "rotation": [
                -50,
                0,
                0
              ],
              "uv": [
                74,
                15
              ]
            },
            {
              "origin": [
                -3,
                49,
                -8
              ],
              "size": [
                6,
                5,
                3
              ],
              "uv": [
                20,
                76
              ]
            },
            {
              "origin": [
                -5,
                48,
                -9
              ],
              "size": [
                10,
                7,
                1
              ],
              "uv": [
                74,
                41
              ]
            }
          ]
        },
        {
          "name": "Tangan",
          "parent": "bone5",
          "pivot": [
            8,
            47,
            0
          ],
          "cubes": [
            {
              "origin": [
                8,
                33,
                -3
              ],
              "size": [
                5,
                14,
                6
              ],
              "uv": [
                44,
                50
              ]
            }
          ]
        },
        {
          "name": "bone2",
          "parent": "Tangan",
          "pivot": [
            13,
            35,
            3
          ],
          "cubes": [
            {
              "origin": [
                8,
                17,
                -3
              ],
              "size": [
                5,
                16,
                6
              ],
              "uv": [
                0,
                42
              ]
            }
          ]
        },
        {
          "name": "RightLeg",
          "pivot": [
            -3,
            27,
            0
          ],
          "cubes": [
            {
              "origin": [
                -5.9,
                11,
                -2
              ],
              "size": [
                5,
                16,
                5
              ],
              "uv": [
                64,
                20
              ]
            },
            {
              "origin": [
                -6.9,
                13,
                -5
              ],
              "size": [
                7,
                12,
                0
              ],
              "pivot": [
                0,
                27,
                -3
              ],
              "rotation": [
                0,
                0,
                10
              ],
              "uv": [
                81,
                60
              ]
            }
          ]
        },
        {
          "name": "bone3",
          "parent": "RightLeg",
          "pivot": [
            -3,
            11,
            -2
          ],
          "cubes": [
            {
              "origin": [
                -5.9,
                0,
                -2
              ],
              "size": [
                5,
                11,
                5
              ],
              "uv": [
                40,
                70
              ]
            }
          ]
        },
        {
          "name": "LeftLeg",
          "pivot": [
            3,
            27,
            0
          ],
          "cubes": [
            {
              "origin": [
                0.9,
                11,
                -2
              ],
              "size": [
                5,
                16,
                5
              ],
              "uv": [
                65,
                20
              ]
            },
            {
              "origin": [
                -0.1,
                13,
                -5
              ],
              "size": [
                7,
                12,
                0
              ],
              "pivot": [
                0,
                27,
                -3
              ],
              "rotation": [
                0,
                0,
                -10
              ],
              "uv": [
                60,
                81
              ]
            }
          ]
        },
        {
          "name": "bone4",
          "parent": "LeftLeg",
          "pivot": [
            3,
            11,
            -2
          ],
          "cubes": [
            {
              "origin": [
                0.9,
                0,
                -2
              ],
              "size": [
                5,
                11,
                5
              ],
              "uv": [
                40,
                70
              ]
            }
          ]
        }
      ]
    }
  ]
}