{
  "format_version": "1.12.0",
  "minecraft:geometry": [
    {
      "description": {
        "identifier": "geometry.pa_sain",
        "texture_width": 128,
        "texture_height": 128,
        "visible_bounds_width": 3,
        "visible_bounds_height": 4.5,
        "visible_bounds_offset": [
          0,
          1.75,
          0
        ]
      },
      "bones": [
        {
          "name": "Body",
          "pivot": [
            0,
            12,
            0
          ],
          "cubes": [
            {
              "origin": [
                -4,
                3,
                -7
              ],
              "size": [
                8,
                1,
                15
              ],
              "uv": [
                40,
                0
              ]
            },
            {
              "origin": [
                -3,
                4,
                -6
              ],
              "size": [
                6,
                4,
                11
              ],
              "uv": [
                0,
                54
              ]
            },
            {
              "origin": [
                -6,
                8,
                -7
              ],
              "size": [
                12,
                1,
                13
              ],
              "uv": [
                0,
                40
              ]
            },
            {
              "origin": [
                -7,
                10,
                -6
              ],
              "size": [
                1,
                6,
                12
              ],
              "uv": [
                66,
                32
              ]
            },
            {
              "origin": [
                -5,
                9,
                -9
              ],
              "size": [
                10,
                7,
                1
              ],
              "uv": [
                88,
                0
              ]
            },
            {
              "origin": [
                -4,
                11,
                -10
              ],
              "size": [
                8,
                5,
                1
              ],
              "uv": [
                56,
                16
              ]
            },
            {
              "origin": [
                6,
                10,
                -6
              ],
              "size": [
                1,
                6,
                12
              ],
              "uv": [
                56,
                64
              ]
            },
            {
              "origin": [
                -8,
                12,
                -4
              ],
              "size": [
                1,
                4,
                9
              ],
              "uv": [
                13,
                82
              ]
            },
            {
              "origin": [
                7,
                12,
                -4
              ],
              "size": [
                1,
                4,
                9
              ],
              "uv": [
                58,
                82
              ]
            },
            {
              "origin": [
                -6,
                9,
                -8
              ],
              "size": [
                12,
                7,
                16
              ],
              "uv": [
                0,
                0
              ]
            },
            {
              "origin": [
                -6,
                16,
                8
              ],
              "size": [
                12,
                4,
                3
              ],
              "pivot": [
                0,
                16,
                8
              ],
              "rotation": [
                -15,
                0,
                0
              ],
              "uv": [
                40,
                32
              ]
            },
            {
              "origin": [
                -7,
                20,
                8
              ],
              "size": [
                14,
                10,
                3
              ],
              "pivot": [
                0,
                16,
                8
              ],
              "rotation": [
                -15,
                0,
                0
              ],
              "uv": [
                34,
                63
              ]
            },
            {
              "origin": [
                -8,
                26,
                7
              ],
              "size": [
                16,
                4,
                5
              ],
              "pivot": [
                0,
                16,
                8
              ],
              "rotation": [
                -15,
                0,
                0
              ],
              "uv": [
                40,
                23
              ]
            },
            {
              "origin": [
                -3,
                13,
                -11
              ],
              "size": [
                6,
                3,
                1
              ],
              "uv": [
                0,
                23
              ]
            },
            {
              "origin": [
                -3,
                16,
                -2
              ],
              "size": [
                6,
                9,
                4
              ],
              "uv": [
                84,
                64
              ]
            }
          ]
        },
        {
          "name": "bone5",
          "parent": "Body",
          "pivot": [
            0,
            16,
            8
          ],
          "rotation": [
            -92.5,
            0,
            0
          ],
          "cubes": [
            {
              "origin": [
                -8,
                16,
                -4
              ],
              "size": [
                1,
                1,
                9
              ],
              "uv": [
                0,
                90
              ]
            },
            {
              "origin": [
                7,
                16,
                -4
              ],
              "size": [
                1,
                1,
                9
              ],
              "uv": [
                24,
                86
              ]
            },
            {
              "origin": [
                -7,
                16,
                -6
              ],
              "size": [
                1,
                1,
                12
              ],
              "uv": [
                70,
                70
              ]
            },
            {
              "origin": [
                6,
                16,
                -6
              ],
              "size": [
                1,
                1,
                12
              ],
              "uv": [
                20,
                69
              ]
            },
            {
              "origin": [
                -5,
                16,
                -9
              ],
              "size": [
                10,
                1,
                1
              ],
              "uv": [
                37,
                40
              ]
            },
            {
              "origin": [
                -4,
                16,
                -10
              ],
              "size": [
                8,
                1,
                1
              ],
              "uv": [
                37,
                42
              ]
            },
            {
              "origin": [
                -6,
                16,
                -8
              ],
              "size": [
                12,
                1,
                16
              ],
              "uv": [
                0,
                23
              ]
            },
            {
              "origin": [
                -3,
                16,
                -11
              ],
              "size": [
                6,
                1,
                1
              ],
              "uv": [
                0,
                27
              ]
            }
          ]
        },
        {
          "name": "bone",
          "parent": "Body",
          "pivot": [
            0,
            29,
            14
          ],
          "cubes": [
            {
              "origin": [
                -1,
                29,
                5
              ],
              "size": [
                2,
                2,
                9
              ],
              "uv": [
                78,
                83
              ]
            },
            {
              "origin": [
                -1,
                31,
                1
              ],
              "size": [
                2,
                2,
                6
              ],
              "uv": [
                0,
                0
              ]
            }
          ]
        },
        {
          "name": "bone2",
          "parent": "bone",
          "pivot": [
            0,
            31,
            3
          ],
          "cubes": [
            {
              "origin": [
                -0.5,
                29,
                -4
              ],
              "size": [
                1,
                2,
                8
              ],
              "pivot": [
                0,
                30,
                5
              ],
              "rotation": [
                -17.5,
                0,
                0
              ],
              "uv": [
                92,
                14
              ]
            }
          ]
        },
        {
          "name": "bone3",
          "parent": "bone2",
          "pivot": [
            0,
            32,
            -3
          ],
          "cubes": [
            {
              "origin": [
                -1,
                31,
                -11
              ],
              "size": [
                2,
                2,
                9
              ],
              "uv": [
                83,
                41
              ]
            }
          ]
        },
        {
          "name": "bone6",
          "parent": "bone3",
          "pivot": [
            0,
            32,
            -11
          ],
          "cubes": [
            {
              "origin": [
                -1.5,
                30.90386,
                -20.13912
              ],
              "size": [
                1,
                2,
                10
              ],
              "uv": [
                80,
                22
              ]
            },
            {
              "origin": [
                0.5,
                30.90386,
                -20.13912
              ],
              "size": [
                1,
                2,
                10
              ],
              "uv": [
                0,
                78
              ]
            }
          ]
        },
        {
          "name": "bone4",
          "parent": "bone6",
          "pivot": [
            0,
            32,
            -19
          ],
          "cubes": [
            {
              "origin": [
                -0.5,
                30.90386,
                -26.13912
              ],
              "size": [
                1,
                2,
                8
              ],
              "uv": [
                91,
                77
              ]
            },
            {
              "origin": [
                -1.5,
                30.90386,
                -26.13912
              ],
              "size": [
                3,
                1,
                1
              ],
              "uv": [
                8,
                10
              ]
            },
            {
              "origin": [
                1,
                31,
                -30
              ],
              "size": [
                0,
                1,
                5
              ],
              "uv": [
                0,
                24
              ]
            },
            {
              "origin": [
                -1,
                31,
                -30
              ],
              "size": [
                0,
                1,
                5
              ],
              "uv": [
                0,
                10
              ]
            }
          ]
        },
        {
          "name": "Head",
          "parent": "Body",
          "pivot": [
            0,
            18,
            0
          ],
          "cubes": [
            {
              "origin": [
                -0.7,
                21.5,
                -4.1
              ],
              "size": [
                1,
                3,
                1
              ],
              "pivot": [
                0,
                25,
                -4
              ],
              "rotation": [
                -25.41377,
                37.15855,
                -16.0129
              ],
              "uv": [
                62,
                53
              ]
            },
            {
              "origin": [
                -4,
                19,
                -5
              ],
              "size": [
                8,
                9,
                10
              ],
              "uv": [
                40,
                44
              ]
            },
            {
              "origin": [
                -4.5,
                21,
                -4
              ],
              "size": [
                1,
                6,
                8
              ],
              "uv": [
                38,
                78
              ]
            },
            {
              "origin": [
                3.5,
                21,
                -4
              ],
              "size": [
                1,
                6,
                8
              ],
              "uv": [
                78,
                8
              ]
            },
            {
              "origin": [
                -3,
                28,
                -4
              ],
              "size": [
                6,
                1,
                8
              ],
              "uv": [
                0,
                69
              ]
            },
            {
              "origin": [
                -3,
                18,
                -4
              ],
              "size": [
                6,
                1,
                8
              ],
              "uv": [
                68,
                55
              ]
            },
            {
              "origin": [
                1,
                22,
                -5.2
              ],
              "size": [
                3,
                3,
                0
              ],
              "uv": [
                6,
                125
              ]
            },
            {
              "origin": [
                -4,
                22,
                -5.2
              ],
              "size": [
                3,
                3,
                0
              ],
              "uv": [
                0,
                125
              ]
            },
            {
              "origin": [
                -1,
                23,
                -5.2
              ],
              "size": [
                2,
                1,
                0
              ],
              "uv": [
                0,
                8
              ]
            },
            {
              "origin": [
                4,
                21,
                -1
              ],
              "size": [
                2,
                3,
                4
              ],
              "uv": [
                0,
                8
              ]
            },
            {
              "origin": [
                4,
                22,
                -2
              ],
              "size": [
                2,
                1,
                1
              ],
              "uv": [
                0,
                0
              ]
            }
          ]
        },
        {
          "name": "Alis",
          "parent": "Head",
          "pivot": [
            -2,
            22,
            -7
          ],
          "cubes": [
            {
              "origin": [
                1,
                23.5,
                -5.1
              ],
              "size": [
                3,
                1,
                0
              ],
              "uv": [
                10,
                2
              ]
            },
            {
              "origin": [
                -4,
                23.5,
                -5.1
              ],
              "size": [
                3,
                1,
                0
              ],
              "uv": [
                10,
                2
              ]
            }
          ]
        },
        {
          "name": "Bibir",
          "parent": "Head",
          "pivot": [
            0,
            20,
            -9
          ],
          "cubes": [
            {
              "origin": [
                -3,
                21,
                -5.1
              ],
              "size": [
                6,
                1,
                0
              ],
              "uv": [
                0,
                30
              ]
            },
            {
              "origin": [
                -4,
                21,
                -5.1
              ],
              "size": [
                1,
                1,
                0
              ],
              "uv": [
                2,
                10
              ]
            },
            {
              "origin": [
                3,
                21,
                -5.1
              ],
              "size": [
                1,
                1,
                0
              ],
              "uv": [
                0,
                10
              ]
            }
          ]
        },
        {
          "name": "Bibir2",
          "parent": "Head",
          "pivot": [
            0,
            21,
            -5
          ],
          "cubes": [
            {
              "origin": [
                -2,
                19,
                -5.1
              ],
              "size": [
                4,
                2,
                0
              ],
              "uv": [
                8,
                8
              ]
            },
            {
              "origin": [
                -3,
                20,
                -5.1
              ],
              "size": [
                1,
                1,
                0
              ],
              "uv": [
                2,
                9
              ]
            },
            {
              "origin": [
                2,
                20,
                -5.1
              ],
              "size": [
                1,
                1,
                0
              ],
              "uv": [
                0,
                9
              ]
            }
          ]
        }
      ]
    }
  ]
}