{
  "format_version": "1.12.0",
  "minecraft:geometry": [
    {
      "description": {
        "identifier": "geometry.pa_tpe",
        "texture_width": 512,
        "texture_height": 512,
        "visible_bounds_width": 19,
        "visible_bounds_height": 19,
        "visible_bounds_offset": [
          0,
          6.5,
          0
        ]
      },
      "bones": [
        {
          "name": "Pinggul",
          "pivot": [
            -1,
            63,
            -1
          ],
          "cubes": [
            {
              "origin": [
                -14,
                63,
                -6
              ],
              "size": [
                28,
                25,
                12
              ],
              "uv": [
                90,
                0
              ]
            },
            {
              "origin": [
                -14,
                88,
                -6
              ],
              "size": [
                28,
                3,
                12
              ],
              "uv": [
                96,
                57
              ]
            },
            {
              "origin": [
                -15,
                91,
                -7
              ],
              "size": [
                30,
                6,
                14
              ],
              "uv": [
                90,
                37
              ]
            }
          ]
        },
        {
          "name": "Kaki",
          "parent": "Pinggul",
          "pivot": [
            9,
            63,
            0
          ],
          "cubes": [
            {
              "origin": [
                2,
                31,
                -6
              ],
              "size": [
                11,
                32,
                12
              ],
              "uv": [
                154,
                159
              ]
            }
          ]
        },
        {
          "name": "Kaki4",
          "parent": "Kaki",
          "pivot": [
            9,
            31,
            -6
          ]
        },
        {
          "name": "bone",
          "parent": "Kaki4",
          "pivot": [
            7,
            31,
            -6
          ],
          "cubes": [
            {
              "origin": [
                2,
                7,
                -6
              ],
              "size": [
                11,
                24,
                12
              ],
              "uv": [
                0,
                197
              ]
            },
            {
              "origin": [
                2,
                0,
                -11
              ],
              "size": [
                11,
                7,
                17
              ],
              "uv": [
                204,
                65
              ]
            }
          ]
        },
        {
          "name": "Kaki2",
          "parent": "Pinggul",
          "pivot": [
            -9,
            63,
            0
          ],
          "cubes": [
            {
              "origin": [
                -13,
                31,
                -6
              ],
              "size": [
                11,
                32,
                12
              ],
              "uv": [
                158,
                72
              ]
            }
          ]
        },
        {
          "name": "Kaki3",
          "parent": "Kaki2",
          "pivot": [
            -9,
            31,
            -6
          ],
          "cubes": [
            {
              "origin": [
                -13,
                7,
                -6
              ],
              "size": [
                11,
                24,
                12
              ],
              "uv": [
                188,
                191
              ]
            },
            {
              "origin": [
                -13,
                0,
                -11
              ],
              "size": [
                11,
                7,
                17
              ],
              "uv": [
                200,
                153
              ]
            }
          ]
        },
        {
          "name": "Body",
          "parent": "Pinggul",
          "pivot": [
            0,
            87,
            8
          ],
          "cubes": [
            {
              "origin": [
                -20,
                111,
                -8
              ],
              "size": [
                40,
                19,
                16
              ],
              "uv": [
                0,
                58
              ]
            },
            {
              "origin": [
                -16,
                96,
                -6
              ],
              "size": [
                32,
                15,
                12
              ],
              "uv": [
                0,
                93
              ]
            },
            {
              "origin": [
                -6,
                113,
                -10
              ],
              "size": [
                11,
                11,
                15
              ],
              "uv": [
                204,
                89
              ]
            },
            {
              "origin": [
                -3,
                115,
                -14
              ],
              "size": [
                6,
                6,
                4
              ],
              "uv": [
                158,
                116
              ]
            },
            {
              "origin": [
                -4,
                122,
                -17
              ],
              "size": [
                8,
                0,
                3
              ],
              "uv": [
                73,
                93
              ]
            },
            {
              "origin": [
                4,
                114,
                -17
              ],
              "size": [
                0,
                8,
                3
              ],
              "uv": [
                0,
                90
              ]
            },
            {
              "origin": [
                -4,
                114,
                -17
              ],
              "size": [
                0,
                8,
                3
              ],
              "uv": [
                0,
                90
              ]
            },
            {
              "origin": [
                -4,
                114,
                -17
              ],
              "size": [
                8,
                0,
                3
              ],
              "uv": [
                73,
                93
              ]
            },
            {
              "origin": [
                -2,
                116,
                -19
              ],
              "size": [
                4,
                4,
                6
              ],
              "uv": [
                158,
                0
              ]
            },
            {
              "origin": [
                -2,
                120,
                -18
              ],
              "size": [
                4,
                1,
                4
              ],
              "uv": [
                69,
                125
              ]
            },
            {
              "origin": [
                -2,
                115,
                -18
              ],
              "size": [
                4,
                1,
                4
              ],
              "uv": [
                61,
                120
              ]
            },
            {
              "origin": [
                -3,
                116,
                -18
              ],
              "size": [
                1,
                4,
                4
              ],
              "uv": [
                90,
                37
              ]
            },
            {
              "origin": [
                2,
                116,
                -18
              ],
              "size": [
                1,
                4,
                4
              ],
              "uv": [
                0,
                0
              ]
            },
            {
              "origin": [
                5,
                113,
                -10
              ],
              "size": [
                1,
                11,
                15
              ],
              "uv": [
                24,
                233
              ]
            },
            {
              "origin": [
                -5,
                111,
                -10
              ],
              "size": [
                10,
                1,
                15
              ],
              "uv": [
                222,
                0
              ]
            },
            {
              "origin": [
                -6,
                112,
                -10
              ],
              "size": [
                12,
                1,
                15
              ],
              "uv": [
                218,
                132
              ]
            },
            {
              "origin": [
                -5,
                124,
                -10
              ],
              "size": [
                10,
                1,
                15
              ],
              "uv": [
                219,
                212
              ]
            },
            {
              "origin": [
                7,
                111,
                -13
              ],
              "size": [
                6,
                14,
                18
              ],
              "pivot": [
                10,
                118,
                -9
              ],
              "rotation": [
                0,
                0,
                2.5
              ],
              "uv": [
                114,
                191
              ]
            },
            {
              "origin": [
                -13,
                111,
                -13
              ],
              "size": [
                6,
                14,
                18
              ],
              "pivot": [
                -10,
                118,
                -9
              ],
              "rotation": [
                0,
                0,
                -2.5
              ],
              "uv": [
                114,
                191
              ]
            },
            {
              "origin": [
                6,
                113,
                -10
              ],
              "size": [
                1,
                10,
                15
              ],
              "uv": [
                56,
                240
              ]
            },
            {
              "origin": [
                -7,
                113,
                -10
              ],
              "size": [
                1,
                10,
                15
              ],
              "uv": [
                176,
                241
              ]
            }
          ]
        },
        {
          "name": "Jectpack",
          "parent": "Body",
          "pivot": [
            0,
            103,
            7
          ],
          "cubes": [
            {
              "origin": [
                -16,
                82,
                6
              ],
              "size": [
                32,
                45,
                13
              ],
              "uv": [
                0,
                0
              ]
            },
            {
              "origin": [
                -14,
                91,
                19
              ],
              "size": [
                28,
                33,
                7
              ],
              "uv": [
                88,
                93
              ]
            },
            {
              "origin": [
                -13,
                86,
                19
              ],
              "size": [
                26,
                5,
                7
              ],
              "uv": [
                200,
                177
              ]
            },
            {
              "origin": [
                -14,
                91,
                26
              ],
              "size": [
                28,
                15,
                2
              ],
              "uv": [
                218,
                115
              ]
            },
            {
              "origin": [
                -7,
                116,
                26
              ],
              "size": [
                15,
                7,
                2
              ],
              "uv": [
                164,
                37
              ]
            },
            {
              "origin": [
                -7,
                110,
                26
              ],
              "size": [
                15,
                3,
                2
              ],
              "uv": [
                166,
                153
              ]
            }
          ]
        },
        {
          "name": "Roket5",
          "parent": "Jectpack",
          "pivot": [
            -19,
            101,
            22
          ],
          "cubes": [
            {
              "origin": [
                -25,
                123,
                11
              ],
              "size": [
                8,
                5,
                8
              ],
              "pivot": [
                -20,
                147,
                20
              ],
              "rotation": [
                0,
                180,
                0
              ],
              "uv": [
                37,
                120
              ]
            },
            {
              "origin": [
                -25,
                116,
                11
              ],
              "size": [
                8,
                3,
                8
              ],
              "pivot": [
                -20,
                138,
                20
              ],
              "rotation": [
                0,
                180,
                0
              ],
              "uv": [
                256,
                104
              ]
            },
            {
              "origin": [
                -25,
                99,
                11
              ],
              "size": [
                8,
                7,
                8
              ],
              "pivot": [
                -20,
                125,
                20
              ],
              "rotation": [
                0,
                180,
                0
              ],
              "uv": [
                241,
                89
              ]
            },
            {
              "origin": [
                -25,
                92,
                11
              ],
              "size": [
                8,
                2,
                8
              ],
              "pivot": [
                -20,
                118,
                20
              ],
              "rotation": [
                0,
                180,
                0
              ],
              "uv": [
                242,
                262
              ]
            },
            {
              "origin": [
                -25,
                83,
                11
              ],
              "size": [
                8,
                2,
                8
              ],
              "pivot": [
                -20,
                109,
                20
              ],
              "rotation": [
                0,
                180,
                0
              ],
              "uv": [
                262,
                33
              ]
            },
            {
              "origin": [
                -26,
                85,
                10
              ],
              "size": [
                10,
                7,
                10
              ],
              "pivot": [
                -20,
                111,
                20
              ],
              "rotation": [
                0,
                180,
                0
              ],
              "uv": [
                232,
                42
              ]
            },
            {
              "origin": [
                -26,
                76,
                10
              ],
              "size": [
                10,
                7,
                10
              ],
              "pivot": [
                -20,
                102,
                20
              ],
              "rotation": [
                0,
                180,
                0
              ],
              "uv": [
                112,
                72
              ]
            },
            {
              "origin": [
                -25,
                72,
                11
              ],
              "size": [
                8,
                4,
                8
              ],
              "pivot": [
                -20,
                95,
                20
              ],
              "rotation": [
                0,
                180,
                0
              ],
              "uv": [
                256,
                165
              ]
            },
            {
              "origin": [
                -24,
                68,
                12
              ],
              "size": [
                6,
                4,
                6
              ],
              "pivot": [
                -20,
                91,
                20
              ],
              "rotation": [
                0,
                180,
                0
              ],
              "uv": [
                77,
                0
              ]
            },
            {
              "origin": [
                -24,
                93,
                12
              ],
              "size": [
                6,
                30,
                6
              ],
              "pivot": [
                -20,
                117,
                20
              ],
              "rotation": [
                0,
                180,
                0
              ],
              "uv": [
                226,
                228
              ]
            }
          ]
        },
        {
          "name": "Roket4",
          "parent": "Jectpack",
          "pivot": [
            19,
            101,
            22
          ],
          "cubes": [
            {
              "origin": [
                13,
                123,
                11
              ],
              "size": [
                8,
                5,
                8
              ],
              "pivot": [
                18,
                147,
                20
              ],
              "rotation": [
                0,
                180,
                0
              ],
              "uv": [
                118,
                171
              ]
            },
            {
              "origin": [
                13,
                116,
                11
              ],
              "size": [
                8,
                3,
                8
              ],
              "pivot": [
                18,
                138,
                20
              ],
              "rotation": [
                0,
                180,
                0
              ],
              "uv": [
                200,
                258
              ]
            },
            {
              "origin": [
                13,
                99,
                11
              ],
              "size": [
                8,
                7,
                8
              ],
              "pivot": [
                18,
                125,
                20
              ],
              "rotation": [
                0,
                180,
                0
              ],
              "uv": [
                116,
                249
              ]
            },
            {
              "origin": [
                13,
                92,
                11
              ],
              "size": [
                8,
                2,
                8
              ],
              "pivot": [
                18,
                118,
                20
              ],
              "rotation": [
                0,
                180,
                0
              ],
              "uv": [
                264,
                181
              ]
            },
            {
              "origin": [
                13,
                83,
                11
              ],
              "size": [
                8,
                2,
                8
              ],
              "pivot": [
                18,
                109,
                20
              ],
              "rotation": [
                0,
                180,
                0
              ],
              "uv": [
                114,
                264
              ]
            },
            {
              "origin": [
                12,
                85,
                10
              ],
              "size": [
                10,
                7,
                10
              ],
              "pivot": [
                18,
                111,
                20
              ],
              "rotation": [
                0,
                180,
                0
              ],
              "uv": [
                239,
                148
              ]
            },
            {
              "origin": [
                12,
                76,
                10
              ],
              "size": [
                10,
                7,
                10
              ],
              "pivot": [
                18,
                102,
                20
              ],
              "rotation": [
                0,
                180,
                0
              ],
              "uv": [
                234,
                189
              ]
            },
            {
              "origin": [
                13,
                72,
                11
              ],
              "size": [
                8,
                4,
                8
              ],
              "pivot": [
                18,
                95,
                20
              ],
              "rotation": [
                0,
                180,
                0
              ],
              "uv": [
                257,
                0
              ]
            },
            {
              "origin": [
                14,
                68,
                12
              ],
              "size": [
                6,
                4,
                6
              ],
              "pivot": [
                18,
                91,
                20
              ],
              "rotation": [
                0,
                180,
                0
              ],
              "uv": [
                94,
                133
              ]
            },
            {
              "origin": [
                14,
                93,
                12
              ],
              "size": [
                6,
                30,
                6
              ],
              "pivot": [
                18,
                117,
                20
              ],
              "rotation": [
                0,
                180,
                0
              ],
              "uv": [
                152,
                232
              ]
            }
          ]
        },
        {
          "name": "bone10",
          "parent": "Roket4",
          "pivot": [
            19,
            68,
            25
          ],
          "cubes": [
            {
              "origin": [
                16,
                53,
                25
              ],
              "size": [
                6,
                15,
                0
              ],
              "uv": [
                0,
                58
              ]
            },
            {
              "origin": [
                16,
                53,
                25
              ],
              "size": [
                6,
                15,
                0
              ],
              "pivot": [
                19,
                68,
                25
              ],
              "rotation": [
                0,
                90,
                0
              ],
              "uv": [
                0,
                58
              ]
            }
          ]
        },
        {
          "name": "bone11",
          "parent": "bone10",
          "pivot": [
            19,
            68,
            25
          ],
          "cubes": [
            {
              "origin": [
                -22,
                53,
                25
              ],
              "size": [
                6,
                15,
                0
              ],
              "uv": [
                0,
                58
              ]
            },
            {
              "origin": [
                16,
                53,
                -13
              ],
              "size": [
                6,
                15,
                0
              ],
              "pivot": [
                19,
                68,
                25
              ],
              "rotation": [
                0,
                90,
                0
              ],
              "uv": [
                0,
                58
              ]
            }
          ]
        },
        {
          "name": "bone12",
          "parent": "Roket4",
          "pivot": [
            19,
            68,
            25
          ],
          "cubes": [
            {
              "origin": [
                16,
                53,
                25
              ],
              "size": [
                6,
                15,
                0
              ],
              "pivot": [
                19,
                68,
                25
              ],
              "rotation": [
                0,
                -90,
                0
              ],
              "uv": [
                0,
                58
              ]
            },
            {
              "origin": [
                16,
                53,
                25
              ],
              "size": [
                6,
                15,
                0
              ],
              "pivot": [
                19,
                68,
                25
              ],
              "rotation": [
                0,
                180,
                0
              ],
              "uv": [
                0,
                58
              ]
            }
          ]
        },
        {
          "name": "bone13",
          "parent": "bone12",
          "pivot": [
            -19,
            68,
            25
          ],
          "rotation": [
            0,
            90,
            0
          ],
          "cubes": [
            {
              "origin": [
                -22,
                53,
                25
              ],
              "size": [
                6,
                15,
                0
              ],
              "uv": [
                0,
                58
              ]
            },
            {
              "origin": [
                16,
                53,
                -13
              ],
              "size": [
                6,
                15,
                0
              ],
              "pivot": [
                19,
                68,
                25
              ],
              "rotation": [
                0,
                90,
                0
              ],
              "uv": [
                0,
                58
              ]
            }
          ]
        },
        {
          "name": "Head",
          "parent": "Body",
          "pivot": [
            0,
            132,
            1
          ],
          "cubes": [
            {
              "origin": [
                -10,
                132,
                -9
              ],
              "size": [
                22,
                8,
                10
              ],
              "uv": [
                168,
                47
              ]
            },
            {
              "origin": [
                -3,
                132,
                -7
              ],
              "size": [
                8,
                21,
                8
              ],
              "uv": [
                194,
                227
              ]
            },
            {
              "origin": [
                -3,
                130,
                -3
              ],
              "size": [
                8,
                3,
                8
              ],
              "uv": [
                260,
                76
              ]
            },
            {
              "origin": [
                -7,
                132,
                -1
              ],
              "size": [
                15,
                23,
                8
              ],
              "uv": [
                46,
                209
              ]
            },
            {
              "origin": [
                5,
                132,
                1
              ],
              "size": [
                6,
                35,
                6
              ],
              "pivot": [
                5,
                132,
                5
              ],
              "rotation": [
                0,
                0,
                5
              ],
              "uv": [
                92,
                217
              ]
            },
            {
              "origin": [
                -10,
                132,
                1
              ],
              "size": [
                6,
                35,
                6
              ],
              "pivot": [
                -4,
                132,
                5
              ],
              "rotation": [
                0,
                0,
                -5
              ],
              "uv": [
                92,
                217
              ]
            }
          ]
        },
        {
          "name": "Tangan4",
          "parent": "Body",
          "pivot": [
            -19,
            130,
            0
          ],
          "cubes": [
            {
              "origin": [
                -33,
                106,
                -7
              ],
              "size": [
                15,
                24,
                14
              ],
              "uv": [
                108,
                133
              ]
            }
          ]
        },
        {
          "name": "bone2",
          "parent": "Tangan4",
          "pivot": [
            0,
            -2,
            0
          ],
          "cubes": [
            {
              "origin": [
                -32,
                83,
                -7
              ],
              "size": [
                12,
                23,
                14
              ],
              "uv": [
                170,
                0
              ]
            }
          ]
        },
        {
          "name": "bone9",
          "parent": "bone2",
          "pivot": [
            -30,
            83,
            7
          ],
          "cubes": [
            {
              "origin": [
                -31,
                59,
                -7
              ],
              "size": [
                10,
                24,
                14
              ],
              "uv": [
                84,
                171
              ]
            },
            {
              "origin": [
                -32,
                68,
                -8
              ],
              "size": [
                12,
                5,
                16
              ],
              "uv": [
                146,
                211
              ]
            }
          ]
        },
        {
          "name": "bone4",
          "parent": "bone9",
          "pivot": [
            -30,
            60,
            0
          ],
          "cubes": [
            {
              "origin": [
                -30,
                45,
                -6
              ],
              "size": [
                8,
                14,
                5
              ],
              "uv": [
                88,
                258
              ]
            },
            {
              "origin": [
                -30,
                45,
                -1
              ],
              "size": [
                6,
                14,
                7
              ],
              "uv": [
                0,
                176
              ]
            }
          ]
        },
        {
          "name": "Jari",
          "parent": "bone4",
          "pivot": [
            -29,
            45,
            5
          ],
          "cubes": [
            {
              "origin": [
                -30,
                41,
                4
              ],
              "size": [
                2,
                4,
                2
              ],
              "uv": [
                160,
                72
              ]
            }
          ]
        },
        {
          "name": "Jar",
          "parent": "Jari",
          "pivot": [
            -30,
            41,
            5
          ],
          "cubes": [
            {
              "origin": [
                -30,
                37,
                4
              ],
              "size": [
                2,
                4,
                2
              ],
              "uv": [
                150,
                87
              ]
            }
          ]
        },
        {
          "name": "Jari2",
          "parent": "bone4",
          "pivot": [
            -29,
            45,
            2
          ],
          "cubes": [
            {
              "origin": [
                -30,
                40,
                1
              ],
              "size": [
                2,
                5,
                2
              ],
              "uv": [
                78,
                171
              ]
            }
          ]
        },
        {
          "name": "Jar2",
          "parent": "Jari2",
          "pivot": [
            -30,
            40,
            2
          ],
          "cubes": [
            {
              "origin": [
                -30,
                35,
                1
              ],
              "size": [
                2,
                5,
                2
              ],
              "uv": [
                70,
                171
              ]
            }
          ]
        },
        {
          "name": "Jari4",
          "parent": "bone4",
          "pivot": [
            -28,
            45,
            -5
          ],
          "cubes": [
            {
              "origin": [
                -30,
                40,
                -6
              ],
              "size": [
                2,
                5,
                2
              ],
              "uv": [
                158,
                126
              ]
            }
          ]
        },
        {
          "name": "Jar4",
          "parent": "Jari4",
          "pivot": [
            -30,
            40,
            -6
          ],
          "cubes": [
            {
              "origin": [
                -30,
                35,
                -6
              ],
              "size": [
                2,
                5,
                2
              ],
              "uv": [
                152,
                140
              ]
            }
          ]
        },
        {
          "name": "Jar6",
          "parent": "Jar4",
          "pivot": [
            -30,
            35,
            -6
          ],
          "cubes": [
            {
              "origin": [
                -30,
                34,
                -6
              ],
              "size": [
                2,
                1,
                2
              ],
              "uv": [
                96,
                37
              ]
            }
          ]
        },
        {
          "name": "Jari5",
          "parent": "bone4",
          "pivot": [
            -23,
            45,
            -6
          ],
          "cubes": [
            {
              "origin": [
                -25,
                42,
                -6
              ],
              "size": [
                3,
                3,
                2
              ],
              "uv": [
                0,
                127
              ]
            }
          ]
        },
        {
          "name": "Jar5",
          "parent": "Jari5",
          "pivot": [
            -23,
            42,
            -6
          ],
          "cubes": [
            {
              "origin": [
                -25,
                39,
                -6
              ],
              "size": [
                3,
                3,
                2
              ],
              "uv": [
                77,
                120
              ]
            }
          ]
        },
        {
          "name": "Jari3",
          "parent": "bone4",
          "pivot": [
            -28,
            45,
            -2
          ],
          "cubes": [
            {
              "origin": [
                -30,
                40,
                -3
              ],
              "size": [
                2,
                5,
                2
              ],
              "uv": [
                152,
                133
              ]
            }
          ]
        },
        {
          "name": "Jar3",
          "parent": "Jari3",
          "pivot": [
            -30,
            40,
            -2
          ],
          "cubes": [
            {
              "origin": [
                -30,
                34,
                -3
              ],
              "size": [
                2,
                6,
                2
              ],
              "uv": [
                76,
                96
              ]
            }
          ]
        },
        {
          "name": "bone7",
          "parent": "Tangan4",
          "pivot": [
            -27,
            130,
            20
          ],
          "cubes": [
            {
              "origin": [
                -33,
                122,
                7
              ],
              "size": [
                12,
                43,
                13
              ],
              "uv": [
                0,
                120
              ]
            }
          ]
        },
        {
          "name": "Tangan2",
          "parent": "Body",
          "pivot": [
            20,
            130,
            0
          ],
          "cubes": [
            {
              "origin": [
                25,
                106,
                -7
              ],
              "size": [
                15,
                24,
                14
              ],
              "pivot": [
                29,
                130,
                0
              ],
              "rotation": [
                0,
                180,
                0
              ],
              "uv": [
                50,
                133
              ]
            }
          ]
        },
        {
          "name": "bone8",
          "parent": "Tangan2",
          "pivot": [
            27,
            130,
            20
          ],
          "cubes": [
            {
              "origin": [
                21,
                122,
                7
              ],
              "size": [
                12,
                43,
                13
              ],
              "uv": [
                0,
                120
              ]
            }
          ]
        },
        {
          "name": "bone3",
          "parent": "Tangan2",
          "pivot": [
            54,
            6,
            14
          ],
          "cubes": [
            {
              "origin": [
                20,
                83,
                -7
              ],
              "size": [
                12,
                23,
                14
              ],
              "uv": [
                166,
                116
              ]
            }
          ]
        },
        {
          "name": "bone5",
          "parent": "bone3",
          "pivot": [
            31,
            83,
            0
          ],
          "cubes": [
            {
              "origin": [
                21,
                59,
                -7
              ],
              "size": [
                10,
                24,
                14
              ],
              "pivot": [
                26,
                83,
                0
              ],
              "rotation": [
                0,
                180,
                0
              ],
              "uv": [
                36,
                171
              ]
            },
            {
              "origin": [
                20,
                67,
                -8
              ],
              "size": [
                12,
                5,
                16
              ],
              "pivot": [
                26,
                83,
                0
              ],
              "rotation": [
                0,
                180,
                0
              ],
              "uv": [
                206,
                21
              ]
            }
          ]
        },
        {
          "name": "Roket3",
          "parent": "bone5",
          "pivot": [
            35,
            113,
            -4
          ],
          "cubes": [
            {
              "origin": [
                30,
                89,
                -13
              ],
              "size": [
                8,
                5,
                8
              ],
              "pivot": [
                35,
                113,
                -4
              ],
              "rotation": [
                0,
                180,
                0
              ],
              "uv": [
                254,
                206
              ]
            },
            {
              "origin": [
                30,
                82,
                -13
              ],
              "size": [
                8,
                3,
                8
              ],
              "pivot": [
                35,
                104,
                -4
              ],
              "rotation": [
                0,
                180,
                0
              ],
              "uv": [
                24,
                259
              ]
            },
            {
              "origin": [
                30,
                65,
                -13
              ],
              "size": [
                8,
                7,
                8
              ],
              "pivot": [
                35,
                91,
                -4
              ],
              "rotation": [
                0,
                180,
                0
              ],
              "uv": [
                250,
                228
              ]
            },
            {
              "origin": [
                30,
                58,
                -13
              ],
              "size": [
                8,
                2,
                8
              ],
              "pivot": [
                35,
                84,
                -4
              ],
              "rotation": [
                0,
                180,
                0
              ],
              "uv": [
                265,
                87
              ]
            },
            {
              "origin": [
                30,
                49,
                -13
              ],
              "size": [
                8,
                2,
                8
              ],
              "pivot": [
                35,
                75,
                -4
              ],
              "rotation": [
                0,
                180,
                0
              ],
              "uv": [
                48,
                265
              ]
            },
            {
              "origin": [
                29,
                51,
                -14
              ],
              "size": [
                10,
                7,
                10
              ],
              "pivot": [
                35,
                77,
                -4
              ],
              "rotation": [
                0,
                180,
                0
              ],
              "uv": [
                246,
                16
              ]
            },
            {
              "origin": [
                29,
                42,
                -14
              ],
              "size": [
                10,
                7,
                10
              ],
              "pivot": [
                35,
                68,
                -4
              ],
              "rotation": [
                0,
                180,
                0
              ],
              "uv": [
                243,
                59
              ]
            },
            {
              "origin": [
                30,
                38,
                -13
              ],
              "size": [
                8,
                4,
                8
              ],
              "pivot": [
                35,
                61,
                -4
              ],
              "rotation": [
                0,
                180,
                0
              ],
              "uv": [
                257,
                132
              ]
            },
            {
              "origin": [
                31,
                34,
                -12
              ],
              "size": [
                6,
                4,
                6
              ],
              "pivot": [
                35,
                57,
                -4
              ],
              "rotation": [
                0,
                180,
                0
              ],
              "uv": [
                142,
                72
              ]
            },
            {
              "origin": [
                31,
                59,
                -12
              ],
              "size": [
                6,
                30,
                6
              ],
              "pivot": [
                35,
                83,
                -4
              ],
              "rotation": [
                0,
                180,
                0
              ],
              "uv": [
                0,
                233
              ]
            }
          ]
        },
        {
          "name": "bone6",
          "parent": "bone5",
          "pivot": [
            22,
            60,
            0
          ],
          "cubes": [
            {
              "origin": [
                24,
                45,
                -6
              ],
              "size": [
                6,
                14,
                12
              ],
              "uv": [
                116,
                223
              ]
            },
            {
              "origin": [
                22,
                45,
                -6
              ],
              "size": [
                8,
                14,
                5
              ],
              "uv": [
                250,
                243
              ]
            }
          ]
        },
        {
          "name": "Jari6",
          "parent": "bone6",
          "pivot": [
            29,
            45,
            5
          ],
          "cubes": [
            {
              "origin": [
                28,
                41,
                4
              ],
              "size": [
                2,
                4,
                2
              ],
              "uv": [
                112,
                133
              ]
            }
          ]
        },
        {
          "name": "Jar7",
          "parent": "Jari6",
          "pivot": [
            30,
            41,
            5
          ],
          "rotation": [
            0,
            0,
            55
          ],
          "cubes": [
            {
              "origin": [
                28,
                37,
                4
              ],
              "size": [
                2,
                4,
                2
              ],
              "uv": [
                4,
                99
              ]
            }
          ]
        },
        {
          "name": "Jari7",
          "parent": "bone6",
          "pivot": [
            29,
            45,
            2
          ],
          "cubes": [
            {
              "origin": [
                28,
                40,
                1
              ],
              "size": [
                2,
                5,
                2
              ],
              "uv": [
                56,
                138
              ]
            }
          ]
        },
        {
          "name": "Jar8",
          "parent": "Jari7",
          "pivot": [
            30,
            40,
            2
          ],
          "rotation": [
            0,
            0,
            57.5
          ],
          "cubes": [
            {
              "origin": [
                28,
                35,
                1
              ],
              "size": [
                2,
                5,
                2
              ],
              "uv": [
                50,
                133
              ]
            }
          ]
        },
        {
          "name": "Jari8",
          "parent": "bone6",
          "pivot": [
            30,
            45,
            -5
          ],
          "cubes": [
            {
              "origin": [
                28,
                40,
                -6
              ],
              "size": [
                2,
                5,
                2
              ],
              "uv": [
                37,
                120
              ]
            }
          ]
        },
        {
          "name": "Jar9",
          "parent": "Jari8",
          "pivot": [
            30,
            40,
            -6
          ],
          "rotation": [
            0,
            0,
            70
          ],
          "cubes": [
            {
              "origin": [
                28,
                35,
                -6
              ],
              "size": [
                2,
                5,
                2
              ],
              "uv": [
                0,
                120
              ]
            }
          ]
        },
        {
          "name": "Jar10",
          "parent": "Jar9",
          "pivot": [
            28,
            35,
            -6
          ],
          "cubes": [
            {
              "origin": [
                28,
                34,
                -6
              ],
              "size": [
                2,
                1,
                2
              ],
              "uv": [
                77,
                10
              ]
            }
          ]
        },
        {
          "name": "Jari9",
          "parent": "bone6",
          "pivot": [
            24,
            45,
            -6
          ],
          "rotation": [
            -32.5,
            45,
            0
          ],
          "cubes": [
            {
              "origin": [
                22,
                42,
                -6
              ],
              "size": [
                3,
                3,
                2
              ],
              "uv": [
                90,
                45
              ]
            }
          ]
        },
        {
          "name": "Jar11",
          "parent": "Jari9",
          "pivot": [
            24,
            42,
            -6
          ],
          "rotation": [
            55,
            0,
            0
          ],
          "cubes": [
            {
              "origin": [
                22,
                39,
                -6
              ],
              "size": [
                3,
                3,
                2
              ],
              "uv": [
                0,
                8
              ]
            }
          ]
        },
        {
          "name": "Jari10",
          "parent": "bone6",
          "pivot": [
            30,
            45,
            -2
          ],
          "cubes": [
            {
              "origin": [
                28,
                40,
                -3
              ],
              "size": [
                2,
                5,
                2
              ],
              "uv": [
                112,
                72
              ]
            }
          ]
        },
        {
          "name": "Jar12",
          "parent": "Jari10",
          "pivot": [
            30,
            40,
            -2
          ],
          "rotation": [
            0,
            0,
            70
          ],
          "cubes": [
            {
              "origin": [
                28,
                34,
                -3
              ],
              "size": [
                2,
                6,
                2
              ],
              "uv": [
                96,
                57
              ]
            }
          ]
        }
      ]
    }
  ]
}