{
  "format_version": "1.12.0",
  "minecraft:geometry": [
    {
      "description": {
        "identifier": "geometry.pa_tv",
        "texture_width": 64,
        "texture_height": 64,
        "visible_bounds_width": 19,
        "visible_bounds_height": 5,
        "visible_bounds_offset": [
          0,
          1.5,
          0
        ]
      },
      "bones": [
        {
          "name": "Body",
          "pivot": [
            0,
            23,
            0
          ],
          "cubes": [
            {
              "origin": [
                -4,
                15,
                -3
              ],
              "size": [
                8,
                7,
                5
              ],
              "uv": [
                0,
                12
              ]
            },
            {
              "origin": [
                4,
                11,
                -3
              ],
              "size": [
                0,
                4,
                5
              ],
              "uv": [
                27,
                46
              ]
            },
            {
              "origin": [
                -4,
                11,
                -3
              ],
              "size": [
                0,
                4,
                5
              ],
              "uv": [
                46,
                1
              ]
            },
            {
              "origin": [
                -4,
                11,
                2
              ],
              "size": [
                8,
                4,
                0
              ],
              "uv": [
                44,
                17
              ]
            }
          ]
        },
        {
          "name": "bone5",
          "parent": "Body",
          "pivot": [
            0,
            22,
            -3
          ],
          "cubes": [
            {
              "origin": [
                -4,
                22,
                -3
              ],
              "size": [
                8,
                7,
                5
              ],
              "uv": [
                0,
                0
              ]
            },
            {
              "origin": [
                -1,
                27,
                -2
              ],
              "size": [
                2,
                4,
                3
              ],
              "uv": [
                46,
                38
              ]
            }
          ]
        },
        {
          "name": "Tangan2",
          "parent": "bone5",
          "pivot": [
            -4,
            29,
            -1
          ],
          "cubes": [
            {
              "origin": [
                -7,
                20,
                -2
              ],
              "size": [
                3,
                9,
                3
              ],
              "uv": [
                15,
                41
              ]
            }
          ]
        },
        {
          "name": "bone",
          "parent": "Tangan2",
          "pivot": [
            -7,
            20,
            -1
          ],
          "cubes": [
            {
              "origin": [
                -7,
                11,
                -2
              ],
              "size": [
                3,
                9,
                3
              ],
              "uv": [
                34,
                33
              ]
            }
          ]
        },
        {
          "name": "Tangan",
          "parent": "bone5",
          "pivot": [
            4,
            29,
            -1
          ],
          "cubes": [
            {
              "origin": [
                4,
                20,
                -2
              ],
              "size": [
                3,
                9,
                3
              ],
              "uv": [
                15,
                41
              ]
            }
          ]
        },
        {
          "name": "bone2",
          "parent": "Tangan",
          "pivot": [
            7,
            20,
            -1
          ],
          "cubes": [
            {
              "origin": [
                4,
                11,
                -2
              ],
              "size": [
                3,
                9,
                3
              ],
              "uv": [
                34,
                33
              ]
            }
          ]
        },
        {
          "name": "RightLeg",
          "pivot": [
            -2,
            16,
            0
          ],
          "cubes": [
            {
              "origin": [
                -3.9,
                8,
                -2
              ],
              "size": [
                3,
                8,
                3
              ],
              "uv": [
                0,
                42
              ]
            },
            {
              "origin": [
                -3.9,
                11,
                -3
              ],
              "size": [
                4,
                5,
                0
              ],
              "uv": [
                51,
                51
              ]
            }
          ]
        },
        {
          "name": "bone3",
          "parent": "RightLeg",
          "pivot": [
            -2,
            8,
            -2
          ],
          "cubes": [
            {
              "origin": [
                -3.9,
                0,
                -2
              ],
              "size": [
                3,
                8,
                3
              ],
              "uv": [
                41,
                21
              ]
            }
          ]
        },
        {
          "name": "Head",
          "pivot": [
            0,
            30,
            -3
          ],
          "cubes": [
            {
              "origin": [
                -5,
                30,
                -5
              ],
              "size": [
                10,
                2,
                2
              ],
              "uv": [
                21,
                12
              ]
            },
            {
              "origin": [
                4,
                32,
                -5
              ],
              "size": [
                1,
                7,
                2
              ],
              "uv": [
                37,
                51
              ]
            },
            {
              "origin": [
                -4,
                38,
                -5
              ],
              "size": [
                8,
                1,
                2
              ],
              "uv": [
                26,
                8
              ]
            },
            {
              "origin": [
                -5,
                32,
                -5
              ],
              "size": [
                1,
                7,
                2
              ],
              "uv": [
                10,
                51
              ]
            },
            {
              "origin": [
                -5,
                31,
                -5
              ],
              "size": [
                7,
                6,
                2
              ],
              "pivot": [
                -5,
                35,
                -3
              ],
              "rotation": [
                0,
                -82.5,
                0
              ],
              "uv": [
                26,
                16
              ]
            },
            {
              "origin": [
                -1,
                31,
                -5
              ],
              "size": [
                6,
                6,
                2
              ],
              "pivot": [
                5,
                35,
                -3
              ],
              "rotation": [
                -0.42827,
                82.83659,
                0.82621
              ],
              "uv": [
                18,
                33
              ]
            },
            {
              "origin": [
                -4,
                31,
                2
              ],
              "size": [
                8,
                6,
                2
              ],
              "uv": [
                26,
                0
              ]
            },
            {
              "origin": [
                -4,
                30,
                -5
              ],
              "size": [
                8,
                7,
                2
              ],
              "pivot": [
                0,
                30,
                -3
              ],
              "rotation": [
                -80,
                0,
                0
              ],
              "uv": [
                20,
                24
              ]
            },
            {
              "origin": [
                -4,
                39,
                -3
              ],
              "size": [
                8,
                7,
                2
              ],
              "pivot": [
                0,
                39,
                -3
              ],
              "rotation": [
                -105,
                0,
                0
              ],
              "uv": [
                0,
                24
              ]
            }
          ]
        },
        {
          "name": "bone7",
          "parent": "Head",
          "pivot": [
            0,
            35,
            -4
          ],
          "cubes": [
            {
              "origin": [
                -4,
                32,
                -4
              ],
              "size": [
                8,
                6,
                0
              ],
              "uv": [
                46,
                0
              ]
            },
            {
              "origin": [
                -3,
                32,
                -4
              ],
              "size": [
                7,
                6,
                0
              ],
              "uv": [
                46,
                32
              ]
            },
            {
              "origin": [
                -5,
                32,
                -4
              ],
              "size": [
                8,
                6,
                0
              ],
              "uv": [
                43,
                45
              ]
            },
            {
              "origin": [
                -4,
                32,
                -4
              ],
              "size": [
                8,
                6,
                0
              ],
              "uv": [
                43,
                45
              ]
            }
          ]
        },
        {
          "name": "bone6",
          "parent": "Head",
          "pivot": [
            0,
            35,
            -2
          ],
          "cubes": [
            {
              "origin": [
                -4,
                32,
                -3
              ],
              "size": [
                8,
                6,
                0
              ],
              "uv": [
                27,
                45
              ]
            }
          ]
        },
        {
          "name": "bone8",
          "parent": "Head",
          "pivot": [
            0,
            35,
            0
          ],
          "cubes": [
            {
              "origin": [
                -3,
                32,
                -3
              ],
              "size": [
                6,
                6,
                3
              ],
              "uv": [
                0,
                33
              ]
            }
          ]
        },
        {
          "name": "bone9",
          "parent": "Head",
          "pivot": [
            0,
            35,
            0
          ],
          "cubes": [
            {
              "origin": [
                -3,
                32,
                -3
              ],
              "size": [
                6,
                6,
                3
              ],
              "uv": [
                0,
                33
              ]
            }
          ]
        },
        {
          "name": "bone10",
          "parent": "Head",
          "pivot": [
            0,
            35,
            0
          ],
          "cubes": [
            {
              "origin": [
                -3,
                32,
                -3
              ],
              "size": [
                6,
                6,
                3
              ],
              "uv": [
                0,
                33
              ]
            }
          ]
        },
        {
          "name": "bone11",
          "parent": "Head",
          "pivot": [
            0,
            35,
            0
          ],
          "cubes": [
            {
              "origin": [
                -3,
                32,
                -3
              ],
              "size": [
                6,
                6,
                3
              ],
              "uv": [
                0,
                33
              ]
            }
          ]
        },
        {
          "name": "bone12",
          "parent": "Head",
          "pivot": [
            0,
            35,
            0
          ],
          "cubes": [
            {
              "origin": [
                -3,
                32,
                -3
              ],
              "size": [
                6,
                6,
                3
              ],
              "uv": [
                0,
                33
              ]
            }
          ]
        },
        {
          "name": "Sinar5",
          "parent": "Head",
          "pivot": [
            0,
            34,
            0
          ]
        },
        {
          "name": "Sinar",
          "parent": "Sinar5",
          "pivot": [
            0,
            34,
            0
          ],
          "rotation": [
            0,
            -87.5,
            0
          ],
          "cubes": [
            {
              "origin": [
                -4,
                31,
                0
              ],
              "size": [
                8,
                6,
                0
              ],
              "uv": [
                45,
                11
              ]
            }
          ]
        },
        {
          "name": "Sinar4",
          "parent": "Sinar5",
          "pivot": [
            0,
            34,
            0
          ],
          "rotation": [
            0,
            -87.5,
            0
          ],
          "cubes": [
            {
              "origin": [
                -4,
                31,
                0
              ],
              "size": [
                8,
                6,
                0
              ],
              "uv": [
                45,
                11
              ]
            }
          ]
        },
        {
          "name": "Sinar3",
          "parent": "Sinar5",
          "pivot": [
            0,
            34,
            0
          ],
          "rotation": [
            0,
            -87.5,
            0
          ],
          "cubes": [
            {
              "origin": [
                -4,
                31,
                0
              ],
              "size": [
                8,
                6,
                0
              ],
              "uv": [
                45,
                11
              ]
            }
          ]
        },
        {
          "name": "Sinar2",
          "parent": "Sinar5",
          "pivot": [
            0,
            34,
            0
          ],
          "rotation": [
            0,
            -87.5,
            0
          ],
          "cubes": [
            {
              "origin": [
                -4,
                31,
                0
              ],
              "size": [
                8,
                6,
                0
              ],
              "uv": [
                45,
                11
              ]
            }
          ]
        },
        {
          "name": "Sinar6",
          "parent": "Head",
          "pivot": [
            0,
            34,
            0
          ]
        },
        {
          "name": "Sinar7",
          "parent": "Sinar6",
          "pivot": [
            0,
            34,
            0
          ],
          "rotation": [
            0,
            -87.5,
            0
          ],
          "cubes": [
            {
              "origin": [
                -4,
                31,
                0
              ],
              "size": [
                8,
                6,
                0
              ],
              "uv": [
                45,
                11
              ]
            }
          ]
        },
        {
          "name": "Sinar8",
          "parent": "Sinar6",
          "pivot": [
            0,
            34,
            0
          ],
          "rotation": [
            0,
            -87.5,
            0
          ],
          "cubes": [
            {
              "origin": [
                -4,
                31,
                0
              ],
              "size": [
                8,
                6,
                0
              ],
              "uv": [
                45,
                11
              ]
            }
          ]
        },
        {
          "name": "Sinar9",
          "parent": "Sinar6",
          "pivot": [
            0,
            34,
            0
          ],
          "rotation": [
            0,
            -87.5,
            0
          ],
          "cubes": [
            {
              "origin": [
                -4,
                31,
                0
              ],
              "size": [
                8,
                6,
                0
              ],
              "uv": [
                45,
                11
              ]
            }
          ]
        },
        {
          "name": "Sinar10",
          "parent": "Sinar6",
          "pivot": [
            0,
            34,
            0
          ],
          "rotation": [
            0,
            -87.5,
            0
          ],
          "cubes": [
            {
              "origin": [
                -4,
                31,
                0
              ],
              "size": [
                8,
                6,
                0
              ],
              "uv": [
                45,
                11
              ]
            }
          ]
        },
        {
          "name": "Sinar16",
          "parent": "Head",
          "pivot": [
            0,
            34,
            0
          ]
        },
        {
          "name": "Sinar17",
          "parent": "Sinar16",
          "pivot": [
            0,
            34,
            0
          ],
          "rotation": [
            0,
            -87.5,
            0
          ],
          "cubes": [
            {
              "origin": [
                -4,
                31,
                0
              ],
              "size": [
                8,
                6,
                0
              ],
              "uv": [
                45,
                11
              ]
            }
          ]
        },
        {
          "name": "Sinar18",
          "parent": "Sinar16",
          "pivot": [
            0,
            34,
            0
          ],
          "rotation": [
            0,
            -87.5,
            0
          ],
          "cubes": [
            {
              "origin": [
                -4,
                31,
                0
              ],
              "size": [
                8,
                6,
                0
              ],
              "uv": [
                45,
                11
              ]
            }
          ]
        },
        {
          "name": "Sinar19",
          "parent": "Sinar16",
          "pivot": [
            0,
            34,
            0
          ],
          "rotation": [
            0,
            -87.5,
            0
          ],
          "cubes": [
            {
              "origin": [
                -4,
                31,
                0
              ],
              "size": [
                8,
                6,
                0
              ],
              "uv": [
                45,
                11
              ]
            }
          ]
        },
        {
          "name": "Sinar20",
          "parent": "Sinar16",
          "pivot": [
            0,
            34,
            0
          ],
          "rotation": [
            0,
            -87.5,
            0
          ],
          "cubes": [
            {
              "origin": [
                -4,
                31,
                0
              ],
              "size": [
                8,
                6,
                0
              ],
              "uv": [
                45,
                11
              ]
            }
          ]
        },
        {
          "name": "Sinar11",
          "parent": "Head",
          "pivot": [
            0,
            34,
            0
          ]
        },
        {
          "name": "Sinar12",
          "parent": "Sinar11",
          "pivot": [
            0,
            34,
            0
          ],
          "rotation": [
            0,
            -87.5,
            0
          ],
          "cubes": [
            {
              "origin": [
                -4,
                31,
                0
              ],
              "size": [
                8,
                6,
                0
              ],
              "uv": [
                45,
                11
              ]
            }
          ]
        },
        {
          "name": "Sinar13",
          "parent": "Sinar11",
          "pivot": [
            0,
            34,
            0
          ],
          "rotation": [
            0,
            -87.5,
            0
          ],
          "cubes": [
            {
              "origin": [
                -4,
                31,
                0
              ],
              "size": [
                8,
                6,
                0
              ],
              "uv": [
                45,
                11
              ]
            }
          ]
        },
        {
          "name": "Sinar14",
          "parent": "Sinar11",
          "pivot": [
            0,
            34,
            0
          ],
          "rotation": [
            0,
            -87.5,
            0
          ],
          "cubes": [
            {
              "origin": [
                -4,
                31,
                0
              ],
              "size": [
                8,
                6,
                0
              ],
              "uv": [
                45,
                11
              ]
            }
          ]
        },
        {
          "name": "Sinar15",
          "parent": "Sinar11",
          "pivot": [
            0,
            34,
            0
          ],
          "rotation": [
            0,
            -87.5,
            0
          ],
          "cubes": [
            {
              "origin": [
                -4,
                31,
                0
              ],
              "size": [
                8,
                6,
                0
              ],
              "uv": [
                45,
                11
              ]
            }
          ]
        },
        {
          "name": "LeftLeg",
          "pivot": [
            2,
            16,
            0
          ],
          "cubes": [
            {
              "origin": [
                0.9,
                8,
                -2
              ],
              "size": [
                3,
                8,
                3
              ],
              "uv": [
                0,
                42
              ]
            },
            {
              "origin": [
                -0.1,
                11,
                -3
              ],
              "size": [
                4,
                5,
                0
              ],
              "uv": [
                43,
                51
              ]
            }
          ]
        },
        {
          "name": "bone4",
          "parent": "LeftLeg",
          "pivot": [
            2,
            8,
            -2
          ],
          "cubes": [
            {
              "origin": [
                0.9,
                0,
                -2
              ],
              "size": [
                3,
                8,
                3
              ],
              "uv": [
                41,
                21
              ]
            }
          ]
        }
      ]
    }
  ]
}