{
	"format_version": "1.12.0",
	"minecraft:geometry": [
		{
			"description": {
				"identifier": "geometry.ic_bullet_placeholder2",
				"texture_width": 32,
				"texture_height": 32,
				"visible_bounds_width": 3,
				"visible_bounds_height": 3,
				"visible_bounds_offset": [0, 0.5, 0]
			},
			"bones": [
				{
					"name": "root",
					"pivot": [0, 0, 0],
					"rotation": [0, -90, 0],
					"cubes": [
						{"origin": [0.1, -4, -4], "size": [0, 8, 8], "uv": [0, 0]}
					]
				},
				{
					"name": "glow",
					"parent": "root",
					"pivot": [0, 0, 0],
					"cubes": [
						{"origin": [0.0, -8, -8], "size": [0, 16, 16], "uv": [0, 0]}
					]
				}
			]
		}
	]
}