{
	"format_version": "1.12.0",
	"minecraft:geometry": [
		{
			"description": {
				"identifier": "geometry.ic_plunger",
				"texture_width": 64,
				"texture_height": 64,
				"visible_bounds_width": 2,
				"visible_bounds_height": 1.5,
				"visible_bounds_offset": [0, 0.25, 0]
			},
			"bones": [
				{
					"name": "plunger",
					"pivot": [0, 0, 0],
					"cubes": [
						{"origin": [-0.5, -0.5, -13], "size": [1, 1, 18], "uv": [0, 0]},
						{"origin": [-1, -1, -14.05], "size": [2, 2, 1], "uv": [0, 8]},
						{"origin": [-2.5, -2.5, -17], "size": [5, 5, 3], "uv": [0, 0]}
					]
				}
			]
		}
	]
}