{
	"format_version": [
		1,
		1,
		0
	],
	"mn:piano_upright_left": {
		"sound": "stone"
	},
	"mn:": {
		"sound": "stone"
	},
	"mn:piano_upright_right": {
		"sound": "stone"
	},
	"mn:double_monitor": {
		"sound": "stone"
	},
	"mn:midi_controller": {
		"sound": "stone"
	},
	"mn:laptop_sus": {
		"sound": "stone"
	},
	"mn:joystick": {
		"sound": "stone"
	},
	"mn:melodica": {
		"sound": "stone"
	},
	"mn:laptop_sus_close": {
		"sound": "stone"
	},
	"mn:pc_mono": {
		"sound": "stone"
	},
	"mn:computer_tower": {
		"sound": "stone"
	},
	"mn:ac": {
		"sound": "stone"
	},
	"mn:gantungan": {
		"sound": "stone"
	},
	"mn:kursi": {
		"sound": "stone"
	},
	"mn:mono_bed": {
		"sound": "stone"
	},
	"mn:mono_book1": {
		"sound": "stone"
	},
	"mn:mono_book2": {
		"sound": "stone"
	},
	"mn:mono_mirror": {
		"sound": "stone"
	},
	"mn:cermin": {
		"sound": "stone"
	}
}