{
	"entity_sounds": {
		"entities": {
			"mn:duduk": {
				"volume": 1,
				"pitch": [
					0.8,
					1.2
				],
				"events": {
					"ambient": "mob.duduk.say",
					"hurt": "mob.duduk.say",
					"death": "mob.duduk.death",
					"step": {
						"sound": "mob.duduk.step",
						"volume": 0.15,
						"pitch": 1
					},
					"boost": {
						"sound": "mob.duduk.boost",
						"volume": 1,
						"pitch": 1
					},
					"death.to.zombie": {
						"sound": "mob.duduk.death",
						"volume": 2
					}
				}
			}
		}
	}
}