{
  "format_version": "1.8.0",
  "minecraft:entity": {
    "description": {
      "identifier": "rg:fan150",
      "is_spawnable": true,
      "is_summonable": true,
      "is_experimental": false
    },
    "component_groups": {
	  "minecraft:blue": {
	    "minecraft:variant": {
		  "value": 0
		}
	  },
	  "minecraft:red": {
	    "minecraft:variant": {
		  "value": 1
		}
	  },
	  "minecraft:black": {
	    "minecraft:variant": {
		  "value": 2
     }
	  },
     "minecraft:yellow": {
	    "minecraft:variant": {
		  "value": 3
     }
	  },
     "minecraft:white": {
	    "minecraft:variant": {
		  "value": 4
		}
	  }
	},
    "components": {
      "minecraft:type_family": {
        "family": []
      },
      "minecraft:breathable": {
        "totalSupply": 15,
        "suffocateTime": 0
      },
      "minecraft:collision_box": {
        "height": 0.9,
        "width": 1.0
      },
     "minecraft:knockback_resistance": {
        "value": 100.0
      },
      "minecraft:movement": {
        "value": 0.27
      },
      "minecraft:navigation.walk": {
        "can_path_over_water": true
      },
      "minecraft:movement.basic": {},
      "minecraft:jump.static": {},
      "minecraft:health": {
        "value": 30,
        "max": 30
      },
      "minecraft:rideable": {
        "priority": 0,
        "seat_count": 2,
        "crouching_skip_interact": true,
        "family_types": [
          "player",
          "villager"
        ],
        "interact_text": "Drive",
        "seats": [
          {
            "position": [
              0.0,
              0.9,
              0.0
            ]
          },
          {
            "position": [
              0.0,
              0.9,
              0.0
            ],
            "min_rider_count": 0,
            "max_rider_count": 1
          }
        ],
        "pull_in_entities": false
      },
      "minecraft:input_ground_controlled": {},
      "minecraft:physics": {},
      "minecraft:experience_reward": {
        "on_death": "query.last_hit_by_player ? 10 : 0"
      },
      "minecraft:underwater_movement": {
        "value": 0.03
      },
      "minecraft:scale": {
        "value": 0.8
      },
      "minecraft:addrider": {
        "entity_type": null
      }
    },
	"events": {
	  "minecraft:entity_spawned": {
	    "sequence": [
		  {
            "randomize": [
              {
                "weight": 1,
                "sequence": [
                  {
                    "randomize": [
                      {
                        "weight": 80,
                        "add": { "component_groups": [ "minecraft:blue" ] }
                      },
                      {
                        "weight": 85,
                        "add": { "component_groups": [ "minecraft:red" ] }
                      },
                      {
                        "weight": 90,
                        "add": { "component_groups": [ "minecraft:black" ] }  
                      },
                      {
                        "weight": 95,
                        "add": { "component_groups": [ "minecraft:yellow" ] }  
                      },
                      {
                       "weight": 100,
                        "add": { "component_groups": [ "minecraft:white" ] }  
                      }
                    ]
                  }
                ]
              }
            ]
          }
        ]
      }
	}
  }
}