{
	"format_version": "1.10.0",
	"particle_effect": {
		"description": {
			"identifier": "j:fuga4",
			"basic_render_parameters": {
				"material": "particles_alpha",
				"texture": "textures/particle/particles"
			}
		},
		"components": {
			"minecraft:emitter_initialization": {
				"creation_expression": "variable.radius = 4;"
			},
			"minecraft:emitter_rate_steady": {
				"spawn_rate": 600,
				"max_particles": 800
			},
			"minecraft:emitter_lifetime_once": {
				"active_time": 1
			},
			"minecraft:emitter_shape_sphere": {
				"offset": [0, "variable.emitter_age*20", 0],
				"radius": 6,
				"direction": "outwards"
			},
			"minecraft:particle_lifetime_expression": {
				"max_lifetime": 1
			},
			"minecraft:particle_initial_speed": 3,
			"minecraft:particle_motion_dynamic": {},
			"minecraft:particle_appearance_billboard": {
				"size": ["(0.2+0.15*v.particle_random_2)*(1-variable.particle_age)", "(0.2+0.15*v.particle_random_2)*(1-variable.particle_age)"],
				"facing_camera_mode": "rotate_xyz",
				"uv": {
					"texture_width": 16,
					"texture_height": 16,
					"flipbook": {
						"base_UV": [0, 3],
						"size_UV": [1, 1],
						"step_UV": [1, 0],
						"frames_per_second": 3,
						"max_frame": 2
					}
				}
			},
			"minecraft:particle_appearance_tinting": {
				"color": [1, 1, 1, 1]
			}
		}
	}
}