{
	"format_version": "1.10.0",
	"particle_effect": {
		"description": {
			"identifier": "j:fuga3",
			"basic_render_parameters": {
				"material": "particles_alpha",
				"texture": "textures/particle/particles"
			}
		},
		"components": {
			"minecraft:emitter_initialization": {
				"creation_expression": "variable.radius = 6;"
			},
			"minecraft:emitter_rate_steady": {
				"spawn_rate": 60,
				"max_particles": 600
			},
			"minecraft:emitter_lifetime_once": {
				"active_time": 2
			},
			"minecraft:emitter_shape_sphere": {
				"offset": ["variable.radius*-math.sin(variable.emitter_age*720)", "variable.emitter_age*10", "variable.radius*math.cos(variable.emitter_age*720)"],
				"radius": 1,
				"direction": "outwards"
			},
			"minecraft:particle_lifetime_expression": {
				"max_lifetime": 1
			},
			"minecraft:particle_initial_speed": 1,
			"minecraft:particle_motion_dynamic": {},
			"minecraft:particle_appearance_billboard": {
				"size": ["(0.75+v.particle_random_2*1.5)*(1-variable.particle_age)", "(0.75+v.particle_random_2*1.5)*(1-variable.particle_age)"],
				"facing_camera_mode": "rotate_xyz",
				"uv": {
					"texture_width": 16,
					"texture_height": 16,
					"flipbook": {
						"base_UV": [0, 10],
						"size_UV": [1, 1],
						"step_UV": [1, 0],
						"frames_per_second": 18,
						"max_frame": 16
					}
				}
			},
			"minecraft:particle_appearance_tinting": {
				"color": ["v.particle_random_1*0.5+0.5", "v.particle_random_1*0.5+0.5", "v.particle_random_1*0.5+0.5", 1]
			}
		}
	}
}