{
	"format_version": "1.8.0",
	"minecraft:client_entity": {
		"description": {
			"identifier": "ktm:red",
			"materials": {
				"default": "enderman"
			},
			"textures": {
				"default": "textures/entity/ktm/ktm1290superduker_red"
			},
			"geometry": {
				"default": "geometry.ktm1290superduker"
			},
			"render_controllers": [
				"controller.render.ktm"
			],
			"animations": {
				"drive": "animation.ktm.drive",
				"turning": "animation.ktm.tilt",
				"up": "animation.ktm.up",
				"down": "animation.ktm.down"
			},
			"spawn_egg": {
				"texture": "ktm",
				"texture_index": 0
			},
			"animation_controllers": [
				{
					"general": "controller.animation.ktm.general"
				}
			]
		}
	}
}