{"format_version":"1.12.0","minecraft:geometry":[{"description":{"identifier":"geometry.yg_tv_man","texture_width":64,"texture_height":64,"visible_bounds_width":2,"visible_bounds_height":4.5,"visible_bounds_offset":[0,1.75,0]},"bones":[{"name":"Root"},{"name":"Body","pivot":[0,17,1],"cubes":[{"origin":[-4.32,26.71541,-1.91025],"size":[8.64,6.56,5.4],"pivot":[0,29.99541,0.78975],"rotation":[2.5,0,0],"uv":[22,17],"inflate":0},{"origin":[-3.5,20,-1.5],"size":[7,7,5],"uv":[22,28],"inflate":0},{"origin":[-3.92,16.82,-1.8],"size":[7.84,3.36,5.6],"uv":[28,0],"inflate":0}],"parent":"Root"},{"name":"Head","pivot":[0,33,0],"cubes":[{"origin":[-5,33,-3.5],"size":[10,9,8],"uv":[0,0],"inflate":0},{"origin":[-4,34,-3.4],"size":[8,7,0],"uv":[36,8],"inflate":0}],"parent":"Body","locators":{"lighting":[0,37.5,-3],"lighting2":[0,37.5,-3]}},{"name":"Rightarm","pivot":[-4.5,32,1],"cubes":[{"origin":[-7,25,-0.5],"size":[3,8,3],"uv":[44,37],"inflate":0}],"parent":"Body"},{"name":"bone","pivot":[-5.5,25.5,1],"cubes":[{"origin":[-7.18,15.4,-0.68],"size":[3.36,10.2,3.36],"uv":[32,40],"inflate":0}],"parent":"Rightarm"},{"name":"Leftarm","pivot":[4.5,32,1],"cubes":[{"origin":[4,25,-0.5],"size":[3,8,3],"uv":[44,37],"inflate":0,"mirror":true}],"parent":"Body"},{"name":"bone3","pivot":[5.5,25.5,1],"cubes":[{"origin":[3.82,15.4,-0.68],"size":[3.36,10.2,3.36],"uv":[32,40],"inflate":0,"mirror":true}],"parent":"Leftarm"},{"name":"Rightleg","pivot":[-2,17,1],"cubes":[{"origin":[-4,9,-1],"size":[4,8,4],"uv":[16,40],"inflate":0},{"origin":[-4.44855,7.98741,-2],"size":[5,12,6],"pivot":[-1.94855,13.98741,1],"rotation":[0,0,5],"uv":[0,17],"inflate":0}],"parent":"Root"},{"name":"bone2","pivot":[-2,9.5,0.98],"cubes":[{"origin":[-4.18,-0.6,-1.2],"size":[4.36,10.2,4.36],"uv":[0,35],"inflate":0}],"parent":"Rightleg"},{"name":"Leftleg","pivot":[2,17,1],"cubes":[{"origin":[0,9,-1],"size":[4,8,4],"uv":[16,40],"inflate":0,"mirror":true},{"origin":[-0.55145,7.98741,-2],"size":[5,12,6],"pivot":[1.94855,13.98741,1],"rotation":[0,0,-5],"uv":[0,17],"inflate":0,"mirror":true}],"parent":"Root"},{"name":"bone4","pivot":[2,9.5,0.98],"cubes":[{"origin":[-0.18,-0.6,-1.2],"size":[4.36,10.2,4.36],"uv":[0,35],"inflate":0,"mirror":true}],"parent":"Leftleg"}]}]}