
{
  "format_version": "1.16.0",
  "minecraft:entity": {
    "description": {
      "identifier": "add:push_block",
      "is_spawnable": false,
      "is_summonable": true,
      "is_experimental": false
    },
    "component_groups": {
      "minecraft:despawn": {
        "minecraft:instant_despawn": {}
      },
      "minecraft:strength3": {
         "minecraft:behavior.knockback_roar": {
          "priority": 0,
          "attack_time": 0.3,
          "cooldown_time": 0.1,
          "duration": 0.3,
          "knockback_damage": 0,
          "knockback_strength": 4,
          "knockback_range": 3,
          "knockback_filters": {
            "all_of": [
              { "test": "is_family", "subject": "other", "operator": "==", "value": "impacted_block" }
            ]
          },
          "damage_filters": {
            "all_of": [
              { "test": "is_family", "subject": "self", "operator": "==", "value": "none" }
            ]
          },
          "on_roar_end": {
            "event": "minecraft:despawn"
          }
        }
      },
      "minecraft:strength4": {
         "minecraft:behavior.knockback_roar": {
          "priority": 0,
          "attack_time": 0.1,
          "cooldown_time": 0.1,
          "duration": 0.1,
          "knockback_damage": 0,
          "knockback_strength": 3,
          "knockback_range": 2.0,
          "knockback_filters": {
            "all_of": [
              { "test": "is_family", "subject": "other", "operator": "!=", "value": "player" }
            ]
          },
          "damage_filters": {
            "all_of": [
              { "test": "is_family", "subject": "self", "operator": "!=", "value": "mob" }
            ]
          },
          "on_roar_end": {
            "event": "minecraft:despawn"
          }
        }
      },
      "minecraft:strength2": {
        "minecraft:behavior.knockback_roar": {
          "priority": 0,
          "attack_time": 0.1,
          "cooldown_time": 0.1,
          "duration": 0.1,
          "knockback_damage": 0,
          "knockback_strength": 2,
          "knockback_range": 2.0,
          "knockback_filters": {
            "all_of": [
              { "test": "is_family", "subject": "other", "operator": "!=", "value": "player" }
            ]
          },
          "damage_filters": {
            "all_of": [
              { "test": "is_family", "subject": "self", "operator": "!=", "value": "mob" }
            ]
          },
          "on_roar_end": {
            "event": "minecraft:despawn"
          }
        }
      },
      "minecraft:strength1": {
        "minecraft:behavior.knockback_roar": {
          "priority": 0,
          "attack_time": 0.1,
          "cooldown_time": 0.1,
          "duration": 0.1,
          "knockback_damage": 0,
          "knockback_strength": 1,
          "knockback_range": 2.0,
          "knockback_filters": {
            "all_of": [
              { "test": "is_family", "subject": "other", "operator": "!=", "value": "player" }
            ]
          },
          "damage_filters": {
            "all_of": [
              { "test": "is_family", "subject": "self", "operator": "!=", "value": "mob" }
            ]
          },
          "on_roar_end": {
            "event": "minecraft:despawn"
          }
        }
      }
    },
    "components": {
      "minecraft:type_family": {
        "family": [
          "inanimate"
        ]
      },
      "minecraft:damage_sensor": {
        "triggers": [
          {
            "cause": "all",
            "deals_damage": false
          }
        ]
      },
      "minecraft:behavior.knockback_roar": {
        "priority": 0,
        "attack_time": 0.3,
        "cooldown_time": 0.1,
        "duration": 0.3,
        "knockback_damage": 0,
        "knockback_strength": 3,
        "knockback_range": 4,
        "knockback_filters": {
          "all_of": [
            { "test": "is_family", "subject": "other", "operator": "==", "value": "impacted_block" }
          ]
        },
        "damage_filters": {
          "all_of": [
            { "test": "is_family", "subject": "self", "operator": "==", "value": "none" }
          ]
        },
        "on_roar_end": {
          "event": "minecraft:despawn"
        }
      },
      "minecraft:fire_immune": {
      },
      "minecraft:collision_box": {
        "height": 0.01,
        "width": 0.01
      },
      "minecraft:physics": {
        "has_gravity": false
      },
      "minecraft:health": {
        "value": 1
      },
      "minecraft:is_hidden_when_invisible": {},
      "minecraft:pushable": {
        "is_pushable": false,
        "is_pushable_by_piston": false
      }
    },
    "events": {
      "minecraft:strength1": {
        "add": {
          "component_groups": [ "minecraft:strength1" ]
        }
      },
      "minecraft:strength2": {
        "add": {
          "component_groups": [ "minecraft:strength2" ]
        }
      },
      "minecraft:strength3": {
        "add": {
          "component_groups": [ "minecraft:strength3" ]
        }
      },
      "minecraft:despawn": {
        "add": {
          "component_groups": [
            "minecraft:despawn"
          ]
        }
      }
    }
  }
}