{
  "format_version": "1.10.0",
  "minecraft:client_entity": {
    "description": {
      "identifier": "afdal_official:jet_bus_27trans_shd",
      "textures": {
        "default": "textures/entity/pamobile/afdal_official_jet_bus_27trans_shd"
      },
      "materials": {
        "default": "skeleton"
      },
      "geometry": {
        "default": "geometry.afdal_official_jet_bus_27trans_shd"
      },
      "render_controllers": [
        "controller.render.translucence"
      ],
      "spawn_egg": {
        "texture": "afdal_official:jet_bus_27trans_shd",
        "texture_index": 0
      },
      "animations": {
        "walk": "animation.afdal_official_jet_bus_27trans_shd.walk",
        "idle": "animation.afdal_official_jet_bus_27trans_shd.idle"
      },
      "scripts": {
        "animate": [
          "root",
          {
            "walk": "query.is_moving"
          },
          {
            "idle": "!query.is_moving"
          }
        ]
      }
    }
  }
}