{"format_version":"1.8.0","animations":{"animation.yg_infected_big_camera_man.general":{"loop":true,"animation_length":2,"bones":{"Body":{"rotation":{"0.0":{"post":[2.5,0,0],"lerp_mode":"catmullrom"},"1.0":{"post":[5,0,0],"lerp_mode":"catmullrom"},"1.5":{"post":[5,0,0],"lerp_mode":"catmullrom"},"2.0":{"post":[2.5,0,0],"lerp_mode":"catmullrom"}}},"Head":{"rotation":{"0.0":{"post":[0,0,-7.5],"lerp_mode":"catmullrom"},"0.0417":{"post":[0,0,12.5],"lerp_mode":"catmullrom"},"0.0833":{"post":[0,0,-15],"lerp_mode":"catmullrom"},"1.0":{"post":[0,0,0],"lerp_mode":"catmullrom"},"1.0417":{"post":[0,0,-7.5],"lerp_mode":"catmullrom"},"1.0833":{"post":[0,0,2.5],"lerp_mode":"catmullrom"},"1.125":{"post":[0,0,-7.5],"lerp_mode":"catmullrom"},"1.1667":{"post":[0,0,5],"lerp_mode":"catmullrom"},"1.875":{"post":[0,0,4.14108],"lerp_mode":"catmullrom"},"1.9167":{"post":[0,0,-9.14474],"lerp_mode":"catmullrom"},"1.9583":{"post":[0,0,0.625],"lerp_mode":"catmullrom"},"2.0":{"post":[0,0,-7.5],"lerp_mode":"catmullrom"}}},"Rightarm":{"rotation":{"0.0":{"post":[4.98107,-0.43523,4.98107],"lerp_mode":"catmullrom"},"1.0":{"post":[4.92442,-0.86717,9.96271],"lerp_mode":"catmullrom"},"2.0":{"post":[4.98107,-0.43523,4.98107],"lerp_mode":"catmullrom"}}},"bone":{"rotation":{"0.0":{"post":[-12.5,0,0],"lerp_mode":"catmullrom"},"1.0":{"post":[-20,0,0],"lerp_mode":"catmullrom"},"2.0":{"post":[-12.5,0,0],"lerp_mode":"catmullrom"}}},"Leftarm":{"rotation":{"0.0":{"post":[4.98107,0.43523,-4.98107],"lerp_mode":"catmullrom"},"1.0":{"post":[4.92442,0.86717,-9.96271],"lerp_mode":"catmullrom"},"2.0":{"post":[4.98107,0.43523,-4.98107],"lerp_mode":"catmullrom"}}},"bone4":{"rotation":{"0.0":{"post":[-12.5,0,0],"lerp_mode":"catmullrom"},"1.0":{"post":[-17.5,0,0],"lerp_mode":"catmullrom"},"2.0":{"post":[-12.5,0,0],"lerp_mode":"catmullrom"}}}},"particle_effects":{"0.0":{"effect":"infection","locator":"infection"}}},"animation.yg_infected_big_camera_man.looking":{"loop":true,"bones":{"Head":{"rotation":{"0.0":{"post":["query.target_x_rotation-this","query.target_y_rotation-this",0],"lerp_mode":"catmullrom"}}}}},"animation.yg_infected_big_camera_man.move":{"loop":true,"animation_length":1,"anim_time_update":"query.modified_distance_moved * 0.1","bones":{"Root":{"position":{"0.0":{"post":[0,0,0],"lerp_mode":"catmullrom"},"0.25":{"post":[0,-1,0],"lerp_mode":"catmullrom"},"0.5":{"post":[0,0,0],"lerp_mode":"catmullrom"},"0.75":{"post":[0,-1,0],"lerp_mode":"catmullrom"},"1.0":{"post":[0,0,0],"lerp_mode":"catmullrom"}}},"Body":{"rotation":{"0.0":{"post":[0,2.5,0],"lerp_mode":"catmullrom"},"0.25":{"post":[0.01363,-0.3122,-2.50004],"lerp_mode":"catmullrom"},"0.5":{"post":[0,-2.5,0],"lerp_mode":"catmullrom"},"0.75":{"post":[-0.00682,-0.13657,2.65626],"lerp_mode":"catmullrom"},"1.0":{"post":[0,2.5,0],"lerp_mode":"catmullrom"}}},"Rightarm":{"rotation":{"0.0":{"post":[2.5,0,0],"lerp_mode":"catmullrom"},"0.5":{"post":[-2.5,0,0],"lerp_mode":"catmullrom"},"1.0":{"post":[2.5,0,0],"lerp_mode":"catmullrom"}}},"Leftarm":{"rotation":{"0.0":{"post":[-2.5,0,0],"lerp_mode":"catmullrom"},"0.5":{"post":[2.5,0,0],"lerp_mode":"catmullrom"},"1.0":{"post":[-2.5,0,0],"lerp_mode":"catmullrom"}}},"Rightleg":{"rotation":{"0.0":{"post":[-12.5,0,0],"lerp_mode":"catmullrom"},"0.5":{"post":[7.5,0,0],"lerp_mode":"catmullrom"},"1.0":{"post":[-12.5,0,0],"lerp_mode":"catmullrom"}},"position":{"0.0":{"post":[0,0,-1],"lerp_mode":"catmullrom"},"0.25":{"post":[0,0,0],"lerp_mode":"catmullrom"},"0.5":{"post":[0,0,1],"lerp_mode":"catmullrom"},"0.75":{"post":[0,3,0],"lerp_mode":"catmullrom"},"1.0":{"post":[0,0,-1],"lerp_mode":"catmullrom"}}},"bone2":{"rotation":{"0.0":{"post":[12.5,0,0],"lerp_mode":"catmullrom"},"0.5":{"post":[10,0,0],"lerp_mode":"catmullrom"},"0.75":{"post":[0,0,0],"lerp_mode":"catmullrom"},"1.0":{"post":[12.5,0,0],"lerp_mode":"catmullrom"}}},"Leftleg":{"rotation":{"0.0":{"post":[7.5,0,0],"lerp_mode":"catmullrom"},"0.5":{"post":[-12.5,0,0],"lerp_mode":"catmullrom"},"1.0":{"post":[7.5,0,0],"lerp_mode":"catmullrom"}},"position":{"0.0":{"post":[0,0,1],"lerp_mode":"catmullrom"},"0.25":{"post":[0,3,0],"lerp_mode":"catmullrom"},"0.5":{"post":[0,0,-1],"lerp_mode":"catmullrom"},"0.75":{"post":[0,0,0],"lerp_mode":"catmullrom"},"1.0":{"post":[0,0,1],"lerp_mode":"catmullrom"}}},"bone3":{"rotation":{"0.0":{"post":[10,0,0],"lerp_mode":"catmullrom"},"0.25":{"post":[0,0,0],"lerp_mode":"catmullrom"},"0.5":{"post":[12.5,0,0],"lerp_mode":"catmullrom"},"1.0":{"post":[10,0,0],"lerp_mode":"catmullrom"}}}}},"animation.yg_infected_big_camera_man.attack":{"animation_length":1,"bones":{"Body":{"rotation":{"0.0":{"post":[0,0,0],"lerp_mode":"catmullrom"},"0.1667":{"post":[-12.5,0,0],"lerp_mode":"catmullrom"},"0.3333":{"post":[40,0,0],"lerp_mode":"catmullrom"},"0.6667":{"post":[40,0,0],"lerp_mode":"catmullrom"},"1.0":{"post":[0,0,0],"lerp_mode":"catmullrom"}}},"Head":{"rotation":{"0.0":{"post":[0,0,0],"lerp_mode":"catmullrom"},"0.1667":{"post":[10,0,0],"lerp_mode":"catmullrom"},"0.3333":{"post":[-20,0,0],"lerp_mode":"catmullrom"},"0.6667":{"post":[-20,0,0],"lerp_mode":"catmullrom"},"1.0":{"post":[0,0,0],"lerp_mode":"catmullrom"}}},"Rightarm":{"rotation":{"0.0":{"post":[0,0,0],"lerp_mode":"catmullrom"},"0.1667":{"post":[-119.97012,-10.36396,2.89858],"lerp_mode":"catmullrom"},"0.3333":{"post":[30.48005,-11.86554,19.25656],"lerp_mode":"catmullrom"},"0.6667":{"post":[30.48005,-11.86554,19.25656],"lerp_mode":"catmullrom"},"1.0":{"post":[0,0,0],"lerp_mode":"catmullrom"}}},"bone":{"rotation":{"0.0":{"post":[0,0,0],"lerp_mode":"catmullrom"},"0.1667":{"post":[-97.5,0,0],"lerp_mode":"catmullrom"},"0.3333":{"post":[-52.5,0,0],"lerp_mode":"catmullrom"},"0.6667":{"post":[-52.5,0,0],"lerp_mode":"catmullrom"},"1.0":{"post":[0,0,0],"lerp_mode":"catmullrom"}}},"Leftarm":{"rotation":{"0.0":{"post":[0,0,0],"lerp_mode":"catmullrom"},"0.1667":{"post":[-119.54909,4.85723,-5.7723],"lerp_mode":"catmullrom"},"0.3333":{"post":[40,0,-20],"lerp_mode":"catmullrom"},"0.6667":{"post":[40,0,-20],"lerp_mode":"catmullrom"},"1.0":{"post":[0,0,0],"lerp_mode":"catmullrom"}}},"bone4":{"rotation":{"0.0":{"post":[0,0,0],"lerp_mode":"catmullrom"},"0.1667":{"post":[-97.5,0,0],"lerp_mode":"catmullrom"},"0.3333":{"post":[-60,0,0],"lerp_mode":"catmullrom"},"0.6667":{"post":[-60,0,0],"lerp_mode":"catmullrom"},"1.0":{"post":[0,0,0],"lerp_mode":"catmullrom"}}}}},"animation.yg_infected_big_camera_man.attack2":{"animation_length":1,"bones":{"Body":{"rotation":{"0.0":{"post":[0,0,0],"lerp_mode":"catmullrom"},"0.1667":{"post":[0,20,0],"lerp_mode":"catmullrom"},"0.3333":{"post":[20,-27.5,0],"lerp_mode":"catmullrom"},"0.6667":{"post":[20,-27.5,0],"lerp_mode":"catmullrom"},"1.0":{"post":[0,0,0],"lerp_mode":"catmullrom"}}},"Head":{"rotation":{"0.0":{"post":[0,0,0],"lerp_mode":"catmullrom"},"0.1667":{"post":[0,-17.5,0],"lerp_mode":"catmullrom"},"0.3333":{"post":[0,12.5,0],"lerp_mode":"catmullrom"},"0.6667":{"post":[0,12.5,0],"lerp_mode":"catmullrom"},"1.0":{"post":[0,0,0],"lerp_mode":"catmullrom"}}},"Rightarm":{"rotation":{"0.0":{"post":[0,0,0],"lerp_mode":"catmullrom"},"0.1667":{"post":[25,0,17.5],"lerp_mode":"catmullrom"},"0.3333":{"post":[-28.56818,-45.84515,6.6812],"lerp_mode":"catmullrom"},"0.6667":{"post":[-28.56818,-45.84515,6.6812],"lerp_mode":"catmullrom"},"1.0":{"post":[0,0,0],"lerp_mode":"catmullrom"}}},"bone":{"rotation":{"0.0":{"post":[0,0,0],"lerp_mode":"catmullrom"},"0.1667":{"post":[-32.5,0,0],"lerp_mode":"catmullrom"},"0.3333":{"post":[-44.31282,-8.80348,-8.90928],"lerp_mode":"catmullrom"},"0.6667":{"post":[-44.31282,-8.80348,-8.90928],"lerp_mode":"catmullrom"},"1.0":{"post":[0,0,0],"lerp_mode":"catmullrom"}}},"Leftarm":{"rotation":{"0.0":{"post":[0,0,0],"lerp_mode":"catmullrom"},"0.1667":{"post":[-51.09394,-14.7604,-20.36945],"lerp_mode":"catmullrom"},"0.3333":{"post":[0.60989,-11.08964,-21.55183],"lerp_mode":"catmullrom"},"0.6667":{"post":[0.60989,-11.08964,-21.55183],"lerp_mode":"catmullrom"},"1.0":{"post":[0,0,0],"lerp_mode":"catmullrom"}}},"bone4":{"rotation":{"0.0":{"post":[0,0,0],"lerp_mode":"catmullrom"},"0.1667":{"post":[-7.5,0,0],"lerp_mode":"catmullrom"},"0.3333":{"post":[-35,0,0],"lerp_mode":"catmullrom"},"0.6667":{"post":[-35,0,0],"lerp_mode":"catmullrom"},"1.0":{"post":[0,0,0],"lerp_mode":"catmullrom"}}}}},"animation.yg_infected_big_camera_man.attack3":{"animation_length":1,"bones":{"Body":{"rotation":{"0.0":{"post":[0,0,0],"lerp_mode":"catmullrom"},"0.1667":{"post":[0,-22.5,0],"lerp_mode":"catmullrom"},"0.3333":{"post":[15.5722,19.73547,2.05683],"lerp_mode":"catmullrom"},"0.6667":{"post":[15.5722,19.73547,2.05683],"lerp_mode":"catmullrom"},"1.0":{"post":[0,0,0],"lerp_mode":"catmullrom"}}},"Head":{"rotation":{"0.0":{"post":[0,0,0],"lerp_mode":"catmullrom"},"0.1667":{"post":[0,20,0],"lerp_mode":"catmullrom"},"0.3333":{"post":[0,-15,0],"lerp_mode":"catmullrom"},"0.6667":{"post":[0,-15,0],"lerp_mode":"catmullrom"},"1.0":{"post":[0,0,0],"lerp_mode":"catmullrom"}}},"Rightarm":{"rotation":{"0.0":{"post":[0,0,0],"lerp_mode":"catmullrom"},"0.1667":{"post":[5,0,20],"lerp_mode":"catmullrom"},"0.3333":{"post":[17.45744,0.65182,12.52822],"lerp_mode":"catmullrom"},"0.6667":{"post":[17.45744,0.65182,12.52822],"lerp_mode":"catmullrom"},"1.0":{"post":[0,0,0],"lerp_mode":"catmullrom"}}},"bone":{"rotation":{"0.0":{"post":[0,0,0],"lerp_mode":"catmullrom"},"0.1667":{"post":[-20,0,0],"lerp_mode":"catmullrom"},"0.3333":{"post":[-45,0,0],"lerp_mode":"catmullrom"},"0.6667":{"post":[-45,0,0],"lerp_mode":"catmullrom"},"1.0":{"post":[0,0,0],"lerp_mode":"catmullrom"}}},"Leftarm":{"rotation":{"0.0":{"post":[0,0,0],"lerp_mode":"catmullrom"},"0.1667":{"post":[-63.21865,-20.29348,-9.92926],"lerp_mode":"catmullrom"},"0.3333":{"post":[-46.00359,46.11697,4.69155],"lerp_mode":"catmullrom"},"0.6667":{"post":[-46.00359,46.11697,4.69155],"lerp_mode":"catmullrom"},"1.0":{"post":[0,0,0],"lerp_mode":"catmullrom"}}},"bone4":{"rotation":{"0.0":{"post":[0,0,0],"lerp_mode":"catmullrom"},"0.1667":{"post":[-90,0,0],"lerp_mode":"catmullrom"},"0.3333":{"post":[-31.28223,9.29798,14.89149],"lerp_mode":"catmullrom"},"0.6667":{"post":[-31.28223,9.29798,14.89149],"lerp_mode":"catmullrom"},"1.0":{"post":[0,0,0],"lerp_mode":"catmullrom"}}}}}}}