{
    "format_version": "1.10.0",
    "animation_controllers": {
        "controller.animation.liaz": {
            "states": {
                "default": {
                    "variables": {
                        "moving_speed": {
                            "input": "query.modified_move_speed"
                        },
                        "door": {
                            "input": "query.has_rider"
                        }
                    },
                    "animations": [
                        "turning",
                        {
                            "drive": "variable.moving_speed"
                        },
                        {
                            "door_is_close": "variable.door"
                        }
                    ]
                }
            }
        },
        "controller.animation.liaz.block": {
            "initial_state": "default",
            "states": {
                "up": {
                    "animations": [
                        "up"
                    ],
                    "blend_transition": 0.2,
                    "transitions": [
                        {
                            "default": "query.vertical_speed <= 1"
                        }
                    ]
                },
                "down": {
                    "animations": [
                        "down"
                    ],
                    "blend_transition": 0.2,
                    "transitions": [
                        {
                            "default": "query.vertical_speed >= -1"
                        }
                    ]
                },
                "default": {
                    "blend_transition": 0.2,
                    "transitions": [
                        {
                            "up": "query.vertical_speed > 1"
                        },
                        {
                            "down": "query.vertical_speed < -1"
                        }
                    ]
                }
            }
        }
    }
}