{
    "format_version": "1.19.50",
	"minecraft:item": {
		"description": {
			"identifier": "rai:skill",
            "category": "Nature"
		},
        "components": {
            "minecraft:should_despawn": false,
            "minecraft:explodable": false,
            "minecraft:creative_category": {
                "parent": "itemGroup.name.jujutsu"
            },
            "minecraft:icon": {
                "texture": "skill"
            },
            "minecraft:render_offsets": {
				"main_hand": {
					"third_person": {
						"scale": [0, 0, 0]
					},
					"first_person": {
						"scale": [0, 0, 0]
					}
				},
				"off_hand": {
					"third_person": {
						"scale": [0, 0, 0]
					},
					"first_person": {
						"scale": [0, 0, 0]
					}
				}
			},
            "minecraft:damage": -1000,
            "minecraft:on_use":{
                "on_use": {
                    "event": "skill"
                }
            },
            "minecraft:max_stack_size": 1,
            "minecraft:can_destroy_in_creative": false
        },
        "events": {
            "skill": {
                "swing": {},
                "run_command": {
                    "command": [
                        "execute as @s[scores={skill_num=4}] run function jutsushiki/skill"
                    ]
                }
            }
        }
    }
}