{
    "format_version": "1.19.50",
    "minecraft:item": {
        "description": {
            "identifier": "rai:murasaki_book",
            "category": "Items"
        },
        "components": {
            "minecraft:creative_category": {
                "parent": "itemGroup.name.jujutsu"
            },
            "minecraft:icon": {
                "texture": "reference_book"
            },
            "minecraft:render_offsets": {
				"main_hand": {
					"third_person": {
						"scale": [0.0225, 0.0225, 0.0225]
					},
					"first_person": {
						"scale": [0.0085, 0.0085, 0.0085]
					}
				},
				"off_hand": {
					"third_person": {
						"scale": [0.0225, 0.0225, 0.0225]
					},
					"first_person": {
						"scale": [0.0085, 0.0085, 0.0085]
					}
				}
			},
            "minecraft:cooldown": {
                "category": "reference_book",
                "duration": 1
            },
            "minecraft:on_use":{
                "on_use": {
                    "event": "reference_book"
                }
            },
            "minecraft:foil": true,
            "minecraft:max_stack_size": 1,
            "minecraft:can_destroy_in_creative": false
        },
        "events": {
            "reference_book": {
                "run_command": {
                    "command": [
                        "function tag/mukagen/murasaki"
                    ]
                }
            }
        }
    }
}
