{
    "format_version": "1.19.50",
	"minecraft:item": {
		"description": {
			"identifier": "rai:raichu_book",
            "category": "Items"
		},
        "components": {
            "minecraft:should_despawn": false,
            "minecraft:explodable": false,
            "tag:jutsushiki": {},
            "minecraft:creative_category": {
                "parent": "itemGroup.name.jujutsu"
            },
            "minecraft:icon": {
                "texture": "raichu_book"
            },
            "minecraft:render_offsets": {
				"main_hand": {
					"third_person": {
						"scale": [0.0225, 0.0225, 0.0225]
					},
					"first_person": {
						"scale": [0.0085, 0.0085, 0.0085]
					}
				},
				"off_hand": {
					"third_person": {
						"scale": [0.0225, 0.0225, 0.0225]
					},
					"first_person": {
						"scale": [0.0085, 0.0085, 0.0085]
					}
				}
			},
            "minecraft:cooldown": {
                "category": "raichu_book",
                "duration": 1
            },
            "minecraft:on_use":{
                "on_use": {
                    "event": "raichu_book"
                }
            },
            "minecraft:max_stack_size": 1,
            "minecraft:can_destroy_in_creative": false
        },
        "events": {
            "raichu_book": {
                "swing": {},
                "run_command": {
                    "command": [
                        "function items/raichu_book"
                    ]
                }
            }
        }
    }
}