{
  "format_version": "1.10.0",
  "geometry.destructive_tnt_fake__survival": {
    "texturewidth": 64,
    "textureheight": 32,
    "visible_bounds_width": 1,
    "visible_bounds_height": 1,
    "visible_bounds_offset": [
      0,
      0.5,
      0
    ],
    "bones": [
      {
        "name": "pa_block",
        "pivot": [
          0,
          8,
          0
        ],
        "cubes": [
          {
            "origin": [
              -8.0,
              0.0,
              -8.0
            ],
            "size": [
              16.0,
              16.0,
              16.0
            ],
            "rotation": [
              0.0,
              0.0,
              0.0
            ],
            "uv": [
              0,
              0
            ],
            "inflate": 0
          }
        ],
        "rotation": [
          0,
          0,
          0
        ],
        "bind_pose_rotation": [
          0,
          0,
          0
        ]
      }
    ]
  }
}