{
  "destructive:small_tnt_survival": {
    "textures": "destructive_small_tnt_survival",
    "sound": "sand"
  },
  "destructive:fire_tnt_survival": {
    "textures": "destructive_fire_tnt_survival",
    "sound": "grass"
  },
  "destructive:giant_tnt": {
    "textures": "destructive_giant_tnt",
    "sound": "grass"
  },
  "destructive:knockback_tnt_survival": {
    "textures": "destructive_knockback_tnt_survival",
    "sound": "sand"
  },
  "destructive:napalm_survival": {
    "textures": "destructive_napalm_survival",
    "sound": "sand"
  },
  "destructive:nuke_survival": {
    "textures": "destructive_nuke_survival",
    "sound": "sand"
  },
  "destructive:tnt_fast__survival": {
    "textures": "destructive_tnt_fast__survival",
    "sound": "sand"
  },
  "destructive:god_tnt_survival": {
    "textures": "destructive_god_tnt_survival",
    "sound": "sand"
  },
  "destructive:x500_tnt_survival": {
    "textures": "destructive_x500_tnt_survival",
    "sound": "sand"
  },
  "destructive:tnt_fake__survival": {
    "textures": "destructive_tnt_fake__survival",
    "sound": "sand"
  },
  "destructive:bad_quality_tnt_survival": {
    "textures": "destructive_bad_quality_tnt_survival",
    "sound": "sand"
  },
  "destructive:no_texture_tnt_survival": {
    "textures": "destructive_no_texture_tnt_survival",
    "sound": "sand"
  },
  "destructive:x100_tnt_survival": {
    "textures": "destructive_x100_tnt_survival",
    "sound": "sand"
  },
  "destructive:x20_tnt_survival": {
    "textures": "destructive_x20_tnt_survival",
    "sound": "grass"
  },
  "destructive:x50_tnt_survival": {
    "textures": "destructive_x50_tnt_survival",
    "sound": "sand"
  },
  "destructive:x5_tnt__survival": {
    "textures": "destructive_x5_tnt__survival",
    "sound": "normal"
  },
  "destructive:fast_tnt_x15_survival": {
    "textures": "destructive_fast_tnt_x15_survival",
    "sound": "normal"
  },
  "destructive:mining_tnt_survival": {
    "textures": "destructive_mining_tnt_survival",
    "sound": "sand"
  },
  "format_version": [
    1,
    1,
    0
  ]
}