{
  "format_version": 1,
  "header": {
    "description": "Adds 17 new TNT’s to your Minecraft game, x5, x20, x50, x100, x500, napalm, nuke, fast, no texture, fake, small, mining, god, bad quality, Knockback, Fire, and Fast TNT X15! Use function “TNT_Destructive_Function” to get the TNTs, Inspired by TOO MUCH TNT MOD for Java Edition and old versions of BlockLauncher. Made by lasokar",
    "name": "TNT Destructive Addon",
    "uuid": "421623fb-acb1-4d4f-99f2-008069f1a3b5",
    "version": [
      0,
      0,
      1
    ],
    "min_engine_version": [
      1,
      8,
      0
    ]
  },
  "modules": [
    {
      "description": "Adds 17 new TNT’s to your Minecraft game, x5, x20, x50, x100, x500, napalm, nuke, fast, no texture, fake, small, mining, god, bad quality, Knockback, Fire, and Fast TNT X15! Use function “TNT_Destructive_Function” to get the TNTs, Inspired by TOO MUCH TNT MOD for Java Edition and old versions of BlockLauncher. Made by lasokar",
      "type": "resources",
      "uuid": "a04f74f2-fe2a-4dd1-9499-e71979234dc0",
      "version": [
        0,
        0,
        1
      ]
    }
  ],
  "dependencies": [
    {
      "uuid": "4ed3bdbc-65b9-4f11-9d5d-dae5f6417550",
      "version": [
        0,
        0,
        1
      ]
    }
  ]
}