{
  "format_version": "1.10.0",
  "geometry.destructive_tnt_x5_survival": {
    "texturewidth": 64,
    "textureheight": 32,
    "visible_bounds_width": 1,
    "visible_bounds_height": 1,
    "visible_bounds_offset": [
      0,
      0.5,
      0
    ],
    "bones": [
      {
        "name": "pa_block",
        "pivot": [
          0,
          8,
          0
        ],
        "cubes": [],
        "rotation": [
          0,
          0,
          0
        ],
        "bind_pose_rotation": [
          0,
          0,
          0
        ]
      }
    ]
  }
}