{
  "format_version": "1.8.0",
  "animations": {
    "animation.iron_golem.attack": {
      "loop": true,
      "bones": {
        "arm0": {
          "rotation": [
            "-114 + ((1.5 * math.abs(math.mod(variable.attack_animation_tick - query.frame_alpha, 10) - 5) - 2.5) / 5) * 57.3",
            0,
            0
          ]
        },
        "arm1": {
          "rotation": [
            "-114 + ((1.5 * math.abs(math.mod(variable.attack_animation_tick - query.frame_alpha, 10) - 5) - 2.5) / 5) * 57.3",
            0,
            0
          ]
        }
      }
    },
    "animation.c_cameramen.flower": {
      "loop": true,
      "bones": {
        "arm0": {
          "rotation": [
            "-45.8 + ((0.25 * math.abs(math.mod(variable.offer_flower_tick, 70) - 35) - 17.5) / 35)",
            0,
            0
          ]
        }
      }
    },
    "animation.c_cameramen.move": {
      "loop": true,
      "bones": {
        "arm0": {
          "rotation": [
            "-variable.modified_tcos0 * 2.0",
            0,
            0
          ]
        },
        "arm1": {
          "rotation": [
            "variable.modified_tcos0 * 2.0",
            0,
            0
          ]
        }
      }
    },
    "animation.iron_golem.move_to_target": {
      "loop": true,
      "bones": {
        "arm0": {
          "rotation": [
            "((math.abs(math.mod(query.modified_distance_moved, 13) - 6.5) - 3.25) / 2.25) * 30.0",
            0,
            0
          ]
        },
        "arm1": {
          "rotation": [
            "((math.abs(math.mod(query.modified_distance_moved, 13) - 6.5) - 3.25) / 2.25) * -30.0",
            0,
            0
          ]
        }
      }
    },
    "animation.iron_golem.walk": {
      "loop": true,
      "bones": {
        "body": {
          "rotation": [
            0,
            0,
            "variable.modified_tcos0 / 1.5"
          ]
        },
        "head": {
          "rotation": [
            0,
            0,
            "variable.modified_tcos0 / 1.5"
          ]
        },
        "leg0": {
          "rotation": [
            "variable.modified_tcos0 * 6.0",
            0,
            0
          ]
        },
        "leg1": {
          "rotation": [
            "-variable.modified_tcos0 * 6.0",
            0,
            0
          ]
        }
      }
    },
    "animation.c_cameramen.walk_to_target": {
      "loop": true,
      "bones": {
        "body": {
          "rotation": [
            0,
            0,
            "2.0 * (math.abs(math.mod(query.modified_distance_moved + 6, 13.0) - 6.5) - 3.25)"
          ]
        },
        "head": {
          "rotation": [
            0,
            0,
            "2.0 * (math.abs(math.mod(query.modified_distance_moved + 6, 13.0) - 6.5) - 3.25)"
          ]
        },
        "leg0": {
          "rotation": [
            "(math.cos(query.modified_distance_moved * 38.17) * 40.0)",
            0,
            0
          ]
        },
        "leg1": {
          "rotation": [
            "(math.cos(query.modified_distance_moved * 38.17 + 180) * 40.0)",
            0,
            0
          ]
        }
      }
    },
    "animation.c_cameramen.walk_1": {
      "loop": true,
      "animation_length": 0.75,
      "bones": {
        "Body": {
          "rotation": {
            "0.0": [
              0,
              0,
              0
            ],
            "0.4167": [
              7.5,
              0,
              0
            ],
            "0.75": [
              0,
              0,
              0
            ]
          }
        },
        "RightArm": {
          "rotation": {
            "0.0": [
              30,
              0,
              0
            ],
            "0.4167": [
              -10,
              0,
              0
            ],
            "0.75": [
              30,
              0,
              0
            ]
          }
        },
        "bone3": {
          "rotation": {
            "0.0": [
              -7.71814,
              -1.34576,
              -3.34671
            ],
            "0.4583": [
              -32.5,
              0,
              0
            ],
            "0.75": [
              -7.71814,
              -1.34576,
              -3.34671
            ]
          }
        },
        "LeftArm": {
          "rotation": {
            "0.0": [
              -14.59399,
              2.79003,
              -2.46093
            ],
            "0.375": [
              15.40601,
              2.79003,
              -2.46093
            ],
            "0.75": [
              -14.59399,
              2.79003,
              -2.46093
            ]
          }
        },
        "bone2": {
          "rotation": {
            "0.0": [
              -5,
              0,
              0
            ],
            "0.2917": [
              -22.25,
              0,
              0
            ],
            "0.4167": [
              2.5,
              0,
              0
            ],
            "0.75": [
              -5,
              0,
              0
            ]
          }
        },
        "RightLeg": {
          "rotation": {
            "0.0": [
              -17.5,
              0,
              0
            ],
            "0.25": [
              24.15906,
              -6.63006,
              -1.56662
            ],
            "0.75": [
              -17.5,
              0,
              0
            ]
          },
          "position": {
            "0.0": [
              0,
              0,
              -2
            ],
            "0.2917": [
              0,
              0,
              0
            ],
            "0.75": [
              0,
              0,
              -2
            ]
          }
        },
        "LeftLeg": {
          "rotation": {
            "0.0": [
              -2.5,
              0,
              0
            ],
            "0.25": [
              -32.5,
              0,
              0
            ],
            "0.75": [
              -2.5,
              0,
              0
            ]
          },
          "position": {
            "0.0": [
              0,
              1,
              2
            ],
            "0.375": [
              0,
              -1,
              2
            ],
            "0.75": [
              0,
              1,
              2
            ]
          }
        },
        "bone4": {
          "rotation": {
            "0.0": [
              52.5,
              0,
              0
            ],
            "0.2083": [
              2.5,
              0,
              0
            ],
            "0.75": [
              52.5,
              0,
              0
            ]
          }
        },
        "bone5": {
          "rotation": {
            "0.0": [
              0,
              0,
              0
            ],
            "0.2917": [
              24.17989,
              -6.54231,
              -1.72917
            ],
            "0.75": [
              0,
              0,
              0
            ]
          }
        }
      }
    },
    "animation.c_cameramen.move_2": {
      "loop": true,
      "animation_length": 0.5,
      "bones": {
        "Body": {
          "rotation": {
            "0.0": [
              30,
              0,
              0
            ],
            "0.5": [
              30,
              0,
              0
            ]
          },
          "position": {
            "0.0": [
              0,
              -2,
              -5
            ],
            "0.5": [
              0,
              -2,
              -5
            ]
          }
        },
        "RightArm": {
          "rotation": {
            "0.0": [
              80,
              0,
              0
            ],
            "0.25": [
              -10,
              0,
              0
            ],
            "0.5": [
              80,
              0,
              0
            ]
          },
          "position": {
            "0.0": [
              0,
              -3,
              -3
            ],
            "0.3333": [
              0,
              -3,
              -5
            ],
            "0.5": [
              0,
              -3,
              -3
            ]
          }
        },
        "bone3": {
          "rotation": {
            "0.0": [
              -7.71814,
              -1.34576,
              -3.34671
            ],
            "0.375": [
              -32.5,
              0,
              0
            ],
            "0.5": [
              -7.71814,
              -1.34576,
              -3.34671
            ]
          }
        },
        "LeftArm": {
          "rotation": {
            "0.0": [
              -14.59399,
              2.79003,
              -2.46093
            ],
            "0.25": [
              15.40601,
              2.79003,
              -2.46093
            ],
            "0.5": [
              -14.59399,
              2.79003,
              -2.46093
            ]
          },
          "position": {
            "0.0": [
              0,
              -2,
              -3
            ],
            "0.2917": [
              0,
              -2,
              -2
            ],
            "0.5": [
              0,
              -2,
              -3
            ]
          }
        },
        "bone2": {
          "rotation": {
            "0.0": [
              -5,
              0,
              0
            ],
            "0.1667": [
              -22.25,
              0,
              0
            ],
            "0.3333": [
              2.5,
              0,
              0
            ],
            "0.5": [
              -5,
              0,
              0
            ]
          }
        },
        "RightLeg": {
          "rotation": {
            "0.0": [
              -17.5,
              0,
              0
            ],
            "0.25": [
              24.15906,
              -6.63006,
              -1.56662
            ],
            "0.5": [
              -17.5,
              0,
              0
            ]
          },
          "position": {
            "0.0": [
              0,
              0,
              -2
            ],
            "0.2917": [
              0,
              0,
              0
            ],
            "0.5": [
              0,
              0,
              -2
            ]
          }
        },
        "LeftLeg": {
          "rotation": {
            "0.0": [
              -2.5,
              0,
              0
            ],
            "0.25": [
              -32.5,
              0,
              0
            ],
            "0.5": [
              -2.5,
              0,
              0
            ]
          },
          "position": {
            "0.0": [
              0,
              1,
              2
            ],
            "0.375": [
              0,
              -1,
              2
            ],
            "0.5": [
              0,
              1,
              2
            ]
          }
        },
        "bone4": {
          "rotation": {
            "0.0": [
              52.5,
              0,
              0
            ],
            "0.2083": [
              2.5,
              0,
              0
            ],
            "0.5": [
              52.5,
              0,
              0
            ]
          }
        },
        "bone5": {
          "rotation": {
            "0.0": [
              0,
              0,
              0
            ],
            "0.2917": [
              24.17989,
              -6.54231,
              -1.72917
            ],
            "0.5": [
              0,
              0,
              0
            ]
          }
        },
        "Head": {
          "position": [
            0,
            -2,
            -6
          ]
        },
        "bone": {
          "rotation": {
            "0.0": [
              42.5,
              0,
              0
            ],
            "0.125": [
              42.3924,
              3.82821,
              -3.21873
            ],
            "0.375": [
              42.3295,
              -4.46398,
              3.75819
            ],
            "0.5": [
              42.5,
              0,
              0
            ]
          }
        }
      }
    },
    "animation.c_cameramen.attack_3": {
      "animation_length": 0.5,
      "bones": {
        "Body": {
          "rotation": {
            "0.0": [
              0,
              0,
              0
            ],
            "0.0417": [
              0,
              5,
              0
            ],
            "0.1667": [
              0,
              -57.5,
              0
            ],
            "0.5": [
              0,
              0,
              0
            ]
          }
        },
        "RightArm": {
          "rotation": {
            "0.0": [
              0,
              0,
              0
            ],
            "0.0417": [
              0,
              57.5,
              72.5
            ],
            "0.1667": [
              -41.81818,
              0,
              -37.27273
            ],
            "0.5": [
              0,
              0,
              0
            ]
          },
          "position": {
            "0.0": [
              0,
              0,
              0
            ],
            "0.1667": [
              2,
              0,
              -6
            ],
            "0.5": [
              0,
              0,
              0
            ]
          }
        },
        "bone3": {
          "rotation": {
            "0.0": [
              0,
              0,
              0
            ],
            "0.0417": [
              0,
              0,
              -82.5
            ],
            "0.2083": [
              -14.30112,
              7.58935,
              -32.40969
            ],
            "0.5": [
              0,
              0,
              0
            ]
          }
        },
        "LeftArm": {
          "rotation": {
            "0.0": [
              0,
              0,
              0
            ],
            "0.25": [
              20.91755,
              -36.32571,
              -26.21277
            ],
            "0.5": [
              0,
              0,
              0
            ]
          },
          "position": {
            "0.0": [
              0,
              0,
              0
            ],
            "0.1667": [
              -3,
              0,
              5
            ],
            "0.5": [
              0,
              0,
              0
            ]
          }
        }
      }
    }
  }
}