{
  "format_version": "1.8.0",
  "animations": {
    "animation.witch.general": {
      "loop": true,
      "bones": {
        "nose": {
          "rotation": [
            "(variable.isholdingitem ? -25.7831 : (math.sin(query.life_time * 57.296) * 4.5)) - this",
            0,
            "(math.cos(query.life_time * 57.296) * 2.5) - this"
          ]
        }
      }
    },
    "animation.witch.villager_general": {
      "loop": true,
      "bones": {
        "arms": {
          "position": [
            0,
            -1,
            -1
          ],
          "rotation": [
            "-42.97 - this",
            0,
            0
          ]
        }
      }
    },
    "animation.witch.move": {
      "anim_time_update": "query.modified_distance_moved",
      "loop": true,
      "bones": {
        "leg0": {
          "rotation": [
            "(math.cos(query.anim_time * 38.17) * 40.0) - this",
            "-this",
            0
          ]
        },
        "leg1": {
          "rotation": [
            "(math.cos(query.anim_time * 38.17 + 180) * 40.0) - this",
            "-this",
            0
          ]
        }
      }
    },
    "animation.st_toilet.general_1": {
      "loop": true,
      "animation_length": 0.5,
      "bones": {
        "bone4": {
          "rotation": {
            "0.0": [
              0,
              0,
              -5
            ],
            "0.2917": [
              0.32107,
              -0.05697,
              2.83762
            ],
            "0.5": [
              0.00516,
              -0.0002,
              -4.39319
            ]
          },
          "scale": {
            "0.0": [
              1,
              0.9,
              1
            ],
            "0.25": [
              1,
              1,
              1
            ],
            "0.5": [
              1,
              0.9,
              1
            ]
          }
        },
        "bone8": {
          "position": {
            "0.0": [
              0,
              0,
              0
            ],
            "0.2917": [
              0,
              1,
              0
            ],
            "0.5": [
              0,
              0,
              0
            ]
          }
        },
        "bone7": {
          "position": {
            "0.0": [
              0,
              0,
              0
            ],
            "0.2917": [
              0,
              1,
              0
            ],
            "0.5": [
              0,
              0,
              0
            ]
          }
        },
        "bone": {
          "rotation": {
            "0.0": [
              0,
              0,
              0
            ],
            "0.5": [
              0,
              0,
              0
            ]
          },
          "position": {
            "0.0": [
              0,
              0,
              0
            ],
            "0.1667": [
              0,
              2,
              0
            ],
            "0.5": [
              0,
              0,
              0
            ]
          },
          "scale": {
            "0.0": [
              1,
              1,
              1
            ],
            "0.375": [
              1,
              0.5,
              1
            ],
            "0.5": [
              1,
              1,
              1
            ]
          }
        }
      }
    },
    "animation.st_toilet.move_2": {
      "loop": true,
      "animation_length": 0.5,
      "bones": {
        "bone4": {
          "rotation": {
            "0.0": [
              -0.7391,
              0.71559,
              -9.95169
            ],
            "0.3333": [
              -0.44978,
              0.92522,
              10.04929
            ],
            "0.5": [
              -0.7391,
              0.71559,
              -9.95169
            ]
          },
          "position": {
            "0.0": [
              -1,
              0,
              0
            ],
            "0.1667": [
              0,
              0,
              0
            ],
            "0.3333": [
              1.5,
              -2,
              0
            ],
            "0.5": [
              -1,
              0,
              0
            ]
          }
        },
        "bone8": {
          "position": {
            "0.0": [
              0,
              0,
              0
            ],
            "0.3333": [
              0,
              1,
              0
            ],
            "0.5": [
              0,
              0,
              0
            ]
          }
        },
        "bone7": {
          "position": {
            "0.0": [
              0,
              0,
              0
            ],
            "0.1667": [
              0,
              2,
              0
            ],
            "0.5": [
              0,
              0,
              0
            ]
          }
        },
        "Body": {
          "rotation": {
            "0.0": [
              0,
              7.5,
              -5
            ],
            "0.125": [
              0,
              -15,
              -5
            ],
            "0.2083": [
              2.61978,
              -9.3703,
              -3.74354
            ],
            "0.375": [
              0.78744,
              18.85625,
              7.68763
            ],
            "0.5": [
              0,
              7.5,
              -5
            ]
          },
          "position": {
            "0.0": [
              0,
              1,
              0
            ],
            "0.1667": [
              0,
              0,
              0
            ],
            "0.3333": [
              0,
              -0.5,
              0
            ],
            "0.5": [
              0,
              1,
              0
            ]
          }
        },
        "bone": {
          "rotation": {
            "0.0": [
              0,
              0,
              0
            ],
            "0.25": [
              12.5,
              0,
              0
            ],
            "0.3333": [
              -11.67,
              0,
              0
            ],
            "0.5": [
              0,
              0,
              0
            ]
          },
          "position": {
            "0.0": [
              0,
              0,
              0
            ],
            "0.2917": [
              0,
              3,
              0
            ],
            "0.5": [
              0,
              0,
              0
            ]
          }
        }
      }
    }
  }
}