{
    "format_version": "1.16.100",
    "minecraft:block": {
      "description": {
        "identifier": "loled:setup_ps5",
        "properties": {
          "loled:face": [
            2,
            3,
            4,
            5,
            6
          ],
          "loled:on": [
            false,
            true
          ]
        }
      },
      "components": {
        "minecraft:material_instances": {
          "*": {
            "texture": "ps5",
            "render_method": "alpha_test"
          }
        },
        "minecraft:creative_category": {
          "group": "itemGroup.name.setup_videogame",
          "category": "construction"
        },
        "minecraft:loot": "loot_tables/setup/setup_ps5.json",
        "minecraft:pick_collision": {
          "origin": [
            -3,
            0,
            -6
          ],
          "size": [
            6,
            15,
            12
          ]
        },
        "minecraft:geometry": "geometry.ps5",
        "minecraft:destroy_time": 1,
        "minecraft:block_light_absorption": 2,
        "minecraft:entity_collision": {
          "origin": [
            -3,
            0,
            -6
          ],
          "size": [
            6,
            15,
            12
          ]
        },
        "minecraft:friction": 0.6,
        "minecraft:map_color": "#00ff00",
        "minecraft:flammable": {
          "flame_odds": 0,
          "burn_odds": 0
        },
        "minecraft:on_interact": {
          "event": "loled:toggle"
        },
        "minecraft:on_player_placing": {
          "event": "loled:face"
        },
        "minecraft:block_light_emission": 0.3
      },
      "permutations": [
        {
          "condition": "query.block_property('loled:face') == 3",
          "components": {
            "minecraft:rotation": [
              0,
              180,
              0
            ]
          }
        },
        {
          "condition": "query.block_property('loled:face') == 4",
          "components": {
            "minecraft:rotation": [
              0,
              90,
              0
            ]
          }
        },
        {
          "condition": "query.block_property('loled:face') == 5",
          "components": {
            "minecraft:rotation": [
              0,
              270,
              0
            ]
          }
        },
        {
          "condition": "!query.block_property('loled:on')",
          "components": {
            "minecraft:material_instances": {
              "*": {
                "texture": "ps5_off",
                "render_method": "alpha_test"
              }
            },
            "minecraft:block_light_absorption": 2,
            "minecraft:block_light_emission": 0
          }
        }
      ],
      "events": {
        "loled:face": {
          "set_block_property": {
            "loled:face": "(query.cardinal_player_facing)"
          }
        },
        "loled:toggle": {
          "set_block_property": {
            "loled:on": "query.block_property('loled:on') ? false : true"
          }
        }
      }
    }
  }