{
    "format_version": "1.19.50",
    "minecraft:entity": {
        "description": {
            "identifier": "rai:kango_aneitei",
            "is_spawnable": false,
            "is_summonable": true,
            "is_experimental": false
        },
        "component_groups": {
            "stop": {
                "minecraft:variant": {
                    "value": 1
                },
                "minecraft:scale": {
                    "value": 0
                }
            },
            "start": {
                "minecraft:timer": {
                    "time": 1,
                    "looping": true,
                    "time_down_event": {
                        "event": "kango_aneitei_attack"
                    }
                },
                "minecraft:variant": {
                    "value": 1
                },
                "minecraft:scale": {
                    "value": 1
                }
            },
            "despawn": {
                "minecraft:timer": {
                    "time": 0.1,
                    "looping": false,
                    "time_down_event": {
                        "event": "despawn_"
                    }
                }
            },
            "despawn_": {
                "minecraft:instant_despawn": {
                    "remove_child_entities": true
                }
            }
        },
        "components": {
            "minecraft:tick_world": {
                "radius": 1
            },
            "minecraft:nameable": {
                "allow_name_tag_renaming": false,
                "always_show": false
            },
            "minecraft:custom_hit_test": {
                "hitboxes": [
                    {
                        "width": 0,
                        "height": 0,
                        "pivot": [
                            0,
                            100,
                            0
                        ]
                    }
                ]
            },
            "minecraft:type_family": {
                "family": [
                    "jujutsu_kaisen",
                    "object",
                    "damage",
                    "kango_aneitei",
                    "no_jump",
                    "ryoiki_tenkai",
                    "ryoiki_block"
                ]
            },
            "minecraft:fire_immune": {
            },
            "minecraft:knockback_resistance": {
                "value": 100
            },
            "minecraft:damage_sensor": {
                "triggers": [
                    {
                        "cause": "all",
                        "deals_damage": false
                    }
                ]
            },
            "minecraft:collision_box": {
                "width": 0,
                "height": 0
            },
            "minecraft:scale": {
                "value": 0
            },
            "minecraft:health": {
                "value": 10000,
                "min": 1
            },
            "minecraft:pushable": {
                "is_pushable": false,
                "is_pushable_by_piston": false
            },
            "minecraft:physics": {
                "has_gravity": false
            }
        },
        "events": {
            "ryoiki_tenkai_test": {},
            "kango_aneitei_attack": {},
            "start": {
                "add": {
                    "component_groups": [
                        "start"
                    ]
                }
            },
            "start2": {
                "add": {
                    "component_groups": [
                        "start"
                    ]
                }
            },
            "ryoiki_draw": {
                "remove": {
                    "component_groups": [
                        "start"
                    ]
                },
                "add": {
                    "component_groups": [
                        "stop"
                    ]
                }
            },
            "despawn": {
                "run_command": {
                    "command": [
                        "scoreboard players reset @s",
                        "tag @s add despawn",
                        "execute unless entity @e[tag=!despawn,tag=ryoiki_draw,family=ryoiki_tenkai,family=!ryoiki_tenkai2,r=41] run function ryoiki_block/break/black_block",
                        "execute unless entity @e[tag=!despawn,tag=ryoiki_draw,family=ryoiki_tenkai,family=!ryoiki_tenkai2,r=41] run function ryoiki_block/break/ryoiki_block",
                        "execute as @e[r=25] at @s run playsound random.glass @s ~~~"
                    ]
                },
                "add": {
                    "component_groups": [
                        "despawn"
                    ]
                }
            },
            "despawn_": {
                "add": {
                    "component_groups": [
                        "despawn_"
                    ]
                }
            },
            "ryoiki_lose": {
                "run_command": {
                    "command": [
                        "scoreboard players reset @s",
                        "tag @s add despawn",
                        "execute unless entity @e[tag=!despawn,family=ryoiki_tenkai,family=!ryoiki_tenkai2,r=41] run function ryoiki_block/break/black_block",
                        "execute unless entity @e[tag=!despawn,family=ryoiki_tenkai,family=!ryoiki_tenkai2,r=41] run function ryoiki_block/break/ryoiki_block",
                        "execute as @e[r=25] at @s run playsound random.glass @s ~~~"
                    ]
                },
                "add": {
                    "component_groups": [
                        "despawn"
                    ]
                }
            }
        }
    }
}