{
  "format_version": "1.10.0",
  "minecraft:entity": {
    "description": {
      "identifier": "pa:kursi",
      "is_spawnable": true,
      "is_summonable": true,
      "is_experimental": false,
      "runtime_identifier": "pa:chair"
    },
    "component_groups": {
      "minecraft:shulker_light_blue": {
        "minecraft:variant": {
          "value": 12
        }
      }
    },
    "components": {
      "minecraft:type_family": {
        "family": [
          "furnicraft",
          "player"
        ]
      },
      "minecraft:health": {
        "value": 10,
        "max": 10
      },
      "minecraft:movement.basic": {},
      "minecraft:movement": {
        "value": 0,
        "max": 0
      },
      "minecraft:knockback_resistance": {
        "value": 100.0,
        "max": 100.0
      },
      "minecraft:push_through": {
        "value": 1
      },
      "minecraft:fall_damage": {
        "value": 0
      },
      "minecraft:scale": {
        "value": 1
      },
      "minecraft:loot": {
        "table": "loot_tables/empty.json"
      },
      "minecraft:collision_box": {
        "height": 0.5,
        "width": 0.5
      },
      "minecraft:interact": [
        {
          "on_interact": {
            "filters": {
              "all_of": [
                {
                  "test": "has_equipment",
                  "subject": "other",
                  "domain": "hand",
                  "value": "planks:5"
                },
                {
                  "test": "is_family",
                  "subject": "other",
                  "value": "player"
                },
                {
                  "test": "has_ability",
                  "subject": "other",
                  "value": "instabuild"
                }
              ]
            },
            "event": "minecraft:turn_light_blue"
          },
          "use_item": true
        }
      ],
      "minecraft:physics": {},
      "minecraft:navigation.walk": {},
      "minecraft:rideable": {
        "seat_count": 1,
        "interact_text": "action.interact.sit",
        "pull_in_entities": false,
        "seats": [
          {
            "position": [
              0,
              0.45,
              0
            ]
          }
        ],
        "family_types": [
          "brown_dog",
          "white_dog",
          "butterfly",
          "hovercraft",
          "sniffer",
          "camel",
          "bug",
          "simple_car",
          "narwhal",
          "robot",
          "charizard",
          "pikachu",
          "rhinoceros",
          "augustolophus",
          "bracheo",
          "hadro",
          "lampeo",
          "ourano",
          "stegosaurus",
          "herbdinosaur",
          "axolotl",
          "goat",
          "hoglin",
          "hoglin_baby",
          "adult_piglin",
          "piglin_brute",
          "strider",
          "strider_baby",
          "furnicraft",
          "player",
          "bat",
          "bee",
          "mob",
          "arthropod",
          "pacified",
          "cat",
          "fox",
          "panda",
          "panda_aggressive",
          "pillager",
          "monster",
          "illager",
          "ravager",
          "wandering_trader",
          "wandering_trader_despawning",
          "blaze",
          "cachalote",
          "cavespider",
          "chicken",
          "cow",
          "crab",
          "creeper",
          "dolphin",
          "donkey",
          "drowned",
          "zombie",
          "undead",
          "guardian_elder",
          "dragon",
          "enderman",
          "endermite",
          "evocation_illager",
          "cod",
          "fish",
          "fishleon",
          "ghast",
          "guardian",
          "hammerhead_shark",
          "horse",
          "husk",
          "irongolem",
          "car",
          "llama",
          "magmacube",
          "mushroomcow",
          "mule",
          "ocelot",
          "octopus",
          "parrot_wild",
          "parrot_tame",
          "phantom",
          "pig",
          "piranha",
          "polarbear",
          "pufferfish",
          "rabbit",
          "salmon",
          "shark",
          "sheep",
          "shrimp",
          "shulker",
          "silverfish",
          "skeleton",
          "skeletonhorse",
          "slime",
          "snowgolem",
          "spider",
          "squid",
          "stingray",
          "stray",
          "turtle",
          "baby_turtle",
          "vex",
          "villager",
          "peasant",
          "farmer",
          "fisherman",
          "shepherd",
          "fletcher",
          "librarian",
          "cartographer",
          "priest",
          "cleric",
          "blacksmith",
          "armorer",
          "weaponsmith",
          "toolsmith",
          "artisan",
          "butcher",
          "leatherworker",
          "vindicator",
          "whale",
          "witch",
          "wither",
          "wolf",
          "zombiehorse",
          "zombie_pigman",
          "zombie_villager"
        ]
      },
      "minecraft:item_controllable": {
        "control_items": "diamond_hoe"
      },
      "minecraft:behavior.controlled_by_player": {
        "priority": 0
      },
      "minecraft:experience_reward": {
        "on_death": "query.last_hit_by_player ? 10 : 0"
      },
      "minecraft:underwater_movement": {
        "value": 0.02
      },
      "minecraft:addrider": {}
    },
    "events": {
      "minecraft:entity_spawned": {
        "randomize": [
          {
            "weight": 6,
            "add": {
              "component_groups": [
                "minecraft:shulker_light_blue"
              ]
            }
          }
        ]
      },
      "minecraft:turn_light_blue": {
        "add": {
          "component_groups": [
            "minecraft:shulker_light_blue"
          ]
        }
      },
      "on:death": {
        "run_command": {
          "command": []
        }
      },
      "on:hurt": {
        "run_command": {
          "command": []
        }
      },
      "on:hurt_by_player": {
        "run_command": {
          "command": []
        }
      },
      "on:ignite": {
        "run_command": {
          "command": []
        }
      },
      "on:target_acquired": {
        "run_command": {
          "command": []
        }
      },
      "on:target_escape": {
        "run_command": {
          "command": []
        }
      },
      "on:wake_with_owner": {
        "run_command": {
          "command": []
        }
      }
    }
  }
}