{
	"format_version": "1.8.0",
	"minecraft:client_entity": {
		"description": {
			"identifier": "race:whiteblueblack",
			"materials": {
				"default": "enderman"
			},
			"textures": {
				"default": "textures/entity/race/bmwhp4race_whiteblueblack"
			},
			"geometry": {
				"default": "geometry.bmwhp4race"
			},
			"render_controllers": [
				"controller.render.race"
			],
			"animations": {
				"drive": "animation.race.drive",
				"turning": "animation.race.tilt",
				"up": "animation.race.up",
				"down": "animation.race.down"
			},
			"spawn_egg": {
				"texture": "race",
				"texture_index": 0
			},
			"animation_controllers": [
				{
					"general": "controller.animation.race.general"
				}
			]
		}
	}
}