{"format_version":"1.10.0","minecraft:client_entity":{"description":{"identifier":"yg:clock_man","materials":{"default":"witch"},"textures":{"default":"textures/entity/clock/yg_clock_man"},"geometry":{"default":"geometry.yg_clock_man"},"scripts":{"animate":["move","general"],"pre_animation":["variable.random = math.round(math.random(0,2));"]},"animations":{"moving":"animation.yg_clock_man.move","move":"controller.animation.yg_clock_man.move","gazo_general":"animation.yg_clock_man.general","general":"controller.animation.yg_clock_man.general","attack0":"animation.yg_clock_man.attack","attack1":"animation.yg_clock_man.attack2","attack2":"animation.yg_clock_man.attack3","look_at_target":"animation.yg_clock_man.looking"},"render_controllers":["controller.render.witch"],"spawn_egg":{"texture":"yg:clock_man","texture_index":0}}}}