{"mob.skibidi_1.ambient":{"max_distance":25,"sounds":["sounds/mob/toilet/skibidi_1"]},"mob.skibidi_2.ambient":{"max_distance":25,"sounds":["sounds/mob/toilet/skibidi_2"]},"mob.skibidi_3.ambient":{"max_distance":25,"sounds":["sounds/mob/toilet/skibidi_3"]},"mob.skibidi_holy.ambient":{"max_distance":25,"sounds":["sounds/mob/skibidi/skibidi_holy"]},"mob.skibidi_dj.ambient":{"max_distance":25,"sounds":["sounds/mob/skibidi/skibidi_dj"]},"mob.skibidi_bulldozer.roar":{"category":"hostile","max_distance":25,"sounds":["sounds/mob/toilet/bulldozer_roar"]},"mob.speaker_man.ambient":{"max_distance":25,"sounds":["sounds/mob/speaker/speaker_idle","sounds/mob/speaker/speaker_idle2"]},"mob.speaker_man.roar":{"category":"hostile","max_distance":25,"sounds":["sounds/mob/speaker/speaker_roar"]},"mob.speaker.roar":{"category":"hostile","max_distance":25,"sounds":["sounds/mob/speaker/speaker_roar2"]},"mob.titan_speaker.ambient":{"max_distance":25,"sounds":["sounds/mob/speaker/titan_speaker_idle"]},"mob.titan_speaker.roar":{"category":"hostile","max_distance":25,"sounds":["sounds/mob/speaker/titan_speaker_roar"]},"mob.titan_tv.ambient":{"max_distance":25,"sounds":["sounds/mob/tv/titan_tv_idle"]},"mob.titan_tv.roar":{"category":"hostile","max_distance":25,"sounds":["sounds/mob/tv/titan_tv_roar"]},"mob.blade_slash.attack":{"category":"hostile","max_distance":25,"sounds":["sounds/mob/attacks/blade_slash"]},"mob.gun_shoot.spit":{"category":"neutral","sounds":["sounds/mob/attacks/gun_shoot"]}}