{
	"format_version": "1.12.0",
	"minecraft:recipe_shaped": {
		"description": {
			"identifier": "dgmorph:zombie_villager"
		},
		"tags": [ "crafting_table" ],
 	       "pattern": [
             "D",
             "M",
             "G"
          ],
          "key": {
          "D": {
              "item": "minecraft:redstone"
          },
          "M": {
              "item": "minecraft:rotten_flesh"
          },
          "G": {
              "item": "minecraft:emerald"
              }
          },
		"result": {
			"item": "dgmorph:zombie_villager"
		}
	}
}