{
	"format_version": "1.12.0",
	"minecraft:geometry": [
		{
			"description": {
				"identifier": "geometry.capacete",
				"texture_width": 64,
				"texture_height": 64,
				"visible_bounds_width": 3,
				"visible_bounds_height": 4,
				"visible_bounds_offset": [0, 1, 0]
			},
			"bones": [
				{
					"name": "head",
					"pivot": [0, 24, 0],
					"cubes": [
						{
							"origin": [-4, 24, -4],
							"size": [8, 8, 8],
							"uv": {
								"north": {"uv": [25, 8], "uv_size": [1, -5]},
								"east": {"uv": [25, 8], "uv_size": [1, -5]},
								"south": {"uv": [25, 8], "uv_size": [1, -5]},
								"west": {"uv": [25, 8], "uv_size": [1, -5]},
								"up": {"uv": [26, 3], "uv_size": [-1, 5]},
								"down": {"uv": [26, 3], "uv_size": [-1, 5]}
							}
						}
					]
				},
				{
					"name": "bone",
					"parent": "head",
					"pivot": [0, 24, 0],
					"cubes": [
						{
							"origin": [-4.5, 24, -4],
							"size": [0.5, 8, 9],
							"uv": {
								"north": {"uv": [33, 31], "uv_size": [30, -30]},
								"east": {"uv": [33, 31], "uv_size": [30, -30]},
								"south": {"uv": [33, 31], "uv_size": [30, -30]},
								"west": {"uv": [33, 31], "uv_size": [30, -30]},
								"up": {"uv": [63, 1], "uv_size": [-30, 30]},
								"down": {"uv": [63, 1], "uv_size": [-30, 30]}
							}
						},
						{
							"origin": [-4.6, 24, -4],
							"size": [0, 8, 9],
							"uv": {
								"north": {"uv": [25, 8], "uv_size": [1, -6]},
								"east": {"uv": [2, 1], "uv_size": [29, 27]},
								"south": {"uv": [25, 8], "uv_size": [1, -6]},
								"west": {"uv": [25, 8], "uv_size": [1, -6]},
								"up": {"uv": [26, 2], "uv_size": [-1, 6]},
								"down": {"uv": [26, 2], "uv_size": [-1, 6]}
							}
						},
						{
							"origin": [-4.5, 32, -4],
							"size": [0.5, 8, 9],
							"pivot": [-4, 32, 0],
							"rotation": [0, 0, 90],
							"uv": {
								"north": {"uv": [33, 31], "uv_size": [30, -30]},
								"east": {"uv": [33, 31], "uv_size": [30, -30]},
								"south": {"uv": [33, 31], "uv_size": [30, -30]},
								"west": {"uv": [33, 31], "uv_size": [30, -30]},
								"up": {"uv": [63, 1], "uv_size": [-30, 30]},
								"down": {"uv": [63, 1], "uv_size": [-30, 30]}
							}
						},
						{
							"origin": [-1.8, 30, -6],
							"size": [0.8, 6, 2],
							"pivot": [-1, 32, -4],
							"rotation": [0, -65, 90],
							"uv": {
								"north": {"uv": [33, 31], "uv_size": [30, -30]},
								"east": {"uv": [33, 31], "uv_size": [30, -30]},
								"south": {"uv": [33, 31], "uv_size": [30, -30]},
								"west": {"uv": [33, 31], "uv_size": [30, -30]},
								"up": {"uv": [63, 1], "uv_size": [-30, 30]},
								"down": {"uv": [63, 1], "uv_size": [-30, 30]}
							}
						},
						{
							"origin": [-1.5, 30, -10],
							"size": [0, 6, 4],
							"pivot": [-1, 32, -4],
							"rotation": [0, -65, 90],
							"uv": {
								"north": {"uv": [37, 60], "uv_size": [2, -5]},
								"east": {"uv": [1, 63], "uv_size": [62, -30]},
								"south": {"uv": [37, 60], "uv_size": [2, -5]},
								"west": {"uv": [23, 8], "uv_size": [4, -5]},
								"up": {"uv": [39, 55], "uv_size": [-2, 5]},
								"down": {"uv": [39, 55], "uv_size": [-2, 5]}
							}
						},
						{
							"origin": [3.55915, 22.76709, -3.58365],
							"size": [0, 3, 3],
							"pivot": [4, 26, -4],
							"rotation": [-63.47293, -28.94541, 170.89172],
							"uv": {
								"north": {"uv": [37, 60], "uv_size": [2, -5]},
								"east": {"uv": [1, 63], "uv_size": [37, -30]},
								"south": {"uv": [37, 60], "uv_size": [2, -5]},
								"west": {"uv": [26, 7], "uv_size": [-2, -1]},
								"up": {"uv": [39, 55], "uv_size": [-2, 5]},
								"down": {"uv": [39, 55], "uv_size": [-2, 5]}
							}
						},
						{
							"origin": [3.55915, 22.76709, -4.58365],
							"size": [0, 2, 1],
							"pivot": [4, 26, -4],
							"rotation": [-63.47293, -28.94541, 170.89172],
							"uv": {
								"north": {"uv": [37, 60], "uv_size": [2, -5]},
								"east": {"uv": [37, 60], "uv_size": [2, -5]},
								"south": {"uv": [37, 60], "uv_size": [2, -5]},
								"west": {"uv": [37, 60], "uv_size": [2, -5]},
								"up": {"uv": [39, 55], "uv_size": [-2, 5]},
								"down": {"uv": [39, 55], "uv_size": [-2, 5]}
							}
						},
						{
							"origin": [3.25915, 22.76709, -0.58365],
							"size": [1.3, 2, 2],
							"pivot": [4, 26, -4],
							"rotation": [-63.47293, -28.94541, 170.89172],
							"uv": {
								"north": {"uv": [33, 31], "uv_size": [30, -30]},
								"east": {"uv": [33, 31], "uv_size": [30, -30]},
								"south": {"uv": [33, 31], "uv_size": [30, -30]},
								"west": {"uv": [33, 31], "uv_size": [30, -30]},
								"up": {"uv": [63, 1], "uv_size": [-30, 30]},
								"down": {"uv": [63, 1], "uv_size": [-30, 30]}
							}
						},
						{
							"origin": [-3.5, 29.5, -9],
							"size": [0, 3, 3],
							"pivot": [-3, 32, -4],
							"rotation": [64.43653, -26.98309, 7.44123],
							"uv": {
								"north": {"uv": [37, 60], "uv_size": [2, -5]},
								"east": {"uv": [1, 63], "uv_size": [38, -30]},
								"south": {"uv": [37, 60], "uv_size": [2, -5]},
								"west": {"uv": [25, 7], "uv_size": [0, -2]},
								"up": {"uv": [39, 55], "uv_size": [-2, 5]},
								"down": {"uv": [39, 55], "uv_size": [-2, 5]}
							}
						},
						{
							"origin": [-3.8, 30.5, -6],
							"size": [1.3, 2, 2],
							"pivot": [-3, 32, -4],
							"rotation": [64.43653, -26.98309, 7.44123],
							"uv": {
								"north": {"uv": [33, 31], "uv_size": [30, -30]},
								"east": {"uv": [33, 31], "uv_size": [30, -30]},
								"south": {"uv": [33, 31], "uv_size": [30, -30]},
								"west": {"uv": [33, 31], "uv_size": [30, -30]},
								"up": {"uv": [63, 1], "uv_size": [-30, 30]},
								"down": {"uv": [63, 1], "uv_size": [-30, 30]}
							}
						},
						{
							"origin": [-3.5, 30.5, -10],
							"size": [0, 2, 1],
							"pivot": [-3, 32, -4],
							"rotation": [64.43653, -26.98309, 7.44123],
							"uv": {
								"north": {"uv": [37, 60], "uv_size": [2, -5]},
								"east": {"uv": [37, 60], "uv_size": [2, -5]},
								"south": {"uv": [37, 60], "uv_size": [2, -5]},
								"west": {"uv": [37, 60], "uv_size": [2, -5]},
								"up": {"uv": [39, 55], "uv_size": [-2, 5]},
								"down": {"uv": [39, 55], "uv_size": [-2, 5]}
							}
						},
						{
							"origin": [-4, 24, 4.5],
							"size": [8, 8, 0.5],
							"uv": {
								"north": {"uv": [33, 31], "uv_size": [30, -30]},
								"east": {"uv": [33, 31], "uv_size": [30, -30]},
								"south": {"uv": [33, 31], "uv_size": [30, -30]},
								"west": {"uv": [33, 31], "uv_size": [30, -30]},
								"up": {"uv": [63, 1], "uv_size": [-30, 30]},
								"down": {"uv": [63, 1], "uv_size": [-30, 30]}
							}
						},
						{
							"origin": [0, 24, 5.1],
							"size": [4, 8, 0],
							"uv": {
								"north": {"uv": [26, 9], "uv_size": [0, -7]},
								"east": {"uv": [26, 9], "uv_size": [0, -7]},
								"south": {"uv": [3, 2], "uv_size": [19, 29]},
								"west": {"uv": [26, 9], "uv_size": [0, -7]},
								"up": {"uv": [26, 2], "uv_size": [0, 7]},
								"down": {"uv": [26, 2], "uv_size": [0, 7]}
							}
						},
						{
							"origin": [-4, 24, 5.1],
							"size": [4, 8, 0],
							"uv": {
								"north": {"uv": [26, 9], "uv_size": [0, -7]},
								"east": {"uv": [26, 9], "uv_size": [0, -7]},
								"south": {"uv": [22, 2], "uv_size": [-19, 29]},
								"west": {"uv": [26, 9], "uv_size": [0, -7]},
								"up": {"uv": [26, 2], "uv_size": [0, 7]},
								"down": {"uv": [26, 2], "uv_size": [0, 7]}
							}
						},
						{
							"origin": [-3, 24, -7.2],
							"size": [6, 3, 0.8],
							"uv": {
								"north": {"uv": [33, 31], "uv_size": [30, -30]},
								"east": {"uv": [33, 31], "uv_size": [30, -30]},
								"south": {"uv": [33, 31], "uv_size": [30, -30]},
								"west": {"uv": [33, 31], "uv_size": [30, -30]},
								"up": {"uv": [63, 1], "uv_size": [-30, 30]},
								"down": {"uv": [63, 1], "uv_size": [-30, 30]}
							}
						},
						{
							"origin": [-4.5, 24, -7],
							"size": [0.5, 3, 3],
							"pivot": [-4, 24, -4],
							"rotation": [0, -30, 0],
							"uv": {
								"north": {"uv": [33, 31], "uv_size": [30, -30]},
								"east": {"uv": [33, 31], "uv_size": [30, -30]},
								"south": {"uv": [33, 31], "uv_size": [30, -30]},
								"west": {"uv": [33, 31], "uv_size": [30, -30]},
								"up": {"uv": [63, 1], "uv_size": [-30, 30]},
								"down": {"uv": [63, 1], "uv_size": [-30, 30]}
							}
						},
						{
							"origin": [4, 24, -7],
							"size": [0.5, 3, 3],
							"pivot": [4, 24, -4],
							"rotation": [0, 30, 0],
							"uv": {
								"north": {"uv": [34, 31], "uv_size": [29, -30]},
								"east": {"uv": [34, 31], "uv_size": [29, -30]},
								"south": {"uv": [34, 31], "uv_size": [29, -30]},
								"west": {"uv": [34, 31], "uv_size": [29, -30]},
								"up": {"uv": [63, 1], "uv_size": [-29, 30]},
								"down": {"uv": [63, 1], "uv_size": [-29, 30]}
							}
						},
						{
							"origin": [4, 24, -4],
							"size": [0.5, 8, 9],
							"uv": {
								"north": {"uv": [33, 31], "uv_size": [30, -30]},
								"east": {"uv": [33, 31], "uv_size": [30, -30]},
								"south": {"uv": [33, 31], "uv_size": [30, -30]},
								"west": {"uv": [33, 31], "uv_size": [30, -30]},
								"up": {"uv": [63, 1], "uv_size": [-30, 30]},
								"down": {"uv": [63, 1], "uv_size": [-30, 30]}
							}
						},
						{
							"origin": [4.6, 24, -4],
							"size": [0, 8, 9],
							"uv": {
								"north": {"uv": [26, 6], "uv_size": [0, -3]},
								"east": {"uv": [26, 6], "uv_size": [0, -3]},
								"south": {"uv": [26, 6], "uv_size": [0, -3]},
								"west": {"uv": [31, 1], "uv_size": [-29, 27]},
								"up": {"uv": [26, 3], "uv_size": [0, 3]},
								"down": {"uv": [26, 3], "uv_size": [0, 3]}
							}
						}
					]
				},
				{
					"name": "body",
					"pivot": [0, 24, 0],
					"cubes": [
						{
							"origin": [-4, 12, -2],
							"size": [8, 12, 4],
							"uv": {
								"north": {"uv": [27, 5], "uv_size": [-3, 1]},
								"east": {"uv": [27, 5], "uv_size": [-3, 1]},
								"south": {"uv": [27, 5], "uv_size": [-3, 1]},
								"west": {"uv": [27, 5], "uv_size": [-3, 1]},
								"up": {"uv": [24, 6], "uv_size": [3, -1]},
								"down": {"uv": [24, 6], "uv_size": [3, -1]}
							}
						}
					]
				},
				{
					"name": "leftArm",
					"pivot": [-5, 22, 0],
					"cubes": [
						{
							"origin": [-8, 12, -2],
							"size": [4, 12, 4],
							"uv": {
								"north": {"uv": [26, 6], "uv_size": [-2, -2]},
								"east": {"uv": [26, 6], "uv_size": [-2, -2]},
								"south": {"uv": [26, 6], "uv_size": [-2, -2]},
								"west": {"uv": [24, 6], "uv_size": [2, -2]},
								"up": {"uv": [24, 4], "uv_size": [2, 2]},
								"down": {"uv": [24, 4], "uv_size": [2, 2]}
							}
						}
					]
				},
				{
					"name": "rightArm",
					"pivot": [5, 22, 0],
					"cubes": [
						{
							"origin": [4, 12, -2],
							"size": [4, 12, 4],
							"uv": {
								"north": {"uv": [25, 6], "uv_size": [-1, -2]},
								"east": {"uv": [25, 6], "uv_size": [-1, -2]},
								"south": {"uv": [25, 4], "uv_size": [-1, 2]},
								"west": {"uv": [25, 6], "uv_size": [-1, -2]},
								"up": {"uv": [24, 4], "uv_size": [1, 2]},
								"down": {"uv": [24, 4], "uv_size": [1, 2]}
							}
						}
					]
				},
				{
					"name": "leftLeg",
					"pivot": [-1.9, 12, 0],
					"cubes": [
						{
							"origin": [-3.9, 0, -2],
							"size": [4, 12, 4],
							"uv": {
								"north": {"uv": [27, 6], "uv_size": [-3, -1]},
								"east": {"uv": [27, 6], "uv_size": [-3, -1]},
								"south": {"uv": [27, 6], "uv_size": [-3, -1]},
								"west": {"uv": [27, 6], "uv_size": [-3, -1]},
								"up": {"uv": [24, 5], "uv_size": [3, 1]},
								"down": {"uv": [24, 5], "uv_size": [3, 1]}
							}
						}
					]
				},
				{
					"name": "rightLeg",
					"pivot": [1.9, 12, 0],
					"cubes": [
						{
							"origin": [-0.1, 0, -2],
							"size": [4, 12, 4],
							"uv": {
								"north": {"uv": [31, 4], "uv_size": [-7, 2]},
								"east": {"uv": [24, 4], "uv_size": [7, 2]},
								"south": {"uv": [31, 4], "uv_size": [-7, 2]},
								"west": {"uv": [31, 4], "uv_size": [-7, 2]},
								"up": {"uv": [24, 6], "uv_size": [7, -2]},
								"down": {"uv": [24, 6], "uv_size": [7, -2]}
							}
						}
					]
				}
			]
		}
	]
}