{
	"format_version": "1.12.0",
	"minecraft:geometry": [
		{
			"description": {
				"identifier": "geometry.ifood_bag",
				"texture_width": 64,
				"texture_height": 64,
				"visible_bounds_width": 3,
				"visible_bounds_height": 4,
				"visible_bounds_offset": [0, 1, 0]
			},
			"bones": [
				{
					"name": "head",
					"pivot": [0, 24, 0],
					"cubes": [
						{
							"origin": [-4, 24, -4],
							"size": [8, 8, 8],
							"uv": {
								"north": {"uv": [37, 60], "uv_size": [2, -5]},
								"east": {"uv": [37, 60], "uv_size": [2, -5]},
								"south": {"uv": [37, 60], "uv_size": [2, -5]},
								"west": {"uv": [37, 60], "uv_size": [2, -5]},
								"up": {"uv": [39, 55], "uv_size": [-2, 5]},
								"down": {"uv": [39, 55], "uv_size": [-2, 5]}
							}
						}
					]
				},
				{
					"name": "body",
					"pivot": [0, 24, 0],
					"cubes": [
						{
							"origin": [-4, 12, -2],
							"size": [8, 12, 4],
							"uv": {
								"north": {"uv": [37, 59], "uv_size": [5, -4]},
								"east": {"uv": [37, 59], "uv_size": [3, -4]},
								"south": {"uv": [37, 59], "uv_size": [3, -4]},
								"west": {"uv": [37, 59], "uv_size": [5, -4]},
								"up": {"uv": [40, 55], "uv_size": [-3, 4]},
								"down": {"uv": [40, 55], "uv_size": [-3, 4]}
							}
						}
					]
				},
				{
					"name": "bone",
					"parent": "body",
					"pivot": [0, 24, 0],
					"cubes": [
						{
							"origin": [5, 12, 2],
							"size": [1.3, 0.5, 3],
							"uv": {
								"north": {"uv": [63, 1], "uv_size": [-62, 30]},
								"east": {"uv": [63, 31], "uv_size": [-62, -30]},
								"south": {"uv": [63, 1], "uv_size": [-62, 30]},
								"west": {"uv": [63, 1], "uv_size": [-62, 30]},
								"up": {"uv": [63, 63], "uv_size": [-15, -30]},
								"down": {"uv": [63, 1], "uv_size": [-62, 30]}
							}
						},
						{
							"origin": [6, 12, 2],
							"size": [0.3, 6.5, 3],
							"uv": {
								"north": {"uv": [63, 1], "uv_size": [-62, 30]},
								"east": {"uv": [63, 31], "uv_size": [-62, -30]},
								"south": {"uv": [63, 1], "uv_size": [-62, 30]},
								"west": {"uv": [63, 1], "uv_size": [-62, 30]},
								"up": {"uv": [63, 63], "uv_size": [-15, -30]},
								"down": {"uv": [63, 1], "uv_size": [-62, 30]}
							}
						},
						{
							"origin": [5, 12, 10],
							"size": [1.3, 6.5, 0.2],
							"uv": {
								"north": {"uv": [1, 1], "uv_size": [62, 30]},
								"east": {"uv": [1, 31], "uv_size": [62, -30]},
								"south": {"uv": [1, 1], "uv_size": [62, 30]},
								"west": {"uv": [1, 1], "uv_size": [62, 30]},
								"up": {"uv": [63, 63], "uv_size": [-15, -30]},
								"down": {"uv": [63, 1], "uv_size": [-62, 30]}
							}
						},
						{
							"origin": [5, 12, 5],
							"size": [1.3, 6.5, 0.2],
							"uv": {
								"north": {"uv": [1, 1], "uv_size": [62, 30]},
								"east": {"uv": [1, 31], "uv_size": [62, -30]},
								"south": {"uv": [1, 1], "uv_size": [62, 30]},
								"west": {"uv": [1, 1], "uv_size": [62, 30]},
								"up": {"uv": [63, 63], "uv_size": [-15, -30]},
								"down": {"uv": [63, 1], "uv_size": [-62, 30]}
							}
						},
						{
							"origin": [5, 12, 6],
							"size": [1.3, 6.5, 0.2],
							"uv": {
								"north": {"uv": [1, 1], "uv_size": [62, 30]},
								"east": {"uv": [1, 31], "uv_size": [62, -30]},
								"south": {"uv": [1, 1], "uv_size": [62, 30]},
								"west": {"uv": [1, 1], "uv_size": [62, 30]},
								"up": {"uv": [63, 63], "uv_size": [-15, -30]},
								"down": {"uv": [63, 1], "uv_size": [-62, 30]}
							}
						},
						{
							"origin": [5, 12, 2],
							"size": [1.3, 6.5, 0.2],
							"uv": {
								"north": {"uv": [1, 1], "uv_size": [62, 30]},
								"east": {"uv": [1, 31], "uv_size": [62, -30]},
								"south": {"uv": [1, 1], "uv_size": [62, 30]},
								"west": {"uv": [1, 1], "uv_size": [62, 30]},
								"up": {"uv": [63, 63], "uv_size": [-15, -30]},
								"down": {"uv": [63, 1], "uv_size": [-62, 30]}
							}
						},
						{
							"origin": [5, 12, 6],
							"size": [1.3, 0.5, 4],
							"uv": {
								"north": {"uv": [1, 1], "uv_size": [62, 30]},
								"east": {"uv": [1, 31], "uv_size": [62, -30]},
								"south": {"uv": [1, 1], "uv_size": [62, 30]},
								"west": {"uv": [1, 1], "uv_size": [62, 30]},
								"up": {"uv": [63, 63], "uv_size": [-15, -30]},
								"down": {"uv": [63, 1], "uv_size": [-62, 30]}
							}
						},
						{
							"origin": [6, 12, 6],
							"size": [0.3, 6.5, 4],
							"uv": {
								"north": {"uv": [1, 1], "uv_size": [62, 30]},
								"east": {"uv": [1, 31], "uv_size": [62, -30]},
								"south": {"uv": [1, 1], "uv_size": [62, 30]},
								"west": {"uv": [1, 1], "uv_size": [62, 30]},
								"up": {"uv": [63, 63], "uv_size": [-15, -30]},
								"down": {"uv": [63, 1], "uv_size": [-62, 30]}
							}
						},
						{
							"origin": [-4.8, 12, 9],
							"size": [9.5, 7.5, 2.3],
							"uv": {
								"north": {"uv": [8, 19], "uv_size": [25, 12]},
								"east": {"uv": [48, 33], "uv_size": [15, 30]},
								"south": {"uv": [8, 19], "uv_size": [25, 12]},
								"west": {"uv": [48, 33], "uv_size": [15, 30]},
								"up": {"uv": [63, 63], "uv_size": [-15, -30]},
								"down": {"uv": [33, 31], "uv_size": [-25, -12]}
							}
						},
						{
							"origin": [-4.8, 13, 11.4],
							"size": [9.5, 6.5, 0],
							"uv": {
								"north": {"uv": [40, 61], "uv_size": [0, -3]},
								"east": {"uv": [40, 61], "uv_size": [0, -3]},
								"south": {"uv": [1, 33], "uv_size": [45, 30]},
								"west": {"uv": [40, 61], "uv_size": [0, -3]},
								"up": {"uv": [40, 58], "uv_size": [0, 3]},
								"down": {"uv": [40, 58], "uv_size": [0, 3]}
							}
						},
						{
							"origin": [-4.5, 24, 5.5],
							"size": [2.5, 0.3, 1.5],
							"pivot": [-4, 24, 6],
							"rotation": [0, 0, -35],
							"uv": {
								"north": {"uv": [48, 63], "uv_size": [15, -30]},
								"east": {"uv": [48, 63], "uv_size": [15, -30]},
								"south": {"uv": [48, 63], "uv_size": [15, -30]},
								"west": {"uv": [48, 63], "uv_size": [15, -30]},
								"up": {"uv": [63, 33], "uv_size": [-15, 30]},
								"down": {"uv": [63, 33], "uv_size": [-15, 30]}
							}
						},
						{
							"origin": [-2.5, 25, 5.5],
							"size": [5.5, 0.3, 1.5],
							"uv": {
								"north": {"uv": [48, 33], "uv_size": [15, 30]},
								"east": {"uv": [48, 33], "uv_size": [15, 30]},
								"south": {"uv": [48, 33], "uv_size": [15, 30]},
								"west": {"uv": [48, 33], "uv_size": [15, 30]},
								"up": {"uv": [63, 63], "uv_size": [-15, -30]},
								"down": {"uv": [63, 63], "uv_size": [-15, -30]}
							}
						},
						{
							"origin": [2.5, 24, 5.5],
							"size": [2.5, 0.3, 1.5],
							"pivot": [5, 24, 6],
							"rotation": [0, 0, 25],
							"uv": {
								"north": {"uv": [48, 33], "uv_size": [15, 30]},
								"east": {"uv": [48, 63], "uv_size": [15, -30]},
								"south": {"uv": [48, 33], "uv_size": [15, 30]},
								"west": {"uv": [48, 33], "uv_size": [15, 30]},
								"up": {"uv": [63, 63], "uv_size": [-15, -30]},
								"down": {"uv": [63, 33], "uv_size": [-15, 30]}
							}
						},
						{
							"origin": [-5.2, 12.1, 8],
							"size": [10.4, 12.2, 0.2],
							"uv": {
								"north": {"uv": [48, 63], "uv_size": [15, -30]},
								"east": {"uv": [48, 33], "uv_size": [15, 30]},
								"south": {"uv": [48, 33], "uv_size": [15, 30]},
								"west": {"uv": [48, 63], "uv_size": [15, -30]},
								"up": {"uv": [63, 63], "uv_size": [-15, -30]},
								"down": {"uv": [63, 33], "uv_size": [-15, 30]}
							}
						},
						{
							"origin": [-5, 12, 2],
							"size": [10, 12, 8],
							"uv": {
								"north": {"uv": [1, 31], "uv_size": [30, -30]},
								"east": {"uv": [1, 1], "uv_size": [30, 30]},
								"south": {"uv": [1, 1], "uv_size": [30, 30]},
								"west": {"uv": [1, 31], "uv_size": [30, -30]},
								"up": {"uv": [31, 31], "uv_size": [-30, -30]},
								"down": {"uv": [31, 1], "uv_size": [-30, 30]}
							}
						},
						{
							"origin": [-4, 15, -2.5],
							"size": [1, 9, 0.6],
							"uv": {
								"north": {"uv": [48, 63], "uv_size": [15, -30]},
								"east": {"uv": [48, 63], "uv_size": [15, -30]},
								"south": {"uv": [48, 63], "uv_size": [15, -30]},
								"west": {"uv": [48, 63], "uv_size": [15, -30]},
								"up": {"uv": [63, 33], "uv_size": [-15, 30]},
								"down": {"uv": [63, 33], "uv_size": [-15, 30]}
							}
						},
						{
							"origin": [-4, 24, -2.5],
							"size": [1, 5, 0.6],
							"pivot": [-4, 24, -2],
							"rotation": [-90, 0, 0],
							"uv": {
								"north": {"uv": [48, 63], "uv_size": [15, -30]},
								"east": {"uv": [48, 63], "uv_size": [15, -30]},
								"south": {"uv": [48, 63], "uv_size": [15, -30]},
								"west": {"uv": [48, 63], "uv_size": [15, -30]},
								"up": {"uv": [63, 33], "uv_size": [-15, 30]},
								"down": {"uv": [63, 33], "uv_size": [-15, 30]}
							}
						},
						{
							"origin": [3, 24, -2.5],
							"size": [1, 5, 0.6],
							"pivot": [-4, 24, -2],
							"rotation": [-90, 0, 0],
							"uv": {
								"north": {"uv": [48, 63], "uv_size": [15, -30]},
								"east": {"uv": [48, 63], "uv_size": [15, -30]},
								"south": {"uv": [48, 63], "uv_size": [15, -30]},
								"west": {"uv": [48, 63], "uv_size": [15, -30]},
								"up": {"uv": [63, 33], "uv_size": [-15, 30]},
								"down": {"uv": [63, 33], "uv_size": [-15, 30]}
							}
						},
						{
							"origin": [3, 24, 6.5],
							"size": [1, 5, 0.6],
							"pivot": [-4, 24, -2],
							"rotation": [-90, 0, 0],
							"uv": {
								"north": {"uv": [48, 63], "uv_size": [15, -30]},
								"east": {"uv": [48, 63], "uv_size": [15, -30]},
								"south": {"uv": [48, 63], "uv_size": [15, -30]},
								"west": {"uv": [48, 63], "uv_size": [15, -30]},
								"up": {"uv": [63, 33], "uv_size": [-15, 30]},
								"down": {"uv": [63, 33], "uv_size": [-15, 30]}
							}
						},
						{
							"origin": [-4, 24, 6.5],
							"size": [1, 5, 0.6],
							"pivot": [-4, 24, -2],
							"rotation": [-90, 0, 0],
							"uv": {
								"north": {"uv": [48, 63], "uv_size": [15, -30]},
								"east": {"uv": [48, 63], "uv_size": [15, -30]},
								"south": {"uv": [48, 63], "uv_size": [15, -30]},
								"west": {"uv": [48, 63], "uv_size": [15, -30]},
								"up": {"uv": [63, 33], "uv_size": [-15, 30]},
								"down": {"uv": [63, 33], "uv_size": [-15, 30]}
							}
						},
						{
							"origin": [3, 15, -2.5],
							"size": [1, 9, 0.6],
							"uv": {
								"north": {"uv": [48, 33], "uv_size": [15, 30]},
								"east": {"uv": [48, 33], "uv_size": [15, 30]},
								"south": {"uv": [48, 33], "uv_size": [15, 30]},
								"west": {"uv": [48, 33], "uv_size": [15, 30]},
								"up": {"uv": [63, 63], "uv_size": [-15, -30]},
								"down": {"uv": [63, 63], "uv_size": [-15, -30]}
							}
						}
					]
				},
				{
					"name": "leftArm",
					"pivot": [-5, 22, 0],
					"cubes": [
						{
							"origin": [-8, 12, -2],
							"size": [4, 12, 4],
							"uv": {
								"north": {"uv": [38, 61], "uv_size": [3, -3]},
								"east": {"uv": [38, 61], "uv_size": [3, -3]},
								"south": {"uv": [38, 61], "uv_size": [3, -3]},
								"west": {"uv": [44, 61], "uv_size": [-6, -3]},
								"up": {"uv": [41, 58], "uv_size": [-3, 3]},
								"down": {"uv": [41, 58], "uv_size": [-3, 3]}
							}
						}
					]
				},
				{
					"name": "rightArm",
					"pivot": [5, 22, 0],
					"cubes": [
						{
							"origin": [4, 12, -2],
							"size": [4, 12, 4],
							"uv": {
								"north": {"uv": [39, 60], "uv_size": [4, -3]},
								"east": {"uv": [39, 60], "uv_size": [4, -3]},
								"south": {"uv": [39, 60], "uv_size": [4, -3]},
								"west": {"uv": [39, 60], "uv_size": [5, -3]},
								"up": {"uv": [43, 57], "uv_size": [-4, 3]},
								"down": {"uv": [43, 57], "uv_size": [-4, 3]}
							}
						}
					]
				},
				{
					"name": "leftLeg",
					"pivot": [-1.9, 12, 0],
					"cubes": [
						{
							"origin": [-3.9, 0, -2],
							"size": [4, 12, 4],
							"uv": {
								"north": {"uv": [37, 57], "uv_size": [0, 1]},
								"east": {"uv": [37, 57], "uv_size": [0, 1]},
								"south": {"uv": [37, 57], "uv_size": [0, 1]},
								"west": {"uv": [37, 57], "uv_size": [0, 1]},
								"up": {"uv": [37, 58], "uv_size": [0, -1]},
								"down": {"uv": [37, 58], "uv_size": [0, -1]}
							}
						}
					]
				},
				{
					"name": "rightLeg",
					"pivot": [1.9, 12, 0],
					"cubes": [
						{
							"origin": [-0.1, 0, -2],
							"size": [4, 12, 4],
							"uv": {
								"north": {"uv": [40, 61], "uv_size": [-3, -5]},
								"east": {"uv": [40, 61], "uv_size": [0, -5]},
								"south": {"uv": [40, 61], "uv_size": [-3, -5]},
								"west": {"uv": [40, 61], "uv_size": [-3, -5]},
								"up": {"uv": [37, 56], "uv_size": [3, 5]},
								"down": {"uv": [37, 56], "uv_size": [3, 5]}
							}
						}
					]
				}
			]
		}
	]
}