{
    "format_version": "1.19.50",
    "minecraft:item": {
        "description": {
            "identifier": "rai:koryu_jurei_ball",
            "category": "commands"
        },
        "components": {
            "minecraft:creative_category": {
                "parent": "itemGroup.name.jujutsu"
            },
            "minecraft:icon": {
                "texture": "jurei_ball"
            },
            "minecraft:display_name": {
                "value": "text.jurei_soujutsu.jurei_ball"
            },
            "minecraft:render_offsets": {
				"main_hand": {
					"third_person": {
						"scale": [0.0225, 0.0225, 0.0225]
					},
					"first_person": {
						"scale": [0.0085, 0.0085, 0.0085]
					}
				},
				"off_hand": {
					"third_person": {
						"scale": [0.0225, 0.0225, 0.0225]
					},
					"first_person": {
						"scale": [0.0085, 0.0085, 0.0085]
					}
				}
			},
            "minecraft:cooldown": {
                "category": "jurei_ball",
                "duration": 1
            },
            "minecraft:on_use":{
                "on_use": {
                    "event": "jurei_ball"
                }
            },
            "minecraft:max_stack_size": 64,
            "minecraft:can_destroy_in_creative": false
        },
        "events": {
            "jurei_ball": {
                "decrement_stack": {
                    "ignore_game_mode": true
                },
                "run_command": {
                    "command": [
                        "function items/jurei_ball",
                        "scoreboard players add @s[tag=jurei_soujutsu] count_koryu 1",
                        "tellraw @s[tag=jurei_soujutsu] {\"rawtext\":[{\"translate\":\"text.jurei_soujutsu.set\"},{\"translate\":\"text.jurei_soujutsu.torikomu\"},{\"translate\":\"entity.rai:koryu_jurei.name\"},{\"translate\":\"text.jurei_soujutsu.torikomu2\"},{\"score\":{\"name\":\"@s\",\"objective\":\"count_koryu\"}},{\"translate\":\"text.jurei_soujutsu.count\"}]}"
                    ]
                }
            }
        }
    }
}
