{
	"format_version": "1.12.0",
	"minecraft:geometry": [
		{
			"description": {
				"identifier": "geometry.skin.fushiguro2",
				"texture_width": 64,
				"texture_height": 64,
				"visible_bounds_width": 5,
				"visible_bounds_height": 5,
				"visible_bounds_offset": [0, 1.5, 0]
			},
			"bones": [
				{
					"name": "root4",
					"pivot": [0, 0, 0]
				},
				{
					"name": "root3",
					"parent": "root4",
					"pivot": [0, 0, 0]
				},
				{
					"name": "root2",
					"parent": "root3",
					"pivot": [0, 0, 0]
				},
				{
					"name": "root",
					"parent": "root2",
					"pivot": [0, 0, 0]
				},
				{
					"name": "waist",
					"parent": "root",
					"pivot": [0, 12, 0]
				},
				{
					"name": "body",
					"parent": "waist",
					"pivot": [0, 24, 0],
					"cubes": [
						{
							"origin": [-4, 12, -2],
							"size": [8, 6, 4],
							"uv": {
								"north": {"uv": [20, 26], "uv_size": [8, 6]},
								"east": {"uv": [16, 26], "uv_size": [4, 6]},
								"south": {"uv": [32, 26], "uv_size": [8, 6]},
								"west": {"uv": [28, 26], "uv_size": [4, 6]},
								"up": {"uv": [0, 18], "uv_size": [0, 0]},
								"down": {"uv": [28, 20], "uv_size": [8, -4]}
							}
						}
					]
				},
				{
					"name": "jacket",
					"parent": "body",
					"pivot": [0, 24, 0],
					"cubes": [
						{
							"origin": [-4, 12, -2],
							"size": [8, 5.75, 4],
							"inflate": 0.25,
							"uv": {
								"north": {"uv": [20, 42], "uv_size": [8, 6]},
								"east": {"uv": [16, 42], "uv_size": [4, 6]},
								"south": {"uv": [32, 42], "uv_size": [8, 6]},
								"west": {"uv": [28, 42], "uv_size": [4, 6]},
								"up": {"uv": [0, 18], "uv_size": [0, 0]},
								"down": {"uv": [28, 36], "uv_size": [8, -4]}
							}
						}
					]
				},
				{
					"name": "player_body3",
					"parent": "body",
					"pivot": [0, 18, -2]
				},
				{
					"name": "player_body2",
					"parent": "player_body3",
					"pivot": [0, 18, 2]
				},
				{
					"name": "body_2",
					"parent": "player_body2",
					"pivot": [0, 24, 0],
					"cubes": [
						{
							"origin": [-4, 18, -2],
							"size": [8, 6, 4],
							"uv": {
								"north": {"uv": [20, 20], "uv_size": [8, 6]},
								"east": {"uv": [16, 20], "uv_size": [4, 6]},
								"south": {"uv": [32, 20], "uv_size": [8, 6]},
								"west": {"uv": [28, 20], "uv_size": [4, 6]},
								"up": {"uv": [20, 16], "uv_size": [8, 4]},
								"down": {"uv": [0, 18], "uv_size": [0, 0]}
							}
						}
					]
				},
				{
					"name": "jacket_2",
					"parent": "body_2",
					"pivot": [0, 24, 0],
					"cubes": [
						{
							"origin": [-4, 18.25, -2],
							"size": [8, 5.75, 4],
							"inflate": 0.25,
							"uv": {
								"north": {"uv": [20, 36], "uv_size": [8, 6]},
								"east": {"uv": [16, 36], "uv_size": [4, 6]},
								"south": {"uv": [32, 36], "uv_size": [8, 6]},
								"west": {"uv": [28, 36], "uv_size": [4, 6]},
								"up": {"uv": [20, 32], "uv_size": [8, 4]},
								"down": {"uv": [0, 18], "uv_size": [0, 0]}
							}
						}
					]
				},
				{
					"name": "head3",
					"parent": "player_body2",
					"pivot": [0, 24, 0]
				},
				{
					"name": "head2",
					"parent": "head3",
					"pivot": [0, 24, 0]
				},
				{
					"name": "head",
					"parent": "head2",
					"pivot": [0, 24, 0],
					"cubes": [
						{
							"origin": [-4, 24, -4],
							"size": [8, 8, 8],
							"uv": {
								"north": {"uv": [8, 8], "uv_size": [8, 8]},
								"east": {"uv": [0, 8], "uv_size": [8, 8]},
								"south": {"uv": [24, 8], "uv_size": [8, 8]},
								"west": {"uv": [16, 8], "uv_size": [8, 8]},
								"up": {"uv": [8, 0], "uv_size": [8, 8]},
								"down": {"uv": [16, 8], "uv_size": [8, -8]}
							}
						}
					],
					"locators": {
						"head_locator": [0, 24, -8]
					}
				},
				{
					"name": "hat",
					"parent": "head",
					"pivot": [0, 24, 0],
					"cubes": [
						{
							"origin": [-4, 24, -4],
							"size": [8, 8, 8],
							"inflate": 0.5,
							"uv": {
								"north": {"uv": [40, 8], "uv_size": [8, 8]},
								"east": {"uv": [32, 8], "uv_size": [8, 8]},
								"south": {"uv": [56, 8], "uv_size": [8, 8]},
								"west": {"uv": [48, 8], "uv_size": [8, 8]},
								"up": {"uv": [40, 0], "uv_size": [8, 8]},
								"down": {"uv": [48, 8], "uv_size": [8, -8]}
							}
						}
					]
				},
				{
					"name": "leftArm",
					"parent": "player_body2",
					"pivot": [5, 21.5, 0]
				},
				{
					"name": "custom_leftarm",
					"parent": "leftArm",
					"pivot": [5, 21.5, 0],
					"cubes": [
						{
							"origin": [4, 20.5, -2],
							"size": [4, 3, 4],
							"uv": {
								"north": {"uv": [36, 52], "uv_size": [4, 3]},
								"east": {"uv": [32, 52], "uv_size": [4, 3]},
								"south": {"uv": [44, 52], "uv_size": [4, 3]},
								"west": {"uv": [40, 52], "uv_size": [4, 3]},
								"up": {"uv": [36, 48], "uv_size": [4, 4]},
								"down": {"uv": [46, 50], "uv_size": [0, 0]}
							}
						}
					]
				},
				{
					"name": "customSlim_leftarm",
					"parent": "leftArm",
					"pivot": [5, 21.5, 0],
					"cubes": [
						{
							"origin": [4, 20.5, -2],
							"size": [3, 3, 4],
							"uv": {
								"north": {"uv": [36, 52], "uv_size": [3, 3]},
								"east": {"uv": [32, 52], "uv_size": [4, 3]},
								"south": {"uv": [43, 52], "uv_size": [3, 3]},
								"west": {"uv": [39, 52], "uv_size": [4, 3]},
								"up": {"uv": [36, 48], "uv_size": [3, 4]},
								"down": {"uv": [46, 50], "uv_size": [0, 0]}
							}
						}
					]
				},
				{
					"name": "leftSleeve",
					"parent": "leftArm",
					"pivot": [5, 21.5, 0]
				},
				{
					"name": "customSlim_leftSleeve",
					"parent": "leftSleeve",
					"pivot": [5, 21.5, 0],
					"cubes": [
						{
							"origin": [4, 20.75, -2],
							"size": [3, 2.75, 4],
							"inflate": 0.25,
							"uv": {
								"north": {"uv": [52, 52], "uv_size": [3, 3]},
								"east": {"uv": [48, 52], "uv_size": [4, 3]},
								"south": {"uv": [59, 52], "uv_size": [3, 3]},
								"west": {"uv": [55, 52], "uv_size": [4, 3]},
								"up": {"uv": [52, 48], "uv_size": [3, 4]},
								"down": {"uv": [46, 50], "uv_size": [0, 0]}
							}
						}
					]
				},
				{
					"name": "custom_leftSleeve",
					"parent": "leftSleeve",
					"pivot": [5, 21.5, 0],
					"cubes": [
						{
							"origin": [4, 20.75, -2],
							"size": [4, 2.75, 4],
							"inflate": 0.25,
							"uv": {
								"north": {"uv": [52, 52], "uv_size": [4, 3]},
								"east": {"uv": [48, 52], "uv_size": [4, 3]},
								"south": {"uv": [60, 52], "uv_size": [4, 3]},
								"west": {"uv": [56, 52], "uv_size": [4, 3]},
								"up": {"uv": [52, 48], "uv_size": [4, 4]},
								"down": {"uv": [46, 50], "uv_size": [0, 0]}
							}
						}
					]
				},
				{
					"name": "leftarm2",
					"parent": "leftArm",
					"pivot": [6, 20.5, 2]
				},
				{
					"name": "leftArm_2",
					"parent": "leftarm2",
					"pivot": [5, 21.5, 0]
				},
				{
					"name": "customSlim_leftarm2",
					"parent": "leftArm_2",
					"pivot": [5, 21.5, 0],
					"cubes": [
						{
							"origin": [4, 17.5, -2],
							"size": [3, 3, 4],
							"uv": {
								"north": {"uv": [36, 55], "uv_size": [3, 3]},
								"east": {"uv": [32, 55], "uv_size": [4, 3]},
								"south": {"uv": [43, 55], "uv_size": [3, 3]},
								"west": {"uv": [39, 55], "uv_size": [4, 3]},
								"up": {"uv": [46, 50], "uv_size": [0, 0]},
								"down": {"uv": [46, 50], "uv_size": [0, 0]}
							}
						}
					]
				},
				{
					"name": "custom_leftarm2",
					"parent": "leftArm_2",
					"pivot": [5, 21.5, 0],
					"cubes": [
						{
							"origin": [4, 17.5, -2],
							"size": [4, 3, 4],
							"uv": {
								"north": {"uv": [36, 55], "uv_size": [4, 3]},
								"east": {"uv": [32, 55], "uv_size": [4, 3]},
								"south": {"uv": [44, 55], "uv_size": [4, 3]},
								"west": {"uv": [40, 55], "uv_size": [4, 3]},
								"up": {"uv": [46, 50], "uv_size": [0, 0]},
								"down": {"uv": [46, 50], "uv_size": [0, 0]}
							}
						}
					]
				},
				{
					"name": "leftSleeve2",
					"parent": "leftArm_2",
					"pivot": [5, 21.5, 0]
				},
				{
					"name": "customSlim_leftSleeve2",
					"parent": "leftSleeve2",
					"pivot": [5, 21.5, 0],
					"cubes": [
						{
							"origin": [4, 17.75, -2],
							"size": [3, 2.5, 4],
							"inflate": 0.25,
							"uv": {
								"north": {"uv": [52, 55], "uv_size": [3, 3]},
								"east": {"uv": [48, 55], "uv_size": [4, 3]},
								"south": {"uv": [59, 55], "uv_size": [3, 3]},
								"west": {"uv": [55, 55], "uv_size": [4, 3]},
								"up": {"uv": [46, 50], "uv_size": [0, 0]},
								"down": {"uv": [46, 50], "uv_size": [0, 0]}
							}
						}
					]
				},
				{
					"name": "custom_leftSleeve2",
					"parent": "leftSleeve2",
					"pivot": [5, 21.5, 0],
					"cubes": [
						{
							"origin": [4, 17.75, -2],
							"size": [4, 2.5, 4],
							"inflate": 0.25,
							"uv": {
								"north": {"uv": [52, 55], "uv_size": [4, 3]},
								"east": {"uv": [48, 55], "uv_size": [4, 3]},
								"south": {"uv": [60, 55], "uv_size": [4, 3]},
								"west": {"uv": [56, 55], "uv_size": [4, 3]},
								"up": {"uv": [46, 50], "uv_size": [0, 0]},
								"down": {"uv": [46, 50], "uv_size": [0, 0]}
							}
						}
					]
				},
				{
					"name": "leftarm3",
					"parent": "leftArm_2",
					"pivot": [6, 17.5, 2]
				},
				{
					"name": "leftArm_3",
					"parent": "leftarm3",
					"pivot": [5, 21.5, 0]
				},
				{
					"name": "leftSleeve3",
					"parent": "leftArm_3",
					"pivot": [5, 21.5, 0]
				},
				{
					"name": "customSlim_leftSleeve3",
					"parent": "leftSleeve3",
					"pivot": [5, 21.5, 0],
					"cubes": [
						{
							"origin": [4, 14.75, -2],
							"size": [3, 2.5, 4],
							"inflate": 0.25,
							"uv": {
								"north": {"uv": [52, 58], "uv_size": [3, 3]},
								"east": {"uv": [48, 58], "uv_size": [4, 3]},
								"south": {"uv": [59, 58], "uv_size": [3, 3]},
								"west": {"uv": [55, 58], "uv_size": [4, 3]},
								"up": {"uv": [46, 50], "uv_size": [0, 0]},
								"down": {"uv": [46, 50], "uv_size": [0, 0]}
							}
						}
					]
				},
				{
					"name": "custom_leftSleeve3",
					"parent": "leftSleeve3",
					"pivot": [5, 21.5, 0],
					"cubes": [
						{
							"origin": [4, 14.75, -2],
							"size": [4, 2.5, 4],
							"inflate": 0.25,
							"uv": {
								"north": {"uv": [52, 58], "uv_size": [4, 3]},
								"east": {"uv": [48, 58], "uv_size": [4, 3]},
								"south": {"uv": [60, 58], "uv_size": [4, 3]},
								"west": {"uv": [56, 58], "uv_size": [4, 3]},
								"up": {"uv": [46, 50], "uv_size": [0, 0]},
								"down": {"uv": [46, 50], "uv_size": [0, 0]}
							}
						}
					]
				},
				{
					"name": "leftarm4",
					"parent": "leftArm_3",
					"pivot": [6, 14.5, 2]
				},
				{
					"name": "leftArm_4",
					"parent": "leftarm4",
					"pivot": [5, 21.5, 0],
					"locators": {
						"leftarm": [6, 12, 0]
					}
				},
				{
					"name": "customSlim_leftarm4",
					"parent": "leftArm_4",
					"pivot": [5, 21.5, 0],
					"cubes": [
						{
							"origin": [4, 11.5, -2],
							"size": [3, 3, 4],
							"uv": {
								"north": {"uv": [36, 61], "uv_size": [3, 3]},
								"east": {"uv": [32, 61], "uv_size": [4, 3]},
								"south": {"uv": [43, 61], "uv_size": [3, 3]},
								"west": {"uv": [39, 61], "uv_size": [4, 3]},
								"up": {"uv": [46, 50], "uv_size": [0, 0]},
								"down": {"uv": [39, 48], "uv_size": [3, 4]}
							}
						}
					]
				},
				{
					"name": "custom_leftarm4",
					"parent": "leftArm_4",
					"pivot": [5, 21.5, 0],
					"cubes": [
						{
							"origin": [4, 11.5, -2],
							"size": [4, 3, 4],
							"uv": {
								"north": {"uv": [36, 61], "uv_size": [4, 3]},
								"east": {"uv": [32, 61], "uv_size": [4, 3]},
								"south": {"uv": [44, 61], "uv_size": [4, 3]},
								"west": {"uv": [40, 61], "uv_size": [4, 3]},
								"up": {"uv": [46, 50], "uv_size": [0, 0]},
								"down": {"uv": [40, 48], "uv_size": [4, 4]}
							}
						}
					]
				},
				{
					"name": "leftSleeve4",
					"parent": "leftArm_4",
					"pivot": [5, 21.5, 0]
				},
				{
					"name": "customSlim_leftSleeve4",
					"parent": "leftSleeve4",
					"pivot": [5, 21.5, 0],
					"cubes": [
						{
							"origin": [4, 11.5, -2],
							"size": [3, 2.75, 4],
							"inflate": 0.25,
							"uv": {
								"north": {"uv": [52, 61], "uv_size": [3, 3]},
								"east": {"uv": [48, 61], "uv_size": [4, 3]},
								"south": {"uv": [59, 61], "uv_size": [3, 3]},
								"west": {"uv": [55, 61], "uv_size": [4, 3]},
								"up": {"uv": [46, 50], "uv_size": [0, 0]},
								"down": {"uv": [55, 52], "uv_size": [3, -4]}
							}
						}
					]
				},
				{
					"name": "custom_leftSleeve4",
					"parent": "leftSleeve4",
					"pivot": [5, 21.5, 0],
					"cubes": [
						{
							"origin": [4, 11.5, -2],
							"size": [4, 2.75, 4],
							"inflate": 0.25,
							"uv": {
								"north": {"uv": [52, 61], "uv_size": [4, 3]},
								"east": {"uv": [48, 61], "uv_size": [4, 3]},
								"south": {"uv": [60, 61], "uv_size": [4, 3]},
								"west": {"uv": [56, 61], "uv_size": [4, 3]},
								"up": {"uv": [46, 50], "uv_size": [0, 0]},
								"down": {"uv": [56, 52], "uv_size": [4, -4]}
							}
						}
					]
				},
				{
					"name": "customSlim_leftarm3",
					"parent": "leftArm_3",
					"pivot": [5, 21.5, 0],
					"cubes": [
						{
							"origin": [4, 14.5, -2],
							"size": [3, 3, 4],
							"uv": {
								"north": {"uv": [36, 58], "uv_size": [3, 3]},
								"east": {"uv": [32, 58], "uv_size": [4, 3]},
								"south": {"uv": [43, 58], "uv_size": [3, 3]},
								"west": {"uv": [39, 58], "uv_size": [4, 3]},
								"up": {"uv": [46, 50], "uv_size": [0, 0]},
								"down": {"uv": [46, 50], "uv_size": [0, 0]}
							}
						}
					]
				},
				{
					"name": "custom_leftarm3",
					"parent": "leftArm_3",
					"pivot": [5, 21.5, 0],
					"cubes": [
						{
							"origin": [4, 14.5, -2],
							"size": [4, 3, 4],
							"uv": {
								"north": {"uv": [36, 58], "uv_size": [4, 3]},
								"east": {"uv": [32, 58], "uv_size": [4, 3]},
								"south": {"uv": [44, 58], "uv_size": [4, 3]},
								"west": {"uv": [40, 58], "uv_size": [4, 3]},
								"up": {"uv": [46, 50], "uv_size": [0, 0]},
								"down": {"uv": [46, 50], "uv_size": [0, 0]}
							}
						}
					]
				},
				{
					"name": "leftItem",
					"parent": "leftArm",
					"pivot": [6, 14.5, 1]
				},
				{
					"name": "rightArm",
					"parent": "player_body2",
					"pivot": [-5, 21.5, 0]
				},
				{
					"name": "customSlim_rightarm",
					"parent": "rightArm",
					"pivot": [-5, 21.5, 0],
					"cubes": [
						{
							"origin": [-7, 20.5, -2],
							"size": [3, 3, 4],
							"uv": {
								"north": {"uv": [44, 20], "uv_size": [3, 3]},
								"east": {"uv": [40, 20], "uv_size": [4, 3]},
								"south": {"uv": [51, 20], "uv_size": [3, 3]},
								"west": {"uv": [47, 20], "uv_size": [4, 3]},
								"up": {"uv": [44, 16], "uv_size": [3, 4]},
								"down": {"uv": [46, 50], "uv_size": [0, 0]}
							}
						}
					]
				},
				{
					"name": "custom_rightarm",
					"parent": "rightArm",
					"pivot": [-5, 21.5, 0],
					"cubes": [
						{
							"origin": [-8, 20.5, -2],
							"size": [4, 3, 4],
							"uv": {
								"north": {"uv": [44, 20], "uv_size": [4, 3]},
								"east": {"uv": [40, 20], "uv_size": [4, 3]},
								"south": {"uv": [52, 20], "uv_size": [4, 3]},
								"west": {"uv": [48, 20], "uv_size": [4, 3]},
								"up": {"uv": [44, 16], "uv_size": [4, 4]},
								"down": {"uv": [46, 50], "uv_size": [0, 0]}
							}
						}
					]
				},
				{
					"name": "rightSleeve",
					"parent": "rightArm",
					"pivot": [-5, 21.5, 0]
				},
				{
					"name": "customSlim_rightSleeve",
					"parent": "rightSleeve",
					"pivot": [-5, 21.5, 0],
					"cubes": [
						{
							"origin": [-7, 20.75, -2],
							"size": [3, 2.75, 4],
							"inflate": 0.25,
							"uv": {
								"north": {"uv": [44, 36], "uv_size": [3, 3]},
								"east": {"uv": [40, 36], "uv_size": [4, 3]},
								"south": {"uv": [51, 36], "uv_size": [3, 3]},
								"west": {"uv": [47, 36], "uv_size": [4, 3]},
								"up": {"uv": [44, 32], "uv_size": [3, 4]},
								"down": {"uv": [46, 50], "uv_size": [0, 0]}
							}
						}
					]
				},
				{
					"name": "custom_rightSleeve",
					"parent": "rightSleeve",
					"pivot": [-5, 21.5, 0],
					"cubes": [
						{
							"origin": [-8, 20.75, -2],
							"size": [4, 2.75, 4],
							"inflate": 0.25,
							"uv": {
								"north": {"uv": [44, 36], "uv_size": [4, 3]},
								"east": {"uv": [40, 36], "uv_size": [4, 3]},
								"south": {"uv": [52, 36], "uv_size": [4, 3]},
								"west": {"uv": [48, 36], "uv_size": [4, 3]},
								"up": {"uv": [44, 32], "uv_size": [4, 4]},
								"down": {"uv": [46, 50], "uv_size": [0, 0]}
							}
						}
					]
				},
				{
					"name": "rightarm2",
					"parent": "rightArm",
					"pivot": [-6, 20.5, 2]
				},
				{
					"name": "rightArm_2",
					"parent": "rightarm2",
					"pivot": [-5, 21.5, 0]
				},
				{
					"name": "customSlim_rightarm2",
					"parent": "rightArm_2",
					"pivot": [-5, 21.5, 0],
					"cubes": [
						{
							"origin": [-7, 17.5, -2],
							"size": [3, 3, 4],
							"uv": {
								"north": {"uv": [44, 23], "uv_size": [3, 3]},
								"east": {"uv": [40, 23], "uv_size": [4, 3]},
								"south": {"uv": [51, 23], "uv_size": [3, 3]},
								"west": {"uv": [47, 23], "uv_size": [4, 3]},
								"up": {"uv": [46, 50], "uv_size": [0, 0]},
								"down": {"uv": [46, 50], "uv_size": [0, 0]}
							}
						}
					]
				},
				{
					"name": "custom_rightarm2",
					"parent": "rightArm_2",
					"pivot": [-5, 21.5, 0],
					"cubes": [
						{
							"origin": [-8, 17.5, -2],
							"size": [4, 3, 4],
							"uv": {
								"north": {"uv": [44, 23], "uv_size": [4, 3]},
								"east": {"uv": [40, 23], "uv_size": [4, 3]},
								"south": {"uv": [52, 23], "uv_size": [4, 3]},
								"west": {"uv": [48, 23], "uv_size": [4, 3]},
								"up": {"uv": [46, 50], "uv_size": [0, 0]},
								"down": {"uv": [46, 50], "uv_size": [0, 0]}
							}
						}
					]
				},
				{
					"name": "rightSleeve2",
					"parent": "rightArm_2",
					"pivot": [-5, 21.5, 0]
				},
				{
					"name": "customSlim_rightSleeve2",
					"parent": "rightSleeve2",
					"pivot": [-5, 21.5, 0],
					"cubes": [
						{
							"origin": [-7, 17.75, -2],
							"size": [3, 2.5, 4],
							"inflate": 0.25,
							"uv": {
								"north": {"uv": [44, 39], "uv_size": [3, 3]},
								"east": {"uv": [40, 39], "uv_size": [4, 3]},
								"south": {"uv": [51, 39], "uv_size": [3, 3]},
								"west": {"uv": [47, 39], "uv_size": [4, 3]},
								"up": {"uv": [46, 50], "uv_size": [0, 0]},
								"down": {"uv": [46, 50], "uv_size": [0, 0]}
							}
						}
					]
				},
				{
					"name": "custom_rightSleeve2",
					"parent": "rightSleeve2",
					"pivot": [-5, 21.5, 0],
					"cubes": [
						{
							"origin": [-8, 17.75, -2],
							"size": [4, 2.5, 4],
							"inflate": 0.25,
							"uv": {
								"north": {"uv": [44, 39], "uv_size": [4, 3]},
								"east": {"uv": [40, 39], "uv_size": [4, 3]},
								"south": {"uv": [52, 39], "uv_size": [4, 3]},
								"west": {"uv": [48, 39], "uv_size": [4, 3]},
								"up": {"uv": [46, 50], "uv_size": [0, 0]},
								"down": {"uv": [46, 50], "uv_size": [0, 0]}
							}
						}
					]
				},
				{
					"name": "rightarm3",
					"parent": "rightArm_2",
					"pivot": [-6, 17.5, 2]
				},
				{
					"name": "rightArm_3",
					"parent": "rightarm3",
					"pivot": [-5, 21.5, 0]
				},
				{
					"name": "customSlim_rightarm3",
					"parent": "rightArm_3",
					"pivot": [-5, 21.5, 0],
					"cubes": [
						{
							"origin": [-7, 14.5, -2],
							"size": [3, 3, 4],
							"uv": {
								"north": {"uv": [44, 26], "uv_size": [3, 3]},
								"east": {"uv": [40, 26], "uv_size": [4, 3]},
								"south": {"uv": [51, 26], "uv_size": [3, 3]},
								"west": {"uv": [47, 26], "uv_size": [4, 3]},
								"up": {"uv": [46, 50], "uv_size": [0, 0]},
								"down": {"uv": [46, 50], "uv_size": [0, 0]}
							}
						}
					]
				},
				{
					"name": "custom_rightarm3",
					"parent": "rightArm_3",
					"pivot": [-5, 21.5, 0],
					"cubes": [
						{
							"origin": [-8, 14.5, -2],
							"size": [4, 3, 4],
							"uv": {
								"north": {"uv": [44, 26], "uv_size": [4, 3]},
								"east": {"uv": [40, 26], "uv_size": [4, 3]},
								"south": {"uv": [52, 26], "uv_size": [4, 3]},
								"west": {"uv": [48, 26], "uv_size": [4, 3]},
								"up": {"uv": [46, 50], "uv_size": [0, 0]},
								"down": {"uv": [46, 50], "uv_size": [0, 0]}
							}
						}
					]
				},
				{
					"name": "rightSleeve3",
					"parent": "rightArm_3",
					"pivot": [-5, 21.5, 0]
				},
				{
					"name": "customSlim_rightSleeve3",
					"parent": "rightSleeve3",
					"pivot": [-5, 21.5, 0],
					"cubes": [
						{
							"origin": [-7, 14.75, -2],
							"size": [3, 2.5, 4],
							"inflate": 0.25,
							"uv": {
								"north": {"uv": [44, 42], "uv_size": [3, 3]},
								"east": {"uv": [40, 42], "uv_size": [4, 3]},
								"south": {"uv": [51, 42], "uv_size": [3, 3]},
								"west": {"uv": [47, 42], "uv_size": [4, 3]},
								"up": {"uv": [46, 50], "uv_size": [0, 0]},
								"down": {"uv": [46, 50], "uv_size": [0, 0]}
							}
						}
					]
				},
				{
					"name": "custom_rightSleeve3",
					"parent": "rightSleeve3",
					"pivot": [-5, 21.5, 0],
					"cubes": [
						{
							"origin": [-8, 14.75, -2],
							"size": [4, 2.5, 4],
							"inflate": 0.25,
							"uv": {
								"north": {"uv": [44, 42], "uv_size": [4, 3]},
								"east": {"uv": [40, 42], "uv_size": [4, 3]},
								"south": {"uv": [52, 42], "uv_size": [4, 3]},
								"west": {"uv": [48, 42], "uv_size": [4, 3]},
								"up": {"uv": [46, 50], "uv_size": [0, 0]},
								"down": {"uv": [46, 50], "uv_size": [0, 0]}
							}
						}
					]
				},
				{
					"name": "rightarm4",
					"parent": "rightArm_3",
					"pivot": [-6, 14.5, 2]
				},
				{
					"name": "rightArm_4",
					"parent": "rightarm4",
					"pivot": [-5, 21.5, 0],
					"locators": {
						"rightarm": [-6, 12, 0]
					}
				},
				{
					"name": "customSlim_rightarm4",
					"parent": "rightArm_4",
					"pivot": [-5, 21.5, 0],
					"cubes": [
						{
							"origin": [-7, 11.5, -2],
							"size": [3, 3, 4],
							"uv": {
								"north": {"uv": [44, 29], "uv_size": [3, 3]},
								"east": {"uv": [40, 29], "uv_size": [4, 3]},
								"south": {"uv": [51, 29], "uv_size": [3, 3]},
								"west": {"uv": [47, 29], "uv_size": [4, 3]},
								"up": {"uv": [46, 50], "uv_size": [0, 0]},
								"down": {"uv": [47, 20], "uv_size": [3, -4]}
							}
						}
					]
				},
				{
					"name": "custom_rightarm4",
					"parent": "rightArm_4",
					"pivot": [-5, 21.5, 0],
					"cubes": [
						{
							"origin": [-8, 11.5, -2],
							"size": [4, 3, 4],
							"uv": {
								"north": {"uv": [44, 29], "uv_size": [4, 3]},
								"east": {"uv": [40, 29], "uv_size": [4, 3]},
								"south": {"uv": [52, 29], "uv_size": [4, 3]},
								"west": {"uv": [48, 29], "uv_size": [4, 3]},
								"up": {"uv": [46, 50], "uv_size": [0, 0]},
								"down": {"uv": [48, 20], "uv_size": [4, -4]}
							}
						}
					]
				},
				{
					"name": "rightSleeve4",
					"parent": "rightArm_4",
					"pivot": [-5, 21.5, 0]
				},
				{
					"name": "customSlim_rightSleeve4",
					"parent": "rightSleeve4",
					"pivot": [-5, 21.5, 0],
					"cubes": [
						{
							"origin": [-7, 11.5, -2],
							"size": [3, 2.75, 4],
							"inflate": 0.25,
							"uv": {
								"north": {"uv": [44, 45], "uv_size": [3, 3]},
								"east": {"uv": [40, 45], "uv_size": [4, 3]},
								"south": {"uv": [51, 45], "uv_size": [3, 3]},
								"west": {"uv": [47, 45], "uv_size": [4, 3]},
								"up": {"uv": [46, 50], "uv_size": [0, 0]},
								"down": {"uv": [47, 36], "uv_size": [3, -4]}
							}
						}
					]
				},
				{
					"name": "custom_rightSleeve4",
					"parent": "rightSleeve4",
					"pivot": [-5, 21.5, 0],
					"cubes": [
						{
							"origin": [-8, 11.5, -2],
							"size": [4, 2.75, 4],
							"inflate": 0.25,
							"uv": {
								"north": {"uv": [44, 45], "uv_size": [4, 3]},
								"east": {"uv": [40, 45], "uv_size": [4, 3]},
								"south": {"uv": [52, 45], "uv_size": [4, 3]},
								"west": {"uv": [48, 45], "uv_size": [4, 3]},
								"up": {"uv": [46, 50], "uv_size": [0, 0]},
								"down": {"uv": [48, 36], "uv_size": [4, -4]}
							}
						}
					]
				},
				{
					"name": "rightItem",
					"parent": "rightArm",
					"pivot": [-6, 14.5, 1]
				},
				{
					"name": "cape",
					"parent": "player_body2",
					"pivot": [0, 24, -3]
				},
				{
					"name": "rightLeg",
					"parent": "root",
					"pivot": [-1.9, 12, 0],
					"cubes": [
						{
							"origin": [-3.9, 9, -2],
							"size": [4, 3, 4],
							"uv": {
								"north": {"uv": [4, 20], "uv_size": [4, 3]},
								"east": {"uv": [0, 20], "uv_size": [4, 3]},
								"south": {"uv": [12, 20], "uv_size": [4, 3]},
								"west": {"uv": [8, 20], "uv_size": [4, 3]},
								"up": {"uv": [4, 16], "uv_size": [4, 4]},
								"down": {"uv": [46, 50], "uv_size": [0, 0]}
							}
						}
					]
				},
				{
					"name": "rightPants",
					"parent": "rightLeg",
					"pivot": [-1.9, 12, 0],
					"cubes": [
						{
							"origin": [-3.9, 9.25, -2],
							"size": [4, 2.75, 4],
							"inflate": 0.25,
							"uv": {
								"north": {"uv": [4, 36], "uv_size": [4, 3]},
								"east": {"uv": [0, 36], "uv_size": [4, 3]},
								"south": {"uv": [12, 36], "uv_size": [4, 3]},
								"west": {"uv": [8, 36], "uv_size": [4, 3]},
								"up": {"uv": [4, 32], "uv_size": [4, 4]},
								"down": {"uv": [46, 50], "uv_size": [0, 0]}
							}
						}
					]
				},
				{
					"name": "rightLeg_2",
					"parent": "rightLeg",
					"pivot": [-1.9, 12, 0],
					"cubes": [
						{
							"origin": [-3.9, 6, -2],
							"size": [4, 3, 4],
							"uv": {
								"north": {"uv": [4, 23], "uv_size": [4, 3]},
								"east": {"uv": [0, 23], "uv_size": [4, 3]},
								"south": {"uv": [12, 23], "uv_size": [4, 3]},
								"west": {"uv": [8, 23], "uv_size": [4, 3]},
								"up": {"uv": [46, 50], "uv_size": [0, 0]},
								"down": {"uv": [46, 50], "uv_size": [0, 0]}
							}
						}
					]
				},
				{
					"name": "rightPants2",
					"parent": "rightLeg_2",
					"pivot": [-1.9, 12, 0],
					"cubes": [
						{
							"origin": [-3.9, 6.25, -2],
							"size": [4, 2.5, 4],
							"inflate": 0.25,
							"uv": {
								"north": {"uv": [4, 39], "uv_size": [4, 3]},
								"east": {"uv": [0, 39], "uv_size": [4, 3]},
								"south": {"uv": [12, 39], "uv_size": [4, 3]},
								"west": {"uv": [8, 39], "uv_size": [4, 3]},
								"up": {"uv": [46, 50], "uv_size": [0, 0]},
								"down": {"uv": [46, 50], "uv_size": [0, 0]}
							}
						}
					]
				},
				{
					"name": "rightleg3",
					"parent": "rightLeg_2",
					"pivot": [-1.9, 6, -2]
				},
				{
					"name": "rightLeg_3",
					"parent": "rightleg3",
					"pivot": [-1.9, 12, 0],
					"cubes": [
						{
							"origin": [-3.9, 3, -2],
							"size": [4, 3, 4],
							"uv": {
								"north": {"uv": [4, 26], "uv_size": [4, 3]},
								"east": {"uv": [0, 26], "uv_size": [4, 3]},
								"south": {"uv": [12, 26], "uv_size": [4, 3]},
								"west": {"uv": [8, 26], "uv_size": [4, 3]},
								"up": {"uv": [46, 50], "uv_size": [0, 0]},
								"down": {"uv": [46, 50], "uv_size": [0, 0]}
							}
						}
					]
				},
				{
					"name": "rightPants3",
					"parent": "rightLeg_3",
					"pivot": [-1.9, 12, 0],
					"cubes": [
						{
							"origin": [-3.9, 3.25, -2],
							"size": [4, 2.5, 4],
							"inflate": 0.25,
							"uv": {
								"north": {"uv": [4, 42], "uv_size": [4, 3]},
								"east": {"uv": [0, 42], "uv_size": [4, 3]},
								"south": {"uv": [12, 42], "uv_size": [4, 3]},
								"west": {"uv": [8, 42], "uv_size": [4, 3]},
								"up": {"uv": [46, 50], "uv_size": [0, 0]},
								"down": {"uv": [46, 50], "uv_size": [0, 0]}
							}
						}
					]
				},
				{
					"name": "rightLeg_4",
					"parent": "rightLeg_3",
					"pivot": [-1.9, 12, 0],
					"cubes": [
						{
							"origin": [-3.9, 0, -2],
							"size": [4, 3, 4],
							"uv": {
								"north": {"uv": [4, 29], "uv_size": [4, 3]},
								"east": {"uv": [0, 29], "uv_size": [4, 3]},
								"south": {"uv": [12, 29], "uv_size": [4, 3]},
								"west": {"uv": [8, 29], "uv_size": [4, 3]},
								"up": {"uv": [46, 50], "uv_size": [0, 0]},
								"down": {"uv": [8, 16], "uv_size": [4, 4]}
							}
						}
					],
					"locators": {
						"rightleg": [-2, 0, 0]
					}
				},
				{
					"name": "rightPants4",
					"parent": "rightLeg_4",
					"pivot": [-1.9, 12, 0],
					"cubes": [
						{
							"origin": [-3.9, 0, -2],
							"size": [4, 2.75, 4],
							"inflate": 0.25,
							"uv": {
								"north": {"uv": [4, 45], "uv_size": [4, 3]},
								"east": {"uv": [0, 45], "uv_size": [4, 3]},
								"south": {"uv": [12, 45], "uv_size": [4, 3]},
								"west": {"uv": [8, 45], "uv_size": [4, 3]},
								"up": {"uv": [46, 50], "uv_size": [0, 0]},
								"down": {"uv": [8, 32], "uv_size": [4, 4]}
							}
						}
					]
				},
				{
					"name": "fushiguro_touji_pants_bone29",
					"parent": "rightLeg",
					"pivot": [-1.65, 1, 0],
					"cubes": [
						{
							"origin": [-4.16187, 2.58089, -2.25],
							"size": [4.5, 3, 4.5],
							"uv": {
								"north": {"uv": [20, 52], "uv_size": [4, 8]},
								"east": {"uv": [16, 52], "uv_size": [4, 8]},
								"south": {"uv": [28, 52], "uv_size": [4, 8]},
								"west": {"uv": [24, 52], "uv_size": [4, 8]},
								"up": {"uv": [20, 48], "uv_size": [4, 4]},
								"down": {"uv": [24, 52], "uv_size": [4, -4]}
							}
						}
					]
				},
				{
					"name": "fushiguro_touji_pants_bone28",
					"parent": "fushiguro_touji_pants_bone29",
					"pivot": [-1.65, 1, 0],
					"cubes": [
						{
							"origin": [-6.29303, 4.25508, -2.25],
							"size": [4, 8.5, 4.5],
							"pivot": [-2.39303, 0.75508, -0.25],
							"rotation": [0, 0, 10],
							"uv": {
								"north": {"uv": [24, 52], "uv_size": [-4, 8]},
								"east": {"uv": [28, 52], "uv_size": [-4, 8]},
								"south": {"uv": [32, 52], "uv_size": [-4, 8]},
								"west": {"uv": [20, 52], "uv_size": [-4, 8]},
								"up": {"uv": [24, 48], "uv_size": [-4, 4]},
								"down": {"uv": [28, 52], "uv_size": [-4, -4]}
							}
						},
						{
							"origin": [0.21081, 6.12891, -2.25],
							"size": [4, 2.725, 4.5],
							"pivot": [4.11081, -3.14609, -0.25],
							"rotation": [0, 0, -32.5],
							"uv": {
								"north": {"uv": [24, 52], "uv_size": [-4, 8]},
								"east": {"uv": [28, 52], "uv_size": [-4, 8]},
								"south": {"uv": [32, 52], "uv_size": [-4, 8]},
								"west": {"uv": [20, 52], "uv_size": [-4, 8]},
								"up": {"uv": [24, 48], "uv_size": [-4, 4]},
								"down": {"uv": [28, 52], "uv_size": [-4, -4]}
							}
						}
					]
				},
				{
					"name": "fushiguro_touji_pants_bone26",
					"parent": "fushiguro_touji_pants_bone29",
					"pivot": [-1.4, 1, 0],
					"rotation": [0, -45, 0],
					"cubes": [
						{
							"origin": [-6.46947, 4.25508, -0.62953],
							"size": [4, 3.1, 1.85],
							"pivot": [-2.56947, 0.75508, -1.27953],
							"rotation": [0, 0, 10],
							"uv": {
								"north": {"uv": [24, 52], "uv_size": [-4, 8]},
								"east": {"uv": [28, 52], "uv_size": [-4, 8]},
								"south": {"uv": [32, 52], "uv_size": [-4, 8]},
								"west": {"uv": [20, 52], "uv_size": [-4, 8]},
								"up": {"uv": [24, 48], "uv_size": [-4, 4]},
								"down": {"uv": [28, 52], "uv_size": [-4, -4]}
							}
						},
						{
							"origin": [-6.46947, 4.25508, -0.40453],
							"size": [4, 6.4, 1.2],
							"pivot": [-2.56947, 0.75508, -1.27953],
							"rotation": [0, 0, 10],
							"uv": {
								"north": {"uv": [24, 52], "uv_size": [-4, 8]},
								"east": {"uv": [28, 52], "uv_size": [-4, 8]},
								"south": {"uv": [32, 52], "uv_size": [-4, 8]},
								"west": {"uv": [20, 52], "uv_size": [-4, 8]},
								"up": {"uv": [24, 48], "uv_size": [-4, 4]},
								"down": {"uv": [28, 52], "uv_size": [-4, -4]}
							}
						},
						{
							"origin": [0.03437, 7.80391, -0.62953],
							"size": [4, 1.05, 1.85],
							"pivot": [3.93437, -3.14609, -1.27953],
							"rotation": [0, 0, -32.5],
							"uv": {
								"north": {"uv": [24, 52], "uv_size": [-4, 8]},
								"east": {"uv": [28, 52], "uv_size": [-4, 8]},
								"south": {"uv": [32, 52], "uv_size": [-4, 8]},
								"west": {"uv": [20, 52], "uv_size": [-4, 8]},
								"up": {"uv": [24, 48], "uv_size": [-4, 4]},
								"down": {"uv": [28, 52], "uv_size": [-4, -4]}
							}
						},
						{
							"origin": [0.03437, 6.57891, -0.22953],
							"size": [4, 2.275, 1],
							"pivot": [3.93437, -3.14609, -1.27953],
							"rotation": [0, 0, -32.5],
							"uv": {
								"north": {"uv": [24, 52], "uv_size": [-4, 8]},
								"east": {"uv": [28, 52], "uv_size": [-4, 8]},
								"south": {"uv": [32, 52], "uv_size": [-4, 8]},
								"west": {"uv": [20, 52], "uv_size": [-4, 8]},
								"up": {"uv": [24, 48], "uv_size": [-4, 4]},
								"down": {"uv": [28, 52], "uv_size": [-4, -4]}
							}
						}
					]
				},
				{
					"name": "fushiguro_touji_pants_bone25",
					"parent": "fushiguro_touji_pants_bone29",
					"pivot": [-1.4, 1, 0],
					"rotation": [0, 45, 0],
					"cubes": [
						{
							"origin": [-6.46947, 4.25508, -1.22047],
							"size": [4, 3.1, 1.85],
							"pivot": [-2.56947, 0.75508, 1.27953],
							"rotation": [0, 0, 10],
							"uv": {
								"north": {"uv": [28, 52], "uv_size": [4, 8]},
								"east": {"uv": [24, 52], "uv_size": [4, 8]},
								"south": {"uv": [20, 52], "uv_size": [4, 8]},
								"west": {"uv": [16, 52], "uv_size": [4, 8]},
								"up": {"uv": [24, 52], "uv_size": [-4, -4]},
								"down": {"uv": [28, 48], "uv_size": [-4, 4]}
							}
						},
						{
							"origin": [-6.46947, 4.25508, -0.79547],
							"size": [4, 6.4, 1.2],
							"pivot": [-2.56947, 0.75508, 1.27953],
							"rotation": [0, 0, 10],
							"uv": {
								"north": {"uv": [28, 52], "uv_size": [4, 8]},
								"east": {"uv": [24, 52], "uv_size": [4, 8]},
								"south": {"uv": [20, 52], "uv_size": [4, 8]},
								"west": {"uv": [16, 52], "uv_size": [4, 8]},
								"up": {"uv": [24, 52], "uv_size": [-4, -4]},
								"down": {"uv": [28, 48], "uv_size": [-4, 4]}
							}
						},
						{
							"origin": [0.03437, 7.80391, -1.22047],
							"size": [4, 1.05, 1.85],
							"pivot": [3.93437, -3.14609, 1.27953],
							"rotation": [0, 0, -32.5],
							"uv": {
								"north": {"uv": [28, 52], "uv_size": [4, 8]},
								"east": {"uv": [24, 52], "uv_size": [4, 8]},
								"south": {"uv": [20, 52], "uv_size": [4, 8]},
								"west": {"uv": [16, 52], "uv_size": [4, 8]},
								"up": {"uv": [24, 52], "uv_size": [-4, -4]},
								"down": {"uv": [28, 48], "uv_size": [-4, 4]}
							}
						},
						{
							"origin": [0.03437, 6.57891, -0.77047],
							"size": [4, 2.275, 1],
							"pivot": [3.93437, -3.14609, 1.27953],
							"rotation": [0, 0, -32.5],
							"uv": {
								"north": {"uv": [28, 52], "uv_size": [4, 8]},
								"east": {"uv": [24, 52], "uv_size": [4, 8]},
								"south": {"uv": [20, 52], "uv_size": [4, 8]},
								"west": {"uv": [16, 52], "uv_size": [4, 8]},
								"up": {"uv": [24, 52], "uv_size": [-4, -4]},
								"down": {"uv": [28, 48], "uv_size": [-4, 4]}
							}
						}
					]
				},
				{
					"name": "fushiguro_touji_pants_bone15",
					"parent": "fushiguro_touji_pants_bone29",
					"pivot": [-2.35, 1, 0],
					"rotation": [0, 45, 0],
					"cubes": [
						{
							"origin": [-1.28053, 4.25508, -0.62953],
							"size": [4, 3.1, 1.85],
							"pivot": [-1.18053, 0.75508, -1.27953],
							"rotation": [0, 0, -10],
							"uv": {
								"north": {"uv": [20, 52], "uv_size": [4, 8]},
								"east": {"uv": [16, 52], "uv_size": [4, 8]},
								"south": {"uv": [28, 52], "uv_size": [4, 8]},
								"west": {"uv": [24, 52], "uv_size": [4, 8]},
								"up": {"uv": [20, 48], "uv_size": [4, 4]},
								"down": {"uv": [24, 52], "uv_size": [4, -4]}
							}
						},
						{
							"origin": [-1.28053, 4.25508, -0.40453],
							"size": [4, 6.4, 1.2],
							"pivot": [-1.18053, 0.75508, -1.27953],
							"rotation": [0, 0, -10],
							"uv": {
								"north": {"uv": [20, 52], "uv_size": [4, 8]},
								"east": {"uv": [16, 52], "uv_size": [4, 8]},
								"south": {"uv": [28, 52], "uv_size": [4, 8]},
								"west": {"uv": [24, 52], "uv_size": [4, 8]},
								"up": {"uv": [20, 48], "uv_size": [4, 4]},
								"down": {"uv": [24, 52], "uv_size": [4, -4]}
							}
						},
						{
							"origin": [-7.78437, 7.80391, -0.62953],
							"size": [4, 1.05, 1.85],
							"pivot": [-7.68437, -3.14609, -1.27953],
							"rotation": [0, 0, 32.5],
							"uv": {
								"north": {"uv": [20, 52], "uv_size": [4, 8]},
								"east": {"uv": [16, 52], "uv_size": [4, 8]},
								"south": {"uv": [28, 52], "uv_size": [4, 8]},
								"west": {"uv": [24, 52], "uv_size": [4, 8]},
								"up": {"uv": [20, 48], "uv_size": [4, 4]},
								"down": {"uv": [24, 52], "uv_size": [4, -4]}
							}
						},
						{
							"origin": [-7.78437, 6.57891, -0.22953],
							"size": [4, 2.275, 1],
							"pivot": [-7.68437, -3.14609, -1.27953],
							"rotation": [0, 0, 32.5],
							"uv": {
								"north": {"uv": [20, 52], "uv_size": [4, 8]},
								"east": {"uv": [16, 52], "uv_size": [4, 8]},
								"south": {"uv": [28, 52], "uv_size": [4, 8]},
								"west": {"uv": [24, 52], "uv_size": [4, 8]},
								"up": {"uv": [20, 48], "uv_size": [4, 4]},
								"down": {"uv": [24, 52], "uv_size": [4, -4]}
							}
						}
					]
				},
				{
					"name": "fushiguro_touji_pants_bone16",
					"parent": "fushiguro_touji_pants_bone29",
					"pivot": [-2.35, 1, 0],
					"rotation": [0, -45, 0],
					"cubes": [
						{
							"origin": [-1.28053, 4.25508, -1.22047],
							"size": [4, 3.1, 1.85],
							"pivot": [-1.18053, 0.75508, 1.27953],
							"rotation": [0, 0, -10],
							"uv": {
								"north": {"uv": [32, 52], "uv_size": [-4, 8]},
								"east": {"uv": [20, 52], "uv_size": [-4, 8]},
								"south": {"uv": [24, 52], "uv_size": [-4, 8]},
								"west": {"uv": [28, 52], "uv_size": [-4, 8]},
								"up": {"uv": [20, 52], "uv_size": [4, -4]},
								"down": {"uv": [24, 48], "uv_size": [4, 4]}
							}
						},
						{
							"origin": [-1.28053, 4.25508, -0.79547],
							"size": [4, 6.4, 1.2],
							"pivot": [-1.18053, 0.75508, 1.27953],
							"rotation": [0, 0, -10],
							"uv": {
								"north": {"uv": [32, 52], "uv_size": [-4, 8]},
								"east": {"uv": [20, 52], "uv_size": [-4, 8]},
								"south": {"uv": [24, 52], "uv_size": [-4, 8]},
								"west": {"uv": [28, 52], "uv_size": [-4, 8]},
								"up": {"uv": [20, 52], "uv_size": [4, -4]},
								"down": {"uv": [24, 48], "uv_size": [4, 4]}
							}
						},
						{
							"origin": [-7.78437, 7.80391, -1.22047],
							"size": [4, 1.05, 1.85],
							"pivot": [-7.68437, -3.14609, 1.27953],
							"rotation": [0, 0, 32.5],
							"uv": {
								"north": {"uv": [32, 52], "uv_size": [-4, 8]},
								"east": {"uv": [20, 52], "uv_size": [-4, 8]},
								"south": {"uv": [24, 52], "uv_size": [-4, 8]},
								"west": {"uv": [28, 52], "uv_size": [-4, 8]},
								"up": {"uv": [20, 52], "uv_size": [4, -4]},
								"down": {"uv": [24, 48], "uv_size": [4, 4]}
							}
						},
						{
							"origin": [-7.78437, 6.57891, -0.77047],
							"size": [4, 2.275, 1],
							"pivot": [-7.68437, -3.14609, 1.27953],
							"rotation": [0, 0, 32.5],
							"uv": {
								"north": {"uv": [32, 52], "uv_size": [-4, 8]},
								"east": {"uv": [20, 52], "uv_size": [-4, 8]},
								"south": {"uv": [24, 52], "uv_size": [-4, 8]},
								"west": {"uv": [28, 52], "uv_size": [-4, 8]},
								"up": {"uv": [20, 52], "uv_size": [4, -4]},
								"down": {"uv": [24, 48], "uv_size": [4, 4]}
							}
						}
					]
				},
				{
					"name": "fushiguro_touji_pants_bone17",
					"parent": "fushiguro_touji_pants_bone29",
					"pivot": [1.65, 1, 0],
					"cubes": [
						{
							"origin": [-1.50697, 4.25508, -2.25],
							"size": [4, 8.5, 4.5],
							"pivot": [-1.40697, 0.75508, -0.25],
							"rotation": [0, 0, -10],
							"uv": {
								"north": {"uv": [20, 52], "uv_size": [4, 8]},
								"east": {"uv": [16, 52], "uv_size": [4, 8]},
								"south": {"uv": [28, 52], "uv_size": [4, 8]},
								"west": {"uv": [24, 52], "uv_size": [4, 8]},
								"up": {"uv": [20, 48], "uv_size": [4, 4]},
								"down": {"uv": [24, 52], "uv_size": [4, -4]}
							}
						},
						{
							"origin": [-8.01081, 6.12891, -2.25],
							"size": [4, 2.725, 4.5],
							"pivot": [-7.91081, -3.14609, -0.25],
							"rotation": [0, 0, 32.5],
							"uv": {
								"north": {"uv": [20, 52], "uv_size": [4, 8]},
								"east": {"uv": [16, 52], "uv_size": [4, 8]},
								"south": {"uv": [28, 52], "uv_size": [4, 8]},
								"west": {"uv": [24, 52], "uv_size": [4, 8]},
								"up": {"uv": [20, 48], "uv_size": [4, 4]},
								"down": {"uv": [24, 52], "uv_size": [4, -4]}
							}
						}
					]
				},
				{
					"name": "fushiguro_touji_pants_bone18",
					"parent": "fushiguro_touji_pants_bone29",
					"pivot": [1.65, 1, 0],
					"rotation": [0, 90, 0],
					"cubes": [
						{
							"origin": [2.04303, 4.25508, -5.8],
							"size": [4, 8.5, 4.5],
							"pivot": [2.14303, 0.75508, -3.8],
							"rotation": [0, 0, -10],
							"uv": {
								"north": {"uv": [20, 52], "uv_size": [4, 8]},
								"east": {"uv": [16, 52], "uv_size": [4, 8]},
								"south": {"uv": [28, 52], "uv_size": [4, 8]},
								"west": {"uv": [8.125, 56.25], "uv_size": [-4, 3.75]},
								"up": {"uv": [20, 48], "uv_size": [4, 4]},
								"down": {"uv": [24, 52], "uv_size": [4, -4]}
							}
						},
						{
							"origin": [-4.46081, 6.12891, -5.8],
							"size": [4, 2.725, 4.5],
							"pivot": [-4.36081, -3.14609, -3.8],
							"rotation": [0, 0, 32.5],
							"uv": {
								"north": {"uv": [20, 52], "uv_size": [4, 8]},
								"east": {"uv": [16, 52], "uv_size": [4, 8]},
								"south": {"uv": [28, 52], "uv_size": [4, 8]},
								"west": {"uv": [7.625, 58.125], "uv_size": [-4, 2]},
								"up": {"uv": [20, 48], "uv_size": [4, 4]},
								"down": {"uv": [24, 52], "uv_size": [4, -4]}
							}
						}
					]
				},
				{
					"name": "fushiguro_touji_pants_bone24",
					"parent": "fushiguro_touji_pants_bone29",
					"pivot": [1.65, 1, 0],
					"rotation": [0, -90, 0],
					"cubes": [
						{
							"origin": [2.04303, 4.25508, 1.3],
							"size": [4, 8.5, 4.5],
							"pivot": [2.14303, 0.75508, 3.8],
							"rotation": [0, 0, -10],
							"uv": {
								"north": {"uv": [32, 52], "uv_size": [-4, 8]},
								"east": {"uv": [20, 52], "uv_size": [-4, 8]},
								"south": {"uv": [24, 52], "uv_size": [-4, 8]},
								"west": {"uv": [28, 52], "uv_size": [-4, 8]},
								"up": {"uv": [20, 52], "uv_size": [4, -4]},
								"down": {"uv": [24, 48], "uv_size": [4, 4]}
							}
						},
						{
							"origin": [-4.46081, 6.12891, 1.3],
							"size": [4, 2.725, 4.5],
							"pivot": [-4.36081, -3.14609, 3.8],
							"rotation": [0, 0, 32.5],
							"uv": {
								"north": {"uv": [32, 52], "uv_size": [-4, 8]},
								"east": {"uv": [20, 52], "uv_size": [-4, 8]},
								"south": {"uv": [24, 52], "uv_size": [-4, 8]},
								"west": {"uv": [28, 52], "uv_size": [-4, 8]},
								"up": {"uv": [20, 52], "uv_size": [4, -4]},
								"down": {"uv": [24, 48], "uv_size": [4, 4]}
							}
						}
					]
				},
				{
					"name": "fushiguro_touji_pants_bone2",
					"parent": "rightLeg",
					"pivot": [8.21953, -7.56687, -0.275],
					"cubes": [
						{
							"origin": [-2.23047, 13.10813, -2.35],
							"size": [2.5, 0.575, 0.3],
							"uv": {
								"north": {"uv": [34.125, 22.5], "uv_size": [3.375, 3.5]},
								"east": {"uv": [34.125, 22.5], "uv_size": [3.375, 3.5]},
								"south": {"uv": [34.125, 22.5], "uv_size": [3.375, 3.5]},
								"west": {"uv": [34.125, 22.5], "uv_size": [3.375, 3.5]},
								"up": {"uv": [37.5, 26], "uv_size": [-3.375, -3.5]},
								"down": {"uv": [37.5, 26], "uv_size": [-3.375, -3.5]}
							}
						},
						{
							"origin": [1.86953, 13.20813, -2.675],
							"size": [0.925, 1.85, 0.625],
							"pivot": [8.21953, -7.56687, -0.275],
							"rotation": [0, 0, -7.5],
							"uv": {
								"north": {"uv": [34.125, 22.5], "uv_size": [3.375, 3.5]},
								"east": {"uv": [34.125, 22.5], "uv_size": [3.375, 3.5]},
								"south": {"uv": [34.125, 22.5], "uv_size": [3.375, 3.5]},
								"west": {"uv": [34.125, 22.5], "uv_size": [3.375, 3.5]},
								"up": {"uv": [37.5, 26], "uv_size": [-3.375, -3.5]},
								"down": {"uv": [37.5, 26], "uv_size": [-3.375, -3.5]}
							}
						},
						{
							"origin": [-0.73047, 12.43313, -2.575],
							"size": [0.75, 1.5, 0.525],
							"uv": {
								"north": {"uv": [34.125, 22.5], "uv_size": [3.375, 3.5]},
								"east": {"uv": [34.125, 22.5], "uv_size": [3.375, 3.5]},
								"south": {"uv": [34.125, 22.5], "uv_size": [3.375, 3.5]},
								"west": {"uv": [34.125, 22.5], "uv_size": [3.375, 3.5]},
								"up": {"uv": [37.5, 26], "uv_size": [-3.375, -3.5]},
								"down": {"uv": [37.5, 26], "uv_size": [-3.375, -3.5]}
							}
						}
					]
				},
				{
					"name": "fushiguro_touji_pants_bone67",
					"parent": "fushiguro_touji_pants_bone2",
					"pivot": [-0.34928, 13.39234, -2.45],
					"rotation": [-161.95599, -5.05904, -157.74511],
					"cubes": [
						{
							"origin": [6.45547, 6.98313, -2.7],
							"size": [0.85, 1.6, 0.125],
							"pivot": [-9.66953, -7.81687, 2.55],
							"rotation": [0, 0, -22.5],
							"uv": {
								"north": {"uv": [37.5, 22.5], "uv_size": [-3.375, 3.5]},
								"east": {"uv": [37.5, 22.5], "uv_size": [-3.375, 3.5]},
								"south": {"uv": [37.5, 22.5], "uv_size": [-3.375, 3.5]},
								"west": {"uv": [37.5, 22.5], "uv_size": [-3.375, 3.5]},
								"up": {"uv": [34.125, 26], "uv_size": [3.375, -3.5]},
								"down": {"uv": [34.125, 26], "uv_size": [3.375, -3.5]}
							}
						},
						{
							"origin": [0.64035, 9.08648, -2.7],
							"size": [0.35, 3.15, 0.125],
							"pivot": [-15.10965, -5.71352, 2.55],
							"rotation": [0, 0, -5],
							"uv": {
								"north": {"uv": [37.5, 22.5], "uv_size": [-3.375, 3.5]},
								"east": {"uv": [37.5, 22.5], "uv_size": [-3.375, 3.5]},
								"south": {"uv": [37.5, 22.5], "uv_size": [-3.375, 3.5]},
								"west": {"uv": [37.5, 22.5], "uv_size": [-3.375, 3.5]},
								"up": {"uv": [34.125, 26], "uv_size": [3.375, -3.5]},
								"down": {"uv": [34.125, 26], "uv_size": [3.375, -3.5]}
							}
						},
						{
							"origin": [0.66535, 9.08648, -2.7],
							"size": [1.2, 1.85, 0.125],
							"pivot": [-15.10965, -5.71352, 2.55],
							"rotation": [0, 0, -5],
							"uv": {
								"north": {"uv": [37.5, 22.5], "uv_size": [-3.375, 3.5]},
								"east": {"uv": [37.5, 22.5], "uv_size": [-3.375, 3.5]},
								"south": {"uv": [37.5, 22.5], "uv_size": [-3.375, 3.5]},
								"west": {"uv": [37.5, 22.5], "uv_size": [-3.375, 3.5]},
								"up": {"uv": [34.125, 26], "uv_size": [3.375, -3.5]},
								"down": {"uv": [34.125, 26], "uv_size": [3.375, -3.5]}
							}
						},
						{
							"origin": [9.75387, 2.89823, -2.7],
							"size": [1.2, 1.85, 0.125],
							"pivot": [-6.02113, -11.90177, 2.55],
							"rotation": [0, 0, -30],
							"uv": {
								"north": {"uv": [37.5, 22.5], "uv_size": [-3.375, 3.5]},
								"east": {"uv": [37.5, 22.5], "uv_size": [-3.375, 3.5]},
								"south": {"uv": [37.5, 22.5], "uv_size": [-3.375, 3.5]},
								"west": {"uv": [37.5, 22.5], "uv_size": [-3.375, 3.5]},
								"up": {"uv": [34.125, 26], "uv_size": [3.375, -3.5]},
								"down": {"uv": [34.125, 26], "uv_size": [3.375, -3.5]}
							}
						},
						{
							"origin": [-4.82428, 16.01734, -2.7],
							"size": [0.7, 2.025, 0.125],
							"pivot": [-21.34928, 1.39234, 2.55],
							"rotation": [0, 0, 17.5],
							"uv": {
								"north": {"uv": [37.5, 22.5], "uv_size": [-3.375, 3.5]},
								"east": {"uv": [37.5, 22.5], "uv_size": [-3.375, 3.5]},
								"south": {"uv": [37.5, 22.5], "uv_size": [-3.375, 3.5]},
								"west": {"uv": [37.5, 22.5], "uv_size": [-3.375, 3.5]},
								"up": {"uv": [34.125, 26], "uv_size": [3.375, -3.5]},
								"down": {"uv": [34.125, 26], "uv_size": [3.375, -3.5]}
							}
						},
						{
							"origin": [4.58029, 3.62274, -2.7],
							"size": [0.975, 2.55, 0.125],
							"pivot": [-11.94471, -10.47726, 2.55],
							"rotation": [0, 0, -17.5],
							"uv": {
								"north": {"uv": [37.5, 22.5], "uv_size": [-3.375, 3.5]},
								"east": {"uv": [37.5, 22.5], "uv_size": [-3.375, 3.5]},
								"south": {"uv": [37.5, 22.5], "uv_size": [-3.375, 3.5]},
								"west": {"uv": [37.5, 22.5], "uv_size": [-3.375, 3.5]},
								"up": {"uv": [34.125, 26], "uv_size": [3.375, -3.5]},
								"down": {"uv": [34.125, 26], "uv_size": [3.375, -3.5]}
							}
						},
						{
							"origin": [-3.94077, 11.65075, -2.7],
							"size": [2.025, 1.875, 0.125],
							"pivot": [-19.14077, -3.12425, 2.55],
							"rotation": [0, 0, 12.5],
							"uv": {
								"north": {"uv": [37.5, 22.5], "uv_size": [-3.375, 3.5]},
								"east": {"uv": [37.5, 22.5], "uv_size": [-3.375, 3.5]},
								"south": {"uv": [37.5, 22.5], "uv_size": [-3.375, 3.5]},
								"west": {"uv": [37.5, 22.5], "uv_size": [-3.375, 3.5]},
								"up": {"uv": [34.125, 26], "uv_size": [3.375, -3.5]},
								"down": {"uv": [34.125, 26], "uv_size": [3.375, -3.5]}
							}
						}
					]
				},
				{
					"name": "leftLeg",
					"parent": "root",
					"pivot": [1.9, 12, 0],
					"cubes": [
						{
							"origin": [-0.1, 9, -2],
							"size": [4, 3, 4],
							"uv": {
								"north": {"uv": [20, 52], "uv_size": [4, 3]},
								"east": {"uv": [24, 52], "uv_size": [4, 3]},
								"south": {"uv": [28, 52], "uv_size": [4, 3]},
								"west": {"uv": [16, 52], "uv_size": [4, 3]},
								"up": {"uv": [20, 48], "uv_size": [4, 4]},
								"down": {"uv": [46, 50], "uv_size": [0, 0]}
							}
						}
					]
				},
				{
					"name": "leftPants",
					"parent": "leftLeg",
					"pivot": [1.9, 12, 0],
					"cubes": [
						{
							"origin": [-0.1, 9.25, -2],
							"size": [4, 2.75, 4],
							"inflate": 0.25,
							"uv": {
								"north": {"uv": [4, 51.9], "uv_size": [4, 3]},
								"east": {"uv": [0, 52], "uv_size": [4, 3]},
								"south": {"uv": [12, 52], "uv_size": [4, 3]},
								"west": {"uv": [8, 51.9], "uv_size": [4, 3]},
								"up": {"uv": [4, 47.9], "uv_size": [4, 4]},
								"down": {"uv": [46, 50], "uv_size": [0, 0]}
							}
						}
					]
				},
				{
					"name": "leftLeg_2",
					"parent": "leftLeg",
					"pivot": [1.9, 12, 0],
					"cubes": [
						{
							"origin": [-0.1, 6, -2],
							"size": [4, 3, 4],
							"uv": {
								"north": {"uv": [20, 55], "uv_size": [4, 3]},
								"east": {"uv": [24, 55], "uv_size": [4, 3]},
								"south": {"uv": [28, 55], "uv_size": [4, 3]},
								"west": {"uv": [16, 55], "uv_size": [4, 3]},
								"up": {"uv": [46, 50], "uv_size": [0, 0]},
								"down": {"uv": [46, 50], "uv_size": [0, 0]}
							}
						}
					]
				},
				{
					"name": "leftPants2",
					"parent": "leftLeg_2",
					"pivot": [1.9, 12, 0],
					"cubes": [
						{
							"origin": [-0.1, 6.25, -2],
							"size": [4, 2.5, 4],
							"inflate": 0.25,
							"uv": {
								"north": {"uv": [4, 55], "uv_size": [4, 3]},
								"east": {"uv": [0, 55], "uv_size": [4, 3]},
								"south": {"uv": [12, 55], "uv_size": [4, 3]},
								"west": {"uv": [8, 55], "uv_size": [4, 3]},
								"up": {"uv": [46, 50], "uv_size": [0, 0]},
								"down": {"uv": [46, 50], "uv_size": [0, 0]}
							}
						}
					]
				},
				{
					"name": "leftleg3",
					"parent": "leftLeg_2",
					"pivot": [1.9, 6, -2]
				},
				{
					"name": "leftLeg_3",
					"parent": "leftleg3",
					"pivot": [1.9, 12, 0],
					"cubes": [
						{
							"origin": [-0.1, 3, -2],
							"size": [4, 3, 4],
							"uv": {
								"north": {"uv": [20, 58], "uv_size": [4, 3]},
								"east": {"uv": [24, 58], "uv_size": [4, 3]},
								"south": {"uv": [28, 58], "uv_size": [4, 3]},
								"west": {"uv": [16, 58], "uv_size": [4, 3]},
								"up": {"uv": [46, 50], "uv_size": [0, 0]},
								"down": {"uv": [46, 50], "uv_size": [0, 0]}
							}
						}
					]
				},
				{
					"name": "leftPants3",
					"parent": "leftLeg_3",
					"pivot": [1.9, 12, 0],
					"cubes": [
						{
							"origin": [-0.1, 3.25, -2],
							"size": [4, 2.5, 4],
							"inflate": 0.25,
							"uv": {
								"north": {"uv": [4, 58], "uv_size": [4, 3]},
								"east": {"uv": [0, 58], "uv_size": [4, 3]},
								"south": {"uv": [12, 58], "uv_size": [4, 3]},
								"west": {"uv": [8, 58], "uv_size": [4, 3]},
								"up": {"uv": [46, 50], "uv_size": [0, 0]},
								"down": {"uv": [46, 50], "uv_size": [0, 0]}
							}
						}
					]
				},
				{
					"name": "leftLeg_4",
					"parent": "leftLeg_3",
					"pivot": [1.9, 12, 0],
					"cubes": [
						{
							"origin": [-0.1, 0, -2],
							"size": [4, 3, 4],
							"uv": {
								"north": {"uv": [20, 61], "uv_size": [4, 3]},
								"east": {"uv": [24, 61], "uv_size": [4, 3]},
								"south": {"uv": [28, 61], "uv_size": [4, 3]},
								"west": {"uv": [16, 61], "uv_size": [4, 3]},
								"up": {"uv": [46, 50], "uv_size": [0, 0]},
								"down": {"uv": [24, 48], "uv_size": [4, 4]}
							}
						}
					],
					"locators": {
						"leftleg": [2, 0, 0]
					}
				},
				{
					"name": "leftPants4",
					"parent": "leftLeg_4",
					"pivot": [1.9, 12, 0],
					"cubes": [
						{
							"origin": [-0.1, 0, -2],
							"size": [4, 2.75, 4],
							"inflate": 0.25,
							"uv": {
								"north": {"uv": [4, 61], "uv_size": [4, 3]},
								"east": {"uv": [8, 61], "uv_size": [4, 3]},
								"south": {"uv": [12, 61], "uv_size": [4, 3]},
								"west": {"uv": [0, 61], "uv_size": [4, 3]},
								"up": {"uv": [46, 50], "uv_size": [0, 0]},
								"down": {"uv": [8, 48], "uv_size": [4, 4]}
							}
						}
					]
				},
				{
					"name": "fushiguro_touji_pants_bone3",
					"parent": "leftLeg",
					"pivot": [1.65, 1, 0],
					"cubes": [
						{
							"origin": [-0.33813, 2.58089, -2.25],
							"size": [4.5, 3, 4.5],
							"uv": {
								"north": {"uv": [24, 52], "uv_size": [-4, 8]},
								"east": {"uv": [28, 52], "uv_size": [-4, 8]},
								"south": {"uv": [32, 52], "uv_size": [-4, 8]},
								"west": {"uv": [20, 52], "uv_size": [-4, 8]},
								"up": {"uv": [24, 48], "uv_size": [-4, 4]},
								"down": {"uv": [28, 52], "uv_size": [-4, -4]}
							}
						}
					]
				},
				{
					"name": "fushiguro_touji_pants_bone4",
					"parent": "fushiguro_touji_pants_bone3",
					"pivot": [1.65, 1, 0],
					"cubes": [
						{
							"origin": [2.29303, 4.25508, -2.25],
							"size": [4, 8.5, 4.5],
							"pivot": [2.39303, 0.75508, -0.25],
							"rotation": [0, 0, -10],
							"uv": {
								"north": {"uv": [20, 52], "uv_size": [4, 8]},
								"east": {"uv": [16, 52], "uv_size": [4, 8]},
								"south": {"uv": [28, 52], "uv_size": [4, 8]},
								"west": {"uv": [24, 52], "uv_size": [4, 8]},
								"up": {"uv": [20, 48], "uv_size": [4, 4]},
								"down": {"uv": [24, 52], "uv_size": [4, -4]}
							}
						},
						{
							"origin": [-4.21081, 6.12891, -2.25],
							"size": [4, 2.725, 4.5],
							"pivot": [-4.11081, -3.14609, -0.25],
							"rotation": [0, 0, 32.5],
							"uv": {
								"north": {"uv": [20, 52], "uv_size": [4, 8]},
								"east": {"uv": [16, 52], "uv_size": [4, 8]},
								"south": {"uv": [28, 52], "uv_size": [4, 8]},
								"west": {"uv": [24, 52], "uv_size": [4, 8]},
								"up": {"uv": [20, 48], "uv_size": [4, 4]},
								"down": {"uv": [24, 52], "uv_size": [4, -4]}
							}
						}
					]
				},
				{
					"name": "fushiguro_touji_pants_bone5",
					"parent": "fushiguro_touji_pants_bone3",
					"pivot": [1.4, 1, 0],
					"rotation": [0, 45, 0],
					"cubes": [
						{
							"origin": [2.46947, 4.25508, -0.62953],
							"size": [4, 3.1, 1.85],
							"pivot": [2.56947, 0.75508, -1.27953],
							"rotation": [0, 0, -10],
							"uv": {
								"north": {"uv": [20, 52], "uv_size": [4, 8]},
								"east": {"uv": [16, 52], "uv_size": [4, 8]},
								"south": {"uv": [28, 52], "uv_size": [4, 8]},
								"west": {"uv": [24, 52], "uv_size": [4, 8]},
								"up": {"uv": [20, 48], "uv_size": [4, 4]},
								"down": {"uv": [24, 52], "uv_size": [4, -4]}
							}
						},
						{
							"origin": [2.46947, 4.25508, -0.40453],
							"size": [4, 6.4, 1.2],
							"pivot": [2.56947, 0.75508, -1.27953],
							"rotation": [0, 0, -10],
							"uv": {
								"north": {"uv": [20, 52], "uv_size": [4, 8]},
								"east": {"uv": [16, 52], "uv_size": [4, 8]},
								"south": {"uv": [28, 52], "uv_size": [4, 8]},
								"west": {"uv": [24, 52], "uv_size": [4, 8]},
								"up": {"uv": [20, 48], "uv_size": [4, 4]},
								"down": {"uv": [24, 52], "uv_size": [4, -4]}
							}
						},
						{
							"origin": [-4.03437, 7.80391, -0.62953],
							"size": [4, 1.05, 1.85],
							"pivot": [-3.93437, -3.14609, -1.27953],
							"rotation": [0, 0, 32.5],
							"uv": {
								"north": {"uv": [20, 52], "uv_size": [4, 8]},
								"east": {"uv": [16, 52], "uv_size": [4, 8]},
								"south": {"uv": [28, 52], "uv_size": [4, 8]},
								"west": {"uv": [24, 52], "uv_size": [4, 8]},
								"up": {"uv": [20, 48], "uv_size": [4, 4]},
								"down": {"uv": [24, 52], "uv_size": [4, -4]}
							}
						},
						{
							"origin": [-4.03437, 6.57891, -0.22953],
							"size": [4, 2.275, 1],
							"pivot": [-3.93437, -3.14609, -1.27953],
							"rotation": [0, 0, 32.5],
							"uv": {
								"north": {"uv": [20, 52], "uv_size": [4, 8]},
								"east": {"uv": [16, 52], "uv_size": [4, 8]},
								"south": {"uv": [28, 52], "uv_size": [4, 8]},
								"west": {"uv": [24, 52], "uv_size": [4, 8]},
								"up": {"uv": [20, 48], "uv_size": [4, 4]},
								"down": {"uv": [24, 52], "uv_size": [4, -4]}
							}
						}
					]
				},
				{
					"name": "fushiguro_touji_pants_bone6",
					"parent": "fushiguro_touji_pants_bone3",
					"pivot": [1.4, 1, 0],
					"rotation": [0, -45, 0],
					"cubes": [
						{
							"origin": [2.46947, 4.25508, -1.22047],
							"size": [4, 3.1, 1.85],
							"pivot": [2.56947, 0.75508, 1.27953],
							"rotation": [0, 0, -10],
							"uv": {
								"north": {"uv": [32, 52], "uv_size": [-4, 8]},
								"east": {"uv": [20, 52], "uv_size": [-4, 8]},
								"south": {"uv": [24, 52], "uv_size": [-4, 8]},
								"west": {"uv": [28, 52], "uv_size": [-4, 8]},
								"up": {"uv": [20, 52], "uv_size": [4, -4]},
								"down": {"uv": [24, 48], "uv_size": [4, 4]}
							}
						},
						{
							"origin": [2.46947, 4.25508, -0.79547],
							"size": [4, 6.4, 1.2],
							"pivot": [2.56947, 0.75508, 1.27953],
							"rotation": [0, 0, -10],
							"uv": {
								"north": {"uv": [32, 52], "uv_size": [-4, 8]},
								"east": {"uv": [20, 52], "uv_size": [-4, 8]},
								"south": {"uv": [24, 52], "uv_size": [-4, 8]},
								"west": {"uv": [28, 52], "uv_size": [-4, 8]},
								"up": {"uv": [20, 52], "uv_size": [4, -4]},
								"down": {"uv": [24, 48], "uv_size": [4, 4]}
							}
						},
						{
							"origin": [-4.03437, 7.80391, -1.22047],
							"size": [4, 1.05, 1.85],
							"pivot": [-3.93437, -3.14609, 1.27953],
							"rotation": [0, 0, 32.5],
							"uv": {
								"north": {"uv": [32, 52], "uv_size": [-4, 8]},
								"east": {"uv": [20, 52], "uv_size": [-4, 8]},
								"south": {"uv": [24, 52], "uv_size": [-4, 8]},
								"west": {"uv": [28, 52], "uv_size": [-4, 8]},
								"up": {"uv": [20, 52], "uv_size": [4, -4]},
								"down": {"uv": [24, 48], "uv_size": [4, 4]}
							}
						},
						{
							"origin": [-4.03437, 6.57891, -0.77047],
							"size": [4, 2.275, 1],
							"pivot": [-3.93437, -3.14609, 1.27953],
							"rotation": [0, 0, 32.5],
							"uv": {
								"north": {"uv": [32, 52], "uv_size": [-4, 8]},
								"east": {"uv": [20, 52], "uv_size": [-4, 8]},
								"south": {"uv": [24, 52], "uv_size": [-4, 8]},
								"west": {"uv": [28, 52], "uv_size": [-4, 8]},
								"up": {"uv": [20, 52], "uv_size": [4, -4]},
								"down": {"uv": [24, 48], "uv_size": [4, 4]}
							}
						}
					]
				},
				{
					"name": "fushiguro_touji_pants_bone7",
					"parent": "fushiguro_touji_pants_bone3",
					"pivot": [2.35, 1, 0],
					"rotation": [0, -45, 0],
					"cubes": [
						{
							"origin": [-2.71947, 4.25508, -0.62953],
							"size": [4, 3.1, 1.85],
							"pivot": [1.18053, 0.75508, -1.27953],
							"rotation": [0, 0, 10],
							"uv": {
								"north": {"uv": [24, 52], "uv_size": [-4, 8]},
								"east": {"uv": [28, 52], "uv_size": [-4, 8]},
								"south": {"uv": [32, 52], "uv_size": [-4, 8]},
								"west": {"uv": [20, 52], "uv_size": [-4, 8]},
								"up": {"uv": [24, 48], "uv_size": [-4, 4]},
								"down": {"uv": [28, 52], "uv_size": [-4, -4]}
							}
						},
						{
							"origin": [-2.71947, 4.25508, -0.40453],
							"size": [4, 6.4, 1.2],
							"pivot": [1.18053, 0.75508, -1.27953],
							"rotation": [0, 0, 10],
							"uv": {
								"north": {"uv": [24, 52], "uv_size": [-4, 8]},
								"east": {"uv": [28, 52], "uv_size": [-4, 8]},
								"south": {"uv": [32, 52], "uv_size": [-4, 8]},
								"west": {"uv": [20, 52], "uv_size": [-4, 8]},
								"up": {"uv": [24, 48], "uv_size": [-4, 4]},
								"down": {"uv": [28, 52], "uv_size": [-4, -4]}
							}
						},
						{
							"origin": [3.78437, 7.80391, -0.62953],
							"size": [4, 1.05, 1.85],
							"pivot": [7.68437, -3.14609, -1.27953],
							"rotation": [0, 0, -32.5],
							"uv": {
								"north": {"uv": [24, 52], "uv_size": [-4, 8]},
								"east": {"uv": [28, 52], "uv_size": [-4, 8]},
								"south": {"uv": [32, 52], "uv_size": [-4, 8]},
								"west": {"uv": [20, 52], "uv_size": [-4, 8]},
								"up": {"uv": [24, 48], "uv_size": [-4, 4]},
								"down": {"uv": [28, 52], "uv_size": [-4, -4]}
							}
						},
						{
							"origin": [3.78437, 6.57891, -0.22953],
							"size": [4, 2.275, 1],
							"pivot": [7.68437, -3.14609, -1.27953],
							"rotation": [0, 0, -32.5],
							"uv": {
								"north": {"uv": [24, 52], "uv_size": [-4, 8]},
								"east": {"uv": [28, 52], "uv_size": [-4, 8]},
								"south": {"uv": [32, 52], "uv_size": [-4, 8]},
								"west": {"uv": [20, 52], "uv_size": [-4, 8]},
								"up": {"uv": [24, 48], "uv_size": [-4, 4]},
								"down": {"uv": [28, 52], "uv_size": [-4, -4]}
							}
						}
					]
				},
				{
					"name": "fushiguro_touji_pants_bone8",
					"parent": "fushiguro_touji_pants_bone3",
					"pivot": [2.35, 1, 0],
					"rotation": [0, 45, 0],
					"cubes": [
						{
							"origin": [-2.71947, 4.25508, -1.22047],
							"size": [4, 3.1, 1.85],
							"pivot": [1.18053, 0.75508, 1.27953],
							"rotation": [0, 0, 10],
							"uv": {
								"north": {"uv": [28, 52], "uv_size": [4, 8]},
								"east": {"uv": [24, 52], "uv_size": [4, 8]},
								"south": {"uv": [20, 52], "uv_size": [4, 8]},
								"west": {"uv": [16, 52], "uv_size": [4, 8]},
								"up": {"uv": [24, 52], "uv_size": [-4, -4]},
								"down": {"uv": [28, 48], "uv_size": [-4, 4]}
							}
						},
						{
							"origin": [-2.71947, 4.25508, -0.79547],
							"size": [4, 6.4, 1.2],
							"pivot": [1.18053, 0.75508, 1.27953],
							"rotation": [0, 0, 10],
							"uv": {
								"north": {"uv": [28, 52], "uv_size": [4, 8]},
								"east": {"uv": [24, 52], "uv_size": [4, 8]},
								"south": {"uv": [20, 52], "uv_size": [4, 8]},
								"west": {"uv": [16, 52], "uv_size": [4, 8]},
								"up": {"uv": [24, 52], "uv_size": [-4, -4]},
								"down": {"uv": [28, 48], "uv_size": [-4, 4]}
							}
						},
						{
							"origin": [3.78437, 7.80391, -1.22047],
							"size": [4, 1.05, 1.85],
							"pivot": [7.68437, -3.14609, 1.27953],
							"rotation": [0, 0, -32.5],
							"uv": {
								"north": {"uv": [28, 52], "uv_size": [4, 8]},
								"east": {"uv": [24, 52], "uv_size": [4, 8]},
								"south": {"uv": [20, 52], "uv_size": [4, 8]},
								"west": {"uv": [16, 52], "uv_size": [4, 8]},
								"up": {"uv": [24, 52], "uv_size": [-4, -4]},
								"down": {"uv": [28, 48], "uv_size": [-4, 4]}
							}
						},
						{
							"origin": [3.78437, 6.57891, -0.77047],
							"size": [4, 2.275, 1],
							"pivot": [7.68437, -3.14609, 1.27953],
							"rotation": [0, 0, -32.5],
							"uv": {
								"north": {"uv": [28, 52], "uv_size": [4, 8]},
								"east": {"uv": [24, 52], "uv_size": [4, 8]},
								"south": {"uv": [20, 52], "uv_size": [4, 8]},
								"west": {"uv": [16, 52], "uv_size": [4, 8]},
								"up": {"uv": [24, 52], "uv_size": [-4, -4]},
								"down": {"uv": [28, 48], "uv_size": [-4, 4]}
							}
						}
					]
				},
				{
					"name": "fushiguro_touji_pants_bone9",
					"parent": "fushiguro_touji_pants_bone3",
					"pivot": [-1.65, 1, 0],
					"cubes": [
						{
							"origin": [-2.49303, 4.25508, -2.25],
							"size": [4, 8.5, 4.5],
							"pivot": [1.40697, 0.75508, -0.25],
							"rotation": [0, 0, 10],
							"uv": {
								"north": {"uv": [24, 52], "uv_size": [-4, 8]},
								"east": {"uv": [28, 52], "uv_size": [-4, 8]},
								"south": {"uv": [32, 52], "uv_size": [-4, 8]},
								"west": {"uv": [20, 52], "uv_size": [-4, 8]},
								"up": {"uv": [24, 48], "uv_size": [-4, 4]},
								"down": {"uv": [28, 52], "uv_size": [-4, -4]}
							}
						},
						{
							"origin": [4.01081, 6.12891, -2.25],
							"size": [4, 2.725, 4.5],
							"pivot": [7.91081, -3.14609, -0.25],
							"rotation": [0, 0, -32.5],
							"uv": {
								"north": {"uv": [24, 52], "uv_size": [-4, 8]},
								"east": {"uv": [28, 52], "uv_size": [-4, 8]},
								"south": {"uv": [32, 52], "uv_size": [-4, 8]},
								"west": {"uv": [20, 52], "uv_size": [-4, 8]},
								"up": {"uv": [24, 48], "uv_size": [-4, 4]},
								"down": {"uv": [28, 52], "uv_size": [-4, -4]}
							}
						}
					]
				},
				{
					"name": "fushiguro_touji_pants_bone10",
					"parent": "fushiguro_touji_pants_bone3",
					"pivot": [-1.65, 1, 0],
					"rotation": [0, -90, 0],
					"cubes": [
						{
							"origin": [-6.04303, 4.25508, -5.8],
							"size": [4, 8.5, 4.5],
							"pivot": [-2.14303, 0.75508, -3.8],
							"rotation": [0, 0, 10],
							"uv": {
								"north": {"uv": [24, 52], "uv_size": [-4, 8]},
								"east": {"uv": [4.125, 56.25], "uv_size": [4, 3.75]},
								"south": {"uv": [32, 52], "uv_size": [-4, 8]},
								"west": {"uv": [20, 52], "uv_size": [-4, 8]},
								"up": {"uv": [24, 48], "uv_size": [-4, 4]},
								"down": {"uv": [28, 52], "uv_size": [-4, -4]}
							}
						},
						{
							"origin": [0.46081, 6.12891, -5.8],
							"size": [4, 2.725, 4.5],
							"pivot": [4.36081, -3.14609, -3.8],
							"rotation": [0, 0, -32.5],
							"uv": {
								"north": {"uv": [24, 52], "uv_size": [-4, 8]},
								"east": {"uv": [3.625, 58.125], "uv_size": [4, 2]},
								"south": {"uv": [32, 52], "uv_size": [-4, 8]},
								"west": {"uv": [20, 52], "uv_size": [-4, 8]},
								"up": {"uv": [24, 48], "uv_size": [-4, 4]},
								"down": {"uv": [28, 52], "uv_size": [-4, -4]}
							}
						}
					]
				},
				{
					"name": "fushiguro_touji_pants_bone11",
					"parent": "fushiguro_touji_pants_bone3",
					"pivot": [-1.65, 1, 0],
					"rotation": [0, 90, 0],
					"cubes": [
						{
							"origin": [-6.04303, 4.25508, 1.3],
							"size": [4, 8.5, 4.5],
							"pivot": [-2.14303, 0.75508, 3.8],
							"rotation": [0, 0, 10],
							"uv": {
								"north": {"uv": [28, 52], "uv_size": [4, 8]},
								"east": {"uv": [24, 52], "uv_size": [4, 8]},
								"south": {"uv": [20, 52], "uv_size": [4, 8]},
								"west": {"uv": [16, 52], "uv_size": [4, 8]},
								"up": {"uv": [24, 52], "uv_size": [-4, -4]},
								"down": {"uv": [28, 48], "uv_size": [-4, 4]}
							}
						},
						{
							"origin": [0.46081, 6.12891, 1.3],
							"size": [4, 2.725, 4.5],
							"pivot": [4.36081, -3.14609, 3.8],
							"rotation": [0, 0, -32.5],
							"uv": {
								"north": {"uv": [28, 52], "uv_size": [4, 8]},
								"east": {"uv": [24, 52], "uv_size": [4, 8]},
								"south": {"uv": [20, 52], "uv_size": [4, 8]},
								"west": {"uv": [16, 52], "uv_size": [4, 8]},
								"up": {"uv": [24, 52], "uv_size": [-4, -4]},
								"down": {"uv": [28, 48], "uv_size": [-4, 4]}
							}
						}
					]
				},
				{
					"name": "fushiguro_touji_pants_bone12",
					"parent": "leftLeg",
					"pivot": [-8.21953, -7.56687, -0.275],
					"cubes": [
						{
							"origin": [-0.26953, 13.10813, -2.35],
							"size": [2.5, 0.575, 0.3],
							"uv": {
								"north": {"uv": [37.5, 22.5], "uv_size": [-3.375, 3.5]},
								"east": {"uv": [37.5, 22.5], "uv_size": [-3.375, 3.5]},
								"south": {"uv": [37.5, 22.5], "uv_size": [-3.375, 3.5]},
								"west": {"uv": [37.5, 22.5], "uv_size": [-3.375, 3.5]},
								"up": {"uv": [34.125, 26], "uv_size": [3.375, -3.5]},
								"down": {"uv": [34.125, 26], "uv_size": [3.375, -3.5]}
							}
						},
						{
							"origin": [-2.79453, 13.20813, -2.675],
							"size": [0.925, 1.85, 0.625],
							"pivot": [-8.21953, -7.56687, -0.275],
							"rotation": [0, 0, 7.5],
							"uv": {
								"north": {"uv": [37.5, 22.5], "uv_size": [-3.375, 3.5]},
								"east": {"uv": [37.5, 22.5], "uv_size": [-3.375, 3.5]},
								"south": {"uv": [37.5, 22.5], "uv_size": [-3.375, 3.5]},
								"west": {"uv": [37.5, 22.5], "uv_size": [-3.375, 3.5]},
								"up": {"uv": [34.125, 26], "uv_size": [3.375, -3.5]},
								"down": {"uv": [34.125, 26], "uv_size": [3.375, -3.5]}
							}
						},
						{
							"origin": [-0.01953, 12.43313, -2.575],
							"size": [0.75, 1.5, 0.525],
							"uv": {
								"north": {"uv": [37.5, 22.5], "uv_size": [-3.375, 3.5]},
								"east": {"uv": [37.5, 22.5], "uv_size": [-3.375, 3.5]},
								"south": {"uv": [37.5, 22.5], "uv_size": [-3.375, 3.5]},
								"west": {"uv": [37.5, 22.5], "uv_size": [-3.375, 3.5]},
								"up": {"uv": [34.125, 26], "uv_size": [3.375, -3.5]},
								"down": {"uv": [34.125, 26], "uv_size": [3.375, -3.5]}
							}
						}
					]
				},
				{
					"name": "fushiguro_touji_pants_bone13",
					"parent": "fushiguro_touji_pants_bone12",
					"pivot": [0.34928, 13.39234, -2.45],
					"rotation": [-161.95599, 5.05904, 157.74511],
					"cubes": [
						{
							"origin": [-7.30547, 6.98313, -2.7],
							"size": [0.85, 1.6, 0.125],
							"pivot": [9.66953, -7.81687, 2.55],
							"rotation": [0, 0, 22.5],
							"uv": {
								"north": {"uv": [34.125, 22.5], "uv_size": [3.375, 3.5]},
								"east": {"uv": [34.125, 22.5], "uv_size": [3.375, 3.5]},
								"south": {"uv": [34.125, 22.5], "uv_size": [3.375, 3.5]},
								"west": {"uv": [34.125, 22.5], "uv_size": [3.375, 3.5]},
								"up": {"uv": [37.5, 26], "uv_size": [-3.375, -3.5]},
								"down": {"uv": [37.5, 26], "uv_size": [-3.375, -3.5]}
							}
						},
						{
							"origin": [-0.99035, 9.08648, -2.7],
							"size": [0.35, 3.15, 0.125],
							"pivot": [15.10965, -5.71352, 2.55],
							"rotation": [0, 0, 5],
							"uv": {
								"north": {"uv": [34.125, 22.5], "uv_size": [3.375, 3.5]},
								"east": {"uv": [34.125, 22.5], "uv_size": [3.375, 3.5]},
								"south": {"uv": [34.125, 22.5], "uv_size": [3.375, 3.5]},
								"west": {"uv": [34.125, 22.5], "uv_size": [3.375, 3.5]},
								"up": {"uv": [37.5, 26], "uv_size": [-3.375, -3.5]},
								"down": {"uv": [37.5, 26], "uv_size": [-3.375, -3.5]}
							}
						},
						{
							"origin": [-1.86535, 9.08648, -2.7],
							"size": [1.2, 1.85, 0.125],
							"pivot": [15.10965, -5.71352, 2.55],
							"rotation": [0, 0, 5],
							"uv": {
								"north": {"uv": [34.125, 22.5], "uv_size": [3.375, 3.5]},
								"east": {"uv": [34.125, 22.5], "uv_size": [3.375, 3.5]},
								"south": {"uv": [34.125, 22.5], "uv_size": [3.375, 3.5]},
								"west": {"uv": [34.125, 22.5], "uv_size": [3.375, 3.5]},
								"up": {"uv": [37.5, 26], "uv_size": [-3.375, -3.5]},
								"down": {"uv": [37.5, 26], "uv_size": [-3.375, -3.5]}
							}
						},
						{
							"origin": [-10.95387, 2.89823, -2.7],
							"size": [1.2, 1.85, 0.125],
							"pivot": [6.02113, -11.90177, 2.55],
							"rotation": [0, 0, 30],
							"uv": {
								"north": {"uv": [34.125, 22.5], "uv_size": [3.375, 3.5]},
								"east": {"uv": [34.125, 22.5], "uv_size": [3.375, 3.5]},
								"south": {"uv": [34.125, 22.5], "uv_size": [3.375, 3.5]},
								"west": {"uv": [34.125, 22.5], "uv_size": [3.375, 3.5]},
								"up": {"uv": [37.5, 26], "uv_size": [-3.375, -3.5]},
								"down": {"uv": [37.5, 26], "uv_size": [-3.375, -3.5]}
							}
						},
						{
							"origin": [4.12428, 16.01734, -2.7],
							"size": [0.7, 2.025, 0.125],
							"pivot": [21.34928, 1.39234, 2.55],
							"rotation": [0, 0, -17.5],
							"uv": {
								"north": {"uv": [34.125, 22.5], "uv_size": [3.375, 3.5]},
								"east": {"uv": [34.125, 22.5], "uv_size": [3.375, 3.5]},
								"south": {"uv": [34.125, 22.5], "uv_size": [3.375, 3.5]},
								"west": {"uv": [34.125, 22.5], "uv_size": [3.375, 3.5]},
								"up": {"uv": [37.5, 26], "uv_size": [-3.375, -3.5]},
								"down": {"uv": [37.5, 26], "uv_size": [-3.375, -3.5]}
							}
						},
						{
							"origin": [-5.55529, 3.62274, -2.7],
							"size": [0.975, 2.55, 0.125],
							"pivot": [11.94471, -10.47726, 2.55],
							"rotation": [0, 0, 17.5],
							"uv": {
								"north": {"uv": [34.125, 22.5], "uv_size": [3.375, 3.5]},
								"east": {"uv": [34.125, 22.5], "uv_size": [3.375, 3.5]},
								"south": {"uv": [34.125, 22.5], "uv_size": [3.375, 3.5]},
								"west": {"uv": [34.125, 22.5], "uv_size": [3.375, 3.5]},
								"up": {"uv": [37.5, 26], "uv_size": [-3.375, -3.5]},
								"down": {"uv": [37.5, 26], "uv_size": [-3.375, -3.5]}
							}
						},
						{
							"origin": [1.91577, 11.65075, -2.7],
							"size": [2.025, 1.875, 0.125],
							"pivot": [19.14077, -3.12425, 2.55],
							"rotation": [0, 0, -12.5],
							"uv": {
								"north": {"uv": [34.125, 22.5], "uv_size": [3.375, 3.5]},
								"east": {"uv": [34.125, 22.5], "uv_size": [3.375, 3.5]},
								"south": {"uv": [34.125, 22.5], "uv_size": [3.375, 3.5]},
								"west": {"uv": [34.125, 22.5], "uv_size": [3.375, 3.5]},
								"up": {"uv": [37.5, 26], "uv_size": [-3.375, -3.5]},
								"down": {"uv": [37.5, 26], "uv_size": [-3.375, -3.5]}
							}
						}
					]
				},
				{
					"name": "ryoiki_tenkai",
					"parent": "root",
					"pivot": [0, 20, -10],
					"locators": {
						"ryoiki_tenkai": [0, 20, -12]
					}
				},
				{
					"name": "right_locator",
					"parent": "root",
					"pivot": [-8, 20, 0],
					"locators": {
						"right_locator": [-8, 20, 0]
					}
				},
				{
					"name": "left_locator",
					"parent": "root",
					"pivot": [8, 20, 0],
					"locators": {
						"left_locator": [8, 20, 0]
					}
				}
			]
		}
	]
}