{
	"format_version": "1.10.0",
	"particle_effect": {
		"description": {
			"identifier": "jjk:bluemove",
			"basic_render_parameters": {
				"material": "particles_alpha",
				"texture": "textures/particle/particles"
			}
		},
		"components": {
			"minecraft:emitter_rate_steady": {
				"spawn_rate": 100,
				"max_particles": 100
			},
			"minecraft:emitter_lifetime_once": {
				"active_time": 1.5
			},
			"minecraft:emitter_shape_point": {},
			"minecraft:particle_lifetime_expression": {
				"max_lifetime": 1
			},
			"minecraft:particle_initial_speed": 0.2,
			"minecraft:particle_motion_dynamic": {},
			"minecraft:particle_appearance_billboard": {
				"size": [
					"0.1-(variable.particle_age*0.1)",
					"0.1-(variable.particle_age*0.1)"
				],
				"facing_camera_mode": "rotate_xyz",
				"uv": {
					"texture_width": 1024,
					"texture_height": 1025,
					"uv": [
						450,
						0
					],
					"uv_size": [
						64,
						64
					]
				}
			},
			"minecraft:particle_appearance_tinting": {
				"color": {
					"interpolant": "variable.particle_age/variable.particle_lifetime",
					"gradient": {
						"0.0": "#ffffffff",
						"0.53": "#FF00E2FF",
						"0.86": "#FF003DFF"
					}
				}
			}
		}
	}
}