{
	"format_version": "1.10.0",
	"particle_effect": {
		"description": {
			"identifier": "jjk:gojodomain",
			"basic_render_parameters": {
				"material": "particles_alpha",
				"texture": "textures/particle/particles"
			}
		},
		"components": {
			"minecraft:emitter_rate_instant": {
				"num_particles": 1000
			},
			"minecraft:emitter_lifetime_looping": {
				"active_time": 2
			},
			"minecraft:emitter_shape_box": {
				"half_dimensions": [
					2,
					2,
					2
				],
				"surface_only": true,
				"direction": "outwards"
			},
			"minecraft:particle_lifetime_expression": {
				"max_lifetime": 1
			},
			"minecraft:particle_initial_speed": 30,
			"minecraft:particle_motion_dynamic": {
				"linear_drag_coefficient": 2
			},
			"minecraft:particle_appearance_billboard": {
				"size": [
					"0.5-(variable.particle_age*0.1)",
					"0.5-(variable.particle_age*0.1)"
				],
				"facing_camera_mode": "rotate_xyz",
				"uv": {
					"texture_width": 1024,
					"texture_height": 1025,
					"uv": [
						450,
						0
					],
					"uv_size": [
						64,
						64
					]
				}
			},
			"minecraft:particle_appearance_tinting": {
				"color": [
					0,
					0,
					0,
					1
				]
			}
		}
	}
}