{
	"format_version": "1.10.0",
	"particle_effect": {
		"description": {
			"identifier": "jjk:hollowpurple2",
			"basic_render_parameters": {
				"material": "particles_alpha",
				"texture": "textures/particle/particles"
			}
		},
		"components": {
			"minecraft:emitter_rate_steady": {
				"spawn_rate": 100,
				"max_particles": 1000
			},
			"minecraft:emitter_lifetime_once": {
				"active_time": 1
			},
			"minecraft:emitter_shape_sphere": {
				"radius": 3,
				"surface_only": true,
				"direction": "inwards"
			},
			"minecraft:particle_lifetime_expression": {
				"max_lifetime": 1
			},
			"minecraft:particle_initial_spin": {
				"rotation": "math.random(-90,90)"
			},
			"minecraft:particle_initial_speed": 0,
			"minecraft:particle_motion_dynamic": {},
			"minecraft:particle_appearance_billboard": {
				"size": [
					"0.3-(variable.particle_age*0.1)",
					"0.3-(variable.particle_age*0.1)"
				],
				"facing_camera_mode": "rotate_xyz",
				"uv": {
					"texture_width": 1024,
					"texture_height": 1025,
					"uv": [
						450,
						0
					],
					"uv_size": [
						64,
						64
					]
				}
			},
			"minecraft:particle_appearance_tinting": {
				"color": {
					"interpolant": "variable.particle_age/variable.particle_lifetime",
					"gradient": {
						"0.19": "#FFA23FD7",
						"0.49": "#FFFFFFFF"
					}
				}
			}
		}
	}
}