{
	"format_version": "1.10.0",
	"particle_effect": {
		"description": {
			"identifier": "jjk:rct1",
			"basic_render_parameters": {
				"material": "particles_alpha",
				"texture": "textures/particle/particles"
			}
		},
		"components": {
			"minecraft:emitter_rate_instant": {
				"num_particles": 100
			},
			"minecraft:emitter_lifetime_looping": {
				"active_time": 1
			},
			"minecraft:emitter_shape_sphere": {
				"radius": 1,
				"direction": "outwards"
			},
			"minecraft:particle_lifetime_expression": {
				"max_lifetime": 1
			},
			"minecraft:particle_initial_speed": 20,
			"minecraft:particle_motion_dynamic": {
				"linear_drag_coefficient": 5
			},
			"minecraft:particle_appearance_billboard": {
				"size": [
					"0.2-(variable.particle_age*0.2)",
					"0.2-(variable.particle_age*0.2)"
				],
				"facing_camera_mode": "rotate_xyz",
				"uv": {
					"texture_width": 1024,
					"texture_height": 1025,
					"uv": [
						450,
						0
					],
					"uv_size": [
						64,
						64
					]
				}
			},
			"minecraft:particle_appearance_tinting": {
				"color": {
					"interpolant": "v.particle_random_1",
					"gradient": {
						"0.0": "#ffffffff",
						"1.0": "#FFC4C4C4"
					}
				}
			}
		}
	}
}