{
	"format_version": "1.10.0",
	"particle_effect": {
		"description": {
			"identifier": "jjk:rct2",
			"basic_render_parameters": {
				"material": "particles_alpha",
				"texture": "textures/particle/particles"
			}
		},
		"components": {
			"minecraft:emitter_rate_steady": {
				"spawn_rate": 5,
				"max_particles": 100
			},
			"minecraft:emitter_lifetime_looping": {
				"active_time": 1
			},
			"minecraft:emitter_shape_disc": {
				"radius": 1,
				"surface_only": true,
				"direction": "outwards"
			},
			"minecraft:particle_lifetime_expression": {
				"max_lifetime": 1
			},
			"minecraft:particle_initial_speed": 0,
			"minecraft:particle_motion_dynamic": {
				"linear_acceleration": [
					0,
					5,
					0
				]
			},
			"minecraft:particle_appearance_billboard": {
				"size": [
					"0.2-(variable.particle_age*0.15)",
					"0.2-(variable.particle_age*0.15)"
				],
				"facing_camera_mode": "rotate_xyz",
				"uv": {
					"texture_width": 1024,
					"texture_height": 1025,
					"uv": [
						450,
						0
					],
					"uv_size": [
						64,
						64
					]
				}
			},
			"minecraft:particle_appearance_tinting": {
				"color": {
					"interpolant": "v.particle_age/v.particle_lifetime",
					"gradient": {
						"0.23": "#FF000000",
						"0.46": "#FF00D2FF",
						"0.72": "#FF00ECFF",
						"1.0": "#FF000000"
					}
				}
			}
		}
	}
}