{
	"format_version": "1.10.0",
	"particle_effect": {
		"description": {
			"identifier": "jjk:rctunc3",
			"basic_render_parameters": {
				"material": "particles_alpha",
				"texture": "textures/particle/particles"
			}
		},
		"components": {
			"minecraft:emitter_rate_instant": {
				"num_particles": 10
			},
			"minecraft:emitter_lifetime_once": {
				"active_time": 2
			},
			"minecraft:emitter_shape_point": {
				"offset": [
					"math.cos(v.particle_random_2*360)*(1-v.particle_random_1)*(1-v.particle_random_1)",
					0,
					"math.sin(v.particle_random_2*360)*(1-variable.particle_random_1)*(1-v.particle_random_1)"
				]
			},
			"minecraft:particle_lifetime_expression": {
				"max_lifetime": 1
			},
			"minecraft:particle_initial_speed": 0,
			"minecraft:particle_motion_dynamic": {},
			"minecraft:particle_appearance_billboard": {
				"size": [
					0.5,
					0.5
				],
				"facing_camera_mode": "emitter_transform_xz",
				"uv": {
					"texture_width": 1024,
					"texture_height": 1025,
					"uv": [
						450,
						0
					],
					"uv_size": [
						64,
						64
					]
				}
			},
			"minecraft:particle_appearance_tinting": {
				"color": {
					"interpolant": "v.particle_random_1",
					"gradient": {
						"0.07": "#FF540000",
						"0.5": "#FF880000",
						"1.0": "#FFA90000"
					}
				}
			}
		}
	}
}