{
	"format_version": "1.10.0",
	"particle_effect": {
		"description": {
			"identifier": "jjk:rctunc1",
			"basic_render_parameters": {
				"material": "particles_alpha",
				"texture": "textures/particle/smoke"
			}
		},
		"components": {
			"minecraft:emitter_rate_steady": {
				"spawn_rate": 10,
				"max_particles": 1000
			},
			"minecraft:emitter_lifetime_once": {
				"active_time": 1
			},
			"minecraft:emitter_shape_point": {
				"offset": [
					"math.cos(v.particle_random_2*360)*(15-v.particle_random_1)*(1-v.particle_random_1)",
					0,
					"math.sin(v.particle_random_2*360)*(15-v.particle_random_1)*(1-v.particle_random_1)"
				]
			},
			"minecraft:particle_lifetime_expression": {
				"max_lifetime": 1
			},
			"minecraft:particle_initial_speed": "math.random(1,2)",
			"minecraft:particle_motion_dynamic": {},
			"minecraft:particle_appearance_billboard": {
				"size": [
					"1-(variable.particle_age*0.2)",
					"1-(variable.particle_age*0.2)"
				],
				"facing_camera_mode": "rotate_xyz",
				"uv": {
					"texture_width": 16,
					"texture_height": 16,
					"uv": [
						0,
						0
					],
					"uv_size": [
						16,
						16
					]
				}
			},
			"minecraft:particle_appearance_tinting": {
				"color": {
					"interpolant": "v.particle_random_1",
					"gradient": {
						"0.15": "#FF695A00",
						"0.67": "#FFFBD800",
						"1.0": "#FFFFFFFF"
					}
				}
			}
		}
	}
}