{
	"format_version": "1.10.0",
	"particle_effect": {
		"description": {
			"identifier": "jjk:redswirl",
			"basic_render_parameters": {
				"material": "particles_alpha",
				"texture": "textures/particle/swirl"
			}
		},
		"components": {
			"minecraft:emitter_rate_instant": {
				"num_particles": 1
			},
			"minecraft:emitter_lifetime_once": {
				"active_time": 2.5
			},
			"minecraft:emitter_shape_point": {
				"offset": [
					0,
					0,
					-0.5
				]
			},
			"minecraft:particle_lifetime_expression": {
				"max_lifetime": 1
			},
			"minecraft:particle_initial_spin": {
				"rotation": "math.random(0,360)",
				"rotation_rate": -300
			},
			"minecraft:particle_initial_speed": 0,
			"minecraft:particle_motion_dynamic": {},
			"minecraft:particle_appearance_billboard": {
				"size": [
					"0.5+variable.particle_age*0.5",
					"0.5+variable.particle_age*0.5"
				],
				"facing_camera_mode": "rotate_xyz",
				"uv": {
					"texture_width": 16,
					"texture_height": 16,
					"uv": [
						0,
						0
					],
					"uv_size": [
						16,
						16
					]
				}
			},
			"minecraft:particle_appearance_tinting": {
				"color": {
					"interpolant": "v.particle_age / v.particle_lifetime",
					"gradient": {
						"0.0": "#ffffffff",
						"0.36": "#FFFF0000",
						"0.76": "#FF8F0000",
						"1.0": "#FF580000"
					}
				}
			}
		}
	}
}