{
	"format_version": "1.8.0",
	"animations": {
		"animation.winged_dynamite.throw": {
			"loop": true,
			"animation_length": 1,
			"bones": {
				"dynamite_body": {
					"rotation": {
						"0.0": [
							347.5,
							0,
							0
						],
						"0.5": [
							707.7873,
							2.68507,
							12.2127
						],
						"1.0": [
							1068.63919,
							0,
							0
						]
					}
				},
				"left_wing": {
					"rotation": {
						"0.0": [
							-55.18392,
							14.90835,
							-20.30179
						],
						"0.125": [
							-87.36456,
							22.83138,
							37.56242
						],
						"0.25": [
							-55.18392,
							14.90835,
							-20.30179
						],
						"0.375": [
							-87.36456,
							22.83138,
							37.56242
						],
						"0.5": [
							-55.18392,
							14.90835,
							-20.30179
						],
						"0.625": [
							-87.36456,
							22.83138,
							37.56242
						],
						"0.75": [
							-55.18392,
							14.90835,
							-20.30179
						],
						"0.875": [
							-87.36456,
							22.83138,
							37.56242
						],
						"1.0": [
							-55.18392,
							14.90835,
							-20.30179
						]
					},
					"position": {
						"0.0": [
							0,
							-1,
							-1
						],
						"0.125": [
							-1,
							-1,
							-1
						],
						"0.25": [
							0,
							-1,
							-1
						],
						"0.375": [
							-1,
							-1,
							-1
						],
						"0.5": [
							0,
							-1,
							-1
						],
						"0.625": [
							-1,
							-1,
							-1
						],
						"0.75": [
							0,
							-1,
							-1
						],
						"0.875": [
							-1,
							-1,
							-1
						],
						"1.0": [
							0,
							-1,
							-1
						]
					}
				},
				"right_wing": {
					"rotation": {
						"0.0": [
							-61.75088,
							-16.7796,
							28.24912
						],
						"0.125": [
							-97.78338,
							-30.08346,
							-42.88447
						],
						"0.25": [
							-61.75088,
							-16.7796,
							28.24912
						],
						"0.375": [
							-97.78338,
							-30.08346,
							-42.88447
						],
						"0.5": [
							-61.75088,
							-16.7796,
							28.24912
						],
						"0.625": [
							-97.78338,
							-30.08346,
							-42.88447
						],
						"0.75": [
							-61.75088,
							-16.7796,
							28.24912
						],
						"0.875": [
							-97.78338,
							-30.08346,
							-42.88447
						],
						"1.0": [
							-61.75088,
							-16.7796,
							28.24912
						]
					}
				}
			}
		}
	}
}