{
	"format_version": "1.10.0",
	"particle_effect": {
		"description": {
			"identifier": "bb:gas_mini",
			"basic_render_parameters": {
				"material": "particles_alpha",
				"texture": "textures/particles/gas_smoke"
			}
		},
		"components": {
			"minecraft:emitter_rate_instant": {
				"num_particles": 80
			},
			"minecraft:emitter_lifetime_once": {
				"active_time": 1
			},
			"minecraft:emitter_shape_sphere": {
				"radius": 2,
				"direction": "outwards"
			},
			"minecraft:particle_lifetime_expression": {
				"max_lifetime": 7
			},
			"minecraft:particle_initial_speed": 0.5,
			"minecraft:particle_motion_dynamic": {
				"linear_drag_coefficient": 0.3
			},
			"minecraft:particle_appearance_billboard": {
				"size": [
					1.8,
					1.8
				],
				"facing_camera_mode": "rotate_xyz",
				"uv": {
					"texture_width": 16,
					"texture_height": 160,
					"flipbook": {
						"base_UV": [
							0,
							0
						],
						"size_UV": [
							16,
							16
						],
						"step_UV": [
							0,
							16
						],
						"frames_per_second": 1.6,
						"max_frame": 10,
						"loop": false
					}
				}
			}
		}
	}
}