{
  "format_version": "1.10.0",
  "minecraft:client_entity": {
    "description": {
      "identifier": "rg:fan150",
      "textures": {
    "blue": "textures/entity/honda/fan150_blue",
    "red": "textures/entity/honda/fan150_red",
    "black": "textures/entity/honda/fan150_black",
    "yellow": "textures/entity/honda/fan150_yellow",
    "white": "textures/entity/honda/fan150_white"
      },
      "materials": {
        "default": "skeleton"
      },
      "geometry": {
        "default": "geometry.fan150"
      },
      "render_controllers": [ "controller.render.cores" ],
      "spawn_egg": {
        "texture": "rg:honda",
        "texture_index": 0
      },
      "animations": {
        "walk": "animation.moto.walk",
        "idle": "animation.moto.idle"
      },
      "scripts": {
        "animate": [
          "root",
          {
            "walk": "query.is_moving"
          },
          {
            "idle": "!query.is_moving"
          }
        ]
      }
    }
  }
}