{
  "format_version": "1.10.0",
  "minecraft:client_entity": {
    "description": {
      "identifier": "rg:titan160",
      "textures": {
    "blue": "textures/entity/honda/titan160_blue",
    "red": "textures/entity/honda/titan160_red",
    "black": "textures/entity/honda/titan160_black",
    "yellow": "textures/entity/honda/titan160_yellow",
    "white": "textures/entity/honda/titan160_white"
      },
      "materials": {
        "default": "skeleton"
      },
      "geometry": {
        "default": "geometry.titan160"
      },
      "render_controllers": [ "controller.render.cores" ],
      "spawn_egg": {
        "texture": "rg:honda",
        "texture_index": 0
      },
      "animations": {
        "walk": "animation.moto.walk",
        "idle": "animation.moto.idle"
      },
      "scripts": {
        "animate": [
          "root",
          {
            "walk": "query.is_moving"
          },
          {
            "idle": "!query.is_moving"
          }
        ]
      }
    }
  }
}