{
  "format_version": "1.12.0",
  "minecraft:geometry": [
    {
      "description": {
        "identifier": "geometry.set_selfindomiehype",
        "texture_width": 64,
        "texture_height": 64,
        "visible_bounds_width": 2,
        "visible_bounds_height": 2.5,
        "visible_bounds_offset": [
          0,
          0.75,
          0
        ]
      },
      "bones": [
        {
          "name": "ItemShelf",
          "pivot": [
            0,
            0,
            0
          ]
        },
        {
          "name": "Shelf",
          "parent": "ItemShelf",
          "pivot": [
            0,
            0,
            0
          ],
          "cubes": [
            {
              "origin": [
                -8,
                0,
                -8
              ],
              "size": [
                16,
                16,
                2
              ],
              "uv": {
                "north": {
                  "uv": [
                    0,
                    0
                  ],
                  "uv_size": [
                    16,
                    16
                  ]
                },
                "east": {
                  "uv": [
                    32,
                    0
                  ],
                  "uv_size": [
                    2,
                    16
                  ]
                },
                "south": {
                  "uv": [
                    0,
                    16
                  ],
                  "uv_size": [
                    16,
                    16
                  ]
                },
                "west": {
                  "uv": [
                    32,
                    16
                  ],
                  "uv_size": [
                    2,
                    16
                  ]
                },
                "up": {
                  "uv": [
                    32,
                    32
                  ],
                  "uv_size": [
                    16,
                    2
                  ]
                },
                "down": {
                  "uv": [
                    34,
                    2
                  ],
                  "uv_size": [
                    16,
                    -2
                  ]
                }
              }
            },
            {
              "origin": [
                -8,
                0,
                -6
              ],
              "size": [
                16,
                1,
                14
              ],
              "uv": {
                "north": {
                  "uv": [
                    34,
                    2
                  ],
                  "uv_size": [
                    16,
                    1
                  ]
                },
                "east": {
                  "uv": [
                    34,
                    6
                  ],
                  "uv_size": [
                    14,
                    1
                  ]
                },
                "south": {
                  "uv": [
                    34,
                    3
                  ],
                  "uv_size": [
                    16,
                    1
                  ]
                },
                "west": {
                  "uv": [
                    34,
                    7
                  ],
                  "uv_size": [
                    14,
                    1
                  ]
                },
                "up": {
                  "uv": [
                    16,
                    0
                  ],
                  "uv_size": [
                    16,
                    14
                  ]
                },
                "down": {
                  "uv": [
                    16,
                    28
                  ],
                  "uv_size": [
                    16,
                    -14
                  ]
                }
              }
            },
            {
              "origin": [
                -8,
                8,
                -6
              ],
              "size": [
                16,
                1,
                14
              ],
              "uv": {
                "north": {
                  "uv": [
                    34,
                    4
                  ],
                  "uv_size": [
                    16,
                    1
                  ]
                },
                "east": {
                  "uv": [
                    34,
                    8
                  ],
                  "uv_size": [
                    14,
                    1
                  ]
                },
                "south": {
                  "uv": [
                    34,
                    5
                  ],
                  "uv_size": [
                    16,
                    1
                  ]
                },
                "west": {
                  "uv": [
                    34,
                    9
                  ],
                  "uv_size": [
                    14,
                    1
                  ]
                },
                "up": {
                  "uv": [
                    16,
                    28
                  ],
                  "uv_size": [
                    16,
                    14
                  ]
                },
                "down": {
                  "uv": [
                    0,
                    46
                  ],
                  "uv_size": [
                    16,
                    -14
                  ]
                }
              }
            }
          ]
        },
        {
          "name": "Item",
          "parent": "ItemShelf",
          "pivot": [
            0,
            0,
            2
          ]
        },
        {
          "name": "bone",
          "pivot": [
            0,
            0,
            0
          ],
          "cubes": [
            {
              "origin": [
                3,
                1,
                6
              ],
              "size": [
                4,
                3,
                1.1
              ],
              "uv": {
                "north": {
                  "uv": [
                    35,
                    36
                  ],
                  "uv_size": [
                    28,
                    24
                  ]
                },
                "east": {
                  "uv": [
                    34,
                    18
                  ],
                  "uv_size": [
                    1,
                    3
                  ]
                },
                "south": {
                  "uv": [
                    35,
                    60
                  ],
                  "uv_size": [
                    28,
                    -24
                  ]
                },
                "west": {
                  "uv": [
                    34,
                    21
                  ],
                  "uv_size": [
                    1,
                    3
                  ]
                },
                "up": {
                  "uv": [
                    34,
                    16
                  ],
                  "uv_size": [
                    4,
                    1
                  ]
                },
                "down": {
                  "uv": [
                    34,
                    18
                  ],
                  "uv_size": [
                    4,
                    -1
                  ]
                }
              }
            },
            {
              "origin": [
                3,
                9,
                6
              ],
              "size": [
                4,
                3,
                1.1
              ],
              "uv": {
                "north": {
                  "uv": [
                    35,
                    36
                  ],
                  "uv_size": [
                    28,
                    24
                  ]
                },
                "east": {
                  "uv": [
                    34,
                    18
                  ],
                  "uv_size": [
                    1,
                    3
                  ]
                },
                "south": {
                  "uv": [
                    35,
                    60
                  ],
                  "uv_size": [
                    28,
                    -24
                  ]
                },
                "west": {
                  "uv": [
                    34,
                    21
                  ],
                  "uv_size": [
                    1,
                    3
                  ]
                },
                "up": {
                  "uv": [
                    34,
                    16
                  ],
                  "uv_size": [
                    4,
                    1
                  ]
                },
                "down": {
                  "uv": [
                    34,
                    18
                  ],
                  "uv_size": [
                    4,
                    -1
                  ]
                }
              }
            },
            {
              "origin": [
                -2,
                9,
                6
              ],
              "size": [
                4,
                3,
                1.1
              ],
              "uv": {
                "north": {
                  "uv": [
                    35,
                    36
                  ],
                  "uv_size": [
                    28,
                    24
                  ]
                },
                "east": {
                  "uv": [
                    34,
                    18
                  ],
                  "uv_size": [
                    1,
                    3
                  ]
                },
                "south": {
                  "uv": [
                    35,
                    60
                  ],
                  "uv_size": [
                    28,
                    -24
                  ]
                },
                "west": {
                  "uv": [
                    34,
                    21
                  ],
                  "uv_size": [
                    1,
                    3
                  ]
                },
                "up": {
                  "uv": [
                    34,
                    16
                  ],
                  "uv_size": [
                    4,
                    1
                  ]
                },
                "down": {
                  "uv": [
                    34,
                    18
                  ],
                  "uv_size": [
                    4,
                    -1
                  ]
                }
              }
            },
            {
              "origin": [
                -7,
                9,
                6
              ],
              "size": [
                4,
                3,
                1.1
              ],
              "uv": {
                "north": {
                  "uv": [
                    35,
                    36
                  ],
                  "uv_size": [
                    28,
                    24
                  ]
                },
                "east": {
                  "uv": [
                    34,
                    18
                  ],
                  "uv_size": [
                    1,
                    3
                  ]
                },
                "south": {
                  "uv": [
                    35,
                    60
                  ],
                  "uv_size": [
                    28,
                    -24
                  ]
                },
                "west": {
                  "uv": [
                    34,
                    21
                  ],
                  "uv_size": [
                    1,
                    3
                  ]
                },
                "up": {
                  "uv": [
                    34,
                    16
                  ],
                  "uv_size": [
                    4,
                    1
                  ]
                },
                "down": {
                  "uv": [
                    34,
                    18
                  ],
                  "uv_size": [
                    4,
                    -1
                  ]
                }
              }
            },
            {
              "origin": [
                -7,
                9,
                4
              ],
              "size": [
                4,
                3,
                1.1
              ],
              "uv": {
                "north": {
                  "uv": [
                    35,
                    36
                  ],
                  "uv_size": [
                    28,
                    24
                  ]
                },
                "east": {
                  "uv": [
                    34,
                    18
                  ],
                  "uv_size": [
                    1,
                    3
                  ]
                },
                "south": {
                  "uv": [
                    35,
                    60
                  ],
                  "uv_size": [
                    28,
                    -24
                  ]
                },
                "west": {
                  "uv": [
                    34,
                    21
                  ],
                  "uv_size": [
                    1,
                    3
                  ]
                },
                "up": {
                  "uv": [
                    34,
                    16
                  ],
                  "uv_size": [
                    4,
                    1
                  ]
                },
                "down": {
                  "uv": [
                    34,
                    18
                  ],
                  "uv_size": [
                    4,
                    -1
                  ]
                }
              }
            },
            {
              "origin": [
                -7,
                9,
                2
              ],
              "size": [
                4,
                3,
                1.1
              ],
              "uv": {
                "north": {
                  "uv": [
                    35,
                    36
                  ],
                  "uv_size": [
                    28,
                    24
                  ]
                },
                "east": {
                  "uv": [
                    34,
                    18
                  ],
                  "uv_size": [
                    1,
                    3
                  ]
                },
                "south": {
                  "uv": [
                    35,
                    60
                  ],
                  "uv_size": [
                    28,
                    -24
                  ]
                },
                "west": {
                  "uv": [
                    34,
                    21
                  ],
                  "uv_size": [
                    1,
                    3
                  ]
                },
                "up": {
                  "uv": [
                    34,
                    16
                  ],
                  "uv_size": [
                    4,
                    1
                  ]
                },
                "down": {
                  "uv": [
                    34,
                    18
                  ],
                  "uv_size": [
                    4,
                    -1
                  ]
                }
              }
            },
            {
              "origin": [
                -7,
                9,
                0
              ],
              "size": [
                4,
                3,
                1.1
              ],
              "uv": {
                "north": {
                  "uv": [
                    35,
                    36
                  ],
                  "uv_size": [
                    28,
                    24
                  ]
                },
                "east": {
                  "uv": [
                    34,
                    18
                  ],
                  "uv_size": [
                    1,
                    3
                  ]
                },
                "south": {
                  "uv": [
                    35,
                    60
                  ],
                  "uv_size": [
                    28,
                    -24
                  ]
                },
                "west": {
                  "uv": [
                    34,
                    21
                  ],
                  "uv_size": [
                    1,
                    3
                  ]
                },
                "up": {
                  "uv": [
                    34,
                    16
                  ],
                  "uv_size": [
                    4,
                    1
                  ]
                },
                "down": {
                  "uv": [
                    34,
                    18
                  ],
                  "uv_size": [
                    4,
                    -1
                  ]
                }
              }
            },
            {
              "origin": [
                -7,
                9,
                -2
              ],
              "size": [
                4,
                3,
                1.1
              ],
              "uv": {
                "north": {
                  "uv": [
                    35,
                    36
                  ],
                  "uv_size": [
                    28,
                    24
                  ]
                },
                "east": {
                  "uv": [
                    34,
                    18
                  ],
                  "uv_size": [
                    1,
                    3
                  ]
                },
                "south": {
                  "uv": [
                    35,
                    60
                  ],
                  "uv_size": [
                    28,
                    -24
                  ]
                },
                "west": {
                  "uv": [
                    34,
                    21
                  ],
                  "uv_size": [
                    1,
                    3
                  ]
                },
                "up": {
                  "uv": [
                    34,
                    16
                  ],
                  "uv_size": [
                    4,
                    1
                  ]
                },
                "down": {
                  "uv": [
                    34,
                    18
                  ],
                  "uv_size": [
                    4,
                    -1
                  ]
                }
              }
            },
            {
              "origin": [
                -7,
                9,
                -4
              ],
              "size": [
                4,
                3,
                1.1
              ],
              "uv": {
                "north": {
                  "uv": [
                    35,
                    36
                  ],
                  "uv_size": [
                    28,
                    24
                  ]
                },
                "east": {
                  "uv": [
                    34,
                    18
                  ],
                  "uv_size": [
                    1,
                    3
                  ]
                },
                "south": {
                  "uv": [
                    35,
                    60
                  ],
                  "uv_size": [
                    28,
                    -24
                  ]
                },
                "west": {
                  "uv": [
                    34,
                    21
                  ],
                  "uv_size": [
                    1,
                    3
                  ]
                },
                "up": {
                  "uv": [
                    34,
                    16
                  ],
                  "uv_size": [
                    4,
                    1
                  ]
                },
                "down": {
                  "uv": [
                    34,
                    18
                  ],
                  "uv_size": [
                    4,
                    -1
                  ]
                }
              }
            },
            {
              "origin": [
                -2,
                9,
                4
              ],
              "size": [
                4,
                3,
                1.1
              ],
              "uv": {
                "north": {
                  "uv": [
                    35,
                    36
                  ],
                  "uv_size": [
                    28,
                    24
                  ]
                },
                "east": {
                  "uv": [
                    34,
                    18
                  ],
                  "uv_size": [
                    1,
                    3
                  ]
                },
                "south": {
                  "uv": [
                    35,
                    60
                  ],
                  "uv_size": [
                    28,
                    -24
                  ]
                },
                "west": {
                  "uv": [
                    34,
                    21
                  ],
                  "uv_size": [
                    1,
                    3
                  ]
                },
                "up": {
                  "uv": [
                    34,
                    16
                  ],
                  "uv_size": [
                    4,
                    1
                  ]
                },
                "down": {
                  "uv": [
                    34,
                    18
                  ],
                  "uv_size": [
                    4,
                    -1
                  ]
                }
              }
            },
            {
              "origin": [
                -2,
                9,
                2
              ],
              "size": [
                4,
                3,
                1.1
              ],
              "uv": {
                "north": {
                  "uv": [
                    35,
                    36
                  ],
                  "uv_size": [
                    28,
                    24
                  ]
                },
                "east": {
                  "uv": [
                    34,
                    18
                  ],
                  "uv_size": [
                    1,
                    3
                  ]
                },
                "south": {
                  "uv": [
                    35,
                    60
                  ],
                  "uv_size": [
                    28,
                    -24
                  ]
                },
                "west": {
                  "uv": [
                    34,
                    21
                  ],
                  "uv_size": [
                    1,
                    3
                  ]
                },
                "up": {
                  "uv": [
                    34,
                    16
                  ],
                  "uv_size": [
                    4,
                    1
                  ]
                },
                "down": {
                  "uv": [
                    34,
                    18
                  ],
                  "uv_size": [
                    4,
                    -1
                  ]
                }
              }
            },
            {
              "origin": [
                -2,
                9,
                0
              ],
              "size": [
                4,
                3,
                1.1
              ],
              "uv": {
                "north": {
                  "uv": [
                    35,
                    36
                  ],
                  "uv_size": [
                    28,
                    24
                  ]
                },
                "east": {
                  "uv": [
                    34,
                    18
                  ],
                  "uv_size": [
                    1,
                    3
                  ]
                },
                "south": {
                  "uv": [
                    35,
                    60
                  ],
                  "uv_size": [
                    28,
                    -24
                  ]
                },
                "west": {
                  "uv": [
                    34,
                    21
                  ],
                  "uv_size": [
                    1,
                    3
                  ]
                },
                "up": {
                  "uv": [
                    34,
                    16
                  ],
                  "uv_size": [
                    4,
                    1
                  ]
                },
                "down": {
                  "uv": [
                    34,
                    18
                  ],
                  "uv_size": [
                    4,
                    -1
                  ]
                }
              }
            },
            {
              "origin": [
                -2,
                9,
                -4
              ],
              "size": [
                4,
                3,
                1.1
              ],
              "uv": {
                "north": {
                  "uv": [
                    35,
                    36
                  ],
                  "uv_size": [
                    28,
                    24
                  ]
                },
                "east": {
                  "uv": [
                    34,
                    18
                  ],
                  "uv_size": [
                    1,
                    3
                  ]
                },
                "south": {
                  "uv": [
                    35,
                    60
                  ],
                  "uv_size": [
                    28,
                    -24
                  ]
                },
                "west": {
                  "uv": [
                    34,
                    21
                  ],
                  "uv_size": [
                    1,
                    3
                  ]
                },
                "up": {
                  "uv": [
                    34,
                    16
                  ],
                  "uv_size": [
                    4,
                    1
                  ]
                },
                "down": {
                  "uv": [
                    34,
                    18
                  ],
                  "uv_size": [
                    4,
                    -1
                  ]
                }
              }
            },
            {
              "origin": [
                -2,
                9,
                -2
              ],
              "size": [
                4,
                3,
                1.1
              ],
              "uv": {
                "north": {
                  "uv": [
                    35,
                    36
                  ],
                  "uv_size": [
                    28,
                    24
                  ]
                },
                "east": {
                  "uv": [
                    34,
                    18
                  ],
                  "uv_size": [
                    1,
                    3
                  ]
                },
                "south": {
                  "uv": [
                    35,
                    60
                  ],
                  "uv_size": [
                    28,
                    -24
                  ]
                },
                "west": {
                  "uv": [
                    34,
                    21
                  ],
                  "uv_size": [
                    1,
                    3
                  ]
                },
                "up": {
                  "uv": [
                    34,
                    16
                  ],
                  "uv_size": [
                    4,
                    1
                  ]
                },
                "down": {
                  "uv": [
                    34,
                    18
                  ],
                  "uv_size": [
                    4,
                    -1
                  ]
                }
              }
            },
            {
              "origin": [
                3,
                9,
                4
              ],
              "size": [
                4,
                3,
                1.1
              ],
              "uv": {
                "north": {
                  "uv": [
                    35,
                    36
                  ],
                  "uv_size": [
                    28,
                    24
                  ]
                },
                "east": {
                  "uv": [
                    34,
                    18
                  ],
                  "uv_size": [
                    1,
                    3
                  ]
                },
                "south": {
                  "uv": [
                    35,
                    60
                  ],
                  "uv_size": [
                    28,
                    -24
                  ]
                },
                "west": {
                  "uv": [
                    34,
                    21
                  ],
                  "uv_size": [
                    1,
                    3
                  ]
                },
                "up": {
                  "uv": [
                    34,
                    16
                  ],
                  "uv_size": [
                    4,
                    1
                  ]
                },
                "down": {
                  "uv": [
                    34,
                    18
                  ],
                  "uv_size": [
                    4,
                    -1
                  ]
                }
              }
            },
            {
              "origin": [
                3,
                9,
                2
              ],
              "size": [
                4,
                3,
                1.1
              ],
              "uv": {
                "north": {
                  "uv": [
                    35,
                    36
                  ],
                  "uv_size": [
                    28,
                    24
                  ]
                },
                "east": {
                  "uv": [
                    34,
                    18
                  ],
                  "uv_size": [
                    1,
                    3
                  ]
                },
                "south": {
                  "uv": [
                    35,
                    60
                  ],
                  "uv_size": [
                    28,
                    -24
                  ]
                },
                "west": {
                  "uv": [
                    34,
                    21
                  ],
                  "uv_size": [
                    1,
                    3
                  ]
                },
                "up": {
                  "uv": [
                    34,
                    16
                  ],
                  "uv_size": [
                    4,
                    1
                  ]
                },
                "down": {
                  "uv": [
                    34,
                    18
                  ],
                  "uv_size": [
                    4,
                    -1
                  ]
                }
              }
            },
            {
              "origin": [
                3,
                9,
                0
              ],
              "size": [
                4,
                3,
                1.1
              ],
              "uv": {
                "north": {
                  "uv": [
                    35,
                    36
                  ],
                  "uv_size": [
                    28,
                    24
                  ]
                },
                "east": {
                  "uv": [
                    34,
                    18
                  ],
                  "uv_size": [
                    1,
                    3
                  ]
                },
                "south": {
                  "uv": [
                    35,
                    60
                  ],
                  "uv_size": [
                    28,
                    -24
                  ]
                },
                "west": {
                  "uv": [
                    34,
                    21
                  ],
                  "uv_size": [
                    1,
                    3
                  ]
                },
                "up": {
                  "uv": [
                    34,
                    16
                  ],
                  "uv_size": [
                    4,
                    1
                  ]
                },
                "down": {
                  "uv": [
                    34,
                    18
                  ],
                  "uv_size": [
                    4,
                    -1
                  ]
                }
              }
            },
            {
              "origin": [
                3,
                9,
                -2
              ],
              "size": [
                4,
                3,
                1.1
              ],
              "uv": {
                "north": {
                  "uv": [
                    35,
                    36
                  ],
                  "uv_size": [
                    28,
                    24
                  ]
                },
                "east": {
                  "uv": [
                    34,
                    18
                  ],
                  "uv_size": [
                    1,
                    3
                  ]
                },
                "south": {
                  "uv": [
                    35,
                    60
                  ],
                  "uv_size": [
                    28,
                    -24
                  ]
                },
                "west": {
                  "uv": [
                    34,
                    21
                  ],
                  "uv_size": [
                    1,
                    3
                  ]
                },
                "up": {
                  "uv": [
                    34,
                    16
                  ],
                  "uv_size": [
                    4,
                    1
                  ]
                },
                "down": {
                  "uv": [
                    34,
                    18
                  ],
                  "uv_size": [
                    4,
                    -1
                  ]
                }
              }
            },
            {
              "origin": [
                3,
                9,
                -4
              ],
              "size": [
                4,
                3,
                1.1
              ],
              "uv": {
                "north": {
                  "uv": [
                    35,
                    36
                  ],
                  "uv_size": [
                    28,
                    24
                  ]
                },
                "east": {
                  "uv": [
                    34,
                    18
                  ],
                  "uv_size": [
                    1,
                    3
                  ]
                },
                "south": {
                  "uv": [
                    35,
                    60
                  ],
                  "uv_size": [
                    28,
                    -24
                  ]
                },
                "west": {
                  "uv": [
                    34,
                    21
                  ],
                  "uv_size": [
                    1,
                    3
                  ]
                },
                "up": {
                  "uv": [
                    34,
                    16
                  ],
                  "uv_size": [
                    4,
                    1
                  ]
                },
                "down": {
                  "uv": [
                    34,
                    18
                  ],
                  "uv_size": [
                    4,
                    -1
                  ]
                }
              }
            },
            {
              "origin": [
                -2,
                1,
                6
              ],
              "size": [
                4,
                3,
                1.1
              ],
              "uv": {
                "north": {
                  "uv": [
                    35,
                    36
                  ],
                  "uv_size": [
                    28,
                    24
                  ]
                },
                "east": {
                  "uv": [
                    34,
                    18
                  ],
                  "uv_size": [
                    1,
                    3
                  ]
                },
                "south": {
                  "uv": [
                    35,
                    60
                  ],
                  "uv_size": [
                    28,
                    -24
                  ]
                },
                "west": {
                  "uv": [
                    34,
                    21
                  ],
                  "uv_size": [
                    1,
                    3
                  ]
                },
                "up": {
                  "uv": [
                    34,
                    16
                  ],
                  "uv_size": [
                    4,
                    1
                  ]
                },
                "down": {
                  "uv": [
                    34,
                    18
                  ],
                  "uv_size": [
                    4,
                    -1
                  ]
                }
              }
            },
            {
              "origin": [
                -2,
                1,
                4
              ],
              "size": [
                4,
                3,
                1.1
              ],
              "uv": {
                "north": {
                  "uv": [
                    35,
                    36
                  ],
                  "uv_size": [
                    28,
                    24
                  ]
                },
                "east": {
                  "uv": [
                    34,
                    18
                  ],
                  "uv_size": [
                    1,
                    3
                  ]
                },
                "south": {
                  "uv": [
                    35,
                    60
                  ],
                  "uv_size": [
                    28,
                    -24
                  ]
                },
                "west": {
                  "uv": [
                    34,
                    21
                  ],
                  "uv_size": [
                    1,
                    3
                  ]
                },
                "up": {
                  "uv": [
                    34,
                    16
                  ],
                  "uv_size": [
                    4,
                    1
                  ]
                },
                "down": {
                  "uv": [
                    34,
                    18
                  ],
                  "uv_size": [
                    4,
                    -1
                  ]
                }
              }
            },
            {
              "origin": [
                -2,
                1,
                2
              ],
              "size": [
                4,
                3,
                1.1
              ],
              "uv": {
                "north": {
                  "uv": [
                    35,
                    36
                  ],
                  "uv_size": [
                    28,
                    24
                  ]
                },
                "east": {
                  "uv": [
                    34,
                    18
                  ],
                  "uv_size": [
                    1,
                    3
                  ]
                },
                "south": {
                  "uv": [
                    35,
                    60
                  ],
                  "uv_size": [
                    28,
                    -24
                  ]
                },
                "west": {
                  "uv": [
                    34,
                    21
                  ],
                  "uv_size": [
                    1,
                    3
                  ]
                },
                "up": {
                  "uv": [
                    34,
                    16
                  ],
                  "uv_size": [
                    4,
                    1
                  ]
                },
                "down": {
                  "uv": [
                    34,
                    18
                  ],
                  "uv_size": [
                    4,
                    -1
                  ]
                }
              }
            },
            {
              "origin": [
                -2,
                1,
                0
              ],
              "size": [
                4,
                3,
                1.1
              ],
              "uv": {
                "north": {
                  "uv": [
                    35,
                    36
                  ],
                  "uv_size": [
                    28,
                    24
                  ]
                },
                "east": {
                  "uv": [
                    34,
                    18
                  ],
                  "uv_size": [
                    1,
                    3
                  ]
                },
                "south": {
                  "uv": [
                    35,
                    60
                  ],
                  "uv_size": [
                    28,
                    -24
                  ]
                },
                "west": {
                  "uv": [
                    34,
                    21
                  ],
                  "uv_size": [
                    1,
                    3
                  ]
                },
                "up": {
                  "uv": [
                    34,
                    16
                  ],
                  "uv_size": [
                    4,
                    1
                  ]
                },
                "down": {
                  "uv": [
                    34,
                    18
                  ],
                  "uv_size": [
                    4,
                    -1
                  ]
                }
              }
            },
            {
              "origin": [
                -2,
                1,
                -2
              ],
              "size": [
                4,
                3,
                1.1
              ],
              "uv": {
                "north": {
                  "uv": [
                    35,
                    36
                  ],
                  "uv_size": [
                    28,
                    24
                  ]
                },
                "east": {
                  "uv": [
                    34,
                    18
                  ],
                  "uv_size": [
                    1,
                    3
                  ]
                },
                "south": {
                  "uv": [
                    35,
                    60
                  ],
                  "uv_size": [
                    28,
                    -24
                  ]
                },
                "west": {
                  "uv": [
                    34,
                    21
                  ],
                  "uv_size": [
                    1,
                    3
                  ]
                },
                "up": {
                  "uv": [
                    34,
                    16
                  ],
                  "uv_size": [
                    4,
                    1
                  ]
                },
                "down": {
                  "uv": [
                    34,
                    18
                  ],
                  "uv_size": [
                    4,
                    -1
                  ]
                }
              }
            },
            {
              "origin": [
                -2,
                1,
                -4
              ],
              "size": [
                4,
                3,
                1.1
              ],
              "uv": {
                "north": {
                  "uv": [
                    35,
                    36
                  ],
                  "uv_size": [
                    28,
                    24
                  ]
                },
                "east": {
                  "uv": [
                    34,
                    18
                  ],
                  "uv_size": [
                    1,
                    3
                  ]
                },
                "south": {
                  "uv": [
                    35,
                    60
                  ],
                  "uv_size": [
                    28,
                    -24
                  ]
                },
                "west": {
                  "uv": [
                    34,
                    21
                  ],
                  "uv_size": [
                    1,
                    3
                  ]
                },
                "up": {
                  "uv": [
                    34,
                    16
                  ],
                  "uv_size": [
                    4,
                    1
                  ]
                },
                "down": {
                  "uv": [
                    34,
                    18
                  ],
                  "uv_size": [
                    4,
                    -1
                  ]
                }
              }
            },
            {
              "origin": [
                -7,
                1,
                6
              ],
              "size": [
                4,
                3,
                1.1
              ],
              "uv": {
                "north": {
                  "uv": [
                    35,
                    36
                  ],
                  "uv_size": [
                    28,
                    24
                  ]
                },
                "east": {
                  "uv": [
                    34,
                    18
                  ],
                  "uv_size": [
                    1,
                    3
                  ]
                },
                "south": {
                  "uv": [
                    35,
                    60
                  ],
                  "uv_size": [
                    28,
                    -24
                  ]
                },
                "west": {
                  "uv": [
                    34,
                    21
                  ],
                  "uv_size": [
                    1,
                    3
                  ]
                },
                "up": {
                  "uv": [
                    34,
                    16
                  ],
                  "uv_size": [
                    4,
                    1
                  ]
                },
                "down": {
                  "uv": [
                    34,
                    18
                  ],
                  "uv_size": [
                    4,
                    -1
                  ]
                }
              }
            },
            {
              "origin": [
                -7,
                1,
                4
              ],
              "size": [
                4,
                3,
                1.1
              ],
              "uv": {
                "north": {
                  "uv": [
                    35,
                    36
                  ],
                  "uv_size": [
                    28,
                    24
                  ]
                },
                "east": {
                  "uv": [
                    34,
                    18
                  ],
                  "uv_size": [
                    1,
                    3
                  ]
                },
                "south": {
                  "uv": [
                    35,
                    60
                  ],
                  "uv_size": [
                    28,
                    -24
                  ]
                },
                "west": {
                  "uv": [
                    34,
                    21
                  ],
                  "uv_size": [
                    1,
                    3
                  ]
                },
                "up": {
                  "uv": [
                    34,
                    16
                  ],
                  "uv_size": [
                    4,
                    1
                  ]
                },
                "down": {
                  "uv": [
                    34,
                    18
                  ],
                  "uv_size": [
                    4,
                    -1
                  ]
                }
              }
            },
            {
              "origin": [
                -7,
                1,
                2
              ],
              "size": [
                4,
                3,
                1.1
              ],
              "uv": {
                "north": {
                  "uv": [
                    35,
                    36
                  ],
                  "uv_size": [
                    28,
                    24
                  ]
                },
                "east": {
                  "uv": [
                    34,
                    18
                  ],
                  "uv_size": [
                    1,
                    3
                  ]
                },
                "south": {
                  "uv": [
                    35,
                    60
                  ],
                  "uv_size": [
                    28,
                    -24
                  ]
                },
                "west": {
                  "uv": [
                    34,
                    21
                  ],
                  "uv_size": [
                    1,
                    3
                  ]
                },
                "up": {
                  "uv": [
                    34,
                    16
                  ],
                  "uv_size": [
                    4,
                    1
                  ]
                },
                "down": {
                  "uv": [
                    34,
                    18
                  ],
                  "uv_size": [
                    4,
                    -1
                  ]
                }
              }
            },
            {
              "origin": [
                -7,
                1,
                -2
              ],
              "size": [
                4,
                3,
                1.1
              ],
              "uv": {
                "north": {
                  "uv": [
                    35,
                    36
                  ],
                  "uv_size": [
                    28,
                    24
                  ]
                },
                "east": {
                  "uv": [
                    34,
                    18
                  ],
                  "uv_size": [
                    1,
                    3
                  ]
                },
                "south": {
                  "uv": [
                    35,
                    60
                  ],
                  "uv_size": [
                    28,
                    -24
                  ]
                },
                "west": {
                  "uv": [
                    34,
                    21
                  ],
                  "uv_size": [
                    1,
                    3
                  ]
                },
                "up": {
                  "uv": [
                    34,
                    16
                  ],
                  "uv_size": [
                    4,
                    1
                  ]
                },
                "down": {
                  "uv": [
                    34,
                    18
                  ],
                  "uv_size": [
                    4,
                    -1
                  ]
                }
              }
            },
            {
              "origin": [
                -7,
                1,
                -4
              ],
              "size": [
                4,
                3,
                1.1
              ],
              "uv": {
                "north": {
                  "uv": [
                    35,
                    36
                  ],
                  "uv_size": [
                    28,
                    24
                  ]
                },
                "east": {
                  "uv": [
                    34,
                    18
                  ],
                  "uv_size": [
                    1,
                    3
                  ]
                },
                "south": {
                  "uv": [
                    35,
                    60
                  ],
                  "uv_size": [
                    28,
                    -24
                  ]
                },
                "west": {
                  "uv": [
                    34,
                    21
                  ],
                  "uv_size": [
                    1,
                    3
                  ]
                },
                "up": {
                  "uv": [
                    34,
                    16
                  ],
                  "uv_size": [
                    4,
                    1
                  ]
                },
                "down": {
                  "uv": [
                    34,
                    18
                  ],
                  "uv_size": [
                    4,
                    -1
                  ]
                }
              }
            },
            {
              "origin": [
                -7,
                1,
                0
              ],
              "size": [
                4,
                3,
                1.1
              ],
              "uv": {
                "north": {
                  "uv": [
                    35,
                    36
                  ],
                  "uv_size": [
                    28,
                    24
                  ]
                },
                "east": {
                  "uv": [
                    34,
                    18
                  ],
                  "uv_size": [
                    1,
                    3
                  ]
                },
                "south": {
                  "uv": [
                    35,
                    60
                  ],
                  "uv_size": [
                    28,
                    -24
                  ]
                },
                "west": {
                  "uv": [
                    34,
                    21
                  ],
                  "uv_size": [
                    1,
                    3
                  ]
                },
                "up": {
                  "uv": [
                    34,
                    16
                  ],
                  "uv_size": [
                    4,
                    1
                  ]
                },
                "down": {
                  "uv": [
                    34,
                    18
                  ],
                  "uv_size": [
                    4,
                    -1
                  ]
                }
              }
            },
            {
              "origin": [
                3,
                1,
                4
              ],
              "size": [
                4,
                3,
                1.1
              ],
              "uv": {
                "north": {
                  "uv": [
                    35,
                    36
                  ],
                  "uv_size": [
                    28,
                    24
                  ]
                },
                "east": {
                  "uv": [
                    34,
                    18
                  ],
                  "uv_size": [
                    1,
                    3
                  ]
                },
                "south": {
                  "uv": [
                    35,
                    60
                  ],
                  "uv_size": [
                    28,
                    -24
                  ]
                },
                "west": {
                  "uv": [
                    34,
                    21
                  ],
                  "uv_size": [
                    1,
                    3
                  ]
                },
                "up": {
                  "uv": [
                    34,
                    16
                  ],
                  "uv_size": [
                    4,
                    1
                  ]
                },
                "down": {
                  "uv": [
                    34,
                    18
                  ],
                  "uv_size": [
                    4,
                    -1
                  ]
                }
              }
            },
            {
              "origin": [
                3,
                1,
                2
              ],
              "size": [
                4,
                3,
                1.1
              ],
              "uv": {
                "north": {
                  "uv": [
                    35,
                    36
                  ],
                  "uv_size": [
                    28,
                    24
                  ]
                },
                "east": {
                  "uv": [
                    34,
                    18
                  ],
                  "uv_size": [
                    1,
                    3
                  ]
                },
                "south": {
                  "uv": [
                    35,
                    60
                  ],
                  "uv_size": [
                    28,
                    -24
                  ]
                },
                "west": {
                  "uv": [
                    34,
                    21
                  ],
                  "uv_size": [
                    1,
                    3
                  ]
                },
                "up": {
                  "uv": [
                    34,
                    16
                  ],
                  "uv_size": [
                    4,
                    1
                  ]
                },
                "down": {
                  "uv": [
                    34,
                    18
                  ],
                  "uv_size": [
                    4,
                    -1
                  ]
                }
              }
            },
            {
              "origin": [
                3,
                1,
                0
              ],
              "size": [
                4,
                3,
                1.1
              ],
              "uv": {
                "north": {
                  "uv": [
                    35,
                    36
                  ],
                  "uv_size": [
                    28,
                    24
                  ]
                },
                "east": {
                  "uv": [
                    34,
                    18
                  ],
                  "uv_size": [
                    1,
                    3
                  ]
                },
                "south": {
                  "uv": [
                    35,
                    60
                  ],
                  "uv_size": [
                    28,
                    -24
                  ]
                },
                "west": {
                  "uv": [
                    34,
                    21
                  ],
                  "uv_size": [
                    1,
                    3
                  ]
                },
                "up": {
                  "uv": [
                    34,
                    16
                  ],
                  "uv_size": [
                    4,
                    1
                  ]
                },
                "down": {
                  "uv": [
                    34,
                    18
                  ],
                  "uv_size": [
                    4,
                    -1
                  ]
                }
              }
            },
            {
              "origin": [
                3,
                1,
                -2
              ],
              "size": [
                4,
                3,
                1.1
              ],
              "uv": {
                "north": {
                  "uv": [
                    35,
                    36
                  ],
                  "uv_size": [
                    28,
                    24
                  ]
                },
                "east": {
                  "uv": [
                    34,
                    18
                  ],
                  "uv_size": [
                    1,
                    3
                  ]
                },
                "south": {
                  "uv": [
                    35,
                    60
                  ],
                  "uv_size": [
                    28,
                    -24
                  ]
                },
                "west": {
                  "uv": [
                    34,
                    21
                  ],
                  "uv_size": [
                    1,
                    3
                  ]
                },
                "up": {
                  "uv": [
                    34,
                    16
                  ],
                  "uv_size": [
                    4,
                    1
                  ]
                },
                "down": {
                  "uv": [
                    34,
                    18
                  ],
                  "uv_size": [
                    4,
                    -1
                  ]
                }
              }
            },
            {
              "origin": [
                3,
                1,
                -4
              ],
              "size": [
                4,
                3,
                1.1
              ],
              "uv": {
                "north": {
                  "uv": [
                    35,
                    36
                  ],
                  "uv_size": [
                    28,
                    24
                  ]
                },
                "east": {
                  "uv": [
                    34,
                    18
                  ],
                  "uv_size": [
                    1,
                    3
                  ]
                },
                "south": {
                  "uv": [
                    35,
                    60
                  ],
                  "uv_size": [
                    28,
                    -24
                  ]
                },
                "west": {
                  "uv": [
                    34,
                    21
                  ],
                  "uv_size": [
                    1,
                    3
                  ]
                },
                "up": {
                  "uv": [
                    34,
                    16
                  ],
                  "uv_size": [
                    4,
                    1
                  ]
                },
                "down": {
                  "uv": [
                    34,
                    18
                  ],
                  "uv_size": [
                    4,
                    -1
                  ]
                }
              }
            }
          ]
        }
      ]
    }
  ]
}