{
  "format_version": "1.12.0",
  "minecraft:geometry": [
    {
      "description": {
        "identifier": "geometry.set_selfrsmoking1",
        "texture_width": 64,
        "texture_height": 64,
        "visible_bounds_width": 2,
        "visible_bounds_height": 2.5,
        "visible_bounds_offset": [
          0,
          0.75,
          0
        ]
      },
      "bones": [
        {
          "name": "ItemShelf",
          "pivot": [
            0,
            0,
            0
          ]
        },
        {
          "name": "Shelf",
          "parent": "ItemShelf",
          "pivot": [
            0,
            0,
            0
          ],
          "cubes": [
            {
              "origin": [
                -8,
                0,
                -8
              ],
              "size": [
                16,
                16,
                2
              ],
              "uv": {
                "north": {
                  "uv": [
                    0,
                    0
                  ],
                  "uv_size": [
                    16,
                    16
                  ]
                },
                "east": {
                  "uv": [
                    32,
                    0
                  ],
                  "uv_size": [
                    2,
                    16
                  ]
                },
                "south": {
                  "uv": [
                    0,
                    16
                  ],
                  "uv_size": [
                    16,
                    16
                  ]
                },
                "west": {
                  "uv": [
                    32,
                    16
                  ],
                  "uv_size": [
                    2,
                    16
                  ]
                },
                "up": {
                  "uv": [
                    32,
                    32
                  ],
                  "uv_size": [
                    16,
                    2
                  ]
                },
                "down": {
                  "uv": [
                    34,
                    2
                  ],
                  "uv_size": [
                    16,
                    -2
                  ]
                }
              }
            },
            {
              "origin": [
                -8,
                0,
                -6
              ],
              "size": [
                16,
                1,
                14
              ],
              "uv": {
                "north": {
                  "uv": [
                    34,
                    26
                  ],
                  "uv_size": [
                    16,
                    1
                  ]
                },
                "east": {
                  "uv": [
                    34,
                    30
                  ],
                  "uv_size": [
                    14,
                    1
                  ]
                },
                "south": {
                  "uv": [
                    34,
                    27
                  ],
                  "uv_size": [
                    16,
                    1
                  ]
                },
                "west": {
                  "uv": [
                    34,
                    31
                  ],
                  "uv_size": [
                    14,
                    1
                  ]
                },
                "up": {
                  "uv": [
                    16,
                    0
                  ],
                  "uv_size": [
                    16,
                    14
                  ]
                },
                "down": {
                  "uv": [
                    16,
                    28
                  ],
                  "uv_size": [
                    16,
                    -14
                  ]
                }
              }
            },
            {
              "origin": [
                -8,
                8,
                -6
              ],
              "size": [
                16,
                1,
                14
              ],
              "uv": {
                "north": {
                  "uv": [
                    34,
                    28
                  ],
                  "uv_size": [
                    16,
                    1
                  ]
                },
                "east": {
                  "uv": [
                    32,
                    34
                  ],
                  "uv_size": [
                    14,
                    1
                  ]
                },
                "south": {
                  "uv": [
                    34,
                    29
                  ],
                  "uv_size": [
                    16,
                    1
                  ]
                },
                "west": {
                  "uv": [
                    32,
                    35
                  ],
                  "uv_size": [
                    14,
                    1
                  ]
                },
                "up": {
                  "uv": [
                    16,
                    28
                  ],
                  "uv_size": [
                    16,
                    14
                  ]
                },
                "down": {
                  "uv": [
                    0,
                    46
                  ],
                  "uv_size": [
                    16,
                    -14
                  ]
                }
              }
            }
          ]
        },
        {
          "name": "Item",
          "parent": "ItemShelf",
          "pivot": [
            0,
            0,
            2
          ]
        },
        {
          "name": "bone",
          "pivot": [
            0,
            0,
            0
          ],
          "cubes": [
            {
              "origin": [
                1,
                9,
                4
              ],
              "size": [
                5,
                6,
                2
              ],
              "uv": {
                "north": {
                  "uv": [
                    43,
                    11
                  ],
                  "uv_size": [
                    20,
                    14
                  ]
                },
                "east": {
                  "uv": [
                    32,
                    36
                  ],
                  "uv_size": [
                    2,
                    6
                  ]
                },
                "south": {
                  "uv": [
                    43,
                    11
                  ],
                  "uv_size": [
                    20,
                    14
                  ]
                },
                "west": {
                  "uv": [
                    34,
                    36
                  ],
                  "uv_size": [
                    2,
                    6
                  ]
                },
                "up": {
                  "uv": [
                    39,
                    2
                  ],
                  "uv_size": [
                    5,
                    2
                  ]
                },
                "down": {
                  "uv": [
                    39,
                    6
                  ],
                  "uv_size": [
                    5,
                    -2
                  ]
                }
              }
            },
            {
              "origin": [
                1,
                9,
                1
              ],
              "size": [
                5,
                6,
                2
              ],
              "uv": {
                "north": {
                  "uv": [
                    43,
                    11
                  ],
                  "uv_size": [
                    20,
                    14
                  ]
                },
                "east": {
                  "uv": [
                    32,
                    36
                  ],
                  "uv_size": [
                    2,
                    6
                  ]
                },
                "south": {
                  "uv": [
                    43,
                    11
                  ],
                  "uv_size": [
                    20,
                    14
                  ]
                },
                "west": {
                  "uv": [
                    34,
                    36
                  ],
                  "uv_size": [
                    2,
                    6
                  ]
                },
                "up": {
                  "uv": [
                    39,
                    2
                  ],
                  "uv_size": [
                    5,
                    2
                  ]
                },
                "down": {
                  "uv": [
                    39,
                    6
                  ],
                  "uv_size": [
                    5,
                    -2
                  ]
                }
              }
            },
            {
              "origin": [
                1,
                9,
                -2
              ],
              "size": [
                5,
                6,
                2
              ],
              "uv": {
                "north": {
                  "uv": [
                    43,
                    11
                  ],
                  "uv_size": [
                    20,
                    14
                  ]
                },
                "east": {
                  "uv": [
                    32,
                    36
                  ],
                  "uv_size": [
                    2,
                    6
                  ]
                },
                "south": {
                  "uv": [
                    43,
                    11
                  ],
                  "uv_size": [
                    20,
                    14
                  ]
                },
                "west": {
                  "uv": [
                    34,
                    36
                  ],
                  "uv_size": [
                    2,
                    6
                  ]
                },
                "up": {
                  "uv": [
                    39,
                    2
                  ],
                  "uv_size": [
                    5,
                    2
                  ]
                },
                "down": {
                  "uv": [
                    39,
                    6
                  ],
                  "uv_size": [
                    5,
                    -2
                  ]
                }
              }
            },
            {
              "origin": [
                1,
                9,
                -5
              ],
              "size": [
                5,
                6,
                2
              ],
              "uv": {
                "north": {
                  "uv": [
                    43,
                    11
                  ],
                  "uv_size": [
                    20,
                    14
                  ]
                },
                "east": {
                  "uv": [
                    32,
                    36
                  ],
                  "uv_size": [
                    2,
                    6
                  ]
                },
                "south": {
                  "uv": [
                    43,
                    11
                  ],
                  "uv_size": [
                    20,
                    14
                  ]
                },
                "west": {
                  "uv": [
                    34,
                    36
                  ],
                  "uv_size": [
                    2,
                    6
                  ]
                },
                "up": {
                  "uv": [
                    39,
                    2
                  ],
                  "uv_size": [
                    5,
                    2
                  ]
                },
                "down": {
                  "uv": [
                    39,
                    6
                  ],
                  "uv_size": [
                    5,
                    -2
                  ]
                }
              }
            },
            {
              "origin": [
                -6,
                9,
                4
              ],
              "size": [
                5,
                6,
                2
              ],
              "uv": {
                "north": {
                  "uv": [
                    43,
                    11
                  ],
                  "uv_size": [
                    20,
                    14
                  ]
                },
                "east": {
                  "uv": [
                    32,
                    36
                  ],
                  "uv_size": [
                    2,
                    6
                  ]
                },
                "south": {
                  "uv": [
                    43,
                    11
                  ],
                  "uv_size": [
                    20,
                    14
                  ]
                },
                "west": {
                  "uv": [
                    34,
                    36
                  ],
                  "uv_size": [
                    2,
                    6
                  ]
                },
                "up": {
                  "uv": [
                    39,
                    2
                  ],
                  "uv_size": [
                    5,
                    2
                  ]
                },
                "down": {
                  "uv": [
                    39,
                    6
                  ],
                  "uv_size": [
                    5,
                    -2
                  ]
                }
              }
            },
            {
              "origin": [
                -6,
                9,
                1
              ],
              "size": [
                5,
                6,
                2
              ],
              "uv": {
                "north": {
                  "uv": [
                    43,
                    11
                  ],
                  "uv_size": [
                    20,
                    14
                  ]
                },
                "east": {
                  "uv": [
                    32,
                    36
                  ],
                  "uv_size": [
                    2,
                    6
                  ]
                },
                "south": {
                  "uv": [
                    43,
                    11
                  ],
                  "uv_size": [
                    20,
                    14
                  ]
                },
                "west": {
                  "uv": [
                    34,
                    36
                  ],
                  "uv_size": [
                    2,
                    6
                  ]
                },
                "up": {
                  "uv": [
                    39,
                    2
                  ],
                  "uv_size": [
                    5,
                    2
                  ]
                },
                "down": {
                  "uv": [
                    39,
                    6
                  ],
                  "uv_size": [
                    5,
                    -2
                  ]
                }
              }
            },
            {
              "origin": [
                -6,
                9,
                -2
              ],
              "size": [
                5,
                6,
                2
              ],
              "uv": {
                "north": {
                  "uv": [
                    43,
                    11
                  ],
                  "uv_size": [
                    20,
                    14
                  ]
                },
                "east": {
                  "uv": [
                    32,
                    36
                  ],
                  "uv_size": [
                    2,
                    6
                  ]
                },
                "south": {
                  "uv": [
                    43,
                    11
                  ],
                  "uv_size": [
                    20,
                    14
                  ]
                },
                "west": {
                  "uv": [
                    34,
                    36
                  ],
                  "uv_size": [
                    2,
                    6
                  ]
                },
                "up": {
                  "uv": [
                    39,
                    2
                  ],
                  "uv_size": [
                    5,
                    2
                  ]
                },
                "down": {
                  "uv": [
                    39,
                    6
                  ],
                  "uv_size": [
                    5,
                    -2
                  ]
                }
              }
            },
            {
              "origin": [
                -6,
                9,
                -5
              ],
              "size": [
                5,
                6,
                2
              ],
              "uv": {
                "north": {
                  "uv": [
                    43,
                    11
                  ],
                  "uv_size": [
                    20,
                    14
                  ]
                },
                "east": {
                  "uv": [
                    32,
                    36
                  ],
                  "uv_size": [
                    2,
                    6
                  ]
                },
                "south": {
                  "uv": [
                    43,
                    11
                  ],
                  "uv_size": [
                    20,
                    14
                  ]
                },
                "west": {
                  "uv": [
                    34,
                    36
                  ],
                  "uv_size": [
                    2,
                    6
                  ]
                },
                "up": {
                  "uv": [
                    39,
                    2
                  ],
                  "uv_size": [
                    5,
                    2
                  ]
                },
                "down": {
                  "uv": [
                    39,
                    6
                  ],
                  "uv_size": [
                    5,
                    -2
                  ]
                }
              }
            },
            {
              "origin": [
                -6,
                9,
                4
              ],
              "size": [
                5,
                6,
                2
              ],
              "uv": {
                "north": {
                  "uv": [
                    43,
                    11
                  ],
                  "uv_size": [
                    20,
                    14
                  ]
                },
                "east": {
                  "uv": [
                    32,
                    36
                  ],
                  "uv_size": [
                    2,
                    6
                  ]
                },
                "south": {
                  "uv": [
                    43,
                    11
                  ],
                  "uv_size": [
                    20,
                    14
                  ]
                },
                "west": {
                  "uv": [
                    34,
                    36
                  ],
                  "uv_size": [
                    2,
                    6
                  ]
                },
                "up": {
                  "uv": [
                    39,
                    2
                  ],
                  "uv_size": [
                    5,
                    2
                  ]
                },
                "down": {
                  "uv": [
                    39,
                    6
                  ],
                  "uv_size": [
                    5,
                    -2
                  ]
                }
              }
            },
            {
              "origin": [
                1,
                1,
                4
              ],
              "size": [
                5,
                6,
                2
              ],
              "uv": {
                "north": {
                  "uv": [
                    38,
                    43
                  ],
                  "uv_size": [
                    25,
                    21
                  ]
                },
                "east": {
                  "uv": [
                    36,
                    36
                  ],
                  "uv_size": [
                    2,
                    6
                  ]
                },
                "south": {
                  "uv": [
                    38,
                    43
                  ],
                  "uv_size": [
                    25,
                    21
                  ]
                },
                "west": {
                  "uv": [
                    38,
                    36
                  ],
                  "uv_size": [
                    2,
                    6
                  ]
                },
                "up": {
                  "uv": [
                    39,
                    6
                  ],
                  "uv_size": [
                    5,
                    2
                  ]
                },
                "down": {
                  "uv": [
                    39,
                    10
                  ],
                  "uv_size": [
                    5,
                    -2
                  ]
                }
              }
            },
            {
              "origin": [
                -6,
                1,
                4
              ],
              "size": [
                5,
                6,
                2
              ],
              "uv": {
                "north": {
                  "uv": [
                    38,
                    43
                  ],
                  "uv_size": [
                    25,
                    21
                  ]
                },
                "east": {
                  "uv": [
                    36,
                    36
                  ],
                  "uv_size": [
                    2,
                    6
                  ]
                },
                "south": {
                  "uv": [
                    38,
                    43
                  ],
                  "uv_size": [
                    25,
                    21
                  ]
                },
                "west": {
                  "uv": [
                    38,
                    36
                  ],
                  "uv_size": [
                    2,
                    6
                  ]
                },
                "up": {
                  "uv": [
                    39,
                    6
                  ],
                  "uv_size": [
                    5,
                    2
                  ]
                },
                "down": {
                  "uv": [
                    39,
                    10
                  ],
                  "uv_size": [
                    5,
                    -2
                  ]
                }
              }
            },
            {
              "origin": [
                -6,
                1,
                1
              ],
              "size": [
                5,
                6,
                2
              ],
              "uv": {
                "north": {
                  "uv": [
                    38,
                    43
                  ],
                  "uv_size": [
                    25,
                    21
                  ]
                },
                "east": {
                  "uv": [
                    36,
                    36
                  ],
                  "uv_size": [
                    2,
                    6
                  ]
                },
                "south": {
                  "uv": [
                    38,
                    43
                  ],
                  "uv_size": [
                    25,
                    21
                  ]
                },
                "west": {
                  "uv": [
                    38,
                    36
                  ],
                  "uv_size": [
                    2,
                    6
                  ]
                },
                "up": {
                  "uv": [
                    39,
                    6
                  ],
                  "uv_size": [
                    5,
                    2
                  ]
                },
                "down": {
                  "uv": [
                    39,
                    10
                  ],
                  "uv_size": [
                    5,
                    -2
                  ]
                }
              }
            },
            {
              "origin": [
                -6,
                1,
                -2
              ],
              "size": [
                5,
                6,
                2
              ],
              "uv": {
                "north": {
                  "uv": [
                    38,
                    43
                  ],
                  "uv_size": [
                    25,
                    21
                  ]
                },
                "east": {
                  "uv": [
                    36,
                    36
                  ],
                  "uv_size": [
                    2,
                    6
                  ]
                },
                "south": {
                  "uv": [
                    38,
                    43
                  ],
                  "uv_size": [
                    25,
                    21
                  ]
                },
                "west": {
                  "uv": [
                    38,
                    36
                  ],
                  "uv_size": [
                    2,
                    6
                  ]
                },
                "up": {
                  "uv": [
                    39,
                    6
                  ],
                  "uv_size": [
                    5,
                    2
                  ]
                },
                "down": {
                  "uv": [
                    39,
                    10
                  ],
                  "uv_size": [
                    5,
                    -2
                  ]
                }
              }
            },
            {
              "origin": [
                -6,
                1,
                -5
              ],
              "size": [
                5,
                6,
                2
              ],
              "uv": {
                "north": {
                  "uv": [
                    38,
                    43
                  ],
                  "uv_size": [
                    25,
                    21
                  ]
                },
                "east": {
                  "uv": [
                    36,
                    36
                  ],
                  "uv_size": [
                    2,
                    6
                  ]
                },
                "south": {
                  "uv": [
                    38,
                    43
                  ],
                  "uv_size": [
                    25,
                    21
                  ]
                },
                "west": {
                  "uv": [
                    38,
                    36
                  ],
                  "uv_size": [
                    2,
                    6
                  ]
                },
                "up": {
                  "uv": [
                    39,
                    6
                  ],
                  "uv_size": [
                    5,
                    2
                  ]
                },
                "down": {
                  "uv": [
                    39,
                    10
                  ],
                  "uv_size": [
                    5,
                    -2
                  ]
                }
              }
            },
            {
              "origin": [
                1,
                1,
                1
              ],
              "size": [
                5,
                6,
                2
              ],
              "uv": {
                "north": {
                  "uv": [
                    38,
                    43
                  ],
                  "uv_size": [
                    25,
                    21
                  ]
                },
                "east": {
                  "uv": [
                    36,
                    36
                  ],
                  "uv_size": [
                    2,
                    6
                  ]
                },
                "south": {
                  "uv": [
                    38,
                    43
                  ],
                  "uv_size": [
                    25,
                    21
                  ]
                },
                "west": {
                  "uv": [
                    38,
                    36
                  ],
                  "uv_size": [
                    2,
                    6
                  ]
                },
                "up": {
                  "uv": [
                    39,
                    6
                  ],
                  "uv_size": [
                    5,
                    2
                  ]
                },
                "down": {
                  "uv": [
                    39,
                    10
                  ],
                  "uv_size": [
                    5,
                    -2
                  ]
                }
              }
            },
            {
              "origin": [
                1,
                1,
                -2
              ],
              "size": [
                5,
                6,
                2
              ],
              "uv": {
                "north": {
                  "uv": [
                    38,
                    43
                  ],
                  "uv_size": [
                    25,
                    21
                  ]
                },
                "east": {
                  "uv": [
                    36,
                    36
                  ],
                  "uv_size": [
                    2,
                    6
                  ]
                },
                "south": {
                  "uv": [
                    38,
                    43
                  ],
                  "uv_size": [
                    25,
                    21
                  ]
                },
                "west": {
                  "uv": [
                    38,
                    36
                  ],
                  "uv_size": [
                    2,
                    6
                  ]
                },
                "up": {
                  "uv": [
                    39,
                    6
                  ],
                  "uv_size": [
                    5,
                    2
                  ]
                },
                "down": {
                  "uv": [
                    39,
                    10
                  ],
                  "uv_size": [
                    5,
                    -2
                  ]
                }
              }
            },
            {
              "origin": [
                1,
                1,
                -5
              ],
              "size": [
                5,
                6,
                2
              ],
              "uv": {
                "north": {
                  "uv": [
                    38,
                    43
                  ],
                  "uv_size": [
                    25,
                    21
                  ]
                },
                "east": {
                  "uv": [
                    36,
                    36
                  ],
                  "uv_size": [
                    2,
                    6
                  ]
                },
                "south": {
                  "uv": [
                    38,
                    43
                  ],
                  "uv_size": [
                    25,
                    21
                  ]
                },
                "west": {
                  "uv": [
                    38,
                    36
                  ],
                  "uv_size": [
                    2,
                    6
                  ]
                },
                "up": {
                  "uv": [
                    39,
                    6
                  ],
                  "uv_size": [
                    5,
                    2
                  ]
                },
                "down": {
                  "uv": [
                    39,
                    10
                  ],
                  "uv_size": [
                    5,
                    -2
                  ]
                }
              }
            }
          ]
        }
      ]
    }
  ]
}