{
  "format_version": "1.12.0",
  "minecraft:geometry": [
    {
      "description": {
        "identifier": "geometry.set_beras",
        "texture_width": 32,
        "texture_height": 32,
        "visible_bounds_width": 3,
        "visible_bounds_height": 2.5,
        "visible_bounds_offset": [
          0,
          0.75,
          0
        ]
      },
      "bones": [
        {
          "name": "bone",
          "pivot": [
            0,
            0,
            0
          ],
          "cubes": [
            {
              "origin": [
                -5,
                0,
                -7
              ],
              "size": [
                11,
                4,
                14
              ],
              "uv": {
                "north": {
                  "uv": [
                    0,
                    18
                  ],
                  "uv_size": [
                    11,
                    4
                  ]
                },
                "east": {
                  "uv": [
                    0,
                    14
                  ],
                  "uv_size": [
                    14,
                    4
                  ]
                },
                "south": {
                  "uv": [
                    11,
                    18
                  ],
                  "uv_size": [
                    11,
                    4
                  ]
                },
                "west": {
                  "uv": [
                    14,
                    14
                  ],
                  "uv_size": [
                    14,
                    4
                  ]
                },
                "up": {
                  "uv": [
                    17,
                    0
                  ],
                  "uv_size": [
                    15,
                    14
                  ]
                },
                "down": {
                  "uv": [
                    17,
                    14
                  ],
                  "uv_size": [
                    15,
                    -14
                  ]
                }
              }
            },
            {
              "origin": [
                -6,
                4,
                -7
              ],
              "size": [
                11,
                4,
                14
              ],
              "pivot": [
                0,
                0,
                0
              ],
              "rotation": [
                0,
                -5,
                0
              ],
              "uv": {
                "north": {
                  "uv": [
                    0,
                    18
                  ],
                  "uv_size": [
                    11,
                    4
                  ]
                },
                "east": {
                  "uv": [
                    0,
                    14
                  ],
                  "uv_size": [
                    14,
                    4
                  ]
                },
                "south": {
                  "uv": [
                    11,
                    18
                  ],
                  "uv_size": [
                    11,
                    4
                  ]
                },
                "west": {
                  "uv": [
                    14,
                    14
                  ],
                  "uv_size": [
                    14,
                    4
                  ]
                },
                "up": {
                  "uv": [
                    17,
                    0
                  ],
                  "uv_size": [
                    15,
                    14
                  ]
                },
                "down": {
                  "uv": [
                    17,
                    14
                  ],
                  "uv_size": [
                    15,
                    -14
                  ]
                }
              }
            },
            {
              "origin": [
                -5,
                8,
                -7
              ],
              "size": [
                11,
                4,
                14
              ],
              "pivot": [
                0,
                0,
                0
              ],
              "rotation": [
                0,
                17.5,
                0
              ],
              "uv": {
                "north": {
                  "uv": [
                    0,
                    18
                  ],
                  "uv_size": [
                    11,
                    4
                  ]
                },
                "east": {
                  "uv": [
                    0,
                    14
                  ],
                  "uv_size": [
                    14,
                    4
                  ]
                },
                "south": {
                  "uv": [
                    11,
                    18
                  ],
                  "uv_size": [
                    11,
                    4
                  ]
                },
                "west": {
                  "uv": [
                    14,
                    14
                  ],
                  "uv_size": [
                    14,
                    4
                  ]
                },
                "up": {
                  "uv": [
                    17,
                    0
                  ],
                  "uv_size": [
                    15,
                    14
                  ]
                },
                "down": {
                  "uv": [
                    17,
                    14
                  ],
                  "uv_size": [
                    15,
                    -14
                  ]
                }
              }
            }
          ]
        }
      ]
    }
  ]
}