{
  "format_version": "1.12.0",
  "minecraft:geometry": [
    {
      "description": {
        "identifier": "geometry.set_selfpapan",
        "texture_width": 64,
        "texture_height": 64,
        "visible_bounds_width": 4,
        "visible_bounds_height": 2.5,
        "visible_bounds_offset": [
          0,
          0.75,
          0
        ]
      },
      "bones": [
        {
          "name": "bone",
          "pivot": [
            0,
            0,
            0
          ],
          "cubes": [
            {
              "origin": [
                -15,
                3,
                -7
              ],
              "size": [
                30,
                22,
                2
              ],
              "pivot": [
                0,
                0,
                0
              ],
              "rotation": [
                -150.0193,
                2.30959,
                179.04277
              ],
              "uv": {
                "north": {
                  "uv": [
                    0,
                    0
                  ],
                  "uv_size": [
                    30,
                    22
                  ]
                },
                "east": {
                  "uv": [
                    30,
                    4
                  ],
                  "uv_size": [
                    2,
                    22
                  ]
                },
                "south": {
                  "uv": [
                    0,
                    22
                  ],
                  "uv_size": [
                    30,
                    22
                  ]
                },
                "west": {
                  "uv": [
                    30,
                    26
                  ],
                  "uv_size": [
                    2,
                    22
                  ]
                },
                "up": {
                  "uv": [
                    30,
                    0
                  ],
                  "uv_size": [
                    30,
                    2
                  ]
                },
                "down": {
                  "uv": [
                    30,
                    4
                  ],
                  "uv_size": [
                    30,
                    -2
                  ]
                }
              }
            }
          ]
        }
      ]
    }
  ]
}