{
  "format_version": "1.10.0",
  "geometry.set_indomaretbaju": {
    "texturewidth": 64,
    "textureheight": 64,
    "visible_bounds_width": 3,
    "visible_bounds_height": 3,
    "visible_bounds_offset": [
      0,
      1.5,
      0
    ],
    "bones": [
      {
        "name": "bone",
        "pivot": [
          0,
          0,
          0
        ],
        "cubes": [
          {
            "origin": [
              -8,
              18,
              -3
            ],
            "size": [
              4,
              7,
              1
            ],
            "uv": [
              0,
              37
            ]
          },
          {
            "origin": [
              4,
              18,
              -3
            ],
            "size": [
              4,
              7,
              1
            ],
            "uv": [
              20,
              35
            ]
          },
          {
            "origin": [
              4,
              18,
              2
            ],
            "size": [
              4,
              7,
              1
            ],
            "uv": [
              34,
              20
            ]
          },
          {
            "origin": [
              -4,
              12,
              -3
            ],
            "size": [
              8,
              13,
              1
            ],
            "uv": [
              0,
              14
            ]
          },
          {
            "origin": [
              -4,
              12,
              2
            ],
            "size": [
              8,
              13,
              1
            ],
            "uv": [
              0,
              0
            ]
          },
          {
            "origin": [
              -8,
              18,
              2
            ],
            "size": [
              4,
              7,
              1
            ],
            "uv": [
              30,
              35
            ]
          },
          {
            "origin": [
              4,
              24,
              -2
            ],
            "size": [
              4,
              1,
              4
            ],
            "uv": [
              26,
              15
            ]
          },
          {
            "origin": [
              -4,
              24,
              -2
            ],
            "size": [
              8,
              1,
              4
            ],
            "uv": [
              18,
              0
            ]
          },
          {
            "origin": [
              -8,
              24,
              -2
            ],
            "size": [
              4,
              1,
              4
            ],
            "uv": [
              18,
              5
            ]
          },
          {
            "origin": [
              -9,
              18,
              -3
            ],
            "size": [
              1,
              7,
              6
            ],
            "uv": [
              26,
              22
            ]
          },
          {
            "origin": [
              8,
              18,
              -3
            ],
            "size": [
              1,
              7,
              6
            ],
            "uv": [
              18,
              15
            ]
          },
          {
            "origin": [
              3,
              13,
              -2
            ],
            "size": [
              1,
              5,
              4
            ],
            "uv": [
              10,
              28
            ]
          },
          {
            "origin": [
              -4,
              13,
              -2
            ],
            "size": [
              1,
              5,
              4
            ],
            "uv": [
              0,
              28
            ]
          },
          {
            "origin": [
              -4,
              12,
              -2
            ],
            "size": [
              8,
              1,
              4
            ],
            "uv": [
              17,
              10
            ]
          }
        ]
      }
    ]
  }
}