{
  "format_version": "1.12.0",
  "minecraft:geometry": [
    {
      "description": {
        "identifier": "geometry.set_selfthpucu",
        "texture_width": 128,
        "texture_height": 128,
        "visible_bounds_width": 3,
        "visible_bounds_height": 4,
        "visible_bounds_offset": [
          0,
          1,
          0
        ]
      },
      "bones": [
        {
          "name": "bone",
          "pivot": [
            0,
            0,
            0
          ],
          "cubes": [
            {
              "origin": [
                -7,
                0,
                -7
              ],
              "size": [
                14,
                2,
                14
              ],
              "uv": {
                "north": {
                  "uv": [
                    70,
                    53
                  ],
                  "uv_size": [
                    14,
                    2
                  ]
                },
                "east": {
                  "uv": [
                    70,
                    55
                  ],
                  "uv_size": [
                    14,
                    2
                  ]
                },
                "south": {
                  "uv": [
                    70,
                    57
                  ],
                  "uv_size": [
                    14,
                    2
                  ]
                },
                "west": {
                  "uv": [
                    70,
                    59
                  ],
                  "uv_size": [
                    14,
                    2
                  ]
                },
                "up": {
                  "uv": [
                    56,
                    25
                  ],
                  "uv_size": [
                    14,
                    14
                  ]
                },
                "down": {
                  "uv": [
                    56,
                    53
                  ],
                  "uv_size": [
                    14,
                    -14
                  ]
                }
              }
            },
            {
              "origin": [
                -7,
                31,
                -7
              ],
              "size": [
                14,
                2,
                14
              ],
              "uv": {
                "north": {
                  "uv": [
                    70,
                    61
                  ],
                  "uv_size": [
                    14,
                    2
                  ]
                },
                "east": {
                  "uv": [
                    70,
                    63
                  ],
                  "uv_size": [
                    14,
                    2
                  ]
                },
                "south": {
                  "uv": [
                    70,
                    65
                  ],
                  "uv_size": [
                    14,
                    2
                  ]
                },
                "west": {
                  "uv": [
                    72,
                    67
                  ],
                  "uv_size": [
                    14,
                    2
                  ]
                },
                "up": {
                  "uv": [
                    14,
                    66
                  ],
                  "uv_size": [
                    14,
                    14
                  ]
                },
                "down": {
                  "uv": [
                    28,
                    80
                  ],
                  "uv_size": [
                    14,
                    -14
                  ]
                }
              }
            },
            {
              "origin": [
                -7,
                11,
                -7
              ],
              "size": [
                14,
                0.6,
                14
              ],
              "uv": {
                "north": {
                  "uv": [
                    73,
                    52
                  ],
                  "uv_size": [
                    14,
                    1
                  ]
                },
                "east": {
                  "uv": [
                    57,
                    73
                  ],
                  "uv_size": [
                    14,
                    1
                  ]
                },
                "south": {
                  "uv": [
                    71,
                    73
                  ],
                  "uv_size": [
                    14,
                    1
                  ]
                },
                "west": {
                  "uv": [
                    74,
                    0
                  ],
                  "uv_size": [
                    14,
                    1
                  ]
                },
                "up": {
                  "uv": [
                    56,
                    53
                  ],
                  "uv_size": [
                    14,
                    14
                  ]
                },
                "down": {
                  "uv": [
                    42,
                    72
                  ],
                  "uv_size": [
                    14,
                    -14
                  ]
                }
              }
            },
            {
              "origin": [
                -7,
                21,
                -7
              ],
              "size": [
                14,
                0.6,
                14
              ],
              "uv": {
                "north": {
                  "uv": [
                    74,
                    1
                  ],
                  "uv_size": [
                    14,
                    1
                  ]
                },
                "east": {
                  "uv": [
                    74,
                    2
                  ],
                  "uv_size": [
                    14,
                    1
                  ]
                },
                "south": {
                  "uv": [
                    74,
                    3
                  ],
                  "uv_size": [
                    14,
                    1
                  ]
                },
                "west": {
                  "uv": [
                    74,
                    4
                  ],
                  "uv_size": [
                    14,
                    1
                  ]
                },
                "up": {
                  "uv": [
                    60,
                    0
                  ],
                  "uv_size": [
                    14,
                    14
                  ]
                },
                "down": {
                  "uv": [
                    0,
                    80
                  ],
                  "uv_size": [
                    14,
                    -14
                  ]
                }
              }
            },
            {
              "origin": [
                7,
                0,
                -8
              ],
              "size": [
                1,
                33,
                16
              ],
              "uv": {
                "north": {
                  "uv": [
                    70,
                    20
                  ],
                  "uv_size": [
                    1,
                    33
                  ]
                },
                "east": {
                  "uv": [
                    0,
                    0
                  ],
                  "uv_size": [
                    16,
                    33
                  ]
                },
                "south": {
                  "uv": [
                    71,
                    20
                  ],
                  "uv_size": [
                    1,
                    33
                  ]
                },
                "west": {
                  "uv": [
                    16,
                    0
                  ],
                  "uv_size": [
                    16,
                    33
                  ]
                },
                "up": {
                  "uv": [
                    55,
                    72
                  ],
                  "uv_size": [
                    1,
                    16
                  ]
                },
                "down": {
                  "uv": [
                    73,
                    36
                  ],
                  "uv_size": [
                    1,
                    -16
                  ]
                }
              }
            },
            {
              "origin": [
                -7,
                0,
                7
              ],
              "size": [
                14,
                33,
                1
              ],
              "uv": {
                "north": {
                  "uv": [
                    32,
                    0
                  ],
                  "uv_size": [
                    14,
                    33
                  ]
                },
                "east": {
                  "uv": [
                    72,
                    20
                  ],
                  "uv_size": [
                    1,
                    33
                  ]
                },
                "south": {
                  "uv": [
                    82,
                    75
                  ],
                  "uv_size": [
                    42,
                    52
                  ]
                },
                "west": {
                  "uv": [
                    42,
                    72
                  ],
                  "uv_size": [
                    1,
                    33
                  ]
                },
                "up": {
                  "uv": [
                    74,
                    5
                  ],
                  "uv_size": [
                    14,
                    1
                  ]
                },
                "down": {
                  "uv": [
                    74,
                    7
                  ],
                  "uv_size": [
                    14,
                    -1
                  ]
                }
              }
            },
            {
              "origin": [
                -7,
                0,
                -8
              ],
              "size": [
                14,
                33,
                1
              ],
              "uv": {
                "north": {
                  "uv": [
                    82,
                    75
                  ],
                  "uv_size": [
                    42,
                    52
                  ]
                },
                "east": {
                  "uv": [
                    43,
                    72
                  ],
                  "uv_size": [
                    1,
                    33
                  ]
                },
                "south": {
                  "uv": [
                    28,
                    33
                  ],
                  "uv_size": [
                    14,
                    33
                  ]
                },
                "west": {
                  "uv": [
                    44,
                    72
                  ],
                  "uv_size": [
                    1,
                    33
                  ]
                },
                "up": {
                  "uv": [
                    74,
                    7
                  ],
                  "uv_size": [
                    14,
                    1
                  ]
                },
                "down": {
                  "uv": [
                    74,
                    9
                  ],
                  "uv_size": [
                    14,
                    -1
                  ]
                }
              }
            },
            {
              "origin": [
                -8,
                27,
                -8
              ],
              "size": [
                1,
                6,
                16
              ],
              "uv": {
                "north": {
                  "uv": [
                    50,
                    25
                  ],
                  "uv_size": [
                    1,
                    6
                  ]
                },
                "east": {
                  "uv": [
                    3,
                    83
                  ],
                  "uv_size": [
                    37,
                    42
                  ]
                },
                "south": {
                  "uv": [
                    51,
                    25
                  ],
                  "uv_size": [
                    1,
                    6
                  ]
                },
                "west": {
                  "uv": [
                    56,
                    67
                  ],
                  "uv_size": [
                    16,
                    6
                  ]
                },
                "up": {
                  "uv": [
                    73,
                    36
                  ],
                  "uv_size": [
                    1,
                    16
                  ]
                },
                "down": {
                  "uv": [
                    56,
                    89
                  ],
                  "uv_size": [
                    1,
                    -16
                  ]
                }
              }
            },
            {
              "origin": [
                -8,
                0,
                -7
              ],
              "size": [
                1,
                2,
                14
              ],
              "uv": {
                "north": {
                  "uv": [
                    46,
                    30
                  ],
                  "uv_size": [
                    1,
                    2
                  ]
                },
                "east": {
                  "uv": [
                    72,
                    69
                  ],
                  "uv_size": [
                    14,
                    2
                  ]
                },
                "south": {
                  "uv": [
                    47,
                    30
                  ],
                  "uv_size": [
                    1,
                    2
                  ]
                },
                "west": {
                  "uv": [
                    72,
                    71
                  ],
                  "uv_size": [
                    14,
                    2
                  ]
                },
                "up": {
                  "uv": [
                    57,
                    74
                  ],
                  "uv_size": [
                    1,
                    14
                  ]
                },
                "down": {
                  "uv": [
                    58,
                    88
                  ],
                  "uv_size": [
                    1,
                    -14
                  ]
                }
              }
            },
            {
              "origin": [
                -8,
                2,
                -7
              ],
              "size": [
                0,
                25,
                14
              ],
              "uv": {
                "north": {
                  "uv": [
                    53,
                    72
                  ],
                  "uv_size": [
                    1,
                    25
                  ]
                },
                "east": {
                  "uv": [
                    92,
                    5
                  ],
                  "uv_size": [
                    32,
                    46
                  ]
                },
                "south": {
                  "uv": [
                    54,
                    72
                  ],
                  "uv_size": [
                    1,
                    25
                  ]
                },
                "west": {
                  "uv": [
                    92,
                    5
                  ],
                  "uv_size": [
                    32,
                    46
                  ]
                },
                "up": {
                  "uv": [
                    74,
                    20
                  ],
                  "uv_size": [
                    1,
                    14
                  ]
                },
                "down": {
                  "uv": [
                    74,
                    48
                  ],
                  "uv_size": [
                    1,
                    -14
                  ]
                }
              }
            },
            {
              "origin": [
                -8,
                0,
                7
              ],
              "size": [
                1,
                27,
                1
              ],
              "uv": {
                "north": {
                  "uv": [
                    45,
                    72
                  ],
                  "uv_size": [
                    1,
                    27
                  ]
                },
                "east": {
                  "uv": [
                    46,
                    72
                  ],
                  "uv_size": [
                    1,
                    27
                  ]
                },
                "south": {
                  "uv": [
                    47,
                    72
                  ],
                  "uv_size": [
                    1,
                    27
                  ]
                },
                "west": {
                  "uv": [
                    48,
                    72
                  ],
                  "uv_size": [
                    1,
                    27
                  ]
                },
                "up": {
                  "uv": [
                    46,
                    32
                  ],
                  "uv_size": [
                    1,
                    1
                  ]
                },
                "down": {
                  "uv": [
                    47,
                    33
                  ],
                  "uv_size": [
                    1,
                    -1
                  ]
                }
              }
            },
            {
              "origin": [
                -8,
                0,
                -8
              ],
              "size": [
                1,
                27,
                1
              ],
              "uv": {
                "north": {
                  "uv": [
                    49,
                    72
                  ],
                  "uv_size": [
                    1,
                    27
                  ]
                },
                "east": {
                  "uv": [
                    50,
                    72
                  ],
                  "uv_size": [
                    1,
                    27
                  ]
                },
                "south": {
                  "uv": [
                    51,
                    72
                  ],
                  "uv_size": [
                    1,
                    27
                  ]
                },
                "west": {
                  "uv": [
                    52,
                    72
                  ],
                  "uv_size": [
                    1,
                    27
                  ]
                },
                "up": {
                  "uv": [
                    48,
                    32
                  ],
                  "uv_size": [
                    1,
                    1
                  ]
                },
                "down": {
                  "uv": [
                    49,
                    33
                  ],
                  "uv_size": [
                    1,
                    -1
                  ]
                }
              }
            }
          ]
        },
        {
          "name": "bone2",
          "pivot": [
            0,
            0,
            0
          ],
          "cubes": [
            {
              "origin": [
                -5,
                2,
                4
              ],
              "size": [
                0,
                5,
                2
              ],
              "uv": {
                "north": {
                  "uv": [
                    52,
                    25
                  ],
                  "uv_size": [
                    1,
                    5
                  ]
                },
                "east": {
                  "uv": [
                    57,
                    89
                  ],
                  "uv_size": [
                    21,
                    37
                  ]
                },
                "south": {
                  "uv": [
                    53,
                    25
                  ],
                  "uv_size": [
                    1,
                    5
                  ]
                },
                "west": {
                  "uv": [
                    57,
                    89
                  ],
                  "uv_size": [
                    21,
                    37
                  ]
                },
                "up": {
                  "uv": [
                    48,
                    30
                  ],
                  "uv_size": [
                    1,
                    2
                  ]
                },
                "down": {
                  "uv": [
                    49,
                    32
                  ],
                  "uv_size": [
                    1,
                    -2
                  ]
                }
              }
            },
            {
              "origin": [
                -2,
                11,
                4
              ],
              "size": [
                0,
                5,
                2
              ],
              "uv": {
                "north": {
                  "uv": [
                    52,
                    25
                  ],
                  "uv_size": [
                    1,
                    5
                  ]
                },
                "east": {
                  "uv": [
                    57,
                    89
                  ],
                  "uv_size": [
                    21,
                    37
                  ]
                },
                "south": {
                  "uv": [
                    53,
                    25
                  ],
                  "uv_size": [
                    1,
                    5
                  ]
                },
                "west": {
                  "uv": [
                    57,
                    89
                  ],
                  "uv_size": [
                    21,
                    37
                  ]
                },
                "up": {
                  "uv": [
                    48,
                    30
                  ],
                  "uv_size": [
                    1,
                    2
                  ]
                },
                "down": {
                  "uv": [
                    49,
                    32
                  ],
                  "uv_size": [
                    1,
                    -2
                  ]
                }
              }
            },
            {
              "origin": [
                -3,
                21,
                4
              ],
              "size": [
                0,
                5,
                2
              ],
              "uv": {
                "north": {
                  "uv": [
                    52,
                    25
                  ],
                  "uv_size": [
                    1,
                    5
                  ]
                },
                "east": {
                  "uv": [
                    57,
                    89
                  ],
                  "uv_size": [
                    21,
                    37
                  ]
                },
                "south": {
                  "uv": [
                    53,
                    25
                  ],
                  "uv_size": [
                    1,
                    5
                  ]
                },
                "west": {
                  "uv": [
                    57,
                    89
                  ],
                  "uv_size": [
                    21,
                    37
                  ]
                },
                "up": {
                  "uv": [
                    48,
                    30
                  ],
                  "uv_size": [
                    1,
                    2
                  ]
                },
                "down": {
                  "uv": [
                    49,
                    32
                  ],
                  "uv_size": [
                    1,
                    -2
                  ]
                }
              }
            },
            {
              "origin": [
                -5,
                11,
                4
              ],
              "size": [
                0,
                5,
                2
              ],
              "uv": {
                "north": {
                  "uv": [
                    52,
                    25
                  ],
                  "uv_size": [
                    1,
                    5
                  ]
                },
                "east": {
                  "uv": [
                    57,
                    89
                  ],
                  "uv_size": [
                    21,
                    37
                  ]
                },
                "south": {
                  "uv": [
                    53,
                    25
                  ],
                  "uv_size": [
                    1,
                    5
                  ]
                },
                "west": {
                  "uv": [
                    57,
                    89
                  ],
                  "uv_size": [
                    21,
                    37
                  ]
                },
                "up": {
                  "uv": [
                    48,
                    30
                  ],
                  "uv_size": [
                    1,
                    2
                  ]
                },
                "down": {
                  "uv": [
                    49,
                    32
                  ],
                  "uv_size": [
                    1,
                    -2
                  ]
                }
              }
            },
            {
              "origin": [
                -5,
                11,
                1
              ],
              "size": [
                0,
                5,
                2
              ],
              "uv": {
                "north": {
                  "uv": [
                    52,
                    25
                  ],
                  "uv_size": [
                    1,
                    5
                  ]
                },
                "east": {
                  "uv": [
                    57,
                    89
                  ],
                  "uv_size": [
                    21,
                    37
                  ]
                },
                "south": {
                  "uv": [
                    53,
                    25
                  ],
                  "uv_size": [
                    1,
                    5
                  ]
                },
                "west": {
                  "uv": [
                    57,
                    89
                  ],
                  "uv_size": [
                    21,
                    37
                  ]
                },
                "up": {
                  "uv": [
                    48,
                    30
                  ],
                  "uv_size": [
                    1,
                    2
                  ]
                },
                "down": {
                  "uv": [
                    49,
                    32
                  ],
                  "uv_size": [
                    1,
                    -2
                  ]
                }
              }
            },
            {
              "origin": [
                -5,
                2,
                1
              ],
              "size": [
                0,
                5,
                2
              ],
              "uv": {
                "north": {
                  "uv": [
                    52,
                    25
                  ],
                  "uv_size": [
                    1,
                    5
                  ]
                },
                "east": {
                  "uv": [
                    57,
                    89
                  ],
                  "uv_size": [
                    21,
                    37
                  ]
                },
                "south": {
                  "uv": [
                    53,
                    25
                  ],
                  "uv_size": [
                    1,
                    5
                  ]
                },
                "west": {
                  "uv": [
                    57,
                    89
                  ],
                  "uv_size": [
                    21,
                    37
                  ]
                },
                "up": {
                  "uv": [
                    48,
                    30
                  ],
                  "uv_size": [
                    1,
                    2
                  ]
                },
                "down": {
                  "uv": [
                    49,
                    32
                  ],
                  "uv_size": [
                    1,
                    -2
                  ]
                }
              }
            },
            {
              "origin": [
                -5,
                21,
                1
              ],
              "size": [
                0,
                5,
                2
              ],
              "uv": {
                "north": {
                  "uv": [
                    52,
                    25
                  ],
                  "uv_size": [
                    1,
                    5
                  ]
                },
                "east": {
                  "uv": [
                    57,
                    89
                  ],
                  "uv_size": [
                    21,
                    37
                  ]
                },
                "south": {
                  "uv": [
                    53,
                    25
                  ],
                  "uv_size": [
                    1,
                    5
                  ]
                },
                "west": {
                  "uv": [
                    57,
                    89
                  ],
                  "uv_size": [
                    21,
                    37
                  ]
                },
                "up": {
                  "uv": [
                    48,
                    30
                  ],
                  "uv_size": [
                    1,
                    2
                  ]
                },
                "down": {
                  "uv": [
                    49,
                    32
                  ],
                  "uv_size": [
                    1,
                    -2
                  ]
                }
              }
            },
            {
              "origin": [
                1,
                2,
                1
              ],
              "size": [
                0,
                5,
                2
              ],
              "uv": {
                "north": {
                  "uv": [
                    52,
                    25
                  ],
                  "uv_size": [
                    1,
                    5
                  ]
                },
                "east": {
                  "uv": [
                    57,
                    89
                  ],
                  "uv_size": [
                    21,
                    37
                  ]
                },
                "south": {
                  "uv": [
                    53,
                    25
                  ],
                  "uv_size": [
                    1,
                    5
                  ]
                },
                "west": {
                  "uv": [
                    57,
                    89
                  ],
                  "uv_size": [
                    21,
                    37
                  ]
                },
                "up": {
                  "uv": [
                    48,
                    30
                  ],
                  "uv_size": [
                    1,
                    2
                  ]
                },
                "down": {
                  "uv": [
                    49,
                    32
                  ],
                  "uv_size": [
                    1,
                    -2
                  ]
                }
              }
            },
            {
              "origin": [
                -5,
                11,
                -2
              ],
              "size": [
                0,
                5,
                2
              ],
              "uv": {
                "north": {
                  "uv": [
                    52,
                    25
                  ],
                  "uv_size": [
                    1,
                    5
                  ]
                },
                "east": {
                  "uv": [
                    57,
                    89
                  ],
                  "uv_size": [
                    21,
                    37
                  ]
                },
                "south": {
                  "uv": [
                    53,
                    25
                  ],
                  "uv_size": [
                    1,
                    5
                  ]
                },
                "west": {
                  "uv": [
                    57,
                    89
                  ],
                  "uv_size": [
                    21,
                    37
                  ]
                },
                "up": {
                  "uv": [
                    48,
                    30
                  ],
                  "uv_size": [
                    1,
                    2
                  ]
                },
                "down": {
                  "uv": [
                    49,
                    32
                  ],
                  "uv_size": [
                    1,
                    -2
                  ]
                }
              }
            },
            {
              "origin": [
                -4,
                21,
                -2
              ],
              "size": [
                0,
                5,
                2
              ],
              "uv": {
                "north": {
                  "uv": [
                    52,
                    25
                  ],
                  "uv_size": [
                    1,
                    5
                  ]
                },
                "east": {
                  "uv": [
                    57,
                    89
                  ],
                  "uv_size": [
                    21,
                    37
                  ]
                },
                "south": {
                  "uv": [
                    53,
                    25
                  ],
                  "uv_size": [
                    1,
                    5
                  ]
                },
                "west": {
                  "uv": [
                    57,
                    89
                  ],
                  "uv_size": [
                    21,
                    37
                  ]
                },
                "up": {
                  "uv": [
                    48,
                    30
                  ],
                  "uv_size": [
                    1,
                    2
                  ]
                },
                "down": {
                  "uv": [
                    49,
                    32
                  ],
                  "uv_size": [
                    1,
                    -2
                  ]
                }
              }
            },
            {
              "origin": [
                1,
                2,
                -2
              ],
              "size": [
                0,
                5,
                2
              ],
              "uv": {
                "north": {
                  "uv": [
                    52,
                    25
                  ],
                  "uv_size": [
                    1,
                    5
                  ]
                },
                "east": {
                  "uv": [
                    57,
                    89
                  ],
                  "uv_size": [
                    21,
                    37
                  ]
                },
                "south": {
                  "uv": [
                    53,
                    25
                  ],
                  "uv_size": [
                    1,
                    5
                  ]
                },
                "west": {
                  "uv": [
                    57,
                    89
                  ],
                  "uv_size": [
                    21,
                    37
                  ]
                },
                "up": {
                  "uv": [
                    48,
                    30
                  ],
                  "uv_size": [
                    1,
                    2
                  ]
                },
                "down": {
                  "uv": [
                    49,
                    32
                  ],
                  "uv_size": [
                    1,
                    -2
                  ]
                }
              }
            },
            {
              "origin": [
                -5,
                2,
                -5
              ],
              "size": [
                0,
                5,
                2
              ],
              "uv": {
                "north": {
                  "uv": [
                    52,
                    25
                  ],
                  "uv_size": [
                    1,
                    5
                  ]
                },
                "east": {
                  "uv": [
                    57,
                    89
                  ],
                  "uv_size": [
                    21,
                    37
                  ]
                },
                "south": {
                  "uv": [
                    53,
                    25
                  ],
                  "uv_size": [
                    1,
                    5
                  ]
                },
                "west": {
                  "uv": [
                    57,
                    89
                  ],
                  "uv_size": [
                    21,
                    37
                  ]
                },
                "up": {
                  "uv": [
                    48,
                    30
                  ],
                  "uv_size": [
                    1,
                    2
                  ]
                },
                "down": {
                  "uv": [
                    49,
                    32
                  ],
                  "uv_size": [
                    1,
                    -2
                  ]
                }
              }
            },
            {
              "origin": [
                -2,
                2,
                -5
              ],
              "size": [
                0,
                5,
                2
              ],
              "uv": {
                "north": {
                  "uv": [
                    52,
                    25
                  ],
                  "uv_size": [
                    1,
                    5
                  ]
                },
                "east": {
                  "uv": [
                    57,
                    89
                  ],
                  "uv_size": [
                    21,
                    37
                  ]
                },
                "south": {
                  "uv": [
                    53,
                    25
                  ],
                  "uv_size": [
                    1,
                    5
                  ]
                },
                "west": {
                  "uv": [
                    57,
                    89
                  ],
                  "uv_size": [
                    21,
                    37
                  ]
                },
                "up": {
                  "uv": [
                    48,
                    30
                  ],
                  "uv_size": [
                    1,
                    2
                  ]
                },
                "down": {
                  "uv": [
                    49,
                    32
                  ],
                  "uv_size": [
                    1,
                    -2
                  ]
                }
              }
            },
            {
              "origin": [
                1,
                21,
                -5
              ],
              "size": [
                0,
                5,
                2
              ],
              "uv": {
                "north": {
                  "uv": [
                    52,
                    25
                  ],
                  "uv_size": [
                    1,
                    5
                  ]
                },
                "east": {
                  "uv": [
                    57,
                    89
                  ],
                  "uv_size": [
                    21,
                    37
                  ]
                },
                "south": {
                  "uv": [
                    53,
                    25
                  ],
                  "uv_size": [
                    1,
                    5
                  ]
                },
                "west": {
                  "uv": [
                    57,
                    89
                  ],
                  "uv_size": [
                    21,
                    37
                  ]
                },
                "up": {
                  "uv": [
                    48,
                    30
                  ],
                  "uv_size": [
                    1,
                    2
                  ]
                },
                "down": {
                  "uv": [
                    49,
                    32
                  ],
                  "uv_size": [
                    1,
                    -2
                  ]
                }
              }
            }
          ]
        }
      ]
    }
  ]
}