{
  "format_version": "1.12.0",
  "minecraft:geometry": [
    {
      "description": {
        "identifier": "geometry.set_tiangindomaret",
        "texture_width": 256,
        "texture_height": 256,
        "visible_bounds_width": 7,
        "visible_bounds_height": 10.5,
        "visible_bounds_offset": [
          0,
          4.75,
          0
        ]
      },
      "bones": [
        {
          "name": "hexadecagon",
          "pivot": [
            8,
            9,
            -8
          ],
          "rotation": [
            0,
            0,
            -90
          ],
          "cubes": [
            {
              "origin": [
                -0.5,
                16.50272,
                -2.5
              ],
              "size": [
                145,
                0.99456,
                5
              ],
              "pivot": [
                0,
                17,
                0
              ],
              "rotation": [
                45,
                0,
                0
              ],
              "uv": {
                "north": {
                  "uv": [
                    62,
                    80
                  ],
                  "uv_size": [
                    117,
                    1
                  ]
                },
                "east": {
                  "uv": [
                    84,
                    98
                  ],
                  "uv_size": [
                    5,
                    1
                  ]
                },
                "south": {
                  "uv": [
                    62,
                    81
                  ],
                  "uv_size": [
                    117,
                    1
                  ]
                },
                "west": {
                  "uv": [
                    89,
                    98
                  ],
                  "uv_size": [
                    5,
                    1
                  ]
                },
                "up": {
                  "uv": [
                    31,
                    0
                  ],
                  "uv_size": [
                    117,
                    5
                  ]
                },
                "down": {
                  "uv": [
                    31,
                    10
                  ],
                  "uv_size": [
                    117,
                    -5
                  ]
                }
              }
            },
            {
              "origin": [
                -0.5,
                16.50272,
                -2.5
              ],
              "size": [
                145,
                0.99456,
                5
              ],
              "pivot": [
                0,
                17,
                0
              ],
              "rotation": [
                22.5,
                0,
                0
              ],
              "uv": {
                "north": {
                  "uv": [
                    62,
                    82
                  ],
                  "uv_size": [
                    117,
                    1
                  ]
                },
                "east": {
                  "uv": [
                    94,
                    98
                  ],
                  "uv_size": [
                    5,
                    1
                  ]
                },
                "south": {
                  "uv": [
                    62,
                    83
                  ],
                  "uv_size": [
                    117,
                    1
                  ]
                },
                "west": {
                  "uv": [
                    84,
                    99
                  ],
                  "uv_size": [
                    5,
                    1
                  ]
                },
                "up": {
                  "uv": [
                    31,
                    10
                  ],
                  "uv_size": [
                    117,
                    5
                  ]
                },
                "down": {
                  "uv": [
                    31,
                    20
                  ],
                  "uv_size": [
                    117,
                    -5
                  ]
                }
              }
            },
            {
              "origin": [
                -0.5,
                16.50272,
                -2.5
              ],
              "size": [
                145,
                0.99456,
                5
              ],
              "uv": {
                "north": {
                  "uv": [
                    62,
                    84
                  ],
                  "uv_size": [
                    117,
                    1
                  ]
                },
                "east": {
                  "uv": [
                    89,
                    99
                  ],
                  "uv_size": [
                    5,
                    1
                  ]
                },
                "south": {
                  "uv": [
                    62,
                    85
                  ],
                  "uv_size": [
                    117,
                    1
                  ]
                },
                "west": {
                  "uv": [
                    94,
                    99
                  ],
                  "uv_size": [
                    5,
                    1
                  ]
                },
                "up": {
                  "uv": [
                    31,
                    20
                  ],
                  "uv_size": [
                    117,
                    5
                  ]
                },
                "down": {
                  "uv": [
                    31,
                    30
                  ],
                  "uv_size": [
                    117,
                    -5
                  ]
                }
              }
            },
            {
              "origin": [
                -0.5,
                16.50272,
                -2.5
              ],
              "size": [
                145,
                0.99456,
                5
              ],
              "pivot": [
                0,
                17,
                0
              ],
              "rotation": [
                -22.5,
                0,
                0
              ],
              "uv": {
                "north": {
                  "uv": [
                    62,
                    86
                  ],
                  "uv_size": [
                    117,
                    1
                  ]
                },
                "east": {
                  "uv": [
                    99,
                    98
                  ],
                  "uv_size": [
                    5,
                    1
                  ]
                },
                "south": {
                  "uv": [
                    62,
                    87
                  ],
                  "uv_size": [
                    117,
                    1
                  ]
                },
                "west": {
                  "uv": [
                    99,
                    99
                  ],
                  "uv_size": [
                    5,
                    1
                  ]
                },
                "up": {
                  "uv": [
                    31,
                    30
                  ],
                  "uv_size": [
                    117,
                    5
                  ]
                },
                "down": {
                  "uv": [
                    31,
                    40
                  ],
                  "uv_size": [
                    117,
                    -5
                  ]
                }
              }
            },
            {
              "origin": [
                -0.5,
                16.50272,
                -2.5
              ],
              "size": [
                145,
                0.99456,
                5
              ],
              "pivot": [
                0,
                17,
                0
              ],
              "rotation": [
                -45,
                0,
                0
              ],
              "uv": {
                "north": {
                  "uv": [
                    62,
                    88
                  ],
                  "uv_size": [
                    117,
                    1
                  ]
                },
                "east": {
                  "uv": [
                    20,
                    100
                  ],
                  "uv_size": [
                    5,
                    1
                  ]
                },
                "south": {
                  "uv": [
                    0,
                    89
                  ],
                  "uv_size": [
                    117,
                    1
                  ]
                },
                "west": {
                  "uv": [
                    25,
                    100
                  ],
                  "uv_size": [
                    5,
                    1
                  ]
                },
                "up": {
                  "uv": [
                    0,
                    40
                  ],
                  "uv_size": [
                    117,
                    5
                  ]
                },
                "down": {
                  "uv": [
                    0,
                    50
                  ],
                  "uv_size": [
                    117,
                    -5
                  ]
                }
              }
            },
            {
              "origin": [
                -0.5,
                14.5,
                -0.49728
              ],
              "size": [
                145,
                5,
                0.99456
              ],
              "pivot": [
                0,
                17,
                0
              ],
              "rotation": [
                22.5,
                0,
                0
              ],
              "uv": {
                "north": {
                  "uv": [
                    0,
                    50
                  ],
                  "uv_size": [
                    117,
                    5
                  ]
                },
                "east": {
                  "uv": [
                    30,
                    100
                  ],
                  "uv_size": [
                    1,
                    5
                  ]
                },
                "south": {
                  "uv": [
                    0,
                    55
                  ],
                  "uv_size": [
                    117,
                    5
                  ]
                },
                "west": {
                  "uv": [
                    31,
                    100
                  ],
                  "uv_size": [
                    1,
                    5
                  ]
                },
                "up": {
                  "uv": [
                    0,
                    90
                  ],
                  "uv_size": [
                    117,
                    1
                  ]
                },
                "down": {
                  "uv": [
                    0,
                    92
                  ],
                  "uv_size": [
                    117,
                    -1
                  ]
                }
              }
            },
            {
              "origin": [
                -0.5,
                14.5,
                -0.49728
              ],
              "size": [
                145,
                5,
                0.99456
              ],
              "uv": {
                "north": {
                  "uv": [
                    0,
                    60
                  ],
                  "uv_size": [
                    117,
                    5
                  ]
                },
                "east": {
                  "uv": [
                    32,
                    100
                  ],
                  "uv_size": [
                    1,
                    5
                  ]
                },
                "south": {
                  "uv": [
                    0,
                    65
                  ],
                  "uv_size": [
                    117,
                    5
                  ]
                },
                "west": {
                  "uv": [
                    33,
                    100
                  ],
                  "uv_size": [
                    1,
                    5
                  ]
                },
                "up": {
                  "uv": [
                    0,
                    92
                  ],
                  "uv_size": [
                    117,
                    1
                  ]
                },
                "down": {
                  "uv": [
                    0,
                    94
                  ],
                  "uv_size": [
                    117,
                    -1
                  ]
                }
              }
            },
            {
              "origin": [
                -0.5,
                14.5,
                -0.49728
              ],
              "size": [
                145,
                5,
                0.99456
              ],
              "pivot": [
                0,
                17,
                0
              ],
              "rotation": [
                -22.5,
                0,
                0
              ],
              "uv": {
                "north": {
                  "uv": [
                    0,
                    70
                  ],
                  "uv_size": [
                    117,
                    5
                  ]
                },
                "east": {
                  "uv": [
                    34,
                    100
                  ],
                  "uv_size": [
                    1,
                    5
                  ]
                },
                "south": {
                  "uv": [
                    0,
                    75
                  ],
                  "uv_size": [
                    117,
                    5
                  ]
                },
                "west": {
                  "uv": [
                    35,
                    100
                  ],
                  "uv_size": [
                    1,
                    5
                  ]
                },
                "up": {
                  "uv": [
                    0,
                    94
                  ],
                  "uv_size": [
                    117,
                    1
                  ]
                },
                "down": {
                  "uv": [
                    0,
                    96
                  ],
                  "uv_size": [
                    117,
                    -1
                  ]
                }
              }
            }
          ]
        },
        {
          "name": "bone",
          "pivot": [
            0,
            30,
            0
          ],
          "cubes": [
            {
              "origin": [
                -1,
                138,
                1
              ],
              "size": [
                2,
                2,
                15
              ],
              "uv": {
                "north": {
                  "uv": [
                    36,
                    100
                  ],
                  "uv_size": [
                    2,
                    2
                  ]
                },
                "east": {
                  "uv": [
                    76,
                    96
                  ],
                  "uv_size": [
                    15,
                    2
                  ]
                },
                "south": {
                  "uv": [
                    38,
                    100
                  ],
                  "uv_size": [
                    2,
                    2
                  ]
                },
                "west": {
                  "uv": [
                    91,
                    96
                  ],
                  "uv_size": [
                    15,
                    2
                  ]
                },
                "up": {
                  "uv": [
                    8,
                    98
                  ],
                  "uv_size": [
                    2,
                    15
                  ]
                },
                "down": {
                  "uv": [
                    10,
                    113
                  ],
                  "uv_size": [
                    2,
                    -15
                  ]
                }
              }
            },
            {
              "origin": [
                -1,
                124,
                1
              ],
              "size": [
                2,
                2,
                35
              ],
              "uv": {
                "north": {
                  "uv": [
                    44,
                    100
                  ],
                  "uv_size": [
                    2,
                    2
                  ]
                },
                "east": {
                  "uv": [
                    8,
                    96
                  ],
                  "uv_size": [
                    30,
                    2
                  ]
                },
                "south": {
                  "uv": [
                    46,
                    100
                  ],
                  "uv_size": [
                    2,
                    2
                  ]
                },
                "west": {
                  "uv": [
                    38,
                    96
                  ],
                  "uv_size": [
                    30,
                    2
                  ]
                },
                "up": {
                  "uv": [
                    68,
                    96
                  ],
                  "uv_size": [
                    2,
                    30
                  ]
                },
                "down": {
                  "uv": [
                    70,
                    126
                  ],
                  "uv_size": [
                    2,
                    -30
                  ]
                }
              }
            },
            {
              "origin": [
                -1,
                126,
                27
              ],
              "size": [
                2,
                2,
                2
              ],
              "uv": {
                "north": {
                  "uv": [
                    48,
                    100
                  ],
                  "uv_size": [
                    2,
                    2
                  ]
                },
                "east": {
                  "uv": [
                    20,
                    98
                  ],
                  "uv_size": [
                    10,
                    2
                  ]
                },
                "south": {
                  "uv": [
                    50,
                    100
                  ],
                  "uv_size": [
                    2,
                    2
                  ]
                },
                "west": {
                  "uv": [
                    30,
                    98
                  ],
                  "uv_size": [
                    10,
                    2
                  ]
                },
                "up": {
                  "uv": [
                    40,
                    98
                  ],
                  "uv_size": [
                    2,
                    10
                  ]
                },
                "down": {
                  "uv": [
                    42,
                    108
                  ],
                  "uv_size": [
                    2,
                    -10
                  ]
                }
              }
            },
            {
              "origin": [
                -1,
                126,
                19
              ],
              "size": [
                2,
                2,
                2
              ],
              "uv": {
                "north": {
                  "uv": [
                    48,
                    100
                  ],
                  "uv_size": [
                    2,
                    2
                  ]
                },
                "east": {
                  "uv": [
                    20,
                    98
                  ],
                  "uv_size": [
                    10,
                    2
                  ]
                },
                "south": {
                  "uv": [
                    50,
                    100
                  ],
                  "uv_size": [
                    2,
                    2
                  ]
                },
                "west": {
                  "uv": [
                    30,
                    98
                  ],
                  "uv_size": [
                    10,
                    2
                  ]
                },
                "up": {
                  "uv": [
                    40,
                    98
                  ],
                  "uv_size": [
                    2,
                    10
                  ]
                },
                "down": {
                  "uv": [
                    42,
                    108
                  ],
                  "uv_size": [
                    2,
                    -10
                  ]
                }
              }
            },
            {
              "origin": [
                -1,
                122,
                27
              ],
              "size": [
                2,
                2,
                2
              ],
              "uv": {
                "north": {
                  "uv": [
                    52,
                    100
                  ],
                  "uv_size": [
                    2,
                    2
                  ]
                },
                "east": {
                  "uv": [
                    44,
                    98
                  ],
                  "uv_size": [
                    10,
                    2
                  ]
                },
                "south": {
                  "uv": [
                    54,
                    100
                  ],
                  "uv_size": [
                    2,
                    2
                  ]
                },
                "west": {
                  "uv": [
                    54,
                    98
                  ],
                  "uv_size": [
                    10,
                    2
                  ]
                },
                "up": {
                  "uv": [
                    64,
                    98
                  ],
                  "uv_size": [
                    2,
                    10
                  ]
                },
                "down": {
                  "uv": [
                    66,
                    108
                  ],
                  "uv_size": [
                    2,
                    -10
                  ]
                }
              }
            },
            {
              "origin": [
                -1,
                122,
                19
              ],
              "size": [
                2,
                2,
                2
              ],
              "uv": {
                "north": {
                  "uv": [
                    52,
                    100
                  ],
                  "uv_size": [
                    2,
                    2
                  ]
                },
                "east": {
                  "uv": [
                    44,
                    98
                  ],
                  "uv_size": [
                    10,
                    2
                  ]
                },
                "south": {
                  "uv": [
                    54,
                    100
                  ],
                  "uv_size": [
                    2,
                    2
                  ]
                },
                "west": {
                  "uv": [
                    54,
                    98
                  ],
                  "uv_size": [
                    10,
                    2
                  ]
                },
                "up": {
                  "uv": [
                    64,
                    98
                  ],
                  "uv_size": [
                    2,
                    10
                  ]
                },
                "down": {
                  "uv": [
                    66,
                    108
                  ],
                  "uv_size": [
                    2,
                    -10
                  ]
                }
              }
            },
            {
              "origin": [
                -1,
                128,
                16
              ],
              "size": [
                2,
                20,
                31
              ],
              "uv": {
                "north": {
                  "uv": [
                    72,
                    96
                  ],
                  "uv_size": [
                    2,
                    20
                  ]
                },
                "east": {
                  "uv": [
                    143,
                    141
                  ],
                  "uv_size": [
                    102,
                    102
                  ]
                },
                "south": {
                  "uv": [
                    74,
                    96
                  ],
                  "uv_size": [
                    2,
                    20
                  ]
                },
                "west": {
                  "uv": [
                    144,
                    140
                  ],
                  "uv_size": [
                    101,
                    102
                  ]
                },
                "up": {
                  "uv": [
                    0,
                    96
                  ],
                  "uv_size": [
                    2,
                    31
                  ]
                },
                "down": {
                  "uv": [
                    2,
                    127
                  ],
                  "uv_size": [
                    2,
                    -31
                  ]
                }
              }
            },
            {
              "origin": [
                -1,
                113,
                16
              ],
              "size": [
                2,
                9,
                31
              ],
              "uv": {
                "north": {
                  "uv": [
                    76,
                    98
                  ],
                  "uv_size": [
                    2,
                    9
                  ]
                },
                "east": {
                  "uv": [
                    4,
                    138
                  ],
                  "uv_size": [
                    136,
                    52
                  ]
                },
                "south": {
                  "uv": [
                    78,
                    98
                  ],
                  "uv_size": [
                    2,
                    9
                  ]
                },
                "west": {
                  "uv": [
                    4,
                    138
                  ],
                  "uv_size": [
                    135,
                    52
                  ]
                },
                "up": {
                  "uv": [
                    4,
                    96
                  ],
                  "uv_size": [
                    2,
                    31
                  ]
                },
                "down": {
                  "uv": [
                    6,
                    127
                  ],
                  "uv_size": [
                    2,
                    -31
                  ]
                }
              }
            },
            {
              "origin": [
                -1,
                126,
                5
              ],
              "size": [
                2,
                12,
                1
              ],
              "uv": {
                "north": {
                  "uv": [
                    12,
                    98
                  ],
                  "uv_size": [
                    2,
                    12
                  ]
                },
                "east": {
                  "uv": [
                    80,
                    98
                  ],
                  "uv_size": [
                    1,
                    12
                  ]
                },
                "south": {
                  "uv": [
                    14,
                    98
                  ],
                  "uv_size": [
                    2,
                    12
                  ]
                },
                "west": {
                  "uv": [
                    81,
                    98
                  ],
                  "uv_size": [
                    1,
                    12
                  ]
                },
                "up": {
                  "uv": [
                    56,
                    100
                  ],
                  "uv_size": [
                    2,
                    1
                  ]
                },
                "down": {
                  "uv": [
                    58,
                    101
                  ],
                  "uv_size": [
                    2,
                    -1
                  ]
                }
              }
            },
            {
              "origin": [
                -1,
                126,
                11
              ],
              "size": [
                2,
                12,
                1
              ],
              "uv": {
                "north": {
                  "uv": [
                    16,
                    98
                  ],
                  "uv_size": [
                    2,
                    12
                  ]
                },
                "east": {
                  "uv": [
                    82,
                    98
                  ],
                  "uv_size": [
                    1,
                    12
                  ]
                },
                "south": {
                  "uv": [
                    18,
                    98
                  ],
                  "uv_size": [
                    2,
                    12
                  ]
                },
                "west": {
                  "uv": [
                    83,
                    98
                  ],
                  "uv_size": [
                    1,
                    12
                  ]
                },
                "up": {
                  "uv": [
                    60,
                    100
                  ],
                  "uv_size": [
                    2,
                    1
                  ]
                },
                "down": {
                  "uv": [
                    62,
                    101
                  ],
                  "uv_size": [
                    2,
                    -1
                  ]
                }
              }
            }
          ]
        }
      ]
    }
  ]
}