{
  "format_version": "1.12.0",
  "minecraft:geometry": [
    {
      "description": {
        "identifier": "geometry.set_selfultrafreya",
        "texture_width": 128,
        "texture_height": 128,
        "visible_bounds_width": 2,
        "visible_bounds_height": 2.5,
        "visible_bounds_offset": [
          0,
          0.75,
          0
        ]
      },
      "bones": [
        {
          "name": "ItemShelf",
          "pivot": [
            0,
            0,
            0
          ]
        },
        {
          "name": "Shelf",
          "parent": "ItemShelf",
          "pivot": [
            0,
            0,
            0
          ],
          "cubes": [
            {
              "origin": [
                -8,
                0,
                -8
              ],
              "size": [
                16,
                16,
                2
              ],
              "uv": {
                "north": {
                  "uv": [
                    0,
                    0
                  ],
                  "uv_size": [
                    16,
                    16
                  ]
                },
                "east": {
                  "uv": [
                    18,
                    62
                  ],
                  "uv_size": [
                    2,
                    16
                  ]
                },
                "south": {
                  "uv": [
                    0,
                    16
                  ],
                  "uv_size": [
                    16,
                    16
                  ]
                },
                "west": {
                  "uv": [
                    20,
                    62
                  ],
                  "uv_size": [
                    2,
                    16
                  ]
                },
                "up": {
                  "uv": [
                    62,
                    12
                  ],
                  "uv_size": [
                    16,
                    2
                  ]
                },
                "down": {
                  "uv": [
                    62,
                    16
                  ],
                  "uv_size": [
                    16,
                    -2
                  ]
                }
              }
            },
            {
              "origin": [
                -8,
                0,
                -6
              ],
              "size": [
                16,
                1,
                14
              ],
              "uv": {
                "north": {
                  "uv": [
                    62,
                    16
                  ],
                  "uv_size": [
                    16,
                    1
                  ]
                },
                "east": {
                  "uv": [
                    62,
                    17
                  ],
                  "uv_size": [
                    16,
                    1
                  ]
                },
                "south": {
                  "uv": [
                    62,
                    18
                  ],
                  "uv_size": [
                    16,
                    1
                  ]
                },
                "west": {
                  "uv": [
                    62,
                    19
                  ],
                  "uv_size": [
                    16,
                    1
                  ]
                },
                "up": {
                  "uv": [
                    16,
                    0
                  ],
                  "uv_size": [
                    16,
                    16
                  ]
                },
                "down": {
                  "uv": [
                    16,
                    32
                  ],
                  "uv_size": [
                    16,
                    -16
                  ]
                }
              }
            },
            {
              "origin": [
                -8,
                8,
                -6
              ],
              "size": [
                16,
                1,
                14
              ],
              "uv": {
                "north": {
                  "uv": [
                    62,
                    20
                  ],
                  "uv_size": [
                    16,
                    1
                  ]
                },
                "east": {
                  "uv": [
                    62,
                    21
                  ],
                  "uv_size": [
                    16,
                    1
                  ]
                },
                "south": {
                  "uv": [
                    62,
                    22
                  ],
                  "uv_size": [
                    16,
                    1
                  ]
                },
                "west": {
                  "uv": [
                    62,
                    23
                  ],
                  "uv_size": [
                    16,
                    1
                  ]
                },
                "up": {
                  "uv": [
                    0,
                    32
                  ],
                  "uv_size": [
                    16,
                    16
                  ]
                },
                "down": {
                  "uv": [
                    32,
                    16
                  ],
                  "uv_size": [
                    16,
                    -16
                  ]
                }
              }
            }
          ]
        },
        {
          "name": "Item",
          "parent": "ItemShelf",
          "pivot": [
            0,
            0,
            2
          ]
        },
        {
          "name": "Item2",
          "parent": "ItemShelf",
          "pivot": [
            0,
            8,
            2
          ],
          "cubes": [
            {
              "origin": [
                5,
                1,
                6
              ],
              "size": [
                3,
                5,
                1.1
              ],
              "uv": {
                "north": {
                  "uv": [
                    18,
                    79
                  ],
                  "uv_size": [
                    25,
                    40
                  ]
                },
                "east": {
                  "uv": [
                    59,
                    68
                  ],
                  "uv_size": [
                    1,
                    6
                  ]
                },
                "south": {
                  "uv": [
                    18,
                    79
                  ],
                  "uv_size": [
                    25,
                    40
                  ]
                },
                "west": {
                  "uv": [
                    60,
                    68
                  ],
                  "uv_size": [
                    1,
                    6
                  ]
                },
                "up": {
                  "uv": [
                    68,
                    66
                  ],
                  "uv_size": [
                    6,
                    1
                  ]
                },
                "down": {
                  "uv": [
                    68,
                    68
                  ],
                  "uv_size": [
                    6,
                    -1
                  ]
                }
              }
            },
            {
              "origin": [
                5,
                9,
                6
              ],
              "size": [
                3,
                5,
                1.1
              ],
              "uv": {
                "north": {
                  "uv": [
                    18,
                    79
                  ],
                  "uv_size": [
                    25,
                    40
                  ]
                },
                "east": {
                  "uv": [
                    59,
                    68
                  ],
                  "uv_size": [
                    1,
                    6
                  ]
                },
                "south": {
                  "uv": [
                    18,
                    79
                  ],
                  "uv_size": [
                    25,
                    40
                  ]
                },
                "west": {
                  "uv": [
                    60,
                    68
                  ],
                  "uv_size": [
                    1,
                    6
                  ]
                },
                "up": {
                  "uv": [
                    68,
                    66
                  ],
                  "uv_size": [
                    6,
                    1
                  ]
                },
                "down": {
                  "uv": [
                    68,
                    68
                  ],
                  "uv_size": [
                    6,
                    -1
                  ]
                }
              }
            },
            {
              "origin": [
                5,
                9,
                4
              ],
              "size": [
                3,
                5,
                1.1
              ],
              "uv": {
                "north": {
                  "uv": [
                    18,
                    79
                  ],
                  "uv_size": [
                    25,
                    40
                  ]
                },
                "east": {
                  "uv": [
                    59,
                    68
                  ],
                  "uv_size": [
                    1,
                    6
                  ]
                },
                "south": {
                  "uv": [
                    18,
                    79
                  ],
                  "uv_size": [
                    25,
                    40
                  ]
                },
                "west": {
                  "uv": [
                    60,
                    68
                  ],
                  "uv_size": [
                    1,
                    6
                  ]
                },
                "up": {
                  "uv": [
                    68,
                    66
                  ],
                  "uv_size": [
                    6,
                    1
                  ]
                },
                "down": {
                  "uv": [
                    68,
                    68
                  ],
                  "uv_size": [
                    6,
                    -1
                  ]
                }
              }
            },
            {
              "origin": [
                5,
                9,
                2
              ],
              "size": [
                3,
                5,
                1.1
              ],
              "uv": {
                "north": {
                  "uv": [
                    18,
                    79
                  ],
                  "uv_size": [
                    25,
                    40
                  ]
                },
                "east": {
                  "uv": [
                    59,
                    68
                  ],
                  "uv_size": [
                    1,
                    6
                  ]
                },
                "south": {
                  "uv": [
                    18,
                    79
                  ],
                  "uv_size": [
                    25,
                    40
                  ]
                },
                "west": {
                  "uv": [
                    60,
                    68
                  ],
                  "uv_size": [
                    1,
                    6
                  ]
                },
                "up": {
                  "uv": [
                    68,
                    66
                  ],
                  "uv_size": [
                    6,
                    1
                  ]
                },
                "down": {
                  "uv": [
                    68,
                    68
                  ],
                  "uv_size": [
                    6,
                    -1
                  ]
                }
              }
            },
            {
              "origin": [
                5,
                9,
                -5
              ],
              "size": [
                3,
                5,
                1.1
              ],
              "uv": {
                "north": {
                  "uv": [
                    18,
                    79
                  ],
                  "uv_size": [
                    25,
                    40
                  ]
                },
                "east": {
                  "uv": [
                    59,
                    68
                  ],
                  "uv_size": [
                    1,
                    6
                  ]
                },
                "south": {
                  "uv": [
                    18,
                    79
                  ],
                  "uv_size": [
                    25,
                    40
                  ]
                },
                "west": {
                  "uv": [
                    60,
                    68
                  ],
                  "uv_size": [
                    1,
                    6
                  ]
                },
                "up": {
                  "uv": [
                    68,
                    66
                  ],
                  "uv_size": [
                    6,
                    1
                  ]
                },
                "down": {
                  "uv": [
                    68,
                    68
                  ],
                  "uv_size": [
                    6,
                    -1
                  ]
                }
              }
            },
            {
              "origin": [
                5,
                9,
                -3
              ],
              "size": [
                3,
                5,
                1.1
              ],
              "uv": {
                "north": {
                  "uv": [
                    18,
                    79
                  ],
                  "uv_size": [
                    25,
                    40
                  ]
                },
                "east": {
                  "uv": [
                    59,
                    68
                  ],
                  "uv_size": [
                    1,
                    6
                  ]
                },
                "south": {
                  "uv": [
                    18,
                    79
                  ],
                  "uv_size": [
                    25,
                    40
                  ]
                },
                "west": {
                  "uv": [
                    60,
                    68
                  ],
                  "uv_size": [
                    1,
                    6
                  ]
                },
                "up": {
                  "uv": [
                    68,
                    66
                  ],
                  "uv_size": [
                    6,
                    1
                  ]
                },
                "down": {
                  "uv": [
                    68,
                    68
                  ],
                  "uv_size": [
                    6,
                    -1
                  ]
                }
              }
            },
            {
              "origin": [
                5,
                9,
                -1
              ],
              "size": [
                3,
                5,
                1.1
              ],
              "uv": {
                "north": {
                  "uv": [
                    18,
                    79
                  ],
                  "uv_size": [
                    25,
                    40
                  ]
                },
                "east": {
                  "uv": [
                    59,
                    68
                  ],
                  "uv_size": [
                    1,
                    6
                  ]
                },
                "south": {
                  "uv": [
                    18,
                    79
                  ],
                  "uv_size": [
                    25,
                    40
                  ]
                },
                "west": {
                  "uv": [
                    60,
                    68
                  ],
                  "uv_size": [
                    1,
                    6
                  ]
                },
                "up": {
                  "uv": [
                    68,
                    66
                  ],
                  "uv_size": [
                    6,
                    1
                  ]
                },
                "down": {
                  "uv": [
                    68,
                    68
                  ],
                  "uv_size": [
                    6,
                    -1
                  ]
                }
              }
            },
            {
              "origin": [
                -4,
                9,
                6
              ],
              "size": [
                3,
                5,
                1.1
              ],
              "uv": {
                "north": {
                  "uv": [
                    18,
                    79
                  ],
                  "uv_size": [
                    25,
                    40
                  ]
                },
                "east": {
                  "uv": [
                    59,
                    68
                  ],
                  "uv_size": [
                    1,
                    6
                  ]
                },
                "south": {
                  "uv": [
                    18,
                    79
                  ],
                  "uv_size": [
                    25,
                    40
                  ]
                },
                "west": {
                  "uv": [
                    60,
                    68
                  ],
                  "uv_size": [
                    1,
                    6
                  ]
                },
                "up": {
                  "uv": [
                    68,
                    66
                  ],
                  "uv_size": [
                    6,
                    1
                  ]
                },
                "down": {
                  "uv": [
                    68,
                    68
                  ],
                  "uv_size": [
                    6,
                    -1
                  ]
                }
              }
            },
            {
              "origin": [
                -4,
                9,
                4
              ],
              "size": [
                3,
                5,
                1.1
              ],
              "uv": {
                "north": {
                  "uv": [
                    18,
                    79
                  ],
                  "uv_size": [
                    25,
                    40
                  ]
                },
                "east": {
                  "uv": [
                    59,
                    68
                  ],
                  "uv_size": [
                    1,
                    6
                  ]
                },
                "south": {
                  "uv": [
                    18,
                    79
                  ],
                  "uv_size": [
                    25,
                    40
                  ]
                },
                "west": {
                  "uv": [
                    60,
                    68
                  ],
                  "uv_size": [
                    1,
                    6
                  ]
                },
                "up": {
                  "uv": [
                    68,
                    66
                  ],
                  "uv_size": [
                    6,
                    1
                  ]
                },
                "down": {
                  "uv": [
                    68,
                    68
                  ],
                  "uv_size": [
                    6,
                    -1
                  ]
                }
              }
            },
            {
              "origin": [
                -4,
                9,
                2
              ],
              "size": [
                3,
                5,
                1.1
              ],
              "uv": {
                "north": {
                  "uv": [
                    18,
                    79
                  ],
                  "uv_size": [
                    25,
                    40
                  ]
                },
                "east": {
                  "uv": [
                    59,
                    68
                  ],
                  "uv_size": [
                    1,
                    6
                  ]
                },
                "south": {
                  "uv": [
                    18,
                    79
                  ],
                  "uv_size": [
                    25,
                    40
                  ]
                },
                "west": {
                  "uv": [
                    60,
                    68
                  ],
                  "uv_size": [
                    1,
                    6
                  ]
                },
                "up": {
                  "uv": [
                    68,
                    66
                  ],
                  "uv_size": [
                    6,
                    1
                  ]
                },
                "down": {
                  "uv": [
                    68,
                    68
                  ],
                  "uv_size": [
                    6,
                    -1
                  ]
                }
              }
            },
            {
              "origin": [
                -4,
                9,
                -1
              ],
              "size": [
                3,
                5,
                1.1
              ],
              "uv": {
                "north": {
                  "uv": [
                    18,
                    79
                  ],
                  "uv_size": [
                    25,
                    40
                  ]
                },
                "east": {
                  "uv": [
                    59,
                    68
                  ],
                  "uv_size": [
                    1,
                    6
                  ]
                },
                "south": {
                  "uv": [
                    18,
                    79
                  ],
                  "uv_size": [
                    25,
                    40
                  ]
                },
                "west": {
                  "uv": [
                    60,
                    68
                  ],
                  "uv_size": [
                    1,
                    6
                  ]
                },
                "up": {
                  "uv": [
                    68,
                    66
                  ],
                  "uv_size": [
                    6,
                    1
                  ]
                },
                "down": {
                  "uv": [
                    68,
                    68
                  ],
                  "uv_size": [
                    6,
                    -1
                  ]
                }
              }
            },
            {
              "origin": [
                -4,
                9,
                -3
              ],
              "size": [
                3,
                5,
                1.1
              ],
              "uv": {
                "north": {
                  "uv": [
                    18,
                    79
                  ],
                  "uv_size": [
                    25,
                    40
                  ]
                },
                "east": {
                  "uv": [
                    59,
                    68
                  ],
                  "uv_size": [
                    1,
                    6
                  ]
                },
                "south": {
                  "uv": [
                    18,
                    79
                  ],
                  "uv_size": [
                    25,
                    40
                  ]
                },
                "west": {
                  "uv": [
                    60,
                    68
                  ],
                  "uv_size": [
                    1,
                    6
                  ]
                },
                "up": {
                  "uv": [
                    68,
                    66
                  ],
                  "uv_size": [
                    6,
                    1
                  ]
                },
                "down": {
                  "uv": [
                    68,
                    68
                  ],
                  "uv_size": [
                    6,
                    -1
                  ]
                }
              }
            },
            {
              "origin": [
                -4,
                9,
                -5
              ],
              "size": [
                3,
                5,
                1.1
              ],
              "uv": {
                "north": {
                  "uv": [
                    18,
                    79
                  ],
                  "uv_size": [
                    25,
                    40
                  ]
                },
                "east": {
                  "uv": [
                    59,
                    68
                  ],
                  "uv_size": [
                    1,
                    6
                  ]
                },
                "south": {
                  "uv": [
                    18,
                    79
                  ],
                  "uv_size": [
                    25,
                    40
                  ]
                },
                "west": {
                  "uv": [
                    60,
                    68
                  ],
                  "uv_size": [
                    1,
                    6
                  ]
                },
                "up": {
                  "uv": [
                    68,
                    66
                  ],
                  "uv_size": [
                    6,
                    1
                  ]
                },
                "down": {
                  "uv": [
                    68,
                    68
                  ],
                  "uv_size": [
                    6,
                    -1
                  ]
                }
              }
            },
            {
              "origin": [
                -8,
                9,
                6
              ],
              "size": [
                3,
                5,
                1.1
              ],
              "uv": {
                "north": {
                  "uv": [
                    18,
                    79
                  ],
                  "uv_size": [
                    25,
                    40
                  ]
                },
                "east": {
                  "uv": [
                    59,
                    68
                  ],
                  "uv_size": [
                    1,
                    6
                  ]
                },
                "south": {
                  "uv": [
                    18,
                    79
                  ],
                  "uv_size": [
                    25,
                    40
                  ]
                },
                "west": {
                  "uv": [
                    60,
                    68
                  ],
                  "uv_size": [
                    1,
                    6
                  ]
                },
                "up": {
                  "uv": [
                    68,
                    66
                  ],
                  "uv_size": [
                    6,
                    1
                  ]
                },
                "down": {
                  "uv": [
                    68,
                    68
                  ],
                  "uv_size": [
                    6,
                    -1
                  ]
                }
              }
            },
            {
              "origin": [
                -8,
                9,
                4
              ],
              "size": [
                3,
                5,
                1.1
              ],
              "uv": {
                "north": {
                  "uv": [
                    18,
                    79
                  ],
                  "uv_size": [
                    25,
                    40
                  ]
                },
                "east": {
                  "uv": [
                    59,
                    68
                  ],
                  "uv_size": [
                    1,
                    6
                  ]
                },
                "south": {
                  "uv": [
                    18,
                    79
                  ],
                  "uv_size": [
                    25,
                    40
                  ]
                },
                "west": {
                  "uv": [
                    60,
                    68
                  ],
                  "uv_size": [
                    1,
                    6
                  ]
                },
                "up": {
                  "uv": [
                    68,
                    66
                  ],
                  "uv_size": [
                    6,
                    1
                  ]
                },
                "down": {
                  "uv": [
                    68,
                    68
                  ],
                  "uv_size": [
                    6,
                    -1
                  ]
                }
              }
            },
            {
              "origin": [
                -8,
                9,
                2
              ],
              "size": [
                3,
                5,
                1.1
              ],
              "uv": {
                "north": {
                  "uv": [
                    18,
                    79
                  ],
                  "uv_size": [
                    25,
                    40
                  ]
                },
                "east": {
                  "uv": [
                    59,
                    68
                  ],
                  "uv_size": [
                    1,
                    6
                  ]
                },
                "south": {
                  "uv": [
                    18,
                    79
                  ],
                  "uv_size": [
                    25,
                    40
                  ]
                },
                "west": {
                  "uv": [
                    60,
                    68
                  ],
                  "uv_size": [
                    1,
                    6
                  ]
                },
                "up": {
                  "uv": [
                    68,
                    66
                  ],
                  "uv_size": [
                    6,
                    1
                  ]
                },
                "down": {
                  "uv": [
                    68,
                    68
                  ],
                  "uv_size": [
                    6,
                    -1
                  ]
                }
              }
            },
            {
              "origin": [
                -8,
                9,
                -1
              ],
              "size": [
                3,
                5,
                1.1
              ],
              "uv": {
                "north": {
                  "uv": [
                    18,
                    79
                  ],
                  "uv_size": [
                    25,
                    40
                  ]
                },
                "east": {
                  "uv": [
                    59,
                    68
                  ],
                  "uv_size": [
                    1,
                    6
                  ]
                },
                "south": {
                  "uv": [
                    18,
                    79
                  ],
                  "uv_size": [
                    25,
                    40
                  ]
                },
                "west": {
                  "uv": [
                    60,
                    68
                  ],
                  "uv_size": [
                    1,
                    6
                  ]
                },
                "up": {
                  "uv": [
                    68,
                    66
                  ],
                  "uv_size": [
                    6,
                    1
                  ]
                },
                "down": {
                  "uv": [
                    68,
                    68
                  ],
                  "uv_size": [
                    6,
                    -1
                  ]
                }
              }
            },
            {
              "origin": [
                -8,
                9,
                -3
              ],
              "size": [
                3,
                5,
                1.1
              ],
              "uv": {
                "north": {
                  "uv": [
                    18,
                    79
                  ],
                  "uv_size": [
                    25,
                    40
                  ]
                },
                "east": {
                  "uv": [
                    59,
                    68
                  ],
                  "uv_size": [
                    1,
                    6
                  ]
                },
                "south": {
                  "uv": [
                    18,
                    79
                  ],
                  "uv_size": [
                    25,
                    40
                  ]
                },
                "west": {
                  "uv": [
                    60,
                    68
                  ],
                  "uv_size": [
                    1,
                    6
                  ]
                },
                "up": {
                  "uv": [
                    68,
                    66
                  ],
                  "uv_size": [
                    6,
                    1
                  ]
                },
                "down": {
                  "uv": [
                    68,
                    68
                  ],
                  "uv_size": [
                    6,
                    -1
                  ]
                }
              }
            },
            {
              "origin": [
                -8,
                9,
                -5
              ],
              "size": [
                3,
                5,
                1.1
              ],
              "uv": {
                "north": {
                  "uv": [
                    18,
                    79
                  ],
                  "uv_size": [
                    25,
                    40
                  ]
                },
                "east": {
                  "uv": [
                    59,
                    68
                  ],
                  "uv_size": [
                    1,
                    6
                  ]
                },
                "south": {
                  "uv": [
                    18,
                    79
                  ],
                  "uv_size": [
                    25,
                    40
                  ]
                },
                "west": {
                  "uv": [
                    60,
                    68
                  ],
                  "uv_size": [
                    1,
                    6
                  ]
                },
                "up": {
                  "uv": [
                    68,
                    66
                  ],
                  "uv_size": [
                    6,
                    1
                  ]
                },
                "down": {
                  "uv": [
                    68,
                    68
                  ],
                  "uv_size": [
                    6,
                    -1
                  ]
                }
              }
            },
            {
              "origin": [
                1,
                9,
                6
              ],
              "size": [
                3,
                5,
                1.1
              ],
              "uv": {
                "north": {
                  "uv": [
                    18,
                    79
                  ],
                  "uv_size": [
                    25,
                    40
                  ]
                },
                "east": {
                  "uv": [
                    59,
                    68
                  ],
                  "uv_size": [
                    1,
                    6
                  ]
                },
                "south": {
                  "uv": [
                    18,
                    79
                  ],
                  "uv_size": [
                    25,
                    40
                  ]
                },
                "west": {
                  "uv": [
                    60,
                    68
                  ],
                  "uv_size": [
                    1,
                    6
                  ]
                },
                "up": {
                  "uv": [
                    68,
                    66
                  ],
                  "uv_size": [
                    6,
                    1
                  ]
                },
                "down": {
                  "uv": [
                    68,
                    68
                  ],
                  "uv_size": [
                    6,
                    -1
                  ]
                }
              }
            },
            {
              "origin": [
                1,
                9,
                4
              ],
              "size": [
                3,
                5,
                1.1
              ],
              "uv": {
                "north": {
                  "uv": [
                    18,
                    79
                  ],
                  "uv_size": [
                    25,
                    40
                  ]
                },
                "east": {
                  "uv": [
                    59,
                    68
                  ],
                  "uv_size": [
                    1,
                    6
                  ]
                },
                "south": {
                  "uv": [
                    18,
                    79
                  ],
                  "uv_size": [
                    25,
                    40
                  ]
                },
                "west": {
                  "uv": [
                    60,
                    68
                  ],
                  "uv_size": [
                    1,
                    6
                  ]
                },
                "up": {
                  "uv": [
                    68,
                    66
                  ],
                  "uv_size": [
                    6,
                    1
                  ]
                },
                "down": {
                  "uv": [
                    68,
                    68
                  ],
                  "uv_size": [
                    6,
                    -1
                  ]
                }
              }
            },
            {
              "origin": [
                1,
                9,
                -1
              ],
              "size": [
                3,
                5,
                1.1
              ],
              "uv": {
                "north": {
                  "uv": [
                    18,
                    79
                  ],
                  "uv_size": [
                    25,
                    40
                  ]
                },
                "east": {
                  "uv": [
                    59,
                    68
                  ],
                  "uv_size": [
                    1,
                    6
                  ]
                },
                "south": {
                  "uv": [
                    18,
                    79
                  ],
                  "uv_size": [
                    25,
                    40
                  ]
                },
                "west": {
                  "uv": [
                    60,
                    68
                  ],
                  "uv_size": [
                    1,
                    6
                  ]
                },
                "up": {
                  "uv": [
                    68,
                    66
                  ],
                  "uv_size": [
                    6,
                    1
                  ]
                },
                "down": {
                  "uv": [
                    68,
                    68
                  ],
                  "uv_size": [
                    6,
                    -1
                  ]
                }
              }
            },
            {
              "origin": [
                1,
                9,
                -3
              ],
              "size": [
                3,
                5,
                1.1
              ],
              "uv": {
                "north": {
                  "uv": [
                    18,
                    79
                  ],
                  "uv_size": [
                    25,
                    40
                  ]
                },
                "east": {
                  "uv": [
                    59,
                    68
                  ],
                  "uv_size": [
                    1,
                    6
                  ]
                },
                "south": {
                  "uv": [
                    18,
                    79
                  ],
                  "uv_size": [
                    25,
                    40
                  ]
                },
                "west": {
                  "uv": [
                    60,
                    68
                  ],
                  "uv_size": [
                    1,
                    6
                  ]
                },
                "up": {
                  "uv": [
                    68,
                    66
                  ],
                  "uv_size": [
                    6,
                    1
                  ]
                },
                "down": {
                  "uv": [
                    68,
                    68
                  ],
                  "uv_size": [
                    6,
                    -1
                  ]
                }
              }
            },
            {
              "origin": [
                1,
                9,
                -5
              ],
              "size": [
                3,
                5,
                1.1
              ],
              "uv": {
                "north": {
                  "uv": [
                    18,
                    79
                  ],
                  "uv_size": [
                    25,
                    40
                  ]
                },
                "east": {
                  "uv": [
                    59,
                    68
                  ],
                  "uv_size": [
                    1,
                    6
                  ]
                },
                "south": {
                  "uv": [
                    18,
                    79
                  ],
                  "uv_size": [
                    25,
                    40
                  ]
                },
                "west": {
                  "uv": [
                    60,
                    68
                  ],
                  "uv_size": [
                    1,
                    6
                  ]
                },
                "up": {
                  "uv": [
                    68,
                    66
                  ],
                  "uv_size": [
                    6,
                    1
                  ]
                },
                "down": {
                  "uv": [
                    68,
                    68
                  ],
                  "uv_size": [
                    6,
                    -1
                  ]
                }
              }
            },
            {
              "origin": [
                1,
                9,
                2
              ],
              "size": [
                3,
                5,
                1.1
              ],
              "uv": {
                "north": {
                  "uv": [
                    18,
                    79
                  ],
                  "uv_size": [
                    25,
                    40
                  ]
                },
                "east": {
                  "uv": [
                    59,
                    68
                  ],
                  "uv_size": [
                    1,
                    6
                  ]
                },
                "south": {
                  "uv": [
                    18,
                    79
                  ],
                  "uv_size": [
                    25,
                    40
                  ]
                },
                "west": {
                  "uv": [
                    60,
                    68
                  ],
                  "uv_size": [
                    1,
                    6
                  ]
                },
                "up": {
                  "uv": [
                    68,
                    66
                  ],
                  "uv_size": [
                    6,
                    1
                  ]
                },
                "down": {
                  "uv": [
                    68,
                    68
                  ],
                  "uv_size": [
                    6,
                    -1
                  ]
                }
              }
            },
            {
              "origin": [
                5,
                1,
                4
              ],
              "size": [
                3,
                5,
                1.1
              ],
              "uv": {
                "north": {
                  "uv": [
                    18,
                    79
                  ],
                  "uv_size": [
                    25,
                    40
                  ]
                },
                "east": {
                  "uv": [
                    59,
                    68
                  ],
                  "uv_size": [
                    1,
                    6
                  ]
                },
                "south": {
                  "uv": [
                    18,
                    79
                  ],
                  "uv_size": [
                    25,
                    40
                  ]
                },
                "west": {
                  "uv": [
                    60,
                    68
                  ],
                  "uv_size": [
                    1,
                    6
                  ]
                },
                "up": {
                  "uv": [
                    68,
                    66
                  ],
                  "uv_size": [
                    6,
                    1
                  ]
                },
                "down": {
                  "uv": [
                    68,
                    68
                  ],
                  "uv_size": [
                    6,
                    -1
                  ]
                }
              }
            },
            {
              "origin": [
                5,
                1,
                2
              ],
              "size": [
                3,
                5,
                1.1
              ],
              "uv": {
                "north": {
                  "uv": [
                    18,
                    79
                  ],
                  "uv_size": [
                    25,
                    40
                  ]
                },
                "east": {
                  "uv": [
                    59,
                    68
                  ],
                  "uv_size": [
                    1,
                    6
                  ]
                },
                "south": {
                  "uv": [
                    18,
                    79
                  ],
                  "uv_size": [
                    25,
                    40
                  ]
                },
                "west": {
                  "uv": [
                    60,
                    68
                  ],
                  "uv_size": [
                    1,
                    6
                  ]
                },
                "up": {
                  "uv": [
                    68,
                    66
                  ],
                  "uv_size": [
                    6,
                    1
                  ]
                },
                "down": {
                  "uv": [
                    68,
                    68
                  ],
                  "uv_size": [
                    6,
                    -1
                  ]
                }
              }
            },
            {
              "origin": [
                5,
                1,
                -1
              ],
              "size": [
                3,
                5,
                1.1
              ],
              "uv": {
                "north": {
                  "uv": [
                    18,
                    79
                  ],
                  "uv_size": [
                    25,
                    40
                  ]
                },
                "east": {
                  "uv": [
                    59,
                    68
                  ],
                  "uv_size": [
                    1,
                    6
                  ]
                },
                "south": {
                  "uv": [
                    18,
                    79
                  ],
                  "uv_size": [
                    25,
                    40
                  ]
                },
                "west": {
                  "uv": [
                    60,
                    68
                  ],
                  "uv_size": [
                    1,
                    6
                  ]
                },
                "up": {
                  "uv": [
                    68,
                    66
                  ],
                  "uv_size": [
                    6,
                    1
                  ]
                },
                "down": {
                  "uv": [
                    68,
                    68
                  ],
                  "uv_size": [
                    6,
                    -1
                  ]
                }
              }
            },
            {
              "origin": [
                5,
                1,
                -3
              ],
              "size": [
                3,
                5,
                1.1
              ],
              "uv": {
                "north": {
                  "uv": [
                    18,
                    79
                  ],
                  "uv_size": [
                    25,
                    40
                  ]
                },
                "east": {
                  "uv": [
                    59,
                    68
                  ],
                  "uv_size": [
                    1,
                    6
                  ]
                },
                "south": {
                  "uv": [
                    18,
                    79
                  ],
                  "uv_size": [
                    25,
                    40
                  ]
                },
                "west": {
                  "uv": [
                    60,
                    68
                  ],
                  "uv_size": [
                    1,
                    6
                  ]
                },
                "up": {
                  "uv": [
                    68,
                    66
                  ],
                  "uv_size": [
                    6,
                    1
                  ]
                },
                "down": {
                  "uv": [
                    68,
                    68
                  ],
                  "uv_size": [
                    6,
                    -1
                  ]
                }
              }
            },
            {
              "origin": [
                5,
                1,
                -5
              ],
              "size": [
                3,
                5,
                1.1
              ],
              "uv": {
                "north": {
                  "uv": [
                    18,
                    79
                  ],
                  "uv_size": [
                    25,
                    40
                  ]
                },
                "east": {
                  "uv": [
                    59,
                    68
                  ],
                  "uv_size": [
                    1,
                    6
                  ]
                },
                "south": {
                  "uv": [
                    18,
                    79
                  ],
                  "uv_size": [
                    25,
                    40
                  ]
                },
                "west": {
                  "uv": [
                    60,
                    68
                  ],
                  "uv_size": [
                    1,
                    6
                  ]
                },
                "up": {
                  "uv": [
                    68,
                    66
                  ],
                  "uv_size": [
                    6,
                    1
                  ]
                },
                "down": {
                  "uv": [
                    68,
                    68
                  ],
                  "uv_size": [
                    6,
                    -1
                  ]
                }
              }
            },
            {
              "origin": [
                1,
                1,
                6
              ],
              "size": [
                3,
                5,
                1.1
              ],
              "uv": {
                "north": {
                  "uv": [
                    18,
                    79
                  ],
                  "uv_size": [
                    25,
                    40
                  ]
                },
                "east": {
                  "uv": [
                    59,
                    68
                  ],
                  "uv_size": [
                    1,
                    6
                  ]
                },
                "south": {
                  "uv": [
                    18,
                    79
                  ],
                  "uv_size": [
                    25,
                    40
                  ]
                },
                "west": {
                  "uv": [
                    60,
                    68
                  ],
                  "uv_size": [
                    1,
                    6
                  ]
                },
                "up": {
                  "uv": [
                    68,
                    66
                  ],
                  "uv_size": [
                    6,
                    1
                  ]
                },
                "down": {
                  "uv": [
                    68,
                    68
                  ],
                  "uv_size": [
                    6,
                    -1
                  ]
                }
              }
            },
            {
              "origin": [
                1,
                1,
                4
              ],
              "size": [
                3,
                5,
                1.1
              ],
              "uv": {
                "north": {
                  "uv": [
                    18,
                    79
                  ],
                  "uv_size": [
                    25,
                    40
                  ]
                },
                "east": {
                  "uv": [
                    59,
                    68
                  ],
                  "uv_size": [
                    1,
                    6
                  ]
                },
                "south": {
                  "uv": [
                    18,
                    79
                  ],
                  "uv_size": [
                    25,
                    40
                  ]
                },
                "west": {
                  "uv": [
                    60,
                    68
                  ],
                  "uv_size": [
                    1,
                    6
                  ]
                },
                "up": {
                  "uv": [
                    68,
                    66
                  ],
                  "uv_size": [
                    6,
                    1
                  ]
                },
                "down": {
                  "uv": [
                    68,
                    68
                  ],
                  "uv_size": [
                    6,
                    -1
                  ]
                }
              }
            },
            {
              "origin": [
                1,
                1,
                2
              ],
              "size": [
                3,
                5,
                1.1
              ],
              "uv": {
                "north": {
                  "uv": [
                    18,
                    79
                  ],
                  "uv_size": [
                    25,
                    40
                  ]
                },
                "east": {
                  "uv": [
                    59,
                    68
                  ],
                  "uv_size": [
                    1,
                    6
                  ]
                },
                "south": {
                  "uv": [
                    18,
                    79
                  ],
                  "uv_size": [
                    25,
                    40
                  ]
                },
                "west": {
                  "uv": [
                    60,
                    68
                  ],
                  "uv_size": [
                    1,
                    6
                  ]
                },
                "up": {
                  "uv": [
                    68,
                    66
                  ],
                  "uv_size": [
                    6,
                    1
                  ]
                },
                "down": {
                  "uv": [
                    68,
                    68
                  ],
                  "uv_size": [
                    6,
                    -1
                  ]
                }
              }
            },
            {
              "origin": [
                1,
                1,
                -1
              ],
              "size": [
                3,
                5,
                1.1
              ],
              "uv": {
                "north": {
                  "uv": [
                    18,
                    79
                  ],
                  "uv_size": [
                    25,
                    40
                  ]
                },
                "east": {
                  "uv": [
                    59,
                    68
                  ],
                  "uv_size": [
                    1,
                    6
                  ]
                },
                "south": {
                  "uv": [
                    18,
                    79
                  ],
                  "uv_size": [
                    25,
                    40
                  ]
                },
                "west": {
                  "uv": [
                    60,
                    68
                  ],
                  "uv_size": [
                    1,
                    6
                  ]
                },
                "up": {
                  "uv": [
                    68,
                    66
                  ],
                  "uv_size": [
                    6,
                    1
                  ]
                },
                "down": {
                  "uv": [
                    68,
                    68
                  ],
                  "uv_size": [
                    6,
                    -1
                  ]
                }
              }
            },
            {
              "origin": [
                1,
                1,
                -3
              ],
              "size": [
                3,
                5,
                1.1
              ],
              "uv": {
                "north": {
                  "uv": [
                    18,
                    79
                  ],
                  "uv_size": [
                    25,
                    40
                  ]
                },
                "east": {
                  "uv": [
                    59,
                    68
                  ],
                  "uv_size": [
                    1,
                    6
                  ]
                },
                "south": {
                  "uv": [
                    18,
                    79
                  ],
                  "uv_size": [
                    25,
                    40
                  ]
                },
                "west": {
                  "uv": [
                    60,
                    68
                  ],
                  "uv_size": [
                    1,
                    6
                  ]
                },
                "up": {
                  "uv": [
                    68,
                    66
                  ],
                  "uv_size": [
                    6,
                    1
                  ]
                },
                "down": {
                  "uv": [
                    68,
                    68
                  ],
                  "uv_size": [
                    6,
                    -1
                  ]
                }
              }
            },
            {
              "origin": [
                1,
                1,
                -5
              ],
              "size": [
                3,
                5,
                1.1
              ],
              "uv": {
                "north": {
                  "uv": [
                    18,
                    79
                  ],
                  "uv_size": [
                    25,
                    40
                  ]
                },
                "east": {
                  "uv": [
                    59,
                    68
                  ],
                  "uv_size": [
                    1,
                    6
                  ]
                },
                "south": {
                  "uv": [
                    18,
                    79
                  ],
                  "uv_size": [
                    25,
                    40
                  ]
                },
                "west": {
                  "uv": [
                    60,
                    68
                  ],
                  "uv_size": [
                    1,
                    6
                  ]
                },
                "up": {
                  "uv": [
                    68,
                    66
                  ],
                  "uv_size": [
                    6,
                    1
                  ]
                },
                "down": {
                  "uv": [
                    68,
                    68
                  ],
                  "uv_size": [
                    6,
                    -1
                  ]
                }
              }
            },
            {
              "origin": [
                -4,
                1,
                6
              ],
              "size": [
                3,
                5,
                1.1
              ],
              "uv": {
                "north": {
                  "uv": [
                    18,
                    79
                  ],
                  "uv_size": [
                    25,
                    40
                  ]
                },
                "east": {
                  "uv": [
                    59,
                    68
                  ],
                  "uv_size": [
                    1,
                    6
                  ]
                },
                "south": {
                  "uv": [
                    18,
                    79
                  ],
                  "uv_size": [
                    25,
                    40
                  ]
                },
                "west": {
                  "uv": [
                    60,
                    68
                  ],
                  "uv_size": [
                    1,
                    6
                  ]
                },
                "up": {
                  "uv": [
                    68,
                    66
                  ],
                  "uv_size": [
                    6,
                    1
                  ]
                },
                "down": {
                  "uv": [
                    68,
                    68
                  ],
                  "uv_size": [
                    6,
                    -1
                  ]
                }
              }
            },
            {
              "origin": [
                -4,
                1,
                4
              ],
              "size": [
                3,
                5,
                1.1
              ],
              "uv": {
                "north": {
                  "uv": [
                    18,
                    79
                  ],
                  "uv_size": [
                    25,
                    40
                  ]
                },
                "east": {
                  "uv": [
                    59,
                    68
                  ],
                  "uv_size": [
                    1,
                    6
                  ]
                },
                "south": {
                  "uv": [
                    18,
                    79
                  ],
                  "uv_size": [
                    25,
                    40
                  ]
                },
                "west": {
                  "uv": [
                    60,
                    68
                  ],
                  "uv_size": [
                    1,
                    6
                  ]
                },
                "up": {
                  "uv": [
                    68,
                    66
                  ],
                  "uv_size": [
                    6,
                    1
                  ]
                },
                "down": {
                  "uv": [
                    68,
                    68
                  ],
                  "uv_size": [
                    6,
                    -1
                  ]
                }
              }
            },
            {
              "origin": [
                -4,
                1,
                2
              ],
              "size": [
                3,
                5,
                1.1
              ],
              "uv": {
                "north": {
                  "uv": [
                    18,
                    79
                  ],
                  "uv_size": [
                    25,
                    40
                  ]
                },
                "east": {
                  "uv": [
                    59,
                    68
                  ],
                  "uv_size": [
                    1,
                    6
                  ]
                },
                "south": {
                  "uv": [
                    18,
                    79
                  ],
                  "uv_size": [
                    25,
                    40
                  ]
                },
                "west": {
                  "uv": [
                    60,
                    68
                  ],
                  "uv_size": [
                    1,
                    6
                  ]
                },
                "up": {
                  "uv": [
                    68,
                    66
                  ],
                  "uv_size": [
                    6,
                    1
                  ]
                },
                "down": {
                  "uv": [
                    68,
                    68
                  ],
                  "uv_size": [
                    6,
                    -1
                  ]
                }
              }
            },
            {
              "origin": [
                -4,
                1,
                -1
              ],
              "size": [
                3,
                5,
                1.1
              ],
              "uv": {
                "north": {
                  "uv": [
                    18,
                    79
                  ],
                  "uv_size": [
                    25,
                    40
                  ]
                },
                "east": {
                  "uv": [
                    59,
                    68
                  ],
                  "uv_size": [
                    1,
                    6
                  ]
                },
                "south": {
                  "uv": [
                    18,
                    79
                  ],
                  "uv_size": [
                    25,
                    40
                  ]
                },
                "west": {
                  "uv": [
                    60,
                    68
                  ],
                  "uv_size": [
                    1,
                    6
                  ]
                },
                "up": {
                  "uv": [
                    68,
                    66
                  ],
                  "uv_size": [
                    6,
                    1
                  ]
                },
                "down": {
                  "uv": [
                    68,
                    68
                  ],
                  "uv_size": [
                    6,
                    -1
                  ]
                }
              }
            },
            {
              "origin": [
                -4,
                1,
                -3
              ],
              "size": [
                3,
                5,
                1.1
              ],
              "uv": {
                "north": {
                  "uv": [
                    18,
                    79
                  ],
                  "uv_size": [
                    25,
                    40
                  ]
                },
                "east": {
                  "uv": [
                    59,
                    68
                  ],
                  "uv_size": [
                    1,
                    6
                  ]
                },
                "south": {
                  "uv": [
                    18,
                    79
                  ],
                  "uv_size": [
                    25,
                    40
                  ]
                },
                "west": {
                  "uv": [
                    60,
                    68
                  ],
                  "uv_size": [
                    1,
                    6
                  ]
                },
                "up": {
                  "uv": [
                    68,
                    66
                  ],
                  "uv_size": [
                    6,
                    1
                  ]
                },
                "down": {
                  "uv": [
                    68,
                    68
                  ],
                  "uv_size": [
                    6,
                    -1
                  ]
                }
              }
            },
            {
              "origin": [
                -4,
                1,
                -5
              ],
              "size": [
                3,
                5,
                1.1
              ],
              "uv": {
                "north": {
                  "uv": [
                    18,
                    79
                  ],
                  "uv_size": [
                    25,
                    40
                  ]
                },
                "east": {
                  "uv": [
                    59,
                    68
                  ],
                  "uv_size": [
                    1,
                    6
                  ]
                },
                "south": {
                  "uv": [
                    18,
                    79
                  ],
                  "uv_size": [
                    25,
                    40
                  ]
                },
                "west": {
                  "uv": [
                    60,
                    68
                  ],
                  "uv_size": [
                    1,
                    6
                  ]
                },
                "up": {
                  "uv": [
                    68,
                    66
                  ],
                  "uv_size": [
                    6,
                    1
                  ]
                },
                "down": {
                  "uv": [
                    68,
                    68
                  ],
                  "uv_size": [
                    6,
                    -1
                  ]
                }
              }
            },
            {
              "origin": [
                -8,
                1,
                6
              ],
              "size": [
                3,
                5,
                1.1
              ],
              "uv": {
                "north": {
                  "uv": [
                    18,
                    79
                  ],
                  "uv_size": [
                    25,
                    40
                  ]
                },
                "east": {
                  "uv": [
                    59,
                    68
                  ],
                  "uv_size": [
                    1,
                    6
                  ]
                },
                "south": {
                  "uv": [
                    18,
                    79
                  ],
                  "uv_size": [
                    25,
                    40
                  ]
                },
                "west": {
                  "uv": [
                    60,
                    68
                  ],
                  "uv_size": [
                    1,
                    6
                  ]
                },
                "up": {
                  "uv": [
                    68,
                    66
                  ],
                  "uv_size": [
                    6,
                    1
                  ]
                },
                "down": {
                  "uv": [
                    68,
                    68
                  ],
                  "uv_size": [
                    6,
                    -1
                  ]
                }
              }
            },
            {
              "origin": [
                -8,
                1,
                4
              ],
              "size": [
                3,
                5,
                1.1
              ],
              "uv": {
                "north": {
                  "uv": [
                    18,
                    79
                  ],
                  "uv_size": [
                    25,
                    40
                  ]
                },
                "east": {
                  "uv": [
                    59,
                    68
                  ],
                  "uv_size": [
                    1,
                    6
                  ]
                },
                "south": {
                  "uv": [
                    18,
                    79
                  ],
                  "uv_size": [
                    25,
                    40
                  ]
                },
                "west": {
                  "uv": [
                    60,
                    68
                  ],
                  "uv_size": [
                    1,
                    6
                  ]
                },
                "up": {
                  "uv": [
                    68,
                    66
                  ],
                  "uv_size": [
                    6,
                    1
                  ]
                },
                "down": {
                  "uv": [
                    68,
                    68
                  ],
                  "uv_size": [
                    6,
                    -1
                  ]
                }
              }
            },
            {
              "origin": [
                -8,
                1,
                2
              ],
              "size": [
                3,
                5,
                1.1
              ],
              "uv": {
                "north": {
                  "uv": [
                    18,
                    79
                  ],
                  "uv_size": [
                    25,
                    40
                  ]
                },
                "east": {
                  "uv": [
                    59,
                    68
                  ],
                  "uv_size": [
                    1,
                    6
                  ]
                },
                "south": {
                  "uv": [
                    18,
                    79
                  ],
                  "uv_size": [
                    25,
                    40
                  ]
                },
                "west": {
                  "uv": [
                    60,
                    68
                  ],
                  "uv_size": [
                    1,
                    6
                  ]
                },
                "up": {
                  "uv": [
                    68,
                    66
                  ],
                  "uv_size": [
                    6,
                    1
                  ]
                },
                "down": {
                  "uv": [
                    68,
                    68
                  ],
                  "uv_size": [
                    6,
                    -1
                  ]
                }
              }
            },
            {
              "origin": [
                -8,
                1,
                -1
              ],
              "size": [
                3,
                5,
                1.1
              ],
              "uv": {
                "north": {
                  "uv": [
                    18,
                    79
                  ],
                  "uv_size": [
                    25,
                    40
                  ]
                },
                "east": {
                  "uv": [
                    59,
                    68
                  ],
                  "uv_size": [
                    1,
                    6
                  ]
                },
                "south": {
                  "uv": [
                    18,
                    79
                  ],
                  "uv_size": [
                    25,
                    40
                  ]
                },
                "west": {
                  "uv": [
                    60,
                    68
                  ],
                  "uv_size": [
                    1,
                    6
                  ]
                },
                "up": {
                  "uv": [
                    68,
                    66
                  ],
                  "uv_size": [
                    6,
                    1
                  ]
                },
                "down": {
                  "uv": [
                    68,
                    68
                  ],
                  "uv_size": [
                    6,
                    -1
                  ]
                }
              }
            },
            {
              "origin": [
                -8,
                1,
                -3
              ],
              "size": [
                3,
                5,
                1.1
              ],
              "uv": {
                "north": {
                  "uv": [
                    18,
                    79
                  ],
                  "uv_size": [
                    25,
                    40
                  ]
                },
                "east": {
                  "uv": [
                    59,
                    68
                  ],
                  "uv_size": [
                    1,
                    6
                  ]
                },
                "south": {
                  "uv": [
                    18,
                    79
                  ],
                  "uv_size": [
                    25,
                    40
                  ]
                },
                "west": {
                  "uv": [
                    60,
                    68
                  ],
                  "uv_size": [
                    1,
                    6
                  ]
                },
                "up": {
                  "uv": [
                    68,
                    66
                  ],
                  "uv_size": [
                    6,
                    1
                  ]
                },
                "down": {
                  "uv": [
                    68,
                    68
                  ],
                  "uv_size": [
                    6,
                    -1
                  ]
                }
              }
            },
            {
              "origin": [
                -8,
                1,
                -5
              ],
              "size": [
                3,
                5,
                1.1
              ],
              "uv": {
                "north": {
                  "uv": [
                    18,
                    79
                  ],
                  "uv_size": [
                    25,
                    40
                  ]
                },
                "east": {
                  "uv": [
                    59,
                    68
                  ],
                  "uv_size": [
                    1,
                    6
                  ]
                },
                "south": {
                  "uv": [
                    18,
                    79
                  ],
                  "uv_size": [
                    25,
                    40
                  ]
                },
                "west": {
                  "uv": [
                    60,
                    68
                  ],
                  "uv_size": [
                    1,
                    6
                  ]
                },
                "up": {
                  "uv": [
                    68,
                    66
                  ],
                  "uv_size": [
                    6,
                    1
                  ]
                },
                "down": {
                  "uv": [
                    68,
                    68
                  ],
                  "uv_size": [
                    6,
                    -1
                  ]
                }
              }
            }
          ]
        }
      ]
    }
  ]
}