{
  "format_version": "1.12.0",
  "minecraft:geometry": [
    {
      "description": {
        "identifier": "geometry.set_selfkondom",
        "texture_width": 64,
        "texture_height": 64,
        "visible_bounds_width": 2,
        "visible_bounds_height": 3.5,
        "visible_bounds_offset": [
          0,
          1.25,
          0
        ]
      },
      "bones": [
        {
          "name": "bone",
          "pivot": [
            0,
            0,
            0
          ],
          "cubes": [
            {
              "origin": [
                -8,
                0,
                -8
              ],
              "size": [
                16,
                1,
                16
              ],
              "uv": {
                "north": {
                  "uv": [
                    32,
                    28
                  ],
                  "uv_size": [
                    16,
                    1
                  ]
                },
                "east": {
                  "uv": [
                    32,
                    29
                  ],
                  "uv_size": [
                    16,
                    1
                  ]
                },
                "south": {
                  "uv": [
                    32,
                    30
                  ],
                  "uv_size": [
                    16,
                    1
                  ]
                },
                "west": {
                  "uv": [
                    32,
                    31
                  ],
                  "uv_size": [
                    16,
                    1
                  ]
                },
                "up": {
                  "uv": [
                    0,
                    0
                  ],
                  "uv_size": [
                    16,
                    16
                  ]
                },
                "down": {
                  "uv": [
                    0,
                    32
                  ],
                  "uv_size": [
                    16,
                    -16
                  ]
                }
              }
            },
            {
              "origin": [
                -8,
                8,
                -8
              ],
              "size": [
                16,
                1,
                16
              ],
              "uv": {
                "north": {
                  "uv": [
                    34,
                    39
                  ],
                  "uv_size": [
                    16,
                    1
                  ]
                },
                "east": {
                  "uv": [
                    34,
                    40
                  ],
                  "uv_size": [
                    16,
                    1
                  ]
                },
                "south": {
                  "uv": [
                    34,
                    41
                  ],
                  "uv_size": [
                    16,
                    1
                  ]
                },
                "west": {
                  "uv": [
                    42,
                    32
                  ],
                  "uv_size": [
                    16,
                    1
                  ]
                },
                "up": {
                  "uv": [
                    16,
                    0
                  ],
                  "uv_size": [
                    16,
                    16
                  ]
                },
                "down": {
                  "uv": [
                    16,
                    32
                  ],
                  "uv_size": [
                    16,
                    -16
                  ]
                }
              }
            },
            {
              "origin": [
                7,
                1,
                -7
              ],
              "size": [
                1,
                7,
                14
              ],
              "uv": {
                "north": {
                  "uv": [
                    28,
                    44
                  ],
                  "uv_size": [
                    1,
                    7
                  ]
                },
                "east": {
                  "uv": [
                    2,
                    50
                  ],
                  "uv_size": [
                    18,
                    14
                  ]
                },
                "south": {
                  "uv": [
                    29,
                    44
                  ],
                  "uv_size": [
                    1,
                    7
                  ]
                },
                "west": {
                  "uv": [
                    2,
                    50
                  ],
                  "uv_size": [
                    15,
                    14
                  ]
                },
                "up": {
                  "uv": [
                    34,
                    42
                  ],
                  "uv_size": [
                    1,
                    14
                  ]
                },
                "down": {
                  "uv": [
                    35,
                    56
                  ],
                  "uv_size": [
                    1,
                    -14
                  ]
                }
              }
            },
            {
              "origin": [
                -8,
                1,
                -7
              ],
              "size": [
                1,
                7,
                14
              ],
              "uv": {
                "north": {
                  "uv": [
                    32,
                    44
                  ],
                  "uv_size": [
                    1,
                    7
                  ]
                },
                "east": {
                  "uv": [
                    2,
                    50
                  ],
                  "uv_size": [
                    18,
                    14
                  ]
                },
                "south": {
                  "uv": [
                    33,
                    44
                  ],
                  "uv_size": [
                    1,
                    7
                  ]
                },
                "west": {
                  "uv": [
                    2,
                    50
                  ],
                  "uv_size": [
                    18,
                    14
                  ]
                },
                "up": {
                  "uv": [
                    36,
                    42
                  ],
                  "uv_size": [
                    1,
                    14
                  ]
                },
                "down": {
                  "uv": [
                    37,
                    56
                  ],
                  "uv_size": [
                    1,
                    -14
                  ]
                }
              }
            },
            {
              "origin": [
                -7,
                1,
                7
              ],
              "size": [
                14,
                7,
                1
              ],
              "uv": {
                "north": {
                  "uv": [
                    2,
                    50
                  ],
                  "uv_size": [
                    18,
                    14
                  ]
                },
                "east": {
                  "uv": [
                    30,
                    44
                  ],
                  "uv_size": [
                    1,
                    7
                  ]
                },
                "south": {
                  "uv": [
                    2,
                    50
                  ],
                  "uv_size": [
                    18,
                    14
                  ]
                },
                "west": {
                  "uv": [
                    31,
                    44
                  ],
                  "uv_size": [
                    1,
                    7
                  ]
                },
                "up": {
                  "uv": [
                    42,
                    33
                  ],
                  "uv_size": [
                    14,
                    1
                  ]
                },
                "down": {
                  "uv": [
                    42,
                    35
                  ],
                  "uv_size": [
                    14,
                    -1
                  ]
                }
              }
            },
            {
              "origin": [
                -7,
                1,
                -8
              ],
              "size": [
                14,
                7,
                1
              ],
              "uv": {
                "north": {
                  "uv": [
                    2,
                    50
                  ],
                  "uv_size": [
                    18,
                    14
                  ]
                },
                "east": {
                  "uv": [
                    42,
                    44
                  ],
                  "uv_size": [
                    1,
                    7
                  ]
                },
                "south": {
                  "uv": [
                    2,
                    50
                  ],
                  "uv_size": [
                    18,
                    14
                  ]
                },
                "west": {
                  "uv": [
                    43,
                    44
                  ],
                  "uv_size": [
                    1,
                    7
                  ]
                },
                "up": {
                  "uv": [
                    42,
                    35
                  ],
                  "uv_size": [
                    14,
                    1
                  ]
                },
                "down": {
                  "uv": [
                    42,
                    37
                  ],
                  "uv_size": [
                    14,
                    -1
                  ]
                }
              }
            },
            {
              "origin": [
                -8,
                1,
                -8
              ],
              "size": [
                1,
                7,
                1
              ],
              "uv": {
                "north": {
                  "uv": [
                    44,
                    44
                  ],
                  "uv_size": [
                    1,
                    7
                  ]
                },
                "east": {
                  "uv": [
                    45,
                    44
                  ],
                  "uv_size": [
                    1,
                    7
                  ]
                },
                "south": {
                  "uv": [
                    0,
                    46
                  ],
                  "uv_size": [
                    1,
                    7
                  ]
                },
                "west": {
                  "uv": [
                    46,
                    0
                  ],
                  "uv_size": [
                    1,
                    7
                  ]
                },
                "up": {
                  "uv": [
                    1,
                    46
                  ],
                  "uv_size": [
                    1,
                    1
                  ]
                },
                "down": {
                  "uv": [
                    2,
                    47
                  ],
                  "uv_size": [
                    1,
                    -1
                  ]
                }
              }
            },
            {
              "origin": [
                -8,
                1,
                7
              ],
              "size": [
                1,
                7,
                1
              ],
              "uv": {
                "north": {
                  "uv": [
                    44,
                    44
                  ],
                  "uv_size": [
                    1,
                    7
                  ]
                },
                "east": {
                  "uv": [
                    45,
                    44
                  ],
                  "uv_size": [
                    1,
                    7
                  ]
                },
                "south": {
                  "uv": [
                    0,
                    46
                  ],
                  "uv_size": [
                    1,
                    7
                  ]
                },
                "west": {
                  "uv": [
                    46,
                    0
                  ],
                  "uv_size": [
                    1,
                    7
                  ]
                },
                "up": {
                  "uv": [
                    1,
                    46
                  ],
                  "uv_size": [
                    1,
                    1
                  ]
                },
                "down": {
                  "uv": [
                    2,
                    47
                  ],
                  "uv_size": [
                    1,
                    -1
                  ]
                }
              }
            },
            {
              "origin": [
                7,
                1,
                7
              ],
              "size": [
                1,
                7,
                1
              ],
              "uv": {
                "north": {
                  "uv": [
                    44,
                    44
                  ],
                  "uv_size": [
                    1,
                    7
                  ]
                },
                "east": {
                  "uv": [
                    45,
                    44
                  ],
                  "uv_size": [
                    1,
                    7
                  ]
                },
                "south": {
                  "uv": [
                    0,
                    46
                  ],
                  "uv_size": [
                    1,
                    7
                  ]
                },
                "west": {
                  "uv": [
                    46,
                    0
                  ],
                  "uv_size": [
                    1,
                    7
                  ]
                },
                "up": {
                  "uv": [
                    1,
                    46
                  ],
                  "uv_size": [
                    1,
                    1
                  ]
                },
                "down": {
                  "uv": [
                    2,
                    47
                  ],
                  "uv_size": [
                    1,
                    -1
                  ]
                }
              }
            },
            {
              "origin": [
                7,
                1,
                -8
              ],
              "size": [
                1,
                7,
                1
              ],
              "uv": {
                "north": {
                  "uv": [
                    44,
                    44
                  ],
                  "uv_size": [
                    1,
                    7
                  ]
                },
                "east": {
                  "uv": [
                    45,
                    44
                  ],
                  "uv_size": [
                    1,
                    7
                  ]
                },
                "south": {
                  "uv": [
                    0,
                    46
                  ],
                  "uv_size": [
                    1,
                    7
                  ]
                },
                "west": {
                  "uv": [
                    46,
                    0
                  ],
                  "uv_size": [
                    1,
                    7
                  ]
                },
                "up": {
                  "uv": [
                    1,
                    46
                  ],
                  "uv_size": [
                    1,
                    1
                  ]
                },
                "down": {
                  "uv": [
                    2,
                    47
                  ],
                  "uv_size": [
                    1,
                    -1
                  ]
                }
              }
            }
          ]
        },
        {
          "name": "bone3",
          "pivot": [
            0,
            9,
            0
          ],
          "cubes": [
            {
              "origin": [
                -8,
                9,
                -8
              ],
              "size": [
                16,
                1,
                16
              ],
              "uv": {
                "north": {
                  "uv": [
                    32,
                    28
                  ],
                  "uv_size": [
                    16,
                    1
                  ]
                },
                "east": {
                  "uv": [
                    32,
                    29
                  ],
                  "uv_size": [
                    16,
                    1
                  ]
                },
                "south": {
                  "uv": [
                    32,
                    30
                  ],
                  "uv_size": [
                    16,
                    1
                  ]
                },
                "west": {
                  "uv": [
                    32,
                    31
                  ],
                  "uv_size": [
                    16,
                    1
                  ]
                },
                "up": {
                  "uv": [
                    0,
                    0
                  ],
                  "uv_size": [
                    16,
                    16
                  ]
                },
                "down": {
                  "uv": [
                    0,
                    32
                  ],
                  "uv_size": [
                    16,
                    -16
                  ]
                }
              }
            },
            {
              "origin": [
                -8,
                17,
                -8
              ],
              "size": [
                16,
                1,
                16
              ],
              "uv": {
                "north": {
                  "uv": [
                    34,
                    39
                  ],
                  "uv_size": [
                    16,
                    1
                  ]
                },
                "east": {
                  "uv": [
                    34,
                    40
                  ],
                  "uv_size": [
                    16,
                    1
                  ]
                },
                "south": {
                  "uv": [
                    34,
                    41
                  ],
                  "uv_size": [
                    16,
                    1
                  ]
                },
                "west": {
                  "uv": [
                    42,
                    32
                  ],
                  "uv_size": [
                    16,
                    1
                  ]
                },
                "up": {
                  "uv": [
                    16,
                    0
                  ],
                  "uv_size": [
                    16,
                    16
                  ]
                },
                "down": {
                  "uv": [
                    16,
                    32
                  ],
                  "uv_size": [
                    16,
                    -16
                  ]
                }
              }
            },
            {
              "origin": [
                7,
                10,
                -7
              ],
              "size": [
                1,
                7,
                14
              ],
              "uv": {
                "north": {
                  "uv": [
                    28,
                    44
                  ],
                  "uv_size": [
                    1,
                    7
                  ]
                },
                "east": {
                  "uv": [
                    2,
                    50
                  ],
                  "uv_size": [
                    18,
                    14
                  ]
                },
                "south": {
                  "uv": [
                    29,
                    44
                  ],
                  "uv_size": [
                    1,
                    7
                  ]
                },
                "west": {
                  "uv": [
                    2,
                    50
                  ],
                  "uv_size": [
                    15,
                    14
                  ]
                },
                "up": {
                  "uv": [
                    34,
                    42
                  ],
                  "uv_size": [
                    1,
                    14
                  ]
                },
                "down": {
                  "uv": [
                    35,
                    56
                  ],
                  "uv_size": [
                    1,
                    -14
                  ]
                }
              }
            },
            {
              "origin": [
                -8,
                10,
                -7
              ],
              "size": [
                1,
                7,
                14
              ],
              "uv": {
                "north": {
                  "uv": [
                    32,
                    44
                  ],
                  "uv_size": [
                    1,
                    7
                  ]
                },
                "east": {
                  "uv": [
                    2,
                    50
                  ],
                  "uv_size": [
                    18,
                    14
                  ]
                },
                "south": {
                  "uv": [
                    33,
                    44
                  ],
                  "uv_size": [
                    1,
                    7
                  ]
                },
                "west": {
                  "uv": [
                    2,
                    50
                  ],
                  "uv_size": [
                    18,
                    14
                  ]
                },
                "up": {
                  "uv": [
                    36,
                    42
                  ],
                  "uv_size": [
                    1,
                    14
                  ]
                },
                "down": {
                  "uv": [
                    37,
                    56
                  ],
                  "uv_size": [
                    1,
                    -14
                  ]
                }
              }
            },
            {
              "origin": [
                -7,
                10,
                7
              ],
              "size": [
                14,
                7,
                1
              ],
              "uv": {
                "north": {
                  "uv": [
                    2,
                    50
                  ],
                  "uv_size": [
                    18,
                    14
                  ]
                },
                "east": {
                  "uv": [
                    30,
                    44
                  ],
                  "uv_size": [
                    1,
                    7
                  ]
                },
                "south": {
                  "uv": [
                    2,
                    50
                  ],
                  "uv_size": [
                    18,
                    14
                  ]
                },
                "west": {
                  "uv": [
                    31,
                    44
                  ],
                  "uv_size": [
                    1,
                    7
                  ]
                },
                "up": {
                  "uv": [
                    42,
                    33
                  ],
                  "uv_size": [
                    14,
                    1
                  ]
                },
                "down": {
                  "uv": [
                    42,
                    35
                  ],
                  "uv_size": [
                    14,
                    -1
                  ]
                }
              }
            },
            {
              "origin": [
                -7,
                10,
                -8
              ],
              "size": [
                14,
                7,
                1
              ],
              "uv": {
                "north": {
                  "uv": [
                    2,
                    50
                  ],
                  "uv_size": [
                    18,
                    14
                  ]
                },
                "east": {
                  "uv": [
                    42,
                    44
                  ],
                  "uv_size": [
                    1,
                    7
                  ]
                },
                "south": {
                  "uv": [
                    2,
                    50
                  ],
                  "uv_size": [
                    18,
                    14
                  ]
                },
                "west": {
                  "uv": [
                    43,
                    44
                  ],
                  "uv_size": [
                    1,
                    7
                  ]
                },
                "up": {
                  "uv": [
                    42,
                    35
                  ],
                  "uv_size": [
                    14,
                    1
                  ]
                },
                "down": {
                  "uv": [
                    42,
                    37
                  ],
                  "uv_size": [
                    14,
                    -1
                  ]
                }
              }
            },
            {
              "origin": [
                -8,
                10,
                -8
              ],
              "size": [
                1,
                7,
                1
              ],
              "uv": {
                "north": {
                  "uv": [
                    44,
                    44
                  ],
                  "uv_size": [
                    1,
                    7
                  ]
                },
                "east": {
                  "uv": [
                    45,
                    44
                  ],
                  "uv_size": [
                    1,
                    7
                  ]
                },
                "south": {
                  "uv": [
                    0,
                    46
                  ],
                  "uv_size": [
                    1,
                    7
                  ]
                },
                "west": {
                  "uv": [
                    46,
                    0
                  ],
                  "uv_size": [
                    1,
                    7
                  ]
                },
                "up": {
                  "uv": [
                    1,
                    46
                  ],
                  "uv_size": [
                    1,
                    1
                  ]
                },
                "down": {
                  "uv": [
                    2,
                    47
                  ],
                  "uv_size": [
                    1,
                    -1
                  ]
                }
              }
            },
            {
              "origin": [
                -8,
                10,
                7
              ],
              "size": [
                1,
                7,
                1
              ],
              "uv": {
                "north": {
                  "uv": [
                    44,
                    44
                  ],
                  "uv_size": [
                    1,
                    7
                  ]
                },
                "east": {
                  "uv": [
                    45,
                    44
                  ],
                  "uv_size": [
                    1,
                    7
                  ]
                },
                "south": {
                  "uv": [
                    0,
                    46
                  ],
                  "uv_size": [
                    1,
                    7
                  ]
                },
                "west": {
                  "uv": [
                    46,
                    0
                  ],
                  "uv_size": [
                    1,
                    7
                  ]
                },
                "up": {
                  "uv": [
                    1,
                    46
                  ],
                  "uv_size": [
                    1,
                    1
                  ]
                },
                "down": {
                  "uv": [
                    2,
                    47
                  ],
                  "uv_size": [
                    1,
                    -1
                  ]
                }
              }
            },
            {
              "origin": [
                7,
                10,
                7
              ],
              "size": [
                1,
                7,
                1
              ],
              "uv": {
                "north": {
                  "uv": [
                    44,
                    44
                  ],
                  "uv_size": [
                    1,
                    7
                  ]
                },
                "east": {
                  "uv": [
                    45,
                    44
                  ],
                  "uv_size": [
                    1,
                    7
                  ]
                },
                "south": {
                  "uv": [
                    0,
                    46
                  ],
                  "uv_size": [
                    1,
                    7
                  ]
                },
                "west": {
                  "uv": [
                    46,
                    0
                  ],
                  "uv_size": [
                    1,
                    7
                  ]
                },
                "up": {
                  "uv": [
                    1,
                    46
                  ],
                  "uv_size": [
                    1,
                    1
                  ]
                },
                "down": {
                  "uv": [
                    2,
                    47
                  ],
                  "uv_size": [
                    1,
                    -1
                  ]
                }
              }
            },
            {
              "origin": [
                7,
                10,
                -8
              ],
              "size": [
                1,
                7,
                1
              ],
              "uv": {
                "north": {
                  "uv": [
                    44,
                    44
                  ],
                  "uv_size": [
                    1,
                    7
                  ]
                },
                "east": {
                  "uv": [
                    45,
                    44
                  ],
                  "uv_size": [
                    1,
                    7
                  ]
                },
                "south": {
                  "uv": [
                    0,
                    46
                  ],
                  "uv_size": [
                    1,
                    7
                  ]
                },
                "west": {
                  "uv": [
                    46,
                    0
                  ],
                  "uv_size": [
                    1,
                    7
                  ]
                },
                "up": {
                  "uv": [
                    1,
                    46
                  ],
                  "uv_size": [
                    1,
                    1
                  ]
                },
                "down": {
                  "uv": [
                    2,
                    47
                  ],
                  "uv_size": [
                    1,
                    -1
                  ]
                }
              }
            }
          ]
        },
        {
          "name": "bone2",
          "pivot": [
            0,
            0,
            0
          ],
          "cubes": [
            {
              "origin": [
                -6,
                1,
                4
              ],
              "size": [
                5,
                5,
                2
              ],
              "uv": {
                "north": {
                  "uv": [
                    48,
                    45
                  ],
                  "uv_size": [
                    16,
                    19
                  ]
                },
                "east": {
                  "uv": [
                    38,
                    42
                  ],
                  "uv_size": [
                    2,
                    5
                  ]
                },
                "south": {
                  "uv": [
                    48,
                    45
                  ],
                  "uv_size": [
                    16,
                    19
                  ]
                },
                "west": {
                  "uv": [
                    40,
                    42
                  ],
                  "uv_size": [
                    2,
                    5
                  ]
                },
                "up": {
                  "uv": [
                    42,
                    37
                  ],
                  "uv_size": [
                    5,
                    2
                  ]
                },
                "down": {
                  "uv": [
                    42,
                    44
                  ],
                  "uv_size": [
                    5,
                    -2
                  ]
                }
              }
            },
            {
              "origin": [
                -6,
                1,
                1
              ],
              "size": [
                5,
                5,
                2
              ],
              "uv": {
                "north": {
                  "uv": [
                    48,
                    45
                  ],
                  "uv_size": [
                    16,
                    19
                  ]
                },
                "east": {
                  "uv": [
                    38,
                    42
                  ],
                  "uv_size": [
                    2,
                    5
                  ]
                },
                "south": {
                  "uv": [
                    48,
                    45
                  ],
                  "uv_size": [
                    16,
                    19
                  ]
                },
                "west": {
                  "uv": [
                    40,
                    42
                  ],
                  "uv_size": [
                    2,
                    5
                  ]
                },
                "up": {
                  "uv": [
                    42,
                    37
                  ],
                  "uv_size": [
                    5,
                    2
                  ]
                },
                "down": {
                  "uv": [
                    42,
                    44
                  ],
                  "uv_size": [
                    5,
                    -2
                  ]
                }
              }
            },
            {
              "origin": [
                -6,
                1,
                -3
              ],
              "size": [
                5,
                5,
                2
              ],
              "uv": {
                "north": {
                  "uv": [
                    48,
                    45
                  ],
                  "uv_size": [
                    16,
                    19
                  ]
                },
                "east": {
                  "uv": [
                    38,
                    42
                  ],
                  "uv_size": [
                    2,
                    5
                  ]
                },
                "south": {
                  "uv": [
                    48,
                    45
                  ],
                  "uv_size": [
                    16,
                    19
                  ]
                },
                "west": {
                  "uv": [
                    40,
                    42
                  ],
                  "uv_size": [
                    2,
                    5
                  ]
                },
                "up": {
                  "uv": [
                    42,
                    37
                  ],
                  "uv_size": [
                    5,
                    2
                  ]
                },
                "down": {
                  "uv": [
                    42,
                    44
                  ],
                  "uv_size": [
                    5,
                    -2
                  ]
                }
              }
            },
            {
              "origin": [
                -6,
                1,
                -6
              ],
              "size": [
                5,
                5,
                2
              ],
              "uv": {
                "north": {
                  "uv": [
                    48,
                    45
                  ],
                  "uv_size": [
                    16,
                    19
                  ]
                },
                "east": {
                  "uv": [
                    38,
                    42
                  ],
                  "uv_size": [
                    2,
                    5
                  ]
                },
                "south": {
                  "uv": [
                    48,
                    45
                  ],
                  "uv_size": [
                    16,
                    19
                  ]
                },
                "west": {
                  "uv": [
                    40,
                    42
                  ],
                  "uv_size": [
                    2,
                    5
                  ]
                },
                "up": {
                  "uv": [
                    42,
                    37
                  ],
                  "uv_size": [
                    5,
                    2
                  ]
                },
                "down": {
                  "uv": [
                    42,
                    44
                  ],
                  "uv_size": [
                    5,
                    -2
                  ]
                }
              }
            },
            {
              "origin": [
                1,
                1,
                4
              ],
              "size": [
                5,
                5,
                2
              ],
              "uv": {
                "north": {
                  "uv": [
                    40,
                    8
                  ],
                  "uv_size": [
                    22,
                    18
                  ]
                },
                "east": {
                  "uv": [
                    14,
                    44
                  ],
                  "uv_size": [
                    2,
                    5
                  ]
                },
                "south": {
                  "uv": [
                    40,
                    8
                  ],
                  "uv_size": [
                    22,
                    18
                  ]
                },
                "west": {
                  "uv": [
                    16,
                    44
                  ],
                  "uv_size": [
                    2,
                    5
                  ]
                },
                "up": {
                  "uv": [
                    18,
                    44
                  ],
                  "uv_size": [
                    5,
                    2
                  ]
                },
                "down": {
                  "uv": [
                    23,
                    46
                  ],
                  "uv_size": [
                    5,
                    -2
                  ]
                }
              }
            },
            {
              "origin": [
                1,
                1,
                -3
              ],
              "size": [
                5,
                5,
                2
              ],
              "uv": {
                "north": {
                  "uv": [
                    40,
                    8
                  ],
                  "uv_size": [
                    22,
                    18
                  ]
                },
                "east": {
                  "uv": [
                    14,
                    44
                  ],
                  "uv_size": [
                    2,
                    5
                  ]
                },
                "south": {
                  "uv": [
                    40,
                    8
                  ],
                  "uv_size": [
                    22,
                    18
                  ]
                },
                "west": {
                  "uv": [
                    16,
                    44
                  ],
                  "uv_size": [
                    2,
                    5
                  ]
                },
                "up": {
                  "uv": [
                    18,
                    44
                  ],
                  "uv_size": [
                    5,
                    2
                  ]
                },
                "down": {
                  "uv": [
                    23,
                    46
                  ],
                  "uv_size": [
                    5,
                    -2
                  ]
                }
              }
            },
            {
              "origin": [
                1,
                1,
                -6
              ],
              "size": [
                5,
                5,
                2
              ],
              "uv": {
                "north": {
                  "uv": [
                    40,
                    8
                  ],
                  "uv_size": [
                    22,
                    18
                  ]
                },
                "east": {
                  "uv": [
                    14,
                    44
                  ],
                  "uv_size": [
                    2,
                    5
                  ]
                },
                "south": {
                  "uv": [
                    40,
                    8
                  ],
                  "uv_size": [
                    22,
                    18
                  ]
                },
                "west": {
                  "uv": [
                    16,
                    44
                  ],
                  "uv_size": [
                    2,
                    5
                  ]
                },
                "up": {
                  "uv": [
                    18,
                    44
                  ],
                  "uv_size": [
                    5,
                    2
                  ]
                },
                "down": {
                  "uv": [
                    23,
                    46
                  ],
                  "uv_size": [
                    5,
                    -2
                  ]
                }
              }
            },
            {
              "origin": [
                1,
                1,
                1
              ],
              "size": [
                5,
                5,
                2
              ],
              "uv": {
                "north": {
                  "uv": [
                    40,
                    8
                  ],
                  "uv_size": [
                    22,
                    18
                  ]
                },
                "east": {
                  "uv": [
                    14,
                    44
                  ],
                  "uv_size": [
                    2,
                    5
                  ]
                },
                "south": {
                  "uv": [
                    40,
                    8
                  ],
                  "uv_size": [
                    22,
                    18
                  ]
                },
                "west": {
                  "uv": [
                    16,
                    44
                  ],
                  "uv_size": [
                    2,
                    5
                  ]
                },
                "up": {
                  "uv": [
                    18,
                    44
                  ],
                  "uv_size": [
                    5,
                    2
                  ]
                },
                "down": {
                  "uv": [
                    23,
                    46
                  ],
                  "uv_size": [
                    5,
                    -2
                  ]
                }
              }
            }
          ]
        }
      ]
    }
  ]
}