{
  "format_version": "1.12.0",
  "minecraft:geometry": [
    {
      "description": {
        "identifier": "geometry.set_selfultramilk1",
        "texture_width": 64,
        "texture_height": 64,
        "visible_bounds_width": 3,
        "visible_bounds_height": 3,
        "visible_bounds_offset": [
          0,
          0.5,
          0
        ]
      },
      "bones": [
        {
          "name": "ItemShelf",
          "pivot": [
            0,
            0,
            0
          ]
        },
        {
          "name": "Shelf",
          "parent": "ItemShelf",
          "pivot": [
            0,
            0,
            0
          ],
          "cubes": [
            {
              "origin": [
                -8,
                0,
                -8
              ],
              "size": [
                16,
                16,
                2
              ],
              "uv": {
                "north": {
                  "uv": [
                    0,
                    0
                  ],
                  "uv_size": [
                    16,
                    16
                  ]
                },
                "east": {
                  "uv": [
                    32,
                    0
                  ],
                  "uv_size": [
                    2,
                    16
                  ]
                },
                "south": {
                  "uv": [
                    0,
                    16
                  ],
                  "uv_size": [
                    16,
                    16
                  ]
                },
                "west": {
                  "uv": [
                    32,
                    16
                  ],
                  "uv_size": [
                    2,
                    16
                  ]
                },
                "up": {
                  "uv": [
                    32,
                    32
                  ],
                  "uv_size": [
                    16,
                    2
                  ]
                },
                "down": {
                  "uv": [
                    34,
                    2
                  ],
                  "uv_size": [
                    16,
                    -2
                  ]
                }
              }
            },
            {
              "origin": [
                -8,
                0,
                -6
              ],
              "size": [
                16,
                1,
                14
              ],
              "uv": {
                "north": {
                  "uv": [
                    34,
                    2
                  ],
                  "uv_size": [
                    16,
                    1
                  ]
                },
                "east": {
                  "uv": [
                    34,
                    16
                  ],
                  "uv_size": [
                    14,
                    1
                  ]
                },
                "south": {
                  "uv": [
                    34,
                    3
                  ],
                  "uv_size": [
                    16,
                    1
                  ]
                },
                "west": {
                  "uv": [
                    34,
                    17
                  ],
                  "uv_size": [
                    14,
                    1
                  ]
                },
                "up": {
                  "uv": [
                    16,
                    0
                  ],
                  "uv_size": [
                    16,
                    14
                  ]
                },
                "down": {
                  "uv": [
                    16,
                    28
                  ],
                  "uv_size": [
                    16,
                    -14
                  ]
                }
              }
            },
            {
              "origin": [
                -8,
                8,
                -6
              ],
              "size": [
                16,
                1,
                14
              ],
              "uv": {
                "north": {
                  "uv": [
                    34,
                    4
                  ],
                  "uv_size": [
                    16,
                    1
                  ]
                },
                "east": {
                  "uv": [
                    34,
                    18
                  ],
                  "uv_size": [
                    14,
                    1
                  ]
                },
                "south": {
                  "uv": [
                    34,
                    5
                  ],
                  "uv_size": [
                    16,
                    1
                  ]
                },
                "west": {
                  "uv": [
                    34,
                    19
                  ],
                  "uv_size": [
                    14,
                    1
                  ]
                },
                "up": {
                  "uv": [
                    16,
                    28
                  ],
                  "uv_size": [
                    16,
                    14
                  ]
                },
                "down": {
                  "uv": [
                    0,
                    46
                  ],
                  "uv_size": [
                    16,
                    -14
                  ]
                }
              }
            }
          ]
        },
        {
          "name": "Item",
          "parent": "ItemShelf",
          "pivot": [
            0,
            0,
            2
          ]
        },
        {
          "name": "bone",
          "pivot": [
            0,
            0,
            0
          ],
          "cubes": [
            {
              "origin": [
                -2,
                1,
                5
              ],
              "size": [
                3,
                5,
                2
              ],
              "uv": {
                "north": {
                  "uv": [
                    38,
                    37
                  ],
                  "uv_size": [
                    21,
                    25
                  ]
                },
                "east": {
                  "uv": [
                    34,
                    20
                  ],
                  "uv_size": [
                    2,
                    5
                  ]
                },
                "south": {
                  "uv": [
                    38,
                    37
                  ],
                  "uv_size": [
                    21,
                    25
                  ]
                },
                "west": {
                  "uv": [
                    34,
                    25
                  ],
                  "uv_size": [
                    2,
                    5
                  ]
                },
                "up": {
                  "uv": [
                    34,
                    30
                  ],
                  "uv_size": [
                    3,
                    2
                  ]
                },
                "down": {
                  "uv": [
                    32,
                    36
                  ],
                  "uv_size": [
                    3,
                    -2
                  ]
                }
              }
            },
            {
              "origin": [
                -7,
                1,
                5
              ],
              "size": [
                3,
                5,
                2
              ],
              "uv": {
                "north": {
                  "uv": [
                    38,
                    37
                  ],
                  "uv_size": [
                    21,
                    25
                  ]
                },
                "east": {
                  "uv": [
                    34,
                    20
                  ],
                  "uv_size": [
                    2,
                    5
                  ]
                },
                "south": {
                  "uv": [
                    38,
                    37
                  ],
                  "uv_size": [
                    21,
                    25
                  ]
                },
                "west": {
                  "uv": [
                    34,
                    25
                  ],
                  "uv_size": [
                    2,
                    5
                  ]
                },
                "up": {
                  "uv": [
                    34,
                    30
                  ],
                  "uv_size": [
                    3,
                    2
                  ]
                },
                "down": {
                  "uv": [
                    32,
                    36
                  ],
                  "uv_size": [
                    3,
                    -2
                  ]
                }
              }
            },
            {
              "origin": [
                -7,
                9,
                5
              ],
              "size": [
                3,
                5,
                2
              ],
              "uv": {
                "north": {
                  "uv": [
                    38,
                    37
                  ],
                  "uv_size": [
                    21,
                    25
                  ]
                },
                "east": {
                  "uv": [
                    34,
                    20
                  ],
                  "uv_size": [
                    2,
                    5
                  ]
                },
                "south": {
                  "uv": [
                    38,
                    37
                  ],
                  "uv_size": [
                    21,
                    25
                  ]
                },
                "west": {
                  "uv": [
                    34,
                    25
                  ],
                  "uv_size": [
                    2,
                    5
                  ]
                },
                "up": {
                  "uv": [
                    34,
                    30
                  ],
                  "uv_size": [
                    3,
                    2
                  ]
                },
                "down": {
                  "uv": [
                    32,
                    36
                  ],
                  "uv_size": [
                    3,
                    -2
                  ]
                }
              }
            },
            {
              "origin": [
                -7,
                9,
                1
              ],
              "size": [
                3,
                5,
                2
              ],
              "uv": {
                "north": {
                  "uv": [
                    38,
                    37
                  ],
                  "uv_size": [
                    21,
                    25
                  ]
                },
                "east": {
                  "uv": [
                    34,
                    20
                  ],
                  "uv_size": [
                    2,
                    5
                  ]
                },
                "south": {
                  "uv": [
                    38,
                    37
                  ],
                  "uv_size": [
                    21,
                    25
                  ]
                },
                "west": {
                  "uv": [
                    34,
                    25
                  ],
                  "uv_size": [
                    2,
                    5
                  ]
                },
                "up": {
                  "uv": [
                    34,
                    30
                  ],
                  "uv_size": [
                    3,
                    2
                  ]
                },
                "down": {
                  "uv": [
                    32,
                    36
                  ],
                  "uv_size": [
                    3,
                    -2
                  ]
                }
              }
            },
            {
              "origin": [
                -7,
                9,
                -3
              ],
              "size": [
                3,
                5,
                2
              ],
              "uv": {
                "north": {
                  "uv": [
                    38,
                    37
                  ],
                  "uv_size": [
                    21,
                    25
                  ]
                },
                "east": {
                  "uv": [
                    34,
                    20
                  ],
                  "uv_size": [
                    2,
                    5
                  ]
                },
                "south": {
                  "uv": [
                    38,
                    37
                  ],
                  "uv_size": [
                    21,
                    25
                  ]
                },
                "west": {
                  "uv": [
                    34,
                    25
                  ],
                  "uv_size": [
                    2,
                    5
                  ]
                },
                "up": {
                  "uv": [
                    34,
                    30
                  ],
                  "uv_size": [
                    3,
                    2
                  ]
                },
                "down": {
                  "uv": [
                    32,
                    36
                  ],
                  "uv_size": [
                    3,
                    -2
                  ]
                }
              }
            },
            {
              "origin": [
                -7,
                1,
                1
              ],
              "size": [
                3,
                5,
                2
              ],
              "uv": {
                "north": {
                  "uv": [
                    38,
                    37
                  ],
                  "uv_size": [
                    21,
                    25
                  ]
                },
                "east": {
                  "uv": [
                    34,
                    20
                  ],
                  "uv_size": [
                    2,
                    5
                  ]
                },
                "south": {
                  "uv": [
                    38,
                    37
                  ],
                  "uv_size": [
                    21,
                    25
                  ]
                },
                "west": {
                  "uv": [
                    34,
                    25
                  ],
                  "uv_size": [
                    2,
                    5
                  ]
                },
                "up": {
                  "uv": [
                    34,
                    30
                  ],
                  "uv_size": [
                    3,
                    2
                  ]
                },
                "down": {
                  "uv": [
                    32,
                    36
                  ],
                  "uv_size": [
                    3,
                    -2
                  ]
                }
              }
            },
            {
              "origin": [
                -7,
                1,
                -3
              ],
              "size": [
                3,
                5,
                2
              ],
              "uv": {
                "north": {
                  "uv": [
                    38,
                    37
                  ],
                  "uv_size": [
                    21,
                    25
                  ]
                },
                "east": {
                  "uv": [
                    34,
                    20
                  ],
                  "uv_size": [
                    2,
                    5
                  ]
                },
                "south": {
                  "uv": [
                    38,
                    37
                  ],
                  "uv_size": [
                    21,
                    25
                  ]
                },
                "west": {
                  "uv": [
                    34,
                    25
                  ],
                  "uv_size": [
                    2,
                    5
                  ]
                },
                "up": {
                  "uv": [
                    34,
                    30
                  ],
                  "uv_size": [
                    3,
                    2
                  ]
                },
                "down": {
                  "uv": [
                    32,
                    36
                  ],
                  "uv_size": [
                    3,
                    -2
                  ]
                }
              }
            },
            {
              "origin": [
                -2,
                1,
                1
              ],
              "size": [
                3,
                5,
                2
              ],
              "uv": {
                "north": {
                  "uv": [
                    38,
                    37
                  ],
                  "uv_size": [
                    21,
                    25
                  ]
                },
                "east": {
                  "uv": [
                    34,
                    20
                  ],
                  "uv_size": [
                    2,
                    5
                  ]
                },
                "south": {
                  "uv": [
                    38,
                    37
                  ],
                  "uv_size": [
                    21,
                    25
                  ]
                },
                "west": {
                  "uv": [
                    34,
                    25
                  ],
                  "uv_size": [
                    2,
                    5
                  ]
                },
                "up": {
                  "uv": [
                    34,
                    30
                  ],
                  "uv_size": [
                    3,
                    2
                  ]
                },
                "down": {
                  "uv": [
                    32,
                    36
                  ],
                  "uv_size": [
                    3,
                    -2
                  ]
                }
              }
            },
            {
              "origin": [
                -2,
                1,
                -3
              ],
              "size": [
                3,
                5,
                2
              ],
              "uv": {
                "north": {
                  "uv": [
                    38,
                    37
                  ],
                  "uv_size": [
                    21,
                    25
                  ]
                },
                "east": {
                  "uv": [
                    34,
                    20
                  ],
                  "uv_size": [
                    2,
                    5
                  ]
                },
                "south": {
                  "uv": [
                    38,
                    37
                  ],
                  "uv_size": [
                    21,
                    25
                  ]
                },
                "west": {
                  "uv": [
                    34,
                    25
                  ],
                  "uv_size": [
                    2,
                    5
                  ]
                },
                "up": {
                  "uv": [
                    34,
                    30
                  ],
                  "uv_size": [
                    3,
                    2
                  ]
                },
                "down": {
                  "uv": [
                    32,
                    36
                  ],
                  "uv_size": [
                    3,
                    -2
                  ]
                }
              }
            },
            {
              "origin": [
                4,
                1,
                1
              ],
              "size": [
                3,
                5,
                2
              ],
              "uv": {
                "north": {
                  "uv": [
                    38,
                    37
                  ],
                  "uv_size": [
                    21,
                    25
                  ]
                },
                "east": {
                  "uv": [
                    34,
                    20
                  ],
                  "uv_size": [
                    2,
                    5
                  ]
                },
                "south": {
                  "uv": [
                    38,
                    37
                  ],
                  "uv_size": [
                    21,
                    25
                  ]
                },
                "west": {
                  "uv": [
                    34,
                    25
                  ],
                  "uv_size": [
                    2,
                    5
                  ]
                },
                "up": {
                  "uv": [
                    34,
                    30
                  ],
                  "uv_size": [
                    3,
                    2
                  ]
                },
                "down": {
                  "uv": [
                    32,
                    36
                  ],
                  "uv_size": [
                    3,
                    -2
                  ]
                }
              }
            },
            {
              "origin": [
                4,
                1,
                -3
              ],
              "size": [
                3,
                5,
                2
              ],
              "uv": {
                "north": {
                  "uv": [
                    38,
                    37
                  ],
                  "uv_size": [
                    21,
                    25
                  ]
                },
                "east": {
                  "uv": [
                    34,
                    20
                  ],
                  "uv_size": [
                    2,
                    5
                  ]
                },
                "south": {
                  "uv": [
                    38,
                    37
                  ],
                  "uv_size": [
                    21,
                    25
                  ]
                },
                "west": {
                  "uv": [
                    34,
                    25
                  ],
                  "uv_size": [
                    2,
                    5
                  ]
                },
                "up": {
                  "uv": [
                    34,
                    30
                  ],
                  "uv_size": [
                    3,
                    2
                  ]
                },
                "down": {
                  "uv": [
                    32,
                    36
                  ],
                  "uv_size": [
                    3,
                    -2
                  ]
                }
              }
            }
          ]
        },
        {
          "name": "bone2",
          "parent": "bone",
          "pivot": [
            0,
            0,
            0
          ],
          "cubes": [
            {
              "origin": [
                4,
                1,
                5
              ],
              "size": [
                3,
                5,
                2
              ],
              "uv": {
                "north": {
                  "uv": [
                    38,
                    37
                  ],
                  "uv_size": [
                    21,
                    25
                  ]
                },
                "east": {
                  "uv": [
                    34,
                    20
                  ],
                  "uv_size": [
                    2,
                    5
                  ]
                },
                "south": {
                  "uv": [
                    38,
                    37
                  ],
                  "uv_size": [
                    21,
                    25
                  ]
                },
                "west": {
                  "uv": [
                    34,
                    25
                  ],
                  "uv_size": [
                    2,
                    5
                  ]
                },
                "up": {
                  "uv": [
                    34,
                    30
                  ],
                  "uv_size": [
                    3,
                    2
                  ]
                },
                "down": {
                  "uv": [
                    32,
                    36
                  ],
                  "uv_size": [
                    3,
                    -2
                  ]
                }
              }
            },
            {
              "origin": [
                4,
                9,
                5
              ],
              "size": [
                3,
                5,
                2
              ],
              "uv": {
                "north": {
                  "uv": [
                    38,
                    37
                  ],
                  "uv_size": [
                    21,
                    25
                  ]
                },
                "east": {
                  "uv": [
                    34,
                    20
                  ],
                  "uv_size": [
                    2,
                    5
                  ]
                },
                "south": {
                  "uv": [
                    38,
                    37
                  ],
                  "uv_size": [
                    21,
                    25
                  ]
                },
                "west": {
                  "uv": [
                    34,
                    25
                  ],
                  "uv_size": [
                    2,
                    5
                  ]
                },
                "up": {
                  "uv": [
                    34,
                    30
                  ],
                  "uv_size": [
                    3,
                    2
                  ]
                },
                "down": {
                  "uv": [
                    32,
                    36
                  ],
                  "uv_size": [
                    3,
                    -2
                  ]
                }
              }
            },
            {
              "origin": [
                -2,
                9,
                5
              ],
              "size": [
                3,
                5,
                2
              ],
              "uv": {
                "north": {
                  "uv": [
                    38,
                    37
                  ],
                  "uv_size": [
                    21,
                    25
                  ]
                },
                "east": {
                  "uv": [
                    34,
                    20
                  ],
                  "uv_size": [
                    2,
                    5
                  ]
                },
                "south": {
                  "uv": [
                    38,
                    37
                  ],
                  "uv_size": [
                    21,
                    25
                  ]
                },
                "west": {
                  "uv": [
                    34,
                    25
                  ],
                  "uv_size": [
                    2,
                    5
                  ]
                },
                "up": {
                  "uv": [
                    34,
                    30
                  ],
                  "uv_size": [
                    3,
                    2
                  ]
                },
                "down": {
                  "uv": [
                    32,
                    36
                  ],
                  "uv_size": [
                    3,
                    -2
                  ]
                }
              }
            },
            {
              "origin": [
                -2,
                9,
                1
              ],
              "size": [
                3,
                5,
                2
              ],
              "uv": {
                "north": {
                  "uv": [
                    38,
                    37
                  ],
                  "uv_size": [
                    21,
                    25
                  ]
                },
                "east": {
                  "uv": [
                    34,
                    20
                  ],
                  "uv_size": [
                    2,
                    5
                  ]
                },
                "south": {
                  "uv": [
                    38,
                    37
                  ],
                  "uv_size": [
                    21,
                    25
                  ]
                },
                "west": {
                  "uv": [
                    34,
                    25
                  ],
                  "uv_size": [
                    2,
                    5
                  ]
                },
                "up": {
                  "uv": [
                    34,
                    30
                  ],
                  "uv_size": [
                    3,
                    2
                  ]
                },
                "down": {
                  "uv": [
                    32,
                    36
                  ],
                  "uv_size": [
                    3,
                    -2
                  ]
                }
              }
            },
            {
              "origin": [
                -2,
                9,
                -3
              ],
              "size": [
                3,
                5,
                2
              ],
              "uv": {
                "north": {
                  "uv": [
                    38,
                    37
                  ],
                  "uv_size": [
                    21,
                    25
                  ]
                },
                "east": {
                  "uv": [
                    34,
                    20
                  ],
                  "uv_size": [
                    2,
                    5
                  ]
                },
                "south": {
                  "uv": [
                    38,
                    37
                  ],
                  "uv_size": [
                    21,
                    25
                  ]
                },
                "west": {
                  "uv": [
                    34,
                    25
                  ],
                  "uv_size": [
                    2,
                    5
                  ]
                },
                "up": {
                  "uv": [
                    34,
                    30
                  ],
                  "uv_size": [
                    3,
                    2
                  ]
                },
                "down": {
                  "uv": [
                    32,
                    36
                  ],
                  "uv_size": [
                    3,
                    -2
                  ]
                }
              }
            },
            {
              "origin": [
                4,
                9,
                -3
              ],
              "size": [
                3,
                5,
                2
              ],
              "uv": {
                "north": {
                  "uv": [
                    38,
                    37
                  ],
                  "uv_size": [
                    21,
                    25
                  ]
                },
                "east": {
                  "uv": [
                    34,
                    20
                  ],
                  "uv_size": [
                    2,
                    5
                  ]
                },
                "south": {
                  "uv": [
                    38,
                    37
                  ],
                  "uv_size": [
                    21,
                    25
                  ]
                },
                "west": {
                  "uv": [
                    34,
                    25
                  ],
                  "uv_size": [
                    2,
                    5
                  ]
                },
                "up": {
                  "uv": [
                    34,
                    30
                  ],
                  "uv_size": [
                    3,
                    2
                  ]
                },
                "down": {
                  "uv": [
                    32,
                    36
                  ],
                  "uv_size": [
                    3,
                    -2
                  ]
                }
              }
            },
            {
              "origin": [
                4,
                9,
                1
              ],
              "size": [
                3,
                5,
                2
              ],
              "uv": {
                "north": {
                  "uv": [
                    38,
                    37
                  ],
                  "uv_size": [
                    21,
                    25
                  ]
                },
                "east": {
                  "uv": [
                    34,
                    20
                  ],
                  "uv_size": [
                    2,
                    5
                  ]
                },
                "south": {
                  "uv": [
                    38,
                    37
                  ],
                  "uv_size": [
                    21,
                    25
                  ]
                },
                "west": {
                  "uv": [
                    34,
                    25
                  ],
                  "uv_size": [
                    2,
                    5
                  ]
                },
                "up": {
                  "uv": [
                    34,
                    30
                  ],
                  "uv_size": [
                    3,
                    2
                  ]
                },
                "down": {
                  "uv": [
                    32,
                    36
                  ],
                  "uv_size": [
                    3,
                    -2
                  ]
                }
              }
            }
          ]
        }
      ]
    }
  ]
}