{
  "format_version": "1.12.0",
  "minecraft:geometry": [
    {
      "description": {
        "identifier": "geometry.set_selfshabun",
        "texture_width": 128,
        "texture_height": 128,
        "visible_bounds_width": 2,
        "visible_bounds_height": 3.5,
        "visible_bounds_offset": [
          0,
          1.25,
          0
        ]
      },
      "bones": [
        {
          "name": "ItemShelf",
          "pivot": [
            0,
            0,
            0
          ]
        },
        {
          "name": "Shelf",
          "parent": "ItemShelf",
          "pivot": [
            0,
            0,
            0
          ],
          "cubes": [
            {
              "origin": [
                -8,
                0,
                -8
              ],
              "size": [
                16,
                16,
                2
              ],
              "uv": {
                "north": {
                  "uv": [
                    0,
                    0
                  ],
                  "uv_size": [
                    16,
                    16
                  ]
                },
                "east": {
                  "uv": [
                    48,
                    0
                  ],
                  "uv_size": [
                    2,
                    16
                  ]
                },
                "south": {
                  "uv": [
                    0,
                    16
                  ],
                  "uv_size": [
                    16,
                    16
                  ]
                },
                "west": {
                  "uv": [
                    48,
                    16
                  ],
                  "uv_size": [
                    2,
                    16
                  ]
                },
                "up": {
                  "uv": [
                    48,
                    32
                  ],
                  "uv_size": [
                    16,
                    2
                  ]
                },
                "down": {
                  "uv": [
                    48,
                    36
                  ],
                  "uv_size": [
                    16,
                    -2
                  ]
                }
              }
            },
            {
              "origin": [
                -8,
                0,
                -6
              ],
              "size": [
                16,
                1,
                14
              ],
              "uv": {
                "north": {
                  "uv": [
                    50,
                    30
                  ],
                  "uv_size": [
                    16,
                    1
                  ]
                },
                "east": {
                  "uv": [
                    54,
                    20
                  ],
                  "uv_size": [
                    14,
                    1
                  ]
                },
                "south": {
                  "uv": [
                    50,
                    31
                  ],
                  "uv_size": [
                    16,
                    1
                  ]
                },
                "west": {
                  "uv": [
                    54,
                    21
                  ],
                  "uv_size": [
                    14,
                    1
                  ]
                },
                "up": {
                  "uv": [
                    0,
                    32
                  ],
                  "uv_size": [
                    16,
                    14
                  ]
                },
                "down": {
                  "uv": [
                    32,
                    14
                  ],
                  "uv_size": [
                    16,
                    -14
                  ]
                }
              }
            },
            {
              "origin": [
                -8,
                8,
                -6
              ],
              "size": [
                16,
                1,
                14
              ],
              "uv": {
                "north": {
                  "uv": [
                    52,
                    10
                  ],
                  "uv_size": [
                    16,
                    1
                  ]
                },
                "east": {
                  "uv": [
                    54,
                    22
                  ],
                  "uv_size": [
                    14,
                    1
                  ]
                },
                "south": {
                  "uv": [
                    52,
                    11
                  ],
                  "uv_size": [
                    16,
                    1
                  ]
                },
                "west": {
                  "uv": [
                    54,
                    23
                  ],
                  "uv_size": [
                    14,
                    1
                  ]
                },
                "up": {
                  "uv": [
                    32,
                    14
                  ],
                  "uv_size": [
                    16,
                    14
                  ]
                },
                "down": {
                  "uv": [
                    16,
                    46
                  ],
                  "uv_size": [
                    16,
                    -14
                  ]
                }
              }
            }
          ]
        },
        {
          "name": "ItemShelf2",
          "parent": "Shelf",
          "pivot": [
            0,
            16,
            0
          ]
        },
        {
          "name": "Shelf2",
          "parent": "ItemShelf2",
          "pivot": [
            0,
            16,
            0
          ],
          "cubes": [
            {
              "origin": [
                -8,
                16,
                -8
              ],
              "size": [
                16,
                16,
                2
              ],
              "uv": {
                "north": {
                  "uv": [
                    16,
                    0
                  ],
                  "uv_size": [
                    16,
                    16
                  ]
                },
                "east": {
                  "uv": [
                    48,
                    36
                  ],
                  "uv_size": [
                    2,
                    16
                  ]
                },
                "south": {
                  "uv": [
                    16,
                    16
                  ],
                  "uv_size": [
                    16,
                    16
                  ]
                },
                "west": {
                  "uv": [
                    50,
                    0
                  ],
                  "uv_size": [
                    2,
                    16
                  ]
                },
                "up": {
                  "uv": [
                    50,
                    16
                  ],
                  "uv_size": [
                    16,
                    2
                  ]
                },
                "down": {
                  "uv": [
                    50,
                    20
                  ],
                  "uv_size": [
                    16,
                    -2
                  ]
                }
              }
            },
            {
              "origin": [
                -8,
                16,
                -6
              ],
              "size": [
                16,
                1,
                14
              ],
              "uv": {
                "north": {
                  "uv": [
                    52,
                    12
                  ],
                  "uv_size": [
                    16,
                    1
                  ]
                },
                "east": {
                  "uv": [
                    54,
                    24
                  ],
                  "uv_size": [
                    14,
                    1
                  ]
                },
                "south": {
                  "uv": [
                    52,
                    13
                  ],
                  "uv_size": [
                    16,
                    1
                  ]
                },
                "west": {
                  "uv": [
                    54,
                    25
                  ],
                  "uv_size": [
                    14,
                    1
                  ]
                },
                "up": {
                  "uv": [
                    32,
                    28
                  ],
                  "uv_size": [
                    16,
                    14
                  ]
                },
                "down": {
                  "uv": [
                    32,
                    56
                  ],
                  "uv_size": [
                    16,
                    -14
                  ]
                }
              }
            },
            {
              "origin": [
                -8,
                24,
                -6
              ],
              "size": [
                16,
                1,
                14
              ],
              "uv": {
                "north": {
                  "uv": [
                    52,
                    14
                  ],
                  "uv_size": [
                    16,
                    1
                  ]
                },
                "east": {
                  "uv": [
                    54,
                    26
                  ],
                  "uv_size": [
                    14,
                    1
                  ]
                },
                "south": {
                  "uv": [
                    52,
                    15
                  ],
                  "uv_size": [
                    16,
                    1
                  ]
                },
                "west": {
                  "uv": [
                    54,
                    27
                  ],
                  "uv_size": [
                    14,
                    1
                  ]
                },
                "up": {
                  "uv": [
                    0,
                    46
                  ],
                  "uv_size": [
                    16,
                    14
                  ]
                },
                "down": {
                  "uv": [
                    16,
                    60
                  ],
                  "uv_size": [
                    16,
                    -14
                  ]
                }
              }
            }
          ]
        },
        {
          "name": "Item2",
          "parent": "ItemShelf2",
          "pivot": [
            0,
            16,
            2
          ]
        },
        {
          "name": "Item",
          "parent": "ItemShelf",
          "pivot": [
            0,
            0,
            2
          ]
        },
        {
          "name": "bone",
          "pivot": [
            0,
            0,
            0
          ],
          "cubes": [
            {
              "origin": [
                0,
                9,
                -4
              ],
              "size": [
                6,
                4,
                1
              ],
              "uv": {
                "north": {
                  "uv": [
                    41.85333,
                    95.42667
                  ],
                  "uv_size": [
                    -38,
                    30
                  ]
                },
                "east": {
                  "uv": [
                    95.57333,
                    2.56
                  ],
                  "uv_size": [
                    11.94667,
                    22.06667
                  ]
                },
                "south": {
                  "uv": [
                    3,
                    95.42667
                  ],
                  "uv_size": [
                    38,
                    30
                  ]
                },
                "west": {
                  "uv": [
                    95.57333,
                    0
                  ],
                  "uv_size": [
                    12.8,
                    25.48
                  ]
                },
                "up": {
                  "uv": [
                    98.98667,
                    11.94667
                  ],
                  "uv_size": [
                    4,
                    0
                  ]
                },
                "down": {
                  "uv": [
                    0,
                    0
                  ],
                  "uv_size": [
                    4,
                    0
                  ]
                }
              }
            },
            {
              "origin": [
                -7,
                1,
                -1
              ],
              "size": [
                6,
                4,
                1
              ],
              "uv": {
                "north": {
                  "uv": [
                    41,
                    63
                  ],
                  "uv_size": [
                    -38,
                    30
                  ]
                },
                "east": {
                  "uv": [
                    95.57333,
                    2.56
                  ],
                  "uv_size": [
                    11.94667,
                    22.06667
                  ]
                },
                "south": {
                  "uv": [
                    3,
                    63
                  ],
                  "uv_size": [
                    38,
                    30
                  ]
                },
                "west": {
                  "uv": [
                    95.57333,
                    0
                  ],
                  "uv_size": [
                    12.8,
                    25.48
                  ]
                },
                "up": {
                  "uv": [
                    98.98667,
                    11.94667
                  ],
                  "uv_size": [
                    4,
                    0
                  ]
                },
                "down": {
                  "uv": [
                    0,
                    0
                  ],
                  "uv_size": [
                    4,
                    0
                  ]
                }
              }
            },
            {
              "origin": [
                -7,
                17,
                -4
              ],
              "size": [
                6,
                4,
                1
              ],
              "uv": {
                "north": {
                  "uv": [
                    47,
                    93
                  ],
                  "uv_size": [
                    38,
                    -30
                  ]
                },
                "east": {
                  "uv": [
                    95.57333,
                    2.56
                  ],
                  "uv_size": [
                    11.94667,
                    22.06667
                  ]
                },
                "south": {
                  "uv": [
                    47,
                    63
                  ],
                  "uv_size": [
                    38,
                    30
                  ]
                },
                "west": {
                  "uv": [
                    95.57333,
                    0
                  ],
                  "uv_size": [
                    12.8,
                    25.48
                  ]
                },
                "up": {
                  "uv": [
                    98.98667,
                    11.94667
                  ],
                  "uv_size": [
                    4,
                    0
                  ]
                },
                "down": {
                  "uv": [
                    0,
                    0
                  ],
                  "uv_size": [
                    4,
                    0
                  ]
                }
              }
            },
            {
              "origin": [
                -7,
                17,
                5
              ],
              "size": [
                6,
                4,
                1
              ],
              "uv": {
                "north": {
                  "uv": [
                    47,
                    93
                  ],
                  "uv_size": [
                    38,
                    -30
                  ]
                },
                "east": {
                  "uv": [
                    95.57333,
                    2.56
                  ],
                  "uv_size": [
                    11.94667,
                    22.06667
                  ]
                },
                "south": {
                  "uv": [
                    47,
                    63
                  ],
                  "uv_size": [
                    38,
                    30
                  ]
                },
                "west": {
                  "uv": [
                    95.57333,
                    0
                  ],
                  "uv_size": [
                    12.8,
                    25.48
                  ]
                },
                "up": {
                  "uv": [
                    98.98667,
                    11.94667
                  ],
                  "uv_size": [
                    4,
                    0
                  ]
                },
                "down": {
                  "uv": [
                    0,
                    0
                  ],
                  "uv_size": [
                    4,
                    0
                  ]
                }
              }
            },
            {
              "origin": [
                -7,
                9,
                5
              ],
              "size": [
                6,
                4,
                1
              ],
              "uv": {
                "north": {
                  "uv": [
                    41,
                    96.28
                  ],
                  "uv_size": [
                    -38,
                    30
                  ]
                },
                "east": {
                  "uv": [
                    95.57333,
                    2.56
                  ],
                  "uv_size": [
                    11.94667,
                    22.06667
                  ]
                },
                "south": {
                  "uv": [
                    3,
                    95.42667
                  ],
                  "uv_size": [
                    38,
                    30
                  ]
                },
                "west": {
                  "uv": [
                    95.57333,
                    0
                  ],
                  "uv_size": [
                    12.8,
                    25.48
                  ]
                },
                "up": {
                  "uv": [
                    98.98667,
                    11.94667
                  ],
                  "uv_size": [
                    4,
                    0
                  ]
                },
                "down": {
                  "uv": [
                    0,
                    0
                  ],
                  "uv_size": [
                    4,
                    0
                  ]
                }
              }
            },
            {
              "origin": [
                0,
                17,
                5
              ],
              "size": [
                6,
                4,
                1
              ],
              "uv": {
                "north": {
                  "uv": [
                    47,
                    93
                  ],
                  "uv_size": [
                    38,
                    -30
                  ]
                },
                "east": {
                  "uv": [
                    95.57333,
                    2.56
                  ],
                  "uv_size": [
                    11.94667,
                    22.06667
                  ]
                },
                "south": {
                  "uv": [
                    47,
                    63
                  ],
                  "uv_size": [
                    38,
                    30
                  ]
                },
                "west": {
                  "uv": [
                    95.57333,
                    0
                  ],
                  "uv_size": [
                    12.8,
                    25.48
                  ]
                },
                "up": {
                  "uv": [
                    98.98667,
                    11.94667
                  ],
                  "uv_size": [
                    4,
                    0
                  ]
                },
                "down": {
                  "uv": [
                    0,
                    0
                  ],
                  "uv_size": [
                    4,
                    0
                  ]
                }
              }
            },
            {
              "origin": [
                -7,
                17,
                -1
              ],
              "size": [
                6,
                4,
                1
              ],
              "uv": {
                "north": {
                  "uv": [
                    47,
                    93
                  ],
                  "uv_size": [
                    38,
                    -30
                  ]
                },
                "east": {
                  "uv": [
                    95.57333,
                    2.56
                  ],
                  "uv_size": [
                    11.94667,
                    22.06667
                  ]
                },
                "south": {
                  "uv": [
                    47,
                    63
                  ],
                  "uv_size": [
                    38,
                    30
                  ]
                },
                "west": {
                  "uv": [
                    95.57333,
                    0
                  ],
                  "uv_size": [
                    12.8,
                    25.48
                  ]
                },
                "up": {
                  "uv": [
                    98.98667,
                    11.94667
                  ],
                  "uv_size": [
                    4,
                    0
                  ]
                },
                "down": {
                  "uv": [
                    0,
                    0
                  ],
                  "uv_size": [
                    4,
                    0
                  ]
                }
              }
            },
            {
              "origin": [
                0,
                17,
                -4
              ],
              "size": [
                6,
                4,
                1
              ],
              "uv": {
                "north": {
                  "uv": [
                    47,
                    93
                  ],
                  "uv_size": [
                    38,
                    -30
                  ]
                },
                "east": {
                  "uv": [
                    95.57333,
                    2.56
                  ],
                  "uv_size": [
                    11.94667,
                    22.06667
                  ]
                },
                "south": {
                  "uv": [
                    47,
                    63
                  ],
                  "uv_size": [
                    38,
                    30
                  ]
                },
                "west": {
                  "uv": [
                    95.57333,
                    0
                  ],
                  "uv_size": [
                    12.8,
                    25.48
                  ]
                },
                "up": {
                  "uv": [
                    98.98667,
                    11.94667
                  ],
                  "uv_size": [
                    4,
                    0
                  ]
                },
                "down": {
                  "uv": [
                    0,
                    0
                  ],
                  "uv_size": [
                    4,
                    0
                  ]
                }
              }
            },
            {
              "origin": [
                0,
                17,
                2
              ],
              "size": [
                6,
                4,
                1
              ],
              "uv": {
                "north": {
                  "uv": [
                    47,
                    93
                  ],
                  "uv_size": [
                    38,
                    -30
                  ]
                },
                "east": {
                  "uv": [
                    95.57333,
                    2.56
                  ],
                  "uv_size": [
                    11.94667,
                    22.06667
                  ]
                },
                "south": {
                  "uv": [
                    47,
                    63
                  ],
                  "uv_size": [
                    38,
                    30
                  ]
                },
                "west": {
                  "uv": [
                    95.57333,
                    0
                  ],
                  "uv_size": [
                    12.8,
                    25.48
                  ]
                },
                "up": {
                  "uv": [
                    98.98667,
                    11.94667
                  ],
                  "uv_size": [
                    4,
                    0
                  ]
                },
                "down": {
                  "uv": [
                    0,
                    0
                  ],
                  "uv_size": [
                    4,
                    0
                  ]
                }
              }
            },
            {
              "origin": [
                0,
                17,
                -1
              ],
              "size": [
                6,
                4,
                1
              ],
              "uv": {
                "north": {
                  "uv": [
                    47,
                    93
                  ],
                  "uv_size": [
                    38,
                    -30
                  ]
                },
                "east": {
                  "uv": [
                    95.57333,
                    2.56
                  ],
                  "uv_size": [
                    11.94667,
                    22.06667
                  ]
                },
                "south": {
                  "uv": [
                    47,
                    63
                  ],
                  "uv_size": [
                    38,
                    30
                  ]
                },
                "west": {
                  "uv": [
                    95.57333,
                    0
                  ],
                  "uv_size": [
                    12.8,
                    25.48
                  ]
                },
                "up": {
                  "uv": [
                    98.98667,
                    11.94667
                  ],
                  "uv_size": [
                    4,
                    0
                  ]
                },
                "down": {
                  "uv": [
                    0,
                    0
                  ],
                  "uv_size": [
                    4,
                    0
                  ]
                }
              }
            },
            {
              "origin": [
                -7,
                17,
                2
              ],
              "size": [
                6,
                4,
                1
              ],
              "uv": {
                "north": {
                  "uv": [
                    47,
                    93
                  ],
                  "uv_size": [
                    38,
                    -30
                  ]
                },
                "east": {
                  "uv": [
                    95.57333,
                    2.56
                  ],
                  "uv_size": [
                    11.94667,
                    22.06667
                  ]
                },
                "south": {
                  "uv": [
                    47,
                    63
                  ],
                  "uv_size": [
                    38,
                    30
                  ]
                },
                "west": {
                  "uv": [
                    95.57333,
                    0
                  ],
                  "uv_size": [
                    12.8,
                    25.48
                  ]
                },
                "up": {
                  "uv": [
                    98.98667,
                    11.94667
                  ],
                  "uv_size": [
                    4,
                    0
                  ]
                },
                "down": {
                  "uv": [
                    0,
                    0
                  ],
                  "uv_size": [
                    4,
                    0
                  ]
                }
              }
            },
            {
              "origin": [
                0,
                1,
                -1
              ],
              "size": [
                6,
                4,
                1
              ],
              "uv": {
                "north": {
                  "uv": [
                    41,
                    63
                  ],
                  "uv_size": [
                    -38,
                    30
                  ]
                },
                "east": {
                  "uv": [
                    95.57333,
                    2.56
                  ],
                  "uv_size": [
                    11.94667,
                    22.06667
                  ]
                },
                "south": {
                  "uv": [
                    3,
                    63
                  ],
                  "uv_size": [
                    38,
                    30
                  ]
                },
                "west": {
                  "uv": [
                    95.57333,
                    0
                  ],
                  "uv_size": [
                    12.8,
                    25.48
                  ]
                },
                "up": {
                  "uv": [
                    98.98667,
                    11.94667
                  ],
                  "uv_size": [
                    4,
                    0
                  ]
                },
                "down": {
                  "uv": [
                    0,
                    0
                  ],
                  "uv_size": [
                    4,
                    0
                  ]
                }
              }
            },
            {
              "origin": [
                0,
                1,
                2
              ],
              "size": [
                6,
                4,
                1
              ],
              "uv": {
                "north": {
                  "uv": [
                    41,
                    63
                  ],
                  "uv_size": [
                    -38,
                    30
                  ]
                },
                "east": {
                  "uv": [
                    95.57333,
                    2.56
                  ],
                  "uv_size": [
                    11.94667,
                    22.06667
                  ]
                },
                "south": {
                  "uv": [
                    3,
                    63
                  ],
                  "uv_size": [
                    38,
                    30
                  ]
                },
                "west": {
                  "uv": [
                    95.57333,
                    0
                  ],
                  "uv_size": [
                    12.8,
                    25.48
                  ]
                },
                "up": {
                  "uv": [
                    98.98667,
                    11.94667
                  ],
                  "uv_size": [
                    4,
                    0
                  ]
                },
                "down": {
                  "uv": [
                    0,
                    0
                  ],
                  "uv_size": [
                    4,
                    0
                  ]
                }
              }
            },
            {
              "origin": [
                0,
                1,
                5
              ],
              "size": [
                6,
                4,
                1
              ],
              "uv": {
                "north": {
                  "uv": [
                    41,
                    63
                  ],
                  "uv_size": [
                    -38,
                    30
                  ]
                },
                "east": {
                  "uv": [
                    95.57333,
                    2.56
                  ],
                  "uv_size": [
                    11.94667,
                    22.06667
                  ]
                },
                "south": {
                  "uv": [
                    3,
                    63
                  ],
                  "uv_size": [
                    38,
                    30
                  ]
                },
                "west": {
                  "uv": [
                    95.57333,
                    0
                  ],
                  "uv_size": [
                    12.8,
                    25.48
                  ]
                },
                "up": {
                  "uv": [
                    98.98667,
                    11.94667
                  ],
                  "uv_size": [
                    4,
                    0
                  ]
                },
                "down": {
                  "uv": [
                    0,
                    0
                  ],
                  "uv_size": [
                    4,
                    0
                  ]
                }
              }
            },
            {
              "origin": [
                -7,
                1,
                5
              ],
              "size": [
                6,
                4,
                1
              ],
              "uv": {
                "north": {
                  "uv": [
                    41,
                    63
                  ],
                  "uv_size": [
                    -38,
                    30
                  ]
                },
                "east": {
                  "uv": [
                    95.57333,
                    2.56
                  ],
                  "uv_size": [
                    11.94667,
                    22.06667
                  ]
                },
                "south": {
                  "uv": [
                    3,
                    63
                  ],
                  "uv_size": [
                    38,
                    30
                  ]
                },
                "west": {
                  "uv": [
                    95.57333,
                    0
                  ],
                  "uv_size": [
                    12.8,
                    25.48
                  ]
                },
                "up": {
                  "uv": [
                    98.98667,
                    11.94667
                  ],
                  "uv_size": [
                    4,
                    0
                  ]
                },
                "down": {
                  "uv": [
                    0,
                    0
                  ],
                  "uv_size": [
                    4,
                    0
                  ]
                }
              }
            },
            {
              "origin": [
                0,
                1,
                -4
              ],
              "size": [
                6,
                4,
                1
              ],
              "uv": {
                "north": {
                  "uv": [
                    41,
                    63
                  ],
                  "uv_size": [
                    -38,
                    30
                  ]
                },
                "east": {
                  "uv": [
                    95.57333,
                    2.56
                  ],
                  "uv_size": [
                    11.94667,
                    22.06667
                  ]
                },
                "south": {
                  "uv": [
                    3,
                    63
                  ],
                  "uv_size": [
                    38,
                    30
                  ]
                },
                "west": {
                  "uv": [
                    95.57333,
                    0
                  ],
                  "uv_size": [
                    12.8,
                    25.48
                  ]
                },
                "up": {
                  "uv": [
                    98.98667,
                    11.94667
                  ],
                  "uv_size": [
                    4,
                    0
                  ]
                },
                "down": {
                  "uv": [
                    0,
                    0
                  ],
                  "uv_size": [
                    4,
                    0
                  ]
                }
              }
            },
            {
              "origin": [
                0,
                9,
                2
              ],
              "size": [
                6,
                4,
                1
              ],
              "uv": {
                "north": {
                  "uv": [
                    41.85333,
                    95.42667
                  ],
                  "uv_size": [
                    -38,
                    30
                  ]
                },
                "east": {
                  "uv": [
                    95.57333,
                    2.56
                  ],
                  "uv_size": [
                    11.94667,
                    22.06667
                  ]
                },
                "south": {
                  "uv": [
                    3,
                    95.42667
                  ],
                  "uv_size": [
                    38,
                    30
                  ]
                },
                "west": {
                  "uv": [
                    95.57333,
                    0
                  ],
                  "uv_size": [
                    12.8,
                    25.48
                  ]
                },
                "up": {
                  "uv": [
                    98.98667,
                    11.94667
                  ],
                  "uv_size": [
                    4,
                    0
                  ]
                },
                "down": {
                  "uv": [
                    0,
                    0
                  ],
                  "uv_size": [
                    4,
                    0
                  ]
                }
              }
            },
            {
              "origin": [
                -7,
                1,
                2
              ],
              "size": [
                6,
                4,
                1
              ],
              "uv": {
                "north": {
                  "uv": [
                    41,
                    63
                  ],
                  "uv_size": [
                    -38,
                    30
                  ]
                },
                "east": {
                  "uv": [
                    95.57333,
                    2.56
                  ],
                  "uv_size": [
                    11.94667,
                    22.06667
                  ]
                },
                "south": {
                  "uv": [
                    3,
                    63
                  ],
                  "uv_size": [
                    38,
                    30
                  ]
                },
                "west": {
                  "uv": [
                    95.57333,
                    0
                  ],
                  "uv_size": [
                    12.8,
                    25.48
                  ]
                },
                "up": {
                  "uv": [
                    98.98667,
                    11.94667
                  ],
                  "uv_size": [
                    4,
                    0
                  ]
                },
                "down": {
                  "uv": [
                    0,
                    0
                  ],
                  "uv_size": [
                    4,
                    0
                  ]
                }
              }
            },
            {
              "origin": [
                0,
                9,
                -1
              ],
              "size": [
                6,
                4,
                1
              ],
              "uv": {
                "north": {
                  "uv": [
                    41.85333,
                    95.42667
                  ],
                  "uv_size": [
                    -38,
                    30
                  ]
                },
                "east": {
                  "uv": [
                    95.57333,
                    2.56
                  ],
                  "uv_size": [
                    11.94667,
                    22.06667
                  ]
                },
                "south": {
                  "uv": [
                    3,
                    95.42667
                  ],
                  "uv_size": [
                    38,
                    30
                  ]
                },
                "west": {
                  "uv": [
                    95.57333,
                    0
                  ],
                  "uv_size": [
                    12.8,
                    25.48
                  ]
                },
                "up": {
                  "uv": [
                    98.98667,
                    11.94667
                  ],
                  "uv_size": [
                    4,
                    0
                  ]
                },
                "down": {
                  "uv": [
                    0,
                    0
                  ],
                  "uv_size": [
                    4,
                    0
                  ]
                }
              }
            },
            {
              "origin": [
                0,
                9,
                5
              ],
              "size": [
                6,
                4,
                1
              ],
              "uv": {
                "north": {
                  "uv": [
                    41.85333,
                    95.42667
                  ],
                  "uv_size": [
                    -38,
                    30
                  ]
                },
                "east": {
                  "uv": [
                    95.57333,
                    2.56
                  ],
                  "uv_size": [
                    11.94667,
                    22.06667
                  ]
                },
                "south": {
                  "uv": [
                    3,
                    95.42667
                  ],
                  "uv_size": [
                    38,
                    30
                  ]
                },
                "west": {
                  "uv": [
                    95.57333,
                    0
                  ],
                  "uv_size": [
                    12.8,
                    25.48
                  ]
                },
                "up": {
                  "uv": [
                    98.98667,
                    11.94667
                  ],
                  "uv_size": [
                    4,
                    0
                  ]
                },
                "down": {
                  "uv": [
                    0,
                    0
                  ],
                  "uv_size": [
                    4,
                    0
                  ]
                }
              }
            },
            {
              "origin": [
                -7,
                9,
                2
              ],
              "size": [
                6,
                4,
                1
              ],
              "uv": {
                "north": {
                  "uv": [
                    41,
                    96.28
                  ],
                  "uv_size": [
                    -38,
                    30
                  ]
                },
                "east": {
                  "uv": [
                    95.57333,
                    2.56
                  ],
                  "uv_size": [
                    11.94667,
                    22.06667
                  ]
                },
                "south": {
                  "uv": [
                    3,
                    95.42667
                  ],
                  "uv_size": [
                    38,
                    30
                  ]
                },
                "west": {
                  "uv": [
                    95.57333,
                    0
                  ],
                  "uv_size": [
                    12.8,
                    25.48
                  ]
                },
                "up": {
                  "uv": [
                    98.98667,
                    11.94667
                  ],
                  "uv_size": [
                    4,
                    0
                  ]
                },
                "down": {
                  "uv": [
                    0,
                    0
                  ],
                  "uv_size": [
                    4,
                    0
                  ]
                }
              }
            },
            {
              "origin": [
                -7,
                1,
                -4
              ],
              "size": [
                6,
                4,
                1
              ],
              "uv": {
                "north": {
                  "uv": [
                    41,
                    63
                  ],
                  "uv_size": [
                    -38,
                    30
                  ]
                },
                "east": {
                  "uv": [
                    95.57333,
                    2.56
                  ],
                  "uv_size": [
                    11.94667,
                    22.06667
                  ]
                },
                "south": {
                  "uv": [
                    3,
                    63
                  ],
                  "uv_size": [
                    38,
                    30
                  ]
                },
                "west": {
                  "uv": [
                    95.57333,
                    0
                  ],
                  "uv_size": [
                    12.8,
                    25.48
                  ]
                },
                "up": {
                  "uv": [
                    98.98667,
                    11.94667
                  ],
                  "uv_size": [
                    4,
                    0
                  ]
                },
                "down": {
                  "uv": [
                    0,
                    0
                  ],
                  "uv_size": [
                    4,
                    0
                  ]
                }
              }
            },
            {
              "origin": [
                -7,
                9,
                -1
              ],
              "size": [
                6,
                4,
                1
              ],
              "uv": {
                "north": {
                  "uv": [
                    41,
                    96.28
                  ],
                  "uv_size": [
                    -38,
                    30
                  ]
                },
                "east": {
                  "uv": [
                    95.57333,
                    2.56
                  ],
                  "uv_size": [
                    11.94667,
                    22.06667
                  ]
                },
                "south": {
                  "uv": [
                    3,
                    95.42667
                  ],
                  "uv_size": [
                    38,
                    30
                  ]
                },
                "west": {
                  "uv": [
                    95.57333,
                    0
                  ],
                  "uv_size": [
                    12.8,
                    25.48
                  ]
                },
                "up": {
                  "uv": [
                    98.98667,
                    11.94667
                  ],
                  "uv_size": [
                    4,
                    0
                  ]
                },
                "down": {
                  "uv": [
                    0,
                    0
                  ],
                  "uv_size": [
                    4,
                    0
                  ]
                }
              }
            },
            {
              "origin": [
                -7,
                9,
                -4
              ],
              "size": [
                6,
                4,
                1
              ],
              "uv": {
                "north": {
                  "uv": [
                    41,
                    96.28
                  ],
                  "uv_size": [
                    -38,
                    30
                  ]
                },
                "east": {
                  "uv": [
                    95.57333,
                    2.56
                  ],
                  "uv_size": [
                    11.94667,
                    22.06667
                  ]
                },
                "south": {
                  "uv": [
                    3,
                    95.42667
                  ],
                  "uv_size": [
                    38,
                    30
                  ]
                },
                "west": {
                  "uv": [
                    95.57333,
                    0
                  ],
                  "uv_size": [
                    12.8,
                    25.48
                  ]
                },
                "up": {
                  "uv": [
                    98.98667,
                    11.94667
                  ],
                  "uv_size": [
                    4,
                    0
                  ]
                },
                "down": {
                  "uv": [
                    0,
                    0
                  ],
                  "uv_size": [
                    4,
                    0
                  ]
                }
              }
            }
          ]
        }
      ]
    }
  ]
}