{
  "format_version": "1.12.0",
  "minecraft:geometry": [
    {
      "description": {
        "identifier": "geometry.set_selfdusaqua1",
        "texture_width": 32,
        "texture_height": 32,
        "visible_bounds_width": 3,
        "visible_bounds_height": 2.5,
        "visible_bounds_offset": [
          0,
          0.75,
          0
        ]
      },
      "bones": [
        {
          "name": "bone",
          "pivot": [
            0,
            0,
            0
          ],
          "cubes": [
            {
              "origin": [
                -8,
                0,
                -5
              ],
              "size": [
                16,
                8,
                9
              ],
              "uv": {
                "north": {
                  "uv": [
                    16,
                    0
                  ],
                  "uv_size": [
                    16,
                    8
                  ]
                },
                "east": {
                  "uv": [
                    16,
                    16
                  ],
                  "uv_size": [
                    9,
                    8
                  ]
                },
                "south": {
                  "uv": [
                    16,
                    8
                  ],
                  "uv_size": [
                    16,
                    8
                  ]
                },
                "west": {
                  "uv": [
                    0,
                    18
                  ],
                  "uv_size": [
                    9,
                    8
                  ]
                },
                "up": {
                  "uv": [
                    0,
                    0
                  ],
                  "uv_size": [
                    16,
                    9
                  ]
                },
                "down": {
                  "uv": [
                    0,
                    18
                  ],
                  "uv_size": [
                    16,
                    -9
                  ]
                }
              }
            },
            {
              "origin": [
                -1,
                0,
                -1
              ],
              "size": [
                2,
                2,
                2
              ],
              "uv": {
                "north": {
                  "uv": [
                    0,
                    0
                  ],
                  "uv_size": [
                    2,
                    2
                  ]
                },
                "east": {
                  "uv": [
                    0,
                    0
                  ],
                  "uv_size": [
                    2,
                    2
                  ]
                },
                "south": {
                  "uv": [
                    0,
                    0
                  ],
                  "uv_size": [
                    2,
                    2
                  ]
                },
                "west": {
                  "uv": [
                    0,
                    0
                  ],
                  "uv_size": [
                    2,
                    2
                  ]
                },
                "up": {
                  "uv": [
                    2,
                    2
                  ],
                  "uv_size": [
                    -2,
                    -2
                  ]
                },
                "down": {
                  "uv": [
                    2,
                    2
                  ],
                  "uv_size": [
                    -2,
                    -2
                  ]
                }
              }
            }
          ]
        },
        {
          "name": "bone2",
          "parent": "bone",
          "pivot": [
            0,
            0,
            0
          ],
          "cubes": [
            {
              "origin": [
                -8,
                8,
                -5
              ],
              "size": [
                16,
                8,
                9
              ],
              "pivot": [
                0,
                0,
                0
              ],
              "rotation": [
                0,
                -30,
                0
              ],
              "uv": {
                "north": {
                  "uv": [
                    16,
                    0
                  ],
                  "uv_size": [
                    16,
                    8
                  ]
                },
                "east": {
                  "uv": [
                    16,
                    16
                  ],
                  "uv_size": [
                    9,
                    8
                  ]
                },
                "south": {
                  "uv": [
                    16,
                    8
                  ],
                  "uv_size": [
                    16,
                    8
                  ]
                },
                "west": {
                  "uv": [
                    0,
                    18
                  ],
                  "uv_size": [
                    9,
                    8
                  ]
                },
                "up": {
                  "uv": [
                    0,
                    0
                  ],
                  "uv_size": [
                    16,
                    9
                  ]
                },
                "down": {
                  "uv": [
                    0,
                    18
                  ],
                  "uv_size": [
                    16,
                    -9
                  ]
                }
              }
            }
          ]
        }
      ]
    }
  ]
}