{
	"format_version": "1.12.0",
	"minecraft:geometry": [
		{
			"description": {
				"identifier": "geometry.karibarai",
				"texture_width": 8,
				"texture_height": 8,
				"visible_bounds_width": 3,
				"visible_bounds_height": 3,
				"visible_bounds_offset": [0, 0.5, 0]
			},
			"bones": [
				{
					"name": "karibarai2",
					"pivot": [0, 0, 0]
				},
				{
					"name": "karibarai",
					"parent": "karibarai2",
					"pivot": [0, 0, 0]
				},
				{
					"name": "bone9",
					"parent": "karibarai",
					"pivot": [6, 0, -0.5],
					"rotation": [0, -45, -90]
				},
				{
					"name": "bone",
					"parent": "bone9",
					"pivot": [3.41097, 6, 1.48054],
					"cubes": [
						{
							"origin": [7.91087, 6.12, -0.14884],
							"size": [4.4, 0.16, 1.6],
							"pivot": [8.71087, 6.12, 0.65116],
							"rotation": [0, -15, 0],
							"uv": {
								"north": {"uv": [10, 1], "uv_size": [-4, 0]},
								"east": {"uv": [1, 1], "uv_size": [-1, 0]},
								"south": {"uv": [5, 1], "uv_size": [-4, 0]},
								"west": {"uv": [6, 1], "uv_size": [-1, 0]},
								"up": {"uv": [1, 1], "uv_size": [4, -1]},
								"down": {"uv": [5, 0], "uv_size": [4, 1]}
							}
						},
						{
							"origin": [7.26988, 6.12, 0.96139],
							"size": [4.4, 0.16, 1.6],
							"pivot": [8.06988, 6.12, 1.76139],
							"rotation": [0, -45, 0],
							"uv": {
								"north": {"uv": [10, 1], "uv_size": [-4, 0]},
								"east": {"uv": [1, 1], "uv_size": [-1, 0]},
								"south": {"uv": [5, 1], "uv_size": [-4, 0]},
								"west": {"uv": [6, 1], "uv_size": [-1, 0]},
								"up": {"uv": [1, 1], "uv_size": [4, -1]},
								"down": {"uv": [5, 0], "uv_size": [4, 1]}
							}
						},
						{
							"origin": [6.75696, 6.12, 1.35497],
							"size": [4.4, 0.16, 1.6],
							"pivot": [7.55696, 6.12, 2.15497],
							"rotation": [0, -60, 0],
							"uv": {
								"north": {"uv": [10, 1], "uv_size": [-4, 0]},
								"east": {"uv": [1, 1], "uv_size": [-1, 0]},
								"south": {"uv": [5, 1], "uv_size": [-4, 0]},
								"west": {"uv": [6, 1], "uv_size": [-1, 0]},
								"up": {"uv": [1, 1], "uv_size": [4, -1]},
								"down": {"uv": [5, 0], "uv_size": [4, 1]}
							}
						},
						{
							"origin": [6.15965, 6.12, 1.60238],
							"size": [4.4, 0.16, 1.6],
							"pivot": [6.95965, 6.12, 2.40238],
							"rotation": [0, -75, 0],
							"uv": {
								"north": {"uv": [10, 1], "uv_size": [-4, 0]},
								"east": {"uv": [1, 1], "uv_size": [-1, 0]},
								"south": {"uv": [5, 1], "uv_size": [-4, 0]},
								"west": {"uv": [6, 1], "uv_size": [-1, 0]},
								"up": {"uv": [1, 1], "uv_size": [4, -1]},
								"down": {"uv": [5, 0], "uv_size": [4, 1]}
							}
						},
						{
							"origin": [7.66346, 6.12, 0.44847],
							"size": [4.4, 0.16, 1.6],
							"pivot": [8.46346, 6.12, 1.24847],
							"rotation": [0, -30, 0],
							"uv": {
								"north": {"uv": [10, 1], "uv_size": [-4, 0]},
								"east": {"uv": [1, 1], "uv_size": [-1, 0]},
								"south": {"uv": [5, 1], "uv_size": [-4, 0]},
								"west": {"uv": [6, 1], "uv_size": [-1, 0]},
								"up": {"uv": [1, 1], "uv_size": [4, -1]},
								"down": {"uv": [5, 0], "uv_size": [4, 1]}
							}
						}
					]
				},
				{
					"name": "bone2",
					"parent": "bone",
					"pivot": [11.27122, 6, 1.08443],
					"cubes": [
						{
							"origin": [0.32644, 6.12, -0.14884],
							"size": [4.4, 0.16, 1.6],
							"pivot": [3.92644, 6.12, 0.65116],
							"rotation": [0, 15, 0],
							"uv": {
								"north": {"uv": [6, 1], "uv_size": [4, 0]},
								"east": {"uv": [5, 1], "uv_size": [1, 0]},
								"south": {"uv": [1, 1], "uv_size": [4, 0]},
								"west": {"uv": [0, 1], "uv_size": [1, 0]},
								"up": {"uv": [5, 1], "uv_size": [-4, -1]},
								"down": {"uv": [9, 0], "uv_size": [-4, 1]}
							}
						},
						{
							"origin": [0.96743, 6.12, 0.96139],
							"size": [4.4, 0.16, 1.6],
							"pivot": [4.56743, 6.12, 1.76139],
							"rotation": [0, 45, 0],
							"uv": {
								"north": {"uv": [6, 1], "uv_size": [4, 0]},
								"east": {"uv": [5, 1], "uv_size": [1, 0]},
								"south": {"uv": [1, 1], "uv_size": [4, 0]},
								"west": {"uv": [0, 1], "uv_size": [1, 0]},
								"up": {"uv": [5, 1], "uv_size": [-4, -1]},
								"down": {"uv": [9, 0], "uv_size": [-4, 1]}
							}
						},
						{
							"origin": [1.48035, 6.12, 1.35497],
							"size": [4.4, 0.16, 1.6],
							"pivot": [5.08035, 6.12, 2.15497],
							"rotation": [0, 60, 0],
							"uv": {
								"north": {"uv": [6, 1], "uv_size": [4, 0]},
								"east": {"uv": [5, 1], "uv_size": [1, 0]},
								"south": {"uv": [1, 1], "uv_size": [4, 0]},
								"west": {"uv": [0, 1], "uv_size": [1, 0]},
								"up": {"uv": [5, 1], "uv_size": [-4, -1]},
								"down": {"uv": [9, 0], "uv_size": [-4, 1]}
							}
						},
						{
							"origin": [2.71866, 6.12, 1.68677],
							"size": [4.4, 0.16, 1.6],
							"pivot": [6.31866, 6.12, 2.48677],
							"rotation": [0, 90, 0],
							"uv": {
								"north": {"uv": [6, 1], "uv_size": [4, 0]},
								"east": {"uv": [5, 1], "uv_size": [1, 0]},
								"south": {"uv": [1, 1], "uv_size": [4, 0]},
								"west": {"uv": [0, 1], "uv_size": [1, 0]},
								"up": {"uv": [5, 1], "uv_size": [-4, -1]},
								"down": {"uv": [9, 0], "uv_size": [-4, 1]}
							}
						},
						{
							"origin": [2.07766, 6.12, 1.60238],
							"size": [4.4, 0.16, 1.6],
							"pivot": [5.67766, 6.12, 2.40238],
							"rotation": [0, 75, 0],
							"uv": {
								"north": {"uv": [6, 1], "uv_size": [4, 0]},
								"east": {"uv": [5, 1], "uv_size": [1, 0]},
								"south": {"uv": [1, 1], "uv_size": [4, 0]},
								"west": {"uv": [0, 1], "uv_size": [1, 0]},
								"up": {"uv": [5, 1], "uv_size": [-4, -1]},
								"down": {"uv": [9, 0], "uv_size": [-4, 1]}
							}
						},
						{
							"origin": [0.57385, 6.12, 0.44847],
							"size": [4.4, 0.16, 1.6],
							"pivot": [4.17385, 6.12, 1.24847],
							"rotation": [0, 30, 0],
							"uv": {
								"north": {"uv": [6, 1], "uv_size": [4, 0]},
								"east": {"uv": [5, 1], "uv_size": [1, 0]},
								"south": {"uv": [1, 1], "uv_size": [4, 0]},
								"west": {"uv": [0, 1], "uv_size": [1, 0]},
								"up": {"uv": [5, 1], "uv_size": [-4, -1]},
								"down": {"uv": [9, 0], "uv_size": [-4, 1]}
							}
						}
					]
				},
				{
					"name": "bone3",
					"parent": "bone",
					"pivot": [11.27122, 6, -8.48443],
					"cubes": [
						{
							"origin": [0.24205, 6.12, -0.78984],
							"size": [4.4, 0.16, 1.6],
							"uv": {
								"north": {"uv": [6, 1], "uv_size": [4, 0]},
								"east": {"uv": [5, 1], "uv_size": [1, 0]},
								"south": {"uv": [1, 1], "uv_size": [4, 0]},
								"west": {"uv": [0, 1], "uv_size": [1, 0]},
								"up": {"uv": [5, 1], "uv_size": [-4, -1]},
								"down": {"uv": [9, 0], "uv_size": [-4, 1]}
							}
						},
						{
							"origin": [0.32644, 6.12, -1.43083],
							"size": [4.4, 0.16, 1.6],
							"pivot": [3.92644, 6.12, -0.63083],
							"rotation": [0, -15, 0],
							"uv": {
								"north": {"uv": [6, 1], "uv_size": [4, 0]},
								"east": {"uv": [5, 1], "uv_size": [1, 0]},
								"south": {"uv": [1, 1], "uv_size": [4, 0]},
								"west": {"uv": [0, 1], "uv_size": [1, 0]},
								"up": {"uv": [5, 1], "uv_size": [-4, -1]},
								"down": {"uv": [9, 0], "uv_size": [-4, 1]}
							}
						},
						{
							"origin": [0.96743, 6.12, -2.54106],
							"size": [4.4, 0.16, 1.6],
							"pivot": [4.56743, 6.12, -1.74106],
							"rotation": [0, -45, 0],
							"uv": {
								"north": {"uv": [6, 1], "uv_size": [4, 0]},
								"east": {"uv": [5, 1], "uv_size": [1, 0]},
								"south": {"uv": [1, 1], "uv_size": [4, 0]},
								"west": {"uv": [0, 1], "uv_size": [1, 0]},
								"up": {"uv": [5, 1], "uv_size": [-4, -1]},
								"down": {"uv": [9, 0], "uv_size": [-4, 1]}
							}
						},
						{
							"origin": [1.48035, 6.12, -2.93464],
							"size": [4.4, 0.16, 1.6],
							"pivot": [5.08035, 6.12, -2.13464],
							"rotation": [0, -60, 0],
							"uv": {
								"north": {"uv": [6, 1], "uv_size": [4, 0]},
								"east": {"uv": [5, 1], "uv_size": [1, 0]},
								"south": {"uv": [1, 1], "uv_size": [4, 0]},
								"west": {"uv": [0, 1], "uv_size": [1, 0]},
								"up": {"uv": [5, 1], "uv_size": [-4, -1]},
								"down": {"uv": [9, 0], "uv_size": [-4, 1]}
							}
						},
						{
							"origin": [2.07766, 6.12, -3.18205],
							"size": [4.4, 0.16, 1.6],
							"pivot": [5.67766, 6.12, -2.38205],
							"rotation": [0, -75, 0],
							"uv": {
								"north": {"uv": [6, 1], "uv_size": [4, 0]},
								"east": {"uv": [5, 1], "uv_size": [1, 0]},
								"south": {"uv": [1, 1], "uv_size": [4, 0]},
								"west": {"uv": [0, 1], "uv_size": [1, 0]},
								"up": {"uv": [5, 1], "uv_size": [-4, -1]},
								"down": {"uv": [9, 0], "uv_size": [-4, 1]}
							}
						},
						{
							"origin": [0.57385, 6.12, -2.02814],
							"size": [4.4, 0.16, 1.6],
							"pivot": [4.17385, 6.12, -1.22814],
							"rotation": [0, -30, 0],
							"uv": {
								"north": {"uv": [6, 1], "uv_size": [4, 0]},
								"east": {"uv": [5, 1], "uv_size": [1, 0]},
								"south": {"uv": [1, 1], "uv_size": [4, 0]},
								"west": {"uv": [0, 1], "uv_size": [1, 0]},
								"up": {"uv": [5, 1], "uv_size": [-4, -1]},
								"down": {"uv": [9, 0], "uv_size": [-4, 1]}
							}
						}
					]
				},
				{
					"name": "bone4",
					"parent": "bone3",
					"pivot": [3.92878, 6, -8.48443],
					"cubes": [
						{
							"origin": [7.99526, 6.12, -0.78984],
							"size": [4.4, 0.16, 1.6],
							"uv": {
								"north": {"uv": [10, 1], "uv_size": [-4, 0]},
								"east": {"uv": [1, 1], "uv_size": [-1, 0]},
								"south": {"uv": [5, 1], "uv_size": [-4, 0]},
								"west": {"uv": [6, 1], "uv_size": [-1, 0]},
								"up": {"uv": [1, 1], "uv_size": [4, -1]},
								"down": {"uv": [5, 0], "uv_size": [4, 1]}
							}
						},
						{
							"origin": [7.91087, 6.12, -1.43083],
							"size": [4.4, 0.16, 1.6],
							"pivot": [8.71087, 6.12, -0.63083],
							"rotation": [0, 15, 0],
							"uv": {
								"north": {"uv": [10, 1], "uv_size": [-4, 0]},
								"east": {"uv": [1, 1], "uv_size": [-1, 0]},
								"south": {"uv": [5, 1], "uv_size": [-4, 0]},
								"west": {"uv": [6, 1], "uv_size": [-1, 0]},
								"up": {"uv": [1, 1], "uv_size": [4, -1]},
								"down": {"uv": [5, 0], "uv_size": [4, 1]}
							}
						},
						{
							"origin": [7.26988, 6.12, -2.54106],
							"size": [4.4, 0.16, 1.6],
							"pivot": [8.06988, 6.12, -1.74106],
							"rotation": [0, 45, 0],
							"uv": {
								"north": {"uv": [10, 1], "uv_size": [-4, 0]},
								"east": {"uv": [1, 1], "uv_size": [-1, 0]},
								"south": {"uv": [5, 1], "uv_size": [-4, 0]},
								"west": {"uv": [6, 1], "uv_size": [-1, 0]},
								"up": {"uv": [1, 1], "uv_size": [4, -1]},
								"down": {"uv": [5, 0], "uv_size": [4, 1]}
							}
						},
						{
							"origin": [6.75696, 6.12, -2.93464],
							"size": [4.4, 0.16, 1.6],
							"pivot": [7.55696, 6.12, -2.13464],
							"rotation": [0, 60, 0],
							"uv": {
								"north": {"uv": [10, 1], "uv_size": [-4, 0]},
								"east": {"uv": [1, 1], "uv_size": [-1, 0]},
								"south": {"uv": [5, 1], "uv_size": [-4, 0]},
								"west": {"uv": [6, 1], "uv_size": [-1, 0]},
								"up": {"uv": [1, 1], "uv_size": [4, -1]},
								"down": {"uv": [5, 0], "uv_size": [4, 1]}
							}
						},
						{
							"origin": [5.51866, 6.12, -3.26644],
							"size": [4.4, 0.16, 1.6],
							"pivot": [6.31866, 6.12, -2.46644],
							"rotation": [0, 90, 0],
							"uv": {
								"north": {"uv": [10, 1], "uv_size": [-4, 0]},
								"east": {"uv": [1, 1], "uv_size": [-1, 0]},
								"south": {"uv": [5, 1], "uv_size": [-4, 0]},
								"west": {"uv": [6, 1], "uv_size": [-1, 0]},
								"up": {"uv": [1, 1], "uv_size": [4, -1]},
								"down": {"uv": [5, 0], "uv_size": [4, 1]}
							}
						},
						{
							"origin": [6.15965, 6.12, -3.18205],
							"size": [4.4, 0.16, 1.6],
							"pivot": [6.95965, 6.12, -2.38205],
							"rotation": [0, 75, 0],
							"uv": {
								"north": {"uv": [10, 1], "uv_size": [-4, 0]},
								"east": {"uv": [1, 1], "uv_size": [-1, 0]},
								"south": {"uv": [5, 1], "uv_size": [-4, 0]},
								"west": {"uv": [6, 1], "uv_size": [-1, 0]},
								"up": {"uv": [1, 1], "uv_size": [4, -1]},
								"down": {"uv": [5, 0], "uv_size": [4, 1]}
							}
						},
						{
							"origin": [7.66346, 6.12, -2.02814],
							"size": [4.4, 0.16, 1.6],
							"pivot": [8.46346, 6.12, -1.22814],
							"rotation": [0, 30, 0],
							"uv": {
								"north": {"uv": [10, 1], "uv_size": [-4, 0]},
								"east": {"uv": [1, 1], "uv_size": [-1, 0]},
								"south": {"uv": [5, 1], "uv_size": [-4, 0]},
								"west": {"uv": [6, 1], "uv_size": [-1, 0]},
								"up": {"uv": [1, 1], "uv_size": [4, -1]},
								"down": {"uv": [5, 0], "uv_size": [4, 1]}
							}
						}
					]
				},
				{
					"name": "bone5",
					"parent": "bone9",
					"pivot": [6.4, 0, -0.5],
					"cubes": [
						{
							"origin": [8.35696, 6.12, 0.25497],
							"size": [3.9, 0.16, 1.6],
							"pivot": [7.15696, 6.12, 2.15497],
							"rotation": [0, -104, 0],
							"uv": {
								"north": {"uv": [8, 1], "uv_size": [-3, 0]},
								"east": {"uv": [1, 1], "uv_size": [-1, 0]},
								"south": {"uv": [4, 1], "uv_size": [-3, 0]},
								"west": {"uv": [5, 1], "uv_size": [-1, 0]},
								"up": {"uv": [1, 1], "uv_size": [3, -1]},
								"down": {"uv": [4, 0], "uv_size": [3, 1]}
							}
						},
						{
							"origin": [7.75696, 6.12, -0.34503],
							"size": [3.9, 0.16, 1.6],
							"pivot": [7.15696, 6.12, 2.15497],
							"rotation": [0, -112, 0],
							"uv": {
								"north": {"uv": [8, 1], "uv_size": [-3, 0]},
								"east": {"uv": [1, 1], "uv_size": [-1, 0]},
								"south": {"uv": [4, 1], "uv_size": [-3, 0]},
								"west": {"uv": [5, 1], "uv_size": [-1, 0]},
								"up": {"uv": [1, 1], "uv_size": [3, -1]},
								"down": {"uv": [4, 0], "uv_size": [3, 1]}
							}
						},
						{
							"origin": [7.62296, 6.12, 3.86193],
							"size": [0.8, 0.16, 1.6],
							"pivot": [6.42296, 6.12, 5.76193],
							"rotation": [0, -111, 0],
							"uv": {
								"north": {"uv": [2, 1], "uv_size": [0, 0]},
								"east": {"uv": [1, 1], "uv_size": [-1, 0]},
								"south": {"uv": [1, 1], "uv_size": [0, 0]},
								"west": {"uv": [2, 1], "uv_size": [-1, 0]},
								"up": {"uv": [1, 1], "uv_size": [0, -1]},
								"down": {"uv": [1, 0], "uv_size": [0, 1]}
							}
						},
						{
							"origin": [7.88479, 6.12, 4.30818],
							"size": [1.5, 0.16, 1.6],
							"pivot": [6.68479, 6.12, 6.20818],
							"rotation": [0, -127, 0],
							"uv": {
								"north": {"uv": [4, 1], "uv_size": [-1, 0]},
								"east": {"uv": [1, 1], "uv_size": [-1, 0]},
								"south": {"uv": [2, 1], "uv_size": [-1, 0]},
								"west": {"uv": [3, 1], "uv_size": [-1, 0]},
								"up": {"uv": [1, 1], "uv_size": [1, -1]},
								"down": {"uv": [2, 0], "uv_size": [1, 1]}
							}
						},
						{
							"origin": [7.16828, 6.12, 5.44482],
							"size": [1.5, 0.16, 0.9],
							"pivot": [5.96828, 6.12, 7.34482],
							"rotation": [0, -132, 0],
							"uv": {
								"north": {"uv": [2, 0], "uv_size": [-1, 0]},
								"east": {"uv": [0, 0], "uv_size": [0, 0]},
								"south": {"uv": [1, 0], "uv_size": [-1, 0]},
								"west": {"uv": [1, 0], "uv_size": [0, 0]},
								"up": {"uv": [0, 0], "uv_size": [1, 0]},
								"down": {"uv": [1, 0], "uv_size": [1, 0]}
							}
						},
						{
							"origin": [8.06828, 6.12, 5.74482],
							"size": [1.5, 0.16, 0.4],
							"pivot": [5.96828, 6.12, 7.34482],
							"rotation": [0, -132, 0],
							"uv": {
								"north": {"uv": [2, 0], "uv_size": [-1, 0]},
								"east": {"uv": [0, 0], "uv_size": [0, 0]},
								"south": {"uv": [1, 0], "uv_size": [-1, 0]},
								"west": {"uv": [1, 0], "uv_size": [0, 0]},
								"up": {"uv": [0, 0], "uv_size": [1, 0]},
								"down": {"uv": [1, 0], "uv_size": [1, 0]}
							}
						},
						{
							"origin": [7.56828, 6.12, 6.04482],
							"size": [1.5, 0.16, 0.4],
							"pivot": [5.96828, 6.12, 7.34482],
							"rotation": [0, -132, 0],
							"uv": {
								"north": {"uv": [2, 0], "uv_size": [-1, 0]},
								"east": {"uv": [0, 0], "uv_size": [0, 0]},
								"south": {"uv": [1, 0], "uv_size": [-1, 0]},
								"west": {"uv": [1, 0], "uv_size": [0, 0]},
								"up": {"uv": [0, 0], "uv_size": [1, 0]},
								"down": {"uv": [1, 0], "uv_size": [1, 0]}
							}
						},
						{
							"origin": [6.45214, 6.12, 6.49855],
							"size": [1.5, 0.16, 0.3],
							"pivot": [5.25214, 6.12, 8.39855],
							"rotation": [0, -139.5, 0],
							"uv": {
								"north": {"uv": [2, 0], "uv_size": [-1, 0]},
								"east": {"uv": [0, 0], "uv_size": [0, 0]},
								"south": {"uv": [1, 0], "uv_size": [-1, 0]},
								"west": {"uv": [1, 0], "uv_size": [0, 0]},
								"up": {"uv": [0, 0], "uv_size": [1, 0]},
								"down": {"uv": [1, 0], "uv_size": [1, 0]}
							}
						},
						{
							"origin": [4.49748, 6.12, 6.41889],
							"size": [1.7, 0.16, 0.3],
							"pivot": [3.49748, 6.12, 8.31889],
							"rotation": [0, -107, 0],
							"uv": {
								"north": {"uv": [2, 0], "uv_size": [-1, 0]},
								"east": {"uv": [0, 0], "uv_size": [0, 0]},
								"south": {"uv": [1, 0], "uv_size": [-1, 0]},
								"west": {"uv": [1, 0], "uv_size": [0, 0]},
								"up": {"uv": [0, 0], "uv_size": [1, 0]},
								"down": {"uv": [1, 0], "uv_size": [1, 0]}
							}
						},
						{
							"origin": [4.46529, 6.12, 4.21928],
							"size": [1.7, 0.16, 1.1],
							"pivot": [3.46529, 6.12, 6.91928],
							"rotation": [0, -97, 0],
							"uv": {
								"north": {"uv": [4, 1], "uv_size": [-1, 0]},
								"east": {"uv": [1, 1], "uv_size": [-1, 0]},
								"south": {"uv": [2, 1], "uv_size": [-1, 0]},
								"west": {"uv": [3, 1], "uv_size": [-1, 0]},
								"up": {"uv": [1, 1], "uv_size": [1, -1]},
								"down": {"uv": [2, 0], "uv_size": [1, 1]}
							}
						},
						{
							"origin": [4.60117, 6.12, 1.91925],
							"size": [1.4, 0.16, 2.1],
							"pivot": [3.10117, 6.12, 5.61925],
							"rotation": [0, -85, 0],
							"uv": {
								"north": {"uv": [6, 2], "uv_size": [-1, 0]},
								"east": {"uv": [2, 2], "uv_size": [-2, 0]},
								"south": {"uv": [3, 2], "uv_size": [-1, 0]},
								"west": {"uv": [5, 2], "uv_size": [-2, 0]},
								"up": {"uv": [2, 2], "uv_size": [1, -2]},
								"down": {"uv": [3, 0], "uv_size": [1, 2]}
							}
						},
						{
							"origin": [4.73098, 6.12, 1.40083],
							"size": [0.7, 0.16, 2],
							"pivot": [2.73098, 6.12, 5.00083],
							"rotation": [0, -78, 0],
							"uv": {
								"north": {"uv": [4, 2], "uv_size": [0, 0]},
								"east": {"uv": [2, 2], "uv_size": [-2, 0]},
								"south": {"uv": [2, 2], "uv_size": [0, 0]},
								"west": {"uv": [4, 2], "uv_size": [-2, 0]},
								"up": {"uv": [2, 2], "uv_size": [0, -2]},
								"down": {"uv": [2, 0], "uv_size": [0, 2]}
							}
						},
						{
							"origin": [4.32977, 6.12, 0.52778],
							"size": [1.2, 0.16, 2.5],
							"pivot": [2.32977, 6.12, 4.62778],
							"rotation": [0, -71, 0],
							"uv": {
								"north": {"uv": [6, 2], "uv_size": [-1, 0]},
								"east": {"uv": [2, 2], "uv_size": [-2, 0]},
								"south": {"uv": [3, 2], "uv_size": [-1, 0]},
								"west": {"uv": [5, 2], "uv_size": [-2, 0]},
								"up": {"uv": [2, 2], "uv_size": [1, -2]},
								"down": {"uv": [3, 0], "uv_size": [1, 2]}
							}
						},
						{
							"origin": [3.94346, 6.12, 2.30646],
							"size": [0.7, 0.16, 0.3],
							"pivot": [1.94346, 6.12, 4.20646],
							"rotation": [0, -66, 0],
							"uv": {
								"north": {"uv": [0, 0], "uv_size": [0, 0]},
								"east": {"uv": [0, 0], "uv_size": [0, 0]},
								"south": {"uv": [0, 0], "uv_size": [0, 0]},
								"west": {"uv": [0, 0], "uv_size": [0, 0]},
								"up": {"uv": [0, 0], "uv_size": [0, 0]},
								"down": {"uv": [0, 0], "uv_size": [0, 0]}
							}
						}
					]
				},
				{
					"name": "bone6",
					"parent": "bone5",
					"pivot": [5.8, 0, 0.8],
					"rotation": [0, 90, 0],
					"cubes": [
						{
							"origin": [8.55696, 6.12, 1.55497],
							"size": [3.9, 0.16, 1.6],
							"pivot": [7.35696, 6.12, 3.45497],
							"rotation": [0, -104, 0],
							"uv": {
								"north": {"uv": [8, 1], "uv_size": [-3, 0]},
								"east": {"uv": [1, 1], "uv_size": [-1, 0]},
								"south": {"uv": [4, 1], "uv_size": [-3, 0]},
								"west": {"uv": [5, 1], "uv_size": [-1, 0]},
								"up": {"uv": [1, 1], "uv_size": [3, -1]},
								"down": {"uv": [4, 0], "uv_size": [3, 1]}
							}
						},
						{
							"origin": [7.95696, 6.12, 0.95497],
							"size": [3.9, 0.16, 1.6],
							"pivot": [7.35696, 6.12, 3.45497],
							"rotation": [0, -112, 0],
							"uv": {
								"north": {"uv": [8, 1], "uv_size": [-3, 0]},
								"east": {"uv": [1, 1], "uv_size": [-1, 0]},
								"south": {"uv": [4, 1], "uv_size": [-3, 0]},
								"west": {"uv": [5, 1], "uv_size": [-1, 0]},
								"up": {"uv": [1, 1], "uv_size": [3, -1]},
								"down": {"uv": [4, 0], "uv_size": [3, 1]}
							}
						},
						{
							"origin": [7.82296, 6.12, 5.16193],
							"size": [0.8, 0.16, 1.6],
							"pivot": [6.62296, 6.12, 7.06193],
							"rotation": [0, -111, 0],
							"uv": {
								"north": {"uv": [2, 1], "uv_size": [0, 0]},
								"east": {"uv": [1, 1], "uv_size": [-1, 0]},
								"south": {"uv": [1, 1], "uv_size": [0, 0]},
								"west": {"uv": [2, 1], "uv_size": [-1, 0]},
								"up": {"uv": [1, 1], "uv_size": [0, -1]},
								"down": {"uv": [1, 0], "uv_size": [0, 1]}
							}
						},
						{
							"origin": [8.08479, 6.12, 5.60818],
							"size": [1.5, 0.16, 1.6],
							"pivot": [6.88479, 6.12, 7.50818],
							"rotation": [0, -127, 0],
							"uv": {
								"north": {"uv": [4, 1], "uv_size": [-1, 0]},
								"east": {"uv": [1, 1], "uv_size": [-1, 0]},
								"south": {"uv": [2, 1], "uv_size": [-1, 0]},
								"west": {"uv": [3, 1], "uv_size": [-1, 0]},
								"up": {"uv": [1, 1], "uv_size": [1, -1]},
								"down": {"uv": [2, 0], "uv_size": [1, 1]}
							}
						},
						{
							"origin": [7.36828, 6.12, 6.74482],
							"size": [1.5, 0.16, 0.9],
							"pivot": [6.16828, 6.12, 8.64482],
							"rotation": [0, -132, 0],
							"uv": {
								"north": {"uv": [2, 0], "uv_size": [-1, 0]},
								"east": {"uv": [0, 0], "uv_size": [0, 0]},
								"south": {"uv": [1, 0], "uv_size": [-1, 0]},
								"west": {"uv": [1, 0], "uv_size": [0, 0]},
								"up": {"uv": [0, 0], "uv_size": [1, 0]},
								"down": {"uv": [1, 0], "uv_size": [1, 0]}
							}
						},
						{
							"origin": [8.26828, 6.12, 7.04482],
							"size": [1.5, 0.16, 0.4],
							"pivot": [6.16828, 6.12, 8.64482],
							"rotation": [0, -132, 0],
							"uv": {
								"north": {"uv": [2, 0], "uv_size": [-1, 0]},
								"east": {"uv": [0, 0], "uv_size": [0, 0]},
								"south": {"uv": [1, 0], "uv_size": [-1, 0]},
								"west": {"uv": [1, 0], "uv_size": [0, 0]},
								"up": {"uv": [0, 0], "uv_size": [1, 0]},
								"down": {"uv": [1, 0], "uv_size": [1, 0]}
							}
						},
						{
							"origin": [7.76828, 6.12, 7.34482],
							"size": [1.5, 0.16, 0.4],
							"pivot": [6.16828, 6.12, 8.64482],
							"rotation": [0, -132, 0],
							"uv": {
								"north": {"uv": [2, 0], "uv_size": [-1, 0]},
								"east": {"uv": [0, 0], "uv_size": [0, 0]},
								"south": {"uv": [1, 0], "uv_size": [-1, 0]},
								"west": {"uv": [1, 0], "uv_size": [0, 0]},
								"up": {"uv": [0, 0], "uv_size": [1, 0]},
								"down": {"uv": [1, 0], "uv_size": [1, 0]}
							}
						},
						{
							"origin": [6.65214, 6.12, 7.79855],
							"size": [1.5, 0.16, 0.3],
							"pivot": [5.45214, 6.12, 9.69855],
							"rotation": [0, -139.5, 0],
							"uv": {
								"north": {"uv": [2, 0], "uv_size": [-1, 0]},
								"east": {"uv": [0, 0], "uv_size": [0, 0]},
								"south": {"uv": [1, 0], "uv_size": [-1, 0]},
								"west": {"uv": [1, 0], "uv_size": [0, 0]},
								"up": {"uv": [0, 0], "uv_size": [1, 0]},
								"down": {"uv": [1, 0], "uv_size": [1, 0]}
							}
						},
						{
							"origin": [4.69748, 6.12, 7.71889],
							"size": [1.7, 0.16, 0.3],
							"pivot": [3.69748, 6.12, 9.61889],
							"rotation": [0, -107, 0],
							"uv": {
								"north": {"uv": [2, 0], "uv_size": [-1, 0]},
								"east": {"uv": [0, 0], "uv_size": [0, 0]},
								"south": {"uv": [1, 0], "uv_size": [-1, 0]},
								"west": {"uv": [1, 0], "uv_size": [0, 0]},
								"up": {"uv": [0, 0], "uv_size": [1, 0]},
								"down": {"uv": [1, 0], "uv_size": [1, 0]}
							}
						},
						{
							"origin": [4.66529, 6.12, 5.51928],
							"size": [1.7, 0.16, 1.1],
							"pivot": [3.66529, 6.12, 8.21928],
							"rotation": [0, -97, 0],
							"uv": {
								"north": {"uv": [4, 1], "uv_size": [-1, 0]},
								"east": {"uv": [1, 1], "uv_size": [-1, 0]},
								"south": {"uv": [2, 1], "uv_size": [-1, 0]},
								"west": {"uv": [3, 1], "uv_size": [-1, 0]},
								"up": {"uv": [1, 1], "uv_size": [1, -1]},
								"down": {"uv": [2, 0], "uv_size": [1, 1]}
							}
						},
						{
							"origin": [4.80117, 6.12, 3.21925],
							"size": [1.4, 0.16, 2.1],
							"pivot": [3.30117, 6.12, 6.91925],
							"rotation": [0, -85, 0],
							"uv": {
								"north": {"uv": [6, 2], "uv_size": [-1, 0]},
								"east": {"uv": [2, 2], "uv_size": [-2, 0]},
								"south": {"uv": [3, 2], "uv_size": [-1, 0]},
								"west": {"uv": [5, 2], "uv_size": [-2, 0]},
								"up": {"uv": [2, 2], "uv_size": [1, -2]},
								"down": {"uv": [3, 0], "uv_size": [1, 2]}
							}
						},
						{
							"origin": [4.93098, 6.12, 2.70083],
							"size": [0.7, 0.16, 2],
							"pivot": [2.93098, 6.12, 6.30083],
							"rotation": [0, -78, 0],
							"uv": {
								"north": {"uv": [4, 2], "uv_size": [0, 0]},
								"east": {"uv": [2, 2], "uv_size": [-2, 0]},
								"south": {"uv": [2, 2], "uv_size": [0, 0]},
								"west": {"uv": [4, 2], "uv_size": [-2, 0]},
								"up": {"uv": [2, 2], "uv_size": [0, -2]},
								"down": {"uv": [2, 0], "uv_size": [0, 2]}
							}
						},
						{
							"origin": [4.52977, 6.12, 1.82778],
							"size": [1.2, 0.16, 2.5],
							"pivot": [2.52977, 6.12, 5.92778],
							"rotation": [0, -71, 0],
							"uv": {
								"north": {"uv": [6, 2], "uv_size": [-1, 0]},
								"east": {"uv": [2, 2], "uv_size": [-2, 0]},
								"south": {"uv": [3, 2], "uv_size": [-1, 0]},
								"west": {"uv": [5, 2], "uv_size": [-2, 0]},
								"up": {"uv": [2, 2], "uv_size": [1, -2]},
								"down": {"uv": [3, 0], "uv_size": [1, 2]}
							}
						},
						{
							"origin": [4.14346, 6.12, 3.60646],
							"size": [0.7, 0.16, 0.3],
							"pivot": [2.14346, 6.12, 5.50646],
							"rotation": [0, -66, 0],
							"uv": {
								"north": {"uv": [0, 0], "uv_size": [0, 0]},
								"east": {"uv": [0, 0], "uv_size": [0, 0]},
								"south": {"uv": [0, 0], "uv_size": [0, 0]},
								"west": {"uv": [0, 0], "uv_size": [0, 0]},
								"up": {"uv": [0, 0], "uv_size": [0, 0]},
								"down": {"uv": [0, 0], "uv_size": [0, 0]}
							}
						}
					]
				},
				{
					"name": "bone7",
					"parent": "bone5",
					"pivot": [6.3, 0, 0.5],
					"cubes": [
						{
							"origin": [0.44304, 6.12, -1.85497],
							"size": [3.9, 0.16, 1.6],
							"pivot": [5.54304, 6.12, -2.15497],
							"rotation": [0, -104, 0],
							"uv": {
								"north": {"uv": [5, 1], "uv_size": [3, 0]},
								"east": {"uv": [4, 1], "uv_size": [1, 0]},
								"south": {"uv": [1, 1], "uv_size": [3, 0]},
								"west": {"uv": [0, 1], "uv_size": [1, 0]},
								"up": {"uv": [4, 1], "uv_size": [-3, -1]},
								"down": {"uv": [7, 0], "uv_size": [-3, 1]}
							}
						},
						{
							"origin": [1.04304, 6.12, -1.25497],
							"size": [3.9, 0.16, 1.6],
							"pivot": [5.54304, 6.12, -2.15497],
							"rotation": [0, -112, 0],
							"uv": {
								"north": {"uv": [5, 1], "uv_size": [3, 0]},
								"east": {"uv": [4, 1], "uv_size": [1, 0]},
								"south": {"uv": [1, 1], "uv_size": [3, 0]},
								"west": {"uv": [0, 1], "uv_size": [1, 0]},
								"up": {"uv": [4, 1], "uv_size": [-3, -1]},
								"down": {"uv": [7, 0], "uv_size": [-3, 1]}
							}
						},
						{
							"origin": [4.27704, 6.12, -5.46193],
							"size": [0.8, 0.16, 1.6],
							"pivot": [6.27704, 6.12, -5.76193],
							"rotation": [0, -111, 0],
							"uv": {
								"north": {"uv": [2, 1], "uv_size": [0, 0]},
								"east": {"uv": [1, 1], "uv_size": [1, 0]},
								"south": {"uv": [1, 1], "uv_size": [0, 0]},
								"west": {"uv": [0, 1], "uv_size": [1, 0]},
								"up": {"uv": [1, 1], "uv_size": [0, -1]},
								"down": {"uv": [1, 0], "uv_size": [0, 1]}
							}
						},
						{
							"origin": [3.31521, 6.12, -5.90818],
							"size": [1.5, 0.16, 1.6],
							"pivot": [6.01521, 6.12, -6.20818],
							"rotation": [0, -127, 0],
							"uv": {
								"north": {"uv": [3, 1], "uv_size": [1, 0]},
								"east": {"uv": [2, 1], "uv_size": [1, 0]},
								"south": {"uv": [1, 1], "uv_size": [1, 0]},
								"west": {"uv": [0, 1], "uv_size": [1, 0]},
								"up": {"uv": [2, 1], "uv_size": [-1, -1]},
								"down": {"uv": [3, 0], "uv_size": [-1, 1]}
							}
						},
						{
							"origin": [4.03172, 6.12, -6.34482],
							"size": [1.5, 0.16, 0.9],
							"pivot": [6.73172, 6.12, -7.34482],
							"rotation": [0, -132, 0],
							"uv": {
								"north": {"uv": [1, 0], "uv_size": [1, 0]},
								"east": {"uv": [1, 0], "uv_size": [0, 0]},
								"south": {"uv": [0, 0], "uv_size": [1, 0]},
								"west": {"uv": [0, 0], "uv_size": [0, 0]},
								"up": {"uv": [1, 0], "uv_size": [-1, 0]},
								"down": {"uv": [2, 0], "uv_size": [-1, 0]}
							}
						},
						{
							"origin": [3.13172, 6.12, -6.14482],
							"size": [1.5, 0.16, 0.4],
							"pivot": [6.73172, 6.12, -7.34482],
							"rotation": [0, -132, 0],
							"uv": {
								"north": {"uv": [1, 0], "uv_size": [1, 0]},
								"east": {"uv": [1, 0], "uv_size": [0, 0]},
								"south": {"uv": [0, 0], "uv_size": [1, 0]},
								"west": {"uv": [0, 0], "uv_size": [0, 0]},
								"up": {"uv": [1, 0], "uv_size": [-1, 0]},
								"down": {"uv": [2, 0], "uv_size": [-1, 0]}
							}
						},
						{
							"origin": [3.63172, 6.12, -6.44482],
							"size": [1.5, 0.16, 0.4],
							"pivot": [6.73172, 6.12, -7.34482],
							"rotation": [0, -132, 0],
							"uv": {
								"north": {"uv": [1, 0], "uv_size": [1, 0]},
								"east": {"uv": [1, 0], "uv_size": [0, 0]},
								"south": {"uv": [0, 0], "uv_size": [1, 0]},
								"west": {"uv": [0, 0], "uv_size": [0, 0]},
								"up": {"uv": [1, 0], "uv_size": [-1, 0]},
								"down": {"uv": [2, 0], "uv_size": [-1, 0]}
							}
						},
						{
							"origin": [4.74786, 6.12, -6.79855],
							"size": [1.5, 0.16, 0.3],
							"pivot": [7.44786, 6.12, -8.39855],
							"rotation": [0, -139.5, 0],
							"uv": {
								"north": {"uv": [1, 0], "uv_size": [1, 0]},
								"east": {"uv": [1, 0], "uv_size": [0, 0]},
								"south": {"uv": [0, 0], "uv_size": [1, 0]},
								"west": {"uv": [0, 0], "uv_size": [0, 0]},
								"up": {"uv": [1, 0], "uv_size": [-1, 0]},
								"down": {"uv": [2, 0], "uv_size": [-1, 0]}
							}
						},
						{
							"origin": [6.50252, 6.12, -6.71889],
							"size": [1.7, 0.16, 0.3],
							"pivot": [9.20252, 6.12, -8.31889],
							"rotation": [0, -107, 0],
							"uv": {
								"north": {"uv": [1, 0], "uv_size": [1, 0]},
								"east": {"uv": [1, 0], "uv_size": [0, 0]},
								"south": {"uv": [0, 0], "uv_size": [1, 0]},
								"west": {"uv": [0, 0], "uv_size": [0, 0]},
								"up": {"uv": [1, 0], "uv_size": [-1, 0]},
								"down": {"uv": [2, 0], "uv_size": [-1, 0]}
							}
						},
						{
							"origin": [6.53471, 6.12, -5.31928],
							"size": [1.7, 0.16, 1.1],
							"pivot": [9.23471, 6.12, -6.91928],
							"rotation": [0, -97, 0],
							"uv": {
								"north": {"uv": [3, 1], "uv_size": [1, 0]},
								"east": {"uv": [2, 1], "uv_size": [1, 0]},
								"south": {"uv": [1, 1], "uv_size": [1, 0]},
								"west": {"uv": [0, 1], "uv_size": [1, 0]},
								"up": {"uv": [2, 1], "uv_size": [-1, -1]},
								"down": {"uv": [3, 0], "uv_size": [-1, 1]}
							}
						},
						{
							"origin": [6.69883, 6.12, -4.01925],
							"size": [1.4, 0.16, 2.1],
							"pivot": [9.59883, 6.12, -5.61925],
							"rotation": [0, -85, 0],
							"uv": {
								"north": {"uv": [5, 2], "uv_size": [1, 0]},
								"east": {"uv": [3, 2], "uv_size": [2, 0]},
								"south": {"uv": [2, 2], "uv_size": [1, 0]},
								"west": {"uv": [0, 2], "uv_size": [2, 0]},
								"up": {"uv": [3, 2], "uv_size": [-1, -2]},
								"down": {"uv": [4, 0], "uv_size": [-1, 2]}
							}
						},
						{
							"origin": [7.26902, 6.12, -3.40083],
							"size": [0.7, 0.16, 2],
							"pivot": [9.96902, 6.12, -5.00083],
							"rotation": [0, -78, 0],
							"uv": {
								"north": {"uv": [4, 2], "uv_size": [0, 0]},
								"east": {"uv": [2, 2], "uv_size": [2, 0]},
								"south": {"uv": [2, 2], "uv_size": [0, 0]},
								"west": {"uv": [0, 2], "uv_size": [2, 0]},
								"up": {"uv": [2, 2], "uv_size": [0, -2]},
								"down": {"uv": [2, 0], "uv_size": [0, 2]}
							}
						},
						{
							"origin": [7.17023, 6.12, -3.02778],
							"size": [1.2, 0.16, 2.5],
							"pivot": [10.37023, 6.12, -4.62778],
							"rotation": [0, -71, 0],
							"uv": {
								"north": {"uv": [5, 2], "uv_size": [1, 0]},
								"east": {"uv": [3, 2], "uv_size": [2, 0]},
								"south": {"uv": [2, 2], "uv_size": [1, 0]},
								"west": {"uv": [0, 2], "uv_size": [2, 0]},
								"up": {"uv": [3, 2], "uv_size": [-1, -2]},
								"down": {"uv": [4, 0], "uv_size": [-1, 2]}
							}
						},
						{
							"origin": [8.05654, 6.12, -2.60646],
							"size": [0.7, 0.16, 0.3],
							"pivot": [10.75654, 6.12, -4.20646],
							"rotation": [0, -66, 0],
							"uv": {
								"north": {"uv": [0, 0], "uv_size": [0, 0]},
								"east": {"uv": [0, 0], "uv_size": [0, 0]},
								"south": {"uv": [0, 0], "uv_size": [0, 0]},
								"west": {"uv": [0, 0], "uv_size": [0, 0]},
								"up": {"uv": [0, 0], "uv_size": [0, 0]},
								"down": {"uv": [0, 0], "uv_size": [0, 0]}
							}
						}
					]
				},
				{
					"name": "bone8",
					"parent": "bone7",
					"pivot": [6.9, 0, -0.8],
					"rotation": [0, 90, 0],
					"cubes": [
						{
							"origin": [0.24304, 6.12, -3.15497],
							"size": [3.9, 0.16, 1.6],
							"pivot": [5.34304, 6.12, -3.45497],
							"rotation": [0, -104, 0],
							"uv": {
								"north": {"uv": [5, 1], "uv_size": [3, 0]},
								"east": {"uv": [4, 1], "uv_size": [1, 0]},
								"south": {"uv": [1, 1], "uv_size": [3, 0]},
								"west": {"uv": [0, 1], "uv_size": [1, 0]},
								"up": {"uv": [4, 1], "uv_size": [-3, -1]},
								"down": {"uv": [7, 0], "uv_size": [-3, 1]}
							}
						},
						{
							"origin": [0.84304, 6.12, -2.55497],
							"size": [3.9, 0.16, 1.6],
							"pivot": [5.34304, 6.12, -3.45497],
							"rotation": [0, -112, 0],
							"uv": {
								"north": {"uv": [5, 1], "uv_size": [3, 0]},
								"east": {"uv": [4, 1], "uv_size": [1, 0]},
								"south": {"uv": [1, 1], "uv_size": [3, 0]},
								"west": {"uv": [0, 1], "uv_size": [1, 0]},
								"up": {"uv": [4, 1], "uv_size": [-3, -1]},
								"down": {"uv": [7, 0], "uv_size": [-3, 1]}
							}
						},
						{
							"origin": [4.07704, 6.12, -6.76193],
							"size": [0.8, 0.16, 1.6],
							"pivot": [6.07704, 6.12, -7.06193],
							"rotation": [0, -111, 0],
							"uv": {
								"north": {"uv": [2, 1], "uv_size": [0, 0]},
								"east": {"uv": [1, 1], "uv_size": [1, 0]},
								"south": {"uv": [1, 1], "uv_size": [0, 0]},
								"west": {"uv": [0, 1], "uv_size": [1, 0]},
								"up": {"uv": [1, 1], "uv_size": [0, -1]},
								"down": {"uv": [1, 0], "uv_size": [0, 1]}
							}
						},
						{
							"origin": [3.11521, 6.12, -7.20818],
							"size": [1.5, 0.16, 1.6],
							"pivot": [5.81521, 6.12, -7.50818],
							"rotation": [0, -127, 0],
							"uv": {
								"north": {"uv": [3, 1], "uv_size": [1, 0]},
								"east": {"uv": [2, 1], "uv_size": [1, 0]},
								"south": {"uv": [1, 1], "uv_size": [1, 0]},
								"west": {"uv": [0, 1], "uv_size": [1, 0]},
								"up": {"uv": [2, 1], "uv_size": [-1, -1]},
								"down": {"uv": [3, 0], "uv_size": [-1, 1]}
							}
						},
						{
							"origin": [3.83172, 6.12, -7.64482],
							"size": [1.5, 0.16, 0.9],
							"pivot": [6.53172, 6.12, -8.64482],
							"rotation": [0, -132, 0],
							"uv": {
								"north": {"uv": [1, 0], "uv_size": [1, 0]},
								"east": {"uv": [1, 0], "uv_size": [0, 0]},
								"south": {"uv": [0, 0], "uv_size": [1, 0]},
								"west": {"uv": [0, 0], "uv_size": [0, 0]},
								"up": {"uv": [1, 0], "uv_size": [-1, 0]},
								"down": {"uv": [2, 0], "uv_size": [-1, 0]}
							}
						},
						{
							"origin": [2.93172, 6.12, -7.44482],
							"size": [1.5, 0.16, 0.4],
							"pivot": [6.53172, 6.12, -8.64482],
							"rotation": [0, -132, 0],
							"uv": {
								"north": {"uv": [1, 0], "uv_size": [1, 0]},
								"east": {"uv": [1, 0], "uv_size": [0, 0]},
								"south": {"uv": [0, 0], "uv_size": [1, 0]},
								"west": {"uv": [0, 0], "uv_size": [0, 0]},
								"up": {"uv": [1, 0], "uv_size": [-1, 0]},
								"down": {"uv": [2, 0], "uv_size": [-1, 0]}
							}
						},
						{
							"origin": [3.43172, 6.12, -7.74482],
							"size": [1.5, 0.16, 0.4],
							"pivot": [6.53172, 6.12, -8.64482],
							"rotation": [0, -132, 0],
							"uv": {
								"north": {"uv": [1, 0], "uv_size": [1, 0]},
								"east": {"uv": [1, 0], "uv_size": [0, 0]},
								"south": {"uv": [0, 0], "uv_size": [1, 0]},
								"west": {"uv": [0, 0], "uv_size": [0, 0]},
								"up": {"uv": [1, 0], "uv_size": [-1, 0]},
								"down": {"uv": [2, 0], "uv_size": [-1, 0]}
							}
						},
						{
							"origin": [4.54786, 6.12, -8.09855],
							"size": [1.5, 0.16, 0.3],
							"pivot": [7.24786, 6.12, -9.69855],
							"rotation": [0, -139.5, 0],
							"uv": {
								"north": {"uv": [1, 0], "uv_size": [1, 0]},
								"east": {"uv": [1, 0], "uv_size": [0, 0]},
								"south": {"uv": [0, 0], "uv_size": [1, 0]},
								"west": {"uv": [0, 0], "uv_size": [0, 0]},
								"up": {"uv": [1, 0], "uv_size": [-1, 0]},
								"down": {"uv": [2, 0], "uv_size": [-1, 0]}
							}
						},
						{
							"origin": [6.30252, 6.12, -8.01889],
							"size": [1.7, 0.16, 0.3],
							"pivot": [9.00252, 6.12, -9.61889],
							"rotation": [0, -107, 0],
							"uv": {
								"north": {"uv": [1, 0], "uv_size": [1, 0]},
								"east": {"uv": [1, 0], "uv_size": [0, 0]},
								"south": {"uv": [0, 0], "uv_size": [1, 0]},
								"west": {"uv": [0, 0], "uv_size": [0, 0]},
								"up": {"uv": [1, 0], "uv_size": [-1, 0]},
								"down": {"uv": [2, 0], "uv_size": [-1, 0]}
							}
						},
						{
							"origin": [6.33471, 6.12, -6.61928],
							"size": [1.7, 0.16, 1.1],
							"pivot": [9.03471, 6.12, -8.21928],
							"rotation": [0, -97, 0],
							"uv": {
								"north": {"uv": [3, 1], "uv_size": [1, 0]},
								"east": {"uv": [2, 1], "uv_size": [1, 0]},
								"south": {"uv": [1, 1], "uv_size": [1, 0]},
								"west": {"uv": [0, 1], "uv_size": [1, 0]},
								"up": {"uv": [2, 1], "uv_size": [-1, -1]},
								"down": {"uv": [3, 0], "uv_size": [-1, 1]}
							}
						},
						{
							"origin": [6.49883, 6.12, -5.31925],
							"size": [1.4, 0.16, 2.1],
							"pivot": [9.39883, 6.12, -6.91925],
							"rotation": [0, -85, 0],
							"uv": {
								"north": {"uv": [5, 2], "uv_size": [1, 0]},
								"east": {"uv": [3, 2], "uv_size": [2, 0]},
								"south": {"uv": [2, 2], "uv_size": [1, 0]},
								"west": {"uv": [0, 2], "uv_size": [2, 0]},
								"up": {"uv": [3, 2], "uv_size": [-1, -2]},
								"down": {"uv": [4, 0], "uv_size": [-1, 2]}
							}
						},
						{
							"origin": [7.06902, 6.12, -4.70083],
							"size": [0.7, 0.16, 2],
							"pivot": [9.76902, 6.12, -6.30083],
							"rotation": [0, -78, 0],
							"uv": {
								"north": {"uv": [4, 2], "uv_size": [0, 0]},
								"east": {"uv": [2, 2], "uv_size": [2, 0]},
								"south": {"uv": [2, 2], "uv_size": [0, 0]},
								"west": {"uv": [0, 2], "uv_size": [2, 0]},
								"up": {"uv": [2, 2], "uv_size": [0, -2]},
								"down": {"uv": [2, 0], "uv_size": [0, 2]}
							}
						},
						{
							"origin": [6.97023, 6.12, -4.32778],
							"size": [1.2, 0.16, 2.5],
							"pivot": [10.17023, 6.12, -5.92778],
							"rotation": [0, -71, 0],
							"uv": {
								"north": {"uv": [5, 2], "uv_size": [1, 0]},
								"east": {"uv": [3, 2], "uv_size": [2, 0]},
								"south": {"uv": [2, 2], "uv_size": [1, 0]},
								"west": {"uv": [0, 2], "uv_size": [2, 0]},
								"up": {"uv": [3, 2], "uv_size": [-1, -2]},
								"down": {"uv": [4, 0], "uv_size": [-1, 2]}
							}
						},
						{
							"origin": [7.85654, 6.12, -3.90646],
							"size": [0.7, 0.16, 0.3],
							"pivot": [10.55654, 6.12, -5.50646],
							"rotation": [0, -66, 0],
							"uv": {
								"north": {"uv": [0, 0], "uv_size": [0, 0]},
								"east": {"uv": [0, 0], "uv_size": [0, 0]},
								"south": {"uv": [0, 0], "uv_size": [0, 0]},
								"west": {"uv": [0, 0], "uv_size": [0, 0]},
								"up": {"uv": [0, 0], "uv_size": [0, 0]},
								"down": {"uv": [0, 0], "uv_size": [0, 0]}
							}
						}
					]
				}
			]
		}
	]
}