{
  "set:selfmilo": {
    "textures": "set_selfmilo",
    "sound": "normal"
  },
  "set:selfultrafreya": {
    "textures": "set_selfultrafreya",
    "sound": "normal"
  },
  "set:selfbetter": {
    "textures": "set_selfbetter",
    "sound": "normal"
  },
  "set:selfindomiegoreng": {
    "textures": "set_selfindomiegoreng",
    "sound": "normal"
  },
  "set:selfnabati": {
    "textures": "set_selfnabati",
    "sound": "normal"
  },
  "set:selfindomiekariayam": {
    "textures": "set_selfindomiekariayam",
    "sound": "normal"
  },
  "set:selfnextar": {
    "textures": "set_selfnextar",
    "sound": "normal"
  },
  "set:selforeo": {
    "textures": "set_selforeo",
    "sound": "normal"
  },
  "set:selfindomiehype": {
    "textures": "set_selfindomiehype",
    "sound": "normal"
  },
  "set:tiangindomaret": {
    "textures": "set_tiangindomaret",
    "sound": "normal"
  },
  "set:selfindomierendang": {
    "textures": "set_selfindomierendang",
    "sound": "normal"
  },
  "set:selfpopokbby1": {
    "textures": "set_selfpopokbby1",
    "sound": "normal"
  },
  "set:selfpopokbby2": {
    "textures": "set_selfpopokbby2",
    "sound": "normal"
  },
  "set:selfsampurna": {
    "textures": "set_selfsampurna",
    "sound": "normal"
  },
  "set:selfmaknum": {
    "textures": "set_selfmaknum",
    "sound": "normal"
  },
  "set:selfrasamanga": {
    "textures": "set_selfrasamanga",
    "sound": "normal"
  },
  "set:selfrasadurin": {
    "textures": "set_selfrasadurin",
    "sound": "normal"
  },
  "set:selfrinso": {
    "textures": "set_selfrinso",
    "sound": "normal"
  },
  "set:selfdaia": {
    "textures": "set_selfdaia",
    "sound": "normal"
  },
  "set:selfcoklat": {
    "textures": "set_selfcoklat",
    "sound": "normal"
  },
  "set:selfrasacoklat": {
    "textures": "set_selfrasacoklat",
    "sound": "normal"
  },
  "set:selfrasaanggur": {
    "textures": "set_selfrasaanggur",
    "sound": "normal"
  },
  "set:selfrasamelon": {
    "textures": "set_selfrasamelon",
    "sound": "normal"
  },
  "set:selfultramilk2": {
    "textures": "set_selfultramilk2",
    "sound": "normal"
  },
  "set:selfultramilk1": {
    "textures": "set_selfultramilk1",
    "sound": "normal"
  },
  "set:selftaro": {
    "textures": "set_selftaro",
    "sound": "normal"
  },
  "set:selfice": {
    "textures": "set_selfice",
    "sound": "normal"
  },
  "set:slefultramilk4": {
    "textures": "set_slefultramilk4",
    "sound": "normal"
  },
  "set:selfchitato": {
    "textures": "set_selfchitato",
    "sound": "normal"
  },
  "set:selfutltramilk3": {
    "textures": "set_selfutltramilk3",
    "sound": "normal"
  },
  "set:selfpocky": {
    "textures": "set_selfpocky",
    "sound": "normal"
  },
  "set:foans": {
    "textures": "set_foans",
    "sound": "normal"
  },
  "set:selfshabun": {
    "textures": "set_selfshabun",
    "sound": "normal"
  },
  "set:selfracik": {
    "textures": "set_selfracik",
    "sound": "normal"
  },
  "set:block": {
    "textures": "set_block",
    "sound": "normal"
  },
  "set:ac": {
    "textures": "set_ac",
    "sound": "normal"
  },
  "set:selfdusaqua1": {
    "textures": "set_selfdusaqua1",
    "sound": "normal"
  },
  "set:selfdusaqua2": {
    "textures": "set_selfdusaqua2",
    "sound": "normal"
  },
  "set:selfpapan": {
    "textures": "set_selfpapan",
    "sound": "normal"
  },
  "set:selfkasir": {
    "textures": "set_selfkasir",
    "sound": "stone"
  },
  "set:blockindomaret": {
    "textures": "set_blockindomaret",
    "sound": "normal"
  },
  "set:selfrsmoking1": {
    "textures": "set_selfrsmoking1",
    "sound": "normal"
  },
  "set:selfsmoking2": {
    "textures": "set_selfsmoking2",
    "sound": "normal"
  },
  "set:selfgalon": {
    "textures": "set_selfgalon",
    "sound": "normal"
  },
  "set:selfkondom": {
    "textures": "set_selfkondom",
    "sound": "normal"
  },
  "set:selfmeja": {
    "textures": "set_selfmeja",
    "sound": "normal"
  },
  "set:beras": {
    "textures": "set_beras",
    "sound": "normal"
  },
  "set:selfkosong": {
    "textures": "set_selfkosong",
    "sound": "normal"
  },
  "format_version": [
    1,
    1,
    0
  ]
}