{
	"resource_pack_name": "vanilla",
	"texture_name": "atlas.items",
	"texture_data": {
		"cat_maid": {
			"textures": [
				"textures/items/cat_maid/maid_dress"
			]
		},
		"cat_maid_pink": {
			"textures": [
				"textures/items/cat_maid/maid_dress_pink"
			]
		},
		"cat_maid_red": {
			"textures": [
				"textures/items/cat_maid/maid_dress_red"
			]
		},
		"cat_maid_orange": {
			"textures": [
				"textures/items/cat_maid/maid_dress_orange"
			]
		},
		"cat_maid_yellow": {
			"textures": [
				"textures/items/cat_maid/maid_dress_yellow"
			]
		},
		"cat_maid_light_green": {
			"textures": [
				"textures/items/cat_maid/maid_dress_lime"
			]
		},
		"cat_maid_green": {
			"textures": [
				"textures/items/cat_maid/maid_dress_green"
			]
		},
		"cat_maid_cyan": {
			"textures": [
				"textures/items/cat_maid/maid_dress_cyan"
			]
		},
		"cat_maid_light_blue": {
			"textures": [
				"textures/items/cat_maid/maid_dress_light_blue"
			]
		},
		"cat_maid_blue": {
			"textures": [
				"textures/items/cat_maid/maid_dress_blue"
			]
		},
		"cat_maid_purple": {
			"textures": [
				"textures/items/cat_maid/maid_dress_purple"
			]
		},
		"cat_maid_magenta": {
			"textures": [
				"textures/items/cat_maid/maid_dress_magenta"
			]
		},
		"cat_maid_brown": {
			"textures": [
				"textures/items/cat_maid/maid_dress_brown"
			]
		},
		"cat_maid_light_gray": {
			"textures": [
				"textures/items/cat_maid/maid_dress_silver"
			]
		},
		"cat_maid_dark_gray": {
			"textures": [
				"textures/items/cat_maid/maid_dress_gray"
			]
		},
		"cat_maid_white": {
			"textures": [
				"textures/items/cat_maid/maid_dress_white"
			]
		},
		"cat_maid_amethyst": {
			"textures": [
				"textures/items/cat_maid/maid_dress_amethyst"
			]
		}
	}
}