{
  "resource_pack_name": "vanilla",
  "texture_name": "atlas.terrain",
  "padding": 8,
  "num_mip_levels": 4,
  "texture_data": {
    "pa_etalase_rokok": {
      "textures": [
        "textures/blocks/pa_etalase_rokok"
      ]
    },
    "pa_galon_air": {
      "textures": [
        "textures/blocks/pa_galon_air"
      ]
    },
    "pa_indomaret_2": {
      "textures": [
        "textures/blocks/pa_indomaret_2"
      ]
    },
    "pa_jendela_2": {
      "textures": [
        "textures/blocks/pa_jendela_2"
      ]
    },
    "pa_indomaret_1": {
      "textures": [
        "textures/blocks/pa_indomaret_1"
      ]
    },
    "pa_jendela_3": {
      "textures": [
        "textures/blocks/pa_jendela_3"
      ]
    },
    "pa_komputer": {
      "textures": [
        "textures/blocks/pa_komputer"
      ]
    },
    "pa_jendela_1": {
      "textures": [
        "textures/blocks/pa_jendela_1"
      ]
    },
    "pa_loker": {
      "textures": [
        "textures/blocks/pa_loker"
      ]
    },
    "pa_loker_1": {
      "textures": [
        "textures/blocks/pa_loker_1"
      ]
    },
    "pa_dus_aqua": {
      "textures": [
        "textures/blocks/pa_dus_aqua"
      ]
    },
    "pa_dus_aqua1": {
      "textures": [
        "textures/blocks/pa_dus_aqua1"
      ]
    },
    "pa_dus_indomie": {
      "textures": [
        "textures/blocks/pa_dus_indomie"
      ]
    },
    "pa_karung_beras": {
      "textures": [
        "textures/blocks/pa_karung_beras"
      ]
    },
    "pa_dus_indomie1": {
      "textures": [
        "textures/blocks/pa_dus_indomie1"
      ]
    },
    "pa_loker_2": {
      "textures": [
        "textures/blocks/pa_loker_2"
      ]
    },
    "pa_rak_chiki1": {
      "textures": [
        "textures/blocks/pa_rak_chiki1"
      ]
    },
    "pa_rak_chiki2": {
      "textures": [
        "textures/blocks/pa_rak_chiki2"
      ]
    },
    "pa_rak_chiki3": {
      "textures": [
        "textures/blocks/pa_rak_chiki3"
      ]
    },
    "pa_rak_chiptato1": {
      "textures": [
        "textures/blocks/pa_rak_chiptato1"
      ]
    },
    "pa_rak_chiptato2": {
      "textures": [
        "textures/blocks/pa_rak_chiptato2"
      ]
    },
    "pa_rak_gula_pasir": {
      "textures": [
        "textures/blocks/pa_rak_gula_pasir"
      ]
    },
    "pa_rak_coklat": {
      "textures": [
        "textures/blocks/pa_rak_coklat"
      ]
    },
    "pa_rak_hot_weels": {
      "textures": [
        "textures/blocks/pa_rak_hot_weels"
      ]
    },
    "pa_rak_kinderjoy": {
      "textures": [
        "textures/blocks/pa_rak_kinderjoy"
      ]
    },
    "pa_rak_minyak": {
      "textures": [
        "textures/blocks/pa_rak_minyak"
      ]
    },
    "pa_rak_pempres1": {
      "textures": [
        "textures/blocks/pa_rak_pempres1"
      ]
    },
    "pa_rak_pempres2": {
      "textures": [
        "textures/blocks/pa_rak_pempres2"
      ]
    },
    "pa_rak_indomie2": {
      "textures": [
        "textures/blocks/pa_rak_indomie2"
      ]
    },
    "pa_rak_komix": {
      "textures": [
        "textures/blocks/pa_rak_komix"
      ]
    },
    "pa_rak_malkis": {
      "textures": [
        "textures/blocks/pa_rak_malkis"
      ]
    },
    "pa_rak_indomie1": {
      "textures": [
        "textures/blocks/pa_rak_indomie1"
      ]
    },
    "pa_rak_pocky": {
      "textures": [
        "textures/blocks/pa_rak_pocky"
      ]
    },
    "pa_rak_qtela2": {
      "textures": [
        "textures/blocks/pa_rak_qtela2"
      ]
    },
    "pa_rak_sari_roti": {
      "textures": [
        "textures/blocks/pa_rak_sari_roti"
      ]
    },
    "pa_rak_sereal": {
      "textures": [
        "textures/blocks/pa_rak_sereal"
      ]
    },
    "pa_rak_qtela1": {
      "textures": [
        "textures/blocks/pa_rak_qtela1"
      ]
    },
    "pa_rak_sabun": {
      "textures": [
        "textures/blocks/pa_rak_sabun"
      ]
    },
    "pa_rak_selai": {
      "textures": [
        "textures/blocks/pa_rak_selai"
      ]
    },
    "pa_rak_sukro1": {
      "textures": [
        "textures/blocks/pa_rak_sukro1"
      ]
    },
    "pa_rak_taro1": {
      "textures": [
        "textures/blocks/pa_rak_taro1"
      ]
    },
    "pa_rak_susu_bendera": {
      "textures": [
        "textures/blocks/pa_rak_susu_bendera"
      ]
    },
    "pa_rak_sukro2": {
      "textures": [
        "textures/blocks/pa_rak_sukro2"
      ]
    },
    "pa_rak_susu_milk": {
      "textures": [
        "textures/blocks/pa_rak_susu_milk"
      ]
    },
    "pa_rak_taro2": {
      "textures": [
        "textures/blocks/pa_rak_taro2"
      ]
    },
    "pa_rak_rokok": {
      "textures": [
        "textures/blocks/pa_rak_rokok"
      ]
    },
    "pa_rak_terigu": {
      "textures": [
        "textures/blocks/pa_rak_terigu"
      ]
    },
    "pa_rak_teh": {
      "textures": [
        "textures/blocks/pa_rak_teh"
      ]
    }
  }
}