{
	"format_version": "1.10.0",
	"particle_effect": {
		"description": {
			"identifier": "j:sekibaku",
			"basic_render_parameters": {
				"material": "particles_alpha",
				"texture": "textures/particle/particles"
			}
		},
		"components": {
			"minecraft:emitter_rate_steady": {
				"spawn_rate": 250,
				"max_particles": 1000
			},
			"minecraft:emitter_lifetime_once": {
				"active_time": 1
			},
			"minecraft:emitter_shape_disc": {
				"radius": "v.random=(v.random??0.75*v.emitter_random_4+3);return v.random;",
				"plane_normal": ["v.emitter_random_1 > 0.5 ? (v.emitter_random_1-1)*2 : v.emitter_random_1*2", "v.emitter_random_2 > 0.5 ? (v.emitter_random_2-1)*2 : v.emitter_random_2*2", "v.emitter_random_3 > 0.5 ? (v.emitter_random_3-1)*2 : v.emitter_random_3*2"],
				"surface_only": true,
				"direction": "inwards"
			},
			"minecraft:particle_lifetime_expression": {
				"max_lifetime": 0.5
			},
			"minecraft:particle_initial_speed": 1,
			"minecraft:particle_motion_dynamic": {},
			"minecraft:particle_appearance_billboard": {
				"size": ["0.125*(1-v.particle_age/4)*(v.particle_random_1)+0.15", "0.125*(1-v.particle_age/4)*(v.particle_random_1)+0.15"],
				"facing_camera_mode": "rotate_xyz",
				"uv": {
					"texture_width": 128,
					"texture_height": 128,
					"flipbook": {
						"base_UV": [64, 0],
						"size_UV": [8, 8],
						"step_UV": [-8, 0],
						"max_frame": 8,
						"stretch_to_lifetime": true
					}
				}
			},
			"minecraft:particle_appearance_lighting": {},
			"minecraft:particle_appearance_tinting": {
				"color": ["Math.clamp(v.particle_random_2*0.5+0.2, 0, 1)", 0, 0, 1]
			}
		}
	}
}