{
    "format_version": "1.16.100",
    "minecraft:entity": {
        "description": {
            "identifier": "rai:block_explode",
            "is_spawnable": false,
            "is_summonable": true,
            "is_experimental": false
        },
        "component_groups": {
            "block_explode": {
                "minecraft:timer": {
                    "time": 0.5,
                    "looping": true,
                    "time_down_event": {
                        "event": "despawn"
                    }
                }
            },
            "explode2": {
                "minecraft:explode": {
                    "destroy_affected_by_griefing": true,
                    "fuse_length": 0.1,
                    "fuse_lit": true,
                    "power": 2
                }
            },
            "explode3": {
                "minecraft:explode": {
                    "destroy_affected_by_griefing": true,
                    "fuse_length": 0.1,
                    "fuse_lit": true,
                    "power": 3
                }
            },
            "explode4": {
                "minecraft:explode": {
                    "destroy_affected_by_griefing": true,
                    "fuse_length": 0.1,
                    "fuse_lit": true,
                    "power": 4
                }
            },
            "explode5": {
                "minecraft:explode": {
                    "destroy_affected_by_griefing": true,
                    "fuse_length": 0.1,
                    "fuse_lit": true,
                    "power": 5
                }
            },
            "explode6": {
                "minecraft:explode": {
                    "destroy_affected_by_griefing": true,
                    "fuse_length": 0.1,
                    "fuse_lit": true,
                    "power": 6
                }
            },
            "explode7": {
                "minecraft:explode": {
                    "destroy_affected_by_griefing": true,
                    "fuse_length": 0.1,
                    "fuse_lit": true,
                    "power": 7
                }
            },
            "explode8": {
                "minecraft:explode": {
                    "destroy_affected_by_griefing": true,
                    "fuse_length": 0.1,
                    "fuse_lit": true,
                    "power": 8
                }
            },
            "fuga": {
                "minecraft:explode": {
                    "destroy_affected_by_griefing": true,
                    "fuse_length": 0.1,
                    "fuse_lit": true,
                    "causes_fire": true,
                    "power": 10
                }
            },
            "despawn": {
                "minecraft:instant_despawn": {
                }
            }
        },
        "components": {
            "minecraft:timer": {
                "time": 0,
                "looping": true,
                "time_down_event": {
                    "event": "block_explode"
                }
            },
            "minecraft:type_family": {
                "family": [
                    "tick_despawn",
                    "jujutsu_kaisen",
                    "no_damage",
                    "object",
                    "damage"
                ]
            },
            "minecraft:damage_sensor": {
                "triggers": [
                    {
                        "cause": "all",
                        "deals_damage": false
                    }
                ]
            },
            "minecraft:scale": {
                "value": 0
            },
            "minecraft:knockback_resistance": {
                "value": 1
            },
            "minecraft:collision_box": {
                "height": 0,
                "width": 0
            },
            "minecraft:pushable": {
                "is_pushable": false,
                "is_pushable_by_piston": false
            }
        },
        "events": {
            "block_explode": {
                "add": {
                    "component_groups": [
                        "block_explode"
                    ]
                },
                "run_command": {
                    "command": [
                        "tag @s add block_explode"
                    ]
                }
            },
            "explode2": {
                "add": {
                    "component_groups": [
                        "explode2"
                    ]
                }
            },
            "explode3": {
                "add": {
                    "component_groups": [
                        "explode3"
                    ]
                }
            },
            "explode4": {
                "add": {
                    "component_groups": [
                        "explode4"
                    ]
                }
            },
            "explode5": {
                "add": {
                    "component_groups": [
                        "explode5"
                    ]
                }
            },
            "explode6": {
                "add": {
                    "component_groups": [
                        "explode6"
                    ]
                }
            },
            "explode7": {
                "add": {
                    "component_groups": [
                        "explode7"
                    ]
                }
            },
            "explode8": {
                "add": {
                    "component_groups": [
                        "explode8"
                    ]
                }
            },
            "fuga": {
                "add": {
                    "component_groups": [
                        "fuga"
                    ]
                }
            },
            "despawn": {
                "add": {
                    "component_groups": [
                        "despawn"
                    ]
                }
            }
        }
    }
}