{
    "format_version": "1.16.100",
    "minecraft:entity": {
        "description": {
            "identifier": "rai:knockback",
            "is_spawnable": false,
            "is_summonable": true,
            "is_experimental": false
        },
        "component_groups": {
            "kick": {
                "minecraft:behavior.knockback_roar": {
                    "priority": 1,
                    "duration": 0.05,
                    "attack_time": 0.05,
                    "knockback_damage": 0,
                    "knockback_vertical_strength": 1,
                    "knockback_height_cap": 1,
                    "knockback_horizontal_strength": 4,
                    "knockback_range": 2,
                    "knockback_filters": {
                        "test": "has_tag",
                        "subject": "other",
                        "operator": "not",
                        "value": "knockback"
                    },
                    "damage_filters": {
                        "test": "is_owner"
                    },
                    "on_roar_end": {
                        "event": "despawn"
                    },
                    "cooldown_time": 100
                }
            },
            "manji_kick": {
                "minecraft:behavior.knockback_roar": {
                    "priority": 1,
                    "duration": 0.05,
                    "attack_time": 0.05,
                    "knockback_damage": 0,
                    "knockback_vertical_strength": 1,
                    "knockback_height_cap": 0.3,
                    "knockback_horizontal_strength": 5,
                    "knockback_range": 2,
                    "knockback_filters": {
                        "test": "has_tag",
                        "subject": "other",
                        "operator": "not",
                        "value": "knockback"
                    },
                    "damage_filters": {
                        "test": "is_owner"
                    },
                    "on_roar_end": {
                        "event": "despawn"
                    },
                    "cooldown_time": 100
                }
            },
            "tokyu_knockback": {
                "minecraft:behavior.knockback_roar": {
                    "priority": 1,
                    "duration": 0.05,
                    "attack_time": 0.05,
                    "knockback_damage": 0,
                    "knockback_vertical_strength": 1,
                    "knockback_height_cap": 0.5,
                    "knockback_horizontal_strength": 7,
                    "knockback_range": 12,
                    "knockback_filters": {
                        "test": "has_tag",
                        "subject": "other",
                        "operator": "not",
                        "value": "knockback"
                    },
                    "damage_filters": {
                        "test": "is_owner"
                    },
                    "on_roar_end": {
                        "event": "despawn"
                    },
                    "cooldown_time": 100
                }
            },
            "ao_family": {
                "minecraft:type_family": {
                    "family": [
                        "tick_despawn",
                        "ao",
                        "jujutsu_kaisen",
                        "knockback",
                        "object",
                        "damage"
                    ]
                }
            },
            "ao": {
                "minecraft:variant": {
                    "value": 1
                },
                "minecraft:timer": {
                    "time": 0.15,
                    "looping": true,
                    "time_down_event": {
                        "event": "ao_damage",
                        "target": "self"
                    }
                }
            },
            "student_gojo_ao": {
                "minecraft:variant": {
                    "value": 1
                },
                "minecraft:timer": {
                    "time": 0.15,
                    "looping": true,
                    "time_down_event": {
                        "event": "ao_damage2",
                        "target": "self"
                    }
                }
            },
            "aka_family": {
                "minecraft:type_family": {
                    "family": [
                        "tick_despawn",
                        "aka",
                        "jujutsu_kaisen",
                        "knockback",
                        "object",
                        "damage"
                    ]
                }
            },
            "aka": {
                "minecraft:variant": {
                    "value": 2
                },
                "minecraft:timer": {
                    "time": 0.1,
                    "looping": true,
                    "time_down_event": {
                        "event": "aka_damage",
                        "target": "self"
                    }
                }
            },
            "student_gojo_aka": {
                "minecraft:variant": {
                    "value": 2
                },
                "minecraft:timer": {
                    "time": 0.1,
                    "looping": true,
                    "time_down_event": {
                        "event": "aka_damage",
                        "target": "self"
                    }
                }
            },
            "mukagen_despawn": {
                "minecraft:timer": {
                    "time": 0.2,
                    "looping": true,
                    "time_down_event": {
                        "event": "despawn"
                    }
                }
            },
            "despawn": {
                "minecraft:timer": {
                    "time": 0,
                    "looping": true,
                    "time_down_event": {
                        "event": "despawn2",
                        "target": "self"
                    }
                }
            },
            "despawn2": {
                "minecraft:instant_despawn": {
                    "remove_child_entities": true
                }
            }
        },
        "components": {
            "minecraft:tick_world": {
                "radius": 1
            },
            "minecraft:nameable": {
                "allow_name_tag_renaming": false,
                "always_show": false
            },
            "minecraft:custom_hit_test": {
                "hitboxes": [
                    {
                        "width": 0,
                        "height": 0,
                        "pivot": [
                            0,
                            100,
                            0
                        ]
                    }
                ]
            },
            "minecraft:type_family": {
                "family": [
                    "tick_despawn",
                    "jujutsu_kaisen",
                    "knockback",
                    "object",
                    "damage"
                ]
            },
            "minecraft:timer": {
                "looping": true,
                "time": 0.05,
                "time_down_event": {
                    "event": "despawn"
                }
            },
            "minecraft:damage_sensor": {
                "triggers": [
                    {
                        "cause": "all",
                        "deals_damage": false
                    }
                ]
            },
            "minecraft:scale": 0,
            "minecraft:collision_box": {
                "width": 0,
                "height": 0
            },
            "minecraft:knockback_resistance": {
                "value": 1
            },
            "minecraft:pushable": {
                "is_pushable": false,
                "is_pushable_by_piston": false
            }
        },
        "events": {
            "kick": {
                "add": {
                    "component_groups": [
                        "kick"
                    ]
                }
            },
            "manji_kick": {
                "add": {
                    "component_groups": [
                        "manji_kick"
                    ]
                }
            },
            "tokyu_knockback": {
                "add": {
                    "component_groups": [
                        "tokyu_knockback"
                    ]
                }
            },
            "aka1": {
                "run_command": {
                    "command": [
                        "scoreboard players set @s despawn 8",
                        "scoreboard players set @s juryoku_lv 0"
                    ]
                },
                "add": {
                    "component_groups": [
                        "aka_family",
                        "aka"
                    ]
                }
            },
            "aka2": {
                "run_command": {
                    "command": [
                        "scoreboard players set @s despawn 12",
                        "scoreboard players set @s juryoku_lv 1"
                    ]
                },
                "add": {
                    "component_groups": [
                        "aka_family",
                        "aka"
                    ]
                }
            },
            "aka3": {
                "run_command": {
                    "command": [
                        "scoreboard players set @s despawn 16",
                        "scoreboard players set @s juryoku_lv 2"
                    ]
                },
                "add": {
                    "component_groups": [
                        "aka_family",
                        "aka"
                    ]
                }
            },
            "aka4": {
                "run_command": {
                    "command": [
                        "scoreboard players set @s despawn 20",
                        "scoreboard players set @s juryoku_lv 3"
                    ]
                },
                "add": {
                    "component_groups": [
                        "aka_family",
                        "aka"
                    ]
                }
            },
            "student_gojo_aka": {
                "run_command": {
                    "command": [
                        "tag @s add mob_attack",
                        "scoreboard players set @s despawn 16",
                        "scoreboard players set @s juryoku_lv 3",
                        "tag @s add gojo_aka_entity"
                    ]
                },
                "add": {
                    "component_groups": [
                        "aka_family",
                        "student_gojo_aka"
                    ]
                }
            },
            "aka_damage": {
                "run_command": {
                    "command": [
                        "execute as @s[tag=!gojo_aka_entity,scores={juryoku_lv=0}] run damage @e[r=6,type=!player,tag=!aka] 30 entity_explosion entity @s",
                        "execute as @s[tag=!gojo_aka_entity,scores={juryoku_lv=1}] run damage @e[r=6,type=!player,tag=!aka] 37 entity_explosion entity @s",
                        "execute as @s[tag=!gojo_aka_entity,scores={juryoku_lv=2}] run damage @e[r=6,type=!player,tag=!aka] 50 entity_explosion entity @s",
                        "execute as @s[tag=!gojo_aka_entity,scores={juryoku_lv=3..}] run damage @e[r=6,type=!player,tag=!aka] 60 entity_explosion entity @s",
                        "execute as @s[tag=gojo_aka_entity,scores={juryoku_lv=0}] run damage @e[r=6,type=!player,tag=!gojo_aka] 30 entity_explosion entity @s",
                        "execute as @s[tag=gojo_aka_entity,scores={juryoku_lv=1}] run damage @e[r=6,type=!player,tag=!gojo_aka] 37 entity_explosion entity @s",
                        "execute as @s[tag=gojo_aka_entity,scores={juryoku_lv=2}] run damage @e[r=6,type=!player,tag=!gojo_aka] 50 entity_explosion entity @s",
                        "execute as @s[tag=gojo_aka_entity,scores={juryoku_lv=3..}] run damage @e[r=6,type=!player,tag=!gojo_aka] 60 entity_explosion entity @s",
                        "execute as @s[tag=aka_entity] run summon rai:block_explode ~~2~ ~ ~ explode4",
                        "tag @s add aka_entity",
                        "tag @e[tag=!aka_entity,family=!damage,type=!item,type=!falling_block,r=6] add aka_knockback",
                        "scriptevent j:aka_knockback",
                        "tp @s[tag=!aka_muryo_kusho] ^^^3",
                        "execute as @s[tag=aka_entity] positioned ~~2~ run summon rai:block_explode ^^^-1.5 ~ ~ explode4",
                        "playsound random.explode @a ~~1~",
                        "particle j:vanilla_explode"
                    ]
                }
            },
            "ao1": {
                "run_command": {
                    "command": [
                        "scoreboard players set @s despawn 100",
                        "scoreboard players set @s juryoku_lv 0",
                        "tag @s add ao_entity"
                    ]
                },
                "add": {
                    "component_groups": [
                        "ao_family",
                        "ao"
                    ]
                }
            },
            "ao2": {
                "run_command": {
                    "command": [
                        "scoreboard players set @s despawn 100",
                        "scoreboard players set @s juryoku_lv 1",
                        "tag @s add ao_entity"
                    ]
                },
                "add": {
                    "component_groups": [
                        "ao_family",
                        "ao"
                    ]
                }
            },
            "ao3": {
                "run_command": {
                    "command": [
                        "scoreboard players set @s despawn 100",
                        "scoreboard players set @s juryoku_lv 2",
                        "tag @s add ao_entity"
                    ]
                },
                "add": {
                    "component_groups": [
                        "ao_family",
                        "ao"
                    ]
                }
            },
            "ao4": {
                "run_command": {
                    "command": [
                        "scoreboard players set @s despawn 100",
                        "scoreboard players set @s juryoku_lv 3",
                        "tag @s add ao_entity"
                    ]
                },
                "add": {
                    "component_groups": [
                        "ao_family",
                        "ao"
                    ]
                }
            },
            "student_gojo_ao": {
                "run_command": {
                    "command": [
                        "scoreboard players set @s despawn 40",
                        "tag @s add mob_attack",
                        "scoreboard players set @s juryoku_lv 2",
                        "tag @s add gojo_ao_entity",
                        "tag @s add ao_entity"
                    ]
                },
                "add": {
                    "component_groups": [
                        "ao_family",
                        "student_gojo_ao"
                    ]
                }
            },
            "ao_damage": {
                "run_command": {
                    "command": [
                        "scriptevent j:ao_damage",
                        "summon rai:block_explode ~~~ ~ ~ explode4"
                    ]
                }
            },
            "ao_damage2": {
                "run_command": {
                    "command": [
                        "execute as @s[scores={juryoku_lv=0}] run damage @e[r=6,tag=!ao,family=!school_team] 6 entity_explosion entity @s",
                        "execute as @s[scores={juryoku_lv=1}] run damage @e[r=6,tag=!ao,family=!school_team] 7 entity_explosion entity @s",
                        "execute as @s[scores={juryoku_lv=2}] run damage @e[r=6,tag=!ao,family=!school_team] 9 entity_explosion entity @s",
                        "execute as @s[scores={juryoku_lv=3..}] run damage @e[r=6,tag=!ao,family=!school_team] 12 entity_explosion entity @s",
                        "summon rai:block_explode ~~~ ~ ~ explode4"
                    ]
                }
            },
            "despawn": {
                "add": {
                    "component_groups": [
                        "despawn"
                    ]
                }
            },
            "despawn2": {
                "add": {
                    "component_groups": [
                        "despawn2"
                    ]
                }
            },
            "mukagen_despawn": {
                "remove": {
                    "component_groups": [
                        "aka",
                        "aka2",
                        "aka3",
                        "ao",
                        "ao2",
                        "ao3"
                    ]
                },
                "add": {
                    "component_groups": [
                        "mukagen_despawn"
                    ]
                }
            }
        }
    }
}