{
    "format_version": "1.16.100",
    "minecraft:entity": {
        "description": {
            "identifier": "rai:particle",
            "is_spawnable": false,
            "is_summonable": true,
            "is_experimental": false
        },
        "component_groups": {
            "jurei_summon": {
                "minecraft:timer": {
                    "time": 1.5,
                    "looping": true,
                    "time_down_event": {
                        "event": "despawn"
                    }
                },
                "minecraft:variant": {
                    "value": 1
                }
            },
            "mark_variant": {"minecraft:mark_variant": {"value": 1}},
            "mark_variant2": {"minecraft:mark_variant": {"value": 2}},
            "mark_variant3": {"minecraft:mark_variant": {"value": 3}},
            "mark_variant4": {"minecraft:mark_variant": {"value": 4}},
            "mark_variant5": {"minecraft:mark_variant": {"value": 5}},
            "mark_variant6": {"minecraft:mark_variant": {"value": 6}},
            "mark_variant7": {"minecraft:mark_variant": {"value": 7}},
            "mark_variant8": {"minecraft:mark_variant": {"value": 8}},
            "mark_variant9": {"minecraft:mark_variant": {"value": 9}},
            "mark_variant10": {"minecraft:mark_variant": {"value": 10}},
            "despawn": {
                "minecraft:instant_despawn": {
                }
            }
        },
        "components": {
            "minecraft:spell_effects": {
                "add_effects": [
                    {
                      "effect": "levitation",
                      "duration": 100,
                      "amplifier": -1,
                      "visible": false
                    }
                ]
            },
            "minecraft:physics": {
                "has_collision": false,
                "has_gravity": false,
                "push_towards_closest_space": false
            },
            "minecraft:timer": {
                "time": 0,
                "looping": true,
                "time_down_event": {
                    "event": "despawn"
                }
            },
            "minecraft:type_family": {
                "family": [
                    "tick_despawn",
                    "jujutsu_kaisen",
                    "object",
                    "damage"
                ]
            },
            "minecraft:damage_sensor": {
                "triggers": [
                    {
                        "cause": "all",
                        "deals_damage": false
                    }
                ]
            },
            "minecraft:knockback_resistance": {
                "value": 1
            },
            "minecraft:collision_box": {
                "height": 0,
                "width": 0
            },
            "minecraft:pushable": {
                "is_pushable": false,
                "is_pushable_by_piston": false
            }
        },
        "events": {
            "jurei_summon": {
                "add": {
                    "component_groups": [
                        "jurei_summon"
                    ]
                }
            },
            "jurei_summon_1": {
                "add": {
                    "component_groups": [
                        "jurei_summon",
                        "mark_variant"
                    ]
                }
            },
            "jurei_summon_2": {
                "add": {
                    "component_groups": [
                        "jurei_summon",
                        "mark_variant2"
                    ]
                }
            },
            "jurei_summon_3": {
                "add": {
                    "component_groups": [
                        "jurei_summon",
                        "mark_variant3"
                    ]
                }
            },
            "despawn": {
                "add": {
                    "component_groups": [
                        "despawn"
                    ]
                }
            }
        }
    }
}