{
    "format_version": "1.16.100",
    "minecraft:entity": {
        "description": {
            "identifier": "rai:tame_entity",
            "is_spawnable": false,
            "is_summonable": false,
            "is_experimental": false,
            "runtime_identifier" : "minecraft:snowball"
        },
        "component_groups": {
            "gyokuken": {
                "minecraft:transformation": {
                    "delay": {
                        "value": 0.15
                    },
                    "into": "rai:gyokuken<PlayerName_tokusa_gyokuken>",
                    "keep_owner": true
                }
            },
            "gyokuken2": {
                "minecraft:transformation": {
                    "delay": {
                        "value": 0.15
                    },
                    "into": "rai:gyokuken<PlayerName_tokusa_gyokuken2>",
                    "keep_owner": true
                }
            },
            "gyokuken3": {
                "minecraft:transformation": {
                    "delay": {
                        "value": 0.15
                    },
                    "into": "rai:gyokuken<PlayerName_tokusa_gyokuken3>",
                    "keep_owner": true
                }
            },
            "tyobuku_nue": {
                "minecraft:transformation": {
                    "delay": {
                        "value": 0.15
                    },
                    "into": "rai:nue<PlayerName_tokusa_tyobuku>",
                    "keep_owner": true
                }
            },
            "nue": {
                "minecraft:transformation": {
                    "delay": {
                        "value": 0.15
                    },
                    "into": "rai:nue<PlayerName_tokusa_start>",
                    "keep_owner": true
                }
            },
            "nue2": {
                "minecraft:projectile": {
                    "liquid_inertia": 1,
                    "power": 4.5,
                    "gravity": 999999999.0,
                    "uncertainty_base": 10,
                    "on_hit": {
                        "stick_in_ground": {}
                    },
                    "offset": [
                        0,
                        0,
                        0
                    ]
                },
                "minecraft:transformation": {
                    "delay": {
                        "value": 0.15
                    },
                    "into": "rai:nue<PlayerName_tokusa_kango_aneitei>",
                    "keep_owner": true
                }
            },
            "nue_rider": {
                "minecraft:transformation": {
                    "delay": {
                        "value": 0.15
                    },
                    "into": "rai:nue<PlayerName_tokusa_ride>",
                    "keep_owner": true
                }
            },
            "tyobuku_gama": {
                "minecraft:transformation": {
                    "delay": {
                        "value": 0.15
                    },
                    "into": "rai:gama<PlayerName_tokusa_tyobuku>",
                    "keep_owner": true
                }
            },
            "gama": {
                "minecraft:transformation": {
                    "delay": {
                        "value": 0.15
                    },
                    "into": "rai:gama<PlayerName_tokusa_start>",
                    "keep_owner": true
                }
            },
            "gama2": {
                "minecraft:projectile": {
                    "liquid_inertia": 1,
                    "power": 7.5,
                    "gravity": 999999999.0,
                    "on_hit": {
                        "stick_in_ground": {}
                    },
                    "offset": [
                        0,
                        0,
                        0
                    ]
                },
                "minecraft:transformation": {
                    "delay": {
                        "value": 0.15
                    },
                    "into": "rai:gama<PlayerName_tokusa_kango_aneitei>",
                    "keep_owner": true
                }
            },
            "seiteishirazu": {
                "minecraft:timer": {
                    "time": [0.1, 0.3],
                    "looping": true,
                    "time_down_event": {
                        "event": "transformation_seiteishirazu",
                        "target": "self"
                    }
                },
                "minecraft:projectile": {
                    "liquid_inertia": 1,
                    "power": 2,
                    "gravity": 999999999.0,
                    "uncertainty_base": 75,
                    "on_hit": {
                        "stick_in_ground": {}
                    },
                    "offset": [
                        0,
                        0,
                        0
                    ]
                }
            },
            "transformation_seiteishirazu": {
                "minecraft:transformation": {
                    "into": "rai:seiteishirazu<PlayerName_tokusa_start>",
                    "keep_owner": true
                }
            },
            "tyobuku_orochi": {
                "minecraft:transformation": {
                    "delay": {
                        "value": 0.15
                    },
                    "into": "rai:orochi<PlayerName_tokusa_tyobuku>",
                    "keep_owner": true
                }
            },
            "orochi": {
                "minecraft:projectile": {
                    "liquid_inertia": 1,
                    "power": 5,
                    "gravity": 999999999.0,
                    "on_hit": {
                        "stick_in_ground": {}
                    },
                    "offset": [
                        0,
                        0,
                        0
                    ]
                },
                "minecraft:transformation": {
                    "delay": {
                        "value": 0.15
                    },
                    "into": "rai:orochi<PlayerName_tokusa_start>",
                    "keep_owner": true
                }
            },
            "fushiguro_orochi": {
                "minecraft:projectile": {
                    "liquid_inertia": 1,
                    "power": 5,
                    "gravity": 999999999.0,
                    "on_hit": {
                        "stick_in_ground": {}
                    },
                    "offset": [
                        0,
                        0,
                        0
                    ]
                },
                "minecraft:transformation": {
                    "delay": {
                        "value": 0.1
                    },
                    "into": "rai:orochi<fushiguro>",
                    "keep_owner": true
                }
            },
            "fushiguro_player_orochi": {
                "minecraft:projectile": {
                    "liquid_inertia": 1,
                    "power": 5,
                    "gravity": 999999999.0,
                    "on_hit": {
                        "stick_in_ground": {}
                    },
                    "offset": [
                        0,
                        0,
                        0
                    ]
                },
                "minecraft:transformation": {
                    "delay": {
                        "value": 0.1
                    },
                    "into": "rai:orochi<fushiguro_player>",
                    "keep_owner": true
                }
            },
            "tyobuku_bansyo": {
                "minecraft:projectile": {
                    "liquid_inertia": 1,
                    "power": 5,
                    "gravity": 999999999.0,
                    "on_hit": {
                        "stick_in_ground": {}
                    },
                    "offset": [
                        0,
                        0,
                        0
                    ]
                },
                "minecraft:transformation": {
                    "delay": {
                        "value": 0.15
                    },
                    "into": "rai:bansyo<PlayerName_tokusa_tyobuku>",
                    "keep_owner": true
                }
            },
            "bansyo": {
                "minecraft:projectile": {
                    "liquid_inertia": 1,
                    "power": 5,
                    "gravity": 999999999.0,
                    "on_hit": {
                        "stick_in_ground": {}
                    },
                    "offset": [
                        0,
                        0,
                        0
                    ]
                },
                "minecraft:transformation": {
                    "delay": {
                        "value": 0.15
                    },
                    "into": "rai:bansyo<PlayerName_tokusa_start>",
                    "keep_owner": true
                }
            },
            "fall_bansyo": {
                "minecraft:projectile": {
                    "liquid_inertia": 1,
                    "power": 0,
                    "gravity": 999999999.0,
                    "on_hit": {
                        "stick_in_ground": {}
                    },
                    "offset": [
                        0,
                        0,
                        0
                    ]
                },
                "minecraft:transformation": {
                    "delay": {
                        "value": 0.15
                    },
                    "into": "rai:bansyo<PlayerName_tokusa_ride>",
                    "keep_owner": true
                }
            },
            "tyobuku_datto": {
                "minecraft:timer": {
                    "time": [0.1, 0.5],
                    "looping": true,
                    "time_down_event": {
                        "event": "transformation_tyobuku_datto",
                        "target": "self"
                    }
                },
                "minecraft:projectile": {
                    "liquid_inertia": 1,
                    "power": 2,
                    "gravity": 999999999.0,
                    "uncertainty_base": 200,
                    "on_hit": {
                        "stick_in_ground": {}
                    },
                    "offset": [
                        0,
                        0,
                        0
                    ]
                }
            },
            "datto": {
                "minecraft:timer": {
                    "time": [0.1, 0.5],
                    "looping": true,
                    "time_down_event": {
                        "event": "transformation_datto",
                        "target": "self"
                    }
                },
                "minecraft:projectile": {
                    "liquid_inertia": 1,
                    "power": 2,
                    "gravity": 999999999.0,
                    "uncertainty_base": 200,
                    "on_hit": {
                        "stick_in_ground": {}
                    },
                    "offset": [
                        0,
                        0,
                        0
                    ]
                }
            },
            "transformation_tyobuku_datto": {
                "minecraft:transformation": {
                    "into": "rai:datto<PlayerName_tokusa_tyobuku>",
                    "keep_owner": true
                }
            },
            "transformation_datto": {
                "minecraft:transformation": {
                    "into": "rai:datto<PlayerName_tokusa_start>",
                    "keep_owner": true
                }
            },
            "transformation_fushiguro_datto": {
                "minecraft:transformation": {
                    "into": "rai:datto<fushiguro>",
                    "keep_owner": true
                }
            },
            "transformation_fushiguro_player_datto": {
                "minecraft:transformation": {
                    "into": "rai:datto<fushiguro_player>",
                    "keep_owner": true
                }
            },
            "tyobuku_makora": {
                "minecraft:projectile": {
                    "liquid_inertia": 1,
                    "power": -3,
                    "gravity": 999999999.0,
                    "on_hit": {
                        "stick_in_ground": {}
                    },
                    "offset": [
                        0,
                        0,
                        0
                    ]
                },
                "minecraft:transformation": {
                    "delay": {
                        "value": 0.15
                    },
                    "into": "rai:makora<PlayerName_tokusa_tyobuku>",
                    "keep_owner": true
                }
            },
            "makora": {
                "minecraft:projectile": {
                    "liquid_inertia": 1,
                    "power": -3,
                    "gravity": 999999999.0,
                    "on_hit": {
                        "stick_in_ground": {}
                    },
                    "offset": [
                        0,
                        0,
                        0
                    ]
                },
                "minecraft:transformation": {
                    "delay": {
                        "value": 0.15
                    },
                    "into": "rai:makora<PlayerName_tokusa_start>",
                    "keep_owner": true
                }
            },
            "jurei_soujutsu_frog_jurei": {
                "minecraft:transformation": {
                    "delay": {
                        "value": 0.2
                    },
                    "into": "rai:frog_jurei<PlayerName_jurei_soujutsu>",
                    "keep_owner": true
                }
            },
            "jurei_soujutsu_churu_jurei": {
                "minecraft:transformation": {
                    "delay": {
                        "value": 0.2
                    },
                    "into": "rai:churu_jurei<PlayerName_jurei_soujutsu>",
                    "keep_owner": true
                }
            },
            "jurei_soujutsu_tokyu_jurei": {
                "minecraft:transformation": {
                    "delay": {
                        "value": 0.2
                    },
                    "into": "rai:tokyu_jurei<PlayerName_jurei_soujutsu>",
                    "keep_owner": true
                }
            },
            "jurei_soujutsu_raichu_jurei": {
                "minecraft:transformation": {
                    "delay": {
                        "value": 0.2
                    },
                    "into": "rai:raichu_jurei<PlayerName_jurei_soujutsu>",
                    "keep_owner": true
                }
            },
            "jurei_soujutsu_mushroom_jurei": {
                "minecraft:transformation": {
                    "delay": {
                        "value": 0.2
                    },
                    "into": "rai:mushroom_jurei<PlayerName_jurei_soujutsu>",
                    "keep_owner": true
                }
            },
            "jurei_soujutsu_mouth_jurei": {
                "minecraft:transformation": {
                    "delay": {
                        "value": 0.2
                    },
                    "into": "rai:mouth_jurei<PlayerName_jurei_soujutsu>",
                    "keep_owner": true
                }
            },
            "jurei_soujutsu_flea_jurei": {
                "minecraft:transformation": {
                    "delay": {
                        "value": 0.2
                    },
                    "into": "rai:flea_jurei<PlayerName_jurei_soujutsu>",
                    "keep_owner": true
                }
            },
            "jurei_soujutsu_fish_jurei": {
                "minecraft:transformation": {
                    "delay": {
                        "value": 0.2
                    },
                    "into": "rai:fish_jurei<PlayerName_jurei_soujutsu>",
                    "keep_owner": true
                }
            },
            "jurei_soujutsu_fly_head_jurei": {
                "minecraft:transformation": {
                    "delay": {
                        "value": 0.2
                    },
                    "into": "rai:fly_head_jurei<PlayerName_jurei_soujutsu>",
                    "keep_owner": true
                }
            },
            "jurei_soujutsu_chuchu_jurei": {
                "minecraft:transformation": {
                    "delay": {
                        "value": 0.2
                    },
                    "into": "rai:chuchu_jurei<PlayerName_jurei_soujutsu>",
                    "keep_owner": true
                }
            },
            "jurei_soujutsu_ray_jurei": {
                "minecraft:transformation": {
                    "delay": {
                        "value": 0.2
                    },
                    "into": "rai:ray_jurei<PlayerName_jurei_soujutsu>",
                    "keep_owner": true
                }
            },
            "jurei_soujutsu_kiss_jurei": {
                "minecraft:transformation": {
                    "delay": {
                        "value": 0.2
                    },
                    "into": "rai:kiss_jurei<PlayerName_jurei_soujutsu>",
                    "keep_owner": true
                }
            },
            "jurei_soujutsu_one_eye_jurei": {
                "minecraft:transformation": {
                    "delay": {
                        "value": 0.2
                    },
                    "into": "rai:one_eye_jurei<PlayerName_jurei_soujutsu>",
                    "keep_owner": true
                }
            },
            "jurei_soujutsu_koryu_jurei": {
                "minecraft:transformation": {
                    "delay": {
                        "value": 0.2
                    },
                    "into": "rai:koryu_jurei<PlayerName_jurei_soujutsu>",
                    "keep_owner": true
                }
            },
            "jurei_soujutsu_sheep_jurei": {
                "minecraft:transformation": {
                    "delay": {
                        "value": 0.2
                    },
                    "into": "rai:sheep_jurei<PlayerName_jurei_soujutsu>",
                    "keep_owner": true
                }
            },
            "jurei_soujutsu_daruma_jurei": {
                "minecraft:projectile": {
                    "liquid_inertia": 1,
                    "power": 7,
                    "gravity": 999999999.0,
                    "on_hit": {
                        "stick_in_ground": {}
                    },
                    "offset": [
                        0,
                        0,
                        0
                    ]
                },
                "minecraft:transformation": {
                    "delay": {
                        "value": 0.2
                    },
                    "into": "rai:daruma_jurei<PlayerName_jurei_soujutsu_daruma_jurei>",
                    "keep_owner": true
                }
            },
            "worm_jurei": {
                "minecraft:projectile": {
                    "liquid_inertia": 1,
                    "power": 5,
                    "gravity": 999999999.0,
                    "on_hit": {
                        "stick_in_ground": {}
                    },
                    "offset": [
                        0,
                        0,
                        0
                    ]
                },
                "minecraft:transformation": {
                    "delay": {
                        "value": 0.2
                    },
                    "into": "rai:worm_jurei<PlayerName_jurei_soujutsu_worm_jurei_up>",
                    "keep_owner": true
                }
            },
            "jurei_soujutsu_family": {
                "minecraft:type_family": {
                    "family": [
                        "jurei_soujutsu_entity",
                        "tame_entity",
                        "jujutsu_kaisen",
                        "object",
                        "damage"
                    ]
                }
            },
            "despawn": {
                "minecraft:instant_despawn": {
                }
            }
        },
        "components": {
            "minecraft:nameable": {
                "allow_name_tag_renaming": false,
                "always_show": false
            },
            "minecraft:type_family": {
                "family": [
                    "tick_despawn",
                    "tame_entity",
                    "jujutsu_kaisen",
                    "object",
                    "damage"
                ]
            },
            "minecraft:timer": {
                "looping": false,
                "time": 5,
                "time_down_event": {
                    "event": "despawn"
                }
            },
            "minecraft:projectile": {
                "liquid_inertia": 1,
                "power": 0.1,
                "gravity": 999999999.0,
                "on_hit": {
                    "stick_in_ground": {}
                },
                "offset": [
                    0,
                    0,
                    0
                ]
            },
            "minecraft:health": {
                "value": 10000,
                "max": 10000
            },
            "minecraft:damage_sensor": {
                "triggers": [
                    {
                        "cause": "all",
                        "deals_damage": false
                    }
                ]
            },
            "minecraft:knockback_resistance": {
                "value": 1
            },
            "minecraft:pushable": {
                "is_pushable": false,
                "is_pushable_by_piston": false
            },
            "minecraft:physics": {}
        },
        "events": {
            "gyokuken": {
                "run_command": {
                    "command": [
                        "tag @s add player_name_entity",
                        "tag @s add tokusa_shikigami"
                    ]
                },
                "add": {
                    "component_groups": [
                        "gyokuken"
                    ]
                }
            },
            "gyokuken2": {
                "run_command": {
                    "command": [
                        "tag @s add player_name_entity",
                        "tag @s add tokusa_shikigami"
                    ]
                },
                "add": {
                    "component_groups": [
                        "gyokuken2"
                    ]
                }
            },
            "gyokuken3": {
                "run_command": {
                    "command": [
                        "tag @s add player_name_entity",
                        "tag @s add tokusa_shikigami"
                    ]
                },
                "add": {
                    "component_groups": [
                        "gyokuken3"
                    ]
                }
            },
            "tyobuku_nue": {
                "run_command": {
                    "command": [
                        "tag @s add player_name_entity",
                        "tag @s add tokusa_shikigami"
                    ]
                },
                "add": {
                    "component_groups": [
                        "tyobuku_nue"
                    ]
                }
            },
            "nue": {
                "run_command": {
                    "command": [
                        "tag @s add player_name_entity",
                        "tag @s add tokusa_shikigami"
                    ]
                },
                "add": {
                    "component_groups": [
                        "nue"
                    ]
                }
            },
            "nue2": {
                "run_command": {
                    "command": [
                        "tag @s add player_name_entity",
                        "tag @s add tokusa_shikigami"
                    ]
                },
                "add": {
                    "component_groups": [
                        "nue2"
                    ]
                }
            },
            "nue_rider": {
                "run_command": {
                    "command": [
                        "tag @s add player_name_entity",
                        "tag @s add tokusa_shikigami"
                    ]
                },
                "add": {
                    "component_groups": [
                        "nue_rider"
                    ]
                }
            },
            "tyobuku_gama": {
                "run_command": {
                    "command": [
                        "tag @s add player_name_entity",
                        "tag @s add tokusa_shikigami"
                    ]
                },
                "add": {
                    "component_groups": [
                        "tyobuku_gama"
                    ]
                }
            },
            "gama": {
                "run_command": {
                    "command": [
                        "tag @s add player_name_entity",
                        "tag @s add tokusa_shikigami"
                    ]
                },
                "add": {
                    "component_groups": [
                        "gama"
                    ]
                }
            },
            "gama2": {
                "run_command": {
                    "command": [
                        "tag @s add player_name_entity",
                        "tag @s add tokusa_shikigami"
                    ]
                },
                "add": {
                    "component_groups": [
                        "gama2"
                    ]
                }
            },
            "seiteishirazu": {
                "run_command": {
                    "command": [
                        "tag @s add player_name_entity",
                        "tag @s add tokusa_shikigami"
                    ]
                },
                "add": {
                    "component_groups": [
                        "seiteishirazu"
                    ]
                }
            },
            "transformation_seiteishirazu": {
                "add": {
                    "component_groups": [
                        "transformation_seiteishirazu"
                    ]
                }
            },
            "tyobuku_orochi": {
                "run_command": {
                    "command": [
                        "tag @s add player_name_entity",
                        "tag @s add tokusa_shikigami"
                    ]
                },
                "add": {
                    "component_groups": [
                        "tyobuku_orochi"
                    ]
                }
            },
            "orochi": {
                "run_command": {
                    "command": [
                        "tag @s add player_name_entity",
                        "tag @s add tokusa_shikigami"
                    ]
                },
                "add": {
                    "component_groups": [
                        "orochi"
                    ]
                }
            },
            "fushiguro_orochi": {
                "add": {
                    "component_groups": [
                        "fushiguro_orochi"
                    ]
                }
            },
            "fushiguro_player_orochi": {
                "add": {
                    "component_groups": [
                        "fushiguro_player_orochi"
                    ]
                }
            },
            "tyobuku_bansyo": {
                "run_command": {
                    "command": [
                        "tag @s add player_name_entity",
                        "tag @s add tokusa_shikigami"
                    ]
                },
                "add": {
                    "component_groups": [
                        "tyobuku_bansyo"
                    ]
                }
            },
            "bansyo": {
                "run_command": {
                    "command": [
                        "tag @s add player_name_entity",
                        "tag @s add tokusa_shikigami"
                    ]
                },
                "add": {
                    "component_groups": [
                        "bansyo"
                    ]
                }
            },
            "fall_bansyo": {
                "run_command": {
                    "command": [
                        "tag @s add player_name_entity",
                        "tag @s add tokusa_shikigami"
                    ]
                },
                "add": {
                    "component_groups": [
                        "fall_bansyo"
                    ]
                }
            },
            "tyobuku_datto": {
                "run_command": {
                    "command": [
                        "tag @s add player_name_entity",
                        "tag @s add tokusa_shikigami"
                    ]
                },
                "add": {
                    "component_groups": [
                        "tyobuku_datto"
                    ]
                }
            },
            "datto": {
                "run_command": {
                    "command": [
                        "tag @s add player_name_entity",
                        "tag @s add tokusa_shikigami"
                    ]
                },
                "add": {
                    "component_groups": [
                        "datto"
                    ]
                }
            },
            "fushiguro_datto": {
                "run_command": {
                    "command": [
                        "tag @s add fushiguro_datto"
                    ]
                },
                "add": {
                    "component_groups": [
                        "datto"
                    ]
                }
            },
            "fushiguro_player_datto": {
                "run_command": {
                    "command": [
                        "tag @s add fushiguro_player_datto"
                    ]
                },
                "add": {
                    "component_groups": [
                        "datto"
                    ]
                }
            },
            "transformation_tyobuku_datto": {
                "add": {
                    "component_groups": [
                        "transformation_tyobuku_datto"
                    ]
                }
            },
            "transformation_datto": {
                "sequence": [
                    {
                        "filters": {
                            "test": "has_tag",
                            "value": "fushiguro_datto"
                        },
                        "add": {
                            "component_groups": [
                                "transformation_fushiguro_datto"
                            ]
                        }
                    },
                    {
                        "filters": {
                            "test": "has_tag",
                            "value": "fushiguro_player_datto"
                        },
                        "add": {
                            "component_groups": [
                                "transformation_fushiguro_player_datto"
                            ]
                        }
                    },
                    {
                        "filters": {
                            "none_of": [
                                {
                                    "test": "has_tag",
                                    "value": "fushiguro_datto"
                                },
                                {
                                    "test": "has_tag",
                                    "value": "fushiguro_player_datto"
                                }
                            ]
                        },
                        "add": {
                            "component_groups": [
                                "transformation_datto"
                            ]
                        }
                    }
                ]
            },
            "tyobuku_makora": {
                "run_command": {
                    "command": [
                        "tag @s add player_name_entity",
                        "tag @s add tokusa_shikigami"
                    ]
                },
                "add": {
                    "component_groups": [
                        "tyobuku_makora"
                    ]
                }
            },
            "makora": {
                "run_command": {
                    "command": [
                        "tag @s add player_name_entity",
                        "tag @s add tokusa_shikigami"
                    ]
                },
                "add": {
                    "component_groups": [
                        "makora"
                    ]
                }
            },
            "jurei_soujutsu_frog_jurei": {
                "run_command": {
                    "command": [
                        "tag @s add player_name_entity",
                        "tag @s add jurei_soujutsu_jurei"
                    ]
                },
                "add": {
                    "component_groups": [
                        "jurei_soujutsu_family",
                        "jurei_soujutsu_frog_jurei"
                    ]
                }
            },
            "jurei_soujutsu_churu_jurei": {
                "run_command": {
                    "command": [
                        "tag @s add player_name_entity",
                        "tag @s add jurei_soujutsu_jurei"
                    ]
                },
                "add": {
                    "component_groups": [
                        "jurei_soujutsu_family",
                        "jurei_soujutsu_churu_jurei"
                    ]
                }
            },
            "jurei_soujutsu_tokyu_jurei": {
                "run_command": {
                    "command": [
                        "tag @s add player_name_entity",
                        "tag @s add jurei_soujutsu_jurei"
                    ]
                },
                "add": {
                    "component_groups": [
                        "jurei_soujutsu_family",
                        "jurei_soujutsu_tokyu_jurei"
                    ]
                }
            },
            "jurei_soujutsu_raichu_jurei": {
                "run_command": {
                    "command": [
                        "tag @s add player_name_entity",
                        "tag @s add jurei_soujutsu_jurei"
                    ]
                },
                "add": {
                    "component_groups": [
                        "jurei_soujutsu_family",
                        "jurei_soujutsu_raichu_jurei"
                    ]
                }
            },
            "jurei_soujutsu_mushroom_jurei": {
                "run_command": {
                    "command": [
                        "tag @s add player_name_entity",
                        "tag @s add jurei_soujutsu_jurei"
                    ]
                },
                "add": {
                    "component_groups": [
                        "jurei_soujutsu_family",
                        "jurei_soujutsu_mushroom_jurei"
                    ]
                }
            },
            "jurei_soujutsu_mouth_jurei": {
                "run_command": {
                    "command": [
                        "tag @s add player_name_entity",
                        "tag @s add jurei_soujutsu_jurei"
                    ]
                },
                "add": {
                    "component_groups": [
                        "jurei_soujutsu_family",
                        "jurei_soujutsu_mouth_jurei"
                    ]
                }
            },
            "jurei_soujutsu_flea_jurei": {
                "run_command": {
                    "command": [
                        "tag @s add player_name_entity",
                        "tag @s add jurei_soujutsu_jurei"
                    ]
                },
                "add": {
                    "component_groups": [
                        "jurei_soujutsu_family",
                        "jurei_soujutsu_flea_jurei"
                    ]
                }
            },
            "jurei_soujutsu_fish_jurei": {
                "run_command": {
                    "command": [
                        "tag @s add player_name_entity",
                        "tag @s add jurei_soujutsu_jurei"
                    ]
                },
                "add": {
                    "component_groups": [
                        "jurei_soujutsu_family",
                        "jurei_soujutsu_fish_jurei"
                    ]
                }
            },
            "jurei_soujutsu_fly_head_jurei": {
                "run_command": {
                    "command": [
                        "tag @s add player_name_entity",
                        "tag @s add jurei_soujutsu_jurei"
                    ]
                },
                "add": {
                    "component_groups": [
                        "jurei_soujutsu_family",
                        "jurei_soujutsu_fly_head_jurei"
                    ]
                }
            },
            "jurei_soujutsu_chuchu_jurei": {
                "run_command": {
                    "command": [
                        "tag @s add player_name_entity",
                        "tag @s add jurei_soujutsu_jurei"
                    ]
                },
                "add": {
                    "component_groups": [
                        "jurei_soujutsu_family",
                        "jurei_soujutsu_chuchu_jurei"
                    ]
                }
            },
            "jurei_soujutsu_ray_jurei": {
                "run_command": {
                    "command": [
                        "tag @s add player_name_entity",
                        "tag @s add jurei_soujutsu_jurei"
                    ]
                },
                "add": {
                    "component_groups": [
                        "jurei_soujutsu_family",
                        "jurei_soujutsu_ray_jurei"
                    ]
                }
            },
            "jurei_soujutsu_kiss_jurei": {
                "run_command": {
                    "command": [
                        "tag @s add player_name_entity",
                        "tag @s add jurei_soujutsu_jurei"
                    ]
                },
                "add": {
                    "component_groups": [
                        "jurei_soujutsu_family",
                        "jurei_soujutsu_kiss_jurei"
                    ]
                }
            },
            "jurei_soujutsu_one_eye_jurei": {
                "run_command": {
                    "command": [
                        "tag @s add player_name_entity",
                        "tag @s add jurei_soujutsu_jurei"
                    ]
                },
                "add": {
                    "component_groups": [
                        "jurei_soujutsu_family",
                        "jurei_soujutsu_one_eye_jurei"
                    ]
                }
            },
            "jurei_soujutsu_koryu_jurei": {
                "run_command": {
                    "command": [
                        "tag @s add player_name_entity",
                        "tag @s add jurei_soujutsu_jurei"
                    ]
                },
                "add": {
                    "component_groups": [
                        "jurei_soujutsu_family",
                        "jurei_soujutsu_koryu_jurei"
                    ]
                }
            },
            "jurei_soujutsu_sheep_jurei": {
                "run_command": {
                    "command": [
                        "tag @s add player_name_entity",
                        "tag @s add jurei_soujutsu_jurei"
                    ]
                },
                "add": {
                    "component_groups": [
                        "jurei_soujutsu_family",
                        "jurei_soujutsu_sheep_jurei"
                    ]
                }
            },
            "jurei_soujutsu_daruma_jurei": {
                "run_command": {
                    "command": [
                        "tag @s add player_name_entity",
                        "tag @s add jurei_soujutsu_jurei2"
                    ]
                },
                "add": {
                    "component_groups": [
                        "jurei_soujutsu_daruma_jurei"
                    ]
                }
            },
            "worm_jurei": {
                "run_command": {
                    "command": [
                        "tag @s add player_name_entity",
                        "tag @s add jurei_soujutsu_jurei2"
                    ]
                },
                "add": {
                    "component_groups": [
                        "worm_jurei"
                    ]
                }
            },
            "despawn": {
                "add": {
                    "component_groups": [
                        "despawn"
                    ]
                }
            }
        }
    }
}