{"format_version":"1.8.0","minecraft:entity":{"description":{"identifier":"yg:camera_man","is_spawnable":true,"is_summonable":true,"is_experimental":false},"component_groups":{"minecraft:camera_white":{"minecraft:variant":{"value":0}},"minecraft:camera_white2":{"minecraft:variant":{"value":1}},"minecraft:camera_black":{"minecraft:variant":{"value":2}},"minecraft:camera_black2":{"minecraft:variant":{"value":3}},"minecraft:camera_red":{"minecraft:variant":{"value":4}},"minecraft:camera_red2":{"minecraft:variant":{"value":5}},"minecraft:infected_event":{"minecraft:transformation":{"into":"yg:infected_camera_man<minecraft:entity_spawned>","delay":0}}},"components":{"minecraft:nameable":{},"minecraft:type_family":{"family":["mob","alliance","Ζθριεφατο","camera_man"]},"minecraft:collision_box":{"width":0.6,"height":1.6},"minecraft:scale":{"value":1},"minecraft:health":{"value":150,"max":150},"minecraft:movement":{"value":0.25},"minecraft:movement.basic":{},"minecraft:behavior.float":{"priority":1},"minecraft:jump.static":{},"minecraft:can_climb":{},"minecraft:physics":{},"minecraft:pushable":{"is_pushable":true,"is_pushable_by_piston":true},"minecraft:navigation.walk":{"avoid_damage_blocks":false,"can_walk":true,"avoid_water":false,"can_path_over_water":true,"can_pass_doors":true,"can_break_doors":true,"can_open_doors":true,"can_open_iron_doors":true},"minecraft:behavior.random_look_around":{"priority":9},"minecraft:behavior.hurt_by_target":{"priority":1},"minecraft:behavior.look_at_player":{"priority":8,"look_distance":6,"probability":0.02},"minecraft:behavior.random_stroll":{"priority":7,"speed_multiplier":1},"minecraft:knockback_resistance":{"value":0.8},"minecraft:damage_sensor":{"on_damage":{"filters":{"test":"is_family","subject":"other","value":"a_parasite"},"event":"minecraft:infected_event"},"deals_damage":true},"minecraft:follow_range":{"value":30,"max":30},"minecraft:behavior.restrict_open_door":{"priority":5},"minecraft:behavior.move_indoors":{"priority":4,"speed_multiplier":0.8},"minecraft:annotation.open_door":{},"minecraft:behavior.open_door":{"priority":6,"close_door_after":true},"minecraft:behavior.nearest_attackable_target":{"priority":2,"must_see":true,"reselect_targets":true,"within_radius":35,"must_see_forget_duration":15,"entity_types":[{"filters":{"any_of":[{"test":"is_family","subject":"other","value":"monster"},{"test":"is_family","subject":"other","value":"undead"},{"test":"is_family","subject":"other","value":"warden"},{"test":"is_family","subject":"other","value":"illager"},{"test":"is_family","subject":"other","value":"infected"},{"test":"is_family","subject":"other","value":"toiletskibidis"}]},"max_dist":35}]},"minecraft:behavior.melee_attack":{"priority":3,"track_target":true,"speed_multiplier":1.26},"minecraft:attack":{"damage":25},"minecraft:loot":{"table":"loot_tables/entities/null.json"},"minecraft:leashable":{"soft_distance":4,"hard_distance":6,"max_distance":10,"can_be_stolen":true},"minecraft:is_hidden_when_invisible":{}},"events":{"minecraft:entity_spawned":{"sequence":[{"filters":{"test":"has_component","operator":"!=","value":"minecraft:variant"},"randomize":[{"weight":20,"add":{"component_groups":["minecraft:camera_white"]}},{"weight":20,"add":{"component_groups":["minecraft:camera_white2"]}},{"weight":20,"add":{"component_groups":["minecraft:camera_black"]}},{"weight":20,"add":{"component_groups":["minecraft:camera_black2"]}},{"weight":20,"add":{"component_groups":["minecraft:camera_red"]}},{"weight":20,"add":{"component_groups":["minecraft:camera_red2"]}}]}]},"minecraft:infected_event":{"add":{"component_groups":["minecraft:infected_event"]}}}}}