{"format_version":"1.8.0","minecraft:entity":{"description":{"identifier":"yg:camera_drop_ship","is_spawnable":true,"is_summonable":true,"is_experimental":false},"component_groups":{},"components":{"minecraft:nameable":{},"minecraft:type_family":{"family":["mob","alliance","Ζθριεφατο","camera_man"]},"minecraft:collision_box":{"width":0.8,"height":3.5},"minecraft:scale":{"value":1},"minecraft:health":{"value":500,"max":500},"minecraft:movement":{"value":0.3},"minecraft:movement.basic":{},"minecraft:behavior.float":{"priority":1},"minecraft:jump.static":{},"minecraft:can_climb":{},"minecraft:physics":{},"minecraft:pushable":{"is_pushable":true,"is_pushable_by_piston":true},"minecraft:navigation.walk":{"avoid_damage_blocks":false,"can_walk":true,"avoid_water":false,"can_path_over_water":true},"minecraft:behavior.hurt_by_target":{"priority":1},"minecraft:behavior.random_stroll":{"priority":7,"speed_multiplier":1},"minecraft:knockback_resistance":{"value":999},"minecraft:damage_sensor":{"deals_damage":true},"minecraft:follow_range":{"value":30,"max":30},"minecraft:fire_immune":true,"minecraft:behavior.nearest_attackable_target":{"priority":2,"must_see":true,"reselect_targets":true,"within_radius":35,"must_see_forget_duration":15,"entity_types":[{"filters":{"any_of":[{"test":"is_family","subject":"other","value":"monster"},{"test":"is_family","subject":"other","value":"undead"},{"test":"is_family","subject":"other","value":"warden"},{"test":"is_family","subject":"other","value":"illager"},{"test":"is_family","subject":"other","value":"infected"},{"test":"is_family","subject":"other","value":"toiletskibidis"}]},"max_dist":35}]},"minecraft:behavior.melee_attack":{"priority":3,"track_target":true,"speed_multiplier":1.3},"minecraft:attack":{"damage":100},"minecraft:loot":{"table":"loot_tables/entities/null.json"},"minecraft:is_hidden_when_invisible":{},"minecraft:behavior.summon_entity":{"priority":1,"summon_choices":[{"weight":20,"cooldown_time":20,"cast_duration":1.5,"sequence":[{"shape":"circle","target":"target","delay_per_summon":0,"num_entities_spawned":6,"entity_type":"yg:camera_man","size":6,"entity_lifespan":100}]}]}},"events":{"minecraft:entity_spawned":{}}}}