{
    "format_version": "1.16.0",
    "minecraft:entity": {
        "description": {
            "identifier": "rai:ijichi",
            "is_spawnable": true,
            "is_summonable": true,
            "is_experimental": false
        },
        "component_groups": {
            "despawn": {
                "minecraft:instant_despawn": {
                    "remove_child_entities": true
                }
            }
        },
        "components": {
            "minecraft:damage_sensor": {
                "triggers": [
                    {
                        "on_damage": {
                            "filters": {
                                "test": "is_family",
                                "subject": "damager",
                                "value": "no_damage"
                            }
                        },
                        "deals_damage": false
                    }
                ]
            },
            "minecraft:interact": {
                "interactions": [
                    {
                        "on_interact": {
                            "event": "mission"
                        },
                        "swing": true
                    }
                ]
            },
            "minecraft:despawn": {
                "despawn_from_distance": {
                }
            },
            "minecraft:breathable": {
                "total_supply": 60,
                "suffocate_time": 0
            },
            "minecraft:behavior.float": {
                "priority": 0
            },
            "minecraft:behavior.random_stroll": {
                "priority": 1,
                "speed_multiplier": 0.5
            },
            "minecraft:annotation.open_door": {
            },
            "minecraft:navigation.walk": {
                "is_amphibious": true,
                "can_sink": false,
                "can_swim": true,
                "can_walk": true,
                "can_open_doors": true,
                "can_pass_doors": true,
                "avoid_portals": true,
                "avoid_damage_blocks": true,
                "can_path_over_water": true
            },
            "minecraft:type_family": {
                "family": [
                    "mob_entity",
                    "jujutsu_kaisen",
                    "school_team",
                    "mob"
                ]
            },
            "minecraft:collision_box": {
                "width": 0.6,
                "height": 1.8
            },
            "minecraft:health": {
                "value": 20,
                "max": 20
            },
            "minecraft:movement": {
                "value": 0.15
            },
            "minecraft:movement.basic": {},
            "minecraft:jump.static": {
            },
            "minecraft:physics": {},
            "minecraft:pushable": {
                "is_pushable": true,
                "is_pushable_by_piston": true
            }
        },
        "events": {
            "mission": {
                "sequence": [
                    {
                        "run_command": {
                            "command": [
                                "tag @s add mission_entity"
                            ]
                        }
                    },
                    {
                        "run_command": {
                            "command": [
                                "tag @s[scores={mission=1..}] add mission_player",
                                "execute as @s[tag=!mission_player] run function mission/ijichi",
                                "execute as @s[tag=!mission_player] run event entity @e[tag=mission_entity] despawn",
                                "tag @s remove mission_player",
                                "tag @e remove mission_entity"
                            ],
                            "target": "other"
                        }
                    }
                ]
            },
            "despawn": {
                "add": {
                    "component_groups": [
                        "despawn"
                    ]
                }
            }
        }
    }
}