{
    "format_version": "1.16.0",
    "minecraft:entity": {
        "description": {
            "identifier": "rai:panda_triceratops",
            "is_spawnable": false,
            "is_summonable": true,
            "is_experimental": false,
            "scripts": {
                "animate": [
                    "has_target",
                    "mark_variant",
                    "died"
                ]
            },
            "animations": {
                "has_target": "controller.animation.has_target",
                "mark_variant": "controller.animation.mark_variant",
                "died": "controller.animation.died"
            }
        },
        "component_groups": {
            "mark_variant-1": {"minecraft:mark_variant": {"value": -1}},
            "reset_mark_variant": {"minecraft:mark_variant": {"value": 0}},
            "mark_variant": {"minecraft:mark_variant": {"value": 1}},
            "mark_variant2": {"minecraft:mark_variant": {"value": 2}},
            "mark_variant3": {"minecraft:mark_variant": {"value": 3}},
            "mark_variant4": {"minecraft:mark_variant": {"value": 4}},
            "mark_variant5": {"minecraft:mark_variant": {"value": 5}},
            "mark_variant6": {"minecraft:mark_variant": {"value": 6}},
            "mark_variant7": {"minecraft:mark_variant": {"value": 7}},
            "mark_variant8": {"minecraft:mark_variant": {"value": 8}},
            "mark_variant9": {"minecraft:mark_variant": {"value": 9}},
            "mark_variant10": {"minecraft:mark_variant": {"value": 10}},
            "mark_variant11": {"minecraft:mark_variant": {"value": 11}},
            "mark_variant12": {"minecraft:mark_variant": {"value": 12}},
            "mark_variant13": {"minecraft:mark_variant": {"value": 13}},
            "mark_variant14": {"minecraft:mark_variant": {"value": 14}},
            "mark_variant15": {"minecraft:mark_variant": {"value": 15}},
            "mark_variant16": {"minecraft:mark_variant": {"value": 16}},
            "mark_variant17": {"minecraft:mark_variant": {"value": 17}},
            "mark_variant18": {"minecraft:mark_variant": {"value": 18}},
            "mark_variant19": {"minecraft:mark_variant": {"value": 19}},
            "mark_variant20": {"minecraft:mark_variant": {"value": 20}},
            "mark_variant21": {"minecraft:mark_variant": {"value": 21}},
            "mark_variant22": {"minecraft:mark_variant": {"value": 22}},
            "mark_variant23": {"minecraft:mark_variant": {"value": 23}},
            "mark_variant24": {"minecraft:mark_variant": {"value": 24}},
            "mark_variant25": {"minecraft:mark_variant": {"value": 25}},
            "mark_variant26": {"minecraft:mark_variant": {"value": 26}},
            "mark_variant27": {"minecraft:mark_variant": {"value": 27}},
            "mark_variant28": {"minecraft:mark_variant": {"value": 28}},
            "mark_variant29": {"minecraft:mark_variant": {"value": 29}},
            "target2": {
                "minecraft:despawn": {
                    "despawn_from_distance": {}
                }
            },
            "target": {
                "minecraft:behavior.look_at_target": {
                    "look_distance": 64,
                    "probability": 1,
                    "look_time": 999,
                    "priority": 2,
                    "angle_of_view_vertical": 360,
                    "angle_of_view_horizontal": 360
                },
                "minecraft:timer": {
                    "time": [0.5,2],
                    "looping": true,
                    "time_down_event": {
                        "event": "attack",
                        "target": "self"
                    }
                }
            },
            "ride": {
                "minecraft:nameable": {
                    "allow_name_tag_renaming": false,
                    "always_show": true
                },
                "minecraft:interact": {
                },
                "minecraft:behavior.nearest_attackable_target": {
                 "priority": 1,
                 "within_radius": 16,
                 "reselect_targets": true,
                 "entity_types": [
                   {
                     "filters": {
                        "all_of": [
                            { "test": "is_family", "subject": "other", "operator": "not", "value": "damage" },
                            { "test": "has_tag", "subject": "other", "operator": "not", "value": "no_player" }
                        ]
                     },
                     "must_see": true,
                     "max_dist": 64
                   }
                 ]
                },
                "minecraft:rideable": {
                  "seat_count": 1,
                  "family_types": [
                    "player"
                  ],
                  "seats": {
                    "position": [ 0, 1, 0 ]
                  }
                }
            },
            "ride_despawn": {
                "minecraft:despawn": {
                    "remove_child_entities": true,
                    "filters": {
                        "test": "rider_count",
                        "value": 0
                    }
                }
            },
            "despawn": {
                "minecraft:instant_despawn": {
                    "remove_child_entities": false
                }
            }
        },
        "components": {
            "minecraft:despawn": {
                "despawn_from_distance": {
                }
            },
            "minecraft:loot": {
              "table": "loot_tables/jujutsu_kaisen_entities/panda.json"
            },
            "minecraft:boss": {
                "name": "entity.rai:panda_triceratops.name",
                "hud_range": 8
            },
            "minecraft:on_target_acquired": {
                "event": "target"
            },
            "minecraft:on_target_escape": {
                "event": "target2"
            },
            "minecraft:damage_sensor": {
                "triggers": [
                    {
                        "on_damage": {
                            "filters": {
                                "all_of": [
                                    {
                                        "test": "has_target",
                                        "value": false
                                    },
                                    {
                                        "any_of": [
                                            {
                                                "test": "is_family",
                                                "subject": "damager",
                                                "value": "player"
                                            },
                                            {
                                                "all_of": [
                                                    {
                                                        "test": "is_family",
                                                        "subject": "other",
                                                        "value": "player"
                                                    },
                                                    {
                                                        "test": "has_damage",
                                                        "value": "projectile"
                                                    }
                                                ]
                                            },
                                            {
                                                "test": "is_family",
                                                "subject": "damager",
                                                "value": "mob_entity"
                                            }
                                        ]
                                    }
                                ]
                            }
                        },
                        "deals_damage": true
                    },
                    {
                        "on_damage": {
                            "filters": {
                                "test": "has_target",
                                "value": false
                            }
                        },
                        "deals_damage": false
                    },
                    {
                        "on_damage": {
                            "filters": {
                                "test": "is_family",
                                "subject": "damager",
                                "value": "no_damage"
                            }
                        },
                        "deals_damage": false
                    },
                    {
                        "on_damage": {
                            "filters": {
                                "all_of": [
                                    {
                                        "any_of": [
                                            {
                                                "test": "has_tag",
                                                "subject": "damager",
                                                "value": "no_damage_sneaking_attack"
                                            },
                                            {
                                                "test": "is_family",
                                                "subject": "damager",
                                                "value": "no_damage_sneaking_attack"
                                            }
                                        ]
                                    },
                                    {
                                        "test": "has_tag",
                                        "value": "damage_sneaking"
                                    }
                                ]
                            },
                            "event": "damage_sneaking"
                        }
                    },
                    {
                        "on_damage": {
                            "filters": {
                                "all_of": [
                                    {
                                        "test": "has_tag",
                                        "operator": "not",
                                        "subject": "damager",
                                        "value": "no_damage_sneaking_attack"
                                    },
                                    {
                                        "test": "has_tag",
                                        "value": "damage_sneaking"
                                    }
                                ]
                            },
                            "event": "damage_sneaking"
                        },
                        "damage_multiplier": 0.05
                    },
                    {
                        "on_damage": {
                            "filters": {
                                "test": "has_damage",
                                "value": "fall"
                            },
                            "event": "damage_sneaking"
                        },
                        "damage_multiplier": 0.1
                    }
                ]
            },
            "minecraft:behavior.float": {
                "priority": 0
            },
            "minecraft:behavior.melee_attack": {
                "cooldown_time": 0.5,
                "priority": 1
            },
            "minecraft:behavior.nearest_attackable_target": {
             "priority": 3,
             "within_radius": 16,
             "reselect_targets": true,
             "entity_types": [
               {
                 "filters": {
                    "all_of": [
                        { "test": "is_family", "subject": "other", "operator": "not", "value": "damage" },
                        { "test": "has_tag", "subject": "other", "operator": "not", "value": "no_player" }
                    ]
                 },
                 "must_see": true,
                 "max_dist": 64
               }
             ]
            },
            "minecraft:behavior.hurt_by_target": {
                "alert_same_type": true,
                "priority": 4,
                "entity_types": {
                    "filters": {
                        "all_of": [
                            { "test": "is_family", "subject": "other", "operator": "not", "value": "damage" },
                            { "test": "has_tag", "subject": "other", "operator": "not", "value": "no_player" }
                        ]
                    },
                    "max_dist": 64
                }
            },
            "minecraft:follow_range": {
                "value": 64
            },
            "minecraft:behavior.random_stroll": {
                "priority": 5,
                "speed_multiplier": 0.5
            },
            "minecraft:underwater_movement": {
              "value": 0.1
            },
            "minecraft:annotation.open_door": {
            },
            "minecraft:annotation.break_door": {
                "break_time": 0,
                "min_difficulty": "peaceful"
            },
            "minecraft:navigation.walk": {
                "is_amphibious": true,
                "can_sink": false,
                "can_swim": true,
                "can_walk": true,
                "can_open_doors": true,
                "can_break_doors": true,
                "can_pass_doors": true,
                "avoid_portals": true,
                "avoid_damage_blocks": true,
                "can_path_over_water": true
            },
            "minecraft:type_family": {
                "family": [
                    "mob_entity",
                    "jujutsu_kaisen",
                    "damage_sneaking",
                    "triceratops",
                    "mob"
                ]
            },
            "minecraft:collision_box": {
                "width": 0.75,
                "height": 3
            },
            "minecraft:health": {
                "value": 150,
                "max": 150
            },
            "minecraft:attack": {
                "damage": 4
            },
            "minecraft:movement": {
                "value": 0.45
            },
            "minecraft:movement.basic": {},
            "minecraft:jump.static": {
            },
            "minecraft:physics": {},
            "minecraft:pushable": {
                "is_pushable": true,
                "is_pushable_by_piston": true
            }
        },
        "events": {
            "reset_mark_variant": {"add": {"component_groups": ["reset_mark_variant"]}},
            "mark_variant-1": {"add": {"component_groups": ["mark_variant-1"]}},
            "mark_variant": {"add": {"component_groups": ["mark_variant"]}},
            "mark_variant2": {"add": {"component_groups": ["mark_variant2"]}},
            "mark_variant3": {"add": {"component_groups": ["mark_variant3"]}},
            "mark_variant4": {"add": {"component_groups": ["mark_variant4"]}},
            "mark_variant5": {"add": {"component_groups": ["mark_variant5"]}},
            "mark_variant6": {"add": {"component_groups": ["mark_variant6"]}},
            "mark_variant7": {"add": {"component_groups": ["mark_variant7"]}},
            "mark_variant8": {"add": {"component_groups": ["mark_variant8"]}},
            "mark_variant9": {"add": {"component_groups": ["mark_variant9"]}},
            "mark_variant10": {"add": {"component_groups": ["mark_variant10"]}},
            "mark_variant11": {"add": {"component_groups": ["mark_variant11"]}},
            "mark_variant12": {"add": {"component_groups": ["mark_variant12"]}},
            "mark_variant13": {"add": {"component_groups": ["mark_variant13"]}},
            "mark_variant14": {"add": {"component_groups": ["mark_variant14"]}},
            "mark_variant15": {"add": {"component_groups": ["mark_variant15"]}},
            "mark_variant16": {"add": {"component_groups": ["mark_variant16"]}},
            "mark_variant17": {"add": {"component_groups": ["mark_variant17"]}},
            "mark_variant18": {"add": {"component_groups": ["mark_variant18"]}},
            "mark_variant19": {"add": {"component_groups": ["mark_variant19"]}},
            "mark_variant20": {"add": {"component_groups": ["mark_variant20"]}},
            "mark_variant21": {"add": {"component_groups": ["mark_variant21"]}},
            "mark_variant22": {"add": {"component_groups": ["mark_variant22"]}},
            "mark_variant23": {"add": {"component_groups": ["mark_variant23"]}},
            "mark_variant24": {"add": {"component_groups": ["mark_variant24"]}},
            "mark_variant25": {"add": {"component_groups": ["mark_variant25"]}},
            "mark_variant26": {"add": {"component_groups": ["mark_variant26"]}},
            "mark_variant27": {"add": {"component_groups": ["mark_variant27"]}},
            "mark_variant28": {"add": {"component_groups": ["mark_variant28"]}},
            "mark_variant29": {"add": {"component_groups": ["mark_variant29"]}},
            "damage_sneaking": {
                "run_command": {
                    "command": [
                        "function skill/damage_sneaking"
                    ]
                }
            },
            "ride": {
                "run_command": {
                    "command": [
                        "tag @s add ride",
                        "scoreboard players set @s despawn 1800"
                    ]
                },
                "add": {
                    "component_groups": [
                        "ride"
                    ]
                }
            },
            "despawn": {
                "add": {
                    "component_groups": [
                        "despawn"
                    ]
                }
            },
            "died": {},
            "target": {
                "sequence": [
                    {
                        "run_command": {
                            "command": [
                                "event entity @s attack"
                            ]
                        },
                        "remove": {
                            "component_groups": [
                                "target2"
                            ]
                        },
                        "add": {
                            "component_groups": [
                                "target"
                            ]
                        }
                    },
                    {
                        "filters": {
                            "test": "has_tag",
                            "value": "ride"
                        },
                        "add": {
                            "component_groups": [
                                "ride_despawn"
                            ]
                        }
                    }
                ]
            },
            "target2": {
                "sequence": [
                    {
                        "remove": {
                            "component_groups": [
                                "target"
                            ]
                        },
                        "add": {
                            "component_groups": [
                                "target2"
                            ]
                        }
                    },
                    {
                        "filters": {
                            "test": "has_tag",
                            "value": "ride"
                        },
                        "add": {
                            "component_groups": [
                                "ride_despawn"
                            ]
                        }
                    }
                ]
            },
            "attack": {
                "sequence": [
                    {
                        "run_command": {
                            "command": [
                                "tag @s add target"
                            ],
                            "target": "target"
                        }
                    },
                    {
                        "randomize": [
                            {
                                "weight": 50,
                                "run_command": {
                                    "command": [
                                        "execute if entity @e[tag=target,rm=5] as @s[tag=!cooltime] run function skill/sekkin",
                                        "execute if entity @e[tag=target,r=5] as @s[tag=!cooltime] run function skill/punch"
                                    ]
                                }
                            },
                            {
                                "weight": 10,
                                "run_command": {
                                    "command": [
                                        "execute if entity @e[tag=target,rm=5] as @s[tag=!cooltime] run function skill/sekkin",
                                        "execute if entity @e[tag=target,r=5] as @s[tag=!cooltime] run function skill/kick"
                                    ]
                                }
                            },
                            {
                                "weight": 5,
                                "run_command": {
                                    "command": [
                                        "execute if entity @e[tag=target,rm=5] as @s[tag=!cooltime] run function skill/sekkin",
                                        "execute if entity @e[tag=target,r=5] as @s[tag=!cooltime] run function skill/strong_punch"
                                    ]
                                }
                            }
                        ]
                    },
                    {
                        "run_command": {
                            "command": [
                                "tag @e remove target"
                            ]
                        }
                    }
                ]
            }
        }
    }
}