{
	"format_version": "1.10.0",
	"particle_effect": {
		"description": {
			"identifier": "ic:acid",
			"basic_render_parameters": {
				"material": "particles_blend",
				"texture": "textures/particles/ic_rocket_flame"
			}
		},
		"components": {
			"minecraft:emitter_rate_steady": {
				"spawn_rate": 30,
				"max_particles": 100
			},
			"minecraft:emitter_lifetime_once": {
				"active_time": 3
			},
			"minecraft:emitter_shape_point": {
				"direction": ["math.random(0.4,-0.4)", "math.random(0.4,-0.4)", "math.random(-1,-1)"]
			},
			"minecraft:particle_lifetime_expression": {
				"max_lifetime": "math.random(1.3,1.5)"
			},
			"minecraft:particle_initial_speed": 18,
			"minecraft:particle_motion_dynamic": {},
			"minecraft:particle_appearance_billboard": {
				"size": [2.2, 2.2],
				"facing_camera_mode": "rotate_xyz",
				"uv": {
					"texture_width": 16,
					"texture_height": 16,
					"uv": [0, 0],
					"uv_size": [16, 16]
				}
			},
			"minecraft:particle_appearance_tinting": {
				"color": {
					"interpolant": "v.particle_age / v.particle_lifetime",
					"gradient": {
						"0.0": "#FF00FF04",
						"0.32": "#FF426300",
						"1.0": "#FF223B00"
					}
				}
			}
		}
	}
}