{
	"format_version": "1.10.0",
	"particle_effect": {
		"description": {
			"identifier": "ic:electric_spark",
			"basic_render_parameters": {
				"material": "particles_add",
				"texture": "textures/particles/ic_spark"
			}
		},
		"components": {
			"minecraft:emitter_rate_steady": {
				"spawn_rate": 15,
				"max_particles": 100
			},
			"minecraft:emitter_lifetime_once": {
				"active_time": 4
			},
			"minecraft:emitter_shape_box": {
				"half_dimensions": [0.3, 0.4, 0.4],
				"direction": "outwards"
			},
			"minecraft:particle_lifetime_expression": {
				"max_lifetime": 0.5
			},
			"minecraft:particle_initial_spin": {
				"rotation_rate": 10
			},
			"minecraft:particle_initial_speed": 1,
			"minecraft:particle_motion_dynamic": {
				"linear_drag_coefficient": 5,
				"rotation_acceleration": "math.random(-10,10)",
				"rotation_drag_coefficient": 1
			},
			"minecraft:particle_appearance_billboard": {
				"size": [0.2, 0.2],
				"facing_camera_mode": "rotate_xyz",
				"uv": {
					"texture_width": 16,
					"texture_height": 96,
					"flipbook": {
						"base_UV": [0, 0],
						"size_UV": [16, 16],
						"step_UV": [0, 16],
						"max_frame": 6,
						"stretch_to_lifetime": true 
					}
				}
			}
		}
	}
}