{
	"format_version": "1.10.0",
	"particle_effect": {
		"description": {
			"identifier": "ic:explosion",
			"basic_render_parameters": {
				"material": "particles_blend",
				"texture": "textures/particles/ic_rocket_flame"
			}
		},
		"components": {
			"minecraft:emitter_rate_instant": {
				"num_particles": 35
			},
			"minecraft:emitter_lifetime_once": {
				"active_time": 1
			},
			"minecraft:emitter_shape_point": {},
			"minecraft:particle_lifetime_expression": {
				"max_lifetime": "math.random(1,1.2)"
			},
			"minecraft:particle_initial_speed": "math.random(15,20)",
			"minecraft:particle_motion_dynamic": {
				"linear_acceleration": [0, -2, 0],
				"linear_drag_coefficient": 3.5
			},
			"minecraft:particle_appearance_billboard": {
				"size": [1.5, 1.5],
				"facing_camera_mode": "rotate_xyz",
				"uv": {
					"texture_width": 16,
					"texture_height": 16,
					"uv": [0, 0],
					"uv_size": [16, 16]
				}
			},
			"minecraft:particle_appearance_tinting": {
				"color": {
					"interpolant": "v.particle_age / v.particle_lifetime",
					"gradient": {
						"0.0": "#FFFFBB00",
						"0.35": "#FF810000",
						"1.0": "#ff000000"
					}
				}
			}
		}
	}
}