{
	"format_version": "1.10.0",
	"particle_effect": {
		"description": {
			"identifier": "ic:hammer_trail",
			"basic_render_parameters": {
				"material": "particles_add",
				"texture": "textures/particles/ic_camera_flame"
			}
		},
		"components": {
			"minecraft:emitter_rate_steady": {
				"spawn_rate": 10,
				"max_particles": 100
			},
			"minecraft:emitter_lifetime_once": {
				"active_time": 1.5
			},
			"minecraft:emitter_shape_point": {
			 "direction": ["math.random(0.5,-0.5)", -2, "math.random(0.5,-0.5)"] 
            },
			"minecraft:particle_lifetime_expression": {
				"max_lifetime": 1.0
			},
			"minecraft:particle_initial_speed": 15,
			"minecraft:particle_motion_dynamic": {},
			"minecraft:particle_appearance_billboard": {
				"size": [2.5, 2.5],
				"facing_camera_mode": "rotate_xyz",
				"uv": {
					"texture_width": 16,
					"texture_height": 16,
					"uv": [0, 0],
					"uv_size": [16, 16]
				}
			},
			"minecraft:particle_appearance_tinting": {
				"color": {
					"interpolant": "v.particle_age / v.particle_lifetime",
					"gradient": {
						"0.0": "#FFC8FFFF",
						"0.58": "#FF3CCDFF",
						"0.81": "#FF0053F4",
						"0.93": "#FF0004B4"
					}
				}
			}
		}
	}
}