{
	"format_version": "1.10.0",
	"particle_effect": {
		"description": {
			"identifier": "ic:titan_rocket_flame2",
			"basic_render_parameters": {
				"material": "particles_add",
				"texture": "textures/particles/ic_camera_flame"
			}
		},
		"components": {
			"minecraft:emitter_rate_steady": {
				"spawn_rate": 10,
				"max_particles": 100
			},
			"minecraft:emitter_lifetime_once": {
				"active_time": 3
			},
			"minecraft:emitter_shape_point": {
				"direction": ["math.random(0.1,-0.1)", -2, "math.random(0.1,-0.1)"]
			},
			"minecraft:particle_lifetime_expression": {
				"max_lifetime": "math.random(1,1.2)"
			},
			"minecraft:particle_initial_speed": 24,
			"minecraft:particle_motion_dynamic": {},
			"minecraft:particle_appearance_billboard": {
				"size": [1.5, 1.5],
				"facing_camera_mode": "rotate_xyz",
				"uv": {
					"texture_width": 16,
					"texture_height": 16,
					"uv": [0, 0],
					"uv_size": [16, 16]
				}
			},
			"minecraft:particle_appearance_tinting": {
				"color": {
					"interpolant": "v.particle_age / v.particle_lifetime",
					"gradient": {
						"0.0": "#FFC8FFFF",
						"0.28": "#FF3CCDFF",
						"0.66": "#FF0053F4",
						"0.93": "#FF0004B4"
					}
				}
			}
		}
	}
}