{
  "mob.pa_cam_titam.throw": {
    "category": " neutral",
    "sounds": [
      "sounds/mob/pa_cam_titam/throw/throw"
    ]
  },
  "mob.pa_skibidi.ambient": {
    "category": " neutral",
    "sounds": [
      {
        "load_on_low_memory": true,
        "name": "sounds/mob/pa_skibidi/ambient/ambient5",
        "pitch": 0.7
      },
      "sounds/mob/pa_skibidi/ambient/ambient1",
      "sounds/mob/pa_skibidi/ambient/ambient2",
      "sounds/mob/pa_skibidi/ambient/ambient3",
      "sounds/mob/witch/ambient4",
      "sounds/mob/pa_skibidi/ambient/ambient5"
    ]
  },
  "mob.cd_cave_dawllers.hit": {
    "category": " neutral",
    "sounds": [
      "sounds/sounds/random/anvil_land",
      "sounds/sounds/random/anvil_use",
      "sounds/sounds/random/anvil_break",
      "sounds/sounds/step/netherite6"
    ]
  },
  "mob.cd_cave_dawllers.death": {
    "category": " neutral",
    "sounds": [
      "sounds/sounds/random/anvil_break"
    ]
  },
  "mob.cd_cave_dawllers.walk": {
    "category": " neutral",
    "sounds": [
      "sounds/mob/cd_cave_dawllers/walk/walk1",
      "sounds/mob/cd_cave_dawllers/walk/walk2",
      "sounds/mob/cd_cave_dawllers/walk/walk3",
      "sounds/mob/cd_cave_dawllers/walk/walk4"
    ]
  },
  "mob.s_cine.throw": {
    "category": " neutral",
    "sounds": [
      "sounds/item/trident/throw1"
    ]
  },
  "mob.pa_cam.throw": {
    "category": " neutral",
    "sounds": [
      "sounds/mob/pa_cam/throw/throw"
    ]
  },
  "mob.tm_tvtitan_cine.throw": {
    "category": " neutral",
    "sounds": [
      "sounds/sounds/ui/stonecutter/cut2"
    ]
  }
}