{
	"format_version": "1.12.0",
	"minecraft:geometry": [
		{
			"description": {
				"identifier": "geometry.dynamite",
				"texture_width": 16,
				"texture_height": 16,
				"visible_bounds_width": 2,
				"visible_bounds_height": 2.5,
				"visible_bounds_offset": [
					0,
					0.75,
					0
				]
			},
			"bones": [
				{
					"name": "dynamite_body",
					"pivot": [
						-1,
						6,
						0
					],
					"rotation": [
						-10,
						0,
						0
					]
				},
				{
					"name": "wick",
					"parent": "dynamite_body",
					"pivot": [
						-1.47613,
						8.34204,
						-0.86839
					],
					"cubes": [
						{
							"origin": [
								-1.47613,
								8.34204,
								-0.86839
							],
							"size": [
								0,
								3,
								3
							],
							"uv": [
								0,
								6
							]
						}
					]
				},
				{
					"name": "dynamite",
					"parent": "dynamite_body",
					"pivot": [
						0,
						4.57021,
						-0.91253
					],
					"cubes": [
						{
							"origin": [
								-2.47613,
								2.34204,
								-1.86839
							],
							"size": [
								3,
								6,
								3
							],
							"uv": [
								0,
								0
							]
						}
					]
				}
			]
		}
	]
}