{
	"format_version": "1.12.0",
	"minecraft:geometry": [
		{
			"description": {
				"identifier": "geometry.winged.dynamite",
				"texture_width": 32,
				"texture_height": 32,
				"visible_bounds_width": 2,
				"visible_bounds_height": 2.5,
				"visible_bounds_offset": [
					0,
					0.75,
					0
				]
			},
			"bones": [
				{
					"name": "wings",
					"pivot": [
						1,
						7,
						1
					]
				},
				{
					"name": "left_wing",
					"parent": "wings",
					"pivot": [
						1,
						7,
						1
					],
					"cubes": [
						{
							"origin": [
								-3.82569,
								0.93948,
								-0.39372
							],
							"size": [
								7,
								7,
								0
							],
							"pivot": [
								1,
								7,
								-1
							],
							"rotation": [
								0,
								-5,
								-90
							],
							"uv": [
								0,
								7
							]
						}
					]
				},
				{
					"name": "right_wing",
					"parent": "wings",
					"pivot": [
						-2,
						7,
						0
					],
					"cubes": [
						{
							"origin": [
								-5,
								1.02664,
								-0.38991
							],
							"size": [
								7,
								7,
								0
							],
							"pivot": [
								-3,
								7,
								0
							],
							"rotation": [
								0,
								5,
								90
							],
							"uv": [
								0,
								0
							]
						}
					]
				},
				{
					"name": "dynamite_body",
					"pivot": [
						-1,
						6,
						0
					],
					"rotation": [
						-10,
						0,
						0
					]
				},
				{
					"name": "wick",
					"parent": "dynamite_body",
					"pivot": [
						-1.47613,
						8.34204,
						-0.86839
					],
					"cubes": [
						{
							"origin": [
								-1.47613,
								8.34204,
								-0.86839
							],
							"size": [
								0,
								3,
								3
							],
							"uv": [
								0,
								11
							]
						}
					]
				},
				{
					"name": "dynamite",
					"parent": "dynamite_body",
					"pivot": [
						0,
						4.57021,
						-0.91253
					],
					"cubes": [
						{
							"origin": [
								-2.47613,
								2.34204,
								-1.86839
							],
							"size": [
								3,
								6,
								3
							],
							"uv": [
								11,
								11
							]
						}
					]
				}
			]
		}
	]
}