{
  "format_version": "1.19.40",
  "minecraft:block": {
    "description": {
      "identifier": "pa:rak_sukro1",
      "properties": {
        "block:rotation": [
          0,
          1,
          2,
          3,
          4,
          5,
          6
        ]
      },
      "menu_category": {
        "category": "Nature"
      }
    },
    "components": {
      "minecraft:loot": "loot_tables/blocks/pa_rak_sukro1.json",
      "minecraft:friction": 0.0,
      "minecraft:map_color": "#FFFFFF",
      "minecraft:flammable": {
        "catch_chance_modifier": 20,
        "destroy_chance_modifier": 5
      },
      "minecraft:on_player_placing": {
        "event": "update_rotation"
      },
      "minecraft:on_placed": {
        "event": "size:block",
        "target": "self"
      },
      "minecraft:material_instances": {
        "*": {
          "texture": "pa_rak_sukro1",
          "render_method": "alpha_test"
        }
      },
      "minecraft:geometry": "geometry.pa_rak_sukro1",
      "minecraft:on_player_destroyed": {
        "event": "remove:block",
        "target": "self"
      },
      "minecraft:on_step_on": {
        "event": "step:on",
        "target": "self"
      },
      "minecraft:on_step_off": {
        "event": "step:off",
        "target": "self"
      },
      "minecraft:random_ticking": {
        "on_tick": {
          "event": "random:tick",
          "target": "self"
        }
      },
      "minecraft:on_fall_on": {
        "event": "fall:on",
        "target": "self"
      },
      "minecraft:light_dampening": 0,
      "minecraft:light_emission": 0,
      "minecraft:destructible_by_explosion": {
        "explosion_resistance": 0.0
      },
      "minecraft:destructible_by_mining": {
        "seconds_to_destroy": 0.0
      },
      "minecraft:queued_ticking": {
        "looping": true,
        "interval_range": [
          10,
          10
        ],
        "on_tick": {
          "event": "on_tick",
          "target": "self"
        }
      }
    },
    "permutations": [
      {
        "condition": "query.block_property('block:rotation') == 2",
        "components": {
          "minecraft:rotation": [
            0,
            0,
            0
          ]
        }
      },
      {
        "condition": "query.block_property('block:rotation') == 3",
        "components": {
          "minecraft:rotation": [
            0,
            -180,
            0
          ]
        }
      },
      {
        "condition": "query.block_property('block:rotation') == 4",
        "components": {
          "minecraft:rotation": [
            0,
            90,
            0
          ]
        }
      },
      {
        "condition": "query.block_property('block:rotation') == 5",
        "components": {
          "minecraft:rotation": [
            0,
            -90,
            0
          ]
        }
      }
    ],
    "events": {
      "update_rotation": {
        "set_block_property": {
          "block:rotation": "query.cardinal_facing_2d"
        }
      },
      "size:block": {
        "run_command": {
          "command": []
        }
      },
      "remove:block": {},
      "step:on": {},
      "step:off": {},
      "random:tick": {},
      "on_tick": {},
      "fall:on": {}
    }
  }
}