{
  "format_version": "1.8.0",
  "animations": {
    "animation.witch.general": {
      "loop": true,
      "bones": {
        "nose": {
          "rotation": [
            "(variable.isholdingitem ? -25.7831 : (math.sin(query.life_time * 57.296) * 4.5)) - this",
            0,
            "(math.cos(query.life_time * 57.296) * 2.5) - this"
          ]
        }
      }
    },
    "animation.witch.villager_general": {
      "loop": true,
      "bones": {
        "arms": {
          "rotation": [
            "-42.97 - this",
            0,
            0
          ],
          "position": [
            0,
            -1,
            -1
          ]
        }
      }
    },
    "animation.witch.move": {
      "loop": true,
      "anim_time_update": "query.modified_distance_moved",
      "bones": {
        "leg0": {
          "rotation": [
            "(math.cos(query.anim_time * 38.17) * 40.0) - this",
            "-this",
            0
          ]
        },
        "leg1": {
          "rotation": [
            "(math.cos(query.anim_time * 38.17 + 180) * 40.0) - this",
            "-this",
            0
          ]
        }
      }
    },
    "animation.pa_bobbybearhug.idle": {
      "loop": true,
      "animation_length": 3,
      "bones": {
        "head": {
          "rotation": {
            "0.0": {
              "post": [
                0,
                0,
                0
              ],
              "lerp_mode": "catmullrom"
            },
            "0.625": {
              "post": [
                2.5,
                0,
                0
              ],
              "lerp_mode": "catmullrom"
            },
            "1.0": {
              "post": [
                0,
                0,
                0
              ],
              "lerp_mode": "catmullrom"
            },
            "1.625": {
              "post": [
                4.89,
                0,
                0
              ],
              "lerp_mode": "catmullrom"
            },
            "2.0": {
              "post": [
                0,
                0,
                0
              ],
              "lerp_mode": "catmullrom"
            },
            "2.5": {
              "post": [
                4.69,
                0,
                0
              ],
              "lerp_mode": "catmullrom"
            },
            "3.0": {
              "post": [
                0,
                0,
                0
              ],
              "lerp_mode": "catmullrom"
            }
          }
        },
        "base": {
          "rotation": {
            "0.0": {
              "post": [
                0,
                0,
                0
              ],
              "lerp_mode": "catmullrom"
            },
            "0.5417": {
              "post": [
                2.5,
                0,
                0
              ],
              "lerp_mode": "catmullrom"
            },
            "1.0": {
              "post": [
                0,
                0,
                0
              ],
              "lerp_mode": "catmullrom"
            },
            "1.5": {
              "post": [
                2.2963,
                -0.22782,
                -0.43283
              ],
              "lerp_mode": "catmullrom"
            },
            "2.0": {
              "post": [
                0,
                0,
                0
              ],
              "lerp_mode": "catmullrom"
            },
            "2.5": {
              "post": [
                -2.64352,
                0.01424,
                0.02705
              ],
              "lerp_mode": "catmullrom"
            },
            "3.0": {
              "post": [
                0,
                0,
                0
              ],
              "lerp_mode": "catmullrom"
            }
          }
        },
        "necklace": {
          "rotation": {
            "0.0": {
              "post": [
                0,
                0,
                0
              ],
              "lerp_mode": "catmullrom"
            },
            "0.6667": {
              "post": [
                -10,
                0,
                0
              ],
              "lerp_mode": "catmullrom"
            },
            "1.0": {
              "post": [
                0,
                0,
                0
              ],
              "lerp_mode": "catmullrom"
            },
            "1.6667": {
              "post": [
                -17.13,
                0,
                0
              ],
              "lerp_mode": "catmullrom"
            },
            "2.0": {
              "post": [
                0,
                0,
                0
              ],
              "lerp_mode": "catmullrom"
            },
            "2.5": {
              "post": [
                8.57,
                0,
                0
              ],
              "lerp_mode": "catmullrom"
            },
            "3.0": {
              "post": [
                0,
                0,
                0
              ],
              "lerp_mode": "catmullrom"
            }
          }
        },
        "right_arm": {
          "rotation": {
            "0.0": {
              "post": [
                0,
                0,
                0
              ],
              "lerp_mode": "catmullrom"
            },
            "1.0": {
              "post": [
                0,
                0,
                0
              ],
              "lerp_mode": "catmullrom"
            },
            "2.0": {
              "post": [
                0,
                0,
                0
              ],
              "lerp_mode": "catmullrom"
            },
            "3.0": {
              "post": [
                0,
                0,
                0
              ],
              "lerp_mode": "catmullrom"
            }
          }
        },
        "right_leg": {
          "rotation": {
            "0.0": {
              "post": [
                0,
                0,
                0
              ],
              "lerp_mode": "catmullrom"
            },
            "1.0": {
              "post": [
                0,
                0,
                0
              ],
              "lerp_mode": "catmullrom"
            },
            "2.0": {
              "post": [
                0,
                0,
                0
              ],
              "lerp_mode": "catmullrom"
            },
            "3.0": {
              "post": [
                0,
                0,
                0
              ],
              "lerp_mode": "catmullrom"
            }
          }
        },
        "right_hand": {
          "rotation": {
            "0.0": {
              "post": [
                0,
                0,
                0
              ],
              "lerp_mode": "catmullrom"
            },
            "0.625": {
              "post": [
                -5,
                0,
                0
              ],
              "lerp_mode": "catmullrom"
            },
            "1.0": {
              "post": [
                0,
                0,
                0
              ],
              "lerp_mode": "catmullrom"
            },
            "1.625": {
              "post": [
                -4.78,
                0,
                0
              ],
              "lerp_mode": "catmullrom"
            },
            "2.0": {
              "post": [
                0,
                0,
                0
              ],
              "lerp_mode": "catmullrom"
            },
            "2.5": {
              "post": [
                10.3,
                0,
                0
              ],
              "lerp_mode": "catmullrom"
            },
            "3.0": {
              "post": [
                0,
                0,
                0
              ],
              "lerp_mode": "catmullrom"
            }
          }
        },
        "right_feet": {
          "rotation": {
            "0.0": {
              "post": [
                0,
                0,
                0
              ],
              "lerp_mode": "catmullrom"
            },
            "1.0": {
              "post": [
                0,
                0,
                0
              ],
              "lerp_mode": "catmullrom"
            },
            "2.0": {
              "post": [
                0,
                0,
                0
              ],
              "lerp_mode": "catmullrom"
            },
            "3.0": {
              "post": [
                0,
                0,
                0
              ],
              "lerp_mode": "catmullrom"
            }
          }
        },
        "ears": {
          "rotation": {
            "0.0": {
              "post": [
                0,
                0,
                0
              ],
              "lerp_mode": "catmullrom"
            },
            "0.4167": {
              "post": [
                7.5,
                -10,
                0
              ],
              "lerp_mode": "catmullrom"
            },
            "1.0": {
              "post": [
                0,
                0,
                0
              ],
              "lerp_mode": "catmullrom"
            },
            "1.375": {
              "post": [
                6.92634,
                -16.76675,
                0.17251
              ],
              "lerp_mode": "catmullrom"
            },
            "2.0": {
              "post": [
                0,
                0,
                0
              ],
              "lerp_mode": "catmullrom"
            },
            "2.625": {
              "post": [
                -0.36826,
                -34.26262,
                0.20366
              ],
              "lerp_mode": "catmullrom"
            },
            "3.0": {
              "post": [
                0,
                0,
                0
              ],
              "lerp_mode": "catmullrom"
            }
          }
        },
        "right_finger": {
          "rotation": {
            "0.0": {
              "post": [
                0,
                0,
                0
              ],
              "lerp_mode": "catmullrom"
            },
            "1.0": {
              "post": [
                0,
                0,
                0
              ],
              "lerp_mode": "catmullrom"
            },
            "2.0": {
              "post": [
                0,
                0,
                0
              ],
              "lerp_mode": "catmullrom"
            },
            "3.0": {
              "post": [
                0,
                0,
                0
              ],
              "lerp_mode": "catmullrom"
            }
          }
        },
        "right_finger2": {
          "rotation": {
            "0.0": {
              "post": [
                0,
                0,
                0
              ],
              "lerp_mode": "catmullrom"
            },
            "1.0": {
              "post": [
                0,
                0,
                0
              ],
              "lerp_mode": "catmullrom"
            },
            "2.0": {
              "post": [
                0,
                0,
                0
              ],
              "lerp_mode": "catmullrom"
            },
            "3.0": {
              "post": [
                0,
                0,
                0
              ],
              "lerp_mode": "catmullrom"
            }
          }
        },
        "right_finger3": {
          "rotation": {
            "0.0": {
              "post": [
                0,
                0,
                0
              ],
              "lerp_mode": "catmullrom"
            },
            "1.0": {
              "post": [
                0,
                0,
                0
              ],
              "lerp_mode": "catmullrom"
            },
            "2.0": {
              "post": [
                0,
                0,
                0
              ],
              "lerp_mode": "catmullrom"
            },
            "3.0": {
              "post": [
                0,
                0,
                0
              ],
              "lerp_mode": "catmullrom"
            }
          }
        },
        "critter": {
          "rotation": {
            "0.0": {
              "post": [
                0,
                0,
                0
              ],
              "lerp_mode": "catmullrom"
            },
            "1.0": {
              "post": [
                0,
                0,
                0
              ],
              "lerp_mode": "catmullrom"
            },
            "2.0": {
              "post": [
                0,
                0,
                0
              ],
              "lerp_mode": "catmullrom"
            },
            "3.0": {
              "post": [
                0,
                0,
                0
              ],
              "lerp_mode": "catmullrom"
            }
          }
        },
        "left_feet": {
          "rotation": {
            "0.0": {
              "post": [
                0,
                0,
                0
              ],
              "lerp_mode": "catmullrom"
            },
            "1.0": {
              "post": [
                0,
                0,
                0
              ],
              "lerp_mode": "catmullrom"
            },
            "2.0": {
              "post": [
                0,
                0,
                0
              ],
              "lerp_mode": "catmullrom"
            },
            "3.0": {
              "post": [
                0,
                0,
                0
              ],
              "lerp_mode": "catmullrom"
            }
          }
        },
        "left_leg": {
          "rotation": {
            "0.0": {
              "post": [
                0,
                0,
                0
              ],
              "lerp_mode": "catmullrom"
            },
            "1.0": {
              "post": [
                0,
                0,
                0
              ],
              "lerp_mode": "catmullrom"
            },
            "2.0": {
              "post": [
                0,
                0,
                0
              ],
              "lerp_mode": "catmullrom"
            },
            "3.0": {
              "post": [
                0,
                0,
                0
              ],
              "lerp_mode": "catmullrom"
            }
          }
        },
        "ears2": {
          "rotation": {
            "0.0": {
              "post": [
                0,
                0,
                0
              ],
              "lerp_mode": "catmullrom"
            },
            "0.4167": {
              "post": [
                10,
                7.5,
                0
              ],
              "lerp_mode": "catmullrom"
            },
            "1.0": {
              "post": [
                0,
                0,
                0
              ],
              "lerp_mode": "catmullrom"
            },
            "1.375": {
              "post": [
                4.25139,
                11.94965,
                -0.16203
              ],
              "lerp_mode": "catmullrom"
            },
            "2.0": {
              "post": [
                0,
                0,
                0
              ],
              "lerp_mode": "catmullrom"
            },
            "2.625": {
              "post": [
                -0.20146,
                21.97474,
                -0.06998
              ],
              "lerp_mode": "catmullrom"
            },
            "3.0": {
              "post": [
                0,
                0,
                0
              ],
              "lerp_mode": "catmullrom"
            }
          }
        },
        "left_hand": {
          "rotation": {
            "0.0": {
              "post": [
                0,
                0,
                0
              ],
              "lerp_mode": "catmullrom"
            },
            "0.625": {
              "post": [
                -5,
                0,
                0
              ],
              "lerp_mode": "catmullrom"
            },
            "1.0": {
              "post": [
                0,
                0,
                0
              ],
              "lerp_mode": "catmullrom"
            },
            "1.625": {
              "post": [
                -4.78,
                0,
                0
              ],
              "lerp_mode": "catmullrom"
            },
            "2.0": {
              "post": [
                0,
                0,
                0
              ],
              "lerp_mode": "catmullrom"
            },
            "2.5": {
              "post": [
                10.3,
                0,
                0
              ],
              "lerp_mode": "catmullrom"
            },
            "3.0": {
              "post": [
                0,
                0,
                0
              ],
              "lerp_mode": "catmullrom"
            }
          }
        },
        "left_arm": {
          "rotation": {
            "0.0": {
              "post": [
                0,
                0,
                0
              ],
              "lerp_mode": "catmullrom"
            },
            "1.0": {
              "post": [
                0,
                0,
                0
              ],
              "lerp_mode": "catmullrom"
            },
            "2.0": {
              "post": [
                0,
                0,
                0
              ],
              "lerp_mode": "catmullrom"
            },
            "3.0": {
              "post": [
                0,
                0,
                0
              ],
              "lerp_mode": "catmullrom"
            }
          }
        },
        "left_finger": {
          "rotation": {
            "0.0": {
              "post": [
                0,
                0,
                0
              ],
              "lerp_mode": "catmullrom"
            },
            "1.0": {
              "post": [
                0,
                0,
                0
              ],
              "lerp_mode": "catmullrom"
            },
            "2.0": {
              "post": [
                0,
                0,
                0
              ],
              "lerp_mode": "catmullrom"
            },
            "3.0": {
              "post": [
                0,
                0,
                0
              ],
              "lerp_mode": "catmullrom"
            }
          }
        },
        "left_finger2": {
          "rotation": {
            "0.0": {
              "post": [
                0,
                0,
                0
              ],
              "lerp_mode": "catmullrom"
            },
            "1.0": {
              "post": [
                0,
                0,
                0
              ],
              "lerp_mode": "catmullrom"
            },
            "2.0": {
              "post": [
                0,
                0,
                0
              ],
              "lerp_mode": "catmullrom"
            },
            "3.0": {
              "post": [
                0,
                0,
                0
              ],
              "lerp_mode": "catmullrom"
            }
          }
        },
        "left_finger3": {
          "rotation": {
            "0.0": {
              "post": [
                0,
                0,
                0
              ],
              "lerp_mode": "catmullrom"
            },
            "1.0": {
              "post": [
                0,
                0,
                0
              ],
              "lerp_mode": "catmullrom"
            },
            "2.0": {
              "post": [
                0,
                0,
                0
              ],
              "lerp_mode": "catmullrom"
            },
            "3.0": {
              "post": [
                0,
                0,
                0
              ],
              "lerp_mode": "catmullrom"
            }
          }
        }
      }
    },
    "animation.pa_bobbybearhug.move_1": {
      "loop": true,
      "animation_length": 3,
      "bones": {
        "head": {
          "rotation": {
            "0.0": {
              "post": [
                1.57764,
                -32.36121,
                3.17805
              ],
              "lerp_mode": "catmullrom"
            },
            "0.1667": {
              "post": [
                5.4479,
                -18.42323,
                -14.92722
              ],
              "lerp_mode": "catmullrom"
            },
            "0.4167": {
              "post": [
                -1.67487,
                11.37499,
                -11.37257
              ],
              "lerp_mode": "catmullrom"
            },
            "0.5833": {
              "post": [
                -3.08318,
                -8.08013,
                13.80546
              ],
              "lerp_mode": "catmullrom"
            },
            "0.75": {
              "post": [
                1.57764,
                -32.36121,
                3.17805
              ],
              "lerp_mode": "catmullrom"
            },
            "0.9167": {
              "post": [
                5.4479,
                -18.42323,
                -14.92722
              ],
              "lerp_mode": "catmullrom"
            },
            "1.1667": {
              "post": [
                -1.67487,
                11.37499,
                -11.37257
              ],
              "lerp_mode": "catmullrom"
            },
            "1.3333": {
              "post": [
                -3.08318,
                -8.08013,
                13.80546
              ],
              "lerp_mode": "catmullrom"
            },
            "1.5": {
              "post": [
                1.57764,
                -32.36121,
                3.17805
              ],
              "lerp_mode": "catmullrom"
            },
            "1.6667": {
              "post": [
                5.4479,
                -18.42323,
                -14.92722
              ],
              "lerp_mode": "catmullrom"
            },
            "1.9167": {
              "post": [
                -1.67487,
                11.37499,
                -11.37257
              ],
              "lerp_mode": "catmullrom"
            },
            "2.0833": {
              "post": [
                -3.08318,
                -8.08013,
                13.80546
              ],
              "lerp_mode": "catmullrom"
            },
            "2.25": {
              "post": [
                1.57764,
                -32.36121,
                3.17805
              ],
              "lerp_mode": "catmullrom"
            },
            "2.4167": {
              "post": [
                5.4479,
                -18.42323,
                -14.92722
              ],
              "lerp_mode": "catmullrom"
            },
            "2.6667": {
              "post": [
                -1.67487,
                11.37499,
                -11.37257
              ],
              "lerp_mode": "catmullrom"
            },
            "2.8333": {
              "post": [
                -3.08318,
                -8.08013,
                13.80546
              ],
              "lerp_mode": "catmullrom"
            },
            "3.0": {
              "post": [
                1.57764,
                -32.36121,
                3.17805
              ],
              "lerp_mode": "catmullrom"
            }
          }
        },
        "base": {
          "rotation": {
            "0.0": {
              "post": [
                28.64388,
                29.7174,
                4.30963
              ],
              "lerp_mode": "catmullrom"
            },
            "0.1667": {
              "post": [
                25.21616,
                4.35535,
                13.80687
              ],
              "lerp_mode": "catmullrom"
            },
            "0.375": {
              "post": [
                20.12647,
                -16.00989,
                9.78018
              ],
              "lerp_mode": "catmullrom"
            },
            "0.5833": {
              "post": [
                22.92509,
                12.9502,
                -2.87123
              ],
              "lerp_mode": "catmullrom"
            },
            "0.75": {
              "post": [
                28.64388,
                29.7174,
                4.30963
              ],
              "lerp_mode": "catmullrom"
            },
            "0.9167": {
              "post": [
                25.21616,
                4.35535,
                13.80687
              ],
              "lerp_mode": "catmullrom"
            },
            "1.125": {
              "post": [
                20.12647,
                -16.00989,
                9.78018
              ],
              "lerp_mode": "catmullrom"
            },
            "1.3333": {
              "post": [
                22.92509,
                12.9502,
                -2.87123
              ],
              "lerp_mode": "catmullrom"
            },
            "1.5": {
              "post": [
                28.64388,
                29.7174,
                4.30963
              ],
              "lerp_mode": "catmullrom"
            },
            "1.6667": {
              "post": [
                25.21616,
                4.35535,
                13.80687
              ],
              "lerp_mode": "catmullrom"
            },
            "1.875": {
              "post": [
                20.12647,
                -16.00989,
                9.78018
              ],
              "lerp_mode": "catmullrom"
            },
            "2.0833": {
              "post": [
                22.92509,
                12.9502,
                -2.87123
              ],
              "lerp_mode": "catmullrom"
            },
            "2.25": {
              "post": [
                28.64388,
                29.7174,
                4.30963
              ],
              "lerp_mode": "catmullrom"
            },
            "2.4167": {
              "post": [
                25.21616,
                4.35535,
                13.80687
              ],
              "lerp_mode": "catmullrom"
            },
            "2.625": {
              "post": [
                20.12647,
                -16.00989,
                9.78018
              ],
              "lerp_mode": "catmullrom"
            },
            "2.8333": {
              "post": [
                22.92509,
                12.9502,
                -2.87123
              ],
              "lerp_mode": "catmullrom"
            },
            "3.0": {
              "post": [
                28.64388,
                29.7174,
                4.30963
              ],
              "lerp_mode": "catmullrom"
            }
          }
        },
        "necklace": {
          "rotation": {
            "0.0": {
              "post": [
                0,
                0,
                27.5
              ],
              "lerp_mode": "catmullrom"
            },
            "0.4583": {
              "post": [
                0,
                0,
                -30
              ],
              "lerp_mode": "catmullrom"
            },
            "0.75": {
              "post": [
                0,
                0,
                27.5
              ],
              "lerp_mode": "catmullrom"
            },
            "1.2083": {
              "post": [
                0,
                0,
                -30
              ],
              "lerp_mode": "catmullrom"
            },
            "1.5": {
              "post": [
                0,
                0,
                27.5
              ],
              "lerp_mode": "catmullrom"
            },
            "1.9583": {
              "post": [
                0,
                0,
                -30
              ],
              "lerp_mode": "catmullrom"
            },
            "2.25": {
              "post": [
                0,
                0,
                27.5
              ],
              "lerp_mode": "catmullrom"
            },
            "2.7083": {
              "post": [
                0,
                0,
                -30
              ],
              "lerp_mode": "catmullrom"
            },
            "3.0": {
              "post": [
                0,
                0,
                27.5
              ],
              "lerp_mode": "catmullrom"
            }
          }
        },
        "right_arm": {
          "rotation": {
            "0.0": {
              "post": [
                -37.5,
                0,
                0
              ],
              "lerp_mode": "catmullrom"
            },
            "0.375": {
              "post": [
                12.5,
                0,
                0
              ],
              "lerp_mode": "catmullrom"
            },
            "0.75": {
              "post": [
                -37.5,
                0,
                0
              ],
              "lerp_mode": "catmullrom"
            },
            "1.125": {
              "post": [
                12.5,
                0,
                0
              ],
              "lerp_mode": "catmullrom"
            },
            "1.5": {
              "post": [
                -37.5,
                0,
                0
              ],
              "lerp_mode": "catmullrom"
            },
            "1.875": {
              "post": [
                12.5,
                0,
                0
              ],
              "lerp_mode": "catmullrom"
            },
            "2.25": {
              "post": [
                -37.5,
                0,
                0
              ],
              "lerp_mode": "catmullrom"
            },
            "2.625": {
              "post": [
                12.5,
                0,
                0
              ],
              "lerp_mode": "catmullrom"
            },
            "3.0": {
              "post": [
                -37.5,
                0,
                0
              ],
              "lerp_mode": "catmullrom"
            }
          }
        },
        "right_leg": {
          "rotation": {
            "0.0": {
              "post": [
                24.52423,
                8.36761,
                4.45448
              ],
              "lerp_mode": "catmullrom"
            },
            "0.375": {
              "post": [
                24.52423,
                8.36761,
                4.45448
              ],
              "lerp_mode": "catmullrom"
            },
            "0.5833": {
              "post": [
                132.02423,
                8.36761,
                4.45448
              ],
              "lerp_mode": "catmullrom"
            },
            "0.75": {
              "post": [
                24.52423,
                8.36761,
                4.45448
              ],
              "lerp_mode": "catmullrom"
            },
            "1.125": {
              "post": [
                24.52423,
                8.36761,
                4.45448
              ],
              "lerp_mode": "catmullrom"
            },
            "1.3333": {
              "post": [
                132.02423,
                8.36761,
                4.45448
              ],
              "lerp_mode": "catmullrom"
            },
            "1.5": {
              "post": [
                24.52423,
                8.36761,
                4.45448
              ],
              "lerp_mode": "catmullrom"
            },
            "1.875": {
              "post": [
                24.52423,
                8.36761,
                4.45448
              ],
              "lerp_mode": "catmullrom"
            },
            "2.0833": {
              "post": [
                132.02423,
                8.36761,
                4.45448
              ],
              "lerp_mode": "catmullrom"
            },
            "2.25": {
              "post": [
                24.52423,
                8.36761,
                4.45448
              ],
              "lerp_mode": "catmullrom"
            },
            "2.625": {
              "post": [
                24.52423,
                8.36761,
                4.45448
              ],
              "lerp_mode": "catmullrom"
            },
            "2.8333": {
              "post": [
                132.02423,
                8.36761,
                4.45448
              ],
              "lerp_mode": "catmullrom"
            },
            "3.0": {
              "post": [
                24.52423,
                8.36761,
                4.45448
              ],
              "lerp_mode": "catmullrom"
            }
          }
        },
        "right_hand": {
          "rotation": {
            "0.0": {
              "post": [
                -37.5,
                0,
                0
              ],
              "lerp_mode": "catmullrom"
            },
            "0.375": {
              "post": [
                37.5,
                0,
                0
              ],
              "lerp_mode": "catmullrom"
            },
            "0.75": {
              "post": [
                -37.5,
                0,
                0
              ],
              "lerp_mode": "catmullrom"
            },
            "1.125": {
              "post": [
                37.5,
                0,
                0
              ],
              "lerp_mode": "catmullrom"
            },
            "1.5": {
              "post": [
                -37.5,
                0,
                0
              ],
              "lerp_mode": "catmullrom"
            },
            "1.875": {
              "post": [
                37.5,
                0,
                0
              ],
              "lerp_mode": "catmullrom"
            },
            "2.25": {
              "post": [
                -37.5,
                0,
                0
              ],
              "lerp_mode": "catmullrom"
            },
            "2.625": {
              "post": [
                37.5,
                0,
                0
              ],
              "lerp_mode": "catmullrom"
            },
            "3.0": {
              "post": [
                -37.5,
                0,
                0
              ],
              "lerp_mode": "catmullrom"
            }
          }
        },
        "right_feet": {
          "rotation": {
            "0.0": {
              "post": [
                -40,
                0,
                0
              ],
              "lerp_mode": "catmullrom"
            },
            "0.375": {
              "post": [
                22.5,
                0,
                0
              ],
              "lerp_mode": "catmullrom"
            },
            "0.5833": {
              "post": [
                -47.15,
                0,
                0
              ],
              "lerp_mode": "catmullrom"
            },
            "0.75": {
              "post": [
                -40,
                0,
                0
              ],
              "lerp_mode": "catmullrom"
            },
            "1.125": {
              "post": [
                22.5,
                0,
                0
              ],
              "lerp_mode": "catmullrom"
            },
            "1.3333": {
              "post": [
                -47.15,
                0,
                0
              ],
              "lerp_mode": "catmullrom"
            },
            "1.5": {
              "post": [
                -40,
                0,
                0
              ],
              "lerp_mode": "catmullrom"
            },
            "1.875": {
              "post": [
                22.5,
                0,
                0
              ],
              "lerp_mode": "catmullrom"
            },
            "2.0833": {
              "post": [
                -47.15,
                0,
                0
              ],
              "lerp_mode": "catmullrom"
            },
            "2.25": {
              "post": [
                -40,
                0,
                0
              ],
              "lerp_mode": "catmullrom"
            },
            "2.625": {
              "post": [
                22.5,
                0,
                0
              ],
              "lerp_mode": "catmullrom"
            },
            "2.8333": {
              "post": [
                -47.15,
                0,
                0
              ],
              "lerp_mode": "catmullrom"
            },
            "3.0": {
              "post": [
                -40,
                0,
                0
              ],
              "lerp_mode": "catmullrom"
            }
          }
        },
        "ears": {
          "rotation": {
            "0.0": {
              "post": [
                -30,
                17.5,
                0
              ],
              "lerp_mode": "catmullrom"
            },
            "0.1667": {
              "post": [
                -28.5034,
                2.20198,
                8.65382
              ],
              "lerp_mode": "catmullrom"
            },
            "0.375": {
              "post": [
                -30,
                17.5,
                0
              ],
              "lerp_mode": "catmullrom"
            },
            "0.5417": {
              "post": [
                -28.39687,
                1.05515,
                9.28555
              ],
              "lerp_mode": "catmullrom"
            },
            "0.75": {
              "post": [
                -30,
                17.5,
                0
              ],
              "lerp_mode": "catmullrom"
            },
            "0.9167": {
              "post": [
                -28.5034,
                2.20198,
                8.65382
              ],
              "lerp_mode": "catmullrom"
            },
            "1.125": {
              "post": [
                -30,
                17.5,
                0
              ],
              "lerp_mode": "catmullrom"
            },
            "1.2917": {
              "post": [
                -28.39687,
                1.05515,
                9.28555
              ],
              "lerp_mode": "catmullrom"
            },
            "1.5": {
              "post": [
                -30,
                17.5,
                0
              ],
              "lerp_mode": "catmullrom"
            },
            "1.6667": {
              "post": [
                -28.5034,
                2.20198,
                8.65382
              ],
              "lerp_mode": "catmullrom"
            },
            "1.875": {
              "post": [
                -30,
                17.5,
                0
              ],
              "lerp_mode": "catmullrom"
            },
            "2.0417": {
              "post": [
                -28.39687,
                1.05515,
                9.28555
              ],
              "lerp_mode": "catmullrom"
            },
            "2.25": {
              "post": [
                -30,
                17.5,
                0
              ],
              "lerp_mode": "catmullrom"
            },
            "2.4167": {
              "post": [
                -28.5034,
                2.20198,
                8.65382
              ],
              "lerp_mode": "catmullrom"
            },
            "2.625": {
              "post": [
                -30,
                17.5,
                0
              ],
              "lerp_mode": "catmullrom"
            },
            "2.7917": {
              "post": [
                -28.39687,
                1.05515,
                9.28555
              ],
              "lerp_mode": "catmullrom"
            },
            "3.0": {
              "post": [
                -30,
                17.5,
                0
              ],
              "lerp_mode": "catmullrom"
            }
          }
        },
        "right_finger": {
          "rotation": {
            "0.0": {
              "post": [
                0,
                0,
                -65
              ],
              "lerp_mode": "catmullrom"
            },
            "0.375": {
              "post": [
                0,
                0,
                -65
              ],
              "lerp_mode": "catmullrom"
            },
            "0.75": {
              "post": [
                0,
                0,
                -65
              ],
              "lerp_mode": "catmullrom"
            },
            "1.125": {
              "post": [
                0,
                0,
                -65
              ],
              "lerp_mode": "catmullrom"
            },
            "1.5": {
              "post": [
                0,
                0,
                -65
              ],
              "lerp_mode": "catmullrom"
            },
            "1.875": {
              "post": [
                0,
                0,
                -65
              ],
              "lerp_mode": "catmullrom"
            },
            "2.25": {
              "post": [
                0,
                0,
                -65
              ],
              "lerp_mode": "catmullrom"
            },
            "2.625": {
              "post": [
                0,
                0,
                -65
              ],
              "lerp_mode": "catmullrom"
            },
            "3.0": {
              "post": [
                0,
                0,
                -65
              ],
              "lerp_mode": "catmullrom"
            }
          }
        },
        "right_finger2": {
          "rotation": {
            "0.0": {
              "post": [
                0,
                0,
                -22.5
              ],
              "lerp_mode": "catmullrom"
            },
            "0.375": {
              "post": [
                0,
                0,
                -22.5
              ],
              "lerp_mode": "catmullrom"
            },
            "0.75": {
              "post": [
                0,
                0,
                -22.5
              ],
              "lerp_mode": "catmullrom"
            },
            "1.125": {
              "post": [
                0,
                0,
                -22.5
              ],
              "lerp_mode": "catmullrom"
            },
            "1.5": {
              "post": [
                0,
                0,
                -22.5
              ],
              "lerp_mode": "catmullrom"
            },
            "1.875": {
              "post": [
                0,
                0,
                -22.5
              ],
              "lerp_mode": "catmullrom"
            },
            "2.25": {
              "post": [
                0,
                0,
                -22.5
              ],
              "lerp_mode": "catmullrom"
            },
            "2.625": {
              "post": [
                0,
                0,
                -22.5
              ],
              "lerp_mode": "catmullrom"
            },
            "3.0": {
              "post": [
                0,
                0,
                -22.5
              ],
              "lerp_mode": "catmullrom"
            }
          }
        },
        "right_finger3": {
          "rotation": {
            "0.0": {
              "post": [
                0,
                0,
                -37.5
              ],
              "lerp_mode": "catmullrom"
            },
            "0.375": {
              "post": [
                0,
                0,
                -37.5
              ],
              "lerp_mode": "catmullrom"
            },
            "0.75": {
              "post": [
                0,
                0,
                -37.5
              ],
              "lerp_mode": "catmullrom"
            },
            "1.125": {
              "post": [
                0,
                0,
                -37.5
              ],
              "lerp_mode": "catmullrom"
            },
            "1.5": {
              "post": [
                0,
                0,
                -37.5
              ],
              "lerp_mode": "catmullrom"
            },
            "1.875": {
              "post": [
                0,
                0,
                -37.5
              ],
              "lerp_mode": "catmullrom"
            },
            "2.25": {
              "post": [
                0,
                0,
                -37.5
              ],
              "lerp_mode": "catmullrom"
            },
            "2.625": {
              "post": [
                0,
                0,
                -37.5
              ],
              "lerp_mode": "catmullrom"
            },
            "3.0": {
              "post": [
                0,
                0,
                -37.5
              ],
              "lerp_mode": "catmullrom"
            }
          }
        },
        "critter": {
          "rotation": {
            "0.0": {
              "post": [
                0,
                0,
                0
              ],
              "lerp_mode": "catmullrom"
            },
            "0.375": {
              "post": [
                0,
                0,
                0
              ],
              "lerp_mode": "catmullrom"
            },
            "0.75": {
              "post": [
                0,
                0,
                0
              ],
              "lerp_mode": "catmullrom"
            },
            "1.125": {
              "post": [
                0,
                0,
                0
              ],
              "lerp_mode": "catmullrom"
            },
            "1.5": {
              "post": [
                0,
                0,
                0
              ],
              "lerp_mode": "catmullrom"
            },
            "1.875": {
              "post": [
                0,
                0,
                0
              ],
              "lerp_mode": "catmullrom"
            },
            "2.25": {
              "post": [
                0,
                0,
                0
              ],
              "lerp_mode": "catmullrom"
            },
            "2.625": {
              "post": [
                0,
                0,
                0
              ],
              "lerp_mode": "catmullrom"
            },
            "3.0": {
              "post": [
                0,
                0,
                0
              ],
              "lerp_mode": "catmullrom"
            }
          }
        },
        "left_feet": {
          "rotation": {
            "0.0": {
              "post": [
                12.5,
                0,
                0
              ],
              "lerp_mode": "catmullrom"
            },
            "0.1667": {
              "post": [
                -43.99,
                0,
                0
              ],
              "lerp_mode": "catmullrom"
            },
            "0.375": {
              "post": [
                -57.5,
                0,
                0
              ],
              "lerp_mode": "catmullrom"
            },
            "0.75": {
              "post": [
                12.5,
                0,
                0
              ],
              "lerp_mode": "catmullrom"
            },
            "0.9167": {
              "post": [
                -43.99,
                0,
                0
              ],
              "lerp_mode": "catmullrom"
            },
            "1.125": {
              "post": [
                -57.5,
                0,
                0
              ],
              "lerp_mode": "catmullrom"
            },
            "1.5": {
              "post": [
                12.5,
                0,
                0
              ],
              "lerp_mode": "catmullrom"
            },
            "1.6667": {
              "post": [
                -43.99,
                0,
                0
              ],
              "lerp_mode": "catmullrom"
            },
            "1.875": {
              "post": [
                -57.5,
                0,
                0
              ],
              "lerp_mode": "catmullrom"
            },
            "2.25": {
              "post": [
                12.5,
                0,
                0
              ],
              "lerp_mode": "catmullrom"
            },
            "2.4167": {
              "post": [
                -43.99,
                0,
                0
              ],
              "lerp_mode": "catmullrom"
            },
            "2.625": {
              "post": [
                -57.5,
                0,
                0
              ],
              "lerp_mode": "catmullrom"
            },
            "3.0": {
              "post": [
                12.5,
                0,
                0
              ],
              "lerp_mode": "catmullrom"
            }
          }
        },
        "left_leg": {
          "rotation": {
            "0.0": {
              "post": [
                32.5,
                0,
                0
              ],
              "lerp_mode": "catmullrom"
            },
            "0.1667": {
              "post": [
                137.5,
                0,
                0
              ],
              "lerp_mode": "catmullrom"
            },
            "0.375": {
              "post": [
                32.5,
                0,
                0
              ],
              "lerp_mode": "catmullrom"
            },
            "0.75": {
              "post": [
                32.5,
                0,
                0
              ],
              "lerp_mode": "catmullrom"
            },
            "0.9167": {
              "post": [
                137.5,
                0,
                0
              ],
              "lerp_mode": "catmullrom"
            },
            "1.125": {
              "post": [
                32.5,
                0,
                0
              ],
              "lerp_mode": "catmullrom"
            },
            "1.5": {
              "post": [
                32.5,
                0,
                0
              ],
              "lerp_mode": "catmullrom"
            },
            "1.6667": {
              "post": [
                137.5,
                0,
                0
              ],
              "lerp_mode": "catmullrom"
            },
            "1.875": {
              "post": [
                32.5,
                0,
                0
              ],
              "lerp_mode": "catmullrom"
            },
            "2.25": {
              "post": [
                32.5,
                0,
                0
              ],
              "lerp_mode": "catmullrom"
            },
            "2.4167": {
              "post": [
                137.5,
                0,
                0
              ],
              "lerp_mode": "catmullrom"
            },
            "2.625": {
              "post": [
                32.5,
                0,
                0
              ],
              "lerp_mode": "catmullrom"
            },
            "3.0": {
              "post": [
                32.5,
                0,
                0
              ],
              "lerp_mode": "catmullrom"
            }
          }
        },
        "ears2": {
          "rotation": {
            "0.0": {
              "post": [
                -30,
                -10,
                0
              ],
              "lerp_mode": "catmullrom"
            },
            "0.1667": {
              "post": [
                -30.47755,
                13.87374,
                -13.75745
              ],
              "lerp_mode": "catmullrom"
            },
            "0.375": {
              "post": [
                -30,
                -10,
                0
              ],
              "lerp_mode": "catmullrom"
            },
            "0.5417": {
              "post": [
                -29.80004,
                10.12373,
                -11.43901
              ],
              "lerp_mode": "catmullrom"
            },
            "0.75": {
              "post": [
                -30,
                -10,
                0
              ],
              "lerp_mode": "catmullrom"
            },
            "0.9167": {
              "post": [
                -30.47755,
                13.87374,
                -13.75745
              ],
              "lerp_mode": "catmullrom"
            },
            "1.125": {
              "post": [
                -30,
                -10,
                0
              ],
              "lerp_mode": "catmullrom"
            },
            "1.2917": {
              "post": [
                -29.80004,
                10.12373,
                -11.43901
              ],
              "lerp_mode": "catmullrom"
            },
            "1.5": {
              "post": [
                -30,
                -10,
                0
              ],
              "lerp_mode": "catmullrom"
            },
            "1.6667": {
              "post": [
                -30.47755,
                13.87374,
                -13.75745
              ],
              "lerp_mode": "catmullrom"
            },
            "1.875": {
              "post": [
                -30,
                -10,
                0
              ],
              "lerp_mode": "catmullrom"
            },
            "2.0417": {
              "post": [
                -29.80004,
                10.12373,
                -11.43901
              ],
              "lerp_mode": "catmullrom"
            },
            "2.25": {
              "post": [
                -30,
                -10,
                0
              ],
              "lerp_mode": "catmullrom"
            },
            "2.4167": {
              "post": [
                -30.47755,
                13.87374,
                -13.75745
              ],
              "lerp_mode": "catmullrom"
            },
            "2.625": {
              "post": [
                -30,
                -10,
                0
              ],
              "lerp_mode": "catmullrom"
            },
            "2.7917": {
              "post": [
                -29.80004,
                10.12373,
                -11.43901
              ],
              "lerp_mode": "catmullrom"
            },
            "3.0": {
              "post": [
                -30,
                -10,
                0
              ],
              "lerp_mode": "catmullrom"
            }
          }
        },
        "left_hand": {
          "rotation": {
            "0.0": {
              "post": [
                25,
                0,
                0
              ],
              "lerp_mode": "catmullrom"
            },
            "0.375": {
              "post": [
                -39.56869,
                6.40865,
                7.69263
              ],
              "lerp_mode": "catmullrom"
            },
            "0.75": {
              "post": [
                25,
                0,
                0
              ],
              "lerp_mode": "catmullrom"
            },
            "1.125": {
              "post": [
                -39.56869,
                6.40865,
                7.69263
              ],
              "lerp_mode": "catmullrom"
            },
            "1.5": {
              "post": [
                25,
                0,
                0
              ],
              "lerp_mode": "catmullrom"
            },
            "1.875": {
              "post": [
                -39.56869,
                6.40865,
                7.69263
              ],
              "lerp_mode": "catmullrom"
            },
            "2.25": {
              "post": [
                25,
                0,
                0
              ],
              "lerp_mode": "catmullrom"
            },
            "2.625": {
              "post": [
                -39.56869,
                6.40865,
                7.69263
              ],
              "lerp_mode": "catmullrom"
            },
            "3.0": {
              "post": [
                25,
                0,
                0
              ],
              "lerp_mode": "catmullrom"
            }
          }
        },
        "left_arm": {
          "rotation": {
            "0.0": {
              "post": [
                15,
                0,
                0
              ],
              "lerp_mode": "catmullrom"
            },
            "0.4167": {
              "post": [
                -55,
                0,
                0
              ],
              "lerp_mode": "catmullrom"
            },
            "0.75": {
              "post": [
                15,
                0,
                0
              ],
              "lerp_mode": "catmullrom"
            },
            "1.1667": {
              "post": [
                -55,
                0,
                0
              ],
              "lerp_mode": "catmullrom"
            },
            "1.5": {
              "post": [
                15,
                0,
                0
              ],
              "lerp_mode": "catmullrom"
            },
            "1.9167": {
              "post": [
                -55,
                0,
                0
              ],
              "lerp_mode": "catmullrom"
            },
            "2.25": {
              "post": [
                15,
                0,
                0
              ],
              "lerp_mode": "catmullrom"
            },
            "2.6667": {
              "post": [
                -55,
                0,
                0
              ],
              "lerp_mode": "catmullrom"
            },
            "3.0": {
              "post": [
                15,
                0,
                0
              ],
              "lerp_mode": "catmullrom"
            }
          }
        },
        "left_finger": {
          "rotation": {
            "0.0": {
              "post": [
                0,
                0,
                -70
              ],
              "lerp_mode": "catmullrom"
            },
            "0.375": {
              "post": [
                0,
                0,
                -70
              ],
              "lerp_mode": "catmullrom"
            },
            "0.75": {
              "post": [
                0,
                0,
                -70
              ],
              "lerp_mode": "catmullrom"
            },
            "1.125": {
              "post": [
                0,
                0,
                -70
              ],
              "lerp_mode": "catmullrom"
            },
            "1.5": {
              "post": [
                0,
                0,
                -70
              ],
              "lerp_mode": "catmullrom"
            },
            "1.875": {
              "post": [
                0,
                0,
                -70
              ],
              "lerp_mode": "catmullrom"
            },
            "2.25": {
              "post": [
                0,
                0,
                -70
              ],
              "lerp_mode": "catmullrom"
            },
            "2.625": {
              "post": [
                0,
                0,
                -70
              ],
              "lerp_mode": "catmullrom"
            },
            "3.0": {
              "post": [
                0,
                0,
                -70
              ],
              "lerp_mode": "catmullrom"
            }
          }
        },
        "left_finger2": {
          "rotation": {
            "0.0": {
              "post": [
                0,
                0,
                -45
              ],
              "lerp_mode": "catmullrom"
            },
            "0.375": {
              "post": [
                0,
                0,
                -45
              ],
              "lerp_mode": "catmullrom"
            },
            "0.75": {
              "post": [
                0,
                0,
                -45
              ],
              "lerp_mode": "catmullrom"
            },
            "1.125": {
              "post": [
                0,
                0,
                -45
              ],
              "lerp_mode": "catmullrom"
            },
            "1.5": {
              "post": [
                0,
                0,
                -45
              ],
              "lerp_mode": "catmullrom"
            },
            "1.875": {
              "post": [
                0,
                0,
                -45
              ],
              "lerp_mode": "catmullrom"
            },
            "2.25": {
              "post": [
                0,
                0,
                -45
              ],
              "lerp_mode": "catmullrom"
            },
            "2.625": {
              "post": [
                0,
                0,
                -45
              ],
              "lerp_mode": "catmullrom"
            },
            "3.0": {
              "post": [
                0,
                0,
                -45
              ],
              "lerp_mode": "catmullrom"
            }
          }
        },
        "left_finger3": {
          "rotation": {
            "0.0": {
              "post": [
                0,
                0,
                -55
              ],
              "lerp_mode": "catmullrom"
            },
            "0.375": {
              "post": [
                0,
                0,
                -55
              ],
              "lerp_mode": "catmullrom"
            },
            "0.75": {
              "post": [
                0,
                0,
                -55
              ],
              "lerp_mode": "catmullrom"
            },
            "1.125": {
              "post": [
                0,
                0,
                -55
              ],
              "lerp_mode": "catmullrom"
            },
            "1.5": {
              "post": [
                0,
                0,
                -55
              ],
              "lerp_mode": "catmullrom"
            },
            "1.875": {
              "post": [
                0,
                0,
                -55
              ],
              "lerp_mode": "catmullrom"
            },
            "2.25": {
              "post": [
                0,
                0,
                -55
              ],
              "lerp_mode": "catmullrom"
            },
            "2.625": {
              "post": [
                0,
                0,
                -55
              ],
              "lerp_mode": "catmullrom"
            },
            "3.0": {
              "post": [
                0,
                0,
                -55
              ],
              "lerp_mode": "catmullrom"
            }
          }
        }
      }
    },
    "animation.catnap_critter.sit": {
      "loop": "hold_on_last_frame",
      "animation_length": 0.75,
      "bones": {
        "head": {
          "rotation": {
            "0.0": [
              0,
              0,
              0
            ],
            "0.25": [
              0,
              0,
              0
            ],
            "0.5": [
              0,
              0,
              0
            ],
            "0.75": [
              -2.5,
              0,
              0
            ]
          }
        },
        "base": {
          "rotation": {
            "0.0": [
              0,
              0,
              0
            ],
            "0.25": [
              22.5,
              0,
              0
            ],
            "0.5": [
              0,
              0,
              0
            ],
            "0.75": [
              2.47283,
              -0.10619,
              -0.35423
            ]
          }
        },
        "necklace": {
          "rotation": {
            "0.0": [
              0,
              0,
              0
            ],
            "0.3333": [
              -57.99794,
              19.3546,
              11.70092
            ],
            "0.5833": [
              0,
              0,
              -25
            ],
            "0.75": [
              -12.5,
              0,
              0
            ]
          }
        },
        "right_arm": {
          "rotation": {
            "0.0": [
              0,
              0,
              0
            ],
            "0.25": [
              0,
              0,
              0
            ],
            "0.5": [
              0,
              0,
              0
            ],
            "0.75": [
              -20,
              0,
              62.5
            ]
          }
        },
        "right_leg": {
          "rotation": {
            "0.0": [
              0,
              0,
              0
            ],
            "0.25": [
              35,
              0,
              0
            ],
            "0.5": [
              -7.5,
              0,
              92.5
            ],
            "0.75": [
              -7.5,
              0,
              92.5
            ]
          }
        },
        "right_hand": {
          "rotation": {
            "0.0": [
              0,
              0,
              0
            ],
            "0.25": [
              -30,
              0,
              0
            ],
            "0.5": [
              -32.5,
              0,
              0
            ],
            "0.75": [
              -27.5,
              0,
              0
            ]
          }
        },
        "right_feet": {
          "rotation": {
            "0.0": [
              0,
              0,
              0
            ],
            "0.25": [
              -20,
              0,
              0
            ],
            "0.5": [
              -60.12771,
              -22.01609,
              -12.15123
            ],
            "0.75": [
              -60.13,
              -22.02,
              -12.15
            ]
          }
        },
        "ears": {
          "rotation": {
            "0.0": [
              0,
              0,
              0
            ],
            "0.25": [
              0,
              0,
              0
            ],
            "0.5": [
              0,
              0,
              0
            ],
            "0.75": [
              0,
              0,
              -17.5
            ]
          }
        },
        "right_finger": {
          "rotation": {
            "0.0": [
              0,
              0,
              0
            ],
            "0.25": [
              0,
              0,
              0
            ],
            "0.5": [
              0,
              0,
              0
            ],
            "0.75": [
              0,
              0,
              0
            ]
          }
        },
        "right_finger2": {
          "rotation": {
            "0.0": [
              0,
              0,
              0
            ],
            "0.25": [
              0,
              0,
              0
            ],
            "0.5": [
              0,
              0,
              0
            ],
            "0.75": [
              0,
              0,
              0
            ]
          }
        },
        "right_finger3": {
          "rotation": {
            "0.0": [
              0,
              0,
              0
            ],
            "0.25": [
              0,
              0,
              0
            ],
            "0.5": [
              0,
              0,
              0
            ],
            "0.75": [
              0,
              0,
              0
            ]
          }
        },
        "critter": {
          "position": {
            "0.0": [
              0,
              0,
              0
            ],
            "0.25": [
              0,
              -1,
              0
            ],
            "0.5": [
              0,
              -11,
              0
            ],
            "0.75": [
              0,
              -11,
              0
            ]
          }
        },
        "left_feet": {
          "rotation": {
            "0.0": [
              0,
              0,
              0
            ],
            "0.25": [
              -17.5,
              0,
              0
            ],
            "0.5": [
              -62.77356,
              22.52101,
              11.14843
            ],
            "0.75": [
              -62.77,
              22.52,
              11.15
            ]
          }
        },
        "left_leg": {
          "rotation": {
            "0.0": [
              0,
              0,
              0
            ],
            "0.25": [
              30,
              0,
              0
            ],
            "0.5": [
              18.21287,
              4.0216,
              -130.88004
            ],
            "0.75": [
              18.21,
              4.02,
              -130.88
            ]
          }
        },
        "ears2": {
          "rotation": {
            "0.0": [
              0,
              0,
              0
            ],
            "0.25": [
              0,
              0,
              0
            ],
            "0.5": [
              0,
              0,
              0
            ],
            "0.75": [
              0,
              0,
              17.5
            ]
          }
        },
        "left_hand": {
          "rotation": {
            "0.0": [
              0,
              0,
              0
            ],
            "0.25": [
              -32.5,
              0,
              0
            ],
            "0.5": [
              -52.5,
              0,
              0
            ],
            "0.75": [
              -47.5,
              0,
              0
            ]
          }
        },
        "left_arm": {
          "rotation": {
            "0.0": [
              0,
              0,
              0
            ],
            "0.25": [
              0,
              0,
              0
            ],
            "0.5": [
              0,
              0,
              0
            ],
            "0.75": [
              9.99067,
              -0.43399,
              -65.03793
            ]
          }
        },
        "left_finger": {
          "rotation": {
            "0.0": [
              0,
              0,
              0
            ],
            "0.25": [
              0,
              0,
              0
            ],
            "0.5": [
              0,
              0,
              0
            ],
            "0.75": [
              0,
              0,
              0
            ]
          }
        },
        "left_finger2": {
          "rotation": {
            "0.0": [
              0,
              0,
              0
            ],
            "0.25": [
              0,
              0,
              0
            ],
            "0.5": [
              0,
              0,
              0
            ],
            "0.75": [
              0,
              0,
              0
            ]
          }
        },
        "left_finger3": {
          "rotation": {
            "0.0": [
              0,
              0,
              0
            ],
            "0.25": [
              0,
              0,
              0
            ],
            "0.5": [
              0,
              0,
              0
            ],
            "0.75": [
              0,
              0,
              0
            ]
          }
        }
      }
    },
    "animation.pa_bobbybearhug.stand": {
      "animation_length": 0.25,
      "bones": {
        "head": {
          "rotation": {
            "0.0": [
              0,
              0,
              0
            ],
            "0.125": [
              0,
              0,
              12.5
            ],
            "0.25": [
              0,
              0,
              0
            ]
          }
        },
        "base": {
          "rotation": {
            "0.0": [
              2.47283,
              -0.10619,
              -0.35423
            ],
            "0.25": [
              0,
              0,
              0
            ]
          }
        },
        "necklace": {
          "rotation": {
            "0.0": [
              0,
              0,
              -25
            ],
            "0.125": [
              -10.73271,
              6.10096,
              22.4111
            ],
            "0.25": [
              0,
              0,
              0
            ]
          }
        },
        "right_arm": {
          "rotation": {
            "0.0": [
              -27.5,
              0,
              0
            ],
            "0.125": [
              -12.94957,
              4.66291,
              19.47052
            ],
            "0.25": [
              0,
              0,
              0
            ]
          },
          "position": [
            0,
            0,
            0
          ]
        },
        "right_leg": {
          "rotation": {
            "0.0": [
              -7.5,
              0,
              92.5
            ],
            "0.25": [
              0,
              0,
              0
            ]
          }
        },
        "right_hand": {
          "rotation": {
            "0.0": [
              -27.5,
              0,
              0
            ],
            "0.125": [
              -6.73526,
              0.67583,
              -23.5566
            ],
            "0.25": [
              0,
              0,
              0
            ]
          }
        },
        "right_feet": {
          "rotation": {
            "0.0": [
              -60.12771,
              -22.01609,
              -12.15123
            ],
            "0.25": [
              0,
              0,
              0
            ]
          }
        },
        "ears": {
          "rotation": {
            "0.0": [
              0,
              0,
              -17.5
            ],
            "0.125": [
              0.22606,
              -6.99414,
              -49.5529
            ],
            "0.25": [
              0,
              0,
              0
            ]
          }
        },
        "right_finger": {
          "rotation": {
            "0.0": [
              0,
              0,
              0
            ],
            "0.25": [
              0,
              0,
              0
            ]
          }
        },
        "right_finger2": {
          "rotation": {
            "0.0": [
              0,
              0,
              0
            ],
            "0.25": [
              0,
              0,
              0
            ]
          }
        },
        "right_finger3": {
          "rotation": {
            "0.0": [
              0,
              0,
              0
            ],
            "0.25": [
              0,
              0,
              0
            ]
          }
        },
        "critter": {
          "position": {
            "0.0": [
              0,
              -8,
              0
            ],
            "0.25": [
              0,
              0,
              0
            ]
          }
        },
        "left_feet": {
          "rotation": {
            "0.0": [
              -62.77356,
              22.52101,
              11.14843
            ],
            "0.25": [
              0,
              0,
              0
            ]
          }
        },
        "left_leg": {
          "rotation": {
            "0.0": [
              1.44261,
              29.96852,
              -87.11386
            ],
            "0.25": [
              0,
              0,
              0
            ]
          }
        },
        "ears2": {
          "rotation": {
            "0.0": [
              0,
              0,
              0
            ],
            "0.125": [
              0,
              0,
              50
            ],
            "0.25": [
              0,
              0,
              0
            ]
          }
        },
        "left_hand": {
          "rotation": {
            "0.0": [
              -47.5,
              0,
              0
            ],
            "0.125": [
              -14.7975,
              6.79174,
              24.11704
            ],
            "0.25": [
              0,
              0,
              0
            ]
          }
        },
        "left_arm": {
          "rotation": {
            "0.0": [
              -32.5,
              0,
              0
            ],
            "0.125": [
              -14.7975,
              -6.79174,
              -24.11704
            ],
            "0.25": [
              0,
              0,
              0
            ]
          }
        },
        "left_finger": {
          "rotation": {
            "0.0": [
              0,
              0,
              0
            ],
            "0.25": [
              0,
              0,
              0
            ]
          }
        },
        "left_finger2": {
          "rotation": {
            "0.0": [
              0,
              0,
              0
            ],
            "0.25": [
              0,
              0,
              0
            ]
          }
        },
        "left_finger3": {
          "rotation": {
            "0.0": [
              0,
              0,
              0
            ],
            "0.25": [
              0,
              0,
              0
            ]
          }
        }
      }
    },
    "animation.catnap_critter.death": {
      "loop": "hold_on_last_frame",
      "animation_length": 0.58333,
      "bones": {
        "head": {
          "rotation": {
            "0.0": [
              0,
              0,
              0
            ],
            "0.1667": [
              -62.5,
              0,
              0
            ],
            "0.375": [
              32.5,
              0,
              0
            ],
            "0.5": [
              60.95112,
              -12.87531,
              1.90138
            ],
            "0.5833": [
              -8.87221,
              -32.18826,
              4.75346
            ]
          }
        },
        "base": {
          "rotation": {
            "0.0": [
              0,
              0,
              0
            ],
            "0.125": [
              20,
              0,
              0
            ],
            "0.25": [
              9.99067,
              -0.43399,
              2.46207
            ],
            "0.5833": [
              0,
              0,
              0
            ]
          }
        },
        "necklace": {
          "rotation": {
            "0.0": [
              0,
              0,
              0
            ],
            "0.1667": [
              -85,
              0,
              0
            ],
            "0.375": [
              0,
              0,
              0
            ],
            "0.5833": [
              9.6294,
              -2.12709,
              47.45674
            ]
          }
        },
        "right_arm": {
          "rotation": {
            "0.0": [
              0,
              0,
              0
            ],
            "0.25": [
              0,
              0,
              0
            ],
            "0.5833": [
              -26.06663,
              -9.08661,
              -17.89244
            ]
          }
        },
        "right_leg": {
          "rotation": {
            "0.0": [
              0,
              0,
              0
            ],
            "0.25": [
              0,
              0,
              0
            ],
            "0.5833": [
              0,
              0,
              0
            ]
          }
        },
        "right_hand": {
          "rotation": {
            "0.0": [
              0,
              0,
              0
            ],
            "0.125": [
              -65,
              0,
              0
            ],
            "0.3333": [
              -12.5,
              0,
              0
            ],
            "0.4583": [
              -63.74412,
              2.50692,
              -6.19532
            ],
            "0.5833": [
              21.26765,
              7.52076,
              -18.58597
            ]
          }
        },
        "right_feet": {
          "rotation": {
            "0.0": [
              0,
              0,
              0
            ],
            "0.25": [
              0,
              0,
              0
            ],
            "0.4167": [
              -40.1671,
              1.28797,
              -7.39108
            ],
            "0.5833": [
              9.6658,
              2.57594,
              -14.78217
            ]
          }
        },
        "ears": {
          "rotation": {
            "0.0": [
              0,
              0,
              0
            ],
            "0.25": [
              0,
              0,
              0
            ],
            "0.4167": [
              60,
              0,
              -13.75
            ],
            "0.5833": [
              0,
              0,
              -27.5
            ]
          }
        },
        "right_finger": {
          "rotation": {
            "0.0": [
              0,
              0,
              0
            ],
            "0.25": [
              0,
              0,
              0
            ],
            "0.5833": [
              0,
              0,
              0
            ]
          }
        },
        "right_finger2": {
          "rotation": {
            "0.0": [
              0,
              0,
              0
            ],
            "0.25": [
              0,
              0,
              0
            ],
            "0.5833": [
              0,
              0,
              0
            ]
          }
        },
        "right_finger3": {
          "rotation": {
            "0.0": [
              0,
              0,
              0
            ],
            "0.25": [
              0,
              0,
              0
            ],
            "0.5833": [
              0,
              0,
              0
            ]
          }
        },
        "critter": {
          "rotation": {
            "0.0": [
              0,
              0,
              0
            ],
            "0.125": [
              -20,
              0,
              0
            ],
            "0.25": [
              0,
              0,
              0
            ],
            "0.5833": [
              -87.5,
              0,
              0
            ]
          },
          "position": {
            "0.0": [
              0,
              0,
              0
            ],
            "0.125": [
              0,
              -1,
              9
            ],
            "0.25": [
              0,
              0,
              0
            ],
            "0.5833": [
              0,
              -21,
              11
            ]
          }
        },
        "left_feet": {
          "rotation": {
            "0.0": [
              0,
              0,
              0
            ],
            "0.25": [
              0,
              0,
              0
            ],
            "0.4167": [
              -60,
              0,
              7.5
            ],
            "0.5833": [
              10,
              0,
              15
            ]
          }
        },
        "left_leg": {
          "rotation": {
            "0.0": [
              0,
              0,
              0
            ],
            "0.25": [
              0,
              0,
              0
            ],
            "0.5833": [
              0,
              0,
              0
            ]
          }
        },
        "ears2": {
          "rotation": {
            "0.0": [
              0,
              0,
              0
            ],
            "0.25": [
              0,
              0,
              0
            ],
            "0.4167": [
              28.49604,
              51.66966,
              31.58509
            ],
            "0.5833": [
              36.02596,
              33.77988,
              27.83046
            ]
          }
        },
        "left_hand": {
          "rotation": {
            "0.0": [
              0,
              0,
              0
            ],
            "0.125": [
              -55,
              0,
              0
            ],
            "0.3333": [
              -20,
              0,
              0
            ],
            "0.4583": [
              -55,
              0,
              5.83333
            ],
            "0.5833": [
              25,
              0,
              17.5
            ]
          }
        },
        "left_arm": {
          "rotation": {
            "0.0": [
              0,
              0,
              0
            ],
            "0.25": [
              0,
              0,
              0
            ],
            "0.5833": [
              -27.50135,
              13.12479,
              21.46872
            ]
          }
        },
        "left_finger": {
          "rotation": {
            "0.0": [
              0,
              0,
              0
            ],
            "0.25": [
              0,
              0,
              0
            ],
            "0.5833": [
              0,
              0,
              0
            ]
          }
        },
        "left_finger2": {
          "rotation": {
            "0.0": [
              0,
              0,
              0
            ],
            "0.25": [
              0,
              0,
              0
            ],
            "0.5833": [
              0,
              0,
              0
            ]
          }
        },
        "left_finger3": {
          "rotation": {
            "0.0": [
              0,
              0,
              0
            ],
            "0.25": [
              0,
              0,
              0
            ],
            "0.5833": [
              0,
              0,
              0
            ]
          }
        }
      }
    },
    "animation.catnap_critter.death_move": {
      "loop": true,
      "bones": {
        "head": {
          "rotation": [
            -8.87221,
            -32.18826,
            4.75346
          ]
        },
        "base": {
          "rotation": [
            0,
            0,
            0
          ]
        },
        "necklace": {
          "rotation": [
            9.6294,
            -2.12709,
            47.45674
          ]
        },
        "right_arm": {
          "rotation": [
            -26.06663,
            -9.08661,
            -17.89244
          ]
        },
        "right_leg": {
          "rotation": [
            0,
            0,
            0
          ]
        },
        "right_hand": {
          "rotation": [
            21.26765,
            7.52076,
            -18.58597
          ]
        },
        "right_feet": {
          "rotation": [
            9.6658,
            2.57594,
            -14.78217
          ]
        },
        "ears": {
          "rotation": [
            0,
            0,
            -27.5
          ]
        },
        "right_finger": {
          "rotation": [
            0,
            0,
            0
          ]
        },
        "right_finger2": {
          "rotation": [
            0,
            0,
            0
          ]
        },
        "right_finger3": {
          "rotation": [
            0,
            0,
            0
          ]
        },
        "critter": {
          "rotation": [
            -87.5,
            0,
            0
          ],
          "position": [
            0,
            -21,
            11
          ]
        },
        "left_feet": {
          "rotation": [
            10,
            0,
            15
          ]
        },
        "left_leg": {
          "rotation": [
            0,
            0,
            0
          ]
        },
        "ears2": {
          "rotation": [
            36.02596,
            33.77988,
            27.83046
          ]
        },
        "left_hand": {
          "rotation": [
            25,
            0,
            17.5
          ]
        },
        "left_arm": {
          "rotation": [
            -27.50135,
            13.12479,
            21.46872
          ]
        },
        "left_finger": {
          "rotation": [
            0,
            0,
            0
          ]
        },
        "left_finger2": {
          "rotation": [
            0,
            0,
            0
          ]
        },
        "left_finger3": {
          "rotation": [
            0,
            0,
            0
          ]
        }
      }
    }
  }
}