{
  "format_version": "1.8.0",
  "animations": {
    "animation.pa_death5.walk": {
      "loop": true
    },
    "animation.pa_death5.new": {
      "loop": true,
      "bones": {
        "critter": {
          "rotation": [
            100,
            35,
            -180
          ],
          "position": [
            4,
            -20,
            -7
          ]
        },
        "left_feet": {
          "rotation": [
            0,
            0,
            20
          ]
        },
        "left_leg": {
          "rotation": [
            0,
            0,
            25
          ]
        },
        "right_feet": {
          "rotation": [
            0,
            0,
            -37.5
          ]
        },
        "right_leg": {
          "rotation": [
            0,
            0,
            -32.5
          ]
        },
        "head": {
          "rotation": [
            -25.702426377687516,
            -47.24492712972324,
            -6.544638064063747
          ]
        },
        "left_hand": {
          "rotation": [
            0,
            0,
            17.5
          ]
        },
        "left_arm": {
          "rotation": [
            13.48971339119771,
            4.0329051637481825,
            42.12184362665994
          ]
        },
        "right_hand": {
          "rotation": [
            32.5,
            0,
            0
          ]
        },
        "right_arm": {
          "rotation": [
            -17.5,
            0,
            -65
          ]
        }
      }
    }
  }
}