{
  "format_version": "1.8.0",
  "animations": {
    "animation.pa_death3.walk": {
      "loop": true
    },
    "animation.pa_death3.new": {
      "loop": true,
      "bones": {
        "critter": {
          "rotation": [
            -52.463953027498974,
            -67.88269139408112,
            -10.894035733044348
          ],
          "position": [
            -10,
            -21,
            6
          ]
        },
        "left_feet": {
          "rotation": [
            -35.3335026120144,
            13.471573838320637,
            18.191439184348837
          ]
        },
        "right_feet": {
          "rotation": [
            -34.267008332921705,
            -13.348551286384918,
            -27.11770949607626
          ]
        },
        "head": {
          "rotation": [
            34.240274120832964,
            -16.325553409201348,
            22.440312419805196
          ]
        },
        "left_hand": {
          "rotation": [
            21.806327740063807,
            -5.684223786208804,
            13.904199965376392
          ]
        },
        "left_arm": {
          "rotation": [
            -37.5,
            0,
            0
          ]
        },
        "right_hand": {
          "rotation": [
            8.2188816070975,
            5.716166131412592,
            -34.58897418065817
          ]
        },
        "right_arm": {
          "rotation": [
            0,
            0,
            35
          ]
        }
      }
    }
  }
}