{
  "format_version": "1.8.0",
  "animations": {
    "animation.pa_death2.walk": {
      "loop": true
    },
    "animation.pa_death2.new": {
      "loop": true,
      "bones": {
        "critter": {
          "rotation": [
            90,
            -70,
            0
          ],
          "position": [
            10,
            -24,
            0
          ]
        },
        "left_feet": {
          "rotation": [
            0,
            0,
            30
          ]
        },
        "left_leg": {
          "rotation": [
            0,
            0,
            32.5
          ]
        },
        "right_leg": {
          "rotation": [
            0,
            0,
            -17.5
          ]
        },
        "head": {
          "rotation": [
            -47.7497756856028,
            43.536416361210286,
            -31.448274424376905
          ]
        },
        "ear": {
          "rotation": [
            24.13937416866338,
            -50.43621906482986,
            32.14643300370608
          ]
        },
        "ear2": {
          "rotation": [
            47.5,
            0,
            0
          ]
        },
        "ear3": {
          "rotation": [
            100.80303042413743,
            -48.740218834850566,
            -14.102046271130803
          ]
        },
        "ear4": {
          "rotation": [
            -55,
            0,
            0
          ]
        },
        "tail": {
          "rotation": [
            -37.5,
            0,
            0
          ]
        },
        "left_hand": {
          "rotation": [
            0,
            0,
            52.5
          ]
        },
        "left_arm": {
          "rotation": [
            0,
            0,
            25
          ]
        },
        "right_arm": {
          "rotation": [
            0,
            0,
            -20
          ]
        }
      }
    },
    "animation.pa_death2.new2": {
      "loop": true,
      "bones": {
        "critter": {
          "rotation": [
            90,
            -70,
            0
          ],
          "position": [
            10,
            -24,
            0
          ]
        },
        "left_feet": {
          "rotation": [
            0,
            0,
            30
          ]
        },
        "left_leg": {
          "rotation": [
            0,
            0,
            32.5
          ]
        },
        "right_leg": {
          "rotation": [
            0,
            0,
            -17.5
          ]
        },
        "head": {
          "rotation": [
            -47.7497756856028,
            43.536416361210286,
            -31.448274424376905
          ]
        },
        "ear": {
          "rotation": [
            24.13937416866338,
            -50.43621906482986,
            32.14643300370608
          ]
        },
        "ear2": {
          "rotation": [
            47.5,
            0,
            0
          ]
        },
        "ear3": {
          "rotation": [
            100.80303042413743,
            -48.740218834850566,
            -14.102046271130803
          ]
        },
        "ear4": {
          "rotation": [
            -55,
            0,
            0
          ]
        },
        "tail": {
          "rotation": [
            -37.5,
            0,
            0
          ]
        },
        "left_hand": {
          "rotation": [
            0,
            0,
            52.5
          ]
        },
        "left_arm": {
          "rotation": [
            0,
            0,
            25
          ]
        },
        "right_arm": {
          "rotation": [
            0,
            0,
            -20
          ]
        }
      }
    }
  }
}