{
  "format_version": "1.8.0",
  "animations": {
    "animation.pa_death4.walk": {
      "loop": true
    },
    "animation.pa_death4.new": {
      "loop": true,
      "bones": {
        "critter": {
          "rotation": [
            -83.70701813870483,
            -37.332888194798215,
            -3.826069906433986
          ],
          "position": [
            0,
            -23,
            0
          ]
        },
        "left_feet": {
          "rotation": [
            7.5,
            0,
            22.5
          ]
        },
        "left_leg": {
          "rotation": [
            -10,
            0,
            0
          ]
        },
        "right_feet": {
          "rotation": [
            9.767579743669558,
            2.1539316219250395,
            -12.31593525613198
          ]
        },
        "right_leg": {
          "rotation": [
            -12.5,
            0,
            0
          ]
        },
        "head": {
          "rotation": [
            -10,
            22.5,
            0
          ]
        },
        "ear": {
          "rotation": [
            14.19841609238756,
            -28.84323471245716,
            1.3684563950273514
          ]
        },
        "ear2": {
          "rotation": [
            0,
            -40,
            0
          ]
        },
        "necklace": {
          "rotation": [
            6.804231425768194,
            -3.162198011703822,
            24.811966077786565
          ]
        },
        "tail": {
          "rotation": [
            0,
            107.5,
            0
          ]
        },
        "left_hand": {
          "rotation": [
            5,
            0,
            30
          ]
        },
        "left_arm": {
          "rotation": [
            0,
            0,
            30
          ]
        },
        "right_hand": {
          "rotation": [
            7.5,
            0,
            0
          ]
        },
        "right_arm": {
          "rotation": [
            0,
            0,
            -20
          ]
        }
      }
    }
  }
}