{
	"format_version": "1.16.100",
	"minecraft:item": {
		"description": {
			"identifier": "rose:cat_maid_purple",
			"category": "equipment"
		},
		"components": {
			"minecraft:max_stack_size": 1,
			"minecraft:enchantable": {
				"value": 10,
				"slot": "armor_head"
			},
			"minecraft:durability": {
				"max_durability": 100,
				"damage_chance": {
					"min": 60,
					"max": 100
				}
			},
			"minecraft:armor": {
				"protection": 0
			},
			"minecraft:wearable": {
				"slot": "slot.armor.head",
				"dispensable": true
			},
			"minecraft:creative_category": {
				"parent": "itemGroup.name.helmet"
			},
			"minecraft:icon": {
				"texture": "cat_maid_purple"
			},
			"minecraft:render_offsets": "helmets"
		}
	}
}