{
    "entity_sounds": {
        "entities": {
            "mdz:maz": {
                "volume": 1.0,
                "pitch": [0.8, 1.2],
                "events": {
                    "step": {
                        "sound": "maz.drive",
                        "volume": 0.15,
                        "pitch": 1.1
                    },
                    "hurt": "maz.hit",
                    "death": "maz.hit"
                }
            },
            "mdz:death_maz": {
                "volume": 1.0,
                "pitch": [0.8, 1.2],
                "events": {
                    "step": {
                        "sound": "maz.drive",
                        "volume": 0.15,
                        "pitch": 1.1
                    },
                    "hurt": "maz.hit",
                    "death": "maz.hit"
                }
            }
        }
    }
}