{"format_version":"1.12.0","minecraft:geometry":[{"description":{"identifier":"geometry.yg_infected_camera_man","texture_width":64,"texture_height":64,"visible_bounds_width":2,"visible_bounds_height":4.5,"visible_bounds_offset":[0,1.75,0]},"bones":[{"name":"Root","pivot":[0,0,0]},{"name":"Body","parent":"Root","pivot":[0,17,1],"cubes":[{"origin":[-4.32,26.71541,-1.91025],"size":[8.64,6.56,5.4],"pivot":[0,29.99541,0.78975],"rotation":[2.5,0,0],"uv":[23,0]},{"origin":[-1,23.15452,-2.05075],"size":[2,8,0],"uv":[0,16]},{"origin":[-1.12,31.03452,-2.05075],"size":[2.24,2.24,0],"uv":[7,0]},{"origin":[-3.5,20,-1.5],"size":[7,7,5],"uv":[29,11]},{"origin":[-3.92,16.82,-1.8],"size":[7.84,3.36,5.6],"uv":[0,31]}]},{"name":"Head","parent":"Body","pivot":[0,33,0],"cubes":[{"origin":[-3,35,-5],"size":[6,5,10],"uv":[0,16]},{"origin":[-3.18,34.85,-6.33],"size":[6.36,5.3,11.66],"uv":[0,0]},{"origin":[-4,33,-3],"size":[2,4,3],"uv":[0,0]},{"origin":[-2,33,-3],"size":[2,2,8],"uv":[40,35]},{"origin":[-2.3,32.7,-2.75],"size":[2.6,2.6,6.5],"uv":[42,23]},{"origin":[-2.5,32.5,-4],"size":[3,3,1],"uv":[0,7]},{"origin":[-2.5,32,0],"size":[5,4,3],"pivot":[0,34,1.5],"rotation":[-10,0,0],"uv":[48,8]}],"locators":{"infection":[0,36,0]}},{"name":"Rightarm","parent":"Body","pivot":[-4.5,32,1],"cubes":[{"origin":[-7,25,-0.5],"size":[3,8,3],"uv":[44,45]}]},{"name":"bone","parent":"Rightarm","pivot":[-5.5,25.5,1],"cubes":[{"origin":[-7.18,15.4,-0.68],"size":[3.36,10.2,3.36],"uv":[32,45]}]},{"name":"Leftarm","parent":"Body","pivot":[4.5,32,1],"cubes":[{"origin":[4,25,-0.5],"size":[3,8,3],"uv":[44,45],"mirror":true}]},{"name":"bone3","parent":"Leftarm","pivot":[5.5,25.5,1],"cubes":[{"origin":[3.82,15.4,-0.68],"size":[3.36,10.2,3.36],"uv":[32,45],"mirror":true}]},{"name":"Rightleg","parent":"Root","pivot":[-2,17,1],"cubes":[{"origin":[-4,9,-1],"size":[4,8,4],"uv":[16,43]},{"origin":[-4.44855,7.98741,-2],"size":[5,12,6],"pivot":[-1.94855,13.98741,1],"rotation":[0,0,5],"uv":[26,25]}]},{"name":"bone2","parent":"Rightleg","pivot":[-2,9.5,0.98],"cubes":[{"origin":[-4.18,-0.6,-1.2],"size":[4.36,10.2,4.36],"uv":[0,39]}]},{"name":"Leftleg","parent":"Root","pivot":[2,17,1],"cubes":[{"origin":[0,9,-1],"size":[4,8,4],"uv":[16,43],"mirror":true},{"origin":[-0.55145,7.98741,-2],"size":[5,12,6],"pivot":[1.94855,13.98741,1],"rotation":[0,0,-5],"uv":[26,25],"mirror":true}]},{"name":"bone4","parent":"Leftleg","pivot":[2,9.5,0.98],"cubes":[{"origin":[-0.18,-0.6,-1.2],"size":[4.36,10.2,4.36],"uv":[0,39],"mirror":true}]}]}]}