{"format_version":"1.12.0","minecraft:geometry":[{"description":{"identifier":"geometry.yg_plumber_camera_man_2","texture_width":128,"texture_height":128,"visible_bounds_width":4,"visible_bounds_height":4.5,"visible_bounds_offset":[0,1.75,0]},"bones":[{"name":"Root"},{"name":"Body","pivot":[0,17,1],"cubes":[{"origin":[-4.32,26.71541,-1.91025],"size":[8.64,6.56,5.4],"pivot":[0,29.99541,0.78975],"rotation":[2.5,0,0],"uv":[60,34],"inflate":0},{"origin":[-1,23.15452,-2.05075],"size":[2,8,0],"uv":[48,27],"inflate":0},{"origin":[-1.12,31.03452,-2.05075],"size":[2.24,2.24,0],"uv":[0,0],"inflate":0},{"origin":[-3.5,20,-1.5],"size":[7,7,5],"uv":[24,65],"inflate":0},{"origin":[-3.92,16.82,-1.8],"size":[7.84,3.36,5.6],"uv":[67,60],"inflate":0},{"origin":[-1,25,3],"size":[2,6,2],"uv":[48,17],"inflate":0},{"origin":[-4,22,3],"size":[3,10,3],"uv":[20,77],"inflate":0},{"origin":[1,22,3],"size":[3,10,3],"uv":[20,77],"inflate":0,"mirror":true},{"origin":[-4.21,29.79,2.79],"size":[3.42,3.42,3.42],"uv":[62,83],"inflate":0},{"origin":[0.79,29.79,2.79],"size":[3.42,3.42,3.42],"uv":[62,83],"inflate":0,"mirror":true},{"origin":[-4.4836,18.4364,2.5164],"size":[3.9672,5.1272,3.9672],"uv":[38,33],"inflate":0},{"origin":[0.5164,18.4364,2.5164],"size":[3.9672,5.1272,3.9672],"uv":[38,33],"inflate":0,"mirror":true},{"origin":[-4.21,27.79,2.79],"size":[3.42,1.42,3.42],"uv":[86,9],"inflate":0},{"origin":[0.79,27.79,2.79],"size":[3.42,1.42,3.42],"uv":[86,9],"inflate":0,"mirror":true},{"origin":[-4.21,25.79,2.79],"size":[3.42,1.42,3.42],"uv":[86,9],"inflate":0},{"origin":[0.79,25.79,2.79],"size":[3.42,1.42,3.42],"uv":[86,9],"inflate":0,"mirror":true},{"origin":[-6,18,-6],"size":[12,3,14],"uv":[0,28],"inflate":0},{"origin":[-9.36177,17.30327,-2],"size":[3,8,5],"pivot":[-7.86177,21.30327,0.5],"rotation":[0,0,-12.5],"uv":[0,45],"inflate":0},{"origin":[6.36177,17.30327,-2],"size":[3,8,5],"pivot":[7.86177,21.30327,0.5],"rotation":[0,0,12.5],"uv":[0,45],"inflate":0,"mirror":true},{"origin":[-5.65997,15.39256,-19.40073],"size":[3,0,15],"pivot":[-4.15997,15.39256,-11.90073],"rotation":[12.54624,4.88119,1.08482],"uv":[6,45],"inflate":0},{"origin":[2.65997,15.39256,-19.40073],"size":[3,0,15],"pivot":[4.15997,15.39256,-11.90073],"rotation":[12.54624,-4.88119,-1.08482],"uv":[6,45],"inflate":0,"mirror":true},{"origin":[-7,15,7],"size":[14,21,7],"uv":[0,0],"inflate":0},{"origin":[-20.78629,37.40593,15.21382],"size":[19,2,0],"pivot":[-11.28629,38.40593,15.21382],"rotation":[0,7.5,47.5],"uv":[60,32],"inflate":0},{"origin":[1.78629,37.40593,15.21382],"size":[19,2,0],"pivot":[11.28629,38.40593,15.21382],"rotation":[0,-7.5,-47.5],"uv":[60,32],"inflate":0,"mirror":true},{"origin":[1.78629,14.59407,15.21382],"size":[19,2,0],"pivot":[11.28629,15.59407,15.21382],"rotation":[0,-7.5,47.5],"uv":[60,32],"inflate":0,"mirror":true},{"origin":[-20.78629,14.59407,15.21382],"size":[19,2,0],"pivot":[-11.28629,15.59407,15.21382],"rotation":[0,7.5,-47.5],"uv":[60,32],"inflate":0},{"origin":[-11,30,2],"size":[4,4,17],"uv":[35,28],"inflate":0},{"origin":[7,30,2],"size":[4,4,17],"uv":[35,28],"inflate":0,"mirror":true},{"origin":[-11.44,29.56,5.89],"size":[4.88,4.88,1.22],"uv":[60,17],"inflate":0},{"origin":[6.56,29.56,5.89],"size":[4.88,4.88,1.22],"uv":[60,17],"inflate":0,"mirror":true},{"origin":[-11.44,29.56,12.89],"size":[4.88,4.88,1.22],"uv":[60,17],"inflate":0},{"origin":[6.56,29.56,12.89],"size":[4.88,4.88,1.22],"uv":[60,17],"inflate":0,"mirror":true},{"origin":[-11.7328,29.2672,16.8168],"size":[5.4656,5.4656,1.3664],"uv":[17,64],"inflate":0},{"origin":[6.2672,29.2672,16.8168],"size":[5.4656,5.4656,1.3664],"uv":[17,64],"inflate":0,"mirror":true},{"origin":[-11.5,29.5,-5],"size":[5,5,7],"uv":[0,64],"inflate":0},{"origin":[6.5,29.5,-5],"size":[5,5,7],"uv":[0,64],"inflate":0,"mirror":true},{"origin":[6.5,29.5,-5],"size":[5,5,7],"uv":[0,64],"inflate":0,"mirror":true},{"origin":[-17,20,9],"size":[2,2,2],"uv":[86,13],"inflate":0},{"origin":[15,20,9],"size":[2,2,2],"uv":[86,13],"inflate":0,"mirror":true},{"origin":[-19,20,6],"size":[2,2,8],"uv":[48,17],"inflate":0},{"origin":[17,20,6],"size":[2,2,8],"uv":[48,17],"inflate":0,"mirror":true},{"origin":[-19,21,-10],"size":[3,0,16],"pivot":[-18.5,21,6],"rotation":[0,-10,0],"uv":[26,17],"inflate":0},{"origin":[16,21,-10],"size":[3,0,16],"pivot":[18.5,21,6],"rotation":[0,10,0],"uv":[26,17],"inflate":0,"mirror":true},{"origin":[-19.24,19.76,7.52],"size":[2.48,2.48,4.96],"uv":[82,79],"inflate":0},{"origin":[16.76,19.76,7.52],"size":[2.48,2.48,4.96],"uv":[82,79],"inflate":0,"mirror":true},{"origin":[-15.69846,22.2899,9.5],"size":[9,1,1],"pivot":[-11.19846,22.7899,10],"rotation":[0,0,-20],"uv":[61,57],"inflate":0},{"origin":[6.69846,22.2899,9.5],"size":[9,1,1],"pivot":[11.19846,22.7899,10],"rotation":[0,0,20],"uv":[61,57],"inflate":0,"mirror":true},{"origin":[-16,20,9.5],"size":[9,1,1],"uv":[61,57],"inflate":0},{"origin":[7,20,9.5],"size":[9,1,1],"uv":[61,57],"inflate":0,"mirror":true},{"origin":[-5,29,6],"size":[11,5,1],"uv":[72,68],"inflate":0},{"origin":[-5,21,6],"size":[8,7,1],"uv":[47,76],"inflate":0},{"origin":[-5,13,-5],"size":[10,5,12],"uv":[42,0],"inflate":0},{"origin":[-3,10.0019,-6.95642],"size":[6,11,1],"pivot":[0,15.5019,-6.45642],"rotation":[5,0,0],"uv":[0,28],"inflate":0},{"origin":[-9.46418,10.10205,-5.81173],"size":[5,11,1],"pivot":[-6.96418,15.60205,-5.31173],"rotation":[7.7508,49.74086,5.92994],"uv":[42,0],"inflate":0},{"origin":[4.46418,10.10205,-5.81173],"size":[5,11,1],"pivot":[6.96418,15.60205,-5.31173],"rotation":[7.7508,-49.74086,-5.92994],"uv":[42,0],"inflate":0,"mirror":true},{"origin":[-9.26748,21.00584,-6.29379],"size":[5,4,1],"pivot":[-6.76748,23.00584,-5.79379],"rotation":[0.2508,49.74086,5.92994],"uv":[74,85],"inflate":0},{"origin":[4.26748,21.00584,-6.29379],"size":[5,4,1],"pivot":[6.76748,23.00584,-5.79379],"rotation":[0.2508,-49.74086,-5.92994],"uv":[74,85],"inflate":0,"mirror":true},{"origin":[-9.31747,7.21722,-5.08581],"size":[5,3,1],"pivot":[-6.81747,8.71722,-4.58581],"rotation":[15.2508,49.74086,5.92994],"uv":[82,74],"inflate":0},{"origin":[4.31747,7.21722,-5.08581],"size":[5,3,1],"pivot":[6.81747,8.71722,-4.58581],"rotation":[15.2508,-49.74086,-5.92994],"uv":[82,74],"inflate":0,"mirror":true},{"origin":[-3,20.9374,-7.43388],"size":[6,4,1],"uv":[81,34],"inflate":0},{"origin":[-3,7.19903,-6.04725],"size":[6,3,1],"pivot":[0,8.69903,-5.54725],"rotation":[17.5,0,0],"uv":[0,58],"inflate":0},{"origin":[-3,8,-1],"size":[6,5,6],"uv":[48,65],"inflate":0},{"origin":[-3.6,6.9,-1.6],"size":[7.2,1.2,7.2],"uv":[61,49],"inflate":0},{"origin":[-10,31,-8],"size":[2,2,17],"uv":[0,45],"inflate":0},{"origin":[8,31,-8],"size":[2,2,17],"uv":[0,45],"inflate":0,"mirror":true},{"origin":[-5,19,14],"size":[2,17,2],"uv":[0,76],"inflate":0},{"origin":[3,19,14],"size":[2,17,2],"uv":[0,76],"inflate":0,"mirror":true},{"origin":[-5.36,20.56,13.64],"size":[2.72,10.88,2.72],"uv":[27,45],"inflate":0},{"origin":[2.64,20.56,13.64],"size":[2.72,10.88,2.72],"uv":[27,45],"inflate":0,"mirror":true},{"origin":[-10.5,30.5,-10],"size":[3,3,2],"uv":[43,65],"inflate":0},{"origin":[7.5,30.5,-10],"size":[3,3,2],"uv":[43,65],"inflate":0,"mirror":true},{"origin":[-5.5,36,13.5],"size":[3,2,3],"uv":[45,84],"inflate":0},{"origin":[2.5,36,13.5],"size":[3,2,3],"uv":[45,84],"inflate":0,"mirror":true},{"origin":[-11.8,29.1,-14.28],"size":[5.7,5.7,4.56],"uv":[68,74],"inflate":0},{"origin":[6.1,29.1,-14.28],"size":[5.7,5.7,4.56],"uv":[68,74],"inflate":0,"mirror":true},{"origin":[-6.8,37.72,12.1],"size":[5.7,4.56,5.7],"uv":[74,0],"inflate":0},{"origin":[1.1,37.72,12.1],"size":[5.7,4.56,5.7],"uv":[74,0],"inflate":0,"mirror":true}],"parent":"Root","locators":{"energy":[0,16,1]}},{"name":"Head","pivot":[0,33,0],"cubes":[{"origin":[-3,35,-5],"size":[6,5,10],"uv":[60,17],"inflate":0},{"origin":[-3.18,34.85,-6.33],"size":[6.36,5.3,11.66],"uv":[38,49],"inflate":0},{"origin":[-4,33,-3],"size":[2,4,3],"uv":[39,49],"inflate":0},{"origin":[-2,33,-3],"size":[2,2,8],"uv":[27,49],"inflate":0},{"origin":[-2.3,32.7,-2.75],"size":[2.6,2.6,6.5],"uv":[32,78],"inflate":0},{"origin":[-2.5,32.5,-4],"size":[3,3,1],"uv":[32,86],"inflate":0},{"origin":[-2.5,32,0],"size":[5,4,3],"pivot":[0,34,1.5],"rotation":[-10,0,0],"uv":[82,17],"inflate":0}],"parent":"Body"},{"name":"Rightarm","pivot":[-4.5,32,1],"cubes":[{"origin":[-7,25,-0.5],"size":[3,8,3],"uv":[82,45],"inflate":0}],"parent":"Body","rotation":[0,0,15]},{"name":"bone","pivot":[-5.5,25.5,1],"cubes":[{"origin":[-7.18,15.4,-0.68],"size":[3.36,10.2,3.36],"uv":[8,76],"inflate":0}],"parent":"Rightarm","rotation":[0,0,-17.5]},{"name":"Leftarm","pivot":[4.5,32,1],"cubes":[{"origin":[4,25,-0.5],"size":[3,8,3],"uv":[82,45],"inflate":0,"mirror":true}],"parent":"Body","rotation":[0,0,-17.5]},{"name":"bone3","pivot":[5.5,25.5,1],"cubes":[{"origin":[3.82,15.4,-0.68],"size":[3.36,10.2,3.36],"uv":[8,76],"inflate":0,"mirror":true}],"parent":"Leftarm","rotation":[0,0,32.5]}]}]}