{
  "format_version": "1.12.0",
  "minecraft:geometry": [
    {
      "description": {
        "identifier": "geometry.yg_simp_camera_man",
        "texture_width": 64,
        "texture_height": 64,
        "visible_bounds_width": 2,
        "visible_bounds_height": 4.5,
        "visible_bounds_offset": [
          0,
          1.75,
          0
        ]
      },
      "bones": [
        {
          "name": "Root"
        },
        {
          "name": "Body",
          "pivot": [
            0,
            17,
            1
          ],
          "cubes": [
            {
              "origin": [
                -4.32,
                26.71541,
                -1.91025
              ],
              "size": [
                8.64,
                6.56,
                5.4
              ],
              "pivot": [
                0.0,
                29.99541,
                0.78975
              ],
              "rotation": [
                2.5,
                0.0,
                0.0
              ],
              "uv": [
                23,
                0
              ],
              "inflate": 0
            },
            {
              "origin": [
                -1.0,
                23.15452,
                -2.05075
              ],
              "size": [
                2.0,
                8.0,
                0.0
              ],
              "uv": [
                0,
                16
              ],
              "inflate": 0
            },
            {
              "origin": [
                -1.12,
                31.03452,
                -2.05075
              ],
              "size": [
                2.24,
                2.24,
                0.0
              ],
              "uv": [
                7,
                0
              ],
              "inflate": 0
            },
            {
              "origin": [
                -3.5,
                20.0,
                -1.5
              ],
              "size": [
                7.0,
                7.0,
                5.0
              ],
              "uv": [
                29,
                11
              ],
              "inflate": 0
            },
            {
              "origin": [
                -3.92,
                16.82,
                -1.8
              ],
              "size": [
                7.84,
                3.36,
                5.6
              ],
              "uv": [
                0,
                31
              ],
              "inflate": 0
            }
          ],
          "parent": "Root"
        },
        {
          "name": "Head",
          "pivot": [
            0,
            33,
            0
          ],
          "cubes": [
            {
              "origin": [
                -3.0,
                35.0,
                -5.0
              ],
              "size": [
                6.0,
                5.0,
                10.0
              ],
              "uv": [
                0,
                16
              ],
              "inflate": 0
            },
            {
              "origin": [
                -3.18,
                34.85,
                -6.33
              ],
              "size": [
                6.36,
                5.3,
                11.66
              ],
              "uv": [
                0,
                0
              ],
              "inflate": 0
            },
            {
              "origin": [
                -4.0,
                33.0,
                -3.0
              ],
              "size": [
                2.0,
                4.0,
                3.0
              ],
              "uv": [
                0,
                0
              ],
              "inflate": 0
            },
            {
              "origin": [
                -2.0,
                33.0,
                -3.0
              ],
              "size": [
                2.0,
                2.0,
                8.0
              ],
              "uv": [
                40,
                35
              ],
              "inflate": 0
            },
            {
              "origin": [
                -2.3,
                32.7,
                -2.75
              ],
              "size": [
                2.6,
                2.6,
                6.5
              ],
              "uv": [
                42,
                23
              ],
              "inflate": 0
            },
            {
              "origin": [
                -2.5,
                32.5,
                -4.0
              ],
              "size": [
                3.0,
                3.0,
                1.0
              ],
              "uv": [
                0,
                7
              ],
              "inflate": 0
            },
            {
              "origin": [
                -2.5,
                32.0,
                0.0
              ],
              "size": [
                5.0,
                4.0,
                3.0
              ],
              "pivot": [
                0.0,
                34.0,
                1.5
              ],
              "rotation": [
                -10.0,
                0.0,
                0.0
              ],
              "uv": [
                48,
                8
              ],
              "inflate": 0
            }
          ],
          "parent": "Body"
        },
        {
          "name": "Rightarm",
          "pivot": [
            -4.5,
            32,
            1
          ],
          "cubes": [
            {
              "origin": [
                -7.0,
                25.0,
                -0.5
              ],
              "size": [
                3.0,
                8.0,
                3.0
              ],
              "uv": [
                44,
                45
              ],
              "inflate": 0
            }
          ],
          "parent": "Body"
        },
        {
          "name": "bone",
          "pivot": [
            -5.5,
            25.5,
            1
          ],
          "cubes": [
            {
              "origin": [
                -7.18,
                15.4,
                -0.68
              ],
              "size": [
                3.36,
                10.2,
                3.36
              ],
              "uv": [
                32,
                45
              ],
              "inflate": 0
            }
          ],
          "parent": "Rightarm"
        },
        {
          "name": "Leftarm",
          "pivot": [
            4.5,
            32,
            1
          ],
          "cubes": [
            {
              "origin": [
                4.0,
                25.0,
                -0.5
              ],
              "size": [
                3.0,
                8.0,
                3.0
              ],
              "uv": [
                44,
                45
              ],
              "inflate": 0,
              "mirror": true
            }
          ],
          "parent": "Body"
        },
        {
          "name": "bone3",
          "pivot": [
            5.5,
            25.5,
            1
          ],
          "cubes": [
            {
              "origin": [
                3.82,
                15.4,
                -0.68
              ],
              "size": [
                3.36,
                10.2,
                3.36
              ],
              "uv": [
                32,
                45
              ],
              "inflate": 0,
              "mirror": true
            }
          ],
          "parent": "Leftarm"
        },
        {
          "name": "Rightleg",
          "pivot": [
            -2,
            17,
            1
          ],
          "cubes": [
            {
              "origin": [
                -4.0,
                9.0,
                -1.0
              ],
              "size": [
                4.0,
                8.0,
                4.0
              ],
              "uv": [
                16,
                43
              ],
              "inflate": 0
            },
            {
              "origin": [
                -4.44855,
                7.98741,
                -2.0
              ],
              "size": [
                5.0,
                12.0,
                6.0
              ],
              "pivot": [
                -1.94855,
                13.98741,
                1.0
              ],
              "rotation": [
                0.0,
                0.0,
                5.0
              ],
              "uv": [
                26,
                25
              ],
              "inflate": 0
            }
          ],
          "parent": "Root"
        },
        {
          "name": "bone2",
          "pivot": [
            -2,
            9.5,
            0.98
          ],
          "cubes": [
            {
              "origin": [
                -4.18,
                -0.6,
                -1.2
              ],
              "size": [
                4.36,
                10.2,
                4.36
              ],
              "uv": [
                0,
                39
              ],
              "inflate": 0
            }
          ],
          "parent": "Rightleg"
        },
        {
          "name": "Leftleg",
          "pivot": [
            2,
            17,
            1
          ],
          "cubes": [
            {
              "origin": [
                0.0,
                9.0,
                -1.0
              ],
              "size": [
                4.0,
                8.0,
                4.0
              ],
              "uv": [
                16,
                43
              ],
              "inflate": 0,
              "mirror": true
            },
            {
              "origin": [
                -0.55145,
                7.98741,
                -2.0
              ],
              "size": [
                5.0,
                12.0,
                6.0
              ],
              "pivot": [
                1.94855,
                13.98741,
                1.0
              ],
              "rotation": [
                0.0,
                0.0,
                -5.0
              ],
              "uv": [
                26,
                25
              ],
              "inflate": 0,
              "mirror": true
            }
          ],
          "parent": "Root"
        },
        {
          "name": "bone4",
          "pivot": [
            2,
            9.5,
            0.98
          ],
          "cubes": [
            {
              "origin": [
                -0.18,
                -0.6,
                -1.2
              ],
              "size": [
                4.36,
                10.2,
                4.36
              ],
              "uv": [
                0,
                39
              ],
              "inflate": 0,
              "mirror": true
            }
          ],
          "parent": "Leftleg"
        }
      ]
    }
  ]
}