{
  "format_version": "1.12.0",
  "minecraft:geometry": [
    {
      "description": {
        "identifier": "geometry.yg_titan_camera_man_2",
        "texture_width": 256,
        "texture_height": 256,
        "visible_bounds_width": 8,
        "visible_bounds_height": 11.5,
        "visible_bounds_offset": [
          0,
          5.25,
          0
        ]
      },
      "bones": [
        {
          "name": "Root",
          "pivot": [
            0,
            1,
            0
          ]
        },
        {
          "name": "Body",
          "pivot": [
            0,
            37,
            0
          ],
          "cubes": [
            {
              "origin": [
                -8.0,
                55.0,
                -6.0
              ],
              "size": [
                16.0,
                13.0,
                12.0
              ],
              "pivot": [
                0.0,
                61.5,
                0.0
              ],
              "rotation": [
                5.0,
                0.0,
                0.0
              ],
              "uv": [
                36,
                0
              ],
              "inflate": 0
            },
            {
              "origin": [
                -3.0,
                57.0,
                -10.0
              ],
              "size": [
                6.0,
                6.0,
                5.0
              ],
              "uv": [
                36,
                152
              ],
              "inflate": 0
            },
            {
              "origin": [
                -3.42,
                56.58,
                -8.21
              ],
              "size": [
                6.84,
                6.84,
                3.42
              ],
              "uv": [
                155,
                10
              ],
              "inflate": 0
            },
            {
              "origin": [
                -6.5,
                42.0,
                -5.0
              ],
              "size": [
                13.0,
                14.0,
                10.0
              ],
              "uv": [
                85,
                15
              ],
              "inflate": 0
            },
            {
              "origin": [
                -6.5,
                51.0,
                -7.0
              ],
              "size": [
                2.0,
                14.0,
                2.0
              ],
              "pivot": [
                -5.5,
                58.0,
                -6.0
              ],
              "rotation": [
                0.0,
                0.0,
                -5.0
              ],
              "uv": [
                160,
                37
              ],
              "inflate": 0
            },
            {
              "origin": [
                4.5,
                51.0,
                -7.0
              ],
              "size": [
                2.0,
                14.0,
                2.0
              ],
              "pivot": [
                5.5,
                58.0,
                -6.0
              ],
              "rotation": [
                0.0,
                0.0,
                5.0
              ],
              "uv": [
                160,
                37
              ],
              "inflate": 0,
              "mirror": true
            },
            {
              "origin": [
                5.17037,
                62.74677,
                -9.72526
              ],
              "size": [
                2.4,
                2.4,
                4.6
              ],
              "pivot": [
                6.37037,
                63.94677,
                -7.42526
              ],
              "rotation": [
                0.0,
                -27.5,
                5.0
              ],
              "uv": [
                85,
                39
              ],
              "inflate": 0,
              "mirror": true
            },
            {
              "origin": [
                -7.57037,
                62.74677,
                -9.72526
              ],
              "size": [
                2.4,
                2.4,
                4.6
              ],
              "pivot": [
                -6.37037,
                63.94677,
                -7.42526
              ],
              "rotation": [
                0.0,
                27.5,
                -5.0
              ],
              "uv": [
                85,
                39
              ],
              "inflate": 0
            },
            {
              "origin": [
                5.82498,
                62.907,
                -11.4276
              ],
              "size": [
                2.0,
                2.0,
                3.0
              ],
              "pivot": [
                6.82498,
                63.907,
                -9.9276
              ],
              "rotation": [
                0.0,
                15.0,
                5.0
              ],
              "uv": [
                120,
                81
              ],
              "inflate": 0,
              "mirror": true
            },
            {
              "origin": [
                -7.82498,
                62.907,
                -11.4276
              ],
              "size": [
                2.0,
                2.0,
                3.0
              ],
              "pivot": [
                -6.82498,
                63.907,
                -9.9276
              ],
              "rotation": [
                0.0,
                -15.0,
                -5.0
              ],
              "uv": [
                120,
                81
              ],
              "inflate": 0
            },
            {
              "origin": [
                4.19271,
                63.50019,
                -13.96331
              ],
              "size": [
                2.0,
                1.0,
                4.0
              ],
              "pivot": [
                5.19271,
                64.00019,
                -11.96331
              ],
              "rotation": [
                0.0,
                55.0,
                5.0
              ],
              "uv": [
                128,
                152
              ],
              "inflate": 0,
              "mirror": true
            },
            {
              "origin": [
                -6.19271,
                63.50019,
                -13.96331
              ],
              "size": [
                2.0,
                1.0,
                4.0
              ],
              "pivot": [
                -5.19271,
                64.00019,
                -11.96331
              ],
              "rotation": [
                0.0,
                -55.0,
                -5.0
              ],
              "uv": [
                128,
                152
              ],
              "inflate": 0
            },
            {
              "origin": [
                2.66202,
                48.70827,
                -7.0
              ],
              "size": [
                2.0,
                4.0,
                2.0
              ],
              "pivot": [
                3.66202,
                50.70827,
                -6.0
              ],
              "rotation": [
                0.0,
                0.0,
                57.5
              ],
              "uv": [
                60,
                107
              ],
              "inflate": 0,
              "mirror": true
            },
            {
              "origin": [
                3.20927,
                46.41868,
                -6.72244
              ],
              "size": [
                2.0,
                5.0,
                1.0
              ],
              "pivot": [
                4.20927,
                48.91868,
                -6.22244
              ],
              "rotation": [
                0.0,
                -17.5,
                57.5
              ],
              "uv": [
                34,
                33
              ],
              "inflate": 0,
              "mirror": true
            },
            {
              "origin": [
                -5.20927,
                46.41868,
                -6.72244
              ],
              "size": [
                2.0,
                5.0,
                1.0
              ],
              "pivot": [
                -4.20927,
                48.91868,
                -6.22244
              ],
              "rotation": [
                0.0,
                17.5,
                -57.5
              ],
              "uv": [
                34,
                33
              ],
              "inflate": 0
            },
            {
              "origin": [
                -4.66202,
                48.70827,
                -7.0
              ],
              "size": [
                2.0,
                4.0,
                2.0
              ],
              "pivot": [
                -3.66202,
                50.70827,
                -6.0
              ],
              "rotation": [
                0.0,
                0.0,
                -57.5
              ],
              "uv": [
                60,
                107
              ],
              "inflate": 0
            },
            {
              "origin": [
                -3.12,
                48.77378,
                -7.248
              ],
              "size": [
                6.24,
                2.496,
                2.496
              ],
              "uv": [
                136,
                134
              ],
              "inflate": 0
            },
            {
              "origin": [
                -1.42,
                48.47406,
                -9.966
              ],
              "size": [
                2.84,
                2.84,
                6.26
              ],
              "pivot": [
                0.0,
                49.89406,
                -6.836
              ],
              "rotation": [
                35.0,
                0.0,
                0.0
              ],
              "uv": [
                134,
                156
              ],
              "inflate": 0
            },
            {
              "origin": [
                -1.12,
                48.0761,
                -12.15703
              ],
              "size": [
                2.24,
                2.24,
                4.48
              ],
              "pivot": [
                0.0,
                49.1961,
                -9.91703
              ],
              "rotation": [
                -17.5,
                0.0,
                0.0
              ],
              "uv": [
                85,
                61
              ],
              "inflate": 0
            },
            {
              "origin": [
                -1.0,
                49.5515,
                -13.04747
              ],
              "size": [
                2.0,
                2.0,
                3.0
              ],
              "pivot": [
                0.0,
                50.5515,
                -11.54747
              ],
              "rotation": [
                -75.0,
                0.0,
                0.0
              ],
              "uv": [
                136,
                138
              ],
              "inflate": 0
            },
            {
              "origin": [
                -0.5,
                51.93164,
                -13.04747
              ],
              "size": [
                1.0,
                2.0,
                3.0
              ],
              "pivot": [
                0.0,
                52.93164,
                -11.54747
              ],
              "rotation": [
                -105.0,
                0.0,
                0.0
              ],
              "uv": [
                116,
                107
              ],
              "inflate": 0
            },
            {
              "origin": [
                -7.15,
                35.7,
                -5.5
              ],
              "size": [
                14.3,
                6.6,
                11.0
              ],
              "uv": [
                87,
                64
              ],
              "inflate": 0
            },
            {
              "origin": [
                -2.0,
                51.0,
                5.0
              ],
              "size": [
                4.0,
                16.0,
                4.0
              ],
              "uv": [
                0,
                148
              ],
              "inflate": 0
            },
            {
              "origin": [
                -2.32,
                41.45566,
                3.92897
              ],
              "size": [
                4.64,
                10.92,
                4.64
              ],
              "pivot": [
                0.0,
                46.91566,
                6.24897
              ],
              "rotation": [
                -10.0,
                0.0,
                0.0
              ],
              "uv": [
                44,
                75
              ],
              "inflate": 0
            },
            {
              "origin": [
                1.00627,
                39.61137,
                3.00781
              ],
              "size": [
                6.0,
                12.0,
                4.0
              ],
              "pivot": [
                4.00627,
                45.61137,
                5.00781
              ],
              "rotation": [
                -10.80524,
                22.13991,
                -4.11405
              ],
              "uv": [
                92,
                144
              ],
              "inflate": 0
            },
            {
              "origin": [
                -7.00627,
                39.61137,
                3.00781
              ],
              "size": [
                6.0,
                12.0,
                4.0
              ],
              "pivot": [
                -4.00627,
                45.61137,
                5.00781
              ],
              "rotation": [
                -10.80524,
                -22.13991,
                4.11405
              ],
              "uv": [
                92,
                144
              ],
              "inflate": 0,
              "mirror": true
            },
            {
              "origin": [
                -3.0,
                52.0,
                5.0
              ],
              "size": [
                6.0,
                4.0,
                3.0
              ],
              "uv": [
                66,
                26
              ],
              "inflate": 0
            },
            {
              "origin": [
                -3.0,
                65.5,
                5.0
              ],
              "size": [
                6.0,
                1.0,
                3.0
              ],
              "uv": [
                90,
                81
              ],
              "inflate": 0
            },
            {
              "origin": [
                3.0,
                66.0,
                5.0
              ],
              "size": [
                3.0,
                2.0,
                3.0
              ],
              "uv": [
                156,
                128
              ],
              "inflate": 0
            },
            {
              "origin": [
                -6.0,
                66.0,
                5.0
              ],
              "size": [
                3.0,
                2.0,
                3.0
              ],
              "uv": [
                156,
                128
              ],
              "inflate": 0,
              "mirror": true
            },
            {
              "origin": [
                1.24574,
                56.0,
                6.27762
              ],
              "size": [
                8.0,
                10.0,
                3.0
              ],
              "pivot": [
                5.24574,
                61.0,
                7.77762
              ],
              "rotation": [
                0.0,
                -20.0,
                0.0
              ],
              "uv": [
                147,
                24
              ],
              "inflate": 0
            },
            {
              "origin": [
                -9.24574,
                56.0,
                6.27762
              ],
              "size": [
                8.0,
                10.0,
                3.0
              ],
              "pivot": [
                -5.24574,
                61.0,
                7.77762
              ],
              "rotation": [
                0.0,
                20.0,
                0.0
              ],
              "uv": [
                147,
                24
              ],
              "inflate": 0,
              "mirror": true
            },
            {
              "origin": [
                6.0,
                57.0,
                5.0
              ],
              "size": [
                4.0,
                6.0,
                2.0
              ],
              "uv": [
                97,
                160
              ],
              "inflate": 0
            },
            {
              "origin": [
                -10.0,
                57.0,
                5.0
              ],
              "size": [
                4.0,
                6.0,
                2.0
              ],
              "uv": [
                97,
                160
              ],
              "inflate": 0,
              "mirror": true
            },
            {
              "origin": [
                -14.0,
                39.0,
                4.0
              ],
              "size": [
                7.0,
                29.0,
                7.0
              ],
              "uv": [
                0,
                98
              ],
              "inflate": 0
            },
            {
              "origin": [
                7.0,
                39.0,
                4.0
              ],
              "size": [
                7.0,
                29.0,
                7.0
              ],
              "uv": [
                0,
                98
              ],
              "inflate": 0,
              "mirror": true
            },
            {
              "origin": [
                -14.42,
                31.58,
                3.58
              ],
              "size": [
                7.84,
                7.84,
                7.84
              ],
              "uv": [
                0,
                134
              ],
              "inflate": 0
            },
            {
              "origin": [
                6.58,
                31.58,
                3.58
              ],
              "size": [
                7.84,
                7.84,
                7.84
              ],
              "uv": [
                0,
                134
              ],
              "inflate": 0,
              "mirror": true
            },
            {
              "origin": [
                12.86947,
                68.00856,
                5.0
              ],
              "size": [
                5.0,
                8.0,
                5.0
              ],
              "pivot": [
                15.36947,
                72.00856,
                7.5
              ],
              "rotation": [
                0.0,
                0.0,
                7.5
              ],
              "uv": [
                16,
                152
              ],
              "inflate": 0,
              "mirror": true
            },
            {
              "origin": [
                -17.86947,
                68.00856,
                5.0
              ],
              "size": [
                5.0,
                8.0,
                5.0
              ],
              "pivot": [
                -15.36947,
                72.00856,
                7.5
              ],
              "rotation": [
                0.0,
                0.0,
                -7.5
              ],
              "uv": [
                16,
                152
              ],
              "inflate": 0
            },
            {
              "origin": [
                15.04421,
                77.93156,
                6.0
              ],
              "size": [
                3.0,
                6.0,
                3.0
              ],
              "pivot": [
                16.54421,
                80.93156,
                7.5
              ],
              "rotation": [
                0.0,
                0.0,
                7.5
              ],
              "uv": [
                85,
                160
              ],
              "inflate": 0,
              "mirror": true
            },
            {
              "origin": [
                -18.04421,
                77.93156,
                6.0
              ],
              "size": [
                3.0,
                6.0,
                3.0
              ],
              "pivot": [
                -16.54421,
                80.93156,
                7.5
              ],
              "rotation": [
                0.0,
                0.0,
                -7.5
              ],
              "uv": [
                85,
                160
              ],
              "inflate": 0
            },
            {
              "origin": [
                17.31315,
                60.52067,
                6.0
              ],
              "size": [
                3.0,
                14.0,
                3.0
              ],
              "pivot": [
                18.81315,
                67.52067,
                7.5
              ],
              "rotation": [
                0.0,
                0.0,
                7.5
              ],
              "uv": [
                154,
                89
              ],
              "inflate": 0,
              "mirror": true
            },
            {
              "origin": [
                -21.0,
                61.0,
                6.0
              ],
              "size": [
                3.0,
                14.0,
                3.0
              ],
              "pivot": [
                -15.5,
                73.0,
                7.5
              ],
              "rotation": [
                0.0,
                0.0,
                -7.5
              ],
              "uv": [
                154,
                89
              ],
              "inflate": 0
            },
            {
              "origin": [
                17.01315,
                62.72067,
                5.7
              ],
              "size": [
                3.6,
                9.6,
                3.6
              ],
              "pivot": [
                18.81315,
                67.52067,
                7.5
              ],
              "rotation": [
                0.0,
                0.0,
                7.5
              ],
              "uv": [
                0,
                33
              ],
              "inflate": 0,
              "mirror": true
            },
            {
              "origin": [
                -20.61315,
                62.72067,
                5.7
              ],
              "size": [
                3.6,
                9.6,
                3.6
              ],
              "pivot": [
                -18.81315,
                67.52067,
                7.5
              ],
              "rotation": [
                0.0,
                0.0,
                -7.5
              ],
              "uv": [
                0,
                33
              ],
              "inflate": 0
            },
            {
              "origin": [
                12.56421,
                56.09411,
                6.0
              ],
              "size": [
                3.0,
                12.0,
                3.0
              ],
              "pivot": [
                14.06421,
                62.09411,
                7.5
              ],
              "rotation": [
                0.0,
                0.0,
                7.5
              ],
              "uv": [
                155,
                153
              ],
              "inflate": 0,
              "mirror": true
            },
            {
              "origin": [
                -15.56421,
                56.09411,
                6.0
              ],
              "size": [
                3.0,
                12.0,
                3.0
              ],
              "pivot": [
                -14.06421,
                62.09411,
                7.5
              ],
              "rotation": [
                0.0,
                0.0,
                -7.5
              ],
              "uv": [
                155,
                153
              ],
              "inflate": 0
            },
            {
              "origin": [
                10.98527,
                52.55827,
                5.4
              ],
              "size": [
                4.2,
                4.2,
                4.2
              ],
              "pivot": [
                13.08527,
                54.65827,
                7.5
              ],
              "rotation": [
                0.0,
                0.0,
                7.5
              ],
              "uv": [
                156,
                120
              ],
              "inflate": 0,
              "mirror": true
            },
            {
              "origin": [
                -15.18527,
                52.55827,
                5.4
              ],
              "size": [
                4.2,
                4.2,
                4.2
              ],
              "pivot": [
                -13.08527,
                54.65827,
                7.5
              ],
              "rotation": [
                0.0,
                0.0,
                -7.5
              ],
              "uv": [
                156,
                120
              ],
              "inflate": 0
            },
            {
              "origin": [
                14.1321,
                75.70578,
                5.61
              ],
              "size": [
                3.78,
                2.52,
                3.78
              ],
              "pivot": [
                16.0221,
                76.96578,
                7.5
              ],
              "rotation": [
                0.0,
                0.0,
                7.5
              ],
              "uv": [
                155,
                19
              ],
              "inflate": 0,
              "mirror": true
            },
            {
              "origin": [
                -17.9121,
                75.70578,
                5.61
              ],
              "size": [
                3.78,
                2.52,
                3.78
              ],
              "pivot": [
                -16.0221,
                76.96578,
                7.5
              ],
              "rotation": [
                0.0,
                0.0,
                -7.5
              ],
              "uv": [
                155,
                19
              ],
              "inflate": 0
            },
            {
              "origin": [
                7.5,
                68.0,
                4.5
              ],
              "size": [
                6.0,
                4.0,
                6.0
              ],
              "uv": [
                34,
                33
              ],
              "inflate": 0,
              "mirror": true
            },
            {
              "origin": [
                -13.5,
                68.0,
                4.5
              ],
              "size": [
                6.0,
                4.0,
                6.0
              ],
              "uv": [
                34,
                33
              ],
              "inflate": 0
            },
            {
              "origin": [
                7.98,
                71.74,
                4.98
              ],
              "size": [
                5.04,
                1.52,
                5.04
              ],
              "uv": [
                80,
                0
              ],
              "inflate": 0,
              "mirror": true
            },
            {
              "origin": [
                -13.02,
                71.74,
                4.98
              ],
              "size": [
                5.04,
                1.52,
                5.04
              ],
              "uv": [
                80,
                0
              ],
              "inflate": 0
            },
            {
              "origin": [
                8.5,
                73.0,
                5.5
              ],
              "size": [
                4.0,
                2.0,
                4.0
              ],
              "uv": [
                106,
                135
              ],
              "inflate": 0,
              "mirror": true
            },
            {
              "origin": [
                -12.5,
                73.0,
                5.5
              ],
              "size": [
                4.0,
                2.0,
                4.0
              ],
              "uv": [
                106,
                135
              ],
              "inflate": 0
            },
            {
              "origin": [
                13.0,
                56.0,
                9.0
              ],
              "size": [
                3.0,
                16.0,
                3.0
              ],
              "uv": [
                58,
                152
              ],
              "inflate": 0,
              "mirror": true
            },
            {
              "origin": [
                -16.0,
                56.0,
                9.0
              ],
              "size": [
                3.0,
                16.0,
                3.0
              ],
              "uv": [
                58,
                152
              ],
              "inflate": 0
            },
            {
              "origin": [
                12.85,
                59.2,
                8.85
              ],
              "size": [
                3.3,
                10.6,
                3.3
              ],
              "uv": [
                46,
                54
              ],
              "inflate": 0,
              "mirror": true
            },
            {
              "origin": [
                -16.15,
                59.2,
                8.85
              ],
              "size": [
                3.3,
                10.6,
                3.3
              ],
              "uv": [
                46,
                54
              ],
              "inflate": 0
            },
            {
              "origin": [
                10.0,
                59.0,
                11.0
              ],
              "size": [
                3.0,
                8.0,
                2.0
              ],
              "uv": [
                0,
                0
              ],
              "inflate": 0,
              "mirror": true
            },
            {
              "origin": [
                -13.0,
                59.0,
                11.0
              ],
              "size": [
                3.0,
                8.0,
                2.0
              ],
              "uv": [
                0,
                0
              ],
              "inflate": 0
            },
            {
              "origin": [
                10.5,
                53.28755,
                10.37439
              ],
              "size": [
                2.0,
                6.0,
                2.0
              ],
              "pivot": [
                11.5,
                56.28755,
                11.37439
              ],
              "rotation": [
                -12.5,
                0.0,
                0.0
              ],
              "uv": [
                0,
                15
              ],
              "inflate": 0,
              "mirror": true
            },
            {
              "origin": [
                -12.5,
                53.28755,
                10.37439
              ],
              "size": [
                2.0,
                6.0,
                2.0
              ],
              "pivot": [
                -11.5,
                56.28755,
                11.37439
              ],
              "rotation": [
                -12.5,
                0.0,
                0.0
              ],
              "uv": [
                0,
                15
              ],
              "inflate": 0
            },
            {
              "origin": [
                11.0,
                47.2408,
                9.4437
              ],
              "size": [
                1.0,
                6.0,
                2.0
              ],
              "pivot": [
                11.5,
                50.2408,
                10.4437
              ],
              "rotation": [
                -5.0,
                0.0,
                0.0
              ],
              "uv": [
                70,
                99
              ],
              "inflate": 0,
              "mirror": true
            },
            {
              "origin": [
                -12.0,
                47.2446,
                9.35654
              ],
              "size": [
                1.0,
                6.0,
                2.0
              ],
              "pivot": [
                0.0,
                49.2446,
                10.35654
              ],
              "rotation": [
                -5.0,
                0.0,
                0.0
              ],
              "uv": [
                70,
                99
              ],
              "inflate": 0
            },
            {
              "origin": [
                -10.49,
                57.65,
                3.51
              ],
              "size": [
                3.98,
                8.7,
                7.98
              ],
              "uv": [
                148,
                134
              ],
              "inflate": 0
            },
            {
              "origin": [
                6.51,
                57.65,
                3.51
              ],
              "size": [
                3.98,
                8.7,
                7.98
              ],
              "uv": [
                148,
                134
              ],
              "inflate": 0,
              "mirror": true
            },
            {
              "origin": [
                6.51,
                44.65,
                3.51
              ],
              "size": [
                7.98,
                2.7,
                7.98
              ],
              "uv": [
                85,
                135
              ],
              "inflate": 0,
              "mirror": true
            },
            {
              "origin": [
                -14.49,
                44.65,
                3.51
              ],
              "size": [
                7.98,
                2.7,
                7.98
              ],
              "uv": [
                85,
                135
              ],
              "inflate": 0
            },
            {
              "origin": [
                6.111,
                36.265,
                3.111
              ],
              "size": [
                8.778,
                8.47,
                8.778
              ],
              "uv": [
                60,
                136
              ],
              "inflate": 0,
              "mirror": true
            },
            {
              "origin": [
                -14.889,
                36.265,
                3.111
              ],
              "size": [
                8.778,
                8.47,
                8.778
              ],
              "uv": [
                60,
                136
              ],
              "inflate": 0
            }
          ],
          "parent": "Root",
          "locators": {}
        },
        {
          "name": "Wing",
          "pivot": [
            13.5,
            61,
            13
          ],
          "cubes": [
            {
              "origin": [
                11.74435,
                54.22141,
                12.0
              ],
              "size": [
                3.0,
                14.0,
                3.0
              ],
              "pivot": [
                13.24435,
                61.22141,
                13.5
              ],
              "rotation": [
                0.0,
                0.0,
                20.0
              ],
              "uv": [
                108,
                81
              ],
              "inflate": 0
            },
            {
              "origin": [
                11.54728,
                51.43248,
                15.0
              ],
              "size": [
                1.0,
                13.0,
                1.0
              ],
              "pivot": [
                12.04728,
                57.93248,
                15.5
              ],
              "rotation": [
                0.0,
                0.0,
                20.0
              ],
              "uv": [
                131,
                24
              ],
              "inflate": 0
            },
            {
              "origin": [
                13.84965,
                51.14732,
                13.5
              ],
              "size": [
                21.0,
                11.0,
                0.0
              ],
              "pivot": [
                24.34965,
                56.64732,
                13.5
              ],
              "rotation": [
                0.0,
                0.0,
                20.0
              ],
              "uv": [
                126,
                61
              ],
              "inflate": 0
            },
            {
              "origin": [
                34.05146,
                46.88821,
                13.9329
              ],
              "size": [
                4.0,
                11.0,
                0.0
              ],
              "pivot": [
                36.05146,
                52.38821,
                13.9329
              ],
              "rotation": [
                0.0,
                -12.5,
                20.0
              ],
              "uv": [
                0,
                70
              ],
              "inflate": 0
            },
            {
              "origin": [
                11.28233,
                54.76171,
                11.88
              ],
              "size": [
                3.24,
                11.04,
                3.24
              ],
              "pivot": [
                12.90233,
                60.28171,
                13.5
              ],
              "rotation": [
                0.0,
                0.0,
                20.0
              ],
              "uv": [
                156,
                106
              ],
              "inflate": 0
            }
          ],
          "parent": "Body"
        },
        {
          "name": "Wing2",
          "pivot": [
            -13.5,
            61,
            13
          ],
          "cubes": [
            {
              "origin": [
                -14.74435,
                54.22141,
                12.0
              ],
              "size": [
                3.0,
                14.0,
                3.0
              ],
              "pivot": [
                -13.24435,
                61.22141,
                13.5
              ],
              "rotation": [
                0.0,
                0.0,
                -20.0
              ],
              "uv": [
                108,
                81
              ],
              "inflate": 0,
              "mirror": true
            },
            {
              "origin": [
                -13.0,
                51.0,
                15.0
              ],
              "size": [
                1.0,
                13.0,
                1.0
              ],
              "pivot": [
                -13.5,
                59.0,
                13.5
              ],
              "rotation": [
                0.0,
                0.0,
                -20.0
              ],
              "uv": [
                131,
                24
              ],
              "inflate": 0,
              "mirror": true
            },
            {
              "origin": [
                -34.84965,
                51.14732,
                13.5
              ],
              "size": [
                21.0,
                11.0,
                0.0
              ],
              "pivot": [
                -24.34965,
                56.64732,
                13.5
              ],
              "rotation": [
                0.0,
                0.0,
                -20.0
              ],
              "uv": [
                126,
                61
              ],
              "inflate": 0,
              "mirror": true
            },
            {
              "origin": [
                -38.05146,
                46.88821,
                13.9329
              ],
              "size": [
                4.0,
                11.0,
                0.0
              ],
              "pivot": [
                -36.05146,
                52.38821,
                13.9329
              ],
              "rotation": [
                0.0,
                12.5,
                -20.0
              ],
              "uv": [
                0,
                70
              ],
              "inflate": 0,
              "mirror": true
            },
            {
              "origin": [
                -14.52233,
                54.76171,
                11.88
              ],
              "size": [
                3.24,
                11.04,
                3.24
              ],
              "pivot": [
                -12.90233,
                60.28171,
                13.5
              ],
              "rotation": [
                0.0,
                0.0,
                -20.0
              ],
              "uv": [
                156,
                106
              ],
              "inflate": 0,
              "mirror": true
            }
          ],
          "parent": "Body"
        },
        {
          "name": "Wing3",
          "pivot": [
            12,
            50,
            7
          ],
          "cubes": [
            {
              "origin": [
                10.39193,
                28.77022,
                6.03476
              ],
              "size": [
                16.0,
                26.0,
                0.0
              ],
              "pivot": [
                18.39193,
                41.77022,
                6.03476
              ],
              "rotation": [
                -0.52166,
                -2.70798,
                -39.83751
              ],
              "uv": [
                124,
                108
              ],
              "inflate": 0
            },
            {
              "origin": [
                19.85984,
                28.36921,
                6.74431
              ],
              "size": [
                16.0,
                4.0,
                0.0
              ],
              "pivot": [
                27.85984,
                30.36921,
                6.74431
              ],
              "rotation": [
                24.47834,
                -2.70798,
                -39.83751
              ],
              "uv": [
                36,
                25
              ],
              "inflate": 0
            },
            {
              "origin": [
                27.9897,
                9.49998,
                8.42994
              ],
              "size": [
                16.0,
                22.0,
                0.0
              ],
              "pivot": [
                35.9897,
                20.49998,
                8.42994
              ],
              "rotation": [
                4.47834,
                -2.70798,
                -39.83751
              ],
              "uv": [
                28,
                130
              ],
              "inflate": 0
            }
          ],
          "parent": "Body"
        },
        {
          "name": "Wing4",
          "pivot": [
            -12,
            50,
            7
          ],
          "cubes": [
            {
              "origin": [
                -26.39193,
                28.77022,
                6.03476
              ],
              "size": [
                16.0,
                26.0,
                0.0
              ],
              "pivot": [
                -18.39193,
                41.77022,
                6.03476
              ],
              "rotation": [
                -0.52166,
                2.70798,
                39.83751
              ],
              "uv": [
                124,
                108
              ],
              "inflate": 0,
              "mirror": true
            },
            {
              "origin": [
                -35.85984,
                28.36921,
                6.74431
              ],
              "size": [
                16.0,
                4.0,
                0.0
              ],
              "pivot": [
                -27.85984,
                30.36921,
                6.74431
              ],
              "rotation": [
                24.47834,
                2.70798,
                39.83751
              ],
              "uv": [
                36,
                25
              ],
              "inflate": 0,
              "mirror": true
            },
            {
              "origin": [
                -43.9897,
                9.49998,
                8.42994
              ],
              "size": [
                16.0,
                22.0,
                0.0
              ],
              "pivot": [
                -35.9897,
                20.49998,
                8.42994
              ],
              "rotation": [
                4.47834,
                2.70798,
                39.83751
              ],
              "uv": [
                28,
                130
              ],
              "inflate": 0,
              "mirror": true
            }
          ],
          "parent": "Body"
        },
        {
          "name": "Head",
          "pivot": [
            0,
            68,
            0
          ],
          "cubes": [
            {
              "origin": [
                -4.0,
                68.0,
                -7.0
              ],
              "size": [
                8.0,
                8.0,
                14.0
              ],
              "uv": [
                78,
                85
              ],
              "inflate": 0
            },
            {
              "origin": [
                -0.54,
                75.76,
                1.76
              ],
              "size": [
                1.08,
                6.48,
                5.48
              ],
              "uv": [
                36,
                0
              ],
              "inflate": 0
            },
            {
              "origin": [
                -0.5,
                74.47281,
                -5.44486
              ],
              "size": [
                1.0,
                5.0,
                10.0
              ],
              "pivot": [
                0.0,
                76.97281,
                -0.44486
              ],
              "rotation": [
                37.5,
                0.0,
                0.0
              ],
              "uv": [
                136,
                141
              ],
              "inflate": 0
            },
            {
              "origin": [
                -3.5,
                76.0003,
                4.05499
              ],
              "size": [
                2.0,
                3.0,
                2.0
              ],
              "uv": [
                123,
                0
              ],
              "inflate": 0
            },
            {
              "origin": [
                1.5,
                76.0003,
                4.05499
              ],
              "size": [
                2.0,
                3.0,
                2.0
              ],
              "uv": [
                123,
                0
              ],
              "inflate": 0,
              "mirror": true
            },
            {
              "origin": [
                -2.61,
                75.54319,
                -6.79396
              ],
              "size": [
                1.22,
                4.88,
                1.22
              ],
              "pivot": [
                -2.0,
                77.98319,
                -6.18396
              ],
              "rotation": [
                -7.5,
                0.0,
                0.0
              ],
              "uv": [
                25,
                15
              ],
              "inflate": 0
            },
            {
              "origin": [
                1.39,
                75.54319,
                -6.79396
              ],
              "size": [
                1.22,
                4.88,
                1.22
              ],
              "pivot": [
                2.0,
                77.98319,
                -6.18396
              ],
              "rotation": [
                -7.5,
                0.0,
                0.0
              ],
              "uv": [
                25,
                15
              ],
              "inflate": 0,
              "mirror": true
            },
            {
              "origin": [
                -0.6042,
                81.8958,
                1.5832
              ],
              "size": [
                1.2084,
                1.2084,
                5.8336
              ],
              "uv": [
                137,
                72
              ],
              "inflate": 0
            },
            {
              "origin": [
                -0.5,
                82.0,
                1.5
              ],
              "size": [
                1.0,
                1.0,
                0.0
              ],
              "uv": [
                0,
                0
              ],
              "inflate": 0
            },
            {
              "origin": [
                -3.0,
                69.0,
                -7.3
              ],
              "size": [
                6.0,
                6.0,
                1.0
              ],
              "uv": [
                21,
                98
              ],
              "inflate": 0
            },
            {
              "origin": [
                -4.2112,
                67.7888,
                -9.3096
              ],
              "size": [
                8.4224,
                8.4224,
                16.6192
              ],
              "uv": [
                44,
                75
              ],
              "inflate": 0
            },
            {
              "origin": [
                3.95838,
                68.5226,
                -6.25
              ],
              "size": [
                5.5,
                5.5,
                5.5
              ],
              "pivot": [
                6.70838,
                71.2726,
                -3.5
              ],
              "rotation": [
                0.0,
                0.0,
                5.0
              ],
              "uv": [
                145,
                0
              ],
              "inflate": 0,
              "mirror": true
            },
            {
              "origin": [
                -9.45838,
                68.5226,
                -6.25
              ],
              "size": [
                5.5,
                5.5,
                5.5
              ],
              "pivot": [
                -6.70838,
                71.2726,
                -3.5
              ],
              "rotation": [
                0.0,
                0.0,
                -5.0
              ],
              "uv": [
                145,
                0
              ],
              "inflate": 0
            },
            {
              "origin": [
                -8.93373,
                73.45818,
                -5.25
              ],
              "size": [
                3.0,
                5.0,
                2.0
              ],
              "pivot": [
                -7.43373,
                75.95818,
                -4.25
              ],
              "rotation": [
                0.0,
                27.5,
                -5.0
              ],
              "uv": [
                20,
                0
              ],
              "inflate": 0
            },
            {
              "origin": [
                -4.96459,
                73.42953,
                -3.75
              ],
              "size": [
                0.0,
                9.0,
                2.0
              ],
              "pivot": [
                -4.96459,
                77.92953,
                -2.75
              ],
              "rotation": [
                0.0,
                0.0,
                22.5
              ],
              "uv": [
                21,
                13
              ],
              "inflate": 0
            },
            {
              "origin": [
                4.96459,
                73.42953,
                -3.75
              ],
              "size": [
                0.0,
                9.0,
                2.0
              ],
              "pivot": [
                4.96459,
                77.92953,
                -2.75
              ],
              "rotation": [
                0.0,
                0.0,
                -22.5
              ],
              "uv": [
                21,
                13
              ],
              "inflate": 0,
              "mirror": true
            },
            {
              "origin": [
                5.93373,
                73.45818,
                -5.25
              ],
              "size": [
                3.0,
                5.0,
                2.0
              ],
              "pivot": [
                7.43373,
                75.95818,
                -4.25
              ],
              "rotation": [
                0.0,
                -27.5,
                5.0
              ],
              "uv": [
                20,
                0
              ],
              "inflate": 0,
              "mirror": true
            },
            {
              "origin": [
                -9.19839,
                67.1585,
                -3.51971
              ],
              "size": [
                5.0,
                6.0,
                6.0
              ],
              "pivot": [
                -6.69839,
                70.1585,
                -0.51971
              ],
              "rotation": [
                -12.5,
                0.0,
                -5.0
              ],
              "uv": [
                112,
                151
              ],
              "inflate": 0
            },
            {
              "origin": [
                4.19839,
                67.1585,
                -3.51971
              ],
              "size": [
                5.0,
                6.0,
                6.0
              ],
              "pivot": [
                6.69839,
                70.1585,
                -0.51971
              ],
              "rotation": [
                -12.5,
                0.0,
                5.0
              ],
              "uv": [
                112,
                151
              ],
              "inflate": 0,
              "mirror": true
            },
            {
              "origin": [
                -10.20838,
                68.2726,
                -8.0
              ],
              "size": [
                7.0,
                6.0,
                2.0
              ],
              "pivot": [
                -6.70838,
                71.2726,
                -7.0
              ],
              "rotation": [
                0.0,
                0.0,
                -5.0
              ],
              "uv": [
                52,
                99
              ],
              "inflate": 0
            },
            {
              "origin": [
                3.20838,
                68.2726,
                -8.0
              ],
              "size": [
                7.0,
                6.0,
                2.0
              ],
              "pivot": [
                6.70838,
                71.2726,
                -7.0
              ],
              "rotation": [
                0.0,
                0.0,
                5.0
              ],
              "uv": [
                52,
                99
              ],
              "inflate": 0,
              "mirror": true
            }
          ],
          "parent": "Body"
        },
        {
          "name": "Rightarm",
          "pivot": [
            -8,
            66,
            0
          ],
          "cubes": [
            {
              "origin": [
                -16.0,
                46.0,
                -4.0
              ],
              "size": [
                8.0,
                21.0,
                8.0
              ],
              "uv": [
                60,
                107
              ],
              "inflate": 0
            },
            {
              "origin": [
                -18.75442,
                63.39273,
                -7.0
              ],
              "size": [
                6.0,
                5.0,
                12.0
              ],
              "pivot": [
                -15.75442,
                65.89273,
                -1.0
              ],
              "rotation": [
                0.0,
                0.0,
                -35.0
              ],
              "uv": [
                134,
                44
              ],
              "inflate": 0
            },
            {
              "origin": [
                -18.99442,
                63.19273,
                -8.48
              ],
              "size": [
                6.48,
                5.4,
                13.96
              ],
              "pivot": [
                -15.75442,
                65.89273,
                -1.5
              ],
              "rotation": [
                0.0,
                0.0,
                -35.0
              ],
              "uv": [
                122,
                26
              ],
              "inflate": 0,
              "mirror": true
            }
          ],
          "parent": "Body"
        },
        {
          "name": "bone",
          "pivot": [
            -12,
            47,
            0
          ],
          "cubes": [
            {
              "origin": [
                -16.24,
                23.31,
                -4.24
              ],
              "size": [
                8.48,
                23.38,
                8.48
              ],
              "uv": [
                28,
                99
              ],
              "inflate": 0
            }
          ],
          "parent": "Rightarm"
        },
        {
          "name": "Hammer",
          "pivot": [
            -12,
            27.5,
            0
          ],
          "cubes": [
            {
              "origin": [
                -13.0,
                26.0,
                -14.0
              ],
              "size": [
                3.0,
                3.0,
                30.0
              ],
              "uv": [
                0,
                0
              ],
              "inflate": 0
            },
            {
              "origin": [
                -17.0,
                20.0,
                -28.0
              ],
              "size": [
                11.0,
                17.0,
                11.0
              ],
              "uv": [
                0,
                70
              ],
              "inflate": 0
            },
            {
              "origin": [
                -19.0,
                23.0,
                -26.0
              ],
              "size": [
                2.0,
                10.0,
                7.0
              ],
              "uv": [
                146,
                72
              ],
              "inflate": 0
            },
            {
              "origin": [
                -6.0,
                23.0,
                -26.0
              ],
              "size": [
                2.0,
                10.0,
                7.0
              ],
              "uv": [
                146,
                72
              ],
              "inflate": 0
            },
            {
              "origin": [
                -17.55,
                44.65,
                -28.55
              ],
              "size": [
                12.1,
                7.7,
                12.1
              ],
              "uv": [
                86,
                42
              ],
              "inflate": 0
            },
            {
              "origin": [
                -14.0,
                25.0,
                -37.0
              ],
              "size": [
                6.0,
                6.0,
                9.0
              ],
              "uv": [
                0,
                15
              ],
              "inflate": 0
            },
            {
              "origin": [
                -14.6,
                24.4,
                -31.4
              ],
              "size": [
                7.2,
                7.2,
                1.8
              ],
              "uv": [
                84,
                107
              ],
              "inflate": 0
            },
            {
              "origin": [
                -14.6,
                24.4,
                -37.4
              ],
              "size": [
                7.2,
                7.2,
                3.8
              ],
              "uv": [
                122,
                44
              ],
              "inflate": 0
            },
            {
              "origin": [
                -18.1,
                36.3,
                -29.1
              ],
              "size": [
                13.2,
                8.4,
                13.2
              ],
              "uv": [
                46,
                54
              ],
              "inflate": 0
            },
            {
              "origin": [
                -18.1,
                12.3,
                -29.1
              ],
              "size": [
                13.2,
                8.4,
                13.2
              ],
              "uv": [
                46,
                33
              ],
              "inflate": 0
            },
            {
              "origin": [
                -13.3,
                25.7,
                -17.3
              ],
              "size": [
                3.6,
                3.6,
                3.6
              ],
              "uv": [
                80,
                6
              ],
              "inflate": 0
            },
            {
              "origin": [
                -13.3,
                25.7,
                14.7
              ],
              "size": [
                3.6,
                3.6,
                5.6
              ],
              "uv": [
                112,
                0
              ],
              "inflate": 0
            },
            {
              "origin": [
                -13.84,
                25.16,
                -10.69
              ],
              "size": [
                4.68,
                4.68,
                3.38
              ],
              "uv": [
                33,
                72
              ],
              "inflate": 0
            }
          ],
          "parent": "bone"
        },
        {
          "name": "Leftarm",
          "pivot": [
            8,
            66,
            0
          ],
          "cubes": [
            {
              "origin": [
                8.0,
                46.0,
                -4.0
              ],
              "size": [
                8.0,
                21.0,
                8.0
              ],
              "uv": [
                60,
                107
              ],
              "inflate": 0,
              "mirror": true
            },
            {
              "origin": [
                12.75442,
                63.39273,
                -7.0
              ],
              "size": [
                6.0,
                5.0,
                12.0
              ],
              "pivot": [
                15.75442,
                65.89273,
                -1.0
              ],
              "rotation": [
                0.0,
                0.0,
                35.0
              ],
              "uv": [
                134,
                44
              ],
              "inflate": 0,
              "mirror": true
            },
            {
              "origin": [
                12.51442,
                63.19273,
                -8.48
              ],
              "size": [
                6.48,
                5.4,
                13.96
              ],
              "pivot": [
                15.75442,
                65.89273,
                -1.5
              ],
              "rotation": [
                0.0,
                0.0,
                35.0
              ],
              "uv": [
                122,
                26
              ],
              "inflate": 0
            }
          ],
          "parent": "Body"
        },
        {
          "name": "bone3",
          "pivot": [
            12,
            47,
            0
          ],
          "cubes": [
            {
              "origin": [
                7.76,
                23.31,
                -4.24
              ],
              "size": [
                8.48,
                23.38,
                8.48
              ],
              "uv": [
                28,
                99
              ],
              "inflate": 0,
              "mirror": true
            },
            {
              "origin": [
                14.72,
                30.48,
                -5.4
              ],
              "size": [
                7.56,
                14.04,
                10.8
              ],
              "uv": [
                121,
                0
              ],
              "inflate": 0
            },
            {
              "origin": [
                16.51816,
                43.39964,
                -5.0
              ],
              "size": [
                5.0,
                5.0,
                10.0
              ],
              "pivot": [
                19.01816,
                45.89964,
                0.0
              ],
              "rotation": [
                0.0,
                0.0,
                -12.5
              ],
              "uv": [
                0,
                0
              ],
              "inflate": 0
            },
            {
              "origin": [
                15.0,
                24.0,
                -4.0
              ],
              "size": [
                6.0,
                7.0,
                8.0
              ],
              "uv": [
                92,
                0
              ],
              "inflate": 0
            },
            {
              "origin": [
                11.0,
                31.0,
                -5.0
              ],
              "size": [
                6.0,
                7.0,
                10.0
              ],
              "uv": [
                114,
                134
              ],
              "inflate": 0
            },
            {
              "origin": [
                15.0,
                17.0,
                -2.0
              ],
              "size": [
                5.0,
                7.0,
                4.0
              ],
              "uv": [
                70,
                152
              ],
              "inflate": 0
            },
            {
              "origin": [
                16.7,
                16.3,
                -2.4
              ],
              "size": [
                3.6,
                8.4,
                4.8
              ],
              "uv": [
                76,
                77
              ],
              "inflate": 0
            }
          ],
          "parent": "Leftarm"
        },
        {
          "name": "Rightleg",
          "pivot": [
            -5,
            38,
            0
          ],
          "cubes": [
            {
              "origin": [
                -9.0,
                20.0,
                -4.0
              ],
              "size": [
                8.0,
                19.0,
                8.0
              ],
              "uv": [
                122,
                81
              ],
              "inflate": 0
            },
            {
              "origin": [
                -10.10881,
                14.59703,
                -6.0
              ],
              "size": [
                11.0,
                25.0,
                12.0
              ],
              "pivot": [
                -4.60881,
                27.09703,
                0.0
              ],
              "rotation": [
                0.0,
                0.0,
                7.5
              ],
              "uv": [
                0,
                33
              ],
              "inflate": 0
            }
          ],
          "parent": "Root"
        },
        {
          "name": "bone2",
          "pivot": [
            -5,
            21.5,
            0
          ],
          "cubes": [
            {
              "origin": [
                -9.24,
                0.31,
                -4.24
              ],
              "size": [
                8.48,
                20.38,
                8.48
              ],
              "uv": [
                92,
                107
              ],
              "inflate": 0
            }
          ],
          "parent": "Rightleg"
        },
        {
          "name": "Leftleg",
          "pivot": [
            5,
            38,
            0
          ],
          "cubes": [
            {
              "origin": [
                1.0,
                20.0,
                -4.0
              ],
              "size": [
                8.0,
                19.0,
                8.0
              ],
              "uv": [
                122,
                81
              ],
              "inflate": 0,
              "mirror": true
            },
            {
              "origin": [
                -0.89119,
                14.59703,
                -6.0
              ],
              "size": [
                11.0,
                25.0,
                12.0
              ],
              "pivot": [
                4.60881,
                27.09703,
                0.0
              ],
              "rotation": [
                0.0,
                0.0,
                -7.5
              ],
              "uv": [
                0,
                33
              ],
              "inflate": 0,
              "mirror": true
            }
          ],
          "parent": "Root"
        },
        {
          "name": "bone4",
          "pivot": [
            5,
            21.5,
            0
          ],
          "cubes": [
            {
              "origin": [
                0.76,
                0.31,
                -4.24
              ],
              "size": [
                8.48,
                20.38,
                8.48
              ],
              "uv": [
                92,
                107
              ],
              "inflate": 0,
              "mirror": true
            }
          ],
          "parent": "Leftleg"
        }
      ]
    }
  ]
}