{
  "format_version": "1.8.0",
  "minecraft:client_entity": {
    "description": {
      "identifier": "set:sprite",
      "materials": {
        "default": "armor_stand"
      },
      "textures": {
        "default": "textures/entity/pamobile/set_sprite"
      },
      "spawn_egg": {
        "base_color": "#28844D",
        "overlay_color": "#28BC2C"
      },
      "animations": {
        "no_pose": "animation.armor_stand.no_pose"
      },
      "animation_controllers": [
        {
          "pose": "controller.animation.armor_stand.pose"
        },
        {
          "wiggling": "controller.animation.armor_stand.wiggle"
        }
      ],
      "geometry": {
        "default": "geometry.set_sprite"
      },
      "render_controllers": [
        "controller.render.armor_stand"
      ],
      "enable_attachables": true
    }
  }
}