{
  "format_version": "1.8.0",
  "minecraft:client_entity": {
    "description": {
      "identifier": "set:truckbox",
      "materials": {
        "default": "cars"
      },
      "textures": {
        "default": "textures/entity/pamobile/set_truckbox"
      },
      "geometry": {
        "default": "geometry.set_truckbox"
      },
      "spawn_egg": {
        "texture": "set:truckbox",
        "texture_index": 0
      },
      "render_controllers": [
        "controller.render.cars"
      ],
      "enable_attachables": true
    }
  }
}