{
  "format_version": "1.8.0",
  "minecraft:client_entity": {
    "description": {
      "identifier": "pa:bobbybearhug",
      "min_engine_version": "1.8.0",
      "materials": {
        "default": "entity_emissive_alpha"
      },
      "textures": {
        "default": "textures/entity/pamobile/pa_bobbybearhug"
      },
      "geometry": {
        "default": "geometry.pa_bobbybearhug"
      },
      "scripts": {
        "scale": "0.9375"
      },
      "animations": {
        "villager_general": "animation.pa_bobbybearhug.stand",
        "look_at_target": "animation.common.look_at_target",
        "move": "animation.pa_bobbybearhug.move_1",
        "general": "animation.pa_bobbybearhug.idle"
      },
      "animation_controllers": [
        {
          "general": "controller.animation.pa_bobbybearhug.general"
        },
        {
          "move": "controller.animation.villager.move"
        }
      ],
      "render_controllers": [
        "controller.render.witch"
      ],
      "spawn_egg": {
        "base_color": "#D03A3A",
        "overlay_color": "#FF9B9B"
      }
    }
  }
}