{
  "format_version": "1.8.0",
  "minecraft:client_entity": {
    "description": {
      "identifier": "pa:catnap_critter",
      "min_engine_version": "1.8.0",
      "materials": {
        "default": "entity_emissive_alpha"
      },
      "textures": {
        "default": "textures/entity/pamobile/pa_catnap_critter"
      },
      "geometry": {
        "default": "geometry.pa_catnap_critter"
      },
      "scripts": {
        "scale": "0.9375"
      },
      "animations": {
        "villager_general": "animation.pa_catnap_critter.stand",
        "look_at_target": "animation.common.look_at_target",
        "move": "animation.pa_catnap_critter.move_1",
        "general": "animation.pa_catnap_critter.idle"
      },
      "animation_controllers": [
        {
          "general": "controller.animation.pa_catnap_critter.general"
        },
        {
          "move": "controller.animation.villager.move"
        }
      ],
      "render_controllers": [
        "controller.render.witch"
      ],
      "spawn_egg": {
        "base_color": "#935FCB",
        "overlay_color": "#8757B0"
      }
    }
  }
}