{
  "format_version": "1.8.0",
  "minecraft:client_entity": {
    "description": {
      "identifier": "pa:kickinchicken",
      "min_engine_version": "1.8.0",
      "materials": {
        "default": "entity_emissive_alpha"
      },
      "textures": {
        "default": "textures/entity/pamobile/pa_kickinchicken"
      },
      "geometry": {
        "default": "geometry.pa_kickinchicken"
      },
      "scripts": {
        "scale": "0.9375"
      },
      "animations": {
        "villager_general": "animation.pa_kickinchicken.stand",
        "look_at_target": "animation.common.look_at_target",
        "move": "animation.pa_kickinchicken.move_1",
        "general": "animation.pa_kickinchicken.idle"
      },
      "animation_controllers": [
        {
          "general": "controller.animation.pa_kickinchicken.general"
        },
        {
          "move": "controller.animation.villager.move"
        }
      ],
      "render_controllers": [
        "controller.render.witch"
      ],
      "spawn_egg": {
        "base_color": "#FFE600",
        "overlay_color": "#FFD600"
      }
    }
  }
}