{
	"format_version": "1.10.0",
	"animation_controllers": {
		"controller.animation.caminado": {
			"initial_state": "default",
			"states": {
				"default": {
					"transitions": [
						{
							"caminando": "query.has_rider == 1"
						},
						{
							"caminando2": "query.has_rider == 0"
						}
					]
				},
				"caminando": {
					"transitions": [
						{
							"default": "query.is_on_ground == 1"
						}
					],
					"on_exit": [
						"/tag @s add has_rider"
					]
				},
				"caminando2": {
					"transitions": [
						{
							"default": "query.is_on_ground == 1"
						}
					],
					"on_exit": [
						"/tag @s remove has_rider"
					]
				}
			}
		},
		"controller.animation.player": {
			"initial_state": "default",
			"states": {
				"default": {
					"transitions": [
						{
							"caminando": "query.is_riding == 0"
						}
					]
				},
				"caminando": {
					"transitions": [
						{
							"default": "query.is_riding == 0"
						}
					],
					"on_exit": [
						"/tag @s remove is_riding_liaz"
					]
				}
			}
		}
	}
}