{
	"format_version": "1.12.0",
	"minecraft:geometry": [
		{
			"description": {
				"identifier": "geometry.honda_supra_x_125",
				"texture_width": 64,
				"texture_height": 64,
				"visible_bounds_width": 5,
				"visible_bounds_height": 3.5,
				"visible_bounds_offset": [0, 1.25, 0]
			},
			"bones": [
				{
					"name": "motor",
					"pivot": [0, 0, 0]
				},
				{
					"name": "ban",
					"parent": "motor",
					"pivot": [0, 0, 0]
				},
				{
					"name": "ban_depan",
					"parent": "ban",
					"pivot": [0, 5.5, -11],
					"cubes": [
						{"origin": [-0.5, 3.5, -13], "size": [0, 4, 4], "uv": [0, -2]},
						{"origin": [0, 1, -15.5], "size": [0, 9, 9], "uv": [0, 1]}
					]
				},
				{
					"name": "ban_depan_0",
					"parent": "ban_depan",
					"pivot": [0, 5.5, -11],
					"cubes": [
						{"origin": [-0.5, 0, -11.5], "size": [1, 1, 1], "pivot": [0, 0.5, -11], "rotation": [0, 0, -45], "uv": [0, 0]}
					]
				},
				{
					"name": "ban_depan_1",
					"parent": "ban_depan",
					"pivot": [0, 5.5, -11],
					"rotation": [10, 0, 0],
					"cubes": [
						{"origin": [-0.5, 0, -11.5], "size": [1, 1, 1], "pivot": [0, 0.5, -11], "rotation": [0, 0, -45], "uv": [0, 0]}
					]
				},
				{
					"name": "ban_depan_2",
					"parent": "ban_depan",
					"pivot": [0, 5.5, -11],
					"rotation": [20, 0, 0],
					"cubes": [
						{"origin": [-0.5, 0, -11.5], "size": [1, 1, 1], "pivot": [0, 0.5, -11], "rotation": [0, 0, -45], "uv": [0, 0]}
					]
				},
				{
					"name": "ban_depan_3",
					"parent": "ban_depan",
					"pivot": [0, 5.5, -11],
					"rotation": [30, 0, 0],
					"cubes": [
						{"origin": [-0.5, 0, -11.5], "size": [1, 1, 1], "pivot": [0, 0.5, -11], "rotation": [0, 0, -45], "uv": [0, 0]}
					]
				},
				{
					"name": "ban_depan_4",
					"parent": "ban_depan",
					"pivot": [0, 5.5, -11],
					"rotation": [40, 0, 0],
					"cubes": [
						{"origin": [-0.5, 0, -11.5], "size": [1, 1, 1], "pivot": [0, 0.5, -11], "rotation": [0, 0, -45], "uv": [0, 0]}
					]
				},
				{
					"name": "ban_depan_5",
					"parent": "ban_depan",
					"pivot": [0, 5.5, -11],
					"rotation": [50, 0, 0],
					"cubes": [
						{"origin": [-0.5, 0, -11.5], "size": [1, 1, 1], "pivot": [0, 0.5, -11], "rotation": [0, 0, -45], "uv": [0, 0]}
					]
				},
				{
					"name": "ban_depan_6",
					"parent": "ban_depan",
					"pivot": [0, 5.5, -11],
					"rotation": [60, 0, 0],
					"cubes": [
						{"origin": [-0.5, 0, -11.5], "size": [1, 1, 1], "pivot": [0, 0.5, -11], "rotation": [0, 0, -45], "uv": [0, 0]}
					]
				},
				{
					"name": "ban_depan_7",
					"parent": "ban_depan",
					"pivot": [0, 5.5, -11],
					"rotation": [70, 0, 0],
					"cubes": [
						{"origin": [-0.5, 0, -11.5], "size": [1, 1, 1], "pivot": [0, 0.5, -11], "rotation": [0, 0, -45], "uv": [0, 0]}
					]
				},
				{
					"name": "ban_depan_8",
					"parent": "ban_depan",
					"pivot": [0, 5.5, -11],
					"rotation": [80, 0, 0],
					"cubes": [
						{"origin": [-0.5, 0, -11.5], "size": [1, 1, 1], "pivot": [0, 0.5, -11], "rotation": [0, 0, -45], "uv": [0, 0]}
					]
				},
				{
					"name": "ban_depan_9",
					"parent": "ban_depan",
					"pivot": [0, 5.5, -11],
					"rotation": [90, 0, 0],
					"cubes": [
						{"origin": [-0.5, 0, -11.5], "size": [1, 1, 1], "pivot": [0, 0.5, -11], "rotation": [0, 0, -45], "uv": [0, 0]}
					]
				},
				{
					"name": "ban_depan_10",
					"parent": "ban_depan",
					"pivot": [0, 5.5, -11],
					"rotation": [100, 0, 0],
					"cubes": [
						{"origin": [-0.5, 0, -11.5], "size": [1, 1, 1], "pivot": [0, 0.5, -11], "rotation": [0, 0, -45], "uv": [0, 0]}
					]
				},
				{
					"name": "ban_depan_11",
					"parent": "ban_depan",
					"pivot": [0, 5.5, -11],
					"rotation": [110, 0, 0],
					"cubes": [
						{"origin": [-0.5, 0, -11.5], "size": [1, 1, 1], "pivot": [0, 0.5, -11], "rotation": [0, 0, -45], "uv": [0, 0]}
					]
				},
				{
					"name": "ban_depan_12",
					"parent": "ban_depan",
					"pivot": [0, 5.5, -11],
					"rotation": [120, 0, 0],
					"cubes": [
						{"origin": [-0.5, 0, -11.5], "size": [1, 1, 1], "pivot": [0, 0.5, -11], "rotation": [0, 0, -45], "uv": [0, 0]}
					]
				},
				{
					"name": "ban_depan_13",
					"parent": "ban_depan",
					"pivot": [0, 5.5, -11],
					"rotation": [130, 0, 0],
					"cubes": [
						{"origin": [-0.5, 0, -11.5], "size": [1, 1, 1], "pivot": [0, 0.5, -11], "rotation": [0, 0, -45], "uv": [0, 0]}
					]
				},
				{
					"name": "ban_depan_14",
					"parent": "ban_depan",
					"pivot": [0, 5.5, -11],
					"rotation": [140, 0, 0],
					"cubes": [
						{"origin": [-0.5, 0, -11.5], "size": [1, 1, 1], "pivot": [0, 0.5, -11], "rotation": [0, 0, -45], "uv": [0, 0]}
					]
				},
				{
					"name": "ban_depan_15",
					"parent": "ban_depan",
					"pivot": [0, 5.5, -11],
					"rotation": [150, 0, 0],
					"cubes": [
						{"origin": [-0.5, 0, -11.5], "size": [1, 1, 1], "pivot": [0, 0.5, -11], "rotation": [0, 0, -45], "uv": [0, 0]}
					]
				},
				{
					"name": "ban_depan_16",
					"parent": "ban_depan",
					"pivot": [0, 5.5, -11],
					"rotation": [160, 0, 0],
					"cubes": [
						{"origin": [-0.5, 0, -11.5], "size": [1, 1, 1], "pivot": [0, 0.5, -11], "rotation": [0, 0, -45], "uv": [0, 0]}
					]
				},
				{
					"name": "ban_depan_17",
					"parent": "ban_depan",
					"pivot": [0, 5.5, -11],
					"rotation": [170, 0, 0],
					"cubes": [
						{"origin": [-0.5, 0, -11.5], "size": [1, 1, 1], "pivot": [0, 0.5, -11], "rotation": [0, 0, -45], "uv": [0, 0]}
					]
				},
				{
					"name": "ban_depan_18",
					"parent": "ban_depan",
					"pivot": [0, 5.5, -11],
					"rotation": [180, 0, 0],
					"cubes": [
						{"origin": [-0.5, 0, -11.5], "size": [1, 1, 1], "pivot": [0, 0.5, -11], "rotation": [0, 0, -45], "uv": [0, 0]}
					]
				},
				{
					"name": "ban_depan_19",
					"parent": "ban_depan",
					"pivot": [0, 5.5, -11],
					"rotation": [-170, 0, 0],
					"cubes": [
						{"origin": [-0.5, 0, -11.5], "size": [1, 1, 1], "pivot": [0, 0.5, -11], "rotation": [0, 0, -45], "uv": [0, 0]}
					]
				},
				{
					"name": "ban_depan_20",
					"parent": "ban_depan",
					"pivot": [0, 5.5, -11],
					"rotation": [-160, 0, 0],
					"cubes": [
						{"origin": [-0.5, 0, -11.5], "size": [1, 1, 1], "pivot": [0, 0.5, -11], "rotation": [0, 0, -45], "uv": [0, 0]}
					]
				},
				{
					"name": "ban_depan_21",
					"parent": "ban_depan",
					"pivot": [0, 5.5, -11],
					"rotation": [-150, 0, 0],
					"cubes": [
						{"origin": [-0.5, 0, -11.5], "size": [1, 1, 1], "pivot": [0, 0.5, -11], "rotation": [0, 0, -45], "uv": [0, 0]}
					]
				},
				{
					"name": "ban_depan_22",
					"parent": "ban_depan",
					"pivot": [0, 5.5, -11],
					"rotation": [-140, 0, 0],
					"cubes": [
						{"origin": [-0.5, 0, -11.5], "size": [1, 1, 1], "pivot": [0, 0.5, -11], "rotation": [0, 0, -45], "uv": [0, 0]}
					]
				},
				{
					"name": "ban_depan_23",
					"parent": "ban_depan",
					"pivot": [0, 5.5, -11],
					"rotation": [-130, 0, 0],
					"cubes": [
						{"origin": [-0.5, 0, -11.5], "size": [1, 1, 1], "pivot": [0, 0.5, -11], "rotation": [0, 0, -45], "uv": [0, 0]}
					]
				},
				{
					"name": "ban_depan_24",
					"parent": "ban_depan",
					"pivot": [0, 5.5, -11],
					"rotation": [-120, 0, 0],
					"cubes": [
						{"origin": [-0.5, 0, -11.5], "size": [1, 1, 1], "pivot": [0, 0.5, -11], "rotation": [0, 0, -45], "uv": [0, 0]}
					]
				},
				{
					"name": "ban_depan_25",
					"parent": "ban_depan",
					"pivot": [0, 5.5, -11],
					"rotation": [-110, 0, 0],
					"cubes": [
						{"origin": [-0.5, 0, -11.5], "size": [1, 1, 1], "pivot": [0, 0.5, -11], "rotation": [0, 0, -45], "uv": [0, 0]}
					]
				},
				{
					"name": "ban_depan_26",
					"parent": "ban_depan",
					"pivot": [0, 5.5, -11],
					"rotation": [-100, 0, 0],
					"cubes": [
						{"origin": [-0.5, 0, -11.5], "size": [1, 1, 1], "pivot": [0, 0.5, -11], "rotation": [0, 0, -45], "uv": [0, 0]}
					]
				},
				{
					"name": "ban_depan_27",
					"parent": "ban_depan",
					"pivot": [0, 5.5, -11],
					"rotation": [-90, 0, 0],
					"cubes": [
						{"origin": [-0.5, 0, -11.5], "size": [1, 1, 1], "pivot": [0, 0.5, -11], "rotation": [0, 0, -45], "uv": [0, 0]}
					]
				},
				{
					"name": "ban_depan_28",
					"parent": "ban_depan",
					"pivot": [0, 5.5, -11],
					"rotation": [-80, 0, 0],
					"cubes": [
						{"origin": [-0.5, 0, -11.5], "size": [1, 1, 1], "pivot": [0, 0.5, -11], "rotation": [0, 0, -45], "uv": [0, 0]}
					]
				},
				{
					"name": "ban_depan_29",
					"parent": "ban_depan",
					"pivot": [0, 5.5, -11],
					"rotation": [-70, 0, 0],
					"cubes": [
						{"origin": [-0.5, 0, -11.5], "size": [1, 1, 1], "pivot": [0, 0.5, -11], "rotation": [0, 0, -45], "uv": [0, 0]}
					]
				},
				{
					"name": "ban_depan_30",
					"parent": "ban_depan",
					"pivot": [0, 5.5, -11],
					"rotation": [-60, 0, 0],
					"cubes": [
						{"origin": [-0.5, 0, -11.5], "size": [1, 1, 1], "pivot": [0, 0.5, -11], "rotation": [0, 0, -45], "uv": [0, 0]}
					]
				},
				{
					"name": "ban_depan_31",
					"parent": "ban_depan",
					"pivot": [0, 5.5, -11],
					"rotation": [-50, 0, 0],
					"cubes": [
						{"origin": [-0.5, 0, -11.5], "size": [1, 1, 1], "pivot": [0, 0.5, -11], "rotation": [0, 0, -45], "uv": [0, 0]}
					]
				},
				{
					"name": "ban_depan_32",
					"parent": "ban_depan",
					"pivot": [0, 5.5, -11],
					"rotation": [-40, 0, 0],
					"cubes": [
						{"origin": [-0.5, 0, -11.5], "size": [1, 1, 1], "pivot": [0, 0.5, -11], "rotation": [0, 0, -45], "uv": [0, 0]}
					]
				},
				{
					"name": "ban_depan_33",
					"parent": "ban_depan",
					"pivot": [0, 5.5, -11],
					"rotation": [-30, 0, 0],
					"cubes": [
						{"origin": [-0.5, 0, -11.5], "size": [1, 1, 1], "pivot": [0, 0.5, -11], "rotation": [0, 0, -45], "uv": [0, 0]}
					]
				},
				{
					"name": "ban_depan_34",
					"parent": "ban_depan",
					"pivot": [0, 5.5, -11],
					"rotation": [-20, 0, 0],
					"cubes": [
						{"origin": [-0.5, 0, -11.5], "size": [1, 1, 1], "pivot": [0, 0.5, -11], "rotation": [0, 0, -45], "uv": [0, 0]}
					]
				},
				{
					"name": "ban_depan_35",
					"parent": "ban_depan",
					"pivot": [0, 5.5, -11],
					"rotation": [-10, 0, 0],
					"cubes": [
						{"origin": [-0.5, 0, -11.5], "size": [1, 1, 1], "pivot": [0, 0.5, -11], "rotation": [0, 0, -45], "uv": [0, 0]}
					]
				},
				{
					"name": "ban_belakang",
					"parent": "ban",
					"pivot": [0, 5.5, 12],
					"cubes": [
						{"origin": [-0.5, 3.5, 10], "size": [0, 4, 4], "uv": [0, -2]},
						{"origin": [0, 1, 7.5], "size": [0, 9, 9], "uv": [0, 1]}
					]
				},
				{
					"name": "ban_belakang_0",
					"parent": "ban_belakang",
					"pivot": [0, 5.5, 12],
					"cubes": [
						{"origin": [-0.5, 0, 11.5], "size": [1, 1, 1], "pivot": [0, 0.5, 12], "rotation": [0, 0, -45], "uv": [0, 0]}
					]
				},
				{
					"name": "ban_belakang_1",
					"parent": "ban_belakang",
					"pivot": [0, 5.5, 12],
					"rotation": [10, 0, 0],
					"cubes": [
						{"origin": [-0.5, 0, 11.5], "size": [1, 1, 1], "pivot": [0, 0.5, 12], "rotation": [0, 0, -45], "uv": [0, 0]}
					]
				},
				{
					"name": "ban_belakang_2",
					"parent": "ban_belakang",
					"pivot": [0, 5.5, 12],
					"rotation": [20, 0, 0],
					"cubes": [
						{"origin": [-0.5, 0, 11.5], "size": [1, 1, 1], "pivot": [0, 0.5, 12], "rotation": [0, 0, -45], "uv": [0, 0]}
					]
				},
				{
					"name": "ban_belakang_3",
					"parent": "ban_belakang",
					"pivot": [0, 5.5, 12],
					"rotation": [30, 0, 0],
					"cubes": [
						{"origin": [-0.5, 0, 11.5], "size": [1, 1, 1], "pivot": [0, 0.5, 12], "rotation": [0, 0, -45], "uv": [0, 0]}
					]
				},
				{
					"name": "ban_belakang_4",
					"parent": "ban_belakang",
					"pivot": [0, 5.5, 12],
					"rotation": [40, 0, 0],
					"cubes": [
						{"origin": [-0.5, 0, 11.5], "size": [1, 1, 1], "pivot": [0, 0.5, 12], "rotation": [0, 0, -45], "uv": [0, 0]}
					]
				},
				{
					"name": "ban_belakang_5",
					"parent": "ban_belakang",
					"pivot": [0, 5.5, 12],
					"rotation": [50, 0, 0],
					"cubes": [
						{"origin": [-0.5, 0, 11.5], "size": [1, 1, 1], "pivot": [0, 0.5, 12], "rotation": [0, 0, -45], "uv": [0, 0]}
					]
				},
				{
					"name": "ban_belakang_6",
					"parent": "ban_belakang",
					"pivot": [0, 5.5, 12],
					"rotation": [60, 0, 0],
					"cubes": [
						{"origin": [-0.5, 0, 11.5], "size": [1, 1, 1], "pivot": [0, 0.5, 12], "rotation": [0, 0, -45], "uv": [0, 0]}
					]
				},
				{
					"name": "ban_belakang_7",
					"parent": "ban_belakang",
					"pivot": [0, 5.5, 12],
					"rotation": [70, 0, 0],
					"cubes": [
						{"origin": [-0.5, 0, 11.5], "size": [1, 1, 1], "pivot": [0, 0.5, 12], "rotation": [0, 0, -45], "uv": [0, 0]}
					]
				},
				{
					"name": "ban_belakang_8",
					"parent": "ban_belakang",
					"pivot": [0, 5.5, 12],
					"rotation": [80, 0, 0],
					"cubes": [
						{"origin": [-0.5, 0, 11.5], "size": [1, 1, 1], "pivot": [0, 0.5, 12], "rotation": [0, 0, -45], "uv": [0, 0]}
					]
				},
				{
					"name": "ban_belakang_9",
					"parent": "ban_belakang",
					"pivot": [0, 5.5, 12],
					"rotation": [90, 0, 0],
					"cubes": [
						{"origin": [-0.5, 0, 11.5], "size": [1, 1, 1], "pivot": [0, 0.5, 12], "rotation": [0, 0, -45], "uv": [0, 0]}
					]
				},
				{
					"name": "ban_belakang_10",
					"parent": "ban_belakang",
					"pivot": [0, 5.5, 12],
					"rotation": [100, 0, 0],
					"cubes": [
						{"origin": [-0.5, 0, 11.5], "size": [1, 1, 1], "pivot": [0, 0.5, 12], "rotation": [0, 0, -45], "uv": [0, 0]}
					]
				},
				{
					"name": "ban_belakang_11",
					"parent": "ban_belakang",
					"pivot": [0, 5.5, 12],
					"rotation": [110, 0, 0],
					"cubes": [
						{"origin": [-0.5, 0, 11.5], "size": [1, 1, 1], "pivot": [0, 0.5, 12], "rotation": [0, 0, -45], "uv": [0, 0]}
					]
				},
				{
					"name": "ban_belakang_12",
					"parent": "ban_belakang",
					"pivot": [0, 5.5, 12],
					"rotation": [120, 0, 0],
					"cubes": [
						{"origin": [-0.5, 0, 11.5], "size": [1, 1, 1], "pivot": [0, 0.5, 12], "rotation": [0, 0, -45], "uv": [0, 0]}
					]
				},
				{
					"name": "ban_belakang_13",
					"parent": "ban_belakang",
					"pivot": [0, 5.5, 12],
					"rotation": [130, 0, 0],
					"cubes": [
						{"origin": [-0.5, 0, 11.5], "size": [1, 1, 1], "pivot": [0, 0.5, 12], "rotation": [0, 0, -45], "uv": [0, 0]}
					]
				},
				{
					"name": "ban_belakang_14",
					"parent": "ban_belakang",
					"pivot": [0, 5.5, 12],
					"rotation": [140, 0, 0],
					"cubes": [
						{"origin": [-0.5, 0, 11.5], "size": [1, 1, 1], "pivot": [0, 0.5, 12], "rotation": [0, 0, -45], "uv": [0, 0]}
					]
				},
				{
					"name": "ban_belakang_15",
					"parent": "ban_belakang",
					"pivot": [0, 5.5, 12],
					"rotation": [150, 0, 0],
					"cubes": [
						{"origin": [-0.5, 0, 11.5], "size": [1, 1, 1], "pivot": [0, 0.5, 12], "rotation": [0, 0, -45], "uv": [0, 0]}
					]
				},
				{
					"name": "ban_belakang_16",
					"parent": "ban_belakang",
					"pivot": [0, 5.5, 12],
					"rotation": [160, 0, 0],
					"cubes": [
						{"origin": [-0.5, 0, 11.5], "size": [1, 1, 1], "pivot": [0, 0.5, 12], "rotation": [0, 0, -45], "uv": [0, 0]}
					]
				},
				{
					"name": "ban_belakang_17",
					"parent": "ban_belakang",
					"pivot": [0, 5.5, 12],
					"rotation": [170, 0, 0],
					"cubes": [
						{"origin": [-0.5, 0, 11.5], "size": [1, 1, 1], "pivot": [0, 0.5, 12], "rotation": [0, 0, -45], "uv": [0, 0]}
					]
				},
				{
					"name": "ban_belakang_18",
					"parent": "ban_belakang",
					"pivot": [0, 5.5, 12],
					"rotation": [180, 0, 0],
					"cubes": [
						{"origin": [-0.5, 0, 11.5], "size": [1, 1, 1], "pivot": [0, 0.5, 12], "rotation": [0, 0, -45], "uv": [0, 0]}
					]
				},
				{
					"name": "ban_belakang_19",
					"parent": "ban_belakang",
					"pivot": [0, 5.5, 12],
					"rotation": [-170, 0, 0],
					"cubes": [
						{"origin": [-0.5, 0, 11.5], "size": [1, 1, 1], "pivot": [0, 0.5, 12], "rotation": [0, 0, -45], "uv": [0, 0]}
					]
				},
				{
					"name": "ban_belakang_20",
					"parent": "ban_belakang",
					"pivot": [0, 5.5, 12],
					"rotation": [-160, 0, 0],
					"cubes": [
						{"origin": [-0.5, 0, 11.5], "size": [1, 1, 1], "pivot": [0, 0.5, 12], "rotation": [0, 0, -45], "uv": [0, 0]}
					]
				},
				{
					"name": "ban_belakang_21",
					"parent": "ban_belakang",
					"pivot": [0, 5.5, 12],
					"rotation": [-150, 0, 0],
					"cubes": [
						{"origin": [-0.5, 0, 11.5], "size": [1, 1, 1], "pivot": [0, 0.5, 12], "rotation": [0, 0, -45], "uv": [0, 0]}
					]
				},
				{
					"name": "ban_belakang_22",
					"parent": "ban_belakang",
					"pivot": [0, 5.5, 12],
					"rotation": [-140, 0, 0],
					"cubes": [
						{"origin": [-0.5, 0, 11.5], "size": [1, 1, 1], "pivot": [0, 0.5, 12], "rotation": [0, 0, -45], "uv": [0, 0]}
					]
				},
				{
					"name": "ban_belakang_23",
					"parent": "ban_belakang",
					"pivot": [0, 5.5, 12],
					"rotation": [-130, 0, 0],
					"cubes": [
						{"origin": [-0.5, 0, 11.5], "size": [1, 1, 1], "pivot": [0, 0.5, 12], "rotation": [0, 0, -45], "uv": [0, 0]}
					]
				},
				{
					"name": "ban_belakang_24",
					"parent": "ban_belakang",
					"pivot": [0, 5.5, 12],
					"rotation": [-120, 0, 0],
					"cubes": [
						{"origin": [-0.5, 0, 11.5], "size": [1, 1, 1], "pivot": [0, 0.5, 12], "rotation": [0, 0, -45], "uv": [0, 0]}
					]
				},
				{
					"name": "ban_belakang_25",
					"parent": "ban_belakang",
					"pivot": [0, 5.5, 12],
					"rotation": [-110, 0, 0],
					"cubes": [
						{"origin": [-0.5, 0, 11.5], "size": [1, 1, 1], "pivot": [0, 0.5, 12], "rotation": [0, 0, -45], "uv": [0, 0]}
					]
				},
				{
					"name": "ban_belakang_26",
					"parent": "ban_belakang",
					"pivot": [0, 5.5, 12],
					"rotation": [-100, 0, 0],
					"cubes": [
						{"origin": [-0.5, 0, 11.5], "size": [1, 1, 1], "pivot": [0, 0.5, 12], "rotation": [0, 0, -45], "uv": [0, 0]}
					]
				},
				{
					"name": "ban_belakang_27",
					"parent": "ban_belakang",
					"pivot": [0, 5.5, 12],
					"rotation": [-90, 0, 0],
					"cubes": [
						{"origin": [-0.5, 0, 11.5], "size": [1, 1, 1], "pivot": [0, 0.5, 12], "rotation": [0, 0, -45], "uv": [0, 0]}
					]
				},
				{
					"name": "ban_belakang_28",
					"parent": "ban_belakang",
					"pivot": [0, 5.5, 12],
					"rotation": [-80, 0, 0],
					"cubes": [
						{"origin": [-0.5, 0, 11.5], "size": [1, 1, 1], "pivot": [0, 0.5, 12], "rotation": [0, 0, -45], "uv": [0, 0]}
					]
				},
				{
					"name": "ban_belakang_29",
					"parent": "ban_belakang",
					"pivot": [0, 5.5, 12],
					"rotation": [-70, 0, 0],
					"cubes": [
						{"origin": [-0.5, 0, 11.5], "size": [1, 1, 1], "pivot": [0, 0.5, 12], "rotation": [0, 0, -45], "uv": [0, 0]}
					]
				},
				{
					"name": "ban_belakang_30",
					"parent": "ban_belakang",
					"pivot": [0, 5.5, 12],
					"rotation": [-60, 0, 0],
					"cubes": [
						{"origin": [-0.5, 0, 11.5], "size": [1, 1, 1], "pivot": [0, 0.5, 12], "rotation": [0, 0, -45], "uv": [0, 0]}
					]
				},
				{
					"name": "ban_belakang_31",
					"parent": "ban_belakang",
					"pivot": [0, 5.5, 12],
					"rotation": [-50, 0, 0],
					"cubes": [
						{"origin": [-0.5, 0, 11.5], "size": [1, 1, 1], "pivot": [0, 0.5, 12], "rotation": [0, 0, -45], "uv": [0, 0]}
					]
				},
				{
					"name": "ban_belakang_32",
					"parent": "ban_belakang",
					"pivot": [0, 5.5, 12],
					"rotation": [-40, 0, 0],
					"cubes": [
						{"origin": [-0.5, 0, 11.5], "size": [1, 1, 1], "pivot": [0, 0.5, 12], "rotation": [0, 0, -45], "uv": [0, 0]}
					]
				},
				{
					"name": "ban_belakang_33",
					"parent": "ban_belakang",
					"pivot": [0, 5.5, 12],
					"rotation": [-30, 0, 0],
					"cubes": [
						{"origin": [-0.5, 0, 11.5], "size": [1, 1, 1], "pivot": [0, 0.5, 12], "rotation": [0, 0, -45], "uv": [0, 0]}
					]
				},
				{
					"name": "ban_belakang_34",
					"parent": "ban_belakang",
					"pivot": [0, 5.5, 12],
					"rotation": [-20, 0, 0],
					"cubes": [
						{"origin": [-0.5, 0, 11.5], "size": [1, 1, 1], "pivot": [0, 0.5, 12], "rotation": [0, 0, -45], "uv": [0, 0]}
					]
				},
				{
					"name": "ban_belakang_35",
					"parent": "ban_belakang",
					"pivot": [0, 5.5, 12],
					"rotation": [-10, 0, 0],
					"cubes": [
						{"origin": [-0.5, 0, 11.5], "size": [1, 1, 1], "pivot": [0, 0.5, 12], "rotation": [0, 0, -45], "uv": [0, 0]}
					]
				},
				{
					"name": "part_0",
					"parent": "motor",
					"pivot": [0, 0, 0],
					"cubes": [
						{"origin": [-1.5, 5, -11.5], "size": [3, 1, 1], "uv": [0, 6]},
						{"origin": [-2.25, 5, -10.5], "size": [1, 1, 1], "uv": [0, 24]},
						{"origin": [-1.75, 5.25, -9.75], "size": [0.25, 3, 0.25], "pivot": [-1.75, 5.25, -9.5], "rotation": [-48.5, 0, 0], "uv": [36, 4]},
						{"origin": [-1.75, 7.25, -7.5], "size": [0.25, 4, 0.25], "pivot": [-1.75, 7.4, -7.5], "rotation": [-24.47761, 5.24826, 11.36081], "uv": [36, 4]},
						{"origin": [-2, 5, -11.5], "size": [1, 8, 1], "pivot": [-1.5, 5, -11], "rotation": [-25, 0, 0], "uv": [8, 0]},
						{"origin": [1, 5, -11.5], "size": [1, 8, 1], "pivot": [1.5, 5, -11], "rotation": [-25, 0, 0], "uv": [8, 0]},
						{"origin": [-0.5, 12.25, -14.5], "size": [1, 1, 6], "pivot": [0, 13, -8.5], "rotation": [20, 0, 0], "uv": [0, 28]},
						{"origin": [-1, 11, -15.5], "size": [2, 2, 7], "pivot": [0, 13, -8.5], "rotation": [17.5, 0, 0], "uv": [0, 19]},
						{"origin": [-1, 5.85, -5.8], "size": [2, 4, 1], "pivot": [0, 9.85, -4.8], "rotation": [15, 0, 0], "uv": [0, 29]},
						{"origin": [-1, 11.25, -8.5], "size": [2, 2, 5], "pivot": [0, 13.25, -8.5], "rotation": [-42.5, 0, 0], "uv": [11, 23]}
					]
				},
				{
					"name": "part_1",
					"parent": "motor",
					"pivot": [0, 0, 0],
					"cubes": [
						{"origin": [-3, 4, -2.9], "size": [6, 5, 1], "pivot": [3, 9, -1.9], "rotation": [-10, 0, 0], "uv": [42, 4]},
						{"origin": [-1.5, 3, -1], "size": [3, 6, 2], "pivot": [0, 9, 1], "rotation": [-37.5, 0, 0], "uv": [0, 55]},
						{"origin": [-1.5, 9, 1], "size": [3, 15, 2], "pivot": [0, 9, 1], "rotation": [-65, 0, 0], "uv": [28, 30]},
						{"origin": [-1.5, 9, 1], "size": [3, 6, 1], "pivot": [0, 9, 1], "rotation": [-57.5, 0, 0], "uv": [20, 44]},
						{"origin": [-1, 9.25, 0.25], "size": [2, 4, 1], "pivot": [0, 9.5, 0.5], "rotation": [-67.5, 0, 0], "uv": [26, 18]},
						{"origin": [-1.5, 14.0625, 10.87], "size": [3, 6, 1], "pivot": [0, 14.0625, 11.87], "rotation": [107.5, 0, 0], "uv": [20, 51]},
						{"origin": [-3, 7.25, -7.75], "size": [6, 8, 1], "pivot": [0, 15.25, -6.75], "rotation": [37.5, 0, 0], "uv": [0, 46]},
						{"origin": [-1.5, 7.8, -7.75], "size": [3, 8, 2], "pivot": [0, 15.25, -5.75], "rotation": [45, 0, 0], "uv": [18, 34]},
						{"origin": [-1, 6.75, -6.25], "size": [2, 8, 1], "pivot": [0, 15.25, -5.75], "rotation": [45, 0, 0], "uv": [14, 46]},
						{"origin": [-3, 7.25, -9.75], "size": [6, 8, 3], "pivot": [0, 15.25, -6.75], "rotation": [52.5, 0, 0], "uv": [0, 35]},
						{"origin": [-1.5, 14.349, 14.36], "size": [3, 1, 2], "uv": [10, 55]},
						{"origin": [-1.5, 13.515, 15.5], "size": [3, 1, 2], "pivot": [0, 13.55, 15.5], "rotation": [65.5, 0, 0], "uv": [10, 58]},
						{"origin": [-1, 9.85, 3.5], "size": [2, 2, 4], "pivot": [-0.5, 9.85, 7.5], "rotation": [45, 0, 0], "uv": [26, 4]},
						{"origin": [-1, 7.02, -1.33], "size": [2, 2, 6], "uv": [32, 4]},
						{"origin": [-1, 7, 13.5], "size": [2, 6, 1], "pivot": [-0.5, 13, 14], "rotation": [45, 0, 0], "uv": [34, 21]},
						{"origin": [1, 14.25, 12.5], "size": [1, 3, 1], "pivot": [1.5, 14.25, 13], "rotation": [-50, 0, 0], "uv": [26, 4]},
						{"origin": [-2, 14.25, 12.5], "size": [1, 3, 1], "pivot": [-1.5, 14.25, 13], "rotation": [-50, 0, 0], "uv": [26, 4]},
						{"origin": [-1.5, 15.5, 14.5], "size": [3, 1, 1], "uv": [16, 2]}
					]
				},
				{
					"name": "part_1_0",
					"parent": "part_1",
					"pivot": [0, 14.25, 14],
					"rotation": [7.5, 0, 0],
					"cubes": [
						{"origin": [-1, 11, 3], "size": [2, 4, 11], "uv": [20, 47]},
						{"origin": [-1, 13.6, 8], "size": [2, 1, 6], "uv": [38, 31]},
						{"origin": [-0.5, 10.5, 3], "size": [1, 4, 1], "pivot": [0, 11.5, 3], "rotation": [17.5, 0, 0], "uv": [18, 13]}
					]
				},
				{
					"name": "part_1_0_0",
					"parent": "part_1_0",
					"pivot": [0, 14.25, 2],
					"cubes": [
						{"origin": [-1.5, 14.5, 2], "size": [1, 1, 6], "pivot": [-1.5, 15, 8], "rotation": [2.5, -5, 0], "uv": [18, 4]},
						{"origin": [-0.5, 14.5, 1.7], "size": [1, 1, 7], "pivot": [0, 15, 8], "rotation": [2.5, 0, 0], "uv": [25, 21]},
						{"origin": [-1.5, 15, 8], "size": [3, 1, 5], "pivot": [0, 15.5, 13], "rotation": [2.5, 0, 0], "uv": [22, 12]},
						{"origin": [-1, 15, 13], "size": [2, 1, 1], "uv": [16, 4]},
						{"origin": [0.5, 14.5, 2], "size": [1, 1, 6], "pivot": [1.5, 15, 8], "rotation": [2.5, 5, 0], "uv": [18, 4]}
					]
				},
				{
					"name": "part_2",
					"parent": "motor",
					"pivot": [0, 14.75, -7.5],
					"rotation": [-42.5, 0, 0],
					"cubes": [
						{"origin": [-3, 12.75, -7.5], "size": [3, 4, 1], "pivot": [-3, 14.75, -7], "rotation": [0, 20, 0], "uv": [20, 23]},
						{"origin": [0, 12.75, -7.5], "size": [3, 4, 1], "pivot": [3, 14.75, -7], "rotation": [0, -20, 0], "uv": [18, 18]},
						{"origin": [-0.5, 12.5, -8.5], "size": [1, 4, 1], "uv": [18, 13]},
						{"origin": [-1.5, 14.75, -8], "size": [3, 2, 2], "uv": [14, 6]}
					]
				},
				{
					"name": "part_2_0",
					"parent": "part_2",
					"pivot": [0, 16.75, -7.5],
					"cubes": [
						{"origin": [-1.5, 16.5, -8], "size": [3, 4, 2], "uv": [54, 8]},
						{"origin": [-1, 16, -6.5], "size": [2, 4, 1], "uv": [32, 4]},
						{"origin": [-2.5, 18.5, -9], "size": [5, 2, 2], "uv": [44, 0]},
						{"origin": [-2.5, 19.75, -8], "size": [0.5, 1, 0.5], "pivot": [-2.5, 20, -7.75], "rotation": [0, 0, -32.5], "uv": [36, 0]},
						{"origin": [-2.875, 20.625, -7.875], "size": [0.25, 2, 0.25], "pivot": [-2.75, 20.625, -7.75], "rotation": [0, 0, -55], "uv": [36, 0]},
						{"origin": [2.625, 20.625, -7.875], "size": [0.25, 2, 0.25], "pivot": [2.75, 20.625, -7.75], "rotation": [0, 0, 55], "uv": [36, 0]},
						{"origin": [-4.75, 21.25, -7.875], "size": [1, 1.5, 0.5], "pivot": [-4.25, 21.625, -7.75], "rotation": [-10, 27.5, -72.5], "uv": [35, 0]},
						{"origin": [3.75, 21.25, -7.875], "size": [1, 1.5, 0.5], "pivot": [4.25, 21.625, -7.75], "rotation": [-10, -27.5, 72.5], "uv": [35, 0]},
						{"origin": [3.75, 21.25, -7.37], "size": [1, 1.5, 0], "pivot": [4.25, 21.625, -7.75], "rotation": [-10, -27.5, 72.5], "uv": [34, 16]},
						{"origin": [-4.75, 21.25, -7.37], "size": [1, 1.5, 0], "pivot": [-4.25, 21.625, -7.75], "rotation": [-10, 27.5, -72.5], "uv": [34, 15]},
						{"origin": [2, 19.75, -8], "size": [0.5, 1, 0.5], "pivot": [2.5, 20, -7.75], "rotation": [0, 0, 32.5], "uv": [36, 0]},
						{"origin": [-4.5, 19.25, -7.75], "size": [2, 0.5, 0.5], "pivot": [-2.5, 19.5, -7.75], "rotation": [0, 20, 0], "uv": [34, 3]},
						{"origin": [-4.5, 19.5, -8], "size": [2, 0.5, 0.5], "pivot": [-2.5, 19.5, -7.75], "rotation": [-90, 20, 0], "uv": [34, 3]},
						{"origin": [-4, 19.25, -8.25], "size": [1.5, 0.25, 0.25], "pivot": [-2.5, 19.5, -8.25], "rotation": [0, 12.5, 0], "uv": [35, 15]},
						{"origin": [2.5, 19.25, -7.75], "size": [2, 0.5, 0.5], "pivot": [2.5, 19.5, -7.75], "rotation": [0, -20, 0], "uv": [34, 3]},
						{"origin": [2.5, 19.5, -8], "size": [2, 0.5, 0.5], "pivot": [2.5, 19.5, -7.75], "rotation": [-90, -20, 0], "uv": [34, 3]},
						{"origin": [-0.5, 18.5, -8.8], "size": [3, 3, 0], "pivot": [2.5, 20.5, -8.8], "rotation": [0, -10, 0], "uv": [58, 0]},
						{"origin": [-2.5, 18.5, -8.8], "size": [3, 3, 0], "pivot": [-2.5, 20.5, -8.8], "rotation": [0, 10, 0], "uv": [58, 3]},
						{"origin": [-0.5, 16.75, -9.125], "size": [1, 3, 2], "pivot": [0, 20.25, -9], "rotation": [-12.5, 0, 0], "uv": [50, 24]},
						{"origin": [-0.5, 19, -9], "size": [3, 3, 1], "pivot": [2.5, 19, -9], "rotation": [0, -15, -42.5], "uv": [49, 18]},
						{"origin": [-2.5, 19, -9], "size": [3, 3, 1], "pivot": [-2.5, 19, -9], "rotation": [0, 15, 42.5], "uv": [56, 14]}
					]
				},
				{
					"name": "part_2_0_0",
					"parent": "part_2_0",
					"pivot": [0, 20.65, -7.5],
					"rotation": [0, -87.5, 0],
					"cubes": [
						{"origin": [-0.075, 20.6, -8.2], "size": [0.1, 0.1, 0.8], "uv": [34, 14]}
					]
				},
				{
					"name": "part_3",
					"parent": "motor",
					"pivot": [0, 0, 0],
					"cubes": [
						{"origin": [-1.5, 4.5, 2], "size": [3, 3, 2], "pivot": [0, 6, 4], "rotation": [7.5, 0, 0], "uv": [46, 13]},
						{"origin": [-2, 4.5, -1], "size": [4, 3, 3], "pivot": [0, 6, 4], "rotation": [7.5, 0, 0], "uv": [35, 15]},
						{"origin": [-1.5, 4, 3], "size": [1, 4, 2], "pivot": [-1.5, 4, 4], "rotation": [-15, 0, 0], "uv": [40, 22]},
						{"origin": [0.5, 4, 3], "size": [1, 4, 2], "pivot": [1.5, 4, 4], "rotation": [-15, 0, 0], "uv": [40, 22]},
						{"origin": [-1, 3.5, 5], "size": [0, 4, 5], "uv": [24, -5]},
						{"origin": [1, 3.5, 5], "size": [0, 4, 5], "uv": [24, -5]},
						{"origin": [-0.5, 2.75, -3], "size": [0.5, 3, 0.5], "pivot": [0, 4, -2.5], "rotation": [-112.5, 0, 0], "uv": [35, 4]},
						{"origin": [-0.5, 3, -2.6], "size": [0.5, 8, 0.5], "pivot": [-0.25, 2.75, -1.5], "rotation": [-87.5, -12.5, 0], "uv": [36, 0]},
						{"origin": [-2.75, 3.26, 5.5], "size": [1, 4, 1], "pivot": [-2, 4, 6.25], "rotation": [-75, -25, 0], "uv": [34, 0]},
						{"origin": [-4.25, 4, 8.5], "size": [2, 2, 7], "pivot": [-3.25, 5, 8.5], "rotation": [22.5, -7.5, 0], "uv": [39, 22]},
						{"origin": [-3, 6.5, 8.5], "size": [2, 0.5, 0.5], "uv": [34, 0]},
						{"origin": [1, 6.5, 8.5], "size": [2, 0.5, 0.5], "uv": [34, 0]},
						{"origin": [-0.25, 2.6, 3.5], "size": [0.5, 2, 0.5], "pivot": [0, 4.6, 3.75], "rotation": [-14, 0, 0], "uv": [35, 13]},
						{"origin": [-0.25, 2.6, 3.5], "size": [0.5, 3, 0.5], "pivot": [0, 2.6, 3.5], "rotation": [90, 0, 0], "uv": [36, 13]},
						{"origin": [-0.25, 2.6, 0.4], "size": [0.5, 3, 0.5], "pivot": [0, 2.85, 0.5], "rotation": [30, 0, -77.5], "uv": [35, 13]},
						{"origin": [-0.25, 2.6, 0.4], "size": [0.5, 3, 0.5], "pivot": [0, 2.85, 0.5], "rotation": [-15, 0, 75], "uv": [35, 13]},
						{"origin": [-2.5, 3.25, -0.85], "size": [0.5, 2, 0.5], "pivot": [-2.25, 3.25, -0.6], "rotation": [0, 0, -27.5], "uv": [35, 13]},
						{"origin": [2.25, 3.25, 1.15], "size": [0.5, 1, 0.5], "pivot": [2.75, 3.5, 1.4], "rotation": [0, 0, 7.5], "uv": [35, 13]},
						{"origin": [2.75, 3.75, 1.15], "size": [0, 2, 0.5], "pivot": [2.75, 4, 1.4], "rotation": [-30, 0, 0], "uv": [35, 13]},
						{"origin": [2.75, 3.75, 1.15], "size": [0, 2, 0.5], "pivot": [2.75, 4, 1.4], "rotation": [70, 0, 0], "uv": [35, 13]},
						{"origin": [2.5, 4.75, -0.75], "size": [0.5, 0, 1], "uv": [35, 13]},
						{"origin": [2.5, 5.5, 1.75], "size": [0.5, 0, 1], "uv": [35, 13]},
						{"origin": [-4, 5, -0.85], "size": [1, 0.1, 0.5], "uv": [35, 14]},
						{"origin": [1.3, 2.5, 2], "size": [0.1, 1, 2], "uv": [34, 5]}
					]
				},
				{
					"name": "part_3_0",
					"parent": "part_3",
					"pivot": [0, 0, 0],
					"cubes": [
						{"origin": [-2, 4.75, 2.49905], "size": [0.5, 3, 0.5], "pivot": [-1.5, 5, 2.75], "rotation": [-107.5, -17.5, 0], "uv": [36, 5]},
						{"origin": [-2.75, 3.85, 5], "size": [0.5, 2, 0.5], "pivot": [-2.5, 4.125, 5.5], "rotation": [-30, 0, 0], "uv": [35, 6]},
						{"origin": [-2.6, 5.75, 6], "size": [0.2, 2, 0.2], "pivot": [-2.5, 5.75, 6.25], "rotation": [65, 0, 0], "uv": [36, 5]},
						{"origin": [1.5, 4.95638, 2.49905], "size": [0.5, 3, 0.5], "pivot": [1.5, 5, 2.75], "rotation": [-107.5, 20, 0], "uv": [36, 5]},
						{"origin": [2.5, 3.85, 5.25], "size": [0.5, 2, 0.5], "pivot": [2.75, 4.125, 5.5], "rotation": [-30, 0, 0], "uv": [35, 6]},
						{"origin": [2.65, 5.25, 6], "size": [0.2, 2, 0.2], "pivot": [2.75, 5.75, 6.25], "rotation": [65, 0, 0], "uv": [36, 5]},
						{"origin": [-5, 4, 2], "size": [2, 1, 1], "uv": [38, 2]},
						{"origin": [3, 4, 2], "size": [2, 1, 1], "uv": [38, 2]},
						{"origin": [-3.5, 2, 2.25], "size": [0.5, 3, 0.5], "pivot": [-3, 5, 2.5], "rotation": [0, 0, -42.5], "uv": [36, 0]},
						{"origin": [3, 2, 2.25], "size": [0.5, 3, 0.5], "pivot": [3, 5, 2.5], "rotation": [0, 0, 42.5], "uv": [36, 0]},
						{"origin": [-1.5, 2.5, 2.25], "size": [0.5, 3, 0.5], "pivot": [-1.25, 2.75, 2.5], "rotation": [0, 0, 32.5], "uv": [36, 0]},
						{"origin": [1, 2.5, 2.25], "size": [0.5, 3, 0.5], "pivot": [1.25, 2.75, 2.5], "rotation": [0, 0, -32.5], "uv": [36, 0]}
					]
				},
				{
					"name": "part_3_1",
					"parent": "part_3",
					"pivot": [0, 5, 4],
					"rotation": [85, 0, 0],
					"cubes": [
						{"origin": [-0.25, -1, 3.75], "size": [0.5, 6, 0.5], "pivot": [0, 4.5, 4], "rotation": [0, 0, -22.5], "uv": [36, 0]},
						{"origin": [-0.25, -1, 3.75], "size": [0.5, 6, 0.5], "pivot": [0, 4.5, 4], "rotation": [0, 0, 22.5], "uv": [36, 0]},
						{"origin": [-0.5, 2.5, 3.75], "size": [1, 0.5, 0.5], "uv": [35, 0]}
					]
				},
				{
					"name": "part_3_2",
					"parent": "part_3",
					"pivot": [1.5, 3.25, 3.25],
					"rotation": [90, 0, 0],
					"cubes": [
						{"origin": [1.5, -0.5, 3], "size": [0.5, 4, 0.5], "pivot": [1.5, 2.75, 3.25], "rotation": [0, 0, -22.5], "uv": [36, 0]},
						{"origin": [2.75, 0, 3], "size": [1, 0, 0.5], "uv": [36, 0]}
					]
				},
				{
					"name": "part_4",
					"parent": "motor",
					"pivot": [0, 0, 0],
					"cubes": [
						{"origin": [-1.5, 5, 11.5], "size": [3, 1, 1], "uv": [0, 8]},
						{"origin": [-2, 5, 11.5], "size": [1, 7, 1], "pivot": [-1.5, 5, 12], "rotation": [25, 0, 0], "uv": [12, 0]},
						{"origin": [1, 5, 11.5], "size": [1, 7, 1], "pivot": [1.5, 5, 12], "rotation": [25, 0, 0], "uv": [12, 0]},
						{"origin": [-1.75, 5, 11.75], "size": [0.5, 7, 0.5], "pivot": [-1.5, 5, 12], "rotation": [25, 0, 0], "uv": [10, 0]},
						{"origin": [1.25, 5, 11.75], "size": [0.5, 7, 0.5], "pivot": [1.5, 5, 12], "rotation": [25, 0, 0], "uv": [10, 0]}
					]
				}
			]
		}
	]
}