{
	"format_version": "1.12.0",
	"minecraft:geometry": [
		{
			"description": {
				"identifier": "geometry.gama",
				"texture_width": 16,
				"texture_height": 16,
				"visible_bounds_width": 17,
				"visible_bounds_height": 6,
				"visible_bounds_offset": [0, 1, 0]
			},
			"bones": [
				{
					"name": "gama",
					"pivot": [0, 0, 0]
				},
				{
					"name": "gama_head",
					"parent": "gama",
					"pivot": [0, 18, -2.4],
					"cubes": [
						{
							"origin": [-6.6, 16.5, -9.9],
							"size": [13.2, 2.64, 7.92],
							"uv": {
								"north": {"uv": [0, 4.625], "uv_size": [3.0625, 2.625]},
								"east": {"uv": [0, 4.625], "uv_size": [3.0625, 2.625]},
								"south": {"uv": [0, 4.625], "uv_size": [3.0625, 2.625]},
								"west": {"uv": [0, 4.625], "uv_size": [3.0625, 2.625]},
								"up": {"uv": [3.0625, 7.25], "uv_size": [-3.0625, -2.625]},
								"down": {"uv": [3.0625, 7.25], "uv_size": [-3.0625, -2.625]}
							}
						},
						{
							"origin": [-6.6, 16.5, -7.128],
							"size": [13.2, 7.128, 5.148],
							"uv": {
								"north": {"uv": [0, 4.625], "uv_size": [3.0625, 2.625]},
								"east": {"uv": [8.5, 0], "uv_size": [-2.1875, 2.625]},
								"south": {"uv": [0, 4.625], "uv_size": [3.0625, 2.625]},
								"west": {"uv": [6.3125, 0], "uv_size": [2.1875, 2.625]},
								"up": {"uv": [3.0625, 7.25], "uv_size": [-3.0625, -2.625]},
								"down": {"uv": [3.0625, 7.25], "uv_size": [-3.0625, -2.625]}
							}
						},
						{
							"origin": [0.95683, 16.5, -11.27368],
							"size": [4.62, 6.933, 5.148],
							"pivot": [-1.02317, 16.5, -7.44568],
							"rotation": [0, -32.5, 0],
							"uv": {
								"north": {"uv": [0, 4.625], "uv_size": [3.0625, 2.625]},
								"east": {"uv": [0, 4.625], "uv_size": [3.0625, 2.625]},
								"south": {"uv": [0, 4.625], "uv_size": [3.0625, 2.625]},
								"west": {"uv": [0, 4.625], "uv_size": [3.0625, 2.625]},
								"up": {"uv": [3.0625, 7.25], "uv_size": [-3.0625, -2.625]},
								"down": {"uv": [3.0625, 7.25], "uv_size": [-3.0625, -2.625]}
							}
						},
						{
							"origin": [-5.57683, 16.5, -11.27368],
							"size": [4.62, 6.933, 5.148],
							"pivot": [1.02317, 16.5, -7.44568],
							"rotation": [0, 32.5, 0],
							"uv": {
								"north": {"uv": [0, 4.625], "uv_size": [3.0625, 2.625]},
								"east": {"uv": [0, 4.625], "uv_size": [3.0625, 2.625]},
								"south": {"uv": [0, 4.625], "uv_size": [3.0625, 2.625]},
								"west": {"uv": [0, 4.625], "uv_size": [3.0625, 2.625]},
								"up": {"uv": [3.0625, 7.25], "uv_size": [-3.0625, -2.625]},
								"down": {"uv": [3.0625, 7.25], "uv_size": [-3.0625, -2.625]}
							}
						},
						{
							"origin": [-4.31683, 17.145, -15.43768],
							"size": [3.3, 3.168, 5.148],
							"pivot": [1.02317, 16.125, -8.19568],
							"rotation": [-27.5, 45, 0],
							"uv": {
								"north": {"uv": [0, 0], "uv_size": [0, 0]},
								"east": {"uv": [0, 0], "uv_size": [0, 0]},
								"south": {"uv": [0, 0], "uv_size": [0, 0]},
								"west": {"uv": [0, 0], "uv_size": [0, 0]},
								"up": {"uv": [0, 0], "uv_size": [0, 0]},
								"down": {"uv": [0, 0], "uv_size": [0, 0]}
							}
						},
						{
							"origin": [-4.01684, 18.345, -15.46768],
							"size": [2.7, 0.768, 5.178],
							"pivot": [1.02317, 16.125, -8.19568],
							"rotation": [-27.5, 45, 0],
							"uv": {
								"north": {"uv": [1.24688, 2.90938], "uv_size": [0, 0]},
								"east": {"uv": [1.24688, 2.90938], "uv_size": [0, 0]},
								"south": {"uv": [1.24688, 2.90938], "uv_size": [0, 0]},
								"west": {"uv": [1.24688, 2.90938], "uv_size": [0, 0]},
								"up": {"uv": [1.24688, 2.90938], "uv_size": [0, 0]},
								"down": {"uv": [1.24688, 2.90938], "uv_size": [0, 0]}
							}
						},
						{
							"origin": [-12.48316, 2.145, -43.99768],
							"size": [3.3, 3.168, 5.148],
							"pivot": [-46.62316, 16.125, -8.19568],
							"rotation": [-27.5, -45, 0],
							"uv": {
								"north": {"uv": [0, 0], "uv_size": [0, 0]},
								"east": {"uv": [0, 0], "uv_size": [0, 0]},
								"south": {"uv": [0, 0], "uv_size": [0, 0]},
								"west": {"uv": [0, 0], "uv_size": [0, 0]},
								"up": {"uv": [0, 0], "uv_size": [0, 0]},
								"down": {"uv": [0, 0], "uv_size": [0, 0]}
							}
						},
						{
							"origin": [-12.18316, 3.345, -44.02768],
							"size": [2.7, 0.768, 5.178],
							"pivot": [-46.62316, 16.125, -8.19568],
							"rotation": [-27.5, -45, 0],
							"uv": {
								"north": {"uv": [1.24688, 2.90938], "uv_size": [0, 0]},
								"east": {"uv": [1.24688, 2.90938], "uv_size": [0, 0]},
								"south": {"uv": [1.24688, 2.90938], "uv_size": [0, 0]},
								"west": {"uv": [1.24688, 2.90938], "uv_size": [0, 0]},
								"up": {"uv": [1.24688, 2.90938], "uv_size": [0, 0]},
								"down": {"uv": [1.24688, 2.90938], "uv_size": [0, 0]}
							}
						},
						{
							"origin": [-2.87552, 16.5, -13.63352],
							"size": [5.742, 2.64, 7.92],
							"uv": {
								"north": {"uv": [0, 4.625], "uv_size": [3.0625, 2.625]},
								"east": {"uv": [0, 4.625], "uv_size": [3.0625, 2.625]},
								"south": {"uv": [0, 4.625], "uv_size": [3.0625, 2.625]},
								"west": {"uv": [0, 4.625], "uv_size": [3.0625, 2.625]},
								"up": {"uv": [3.0625, 7.25], "uv_size": [-3.0625, -2.625]},
								"down": {"uv": [3.0625, 7.25], "uv_size": [-3.0625, -2.625]}
							}
						},
						{
							"origin": [-2.87552, 17.23205, -5.72288],
							"size": [5.742, 6.171, 0.33],
							"pivot": [-3.73352, 20.76304, -6.71288],
							"rotation": [35, 0, 0],
							"uv": {
								"north": {"uv": [0, 4.625], "uv_size": [3.0625, 2.625]},
								"east": {"uv": [0, 4.625], "uv_size": [3.0625, 2.625]},
								"south": {"uv": [0, 4.625], "uv_size": [3.0625, 2.625]},
								"west": {"uv": [0, 4.625], "uv_size": [3.0625, 2.625]},
								"up": {"uv": [3.0625, 7.25], "uv_size": [-3.0625, -2.625]},
								"down": {"uv": [3.0625, 7.25], "uv_size": [-3.0625, -2.625]}
							}
						},
						{
							"origin": [-2.87552, 20.23505, -13.27988],
							"size": [2.922, 3.168, 7.887],
							"pivot": [-3.73352, 20.76304, -6.71288],
							"rotation": [35, 0, 0],
							"uv": {
								"north": {"uv": [0, 4.625], "uv_size": [3.0625, 2.625]},
								"east": {"uv": [0, 4.625], "uv_size": [3.0625, 2.625]},
								"south": {"uv": [0, 4.625], "uv_size": [3.0625, 2.625]},
								"west": {"uv": [0, 4.625], "uv_size": [3.0625, 2.625]},
								"up": {"uv": [6.1875, 3.125], "uv_size": [-1.75, -3.125]},
								"down": {"uv": [3.0625, 7.25], "uv_size": [-3.0625, -2.625]}
							}
						},
						{
							"origin": [-0.04648, 20.23505, -13.27988],
							"size": [2.922, 3.168, 7.887],
							"pivot": [3.73352, 20.76304, -6.71288],
							"rotation": [35, 0, 0],
							"uv": {
								"north": {"uv": [3.0625, 4.625], "uv_size": [-3.0625, 2.625]},
								"east": {"uv": [3.0625, 4.625], "uv_size": [-3.0625, 2.625]},
								"south": {"uv": [3.0625, 4.625], "uv_size": [-3.0625, 2.625]},
								"west": {"uv": [3.0625, 4.625], "uv_size": [-3.0625, 2.625]},
								"up": {"uv": [4.4375, 3.125], "uv_size": [1.75, -3.125]},
								"down": {"uv": [0, 7.25], "uv_size": [3.0625, -2.625]}
							}
						},
						{
							"origin": [0.00972, 16.5, -10.12648],
							"size": [7.59, 2.64, 5.28],
							"pivot": [0.99972, 16.5, -6.16648],
							"rotation": [0, 45, 0],
							"uv": {
								"north": {"uv": [0, 4.625], "uv_size": [3.0625, 2.625]},
								"east": {"uv": [0, 4.625], "uv_size": [3.0625, 2.625]},
								"south": {"uv": [0, 4.625], "uv_size": [3.0625, 2.625]},
								"west": {"uv": [0, 4.625], "uv_size": [3.0625, 2.625]},
								"up": {"uv": [3.0625, 7.25], "uv_size": [-3.0625, -2.625]},
								"down": {"uv": [3.0625, 7.25], "uv_size": [-3.0625, -2.625]}
							}
						},
						{
							"origin": [-7.59972, 16.5, -10.12648],
							"size": [7.59, 2.64, 5.28],
							"pivot": [-0.99972, 16.5, -6.16648],
							"rotation": [0, -45, 0],
							"uv": {
								"north": {"uv": [0, 4.625], "uv_size": [3.0625, 2.625]},
								"east": {"uv": [0, 4.625], "uv_size": [3.0625, 2.625]},
								"south": {"uv": [0, 4.625], "uv_size": [3.0625, 2.625]},
								"west": {"uv": [0, 4.625], "uv_size": [3.0625, 2.625]},
								"up": {"uv": [3.0625, 7.25], "uv_size": [-3.0625, -2.625]},
								"down": {"uv": [3.0625, 7.25], "uv_size": [-3.0625, -2.625]}
							}
						}
					]
				},
				{
					"name": "gama_mouth",
					"parent": "gama_head",
					"pivot": [0.89975, 14.421, -3.47983],
					"rotation": [15, 0, 0],
					"cubes": [
						{
							"origin": [-2.58796, 14.421, -12.60016],
							"size": [5.1678, 2.376, 7.128],
							"uv": {
								"north": {"uv": [0, 4.625], "uv_size": [3.0625, 2.625]},
								"east": {"uv": [0, 4.625], "uv_size": [3.0625, 2.625]},
								"south": {"uv": [0, 4.625], "uv_size": [3.0625, 2.625]},
								"west": {"uv": [0, 4.625], "uv_size": [3.0625, 2.625]},
								"up": {"uv": [3.0625, 7.25], "uv_size": [-3.0625, -2.625]},
								"down": {"uv": [3.0625, 7.25], "uv_size": [-3.0625, -2.625]}
							}
						},
						{
							"origin": [-6.83974, 14.421, -9.44383],
							"size": [6.831, 2.376, 4.752],
							"pivot": [-0.89974, 14.421, -5.87983],
							"rotation": [0, -45, 0],
							"uv": {
								"north": {"uv": [0, 4.625], "uv_size": [3.0625, 2.625]},
								"east": {"uv": [0, 4.625], "uv_size": [3.0625, 2.625]},
								"south": {"uv": [0, 4.625], "uv_size": [3.0625, 2.625]},
								"west": {"uv": [0, 4.625], "uv_size": [3.0625, 2.625]},
								"up": {"uv": [3.0625, 7.25], "uv_size": [-3.0625, -2.625]},
								"down": {"uv": [3.0625, 7.25], "uv_size": [-3.0625, -2.625]}
							}
						},
						{
							"origin": [-5.94, 14.421, -9.24],
							"size": [11.88, 2.376, 7.128],
							"uv": {
								"north": {"uv": [0, 4.625], "uv_size": [3.0625, 2.625]},
								"east": {"uv": [0, 4.625], "uv_size": [3.0625, 2.625]},
								"south": {"uv": [0, 4.625], "uv_size": [3.0625, 2.625]},
								"west": {"uv": [0, 4.625], "uv_size": [3.0625, 2.625]},
								"up": {"uv": [3.0625, 7.25], "uv_size": [-3.0625, -2.625]},
								"down": {"uv": [3.0625, 7.25], "uv_size": [-3.0625, -2.625]}
							}
						},
						{
							"origin": [-5.94, 13.13534, -9.3808],
							"size": [11.88, 2.376, 7.128],
							"pivot": [0, 13.13534, -3.4408],
							"rotation": [-12.5, 0, 0],
							"uv": {
								"north": {"uv": [0, 4.625], "uv_size": [3.0625, 2.625]},
								"east": {"uv": [0, 4.625], "uv_size": [3.0625, 2.625]},
								"south": {"uv": [0, 4.625], "uv_size": [3.0625, 2.625]},
								"west": {"uv": [0, 4.625], "uv_size": [3.0625, 2.625]},
								"up": {"uv": [3.0625, 7.25], "uv_size": [-3.0625, -2.625]},
								"down": {"uv": [3.0625, 7.25], "uv_size": [-3.0625, -2.625]}
							}
						},
						{
							"origin": [0.00874, 14.421, -9.44383],
							"size": [6.831, 2.376, 4.752],
							"pivot": [0.89975, 14.421, -5.87983],
							"rotation": [0, 45, 0],
							"uv": {
								"north": {"uv": [0, 4.625], "uv_size": [3.0625, 2.625]},
								"east": {"uv": [0, 4.625], "uv_size": [3.0625, 2.625]},
								"south": {"uv": [0, 4.625], "uv_size": [3.0625, 2.625]},
								"west": {"uv": [0, 4.625], "uv_size": [3.0625, 2.625]},
								"up": {"uv": [3.0625, 7.25], "uv_size": [-3.0625, -2.625]},
								"down": {"uv": [3.0625, 7.25], "uv_size": [-3.0625, -2.625]}
							}
						},
						{
							"origin": [-3.6, 15, -7.2],
							"size": [7.2, 3, 6],
							"pivot": [0, 14.4, -2.4],
							"rotation": [-10, 0, 0],
							"uv": {
								"north": {"uv": [0, 16], "uv_size": [0, 0]},
								"east": {"uv": [0, 16], "uv_size": [0, 0]},
								"south": {"uv": [0, 16], "uv_size": [0, 0]},
								"west": {"uv": [0, 16], "uv_size": [0, 0]},
								"up": {"uv": [0, 16], "uv_size": [0, 0]},
								"down": {"uv": [0, 16], "uv_size": [0, 0]}
							}
						}
					]
				},
				{
					"name": "shita",
					"parent": "gama_mouth",
					"pivot": [0, 14.4, -2.4],
					"rotation": [2.5, 0, 0],
					"cubes": [
						{
							"origin": [-1.2, 15, -14.1],
							"size": [2.4, 3, 6.9],
							"pivot": [0, 14.4, -2.4],
							"rotation": [-10, 0, 0],
							"uv": {
								"north": {"uv": [0, 16], "uv_size": [0, 0]},
								"east": {"uv": [0, 16], "uv_size": [0, 0]},
								"south": {"uv": [0, 16], "uv_size": [0, 0]},
								"west": {"uv": [0, 16], "uv_size": [0, 0]},
								"up": {"uv": [0, 16], "uv_size": [0, 0]},
								"down": {"uv": [0, 16], "uv_size": [0, 0]}
							}
						}
					]
				},
				{
					"name": "shita2",
					"parent": "shita",
					"pivot": [0, 18.19173, -12.63883],
					"cubes": [
						{
							"origin": [-1.2, 6.78728, -40.37716],
							"size": [2.4, 1.5, 1.2],
							"pivot": [0, 6.18728, -28.67716],
							"rotation": [-127.5, 0, 0],
							"uv": {
								"north": {"uv": [0, 16], "uv_size": [0, 0]},
								"east": {"uv": [0, 16], "uv_size": [0, 0]},
								"south": {"uv": [0, 16], "uv_size": [0, 0]},
								"west": {"uv": [0, 16], "uv_size": [0, 0]},
								"up": {"uv": [0, 16], "uv_size": [0, 0]},
								"down": {"uv": [0, 16], "uv_size": [0, 0]}
							}
						},
						{
							"origin": [-1.2, 4.23181, -35.89038],
							"size": [2.4, 1.5, 1.2],
							"pivot": [0, 3.63181, -24.19038],
							"rotation": [-95, 0, 0],
							"uv": {
								"north": {"uv": [0, 16], "uv_size": [0, 0]},
								"east": {"uv": [0, 16], "uv_size": [0, 0]},
								"south": {"uv": [0, 16], "uv_size": [0, 0]},
								"west": {"uv": [0, 16], "uv_size": [0, 0]},
								"up": {"uv": [0, 16], "uv_size": [0, 0]},
								"down": {"uv": [0, 16], "uv_size": [0, 0]}
							}
						},
						{
							"origin": [-1.2, 5.04641, -29.28232],
							"size": [2.4, 1.5, 1.2],
							"pivot": [0, 4.44641, -17.58232],
							"rotation": [-55, 0, 0],
							"uv": {
								"north": {"uv": [0, 16], "uv_size": [0, 0]},
								"east": {"uv": [0, 16], "uv_size": [0, 0]},
								"south": {"uv": [0, 16], "uv_size": [0, 0]},
								"west": {"uv": [0, 16], "uv_size": [0, 0]},
								"up": {"uv": [0, 16], "uv_size": [0, 0]},
								"down": {"uv": [0, 16], "uv_size": [0, 0]}
							}
						},
						{
							"origin": [-1.2, 8.55709, -25.49591],
							"size": [2.4, 1.5, 1.2],
							"pivot": [0, 7.95709, -13.79591],
							"rotation": [-22.5, 0, 0],
							"uv": {
								"north": {"uv": [0, 16], "uv_size": [0, 0]},
								"east": {"uv": [0, 16], "uv_size": [0, 0]},
								"south": {"uv": [0, 16], "uv_size": [0, 0]},
								"west": {"uv": [0, 16], "uv_size": [0, 0]},
								"up": {"uv": [0, 16], "uv_size": [0, 0]},
								"down": {"uv": [0, 16], "uv_size": [0, 0]}
							}
						},
						{
							"origin": [-1.2, 13.5524, -24.18878],
							"size": [2.4, 1.5, 1.2],
							"pivot": [0, 12.9524, -12.48878],
							"rotation": [10, 0, 0],
							"uv": {
								"north": {"uv": [0, 16], "uv_size": [0, 0]},
								"east": {"uv": [0, 16], "uv_size": [0, 0]},
								"south": {"uv": [0, 16], "uv_size": [0, 0]},
								"west": {"uv": [0, 16], "uv_size": [0, 0]},
								"up": {"uv": [0, 16], "uv_size": [0, 0]},
								"down": {"uv": [0, 16], "uv_size": [0, 0]}
							}
						},
						{
							"origin": [-1.2, 7.85397, -24.97175],
							"size": [2.4, 3, 1.2],
							"pivot": [0, 7.25397, -14.17175],
							"rotation": [-20, 0, 0],
							"uv": {
								"north": {"uv": [0, 16], "uv_size": [0, 0]},
								"east": {"uv": [0, 16], "uv_size": [0, 0]},
								"south": {"uv": [0, 16], "uv_size": [0, 0]},
								"west": {"uv": [0, 16], "uv_size": [0, 0]},
								"up": {"uv": [0, 16], "uv_size": [0, 0]},
								"down": {"uv": [0, 16], "uv_size": [0, 0]}
							}
						},
						{
							"origin": [-1.2, 11.71678, -22.97484],
							"size": [2.4, 3, 4.5],
							"pivot": [0, 11.11678, -8.87484],
							"rotation": [2.5, 0, 0],
							"uv": {
								"north": {"uv": [0, 16], "uv_size": [0, 0]},
								"east": {"uv": [0, 16], "uv_size": [0, 0]},
								"south": {"uv": [0, 16], "uv_size": [0, 0]},
								"west": {"uv": [0, 16], "uv_size": [0, 0]},
								"up": {"uv": [0, 16], "uv_size": [0, 0]},
								"down": {"uv": [0, 16], "uv_size": [0, 0]}
							}
						},
						{
							"origin": [-1.2, 17.22784, -19.75937],
							"size": [2.4, 3, 2.1],
							"pivot": [0, 16.62785, -8.05937],
							"rotation": [30, 0, 0],
							"uv": {
								"north": {"uv": [0, 16], "uv_size": [0, 0]},
								"east": {"uv": [0, 16], "uv_size": [0, 0]},
								"south": {"uv": [0, 16], "uv_size": [0, 0]},
								"west": {"uv": [0, 16], "uv_size": [0, 0]},
								"up": {"uv": [0, 16], "uv_size": [0, 0]},
								"down": {"uv": [0, 16], "uv_size": [0, 0]}
							}
						},
						{
							"origin": [-1.2, 24.5169, -22.69126],
							"size": [2.4, 3, 4.5],
							"pivot": [0, 23.9169, -8.59126],
							"rotation": [57.5, 0, 0],
							"uv": {
								"north": {"uv": [0, 16], "uv_size": [0, 0]},
								"east": {"uv": [0, 16], "uv_size": [0, 0]},
								"south": {"uv": [0, 16], "uv_size": [0, 0]},
								"west": {"uv": [0, 16], "uv_size": [0, 0]},
								"up": {"uv": [0, 16], "uv_size": [0, 0]},
								"down": {"uv": [0, 16], "uv_size": [0, 0]}
							}
						},
						{
							"origin": [-1.2, 23.60483, -17.42728],
							"size": [2.4, 3, 2.1],
							"pivot": [0, 23.00483, -5.72728],
							"rotation": [42.5, 0, 0],
							"uv": {
								"north": {"uv": [0, 16], "uv_size": [0, 0]},
								"east": {"uv": [0, 16], "uv_size": [0, 0]},
								"south": {"uv": [0, 16], "uv_size": [0, 0]},
								"west": {"uv": [0, 16], "uv_size": [0, 0]},
								"up": {"uv": [0, 16], "uv_size": [0, 0]},
								"down": {"uv": [0, 16], "uv_size": [0, 0]}
							}
						},
						{
							"origin": [-1.2, 20.92479, -14.75021],
							"size": [2.4, 3, 2.1],
							"pivot": [0, 20.32479, -3.05021],
							"rotation": [22.5, 0, 0],
							"uv": {
								"north": {"uv": [0, 16], "uv_size": [0, 0]},
								"east": {"uv": [0, 16], "uv_size": [0, 0]},
								"south": {"uv": [0, 16], "uv_size": [0, 0]},
								"west": {"uv": [0, 16], "uv_size": [0, 0]},
								"up": {"uv": [0, 16], "uv_size": [0, 0]},
								"down": {"uv": [0, 16], "uv_size": [0, 0]}
							}
						}
					]
				},
				{
					"name": "gama_body",
					"parent": "gama",
					"pivot": [0, 18, 0],
					"cubes": [
						{
							"origin": [-6, 18.88594, -3.20902],
							"size": [12, 6.48, 7.32],
							"pivot": [1.2, 18.88594, -10.52902],
							"rotation": [-12.5, 0, 0],
							"uv": {
								"north": {"uv": [0, 4.625], "uv_size": [3.0625, 2.625]},
								"east": {"uv": [0, 4.625], "uv_size": [3.0625, 2.625]},
								"south": {"uv": [0, 4.625], "uv_size": [3.0625, 2.625]},
								"west": {"uv": [0, 4.625], "uv_size": [3.0625, 2.625]},
								"up": {"uv": [3.0625, 7.25], "uv_size": [-3.0625, -2.625]},
								"down": {"uv": [3.0625, 7.25], "uv_size": [-3.0625, -2.625]}
							}
						},
						{
							"origin": [-6, 21.35886, 2.73437],
							"size": [12, 6.48, 5.82],
							"pivot": [1.2, 21.35886, -4.58563],
							"rotation": [-37.5, 0, 0],
							"uv": {
								"north": {"uv": [0, 4.625], "uv_size": [3.0625, 2.625]},
								"east": {"uv": [0, 4.625], "uv_size": [3.0625, 2.625]},
								"south": {"uv": [0, 4.625], "uv_size": [3.0625, 2.625]},
								"west": {"uv": [0, 4.625], "uv_size": [3.0625, 2.625]},
								"up": {"uv": [3.0625, 7.25], "uv_size": [-3.0625, -2.625]},
								"down": {"uv": [3.0625, 7.25], "uv_size": [-3.0625, -2.625]}
							}
						},
						{
							"origin": [-4.32764, 20.66657, -1.60771],
							"size": [3.48, 6.48, 12.6],
							"pivot": [1.67236, 20.66657, -8.92771],
							"rotation": [-50.97496, -9.57658, 11.59948],
							"uv": {
								"north": {"uv": [0, 4.625], "uv_size": [3.0625, 2.625]},
								"east": {"uv": [0, 4.625], "uv_size": [3.0625, 2.625]},
								"south": {"uv": [0, 4.625], "uv_size": [3.0625, 2.625]},
								"west": {"uv": [0, 4.625], "uv_size": [3.0625, 2.625]},
								"up": {"uv": [3.0625, 7.25], "uv_size": [-3.0625, -2.625]},
								"down": {"uv": [3.0625, 7.25], "uv_size": [-3.0625, -2.625]}
							}
						},
						{
							"origin": [0.82988, 20.66657, -1.60771],
							"size": [3.48, 6.48, 12.6],
							"pivot": [-1.69012, 20.66657, -8.92771],
							"rotation": [-50.97496, 9.57658, -11.59948],
							"uv": {
								"north": {"uv": [3.0625, 4.625], "uv_size": [-3.0625, 2.625]},
								"east": {"uv": [3.0625, 4.625], "uv_size": [-3.0625, 2.625]},
								"south": {"uv": [3.0625, 4.625], "uv_size": [-3.0625, 2.625]},
								"west": {"uv": [3.0625, 4.625], "uv_size": [-3.0625, 2.625]},
								"up": {"uv": [3.0625, 4.625], "uv_size": [-3.0625, 2.625]},
								"down": {"uv": [3.0625, 4.625], "uv_size": [-3.0625, 2.625]}
							}
						},
						{
							"origin": [-9.27888, 22.4266, 9.70652],
							"size": [18.54, 6.48, 7.38],
							"pivot": [3.26112, 22.4266, -9.31348],
							"rotation": [-52.5, 0, 0],
							"uv": {
								"north": {"uv": [0, 4.625], "uv_size": [3.0625, 2.625]},
								"east": {"uv": [0, 4.625], "uv_size": [3.0625, 2.625]},
								"south": {"uv": [0, 4.625], "uv_size": [3.0625, 2.625]},
								"west": {"uv": [0, 4.625], "uv_size": [3.0625, 2.625]},
								"up": {"uv": [3.0625, 7.25], "uv_size": [-3.0625, -2.625]},
								"down": {"uv": [3.0625, 7.25], "uv_size": [-3.0625, -2.625]}
							}
						},
						{
							"origin": [-6.87888, 28.65518, 15.1683],
							"size": [13.74, 8.28, 13.26],
							"pivot": [3.26112, 30.75518, 2.0283],
							"rotation": [-82.5, 0, 0],
							"uv": {
								"north": {"uv": [0, 4.625], "uv_size": [3.0625, 2.625]},
								"east": {"uv": [0, 4.625], "uv_size": [3.0625, 2.625]},
								"south": {"uv": [0, 4.625], "uv_size": [3.0625, 2.625]},
								"west": {"uv": [0, 4.625], "uv_size": [3.0625, 2.625]},
								"up": {"uv": [3.0625, 7.25], "uv_size": [-3.0625, -2.625]},
								"down": {"uv": [3.0625, 7.25], "uv_size": [-3.0625, -2.625]}
							}
						},
						{
							"origin": [-6, 22.8, -2.28],
							"size": [12, 6.48, 13.08],
							"pivot": [0, 22.8, -9.6],
							"rotation": [-52.5, 0, 0],
							"uv": {
								"north": {"uv": [0, 4.625], "uv_size": [3.0625, 2.625]},
								"east": {"uv": [0, 4.625], "uv_size": [3.0625, 2.625]},
								"south": {"uv": [0, 4.625], "uv_size": [3.0625, 2.625]},
								"west": {"uv": [0, 4.625], "uv_size": [3.0625, 2.625]},
								"up": {"uv": [3.0625, 7.25], "uv_size": [-3.0625, -2.625]},
								"down": {"uv": [3.0625, 7.25], "uv_size": [-3.0625, -2.625]}
							}
						},
						{
							"origin": [-6, 21.9, 1.32],
							"size": [12, 1.08, 15.48],
							"pivot": [0, 22.8, -9.6],
							"rotation": [-52.5, 0, 0],
							"uv": {
								"north": {"uv": [3.3125, 4.75], "uv_size": [1.1875, 1.125]},
								"east": {"uv": [3.3125, 4.75], "uv_size": [1.1875, 1.125]},
								"south": {"uv": [3.3125, 4.75], "uv_size": [1.1875, 1.125]},
								"west": {"uv": [3.3125, 4.75], "uv_size": [1.1875, 1.125]},
								"up": {"uv": [4.5, 5.875], "uv_size": [-1.1875, -1.125]},
								"down": {"uv": [4.5, 5.875], "uv_size": [-1.1875, -1.125]}
							}
						},
						{
							"origin": [-6, 20.67, 4.38],
							"size": [12, 1.98, 12],
							"pivot": [0, 22.8, -9.6],
							"rotation": [-52.5, 0, 0],
							"uv": {
								"north": {"uv": [3.3125, 4.75], "uv_size": [1.1875, 1.125]},
								"east": {"uv": [3.3125, 4.75], "uv_size": [1.1875, 1.125]},
								"south": {"uv": [3.3125, 4.75], "uv_size": [1.1875, 1.125]},
								"west": {"uv": [3.3125, 4.75], "uv_size": [1.1875, 1.125]},
								"up": {"uv": [4.5, 5.875], "uv_size": [-1.1875, -1.125]},
								"down": {"uv": [12, 3.3125], "uv_size": [-3.4375, 3.5625]}
							}
						},
						{
							"origin": [-8.07888, 20.3266, 6.10652],
							"size": [16.14, 2.94, 9.78],
							"pivot": [3.26112, 22.4266, -9.31348],
							"rotation": [-52.5, 0, 0],
							"uv": {
								"north": {"uv": [3.3125, 4.75], "uv_size": [1.1875, 1.125]},
								"east": {"uv": [3.3125, 4.75], "uv_size": [1.1875, 1.125]},
								"south": {"uv": [3.3125, 4.75], "uv_size": [1.1875, 1.125]},
								"west": {"uv": [3.3125, 4.75], "uv_size": [1.1875, 1.125]},
								"up": {"uv": [4.5, 5.875], "uv_size": [-1.1875, -1.125]},
								"down": {"uv": [4.5, 5.875], "uv_size": [-1.1875, -1.125]}
							}
						}
					]
				},
				{
					"name": "gama_rightarm",
					"parent": "gama_body",
					"pivot": [-6.9, 14.4, -2.4],
					"rotation": [10.07558, 0.86717, 9.96271],
					"cubes": [
						{
							"origin": [-9, 4.08, -3.6],
							"size": [2.4, 12.12, 2.4],
							"uv": {
								"north": {"uv": [0, 4.625], "uv_size": [3.0625, 2.625]},
								"east": {"uv": [0, 4.625], "uv_size": [3.0625, 2.625]},
								"south": {"uv": [0, 4.625], "uv_size": [3.0625, 2.625]},
								"west": {"uv": [0, 4.625], "uv_size": [3.0625, 2.625]},
								"up": {"uv": [3.0625, 7.25], "uv_size": [-3.0625, -2.625]},
								"down": {"uv": [3.0625, 7.25], "uv_size": [-3.0625, -2.625]}
							}
						},
						{
							"origin": [-9.3, 10.2, -3.9],
							"size": [3, 5.4, 3],
							"uv": {
								"north": {"uv": [0, 4.625], "uv_size": [3.0625, 2.625]},
								"east": {"uv": [0, 4.625], "uv_size": [3.0625, 2.625]},
								"south": {"uv": [0, 4.625], "uv_size": [3.0625, 2.625]},
								"west": {"uv": [0, 4.625], "uv_size": [3.0625, 2.625]},
								"up": {"uv": [3.0625, 7.25], "uv_size": [-3.0625, -2.625]},
								"down": {"uv": [3.0625, 7.25], "uv_size": [-3.0625, -2.625]}
							}
						}
					]
				},
				{
					"name": "bone9",
					"parent": "gama_rightarm",
					"pivot": [-7.8, 4.2, -2.4],
					"rotation": [-12.5, 0, -12.5],
					"cubes": [
						{
							"origin": [-9, -0.6, -3.6],
							"size": [2.4, 5.4, 2.4],
							"uv": {
								"north": {"uv": [0, 4.625], "uv_size": [3.0625, 2.625]},
								"east": {"uv": [0, 4.625], "uv_size": [3.0625, 2.625]},
								"south": {"uv": [0, 4.625], "uv_size": [3.0625, 2.625]},
								"west": {"uv": [0, 4.625], "uv_size": [3.0625, 2.625]},
								"up": {"uv": [3.0625, 7.25], "uv_size": [-3.0625, -2.625]},
								"down": {"uv": [3.0625, 7.25], "uv_size": [-3.0625, -2.625]}
							}
						},
						{
							"origin": [-9.0498, -0.60338, -6.50856],
							"size": [2.4, 1.5, 5.1],
							"uv": {
								"north": {"uv": [0, 4.625], "uv_size": [3.0625, 2.625]},
								"east": {"uv": [0, 4.625], "uv_size": [3.0625, 2.625]},
								"south": {"uv": [0, 4.625], "uv_size": [3.0625, 2.625]},
								"west": {"uv": [0, 4.625], "uv_size": [3.0625, 2.625]},
								"up": {"uv": [3.0625, 7.25], "uv_size": [-3.0625, -2.625]},
								"down": {"uv": [3.0625, 7.25], "uv_size": [-3.0625, -2.625]}
							}
						},
						{
							"origin": [-8.4498, -0.60338, -9.50856],
							"size": [1.2, 1.2, 8.1],
							"uv": {
								"north": {"uv": [0, 4.625], "uv_size": [3.0625, 2.625]},
								"east": {"uv": [0, 4.625], "uv_size": [3.0625, 2.625]},
								"south": {"uv": [0, 4.625], "uv_size": [3.0625, 2.625]},
								"west": {"uv": [0, 4.625], "uv_size": [3.0625, 2.625]},
								"up": {"uv": [3.0625, 7.25], "uv_size": [-3.0625, -2.625]},
								"down": {"uv": [3.0625, 7.25], "uv_size": [-3.0625, -2.625]}
							}
						},
						{
							"origin": [-9.36454, -0.60338, -3.12494],
							"size": [2.7, 1.5, 4.2],
							"pivot": [0.38546, 2.39662, -0.12494],
							"rotation": [0, -20, 0],
							"uv": {
								"north": {"uv": [0, 4.625], "uv_size": [3.0625, 2.625]},
								"east": {"uv": [0, 4.625], "uv_size": [3.0625, 2.625]},
								"south": {"uv": [0, 4.625], "uv_size": [3.0625, 2.625]},
								"west": {"uv": [0, 4.625], "uv_size": [3.0625, 2.625]},
								"up": {"uv": [3.0625, 7.25], "uv_size": [-3.0625, -2.625]},
								"down": {"uv": [3.0625, 7.25], "uv_size": [-3.0625, -2.625]}
							}
						},
						{
							"origin": [-7.86454, -0.60338, -6.42494],
							"size": [1.2, 1.2, 7.5],
							"pivot": [0.38546, 2.39662, -0.12494],
							"rotation": [0, -20, 0],
							"uv": {
								"north": {"uv": [0, 4.625], "uv_size": [3.0625, 2.625]},
								"east": {"uv": [0, 4.625], "uv_size": [3.0625, 2.625]},
								"south": {"uv": [0, 4.625], "uv_size": [3.0625, 2.625]},
								"west": {"uv": [0, 4.625], "uv_size": [3.0625, 2.625]},
								"up": {"uv": [3.0625, 7.25], "uv_size": [-3.0625, -2.625]},
								"down": {"uv": [3.0625, 7.25], "uv_size": [-3.0625, -2.625]}
							}
						},
						{
							"origin": [-9.03505, -0.60338, -3.12494],
							"size": [2.7, 1.5, 4.2],
							"pivot": [-16.08505, 2.39662, -0.12494],
							"rotation": [0, 20, 0],
							"uv": {
								"north": {"uv": [3.0625, 4.625], "uv_size": [-3.0625, 2.625]},
								"east": {"uv": [3.0625, 4.625], "uv_size": [-3.0625, 2.625]},
								"south": {"uv": [3.0625, 4.625], "uv_size": [-3.0625, 2.625]},
								"west": {"uv": [3.0625, 4.625], "uv_size": [-3.0625, 2.625]},
								"up": {"uv": [3.0625, 4.625], "uv_size": [-3.0625, 2.625]},
								"down": {"uv": [3.0625, 4.625], "uv_size": [-3.0625, 2.625]}
							}
						},
						{
							"origin": [-9.03505, -0.60338, -6.42494],
							"size": [1.2, 1.2, 7.5],
							"pivot": [-16.08505, 2.39662, -0.12494],
							"rotation": [0, 20, 0],
							"uv": {
								"north": {"uv": [3.0625, 4.625], "uv_size": [-3.0625, 2.625]},
								"east": {"uv": [3.0625, 4.625], "uv_size": [-3.0625, 2.625]},
								"south": {"uv": [3.0625, 4.625], "uv_size": [-3.0625, 2.625]},
								"west": {"uv": [3.0625, 4.625], "uv_size": [-3.0625, 2.625]},
								"up": {"uv": [3.0625, 4.625], "uv_size": [-3.0625, 2.625]},
								"down": {"uv": [3.0625, 4.625], "uv_size": [-3.0625, 2.625]}
							}
						}
					]
				},
				{
					"name": "gama_leftarm",
					"parent": "gama_body",
					"pivot": [6.9, 14.4, -2.4],
					"rotation": [10.07558, -0.86717, -9.96271],
					"cubes": [
						{
							"origin": [6.6, 4.08, -3.6],
							"size": [2.4, 12.12, 2.4],
							"uv": {
								"north": {"uv": [3.0625, 4.625], "uv_size": [-3.0625, 2.625]},
								"east": {"uv": [3.0625, 4.625], "uv_size": [-3.0625, 2.625]},
								"south": {"uv": [3.0625, 4.625], "uv_size": [-3.0625, 2.625]},
								"west": {"uv": [3.0625, 4.625], "uv_size": [-3.0625, 2.625]},
								"up": {"uv": [3.0625, 4.625], "uv_size": [-3.0625, 2.625]},
								"down": {"uv": [3.0625, 4.625], "uv_size": [-3.0625, 2.625]}
							}
						},
						{
							"origin": [6.3, 10.2, -3.9],
							"size": [3, 5.4, 3],
							"uv": {
								"north": {"uv": [3.0625, 4.625], "uv_size": [-3.0625, 2.625]},
								"east": {"uv": [3.0625, 4.625], "uv_size": [-3.0625, 2.625]},
								"south": {"uv": [3.0625, 4.625], "uv_size": [-3.0625, 2.625]},
								"west": {"uv": [3.0625, 4.625], "uv_size": [-3.0625, 2.625]},
								"up": {"uv": [3.0625, 4.625], "uv_size": [-3.0625, 2.625]},
								"down": {"uv": [3.0625, 4.625], "uv_size": [-3.0625, 2.625]}
							}
						}
					]
				},
				{
					"name": "bone2",
					"parent": "gama_leftarm",
					"pivot": [7.8, 4.2, -2.4],
					"rotation": [-12.5, 0, 12.5],
					"cubes": [
						{
							"origin": [6.6, -0.6, -3.6],
							"size": [2.4, 5.4, 2.4],
							"uv": {
								"north": {"uv": [3.0625, 4.625], "uv_size": [-3.0625, 2.625]},
								"east": {"uv": [3.0625, 4.625], "uv_size": [-3.0625, 2.625]},
								"south": {"uv": [3.0625, 4.625], "uv_size": [-3.0625, 2.625]},
								"west": {"uv": [3.0625, 4.625], "uv_size": [-3.0625, 2.625]},
								"up": {"uv": [3.0625, 4.625], "uv_size": [-3.0625, 2.625]},
								"down": {"uv": [3.0625, 4.625], "uv_size": [-3.0625, 2.625]}
							}
						},
						{
							"origin": [6.6498, -0.60338, -6.50856],
							"size": [2.4, 1.5, 5.1],
							"uv": {
								"north": {"uv": [3.0625, 4.625], "uv_size": [-3.0625, 2.625]},
								"east": {"uv": [3.0625, 4.625], "uv_size": [-3.0625, 2.625]},
								"south": {"uv": [3.0625, 4.625], "uv_size": [-3.0625, 2.625]},
								"west": {"uv": [3.0625, 4.625], "uv_size": [-3.0625, 2.625]},
								"up": {"uv": [3.0625, 4.625], "uv_size": [-3.0625, 2.625]},
								"down": {"uv": [3.0625, 4.625], "uv_size": [-3.0625, 2.625]}
							}
						},
						{
							"origin": [7.2498, -0.60338, -9.50856],
							"size": [1.2, 1.2, 8.1],
							"uv": {
								"north": {"uv": [3.0625, 4.625], "uv_size": [-3.0625, 2.625]},
								"east": {"uv": [3.0625, 4.625], "uv_size": [-3.0625, 2.625]},
								"south": {"uv": [3.0625, 4.625], "uv_size": [-3.0625, 2.625]},
								"west": {"uv": [3.0625, 4.625], "uv_size": [-3.0625, 2.625]},
								"up": {"uv": [3.0625, 4.625], "uv_size": [-3.0625, 2.625]},
								"down": {"uv": [3.0625, 4.625], "uv_size": [-3.0625, 2.625]}
							}
						},
						{
							"origin": [6.66455, -0.60338, -3.12494],
							"size": [2.7, 1.5, 4.2],
							"pivot": [-0.38545, 2.39662, -0.12494],
							"rotation": [0, 20, 0],
							"uv": {
								"north": {"uv": [3.0625, 4.625], "uv_size": [-3.0625, 2.625]},
								"east": {"uv": [3.0625, 4.625], "uv_size": [-3.0625, 2.625]},
								"south": {"uv": [3.0625, 4.625], "uv_size": [-3.0625, 2.625]},
								"west": {"uv": [3.0625, 4.625], "uv_size": [-3.0625, 2.625]},
								"up": {"uv": [3.0625, 4.625], "uv_size": [-3.0625, 2.625]},
								"down": {"uv": [3.0625, 4.625], "uv_size": [-3.0625, 2.625]}
							}
						},
						{
							"origin": [6.66455, -0.60338, -6.42494],
							"size": [1.2, 1.2, 7.5],
							"pivot": [-0.38545, 2.39662, -0.12494],
							"rotation": [0, 20, 0],
							"uv": {
								"north": {"uv": [3.0625, 4.625], "uv_size": [-3.0625, 2.625]},
								"east": {"uv": [3.0625, 4.625], "uv_size": [-3.0625, 2.625]},
								"south": {"uv": [3.0625, 4.625], "uv_size": [-3.0625, 2.625]},
								"west": {"uv": [3.0625, 4.625], "uv_size": [-3.0625, 2.625]},
								"up": {"uv": [3.0625, 4.625], "uv_size": [-3.0625, 2.625]},
								"down": {"uv": [3.0625, 4.625], "uv_size": [-3.0625, 2.625]}
							}
						},
						{
							"origin": [6.33506, -0.60338, -3.12494],
							"size": [2.7, 1.5, 4.2],
							"pivot": [16.08505, 2.39662, -0.12494],
							"rotation": [0, -20, 0],
							"uv": {
								"north": {"uv": [0, 4.625], "uv_size": [3.0625, 2.625]},
								"east": {"uv": [0, 4.625], "uv_size": [3.0625, 2.625]},
								"south": {"uv": [0, 4.625], "uv_size": [3.0625, 2.625]},
								"west": {"uv": [0, 4.625], "uv_size": [3.0625, 2.625]},
								"up": {"uv": [3.0625, 7.25], "uv_size": [-3.0625, -2.625]},
								"down": {"uv": [3.0625, 7.25], "uv_size": [-3.0625, -2.625]}
							}
						},
						{
							"origin": [7.83506, -0.60338, -6.42494],
							"size": [1.2, 1.2, 7.5],
							"pivot": [16.08505, 2.39662, -0.12494],
							"rotation": [0, -20, 0],
							"uv": {
								"north": {"uv": [0, 4.625], "uv_size": [3.0625, 2.625]},
								"east": {"uv": [0, 4.625], "uv_size": [3.0625, 2.625]},
								"south": {"uv": [0, 4.625], "uv_size": [3.0625, 2.625]},
								"west": {"uv": [0, 4.625], "uv_size": [3.0625, 2.625]},
								"up": {"uv": [3.0625, 7.25], "uv_size": [-3.0625, -2.625]},
								"down": {"uv": [3.0625, 7.25], "uv_size": [-3.0625, -2.625]}
							}
						}
					]
				},
				{
					"name": "gama_rightleg",
					"parent": "gama_body",
					"pivot": [-9.3, 4.8, 8.4],
					"rotation": [-113.34288, 30.32448, -12.2921],
					"cubes": [
						{
							"origin": [-11.4, -2.52, 6.69],
							"size": [2.4, 9.72, 3.3],
							"uv": {
								"north": {"uv": [0, 4.625], "uv_size": [3.0625, 2.625]},
								"east": {"uv": [0, 4.625], "uv_size": [3.0625, 2.625]},
								"south": {"uv": [0, 4.625], "uv_size": [3.0625, 2.625]},
								"west": {"uv": [0, 4.625], "uv_size": [3.0625, 2.625]},
								"up": {"uv": [3.0625, 7.25], "uv_size": [-3.0625, -2.625]},
								"down": {"uv": [3.0625, 7.25], "uv_size": [-3.0625, -2.625]}
							}
						},
						{
							"origin": [-11.7, 1.2, 6.39],
							"size": [3, 5.4, 4.2],
							"uv": {
								"north": {"uv": [0, 4.625], "uv_size": [3.0625, 2.625]},
								"east": {"uv": [0, 4.625], "uv_size": [3.0625, 2.625]},
								"south": {"uv": [0, 4.625], "uv_size": [3.0625, 2.625]},
								"west": {"uv": [0, 4.625], "uv_size": [3.0625, 2.625]},
								"up": {"uv": [3.0625, 7.25], "uv_size": [-3.0625, -2.625]},
								"down": {"uv": [3.0625, 7.25], "uv_size": [-3.0625, -2.625]}
							}
						}
					]
				},
				{
					"name": "bone13",
					"parent": "gama_rightleg",
					"pivot": [-10.53, -2.1, 9],
					"rotation": [150, 0, 0],
					"cubes": [
						{
							"origin": [-11.4, -9.3, 7.53],
							"size": [2.4, 6.9, 2.4],
							"uv": {
								"north": {"uv": [0, 4.625], "uv_size": [3.0625, 2.625]},
								"east": {"uv": [0, 4.625], "uv_size": [3.0625, 2.625]},
								"south": {"uv": [0, 4.625], "uv_size": [3.0625, 2.625]},
								"west": {"uv": [0, 4.625], "uv_size": [3.0625, 2.625]},
								"up": {"uv": [3.0625, 7.25], "uv_size": [-3.0625, -2.625]},
								"down": {"uv": [3.0625, 7.25], "uv_size": [-3.0625, -2.625]}
							}
						}
					]
				},
				{
					"name": "bone14",
					"parent": "bone13",
					"pivot": [-10.19826, -8.6565, 8.69165],
					"rotation": [-41.81615, 8.40819, 9.28293],
					"cubes": [
						{
							"origin": [-11.4498, -10.20338, 4.92144],
							"size": [2.4, 1.5, 5.1],
							"uv": {
								"north": {"uv": [0, 4.625], "uv_size": [3.0625, 2.625]},
								"east": {"uv": [0, 4.625], "uv_size": [3.0625, 2.625]},
								"south": {"uv": [0, 4.625], "uv_size": [3.0625, 2.625]},
								"west": {"uv": [0, 4.625], "uv_size": [3.0625, 2.625]},
								"up": {"uv": [3.0625, 7.25], "uv_size": [-3.0625, -2.625]},
								"down": {"uv": [3.0625, 7.25], "uv_size": [-3.0625, -2.625]}
							}
						},
						{
							"origin": [-10.8498, -10.20338, 1.92144],
							"size": [1.2, 1.2, 8.1],
							"uv": {
								"north": {"uv": [0, 4.625], "uv_size": [3.0625, 2.625]},
								"east": {"uv": [0, 4.625], "uv_size": [3.0625, 2.625]},
								"south": {"uv": [0, 4.625], "uv_size": [3.0625, 2.625]},
								"west": {"uv": [0, 4.625], "uv_size": [3.0625, 2.625]},
								"up": {"uv": [3.0625, 7.25], "uv_size": [-3.0625, -2.625]},
								"down": {"uv": [3.0625, 7.25], "uv_size": [-3.0625, -2.625]}
							}
						},
						{
							"origin": [-11.82722, -10.20338, 8.6107],
							"size": [2.7, 1.5, 4.2],
							"pivot": [-2.07722, -7.20338, 11.61071],
							"rotation": [0, -22.5, 0],
							"uv": {
								"north": {"uv": [0, 4.625], "uv_size": [3.0625, 2.625]},
								"east": {"uv": [0, 4.625], "uv_size": [3.0625, 2.625]},
								"south": {"uv": [0, 4.625], "uv_size": [3.0625, 2.625]},
								"west": {"uv": [0, 4.625], "uv_size": [3.0625, 2.625]},
								"up": {"uv": [3.0625, 7.25], "uv_size": [-3.0625, -2.625]},
								"down": {"uv": [3.0625, 7.25], "uv_size": [-3.0625, -2.625]}
							}
						},
						{
							"origin": [-10.32722, -10.20338, 5.31071],
							"size": [1.2, 1.2, 7.5],
							"pivot": [-2.07722, -7.20338, 11.61071],
							"rotation": [0, -22.5, 0],
							"uv": {
								"north": {"uv": [0, 4.625], "uv_size": [3.0625, 2.625]},
								"east": {"uv": [0, 4.625], "uv_size": [3.0625, 2.625]},
								"south": {"uv": [0, 4.625], "uv_size": [3.0625, 2.625]},
								"west": {"uv": [0, 4.625], "uv_size": [3.0625, 2.625]},
								"up": {"uv": [3.0625, 7.25], "uv_size": [-3.0625, -2.625]},
								"down": {"uv": [3.0625, 7.25], "uv_size": [-3.0625, -2.625]}
							}
						},
						{
							"origin": [-12.62836, -10.20338, 2.29643],
							"size": [2.7, 1.5, 4.2],
							"pivot": [-3.17836, -7.20338, 5.29642],
							"rotation": [0, 22.5, 0],
							"uv": {
								"north": {"uv": [0, 4.625], "uv_size": [3.0625, 2.625]},
								"east": {"uv": [0, 4.625], "uv_size": [3.0625, 2.625]},
								"south": {"uv": [0, 4.625], "uv_size": [3.0625, 2.625]},
								"west": {"uv": [0, 4.625], "uv_size": [3.0625, 2.625]},
								"up": {"uv": [3.0625, 7.25], "uv_size": [-3.0625, -2.625]},
								"down": {"uv": [3.0625, 7.25], "uv_size": [-3.0625, -2.625]}
							}
						},
						{
							"origin": [-12.62836, -10.20338, -0.70357],
							"size": [1.2, 1.2, 7.2],
							"pivot": [-3.17836, -7.20338, 5.29642],
							"rotation": [0, 22.5, 0],
							"uv": {
								"north": {"uv": [0, 4.625], "uv_size": [3.0625, 2.625]},
								"east": {"uv": [0, 4.625], "uv_size": [3.0625, 2.625]},
								"south": {"uv": [0, 4.625], "uv_size": [3.0625, 2.625]},
								"west": {"uv": [0, 4.625], "uv_size": [3.0625, 2.625]},
								"up": {"uv": [3.0625, 7.25], "uv_size": [-3.0625, -2.625]},
								"down": {"uv": [3.0625, 7.25], "uv_size": [-3.0625, -2.625]}
							}
						}
					]
				},
				{
					"name": "gama_leftleg",
					"parent": "gama_body",
					"pivot": [9.3, 4.8, 8.4],
					"rotation": [-113.34288, -30.32448, 12.2921],
					"cubes": [
						{
							"origin": [9, -2.52, 6.69],
							"size": [2.4, 9.72, 3.3],
							"uv": {
								"north": {"uv": [3.0625, 4.625], "uv_size": [-3.0625, 2.625]},
								"east": {"uv": [3.0625, 4.625], "uv_size": [-3.0625, 2.625]},
								"south": {"uv": [3.0625, 4.625], "uv_size": [-3.0625, 2.625]},
								"west": {"uv": [3.0625, 4.625], "uv_size": [-3.0625, 2.625]},
								"up": {"uv": [3.0625, 4.625], "uv_size": [-3.0625, 2.625]},
								"down": {"uv": [3.0625, 4.625], "uv_size": [-3.0625, 2.625]}
							}
						},
						{
							"origin": [8.7, 1.2, 6.39],
							"size": [3, 5.4, 4.2],
							"uv": {
								"north": {"uv": [3.0625, 4.625], "uv_size": [-3.0625, 2.625]},
								"east": {"uv": [3.0625, 4.625], "uv_size": [-3.0625, 2.625]},
								"south": {"uv": [3.0625, 4.625], "uv_size": [-3.0625, 2.625]},
								"west": {"uv": [3.0625, 4.625], "uv_size": [-3.0625, 2.625]},
								"up": {"uv": [3.0625, 4.625], "uv_size": [-3.0625, 2.625]},
								"down": {"uv": [3.0625, 4.625], "uv_size": [-3.0625, 2.625]}
							}
						}
					]
				},
				{
					"name": "bone3",
					"parent": "gama_leftleg",
					"pivot": [10.53, -2.1, 9],
					"rotation": [150, 0, 0],
					"cubes": [
						{
							"origin": [9, -9.3, 7.53],
							"size": [2.4, 6.9, 2.4],
							"uv": {
								"north": {"uv": [3.0625, 4.625], "uv_size": [-3.0625, 2.625]},
								"east": {"uv": [3.0625, 4.625], "uv_size": [-3.0625, 2.625]},
								"south": {"uv": [3.0625, 4.625], "uv_size": [-3.0625, 2.625]},
								"west": {"uv": [3.0625, 4.625], "uv_size": [-3.0625, 2.625]},
								"up": {"uv": [3.0625, 4.625], "uv_size": [-3.0625, 2.625]},
								"down": {"uv": [3.0625, 4.625], "uv_size": [-3.0625, 2.625]}
							}
						}
					]
				},
				{
					"name": "bone4",
					"parent": "bone3",
					"pivot": [10.19826, -8.6565, 8.69165],
					"rotation": [-41.81615, -8.40819, -9.28293],
					"cubes": [
						{
							"origin": [9.0498, -10.20338, 4.92144],
							"size": [2.4, 1.5, 5.1],
							"uv": {
								"north": {"uv": [3.0625, 4.625], "uv_size": [-3.0625, 2.625]},
								"east": {"uv": [3.0625, 4.625], "uv_size": [-3.0625, 2.625]},
								"south": {"uv": [3.0625, 4.625], "uv_size": [-3.0625, 2.625]},
								"west": {"uv": [3.0625, 4.625], "uv_size": [-3.0625, 2.625]},
								"up": {"uv": [3.0625, 4.625], "uv_size": [-3.0625, 2.625]},
								"down": {"uv": [3.0625, 4.625], "uv_size": [-3.0625, 2.625]}
							}
						},
						{
							"origin": [9.6498, -10.20338, 1.92144],
							"size": [1.2, 1.2, 8.1],
							"uv": {
								"north": {"uv": [3.0625, 4.625], "uv_size": [-3.0625, 2.625]},
								"east": {"uv": [3.0625, 4.625], "uv_size": [-3.0625, 2.625]},
								"south": {"uv": [3.0625, 4.625], "uv_size": [-3.0625, 2.625]},
								"west": {"uv": [3.0625, 4.625], "uv_size": [-3.0625, 2.625]},
								"up": {"uv": [3.0625, 4.625], "uv_size": [-3.0625, 2.625]},
								"down": {"uv": [3.0625, 4.625], "uv_size": [-3.0625, 2.625]}
							}
						},
						{
							"origin": [9.12722, -10.20338, 8.6107],
							"size": [2.7, 1.5, 4.2],
							"pivot": [2.07722, -7.20338, 11.61071],
							"rotation": [0, 22.5, 0],
							"uv": {
								"north": {"uv": [3.0625, 4.625], "uv_size": [-3.0625, 2.625]},
								"east": {"uv": [3.0625, 4.625], "uv_size": [-3.0625, 2.625]},
								"south": {"uv": [3.0625, 4.625], "uv_size": [-3.0625, 2.625]},
								"west": {"uv": [3.0625, 4.625], "uv_size": [-3.0625, 2.625]},
								"up": {"uv": [3.0625, 4.625], "uv_size": [-3.0625, 2.625]},
								"down": {"uv": [3.0625, 4.625], "uv_size": [-3.0625, 2.625]}
							}
						},
						{
							"origin": [9.12722, -10.20338, 5.31071],
							"size": [1.2, 1.2, 7.5],
							"pivot": [2.07722, -7.20338, 11.61071],
							"rotation": [0, 22.5, 0],
							"uv": {
								"north": {"uv": [3.0625, 4.625], "uv_size": [-3.0625, 2.625]},
								"east": {"uv": [3.0625, 4.625], "uv_size": [-3.0625, 2.625]},
								"south": {"uv": [3.0625, 4.625], "uv_size": [-3.0625, 2.625]},
								"west": {"uv": [3.0625, 4.625], "uv_size": [-3.0625, 2.625]},
								"up": {"uv": [3.0625, 4.625], "uv_size": [-3.0625, 2.625]},
								"down": {"uv": [3.0625, 4.625], "uv_size": [-3.0625, 2.625]}
							}
						},
						{
							"origin": [9.92836, -10.20338, 2.29643],
							"size": [2.7, 1.5, 4.2],
							"pivot": [3.17836, -7.20338, 5.29642],
							"rotation": [0, -22.5, 0],
							"uv": {
								"north": {"uv": [3.0625, 4.625], "uv_size": [-3.0625, 2.625]},
								"east": {"uv": [3.0625, 4.625], "uv_size": [-3.0625, 2.625]},
								"south": {"uv": [3.0625, 4.625], "uv_size": [-3.0625, 2.625]},
								"west": {"uv": [3.0625, 4.625], "uv_size": [-3.0625, 2.625]},
								"up": {"uv": [3.0625, 4.625], "uv_size": [-3.0625, 2.625]},
								"down": {"uv": [3.0625, 4.625], "uv_size": [-3.0625, 2.625]}
							}
						},
						{
							"origin": [11.42836, -10.20338, -0.70357],
							"size": [1.2, 1.2, 7.2],
							"pivot": [3.17836, -7.20338, 5.29642],
							"rotation": [0, -22.5, 0],
							"uv": {
								"north": {"uv": [3.0625, 4.625], "uv_size": [-3.0625, 2.625]},
								"east": {"uv": [3.0625, 4.625], "uv_size": [-3.0625, 2.625]},
								"south": {"uv": [3.0625, 4.625], "uv_size": [-3.0625, 2.625]},
								"west": {"uv": [3.0625, 4.625], "uv_size": [-3.0625, 2.625]},
								"up": {"uv": [3.0625, 4.625], "uv_size": [-3.0625, 2.625]},
								"down": {"uv": [3.0625, 4.625], "uv_size": [-3.0625, 2.625]}
							}
						}
					]
				}
			]
		}
	]
}