{
	"format_version": "1.12.0",
	"minecraft:geometry": [
		{
			"description": {
				"identifier": "geometry.seiteishirazu",
				"texture_width": 16,
				"texture_height": 16,
				"visible_bounds_width": 3,
				"visible_bounds_height": 2.5,
				"visible_bounds_offset": [0, 0.75, 0]
			},
			"bones": [
				{
					"name": "gama",
					"pivot": [0, 0, 0]
				},
				{
					"name": "gama_head",
					"parent": "gama",
					"pivot": [0, 6, -0.8],
					"cubes": [
						{
							"origin": [-2.2, 5.5, -3.3],
							"size": [4.4, 0.88, 2.64],
							"uv": {
								"north": {"uv": [16, 0], "uv_size": [0, 0]},
								"east": {"uv": [16, 0], "uv_size": [0, 0]},
								"south": {"uv": [16, 0], "uv_size": [0, 0]},
								"west": {"uv": [16, 0], "uv_size": [0, 0]},
								"up": {"uv": [16, 0], "uv_size": [0, 0]},
								"down": {"uv": [16, 0], "uv_size": [0, 0]}
							}
						},
						{
							"origin": [-2.2, 5.5, -2.376],
							"size": [4.4, 2.376, 1.716],
							"uv": {
								"north": {"uv": [16, 0], "uv_size": [0, 0]},
								"east": {"uv": [16, 0], "uv_size": [0, 0]},
								"south": {"uv": [16, 0], "uv_size": [0, 0]},
								"west": {"uv": [16, 0], "uv_size": [0, 0]},
								"up": {"uv": [16, 0], "uv_size": [0, 0]},
								"down": {"uv": [16, 0], "uv_size": [0, 0]}
							}
						},
						{
							"origin": [0.31895, 5.5, -3.75789],
							"size": [1.54, 2.311, 1.716],
							"pivot": [-0.34105, 5.5, -2.48189],
							"rotation": [0, -32.5, 0],
							"uv": {
								"north": {"uv": [16, 0], "uv_size": [0, 0]},
								"east": {"uv": [16, 0], "uv_size": [0, 0]},
								"south": {"uv": [16, 0], "uv_size": [0, 0]},
								"west": {"uv": [16, 0], "uv_size": [0, 0]},
								"up": {"uv": [16, 0], "uv_size": [0, 0]},
								"down": {"uv": [16, 0], "uv_size": [0, 0]}
							}
						},
						{
							"origin": [-1.85894, 5.5, -3.75789],
							"size": [1.54, 2.311, 1.716],
							"pivot": [0.34106, 5.5, -2.48189],
							"rotation": [0, 32.5, 0],
							"uv": {
								"north": {"uv": [16, 0], "uv_size": [0, 0]},
								"east": {"uv": [16, 0], "uv_size": [0, 0]},
								"south": {"uv": [16, 0], "uv_size": [0, 0]},
								"west": {"uv": [16, 0], "uv_size": [0, 0]},
								"up": {"uv": [16, 0], "uv_size": [0, 0]},
								"down": {"uv": [16, 0], "uv_size": [0, 0]}
							}
						},
						{
							"origin": [-1.43894, 5.715, -5.14589],
							"size": [1.1, 1.056, 1.716],
							"pivot": [0.34106, 5.375, -2.73189],
							"rotation": [-27.5, 45, 0],
							"uv": {
								"north": {"uv": [1, 9], "uv_size": [2, 2]},
								"east": {"uv": [1, 9], "uv_size": [2, 2]},
								"south": {"uv": [1, 9], "uv_size": [2, 2]},
								"west": {"uv": [1, 9], "uv_size": [2, 2]},
								"up": {"uv": [3, 11], "uv_size": [-2, -2]},
								"down": {"uv": [3, 11], "uv_size": [-2, -2]}
							}
						},
						{
							"origin": [-1.33894, 6.115, -5.15589],
							"size": [0.9, 0.256, 1.726],
							"pivot": [0.34106, 5.375, -2.73189],
							"rotation": [-27.5, 45, 0],
							"uv": {
								"north": {"uv": [5, 9], "uv_size": [2, 2]},
								"east": {"uv": [5, 9], "uv_size": [2, 2]},
								"south": {"uv": [5, 9], "uv_size": [2, 2]},
								"west": {"uv": [5, 9], "uv_size": [2, 2]},
								"up": {"uv": [7, 11], "uv_size": [-2, -2]},
								"down": {"uv": [7, 11], "uv_size": [-2, -2]}
							}
						},
						{
							"origin": [-4.16105, 0.715, -14.66589],
							"size": [1.1, 1.056, 1.716],
							"pivot": [-15.54105, 5.375, -2.73189],
							"rotation": [-27.5, -45, 0],
							"uv": {
								"north": {"uv": [1, 9], "uv_size": [2, 2]},
								"east": {"uv": [1, 9], "uv_size": [2, 2]},
								"south": {"uv": [1, 9], "uv_size": [2, 2]},
								"west": {"uv": [1, 9], "uv_size": [2, 2]},
								"up": {"uv": [3, 11], "uv_size": [-2, -2]},
								"down": {"uv": [3, 11], "uv_size": [-2, -2]}
							}
						},
						{
							"origin": [-4.06105, 1.115, -14.67589],
							"size": [0.9, 0.256, 1.726],
							"pivot": [-15.54105, 5.375, -2.73189],
							"rotation": [-27.5, -45, 0],
							"uv": {
								"north": {"uv": [5, 9], "uv_size": [2, 2]},
								"east": {"uv": [5, 9], "uv_size": [2, 2]},
								"south": {"uv": [5, 9], "uv_size": [2, 2]},
								"west": {"uv": [5, 9], "uv_size": [2, 2]},
								"up": {"uv": [7, 11], "uv_size": [-2, -2]},
								"down": {"uv": [7, 11], "uv_size": [-2, -2]}
							}
						},
						{
							"origin": [-0.95851, 5.5, -4.54451],
							"size": [1.914, 0.88, 2.64],
							"uv": {
								"north": {"uv": [16, 0], "uv_size": [0, 0]},
								"east": {"uv": [16, 0], "uv_size": [0, 0]},
								"south": {"uv": [16, 0], "uv_size": [0, 0]},
								"west": {"uv": [16, 0], "uv_size": [0, 0]},
								"up": {"uv": [16, 0], "uv_size": [0, 0]},
								"down": {"uv": [16, 0], "uv_size": [0, 0]}
							}
						},
						{
							"origin": [-0.95851, 5.74402, -1.90763],
							"size": [1.914, 2.057, 0.11],
							"pivot": [-1.24451, 6.92102, -2.23763],
							"rotation": [35, 0, 0],
							"uv": {
								"north": {"uv": [16, 0], "uv_size": [0, 0]},
								"east": {"uv": [16, 0], "uv_size": [0, 0]},
								"south": {"uv": [16, 0], "uv_size": [0, 0]},
								"west": {"uv": [16, 0], "uv_size": [0, 0]},
								"up": {"uv": [16, 0], "uv_size": [0, 0]},
								"down": {"uv": [16, 0], "uv_size": [0, 0]}
							}
						},
						{
							"origin": [-0.95851, 6.74502, -4.42663],
							"size": [0.974, 1.056, 2.629],
							"pivot": [-1.24451, 6.92102, -2.23763],
							"rotation": [35, 0, 0],
							"uv": {
								"north": {"uv": [16, 0], "uv_size": [0, 0]},
								"east": {"uv": [16, 0], "uv_size": [0, 0]},
								"south": {"uv": [16, 0], "uv_size": [0, 0]},
								"west": {"uv": [16, 0], "uv_size": [0, 0]},
								"up": {"uv": [16, 0], "uv_size": [0, 0]},
								"down": {"uv": [16, 0], "uv_size": [0, 0]}
							}
						},
						{
							"origin": [-0.01549, 6.74502, -4.42663],
							"size": [0.974, 1.056, 2.629],
							"pivot": [1.24451, 6.92102, -2.23763],
							"rotation": [35, 0, 0],
							"uv": {
								"north": {"uv": [16, 0], "uv_size": [0, 0]},
								"east": {"uv": [16, 0], "uv_size": [0, 0]},
								"south": {"uv": [16, 0], "uv_size": [0, 0]},
								"west": {"uv": [16, 0], "uv_size": [0, 0]},
								"up": {"uv": [16, 0], "uv_size": [0, 0]},
								"down": {"uv": [16, 0], "uv_size": [0, 0]}
							}
						},
						{
							"origin": [0.00324, 5.5, -3.37549],
							"size": [2.53, 0.88, 1.76],
							"pivot": [0.33324, 5.5, -2.05549],
							"rotation": [0, 45, 0],
							"uv": {
								"north": {"uv": [16, 0], "uv_size": [0, 0]},
								"east": {"uv": [16, 0], "uv_size": [0, 0]},
								"south": {"uv": [16, 0], "uv_size": [0, 0]},
								"west": {"uv": [16, 0], "uv_size": [0, 0]},
								"up": {"uv": [16, 0], "uv_size": [0, 0]},
								"down": {"uv": [16, 0], "uv_size": [0, 0]}
							}
						},
						{
							"origin": [-2.53324, 5.5, -3.37549],
							"size": [2.53, 0.88, 1.76],
							"pivot": [-0.33324, 5.5, -2.05549],
							"rotation": [0, -45, 0],
							"uv": {
								"north": {"uv": [16, 0], "uv_size": [0, 0]},
								"east": {"uv": [16, 0], "uv_size": [0, 0]},
								"south": {"uv": [16, 0], "uv_size": [0, 0]},
								"west": {"uv": [16, 0], "uv_size": [0, 0]},
								"up": {"uv": [16, 0], "uv_size": [0, 0]},
								"down": {"uv": [16, 0], "uv_size": [0, 0]}
							}
						}
					]
				},
				{
					"name": "gama_mouth",
					"parent": "gama_head",
					"pivot": [0.29992, 4.807, -1.15994],
					"rotation": [15, 0, 0],
					"cubes": [
						{
							"origin": [-0.86265, 4.807, -4.20005],
							"size": [1.7226, 0.792, 2.376],
							"uv": {
								"north": {"uv": [16, 0], "uv_size": [0, 0]},
								"east": {"uv": [16, 0], "uv_size": [0, 0]},
								"south": {"uv": [16, 0], "uv_size": [0, 0]},
								"west": {"uv": [16, 0], "uv_size": [0, 0]},
								"up": {"uv": [16, 0], "uv_size": [0, 0]},
								"down": {"uv": [16, 0], "uv_size": [0, 0]}
							}
						},
						{
							"origin": [-2.27991, 4.807, -3.14794],
							"size": [2.277, 0.792, 1.584],
							"pivot": [-0.29991, 4.807, -1.95994],
							"rotation": [0, -45, 0],
							"uv": {
								"north": {"uv": [16, 0], "uv_size": [0, 0]},
								"east": {"uv": [16, 0], "uv_size": [0, 0]},
								"south": {"uv": [16, 0], "uv_size": [0, 0]},
								"west": {"uv": [16, 0], "uv_size": [0, 0]},
								"up": {"uv": [16, 0], "uv_size": [0, 0]},
								"down": {"uv": [16, 0], "uv_size": [0, 0]}
							}
						},
						{
							"origin": [-1.98, 4.807, -3.08],
							"size": [3.96, 0.792, 2.376],
							"uv": {
								"north": {"uv": [16, 0], "uv_size": [0, 0]},
								"east": {"uv": [16, 0], "uv_size": [0, 0]},
								"south": {"uv": [16, 0], "uv_size": [0, 0]},
								"west": {"uv": [16, 0], "uv_size": [0, 0]},
								"up": {"uv": [16, 0], "uv_size": [0, 0]},
								"down": {"uv": [16, 0], "uv_size": [0, 0]}
							}
						},
						{
							"origin": [-1.98, 4.37845, -3.12693],
							"size": [3.96, 0.792, 2.376],
							"pivot": [0, 4.37845, -1.14693],
							"rotation": [-12.5, 0, 0],
							"uv": {
								"north": {"uv": [16, 0], "uv_size": [0, 0]},
								"east": {"uv": [16, 0], "uv_size": [0, 0]},
								"south": {"uv": [16, 0], "uv_size": [0, 0]},
								"west": {"uv": [16, 0], "uv_size": [0, 0]},
								"up": {"uv": [16, 0], "uv_size": [0, 0]},
								"down": {"uv": [16, 0], "uv_size": [0, 0]}
							}
						},
						{
							"origin": [0.00291, 4.807, -3.14794],
							"size": [2.277, 0.792, 1.584],
							"pivot": [0.29992, 4.807, -1.95994],
							"rotation": [0, 45, 0],
							"uv": {
								"north": {"uv": [16, 0], "uv_size": [0, 0]},
								"east": {"uv": [16, 0], "uv_size": [0, 0]},
								"south": {"uv": [16, 0], "uv_size": [0, 0]},
								"west": {"uv": [16, 0], "uv_size": [0, 0]},
								"up": {"uv": [16, 0], "uv_size": [0, 0]},
								"down": {"uv": [16, 0], "uv_size": [0, 0]}
							}
						},
						{
							"origin": [-1.2, 5, -2.4],
							"size": [2.4, 1, 2],
							"pivot": [0, 4.8, -0.8],
							"rotation": [-10, 0, 0],
							"uv": {
								"north": {"uv": [5, 16], "uv_size": [0, 0]},
								"east": {"uv": [5, 16], "uv_size": [0, 0]},
								"south": {"uv": [5, 16], "uv_size": [0, 0]},
								"west": {"uv": [5, 16], "uv_size": [0, 0]},
								"up": {"uv": [5, 16], "uv_size": [0, 0]},
								"down": {"uv": [5, 16], "uv_size": [0, 0]}
							}
						}
					]
				},
				{
					"name": "shita",
					"parent": "gama_mouth",
					"pivot": [0, 4.8, -0.8],
					"rotation": [2.5, 0, 0],
					"cubes": [
						{
							"origin": [-0.4, 5, -4.7],
							"size": [0.8, 1, 2.3],
							"pivot": [0, 4.8, -0.8],
							"rotation": [-10, 0, 0],
							"uv": {
								"north": {"uv": [5, 16], "uv_size": [0, 0]},
								"east": {"uv": [5, 16], "uv_size": [0, 0]},
								"south": {"uv": [5, 16], "uv_size": [0, 0]},
								"west": {"uv": [5, 16], "uv_size": [0, 0]},
								"up": {"uv": [5, 16], "uv_size": [0, 0]},
								"down": {"uv": [5, 16], "uv_size": [0, 0]}
							}
						}
					]
				},
				{
					"name": "shita2",
					"parent": "shita",
					"pivot": [0, 6.06391, -4.21294],
					"cubes": [
						{
							"origin": [-0.4, 2.26243, -13.45905],
							"size": [0.8, 0.5, 0.4],
							"pivot": [0, 2.06243, -9.55906],
							"rotation": [-127.5, 0, 0],
							"uv": {
								"north": {"uv": [5, 16], "uv_size": [0, 0]},
								"east": {"uv": [5, 16], "uv_size": [0, 0]},
								"south": {"uv": [5, 16], "uv_size": [0, 0]},
								"west": {"uv": [5, 16], "uv_size": [0, 0]},
								"up": {"uv": [5, 16], "uv_size": [0, 0]},
								"down": {"uv": [5, 16], "uv_size": [0, 0]}
							}
						},
						{
							"origin": [-0.4, 1.4106, -11.96346],
							"size": [0.8, 0.5, 0.4],
							"pivot": [0, 1.2106, -8.06346],
							"rotation": [-95, 0, 0],
							"uv": {
								"north": {"uv": [5, 16], "uv_size": [0, 0]},
								"east": {"uv": [5, 16], "uv_size": [0, 0]},
								"south": {"uv": [5, 16], "uv_size": [0, 0]},
								"west": {"uv": [5, 16], "uv_size": [0, 0]},
								"up": {"uv": [5, 16], "uv_size": [0, 0]},
								"down": {"uv": [5, 16], "uv_size": [0, 0]}
							}
						},
						{
							"origin": [-0.4, 1.68214, -9.76077],
							"size": [0.8, 0.5, 0.4],
							"pivot": [0, 1.48214, -5.86077],
							"rotation": [-55, 0, 0],
							"uv": {
								"north": {"uv": [5, 16], "uv_size": [0, 0]},
								"east": {"uv": [5, 16], "uv_size": [0, 0]},
								"south": {"uv": [5, 16], "uv_size": [0, 0]},
								"west": {"uv": [5, 16], "uv_size": [0, 0]},
								"up": {"uv": [5, 16], "uv_size": [0, 0]},
								"down": {"uv": [5, 16], "uv_size": [0, 0]}
							}
						},
						{
							"origin": [-0.4, 2.85236, -8.49864],
							"size": [0.8, 0.5, 0.4],
							"pivot": [0, 2.65236, -4.59864],
							"rotation": [-22.5, 0, 0],
							"uv": {
								"north": {"uv": [5, 16], "uv_size": [0, 0]},
								"east": {"uv": [5, 16], "uv_size": [0, 0]},
								"south": {"uv": [5, 16], "uv_size": [0, 0]},
								"west": {"uv": [5, 16], "uv_size": [0, 0]},
								"up": {"uv": [5, 16], "uv_size": [0, 0]},
								"down": {"uv": [5, 16], "uv_size": [0, 0]}
							}
						},
						{
							"origin": [-0.4, 4.51746, -8.06293],
							"size": [0.8, 0.5, 0.4],
							"pivot": [0, 4.31747, -4.16293],
							"rotation": [10, 0, 0],
							"uv": {
								"north": {"uv": [5, 16], "uv_size": [0, 0]},
								"east": {"uv": [5, 16], "uv_size": [0, 0]},
								"south": {"uv": [5, 16], "uv_size": [0, 0]},
								"west": {"uv": [5, 16], "uv_size": [0, 0]},
								"up": {"uv": [5, 16], "uv_size": [0, 0]},
								"down": {"uv": [5, 16], "uv_size": [0, 0]}
							}
						},
						{
							"origin": [-0.4, 2.61799, -8.32392],
							"size": [0.8, 1, 0.4],
							"pivot": [0, 2.41799, -4.72392],
							"rotation": [-20, 0, 0],
							"uv": {
								"north": {"uv": [5, 16], "uv_size": [0, 0]},
								"east": {"uv": [5, 16], "uv_size": [0, 0]},
								"south": {"uv": [5, 16], "uv_size": [0, 0]},
								"west": {"uv": [5, 16], "uv_size": [0, 0]},
								"up": {"uv": [5, 16], "uv_size": [0, 0]},
								"down": {"uv": [5, 16], "uv_size": [0, 0]}
							}
						},
						{
							"origin": [-0.4, 3.90559, -7.65828],
							"size": [0.8, 1, 1.5],
							"pivot": [0, 3.70559, -2.95828],
							"rotation": [2.5, 0, 0],
							"uv": {
								"north": {"uv": [5, 16], "uv_size": [0, 0]},
								"east": {"uv": [5, 16], "uv_size": [0, 0]},
								"south": {"uv": [5, 16], "uv_size": [0, 0]},
								"west": {"uv": [5, 16], "uv_size": [0, 0]},
								"up": {"uv": [5, 16], "uv_size": [0, 0]},
								"down": {"uv": [5, 16], "uv_size": [0, 0]}
							}
						},
						{
							"origin": [-0.4, 5.74262, -6.58646],
							"size": [0.8, 1, 0.7],
							"pivot": [0, 5.54262, -2.68646],
							"rotation": [30, 0, 0],
							"uv": {
								"north": {"uv": [5, 16], "uv_size": [0, 0]},
								"east": {"uv": [5, 16], "uv_size": [0, 0]},
								"south": {"uv": [5, 16], "uv_size": [0, 0]},
								"west": {"uv": [5, 16], "uv_size": [0, 0]},
								"up": {"uv": [5, 16], "uv_size": [0, 0]},
								"down": {"uv": [5, 16], "uv_size": [0, 0]}
							}
						},
						{
							"origin": [-0.4, 8.1723, -7.56375],
							"size": [0.8, 1, 1.5],
							"pivot": [0, 7.9723, -2.86375],
							"rotation": [57.5, 0, 0],
							"uv": {
								"north": {"uv": [5, 16], "uv_size": [0, 0]},
								"east": {"uv": [5, 16], "uv_size": [0, 0]},
								"south": {"uv": [5, 16], "uv_size": [0, 0]},
								"west": {"uv": [5, 16], "uv_size": [0, 0]},
								"up": {"uv": [5, 16], "uv_size": [0, 0]},
								"down": {"uv": [5, 16], "uv_size": [0, 0]}
							}
						},
						{
							"origin": [-0.4, 7.86828, -5.80909],
							"size": [0.8, 1, 0.7],
							"pivot": [0, 7.66828, -1.90909],
							"rotation": [42.5, 0, 0],
							"uv": {
								"north": {"uv": [5, 16], "uv_size": [0, 0]},
								"east": {"uv": [5, 16], "uv_size": [0, 0]},
								"south": {"uv": [5, 16], "uv_size": [0, 0]},
								"west": {"uv": [5, 16], "uv_size": [0, 0]},
								"up": {"uv": [5, 16], "uv_size": [0, 0]},
								"down": {"uv": [5, 16], "uv_size": [0, 0]}
							}
						},
						{
							"origin": [-0.4, 6.97493, -4.91674],
							"size": [0.8, 1, 0.7],
							"pivot": [0, 6.77493, -1.01674],
							"rotation": [22.5, 0, 0],
							"uv": {
								"north": {"uv": [5, 16], "uv_size": [0, 0]},
								"east": {"uv": [5, 16], "uv_size": [0, 0]},
								"south": {"uv": [5, 16], "uv_size": [0, 0]},
								"west": {"uv": [5, 16], "uv_size": [0, 0]},
								"up": {"uv": [5, 16], "uv_size": [0, 0]},
								"down": {"uv": [5, 16], "uv_size": [0, 0]}
							}
						}
					]
				},
				{
					"name": "gama_body",
					"parent": "gama",
					"pivot": [0, 6, 0],
					"cubes": [
						{
							"origin": [-2.41018, 7.22947, -1.26804],
							"size": [4.575, 2.16, 1.44],
							"pivot": [0.56482, 7.22947, -4.70804],
							"rotation": [-22.34562, 1.29989, 0.69901],
							"uv": {
								"north": {"uv": [16, 0], "uv_size": [0, 0]},
								"east": {"uv": [16, 0], "uv_size": [0, 0]},
								"south": {"uv": [16, 0], "uv_size": [0, 0]},
								"west": {"uv": [16, 0], "uv_size": [0, 0]},
								"up": {"uv": [16, 0], "uv_size": [0, 0]},
								"down": {"uv": [16, 0], "uv_size": [0, 0]}
							}
						},
						{
							"origin": [-2.28796, 7.12266, -0.22165],
							"size": [4.575, 2.16, 1.94],
							"pivot": [0.68704, 7.12266, -2.66165],
							"rotation": [-37.5, 0, 0],
							"uv": {
								"north": {"uv": [16, 0], "uv_size": [0, 0]},
								"east": {"uv": [16, 0], "uv_size": [0, 0]},
								"south": {"uv": [16, 0], "uv_size": [0, 0]},
								"west": {"uv": [16, 0], "uv_size": [0, 0]},
								"up": {"uv": [16, 0], "uv_size": [0, 0]},
								"down": {"uv": [16, 0], "uv_size": [0, 0]}
							}
						},
						{
							"origin": [-1.44255, 6.88886, -0.5359],
							"size": [1.16, 2.16, 4.2],
							"pivot": [0.55745, 6.88886, -2.9759],
							"rotation": [-50.97496, -9.57658, 11.59948],
							"uv": {
								"north": {"uv": [16, 0], "uv_size": [0, 0]},
								"east": {"uv": [16, 0], "uv_size": [0, 0]},
								"south": {"uv": [16, 0], "uv_size": [0, 0]},
								"west": {"uv": [16, 0], "uv_size": [0, 0]},
								"up": {"uv": [16, 0], "uv_size": [0, 0]},
								"down": {"uv": [16, 0], "uv_size": [0, 0]}
							}
						},
						{
							"origin": [0.27663, 6.88886, -0.5359],
							"size": [1.16, 2.16, 4.2],
							"pivot": [-0.56337, 6.88886, -2.9759],
							"rotation": [-50.97496, 9.57658, -11.59948],
							"uv": {
								"north": {"uv": [16, 0], "uv_size": [0, 0]},
								"east": {"uv": [16, 0], "uv_size": [0, 0]},
								"south": {"uv": [16, 0], "uv_size": [0, 0]},
								"west": {"uv": [16, 0], "uv_size": [0, 0]},
								"up": {"uv": [16, 0], "uv_size": [0, 0]},
								"down": {"uv": [16, 0], "uv_size": [0, 0]}
							}
						},
						{
							"origin": [-3.09296, 7.47553, 3.23551],
							"size": [6.18, 2.16, 2.46],
							"pivot": [1.08704, 7.47553, -3.10449],
							"rotation": [-52.5, 0, 0],
							"uv": {
								"north": {"uv": [16, 0], "uv_size": [0, 0]},
								"east": {"uv": [16, 0], "uv_size": [0, 0]},
								"south": {"uv": [16, 0], "uv_size": [0, 0]},
								"west": {"uv": [16, 0], "uv_size": [0, 0]},
								"up": {"uv": [16, 0], "uv_size": [0, 0]},
								"down": {"uv": [16, 0], "uv_size": [0, 0]}
							}
						},
						{
							"origin": [-2.29296, 2.64344, 0.0769],
							"size": [4.58, 2.76, 4.67],
							"pivot": [1.08704, 4.25173, 1.6761],
							"rotation": [-67.5, 0, 0],
							"uv": {
								"north": {"uv": [16, 0], "uv_size": [0, 0]},
								"east": {"uv": [16, 0], "uv_size": [0, 0]},
								"south": {"uv": [16, 0], "uv_size": [0, 0]},
								"west": {"uv": [16, 0], "uv_size": [0, 0]},
								"up": {"uv": [16, 0], "uv_size": [0, 0]},
								"down": {"uv": [16, 0], "uv_size": [0, 0]}
							}
						},
						{
							"origin": [-2, 7.6, -0.76],
							"size": [4, 2.16, 4.36],
							"pivot": [0, 7.6, -3.2],
							"rotation": [-52.5, 0, 0],
							"uv": {
								"north": {"uv": [16, 0], "uv_size": [0, 0]},
								"east": {"uv": [16, 0], "uv_size": [0, 0]},
								"south": {"uv": [16, 0], "uv_size": [0, 0]},
								"west": {"uv": [16, 0], "uv_size": [0, 0]},
								"up": {"uv": [16, 0], "uv_size": [0, 0]},
								"down": {"uv": [16, 0], "uv_size": [0, 0]}
							}
						},
						{
							"origin": [-2, 7.3, 0.44],
							"size": [4, 0.36, 5.16],
							"pivot": [0, 7.6, -3.2],
							"rotation": [-52.5, 0, 0],
							"uv": {
								"north": {"uv": [16, 16], "uv_size": [0, 0]},
								"east": {"uv": [16, 16], "uv_size": [0, 0]},
								"south": {"uv": [16, 16], "uv_size": [0, 0]},
								"west": {"uv": [16, 16], "uv_size": [0, 0]},
								"up": {"uv": [16, 16], "uv_size": [0, 0]},
								"down": {"uv": [16, 16], "uv_size": [0, 0]}
							}
						},
						{
							"origin": [-2, 6.89, 1.46],
							"size": [4, 0.66, 4],
							"pivot": [0, 7.6, -3.2],
							"rotation": [-52.5, 0, 0],
							"uv": {
								"north": {"uv": [16, 16], "uv_size": [0, 0]},
								"east": {"uv": [16, 16], "uv_size": [0, 0]},
								"south": {"uv": [16, 16], "uv_size": [0, 0]},
								"west": {"uv": [16, 16], "uv_size": [0, 0]},
								"up": {"uv": [16, 16], "uv_size": [0, 0]},
								"down": {"uv": [16, 16], "uv_size": [0, 0]}
							}
						},
						{
							"origin": [-2.69296, 6.77553, 2.03551],
							"size": [5.38, 0.98, 3.26],
							"pivot": [1.08704, 7.47553, -3.10449],
							"rotation": [-52.5, 0, 0],
							"uv": {
								"north": {"uv": [16, 16], "uv_size": [0, 0]},
								"east": {"uv": [16, 16], "uv_size": [0, 0]},
								"south": {"uv": [16, 16], "uv_size": [0, 0]},
								"west": {"uv": [16, 16], "uv_size": [0, 0]},
								"up": {"uv": [16, 16], "uv_size": [0, 0]},
								"down": {"uv": [16, 16], "uv_size": [0, 0]}
							}
						}
					]
				},
				{
					"name": "gama_rightarm",
					"parent": "gama_body",
					"pivot": [-2.3, 4.8, -0.8],
					"rotation": [10.07558, 0.86717, 9.96271],
					"cubes": [
						{
							"origin": [-3, 1.36, -1.2],
							"size": [0.8, 4.04, 0.8],
							"uv": {
								"north": {"uv": [16, 0], "uv_size": [0, 0]},
								"east": {"uv": [16, 0], "uv_size": [0, 0]},
								"south": {"uv": [16, 0], "uv_size": [0, 0]},
								"west": {"uv": [16, 0], "uv_size": [0, 0]},
								"up": {"uv": [16, 0], "uv_size": [0, 0]},
								"down": {"uv": [16, 0], "uv_size": [0, 0]}
							}
						},
						{
							"origin": [-3.1, 3.4, -1.3],
							"size": [1, 1.8, 1],
							"uv": {
								"north": {"uv": [16, 0], "uv_size": [0, 0]},
								"east": {"uv": [16, 0], "uv_size": [0, 0]},
								"south": {"uv": [16, 0], "uv_size": [0, 0]},
								"west": {"uv": [16, 0], "uv_size": [0, 0]},
								"up": {"uv": [16, 0], "uv_size": [0, 0]},
								"down": {"uv": [16, 0], "uv_size": [0, 0]}
							}
						}
					]
				},
				{
					"name": "bone9",
					"parent": "gama_rightarm",
					"pivot": [-2.6, 1.4, -0.8],
					"rotation": [-12.5, 0, -12.5],
					"cubes": [
						{
							"origin": [-3, -0.2, -1.2],
							"size": [0.8, 1.8, 0.8],
							"uv": {
								"north": {"uv": [16, 0], "uv_size": [0, 0]},
								"east": {"uv": [16, 0], "uv_size": [0, 0]},
								"south": {"uv": [16, 0], "uv_size": [0, 0]},
								"west": {"uv": [16, 0], "uv_size": [0, 0]},
								"up": {"uv": [16, 0], "uv_size": [0, 0]},
								"down": {"uv": [16, 0], "uv_size": [0, 0]}
							}
						},
						{
							"origin": [-3.0166, -0.20113, -2.16952],
							"size": [0.8, 0.5, 1.7],
							"uv": {
								"north": {"uv": [16, 0], "uv_size": [0, 0]},
								"east": {"uv": [16, 0], "uv_size": [0, 0]},
								"south": {"uv": [16, 0], "uv_size": [0, 0]},
								"west": {"uv": [16, 0], "uv_size": [0, 0]},
								"up": {"uv": [16, 0], "uv_size": [0, 0]},
								"down": {"uv": [16, 0], "uv_size": [0, 0]}
							}
						},
						{
							"origin": [-2.8166, -0.20113, -3.16952],
							"size": [0.4, 0.4, 2.7],
							"uv": {
								"north": {"uv": [16, 0], "uv_size": [0, 0]},
								"east": {"uv": [16, 0], "uv_size": [0, 0]},
								"south": {"uv": [16, 0], "uv_size": [0, 0]},
								"west": {"uv": [16, 0], "uv_size": [0, 0]},
								"up": {"uv": [16, 0], "uv_size": [0, 0]},
								"down": {"uv": [16, 0], "uv_size": [0, 0]}
							}
						},
						{
							"origin": [-3.12151, -0.20113, -1.04165],
							"size": [0.9, 0.5, 1.4],
							"pivot": [0.12848, 0.79887, -0.04165],
							"rotation": [0, -20, 0],
							"uv": {
								"north": {"uv": [16, 0], "uv_size": [0, 0]},
								"east": {"uv": [16, 0], "uv_size": [0, 0]},
								"south": {"uv": [16, 0], "uv_size": [0, 0]},
								"west": {"uv": [16, 0], "uv_size": [0, 0]},
								"up": {"uv": [16, 0], "uv_size": [0, 0]},
								"down": {"uv": [16, 0], "uv_size": [0, 0]}
							}
						},
						{
							"origin": [-2.62151, -0.20113, -2.14165],
							"size": [0.4, 0.4, 2.5],
							"pivot": [0.12848, 0.79887, -0.04165],
							"rotation": [0, -20, 0],
							"uv": {
								"north": {"uv": [16, 0], "uv_size": [0, 0]},
								"east": {"uv": [16, 0], "uv_size": [0, 0]},
								"south": {"uv": [16, 0], "uv_size": [0, 0]},
								"west": {"uv": [16, 0], "uv_size": [0, 0]},
								"up": {"uv": [16, 0], "uv_size": [0, 0]},
								"down": {"uv": [16, 0], "uv_size": [0, 0]}
							}
						},
						{
							"origin": [-3.01168, -0.20113, -1.04165],
							"size": [0.9, 0.5, 1.4],
							"pivot": [-5.36168, 0.79887, -0.04165],
							"rotation": [0, 20, 0],
							"uv": {
								"north": {"uv": [16, 0], "uv_size": [0, 0]},
								"east": {"uv": [16, 0], "uv_size": [0, 0]},
								"south": {"uv": [16, 0], "uv_size": [0, 0]},
								"west": {"uv": [16, 0], "uv_size": [0, 0]},
								"up": {"uv": [16, 0], "uv_size": [0, 0]},
								"down": {"uv": [16, 0], "uv_size": [0, 0]}
							}
						},
						{
							"origin": [-3.01168, -0.20113, -2.14165],
							"size": [0.4, 0.4, 2.5],
							"pivot": [-5.36168, 0.79887, -0.04165],
							"rotation": [0, 20, 0],
							"uv": {
								"north": {"uv": [16, 0], "uv_size": [0, 0]},
								"east": {"uv": [16, 0], "uv_size": [0, 0]},
								"south": {"uv": [16, 0], "uv_size": [0, 0]},
								"west": {"uv": [16, 0], "uv_size": [0, 0]},
								"up": {"uv": [16, 0], "uv_size": [0, 0]},
								"down": {"uv": [16, 0], "uv_size": [0, 0]}
							}
						}
					]
				},
				{
					"name": "gama_leftarm",
					"parent": "gama_body",
					"pivot": [2.3, 4.8, -0.8],
					"rotation": [10.07558, -0.86717, -9.96271],
					"cubes": [
						{
							"origin": [2.2, 1.36, -1.2],
							"size": [0.8, 4.04, 0.8],
							"uv": {
								"north": {"uv": [16, 0], "uv_size": [0, 0]},
								"east": {"uv": [16, 0], "uv_size": [0, 0]},
								"south": {"uv": [16, 0], "uv_size": [0, 0]},
								"west": {"uv": [16, 0], "uv_size": [0, 0]},
								"up": {"uv": [16, 0], "uv_size": [0, 0]},
								"down": {"uv": [16, 0], "uv_size": [0, 0]}
							}
						},
						{
							"origin": [2.1, 3.4, -1.3],
							"size": [1, 1.8, 1],
							"uv": {
								"north": {"uv": [16, 0], "uv_size": [0, 0]},
								"east": {"uv": [16, 0], "uv_size": [0, 0]},
								"south": {"uv": [16, 0], "uv_size": [0, 0]},
								"west": {"uv": [16, 0], "uv_size": [0, 0]},
								"up": {"uv": [16, 0], "uv_size": [0, 0]},
								"down": {"uv": [16, 0], "uv_size": [0, 0]}
							}
						}
					]
				},
				{
					"name": "bone2",
					"parent": "gama_leftarm",
					"pivot": [2.6, 1.4, -0.8],
					"rotation": [-12.5, 0, 12.5],
					"cubes": [
						{
							"origin": [2.2, -0.2, -1.2],
							"size": [0.8, 1.8, 0.8],
							"uv": {
								"north": {"uv": [16, 0], "uv_size": [0, 0]},
								"east": {"uv": [16, 0], "uv_size": [0, 0]},
								"south": {"uv": [16, 0], "uv_size": [0, 0]},
								"west": {"uv": [16, 0], "uv_size": [0, 0]},
								"up": {"uv": [16, 0], "uv_size": [0, 0]},
								"down": {"uv": [16, 0], "uv_size": [0, 0]}
							}
						},
						{
							"origin": [2.2166, -0.20113, -2.16952],
							"size": [0.8, 0.5, 1.7],
							"uv": {
								"north": {"uv": [16, 0], "uv_size": [0, 0]},
								"east": {"uv": [16, 0], "uv_size": [0, 0]},
								"south": {"uv": [16, 0], "uv_size": [0, 0]},
								"west": {"uv": [16, 0], "uv_size": [0, 0]},
								"up": {"uv": [16, 0], "uv_size": [0, 0]},
								"down": {"uv": [16, 0], "uv_size": [0, 0]}
							}
						},
						{
							"origin": [2.4166, -0.20113, -3.16952],
							"size": [0.4, 0.4, 2.7],
							"uv": {
								"north": {"uv": [16, 0], "uv_size": [0, 0]},
								"east": {"uv": [16, 0], "uv_size": [0, 0]},
								"south": {"uv": [16, 0], "uv_size": [0, 0]},
								"west": {"uv": [16, 0], "uv_size": [0, 0]},
								"up": {"uv": [16, 0], "uv_size": [0, 0]},
								"down": {"uv": [16, 0], "uv_size": [0, 0]}
							}
						},
						{
							"origin": [2.22152, -0.20113, -1.04165],
							"size": [0.9, 0.5, 1.4],
							"pivot": [-0.12848, 0.79887, -0.04165],
							"rotation": [0, 20, 0],
							"uv": {
								"north": {"uv": [16, 0], "uv_size": [0, 0]},
								"east": {"uv": [16, 0], "uv_size": [0, 0]},
								"south": {"uv": [16, 0], "uv_size": [0, 0]},
								"west": {"uv": [16, 0], "uv_size": [0, 0]},
								"up": {"uv": [16, 0], "uv_size": [0, 0]},
								"down": {"uv": [16, 0], "uv_size": [0, 0]}
							}
						},
						{
							"origin": [2.22152, -0.20113, -2.14165],
							"size": [0.4, 0.4, 2.5],
							"pivot": [-0.12848, 0.79887, -0.04165],
							"rotation": [0, 20, 0],
							"uv": {
								"north": {"uv": [16, 0], "uv_size": [0, 0]},
								"east": {"uv": [16, 0], "uv_size": [0, 0]},
								"south": {"uv": [16, 0], "uv_size": [0, 0]},
								"west": {"uv": [16, 0], "uv_size": [0, 0]},
								"up": {"uv": [16, 0], "uv_size": [0, 0]},
								"down": {"uv": [16, 0], "uv_size": [0, 0]}
							}
						},
						{
							"origin": [2.11169, -0.20113, -1.04165],
							"size": [0.9, 0.5, 1.4],
							"pivot": [5.36169, 0.79887, -0.04165],
							"rotation": [0, -20, 0],
							"uv": {
								"north": {"uv": [16, 0], "uv_size": [0, 0]},
								"east": {"uv": [16, 0], "uv_size": [0, 0]},
								"south": {"uv": [16, 0], "uv_size": [0, 0]},
								"west": {"uv": [16, 0], "uv_size": [0, 0]},
								"up": {"uv": [16, 0], "uv_size": [0, 0]},
								"down": {"uv": [16, 0], "uv_size": [0, 0]}
							}
						},
						{
							"origin": [2.61169, -0.20113, -2.14165],
							"size": [0.4, 0.4, 2.5],
							"pivot": [5.36169, 0.79887, -0.04165],
							"rotation": [0, -20, 0],
							"uv": {
								"north": {"uv": [16, 0], "uv_size": [0, 0]},
								"east": {"uv": [16, 0], "uv_size": [0, 0]},
								"south": {"uv": [16, 0], "uv_size": [0, 0]},
								"west": {"uv": [16, 0], "uv_size": [0, 0]},
								"up": {"uv": [16, 0], "uv_size": [0, 0]},
								"down": {"uv": [16, 0], "uv_size": [0, 0]}
							}
						}
					]
				},
				{
					"name": "gama_rightleg",
					"parent": "gama_body",
					"pivot": [-3.1, 1.6, 2.8],
					"rotation": [-113.34288, 30.32448, -12.2921],
					"cubes": [
						{
							"origin": [-3.8, -0.84, 2.23],
							"size": [0.8, 3.24, 1.1],
							"uv": {
								"north": {"uv": [16, 0], "uv_size": [0, 0]},
								"east": {"uv": [16, 0], "uv_size": [0, 0]},
								"south": {"uv": [16, 0], "uv_size": [0, 0]},
								"west": {"uv": [16, 0], "uv_size": [0, 0]},
								"up": {"uv": [16, 0], "uv_size": [0, 0]},
								"down": {"uv": [16, 0], "uv_size": [0, 0]}
							}
						},
						{
							"origin": [-3.9, 0.4, 2.13],
							"size": [1, 1.8, 1.4],
							"uv": {
								"north": {"uv": [16, 0], "uv_size": [0, 0]},
								"east": {"uv": [16, 0], "uv_size": [0, 0]},
								"south": {"uv": [16, 0], "uv_size": [0, 0]},
								"west": {"uv": [16, 0], "uv_size": [0, 0]},
								"up": {"uv": [16, 0], "uv_size": [0, 0]},
								"down": {"uv": [16, 0], "uv_size": [0, 0]}
							}
						}
					]
				},
				{
					"name": "bone13",
					"parent": "gama_rightleg",
					"pivot": [-3.51, -0.7, 3],
					"rotation": [150, 0, 0],
					"cubes": [
						{
							"origin": [-3.8, -3.1, 2.51],
							"size": [0.8, 2.3, 0.8],
							"uv": {
								"north": {"uv": [16, 0], "uv_size": [0, 0]},
								"east": {"uv": [16, 0], "uv_size": [0, 0]},
								"south": {"uv": [16, 0], "uv_size": [0, 0]},
								"west": {"uv": [16, 0], "uv_size": [0, 0]},
								"up": {"uv": [16, 0], "uv_size": [0, 0]},
								"down": {"uv": [16, 0], "uv_size": [0, 0]}
							}
						}
					]
				},
				{
					"name": "bone14",
					"parent": "bone13",
					"pivot": [-3.39942, -2.8855, 2.89722],
					"rotation": [-41.81615, 8.40819, 9.28293],
					"cubes": [
						{
							"origin": [-3.8166, -3.40113, 1.64048],
							"size": [0.8, 0.5, 1.7],
							"uv": {
								"north": {"uv": [16, 0], "uv_size": [0, 0]},
								"east": {"uv": [16, 0], "uv_size": [0, 0]},
								"south": {"uv": [16, 0], "uv_size": [0, 0]},
								"west": {"uv": [16, 0], "uv_size": [0, 0]},
								"up": {"uv": [16, 0], "uv_size": [0, 0]},
								"down": {"uv": [16, 0], "uv_size": [0, 0]}
							}
						},
						{
							"origin": [-3.6166, -3.40113, 0.64048],
							"size": [0.4, 0.4, 2.7],
							"uv": {
								"north": {"uv": [16, 0], "uv_size": [0, 0]},
								"east": {"uv": [16, 0], "uv_size": [0, 0]},
								"south": {"uv": [16, 0], "uv_size": [0, 0]},
								"west": {"uv": [16, 0], "uv_size": [0, 0]},
								"up": {"uv": [16, 0], "uv_size": [0, 0]},
								"down": {"uv": [16, 0], "uv_size": [0, 0]}
							}
						},
						{
							"origin": [-3.94241, -3.40113, 2.87024],
							"size": [0.9, 0.5, 1.4],
							"pivot": [-0.69241, -2.40113, 3.87024],
							"rotation": [0, -22.5, 0],
							"uv": {
								"north": {"uv": [16, 0], "uv_size": [0, 0]},
								"east": {"uv": [16, 0], "uv_size": [0, 0]},
								"south": {"uv": [16, 0], "uv_size": [0, 0]},
								"west": {"uv": [16, 0], "uv_size": [0, 0]},
								"up": {"uv": [16, 0], "uv_size": [0, 0]},
								"down": {"uv": [16, 0], "uv_size": [0, 0]}
							}
						},
						{
							"origin": [-3.44241, -3.40113, 1.77024],
							"size": [0.4, 0.4, 2.5],
							"pivot": [-0.69241, -2.40113, 3.87024],
							"rotation": [0, -22.5, 0],
							"uv": {
								"north": {"uv": [16, 0], "uv_size": [0, 0]},
								"east": {"uv": [16, 0], "uv_size": [0, 0]},
								"south": {"uv": [16, 0], "uv_size": [0, 0]},
								"west": {"uv": [16, 0], "uv_size": [0, 0]},
								"up": {"uv": [16, 0], "uv_size": [0, 0]},
								"down": {"uv": [16, 0], "uv_size": [0, 0]}
							}
						},
						{
							"origin": [-4.20945, -3.40113, 0.76548],
							"size": [0.9, 0.5, 1.4],
							"pivot": [-1.05945, -2.40113, 1.76548],
							"rotation": [0, 22.5, 0],
							"uv": {
								"north": {"uv": [16, 0], "uv_size": [0, 0]},
								"east": {"uv": [16, 0], "uv_size": [0, 0]},
								"south": {"uv": [16, 0], "uv_size": [0, 0]},
								"west": {"uv": [16, 0], "uv_size": [0, 0]},
								"up": {"uv": [16, 0], "uv_size": [0, 0]},
								"down": {"uv": [16, 0], "uv_size": [0, 0]}
							}
						},
						{
							"origin": [-4.20945, -3.40113, -0.23452],
							"size": [0.4, 0.4, 2.4],
							"pivot": [-1.05945, -2.40113, 1.76548],
							"rotation": [0, 22.5, 0],
							"uv": {
								"north": {"uv": [16, 0], "uv_size": [0, 0]},
								"east": {"uv": [16, 0], "uv_size": [0, 0]},
								"south": {"uv": [16, 0], "uv_size": [0, 0]},
								"west": {"uv": [16, 0], "uv_size": [0, 0]},
								"up": {"uv": [16, 0], "uv_size": [0, 0]},
								"down": {"uv": [16, 0], "uv_size": [0, 0]}
							}
						}
					]
				},
				{
					"name": "gama_leftleg",
					"parent": "gama_body",
					"pivot": [3.1, 1.6, 2.8],
					"rotation": [-113.34288, -30.32448, 12.2921],
					"cubes": [
						{
							"origin": [3, -0.84, 2.23],
							"size": [0.8, 3.24, 1.1],
							"uv": {
								"north": {"uv": [16, 0], "uv_size": [0, 0]},
								"east": {"uv": [16, 0], "uv_size": [0, 0]},
								"south": {"uv": [16, 0], "uv_size": [0, 0]},
								"west": {"uv": [16, 0], "uv_size": [0, 0]},
								"up": {"uv": [16, 0], "uv_size": [0, 0]},
								"down": {"uv": [16, 0], "uv_size": [0, 0]}
							}
						},
						{
							"origin": [2.9, 0.4, 2.13],
							"size": [1, 1.8, 1.4],
							"uv": {
								"north": {"uv": [16, 0], "uv_size": [0, 0]},
								"east": {"uv": [16, 0], "uv_size": [0, 0]},
								"south": {"uv": [16, 0], "uv_size": [0, 0]},
								"west": {"uv": [16, 0], "uv_size": [0, 0]},
								"up": {"uv": [16, 0], "uv_size": [0, 0]},
								"down": {"uv": [16, 0], "uv_size": [0, 0]}
							}
						}
					]
				},
				{
					"name": "bone3",
					"parent": "gama_leftleg",
					"pivot": [3.51, -0.7, 3],
					"rotation": [150, 0, 0],
					"cubes": [
						{
							"origin": [3, -3.1, 2.51],
							"size": [0.8, 2.3, 0.8],
							"uv": {
								"north": {"uv": [16, 0], "uv_size": [0, 0]},
								"east": {"uv": [16, 0], "uv_size": [0, 0]},
								"south": {"uv": [16, 0], "uv_size": [0, 0]},
								"west": {"uv": [16, 0], "uv_size": [0, 0]},
								"up": {"uv": [16, 0], "uv_size": [0, 0]},
								"down": {"uv": [16, 0], "uv_size": [0, 0]}
							}
						}
					]
				},
				{
					"name": "bone4",
					"parent": "bone3",
					"pivot": [3.39942, -2.8855, 2.89722],
					"rotation": [-41.81615, -8.40819, -9.28293],
					"cubes": [
						{
							"origin": [3.0166, -3.40113, 1.64048],
							"size": [0.8, 0.5, 1.7],
							"uv": {
								"north": {"uv": [16, 0], "uv_size": [0, 0]},
								"east": {"uv": [16, 0], "uv_size": [0, 0]},
								"south": {"uv": [16, 0], "uv_size": [0, 0]},
								"west": {"uv": [16, 0], "uv_size": [0, 0]},
								"up": {"uv": [16, 0], "uv_size": [0, 0]},
								"down": {"uv": [16, 0], "uv_size": [0, 0]}
							}
						},
						{
							"origin": [3.2166, -3.40113, 0.64048],
							"size": [0.4, 0.4, 2.7],
							"uv": {
								"north": {"uv": [16, 0], "uv_size": [0, 0]},
								"east": {"uv": [16, 0], "uv_size": [0, 0]},
								"south": {"uv": [16, 0], "uv_size": [0, 0]},
								"west": {"uv": [16, 0], "uv_size": [0, 0]},
								"up": {"uv": [16, 0], "uv_size": [0, 0]},
								"down": {"uv": [16, 0], "uv_size": [0, 0]}
							}
						},
						{
							"origin": [3.04241, -3.40113, 2.87024],
							"size": [0.9, 0.5, 1.4],
							"pivot": [0.69241, -2.40113, 3.87024],
							"rotation": [0, 22.5, 0],
							"uv": {
								"north": {"uv": [16, 0], "uv_size": [0, 0]},
								"east": {"uv": [16, 0], "uv_size": [0, 0]},
								"south": {"uv": [16, 0], "uv_size": [0, 0]},
								"west": {"uv": [16, 0], "uv_size": [0, 0]},
								"up": {"uv": [16, 0], "uv_size": [0, 0]},
								"down": {"uv": [16, 0], "uv_size": [0, 0]}
							}
						},
						{
							"origin": [3.04241, -3.40113, 1.77024],
							"size": [0.4, 0.4, 2.5],
							"pivot": [0.69241, -2.40113, 3.87024],
							"rotation": [0, 22.5, 0],
							"uv": {
								"north": {"uv": [16, 0], "uv_size": [0, 0]},
								"east": {"uv": [16, 0], "uv_size": [0, 0]},
								"south": {"uv": [16, 0], "uv_size": [0, 0]},
								"west": {"uv": [16, 0], "uv_size": [0, 0]},
								"up": {"uv": [16, 0], "uv_size": [0, 0]},
								"down": {"uv": [16, 0], "uv_size": [0, 0]}
							}
						},
						{
							"origin": [3.30945, -3.40113, 0.76548],
							"size": [0.9, 0.5, 1.4],
							"pivot": [1.05945, -2.40113, 1.76548],
							"rotation": [0, -22.5, 0],
							"uv": {
								"north": {"uv": [16, 0], "uv_size": [0, 0]},
								"east": {"uv": [16, 0], "uv_size": [0, 0]},
								"south": {"uv": [16, 0], "uv_size": [0, 0]},
								"west": {"uv": [16, 0], "uv_size": [0, 0]},
								"up": {"uv": [16, 0], "uv_size": [0, 0]},
								"down": {"uv": [16, 0], "uv_size": [0, 0]}
							}
						},
						{
							"origin": [3.80945, -3.40113, -0.23452],
							"size": [0.4, 0.4, 2.4],
							"pivot": [1.05945, -2.40113, 1.76548],
							"rotation": [0, -22.5, 0],
							"uv": {
								"north": {"uv": [16, 0], "uv_size": [0, 0]},
								"east": {"uv": [16, 0], "uv_size": [0, 0]},
								"south": {"uv": [16, 0], "uv_size": [0, 0]},
								"west": {"uv": [16, 0], "uv_size": [0, 0]},
								"up": {"uv": [16, 0], "uv_size": [0, 0]},
								"down": {"uv": [16, 0], "uv_size": [0, 0]}
							}
						}
					]
				},
				{
					"name": "juin",
					"parent": "gama_body",
					"pivot": [0, 1.75, 0.15],
					"rotation": [-22.5, 0, 0],
					"cubes": [
						{
							"origin": [-1.35, 2.825, -3.525],
							"size": [2.7, 0, 2.7],
							"pivot": [0, -1.6, -2.85],
							"rotation": [-30, 0, 0],
							"uv": {
								"north": {"uv": [0, 0], "uv_size": [0, 0]},
								"east": {"uv": [0, 0], "uv_size": [0, 0]},
								"south": {"uv": [0, 0], "uv_size": [0, 0]},
								"west": {"uv": [0, 0], "uv_size": [0, 0]},
								"up": {"uv": [0, 0], "uv_size": [0, 0]},
								"down": {"uv": [7.92, 0.08], "uv_size": [-7.84, 7.84]}
							}
						}
					]
				},
				{
					"name": "maru",
					"parent": "juin",
					"pivot": [0, 3.5, 1.65],
					"rotation": [60, 0, 0],
					"cubes": [
						{
							"origin": [0.01983, 2.3182, -0.57058],
							"size": [0.59673, 3, 0.225],
							"pivot": [0, 3.5, 1.65],
							"rotation": [0, 0, -45],
							"uv": {
								"north": {"uv": [0, 16], "uv_size": [0, 0]},
								"east": {"uv": [0, 16], "uv_size": [0, 0]},
								"south": {"uv": [0, 16], "uv_size": [0, 0]},
								"west": {"uv": [0, 16], "uv_size": [0, 0]},
								"up": {"uv": [0, 16], "uv_size": [0, 0]},
								"down": {"uv": [0, 16], "uv_size": [0, 0]}
							}
						},
						{
							"origin": [-0.12616, 2.41575, -0.57058],
							"size": [0.59673, 3, 0.225],
							"pivot": [0, 3.5, 1.65],
							"rotation": [0, 0, -22.5],
							"uv": {
								"north": {"uv": [0, 16], "uv_size": [0, 0]},
								"east": {"uv": [0, 16], "uv_size": [0, 0]},
								"south": {"uv": [0, 16], "uv_size": [0, 0]},
								"west": {"uv": [0, 16], "uv_size": [0, 0]},
								"up": {"uv": [0, 16], "uv_size": [0, 0]},
								"down": {"uv": [0, 16], "uv_size": [0, 0]}
							}
						},
						{
							"origin": [-0.29836, 2.45, -0.57058],
							"size": [0.59673, 3, 0.225],
							"uv": {
								"north": {"uv": [0, 16], "uv_size": [0, 0]},
								"east": {"uv": [0, 16], "uv_size": [0, 0]},
								"south": {"uv": [0, 16], "uv_size": [0, 0]},
								"west": {"uv": [0, 16], "uv_size": [0, 0]},
								"up": {"uv": [0, 16], "uv_size": [0, 0]},
								"down": {"uv": [0, 16], "uv_size": [0, 0]}
							}
						},
						{
							"origin": [-0.47057, 2.41575, -0.57058],
							"size": [0.59673, 3, 0.225],
							"pivot": [0, 3.5, 1.65],
							"rotation": [0, 0, 22.5],
							"uv": {
								"north": {"uv": [0, 16], "uv_size": [0, 0]},
								"east": {"uv": [0, 16], "uv_size": [0, 0]},
								"south": {"uv": [0, 16], "uv_size": [0, 0]},
								"west": {"uv": [0, 16], "uv_size": [0, 0]},
								"up": {"uv": [0, 16], "uv_size": [0, 0]},
								"down": {"uv": [0, 16], "uv_size": [0, 0]}
							}
						},
						{
							"origin": [-0.61656, 2.3182, -0.57058],
							"size": [0.59673, 3, 0.225],
							"pivot": [0, 3.5, 1.65],
							"rotation": [0, 0, 45],
							"uv": {
								"north": {"uv": [0, 16], "uv_size": [0, 0]},
								"east": {"uv": [0, 16], "uv_size": [0, 0]},
								"south": {"uv": [0, 16], "uv_size": [0, 0]},
								"west": {"uv": [0, 16], "uv_size": [0, 0]},
								"up": {"uv": [0, 16], "uv_size": [0, 0]},
								"down": {"uv": [0, 16], "uv_size": [0, 0]}
							}
						},
						{
							"origin": [-1.32779, 3.61738, -0.57058],
							"size": [3, 0.59673, 0.225],
							"pivot": [0, 3.5, 1.65],
							"rotation": [0, 0, -22.5],
							"uv": {
								"north": {"uv": [0, 16], "uv_size": [0, 0]},
								"east": {"uv": [0, 16], "uv_size": [0, 0]},
								"south": {"uv": [0, 16], "uv_size": [0, 0]},
								"west": {"uv": [0, 16], "uv_size": [0, 0]},
								"up": {"uv": [0, 16], "uv_size": [0, 0]},
								"down": {"uv": [0, 16], "uv_size": [0, 0]}
							}
						},
						{
							"origin": [-1.5, 3.65163, -0.57058],
							"size": [3, 0.59673, 0.225],
							"uv": {
								"north": {"uv": [0, 16], "uv_size": [0, 0]},
								"east": {"uv": [0, 16], "uv_size": [0, 0]},
								"south": {"uv": [0, 16], "uv_size": [0, 0]},
								"west": {"uv": [0, 16], "uv_size": [0, 0]},
								"up": {"uv": [0, 16], "uv_size": [0, 0]},
								"down": {"uv": [0, 16], "uv_size": [0, 0]}
							}
						},
						{
							"origin": [-1.67221, 3.61738, -0.57058],
							"size": [3, 0.59673, 0.225],
							"pivot": [0, 3.5, 1.65],
							"rotation": [0, 0, 22.5],
							"uv": {
								"north": {"uv": [0, 16], "uv_size": [0, 0]},
								"east": {"uv": [0, 16], "uv_size": [0, 0]},
								"south": {"uv": [0, 16], "uv_size": [0, 0]},
								"west": {"uv": [0, 16], "uv_size": [0, 0]},
								"up": {"uv": [0, 16], "uv_size": [0, 0]},
								"down": {"uv": [0, 16], "uv_size": [0, 0]}
							}
						}
					]
				},
				{
					"name": "maru2",
					"parent": "juin",
					"pivot": [0, 3.5, 1.65],
					"rotation": [60, 0, 0],
					"cubes": [
						{
							"origin": [-0.00405, 2.1982, -0.51058],
							"size": [0.64448, 0.24, 0.135],
							"pivot": [0, 3.5, 1.65],
							"rotation": [0, 0, -45],
							"uv": {
								"north": {"uv": [5, 9], "uv_size": [2, 2]},
								"east": {"uv": [5, 9], "uv_size": [2, 2]},
								"south": {"uv": [5, 9], "uv_size": [2, 2]},
								"west": {"uv": [5, 9], "uv_size": [2, 2]},
								"up": {"uv": [7, 11], "uv_size": [-2, -2]},
								"down": {"uv": [7, 11], "uv_size": [-2, -2]}
							}
						},
						{
							"origin": [-0.15004, 2.29575, -0.51058],
							"size": [0.64447, 0.24, 0.135],
							"pivot": [0, 3.5, 1.65],
							"rotation": [0, 0, -22.5],
							"uv": {
								"north": {"uv": [5, 9], "uv_size": [2, 2]},
								"east": {"uv": [5, 9], "uv_size": [2, 2]},
								"south": {"uv": [5, 9], "uv_size": [2, 2]},
								"west": {"uv": [5, 9], "uv_size": [2, 2]},
								"up": {"uv": [7, 11], "uv_size": [-2, -2]},
								"down": {"uv": [7, 11], "uv_size": [-2, -2]}
							}
						},
						{
							"origin": [-0.32224, 2.33, -0.51058],
							"size": [0.64447, 0.24, 0.135],
							"uv": {
								"north": {"uv": [5, 9], "uv_size": [2, 2]},
								"east": {"uv": [5, 9], "uv_size": [2, 2]},
								"south": {"uv": [5, 9], "uv_size": [2, 2]},
								"west": {"uv": [5, 9], "uv_size": [2, 2]},
								"up": {"uv": [7, 11], "uv_size": [-2, -2]},
								"down": {"uv": [7, 11], "uv_size": [-2, -2]}
							}
						},
						{
							"origin": [-0.49445, 2.29575, -0.51058],
							"size": [0.64447, 0.24, 0.135],
							"pivot": [0, 3.5, 1.65],
							"rotation": [0, 0, 22.5],
							"uv": {
								"north": {"uv": [5, 9], "uv_size": [2, 2]},
								"east": {"uv": [5, 9], "uv_size": [2, 2]},
								"south": {"uv": [5, 9], "uv_size": [2, 2]},
								"west": {"uv": [5, 9], "uv_size": [2, 2]},
								"up": {"uv": [7, 11], "uv_size": [-2, -2]},
								"down": {"uv": [7, 11], "uv_size": [-2, -2]}
							}
						},
						{
							"origin": [-0.64044, 2.1982, -0.51058],
							"size": [0.64448, 0.24, 0.135],
							"pivot": [0, 3.5, 1.65],
							"rotation": [0, 0, 45],
							"uv": {
								"north": {"uv": [5, 9], "uv_size": [2, 2]},
								"east": {"uv": [5, 9], "uv_size": [2, 2]},
								"south": {"uv": [5, 9], "uv_size": [2, 2]},
								"west": {"uv": [5, 9], "uv_size": [2, 2]},
								"up": {"uv": [7, 11], "uv_size": [-2, -2]},
								"down": {"uv": [7, 11], "uv_size": [-2, -2]}
							}
						},
						{
							"origin": [1.55221, 3.5935, -0.51058],
							"size": [0.24, 0.64447, 0.135],
							"pivot": [0, 3.5, 1.65],
							"rotation": [0, 0, -22.5],
							"uv": {
								"north": {"uv": [5, 9], "uv_size": [2, 2]},
								"east": {"uv": [5, 9], "uv_size": [2, 2]},
								"south": {"uv": [5, 9], "uv_size": [2, 2]},
								"west": {"uv": [5, 9], "uv_size": [2, 2]},
								"up": {"uv": [7, 11], "uv_size": [-2, -2]},
								"down": {"uv": [7, 11], "uv_size": [-2, -2]}
							}
						},
						{
							"origin": [1.38, 3.62775, -0.51058],
							"size": [0.24, 0.64447, 0.135],
							"uv": {
								"north": {"uv": [5, 9], "uv_size": [2, 2]},
								"east": {"uv": [5, 9], "uv_size": [2, 2]},
								"south": {"uv": [5, 9], "uv_size": [2, 2]},
								"west": {"uv": [5, 9], "uv_size": [2, 2]},
								"up": {"uv": [7, 11], "uv_size": [-2, -2]},
								"down": {"uv": [7, 11], "uv_size": [-2, -2]}
							}
						},
						{
							"origin": [1.20779, 3.5935, -0.51058],
							"size": [0.24, 0.64447, 0.135],
							"pivot": [0, 3.5, 1.65],
							"rotation": [0, 0, 22.5],
							"uv": {
								"north": {"uv": [5, 9], "uv_size": [2, 2]},
								"east": {"uv": [5, 9], "uv_size": [2, 2]},
								"south": {"uv": [5, 9], "uv_size": [2, 2]},
								"west": {"uv": [5, 9], "uv_size": [2, 2]},
								"up": {"uv": [7, 11], "uv_size": [-2, -2]},
								"down": {"uv": [7, 11], "uv_size": [-2, -2]}
							}
						}
					]
				},
				{
					"name": "maru3",
					"parent": "juin",
					"pivot": [0, 3.5, 1.65],
					"rotation": [60, 0, 0],
					"cubes": [
						{
							"origin": [-0.00405, 5.1982, -0.51058],
							"size": [0.64448, 0.24, 0.135],
							"pivot": [0, 3.5, 1.65],
							"rotation": [0, 0, -45],
							"uv": {
								"north": {"uv": [5, 9], "uv_size": [2, 2]},
								"east": {"uv": [5, 9], "uv_size": [2, 2]},
								"south": {"uv": [5, 9], "uv_size": [2, 2]},
								"west": {"uv": [5, 9], "uv_size": [2, 2]},
								"up": {"uv": [7, 11], "uv_size": [-2, -2]},
								"down": {"uv": [7, 11], "uv_size": [-2, -2]}
							}
						},
						{
							"origin": [-0.15004, 5.29575, -0.51058],
							"size": [0.64447, 0.24, 0.135],
							"pivot": [0, 3.5, 1.65],
							"rotation": [0, 0, -22.5],
							"uv": {
								"north": {"uv": [5, 9], "uv_size": [2, 2]},
								"east": {"uv": [5, 9], "uv_size": [2, 2]},
								"south": {"uv": [5, 9], "uv_size": [2, 2]},
								"west": {"uv": [5, 9], "uv_size": [2, 2]},
								"up": {"uv": [7, 11], "uv_size": [-2, -2]},
								"down": {"uv": [7, 11], "uv_size": [-2, -2]}
							}
						},
						{
							"origin": [-0.32224, 5.33, -0.51058],
							"size": [0.64447, 0.24, 0.135],
							"uv": {
								"north": {"uv": [5, 9], "uv_size": [2, 2]},
								"east": {"uv": [5, 9], "uv_size": [2, 2]},
								"south": {"uv": [5, 9], "uv_size": [2, 2]},
								"west": {"uv": [5, 9], "uv_size": [2, 2]},
								"up": {"uv": [7, 11], "uv_size": [-2, -2]},
								"down": {"uv": [7, 11], "uv_size": [-2, -2]}
							}
						},
						{
							"origin": [-0.49445, 5.29575, -0.51058],
							"size": [0.64447, 0.24, 0.135],
							"pivot": [0, 3.5, 1.65],
							"rotation": [0, 0, 22.5],
							"uv": {
								"north": {"uv": [5, 9], "uv_size": [2, 2]},
								"east": {"uv": [5, 9], "uv_size": [2, 2]},
								"south": {"uv": [5, 9], "uv_size": [2, 2]},
								"west": {"uv": [5, 9], "uv_size": [2, 2]},
								"up": {"uv": [7, 11], "uv_size": [-2, -2]},
								"down": {"uv": [7, 11], "uv_size": [-2, -2]}
							}
						},
						{
							"origin": [-0.64044, 5.1982, -0.51058],
							"size": [0.64448, 0.24, 0.135],
							"pivot": [0, 3.5, 1.65],
							"rotation": [0, 0, 45],
							"uv": {
								"north": {"uv": [5, 9], "uv_size": [2, 2]},
								"east": {"uv": [5, 9], "uv_size": [2, 2]},
								"south": {"uv": [5, 9], "uv_size": [2, 2]},
								"west": {"uv": [5, 9], "uv_size": [2, 2]},
								"up": {"uv": [7, 11], "uv_size": [-2, -2]},
								"down": {"uv": [7, 11], "uv_size": [-2, -2]}
							}
						},
						{
							"origin": [-1.44779, 3.5935, -0.51058],
							"size": [0.24, 0.64447, 0.135],
							"pivot": [0, 3.5, 1.65],
							"rotation": [0, 0, -22.5],
							"uv": {
								"north": {"uv": [5, 9], "uv_size": [2, 2]},
								"east": {"uv": [5, 9], "uv_size": [2, 2]},
								"south": {"uv": [5, 9], "uv_size": [2, 2]},
								"west": {"uv": [5, 9], "uv_size": [2, 2]},
								"up": {"uv": [7, 11], "uv_size": [-2, -2]},
								"down": {"uv": [7, 11], "uv_size": [-2, -2]}
							}
						},
						{
							"origin": [-1.62, 3.62775, -0.51058],
							"size": [0.24, 0.64447, 0.135],
							"uv": {
								"north": {"uv": [5, 9], "uv_size": [2, 2]},
								"east": {"uv": [5, 9], "uv_size": [2, 2]},
								"south": {"uv": [5, 9], "uv_size": [2, 2]},
								"west": {"uv": [5, 9], "uv_size": [2, 2]},
								"up": {"uv": [7, 11], "uv_size": [-2, -2]},
								"down": {"uv": [7, 11], "uv_size": [-2, -2]}
							}
						},
						{
							"origin": [-1.79221, 3.5935, -0.51058],
							"size": [0.24, 0.64447, 0.135],
							"pivot": [0, 3.5, 1.65],
							"rotation": [0, 0, 22.5],
							"uv": {
								"north": {"uv": [5, 9], "uv_size": [2, 2]},
								"east": {"uv": [5, 9], "uv_size": [2, 2]},
								"south": {"uv": [5, 9], "uv_size": [2, 2]},
								"west": {"uv": [5, 9], "uv_size": [2, 2]},
								"up": {"uv": [7, 11], "uv_size": [-2, -2]},
								"down": {"uv": [7, 11], "uv_size": [-2, -2]}
							}
						}
					]
				},
				{
					"name": "rightwing",
					"parent": "gama_body",
					"pivot": [-2.25, 6.5, 0.25],
					"rotation": [-25, 0, 0],
					"cubes": [
						{
							"origin": [-6.01083, 6.42996, -1.52614],
							"size": [5.564, 0.4719, 0.663],
							"pivot": [-1.40674, -4.88051, -2.36738],
							"rotation": [-9.53967, -42.26137, 3.86998],
							"uv": {
								"north": {"uv": [0.08, 16], "uv_size": [-0.08, 0]},
								"east": {"uv": [0.08, 16], "uv_size": [-0.08, 0]},
								"south": {"uv": [0.08, 16], "uv_size": [-0.08, 0]},
								"west": {"uv": [0.08, 16], "uv_size": [-0.08, 0]},
								"up": {"uv": [0, 16], "uv_size": [0.08, 0]},
								"down": {"uv": [0, 16], "uv_size": [0.08, 0]}
							}
						}
					]
				},
				{
					"name": "rightwing2",
					"parent": "rightwing",
					"pivot": [-5.94623, 6.71073, -2.87003],
					"cubes": [
						{
							"origin": [-9.03502, 6.85678, -3.8345],
							"size": [3.8012, 0.4719, 0.208],
							"pivot": [0.39051, -4.45368, -5.16338],
							"rotation": [-7.15638, -10.08123, -1.31912],
							"uv": {
								"north": {"uv": [0.08, 16], "uv_size": [-0.08, 0]},
								"east": {"uv": [0.08, 16], "uv_size": [-0.08, 0]},
								"south": {"uv": [0.08, 16], "uv_size": [-0.08, 0]},
								"west": {"uv": [0.08, 16], "uv_size": [-0.08, 0]},
								"up": {"uv": [0, 16], "uv_size": [0.08, 0]},
								"down": {"uv": [0, 16], "uv_size": [0.08, 0]}
							}
						},
						{
							"origin": [-9.19677, 6.6462, -2.19114],
							"size": [4.4512, 0.4719, 0.208],
							"pivot": [0.22877, -4.66427, -3.52002],
							"rotation": [-7.49999, -20, 0],
							"uv": {
								"north": {"uv": [0.08, 16], "uv_size": [-0.08, 0]},
								"east": {"uv": [0.08, 16], "uv_size": [-0.08, 0]},
								"south": {"uv": [0.08, 16], "uv_size": [-0.08, 0]},
								"west": {"uv": [0.08, 16], "uv_size": [-0.08, 0]},
								"up": {"uv": [0, 16], "uv_size": [0.08, 0]},
								"down": {"uv": [0, 16], "uv_size": [0.08, 0]}
							}
						},
						{
							"origin": [-7.24677, 6.6462, -3.16614],
							"size": [1.8512, 0.4719, 0.5005],
							"pivot": [0.22877, -4.66427, -3.52002],
							"rotation": [-7.29661, -15.04157, -0.67494],
							"uv": {
								"north": {"uv": [0.08, 16], "uv_size": [-0.08, 0]},
								"east": {"uv": [0.08, 16], "uv_size": [-0.08, 0]},
								"south": {"uv": [0.08, 16], "uv_size": [-0.08, 0]},
								"west": {"uv": [0.08, 16], "uv_size": [-0.08, 0]},
								"up": {"uv": [0, 16], "uv_size": [0.08, 0]},
								"down": {"uv": [0, 16], "uv_size": [0.08, 0]}
							}
						},
						{
							"origin": [-8.12427, 6.6462, -3.00364],
							"size": [1.0062, 0.4719, 0.1755],
							"pivot": [0.22877, -4.66427, -3.52002],
							"rotation": [-7.29661, -15.04157, -0.67494],
							"uv": {
								"north": {"uv": [0.08, 16], "uv_size": [-0.08, 0]},
								"east": {"uv": [0.08, 16], "uv_size": [-0.08, 0]},
								"south": {"uv": [0.08, 16], "uv_size": [-0.08, 0]},
								"west": {"uv": [0.08, 16], "uv_size": [-0.08, 0]},
								"up": {"uv": [0, 16], "uv_size": [0.08, 0]},
								"down": {"uv": [0, 16], "uv_size": [0.08, 0]}
							}
						}
					]
				},
				{
					"name": "rightwing3",
					"parent": "rightwing",
					"pivot": [-5.29623, 6.67823, -2.22003],
					"rotation": [-0.77181, 7.48699, -1.94844],
					"cubes": [
						{
							"origin": [-8.38502, 6.82428, -3.1845],
							"size": [3.8012, 0.3744, 0.208],
							"pivot": [1.04051, -4.48618, -4.51338],
							"rotation": [-7.15638, -10.08123, -1.31912],
							"uv": {
								"north": {"uv": [0.08, 16], "uv_size": [-0.08, 0]},
								"east": {"uv": [0.08, 16], "uv_size": [-0.08, 0]},
								"south": {"uv": [0.08, 16], "uv_size": [-0.08, 0]},
								"west": {"uv": [0.08, 16], "uv_size": [-0.08, 0]},
								"up": {"uv": [0, 16], "uv_size": [0.08, 0]},
								"down": {"uv": [0, 16], "uv_size": [0.08, 0]}
							}
						},
						{
							"origin": [-8.54677, 6.6137, -1.54114],
							"size": [4.4512, 0.3744, 0.208],
							"pivot": [0.87877, -4.69677, -2.87003],
							"rotation": [-7.49999, -20, 0],
							"uv": {
								"north": {"uv": [0.08, 16], "uv_size": [-0.08, 0]},
								"east": {"uv": [0.08, 16], "uv_size": [-0.08, 0]},
								"south": {"uv": [0.08, 16], "uv_size": [-0.08, 0]},
								"west": {"uv": [0.08, 16], "uv_size": [-0.08, 0]},
								"up": {"uv": [0, 16], "uv_size": [0.08, 0]},
								"down": {"uv": [0, 16], "uv_size": [0.08, 0]}
							}
						},
						{
							"origin": [-6.59676, 6.6137, -2.51614],
							"size": [1.8512, 0.3744, 0.5005],
							"pivot": [0.87877, -4.69677, -2.87003],
							"rotation": [-7.29661, -15.04157, -0.67494],
							"uv": {
								"north": {"uv": [0.08, 16], "uv_size": [-0.08, 0]},
								"east": {"uv": [0.08, 16], "uv_size": [-0.08, 0]},
								"south": {"uv": [0.08, 16], "uv_size": [-0.08, 0]},
								"west": {"uv": [0.08, 16], "uv_size": [-0.08, 0]},
								"up": {"uv": [0, 16], "uv_size": [0.08, 0]},
								"down": {"uv": [0, 16], "uv_size": [0.08, 0]}
							}
						},
						{
							"origin": [-7.47427, 6.6137, -2.35364],
							"size": [1.0062, 0.3744, 0.1755],
							"pivot": [0.87877, -4.69677, -2.87003],
							"rotation": [-7.29661, -15.04157, -0.67494],
							"uv": {
								"north": {"uv": [0.08, 16], "uv_size": [-0.08, 0]},
								"east": {"uv": [0.08, 16], "uv_size": [-0.08, 0]},
								"south": {"uv": [0.08, 16], "uv_size": [-0.08, 0]},
								"west": {"uv": [0.08, 16], "uv_size": [-0.08, 0]},
								"up": {"uv": [0, 16], "uv_size": [0.08, 0]},
								"down": {"uv": [0, 16], "uv_size": [0.08, 0]}
							}
						}
					]
				},
				{
					"name": "rightwing4",
					"parent": "rightwing",
					"pivot": [-4.64623, 6.61323, -1.57002],
					"rotation": [-0.77181, 7.48699, -1.94844],
					"cubes": [
						{
							"origin": [-7.73502, 6.75928, -2.5345],
							"size": [3.8012, 0.3744, 0.208],
							"pivot": [1.69051, -4.55118, -3.86338],
							"rotation": [-7.15638, -10.08123, -1.31912],
							"uv": {
								"north": {"uv": [0.08, 16], "uv_size": [-0.08, 0]},
								"east": {"uv": [0.08, 16], "uv_size": [-0.08, 0]},
								"south": {"uv": [0.08, 16], "uv_size": [-0.08, 0]},
								"west": {"uv": [0.08, 16], "uv_size": [-0.08, 0]},
								"up": {"uv": [0, 16], "uv_size": [0.08, 0]},
								"down": {"uv": [0, 16], "uv_size": [0.08, 0]}
							}
						},
						{
							"origin": [-7.89677, 6.5487, -0.89114],
							"size": [4.4512, 0.3744, 0.208],
							"pivot": [1.52877, -4.76177, -2.22003],
							"rotation": [-7.49999, -20, 0],
							"uv": {
								"north": {"uv": [0.08, 16], "uv_size": [-0.08, 0]},
								"east": {"uv": [0.08, 16], "uv_size": [-0.08, 0]},
								"south": {"uv": [0.08, 16], "uv_size": [-0.08, 0]},
								"west": {"uv": [0.08, 16], "uv_size": [-0.08, 0]},
								"up": {"uv": [0, 16], "uv_size": [0.08, 0]},
								"down": {"uv": [0, 16], "uv_size": [0.08, 0]}
							}
						},
						{
							"origin": [-5.94677, 6.5487, -1.86614],
							"size": [1.8512, 0.3744, 0.5005],
							"pivot": [1.52877, -4.76177, -2.22003],
							"rotation": [-7.29661, -15.04157, -0.67494],
							"uv": {
								"north": {"uv": [0.08, 16], "uv_size": [-0.08, 0]},
								"east": {"uv": [0.08, 16], "uv_size": [-0.08, 0]},
								"south": {"uv": [0.08, 16], "uv_size": [-0.08, 0]},
								"west": {"uv": [0.08, 16], "uv_size": [-0.08, 0]},
								"up": {"uv": [0, 16], "uv_size": [0.08, 0]},
								"down": {"uv": [0, 16], "uv_size": [0.08, 0]}
							}
						},
						{
							"origin": [-6.82426, 6.5487, -1.70364],
							"size": [1.0062, 0.3744, 0.1755],
							"pivot": [1.52877, -4.76177, -2.22003],
							"rotation": [-7.29661, -15.04157, -0.67494],
							"uv": {
								"north": {"uv": [0.08, 16], "uv_size": [-0.08, 0]},
								"east": {"uv": [0.08, 16], "uv_size": [-0.08, 0]},
								"south": {"uv": [0.08, 16], "uv_size": [-0.08, 0]},
								"west": {"uv": [0.08, 16], "uv_size": [-0.08, 0]},
								"up": {"uv": [0, 16], "uv_size": [0.08, 0]},
								"down": {"uv": [0, 16], "uv_size": [0.08, 0]}
							}
						}
					]
				},
				{
					"name": "rightwing5",
					"parent": "rightwing",
					"pivot": [-3.99623, 6.58073, -0.92002],
					"rotation": [-0.77181, 7.48699, -1.94844],
					"cubes": [
						{
							"origin": [-7.08502, 6.72678, -1.88449],
							"size": [3.8012, 0.3744, 0.208],
							"pivot": [2.34051, -4.58368, -3.21338],
							"rotation": [-7.15638, -10.08123, -1.31912],
							"uv": {
								"north": {"uv": [0.08, 16], "uv_size": [-0.08, 0]},
								"east": {"uv": [0.08, 16], "uv_size": [-0.08, 0]},
								"south": {"uv": [0.08, 16], "uv_size": [-0.08, 0]},
								"west": {"uv": [0.08, 16], "uv_size": [-0.08, 0]},
								"up": {"uv": [0, 16], "uv_size": [0.08, 0]},
								"down": {"uv": [0, 16], "uv_size": [0.08, 0]}
							}
						},
						{
							"origin": [-7.24677, 6.5162, -0.24114],
							"size": [4.4512, 0.3744, 0.208],
							"pivot": [2.17877, -4.79427, -1.57002],
							"rotation": [-7.49999, -20, 0],
							"uv": {
								"north": {"uv": [0.08, 16], "uv_size": [-0.08, 0]},
								"east": {"uv": [0.08, 16], "uv_size": [-0.08, 0]},
								"south": {"uv": [0.08, 16], "uv_size": [-0.08, 0]},
								"west": {"uv": [0.08, 16], "uv_size": [-0.08, 0]},
								"up": {"uv": [0, 16], "uv_size": [0.08, 0]},
								"down": {"uv": [0, 16], "uv_size": [0.08, 0]}
							}
						},
						{
							"origin": [-5.29677, 6.5162, -1.21614],
							"size": [1.8512, 0.3744, 0.5005],
							"pivot": [2.17877, -4.79427, -1.57002],
							"rotation": [-7.29661, -15.04157, -0.67494],
							"uv": {
								"north": {"uv": [0.08, 16], "uv_size": [-0.08, 0]},
								"east": {"uv": [0.08, 16], "uv_size": [-0.08, 0]},
								"south": {"uv": [0.08, 16], "uv_size": [-0.08, 0]},
								"west": {"uv": [0.08, 16], "uv_size": [-0.08, 0]},
								"up": {"uv": [0, 16], "uv_size": [0.08, 0]},
								"down": {"uv": [0, 16], "uv_size": [0.08, 0]}
							}
						},
						{
							"origin": [-6.17426, 6.5162, -1.05364],
							"size": [1.0062, 0.3744, 0.1755],
							"pivot": [2.17877, -4.79427, -1.57002],
							"rotation": [-7.29661, -15.04157, -0.67494],
							"uv": {
								"north": {"uv": [0.08, 16], "uv_size": [-0.08, 0]},
								"east": {"uv": [0.08, 16], "uv_size": [-0.08, 0]},
								"south": {"uv": [0.08, 16], "uv_size": [-0.08, 0]},
								"west": {"uv": [0.08, 16], "uv_size": [-0.08, 0]},
								"up": {"uv": [0, 16], "uv_size": [0.08, 0]},
								"down": {"uv": [0, 16], "uv_size": [0.08, 0]}
							}
						}
					]
				},
				{
					"name": "rightwing6",
					"parent": "rightwing",
					"pivot": [-3.34623, 6.54823, -0.27003],
					"rotation": [-0.77181, 7.48699, -1.94844],
					"cubes": [
						{
							"origin": [-6.43502, 6.69428, -1.2345],
							"size": [3.8012, 0.3744, 0.208],
							"pivot": [2.99051, -4.61618, -2.56338],
							"rotation": [-7.15638, -10.08123, -1.31912],
							"uv": {
								"north": {"uv": [0.08, 16], "uv_size": [-0.08, 0]},
								"east": {"uv": [0.08, 16], "uv_size": [-0.08, 0]},
								"south": {"uv": [0.08, 16], "uv_size": [-0.08, 0]},
								"west": {"uv": [0.08, 16], "uv_size": [-0.08, 0]},
								"up": {"uv": [0, 16], "uv_size": [0.08, 0]},
								"down": {"uv": [0, 16], "uv_size": [0.08, 0]}
							}
						},
						{
							"origin": [-6.59677, 6.4837, 0.40886],
							"size": [4.4512, 0.3744, 0.208],
							"pivot": [2.82877, -4.82677, -0.92002],
							"rotation": [-7.49999, -20, 0],
							"uv": {
								"north": {"uv": [0.08, 16], "uv_size": [-0.08, 0]},
								"east": {"uv": [0.08, 16], "uv_size": [-0.08, 0]},
								"south": {"uv": [0.08, 16], "uv_size": [-0.08, 0]},
								"west": {"uv": [0.08, 16], "uv_size": [-0.08, 0]},
								"up": {"uv": [0, 16], "uv_size": [0.08, 0]},
								"down": {"uv": [0, 16], "uv_size": [0.08, 0]}
							}
						},
						{
							"origin": [-4.64676, 6.4837, -0.56614],
							"size": [1.8512, 0.3744, 0.5005],
							"pivot": [2.82877, -4.82677, -0.92002],
							"rotation": [-7.29661, -15.04157, -0.67494],
							"uv": {
								"north": {"uv": [0.08, 16], "uv_size": [-0.08, 0]},
								"east": {"uv": [0.08, 16], "uv_size": [-0.08, 0]},
								"south": {"uv": [0.08, 16], "uv_size": [-0.08, 0]},
								"west": {"uv": [0.08, 16], "uv_size": [-0.08, 0]},
								"up": {"uv": [0, 16], "uv_size": [0.08, 0]},
								"down": {"uv": [0, 16], "uv_size": [0.08, 0]}
							}
						},
						{
							"origin": [-5.52427, 6.4837, -0.40364],
							"size": [1.0062, 0.3744, 0.1755],
							"pivot": [2.82877, -4.82677, -0.92002],
							"rotation": [-7.29661, -15.04157, -0.67494],
							"uv": {
								"north": {"uv": [0.08, 16], "uv_size": [-0.08, 0]},
								"east": {"uv": [0.08, 16], "uv_size": [-0.08, 0]},
								"south": {"uv": [0.08, 16], "uv_size": [-0.08, 0]},
								"west": {"uv": [0.08, 16], "uv_size": [-0.08, 0]},
								"up": {"uv": [0, 16], "uv_size": [0.08, 0]},
								"down": {"uv": [0, 16], "uv_size": [0.08, 0]}
							}
						}
					]
				},
				{
					"name": "leftwing",
					"parent": "gama_body",
					"pivot": [2.25, 6.5, 0.25],
					"rotation": [-25, 0, 0],
					"cubes": [
						{
							"origin": [0.44683, 6.42996, -1.52614],
							"size": [5.564, 0.4719, 0.663],
							"pivot": [1.40674, -4.88051, -2.36738],
							"rotation": [-9.53967, 42.26137, -3.86998],
							"uv": {
								"north": {"uv": [0, 16], "uv_size": [0.08, 0]},
								"east": {"uv": [0, 16], "uv_size": [0.08, 0]},
								"south": {"uv": [0, 16], "uv_size": [0.08, 0]},
								"west": {"uv": [0, 16], "uv_size": [0.08, 0]},
								"up": {"uv": [0.08, 16], "uv_size": [-0.08, 0]},
								"down": {"uv": [0.08, 16], "uv_size": [-0.08, 0]}
							}
						}
					]
				},
				{
					"name": "leftwing2",
					"parent": "leftwing",
					"pivot": [5.94623, 6.71073, -2.87003],
					"cubes": [
						{
							"origin": [5.23382, 6.85678, -3.8345],
							"size": [3.8012, 0.4719, 0.208],
							"pivot": [-0.39051, -4.45368, -5.16338],
							"rotation": [-7.15638, 10.08123, 1.31912],
							"uv": {
								"north": {"uv": [0, 16], "uv_size": [0.08, 0]},
								"east": {"uv": [0, 16], "uv_size": [0.08, 0]},
								"south": {"uv": [0, 16], "uv_size": [0.08, 0]},
								"west": {"uv": [0, 16], "uv_size": [0.08, 0]},
								"up": {"uv": [0.08, 16], "uv_size": [-0.08, 0]},
								"down": {"uv": [0.08, 16], "uv_size": [-0.08, 0]}
							}
						},
						{
							"origin": [4.74557, 6.6462, -2.19114],
							"size": [4.4512, 0.4719, 0.208],
							"pivot": [-0.22877, -4.66427, -3.52002],
							"rotation": [-7.49999, 20, 0],
							"uv": {
								"north": {"uv": [0, 16], "uv_size": [0.08, 0]},
								"east": {"uv": [0, 16], "uv_size": [0.08, 0]},
								"south": {"uv": [0, 16], "uv_size": [0.08, 0]},
								"west": {"uv": [0, 16], "uv_size": [0.08, 0]},
								"up": {"uv": [0.08, 16], "uv_size": [-0.08, 0]},
								"down": {"uv": [0.08, 16], "uv_size": [-0.08, 0]}
							}
						},
						{
							"origin": [5.39557, 6.6462, -3.16614],
							"size": [1.8512, 0.4719, 0.5005],
							"pivot": [-0.22877, -4.66427, -3.52002],
							"rotation": [-7.29661, 15.04157, 0.67494],
							"uv": {
								"north": {"uv": [0, 16], "uv_size": [0.08, 0]},
								"east": {"uv": [0, 16], "uv_size": [0.08, 0]},
								"south": {"uv": [0, 16], "uv_size": [0.08, 0]},
								"west": {"uv": [0, 16], "uv_size": [0.08, 0]},
								"up": {"uv": [0.08, 16], "uv_size": [-0.08, 0]},
								"down": {"uv": [0.08, 16], "uv_size": [-0.08, 0]}
							}
						},
						{
							"origin": [7.11807, 6.6462, -3.00364],
							"size": [1.0062, 0.4719, 0.1755],
							"pivot": [-0.22877, -4.66427, -3.52002],
							"rotation": [-7.29661, 15.04157, 0.67494],
							"uv": {
								"north": {"uv": [0, 16], "uv_size": [0.08, 0]},
								"east": {"uv": [0, 16], "uv_size": [0.08, 0]},
								"south": {"uv": [0, 16], "uv_size": [0.08, 0]},
								"west": {"uv": [0, 16], "uv_size": [0.08, 0]},
								"up": {"uv": [0.08, 16], "uv_size": [-0.08, 0]},
								"down": {"uv": [0.08, 16], "uv_size": [-0.08, 0]}
							}
						}
					]
				},
				{
					"name": "leftwing3",
					"parent": "leftwing",
					"pivot": [5.29623, 6.67823, -2.22003],
					"rotation": [-0.77181, -7.48699, 1.94844],
					"cubes": [
						{
							"origin": [4.58382, 6.82428, -3.1845],
							"size": [3.8012, 0.3744, 0.208],
							"pivot": [-1.04051, -4.48618, -4.51338],
							"rotation": [-7.15638, 10.08123, 1.31912],
							"uv": {
								"north": {"uv": [0, 16], "uv_size": [0.08, 0]},
								"east": {"uv": [0, 16], "uv_size": [0.08, 0]},
								"south": {"uv": [0, 16], "uv_size": [0.08, 0]},
								"west": {"uv": [0, 16], "uv_size": [0.08, 0]},
								"up": {"uv": [0.08, 16], "uv_size": [-0.08, 0]},
								"down": {"uv": [0.08, 16], "uv_size": [-0.08, 0]}
							}
						},
						{
							"origin": [4.09557, 6.6137, -1.54114],
							"size": [4.4512, 0.3744, 0.208],
							"pivot": [-0.87877, -4.69677, -2.87003],
							"rotation": [-7.49999, 20, 0],
							"uv": {
								"north": {"uv": [0, 16], "uv_size": [0.08, 0]},
								"east": {"uv": [0, 16], "uv_size": [0.08, 0]},
								"south": {"uv": [0, 16], "uv_size": [0.08, 0]},
								"west": {"uv": [0, 16], "uv_size": [0.08, 0]},
								"up": {"uv": [0.08, 16], "uv_size": [-0.08, 0]},
								"down": {"uv": [0.08, 16], "uv_size": [-0.08, 0]}
							}
						},
						{
							"origin": [4.74556, 6.6137, -2.51614],
							"size": [1.8512, 0.3744, 0.5005],
							"pivot": [-0.87877, -4.69677, -2.87003],
							"rotation": [-7.29661, 15.04157, 0.67494],
							"uv": {
								"north": {"uv": [0, 16], "uv_size": [0.08, 0]},
								"east": {"uv": [0, 16], "uv_size": [0.08, 0]},
								"south": {"uv": [0, 16], "uv_size": [0.08, 0]},
								"west": {"uv": [0, 16], "uv_size": [0.08, 0]},
								"up": {"uv": [0.08, 16], "uv_size": [-0.08, 0]},
								"down": {"uv": [0.08, 16], "uv_size": [-0.08, 0]}
							}
						},
						{
							"origin": [6.46807, 6.6137, -2.35364],
							"size": [1.0062, 0.3744, 0.1755],
							"pivot": [-0.87877, -4.69677, -2.87003],
							"rotation": [-7.29661, 15.04157, 0.67494],
							"uv": {
								"north": {"uv": [0, 16], "uv_size": [0.08, 0]},
								"east": {"uv": [0, 16], "uv_size": [0.08, 0]},
								"south": {"uv": [0, 16], "uv_size": [0.08, 0]},
								"west": {"uv": [0, 16], "uv_size": [0.08, 0]},
								"up": {"uv": [0.08, 16], "uv_size": [-0.08, 0]},
								"down": {"uv": [0.08, 16], "uv_size": [-0.08, 0]}
							}
						}
					]
				},
				{
					"name": "leftwing4",
					"parent": "leftwing",
					"pivot": [4.64623, 6.61323, -1.57002],
					"rotation": [-0.77181, -7.48699, 1.94844],
					"cubes": [
						{
							"origin": [3.93382, 6.75928, -2.5345],
							"size": [3.8012, 0.3744, 0.208],
							"pivot": [-1.69051, -4.55118, -3.86338],
							"rotation": [-7.15638, 10.08123, 1.31912],
							"uv": {
								"north": {"uv": [0, 16], "uv_size": [0.08, 0]},
								"east": {"uv": [0, 16], "uv_size": [0.08, 0]},
								"south": {"uv": [0, 16], "uv_size": [0.08, 0]},
								"west": {"uv": [0, 16], "uv_size": [0.08, 0]},
								"up": {"uv": [0.08, 16], "uv_size": [-0.08, 0]},
								"down": {"uv": [0.08, 16], "uv_size": [-0.08, 0]}
							}
						},
						{
							"origin": [3.44557, 6.5487, -0.89114],
							"size": [4.4512, 0.3744, 0.208],
							"pivot": [-1.52877, -4.76177, -2.22003],
							"rotation": [-7.49999, 20, 0],
							"uv": {
								"north": {"uv": [0, 16], "uv_size": [0.08, 0]},
								"east": {"uv": [0, 16], "uv_size": [0.08, 0]},
								"south": {"uv": [0, 16], "uv_size": [0.08, 0]},
								"west": {"uv": [0, 16], "uv_size": [0.08, 0]},
								"up": {"uv": [0.08, 16], "uv_size": [-0.08, 0]},
								"down": {"uv": [0.08, 16], "uv_size": [-0.08, 0]}
							}
						},
						{
							"origin": [4.09557, 6.5487, -1.86614],
							"size": [1.8512, 0.3744, 0.5005],
							"pivot": [-1.52877, -4.76177, -2.22003],
							"rotation": [-7.29661, 15.04157, 0.67494],
							"uv": {
								"north": {"uv": [0, 16], "uv_size": [0.08, 0]},
								"east": {"uv": [0, 16], "uv_size": [0.08, 0]},
								"south": {"uv": [0, 16], "uv_size": [0.08, 0]},
								"west": {"uv": [0, 16], "uv_size": [0.08, 0]},
								"up": {"uv": [0.08, 16], "uv_size": [-0.08, 0]},
								"down": {"uv": [0.08, 16], "uv_size": [-0.08, 0]}
							}
						},
						{
							"origin": [5.81806, 6.5487, -1.70364],
							"size": [1.0062, 0.3744, 0.1755],
							"pivot": [-1.52877, -4.76177, -2.22003],
							"rotation": [-7.29661, 15.04157, 0.67494],
							"uv": {
								"north": {"uv": [0, 16], "uv_size": [0.08, 0]},
								"east": {"uv": [0, 16], "uv_size": [0.08, 0]},
								"south": {"uv": [0, 16], "uv_size": [0.08, 0]},
								"west": {"uv": [0, 16], "uv_size": [0.08, 0]},
								"up": {"uv": [0.08, 16], "uv_size": [-0.08, 0]},
								"down": {"uv": [0.08, 16], "uv_size": [-0.08, 0]}
							}
						}
					]
				},
				{
					"name": "leftwing5",
					"parent": "leftwing",
					"pivot": [3.99623, 6.58073, -0.92002],
					"rotation": [-0.77181, -7.48699, 1.94844],
					"cubes": [
						{
							"origin": [3.28382, 6.72678, -1.88449],
							"size": [3.8012, 0.3744, 0.208],
							"pivot": [-2.34051, -4.58368, -3.21338],
							"rotation": [-7.15638, 10.08123, 1.31912],
							"uv": {
								"north": {"uv": [0, 16], "uv_size": [0.08, 0]},
								"east": {"uv": [0, 16], "uv_size": [0.08, 0]},
								"south": {"uv": [0, 16], "uv_size": [0.08, 0]},
								"west": {"uv": [0, 16], "uv_size": [0.08, 0]},
								"up": {"uv": [0.08, 16], "uv_size": [-0.08, 0]},
								"down": {"uv": [0.08, 16], "uv_size": [-0.08, 0]}
							}
						},
						{
							"origin": [2.79557, 6.5162, -0.24114],
							"size": [4.4512, 0.3744, 0.208],
							"pivot": [-2.17877, -4.79427, -1.57002],
							"rotation": [-7.49999, 20, 0],
							"uv": {
								"north": {"uv": [0, 16], "uv_size": [0.08, 0]},
								"east": {"uv": [0, 16], "uv_size": [0.08, 0]},
								"south": {"uv": [0, 16], "uv_size": [0.08, 0]},
								"west": {"uv": [0, 16], "uv_size": [0.08, 0]},
								"up": {"uv": [0.08, 16], "uv_size": [-0.08, 0]},
								"down": {"uv": [0.08, 16], "uv_size": [-0.08, 0]}
							}
						},
						{
							"origin": [3.44557, 6.5162, -1.21614],
							"size": [1.8512, 0.3744, 0.5005],
							"pivot": [-2.17877, -4.79427, -1.57002],
							"rotation": [-7.29661, 15.04157, 0.67494],
							"uv": {
								"north": {"uv": [0, 16], "uv_size": [0.08, 0]},
								"east": {"uv": [0, 16], "uv_size": [0.08, 0]},
								"south": {"uv": [0, 16], "uv_size": [0.08, 0]},
								"west": {"uv": [0, 16], "uv_size": [0.08, 0]},
								"up": {"uv": [0.08, 16], "uv_size": [-0.08, 0]},
								"down": {"uv": [0.08, 16], "uv_size": [-0.08, 0]}
							}
						},
						{
							"origin": [5.16806, 6.5162, -1.05364],
							"size": [1.0062, 0.3744, 0.1755],
							"pivot": [-2.17877, -4.79427, -1.57002],
							"rotation": [-7.29661, 15.04157, 0.67494],
							"uv": {
								"north": {"uv": [0, 16], "uv_size": [0.08, 0]},
								"east": {"uv": [0, 16], "uv_size": [0.08, 0]},
								"south": {"uv": [0, 16], "uv_size": [0.08, 0]},
								"west": {"uv": [0, 16], "uv_size": [0.08, 0]},
								"up": {"uv": [0.08, 16], "uv_size": [-0.08, 0]},
								"down": {"uv": [0.08, 16], "uv_size": [-0.08, 0]}
							}
						}
					]
				},
				{
					"name": "leftwing6",
					"parent": "leftwing",
					"pivot": [3.34623, 6.54823, -0.27003],
					"rotation": [-0.77181, -7.48699, 1.94844],
					"cubes": [
						{
							"origin": [2.63382, 6.69428, -1.2345],
							"size": [3.8012, 0.3744, 0.208],
							"pivot": [-2.99051, -4.61618, -2.56338],
							"rotation": [-7.15638, 10.08123, 1.31912],
							"uv": {
								"north": {"uv": [0, 16], "uv_size": [0.08, 0]},
								"east": {"uv": [0, 16], "uv_size": [0.08, 0]},
								"south": {"uv": [0, 16], "uv_size": [0.08, 0]},
								"west": {"uv": [0, 16], "uv_size": [0.08, 0]},
								"up": {"uv": [0.08, 16], "uv_size": [-0.08, 0]},
								"down": {"uv": [0.08, 16], "uv_size": [-0.08, 0]}
							}
						},
						{
							"origin": [2.14557, 6.4837, 0.40886],
							"size": [4.4512, 0.3744, 0.208],
							"pivot": [-2.82877, -4.82677, -0.92002],
							"rotation": [-7.49999, 20, 0],
							"uv": {
								"north": {"uv": [0, 16], "uv_size": [0.08, 0]},
								"east": {"uv": [0, 16], "uv_size": [0.08, 0]},
								"south": {"uv": [0, 16], "uv_size": [0.08, 0]},
								"west": {"uv": [0, 16], "uv_size": [0.08, 0]},
								"up": {"uv": [0.08, 16], "uv_size": [-0.08, 0]},
								"down": {"uv": [0.08, 16], "uv_size": [-0.08, 0]}
							}
						},
						{
							"origin": [2.79556, 6.4837, -0.56614],
							"size": [1.8512, 0.3744, 0.5005],
							"pivot": [-2.82877, -4.82677, -0.92002],
							"rotation": [-7.29661, 15.04157, 0.67494],
							"uv": {
								"north": {"uv": [0, 16], "uv_size": [0.08, 0]},
								"east": {"uv": [0, 16], "uv_size": [0.08, 0]},
								"south": {"uv": [0, 16], "uv_size": [0.08, 0]},
								"west": {"uv": [0, 16], "uv_size": [0.08, 0]},
								"up": {"uv": [0.08, 16], "uv_size": [-0.08, 0]},
								"down": {"uv": [0.08, 16], "uv_size": [-0.08, 0]}
							}
						},
						{
							"origin": [4.51807, 6.4837, -0.40364],
							"size": [1.0062, 0.3744, 0.1755],
							"pivot": [-2.82877, -4.82677, -0.92002],
							"rotation": [-7.29661, 15.04157, 0.67494],
							"uv": {
								"north": {"uv": [0, 16], "uv_size": [0.08, 0]},
								"east": {"uv": [0, 16], "uv_size": [0.08, 0]},
								"south": {"uv": [0, 16], "uv_size": [0.08, 0]},
								"west": {"uv": [0, 16], "uv_size": [0.08, 0]},
								"up": {"uv": [0.08, 16], "uv_size": [-0.08, 0]},
								"down": {"uv": [0.08, 16], "uv_size": [-0.08, 0]}
							}
						}
					]
				}
			]
		}
	]
}