{
	"format_version": "1.10.0",
	"particle_effect": {
		"description": {
			"identifier": "j:uzumaki_object",
			"basic_render_parameters": {
				"material": "particles_blend",
				"texture": "textures/particle/jurei_soujutsu/jurei_summon"
			}
		},
		"components": {
			"minecraft:emitter_rate_steady": {
				"spawn_rate": 200,
				"max_particles": 10000
			},
			"minecraft:emitter_lifetime_looping": {
				"active_time": 1
			},
			"minecraft:emitter_shape_disc": {
				"radius": 0.5,
				"plane_normal": "z",
				"direction": "outwards"
			},
			"minecraft:particle_lifetime_expression": {
				"max_lifetime": 3,
				"expiration_expression": "!q.is_alive"
			},
			"minecraft:particle_initial_spin": {
				"rotation": "Math.random(0,360)"
			},
			"minecraft:particle_initial_speed": 0,
			"minecraft:particle_motion_dynamic": {},
			"minecraft:particle_appearance_billboard": {
				"size": ["v.particle_random_1/5+0.15", "v.particle_random_1/5+0.15"],
				"facing_camera_mode": "rotate_xyz",
				"uv": {
					"texture_width": 1,
					"texture_height": 1,
					"uv": [0, 0],
					"uv_size": [1, 1]
				}
			},
			"minecraft:particle_appearance_tinting": {
				"color": ["Math.clamp(v.particle_random_2*0.15, 0, 1)", "Math.clamp(v.particle_random_2*0.15, 0, 1)", "Math.clamp(v.particle_random_2*0.15, 0, 1)", "1-v.particle_age*2"]
			}
		}
	}
}