{
    "format_version": "1.19.50",
	"minecraft:item": {
		"description": {
			"identifier": "rai:waraningyo",
            "category": "Items"
		},
        "components": {
            "minecraft:creative_category": {
                "parent": "itemGroup.name.jujutsu"
            },
            "minecraft:icon": {
                "texture": "waraningyo"
            },
            "minecraft:render_offsets": {
				"main_hand": {
					"third_person": {
						"scale": [0.045, 0.045, 0.045]
					},
					"first_person": {
						"scale": [0.017, 0.017, 0.017]
					}
				},
				"off_hand": {
					"third_person": {
						"scale": [0.045, 0.045, 0.045]
					},
					"first_person": {
						"scale": [0.017, 0.017, 0.017]
					}
				}
			},
            "minecraft:max_stack_size": 64,
            "minecraft:allow_off_hand": true,
            "minecraft:can_destroy_in_creative": false
        }
    }
}