{
	"format_version": "1.16.100",
	"minecraft:item": {
		"description": {
			"category": "equipment",
			"identifier": "mdz:use_speed_2gk"
		},
		"components": {
            "minecraft:icon":{
                "texture": "mdz:speed2gk"
            },
            "minecraft:max_stack_size": 1,
            "minecraft:foil": false,
			"minecraft:creative_category": {
				"parent": "itemGroup.name.stools"
			},
			"minecraft:on_use": {
				"on_use": {
					"event": "speed"
				}
			}
		},
		"events": {
			"speed": {
				"run_command": {
					"command": [
						"execute @e[type=mdz:liazgk,c=1,r=4] ~~~ event entity @s speed2gk",
						"replaceitem entity @s slot.weapon.mainhand 0 mdz:use_speed_3gk",
						"playsound liazgk.speed @a ~~~"
					],
					"target": "holder"
				}
			}
		}
	}
}