{
  "format_version": "1.12",
  "minecraft:recipe_shaped": {
    "description": {
      "identifier": "dynamite_god_22d4d653"
    },
    "tags": [
      "crafting_table"
    ],
    "pattern": [
      " A ",
      "ABA",
      " A "
    ],
    "key": {
      "A": {
        "item": "minecraft:arrow",
        "data": 0
      },
      "B": {
        "item": "destructive:god_tnt_survival",
        "data": 0
      }
    },
    "result": {
      "item": "destructive:dynamite_god",
      "count": 1
    }
  }
}