{
  "resource_pack_name": "Addon Maker Resource",
  "texture_name": "atlas.items",
  "texture_data": {
    "egg_camel": {
      "textures": "textures/items/egg_camel"
    },
    "egg_lion": {
      "textures": "textures/items/egg_lion"
    },
    "egg_penguin": {
      "textures": "textures/items/egg_penguin"
    },
    "egg_tiger": {
      "textures": "textures/items/egg_tiger"
    },
    "egg_elephant": {
      "textures": "textures/items/egg_elephant"
    },
    "egg_deer": {
      "textures": "textures/items/egg_deer"
    },
    "egg_panther": {
      "textures": "textures/items/egg_panther"
    },
    "egg_frog": {
      "textures": "textures/items/egg_frog"
    },
    "egg_crocodile": {
      "textures": "textures/items/egg_crocodile"
    },
    "egg_mouse": {
      "textures": "textures/items/egg_mouse"
    },
    "gallardo": {
      "textures": "textures/items/gallardo"
    },
    "bench": {
      "textures": "textures/items/bench"
    },
    "christmas_tree": {
      "textures": "textures/items/christmas_tree"
    },
    "tivi": {
      "textures": "textures/items/tivi"
    },
    "closet": {
      "textures": "textures/items/closet"
    },
    "laptop": {
      "textures": "textures/items/laptop"
    },
    "piano": {
      "textures": "textures/items/piano"
    },
    "armchairs": {
      "textures": "textures/items/armchairs"
    },
    "chair": {
      "textures": "textures/items/chair"
    },
    "big_table": {
      "textures": "textures/items/big_table"
    },
    "small_table": {
      "textures": "textures/items/small_table"
    },
    "drone": {
      "textures": "textures/items/drone"
    },
    "colorful_gifts": {
      "textures": "textures/items/colorful_gifts"
    },
    "moretnt_dynamite_x100": {
      "textures": "textures/items/pamobile/moretnt_dynamite_x100"
    },
    "moretnt_dynamite": {
      "textures": "textures/items/pamobile/moretnt_dynamite"
    },
    "moretnt_dynamite_x20": {
      "textures": "textures/items/pamobile/moretnt_dynamite_x20"
    },
    "moretnt_dynamite_x5": {
      "textures": "textures/items/pamobile/moretnt_dynamite_x5"
    },
    "moretnt_dynamite_x500": {
      "textures": "textures/items/pamobile/moretnt_dynamite_x500"
    },
    "moretnt_dynamite_napalm": {
      "textures": "textures/items/pamobile/moretnt_dynamite_napalm"
    },
    "moretnt_dynamite_small": {
      "textures": "textures/items/pamobile/moretnt_dynamite_small"
    },
    "moretnt_dynamite_nuke": {
      "textures": "textures/items/pamobile/moretnt_dynamite_nuke"
    },
    "moretnt_dynamite_cubic": {
      "textures": "textures/items/pamobile/moretnt_dynamite_cubic"
    },
    "moretnt:x500_tnt": {
      "textures": "textures/items/pamobile/moretnt_x500_tnt"
    },
    "moretnt:nuke": {
      "textures": "textures/items/pamobile/moretnt_nuke"
    },
    "moretnt:cubic_tnt": {
      "textures": "textures/items/pamobile/moretnt_cubic_tnt"
    },
    "moretnt:napalm": {
      "textures": "textures/items/pamobile/moretnt_napalm"
    },
    "moretnt:x20_tnt": {
      "textures": "textures/items/pamobile/moretnt_x20_tnt"
    },
    "moretnt:x5_tnt": {
      "textures": "textures/items/pamobile/moretnt_x5_tnt"
    },
    "moretnt:x100_tnt": {
      "textures": "textures/items/pamobile/moretnt_x100_tnt"
    },
    "moretnt:quick_explode_tnt": {
      "textures": "textures/items/pamobile/moretnt_quick_explode_tnt"
    },
    "moretnt:instant_tnt": {
      "textures": "textures/items/pamobile/moretnt_instant_tnt"
    },
    "moretnt:small_tnt": {
      "textures": "textures/items/pamobile/moretnt_small_tnt"
    }
  }
}