{
  "format_version": "1.13.0",
  "minecraft:entity": {
    "description": {
      "identifier": "motorcity:assistant",
      "is_spawnable": false,
      "is_summonable": true,
      "is_experimental": false,
      "animations": {
        "fixfacing": "controller.animation.fixface"
      },
      "scripts": {
        "animate": [
          "fixfacing"
        ]
      }
    },
    "component_groups": {
    },
    "components": {
      "minecraft:damage_sensor": {
        "triggers": [
          {
            "on_damage": {},
            "deals_damage": false
          }
        ]
      },
      "minecraft:nameable": {
        "always_show": true
      },
      "minecraft:collision_box": {
        "width": 1,
        "height": 1.5
      },
      "minecraft:push_through": {
        "value": 1
      },
      "minecraft:scale": {
        "value": 1
      },
      "minecraft:pushable": {
        "is_pushable": false,
        "is_pushable_by_piston": false
      },
      "minecraft:health": {
        "value": 1,
        "max": 1
      },
      "minecraft:knockback_resistance": {
        "value": 1.0
      },
      "minecraft:behavior.float": {
        "priority": 0
      },
      "minecraft:physics": {
        "has_collision": true,
        "has_gravity": false
      }
    },
    "events": {
      "minecraft:entity_spawned": {
        "add": {
          "component_groups": [
            "facingnotfixed"
          ]
        }
      },
      "minecraft:facingfixed": {
        "add": {
          "component_groups": [
            "facingfixed"
          ]
        },
        "remove": {
          "component_groups": [
            "facingnotfixed"
          ]
        }
      }
    }
  }
}