{
  "format_version": "1.13.0",
  "minecraft:entity": {
    "description": {
      "identifier": "motorcity:ninny",
      "is_spawnable": false,
      "is_summonable": true,
      "is_experimental": false,
      "animations": {
        "fixfacing": "controller.animation.fixface",
        "dialogctrl": "controller.animation.tracker.dialog",
        "welcomedialogue": "animation.ninnynpc.welcomedialog",
        "firsttoken": "animation.ninnynpc.firsttoken",
        "fivetoken": "animation.ninnynpc.fivetoken",
        "3rddebut": "animation.ninnynpc.3rddebut",
        "3rdmotor": "animation.ninnynpc.3rdmotor",
        "4thdebut": "animation.ninnynpc.4thdebut",
        "4thmotor": "animation.ninnynpc.4thmotor",
        "finaldebut": "animation.ninnynpc.finaldebut",
        "finaltalk": "animation.ninnynpc.finaltalk"
      },
      "scripts": {
        "animate": [
          "fixfacing",
          "dialogctrl"
        ]
      }
    },
    "component_groups": {
      "welcomedialogue": {
        "minecraft:is_sheared": {}
      },
      "firsttokentalk": {
        "minecraft:variant": {
          "value": 1
        }
      },
      "notags": {
        "minecraft:variant": {
          "value": 0
        }
      },
      "fivetoken": {
        "minecraft:variant": {
          "value": 2
        }
      },
      "3rdmotordebut": {
        "minecraft:variant": {
          "value": 3
        }
      },
      "3rdmotorvisit": {
        "minecraft:variant": {
          "value": 4
        }
      },

      "4thmotordebut": {
        "minecraft:variant": {
          "value": 5
        }
      },
      "4thmotorvisit": {
        "minecraft:variant": {
          "value": 6
        }
      },

      "finaldebut": {
        "minecraft:variant": {
          "value": 7
        }
      },
      "finaltalk": {
        "minecraft:variant": {
          "value": 8
        }
      }
    },
    "components": {
      "minecraft:damage_sensor": {
        "triggers": [
          {
            "on_damage": {},
            "deals_damage": false
          }
        ]
      },
      "minecraft:nameable": {
        "always_show": true
      },
      "minecraft:environment_sensor": {
        "triggers": [
          {
            "event": "welcomeanim",
            "filters": {
              "all_of": [
                {
                  "test": "has_tag",
                  "value": "dotalk",
                  "operator": "==",
                  "subject": "self"
                }
              ]
            }
          },
          {
            "event": "firsttoken",
            "filters": {
              "all_of": [
                {
                  "test": "has_tag",
                  "value": "firsttoken",
                  "operator": "==",
                  "subject": "self"
                }
              ]
            }
          },
          {
            "event": "fivetoken",
            "filters": {
              "all_of": [
                {
                  "test": "has_tag",
                  "value": "fivetokendebut",
                  "operator": "==",
                  "subject": "self"
                }
              ]
            }
          },
          {
            "event": "3rdmotordebut",
            "filters": {
              "all_of": [
                {
                  "test": "has_tag",
                  "value": "3rddebut",
                  "operator": "==",
                  "subject": "self"
                }
              ]
            }
          },
          {
            "event": "3rdmotorvisit",
            "filters": {
              "all_of": [
                {
                  "test": "has_tag",
                  "value": "3rdmotor",
                  "operator": "==",
                  "subject": "self"
                }
              ]
            }
          },

          {
            "event": "4thmotordebut",
            "filters": {
              "all_of": [
                {
                  "test": "has_tag",
                  "value": "4thdebut",
                  "operator": "==",
                  "subject": "self"
                }
              ]
            }
          },
          {
            "event": "4thmotorvisit",
            "filters": {
              "all_of": [
                {
                  "test": "has_tag",
                  "value": "4thmotor",
                  "operator": "==",
                  "subject": "self"
                }
              ]
            }
          },

          {
            "event": "finaldebut",
            "filters": {
              "all_of": [
                {
                  "test": "has_tag",
                  "value": "finaldebut",
                  "operator": "==",
                  "subject": "self"
                }
              ]
            }
          },

          {
            "event": "finaltalk",
            "filters": {
              "all_of": [
                {
                  "test": "has_tag",
                  "value": "finaltalk",
                  "operator": "==",
                  "subject": "self"
                }
              ]
            }
          }
        ]
      },
      "minecraft:collision_box": {
        "width": 1,
        "height": 1.5
      },
      "minecraft:push_through": {
        "value": 1
      },
      "minecraft:scale": {
        "value": 1
      },
      "minecraft:pushable": {
        "is_pushable": false,
        "is_pushable_by_piston": false
      },
      "minecraft:health": {
        "value": 1,
        "max": 1
      },
      "minecraft:knockback_resistance": {
        "value": 1.0
      },
      "minecraft:behavior.float": {
        "priority": 0
      },
      "minecraft:physics": {
        "has_collision": true,
        "has_gravity": false
      }
    },
    "events": {
      "minecraft:entity_spawned": {
        "add": {
          "component_groups": [
            "facingnotfixed"
          ]
        }
      },
      "minecraft:facingfixed": {
        "add": {
          "component_groups": [
            "facingfixed"
          ]
        },
        "remove": {
          "component_groups": [
            "facingnotfixed"
          ]
        }
      },
      "welcomeanim": {
        "add": {
          "component_groups": [
            "welcomedialogue"
          ]
        }
      },
      "welcomeanimend": {
        "remove": {
          "component_groups": [
            "welcomedialogue"
          ]
        }
      },
      "firsttoken": {
        "add": {
          "component_groups": [
            "firsttokentalk"
          ]
        }
      },
      "firsttokenremove": {
        "remove": {
          "component_groups": [
            "firsttokentalk"
          ]
        },
        "add": {
          "component_groups": [
            "notags"
          ]
        }
      },
      "fivetoken": {
        "add": {
          "component_groups": [
            "fivetoken"
          ]
        }
      },
      "fivetokenremove": {
        "remove": {
          "component_groups": [
            "fivetoken"
          ]
        },
        "add": {
          "component_groups": [
            "notags"
          ]
        }
      },
      "3rdmotordebut": {
        "add": {
          "component_groups": [
            "3rdmotordebut"
          ]
        }
      },
      "3rdmotorvisit": {
        "add": {
          "component_groups": [
            "3rdmotorvisit"
          ]
        }
      },
      "3rdmotordebutremove": {
        "add": {
          "component_groups": [
            "notags"
          ]
        },
        "remove": {
          "component_groups": [
            "3rdmotordebut"
          ]
        }
      },
      "3rdmotorvisitremove": {
        "add": {
          "component_groups": [
            "notags"
          ]
        },
        "remove": {
          "component_groups": [
            "3rdmotorvisit"
          ]
        }
      },
      "4thmotordebut": {
        "add": {
          "component_groups": [
            "4thmotordebut"
          ]
        }
      },
      "4thmotorvisit": {
        "add": {
          "component_groups": [
            "4thmotorvisit"
          ]
        }
      },
      "4thmotordebutremove": {
        "add": {
          "component_groups": [
            "notags"
          ]
        },
        "remove": {
          "component_groups": [
            "4thmotordebut"
          ]
        }
      },
      "4thmotorvisitremove": {
        "add": {
          "component_groups": [
            "notags"
          ]
        },
        "remove": {
          "component_groups": [
            "4thmotorvisit"
          ]
        }
      },
      "finaldebut": {
        "add": {
          "component_groups": [
            "finaldebut"
          ]
        }
      },
      "finaltalk": {
        "add": {
          "component_groups": [
            "finaltalk"
          ]
        }
      },
      "finaldebutremove": {
        "add": {
          "component_groups": [
            "notags"
          ]
        },
        "remove": {
          "component_groups": [
            "finaldebut"
          ]
        }
      },
      "finaltalkremove": {
        "add": {
          "component_groups": [
            "notags"
          ]
        },
        "remove": {
          "component_groups": [
            "finaltalk"
          ]
        }
      }
    }
  }
}