{
	"format_version": "1.8.0",
	"animations": {
		"animation.churu_jurei.move": {
			"loop": "hold_on_last_frame",
			"animation_length": 0.5,
			"bones": {
				"churu_jurei": {
					"rotation": {
						"0.0": [0, 0, 0],
						"0.25": [10, 0, 0],
						"0.3333": [0, 0, 0],
						"0.5": [0, 0, 0]
					},
					"position": {
						"0.0": [0, 0, 0],
						"0.25": [0, 5, -30],
						"0.3333": [0, 3, -24],
						"0.5": [0, 0, 0]
					}
				},
				"churu_jurei_leg": {
					"rotation": {
						"0.0": [0, 0, 0],
						"0.25": [69.38, 0, 0],
						"0.3333": [72.5, 0, 0],
						"0.5": [0, 0, 0]
					},
					"position": {
						"0.0": [0, 0, 0],
						"0.0833": [0, 3, 0],
						"0.3333": [0, 0, 0],
						"0.4167": [0, 4, 0],
						"0.5": [0, 0, 0]
					}
				}
			}
		},
		"animation.churu_jurei.bob": {
			"loop": true,
			"animation_length": 2,
			"bones": {
				"churu_jurei": {
					"position": {
						"0.0": [0, 0, 0],
						"1.0": [0, 1.75, -3],
						"2.0": [0, 0, 0]
					}
				},
				"churu_jurei_leg": {
					"rotation": {
						"0.0": [0, 0, 0],
						"1.0": [7.5, 0, 0],
						"2.0": [0, 0, 0]
					}
				},
				"mouse": {
					"rotation": {
						"0.0": [0, 0, 0],
						"1.0": [0, 0, 7.5],
						"2.0": [0, 0, 0]
					}
				}
			}
		}
	}
}