{
	"format_version": "1.8.0",
	"animations": {
		"animation.fly_head_jurei.flying3": {
			"loop": true,
			"animation_length": 0.06,
			"bones": {
				"root": {
					"rotation": ["q.target_x_rotation", "q.target_y_rotation", 0]
				},
				"rightwing2": {
					"rotation": {
						"0.0": [3.61864, -16.1942, 19.7496],
						"0.03": [-8.54067, -10.3665, -8.6247],
						"0.06": [3.61864, -16.1942, 19.7496]
					}
				},
				"leftwing2": {
					"rotation": {
						"0.0": [3.61864, 16.19421, -19.74958],
						"0.03": [-8.54067, 10.36651, 18.62474],
						"0.06": [3.61864, 16.19421, -19.74958]
					}
				},
				"rightwing": {
					"rotation": {
						"0.0": [1.03391, 12.0312, -4.8789],
						"0.03": [13.79468, 2.5838, -63.3629],
						"0.06": [1.03391, 12.0312, -4.8789]
					}
				},
				"leftwing": {
					"rotation": {
						"0.0": [1.03391, -12.03123, 4.8789],
						"0.03": [13.79468, -2.58381, 63.36291],
						"0.06": [1.03391, -12.03123, 4.8789]
					}
				}
			}
		},
		"animation.fly_head_jurei.flying": {
			"loop": true,
			"animation_length": 0.25,
			"bones": {
				"rightwing": {
					"rotation": {
						"0.0": [0, -85, 0],
						"0.125": [10, 10, 17.5],
						"0.25": [0, -85, 0]
					}
				},
				"leftwing": {
					"rotation": {
						"0.0": [0, 85, 0],
						"0.125": [10, -10, -17.5],
						"0.25": [0, 85, 0]
					}
				}
			}
		},
		"animation.fly_head_jurei.flying2": {
			"loop": true,
			"animation_length": 0.3,
			"bones": {
				"leftwing": {
					"rotation": {
						"0.0": [0, 0, 0],
						"0.13": [31.01567, -26.2434, 101.3057],
						"0.25": [0, 0, 0]
					}
				},
				"rightwing": {
					"rotation": {
						"0.0": [0, 0, 0],
						"0.13": [31.01567, 26.24337, -101.30574],
						"0.25": [0, 0, 0]
					}
				},
				"root": {
					"rotation": ["q.target_x_rotation", "q.target_y_rotation", 0]
				}
			}
		}
	}
}