{
	"format_version": "1.8.0",
	"animations": {
		"animation.gama.gama_bero": {
			"loop": "hold_on_last_frame",
			"animation_length": 0.5,
			"bones": {
				"gama_head": {
					"rotation": {
						"0.0": [0, 0, 0],
						"0.15": [-5, 0, 0],
						"0.25": [-17.5, 0, 0],
						"0.4": [-17.5, 0, 0],
						"0.5": [0, 0, 0]
					}
				},
				"shita": {
					"rotation": {
						"0.0": [0, 0, 0],
						"0.15": [-5, 0, 0],
						"0.25": [-20, 0, 0],
						"0.4": [-21.5, 0, 0],
						"0.5": [0, 0, 0]
					},
					"position": {
						"0.15": [0, 0, 0],
						"0.25": [0, -9, 22],
						"0.4": [0, -9, 22],
						"0.5": [0, 0, 0]
					},
					"scale": {
						"0.15": [1, 1, 1],
						"0.25": [1, 1, 5],
						"0.4": [1, 1, 5],
						"0.5": [1, 1, 1]
					}
				},
				"gama_mouth": {
					"rotation": {
						"0.0": [0, 0, 0],
						"0.15": [10, 0, 0],
						"0.25": [22.5, 0, 0],
						"0.4": [22.5, 0, 0],
						"0.5": [0, 0, 0]
					}
				},
				"shita2": {
					"rotation": {
						"0.0": [0, 0, 0],
						"0.15": [-40, 0, 0],
						"0.25": [-40, 0, 0],
						"0.4": [-47.5, 0, 0],
						"0.5": [0, 0, 0]
					},
					"position": {
						"0.0": [0, 0, 0],
						"0.15": [0, -0.175, -1.25],
						"0.25": [0, -0.175, -0.75],
						"0.4": [0, -0.175, -0.75],
						"0.5": [0, 0, 0]
					}
				}
			}
		},
		"animation.gama.bob": {
			"loop": true,
			"animation_length": 1.5,
			"bones": {
				"gama_head": {
					"rotation": {
						"0.0": [0, 0, 0],
						"0.75": [2, 0, 0],
						"1.5": [0, 0, 0]
					}
				},
				"shita": {
					"rotation": {
						"0.0": [0, 0, 0],
						"0.75": [2, 0, 0],
						"1.5": [0, 0, 0]
					}
				},
				"gama_rightarm": {
					"rotation": {
						"0.0": [0, 0, 0],
						"0.75": [-2, 0, 2],
						"1.5": [0, 0, 0]
					}
				},
				"gama_leftarm": {
					"rotation": {
						"0.0": [0, 0, 0],
						"0.75": [-2, 0, -2],
						"1.5": [0, 0, 0]
					}
				},
				"gama_rightleg": {
					"rotation": {
						"0.0": [0, 0, 0],
						"0.75": [-3, 0, -1.5],
						"1.5": [0, 0, 0]
					}
				},
				"gama_leftleg": {
					"rotation": {
						"0.0": [0, 0, 0],
						"0.75": [-3, 0, 1.5],
						"1.5": [0, 0, 0]
					}
				}
			}
		},
		"animation.gama.move": {
			"loop": "hold_on_last_frame",
			"animation_length": 0.625,
			"bones": {
				"gama_rightarm": {
					"rotation": {
						"0.0": [-30, 0, 0],
						"0.125": [-12.61366, -0.43403, -17.49125],
						"0.25": [-6.93955, 10.01646, -16.69744],
						"0.5": [-24.43955, 10.01646, -16.69744],
						"0.625": [-30, 0, 0]
					}
				},
				"gama_leftarm": {
					"rotation": {
						"0.0": [-30, 0, 0],
						"0.125": [-10.72637, -0.73628, 18.05215],
						"0.25": [-6.93955, -10.0165, 16.6974],
						"0.5": [-24.43955, -10.0165, 16.6974],
						"0.625": [-30, 0, 0]
					}
				},
				"gama": {
					"rotation": {
						"0.0": [0, 0, 0],
						"0.125": [20, 0, 0],
						"0.25": [15, 0, 0],
						"0.375": [20, 0, 0],
						"0.5": [37.5, 0, 0],
						"0.625": [0, 0, 0]
					},
					"position": {
						"0.125": [0, 0, 0],
						"0.25": [0, 11, -7],
						"0.375": [0, 11, -9],
						"0.5": [0, 4, -4],
						"0.625": [0, 0, 0]
					}
				},
				"gama_head": {
					"rotation": {
						"0.125": [0, 0, 0],
						"0.25": [-7.5, 0, 0],
						"0.5": [-10, 0, 0],
						"0.625": [0, 0, 0]
					}
				},
				"shita": {
					"rotation": {
						"0.125": [0, 0, 0],
						"0.25": [12.5, 0, 0],
						"0.5": [5, 0, 0],
						"0.625": [0, 0, 0]
					}
				},
				"bone9": {
					"rotation": {
						"0.0": [30, 0, 0],
						"0.125": [-10, 0, 0],
						"0.25": [60, 0, 0],
						"0.5": [60, 0, 0],
						"0.625": [30, 0, 0]
					}
				},
				"bone2": {
					"rotation": {
						"0.0": [30, 0, 0],
						"0.125": [-10, 0, 0],
						"0.25": [60, 0, 0],
						"0.5": [60, 0, 0],
						"0.625": [30, 0, 0]
					}
				},
				"gama_rightleg": {
					"rotation": {
						"0.0": [0, 0, 0],
						"0.125": [-10, 0, 0],
						"0.25": [189.36926, -5.75822, 44.00791],
						"0.5": [89.21587, -20.1711, -3.7098],
						"0.625": [0, 0, 0]
					}
				},
				"bone13": {
					"rotation": {
						"0.125": [0, 0, 0],
						"0.25": [-122.5, 0, 0],
						"0.5": [-122.5, 0, 0],
						"0.625": [0, 0, 0]
					}
				},
				"gama_leftleg": {
					"rotation": {
						"0.0": [0, 0, 0],
						"0.125": [-10, 0, 0],
						"0.25": [189.36926, 5.7582, -44.0079],
						"0.5": [89.21587, 20.17114, 3.70985],
						"0.625": [0, 0, 0]
					}
				},
				"bone3": {
					"rotation": {
						"0.125": [0, 0, 0],
						"0.25": [-122.5, 0, 0],
						"0.5": [-122.5, 0, 0],
						"0.625": [0, 0, 0]
					}
				}
			}
		},
		"animation.gama.move_end": {
			"loop": "hold_on_last_frame",
			"animation_length": 0.125,
			"bones": {
				"gama_rightarm": {
					"rotation": {
						"0.0": [-30, 0, 0],
						"0.125": [0, 0, 0]
					}
				},
				"gama_leftarm": {
					"rotation": {
						"0.0": [-30, 0, 0],
						"0.125": [0, 0, 0]
					}
				},
				"gama": {
					"rotation": {
						"0.0": [0, 0, 0],
						"0.125": [0, 0, 0]
					}
				},
				"bone9": {
					"rotation": {
						"0.0": [30, 0, 0],
						"0.125": [0, 0, 0]
					}
				},
				"bone2": {
					"rotation": {
						"0.0": [30, 0, 0],
						"0.125": [0, 0, 0]
					}
				}
			}
		},
		"animation.gama.kango_aneitei": {
			"loop": "hold_on_last_frame",
			"animation_length": 4.2,
			"bones": {
				"gama": {
					"rotation": [0, 45, 0],
					"position": [50, 0, 50]
				},
				"gama_head": {
					"rotation": {
						"0.0": [0, 0, 0],
						"0.13": [-25, 0, 0]
					}
				},
				"shita": {
					"rotation": {
						"0.0": [0, 0, 0],
						"0.13": [-2.5, 0, 0],
						"3.75": [-2.5, 0, 0],
						"4.0": [0, 0, 0]
					},
					"position": {
						"0.0": [0, 0, 0],
						"0.13": [0, 0.5, 14],
						"3.75": [0, 0.5, 14],
						"4.0": [0, 0, 0]
					},
					"scale": {
						"0.0": [1, 1, 1],
						"0.13": [1, 1, 4],
						"0.29": [1, 1, 3.5],
						"3.75": [1, 1, 3.5],
						"4.0": [1, 1, 1]
					}
				},
				"gama2": {
					"rotation": [0, -45, 0],
					"position": [-50, 0, 50]
				},
				"gama_head2": {
					"rotation": {
						"0.0": [0, 0, 0],
						"0.13": [-25, 0, 0]
					}
				},
				"shita3": {
					"rotation": {
						"0.0": [0, 0, 0],
						"0.13": [-2.5, 0, 0],
						"3.75": [-2.5, 0, 0],
						"4.0": [0, 0, 0]
					},
					"position": {
						"0.0": [0, 0, 0],
						"0.13": [0, 0.5, 14],
						"3.75": [0, 0.5, 14],
						"4.0": [0, 0, 0]
					},
					"scale": {
						"0.0": [1, 1, 1],
						"0.13": [1, 1, 4],
						"0.29": [1, 1, 3.5],
						"3.75": [1, 1, 3.5],
						"4.0": [1, 1, 1]
					}
				},
				"gama3": {
					"rotation": [0, 135, 0],
					"position": [50, 0, -50]
				},
				"gama_head3": {
					"rotation": {
						"0.0": [0, 0, 0],
						"0.13": [-25, 0, 0]
					}
				},
				"shita5": {
					"rotation": {
						"0.0": [0, 0, 0],
						"0.13": [-2.5, 0, 0],
						"3.75": [-2.5, 0, 0],
						"4.0": [0, 0, 0]
					},
					"position": {
						"0.0": [0, 0, 0],
						"0.13": [0, 0.5, 14],
						"3.75": [0, 0.5, 14],
						"4.0": [0, 0, 0]
					},
					"scale": {
						"0.0": [1, 1, 1],
						"0.13": [1, 1, 4],
						"0.29": [1, 1, 3.5],
						"3.75": [1, 1, 3.5],
						"4.0": [1, 1, 1]
					}
				},
				"gama4": {
					"rotation": [0, -135, 0],
					"position": [-50, 0, -50]
				},
				"gama_head4": {
					"rotation": {
						"0.0": [0, 0, 0],
						"0.13": [-25, 0, 0]
					}
				},
				"shita7": {
					"rotation": {
						"0.0": [0, 0, 0],
						"0.13": [-2.5, 0, 0],
						"3.75": [-2.5, 0, 0],
						"4.0": [0, 0, 0]
					},
					"position": {
						"0.0": [0, 0, 0],
						"0.13": [0, 0.5, 14],
						"3.75": [0, 0.5, 14],
						"4.0": [0, 0, 0]
					},
					"scale": {
						"0.0": [1, 1, 1],
						"0.13": [1, 1, 4],
						"0.29": [1, 1, 3.5],
						"3.75": [1, 1, 3.5],
						"4.0": [1, 1, 1]
					}
				},
				"root": {
					"position": {
						"0.0": [0, -15, 0],
						"4.0": [0, -15, 0],
						"4.2": [0, -30, 0]
					},
					"scale": {
						"0.0": [1, 1, 1],
						"4.2": {"pre": [1, 1, 1], "post": [0, 0, 0]}
					}
				}
			}
		}
	}
}