{
	"format_version": "1.8.0",
	"animations": {
		"animation.itadori.manji_kick": {
			"loop": "hold_on_last_frame",
			"animation_length": 0.31,
			"bones": {
				"rightItem": {
					"scale": 0
				},
				"leftItem": {
					"scale": 0
				},
				"root": {
					"rotation": {
						"0.0": [0, 0, 0],
						"0.04": [0, "q.target_y_rotation", 0]
					}
				},
				"body": {
					"rotation": {
						"0.0": [0, 0, 0],
						"0.04": [77.97499, 12.80911, 46.1453],
						"0.07": [73.10479, -45.65068, 61.10321],
						"0.15": [-162.44847, -68.94141, 302.12915],
						"0.28": [-175.55843, -69.90202, 316.12357]
					},
					"position": {
						"0.0": [0, 0, 0],
						"0.04": [1.5, -10, -11],
						"0.07": [1.5, -12, -12],
						"0.15": [7.5, -16.75, -19.25],
						"0.28": [7.5, -17.25, -20.25]
					}
				},
				"player_body2": {
					"rotation": {
						"0.0": [0, 0, 0],
						"0.04": [15, 0, 0],
						"0.07": [37.5, 0, 0]
					}
				},
				"leftArm": {
					"rotation": {
						"0.0": [0, 0, 0],
						"0.04": [-51.75329, -56.46179, -33.3055],
						"0.07": [-20.46499, -69.36648, -95.63353],
						"0.11": [-57.96499, -69.36648, -95.63353],
						"0.28": [-47.96499, -69.36648, -95.63353]
					},
					"position": {
						"0.0": [0, 0, 0],
						"0.07": [2, 0, -1],
						"0.11": [1, 2, -1]
					}
				},
				"leftarm3": {
					"rotation": {
						"0.0": [0, 0, 0],
						"0.04": [-40, 0, 0]
					}
				},
				"rightArm": {
					"rotation": {
						"0.0": [0, 0, 0],
						"0.04": [-46.12308, -21.06881, 3.41138],
						"0.07": [-55.81509, 53.78936, 101.36467],
						"0.11": [38.57324, 64.87725, 204.01617],
						"0.28": [46.07324, 64.87725, 204.01617]
					},
					"position": {
						"0.0": [0, 0, 0],
						"0.11": [-1.25, 3, 0]
					}
				},
				"rightarm3": {
					"rotation": {
						"0.0": [0, 0, 0],
						"0.04": [-40, 0, 0]
					}
				},
				"head": {
					"rotation": [0, 0, 0],
					"position": [0, 0, 0]
				},
				"rightLeg": {
					"rotation": {
						"0.0": [0, 0, 0],
						"0.04": [41.46257, 21.36296, 101.49509],
						"0.07": [50.97123, -13.83519, 130.05803],
						"0.11": [5.97123, -13.83519, 130.05803],
						"0.15": [-30.30766, 3.54263, 193.98315],
						"0.28": [-45.30766, 3.54263, 193.98315]
					},
					"position": {
						"0.0": [0, 0, 0],
						"0.04": [2.25, 1, 0],
						"0.07": [-3.75, 7, -6],
						"0.11": [1.25, 6, -22],
						"0.15": [1.25, 2, -22]
					}
				},
				"rightleg3": {
					"rotation": {
						"0.0": [0, 0, 0],
						"0.04": [40, 0, 0]
					}
				},
				"leftLeg": {
					"rotation": {
						"0.0": [0, 0, 0],
						"0.04": [0, 0, -12.5],
						"0.07": [161.65589, 11.31335, 4.10179],
						"0.11": [194.67931, -6.63653, 3.37175],
						"0.15": [226.93018, 7.99322, -7.69157],
						"0.28": [229.43018, 7.99322, -7.69157]
					},
					"position": {
						"0.0": [0, 0, 0],
						"0.04": [0, -1, 0],
						"0.07": [-6, 3, -3],
						"0.11": [-6, 6, -18],
						"0.15": [-1, 4.25, -18]
					}
				},
				"leftleg3": {
					"rotation": {
						"0.0": [0, 0, 0.01],
						"0.04": [22.5, 0, 0]
					}
				}
			},
			"particle_effects": {
				"0.0": [
					{
						"effect": "juryoku",
						"locator": "rightleg"
					},
					{
						"effect": "juryoku",
						"locator": "leftleg"
					}
				]
			}
		}
	}
}