{
	"format_version": "1.8.0",
	"animations": {
		"animation.koryu_jurei.bob": {
			"loop": true,
			"animation_length": 3,
			"bones": {
				"koryu_bone133": {
					"rotation": {
						"0.0": [0, 0, 0],
						"1.5": [0, 0, 0],
						"3.0": [0, 0, 0]
					},
					"position": {
						"0.0": [0, 0, 0],
						"1.5": [0, 2.75, 0],
						"3.0": [0, 0, 0]
					}
				},
				"koryu_bone134": {
					"rotation": {
						"0.0": [0, 0, 0],
						"1.5": [17.5, 0, 0],
						"3.0": [0, 0, 0]
					},
					"position": {
						"0.0": [0, 0, 0],
						"1.5": [0, 2.75, 0],
						"3.0": [0, 0, 0]
					}
				},
				"koryu_bone128": {
					"rotation": {
						"0.0": [0, 0, 0],
						"1.5": [15, 0, 0],
						"3.0": [0, 0, 0]
					},
					"position": {
						"0.0": [0, 0, 0],
						"1.5": [0, -1.75, 0],
						"3.0": [0, 0, 0]
					}
				},
				"koryu_bone126": {
					"rotation": {
						"0.0": [0, 0, 0],
						"1.5": [27.5, 0, 0],
						"3.0": [0, 0, 0]
					},
					"position": {
						"0.0": [0, 0, 0],
						"1.5": [0, -13, 0],
						"3.0": [0, 0, 0]
					}
				},
				"koryu_bone123": {
					"rotation": {
						"0.0": [0, 0, 0],
						"1.5": [20, 0, 0],
						"3.0": [0, 0, 0]
					},
					"position": {
						"0.0": [0, 0, 0],
						"1.5": [0, -25, 0],
						"3.0": [0, 0, 0]
					}
				},
				"koryu_bone119": {
					"rotation": {
						"0.0": [0, 0, 0],
						"1.5": [20, 0, 0],
						"3.0": [0, 0, 0]
					},
					"position": {
						"0.0": [0, 0, 0],
						"1.5": [0, -36, 0],
						"3.0": [0, 0, 0]
					}
				},
				"koryu_bone118": {
					"rotation": {
						"0.0": [0, 0, 0],
						"3.0": [0, 0, 0]
					},
					"position": {
						"0.0": [0, 0, 0],
						"1.5": [0, -36, 0],
						"3.0": [0, 0, 0]
					}
				},
				"koryu_bone117": {
					"rotation": {
						"0.0": [0, 0, 0],
						"1.5": [-12.5, 0, 0],
						"3.0": [0, 0, 0]
					},
					"position": {
						"0.0": [0, 0, 0],
						"1.5": [0, -31, 0],
						"3.0": [0, 0, 0]
					}
				},
				"koryu_bone109": {
					"rotation": {
						"0.0": [0, 0, 0],
						"1.5": [-25, 0, 0],
						"3.0": [0, 0, 0]
					},
					"position": {
						"0.0": [0, 0, 0],
						"1.5": [0, 0, 0],
						"3.0": [0, 0, 0]
					}
				},
				"koryu_bone110": {
					"rotation": {
						"0.0": [0, 0, 0],
						"1.5": [-42.5, 0, 0],
						"3.0": [0, 0, 0]
					},
					"position": {
						"0.0": [0, 0, 0],
						"1.5": [0, -11, 0],
						"3.0": [0, 0, 0]
					}
				},
				"koryu_bone102": {
					"rotation": {
						"0.0": [0, 0, 0],
						"1.5": [-10, 0, 0],
						"3.0": [0, 0, 0]
					}
				},
				"kao": {
					"rotation": {
						"0.0": [0, 0, 0],
						"1.5": [7.5, 0, 0],
						"3.0": [0, 0, 0]
					},
					"position": {
						"0.0": [0, 0, 0],
						"1.5": [0, 7.75, 0],
						"3.0": [0, 0, 0]
					}
				},
				"koryu_bone188": {
					"position": {
						"0.0": [0, -1, 0],
						"1.5": [0, -36, 0],
						"3.0": [0, -1, 0]
					}
				},
				"koryu_bone187": {
					"position": {
						"0.0": [0, 0, 0],
						"1.5": [0, -34, 0],
						"3.0": [0, 0, 0]
					}
				},
				"koryu_bone186": {
					"position": {
						"0.0": [0, 0, 0],
						"1.5": [0, -32, 0],
						"3.0": [0, 0, 0]
					}
				},
				"koryu_bone185": {
					"position": {
						"0.0": [0, 0, 0],
						"1.5": [0, -28, 0],
						"3.0": [0, 0, 0]
					}
				},
				"koryu_bone183": {
					"position": {
						"0.0": [0, 0, 0],
						"1.5": [0, -4, 0],
						"3.0": [0, 0, 0]
					}
				},
				"koryu_bone191": {
					"position": {
						"0.0": [0, -1, 0],
						"1.5": [0, -7, 0],
						"3.0": [0, -1, 0]
					}
				},
				"koryu_bone192": {
					"position": {
						"0.0": [0, -1, 0],
						"1.5": [0, -14, 0],
						"3.0": [0, -1, 0]
					}
				},
				"koryu_bone193": {
					"position": {
						"0.0": [0, -1, 0],
						"1.5": [0, -22, 0],
						"3.0": [0, -1, 0]
					}
				},
				"koryu_bone194": {
					"position": {
						"0.0": [0, -1, 0],
						"1.5": [0, -36, 0],
						"3.0": [0, -1, 0]
					}
				},
				"koryu_bone196": {
					"rotation": {
						"0.0": [0, 0, 0],
						"1.5": [0, 0, 0],
						"3.0": [0, 0, 0]
					},
					"position": {
						"0.0": [0, 0, 0],
						"1.5": [0, 0, 0],
						"3.0": [0, 0, 0]
					}
				},
				"koryu_bone197": {
					"rotation": {
						"0.0": [0, 0, 0],
						"1.5": [0, 0, 0],
						"3.0": [0, 0, 0]
					},
					"position": {
						"0.0": [0, 0, 0],
						"1.5": [0, 2, 0],
						"3.0": [0, 0, 0]
					}
				},
				"koryu_bone198": {
					"rotation": {
						"0.0": [0, 0, 0],
						"1.5": [0, 0, 0],
						"3.0": [0, 0, 0]
					},
					"position": {
						"0.0": [0, 0, 0],
						"1.5": [0, 2, 0],
						"3.0": [0, 0, 0]
					}
				},
				"koryu_bone199": {
					"rotation": {
						"0.0": [0, 0, 0],
						"1.5": [0, 0, 0],
						"3.0": [0, 0, 0]
					},
					"position": {
						"0.0": [0, 0, 0],
						"1.5": [0, 4, 0],
						"3.0": [0, 0, 0]
					}
				},
				"rightArm": {
					"rotation": {
						"0.0": [0, 0, 0],
						"1.5": [15, 0, 0],
						"3.0": [0, 0, 0]
					}
				},
				"leftArm": {
					"rotation": {
						"0.0": [0, 0, 0],
						"1.5": [15, 0, 0],
						"3.0": [0, 0, 0]
					}
				},
				"rightLeg": {
					"position": {
						"0.0": [0, -1, 0],
						"1.5": [0, -25, 0],
						"3.0": [0, -1, 0]
					}
				},
				"leftLeg": {
					"position": {
						"0.0": [0, -1, 0],
						"1.5": [0, -24, 0],
						"3.0": [0, -1, 0]
					}
				},
				"root": {
					"rotation": ["q.target_x_rotation", "q.target_y_rotation", 0]
				}
			}
		},
		"animation.koryu_jurei.attack": {
			"loop": "hold_on_last_frame",
			"animation_length": 1,
			"bones": {
				"dou": {
					"rotation": {
						"0.0": [0, 0, 0],
						"0.2": [0, -10, 0],
						"0.4": [0, 10, 0],
						"0.6": [0, -10, 0],
						"0.8": [0, 10, 0],
						"1.0": [0, -10, 0]
					}
				},
				"koryu_bone133": {
					"rotation": {
						"0.0": [0, 0, 0],
						"0.2": [0, -12.5, 0],
						"0.4": [0, 12.5, 0],
						"0.6": [0, -12.5, 0],
						"0.8": [0, 12.5, 0],
						"1.0": [0, -12.5, 0]
					},
					"position": {
						"0.0": [0, 0, 0],
						"0.2": [9, 0, 0],
						"0.4": [-9, 0, 0],
						"0.6": [9, 0, 0],
						"0.8": [-9, 0, 0],
						"1.0": [9, 0, 0]
					}
				},
				"koryu_bone134": {
					"rotation": {
						"0.0": [0, 0, 0],
						"0.2": [0, -12.5, 0],
						"0.4": [0, 12.5, 0],
						"0.6": [0, -12.5, 0],
						"0.8": [0, 12.5, 0],
						"1.0": [0, -12.5, 0]
					},
					"position": [0, 0, 0]
				},
				"koryu_bone128": {
					"rotation": {
						"0.0": [0, 0, 0],
						"0.2": [0, -12.5, 0],
						"0.4": [0, 12.5, 0],
						"0.6": [0, -12.5, 0],
						"0.8": [0, 12.5, 0],
						"1.0": [0, -12.5, 0]
					},
					"position": {
						"0.0": [0, 0, 0],
						"0.2": [18, 0, -8],
						"0.4": [-18, 0, -8],
						"0.6": [18, 0, -8],
						"0.8": [-18, 0, -8],
						"1.0": [18, 0, -8]
					}
				},
				"koryu_bone126": {
					"rotation": {
						"0.0": [0, 0, 0],
						"0.2": [0, -10, 0],
						"0.4": [0, 10, 0],
						"0.6": [0, -10, 0],
						"0.8": [0, 10, 0],
						"1.0": [0, -10, 0]
					},
					"position": {
						"0.0": [0, 0, 0],
						"0.2": [22, 0, -8],
						"0.4": [-22, 0, -8],
						"0.6": [22, 0, -8],
						"0.8": [-22, 0, -8],
						"1.0": [22, 0, -8]
					}
				},
				"koryu_bone123": {
					"rotation": {
						"0.0": [0, 0, 0],
						"0.2": [0, -7.5, 0],
						"0.4": [0, 7.5, 0],
						"0.6": [0, -7.5, 0],
						"0.8": [0, 7.5, 0],
						"1.0": [0, -7.5, 0]
					},
					"position": {
						"0.0": [0, 0, 0],
						"0.2": [27, 0, -7],
						"0.4": [-27, 0, -7],
						"0.6": [27, 0, -7],
						"0.8": [-27, 0, -7],
						"1.0": [27, 0, -7]
					}
				},
				"koryu_bone119": {
					"rotation": {
						"0.0": [0, 0, 0],
						"0.2": [0, -2.5, 0],
						"0.4": [0, 2.5, 0],
						"0.6": [0, -2.5, 0],
						"0.8": [0, 2.5, 0],
						"1.0": [0, -2.5, 0]
					},
					"position": {
						"0.0": [0, 0, 0],
						"0.2": [28, 0, -7],
						"0.4": [-28, 0, -7],
						"0.6": [28, 0, -7],
						"0.8": [-28, 0, -7],
						"1.0": [28, 0, -7]
					}
				},
				"koryu_bone118": {
					"rotation": {
						"0.0": [0, 0, 0],
						"0.2": [0, 15, 0],
						"0.4": [0, -15, 0],
						"0.6": [0, 15, 0],
						"0.8": [0, -15, 0],
						"1.0": [0, 15, 0]
					},
					"position": {
						"0.0": [0, 0, 0],
						"0.2": [22, 0, -3],
						"0.4": [-22, 0, -3],
						"0.6": [22, 0, -3],
						"0.8": [-22, 0, -3],
						"1.0": [22, 0, -3]
					}
				},
				"koryu_bone117": {
					"rotation": {
						"0.0": [0, 0, 0],
						"0.2": [0, 22.5, 0],
						"0.4": [0, -22.5, 0],
						"0.6": [0, 22.5, 0],
						"0.8": [0, -22.5, 0],
						"1.0": [0, 22.5, 0]
					},
					"position": {
						"0.0": [0, 0, 0],
						"0.2": [13, 0, 0],
						"0.4": [-13, 0, 0],
						"0.6": [13, 0, 0],
						"0.8": [-13, 0, 0],
						"1.0": [13, 0, 0]
					}
				},
				"koryu_bone109": {
					"rotation": {
						"0.0": [0, 0, 0],
						"0.2": [0, 10, 0],
						"0.4": [0, -10, 0],
						"0.6": [0, 10, 0],
						"0.8": [0, -10, 0],
						"1.0": [0, 10, 0]
					}
				},
				"koryu_bone110": {
					"rotation": {
						"0.0": [0, 0, 0],
						"0.2": [0, 17.5, 0],
						"0.4": [0, -17.5, 0],
						"0.6": [0, 17.5, 0],
						"0.8": [0, -17.5, 0],
						"1.0": [0, 17.5, 0]
					},
					"position": {
						"0.0": [0, 0, 0],
						"0.2": [5, 0, 0],
						"0.4": [-5, 0, 0],
						"0.6": [5, 0, 0],
						"0.8": [-5, 0, 0],
						"1.0": [5, 0, 0]
					}
				},
				"kao": {
					"rotation": {
						"0.0": [0, 0, 0],
						"0.2": [0, 7.5, 0],
						"0.4": [0, -7.5, 0],
						"0.6": [0, 7.5, 0],
						"0.8": [0, -7.5, 0],
						"1.0": [0, 7.5, 0]
					}
				},
				"SYAKUU": {
					"rotation": {
						"0.0": [0, 0, 0],
						"0.2": [7.5, 0, 0],
						"0.4": [7.5, 0, 0],
						"0.6": [7.5, 0, 0],
						"0.8": [7.5, 0, 0],
						"1.0": [7.5, 0, 0]
					},
					"position": {
						"0.0": [0, 0, 0],
						"0.2": [0, 0, 4],
						"0.4": [0, 0, 4],
						"0.6": [0, 0, 4],
						"0.8": [0, 0, 4],
						"1.0": [0, 0, 4]
					}
				},
				"ue_kao": {
					"rotation": {
						"0.0": [0, 0, 0],
						"0.2": [-25, 0, 0],
						"0.4": [-25, 0, 0],
						"0.6": [-25, 0, 0],
						"0.8": [-25, 0, 0],
						"1.0": [-25, 0, 0]
					}
				},
				"koryu_bone189": {
					"rotation": {
						"0.0": [0, 0, 0],
						"0.2": [0, 22.5, 0],
						"0.4": [0, -22.5, 0],
						"0.6": [0, 22.5, 0],
						"0.8": [0, -22.5, 0],
						"1.0": [0, 22.5, 0]
					},
					"position": {
						"0.0": [0, 0, 0],
						"0.2": [11.25, 0, 1],
						"0.4": [-11.25, 0, 1],
						"0.6": [11.25, 0, 1],
						"0.8": [-11.25, 0, 1],
						"1.0": [11.25, 0, 1]
					}
				},
				"koryu_bone188": {
					"rotation": {
						"0.0": [0, 0, 0],
						"0.2": [0, -10, 0],
						"0.4": [0, 10, 0],
						"0.6": [0, -10, 0],
						"0.8": [0, 10, 0],
						"1.0": [0, -10, 0]
					},
					"position": {
						"0.0": [0, 0, 0],
						"0.2": [-5, 0, -7],
						"0.4": [5, 0, -7],
						"0.6": [-5, 0, -7],
						"0.8": [5, 0, -7],
						"1.0": [-5, 0, -7]
					}
				},
				"koryu_bone187": {
					"rotation": {
						"0.0": [0, 0, 0],
						"0.2": [0.75677, -6.79588, -3.12833],
						"0.4": [0.75677, 6.7959, 3.1283],
						"0.6": [0.75677, -6.79588, -3.12833],
						"0.8": [0.75677, 6.7959, 3.1283],
						"1.0": [0.75677, -6.79588, -3.12833]
					},
					"position": {
						"0.0": [0, 0, 0],
						"0.2": [-1.75, 0, 0],
						"0.4": [1.75, 0, 0],
						"0.6": [-1.75, 0, 0],
						"0.8": [1.75, 0, 0],
						"1.0": [-1.75, 0, 0]
					}
				},
				"koryu_bone183": {
					"rotation": {
						"0.0": [0, 0, 0],
						"0.2": [0, 10, 0],
						"0.4": [0, -10, 0],
						"0.6": [0, 10, 0],
						"0.8": [0, -10, 0],
						"1.0": [0, 10, 0]
					},
					"position": {
						"0.0": [0, 0, 0],
						"0.2": [2, 0, 0],
						"0.4": [-2, 0, 0],
						"0.6": [2, 0, 0],
						"0.8": [-2, 0, 0],
						"1.0": [2, 0, 0]
					}
				},
				"koryu_bone190": {
					"rotation": {
						"0.0": [0, 0, 0],
						"0.2": [0, -7.5, 0],
						"0.4": [0, 7.5, 0],
						"0.6": [0, -7.5, 0],
						"0.8": [0, 7.5, 0],
						"1.0": [0, -7.5, 0]
					},
					"position": {
						"0.0": [0, 0, 0],
						"0.2": [27, 2, -14],
						"0.4": [-27, 2, -14],
						"0.6": [27, 2, -14],
						"0.8": [-27, 2, -14],
						"1.0": [27, 2, -14]
					}
				},
				"koryu_bone195": {
					"rotation": {
						"0.0": [0, 0, 0],
						"0.2": [0, -12.5, 0],
						"0.4": [0, 12.5, 0],
						"0.6": [0, -12.5, 0],
						"0.8": [0, 12.5, 0],
						"1.0": [0, -12.5, 0]
					},
					"position": {
						"0.0": [0, 0, 0],
						"0.2": [10, 0, 0],
						"0.4": [-10, 0, 0],
						"0.6": [10, 0, 0],
						"0.8": [-10, 0, 0],
						"1.0": [10, 0, 0]
					}
				},
				"rightLeg": {
					"rotation": [0, 0, 0],
					"position": {
						"0.0": [0, 0, 0],
						"0.2": [24, 0, 0],
						"0.4": [-24, 0, 0],
						"0.6": [24, 0, 0],
						"0.8": [-24, 0, 0],
						"1.0": [24, 0, 0]
					}
				},
				"leftLeg": {
					"rotation": [0, 0, 0],
					"position": {
						"0.0": [0, 0, 0],
						"0.2": [24, 0, 0],
						"0.4": [-24, 0, 0],
						"0.6": [24, 0, 0],
						"0.8": [-24, 0, 0],
						"1.0": [24, 0, 0]
					}
				},
				"koryu_bone184": {
					"rotation": {
						"0.0": [0, 0, 0],
						"0.2": [0, 17.5, 0],
						"0.4": [0, -17.5, 0],
						"0.6": [0, 17.5, 0],
						"0.8": [0, -17.5, 0],
						"1.0": [0, 17.5, 0]
					},
					"position": {
						"0.0": [0, 0, 0],
						"0.2": [6, 0, 2],
						"0.4": [-6, 0, 2],
						"0.6": [6, 0, 2],
						"0.8": [-6, 0, 2],
						"1.0": [6, 0, 2]
					}
				}
			}
		}
	}
}