{
	"format_version": "1.8.0",
	"animations": {
		"animation.mukagen.fly": {
			"loop": "hold_on_last_frame",
			"animation_length": 0.1875,
			"override_previous_animation": true,
			"bones": {
				"gojo_body": {
					"rotation": {
						"0.0": [0, 0, 0],
						"0.1875": [9.99067, 0.43399, -14.96207]
					},
					"position": {
						"0.0": [0, 0, 0],
						"0.1875": [0, 0.5, 0]
					}
				},
				"gojo_body3": {
					"rotation": {
						"0.0": [0, 0, 0],
						"0.1875": [0, 0, -17.5]
					}
				},
				"gojo_body4": {
					"rotation": {
						"0.0": [0, 0, 0],
						"0.1875": [0, 0, -2.5]
					}
				},
				"gojo_body5": {
					"rotation": {
						"0.0": [0, 0, 0],
						"0.1875": [0, 0, -20]
					}
				},
				"gojo_body6": {
					"rotation": {
						"0.0": [0, 0, 0],
						"0.1875": [0, -22.5, 0]
					}
				},
				"gojo_body7": {
					"rotation": {
						"0.0": [0, 0, 0],
						"0.1875": [0, -10, -20]
					},
					"position": {
						"0.0": [0, 0, 0],
						"0.1875": [0, 0.25, 0]
					}
				},
				"gojo_body2": {
					"rotation": {
						"0.0": [0, 0, 0],
						"0.1875": [9.5941, -2.99733, 14.70097]
					},
					"position": {
						"0.0": [0, 0, 0],
						"0.1875": [0, 0.5, 0]
					}
				},
				"gojo_body8": {
					"rotation": {
						"0.0": [0, 0, 0],
						"0.1875": [0, 0, 20]
					}
				},
				"gojo_body9": {
					"rotation": {
						"0.0": [0, 0, 0],
						"0.1875": [0, 0, 2.5]
					}
				},
				"gojo_body10": {
					"rotation": {
						"0.0": [0, 0, 0],
						"0.1875": [0, 0, 20]
					}
				},
				"gojo_body11": {
					"rotation": {
						"0.0": [0, 0, 0],
						"0.1875": [0, 22.5, 0]
					}
				},
				"gojo_body12": {
					"rotation": {
						"0.0": [0, 0, 0],
						"0.1875": [0, 10, 20]
					},
					"position": {
						"0.0": [0, 0, 0],
						"0.1875": [0, 0.25, 0]
					}
				},
				"leftArm": {
					"rotation": {
						"0.0": [0, 0, 0],
						"0.1875": [-38.85136, 19.20302, -21.69636]
					},
					"position": {
						"0.0": [0, 0, 0],
						"0.1875": [0, 0, -0.5]
					}
				},
				"leftarm3": {
					"rotation": {
						"0.0": [0, 0, 0],
						"0.1875": [-30, 0, 0]
					}
				},
				"rightArm": {
					"rotation": {
						"0.0": [0, 0, 0],
						"0.1875": [-24.73646, 77.54961, 127.68968]
					},
					"position": {
						"0.0": [0, 0, 0],
						"0.1875": [0, 2, -0.5]
					}
				},
				"rightarm3": {
					"rotation": {
						"0.0": [0, 0, 0],
						"0.1875": [-30, 0, 0]
					}
				},
				"rightLeg": {
					"rotation": {
						"0.0": [0, 0, 0],
						"0.1875": [-12.5, 0, 12.5]
					},
					"position": {
						"0.0": [0, 0, 0],
						"0.1875": [0, 1, 0]
					}
				},
				"rightleg3": {
					"rotation": {
						"0.0": [0, 0, 0],
						"0.1875": [22.5, 0, 0]
					}
				},
				"leftLeg": {
					"rotation": {
						"0.0": [0, 0, 0],
						"0.1875": [17.5, 0, -12.5]
					},
					"position": {
						"0.0": [0, 0, 0],
						"0.1875": [0, 1, 0]
					}
				},
				"leftleg3": {
					"rotation": {
						"0.0": [0, 0, 0],
						"0.1875": [40, 0, 0]
					}
				}
			}
		},
		"animation.mukagen.fly2": {
			"loop": true,
			"animation_length": 2,
			"override_previous_animation": true,
			"bones": {
				"gojo_body": {
					"rotation": [9.99067, 0.43399, -14.96207],
					"position": [0, 0.5, 0]
				},
				"gojo_body3": {
					"rotation": [0, 0, -17.5]
				},
				"gojo_body4": {
					"rotation": [0, 0, -2.5]
				},
				"gojo_body5": {
					"rotation": [0, 0, -20]
				},
				"gojo_body6": {
					"rotation": [0, -22.5, 0]
				},
				"gojo_body7": {
					"rotation": [0, -10, -20],
					"position": [0, 0.25, 0]
				},
				"gojo_body2": {
					"rotation": [9.5941, -2.99733, 14.70097],
					"position": [0, 0.5, 0]
				},
				"gojo_body8": {
					"rotation": [0, 0, 20]
				},
				"gojo_body9": {
					"rotation": [0, 0, 2.5]
				},
				"gojo_body10": {
					"rotation": [0, 0, 20]
				},
				"gojo_body11": {
					"rotation": [0, 22.5, 0]
				},
				"gojo_body12": {
					"rotation": [0, 10, 20],
					"position": [0, 0.25, 0]
				},
				"leftArm": {
					"rotation": {
						"0.0": [-38.85136, 19.20302, -21.69636],
						"1.0": [-36.35136, 19.20302, -21.69636],
						"2.0": [-38.85136, 19.20302, -21.69636]
					},
					"position": {
						"0.0": [0, 0, -0.5],
						"1.0": [0, 0, -0.5],
						"2.0": [0, 0, -0.5]
					}
				},
				"leftarm3": {
					"rotation": [-30, 0, 0]
				},
				"rightArm": {
					"rotation": {
						"0.0": [-24.73646, 77.54961, 127.68968],
						"1.0": [-22.23646, 77.54961, 127.68968],
						"2.0": [-24.73646, 77.54961, 127.68968]
					},
					"position": {
						"0.0": [0, 2, -0.5],
						"1.0": [0, 2, -0.5],
						"2.0": [0, 2, -0.5]
					}
				},
				"rightarm3": {
					"rotation": [-30, 0, 0]
				},
				"rightLeg": {
					"rotation": {
						"0.0": [-12.5, 0, 12.5],
						"1.0": [-10, 0, 12.5],
						"2.0": [-12.5, 0, 12.5]
					},
					"position": [0, 1, 0]
				},
				"rightleg3": {
					"rotation": [22.5, 0, 0]
				},
				"leftLeg": {
					"rotation": {
						"0.0": [17.5, 0, -12.5],
						"1.0": [15, 0, -12.5],
						"2.0": [17.5, 0, -12.5]
					},
					"position": [0, 1, 0]
				},
				"leftleg3": {
					"rotation": [40, 0, 0]
				}
			}
		},
		"animation.mukagen.student_gojo.aka": {
			"loop": "hold_on_last_frame",
			"animation_length": 1,
			"bones": {
				"gojo_body": {
					"rotation": {
						"0.0": [0, 0, 0],
						"0.125": [2.49067, 0.43399, -14.96207]
					},
					"position": {
						"0.0": [0, 0, 0],
						"0.125": [0, 0.25, 0]
					}
				},
				"gojo_body3": {
					"rotation": {
						"0.0": [0, 0, 0],
						"0.125": [-2.5, 0, -17.5]
					}
				},
				"gojo_body4": {
					"rotation": {
						"0.0": [0, 0, 0],
						"0.125": [0, 0, -2.5]
					}
				},
				"gojo_body5": {
					"rotation": {
						"0.0": [0, 0, 0],
						"0.125": [0, 0, -10]
					}
				},
				"gojo_body6": {
					"rotation": {
						"0.0": [0, 0, 0],
						"0.125": [0, -22.5, 0]
					}
				},
				"gojo_body7": {
					"rotation": {
						"0.0": [0, 0, 0],
						"0.125": [0, -10, -20]
					},
					"position": {
						"0.0": [0, 0, 0],
						"0.125": [-0.2, 0.4, 0]
					}
				},
				"gojo_body2": {
					"rotation": {
						"0.0": [0, 0, 0],
						"0.125": [-0.4059, -2.99733, 14.70097]
					},
					"position": {
						"0.0": [0, 0, 0],
						"0.125": [0, 0.25, 0]
					}
				},
				"gojo_body8": {
					"rotation": {
						"0.0": [0, 0, 0],
						"0.125": [-2.5, 0, 20]
					}
				},
				"gojo_body9": {
					"rotation": {
						"0.0": [0, 0, 0],
						"0.125": [0, 0, 2.5]
					}
				},
				"gojo_body10": {
					"rotation": {
						"0.0": [0, 0, 0],
						"0.125": [0, 0, 10]
					}
				},
				"gojo_body11": {
					"rotation": {
						"0.0": [0, 0, 0],
						"0.125": [0, 22.5, 0]
					}
				},
				"gojo_body12": {
					"rotation": {
						"0.0": [0, 0, 0],
						"0.125": [0, 10, 20]
					},
					"position": {
						"0.0": [0, 0, 0],
						"0.125": [0.2, 0.4, 0]
					}
				},
				"head": {
					"rotation": {
						"0.0": [0, 0, 0],
						"0.125": [-17.5, 0, 0]
					}
				},
				"leftArm": {
					"rotation": {
						"0.0": [0, 0, 0],
						"0.125": [-118.32159, 13.27207, -7.05309]
					}
				},
				"rightArm": {
					"rotation": {
						"0.0": [0, 0, 0],
						"0.125": [48.458, -23.37058, 19.36497]
					}
				},
				"rightLeg": {
					"rotation": {
						"0.0": [0, 0, 0],
						"0.125": [-17.35932, -2.24944, 185.34344]
					},
					"position": {
						"0.0": [0, 0, 0],
						"0.125": [4, 9, 0]
					}
				},
				"leftLeg": {
					"rotation": {
						"0.0": [0, 0, 0],
						"0.125": [-29.78729, -3.74196, 160.99554]
					},
					"position": {
						"0.0": [0, 0, 0],
						"0.125": [-4, 9, 0]
					}
				},
				"root": {
					"rotation": {
						"0.125": [0, 0, 0],
						"0.25": [-10, 0, 0],
						"0.5": [-7, 0, 0]
					},
					"position": {
						"0.0": [0, 0, 0],
						"0.125": [0, 5, 0],
						"0.25": [0, 5, -1]
					}
				},
				"waist": {
					"rotation": {
						"0.0": [0, 0, 0],
						"0.125": [0, 0, 180]
					},
					"position": {
						"0.0": [0, 0, 0],
						"0.125": [0, 10, 0]
					}
				}
			}
		},
		"animation.mukagen.aka": {
			"loop": "hold_on_last_frame",
			"animation_length": 0.6,
			"bones": {
				"root": {
					"rotation": {
						"0.0": [0, 0, 0],
						"0.2": [0, "q.target_y_rotation", 0]
					}
				},
				"leftleg": {
					"rotation": ["v.tcos0 * -1.4", 0, 0]
				},
				"rightleg": {
					"rotation": ["v.tcos0 * 1.4", 0, 0]
				},
				"leftArm": {
					"rotation": ["v.tcos0", 0, 0]
				},
				"rightArm": {
					"rotation": {
						"0.0": [0, 0, 0],
						"0.2": [-97.54023, -7.00978, 25.78135],
						"0.4": [-90.04023, -7.00978, 25.78135]
					},
					"position": {
						"0.0": [0, 0, 0],
						"0.2": [1, 0, -1.5],
						"0.4": [1, 0, -1.5]
					}
				},
				"rightarm3": {
					"rotation": {
						"0.0": [0, 0, 0],
						"0.2": [-60, 0, 0],
						"0.4": [-55, 0, 0]
					}
				}
			}
		},
		"animation.mukagen.murasaki": {
			"loop": "hold_on_last_frame",
			"animation_length": 2.75,
			"bones": {
				"root": {
					"rotation": {
						"0.0": [0, 0, 0],
						"0.125": [0, "q.target_y_rotation", 0]
					}
				},
				"leftArm": {
					"rotation": {
						"0.0": [0, 0, 0],
						"0.125": [-90.36202, 0.16874, -88.43111],
						"0.25": [-87.8533, 5.16525, -88.24406],
						"1.75": [-87.8533, 5.16525, -88.24406],
						"1.875": [24.8264, -25.13878, -29.97832]
					},
					"position": {
						"0.0": [0, 0, 0],
						"0.125": [0, 0, -1],
						"0.25": [0, 0, -1],
						"1.75": [0, 0, -1],
						"1.875": [-0.25, -0.25, 0.5]
					}
				},
				"leftarm3": {
					"rotation": {
						"0.0": [0, 0, 0],
						"0.125": [-45, 0, 0],
						"0.25": [-50, 0, 0]
					}
				},
				"rightArm": {
					"rotation": {
						"0.0": [0, 0, 0],
						"0.125": [-96.13115, 1.87017, 88.78239],
						"0.25": [-93.62823, -0.61554, 89.04933],
						"1.75": [-93.62823, -0.61554, 89.04933],
						"1.875": [-90.66296, -3.61988, 19.05078]
					},
					"position": {
						"0.0": [0, 0, 0],
						"0.125": [0, 0, -1],
						"0.25": [0, 0, -1],
						"1.75": [0, 0, -1],
						"1.875": [0.75, 0, -3]
					}
				},
				"rightarm3": {
					"rotation": {
						"0.0": [0, 0, 0],
						"0.125": [-45, 0, 0],
						"0.25": [-47.5, 0, 0]
					}
				},
				"leftLeg": {
					"rotation": ["v.tcos0 * -1.4", 0, 0]
				},
				"rightLeg": {
					"rotation": ["v.tcos0 * 1.4", 0, 0]
				},
				"ryoiki_tenkai": {
					"position": [0, 3, 0]
				},
				"right_locator": {
					"position": {
						"0.9375": [-25, 0, 15],
						"1.8125": [8, 0, 15]
					}
				},
				"left_locator": {
					"position": {
						"0.9375": [25, 0, 15],
						"1.8125": [-8, 0, 15]
					}
				}
			},
			"particle_effects": {
				"0.0": {
					"effect": "ao",
					"locator": "left_locator"
				},
				"0.5": {
					"effect": "aka",
					"locator": "right_locator"
				}
			}
		},
		"animation.mukagen.ryoiki_tenkai": {
			"loop": "hold_on_last_frame",
			"animation_length": 0.75,
			"bones": {
				"root": {
					"rotation": {
						"0.0": [0, 0, 0],
						"0.125": [0, "q.target_y_rotation", 0]
					}
				},
				"leftarm3": {
					"rotation": {
						"0.0": [0, 0, 0],
						"0.125": [-20, 0, 0]
					}
				},
				"rightArm": {
					"rotation": {
						"0.0": [0, 0, 0],
						"0.125": [-58.43916, -25.61969, 6.03801],
						"0.25": [-50.93916, -25.61969, 6.03801]
					},
					"position": {
						"0.0": [0, 0, 0],
						"0.125": [0, 0, -1],
						"0.25": [0.75, -0.75, -0.5]
					}
				},
				"rightarm3": {
					"rotation": {
						"0.0": [0, 0, 0],
						"0.125": [-45, 0, 0],
						"0.25": [-72.35832, 7.15102, 2.26708]
					}
				},
				"leftLeg": {
					"rotation": ["v.tcos0 * -1.4", 0, 0]
				},
				"rightLeg": {
					"rotation": ["v.tcos0 * 1.4", 0, 0]
				},
				"ryoiki_tenkai": {
					"position": [0, 3, 0]
				}
			},
			"particle_effects": {
				"0.125": {
					"effect": "muryo_kusho",
					"locator": "ryoiki_tenkai"
				}
			}
		}
	}
}