{
	"format_version": "1.8.0",
	"animations": {
		"animation.one_eye_jurei.move": {
			"loop": "hold_on_last_frame",
			"animation_length": 2,
			"bones": {
				"jurei_body": {
					"rotation": {
						"0.0": [0, 0, 0],
						"0.5": [10, 0, 0],
						"1.5": [5, 0, 0],
						"2.0": [0, 0, 0]
					},
					"position": {
						"0.0": [0, 0, 0],
						"0.5": [0, 0, -8],
						"1.5": [0, 0, -2],
						"2.0": [0, 0, 0]
					}
				},
				"jurei_eye": {
					"rotation": {
						"0.0": [0, 0, 0],
						"1.5": [15, 0, 0],
						"2.0": [0, 0, 0]
					}
				},
				"rightarm": {
					"rotation": {
						"0.0": [0, 0, 0],
						"0.5": [35, 0, 0],
						"1.5": [-35, 0, 0],
						"2.0": [0, 0, 0]
					}
				},
				"leftarm": {
					"rotation": {
						"0.0": [0, 0, 0],
						"0.5": [-35, 0, 0],
						"1.5": [35, 0, 0],
						"2.0": [0, 0, 0]
					}
				},
				"leftleg": {
					"rotation": {
						"0.0": [0, 0, 0],
						"0.5": [7.5, 0, 0],
						"1.5": [-7.5, 0, 0],
						"2.0": [0, 0, 0]
					}
				},
				"rightleg": {
					"rotation": {
						"0.0": [0, 0, 0],
						"0.5": [-7.5, 0, 0],
						"1.5": [7.5, 0, 0],
						"2.0": [0, 0, 0]
					}
				},
				"rightleg2": {
					"rotation": {
						"0.0": [0, 0, 0],
						"0.5": [10, 0, 0],
						"1.5": [0, 0, 0]
					}
				},
				"leftleg2": {
					"rotation": {
						"0.5": [0, 0, 0],
						"1.5": [10, 0, 0],
						"2.0": [0, 0, 0]
					}
				}
			}
		}
	}
}