{
	"format_version": "1.8.0",
	"animations": {
		"animation.orochi.kamitsuki": {
			"loop": "hold_on_last_frame",
			"animation_length": 0.4,
			"bones": {
				"orochi": {
					"rotation": {
						"0.0": [-90, 0, 0],
						"0.4": [-92.50238, -2.49762, 0.10912]
					},
					"position": {
						"0.0": [0, -88, -87.5],
						"0.4": [0, -14.25, -91.5]
					}
				},
				"bone": {
					"rotation": {
						"0.0": [0, 0, 0],
						"0.125": [-35, 0, 0],
						"0.4": [-20, 0, 0]
					}
				},
				"bone2": {
					"rotation": {
						"0.0": [-20, 0, 0],
						"0.125": [12.5, 0, 0],
						"0.4": [5, 0, 0]
					}
				},
				"bone3": {
					"rotation": {
						"0.0": [0, 0, 0],
						"0.4": [12.5, 5, 0]
					},
					"position": [0, 0, 0],
					"scale": {
						"0.0": [1, 1, 0],
						"0.4": [1, 1, 1]
					}
				},
				"bone4": {
					"rotation": {
						"0.0": [0, 0, 0],
						"0.4": [-5, -10, 0]
					},
					"position": [0, 0, 0]
				},
				"bone5": {
					"rotation": {
						"0.0": [0, 0, 0],
						"0.4": [-7.5, -10, 0]
					},
					"position": [0, 0, 0]
				},
				"bone6": {
					"rotation": {
						"0.025": [0, 0, 0],
						"0.4": [-12.5, -12.5, 0]
					},
					"position": [0, 0, 0]
				},
				"bone7": {
					"rotation": {
						"0.0": [0, 0, 0],
						"0.4": [0, 12.5, 0]
					},
					"position": [0, 0, 0]
				},
				"bone8": {
					"rotation": {
						"0.0": [0, 0, 0],
						"0.4": [2.5, 12.5, 0]
					},
					"position": [0, 0, 0]
				},
				"bone9": {
					"rotation": {
						"0.075": [0, 0, 0],
						"0.4": [-12.5, 12.5, 0]
					},
					"position": [0, 0, 0]
				},
				"bone10": {
					"rotation": {
						"0.1": [0, 0, 0],
						"0.4": [10, 10, 0]
					},
					"position": [0, 0, 0]
				},
				"bone11": {
					"rotation": {
						"0.0": [0, 0, 0],
						"0.4": [12.5, 10, 0]
					},
					"position": [0, 0, 0]
				},
				"bone12": {
					"rotation": {
						"0.2": [0, 0, 0],
						"0.4": [2.5, 10, 0]
					},
					"position": [0, 0, 0]
				},
				"bone13": {
					"rotation": {
						"0.0": [0, 0, 0],
						"0.4": [10, -15, 0]
					},
					"position": [0, 0, 0]
				},
				"bone14": {
					"rotation": {
						"0.0": [0, 0, 0],
						"0.4": [10, -10, 0]
					},
					"position": [0, 0, 0]
				},
				"bone15": {
					"rotation": {
						"0.0": [0, 0, 0],
						"0.4": [-10, -15, 0]
					},
					"position": [0, 0, 0]
				},
				"bone16": {
					"rotation": {
						"0.2": [0, 0, 0],
						"0.4": [-10, -15, 0]
					},
					"position": [0, 0, 0]
				},
				"bone17": {
					"rotation": {
						"0.3": [0, 0, 0],
						"0.4": [-7.5, -10, 0]
					},
					"position": [0, 0, 0]
				},
				"bone18": {
					"rotation": {
						"0.3": [0, 0, 0],
						"0.4": [10, 15, 0]
					},
					"position": [0, 0, 0]
				},
				"head": {
					"rotation": {
						"0.125": [0, 0, 0],
						"0.4": [-7.39088, 2.49762, 2.50238]
					}
				}
			}
		},
		"animation.orochi.bob": {
			"loop": true,
			"animation_length": 1.5,
			"bones": {
				"bone3": {
					"rotation": {
						"0.0": [0, 20, 0],
						"0.75": [0, -20, 0],
						"1.5": [0, 20, 0]
					},
					"position": {
						"0.0": [0, 0, -2],
						"1.5": [0, 0, -2]
					}
				},
				"bone4": {
					"rotation": {
						"0.0": [0, 10, 0.00001],
						"0.75": [0, -12.5, 0],
						"1.5": [0, 10, 0.00001]
					}
				},
				"bone5": {
					"rotation": {
						"0.0": [0, 12.5, 0],
						"0.75": [0, -15, 0],
						"1.5": [0, 12.5, 0]
					}
				},
				"bone6": {
					"rotation": {
						"0.0": [-1.24432, -0.19896, 1.27013],
						"0.75": [0, -12.5, 0],
						"1.5": [-1.24432, -0.19896, 1.27013]
					}
				},
				"bone7": {
					"rotation": {
						"0.0": [0, -12.5, 0],
						"0.75": [0, 15, 0],
						"1.5": [0, -12.5, 0]
					}
				},
				"bone8": {
					"rotation": {
						"0.0": [0, -12.5, 0],
						"0.75": [0, 15, 0],
						"1.5": [0, -12.5, 0]
					}
				},
				"bone9": {
					"rotation": {
						"0.0": [0, -12.5, 0],
						"0.75": [0, 17.5, 0],
						"1.5": [0, -12.5, 0]
					}
				},
				"bone10": {
					"rotation": {
						"0.0": [0, -12.5, 0],
						"0.75": [0, 20, 0],
						"1.5": [0, -12.5, 0]
					}
				},
				"bone11": {
					"rotation": {
						"0.0": [0, -15, 0],
						"0.75": [0, 17.5, 0],
						"1.5": [0, -15, 0]
					}
				},
				"bone12": {
					"rotation": {
						"0.0": [-0.00001, -20, -0.00001],
						"0.75": [0, 15, 0],
						"1.5": [-0.00001, -20, -0.00001]
					}
				},
				"bone13": {
					"rotation": {
						"0.0": [0, -17.5, 0],
						"0.75": [0, 15, 0],
						"1.5": [0, -17.5, 0]
					}
				},
				"bone14": {
					"rotation": {
						"0.0": [0, 2.5, 0],
						"0.75": [-0.00001, -10, 0.00001],
						"1.5": [0, 2.5, 0]
					}
				},
				"bone15": {
					"rotation": {
						"0.0": [0, 15, 0],
						"0.75": [0, -7.5, 0],
						"1.5": [0, 15, 0]
					}
				},
				"bone16": {
					"rotation": {
						"0.0": [-0.84442, 19.86443, -1.0834],
						"0.75": [0, -12.5, 0],
						"1.5": [-0.84442, 19.86443, -1.0834]
					}
				},
				"bone17": {
					"rotation": {
						"0.0": [0, 20, 0],
						"0.75": [0, -20, 0],
						"1.5": [0, 20, 0]
					}
				},
				"bone18": {
					"rotation": {
						"0.0": [0, 17.5, 0],
						"0.75": [0, -15, 0],
						"1.5": [0, 17.5, 0]
					}
				},
				"bone19": {
					"rotation": {
						"0.0": [0, 12.5, 0],
						"0.75": [0, -15, 0],
						"1.5": [0, 12.5, 0]
					},
					"position": [0, 0, -0.75],
					"scale": [1, 1, 2]
				}
			}
		}
	}
}