{
	"format_version": "1.8.0",
	"animations": {
		"animation.panda.moving": {
			"loop": true,
			"bones": {
				"panda_head": {
					"rotation": ["q.target_x_rotation/2", "q.target_y_rotation", 0]
				},
				"panda_leftarm": {
					"rotation": ["-0.6*-v.tcos0", 0, 0]
				},
				"panda_leftarm2": {
					"rotation": ["-0.8*(Math.abs(v.tcos0))", 0, 0]
				},
				"panda_rightarm": {
					"rotation": ["-0.6*v.tcos0", 0, 0]
				},
				"panda_rightarm2": {
					"rotation": ["-0.8*(Math.abs(v.tcos0))", 0, 0]
				},
				"panda_leftleg": {
					"rotation": ["0.6*-v.tcos0", 0, 0]
				},
				"panda_leftleg2": {
					"rotation": ["v.tcos0 > 0 ? 0.6*v.tcos0 : 0", 0, 0]
				},
				"panda_rightleg": {
					"rotation": ["0.6*v.tcos0", 0, 0]
				},
				"panda_rightleg2": {
					"rotation": ["v.tcos0 > 0 ? 0.6*v.tcos0 : 0", 0, 0]
				}
			}
		},
		"animation.panda_triceratops.moving": {
			"loop": true,
			"bones": {
				"triceratops_head": {
					"rotation": ["q.target_x_rotation/5", "q.target_y_rotation", 0]
				},
				"triceratops_leftarm": {
					"rotation": ["-0.6*-v.tcos0", 0, 0]
				},
				"triceratops_bone14": {
					"rotation": ["-1.0*(Math.abs(v.tcos0))", 0, 0]
				},
				"triceratops_rightarm": {
					"rotation": ["-0.6*v.tcos0", 0, 0]
				},
				"triceratops_bone11": {
					"rotation": ["-1.0*(Math.abs(v.tcos0))", 0, 0]
				},
				"triceratops_leftleg": {
					"rotation": ["0.6*-v.tcos0", 0, 0]
				},
				"triceratops_bone18": {
					"rotation": ["v.tcos0 > 0 ? 0.6*v.tcos0 : 0", 0, 0]
				},
				"triceratops_rightleg": {
					"rotation": ["0.6*v.tcos0", 0, 0]
				},
				"triceratops_bone12": {
					"rotation": ["v.tcos0 > 0 ? 0.6*v.tcos0 : 0", 0, 0]
				}
			}
		},
		"animation.panda.strong_punch": {
			"loop": "hold_on_last_frame",
			"animation_length": 0.5,
			"override_previous_animation": true,
			"bones": {
				"root2": {
					"rotation": [0, "q.target_y_rotation", 0]
				},
				"panda_body": {
					"rotation": {
						"0.0": [0, 0, 0],
						"0.12": [0, 10, 0],
						"0.2": [0, 7.5, 0],
						"0.3": [0, -10, 0],
						"0.4": [0, -7.5, 0]
					}
				},
				"panda_leftarm": {
					"rotation": {
						"0.0": [0, 0, 0],
						"0.12": [-45.25285, 10.03929, 11.77234],
						"0.2": [-43.03564, 8.25926, 9.99423],
						"0.3": [42.03842, -77.61403, -125.61657],
						"0.4": [12.84902, -80.79298, -88.32476]
					},
					"position": {
						"0.0": [0, 0, 0],
						"0.12": [3.25, -1, 2],
						"0.2": [3.25, -1, 2],
						"0.3": [0.25, -1, 2]
					}
				},
				"panda_leftarm2": {
					"rotation": {
						"0.0": [0, 0, 0],
						"0.12": [0, 0, 60],
						"0.2": [0, 0, 62.5],
						"0.3": [0, 0, 72.5]
					},
					"position": {
						"0.0": [0, 0, 0],
						"0.12": [0.25, 1.25, 0]
					}
				},
				"panda_leftarm3": {
					"rotation": {
						"0.2": [0, 0, 0],
						"0.3": [0, 0, 17.5]
					}
				},
				"panda_rightarm": {
					"rotation": {
						"0.0": [0, 0, 0],
						"0.12": [37.28891, 62.71715, 145.96289],
						"0.2": [28.64293, 65.44683, 136.35707],
						"0.3": [-89.75961, -41.26218, 18.082],
						"0.4": [-89.78264, -33.76224, 18.11975]
					},
					"position": {
						"0.0": [0, 0, 0],
						"0.12": [-1, -2, -1],
						"0.2": [-1, -2, -1],
						"0.3": [-2, -1, -3.5]
					}
				},
				"panda_rightarm2": {
					"rotation": {
						"0.0": [0, 0, 0],
						"0.12": [0, 0, -52.5],
						"0.2": [0, 0, -57.5]
					},
					"position": [-0.5, 1.5, 0]
				},
				"panda_rightarm3": {
					"rotation": {
						"0.0": [0, 0, 0],
						"0.12": [0, 0, -12.5],
						"0.2": [0, 0, -22.5]
					}
				},
				"panda_head": {
					"rotation": {
						"0.2": [0, 0, 0],
						"0.3": [17.5, 0, 0]
					}
				}
			}
		},
		"animation.panda_gorilla.moving": {
			"loop": true,
			"bones": {
				"gorilla_head": {
					"rotation": ["q.target_x_rotation/2", "q.target_y_rotation", 0]
				},
				"gorilla_leftarm": {
					"rotation": ["-0.4*-v.tcos0", 0, 0]
				},
				"gorilla_leftarm2": {
					"rotation": ["-0.8*(Math.abs(v.tcos0))", 0, 0]
				},
				"gorilla_rightarm": {
					"rotation": ["-0.4*v.tcos0", 0, 0]
				},
				"gorilla_rightarm2": {
					"rotation": ["-0.8*(Math.abs(v.tcos0))", 0, 0]
				},
				"gorilla_leftleg": {
					"rotation": ["0.6*-v.tcos0", 0, 0]
				},
				"gorilla_rightleg": {
					"rotation": ["0.6*v.tcos0", 0, 0]
				}
			}
		},
		"animation.panda_gorilla.drumming_beat": {
			"loop": "hold_on_last_frame",
			"animation_length": 0.7,
			"override_previous_animation": true,
			"bones": {
				"root2": {
					"rotation": [0, "q.target_y_rotation", 0]
				},
				"gorilla_waist": {
					"rotation": {
						"0.0": [0, 0, 0],
						"0.12": [-30, 0, 0],
						"0.25": [-20, 0, 0],
						"0.35": [-12.37454, -37.1856, -1.93802],
						"0.5": [-11.88997, -22.29711, -3.09472],
						"0.7": [0, 0, 0]
					}
				},
				"gorilla_head": {
					"rotation": {
						"0.0": [0, 0, 0],
						"0.12": [25, 0, 0],
						"0.25": [17.5, 0, 0],
						"0.35": [7.85952, 17.34551, 2.35666],
						"0.5": [7.85952, 17.34551, 2.35666],
						"0.7": [0, 0, 0]
					}
				},
				"gorilla_rightArm": {
					"rotation": {
						"0.0": [0, 0, 0],
						"0.12": [124.38998, 26.95578, 190.52962],
						"0.25": [134.47542, 31.95262, 190.72699],
						"0.35": ["134.4754+20", "31.9526+170", "190.727-20"],
						"0.5": ["134.4754+20", "31.9526+150", 190.727],
						"0.7": [0, 0, 0]
					},
					"position": {
						"0.0": [0, 0, 0],
						"0.12": [-3, 1.5, 3],
						"0.25": [-3, 1.5, 3],
						"0.35": [3, 0, 0],
						"0.5": [3, 0, 0],
						"0.7": [0, 0, 0]
					},
					"scale": {
						"0.0": [1, 1, 1],
						"0.12": [1.1, 1.1, 1.1],
						"0.25": [1.1, 1.1, 1.1],
						"0.35": [1, 1, 1],
						"0.5": [1, 1, 1],
						"0.7": [1, 1, 1]
					}
				},
				"gorilla_rightArm2": {
					"rotation": {
						"0.0": [0, 0, 0],
						"0.12": [0, 0, -67.5],
						"0.25": [0, 0, -67.5],
						"0.35": [0, 0, -50],
						"0.5": [0, 0, -57.5],
						"0.7": [0, 0, 0]
					}
				},
				"gorilla_rightArm3": {
					"rotation": {
						"0.0": [0, 0, 0],
						"0.12": [-7.43244, -5.09168, -28.3165],
						"0.25": [-7.43244, -5.09168, -28.3165],
						"0.35": [0, 0, 0],
						"0.5": [0, 0, 0],
						"0.7": [0, 0, 0]
					},
					"position": {
						"0.0": [0, 0, 0],
						"0.12": [-0.5, 0, 0],
						"0.25": [-0.5, 0, 0],
						"0.35": [-0.5, 0, 0],
						"0.5": [-0.5, 0, 0],
						"0.7": [0, 0, 0]
					}
				},
				"gorilla_leftArm": {
					"rotation": {
						"0.0": [0, 0, 0],
						"0.12": [-6.96249, -10.34416, 5.0648],
						"0.25": [-16.48923, 12.3266, -41.28873],
						"0.35": [78.43452, -59.26208, -69.7197],
						"0.5": [64.43598, -64.16263, -53.23907],
						"0.7": [0, 0, 0]
					}
				},
				"gorilla_leftArm2": {
					"rotation": {
						"0.0": [0, 0, 0],
						"0.12": [0, 0, 55],
						"0.25": [0, 0, 55],
						"0.35": [0.41916, 5.46006, 58.76093],
						"0.5": [0.41916, 5.46006, 58.76093],
						"0.7": [0, 0, 0]
					}
				},
				"gorilla_leftArm3": {
					"rotation": {
						"0.0": [0, 0, 0],
						"0.12": [0, 0, 20],
						"0.25": [0, 0, 20],
						"0.35": [0, 0, -7.5],
						"0.5": [0, 0, -7.5],
						"0.7": [0, 0, 0]
					}
				}
			}
		}
	}
}