{
	"format_version": "1.8.0",
	"animations": {
		"animation.player.move.arms" : {
			"loop" : true,
			"bones" : {
				"leftarm" : {
					"rotation" : [ "v.tcos0", 0.0, 0.0 ]
				},
				"rightarm" : {
					"rotation" : [ "-v.tcos0", 0.0, 0.0 ]
				}
			}
		},
		"animation.player.move.legs" : {
			"loop" : true,
			"bones" : {
				"leftleg" : {
					"rotation" : [ "v.tcos0 * -1.4", 0.0, 0.0 ]
				},
				"rightleg" : {
					"rotation" : [ "v.tcos0 * 1.4", 0.0, 0.0 ]
				}
			}
		},
		"animation.first_person_animation": {
			"loop": true,
			"bones": {
				"left_locator": {
					"position": [0, "!v.map_face_icon*-100", 0]
				},
				"right_locator": {
					"position": [0, "!v.map_face_icon*-100", 0]
				},
				"rightItem": {
					"scale": "!v.map_face_icon",
					"position": [0, "-(q.get_default_bone_pivot('rightarm',1) - q.get_default_bone_pivot('rightitem',1) - 7.0)", "q.get_default_bone_pivot('rightitem',2)"]
				},
				"leftItem": {
					"scale": "!v.map_face_icon",
					"position": [0, "q.get_default_bone_pivot('leftarm',1) - q.get_default_bone_pivot('leftitem',1) - 7.0", "-q.get_default_bone_pivot('leftitem',2)"]
				}
			}
		},
		"animation.third_person_animation": {
			"loop": true,
			"bones": {
				"rightItem": {
					"scale": "!v.map_face_icon"
				},
				"leftItem": {
					"scale": "!v.map_face_icon"
				}
			}
		},
		"animation.hide_player": {
			"loop": true,
			"bones": {
				"root2": {
					"position": [0, "!v.map_face_icon*-999999999", 0]
				},
				"rightItem": {
					"scale": 0
				},
				"leftItem": {
					"scale": 0
				}
			}
		},
		"animation.character_model_hide_default_player": {
			"loop": true,
			"bones": {
				"root": {
					"position": [0, "!v.map_face_icon*-999999999", 0]
				},
				"rightItem": {
					"scale": "!v.map_face_icon"
				},
				"leftItem": {
					"scale": "!v.map_face_icon"
				}
			}
		},
		"animation.player.particle_hand": {
			"animation_length": 0.2,
			"particle_effects": {
				"0.0": [
					{
						"effect": "juryoku",
						"locator": "rightarm"
					},
					{
						"effect": "juryoku",
						"locator": "leftarm"
					}
				]
			}
		},
		"animation.player.particle_leg": {
			"animation_length": 0.2,
			"particle_effects": {
				"0.0": [
					{
						"effect": "juryoku",
						"locator": "rightleg"
					},
					{
						"effect": "juryoku",
						"locator": "leftleg"
					}
				]
			}
		},
		"animation.player.strong_punch": {
			"loop": "hold_on_last_frame",
			"animation_length": 0.6,
			"bones": {
				"rightItem": {
					"scale": 0
				},
				"leftItem": {
					"scale": 0
				},
				"body": {
					"rotation": {
						"0.0": [0, 0, 0],
						"0.1": [0, 17.5, 0],
						"0.25": [0, 17.5, 0],
						"0.35": [0, -25, 0]
					},
					"position": {
						"0.0": [0, 0, 0],
						"0.1": [0, -2, 0],
						"0.25": [0, -2, 0]
					}
				},
				"player_body2": {
					"rotation": {
						"0.0": [0, 0, 0],
						"0.1": [9.17138, -2.18045, -3.52114],
						"0.25": [14.17138, -2.18045, -3.52114],
						"0.35": [21.67138, -2.18045, -3.52114],
						"0.45": [14.17138, -2.18045, -3.52114]
					}
				},
				"leftArm": {
					"rotation": {
						"0.0": [0, 0, 0],
						"0.1": [-118.9388, 38.79262, -84.92689],
						"0.25": [-120.51723, 17.55052, -80.33831],
						"0.35": [61.98277, 17.55052, -80.33831],
						"0.45": [46.98277, 17.55052, -80.33831]
					},
					"position": {
						"0.0": [0, 0, 0],
						"0.1": [0, 0, 0],
						"0.25": [0, 0, -1],
						"0.35": [1, -0.5, 2]
					}
				},
				"leftArm_3": {
					"rotation": {
						"0.0": [0, 0, 0],
						"0.1": [-37.5, 0, 0],
						"0.25": [-37.5, 0, 0],
						"0.35": [-50, 0, 0]
					},
					"position": {
						"0.0": [0, 0, 0],
						"0.1": [0, 0.5, 3],
						"0.25": [0, 0.5, 3],
						"0.35": [0, 0.25, 3.75]
					}
				},
				"rightArm": {
					"rotation": {
						"0.0": [0, 0, 0],
						"0.1": [38.8801, -26.30204, 80.11426],
						"0.25": [46.3801, -26.30204, 80.11426],
						"0.35": [-70.49593, 3.91052, 108.05786],
						"0.45": [-47.99593, 3.91052, 108.05786]
					},
					"position": {
						"0.0": [0, 0, 0],
						"0.1": [0, 0, 1],
						"0.25": [0, 0, 1],
						"0.35": [-0.25, 0, -0.75]
					}
				},
				"rightArm_3": {
					"rotation": {
						"0.0": [0, 0, 0],
						"0.1": [-47.5, 0, 0],
						"0.25": [-47.5, 0, 0],
						"0.35": [-10, 0, 0]
					},
					"position": {
						"0.0": [0, 0, 0],
						"0.1": [0, 0.25, 3.5],
						"0.25": [0, 0.25, 3.5],
						"0.35": [0, 0.275, 0.7]
					}
				},
				"head": {
					"rotation": {
						"0.25": [0, 0, 0],
						"0.35": [0, 27.5, 0]
					}
				},
				"rightLeg": {
					"rotation": {
						"0.0": [0, 0, 0],
						"0.1": [-31.11946, 21.12667, 0.03732],
						"0.25": [-31.11946, 21.12667, 0.03732],
						"0.35": [-33.61946, 21.12667, 0.03732]
					},
					"position": {
						"0.0": [0, 0, 0],
						"0.1": [0, -2, 0],
						"0.25": [0, -2, 0]
					}
				},
				"rightLeg_3": {
					"rotation": {
						"0.0": [0, 0, 0],
						"0.1": [30, 0, 0],
						"0.25": [30, 0, 0]
					},
					"position": {
						"0.0": [0, 0, 0],
						"0.1": [0, 0.35, -3.25],
						"0.25": [0, 0.35, -3.25]
					}
				},
				"leftLeg": {
					"rotation": {
						"0.0": [0, 0, 0],
						"0.1": [0, 0, -10],
						"0.25": [0, 0, -10],
						"0.35": [12.5, 0, -10]
					},
					"position": {
						"0.0": [0, 0, 0],
						"0.1": [0, -1.25, -1.25],
						"0.25": [0, -1.25, -1.25]
					}
				},
				"leftLeg_3": {
					"rotation": {
						"0.0": [0, 0, 0],
						"0.1": [25, 0, 0],
						"0.25": [25, 0, 0]
					},
					"position": {
						"0.0": [0, 0, 0],
						"0.1": [0, 0.25, -2.75],
						"0.25": [0, 0.25, -2.75]
					}
				},
				"root": {
					"rotation": {
						"0.0": [0, 0, 0],
						"0.1": [0, "q.target_y_rotation", 0]
					}
				}
			},
			"particle_effects": {
				"0.0": [
					{
						"effect": "juryoku",
						"locator": "rightarm"
					},
					{
						"effect": "juryoku",
						"locator": "leftarm"
					}
				]
			}
		},
		"animation.player.damage_sneaking": {
			"animation_length": 0.2,
			"particle_effects": {
				"0.0": [
					{
						"effect": "juryoku_guard"
					}
				]
			}
		}
	}
}