{
	"format_version": "1.8.0",
	"animations": {
		"animation.root.look": {
			"loop": true,
			"bones": {
				"root": {
					"rotation": ["q.target_x_rotation", "q.target_y_rotation", 0]
				}
			}
		},
		"animation.root.look2": {
			"loop": true,
			"bones": {
				"root": {
					"rotation": ["v.x=v.x ?? q.target_x_rotation;return v.x;", "v.y=v.y ?? q.target_y_rotation;return v.y;", 0]
				}
			}
		},
		"animation.root.projectile": {
			"loop": true,
			"bones": {
				"root": {
					"rotation": ["-q.body_x_rotation", "-q.body_y_rotation", 0]
				}
			}
		},
		"animation.root.projectile2": {
			"loop": true,
			"bones": {
				"root": {
					"rotation": [0, "v.y = (v.y ?? -q.body_y_rotation);return v.y;", 0]
				}
			}
		}
	}
}