{
	"format_version": "1.8.0",
	"animations": {
		"animation.raichu.raichu_kaminari_juryoku": {
			"animation_length": 1.2,
			"particle_effects": {
				"0.0": [
					{
						"effect": "raichu_kaminari_juryoku"
					}
				],
				"1.0": [
					{
						"effect": "raichu_kaminari_particle",
						"locator": "head_locator"
					}
				]
			}
		},
		"animation.raichu.rest": {
			"loop": true,
			"animation_length": 2,
			"bones": {
				"raichu": {
					"scale": {
						"0.0": [1, 1, 1],
						"1.0": [1.02, 0.98, 1.02],
						"2.0": [1, 1, 1]
					}
				},
				"bone2": {
					"rotation": {
						"0.0": [0, 0, 0],
						"1.0": [0, 7.5, 0],
						"2.0": [0, 0, 0]
					}
				},
				"bone3": {
					"rotation": {
						"0.0": [0, 0, 0],
						"1.0": [0, -7.5, 0],
						"2.0": [0, 0, 0]
					}
				},
				"bone5": {
					"rotation": {
						"0.0": [0, 0, 0],
						"1.0": [0, -10, 0],
						"2.0": [0, 0, 0]
					}
				},
				"bone6": {
					"rotation": {
						"0.0": [0, 0, 0],
						"1.0": [0, 10, 0],
						"2.0": [0, 0, 0]
					}
				},
				"bone7": {
					"rotation": {
						"0.0": [0, 0, 0],
						"1.0": [0, -7.5, 0],
						"2.0": [0, 0, 0]
					}
				},
				"bone8": {
					"rotation": {
						"0.0": [0, 0, 0],
						"1.0": [0, 7.5, 0],
						"2.0": [0, 0, 0]
					}
				},
				"bone4": {
					"rotation": {
						"0.0": [0, 0, 0],
						"1.0": [-5, 0, 0],
						"2.0": [0, 0, 0]
					}
				}
			}
		},
		"animation.raichu.raichumochi": {
			"animation_length": 0.75,
			"bones": {
				"eyes": {
					"position": {
						"0.5833": [0, 1.5, 0],
						"0.75": [0, 0, 0]
					},
					"scale": {
						"0.5833": [1, 0.25, 1],
						"0.75": [1, 1, 1]
					}
				},
				"eyes2": {
					"position": {
						"0.5833": [0, 2, 0],
						"0.75": [0, 0, 0]
					},
					"scale": {
						"0.5833": [1, 0.25, 1],
						"0.75": [1, 1, 1]
					}
				},
				"mochi": {
					"scale": {
						"0.0": [1, 1, 1],
						"0.125": [1, 0.3, 1],
						"0.2917": [1, 0.2, 1],
						"0.4167": [1, 1.2, 1],
						"0.5417": [1, 1, 1]
					}
				}
			}
		}
	}
}