{
	"format_version": "1.8.0",
	"animations": {
		"animation.ray_jurei.bob": {
			"loop": true,
			"animation_length": 2,
			"bones": {
				"root": {
					"position": {
						"0.0": [0, 0, 0],
						"1.0": [0, 0.5, 0],
						"2.0": [0, 0, 0]
					}
				},
				"tail": {
					"rotation": {
						"0.0": [0, 0, 0],
						"1.0": [2.5, 0, 0],
						"2.0": [0, 0, 0]
					}
				},
				"rightarm": {
					"rotation": {
						"0.0": [0, 0, 0],
						"1.0": [0, 0, 15],
						"2.0": [0, 0, 0]
					}
				},
				"leftarm": {
					"rotation": {
						"0.0": [0, 0, 0],
						"1.0": [0, 0, -15],
						"2.0": [0, 0, 0]
					}
				}
			}
		}
	}
}