{
	"format_version": "1.8.0",
	"animations": {
		"animation.sekibaku.particle": {
			"loop": true,
			"animation_length": 0.2,
			"particle_effects": {
				"0.0": [
					{
						"effect": "sekibaku"
					}
				]
			}
		},
		"animation.karibarai.particle": {
			"loop": true,
			"animation_length": 0.01,
			"particle_effects": {
				"0.0": [
					{
						"effect": "karibarai"
					}
				]
			}
		},
		"animation.karibarai.projectile": {
			"loop": true,
			"animation_length": 0.5,
			"bones": {
				"karibarai": {
					"rotation": {
						"0.0": [0, 0, 0],
						"0.5": [-720, 0, 0]
					}
				}
			}
		},
		"animation.karibarai.set": {
			"loop": "hold_on_last_frame",
			"animation_length": 1,
			"bones": {
				"karibarai2": {
					"rotation": {
						"0.75": [0, "-q.body_y_rotation", 0],
						"1.0": ["-q.body_x_rotation", "-q.body_y_rotation", 0]
					}
				},
				"karibarai": {
					"rotation": {
						"0.0": [0, 0, 90],
						"0.25": [0, 0, 90],
						"0.5": [0, 0, 197.5],
						"0.75": [0, 0, 170],
						"1.0": [0, 0, 180]
					}
				}
			}
		},
		"animation.sekketsu.byakuren": {
			"loop": "hold_on_last_frame",
			"animation_length": 2,
			"bones": {
				"player_body3": {
					"rotation": [0, 0, 0]
				},
				"head": {
					"rotation": ["q.target_x_rotation", 0, 0]
				},
				"leftArm": {
					"rotation": {
						"0.0": [0, 0, 0],
						"0.125": [-112.24294, "5+q.target_x_rotation", -88.08021],
						"0.25": [-109.77145, "5+q.target_x_rotation", -88.28449],
						"0.5": [-109.27716, "5+q.target_x_rotation", -88.32573]
					},
					"position": {
						"0.0": [0, 0, 0],
						"0.125": [0, -1, 0]
					}
				},
				"leftarm3": {
					"rotation": {
						"0.0": [0, 0, 0],
						"0.125": [-15, 0, 0]
					}
				},
				"rightArm": {
					"rotation": {
						"0.0": [0, 0, 0],
						"0.125": [-112.24294, "-5-q.target_x_rotation", 88.08021],
						"0.25": [-109.77145, "-5-q.target_x_rotation", 88.28449],
						"0.5": [-109.27716, "-5-q.target_x_rotation", 88.32573]
					},
					"position": {
						"0.0": [0, 0, 0],
						"0.125": [0, -1, 0]
					}
				},
				"rightarm3": {
					"rotation": {
						"0.0": [0, 0, 0],
						"0.125": [-15, 0, 0]
					}
				},
				"leftLeg": {
					"rotation": ["v.tcos0 * -1.4", 0, 0]
				},
				"rightLeg": {
					"rotation": ["v.tcos0 * 1.4", 0, 0]
				},
				"root": {
					"rotation": [0, "q.target_y_rotation", 0]
				},
				"leftItem": {
					"scale": 0
				},
				"rightItem": {
					"scale": 0
				}
			}
		},
		"animation.sekketsu.karibarai": {
			"animation_length": 1,
			"bones": {
				"root": {
					"rotation": {
						"0.0": [0, "q.target_y_rotation", 0],
						"0.0833": [0, "15+q.target_y_rotation", 0],
						"0.25": [0, "12.5+q.target_y_rotation", 0],
						"0.375": [0, "12.5+q.target_y_rotation", 0],
						"0.4583": [0, "10+q.target_y_rotation", 0],
						"0.625": [0, "10+q.target_y_rotation", 0],
						"0.75": [5, "5+q.target_y_rotation", 0],
						"0.875": [0, "5+q.target_y_rotation", 0]
					}
				},
				"waist": {
					"rotation": {
						"0.0": [0, 0, 0],
						"0.0833": [-2.5, 0, 0],
						"0.25": [2.5, 0, 0],
						"0.375": [-2.5, 0, 0],
						"0.4583": [5, 5, 5],
						"0.625": [10, 5, 5],
						"0.75": [26.21495, -18.79051, -2.07812],
						"0.875": [15.10975, -9.77218, 2.38611]
					},
					"position": {
						"0.0": [0, 0, 0],
						"0.0833": [0, -6.25, 0],
						"0.25": [0, -6.25, 0],
						"0.375": [0, -6.25, 0],
						"0.4583": [0, -5.86, 0],
						"0.625": [0, -5.86, 0],
						"0.75": [0, -5, -1]
					}
				},
				"player_body2": {
					"rotation": {
						"0.0": [0, 0, 0],
						"0.0833": [12.5, 0, 0],
						"0.25": [12.5, 0, 0],
						"0.375": [12.5, 0, 0],
						"0.4583": [30, 0, 0]
					}
				},
				"head": {
					"rotation": {
						"0.0": [0, 0, 0],
						"0.0833": [-2.5, 0, 0],
						"0.25": [-2.5, 0, 0],
						"0.375": [-2.50954, -4.99523, 0.21865],
						"0.4583": [-24.6903, -4.88216, 13.25034],
						"0.625": [-24.6903, -4.88216, 13.25034],
						"0.75": [-17.436, -7.90379, 9.86488]
					}
				},
				"leftArm": {
					"rotation": {
						"0.0": [0, 0, 0],
						"0.0833": [-102.44212, 34.51307, -36.02708],
						"0.25": [-62.5, 0, -70],
						"0.375": [-55, 0, -70],
						"0.4583": [-35.14656, -16.51791, -109.3584],
						"0.625": [-32.5, -20, -110],
						"0.75": [-4.70373, -12.48797, -56.52443]
					},
					"position": {
						"0.0": [0, 0, 0],
						"0.0833": [0, -0.25, -1],
						"0.25": [1, -1, -1],
						"0.375": [1, -1, -1],
						"0.4583": [0.75, -0.5, 0],
						"0.625": [0.75, -0.5, 0],
						"0.75": [-0.75, -1.5, -0.25]
					}
				},
				"leftarm3": {
					"rotation": {
						"0.0": [0, 0, 0],
						"0.0833": [-40, 0, 0],
						"0.25": [-40, 0, 0],
						"0.375": [-40, 0, 0],
						"0.4583": [-52.5, 0, 0]
					}
				},
				"rightArm": {
					"rotation": {
						"0.0": [0, 0, 0],
						"0.0833": [-18.68465, -39.08125, 32.44738],
						"0.25": [45, 0, 75],
						"0.375": [52.5, 0, 75],
						"0.4583": [42.5, 15, 95],
						"0.625": [52.5, 15, 95],
						"0.75": [-103.14268, 23.5943, 122.74362],
						"0.875": [-95, 15, 95]
					},
					"position": {
						"0.0": [0, 0, 0],
						"0.0833": [0.25, 0.25, -1],
						"0.25": [0, 0, 1],
						"0.375": [0, 0, 1],
						"0.4583": [-0.25, 0, 1],
						"0.625": [-0.25, 0, 1],
						"0.75": [0, 0, -2]
					}
				},
				"rightarm3": {
					"rotation": {
						"0.0": [0, 0, 0],
						"0.0833": [-67.5, 0, 0],
						"0.25": [-67.5, 0, 0],
						"0.375": [-67.5, 0, 0],
						"0.4583": [-72.5, 0, 0],
						"0.625": [-72.5, 0, 0],
						"0.6667": [-22.5, 0, 0],
						"0.75": [-42.5, 0, 0]
					}
				},
				"rightLeg": {
					"rotation": {
						"0.0": [0, 0, 0],
						"0.0833": [-67.21343, 36.5466, 15.85884],
						"0.25": [-67.21343, 36.5466, 15.85884],
						"0.375": [-70.32492, 40.68869, 11.05321],
						"0.4583": [-12.37355, -4.54692, 18.8805],
						"0.625": [-12.55615, -4.00724, 21.32838],
						"0.75": [24.94385, -4.00724, 21.32838]
					},
					"position": {
						"0.0": [0, 0, 0],
						"0.0833": [0, -6, 0],
						"0.25": [0, -6, 0],
						"0.375": [0, -6, 0],
						"0.4583": [0, -5, 0],
						"0.625": [0, -5, 0],
						"0.75": [0, -5, -2]
					}
				},
				"rightleg3": {
					"rotation": {
						"0.0": [0, 0, 0],
						"0.0833": [67.5, 0, 0],
						"0.25": [67.5, 0, 0],
						"0.375": [67.5, 0, 0]
					}
				},
				"leftLeg": {
					"rotation": {
						"0.0": [0, 0, 0],
						"0.0833": [-75, -7.5, -10],
						"0.25": [-75, -7.5, -10],
						"0.375": [-75.80182, -11.17954, -5.73611],
						"0.4583": [-75.33196, -8.14015, -7.56064],
						"0.625": [-75, -7.5, -10],
						"0.75": [-52.5, -7.5, -10]
					},
					"position": {
						"0.0": [0, 0, 0],
						"0.0833": [0, -6.5, 0],
						"0.25": [0, -6.5, 0],
						"0.375": [0, -6.5, 0],
						"0.4583": [0, -6.5, 0],
						"0.625": [0, -6.5, 0],
						"0.75": [0, -5.25, 0]
					}
				},
				"leftleg3": {
					"rotation": {
						"0.0": [0, 0, 0],
						"0.0833": [65, 0, 0],
						"0.25": [65, 0, 0],
						"0.375": [65, 0, 0]
					}
				},
				"leftItem": {
					"scale": 0
				},
				"rightItem": {
					"scale": 0
				}
			}
		}
	}
}