{
	"format_version": "1.8.0",
	"animations": {
		"animation.sukuna.fuga": {
			"loop": "hold_on_last_frame",
			"animation_length": 0.75,
			"bones": {
				"rightItem": {
					"scale": 0
				},
				"leftItem": {
					"scale": 0
				},
				"root": {
					"rotation": {
						"0.0": [0, 0, 0],
						"0.5": [0, "77.5+q.target_y_rotation", 0]
					}
				},
				"leftArm": {
					"rotation": {
						"0.0": [0, 0, 0],
						"0.125": [-74.92095, 0.30001, -88.29179],
						"0.5": [-4.92095, 0.30001, -88.29179],
						"0.625": [-14.92095, 0.30001, -88.29179]
					},
					"position": {
						"0.0": [0, 0, 0],
						"0.125": [1, -0.75, -1],
						"0.5": [1.5, -0.75, 0],
						"0.625": [1.5, -0.75, -0.5]
					}
				},
				"leftarm3": {
					"rotation": {
						"0.0": [0, 0, 0],
						"0.125": [-37.5, 0, 0],
						"0.5": [-7.5, 0, 0]
					}
				},
				"rightArm": {
					"rotation": {
						"0.0": [0, 0, 0],
						"0.125": [-127.5, 0, 87.5],
						"0.5": [-20, 0, 87.5],
						"0.625": [-35, 0, 87.5]
					},
					"position": {
						"0.0": [0, 0, 0],
						"0.125": [0, -1, -3],
						"0.5": [-1, -1, -1]
					}
				},
				"rightarm3": {
					"rotation": {
						"0.0": [0, 0, 0],
						"0.125": [-42.5, 0, 0]
					}
				},
				"head": {
					"rotation": {
						"0.0": [0, 0, 0],
						"0.5": [0, -67.5, 0]
					}
				},
				"rightLeg": {
					"rotation": {
						"0.0": [0, 0, 0],
						"0.5": [0.43439, 2.462, 10.00933]
					}
				},
				"leftLeg": {
					"rotation": {
						"0.0": [0, 0, 0],
						"0.5": [-6.48009, -52.21677, -1.82169]
					},
					"position": {
						"0.0": [0, 0, 0],
						"0.5": [0, -0.5, 0]
					}
				},
				"leftleg3": {
					"rotation": {
						"0.0": [0, 0, 0],
						"0.5": [12.5, 0, 0]
					}
				}
			},
			"particle_effects": {
				"0.0625": [
					{
						"effect": "fuga",
						"locator": "rightarm"
					},
					{
						"effect": "fuga",
						"locator": "leftarm"
					}
				]
			}
		},
		"animation.sukuna.ryoiki_tenkai": {
			"loop": "hold_on_last_frame",
			"animation_length": 0.75,
			"bones": {
				"rightItem": {
					"scale": 0
				},
				"leftItem": {
					"scale": 0
				},
				"root": {
					"rotation": {
						"0.0": [0, 0, 0],
						"0.125": [0, "q.target_y_rotation", 0]
					}
				},
				"leftArm": {
					"rotation": {
						"0.0": [0, 0, 0],
						"0.125": [-79.46012, 27.47097, -38.3724],
						"0.25": [-80.50965, 47.67833, -57.09965]
					},
					"position": {
						"0.0": [0, 0, 0],
						"0.125": [0, 0, -1],
						"0.25": [-0.5, -0.5, -1]
					}
				},
				"leftarm3": {
					"rotation": {
						"0.0": [0, 0, 0],
						"0.125": [-45, 0, 0],
						"0.25": [-72.24687, -9.53274, -3.03513]
					}
				},
				"rightArm": {
					"rotation": {
						"0.0": [0, 0, 0],
						"0.125": [-84.06946, -30.42343, 46.48657],
						"0.25": [-84.69029, -45.31937, 60.54225]
					},
					"position": {
						"0.0": [0, 0, 0],
						"0.125": [0, 0, -1],
						"0.25": [0.75, -0.75, -0.5]
					}
				},
				"rightarm3": {
					"rotation": {
						"0.0": [0, 0, 0],
						"0.125": [-45, 0, 0],
						"0.25": [-72.35832, 7.15102, 2.26708]
					}
				},
				"leftleg" : {
					"rotation" : [ "v.tcos0 * -1.4", 0.0, 0.0 ]
				},
				"rightleg" : {
					"rotation" : [ "v.tcos0 * 1.4", 0.0, 0.0 ]
				},
				"ryoiki_tenkai": {
					"position": [0, 3, 0]
				}
			},
			"particle_effects": {
				"0.125": {
					"effect": "fukuma_mizushi",
					"locator": "ryoiki_tenkai"
				}
			}
		}
	}
}