{
	"format_version": "1.8.0",
	"animations": {
		"animation.tomonari": {
			"loop": "hold_on_last_frame",
			"animation_length": 5,
			"bones": {
				"toge": {
					"scale": {
						"0.0": [0.05, 0, 0.05],
						"0.0417": [1, 3, 1]
					}
				},
				"toge2": {
					"scale": {
						"0.0417": [0.05, 0, 0.05],
						"0.0833": [1, 1.75, 1]
					}
				},
				"toge3": {
					"scale": {
						"0.0833": [0.05, 0, 0.05],
						"0.125": [1, 1, 1]
					}
				},
				"toge4": {
					"scale": {
						"0.125": [0.05, 0, 0.05],
						"0.1667": [1, 1, 1]
					}
				},
				"toge5": {
					"scale": {
						"0.1667": [0.05, 0, 0.05],
						"0.2083": [1, 1.1, 1]
					}
				},
				"toge6": {
					"scale": {
						"0.2083": [0.05, 0, 0.05],
						"0.25": [1, 1, 1]
					}
				},
				"toge7": {
					"scale": {
						"0.25": [0.05, 0, 0.05],
						"0.2917": [1, 0.9, 1]
					}
				},
				"toge8": {
					"scale": {
						"0.0": [0.05, 0, 0.05],
						"0.0417": [1, 3, 1]
					}
				},
				"toge9": {
					"scale": {
						"0.0417": [0.05, 0, 0.05],
						"0.0833": [1, 1.75, 1]
					}
				},
				"toge10": {
					"scale": {
						"0.0833": [0.05, 0, 0.05],
						"0.125": [1, 1, 1]
					}
				},
				"toge11": {
					"scale": {
						"0.125": [0.05, 0, 0.05],
						"0.1667": [1, 1, 1]
					}
				},
				"toge12": {
					"scale": {
						"0.1667": [0.05, 0, 0.05],
						"0.2083": [1, 1.1, 1]
					}
				},
				"toge13": {
					"scale": {
						"0.2083": [0.05, 0, 0.05],
						"0.25": [1, 1, 1]
					}
				},
				"toge14": {
					"scale": {
						"0.25": [0.05, 0, 0.05],
						"0.2917": [1, 0.9, 1]
					}
				},
				"toge15": {
					"scale": {
						"0.0": [0.05, 0, 0.05],
						"0.0417": [1, 3, 1]
					}
				},
				"toge16": {
					"scale": {
						"0.0417": [0.05, 0, 0.05],
						"0.0833": [1, 1.75, 1]
					}
				},
				"toge17": {
					"scale": {
						"0.0833": [0.05, 0, 0.05],
						"0.125": [1, 1, 1]
					}
				},
				"toge18": {
					"scale": {
						"0.125": [0.05, 0, 0.05],
						"0.1667": [1, 1, 1]
					}
				},
				"toge19": {
					"scale": {
						"0.1667": [0.05, 0, 0.05],
						"0.2083": [1, 1.1, 1]
					}
				},
				"toge20": {
					"scale": {
						"0.2083": [0.05, 0, 0.05],
						"0.25": [1, 1, 1]
					}
				},
				"toge21": {
					"scale": {
						"0.25": [0.05, 0, 0.05],
						"0.2917": [1, 0.9, 1]
					}
				},
				"toge22": {
					"scale": {
						"0.0": [0.05, 0, 0.05],
						"0.0417": [1, 3, 1]
					}
				},
				"toge23": {
					"scale": {
						"0.0417": [0.05, 0, 0.05],
						"0.0833": [1, 1.75, 1]
					}
				},
				"toge24": {
					"scale": {
						"0.0833": [0.05, 0, 0.05],
						"0.125": [1, 1, 1]
					}
				},
				"toge25": {
					"scale": {
						"0.125": [0.05, 0, 0.05],
						"0.1667": [1, 1, 1]
					}
				},
				"toge26": {
					"scale": {
						"0.1667": [0.05, 0, 0.05],
						"0.2083": [1, 1.1, 1]
					}
				},
				"toge27": {
					"scale": {
						"0.2083": [0.05, 0, 0.05],
						"0.25": [1, 1, 1]
					}
				},
				"toge28": {
					"scale": {
						"0.25": [0.05, 0, 0.05],
						"0.2917": [1, 0.9, 1]
					}
				},
				"toge29": {
					"scale": {
						"0.0": [0.05, 0, 0.05],
						"0.0417": [1, 3, 1]
					}
				},
				"toge30": {
					"scale": {
						"0.0417": [0.05, 0, 0.05],
						"0.0833": [1, 1.75, 1]
					}
				},
				"toge31": {
					"scale": {
						"0.0833": [0.05, 0, 0.05],
						"0.125": [1, 1, 1]
					}
				},
				"toge32": {
					"scale": {
						"0.125": [0.05, 0, 0.05],
						"0.1667": [1, 1, 1]
					}
				},
				"toge33": {
					"scale": {
						"0.1667": [0.05, 0, 0.05],
						"0.2083": [1, 1.1, 1]
					}
				},
				"toge34": {
					"scale": {
						"0.2083": [0.05, 0, 0.05],
						"0.25": [1, 1, 1]
					}
				},
				"toge35": {
					"scale": {
						"0.25": [0.05, 0, 0.05],
						"0.2917": [1, 0.9, 1]
					}
				},
				"toge36": {
					"scale": {
						"0.0": [0.05, 0, 0.05],
						"0.0417": [1, 3, 1]
					}
				},
				"toge37": {
					"scale": {
						"0.0417": [0.05, 0, 0.05],
						"0.0833": [1, 1.75, 1]
					}
				},
				"toge38": {
					"scale": {
						"0.0833": [0.05, 0, 0.05],
						"0.125": [1, 1, 1]
					}
				},
				"toge39": {
					"scale": {
						"0.125": [0.05, 0, 0.05],
						"0.1667": [1, 1, 1]
					}
				},
				"toge40": {
					"scale": {
						"0.1667": [0.05, 0, 0.05],
						"0.2083": [1, 1.1, 1]
					}
				},
				"toge41": {
					"scale": {
						"0.2083": [0.05, 0, 0.05],
						"0.25": [1, 1, 1]
					}
				},
				"toge42": {
					"scale": {
						"0.25": [0.05, 0, 0.05],
						"0.2917": [1, 0.9, 1]
					}
				},
				"toge43": {
					"scale": {
						"0.0": [0.05, 0, 0.05],
						"0.0417": [1, 3, 1]
					}
				},
				"toge44": {
					"scale": {
						"0.0417": [0.05, 0, 0.05],
						"0.0833": [1, 1.75, 1]
					}
				},
				"toge45": {
					"scale": {
						"0.0833": [0.05, 0, 0.05],
						"0.125": [1, 1, 1]
					}
				},
				"toge46": {
					"scale": {
						"0.125": [0.05, 0, 0.05],
						"0.1667": [1, 1, 1]
					}
				},
				"toge47": {
					"scale": {
						"0.1667": [0.05, 0, 0.05],
						"0.2083": [1, 1.1, 1]
					}
				},
				"toge48": {
					"scale": {
						"0.2083": [0.05, 0, 0.05],
						"0.25": [1, 1, 1]
					}
				},
				"toge49": {
					"scale": {
						"0.25": [0.05, 0, 0.05],
						"0.2917": [1, 0.9, 1]
					}
				},
				"toge50": {
					"scale": {
						"0.0": [0.05, 0, 0.05],
						"0.0417": [1, 3, 1]
					}
				},
				"toge51": {
					"scale": {
						"0.0417": [0.05, 0, 0.05],
						"0.0833": [1, 1.75, 1]
					}
				},
				"toge52": {
					"scale": {
						"0.0833": [0.05, 0, 0.05],
						"0.125": [1, 1, 1]
					}
				},
				"toge53": {
					"scale": {
						"0.125": [0.05, 0, 0.05],
						"0.1667": [1, 1, 1]
					}
				},
				"toge54": {
					"scale": {
						"0.1667": [0.05, 0, 0.05],
						"0.2083": [1, 1.1, 1]
					}
				},
				"toge55": {
					"scale": {
						"0.2083": [0.05, 0, 0.05],
						"0.25": [1, 1, 1]
					}
				},
				"toge56": {
					"scale": {
						"0.25": [0.05, 0, 0.05],
						"0.2917": [1, 0.9, 1]
					}
				},
				"toge57": {
					"scale": {
						"0.0": [0.05, 0, 0.05],
						"0.0417": [1, 3, 1]
					}
				},
				"toge58": {
					"scale": {
						"0.0417": [0.05, 0, 0.05],
						"0.0833": [1, 1.75, 1]
					}
				},
				"toge59": {
					"scale": {
						"0.0833": [0.05, 0, 0.05],
						"0.125": [1, 1, 1]
					}
				},
				"toge60": {
					"scale": {
						"0.125": [0.05, 0, 0.05],
						"0.1667": [1, 1, 1]
					}
				},
				"toge61": {
					"scale": {
						"0.1667": [0.05, 0, 0.05],
						"0.2083": [1, 1.1, 1]
					}
				},
				"toge62": {
					"scale": {
						"0.2083": [0.05, 0, 0.05],
						"0.25": [1, 1, 1]
					}
				},
				"toge63": {
					"scale": {
						"0.25": [0.05, 0, 0.05],
						"0.2917": [1, 0.9, 1]
					}
				},
				"toge64": {
					"scale": {
						"0.0": [0.05, 0, 0.05],
						"0.0417": [1, 3, 1]
					}
				},
				"toge65": {
					"scale": {
						"0.0417": [0.05, 0, 0.05],
						"0.0833": [1, 1.75, 1]
					}
				},
				"toge66": {
					"scale": {
						"0.0833": [0.05, 0, 0.05],
						"0.125": [1, 1, 1]
					}
				},
				"toge67": {
					"scale": {
						"0.125": [0.05, 0, 0.05],
						"0.1667": [1, 1, 1]
					}
				},
				"toge68": {
					"scale": {
						"0.1667": [0.05, 0, 0.05],
						"0.2083": [1, 1.1, 1]
					}
				},
				"toge69": {
					"scale": {
						"0.2083": [0.05, 0, 0.05],
						"0.25": [1, 1, 1]
					}
				},
				"toge70": {
					"scale": {
						"0.25": [0.05, 0, 0.05],
						"0.2917": [1, 0.9, 1]
					}
				},
				"toge71": {
					"scale": {
						"0.0": [0.05, 0, 0.05],
						"0.0417": [1, 3, 1]
					}
				},
				"toge72": {
					"scale": {
						"0.0417": [0.05, 0, 0.05],
						"0.0833": [1, 1.75, 1]
					}
				},
				"toge73": {
					"scale": {
						"0.0833": [0.05, 0, 0.05],
						"0.125": [1, 1, 1]
					}
				},
				"toge74": {
					"scale": {
						"0.125": [0.05, 0, 0.05],
						"0.1667": [1, 1, 1]
					}
				},
				"toge75": {
					"scale": {
						"0.1667": [0.05, 0, 0.05],
						"0.2083": [1, 1.1, 1]
					}
				},
				"toge76": {
					"scale": {
						"0.2083": [0.05, 0, 0.05],
						"0.25": [1, 1, 1]
					}
				},
				"toge77": {
					"scale": {
						"0.25": [0.05, 0, 0.05],
						"0.2917": [1, 0.9, 1]
					}
				},
				"toge99": {
					"scale": {
						"0.0": [0.05, 0, 0.05],
						"0.0417": [1, 3, 1]
					}
				},
				"toge100": {
					"scale": {
						"0.0417": [0.05, 0, 0.05],
						"0.0833": [1, 1.75, 1]
					}
				},
				"toge101": {
					"scale": {
						"0.0833": [0.05, 0, 0.05],
						"0.125": [1, 1, 1]
					}
				},
				"toge102": {
					"scale": {
						"0.125": [0.05, 0, 0.05],
						"0.1667": [1, 1, 1]
					}
				},
				"toge103": {
					"scale": {
						"0.1667": [0.05, 0, 0.05],
						"0.2083": [1, 1.1, 1]
					}
				},
				"toge104": {
					"scale": {
						"0.2083": [0.05, 0, 0.05],
						"0.25": [1, 1, 1]
					}
				},
				"toge105": {
					"scale": {
						"0.25": [0.05, 0, 0.05],
						"0.2917": [1, 0.9, 1]
					}
				},
				"toge106": {
					"scale": {
						"0.0": [0.05, 0, 0.05],
						"0.0417": [1, 3, 1]
					}
				},
				"toge107": {
					"scale": {
						"0.0417": [0.05, 0, 0.05],
						"0.0833": [1, 1.75, 1]
					}
				},
				"toge108": {
					"scale": {
						"0.0833": [0.05, 0, 0.05],
						"0.125": [1, 1, 1]
					}
				},
				"toge109": {
					"scale": {
						"0.125": [0.05, 0, 0.05],
						"0.1667": [1, 1, 1]
					}
				},
				"toge110": {
					"scale": {
						"0.1667": [0.05, 0, 0.05],
						"0.2083": [1, 1.1, 1]
					}
				},
				"toge111": {
					"scale": {
						"0.2083": [0.05, 0, 0.05],
						"0.25": [1, 1, 1]
					}
				},
				"toge112": {
					"scale": {
						"0.25": [0.05, 0, 0.05],
						"0.2917": [1, 0.9, 1]
					}
				},
				"toge113": {
					"scale": {
						"0.0": [0.05, 0, 0.05],
						"0.0417": [1, 3, 1]
					}
				},
				"toge114": {
					"scale": {
						"0.0417": [0.05, 0, 0.05],
						"0.0833": [1, 1.75, 1]
					}
				},
				"toge115": {
					"scale": {
						"0.0833": [0.05, 0, 0.05],
						"0.125": [1, 1, 1]
					}
				},
				"toge116": {
					"scale": {
						"0.125": [0.05, 0, 0.05],
						"0.1667": [1, 1, 1]
					}
				},
				"toge117": {
					"scale": {
						"0.1667": [0.05, 0, 0.05],
						"0.2083": [1, 1.1, 1]
					}
				},
				"toge118": {
					"scale": {
						"0.2083": [0.05, 0, 0.05],
						"0.25": [1, 1, 1]
					}
				},
				"toge119": {
					"scale": {
						"0.25": [0.05, 0, 0.05],
						"0.2917": [1, 0.9, 1]
					}
				}
			}
		},
		"animation.surei.tomonari": {
			"loop": "hold_on_last_frame",
			"animation_length": 2,
			"bones": {
				"root": {
					"rotation": {
						"0.0": [0, 0, 0],
						"0.15": [0, "q.target_y_rotation", 0]
					}
				},
				"waist": {
					"rotation": {
						"1.75": [0, 0, 0],
						"1.85": [5, 0, 0]
					},
					"position": {
						"0.0": [0, 0, 0],
						"0.15": [0, -1, 0.5]
					}
				},
				"player_body2": {
					"rotation": {
						"1.75": [0, 0, 0],
						"1.85": [10, 0, 0]
					}
				},
				"head": {
					"rotation": {
						"0.0": [0, 0, 0],
						"0.15": [10, 0, 0]
					}
				},
				"leftArm": {
					"rotation": {
						"0.0": [0, 0, 0],
						"0.15": [-98.43496, 17.64662, -85.82919],
						"1.75": [-100.93, 17.65, -85.83],
						"1.85": [33.06991, 13.53704, -116.71832],
						"2.0": [28.06991, 13.53704, -116.71832]
					},
					"position": {
						"0.0": [0, 0, 0],
						"0.15": [-0.75, -1, -2.5],
						"1.75": [-0.75, -1, -2.5],
						"1.85": [1.25, 0, 0.5]
					}
				},
				"leftarm3": {
					"rotation": {
						"0.0": [0, 0, 0],
						"0.15": [-50, 0, 0]
					}
				},
				"rightArm": {
					"rotation": {
						"0.0": [0, 0, 0],
						"0.15": [-143.67204, 29.4035, -37.27348],
						"1.75": [-146.17204, 29.4035, -37.27348],
						"1.85": [-31.1742, 15.58943, -56.58124],
						"2.0": [-38.6742, 15.58943, -56.58124]
					},
					"position": {
						"0.0": [0, 0, 0],
						"0.15": [-0.5, 1.75, -1.5],
						"1.75": [-0.5, 1.75, -1.5],
						"1.85": [0.5, 0.75, -2.5]
					}
				},
				"rightarm3": {
					"rotation": {
						"0.0": [0, 0, 0],
						"0.15": [-55, 0, 0],
						"1.75": [-55, 0, 0],
						"1.85": [0, 0, 0]
					}
				},
				"rightLeg": {
					"rotation": {
						"0.0": [0, 0, 0],
						"0.15": [-19.94666, -0.73007, 12.73652]
					},
					"position": {
						"0.0": [0, 0, 0],
						"0.15": [0, -1.25, 0]
					}
				},
				"rightleg3": {
					"rotation": {
						"0.0": [0, 0, 0],
						"0.15": [20, 0, 0]
					}
				},
				"leftLeg": {
					"rotation": {
						"0.0": [0, 0, 0],
						"0.15": [-21.7386, -8.41592, -7.36953]
					},
					"position": {
						"0.0": [0, 0, 0],
						"0.15": [0, -1.25, 0]
					}
				},
				"leftleg3": {
					"rotation": {
						"0.0": [0, 0, 0],
						"0.15": [27.5, 0, 0]
					}
				}
			}
		}
	}
}