{
	"format_version": "1.8.0",
	"animations": {
		"animation.tokusa.gyokuken_mark": {
			"loop": "hold_on_last_frame",
			"animation_length": 1,
			"bones": {
				"rightItem": {
					"scale": 0
				},
				"leftItem": {
					"scale": 0
				},
				"root": {
					"rotation": {
						"0.0": [0, 0, 0],
						"0.125": [0, "q.target_y_rotation", 0]
					}
				},
				"leftArm": {
					"rotation": {
						"0.0": [0, 0, 0],
						"0.125": [-79.46566, 21.41996, -6.03981],
						"0.1875": [-59.60118, 30.1549, -0.6237]
					},
					"position": [0, 0, 0]
				},
				"leftArm_3": {
					"rotation": {
						"0.0": [0, 0, 0],
						"0.125": [0, 0, 22.5]
					},
					"position": {
						"0.0": [0, 0, 0],
						"0.125": [1.775, 0.9, 0]
					}
				},
				"rightArm": {
					"rotation": {
						"0.0": [0, 0, 0],
						"0.125": [-78.75303, -29.29691, -3.73817],
						"0.1875": [-53.75303, -29.29691, -3.73817]
					},
					"position": {
						"0.0": [0, 0, 0],
						"0.125": [0.5, 0, -1]
					}
				},
				"rightArm_3": {
					"rotation": {
						"0.0": [0, 0, 0],
						"0.125": [0, 0, -17.5]
					},
					"position": {
						"0.0": [0, 0, 0],
						"0.125": [-1.375, 0.8, 0]
					}
				},
				"rightLeg": {
					"rotation": ["v.tcos0 * 1.4", 0, 0]
				},
				"leftLeg": {
					"rotation": ["v.tcos0 * -1.4", 0, 0]
				}
			},
			"particle_effects": {
				"0.125": {
					"effect": "gyokuken_mark",
					"locator": "ryoiki_tenkai"
				}
			}
		},
		"animation.tokusa.gyokuken2_mark": {
			"loop": "hold_on_last_frame",
			"animation_length": 1,
			"bones": {
				"rightItem": {
					"scale": 0
				},
				"leftItem": {
					"scale": 0
				},
				"root": {
					"rotation": {
						"0.0": [0, 0, 0],
						"0.125": [0, "q.target_y_rotation", 0]
					}
				},
				"leftArm": {
					"rotation": {
						"0.0": [0, 0, 0],
						"0.125": [-79.46566, 21.41996, -6.03981],
						"0.1875": [-59.60118, 30.1549, -0.6237]
					},
					"position": [0, 0, 0]
				},
				"leftArm_3": {
					"rotation": {
						"0.0": [0, 0, 0],
						"0.125": [0, 0, 22.5]
					},
					"position": {
						"0.0": [0, 0, 0],
						"0.125": [1.775, 0.9, 0]
					}
				},
				"rightArm": {
					"rotation": {
						"0.0": [0, 0, 0],
						"0.125": [-78.75303, -29.29691, -3.73817],
						"0.1875": [-53.75303, -29.29691, -3.73817]
					},
					"position": {
						"0.0": [0, 0, 0],
						"0.125": [0.5, 0, -1]
					}
				},
				"rightArm_3": {
					"rotation": {
						"0.0": [0, 0, 0],
						"0.125": [0, 0, -17.5]
					},
					"position": {
						"0.0": [0, 0, 0],
						"0.125": [-1.375, 0.8, 0]
					}
				},
				"rightLeg": {
					"rotation": ["v.tcos0 * 1.4", 0, 0]
				},
				"leftLeg": {
					"rotation": ["v.tcos0 * -1.4", 0, 0]
				}
			},
			"particle_effects": {
				"0.125": {
					"effect": "gyokuken2_mark",
					"locator": "ryoiki_tenkai"
				}
			}
		},
		"animation.tokusa.gyokuken3_mark": {
			"loop": "hold_on_last_frame",
			"animation_length": 1,
			"bones": {
				"rightItem": {
					"scale": 0
				},
				"leftItem": {
					"scale": 0
				},
				"root": {
					"rotation": {
						"0.0": [0, 0, 0],
						"0.125": [0, "q.target_y_rotation", 0]
					}
				},
				"leftArm": {
					"rotation": {
						"0.0": [0, 0, 0],
						"0.125": [-79.46566, 21.41996, -6.03981],
						"0.1875": [-59.60118, 30.1549, -0.6237]
					},
					"position": [0, 0, 0]
				},
				"leftArm_3": {
					"rotation": {
						"0.0": [0, 0, 0],
						"0.125": [0, 0, 22.5]
					},
					"position": {
						"0.0": [0, 0, 0],
						"0.125": [1.775, 0.9, 0]
					}
				},
				"rightArm": {
					"rotation": {
						"0.0": [0, 0, 0],
						"0.125": [-78.75303, -29.29691, -3.73817],
						"0.1875": [-53.75303, -29.29691, -3.73817]
					},
					"position": {
						"0.0": [0, 0, 0],
						"0.125": [0.5, 0, -1]
					}
				},
				"rightArm_3": {
					"rotation": {
						"0.0": [0, 0, 0],
						"0.125": [0, 0, -17.5]
					},
					"position": {
						"0.0": [0, 0, 0],
						"0.125": [-1.375, 0.8, 0]
					}
				},
				"rightLeg": {
					"rotation": ["v.tcos0 * 1.4", 0, 0]
				},
				"leftLeg": {
					"rotation": ["v.tcos0 * -1.4", 0, 0]
				}
			},
			"particle_effects": {
				"0.125": {
					"effect": "gyokuken3_mark",
					"locator": "ryoiki_tenkai"
				}
			}
		},
		"animation.tokusa.nue_mark": {
			"loop": "hold_on_last_frame",
			"animation_length": 1,
			"bones": {
				"rightItem": {
					"scale": 0
				},
				"leftItem": {
					"scale": 0
				},
				"root": {
					"rotation": {
						"0.0": [0, 0, 0],
						"0.125": [0, "q.target_y_rotation", 0]
					}
				},
				"leftArm": {
					"rotation": {
						"0.0": [0, 0, 0],
						"0.125": [-48.36732, 21.51893, 68.14363],
						"0.1875": [-49.53936, 17.74683, 64.65817]
					},
					"position": {
						"0.0": [0, 0, 0],
						"0.125": [0, 1, 0],
						"0.1875": [0, 1, 0]
					}
				},
				"leftArm_3": {
					"rotation": {
						"0.0": [0, 0, 0],
						"0.125": [0, 0, 22.5]
					},
					"position": {
						"0.0": [0, 0, 0],
						"0.125": [1.775, 0.9, 0]
					}
				},
				"rightArm": {
					"rotation": {
						"0.0": [0, 0, 0],
						"0.125": [-45.18406, -17.61712, -68.98411],
						"0.1875": [-46.17506, -14.03866, -65.35363]
					},
					"position": {
						"0.0": [0, 0, 0],
						"0.125": [0.5, 1, -1],
						"0.1875": [0.5, 1, -1]
					}
				},
				"rightArm_3": {
					"rotation": {
						"0.0": [0, 0, 0],
						"0.125": [0, 0, -32.5]
					},
					"position": {
						"0.0": [0, 0, 0],
						"0.125": [-2.625, 1.05, 0]
					}
				},
				"rightLeg": {
					"rotation": ["v.tcos0 * 1.4", 0, 0]
				},
				"leftLeg": {
					"rotation": ["v.tcos0 * -1.4", 0, 0]
				}
			},
			"particle_effects": {
				"0.125": {
					"effect": "nue_mark",
					"locator": "ryoiki_tenkai"
				}
			}
		},
		"animation.tokusa.gama_mark": {
			"loop": "hold_on_last_frame",
			"animation_length": 1,
			"bones": {
				"rightItem": {
					"scale": 0
				},
				"leftItem": {
					"scale": 0
				},
				"root": {
					"rotation": {
						"0.0": [0, 0, 0],
						"0.125": [0, "q.target_y_rotation", 0]
					}
				},
				"leftArm": {
					"rotation": {
						"0.0": [0, 0, 0],
						"0.125": [-89.44087, 17.91921, 16.50835],
						"0.1875": [-79.45417, 12.91944, 16.45835]
					},
					"position": {
						"0.0": [0, 0, 0],
						"0.125": [0, 1, -1],
						"0.1875": [0, 1, -1]
					}
				},
				"leftArm_3": {
					"rotation": {
						"0.0": [0, 0, 0],
						"0.125": [0, 0, 35]
					},
					"position": {
						"0.0": [0, 0, 0],
						"0.125": [2.925, 1.075, 0]
					}
				},
				"rightArm": {
					"rotation": {
						"0.0": [0, 0, 0],
						"0.125": [-91.11594, -19.80533, -13.02013],
						"0.1875": [-81.08598, -14.80625, -13.12073]
					},
					"position": {
						"0.0": [0, 0, 0],
						"0.125": [0.5, 1, -1],
						"0.1875": [0.5, 1, -1]
					}
				},
				"rightArm_3": {
					"rotation": {
						"0.0": [0, 0, 0],
						"0.125": [0, 0, -32.5]
					},
					"position": {
						"0.0": [0, 0, 0],
						"0.125": [-2.625, 1.05, 0]
					}
				},
				"rightLeg": {
					"rotation": ["v.tcos0 * 1.4", 0, 0]
				},
				"leftLeg": {
					"rotation": ["v.tcos0 * -1.4", 0, 0]
				}
			},
			"particle_effects": {
				"0.125": {
					"effect": "gama_mark",
					"locator": "ryoiki_tenkai"
				}
			}
		},
		"animation.tokusa.orochi_mark": {
			"loop": "hold_on_last_frame",
			"animation_length": 1,
			"bones": {
				"rightItem": {
					"scale": 0
				},
				"leftItem": {
					"scale": 0
				},
				"root": {
					"rotation": {
						"0.0": [0, 0, 0],
						"0.125": [0, "q.target_y_rotation", 0]
					}
				},
				"leftArm": {
					"rotation": ["v.tcos0", 0, 0]
				},
				"rightArm": {
					"rotation": {
						"0.0": [0, 0, 0],
						"0.125": [-72.06222, 5.13643, -66.4535],
						"0.1875": [-61.80103, 21.03921, -53.58351]
					},
					"position": {
						"0.0": [0, 0, 0],
						"0.125": [0.25, 0.75, -1],
						"0.1875": [0, 0.5, -1]
					}
				},
				"rightArm_3": {
					"rotation": {
						"0.0": [0, 0, 0],
						"0.125": [0, 0, -32.5]
					},
					"position": {
						"0.0": [0, 0, 0],
						"0.125": [-2.625, 1.05, 0]
					}
				},
				"rightLeg": {
					"rotation": ["v.tcos0 * 1.4", 0, 0]
				},
				"leftLeg": {
					"rotation": ["v.tcos0 * -1.4", 0, 0]
				}
			},
			"particle_effects": {
				"0.125": {
					"effect": "orochi_mark",
					"locator": "ryoiki_tenkai"
				}
			}
		},
		"animation.tokusa.bansyo_mark": {
			"loop": "hold_on_last_frame",
			"animation_length": 1,
			"bones": {
				"rightItem": {
					"scale": 0
				},
				"leftItem": {
					"scale": 0
				},
				"root": {
					"rotation": {
						"0.0": [0, 0, 0],
						"0.125": [0, "q.target_y_rotation", 0]
					}
				},
				"leftArm": {
					"rotation": {
						"0.0": [0, 0, 0],
						"0.125": [-35.34071, -23.56859, 43.77024],
						"0.25": [-54.48813, 17.61159, 72.81354]
					},
					"position": {
						"0.0": [0, 0, 0],
						"0.125": [0, 1.5, -1.5],
						"0.25": [0, 1.5, -1.5]
					}
				},
				"leftArm_3": {
					"rotation": {
						"0.0": [0, 0, 0],
						"0.125": [0, 0, 22.5]
					},
					"position": {
						"0.0": [0, 0, 0],
						"0.125": [1.775, 0.975, 0]
					}
				},
				"rightArm": {
					"rotation": {
						"0.0": [0, 0, 0],
						"0.125": [-32.77427, 47.8466, -50.60164],
						"0.25": [-59.19254, -8.87688, -71.38989]
					},
					"position": {
						"0.0": [0, 0, 0],
						"0.125": [0.5, 1.25, -1.5],
						"0.25": [0.5, 1.25, -1.5]
					}
				},
				"rightArm_3": {
					"rotation": {
						"0.0": [0, 0, 0],
						"0.125": [0, 0, -30]
					},
					"position": {
						"0.0": [0, 0, 0],
						"0.125": [-2.4, 1.05, 0]
					}
				},
				"rightLeg": {
					"rotation": ["v.tcos0 * 1.4", 0, 0]
				},
				"leftLeg": {
					"rotation": ["v.tcos0 * -1.4", 0, 0]
				}
			},
			"particle_effects": {
				"0.125": {
					"effect": "bansyo_mark",
					"locator": "ryoiki_tenkai"
				}
			}
		},
		"animation.tokusa.datto_mark": {
			"loop": "hold_on_last_frame",
			"animation_length": 1,
			"bones": {
				"rightItem": {
					"scale": 0
				},
				"leftItem": {
					"scale": 0
				},
				"root": {
					"rotation": {
						"0.0": [0, 0, 0],
						"0.125": [0, "q.target_y_rotation", 0]
					}
				},
				"leftArm": {
					"rotation": {
						"0.0": [0, 0, 0],
						"0.125": [-40.51877, -24.28121, 64.11146],
						"0.1875": [-43.64843, -27.46886, 59.82898]
					},
					"position": {
						"0.0": [0, 0, 0],
						"0.125": [0, 1, -1],
						"0.1875": [0, 1, -1]
					}
				},
				"leftArm_3": {
					"rotation": {
						"0.0": [0, 0, 0],
						"0.125": [0, 0, 35]
					},
					"position": {
						"0.0": [0, 0, 0],
						"0.125": [2.925, 1.075, 0]
					}
				},
				"rightArm": {
					"rotation": {
						"0.0": [0, 0, 0],
						"0.125": [-36.95109, -31.5699, -23.82663],
						"0.1875": [-42.78722, -21.90944, -10.94506]
					},
					"position": {
						"0.0": [0, 0, 0],
						"0.125": [0.5, 0.25, -1],
						"0.1875": [0.5, 0.25, -1]
					}
				},
				"rightArm_3": {
					"rotation": {
						"0.0": [0, 0, 0],
						"0.125": [0, 0, -32.5]
					},
					"position": {
						"0.0": [0, 0, 0],
						"0.125": [-2.625, 1.05, 0]
					}
				},
				"rightLeg": {
					"rotation": ["v.tcos0 * 1.4", 0, 0]
				},
				"leftLeg": {
					"rotation": ["v.tcos0 * -1.4", 0, 0]
				}
			},
			"particle_effects": {
				"0.125": {
					"effect": "datto_mark",
					"locator": "ryoiki_tenkai"
				}
			}
		},
		"animation.tokusa.makora_mark": {
			"loop": "hold_on_last_frame",
			"animation_length": 4,
			"bones": {
				"rightItem": {
					"scale": 0
				},
				"leftItem": {
					"scale": 0
				},
				"root": {
					"rotation": {
						"0.0": [0, 0, 0],
						"0.125": [0, "q.target_y_rotation", 0]
					}
				},
				"leftArm": {
					"rotation": {
						"0.0": [0, 0, 0],
						"0.125": [-58.25238, 21.84796, 31.10758],
						"0.3125": [-73.32691, 21.4759, 2.33222]
					},
					"position": {
						"0.0": [0, 0, 0],
						"0.125": [0, 1, -1]
					}
				},
				"leftArm_3": {
					"rotation": {
						"0.0": [0, 0, 0],
						"0.125": [0, 0, 35],
						"0.3125": [0, 0, 15]
					},
					"position": {
						"0.0": [0, 0, 0],
						"0.125": [2.925, 1.075, 0],
						"0.3125": [1.18, 0.83, 0]
					}
				},
				"rightArm": {
					"rotation": {
						"0.0": [0, 0, 0],
						"0.125": [-68.96351, -12.82263, -32.08241],
						"0.3125": [-83.22492, -23.58383, 11.39202]
					},
					"position": {
						"0.0": [0, 0, 0],
						"0.125": [0.5, 1.25, -1],
						"0.3125": [0.5, 0.75, -1]
					}
				},
				"rightArm_3": {
					"rotation": {
						"0.0": [0, 0, 0],
						"0.125": [0, 0, -12.5],
						"0.3125": [0, 0, -37.5]
					},
					"position": {
						"0.0": [0, 0, 0],
						"0.125": [-0.9, 0.6, 0],
						"0.3125": [-3.15, 1.1, 0]
					}
				},
				"rightLeg": {
					"rotation": ["v.tcos0 * 1.4", 0, 0]
				},
				"leftLeg": {
					"rotation": ["v.tcos0 * -1.4", 0, 0]
				}
			},
			"particle_effects": {
				"0.3125": {
					"effect": "makora_mark",
					"locator": "ryoiki_tenkai"
				},
				"1.5": {
					"effect": "juryoku_guard"
				},
				"2.0": [
					{
						"effect": "juryoku_guard"
					},
					{
						"effect": "juryoku_guard"
					}
				],
				"2.5": [
					{
						"effect": "juryoku_guard"
					},
					{
						"effect": "juryoku_guard"
					},
					{
						"effect": "juryoku_guard"
					},
					{
						"effect": "juryoku_guard"
					}
				],
				"3.0": [
					{
						"effect": "juryoku_guard"
					},
					{
						"effect": "juryoku_guard"
					},
					{
						"effect": "juryoku_guard"
					},
					{
						"effect": "juryoku_guard"
					},
					{
						"effect": "juryoku_guard"
					},
					{
						"effect": "juryoku_guard"
					},
					{
						"effect": "juryoku_guard"
					},
					{
						"effect": "juryoku_guard"
					}
				],
				"3.5": [
					{
						"effect": "juryoku_guard"
					},
					{
						"effect": "juryoku_guard"
					},
					{
						"effect": "juryoku_guard"
					},
					{
						"effect": "juryoku_guard"
					},
					{
						"effect": "juryoku_guard"
					},
					{
						"effect": "juryoku_guard"
					},
					{
						"effect": "juryoku_guard"
					},
					{
						"effect": "juryoku_guard"
					}
				]
			}
		},
		"animation.tokusa.ryoiki_tenkai": {
			"loop": "hold_on_last_frame",
			"animation_length": 0.75,
			"bones": {
				"rightItem": {
					"scale": 0
				},
				"leftItem": {
					"scale": 0
				},
				"root": {
					"rotation": {
						"0.0": [0, 0, 0],
						"0.125": [0, "q.target_y_rotation", 0]
					}
				},
				"leftArm": {
					"rotation": {
						"0.0": [0, 0, 0],
						"0.125": [-85.32092, 1.26762, -70.4921],
						"0.25": [-71.34998, 41.72058, -29.45223]
					},
					"position": {
						"0.0": [0, 0, 0],
						"0.125": [0, 0, -1],
						"0.25": [-0.5, -0.5, -1]
					}
				},
				"leftarm3": {
					"rotation": {
						"0.0": [0, 0, 0],
						"0.125": [-45, 0, 0],
						"0.25": [-55, 0, 0]
					}
				},
				"rightArm": {
					"rotation": {
						"0.0": [0, 0, 0],
						"0.125": [-96.46, -7.78775, 69.74274],
						"0.25": [-78.60732, -31.7944, 39.07782]
					},
					"position": {
						"0.0": [0, 0, 0],
						"0.125": [0, 0, -1],
						"0.25": [0.75, -0.75, -0.5]
					}
				},
				"rightarm3": {
					"rotation": {
						"0.0": [0, 0, 0],
						"0.125": [-45, 0, 0],
						"0.25": [-52.5, 0, 0]
					}
				},
				"leftLeg": {
					"rotation": ["v.tcos0 * -1.4", 0, 0]
				},
				"rightLeg": {
					"rotation": ["v.tcos0 * 1.4", 0, 0]
				},
				"ryoiki_tenkai": {
					"position": [0, 3, 0]
				}
			},
			"particle_effects": {
				"0.125": {
					"effect": "kango_aneitei",
					"locator": "ryoiki_tenkai"
				}
			}
		},
		"animation.ride.nue": {
			"loop": true,
			"bones": {
				"leftArm": {
					"rotation": [0, 0, -17.5]
				},
				"leftarm3": {
					"rotation": [-17.5, 0, 0]
				},
				"rightArm": {
					"rotation": [0, 0, 10]
				},
				"rightarm3": {
					"rotation": [-10, 0, 0]
				},
				"rightLeg": {
					"rotation": [-0.40875, 4.94069, 5.63292]
				},
				"rightleg3": {
					"rotation": [10, 0, 0]
				},
				"leftLeg": {
					"rotation": [-2.521, -6.62587, -5.24793]
				},
				"leftleg3": {
					"rotation": [12.5, 0, 0]
				}
			}
		}
	}
}