{
	"format_version": "1.8.0",
	"animations": {
		"animation.tokyu_jurei.particle_hand": {
			"loop": true,
			"particle_effects": {
				"0.0": [
					{
						"effect": "tokyu_juryoku",
						"locator": "leftarm"
					},
					{
						"effect": "tokyu_juryoku",
						"locator": "rightarm"
					}
				]
			}
		},
		"animation.tokyu_jurei.knockback2": {
			"loop": "hold_on_last_frame",
			"animation_length": 0.625,
			"bones": {
				"rightItem": {
					"scale": 0
				},
				"leftItem": {
					"scale": 0
				},
				"root": {
					"rotation": {
						"0.0": [0, 0, 0],
						"0.0625": [0, "q.target_y_rotation", 0]
					}
				},
				"head": {
					"rotation": {
						"0.0": [0, 0, 0],
						"0.0625": [42.5, 0, 0],
						"0.125": [47.5, 0, 0],
						"0.25": [-40, 0, 0],
						"0.5": [-30, 0, 0]
					},
					"position": {
						"0.0": [0, 0, 0],
						"0.0625": [0, -0.25, -0.5]
					}
				},
				"leftarm": {
					"rotation": {
						"0.0": [0, 0, 0],
						"0.0625": [-100.66028, 51.96665, -32.86137],
						"0.125": [-108.16028, 51.96665, -32.86137],
						"0.25": [72.34338, -75.15436, -134.55444],
						"0.5": [-61.70311, -80.56445, 0.37105]
					},
					"position": {
						"0.125": [0, 0, 0],
						"0.25": [1.25, 0.25, -0.25]
					}
				},
				"rightarm": {
					"rotation": {
						"0.0": [0, 0, 0],
						"0.0625": [-88.04983, -61.46762, 16.85716],
						"0.125": [-95.54983, -61.46762, 16.85716],
						"0.25": [115.34367, 83.67427, 181.22289],
						"0.5": [267.42343, 80.10331, 334.21138]
					},
					"position": {
						"0.125": [0, 0, 0],
						"0.25": [-1.25, 0.5, -0.5]
					}
				},
				"lefthand": {
					"rotation": {
						"0.0": [0, 0, 0],
						"0.0625": [-30, 0, 0]
					}
				},
				"righthand": {
					"rotation": {
						"0.0": [0, 0, 0],
						"0.0625": [-27.5, 0, 0]
					}
				},
				"leftarm3": {
					"rotation": {
						"0.0": [0, 0, 0],
						"0.0625": [-30, 0, 0]
					}
				},
				"rightarm3": {
					"rotation": {
						"0.0": [0, 0, 0],
						"0.0625": [-27.5, 0, 0]
					}
				}
			},
			"particle_effects": {
				"0.0": [
					{
						"effect": "tokyu_juryoku",
						"locator": "leftarm"
					},
					{
						"effect": "tokyu_juryoku",
						"locator": "rightarm"
					}
				]
			}
		},
		"animation.tokyu_jurei.arrow": {
			"loop": "hold_on_last_frame",
			"animation_length": 0.75,
			"bones": {
				"rightItem": {
					"scale": 0
				},
				"leftItem": {
					"scale": 0
				},
				"root": {
					"rotation": {
						"0.0": [0, 0, 0],
						"0.375": [0, "77.5+q.target_y_rotation", 0]
					}
				},
				"leftarm": {
					"rotation": {
						"0.0": [0, 0, 0],
						"0.125": [-82.31151, -4.75305, -65.80802],
						"0.375": [-20.95175, -0.13174, -86.37069],
						"0.5": [-20.95175, -0.13174, -86.37069]
					},
					"position": {
						"0.0": [0, 0, 0],
						"0.125": [1, -1.75, -1],
						"0.375": [1.5, -0.75, 0],
						"0.5": [1.5, -0.75, -0.5]
					}
				},
				"lefthand": {
					"rotation": {
						"0.0": [0, 0, 0],
						"0.125": [-24.81943, -23.22294, -25.20199],
						"0.375": [-26.9609, -73.26807, 25.97212]
					}
				},
				"leftarm3": {
					"rotation": {
						"0.0": [0, 0, 0],
						"0.125": [-24.81943, -23.22294, -25.20199],
						"0.375": [-26.9609, -73.26807, 25.97212]
					}
				},
				"rightarm": {
					"rotation": {
						"0.0": [0, 0, 0],
						"0.125": [-97.07362, 14.63639, 90.81914],
						"0.375": [-20, 0, 87.5],
						"0.5": [-35, 0, 87.5]
					},
					"position": {
						"0.0": [0, 0, 0],
						"0.125": [-1, -1, -1],
						"0.375": [-1.75, -1, -0.25]
					}
				},
				"righthand": {
					"rotation": {
						"0.0": [0, 0, 0],
						"0.125": [168.36599, 33.57401, 171.61107],
						"0.375": [342.51062, 27.16108, 361.07689]
					}
				},
				"rightarm3": {
					"rotation": {
						"0.0": [0, 0, 0],
						"0.125": [168.36599, 33.57401, 171.61107],
						"0.375": [342.51062, 27.16108, 361.07689]
					}
				},
				"head": {
					"rotation": {
						"0.0": [0, 0, 0],
						"0.375": [0, -67.5, 0]
					}
				},
				"rightLeg": {
					"rotation": {
						"0.0": [0, 0, 0],
						"0.375": [0.43439, 2.462, 10.00933]
					}
				},
				"leftLeg": {
					"rotation": {
						"0.0": [0, 0, 0],
						"0.375": [-6.48009, -52.21677, -1.82169]
					},
					"position": {
						"0.0": [0, 0, 0],
						"0.375": [0, -0.5, 0]
					}
				},
				"leftleg3": {
					"rotation": {
						"0.0": [0, 0, 0],
						"0.375": [12.5, 0, 0]
					}
				},
				"leftarm2": {
					"rotation": {
						"0.0": [0, 0, 0],
						"0.125": [-52.5, 0, 0],
						"0.375": [22.5, 0, 0]
					},
					"position": [0, 0, 0]
				},
				"rightarm2": {
					"rotation": {
						"0.0": [0, 0, 0],
						"0.125": [-30, 0, 0],
						"0.375": [-25, 0, 0]
					},
					"position": {
						"0.0": [0, 0, 0],
						"0.125": [0, 0.75, 0]
					}
				}
			},
			"particle_effects": {
				"0.0625": [
					{
						"effect": "tokyu_juryoku2",
						"locator": "rightarm"
					},
					{
						"effect": "tokyu_juryoku2",
						"locator": "leftarm"
					}
				]
			}
		},
		"animation.tokyu_jurei.knockback": {
			"loop": "hold_on_last_frame",
			"animation_length": 0.625,
			"bones": {
				"rightItem": {
					"scale": 0
				},
				"leftItem": {
					"scale": 0
				},
				"root": {
					"rotation": {
						"0.0": [0, 0, 0],
						"0.0625": [0, "q.target_y_rotation", 0]
					}
				},
				"head": {
					"rotation": {
						"0.0": [0, 0, 0],
						"0.0625": [42.5, 0, 0],
						"0.125": [47.5, 0, 0],
						"0.25": [-40, 0, 0],
						"0.5": [-30, 0, 0]
					},
					"position": {
						"0.0": [0, 0, 0],
						"0.0625": [0, -0.25, -0.5]
					}
				},
				"leftArm": {
					"rotation": {
						"0.0": [0, 0, 0],
						"0.0625": [-100.66028, 51.96665, -32.86137],
						"0.125": [-108.16028, 51.96665, -32.86137],
						"0.25": [72.34338, -75.15436, -134.55444],
						"0.5": [-89.16559, -79.53655, 27.38323]
					},
					"position": {
						"0.125": [0, 0, 0],
						"0.25": [1.25, -1, -1.25],
						"0.5": [0.75, -1, -1.5]
					}
				},
				"rightArm": {
					"rotation": {
						"0.0": [0, 0, 0],
						"0.0625": [-88.04983, -61.46762, 16.85716],
						"0.125": [-95.54983, -61.46762, 16.85716],
						"0.25": [115.34367, 83.67427, 181.22289],
						"0.5": [267.42343, 80.10331, 334.21138]
					},
					"position": {
						"0.125": [0, 0, 0],
						"0.25": [-1.5, -0.5, -1],
						"0.5": [-1, -1, -1.75]
					}
				}
			},
			"particle_effects": {
				"0.0": [
					{
						"effect": "tokyu_juryoku",
						"locator": "leftarm"
					},
					{
						"effect": "tokyu_juryoku",
						"locator": "rightarm"
					}
				]
			}
		},
		"animation.tokyu_jurei.arrow2": {
			"loop": "hold_on_last_frame",
			"animation_length": 0.75,
			"bones": {
				"rightItem": {
					"scale": 0
				},
				"leftItem": {
					"scale": 0
				},
				"root": {
					"rotation": {
						"0.0": [0, 0, 0],
						"0.375": [0, "77.5+q.target_y_rotation", 0]
					}
				},
				"leftArm": {
					"rotation": {
						"0.0": [0, 0, 0],
						"0.125": [-97.72107, 12.3519, -83.31114],
						"0.375": [-20.95175, -0.13174, -86.37069],
						"0.5": [-20.95175, -0.13174, -86.37069]
					},
					"position": {
						"0.0": [0, 0, 0],
						"0.125": [0.5, -0.25, 0],
						"0.375": [1.5, -0.75, 0],
						"0.5": [1.5, -0.75, -0.5]
					}
				},
				"leftarm3": {
					"rotation": {
						"0.0": [0, 0, 0],
						"0.125": [-35, 0, 0]
					},
					"position": [0, 0, 0]
				},
				"rightArm": {
					"rotation": {
						"0.0": [0, 0, 0],
						"0.125": [-114.01514, -2.12823, 95.88773],
						"0.375": [-20, 0, 87.5],
						"0.5": [-35, 0, 87.5]
					},
					"position": {
						"0.0": [0, 0, 0],
						"0.125": [-1, -0.5, -1],
						"0.375": [-1.75, -1, -0.25]
					}
				},
				"rightarm3": {
					"rotation": {
						"0.0": [0, 0, 0],
						"0.125": [-30, 0, 0]
					},
					"position": [0, 0, 0]
				},
				"head": {
					"rotation": {
						"0.0": [0, 0, 0],
						"0.375": [0, -67.5, 0]
					}
				},
				"rightLeg": {
					"rotation": {
						"0.0": [0, 0, 0],
						"0.375": [0.43439, 2.462, 10.00933]
					}
				},
				"leftLeg": {
					"rotation": {
						"0.0": [0, 0, 0],
						"0.375": [-6.48009, -52.21677, -1.82169]
					},
					"position": {
						"0.0": [0, 0, 0],
						"0.375": [0, -0.5, 0]
					}
				},
				"leftleg3": {
					"rotation": {
						"0.0": [0, 0, 0],
						"0.375": [12.5, 0, 0]
					}
				},
				"leftarm2": {
					"rotation": [0, 0, 0],
					"position": [0, 0, 0]
				}
			},
			"particle_effects": {
				"0.0625": [
					{
						"effect": "tokyu_juryoku2",
						"locator": "rightarm"
					},
					{
						"effect": "tokyu_juryoku2",
						"locator": "leftarm"
					}
				]
			}
		},
		"animation.tokyu_jurei.bob": {
			"loop": true,
			"animation_length": 1.5,
			"bones": {
				"head": {
					"rotation": {
						"0.0": [0, 0, 0],
						"0.75": [2.5, 0, 0],
						"1.5": [0, 0, 0]
					},
					"position": {
						"0.0": [0, 0, 0],
						"0.75": [0, -0.25, 0],
						"1.5": [0, 0, 0]
					}
				},
				"leftarm": {
					"rotation": {
						"0.0": [0, 0, 0],
						"0.75": [0, 0, -10],
						"1.5": [0, 0, 0]
					}
				},
				"rightarm": {
					"rotation": {
						"0.0": [0, 0, 0],
						"0.75": [0, 0, 10],
						"1.5": [0, 0, 0]
					}
				},
				"body": {
					"position": {
						"0.0": [0, 0, 0],
						"0.75": [0, -0.1, 0.1],
						"1.5": [0, 0, 0]
					}
				},
				"leftarm2": {
					"rotation": {
						"0.0": [0, 0, 0],
						"0.75": [0, 0, 10],
						"1.5": [0, 0, 0]
					}
				},
				"rightarm2": {
					"rotation": {
						"0.0": [0, 0, 0],
						"0.75": [0, 0, -10],
						"1.5": [0, 0, 0]
					}
				}
			}
		}
	}
}