{
	"format_version": "1.8.0",
	"animations": {
		"animation.yakobu_no_hashigo.spawn": {
			"loop": "hold_on_last_frame",
			"animation_length": 2,
			"bones": {
				"bone": {
					"scale": {
						"0.0": [0, 1, 0],
						"0.6": [2, 1, 2]
					}
				},
				"bone2": {
					"scale": {
						"0.5": [0, 1, 0],
						"1.0": [2, 1, 2]
					}
				},
				"bone5": {
					"rotation": [0, "(270*2*q.life_time)/3", 0],
					"scale": {
						"0.0": [0, 1, 0],
						"0.6": [2, 1, 2]
					}
				},
				"bone3": {
					"rotation": [0, "(-270*q.life_time)/3", 0],
					"scale": {
						"0.5": [0, 1, 0],
						"1.0": [2, 1, 2]
					}
				},
				"bone4": {
					"rotation": {
						"0.0": [0, "(270*q.life_time)/3", 0],
						"2.0": [0, "(270*q.life_time)/3", 0]
					},
					"scale": {
						"0.0": [0, 1, 0],
						"0.6": [2, 1, 2]
					}
				}
			}
		}
	}
}