{
  "format_version": "1.8.0",
  "minecraft:entity": {
    "description": {
      "identifier": "skibidi_toilet:little_camera_man",
      "is_spawnable": true,
      "is_summonable": true,
      "is_experimental": false,
      "runtime_identifier": "minecraft:wolf"
    },
    "components": {
      "minecraft:is_hidden_when_invisible": {},
      "minecraft:nameable": {
        "alwaysShow": true,
        "allowNameTagRenaming": true
      },
      "minecraft:type_family": {
        "family": [
          "player",
          "player",
          "camera",
          "camera_man",
          "cameraman",
          "player",
          "camera",
          "camera_man",
          "cameraman",
          "player",
          "player",
          "camera",
          "camera_man",
          "cameraman",
          "player",
          "camera",
          "camera_man",
          "cameraman"
        ]
      },
      "minecraft:collision_box": {
        "height": 1.0,
        "width": 0.5
      },
      "minecraft:movement.basic": {},
      "minecraft:navigation.walk": {
        "avoid_damage_blocks": true,
        "can_walk": true,
        "can_path_over_water": true,
        "can_pass_doors": true,
        "can_break_doors": true,
        "can_open_doors": true,
        "can_open_iron_doors": true
      },
      "minecraft:movement": {
        "value": 0.23
      },
      "minecraft:scale": {
        "value": 1.5
      },
      "minecraft:jump.static": {},
      "minecraft:can_climb": {},
      "minecraft:attack": {
        "damage": 3,
        "effect_name": "weakness",
        "effect_duration": 30
      },
      "minecraft:health": {
        "value": 16,
        "max": 16
      },
      "minecraft:behavior.nearest_attackable_target": {
        "priority": 2,
        "must_see": true,
        "reselect_targets": true,
        "within_radius": 5,
        "entity_types": [
          {
            "filters": {
              "any_of": [
                {
                  "test": "is_family",
                  "subject": "other",
                  "value": "illager"
                },
                {
                  "test": "is_family",
                  "subject": "other",
                  "value": "monster"
                },
                {
                  "test": "is_family",
                  "subject": "other",
                  "value": "undead"
                },
                {
                  "test": "is_family",
                  "subject": "other",
                  "value": "skibidi_toilet"
                },
                {
                  "test": "is_family",
                  "subject": "other",
                  "value": "skibiditoilet"
                },
                {
                  "test": "is_family",
                  "subject": "other",
                  "value": "toilet"
                },
                {
                  "test": "is_family",
                  "subject": "other",
                  "value": "ghast"
                }
              ]
            },
            "max_dist": 15.0,
            "must_see": true
          }
        ],
        "must_reach": true
      },
      "minecraft:sittable": {},
      "minecraft:behavior.stay_while_sitting": {
        "priority": 5
      },
      "minecraft:behavior.melee_attack": {
        "priority": 3,
        "track_target": true,
        "reach_multiplier": 1,
        "speed_multiplier": 1.23
      },
      "minecraft:behavior.random_stroll": {
        "priority": 7,
        "speed_multiplier": 1
      },
      "minecraft:behavior.look_at_player": {
        "priority": 8,
        "look_distance": 6,
        "probability": 0.02
      },
      "minecraft:behavior.random_look_around": {
        "priority": 9
      },
      "minecraft:behavior.hurt_by_target": {
        "priority": 3
      },
      "minecraft:physics": {},
      "minecraft:pushable": {
        "is_pushable": true,
        "is_pushable_by_piston": true
      },
      "minecraft:behavior.float": {
        "priority": 1
      },
      "minecraft:annotation.open_door": {},
      "minecraft:damage_sensor": {
        "triggers": [
          {
            "deals_damage": false,
            "on_damage": {
              "filters": {
                "all_of": [
                  {
                    "test": "has_damage",
                    "value": "entity_explosion"
                  }
                ]
              }
            }
          },
          {
            "deals_damage": true,
            "on_damage": {
              "filters": {
                "all_of": [
                  {
                    "test": "has_damage",
                    "value": "player"
                  }
                ]
              }
            }
          }
        ]
      },
      "minecraft:behavior.move_indoors": {
        "priority": 4,
        "speed_multiplier": 0.8
      },
      "minecraft:behavior.restrict_open_door": {
        "priority": 5
      },
      "minecraft:behavior.open_door": {
        "priority": 6,
        "close_door_after": true
      },
      "minecraft:experience_reward": {
        "on_death": "query.last_hit_by_player ? 10 : 0"
      },
      "minecraft:underwater_movement": {
        "value": 0.02
      },
      "minecraft:behavior.owner_hurt_by_target": {
        "priority": 1
      },
      "minecraft:behavior.owner_hurt_target": {
        "priority": 2
      },
      "minecraft:equip_item": {},
      "minecraft:tameable": {
        "probability": 0.13,
        "tameItems": [
          "cookie"
        ],
        "tame_event": {
          "event": "minecraft:on_tame",
          "target": "self"
        },
        "minecraft:sittable": {},
        "minecraft:behavior.stay_while_sitting": {
          "priority": 7
        }
      },
      "minecraft:behavior.follow_owner": {
        "start_distance": 10,
        "speed_multiplier": 1,
        "stop_distance": 2,
        "priority": 6
      },
      "minecraft:follow_range": {
        "value": 20,
        "max": 20
      },
      "minecraft:healable": {
        "items": [
          {
            "item": "golden_apple",
            "heal_amount": 8
          },
          {
            "item": "cooked_chicken",
            "heal_amount": 6
          }
        ]
      }
    },
    "events": {
      "spawn": {
        "run_command": {
          "command": []
        }
      },
      "minecraft:wild": {
        "remove": {
          "component_groups": [
            "wild"
          ]
        }
      },
      "minecraft:on_tame": {
        "remove": {
          "component_groups": [
            "tame"
          ]
        },
        "add": {
          "component_groups": [
            "tame"
          ]
        }
      },
      "event": {
        "run_command": {
          "command": []
        }
      },
      "on:death": {
        "run_command": {
          "command": []
        }
      },
      "on:hurt": {
        "run_command": {
          "command": []
        }
      },
      "on:hurt_by_player": {
        "run_command": {
          "command": []
        }
      },
      "on:ignite": {
        "run_command": {
          "command": []
        }
      },
      "on:target_acquired": {
        "run_command": {
          "command": []
        }
      },
      "on:target_escape": {
        "run_command": {
          "command": []
        }
      },
      "on:wake_with_owner": {
        "run_command": {
          "command": []
        }
      },
      "on:tick_action": {
        "run_command": {
          "command": []
        }
      }
    },
    "component_groups": {}
  }
}