{
  "format_version": "1.8.0",
  "minecraft:entity": {
    "description": {
      "identifier": "skibidi_toilet:camera_turret",
      "is_spawnable": true,
      "is_summonable": true,
      "is_experimental": false
    },
    "component_groups": {},
    "components": {
      "minecraft:is_hidden_when_invisible": {},
      "minecraft:nameable": {
        "alwaysShow": true,
        "allowNameTagRenaming": true
      },
      "minecraft:type_family": {
        "family": [
          "player",
          "camera_man",
          "cameraman",
          "camera",
          "player",
          "camera_man",
          "cameraman",
          "camera",
          "player",
          "camera_man",
          "cameraman",
          "camera",
          "player",
          "camera_man",
          "cameraman",
          "camera",
          "player",
          "camera_man",
          "cameraman",
          "camera",
          "player",
          "camera_man",
          "cameraman",
          "camera",
          "player",
          "camera_man",
          "cameraman",
          "camera",
          "player",
          "camera_man",
          "cameraman",
          "camera",
          "player",
          "camera_man",
          "cameraman",
          "camera",
          "player",
          "camera_man",
          "cameraman",
          "camera",
          "player",
          "camera_man",
          "cameraman",
          "camera",
          "player",
          "camera_man",
          "cameraman",
          "camera",
          "player",
          "camera_man",
          "cameraman",
          "camera",
          "player",
          "camera_man",
          "cameraman",
          "camera",
          "player",
          "camera_man",
          "cameraman",
          "camera",
          "player",
          "camera_man",
          "cameraman",
          "camera",
          "player",
          "camera_man",
          "cameraman",
          "camera",
          "player",
          "camera_man",
          "cameraman",
          "camera",
          "player",
          "camera_man",
          "cameraman",
          "camera",
          "player",
          "camera_man",
          "cameraman",
          "camera",
          "player",
          "camera_man",
          "cameraman",
          "camera"
        ]
      },
      "minecraft:collision_box": {
        "height": 2.0,
        "width": 0.8
      },
      "minecraft:movement.basic": {},
      "minecraft:navigation.walk": {
        "avoid_damage_blocks": true,
        "can_walk": true,
        "avoid_water": false
      },
      "minecraft:movement": {
        "value": 0
      },
      "minecraft:scale": {
        "value": 1.5
      },
      "minecraft:jump.static": {},
      "minecraft:can_climb": {},
      "minecraft:health": {
        "value": 780,
        "max": 780
      },
      "minecraft:follow_range": {
        "value": 330,
        "max": 500
      },
      "minecraft:behavior.random_stroll": {
        "priority": 7,
        "speed_multiplier": 1
      },
      "minecraft:behavior.look_at_player": {
        "priority": 8,
        "look_distance": 6,
        "probability": 0.06
      },
      "minecraft:damage_sensor": {
        "triggers": [
          {
            "deals_damage": false,
            "on_damage": {
              "filters": {
                "all_of": [
                  {
                    "test": "has_damage",
                    "value": "entity_explosion"
                  }
                ]
              }
            }
          },
          {
            "deals_damage": false,
            "on_damage": {
              "filters": {
                "all_of": [
                  {
                    "test": "has_damage",
                    "value": "projectile"
                  }
                ]
              }
            }
          },
          {
            "deals_damage": true,
            "on_damage": {
              "filters": {
                "all_of": [
                  {
                    "test": "has_damage",
                    "value": "player"
                  }
                ]
              }
            }
          }
        ]
      },
      "minecraft:behavior.random_look_around": {
        "priority": 9
      },
      "minecraft:behavior.hurt_by_target": {
        "priority": 3
      },
      "minecraft:knockback_resistance": {
        "value": 9999.0,
        "max": 9999.0
      },
      "minecraft:physics": {},
      "minecraft:pushable": {
        "is_pushable": false,
        "is_pushable_by_piston": false
      },
      "minecraft:experience_reward": {
        "on_death": "query.last_hit_by_player ? 10 : 0"
      },
      "minecraft:underwater_movement": {
        "value": 0.02
      },
      "minecraft:behavior.owner_hurt_by_target": {
        "priority": 1
      },
      "minecraft:behavior.owner_hurt_target": {
        "priority": 2
      },
      "minecraft:equip_item": {},
      "minecraft:behavior.ranged_attack": {
        "priority": 2,
        "charge_charged_trigger": 0.5,
        "charge_shoot_trigger": 0.5,
        "attack_radius": 510,
        "burst_shots": 4000,
        "burst_interval": 0.06
      },
      "minecraft:shooter": {
        "type": "laser1",
        "def": "skibidi_toilet:laser1"
      },
      "minecraft:behavior.nearest_attackable_target": {
        "priority": 3,
        "within_radius": 155,
        "must_reach": true,
        "entity_types": [
          {
            "filters": {
              "any_of": [
                {
                  "test": "is_family",
                  "subject": "other",
                  "value": "illager"
                },
                {
                  "test": "is_family",
                  "subject": "other",
                  "value": "toilet"
                },
                {
                  "test": "is_family",
                  "subject": "other",
                  "value": "skibidi_toilet"
                },
                {
                  "test": "is_family",
                  "subject": "other",
                  "value": "skibiditoilet"
                },
                {
                  "test": "is_family",
                  "subject": "other",
                  "value": "monster"
                },
                {
                  "test": "is_family",
                  "subject": "other",
                  "value": "undead"
                }
              ]
            },
            "max_dist": 155.0,
            "must_see": true
          }
        ],
        "must_see": true
      },
      "minecraft:attack": {
        "damage": 31
      },
      "minecraft:equipment": {
        "table": "loot_tables/entities/skibidi_toilet_camera_turret_equipment.json"
      }
    },
    "events": {
      "minecraft:entity_spawned": {},
      "on:death": {
        "run_command": {
          "command": []
        }
      },
      "on:hurt": {
        "run_command": {
          "command": []
        }
      },
      "on:hurt_by_player": {
        "run_command": {
          "command": []
        }
      },
      "on:ignite": {
        "run_command": {
          "command": []
        }
      },
      "on:target_acquired": {
        "run_command": {
          "command": []
        }
      },
      "on:target_escape": {
        "run_command": {
          "command": []
        }
      },
      "on:wake_with_owner": {
        "run_command": {
          "command": []
        }
      },
      "on:tick_action": {
        "run_command": {
          "command": []
        }
      }
    }
  }
}