{
  "format_version": "1.19.50",
  "minecraft:entity": {
    "description": {
      "identifier": "skibidi_toilet:speaker_copter",
      "is_spawnable": true,
      "is_summonable": true,
      "is_experimental": false,
      "runtime_identifier": "minecraft:ravager"
    },
    "component_groups": {
      "knockback_attack": {
        "minecraft:behavior.knockback_roar": {
          "priority": 3,
          "attack_time": 3,
          "cooldown_time": 0.01,
          "duration": 1.7,
          "knockback_damage": 88,
          "knockback_horizontal_strength": 4,
          "knockback_vertical_strength": 4,
          "knockback_range": 34,
          "knockback_filters": {
            "all_of": [
              {
                "test": "is_family",
                "subject": "other",
                "operator": "!=",
                "value": "monster"
              },
              {
                "test": "is_family",
                "subject": "other",
                "operator": "!=",
                "value": "Skibidi_Toilet"
              }
            ]
          },
          "damage_filters": {
            "all_of": [
              {
                "test": "is_family",
                "subject": "other",
                "operator": "!=",
                "value": "monster"
              },
              {
                "test": "is_family",
                "subject": "other",
                "operator": "!=",
                "value": "Skibidi_Toilet"
              },
              {
                "test": "is_family",
                "subject": "other",
                "operator": "!=",
                "value": "SkibidiToilet"
              }
            ]
          },
          "knockback_height_cap": 0.8
        },
        "minecraft:timer": {
          "looping": true,
          "time": 1.7,
          "time_down_event": {
            "target": "self",
            "event": "remove_attack"
          }
        }
      }
    },
    "components": {
      "minecraft:is_hidden_when_invisible": {},
      "minecraft:type_family": {
        "family": [
          "player",
          "speakerman",
          "speaker_man",
          "player",
          "speakerman",
          "speaker_man",
          "player",
          "speakerman",
          "speaker_man",
          "player",
          "speakerman",
          "speaker_man"
        ]
      },
      "minecraft:collision_box": {
        "height": 2.0,
        "width": 1.2
      },
      "minecraft:health": {
        "value": 344,
        "max": 344
      },
      "minecraft:movement": {
        "value": 0.38
      },
      "minecraft:navigation.walk": {
        "avoid_damage_blocks": true,
        "is_amphibious": true
      },
      "minecraft:movement.basic": {},
      "minecraft:jump.static": {},
      "minecraft:can_climb": {},
      "minecraft:attack": {
        "damage": 18.9
      },
      "minecraft:leashable": {
        "soft_distance": 4,
        "hard_distance": 6,
        "max_distance": 10
      },
      "minecraft:behavior.melee_attack": {
        "priority": 1,
        "track_target": true,
        "cooldown_time": 0.5,
        "speed_multiplier": 1.3,
        "reach_multiplier": 2.5,
        "on_attack": {
          "event": "knockback_attack",
          "target": "self"
        },
        "on_kill": {
          "event": "knockback_attack",
          "target": "self"
        }
      },
      "minecraft:behavior.random_stroll": {
        "priority": 6,
        "speed_multiplier": 0.6,
        "xz_dist": 32
      },
      "minecraft:behavior.look_at_player": {
        "priority": 7,
        "look_distance": 6,
        "probability": 0.02
      },
      "minecraft:behavior.random_look_around": {
        "priority": 8
      },
      "minecraft:persistent": {},
      "minecraft:physics": {},
      "minecraft:pushable": {
        "is_pushable": true,
        "is_pushable_by_piston": true
      },
      "minecraft:follow_range": {
        "value": 64
      },
      "minecraft:conditional_bandwidth_optimization": {},
      "minecraft:behavior.nearest_attackable_target": {
        "priority": 2,
        "must_see": true,
        "reselect_targets": true,
        "within_radius": 32,
        "entity_types": [
          {
            "filters": {
              "any_of": [
                {
                  "test": "is_family",
                  "subject": "other",
                  "value": "illager"
                },
                {
                  "test": "is_family",
                  "subject": "other",
                  "value": "monster"
                },
                {
                  "test": "is_family",
                  "subject": "other",
                  "value": "undead"
                },
                {
                  "test": "is_family",
                  "subject": "other",
                  "value": "skibidi_toilet"
                },
                {
                  "test": "is_family",
                  "subject": "other",
                  "value": "skibiditoilet"
                },
                {
                  "test": "is_family",
                  "subject": "other",
                  "value": "toilet"
                },
                {
                  "test": "is_family",
                  "subject": "other",
                  "value": "ghast"
                }
              ]
            },
            "max_dist": 40.0,
            "must_see": true
          },
          {
            "filters": {
              "all_of": [
                {
                  "test": "is_family",
                  "subject": "other",
                  "value": "not"
                },
                {
                  "test": "is_difficulty",
                  "operator": "!=",
                  "value": "peaceful"
                }
              ]
            },
            "max_dist": 25
          },
          {
            "filters": {
              "test": "is_family",
              "subject": "other",
              "value": "monster"
            },
            "max_dist": 50
          }
        ],
        "must_reach": true
      },
      "minecraft:behavior.hurt_by_target": {
        "priority": 3
      },
      "minecraft:experience_reward": {
        "on_death": "query.last_hit_by_player ? 15 : 0",
        "on_bred": 9
      },
      "minecraft:underwater_movement": {
        "value": 0.02
      },
      "minecraft:scale": {
        "value": 3
      },
      "minecraft:behavior.owner_hurt_by_target": {
        "priority": 1
      },
      "minecraft:behavior.owner_hurt_target": {
        "priority": 2
      },
      "minecraft:loot": {
        "table": "loot_tables/entities/spider_speaker.json"
      },
      "minecraft:damage_sensor": {
        "triggers": [
          {
            "deals_damage": false,
            "on_damage": {
              "filters": {
                "all_of": [
                  {
                    "test": "has_damage",
                    "value": "entity_explosion"
                  }
                ]
              }
            }
          },
          {
            "deals_damage": false,
            "on_damage": {
              "filters": {
                "all_of": [
                  {
                    "test": "has_damage",
                    "value": "fatal"
                  }
                ]
              }
            }
          },
          {
            "deals_damage": false,
            "on_damage": {
              "filters": {
                "all_of": [
                  {
                    "test": "has_damage",
                    "value": "fall"
                  }
                ]
              }
            }
          },
          {
            "deals_damage": true,
            "on_damage": {
              "filters": {
                "all_of": [
                  {
                    "test": "has_damage",
                    "value": "player"
                  }
                ]
              }
            }
          }
        ]
      },
      "minecraft:behavior.float": {
        "priority": 2,
        "speed_multiplier": 1
      },
      "minecraft:nameable": {
        "alwaysShow": true,
        "allowNameTagRenaming": true
      },
      "minecraft:knockback_resistance": {
        "value": 0.6,
        "max": 0.6
      }
    },
    "events": {
      "knockback_attack": {
        "add": {
          "component_groups": [
            "knockback_attack"
          ]
        }
      },
      "remove_attack": {
        "remove": {
          "component_groups": [
            "knockback_attack"
          ]
        }
      },
      "attack": {
        "remove": {
          "component_groups": [
            "attack",
            "roaring"
          ]
        }
      },
      "roaring": {
        "add": {
          "component_groups": [
            "roaring"
          ]
        },
        "remove": {
          "component_groups": [
            "end_roaring"
          ]
        }
      },
      "on:death": {
        "run_command": {
          "command": []
        }
      },
      "on:hurt": {
        "run_command": {
          "command": []
        }
      },
      "on:hurt_by_player": {
        "run_command": {
          "command": []
        }
      },
      "on:ignite": {
        "run_command": {
          "command": []
        }
      },
      "on:target_acquired": {
        "run_command": {
          "command": []
        }
      },
      "on:target_escape": {
        "run_command": {
          "command": []
        }
      },
      "on:wake_with_owner": {
        "run_command": {
          "command": []
        }
      },
      "on:tick_action": {
        "run_command": {
          "command": []
        }
      }
    }
  }
}