{
  "format_version": "1.16.0",
  "minecraft:entity": {
    "description": {
      "identifier": "skibidi_toilet:giant_crawler_toilet",
      "is_spawnable": true,
      "is_summonable": true,
      "is_experimental": false,
      "runtime_identifier": "minecraft:wither_skeleton"
    },
    "components": {
      "minecraft:experience_reward": {
        "on_death": "query.last_hit_by_player ? 35 + (query.equipment_count * Math.Random(1,3)) : 0"
      },
      "minecraft:health": {
        "value": 46000,
        "max": 46000
      },
      "minecraft:equip_item": {},
      "minecraft:collision_box": {
        "height": 4.0,
        "width": 0.8
      },
      "minecraft:attack": {
        "damage": 755,
        "effect_name": "wither",
        "effect_duration": 30
      },
      "minecraft:movement": {
        "value": 0.31
      },
      "minecraft:navigation.climb": {
        "is_amphibious": true,
        "avoid_damage_blocks": true
      },
      "minecraft:movement.basic": {},
      "minecraft:jump.static": {},
      "minecraft:can_climb": {},
      "minecraft:scale": {
        "value": 5.1
      },
      "minecraft:despawn": {
        "despawn_from_distance": {}
      },
      "minecraft:behavior.hurt_by_target": {
        "priority": 3
      },
      "minecraft:behavior.nearest_attackable_target": {
        "priority": 2,
        "reselect_targets": true,
        "must_see": true,
        "entity_types": [
          {
            "filters": {
              "any_of": [
                {
                  "test": "is_family",
                  "subject": "other",
                  "value": "big_speaker_man"
                },
                {
                  "test": "is_family",
                  "subject": "other",
                  "value": "speakerman"
                },
                {
                  "test": "is_family",
                  "subject": "other",
                  "value": "big_camera"
                },
                {
                  "test": "is_family",
                  "subject": "other",
                  "value": "camera"
                },
                {
                  "test": "is_family",
                  "subject": "other",
                  "value": "tv_man"
                },
                {
                  "test": "is_family",
                  "subject": "other",
                  "value": "big_tv_man"
                },
                {
                  "test": "is_family",
                  "subject": "other",
                  "value": "speaker_man"
                },
                {
                  "test": "is_family",
                  "subject": "other",
                  "value": "Titan_speaker_man"
                },
                {
                  "test": "is_family",
                  "subject": "other",
                  "value": "Titan_cameraman"
                },
                {
                  "test": "is_family",
                  "subject": "other",
                  "value": "Titan_tv_man"
                },
                {
                  "test": "is_family",
                  "subject": "other",
                  "value": "big_cameraman"
                },
                {
                  "test": "is_family",
                  "subject": "other",
                  "value": "camera_man"
                },
                {
                  "test": "is_family",
                  "subject": "other",
                  "value": "cameraman"
                }
              ]
            },
            "max_dist": 900.0,
            "must_see": true
          },
          {
            "filters": {
              "test": "is_family",
              "subject": "other",
              "value": "irongolem"
            },
            "max_dist": 706
          },
          {
            "filters": {
              "all_of": [
                {
                  "test": "is_family",
                  "subject": "other",
                  "value": "player"
                },
                {
                  "test": "in_water",
                  "subject": "other",
                  "operator": "!=",
                  "value": true
                }
              ]
            },
            "max_dist": 700
          }
        ],
        "within_radius": 800,
        "must_reach": true
      },
      "minecraft:behavior.mount_pathing": {
        "priority": 5,
        "speed_multiplier": 1.25,
        "target_dist": 0,
        "track_target": true
      },
      "minecraft:behavior.melee_attack": {
        "priority": 4,
        "track_target": true,
        "reach_multiplier": 3,
        "speed_multiplier": 1.6
      },
      "minecraft:behavior.random_stroll": {
        "priority": 6,
        "speed_multiplier": 1
      },
      "minecraft:behavior.look_at_player": {
        "priority": 7,
        "look_distance": 8
      },
      "minecraft:behavior.random_look_around": {
        "priority": 8
      },
      "minecraft:type_family": {
        "family": [
          "monster",
          "toilet",
          "skibidi_toilet",
          "skibiditoilet",
          "monster",
          "toilet",
          "skibidi_toilet",
          "skibiditoilet",
          "monster",
          "toilet",
          "skibidi_toilet",
          "skibiditoilet",
          "monster",
          "toilet",
          "skibidi_toilet",
          "skibiditoilet",
          "monster",
          "toilet",
          "skibidi_toilet",
          "skibiditoilet",
          "monster",
          "toilet",
          "skibidi_toilet",
          "skibiditoilet",
          "monster",
          "toilet",
          "skibidi_toilet",
          "skibiditoilet",
          "monster",
          "toilet",
          "skibidi_toilet",
          "skibiditoilet",
          "monster",
          "toilet",
          "skibidi_toilet",
          "skibiditoilet",
          "monster",
          "toilet",
          "skibidi_toilet",
          "skibiditoilet",
          "monster",
          "toilet",
          "skibidi_toilet",
          "skibiditoilet",
          "monster",
          "toilet",
          "skibidi_toilet",
          "skibiditoilet",
          "monster",
          "toilet",
          "skibidi_toilet",
          "skibiditoilet",
          "monster",
          "toilet",
          "skibidi_toilet",
          "skibiditoilet",
          "monster",
          "toilet",
          "skibidi_toilet",
          "skibiditoilet",
          "monster",
          "toilet",
          "skibidi_toilet",
          "skibiditoilet",
          "monster",
          "toilet",
          "skibidi_toilet",
          "skibiditoilet",
          "monster",
          "toilet",
          "skibidi_toilet",
          "skibiditoilet",
          "monster",
          "toilet",
          "skibidi_toilet",
          "skibiditoilet",
          "monster",
          "toilet",
          "skibidi_toilet",
          "skibiditoilet",
          "monster",
          "toilet",
          "skibidi_toilet",
          "skibiditoilet",
          "monster",
          "toilet",
          "skibidi_toilet",
          "skibiditoilet",
          "monster",
          "toilet",
          "skibidi_toilet",
          "skibiditoilet",
          "monster",
          "toilet",
          "skibidi_toilet",
          "skibiditoilet",
          "monster",
          "toilet",
          "skibidi_toilet",
          "skibiditoilet",
          "monster",
          "toilet",
          "skibidi_toilet",
          "skibiditoilet",
          "monster",
          "toilet",
          "skibidi_toilet",
          "skibiditoilet",
          "monster",
          "toilet",
          "skibidi_toilet",
          "skibiditoilet",
          "monster",
          "toilet",
          "skibidi_toilet",
          "skibiditoilet",
          "monster",
          "toilet",
          "skibidi_toilet",
          "skibiditoilet",
          "monster",
          "toilet",
          "skibidi_toilet",
          "skibiditoilet",
          "monster",
          "toilet",
          "skibidi_toilet",
          "skibiditoilet"
        ]
      },
      "minecraft:physics": {},
      "minecraft:pushable": {
        "is_pushable": true,
        "is_pushable_by_piston": true
      },
      "minecraft:underwater_movement": {
        "value": 0.02
      },
      "minecraft:behavior.owner_hurt_by_target": {
        "priority": 1
      },
      "minecraft:behavior.owner_hurt_target": {
        "priority": 2
      },
      "minecraft:behavior.float": {
        "priority": 2,
        "speed_multiplier": 1.9
      },
      "minecraft:boss": {
        "should_darken_sky": true,
        "hud_range": 125,
        "name": "§7Giant §8Crawler §0toilet"
      },
      "minecraft:annotation.break_door": {
        "break_time": 0.0,
        "min_difficulty": "all"
      },
      "minecraft:loot": {
        "table": "loot_tables/entities/skibidi_toilet_giant_crawler_toilet.json"
      },
      "minecraft:equipment": {
        "table": "loot_tables/entities/skibidi_toilet_giant_crawler_toilet_equipment.json"
      }
    },
    "events": {
      "minecraft:entity_spawned": {},
      "on:death": {
        "run_command": {
          "command": []
        }
      },
      "on:hurt": {
        "run_command": {
          "command": []
        }
      },
      "on:hurt_by_player": {
        "run_command": {
          "command": []
        }
      },
      "on:ignite": {
        "run_command": {
          "command": []
        }
      },
      "on:target_acquired": {
        "run_command": {
          "command": []
        }
      },
      "on:target_escape": {
        "run_command": {
          "command": []
        }
      },
      "on:wake_with_owner": {
        "run_command": {
          "command": []
        }
      },
      "on:tick_action": {
        "run_command": {
          "command": []
        }
      }
    },
    "component_groups": {}
  }
}