{
  "format_version": "1.8.0",
  "minecraft:entity": {
    "description": {
      "identifier": "skibidi_toilet:double_buzz_saw_arm_toilet_man",
      "is_spawnable": true,
      "is_summonable": true,
      "is_experimental": false,
      "runtime_identifier": "pa:villager_with_player_model"
    },
    "components": {
      "minecraft:nameable": {
        "alwaysShow": true,
        "allowNameTagRenaming": true
      },
      "minecraft:breathable": {
        "totalSupply": 15,
        "suffocateTime": 0,
        "breathesWater": true
      },
      "minecraft:health": {
        "value": 398,
        "max": 398
      },
      "minecraft:collision_box": {
        "height": 1.4,
        "width": 2.3
      },
      "minecraft:attack": {
        "damage": 50,
        "effect_name": "weakness",
        "effect_duration": 30
      },
      "minecraft:movement": {
        "value": 0.36
      },
      "minecraft:navigation.walk": {
        "can_over_water": true,
        "can_jump": true,
        "avoid_water": true
      },
      "minecraft:movement.basic": {},
      "minecraft:jump.static": {},
      "minecraft:can_climb": {},
      "minecraft:scale": {
        "value": 1.7
      },
      "minecraft:fire_immune": true,
      "minecraft:behavior.hurt_by_target": {
        "priority": 3
      },
      "minecraft:behavior.nearest_attackable_target": {
        "priority": 2,
        "reselect_targets": true,
        "entity_types": [
          {
            "filters": {
              "any_of": [
                {
                  "test": "is_family",
                  "subject": "other",
                  "value": "player"
                },
                {
                  "test": "is_family",
                  "subject": "other",
                  "value": "speakerman"
                },
                {
                  "test": "is_family",
                  "subject": "other",
                  "value": "big_camera"
                },
                {
                  "test": "is_family",
                  "subject": "other",
                  "value": "camera"
                },
                {
                  "test": "is_family",
                  "subject": "other",
                  "value": "tv_man"
                },
                {
                  "test": "is_family",
                  "subject": "other",
                  "value": "big_tv_man"
                },
                {
                  "test": "is_family",
                  "subject": "other",
                  "value": "speaker_man"
                },
                {
                  "test": "is_family",
                  "subject": "other",
                  "value": "Titan_speaker_man"
                },
                {
                  "test": "is_family",
                  "subject": "other",
                  "value": "Titan_cameraman"
                },
                {
                  "test": "is_family",
                  "subject": "other",
                  "value": "Titan_tv_man"
                },
                {
                  "test": "is_family",
                  "subject": "other",
                  "value": "big_cameraman"
                },
                {
                  "test": "is_family",
                  "subject": "other",
                  "value": "camera_man"
                },
                {
                  "test": "is_family",
                  "subject": "other",
                  "value": "cameraman"
                },
                {
                  "test": "is_family",
                  "subject": "other",
                  "value": "irongolem"
                },
                {
                  "test": "is_family",
                  "subject": "other",
                  "value": "snowgolem"
                },
                {
                  "test": "is_family",
                  "subject": "other",
                  "value": "villager"
                }
              ]
            },
            "max_dist": 42.0,
            "must_see": true
          },
          {
            "filters": {
              "test": "is_family",
              "subject": "other",
              "value": "irongolem"
            },
            "max_dist": 60
          },
          {
            "filters": {
              "all_of": [
                {
                  "test": "is_family",
                  "subject": "other",
                  "value": "player"
                },
                {
                  "test": "in_water",
                  "subject": "other",
                  "operator": "!=",
                  "value": true
                }
              ]
            },
            "max_dist": 60
          }
        ],
        "must_see": true,
        "within_radius": 135,
        "must_reach": true
      },
      "minecraft:behavior.melee_attack": {
        "priority": 4,
        "target_dist": 71,
        "speed_multiplier": 1.85,
        "track_target": true
      },
      "minecraft:behavior.move_to_target": {
        "priority": 3,
        "speed_multiplier": 2.7,
        "within_radius": 43
      },
      "minecraft:behavior.random_stroll": {
        "priority": 5,
        "speed_multiplier": 1
      },
      "minecraft:behavior.look_at_player": {
        "priority": 6,
        "look_distance": 8
      },
      "minecraft:behavior.random_look_around": {
        "priority": 6
      },
      "minecraft:type_family": {
        "family": [
          "monster",
          "Skibidi_Toilet",
          "skibidi_toilet",
          "skibiditoilet",
          "monster",
          "Skibidi_Toilet",
          "skibidi_toilet",
          "skibiditoilet"
        ]
      },
      "minecraft:physics": {},
      "minecraft:experience_reward": {
        "on_death": "query.last_hit_by_player ? 58 : 0"
      },
      "minecraft:underwater_movement": {
        "value": 0.02
      },
      "minecraft:behavior.hurt_nearest_attackable_target": {
        "priority": 6
      },
      "minecraft:behavior.owner_hurt_target": {
        "priority": 2
      },
      "minecraft:behavior.attack_mob_type": {
        "priority": 3,
        "entity_types": [
          {
            "filters": {
              "other_with_families": [
                "player"
              ]
            },
            "max_dist": 76,
            "walk_speed_multiplier": 1,
            "sprint_speed_multiplier": 1.2
          }
        ],
        "max_dist": 76,
        "walk_speed_multiplier": 1,
        "sprint_speed_multiplier": 1.2,
        "sneak_speed_multiplier": 1
      },
      "minecraft:behavior.float": {
        "priority": 2,
        "speed_multiplier": 1.8
      },
      "minecraft:behavior.owner_hurt_by_target": {
        "priority": 1
      },
      "minecraft:equip_item": {},
      "minecraft:loot": {
        "table": "loot_tables/entities/skibidi_toilet_double_buzz_saw_arm_toilet_man.json"
      },
      "minecraft:equipment": {
        "table": "loot_tables/entities/skibidi_toilet_double_buzz_saw_arm_toilet_man_equipment.json"
      }
    },
    "events": {
      "angry": {
        "add": {
          "component_groups": [
            "angry"
          ]
        }
      },
      "move": {
        "add": {
          "component_groups": [
            "move"
          ]
        }
      },
      "on:death": {
        "run_command": {
          "command": []
        }
      },
      "on:hurt": {
        "run_command": {
          "command": []
        }
      },
      "on:hurt_by_player": {
        "run_command": {
          "command": []
        }
      },
      "on:ignite": {
        "run_command": {
          "command": []
        }
      },
      "on:target_acquired": {
        "run_command": {
          "command": []
        }
      },
      "on:target_escape": {
        "run_command": {
          "command": []
        }
      },
      "on:wake_with_owner": {
        "run_command": {
          "command": []
        }
      },
      "on:tick_action": {
        "run_command": {
          "command": []
        }
      }
    },
    "component_groups": {}
  }
}