{
  "format_version": "1.8.0",
  "minecraft:entity": {
    "description": {
      "identifier": "skibidi_toilet:double_light_tank_toilet",
      "is_spawnable": true,
      "is_summonable": true,
      "is_experimental": false,
      "runtime_identifier": "minecraft:ravager"
    },
    "component_groups": {
      "minecraft:melee_mode": {
        "minecraft:behavior.nearest_attackable_target": {
          "priority": 2,
          "must_see": true,
          "reselect_targets": true,
          "within_radius": 66,
          "must_see_forget_duration": 15,
          "entity_types": [
            {
              "filters": {
                "any_of": [
                  {
                    "test": "is_family",
                    "subject": "other",
                    "value": "player"
                  },
                  {
                    "test": "is_family",
                    "subject": "other",
                    "value": "irongolem"
                  },
                  {
                    "test": "is_family",
                    "subject": "other",
                    "value": "toiletskibidis"
                  },
                  {
                    "test": "is_family",
                    "subject": "other",
                    "value": "big_speaker_man"
                  },
                  {
                    "test": "is_family",
                    "subject": "other",
                    "value": "speakerman"
                  },
                  {
                    "test": "is_family",
                    "subject": "other",
                    "value": "big_camera"
                  },
                  {
                    "test": "is_family",
                    "subject": "other",
                    "value": "camera"
                  },
                  {
                    "test": "is_family",
                    "subject": "other",
                    "value": "tv_man"
                  },
                  {
                    "test": "is_family",
                    "subject": "other",
                    "value": "big_tv_man"
                  },
                  {
                    "test": "is_family",
                    "subject": "other",
                    "value": "speaker_man"
                  },
                  {
                    "test": "is_family",
                    "subject": "other",
                    "value": "Titan_speaker_man"
                  },
                  {
                    "test": "is_family",
                    "subject": "other",
                    "value": "Titan_cameraman"
                  },
                  {
                    "test": "is_family",
                    "subject": "other",
                    "value": "Titan_tv_man"
                  },
                  {
                    "test": "is_family",
                    "subject": "other",
                    "value": "big_cameraman"
                  },
                  {
                    "test": "is_family",
                    "subject": "other",
                    "value": "camera_man"
                  },
                  {
                    "test": "is_family",
                    "subject": "other",
                    "value": "cameraman"
                  },
                  {
                    "test": "is_family",
                    "subject": "other",
                    "value": "snowgolem"
                  }
                ]
              },
              "max_dist": 66.0,
              "must_see": true
            }
          ],
          "must_reach": true
        },
        "minecraft:behavior.melee_attack": {
          "priority": 3,
          "track_target": true,
          "speed_multiplier": 1.25,
          "on_attack": {
            "event": "minecraft:start_melee_mode",
            "target": "self"
          }
        },
        "minecraft:variant": {
          "value": 0
        }
      },
      "minecraft:roar": {
        "minecraft:behavior.nearest_attackable_target": {
          "priority": 2,
          "must_see": true,
          "reselect_targets": true,
          "within_radius": 66,
          "must_see_forget_duration": 15,
          "entity_types": [
            {
              "filters": {
                "any_of": [
                  {
                    "test": "is_family",
                    "subject": "other",
                    "value": "player"
                  },
                  {
                    "test": "is_family",
                    "subject": "other",
                    "value": "irongolem"
                  },
                  {
                    "test": "is_family",
                    "subject": "other",
                    "value": "toiletskibidis"
                  },
                  {
                    "test": "is_family",
                    "subject": "other",
                    "value": "big_speaker_man"
                  },
                  {
                    "test": "is_family",
                    "subject": "other",
                    "value": "speakerman"
                  },
                  {
                    "test": "is_family",
                    "subject": "other",
                    "value": "big_camera"
                  },
                  {
                    "test": "is_family",
                    "subject": "other",
                    "value": "camera"
                  },
                  {
                    "test": "is_family",
                    "subject": "other",
                    "value": "tv_man"
                  },
                  {
                    "test": "is_family",
                    "subject": "other",
                    "value": "big_tv_man"
                  },
                  {
                    "test": "is_family",
                    "subject": "other",
                    "value": "speaker_man"
                  },
                  {
                    "test": "is_family",
                    "subject": "other",
                    "value": "Titan_speaker_man"
                  },
                  {
                    "test": "is_family",
                    "subject": "other",
                    "value": "Titan_cameraman"
                  },
                  {
                    "test": "is_family",
                    "subject": "other",
                    "value": "Titan_tv_man"
                  },
                  {
                    "test": "is_family",
                    "subject": "other",
                    "value": "big_cameraman"
                  },
                  {
                    "test": "is_family",
                    "subject": "other",
                    "value": "camera_man"
                  },
                  {
                    "test": "is_family",
                    "subject": "other",
                    "value": "cameraman"
                  },
                  {
                    "test": "is_family",
                    "subject": "other",
                    "value": "snowgolem"
                  }
                ]
              },
              "max_dist": 66.0,
              "must_see": true
            }
          ],
          "must_reach": true
        },
        "minecraft:behavior.knockback_roar": {
          "priority": 1,
          "duration": 1.4,
          "attack_time": 0.8,
          "cooldown_time": 4,
          "knockback_damage": 33,
          "knockback_horizontal_strength": 11,
          "knockback_vertical_strength": 17,
          "knockback_range": 4,
          "knockback_filters": {
            "test": "is_family",
            "subject": "other",
            "operator": "!=",
            "value": "monster"
          },
          "damage_filters": {
            "test": "is_family",
            "subject": "other",
            "operator": "!=",
            "value": "monster"
          },
          "on_roar_end": {
            "event": "minecraft:stop_roar"
          }
        },
        "minecraft:behavior.roar": {
          "priority": 2,
          "duration": 1.5
        },
        "minecraft:variant": {
          "value": 1
        }
      }
    },
    "components": {
      "minecraft:type_family": {
        "family": [
          "monster",
          "toilet",
          "skibidi_toilet",
          "skibiditoilet",
          "monster",
          "toilet",
          "skibidi_toilet",
          "skibiditoilet",
          "monster",
          "toilet",
          "skibidi_toilet",
          "skibiditoilet",
          "monster",
          "toilet",
          "skibidi_toilet",
          "skibiditoilet",
          "monster",
          "toilet",
          "skibidi_toilet",
          "skibiditoilet",
          "monster",
          "toilet",
          "skibidi_toilet",
          "skibiditoilet",
          "monster",
          "toilet",
          "skibidi_toilet",
          "skibiditoilet",
          "monster",
          "toilet",
          "skibidi_toilet",
          "skibiditoilet",
          "monster",
          "toilet",
          "skibidi_toilet",
          "skibiditoilet",
          "monster",
          "toilet",
          "skibidi_toilet",
          "skibiditoilet",
          "monster",
          "toilet",
          "skibidi_toilet",
          "skibiditoilet",
          "monster",
          "toilet",
          "skibidi_toilet",
          "skibiditoilet",
          "monster",
          "toilet",
          "skibidi_toilet",
          "skibiditoilet",
          "monster",
          "toilet",
          "skibidi_toilet",
          "skibiditoilet",
          "monster",
          "toilet",
          "skibidi_toilet",
          "skibiditoilet",
          "monster",
          "toilet",
          "skibidi_toilet",
          "skibiditoilet",
          "monster",
          "toilet",
          "skibidi_toilet",
          "skibiditoilet",
          "monster",
          "toilet",
          "skibidi_toilet",
          "skibiditoilet",
          "monster",
          "toilet",
          "skibidi_toilet",
          "skibiditoilet",
          "monster",
          "toilet",
          "skibidi_toilet",
          "skibiditoilet",
          "monster",
          "toilet",
          "skibidi_toilet",
          "skibiditoilet",
          "monster",
          "toilet",
          "skibidi_toilet",
          "skibiditoilet",
          "monster",
          "toilet",
          "skibidi_toilet",
          "skibiditoilet",
          "monster",
          "toilet",
          "skibidi_toilet",
          "skibiditoilet",
          "monster",
          "toilet",
          "skibidi_toilet",
          "skibiditoilet",
          "monster",
          "toilet",
          "skibidi_toilet",
          "skibiditoilet",
          "monster",
          "toilet",
          "skibidi_toilet",
          "skibiditoilet",
          "monster",
          "toilet",
          "skibidi_toilet",
          "skibiditoilet",
          "monster",
          "toilet",
          "skibidi_toilet",
          "skibiditoilet",
          "monster",
          "toilet",
          "skibidi_toilet",
          "skibiditoilet",
          "monster",
          "toilet",
          "skibidi_toilet",
          "skibiditoilet",
          "monster",
          "toilet",
          "skibidi_toilet",
          "skibiditoilet"
        ]
      },
      "minecraft:collision_box": {
        "height": 4.0,
        "width": 1.0
      },
      "minecraft:scale": {
        "value": 5
      },
      "minecraft:health": {
        "value": 770,
        "max": 770
      },
      "minecraft:movement": {
        "value": 0.31
      },
      "minecraft:movement.basic": {},
      "minecraft:behavior.float": {
        "priority": 1
      },
      "minecraft:jump.static": {},
      "minecraft:can_climb": {},
      "minecraft:physics": {},
      "minecraft:pushable": {
        "is_pushable": true,
        "is_pushable_by_piston": true
      },
      "minecraft:navigation.walk": {
        "avoid_damage_blocks": true,
        "can_walk": true,
        "avoid_water": false,
        "can_path_over_water": true
      },
      "minecraft:behavior.random_look_around": {
        "priority": 9
      },
      "minecraft:behavior.hurt_by_target": {
        "priority": 3
      },
      "minecraft:behavior.look_at_player": {
        "priority": 8,
        "look_distance": 6,
        "probability": 0.02
      },
      "minecraft:behavior.random_stroll": {
        "priority": 7,
        "speed_multiplier": 1
      },
      "minecraft:knockback_resistance": {
        "value": 1.0,
        "max": 1.0
      },
      "minecraft:follow_range": {
        "value": 30,
        "max": 30
      },
      "minecraft:behavior.nearest_attackable_target": {
        "priority": 2,
        "must_see": true,
        "reselect_targets": true,
        "within_radius": 66,
        "must_see_forget_duration": 15,
        "entity_types": [
          {
            "filters": {
              "any_of": [
                {
                  "test": "is_family",
                  "subject": "other",
                  "value": "player"
                },
                {
                  "test": "is_family",
                  "subject": "other",
                  "value": "irongolem"
                },
                {
                  "test": "is_family",
                  "subject": "other",
                  "value": "toiletskibidis"
                },
                {
                  "test": "is_family",
                  "subject": "other",
                  "value": "big_speaker_man"
                },
                {
                  "test": "is_family",
                  "subject": "other",
                  "value": "speakerman"
                },
                {
                  "test": "is_family",
                  "subject": "other",
                  "value": "big_camera"
                },
                {
                  "test": "is_family",
                  "subject": "other",
                  "value": "camera"
                },
                {
                  "test": "is_family",
                  "subject": "other",
                  "value": "tv_man"
                },
                {
                  "test": "is_family",
                  "subject": "other",
                  "value": "big_tv_man"
                },
                {
                  "test": "is_family",
                  "subject": "other",
                  "value": "speaker_man"
                },
                {
                  "test": "is_family",
                  "subject": "other",
                  "value": "Titan_speaker_man"
                },
                {
                  "test": "is_family",
                  "subject": "other",
                  "value": "Titan_cameraman"
                },
                {
                  "test": "is_family",
                  "subject": "other",
                  "value": "Titan_tv_man"
                },
                {
                  "test": "is_family",
                  "subject": "other",
                  "value": "big_cameraman"
                },
                {
                  "test": "is_family",
                  "subject": "other",
                  "value": "camera_man"
                },
                {
                  "test": "is_family",
                  "subject": "other",
                  "value": "cameraman"
                },
                {
                  "test": "is_family",
                  "subject": "other",
                  "value": "snowgolem"
                }
              ]
            },
            "max_dist": 66.0,
            "must_see": true
          }
        ],
        "must_reach": true
      },
      "minecraft:behavior.melee_attack": {
        "priority": 3,
        "track_target": true,
        "reach_multiplier": 3,
        "speed_multiplier": 1.25,
        "on_attack": {
          "event": "minecraft:start_melee_mode",
          "target": "self"
        }
      },
      "minecraft:target_nearby_sensor": {
        "inside_range": 4,
        "on_inside_range": {
          "event": "minecraft:start_melee_mode",
          "target": "self"
        }
      },
      "minecraft:attack": {
        "damage": 50
      },
      "minecraft:loot": {
        "table": "loot_tables/entities/null.json"
      },
      "minecraft:leashable": {
        "soft_distance": 4,
        "hard_distance": 6,
        "max_distance": 10,
        "can_be_stolen": true
      },
      "minecraft:is_hidden_when_invisible": {},
      "minecraft:experience_reward": {
        "on_death": "query.last_hit_by_player ? 366 : 0"
      },
      "minecraft:underwater_movement": {
        "value": 0.02
      },
      "minecraft:behavior.owner_hurt_by_target": {
        "priority": 1
      },
      "minecraft:behavior.owner_hurt_target": {
        "priority": 2
      },
      "minecraft:boss": {
        "should_darken_sky": true,
        "hud_range": 66,
        "name": "§7Double §8light §0tank toilet"
      }
    },
    "events": {
      "minecraft:entity_spawned": {},
      "minecraft:start_melee_mode": {
        "sequence": [
          {
            "randomize": [
              {
                "weight": 80,
                "add": {
                  "component_groups": [
                    "minecraft:melee_mode"
                  ]
                }
              },
              {
                "weight": 40,
                "add": {
                  "component_groups": [
                    "minecraft:roar"
                  ]
                }
              }
            ]
          }
        ]
      },
      "minecraft:stop_speaker_roar": {
        "add": {
          "component_groups": [
            "minecraft:melee_mode"
          ]
        },
        "remove": {
          "component_groups": [
            "minecraft:roar"
          ]
        }
      },
      "minecraft:angry_event": {
        "add": {
          "component_groups": [
            "minecraft:angry_event"
          ]
        }
      },
      "on:death": {
        "run_command": {
          "command": []
        }
      },
      "on:hurt": {
        "run_command": {
          "command": []
        }
      },
      "on:hurt_by_player": {
        "run_command": {
          "command": []
        }
      },
      "on:ignite": {
        "run_command": {
          "command": []
        }
      },
      "on:target_acquired": {
        "run_command": {
          "command": []
        }
      },
      "on:target_escape": {
        "run_command": {
          "command": []
        }
      },
      "on:wake_with_owner": {
        "run_command": {
          "command": []
        }
      },
      "on:tick_action": {
        "run_command": {
          "command": []
        }
      }
    }
  }
}