{
  "format_version": "1.16.0",
  "minecraft:entity": {
    "description": {
      "identifier": "skibidi_toilet:upgrade_scientist_cameraman",
      "is_spawnable": true,
      "is_summonable": true,
      "is_experimental": false,
      "runtime_identifier": "minecraft:wither_skeleton"
    },
    "components": {
      "minecraft:experience_reward": {
        "on_death": "query.last_hit_by_player ? 122 : 0"
      },
      "minecraft:nameable": {
        "alwaysShow": true,
        "allowNameTagRenaming": true
      },
      "minecraft:health": {
        "value": 260,
        "max": 260
      },
      "minecraft:equip_item": {},
      "minecraft:collision_box": {
        "height": 1.5,
        "width": 1.0
      },
      "minecraft:attack": {
        "damage": 20,
        "effect_name": "wither",
        "effect_duration": 30
      },
      "minecraft:movement": {
        "value": 0.31
      },
      "minecraft:navigation.walk": {
        "is_amphibious": true,
        "avoid_sun": true,
        "avoid_water": true
      },
      "minecraft:movement.basic": {},
      "minecraft:jump.static": {},
      "minecraft:can_climb": {},
      "minecraft:behavior.hurt_by_target": {
        "priority": 3
      },
      "minecraft:behavior.nearest_attackable_target": {
        "priority": 2,
        "reselect_targets": true,
        "must_see": true,
        "entity_types": [
          {
            "filters": {
              "any_of": [
                {
                  "test": "is_family",
                  "subject": "other",
                  "value": "toilet"
                },
                {
                  "test": "is_family",
                  "subject": "other",
                  "value": "skibidi_toilet"
                },
                {
                  "test": "is_family",
                  "subject": "other",
                  "value": "skibiditoilet"
                },
                {
                  "test": "is_family",
                  "subject": "other",
                  "value": "monster"
                },
                {
                  "test": "is_family",
                  "subject": "other",
                  "value": "illager"
                },
                {
                  "test": "is_family",
                  "subject": "other",
                  "value": "ravager"
                },
                {
                  "test": "is_family",
                  "subject": "other",
                  "value": "undead"
                },
                {
                  "test": "is_family",
                  "subject": "other",
                  "value": "wither"
                },
                {
                  "test": "is_family",
                  "subject": "other",
                  "value": "ghast"
                }
              ]
            },
            "max_dist": 41.0,
            "must_see": true
          },
          {
            "filters": {
              "test": "is_family",
              "subject": "other",
              "value": "monster"
            },
            "max_dist": 36
          },
          {
            "filters": {
              "all_of": [
                {
                  "test": "is_family",
                  "subject": "other",
                  "value": "monster"
                },
                {
                  "test": "in_water",
                  "subject": "other",
                  "operator": "!=",
                  "value": true
                }
              ]
            },
            "max_dist": 41
          },
          {
            "filters": {
              "all_of": [
                {
                  "test": "is_family",
                  "subject": "other",
                  "value": "skibiditoilet"
                },
                {
                  "test": "in_water",
                  "subject": "other",
                  "operator": "!=",
                  "value": true
                }
              ]
            },
            "max_dist": 42
          },
          {
            "filters": {
              "all_of": [
                {
                  "test": "is_family",
                  "subject": "other",
                  "value": "skibidi_toilet"
                },
                {
                  "test": "in_water",
                  "subject": "other",
                  "operator": "!=",
                  "value": true
                }
              ]
            },
            "max_dist": 25
          }
        ],
        "within_radius": 30,
        "must_reach": true
      },
      "minecraft:behavior.melee_attack": {
        "priority": 4,
        "track_target": true,
        "reach_multiplier": 2,
        "speed_multiplier": 1.25
      },
      "minecraft:spell_effects": {
        "add_effects": [
          {
            "effect": "resistance",
            "amplifier": 7.5,
            "visible": false,
            "ambient": false,
            "duration": 10
          },
          {
            "effect": "strength",
            "amplifier": 14,
            "visible": false,
            "ambient": true,
            "duration": 31
          }
        ]
      },
      "minecraft:behavior.random_stroll": {
        "priority": 6,
        "speed_multiplier": 1
      },
      "minecraft:behavior.look_at_player": {
        "priority": 7,
        "look_distance": 8
      },
      "minecraft:behavior.random_look_around": {
        "priority": 8
      },
      "minecraft:type_family": {
        "family": [
          "player",
          "big_camera",
          "camera",
          "big_cameraman",
          "camera_man",
          "cameraman"
        ]
      },
      "minecraft:physics": {},
      "minecraft:pushable": {
        "is_pushable": true,
        "is_pushable_by_piston": true
      },
      "minecraft:damage_sensor": {
        "triggers": [
          {
            "deals_damage": false,
            "on_damage": {
              "filters": {
                "all_of": [
                  {
                    "test": "has_damage",
                    "value": "entity_explosion"
                  }
                ]
              }
            }
          },
          {
            "deals_damage": false,
            "on_damage": {
              "filters": {
                "all_of": [
                  {
                    "test": "has_damage",
                    "value": "fall"
                  }
                ]
              }
            }
          },
          {
            "deals_damage": true,
            "on_damage": {
              "filters": {
                "all_of": [
                  {
                    "test": "has_damage",
                    "value": "player"
                  }
                ]
              }
            }
          }
        ]
      },
      "minecraft:behavior.move_indoors": {
        "priority": 4,
        "speed_multiplier": 0.8
      },
      "minecraft:behavior.restrict_open_door": {
        "priority": 5
      },
      "minecraft:behavior.open_door": {
        "priority": 6,
        "close_door_after": true
      },
      "minecraft:underwater_movement": {
        "value": 0.1
      },
      "minecraft:behavior.owner_hurt_by_target": {
        "priority": 1
      },
      "minecraft:behavior.owner_hurt_target": {
        "priority": 2
      },
      "minecraft:behavior.float": {
        "priority": 2,
        "speed_multiplier": 5
      },
      "minecraft:breathable": {
        "breathesWater": true,
        "totalSupply": 20,
        "suffocateTime": -1,
        "generatesBubbles": true,
        "breathesAir": true
      },
      "minecraft:rail_sensor": {
        "check_block_types": true,
        "eject_on_activate": true,
        "eject_on_deactivate": true,
        "tick_command_block_on_activate": true,
        "tick_command_block_on_deactivate": true
      },
      "minecraft:annotation.open_door": {},
      "minecraft:scale": {
        "value": 1.3
      },
      "minecraft:on_ignite": {
        "event": "on:ignite",
        "target": "self"
      },
      "minecraft:on_target_acquired": {
        "event": "on:target_acquired",
        "target": "self"
      },
      "minecraft:on_target_escape": {
        "event": "on:target_escape",
        "target": "self"
      },
      "minecraft:on_wake_with_owner": {
        "event": "on:wake_with_owner",
        "target": "self"
      },
      "minecraft:loot": {
        "table": "loot_tables/entities/skibidi_toilet_upgrade_scientist_cameraman.json"
      },
      "minecraft:equipment": {
        "table": "loot_tables/entities/skibidi_toilet_upgrade_scientist_cameraman_equipment.json"
      }
    },
    "events": {
      "minecraft:entity_spawned": {},
      "on:death": {
        "run_command": {
          "command": []
        }
      },
      "on:hurt": {
        "run_command": {
          "command": []
        }
      },
      "on:hurt_by_player": {
        "run_command": {
          "command": []
        }
      },
      "on:ignite": {
        "randomize": [
          {
            "run_command": {
              "command": [
                "function upgrade_scientist_cameraman_Buzzsaw_Attack"
              ]
            },
            "weight": 1
          }
        ]
      },
      "on:target_acquired": {
        "randomize": [
          {
            "run_command": {
              "command": [
                "function upgrade_scientist_cameraman_Buzzsaw_Attack"
              ]
            },
            "weight": 1
          }
        ]
      },
      "on:target_escape": {
        "randomize": [
          {
            "run_command": {
              "command": [
                "function upgrade_scientist_cameraman_Buzzsaw_Attack"
              ]
            },
            "weight": 1
          }
        ]
      },
      "on:wake_with_owner": {
        "randomize": [
          {
            "run_command": {
              "command": [
                "function upgrade_scientist_cameraman_Buzzsaw_Attack"
              ]
            },
            "weight": 1
          }
        ]
      },
      "on:tick_action": {
        "run_command": {
          "command": []
        }
      }
    },
    "component_groups": {}
  }
}