{
  "format_version": "1.10.0",
  "minecraft:entity": {
    "description": {
      "identifier": "skibidi_toilet:radioactivity_skull_toilet",
      "is_spawnable": true,
      "is_summonable": true,
      "is_experimental": false,
      "runtime_identifier": "minecraft:hoglin"
    },
    "components": {
      "minecraft:experience_reward": {
        "on_death": "query.last_hit_by_player ? 36+ (query.equipment_count * Math.Random(12,16)) : 0"
      },
      "minecraft:health": {
        "value": 777,
        "max": 777
      },
      "minecraft:equip_item": {},
      "minecraft:collision_box": {
        "height": 1.5,
        "width": 2.0
      },
      "minecraft:attack": {
        "damage": 85,
        "effect_name": "poison",
        "effect_duration": 30
      },
      "minecraft:loot": {
        "table": "loot_tables/entities/wither_skeleton.json"
      },
      "minecraft:movement": {
        "value": 0.36
      },
      "minecraft:navigation.walk": {
        "is_amphibious": true,
        "avoid_damage_blocks": true,
        "can_jump": true
      },
      "minecraft:movement.basic": {},
      "minecraft:jump.static": {},
      "minecraft:can_climb": {},
      "minecraft:scale": {
        "value": 4
      },
      "minecraft:despawn": {
        "despawn_from_distance": {}
      },
      "minecraft:behavior.hurt_by_target": {
        "priority": 3
      },
      "minecraft:behavior.nearest_attackable_target": {
        "priority": 2,
        "reselect_targets": true,
        "must_see": true,
        "entity_types": [
          {
            "filters": {
              "any_of": [
                {
                  "test": "is_family",
                  "subject": "other",
                  "value": "speakerman"
                },
                {
                  "test": "is_family",
                  "subject": "other",
                  "value": "big_camera"
                },
                {
                  "test": "is_family",
                  "subject": "other",
                  "value": "camera"
                },
                {
                  "test": "is_family",
                  "subject": "other",
                  "value": "tv_man"
                },
                {
                  "test": "is_family",
                  "subject": "other",
                  "value": "big_tv_man"
                },
                {
                  "test": "is_family",
                  "subject": "other",
                  "value": "speaker_man"
                },
                {
                  "test": "is_family",
                  "subject": "other",
                  "value": "Titan_speaker_man"
                },
                {
                  "test": "is_family",
                  "subject": "other",
                  "value": "Titan_cameraman"
                },
                {
                  "test": "is_family",
                  "subject": "other",
                  "value": "Titan_tv_man"
                },
                {
                  "test": "is_family",
                  "subject": "other",
                  "value": "big_cameraman"
                },
                {
                  "test": "is_family",
                  "subject": "other",
                  "value": "camera_man"
                },
                {
                  "test": "is_family",
                  "subject": "other",
                  "value": "cameraman"
                },
                {
                  "test": "is_family",
                  "subject": "other",
                  "value": "player"
                },
                {
                  "test": "is_family",
                  "subject": "other",
                  "value": "irongolem"
                },
                {
                  "test": "is_family",
                  "subject": "other",
                  "value": "snowgolem"
                },
                {
                  "test": "is_family",
                  "subject": "other",
                  "value": "villager"
                },
                {
                  "test": "is_family",
                  "subject": "other",
                  "value": "zombie_villager"
                },
                {
                  "test": "is_family",
                  "subject": "other",
                  "value": "zombie_pigman"
                },
                {
                  "test": "is_family",
                  "subject": "other",
                  "value": "illager"
                },
                {
                  "test": "is_family",
                  "subject": "other",
                  "value": "vex"
                }
              ]
            },
            "max_dist": 75.0,
            "must_see": true
          },
          {
            "filters": {
              "test": "is_family",
              "subject": "other",
              "value": "irongolem"
            },
            "max_dist": 76
          },
          {
            "filters": {
              "all_of": [
                {
                  "test": "is_family",
                  "subject": "other",
                  "value": "baby_turtle"
                },
                {
                  "test": "in_water",
                  "subject": "other",
                  "operator": "!=",
                  "value": true
                }
              ]
            },
            "max_dist": 76
          }
        ],
        "within_radius": 75,
        "must_reach": true
      },
      "minecraft:behavior.melee_attack": {
        "priority": 4,
        "track_target": true,
        "reach_multiplier": 4,
        "speed_multiplier": 1.25
      },
      "minecraft:behavior.random_stroll": {
        "priority": 6,
        "speed_multiplier": 1.7
      },
      "minecraft:behavior.look_at_player": {
        "priority": 7,
        "look_distance": 8
      },
      "minecraft:behavior.random_look_around": {
        "priority": 8
      },
      "minecraft:type_family": {
        "family": [
          "monster",
          "monster",
          "monster",
          "monster",
          "skibidi_toilet",
          "skibiditoilet",
          "monster",
          "skibidi_toilet",
          "skibiditoilet",
          "monster",
          "skibidi_toilet",
          "skibiditoilet",
          "monster",
          "skibidi_toilet",
          "skibiditoilet",
          "monster",
          "skibidi_toilet",
          "skibiditoilet",
          "monster",
          "monster",
          "monster",
          "monster",
          "monster",
          "monster",
          "skibidi_toilet",
          "skibiditoilet",
          "monster",
          "skibidi_toilet",
          "skibiditoilet",
          "monster",
          "skibidi_toilet",
          "skibiditoilet",
          "monster",
          "skibidi_toilet",
          "skibiditoilet",
          "monster",
          "skibidi_toilet",
          "skibiditoilet",
          "monster",
          "monster",
          "monster",
          "monster",
          "monster",
          "monster",
          "skibidi_toilet",
          "skibiditoilet",
          "monster",
          "skibidi_toilet",
          "skibiditoilet",
          "monster",
          "skibidi_toilet",
          "skibiditoilet",
          "monster",
          "skibidi_toilet",
          "skibiditoilet",
          "monster",
          "skibidi_toilet",
          "skibiditoilet",
          "monster",
          "monster",
          "monster",
          "monster",
          "monster",
          "monster",
          "skibidi_toilet",
          "skibiditoilet",
          "monster",
          "skibidi_toilet",
          "skibiditoilet",
          "monster",
          "skibidi_toilet",
          "skibiditoilet",
          "monster",
          "skibidi_toilet",
          "skibiditoilet",
          "monster",
          "skibidi_toilet",
          "skibiditoilet",
          "monster",
          "monster",
          "monster",
          "monster",
          "monster",
          "monster",
          "skibidi_toilet",
          "skibiditoilet",
          "monster",
          "skibidi_toilet",
          "skibiditoilet",
          "monster",
          "skibidi_toilet",
          "skibiditoilet",
          "monster",
          "skibidi_toilet",
          "skibiditoilet",
          "monster",
          "skibidi_toilet",
          "skibiditoilet",
          "monster",
          "monster",
          "monster",
          "monster",
          "monster",
          "monster",
          "skibidi_toilet",
          "skibiditoilet",
          "monster",
          "skibidi_toilet",
          "skibiditoilet",
          "monster",
          "skibidi_toilet",
          "skibiditoilet",
          "monster",
          "skibidi_toilet",
          "skibiditoilet",
          "monster",
          "skibidi_toilet",
          "skibiditoilet",
          "monster",
          "monster",
          "monster",
          "monster",
          "monster",
          "monster",
          "skibidi_toilet",
          "skibiditoilet",
          "monster",
          "skibidi_toilet",
          "skibiditoilet",
          "monster",
          "skibidi_toilet",
          "skibiditoilet",
          "monster",
          "skibidi_toilet",
          "skibiditoilet",
          "monster",
          "skibidi_toilet",
          "skibiditoilet",
          "monster",
          "monster",
          "monster",
          "monster",
          "monster",
          "monster",
          "skibidi_toilet",
          "skibiditoilet",
          "monster",
          "skibidi_toilet",
          "skibiditoilet",
          "monster",
          "skibidi_toilet",
          "skibiditoilet",
          "monster",
          "skibidi_toilet",
          "skibiditoilet",
          "monster",
          "skibidi_toilet",
          "skibiditoilet",
          "monster",
          "monster"
        ]
      },
      "minecraft:physics": {},
      "minecraft:pushable": {
        "is_pushable": true,
        "is_pushable_by_piston": true
      },
      "minecraft:underwater_movement": {
        "value": 0.02
      },
      "minecraft:behavior.owner_hurt_by_target": {
        "priority": 1
      },
      "minecraft:behavior.hurt_target": {
        "priority": 2
      },
      "minecraft:damage_sensor": [
        [
          {
            "deals_damage": false,
            "on_damage": {
              "filters": {
                "all_of": [
                  {
                    "test": "has_damage",
                    "value": "magic"
                  }
                ]
              }
            }
          },
          {
            "deals_damage": true,
            "on_damage": {
              "filters": {
                "all_of": [
                  {
                    "test": "has_damage",
                    "value": "player"
                  }
                ]
              }
            }
          }
        ],
        {
          "cause": "fall",
          "deals_damage": false
        }
      ],
      "minecraft:behavior.float": {
        "priority": 2,
        "speed_multiplier": 9
      },
      "minecraft:equipment": {
        "table": "loot_tables/entities/skibidi_toilet_three_headed_spider_toilet_equipment.json"
      },
      "minecraft:behavior.owner_hurt_target": {
        "priority": 2
      },
      "minecraft:breathable": {
        "breathesWater": true,
        "totalSupply": 20,
        "suffocateTime": -1,
        "generatesBubbles": true,
        "breathesAir": true
      },
      "minecraft:knockback_resistance": {
        "value": 0.6,
        "max": 0.9
      },
      "minecraft:boss": {
        "should_darken_sky": true,
        "hud_range": 99,
        "name": "§2Radioactivity §7Skull §fToilet"
      }
    },
    "minecraft:transformed": {
      "minecraft:transformation": {
        "into": "skibidi_toilet:radioactivity_skull_toilet"
      },
      "minecraft:on_hurt_by_player": {
        "event": "on:hurt_by_player",
        "target": "self"
      },
      "minecraft:on_ignite": {
        "event": "on:ignite",
        "target": "self"
      },
      "minecraft:on_target_acquired": {
        "event": "on:target_acquired",
        "target": "self"
      }
    },
    "events": {
      "minecraft:entity_spawned": {},
      "on:death": {
        "run_command": {
          "command": []
        }
      },
      "on:hurt": {
        "run_command": {
          "command": []
        }
      },
      "on:hurt_by_player": {
        "run_command": {
          "command": []
        }
      },
      "on:ignite": {
        "randomize": [],
        "run_command": {
          "command": []
        }
      },
      "on:target_acquired": {
        "randomize": [],
        "run_command": {
          "command": []
        }
      },
      "on:target_escape": {
        "randomize": [],
        "run_command": {
          "command": []
        }
      },
      "on:wake_with_owner": {
        "randomize": [],
        "run_command": {
          "command": []
        }
      },
      "on:tick_action": {
        "run_command": {
          "command": []
        }
      }
    },
    "component_groups": {}
  }
}