{
  "format_version": "1.8.0",
  "minecraft:entity": {
    "description": {
      "identifier": "skibidi_toilet:camera_turret_spawner",
      "is_spawnable": true,
      "is_summonable": true,
      "is_experimental": false
    },
    "component_groups": {},
    "components": {
      "minecraft:is_hidden_when_invisible": {},
      "minecraft:nameable": {
        "alwaysShow": true,
        "allowNameTagRenaming": true
      },
      "minecraft:type_family": {
        "family": [
          "camera",
          "camera",
          "camera",
          "camera"
        ]
      },
      "minecraft:collision_box": {
        "height": 1.0,
        "width": 0.8
      },
      "minecraft:movement.basic": {},
      "minecraft:navigation.walk": {
        "avoid_damage_blocks": true,
        "can_walk": true,
        "avoid_water": false
      },
      "minecraft:movement": {
        "value": 0
      },
      "minecraft:scale": {
        "value": 1
      },
      "minecraft:jump.static": {},
      "minecraft:can_climb": {},
      "minecraft:health": {
        "value": 700,
        "max": 700
      },
      "minecraft:follow_range": {
        "value": 30,
        "max": 30
      },
      "minecraft:behavior.random_stroll": {
        "priority": 7,
        "speed_multiplier": 1
      },
      "minecraft:behavior.look_at_player": {
        "priority": 8,
        "look_distance": 6,
        "probability": 0.02
      },
      "minecraft:behavior.random_look_around": {
        "priority": 9
      },
      "minecraft:behavior.hurt_by_target": {
        "priority": 3
      },
      "minecraft:knockback_resistance": {
        "value": 9999.0,
        "max": 9999.0
      },
      "minecraft:physics": {},
      "minecraft:damage_sensor": [
        {
          "cause": "fall",
          "deals_damage": false
        }
      ],
      "minecraft:pushable": {
        "is_pushable": false,
        "is_pushable_by_piston": false
      },
      "minecraft:behavior.summon_entity": {
        "priority": 1,
        "summon_choices": [
          {
            "weight": 20,
            "cooldown_time": 20,
            "cast_duration": 1.5,
            "sequence": [
              {
                "shape": "circle",
                "target": "target",
                "delay_per_summon": 0,
                "num_entities_spawned": 10,
                "entity_type": "skibidi_toilet:camera_flying_turret",
                "size": 6
              }
            ]
          }
        ]
      },
      "minecraft:experience_reward": {
        "on_death": "query.last_hit_by_player ? 10 : 0"
      },
      "minecraft:underwater_movement": {
        "value": 0.02
      },
      "minecraft:behavior.owner_hurt_by_target": {
        "priority": 1
      },
      "minecraft:behavior.owner_hurt_target": {
        "priority": 2
      },
      "minecraft:fire_immune": true,
      "minecraft:fall_damage": {
        "value": 0
      },
      "minecraft:attack": {
        "damage": 10,
        "effect_name": "wither",
        "effect_duration": 30
      },
      "minecraft:behavior.melee_attack": {
        "priority": 2,
        "speed_multiplier": 1,
        "target_dist": 0,
        "max_dist": 3,
        "random_stop_interval": 100,
        "track_target": true,
        "reach_multiplier": 1.4
      },
      "minecraft:on_death": {
        "event": "on:death",
        "target": "self"
      },
      "minecraft:spawn_entity": {
        "min_wait_time": 0.6,
        "max_wait_time": 0.6,
        "spawn_entity": "skibidi_toilet:camera_flying_turret",
        "spawn_event": "minecraft:entity_spawned",
        "single_use": true,
        "num_to_spawn": 8,
        "should_leash": false
      }
    },
    "events": {
      "minecraft:entity_spawned": {},
      "on:death": {
        "randomize": [
          {
            "run_command": {
              "command": [
                "function explosion"
              ]
            },
            "weight": 1
          }
        ]
      },
      "on:hurt": {
        "run_command": {
          "command": []
        }
      },
      "on:hurt_by_player": {
        "run_command": {
          "command": []
        }
      },
      "on:ignite": {
        "run_command": {
          "command": []
        }
      },
      "on:target_acquired": {
        "run_command": {
          "command": []
        }
      },
      "on:target_escape": {
        "run_command": {
          "command": []
        }
      },
      "on:wake_with_owner": {
        "run_command": {
          "command": []
        }
      },
      "on:tick_action": {
        "run_command": {
          "command": []
        }
      }
    }
  }
}