{
  "format_version": "1.8.0",
  "minecraft:entity": {
    "description": {
      "identifier": "skibidi_toilet:shooter_soldier_wheel_big_toilet",
      "is_spawnable": true,
      "is_summonable": true,
      "is_experimental": false
    },
    "components": {
      "minecraft:breathable": {
        "totalSupply": 15,
        "suffocateTime": 0,
        "breathesWater": true
      },
      "minecraft:health": {
        "value": 688,
        "max": 688
      },
      "minecraft:collision_box": {
        "height": 4.0,
        "width": 1.6
      },
      "minecraft:attack": {
        "damage": 38,
        "effect_name": "wither",
        "effect_duration": 30
      },
      "minecraft:movement": {
        "value": 0.43
      },
      "minecraft:navigation.walk": {
        "can_over_water": true,
        "can_jump": true,
        "avoid_damage_blocks": true
      },
      "minecraft:movement.basic": {},
      "minecraft:jump.static": {},
      "minecraft:can_climb": {},
      "minecraft:scale": {
        "value": 3.8
      },
      "minecraft:behavior.hurt_by_target": {
        "priority": 3
      },
      "minecraft:behavior.nearest_attackable_target": {
        "priority": 2,
        "reselect_targets": true,
        "entity_types": [
          {
            "filters": {
              "any_of": [
                {
                  "test": "is_family",
                  "subject": "other",
                  "value": "player"
                },
                {
                  "test": "is_family",
                  "subject": "other",
                  "value": "speakerman"
                },
                {
                  "test": "is_family",
                  "subject": "other",
                  "value": "big_camera"
                },
                {
                  "test": "is_family",
                  "subject": "other",
                  "value": "camera"
                },
                {
                  "test": "is_family",
                  "subject": "other",
                  "value": "tv_man"
                },
                {
                  "test": "is_family",
                  "subject": "other",
                  "value": "big_tv_man"
                },
                {
                  "test": "is_family",
                  "subject": "other",
                  "value": "speaker_man"
                },
                {
                  "test": "is_family",
                  "subject": "other",
                  "value": "Titan_speaker_man"
                },
                {
                  "test": "is_family",
                  "subject": "other",
                  "value": "Titan_cameraman"
                },
                {
                  "test": "is_family",
                  "subject": "other",
                  "value": "Titan_tv_man"
                },
                {
                  "test": "is_family",
                  "subject": "other",
                  "value": "big_cameraman"
                },
                {
                  "test": "is_family",
                  "subject": "other",
                  "value": "camera_man"
                },
                {
                  "test": "is_family",
                  "subject": "other",
                  "value": "cameraman"
                },
                {
                  "test": "is_family",
                  "subject": "other",
                  "value": "irongolem"
                },
                {
                  "test": "is_family",
                  "subject": "other",
                  "value": "snowgolem"
                },
                {
                  "test": "is_family",
                  "subject": "other",
                  "value": "villager"
                }
              ]
            },
            "max_dist": 85.0,
            "must_see": true
          },
          {
            "filters": {
              "test": "is_family",
              "subject": "other",
              "value": "irongolem"
            },
            "max_dist": 81
          },
          {
            "filters": {
              "all_of": [
                {
                  "test": "is_family",
                  "subject": "other",
                  "value": "player"
                },
                {
                  "test": "in_water",
                  "subject": "other",
                  "operator": "!=",
                  "value": true
                }
              ]
            },
            "max_dist": 88
          }
        ],
        "must_see": true,
        "within_radius": 81,
        "must_reach": true
      },
      "minecraft:behavior.melee_attack": {
        "priority": 4,
        "target_dist": 51,
        "speed_multiplier": 2,
        "track_target": true
      },
      "minecraft:behavior.move_to_target": {
        "priority": 3,
        "speed_multiplier": 2.7,
        "within_radius": 43
      },
      "minecraft:behavior.random_stroll": {
        "priority": 5,
        "speed_multiplier": 1
      },
      "minecraft:behavior.look_at_player": {
        "priority": 6,
        "look_distance": 8
      },
      "minecraft:behavior.random_look_around": {
        "priority": 6
      },
      "minecraft:type_family": {
        "family": [
          "monster",
          "monster",
          "monster",
          "monster",
          "monster",
          "monster",
          "monster",
          "monster",
          "monster",
          "monster",
          "monster",
          "monster",
          "monster",
          "monster",
          "monster",
          "monster",
          "monster",
          "monster",
          "monster",
          "monster",
          "monster",
          "monster",
          "monster",
          "monster",
          "monster",
          "monster",
          "monster",
          "monster",
          "monster",
          "monster",
          "monster",
          "monster",
          "monster",
          "monster",
          "monster",
          "monster",
          "monster",
          "monster",
          "monster",
          "monster",
          "monster",
          "monster",
          "monster",
          "monster",
          "monster",
          "monster",
          "monster",
          "monster",
          "monster",
          "monster",
          "monster",
          "monster",
          "monster",
          "monster",
          "monster",
          "monster",
          "monster",
          "monster",
          "monster",
          "monster",
          "monster",
          "monster",
          "monster",
          "monster",
          "monster",
          "monster",
          "monster",
          "monster",
          "monster",
          "monster",
          "monster",
          "monster",
          "monster",
          "monster",
          "monster",
          "monster",
          "monster",
          "monster",
          "monster",
          "monster",
          "monster",
          "monster",
          "monster",
          "monster",
          "monster",
          "monster",
          "monster",
          "monster",
          "monster",
          "monster",
          "monster",
          "monster",
          "monster",
          "monster",
          "monster",
          "monster",
          "monster",
          "monster",
          "monster",
          "monster",
          "monster",
          "monster",
          "monster",
          "monster",
          "monster",
          "monster",
          "monster",
          "monster",
          "monster",
          "monster",
          "monster",
          "monster",
          "monster",
          "monster",
          "monster",
          "monster",
          "monster",
          "monster",
          "monster",
          "monster",
          "monster",
          "monster",
          "monster",
          "monster",
          "monster",
          "monster",
          "monster",
          "monster",
          "monster",
          "monster",
          "monster",
          "monster",
          "monster",
          "monster",
          "monster",
          "monster",
          "monster",
          "monster",
          "monster",
          "monster",
          "monster",
          "monster",
          "monster",
          "monster",
          "monster",
          "monster",
          "monster",
          "monster",
          "monster",
          "monster",
          "monster",
          "monster",
          "monster",
          "monster",
          "monster",
          "monster",
          "monster",
          "monster",
          "monster",
          "monster",
          "monster",
          "monster",
          "monster",
          "monster",
          "monster",
          "monster",
          "monster",
          "monster",
          "monster",
          "monster",
          "monster",
          "monster",
          "monster",
          "monster",
          "monster",
          "monster",
          "monster",
          "monster",
          "monster",
          "monster",
          "monster",
          "monster",
          "monster",
          "monster",
          "monster",
          "monster",
          "monster",
          "monster",
          "monster",
          "monster",
          "monster",
          "monster",
          "monster",
          "monster",
          "monster",
          "monster",
          "monster",
          "monster",
          "monster",
          "monster",
          "monster",
          "monster",
          "monster",
          "monster",
          "monster",
          "monster",
          "monster",
          "monster",
          "monster",
          "monster",
          "monster",
          "monster",
          "monster",
          "monster",
          "monster",
          "monster",
          "monster",
          "monster",
          "monster",
          "monster",
          "monster",
          "monster",
          "monster",
          "monster",
          "monster",
          "monster",
          "monster",
          "monster",
          "monster",
          "monster",
          "monster",
          "monster",
          "monster",
          "monster",
          "monster",
          "monster",
          "monster",
          "monster",
          "monster",
          "monster",
          "monster",
          "monster",
          "monster",
          "monster",
          "monster",
          "monster",
          "monster",
          "monster",
          "monster",
          "monster",
          "monster",
          "monster",
          "monster",
          "monster",
          "monster",
          "monster",
          "skibidi_toilet",
          "skibiditoilet",
          "monster",
          "monster",
          "monster",
          "monster",
          "monster",
          "monster",
          "monster",
          "monster",
          "monster",
          "monster",
          "monster",
          "monster",
          "monster",
          "monster",
          "monster",
          "monster",
          "monster",
          "monster",
          "monster",
          "monster",
          "monster",
          "monster",
          "monster",
          "monster",
          "monster",
          "monster",
          "monster",
          "monster",
          "monster",
          "monster",
          "monster",
          "monster",
          "monster",
          "monster",
          "monster",
          "monster",
          "monster",
          "monster",
          "monster",
          "monster",
          "monster",
          "monster",
          "monster",
          "monster",
          "monster",
          "monster",
          "monster",
          "monster",
          "monster",
          "monster",
          "monster",
          "monster",
          "monster",
          "monster",
          "monster",
          "monster",
          "monster",
          "monster",
          "monster",
          "monster",
          "monster",
          "monster",
          "monster",
          "monster",
          "monster",
          "monster",
          "monster",
          "monster",
          "monster",
          "monster",
          "monster",
          "monster",
          "monster",
          "monster",
          "monster",
          "monster",
          "monster",
          "monster",
          "monster",
          "monster",
          "monster",
          "monster",
          "monster",
          "monster",
          "monster",
          "monster",
          "monster",
          "monster",
          "monster",
          "monster",
          "monster",
          "monster",
          "monster",
          "monster",
          "monster",
          "monster",
          "monster",
          "monster",
          "monster",
          "monster",
          "monster",
          "monster",
          "monster",
          "monster",
          "monster",
          "monster",
          "monster",
          "monster",
          "monster",
          "monster",
          "monster",
          "monster",
          "monster",
          "monster",
          "monster",
          "monster",
          "monster",
          "monster",
          "monster",
          "monster",
          "monster",
          "monster",
          "monster",
          "monster",
          "monster",
          "monster",
          "monster",
          "monster",
          "monster",
          "monster",
          "monster",
          "monster",
          "monster",
          "monster",
          "monster",
          "monster",
          "monster",
          "monster",
          "monster",
          "monster",
          "monster",
          "monster",
          "monster",
          "monster",
          "monster",
          "monster",
          "monster",
          "monster",
          "monster",
          "monster",
          "monster",
          "monster",
          "monster",
          "monster",
          "monster",
          "monster",
          "monster",
          "monster",
          "monster",
          "monster",
          "monster",
          "monster",
          "monster",
          "monster",
          "monster",
          "monster",
          "monster",
          "monster",
          "monster",
          "monster",
          "monster",
          "monster",
          "monster",
          "monster",
          "monster",
          "monster",
          "monster",
          "monster",
          "monster",
          "monster",
          "monster",
          "monster",
          "monster",
          "monster",
          "monster",
          "monster",
          "monster",
          "monster",
          "monster",
          "monster",
          "monster",
          "monster",
          "monster",
          "monster",
          "monster",
          "monster",
          "monster",
          "monster",
          "monster",
          "monster",
          "monster",
          "monster",
          "monster",
          "monster",
          "monster",
          "monster",
          "monster",
          "monster",
          "monster",
          "monster",
          "monster",
          "monster",
          "monster",
          "monster",
          "monster",
          "monster",
          "monster",
          "monster",
          "monster",
          "monster",
          "monster",
          "monster",
          "monster",
          "monster",
          "monster",
          "monster",
          "monster",
          "monster",
          "monster",
          "monster",
          "monster",
          "monster",
          "monster",
          "monster",
          "monster",
          "monster",
          "monster",
          "monster",
          "monster",
          "monster",
          "monster",
          "monster",
          "monster",
          "monster",
          "monster",
          "monster",
          "monster",
          "monster",
          "monster",
          "monster",
          "monster",
          "monster",
          "monster",
          "monster",
          "monster",
          "monster",
          "skibidi_toilet",
          "skibiditoilet"
        ]
      },
      "minecraft:physics": {},
      "minecraft:experience_reward": {
        "on_death": "query.last_hit_by_player ? 65 : 0"
      },
      "minecraft:underwater_movement": {
        "value": 0.02
      },
      "minecraft:behavior.hurt_nearest_attackable_target": {
        "priority": 6
      },
      "minecraft:behavior.owner_hurt_target": {
        "priority": 2
      },
      "minecraft:behavior.attack_mob_type": {
        "priority": 3,
        "entity_types": [
          {
            "filters": {
              "other_with_families": [
                "player"
              ]
            },
            "max_dist": 16,
            "walk_speed_multiplier": 1,
            "sprint_speed_multiplier": 1.2
          }
        ],
        "max_dist": 16,
        "walk_speed_multiplier": 1,
        "sprint_speed_multiplier": 1.2,
        "sneak_speed_multiplier": 1
      },
      "minecraft:behavior.float": {
        "priority": 2,
        "speed_multiplier": 1.8
      },
      "minecraft:damage_sensor": {
        "triggers": [
          {
            "deals_damage": false,
            "on_damage": {
              "filters": {
                "all_of": [
                  {
                    "test": "has_damage",
                    "value": "entity_explosion"
                  }
                ]
              }
            }
          },
          {
            "deals_damage": true,
            "on_damage": {
              "filters": {
                "all_of": [
                  {
                    "test": "has_damage",
                    "value": "player"
                  }
                ]
              }
            }
          }
        ]
      },
      "minecraft:behavior.owner_hurt_by_target": {
        "priority": 1
      },
      "minecraft:boss": {
        "should_darken_sky": true,
        "hud_range": 88,
        "name": "§0Shooter §7Soldier §4Wheel §8Big §2Toilet"
      },
      "minecraft:equip_item": {},
      "minecraft:knockback_resistance": {
        "value": 5.0,
        "max": 6.0
      },
      "minecraft:on_death": {
        "event": "on:death",
        "target": "self"
      },
      "minecraft:behavior.ranged_attack": {
        "priority": 2,
        "charge_charged_trigger": 0.1,
        "charge_shoot_trigger": 0.1,
        "attack_radius": 50,
        "burst_interval": 0.1
      },
      "minecraft:shooter": {
        "type": "Large Fireball",
        "def": "minecraft:fireball"
      },
      "minecraft:loot": {
        "table": "loot_tables/entities/skibidi_toilet_shooter_soldier_wheel_big_toilet.json"
      },
      "minecraft:equipment": {
        "table": "loot_tables/entities/skibidi_toilet_shooter_soldier_wheel_big_toilet_equipment.json"
      }
    },
    "events": {
      "move_attack": {
        "add": {
          "component_groups": [
            "move_attack"
          ]
        }
      },
      "melee_attack": {
        "add": {
          "component_groups": [
            "melee_attack"
          ]
        }
      },
      "on:death": {
        "randomize": [
          {
            "run_command": {
              "command": [
                "function explosion"
              ]
            },
            "weight": 1
          }
        ]
      },
      "on:hurt": {
        "run_command": {
          "command": []
        }
      },
      "on:hurt_by_player": {
        "run_command": {
          "command": []
        }
      },
      "on:ignite": {
        "randomize": [],
        "run_command": {
          "command": []
        }
      },
      "on:target_acquired": {
        "randomize": [],
        "run_command": {
          "command": []
        }
      },
      "on:target_escape": {
        "randomize": [],
        "run_command": {
          "command": []
        }
      },
      "on:wake_with_owner": {
        "randomize": [],
        "run_command": {
          "command": []
        }
      },
      "on:tick_action": {
        "run_command": {
          "command": []
        }
      }
    },
    "component_groups": {}
  }
}