{
  "format_version": "1.8.0",
  "minecraft:entity": {
    "description": {
      "identifier": "skibidi_toilet:scientist_machine_long_arm_blade_toilet",
      "is_spawnable": true,
      "is_summonable": true,
      "is_experimental": false
    },
    "components": {
      "minecraft:breathable": {
        "totalSupply": 15,
        "suffocateTime": 0,
        "breathesWater": true
      },
      "minecraft:health": {
        "value": 558,
        "max": 558
      },
      "minecraft:collision_box": {
        "height": 1.7,
        "width": 2.0
      },
      "minecraft:attack": {
        "damage": 48,
        "effect_name": "slowness",
        "effect_duration": 30
      },
      "minecraft:movement": {
        "value": 0.36
      },
      "minecraft:navigation.walk": {
        "can_over_water": true,
        "can_jump": true,
        "avoid_damage_blocks": true
      },
      "minecraft:movement.basic": {},
      "minecraft:jump.static": {},
      "minecraft:can_climb": {},
      "minecraft:scale": {
        "value": 1.9
      },
      "minecraft:behavior.hurt_by_target": {
        "priority": 3
      },
      "minecraft:behavior.nearest_attackable_target": {
        "priority": 2,
        "reselect_targets": true,
        "entity_types": [
          {
            "filters": {
              "any_of": [
                {
                  "test": "is_family",
                  "subject": "other",
                  "value": "player"
                },
                {
                  "test": "is_family",
                  "subject": "other",
                  "value": "speakerman"
                },
                {
                  "test": "is_family",
                  "subject": "other",
                  "value": "big_camera"
                },
                {
                  "test": "is_family",
                  "subject": "other",
                  "value": "camera"
                },
                {
                  "test": "is_family",
                  "subject": "other",
                  "value": "tv_man"
                },
                {
                  "test": "is_family",
                  "subject": "other",
                  "value": "big_tv_man"
                },
                {
                  "test": "is_family",
                  "subject": "other",
                  "value": "speaker_man"
                },
                {
                  "test": "is_family",
                  "subject": "other",
                  "value": "Titan_speaker_man"
                },
                {
                  "test": "is_family",
                  "subject": "other",
                  "value": "Titan_cameraman"
                },
                {
                  "test": "is_family",
                  "subject": "other",
                  "value": "Titan_tv_man"
                },
                {
                  "test": "is_family",
                  "subject": "other",
                  "value": "big_cameraman"
                },
                {
                  "test": "is_family",
                  "subject": "other",
                  "value": "camera_man"
                },
                {
                  "test": "is_family",
                  "subject": "other",
                  "value": "cameraman"
                },
                {
                  "test": "is_family",
                  "subject": "other",
                  "value": "irongolem"
                },
                {
                  "test": "is_family",
                  "subject": "other",
                  "value": "snowgolem"
                },
                {
                  "test": "is_family",
                  "subject": "other",
                  "value": "villager"
                }
              ]
            },
            "max_dist": 70.0,
            "must_see": true
          },
          {
            "filters": {
              "test": "is_family",
              "subject": "other",
              "value": "irongolem"
            },
            "max_dist": 70
          },
          {
            "filters": {
              "all_of": [
                {
                  "test": "is_family",
                  "subject": "other",
                  "value": "player"
                },
                {
                  "test": "in_water",
                  "subject": "other",
                  "operator": "!=",
                  "value": true
                }
              ]
            },
            "max_dist": 60
          }
        ],
        "must_see": true,
        "within_radius": 35,
        "must_reach": true
      },
      "minecraft:behavior.melee_attack": {
        "priority": 4,
        "target_dist": 61,
        "speed_multiplier": 1.85,
        "reach_multiplier": 5,
        "track_target": true
      },
      "minecraft:behavior.move_to_target": {
        "priority": 3,
        "speed_multiplier": 2.7,
        "within_radius": 23
      },
      "minecraft:spell_effects": {
        "add_effects": [
          {
            "effect": "Resistance",
            "amplifier": 1,
            "visible": true,
            "ambient": false,
            "duration": 100
          },
          {
            "effect": "regeneration",
            "amplifier": 1,
            "visible": true,
            "ambient": true,
            "duration": 10
          }
        ]
      },
      "minecraft:pushable": {
        "is_pushable": true,
        "is_pushable_by_piston": true
      },
      "minecraft:behavior.random_stroll": {
        "priority": 5,
        "speed_multiplier": 1
      },
      "minecraft:behavior.look_at_player": {
        "priority": 6,
        "look_distance": 9
      },
      "minecraft:behavior.random_look_around": {
        "priority": 6
      },
      "minecraft:type_family": {
        "family": [
          "monster",
          "SkibidiToilet",
          "Skibidi_Toilet",
          "monster",
          "SkibidiToilet",
          "Skibidi_Toilet",
          "monster",
          "SkibidiToilet",
          "Skibidi_Toilet",
          "monster",
          "SkibidiToilet",
          "Skibidi_Toilet"
        ]
      },
      "minecraft:physics": {},
      "minecraft:experience_reward": {
        "on_death": "query.last_hit_by_player ? 1000 : 0"
      },
      "minecraft:underwater_movement": {
        "value": 0.02
      },
      "minecraft:behavior.hurt_nearest_attackable_target": {
        "priority": 6
      },
      "minecraft:behavior.hurt_target": {
        "priority": 7
      },
      "minecraft:behavior.attack_mob_type": {
        "priority": 3,
        "entity_types": [
          {
            "filters": {
              "other_with_families": [
                "player"
              ]
            },
            "max_dist": 16,
            "walk_speed_multiplier": 1,
            "sprint_speed_multiplier": 1.9
          }
        ],
        "max_dist": 16,
        "walk_speed_multiplier": 1,
        "sprint_speed_multiplier": 1.9,
        "sneak_speed_multiplier": 1
      },
      "minecraft:behavior.float": {
        "priority": 2,
        "speed_multiplier": 3
      },
      "minecraft:behavior.owner_hurt_by_target": {
        "priority": 1
      },
      "minecraft:behavior.leap_at_target": {
        "priority": 4,
        "yd": 0.11,
        "must_be_on_ground": true,
        "target_dist": 0.7,
        "speed_multiplier": 1.8
      },
      "minecraft:behavior.owner_hurt_target": {
        "priority": 2
      },
      "minecraft:equip_item": {},
      "minecraft:boss": {
        "should_darken_sky": true,
        "hud_range": 138,
        "name": "§0scientist §1machine §8long arm §4blade toilet"
      },
      "minecraft:loot": {
        "table": "loot_tables/entities/skibidi_toilet_scientist_machine_long_arm_blade_toilet.json"
      },
      "minecraft:equipment": {
        "table": "loot_tables/entities/skibidi_toilet_scientist_machine_long_arm_blade_toilet_equipment.json"
      }
    },
    "events": {
      "angry": {
        "add": {
          "component_groups": [
            "angry"
          ]
        }
      },
      "move_to_target": {
        "add": {
          "component_groups": [
            "move"
          ]
        }
      },
      "on:death": {
        "run_command": {
          "command": []
        }
      },
      "on:hurt": {
        "run_command": {
          "command": []
        }
      },
      "on:hurt_by_player": {
        "run_command": {
          "command": []
        }
      },
      "on:ignite": {
        "run_command": {
          "command": []
        }
      },
      "on:target_acquired": {
        "run_command": {
          "command": []
        }
      },
      "on:target_escape": {
        "run_command": {
          "command": []
        }
      },
      "on:wake_with_owner": {
        "run_command": {
          "command": []
        }
      },
      "on:tick_action": {
        "run_command": {
          "command": []
        }
      }
    },
    "component_groups": {}
  }
}