{
  "format_version": "1.8.0",
  "minecraft:entity": {
    "description": {
      "identifier": "skibidi_toilet:claw_tv_man",
      "is_spawnable": true,
      "is_summonable": true,
      "is_experimental": false
    },
    "components": {
      "minecraft:is_hidden_when_invisible": {},
      "minecraft:nameable": {
        "alwaysShow": true,
        "allowNameTagRenaming": true
      },
      "minecraft:type_family": {
        "family": [
          "tv_man",
          "player",
          "tv_man",
          "player",
          "big_tv_man",
          "tv_man",
          "player",
          "tv_man",
          "player",
          "big_tv_man",
          "tv_man",
          "player",
          "tv_man",
          "player",
          "big_tv_man",
          "tv_man",
          "player",
          "tv_man",
          "player",
          "big_tv_man"
        ]
      },
      "minecraft:collision_box": {
        "height": 2.0,
        "width": 0.8
      },
      "minecraft:movement.basic": {},
      "minecraft:navigation.walk": {
        "avoid_damage_blocks": false,
        "can_walk": true,
        "avoid_water": false,
        "can_path_over_water": true,
        "can_pass_doors": true,
        "can_break_doors": true,
        "can_open_doors": true,
        "can_open_iron_doors": true
      },
      "minecraft:movement": {
        "value": 0.31
      },
      "minecraft:scale": {
        "value": 2
      },
      "minecraft:jump.static": {},
      "minecraft:can_climb": {},
      "minecraft:attack": {
        "damage": 35,
        "effect_name": "slowness",
        "effect_duration": 30
      },
      "minecraft:health": {
        "value": 358,
        "max": 358
      },
      "minecraft:leashable": {
        "soft_distance": 4,
        "hard_distance": 6,
        "max_distance": 10,
        "can_be_stolen": true
      },
      "minecraft:behavior.nearest_attackable_target": {
        "priority": 2,
        "must_see": true,
        "reselect_targets": true,
        "within_radius": 75,
        "must_see_forget_duration": 27,
        "entity_types": [
          {
            "filters": {
              "any_of": [
                {
                  "test": "is_family",
                  "subject": "other",
                  "value": "zombie_villager"
                },
                {
                  "test": "is_family",
                  "subject": "other",
                  "value": "zombie_pigman"
                },
                {
                  "test": "is_family",
                  "subject": "other",
                  "value": "illager"
                },
                {
                  "test": "is_family",
                  "subject": "other",
                  "value": "monster"
                },
                {
                  "test": "is_family",
                  "subject": "other",
                  "value": "undead"
                },
                {
                  "test": "is_family",
                  "subject": "other",
                  "value": "skibidi_toilet"
                },
                {
                  "test": "is_family",
                  "subject": "other",
                  "value": "skibiditoilet"
                },
                {
                  "test": "is_family",
                  "subject": "other",
                  "value": "toilet"
                }
              ]
            },
            "max_dist": 81.0,
            "must_see": true
          }
        ],
        "must_reach": true
      },
      "minecraft:behavior.melee_attack": {
        "priority": 3,
        "track_target": true,
        "reach_multiplier": 3,
        "speed_multiplier": 1.23
      },
      "minecraft:spell_effects": {
        "add_effects": [
          {
            "effect": "resistance",
            "amplifier": 5,
            "visible": false,
            "ambient": false,
            "duration": 60
          },
          {
            "effect": "strength",
            "amplifier": 7,
            "visible": false,
            "ambient": true,
            "duration": 60
          }
        ]
      },
      "minecraft:pushable": {
        "is_pushable": true,
        "is_pushable_by_piston": true
      },
      "minecraft:behavior.random_stroll": {
        "priority": 7,
        "speed_multiplier": 1
      },
      "minecraft:behavior.look_at_player": {
        "priority": 8,
        "look_distance": 6,
        "probability": 0.02
      },
      "minecraft:behavior.random_look_around": {
        "priority": 9
      },
      "minecraft:behavior.hurt_by_target": {
        "priority": 3
      },
      "minecraft:physics": {},
      "minecraft:behavior.float": {
        "priority": 1
      },
      "minecraft:annotation.open_door": {},
      "minecraft:damage_sensor": {
        "triggers": [
          {
            "deals_damage": false,
            "on_damage": {
              "filters": {
                "all_of": [
                  {
                    "test": "has_damage",
                    "value": "entity_explosion"
                  }
                ]
              }
            }
          },
          {
            "deals_damage": false,
            "on_damage": {
              "filters": {
                "all_of": [
                  {
                    "test": "has_damage",
                    "value": "fall"
                  }
                ]
              }
            }
          },
          {
            "deals_damage": true,
            "on_damage": {
              "filters": {
                "all_of": [
                  {
                    "test": "has_damage",
                    "value": "player"
                  }
                ]
              }
            }
          }
        ]
      },
      "minecraft:behavior.move_indoors": {
        "priority": 4,
        "speed_multiplier": 0.8
      },
      "minecraft:behavior.restrict_open_door": {
        "priority": 5
      },
      "minecraft:behavior.open_door": {
        "priority": 6,
        "close_door_after": true
      },
      "minecraft:experience_reward": {
        "on_death": "query.last_hit_by_player ? 588 : 0"
      },
      "minecraft:underwater_movement": {
        "value": 0.02
      },
      "minecraft:behavior.owner_hurt_by_target": {
        "priority": 1
      },
      "minecraft:behavior.owner_hurt_target": {
        "priority": 2
      },
      "minecraft:equip_item": {},
      "minecraft:teleport": {
        "randomTeleports": true,
        "maxRandomTeleportTime": 58,
        "randomTeleportCube": [
          32,
          32,
          32
        ],
        "targetDistance": 18,
        "lightTeleportChance": 0.01
      },
      "minecraft:on_hurt_by_player": {
        "event": "on:hurt_by_player",
        "target": "self"
      },
      "minecraft:on_ignite": {
        "event": "on:ignite",
        "target": "self"
      },
      "minecraft:on_target_acquired": {
        "event": "on:target_acquired",
        "target": "self"
      },
      "minecraft:on_target_escape": {
        "event": "on:target_escape",
        "target": "self"
      },
      "minecraft:on_wake_with_owner": {
        "event": "on:wake_with_owner",
        "target": "self"
      },
      "minecraft:equipment": {
        "table": "loot_tables/entities/skibidi_toilet_claw_tv_man_equipment.json"
      }
    },
    "events": {
      "angry": {
        "add": {
          "component_groups": [
            "angry"
          ]
        }
      },
      "move_to_target": {
        "add": {
          "component_groups": [
            "move"
          ]
        }
      },
      "on:death": {
        "run_command": {
          "command": []
        }
      },
      "on:hurt": {
        "run_command": {
          "command": []
        }
      },
      "on:hurt_by_player": {
        "randomize": [
          {
            "run_command": {
              "command": [
                "function claw_tv_screen"
              ]
            },
            "weight": 1
          },
          {
            "run_command": {
              "command": [
                "function tv_claw_attack"
              ]
            },
            "weight": 1
          }
        ]
      },
      "on:ignite": {
        "randomize": [
          {
            "run_command": {
              "command": [
                "function claw_tv_screen"
              ]
            },
            "weight": 1
          },
          {
            "run_command": {
              "command": [
                "function tv_claw_attack"
              ]
            },
            "weight": 1
          }
        ]
      },
      "on:target_acquired": {
        "randomize": [
          {
            "run_command": {
              "command": [
                "function claw_tv_screen"
              ]
            },
            "weight": 1
          },
          {
            "run_command": {
              "command": [
                "function tv_claw_attack"
              ]
            },
            "weight": 1
          }
        ]
      },
      "on:target_escape": {
        "randomize": [
          {
            "run_command": {
              "command": [
                "function claw_tv_screen"
              ]
            },
            "weight": 1
          },
          {
            "run_command": {
              "command": [
                "function tv_claw_attack"
              ]
            },
            "weight": 1
          }
        ]
      },
      "on:wake_with_owner": {
        "randomize": [
          {
            "run_command": {
              "command": [
                "function claw_tv_screen"
              ]
            },
            "weight": 1
          },
          {
            "run_command": {
              "command": [
                "function tv_claw_attack"
              ]
            },
            "weight": 1
          }
        ]
      },
      "on:tick_action": {
        "run_command": {
          "command": []
        }
      }
    },
    "component_groups": {}
  }
}