{
  "format_version": "1.16.0",
  "minecraft:entity": {
    "description": {
      "identifier": "skibidi_toilet:titan_tv_man_nightmare",
      "is_spawnable": true,
      "is_summonable": true,
      "is_experimental": false
    },
    "components": {
      "minecraft:experience_reward": {
        "on_death": "query.last_hit_by_player ? 2000 : 0"
      },
      "minecraft:health": {
        "value": 480000,
        "max": 480000
      },
      "minecraft:equip_item": {},
      "minecraft:collision_box": {
        "height": 0.8,
        "width": 2.0
      },
      "minecraft:attack": {
        "damage": 9900,
        "effect_name": "wither",
        "effect_duration": 30
      },
      "minecraft:behavior.nearest_attackable_target": {
        "priority": 2,
        "must_see": true,
        "reselect_targets": true,
        "within_radius": 500,
        "must_see_forget_duration": 37,
        "entity_types": [
          {
            "filters": {
              "any_of": [
                {
                  "test": "is_family",
                  "subject": "other",
                  "value": "illager"
                },
                {
                  "test": "is_family",
                  "subject": "other",
                  "value": "monster"
                },
                {
                  "test": "is_family",
                  "subject": "other",
                  "value": "undead"
                },
                {
                  "test": "is_family",
                  "subject": "other",
                  "value": "skibidi_toilet"
                },
                {
                  "test": "is_family",
                  "subject": "other",
                  "value": "skibiditoilet"
                },
                {
                  "test": "is_family",
                  "subject": "other",
                  "value": "toilet"
                },
                {
                  "test": "is_family",
                  "subject": "other",
                  "value": "ghast"
                }
              ]
            },
            "max_dist": 5000.0,
            "must_see": true
          }
        ],
        "must_reach": true
      },
      "minecraft:behavior.melee_attack": {
        "priority": 3,
        "track_target": true,
        "reach_multiplier": 11,
        "speed_multiplier": 1.2
      },
      "minecraft:spell_effects": {
        "add_effects": [
          {
            "effect": "Resistance",
            "amplifier": 6,
            "visible": true,
            "ambient": true,
            "duration": 20
          },
          {
            "effect": "regeneration",
            "amplifier": 8,
            "visible": true,
            "ambient": true,
            "duration": 20
          }
        ]
      },
      "minecraft:pushable": {
        "is_pushable": true,
        "is_pushable_by_piston": true
      },
      "minecraft:loot": {
        "table": "loot_tables/entities/wither_skeleton.json"
      },
      "minecraft:movement": {
        "value": 0.52
      },
      "minecraft:navigation.walk": {
        "avoid_damage_blocks": true,
        "can_walk": true,
        "avoid_water": false,
        "can_path_over_water": true,
        "can_pass_doors": true,
        "can_break_doors": true,
        "can_open_doors": true,
        "can_open_iron_doors": true
      },
      "minecraft:movement.basic": {},
      "minecraft:jump.static": {},
      "minecraft:can_climb": {},
      "minecraft:scale": {
        "value": 5.7
      },
      "minecraft:fire_immune": {},
      "minecraft:despawn": {
        "despawn_from_distance": {}
      },
      "minecraft:behavior.hurt_by_target": {
        "priority": 3
      },
      "minecraft:behavior.random_stroll": {
        "priority": 6,
        "speed_multiplier": 1
      },
      "minecraft:behavior.look_at_player": {
        "priority": 7,
        "look_distance": 8
      },
      "minecraft:behavior.random_look_around": {
        "priority": 8
      },
      "minecraft:type_family": {
        "family": [
          "big_tv_man",
          "Titan_tv_man",
          "player"
        ]
      },
      "minecraft:physics": {},
      "minecraft:annotation.open_door": {},
      "minecraft:damage_sensor": {
        "triggers": [
          {
            "deals_damage": false,
            "on_damage": {
              "filters": {
                "all_of": [
                  {
                    "test": "has_damage",
                    "value": "entity_explosion"
                  }
                ]
              }
            }
          },
          {
            "deals_damage": true,
            "on_damage": {
              "filters": {
                "all_of": [
                  {
                    "test": "has_damage",
                    "value": "player"
                  }
                ]
              }
            }
          },
          {
            "deals_damage": false,
            "on_damage": {
              "filters": {
                "all_of": [
                  {
                    "test": "has_damage",
                    "value": "fall"
                  }
                ]
              }
            }
          }
        ]
      },
      "minecraft:behavior.move_indoors": {
        "priority": 4,
        "speed_multiplier": 0.8
      },
      "minecraft:behavior.restrict_open_door": {
        "priority": 5
      },
      "minecraft:behavior.open_door": {
        "priority": 6,
        "close_door_after": true
      },
      "minecraft:underwater_movement": {
        "value": 0.02
      },
      "minecraft:behavior.owner_hurt_by_target": {
        "priority": 1
      },
      "minecraft:behavior.owner_hurt_target": {
        "priority": 2
      },
      "minecraft:boss": {
        "should_darken_sky": true,
        "hud_range": 251,
        "name": "§5titan §0tv §8man §2[§dnightmare§2]"
      },
      "minecraft:rail_sensor": {
        "check_block_types": true,
        "eject_on_activate": false,
        "eject_on_deactivate": true,
        "tick_command_block_on_activate": true,
        "tick_command_block_on_deactivate": false
      },
      "minecraft:on_target_acquired": {
        "event": "on:target_acquired",
        "target": "self"
      },
      "minecraft:on_target_escape": {
        "event": "on:target_escape",
        "target": "self"
      },
      "minecraft:on_wake_with_owner": {
        "event": "on:wake_with_owner",
        "target": "self"
      },
      "minecraft:on_hurt_by_player": {
        "event": "on:hurt_by_player",
        "target": "self"
      },
      "minecraft:on_ignite": {
        "event": "on:ignite",
        "target": "self"
      },
      "minecraft:knockback_resistance": {
        "value": 45.0,
        "max": 45.0
      },
      "minecraft:equipment": {
        "table": "loot_tables/entities/skibidi_toilet_titan_tv_man_nightmare_equipment.json"
      }
    },
    "events": {
      "minecraft:entity_spawned": {},
      "on:death": {
        "run_command": {
          "command": []
        }
      },
      "on:hurt": {
        "run_command": {
          "command": []
        }
      },
      "on:hurt_by_player": {
        "randomize": [
          {
            "run_command": {
              "command": [
                "function titan_sickle"
              ]
            },
            "weight": 1
          },
          {
            "run_command": {
              "command": [
                "function titan_screen"
              ]
            },
            "weight": 1
          },
          {
            "run_command": {
              "command": [
                "function titan_screen_1"
              ]
            },
            "weight": 1
          },
          {
            "run_command": {
              "command": [
                "function titan_tv_laser"
              ]
            },
            "weight": 1
          }
        ]
      },
      "on:ignite": {
        "randomize": [
          {
            "run_command": {
              "command": [
                "function titan_sickle"
              ]
            },
            "weight": 1
          },
          {
            "run_command": {
              "command": [
                "function titan_screen"
              ]
            },
            "weight": 1
          },
          {
            "run_command": {
              "command": [
                "function titan_screen_1"
              ]
            },
            "weight": 1
          },
          {
            "run_command": {
              "command": [
                "function titan_tv_laser"
              ]
            },
            "weight": 1
          }
        ]
      },
      "on:target_acquired": {
        "randomize": [
          {
            "run_command": {
              "command": [
                "function titan_sickle"
              ]
            },
            "weight": 1
          },
          {
            "run_command": {
              "command": [
                "function titan_screen"
              ]
            },
            "weight": 1
          },
          {
            "run_command": {
              "command": [
                "function titan_screen_1"
              ]
            },
            "weight": 1
          },
          {
            "run_command": {
              "command": [
                "function titan_tv_laser"
              ]
            },
            "weight": 1
          }
        ]
      },
      "on:target_escape": {
        "randomize": [
          {
            "run_command": {
              "command": [
                "function titan_sickle"
              ]
            },
            "weight": 1
          },
          {
            "run_command": {
              "command": [
                "function titan_screen"
              ]
            },
            "weight": 1
          },
          {
            "run_command": {
              "command": [
                "function titan_screen_1"
              ]
            },
            "weight": 1
          },
          {
            "run_command": {
              "command": [
                "function titan_tv_laser"
              ]
            },
            "weight": 1
          }
        ]
      },
      "on:wake_with_owner": {
        "randomize": [
          {
            "run_command": {
              "command": [
                "function titan_sickle"
              ]
            },
            "weight": 1
          },
          {
            "run_command": {
              "command": [
                "function titan_screen"
              ]
            },
            "weight": 1
          },
          {
            "run_command": {
              "command": [
                "function titan_screen_1"
              ]
            },
            "weight": 1
          },
          {
            "run_command": {
              "command": [
                "function titan_tv_laser"
              ]
            },
            "weight": 1
          }
        ]
      },
      "on:tick_action": {
        "randomize": []
      }
    },
    "component_groups": {}
  }
}