{
  "format_version": "1.16.0",
  "minecraft:entity": {
    "description": {
      "identifier": "skibidi_toilet:titian_cinema_speaker_man",
      "is_spawnable": true,
      "is_summonable": true,
      "is_experimental": false
    },
    "components": {
      "minecraft:experience_reward": {
        "on_death": "query.last_hit_by_player ? 1555 : 0"
      },
      "minecraft:health": {
        "value": 300000,
        "max": 300000
      },
      "minecraft:equip_item": {},
      "minecraft:collision_box": {
        "height": 3.6,
        "width": 1.0
      },
      "minecraft:attack": {
        "damage": 8500,
        "effect_name": "wither",
        "effect_duration": 30
      },
      "minecraft:equipment": {
        "table": "loot_tables/entities/wither_skeleton_gear.json"
      },
      "minecraft:movement": {
        "value": 0.43
      },
      "minecraft:navigation.walk": {
        "avoid_damage_blocks": false,
        "can_walk": true,
        "avoid_water": false,
        "can_path_over_water": true,
        "can_pass_doors": true,
        "can_break_doors": true,
        "can_open_doors": true,
        "can_open_iron_doors": true
      },
      "minecraft:movement.basic": {},
      "minecraft:jump.static": {},
      "minecraft:can_climb": {},
      "minecraft:scale": {
        "value": 3.5
      },
      "minecraft:fire_immune": {},
      "minecraft:despawn": {
        "despawn_from_distance": {}
      },
      "minecraft:behavior.hurt_by_target": {
        "priority": 3
      },
      "minecraft:behavior.nearest_attackable_target": {
        "priority": 2,
        "reselect_targets": true,
        "must_see": true,
        "entity_types": [
          {
            "filters": {
              "any_of": [
                {
                  "test": "is_family",
                  "subject": "other",
                  "value": "toilet"
                },
                {
                  "test": "is_family",
                  "subject": "other",
                  "value": "skibidi_toilet"
                },
                {
                  "test": "is_family",
                  "subject": "other",
                  "value": "skibiditoilet"
                },
                {
                  "test": "is_family",
                  "subject": "other",
                  "value": "monster"
                },
                {
                  "test": "is_family",
                  "subject": "other",
                  "value": "undead"
                },
                {
                  "test": "is_family",
                  "subject": "other",
                  "value": "ghast"
                }
              ]
            },
            "max_dist": 2500.0,
            "must_see": true
          },
          {
            "filters": {
              "test": "is_family",
              "subject": "other",
              "value": "monster"
            },
            "max_dist": 1600
          },
          {
            "filters": {
              "all_of": [
                {
                  "test": "is_family",
                  "subject": "other",
                  "value": "monster"
                },
                {
                  "test": "in_water",
                  "subject": "other",
                  "operator": "!=",
                  "value": true
                }
              ]
            },
            "max_dist": 1600
          },
          {
            "filters": {
              "all_of": [
                {
                  "test": "is_family",
                  "subject": "other",
                  "value": "skibiditoilet"
                },
                {
                  "test": "in_water",
                  "subject": "other",
                  "operator": "!=",
                  "value": true
                }
              ]
            },
            "max_dist": 2000
          },
          {
            "filters": {
              "all_of": [
                {
                  "test": "is_family",
                  "subject": "other",
                  "value": "skibidi_toilet"
                },
                {
                  "test": "in_water",
                  "subject": "other",
                  "operator": "!=",
                  "value": true
                }
              ]
            },
            "max_dist": 2000
          }
        ],
        "within_radius": 1500,
        "must_reach": true
      },
      "minecraft:behavior.melee_attack": {
        "priority": 4,
        "track_target": true,
        "reach_multiplier": 10,
        "speed_multiplier": 1.25
      },
      "minecraft:damage_sensor": {
        "triggers": [
          {
            "deals_damage": false,
            "on_damage": {
              "filters": {
                "all_of": [
                  {
                    "test": "has_damage",
                    "value": "entity_explosion"
                  }
                ]
              }
            }
          },
          {
            "deals_damage": false,
            "on_damage": {
              "filters": {
                "all_of": [
                  {
                    "test": "has_damage",
                    "value": "fall"
                  }
                ]
              }
            }
          },
          {
            "deals_damage": true,
            "on_damage": {
              "filters": {
                "all_of": [
                  {
                    "test": "has_damage",
                    "value": "player"
                  }
                ]
              }
            }
          }
        ]
      },
      "minecraft:behavior.random_stroll": {
        "priority": 6,
        "speed_multiplier": 1
      },
      "minecraft:behavior.look_at_player": {
        "priority": 7,
        "look_distance": 8
      },
      "minecraft:behavior.random_look_around": {
        "priority": 8
      },
      "minecraft:type_family": {
        "family": [
          "Titan_speaker_man",
          "player",
          "Titan_speaker_man",
          "player",
          "Titan_speaker_man",
          "player",
          "Titan_speaker_man",
          "player"
        ]
      },
      "minecraft:physics": {},
      "minecraft:pushable": {
        "is_pushable": true,
        "is_pushable_by_piston": true
      },
      "minecraft:underwater_movement": {
        "value": 0.07
      },
      "minecraft:behavior.owner_hurt_by_target": {
        "priority": 1
      },
      "minecraft:behavior.owner_hurt_target": {
        "priority": 2
      },
      "minecraft:behavior.float": {
        "priority": 2,
        "speed_multiplier": 7
      },
      "minecraft:on_hurt_by_player": {
        "event": "on:hurt_by_player",
        "target": "self"
      },
      "minecraft:on_ignite": {
        "event": "on:ignite",
        "target": "self"
      },
      "minecraft:on_target_acquired": {
        "event": "on:target_acquired",
        "target": "self"
      },
      "minecraft:on_target_escape": {
        "event": "on:target_escape",
        "target": "self"
      },
      "minecraft:on_wake_with_owner": {
        "event": "on:wake_with_owner",
        "target": "self"
      },
      "minecraft:boss": {
        "should_darken_sky": true,
        "hud_range": 100,
        "name": "§0Titian §4Cinema §cSpeaker Man§2[§4titan§2]"
      },
      "minecraft:on_death": {
        "event": "on:death",
        "target": "self"
      },
      "minecraft:knockback_resistance": {
        "value": 31.0,
        "max": 31.0
      },
      "minecraft:loot": {
        "table": "loot_tables/entities/skibidi_toilet_titian_cinema_speaker_man.json"
      }
    },
    "events": {
      "minecraft:entity_spawned": {},
      "on:death": {
        "randomize": [
          {
            "run_command": {
              "command": [
                "function Titian_Cinema_Speaker_Man_1"
              ]
            },
            "weight": 1
          },
          {
            "run_command": {
              "command": [
                "function red_laser"
              ]
            },
            "weight": 1
          }
        ]
      },
      "on:hurt": {
        "run_command": {
          "command": []
        }
      },
      "on:hurt_by_player": {
        "randomize": [
          {
            "run_command": {
              "command": [
                "function red_laser"
              ]
            },
            "weight": 1
          },
          {
            "run_command": {
              "command": [
                "function Titian_Cinema_Speaker_Man_1"
              ]
            },
            "weight": 1
          }
        ]
      },
      "on:ignite": {
        "randomize": [
          {
            "run_command": {
              "command": [
                "function red_laser"
              ]
            },
            "weight": 1
          },
          {
            "run_command": {
              "command": [
                "function Titian_Cinema_Speaker_Man_1"
              ]
            },
            "weight": 1
          }
        ]
      },
      "on:target_acquired": {
        "randomize": [
          {
            "run_command": {
              "command": [
                "function red_laser"
              ]
            },
            "weight": 1
          },
          {
            "run_command": {
              "command": [
                "function Titian_Cinema_Speaker_Man_1"
              ]
            },
            "weight": 1
          }
        ]
      },
      "on:target_escape": {
        "randomize": [
          {
            "run_command": {
              "command": [
                "function red_laser"
              ]
            },
            "weight": 1
          },
          {
            "run_command": {
              "command": [
                "function Titian_Cinema_Speaker_Man_1"
              ]
            },
            "weight": 1
          }
        ]
      },
      "on:wake_with_owner": {
        "randomize": [
          {
            "run_command": {
              "command": [
                "function red_laser"
              ]
            },
            "weight": 1
          },
          {
            "run_command": {
              "command": [
                "function Titian_Cinema_Speaker_Man_1"
              ]
            },
            "weight": 1
          }
        ]
      },
      "on:tick_action": {
        "randomize": []
      }
    },
    "component_groups": {}
  }
}