{
	"format_version": "1.16.0",
	"minecraft:geometry": [
		{
			"description": {
				"identifier": "geometry.kugisaki_hammer",
				"texture_width": 32,
				"texture_height": 32,
				"visible_bounds_width": 3,
				"visible_bounds_height": 3.5,
				"visible_bounds_offset": [0, 1.25, 0]
			},
			"bones": [
				{
					"name": "weapon",
					"pivot": [0, 19, 0]
				},
				{
					"name": "kugisaki_hammer",
					"parent": "weapon",
					"pivot": [0, 19, 0],
					"binding": "q.item_slot_to_bone_name(c.item_slot)",
					"cubes": [
						{
							"origin": [-0.5, 18.5, -4],
							"size": [1, 1, 8],
							"uv": {
								"north": {"uv": [8, 0], "uv_size": [3.5, 3.5]},
								"east": {"uv": [8, 0], "uv_size": [3.5, 3.5]},
								"south": {"uv": [8, 0], "uv_size": [3.5, 3.5]},
								"west": {"uv": [8, 0], "uv_size": [3.5, 3.5]},
								"up": {"uv": [11.5, 3.5], "uv_size": [-3.5, -3.5]},
								"down": {"uv": [11.5, 3.5], "uv_size": [-3.5, -3.5]}
							}
						},
						{
							"origin": [-0.625, 18.375, -4.5],
							"size": [1.25, 1.25, 0.5],
							"uv": {
								"north": {"uv": [0, 0], "uv_size": [8, 8]},
								"east": {"uv": [0, 0], "uv_size": [8, 8]},
								"south": {"uv": [0, 0], "uv_size": [8, 8]},
								"west": {"uv": [0, 0], "uv_size": [8, 8]},
								"up": {"uv": [8, 8], "uv_size": [-8, -8]},
								"down": {"uv": [8, 8], "uv_size": [-8, -8]}
							}
						},
						{
							"origin": [-0.625, 16.75, -5.875],
							"size": [1.25, 3.5, 1.25],
							"uv": {
								"north": {"uv": [0, 0], "uv_size": [8, 8]},
								"east": {"uv": [0, 0], "uv_size": [8, 8]},
								"south": {"uv": [0, 0], "uv_size": [8, 8]},
								"west": {"uv": [0, 0], "uv_size": [8, 8]},
								"up": {"uv": [8, 8], "uv_size": [-8, -8]},
								"down": {"uv": [8, 8], "uv_size": [-8, -8]}
							}
						},
						{
							"origin": [-0.625, 16.75, -5.8875],
							"size": [1.25, 1.25, 0],
							"uv": {
								"north": {"uv": [0, 8], "uv_size": [12.5, 12.5]},
								"east": {"uv": [24, 0], "uv_size": [8, 8]},
								"south": {"uv": [24, 0], "uv_size": [8, 8]},
								"west": {"uv": [24, 0], "uv_size": [8, 8]},
								"up": {"uv": [32, 8], "uv_size": [-8, -8]},
								"down": {"uv": [32, 8], "uv_size": [-8, -8]}
							}
						},
						{
							"origin": [0.125, 19.85, -5.125],
							"size": [0.5, 1.3, 0.5],
							"uv": {
								"north": {"uv": [0, 0], "uv_size": [8, 8]},
								"east": {"uv": [0, 0], "uv_size": [8, 8]},
								"south": {"uv": [0, 0], "uv_size": [8, 8]},
								"west": {"uv": [0, 0], "uv_size": [8, 8]},
								"up": {"uv": [8, 8], "uv_size": [-8, -8]},
								"down": {"uv": [8, 8], "uv_size": [-8, -8]}
							}
						},
						{
							"origin": [0.125, 15.51106, -5.93902],
							"size": [0.5, 1.5, 0.75],
							"pivot": [0, 17.76106, 2.93598],
							"rotation": [-30, 0, 0],
							"uv": {
								"north": {"uv": [0, 0], "uv_size": [8, 8]},
								"east": {"uv": [0, 0], "uv_size": [8, 8]},
								"south": {"uv": [0, 0], "uv_size": [8, 8]},
								"west": {"uv": [0, 0], "uv_size": [8, 8]},
								"up": {"uv": [8, 8], "uv_size": [-8, -8]},
								"down": {"uv": [8, 8], "uv_size": [-8, -8]}
							}
						},
						{
							"origin": [0.125, 15.51106, -5.55152],
							"size": [0.5, 2.3, 0.3625],
							"pivot": [0, 17.76106, 2.93598],
							"rotation": [-30, 0, 0],
							"uv": {
								"north": {"uv": [0, 0], "uv_size": [8, 8]},
								"east": {"uv": [0, 0], "uv_size": [8, 8]},
								"south": {"uv": [0, 0], "uv_size": [8, 8]},
								"west": {"uv": [0, 0], "uv_size": [8, 8]},
								"up": {"uv": [8, 8], "uv_size": [-8, -8]},
								"down": {"uv": [8, 8], "uv_size": [-8, -8]}
							}
						},
						{
							"origin": [0.125, 13.31961, -7.06642],
							"size": [0.5, 1.125, 0.375],
							"pivot": [0, 15.56961, 1.80858],
							"rotation": [-55, 0, 0],
							"uv": {
								"north": {"uv": [0, 0], "uv_size": [8, 8]},
								"east": {"uv": [0, 0], "uv_size": [8, 8]},
								"south": {"uv": [0, 0], "uv_size": [8, 8]},
								"west": {"uv": [0, 0], "uv_size": [8, 8]},
								"up": {"uv": [8, 8], "uv_size": [-8, -8]},
								"down": {"uv": [8, 8], "uv_size": [-8, -8]}
							}
						},
						{
							"origin": [-0.625, 15.51106, -5.55152],
							"size": [0.5, 2.3, 0.3625],
							"pivot": [-0.75, 17.76106, 2.93598],
							"rotation": [-30, 0, 0],
							"uv": {
								"north": {"uv": [0, 0], "uv_size": [8, 8]},
								"east": {"uv": [0, 0], "uv_size": [8, 8]},
								"south": {"uv": [0, 0], "uv_size": [8, 8]},
								"west": {"uv": [0, 0], "uv_size": [8, 8]},
								"up": {"uv": [8, 8], "uv_size": [-8, -8]},
								"down": {"uv": [8, 8], "uv_size": [-8, -8]}
							}
						},
						{
							"origin": [-0.625, 13.31961, -7.06642],
							"size": [0.5, 1.125, 0.375],
							"pivot": [-0.75, 15.56961, 1.80858],
							"rotation": [-55, 0, 0],
							"uv": {
								"north": {"uv": [0, 0], "uv_size": [8, 8]},
								"east": {"uv": [0, 0], "uv_size": [8, 8]},
								"south": {"uv": [0, 0], "uv_size": [8, 8]},
								"west": {"uv": [0, 0], "uv_size": [8, 8]},
								"up": {"uv": [8, 8], "uv_size": [-8, -8]},
								"down": {"uv": [8, 8], "uv_size": [-8, -8]}
							}
						},
						{
							"origin": [-0.625, 15.51106, -5.93902],
							"size": [0.5, 1.5, 0.75],
							"pivot": [-0.75, 17.76106, 2.93598],
							"rotation": [-30, 0, 0],
							"uv": {
								"north": {"uv": [0, 0], "uv_size": [8, 8]},
								"east": {"uv": [0, 0], "uv_size": [8, 8]},
								"south": {"uv": [0, 0], "uv_size": [8, 8]},
								"west": {"uv": [0, 0], "uv_size": [8, 8]},
								"up": {"uv": [8, 8], "uv_size": [-8, -8]},
								"down": {"uv": [8, 8], "uv_size": [-8, -8]}
							}
						},
						{
							"origin": [-0.175, 15.51106, -5.93902],
							"size": [0.55, 0.85, 0.75],
							"pivot": [-0.75, 17.76106, 2.93598],
							"rotation": [-30, 0, 0],
							"uv": {
								"north": {"uv": [0, 0], "uv_size": [8, 8]},
								"east": {"uv": [0, 0], "uv_size": [8, 8]},
								"south": {"uv": [0, 0], "uv_size": [8, 8]},
								"west": {"uv": [0, 0], "uv_size": [8, 8]},
								"up": {"uv": [8, 8], "uv_size": [-8, -8]},
								"down": {"uv": [8, 8], "uv_size": [-8, -8]}
							}
						},
						{
							"origin": [-0.625, 19.85, -5.125],
							"size": [0.5, 1.3, 0.5],
							"uv": {
								"north": {"uv": [0, 0], "uv_size": [8, 8]},
								"east": {"uv": [0, 0], "uv_size": [8, 8]},
								"south": {"uv": [0, 0], "uv_size": [8, 8]},
								"west": {"uv": [0, 0], "uv_size": [8, 8]},
								"up": {"uv": [8, 8], "uv_size": [-8, -8]},
								"down": {"uv": [8, 8], "uv_size": [-8, -8]}
							}
						},
						{
							"origin": [-0.75, 18.25, -6],
							"size": [1.5, 1.5, 1.5],
							"uv": {
								"north": {"uv": [0, 0], "uv_size": [8, 8]},
								"east": {"uv": [0, 0], "uv_size": [8, 8]},
								"south": {"uv": [0, 0], "uv_size": [8, 8]},
								"west": {"uv": [0, 0], "uv_size": [8, 8]},
								"up": {"uv": [8, 8], "uv_size": [-8, -8]},
								"down": {"uv": [8, 8], "uv_size": [-8, -8]}
							}
						}
					]
				}
			]
		}
	]
}