{
	"format_version": "1.12.0",
	"minecraft:geometry": [
		{
			"description": {
				"identifier": "geometry.tomonari",
				"texture_width": 16,
				"texture_height": 16,
				"visible_bounds_width": 6,
				"visible_bounds_height": 5,
				"visible_bounds_offset": [0, 1.5, 0]
			},
			"bones": [
				{
					"name": "root",
					"pivot": [0, 10, 0]
				},
				{
					"name": "toge",
					"parent": "root",
					"pivot": [0, 20, 0],
					"cubes": [
						{"origin": [-7, 20, -7], "size": [14, 1, 14], "uv": [0, 0]}
					]
				},
				{
					"name": "toge2",
					"parent": "toge",
					"pivot": [0, 21, 0],
					"cubes": [
						{"origin": [-6, 21, -6], "size": [12, 1, 12], "uv": [0, 0]}
					]
				},
				{
					"name": "toge3",
					"parent": "toge2",
					"pivot": [0, 22, 0],
					"cubes": [
						{"origin": [-5, 22, -5], "size": [10, 1, 10], "uv": [0, 0]}
					]
				},
				{
					"name": "toge4",
					"parent": "toge3",
					"pivot": [0, 23, 0],
					"cubes": [
						{"origin": [-4, 23, -4], "size": [8, 1, 8], "uv": [0, 0]}
					]
				},
				{
					"name": "toge5",
					"parent": "toge4",
					"pivot": [0, 24, 0],
					"cubes": [
						{"origin": [-3, 24, -3], "size": [6, 1, 6], "uv": [0, 0]}
					]
				},
				{
					"name": "toge6",
					"parent": "toge5",
					"pivot": [0, 25, 0],
					"cubes": [
						{"origin": [-2, 25, -2], "size": [4, 1, 4], "uv": [0, 0]}
					]
				},
				{
					"name": "toge7",
					"parent": "toge6",
					"pivot": [0, 26, 0],
					"cubes": [
						{"origin": [-1, 26, -1], "size": [2, 1, 2], "uv": [0, 0]}
					]
				},
				{
					"name": "toge8",
					"parent": "root",
					"pivot": [0, 20, 0],
					"rotation": [0, 0, 90],
					"cubes": [
						{"origin": [-7, 20, -7], "size": [14, 1, 14], "uv": [0, 0]}
					]
				},
				{
					"name": "toge9",
					"parent": "toge8",
					"pivot": [0, 21, 0],
					"cubes": [
						{"origin": [-6, 21, -6], "size": [12, 1, 12], "uv": [0, 0]}
					]
				},
				{
					"name": "toge10",
					"parent": "toge9",
					"pivot": [0, 22, 0],
					"cubes": [
						{"origin": [-5, 22, -5], "size": [10, 1, 10], "uv": [0, 0]}
					]
				},
				{
					"name": "toge11",
					"parent": "toge10",
					"pivot": [0, 23, 0],
					"cubes": [
						{"origin": [-4, 23, -4], "size": [8, 1, 8], "uv": [0, 0]}
					]
				},
				{
					"name": "toge12",
					"parent": "toge11",
					"pivot": [0, 24, 0],
					"cubes": [
						{"origin": [-3, 24, -3], "size": [6, 1, 6], "uv": [0, 0]}
					]
				},
				{
					"name": "toge13",
					"parent": "toge12",
					"pivot": [0, 25, 0],
					"cubes": [
						{"origin": [-2, 25, -2], "size": [4, 1, 4], "uv": [0, 0]}
					]
				},
				{
					"name": "toge14",
					"parent": "toge13",
					"pivot": [0, 26, 0],
					"cubes": [
						{"origin": [-1, 26, -1], "size": [2, 1, 2], "uv": [0, 0]}
					]
				},
				{
					"name": "toge15",
					"parent": "root",
					"pivot": [0, 20, 0],
					"rotation": [0, 0, -90],
					"cubes": [
						{"origin": [-7, 20, -7], "size": [14, 1, 14], "uv": [0, 0]}
					]
				},
				{
					"name": "toge16",
					"parent": "toge15",
					"pivot": [0, 21, 0],
					"cubes": [
						{"origin": [-6, 21, -6], "size": [12, 1, 12], "uv": [0, 0]}
					]
				},
				{
					"name": "toge17",
					"parent": "toge16",
					"pivot": [0, 22, 0],
					"cubes": [
						{"origin": [-5, 22, -5], "size": [10, 1, 10], "uv": [0, 0]}
					]
				},
				{
					"name": "toge18",
					"parent": "toge17",
					"pivot": [0, 23, 0],
					"cubes": [
						{"origin": [-4, 23, -4], "size": [8, 1, 8], "uv": [0, 0]}
					]
				},
				{
					"name": "toge19",
					"parent": "toge18",
					"pivot": [0, 24, 0],
					"cubes": [
						{"origin": [-3, 24, -3], "size": [6, 1, 6], "uv": [0, 0]}
					]
				},
				{
					"name": "toge20",
					"parent": "toge19",
					"pivot": [0, 25, 0],
					"cubes": [
						{"origin": [-2, 25, -2], "size": [4, 1, 4], "uv": [0, 0]}
					]
				},
				{
					"name": "toge21",
					"parent": "toge20",
					"pivot": [0, 26, 0],
					"cubes": [
						{"origin": [-1, 26, -1], "size": [2, 1, 2], "uv": [0, 0]}
					]
				},
				{
					"name": "toge22",
					"parent": "root",
					"pivot": [0, 20, 0],
					"rotation": [0, 0, -180],
					"cubes": [
						{"origin": [-7, 20, -7], "size": [14, 1, 14], "uv": [0, 0]}
					]
				},
				{
					"name": "toge23",
					"parent": "toge22",
					"pivot": [0, 21, 0],
					"cubes": [
						{"origin": [-6, 21, -6], "size": [12, 1, 12], "uv": [0, 0]}
					]
				},
				{
					"name": "toge24",
					"parent": "toge23",
					"pivot": [0, 22, 0],
					"cubes": [
						{"origin": [-5, 22, -5], "size": [10, 1, 10], "uv": [0, 0]}
					]
				},
				{
					"name": "toge25",
					"parent": "toge24",
					"pivot": [0, 23, 0],
					"cubes": [
						{"origin": [-4, 23, -4], "size": [8, 1, 8], "uv": [0, 0]}
					]
				},
				{
					"name": "toge26",
					"parent": "toge25",
					"pivot": [0, 24, 0],
					"cubes": [
						{"origin": [-3, 24, -3], "size": [6, 1, 6], "uv": [0, 0]}
					]
				},
				{
					"name": "toge27",
					"parent": "toge26",
					"pivot": [0, 25, 0],
					"cubes": [
						{"origin": [-2, 25, -2], "size": [4, 1, 4], "uv": [0, 0]}
					]
				},
				{
					"name": "toge28",
					"parent": "toge27",
					"pivot": [0, 26, 0],
					"cubes": [
						{"origin": [-1, 26, -1], "size": [2, 1, 2], "uv": [0, 0]}
					]
				},
				{
					"name": "toge29",
					"parent": "root",
					"pivot": [0, 20, 0],
					"rotation": [90, 0, -180],
					"cubes": [
						{"origin": [-7, 20, -7], "size": [14, 1, 14], "uv": [0, 0]}
					]
				},
				{
					"name": "toge30",
					"parent": "toge29",
					"pivot": [0, 21, 0],
					"cubes": [
						{"origin": [-6, 21, -6], "size": [12, 1, 12], "uv": [0, 0]}
					]
				},
				{
					"name": "toge31",
					"parent": "toge30",
					"pivot": [0, 22, 0],
					"cubes": [
						{"origin": [-5, 22, -5], "size": [10, 1, 10], "uv": [0, 0]}
					]
				},
				{
					"name": "toge32",
					"parent": "toge31",
					"pivot": [0, 23, 0],
					"cubes": [
						{"origin": [-4, 23, -4], "size": [8, 1, 8], "uv": [0, 0]}
					]
				},
				{
					"name": "toge33",
					"parent": "toge32",
					"pivot": [0, 24, 0],
					"cubes": [
						{"origin": [-3, 24, -3], "size": [6, 1, 6], "uv": [0, 0]}
					]
				},
				{
					"name": "toge34",
					"parent": "toge33",
					"pivot": [0, 25, 0],
					"cubes": [
						{"origin": [-2, 25, -2], "size": [4, 1, 4], "uv": [0, 0]}
					]
				},
				{
					"name": "toge35",
					"parent": "toge34",
					"pivot": [0, 26, 0],
					"cubes": [
						{"origin": [-1, 26, -1], "size": [2, 1, 2], "uv": [0, 0]}
					]
				},
				{
					"name": "toge36",
					"parent": "root",
					"pivot": [0, 20, 0],
					"rotation": [-90, 0, -180],
					"cubes": [
						{"origin": [-7, 20, -7], "size": [14, 1, 14], "uv": [0, 0]}
					]
				},
				{
					"name": "toge37",
					"parent": "toge36",
					"pivot": [0, 21, 0],
					"cubes": [
						{"origin": [-6, 21, -6], "size": [12, 1, 12], "uv": [0, 0]}
					]
				},
				{
					"name": "toge38",
					"parent": "toge37",
					"pivot": [0, 22, 0],
					"cubes": [
						{"origin": [-5, 22, -5], "size": [10, 1, 10], "uv": [0, 0]}
					]
				},
				{
					"name": "toge39",
					"parent": "toge38",
					"pivot": [0, 23, 0],
					"cubes": [
						{"origin": [-4, 23, -4], "size": [8, 1, 8], "uv": [0, 0]}
					]
				},
				{
					"name": "toge40",
					"parent": "toge39",
					"pivot": [0, 24, 0],
					"cubes": [
						{"origin": [-3, 24, -3], "size": [6, 1, 6], "uv": [0, 0]}
					]
				},
				{
					"name": "toge41",
					"parent": "toge40",
					"pivot": [0, 25, 0],
					"cubes": [
						{"origin": [-2, 25, -2], "size": [4, 1, 4], "uv": [0, 0]}
					]
				},
				{
					"name": "toge42",
					"parent": "toge41",
					"pivot": [0, 26, 0],
					"cubes": [
						{"origin": [-1, 26, -1], "size": [2, 1, 2], "uv": [0, 0]}
					]
				},
				{
					"name": "toge43",
					"parent": "root",
					"pivot": [0, 20, 0],
					"rotation": [-135, -45, -180],
					"cubes": [
						{"origin": [-7, 20, -7], "size": [14, 1, 14], "uv": [0, 0]}
					]
				},
				{
					"name": "toge44",
					"parent": "toge43",
					"pivot": [0, 21, 0],
					"cubes": [
						{"origin": [-6, 21, -6], "size": [12, 1, 12], "uv": [0, 0]}
					]
				},
				{
					"name": "toge45",
					"parent": "toge44",
					"pivot": [0, 22, 0],
					"cubes": [
						{"origin": [-5, 22, -5], "size": [10, 1, 10], "uv": [0, 0]}
					]
				},
				{
					"name": "toge46",
					"parent": "toge45",
					"pivot": [0, 23, 0],
					"cubes": [
						{"origin": [-4, 23, -4], "size": [8, 1, 8], "uv": [0, 0]}
					]
				},
				{
					"name": "toge47",
					"parent": "toge46",
					"pivot": [0, 24, 0],
					"cubes": [
						{"origin": [-3, 24, -3], "size": [6, 1, 6], "uv": [0, 0]}
					]
				},
				{
					"name": "toge48",
					"parent": "toge47",
					"pivot": [0, 25, 0],
					"cubes": [
						{"origin": [-2, 25, -2], "size": [4, 1, 4], "uv": [0, 0]}
					]
				},
				{
					"name": "toge49",
					"parent": "toge48",
					"pivot": [0, 26, 0],
					"cubes": [
						{"origin": [-1, 26, -1], "size": [2, 1, 2], "uv": [0, 0]}
					]
				},
				{
					"name": "toge50",
					"parent": "root",
					"pivot": [0, 20, 0],
					"rotation": [45, -45, -180],
					"cubes": [
						{"origin": [-7, 20, -7], "size": [14, 1, 14], "uv": [0, 0]}
					]
				},
				{
					"name": "toge51",
					"parent": "toge50",
					"pivot": [0, 21, 0],
					"cubes": [
						{"origin": [-6, 21, -6], "size": [12, 1, 12], "uv": [0, 0]}
					]
				},
				{
					"name": "toge52",
					"parent": "toge51",
					"pivot": [0, 22, 0],
					"cubes": [
						{"origin": [-5, 22, -5], "size": [10, 1, 10], "uv": [0, 0]}
					]
				},
				{
					"name": "toge53",
					"parent": "toge52",
					"pivot": [0, 23, 0],
					"cubes": [
						{"origin": [-4, 23, -4], "size": [8, 1, 8], "uv": [0, 0]}
					]
				},
				{
					"name": "toge54",
					"parent": "toge53",
					"pivot": [0, 24, 0],
					"cubes": [
						{"origin": [-3, 24, -3], "size": [6, 1, 6], "uv": [0, 0]}
					]
				},
				{
					"name": "toge55",
					"parent": "toge54",
					"pivot": [0, 25, 0],
					"cubes": [
						{"origin": [-2, 25, -2], "size": [4, 1, 4], "uv": [0, 0]}
					]
				},
				{
					"name": "toge56",
					"parent": "toge55",
					"pivot": [0, 26, 0],
					"cubes": [
						{"origin": [-1, 26, -1], "size": [2, 1, 2], "uv": [0, 0]}
					]
				},
				{
					"name": "toge57",
					"parent": "root",
					"pivot": [0, 20, 0],
					"rotation": [135, -45, 180],
					"cubes": [
						{"origin": [-7, 20, -7], "size": [14, 1, 14], "uv": [0, 0]}
					]
				},
				{
					"name": "toge58",
					"parent": "toge57",
					"pivot": [0, 21, 0],
					"cubes": [
						{"origin": [-6, 21, -6], "size": [12, 1, 12], "uv": [0, 0]}
					]
				},
				{
					"name": "toge59",
					"parent": "toge58",
					"pivot": [0, 22, 0],
					"cubes": [
						{"origin": [-5, 22, -5], "size": [10, 1, 10], "uv": [0, 0]}
					]
				},
				{
					"name": "toge60",
					"parent": "toge59",
					"pivot": [0, 23, 0],
					"cubes": [
						{"origin": [-4, 23, -4], "size": [8, 1, 8], "uv": [0, 0]}
					]
				},
				{
					"name": "toge61",
					"parent": "toge60",
					"pivot": [0, 24, 0],
					"cubes": [
						{"origin": [-3, 24, -3], "size": [6, 1, 6], "uv": [0, 0]}
					]
				},
				{
					"name": "toge62",
					"parent": "toge61",
					"pivot": [0, 25, 0],
					"cubes": [
						{"origin": [-2, 25, -2], "size": [4, 1, 4], "uv": [0, 0]}
					]
				},
				{
					"name": "toge63",
					"parent": "toge62",
					"pivot": [0, 26, 0],
					"cubes": [
						{"origin": [-1, 26, -1], "size": [2, 1, 2], "uv": [0, 0]}
					]
				},
				{
					"name": "toge64",
					"parent": "root",
					"pivot": [0, 20, 0],
					"rotation": [-45, -45, 180],
					"cubes": [
						{"origin": [-7, 20, -7], "size": [14, 1, 14], "uv": [0, 0]}
					]
				},
				{
					"name": "toge65",
					"parent": "toge64",
					"pivot": [0, 21, 0],
					"cubes": [
						{"origin": [-6, 21, -6], "size": [12, 1, 12], "uv": [0, 0]}
					]
				},
				{
					"name": "toge66",
					"parent": "toge65",
					"pivot": [0, 22, 0],
					"cubes": [
						{"origin": [-5, 22, -5], "size": [10, 1, 10], "uv": [0, 0]}
					]
				},
				{
					"name": "toge67",
					"parent": "toge66",
					"pivot": [0, 23, 0],
					"cubes": [
						{"origin": [-4, 23, -4], "size": [8, 1, 8], "uv": [0, 0]}
					]
				},
				{
					"name": "toge68",
					"parent": "toge67",
					"pivot": [0, 24, 0],
					"cubes": [
						{"origin": [-3, 24, -3], "size": [6, 1, 6], "uv": [0, 0]}
					]
				},
				{
					"name": "toge69",
					"parent": "toge68",
					"pivot": [0, 25, 0],
					"cubes": [
						{"origin": [-2, 25, -2], "size": [4, 1, 4], "uv": [0, 0]}
					]
				},
				{
					"name": "toge70",
					"parent": "toge69",
					"pivot": [0, 26, 0],
					"cubes": [
						{"origin": [-1, 26, -1], "size": [2, 1, 2], "uv": [0, 0]}
					]
				},
				{
					"name": "toge71",
					"parent": "root",
					"pivot": [0, 20, 0],
					"rotation": [45, -45, 0],
					"cubes": [
						{"origin": [-7, 20, -7], "size": [14, 1, 14], "uv": [0, 0]}
					]
				},
				{
					"name": "toge72",
					"parent": "toge71",
					"pivot": [0, 21, 0],
					"cubes": [
						{"origin": [-6, 21, -6], "size": [12, 1, 12], "uv": [0, 0]}
					]
				},
				{
					"name": "toge73",
					"parent": "toge72",
					"pivot": [0, 22, 0],
					"cubes": [
						{"origin": [-5, 22, -5], "size": [10, 1, 10], "uv": [0, 0]}
					]
				},
				{
					"name": "toge74",
					"parent": "toge73",
					"pivot": [0, 23, 0],
					"cubes": [
						{"origin": [-4, 23, -4], "size": [8, 1, 8], "uv": [0, 0]}
					]
				},
				{
					"name": "toge75",
					"parent": "toge74",
					"pivot": [0, 24, 0],
					"cubes": [
						{"origin": [-3, 24, -3], "size": [6, 1, 6], "uv": [0, 0]}
					]
				},
				{
					"name": "toge76",
					"parent": "toge75",
					"pivot": [0, 25, 0],
					"cubes": [
						{"origin": [-2, 25, -2], "size": [4, 1, 4], "uv": [0, 0]}
					]
				},
				{
					"name": "toge77",
					"parent": "toge76",
					"pivot": [0, 26, 0],
					"cubes": [
						{"origin": [-1, 26, -1], "size": [2, 1, 2], "uv": [0, 0]}
					]
				},
				{
					"name": "toge99",
					"parent": "root",
					"pivot": [0, 20, 0],
					"rotation": [135, -45, 0],
					"cubes": [
						{"origin": [-7, 20, -7], "size": [14, 1, 14], "uv": [0, 0]}
					]
				},
				{
					"name": "toge100",
					"parent": "toge99",
					"pivot": [0, 21, 0],
					"cubes": [
						{"origin": [-6, 21, -6], "size": [12, 1, 12], "uv": [0, 0]}
					]
				},
				{
					"name": "toge101",
					"parent": "toge100",
					"pivot": [0, 22, 0],
					"cubes": [
						{"origin": [-5, 22, -5], "size": [10, 1, 10], "uv": [0, 0]}
					]
				},
				{
					"name": "toge102",
					"parent": "toge101",
					"pivot": [0, 23, 0],
					"cubes": [
						{"origin": [-4, 23, -4], "size": [8, 1, 8], "uv": [0, 0]}
					]
				},
				{
					"name": "toge103",
					"parent": "toge102",
					"pivot": [0, 24, 0],
					"cubes": [
						{"origin": [-3, 24, -3], "size": [6, 1, 6], "uv": [0, 0]}
					]
				},
				{
					"name": "toge104",
					"parent": "toge103",
					"pivot": [0, 25, 0],
					"cubes": [
						{"origin": [-2, 25, -2], "size": [4, 1, 4], "uv": [0, 0]}
					]
				},
				{
					"name": "toge105",
					"parent": "toge104",
					"pivot": [0, 26, 0],
					"cubes": [
						{"origin": [-1, 26, -1], "size": [2, 1, 2], "uv": [0, 0]}
					]
				},
				{
					"name": "toge106",
					"parent": "root",
					"pivot": [0, 20, 0],
					"rotation": [-135, -45, 0],
					"cubes": [
						{"origin": [-7, 20, -7], "size": [14, 1, 14], "uv": [0, 0]}
					]
				},
				{
					"name": "toge107",
					"parent": "toge106",
					"pivot": [0, 21, 0],
					"cubes": [
						{"origin": [-6, 21, -6], "size": [12, 1, 12], "uv": [0, 0]}
					]
				},
				{
					"name": "toge108",
					"parent": "toge107",
					"pivot": [0, 22, 0],
					"cubes": [
						{"origin": [-5, 22, -5], "size": [10, 1, 10], "uv": [0, 0]}
					]
				},
				{
					"name": "toge109",
					"parent": "toge108",
					"pivot": [0, 23, 0],
					"cubes": [
						{"origin": [-4, 23, -4], "size": [8, 1, 8], "uv": [0, 0]}
					]
				},
				{
					"name": "toge110",
					"parent": "toge109",
					"pivot": [0, 24, 0],
					"cubes": [
						{"origin": [-3, 24, -3], "size": [6, 1, 6], "uv": [0, 0]}
					]
				},
				{
					"name": "toge111",
					"parent": "toge110",
					"pivot": [0, 25, 0],
					"cubes": [
						{"origin": [-2, 25, -2], "size": [4, 1, 4], "uv": [0, 0]}
					]
				},
				{
					"name": "toge112",
					"parent": "toge111",
					"pivot": [0, 26, 0],
					"cubes": [
						{"origin": [-1, 26, -1], "size": [2, 1, 2], "uv": [0, 0]}
					]
				},
				{
					"name": "toge113",
					"parent": "root",
					"pivot": [0, 20, 0],
					"rotation": [-45, -45, 0],
					"cubes": [
						{"origin": [-7, 20, -7], "size": [14, 1, 14], "uv": [0, 0]}
					]
				},
				{
					"name": "toge114",
					"parent": "toge113",
					"pivot": [0, 21, 0],
					"cubes": [
						{"origin": [-6, 21, -6], "size": [12, 1, 12], "uv": [0, 0]}
					]
				},
				{
					"name": "toge115",
					"parent": "toge114",
					"pivot": [0, 22, 0],
					"cubes": [
						{"origin": [-5, 22, -5], "size": [10, 1, 10], "uv": [0, 0]}
					]
				},
				{
					"name": "toge116",
					"parent": "toge115",
					"pivot": [0, 23, 0],
					"cubes": [
						{"origin": [-4, 23, -4], "size": [8, 1, 8], "uv": [0, 0]}
					]
				},
				{
					"name": "toge117",
					"parent": "toge116",
					"pivot": [0, 24, 0],
					"cubes": [
						{"origin": [-3, 24, -3], "size": [6, 1, 6], "uv": [0, 0]}
					]
				},
				{
					"name": "toge118",
					"parent": "toge117",
					"pivot": [0, 25, 0],
					"cubes": [
						{"origin": [-2, 25, -2], "size": [4, 1, 4], "uv": [0, 0]}
					]
				},
				{
					"name": "toge119",
					"parent": "toge118",
					"pivot": [0, 26, 0],
					"cubes": [
						{"origin": [-1, 26, -1], "size": [2, 1, 2], "uv": [0, 0]}
					]
				}
			]
		}
	]
}