{
  "format_version": "1.16.100",
  "minecraft:item": {
    "description": {
      "identifier": "rg:ifood_bag",
      "category": "Equipment"
    },
    "components": {
      "minecraft:icon": {
        "texture": "rg:ifood_bag"
      },
      "minecraft:creative_category": {
        "parent": "itemGroup.name.chestplate"
      },
      "minecraft:max_stack_size": 1,
      "minecraft:enchantable": {
        "value": 10,
        "slot": "armor_torso"
      },
      "minecraft:durability": {
        "max_durability": 5000,
        "damage_chance": {
          "min": 1,
          "max": 1
        }
      },
      "minecraft:knockback_resistance": {
        "protection": 1.0
      },
      "minecraft:mining_speed": 5,
      "minecraft:foil": false,
      "minecraft:wearable": {
        "slot": "slot.armor.chest"
      },
      "minecraft:render_offsets": "chestplates",
      "minecraft:repairable": {
        "repair_items": []
      },
      "minecraft:armor": {
        "protection": 1
      },
            "minecraft:display_name": {
   "value": "Ifood Bag"
            }
    }
  }
}