{
	"format_version": "1.8.0",
	"animations": {
		"animation.lighting.on": {
			"loop": true,
			"animation_length": 8,
			"bones": {
				"bone2": {
					"rotation": {
						"0.0": [0, 0, 0],
						"2.0": [0, -45, 0],
						"4.0": [0, 0, 0],
						"6.0": [0, 45, 0],
						"8.0": [0, 0, 0]
					}
				},
				"bone3": {
					"rotation": {
						"0.0": [0, 0, 0],
						"2.0": [20, 0, 0],
						"4.0": [-20, 0, 0],
						"6.0": [20, 0, 0],
						"7.5": [22.5, 0, 0],
						"8.0": [2.5, 0, 0]
					}
				}
			}
		}
	}
}