{
	"format_version": "1.8.0",
	"animations": {
		"animation.bigtv.ray": {
			"loop": "hold_on_last_frame",
			"bones": {
				"TvRay": {
					"position": [-13, -5, 24],
					"scale": [1.1, 1.2, 9.1]
				},
				"TvRay2": {
					"position": [7, 6, -33],
					"scale": [1.3, 1.3, 9.3]
				},
				"TvRay3": {
					"rotation": [-7.5, 0, 0],
					"position": [-21, -2, 18],
					"scale": [1.1, 1.3, 8.6]
				},
				"TvRay4": {
					"position": [1, 19, 21],
					"scale": [1.3, 1.4, 8.3]
				},
				"BigTvray": {
					"position": [-18, -6, 64],
					"scale": [2.4, 2.3, 21.2]
				}
			}
		}
	}
}