{
	"format_version": "1.8.0",
	"animations": {
		"animation.skibidi.bob": {
			"loop": true,
			"animation_length": 1.79167,
			"bones": {
				"Head": {
					"rotation": {
						"0.0": [0, 0, 0],
						"0.7083": [0, 0, 0],
						"0.9167": [0, 0, 10],
						"1.1667": [0, 0, -12.5],
						"1.375": [0, 0, 2.5]
					},
					"position": {
						"0.0": [0, 0, 0],
						"0.1667": [0, -2, 0],
						"0.3333": [0, 0, 0],
						"0.5": [0, -2, 0],
						"0.7083": [0, 0, 0],
						"1.25": [0, 0, 0],
						"1.375": [0, 7, 0],
						"1.4167": [0, 7, 0],
						"1.4583": [0, 7, 0],
						"1.5": [0, 0, 0],
						"1.625": [0, 7, 0],
						"1.6667": [0, 7, 0],
						"1.7083": [0, 7, 0]
					},
					"scale": 1
				},
				"Eyebrow1": {
					"rotation": {
						"0.0": [0, 0, 0],
						"0.1667": [0, 0, 32.5]
					},
					"position": {
						"0.0": [0, 0, 0],
						"0.1667": [0.5, 1, 0]
					}
				},
				"Eyebrow2": {
					"rotation": {
						"0.0": [0, 0, 0],
						"0.1667": [0, 0, -32.5]
					},
					"position": {
						"0.0": [0, 0, 0],
						"0.1667": [-0.5, 1, 0]
					}
				},
				"Neck": {
					"rotation": {
						"0.0": [0, 0, 0],
						"1.375": [2.5, 0, 0]
					},
					"position": [0, 0, 0],
					"scale": {
						"0.0": [1, 1, 1],
						"1.1667": [1, 1, 1],
						"1.3333": [1, 2.8, 1],
						"1.375": [1, 2.5, 1],
						"1.4167": [1, 2.5, 1],
						"1.4583": [1, 2.5, 1],
						"1.5": [1, 1, 1],
						"1.625": [1, 2.5, 1]
					}
				}
			}
		}
	}
}