{
    "format_version": "1.10.0",
    "particle_effect": {
        "description": {
            "identifier": "minecraft:knockback_roar_particle",
            "basic_render_parameters": {
                "material": "particles_alpha",
                "texture": "textures/particle/particles"
            }
        },
        "components": {
            "minecraft:emitter_lifetime_once": {
            },
            "minecraft:emitter_rate_instant": {
                "num_particles": 0
            }
        }
    }
}