{"format_version":"1.10.0","minecraft:client_entity":{"description":{"identifier":"yg:camera_man","materials":{"default":"witch"},"textures":{"default":"textures/entity/camera/camera_man/yg_camera_man","default2":"textures/entity/camera/camera_man/yg_camera_man_2","black":"textures/entity/camera/camera_man/yg_camera_man_black","black2":"textures/entity/camera/camera_man/yg_camera_man_black2","red":"textures/entity/camera/camera_man/yg_camera_man_red","red2":"textures/entity/camera/camera_man/yg_camera_man_red2"},"geometry":{"default":"geometry.yg_camera_man"},"scripts":{"animate":["move","general"],"pre_animation":["variable.random = math.round(math.random(0,2));"]},"animations":{"moving":"animation.yg_camera_man.move","move":"controller.animation.yg_camera_man.move","gazo_general":"animation.yg_camera_man.general","general":"controller.animation.yg_camera_man.general","attack0":"animation.yg_camera_man.attack","attack1":"animation.yg_camera_man.attack2","attack2":"animation.yg_camera_man.attack3","look_at_target":"animation.yg_camera_man.looking"},"render_controllers":["controller.render.yg_camera_man"],"spawn_egg":{"texture":"yg:camera_man","texture_index":0}}}}