{"format_version":"1.10.0","minecraft:client_entity":{"description":{"identifier":"yg:camera_women","materials":{"default":"enderman"},"textures":{"default":"textures/entity/camera/camera_women/yg_camera_women","angry":"textures/entity/camera/camera_women/yg_camera_women_angry"},"geometry":{"default":"geometry.yg_camera_women"},"scripts":{"animate":["move","general"],"pre_animation":["variable.random = math.round(math.random(0,2));"]},"animations":{"moving":"animation.yg_camera_women.move","move":"controller.animation.yg_camera_women.move","gazo_general":"animation.yg_camera_women.general","general":"controller.animation.yg_camera_women.general","attack0":"animation.yg_camera_women.attack","attack1":"animation.yg_camera_women.attack2","attack2":"animation.yg_camera_women.attack3","look_at_target":"animation.yg_camera_women.looking","shoot":"animation.yg_camera_women.shoot"},"render_controllers":["controller.render.yg_camera_women"],"spawn_egg":{"texture":"yg:camera_women","texture_index":0}}}}