{"format_version":"1.10.0","minecraft:client_entity":{"description":{"identifier":"yg:infected_big_camera_man","materials":{"default":"witch"},"textures":{"default":"textures/entity/camera/big_camera_man/yg_big_camera_man","black":"textures/entity/camera/big_camera_man/yg_big_camera_man_black","red":"textures/entity/camera/big_camera_man/yg_big_camera_man_red"},"geometry":{"default":"geometry.yg_big_camera_man"},"scripts":{"animate":["move","general"],"pre_animation":["variable.random = math.round(math.random(0,2));"]},"animations":{"moving":"animation.yg_infected_big_camera_man.move","move":"controller.animation.yg_infected_big_camera_man.move","gazo_general":"animation.yg_infected_big_camera_man.general","general":"controller.animation.yg_infected_big_camera_man.general","attack0":"animation.yg_infected_big_camera_man.attack","attack1":"animation.yg_infected_big_camera_man.attack2","attack2":"animation.yg_infected_big_camera_man.attack3","look_at_target":"animation.yg_infected_big_camera_man.looking"},"render_controllers":["controller.render.yg_big_camera_man"],"spawn_egg":{"texture":"yg:big_camera_man","texture_index":0},"particle_effects":{"infection":"yg:infection"}}}}