{"format_version":"1.10.0","minecraft:client_entity":{"description":{"identifier":"yg:spider_camera","materials":{"default":"witch"},"textures":{"default":"textures/entity/camera/yg_spider_camera"},"geometry":{"default":"geometry.yg_spider_camera"},"scripts":{"animate":["move","general"],"pre_animation":["variable.random = math.round(math.random(0,2));"],"scale":"2"},"animations":{"moving":"animation.yg_spider_camera.move","move":"controller.animation.yg_spider_camera.move","gazo_general":"animation.yg_spider_camera.general","general":"controller.animation.yg_spider_camera.general"},"render_controllers":["controller.render.witch"],"spawn_egg":{"texture":"yg:spider_camera","texture_index":0}}}}