{"format_version":"1.10.0","minecraft:client_entity":{"description":{"identifier":"yg:titan_camera_man","materials":{"default":"enderman"},"textures":{"default":"textures/entity/camera/titan_camera/yg_titan_camera_man"},"geometry":{"default":"geometry.yg_titan_camera_man"},"scripts":{"animate":["move","general"],"pre_animation":["variable.random = math.round(math.random(0,2));"],"scale":"5"},"animations":{"moving":"animation.yg_titan_camera_man.move","move":"controller.animation.yg_titan_camera_man.move","gazo_general":"animation.yg_titan_camera_man.general","general":"controller.animation.yg_titan_camera_man.general","attack0":"animation.yg_titan_camera_man.attack","attack1":"animation.yg_infected_camera_man.attack2","attack2":"animation.yg_infected_camera_man.attack3","look_at_target":"animation.yg_titan_camera_man.looking"},"render_controllers":["controller.render.witch"],"spawn_egg":{"texture":"yg:titan_camera_man","texture_index":0}}}}