{
	"format_version": "1.12.0",
	"minecraft:geometry": [
		{
			"description": {
				"identifier": "geometry.fushiguro_touji_pants",
				"texture_width": 64,
				"texture_height": 64,
				"visible_bounds_width": 5,
				"visible_bounds_height": 5,
				"visible_bounds_offset": [0, 1.5, 0]
			},
			"bones": [
				{
					"name": "root4",
					"pivot": [0, 0, 0]
				},
				{
					"name": "root3",
					"parent": "root4",
					"pivot": [0, 0, 0]
				},
				{
					"name": "root2",
					"parent": "root3",
					"pivot": [0, 0, 0]
				},
				{
					"name": "root",
					"parent": "root2",
					"pivot": [0, 0, 0]
				},
				{
					"name": "rightLeg",
					"parent": "root",
					"pivot": [-1.9, 12, 0]
				},
				{
					"name": "fushiguro_touji_pants_bone29",
					"parent": "rightLeg",
					"pivot": [-1.65, 1, 0],
					"cubes": [
						{
							"origin": [-4.16187, 2.58089, -2.25],
							"size": [4.5, 3, 4.5],
							"uv": {
								"north": {"uv": [20, 52], "uv_size": [4, 8]},
								"east": {"uv": [16, 52], "uv_size": [4, 8]},
								"south": {"uv": [28, 52], "uv_size": [4, 8]},
								"west": {"uv": [24, 52], "uv_size": [4, 8]},
								"up": {"uv": [20, 48], "uv_size": [4, 4]},
								"down": {"uv": [24, 52], "uv_size": [4, -4]}
							}
						}
					]
				},
				{
					"name": "fushiguro_touji_pants_bone28",
					"parent": "fushiguro_touji_pants_bone29",
					"pivot": [-1.65, 1, 0],
					"cubes": [
						{
							"origin": [-6.29303, 4.25508, -2.25],
							"size": [4, 8.5, 4.5],
							"pivot": [-2.39303, 0.75508, -0.25],
							"rotation": [0, 0, 10],
							"uv": {
								"north": {"uv": [24, 52], "uv_size": [-4, 8]},
								"east": {"uv": [28, 52], "uv_size": [-4, 8]},
								"south": {"uv": [32, 52], "uv_size": [-4, 8]},
								"west": {"uv": [20, 52], "uv_size": [-4, 8]},
								"up": {"uv": [24, 48], "uv_size": [-4, 4]},
								"down": {"uv": [28, 52], "uv_size": [-4, -4]}
							}
						},
						{
							"origin": [0.21081, 6.12891, -2.25],
							"size": [4, 2.725, 4.5],
							"pivot": [4.11081, -3.14609, -0.25],
							"rotation": [0, 0, -32.5],
							"uv": {
								"north": {"uv": [24, 52], "uv_size": [-4, 8]},
								"east": {"uv": [28, 52], "uv_size": [-4, 8]},
								"south": {"uv": [32, 52], "uv_size": [-4, 8]},
								"west": {"uv": [20, 52], "uv_size": [-4, 8]},
								"up": {"uv": [24, 48], "uv_size": [-4, 4]},
								"down": {"uv": [28, 52], "uv_size": [-4, -4]}
							}
						}
					]
				},
				{
					"name": "fushiguro_touji_pants_bone26",
					"parent": "fushiguro_touji_pants_bone29",
					"pivot": [-1.4, 1, 0],
					"rotation": [0, -45, 0],
					"cubes": [
						{
							"origin": [-6.46947, 4.25508, -0.62953],
							"size": [4, 3.1, 1.85],
							"pivot": [-2.56947, 0.75508, -1.27953],
							"rotation": [0, 0, 10],
							"uv": {
								"north": {"uv": [24, 52], "uv_size": [-4, 8]},
								"east": {"uv": [28, 52], "uv_size": [-4, 8]},
								"south": {"uv": [32, 52], "uv_size": [-4, 8]},
								"west": {"uv": [20, 52], "uv_size": [-4, 8]},
								"up": {"uv": [24, 48], "uv_size": [-4, 4]},
								"down": {"uv": [28, 52], "uv_size": [-4, -4]}
							}
						},
						{
							"origin": [-6.46947, 4.25508, -0.40453],
							"size": [4, 6.4, 1.2],
							"pivot": [-2.56947, 0.75508, -1.27953],
							"rotation": [0, 0, 10],
							"uv": {
								"north": {"uv": [24, 52], "uv_size": [-4, 8]},
								"east": {"uv": [28, 52], "uv_size": [-4, 8]},
								"south": {"uv": [32, 52], "uv_size": [-4, 8]},
								"west": {"uv": [20, 52], "uv_size": [-4, 8]},
								"up": {"uv": [24, 48], "uv_size": [-4, 4]},
								"down": {"uv": [28, 52], "uv_size": [-4, -4]}
							}
						},
						{
							"origin": [0.03437, 7.80391, -0.62953],
							"size": [4, 1.05, 1.85],
							"pivot": [3.93437, -3.14609, -1.27953],
							"rotation": [0, 0, -32.5],
							"uv": {
								"north": {"uv": [24, 52], "uv_size": [-4, 8]},
								"east": {"uv": [28, 52], "uv_size": [-4, 8]},
								"south": {"uv": [32, 52], "uv_size": [-4, 8]},
								"west": {"uv": [20, 52], "uv_size": [-4, 8]},
								"up": {"uv": [24, 48], "uv_size": [-4, 4]},
								"down": {"uv": [28, 52], "uv_size": [-4, -4]}
							}
						},
						{
							"origin": [0.03437, 6.57891, -0.22953],
							"size": [4, 2.275, 1],
							"pivot": [3.93437, -3.14609, -1.27953],
							"rotation": [0, 0, -32.5],
							"uv": {
								"north": {"uv": [24, 52], "uv_size": [-4, 8]},
								"east": {"uv": [28, 52], "uv_size": [-4, 8]},
								"south": {"uv": [32, 52], "uv_size": [-4, 8]},
								"west": {"uv": [20, 52], "uv_size": [-4, 8]},
								"up": {"uv": [24, 48], "uv_size": [-4, 4]},
								"down": {"uv": [28, 52], "uv_size": [-4, -4]}
							}
						}
					]
				},
				{
					"name": "fushiguro_touji_pants_bone25",
					"parent": "fushiguro_touji_pants_bone29",
					"pivot": [-1.4, 1, 0],
					"rotation": [0, 45, 0],
					"cubes": [
						{
							"origin": [-6.46947, 4.25508, -1.22047],
							"size": [4, 3.1, 1.85],
							"pivot": [-2.56947, 0.75508, 1.27953],
							"rotation": [0, 0, 10],
							"uv": {
								"north": {"uv": [28, 52], "uv_size": [4, 8]},
								"east": {"uv": [24, 52], "uv_size": [4, 8]},
								"south": {"uv": [20, 52], "uv_size": [4, 8]},
								"west": {"uv": [16, 52], "uv_size": [4, 8]},
								"up": {"uv": [24, 52], "uv_size": [-4, -4]},
								"down": {"uv": [28, 48], "uv_size": [-4, 4]}
							}
						},
						{
							"origin": [-6.46947, 4.25508, -0.79547],
							"size": [4, 6.4, 1.2],
							"pivot": [-2.56947, 0.75508, 1.27953],
							"rotation": [0, 0, 10],
							"uv": {
								"north": {"uv": [28, 52], "uv_size": [4, 8]},
								"east": {"uv": [24, 52], "uv_size": [4, 8]},
								"south": {"uv": [20, 52], "uv_size": [4, 8]},
								"west": {"uv": [16, 52], "uv_size": [4, 8]},
								"up": {"uv": [24, 52], "uv_size": [-4, -4]},
								"down": {"uv": [28, 48], "uv_size": [-4, 4]}
							}
						},
						{
							"origin": [0.03437, 7.80391, -1.22047],
							"size": [4, 1.05, 1.85],
							"pivot": [3.93437, -3.14609, 1.27953],
							"rotation": [0, 0, -32.5],
							"uv": {
								"north": {"uv": [28, 52], "uv_size": [4, 8]},
								"east": {"uv": [24, 52], "uv_size": [4, 8]},
								"south": {"uv": [20, 52], "uv_size": [4, 8]},
								"west": {"uv": [16, 52], "uv_size": [4, 8]},
								"up": {"uv": [24, 52], "uv_size": [-4, -4]},
								"down": {"uv": [28, 48], "uv_size": [-4, 4]}
							}
						},
						{
							"origin": [0.03437, 6.57891, -0.77047],
							"size": [4, 2.275, 1],
							"pivot": [3.93437, -3.14609, 1.27953],
							"rotation": [0, 0, -32.5],
							"uv": {
								"north": {"uv": [28, 52], "uv_size": [4, 8]},
								"east": {"uv": [24, 52], "uv_size": [4, 8]},
								"south": {"uv": [20, 52], "uv_size": [4, 8]},
								"west": {"uv": [16, 52], "uv_size": [4, 8]},
								"up": {"uv": [24, 52], "uv_size": [-4, -4]},
								"down": {"uv": [28, 48], "uv_size": [-4, 4]}
							}
						}
					]
				},
				{
					"name": "fushiguro_touji_pants_bone15",
					"parent": "fushiguro_touji_pants_bone29",
					"pivot": [-2.35, 1, 0],
					"rotation": [0, 45, 0],
					"cubes": [
						{
							"origin": [-1.28053, 4.25508, -0.62953],
							"size": [4, 3.1, 1.85],
							"pivot": [-1.18053, 0.75508, -1.27953],
							"rotation": [0, 0, -10],
							"uv": {
								"north": {"uv": [20, 52], "uv_size": [4, 8]},
								"east": {"uv": [16, 52], "uv_size": [4, 8]},
								"south": {"uv": [28, 52], "uv_size": [4, 8]},
								"west": {"uv": [24, 52], "uv_size": [4, 8]},
								"up": {"uv": [20, 48], "uv_size": [4, 4]},
								"down": {"uv": [24, 52], "uv_size": [4, -4]}
							}
						},
						{
							"origin": [-1.28053, 4.25508, -0.40453],
							"size": [4, 6.4, 1.2],
							"pivot": [-1.18053, 0.75508, -1.27953],
							"rotation": [0, 0, -10],
							"uv": {
								"north": {"uv": [20, 52], "uv_size": [4, 8]},
								"east": {"uv": [16, 52], "uv_size": [4, 8]},
								"south": {"uv": [28, 52], "uv_size": [4, 8]},
								"west": {"uv": [24, 52], "uv_size": [4, 8]},
								"up": {"uv": [20, 48], "uv_size": [4, 4]},
								"down": {"uv": [24, 52], "uv_size": [4, -4]}
							}
						},
						{
							"origin": [-7.78437, 7.80391, -0.62953],
							"size": [4, 1.05, 1.85],
							"pivot": [-7.68437, -3.14609, -1.27953],
							"rotation": [0, 0, 32.5],
							"uv": {
								"north": {"uv": [20, 52], "uv_size": [4, 8]},
								"east": {"uv": [16, 52], "uv_size": [4, 8]},
								"south": {"uv": [28, 52], "uv_size": [4, 8]},
								"west": {"uv": [24, 52], "uv_size": [4, 8]},
								"up": {"uv": [20, 48], "uv_size": [4, 4]},
								"down": {"uv": [24, 52], "uv_size": [4, -4]}
							}
						},
						{
							"origin": [-7.78437, 6.57891, -0.22953],
							"size": [4, 2.275, 1],
							"pivot": [-7.68437, -3.14609, -1.27953],
							"rotation": [0, 0, 32.5],
							"uv": {
								"north": {"uv": [20, 52], "uv_size": [4, 8]},
								"east": {"uv": [16, 52], "uv_size": [4, 8]},
								"south": {"uv": [28, 52], "uv_size": [4, 8]},
								"west": {"uv": [24, 52], "uv_size": [4, 8]},
								"up": {"uv": [20, 48], "uv_size": [4, 4]},
								"down": {"uv": [24, 52], "uv_size": [4, -4]}
							}
						}
					]
				},
				{
					"name": "fushiguro_touji_pants_bone16",
					"parent": "fushiguro_touji_pants_bone29",
					"pivot": [-2.35, 1, 0],
					"rotation": [0, -45, 0],
					"cubes": [
						{
							"origin": [-1.28053, 4.25508, -1.22047],
							"size": [4, 3.1, 1.85],
							"pivot": [-1.18053, 0.75508, 1.27953],
							"rotation": [0, 0, -10],
							"uv": {
								"north": {"uv": [32, 52], "uv_size": [-4, 8]},
								"east": {"uv": [20, 52], "uv_size": [-4, 8]},
								"south": {"uv": [24, 52], "uv_size": [-4, 8]},
								"west": {"uv": [28, 52], "uv_size": [-4, 8]},
								"up": {"uv": [20, 52], "uv_size": [4, -4]},
								"down": {"uv": [24, 48], "uv_size": [4, 4]}
							}
						},
						{
							"origin": [-1.28053, 4.25508, -0.79547],
							"size": [4, 6.4, 1.2],
							"pivot": [-1.18053, 0.75508, 1.27953],
							"rotation": [0, 0, -10],
							"uv": {
								"north": {"uv": [32, 52], "uv_size": [-4, 8]},
								"east": {"uv": [20, 52], "uv_size": [-4, 8]},
								"south": {"uv": [24, 52], "uv_size": [-4, 8]},
								"west": {"uv": [28, 52], "uv_size": [-4, 8]},
								"up": {"uv": [20, 52], "uv_size": [4, -4]},
								"down": {"uv": [24, 48], "uv_size": [4, 4]}
							}
						},
						{
							"origin": [-7.78437, 7.80391, -1.22047],
							"size": [4, 1.05, 1.85],
							"pivot": [-7.68437, -3.14609, 1.27953],
							"rotation": [0, 0, 32.5],
							"uv": {
								"north": {"uv": [32, 52], "uv_size": [-4, 8]},
								"east": {"uv": [20, 52], "uv_size": [-4, 8]},
								"south": {"uv": [24, 52], "uv_size": [-4, 8]},
								"west": {"uv": [28, 52], "uv_size": [-4, 8]},
								"up": {"uv": [20, 52], "uv_size": [4, -4]},
								"down": {"uv": [24, 48], "uv_size": [4, 4]}
							}
						},
						{
							"origin": [-7.78437, 6.57891, -0.77047],
							"size": [4, 2.275, 1],
							"pivot": [-7.68437, -3.14609, 1.27953],
							"rotation": [0, 0, 32.5],
							"uv": {
								"north": {"uv": [32, 52], "uv_size": [-4, 8]},
								"east": {"uv": [20, 52], "uv_size": [-4, 8]},
								"south": {"uv": [24, 52], "uv_size": [-4, 8]},
								"west": {"uv": [28, 52], "uv_size": [-4, 8]},
								"up": {"uv": [20, 52], "uv_size": [4, -4]},
								"down": {"uv": [24, 48], "uv_size": [4, 4]}
							}
						}
					]
				},
				{
					"name": "fushiguro_touji_pants_bone17",
					"parent": "fushiguro_touji_pants_bone29",
					"pivot": [1.65, 1, 0],
					"cubes": [
						{
							"origin": [-1.50697, 4.25508, -2.25],
							"size": [4, 8.5, 4.5],
							"pivot": [-1.40697, 0.75508, -0.25],
							"rotation": [0, 0, -10],
							"uv": {
								"north": {"uv": [20, 52], "uv_size": [4, 8]},
								"east": {"uv": [16, 52], "uv_size": [4, 8]},
								"south": {"uv": [28, 52], "uv_size": [4, 8]},
								"west": {"uv": [24, 52], "uv_size": [4, 8]},
								"up": {"uv": [20, 48], "uv_size": [4, 4]},
								"down": {"uv": [24, 52], "uv_size": [4, -4]}
							}
						},
						{
							"origin": [-8.01081, 6.12891, -2.25],
							"size": [4, 2.725, 4.5],
							"pivot": [-7.91081, -3.14609, -0.25],
							"rotation": [0, 0, 32.5],
							"uv": {
								"north": {"uv": [20, 52], "uv_size": [4, 8]},
								"east": {"uv": [16, 52], "uv_size": [4, 8]},
								"south": {"uv": [28, 52], "uv_size": [4, 8]},
								"west": {"uv": [24, 52], "uv_size": [4, 8]},
								"up": {"uv": [20, 48], "uv_size": [4, 4]},
								"down": {"uv": [24, 52], "uv_size": [4, -4]}
							}
						}
					]
				},
				{
					"name": "fushiguro_touji_pants_bone18",
					"parent": "fushiguro_touji_pants_bone29",
					"pivot": [1.65, 1, 0],
					"rotation": [0, 90, 0],
					"cubes": [
						{
							"origin": [2.04303, 4.25508, -5.8],
							"size": [4, 8.5, 4.5],
							"pivot": [2.14303, 0.75508, -3.8],
							"rotation": [0, 0, -10],
							"uv": {
								"north": {"uv": [20, 52], "uv_size": [4, 8]},
								"east": {"uv": [16, 52], "uv_size": [4, 8]},
								"south": {"uv": [28, 52], "uv_size": [4, 8]},
								"west": {"uv": [8.125, 56.25], "uv_size": [-4, 3.75]},
								"up": {"uv": [20, 48], "uv_size": [4, 4]},
								"down": {"uv": [24, 52], "uv_size": [4, -4]}
							}
						},
						{
							"origin": [-4.46081, 6.12891, -5.8],
							"size": [4, 2.725, 4.5],
							"pivot": [-4.36081, -3.14609, -3.8],
							"rotation": [0, 0, 32.5],
							"uv": {
								"north": {"uv": [20, 52], "uv_size": [4, 8]},
								"east": {"uv": [16, 52], "uv_size": [4, 8]},
								"south": {"uv": [28, 52], "uv_size": [4, 8]},
								"west": {"uv": [7.625, 58.125], "uv_size": [-4, 2]},
								"up": {"uv": [20, 48], "uv_size": [4, 4]},
								"down": {"uv": [24, 52], "uv_size": [4, -4]}
							}
						}
					]
				},
				{
					"name": "fushiguro_touji_pants_bone24",
					"parent": "fushiguro_touji_pants_bone29",
					"pivot": [1.65, 1, 0],
					"rotation": [0, -90, 0],
					"cubes": [
						{
							"origin": [2.04303, 4.25508, 1.3],
							"size": [4, 8.5, 4.5],
							"pivot": [2.14303, 0.75508, 3.8],
							"rotation": [0, 0, -10],
							"uv": {
								"north": {"uv": [32, 52], "uv_size": [-4, 8]},
								"east": {"uv": [20, 52], "uv_size": [-4, 8]},
								"south": {"uv": [24, 52], "uv_size": [-4, 8]},
								"west": {"uv": [28, 52], "uv_size": [-4, 8]},
								"up": {"uv": [20, 52], "uv_size": [4, -4]},
								"down": {"uv": [24, 48], "uv_size": [4, 4]}
							}
						},
						{
							"origin": [-4.46081, 6.12891, 1.3],
							"size": [4, 2.725, 4.5],
							"pivot": [-4.36081, -3.14609, 3.8],
							"rotation": [0, 0, 32.5],
							"uv": {
								"north": {"uv": [32, 52], "uv_size": [-4, 8]},
								"east": {"uv": [20, 52], "uv_size": [-4, 8]},
								"south": {"uv": [24, 52], "uv_size": [-4, 8]},
								"west": {"uv": [28, 52], "uv_size": [-4, 8]},
								"up": {"uv": [20, 52], "uv_size": [4, -4]},
								"down": {"uv": [24, 48], "uv_size": [4, 4]}
							}
						}
					]
				},
				{
					"name": "fushiguro_touji_pants_bone2",
					"parent": "rightLeg",
					"pivot": [8.21953, -7.56687, -0.275],
					"cubes": [
						{
							"origin": [-2.23047, 13.10813, -2.35],
							"size": [2.5, 0.575, 0.3],
							"uv": {
								"north": {"uv": [34.125, 22.5], "uv_size": [3.375, 3.5]},
								"east": {"uv": [34.125, 22.5], "uv_size": [3.375, 3.5]},
								"south": {"uv": [34.125, 22.5], "uv_size": [3.375, 3.5]},
								"west": {"uv": [34.125, 22.5], "uv_size": [3.375, 3.5]},
								"up": {"uv": [37.5, 26], "uv_size": [-3.375, -3.5]},
								"down": {"uv": [37.5, 26], "uv_size": [-3.375, -3.5]}
							}
						},
						{
							"origin": [1.86953, 13.20813, -2.675],
							"size": [0.925, 1.85, 0.625],
							"pivot": [8.21953, -7.56687, -0.275],
							"rotation": [0, 0, -7.5],
							"uv": {
								"north": {"uv": [34.125, 22.5], "uv_size": [3.375, 3.5]},
								"east": {"uv": [34.125, 22.5], "uv_size": [3.375, 3.5]},
								"south": {"uv": [34.125, 22.5], "uv_size": [3.375, 3.5]},
								"west": {"uv": [34.125, 22.5], "uv_size": [3.375, 3.5]},
								"up": {"uv": [37.5, 26], "uv_size": [-3.375, -3.5]},
								"down": {"uv": [37.5, 26], "uv_size": [-3.375, -3.5]}
							}
						},
						{
							"origin": [-0.73047, 12.43313, -2.575],
							"size": [0.75, 1.5, 0.525],
							"uv": {
								"north": {"uv": [34.125, 22.5], "uv_size": [3.375, 3.5]},
								"east": {"uv": [34.125, 22.5], "uv_size": [3.375, 3.5]},
								"south": {"uv": [34.125, 22.5], "uv_size": [3.375, 3.5]},
								"west": {"uv": [34.125, 22.5], "uv_size": [3.375, 3.5]},
								"up": {"uv": [37.5, 26], "uv_size": [-3.375, -3.5]},
								"down": {"uv": [37.5, 26], "uv_size": [-3.375, -3.5]}
							}
						}
					]
				},
				{
					"name": "fushiguro_touji_pants_bone67",
					"parent": "fushiguro_touji_pants_bone2",
					"pivot": [-0.34928, 13.39234, -2.45],
					"rotation": [-161.95599, -5.05904, -157.74511],
					"cubes": [
						{
							"origin": [6.45547, 6.98313, -2.7],
							"size": [0.85, 1.6, 0.125],
							"pivot": [-9.66953, -7.81687, 2.55],
							"rotation": [0, 0, -22.5],
							"uv": {
								"north": {"uv": [37.5, 22.5], "uv_size": [-3.375, 3.5]},
								"east": {"uv": [37.5, 22.5], "uv_size": [-3.375, 3.5]},
								"south": {"uv": [37.5, 22.5], "uv_size": [-3.375, 3.5]},
								"west": {"uv": [37.5, 22.5], "uv_size": [-3.375, 3.5]},
								"up": {"uv": [34.125, 26], "uv_size": [3.375, -3.5]},
								"down": {"uv": [34.125, 26], "uv_size": [3.375, -3.5]}
							}
						},
						{
							"origin": [0.64035, 9.08648, -2.7],
							"size": [0.35, 3.15, 0.125],
							"pivot": [-15.10965, -5.71352, 2.55],
							"rotation": [0, 0, -5],
							"uv": {
								"north": {"uv": [37.5, 22.5], "uv_size": [-3.375, 3.5]},
								"east": {"uv": [37.5, 22.5], "uv_size": [-3.375, 3.5]},
								"south": {"uv": [37.5, 22.5], "uv_size": [-3.375, 3.5]},
								"west": {"uv": [37.5, 22.5], "uv_size": [-3.375, 3.5]},
								"up": {"uv": [34.125, 26], "uv_size": [3.375, -3.5]},
								"down": {"uv": [34.125, 26], "uv_size": [3.375, -3.5]}
							}
						},
						{
							"origin": [0.66535, 9.08648, -2.7],
							"size": [1.2, 1.85, 0.125],
							"pivot": [-15.10965, -5.71352, 2.55],
							"rotation": [0, 0, -5],
							"uv": {
								"north": {"uv": [37.5, 22.5], "uv_size": [-3.375, 3.5]},
								"east": {"uv": [37.5, 22.5], "uv_size": [-3.375, 3.5]},
								"south": {"uv": [37.5, 22.5], "uv_size": [-3.375, 3.5]},
								"west": {"uv": [37.5, 22.5], "uv_size": [-3.375, 3.5]},
								"up": {"uv": [34.125, 26], "uv_size": [3.375, -3.5]},
								"down": {"uv": [34.125, 26], "uv_size": [3.375, -3.5]}
							}
						},
						{
							"origin": [9.75387, 2.89823, -2.7],
							"size": [1.2, 1.85, 0.125],
							"pivot": [-6.02113, -11.90177, 2.55],
							"rotation": [0, 0, -30],
							"uv": {
								"north": {"uv": [37.5, 22.5], "uv_size": [-3.375, 3.5]},
								"east": {"uv": [37.5, 22.5], "uv_size": [-3.375, 3.5]},
								"south": {"uv": [37.5, 22.5], "uv_size": [-3.375, 3.5]},
								"west": {"uv": [37.5, 22.5], "uv_size": [-3.375, 3.5]},
								"up": {"uv": [34.125, 26], "uv_size": [3.375, -3.5]},
								"down": {"uv": [34.125, 26], "uv_size": [3.375, -3.5]}
							}
						},
						{
							"origin": [-4.82428, 16.01734, -2.7],
							"size": [0.7, 2.025, 0.125],
							"pivot": [-21.34928, 1.39234, 2.55],
							"rotation": [0, 0, 17.5],
							"uv": {
								"north": {"uv": [37.5, 22.5], "uv_size": [-3.375, 3.5]},
								"east": {"uv": [37.5, 22.5], "uv_size": [-3.375, 3.5]},
								"south": {"uv": [37.5, 22.5], "uv_size": [-3.375, 3.5]},
								"west": {"uv": [37.5, 22.5], "uv_size": [-3.375, 3.5]},
								"up": {"uv": [34.125, 26], "uv_size": [3.375, -3.5]},
								"down": {"uv": [34.125, 26], "uv_size": [3.375, -3.5]}
							}
						},
						{
							"origin": [4.58029, 3.62274, -2.7],
							"size": [0.975, 2.55, 0.125],
							"pivot": [-11.94471, -10.47726, 2.55],
							"rotation": [0, 0, -17.5],
							"uv": {
								"north": {"uv": [37.5, 22.5], "uv_size": [-3.375, 3.5]},
								"east": {"uv": [37.5, 22.5], "uv_size": [-3.375, 3.5]},
								"south": {"uv": [37.5, 22.5], "uv_size": [-3.375, 3.5]},
								"west": {"uv": [37.5, 22.5], "uv_size": [-3.375, 3.5]},
								"up": {"uv": [34.125, 26], "uv_size": [3.375, -3.5]},
								"down": {"uv": [34.125, 26], "uv_size": [3.375, -3.5]}
							}
						},
						{
							"origin": [-3.94077, 11.65075, -2.7],
							"size": [2.025, 1.875, 0.125],
							"pivot": [-19.14077, -3.12425, 2.55],
							"rotation": [0, 0, 12.5],
							"uv": {
								"north": {"uv": [37.5, 22.5], "uv_size": [-3.375, 3.5]},
								"east": {"uv": [37.5, 22.5], "uv_size": [-3.375, 3.5]},
								"south": {"uv": [37.5, 22.5], "uv_size": [-3.375, 3.5]},
								"west": {"uv": [37.5, 22.5], "uv_size": [-3.375, 3.5]},
								"up": {"uv": [34.125, 26], "uv_size": [3.375, -3.5]},
								"down": {"uv": [34.125, 26], "uv_size": [3.375, -3.5]}
							}
						}
					]
				},
				{
					"name": "leftLeg",
					"parent": "root",
					"pivot": [1.9, 12, 0]
				},
				{
					"name": "fushiguro_touji_pants_bone3",
					"parent": "leftLeg",
					"pivot": [1.65, 1, 0],
					"cubes": [
						{
							"origin": [-0.33813, 2.58089, -2.25],
							"size": [4.5, 3, 4.5],
							"uv": {
								"north": {"uv": [24, 52], "uv_size": [-4, 8]},
								"east": {"uv": [28, 52], "uv_size": [-4, 8]},
								"south": {"uv": [32, 52], "uv_size": [-4, 8]},
								"west": {"uv": [20, 52], "uv_size": [-4, 8]},
								"up": {"uv": [24, 48], "uv_size": [-4, 4]},
								"down": {"uv": [28, 52], "uv_size": [-4, -4]}
							}
						}
					]
				},
				{
					"name": "fushiguro_touji_pants_bone4",
					"parent": "fushiguro_touji_pants_bone3",
					"pivot": [1.65, 1, 0],
					"cubes": [
						{
							"origin": [2.29303, 4.25508, -2.25],
							"size": [4, 8.5, 4.5],
							"pivot": [2.39303, 0.75508, -0.25],
							"rotation": [0, 0, -10],
							"uv": {
								"north": {"uv": [20, 52], "uv_size": [4, 8]},
								"east": {"uv": [16, 52], "uv_size": [4, 8]},
								"south": {"uv": [28, 52], "uv_size": [4, 8]},
								"west": {"uv": [24, 52], "uv_size": [4, 8]},
								"up": {"uv": [20, 48], "uv_size": [4, 4]},
								"down": {"uv": [24, 52], "uv_size": [4, -4]}
							}
						},
						{
							"origin": [-4.21081, 6.12891, -2.25],
							"size": [4, 2.725, 4.5],
							"pivot": [-4.11081, -3.14609, -0.25],
							"rotation": [0, 0, 32.5],
							"uv": {
								"north": {"uv": [20, 52], "uv_size": [4, 8]},
								"east": {"uv": [16, 52], "uv_size": [4, 8]},
								"south": {"uv": [28, 52], "uv_size": [4, 8]},
								"west": {"uv": [24, 52], "uv_size": [4, 8]},
								"up": {"uv": [20, 48], "uv_size": [4, 4]},
								"down": {"uv": [24, 52], "uv_size": [4, -4]}
							}
						}
					]
				},
				{
					"name": "fushiguro_touji_pants_bone5",
					"parent": "fushiguro_touji_pants_bone3",
					"pivot": [1.4, 1, 0],
					"rotation": [0, 45, 0],
					"cubes": [
						{
							"origin": [2.46947, 4.25508, -0.62953],
							"size": [4, 3.1, 1.85],
							"pivot": [2.56947, 0.75508, -1.27953],
							"rotation": [0, 0, -10],
							"uv": {
								"north": {"uv": [20, 52], "uv_size": [4, 8]},
								"east": {"uv": [16, 52], "uv_size": [4, 8]},
								"south": {"uv": [28, 52], "uv_size": [4, 8]},
								"west": {"uv": [24, 52], "uv_size": [4, 8]},
								"up": {"uv": [20, 48], "uv_size": [4, 4]},
								"down": {"uv": [24, 52], "uv_size": [4, -4]}
							}
						},
						{
							"origin": [2.46947, 4.25508, -0.40453],
							"size": [4, 6.4, 1.2],
							"pivot": [2.56947, 0.75508, -1.27953],
							"rotation": [0, 0, -10],
							"uv": {
								"north": {"uv": [20, 52], "uv_size": [4, 8]},
								"east": {"uv": [16, 52], "uv_size": [4, 8]},
								"south": {"uv": [28, 52], "uv_size": [4, 8]},
								"west": {"uv": [24, 52], "uv_size": [4, 8]},
								"up": {"uv": [20, 48], "uv_size": [4, 4]},
								"down": {"uv": [24, 52], "uv_size": [4, -4]}
							}
						},
						{
							"origin": [-4.03437, 7.80391, -0.62953],
							"size": [4, 1.05, 1.85],
							"pivot": [-3.93437, -3.14609, -1.27953],
							"rotation": [0, 0, 32.5],
							"uv": {
								"north": {"uv": [20, 52], "uv_size": [4, 8]},
								"east": {"uv": [16, 52], "uv_size": [4, 8]},
								"south": {"uv": [28, 52], "uv_size": [4, 8]},
								"west": {"uv": [24, 52], "uv_size": [4, 8]},
								"up": {"uv": [20, 48], "uv_size": [4, 4]},
								"down": {"uv": [24, 52], "uv_size": [4, -4]}
							}
						},
						{
							"origin": [-4.03437, 6.57891, -0.22953],
							"size": [4, 2.275, 1],
							"pivot": [-3.93437, -3.14609, -1.27953],
							"rotation": [0, 0, 32.5],
							"uv": {
								"north": {"uv": [20, 52], "uv_size": [4, 8]},
								"east": {"uv": [16, 52], "uv_size": [4, 8]},
								"south": {"uv": [28, 52], "uv_size": [4, 8]},
								"west": {"uv": [24, 52], "uv_size": [4, 8]},
								"up": {"uv": [20, 48], "uv_size": [4, 4]},
								"down": {"uv": [24, 52], "uv_size": [4, -4]}
							}
						}
					]
				},
				{
					"name": "fushiguro_touji_pants_bone6",
					"parent": "fushiguro_touji_pants_bone3",
					"pivot": [1.4, 1, 0],
					"rotation": [0, -45, 0],
					"cubes": [
						{
							"origin": [2.46947, 4.25508, -1.22047],
							"size": [4, 3.1, 1.85],
							"pivot": [2.56947, 0.75508, 1.27953],
							"rotation": [0, 0, -10],
							"uv": {
								"north": {"uv": [32, 52], "uv_size": [-4, 8]},
								"east": {"uv": [20, 52], "uv_size": [-4, 8]},
								"south": {"uv": [24, 52], "uv_size": [-4, 8]},
								"west": {"uv": [28, 52], "uv_size": [-4, 8]},
								"up": {"uv": [20, 52], "uv_size": [4, -4]},
								"down": {"uv": [24, 48], "uv_size": [4, 4]}
							}
						},
						{
							"origin": [2.46947, 4.25508, -0.79547],
							"size": [4, 6.4, 1.2],
							"pivot": [2.56947, 0.75508, 1.27953],
							"rotation": [0, 0, -10],
							"uv": {
								"north": {"uv": [32, 52], "uv_size": [-4, 8]},
								"east": {"uv": [20, 52], "uv_size": [-4, 8]},
								"south": {"uv": [24, 52], "uv_size": [-4, 8]},
								"west": {"uv": [28, 52], "uv_size": [-4, 8]},
								"up": {"uv": [20, 52], "uv_size": [4, -4]},
								"down": {"uv": [24, 48], "uv_size": [4, 4]}
							}
						},
						{
							"origin": [-4.03437, 7.80391, -1.22047],
							"size": [4, 1.05, 1.85],
							"pivot": [-3.93437, -3.14609, 1.27953],
							"rotation": [0, 0, 32.5],
							"uv": {
								"north": {"uv": [32, 52], "uv_size": [-4, 8]},
								"east": {"uv": [20, 52], "uv_size": [-4, 8]},
								"south": {"uv": [24, 52], "uv_size": [-4, 8]},
								"west": {"uv": [28, 52], "uv_size": [-4, 8]},
								"up": {"uv": [20, 52], "uv_size": [4, -4]},
								"down": {"uv": [24, 48], "uv_size": [4, 4]}
							}
						},
						{
							"origin": [-4.03437, 6.57891, -0.77047],
							"size": [4, 2.275, 1],
							"pivot": [-3.93437, -3.14609, 1.27953],
							"rotation": [0, 0, 32.5],
							"uv": {
								"north": {"uv": [32, 52], "uv_size": [-4, 8]},
								"east": {"uv": [20, 52], "uv_size": [-4, 8]},
								"south": {"uv": [24, 52], "uv_size": [-4, 8]},
								"west": {"uv": [28, 52], "uv_size": [-4, 8]},
								"up": {"uv": [20, 52], "uv_size": [4, -4]},
								"down": {"uv": [24, 48], "uv_size": [4, 4]}
							}
						}
					]
				},
				{
					"name": "fushiguro_touji_pants_bone7",
					"parent": "fushiguro_touji_pants_bone3",
					"pivot": [2.35, 1, 0],
					"rotation": [0, -45, 0],
					"cubes": [
						{
							"origin": [-2.71947, 4.25508, -0.62953],
							"size": [4, 3.1, 1.85],
							"pivot": [1.18053, 0.75508, -1.27953],
							"rotation": [0, 0, 10],
							"uv": {
								"north": {"uv": [24, 52], "uv_size": [-4, 8]},
								"east": {"uv": [28, 52], "uv_size": [-4, 8]},
								"south": {"uv": [32, 52], "uv_size": [-4, 8]},
								"west": {"uv": [20, 52], "uv_size": [-4, 8]},
								"up": {"uv": [24, 48], "uv_size": [-4, 4]},
								"down": {"uv": [28, 52], "uv_size": [-4, -4]}
							}
						},
						{
							"origin": [-2.71947, 4.25508, -0.40453],
							"size": [4, 6.4, 1.2],
							"pivot": [1.18053, 0.75508, -1.27953],
							"rotation": [0, 0, 10],
							"uv": {
								"north": {"uv": [24, 52], "uv_size": [-4, 8]},
								"east": {"uv": [28, 52], "uv_size": [-4, 8]},
								"south": {"uv": [32, 52], "uv_size": [-4, 8]},
								"west": {"uv": [20, 52], "uv_size": [-4, 8]},
								"up": {"uv": [24, 48], "uv_size": [-4, 4]},
								"down": {"uv": [28, 52], "uv_size": [-4, -4]}
							}
						},
						{
							"origin": [3.78437, 7.80391, -0.62953],
							"size": [4, 1.05, 1.85],
							"pivot": [7.68437, -3.14609, -1.27953],
							"rotation": [0, 0, -32.5],
							"uv": {
								"north": {"uv": [24, 52], "uv_size": [-4, 8]},
								"east": {"uv": [28, 52], "uv_size": [-4, 8]},
								"south": {"uv": [32, 52], "uv_size": [-4, 8]},
								"west": {"uv": [20, 52], "uv_size": [-4, 8]},
								"up": {"uv": [24, 48], "uv_size": [-4, 4]},
								"down": {"uv": [28, 52], "uv_size": [-4, -4]}
							}
						},
						{
							"origin": [3.78437, 6.57891, -0.22953],
							"size": [4, 2.275, 1],
							"pivot": [7.68437, -3.14609, -1.27953],
							"rotation": [0, 0, -32.5],
							"uv": {
								"north": {"uv": [24, 52], "uv_size": [-4, 8]},
								"east": {"uv": [28, 52], "uv_size": [-4, 8]},
								"south": {"uv": [32, 52], "uv_size": [-4, 8]},
								"west": {"uv": [20, 52], "uv_size": [-4, 8]},
								"up": {"uv": [24, 48], "uv_size": [-4, 4]},
								"down": {"uv": [28, 52], "uv_size": [-4, -4]}
							}
						}
					]
				},
				{
					"name": "fushiguro_touji_pants_bone8",
					"parent": "fushiguro_touji_pants_bone3",
					"pivot": [2.35, 1, 0],
					"rotation": [0, 45, 0],
					"cubes": [
						{
							"origin": [-2.71947, 4.25508, -1.22047],
							"size": [4, 3.1, 1.85],
							"pivot": [1.18053, 0.75508, 1.27953],
							"rotation": [0, 0, 10],
							"uv": {
								"north": {"uv": [28, 52], "uv_size": [4, 8]},
								"east": {"uv": [24, 52], "uv_size": [4, 8]},
								"south": {"uv": [20, 52], "uv_size": [4, 8]},
								"west": {"uv": [16, 52], "uv_size": [4, 8]},
								"up": {"uv": [24, 52], "uv_size": [-4, -4]},
								"down": {"uv": [28, 48], "uv_size": [-4, 4]}
							}
						},
						{
							"origin": [-2.71947, 4.25508, -0.79547],
							"size": [4, 6.4, 1.2],
							"pivot": [1.18053, 0.75508, 1.27953],
							"rotation": [0, 0, 10],
							"uv": {
								"north": {"uv": [28, 52], "uv_size": [4, 8]},
								"east": {"uv": [24, 52], "uv_size": [4, 8]},
								"south": {"uv": [20, 52], "uv_size": [4, 8]},
								"west": {"uv": [16, 52], "uv_size": [4, 8]},
								"up": {"uv": [24, 52], "uv_size": [-4, -4]},
								"down": {"uv": [28, 48], "uv_size": [-4, 4]}
							}
						},
						{
							"origin": [3.78437, 7.80391, -1.22047],
							"size": [4, 1.05, 1.85],
							"pivot": [7.68437, -3.14609, 1.27953],
							"rotation": [0, 0, -32.5],
							"uv": {
								"north": {"uv": [28, 52], "uv_size": [4, 8]},
								"east": {"uv": [24, 52], "uv_size": [4, 8]},
								"south": {"uv": [20, 52], "uv_size": [4, 8]},
								"west": {"uv": [16, 52], "uv_size": [4, 8]},
								"up": {"uv": [24, 52], "uv_size": [-4, -4]},
								"down": {"uv": [28, 48], "uv_size": [-4, 4]}
							}
						},
						{
							"origin": [3.78437, 6.57891, -0.77047],
							"size": [4, 2.275, 1],
							"pivot": [7.68437, -3.14609, 1.27953],
							"rotation": [0, 0, -32.5],
							"uv": {
								"north": {"uv": [28, 52], "uv_size": [4, 8]},
								"east": {"uv": [24, 52], "uv_size": [4, 8]},
								"south": {"uv": [20, 52], "uv_size": [4, 8]},
								"west": {"uv": [16, 52], "uv_size": [4, 8]},
								"up": {"uv": [24, 52], "uv_size": [-4, -4]},
								"down": {"uv": [28, 48], "uv_size": [-4, 4]}
							}
						}
					]
				},
				{
					"name": "fushiguro_touji_pants_bone9",
					"parent": "fushiguro_touji_pants_bone3",
					"pivot": [-1.65, 1, 0],
					"cubes": [
						{
							"origin": [-2.49303, 4.25508, -2.25],
							"size": [4, 8.5, 4.5],
							"pivot": [1.40697, 0.75508, -0.25],
							"rotation": [0, 0, 10],
							"uv": {
								"north": {"uv": [24, 52], "uv_size": [-4, 8]},
								"east": {"uv": [28, 52], "uv_size": [-4, 8]},
								"south": {"uv": [32, 52], "uv_size": [-4, 8]},
								"west": {"uv": [20, 52], "uv_size": [-4, 8]},
								"up": {"uv": [24, 48], "uv_size": [-4, 4]},
								"down": {"uv": [28, 52], "uv_size": [-4, -4]}
							}
						},
						{
							"origin": [4.01081, 6.12891, -2.25],
							"size": [4, 2.725, 4.5],
							"pivot": [7.91081, -3.14609, -0.25],
							"rotation": [0, 0, -32.5],
							"uv": {
								"north": {"uv": [24, 52], "uv_size": [-4, 8]},
								"east": {"uv": [28, 52], "uv_size": [-4, 8]},
								"south": {"uv": [32, 52], "uv_size": [-4, 8]},
								"west": {"uv": [20, 52], "uv_size": [-4, 8]},
								"up": {"uv": [24, 48], "uv_size": [-4, 4]},
								"down": {"uv": [28, 52], "uv_size": [-4, -4]}
							}
						}
					]
				},
				{
					"name": "fushiguro_touji_pants_bone10",
					"parent": "fushiguro_touji_pants_bone3",
					"pivot": [-1.65, 1, 0],
					"rotation": [0, -90, 0],
					"cubes": [
						{
							"origin": [-6.04303, 4.25508, -5.8],
							"size": [4, 8.5, 4.5],
							"pivot": [-2.14303, 0.75508, -3.8],
							"rotation": [0, 0, 10],
							"uv": {
								"north": {"uv": [24, 52], "uv_size": [-4, 8]},
								"east": {"uv": [4.125, 56.25], "uv_size": [4, 3.75]},
								"south": {"uv": [32, 52], "uv_size": [-4, 8]},
								"west": {"uv": [20, 52], "uv_size": [-4, 8]},
								"up": {"uv": [24, 48], "uv_size": [-4, 4]},
								"down": {"uv": [28, 52], "uv_size": [-4, -4]}
							}
						},
						{
							"origin": [0.46081, 6.12891, -5.8],
							"size": [4, 2.725, 4.5],
							"pivot": [4.36081, -3.14609, -3.8],
							"rotation": [0, 0, -32.5],
							"uv": {
								"north": {"uv": [24, 52], "uv_size": [-4, 8]},
								"east": {"uv": [3.625, 58.125], "uv_size": [4, 2]},
								"south": {"uv": [32, 52], "uv_size": [-4, 8]},
								"west": {"uv": [20, 52], "uv_size": [-4, 8]},
								"up": {"uv": [24, 48], "uv_size": [-4, 4]},
								"down": {"uv": [28, 52], "uv_size": [-4, -4]}
							}
						}
					]
				},
				{
					"name": "fushiguro_touji_pants_bone11",
					"parent": "fushiguro_touji_pants_bone3",
					"pivot": [-1.65, 1, 0],
					"rotation": [0, 90, 0],
					"cubes": [
						{
							"origin": [-6.04303, 4.25508, 1.3],
							"size": [4, 8.5, 4.5],
							"pivot": [-2.14303, 0.75508, 3.8],
							"rotation": [0, 0, 10],
							"uv": {
								"north": {"uv": [28, 52], "uv_size": [4, 8]},
								"east": {"uv": [24, 52], "uv_size": [4, 8]},
								"south": {"uv": [20, 52], "uv_size": [4, 8]},
								"west": {"uv": [16, 52], "uv_size": [4, 8]},
								"up": {"uv": [24, 52], "uv_size": [-4, -4]},
								"down": {"uv": [28, 48], "uv_size": [-4, 4]}
							}
						},
						{
							"origin": [0.46081, 6.12891, 1.3],
							"size": [4, 2.725, 4.5],
							"pivot": [4.36081, -3.14609, 3.8],
							"rotation": [0, 0, -32.5],
							"uv": {
								"north": {"uv": [28, 52], "uv_size": [4, 8]},
								"east": {"uv": [24, 52], "uv_size": [4, 8]},
								"south": {"uv": [20, 52], "uv_size": [4, 8]},
								"west": {"uv": [16, 52], "uv_size": [4, 8]},
								"up": {"uv": [24, 52], "uv_size": [-4, -4]},
								"down": {"uv": [28, 48], "uv_size": [-4, 4]}
							}
						}
					]
				},
				{
					"name": "fushiguro_touji_pants_bone12",
					"parent": "leftLeg",
					"pivot": [-8.21953, -7.56687, -0.275],
					"cubes": [
						{
							"origin": [-0.26953, 13.10813, -2.35],
							"size": [2.5, 0.575, 0.3],
							"uv": {
								"north": {"uv": [37.5, 22.5], "uv_size": [-3.375, 3.5]},
								"east": {"uv": [37.5, 22.5], "uv_size": [-3.375, 3.5]},
								"south": {"uv": [37.5, 22.5], "uv_size": [-3.375, 3.5]},
								"west": {"uv": [37.5, 22.5], "uv_size": [-3.375, 3.5]},
								"up": {"uv": [34.125, 26], "uv_size": [3.375, -3.5]},
								"down": {"uv": [34.125, 26], "uv_size": [3.375, -3.5]}
							}
						},
						{
							"origin": [-2.79453, 13.20813, -2.675],
							"size": [0.925, 1.85, 0.625],
							"pivot": [-8.21953, -7.56687, -0.275],
							"rotation": [0, 0, 7.5],
							"uv": {
								"north": {"uv": [37.5, 22.5], "uv_size": [-3.375, 3.5]},
								"east": {"uv": [37.5, 22.5], "uv_size": [-3.375, 3.5]},
								"south": {"uv": [37.5, 22.5], "uv_size": [-3.375, 3.5]},
								"west": {"uv": [37.5, 22.5], "uv_size": [-3.375, 3.5]},
								"up": {"uv": [34.125, 26], "uv_size": [3.375, -3.5]},
								"down": {"uv": [34.125, 26], "uv_size": [3.375, -3.5]}
							}
						},
						{
							"origin": [-0.01953, 12.43313, -2.575],
							"size": [0.75, 1.5, 0.525],
							"uv": {
								"north": {"uv": [37.5, 22.5], "uv_size": [-3.375, 3.5]},
								"east": {"uv": [37.5, 22.5], "uv_size": [-3.375, 3.5]},
								"south": {"uv": [37.5, 22.5], "uv_size": [-3.375, 3.5]},
								"west": {"uv": [37.5, 22.5], "uv_size": [-3.375, 3.5]},
								"up": {"uv": [34.125, 26], "uv_size": [3.375, -3.5]},
								"down": {"uv": [34.125, 26], "uv_size": [3.375, -3.5]}
							}
						}
					]
				},
				{
					"name": "fushiguro_touji_pants_bone13",
					"parent": "fushiguro_touji_pants_bone12",
					"pivot": [0.34928, 13.39234, -2.45],
					"rotation": [-161.95599, 5.05904, 157.74511],
					"cubes": [
						{
							"origin": [-7.30547, 6.98313, -2.7],
							"size": [0.85, 1.6, 0.125],
							"pivot": [9.66953, -7.81687, 2.55],
							"rotation": [0, 0, 22.5],
							"uv": {
								"north": {"uv": [34.125, 22.5], "uv_size": [3.375, 3.5]},
								"east": {"uv": [34.125, 22.5], "uv_size": [3.375, 3.5]},
								"south": {"uv": [34.125, 22.5], "uv_size": [3.375, 3.5]},
								"west": {"uv": [34.125, 22.5], "uv_size": [3.375, 3.5]},
								"up": {"uv": [37.5, 26], "uv_size": [-3.375, -3.5]},
								"down": {"uv": [37.5, 26], "uv_size": [-3.375, -3.5]}
							}
						},
						{
							"origin": [-0.99035, 9.08648, -2.7],
							"size": [0.35, 3.15, 0.125],
							"pivot": [15.10965, -5.71352, 2.55],
							"rotation": [0, 0, 5],
							"uv": {
								"north": {"uv": [34.125, 22.5], "uv_size": [3.375, 3.5]},
								"east": {"uv": [34.125, 22.5], "uv_size": [3.375, 3.5]},
								"south": {"uv": [34.125, 22.5], "uv_size": [3.375, 3.5]},
								"west": {"uv": [34.125, 22.5], "uv_size": [3.375, 3.5]},
								"up": {"uv": [37.5, 26], "uv_size": [-3.375, -3.5]},
								"down": {"uv": [37.5, 26], "uv_size": [-3.375, -3.5]}
							}
						},
						{
							"origin": [-1.86535, 9.08648, -2.7],
							"size": [1.2, 1.85, 0.125],
							"pivot": [15.10965, -5.71352, 2.55],
							"rotation": [0, 0, 5],
							"uv": {
								"north": {"uv": [34.125, 22.5], "uv_size": [3.375, 3.5]},
								"east": {"uv": [34.125, 22.5], "uv_size": [3.375, 3.5]},
								"south": {"uv": [34.125, 22.5], "uv_size": [3.375, 3.5]},
								"west": {"uv": [34.125, 22.5], "uv_size": [3.375, 3.5]},
								"up": {"uv": [37.5, 26], "uv_size": [-3.375, -3.5]},
								"down": {"uv": [37.5, 26], "uv_size": [-3.375, -3.5]}
							}
						},
						{
							"origin": [-10.95387, 2.89823, -2.7],
							"size": [1.2, 1.85, 0.125],
							"pivot": [6.02113, -11.90177, 2.55],
							"rotation": [0, 0, 30],
							"uv": {
								"north": {"uv": [34.125, 22.5], "uv_size": [3.375, 3.5]},
								"east": {"uv": [34.125, 22.5], "uv_size": [3.375, 3.5]},
								"south": {"uv": [34.125, 22.5], "uv_size": [3.375, 3.5]},
								"west": {"uv": [34.125, 22.5], "uv_size": [3.375, 3.5]},
								"up": {"uv": [37.5, 26], "uv_size": [-3.375, -3.5]},
								"down": {"uv": [37.5, 26], "uv_size": [-3.375, -3.5]}
							}
						},
						{
							"origin": [4.12428, 16.01734, -2.7],
							"size": [0.7, 2.025, 0.125],
							"pivot": [21.34928, 1.39234, 2.55],
							"rotation": [0, 0, -17.5],
							"uv": {
								"north": {"uv": [34.125, 22.5], "uv_size": [3.375, 3.5]},
								"east": {"uv": [34.125, 22.5], "uv_size": [3.375, 3.5]},
								"south": {"uv": [34.125, 22.5], "uv_size": [3.375, 3.5]},
								"west": {"uv": [34.125, 22.5], "uv_size": [3.375, 3.5]},
								"up": {"uv": [37.5, 26], "uv_size": [-3.375, -3.5]},
								"down": {"uv": [37.5, 26], "uv_size": [-3.375, -3.5]}
							}
						},
						{
							"origin": [-5.55529, 3.62274, -2.7],
							"size": [0.975, 2.55, 0.125],
							"pivot": [11.94471, -10.47726, 2.55],
							"rotation": [0, 0, 17.5],
							"uv": {
								"north": {"uv": [34.125, 22.5], "uv_size": [3.375, 3.5]},
								"east": {"uv": [34.125, 22.5], "uv_size": [3.375, 3.5]},
								"south": {"uv": [34.125, 22.5], "uv_size": [3.375, 3.5]},
								"west": {"uv": [34.125, 22.5], "uv_size": [3.375, 3.5]},
								"up": {"uv": [37.5, 26], "uv_size": [-3.375, -3.5]},
								"down": {"uv": [37.5, 26], "uv_size": [-3.375, -3.5]}
							}
						},
						{
							"origin": [1.91577, 11.65075, -2.7],
							"size": [2.025, 1.875, 0.125],
							"pivot": [19.14077, -3.12425, 2.55],
							"rotation": [0, 0, -12.5],
							"uv": {
								"north": {"uv": [34.125, 22.5], "uv_size": [3.375, 3.5]},
								"east": {"uv": [34.125, 22.5], "uv_size": [3.375, 3.5]},
								"south": {"uv": [34.125, 22.5], "uv_size": [3.375, 3.5]},
								"west": {"uv": [34.125, 22.5], "uv_size": [3.375, 3.5]},
								"up": {"uv": [37.5, 26], "uv_size": [-3.375, -3.5]},
								"down": {"uv": [37.5, 26], "uv_size": [-3.375, -3.5]}
							}
						}
					]
				}
			]
		}
	]
}