{
	"format_version": "1.13.0",
	"minecraft:feature_rules": {
		"description": {
			"identifier": "minecraft:convenience_store_feature_rule",
			"places_feature": "minecraft:convenience_store"
		},
		"conditions": {
			"placement_pass": "surface_pass",
			"minecraft:biome_filter": [
				{
					"any_of": [
						{
							"test": "has_biome_tag",
							"value": "forest"
						},
						{
							"test": "has_biome_tag",
							"value": "plains"
						}
					]
				}
			]
		},
		"distribution": {
			"iterations": 1,
			"scatter_chance": 2.5,
			"x": {
				"distribution": "uniform",
				"extent": [
					0,
					16
				]
			},
			"y": "query.heightmap(variable.worldx, variable.worldz)-1",
			"z": {
				"distribution": "uniform",
				"extent": [
					0,
					16
				]
			}
		}
	}
}