{
	"format_version": "1.17",
	"minecraft:npc_dialogue":
	{
		"scenes":
		[
            {
				"scene_tag": "game_gamePAY",
				"npc_name": " ",
				"text": " ",
                "buttons": [
                    {
                        "name": "",
                        "commands": [
							"/dialogue open @e[type=screen_ui:laptop_black, c=1] @initiator window11"
						]
                    },
                    {
                        "name": "",
                        "commands": [
							"/dialogue open @e[type=screen_ui:laptop_black, c=1] @initiator game_gameSTART1"
						]
                    },
                    {
                        "name": "",
                        "commands": [
							"/dialogue open @e[type=screen_ui:laptop_black, c=1] @initiator game_gameRULES"
						]
                    }
                ]
			},
            {
				"scene_tag": "game_gameRULES",
				"npc_name": " ",
				"text": "                                                 §0Welcome To Quiz Game Give the Answer of 5 Simple question's and Win prize's. On complete the 5 level you get a chance to choose you prize from 4 box's also you get prize's if you lose.            §cCreater:§4AdarshgamerLive                            ",
                "buttons": [
                    {
                        "name": "",
                        "commands": [
							"/dialogue open @e[type=screen_ui:laptop_black, c=1] @initiator game_gamePAY"
						]
                    }
                ]
			},
            {
				"scene_tag": "game_gameSTART1",
				"npc_name": " ",
				"text": "                                                                                 §01. Who is the Endermen's leader?                                                         A. Enya              B. Ender Dragon     C. Ender King      D. Donald Trump                                                ",
                "buttons": [
                    {
                        "name": "",
                        "commands": [
							"/dialogue open @e[type=screen_ui:laptop_black, c=1] @initiator game_gameLose"
						]
                    },
                    {
                        "name": "",
                        "commands": [
							"/dialogue open @e[type=screen_ui:laptop_black, c=1] @initiator game_gameSTART2"
						]
                    },
                    {
                        "name": "",
                        "commands": [
							"/dialogue open @e[type=screen_ui:laptop_black, c=1] @initiator game_gameLose"
						]
                    },
                    {
                        "name": "",
                        "commands": [
							"/dialogue open @e[type=screen_ui:laptop_black, c=1] @initiator game_gameLose"
						]
                    }
                ]
			},
            {
				"scene_tag": "game_gameSTART2",
				"npc_name": " ",
				"text": "                                                                                 §02. What is the color of Youtube?                                                           A. Pink          B. Black                      C. Red          D. White                                                     ",
                "buttons": [
                    {
                        "name": "",
                        "commands": [
							"/dialogue open @e[type=screen_ui:laptop_black, c=1] @initiator game_gameLose"
						]
                    },
                    {
                        "name": "",
                        "commands": [
							"/dialogue open @e[type=screen_ui:laptop_black, c=1] @initiator game_gameLose"
						]
                    },
                    {
                        "name": "",
                        "commands": [
							"/dialogue open @e[type=screen_ui:laptop_black, c=1] @initiator game_gameSTART3"
						]
                    },
                    {
                        "name": "",
                        "commands": [
							"/dialogue open @e[type=screen_ui:laptop_black, c=1] @initiator game_gameLose"
						]
                    }
                ]
			},
            {
				"scene_tag": "game_gameSTART3",
				"npc_name": " ",
				"text": "                                                                                 §03. In minecraft which block is use for copy structure or build and paste in same or anthor world?                                                                       A. structure block    B. Command block  C. Deny block           D. Allow block                                           ",
                "buttons": [
                                        {
                        "name": "",
                        "commands": [
							"/dialogue open @e[type=screen_ui:laptop_black, c=1] @initiator game_gameSTART4"
						]
                    },
                    {
                        "name": "",
                        "commands": [
							"/dialogue open @e[type=screen_ui:laptop_black, c=1] @initiator game_gameLose"
						]
                    },
                    {
                        "name": "",
                        "commands": [
							"/dialogue open @e[type=screen_ui:laptop_black, c=1] @initiator game_gameLose"
						]
                    },
                    {
                        "name": "",
                        "commands": [
							"/dialogue open @e[type=screen_ui:laptop_black, c=1] @initiator game_gameLose"
						]
                    }
                ]
			},
            {
				"scene_tag": "game_gameSTART4",
				"npc_name": " ",
				"text": "                                                                                 §04. Who own minecraft?                                                                         A. Mojang           B. Manzana            C. Minecraft        D. Microsoft                              ",
                "buttons": [
                                        {
                        "name": "",
                        "commands": [
							"/dialogue open @e[type=screen_ui:laptop_black, c=1] @initiator game_gameLose"
						]
                    },
                    {
                        "name": "",
                        "commands": [
							"/dialogue open @e[type=screen_ui:laptop_black, c=1] @initiator game_gameLose"
						]
                    },
                    {
                        "name": "",
                        "commands": [
							"/dialogue open @e[type=screen_ui:laptop_black, c=1] @initiator game_gameLose"
						]
                    },
                    {
                        "name": "",
                        "commands": [
							"/dialogue open @e[type=screen_ui:laptop_black, c=1] @initiator game_gameSTART5"
						]
                    }
                ]
			},
            {
				"scene_tag": "game_gameSTART5",
				"npc_name": " ",
				"text": "                                                                                 §05. What are Creepers scared of?                                                          A. Spiders    B. Cow                         C. Ocelots    D. The dark                              ",
                "buttons": [
                                        {
                        "name": "",
                        "commands": [
							"/dialogue open @e[type=screen_ui:laptop_black, c=1] @initiator game_gameLose"
						]
                    },
                    {
                        "name": "",
                        "commands": [
							"/dialogue open @e[type=screen_ui:laptop_black, c=1] @initiator game_gameLose"
						]
                    },
                    {
                        "name": "",
                        "commands": [
							"/dialogue open @e[type=screen_ui:laptop_black, c=1] @initiator game_gameWin"
						]
                    },
                    {
                        "name": "",
                        "commands": [
							"/dialogue open @e[type=screen_ui:laptop_black, c=1] @initiator game_gameLose"
						]
                    }
                ]
			},
            {
				"scene_tag": "game_gameLose",
				"npc_name": " ",
				"text": "                                                                                                                                                                                                                     §l§0 OOPs! YOU LOSE                                     ",
                "buttons": [
                    {
                        "name": "",
                        "commands": [
                            "gamerule sendcommandfeedback false",
                            "/give @initiator bone",
                            "/title @initiator actionbar Oops! You Lose [You got a Bone]",
                            "gamerule sendcommandfeedback true"
						]
                    },
                    {
                        "name": "",
                        "commands": [
                            "gamerule sendcommandfeedback false",
                            "/give @initiator rotten_flesh",
                            "/title @initiator actionbar Oops! You Lose [You got a Rotten Flesh]",
                            "gamerule sendcommandfeedback true"
						]
                    },
                    {
                        "name": "",
                        "commands": [
                            "gamerule sendcommandfeedback false",
                            "/give @initiator amethyst_shard",
                            "/title @initiator actionbar Oops! You Lose [You got a Amethyst Shard]",
                            "gamerule sendcommandfeedback true"
						]
                    },
                    {
                        "name": "",
                        "commands": [
                            "gamerule sendcommandfeedback false",
                            "/give @initiator iron_ingot",
                            "/title @initiator actionbar Oops! You Lose [You got a Iron Ingot]",
                            "gamerule sendcommandfeedback true"
						]
                    }
                ]
			},
            {
				"scene_tag": "game_gameWin",
				"npc_name": " ",
				"text": "                                                                                                                                                                                                                     §l§0YOU ARE WINNER                              ",
                "buttons": [
                    {
                        "name": "",
                        "commands": [
                            "gamerule sendcommandfeedback false",
                            "/give @initiator iron_sword",
                            "/title @initiator actionbar You are Winner [You got a Iron Sword]",
                            "gamerule sendcommandfeedback true"
						]
                    },
                    {
                        "name": "",
                        "commands": [
                            "gamerule sendcommandfeedback false",
                            "/give @initiator ender_pearl",
                            "/title @initiator actionbar You are Winner [You got a Ender Pearl]",
                            "gamerule sendcommandfeedback true"
						]
                    },
                    {
                        "name": "",
                        "commands": [
                            "gamerule sendcommandfeedback false",
                            "/give @initiator diamond",
                            "/title @initiator actionbar You are Winner [You got a Diamond]",
                            "gamerule sendcommandfeedback true"
						]
                    },
                    {
                        "name": "",
                        "commands": [
                            "gamerule sendcommandfeedback false",
                            "/give @initiator spyglass",
                            "/title @initiator actionbar You are Winner [You got a Spyglass]",
                            "gamerule sendcommandfeedback true"
						]
                    }
                ]
			}
        ]	
	}
}
