{
	"format_version": "1.17",
	"minecraft:npc_dialogue":
	{
		"scenes":
		[
			{
				"scene_tag": "laptop",
				"npc_name": " ",
				"text": "",
				"buttons": [
					{
						"name": { "rawtext": [ { "translate": "" } ] },
						"commands": [
							"/dialogue open @e[type=screen_ui:laptop_black, c=1] @initiator spotify"
						]
					},
					{
						"name": { "rawtext": [ { "translate": "" } ] },
						"commands": [
							"/dialogue open @e[type=screen_ui:laptop_black, c=1] @initiator window11"
						]
					},
					{
						"name": { "rawtext": [ { "translate": "" } ] },
						"commands": [
							"/dialogue open @e[type=screen_ui:laptop_black, c=1] @initiator flipkart"
						]
					},
					{
						"name": { "rawtext": [ { "translate": "" } ] },
						"commands": [
							"/dialogue open @e[type=screen_ui:laptop_black, c=1] @initiator edge11"
						]
					},
					{
					  "name": { "rawtext": [ {"translate": "  "}]}
					}
				]
			},
			{
				"scene_tag": "spotify",
				"npc_name": " ",
				"text": "",
				"buttons": [
					{
						"name": { "rawtext": [ { "translate": "" } ] },
						"commands": [
						    "/dialogue open @e[type=screen_ui:laptop_black, c=1] @initiator laptop"
						]
					},
					{
						"name": { "rawtext": [ { "translate": "" } ] },
						"commands": [
							"/dialogue open @e[type=screen_ui:laptop_black, c=1] @initiator musicA"
						]
					},
					{
						"name": { "rawtext": [ { "translate": "" } ] },
						"commands": [
							"/dialogue open @e[type=screen_ui:laptop_black, c=1] @initiator musicB"
						]
					},
					{
						"name": { "rawtext": [ { "translate": "" } ] },
						"commands": [
							"/dialogue open @e[type=screen_ui:laptop_black, c=1] @initiator musicC"
						]
					}
				]
			},
			{
				"scene_tag": "musicA",
				"npc_name": " ",
				"text": "",
				"buttons": [
					{
						"name": { "rawtext": [ { "translate": "" } ] },
						"commands": [
						    "/dialogue open @e[type=screen_ui:laptop_black, c=1] @initiator spotify"
						]
					},
					{
						"name": { "rawtext": [ { "translate": "" } ] },
						"commands": [
							"/playsound spotify.love1 @a ~~~ 9 1",
							"/stopsound @a"
						]
					},
					{
						"name": { "rawtext": [ { "translate": "" } ] },
						"commands": [
							"/playsound spotify.love2 @a ~~~ 9 1",
							"/stopsound @a"
						]
					},
					{
						"name": { "rawtext": [ { "translate": "" } ] },
						"commands": [
							"/stopsound @a"
						]
					}
				]	
			},
			{
				"scene_tag": "musicB",
				"npc_name": " ",
				"text": "",
				"buttons": [
					{
						"name": { "rawtext": [ { "translate": "" } ] },
						"commands": [
						    "/dialogue open @e[type=screen_ui:laptop_black, c=1] @initiator spotify"
						]
					},
					{
						"name": { "rawtext": [ { "translate": "" } ] },
						"commands": [
							"/playsound spotify.cool1 @a ~~~ 9 1",
							"/stopsound @a"
						]
					},
					{
						"name": { "rawtext": [ { "translate": "" } ] },
						"commands": [
							"/playsound spotify.cool2 @a ~~~ 9 1",
							"/stopsound @a"
						]
					},
					{
						"name": { "rawtext": [ { "translate": "" } ] },
						"commands": [
							"/stopsound @a"
						]
					}
				]	
			},
			{
				"scene_tag": "musicC",
				"npc_name": " ",
				"text": "",
				"buttons": [
					{
						"name": { "rawtext": [ { "translate": "" } ] },
						"commands": [
						    "/dialogue open @e[type=screen_ui:laptop_black, c=1] @initiator spotify"
						]
					},
					{
						"name": { "rawtext": [ { "translate": "" } ] },
						"commands": [
							"/playsound spotify.fav1 @a ~~~ 9 1",
							"stopsound @a"
						]
					},
					{
						"name": { "rawtext": [ { "translate": "" } ] },
						"commands": [
							"/stopsound @a"
						]
					}
				]	
			},
			{
				"scene_tag": "window11",
				"npc_name": " ",
				"text": "",
				"buttons": [
					{
						"name": { "rawtext": [ { "translate": "" } ] },
						"commands": [
							"/dialogue open @e[type=screen_ui:laptop_black, c=1] @initiator laptop"
						]
					},
					  {
              "name": "",
              "commands": [
             "gamerule sendcommandfeedback false",
				    "gamemode creative @initiator",
            "gamemode survival @initiator",
            "dialogue open @e[type=screen_ui:laptop_black, c=1] @initiator game_gamePAY",
            "gamemode default @initiator",
            "gamerule sendcommandfeedback true"
						]
            },
					{
						"name": { "rawtext": [ { "translate": "" } ] },
						"commands": [
							"/dialogue open @e[type=screen_ui:laptop_black, c=1] @initiator setting"
						]
					},
					{
						"name": { "rawtext": [ { "translate": "" } ] }
					}
				]
			},
			{
				"scene_tag": "setting",
				"npc_name": " ",
				"text": "",
				"buttons": [
					{
						"name": {"rawtext": [ {"translate": ""} ] },
						"commands": [
							"/dialogue open @e[type=screen_ui:laptop_black, c=1] @initiator window11"
						]
					},
					{
						"name": {"rawtext": [ {"translate": ""} ] },
						"commands": [
							"/clear @initiator"
						]
					}
				]
			},
			{
				"scene_tag": "flipkart",
				"npc_name": " ",
				"text": "",
				"buttons": [
					{
						"name": { "rawtext": [ { "translate": "" } ] },
						"commands": [
							"/dialogue open @e[type=screen_ui:laptop_black, c=1] @initiator laptop"
						]
					},
					{
						"name": { "rawtext": [ { "translate": "" } ] },
						"commands": [
							"/dialogue open @e[type=screen_ui:laptop_black, c=1] @initiator flipkartFREE"
						]
					},
					{
						"name": { "rawtext": [ { "translate": "" } ] },
						"commands": [
							"/dialogue open @e[type=screen_ui:laptop_black, c=1] @initiator flipkartBUY"
						]
					}
				]
			},
			{
				"scene_tag": "flipkartBUY",
				"npc_name": " ",
				"text": "",
				"buttons": [
						{
							"name": { "rawtext": [ { "translate": "" } ] },
							"commands": [
								"/dialogue open @e[type=screen_ui:laptop_black, c=1] @initiator flipkart"
							]
						},
						{
							"name": { "rawtext": [ { "translate": "" } ] },
							"commands": [
								"gamerule sendcommandfeedback false",
								"/give @initiator[hasitem={item=emerald, quantity=10..}] diamond 3",
								"/title @initiator[hasitem={item=emerald, quantity=10..}] actionbar  Buy 3 Diamond",
								"/clear @initiator[hasitem={item=emerald, quantity=10..}] emerald 0 10",
								"/title @initiator[hasitem={item=emerald, quantity=0..9}] actionbar Inefficient Emerald",
								"gamerule sendcommandfeedback true"
							]
						},
						{
							"name": { "rawtext": [ { "translate": "" } ] },
							"commands": [
								"gamerule sendcommandfeedback false",
								"/give @initiator[hasitem={item=emerald, quantity=5..}] gold_ingot 5",
								"/title @initiator[hasitem={item=emerald, quantity=5..}] actionbar  Buy 5 Gold Ingot",
								"/clear @initiator[hasitem={item=emerald, quantity=5..}] emerald 0 5",
								"/title @initiator[hasitem={item=emerald, quantity=0..5}] actionbar Inefficient Emerald",
								"gamerule sendcommandfeedback true"
							]
						},
						{
							"name": { "rawtext": [ { "translate": "" } ] },
							"commands": [
								"gamerule sendcommandfeedback false",
								"/give @initiator[hasitem={item=emerald, quantity=1..}] iron_ingot 9",
								"/title @initiator[hasitem={item=emerald, quantity=1..}] actionbar  Buy 9 Iron Ingot",
								"/clear @initiator[hasitem={item=emerald, quantity=1..}] emerald 0 1",
								"/title @initiator[hasitem={item=emerald, quantity=0}] actionbar Inefficient Emerald",
								"gamerule sendcommandfeedback true"
							]
						}
				]
			},
			{
				"scene_tag": "flipkartFREE",
				"npc_name": " ",
				"text": "",
				"buttons": [
					{
						"name": { "rawtext": [ { "translate": "" } ] },
						"commands": [
							"/dialogue open @e[type=screen_ui:laptop_black, c=1] @initiator flipkart"
						]
					},
					{
						"name": { "rawtext": [ { "translate": "" } ] },
						"commands": [
							"/give @initiator apple 10"
						]
					},
					{
						"name": { "rawtext": [ { "translate": "" } ] },
						"commands": [
							"/give @initiator totem_of_undying 1"
						]
					},
					{
						"name": { "rawtext": [ { "translate": "" } ] },
						"commands": [
							"/give @initiator elytra 1"
						]
					}
				]
			},
			{
				"scene_tag": "edge11",
				"npc_name": " ",
				"text": "                                                                                                                                                          §l§0Google                                                  ",
				"buttons": [
				  {
				    "name": "",
				    "commands": [
				      "/dialogue open @e[type=screen_ui:laptop_black, c=1] @initiator laptop"]
				  },
				  {
					"name": "",
				    "commands":[
						"gamerule sendcommandfeedback false",
						"gamemode creative @initiator",
						"gamemode survival @initiator",
						"dialogue open @e[type=screen_ui:laptop_black, c=1] @initiator website",
						"gamemode default @initiator",
						"gamerule sendcommandfeedback true"
					]
				  },
				  {
				    "name": "",
				    "commands":[
						"/dialogue open @e[type=screen_ui:laptop_black, c=1] @initiator edge11"
					]
				  },
				  {
				    "name": "",
				    "commands":[
				    "gamerule sendcommandfeedback false",
				    "gamemode creative @initiator",
                    "gamemode survival @initiator",
                    "dialogue open @e[type=screen_ui:laptop_black, c=1] @initiator connetion",
                    "gamemode default @initiator",
                    "gamerule sendcommandfeedback true"
				]
				  }
				  ]
			}
		]
	}
}
