{
	"format_version": "1.17",
	"minecraft:npc_dialogue":
	{
		"scenes":
		[
			{
				"scene_tag": "website",
				"npc_name": " ",
				"text": "                                §0                         Creater: @Adarshgamer_Live                        Version: 1.20+                        Addon's version: Beta 0.5v     §4Note: Its only a test version not a full  version update your Addons. Go and            check for new version                       ",
                "buttons": [
                    {
                        "name": "",
				        "commands": [
				          "/dialogue open @e[type=screen_ui:laptop_black, c=1] @initiator edge11"
                        ]
                    },
                    {
                        "name": "",
                        "commands":[
                            "/dialogue open @e[type=screen_ui:laptop_black, c=1] @initiator website"
                        ]
                    },
                    {
                        "name": "",
                        "commands":[
                        "gamerule sendcommandfeedback false",
                        "gamemode creative @initiator",
                        "gamemode survival @initiator",
                        "dialogue open @e[type=screen_ui:laptop_black, c=1] @initiator connetion",
                        "gamemode default @initiator",
                        "gamerule sendcommandfeedback true"
                    ]
                    },
                    {
						"name": ""
					}
                ]
			}
        ]	
	}
}
