{
  "honda_supra_x_125.hurt": {
    "category": "neutral",
    "sounds": [
      "sounds/honda/supra_x_125_hurt"
    ]
  },
  "honda_supra_x_125.starter": {
    "category": "neutral",
    "sounds": [
      {
        "name": "sounds/honda/supra_x_125_starter",
        "volume" : 1.2
      }
    ]
  },
  "honda_supra_x_125.gas": {
    "category": "music",
    "min_distance": 20.0,
    "sounds": [
      "sounds/honda/supra_x_125_gas"
    ]
  },
  "honda_supra_x_125.idle": {
    "category": "neutral",
    "sounds": [
      "sounds/honda/supra_x_125_idle"
    ]
  },
  "honda_supra_x_125.move": {
    "category": "neutral",
    "sounds": [
	  "sounds/honda/supra_x_125_move"
    ]
  },
  "honda_supra_x_125.horn": {
    "category": "neutral",
    "sounds": [
      "sounds/honda/supra_x_125_horn"
    ]
  },
  "honda_supra_x_125.silent": {
    "category": "neutral",
    "sounds": [
      "sounds/silent"
    ]
  }
}