{
	"format_version": "1.8.0",
	"animations": {
		"animation.ktm.tilt": {
			"loop": true,
			"bones": {
				"frontwheelbase": {
					"rotation": [0, "Math.max(-25, Math.min(25,query.yaw_speed * 0.5))", 0]
				},
				"ktm": {
					"rotation": [0, 0, "Math.max(-20, Math.min(20,query.yaw_speed * 0.4))*-1"]
				}
			}
		},
		"animation.ktm.drive": {
			"loop": true,
			"animation_length": 0.1667,
			"bones": {
				"frontwheel": {
					"rotation": {
						"0.0": [0, 0, 0],
						"0.1667": [180, 0, 0]
					}
				},
				"backwheel": {
					"rotation": {
						"0.0": [0, 0, 0],
						"0.1667": [180, 0, 0]
					}
				}
			}
		},
		"animation.ktm.down": {
			"loop": true,
			"bones": {
				"ktm": {
					"rotation": {
						"0.0": {
							"post": ["query.vertical_speed * -1", 0, 0],
							"lerp_mode": "catmullrom"
						}
					}
				}
			}
		},
		"animation.ktm.up": {
			"loop": true,
			"bones": {
				"ktm": {
					"rotation": {
						"0.0": {
							"post": ["query.vertical_speed * 1", 0, 0],
							"lerp_mode": "catmullrom"
						}
					}
				}
			}
		}
	}
}