{
	"format_version": "1.8.0",
	"animations": {
		"animation.player.ktm.ride": {
			"loop": true,
			"bones": {
				"rightArm": {
					"rotation": [-50, 0, 0]
				},
				"leftArm": {
					"rotation": [-50, 0, 0]
				},
				"body": {
					"rotation": [15, 0, 0],
					"position": [0, 0, -2]
				},
				"head": {
					"position": [0, 0, 0]
				},
				"hat": {
					"position": [0, 0, 0]
				},
				"rightLeg": {
					"rotation": [17, 5, 0],
					"position": [0, 0, 1]
				},
				"leftLeg": {
					"rotation": [17, -5, 0],
					"position": [0, 0, 1]
				}
			}
		},
		"animation.player.riding.arms": {
			"loop": true,
			"bones": {
				"rightArm": {
					"rotation": [-35, 0, 0]
				},
				"leftArm": {
					"rotation": [-35, 0, 0]
				},
				"body": {
					"rotation": [0, 0, 0],
					"position": [0, 0, 0]
				},
				"head": {
					"position": [0, 0, 0]
				},
				"hat": {
					"position": [0, 0, 0]
				},
				"rightLeg": {
					"rotation": [-50, 5, 0],
					"position": [0, 0, 1]
				},
				"leftLeg": {
					"rotation": [-50, -5, 0],
					"position": [0, 0, 1]
				}
			}
		},
		"animation.player.riding.arms.zombie": {
			"loop": true
		},
		"animation.player.riding.legs": {
			"loop": true
		}
	}
}