{
  "format_version": "1.12.0",
  "minecraft:geometry": [
    {
      "description": {
        "identifier": "geometry.f_gangle",
        "texture_width": 32,
        "texture_height": 32,
        "visible_bounds_width": 5,
        "visible_bounds_height": 3.5,
        "visible_bounds_offset": [
          0,
          1.25,
          0
        ]
      },
      "bones": [
        {
          "name": "spring5",
          "pivot": [
            0,
            30,
            -4
          ],
          "rotation": [
            -62.47767,
            -23.03743,
            98.6313
          ],
          "cubes": [
            {
              "origin": [
                8,
                28,
                -5
              ],
              "size": [
                1,
                0,
                2
              ],
              "uv": [
                24,
                27
              ]
            },
            {
              "origin": [
                8,
                28,
                -5
              ],
              "size": [
                1,
                0,
                2
              ],
              "pivot": [
                9,
                30,
                -4
              ],
              "rotation": [
                -105,
                0,
                0
              ],
              "uv": [
                14,
                27
              ]
            },
            {
              "origin": [
                8,
                28,
                -5
              ],
              "size": [
                1,
                0,
                2
              ],
              "pivot": [
                9,
                30,
                -4
              ],
              "rotation": [
                -52.5,
                0,
                0
              ],
              "uv": [
                12,
                27
              ]
            },
            {
              "origin": [
                8,
                28,
                -5
              ],
              "size": [
                1,
                0,
                2
              ],
              "pivot": [
                9,
                30,
                -4
              ],
              "rotation": [
                52.5,
                0,
                0
              ],
              "uv": [
                10,
                27
              ]
            },
            {
              "origin": [
                8,
                28,
                -5
              ],
              "size": [
                1,
                0,
                2
              ],
              "pivot": [
                9,
                30,
                -4
              ],
              "rotation": [
                105,
                0,
                0
              ],
              "uv": [
                8,
                27
              ]
            },
            {
              "origin": [
                7,
                28,
                -5
              ],
              "size": [
                2,
                0,
                2
              ],
              "pivot": [
                9,
                30,
                -4
              ],
              "rotation": [
                157.5,
                0,
                0
              ],
              "uv": [
                24,
                21
              ]
            },
            {
              "origin": [
                6,
                28,
                -5
              ],
              "size": [
                2,
                0,
                2
              ],
              "pivot": [
                9,
                30,
                -4
              ],
              "rotation": [
                -150,
                0,
                0
              ],
              "uv": [
                24,
                14
              ]
            },
            {
              "origin": [
                2,
                28,
                -5
              ],
              "size": [
                1,
                0,
                2
              ],
              "uv": [
                6,
                27
              ]
            },
            {
              "origin": [
                2,
                28,
                -5
              ],
              "size": [
                1,
                0,
                2
              ],
              "pivot": [
                3,
                30,
                -4
              ],
              "rotation": [
                -105,
                0,
                0
              ],
              "uv": [
                4,
                27
              ]
            },
            {
              "origin": [
                2,
                28,
                -5
              ],
              "size": [
                1,
                0,
                2
              ],
              "pivot": [
                3,
                30,
                -4
              ],
              "rotation": [
                -52.5,
                0,
                0
              ],
              "uv": [
                2,
                27
              ]
            },
            {
              "origin": [
                2,
                28,
                -5
              ],
              "size": [
                1,
                0,
                2
              ],
              "pivot": [
                3,
                30,
                -4
              ],
              "rotation": [
                52.5,
                0,
                0
              ],
              "uv": [
                26,
                25
              ]
            },
            {
              "origin": [
                2,
                28,
                -5
              ],
              "size": [
                1,
                0,
                2
              ],
              "pivot": [
                3,
                30,
                -4
              ],
              "rotation": [
                105,
                0,
                0
              ],
              "uv": [
                26,
                23
              ]
            },
            {
              "origin": [
                1,
                28,
                -5
              ],
              "size": [
                2,
                0,
                2
              ],
              "pivot": [
                3,
                30,
                -4
              ],
              "rotation": [
                157.5,
                0,
                0
              ],
              "uv": [
                24,
                21
              ]
            },
            {
              "origin": [
                0,
                28,
                -5
              ],
              "size": [
                2,
                0,
                2
              ],
              "pivot": [
                3,
                30,
                -4
              ],
              "rotation": [
                -150,
                0,
                0
              ],
              "uv": [
                24,
                6
              ]
            },
            {
              "origin": [
                -3,
                27,
                -5
              ],
              "size": [
                6,
                0,
                2
              ],
              "pivot": [
                3,
                30,
                -4
              ],
              "rotation": [
                -160.5402,
                -15.26349,
                -59.30897
              ],
              "uv": [
                0,
                9
              ]
            },
            {
              "origin": [
                3,
                28,
                -5
              ],
              "size": [
                2,
                0,
                2
              ],
              "pivot": [
                6,
                30,
                -4
              ],
              "rotation": [
                -150,
                0,
                0
              ],
              "uv": [
                24,
                4
              ]
            },
            {
              "origin": [
                4,
                28,
                -5
              ],
              "size": [
                2,
                0,
                2
              ],
              "pivot": [
                6,
                30,
                -4
              ],
              "rotation": [
                157.5,
                0,
                0
              ],
              "uv": [
                24,
                21
              ]
            },
            {
              "origin": [
                5,
                28,
                -5
              ],
              "size": [
                1,
                0,
                2
              ],
              "pivot": [
                6,
                30,
                -4
              ],
              "rotation": [
                105,
                0,
                0
              ],
              "uv": [
                26,
                18
              ]
            },
            {
              "origin": [
                5,
                28,
                -5
              ],
              "size": [
                1,
                0,
                2
              ],
              "pivot": [
                6,
                30,
                -4
              ],
              "rotation": [
                52.5,
                0,
                0
              ],
              "uv": [
                26,
                16
              ]
            },
            {
              "origin": [
                5,
                28,
                -5
              ],
              "size": [
                1,
                0,
                2
              ],
              "pivot": [
                6,
                30,
                -4
              ],
              "rotation": [
                -52.5,
                0,
                0
              ],
              "uv": [
                26,
                12
              ]
            },
            {
              "origin": [
                5,
                28,
                -5
              ],
              "size": [
                1,
                0,
                2
              ],
              "pivot": [
                6,
                30,
                -4
              ],
              "rotation": [
                -105,
                0,
                0
              ],
              "uv": [
                26,
                10
              ]
            },
            {
              "origin": [
                5,
                28,
                -5
              ],
              "size": [
                1,
                0,
                2
              ],
              "uv": [
                24,
                25
              ]
            }
          ]
        },
        {
          "name": "spring9",
          "parent": "spring5",
          "pivot": [
            9,
            30,
            -4
          ],
          "rotation": [
            0.90169,
            14.7267,
            6.75279
          ],
          "cubes": [
            {
              "origin": [
                17,
                28,
                -5
              ],
              "size": [
                1,
                0,
                2
              ],
              "uv": [
                14,
                25
              ]
            },
            {
              "origin": [
                17,
                28,
                -5
              ],
              "size": [
                1,
                0,
                2
              ],
              "pivot": [
                18,
                30,
                -4
              ],
              "rotation": [
                -105,
                0,
                0
              ],
              "uv": [
                12,
                25
              ]
            },
            {
              "origin": [
                17,
                28,
                -5
              ],
              "size": [
                1,
                0,
                2
              ],
              "pivot": [
                18,
                30,
                -4
              ],
              "rotation": [
                -52.5,
                0,
                0
              ],
              "uv": [
                10,
                25
              ]
            },
            {
              "origin": [
                17,
                28,
                -5
              ],
              "size": [
                1,
                0,
                2
              ],
              "pivot": [
                18,
                30,
                -4
              ],
              "rotation": [
                52.5,
                0,
                0
              ],
              "uv": [
                8,
                25
              ]
            },
            {
              "origin": [
                17,
                28,
                -5
              ],
              "size": [
                1,
                0,
                2
              ],
              "pivot": [
                18,
                30,
                -4
              ],
              "rotation": [
                105,
                0,
                0
              ],
              "uv": [
                6,
                25
              ]
            },
            {
              "origin": [
                16,
                28,
                -5
              ],
              "size": [
                2,
                0,
                2
              ],
              "pivot": [
                18,
                30,
                -4
              ],
              "rotation": [
                157.5,
                0,
                0
              ],
              "uv": [
                24,
                21
              ]
            },
            {
              "origin": [
                15,
                28,
                -5
              ],
              "size": [
                2,
                0,
                2
              ],
              "pivot": [
                18,
                30,
                -4
              ],
              "rotation": [
                -150,
                0,
                0
              ],
              "uv": [
                22,
                19
              ]
            },
            {
              "origin": [
                11,
                28,
                -5
              ],
              "size": [
                1,
                0,
                2
              ],
              "uv": [
                4,
                25
              ]
            },
            {
              "origin": [
                11,
                28,
                -5
              ],
              "size": [
                1,
                0,
                2
              ],
              "pivot": [
                12,
                30,
                -4
              ],
              "rotation": [
                -105,
                0,
                0
              ],
              "uv": [
                2,
                25
              ]
            },
            {
              "origin": [
                11,
                28,
                -5
              ],
              "size": [
                1,
                0,
                2
              ],
              "pivot": [
                12,
                30,
                -4
              ],
              "rotation": [
                -52.5,
                0,
                0
              ],
              "uv": [
                24,
                23
              ]
            },
            {
              "origin": [
                11,
                28,
                -5
              ],
              "size": [
                1,
                0,
                2
              ],
              "pivot": [
                12,
                30,
                -4
              ],
              "rotation": [
                52.5,
                0,
                0
              ],
              "uv": [
                2,
                23
              ]
            },
            {
              "origin": [
                11,
                28,
                -5
              ],
              "size": [
                1,
                0,
                2
              ],
              "pivot": [
                12,
                30,
                -4
              ],
              "rotation": [
                105,
                0,
                0
              ],
              "uv": [
                16,
                15
              ]
            },
            {
              "origin": [
                10,
                28,
                -5
              ],
              "size": [
                2,
                0,
                2
              ],
              "pivot": [
                12,
                30,
                -4
              ],
              "rotation": [
                157.5,
                0,
                0
              ],
              "uv": [
                24,
                21
              ]
            },
            {
              "origin": [
                9,
                28,
                -5
              ],
              "size": [
                2,
                0,
                2
              ],
              "pivot": [
                12,
                30,
                -4
              ],
              "rotation": [
                -150,
                0,
                0
              ],
              "uv": [
                22,
                12
              ]
            },
            {
              "origin": [
                12,
                28,
                -5
              ],
              "size": [
                2,
                0,
                2
              ],
              "pivot": [
                15,
                30,
                -4
              ],
              "rotation": [
                -150,
                0,
                0
              ],
              "uv": [
                22,
                10
              ]
            },
            {
              "origin": [
                13,
                28,
                -5
              ],
              "size": [
                2,
                0,
                2
              ],
              "pivot": [
                15,
                30,
                -4
              ],
              "rotation": [
                157.5,
                0,
                0
              ],
              "uv": [
                24,
                21
              ]
            },
            {
              "origin": [
                14,
                28,
                -5
              ],
              "size": [
                1,
                0,
                2
              ],
              "pivot": [
                15,
                30,
                -4
              ],
              "rotation": [
                105,
                0,
                0
              ],
              "uv": [
                2,
                16
              ]
            },
            {
              "origin": [
                14,
                28,
                -5
              ],
              "size": [
                1,
                0,
                2
              ],
              "pivot": [
                15,
                30,
                -4
              ],
              "rotation": [
                52.5,
                0,
                0
              ],
              "uv": [
                14,
                6
              ]
            },
            {
              "origin": [
                14,
                28,
                -5
              ],
              "size": [
                1,
                0,
                2
              ],
              "pivot": [
                15,
                30,
                -4
              ],
              "rotation": [
                -52.5,
                0,
                0
              ],
              "uv": [
                14,
                4
              ]
            },
            {
              "origin": [
                14,
                28,
                -5
              ],
              "size": [
                1,
                0,
                2
              ],
              "pivot": [
                15,
                30,
                -4
              ],
              "rotation": [
                -105,
                0,
                0
              ],
              "uv": [
                14,
                2
              ]
            },
            {
              "origin": [
                14,
                28,
                -5
              ],
              "size": [
                1,
                0,
                2
              ],
              "uv": [
                14,
                0
              ]
            }
          ]
        },
        {
          "name": "Bone biasa bang",
          "parent": "spring5",
          "pivot": [
            -1,
            26,
            -5
          ],
          "rotation": [
            -37.53963,
            52.26181,
            -100.44467
          ],
          "cubes": [
            {
              "origin": [
                -2.8333,
                20.81808,
                -6
              ],
              "size": [
                5,
                4,
                1
              ],
              "uv": [
                0,
                11
              ]
            },
            {
              "origin": [
                3.1667,
                20.81808,
                -5
              ],
              "size": [
                1,
                4,
                2
              ],
              "pivot": [
                0.1667,
                -2.18192,
                3
              ],
              "rotation": [
                0,
                7.5,
                0
              ],
              "uv": [
                18,
                15
              ]
            },
            {
              "origin": [
                -4.8333,
                20.81808,
                -5
              ],
              "size": [
                1,
                4,
                2
              ],
              "pivot": [
                0.1667,
                -2.18192,
                3
              ],
              "rotation": [
                0,
                -10,
                0
              ],
              "uv": [
                18,
                9
              ]
            },
            {
              "origin": [
                -3.8333,
                24.81808,
                -6
              ],
              "size": [
                7,
                5,
                1
              ],
              "uv": [
                0,
                0
              ]
            },
            {
              "origin": [
                -3.8333,
                28.81808,
                11
              ],
              "size": [
                7,
                1,
                2
              ],
              "pivot": [
                0.1667,
                -2.18192,
                3
              ],
              "rotation": [
                30,
                0,
                0
              ],
              "uv": [
                0,
                6
              ]
            },
            {
              "origin": [
                5.1667,
                24.81808,
                -4
              ],
              "size": [
                1,
                5,
                2
              ],
              "pivot": [
                0.1667,
                -2.18192,
                3
              ],
              "rotation": [
                0,
                17.5,
                0
              ],
              "uv": [
                0,
                16
              ]
            },
            {
              "origin": [
                -5.8333,
                24.81808,
                -5
              ],
              "size": [
                1,
                5,
                2
              ],
              "pivot": [
                0.1667,
                -2.18192,
                3
              ],
              "rotation": [
                0,
                -10,
                0
              ],
              "uv": [
                12,
                9
              ]
            }
          ]
        },
        {
          "name": "bone",
          "pivot": [
            1,
            26,
            -3
          ],
          "cubes": [
            {
              "origin": [
                0,
                19,
                -3
              ],
              "size": [
                2,
                8,
                0
              ],
              "uv": [
                18,
                21
              ]
            }
          ]
        },
        {
          "name": "bone2",
          "parent": "bone",
          "pivot": [
            1,
            19,
            -3
          ],
          "cubes": [
            {
              "origin": [
                0,
                10,
                -3
              ],
              "size": [
                2,
                9,
                0
              ],
              "uv": [
                6,
                16
              ]
            },
            {
              "origin": [
                0,
                9,
                0
              ],
              "size": [
                2,
                3,
                0
              ],
              "pivot": [
                0,
                0,
                0
              ],
              "rotation": [
                15,
                0,
                0
              ],
              "uv": [
                28,
                27
              ]
            }
          ]
        },
        {
          "name": "bone3",
          "pivot": [
            0,
            0,
            0
          ]
        },
        {
          "name": "bone4",
          "pivot": [
            -3,
            27,
            -3
          ],
          "cubes": [
            {
              "origin": [
                -4,
                19,
                -3
              ],
              "size": [
                2,
                8,
                0
              ],
              "uv": [
                22,
                0
              ]
            }
          ]
        },
        {
          "name": "bone5",
          "parent": "bone4",
          "pivot": [
            -3,
            19,
            -3
          ],
          "cubes": [
            {
              "origin": [
                -4,
                10,
                -3
              ],
              "size": [
                2,
                9,
                0
              ],
              "uv": [
                10,
                16
              ]
            },
            {
              "origin": [
                -4,
                9,
                0
              ],
              "size": [
                2,
                3,
                0
              ],
              "pivot": [
                0,
                0,
                0
              ],
              "rotation": [
                15,
                0,
                0
              ],
              "uv": [
                4,
                29
              ]
            }
          ]
        },
        {
          "name": "bone6",
          "pivot": [
            1,
            17,
            1
          ],
          "cubes": [
            {
              "origin": [
                0,
                9,
                1
              ],
              "size": [
                2,
                8,
                0
              ],
              "uv": [
                22,
                21
              ]
            }
          ]
        },
        {
          "name": "bone7",
          "parent": "bone6",
          "pivot": [
            1,
            9,
            1
          ],
          "cubes": [
            {
              "origin": [
                0,
                0,
                1
              ],
              "size": [
                2,
                9,
                0
              ],
              "uv": [
                18,
                0
              ]
            },
            {
              "origin": [
                0,
                0,
                -1
              ],
              "size": [
                2,
                0,
                2
              ],
              "uv": [
                14,
                9
              ]
            }
          ]
        },
        {
          "name": "bone8",
          "pivot": [
            -2,
            17,
            1
          ],
          "cubes": [
            {
              "origin": [
                -3,
                9,
                1
              ],
              "size": [
                2,
                8,
                0
              ],
              "uv": [
                0,
                23
              ]
            }
          ]
        },
        {
          "name": "bone9",
          "parent": "bone8",
          "pivot": [
            -2,
            9,
            1
          ],
          "cubes": [
            {
              "origin": [
                -3,
                0,
                1
              ],
              "size": [
                2,
                9,
                0
              ],
              "uv": [
                14,
                16
              ]
            },
            {
              "origin": [
                -3,
                0,
                -1
              ],
              "size": [
                2,
                0,
                2
              ],
              "uv": [
                20,
                8
              ]
            }
          ]
        }
      ]
    }
  ]
}