{
  "format_version": "1.12.0",
  "minecraft:geometry": [
    {
      "description": {
        "identifier": "geometry.f_jax",
        "texture_width": 128,
        "texture_height": 128,
        "visible_bounds_width": 3,
        "visible_bounds_height": 5.5,
        "visible_bounds_offset": [
          0,
          2.25,
          0
        ]
      },
      "bones": [
        {
          "name": "bone",
          "pivot": [
            0,
            32,
            0
          ],
          "rotation": [
            0,
            0,
            7.5
          ],
          "cubes": [
            {
              "origin": [
                -6,
                28,
                -2
              ],
              "size": [
                10,
                16,
                6
              ],
              "pivot": [
                0,
                43,
                0
              ],
              "rotation": [
                0,
                0,
                -7.5
              ],
              "uv": [
                0,
                18
              ]
            }
          ]
        },
        {
          "name": "bone2",
          "parent": "bone",
          "pivot": [
            -5,
            40,
            0
          ],
          "rotation": [
            0,
            0,
            47.5
          ],
          "cubes": [
            {
              "origin": [
                -8,
                28,
                -1
              ],
              "size": [
                3,
                13,
                4
              ],
              "uv": [
                38,
                58
              ]
            }
          ]
        },
        {
          "name": "bone3",
          "parent": "bone2",
          "pivot": [
            -7,
            28,
            0
          ],
          "rotation": [
            0,
            0,
            -85
          ],
          "cubes": [
            {
              "origin": [
                -8,
                12,
                -1
              ],
              "size": [
                3,
                16,
                4
              ],
              "uv": [
                1,
                41
              ]
            }
          ]
        },
        {
          "name": "bone4",
          "parent": "bone3",
          "pivot": [
            -7,
            15,
            0
          ],
          "rotation": [
            0,
            0,
            60
          ],
          "cubes": [
            {
              "origin": [
                -9,
                11,
                -2
              ],
              "size": [
                5,
                4,
                6
              ],
              "uv": [
                12,
                55
              ]
            },
            {
              "origin": [
                -8,
                8,
                -1
              ],
              "size": [
                3,
                4,
                4
              ],
              "uv": [
                69,
                71
              ]
            }
          ]
        },
        {
          "name": "bone5",
          "parent": "bone",
          "pivot": [
            5,
            45,
            0
          ],
          "rotation": [
            0,
            0,
            -12.5
          ],
          "cubes": [
            {
              "origin": [
                3,
                32,
                -1
              ],
              "size": [
                3,
                13,
                4
              ],
              "uv": [
                38,
                58
              ]
            }
          ]
        },
        {
          "name": "bone6",
          "parent": "bone5",
          "pivot": [
            4,
            37,
            0
          ],
          "cubes": [
            {
              "origin": [
                3,
                16,
                -1
              ],
              "size": [
                3,
                16,
                4
              ],
              "uv": [
                1,
                41
              ]
            }
          ]
        },
        {
          "name": "bone7",
          "parent": "bone6",
          "pivot": [
            5,
            19,
            1
          ],
          "rotation": [
            0,
            0,
            10
          ],
          "cubes": [
            {
              "origin": [
                2,
                15,
                -2
              ],
              "size": [
                5,
                4,
                6
              ],
              "uv": [
                12,
                55
              ]
            },
            {
              "origin": [
                3,
                12,
                -2
              ],
              "size": [
                3,
                4,
                5
              ],
              "uv": [
                68,
                70
              ]
            }
          ]
        },
        {
          "name": "Leher",
          "parent": "bone",
          "pivot": [
            0,
            42,
            0
          ],
          "rotation": [
            10,
            0,
            0
          ],
          "cubes": [
            {
              "origin": [
                -2,
                41,
                0
              ],
              "size": [
                4,
                8,
                2
              ],
              "uv": [
                18,
                40
              ]
            }
          ]
        },
        {
          "name": "head",
          "parent": "Leher",
          "pivot": [
            0,
            49,
            0
          ],
          "rotation": [
            0,
            0,
            -10
          ],
          "cubes": [
            {
              "origin": [
                -6,
                48,
                -4
              ],
              "size": [
                12,
                9,
                9
              ],
              "uv": [
                0,
                0
              ]
            },
            {
              "origin": [
                -5,
                48,
                -3
              ],
              "size": [
                10,
                8,
                7
              ],
              "uv": [
                32,
                18
              ]
            },
            {
              "origin": [
                -5,
                55,
                0
              ],
              "size": [
                3,
                15,
                2
              ],
              "pivot": [
                0,
                32,
                0
              ],
              "rotation": [
                0,
                0,
                15
              ],
              "uv": [
                53,
                75
              ]
            },
            {
              "origin": [
                2,
                54,
                0
              ],
              "size": [
                3,
                15,
                2
              ],
              "pivot": [
                0,
                32,
                0
              ],
              "rotation": [
                0,
                0,
                -15
              ],
              "uv": [
                36,
                76
              ]
            },
            {
              "origin": [
                -6,
                47,
                -4
              ],
              "size": [
                12,
                1,
                9
              ],
              "uv": [
                86,
                0
              ]
            }
          ]
        },
        {
          "name": "bone8",
          "pivot": [
            -3,
            28,
            0
          ],
          "cubes": [
            {
              "origin": [
                -5,
                15,
                -2
              ],
              "size": [
                4,
                13,
                5
              ],
              "uv": [
                0,
                65
              ]
            }
          ]
        },
        {
          "name": "bone9",
          "parent": "bone8",
          "pivot": [
            -3,
            14,
            0
          ],
          "cubes": [
            {
              "origin": [
                -5,
                4,
                -2
              ],
              "size": [
                4,
                11,
                5
              ],
              "uv": [
                68,
                43
              ]
            }
          ]
        },
        {
          "name": "bone10",
          "parent": "bone9",
          "pivot": [
            -3,
            3,
            2
          ],
          "rotation": [
            0,
            20,
            0
          ],
          "cubes": [
            {
              "origin": [
                -5,
                1,
                -5
              ],
              "size": [
                4,
                3,
                9
              ],
              "uv": [
                41,
                45
              ]
            }
          ]
        },
        {
          "name": "bone11",
          "pivot": [
            3,
            27,
            0
          ],
          "cubes": [
            {
              "origin": [
                1,
                15,
                -2
              ],
              "size": [
                4,
                13,
                5
              ],
              "uv": [
                0,
                65
              ]
            }
          ]
        },
        {
          "name": "bone12",
          "parent": "bone11",
          "pivot": [
            3,
            15,
            0
          ],
          "cubes": [
            {
              "origin": [
                1,
                4,
                -2
              ],
              "size": [
                4,
                11,
                5
              ],
              "uv": [
                68,
                43
              ]
            }
          ]
        },
        {
          "name": "bone13",
          "parent": "bone12",
          "pivot": [
            2,
            3,
            1
          ],
          "cubes": [
            {
              "origin": [
                1,
                1,
                -5
              ],
              "size": [
                4,
                3,
                9
              ],
              "uv": [
                42,
                0
              ]
            }
          ]
        }
      ]
    }
  ]
}