{
  "format_version": "1.12.0",
  "minecraft:geometry": [
    {
      "description": {
        "identifier": "geometry.f_ragatha",
        "texture_width": 512,
        "texture_height": 512,
        "visible_bounds_width": 3,
        "visible_bounds_height": 5.5,
        "visible_bounds_offset": [
          0,
          2.25,
          0
        ]
      },
      "bones": [
        {
          "name": "bone5",
          "pivot": [
            0,
            43,
            0
          ],
          "cubes": [
            {
              "origin": [
                -2,
                42,
                -5
              ],
              "size": [
                4,
                2,
                7
              ],
              "pivot": [
                0,
                43,
                0
              ],
              "rotation": [
                7.5,
                -27.5,
                0
              ],
              "uv": [
                38,
                33
              ]
            },
            {
              "origin": [
                -2,
                42,
                -6
              ],
              "size": [
                4,
                2,
                8
              ],
              "pivot": [
                0,
                43,
                0
              ],
              "rotation": [
                0,
                25,
                0
              ],
              "uv": [
                37,
                32
              ]
            },
            {
              "origin": [
                -6,
                32,
                -7
              ],
              "size": [
                11,
                10,
                12
              ],
              "uv": [
                0,
                107
              ]
            },
            {
              "origin": [
                -6,
                26,
                -6
              ],
              "size": [
                11,
                6,
                11
              ],
              "uv": [
                0,
                63
              ]
            },
            {
              "origin": [
                -7,
                21,
                -6
              ],
              "size": [
                13,
                5,
                11
              ],
              "uv": [
                80,
                113
              ]
            },
            {
              "origin": [
                -8,
                14,
                -6
              ],
              "size": [
                15,
                7,
                11
              ],
              "uv": [
                30,
                3
              ]
            },
            {
              "origin": [
                -10,
                8,
                -7
              ],
              "size": [
                19,
                6,
                13
              ],
              "uv": [
                51,
                81
              ]
            }
          ]
        },
        {
          "name": "bone",
          "parent": "bone5",
          "pivot": [
            -6,
            40,
            0
          ],
          "rotation": [
            -17.5,
            0,
            0
          ]
        },
        {
          "name": "bone2",
          "parent": "bone",
          "pivot": [
            -9,
            25,
            0
          ]
        },
        {
          "name": "bone3",
          "parent": "bone2",
          "pivot": [
            5,
            40,
            0
          ],
          "rotation": [
            17.5,
            0,
            0
          ],
          "cubes": [
            {
              "origin": [
                5,
                33,
                -3
              ],
              "size": [
                6,
                8,
                5
              ],
              "uv": [
                106,
                57
              ]
            },
            {
              "origin": [
                6,
                25,
                -2
              ],
              "size": [
                4,
                8,
                3
              ],
              "uv": [
                0,
                51
              ]
            }
          ]
        },
        {
          "name": "bone4",
          "parent": "bone3",
          "pivot": [
            8,
            25,
            0
          ],
          "cubes": [
            {
              "origin": [
                6,
                17,
                -2
              ],
              "size": [
                4,
                8,
                3
              ],
              "uv": [
                0,
                51
              ]
            },
            {
              "origin": [
                6,
                14,
                -2
              ],
              "size": [
                4,
                3,
                2
              ],
              "uv": [
                0,
                54
              ]
            }
          ]
        },
        {
          "name": "bone8",
          "parent": "bone2",
          "pivot": [
            -12,
            40,
            0
          ],
          "rotation": [
            17.5,
            0,
            0
          ],
          "cubes": [
            {
              "origin": [
                -12,
                33,
                -3
              ],
              "size": [
                6,
                8,
                5
              ],
              "uv": [
                106,
                57
              ]
            },
            {
              "origin": [
                -11,
                25,
                -2
              ],
              "size": [
                4,
                8,
                3
              ],
              "uv": [
                0,
                51
              ]
            }
          ]
        },
        {
          "name": "bone9",
          "parent": "bone8",
          "pivot": [
            -9,
            25,
            0
          ],
          "cubes": [
            {
              "origin": [
                -11,
                17,
                -2
              ],
              "size": [
                4,
                8,
                3
              ],
              "uv": [
                0,
                51
              ]
            },
            {
              "origin": [
                -11,
                14,
                -2
              ],
              "size": [
                4,
                3,
                2
              ],
              "uv": [
                0,
                54
              ]
            }
          ]
        },
        {
          "name": "Head",
          "parent": "bone5",
          "pivot": [
            0,
            43,
            -1
          ],
          "cubes": [
            {
              "origin": [
                -6,
                47,
                -6
              ],
              "size": [
                12,
                12,
                10
              ],
              "uv": [
                45,
                40
              ]
            },
            {
              "origin": [
                -2,
                43,
                -3
              ],
              "size": [
                4,
                4,
                4
              ],
              "uv": [
                83,
                36
              ]
            },
            {
              "origin": [
                -4,
                56,
                5
              ],
              "size": [
                8,
                6,
                4
              ],
              "uv": [
                0,
                29
              ]
            },
            {
              "origin": [
                7,
                52,
                3
              ],
              "size": [
                7,
                10,
                4
              ],
              "pivot": [
                0,
                43,
                -1
              ],
              "rotation": [
                0,
                0,
                -42.5
              ],
              "uv": [
                106,
                0
              ]
            },
            {
              "origin": [
                -13,
                52,
                3
              ],
              "size": [
                7,
                10,
                4
              ],
              "pivot": [
                0,
                43,
                -1
              ],
              "rotation": [
                0,
                0,
                42.5
              ],
              "uv": [
                106,
                0
              ]
            },
            {
              "origin": [
                -7,
                54,
                -7
              ],
              "size": [
                2,
                5,
                4
              ],
              "pivot": [
                0,
                43,
                -1
              ],
              "rotation": [
                0,
                0,
                7.5
              ],
              "uv": [
                -2,
                -2
              ]
            },
            {
              "origin": [
                -14,
                41,
                -5
              ],
              "size": [
                2,
                15,
                2
              ],
              "pivot": [
                0,
                43,
                -1
              ],
              "rotation": [
                0,
                0,
                27.5
              ],
              "uv": [
                0,
                0
              ]
            },
            {
              "origin": [
                -17,
                39,
                0
              ],
              "size": [
                2,
                12,
                2
              ],
              "pivot": [
                0,
                43,
                -1
              ],
              "rotation": [
                4.83851,
                -2.56511,
                43.63309
              ],
              "uv": [
                0,
                0
              ]
            },
            {
              "origin": [
                -10,
                48,
                -2
              ],
              "size": [
                2,
                8,
                2
              ],
              "pivot": [
                0,
                43,
                -1
              ],
              "rotation": [
                0,
                0,
                10
              ],
              "uv": [
                0,
                0
              ]
            },
            {
              "origin": [
                -10,
                44,
                4
              ],
              "size": [
                2,
                16,
                2
              ],
              "pivot": [
                0,
                43,
                -1
              ],
              "rotation": [
                0,
                0,
                10
              ],
              "uv": [
                0,
                0
              ]
            },
            {
              "origin": [
                -15,
                35,
                2
              ],
              "size": [
                2,
                17,
                2
              ],
              "pivot": [
                0,
                43,
                -1
              ],
              "rotation": [
                0,
                0,
                50
              ],
              "uv": [
                0,
                0
              ]
            },
            {
              "origin": [
                -6,
                45,
                2
              ],
              "size": [
                2,
                17,
                5
              ],
              "pivot": [
                0,
                43,
                -1
              ],
              "rotation": [
                0,
                0,
                -2.5
              ],
              "uv": [
                -3,
                -3
              ]
            },
            {
              "origin": [
                -1,
                45,
                2
              ],
              "size": [
                2,
                17,
                5
              ],
              "pivot": [
                0,
                43,
                -1
              ],
              "rotation": [
                0,
                0,
                -2.5
              ],
              "uv": [
                -3,
                -3
              ]
            },
            {
              "origin": [
                4,
                45,
                2
              ],
              "size": [
                2,
                17,
                5
              ],
              "pivot": [
                0,
                43,
                -1
              ],
              "rotation": [
                0,
                0,
                -2.5
              ],
              "uv": [
                -3,
                -3
              ]
            },
            {
              "origin": [
                -2,
                45,
                2
              ],
              "size": [
                2,
                18,
                5
              ],
              "pivot": [
                0,
                43,
                -1
              ],
              "rotation": [
                0,
                0,
                -10
              ],
              "uv": [
                -3,
                -3
              ]
            },
            {
              "origin": [
                7,
                43,
                2
              ],
              "size": [
                2,
                18,
                5
              ],
              "pivot": [
                0,
                43,
                -1
              ],
              "rotation": [
                0,
                0,
                -10
              ],
              "uv": [
                -3,
                -3
              ]
            },
            {
              "origin": [
                11,
                43,
                3
              ],
              "size": [
                2,
                14,
                3
              ],
              "pivot": [
                0,
                43,
                -1
              ],
              "rotation": [
                0,
                0,
                -25
              ],
              "uv": [
                -1,
                -1
              ]
            },
            {
              "origin": [
                16,
                35,
                0
              ],
              "size": [
                2,
                15,
                3
              ],
              "pivot": [
                0,
                43,
                -1
              ],
              "rotation": [
                0,
                0,
                -47.5
              ],
              "uv": [
                -1,
                -1
              ]
            },
            {
              "origin": [
                10,
                43,
                -5
              ],
              "size": [
                2,
                15,
                3
              ],
              "pivot": [
                0,
                43,
                -1
              ],
              "rotation": [
                0,
                0,
                -17.5
              ],
              "uv": [
                -1,
                -1
              ]
            },
            {
              "origin": [
                7,
                44,
                -6
              ],
              "size": [
                2,
                15,
                3
              ],
              "pivot": [
                0,
                43,
                -1
              ],
              "rotation": [
                0,
                0,
                -5
              ],
              "uv": [
                -1,
                -1
              ]
            },
            {
              "origin": [
                12,
                41,
                -2
              ],
              "size": [
                2,
                15,
                3
              ],
              "pivot": [
                0,
                43,
                -1
              ],
              "rotation": [
                0,
                0,
                -30
              ],
              "uv": [
                -1,
                -1
              ]
            },
            {
              "origin": [
                14,
                38,
                -4
              ],
              "size": [
                2,
                15,
                3
              ],
              "pivot": [
                0,
                43,
                -1
              ],
              "rotation": [
                0,
                0,
                -40
              ],
              "uv": [
                -1,
                -1
              ]
            },
            {
              "origin": [
                2,
                45,
                2
              ],
              "size": [
                2,
                17,
                5
              ],
              "pivot": [
                0,
                43,
                -1
              ],
              "rotation": [
                0,
                0,
                -5
              ],
              "uv": [
                -3,
                -3
              ]
            },
            {
              "origin": [
                -11,
                46,
                0
              ],
              "size": [
                2,
                13,
                2
              ],
              "pivot": [
                0,
                43,
                -1
              ],
              "rotation": [
                0,
                0,
                15
              ],
              "uv": [
                0,
                0
              ]
            },
            {
              "origin": [
                -18,
                36,
                -3
              ],
              "size": [
                2,
                12,
                2
              ],
              "pivot": [
                0,
                43,
                -1
              ],
              "rotation": [
                0,
                0,
                57.5
              ],
              "uv": [
                0,
                0
              ]
            },
            {
              "origin": [
                -7,
                49,
                -5
              ],
              "size": [
                13,
                12,
                10
              ],
              "pivot": [
                0,
                43,
                -1
              ],
              "rotation": [
                0,
                0,
                2.5
              ],
              "uv": [
                -8,
                -8
              ]
            },
            {
              "origin": [
                -7,
                58,
                -6
              ],
              "size": [
                13,
                3,
                3
              ],
              "pivot": [
                0,
                43,
                -1
              ],
              "rotation": [
                0,
                0,
                2.5
              ],
              "uv": [
                -1,
                -1
              ]
            },
            {
              "origin": [
                7,
                53,
                -7
              ],
              "size": [
                2,
                5,
                4
              ],
              "pivot": [
                0,
                43,
                -1
              ],
              "rotation": [
                0,
                0,
                -17.5
              ],
              "uv": [
                -2,
                -2
              ]
            },
            {
              "origin": [
                6,
                54,
                -7
              ],
              "size": [
                2,
                5,
                4
              ],
              "pivot": [
                0,
                43,
                -1
              ],
              "rotation": [
                0,
                0,
                -5
              ],
              "uv": [
                -2,
                -2
              ]
            },
            {
              "origin": [
                -1,
                55,
                -7
              ],
              "size": [
                2,
                5,
                4
              ],
              "uv": [
                -2,
                -2
              ]
            },
            {
              "origin": [
                -10,
                53,
                -7
              ],
              "size": [
                1,
                5,
                4
              ],
              "pivot": [
                0,
                43,
                -1
              ],
              "rotation": [
                0,
                0,
                15
              ],
              "uv": [
                -2,
                -2
              ]
            },
            {
              "origin": [
                -8,
                47,
                -7
              ],
              "size": [
                1,
                8,
                2
              ],
              "pivot": [
                0,
                43,
                -1
              ],
              "rotation": [
                0,
                0,
                5
              ],
              "uv": [
                0,
                0
              ]
            },
            {
              "origin": [
                -7,
                49,
                -7
              ],
              "size": [
                1,
                8,
                2
              ],
              "pivot": [
                0,
                43,
                -1
              ],
              "rotation": [
                0,
                0,
                5
              ],
              "uv": [
                0,
                0
              ]
            },
            {
              "origin": [
                5,
                47,
                -7
              ],
              "size": [
                1,
                8,
                2
              ],
              "pivot": [
                0,
                43,
                -1
              ],
              "rotation": [
                0,
                0,
                5
              ],
              "uv": [
                0,
                0
              ]
            },
            {
              "origin": [
                4,
                48,
                -7
              ],
              "size": [
                1,
                8,
                2
              ],
              "pivot": [
                0,
                43,
                -1
              ],
              "rotation": [
                0,
                0,
                5
              ],
              "uv": [
                0,
                0
              ]
            },
            {
              "origin": [
                -2,
                55,
                -7
              ],
              "size": [
                2,
                5,
                4
              ],
              "pivot": [
                0,
                43,
                -1
              ],
              "rotation": [
                0,
                0,
                -5
              ],
              "uv": [
                -2,
                -2
              ]
            },
            {
              "origin": [
                3,
                55,
                -7
              ],
              "size": [
                2,
                5,
                4
              ],
              "pivot": [
                0,
                43,
                -1
              ],
              "rotation": [
                0,
                0,
                -7.5
              ],
              "uv": [
                -2,
                -2
              ]
            }
          ]
        },
        {
          "name": "bone6",
          "pivot": [
            -4,
            8,
            0
          ],
          "cubes": [
            {
              "origin": [
                -6,
                0,
                -3
              ],
              "size": [
                5,
                13,
                6
              ],
              "uv": [
                166,
                0
              ]
            }
          ]
        },
        {
          "name": "bone7",
          "pivot": [
            3,
            9,
            0
          ],
          "cubes": [
            {
              "origin": [
                1,
                0,
                -3
              ],
              "size": [
                5,
                13,
                6
              ],
              "uv": [
                166,
                0
              ]
            }
          ]
        }
      ]
    }
  ]
}