{
  "format_version": "1.8.0",
  "animations": {
    "animation.upgrade_sword_cameraman_titan.laser": {
      "loop": true,
      "animation_length": 1.33333,
      "bones": {
        "Body": {
          "rotation": {
            "0.0": [
              0,
              0,
              0
            ],
            "0.125": [
              7.5,
              0,
              0
            ],
            "1.2083": [
              7.5,
              0,
              0
            ],
            "1.3333": [
              0,
              0,
              0
            ]
          }
        },
        "Leftarm": {
          "rotation": {
            "0.0": [
              0,
              0,
              0
            ],
            "0.0833": [
              -65,
              0,
              0
            ],
            "0.25": [
              -64.90532,
              4.32875,
              2.50477
            ],
            "0.6667": [
              -64.8092,
              -5.57392,
              -3.23312
            ],
            "1.0417": [
              -64.70958,
              -7.25986,
              -4.22118
            ],
            "1.2083": [
              -65,
              0,
              0
            ],
            "1.3333": [
              0,
              0,
              0
            ]
          }
        },
        "bone4": {
          "rotation": {
            "0.0": [
              0,
              0,
              0
            ],
            "0.0833": [
              -7.5,
              0,
              0
            ],
            "0.2083": [
              -7.4299,
              1.70818,
              4.69986
            ],
            "0.5": [
              -7.13498,
              3.80804,
              10.54471
            ],
            "0.875": [
              -7.40152,
              0.39564,
              1.09574
            ],
            "1.1667": [
              -7.5,
              0,
              0
            ],
            "1.3333": [
              0,
              0,
              0
            ]
          }
        },
        "bone6": {
          "position": {
            "0.0": [
              0,
              0,
              0
            ],
            "0.125": [
              0,
              -22,
              0
            ],
            "1.25": [
              0,
              -22,
              0
            ],
            "1.3333": [
              0,
              0,
              0
            ]
          },
          "scale": {
            "0.0": [
              1,
              1,
              1
            ],
            "0.125": [
              1,
              85,
              1
            ],
            "0.5833": [
              1,
              80.4,
              1
            ],
            "1.25": [
              1,
              85,
              1
            ],
            "1.3333": [
              1,
              1,
              1
            ]
          }
        },
        "bone15": {
          "rotation": {
            "0.0": [
              -15,
              0,
              0
            ],
            "0.2083": [
              2.5,
              0,
              0
            ],
            "1.0833": [
              2.5,
              0,
              0
            ],
            "1.3333": [
              -15,
              0,
              0
            ]
          }
        },
        "bone16": {
          "rotation": {
            "0.0": [
              0,
              0,
              0
            ],
            "0.0833": [
              15,
              0,
              0
            ],
            "0.2083": [
              5,
              0,
              0
            ],
            "1.1667": [
              5,
              0,
              0
            ],
            "1.25": [
              15,
              0,
              0
            ],
            "1.3333": [
              0,
              0,
              0
            ]
          }
        },
        "bone17": {
          "rotation": {
            "0.0": [
              0,
              0,
              0
            ],
            "0.0833": [
              17.5,
              0,
              0
            ],
            "0.2083": [
              7.5,
              0,
              0
            ],
            "1.1667": [
              7.5,
              0,
              0
            ],
            "1.25": [
              17.5,
              0,
              0
            ],
            "1.3333": [
              0,
              0,
              0
            ]
          }
        },
        "bone18": {
          "rotation": {
            "0.0": [
              0,
              0,
              0
            ],
            "0.0833": [
              10,
              0,
              0
            ],
            "0.1667": [
              27.5,
              0,
              0
            ],
            "1.125": [
              38.12,
              0,
              0
            ],
            "1.25": [
              10,
              0,
              0
            ],
            "1.3333": [
              0,
              0,
              0
            ]
          }
        },
        "bone19": {
          "rotation": {
            "0.0": [
              0,
              0,
              0
            ],
            "0.0833": [
              -27.5,
              0,
              0
            ],
            "0.25": [
              -15,
              0,
              0
            ],
            "0.5": [
              -25.38,
              0,
              0
            ],
            "0.875": [
              -38.83,
              0,
              0
            ],
            "1.0833": [
              -39.12,
              0,
              0
            ],
            "1.25": [
              -27.5,
              0,
              0
            ],
            "1.3333": [
              0,
              0,
              0
            ]
          }
        },
        "bone21": {
          "rotation": {
            "0.0": [
              0,
              0,
              0
            ],
            "0.0833": [
              0,
              40,
              0
            ],
            "1.125": [
              0,
              40,
              0
            ],
            "1.3333": [
              0,
              0,
              0
            ]
          }
        },
        "bone20": {
          "rotation": {
            "0.0": [
              0,
              0,
              0
            ],
            "0.0833": [
              0,
              -40,
              0
            ],
            "1.125": [
              0,
              -40,
              0
            ],
            "1.3333": [
              0,
              0,
              0
            ]
          }
        },
        "bone22": {
          "rotation": {
            "0.0": [
              0,
              0,
              0
            ],
            "0.0833": [
              -37.5,
              0,
              0
            ],
            "1.125": [
              -37.5,
              0,
              0
            ],
            "1.3333": [
              0,
              0,
              0
            ]
          }
        },
        "bone23": {
          "position": {
            "0.0": [
              0,
              0,
              0
            ],
            "0.0833": [
              0,
              0,
              -18
            ],
            "1.25": [
              0,
              0,
              -18
            ],
            "1.3333": [
              0,
              0,
              0
            ]
          },
          "scale": {
            "0.0": [
              1,
              1,
              1
            ],
            "0.0833": [
              1,
              1,
              105
            ],
            "0.5833": [
              1,
              1,
              102.8
            ],
            "1.25": [
              1,
              1,
              105
            ],
            "1.3333": [
              1,
              1,
              1
            ]
          }
        },
        "bone24": {
          "rotation": {
            "0.0": [
              0,
              0,
              0
            ],
            "0.0833": [
              37.5,
              0,
              0
            ],
            "1.125": [
              37.5,
              0,
              0
            ],
            "1.3333": [
              0,
              0,
              0
            ]
          }
        },
        "Head": {
          "rotation": [
            -7.5,
            0,
            0
          ]
        },
        "bone13": {
          "position": {
            "0.0": [
              0,
              0,
              0
            ],
            "0.0833": [
              0,
              0,
              -20
            ],
            "1.25": [
              0,
              0,
              -20
            ],
            "1.3333": [
              0,
              0,
              0
            ]
          },
          "scale": {
            "0.0": [
              1,
              1,
              1
            ],
            "0.0833": [
              1,
              1,
              85
            ],
            "0.5833": [
              1,
              1,
              82.8
            ],
            "1.25": [
              1,
              1,
              85
            ],
            "1.3333": [
              1,
              1,
              1
            ]
          }
        },
        "bone9": {
          "rotation": [
            -27.5,
            0,
            0
          ]
        },
        "bone10": {
          "rotation": [
            0,
            40,
            0
          ],
          "position": [
            3,
            0,
            0
          ]
        },
        "bone12": {
          "rotation": [
            0,
            -40,
            0
          ],
          "position": [
            -3,
            0,
            0
          ]
        },
        "bone11": {
          "rotation": [
            40,
            0,
            0
          ]
        }
      }
    },
    "animation.pa_armor_stand.sword_attack": {
      "animation_length": 0.75,
      "bones": {
        "Rightarm": {
          "rotation": {
            "0.0": [
              0,
              0,
              0
            ],
            "0.2083": [
              -83.10968771782927,
              -33.16346674605029,
              68.94784790550693
            ],
            "0.375": [
              -85.03747611234351,
              -22.95932313188083,
              47.73312547304338
            ],
            "0.4583": [
              38.8597408015106,
              -17.857251324796252,
              37.12576425681153
            ],
            "0.5833": [
              63.04461805114121,
              -50.97083258388939,
              61.49417572299578
            ],
            "0.75": [
              0,
              0,
              0
            ]
          }
        },
        "bone3": {
          "rotation": {
            "0.0": [
              0,
              0,
              0
            ],
            "0.2083": [
              -32.5,
              0,
              0
            ],
            "0.375": [
              -25.78760951818822,
              -22.22485036396074,
              16.624835584568245
            ],
            "0.4583": [
              -10.057029625257712,
              -17.285994727525157,
              12.930427676886374
            ],
            "0.5833": [
              -45.7468740715758,
              -9.877711272871585,
              7.388815815363741
            ],
            "0.75": [
              0,
              0,
              0
            ]
          }
        },
        "Body": {
          "rotation": {
            "0.0": [
              0,
              0,
              0
            ],
            "0.1667": [
              15,
              -7.5,
              0
            ],
            "0.3333": [
              22.5,
              -32.86,
              0
            ],
            "0.4583": [
              35,
              -19.156666666666442,
              0
            ],
            "0.5833": [
              -7.5,
              49.36,
              0
            ],
            "0.75": [
              0,
              0,
              0
            ]
          }
        },
        "Sword": {
          "rotation": {
            "0.0": [
              0,
              0,
              0
            ],
            "0.2083": [
              0,
              0,
              -17.5
            ],
            "0.3333": [
              -15,
              0,
              -13.461538461538531
            ],
            "0.4583": [
              -48,
              0,
              -9.42307692307706
            ],
            "0.5833": [
              27.571428571428278,
              0,
              -5.38461538461559
            ],
            "0.75": [
              0,
              0,
              0
            ]
          }
        }
      }
    }
  }
}