{
  "format_version": "1.8.0",
  "animations": {
    "animation.pa_laser.laser": {
      "loop": true,
      "animation_length": 1.33333,
      "bones": {
        "Body": {
          "rotation": {
            "0.0": [
              0,
              0,
              0
            ],
            "0.125": [
              7.5,
              0,
              0
            ],
            "1.2083": [
              7.5,
              0,
              0
            ],
            "1.3333": [
              0,
              0,
              0
            ]
          }
        },
        "Leftarm": {
          "rotation": {
            "0.0": [
              0,
              0,
              0
            ],
            "0.0833": [
              -65,
              0,
              0
            ],
            "0.25": [
              -64.90532,
              4.32875,
              2.50477
            ],
            "0.6667": [
              -64.8092,
              -5.57392,
              -3.23312
            ],
            "1.0417": [
              -64.70958,
              -7.25986,
              -4.22118
            ],
            "1.2083": [
              -65,
              0,
              0
            ],
            "1.3333": [
              0,
              0,
              0
            ]
          }
        },
        "bone4": {
          "rotation": {
            "0.0": [
              0,
              0,
              0
            ],
            "0.0833": [
              -7.5,
              0,
              0
            ],
            "0.2083": [
              -7.4299,
              1.70818,
              4.69986
            ],
            "0.5": [
              -7.13498,
              3.80804,
              10.54471
            ],
            "0.875": [
              -7.40152,
              0.39564,
              1.09574
            ],
            "1.1667": [
              -7.5,
              0,
              0
            ],
            "1.3333": [
              0,
              0,
              0
            ]
          }
        },
        "bone6": {
          "position": {
            "0.0": [
              0,
              0,
              0
            ],
            "0.125": [
              0,
              -22,
              0
            ],
            "1.25": [
              0,
              -22,
              0
            ],
            "1.3333": [
              0,
              0,
              0
            ]
          },
          "scale": {
            "0.0": [
              1,
              1,
              1
            ],
            "0.125": [
              1,
              85,
              1
            ],
            "0.5833": [
              1,
              80.4,
              1
            ],
            "1.25": [
              1,
              85,
              1
            ],
            "1.3333": [
              1,
              1,
              1
            ]
          }
        },
        "bone15": {
          "rotation": {
            "0.0": [
              -15,
              0,
              0
            ],
            "0.2083": [
              2.5,
              0,
              0
            ],
            "1.0833": [
              2.5,
              0,
              0
            ],
            "1.3333": [
              -15,
              0,
              0
            ]
          }
        },
        "bone16": {
          "rotation": {
            "0.0": [
              0,
              0,
              0
            ],
            "0.0833": [
              15,
              0,
              0
            ],
            "0.2083": [
              5,
              0,
              0
            ],
            "1.1667": [
              5,
              0,
              0
            ],
            "1.25": [
              15,
              0,
              0
            ],
            "1.3333": [
              0,
              0,
              0
            ]
          }
        },
        "bone17": {
          "rotation": {
            "0.0": [
              0,
              0,
              0
            ],
            "0.0833": [
              17.5,
              0,
              0
            ],
            "0.2083": [
              7.5,
              0,
              0
            ],
            "1.1667": [
              7.5,
              0,
              0
            ],
            "1.25": [
              17.5,
              0,
              0
            ],
            "1.3333": [
              0,
              0,
              0
            ]
          }
        },
        "bone18": {
          "rotation": {
            "0.0": [
              0,
              0,
              0
            ],
            "0.0833": [
              10,
              0,
              0
            ],
            "0.1667": [
              27.5,
              0,
              0
            ],
            "1.125": [
              38.12,
              0,
              0
            ],
            "1.25": [
              10,
              0,
              0
            ],
            "1.3333": [
              0,
              0,
              0
            ]
          }
        },
        "bone19": {
          "rotation": {
            "0.0": [
              0,
              0,
              0
            ],
            "0.0833": [
              -27.5,
              0,
              0
            ],
            "0.25": [
              -15,
              0,
              0
            ],
            "0.5": [
              -25.38,
              0,
              0
            ],
            "0.875": [
              -38.83,
              0,
              0
            ],
            "1.0833": [
              -39.12,
              0,
              0
            ],
            "1.25": [
              -27.5,
              0,
              0
            ],
            "1.3333": [
              0,
              0,
              0
            ]
          }
        },
        "bone21": {
          "rotation": {
            "0.0": [
              0,
              0,
              0
            ],
            "0.0833": [
              0,
              40,
              0
            ],
            "1.125": [
              0,
              40,
              0
            ],
            "1.3333": [
              0,
              0,
              0
            ]
          }
        },
        "bone20": {
          "rotation": {
            "0.0": [
              0,
              0,
              0
            ],
            "0.0833": [
              0,
              -40,
              0
            ],
            "1.125": [
              0,
              -40,
              0
            ],
            "1.3333": [
              0,
              0,
              0
            ]
          }
        },
        "bone22": {
          "rotation": {
            "0.0": [
              0,
              0,
              0
            ],
            "0.0833": [
              -37.5,
              0,
              0
            ],
            "1.125": [
              -37.5,
              0,
              0
            ],
            "1.3333": [
              0,
              0,
              0
            ]
          }
        },
        "bone23": {
          "position": {
            "0.0": [
              0,
              0,
              0
            ],
            "0.0833": [
              0,
              0,
              -18
            ],
            "1.25": [
              0,
              0,
              -18
            ],
            "1.3333": [
              0,
              0,
              0
            ]
          },
          "scale": {
            "0.0": [
              1,
              1,
              1
            ],
            "0.0833": [
              1,
              1,
              105
            ],
            "0.5833": [
              1,
              1,
              102.8
            ],
            "1.25": [
              1,
              1,
              105
            ],
            "1.3333": [
              1,
              1,
              1
            ]
          }
        },
        "bone24": {
          "rotation": {
            "0.0": [
              0,
              0,
              0
            ],
            "0.0833": [
              37.5,
              0,
              0
            ],
            "1.125": [
              37.5,
              0,
              0
            ],
            "1.3333": [
              0,
              0,
              0
            ]
          }
        },
        "Head": {
          "rotation": [
            -7.5,
            0,
            0
          ]
        },
        "bone13": {
          "position": {
            "0.0": [
              0,
              0,
              0
            ],
            "0.0833": [
              0,
              0,
              -20
            ],
            "1.25": [
              0,
              0,
              -20
            ],
            "1.3333": [
              0,
              0,
              0
            ]
          },
          "scale": {
            "0.0": [
              1,
              1,
              1
            ],
            "0.0833": [
              1,
              1,
              85
            ],
            "0.5833": [
              1,
              1,
              82.8
            ],
            "1.25": [
              1,
              1,
              85
            ],
            "1.3333": [
              1,
              1,
              1
            ]
          }
        },
        "bone9": {
          "rotation": [
            -27.5,
            0,
            0
          ]
        },
        "bone10": {
          "rotation": [
            0,
            40,
            0
          ],
          "position": [
            3,
            0,
            0
          ]
        },
        "bone12": {
          "rotation": [
            0,
            -40,
            0
          ],
          "position": [
            -3,
            0,
            0
          ]
        },
        "bone11": {
          "rotation": [
            40,
            0,
            0
          ]
        }
      }
    },
    "animation.pa_armor_stand.sword_attack": {
      "animation_length": 1.125,
      "bones": {
        "Rightarm": {
          "rotation": {
            "0.0": [
              0,
              0,
              0
            ],
            "0.2083": [
              -80.48918,
              -43.07952,
              69.24643
            ],
            "0.2917": [
              -128.17198,
              -39.1632,
              62.9513
            ],
            "0.625": [
              40.59681,
              -23.49792,
              37.77078
            ],
            "1.125": [
              0,
              0,
              0
            ]
          }
        },
        "bone3": {
          "rotation": {
            "0.0": [
              0,
              0,
              0
            ],
            "0.25": [
              -20,
              0,
              0
            ],
            "0.4583": [
              -47.74,
              0,
              0
            ],
            "0.75": [
              0.65,
              0,
              0
            ],
            "1.125": [
              0,
              0,
              0
            ]
          }
        }
      }
    }
  }
}