{
  "format_version": "1.8.0",
  "animations": {
    "animation.armor_stand.athena_pose": {
      "loop": true,
      "bones": {
        "body": {
          "rotation": [
            "-this",
            "-this",
            "-this + 2"
          ]
        },
        "head": {
          "rotation": [
            "-this - 5",
            "-this",
            "-this"
          ]
        },
        "leftarm": {
          "rotation": [
            "-this + 10",
            "-this",
            "-this - 5"
          ]
        },
        "leftleg": {
          "rotation": [
            "-this - 3",
            "-this - 3",
            "-this - 3"
          ]
        },
        "rightarm": {
          "rotation": [
            "-this - 60",
            "-this + 20",
            "-this - 10"
          ]
        },
        "rightitem": {
          "rotation": [
            "-this",
            "-this",
            "-this"
          ]
        },
        "rightleg": {
          "rotation": [
            "-this + 3",
            "-this + 3",
            "-this + 3"
          ]
        }
      }
    },
    "animation.armor_stand.brandish_pose": {
      "loop": true,
      "bones": {
        "body": {
          "rotation": [
            "-this",
            "-this",
            "-this - 2"
          ]
        },
        "head": {
          "rotation": [
            "-this - 15",
            "-this",
            "-this"
          ]
        },
        "leftarm": {
          "rotation": [
            "-this + 20",
            "-this",
            "-this - 10"
          ]
        },
        "leftleg": {
          "rotation": [
            "-this + 5",
            "-this - 3",
            "-this - 3"
          ]
        },
        "rightarm": {
          "rotation": [
            "-this - 110",
            "-this + 50",
            "-this"
          ]
        },
        "rightitem": {
          "rotation": [
            "-this",
            "-this",
            "-this"
          ]
        },
        "rightleg": {
          "rotation": [
            "-this - 5",
            "-this + 3",
            "-this + 3"
          ]
        }
      }
    },
    "animation.armor_stand.cancan_a_pose": {
      "loop": true,
      "bones": {
        "body": {
          "rotation": [
            "-this",
            "-this + 22",
            "-this"
          ]
        },
        "head": {
          "rotation": [
            "-this - 5",
            "-this + 18",
            "-this"
          ]
        },
        "leftarm": {
          "rotation": [
            "-this + 8",
            "-this",
            "-this - 114"
          ]
        },
        "leftleg": {
          "rotation": [
            "-this - 111",
            "-this + 55",
            "-this"
          ]
        },
        "rightarm": {
          "rotation": [
            "-this",
            "-this + 84",
            "-this + 111"
          ]
        },
        "rightitem": {
          "rotation": [
            "-this",
            "-this",
            "-this"
          ]
        },
        "rightleg": {
          "rotation": [
            "-this",
            "-this + 23",
            "-this - 13"
          ]
        }
      }
    },
    "animation.armor_stand.cancan_b_pose": {
      "loop": true,
      "bones": {
        "body": {
          "rotation": [
            "-this",
            "-this - 18",
            "-this"
          ]
        },
        "head": {
          "rotation": [
            "-this - 10",
            "-this - 20",
            "-this"
          ]
        },
        "leftarm": {
          "rotation": [
            "-this",
            "-this",
            "-this - 112"
          ]
        },
        "leftleg": {
          "rotation": [
            "-this",
            "-this",
            "-this + 13"
          ]
        },
        "rightarm": {
          "rotation": [
            "-this + 8",
            "-this + 90",
            "-this + 111"
          ]
        },
        "rightitem": {
          "rotation": [
            "-this",
            "-this",
            "-this"
          ]
        },
        "rightleg": {
          "rotation": [
            "-this - 119",
            "-this - 42",
            "-this"
          ]
        }
      }
    },
    "animation.armor_stand.default_pose": {
      "loop": true,
      "bones": {
        "body": {
          "rotation": [
            "-this",
            "-this",
            "-this"
          ]
        },
        "head": {
          "rotation": [
            "-this",
            "-this",
            "-this"
          ]
        },
        "leftarm": {
          "rotation": [
            "-this - 10",
            "-this",
            "-this - 10"
          ]
        },
        "leftleg": {
          "rotation": [
            "-this - 1",
            "-this",
            "-this - 1"
          ]
        },
        "rightarm": {
          "rotation": [
            "-this - 15",
            "-this",
            "-this + 10"
          ]
        },
        "rightitem": {
          "rotation": [
            "-this",
            "-this",
            "-this"
          ]
        },
        "rightleg": {
          "rotation": [
            "-this + 1",
            "-this",
            "-this + 1"
          ]
        }
      }
    },
    "animation.armor_stand.entertain_pose": {
      "loop": true,
      "bones": {
        "body": {
          "rotation": [
            "-this",
            "-this",
            "-this"
          ]
        },
        "head": {
          "rotation": [
            "-this - 15",
            "-this",
            "-this"
          ]
        },
        "leftarm": {
          "rotation": [
            "-this - 110",
            "-this - 35",
            "-this"
          ]
        },
        "leftleg": {
          "rotation": [
            "-this + 5",
            "-this - 3",
            "-this - 3"
          ]
        },
        "rightarm": {
          "rotation": [
            "-this - 110",
            "-this + 35",
            "-this"
          ]
        },
        "rightitem": {
          "rotation": [
            "-this",
            "-this",
            "-this"
          ]
        },
        "rightleg": {
          "rotation": [
            "-this - 5",
            "-this + 3",
            "-this + 3"
          ]
        }
      }
    },
    "animation.armor_stand.hero_pose": {
      "loop": true,
      "bones": {
        "body": {
          "rotation": [
            "-this",
            "-this + 8",
            "-this"
          ]
        },
        "head": {
          "rotation": [
            "-this - 4",
            "-this + 67",
            "-this"
          ]
        },
        "leftarm": {
          "rotation": [
            "-this + 16",
            "-this + 32",
            "-this - 8"
          ]
        },
        "leftleg": {
          "rotation": [
            "-this",
            "-this - 75",
            "-this - 8"
          ]
        },
        "rightarm": {
          "rotation": [
            "-this - 99",
            "-this + 63",
            "-this"
          ]
        },
        "rightitem": {
          "rotation": [
            "-this",
            "-this",
            "-this"
          ]
        },
        "rightleg": {
          "rotation": [
            "-this + 4",
            "-this + 63",
            "-this + 8"
          ]
        }
      }
    },
    "animation.armor_stand.honor_pose": {
      "loop": true,
      "bones": {
        "body": {
          "rotation": [
            "-this",
            "-this",
            "-this"
          ]
        },
        "head": {
          "rotation": [
            "-this - 15",
            "-this",
            "-this"
          ]
        },
        "leftarm": {
          "rotation": [
            "-this - 110",
            "-this + 35",
            "-this"
          ]
        },
        "leftleg": {
          "rotation": [
            "-this + 5",
            "-this - 3",
            "-this - 3"
          ]
        },
        "rightarm": {
          "rotation": [
            "-this - 110",
            "-this - 35",
            "-this"
          ]
        },
        "rightitem": {
          "rotation": [
            "-this",
            "-this",
            "-this"
          ]
        },
        "rightleg": {
          "rotation": [
            "-this - 5",
            "-this + 3",
            "-this + 3"
          ]
        }
      }
    },
    "animation.armor_stand.no_pose": {
      "loop": true,
      "bones": {
        "body": {
          "rotation": [
            "-this",
            "-this",
            "-this"
          ]
        },
        "head": {
          "rotation": [
            "-this",
            "-this",
            "-this"
          ]
        },
        "leftarm": {
          "rotation": [
            "-this",
            "-this",
            "-this"
          ]
        },
        "leftleg": {
          "rotation": [
            "-this",
            "-this",
            "-this"
          ]
        },
        "rightarm": {
          "rotation": [
            "-this",
            "-this",
            "-this"
          ]
        },
        "rightitem": {
          "rotation": [
            "-this",
            "-this",
            "-this"
          ]
        },
        "rightleg": {
          "rotation": [
            "-this",
            "-this",
            "-this"
          ]
        }
      }
    },
    "animation.armor_stand.riposte_pose": {
      "loop": true,
      "bones": {
        "body": {
          "rotation": [
            "-this",
            "-this",
            "-this"
          ]
        },
        "head": {
          "rotation": [
            "-this + 16",
            "-this + 20",
            "-this"
          ]
        },
        "leftarm": {
          "rotation": [
            "-this + 4",
            "-this + 8",
            "-this + 237"
          ]
        },
        "leftleg": {
          "rotation": [
            "-this - 14",
            "-this - 18",
            "-this - 16"
          ]
        },
        "rightarm": {
          "rotation": [
            "-this + 246",
            "-this",
            "-this + 89"
          ]
        },
        "rightitem": {
          "rotation": [
            "-this",
            "-this + 180",
            "-this"
          ]
        },
        "rightleg": {
          "rotation": [
            "-this + 8",
            "-this + 20",
            "-this + 4"
          ]
        }
      }
    },
    "animation.armor_stand.salute_pose": {
      "loop": true,
      "bones": {
        "body": {
          "rotation": [
            "-this",
            "-this",
            "-this"
          ]
        },
        "head": {
          "rotation": [
            "-this",
            "-this",
            "-this"
          ]
        },
        "leftarm": {
          "rotation": [
            "-this + 10",
            "-this",
            "-this - 5"
          ]
        },
        "leftleg": {
          "rotation": [
            "-this - 1",
            "-this",
            "-this - 1"
          ]
        },
        "rightarm": {
          "rotation": [
            "-this - 70",
            "-this - 40",
            "-this"
          ]
        },
        "rightitem": {
          "rotation": [
            "-this",
            "-this",
            "-this"
          ]
        },
        "rightleg": {
          "rotation": [
            "-this + 1",
            "-this",
            "-this + 1"
          ]
        }
      }
    },
    "animation.armor_stand.solemn_pose": {
      "loop": true,
      "bones": {
        "body": {
          "rotation": [
            "-this",
            "-this",
            "-this + 2"
          ]
        },
        "head": {
          "rotation": [
            "-this + 15",
            "-this",
            "-this"
          ]
        },
        "leftarm": {
          "rotation": [
            "-this - 30",
            "-this + 15",
            "-this + 15"
          ]
        },
        "leftleg": {
          "rotation": [
            "-this - 1",
            "-this",
            "-this - 1"
          ]
        },
        "rightarm": {
          "rotation": [
            "-this - 60",
            "-this - 20",
            "-this - 10"
          ]
        },
        "rightitem": {
          "rotation": [
            "-this",
            "-this",
            "-this"
          ]
        },
        "rightleg": {
          "rotation": [
            "-this + 1",
            "-this",
            "-this + 1"
          ]
        }
      }
    },
    "animation.armor_stand.wiggle": {
      "loop": true,
      "bones": {
        "baseplate": {
          "rotation": [
            0,
            "math.sin((variable.armor_stand.hurt_time - query.frame_alpha) * 120) * 3",
            0
          ]
        }
      }
    },
    "animation.armor_stand.zombie_pose": {
      "loop": true,
      "bones": {
        "body": {
          "rotation": [
            "-this",
            "-this",
            "-this"
          ]
        },
        "head": {
          "rotation": [
            "-this - 10",
            "-this",
            "-this - 5"
          ]
        },
        "leftarm": {
          "rotation": [
            "-this - 105",
            "-this",
            "-this"
          ]
        },
        "leftleg": {
          "rotation": [
            "-this + 7",
            "-this",
            "-this"
          ]
        },
        "rightarm": {
          "rotation": [
            "-this - 100",
            "-this",
            "-this"
          ]
        },
        "rightitem": {
          "rotation": [
            "-this",
            "-this",
            "-this"
          ]
        },
        "rightleg": {
          "rotation": [
            "-this - 46",
            "-this",
            "-this"
          ]
        }
      }
    },
    "animation.pa_fly_camera.fly": {
      "loop": true,
      "animation_length": 1.5417,
      "bones": {
        "bone2": {
          "position": {
            "0.0": [
              0,
              0,
              0
            ],
            "0.0417": [
              0,
              -2,
              0
            ],
            "0.0833": [
              0,
              -9.89,
              0
            ],
            "1.4583": [
              0,
              -9.89,
              0
            ],
            "1.5417": [
              0,
              0,
              0
            ]
          },
          "scale": {
            "0.0": [
              1,
              1,
              1
            ],
            "0.0417": [
              1,
              1.2,
              1
            ],
            "0.0833": [
              1,
              1.4944,
              1
            ],
            "0.2917": [
              1,
              0.7238,
              1
            ],
            "0.4167": [
              1,
              2.2606,
              1
            ],
            "0.5417": [
              1,
              0.7238,
              1
            ],
            "0.6667": [
              1,
              2.2606,
              1
            ],
            "0.7917": [
              1,
              0.7238,
              1
            ],
            "0.9167": [
              1,
              2.2606,
              1
            ],
            "1.0417": [
              1,
              0.7238,
              1
            ],
            "1.1667": [
              1,
              2.437,
              1
            ],
            "1.4167": [
              1,
              1.0311,
              1
            ],
            "1.5417": [
              1,
              1,
              1
            ]
          }
        },
        "head": {
          "rotation": {
            "0.0": [
              0,
              0,
              0
            ],
            "0.1667": [
              10,
              0,
              0
            ],
            "0.5": [
              -7.42,
              0,
              0
            ],
            "1.375": [
              -7.42,
              0,
              0
            ],
            "1.5417": [
              0,
              0,
              0
            ]
          }
        },
        "rightleg": {
          "rotation": {
            "0.0": [
              0,
              0,
              0
            ],
            "0.25": [
              -35,
              0,
              0
            ],
            "0.875": [
              -30,
              0,
              0
            ],
            "1.3333": [
              -35,
              0,
              0
            ],
            "1.5417": [
              0,
              0,
              0
            ]
          }
        },
        "leftleg": {
          "rotation": {
            "0.0": [
              0,
              0,
              0
            ],
            "0.25": [
              5,
              0,
              0
            ],
            "0.8333": [
              -2.5,
              0,
              0
            ],
            "1.3333": [
              5,
              0,
              0
            ],
            "1.5417": [
              0,
              0,
              0
            ]
          }
        },
        "bone3": {
          "rotation": {
            "0.0": [
              0,
              0,
              0
            ],
            "0.25": [
              37.5,
              0,
              0
            ],
            "0.625": [
              30,
              0,
              0
            ],
            "1.0": [
              41.47,
              0,
              0
            ],
            "1.3333": [
              37.5,
              0,
              0
            ],
            "1.5417": [
              0,
              0,
              0
            ]
          }
        },
        "bone4": {
          "rotation": {
            "0.0": [
              0,
              0,
              0
            ],
            "0.25": [
              42.5,
              0,
              0
            ],
            "0.7083": [
              33.61,
              0,
              0
            ],
            "1.0": [
              52.5,
              0,
              0
            ],
            "1.3333": [
              42.5,
              0,
              0
            ],
            "1.5417": [
              0,
              0,
              0
            ]
          }
        },
        "rightarm": {
          "rotation": {
            "0.0": [
              0,
              0,
              0
            ],
            "0.125": [
              0,
              0,
              12.5
            ],
            "0.25": [
              -57.5,
              0,
              11.4
            ],
            "1.4167": [
              -57.5,
              0,
              11.4
            ],
            "1.5417": [
              0,
              0,
              0
            ]
          }
        },
        "leftarm": {
          "rotation": {
            "0.0": [
              0,
              0,
              0
            ],
            "0.125": [
              0,
              0,
              -12.5
            ],
            "0.25": [
              -55,
              0,
              -8.9
            ],
            "1.4167": [
              -55,
              0,
              -8.9
            ],
            "1.5417": [
              0,
              0,
              0
            ]
          }
        },
        "bone5": {
          "rotation": {
            "0.0": [
              0,
              0,
              0
            ],
            "0.0833": [
              0,
              0,
              10
            ],
            "0.1667": [
              -27.5,
              0,
              9.43
            ],
            "1.4583": [
              -27.5,
              0,
              9.43
            ],
            "1.5417": [
              0,
              0,
              0
            ]
          }
        },
        "bone6": {
          "rotation": {
            "0.0": [
              0,
              0,
              0
            ],
            "0.0833": [
              0,
              0,
              -10
            ],
            "0.1667": [
              -27.5,
              0,
              -8.57
            ],
            "1.4583": [
              -27.5,
              0,
              -8.57
            ],
            "1.5417": [
              0,
              0,
              0
            ]
          }
        },
        "bone7": {
          "position": {
            "0.0": [
              0,
              0,
              0
            ],
            "0.125": [
              0,
              2,
              0
            ],
            "0.2083": [
              0,
              3.88,
              0
            ],
            "0.4583": [
              0,
              -0.85,
              0
            ],
            "0.5": [
              0,
              0,
              0
            ],
            "0.7083": [
              0,
              -0.85,
              0
            ],
            "0.75": [
              0,
              0,
              0
            ],
            "1.0833": [
              0,
              -0.85,
              0
            ],
            "1.125": [
              0,
              0,
              0
            ],
            "1.5417": [
              0,
              0,
              0
            ]
          }
        },
        "bone8": {
          "position": {
            "0.0": [
              0,
              0,
              0
            ],
            "0.125": [
              0,
              2,
              0
            ],
            "0.2083": [
              0,
              3.88,
              0
            ],
            "0.4583": [
              0,
              -0.85,
              0
            ],
            "0.5": [
              0,
              0,
              0
            ],
            "0.7083": [
              0,
              -0.85,
              0
            ],
            "0.75": [
              0,
              0,
              0
            ],
            "1.0833": [
              0,
              -0.85,
              0
            ],
            "1.125": [
              0,
              0,
              0
            ],
            "1.5417": [
              0,
              0,
              0
            ]
          }
        },
        "Root": {
          "rotation": {
            "0.0": [
              0,
              0,
              0
            ],
            "0.125": [
              -6.07,
              0,
              0
            ],
            "0.2917": [
              15,
              0,
              0
            ],
            "1.3333": [
              15,
              0,
              0
            ],
            "1.5417": [
              0,
              0,
              0
            ]
          },
          "position": {
            "0.0": [
              0,
              0,
              0
            ],
            "0.2917": [
              0,
              12.3,
              0
            ],
            "0.5833": [
              0,
              11.3,
              0
            ],
            "0.9167": [
              0,
              9.47,
              0
            ],
            "1.1667": [
              0,
              13.41,
              0
            ],
            "1.3333": [
              0,
              12.3,
              0
            ],
            "1.5417": [
              0,
              0,
              0
            ]
          }
        }
      }
    }
  }
}