{
  "format_version": "1.8.0",
  "animations": {
    "animation.armor_stand.athena_pose": {
      "loop": true,
      "bones": {
        "body": {
          "rotation": [
            "-this",
            "-this",
            "-this + 2"
          ]
        },
        "head": {
          "rotation": [
            "-this - 5",
            "-this",
            "-this"
          ]
        },
        "leftarm": {
          "rotation": [
            "-this + 10",
            "-this",
            "-this - 5"
          ]
        },
        "leftleg": {
          "rotation": [
            "-this - 3",
            "-this - 3",
            "-this - 3"
          ]
        },
        "rightarm": {
          "rotation": [
            "-this - 60",
            "-this + 20",
            "-this - 10"
          ]
        },
        "rightitem": {
          "rotation": [
            "-this",
            "-this",
            "-this"
          ]
        },
        "rightleg": {
          "rotation": [
            "-this + 3",
            "-this + 3",
            "-this + 3"
          ]
        }
      }
    },
    "animation.armor_stand.brandish_pose": {
      "loop": true,
      "bones": {
        "body": {
          "rotation": [
            "-this",
            "-this",
            "-this - 2"
          ]
        },
        "head": {
          "rotation": [
            "-this - 15",
            "-this",
            "-this"
          ]
        },
        "leftarm": {
          "rotation": [
            "-this + 20",
            "-this",
            "-this - 10"
          ]
        },
        "leftleg": {
          "rotation": [
            "-this + 5",
            "-this - 3",
            "-this - 3"
          ]
        },
        "rightarm": {
          "rotation": [
            "-this - 110",
            "-this + 50",
            "-this"
          ]
        },
        "rightitem": {
          "rotation": [
            "-this",
            "-this",
            "-this"
          ]
        },
        "rightleg": {
          "rotation": [
            "-this - 5",
            "-this + 3",
            "-this + 3"
          ]
        }
      }
    },
    "animation.armor_stand.cancan_a_pose": {
      "loop": true,
      "bones": {
        "body": {
          "rotation": [
            "-this",
            "-this + 22",
            "-this"
          ]
        },
        "head": {
          "rotation": [
            "-this - 5",
            "-this + 18",
            "-this"
          ]
        },
        "leftarm": {
          "rotation": [
            "-this + 8",
            "-this",
            "-this - 114"
          ]
        },
        "leftleg": {
          "rotation": [
            "-this - 111",
            "-this + 55",
            "-this"
          ]
        },
        "rightarm": {
          "rotation": [
            "-this",
            "-this + 84",
            "-this + 111"
          ]
        },
        "rightitem": {
          "rotation": [
            "-this",
            "-this",
            "-this"
          ]
        },
        "rightleg": {
          "rotation": [
            "-this",
            "-this + 23",
            "-this - 13"
          ]
        }
      }
    },
    "animation.armor_stand.cancan_b_pose": {
      "loop": true,
      "bones": {
        "body": {
          "rotation": [
            "-this",
            "-this - 18",
            "-this"
          ]
        },
        "head": {
          "rotation": [
            "-this - 10",
            "-this - 20",
            "-this"
          ]
        },
        "leftarm": {
          "rotation": [
            "-this",
            "-this",
            "-this - 112"
          ]
        },
        "leftleg": {
          "rotation": [
            "-this",
            "-this",
            "-this + 13"
          ]
        },
        "rightarm": {
          "rotation": [
            "-this + 8",
            "-this + 90",
            "-this + 111"
          ]
        },
        "rightitem": {
          "rotation": [
            "-this",
            "-this",
            "-this"
          ]
        },
        "rightleg": {
          "rotation": [
            "-this - 119",
            "-this - 42",
            "-this"
          ]
        }
      }
    },
    "animation.armor_stand.default_pose": {
      "loop": true,
      "bones": {
        "body": {
          "rotation": [
            "-this",
            "-this",
            "-this"
          ]
        },
        "head": {
          "rotation": [
            "-this",
            "-this",
            "-this"
          ]
        },
        "leftarm": {
          "rotation": [
            "-this - 10",
            "-this",
            "-this - 10"
          ]
        },
        "leftleg": {
          "rotation": [
            "-this - 1",
            "-this",
            "-this - 1"
          ]
        },
        "rightarm": {
          "rotation": [
            "-this - 15",
            "-this",
            "-this + 10"
          ]
        },
        "rightitem": {
          "rotation": [
            "-this",
            "-this",
            "-this"
          ]
        },
        "rightleg": {
          "rotation": [
            "-this + 1",
            "-this",
            "-this + 1"
          ]
        }
      }
    },
    "animation.armor_stand.entertain_pose": {
      "loop": true,
      "bones": {
        "body": {
          "rotation": [
            "-this",
            "-this",
            "-this"
          ]
        },
        "head": {
          "rotation": [
            "-this - 15",
            "-this",
            "-this"
          ]
        },
        "leftarm": {
          "rotation": [
            "-this - 110",
            "-this - 35",
            "-this"
          ]
        },
        "leftleg": {
          "rotation": [
            "-this + 5",
            "-this - 3",
            "-this - 3"
          ]
        },
        "rightarm": {
          "rotation": [
            "-this - 110",
            "-this + 35",
            "-this"
          ]
        },
        "rightitem": {
          "rotation": [
            "-this",
            "-this",
            "-this"
          ]
        },
        "rightleg": {
          "rotation": [
            "-this - 5",
            "-this + 3",
            "-this + 3"
          ]
        }
      }
    },
    "animation.armor_stand.hero_pose": {
      "loop": true,
      "bones": {
        "body": {
          "rotation": [
            "-this",
            "-this + 8",
            "-this"
          ]
        },
        "head": {
          "rotation": [
            "-this - 4",
            "-this + 67",
            "-this"
          ]
        },
        "leftarm": {
          "rotation": [
            "-this + 16",
            "-this + 32",
            "-this - 8"
          ]
        },
        "leftleg": {
          "rotation": [
            "-this",
            "-this - 75",
            "-this - 8"
          ]
        },
        "rightarm": {
          "rotation": [
            "-this - 99",
            "-this + 63",
            "-this"
          ]
        },
        "rightitem": {
          "rotation": [
            "-this",
            "-this",
            "-this"
          ]
        },
        "rightleg": {
          "rotation": [
            "-this + 4",
            "-this + 63",
            "-this + 8"
          ]
        }
      }
    },
    "animation.armor_stand.honor_pose": {
      "loop": true,
      "bones": {
        "body": {
          "rotation": [
            "-this",
            "-this",
            "-this"
          ]
        },
        "head": {
          "rotation": [
            "-this - 15",
            "-this",
            "-this"
          ]
        },
        "leftarm": {
          "rotation": [
            "-this - 110",
            "-this + 35",
            "-this"
          ]
        },
        "leftleg": {
          "rotation": [
            "-this + 5",
            "-this - 3",
            "-this - 3"
          ]
        },
        "rightarm": {
          "rotation": [
            "-this - 110",
            "-this - 35",
            "-this"
          ]
        },
        "rightitem": {
          "rotation": [
            "-this",
            "-this",
            "-this"
          ]
        },
        "rightleg": {
          "rotation": [
            "-this - 5",
            "-this + 3",
            "-this + 3"
          ]
        }
      }
    },
    "animation.armor_stand.no_pose": {
      "loop": true,
      "bones": {
        "body": {
          "rotation": [
            "-this",
            "-this",
            "-this"
          ]
        },
        "head": {
          "rotation": [
            "-this",
            "-this",
            "-this"
          ]
        },
        "leftarm": {
          "rotation": [
            "-this",
            "-this",
            "-this"
          ]
        },
        "leftleg": {
          "rotation": [
            "-this",
            "-this",
            "-this"
          ]
        },
        "rightarm": {
          "rotation": [
            "-this",
            "-this",
            "-this"
          ]
        },
        "rightitem": {
          "rotation": [
            "-this",
            "-this",
            "-this"
          ]
        },
        "rightleg": {
          "rotation": [
            "-this",
            "-this",
            "-this"
          ]
        }
      }
    },
    "animation.armor_stand.riposte_pose": {
      "loop": true,
      "bones": {
        "body": {
          "rotation": [
            "-this",
            "-this",
            "-this"
          ]
        },
        "head": {
          "rotation": [
            "-this + 16",
            "-this + 20",
            "-this"
          ]
        },
        "leftarm": {
          "rotation": [
            "-this + 4",
            "-this + 8",
            "-this + 237"
          ]
        },
        "leftleg": {
          "rotation": [
            "-this - 14",
            "-this - 18",
            "-this - 16"
          ]
        },
        "rightarm": {
          "rotation": [
            "-this + 246",
            "-this",
            "-this + 89"
          ]
        },
        "rightitem": {
          "rotation": [
            "-this",
            "-this + 180",
            "-this"
          ]
        },
        "rightleg": {
          "rotation": [
            "-this + 8",
            "-this + 20",
            "-this + 4"
          ]
        }
      }
    },
    "animation.armor_stand.salute_pose": {
      "loop": true,
      "bones": {
        "body": {
          "rotation": [
            "-this",
            "-this",
            "-this"
          ]
        },
        "head": {
          "rotation": [
            "-this",
            "-this",
            "-this"
          ]
        },
        "leftarm": {
          "rotation": [
            "-this + 10",
            "-this",
            "-this - 5"
          ]
        },
        "leftleg": {
          "rotation": [
            "-this - 1",
            "-this",
            "-this - 1"
          ]
        },
        "rightarm": {
          "rotation": [
            "-this - 70",
            "-this - 40",
            "-this"
          ]
        },
        "rightitem": {
          "rotation": [
            "-this",
            "-this",
            "-this"
          ]
        },
        "rightleg": {
          "rotation": [
            "-this + 1",
            "-this",
            "-this + 1"
          ]
        }
      }
    },
    "animation.armor_stand.solemn_pose": {
      "loop": true,
      "bones": {
        "body": {
          "rotation": [
            "-this",
            "-this",
            "-this + 2"
          ]
        },
        "head": {
          "rotation": [
            "-this + 15",
            "-this",
            "-this"
          ]
        },
        "leftarm": {
          "rotation": [
            "-this - 30",
            "-this + 15",
            "-this + 15"
          ]
        },
        "leftleg": {
          "rotation": [
            "-this - 1",
            "-this",
            "-this - 1"
          ]
        },
        "rightarm": {
          "rotation": [
            "-this - 60",
            "-this - 20",
            "-this - 10"
          ]
        },
        "rightitem": {
          "rotation": [
            "-this",
            "-this",
            "-this"
          ]
        },
        "rightleg": {
          "rotation": [
            "-this + 1",
            "-this",
            "-this + 1"
          ]
        }
      }
    },
    "animation.armor_stand.wiggle": {
      "loop": true,
      "bones": {
        "baseplate": {
          "rotation": [
            0,
            "math.sin((variable.armor_stand.hurt_time - query.frame_alpha) * 120) * 3",
            0
          ]
        }
      }
    },
    "animation.armor_stand.zombie_pose": {
      "loop": true,
      "bones": {
        "body": {
          "rotation": [
            "-this",
            "-this",
            "-this"
          ]
        },
        "head": {
          "rotation": [
            "-this - 10",
            "-this",
            "-this - 5"
          ]
        },
        "leftarm": {
          "rotation": [
            "-this - 105",
            "-this",
            "-this"
          ]
        },
        "leftleg": {
          "rotation": [
            "-this + 7",
            "-this",
            "-this"
          ]
        },
        "rightarm": {
          "rotation": [
            "-this - 100",
            "-this",
            "-this"
          ]
        },
        "rightitem": {
          "rotation": [
            "-this",
            "-this",
            "-this"
          ]
        },
        "rightleg": {
          "rotation": [
            "-this - 46",
            "-this",
            "-this"
          ]
        }
      }
    },
    "animation.pa_titan_tv_laser.laser": {
      "animation_length": 1.66667,
      "bones": {
        "Root": {
          "position": {
            "0.0": [
              0,
              0,
              0
            ],
            "0.1667": [
              0,
              -1,
              0
            ],
            "0.2917": [
              0,
              16.19,
              0
            ],
            "0.5833": [
              0,
              11.19,
              0
            ],
            "1.5417": [
              0,
              16.19,
              0
            ],
            "1.6667": [
              0,
              0,
              0
            ]
          }
        },
        "Body": {
          "rotation": {
            "0.0": [
              0,
              0,
              0
            ],
            "0.2083": [
              12.5,
              -12.5,
              0
            ],
            "0.5417": [
              4.64,
              7.86,
              0
            ],
            "0.75": [
              7.14,
              7.86,
              0
            ],
            "1.0": [
              6.55,
              5.36,
              0
            ],
            "1.2917": [
              5.82,
              1.32,
              0
            ],
            "1.5417": [
              4.64,
              7.86,
              0
            ],
            "1.6667": [
              0,
              0,
              0
            ]
          }
        },
        "Rightarm": {
          "rotation": {
            "0.0": [
              0,
              0,
              0
            ],
            "0.2083": [
              0,
              0,
              10
            ],
            "1.5417": [
              0,
              0,
              10
            ],
            "1.6667": [
              0,
              0,
              0
            ]
          }
        },
        "bone": {
          "rotation": {
            "0.0": [
              0,
              0,
              0
            ],
            "0.2083": [
              -12.5,
              0,
              0
            ],
            "1.5417": [
              -12.5,
              0,
              0
            ],
            "1.6667": [
              0,
              0,
              0
            ]
          }
        },
        "bone10": {
          "position": {
            "0.0": [
              0,
              0,
              0
            ],
            "0.125": [
              0,
              0,
              0
            ],
            "0.2083": [
              0,
              -17,
              0
            ],
            "1.5417": [
              0,
              -17.46,
              0
            ],
            "1.6667": [
              0,
              0,
              0
            ]
          },
          "scale": {
            "0.0": [
              1,
              1,
              1
            ],
            "0.125": [
              1,
              1,
              1
            ],
            "0.2083": [
              1,
              2.9,
              1
            ],
            "0.3333": [
              1,
              0.0371,
              1
            ],
            "0.4167": [
              1,
              2.9,
              1
            ],
            "0.5417": [
              1,
              0.0371,
              1
            ],
            "0.7083": [
              1,
              2.9,
              1
            ],
            "0.875": [
              1,
              0.0371,
              1
            ],
            "1.0417": [
              1,
              2.9,
              1
            ],
            "1.2083": [
              1,
              0.0371,
              1
            ],
            "1.375": [
              1,
              2.9,
              1
            ],
            "1.5417": [
              1,
              2.9,
              1
            ],
            "1.6667": [
              1,
              1,
              1
            ]
          }
        },
        "bone11": {
          "position": {
            "0.0": [
              0,
              0,
              0
            ],
            "0.125": [
              0,
              0,
              0
            ],
            "0.2083": [
              0,
              -17,
              0
            ],
            "1.5417": [
              0,
              -17.46,
              0
            ],
            "1.6667": [
              0,
              0,
              0
            ]
          },
          "scale": {
            "0.0": [
              1,
              1,
              1
            ],
            "0.125": [
              1,
              1,
              1
            ],
            "0.2083": [
              1,
              2.9,
              1
            ],
            "0.3333": [
              1,
              0.0371,
              1
            ],
            "0.4167": [
              1,
              2.9,
              1
            ],
            "0.5417": [
              1,
              0.0371,
              1
            ],
            "0.7083": [
              1,
              2.9,
              1
            ],
            "0.875": [
              1,
              0.0371,
              1
            ],
            "1.0417": [
              1,
              2.9,
              1
            ],
            "1.2083": [
              1,
              0.0371,
              1
            ],
            "1.375": [
              1,
              2.9,
              1
            ],
            "1.5417": [
              1,
              2.9,
              1
            ],
            "1.6667": [
              1,
              1,
              1
            ]
          }
        },
        "leftarm": {
          "rotation": {
            "0.0": [
              0,
              0,
              0
            ],
            "0.1667": [
              20.30202,
              2.22559,
              -14.71484
            ],
            "0.3333": [
              -63.72,
              1.51,
              -9.99
            ],
            "0.7083": [
              -63.72,
              1.51,
              -14.99
            ],
            "1.0833": [
              -63.72,
              -10.99,
              -12.74
            ],
            "1.5417": [
              -63.72,
              1.51,
              -9.99
            ],
            "1.6667": [
              0,
              0,
              0
            ]
          }
        },
        "bone4": {
          "rotation": {
            "0.0": [
              0,
              0,
              0
            ],
            "0.1667": [
              -47.5,
              0,
              0
            ],
            "0.3333": [
              -22.23,
              0,
              0
            ],
            "1.5417": [
              -22.23,
              0,
              0
            ],
            "1.6667": [
              0,
              0,
              0
            ]
          }
        },
        "bone5": {
          "rotation": {
            "0.0": [
              0,
              0,
              0
            ],
            "1.6667": [
              0,
              0,
              0
            ]
          },
          "position": {
            "0.0": [
              0,
              0,
              0
            ],
            "0.1667": [
              0,
              1,
              0
            ],
            "0.3333": [
              0,
              4.89,
              0
            ],
            "0.5": [
              0,
              -0.11,
              0
            ],
            "1.4583": [
              0,
              -0.11,
              0
            ],
            "1.5417": [
              0,
              4.89,
              0
            ],
            "1.6667": [
              0,
              0,
              0
            ]
          }
        },
        "bone6": {
          "position": {
            "0.0": [
              0,
              0,
              0
            ],
            "0.125": [
              0,
              0,
              0
            ],
            "0.3333": [
              0,
              -14.54,
              0
            ],
            "1.6667": [
              0,
              0,
              0
            ]
          },
          "scale": {
            "0.0": [
              1,
              1,
              1
            ],
            "0.125": [
              1,
              1,
              1
            ],
            "0.3333": [
              1,
              49.4,
              1
            ],
            "0.5417": [
              1,
              44.5,
              1
            ],
            "0.9167": [
              1,
              65.9,
              1
            ],
            "1.375": [
              1,
              63,
              1
            ],
            "1.6667": [
              1,
              1,
              1
            ]
          }
        },
        "Leftleg": {
          "rotation": {
            "0.0": [
              0,
              0,
              0
            ],
            "0.2083": [
              -20,
              0,
              0
            ],
            "0.375": [
              -13.14,
              0,
              -7.5
            ],
            "1.5": [
              -13.14,
              0,
              -7.5
            ],
            "1.6667": [
              0,
              0,
              0
            ]
          }
        },
        "bone8": {
          "rotation": {
            "0.0": [
              0,
              0,
              0
            ],
            "0.2083": [
              12.5,
              0,
              0
            ],
            "0.375": [
              18.21,
              0,
              0
            ],
            "1.5": [
              18.21,
              0,
              0
            ],
            "1.6667": [
              0,
              0,
              0
            ]
          }
        },
        "Rightleg": {
          "rotation": {
            "0.0": [
              0,
              0,
              0
            ],
            "0.2083": [
              -2.5,
              0,
              0
            ],
            "0.375": [
              10.86,
              0,
              5
            ],
            "1.5": [
              10.86,
              0,
              5
            ],
            "1.6667": [
              0,
              0,
              0
            ]
          }
        },
        "bone7": {
          "rotation": {
            "0.0": [
              0,
              0,
              0
            ],
            "0.2083": [
              20,
              0,
              0
            ],
            "0.375": [
              20.64,
              0,
              0
            ],
            "1.5": [
              20.64,
              0,
              0
            ],
            "1.6667": [
              0,
              0,
              0
            ]
          }
        }
      }
    }
  }
}