{
  "format_version": "1.8.0",
  "animations": {
    "animation.shadow_biomy_shadow_biomy_toilet.baby_transform": {
      "loop": true,
      "bones": {
        "head": {
          "position": [
            0.0,
            4.0,
            4.0
          ],
          "scale": 2.0
        }
      }
    },
    "animation.pig.setup": {
      "loop": true,
      "bones": {
        "body": {
          "rotation": [
            "-this",
            0.0,
            0.0
          ]
        }
      }
    },
    "animation.pig.setup.v1.0": {
      "loop": true,
      "bones": {
        "body": {
          "rotation": [
            "90.0 - this",
            0.0,
            0.0
          ]
        }
      }
    },
    "animation.shadow_biomy_shadow_biomy_toilet.idle": {
      "loop": true,
      "animation_length": 1.5,
      "bones": {
        "bone": {
          "rotation": {
            "0.0": {
              "post": [
                0,
                0,
                0
              ],
              "lerp_mode": "catmullrom"
            },
            "0.0833": {
              "post": [
                0,
                0,
                5
              ],
              "lerp_mode": "catmullrom"
            },
            "0.1667": {
              "post": [
                0,
                0,
                -0.29
              ],
              "lerp_mode": "catmullrom"
            },
            "0.25": {
              "post": [
                0,
                0,
                9.73
              ],
              "lerp_mode": "catmullrom"
            },
            "0.375": {
              "post": [
                0,
                0,
                -1.24
              ],
              "lerp_mode": "catmullrom"
            },
            "0.5417": {
              "post": [
                27.5,
                0,
                -1.0563
              ],
              "lerp_mode": "catmullrom"
            },
            "0.625": {
              "post": [
                5.1087,
                0,
                -0.96444
              ],
              "lerp_mode": "catmullrom"
            },
            "0.75": {
              "post": [
                16.8012,
                0.17613,
                0.57561
              ],
              "lerp_mode": "catmullrom"
            },
            "1.0833": {
              "post": [
                9.334,
                0.09785,
                0.31978
              ],
              "lerp_mode": "catmullrom"
            },
            "1.3333": {
              "post": [
                0,
                360,
                0
              ],
              "lerp_mode": "catmullrom"
            },
            "1.5": {
              "post": [
                0,
                360,
                0
              ],
              "lerp_mode": "catmullrom"
            }
          },
          "position": {
            "0.0": {
              "post": [
                0,
                0,
                0
              ],
              "lerp_mode": "catmullrom"
            },
            "0.0833": {
              "post": [
                0,
                0,
                0
              ],
              "lerp_mode": "catmullrom"
            },
            "0.1667": {
              "post": [
                -1,
                -3,
                0
              ],
              "lerp_mode": "catmullrom"
            },
            "0.2083": {
              "post": [
                0.75,
                -3.75,
                0
              ],
              "lerp_mode": "catmullrom"
            },
            "0.25": {
              "post": [
                -1,
                -3,
                0
              ],
              "lerp_mode": "catmullrom"
            },
            "0.2917": {
              "post": [
                0.75,
                -3.75,
                0
              ],
              "lerp_mode": "catmullrom"
            },
            "0.5417": {
              "post": [
                0,
                0,
                0
              ],
              "lerp_mode": "catmullrom"
            },
            "0.6667": {
              "post": [
                0,
                -3,
                0
              ],
              "lerp_mode": "catmullrom"
            },
            "0.7917": {
              "post": [
                0,
                0,
                0
              ],
              "lerp_mode": "catmullrom"
            },
            "1.5": {
              "post": [
                0,
                0,
                0
              ],
              "lerp_mode": "catmullrom"
            }
          }
        },
        "bone3": {
          "rotation": {
            "0.0": {
              "post": [
                0,
                0,
                2.5
              ],
              "lerp_mode": "catmullrom"
            },
            "0.125": {
              "post": [
                0,
                0,
                -7.5
              ],
              "lerp_mode": "catmullrom"
            },
            "0.2917": {
              "post": [
                0,
                0,
                8.71
              ],
              "lerp_mode": "catmullrom"
            },
            "0.4583": {
              "post": [
                0,
                0,
                -7.15
              ],
              "lerp_mode": "catmullrom"
            },
            "0.5417": {
              "post": [
                -17.5,
                0,
                -6.378
              ],
              "lerp_mode": "catmullrom"
            },
            "0.7083": {
              "post": [
                -9.45652,
                0,
                -4.834
              ],
              "lerp_mode": "catmullrom"
            },
            "0.875": {
              "post": [
                -17.46568,
                0,
                -3.29
              ],
              "lerp_mode": "catmullrom"
            },
            "1.3333": {
              "post": [
                0,
                0,
                2.5
              ],
              "lerp_mode": "catmullrom"
            },
            "1.5": {
              "post": [
                0,
                0,
                2.5
              ],
              "lerp_mode": "catmullrom"
            }
          }
        }
      }
    }
  }
}