{
  "format_version": "1.8.0",
  "animations": {
    "animation.skibidi_toilet_shield_big_speaker_man.shield": {
      "loop": true,
      "animation_length": 4,
      "bones": {
        "Body": {
          "rotation": {
            "0.0": {
              "post": [
                0,
                0,
                0
              ],
              "lerp_mode": "catmullrom"
            },
            "0.25": {
              "post": [
                0,
                10,
                0
              ],
              "lerp_mode": "catmullrom"
            },
            "0.5833": {
              "post": [
                7.5,
                -24.92,
                0
              ],
              "lerp_mode": "catmullrom"
            },
            "1.4583": {
              "post": [
                7.5,
                -24.92,
                0
              ],
              "lerp_mode": "catmullrom"
            },
            "1.7917": {
              "post": [
                7.18591,
                -28.56844,
                -1.30165
              ],
              "lerp_mode": "catmullrom"
            },
            "2.125": {
              "post": [
                6.36856,
                17.63823,
                3.45777
              ],
              "lerp_mode": "catmullrom"
            },
            "2.5": {
              "post": [
                4.95261,
                30.15805,
                3.61854
              ],
              "lerp_mode": "catmullrom"
            },
            "2.7917": {
              "post": [
                -10.81262,
                20.54178,
                2.60369
              ],
              "lerp_mode": "catmullrom"
            },
            "3.25": {
              "post": [
                -9.87226,
                5.43051,
                1.00894
              ],
              "lerp_mode": "catmullrom"
            },
            "3.375": {
              "post": [
                10.91849,
                3.62034,
                0.67262
              ],
              "lerp_mode": "catmullrom"
            },
            "3.5833": {
              "post": [
                19.779,
                2.41356,
                0.44842
              ],
              "lerp_mode": "catmullrom"
            },
            "4.0": {
              "post": [
                0,
                0,
                0
              ],
              "lerp_mode": "catmullrom"
            }
          }
        },
        "Rightarm": {
          "rotation": {
            "0.0": {
              "post": [
                0,
                0,
                0
              ],
              "lerp_mode": "catmullrom"
            },
            "0.2083": {
              "post": [
                -15.03147,
                12.27729,
                38.37412
              ],
              "lerp_mode": "catmullrom"
            },
            "0.4583": {
              "post": [
                -39.70889,
                16.58974,
                18.97287
              ],
              "lerp_mode": "catmullrom"
            },
            "1.4583": {
              "post": [
                -39.70889,
                16.58974,
                18.97287
              ],
              "lerp_mode": "catmullrom"
            },
            "1.9167": {
              "post": [
                -30.19082,
                -10.82609,
                -22.30011
              ],
              "lerp_mode": "catmullrom"
            },
            "2.0": {
              "post": [
                -13.35953,
                23.49551,
                58.92739
              ],
              "lerp_mode": "catmullrom"
            },
            "3.0833": {
              "post": [
                -88.14888,
                13.92045,
                34.91289
              ],
              "lerp_mode": "catmullrom"
            },
            "3.25": {
              "post": [
                -56.85754,
                -20.60483,
                4.74858
              ],
              "lerp_mode": "catmullrom"
            },
            "3.5833": {
              "post": [
                -30.22,
                -14.1,
                30.63
              ],
              "lerp_mode": "catmullrom"
            },
            "4.0": {
              "post": [
                0,
                0,
                0
              ],
              "lerp_mode": "catmullrom"
            }
          }
        },
        "bone2": {
          "rotation": {
            "0.0": {
              "post": [
                0,
                0,
                0
              ],
              "lerp_mode": "catmullrom"
            },
            "0.2083": {
              "post": [
                -16.787,
                -23.16227,
                -15.34947
              ],
              "lerp_mode": "catmullrom"
            },
            "0.4167": {
              "post": [
                -23.26061,
                -57.07178,
                -81.98171
              ],
              "lerp_mode": "catmullrom"
            },
            "1.4583": {
              "post": [
                -23.26061,
                -57.07178,
                -81.98171
              ],
              "lerp_mode": "catmullrom"
            },
            "2.5833": {
              "post": [
                -38.86584,
                -30.38849,
                -40.69857
              ],
              "lerp_mode": "catmullrom"
            },
            "2.6667": {
              "post": [
                -31.40626,
                -1.54087,
                -81.73074
              ],
              "lerp_mode": "catmullrom"
            },
            "3.0417": {
              "post": [
                -13.70067,
                -35.53898,
                -67.5841
              ],
              "lerp_mode": "catmullrom"
            },
            "4.0": {
              "post": [
                0,
                0,
                0
              ],
              "lerp_mode": "catmullrom"
            }
          }
        },
        "Head": {
          "rotation": {
            "0.0": {
              "post": [
                0,
                0,
                0
              ],
              "lerp_mode": "catmullrom"
            },
            "0.2083": {
              "post": [
                0,
                -15,
                0
              ],
              "lerp_mode": "catmullrom"
            },
            "0.5417": {
              "post": [
                -10,
                16.03,
                0
              ],
              "lerp_mode": "catmullrom"
            },
            "1.5": {
              "post": [
                -10,
                16.03,
                0
              ],
              "lerp_mode": "catmullrom"
            },
            "1.625": {
              "post": [
                0,
                0,
                0
              ],
              "lerp_mode": "catmullrom"
            },
            "4.0": {
              "post": [
                0,
                0,
                0
              ],
              "lerp_mode": "catmullrom"
            }
          }
        },
        "Leftarm": {
          "rotation": {
            "0.0": [
              0,
              0,
              0
            ],
            "0.375": [
              0,
              0,
              -2.5
            ],
            "1.4167": [
              0,
              0,
              -2.5
            ],
            "2.125": [
              0,
              0,
              -6.83
            ],
            "2.7083": [
              15,
              0,
              -17.15
            ],
            "3.5": [
              -23.97,
              0,
              -6.89
            ],
            "4.0": [
              0,
              0,
              0
            ]
          }
        },
        "bone4": {
          "rotation": {
            "0.0": [
              0,
              0,
              0
            ],
            "0.375": [
              -10,
              0,
              0
            ],
            "1.4167": [
              -10,
              0,
              0
            ],
            "3.5": [
              -12.01,
              0,
              0
            ],
            "4.0": [
              0,
              0,
              0
            ]
          }
        }
      }
    },
    "animation.skibidi_toilet_shield_big_speaker_man.walk": {
      "loop": true,
      "animation_length": 1.25,
      "anim_time_update": "query.modified_distance_moved*0.1",
      "blend_weight": "query.modified_move_speed",
      "bones": {
        "Body": {
          "rotation": {
            "0.0": {
              "post": [
                7.5,
                0,
                0
              ],
              "lerp_mode": "catmullrom"
            },
            "0.2917": {
              "post": [
                10,
                0,
                0
              ],
              "lerp_mode": "catmullrom"
            },
            "0.625": {
              "post": [
                7.5,
                0,
                0
              ],
              "lerp_mode": "catmullrom"
            },
            "0.9167": {
              "post": [
                10,
                0,
                0
              ],
              "lerp_mode": "catmullrom"
            },
            "1.25": {
              "post": [
                7.5,
                0,
                0
              ],
              "lerp_mode": "catmullrom"
            }
          }
        },
        "bone": {
          "rotation": {
            "0.0": {
              "post": [
                -5,
                0,
                0
              ],
              "lerp_mode": "catmullrom"
            },
            "0.1667": {
              "post": [
                -10,
                0,
                0
              ],
              "lerp_mode": "catmullrom"
            },
            "0.4167": {
              "post": [
                -14.42,
                0,
                0
              ],
              "lerp_mode": "catmullrom"
            },
            "0.625": {
              "post": [
                -4.46,
                0,
                0
              ],
              "lerp_mode": "catmullrom"
            },
            "0.75": {
              "post": [
                -9.71,
                0,
                0
              ],
              "lerp_mode": "catmullrom"
            },
            "1.0417": {
              "post": [
                -17.62,
                0,
                0
              ],
              "lerp_mode": "catmullrom"
            },
            "1.25": {
              "post": [
                -5,
                0,
                0
              ],
              "lerp_mode": "catmullrom"
            }
          }
        },
        "Rightarm": {
          "rotation": {
            "0.0": {
              "post": [
                17.5,
                0,
                0
              ],
              "lerp_mode": "catmullrom"
            },
            "0.625": {
              "post": [
                -17.5,
                0,
                0
              ],
              "lerp_mode": "catmullrom"
            },
            "1.25": {
              "post": [
                17.5,
                0,
                0
              ],
              "lerp_mode": "catmullrom"
            }
          }
        },
        "Head": {
          "rotation": {
            "0.0": {
              "post": [
                -7.5,
                0,
                0
              ],
              "lerp_mode": "catmullrom"
            },
            "1.25": {
              "post": [
                -7.5,
                0,
                0
              ],
              "lerp_mode": "catmullrom"
            }
          }
        },
        "Leftarm": {
          "rotation": {
            "0.0": {
              "post": [
                -17.5,
                0,
                0
              ],
              "lerp_mode": "catmullrom"
            },
            "0.625": {
              "post": [
                17.5,
                0,
                0
              ],
              "lerp_mode": "catmullrom"
            },
            "1.25": {
              "post": [
                -17.5,
                0,
                0
              ],
              "lerp_mode": "catmullrom"
            }
          }
        },
        "Rightleg": {
          "rotation": {
            "0.0": {
              "post": [
                -10,
                0,
                0
              ],
              "lerp_mode": "catmullrom"
            },
            "0.625": {
              "post": [
                10,
                0,
                0
              ],
              "lerp_mode": "catmullrom"
            },
            "0.9583": {
              "post": [
                -31.83,
                0,
                0
              ],
              "lerp_mode": "catmullrom"
            },
            "1.25": {
              "post": [
                -10,
                0,
                0
              ],
              "lerp_mode": "catmullrom"
            }
          }
        },
        "bone5": {
          "rotation": {
            "0.0": {
              "post": [
                12.5,
                0,
                0
              ],
              "lerp_mode": "catmullrom"
            },
            "0.2917": {
              "post": [
                17.61,
                0,
                0
              ],
              "lerp_mode": "catmullrom"
            },
            "0.625": {
              "post": [
                42.5,
                0,
                0
              ],
              "lerp_mode": "catmullrom"
            },
            "0.9167": {
              "post": [
                63.5,
                0,
                0
              ],
              "lerp_mode": "catmullrom"
            },
            "1.25": {
              "post": [
                12.5,
                0,
                0
              ],
              "lerp_mode": "catmullrom"
            }
          }
        },
        "Leftleg": {
          "rotation": {
            "0.0": {
              "post": [
                10,
                0,
                0
              ],
              "lerp_mode": "catmullrom"
            },
            "0.3333": {
              "post": [
                -31.83,
                0,
                0
              ],
              "lerp_mode": "catmullrom"
            },
            "0.625": {
              "post": [
                -10,
                0,
                0
              ],
              "lerp_mode": "catmullrom"
            },
            "1.25": {
              "post": [
                10,
                0,
                0
              ],
              "lerp_mode": "catmullrom"
            }
          }
        },
        "bone6": {
          "rotation": {
            "0.0": {
              "post": [
                42.5,
                0,
                0
              ],
              "lerp_mode": "catmullrom"
            },
            "0.2917": {
              "post": [
                63.5,
                0,
                0
              ],
              "lerp_mode": "catmullrom"
            },
            "0.625": {
              "post": [
                12.5,
                0,
                0
              ],
              "lerp_mode": "catmullrom"
            },
            "0.9167": {
              "post": [
                17.61,
                0,
                0
              ],
              "lerp_mode": "catmullrom"
            },
            "1.25": {
              "post": [
                42.5,
                0,
                0
              ],
              "lerp_mode": "catmullrom"
            }
          }
        },
        "bone2": {
          "rotation": [
            -15,
            0,
            0
          ]
        },
        "bone4": {
          "rotation": [
            -15,
            0,
            0
          ]
        }
      }
    },
    "animation.skibidi_toilet_shield_big_speaker_man.base": {
      "loop": true,
      "bones": {
        "bone": {
          "rotation": [
            0,
            0,
            0
          ]
        }
      }
    },
    "animation.skibidi_toilet_shield_big_speaker_man.attack": {
      "loop": true,
      "animation_length": 0.625,
      "bones": {
        "Leftarm": {
          "rotation": {
            "0.0": [
              "math.sin(math.sqrt(variable.attack_time) * 360) * 0",
              0,
              0
            ],
            "0.125": [
              "math.sin(math.sqrt(variable.attack_time) * 360) * -50",
              0,
              "math.sin(math.sqrt(variable.attack_time) * 360) * 30"
            ],
            "0.2917": [
              "math.sin(math.sqrt(variable.attack_time) * 360) * 30",
              0,
              "math.sin(math.sqrt(variable.attack_time) * 360) * 30"
            ],
            "0.4167": [
              "math.sin(math.sqrt(variable.attack_time) * 360) * 30",
              0,
              "math.sin(math.sqrt(variable.attack_time) * 360) * -30"
            ],
            "0.625": [
              "math.sin(math.sqrt(variable.attack_time) * 360) * 0",
              0,
              0
            ]
          }
        },
        "bone4": {
          "rotation": {
            "0.0": [
              "math.sin(math.sqrt(variable.attack_time) * 360) * 0",
              0,
              0
            ],
            "0.2083": [
              "math.sin(math.sqrt(variable.attack_time) * 360) * 20",
              0,
              0
            ],
            "0.2917": [
              "math.sin(math.sqrt(variable.attack_time) * 360) * 40",
              0,
              0
            ],
            "0.4583": [
              "math.sin(math.sqrt(variable.attack_time) * 360) * 50",
              0,
              0
            ],
            "0.625": [
              "math.sin(math.sqrt(variable.attack_time) * 360) * 0",
              0,
              0
            ]
          }
        }
      }
    }
  }
}