{
  "format_version": "1.8.0",
  "animations": {
    "animation.hoglin.baby_scaling": {
      "loop": true,
      "bones": {
        "head": {
          "position": [
            0.0,
            10.0,
            4.0
          ],
          "scale": 1.4
        }
      }
    },
    "animation.hoglin.look_at_target": {
      "loop": true,
      "bones": {
        "head": {
          "relative_to": {
            "rotation": "entity"
          },
          "rotation": [
            0,
            "query.target_y_rotation-this",
            0
          ]
        }
      }
    },
    "animation.hoglin.walk": {
      "loop": true,
      "bones": {
        "left_ear": {
          "rotation": [
            0.0,
            0.0,
            "variable.tcos_left_side*0.5"
          ]
        },
        "right_ear": {
          "rotation": [
            0.0,
            0.0,
            "variable.tcos_right_side*0.5"
          ]
        },
        "leg_back_right": {
          "rotation": [
            "variable.tcos_right_side",
            0.0,
            0.0
          ]
        },
        "leg_back_left": {
          "rotation": [
            "variable.tcos_left_side",
            0.0,
            0.0
          ]
        },
        "leg_front_right": {
          "rotation": [
            "-variable.tcos_right_side",
            0.0,
            0.0
          ]
        },
        "leg_front_left": {
          "rotation": [
            "-variable.tcos_left_side",
            0.0,
            0.0
          ]
        }
      }
    },
    "animation.hoglin.attack": {
      "loop": true,
      "bones": {
        "head": {
          "rotation": [
            "variable.attack_head_rot",
            0,
            0
          ]
        }
      }
    },
    "animation.Radioactivity_Skull_Toilet.idle": {
      "loop": true,
      "animation_length": 0.29167,
      "bones": {
        "bone": {
          "rotation": {
            "0.0": {
              "post": [
                17.5,
                0,
                0
              ],
              "lerp_mode": "catmullrom"
            },
            "0.125": {
              "post": [
                10,
                0,
                0
              ],
              "lerp_mode": "catmullrom"
            },
            "0.3333": {
              "post": [
                17.5,
                0,
                0
              ],
              "lerp_mode": "catmullrom"
            }
          }
        },
        "bone2": {
          "rotation": {
            "0.0": {
              "post": [
                0,
                0,
                2.5
              ],
              "lerp_mode": "catmullrom"
            },
            "0.0417": {
              "post": [
                5.44639,
                3.67253,
                1.99628
              ],
              "lerp_mode": "catmullrom"
            },
            "0.0833": {
              "post": [
                -0.08453,
                7.38542,
                1.19038
              ],
              "lerp_mode": "catmullrom"
            },
            "0.125": {
              "post": [
                -7.9003,
                7.73765,
                -1.23139
              ],
              "lerp_mode": "catmullrom"
            },
            "0.1667": {
              "post": [
                -0.68307,
                6.48365,
                -3.76395
              ],
              "lerp_mode": "catmullrom"
            },
            "0.2083": {
              "post": [
                -0.50359,
                1.01925,
                -5.95988
              ],
              "lerp_mode": "catmullrom"
            },
            "0.25": {
              "post": [
                -0.00933,
                -2.462,
                2.93439
              ],
              "lerp_mode": "catmullrom"
            },
            "0.2917": {
              "post": [
                -0.11636,
                -1.96884,
                7.97424
              ],
              "lerp_mode": "catmullrom"
            },
            "0.3333": {
              "post": [
                0,
                0,
                2.5
              ],
              "lerp_mode": "catmullrom"
            }
          }
        },
        "bone3": {
          "rotation": {
            "0.0": {
              "post": [
                0,
                0,
                -2.5
              ],
              "lerp_mode": "catmullrom"
            },
            "0.0417": {
              "post": [
                0,
                0,
                -1.11
              ],
              "lerp_mode": "catmullrom"
            },
            "0.0833": {
              "post": [
                -2.5,
                0,
                0.65875
              ],
              "lerp_mode": "catmullrom"
            },
            "0.125": {
              "post": [
                0,
                0,
                2.5
              ],
              "lerp_mode": "catmullrom"
            },
            "0.1667": {
              "post": [
                0,
                0,
                4.47
              ],
              "lerp_mode": "catmullrom"
            },
            "0.2083": {
              "post": [
                0.00706,
                -2.4786,
                2.86585
              ],
              "lerp_mode": "catmullrom"
            },
            "0.25": {
              "post": [
                0.01178,
                3.02964,
                1.80979
              ],
              "lerp_mode": "catmullrom"
            },
            "0.2917": {
              "post": [
                0,
                0,
                -2.5
              ],
              "lerp_mode": "catmullrom"
            }
          }
        }
      }
    },
    "animation.Radioactivity_Skull_Toilet.attack": {
      "loop": true,
      "animation_length": 1,
      "bones": {
        "bone": {
          "rotation": {
            "0.0": {
              "post": [
                0,
                0,
                0
              ],
              "lerp_mode": "catmullrom"
            },
            "0.2083": {
              "post": [
                50,
                0,
                5
              ],
              "lerp_mode": "catmullrom"
            },
            "0.4167": {
              "post": [
                85,
                0,
                -7.5
              ],
              "lerp_mode": "catmullrom"
            },
            "0.625": {
              "post": [
                95,
                0,
                5
              ],
              "lerp_mode": "catmullrom"
            },
            "0.7083": {
              "post": [
                0,
                0,
                0
              ],
              "lerp_mode": "catmullrom"
            },
            "1.0": {
              "post": [
                0,
                0,
                0
              ],
              "lerp_mode": "catmullrom"
            }
          }
        },
        "bone2": {
          "rotation": {
            "0.0": {
              "post": [
                0,
                0,
                0
              ],
              "lerp_mode": "catmullrom"
            },
            "0.2083": {
              "post": [
                -30,
                0,
                0
              ],
              "lerp_mode": "catmullrom"
            },
            "0.625": {
              "post": [
                -30,
                0,
                0
              ],
              "lerp_mode": "catmullrom"
            },
            "1.0": {
              "post": [
                0,
                0,
                0
              ],
              "lerp_mode": "catmullrom"
            }
          },
          "position": {
            "0.0": {
              "post": [
                0,
                0,
                0
              ],
              "lerp_mode": "catmullrom"
            },
            "0.2083": {
              "post": [
                0,
                0,
                -3
              ],
              "lerp_mode": "catmullrom"
            },
            "0.625": {
              "post": [
                0,
                0,
                -3
              ],
              "lerp_mode": "catmullrom"
            },
            "1.0": {
              "post": [
                0,
                0,
                0
              ],
              "lerp_mode": "catmullrom"
            }
          }
        },
        "bone3": {
          "rotation": {
            "0.0": {
              "post": [
                0,
                0,
                0
              ],
              "lerp_mode": "catmullrom"
            },
            "0.2083": {
              "post": [
                -10,
                0,
                0
              ],
              "lerp_mode": "catmullrom"
            },
            "0.625": {
              "post": [
                27.5,
                0,
                0
              ],
              "lerp_mode": "catmullrom"
            },
            "1.0": {
              "post": [
                0,
                0,
                0
              ],
              "lerp_mode": "catmullrom"
            }
          }
        },
        "bone5": {
          "position": {
            "0.0": {
              "post": [
                0,
                0,
                0
              ],
              "lerp_mode": "catmullrom"
            },
            "0.125": {
              "post": [
                0,
                2,
                0
              ],
              "lerp_mode": "catmullrom"
            },
            "0.2083": {
              "post": [
                0,
                0,
                0
              ],
              "lerp_mode": "catmullrom"
            },
            "0.2917": {
              "post": [
                0,
                2,
                0
              ],
              "lerp_mode": "catmullrom"
            },
            "0.375": {
              "post": [
                0,
                0,
                0
              ],
              "lerp_mode": "catmullrom"
            },
            "1.0": {
              "post": [
                0,
                0,
                0
              ],
              "lerp_mode": "catmullrom"
            }
          }
        },
        "bone6": {
          "position": {
            "0.0": {
              "post": [
                0,
                0,
                0
              ],
              "lerp_mode": "catmullrom"
            },
            "0.125": {
              "post": [
                0,
                2,
                0
              ],
              "lerp_mode": "catmullrom"
            },
            "0.2083": {
              "post": [
                0,
                0,
                0
              ],
              "lerp_mode": "catmullrom"
            },
            "0.2917": {
              "post": [
                0,
                2,
                0
              ],
              "lerp_mode": "catmullrom"
            },
            "0.375": {
              "post": [
                0,
                0,
                0
              ],
              "lerp_mode": "catmullrom"
            },
            "1.0": {
              "post": [
                0,
                0,
                0
              ],
              "lerp_mode": "catmullrom"
            }
          }
        }
      }
    }
  }
}