{
  "format_version": "1.8.0",
  "animations": {
    "animation.skibidi_toilet_green_hunter_tv_man.green_screen": {
      "loop": true,
      "bones": {
        "bone": {
          "position": [
            0,
            0,
            -4
          ]
        }
      }
    },
    "animation.skibidi_toilet_green_hunter_tv_man.walk": {
      "loop": true,
      "animation_length": 1.5,
      "anim_time_update": "query.modified_distance_moved/13",
      "blend_weight": "query.modified_move_speed",
      "bones": {
        "Body": {
          "rotation": {
            "0.0": {
              "post": [
                7.5,
                0,
                0
              ],
              "lerp_mode": "catmullrom"
            },
            "0.4167": {
              "post": [
                12.5,
                0,
                0
              ],
              "lerp_mode": "catmullrom"
            },
            "0.75": {
              "post": [
                7.5,
                0,
                0
              ],
              "lerp_mode": "catmullrom"
            },
            "1.0": {
              "post": [
                12.5,
                0,
                0
              ],
              "lerp_mode": "catmullrom"
            },
            "1.5": {
              "post": [
                7.5,
                0,
                0
              ],
              "lerp_mode": "catmullrom"
            }
          }
        },
        "Leftarm": {
          "rotation": {
            "0.0": {
              "post": [
                -20,
                0,
                0
              ],
              "lerp_mode": "catmullrom"
            },
            "0.75": {
              "post": [
                20,
                0,
                0
              ],
              "lerp_mode": "catmullrom"
            },
            "1.5": {
              "post": [
                -20,
                0,
                0
              ],
              "lerp_mode": "catmullrom"
            }
          }
        },
        "bone4": {
          "rotation": {
            "0.0": {
              "post": [
                -20,
                0,
                0
              ],
              "lerp_mode": "catmullrom"
            },
            "0.4167": {
              "post": [
                -28.84,
                0,
                0
              ],
              "lerp_mode": "catmullrom"
            },
            "0.75": {
              "post": [
                -2.5,
                0,
                0
              ],
              "lerp_mode": "catmullrom"
            },
            "1.5": {
              "post": [
                -20,
                0,
                0
              ],
              "lerp_mode": "catmullrom"
            }
          }
        },
        "Rightarm": {
          "rotation": {
            "0.0": {
              "post": [
                20,
                0,
                0
              ],
              "lerp_mode": "catmullrom"
            },
            "0.75": {
              "post": [
                -20,
                0,
                0
              ],
              "lerp_mode": "catmullrom"
            },
            "1.5": {
              "post": [
                20,
                0,
                0
              ],
              "lerp_mode": "catmullrom"
            }
          }
        },
        "bone2": {
          "rotation": {
            "0.0": {
              "post": [
                -2.5,
                0,
                0
              ],
              "lerp_mode": "catmullrom"
            },
            "0.75": {
              "post": [
                -20,
                0,
                0
              ],
              "lerp_mode": "catmullrom"
            },
            "1.1667": {
              "post": [
                -28.84,
                0,
                0
              ],
              "lerp_mode": "catmullrom"
            },
            "1.5": {
              "post": [
                -2.5,
                0,
                0
              ],
              "lerp_mode": "catmullrom"
            }
          }
        },
        "Head": {
          "rotation": {
            "0.0": {
              "post": [
                -10,
                0,
                0
              ],
              "lerp_mode": "catmullrom"
            },
            "0.375": {
              "post": [
                -17.5,
                5,
                0
              ],
              "lerp_mode": "catmullrom"
            },
            "0.75": {
              "post": [
                -10,
                0,
                0
              ],
              "lerp_mode": "catmullrom"
            },
            "1.0833": {
              "post": [
                -17.5,
                -5,
                0
              ],
              "lerp_mode": "catmullrom"
            },
            "1.5": {
              "post": [
                -10,
                0,
                0
              ],
              "lerp_mode": "catmullrom"
            }
          }
        },
        "Rightleg": {
          "rotation": {
            "0.0": {
              "post": [
                -17.5,
                0,
                0
              ],
              "lerp_mode": "catmullrom"
            },
            "0.75": {
              "post": [
                17.5,
                0,
                0
              ],
              "lerp_mode": "catmullrom"
            },
            "1.125": {
              "post": [
                -21.39,
                0,
                0
              ],
              "lerp_mode": "catmullrom"
            },
            "1.5": {
              "post": [
                -17.5,
                0,
                0
              ],
              "lerp_mode": "catmullrom"
            }
          }
        },
        "bone8": {
          "rotation": {
            "0.0": {
              "post": [
                20,
                0,
                0
              ],
              "lerp_mode": "catmullrom"
            },
            "0.2917": {
              "post": [
                5.24,
                0,
                0
              ],
              "lerp_mode": "catmullrom"
            },
            "0.75": {
              "post": [
                7.5,
                0,
                0
              ],
              "lerp_mode": "catmullrom"
            },
            "1.0833": {
              "post": [
                47.36,
                0,
                0
              ],
              "lerp_mode": "catmullrom"
            },
            "1.5": {
              "post": [
                20,
                0,
                0
              ],
              "lerp_mode": "catmullrom"
            }
          }
        },
        "Leftleg": {
          "rotation": {
            "0.0": {
              "post": [
                17.5,
                0,
                0
              ],
              "lerp_mode": "catmullrom"
            },
            "0.375": {
              "post": [
                -21.39,
                0,
                0
              ],
              "lerp_mode": "catmullrom"
            },
            "0.75": {
              "post": [
                -17.5,
                0,
                0
              ],
              "lerp_mode": "catmullrom"
            },
            "1.5": {
              "post": [
                17.5,
                0,
                0
              ],
              "lerp_mode": "catmullrom"
            }
          }
        },
        "bone7": {
          "rotation": {
            "0.0": {
              "post": [
                7.5,
                0,
                0
              ],
              "lerp_mode": "catmullrom"
            },
            "0.2917": {
              "post": [
                47.36,
                0,
                0
              ],
              "lerp_mode": "catmullrom"
            },
            "0.75": {
              "post": [
                20,
                0,
                0
              ],
              "lerp_mode": "catmullrom"
            },
            "1.0833": {
              "post": [
                5.24,
                0,
                0
              ],
              "lerp_mode": "catmullrom"
            },
            "1.5": {
              "post": [
                7.5,
                0,
                0
              ],
              "lerp_mode": "catmullrom"
            }
          }
        }
      }
    },
    "animation.skibidi_toilet_green_hunter_tv_man.base_arm": {
      "loop": true,
      "bones": {
        "Leftarm": {
          "rotation": [
            5,
            0,
            -5
          ]
        },
        "bone4": {
          "rotation": [
            -7.5,
            0,
            0
          ]
        },
        "Rightarm": {
          "rotation": [
            5,
            0,
            5
          ]
        },
        "bone2": {
          "rotation": [
            -7.5,
            0,
            0
          ]
        }
      }
    },
    "animation.skibidi_toilet_green_hunter_tv_man.base": {
      "loop": true,
      "bones": {
        "Leftarm": {
          "rotation": [
            5,
            0,
            -5
          ]
        },
        "bone4": {
          "rotation": [
            -7.5,
            0,
            0
          ]
        },
        "Rightarm": {
          "rotation": [
            5,
            0,
            5
          ]
        },
        "bone2": {
          "rotation": [
            -7.5,
            0,
            0
          ]
        }
      }
    },
    "animation.skibidi_toilet_green_hunter_tv_man.attack": {
      "loop": true,
      "animation_length": 0.83333,
      "bones": {
        "Body": {
          "rotation": {
            "0.0": [
              "math.sin(math.sqrt(variable.attack_time) * 360) * 0",
              "math.sin(math.sqrt(variable.attack_time) * 360) * 0",
              0
            ],
            "0.25": [
              "math.sin(math.sqrt(variable.attack_time) * 360) * 0",
              "math.sin(math.sqrt(variable.attack_time) * 360) * 30",
              0
            ],
            "0.4167": [
              "math.sin(math.sqrt(variable.attack_time) * 360) * 0",
              "math.sin(math.sqrt(variable.attack_time) * 360) * -30",
              0
            ],
            "0.7083": [
              "math.sin(math.sqrt(variable.attack_time) * 360) * 0",
              "math.sin(math.sqrt(variable.attack_time) * 360) * -10",
              0
            ],
            "0.8333": [
              "math.sin(math.sqrt(variable.attack_time) * 360) * 0",
              "math.sin(math.sqrt(variable.attack_time) * 360) * 0",
              0
            ]
          }
        },
        "Leftarm": {
          "rotation": {
            "0.0": [
              "math.sin(math.sqrt(variable.attack_time) * 360) * 0",
              0,
              0
            ],
            "0.25": [
              "math.sin(math.sqrt(variable.attack_time) * 360) * -40",
              0,
              "math.sin(math.sqrt(variable.attack_time) * 360) * 20"
            ],
            "0.375": [
              "math.sin(math.sqrt(variable.attack_time) * 360) * 40",
              0,
              "math.sin(math.sqrt(variable.attack_time) * 360) * 40"
            ],
            "0.6667": [
              "math.sin(math.sqrt(variable.attack_time) * 360) * 40",
              0,
              "math.sin(math.sqrt(variable.attack_time) * 360) * -40"
            ],
            "0.8333": [
              "math.sin(math.sqrt(variable.attack_time) * 360) * 0",
              0,
              0
            ]
          }
        },
        "bone4": {
          "rotation": {
            "0.0": [
              "math.sin(math.sqrt(variable.attack_time) * 360) * 0",
              0,
              0
            ],
            "0.25": [
              "math.sin(math.sqrt(variable.attack_time) * 360) * 40",
              0,
              0
            ],
            "0.375": [
              "math.sin(math.sqrt(variable.attack_time) * 360) * 40",
              0,
              "math.sin(math.sqrt(variable.attack_time) * 360) * -40"
            ],
            "0.6667": [
              "math.sin(math.sqrt(variable.attack_time) * 360) * 40",
              0,
              "math.sin(math.sqrt(variable.attack_time) * 360) * -40"
            ],
            "0.8333": [
              "math.sin(math.sqrt(variable.attack_time) * 360) * 0",
              0,
              0
            ]
          }
        },
        "bone3": {
          "position": {
            "0.0": [
              0,
              "math.sin(math.sqrt(variable.attack_time) * 360) * 0",
              0
            ],
            "0.1667": [
              0,
              "math.sin(math.sqrt(variable.attack_time) * 360) * 0",
              0
            ],
            "0.375": [
              0,
              "math.sin(math.sqrt(variable.attack_time) * 360) * 5",
              0
            ],
            "0.4167": [
              0,
              "math.sin(math.sqrt(variable.attack_time) * 360) * 9",
              0
            ],
            "0.7917": [
              0,
              "math.sin(math.sqrt(variable.attack_time) * 360) * 9",
              0
            ],
            "0.8333": [
              0,
              "math.sin(math.sqrt(variable.attack_time) * 360) * 0",
              0
            ]
          }
        }
      }
    },
    "animation.skibidi_toilet_green_hunter_tv_man.idle": {
      "loop": true,
      "animation_length": 2,
      "bones": {
        "Body": {
          "rotation": {
            "0.0": [
              2.5,
              0,
              0
            ],
            "1.0": [
              0,
              0,
              0
            ],
            "2.0": [
              2.5,
              0,
              0
            ]
          }
        },
        "Leftarm": {
          "rotation": {
            "0.0": {
              "post": [
                0,
                0,
                -2.5
              ],
              "lerp_mode": "catmullrom"
            },
            "1.0": {
              "post": [
                0,
                0,
                0
              ],
              "lerp_mode": "catmullrom"
            },
            "2.0": {
              "post": [
                0,
                0,
                -2.5
              ],
              "lerp_mode": "catmullrom"
            }
          }
        },
        "Rightarm": {
          "rotation": {
            "0.0": {
              "post": [
                0,
                0,
                2.5
              ],
              "lerp_mode": "catmullrom"
            },
            "1.0": {
              "post": [
                0,
                0,
                0
              ],
              "lerp_mode": "catmullrom"
            },
            "2.0": {
              "post": [
                0,
                0,
                2.5
              ],
              "lerp_mode": "catmullrom"
            }
          }
        }
      }
    }
  }
}