{
  "format_version": "1.8.0",
  "animations": {
    "animation.skibidi_toilet_speaker_copter.biting": {
      "loop": true,
      "bones": {
        "mouth": {
          "rotation": [
            "math.sin(math.min(query.anim_time/(variable.bite_anim_duration/2.0f),1.0f)*180.0f)*40.0f",
            0.0,
            0.0
          ]
        },
        "neck": {
          "position": [
            0.0,
            0.0,
            "-math.sin(math.min(query.anim_time/variable.bite_anim_duration,1.0f)*180.0f)*variable.bite_neck_length"
          ]
        }
      }
    },
    "animation.skibidi_toilet_speaker_copter.idle_mouth": {
      "loop": true,
      "bones": {
        "mouth": {
          "rotation": [
            1.8,
            0.0,
            0.0
          ]
        },
        "neck": {
          "position": [
            0.0,
            0.0,
            0.0
          ]
        }
      }
    },
    "animation.ravager.roaring": {
      "loop": true,
      "bones": {
        "mouth": {
          "rotation": [
            "math.sin(math.min(query.anim_time/variable.roar_length,1.0)*180)*40.0",
            0.0,
            0.0
          ]
        }
      }
    },
    "animation.skibidi_toilet_speaker_copter.stunned": {
      "loop": true,
      "bones": {
        "neck": {
          "position": [
            "math.sin(query.life_time*180.0)*2.8",
            -5.0,
            0.0
          ],
          "rotation": [
            15.0,
            0.0,
            0.0
          ]
        }
      }
    },
    "animation.skibidi_toilet_speaker_copter.walk": {
      "anim_time_update": "query.modified_distance_moved",
      "loop": true,
      "bones": {
        "leg0": {
          "rotation": [
            "math.cos(query.anim_time*38.17)*22.92",
            0.0,
            0.0
          ]
        },
        "leg1": {
          "rotation": [
            "math.cos(query.anim_time*38.17)*-22.92",
            0.0,
            0.0
          ]
        },
        "leg2": {
          "rotation": [
            "math.cos(query.anim_time*38.17)*-22.92",
            0.0,
            0.0
          ]
        },
        "leg3": {
          "rotation": [
            "math.cos(query.anim_time*38.17)*22.92",
            0.0,
            0.0
          ]
        }
      }
    },
    "animation.Speaker_Copter.move": {
      "loop": true,
      "animation_length": 0.75,
      "bones": {
        "bone": {
          "rotation": {
            "0.0": {
              "post": [
                0,
                0,
                0
              ],
              "lerp_mode": "catmullrom"
            },
            "0.75": {
              "post": [
                0,
                -1080,
                0
              ],
              "lerp_mode": "catmullrom"
            }
          }
        },
        "bone2": {
          "rotation": {
            "0.0": {
              "post": [
                2.5,
                0,
                0
              ],
              "lerp_mode": "catmullrom"
            },
            "0.25": {
              "post": [
                -2.5,
                0,
                0
              ],
              "lerp_mode": "catmullrom"
            },
            "0.5833": {
              "post": [
                5.62,
                0,
                0
              ],
              "lerp_mode": "catmullrom"
            },
            "0.75": {
              "post": [
                2.5,
                0,
                0
              ],
              "lerp_mode": "catmullrom"
            }
          },
          "position": {
            "0.0": {
              "post": [
                0,
                -1,
                0
              ],
              "lerp_mode": "catmullrom"
            },
            "0.5": {
              "post": [
                0,
                -3.67,
                0
              ],
              "lerp_mode": "catmullrom"
            },
            "0.75": {
              "post": [
                0,
                -1,
                0
              ],
              "lerp_mode": "catmullrom"
            }
          }
        }
      }
    },
    "animation.Speaker_Copter.roar": {
      "loop": true,
      "animation_length": 0.20833,
      "bones": {
        "bone3": {
          "position": {
            "0.0": {
              "post": [
                0,
                0,
                0
              ],
              "lerp_mode": "catmullrom"
            },
            "0.0833": {
              "post": [
                0,
                0,
                -0.5
              ],
              "lerp_mode": "catmullrom"
            },
            "0.125": {
              "post": [
                0,
                0,
                0
              ],
              "lerp_mode": "catmullrom"
            },
            "0.1667": {
              "post": [
                0,
                0,
                -0.5
              ],
              "lerp_mode": "catmullrom"
            },
            "0.2083": {
              "post": [
                0,
                0,
                0
              ],
              "lerp_mode": "catmullrom"
            }
          },
          "scale": {
            "0.0": {
              "post": [
                1,
                1,
                1
              ],
              "lerp_mode": "catmullrom"
            },
            "0.0833": {
              "post": [
                1,
                1,
                1.1
              ],
              "lerp_mode": "catmullrom"
            },
            "0.125": {
              "post": [
                1,
                1,
                1
              ],
              "lerp_mode": "catmullrom"
            },
            "0.1667": {
              "post": [
                1,
                1,
                1.1
              ],
              "lerp_mode": "catmullrom"
            },
            "0.2083": {
              "post": [
                1,
                1,
                1
              ],
              "lerp_mode": "catmullrom"
            }
          }
        }
      }
    }
  }
}