{
  "format_version": "1.8.0",
  "animations": {
    "animation.skibidi_toilet_camera_turret_spawner.baby_transform": {
      "loop": true,
      "bones": {
        "head": {
          "position": [
            0.0,
            4.0,
            4.0
          ],
          "scale": 2.0
        }
      }
    },
    "animation.pig.setup": {
      "loop": true,
      "bones": {
        "body": {
          "rotation": [
            "-this",
            0.0,
            0.0
          ]
        }
      }
    },
    "animation.pig.setup.v1.0": {
      "loop": true,
      "bones": {
        "body": {
          "rotation": [
            "90.0 - this",
            0.0,
            0.0
          ]
        }
      }
    },
    "animation.Camera_Turret_Spawner.idle": {
      "loop": true,
      "animation_length": 1.04167,
      "bones": {
        "bone": {
          "rotation": {
            "0.0": [
              0,
              0,
              0
            ],
            "1.0417": [
              0,
              0,
              0
            ]
          }
        },
        "bone3": {
          "rotation": {
            "0.0": [
              0,
              0,
              0
            ],
            "1.0417": [
              0,
              360,
              0
            ]
          },
          "scale": {
            "0.0": {
              "post": [
                1,
                0.8,
                1
              ],
              "lerp_mode": "catmullrom"
            },
            "0.2917": {
              "post": [
                1,
                1,
                0.8
              ],
              "lerp_mode": "catmullrom"
            },
            "0.625": {
              "post": [
                1,
                0.8,
                1
              ],
              "lerp_mode": "catmullrom"
            },
            "0.8333": {
              "post": [
                1,
                1,
                0.8
              ],
              "lerp_mode": "catmullrom"
            },
            "1.0417": {
              "post": [
                1,
                0.8,
                1
              ],
              "lerp_mode": "catmullrom"
            }
          }
        }
      }
    }
  }
}