{
  "format_version": "1.8.0",
  "animations": {
    "animation.wither_skeleton.attack": {
      "loop": true,
      "bones": {
        "leftarm": {
          "rotation": [
            "-90 - ((math.sin(variable.attack_time * 180.0) * 57.3) * 1.2 - (math.sin((1.0 - (1.0 - variable.attack_time) * (1.0 - variable.attack_time)) * 180.0) * 57.3) * 0.4) - (math.sin(query.life_time * 76.776372) * 2.865) - this",
            "5.73 - ((math.sin(variable.attack_time * 180.0) * 57.3) * 0.6) - this",
            "math.cos(query.life_time * 103.13244) * -2.865 - 2.865 - this"
          ]
        },
        "rightarm": {
          "rotation": [
            "-90 - ((math.sin(variable.attack_time * 180.0) * 57.3) * 1.2 - (math.sin((1.0 - (1.0 - variable.attack_time) * (1.0 - variable.attack_time)) * 180.0) * 57.3) * 0.4) + (math.sin(query.life_time * 76.776372) * 2.865) - this",
            "(math.sin(variable.attack_time * 180.0) * 57.3) * 0.6 - 5.73 - this",
            "math.cos(query.life_time * 103.13244) * 2.865 + 2.865 - this"
          ]
        }
      }
    },
    "animation.Camera_Flying_Turret.move": {
      "loop": true,
      "animation_length": 1.25,
      "bones": {
        "bone": {
          "rotation": {
            "0.0": {
              "post": [
                -5,
                0,
                0
              ],
              "lerp_mode": "catmullrom"
            },
            "0.4167": {
              "post": [
                -2.5,
                0,
                0
              ],
              "lerp_mode": "catmullrom"
            },
            "0.8333": {
              "post": [
                4.5,
                0,
                0
              ],
              "lerp_mode": "catmullrom"
            },
            "1.25": {
              "post": [
                -5,
                0,
                0
              ],
              "lerp_mode": "catmullrom"
            }
          },
          "position": {
            "0.0": {
              "post": [
                0,
                -2,
                0
              ],
              "lerp_mode": "catmullrom"
            },
            "0.625": {
              "post": [
                0,
                0,
                0
              ],
              "lerp_mode": "catmullrom"
            },
            "1.25": {
              "post": [
                0,
                -2,
                0
              ],
              "lerp_mode": "catmullrom"
            }
          }
        },
        "bone2": {
          "rotation": {
            "0.0": {
              "post": [
                0,
                0,
                0
              ],
              "lerp_mode": "catmullrom"
            },
            "0.25": {
              "post": [
                0,
                0,
                0
              ],
              "lerp_mode": "catmullrom"
            },
            "0.4583": {
              "post": [
                0,
                -32.5,
                0
              ],
              "lerp_mode": "catmullrom"
            },
            "0.6667": {
              "post": [
                0,
                -32.5,
                0
              ],
              "lerp_mode": "catmullrom"
            },
            "1.125": {
              "post": [
                0,
                21.93,
                0
              ],
              "lerp_mode": "catmullrom"
            },
            "1.25": {
              "post": [
                0,
                0,
                0
              ],
              "lerp_mode": "catmullrom"
            }
          }
        },
        "bone4": {
          "rotation": {
            "0.0": {
              "post": [
                0,
                0,
                0
              ],
              "lerp_mode": "catmullrom"
            },
            "1.25": {
              "post": [
                0,
                360,
                0
              ],
              "lerp_mode": "catmullrom"
            }
          },
          "position": {
            "0.0": {
              "post": [
                0,
                1,
                0
              ],
              "lerp_mode": "catmullrom"
            },
            "0.375": {
              "post": [
                0,
                0,
                0
              ],
              "lerp_mode": "catmullrom"
            },
            "0.6667": {
              "post": [
                0,
                1,
                0
              ],
              "lerp_mode": "catmullrom"
            },
            "0.9583": {
              "post": [
                0,
                0,
                0
              ],
              "lerp_mode": "catmullrom"
            },
            "1.25": {
              "post": [
                0,
                1,
                0
              ],
              "lerp_mode": "catmullrom"
            }
          },
          "scale": {
            "0.0": {
              "post": [
                1,
                1.3,
                1
              ],
              "lerp_mode": "catmullrom"
            },
            "0.4167": {
              "post": [
                1,
                0.9,
                1
              ],
              "lerp_mode": "catmullrom"
            },
            "0.6667": {
              "post": [
                1,
                1.3,
                1
              ],
              "lerp_mode": "catmullrom"
            },
            "0.9583": {
              "post": [
                1,
                0.9,
                1
              ],
              "lerp_mode": "catmullrom"
            },
            "1.25": {
              "post": [
                1,
                1.3,
                1
              ],
              "lerp_mode": "catmullrom"
            }
          }
        }
      }
    },
    "animation.Camera_Flying_Turret.shoot": {
      "loop": true,
      "animation_length": 0.375,
      "bones": {
        "bone3": {
          "position": {
            "0.0": [
              0,
              0,
              1
            ],
            "0.0417": [
              0,
              0,
              0
            ],
            "0.0833": [
              0,
              0,
              1
            ],
            "0.125": [
              0,
              0,
              0
            ],
            "0.1667": [
              0,
              0,
              1
            ],
            "0.2083": [
              0,
              0,
              0
            ],
            "0.25": [
              0,
              0,
              1
            ],
            "0.2917": [
              0,
              0,
              0
            ],
            "0.3333": [
              0,
              0,
              1
            ],
            "0.375": [
              0,
              0,
              1
            ]
          }
        }
      }
    },
    "animation.Camera_Flying_Turret.look": {
      "loop": true,
      "bones": {
        "bone": {
          "rotation": [
            "query.target_x_rotation*0.7",
            "query.target_y_rotation*0.5",
            "query.target_y_rotation*0.5"
          ]
        }
      }
    }
  }
}