{
  "format_version": "1.8.0",
  "animations": {
    "animation.wither_skeleton.attack": {
      "loop": true,
      "bones": {
        "leftarm": {
          "rotation": [
            "-90 - ((math.sin(variable.attack_time * 180.0) * 57.3) * 1.2 - (math.sin((1.0 - (1.0 - variable.attack_time) * (1.0 - variable.attack_time)) * 180.0) * 57.3) * 0.4) - (math.sin(query.life_time * 76.776372) * 2.865) - this",
            "5.73 - ((math.sin(variable.attack_time * 180.0) * 57.3) * 0.6) - this",
            "math.cos(query.life_time * 103.13244) * -2.865 - 2.865 - this"
          ]
        },
        "rightarm": {
          "rotation": [
            "-90 - ((math.sin(variable.attack_time * 180.0) * 57.3) * 1.2 - (math.sin((1.0 - (1.0 - variable.attack_time) * (1.0 - variable.attack_time)) * 180.0) * 57.3) * 0.4) + (math.sin(query.life_time * 76.776372) * 2.865) - this",
            "(math.sin(variable.attack_time * 180.0) * 57.3) * 0.6 - 5.73 - this",
            "math.cos(query.life_time * 103.13244) * 2.865 + 2.865 - this"
          ]
        }
      }
    },
    "animation.golden_speaker_Titan.walk": {
      "loop": true,
      "animation_length": 1.33333,
      "anim_time_update": "query.modified_distance_moved/15",
      "blend_weight": "query.modified_move_speed",
      "bones": {
        "Rightarm": {
          "rotation": {
            "0.0": {
              "post": [
                -25,
                0,
                0
              ],
              "lerp_mode": "catmullrom"
            },
            "0.6667": {
              "post": [
                25,
                0,
                0
              ],
              "lerp_mode": "catmullrom"
            },
            "1.3333": {
              "post": [
                -25,
                0,
                0
              ],
              "lerp_mode": "catmullrom"
            }
          }
        },
        "bone2": {
          "rotation": {
            "0.0": {
              "post": [
                -22.52687,
                1.91486,
                -1.60757
              ],
              "lerp_mode": "catmullrom"
            },
            "0.3333": {
              "post": [
                -32.51343,
                0.95743,
                -0.80378
              ],
              "lerp_mode": "catmullrom"
            },
            "0.6667": {
              "post": [
                2.5,
                0,
                0
              ],
              "lerp_mode": "catmullrom"
            },
            "1.0833": {
              "post": [
                6.56,
                0,
                0
              ],
              "lerp_mode": "catmullrom"
            },
            "1.3333": {
              "post": [
                -22.5,
                0,
                0
              ],
              "lerp_mode": "catmullrom"
            }
          }
        },
        "Leftarm": {
          "rotation": {
            "0.0": {
              "post": [
                25,
                0,
                0
              ],
              "lerp_mode": "catmullrom"
            },
            "0.6667": {
              "post": [
                -25,
                0,
                0
              ],
              "lerp_mode": "catmullrom"
            },
            "1.3333": {
              "post": [
                25,
                0,
                0
              ],
              "lerp_mode": "catmullrom"
            }
          }
        },
        "bone": {
          "rotation": {
            "0.0": {
              "post": [
                2.5,
                0,
                0
              ],
              "lerp_mode": "catmullrom"
            },
            "0.2917": {
              "post": [
                6.56,
                0,
                0
              ],
              "lerp_mode": "catmullrom"
            },
            "0.6667": {
              "post": [
                -22.5,
                0,
                0
              ],
              "lerp_mode": "catmullrom"
            },
            "1.0417": {
              "post": [
                -32.51343,
                0.95743,
                -0.80378
              ],
              "lerp_mode": "catmullrom"
            },
            "1.3333": {
              "post": [
                2.5,
                0,
                0
              ],
              "lerp_mode": "catmullrom"
            }
          }
        },
        "Body": {
          "rotation": {
            "0.0": {
              "post": [
                15,
                0,
                0
              ],
              "lerp_mode": "catmullrom"
            },
            "0.2083": {
              "post": [
                20.6469,
                -14.0761,
                -5.23619
              ],
              "lerp_mode": "catmullrom"
            },
            "0.4583": {
              "post": [
                6.94,
                0,
                0
              ],
              "lerp_mode": "catmullrom"
            },
            "0.7083": {
              "post": [
                15.34721,
                12.06754,
                3.28396
              ],
              "lerp_mode": "catmullrom"
            },
            "0.9583": {
              "post": [
                20,
                0,
                0
              ],
              "lerp_mode": "catmullrom"
            },
            "1.1667": {
              "post": [
                6.99929,
                -7.44474,
                -0.91136
              ],
              "lerp_mode": "catmullrom"
            },
            "1.3333": {
              "post": [
                15,
                0,
                0
              ],
              "lerp_mode": "catmullrom"
            }
          }
        },
        "Rightleg": {
          "rotation": {
            "0.0": {
              "post": [
                37.5,
                0,
                0
              ],
              "lerp_mode": "catmullrom"
            },
            "0.25": {
              "post": [
                -25.78,
                0,
                0
              ],
              "lerp_mode": "catmullrom"
            },
            "0.5": {
              "post": [
                -20.78,
                0,
                0
              ],
              "lerp_mode": "catmullrom"
            },
            "0.7083": {
              "post": [
                -12.72,
                0,
                0
              ],
              "lerp_mode": "catmullrom"
            },
            "0.9583": {
              "post": [
                1.38,
                0,
                0
              ],
              "lerp_mode": "catmullrom"
            },
            "1.125": {
              "post": [
                27.78,
                0,
                0
              ],
              "lerp_mode": "catmullrom"
            },
            "1.3333": {
              "post": [
                37.5,
                0,
                0
              ],
              "lerp_mode": "catmullrom"
            }
          }
        },
        "bone10": {
          "rotation": {
            "0.0": {
              "post": [
                47.5,
                0,
                0
              ],
              "lerp_mode": "catmullrom"
            },
            "0.2083": {
              "post": [
                57.56,
                0,
                0
              ],
              "lerp_mode": "catmullrom"
            },
            "0.5": {
              "post": [
                15.06,
                0,
                0
              ],
              "lerp_mode": "catmullrom"
            },
            "0.7083": {
              "post": [
                15,
                0,
                0
              ],
              "lerp_mode": "catmullrom"
            },
            "0.8333": {
              "post": [
                9.13,
                0,
                0
              ],
              "lerp_mode": "catmullrom"
            },
            "0.9583": {
              "post": [
                16.99,
                0,
                0
              ],
              "lerp_mode": "catmullrom"
            },
            "1.125": {
              "post": [
                6.72,
                0,
                0
              ],
              "lerp_mode": "catmullrom"
            },
            "1.3333": {
              "post": [
                47.5,
                0,
                0
              ],
              "lerp_mode": "catmullrom"
            }
          }
        },
        "Leftleg": {
          "rotation": {
            "0.0": {
              "post": [
                -10,
                0,
                0
              ],
              "lerp_mode": "catmullrom"
            },
            "0.6667": {
              "post": [
                37.5,
                0,
                0
              ],
              "lerp_mode": "catmullrom"
            },
            "0.9583": {
              "post": [
                -35.8,
                0,
                0
              ],
              "lerp_mode": "catmullrom"
            },
            "1.1667": {
              "post": [
                -25.78,
                0,
                0
              ],
              "lerp_mode": "catmullrom"
            },
            "1.3333": {
              "post": [
                -10,
                0,
                0
              ],
              "lerp_mode": "catmullrom"
            }
          }
        },
        "bone11": {
          "rotation": {
            "0.0": {
              "post": [
                10,
                0,
                0
              ],
              "lerp_mode": "catmullrom"
            },
            "0.2083": {
              "post": [
                4.22,
                0,
                0
              ],
              "lerp_mode": "catmullrom"
            },
            "0.6667": {
              "post": [
                47.5,
                0,
                0
              ],
              "lerp_mode": "catmullrom"
            },
            "0.9583": {
              "post": [
                56.25,
                0,
                0
              ],
              "lerp_mode": "catmullrom"
            },
            "1.1667": {
              "post": [
                18.13,
                0,
                0
              ],
              "lerp_mode": "catmullrom"
            },
            "1.3333": {
              "post": [
                10,
                0,
                0
              ],
              "lerp_mode": "catmullrom"
            }
          }
        },
        "bone8": {
          "rotation": {
            "0.0": [
              -15,
              0,
              0
            ],
            "1.3333": [
              -15,
              0,
              0
            ]
          }
        }
      }
    },
    "animation.golden_speaker_Titan.attack": {
      "loop": true,
      "animation_length": 0.91667,
      "bones": {
        "Body": {
          "rotation": {
            "0.0": [
              "math.sin(math.sqrt(variable.attack_time) * 360) * 0",
              0,
              0
            ],
            "0.1667": [
              "math.sin(math.sqrt(variable.attack_time) * 360) * 5.0",
              0,
              0
            ],
            "0.3333": [
              "math.sin(math.sqrt(variable.attack_time) * 360) * 30",
              0,
              0
            ],
            "0.5417": [
              "math.sin(math.sqrt(variable.attack_time) * 360) * -23.0",
              0,
              0
            ],
            "0.9167": [
              "math.sin(math.sqrt(variable.attack_time) * 360) * 0",
              0,
              0
            ]
          }
        },
        "Leftarm": {
          "rotation": {
            "0.0": [
              "math.sin(math.sqrt(variable.attack_time) * 360) * 0",
              0,
              0
            ],
            "0.2083": [
              0,
              0,
              "math.sin(math.sqrt(variable.attack_time) * 360) * 7.5"
            ],
            "0.4167": [
              "math.sin(math.sqrt(variable.attack_time) * 360) * 155",
              0,
              "math.sin(math.sqrt(variable.attack_time) * 360) * 10"
            ],
            "0.5": [
              "math.sin(math.sqrt(variable.attack_time) * 360) * 55",
              0,
              "math.sin(math.sqrt(variable.attack_time) * 360) * -35"
            ],
            "0.75": [
              "math.sin(math.sqrt(variable.attack_time) * 360) * -35",
              0,
              "math.sin(math.sqrt(variable.attack_time) * 360) * 6"
            ],
            "0.9167": [
              "math.sin(math.sqrt(variable.attack_time) * 360) * 0",
              0,
              0
            ]
          }
        },
        "Rightarm": {
          "rotation": {
            "0.0": [
              "math.sin(math.sqrt(variable.attack_time) * 360) * 0",
              0,
              0
            ],
            "0.2083": [
              0,
              0,
              "math.sin(math.sqrt(variable.attack_time) * 360) * -7.5"
            ],
            "0.4167": [
              "math.sin(math.sqrt(variable.attack_time) * 360) * 155",
              0,
              "math.sin(math.sqrt(variable.attack_time) * 360) * -10"
            ],
            "0.5": [
              "math.sin(math.sqrt(variable.attack_time) * 360) * 55",
              0,
              "math.sin(math.sqrt(variable.attack_time) * 360) * 35"
            ],
            "0.75": [
              "math.sin(math.sqrt(variable.attack_time) * 360) * -45",
              0,
              "math.sin(math.sqrt(variable.attack_time) * 360) * -6"
            ],
            "0.9167": [
              "math.sin(math.sqrt(variable.attack_time) * 360) * 0",
              0,
              0
            ]
          }
        }
      }
    },
    "animation.golden_speaker_Titan.saw": {
      "loop": true,
      "animation_length": 1.04167,
      "bones": {
        "Leftarm": {
          "position": {
            "0.0": {
              "post": [
                0,
                -1,
                0
              ],
              "lerp_mode": "catmullrom"
            },
            "0.0417": {
              "post": [
                0,
                0,
                0
              ],
              "lerp_mode": "catmullrom"
            },
            "0.0833": {
              "post": [
                0,
                -1,
                0
              ],
              "lerp_mode": "catmullrom"
            },
            "0.125": {
              "post": [
                0,
                0,
                0
              ],
              "lerp_mode": "catmullrom"
            },
            "0.1667": {
              "post": [
                0,
                -1,
                0
              ],
              "lerp_mode": "catmullrom"
            },
            "0.2083": {
              "post": [
                0,
                0,
                0
              ],
              "lerp_mode": "catmullrom"
            },
            "0.25": {
              "post": [
                0,
                -1,
                0
              ],
              "lerp_mode": "catmullrom"
            },
            "0.2917": {
              "post": [
                0,
                0,
                0
              ],
              "lerp_mode": "catmullrom"
            },
            "0.3333": {
              "post": [
                0,
                -1,
                0
              ],
              "lerp_mode": "catmullrom"
            },
            "0.375": {
              "post": [
                0,
                -1,
                0
              ],
              "lerp_mode": "catmullrom"
            },
            "0.4167": {
              "post": [
                0,
                0,
                0
              ],
              "lerp_mode": "catmullrom"
            },
            "0.4583": {
              "post": [
                0,
                -1,
                0
              ],
              "lerp_mode": "catmullrom"
            },
            "0.5": {
              "post": [
                0,
                0,
                0
              ],
              "lerp_mode": "catmullrom"
            },
            "0.5417": {
              "post": [
                0,
                -1,
                0
              ],
              "lerp_mode": "catmullrom"
            },
            "0.5833": {
              "post": [
                0,
                0,
                0
              ],
              "lerp_mode": "catmullrom"
            },
            "0.625": {
              "post": [
                0,
                -1,
                0
              ],
              "lerp_mode": "catmullrom"
            },
            "0.6667": {
              "post": [
                0,
                0,
                0
              ],
              "lerp_mode": "catmullrom"
            },
            "0.7083": {
              "post": [
                0,
                -1,
                0
              ],
              "lerp_mode": "catmullrom"
            },
            "0.75": {
              "post": [
                0,
                -1,
                0
              ],
              "lerp_mode": "catmullrom"
            },
            "0.7917": {
              "post": [
                0,
                0,
                0
              ],
              "lerp_mode": "catmullrom"
            },
            "0.8333": {
              "post": [
                0,
                -1,
                0
              ],
              "lerp_mode": "catmullrom"
            },
            "0.875": {
              "post": [
                0,
                0,
                0
              ],
              "lerp_mode": "catmullrom"
            },
            "0.9167": {
              "post": [
                0,
                -1,
                0
              ],
              "lerp_mode": "catmullrom"
            },
            "0.9583": {
              "post": [
                0,
                0,
                0
              ],
              "lerp_mode": "catmullrom"
            },
            "1.0": {
              "post": [
                0,
                -1,
                0
              ],
              "lerp_mode": "catmullrom"
            },
            "1.0417": {
              "post": [
                0,
                0,
                0
              ],
              "lerp_mode": "catmullrom"
            },
            "1.0833": {
              "post": [
                0,
                -1,
                0
              ],
              "lerp_mode": "catmullrom"
            }
          }
        },
        "bone6": {
          "rotation": [
            2.5,
            0,
            0
          ],
          "position": {
            "0.0": {
              "post": [
                0,
                -1,
                1
              ],
              "lerp_mode": "catmullrom"
            },
            "0.0417": {
              "post": [
                0,
                0,
                0
              ],
              "lerp_mode": "catmullrom"
            },
            "0.0833": {
              "post": [
                0,
                -1,
                1
              ],
              "lerp_mode": "catmullrom"
            },
            "0.125": {
              "post": [
                0,
                0,
                0
              ],
              "lerp_mode": "catmullrom"
            },
            "0.1667": {
              "post": [
                0,
                -1,
                -1
              ],
              "lerp_mode": "catmullrom"
            },
            "0.2083": {
              "post": [
                0,
                0,
                0
              ],
              "lerp_mode": "catmullrom"
            },
            "0.25": {
              "post": [
                0,
                0.13,
                -1.94
              ],
              "lerp_mode": "catmullrom"
            },
            "0.2917": {
              "post": [
                0,
                0,
                0
              ],
              "lerp_mode": "catmullrom"
            },
            "0.3333": {
              "post": [
                0,
                -1,
                0
              ],
              "lerp_mode": "catmullrom"
            },
            "0.375": {
              "post": [
                0,
                -1,
                -2
              ],
              "lerp_mode": "catmullrom"
            },
            "0.4167": {
              "post": [
                0,
                0,
                0
              ],
              "lerp_mode": "catmullrom"
            },
            "0.4583": {
              "post": [
                0,
                -1,
                0
              ],
              "lerp_mode": "catmullrom"
            },
            "0.5": {
              "post": [
                0,
                -1,
                0
              ],
              "lerp_mode": "catmullrom"
            },
            "0.5417": {
              "post": [
                0,
                -1,
                0
              ],
              "lerp_mode": "catmullrom"
            },
            "0.5833": {
              "post": [
                0,
                0,
                0
              ],
              "lerp_mode": "catmullrom"
            },
            "0.625": {
              "post": [
                0,
                0,
                0
              ],
              "lerp_mode": "catmullrom"
            },
            "0.6667": {
              "post": [
                0,
                -2,
                0
              ],
              "lerp_mode": "catmullrom"
            },
            "0.7083": {
              "post": [
                0,
                -1,
                0
              ],
              "lerp_mode": "catmullrom"
            },
            "0.75": {
              "post": [
                0,
                1,
                0
              ],
              "lerp_mode": "catmullrom"
            },
            "0.7917": {
              "post": [
                0,
                -2,
                0
              ],
              "lerp_mode": "catmullrom"
            },
            "0.8333": {
              "post": [
                0,
                -1,
                0
              ],
              "lerp_mode": "catmullrom"
            },
            "0.875": {
              "post": [
                0,
                0,
                -1
              ],
              "lerp_mode": "catmullrom"
            },
            "0.9167": {
              "post": [
                0,
                -1,
                0
              ],
              "lerp_mode": "catmullrom"
            },
            "0.9583": {
              "post": [
                0,
                0,
                0
              ],
              "lerp_mode": "catmullrom"
            },
            "1.0": {
              "post": [
                0,
                -1,
                0
              ],
              "lerp_mode": "catmullrom"
            },
            "1.0417": {
              "post": [
                0,
                0,
                0
              ],
              "lerp_mode": "catmullrom"
            },
            "1.0833": {
              "post": [
                0,
                -1,
                0
              ],
              "lerp_mode": "catmullrom"
            }
          }
        },
        "Rightarm": {
          "position": {
            "0.0": {
              "post": [
                0,
                -1,
                0
              ],
              "lerp_mode": "catmullrom"
            },
            "0.0417": {
              "post": [
                0,
                0,
                0
              ],
              "lerp_mode": "catmullrom"
            },
            "0.0833": {
              "post": [
                0,
                -1,
                0
              ],
              "lerp_mode": "catmullrom"
            },
            "0.125": {
              "post": [
                0,
                0,
                0
              ],
              "lerp_mode": "catmullrom"
            },
            "0.1667": {
              "post": [
                0,
                -1,
                0
              ],
              "lerp_mode": "catmullrom"
            },
            "0.2083": {
              "post": [
                0,
                0,
                0
              ],
              "lerp_mode": "catmullrom"
            },
            "0.25": {
              "post": [
                0,
                -1,
                0
              ],
              "lerp_mode": "catmullrom"
            },
            "0.2917": {
              "post": [
                0,
                0,
                0
              ],
              "lerp_mode": "catmullrom"
            },
            "0.3333": {
              "post": [
                0,
                -1,
                0
              ],
              "lerp_mode": "catmullrom"
            },
            "0.375": {
              "post": [
                0,
                -1,
                0
              ],
              "lerp_mode": "catmullrom"
            },
            "0.4167": {
              "post": [
                0,
                0,
                0
              ],
              "lerp_mode": "catmullrom"
            },
            "0.4583": {
              "post": [
                0,
                -1,
                0
              ],
              "lerp_mode": "catmullrom"
            },
            "0.5": {
              "post": [
                0,
                0,
                0
              ],
              "lerp_mode": "catmullrom"
            },
            "0.5417": {
              "post": [
                0,
                -1,
                0
              ],
              "lerp_mode": "catmullrom"
            },
            "0.5833": {
              "post": [
                0,
                0,
                0
              ],
              "lerp_mode": "catmullrom"
            },
            "0.625": {
              "post": [
                0,
                -1,
                0
              ],
              "lerp_mode": "catmullrom"
            },
            "0.6667": {
              "post": [
                0,
                0,
                0
              ],
              "lerp_mode": "catmullrom"
            },
            "0.7083": {
              "post": [
                0,
                -1,
                0
              ],
              "lerp_mode": "catmullrom"
            },
            "0.75": {
              "post": [
                0,
                -1,
                0
              ],
              "lerp_mode": "catmullrom"
            },
            "0.7917": {
              "post": [
                0,
                0,
                0
              ],
              "lerp_mode": "catmullrom"
            },
            "0.8333": {
              "post": [
                0,
                -1,
                0
              ],
              "lerp_mode": "catmullrom"
            },
            "0.875": {
              "post": [
                0,
                0,
                0
              ],
              "lerp_mode": "catmullrom"
            },
            "0.9167": {
              "post": [
                0,
                -1,
                0
              ],
              "lerp_mode": "catmullrom"
            },
            "0.9583": {
              "post": [
                0,
                0,
                0
              ],
              "lerp_mode": "catmullrom"
            },
            "1.0": {
              "post": [
                0,
                -1,
                0
              ],
              "lerp_mode": "catmullrom"
            },
            "1.0417": {
              "post": [
                0,
                0,
                0
              ],
              "lerp_mode": "catmullrom"
            },
            "1.0833": {
              "post": [
                0,
                -1,
                0
              ],
              "lerp_mode": "catmullrom"
            }
          }
        },
        "bone4": {
          "position": {
            "0.0": {
              "post": [
                0,
                -1,
                1
              ],
              "lerp_mode": "catmullrom"
            },
            "0.0417": {
              "post": [
                0,
                0,
                0
              ],
              "lerp_mode": "catmullrom"
            },
            "0.0833": {
              "post": [
                0,
                -1,
                1
              ],
              "lerp_mode": "catmullrom"
            },
            "0.125": {
              "post": [
                0,
                0,
                0
              ],
              "lerp_mode": "catmullrom"
            },
            "0.1667": {
              "post": [
                0,
                -1,
                -1
              ],
              "lerp_mode": "catmullrom"
            },
            "0.2083": {
              "post": [
                0,
                0,
                0
              ],
              "lerp_mode": "catmullrom"
            },
            "0.25": {
              "post": [
                0,
                0.13,
                -1.94
              ],
              "lerp_mode": "catmullrom"
            },
            "0.2917": {
              "post": [
                0,
                0,
                0
              ],
              "lerp_mode": "catmullrom"
            },
            "0.3333": {
              "post": [
                0,
                -1,
                0
              ],
              "lerp_mode": "catmullrom"
            },
            "0.375": {
              "post": [
                0,
                -1,
                -2
              ],
              "lerp_mode": "catmullrom"
            },
            "0.4167": {
              "post": [
                0,
                0,
                0
              ],
              "lerp_mode": "catmullrom"
            },
            "0.4583": {
              "post": [
                0,
                -1,
                0
              ],
              "lerp_mode": "catmullrom"
            },
            "0.5": {
              "post": [
                0,
                -1,
                0
              ],
              "lerp_mode": "catmullrom"
            },
            "0.5417": {
              "post": [
                0,
                -1,
                0
              ],
              "lerp_mode": "catmullrom"
            },
            "0.5833": {
              "post": [
                0,
                0,
                0
              ],
              "lerp_mode": "catmullrom"
            },
            "0.625": {
              "post": [
                0,
                0,
                0
              ],
              "lerp_mode": "catmullrom"
            },
            "0.6667": {
              "post": [
                0,
                -2,
                0
              ],
              "lerp_mode": "catmullrom"
            },
            "0.7083": {
              "post": [
                0,
                -1,
                0
              ],
              "lerp_mode": "catmullrom"
            },
            "0.75": {
              "post": [
                0,
                1,
                0
              ],
              "lerp_mode": "catmullrom"
            },
            "0.7917": {
              "post": [
                0,
                -2,
                0
              ],
              "lerp_mode": "catmullrom"
            },
            "0.8333": {
              "post": [
                0,
                -1,
                0
              ],
              "lerp_mode": "catmullrom"
            },
            "0.875": {
              "post": [
                0,
                0,
                -1
              ],
              "lerp_mode": "catmullrom"
            },
            "0.9167": {
              "post": [
                0,
                -1,
                0
              ],
              "lerp_mode": "catmullrom"
            },
            "0.9583": {
              "post": [
                0,
                0,
                0
              ],
              "lerp_mode": "catmullrom"
            },
            "1.0": {
              "post": [
                0,
                -1,
                0
              ],
              "lerp_mode": "catmullrom"
            },
            "1.0417": {
              "post": [
                0,
                0,
                0
              ],
              "lerp_mode": "catmullrom"
            },
            "1.0833": {
              "post": [
                0,
                -1,
                0
              ],
              "lerp_mode": "catmullrom"
            }
          }
        }
      }
    },
    "animation.golden_speaker_Titan.roar": {
      "loop": true,
      "animation_length": 1.625,
      "bones": {
        "Rightleg": {
          "rotation": [
            0,
            0,
            0
          ]
        },
        "bone10": {
          "rotation": [
            0,
            0,
            0
          ]
        },
        "Body": {
          "rotation": {
            "0.0": [
              0,
              0,
              0
            ],
            "0.375": [
              -10.62,
              0,
              0
            ],
            "0.5": [
              17.5,
              0,
              0
            ],
            "1.5": [
              17.5,
              0,
              0
            ],
            "1.625": [
              0,
              0,
              0
            ]
          }
        },
        "Leftarm": {
          "rotation": {
            "0.0": [
              0,
              0,
              0
            ],
            "0.2083": [
              0,
              0,
              -7.5
            ],
            "0.4167": [
              -90,
              0,
              -7.5
            ],
            "0.7083": [
              -0.43,
              0,
              -6.19
            ],
            "1.5": [
              -0.43,
              0,
              -6.19
            ],
            "1.625": [
              0,
              0,
              0
            ]
          }
        },
        "bone": {
          "rotation": {
            "0.0": [
              0,
              0,
              0
            ],
            "0.2083": [
              -15,
              0,
              0
            ],
            "1.625": [
              0,
              0,
              0
            ]
          }
        },
        "Rightarm": {
          "rotation": {
            "0.0": [
              0,
              0,
              0
            ],
            "0.2083": [
              0,
              0,
              5
            ],
            "0.4167": [
              -92.5,
              0,
              5
            ],
            "0.7083": [
              -0.43,
              0,
              3.81
            ],
            "1.5": [
              -0.43,
              0,
              3.81
            ],
            "1.625": [
              0,
              0,
              0
            ]
          }
        },
        "bone2": {
          "rotation": {
            "0.0": [
              0,
              0,
              0
            ],
            "0.2083": [
              -17.5,
              0,
              0
            ],
            "1.625": [
              0,
              0,
              0
            ]
          }
        },
        "bone3": {
          "rotation": {
            "0.0": [
              0,
              0,
              0
            ],
            "1.625": [
              0,
              0,
              0
            ]
          }
        },
        "bone7": {
          "scale": {
            "0.0": [
              1,
              1,
              1
            ],
            "0.1667": [
              1,
              1,
              0.9
            ],
            "0.25": [
              1,
              1,
              0.8057
            ],
            "0.4167": [
              1,
              1,
              1
            ],
            "0.4583": [
              1,
              1,
              0.7293
            ],
            "0.5": [
              1,
              1,
              1.0226
            ],
            "0.5417": [
              1,
              1,
              0.919
            ],
            "0.5833": [
              1,
              1,
              1.0226
            ],
            "0.625": [
              1,
              1,
              0.919
            ],
            "0.6667": [
              1,
              1,
              1.0226
            ],
            "0.7083": [
              1,
              1,
              0.919
            ],
            "0.75": [
              1,
              1,
              1.0226
            ],
            "0.7917": [
              1,
              1,
              0.919
            ],
            "0.8333": [
              1,
              1,
              1.0226
            ],
            "0.875": [
              1,
              1,
              0.919
            ],
            "0.9167": [
              1,
              1,
              1.0226
            ],
            "0.9583": [
              1,
              1,
              0.919
            ],
            "1.0": [
              1,
              1,
              1.0226
            ],
            "1.0417": [
              1,
              1,
              0.919
            ],
            "1.0833": [
              1,
              1,
              1.0226
            ],
            "1.125": [
              1,
              1,
              0.919
            ],
            "1.1667": [
              1,
              1,
              1.0226
            ],
            "1.2083": [
              1,
              1,
              0.919
            ],
            "1.25": [
              1,
              1,
              1.0226
            ],
            "1.2917": [
              1,
              1,
              0.919
            ],
            "1.3333": [
              1,
              1,
              1.0226
            ],
            "1.375": [
              1,
              1,
              0.919
            ],
            "1.4167": [
              1,
              1,
              1.0226
            ],
            "1.4583": [
              1,
              1,
              0.919
            ],
            "1.5": [
              1,
              1,
              1.0226
            ],
            "1.5417": [
              1,
              1,
              1
            ],
            "1.625": [
              1,
              1,
              1
            ]
          }
        },
        "bone8": {
          "rotation": {
            "0.0": [
              0,
              0,
              0
            ],
            "0.125": [
              7.5,
              0,
              0
            ],
            "0.25": [
              21.88,
              0,
              0
            ],
            "0.5417": [
              -27.76,
              0,
              0
            ],
            "1.5": [
              -27.76,
              0,
              0
            ],
            "1.625": [
              0,
              0,
              0
            ]
          },
          "scale": {
            "0.0": [
              1,
              1,
              1
            ],
            "0.1667": [
              1,
              1,
              0.9
            ],
            "0.25": [
              1,
              1,
              0.8057
            ],
            "0.4167": [
              1,
              1,
              1
            ],
            "0.4583": [
              1,
              1,
              0.7293
            ],
            "0.5": [
              1,
              1,
              1.0226
            ],
            "0.5417": [
              1,
              1,
              0.919
            ],
            "0.5833": [
              1,
              1,
              1.0226
            ],
            "0.625": [
              1,
              1,
              0.919
            ],
            "0.6667": [
              1,
              1,
              1.0226
            ],
            "0.7083": [
              1,
              1,
              0.919
            ],
            "0.75": [
              1,
              1,
              1.0226
            ],
            "0.7917": [
              1,
              1,
              0.919
            ],
            "0.8333": [
              1,
              1,
              1.0226
            ],
            "0.875": [
              1,
              1,
              0.919
            ],
            "0.9167": [
              1,
              1,
              1.0226
            ],
            "0.9583": [
              1,
              1,
              0.919
            ],
            "1.0": [
              1,
              1,
              1.0226
            ],
            "1.0417": [
              1,
              1,
              0.919
            ],
            "1.0833": [
              1,
              1,
              1.0226
            ],
            "1.125": [
              1,
              1,
              0.919
            ],
            "1.1667": [
              1,
              1,
              1.0226
            ],
            "1.2083": [
              1,
              1,
              0.919
            ],
            "1.25": [
              1,
              1,
              1.0226
            ],
            "1.2917": [
              1,
              1,
              0.919
            ],
            "1.3333": [
              1,
              1,
              1.0226
            ],
            "1.375": [
              1,
              1,
              0.919
            ],
            "1.4167": [
              1,
              1,
              1.0226
            ],
            "1.4583": [
              1,
              1,
              0.919
            ],
            "1.5": [
              1,
              1,
              1.0226
            ],
            "1.5417": [
              1,
              1,
              1
            ],
            "1.625": [
              1,
              1,
              1
            ]
          }
        },
        "bone13": {
          "scale": {
            "0.0": [
              1,
              1,
              1
            ],
            "0.1667": [
              1,
              1,
              0.9
            ],
            "0.25": [
              1,
              1,
              0.8057
            ],
            "0.4167": [
              1,
              1,
              1
            ],
            "0.4583": [
              1,
              1,
              0.7293
            ],
            "0.5": [
              1,
              1,
              1.0226
            ],
            "0.5417": [
              1,
              1,
              0.919
            ],
            "0.5833": [
              1,
              1,
              1.0226
            ],
            "0.625": [
              1,
              1,
              0.919
            ],
            "0.6667": [
              1,
              1,
              1.0226
            ],
            "0.7083": [
              1,
              1,
              0.919
            ],
            "0.75": [
              1,
              1,
              1.0226
            ],
            "0.7917": [
              1,
              1,
              0.919
            ],
            "0.8333": [
              1,
              1,
              1.0226
            ],
            "0.875": [
              1,
              1,
              0.919
            ],
            "0.9167": [
              1,
              1,
              1.0226
            ],
            "0.9583": [
              1,
              1,
              0.919
            ],
            "1.0": [
              1,
              1,
              1.0226
            ],
            "1.0417": [
              1,
              1,
              0.919
            ],
            "1.0833": [
              1,
              1,
              1.0226
            ],
            "1.125": [
              1,
              1,
              0.919
            ],
            "1.1667": [
              1,
              1,
              1.0226
            ],
            "1.2083": [
              1,
              1,
              0.919
            ],
            "1.25": [
              1,
              1,
              1.0226
            ],
            "1.2917": [
              1,
              1,
              0.919
            ],
            "1.3333": [
              1,
              1,
              1.0226
            ],
            "1.375": [
              1,
              1,
              0.919
            ],
            "1.4167": [
              1,
              1,
              1.0226
            ],
            "1.4583": [
              1,
              1,
              0.919
            ],
            "1.5": [
              1,
              1,
              1.0226
            ],
            "1.5417": [
              1,
              1,
              1
            ],
            "1.625": [
              1,
              1,
              1
            ]
          }
        },
        "bone12": {
          "scale": {
            "0.0": [
              1,
              1,
              1
            ],
            "0.1667": [
              1,
              1,
              0.9
            ],
            "0.25": [
              1,
              1,
              0.8057
            ],
            "0.4167": [
              1,
              1,
              1
            ],
            "0.4583": [
              1,
              1,
              0.7293
            ],
            "0.5": [
              1,
              1,
              1.0226
            ],
            "0.5417": [
              1,
              1,
              0.919
            ],
            "0.5833": [
              1,
              1,
              1.0226
            ],
            "0.625": [
              1,
              1,
              0.919
            ],
            "0.6667": [
              1,
              1,
              1.0226
            ],
            "0.7083": [
              1,
              1,
              0.919
            ],
            "0.75": [
              1,
              1,
              1.0226
            ],
            "0.7917": [
              1,
              1,
              0.919
            ],
            "0.8333": [
              1,
              1,
              1.0226
            ],
            "0.875": [
              1,
              1,
              0.919
            ],
            "0.9167": [
              1,
              1,
              1.0226
            ],
            "0.9583": [
              1,
              1,
              0.919
            ],
            "1.0": [
              1,
              1,
              1.0226
            ],
            "1.0417": [
              1,
              1,
              0.919
            ],
            "1.0833": [
              1,
              1,
              1.0226
            ],
            "1.125": [
              1,
              1,
              0.919
            ],
            "1.1667": [
              1,
              1,
              1.0226
            ],
            "1.2083": [
              1,
              1,
              0.919
            ],
            "1.25": [
              1,
              1,
              1.0226
            ],
            "1.2917": [
              1,
              1,
              0.919
            ],
            "1.3333": [
              1,
              1,
              1.0226
            ],
            "1.375": [
              1,
              1,
              0.919
            ],
            "1.4167": [
              1,
              1,
              1.0226
            ],
            "1.4583": [
              1,
              1,
              0.919
            ],
            "1.5": [
              1,
              1,
              1.0226
            ],
            "1.5417": [
              1,
              1,
              1
            ],
            "1.625": [
              1,
              1,
              1
            ]
          }
        },
        "Leftleg": {
          "rotation": [
            0,
            0,
            0
          ]
        },
        "bone11": {
          "rotation": [
            0,
            0,
            0
          ]
        },
        "bone14": {
          "scale": {
            "0.0": [
              1,
              1,
              1
            ],
            "0.1667": [
              1,
              1,
              0.9
            ],
            "0.25": [
              1,
              1,
              0.8057
            ],
            "0.4167": [
              1,
              1,
              1
            ],
            "0.4583": [
              1,
              1,
              0.7293
            ],
            "0.5": [
              1,
              1,
              1.0226
            ],
            "0.5417": [
              1,
              1,
              0.919
            ],
            "0.5833": [
              1,
              1,
              1.0226
            ],
            "0.625": [
              1,
              1,
              0.919
            ],
            "0.6667": [
              1,
              1,
              1.0226
            ],
            "0.7083": [
              1,
              1,
              0.919
            ],
            "0.75": [
              1,
              1,
              1.0226
            ],
            "0.7917": [
              1,
              1,
              0.919
            ],
            "0.8333": [
              1,
              1,
              1.0226
            ],
            "0.875": [
              1,
              1,
              0.919
            ],
            "0.9167": [
              1,
              1,
              1.0226
            ],
            "0.9583": [
              1,
              1,
              0.919
            ],
            "1.0": [
              1,
              1,
              1.0226
            ],
            "1.0417": [
              1,
              1,
              0.919
            ],
            "1.0833": [
              1,
              1,
              1.0226
            ],
            "1.125": [
              1,
              1,
              0.919
            ],
            "1.1667": [
              1,
              1,
              1.0226
            ],
            "1.2083": [
              1,
              1,
              0.919
            ],
            "1.25": [
              1,
              1,
              1.0226
            ],
            "1.2917": [
              1,
              1,
              0.919
            ],
            "1.3333": [
              1,
              1,
              1.0226
            ],
            "1.375": [
              1,
              1,
              0.919
            ],
            "1.4167": [
              1,
              1,
              1.0226
            ],
            "1.4583": [
              1,
              1,
              0.919
            ],
            "1.5": [
              1,
              1,
              1.0226
            ],
            "1.5417": [
              1,
              1,
              1
            ],
            "1.625": [
              1,
              1,
              1
            ]
          }
        },
        "bone15": {
          "scale": {
            "0.0": [
              1,
              1,
              1
            ],
            "0.1667": [
              1,
              1,
              0.9
            ],
            "0.25": [
              1,
              1,
              0.8057
            ],
            "0.4167": [
              1,
              1,
              1
            ],
            "0.4583": [
              1,
              1,
              0.7293
            ],
            "0.5": [
              1,
              1,
              1.0226
            ],
            "0.5417": [
              1,
              1,
              0.919
            ],
            "0.5833": [
              1,
              1,
              1.0226
            ],
            "0.625": [
              1,
              1,
              0.919
            ],
            "0.6667": [
              1,
              1,
              1.0226
            ],
            "0.7083": [
              1,
              1,
              0.919
            ],
            "0.75": [
              1,
              1,
              1.0226
            ],
            "0.7917": [
              1,
              1,
              0.919
            ],
            "0.8333": [
              1,
              1,
              1.0226
            ],
            "0.875": [
              1,
              1,
              0.919
            ],
            "0.9167": [
              1,
              1,
              1.0226
            ],
            "0.9583": [
              1,
              1,
              0.919
            ],
            "1.0": [
              1,
              1,
              1.0226
            ],
            "1.0417": [
              1,
              1,
              0.919
            ],
            "1.0833": [
              1,
              1,
              1.0226
            ],
            "1.125": [
              1,
              1,
              0.919
            ],
            "1.1667": [
              1,
              1,
              1.0226
            ],
            "1.2083": [
              1,
              1,
              0.919
            ],
            "1.25": [
              1,
              1,
              1.0226
            ],
            "1.2917": [
              1,
              1,
              0.919
            ],
            "1.3333": [
              1,
              1,
              1.0226
            ],
            "1.375": [
              1,
              1,
              0.919
            ],
            "1.4167": [
              1,
              1,
              1.0226
            ],
            "1.4583": [
              1,
              1,
              0.919
            ],
            "1.5": [
              1,
              1,
              1.0226
            ],
            "1.5417": [
              1,
              1,
              1
            ],
            "1.625": [
              1,
              1,
              1
            ]
          }
        }
      }
    },
    "animation.golden_speaker_Titan.base": {
      "loop": true
    },
    "animation.golden_speaker_Titan.bob": {
      "loop": "hold_on_last_frame",
      "animation_length": 2,
      "bones": {
        "Root": {
          "rotation": [
            0,
            0,
            0
          ],
          "position": {
            "0.0": [
              0,
              731,
              0
            ],
            "0.375": [
              0,
              -28.06,
              0
            ],
            "1.0": [
              0,
              -3.27,
              0
            ],
            "2.0": [
              0,
              0,
              0
            ]
          }
        },
        "Rightleg": {
          "rotation": {
            "0.0": [
              12.5,
              0,
              7.5
            ],
            "0.5": [
              22.5,
              0,
              0
            ],
            "0.7917": [
              13.96,
              0,
              0
            ],
            "1.0": [
              -5,
              0,
              0
            ],
            "2.0": [
              0,
              0,
              0
            ]
          }
        },
        "bone10": {
          "rotation": {
            "0.0": [
              15,
              0,
              0
            ],
            "0.4167": [
              62.92,
              0,
              0
            ],
            "0.5": [
              42.5,
              0,
              0
            ],
            "0.7917": [
              49.03,
              0,
              0
            ],
            "1.0": [
              10.83,
              0,
              0
            ],
            "2.0": [
              0,
              0,
              0
            ]
          }
        },
        "Body": {
          "rotation": {
            "0.0": [
              0,
              0,
              0
            ],
            "0.2917": [
              15,
              0,
              0
            ],
            "0.625": [
              27.07,
              0,
              0
            ],
            "1.0": [
              9.69,
              0,
              0
            ],
            "1.4167": [
              -1.85,
              0,
              0
            ],
            "2.0": [
              0,
              0,
              0
            ]
          }
        },
        "Leftarm": {
          "rotation": {
            "0.0": [
              0,
              0,
              -7.5
            ],
            "0.4167": [
              0,
              0,
              -23.44
            ],
            "0.7083": [
              0.46874,
              -0.64198,
              -14.18828
            ],
            "1.0833": [
              0.33,
              -0.46,
              -0.07
            ],
            "2.0": [
              0,
              0,
              0
            ]
          }
        },
        "bone": {
          "rotation": {
            "0.0": [
              0,
              0,
              0
            ],
            "0.4167": [
              -40,
              0,
              0
            ],
            "0.7083": [
              -5.13,
              0,
              0
            ],
            "1.0833": [
              1.36,
              0,
              0
            ],
            "2.0": [
              0,
              0,
              0
            ]
          }
        },
        "Rightarm": {
          "rotation": {
            "0.0": [
              0,
              0,
              5
            ],
            "0.4167": [
              0,
              0,
              21.46
            ],
            "0.7083": [
              0.14567,
              0.78143,
              12.57139
            ],
            "1.0833": [
              0.1,
              0.55,
              3.92
            ],
            "2.0": [
              0,
              0,
              0
            ]
          }
        },
        "bone2": {
          "rotation": {
            "0.0": [
              0,
              0,
              0
            ],
            "0.4167": [
              -55,
              0,
              0
            ],
            "0.7083": [
              -12.37,
              0,
              0
            ],
            "1.0833": [
              1.22,
              0,
              0
            ],
            "2.0": [
              0,
              0,
              0
            ]
          }
        },
        "bone8": {
          "rotation": {
            "0.0": [
              0,
              0,
              0
            ],
            "0.5": [
              32.5,
              0,
              0
            ],
            "0.7917": [
              48.68,
              0,
              0
            ],
            "2.0": [
              0,
              0,
              0
            ]
          }
        },
        "Leftleg": {
          "rotation": {
            "0.0": [
              0,
              0,
              -2.5
            ],
            "0.5": [
              -82.5,
              0,
              0
            ],
            "0.8333": [
              -52.5,
              0,
              0
            ],
            "1.0": [
              -25,
              0,
              0
            ],
            "2.0": [
              0,
              0,
              0
            ]
          }
        },
        "bone11": {
          "rotation": {
            "0.0": [
              7.5,
              0,
              0
            ],
            "0.4167": [
              50.42,
              0,
              0
            ],
            "0.5": [
              80,
              0,
              0
            ],
            "0.8333": [
              52.5,
              0,
              0
            ],
            "1.0": [
              23.33,
              0,
              0
            ],
            "2.0": [
              0,
              0,
              0
            ]
          }
        }
      }
    }
  }
}