{
  "format_version": "1.8.0",
  "animations": {
    "animation.spider.default_leg_pose": {
      "loop": true,
      "bones": {
        "leg0": {
          "rotation": [
            0,
            "45.0 - this",
            "-45.0 - this"
          ]
        },
        "leg1": {
          "rotation": [
            0,
            "-45.0 - this",
            "45.0 - this"
          ]
        },
        "leg2": {
          "rotation": [
            0,
            "22.5 - this",
            "-33.3 - this"
          ]
        },
        "leg3": {
          "rotation": [
            0,
            "-22.5 - this",
            "33.3 - this"
          ]
        },
        "leg4": {
          "rotation": [
            0,
            "-22.5 - this",
            "-33.3 - this"
          ]
        },
        "leg5": {
          "rotation": [
            0,
            "22.5 - this",
            "33.3 - this"
          ]
        },
        "leg6": {
          "rotation": [
            0,
            "-45.0 - this",
            "-45.0 - this"
          ]
        },
        "leg7": {
          "rotation": [
            0,
            "45.0 - this",
            "45.0 - this"
          ]
        }
      }
    },
    "animation.spider.look_at_target": {
      "loop": true,
      "bones": {
        "head": {
          "rotation": [
            "query.target_x_rotation",
            "query.target_y_rotation",
            0
          ]
        }
      }
    },
    "animation.spider.walk": {
      "anim_time_update": "query.modified_distance_moved",
      "loop": true,
      "bones": {
        "leg0": {
          "rotation": [
            0,
            "-math.abs(math.cos(query.anim_time * 76.34 + 90 * 0) * 22.92)",
            "math.abs(math.sin(query.anim_time * 38.17 + 90 * 0) * 22.92)"
          ]
        },
        "leg1": {
          "rotation": [
            0,
            "math.abs(math.cos(query.anim_time * 76.34 + 90 * 0) * 22.92)",
            "-math.abs(math.sin(query.anim_time * 38.17 + 90 * 0) * 22.92)"
          ]
        },
        "leg2": {
          "rotation": [
            0,
            "-math.abs(math.cos(query.anim_time * 76.34 + 90 * 1) * 22.92)",
            "math.abs(math.sin(query.anim_time * 38.17 + 90 * 1) * 22.92)"
          ]
        },
        "leg3": {
          "rotation": [
            0,
            "math.abs(math.cos(query.anim_time * 76.34 + 90 * 1) * 22.92)",
            "-math.abs(math.sin(query.anim_time * 38.17 + 90 * 1) * 22.92)"
          ]
        },
        "leg4": {
          "rotation": [
            0,
            "-math.abs(math.cos(query.anim_time * 76.34 + 90 * 2) * 22.92)",
            "math.abs(math.sin(query.anim_time * 38.17 + 90 * 2) * 22.92)"
          ]
        },
        "leg5": {
          "rotation": [
            0,
            "math.abs(math.cos(query.anim_time * 76.34 + 90 * 2) * 22.92)",
            "-math.abs(math.sin(query.anim_time * 38.17 + 90 * 2) * 22.92)"
          ]
        },
        "leg6": {
          "rotation": [
            0,
            "-math.abs(math.cos(query.anim_time * 76.34 + 90 * 3) * 22.92)",
            "math.abs(math.sin(query.anim_time * 38.17 + 90 * 3) * 22.92)"
          ]
        },
        "leg7": {
          "rotation": [
            0,
            "math.abs(math.cos(query.anim_time * 76.34 + 90 * 3) * 22.92)",
            "-math.abs(math.sin(query.anim_time * 38.17 + 90 * 3) * 22.92)"
          ]
        }
      }
    },
    "animation.Crawler_skibidi_toilet.walk": {
      "loop": true,
      "animation_length": 1,
      "bones": {
        "bone2": {
          "rotation": {
            "0.0": {
              "post": [
                0,
                -27.5,
                0
              ],
              "lerp_mode": "catmullrom"
            },
            "0.25": {
              "post": [
                0,
                0,
                -30
              ],
              "lerp_mode": "catmullrom"
            },
            "0.5833": {
              "post": [
                0,
                22.5,
                0
              ],
              "lerp_mode": "catmullrom"
            },
            "1.0": {
              "post": [
                0,
                -27.5,
                0
              ],
              "lerp_mode": "catmullrom"
            }
          }
        },
        "bone4": {
          "rotation": {
            "0.0": {
              "post": [
                0,
                22.5,
                0
              ],
              "lerp_mode": "catmullrom"
            },
            "0.5833": {
              "post": [
                0,
                -27.5,
                0
              ],
              "lerp_mode": "catmullrom"
            },
            "0.7917": {
              "post": [
                0,
                0,
                -30
              ],
              "lerp_mode": "catmullrom"
            },
            "1.0": {
              "post": [
                0,
                22.5,
                0
              ],
              "lerp_mode": "catmullrom"
            }
          }
        },
        "bone3": {
          "rotation": {
            "0.0": {
              "post": [
                0,
                22.5,
                0
              ],
              "lerp_mode": "catmullrom"
            },
            "0.25": {
              "post": [
                0,
                0,
                30
              ],
              "lerp_mode": "catmullrom"
            },
            "0.5833": {
              "post": [
                0,
                -27.5,
                0
              ],
              "lerp_mode": "catmullrom"
            },
            "1.0": {
              "post": [
                0,
                22.5,
                0
              ],
              "lerp_mode": "catmullrom"
            }
          }
        },
        "bone5": {
          "rotation": {
            "0.0": {
              "post": [
                0,
                -27.5,
                0
              ],
              "lerp_mode": "catmullrom"
            },
            "0.5833": {
              "post": [
                0,
                22.5,
                0
              ],
              "lerp_mode": "catmullrom"
            },
            "0.7917": {
              "post": [
                0,
                0,
                30
              ],
              "lerp_mode": "catmullrom"
            },
            "1.0": {
              "post": [
                0,
                -27.5,
                0
              ],
              "lerp_mode": "catmullrom"
            }
          }
        },
        "bone6": {
          "rotation": {
            "0.0": {
              "post": [
                0,
                5,
                0
              ],
              "lerp_mode": "catmullrom"
            },
            "0.2917": {
              "post": [
                0,
                -2.5,
                0
              ],
              "lerp_mode": "catmullrom"
            },
            "0.5833": {
              "post": [
                0,
                5,
                0
              ],
              "lerp_mode": "catmullrom"
            },
            "0.7917": {
              "post": [
                0,
                -2.5,
                0
              ],
              "lerp_mode": "catmullrom"
            },
            "1.0": {
              "post": [
                0,
                5,
                0
              ],
              "lerp_mode": "catmullrom"
            }
          }
        },
        "bone7": {
          "rotation": {
            "0.0": {
              "post": [
                0,
                -5,
                0
              ],
              "lerp_mode": "catmullrom"
            },
            "0.2917": {
              "post": [
                0,
                -2.5,
                0
              ],
              "lerp_mode": "catmullrom"
            },
            "0.5833": {
              "post": [
                0,
                -5,
                0
              ],
              "lerp_mode": "catmullrom"
            },
            "0.7917": {
              "post": [
                0,
                -2.5,
                0
              ],
              "lerp_mode": "catmullrom"
            },
            "1.0": {
              "post": [
                0,
                -5,
                0
              ],
              "lerp_mode": "catmullrom"
            }
          }
        }
      }
    },
    "animation.Crawler_skibidi_toilet.idle": {
      "loop": true,
      "animation_length": 1,
      "bones": {
        "bone6": {
          "rotation": {
            "0.0": {
              "post": [
                5,
                0,
                0
              ],
              "lerp_mode": "catmullrom"
            },
            "0.1667": {
              "post": [
                4.22695,
                7.37793,
                6.76289
              ],
              "lerp_mode": "catmullrom"
            },
            "0.2083": {
              "post": [
                3.8639,
                -7.80094,
                5.56087
              ],
              "lerp_mode": "catmullrom"
            },
            "0.25": {
              "post": [
                4.22695,
                7.37793,
                6.76289
              ],
              "lerp_mode": "catmullrom"
            },
            "0.2917": {
              "post": [
                3.8639,
                -7.80094,
                5.56087
              ],
              "lerp_mode": "catmullrom"
            },
            "0.5417": {
              "post": [
                0,
                0,
                0
              ],
              "lerp_mode": "catmullrom"
            },
            "1.0": {
              "post": [
                5,
                0,
                0
              ],
              "lerp_mode": "catmullrom"
            }
          }
        },
        "bone7": {
          "rotation": {
            "0.0": {
              "post": [
                5,
                0,
                0
              ],
              "lerp_mode": "catmullrom"
            },
            "0.1667": {
              "post": [
                3.5564,
                -9.98113,
                -0.61718
              ],
              "lerp_mode": "catmullrom"
            },
            "0.2083": {
              "post": [
                3.16355,
                -2.20516,
                -0.1807
              ],
              "lerp_mode": "catmullrom"
            },
            "0.25": {
              "post": [
                3.5564,
                -9.98113,
                -0.61718
              ],
              "lerp_mode": "catmullrom"
            },
            "0.2917": {
              "post": [
                3.16355,
                -2.20516,
                -0.1807
              ],
              "lerp_mode": "catmullrom"
            },
            "0.5417": {
              "post": [
                0,
                0,
                0
              ],
              "lerp_mode": "catmullrom"
            },
            "1.0": {
              "post": [
                5,
                0,
                0
              ],
              "lerp_mode": "catmullrom"
            }
          }
        },
        "bone8": {
          "rotation": {
            "0.0": {
              "post": [
                5,
                0,
                0
              ],
              "lerp_mode": "catmullrom"
            },
            "0.1667": {
              "post": [
                5.00624,
                4.73231,
                3.2821
              ],
              "lerp_mode": "catmullrom"
            },
            "0.2917": {
              "post": [
                4.98107,
                -0.43523,
                4.98107
              ],
              "lerp_mode": "catmullrom"
            },
            "0.5417": {
              "post": [
                5.00669,
                -4.70119,
                -3.6379
              ],
              "lerp_mode": "catmullrom"
            },
            "0.75": {
              "post": [
                -5.01352,
                -0.31088,
                3.55791
              ],
              "lerp_mode": "catmullrom"
            },
            "1.0": {
              "post": [
                5,
                0,
                0
              ],
              "lerp_mode": "catmullrom"
            }
          }
        },
        "bone9": {
          "rotation": {
            "0.0": {
              "post": [
                -10,
                0,
                0
              ],
              "lerp_mode": "catmullrom"
            },
            "0.125": {
              "post": [
                -10.03742,
                -4.92385,
                0.87038
              ],
              "lerp_mode": "catmullrom"
            },
            "0.25": {
              "post": [
                -10.02004,
                3.16534,
                -0.55883
              ],
              "lerp_mode": "catmullrom"
            },
            "0.4583": {
              "post": [
                -10.25127,
                -12.48259,
                2.23853
              ],
              "lerp_mode": "catmullrom"
            },
            "0.5833": {
              "post": [
                -7.87643,
                -11.57296,
                -10.83701
              ],
              "lerp_mode": "catmullrom"
            },
            "0.75": {
              "post": [
                -10.39428,
                -4.01487,
                10.8327
              ],
              "lerp_mode": "catmullrom"
            },
            "0.875": {
              "post": [
                -9.85338,
                -3.31487,
                -1.97696
              ],
              "lerp_mode": "catmullrom"
            },
            "1.0": {
              "post": [
                -10,
                0,
                0
              ],
              "lerp_mode": "catmullrom"
            }
          }
        },
        "bone10": {
          "scale": {
            "0.0": {
              "post": [
                1,
                1,
                1
              ],
              "lerp_mode": "catmullrom"
            },
            "0.125": {
              "post": [
                1,
                0.7,
                1
              ],
              "lerp_mode": "catmullrom"
            },
            "0.2083": {
              "post": [
                0.8,
                0.7286,
                1
              ],
              "lerp_mode": "catmullrom"
            },
            "0.2917": {
              "post": [
                0.6211,
                0.7572,
                1
              ],
              "lerp_mode": "catmullrom"
            },
            "0.375": {
              "post": [
                0.9657,
                0.7858,
                1
              ],
              "lerp_mode": "catmullrom"
            },
            "0.5": {
              "post": [
                0.7726,
                0.8286,
                1
              ],
              "lerp_mode": "catmullrom"
            },
            "0.625": {
              "post": [
                0.8295,
                0.6715,
                1
              ],
              "lerp_mode": "catmullrom"
            },
            "0.75": {
              "post": [
                1.0863,
                0.781,
                1
              ],
              "lerp_mode": "catmullrom"
            },
            "0.875": {
              "post": [
                1.0432,
                1.0905,
                1
              ],
              "lerp_mode": "catmullrom"
            },
            "1.0": {
              "post": [
                1,
                1,
                1
              ],
              "lerp_mode": "catmullrom"
            }
          }
        }
      }
    },
    "animation.Crawler_skibidi_toilet.attack": {
      "loop": true,
      "animation_length": 0.75,
      "bones": {
        "bone6": {
          "rotation": {
            "0.0": [
              0,
              "math.sin(math.sqrt(variable.attack_time) * 360) * 0",
              0
            ],
            "0.2917": [
              0,
              "math.sin(math.sqrt(variable.attack_time) * 360) * -40",
              0
            ],
            "0.375": [
              0,
              "math.sin(math.sqrt(variable.attack_time) * 360) * 40",
              0
            ],
            "0.75": [
              0,
              "math.sin(math.sqrt(variable.attack_time) * 360) * 0",
              0
            ]
          }
        },
        "bone7": {
          "rotation": {
            "0.0": [
              0,
              "math.sin(math.sqrt(variable.attack_time) * 360) * 0",
              0
            ],
            "0.2917": [
              0,
              "math.sin(math.sqrt(variable.attack_time) * 360) * 40",
              0
            ],
            "0.375": [
              0,
              "math.sin(math.sqrt(variable.attack_time) * 360) * -40",
              0
            ],
            "0.75": [
              0,
              "math.sin(math.sqrt(variable.attack_time) * 360) * 0",
              0
            ]
          }
        }
      }
    }
  }
}