{
  "format_version": "1.8.0",
  "animations": {
    "animation.wither_skeleton.attack": {
      "loop": true,
      "bones": {
        "leftarm": {
          "rotation": [
            "-90 - ((math.sin(variable.attack_time * 180.0) * 57.3) * 1.2 - (math.sin((1.0 - (1.0 - variable.attack_time) * (1.0 - variable.attack_time)) * 180.0) * 57.3) * 0.4) - (math.sin(query.life_time * 76.776372) * 2.865) - this",
            "5.73 - ((math.sin(variable.attack_time * 180.0) * 57.3) * 0.6) - this",
            "math.cos(query.life_time * 103.13244) * -2.865 - 2.865 - this"
          ]
        },
        "rightarm": {
          "rotation": [
            "-90 - ((math.sin(variable.attack_time * 180.0) * 57.3) * 1.2 - (math.sin((1.0 - (1.0 - variable.attack_time) * (1.0 - variable.attack_time)) * 180.0) * 57.3) * 0.4) + (math.sin(query.life_time * 76.776372) * 2.865) - this",
            "(math.sin(variable.attack_time * 180.0) * 57.3) * 0.6 - 5.73 - this",
            "math.cos(query.life_time * 103.13244) * 2.865 + 2.865 - this"
          ]
        }
      }
    },
    "animation.skibidi_toilet_headset_cameraman.walk": {
      "loop": true,
      "animation_length": 1.25,
      "anim_time_update": "query.modified_distance_moved*0.07",
      "blend_weight": "query.modified_move_speed",
      "bones": {
        "Leftleg": {
          "rotation": {
            "0.0": {
              "post": [
                -20,
                0,
                0
              ],
              "lerp_mode": "catmullrom"
            },
            "0.7083": {
              "post": [
                20,
                0,
                0
              ],
              "lerp_mode": "catmullrom"
            },
            "1.0833": {
              "post": [
                -27.61,
                0,
                0
              ],
              "lerp_mode": "catmullrom"
            },
            "1.25": {
              "post": [
                -20,
                0,
                0
              ],
              "lerp_mode": "catmullrom"
            }
          }
        },
        "bone4": {
          "rotation": {
            "0.0": {
              "post": [
                20,
                0,
                0
              ],
              "lerp_mode": "catmullrom"
            },
            "0.2917": {
              "post": [
                6.72,
                0,
                0
              ],
              "lerp_mode": "catmullrom"
            },
            "0.7083": {
              "post": [
                35,
                0,
                0
              ],
              "lerp_mode": "catmullrom"
            },
            "1.0833": {
              "post": [
                50.9,
                0,
                0
              ],
              "lerp_mode": "catmullrom"
            },
            "1.25": {
              "post": [
                20,
                0,
                0
              ],
              "lerp_mode": "catmullrom"
            }
          }
        },
        "Body": {
          "rotation": {
            "0.0": {
              "post": [
                5,
                0,
                0
              ],
              "lerp_mode": "catmullrom"
            },
            "0.3333": {
              "post": [
                10,
                0,
                0
              ],
              "lerp_mode": "catmullrom"
            },
            "0.625": {
              "post": [
                5,
                0,
                0
              ],
              "lerp_mode": "catmullrom"
            },
            "0.9167": {
              "post": [
                10,
                0,
                0
              ],
              "lerp_mode": "catmullrom"
            },
            "1.25": {
              "post": [
                5,
                0,
                0
              ],
              "lerp_mode": "catmullrom"
            }
          }
        },
        "Leftarm": {
          "rotation": {
            "0.0": {
              "post": [
                20,
                0,
                0
              ],
              "lerp_mode": "catmullrom"
            },
            "0.7083": {
              "post": [
                -20,
                0,
                0
              ],
              "lerp_mode": "catmullrom"
            },
            "1.25": {
              "post": [
                20,
                0,
                0
              ],
              "lerp_mode": "catmullrom"
            }
          }
        },
        "bone2": {
          "rotation": {
            "0.0": {
              "post": [
                -12.5,
                0,
                0
              ],
              "lerp_mode": "catmullrom"
            },
            "0.625": {
              "post": [
                -35,
                0,
                0
              ],
              "lerp_mode": "catmullrom"
            },
            "0.9583": {
              "post": [
                -40.46,
                0,
                0
              ],
              "lerp_mode": "catmullrom"
            },
            "1.25": {
              "post": [
                -12.5,
                0,
                0
              ],
              "lerp_mode": "catmullrom"
            }
          }
        },
        "Rightarm": {
          "rotation": {
            "0.0": {
              "post": [
                -20,
                0,
                0
              ],
              "lerp_mode": "catmullrom"
            },
            "0.7083": {
              "post": [
                20,
                0,
                0
              ],
              "lerp_mode": "catmullrom"
            },
            "1.25": {
              "post": [
                -20,
                0,
                0
              ],
              "lerp_mode": "catmullrom"
            }
          }
        },
        "bone": {
          "rotation": {
            "0.0": {
              "post": [
                -35,
                0,
                0
              ],
              "lerp_mode": "catmullrom"
            },
            "0.25": {
              "post": [
                -40.46,
                0,
                0
              ],
              "lerp_mode": "catmullrom"
            },
            "0.625": {
              "post": [
                -12.5,
                0,
                0
              ],
              "lerp_mode": "catmullrom"
            },
            "1.25": {
              "post": [
                -35,
                0,
                0
              ],
              "lerp_mode": "catmullrom"
            }
          }
        },
        "Rightleg": {
          "rotation": {
            "0.0": {
              "post": [
                20,
                0,
                0
              ],
              "lerp_mode": "catmullrom"
            },
            "0.2917": {
              "post": [
                -27.61,
                0,
                0
              ],
              "lerp_mode": "catmullrom"
            },
            "0.7083": {
              "post": [
                -20,
                0,
                0
              ],
              "lerp_mode": "catmullrom"
            },
            "1.25": {
              "post": [
                20,
                0,
                0
              ],
              "lerp_mode": "catmullrom"
            }
          }
        },
        "bone3": {
          "rotation": {
            "0.0": {
              "post": [
                35,
                0,
                0
              ],
              "lerp_mode": "catmullrom"
            },
            "0.2083": {
              "post": [
                50.9,
                0,
                0
              ],
              "lerp_mode": "catmullrom"
            },
            "0.5417": {
              "post": [
                20,
                0,
                0
              ],
              "lerp_mode": "catmullrom"
            },
            "0.875": {
              "post": [
                6.72,
                0,
                0
              ],
              "lerp_mode": "catmullrom"
            },
            "1.25": {
              "post": [
                35,
                0,
                0
              ],
              "lerp_mode": "catmullrom"
            }
          }
        }
      }
    },
    "animation.skibidi_toilet_headset_cameraman.base": {
      "loop": true,
      "bones": {
        "Leftleg": {
          "rotation": [
            -2.5,
            0,
            -2.5
          ]
        },
        "bone4": {
          "rotation": [
            5,
            0,
            0
          ]
        },
        "Body": {
          "rotation": [
            2.5,
            0,
            0
          ]
        },
        "Leftarm": {
          "rotation": [
            5,
            0,
            -5
          ]
        },
        "bone2": {
          "rotation": [
            -7.5,
            0,
            0
          ]
        },
        "Rightarm": {
          "rotation": [
            5,
            0,
            5
          ]
        },
        "bone": {
          "rotation": [
            -7.5,
            0,
            0
          ]
        },
        "Rightleg": {
          "rotation": [
            -2.5,
            0,
            2.5
          ]
        },
        "bone3": {
          "rotation": [
            5,
            0,
            0
          ]
        }
      }
    },
    "animation.skibidi_toilet_headset_cameraman.look": {
      "loop": true,
      "bones": {
        "Head": {
          "rotation": [
            "query.target_x_rotation",
            "query.target_y_rotation",
            0
          ]
        }
      }
    },
    "animation.skibidi_toilet_headset_cameraman.attack_1": {
      "animation_length": 0.66667,
      "anim_time_update": "variable.attack_time*0.5",
      "bones": {
        "Body": {
          "rotation": {
            "0.0": {
              "post": [
                0,
                0,
                0
              ],
              "lerp_mode": "catmullrom"
            },
            "0.25": {
              "post": [
                10,
                -20,
                0
              ],
              "lerp_mode": "catmullrom"
            },
            "0.375": {
              "post": [
                4,
                27,
                0
              ],
              "lerp_mode": "catmullrom"
            },
            "0.5833": {
              "post": [
                4,
                27,
                0
              ],
              "lerp_mode": "catmullrom"
            },
            "0.6667": {
              "post": [
                0,
                0,
                0
              ],
              "lerp_mode": "catmullrom"
            }
          }
        },
        "Leftarm": {
          "rotation": {
            "0.0": {
              "post": [
                0,
                0,
                0
              ],
              "lerp_mode": "catmullrom"
            },
            "0.25": {
              "post": [
                52.5,
                0,
                -32.5
              ],
              "lerp_mode": "catmullrom"
            },
            "0.375": {
              "post": [
                -56.7,
                43.97,
                -42.27
              ],
              "lerp_mode": "catmullrom"
            },
            "0.5417": {
              "post": [
                -56.7,
                43.97,
                -42.27
              ],
              "lerp_mode": "catmullrom"
            },
            "0.6667": {
              "post": [
                0,
                0,
                0
              ],
              "lerp_mode": "catmullrom"
            }
          }
        },
        "bone2": {
          "rotation": {
            "0.0": {
              "post": [
                0,
                0,
                0
              ],
              "lerp_mode": "catmullrom"
            },
            "0.25": {
              "post": [
                -50,
                0,
                0
              ],
              "lerp_mode": "catmullrom"
            },
            "0.375": {
              "post": [
                -70,
                0,
                0
              ],
              "lerp_mode": "catmullrom"
            },
            "0.5417": {
              "post": [
                -70,
                0,
                0
              ],
              "lerp_mode": "catmullrom"
            },
            "0.6667": {
              "post": [
                0,
                0,
                0
              ],
              "lerp_mode": "catmullrom"
            }
          }
        },
        "Rightarm": {
          "rotation": {
            "0.0": {
              "post": [
                0,
                0,
                0
              ],
              "lerp_mode": "catmullrom"
            },
            "0.2083": {
              "post": [
                5,
                0,
                10
              ],
              "lerp_mode": "catmullrom"
            },
            "0.3333": {
              "post": [
                16.82,
                0,
                3.64
              ],
              "lerp_mode": "catmullrom"
            },
            "0.5": {
              "post": [
                16.82,
                0,
                3.64
              ],
              "lerp_mode": "catmullrom"
            },
            "0.6667": {
              "post": [
                0,
                0,
                0
              ],
              "lerp_mode": "catmullrom"
            }
          }
        },
        "bone": {
          "rotation": {
            "0.0": {
              "post": [
                0,
                0,
                0
              ],
              "lerp_mode": "catmullrom"
            },
            "0.2083": {
              "post": [
                -15,
                0,
                0
              ],
              "lerp_mode": "catmullrom"
            },
            "0.3333": {
              "post": [
                -20.45,
                0,
                0
              ],
              "lerp_mode": "catmullrom"
            },
            "0.5": {
              "post": [
                -20.45,
                0,
                0
              ],
              "lerp_mode": "catmullrom"
            },
            "0.6667": {
              "post": [
                0,
                0,
                0
              ],
              "lerp_mode": "catmullrom"
            }
          }
        }
      }
    },
    "animation.skibidi_toilet_headset_cameraman.bases": {
      "loop": true
    }
  }
}