{
  "format_version": "1.8.0",
  "animations": {
    "animation.skibidi_toilet_mutant_skibidi_toilet_man.default_leg_pose": {
      "loop": true,
      "bones": {
        "leg0": {
          "rotation": [
            0,
            "45.0 - this",
            "-45.0 - this"
          ]
        },
        "leg1": {
          "rotation": [
            0,
            "-45.0 - this",
            "45.0 - this"
          ]
        },
        "leg2": {
          "rotation": [
            0,
            "22.5 - this",
            "-33.3 - this"
          ]
        },
        "leg3": {
          "rotation": [
            0,
            "-22.5 - this",
            "33.3 - this"
          ]
        },
        "leg4": {
          "rotation": [
            0,
            "-22.5 - this",
            "-33.3 - this"
          ]
        },
        "leg5": {
          "rotation": [
            0,
            "22.5 - this",
            "33.3 - this"
          ]
        },
        "leg6": {
          "rotation": [
            0,
            "-45.0 - this",
            "-45.0 - this"
          ]
        },
        "leg7": {
          "rotation": [
            0,
            "45.0 - this",
            "45.0 - this"
          ]
        }
      }
    },
    "animation.skibidi_toilet_mutant_skibidi_toilet_man.look_at_target": {
      "loop": true,
      "bones": {
        "head": {
          "rotation": [
            "query.target_x_rotation",
            "query.target_y_rotation",
            0
          ]
        }
      }
    },
    "animation.skibidi_toilet_mutant_skibidi_toilet_man.walk": {
      "anim_time_update": "query.modified_distance_moved",
      "loop": true,
      "bones": {
        "leg0": {
          "rotation": [
            0,
            "-math.abs(math.cos(query.anim_time * 76.34 + 90 * 0) * 22.92)",
            "math.abs(math.sin(query.anim_time * 38.17 + 90 * 0) * 22.92)"
          ]
        },
        "leg1": {
          "rotation": [
            0,
            "math.abs(math.cos(query.anim_time * 76.34 + 90 * 0) * 22.92)",
            "-math.abs(math.sin(query.anim_time * 38.17 + 90 * 0) * 22.92)"
          ]
        },
        "leg2": {
          "rotation": [
            0,
            "-math.abs(math.cos(query.anim_time * 76.34 + 90 * 1) * 22.92)",
            "math.abs(math.sin(query.anim_time * 38.17 + 90 * 1) * 22.92)"
          ]
        },
        "leg3": {
          "rotation": [
            0,
            "math.abs(math.cos(query.anim_time * 76.34 + 90 * 1) * 22.92)",
            "-math.abs(math.sin(query.anim_time * 38.17 + 90 * 1) * 22.92)"
          ]
        },
        "leg4": {
          "rotation": [
            0,
            "-math.abs(math.cos(query.anim_time * 76.34 + 90 * 2) * 22.92)",
            "math.abs(math.sin(query.anim_time * 38.17 + 90 * 2) * 22.92)"
          ]
        },
        "leg5": {
          "rotation": [
            0,
            "math.abs(math.cos(query.anim_time * 76.34 + 90 * 2) * 22.92)",
            "-math.abs(math.sin(query.anim_time * 38.17 + 90 * 2) * 22.92)"
          ]
        },
        "leg6": {
          "rotation": [
            0,
            "-math.abs(math.cos(query.anim_time * 76.34 + 90 * 3) * 22.92)",
            "math.abs(math.sin(query.anim_time * 38.17 + 90 * 3) * 22.92)"
          ]
        },
        "leg7": {
          "rotation": [
            0,
            "math.abs(math.cos(query.anim_time * 76.34 + 90 * 3) * 22.92)",
            "-math.abs(math.sin(query.anim_time * 38.17 + 90 * 3) * 22.92)"
          ]
        }
      }
    },
    "animation.skibidi_toilet_mutant_skibidi_toilet_man.idle": {
      "loop": true,
      "animation_length": 1.375,
      "bones": {
        "bone": {
          "rotation": {
            "0.0": {
              "post": [
                5,
                0,
                0
              ],
              "lerp_mode": "catmullrom"
            },
            "0.125": {
              "post": [
                5,
                5,
                0
              ],
              "lerp_mode": "catmullrom"
            },
            "0.1667": {
              "post": [
                5,
                -2.67,
                0
              ],
              "lerp_mode": "catmullrom"
            },
            "0.25": {
              "post": [
                5,
                5,
                0
              ],
              "lerp_mode": "catmullrom"
            },
            "0.2917": {
              "post": [
                5,
                -2.67,
                0
              ],
              "lerp_mode": "catmullrom"
            },
            "0.5": {
              "post": [
                -3.18,
                -1.97,
                0
              ],
              "lerp_mode": "catmullrom"
            },
            "0.75": {
              "post": [
                0,
                -1.57,
                0
              ],
              "lerp_mode": "catmullrom"
            },
            "0.9583": {
              "post": [
                1.67,
                -13.55,
                0
              ],
              "lerp_mode": "catmullrom"
            },
            "1.125": {
              "post": [
                3,
                11.87,
                0
              ],
              "lerp_mode": "catmullrom"
            },
            "1.375": {
              "post": [
                5,
                0,
                0
              ],
              "lerp_mode": "catmullrom"
            }
          },
          "position": {
            "0.0": {
              "post": [
                0,
                0,
                0
              ],
              "lerp_mode": "catmullrom"
            },
            "0.125": {
              "post": [
                1,
                0,
                0
              ],
              "lerp_mode": "catmullrom"
            },
            "0.1667": {
              "post": [
                -0.03,
                0,
                0
              ],
              "lerp_mode": "catmullrom"
            },
            "0.2083": {
              "post": [
                1,
                0,
                0
              ],
              "lerp_mode": "catmullrom"
            },
            "0.25": {
              "post": [
                -0.03,
                0,
                0
              ],
              "lerp_mode": "catmullrom"
            },
            "0.2917": {
              "post": [
                -0.03,
                0,
                0
              ],
              "lerp_mode": "catmullrom"
            },
            "0.4167": {
              "post": [
                0,
                0,
                0
              ],
              "lerp_mode": "catmullrom"
            },
            "0.6667": {
              "post": [
                0,
                0,
                0
              ],
              "lerp_mode": "catmullrom"
            },
            "1.0": {
              "post": [
                -1,
                0,
                0
              ],
              "lerp_mode": "catmullrom"
            },
            "1.0417": {
              "post": [
                0.11,
                0,
                0
              ],
              "lerp_mode": "catmullrom"
            },
            "1.0833": {
              "post": [
                -0.9,
                0,
                0
              ],
              "lerp_mode": "catmullrom"
            },
            "1.1667": {
              "post": [
                0,
                0,
                0
              ],
              "lerp_mode": "catmullrom"
            },
            "1.375": {
              "post": [
                0,
                0,
                0
              ],
              "lerp_mode": "catmullrom"
            }
          },
          "scale": {
            "0.0": {
              "post": [
                1,
                1,
                1
              ],
              "lerp_mode": "catmullrom"
            },
            "0.125": {
              "post": [
                1,
                1,
                1
              ],
              "lerp_mode": "catmullrom"
            },
            "0.25": {
              "post": [
                1,
                1,
                1
              ],
              "lerp_mode": "catmullrom"
            },
            "0.4167": {
              "post": [
                1,
                1.1,
                1
              ],
              "lerp_mode": "catmullrom"
            },
            "0.5417": {
              "post": [
                1,
                0.987,
                1
              ],
              "lerp_mode": "catmullrom"
            },
            "0.7083": {
              "post": [
                1,
                1.0896,
                1
              ],
              "lerp_mode": "catmullrom"
            },
            "0.8333": {
              "post": [
                1,
                0.9728,
                1
              ],
              "lerp_mode": "catmullrom"
            },
            "1.375": {
              "post": [
                1,
                1,
                1
              ],
              "lerp_mode": "catmullrom"
            }
          }
        },
        "bone3": {
          "rotation": {
            "0.0": {
              "post": [
                0,
                0,
                0
              ],
              "lerp_mode": "catmullrom"
            },
            "0.0417": {
              "post": [
                0,
                2.5,
                0
              ],
              "lerp_mode": "catmullrom"
            },
            "0.0833": {
              "post": [
                0,
                -2.58,
                0
              ],
              "lerp_mode": "catmullrom"
            },
            "0.125": {
              "post": [
                0,
                2.5,
                0
              ],
              "lerp_mode": "catmullrom"
            },
            "0.1667": {
              "post": [
                0,
                -2.58,
                0
              ],
              "lerp_mode": "catmullrom"
            },
            "0.375": {
              "post": [
                -7.5,
                -2.14,
                0
              ],
              "lerp_mode": "catmullrom"
            },
            "0.5": {
              "post": [
                4.06,
                -1.69,
                0
              ],
              "lerp_mode": "catmullrom"
            },
            "0.5833": {
              "post": [
                -7.5,
                -2.14,
                0
              ],
              "lerp_mode": "catmullrom"
            },
            "0.6667": {
              "post": [
                4.06,
                -1.69,
                0
              ],
              "lerp_mode": "catmullrom"
            },
            "0.875": {
              "post": [
                2.87,
                13.81,
                0
              ],
              "lerp_mode": "catmullrom"
            },
            "1.0": {
              "post": [
                2.15,
                -9.64,
                0
              ],
              "lerp_mode": "catmullrom"
            },
            "1.2083": {
              "post": [
                0.96,
                10.72,
                0
              ],
              "lerp_mode": "catmullrom"
            },
            "1.25": {
              "post": [
                0,
                0,
                0
              ],
              "lerp_mode": "catmullrom"
            },
            "1.375": {
              "post": [
                0,
                0,
                0
              ],
              "lerp_mode": "catmullrom"
            }
          }
        },
        "bone4": {
          "rotation": {
            "0.0": {
              "post": [
                0,
                0,
                -10
              ],
              "lerp_mode": "catmullrom"
            },
            "0.1667": {
              "post": [
                0,
                0,
                -27.23
              ],
              "lerp_mode": "catmullrom"
            },
            "0.375": {
              "post": [
                0,
                0,
                -10
              ],
              "lerp_mode": "catmullrom"
            },
            "0.5833": {
              "post": [
                0,
                0,
                -15
              ],
              "lerp_mode": "catmullrom"
            },
            "0.9167": {
              "post": [
                0,
                0,
                -10
              ],
              "lerp_mode": "catmullrom"
            },
            "1.0417": {
              "post": [
                0,
                0,
                -8.62
              ],
              "lerp_mode": "catmullrom"
            },
            "1.375": {
              "post": [
                0,
                0,
                -10
              ],
              "lerp_mode": "catmullrom"
            }
          },
          "position": {
            "0.0": {
              "post": [
                0,
                0,
                0
              ],
              "lerp_mode": "catmullrom"
            },
            "0.375": {
              "post": [
                0,
                1,
                0
              ],
              "lerp_mode": "catmullrom"
            },
            "0.5": {
              "post": [
                0,
                -0.38,
                0
              ],
              "lerp_mode": "catmullrom"
            },
            "0.6667": {
              "post": [
                0,
                1,
                0
              ],
              "lerp_mode": "catmullrom"
            },
            "0.875": {
              "post": [
                0,
                1,
                0
              ],
              "lerp_mode": "catmullrom"
            },
            "1.0": {
              "post": [
                0,
                -0.14,
                0
              ],
              "lerp_mode": "catmullrom"
            },
            "1.0833": {
              "post": [
                0,
                0.89,
                0
              ],
              "lerp_mode": "catmullrom"
            },
            "1.375": {
              "post": [
                0,
                0,
                0
              ],
              "lerp_mode": "catmullrom"
            }
          }
        },
        "bone2": {
          "rotation": {
            "0.0": {
              "post": [
                0,
                0,
                15
              ],
              "lerp_mode": "catmullrom"
            },
            "0.1667": {
              "post": [
                0,
                0,
                27.5
              ],
              "lerp_mode": "catmullrom"
            },
            "0.375": {
              "post": [
                0,
                0,
                15
              ],
              "lerp_mode": "catmullrom"
            },
            "0.5833": {
              "post": [
                0,
                0,
                15
              ],
              "lerp_mode": "catmullrom"
            },
            "0.9167": {
              "post": [
                0,
                0,
                15
              ],
              "lerp_mode": "catmullrom"
            },
            "1.0417": {
              "post": [
                0,
                0,
                5.43
              ],
              "lerp_mode": "catmullrom"
            },
            "1.375": {
              "post": [
                0,
                0,
                15
              ],
              "lerp_mode": "catmullrom"
            }
          },
          "position": {
            "0.0": {
              "post": [
                0,
                0,
                0
              ],
              "lerp_mode": "catmullrom"
            },
            "0.375": {
              "post": [
                0,
                1,
                0
              ],
              "lerp_mode": "catmullrom"
            },
            "0.5": {
              "post": [
                0,
                -0.38,
                0
              ],
              "lerp_mode": "catmullrom"
            },
            "0.6667": {
              "post": [
                0,
                1,
                0
              ],
              "lerp_mode": "catmullrom"
            },
            "0.875": {
              "post": [
                0,
                1,
                0
              ],
              "lerp_mode": "catmullrom"
            },
            "1.0": {
              "post": [
                0,
                -0.14,
                0
              ],
              "lerp_mode": "catmullrom"
            },
            "1.0833": {
              "post": [
                0,
                0.89,
                0
              ],
              "lerp_mode": "catmullrom"
            },
            "1.375": {
              "post": [
                0,
                0,
                0
              ],
              "lerp_mode": "catmullrom"
            }
          }
        },
        "bone5": {
          "position": {
            "0.0": {
              "post": [
                0,
                0,
                0
              ],
              "lerp_mode": "catmullrom"
            },
            "0.1667": {
              "post": [
                0,
                1.03,
                0
              ],
              "lerp_mode": "catmullrom"
            },
            "0.375": {
              "post": [
                0,
                1.03,
                0
              ],
              "lerp_mode": "catmullrom"
            },
            "0.5417": {
              "post": [
                0,
                0,
                0
              ],
              "lerp_mode": "catmullrom"
            },
            "0.6667": {
              "post": [
                0,
                -1,
                0
              ],
              "lerp_mode": "catmullrom"
            },
            "0.75": {
              "post": [
                0,
                1.12,
                0
              ],
              "lerp_mode": "catmullrom"
            },
            "0.8333": {
              "post": [
                0,
                -0.9,
                0
              ],
              "lerp_mode": "catmullrom"
            },
            "0.9167": {
              "post": [
                0,
                1.12,
                0
              ],
              "lerp_mode": "catmullrom"
            },
            "1.0417": {
              "post": [
                0,
                -0.89,
                0
              ],
              "lerp_mode": "catmullrom"
            },
            "1.1667": {
              "post": [
                0,
                1.03,
                0
              ],
              "lerp_mode": "catmullrom"
            },
            "1.375": {
              "post": [
                0,
                0,
                0
              ],
              "lerp_mode": "catmullrom"
            }
          }
        },
        "bone9": {
          "rotation": {
            "0.0": {
              "post": [
                0,
                0,
                2.5
              ],
              "lerp_mode": "catmullrom"
            },
            "0.5417": {
              "post": [
                0,
                0,
                5
              ],
              "lerp_mode": "catmullrom"
            },
            "0.9167": {
              "post": [
                0,
                0,
                1.38
              ],
              "lerp_mode": "catmullrom"
            },
            "1.375": {
              "post": [
                0,
                0,
                2.5
              ],
              "lerp_mode": "catmullrom"
            }
          }
        },
        "bone7": {
          "rotation": {
            "0.0": {
              "post": [
                0,
                0,
                -2.5
              ],
              "lerp_mode": "catmullrom"
            },
            "0.5417": {
              "post": [
                0,
                0,
                -5
              ],
              "lerp_mode": "catmullrom"
            },
            "0.9167": {
              "post": [
                0,
                0,
                -1.37
              ],
              "lerp_mode": "catmullrom"
            },
            "1.375": {
              "post": [
                0,
                0,
                -2.5
              ],
              "lerp_mode": "catmullrom"
            }
          }
        },
        "bone6": {
          "rotation": {
            "0.0": {
              "post": [
                2.5,
                0,
                0
              ],
              "lerp_mode": "catmullrom"
            },
            "0.6667": {
              "post": [
                0,
                0,
                0
              ],
              "lerp_mode": "catmullrom"
            },
            "1.375": {
              "post": [
                2.5,
                0,
                0
              ],
              "lerp_mode": "catmullrom"
            }
          }
        }
      }
    },
    "animation.skibidi_toilet_mutant_skibidi_toilet_man.walk_1": {
      "loop": true,
      "animation_length": 0.5,
      "anim_time_update": "query.modified_distance_moved/6.0",
      "blend_weight": "query.modified_move_speed",
      "bones": {
        "bone9": {
          "rotation": {
            "0.0": {
              "post": [
                10,
                0,
                0
              ],
              "lerp_mode": "catmullrom"
            },
            "0.25": {
              "post": [
                -10,
                0,
                0
              ],
              "lerp_mode": "catmullrom"
            },
            "0.5": {
              "post": [
                10,
                0,
                0
              ],
              "lerp_mode": "catmullrom"
            }
          }
        },
        "bone10": {
          "rotation": {
            "0.0": {
              "post": [
                -25,
                0,
                0
              ],
              "lerp_mode": "catmullrom"
            },
            "0.125": {
              "post": [
                -5,
                0,
                0
              ],
              "lerp_mode": "catmullrom"
            },
            "0.25": {
              "post": [
                -10,
                0,
                0
              ],
              "lerp_mode": "catmullrom"
            },
            "0.4167": {
              "post": [
                -32.5,
                0,
                0
              ],
              "lerp_mode": "catmullrom"
            },
            "0.5": {
              "post": [
                -25,
                0,
                0
              ],
              "lerp_mode": "catmullrom"
            }
          }
        },
        "bone7": {
          "rotation": {
            "0.0": {
              "post": [
                -10,
                0,
                0
              ],
              "lerp_mode": "catmullrom"
            },
            "0.25": {
              "post": [
                10,
                0,
                0
              ],
              "lerp_mode": "catmullrom"
            },
            "0.5": {
              "post": [
                -10,
                0,
                0
              ],
              "lerp_mode": "catmullrom"
            }
          }
        },
        "bone8": {
          "rotation": {
            "0.0": {
              "post": [
                -10,
                0,
                0
              ],
              "lerp_mode": "catmullrom"
            },
            "0.125": {
              "post": [
                -35,
                0,
                0
              ],
              "lerp_mode": "catmullrom"
            },
            "0.25": {
              "post": [
                -25,
                0,
                0
              ],
              "lerp_mode": "catmullrom"
            },
            "0.4167": {
              "post": [
                -2.5,
                0,
                0
              ],
              "lerp_mode": "catmullrom"
            },
            "0.5": {
              "post": [
                -10,
                0,
                0
              ],
              "lerp_mode": "catmullrom"
            }
          }
        },
        "bone6": {
          "rotation": {
            "0.0": {
              "post": [
                0,
                0,
                2.5
              ],
              "lerp_mode": "catmullrom"
            },
            "0.0833": {
              "post": [
                0,
                3.33,
                3.33
              ],
              "lerp_mode": "catmullrom"
            },
            "0.125": {
              "post": [
                0,
                5,
                0
              ],
              "lerp_mode": "catmullrom"
            },
            "0.1667": {
              "post": [
                0,
                3.33,
                -3.33
              ],
              "lerp_mode": "catmullrom"
            },
            "0.25": {
              "post": [
                0,
                0,
                -2.5
              ],
              "lerp_mode": "catmullrom"
            },
            "0.3333": {
              "post": [
                0,
                -5,
                -0.83
              ],
              "lerp_mode": "catmullrom"
            },
            "0.375": {
              "post": [
                0,
                -3.75,
                2.5
              ],
              "lerp_mode": "catmullrom"
            },
            "0.4167": {
              "post": [
                0.37028,
                -2.30632,
                -2.48041
              ],
              "lerp_mode": "catmullrom"
            },
            "0.5": {
              "post": [
                0,
                0,
                2.5
              ],
              "lerp_mode": "catmullrom"
            }
          }
        },
        "bone11": {
          "rotation": {
            "0.0": {
              "post": [
                -10,
                0,
                0
              ],
              "lerp_mode": "catmullrom"
            },
            "0.25": {
              "post": [
                10,
                0,
                0
              ],
              "lerp_mode": "catmullrom"
            },
            "0.375": {
              "post": [
                -21.67,
                0,
                0
              ],
              "lerp_mode": "catmullrom"
            },
            "0.5": {
              "post": [
                -10,
                0,
                0
              ],
              "lerp_mode": "catmullrom"
            }
          }
        },
        "bone12": {
          "rotation": {
            "0.0": {
              "post": [
                10,
                0,
                0
              ],
              "lerp_mode": "catmullrom"
            },
            "0.125": {
              "post": [
                -21.67,
                0,
                0
              ],
              "lerp_mode": "catmullrom"
            },
            "0.25": {
              "post": [
                -10,
                0,
                0
              ],
              "lerp_mode": "catmullrom"
            },
            "0.5": {
              "post": [
                10,
                0,
                0
              ],
              "lerp_mode": "catmullrom"
            }
          }
        },
        "bone13": {
          "rotation": {
            "0.0": {
              "post": [
                35,
                0,
                0
              ],
              "lerp_mode": "catmullrom"
            },
            "0.0833": {
              "post": [
                49.17,
                0,
                0
              ],
              "lerp_mode": "catmullrom"
            },
            "0.25": {
              "post": [
                2.5,
                0,
                0
              ],
              "lerp_mode": "catmullrom"
            },
            "0.375": {
              "post": [
                5.83,
                0,
                0
              ],
              "lerp_mode": "catmullrom"
            },
            "0.5": {
              "post": [
                35,
                0,
                0
              ],
              "lerp_mode": "catmullrom"
            }
          }
        },
        "bone14": {
          "rotation": {
            "0.0": {
              "post": [
                2.5,
                0,
                0
              ],
              "lerp_mode": "catmullrom"
            },
            "0.125": {
              "post": [
                5.83,
                0,
                0
              ],
              "lerp_mode": "catmullrom"
            },
            "0.25": {
              "post": [
                35,
                0,
                0
              ],
              "lerp_mode": "catmullrom"
            },
            "0.375": {
              "post": [
                50.03,
                0,
                0
              ],
              "lerp_mode": "catmullrom"
            },
            "0.5": {
              "post": [
                2.5,
                0,
                0
              ],
              "lerp_mode": "catmullrom"
            }
          }
        },
        "bone15": {
          "position": {
            "0.0": {
              "post": [
                0,
                1,
                0
              ],
              "lerp_mode": "catmullrom"
            },
            "0.0833": {
              "post": [
                -1,
                0.33,
                0
              ],
              "lerp_mode": "catmullrom"
            },
            "0.125": {
              "post": [
                0,
                0,
                0
              ],
              "lerp_mode": "catmullrom"
            },
            "0.1667": {
              "post": [
                1,
                0.33,
                0
              ],
              "lerp_mode": "catmullrom"
            },
            "0.25": {
              "post": [
                0,
                1,
                0
              ],
              "lerp_mode": "catmullrom"
            },
            "0.2917": {
              "post": [
                0,
                0,
                0
              ],
              "lerp_mode": "catmullrom"
            },
            "0.375": {
              "post": [
                -1,
                0.4,
                0
              ],
              "lerp_mode": "catmullrom"
            },
            "0.5": {
              "post": [
                0,
                1,
                0
              ],
              "lerp_mode": "catmullrom"
            }
          }
        }
      }
    },
    "animation.skibidi_toilet_mutant_skibidi_toilet_man.attack": {
      "loop": true,
      "animation_length": 0.625,
      "bones": {
        "bone9": {
          "rotation": {
            "0.0": [
              "math.sin(math.sqrt(variable.attack_time) * 360) * 0",
              0,
              0
            ],
            "0.0833": [
              "math.sin(math.sqrt(variable.attack_time) * 360) * 0",
              0,
              "math.sin(math.sqrt(variable.attack_time) * 360) * -20"
            ],
            "0.1667": [
              "math.sin(math.sqrt(variable.attack_time) * 360) * 40",
              0,
              "math.sin(math.sqrt(variable.attack_time) * 360) * 20"
            ],
            "0.25": [
              "math.sin(math.sqrt(variable.attack_time) * 360) * 40",
              0,
              "math.sin(math.sqrt(variable.attack_time) * 360) * 20"
            ],
            "0.3333": [
              "math.sin(math.sqrt(variable.attack_time) * 360) * 0",
              0,
              0
            ],
            "0.625": [
              "math.sin(math.sqrt(variable.attack_time) * 360) * 0",
              0,
              0
            ]
          }
        },
        "bone10": {
          "rotation": {
            "0.0": [
              "math.sin(math.sqrt(variable.attack_time) * 360) * 0",
              0,
              0
            ],
            "0.0833": [
              "math.sin(math.sqrt(variable.attack_time) * 360) * 0",
              0,
              0
            ],
            "0.1667": [
              "math.sin(math.sqrt(variable.attack_time) * 360) * 40",
              0,
              0
            ],
            "0.25": [
              "math.sin(math.sqrt(variable.attack_time) * 360) * 0",
              0,
              0
            ],
            "0.3333": [
              "math.sin(math.sqrt(variable.attack_time) * 360) * 0",
              0,
              0
            ],
            "0.625": [
              "math.sin(math.sqrt(variable.attack_time) * 360) * 0",
              0,
              0
            ]
          }
        },
        "bone7": {
          "rotation": {
            "0.0": [
              "math.sin(math.sqrt(variable.attack_time) * 360) * 0",
              0,
              0
            ],
            "0.2917": [
              "math.sin(math.sqrt(variable.attack_time) * 360) * 0",
              0,
              0
            ],
            "0.3333": [
              "math.sin(math.sqrt(variable.attack_time) * 360) * 0",
              0,
              "math.sin(math.sqrt(variable.attack_time) * 360) * 20"
            ],
            "0.4167": [
              "math.sin(math.sqrt(variable.attack_time) * 360) * 40",
              0,
              "math.sin(math.sqrt(variable.attack_time) * 360) * -20"
            ],
            "0.5": [
              "math.sin(math.sqrt(variable.attack_time) * 360) * 40",
              0,
              "math.sin(math.sqrt(variable.attack_time) * 360) * -20"
            ],
            "0.625": [
              "math.sin(math.sqrt(variable.attack_time) * 360) * 0",
              0,
              0
            ]
          }
        },
        "bone8": {
          "rotation": {
            "0.0": [
              "math.sin(math.sqrt(variable.attack_time) * 360) * 0",
              0,
              0
            ],
            "0.2917": [
              "math.sin(math.sqrt(variable.attack_time) * 360) * 0",
              0,
              0
            ],
            "0.3333": [
              "math.sin(math.sqrt(variable.attack_time) * 360) * 0",
              0,
              0
            ],
            "0.4167": [
              "math.sin(math.sqrt(variable.attack_time) * 360) * 40",
              0,
              0
            ],
            "0.5": [
              "math.sin(math.sqrt(variable.attack_time) * 360) * 0",
              0,
              0
            ],
            "0.625": [
              "math.sin(math.sqrt(variable.attack_time) * 360) * 0",
              0,
              0
            ]
          }
        },
        "bone6": {
          "rotation": {
            "0.0": [
              "math.sin(math.sqrt(variable.attack_time) * 360) * 0",
              0,
              0
            ],
            "0.0833": [
              "math.sin(math.sqrt(variable.attack_time) * 360) * 0",
              "math.sin(math.sqrt(variable.attack_time) * 360) * -30",
              0
            ],
            "0.1667": [
              "math.sin(math.sqrt(variable.attack_time) * 360) * 0",
              "math.sin(math.sqrt(variable.attack_time) * 360) * 20",
              0
            ],
            "0.25": [
              "math.sin(math.sqrt(variable.attack_time) * 360) * 0",
              "math.sin(math.sqrt(variable.attack_time) * 360) * 0",
              0
            ],
            "0.3333": [
              "math.sin(math.sqrt(variable.attack_time) * 360) * 0",
              "math.sin(math.sqrt(variable.attack_time) * 360) * 20",
              0
            ],
            "0.4167": [
              "math.sin(math.sqrt(variable.attack_time) * 360) * 0",
              "math.sin(math.sqrt(variable.attack_time) * 360) * -30",
              0
            ],
            "0.5": [
              "math.sin(math.sqrt(variable.attack_time) * 360) * 0",
              "math.sin(math.sqrt(variable.attack_time) * 360) * 0",
              0
            ],
            "0.625": [
              "math.sin(math.sqrt(variable.attack_time) * 360) * 0",
              0,
              0
            ]
          }
        },
        "bone": {
          "rotation": {
            "0.0": [
              "math.sin(math.sqrt(variable.attack_time) * 360) * 0",
              0,
              0
            ],
            "0.25": [
              "math.sin(math.sqrt(variable.attack_time) * 360) * 20",
              0,
              0
            ],
            "0.2917": [
              "math.sin(math.sqrt(variable.attack_time) * 360) * -40",
              0,
              0
            ],
            "0.625": [
              "math.sin(math.sqrt(variable.attack_time) * 360) * 0",
              0,
              0
            ]
          }
        },
        "bone4": {
          "rotation": {
            "0.0": [
              0,
              0,
              "math.sin(math.sqrt(variable.attack_time) * 360) * 0"
            ],
            "0.2083": [
              0,
              0,
              "math.sin(math.sqrt(variable.attack_time) * 360) * 40"
            ],
            "0.2917": [
              0,
              0,
              "math.sin(math.sqrt(variable.attack_time) * 360) * 40"
            ],
            "0.625": [
              0,
              0,
              "math.sin(math.sqrt(variable.attack_time) * 360) * 0"
            ]
          },
          "position": {
            "0.0": [
              0,
              "math.sin(math.sqrt(variable.attack_time) * 360) * 0",
              0
            ],
            "0.2083": [
              0,
              "math.sin(math.sqrt(variable.attack_time) * 360) * -1",
              0
            ],
            "0.2917": [
              0,
              "math.sin(math.sqrt(variable.attack_time) * 360) * -1",
              0
            ],
            "0.625": [
              0,
              "math.sin(math.sqrt(variable.attack_time) * 360) * 0",
              0
            ]
          }
        },
        "bone2": {
          "rotation": {
            "0.0": [
              0,
              0,
              "math.sin(math.sqrt(variable.attack_time) * 360) * 0"
            ],
            "0.2083": [
              0,
              0,
              "math.sin(math.sqrt(variable.attack_time) * 360) * -40"
            ],
            "0.2917": [
              0,
              0,
              "math.sin(math.sqrt(variable.attack_time) * 360) * -40"
            ],
            "0.625": [
              0,
              0,
              "math.sin(math.sqrt(variable.attack_time) * 360) * 0"
            ]
          },
          "position": {
            "0.0": [
              0,
              "math.sin(math.sqrt(variable.attack_time) * 360) * 0",
              0
            ],
            "0.2083": [
              0,
              "math.sin(math.sqrt(variable.attack_time) * 360) * -1",
              0
            ],
            "0.2917": [
              0,
              "math.sin(math.sqrt(variable.attack_time) * 360) * -1",
              0
            ],
            "0.625": [
              0,
              "math.sin(math.sqrt(variable.attack_time) * 360) * 0",
              0
            ]
          }
        },
        "bone5": {
          "position": {
            "0.0": [
              0,
              "math.sin(math.sqrt(variable.attack_time) * 360) * 0",
              0
            ],
            "0.125": [
              0,
              "math.sin(math.sqrt(variable.attack_time) * 360) * 0",
              0
            ],
            "0.2917": [
              0,
              "math.sin(math.sqrt(variable.attack_time) * 360) * 1",
              0
            ],
            "0.3333": [
              0,
              "math.sin(math.sqrt(variable.attack_time) * 360) * -1",
              0
            ],
            "0.625": [
              0,
              "math.sin(math.sqrt(variable.attack_time) * 360) * 0",
              0
            ]
          }
        }
      }
    }
  }
}