{
  "format_version": "1.8.0",
  "animations": {
    "animation.wither_skeleton.attack": {
      "loop": true,
      "bones": {
        "leftarm": {
          "rotation": [
            "-90 - ((math.sin(variable.attack_time * 180.0) * 57.3) * 1.2 - (math.sin((1.0 - (1.0 - variable.attack_time) * (1.0 - variable.attack_time)) * 180.0) * 57.3) * 0.4) - (math.sin(query.life_time * 76.776372) * 2.865) - this",
            "5.73 - ((math.sin(variable.attack_time * 180.0) * 57.3) * 0.6) - this",
            "math.cos(query.life_time * 103.13244) * -2.865 - 2.865 - this"
          ]
        },
        "rightarm": {
          "rotation": [
            "-90 - ((math.sin(variable.attack_time * 180.0) * 57.3) * 1.2 - (math.sin((1.0 - (1.0 - variable.attack_time) * (1.0 - variable.attack_time)) * 180.0) * 57.3) * 0.4) + (math.sin(query.life_time * 76.776372) * 2.865) - this",
            "(math.sin(variable.attack_time * 180.0) * 57.3) * 0.6 - 5.73 - this",
            "math.cos(query.life_time * 103.13244) * 2.865 + 2.865 - this"
          ]
        }
      }
    },
    "animation.skibidi_toilet_larger_cameraman.walk": {
      "loop": true,
      "animation_length": 2,
      "anim_time_update": "query.modified_distance_moved/7",
      "blend_weight": "query.modified_move_speed",
      "bones": {
        "Rightleg": {
          "rotation": {
            "0.0": {
              "post": [
                -7.5,
                0,
                0
              ],
              "lerp_mode": "catmullrom"
            },
            "1.0": {
              "post": [
                7.5,
                0,
                0
              ],
              "lerp_mode": "catmullrom"
            },
            "1.7083": {
              "post": [
                -23.12,
                0,
                0
              ],
              "lerp_mode": "catmullrom"
            },
            "2.0": {
              "post": [
                -7.5,
                0,
                0
              ],
              "lerp_mode": "catmullrom"
            }
          }
        },
        "bone5": {
          "rotation": {
            "0.0": {
              "post": [
                7.5,
                0,
                0
              ],
              "lerp_mode": "catmullrom"
            },
            "0.2083": {
              "post": [
                5.2,
                0,
                0
              ],
              "lerp_mode": "catmullrom"
            },
            "1.0": {
              "post": [
                20,
                0,
                0
              ],
              "lerp_mode": "catmullrom"
            },
            "1.5417": {
              "post": [
                37.4,
                0,
                0
              ],
              "lerp_mode": "catmullrom"
            },
            "2.0": {
              "post": [
                7.5,
                0,
                0
              ],
              "lerp_mode": "catmullrom"
            }
          }
        },
        "Leftleg": {
          "rotation": {
            "0.0": {
              "post": [
                7.5,
                0,
                0
              ],
              "lerp_mode": "catmullrom"
            },
            "0.4167": {
              "post": [
                -23.12,
                0,
                0
              ],
              "lerp_mode": "catmullrom"
            },
            "1.0": {
              "post": [
                -7.5,
                0,
                0
              ],
              "lerp_mode": "catmullrom"
            },
            "2.0": {
              "post": [
                7.5,
                0,
                0
              ],
              "lerp_mode": "catmullrom"
            }
          }
        },
        "bone6": {
          "rotation": {
            "0.0": {
              "post": [
                20,
                0,
                0
              ],
              "lerp_mode": "catmullrom"
            },
            "0.2083": {
              "post": [
                37.4,
                0,
                0
              ],
              "lerp_mode": "catmullrom"
            },
            "1.0": {
              "post": [
                7.5,
                0,
                0
              ],
              "lerp_mode": "catmullrom"
            },
            "1.5417": {
              "post": [
                5.2,
                0,
                0
              ],
              "lerp_mode": "catmullrom"
            },
            "2.0": {
              "post": [
                20,
                0,
                0
              ],
              "lerp_mode": "catmullrom"
            }
          }
        },
        "Body": {
          "rotation": {
            "0.0": {
              "post": [
                10,
                0,
                0
              ],
              "lerp_mode": "catmullrom"
            },
            "1.0": {
              "post": [
                15,
                0,
                0
              ],
              "lerp_mode": "catmullrom"
            },
            "2.0": {
              "post": [
                10,
                0,
                0
              ],
              "lerp_mode": "catmullrom"
            }
          }
        },
        "Leftarm": {
          "rotation": {
            "0.0": {
              "post": [
                -30,
                0,
                0
              ],
              "lerp_mode": "catmullrom"
            },
            "1.0": {
              "post": [
                -7.5,
                0,
                0
              ],
              "lerp_mode": "catmullrom"
            },
            "1.375": {
              "post": [
                10,
                0,
                0
              ],
              "lerp_mode": "catmullrom"
            },
            "2.0": {
              "post": [
                -30,
                0,
                0
              ],
              "lerp_mode": "catmullrom"
            }
          }
        },
        "bone4": {
          "rotation": {
            "0.0": {
              "post": [
                -20,
                0,
                0
              ],
              "lerp_mode": "catmullrom"
            },
            "0.5": {
              "post": [
                -32.5,
                0,
                0
              ],
              "lerp_mode": "catmullrom"
            },
            "0.9583": {
              "post": [
                -6.18,
                0,
                0
              ],
              "lerp_mode": "catmullrom"
            },
            "2.0": {
              "post": [
                -20,
                0,
                0
              ],
              "lerp_mode": "catmullrom"
            }
          }
        },
        "Rightarm": {
          "rotation": {
            "0.0": {
              "post": [
                -7.5,
                0,
                0
              ],
              "lerp_mode": "catmullrom"
            },
            "0.3333": {
              "post": [
                10,
                0,
                0
              ],
              "lerp_mode": "catmullrom"
            },
            "1.0": {
              "post": [
                -30,
                0,
                0
              ],
              "lerp_mode": "catmullrom"
            },
            "2.0": {
              "post": [
                -7.5,
                0,
                0
              ],
              "lerp_mode": "catmullrom"
            }
          }
        },
        "bone": {
          "rotation": {
            "0.0": {
              "post": [
                -6.18,
                0,
                0
              ],
              "lerp_mode": "catmullrom"
            },
            "0.9583": {
              "post": [
                -20,
                0,
                0
              ],
              "lerp_mode": "catmullrom"
            },
            "1.5833": {
              "post": [
                -32.5,
                0,
                0
              ],
              "lerp_mode": "catmullrom"
            },
            "2.0": {
              "post": [
                -6.18,
                0,
                0
              ],
              "lerp_mode": "catmullrom"
            }
          }
        }
      }
    },
    "animation.skibidi_toilet_larger_cameraman.attack_1": {
      "loop": true,
      "animation_length": 0.75,
      "bones": {
        "Body": {
          "rotation": {
            "0.0": [
              0,
              "math.sin(math.sqrt(variable.attack_time) * 360) * 0",
              0
            ],
            "0.1667": [
              0,
              "math.sin(math.sqrt(variable.attack_time) * 360) * -20",
              0
            ],
            "0.3333": [
              0,
              "math.sin(math.sqrt(variable.attack_time) * 360) * -30",
              0
            ],
            "0.4167": [
              0,
              "math.sin(math.sqrt(variable.attack_time) * 360) * 20",
              0
            ],
            "0.75": [
              0,
              "math.sin(math.sqrt(variable.attack_time) * 360) * 0",
              0
            ]
          }
        },
        "Leftarm": {
          "rotation": {
            "0.0": [
              "math.sin(math.sqrt(variable.attack_time) * 360) * 0",
              0,
              0
            ],
            "0.1667": [
              "math.sin(math.sqrt(variable.attack_time) * 360) * -40",
              0,
              "math.sin(math.sqrt(variable.attack_time) * 360) * -20"
            ],
            "0.2917": [
              "math.sin(math.sqrt(variable.attack_time) * 360) * -40",
              0,
              "math.sin(math.sqrt(variable.attack_time) * 360) * -40"
            ],
            "0.4583": [
              "math.sin(math.sqrt(variable.attack_time) * 360) * 40",
              0,
              "math.sin(math.sqrt(variable.attack_time) * 360) * -50"
            ],
            "0.75": [
              "math.sin(math.sqrt(variable.attack_time) * 360) * 0",
              0,
              0
            ]
          }
        },
        "bone4": {
          "rotation": {
            "0.0": [
              "math.sin(math.sqrt(variable.attack_time) * 360) * 0",
              0,
              0
            ],
            "0.2083": [
              "math.sin(math.sqrt(variable.attack_time) * 360) * 30",
              0,
              0
            ],
            "0.375": [
              "math.sin(math.sqrt(variable.attack_time) * 360) * 40",
              0,
              0
            ],
            "0.5417": [
              "math.sin(math.sqrt(variable.attack_time) * 360) * 60",
              0,
              0
            ],
            "0.75": [
              "math.sin(math.sqrt(variable.attack_time) * 360) * 0",
              0,
              0
            ]
          }
        },
        "bone3": {
          "rotation": {
            "0.0": [
              "math.sin(math.sqrt(variable.attack_time) * 360) * 0",
              0,
              0
            ],
            "0.75": [
              "math.sin(math.sqrt(variable.attack_time) * 360) * 0",
              0,
              0
            ]
          }
        }
      }
    },
    "animation.skibidi_toilet_larger_cameraman.idle": {
      "loop": true,
      "animation_length": 3,
      "bones": {
        "Body": {
          "rotation": {
            "0.0": {
              "post": [
                2.5,
                0,
                0
              ],
              "lerp_mode": "catmullrom"
            },
            "2.0": {
              "post": [
                -2.5,
                0,
                0
              ],
              "lerp_mode": "catmullrom"
            },
            "3.0": {
              "post": [
                2.5,
                0,
                0
              ],
              "lerp_mode": "catmullrom"
            }
          }
        },
        "Leftarm": {
          "rotation": {
            "0.0": {
              "post": [
                0,
                0,
                2.5
              ],
              "lerp_mode": "catmullrom"
            },
            "2.0": {
              "post": [
                5,
                0,
                0
              ],
              "lerp_mode": "catmullrom"
            },
            "2.5833": {
              "post": [
                2.24,
                0,
                3.88
              ],
              "lerp_mode": "catmullrom"
            },
            "3.0": {
              "post": [
                0,
                0,
                2.5
              ],
              "lerp_mode": "catmullrom"
            }
          }
        },
        "bone4": {
          "rotation": {
            "0.0": {
              "post": [
                -5,
                0,
                0
              ],
              "lerp_mode": "catmullrom"
            },
            "3.0": {
              "post": [
                -5,
                0,
                0
              ],
              "lerp_mode": "catmullrom"
            }
          }
        },
        "bone3": {
          "rotation": {
            "0.0": {
              "post": [
                -5,
                0,
                0
              ],
              "lerp_mode": "catmullrom"
            },
            "1.1667": {
              "post": [
                0,
                0,
                0
              ],
              "lerp_mode": "catmullrom"
            },
            "3.0": {
              "post": [
                -5,
                0,
                0
              ],
              "lerp_mode": "catmullrom"
            }
          }
        },
        "Rightarm": {
          "rotation": {
            "0.0": {
              "post": [
                0,
                0,
                -2.5
              ],
              "lerp_mode": "catmullrom"
            },
            "2.0": {
              "post": [
                7.5,
                0,
                0
              ],
              "lerp_mode": "catmullrom"
            },
            "2.5833": {
              "post": [
                3.35,
                0,
                -3.88
              ],
              "lerp_mode": "catmullrom"
            },
            "3.0": {
              "post": [
                0,
                0,
                -2.5
              ],
              "lerp_mode": "catmullrom"
            }
          }
        },
        "bone": {
          "rotation": {
            "0.0": {
              "post": [
                -5,
                0,
                0
              ],
              "lerp_mode": "catmullrom"
            },
            "3.0": {
              "post": [
                -5,
                0,
                0
              ],
              "lerp_mode": "catmullrom"
            }
          }
        },
        "bone2": {
          "rotation": {
            "0.0": {
              "post": [
                -5,
                0,
                0
              ],
              "lerp_mode": "catmullrom"
            },
            "1.1667": {
              "post": [
                0,
                0,
                0
              ],
              "lerp_mode": "catmullrom"
            },
            "3.0": {
              "post": [
                -5,
                0,
                0
              ],
              "lerp_mode": "catmullrom"
            }
          }
        },
        "Head": {
          "rotation": {
            "0.0": [
              "query.target_x_rotation*0.7",
              "query.target_y_rotation*0.7",
              0
            ],
            "3.0": [
              "query.target_x_rotation*0.7",
              "query.target_y_rotation*0.7",
              0
            ]
          }
        }
      }
    },
    "animation.skibidi_toilet_larger_cameraman.base": {
      "loop": true
    }
  }
}