{
  "format_version": "1.8.0",
  "animations": {
    "animation.spider.default_leg_pose": {
      "loop": true,
      "bones": {
        "leg0": {
          "rotation": [
            0,
            "45.0 - this",
            "-45.0 - this"
          ]
        },
        "leg1": {
          "rotation": [
            0,
            "-45.0 - this",
            "45.0 - this"
          ]
        },
        "leg2": {
          "rotation": [
            0,
            "22.5 - this",
            "-33.3 - this"
          ]
        },
        "leg3": {
          "rotation": [
            0,
            "-22.5 - this",
            "33.3 - this"
          ]
        },
        "leg4": {
          "rotation": [
            0,
            "-22.5 - this",
            "-33.3 - this"
          ]
        },
        "leg5": {
          "rotation": [
            0,
            "22.5 - this",
            "33.3 - this"
          ]
        },
        "leg6": {
          "rotation": [
            0,
            "-45.0 - this",
            "-45.0 - this"
          ]
        },
        "leg7": {
          "rotation": [
            0,
            "45.0 - this",
            "45.0 - this"
          ]
        }
      }
    },
    "animation.spider.look_at_target": {
      "loop": true,
      "bones": {
        "head": {
          "rotation": [
            "query.target_x_rotation",
            "query.target_y_rotation",
            0
          ]
        }
      }
    },
    "animation.spider.walk": {
      "anim_time_update": "query.modified_distance_moved",
      "loop": true,
      "bones": {
        "leg0": {
          "rotation": [
            0,
            "-math.abs(math.cos(query.anim_time * 76.34 + 90 * 0) * 22.92)",
            "math.abs(math.sin(query.anim_time * 38.17 + 90 * 0) * 22.92)"
          ]
        },
        "leg1": {
          "rotation": [
            0,
            "math.abs(math.cos(query.anim_time * 76.34 + 90 * 0) * 22.92)",
            "-math.abs(math.sin(query.anim_time * 38.17 + 90 * 0) * 22.92)"
          ]
        },
        "leg2": {
          "rotation": [
            0,
            "-math.abs(math.cos(query.anim_time * 76.34 + 90 * 1) * 22.92)",
            "math.abs(math.sin(query.anim_time * 38.17 + 90 * 1) * 22.92)"
          ]
        },
        "leg3": {
          "rotation": [
            0,
            "math.abs(math.cos(query.anim_time * 76.34 + 90 * 1) * 22.92)",
            "-math.abs(math.sin(query.anim_time * 38.17 + 90 * 1) * 22.92)"
          ]
        },
        "leg4": {
          "rotation": [
            0,
            "-math.abs(math.cos(query.anim_time * 76.34 + 90 * 2) * 22.92)",
            "math.abs(math.sin(query.anim_time * 38.17 + 90 * 2) * 22.92)"
          ]
        },
        "leg5": {
          "rotation": [
            0,
            "math.abs(math.cos(query.anim_time * 76.34 + 90 * 2) * 22.92)",
            "-math.abs(math.sin(query.anim_time * 38.17 + 90 * 2) * 22.92)"
          ]
        },
        "leg6": {
          "rotation": [
            0,
            "-math.abs(math.cos(query.anim_time * 76.34 + 90 * 3) * 22.92)",
            "math.abs(math.sin(query.anim_time * 38.17 + 90 * 3) * 22.92)"
          ]
        },
        "leg7": {
          "rotation": [
            0,
            "math.abs(math.cos(query.anim_time * 76.34 + 90 * 3) * 22.92)",
            "-math.abs(math.sin(query.anim_time * 38.17 + 90 * 3) * 22.92)"
          ]
        }
      }
    },
    "animation.Arm_Buzz_Saw_Toilet.idle": {
      "loop": true,
      "animation_length": 2.1667,
      "bones": {
        "Neck": {
          "rotation": {
            "0.0": {
              "post": [
                0,
                0,
                0
              ],
              "lerp_mode": "catmullrom"
            },
            "0.1667": {
              "post": [
                0,
                0,
                5.42
              ],
              "lerp_mode": "catmullrom"
            },
            "0.3333": {
              "post": [
                0,
                0,
                -2.57
              ],
              "lerp_mode": "catmullrom"
            },
            "0.5": {
              "post": [
                7.5,
                0,
                -1.56
              ],
              "lerp_mode": "catmullrom"
            },
            "0.75": {
              "post": [
                0,
                0,
                0
              ],
              "lerp_mode": "catmullrom"
            },
            "0.8333": {
              "post": [
                0,
                0,
                2.5
              ],
              "lerp_mode": "catmullrom"
            },
            "0.9167": {
              "post": [
                0,
                0,
                -0.19
              ],
              "lerp_mode": "catmullrom"
            },
            "1.0": {
              "post": [
                0,
                0,
                2.5
              ],
              "lerp_mode": "catmullrom"
            },
            "1.0833": {
              "post": [
                0,
                0,
                -0.19
              ],
              "lerp_mode": "catmullrom"
            },
            "1.1667": {
              "post": [
                0,
                0,
                2.5
              ],
              "lerp_mode": "catmullrom"
            },
            "1.25": {
              "post": [
                0,
                0,
                0
              ],
              "lerp_mode": "catmullrom"
            },
            "1.75": {
              "post": [
                -5,
                0,
                0
              ],
              "lerp_mode": "catmullrom"
            },
            "2.1667": {
              "post": [
                0,
                360,
                0
              ],
              "lerp_mode": "catmullrom"
            }
          },
          "position": {
            "0.0": {
              "post": [
                0,
                0,
                0
              ],
              "lerp_mode": "catmullrom"
            },
            "0.75": {
              "post": [
                0,
                0,
                0
              ],
              "lerp_mode": "catmullrom"
            },
            "0.8333": {
              "post": [
                1,
                0,
                0
              ],
              "lerp_mode": "catmullrom"
            },
            "0.9167": {
              "post": [
                -1,
                0,
                0
              ],
              "lerp_mode": "catmullrom"
            },
            "1.0": {
              "post": [
                1,
                0,
                0
              ],
              "lerp_mode": "catmullrom"
            },
            "1.0833": {
              "post": [
                -1,
                0,
                0
              ],
              "lerp_mode": "catmullrom"
            },
            "1.1667": {
              "post": [
                0,
                1,
                0
              ],
              "lerp_mode": "catmullrom"
            },
            "1.25": {
              "post": [
                0,
                0,
                0
              ],
              "lerp_mode": "catmullrom"
            },
            "1.3333": {
              "post": [
                0,
                -0.2,
                0
              ],
              "lerp_mode": "catmullrom"
            },
            "1.4167": {
              "post": [
                0,
                3.06,
                0
              ],
              "lerp_mode": "catmullrom"
            },
            "1.5": {
              "post": [
                0,
                -0.2,
                0
              ],
              "lerp_mode": "catmullrom"
            },
            "1.5833": {
              "post": [
                0,
                3.06,
                0
              ],
              "lerp_mode": "catmullrom"
            },
            "1.9167": {
              "post": [
                0,
                0.85,
                0
              ],
              "lerp_mode": "catmullrom"
            },
            "2.0833": {
              "post": [
                0,
                0,
                0
              ],
              "lerp_mode": "catmullrom"
            },
            "2.1667": {
              "post": [
                0,
                0,
                0
              ],
              "lerp_mode": "catmullrom"
            }
          }
        },
        "Head": {
          "rotation": {
            "0.0": {
              "post": [
                0,
                0,
                0
              ],
              "lerp_mode": "catmullrom"
            },
            "0.1667": {
              "post": [
                0,
                0,
                -10
              ],
              "lerp_mode": "catmullrom"
            },
            "0.3333": {
              "post": [
                0,
                0,
                3.33
              ],
              "lerp_mode": "catmullrom"
            },
            "0.5": {
              "post": [
                -7.5,
                0,
                3.02727
              ],
              "lerp_mode": "catmullrom"
            },
            "0.6667": {
              "post": [
                -6.64838,
                -1.1695,
                -7.20752
              ],
              "lerp_mode": "catmullrom"
            },
            "0.75": {
              "post": [
                0,
                0,
                0
              ],
              "lerp_mode": "catmullrom"
            },
            "0.8333": {
              "post": [
                -5.62512,
                0.0007,
                3.94654
              ],
              "lerp_mode": "catmullrom"
            },
            "0.9167": {
              "post": [
                -4.84639,
                -1.07238,
                -8.97235
              ],
              "lerp_mode": "catmullrom"
            },
            "1.0": {
              "post": [
                -5.62512,
                0.0007,
                3.94654
              ],
              "lerp_mode": "catmullrom"
            },
            "1.0833": {
              "post": [
                -4.84639,
                -1.07238,
                -8.97235
              ],
              "lerp_mode": "catmullrom"
            },
            "1.1667": {
              "post": [
                -5.62512,
                0.0007,
                3.94654
              ],
              "lerp_mode": "catmullrom"
            },
            "1.25": {
              "post": [
                -6.64838,
                -1.1695,
                -7.20752
              ],
              "lerp_mode": "catmullrom"
            },
            "1.4167": {
              "post": [
                -15.58099,
                0.00051,
                2.8943
              ],
              "lerp_mode": "catmullrom"
            },
            "1.5": {
              "post": [
                -2.46479,
                0.00041,
                2.31544
              ],
              "lerp_mode": "catmullrom"
            },
            "1.5833": {
              "post": [
                -15.58099,
                0.00051,
                2.8943
              ],
              "lerp_mode": "catmullrom"
            },
            "1.6667": {
              "post": [
                -2.46479,
                0.00041,
                2.31544
              ],
              "lerp_mode": "catmullrom"
            },
            "1.75": {
              "post": [
                0,
                0,
                0
              ],
              "lerp_mode": "catmullrom"
            },
            "2.1667": {
              "post": [
                0,
                0,
                0
              ],
              "lerp_mode": "catmullrom"
            }
          }
        },
        "Mouth": {
          "scale": {
            "0.0": {
              "post": [
                1,
                1,
                1
              ],
              "lerp_mode": "catmullrom"
            },
            "0.1667": {
              "post": [
                0.7,
                0.9845,
                1
              ],
              "lerp_mode": "catmullrom"
            },
            "0.25": {
              "post": [
                0.7507,
                0.7658,
                1
              ],
              "lerp_mode": "catmullrom"
            },
            "0.3333": {
              "post": [
                1.0481,
                0.8053,
                1
              ],
              "lerp_mode": "catmullrom"
            },
            "0.4167": {
              "post": [
                1.0559,
                1.04,
                1
              ],
              "lerp_mode": "catmullrom"
            },
            "0.75": {
              "post": [
                1,
                0.9,
                1
              ],
              "lerp_mode": "catmullrom"
            },
            "0.8333": {
              "post": [
                1,
                0.8,
                1
              ],
              "lerp_mode": "catmullrom"
            },
            "0.9167": {
              "post": [
                1,
                0.9,
                1
              ],
              "lerp_mode": "catmullrom"
            },
            "1.0": {
              "post": [
                1,
                0.8,
                1
              ],
              "lerp_mode": "catmullrom"
            },
            "1.0833": {
              "post": [
                1,
                0.9,
                1
              ],
              "lerp_mode": "catmullrom"
            },
            "1.1667": {
              "post": [
                1.1437,
                1.0688,
                1
              ],
              "lerp_mode": "catmullrom"
            },
            "1.25": {
              "post": [
                0.9,
                1.2,
                1
              ],
              "lerp_mode": "catmullrom"
            },
            "1.3333": {
              "post": [
                1,
                1,
                1
              ],
              "lerp_mode": "catmullrom"
            },
            "1.4167": {
              "post": [
                0.8,
                1.2,
                1
              ],
              "lerp_mode": "catmullrom"
            },
            "1.5": {
              "post": [
                1,
                1,
                1
              ],
              "lerp_mode": "catmullrom"
            },
            "1.5833": {
              "post": [
                0.9,
                0.85,
                1
              ],
              "lerp_mode": "catmullrom"
            },
            "1.6667": {
              "post": [
                0.8097,
                0.5139,
                1
              ],
              "lerp_mode": "catmullrom"
            },
            "1.75": {
              "post": [
                0.7667,
                0.6167,
                1
              ],
              "lerp_mode": "catmullrom"
            },
            "1.8333": {
              "post": [
                1.0445,
                0.7778,
                1
              ],
              "lerp_mode": "catmullrom"
            },
            "2.0": {
              "post": [
                1,
                0.9,
                1
              ],
              "lerp_mode": "catmullrom"
            },
            "2.0833": {
              "post": [
                0.7972,
                0.9576,
                1
              ],
              "lerp_mode": "catmullrom"
            },
            "2.1667": {
              "post": [
                1,
                1,
                1
              ],
              "lerp_mode": "catmullrom"
            }
          }
        },
        "Root": {
          "position": {
            "0.0": {
              "post": [
                0,
                -2,
                0
              ],
              "lerp_mode": "catmullrom"
            },
            "0.9167": {
              "post": [
                0,
                1,
                0
              ],
              "lerp_mode": "catmullrom"
            },
            "2.1667": {
              "post": [
                0,
                -2,
                0
              ],
              "lerp_mode": "catmullrom"
            }
          }
        },
        "Body": {
          "rotation": {
            "0.0": {
              "post": [
                -2.5,
                0,
                0
              ],
              "lerp_mode": "catmullrom"
            },
            "0.5": {
              "post": [
                -7.5,
                0,
                0
              ],
              "lerp_mode": "catmullrom"
            },
            "1.0833": {
              "post": [
                -0.75,
                0,
                0
              ],
              "lerp_mode": "catmullrom"
            },
            "1.75": {
              "post": [
                5.67,
                0,
                0
              ],
              "lerp_mode": "catmullrom"
            },
            "2.1667": {
              "post": [
                -2.5,
                0,
                0
              ],
              "lerp_mode": "catmullrom"
            }
          }
        },
        "bone": {
          "rotation": {
            "0.0": {
              "post": [
                5,
                0,
                0
              ],
              "lerp_mode": "catmullrom"
            },
            "1.0": {
              "post": [
                -2.5,
                0,
                0
              ],
              "lerp_mode": "catmullrom"
            },
            "2.1667": {
              "post": [
                5,
                0,
                0
              ],
              "lerp_mode": "catmullrom"
            }
          }
        },
        "bone8": {
          "scale": {
            "0.0": {
              "post": [
                1,
                2.5,
                1
              ],
              "lerp_mode": "catmullrom"
            },
            "0.1667": {
              "post": [
                1,
                1.1,
                1
              ],
              "lerp_mode": "catmullrom"
            },
            "0.3333": {
              "post": [
                1,
                2.5,
                1
              ],
              "lerp_mode": "catmullrom"
            },
            "0.5": {
              "post": [
                1,
                1.1,
                1
              ],
              "lerp_mode": "catmullrom"
            },
            "0.6667": {
              "post": [
                1,
                2.5,
                1
              ],
              "lerp_mode": "catmullrom"
            },
            "0.8333": {
              "post": [
                1,
                1.1,
                1
              ],
              "lerp_mode": "catmullrom"
            },
            "1.0": {
              "post": [
                1,
                2.5,
                1
              ],
              "lerp_mode": "catmullrom"
            },
            "1.1667": {
              "post": [
                1,
                1.1,
                1
              ],
              "lerp_mode": "catmullrom"
            },
            "1.3333": {
              "post": [
                1,
                2.5,
                1
              ],
              "lerp_mode": "catmullrom"
            },
            "1.5": {
              "post": [
                1,
                1.1,
                1
              ],
              "lerp_mode": "catmullrom"
            },
            "1.6667": {
              "post": [
                1,
                2.5,
                1
              ],
              "lerp_mode": "catmullrom"
            },
            "1.8333": {
              "post": [
                1,
                1.1,
                1
              ],
              "lerp_mode": "catmullrom"
            },
            "2.0": {
              "post": [
                1,
                2.5,
                1
              ],
              "lerp_mode": "catmullrom"
            },
            "2.1667": {
              "post": [
                1,
                2.5,
                1
              ],
              "lerp_mode": "catmullrom"
            }
          }
        },
        "bone7": {
          "scale": {
            "0.0": {
              "post": [
                1,
                2.5,
                1
              ],
              "lerp_mode": "catmullrom"
            },
            "0.1667": {
              "post": [
                1,
                1.1,
                1
              ],
              "lerp_mode": "catmullrom"
            },
            "0.3333": {
              "post": [
                1,
                2.5,
                1
              ],
              "lerp_mode": "catmullrom"
            },
            "0.5": {
              "post": [
                1,
                1.1,
                1
              ],
              "lerp_mode": "catmullrom"
            },
            "0.6667": {
              "post": [
                1,
                2.5,
                1
              ],
              "lerp_mode": "catmullrom"
            },
            "0.8333": {
              "post": [
                1,
                1.1,
                1
              ],
              "lerp_mode": "catmullrom"
            },
            "1.0": {
              "post": [
                1,
                2.5,
                1
              ],
              "lerp_mode": "catmullrom"
            },
            "1.1667": {
              "post": [
                1,
                1.1,
                1
              ],
              "lerp_mode": "catmullrom"
            },
            "1.3333": {
              "post": [
                1,
                2.5,
                1
              ],
              "lerp_mode": "catmullrom"
            },
            "1.5": {
              "post": [
                1,
                1.1,
                1
              ],
              "lerp_mode": "catmullrom"
            },
            "1.6667": {
              "post": [
                1,
                2.5,
                1
              ],
              "lerp_mode": "catmullrom"
            },
            "1.8333": {
              "post": [
                1,
                1.1,
                1
              ],
              "lerp_mode": "catmullrom"
            },
            "2.0": {
              "post": [
                1,
                2.5,
                1
              ],
              "lerp_mode": "catmullrom"
            },
            "2.1667": {
              "post": [
                1,
                2.5,
                1
              ],
              "lerp_mode": "catmullrom"
            }
          }
        },
        "bone9": {
          "rotation": {
            "0.0": {
              "post": [
                -2.5,
                0,
                0
              ],
              "lerp_mode": "catmullrom"
            },
            "1.0": {
              "post": [
                5,
                0,
                0
              ],
              "lerp_mode": "catmullrom"
            },
            "2.1667": {
              "post": [
                -2.5,
                0,
                0
              ],
              "lerp_mode": "catmullrom"
            }
          }
        }
      }
    },
    "animation.Arm_Buzz_Saw_Toilet.attack": {
      "loop": true,
      "animation_length": 0.75,
      "bones": {
        "bone": {
          "rotation": {
            "0.0": [
              "math.sin(math.sqrt(variable.attack_time) * 360) * 0",
              0,
              0
            ],
            "0.125": [
              "math.sin(math.sqrt(variable.attack_time) * 360) * 80",
              "math.sin(math.sqrt(variable.attack_time) * 360) * 0",
              "math.sin(math.sqrt(variable.attack_time) * 360) * 0"
            ],
            "0.2917": [
              "math.sin(math.sqrt(variable.attack_time) * 360) * 80",
              "math.sin(math.sqrt(variable.attack_time) * 360) * -30",
              "math.sin(math.sqrt(variable.attack_time) * 360) * 40"
            ],
            "0.4167": [
              "math.sin(math.sqrt(variable.attack_time) * 360) * -20",
              "math.sin(math.sqrt(variable.attack_time) * 360) * 21",
              "math.sin(math.sqrt(variable.attack_time) * 360) * 10"
            ],
            "0.5": [
              "math.sin(math.sqrt(variable.attack_time) * 360) * -18.0",
              "math.sin(math.sqrt(variable.attack_time) * 360) * 21",
              "math.sin(math.sqrt(variable.attack_time) * 360) * 10"
            ],
            "0.5417": [
              "math.sin(math.sqrt(variable.attack_time) * 360) * -20",
              "math.sin(math.sqrt(variable.attack_time) * 360) * 21",
              "math.sin(math.sqrt(variable.attack_time) * 360) * 10"
            ],
            "0.5833": [
              "math.sin(math.sqrt(variable.attack_time) * 360) * -18.0",
              "math.sin(math.sqrt(variable.attack_time) * 360) * 21",
              "math.sin(math.sqrt(variable.attack_time) * 360) * 10"
            ],
            "0.625": [
              "math.sin(math.sqrt(variable.attack_time) * 360) * -20",
              "math.sin(math.sqrt(variable.attack_time) * 360) * 21",
              "math.sin(math.sqrt(variable.attack_time) * 360) * 10"
            ],
            "0.75": [
              "math.sin(math.sqrt(variable.attack_time) * 360) * 0",
              0,
              0
            ]
          }
        },
        "bone2": {
          "rotation": {
            "0.0": [
              "math.sin(math.sqrt(variable.attack_time) * 360) * 0",
              0,
              0
            ],
            "0.1667": [
              "math.sin(math.sqrt(variable.attack_time) * 360) * 0",
              0,
              0
            ],
            "0.375": [
              "math.sin(math.sqrt(variable.attack_time) * 360) * 0",
              "math.sin(math.sqrt(variable.attack_time) * 360) * -30",
              0
            ],
            "0.4583": [
              "math.sin(math.sqrt(variable.attack_time) * 360) * 0",
              "math.sin(math.sqrt(variable.attack_time) * 360) * -4",
              0
            ],
            "0.75": [
              "math.sin(math.sqrt(variable.attack_time) * 360) * 0",
              0,
              0
            ]
          }
        },
        "bone9": {
          "rotation": {
            "0.0": [
              "math.sin(math.sqrt(variable.attack_time) * 360) * 0",
              0,
              0
            ],
            "0.125": [
              "math.sin(math.sqrt(variable.attack_time) * 360) * 80",
              "math.sin(math.sqrt(variable.attack_time) * 360) * 0",
              "math.sin(math.sqrt(variable.attack_time) * 360) * 0"
            ],
            "0.2917": [
              "math.sin(math.sqrt(variable.attack_time) * 360) * 80",
              "math.sin(math.sqrt(variable.attack_time) * 360) * 30",
              "math.sin(math.sqrt(variable.attack_time) * 360) * -40"
            ],
            "0.4167": [
              "math.sin(math.sqrt(variable.attack_time) * 360) * -20",
              "math.sin(math.sqrt(variable.attack_time) * 360) * -21",
              "math.sin(math.sqrt(variable.attack_time) * 360) * -10"
            ],
            "0.5": [
              "math.sin(math.sqrt(variable.attack_time) * 360) * -18.0",
              "math.sin(math.sqrt(variable.attack_time) * 360) * -21",
              "math.sin(math.sqrt(variable.attack_time) * 360) * -10"
            ],
            "0.5417": [
              "math.sin(math.sqrt(variable.attack_time) * 360) * -20",
              "math.sin(math.sqrt(variable.attack_time) * 360) * -21",
              "math.sin(math.sqrt(variable.attack_time) * 360) * -10"
            ],
            "0.5833": [
              "math.sin(math.sqrt(variable.attack_time) * 360) * -18.0",
              "math.sin(math.sqrt(variable.attack_time) * 360) * -21",
              "math.sin(math.sqrt(variable.attack_time) * 360) * -10"
            ],
            "0.625": [
              "math.sin(math.sqrt(variable.attack_time) * 360) * -20",
              "math.sin(math.sqrt(variable.attack_time) * 360) * -21",
              "math.sin(math.sqrt(variable.attack_time) * 360) * -10"
            ],
            "0.75": [
              "math.sin(math.sqrt(variable.attack_time) * 360) * 0",
              0,
              0
            ]
          }
        },
        "bone10": {
          "rotation": {
            "0.0": [
              "math.sin(math.sqrt(variable.attack_time) * 360) * 0",
              0,
              0
            ],
            "0.1667": [
              "math.sin(math.sqrt(variable.attack_time) * 360) * 0",
              0,
              0
            ],
            "0.375": [
              "math.sin(math.sqrt(variable.attack_time) * 360) * 0",
              "math.sin(math.sqrt(variable.attack_time) * 360) * 30",
              0
            ],
            "0.4583": [
              "math.sin(math.sqrt(variable.attack_time) * 360) * 0",
              "math.sin(math.sqrt(variable.attack_time) * 360) * 4",
              0
            ],
            "0.75": [
              "math.sin(math.sqrt(variable.attack_time) * 360) * 0",
              0,
              0
            ]
          }
        },
        "Body": {
          "rotation": {
            "0.0": [
              "math.sin(math.sqrt(variable.attack_time) * 360) * 0",
              0,
              0
            ],
            "0.1667": [
              "math.sin(math.sqrt(variable.attack_time) * 360) * 20",
              0,
              0
            ],
            "0.25": [
              "math.sin(math.sqrt(variable.attack_time) * 360) * -30",
              0,
              0
            ],
            "0.75": [
              "math.sin(math.sqrt(variable.attack_time) * 360) * 0",
              0,
              0
            ]
          }
        }
      }
    },
    "animation.Arm_Buzz_Saw_Toilet.saw": {
      "loop": true,
      "animation_length": 0.75,
      "bones": {
        "bone6": {
          "rotation": {
            "0.0": [
              0,
              0,
              0
            ],
            "0.75": [
              360,
              0,
              0
            ]
          }
        },
        "bone11": {
          "rotation": {
            "0.0": [
              0,
              0,
              0
            ],
            "0.75": [
              360,
              0,
              0
            ]
          }
        }
      }
    }
  }
}