{
  "format_version": "1.8.0",
  "animations": {
    "animation.skibidi_toilet_rocket_buzz_saw_toilet.baby_transform": {
      "loop": true,
      "bones": {
        "head": {
          "position": [
            0.0,
            4.0,
            4.0
          ],
          "scale": 2.0
        }
      }
    },
    "animation.pig.setup": {
      "loop": true,
      "bones": {
        "body": {
          "rotation": [
            "-this",
            0.0,
            0.0
          ]
        }
      }
    },
    "animation.pig.setup.v1.0": {
      "loop": true,
      "bones": {
        "body": {
          "rotation": [
            "90.0 - this",
            0.0,
            0.0
          ]
        }
      }
    },
    "animation.rocket_Buzz_saw_toilet.idle": {
      "loop": true,
      "animation_length": 1,
      "bones": {
        "bone": {
          "rotation": {
            "0.0": {
              "post": [
                0,
                0,
                0
              ],
              "lerp_mode": "catmullrom"
            },
            "1.0": {
              "post": [
                0,
                360,
                0
              ],
              "lerp_mode": "catmullrom"
            }
          }
        },
        "bone2": {
          "position": {
            "0.0": {
              "post": [
                0,
                -1,
                0
              ],
              "lerp_mode": "catmullrom"
            },
            "0.2917": {
              "post": [
                0,
                -2.58,
                0
              ],
              "lerp_mode": "catmullrom"
            },
            "0.7083": {
              "post": [
                0,
                0,
                0
              ],
              "lerp_mode": "catmullrom"
            },
            "1.0": {
              "post": [
                0,
                -1,
                0
              ],
              "lerp_mode": "catmullrom"
            }
          }
        },
        "bone3": {
          "rotation": {
            "0.0": {
              "post": [
                0,
                0,
                -10
              ],
              "lerp_mode": "catmullrom"
            },
            "0.1667": {
              "post": [
                0,
                0,
                7.5
              ],
              "lerp_mode": "catmullrom"
            },
            "0.3333": {
              "post": [
                -15,
                0,
                4
              ],
              "lerp_mode": "catmullrom"
            },
            "0.4583": {
              "post": [
                13.08334,
                0.01145,
                2.01629
              ],
              "lerp_mode": "catmullrom"
            },
            "0.5833": {
              "post": [
                -1.25,
                0,
                0.5
              ],
              "lerp_mode": "catmullrom"
            },
            "0.6667": {
              "post": [
                -1.70943,
                0.45687,
                -17.58004
              ],
              "lerp_mode": "catmullrom"
            },
            "0.75": {
              "post": [
                -3.94419,
                -4.74626,
                -2.2527
              ],
              "lerp_mode": "catmullrom"
            },
            "0.875": {
              "post": [
                -9.69766,
                10.58491,
                23.60504
              ],
              "lerp_mode": "catmullrom"
            },
            "1.0": {
              "post": [
                0,
                0,
                -10
              ],
              "lerp_mode": "catmullrom"
            }
          }
        },
        "bone4": {
          "position": {
            "0.0": {
              "post": [
                0,
                -1,
                0
              ],
              "lerp_mode": "catmullrom"
            },
            "0.0417": {
              "post": [
                0,
                0,
                0
              ],
              "lerp_mode": "catmullrom"
            },
            "0.125": {
              "post": [
                0,
                -1,
                0
              ],
              "lerp_mode": "catmullrom"
            },
            "0.1667": {
              "post": [
                0,
                0,
                0
              ],
              "lerp_mode": "catmullrom"
            },
            "0.375": {
              "post": [
                0,
                -1,
                0
              ],
              "lerp_mode": "catmullrom"
            },
            "0.4583": {
              "post": [
                0,
                0,
                0
              ],
              "lerp_mode": "catmullrom"
            },
            "0.5833": {
              "post": [
                0,
                -1,
                0
              ],
              "lerp_mode": "catmullrom"
            },
            "0.7083": {
              "post": [
                0,
                0,
                0
              ],
              "lerp_mode": "catmullrom"
            },
            "0.8333": {
              "post": [
                0,
                -1,
                0
              ],
              "lerp_mode": "catmullrom"
            },
            "0.9167": {
              "post": [
                0,
                0,
                0
              ],
              "lerp_mode": "catmullrom"
            },
            "1.0": {
              "post": [
                0,
                -1,
                0
              ],
              "lerp_mode": "catmullrom"
            }
          }
        },
        "bone5": {
          "rotation": {
            "0.0": {
              "post": [
                0,
                0,
                5
              ],
              "lerp_mode": "catmullrom"
            },
            "0.125": {
              "post": [
                0,
                0,
                -2.5
              ],
              "lerp_mode": "catmullrom"
            },
            "0.2917": {
              "post": [
                7.5,
                0,
                -1.07143
              ],
              "lerp_mode": "catmullrom"
            },
            "0.4583": {
              "post": [
                -6.76471,
                0,
                0.35714
              ],
              "lerp_mode": "catmullrom"
            },
            "0.6667": {
              "post": [
                0.45077,
                -0.03944,
                7.1427
              ],
              "lerp_mode": "catmullrom"
            },
            "0.7917": {
              "post": [
                0.2761,
                0.06121,
                -11.1606
              ],
              "lerp_mode": "catmullrom"
            },
            "1.0": {
              "post": [
                0,
                0,
                5
              ],
              "lerp_mode": "catmullrom"
            }
          }
        },
        "bone6": {
          "rotation": {
            "0.0": {
              "post": [
                0,
                0,
                0
              ],
              "lerp_mode": "catmullrom"
            },
            "1.0": {
              "post": [
                0,
                0,
                -360
              ],
              "lerp_mode": "catmullrom"
            }
          }
        },
        "bone7": {
          "rotation": {
            "0.0": {
              "post": [
                0,
                0,
                0
              ],
              "lerp_mode": "catmullrom"
            },
            "1.0": {
              "post": [
                0,
                0,
                360
              ],
              "lerp_mode": "catmullrom"
            }
          }
        },
        "bone8": {
          "rotation": {
            "0.0": {
              "post": [
                0,
                0,
                0
              ],
              "lerp_mode": "catmullrom"
            },
            "1.0": {
              "post": [
                0,
                0,
                360
              ],
              "lerp_mode": "catmullrom"
            }
          }
        }
      }
    },
    "animation.rocket_Buzz_saw_toilet.move": {
      "loop": true,
      "animation_length": 1.25,
      "bones": {
        "bone2": {
          "rotation": {
            "0.0": {
              "post": [
                15,
                0,
                0
              ],
              "lerp_mode": "catmullrom"
            },
            "0.625": {
              "post": [
                7.5,
                0,
                0
              ],
              "lerp_mode": "catmullrom"
            },
            "1.25": {
              "post": [
                15,
                0,
                0
              ],
              "lerp_mode": "catmullrom"
            }
          }
        },
        "bone6": {
          "scale": {
            "0.0": {
              "post": [
                1,
                1,
                4
              ],
              "lerp_mode": "catmullrom"
            },
            "0.25": {
              "post": [
                1,
                1,
                0.6
              ],
              "lerp_mode": "catmullrom"
            },
            "0.625": {
              "post": [
                1,
                1,
                4
              ],
              "lerp_mode": "catmullrom"
            },
            "1.0": {
              "post": [
                1,
                1,
                0.6
              ],
              "lerp_mode": "catmullrom"
            },
            "1.25": {
              "post": [
                1,
                1,
                4
              ],
              "lerp_mode": "catmullrom"
            }
          }
        },
        "bone7": {
          "scale": {
            "0.0": {
              "post": [
                1,
                1,
                4
              ],
              "lerp_mode": "catmullrom"
            },
            "0.25": {
              "post": [
                1,
                1,
                0.6
              ],
              "lerp_mode": "catmullrom"
            },
            "0.625": {
              "post": [
                1,
                1,
                4
              ],
              "lerp_mode": "catmullrom"
            },
            "1.0": {
              "post": [
                1,
                1,
                0.6
              ],
              "lerp_mode": "catmullrom"
            },
            "1.25": {
              "post": [
                1,
                1,
                4
              ],
              "lerp_mode": "catmullrom"
            }
          }
        },
        "bone8": {
          "scale": {
            "0.0": {
              "post": [
                1,
                1,
                4
              ],
              "lerp_mode": "catmullrom"
            },
            "0.25": {
              "post": [
                1,
                1,
                0.6
              ],
              "lerp_mode": "catmullrom"
            },
            "0.625": {
              "post": [
                1,
                1,
                4
              ],
              "lerp_mode": "catmullrom"
            },
            "1.0": {
              "post": [
                1,
                1,
                0.6
              ],
              "lerp_mode": "catmullrom"
            },
            "1.25": {
              "post": [
                1,
                1,
                4
              ],
              "lerp_mode": "catmullrom"
            }
          }
        }
      }
    }
  }
}