{
	"format_version": "1.10.0",
	"particle_effect": {
		"description": {
			"identifier": "j:ao",
			"basic_render_parameters": {
				"material": "particles_add",
				"texture": "textures/particle/maru"
			}
		},
		"components": {
			"minecraft:emitter_local_space": {
				"position": true,
				"rotation": true
			},
			"minecraft:emitter_rate_steady": {
				"spawn_rate": 30,
				"max_particles": 30
			},
			"minecraft:emitter_lifetime_once": {
				"active_time": 2
			},
			"minecraft:emitter_shape_point": {},
			"minecraft:particle_lifetime_expression": {
				"max_lifetime": 1
			},
			"minecraft:particle_initial_spin": {
				"rotation_rate": 10000
			},
			"minecraft:particle_initial_speed": 0,
			"minecraft:particle_motion_dynamic": {},
			"minecraft:particle_appearance_billboard": {
				"size": ["4*v.particle_random_1/2", "4*v.particle_random_1/2"],
				"facing_camera_mode": "rotate_xyz",
				"uv": {
					"texture_width": 1,
					"texture_height": 1,
					"uv": [0, 0],
					"uv_size": [1, 1]
				}
			},
			"minecraft:particle_appearance_tinting": {
				"color": [0.04314, 0.27451, 0.99608, 0.85098]
			}
		}
	}
}