{
	"format_version": "1.10.0",
	"particle_effect": {
		"description": {
			"identifier": "j:ao2",
			"basic_render_parameters": {
				"material": "particles_alpha",
				"texture": "textures/particle/particles"
			}
		},
		"components": {
			"minecraft:emitter_rate_steady": {
				"spawn_rate": 25,
				"max_particles": 100
			},
			"minecraft:emitter_lifetime_looping": {
				"active_time": 1
			},
			"minecraft:emitter_shape_sphere": {
				"radius": 15,
				"surface_only": true,
				"direction": "inwards"
			},
			"minecraft:particle_lifetime_expression": {
				"max_lifetime": 1
			},
			"minecraft:particle_initial_speed": 15,
			"minecraft:particle_motion_dynamic": {},
			"minecraft:particle_appearance_billboard": {
				"size": ["0.2*(1-v.particle_age)", "0.2*(1-v.particle_age)"],
				"facing_camera_mode": "rotate_xyz",
				"uv": {
					"texture_width": 128,
					"texture_height": 128,
					"flipbook": {
						"base_UV": [64, 0],
						"size_UV": [8, 8],
						"step_UV": [-8, 0],
						"max_frame": 6,
						"stretch_to_lifetime": true
					}
				}
			}
		}
	}
}