{
	"format_version": "1.10.0",
	"animation_controllers": {
		"controller.animation.race": {
			"states": {
				"default": {
					"transitions": [
						{
							"riding": "(1.0)"
						}
					],
					"on_entry": [
						"/function race"
					]
				},
				"riding": {
					"transitions": [
						{
							"default": "query.has_rider"
						}
					],
					"on_entry": [
						"/function race"
					]
				}
			}
		},
		"controller.animation.race_pecutan": {
			"states": {
				"default": {
					"transitions": [
						{
							"pecutan": "query.ground_speed > 3" 
						}
					]
				},
				"pecutan": {
					"transitions": [
						{
							"default": "query.ground_speed < 3"
						}
					],
					"on_entry": [
						"@s velocity_1",
						"/playsound vehicle.race.adv_drive @a[r=2.4]"
					]
				}
			}
		}
	}
}