{
	"format_version": "1.12.0",
	"minecraft:geometry": [
		{
			"description": {
				"identifier": "geometry.bros160",
				"texture_width": 64,
				"texture_height": 64,
				"visible_bounds_width": 6,
				"visible_bounds_height": 4.5,
				"visible_bounds_offset": [0, 1.75, 0]
			},
			"bones": [
				{
					"name": "Bros160",
					"pivot": [0, -3, 0],
					"rotation": [0, 180, 0]
				},
				{
					"name": "chassi",
					"parent": "Bros160",
					"pivot": [0, -3, 0],
					"cubes": [
						{
							"origin": [-3, 17, 0],
							"size": [6, 6, 3],
							"pivot": [0, 23, 0],
							"rotation": [35, 0, 0],
							"uv": {
								"north": {"uv": [49, 31], "uv_size": [13.82703, -14]},
								"east": {"uv": [49, 31], "uv_size": [13.82703, -14]},
								"south": {"uv": [49, 31], "uv_size": [13.82703, -14]},
								"west": {"uv": [49, 31], "uv_size": [13.82703, -14]},
								"up": {"uv": [62.82703, 17], "uv_size": [-13.82703, 14]},
								"down": {"uv": [62.82703, 17], "uv_size": [-13.82703, 14]}
							}
						},
						{
							"origin": [-3, 17, 3],
							"size": [6, 6, 7],
							"pivot": [0, 23, 0],
							"rotation": [35, 0, 0],
							"uv": {
								"north": {"uv": [49, 15], "uv_size": [13.82703, -14]},
								"east": {"uv": [49, 15], "uv_size": [13.82703, -14]},
								"south": {"uv": [49, 15], "uv_size": [13.82703, -14]},
								"west": {"uv": [49, 15], "uv_size": [13.82703, -14]},
								"up": {"uv": [62.82703, 1], "uv_size": [-13.82703, 14]},
								"down": {"uv": [62.82703, 1], "uv_size": [-13.82703, 14]}
							}
						},
						{
							"origin": [-4, 19.47916, 7.80483],
							"size": [8, 9, 3],
							"pivot": [0, 27, 6],
							"rotation": [2.5, 0, 0],
							"uv": {
								"north": {"uv": [49, 15], "uv_size": [13.82703, -14]},
								"east": {"uv": [49, 15], "uv_size": [13.82703, -14]},
								"south": {"uv": [49, 15], "uv_size": [13.82703, -14]},
								"west": {"uv": [49, 15], "uv_size": [13.82703, -14]},
								"up": {"uv": [62.82703, 1], "uv_size": [-13.82703, 14]},
								"down": {"uv": [62.82703, 1], "uv_size": [-13.82703, 14]}
							}
						},
						{
							"origin": [-4, 19.69916, 10.72235],
							"size": [8, 9, 6],
							"pivot": [0, 29, 11],
							"rotation": [-12.5, 0, 0],
							"uv": {
								"north": {"uv": [49, 15], "uv_size": [13.82703, -14]},
								"east": {"uv": [49, 15], "uv_size": [13.82703, -14]},
								"south": {"uv": [49, 15], "uv_size": [13.82703, -14]},
								"west": {"uv": [49, 15], "uv_size": [13.82703, -14]},
								"up": {"uv": [62.82703, 1], "uv_size": [-13.82703, 14]},
								"down": {"uv": [62.82703, 1], "uv_size": [-13.82703, 14]}
							}
						},
						{
							"origin": [-1, 28.72, 10.72235],
							"size": [2, 0, 2],
							"pivot": [0, 29, 11],
							"rotation": [-12.5, 0, 0],
							"uv": {
								"north": {"uv": [14, 28], "uv_size": [13.82703, -6]},
								"east": {"uv": [14, 28], "uv_size": [13.82703, -6]},
								"south": {"uv": [14, 28], "uv_size": [13.82703, -6]},
								"west": {"uv": [14, 28], "uv_size": [13.82703, -6]},
								"up": {"uv": [46.82703, 17], "uv_size": [-13.82703, 14]},
								"down": {"uv": [27.82703, 22], "uv_size": [-13.82703, 6]}
							}
						},
						{
							"origin": [-1.1, 28.71, 10.7],
							"size": [2.2, 0, 2.2],
							"pivot": [0, 29, 11],
							"rotation": [-12.5, 0, 0],
							"uv": {
								"north": {"uv": [49, 31], "uv_size": [13.82703, -14]},
								"east": {"uv": [49, 31], "uv_size": [13.82703, -14]},
								"south": {"uv": [49, 31], "uv_size": [13.82703, -14]},
								"west": {"uv": [49, 31], "uv_size": [13.82703, -14]},
								"up": {"uv": [62.82703, 17], "uv_size": [-13.82703, 14]},
								"down": {"uv": [62.82703, 17], "uv_size": [-13.82703, 14]}
							}
						},
						{
							"origin": [4, 19.69916, 15.72235],
							"size": [1, 5, 3],
							"pivot": [0, 29, 11],
							"rotation": [-12.5, 0, 0],
							"uv": {
								"north": {"uv": [33, 15], "uv_size": [13.82703, -14]},
								"east": {"uv": [33, 15], "uv_size": [13.82703, -14]},
								"south": {"uv": [33, 15], "uv_size": [13.82703, -14]},
								"west": {"uv": [33, 15], "uv_size": [13.82703, -14]},
								"up": {"uv": [46.82703, 1], "uv_size": [-13.82703, 14]},
								"down": {"uv": [46.82703, 1], "uv_size": [-13.82703, 14]}
							}
						},
						{
							"origin": [4, 24.69916, 10.72235],
							"size": [1, 4, 8],
							"pivot": [0, 29, 11],
							"rotation": [-12.5, 0, 0],
							"uv": {
								"north": {"uv": [33, 15], "uv_size": [13.82703, -14]},
								"east": {"uv": [33, 15], "uv_size": [13.82703, -14]},
								"south": {"uv": [33, 15], "uv_size": [13.82703, -14]},
								"west": {"uv": [33, 15], "uv_size": [13.82703, -14]},
								"up": {"uv": [46.82703, 1], "uv_size": [-13.82703, 14]},
								"down": {"uv": [46.82703, 1], "uv_size": [-13.82703, 14]}
							}
						},
						{
							"origin": [5.1, 25.69916, 12.72235],
							"size": [0, 3, 4],
							"pivot": [0, 29, 11],
							"rotation": [-12.5, 0, 0],
							"uv": {
								"north": {"uv": [11, 29], "uv_size": [13.82703, -8]},
								"east": {"uv": [11, 29], "uv_size": [13.82703, -8]},
								"south": {"uv": [11, 29], "uv_size": [13.82703, -8]},
								"west": {"uv": [25.82703, 1], "uv_size": [-18.82703, 14]},
								"up": {"uv": [24.82703, 21], "uv_size": [-13.82703, 8]},
								"down": {"uv": [24.82703, 21], "uv_size": [-13.82703, 8]}
							}
						},
						{
							"origin": [-5.1, 25.69916, 12.72235],
							"size": [0, 3, 4],
							"pivot": [0, 29, 11],
							"rotation": [-12.5, 0, 0],
							"uv": {
								"north": {"uv": [11, 29], "uv_size": [13.82703, -8]},
								"east": {"uv": [11, 29], "uv_size": [13.82703, -8]},
								"south": {"uv": [11, 29], "uv_size": [13.82703, -8]},
								"west": {"uv": [25.82703, 1], "uv_size": [-18.82703, 14]},
								"up": {"uv": [24.82703, 21], "uv_size": [-13.82703, 8]},
								"down": {"uv": [24.82703, 21], "uv_size": [-13.82703, 8]}
							}
						},
						{
							"origin": [4, 24.69916, 18.72235],
							"size": [1, 4, 2],
							"pivot": [0, 29, 11],
							"rotation": [-12.5, 0, 0],
							"uv": {
								"north": {"uv": [33, 1], "uv_size": [13.82703, 14]},
								"east": {"uv": [33, 1], "uv_size": [13.82703, 14]},
								"south": {"uv": [33, 1], "uv_size": [13.82703, 14]},
								"west": {"uv": [33, 1], "uv_size": [13.82703, 14]},
								"up": {"uv": [46.82703, 15], "uv_size": [-13.82703, -14]},
								"down": {"uv": [46.82703, 15], "uv_size": [-13.82703, -14]}
							}
						},
						{
							"origin": [-5, 24.69916, 18.72235],
							"size": [1, 4, 2],
							"pivot": [0, 29, 11],
							"rotation": [-12.5, 0, 0],
							"uv": {
								"north": {"uv": [33, 15], "uv_size": [13.82703, -14]},
								"east": {"uv": [33, 15], "uv_size": [13.82703, -14]},
								"south": {"uv": [33, 15], "uv_size": [13.82703, -14]},
								"west": {"uv": [33, 15], "uv_size": [13.82703, -14]},
								"up": {"uv": [46.82703, 1], "uv_size": [-13.82703, 14]},
								"down": {"uv": [46.82703, 1], "uv_size": [-13.82703, 14]}
							}
						},
						{
							"origin": [3.9, 19.69916, 17.72235],
							"size": [1, 3, 4],
							"pivot": [0, 29, 11],
							"rotation": [-25, 0, 0],
							"uv": {
								"north": {"uv": [33, 15], "uv_size": [13.82703, -14]},
								"east": {"uv": [33, 15], "uv_size": [13.82703, -14]},
								"south": {"uv": [33, 15], "uv_size": [13.82703, -14]},
								"west": {"uv": [33, 15], "uv_size": [13.82703, -14]},
								"up": {"uv": [46.82703, 1], "uv_size": [-13.82703, 14]},
								"down": {"uv": [46.82703, 1], "uv_size": [-13.82703, 14]}
							}
						},
						{
							"origin": [-4.9, 19.69916, 17.72235],
							"size": [1, 3, 4],
							"pivot": [0, 29, 11],
							"rotation": [-25, 0, 0],
							"uv": {
								"north": {"uv": [33, 15], "uv_size": [13.82703, -14]},
								"east": {"uv": [33, 15], "uv_size": [13.82703, -14]},
								"south": {"uv": [33, 15], "uv_size": [13.82703, -14]},
								"west": {"uv": [33, 15], "uv_size": [13.82703, -14]},
								"up": {"uv": [46.82703, 1], "uv_size": [-13.82703, 14]},
								"down": {"uv": [46.82703, 1], "uv_size": [-13.82703, 14]}
							}
						},
						{
							"origin": [-5, 19.69916, 15.72235],
							"size": [1, 9, 3],
							"pivot": [0, 29, 11],
							"rotation": [-12.5, 0, 0],
							"uv": {
								"north": {"uv": [47, 15], "uv_size": [-14, -14]},
								"east": {"uv": [47, 15], "uv_size": [-14, -14]},
								"south": {"uv": [47, 15], "uv_size": [-14, -14]},
								"west": {"uv": [47, 15], "uv_size": [-14, -14]},
								"up": {"uv": [33, 1], "uv_size": [14, 14]},
								"down": {"uv": [33, 1], "uv_size": [14, 14]}
							}
						},
						{
							"origin": [-5, 24.69916, 10.72235],
							"size": [1, 4, 8],
							"pivot": [0, 29, 11],
							"rotation": [-12.5, 0, 0],
							"uv": {
								"north": {"uv": [47, 15], "uv_size": [-14, -14]},
								"east": {"uv": [47, 15], "uv_size": [-14, -14]},
								"south": {"uv": [47, 15], "uv_size": [-14, -14]},
								"west": {"uv": [47, 15], "uv_size": [-14, -14]},
								"up": {"uv": [33, 1], "uv_size": [14, 14]},
								"down": {"uv": [33, 1], "uv_size": [14, 14]}
							}
						},
						{
							"origin": [-4.6, 22.25347, 5.28377],
							"size": [1, 10, 3],
							"pivot": [-4, 22, 5],
							"rotation": [-80, 0, 0],
							"uv": {
								"north": {"uv": [63, 31], "uv_size": [-14, -14]},
								"east": {"uv": [63, 31], "uv_size": [-14, -14]},
								"south": {"uv": [63, 31], "uv_size": [-14, -14]},
								"west": {"uv": [63, 31], "uv_size": [-14, -14]},
								"up": {"uv": [49, 17], "uv_size": [14, 14]},
								"down": {"uv": [49, 17], "uv_size": [14, 14]}
							}
						},
						{
							"origin": [3.4, 22.25347, 5.28377],
							"size": [1, 10, 3],
							"pivot": [-4, 22, 5],
							"rotation": [-80, 0, 0],
							"uv": {
								"north": {"uv": [63, 31], "uv_size": [-14, -14]},
								"east": {"uv": [63, 31], "uv_size": [-14, -14]},
								"south": {"uv": [63, 31], "uv_size": [-14, -14]},
								"west": {"uv": [63, 17], "uv_size": [-14, 14]},
								"up": {"uv": [49, 17], "uv_size": [14, 14]},
								"down": {"uv": [49, 17], "uv_size": [14, 14]}
							}
						},
						{
							"origin": [-4.5, 22.25347, 5.28377],
							"size": [1, 10, 3],
							"pivot": [-4, 22, 5],
							"rotation": [-62.5, 0, 0],
							"uv": {
								"north": {"uv": [63, 31], "uv_size": [-14, -14]},
								"east": {"uv": [63, 31], "uv_size": [-14, -14]},
								"south": {"uv": [63, 31], "uv_size": [-14, -14]},
								"west": {"uv": [63, 31], "uv_size": [-14, -14]},
								"up": {"uv": [49, 17], "uv_size": [14, 14]},
								"down": {"uv": [49, 17], "uv_size": [14, 14]}
							}
						},
						{
							"origin": [3.5, 22.25347, 5.28377],
							"size": [1, 10, 3],
							"pivot": [-4, 22, 5],
							"rotation": [-62.5, 0, 0],
							"uv": {
								"north": {"uv": [63, 31], "uv_size": [-14, -14]},
								"east": {"uv": [63, 31], "uv_size": [-14, -14]},
								"south": {"uv": [63, 31], "uv_size": [-14, -14]},
								"west": {"uv": [63, 31], "uv_size": [-14, -14]},
								"up": {"uv": [49, 17], "uv_size": [14, 14]},
								"down": {"uv": [49, 17], "uv_size": [14, 14]}
							}
						},
						{
							"origin": [-2.9, 19.47916, -7.19517],
							"size": [5.8, 2, 15],
							"pivot": [0, 27, 6],
							"rotation": [2.5, 0, 0],
							"uv": {
								"north": {"uv": [64, 64], "uv_size": [-0.17297, 0]},
								"east": {"uv": [64, 64], "uv_size": [-0.17297, 0]},
								"south": {"uv": [64, 64], "uv_size": [-0.17297, 0]},
								"west": {"uv": [64, 64], "uv_size": [-0.17297, 0]},
								"up": {"uv": [63.82703, 64], "uv_size": [0.17297, 0]},
								"down": {"uv": [63.82703, 64], "uv_size": [0.17297, 0]}
							}
						},
						{
							"origin": [-2.9, 20.47916, -8.19517],
							"size": [5.8, 2, 14],
							"pivot": [0, 27, 6],
							"rotation": [2.5, 0, 0],
							"uv": {
								"north": {"uv": [64, 64], "uv_size": [-0.17297, 0]},
								"east": {"uv": [64, 64], "uv_size": [-0.17297, 0]},
								"south": {"uv": [64, 64], "uv_size": [-0.17297, 0]},
								"west": {"uv": [64, 64], "uv_size": [-0.17297, 0]},
								"up": {"uv": [63.82703, 64], "uv_size": [0.17297, 0]},
								"down": {"uv": [63.82703, 64], "uv_size": [0.17297, 0]}
							}
						},
						{
							"origin": [-1, 27.6, 8.80483],
							"size": [2, 0, 2],
							"pivot": [0, 27, 6],
							"rotation": [2.5, 0, 0],
							"uv": {
								"north": {"uv": [64, 64], "uv_size": [-0.17297, 0]},
								"east": {"uv": [64, 64], "uv_size": [-0.17297, 0]},
								"south": {"uv": [64, 64], "uv_size": [-0.17297, 0]},
								"west": {"uv": [64, 64], "uv_size": [-0.17297, 0]},
								"up": {"uv": [63.82703, 64], "uv_size": [0.17297, 0]},
								"down": {"uv": [63.82703, 64], "uv_size": [0.17297, 0]}
							}
						},
						{
							"origin": [-3, 21.25725, -6.02545],
							"size": [6, 3, 7],
							"pivot": [-3, 23, 1],
							"rotation": [-5, 0, 0],
							"uv": {
								"north": {"uv": [49, 15], "uv_size": [13.82703, -14]},
								"east": {"uv": [49, 15], "uv_size": [13.82703, -14]},
								"south": {"uv": [49, 15], "uv_size": [13.82703, -14]},
								"west": {"uv": [49, 15], "uv_size": [13.82703, -14]},
								"up": {"uv": [62.82703, 1], "uv_size": [-13.82703, 14]},
								"down": {"uv": [62.82703, 1], "uv_size": [-13.82703, 14]}
							}
						},
						{
							"origin": [-0.93078, 6.58784, 9.89575],
							"size": [2, 2, 12],
							"pivot": [0, 8, 11],
							"rotation": [-179.6734, 0.67914, -1.51188],
							"uv": {
								"north": {"uv": [49, 17], "uv_size": [13.82703, 14]},
								"east": {"uv": [49, 17], "uv_size": [13.82703, 14]},
								"south": {"uv": [49, 17], "uv_size": [13.82703, 14]},
								"west": {"uv": [49, 17], "uv_size": [13.82703, 14]},
								"up": {"uv": [62.82703, 31], "uv_size": [-13.82703, -14]},
								"down": {"uv": [62.82703, 31], "uv_size": [-13.82703, -14]}
							}
						},
						{
							"origin": [-0.91893, 7.58214, 11.89566],
							"size": [2, 1, 12],
							"pivot": [0, 8, 12],
							"rotation": [77.8266, 0.67914, -1.51188],
							"uv": {
								"north": {"uv": [49, 31], "uv_size": [13.82703, -14]},
								"east": {"uv": [49, 31], "uv_size": [13.82703, -14]},
								"south": {"uv": [49, 31], "uv_size": [13.82703, -14]},
								"west": {"uv": [49, 31], "uv_size": [13.82703, -14]},
								"up": {"uv": [62.82703, 17], "uv_size": [-13.82703, 14]},
								"down": {"uv": [62.82703, 17], "uv_size": [-13.82703, 14]}
							}
						},
						{
							"origin": [-2.79734, 9.6542, -0.16341],
							"size": [6, 4, 1],
							"pivot": [0, -2, 0],
							"rotation": [0, 0.67914, -1.51188],
							"uv": {
								"north": {"uv": [64, 64], "uv_size": [-0.17297, 0]},
								"east": {"uv": [64, 64], "uv_size": [-0.17297, 0]},
								"south": {"uv": [64, 64], "uv_size": [-0.17297, 0]},
								"west": {"uv": [64, 64], "uv_size": [-0.17297, 0]},
								"up": {"uv": [63.82703, 64], "uv_size": [0.17297, 0]},
								"down": {"uv": [63.82703, 64], "uv_size": [0.17297, 0]}
							}
						},
						{
							"origin": [-2.79734, 7.6542, -0.16341],
							"size": [6, 2, 1],
							"pivot": [0, -2, 0],
							"rotation": [0, 0.67914, -1.51188],
							"uv": {
								"north": {"uv": [64, 64], "uv_size": [-0.17297, 0]},
								"east": {"uv": [64, 64], "uv_size": [-0.17297, 0]},
								"south": {"uv": [64, 64], "uv_size": [-0.17297, 0]},
								"west": {"uv": [64, 64], "uv_size": [-0.17297, 0]},
								"up": {"uv": [63.82703, 64], "uv_size": [0.17297, 0]},
								"down": {"uv": [63.82703, 64], "uv_size": [0.17297, 0]}
							}
						},
						{
							"origin": [-5.79734, 7.6542, 3.83659],
							"size": [12, 1, 2],
							"uv": {
								"north": {"uv": [49, 15], "uv_size": [13.82703, -14]},
								"east": {"uv": [49, 15], "uv_size": [13.82703, -14]},
								"south": {"uv": [49, 15], "uv_size": [13.82703, -14]},
								"west": {"uv": [49, 15], "uv_size": [13.82703, -14]},
								"up": {"uv": [62.82703, 1], "uv_size": [-13.82703, 14]},
								"down": {"uv": [62.82703, 1], "uv_size": [-13.82703, 14]}
							}
						},
						{
							"origin": [-5.79734, 14.6542, -6.16341],
							"size": [12, 1, 2],
							"pivot": [0, -2, 0],
							"rotation": [0, 0.67914, -1.51188],
							"uv": {
								"north": {"uv": [49, 15], "uv_size": [13.82703, -14]},
								"east": {"uv": [49, 15], "uv_size": [13.82703, -14]},
								"south": {"uv": [49, 15], "uv_size": [13.82703, -14]},
								"west": {"uv": [49, 15], "uv_size": [13.82703, -14]},
								"up": {"uv": [62.82703, 1], "uv_size": [-13.82703, 14]},
								"down": {"uv": [62.82703, 1], "uv_size": [-13.82703, 14]}
							}
						},
						{
							"origin": [-2.93078, 3.58784, 21.89575],
							"size": [6, 2, 1],
							"pivot": [0, 8, 11],
							"rotation": [-179.6734, 0.67914, -1.51188],
							"uv": {
								"north": {"uv": [64, 64], "uv_size": [-0.17297, 0]},
								"east": {"uv": [64, 64], "uv_size": [-0.17297, 0]},
								"south": {"uv": [64, 64], "uv_size": [-0.17297, 0]},
								"west": {"uv": [64, 64], "uv_size": [-0.17297, 0]},
								"up": {"uv": [63.82703, 64], "uv_size": [0.17297, 0]},
								"down": {"uv": [63.82703, 64], "uv_size": [0.17297, 0]}
							}
						},
						{
							"origin": [-2.17854, 11.65477, -1.07917],
							"size": [4, 1, 3],
							"pivot": [0, 12, -1],
							"rotation": [-167.1734, 0.67914, -1.51188],
							"uv": {
								"north": {"uv": [64, 64], "uv_size": [-0.17297, 0]},
								"east": {"uv": [64, 64], "uv_size": [-0.17297, 0]},
								"south": {"uv": [64, 64], "uv_size": [-0.17297, 0]},
								"west": {"uv": [64, 64], "uv_size": [-0.17297, 0]},
								"up": {"uv": [63.82703, 64], "uv_size": [0.17297, 0]},
								"down": {"uv": [63.82703, 64], "uv_size": [0.17297, 0]}
							}
						},
						{
							"origin": [-2.17854, 5.65477, -1.07917],
							"size": [4, 6, 3],
							"pivot": [0, 12, -1],
							"rotation": [-167.1734, 0.67914, -1.51188],
							"uv": {
								"north": {"uv": [49, 15], "uv_size": [13.82703, -14]},
								"east": {"uv": [49, 15], "uv_size": [13.82703, -14]},
								"south": {"uv": [49, 31], "uv_size": [13.82703, -14]},
								"west": {"uv": [49, 15], "uv_size": [13.82703, -14]},
								"up": {"uv": [62.82703, 1], "uv_size": [-13.82703, 14]},
								"down": {"uv": [62.82703, 1], "uv_size": [-13.82703, 14]}
							}
						},
						{
							"origin": [-3.17854, 11.65477, -1.07917],
							"size": [1, 2, 13],
							"pivot": [0, 12, -1],
							"rotation": [-167.1734, 0.67914, -1.51188],
							"uv": {
								"north": {"uv": [49, 1], "uv_size": [13.82703, 14]},
								"east": {"uv": [49, 1], "uv_size": [13.82703, 14]},
								"south": {"uv": [49, 1], "uv_size": [13.82703, 14]},
								"west": {"uv": [49, 1], "uv_size": [13.82703, 14]},
								"up": {"uv": [62.82703, 15], "uv_size": [-13.82703, -14]},
								"down": {"uv": [62.82703, 15], "uv_size": [-13.82703, -14]}
							}
						},
						{
							"origin": [1.82146, 11.65477, -1.07917],
							"size": [1, 2, 13],
							"pivot": [0, 12, -1],
							"rotation": [-167.1734, 0.67914, -1.51188],
							"uv": {
								"north": {"uv": [49, 15], "uv_size": [13.82703, -14]},
								"east": {"uv": [49, 15], "uv_size": [13.82703, -14]},
								"south": {"uv": [49, 15], "uv_size": [13.82703, -14]},
								"west": {"uv": [49, 15], "uv_size": [13.82703, -14]},
								"up": {"uv": [62.82703, 1], "uv_size": [-13.82703, 14]},
								"down": {"uv": [62.82703, 1], "uv_size": [-13.82703, 14]}
							}
						},
						{
							"origin": [-2.17854, 11.65477, 10.92083],
							"size": [4, 2, 1],
							"pivot": [0, 12, -1],
							"rotation": [-167.1734, 0.67914, -1.51188],
							"uv": {
								"north": {"uv": [64, 64], "uv_size": [-0.17297, 0]},
								"east": {"uv": [64, 64], "uv_size": [-0.17297, 0]},
								"south": {"uv": [64, 64], "uv_size": [-0.17297, 0]},
								"west": {"uv": [64, 64], "uv_size": [-0.17297, 0]},
								"up": {"uv": [63.82703, 64], "uv_size": [0.17297, 0]},
								"down": {"uv": [63.82703, 64], "uv_size": [0.17297, 0]}
							}
						},
						{
							"origin": [-3.9, 23.8604, -11.29232],
							"size": [7.8, 3, 7],
							"pivot": [0, 25, -10],
							"rotation": [-22.5, 0, 0],
							"uv": {
								"north": {"uv": [49, 15], "uv_size": [13.82703, -14]},
								"east": {"uv": [49, 15], "uv_size": [13.82703, -14]},
								"south": {"uv": [49, 15], "uv_size": [13.82703, -14]},
								"west": {"uv": [49, 15], "uv_size": [13.82703, -14]},
								"up": {"uv": [62.82703, 1], "uv_size": [-13.82703, 14]},
								"down": {"uv": [62.82703, 1], "uv_size": [-13.82703, 14]}
							}
						},
						{
							"origin": [-4, 25.8604, -12.29232],
							"size": [8, 1, 1],
							"pivot": [0, 25, -10],
							"rotation": [-22.5, 0, 0],
							"uv": {
								"north": {"uv": [49, 15], "uv_size": [13.82703, -14]},
								"east": {"uv": [49, 15], "uv_size": [13.82703, -14]},
								"south": {"uv": [49, 15], "uv_size": [13.82703, -14]},
								"west": {"uv": [49, 15], "uv_size": [13.82703, -14]},
								"up": {"uv": [62.82703, 1], "uv_size": [-13.82703, 14]},
								"down": {"uv": [62.82703, 1], "uv_size": [-13.82703, 14]}
							}
						},
						{
							"origin": [-4, 22.39741, -13.59261],
							"size": [8, 2, 12],
							"pivot": [0, 22, -12],
							"rotation": [-37.5, 0, 0],
							"uv": {
								"north": {"uv": [33, 15], "uv_size": [13.82703, -14]},
								"east": {"uv": [33, 15], "uv_size": [13.82703, -14]},
								"south": {"uv": [33, 15], "uv_size": [13.82703, -14]},
								"west": {"uv": [33, 15], "uv_size": [13.82703, -14]},
								"up": {"uv": [46.82703, 1], "uv_size": [-13.82703, 14]},
								"down": {"uv": [62.82703, 1], "uv_size": [-13.82703, 14]}
							}
						},
						{
							"origin": [-4, 22.8107, -11.37509],
							"size": [8, 2, 11],
							"pivot": [0, 24, -12],
							"rotation": [-25, 0, 0],
							"uv": {
								"north": {"uv": [33, 15], "uv_size": [13.82703, -14]},
								"east": {"uv": [33, 15], "uv_size": [13.82703, -14]},
								"south": {"uv": [33, 15], "uv_size": [13.82703, -14]},
								"west": {"uv": [33, 15], "uv_size": [13.82703, -14]},
								"up": {"uv": [46.82703, 1], "uv_size": [-13.82703, 14]},
								"down": {"uv": [46.82703, 1], "uv_size": [-13.82703, 14]}
							}
						},
						{
							"origin": [-4, 15.67867, -3.38536],
							"size": [8, 6, 5],
							"pivot": [0, 16, -3],
							"rotation": [-17.5, 0, 0],
							"uv": {
								"north": {"uv": [33, 15], "uv_size": [13.82703, -14]},
								"east": {"uv": [33, 15], "uv_size": [13.82703, -14]},
								"south": {"uv": [49, 15], "uv_size": [13.82703, -14]},
								"west": {"uv": [33, 15], "uv_size": [13.82703, -14]},
								"up": {"uv": [46.82703, 1], "uv_size": [-13.82703, 14]},
								"down": {"uv": [46.82703, 1], "uv_size": [-13.82703, 14]}
							}
						},
						{
							"origin": [-4, 17.67867, -8.38536],
							"size": [8, 4, 5],
							"pivot": [0, 16, -3],
							"rotation": [-17.5, 0, 0],
							"uv": {
								"north": {"uv": [33, 15], "uv_size": [13.82703, -14]},
								"east": {"uv": [33, 15], "uv_size": [13.82703, -14]},
								"south": {"uv": [33, 15], "uv_size": [13.82703, -14]},
								"west": {"uv": [33, 15], "uv_size": [13.82703, -14]},
								"up": {"uv": [46.82703, 1], "uv_size": [-13.82703, 14]},
								"down": {"uv": [46.82703, 1], "uv_size": [-13.82703, 14]}
							}
						},
						{
							"origin": [-4, 23.8604, -14.29232],
							"size": [8, 1, 10],
							"pivot": [0, 25, -10],
							"rotation": [-22.5, 0, 0],
							"uv": {
								"north": {"uv": [33, 15], "uv_size": [13.82703, -14]},
								"east": {"uv": [33, 15], "uv_size": [13.82703, -14]},
								"south": {"uv": [33, 15], "uv_size": [13.82703, -14]},
								"west": {"uv": [33, 15], "uv_size": [13.82703, -14]},
								"up": {"uv": [46.82703, 1], "uv_size": [-13.82703, 14]},
								"down": {"uv": [46.82703, 1], "uv_size": [-13.82703, 14]}
							}
						},
						{
							"origin": [-4, 21.8604, -14.29232],
							"size": [8, 2, 3],
							"pivot": [0, 25, -10],
							"rotation": [-22.5, 0, 0],
							"uv": {
								"north": {"uv": [33, 15], "uv_size": [13.82703, -14]},
								"east": {"uv": [33, 15], "uv_size": [13.82703, -14]},
								"south": {"uv": [33, 15], "uv_size": [13.82703, -14]},
								"west": {"uv": [33, 15], "uv_size": [13.82703, -14]},
								"up": {"uv": [46.82703, 1], "uv_size": [-13.82703, 14]},
								"down": {"uv": [62.82703, 17], "uv_size": [-13.82703, 14]}
							}
						},
						{
							"origin": [-3.9, 24.8604, -14.29232],
							"size": [7.8, 2, 4],
							"pivot": [0, 25, -10],
							"rotation": [-7.5, 0, 0],
							"uv": {
								"north": {"uv": [49, 1], "uv_size": [13.82703, 14]},
								"east": {"uv": [49, 1], "uv_size": [13.82703, 14]},
								"south": {"uv": [49, 1], "uv_size": [13.82703, 14]},
								"west": {"uv": [49, 1], "uv_size": [13.82703, 14]},
								"up": {"uv": [62.82703, 15], "uv_size": [-13.82703, -14]},
								"down": {"uv": [62.82703, 15], "uv_size": [-13.82703, -14]}
							}
						},
						{
							"origin": [-4, 26.92, -14.29232],
							"size": [8, 0.5, 4],
							"pivot": [0, 25, -10],
							"rotation": [-7.5, 0, 0],
							"uv": {
								"north": {"uv": [63, 15], "uv_size": [-14.17297, -14]},
								"east": {"uv": [63, 15], "uv_size": [-14.17297, -14]},
								"south": {"uv": [63, 15], "uv_size": [-14.17297, -14]},
								"west": {"uv": [63, 15], "uv_size": [-14.17297, -14]},
								"up": {"uv": [48.82703, 1], "uv_size": [14.17297, 14]},
								"down": {"uv": [48.82703, 1], "uv_size": [14.17297, 14]}
							}
						},
						{
							"origin": [-2, 28.62, -20.01196],
							"size": [4, 0.5, 9],
							"pivot": [-2, 28, -23],
							"rotation": [-7.5, 0, 0],
							"uv": {
								"north": {"uv": [49, 15], "uv_size": [13.82703, -14]},
								"east": {"uv": [49, 15], "uv_size": [13.82703, -14]},
								"south": {"uv": [49, 15], "uv_size": [13.82703, -14]},
								"west": {"uv": [49, 15], "uv_size": [13.82703, -14]},
								"up": {"uv": [62.82703, 1], "uv_size": [-13.82703, 14]},
								"down": {"uv": [62.82703, 1], "uv_size": [-13.82703, 14]}
							}
						},
						{
							"origin": [-2, 27.58291, -24.01196],
							"size": [4, 1, 10],
							"pivot": [-2, 28, -23],
							"rotation": [-7.5, 0, 0],
							"uv": {
								"north": {"uv": [33, 15], "uv_size": [13.82703, -14]},
								"east": {"uv": [33, 15], "uv_size": [13.82703, -14]},
								"south": {"uv": [33, 15], "uv_size": [13.82703, -14]},
								"west": {"uv": [33, 15], "uv_size": [13.82703, -14]},
								"up": {"uv": [46.82703, 1], "uv_size": [-13.82703, 14]},
								"down": {"uv": [46.82703, 1], "uv_size": [-13.82703, 14]}
							}
						},
						{
							"origin": [-2, 26.57435, -23.14248],
							"size": [4, 1, 3],
							"pivot": [-2, 27, -23],
							"rotation": [-17.5, 0, 0],
							"uv": {
								"north": {"uv": [49.17297, 45], "uv_size": [13.82703, -12]},
								"east": {"uv": [49.17297, 45], "uv_size": [13.82703, -12]},
								"south": {"uv": [49.17297, 45], "uv_size": [13.82703, -12]},
								"west": {"uv": [49.17297, 45], "uv_size": [13.82703, -12]},
								"up": {"uv": [63, 33], "uv_size": [-13.82703, 12]},
								"down": {"uv": [63, 33], "uv_size": [-13.82703, 12]}
							}
						},
						{
							"origin": [-2, 26.57435, -20.14248],
							"size": [4, 1, 7],
							"pivot": [-2, 27, -23],
							"rotation": [-17.5, 0, 0],
							"uv": {
								"north": {"uv": [49, 1], "uv_size": [13.82703, 14]},
								"east": {"uv": [49, 1], "uv_size": [13.82703, 14]},
								"south": {"uv": [49, 1], "uv_size": [13.82703, 14]},
								"west": {"uv": [49, 1], "uv_size": [13.82703, 14]},
								"up": {"uv": [62.82703, 15], "uv_size": [-13.82703, -14]},
								"down": {"uv": [62.82703, 15], "uv_size": [-13.82703, -14]}
							}
						},
						{
							"origin": [-2, 27.58291, -23.01196],
							"size": [4, 1, 9],
							"pivot": [2, 28, -23],
							"rotation": [-7.67995, 12.39135, -1.6575],
							"uv": {
								"north": {"uv": [33, 15], "uv_size": [13.82703, -14]},
								"east": {"uv": [33, 15], "uv_size": [13.82703, -14]},
								"south": {"uv": [33, 15], "uv_size": [13.82703, -14]},
								"west": {"uv": [33, 15], "uv_size": [13.82703, -14]},
								"up": {"uv": [46.82703, 1], "uv_size": [-13.82703, 14]},
								"down": {"uv": [46.82703, 1], "uv_size": [-13.82703, 14]}
							}
						},
						{
							"origin": [-2, 28.58291, -20.01196],
							"size": [4, 0.5, 6],
							"pivot": [2, 28, -23],
							"rotation": [-7.67995, 12.39135, -1.6575],
							"uv": {
								"north": {"uv": [49, 15], "uv_size": [13.82703, -14]},
								"east": {"uv": [49, 15], "uv_size": [13.82703, -14]},
								"south": {"uv": [49, 15], "uv_size": [13.82703, -14]},
								"west": {"uv": [49, 15], "uv_size": [13.82703, -14]},
								"up": {"uv": [62.82703, 1], "uv_size": [-13.82703, 14]},
								"down": {"uv": [62.82703, 1], "uv_size": [-13.82703, 14]}
							}
						},
						{
							"origin": [3.9787, 27.40817, -20.15633],
							"size": [1, 0.5, 7],
							"pivot": [4, 28, -14],
							"rotation": [-15.17995, 12.39135, -1.6575],
							"uv": {
								"north": {"uv": [33, 31], "uv_size": [13.82703, -14]},
								"east": {"uv": [33, 31], "uv_size": [13.82703, -14]},
								"south": {"uv": [33, 31], "uv_size": [13.82703, -14]},
								"west": {"uv": [33, 31], "uv_size": [13.82703, -14]},
								"up": {"uv": [46.82703, 17], "uv_size": [-13.82703, 14]},
								"down": {"uv": [46.82703, 17], "uv_size": [-13.82703, 14]}
							}
						},
						{
							"origin": [-2, 27.58291, -23.01196],
							"size": [4, 1, 9],
							"pivot": [2, 28, -23],
							"rotation": [-25.17995, 12.39135, -1.6575],
							"uv": {
								"north": {"uv": [33, 15], "uv_size": [13.82703, -14]},
								"east": {"uv": [33, 15], "uv_size": [13.82703, -14]},
								"south": {"uv": [33, 15], "uv_size": [13.82703, -14]},
								"west": {"uv": [33, 15], "uv_size": [13.82703, -14]},
								"up": {"uv": [46.82703, 1], "uv_size": [-13.82703, 14]},
								"down": {"uv": [46.82703, 1], "uv_size": [-13.82703, 14]}
							}
						},
						{
							"origin": [-2, 27.58291, -23.01196],
							"size": [4, 1, 9],
							"pivot": [2, 28, -23],
							"rotation": [-20.17995, 12.39135, -1.6575],
							"uv": {
								"north": {"uv": [33, 15], "uv_size": [13.82703, -14]},
								"east": {"uv": [33, 15], "uv_size": [13.82703, -14]},
								"south": {"uv": [33, 15], "uv_size": [13.82703, -14]},
								"west": {"uv": [33, 15], "uv_size": [13.82703, -14]},
								"up": {"uv": [46.82703, 1], "uv_size": [-13.82703, 14]},
								"down": {"uv": [46.82703, 1], "uv_size": [-13.82703, 14]}
							}
						},
						{
							"origin": [-2, 27.58291, -23.01196],
							"size": [4, 1, 9],
							"pivot": [2, 28, -23],
							"rotation": [-15.17995, 12.39135, -1.6575],
							"uv": {
								"north": {"uv": [33, 15], "uv_size": [13.82703, -14]},
								"east": {"uv": [33, 15], "uv_size": [13.82703, -14]},
								"south": {"uv": [33, 15], "uv_size": [13.82703, -14]},
								"west": {"uv": [33, 15], "uv_size": [13.82703, -14]},
								"up": {"uv": [46.82703, 1], "uv_size": [-13.82703, 14]},
								"down": {"uv": [46.82703, 1], "uv_size": [-13.82703, 14]}
							}
						},
						{
							"origin": [-2, 27.58291, -23.01196],
							"size": [4, 1, 10],
							"pivot": [-2, 28, -23],
							"rotation": [-12.67995, -12.39135, 1.6575],
							"uv": {
								"north": {"uv": [33, 15], "uv_size": [13.82703, -14]},
								"east": {"uv": [33, 15], "uv_size": [13.82703, -14]},
								"south": {"uv": [33, 15], "uv_size": [13.82703, -14]},
								"west": {"uv": [33, 15], "uv_size": [13.82703, -14]},
								"up": {"uv": [46.82703, 1], "uv_size": [-13.82703, 14]},
								"down": {"uv": [46.82703, 1], "uv_size": [-13.82703, 14]}
							}
						},
						{
							"origin": [-2, 27.58291, -23.01196],
							"size": [4, 1, 10],
							"pivot": [-2, 28, -23],
							"rotation": [-17.67995, -12.39135, 1.6575],
							"uv": {
								"north": {"uv": [33, 15], "uv_size": [13.82703, -14]},
								"east": {"uv": [33, 15], "uv_size": [13.82703, -14]},
								"south": {"uv": [33, 15], "uv_size": [13.82703, -14]},
								"west": {"uv": [33, 15], "uv_size": [13.82703, -14]},
								"up": {"uv": [46.82703, 1], "uv_size": [-13.82703, 14]},
								"down": {"uv": [46.82703, 1], "uv_size": [-13.82703, 14]}
							}
						},
						{
							"origin": [-2, 27.58291, -23.01196],
							"size": [4, 1, 9],
							"pivot": [-2, 28, -23],
							"rotation": [-25.17995, -12.39135, 1.6575],
							"uv": {
								"north": {"uv": [33, 15], "uv_size": [13.82703, -14]},
								"east": {"uv": [33, 15], "uv_size": [13.82703, -14]},
								"south": {"uv": [33, 15], "uv_size": [13.82703, -14]},
								"west": {"uv": [33, 15], "uv_size": [13.82703, -14]},
								"up": {"uv": [46.82703, 1], "uv_size": [-13.82703, 14]},
								"down": {"uv": [62.82703, 1], "uv_size": [-13.82703, 14]}
							}
						},
						{
							"origin": [-2, 27.58291, -23.01196],
							"size": [4, 1, 9],
							"pivot": [-2, 28, -23],
							"rotation": [-7.67995, -12.39135, 1.6575],
							"uv": {
								"north": {"uv": [33, 15], "uv_size": [13.82703, -14]},
								"east": {"uv": [33, 15], "uv_size": [13.82703, -14]},
								"south": {"uv": [33, 15], "uv_size": [13.82703, -14]},
								"west": {"uv": [33, 15], "uv_size": [13.82703, -14]},
								"up": {"uv": [46.82703, 1], "uv_size": [-13.82703, 14]},
								"down": {"uv": [46.82703, 1], "uv_size": [-13.82703, 14]}
							}
						},
						{
							"origin": [-2, 28.58291, -20.01196],
							"size": [4, 0.5, 6],
							"pivot": [-2, 28, -23],
							"rotation": [-7.67995, -12.39135, 1.6575],
							"uv": {
								"north": {"uv": [63, 15], "uv_size": [-14.17297, -14]},
								"east": {"uv": [63, 15], "uv_size": [-14.17297, -14]},
								"south": {"uv": [63, 15], "uv_size": [-14.17297, -14]},
								"west": {"uv": [63, 15], "uv_size": [-14.17297, -14]},
								"up": {"uv": [48.82703, 1], "uv_size": [14.17297, 14]},
								"down": {"uv": [48.82703, 1], "uv_size": [14.17297, 14]}
							}
						},
						{
							"origin": [-4.95954, 27.39962, -19.85088],
							"size": [1, 0.5, 7],
							"pivot": [-2, 27, -14],
							"rotation": [-15.17995, -12.39135, 1.6575],
							"uv": {
								"north": {"uv": [33, 31], "uv_size": [13.82703, -14]},
								"east": {"uv": [33, 31], "uv_size": [13.82703, -14]},
								"south": {"uv": [33, 31], "uv_size": [13.82703, -14]},
								"west": {"uv": [33, 31], "uv_size": [13.82703, -14]},
								"up": {"uv": [46.82703, 17], "uv_size": [-13.82703, 14]},
								"down": {"uv": [46.82703, 17], "uv_size": [-13.82703, 14]}
							}
						},
						{
							"origin": [0.88679, 13.67942, 12.382],
							"size": [5, 1, 1],
							"pivot": [5, 14, 13],
							"rotation": [-15.69961, -31.96058, 36.7843],
							"uv": {
								"north": {"uv": [49, 31], "uv_size": [13.82703, -14]},
								"east": {"uv": [49, 31], "uv_size": [13.82703, -14]},
								"south": {"uv": [49, 31], "uv_size": [13.82703, -14]},
								"west": {"uv": [49, 31], "uv_size": [13.82703, -14]},
								"up": {"uv": [62.82703, 17], "uv_size": [-13.82703, 14]},
								"down": {"uv": [62.82703, 17], "uv_size": [-13.82703, 14]}
							}
						},
						{
							"origin": [-0.86661, 7.14882, 9.71363],
							"size": [7, 1, 1],
							"pivot": [6, 8, 10],
							"rotation": [-28.50259, 26.04866, 86.43085],
							"uv": {
								"north": {"uv": [63, 31], "uv_size": [-14.17297, -14]},
								"east": {"uv": [63, 31], "uv_size": [-14.17297, -14]},
								"south": {"uv": [63, 31], "uv_size": [-14.17297, -14]},
								"west": {"uv": [63, 31], "uv_size": [-14.17297, -14]},
								"up": {"uv": [48.82703, 17], "uv_size": [14.17297, 14]},
								"down": {"uv": [48.82703, 17], "uv_size": [14.17297, 14]}
							}
						},
						{
							"origin": [6.13339, 7.14882, 9.71363],
							"size": [7, 1, 1],
							"pivot": [6, 8, 10],
							"rotation": [20.40843, 84.29682, 122.88871],
							"uv": {
								"north": {"uv": [49, 31], "uv_size": [13.82703, -14]},
								"east": {"uv": [49, 31], "uv_size": [13.82703, -14]},
								"south": {"uv": [49, 31], "uv_size": [13.82703, -14]},
								"west": {"uv": [49, 31], "uv_size": [13.82703, -14]},
								"up": {"uv": [62.82703, 17], "uv_size": [-13.82703, 14]},
								"down": {"uv": [62.82703, 17], "uv_size": [-13.82703, 14]}
							}
						},
						{
							"origin": [6.08459, 5.6887, 2.39312],
							"size": [7, 1, 1],
							"pivot": [6, 7, 3],
							"rotation": [162.93281, 34.35781, -103.41971],
							"uv": {
								"north": {"uv": [63, 31], "uv_size": [-14.17297, -14]},
								"east": {"uv": [63, 31], "uv_size": [-14.17297, -14]},
								"south": {"uv": [63, 31], "uv_size": [-14.17297, -14]},
								"west": {"uv": [63, 31], "uv_size": [-14.17297, -14]},
								"up": {"uv": [48.82703, 17], "uv_size": [14.17297, 14]},
								"down": {"uv": [48.82703, 17], "uv_size": [14.17297, 14]}
							}
						},
						{
							"origin": [6.00922, 10.35505, -1.20624],
							"size": [8, 1, 1],
							"pivot": [6, 13, -1],
							"rotation": [166.09925, 55.59014, -100.85815],
							"uv": {
								"north": {"uv": [49, 31], "uv_size": [13.82703, -14]},
								"east": {"uv": [49, 31], "uv_size": [13.82703, -14]},
								"south": {"uv": [49, 31], "uv_size": [13.82703, -14]},
								"west": {"uv": [49, 31], "uv_size": [13.82703, -14]},
								"up": {"uv": [62.82703, 17], "uv_size": [-13.82703, 14]},
								"down": {"uv": [62.82703, 17], "uv_size": [-13.82703, 14]}
							}
						},
						{
							"origin": [3.51979, 16.55967, -8.42573],
							"size": [10, 3, 3],
							"pivot": [3, 17, -7],
							"rotation": [176.87566, 59.18085, -87.76346],
							"uv": {
								"north": {"uv": [63, 15], "uv_size": [-14.17297, -14]},
								"east": {"uv": [63, 15], "uv_size": [-14.17297, -14]},
								"south": {"uv": [63, 15], "uv_size": [-14.17297, -14]},
								"west": {"uv": [63, 15], "uv_size": [-14.17297, -14]},
								"up": {"uv": [48.82703, 1], "uv_size": [14.17297, 14]},
								"down": {"uv": [48.82703, 1], "uv_size": [14.17297, 14]}
							}
						},
						{
							"origin": [13.51979, 16.55967, -8.42573],
							"size": [6, 3, 3],
							"pivot": [3, 17, -7],
							"rotation": [176.87566, 59.18085, -87.76346],
							"uv": {
								"north": {"uv": [49, 15], "uv_size": [14, -14]},
								"east": {"uv": [49, 15], "uv_size": [14, -14]},
								"south": {"uv": [49, 15], "uv_size": [14, -14]},
								"west": {"uv": [49, 31], "uv_size": [14, -14]},
								"up": {"uv": [63, 1], "uv_size": [-14, 14]},
								"down": {"uv": [63, 1], "uv_size": [-14, 14]}
							}
						},
						{
							"origin": [-3, 14.47916, 10.80483],
							"size": [6, 5, 4],
							"pivot": [0, 27, 6],
							"rotation": [-15, 0, 0],
							"uv": {
								"north": {"uv": [33, 31], "uv_size": [13.82703, -14]},
								"east": {"uv": [33, 31], "uv_size": [13.82703, -14]},
								"south": {"uv": [33, 31], "uv_size": [13.82703, -14]},
								"west": {"uv": [33, 31], "uv_size": [13.82703, -14]},
								"up": {"uv": [46.82703, 17], "uv_size": [-13.82703, 14]},
								"down": {"uv": [46.82703, 17], "uv_size": [-13.82703, 14]}
							}
						},
						{
							"origin": [-1.25, 10.69808, -17.88397],
							"size": [2.5, 7, 1.5],
							"pivot": [0, 20, -13],
							"rotation": [-85, 0, 0],
							"uv": {
								"north": {"uv": [49, 15], "uv_size": [13.82703, -14]},
								"east": {"uv": [49, 15], "uv_size": [13.82703, -14]},
								"south": {"uv": [49, 15], "uv_size": [13.82703, -14]},
								"west": {"uv": [49, 15], "uv_size": [13.82703, -14]},
								"up": {"uv": [62.82703, 1], "uv_size": [-13.82703, 14]},
								"down": {"uv": [62.82703, 33], "uv_size": [-13.82703, 12]}
							}
						},
						{
							"origin": [-5.25, 13.69808, -21.88397],
							"size": [2.5, 1, 1],
							"pivot": [0, 20, -13],
							"rotation": [-85, 0, 0],
							"uv": {
								"north": {"uv": [49, 15], "uv_size": [13.82703, -14]},
								"east": {"uv": [49, 15], "uv_size": [13.82703, -14]},
								"south": {"uv": [49, 15], "uv_size": [13.82703, -14]},
								"west": {"uv": [49, 15], "uv_size": [13.82703, -14]},
								"up": {"uv": [62.82703, 1], "uv_size": [-13.82703, 14]},
								"down": {"uv": [46.827, 33], "uv_size": [-13.827, 12]}
							}
						},
						{
							"origin": [2.75, 13.69808, -21.88397],
							"size": [2.5, 1, 1],
							"pivot": [0, 20, -13],
							"rotation": [-85, 0, 0],
							"uv": {
								"north": {"uv": [63, 15], "uv_size": [-14.17297, -14]},
								"east": {"uv": [63, 15], "uv_size": [-14.17297, -14]},
								"south": {"uv": [63, 15], "uv_size": [-14.17297, -14]},
								"west": {"uv": [63, 15], "uv_size": [-14.17297, -14]},
								"up": {"uv": [48.82703, 1], "uv_size": [14.17297, 14]},
								"down": {"uv": [32.82703, 33], "uv_size": [14.17297, 12]}
							}
						},
						{
							"origin": [-2.25, 12.67906, -21.4482],
							"size": [4.5, 9, 0.5],
							"pivot": [0, 20, -18],
							"rotation": [-35, 0, 0],
							"uv": {
								"north": {"uv": [64, 64], "uv_size": [-0.17297, 0]},
								"east": {"uv": [64, 64], "uv_size": [-0.17297, 0]},
								"south": {"uv": [64, 64], "uv_size": [-0.17297, 0]},
								"west": {"uv": [64, 64], "uv_size": [-0.17297, 0]},
								"up": {"uv": [63.82703, 64], "uv_size": [0.17297, 0]},
								"down": {"uv": [63.82703, 64], "uv_size": [0.17297, 0]}
							}
						},
						{
							"origin": [-3.25, 13.67906, -22],
							"size": [6.5, 4, 0.5],
							"pivot": [0, 20, -18],
							"rotation": [-35, 0, 0],
							"uv": {
								"north": {"uv": [33, 46], "uv_size": [29.82703, 17]},
								"east": {"uv": [34, 46], "uv_size": [-1.17297, 17]},
								"south": {"uv": [33, 46], "uv_size": [0.82703, 17]},
								"west": {"uv": [34, 46], "uv_size": [-1.17297, 17]},
								"up": {"uv": [62.82703, 46], "uv_size": [-29.82703, 1]},
								"down": {"uv": [62.82703, 62], "uv_size": [-29.82703, 1]}
							}
						},
						{
							"origin": [-3, 5.15863, 4.2078],
							"size": [6, 8, 5],
							"pivot": [0, 10, 6],
							"rotation": [97.5, 0, 0],
							"uv": {
								"north": {"uv": [33, 31], "uv_size": [13.82703, -14]},
								"east": {"uv": [33, 31], "uv_size": [13.82703, -14]},
								"south": {"uv": [33, 31], "uv_size": [13.82703, -14]},
								"west": {"uv": [33, 31], "uv_size": [13.82703, -14]},
								"up": {"uv": [46.82703, 17], "uv_size": [-13.82703, 14]},
								"down": {"uv": [46.82703, 17], "uv_size": [-13.82703, 14]}
							}
						},
						{
							"origin": [-2, 7.15863, 11.2078],
							"size": [4, 5, 3],
							"pivot": [0, 10, 6],
							"rotation": [97.5, 0, 0],
							"uv": {
								"north": {"uv": [33, 31], "uv_size": [13.82703, -14]},
								"east": {"uv": [33, 31], "uv_size": [13.82703, -14]},
								"south": {"uv": [33, 31], "uv_size": [13.82703, -14]},
								"west": {"uv": [33, 31], "uv_size": [13.82703, -14]},
								"up": {"uv": [46.82703, 17], "uv_size": [-13.82703, 14]},
								"down": {"uv": [46.82703, 17], "uv_size": [-13.82703, 14]}
							}
						}
					]
				},
				{
					"name": "bone",
					"parent": "chassi",
					"pivot": [2, 18, 2]
				},
				{
					"name": "bone2",
					"parent": "chassi",
					"pivot": [-1, 18, 2],
					"rotation": [0.66253, 12.48556, 2.55816]
				},
				{
					"name": "hexadecagon2",
					"parent": "chassi",
					"pivot": [8, 1, -21],
					"cubes": [
						{
							"origin": [-1.5, 7.30924, -21.5],
							"size": [3, 3.38151, 3],
							"pivot": [0, 9, -13],
							"rotation": [45, 0, 0],
							"uv": {
								"north": {"uv": [49, 31], "uv_size": [14, -14]},
								"east": {"uv": [49, 31], "uv_size": [14, -14]},
								"south": {"uv": [49, 31], "uv_size": [14, -14]},
								"west": {"uv": [49, 31], "uv_size": [14, -14]},
								"up": {"uv": [63, 17], "uv_size": [-14, 14]},
								"down": {"uv": [63, 17], "uv_size": [-14, 14]}
							}
						},
						{
							"origin": [-1.5, 7.30924, -7.5],
							"size": [3, 3.38151, 3],
							"pivot": [0, 9, -13],
							"rotation": [45, 0, 0],
							"uv": {
								"north": {"uv": [49, 31], "uv_size": [14, -14]},
								"east": {"uv": [49, 31], "uv_size": [14, -14]},
								"south": {"uv": [49, 31], "uv_size": [14, -14]},
								"west": {"uv": [49, 31], "uv_size": [14, -14]},
								"up": {"uv": [63, 17], "uv_size": [-14, 14]},
								"down": {"uv": [63, 17], "uv_size": [-14, 14]}
							}
						},
						{
							"origin": [-1.5, 7.30924, -21.5],
							"size": [3, 3.38151, 3],
							"pivot": [0, 9, -13],
							"rotation": [22.5, 0, 0],
							"uv": {
								"north": {"uv": [49, 31], "uv_size": [14, -14]},
								"east": {"uv": [49, 31], "uv_size": [14, -14]},
								"south": {"uv": [49, 31], "uv_size": [14, -14]},
								"west": {"uv": [49, 31], "uv_size": [14, -14]},
								"up": {"uv": [63, 17], "uv_size": [-14, 14]},
								"down": {"uv": [63, 17], "uv_size": [-14, 14]}
							}
						},
						{
							"origin": [-1.5, 7.30924, -7.5],
							"size": [3, 3.38151, 3],
							"pivot": [0, 9, -13],
							"rotation": [22.5, 0, 0],
							"uv": {
								"north": {"uv": [49, 31], "uv_size": [14, -14]},
								"east": {"uv": [49, 31], "uv_size": [14, -14]},
								"south": {"uv": [49, 31], "uv_size": [14, -14]},
								"west": {"uv": [49, 31], "uv_size": [14, -14]},
								"up": {"uv": [63, 17], "uv_size": [-14, 14]},
								"down": {"uv": [63, 17], "uv_size": [-14, 14]}
							}
						},
						{
							"origin": [-1.5, 7.30924, -21.5],
							"size": [3, 3.38151, 3],
							"uv": {
								"north": {"uv": [49, 31], "uv_size": [14, -14]},
								"east": {"uv": [49, 31], "uv_size": [14, -14]},
								"south": {"uv": [49, 31], "uv_size": [14, -14]},
								"west": {"uv": [49, 31], "uv_size": [14, -14]},
								"up": {"uv": [63, 17], "uv_size": [-14, 14]},
								"down": {"uv": [63, 17], "uv_size": [-14, 14]}
							}
						},
						{
							"origin": [-1.5, 7.30924, -7.5],
							"size": [3, 3.38151, 3],
							"uv": {
								"north": {"uv": [49, 31], "uv_size": [14, -14]},
								"east": {"uv": [49, 31], "uv_size": [14, -14]},
								"south": {"uv": [49, 31], "uv_size": [14, -14]},
								"west": {"uv": [49, 31], "uv_size": [14, -14]},
								"up": {"uv": [63, 17], "uv_size": [-14, 14]},
								"down": {"uv": [63, 17], "uv_size": [-14, 14]}
							}
						},
						{
							"origin": [-1.5, 7.30924, -21.5],
							"size": [3, 3.38151, 3],
							"pivot": [0, 9, -13],
							"rotation": [-22.5, 0, 0],
							"uv": {
								"north": {"uv": [49, 31], "uv_size": [14, -14]},
								"east": {"uv": [49, 31], "uv_size": [14, -14]},
								"south": {"uv": [49, 31], "uv_size": [14, -14]},
								"west": {"uv": [49, 31], "uv_size": [14, -14]},
								"up": {"uv": [63, 17], "uv_size": [-14, 14]},
								"down": {"uv": [63, 17], "uv_size": [-14, 14]}
							}
						},
						{
							"origin": [-1.5, 7.30924, -7.5],
							"size": [3, 3.38151, 3],
							"pivot": [0, 9, -13],
							"rotation": [-22.5, 0, 0],
							"uv": {
								"north": {"uv": [49, 31], "uv_size": [14, -14]},
								"east": {"uv": [49, 31], "uv_size": [14, -14]},
								"south": {"uv": [49, 31], "uv_size": [14, -14]},
								"west": {"uv": [49, 31], "uv_size": [14, -14]},
								"up": {"uv": [63, 17], "uv_size": [-14, 14]},
								"down": {"uv": [63, 17], "uv_size": [-14, 14]}
							}
						},
						{
							"origin": [-1.5, 7.30924, -7.5],
							"size": [3, 3.38151, 3],
							"pivot": [0, 9, -13],
							"rotation": [-45, 0, 0],
							"uv": {
								"north": {"uv": [49, 31], "uv_size": [14, -14]},
								"east": {"uv": [49, 31], "uv_size": [14, -14]},
								"south": {"uv": [49, 31], "uv_size": [14, -14]},
								"west": {"uv": [49, 31], "uv_size": [14, -14]},
								"up": {"uv": [63, 17], "uv_size": [-14, 14]},
								"down": {"uv": [63, 17], "uv_size": [-14, 14]}
							}
						},
						{
							"origin": [-1.5, 7.30924, -21.5],
							"size": [3, 3.38151, 3],
							"pivot": [0, 9, -13],
							"rotation": [-45, 0, 0],
							"uv": {
								"north": {"uv": [49, 31], "uv_size": [14, -14]},
								"east": {"uv": [49, 31], "uv_size": [14, -14]},
								"south": {"uv": [49, 31], "uv_size": [14, -14]},
								"west": {"uv": [49, 31], "uv_size": [14, -14]},
								"up": {"uv": [63, 17], "uv_size": [-14, 14]},
								"down": {"uv": [63, 17], "uv_size": [-14, 14]}
							}
						},
						{
							"origin": [-1.5, 0.5, -14.69076],
							"size": [3, 3, 3.38151],
							"pivot": [0, 9, -13],
							"rotation": [22.5, 0, 0],
							"uv": {
								"north": {"uv": [49, 31], "uv_size": [14, -14]},
								"east": {"uv": [49, 31], "uv_size": [14, -14]},
								"south": {"uv": [49, 31], "uv_size": [14, -14]},
								"west": {"uv": [49, 31], "uv_size": [14, -14]},
								"up": {"uv": [63, 17], "uv_size": [-14, 14]},
								"down": {"uv": [63, 17], "uv_size": [-14, 14]}
							}
						},
						{
							"origin": [-1.5, 14.5, -14.69076],
							"size": [3, 3, 3.38151],
							"pivot": [0, 9, -13],
							"rotation": [22.5, 0, 0],
							"uv": {
								"north": {"uv": [49, 31], "uv_size": [14, -14]},
								"east": {"uv": [49, 31], "uv_size": [14, -14]},
								"south": {"uv": [49, 31], "uv_size": [14, -14]},
								"west": {"uv": [49, 31], "uv_size": [14, -14]},
								"up": {"uv": [63, 17], "uv_size": [-14, 14]},
								"down": {"uv": [63, 17], "uv_size": [-14, 14]}
							}
						},
						{
							"origin": [-1.5, 0.5, -14.69076],
							"size": [3, 3, 3.38151],
							"uv": {
								"north": {"uv": [49, 31], "uv_size": [14, -14]},
								"east": {"uv": [49, 31], "uv_size": [14, -14]},
								"south": {"uv": [49, 31], "uv_size": [14, -14]},
								"west": {"uv": [49, 31], "uv_size": [14, -14]},
								"up": {"uv": [63, 17], "uv_size": [-14, 14]},
								"down": {"uv": [63, 17], "uv_size": [-14, 14]}
							}
						},
						{
							"origin": [-1.5, 14.5, -14.69076],
							"size": [3, 3, 3.38151],
							"uv": {
								"north": {"uv": [49, 31], "uv_size": [14, -14]},
								"east": {"uv": [49, 31], "uv_size": [14, -14]},
								"south": {"uv": [49, 31], "uv_size": [14, -14]},
								"west": {"uv": [49, 31], "uv_size": [14, -14]},
								"up": {"uv": [63, 17], "uv_size": [-14, 14]},
								"down": {"uv": [63, 17], "uv_size": [-14, 14]}
							}
						},
						{
							"origin": [-1.5, 0.5, -14.69076],
							"size": [3, 3, 3.38151],
							"pivot": [0, 9, -13],
							"rotation": [-22.5, 0, 0],
							"uv": {
								"north": {"uv": [49, 31], "uv_size": [14, -14]},
								"east": {"uv": [49, 31], "uv_size": [14, -14]},
								"south": {"uv": [49, 31], "uv_size": [14, -14]},
								"west": {"uv": [49, 31], "uv_size": [14, -14]},
								"up": {"uv": [63, 17], "uv_size": [-14, 14]},
								"down": {"uv": [63, 17], "uv_size": [-14, 14]}
							}
						},
						{
							"origin": [-1.5, 14.5, -14.69076],
							"size": [3, 3, 3.38151],
							"pivot": [0, 9, -13],
							"rotation": [-22.5, 0, 0],
							"uv": {
								"north": {"uv": [49, 31], "uv_size": [14, -14]},
								"east": {"uv": [49, 31], "uv_size": [14, -14]},
								"south": {"uv": [49, 31], "uv_size": [14, -14]},
								"west": {"uv": [49, 31], "uv_size": [14, -14]},
								"up": {"uv": [63, 17], "uv_size": [-14, 14]},
								"down": {"uv": [63, 17], "uv_size": [-14, 14]}
							}
						}
					]
				},
				{
					"name": "hexadecagon",
					"parent": "chassi",
					"pivot": [8, 6, 4],
					"cubes": [
						{
							"origin": [-1.5, 11.91142, 13.5],
							"size": [3, 4.17716, 1],
							"pivot": [0, 12, 15],
							"rotation": [-10, 0, 0],
							"uv": {
								"north": {"uv": [33, 1], "uv_size": [14, 14]},
								"east": {"uv": [33, 1], "uv_size": [14, 14]},
								"south": {"uv": [49, 17], "uv_size": [14, 14]},
								"west": {"uv": [33, 1], "uv_size": [14, 14]},
								"up": {"uv": [47, 15], "uv_size": [-14, -14]},
								"down": {"uv": [47, 15], "uv_size": [-14, -14]}
							}
						},
						{
							"origin": [-1.5, 11.91142, 13.5],
							"size": [3, 4.17716, 2],
							"pivot": [0, 14, 24],
							"rotation": [-22.5, 0, 0],
							"uv": {
								"north": {"uv": [33, 1], "uv_size": [14, 14]},
								"east": {"uv": [33, 1], "uv_size": [14, 14]},
								"south": {"uv": [49, 17], "uv_size": [14, 14]},
								"west": {"uv": [33, 1], "uv_size": [14, 14]},
								"up": {"uv": [47, 15], "uv_size": [-14, -14]},
								"down": {"uv": [47, 15], "uv_size": [-14, -14]}
							}
						},
						{
							"origin": [-2.5, 11.91142, 13.5],
							"size": [5, 4.17716, 2],
							"pivot": [0, 14, 24],
							"rotation": [-45, 0, 0],
							"uv": {
								"north": {"uv": [33, 1], "uv_size": [14, 14]},
								"east": {"uv": [33, 1], "uv_size": [14, 14]},
								"south": {"uv": [50, 17], "uv_size": [14, 14]},
								"west": {"uv": [33, 1], "uv_size": [14, 14]},
								"up": {"uv": [47, 15], "uv_size": [-14, -14]},
								"down": {"uv": [47, 15], "uv_size": [-14, -14]}
							}
						},
						{
							"origin": [-2.5, 22.5, 21.91142],
							"size": [5, 2, 4.17716],
							"pivot": [0, 14, 24],
							"rotation": [22.5, 0, 0],
							"uv": {
								"north": {"uv": [33, 1], "uv_size": [14, 14]},
								"east": {"uv": [33, 1], "uv_size": [14, 14]},
								"south": {"uv": [33, 1], "uv_size": [14, 14]},
								"west": {"uv": [33, 1], "uv_size": [14, 14]},
								"up": {"uv": [47, 15], "uv_size": [-14, -14]},
								"down": {"uv": [63, 31], "uv_size": [-14, -14]}
							}
						},
						{
							"origin": [-2.5, 22.5, 21.91142],
							"size": [5, 2, 4.17716],
							"uv": {
								"north": {"uv": [33, 1], "uv_size": [14, 14]},
								"east": {"uv": [33, 1], "uv_size": [14, 14]},
								"south": {"uv": [33, 1], "uv_size": [14, 14]},
								"west": {"uv": [33, 1], "uv_size": [14, 14]},
								"up": {"uv": [47, 15], "uv_size": [-14, -14]},
								"down": {"uv": [63, 31], "uv_size": [-14, -14]}
							}
						},
						{
							"origin": [-1.5, 22.5, 21.91142],
							"size": [3, 2, 4.17716],
							"pivot": [0, 14, 24],
							"rotation": [-22.5, 0, 0],
							"uv": {
								"north": {"uv": [33, 1], "uv_size": [14, 14]},
								"east": {"uv": [33, 1], "uv_size": [14, 14]},
								"south": {"uv": [33, 1], "uv_size": [14, 14]},
								"west": {"uv": [33, 1], "uv_size": [14, 14]},
								"up": {"uv": [47, 15], "uv_size": [-14, -14]},
								"down": {"uv": [63, 31], "uv_size": [-14, -14]}
							}
						},
						{
							"origin": [-1.5, 20.58869, 29.27529],
							"size": [3, 1, 4.17716],
							"pivot": [1, 21, 33],
							"rotation": [-22.5, 0, 0],
							"uv": {
								"north": {"uv": [33, 1], "uv_size": [14, 14]},
								"east": {"uv": [33, 1], "uv_size": [14, 14]},
								"south": {"uv": [33, 1], "uv_size": [14, 14]},
								"west": {"uv": [33, 1], "uv_size": [14, 14]},
								"up": {"uv": [47, 15], "uv_size": [-14, -14]},
								"down": {"uv": [47, 15], "uv_size": [-14, -14]}
							}
						},
						{
							"origin": [-1.5, 20.58869, 25.27529],
							"size": [3, 1, 8.17716],
							"pivot": [1, 21, 33],
							"rotation": [-22.67458, -6.92618, 2.88419],
							"uv": {
								"north": {"uv": [33, 1], "uv_size": [14, 14]},
								"east": {"uv": [33, 1], "uv_size": [14, 14]},
								"south": {"uv": [33, 1], "uv_size": [14, 14]},
								"west": {"uv": [33, 1], "uv_size": [14, 14]},
								"up": {"uv": [47, 15], "uv_size": [-14, -14]},
								"down": {"uv": [47, 15], "uv_size": [-14, -14]}
							}
						},
						{
							"origin": [-1.5, 20.58869, 25.27529],
							"size": [3, 1, 8.17716],
							"pivot": [-1, 21, 33],
							"rotation": [-22.67458, 6.92618, -2.88419],
							"uv": {
								"north": {"uv": [33, 1], "uv_size": [14, 14]},
								"east": {"uv": [33, 1], "uv_size": [14, 14]},
								"south": {"uv": [33, 1], "uv_size": [14, 14]},
								"west": {"uv": [33, 1], "uv_size": [14, 14]},
								"up": {"uv": [47, 15], "uv_size": [-14, -14]},
								"down": {"uv": [47, 15], "uv_size": [-14, -14]}
							}
						},
						{
							"origin": [-1.5, 20.58869, 29.27529],
							"size": [3, 1, 4.17716],
							"pivot": [0, 21, 33],
							"rotation": [-10, 0, 0],
							"uv": {
								"north": {"uv": [33, 1], "uv_size": [14, 14]},
								"east": {"uv": [33, 1], "uv_size": [14, 14]},
								"south": {"uv": [33, 1], "uv_size": [14, 14]},
								"west": {"uv": [33, 1], "uv_size": [14, 14]},
								"up": {"uv": [47, 15], "uv_size": [-14, -14]},
								"down": {"uv": [63, 31], "uv_size": [-14, -14]}
							}
						}
					]
				},
				{
					"name": "guidon",
					"parent": "Bros160",
					"pivot": [0, 25, 18],
					"cubes": [
						{
							"origin": [-2, 30.31292, 23],
							"size": [4, 1, 0],
							"pivot": [-1, 29, 23],
							"rotation": [45, 0, 0],
							"uv": {
								"north": {"uv": [64, 64], "uv_size": [-0.17297, 0]},
								"east": {"uv": [64, 64], "uv_size": [-0.17297, 0]},
								"south": {"uv": [64, 64], "uv_size": [-0.17297, 0]},
								"west": {"uv": [64, 64], "uv_size": [-0.17297, 0]},
								"up": {"uv": [63.82703, 64], "uv_size": [0.17297, 0]},
								"down": {"uv": [63.82703, 64], "uv_size": [0.17297, 0]}
							}
						},
						{
							"origin": [-2, 33.44, 19.96176],
							"size": [4, 0, 2],
							"pivot": [-1, 29, 23],
							"rotation": [45, 0, 0],
							"uv": {
								"north": {"uv": [19, 27], "uv_size": [1, -4]},
								"east": {"uv": [19, 27], "uv_size": [1, -4]},
								"south": {"uv": [19, 27], "uv_size": [1, -4]},
								"west": {"uv": [19, 27], "uv_size": [1, -4]},
								"up": {"uv": [1, 33], "uv_size": [30, 14]},
								"down": {"uv": [20, 23], "uv_size": [-1, 4]}
							}
						},
						{
							"origin": [-2, 25.14843, 21.79019],
							"size": [4, 3, 3],
							"pivot": [-2, 25, 23],
							"rotation": [45, 0, 0],
							"uv": {
								"north": {"uv": [33, 16], "uv_size": [13.82703, -15]},
								"east": {"uv": [33, 16], "uv_size": [13.82703, -15]},
								"south": {"uv": [33, 16], "uv_size": [13.82703, -15]},
								"west": {"uv": [33, 16], "uv_size": [13.82703, -15]},
								"up": {"uv": [46.82703, 1], "uv_size": [-13.82703, 15]},
								"down": {"uv": [46.82703, 1], "uv_size": [-13.82703, 15]}
							}
						},
						{
							"origin": [-2, 25.14843, 21.79019],
							"size": [4, 3, 3],
							"pivot": [2, 25, 23],
							"rotation": [44.00703, -10.54529, 10.72858],
							"uv": {
								"north": {"uv": [33, 15], "uv_size": [13.82703, -14]},
								"east": {"uv": [33, 15], "uv_size": [13.82703, -14]},
								"south": {"uv": [49, 15], "uv_size": [13.82703, -14]},
								"west": {"uv": [33, 15], "uv_size": [13.82703, -14]},
								"up": {"uv": [46.82703, 1], "uv_size": [-13.82703, 14]},
								"down": {"uv": [46.82703, 1], "uv_size": [-13.82703, 14]}
							}
						},
						{
							"origin": [-2, 25.14843, 21.79019],
							"size": [4, 3, 3],
							"pivot": [-2, 25, 23],
							"rotation": [44.00703, 10.54529, -10.72858],
							"uv": {
								"north": {"uv": [33, 15], "uv_size": [13.82703, -14]},
								"east": {"uv": [33, 15], "uv_size": [13.82703, -14]},
								"south": {"uv": [49, 15], "uv_size": [13.82703, -14]},
								"west": {"uv": [33, 15], "uv_size": [13.82703, -14]},
								"up": {"uv": [46.82703, 1], "uv_size": [-13.82703, 14]},
								"down": {"uv": [46.82703, 1], "uv_size": [-13.82703, 14]}
							}
						},
						{
							"origin": [-3, 26.49157, 17.79019],
							"size": [6, 4, 3],
							"pivot": [-1, 29, 19],
							"rotation": [45, 0, 0],
							"uv": {
								"north": {"uv": [47, 15], "uv_size": [-14.17297, -14]},
								"east": {"uv": [47, 15], "uv_size": [-14.17297, -14]},
								"south": {"uv": [63, 15], "uv_size": [-14.17297, -14]},
								"west": {"uv": [47, 15], "uv_size": [-14.17297, -14]},
								"up": {"uv": [48.82703, 2], "uv_size": [14.17297, 14]},
								"down": {"uv": [32.82703, 1], "uv_size": [14.17297, 14]}
							}
						},
						{
							"origin": [-3, 26.49157, 14.79019],
							"size": [6, 1, 3],
							"pivot": [-1, 29, 19],
							"rotation": [45, 0, 0],
							"uv": {
								"north": {"uv": [64, 64], "uv_size": [-0.17297, 0]},
								"east": {"uv": [64, 64], "uv_size": [-0.17297, 0]},
								"south": {"uv": [64, 64], "uv_size": [-0.17297, 0]},
								"west": {"uv": [64, 64], "uv_size": [-0.17297, 0]},
								"up": {"uv": [63.82703, 64], "uv_size": [0.17297, 0]},
								"down": {"uv": [63.82703, 64], "uv_size": [0.17297, 0]}
							}
						},
						{
							"origin": [-2, 25.14843, 21.37597],
							"size": [4, 5, 3],
							"pivot": [-1, 26, 24],
							"rotation": [27.5, 0, 0],
							"uv": {
								"north": {"uv": [49, 15], "uv_size": [13.82703, -14]},
								"east": {"uv": [49, 15], "uv_size": [13.82703, -14]},
								"south": {"uv": [49, 15], "uv_size": [13.82703, -14]},
								"west": {"uv": [49, 15], "uv_size": [13.82703, -14]},
								"up": {"uv": [62.82703, 1], "uv_size": [-13.82703, 14]},
								"down": {"uv": [62.82703, 1], "uv_size": [-13.82703, 14]}
							}
						},
						{
							"origin": [-2.5, 25.14843, 24.4],
							"size": [5, 5, 0],
							"pivot": [-1, 26, 24],
							"rotation": [27.5, 0, 0],
							"uv": {
								"north": {"uv": [27, 4], "uv_size": [2.82703, 1]},
								"east": {"uv": [27, 4], "uv_size": [2.82703, 1]},
								"south": {"uv": [18, 51], "uv_size": [10.82703, 11]},
								"west": {"uv": [27, 4], "uv_size": [2.82703, 1]},
								"up": {"uv": [29.82703, 5], "uv_size": [-2.82703, -1]},
								"down": {"uv": [29.82703, 5], "uv_size": [-2.82703, -1]}
							}
						},
						{
							"origin": [-3, 29.67689, 21.303],
							"size": [6, 5, 1],
							"pivot": [-1, 30, 22],
							"rotation": [40, 0, 0],
							"uv": {
								"north": {"uv": [49.17297, 31], "uv_size": [13.82703, -14]},
								"east": {"uv": [49.17297, 15], "uv_size": [13.82703, -14]},
								"south": {"uv": [49.17297, 15], "uv_size": [13.82703, -14]},
								"west": {"uv": [49.17297, 15], "uv_size": [13.82703, -14]},
								"up": {"uv": [63, 1], "uv_size": [-13.82703, 14]},
								"down": {"uv": [63, 1], "uv_size": [-13.82703, 14]}
							}
						},
						{
							"origin": [-2, 31.67689, 22.35],
							"size": [4, 1, 0],
							"pivot": [-1, 30, 22],
							"rotation": [40, 0, 0],
							"uv": {
								"north": {"uv": [27.17297, 8], "uv_size": [1.82703, -1]},
								"east": {"uv": [27.17297, 8], "uv_size": [1.82703, -1]},
								"south": {"uv": [7.17297, 10], "uv_size": [18.82703, 5]},
								"west": {"uv": [27.17297, 8], "uv_size": [1.82703, -1]},
								"up": {"uv": [29, 7], "uv_size": [-1.82703, 1]},
								"down": {"uv": [29, 7], "uv_size": [-1.82703, 1]}
							}
						},
						{
							"origin": [3, 29.31292, 18.96176],
							"size": [3, 1, 1],
							"uv": {
								"north": {"uv": [49, 15], "uv_size": [13.82703, -14]},
								"east": {"uv": [49, 15], "uv_size": [13.82703, -14]},
								"south": {"uv": [33, 45], "uv_size": [13.82703, -12]},
								"west": {"uv": [49, 15], "uv_size": [13.82703, -14]},
								"up": {"uv": [62.82703, 1], "uv_size": [-13.82703, 14]},
								"down": {"uv": [62.82703, 1], "uv_size": [-13.82703, 14]}
							}
						},
						{
							"origin": [-6, 29.31292, 18.96176],
							"size": [3, 1, 1],
							"uv": {
								"north": {"uv": [49, 15], "uv_size": [13.82703, -14]},
								"east": {"uv": [49, 15], "uv_size": [13.82703, -14]},
								"south": {"uv": [33, 45], "uv_size": [13.82703, -12]},
								"west": {"uv": [49, 15], "uv_size": [13.82703, -14]},
								"up": {"uv": [62.82703, 1], "uv_size": [-13.82703, 14]},
								"down": {"uv": [62.82703, 1], "uv_size": [-13.82703, 14]}
							}
						},
						{
							"origin": [-3, 8, 25.5],
							"size": [1, 25, 1],
							"pivot": [-1, 9, 26],
							"rotation": [25, 0, 0],
							"uv": {
								"north": {"uv": [33, 17], "uv_size": [13.82703, 14]},
								"east": {"uv": [33, 17], "uv_size": [13.82703, 14]},
								"south": {"uv": [33, 17], "uv_size": [13.82703, 14]},
								"west": {"uv": [33, 17], "uv_size": [13.82703, 14]},
								"up": {"uv": [46.82703, 31], "uv_size": [-13.82703, -14]},
								"down": {"uv": [46.82703, 31], "uv_size": [-13.82703, -14]}
							}
						},
						{
							"origin": [-2, 24, 21.5],
							"size": [4, 3, 5],
							"pivot": [-1, 9, 26],
							"rotation": [25, 0, 0],
							"uv": {
								"north": {"uv": [64, 64], "uv_size": [-0.17297, 0]},
								"east": {"uv": [64, 64], "uv_size": [-0.17297, 0]},
								"south": {"uv": [64, 64], "uv_size": [-0.17297, 0]},
								"west": {"uv": [64, 64], "uv_size": [-0.17297, 0]},
								"up": {"uv": [63.82703, 64], "uv_size": [0.17297, 0]},
								"down": {"uv": [63.82703, 64], "uv_size": [0.17297, 0]}
							}
						},
						{
							"origin": [-3, 30.74135, 15.68809],
							"size": [1, 4, 1],
							"pivot": [-2, 30, 16],
							"rotation": [19.65736, 15.7627, -37.25235],
							"uv": {
								"north": {"uv": [33, 31], "uv_size": [13.82703, -14]},
								"east": {"uv": [33, 31], "uv_size": [13.82703, -14]},
								"south": {"uv": [33, 31], "uv_size": [13.82703, -14]},
								"west": {"uv": [33, 31], "uv_size": [13.82703, -14]},
								"up": {"uv": [46.82703, 17], "uv_size": [-13.82703, 14]},
								"down": {"uv": [46.82703, 17], "uv_size": [-13.82703, 14]}
							}
						},
						{
							"origin": [-5.72121, 33.40643, 14.32655],
							"size": [1, 6, 1],
							"pivot": [-5, 33, 15],
							"rotation": [0, 25, -90],
							"uv": {
								"north": {"uv": [49, 15], "uv_size": [13.82703, -14]},
								"east": {"uv": [49, 15], "uv_size": [13.82703, -14]},
								"south": {"uv": [49, 15], "uv_size": [13.82703, -14]},
								"west": {"uv": [49, 15], "uv_size": [13.82703, -14]},
								"up": {"uv": [62.82703, 1], "uv_size": [-13.82703, 14]},
								"down": {"uv": [62.82703, 1], "uv_size": [-13.82703, 14]}
							}
						},
						{
							"origin": [2, 30.74135, 15.68809],
							"size": [1, 4, 1],
							"pivot": [2, 30, 16],
							"rotation": [19.65736, -15.7627, 37.25235],
							"uv": {
								"north": {"uv": [33, 31], "uv_size": [13.82703, -14]},
								"east": {"uv": [33, 31], "uv_size": [13.82703, -14]},
								"south": {"uv": [33, 31], "uv_size": [13.82703, -14]},
								"west": {"uv": [33, 31], "uv_size": [13.82703, -14]},
								"up": {"uv": [46.82703, 17], "uv_size": [-13.82703, 14]},
								"down": {"uv": [46.82703, 17], "uv_size": [-13.82703, 14]}
							}
						},
						{
							"origin": [4.72121, 33.40643, 14.32655],
							"size": [1, 6, 1],
							"pivot": [5, 33, 15],
							"rotation": [0, -25, 90],
							"uv": {
								"north": {"uv": [49, 15], "uv_size": [13.82703, -14]},
								"east": {"uv": [49, 15], "uv_size": [13.82703, -14]},
								"south": {"uv": [49, 15], "uv_size": [13.82703, -14]},
								"west": {"uv": [49, 15], "uv_size": [13.82703, -14]},
								"up": {"uv": [62.82703, 1], "uv_size": [-13.82703, 14]},
								"down": {"uv": [62.82703, 1], "uv_size": [-13.82703, 14]}
							}
						},
						{
							"origin": [4.5, 33.40643, 14.1],
							"size": [1.4, 2, 1.4],
							"pivot": [5, 33, 15],
							"rotation": [0, -25, 90],
							"uv": {
								"north": {"uv": [49, 31], "uv_size": [13.82703, -14]},
								"east": {"uv": [49, 31], "uv_size": [13.82703, -14]},
								"south": {"uv": [49, 31], "uv_size": [13.82703, -14]},
								"west": {"uv": [49, 31], "uv_size": [13.82703, -14]},
								"up": {"uv": [62.82703, 17], "uv_size": [-13.82703, 14]},
								"down": {"uv": [62.82703, 17], "uv_size": [-13.82703, 14]}
							}
						},
						{
							"origin": [8.5, 37.40643, 13.1],
							"size": [1.4, 3, 0.4],
							"pivot": [9, 38, 14],
							"rotation": [0, 0, 90],
							"uv": {
								"north": {"uv": [1, 63], "uv_size": [13.82703, -14]},
								"east": {"uv": [49, 15], "uv_size": [13.82703, -14]},
								"south": {"uv": [49, 15], "uv_size": [13.82703, -14]},
								"west": {"uv": [49, 15], "uv_size": [13.82703, -14]},
								"up": {"uv": [62.82703, 1], "uv_size": [-13.82703, 14]},
								"down": {"uv": [62.82703, 1], "uv_size": [-13.82703, 14]}
							}
						},
						{
							"origin": [8.5, 32.40643, 13.6],
							"size": [0.4, 6, 0.4],
							"pivot": [9, 38, 14],
							"rotation": [10.90668, -13.65309, 29.04952],
							"uv": {
								"north": {"uv": [49, 15], "uv_size": [13.82703, -14]},
								"east": {"uv": [49, 15], "uv_size": [13.82703, -14]},
								"south": {"uv": [49, 15], "uv_size": [13.82703, -14]},
								"west": {"uv": [49, 15], "uv_size": [13.82703, -14]},
								"up": {"uv": [62.82703, 1], "uv_size": [-13.82703, 14]},
								"down": {"uv": [62.82703, 1], "uv_size": [-13.82703, 14]}
							}
						},
						{
							"origin": [-9.20904, 31.69151, 13.60655],
							"size": [0.4, 7, 0.4],
							"pivot": [-9, 38, 14],
							"rotation": [11.99485, 3.83486, -34.06775],
							"uv": {
								"north": {"uv": [49, 15], "uv_size": [13.82703, -14]},
								"east": {"uv": [49, 15], "uv_size": [13.82703, -14]},
								"south": {"uv": [49, 15], "uv_size": [13.82703, -14]},
								"west": {"uv": [49, 15], "uv_size": [13.82703, -14]},
								"up": {"uv": [62.82703, 1], "uv_size": [-13.82703, 14]},
								"down": {"uv": [62.82703, 1], "uv_size": [-13.82703, 14]}
							}
						},
						{
							"origin": [-0.5, 16.40643, 13.1],
							"size": [1.4, 3, 0.4],
							"pivot": [5, 33, 15],
							"rotation": [0, 0, 90],
							"uv": {
								"north": {"uv": [1, 63], "uv_size": [13.82703, -14]},
								"east": {"uv": [49, 15], "uv_size": [13.82703, -14]},
								"south": {"uv": [49, 15], "uv_size": [13.82703, -14]},
								"west": {"uv": [49, 15], "uv_size": [13.82703, -14]},
								"up": {"uv": [62.82703, 1], "uv_size": [-13.82703, 14]},
								"down": {"uv": [62.82703, 1], "uv_size": [-13.82703, 14]}
							}
						},
						{
							"origin": [4.5, 20.5, 14.1],
							"size": [1.4, 2, 1.4],
							"pivot": [5, 33, 15],
							"rotation": [0, -25, 90],
							"uv": {
								"north": {"uv": [63, 31], "uv_size": [-14.17297, -14]},
								"east": {"uv": [63, 31], "uv_size": [-14.17297, -14]},
								"south": {"uv": [63, 31], "uv_size": [-14.17297, -14]},
								"west": {"uv": [63, 31], "uv_size": [-14.17297, -14]},
								"up": {"uv": [48.82703, 17], "uv_size": [14.17297, 14]},
								"down": {"uv": [48.82703, 17], "uv_size": [14.17297, 14]}
							}
						},
						{
							"origin": [2, 8, 25.5],
							"size": [1, 25, 1],
							"pivot": [-1, 9, 26],
							"rotation": [25, 0, 0],
							"uv": {
								"north": {"uv": [33, 31], "uv_size": [13.82703, -14]},
								"east": {"uv": [33, 31], "uv_size": [13.82703, -14]},
								"south": {"uv": [33, 31], "uv_size": [13.82703, -14]},
								"west": {"uv": [33, 31], "uv_size": [13.82703, -14]},
								"up": {"uv": [46.82703, 17], "uv_size": [-13.82703, 14]},
								"down": {"uv": [46.82703, 17], "uv_size": [-13.82703, 14]}
							}
						},
						{
							"origin": [-2, 8, 25.5],
							"size": [4, 1, 1],
							"pivot": [-1, 9, 26],
							"rotation": [25, 0, 0],
							"uv": {
								"north": {"uv": [64, 64], "uv_size": [-0.17297, 0]},
								"east": {"uv": [64, 64], "uv_size": [-0.17297, 0]},
								"south": {"uv": [64, 64], "uv_size": [-0.17297, 0]},
								"west": {"uv": [64, 64], "uv_size": [-0.17297, 0]},
								"up": {"uv": [63.82703, 64], "uv_size": [0.17297, 0]},
								"down": {"uv": [63.82703, 64], "uv_size": [0.17297, 0]}
							}
						}
					]
				},
				{
					"name": "hexadecagon",
					"parent": "guidon",
					"pivot": [8, 1, 18],
					"cubes": [
						{
							"origin": [-1.5, 7.30924, 31.5],
							"size": [3, 3.38151, 3],
							"pivot": [0, 9, 26],
							"rotation": [45, 0, 0],
							"uv": {
								"north": {"uv": [49, 17], "uv_size": [14, 14]},
								"east": {"uv": [49, 17], "uv_size": [14, 14]},
								"south": {"uv": [49, 17], "uv_size": [14, 14]},
								"west": {"uv": [49, 17], "uv_size": [14, 14]},
								"up": {"uv": [63, 31], "uv_size": [-14, -14]},
								"down": {"uv": [63, 31], "uv_size": [-14, -14]}
							}
						},
						{
							"origin": [-1.5, 7.30924, 17.5],
							"size": [3, 3.38151, 3],
							"pivot": [0, 9, 26],
							"rotation": [45, 0, 0],
							"uv": {
								"north": {"uv": [49, 17], "uv_size": [14, 14]},
								"east": {"uv": [49, 17], "uv_size": [14, 14]},
								"south": {"uv": [49, 17], "uv_size": [14, 14]},
								"west": {"uv": [49, 17], "uv_size": [14, 14]},
								"up": {"uv": [63, 31], "uv_size": [-14, -14]},
								"down": {"uv": [63, 31], "uv_size": [-14, -14]}
							}
						},
						{
							"origin": [-1.5, 7.30924, 31.5],
							"size": [3, 3.38151, 3],
							"pivot": [0, 9, 26],
							"rotation": [22.5, 0, 0],
							"uv": {
								"north": {"uv": [49, 17], "uv_size": [14, 14]},
								"east": {"uv": [49, 17], "uv_size": [14, 14]},
								"south": {"uv": [49, 17], "uv_size": [14, 14]},
								"west": {"uv": [49, 17], "uv_size": [14, 14]},
								"up": {"uv": [63, 31], "uv_size": [-14, -14]},
								"down": {"uv": [63, 31], "uv_size": [-14, -14]}
							}
						},
						{
							"origin": [-1.5, 7.30924, 17.5],
							"size": [3, 3.38151, 3],
							"pivot": [0, 9, 26],
							"rotation": [22.5, 0, 0],
							"uv": {
								"north": {"uv": [49, 17], "uv_size": [14, 14]},
								"east": {"uv": [49, 17], "uv_size": [14, 14]},
								"south": {"uv": [49, 17], "uv_size": [14, 14]},
								"west": {"uv": [49, 17], "uv_size": [14, 14]},
								"up": {"uv": [63, 31], "uv_size": [-14, -14]},
								"down": {"uv": [63, 31], "uv_size": [-14, -14]}
							}
						},
						{
							"origin": [-1.5, 7.30924, 31.5],
							"size": [3, 3.38151, 3],
							"uv": {
								"north": {"uv": [49, 17], "uv_size": [14, 14]},
								"east": {"uv": [49, 17], "uv_size": [14, 14]},
								"south": {"uv": [49, 17], "uv_size": [14, 14]},
								"west": {"uv": [49, 17], "uv_size": [14, 14]},
								"up": {"uv": [63, 31], "uv_size": [-14, -14]},
								"down": {"uv": [63, 31], "uv_size": [-14, -14]}
							}
						},
						{
							"origin": [-1.5, 7.30924, 17.5],
							"size": [3, 3.38151, 3],
							"uv": {
								"north": {"uv": [49, 17], "uv_size": [14, 14]},
								"east": {"uv": [49, 17], "uv_size": [14, 14]},
								"south": {"uv": [49, 17], "uv_size": [14, 14]},
								"west": {"uv": [49, 17], "uv_size": [14, 14]},
								"up": {"uv": [63, 31], "uv_size": [-14, -14]},
								"down": {"uv": [63, 31], "uv_size": [-14, -14]}
							}
						},
						{
							"origin": [-1.5, 7.30924, 31.5],
							"size": [3, 3.38151, 3],
							"pivot": [0, 9, 26],
							"rotation": [-22.5, 0, 0],
							"uv": {
								"north": {"uv": [49, 17], "uv_size": [14, 14]},
								"east": {"uv": [49, 17], "uv_size": [14, 14]},
								"south": {"uv": [49, 17], "uv_size": [14, 14]},
								"west": {"uv": [49, 17], "uv_size": [14, 14]},
								"up": {"uv": [63, 31], "uv_size": [-14, -14]},
								"down": {"uv": [63, 31], "uv_size": [-14, -14]}
							}
						},
						{
							"origin": [-1.5, 7.30924, 17.5],
							"size": [3, 3.38151, 3],
							"pivot": [0, 9, 26],
							"rotation": [-22.5, 0, 0],
							"uv": {
								"north": {"uv": [49, 17], "uv_size": [14, 14]},
								"east": {"uv": [49, 17], "uv_size": [14, 14]},
								"south": {"uv": [49, 17], "uv_size": [14, 14]},
								"west": {"uv": [49, 17], "uv_size": [14, 14]},
								"up": {"uv": [63, 31], "uv_size": [-14, -14]},
								"down": {"uv": [63, 31], "uv_size": [-14, -14]}
							}
						},
						{
							"origin": [-1.5, 7.30924, 31.5],
							"size": [3, 3.38151, 3],
							"pivot": [0, 9, 26],
							"rotation": [-45, 0, 0],
							"uv": {
								"north": {"uv": [49, 17], "uv_size": [14, 14]},
								"east": {"uv": [49, 17], "uv_size": [14, 14]},
								"south": {"uv": [49, 17], "uv_size": [14, 14]},
								"west": {"uv": [49, 17], "uv_size": [14, 14]},
								"up": {"uv": [63, 31], "uv_size": [-14, -14]},
								"down": {"uv": [63, 31], "uv_size": [-14, -14]}
							}
						},
						{
							"origin": [-1.5, 7.30924, 17.5],
							"size": [3, 3.38151, 3],
							"pivot": [0, 9, 26],
							"rotation": [-45, 0, 0],
							"uv": {
								"north": {"uv": [49, 17], "uv_size": [14, 14]},
								"east": {"uv": [49, 17], "uv_size": [14, 14]},
								"south": {"uv": [49, 17], "uv_size": [14, 14]},
								"west": {"uv": [49, 17], "uv_size": [14, 14]},
								"up": {"uv": [63, 31], "uv_size": [-14, -14]},
								"down": {"uv": [63, 31], "uv_size": [-14, -14]}
							}
						},
						{
							"origin": [-1.5, 0.5, 24.30924],
							"size": [3, 3, 3.38151],
							"pivot": [0, 9, 26],
							"rotation": [22.5, 0, 0],
							"uv": {
								"north": {"uv": [49, 17], "uv_size": [14, 14]},
								"east": {"uv": [49, 17], "uv_size": [14, 14]},
								"south": {"uv": [49, 17], "uv_size": [14, 14]},
								"west": {"uv": [49, 17], "uv_size": [14, 14]},
								"up": {"uv": [63, 31], "uv_size": [-14, -14]},
								"down": {"uv": [63, 31], "uv_size": [-14, -14]}
							}
						},
						{
							"origin": [-1.5, 14.5, 24.30924],
							"size": [3, 3, 3.38151],
							"pivot": [0, 9, 26],
							"rotation": [22.5, 0, 0],
							"uv": {
								"north": {"uv": [49, 17], "uv_size": [14, 14]},
								"east": {"uv": [49, 17], "uv_size": [14, 14]},
								"south": {"uv": [49, 17], "uv_size": [14, 14]},
								"west": {"uv": [49, 17], "uv_size": [14, 14]},
								"up": {"uv": [63, 31], "uv_size": [-14, -14]},
								"down": {"uv": [63, 31], "uv_size": [-14, -14]}
							}
						},
						{
							"origin": [-1.5, 14.5, 24.30924],
							"size": [3, 3, 3.38151],
							"uv": {
								"north": {"uv": [49, 17], "uv_size": [14, 14]},
								"east": {"uv": [49, 17], "uv_size": [14, 14]},
								"south": {"uv": [49, 17], "uv_size": [14, 14]},
								"west": {"uv": [49, 17], "uv_size": [14, 14]},
								"up": {"uv": [63, 31], "uv_size": [-14, -14]},
								"down": {"uv": [63, 31], "uv_size": [-14, -14]}
							}
						},
						{
							"origin": [-1.5, 0.5, 24.30924],
							"size": [3, 3, 3.38151],
							"uv": {
								"north": {"uv": [49, 17], "uv_size": [14, 14]},
								"east": {"uv": [49, 17], "uv_size": [14, 14]},
								"south": {"uv": [49, 17], "uv_size": [14, 14]},
								"west": {"uv": [49, 17], "uv_size": [14, 14]},
								"up": {"uv": [63, 31], "uv_size": [-14, -14]},
								"down": {"uv": [63, 31], "uv_size": [-14, -14]}
							}
						},
						{
							"origin": [-1.5, 14.5, 24.30924],
							"size": [3, 3, 3.38151],
							"pivot": [0, 9, 26],
							"rotation": [-22.5, 0, 0],
							"uv": {
								"north": {"uv": [49, 17], "uv_size": [14, 14]},
								"east": {"uv": [49, 17], "uv_size": [14, 14]},
								"south": {"uv": [49, 17], "uv_size": [14, 14]},
								"west": {"uv": [49, 17], "uv_size": [14, 14]},
								"up": {"uv": [63, 31], "uv_size": [-14, -14]},
								"down": {"uv": [63, 31], "uv_size": [-14, -14]}
							}
						},
						{
							"origin": [-1.5, 0.5, 24.30924],
							"size": [3, 3, 3.38151],
							"pivot": [0, 9, 26],
							"rotation": [-22.5, 0, 0],
							"uv": {
								"north": {"uv": [49, 17], "uv_size": [14, 14]},
								"east": {"uv": [49, 17], "uv_size": [14, 14]},
								"south": {"uv": [49, 17], "uv_size": [14, 14]},
								"west": {"uv": [49, 17], "uv_size": [14, 14]},
								"up": {"uv": [63, 31], "uv_size": [-14, -14]},
								"down": {"uv": [63, 31], "uv_size": [-14, -14]}
							}
						}
					]
				}
			]
		}
	]
}