{
	"format_version": "1.12.0",
	"minecraft:geometry": [
		{
			"description": {
				"identifier": "geometry.pop110",
				"texture_width": 64,
				"texture_height": 64,
				"visible_bounds_width": 6,
				"visible_bounds_height": 4.5,
				"visible_bounds_offset": [0, 1.75, 0]
			},
			"bones": [
				{
					"name": "Pop110",
					"pivot": [0, 0, 0],
					"rotation": [0, 180, 0]
				},
				{
					"name": "chassi",
					"parent": "Pop110",
					"pivot": [8, -1, -20],
					"cubes": [
						{
							"origin": [-2.5, 6.5, -12.29293],
							"size": [5, 1, 0.58586],
							"uv": {
								"north": {"uv": [63, 15], "uv_size": [-14, -14]},
								"east": {"uv": [63, 15], "uv_size": [-14, -14]},
								"south": {"uv": [63, 1], "uv_size": [-14, 14]},
								"west": {"uv": [63, 15], "uv_size": [-14, -14]},
								"up": {"uv": [49, 1], "uv_size": [14, 14]},
								"down": {"uv": [49, 1], "uv_size": [14, 14]}
							}
						},
						{
							"origin": [1.5, 7.5, -12.29293],
							"size": [1, 10, 1],
							"pivot": [2, 7, -12],
							"rotation": [-15, 0, 0],
							"uv": {
								"north": {"uv": [47, 31], "uv_size": [-14, -14]},
								"east": {"uv": [47, 31], "uv_size": [-14, -14]},
								"south": {"uv": [47, 31], "uv_size": [-14, -14]},
								"west": {"uv": [47, 31], "uv_size": [-14, -14]},
								"up": {"uv": [33, 17], "uv_size": [14, 14]},
								"down": {"uv": [33, 17], "uv_size": [14, 14]}
							}
						},
						{
							"origin": [1.3, 10.5, -12.5],
							"size": [1.4, 7, 1.4],
							"pivot": [2, 7, -12],
							"rotation": [-15, 0, 0],
							"uv": {
								"north": {"uv": [63, 15], "uv_size": [-14, -14]},
								"east": {"uv": [63, 15], "uv_size": [-14, -14]},
								"south": {"uv": [63, 15], "uv_size": [-14, -14]},
								"west": {"uv": [63, 15], "uv_size": [-14, -14]},
								"up": {"uv": [49, 1], "uv_size": [14, 14]},
								"down": {"uv": [49, 1], "uv_size": [14, 14]}
							}
						},
						{
							"origin": [-2.7, 10.5, -12.5],
							"size": [1.4, 7, 1.4],
							"pivot": [2, 7, -12],
							"rotation": [-15, 0, 0],
							"uv": {
								"north": {"uv": [63, 15], "uv_size": [-14, -14]},
								"east": {"uv": [63, 15], "uv_size": [-14, -14]},
								"south": {"uv": [63, 15], "uv_size": [-14, -14]},
								"west": {"uv": [63, 15], "uv_size": [-14, -14]},
								"up": {"uv": [49, 1], "uv_size": [14, 14]},
								"down": {"uv": [49, 1], "uv_size": [14, 14]}
							}
						},
						{
							"origin": [-2.5, 16.21968, -20.01793],
							"size": [5, 2, 3],
							"pivot": [2, 15, -6],
							"rotation": [-15, 0, 0],
							"uv": {
								"north": {"uv": [63, 45], "uv_size": [-14, -12]},
								"east": {"uv": [63, 45], "uv_size": [-14, -12]},
								"south": {"uv": [63, 45], "uv_size": [-14, -12]},
								"west": {"uv": [63, 45], "uv_size": [-14, -12]},
								"up": {"uv": [49, 33], "uv_size": [14, 12]},
								"down": {"uv": [49, 33], "uv_size": [14, 12]}
							}
						},
						{
							"origin": [-2.5, 15.21968, -17.01793],
							"size": [5, 3, 11],
							"pivot": [2, 15, -6],
							"rotation": [-15, 0, 0],
							"uv": {
								"north": {"uv": [63, 15], "uv_size": [-14, -14]},
								"east": {"uv": [63, 15], "uv_size": [-14, -14]},
								"south": {"uv": [63, 15], "uv_size": [-14, -14]},
								"west": {"uv": [63, 15], "uv_size": [-14, -14]},
								"up": {"uv": [49, 1], "uv_size": [14, 14]},
								"down": {"uv": [49, 1], "uv_size": [14, 14]}
							}
						},
						{
							"origin": [-2.5, 18.16891, -18.61629],
							"size": [5, 1, 9],
							"pivot": [2, 18, -17],
							"rotation": [-122.5, 0, 0],
							"uv": {
								"north": {"uv": [63, 15], "uv_size": [-14, -14]},
								"east": {"uv": [63, 15], "uv_size": [-14, -14]},
								"south": {"uv": [63, 15], "uv_size": [-14, -14]},
								"west": {"uv": [63, 15], "uv_size": [-14, -14]},
								"up": {"uv": [49, 1], "uv_size": [14, 14]},
								"down": {"uv": [49, 1], "uv_size": [14, 14]}
							}
						},
						{
							"origin": [-3.5, 17.16891, -14.61629],
							"size": [7, 1, 4],
							"pivot": [2, 18, -17],
							"rotation": [-122.5, 0, 0],
							"uv": {
								"north": {"uv": [63, 47], "uv_size": [-30, -1]},
								"east": {"uv": [33, 46], "uv_size": [1, 17]},
								"south": {"uv": [63, 63], "uv_size": [-30, -1]},
								"west": {"uv": [63, 63], "uv_size": [-1, -17]},
								"up": {"uv": [33, 63], "uv_size": [1, -17]},
								"down": {"uv": [33, 46], "uv_size": [30, 17]}
							}
						},
						{
							"origin": [-3.5, 19.73341, -18.26924],
							"size": [7, 3, 11],
							"pivot": [2, 23, -7],
							"rotation": [-2.5, 0, 0],
							"uv": {
								"north": {"uv": [63, 15], "uv_size": [-14, -14]},
								"east": {"uv": [63, 15], "uv_size": [-14, -14]},
								"south": {"uv": [63, 15], "uv_size": [-14, -14]},
								"west": {"uv": [63, 15], "uv_size": [-14, -14]},
								"up": {"uv": [49, 1], "uv_size": [14, 14]},
								"down": {"uv": [49, 1], "uv_size": [14, 14]}
							}
						},
						{
							"origin": [2.5, 17.73341, -16.26924],
							"size": [2, 1, 1],
							"pivot": [2, 23, -7],
							"rotation": [-2.5, 0, 0],
							"uv": {
								"north": {"uv": [47, 45], "uv_size": [-14, -12]},
								"east": {"uv": [63, 15], "uv_size": [-14, -14]},
								"south": {"uv": [63, 15], "uv_size": [-14, -14]},
								"west": {"uv": [63, 15], "uv_size": [-14, -14]},
								"up": {"uv": [49, 1], "uv_size": [14, 14]},
								"down": {"uv": [49, 1], "uv_size": [14, 14]}
							}
						},
						{
							"origin": [3.5, 22.73341, 17.73076],
							"size": [2, 1, 1],
							"pivot": [2, 23, -7],
							"rotation": [-2.5, 0, 0],
							"uv": {
								"north": {"uv": [63, 15], "uv_size": [-14, -14]},
								"east": {"uv": [63, 15], "uv_size": [-14, -14]},
								"south": {"uv": [47, 45], "uv_size": [-14, -12]},
								"west": {"uv": [63, 15], "uv_size": [-14, -14]},
								"up": {"uv": [49, 1], "uv_size": [14, 14]},
								"down": {"uv": [49, 1], "uv_size": [14, 14]}
							}
						},
						{
							"origin": [-5.5, 22.73341, 17.73076],
							"size": [2, 1, 1],
							"pivot": [2, 23, -7],
							"rotation": [-2.5, 0, 0],
							"uv": {
								"north": {"uv": [63, 15], "uv_size": [-14, -14]},
								"east": {"uv": [63, 15], "uv_size": [-14, -14]},
								"south": {"uv": [47, 45], "uv_size": [-14, -12]},
								"west": {"uv": [63, 15], "uv_size": [-14, -14]},
								"up": {"uv": [49, 1], "uv_size": [14, 14]},
								"down": {"uv": [49, 1], "uv_size": [14, 14]}
							}
						},
						{
							"origin": [-4.5, 17.73341, -16.26924],
							"size": [2, 1, 1],
							"pivot": [2, 23, -7],
							"rotation": [-2.5, 0, 0],
							"uv": {
								"north": {"uv": [47, 45], "uv_size": [-14, -12]},
								"east": {"uv": [63, 15], "uv_size": [-14, -14]},
								"south": {"uv": [63, 15], "uv_size": [-14, -14]},
								"west": {"uv": [63, 15], "uv_size": [-14, -14]},
								"up": {"uv": [49, 1], "uv_size": [14, 14]},
								"down": {"uv": [49, 1], "uv_size": [14, 14]}
							}
						},
						{
							"origin": [-3.5, 17.78501, -7.4311],
							"size": [7, 4, 9],
							"pivot": [2, 22, -4],
							"rotation": [-17.5, 0, 0],
							"uv": {
								"north": {"uv": [63, 15], "uv_size": [-14, -14]},
								"east": {"uv": [63, 15], "uv_size": [-14, -14]},
								"south": {"uv": [63, 15], "uv_size": [-14, -14]},
								"west": {"uv": [63, 15], "uv_size": [-14, -14]},
								"up": {"uv": [49, 1], "uv_size": [14, 14]},
								"down": {"uv": [49, 1], "uv_size": [14, 14]}
							}
						},
						{
							"origin": [-2.5, 17.78501, -10.4311],
							"size": [5, 3, 3],
							"pivot": [2, 22, -4],
							"rotation": [-17.5, 0, 0],
							"uv": {
								"north": {"uv": [63, 31], "uv_size": [-14, -14]},
								"east": {"uv": [63, 31], "uv_size": [-14, -14]},
								"south": {"uv": [63, 31], "uv_size": [-14, -14]},
								"west": {"uv": [63, 31], "uv_size": [-14, -14]},
								"up": {"uv": [49, 17], "uv_size": [14, 14]},
								"down": {"uv": [49, 17], "uv_size": [14, 14]}
							}
						},
						{
							"origin": [-2.5, 17.25827, -3.49542],
							"size": [5, 4, 6],
							"pivot": [2, 21, 2],
							"rotation": [-5, 0, 0],
							"uv": {
								"north": {"uv": [63, 15], "uv_size": [-14, -14]},
								"east": {"uv": [63, 15], "uv_size": [-14, -14]},
								"south": {"uv": [63, 15], "uv_size": [-14, -14]},
								"west": {"uv": [63, 15], "uv_size": [-14, -14]},
								"up": {"uv": [49, 1], "uv_size": [14, 14]},
								"down": {"uv": [49, 1], "uv_size": [14, 14]}
							}
						},
						{
							"origin": [-2.5, 17.25827, 2.50458],
							"size": [5, 4, 4],
							"pivot": [2, 21, 2],
							"rotation": [-37.5, 0, 0],
							"uv": {
								"north": {"uv": [63, 15], "uv_size": [-14, -14]},
								"east": {"uv": [63, 15], "uv_size": [-14, -14]},
								"south": {"uv": [63, 15], "uv_size": [-14, -14]},
								"west": {"uv": [63, 15], "uv_size": [-14, -14]},
								"up": {"uv": [49, 1], "uv_size": [14, 14]},
								"down": {"uv": [49, 1], "uv_size": [14, 14]}
							}
						},
						{
							"origin": [-2.6, 12.23822, 2.44209],
							"size": [5.2, 5, 9],
							"pivot": [2, 12, 2],
							"rotation": [7.5, 0, 0],
							"uv": {
								"north": {"uv": [47, 15], "uv_size": [-14, -14]},
								"east": {"uv": [47, 15], "uv_size": [-14, -14]},
								"south": {"uv": [47, 15], "uv_size": [-14, -14]},
								"west": {"uv": [47, 15], "uv_size": [-14, -14]},
								"up": {"uv": [33, 1], "uv_size": [14, 14]},
								"down": {"uv": [33, 1], "uv_size": [14, 14]}
							}
						},
						{
							"origin": [-2.5, 12.23822, 2.44209],
							"size": [5, 5, 3],
							"pivot": [2, 12, 2],
							"rotation": [37.5, 0, 0],
							"uv": {
								"north": {"uv": [63, 31], "uv_size": [-14, -14]},
								"east": {"uv": [63, 31], "uv_size": [-14, -14]},
								"south": {"uv": [63, 31], "uv_size": [-14, -14]},
								"west": {"uv": [63, 31], "uv_size": [-14, -14]},
								"up": {"uv": [49, 17], "uv_size": [14, 14]},
								"down": {"uv": [49, 17], "uv_size": [14, 14]}
							}
						},
						{
							"origin": [-1.5, 5.21968, 1.98207],
							"size": [3, 5, 6],
							"pivot": [2, 15, -6],
							"rotation": [7.5, 0, 0],
							"uv": {
								"north": {"uv": [47, 31], "uv_size": [-14, -14]},
								"east": {"uv": [47, 31], "uv_size": [-14, -14]},
								"south": {"uv": [47, 31], "uv_size": [-14, -14]},
								"west": {"uv": [47, 31], "uv_size": [-14, -14]},
								"up": {"uv": [33, 17], "uv_size": [14, 14]},
								"down": {"uv": [33, 17], "uv_size": [14, 14]}
							}
						},
						{
							"origin": [-1.5, 5.21968, 7.98207],
							"size": [3, 3, 4],
							"pivot": [2, 15, -6],
							"rotation": [7.5, 0, 0],
							"uv": {
								"north": {"uv": [47, 31], "uv_size": [-14, -14]},
								"east": {"uv": [47, 31], "uv_size": [-14, -14]},
								"south": {"uv": [47, 31], "uv_size": [-14, -14]},
								"west": {"uv": [47, 31], "uv_size": [-14, -14]},
								"up": {"uv": [33, 17], "uv_size": [14, 14]},
								"down": {"uv": [33, 17], "uv_size": [14, 14]}
							}
						},
						{
							"origin": [-3, 11.06416, 7.84079],
							"size": [6, 7, 6],
							"pivot": [2, 17, 8],
							"rotation": [47.5, 0, 0],
							"uv": {
								"north": {"uv": [47, 15], "uv_size": [-14, -14]},
								"east": {"uv": [47, 15], "uv_size": [-14, -14]},
								"south": {"uv": [47, 15], "uv_size": [-14, -14]},
								"west": {"uv": [47, 15], "uv_size": [-14, -14]},
								"up": {"uv": [33, 1], "uv_size": [14, 14]},
								"down": {"uv": [33, 1], "uv_size": [14, 14]}
							}
						},
						{
							"origin": [-3.5, 14.57363, 11.86491],
							"size": [7, 7, 8],
							"pivot": [2, 21, 11],
							"rotation": [27.5, 0, 0],
							"uv": {
								"north": {"uv": [47, 15], "uv_size": [-14, -14]},
								"east": {"uv": [47, 15], "uv_size": [-14, -14]},
								"south": {"uv": [47, 15], "uv_size": [-14, -14]},
								"west": {"uv": [47, 15], "uv_size": [-14, -14]},
								"up": {"uv": [33, 1], "uv_size": [14, 14]},
								"down": {"uv": [33, 1], "uv_size": [14, 14]}
							}
						},
						{
							"origin": [3.52, 16.57363, 11.86491],
							"size": [0, 3, 4],
							"pivot": [2, 21, 11],
							"rotation": [27.5, 0, 0],
							"uv": {
								"north": {"uv": [30, 15], "uv_size": [0, -14]},
								"east": {"uv": [7, 1], "uv_size": [19, 14]},
								"south": {"uv": [30, 15], "uv_size": [0, -14]},
								"west": {"uv": [30, 15], "uv_size": [0, -14]},
								"up": {"uv": [30, 1], "uv_size": [0, 14]},
								"down": {"uv": [30, 1], "uv_size": [0, 14]}
							}
						},
						{
							"origin": [-3.52, 16.57363, 11.86491],
							"size": [0, 3, 4],
							"pivot": [2, 21, 11],
							"rotation": [27.5, 0, 0],
							"uv": {
								"north": {"uv": [30, 15], "uv_size": [0, -14]},
								"east": {"uv": [7, 1], "uv_size": [19, 14]},
								"south": {"uv": [30, 15], "uv_size": [0, -14]},
								"west": {"uv": [30, 15], "uv_size": [0, -14]},
								"up": {"uv": [30, 1], "uv_size": [0, 14]},
								"down": {"uv": [30, 1], "uv_size": [0, 14]}
							}
						},
						{
							"origin": [-3.5, 21.6, 16.86491],
							"size": [7, 0, 3],
							"pivot": [2, 21, 11],
							"rotation": [27.5, 0, 0],
							"uv": {
								"north": {"uv": [30, 15], "uv_size": [-2, -14]},
								"east": {"uv": [30, 15], "uv_size": [-2, -14]},
								"south": {"uv": [30, 15], "uv_size": [-2, -14]},
								"west": {"uv": [30, 15], "uv_size": [-2, -14]},
								"up": {"uv": [1, 33], "uv_size": [30, 14]},
								"down": {"uv": [28, 1], "uv_size": [2, 14]}
							}
						},
						{
							"origin": [-3.5, 26.24733, 17.87023],
							"size": [7, 2, 1],
							"pivot": [2, 27, 19],
							"rotation": [35, 0, 0],
							"uv": {
								"north": {"uv": [63, 15], "uv_size": [-14, -14]},
								"east": {"uv": [63, 15], "uv_size": [-14, -14]},
								"south": {"uv": [63, 15], "uv_size": [-14, -14]},
								"west": {"uv": [63, 15], "uv_size": [-14, -14]},
								"up": {"uv": [49, 1], "uv_size": [14, 14]},
								"down": {"uv": [49, 1], "uv_size": [14, 14]}
							}
						},
						{
							"origin": [-3.6, 19.24733, 17.87023],
							"size": [7.2, 7, 1],
							"pivot": [2, 27, 19],
							"rotation": [27.5, 0, 0],
							"uv": {
								"north": {"uv": [63, 15], "uv_size": [-14, -14]},
								"east": {"uv": [63, 15], "uv_size": [-14, -14]},
								"south": {"uv": [63, 15], "uv_size": [-14, -14]},
								"west": {"uv": [63, 15], "uv_size": [-14, -14]},
								"up": {"uv": [49, 1], "uv_size": [14, 14]},
								"down": {"uv": [49, 1], "uv_size": [14, 14]}
							}
						},
						{
							"origin": [-3.6, 18.24733, 18.9],
							"size": [7.2, 6, 0],
							"pivot": [2, 27, 19],
							"rotation": [27.5, 0, 0],
							"uv": {
								"north": {"uv": [31, 50], "uv_size": [-15, -1]},
								"east": {"uv": [31, 50], "uv_size": [-15, -1]},
								"south": {"uv": [31, 49], "uv_size": [-15, 14]},
								"west": {"uv": [31, 50], "uv_size": [-15, -1]},
								"up": {"uv": [16, 49], "uv_size": [15, 1]},
								"down": {"uv": [16, 49], "uv_size": [15, 1]}
							}
						},
						{
							"origin": [-1.6, 25.24733, 18.9],
							"size": [3.2, 1, 0],
							"pivot": [2, 27, 19],
							"rotation": [27.5, 0, 0],
							"uv": {
								"north": {"uv": [31, 50], "uv_size": [-15, -1]},
								"east": {"uv": [31, 50], "uv_size": [-15, -1]},
								"south": {"uv": [7, 10], "uv_size": [20, 5]},
								"west": {"uv": [31, 50], "uv_size": [-15, -1]},
								"up": {"uv": [16, 49], "uv_size": [15, 1]},
								"down": {"uv": [16, 49], "uv_size": [15, 1]}
							}
						},
						{
							"origin": [-2.5, 15.06308, -5.2074],
							"size": [5, 3, 11],
							"pivot": [2, 18, -5],
							"rotation": [-37.5, 0, 0],
							"uv": {
								"north": {"uv": [63, 15], "uv_size": [-14, -14]},
								"east": {"uv": [63, 15], "uv_size": [-14, -14]},
								"south": {"uv": [63, 15], "uv_size": [-14, -14]},
								"west": {"uv": [63, 15], "uv_size": [-14, -14]},
								"up": {"uv": [49, 1], "uv_size": [14, 14]},
								"down": {"uv": [49, 1], "uv_size": [14, 14]}
							}
						},
						{
							"origin": [-1.5, 4.53873, -5.81242],
							"size": [3, 3, 5],
							"pivot": [2, 7, -1],
							"rotation": [-70, 0, 0],
							"uv": {
								"north": {"uv": [63, 15], "uv_size": [-14, -14]},
								"east": {"uv": [63, 15], "uv_size": [-14, -14]},
								"south": {"uv": [63, 15], "uv_size": [-14, -14]},
								"west": {"uv": [63, 15], "uv_size": [-14, -14]},
								"up": {"uv": [49, 1], "uv_size": [14, 14]},
								"down": {"uv": [49, 1], "uv_size": [14, 14]}
							}
						},
						{
							"origin": [-1.5, 4.53873, -6.81242],
							"size": [3, 1, 1],
							"pivot": [2, 7, -1],
							"rotation": [-70, 0, 0],
							"uv": {
								"north": {"uv": [63, 15], "uv_size": [-14, -14]},
								"east": {"uv": [63, 15], "uv_size": [-14, -14]},
								"south": {"uv": [63, 15], "uv_size": [-14, -14]},
								"west": {"uv": [63, 15], "uv_size": [-14, -14]},
								"up": {"uv": [49, 1], "uv_size": [14, 14]},
								"down": {"uv": [49, 1], "uv_size": [14, 14]}
							}
						},
						{
							"origin": [-1.5, 10.05004, -8.36961],
							"size": [3, 1, 5],
							"pivot": [2, 11, -3],
							"rotation": [-40, 0, 0],
							"uv": {
								"north": {"uv": [63, 15], "uv_size": [-14, -14]},
								"east": {"uv": [63, 15], "uv_size": [-14, -14]},
								"south": {"uv": [63, 15], "uv_size": [-14, -14]},
								"west": {"uv": [63, 15], "uv_size": [-14, -14]},
								"up": {"uv": [49, 1], "uv_size": [14, 14]},
								"down": {"uv": [49, 1], "uv_size": [14, 14]}
							}
						},
						{
							"origin": [1.5, 6.5, -12.29293],
							"size": [1, 20, 1],
							"pivot": [2, 7, -12],
							"rotation": [-92.5, 0, 0],
							"uv": {
								"north": {"uv": [63, 15], "uv_size": [-14, -14]},
								"east": {"uv": [63, 15], "uv_size": [-14, -14]},
								"south": {"uv": [63, 15], "uv_size": [-14, -14]},
								"west": {"uv": [63, 15], "uv_size": [-14, -14]},
								"up": {"uv": [49, 1], "uv_size": [14, 14]},
								"down": {"uv": [49, 1], "uv_size": [14, 14]}
							}
						},
						{
							"origin": [4.5, 6.5, -12.29293],
							"size": [1, 15, 1],
							"pivot": [5, 7, -12],
							"rotation": [-87.5, 0, 180],
							"uv": {
								"north": {"uv": [63, 15], "uv_size": [-14, -14]},
								"east": {"uv": [63, 15], "uv_size": [-14, -14]},
								"south": {"uv": [63, 15], "uv_size": [-14, -14]},
								"west": {"uv": [63, 15], "uv_size": [-14, -14]},
								"up": {"uv": [49, 1], "uv_size": [14, 14]},
								"down": {"uv": [49, 1], "uv_size": [14, 14]}
							}
						},
						{
							"origin": [4.5, 6.45543, -13.25026],
							"size": [1, 17, 1],
							"pivot": [5, 6, -13],
							"rotation": [-90, 0, 180],
							"uv": {
								"north": {"uv": [63, 15], "uv_size": [-14, -14]},
								"east": {"uv": [63, 15], "uv_size": [-14, -14]},
								"south": {"uv": [63, 15], "uv_size": [-14, -14]},
								"west": {"uv": [63, 15], "uv_size": [-14, -14]},
								"up": {"uv": [49, 1], "uv_size": [14, 14]},
								"down": {"uv": [49, 1], "uv_size": [14, 14]}
							}
						},
						{
							"origin": [4.5, 9.58629, -14.24741],
							"size": [1, 16, 1],
							"pivot": [5, 9, -13],
							"rotation": [-85, 0, 180],
							"uv": {
								"north": {"uv": [63, 15], "uv_size": [-14, -14]},
								"east": {"uv": [63, 15], "uv_size": [-14, -14]},
								"south": {"uv": [63, 15], "uv_size": [-14, -14]},
								"west": {"uv": [63, 15], "uv_size": [-14, -14]},
								"up": {"uv": [49, 1], "uv_size": [14, 14]},
								"down": {"uv": [49, 1], "uv_size": [14, 14]}
							}
						},
						{
							"origin": [3.5, 5.5, -13.29293],
							"size": [3, 1, 3],
							"pivot": [5, 7, -12],
							"rotation": [-87.5, 0, 180],
							"uv": {
								"north": {"uv": [63, 15], "uv_size": [-14, -14]},
								"east": {"uv": [63, 15], "uv_size": [-14, -14]},
								"south": {"uv": [63, 15], "uv_size": [-14, -14]},
								"west": {"uv": [63, 15], "uv_size": [-14, -14]},
								"up": {"uv": [49, 1], "uv_size": [14, 14]},
								"down": {"uv": [49, 1], "uv_size": [14, 14]}
							}
						},
						{
							"origin": [1.5, 6.49905, -13.24931],
							"size": [1, 17, 1],
							"pivot": [3, 7, -13],
							"rotation": [-87.49762, -2.49762, 179.89088],
							"uv": {
								"north": {"uv": [63, 15], "uv_size": [-14, -14]},
								"east": {"uv": [63, 15], "uv_size": [-14, -14]},
								"south": {"uv": [63, 15], "uv_size": [-14, -14]},
								"west": {"uv": [63, 15], "uv_size": [-14, -14]},
								"up": {"uv": [49, 1], "uv_size": [14, 14]},
								"down": {"uv": [49, 1], "uv_size": [14, 14]}
							}
						},
						{
							"origin": [5.5, 5.5, -12.29293],
							"size": [1, 18, 1],
							"pivot": [6, 7, -12],
							"rotation": [-87.49046, 4.99523, -179.78135],
							"uv": {
								"north": {"uv": [63, 15], "uv_size": [-14, -14]},
								"east": {"uv": [63, 15], "uv_size": [-14, -14]},
								"south": {"uv": [63, 15], "uv_size": [-14, -14]},
								"west": {"uv": [63, 15], "uv_size": [-14, -14]},
								"up": {"uv": [49, 1], "uv_size": [14, 14]},
								"down": {"uv": [49, 1], "uv_size": [14, 14]}
							}
						},
						{
							"origin": [5, 5.5, -12.29293],
							"size": [0.5, 18, 1],
							"pivot": [6, 7, -12],
							"rotation": [-87.49046, 4.99523, -179.78135],
							"uv": {
								"north": {"uv": [47, 31], "uv_size": [-14, -14]},
								"east": {"uv": [47, 31], "uv_size": [-14, -14]},
								"south": {"uv": [47, 31], "uv_size": [-14, -14]},
								"west": {"uv": [47, 31], "uv_size": [-14, -14]},
								"up": {"uv": [33, 17], "uv_size": [14, 14]},
								"down": {"uv": [33, 17], "uv_size": [14, 14]}
							}
						},
						{
							"origin": [4.5, 6.51428, 2.05278],
							"size": [1, 9, 1],
							"pivot": [5, 7, 3],
							"rotation": [-87.46148, 9.99038, -179.55933],
							"uv": {
								"north": {"uv": [63, 15], "uv_size": [-14, -14]},
								"east": {"uv": [63, 15], "uv_size": [-14, -14]},
								"south": {"uv": [63, 15], "uv_size": [-14, -14]},
								"west": {"uv": [63, 15], "uv_size": [-14, -14]},
								"up": {"uv": [49, 1], "uv_size": [14, 14]},
								"down": {"uv": [49, 1], "uv_size": [14, 14]}
							}
						},
						{
							"origin": [3.90306, 6.46967, 9.70382],
							"size": [1, 4, 1],
							"pivot": [4, 7, 11],
							"rotation": [-149.34907, 55.85118, 169.55546],
							"uv": {
								"north": {"uv": [63, 15], "uv_size": [-14, -14]},
								"east": {"uv": [63, 15], "uv_size": [-14, -14]},
								"south": {"uv": [63, 15], "uv_size": [-14, -14]},
								"west": {"uv": [63, 15], "uv_size": [-14, -14]},
								"up": {"uv": [49, 1], "uv_size": [14, 14]},
								"down": {"uv": [49, 1], "uv_size": [14, 14]}
							}
						},
						{
							"origin": [-2.5, 6.5, -12.29293],
							"size": [1, 20, 1],
							"pivot": [2, 7, -12],
							"rotation": [-92.5, 0, 0],
							"uv": {
								"north": {"uv": [63, 15], "uv_size": [-14, -14]},
								"east": {"uv": [63, 15], "uv_size": [-14, -14]},
								"south": {"uv": [63, 15], "uv_size": [-14, -14]},
								"west": {"uv": [63, 15], "uv_size": [-14, -14]},
								"up": {"uv": [49, 1], "uv_size": [14, 14]},
								"down": {"uv": [49, 1], "uv_size": [14, 14]}
							}
						},
						{
							"origin": [-4.5, 24.5, -13.29293],
							"size": [9, 2, 1],
							"pivot": [2, 7, -12],
							"rotation": [-92.5, 0, 0],
							"uv": {
								"north": {"uv": [63, 31], "uv_size": [-14, -14]},
								"east": {"uv": [63, 31], "uv_size": [-14, -14]},
								"south": {"uv": [63, 31], "uv_size": [-14, -14]},
								"west": {"uv": [63, 31], "uv_size": [-14, -14]},
								"up": {"uv": [49, 17], "uv_size": [14, 14]},
								"down": {"uv": [49, 17], "uv_size": [14, 14]}
							}
						},
						{
							"origin": [-0.5, 28.5, -20.29293],
							"size": [1, 2, 4],
							"pivot": [2, 7, -12],
							"rotation": [-92.5, 0, 0],
							"uv": {
								"north": {"uv": [63, 31], "uv_size": [-14, -14]},
								"east": {"uv": [63, 31], "uv_size": [-14, -14]},
								"south": {"uv": [63, 31], "uv_size": [-14, -14]},
								"west": {"uv": [63, 31], "uv_size": [-14, -14]},
								"up": {"uv": [49, 17], "uv_size": [14, 14]},
								"down": {"uv": [49, 17], "uv_size": [14, 14]}
							}
						},
						{
							"origin": [-4.5, 15.5, -15.29293],
							"size": [9, 2, 1],
							"pivot": [2, 7, -12],
							"rotation": [-92.5, 0, 0],
							"uv": {
								"north": {"uv": [63, 31], "uv_size": [-14, -14]},
								"east": {"uv": [63, 31], "uv_size": [-14, -14]},
								"south": {"uv": [63, 31], "uv_size": [-14, -14]},
								"west": {"uv": [63, 31], "uv_size": [-14, -14]},
								"up": {"uv": [49, 17], "uv_size": [14, 14]},
								"down": {"uv": [49, 17], "uv_size": [14, 14]}
							}
						},
						{
							"origin": [-2.5, 7.5, -12.29293],
							"size": [1, 10, 1],
							"pivot": [2, 7, -12],
							"rotation": [-15, 0, 0],
							"uv": {
								"north": {"uv": [47, 31], "uv_size": [-14, -14]},
								"east": {"uv": [47, 31], "uv_size": [-14, -14]},
								"south": {"uv": [47, 31], "uv_size": [-14, -14]},
								"west": {"uv": [47, 31], "uv_size": [-14, -14]},
								"up": {"uv": [33, 17], "uv_size": [14, 14]},
								"down": {"uv": [33, 17], "uv_size": [14, 14]}
							}
						}
					]
				},
				{
					"name": "hexadecagon",
					"parent": "chassi",
					"pivot": [8, -1, -20],
					"cubes": [
						{
							"origin": [-1.5, 5.70707, -18.5],
							"size": [3, 2.58586, 3],
							"pivot": [0, 7, -12],
							"rotation": [45, 0, 0],
							"uv": {
								"north": {"uv": [63, 31], "uv_size": [-14, -14]},
								"east": {"uv": [63, 31], "uv_size": [-14, -14]},
								"south": {"uv": [63, 31], "uv_size": [-14, -14]},
								"west": {"uv": [63, 31], "uv_size": [-14, -14]},
								"up": {"uv": [49, 17], "uv_size": [14, 14]},
								"down": {"uv": [49, 17], "uv_size": [14, 14]}
							}
						},
						{
							"origin": [-1.5, 5.70707, -8.5],
							"size": [3, 2.58586, 3],
							"pivot": [0, 7, -12],
							"rotation": [45, 0, 0],
							"uv": {
								"north": {"uv": [63, 31], "uv_size": [-14, -14]},
								"east": {"uv": [63, 31], "uv_size": [-14, -14]},
								"south": {"uv": [63, 31], "uv_size": [-14, -14]},
								"west": {"uv": [63, 31], "uv_size": [-14, -14]},
								"up": {"uv": [49, 17], "uv_size": [14, 14]},
								"down": {"uv": [49, 17], "uv_size": [14, 14]}
							}
						},
						{
							"origin": [-1.5, 5.70707, -18.5],
							"size": [3, 2.58586, 3],
							"pivot": [0, 7, -12],
							"rotation": [22.5, 0, 0],
							"uv": {
								"north": {"uv": [63, 31], "uv_size": [-14, -14]},
								"east": {"uv": [63, 31], "uv_size": [-14, -14]},
								"south": {"uv": [63, 31], "uv_size": [-14, -14]},
								"west": {"uv": [63, 31], "uv_size": [-14, -14]},
								"up": {"uv": [49, 17], "uv_size": [14, 14]},
								"down": {"uv": [49, 17], "uv_size": [14, 14]}
							}
						},
						{
							"origin": [-1.5, 5.70707, -8.5],
							"size": [3, 2.58586, 3],
							"pivot": [0, 7, -12],
							"rotation": [22.5, 0, 0],
							"uv": {
								"north": {"uv": [63, 31], "uv_size": [-14, -14]},
								"east": {"uv": [63, 31], "uv_size": [-14, -14]},
								"south": {"uv": [63, 31], "uv_size": [-14, -14]},
								"west": {"uv": [63, 31], "uv_size": [-14, -14]},
								"up": {"uv": [49, 17], "uv_size": [14, 14]},
								"down": {"uv": [49, 17], "uv_size": [14, 14]}
							}
						},
						{
							"origin": [-1.5, 5.70707, -18.5],
							"size": [3, 2.58586, 3],
							"uv": {
								"north": {"uv": [63, 31], "uv_size": [-14, -14]},
								"east": {"uv": [63, 31], "uv_size": [-14, -14]},
								"south": {"uv": [63, 31], "uv_size": [-14, -14]},
								"west": {"uv": [63, 31], "uv_size": [-14, -14]},
								"up": {"uv": [49, 17], "uv_size": [14, 14]},
								"down": {"uv": [49, 17], "uv_size": [14, 14]}
							}
						},
						{
							"origin": [-1.5, 5.70707, -8.5],
							"size": [3, 2.58586, 3],
							"uv": {
								"north": {"uv": [63, 31], "uv_size": [-14, -14]},
								"east": {"uv": [63, 31], "uv_size": [-14, -14]},
								"south": {"uv": [63, 31], "uv_size": [-14, -14]},
								"west": {"uv": [63, 31], "uv_size": [-14, -14]},
								"up": {"uv": [49, 17], "uv_size": [14, 14]},
								"down": {"uv": [49, 17], "uv_size": [14, 14]}
							}
						},
						{
							"origin": [-1.5, 5.70707, -18.5],
							"size": [3, 2.58586, 3],
							"pivot": [0, 7, -12],
							"rotation": [-22.5, 0, 0],
							"uv": {
								"north": {"uv": [63, 31], "uv_size": [-14, -14]},
								"east": {"uv": [63, 31], "uv_size": [-14, -14]},
								"south": {"uv": [63, 31], "uv_size": [-14, -14]},
								"west": {"uv": [63, 31], "uv_size": [-14, -14]},
								"up": {"uv": [49, 17], "uv_size": [14, 14]},
								"down": {"uv": [49, 17], "uv_size": [14, 14]}
							}
						},
						{
							"origin": [-1.5, 5.70707, -8.5],
							"size": [3, 2.58586, 3],
							"pivot": [0, 7, -12],
							"rotation": [-22.5, 0, 0],
							"uv": {
								"north": {"uv": [63, 31], "uv_size": [-14, -14]},
								"east": {"uv": [63, 31], "uv_size": [-14, -14]},
								"south": {"uv": [63, 31], "uv_size": [-14, -14]},
								"west": {"uv": [63, 31], "uv_size": [-14, -14]},
								"up": {"uv": [49, 17], "uv_size": [14, 14]},
								"down": {"uv": [49, 17], "uv_size": [14, 14]}
							}
						},
						{
							"origin": [-1.5, 5.70707, -8.5],
							"size": [3, 2.58586, 3],
							"pivot": [0, 7, -12],
							"rotation": [-45, 0, 0],
							"uv": {
								"north": {"uv": [63, 31], "uv_size": [-14, -14]},
								"east": {"uv": [63, 31], "uv_size": [-14, -14]},
								"south": {"uv": [63, 31], "uv_size": [-14, -14]},
								"west": {"uv": [63, 31], "uv_size": [-14, -14]},
								"up": {"uv": [49, 17], "uv_size": [14, 14]},
								"down": {"uv": [49, 17], "uv_size": [14, 14]}
							}
						},
						{
							"origin": [-1.5, 5.70707, -18.5],
							"size": [3, 2.58586, 3],
							"pivot": [0, 7, -12],
							"rotation": [-45, 0, 0],
							"uv": {
								"north": {"uv": [63, 31], "uv_size": [-14, -14]},
								"east": {"uv": [63, 31], "uv_size": [-14, -14]},
								"south": {"uv": [63, 31], "uv_size": [-14, -14]},
								"west": {"uv": [63, 31], "uv_size": [-14, -14]},
								"up": {"uv": [49, 17], "uv_size": [14, 14]},
								"down": {"uv": [49, 17], "uv_size": [14, 14]}
							}
						},
						{
							"origin": [-1.5, 0.5, -13.29293],
							"size": [3, 3, 2.58586],
							"pivot": [0, 7, -12],
							"rotation": [22.5, 0, 0],
							"uv": {
								"north": {"uv": [63, 31], "uv_size": [-14, -14]},
								"east": {"uv": [63, 31], "uv_size": [-14, -14]},
								"south": {"uv": [63, 31], "uv_size": [-14, -14]},
								"west": {"uv": [63, 31], "uv_size": [-14, -14]},
								"up": {"uv": [49, 17], "uv_size": [14, 14]},
								"down": {"uv": [49, 17], "uv_size": [14, 14]}
							}
						},
						{
							"origin": [-1.5, 10.5, -13.29293],
							"size": [3, 3, 2.58586],
							"pivot": [0, 7, -12],
							"rotation": [22.5, 0, 0],
							"uv": {
								"north": {"uv": [63, 31], "uv_size": [-14, -14]},
								"east": {"uv": [63, 31], "uv_size": [-14, -14]},
								"south": {"uv": [63, 31], "uv_size": [-14, -14]},
								"west": {"uv": [63, 31], "uv_size": [-14, -14]},
								"up": {"uv": [49, 17], "uv_size": [14, 14]},
								"down": {"uv": [49, 17], "uv_size": [14, 14]}
							}
						},
						{
							"origin": [-1.5, 0.5, -13.29293],
							"size": [3, 3, 2.58586],
							"uv": {
								"north": {"uv": [63, 31], "uv_size": [-14, -14]},
								"east": {"uv": [63, 31], "uv_size": [-14, -14]},
								"south": {"uv": [63, 31], "uv_size": [-14, -14]},
								"west": {"uv": [63, 31], "uv_size": [-14, -14]},
								"up": {"uv": [49, 17], "uv_size": [14, 14]},
								"down": {"uv": [49, 17], "uv_size": [14, 14]}
							}
						},
						{
							"origin": [-1.5, 10.5, -13.29293],
							"size": [3, 3, 2.58586],
							"uv": {
								"north": {"uv": [63, 31], "uv_size": [-14, -14]},
								"east": {"uv": [63, 31], "uv_size": [-14, -14]},
								"south": {"uv": [63, 31], "uv_size": [-14, -14]},
								"west": {"uv": [63, 31], "uv_size": [-14, -14]},
								"up": {"uv": [49, 17], "uv_size": [14, 14]},
								"down": {"uv": [49, 17], "uv_size": [14, 14]}
							}
						},
						{
							"origin": [-1.5, 0.5, -13.29293],
							"size": [3, 3, 2.58586],
							"pivot": [0, 7, -12],
							"rotation": [-22.5, 0, 0],
							"uv": {
								"north": {"uv": [63, 31], "uv_size": [-14, -14]},
								"east": {"uv": [63, 31], "uv_size": [-14, -14]},
								"south": {"uv": [63, 31], "uv_size": [-14, -14]},
								"west": {"uv": [63, 31], "uv_size": [-14, -14]},
								"up": {"uv": [49, 17], "uv_size": [14, 14]},
								"down": {"uv": [49, 17], "uv_size": [14, 14]}
							}
						},
						{
							"origin": [-1.5, 10.5, -13.29293],
							"size": [3, 3, 2.58586],
							"pivot": [0, 7, -12],
							"rotation": [-22.5, 0, 0],
							"uv": {
								"north": {"uv": [63, 31], "uv_size": [-14, -14]},
								"east": {"uv": [63, 31], "uv_size": [-14, -14]},
								"south": {"uv": [63, 31], "uv_size": [-14, -14]},
								"west": {"uv": [63, 31], "uv_size": [-14, -14]},
								"up": {"uv": [49, 17], "uv_size": [14, 14]},
								"down": {"uv": [49, 17], "uv_size": [14, 14]}
							}
						}
					]
				},
				{
					"name": "guidon",
					"parent": "Pop110",
					"pivot": [0, 7, 0],
					"rotation": [-2.5, 0, 0],
					"cubes": [
						{
							"origin": [1.5, 7.54687, 23.58477],
							"size": [1, 11, 0.78477],
							"pivot": [0, 8.04687, 23.97716],
							"rotation": [32.33355, -0.6588, -0.62237],
							"uv": {
								"north": {"uv": [47, 31], "uv_size": [-14, -14]},
								"east": {"uv": [47, 31], "uv_size": [-14, -14]},
								"south": {"uv": [47, 31], "uv_size": [-14, -14]},
								"west": {"uv": [47, 31], "uv_size": [-14, -14]},
								"up": {"uv": [33, 17], "uv_size": [14, 14]},
								"down": {"uv": [33, 17], "uv_size": [14, 14]}
							}
						},
						{
							"origin": [-2.5, 7.54687, 23.58477],
							"size": [1, 11, 0.78477],
							"pivot": [0, 8.04687, 23.97716],
							"rotation": [32.33355, -0.6588, -0.62237],
							"uv": {
								"north": {"uv": [47, 31], "uv_size": [-14, -14]},
								"east": {"uv": [47, 31], "uv_size": [-14, -14]},
								"south": {"uv": [47, 31], "uv_size": [-14, -14]},
								"west": {"uv": [47, 31], "uv_size": [-14, -14]},
								"up": {"uv": [33, 17], "uv_size": [14, 14]},
								"down": {"uv": [33, 17], "uv_size": [14, 14]}
							}
						},
						{
							"origin": [-1.5, 17.54687, 23.58477],
							"size": [3, 1, 0.78477],
							"pivot": [0, 8.04687, 23.97716],
							"rotation": [32.33355, -0.6588, -0.62237],
							"uv": {
								"north": {"uv": [47, 15], "uv_size": [-14, -14]},
								"east": {"uv": [47, 15], "uv_size": [-14, -14]},
								"south": {"uv": [47, 15], "uv_size": [-14, -14]},
								"west": {"uv": [47, 15], "uv_size": [-14, -14]},
								"up": {"uv": [33, 1], "uv_size": [14, 14]},
								"down": {"uv": [33, 1], "uv_size": [14, 14]}
							}
						},
						{
							"origin": [-0.5, 18.54687, 23.58477],
							"size": [1, 10, 0.78477],
							"pivot": [0, 8.04687, 23.97716],
							"rotation": [32.33355, -0.6588, -0.62237],
							"uv": {
								"north": {"uv": [47, 31], "uv_size": [-14, -14]},
								"east": {"uv": [47, 31], "uv_size": [-14, -14]},
								"south": {"uv": [47, 31], "uv_size": [-14, -14]},
								"west": {"uv": [47, 31], "uv_size": [-14, -14]},
								"up": {"uv": [33, 17], "uv_size": [14, 14]},
								"down": {"uv": [33, 17], "uv_size": [14, 14]}
							}
						},
						{
							"origin": [-2.56878, 25.46061, 12.28486],
							"size": [5, 1, 0.78477],
							"pivot": [2, 26.04687, 12.97716],
							"rotation": [32.33355, -0.6588, -0.62237],
							"uv": {
								"north": {"uv": [63, 15], "uv_size": [-14, -14]},
								"east": {"uv": [63, 15], "uv_size": [-14, -14]},
								"south": {"uv": [63, 15], "uv_size": [-14, -14]},
								"west": {"uv": [63, 15], "uv_size": [-14, -14]},
								"up": {"uv": [49, 1], "uv_size": [14, 14]},
								"down": {"uv": [49, 1], "uv_size": [14, 14]}
							}
						},
						{
							"origin": [3.43122, 28.46061, 12.28486],
							"size": [5, 1, 0.78477],
							"pivot": [2, 26.04687, 12.97716],
							"rotation": [32.33355, 0, -0.62237],
							"uv": {
								"north": {"uv": [63, 15], "uv_size": [-14, -14]},
								"east": {"uv": [63, 15], "uv_size": [-14, -14]},
								"south": {"uv": [63, 15], "uv_size": [-14, -14]},
								"west": {"uv": [63, 15], "uv_size": [-14, -14]},
								"up": {"uv": [49, 1], "uv_size": [14, 14]},
								"down": {"uv": [49, 1], "uv_size": [14, 14]}
							}
						},
						{
							"origin": [4.40962, 27.71947, 10.91675],
							"size": [4, 0.3, 0.3],
							"pivot": [4, 28.04687, 10.97716],
							"rotation": [18.35628, 15.00369, -57.8447],
							"uv": {
								"north": {"uv": [63, 15], "uv_size": [-14, -14]},
								"east": {"uv": [63, 15], "uv_size": [-14, -14]},
								"south": {"uv": [63, 15], "uv_size": [-14, -14]},
								"west": {"uv": [63, 15], "uv_size": [-14, -14]},
								"up": {"uv": [49, 1], "uv_size": [14, 14]},
								"down": {"uv": [49, 1], "uv_size": [14, 14]}
							}
						},
						{
							"origin": [-4.94842, 27.52808, 11.15821],
							"size": [4, 0.3, 0.3],
							"pivot": [-5, 28.04687, 10.97716],
							"rotation": [-5.07274, 20.6837, -120.9977],
							"uv": {
								"north": {"uv": [63, 15], "uv_size": [-14, -14]},
								"east": {"uv": [63, 15], "uv_size": [-14, -14]},
								"south": {"uv": [63, 15], "uv_size": [-14, -14]},
								"west": {"uv": [63, 15], "uv_size": [-14, -14]},
								"up": {"uv": [49, 1], "uv_size": [14, 14]},
								"down": {"uv": [49, 1], "uv_size": [14, 14]}
							}
						},
						{
							"origin": [3.43122, 28.3, 12.1],
							"size": [1, 1.4, 1.2],
							"pivot": [2, 26.04687, 12.97716],
							"rotation": [32.33355, 0, -0.62237],
							"uv": {
								"north": {"uv": [63, 15], "uv_size": [-14, -14]},
								"east": {"uv": [63, 15], "uv_size": [-14, -14]},
								"south": {"uv": [63, 15], "uv_size": [-14, -14]},
								"west": {"uv": [63, 15], "uv_size": [-14, -14]},
								"up": {"uv": [49, 1], "uv_size": [14, 14]},
								"down": {"uv": [49, 1], "uv_size": [14, 14]}
							}
						},
						{
							"origin": [-4.56878, 28.3, 12.1],
							"size": [1, 1.4, 1.2],
							"pivot": [2, 26.04687, 12.97716],
							"rotation": [32.33355, 0, -0.62237],
							"uv": {
								"north": {"uv": [63, 15], "uv_size": [-14, -14]},
								"east": {"uv": [63, 15], "uv_size": [-14, -14]},
								"south": {"uv": [63, 15], "uv_size": [-14, -14]},
								"west": {"uv": [63, 15], "uv_size": [-14, -14]},
								"up": {"uv": [49, 1], "uv_size": [14, 14]},
								"down": {"uv": [49, 1], "uv_size": [14, 14]}
							}
						},
						{
							"origin": [5.43122, 31.46061, 9.28486],
							"size": [3, 2, 0.78477],
							"pivot": [2, 26.04687, 12.97716],
							"rotation": [0, 0, -0.62237],
							"uv": {
								"north": {"uv": [15, 63], "uv_size": [-14, -14]},
								"east": {"uv": [63, 15], "uv_size": [-14, -14]},
								"south": {"uv": [63, 15], "uv_size": [-14, -14]},
								"west": {"uv": [63, 15], "uv_size": [-14, -14]},
								"up": {"uv": [49, 1], "uv_size": [14, 14]},
								"down": {"uv": [49, 1], "uv_size": [14, 14]}
							}
						},
						{
							"origin": [-8.56878, 31.46061, 9.28486],
							"size": [3, 2, 0.78477],
							"pivot": [2, 26.04687, 12.97716],
							"rotation": [0, 0, -0.62237],
							"uv": {
								"north": {"uv": [15, 63], "uv_size": [-14, -14]},
								"east": {"uv": [63, 15], "uv_size": [-14, -14]},
								"south": {"uv": [63, 15], "uv_size": [-14, -14]},
								"west": {"uv": [63, 15], "uv_size": [-14, -14]},
								"up": {"uv": [49, 1], "uv_size": [14, 14]},
								"down": {"uv": [49, 1], "uv_size": [14, 14]}
							}
						},
						{
							"origin": [-8.56878, 28.46061, 12.28486],
							"size": [5, 1, 0.78477],
							"pivot": [2, 26.04687, 12.97716],
							"rotation": [32.33355, 0, -0.62237],
							"uv": {
								"north": {"uv": [63, 15], "uv_size": [-14, -14]},
								"east": {"uv": [63, 15], "uv_size": [-14, -14]},
								"south": {"uv": [63, 15], "uv_size": [-14, -14]},
								"west": {"uv": [63, 15], "uv_size": [-14, -14]},
								"up": {"uv": [49, 1], "uv_size": [14, 14]},
								"down": {"uv": [49, 1], "uv_size": [14, 14]}
							}
						},
						{
							"origin": [-5.56928, 25.44849, 12.22276],
							"size": [4, 1, 0.78477],
							"pivot": [-2, 26.04687, 12.97716],
							"rotation": [19.38812, -26.40333, 49.97914],
							"uv": {
								"north": {"uv": [63, 15], "uv_size": [-14, -14]},
								"east": {"uv": [63, 15], "uv_size": [-14, -14]},
								"south": {"uv": [63, 15], "uv_size": [-14, -14]},
								"west": {"uv": [63, 15], "uv_size": [-14, -14]},
								"up": {"uv": [49, 1], "uv_size": [14, 14]},
								"down": {"uv": [49, 1], "uv_size": [14, 14]}
							}
						},
						{
							"origin": [1.43122, 25.46061, 12.28486],
							"size": [4, 1, 0.78477],
							"pivot": [2, 26.04687, 12.97716],
							"rotation": [20.51675, 25.56261, -50.72939],
							"uv": {
								"north": {"uv": [63, 15], "uv_size": [-14, -14]},
								"east": {"uv": [63, 15], "uv_size": [-14, -14]},
								"south": {"uv": [63, 15], "uv_size": [-14, -14]},
								"west": {"uv": [63, 15], "uv_size": [-14, -14]},
								"up": {"uv": [49, 1], "uv_size": [14, 14]},
								"down": {"uv": [49, 1], "uv_size": [14, 14]}
							}
						}
					]
				},
				{
					"name": "hexadecagon",
					"parent": "guidon",
					"pivot": [8, 0, 16],
					"cubes": [
						{
							"origin": [-1.5, 6.60761, 28],
							"size": [3, 2.78477, 3],
							"pivot": [0, 8, 24],
							"rotation": [45, 0, 0],
							"uv": {
								"north": {"uv": [49, 31], "uv_size": [14, -14]},
								"east": {"uv": [49, 31], "uv_size": [14, -14]},
								"south": {"uv": [49, 31], "uv_size": [14, -14]},
								"west": {"uv": [49, 31], "uv_size": [14, -14]},
								"up": {"uv": [63, 17], "uv_size": [-14, 14]},
								"down": {"uv": [63, 17], "uv_size": [-14, 14]}
							}
						},
						{
							"origin": [-1.5, 6.60761, 17],
							"size": [3, 2.78477, 3],
							"pivot": [0, 8, 24],
							"rotation": [45, 0, 0],
							"uv": {
								"north": {"uv": [49, 31], "uv_size": [14, -14]},
								"east": {"uv": [49, 31], "uv_size": [14, -14]},
								"south": {"uv": [49, 31], "uv_size": [14, -14]},
								"west": {"uv": [49, 31], "uv_size": [14, -14]},
								"up": {"uv": [63, 17], "uv_size": [-14, 14]},
								"down": {"uv": [63, 17], "uv_size": [-14, 14]}
							}
						},
						{
							"origin": [-1.5, 6.60761, 28],
							"size": [3, 2.78477, 3],
							"pivot": [0, 8, 24],
							"rotation": [22.5, 0, 0],
							"uv": {
								"north": {"uv": [49, 31], "uv_size": [14, -14]},
								"east": {"uv": [49, 31], "uv_size": [14, -14]},
								"south": {"uv": [49, 31], "uv_size": [14, -14]},
								"west": {"uv": [49, 31], "uv_size": [14, -14]},
								"up": {"uv": [63, 17], "uv_size": [-14, 14]},
								"down": {"uv": [63, 17], "uv_size": [-14, 14]}
							}
						},
						{
							"origin": [-1.5, 6.60761, 17],
							"size": [3, 2.78477, 3],
							"pivot": [0, 8, 24],
							"rotation": [22.5, 0, 0],
							"uv": {
								"north": {"uv": [49, 31], "uv_size": [14, -14]},
								"east": {"uv": [49, 31], "uv_size": [14, -14]},
								"south": {"uv": [49, 31], "uv_size": [14, -14]},
								"west": {"uv": [49, 31], "uv_size": [14, -14]},
								"up": {"uv": [63, 17], "uv_size": [-14, 14]},
								"down": {"uv": [63, 17], "uv_size": [-14, 14]}
							}
						},
						{
							"origin": [-1.5, 6.60761, 17],
							"size": [3, 2.78477, 3],
							"uv": {
								"north": {"uv": [49, 31], "uv_size": [14, -14]},
								"east": {"uv": [49, 31], "uv_size": [14, -14]},
								"south": {"uv": [49, 31], "uv_size": [14, -14]},
								"west": {"uv": [49, 31], "uv_size": [14, -14]},
								"up": {"uv": [63, 17], "uv_size": [-14, 14]},
								"down": {"uv": [63, 17], "uv_size": [-14, 14]}
							}
						},
						{
							"origin": [-1.5, 6.60761, 28],
							"size": [3, 2.78477, 3],
							"uv": {
								"north": {"uv": [49, 31], "uv_size": [14, -14]},
								"east": {"uv": [49, 31], "uv_size": [14, -14]},
								"south": {"uv": [49, 31], "uv_size": [14, -14]},
								"west": {"uv": [49, 31], "uv_size": [14, -14]},
								"up": {"uv": [63, 17], "uv_size": [-14, 14]},
								"down": {"uv": [63, 17], "uv_size": [-14, 14]}
							}
						},
						{
							"origin": [-1.5, 6.60761, 17],
							"size": [3, 2.78477, 3],
							"pivot": [0, 8, 24],
							"rotation": [-22.5, 0, 0],
							"uv": {
								"north": {"uv": [49, 31], "uv_size": [14, -14]},
								"east": {"uv": [49, 31], "uv_size": [14, -14]},
								"south": {"uv": [49, 31], "uv_size": [14, -14]},
								"west": {"uv": [49, 31], "uv_size": [14, -14]},
								"up": {"uv": [63, 17], "uv_size": [-14, 14]},
								"down": {"uv": [63, 17], "uv_size": [-14, 14]}
							}
						},
						{
							"origin": [-1.5, 6.60761, 28],
							"size": [3, 2.78477, 3],
							"pivot": [0, 8, 24],
							"rotation": [-22.5, 0, 0],
							"uv": {
								"north": {"uv": [49, 31], "uv_size": [14, -14]},
								"east": {"uv": [49, 31], "uv_size": [14, -14]},
								"south": {"uv": [49, 31], "uv_size": [14, -14]},
								"west": {"uv": [49, 31], "uv_size": [14, -14]},
								"up": {"uv": [63, 17], "uv_size": [-14, 14]},
								"down": {"uv": [63, 17], "uv_size": [-14, 14]}
							}
						},
						{
							"origin": [-1.5, 6.60761, 17],
							"size": [3, 2.78477, 3],
							"pivot": [0, 8, 24],
							"rotation": [-45, 0, 0],
							"uv": {
								"north": {"uv": [49, 31], "uv_size": [14, -14]},
								"east": {"uv": [49, 31], "uv_size": [14, -14]},
								"south": {"uv": [49, 31], "uv_size": [14, -14]},
								"west": {"uv": [49, 31], "uv_size": [14, -14]},
								"up": {"uv": [63, 17], "uv_size": [-14, 14]},
								"down": {"uv": [63, 17], "uv_size": [-14, 14]}
							}
						},
						{
							"origin": [-1.5, 6.60761, 28],
							"size": [3, 2.78477, 3],
							"pivot": [0, 8, 24],
							"rotation": [-45, 0, 0],
							"uv": {
								"north": {"uv": [49, 31], "uv_size": [14, -14]},
								"east": {"uv": [49, 31], "uv_size": [14, -14]},
								"south": {"uv": [49, 31], "uv_size": [14, -14]},
								"west": {"uv": [49, 31], "uv_size": [14, -14]},
								"up": {"uv": [63, 17], "uv_size": [-14, 14]},
								"down": {"uv": [63, 17], "uv_size": [-14, 14]}
							}
						},
						{
							"origin": [-1.5, 1, 22.60761],
							"size": [3, 3, 2.78477],
							"pivot": [0, 8, 24],
							"rotation": [22.5, 0, 0],
							"uv": {
								"north": {"uv": [49, 31], "uv_size": [14, -14]},
								"east": {"uv": [49, 31], "uv_size": [14, -14]},
								"south": {"uv": [49, 31], "uv_size": [14, -14]},
								"west": {"uv": [49, 31], "uv_size": [14, -14]},
								"up": {"uv": [63, 17], "uv_size": [-14, 14]},
								"down": {"uv": [63, 17], "uv_size": [-14, 14]}
							}
						},
						{
							"origin": [-1.5, 12, 22.60761],
							"size": [3, 3, 2.78477],
							"pivot": [0, 8, 24],
							"rotation": [22.5, 0, 0],
							"uv": {
								"north": {"uv": [49, 31], "uv_size": [14, -14]},
								"east": {"uv": [49, 31], "uv_size": [14, -14]},
								"south": {"uv": [49, 31], "uv_size": [14, -14]},
								"west": {"uv": [49, 31], "uv_size": [14, -14]},
								"up": {"uv": [63, 17], "uv_size": [-14, 14]},
								"down": {"uv": [63, 17], "uv_size": [-14, 14]}
							}
						},
						{
							"origin": [-1.5, 12, 22.60761],
							"size": [3, 3, 2.78477],
							"uv": {
								"north": {"uv": [49, 31], "uv_size": [14, -14]},
								"east": {"uv": [49, 31], "uv_size": [14, -14]},
								"south": {"uv": [49, 31], "uv_size": [14, -14]},
								"west": {"uv": [49, 31], "uv_size": [14, -14]},
								"up": {"uv": [63, 17], "uv_size": [-14, 14]},
								"down": {"uv": [63, 17], "uv_size": [-14, 14]}
							}
						},
						{
							"origin": [-1.5, 1, 22.60761],
							"size": [3, 3, 2.78477],
							"uv": {
								"north": {"uv": [49, 31], "uv_size": [14, -14]},
								"east": {"uv": [49, 31], "uv_size": [14, -14]},
								"south": {"uv": [49, 31], "uv_size": [14, -14]},
								"west": {"uv": [49, 31], "uv_size": [14, -14]},
								"up": {"uv": [63, 17], "uv_size": [-14, 14]},
								"down": {"uv": [63, 17], "uv_size": [-14, 14]}
							}
						},
						{
							"origin": [-1.5, 7.5, 23.60761],
							"size": [3, 1, 0.78477],
							"uv": {
								"north": {"uv": [49, 15], "uv_size": [14, -14]},
								"east": {"uv": [49, 15], "uv_size": [14, -14]},
								"south": {"uv": [49, 15], "uv_size": [14, -14]},
								"west": {"uv": [49, 15], "uv_size": [14, -14]},
								"up": {"uv": [63, 1], "uv_size": [-14, 14]},
								"down": {"uv": [63, 1], "uv_size": [-14, 14]}
							}
						},
						{
							"origin": [-1.5, 12, 22.60761],
							"size": [3, 3, 2.78477],
							"pivot": [0, 8, 24],
							"rotation": [-22.5, 0, 0],
							"uv": {
								"north": {"uv": [49, 31], "uv_size": [14, -14]},
								"east": {"uv": [49, 31], "uv_size": [14, -14]},
								"south": {"uv": [49, 31], "uv_size": [14, -14]},
								"west": {"uv": [49, 31], "uv_size": [14, -14]},
								"up": {"uv": [63, 17], "uv_size": [-14, 14]},
								"down": {"uv": [63, 17], "uv_size": [-14, 14]}
							}
						},
						{
							"origin": [-1.5, 1, 22.60761],
							"size": [3, 3, 2.78477],
							"pivot": [0, 8, 24],
							"rotation": [-22.5, 0, 0],
							"uv": {
								"north": {"uv": [49, 31], "uv_size": [14, -14]},
								"east": {"uv": [49, 31], "uv_size": [14, -14]},
								"south": {"uv": [49, 31], "uv_size": [14, -14]},
								"west": {"uv": [49, 31], "uv_size": [14, -14]},
								"up": {"uv": [63, 17], "uv_size": [-14, 14]},
								"down": {"uv": [63, 17], "uv_size": [-14, 14]}
							}
						}
					]
				},
				{
					"name": "hexadecagon",
					"parent": "guidon",
					"pivot": [8, 3, 14],
					"cubes": [
						{
							"origin": [-1.5, 7.50816, 14.5],
							"size": [3, 4.98369, 1],
							"uv": {
								"north": {"uv": [47, 15], "uv_size": [-14, -14]},
								"east": {"uv": [47, 15], "uv_size": [-14, -14]},
								"south": {"uv": [47, 15], "uv_size": [-14, -14]},
								"west": {"uv": [47, 15], "uv_size": [-14, -14]},
								"up": {"uv": [33, 1], "uv_size": [14, 14]},
								"down": {"uv": [33, 1], "uv_size": [14, 14]}
							}
						},
						{
							"origin": [-1.5, 9.50816, 14.5],
							"size": [3, 2.98369, 2],
							"pivot": [0, 11, 22],
							"rotation": [-22.5, 0, 0],
							"uv": {
								"north": {"uv": [47, 15], "uv_size": [-14, -14]},
								"east": {"uv": [47, 15], "uv_size": [-14, -14]},
								"south": {"uv": [47, 15], "uv_size": [-14, -14]},
								"west": {"uv": [47, 15], "uv_size": [-14, -14]},
								"up": {"uv": [33, 1], "uv_size": [14, 14]},
								"down": {"uv": [33, 1], "uv_size": [14, 14]}
							}
						},
						{
							"origin": [-1.5, 7.50816, 15.5],
							"size": [3, 2.98369, 1],
							"pivot": [0, 11, 22],
							"rotation": [-22.5, 0, 0],
							"uv": {
								"north": {"uv": [47, 15], "uv_size": [-14, -14]},
								"east": {"uv": [47, 15], "uv_size": [-14, -14]},
								"south": {"uv": [47, 15], "uv_size": [-14, -14]},
								"west": {"uv": [47, 15], "uv_size": [-14, -14]},
								"up": {"uv": [33, 1], "uv_size": [14, 14]},
								"down": {"uv": [33, 1], "uv_size": [14, 14]}
							}
						},
						{
							"origin": [-1.5, 9.50816, 14.5],
							"size": [3, 2.98369, 2],
							"pivot": [0, 11, 22],
							"rotation": [-45, 0, 0],
							"uv": {
								"north": {"uv": [47, 15], "uv_size": [-14, -14]},
								"east": {"uv": [47, 15], "uv_size": [-14, -14]},
								"south": {"uv": [47, 15], "uv_size": [-14, -14]},
								"west": {"uv": [47, 15], "uv_size": [-14, -14]},
								"up": {"uv": [33, 1], "uv_size": [14, 14]},
								"down": {"uv": [33, 1], "uv_size": [14, 14]}
							}
						},
						{
							"origin": [-1.5, 16.5, 20.50816],
							"size": [3, 2, 2.98369],
							"pivot": [0, 11, 22],
							"rotation": [22.5, 0, 0],
							"uv": {
								"north": {"uv": [47, 15], "uv_size": [-14, -14]},
								"east": {"uv": [47, 15], "uv_size": [-14, -14]},
								"south": {"uv": [47, 15], "uv_size": [-14, -14]},
								"west": {"uv": [47, 15], "uv_size": [-14, -14]},
								"up": {"uv": [33, 1], "uv_size": [14, 14]},
								"down": {"uv": [33, 1], "uv_size": [14, 14]}
							}
						},
						{
							"origin": [-1.5, 16.5, 20.50816],
							"size": [3, 2, 2.98369],
							"uv": {
								"north": {"uv": [47, 15], "uv_size": [-14, -14]},
								"east": {"uv": [47, 15], "uv_size": [-14, -14]},
								"south": {"uv": [47, 15], "uv_size": [-14, -14]},
								"west": {"uv": [47, 15], "uv_size": [-14, -14]},
								"up": {"uv": [33, 1], "uv_size": [14, 14]},
								"down": {"uv": [33, 1], "uv_size": [14, 14]}
							}
						},
						{
							"origin": [-1.5, 16.5, 22.50816],
							"size": [3, 1, 2.98369],
							"uv": {
								"north": {"uv": [47, 15], "uv_size": [-14, -14]},
								"east": {"uv": [47, 15], "uv_size": [-14, -14]},
								"south": {"uv": [47, 15], "uv_size": [-14, -14]},
								"west": {"uv": [47, 15], "uv_size": [-14, -14]},
								"up": {"uv": [33, 1], "uv_size": [14, 14]},
								"down": {"uv": [33, 1], "uv_size": [14, 14]}
							}
						},
						{
							"origin": [-1.5, 17.5, 20.50816],
							"size": [3, 1, 4.98369],
							"pivot": [0, 11, 22],
							"rotation": [-22.5, 0, 0],
							"uv": {
								"north": {"uv": [47, 15], "uv_size": [-14, -14]},
								"east": {"uv": [47, 15], "uv_size": [-14, -14]},
								"south": {"uv": [47, 15], "uv_size": [-14, -14]},
								"west": {"uv": [47, 15], "uv_size": [-14, -14]},
								"up": {"uv": [33, 1], "uv_size": [14, 14]},
								"down": {"uv": [33, 1], "uv_size": [14, 14]}
							}
						}
					]
				}
			]
		}
	]
}