{
	"format_version": "1.12.0",
	"minecraft:geometry": [
		{
			"description": {
				"identifier": "geometry.titan160",
				"texture_width": 64,
				"texture_height": 64,
				"visible_bounds_width": 6,
				"visible_bounds_height": 5,
				"visible_bounds_offset": [0, 1.5, 0]
			},
			"bones": [
				{
					"name": "bb_main",
					"pivot": [0, 0, 0]
				},
				{
					"name": "Titan160",
					"pivot": [0, -3, 0],
					"rotation": [0, 180, 0]
				},
				{
					"name": "chassi",
					"parent": "Titan160",
					"pivot": [0, -3, 0],
					"cubes": [
						{
							"origin": [-3, 16, 0],
							"size": [6, 7, 7],
							"pivot": [0, 23, 0],
							"rotation": [35, 0, 0],
							"uv": {
								"north": {"uv": [47, 15], "uv_size": [-14, -14]},
								"east": {"uv": [47, 1], "uv_size": [-14, 14]},
								"south": {"uv": [47, 15], "uv_size": [-14, -14]},
								"west": {"uv": [47, 15], "uv_size": [-14, -14]},
								"up": {"uv": [33, 1], "uv_size": [14, 14]},
								"down": {"uv": [33, 15], "uv_size": [14, -14]}
							}
						},
						{
							"origin": [-4, 20, -13],
							"size": [6, 3, 7],
							"pivot": [-4, 20, -6],
							"rotation": [0, 7.5, 0],
							"uv": {
								"north": {"uv": [47, 15], "uv_size": [-14, -14]},
								"east": {"uv": [47, 1], "uv_size": [-14, 14]},
								"south": {"uv": [47, 15], "uv_size": [-14, -14]},
								"west": {"uv": [47, 15], "uv_size": [-14, -14]},
								"up": {"uv": [33, 1], "uv_size": [14, 14]},
								"down": {"uv": [33, 15], "uv_size": [14, -14]}
							}
						},
						{
							"origin": [-4.91368, 21, -24.05989],
							"size": [4, 2, 11],
							"pivot": [-4, 20, -13],
							"rotation": [-17.5, -17.5, 0],
							"uv": {
								"north": {"uv": [47, 15], "uv_size": [-14, -14]},
								"east": {"uv": [47, 1], "uv_size": [-14, 14]},
								"south": {"uv": [47, 15], "uv_size": [-14, -14]},
								"west": {"uv": [47, 15], "uv_size": [-14, -14]},
								"up": {"uv": [33, 1], "uv_size": [14, 14]},
								"down": {"uv": [33, 15], "uv_size": [14, -14]}
							}
						},
						{
							"origin": [-4.91368, 23, -24.05989],
							"size": [1, 1, 11],
							"pivot": [-4, 20, -13],
							"rotation": [-17.5, -17.5, 0],
							"uv": {
								"north": {"uv": [47, 31], "uv_size": [-14, -14]},
								"east": {"uv": [47, 17], "uv_size": [-14, 14]},
								"south": {"uv": [47, 31], "uv_size": [-14, -14]},
								"west": {"uv": [47, 31], "uv_size": [-14, -14]},
								"up": {"uv": [33, 17], "uv_size": [14, 14]},
								"down": {"uv": [33, 31], "uv_size": [14, -14]}
							}
						},
						{
							"origin": [-0.81406, 24.23386, -23.18773],
							"size": [3, 2, 11],
							"pivot": [-2, 24, -23],
							"rotation": [-22.5, -17.5, 0],
							"uv": {
								"north": {"uv": [47, 15], "uv_size": [-14, -14]},
								"east": {"uv": [47, 1], "uv_size": [-14, 14]},
								"south": {"uv": [47, 15], "uv_size": [-14, -14]},
								"west": {"uv": [47, 15], "uv_size": [-14, -14]},
								"up": {"uv": [33, 1], "uv_size": [14, 14]},
								"down": {"uv": [33, 15], "uv_size": [14, -14]}
							}
						},
						{
							"origin": [-1.81314, 24.2405, -23.12737],
							"size": [4, 2, 1],
							"pivot": [0, 24, -23],
							"rotation": [-16.8953, -1.70991, 0.32041],
							"uv": {
								"north": {"uv": [47, 15], "uv_size": [-14, -14]},
								"east": {"uv": [47, 1], "uv_size": [-14, 14]},
								"south": {"uv": [47, 15], "uv_size": [-14, -14]},
								"west": {"uv": [47, 15], "uv_size": [-14, -14]},
								"up": {"uv": [33, 1], "uv_size": [14, 14]},
								"down": {"uv": [33, 15], "uv_size": [14, -14]}
							}
						},
						{
							"origin": [-1.81314, 26.2405, -23.12737],
							"size": [4, 1, 1],
							"pivot": [0, 24, -23],
							"rotation": [-16.8953, -1.70991, 0.32041],
							"uv": {
								"north": {"uv": [47, 31], "uv_size": [-14, -14]},
								"east": {"uv": [47, 17], "uv_size": [-14, 14]},
								"south": {"uv": [47, 31], "uv_size": [-14, -14]},
								"west": {"uv": [47, 31], "uv_size": [-14, -14]},
								"up": {"uv": [33, 17], "uv_size": [14, 14]},
								"down": {"uv": [33, 31], "uv_size": [14, -14]}
							}
						},
						{
							"origin": [-1.81314, 24.2405, -23.12737],
							"size": [4, 2, 5],
							"pivot": [0, 24, -23],
							"rotation": [-36.8953, -1.70991, 0.32041],
							"uv": {
								"north": {"uv": [47, 15], "uv_size": [-14, -14]},
								"east": {"uv": [47, 1], "uv_size": [-14, 14]},
								"south": {"uv": [47, 15], "uv_size": [-14, -14]},
								"west": {"uv": [47, 15], "uv_size": [-14, -14]},
								"up": {"uv": [33, 1], "uv_size": [14, 14]},
								"down": {"uv": [49, 45], "uv_size": [14, -12]}
							}
						},
						{
							"origin": [-4, 20, -13],
							"size": [8, 3, 7],
							"pivot": [4, 20, -6],
							"rotation": [0, -7.5, 0],
							"uv": {
								"north": {"uv": [47, 15], "uv_size": [-14, -14]},
								"east": {"uv": [47, 1], "uv_size": [-14, 14]},
								"south": {"uv": [47, 15], "uv_size": [-14, -14]},
								"west": {"uv": [47, 15], "uv_size": [-14, -14]},
								"up": {"uv": [33, 1], "uv_size": [14, 14]},
								"down": {"uv": [33, 15], "uv_size": [14, -14]}
							}
						},
						{
							"origin": [0.92224, 21, -23.92936],
							"size": [4, 2, 11],
							"pivot": [5, 20, -13],
							"rotation": [-17.5, 15, 0],
							"uv": {
								"north": {"uv": [47, 15], "uv_size": [-14, -14]},
								"east": {"uv": [47, 1], "uv_size": [-14, 14]},
								"south": {"uv": [47, 15], "uv_size": [-14, -14]},
								"west": {"uv": [47, 15], "uv_size": [-14, -14]},
								"up": {"uv": [33, 1], "uv_size": [14, 14]},
								"down": {"uv": [33, 15], "uv_size": [14, -14]}
							}
						},
						{
							"origin": [3.92224, 23, -23.92936],
							"size": [1, 1, 11],
							"pivot": [5, 20, -13],
							"rotation": [-17.5, 15, 0],
							"uv": {
								"north": {"uv": [47, 31], "uv_size": [-14, -14]},
								"east": {"uv": [47, 17], "uv_size": [-14, 14]},
								"south": {"uv": [47, 31], "uv_size": [-14, -14]},
								"west": {"uv": [47, 31], "uv_size": [-14, -14]},
								"up": {"uv": [33, 17], "uv_size": [14, 14]},
								"down": {"uv": [33, 31], "uv_size": [14, -14]}
							}
						},
						{
							"origin": [-1.50936, 24.03275, -22.69504],
							"size": [3, 2, 11],
							"pivot": [2, 24, -22],
							"rotation": [-22.5, 15, 0],
							"uv": {
								"north": {"uv": [47, 15], "uv_size": [-14, -14]},
								"east": {"uv": [47, 1], "uv_size": [-14, 14]},
								"south": {"uv": [47, 15], "uv_size": [-14, -14]},
								"west": {"uv": [47, 15], "uv_size": [-14, -14]},
								"up": {"uv": [33, 1], "uv_size": [14, 14]},
								"down": {"uv": [33, 15], "uv_size": [14, -14]}
							}
						},
						{
							"origin": [-4, 18.47916, 5.80483],
							"size": [8, 9, 7],
							"pivot": [0, 27, 6],
							"rotation": [2.5, 0, 0],
							"uv": {
								"north": {"uv": [47, 15], "uv_size": [-14, -14]},
								"east": {"uv": [47, 1], "uv_size": [-14, 14]},
								"south": {"uv": [47, 15], "uv_size": [-14, -14]},
								"west": {"uv": [47, 15], "uv_size": [-14, -14]},
								"up": {"uv": [33, 1], "uv_size": [14, 14]},
								"down": {"uv": [33, 15], "uv_size": [14, -14]}
							}
						},
						{
							"origin": [-1, 27.6, 8.80483],
							"size": [2, 0, 2],
							"pivot": [0, 27, 6],
							"rotation": [2.5, 0, 0],
							"uv": {
								"north": {"uv": [47, 31], "uv_size": [-14, -14]},
								"east": {"uv": [47, 17], "uv_size": [-14, 14]},
								"south": {"uv": [47, 31], "uv_size": [-14, -14]},
								"west": {"uv": [47, 31], "uv_size": [-14, -14]},
								"up": {"uv": [33, 17], "uv_size": [14, 14]},
								"down": {"uv": [1, 5], "uv_size": [1, -4]}
							}
						},
						{
							"origin": [-3, 20.25725, -6.02545],
							"size": [6, 3, 7],
							"pivot": [-3, 23, 1],
							"rotation": [2.5, 0, 0],
							"uv": {
								"north": {"uv": [63, 15], "uv_size": [-14, -14]},
								"east": {"uv": [63, 15], "uv_size": [-14, -14]},
								"south": {"uv": [63, 15], "uv_size": [-14, -14]},
								"west": {"uv": [63, 15], "uv_size": [-14, -14]},
								"up": {"uv": [49, 1], "uv_size": [14, 14]},
								"down": {"uv": [49, 15], "uv_size": [14, -14]}
							}
						},
						{
							"origin": [-3, 20.25725, -6.02545],
							"size": [1, 3, 7],
							"pivot": [-3, 23, 1],
							"rotation": [2.52154, 7.49282, 0.32902],
							"uv": {
								"north": {"uv": [63, 15], "uv_size": [-14, -14]},
								"east": {"uv": [63, 15], "uv_size": [-14, -14]},
								"south": {"uv": [63, 15], "uv_size": [-14, -14]},
								"west": {"uv": [63, 15], "uv_size": [-14, -14]},
								"up": {"uv": [49, 1], "uv_size": [14, 14]},
								"down": {"uv": [49, 15], "uv_size": [14, -14]}
							}
						},
						{
							"origin": [-0.93078, 6.58784, 10.89575],
							"size": [2, 3, 19],
							"pivot": [0, 8, 11],
							"rotation": [60.3266, 0.67914, -1.51188],
							"uv": {
								"north": {"uv": [49, 17], "uv_size": [14, 14]},
								"east": {"uv": [63, 31], "uv_size": [-14, -14]},
								"south": {"uv": [63, 31], "uv_size": [-14, -14]},
								"west": {"uv": [63, 31], "uv_size": [-14, -14]},
								"up": {"uv": [49, 17], "uv_size": [14, 14]},
								"down": {"uv": [49, 31], "uv_size": [14, -14]}
							}
						},
						{
							"origin": [-0.93078, 6.58784, 22.89575],
							"size": [2, 6, 3],
							"pivot": [0, 8, 11],
							"rotation": [60.3266, 0.67914, -1.51188],
							"uv": {
								"north": {"uv": [49, 17], "uv_size": [14, 14]},
								"east": {"uv": [63, 31], "uv_size": [-14, -14]},
								"south": {"uv": [63, 31], "uv_size": [-14, -14]},
								"west": {"uv": [63, 31], "uv_size": [-14, -14]},
								"up": {"uv": [49, 17], "uv_size": [14, 14]},
								"down": {"uv": [49, 31], "uv_size": [14, -14]}
							}
						},
						{
							"origin": [-0.93078, 6.58784, 10.89575],
							"size": [2, 2, 13],
							"pivot": [0, 8, 11],
							"rotation": [-179.6734, 0.67914, -1.51188],
							"uv": {
								"north": {"uv": [63, 31], "uv_size": [-14, -14]},
								"east": {"uv": [63, 31], "uv_size": [-14, -14]},
								"south": {"uv": [63, 31], "uv_size": [-14, -14]},
								"west": {"uv": [63, 31], "uv_size": [-14, -14]},
								"up": {"uv": [49, 17], "uv_size": [14, 14]},
								"down": {"uv": [49, 31], "uv_size": [14, -14]}
							}
						},
						{
							"origin": [-2.79734, 7.6542, 0.83659],
							"size": [6, 2, 1],
							"pivot": [0, -2, 0],
							"rotation": [0, 0.67914, -1.51188],
							"uv": {
								"north": {"uv": [63, 31], "uv_size": [-14, -14]},
								"east": {"uv": [63, 31], "uv_size": [-14, -14]},
								"south": {"uv": [63, 31], "uv_size": [-14, -14]},
								"west": {"uv": [63, 31], "uv_size": [-14, -14]},
								"up": {"uv": [49, 17], "uv_size": [14, 14]},
								"down": {"uv": [49, 31], "uv_size": [14, -14]}
							}
						},
						{
							"origin": [-5.79734, 7.6542, 4.83659],
							"size": [12, 1, 2],
							"uv": {
								"north": {"uv": [63, 31], "uv_size": [-14, -14]},
								"east": {"uv": [63, 31], "uv_size": [-14, -14]},
								"south": {"uv": [63, 31], "uv_size": [-14, -14]},
								"west": {"uv": [63, 31], "uv_size": [-14, -14]},
								"up": {"uv": [49, 17], "uv_size": [14, 14]},
								"down": {"uv": [49, 31], "uv_size": [14, -14]}
							}
						},
						{
							"origin": [3.20266, 12.6542, -6.16341],
							"size": [3, 1, 2],
							"pivot": [0, -2, 0],
							"rotation": [0, 0.67914, -1.51188],
							"uv": {
								"north": {"uv": [63, 31], "uv_size": [-14, -14]},
								"east": {"uv": [63, 31], "uv_size": [-14, -14]},
								"south": {"uv": [63, 31], "uv_size": [-14, -14]},
								"west": {"uv": [63, 31], "uv_size": [-14, -14]},
								"up": {"uv": [49, 17], "uv_size": [14, 14]},
								"down": {"uv": [49, 31], "uv_size": [14, -14]}
							}
						},
						{
							"origin": [-5.79734, 12.6542, -6.16341],
							"size": [3, 1, 2],
							"pivot": [0, -2, 0],
							"rotation": [0, 0.67914, -1.51188],
							"uv": {
								"north": {"uv": [63, 31], "uv_size": [-14, -14]},
								"east": {"uv": [63, 31], "uv_size": [-14, -14]},
								"south": {"uv": [63, 31], "uv_size": [-14, -14]},
								"west": {"uv": [63, 31], "uv_size": [-14, -14]},
								"up": {"uv": [49, 17], "uv_size": [14, 14]},
								"down": {"uv": [49, 31], "uv_size": [14, -14]}
							}
						},
						{
							"origin": [-2.93078, 6.58784, 22.89575],
							"size": [6, 2, 1],
							"pivot": [0, 8, 11],
							"rotation": [-179.6734, 0.67914, -1.51188],
							"uv": {
								"north": {"uv": [63, 15], "uv_size": [-14, -14]},
								"east": {"uv": [63, 15], "uv_size": [-14, -14]},
								"south": {"uv": [63, 15], "uv_size": [-14, -14]},
								"west": {"uv": [63, 15], "uv_size": [-14, -14]},
								"up": {"uv": [49, 1], "uv_size": [14, 14]},
								"down": {"uv": [49, 15], "uv_size": [14, -14]}
							}
						},
						{
							"origin": [-2.3051, 14.20268, -6.14178],
							"size": [4, 9, 1],
							"pivot": [0, 15, -5],
							"rotation": [-159.6734, 0.67914, -1.51188],
							"uv": {
								"north": {"uv": [63, 15], "uv_size": [-14, -14]},
								"east": {"uv": [63, 15], "uv_size": [-14, -14]},
								"south": {"uv": [63, 15], "uv_size": [-14, -14]},
								"west": {"uv": [63, 15], "uv_size": [-14, -14]},
								"up": {"uv": [49, 1], "uv_size": [14, 14]},
								"down": {"uv": [49, 15], "uv_size": [14, -14]}
							}
						},
						{
							"origin": [-2.3051, 5.20268, -6.14178],
							"size": [4, 19, 1],
							"pivot": [0, 15, -5],
							"rotation": [-119.6734, 0.67914, -1.51188],
							"uv": {
								"north": {"uv": [63, 15], "uv_size": [-14, -14]},
								"east": {"uv": [63, 15], "uv_size": [-14, -14]},
								"south": {"uv": [63, 15], "uv_size": [-14, -14]},
								"west": {"uv": [63, 15], "uv_size": [-14, -14]},
								"up": {"uv": [49, 1], "uv_size": [14, 14]},
								"down": {"uv": [49, 15], "uv_size": [14, -14]}
							}
						},
						{
							"origin": [-2.93078, 6.58784, 22.89575],
							"size": [1, 2, 11],
							"pivot": [0, 8, 11],
							"rotation": [-179.6734, 0.67914, -1.51188],
							"uv": {
								"north": {"uv": [63, 15], "uv_size": [-14, -14]},
								"east": {"uv": [63, 15], "uv_size": [-14, -14]},
								"south": {"uv": [63, 15], "uv_size": [-14, -14]},
								"west": {"uv": [63, 15], "uv_size": [-14, -14]},
								"up": {"uv": [49, 1], "uv_size": [14, 14]},
								"down": {"uv": [49, 15], "uv_size": [14, -14]}
							}
						},
						{
							"origin": [2.06922, 6.58784, 22.89575],
							"size": [1, 2, 11],
							"pivot": [0, 8, 11],
							"rotation": [-179.6734, 0.67914, -1.51188],
							"uv": {
								"north": {"uv": [63, 15], "uv_size": [-14, -14]},
								"east": {"uv": [63, 15], "uv_size": [-14, -14]},
								"south": {"uv": [63, 15], "uv_size": [-14, -14]},
								"west": {"uv": [63, 15], "uv_size": [-14, -14]},
								"up": {"uv": [49, 1], "uv_size": [14, 14]},
								"down": {"uv": [49, 15], "uv_size": [14, -14]}
							}
						},
						{
							"origin": [2, 20.25725, -6.02545],
							"size": [1, 3, 7],
							"pivot": [3, 23, 1],
							"rotation": [2.52154, -7.49282, -0.32902],
							"uv": {
								"north": {"uv": [63, 15], "uv_size": [-14, -14]},
								"east": {"uv": [63, 15], "uv_size": [-14, -14]},
								"south": {"uv": [63, 15], "uv_size": [-14, -14]},
								"west": {"uv": [63, 15], "uv_size": [-14, -14]},
								"up": {"uv": [49, 1], "uv_size": [14, 14]},
								"down": {"uv": [49, 15], "uv_size": [14, -14]}
							}
						},
						{
							"origin": [-4, 21.8604, -10.29232],
							"size": [8, 3, 6],
							"pivot": [0, 25, -10],
							"rotation": [-22.5, 0, 0],
							"uv": {
								"north": {"uv": [63, 15], "uv_size": [-14, -14]},
								"east": {"uv": [63, 15], "uv_size": [-14, -14]},
								"south": {"uv": [63, 15], "uv_size": [-14, -14]},
								"west": {"uv": [63, 15], "uv_size": [-14, -14]},
								"up": {"uv": [49, 1], "uv_size": [14, 14]},
								"down": {"uv": [49, 15], "uv_size": [14, -14]}
							}
						},
						{
							"origin": [-4, 21.8604, -14.29232],
							"size": [8, 3, 4],
							"pivot": [0, 25, -10],
							"rotation": [-7.5, 0, 0],
							"uv": {
								"north": {"uv": [63, 15], "uv_size": [-14, -14]},
								"east": {"uv": [63, 15], "uv_size": [-14, -14]},
								"south": {"uv": [63, 15], "uv_size": [-14, -14]},
								"west": {"uv": [63, 15], "uv_size": [-14, -14]},
								"up": {"uv": [49, 1], "uv_size": [14, 14]},
								"down": {"uv": [49, 15], "uv_size": [14, -14]}
							}
						},
						{
							"origin": [-2, 23.90461, -18.36076],
							"size": [4, 2, 4],
							"pivot": [-2, 25, -18],
							"rotation": [-7.5, 0, 0],
							"uv": {
								"north": {"uv": [63, 15], "uv_size": [-14, -14]},
								"east": {"uv": [63, 15], "uv_size": [-14, -14]},
								"south": {"uv": [63, 15], "uv_size": [-14, -14]},
								"west": {"uv": [63, 15], "uv_size": [-14, -14]},
								"up": {"uv": [49, 1], "uv_size": [14, 14]},
								"down": {"uv": [49, 15], "uv_size": [14, -14]}
							}
						},
						{
							"origin": [-2, 23.90461, -20.36076],
							"size": [2, 2, 7],
							"pivot": [-2, 25, -18],
							"rotation": [-8.44236, -27.24513, 3.88714],
							"uv": {
								"north": {"uv": [63, 15], "uv_size": [-14, -14]},
								"east": {"uv": [63, 15], "uv_size": [-14, -14]},
								"south": {"uv": [63, 15], "uv_size": [-14, -14]},
								"west": {"uv": [63, 15], "uv_size": [-14, -14]},
								"up": {"uv": [49, 1], "uv_size": [14, 14]},
								"down": {"uv": [49, 15], "uv_size": [14, -14]}
							}
						},
						{
							"origin": [0, 23.90461, -20.36076],
							"size": [2, 2, 7],
							"pivot": [2, 25, -18],
							"rotation": [-8.44236, 27.24513, -3.88714],
							"uv": {
								"north": {"uv": [63, 15], "uv_size": [-14, -14]},
								"east": {"uv": [63, 15], "uv_size": [-14, -14]},
								"south": {"uv": [63, 15], "uv_size": [-14, -14]},
								"west": {"uv": [63, 15], "uv_size": [-14, -14]},
								"up": {"uv": [49, 1], "uv_size": [14, 14]},
								"down": {"uv": [49, 15], "uv_size": [14, -14]}
							}
						},
						{
							"origin": [0.88679, 13.67942, 12.382],
							"size": [5, 1, 1],
							"pivot": [5, 14, 13],
							"rotation": [-15.69961, -31.96058, 36.7843],
							"uv": {
								"north": {"uv": [63, 15], "uv_size": [-14, -14]},
								"east": {"uv": [63, 1], "uv_size": [-14, 14]},
								"south": {"uv": [63, 15], "uv_size": [-14, -14]},
								"west": {"uv": [63, 15], "uv_size": [-14, -14]},
								"up": {"uv": [49, 1], "uv_size": [14, 14]},
								"down": {"uv": [49, 15], "uv_size": [14, -14]}
							}
						},
						{
							"origin": [-0.86661, 7.14882, 9.71363],
							"size": [7, 1, 1],
							"pivot": [6, 8, 10],
							"rotation": [-28.50259, 26.04866, 86.43085],
							"uv": {
								"north": {"uv": [63, 15], "uv_size": [-14, -14]},
								"east": {"uv": [63, 1], "uv_size": [-14, 14]},
								"south": {"uv": [63, 15], "uv_size": [-14, -14]},
								"west": {"uv": [63, 15], "uv_size": [-14, -14]},
								"up": {"uv": [49, 1], "uv_size": [14, 14]},
								"down": {"uv": [49, 15], "uv_size": [14, -14]}
							}
						},
						{
							"origin": [-6.89607, 5.79576, -1.87718],
							"size": [15, 1, 1],
							"pivot": [6, 7, -2],
							"rotation": [13.21346, 83.10666, 104.48803],
							"uv": {
								"north": {"uv": [63, 15], "uv_size": [-14, -14]},
								"east": {"uv": [63, 1], "uv_size": [-14, 14]},
								"south": {"uv": [63, 15], "uv_size": [-14, -14]},
								"west": {"uv": [63, 15], "uv_size": [-14, -14]},
								"up": {"uv": [49, 1], "uv_size": [14, 14]},
								"down": {"uv": [49, 15], "uv_size": [14, -14]}
							}
						},
						{
							"origin": [6.10393, 4.79576, -2.87718],
							"size": [15, 3, 3],
							"pivot": [6, 7, -2],
							"rotation": [176.76098, 66.7411, -89.12603],
							"uv": {
								"north": {"uv": [63, 15], "uv_size": [-14, -14]},
								"east": {"uv": [63, 1], "uv_size": [-14, 14]},
								"south": {"uv": [63, 15], "uv_size": [-14, -14]},
								"west": {"uv": [63, 15], "uv_size": [-14, -14]},
								"up": {"uv": [49, 1], "uv_size": [14, 14]},
								"down": {"uv": [49, 15], "uv_size": [14, -14]}
							}
						},
						{
							"origin": [-3, 14.47916, 10.80483],
							"size": [6, 5, 4],
							"pivot": [0, 27, 6],
							"rotation": [-15, 0, 0],
							"uv": {
								"north": {"uv": [47, 31], "uv_size": [-14, -14]},
								"east": {"uv": [47, 17], "uv_size": [-14, 14]},
								"south": {"uv": [47, 31], "uv_size": [-14, -14]},
								"west": {"uv": [47, 31], "uv_size": [-14, -14]},
								"up": {"uv": [33, 17], "uv_size": [14, 14]},
								"down": {"uv": [33, 31], "uv_size": [14, -14]}
							}
						},
						{
							"origin": [2, 7.45641, -12.98488],
							"size": [1, 13, 1],
							"pivot": [0, 7, -12],
							"rotation": [-30, 0, 0],
							"uv": {
								"north": {"uv": [47, 31], "uv_size": [-14, -14]},
								"east": {"uv": [47, 17], "uv_size": [-14, 14]},
								"south": {"uv": [47, 31], "uv_size": [-14, -14]},
								"west": {"uv": [47, 31], "uv_size": [-14, -14]},
								"up": {"uv": [33, 17], "uv_size": [14, 14]},
								"down": {"uv": [33, 31], "uv_size": [14, -14]}
							}
						},
						{
							"origin": [1.75, 13.45641, -13.25],
							"size": [1.5, 9, 1.5],
							"pivot": [0, 7, -12],
							"rotation": [-30, 0, 0],
							"uv": {
								"north": {"uv": [63, 15], "uv_size": [-14, -14]},
								"east": {"uv": [63, 1], "uv_size": [-14, 14]},
								"south": {"uv": [63, 15], "uv_size": [-14, -14]},
								"west": {"uv": [63, 15], "uv_size": [-14, -14]},
								"up": {"uv": [49, 1], "uv_size": [14, 14]},
								"down": {"uv": [49, 15], "uv_size": [14, -14]}
							}
						},
						{
							"origin": [2.8, 14.45641, -4.25],
							"size": [0.5, 3, 3.5],
							"pivot": [0, 7, -12],
							"rotation": [-30, 0, 0],
							"uv": {
								"north": {"uv": [47, 31], "uv_size": [-14, -14]},
								"east": {"uv": [47, 17], "uv_size": [-14, 14]},
								"south": {"uv": [47, 31], "uv_size": [-14, -14]},
								"west": {"uv": [47, 31], "uv_size": [-14, -14]},
								"up": {"uv": [33, 17], "uv_size": [14, 14]},
								"down": {"uv": [33, 31], "uv_size": [14, -14]}
							}
						},
						{
							"origin": [-3.3, 14.45641, -4.25],
							"size": [0.5, 3, 3.5],
							"pivot": [0, 7, -12],
							"rotation": [-30, 0, 0],
							"uv": {
								"north": {"uv": [47, 31], "uv_size": [-14, -14]},
								"east": {"uv": [47, 17], "uv_size": [-14, 14]},
								"south": {"uv": [47, 31], "uv_size": [-14, -14]},
								"west": {"uv": [47, 31], "uv_size": [-14, -14]},
								"up": {"uv": [33, 17], "uv_size": [14, 14]},
								"down": {"uv": [33, 31], "uv_size": [14, -14]}
							}
						},
						{
							"origin": [2.7, 12.39424, -5.94615],
							"size": [0.5, 2, 6.5],
							"pivot": [0, 14, -6],
							"rotation": [-30, 0, 0],
							"uv": {
								"north": {"uv": [47, 31], "uv_size": [-14, -14]},
								"east": {"uv": [47, 17], "uv_size": [-14, 14]},
								"south": {"uv": [47, 31], "uv_size": [-14, -14]},
								"west": {"uv": [47, 31], "uv_size": [-14, -14]},
								"up": {"uv": [33, 17], "uv_size": [14, 14]},
								"down": {"uv": [33, 31], "uv_size": [14, -14]}
							}
						},
						{
							"origin": [-3.2, 12.39424, -5.94615],
							"size": [0.5, 2, 6.5],
							"pivot": [0, 14, -6],
							"rotation": [-30, 0, 0],
							"uv": {
								"north": {"uv": [47, 31], "uv_size": [-14, -14]},
								"east": {"uv": [47, 17], "uv_size": [-14, 14]},
								"south": {"uv": [47, 31], "uv_size": [-14, -14]},
								"west": {"uv": [47, 31], "uv_size": [-14, -14]},
								"up": {"uv": [33, 17], "uv_size": [14, 14]},
								"down": {"uv": [33, 31], "uv_size": [14, -14]}
							}
						},
						{
							"origin": [2.75, 12.39424, -5.94615],
							"size": [0.5, 2, 6.5],
							"pivot": [0, 14, -6],
							"rotation": [-20, 0, 0],
							"uv": {
								"north": {"uv": [47, 31], "uv_size": [-14, -14]},
								"east": {"uv": [47, 17], "uv_size": [-14, 14]},
								"south": {"uv": [47, 31], "uv_size": [-14, -14]},
								"west": {"uv": [47, 31], "uv_size": [-14, -14]},
								"up": {"uv": [33, 17], "uv_size": [14, 14]},
								"down": {"uv": [33, 31], "uv_size": [14, -14]}
							}
						},
						{
							"origin": [-3.25, 12.39424, -5.94615],
							"size": [0.5, 2, 6.5],
							"pivot": [0, 14, -6],
							"rotation": [-20, 0, 0],
							"uv": {
								"north": {"uv": [47, 31], "uv_size": [-14, -14]},
								"east": {"uv": [47, 17], "uv_size": [-14, 14]},
								"south": {"uv": [47, 31], "uv_size": [-14, -14]},
								"west": {"uv": [47, 31], "uv_size": [-14, -14]},
								"up": {"uv": [33, 17], "uv_size": [14, 14]},
								"down": {"uv": [33, 31], "uv_size": [14, -14]}
							}
						},
						{
							"origin": [-3.25, 13.45641, -13.25],
							"size": [1.5, 9, 1.5],
							"pivot": [0, 7, -12],
							"rotation": [-30, 0, 0],
							"uv": {
								"north": {"uv": [63, 15], "uv_size": [-14, -14]},
								"east": {"uv": [63, 1], "uv_size": [-14, 14]},
								"south": {"uv": [63, 15], "uv_size": [-14, -14]},
								"west": {"uv": [63, 15], "uv_size": [-14, -14]},
								"up": {"uv": [49, 1], "uv_size": [14, 14]},
								"down": {"uv": [49, 15], "uv_size": [14, -14]}
							}
						},
						{
							"origin": [-1.25, 11.69808, -14.88397],
							"size": [2.5, 7, 1.5],
							"pivot": [0, 20, -13],
							"rotation": [-85, 0, 0],
							"uv": {
								"north": {"uv": [63, 15], "uv_size": [-14, -14]},
								"east": {"uv": [63, 1], "uv_size": [-14, 14]},
								"south": {"uv": [63, 15], "uv_size": [-14, -14]},
								"west": {"uv": [63, 15], "uv_size": [-14, -14]},
								"up": {"uv": [49, 1], "uv_size": [14, 14]},
								"down": {"uv": [49, 45], "uv_size": [14, -12]}
							}
						},
						{
							"origin": [-4.25, 13.69808, -14.88397],
							"size": [2.5, 1, 1],
							"pivot": [0, 20, -13],
							"rotation": [-85, 0, 0],
							"uv": {
								"north": {"uv": [63, 15], "uv_size": [-14, -14]},
								"east": {"uv": [63, 1], "uv_size": [-14, 14]},
								"south": {"uv": [63, 15], "uv_size": [-14, -14]},
								"west": {"uv": [63, 15], "uv_size": [-14, -14]},
								"up": {"uv": [49, 1], "uv_size": [14, 14]},
								"down": {"uv": [33, 45], "uv_size": [14, -12]}
							}
						},
						{
							"origin": [1.75, 13.69808, -14.88397],
							"size": [2.5, 1, 1],
							"pivot": [0, 20, -13],
							"rotation": [-85, 0, 0],
							"uv": {
								"north": {"uv": [63, 15], "uv_size": [-14, -14]},
								"east": {"uv": [63, 1], "uv_size": [-14, 14]},
								"south": {"uv": [63, 15], "uv_size": [-14, -14]},
								"west": {"uv": [63, 15], "uv_size": [-14, -14]},
								"up": {"uv": [49, 1], "uv_size": [14, 14]},
								"down": {"uv": [33, 45], "uv_size": [14, -12]}
							}
						},
						{
							"origin": [-2.25, 11.67906, -19.4482],
							"size": [4.5, 9, 1.5],
							"pivot": [0, 20, -18],
							"rotation": [-35, 0, 0],
							"uv": {
								"north": {"uv": [63, 15], "uv_size": [-14, -14]},
								"east": {"uv": [63, 1], "uv_size": [-14, 14]},
								"south": {"uv": [63, 15], "uv_size": [-14, -14]},
								"west": {"uv": [63, 15], "uv_size": [-14, -14]},
								"up": {"uv": [49, 1], "uv_size": [14, 14]},
								"down": {"uv": [49, 15], "uv_size": [14, -14]}
							}
						},
						{
							"origin": [-3.25, 13.67906, -20.4482],
							"size": [6.5, 4, 0.5],
							"pivot": [0, 20, -18],
							"rotation": [-35, 0, 0],
							"uv": {
								"north": {"uv": [33, 46], "uv_size": [30, 17]},
								"east": {"uv": [34, 46], "uv_size": [-1, 17]},
								"south": {"uv": [47, 31], "uv_size": [-14, -14]},
								"west": {"uv": [34, 46], "uv_size": [-1, 17]},
								"up": {"uv": [33, 46], "uv_size": [30, 1]},
								"down": {"uv": [33, 63], "uv_size": [30, -1]}
							}
						},
						{
							"origin": [-3, 7.45641, -12.98488],
							"size": [1, 13, 1],
							"pivot": [0, 7, -12],
							"rotation": [-30, 0, 0],
							"uv": {
								"north": {"uv": [47, 31], "uv_size": [-14, -14]},
								"east": {"uv": [47, 17], "uv_size": [-14, 14]},
								"south": {"uv": [47, 31], "uv_size": [-14, -14]},
								"west": {"uv": [47, 31], "uv_size": [-14, -14]},
								"up": {"uv": [33, 17], "uv_size": [14, 14]},
								"down": {"uv": [33, 31], "uv_size": [14, -14]}
							}
						},
						{
							"origin": [-3, 5.15863, 4.2078],
							"size": [6, 8, 5],
							"pivot": [0, 10, 6],
							"rotation": [97.5, 0, 0],
							"uv": {
								"north": {"uv": [47, 15], "uv_size": [-14, -14]},
								"east": {"uv": [47, 17], "uv_size": [-14, 14]},
								"south": {"uv": [47, 31], "uv_size": [-14, -14]},
								"west": {"uv": [47, 31], "uv_size": [-14, -14]},
								"up": {"uv": [33, 17], "uv_size": [14, 14]},
								"down": {"uv": [33, 31], "uv_size": [14, -14]}
							}
						},
						{
							"origin": [-2, 7.15863, 11.2078],
							"size": [4, 5, 3],
							"pivot": [0, 10, 6],
							"rotation": [97.5, 0, 0],
							"uv": {
								"north": {"uv": [47, 15], "uv_size": [-14, -14]},
								"east": {"uv": [47, 1], "uv_size": [-14, 14]},
								"south": {"uv": [47, 15], "uv_size": [-14, -14]},
								"west": {"uv": [47, 15], "uv_size": [-14, -14]},
								"up": {"uv": [33, 1], "uv_size": [14, 14]},
								"down": {"uv": [33, 15], "uv_size": [14, -14]}
							}
						},
						{
							"origin": [-5, 20.78449, 12.8115],
							"size": [1, 7, 10],
							"pivot": [5, 27, 13],
							"rotation": [-47.5, 0, 0],
							"uv": {
								"north": {"uv": [47, 15], "uv_size": [-14, -14]},
								"east": {"uv": [47, 1], "uv_size": [-14, 14]},
								"south": {"uv": [47, 15], "uv_size": [-14, -14]},
								"west": {"uv": [47, 15], "uv_size": [-14, -14]},
								"up": {"uv": [33, 1], "uv_size": [14, 14]},
								"down": {"uv": [33, 15], "uv_size": [14, -14]}
							}
						},
						{
							"origin": [4, 20.78449, 12.8115],
							"size": [1, 7, 10],
							"pivot": [5, 27, 13],
							"rotation": [-47.5, 0, 0],
							"uv": {
								"north": {"uv": [47, 15], "uv_size": [-14, -14]},
								"east": {"uv": [47, 1], "uv_size": [-14, 14]},
								"south": {"uv": [47, 15], "uv_size": [-14, -14]},
								"west": {"uv": [47, 15], "uv_size": [-14, -14]},
								"up": {"uv": [33, 1], "uv_size": [14, 14]},
								"down": {"uv": [33, 15], "uv_size": [14, -14]}
							}
						},
						{
							"origin": [-4, 20.78449, 12.8115],
							"size": [8, 7, 6],
							"pivot": [5, 27, 13],
							"rotation": [-47.5, 0, 0],
							"uv": {
								"north": {"uv": [47, 15], "uv_size": [-14, -14]},
								"east": {"uv": [47, 1], "uv_size": [-14, 14]},
								"south": {"uv": [47, 15], "uv_size": [-14, -14]},
								"west": {"uv": [47, 15], "uv_size": [-14, -14]},
								"up": {"uv": [33, 1], "uv_size": [14, 14]},
								"down": {"uv": [33, 15], "uv_size": [14, -14]}
							}
						},
						{
							"origin": [-5.05, 23.78449, 12.8115],
							"size": [0, 4, 7],
							"pivot": [5, 27, 13],
							"rotation": [-47.5, 0, 0],
							"uv": {
								"north": {"uv": [47, 15], "uv_size": [-14, -14]},
								"east": {"uv": [1, 1], "uv_size": [30, 14]},
								"south": {"uv": [47, 15], "uv_size": [-14, -14]},
								"west": {"uv": [31, 1], "uv_size": [-30, 14]},
								"up": {"uv": [33, 1], "uv_size": [14, 14]},
								"down": {"uv": [33, 15], "uv_size": [14, -14]}
							}
						},
						{
							"origin": [5.05, 23.78449, 12.8115],
							"size": [0, 4, 7],
							"pivot": [5, 27, 13],
							"rotation": [-47.5, 0, 0],
							"uv": {
								"north": {"uv": [47, 15], "uv_size": [-14, -14]},
								"east": {"uv": [1, 1], "uv_size": [30, 14]},
								"south": {"uv": [47, 15], "uv_size": [-14, -14]},
								"west": {"uv": [31, 1], "uv_size": [-30, 14]},
								"up": {"uv": [33, 1], "uv_size": [14, 14]},
								"down": {"uv": [33, 15], "uv_size": [14, -14]}
							}
						}
					]
				},
				{
					"name": "pneu2",
					"parent": "chassi",
					"pivot": [7, 0, -20],
					"cubes": [
						{
							"origin": [-1.5, 6.4087, -20],
							"size": [3, 3.1826, 3],
							"pivot": [-1, 8, -12],
							"rotation": [45, 0, 0],
							"uv": {
								"north": {"uv": [63, 31], "uv_size": [-14, -14]},
								"east": {"uv": [63, 31], "uv_size": [-14, -14]},
								"south": {"uv": [63, 31], "uv_size": [-14, -14]},
								"west": {"uv": [63, 31], "uv_size": [-14, -14]},
								"up": {"uv": [49, 17], "uv_size": [14, 14]},
								"down": {"uv": [49, 31], "uv_size": [14, -14]}
							}
						},
						{
							"origin": [-1.5, 6.4087, -7],
							"size": [3, 3.1826, 3],
							"pivot": [-1, 8, -12],
							"rotation": [45, 0, 0],
							"uv": {
								"north": {"uv": [63, 31], "uv_size": [-14, -14]},
								"east": {"uv": [63, 31], "uv_size": [-14, -14]},
								"south": {"uv": [63, 31], "uv_size": [-14, -14]},
								"west": {"uv": [63, 31], "uv_size": [-14, -14]},
								"up": {"uv": [49, 17], "uv_size": [14, 14]},
								"down": {"uv": [49, 31], "uv_size": [14, -14]}
							}
						},
						{
							"origin": [-1.5, 6.4087, -7],
							"size": [3, 3.1826, 3],
							"pivot": [-1, 8, -12],
							"rotation": [22.5, 0, 0],
							"uv": {
								"north": {"uv": [63, 31], "uv_size": [-14, -14]},
								"east": {"uv": [63, 31], "uv_size": [-14, -14]},
								"south": {"uv": [63, 31], "uv_size": [-14, -14]},
								"west": {"uv": [63, 31], "uv_size": [-14, -14]},
								"up": {"uv": [49, 17], "uv_size": [14, 14]},
								"down": {"uv": [49, 31], "uv_size": [14, -14]}
							}
						},
						{
							"origin": [-1.5, 6.4087, -20],
							"size": [3, 3.1826, 3],
							"pivot": [-1, 8, -12],
							"rotation": [22.5, 0, 0],
							"uv": {
								"north": {"uv": [63, 31], "uv_size": [-14, -14]},
								"east": {"uv": [63, 31], "uv_size": [-14, -14]},
								"south": {"uv": [63, 31], "uv_size": [-14, -14]},
								"west": {"uv": [63, 31], "uv_size": [-14, -14]},
								"up": {"uv": [49, 17], "uv_size": [14, 14]},
								"down": {"uv": [49, 31], "uv_size": [14, -14]}
							}
						},
						{
							"origin": [-1.5, 6.4087, -7],
							"size": [3, 3.1826, 3],
							"uv": {
								"north": {"uv": [63, 31], "uv_size": [-14, -14]},
								"east": {"uv": [63, 31], "uv_size": [-14, -14]},
								"south": {"uv": [63, 31], "uv_size": [-14, -14]},
								"west": {"uv": [63, 31], "uv_size": [-14, -14]},
								"up": {"uv": [49, 17], "uv_size": [14, 14]},
								"down": {"uv": [49, 31], "uv_size": [14, -14]}
							}
						},
						{
							"origin": [-1.5, 6.4087, -20],
							"size": [3, 3.1826, 3],
							"uv": {
								"north": {"uv": [63, 31], "uv_size": [-14, -14]},
								"east": {"uv": [63, 31], "uv_size": [-14, -14]},
								"south": {"uv": [63, 31], "uv_size": [-14, -14]},
								"west": {"uv": [63, 31], "uv_size": [-14, -14]},
								"up": {"uv": [49, 17], "uv_size": [14, 14]},
								"down": {"uv": [49, 31], "uv_size": [14, -14]}
							}
						},
						{
							"origin": [-1.5, 6.4087, -7],
							"size": [3, 3.1826, 3],
							"pivot": [-1, 8, -12],
							"rotation": [-22.5, 0, 0],
							"uv": {
								"north": {"uv": [63, 31], "uv_size": [-14, -14]},
								"east": {"uv": [63, 31], "uv_size": [-14, -14]},
								"south": {"uv": [63, 31], "uv_size": [-14, -14]},
								"west": {"uv": [63, 31], "uv_size": [-14, -14]},
								"up": {"uv": [49, 17], "uv_size": [14, 14]},
								"down": {"uv": [49, 31], "uv_size": [14, -14]}
							}
						},
						{
							"origin": [-1.5, 6.4087, -20],
							"size": [3, 3.1826, 3],
							"pivot": [-1, 8, -12],
							"rotation": [-22.5, 0, 0],
							"uv": {
								"north": {"uv": [63, 31], "uv_size": [-14, -14]},
								"east": {"uv": [63, 31], "uv_size": [-14, -14]},
								"south": {"uv": [63, 31], "uv_size": [-14, -14]},
								"west": {"uv": [63, 31], "uv_size": [-14, -14]},
								"up": {"uv": [49, 17], "uv_size": [14, 14]},
								"down": {"uv": [49, 31], "uv_size": [14, -14]}
							}
						},
						{
							"origin": [-1.5, 6.4087, -7],
							"size": [3, 3.1826, 3],
							"pivot": [-1, 8, -12],
							"rotation": [-45, 0, 0],
							"uv": {
								"north": {"uv": [63, 31], "uv_size": [-14, -14]},
								"east": {"uv": [63, 31], "uv_size": [-14, -14]},
								"south": {"uv": [63, 31], "uv_size": [-14, -14]},
								"west": {"uv": [63, 31], "uv_size": [-14, -14]},
								"up": {"uv": [49, 17], "uv_size": [14, 14]},
								"down": {"uv": [49, 31], "uv_size": [14, -14]}
							}
						},
						{
							"origin": [-1.5, 6.4087, -20],
							"size": [3, 3.1826, 3],
							"pivot": [-1, 8, -12],
							"rotation": [-45, 0, 0],
							"uv": {
								"north": {"uv": [63, 31], "uv_size": [-14, -14]},
								"east": {"uv": [63, 31], "uv_size": [-14, -14]},
								"south": {"uv": [63, 31], "uv_size": [-14, -14]},
								"west": {"uv": [63, 31], "uv_size": [-14, -14]},
								"up": {"uv": [49, 17], "uv_size": [14, 14]},
								"down": {"uv": [49, 31], "uv_size": [14, -14]}
							}
						},
						{
							"origin": [-1.5, 0, -13.5913],
							"size": [3, 3, 3.1826],
							"pivot": [-1, 8, -12],
							"rotation": [22.5, 0, 0],
							"uv": {
								"north": {"uv": [63, 31], "uv_size": [-14, -14]},
								"east": {"uv": [63, 31], "uv_size": [-14, -14]},
								"south": {"uv": [63, 31], "uv_size": [-14, -14]},
								"west": {"uv": [63, 31], "uv_size": [-14, -14]},
								"up": {"uv": [49, 17], "uv_size": [14, 14]},
								"down": {"uv": [49, 31], "uv_size": [14, -14]}
							}
						},
						{
							"origin": [-1.5, 13, -13.5913],
							"size": [3, 3, 3.1826],
							"pivot": [-1, 8, -12],
							"rotation": [22.5, 0, 0],
							"uv": {
								"north": {"uv": [63, 31], "uv_size": [-14, -14]},
								"east": {"uv": [63, 31], "uv_size": [-14, -14]},
								"south": {"uv": [63, 31], "uv_size": [-14, -14]},
								"west": {"uv": [63, 31], "uv_size": [-14, -14]},
								"up": {"uv": [49, 17], "uv_size": [14, 14]},
								"down": {"uv": [49, 31], "uv_size": [14, -14]}
							}
						},
						{
							"origin": [-1.5, 0, -13.5913],
							"size": [3, 3, 3.1826],
							"uv": {
								"north": {"uv": [63, 31], "uv_size": [-14, -14]},
								"east": {"uv": [63, 31], "uv_size": [-14, -14]},
								"south": {"uv": [63, 31], "uv_size": [-14, -14]},
								"west": {"uv": [63, 31], "uv_size": [-14, -14]},
								"up": {"uv": [49, 17], "uv_size": [14, 14]},
								"down": {"uv": [49, 31], "uv_size": [14, -14]}
							}
						},
						{
							"origin": [-2.5, 7, -12.5913],
							"size": [5, 1, 1.1826],
							"uv": {
								"north": {"uv": [63, 31], "uv_size": [-14, -14]},
								"east": {"uv": [63, 31], "uv_size": [-14, -14]},
								"south": {"uv": [63, 31], "uv_size": [-14, -14]},
								"west": {"uv": [63, 31], "uv_size": [-14, -14]},
								"up": {"uv": [49, 17], "uv_size": [14, 14]},
								"down": {"uv": [49, 31], "uv_size": [14, -14]}
							}
						},
						{
							"origin": [-1.5, 13, -13.5913],
							"size": [3, 3, 3.1826],
							"uv": {
								"north": {"uv": [63, 31], "uv_size": [-14, -14]},
								"east": {"uv": [63, 31], "uv_size": [-14, -14]},
								"south": {"uv": [63, 31], "uv_size": [-14, -14]},
								"west": {"uv": [63, 31], "uv_size": [-14, -14]},
								"up": {"uv": [49, 17], "uv_size": [14, 14]},
								"down": {"uv": [49, 31], "uv_size": [14, -14]}
							}
						},
						{
							"origin": [-1.5, 13, -13.5913],
							"size": [3, 3, 3.1826],
							"pivot": [-1, 8, -12],
							"rotation": [-22.5, 0, 0],
							"uv": {
								"north": {"uv": [63, 31], "uv_size": [-14, -14]},
								"east": {"uv": [63, 31], "uv_size": [-14, -14]},
								"south": {"uv": [63, 31], "uv_size": [-14, -14]},
								"west": {"uv": [63, 31], "uv_size": [-14, -14]},
								"up": {"uv": [49, 17], "uv_size": [14, 14]},
								"down": {"uv": [49, 31], "uv_size": [14, -14]}
							}
						},
						{
							"origin": [-1.5, 0, -13.5913],
							"size": [3, 3, 3.1826],
							"pivot": [-1, 8, -12],
							"rotation": [-22.5, 0, 0],
							"uv": {
								"north": {"uv": [63, 31], "uv_size": [-14, -14]},
								"east": {"uv": [63, 31], "uv_size": [-14, -14]},
								"south": {"uv": [63, 31], "uv_size": [-14, -14]},
								"west": {"uv": [63, 31], "uv_size": [-14, -14]},
								"up": {"uv": [49, 17], "uv_size": [14, 14]},
								"down": {"uv": [49, 31], "uv_size": [14, -14]}
							}
						}
					]
				},
				{
					"name": "bone",
					"parent": "chassi",
					"pivot": [2, 18, 2],
					"cubes": [
						{
							"origin": [0.79949, 19.51499, -13.22182],
							"size": [3, 1, 8],
							"pivot": [3, 20, -5],
							"rotation": [160.02154, -7.49282, -0.32902],
							"uv": {
								"north": {"uv": [63, 15], "uv_size": [-14, -14]},
								"east": {"uv": [63, 15], "uv_size": [-14, -14]},
								"south": {"uv": [63, 15], "uv_size": [-14, -14]},
								"west": {"uv": [63, 15], "uv_size": [-14, -14]},
								"up": {"uv": [49, 1], "uv_size": [14, 14]},
								"down": {"uv": [49, 15], "uv_size": [14, -14]}
							}
						},
						{
							"origin": [0.79949, 19.51499, -13.22182],
							"size": [3, 1, 8],
							"pivot": [3, 20, -5],
							"rotation": [155.02154, -7.49282, -0.32902],
							"uv": {
								"north": {"uv": [63, 15], "uv_size": [-14, -14]},
								"east": {"uv": [63, 15], "uv_size": [-14, -14]},
								"south": {"uv": [63, 15], "uv_size": [-14, -14]},
								"west": {"uv": [63, 15], "uv_size": [-14, -14]},
								"up": {"uv": [49, 1], "uv_size": [14, 14]},
								"down": {"uv": [49, 15], "uv_size": [14, -14]}
							}
						},
						{
							"origin": [0.79949, 19.51499, -13.22182],
							"size": [3, 1, 8],
							"pivot": [3, 20, -5],
							"rotation": [167.52154, -7.49282, -0.32902],
							"uv": {
								"north": {"uv": [63, 15], "uv_size": [-14, -14]},
								"east": {"uv": [63, 15], "uv_size": [-14, -14]},
								"south": {"uv": [63, 15], "uv_size": [-14, -14]},
								"west": {"uv": [63, 15], "uv_size": [-14, -14]},
								"up": {"uv": [49, 1], "uv_size": [14, 14]},
								"down": {"uv": [49, 15], "uv_size": [14, -14]}
							}
						},
						{
							"origin": [0.79949, 19.51499, -13.22182],
							"size": [3, 1, 8],
							"pivot": [3, 20, -5],
							"rotation": [150.02154, -7.49282, -0.32902],
							"uv": {
								"north": {"uv": [63, 15], "uv_size": [-14, -14]},
								"east": {"uv": [63, 15], "uv_size": [-14, -14]},
								"south": {"uv": [63, 15], "uv_size": [-14, -14]},
								"west": {"uv": [63, 15], "uv_size": [-14, -14]},
								"up": {"uv": [49, 1], "uv_size": [14, 14]},
								"down": {"uv": [49, 15], "uv_size": [14, -14]}
							}
						},
						{
							"origin": [0.79949, 19.51499, -14.22182],
							"size": [3, 1, 9],
							"pivot": [3, 20, -5],
							"rotation": [145.02154, -7.49282, -0.32902],
							"uv": {
								"north": {"uv": [63, 15], "uv_size": [-14, -14]},
								"east": {"uv": [63, 15], "uv_size": [-14, -14]},
								"south": {"uv": [63, 15], "uv_size": [-14, -14]},
								"west": {"uv": [63, 15], "uv_size": [-14, -14]},
								"up": {"uv": [49, 1], "uv_size": [14, 14]},
								"down": {"uv": [49, 15], "uv_size": [14, -14]}
							}
						},
						{
							"origin": [0.79949, 19.51499, -14.22182],
							"size": [3, 1, 9],
							"pivot": [3, 20, -5],
							"rotation": [172.52154, -7.49282, -0.32902],
							"uv": {
								"north": {"uv": [63, 15], "uv_size": [-14, -14]},
								"east": {"uv": [63, 15], "uv_size": [-14, -14]},
								"south": {"uv": [63, 15], "uv_size": [-14, -14]},
								"west": {"uv": [63, 15], "uv_size": [-14, -14]},
								"up": {"uv": [49, 1], "uv_size": [14, 14]},
								"down": {"uv": [49, 15], "uv_size": [14, -14]}
							}
						},
						{
							"origin": [3.9, 19.51499, -12.22182],
							"size": [0, 3, 6],
							"pivot": [3, 20, -5],
							"rotation": [172.52154, -7.49282, -0.32902],
							"uv": {
								"north": {"uv": [63, 15], "uv_size": [-14, -14]},
								"east": {"uv": [1, 6], "uv_size": [3, -5]},
								"south": {"uv": [63, 15], "uv_size": [-14, -14]},
								"west": {"uv": [31, 31], "uv_size": [-30, -14]},
								"up": {"uv": [49, 1], "uv_size": [14, 14]},
								"down": {"uv": [49, 15], "uv_size": [14, -14]}
							}
						},
						{
							"origin": [0.79949, 19.51499, -14.22182],
							"size": [3, 1, 9],
							"pivot": [3, 20, -5],
							"rotation": [135.02154, -7.49282, -0.32902],
							"uv": {
								"north": {"uv": [63, 15], "uv_size": [-14, -14]},
								"east": {"uv": [63, 15], "uv_size": [-14, -14]},
								"south": {"uv": [63, 15], "uv_size": [-14, -14]},
								"west": {"uv": [63, 15], "uv_size": [-14, -14]},
								"up": {"uv": [49, 1], "uv_size": [14, 14]},
								"down": {"uv": [49, 15], "uv_size": [14, -14]}
							}
						},
						{
							"origin": [0.01708, 17.2544, -5.89571],
							"size": [3, 1, 7],
							"pivot": [3, 20, 1],
							"rotation": [77.52154, -7.49282, -0.32902],
							"uv": {
								"north": {"uv": [63, 15], "uv_size": [-14, -14]},
								"east": {"uv": [63, 15], "uv_size": [-14, -14]},
								"south": {"uv": [63, 15], "uv_size": [-14, -14]},
								"west": {"uv": [63, 15], "uv_size": [-14, -14]},
								"up": {"uv": [49, 1], "uv_size": [14, 14]},
								"down": {"uv": [49, 15], "uv_size": [14, -14]}
							}
						},
						{
							"origin": [0.79949, 19.51499, -14.22182],
							"size": [3, 1, 9],
							"pivot": [3, 20, -5],
							"rotation": [140.02154, -7.49282, -0.32902],
							"uv": {
								"north": {"uv": [63, 15], "uv_size": [-14, -14]},
								"east": {"uv": [63, 15], "uv_size": [-14, -14]},
								"south": {"uv": [63, 15], "uv_size": [-14, -14]},
								"west": {"uv": [63, 15], "uv_size": [-14, -14]},
								"up": {"uv": [49, 1], "uv_size": [14, 14]},
								"down": {"uv": [49, 15], "uv_size": [14, -14]}
							}
						}
					]
				},
				{
					"name": "bone2",
					"parent": "chassi",
					"pivot": [-1, 18, 2],
					"rotation": [0.66253, 12.48556, 2.55816],
					"cubes": [
						{
							"origin": [-2.20051, 19.51499, -13.22182],
							"size": [3, 1, 8],
							"pivot": [0, 20, -5],
							"rotation": [160.02154, -7.49282, -0.32902],
							"uv": {
								"north": {"uv": [63, 15], "uv_size": [-14, -14]},
								"east": {"uv": [63, 15], "uv_size": [-14, -14]},
								"south": {"uv": [63, 15], "uv_size": [-14, -14]},
								"west": {"uv": [63, 15], "uv_size": [-14, -14]},
								"up": {"uv": [49, 1], "uv_size": [14, 14]},
								"down": {"uv": [49, 15], "uv_size": [14, -14]}
							}
						},
						{
							"origin": [-2.20051, 19.51499, -13.22182],
							"size": [0, 3, 6],
							"pivot": [0, 20, -5],
							"rotation": [160.02154, -7.49282, -0.32902],
							"uv": {
								"north": {"uv": [63, 15], "uv_size": [-14, -14]},
								"east": {"uv": [31, 31], "uv_size": [-30, -14]},
								"south": {"uv": [63, 15], "uv_size": [-14, -14]},
								"west": {"uv": [1, 5], "uv_size": [1, -4]},
								"up": {"uv": [49, 1], "uv_size": [14, 14]},
								"down": {"uv": [49, 15], "uv_size": [14, -14]}
							}
						},
						{
							"origin": [-2.20051, 19.51499, -13.22182],
							"size": [3, 1, 8],
							"pivot": [0, 20, -5],
							"rotation": [155.02154, -7.49282, -0.32902],
							"uv": {
								"north": {"uv": [63, 15], "uv_size": [-14, -14]},
								"east": {"uv": [63, 15], "uv_size": [-14, -14]},
								"south": {"uv": [63, 15], "uv_size": [-14, -14]},
								"west": {"uv": [63, 15], "uv_size": [-14, -14]},
								"up": {"uv": [49, 1], "uv_size": [14, 14]},
								"down": {"uv": [49, 15], "uv_size": [14, -14]}
							}
						},
						{
							"origin": [-2.20051, 19.51499, -13.22182],
							"size": [3, 1, 8],
							"pivot": [0, 20, -5],
							"rotation": [167.52154, -7.49282, -0.32902],
							"uv": {
								"north": {"uv": [63, 15], "uv_size": [-14, -14]},
								"east": {"uv": [63, 15], "uv_size": [-14, -14]},
								"south": {"uv": [63, 15], "uv_size": [-14, -14]},
								"west": {"uv": [63, 15], "uv_size": [-14, -14]},
								"up": {"uv": [49, 1], "uv_size": [14, 14]},
								"down": {"uv": [49, 15], "uv_size": [14, -14]}
							}
						},
						{
							"origin": [-2.20051, 19.51499, -13.22182],
							"size": [3, 1, 8],
							"pivot": [0, 20, -5],
							"rotation": [150.02154, -7.49282, -0.32902],
							"uv": {
								"north": {"uv": [63, 15], "uv_size": [-14, -14]},
								"east": {"uv": [63, 15], "uv_size": [-14, -14]},
								"south": {"uv": [63, 15], "uv_size": [-14, -14]},
								"west": {"uv": [63, 15], "uv_size": [-14, -14]},
								"up": {"uv": [49, 1], "uv_size": [14, 14]},
								"down": {"uv": [49, 15], "uv_size": [14, -14]}
							}
						},
						{
							"origin": [-2.20051, 19.51499, -14.22182],
							"size": [3, 1, 9],
							"pivot": [0, 20, -5],
							"rotation": [145.02154, -7.49282, -0.32902],
							"uv": {
								"north": {"uv": [63, 15], "uv_size": [-14, -14]},
								"east": {"uv": [63, 15], "uv_size": [-14, -14]},
								"south": {"uv": [63, 15], "uv_size": [-14, -14]},
								"west": {"uv": [63, 15], "uv_size": [-14, -14]},
								"up": {"uv": [49, 1], "uv_size": [14, 14]},
								"down": {"uv": [49, 15], "uv_size": [14, -14]}
							}
						},
						{
							"origin": [-2.20051, 19.51499, -14.22182],
							"size": [3, 1, 9],
							"pivot": [0, 20, -5],
							"rotation": [172.52154, -7.49282, -0.32902],
							"uv": {
								"north": {"uv": [63, 15], "uv_size": [-14, -14]},
								"east": {"uv": [63, 15], "uv_size": [-14, -14]},
								"south": {"uv": [63, 15], "uv_size": [-14, -14]},
								"west": {"uv": [63, 15], "uv_size": [-14, -14]},
								"up": {"uv": [49, 1], "uv_size": [14, 14]},
								"down": {"uv": [49, 15], "uv_size": [14, -14]}
							}
						},
						{
							"origin": [-2.20051, 19.51499, -14.22182],
							"size": [3, 1, 9],
							"pivot": [0, 20, -5],
							"rotation": [135.02154, -7.49282, -0.32902],
							"uv": {
								"north": {"uv": [63, 15], "uv_size": [-14, -14]},
								"east": {"uv": [63, 15], "uv_size": [-14, -14]},
								"south": {"uv": [63, 15], "uv_size": [-14, -14]},
								"west": {"uv": [63, 15], "uv_size": [-14, -14]},
								"up": {"uv": [49, 1], "uv_size": [14, 14]},
								"down": {"uv": [49, 15], "uv_size": [14, -14]}
							}
						},
						{
							"origin": [-2.98292, 17.2544, -5.89571],
							"size": [3, 1, 7],
							"pivot": [0, 20, 1],
							"rotation": [77.52154, -7.49282, -0.32902],
							"uv": {
								"north": {"uv": [63, 15], "uv_size": [-14, -14]},
								"east": {"uv": [63, 15], "uv_size": [-14, -14]},
								"south": {"uv": [63, 15], "uv_size": [-14, -14]},
								"west": {"uv": [63, 15], "uv_size": [-14, -14]},
								"up": {"uv": [49, 1], "uv_size": [14, 14]},
								"down": {"uv": [49, 15], "uv_size": [14, -14]}
							}
						},
						{
							"origin": [-2.20051, 19.51499, -14.22182],
							"size": [3, 1, 9],
							"pivot": [0, 20, -5],
							"rotation": [140.02154, -7.49282, -0.32902],
							"uv": {
								"north": {"uv": [63, 14], "uv_size": [-14, -14]},
								"east": {"uv": [63, 14], "uv_size": [-14, -14]},
								"south": {"uv": [63, 14], "uv_size": [-14, -14]},
								"west": {"uv": [63, 14], "uv_size": [-14, -14]},
								"up": {"uv": [49, 0], "uv_size": [14, 14]},
								"down": {"uv": [49, 14], "uv_size": [14, -14]}
							}
						}
					]
				},
				{
					"name": "guidon",
					"parent": "Titan160",
					"pivot": [0, 23, 18],
					"cubes": [
						{
							"origin": [-3, 26.31292, 18.96176],
							"size": [6, 5, 4],
							"pivot": [-1, 27, 23],
							"rotation": [45, 0, 0],
							"uv": {
								"north": {"uv": [63, 15], "uv_size": [-14, -14]},
								"east": {"uv": [63, 15], "uv_size": [-14, -14]},
								"south": {"uv": [63, 15], "uv_size": [-14, -14]},
								"west": {"uv": [63, 15], "uv_size": [-14, -14]},
								"up": {"uv": [49, 1], "uv_size": [14, 14]},
								"down": {"uv": [49, 1], "uv_size": [14, 14]}
							}
						},
						{
							"origin": [-2, 28.31292, 23],
							"size": [4, 1, 0],
							"pivot": [-1, 27, 23],
							"rotation": [45, 0, 0],
							"uv": {
								"north": {"uv": [2, 2], "uv_size": [-1, 1]},
								"east": {"uv": [63, 15], "uv_size": [-14, -14]},
								"south": {"uv": [7, 10], "uv_size": [19, 5]},
								"west": {"uv": [63, 15], "uv_size": [-14, -14]},
								"up": {"uv": [49, 1], "uv_size": [14, 14]},
								"down": {"uv": [49, 1], "uv_size": [14, 14]}
							}
						},
						{
							"origin": [-2, 31.32, 19.96176],
							"size": [4, 0, 2],
							"pivot": [-1, 27, 23],
							"rotation": [45, 0, 0],
							"uv": {
								"north": {"uv": [63, 15], "uv_size": [-14, -14]},
								"east": {"uv": [63, 15], "uv_size": [-14, -14]},
								"south": {"uv": [63, 15], "uv_size": [-14, -14]},
								"west": {"uv": [63, 15], "uv_size": [-14, -14]},
								"up": {"uv": [1, 33], "uv_size": [30, 14]},
								"down": {"uv": [1, 1], "uv_size": [2, 4]}
							}
						},
						{
							"origin": [3, 26.31292, 19.96176],
							"size": [3, 1, 1],
							"uv": {
								"north": {"uv": [63, 15], "uv_size": [-14, -14]},
								"east": {"uv": [63, 15], "uv_size": [-14, -14]},
								"south": {"uv": [47, 45], "uv_size": [-14, -12]},
								"west": {"uv": [63, 15], "uv_size": [-14, -14]},
								"up": {"uv": [49, 1], "uv_size": [14, 14]},
								"down": {"uv": [49, 1], "uv_size": [14, 14]}
							}
						},
						{
							"origin": [-6, 26.31292, 19.96176],
							"size": [3, 1, 1],
							"uv": {
								"north": {"uv": [63, 15], "uv_size": [-14, -14]},
								"east": {"uv": [63, 15], "uv_size": [-14, -14]},
								"south": {"uv": [47, 45], "uv_size": [-14, -12]},
								"west": {"uv": [63, 15], "uv_size": [-14, -14]},
								"up": {"uv": [49, 1], "uv_size": [14, 14]},
								"down": {"uv": [49, 1], "uv_size": [14, 14]}
							}
						},
						{
							"origin": [1, 20.84966, 21.81884],
							"size": [1, 5, 3],
							"pivot": [2, 21, 22],
							"rotation": [14.65993, -3.21132, 12.08681],
							"uv": {
								"north": {"uv": [63, 15], "uv_size": [-14, -14]},
								"east": {"uv": [63, 15], "uv_size": [-14, -14]},
								"south": {"uv": [63, 15], "uv_size": [-14, -14]},
								"west": {"uv": [63, 15], "uv_size": [-14, -14]},
								"up": {"uv": [49, 1], "uv_size": [14, 14]},
								"down": {"uv": [49, 1], "uv_size": [14, 14]}
							}
						},
						{
							"origin": [-2, 20.84966, 21.81884],
							"size": [1, 5, 3],
							"pivot": [-2, 21, 22],
							"rotation": [14.65993, 3.21132, -12.08681],
							"uv": {
								"north": {"uv": [63, 15], "uv_size": [-14, -14]},
								"east": {"uv": [63, 15], "uv_size": [-14, -14]},
								"south": {"uv": [63, 15], "uv_size": [-14, -14]},
								"west": {"uv": [63, 15], "uv_size": [-14, -14]},
								"up": {"uv": [49, 1], "uv_size": [14, 14]},
								"down": {"uv": [49, 1], "uv_size": [14, 14]}
							}
						},
						{
							"origin": [-2, 20.84966, 21.81884],
							"size": [4, 5, 3],
							"pivot": [2, 21, 22],
							"rotation": [15, 0, 0],
							"uv": {
								"north": {"uv": [63, 15], "uv_size": [-14, -14]},
								"east": {"uv": [63, 15], "uv_size": [-14, -14]},
								"south": {"uv": [63, 15], "uv_size": [-14, -14]},
								"west": {"uv": [63, 15], "uv_size": [-14, -14]},
								"up": {"uv": [49, 1], "uv_size": [14, 14]},
								"down": {"uv": [49, 1], "uv_size": [14, 14]}
							}
						},
						{
							"origin": [-4, 20.84966, 24.85],
							"size": [8, 6, 0],
							"pivot": [2, 21, 22],
							"rotation": [15, 0, 0],
							"uv": {
								"north": {"uv": [2, 1], "uv_size": [-1, 3]},
								"east": {"uv": [63, 15], "uv_size": [-14, -14]},
								"south": {"uv": [31, 49], "uv_size": [-15, 14]},
								"west": {"uv": [63, 15], "uv_size": [-14, -14]},
								"up": {"uv": [49, 1], "uv_size": [14, 14]},
								"down": {"uv": [49, 1], "uv_size": [14, 14]}
							}
						},
						{
							"origin": [-2, 20.84966, 21.81884],
							"size": [4, 8, 3],
							"pivot": [2, 21, 22],
							"rotation": [35, 0, 0],
							"uv": {
								"north": {"uv": [63, 15], "uv_size": [-14, -14]},
								"east": {"uv": [63, 15], "uv_size": [-14, -14]},
								"south": {"uv": [63, 15], "uv_size": [-14, -14]},
								"west": {"uv": [63, 15], "uv_size": [-14, -14]},
								"up": {"uv": [49, 1], "uv_size": [14, 14]},
								"down": {"uv": [49, 1], "uv_size": [14, 14]}
							}
						},
						{
							"origin": [-3, 7, 25.5],
							"size": [1, 24, 1],
							"pivot": [-1, 7, 26],
							"rotation": [25, 0, 0],
							"uv": {
								"north": {"uv": [47, 31], "uv_size": [-14, -14]},
								"east": {"uv": [47, 31], "uv_size": [-14, -14]},
								"south": {"uv": [47, 31], "uv_size": [-14, -14]},
								"west": {"uv": [47, 31], "uv_size": [-14, -14]},
								"up": {"uv": [33, 17], "uv_size": [14, 14]},
								"down": {"uv": [33, 17], "uv_size": [14, 14]}
							}
						},
						{
							"origin": [-3, 28.74135, 15.68809],
							"size": [1, 4, 1],
							"pivot": [-2, 28, 16],
							"rotation": [19.65736, 15.7627, -37.25235],
							"uv": {
								"north": {"uv": [47, 31], "uv_size": [-14, -14]},
								"east": {"uv": [47, 31], "uv_size": [-14, -14]},
								"south": {"uv": [47, 31], "uv_size": [-14, -14]},
								"west": {"uv": [47, 31], "uv_size": [-14, -14]},
								"up": {"uv": [33, 17], "uv_size": [14, 14]},
								"down": {"uv": [33, 17], "uv_size": [14, 14]}
							}
						},
						{
							"origin": [-5.72121, 31.40643, 14.32655],
							"size": [1, 5, 1],
							"pivot": [-5, 31, 15],
							"rotation": [0, 25, -90],
							"uv": {
								"north": {"uv": [63, 15], "uv_size": [-14, -14]},
								"east": {"uv": [63, 15], "uv_size": [-14, -14]},
								"south": {"uv": [63, 15], "uv_size": [-14, -14]},
								"west": {"uv": [63, 15], "uv_size": [-14, -14]},
								"up": {"uv": [49, 1], "uv_size": [14, 14]},
								"down": {"uv": [49, 1], "uv_size": [14, 14]}
							}
						},
						{
							"origin": [2, 28.74135, 15.68809],
							"size": [1, 4, 1],
							"pivot": [2, 28, 16],
							"rotation": [19.65736, -15.7627, 37.25235],
							"uv": {
								"north": {"uv": [47, 31], "uv_size": [-14, -14]},
								"east": {"uv": [47, 31], "uv_size": [-14, -14]},
								"south": {"uv": [47, 31], "uv_size": [-14, -14]},
								"west": {"uv": [47, 31], "uv_size": [-14, -14]},
								"up": {"uv": [33, 17], "uv_size": [14, 14]},
								"down": {"uv": [33, 17], "uv_size": [14, 14]}
							}
						},
						{
							"origin": [4.72121, 31.40643, 14.32655],
							"size": [1, 5, 1],
							"pivot": [5, 31, 15],
							"rotation": [0, -25, 90],
							"uv": {
								"north": {"uv": [63, 15], "uv_size": [-14, -14]},
								"east": {"uv": [63, 15], "uv_size": [-14, -14]},
								"south": {"uv": [63, 15], "uv_size": [-14, -14]},
								"west": {"uv": [63, 15], "uv_size": [-14, -14]},
								"up": {"uv": [49, 1], "uv_size": [14, 14]},
								"down": {"uv": [49, 1], "uv_size": [14, 14]}
							}
						},
						{
							"origin": [4.5, 31.40643, 14.1],
							"size": [1.4, 2, 1.4],
							"pivot": [5, 31, 15],
							"rotation": [0, -25, 90],
							"uv": {
								"north": {"uv": [63, 31], "uv_size": [-14, -14]},
								"east": {"uv": [63, 31], "uv_size": [-14, -14]},
								"south": {"uv": [63, 31], "uv_size": [-14, -14]},
								"west": {"uv": [63, 31], "uv_size": [-14, -14]},
								"up": {"uv": [49, 17], "uv_size": [14, 14]},
								"down": {"uv": [49, 17], "uv_size": [14, 14]}
							}
						},
						{
							"origin": [8.5, 35.40643, 13.1],
							"size": [1.4, 3, 0.4],
							"pivot": [9, 36, 14],
							"rotation": [0, 0, 90],
							"uv": {
								"north": {"uv": [15, 63], "uv_size": [-14, -14]},
								"east": {"uv": [63, 31], "uv_size": [-14, -14]},
								"south": {"uv": [63, 31], "uv_size": [-14, -14]},
								"west": {"uv": [63, 31], "uv_size": [-14, -14]},
								"up": {"uv": [49, 17], "uv_size": [14, 14]},
								"down": {"uv": [49, 17], "uv_size": [14, 14]}
							}
						},
						{
							"origin": [8.5, 30.40643, 13.6],
							"size": [0.4, 6, 0.4],
							"pivot": [9, 36, 14],
							"rotation": [10.90668, -13.65309, 29.04952],
							"uv": {
								"north": {"uv": [63, 15], "uv_size": [-14, -14]},
								"east": {"uv": [63, 15], "uv_size": [-14, -14]},
								"south": {"uv": [63, 15], "uv_size": [-14, -14]},
								"west": {"uv": [63, 15], "uv_size": [-14, -14]},
								"up": {"uv": [49, 1], "uv_size": [14, 14]},
								"down": {"uv": [49, 1], "uv_size": [14, 14]}
							}
						},
						{
							"origin": [-9.20904, 29.69151, 13.60655],
							"size": [0.4, 7, 0.4],
							"pivot": [-9, 36, 14],
							"rotation": [11.99485, 3.83486, -34.06775],
							"uv": {
								"north": {"uv": [63, 15], "uv_size": [-14, -14]},
								"east": {"uv": [63, 15], "uv_size": [-14, -14]},
								"south": {"uv": [63, 15], "uv_size": [-14, -14]},
								"west": {"uv": [63, 15], "uv_size": [-14, -14]},
								"up": {"uv": [49, 1], "uv_size": [14, 14]},
								"down": {"uv": [49, 1], "uv_size": [14, 14]}
							}
						},
						{
							"origin": [-0.5, 14.40643, 13.1],
							"size": [1.4, 3, 0.4],
							"pivot": [5, 31, 15],
							"rotation": [0, 0, 90],
							"uv": {
								"north": {"uv": [15, 63], "uv_size": [-14, -14]},
								"east": {"uv": [63, 31], "uv_size": [-14, -14]},
								"south": {"uv": [63, 31], "uv_size": [-14, -14]},
								"west": {"uv": [63, 31], "uv_size": [-14, -14]},
								"up": {"uv": [49, 17], "uv_size": [14, 14]},
								"down": {"uv": [49, 17], "uv_size": [14, 14]}
							}
						},
						{
							"origin": [4.5, 18.5, 14.1],
							"size": [1.4, 2, 1.4],
							"pivot": [5, 31, 15],
							"rotation": [0, -25, 90],
							"uv": {
								"north": {"uv": [63, 31], "uv_size": [-14, -14]},
								"east": {"uv": [63, 31], "uv_size": [-14, -14]},
								"south": {"uv": [63, 31], "uv_size": [-14, -14]},
								"west": {"uv": [63, 31], "uv_size": [-14, -14]},
								"up": {"uv": [49, 17], "uv_size": [14, 14]},
								"down": {"uv": [49, 17], "uv_size": [14, 14]}
							}
						},
						{
							"origin": [2, 7, 25.5],
							"size": [1, 24, 1],
							"pivot": [-1, 7, 26],
							"rotation": [25, 0, 0],
							"uv": {
								"north": {"uv": [47, 31], "uv_size": [-14, -14]},
								"east": {"uv": [47, 31], "uv_size": [-14, -14]},
								"south": {"uv": [47, 31], "uv_size": [-14, -14]},
								"west": {"uv": [47, 31], "uv_size": [-14, -14]},
								"up": {"uv": [33, 17], "uv_size": [14, 14]},
								"down": {"uv": [33, 17], "uv_size": [14, 14]}
							}
						}
					]
				},
				{
					"name": "pneu",
					"parent": "guidon",
					"pivot": [7, 0, 18],
					"cubes": [
						{
							"origin": [-1.5, 6.4087, 18],
							"size": [3, 3.1826, 3],
							"pivot": [-1, 8, 26],
							"rotation": [45, 0, 0],
							"uv": {
								"north": {"uv": [63, 31], "uv_size": [-14, -14]},
								"east": {"uv": [63, 31], "uv_size": [-14, -14]},
								"south": {"uv": [63, 31], "uv_size": [-14, -14]},
								"west": {"uv": [63, 31], "uv_size": [-14, -14]},
								"up": {"uv": [49, 17], "uv_size": [14, 14]},
								"down": {"uv": [49, 17], "uv_size": [14, 14]}
							}
						},
						{
							"origin": [-1.5, 6.4087, 31],
							"size": [3, 3.1826, 3],
							"pivot": [-1, 8, 26],
							"rotation": [45, 0, 0],
							"uv": {
								"north": {"uv": [63, 31], "uv_size": [-14, -14]},
								"east": {"uv": [63, 31], "uv_size": [-14, -14]},
								"south": {"uv": [63, 31], "uv_size": [-14, -14]},
								"west": {"uv": [63, 31], "uv_size": [-14, -14]},
								"up": {"uv": [49, 17], "uv_size": [14, 14]},
								"down": {"uv": [49, 17], "uv_size": [14, 14]}
							}
						},
						{
							"origin": [-1.5, 6.4087, 31],
							"size": [3, 3.1826, 3],
							"pivot": [-1, 8, 26],
							"rotation": [22.5, 0, 0],
							"uv": {
								"north": {"uv": [63, 31], "uv_size": [-14, -14]},
								"east": {"uv": [63, 31], "uv_size": [-14, -14]},
								"south": {"uv": [63, 31], "uv_size": [-14, -14]},
								"west": {"uv": [63, 31], "uv_size": [-14, -14]},
								"up": {"uv": [49, 17], "uv_size": [14, 14]},
								"down": {"uv": [49, 17], "uv_size": [14, 14]}
							}
						},
						{
							"origin": [-1.5, 6.4087, 18],
							"size": [3, 3.1826, 3],
							"pivot": [-1, 8, 26],
							"rotation": [22.5, 0, 0],
							"uv": {
								"north": {"uv": [63, 31], "uv_size": [-14, -14]},
								"east": {"uv": [63, 31], "uv_size": [-14, -14]},
								"south": {"uv": [63, 31], "uv_size": [-14, -14]},
								"west": {"uv": [63, 31], "uv_size": [-14, -14]},
								"up": {"uv": [49, 17], "uv_size": [14, 14]},
								"down": {"uv": [49, 17], "uv_size": [14, 14]}
							}
						},
						{
							"origin": [-1.5, 6.4087, 31],
							"size": [3, 3.1826, 3],
							"uv": {
								"north": {"uv": [63, 31], "uv_size": [-14, -14]},
								"east": {"uv": [63, 31], "uv_size": [-14, -14]},
								"south": {"uv": [63, 31], "uv_size": [-14, -14]},
								"west": {"uv": [63, 31], "uv_size": [-14, -14]},
								"up": {"uv": [49, 17], "uv_size": [14, 14]},
								"down": {"uv": [49, 17], "uv_size": [14, 14]}
							}
						},
						{
							"origin": [-1.5, 6.4087, 18],
							"size": [3, 3.1826, 3],
							"uv": {
								"north": {"uv": [63, 31], "uv_size": [-14, -14]},
								"east": {"uv": [63, 31], "uv_size": [-14, -14]},
								"south": {"uv": [63, 31], "uv_size": [-14, -14]},
								"west": {"uv": [63, 31], "uv_size": [-14, -14]},
								"up": {"uv": [49, 17], "uv_size": [14, 14]},
								"down": {"uv": [49, 17], "uv_size": [14, 14]}
							}
						},
						{
							"origin": [-1.5, 6.4087, 31],
							"size": [3, 3.1826, 3],
							"pivot": [-1, 8, 26],
							"rotation": [-22.5, 0, 0],
							"uv": {
								"north": {"uv": [63, 31], "uv_size": [-14, -14]},
								"east": {"uv": [63, 31], "uv_size": [-14, -14]},
								"south": {"uv": [63, 31], "uv_size": [-14, -14]},
								"west": {"uv": [63, 31], "uv_size": [-14, -14]},
								"up": {"uv": [49, 17], "uv_size": [14, 14]},
								"down": {"uv": [49, 17], "uv_size": [14, 14]}
							}
						},
						{
							"origin": [-1.5, 6.4087, 18],
							"size": [3, 3.1826, 3],
							"pivot": [-1, 8, 26],
							"rotation": [-22.5, 0, 0],
							"uv": {
								"north": {"uv": [63, 31], "uv_size": [-14, -14]},
								"east": {"uv": [63, 31], "uv_size": [-14, -14]},
								"south": {"uv": [63, 31], "uv_size": [-14, -14]},
								"west": {"uv": [63, 31], "uv_size": [-14, -14]},
								"up": {"uv": [49, 17], "uv_size": [14, 14]},
								"down": {"uv": [49, 17], "uv_size": [14, 14]}
							}
						},
						{
							"origin": [-1.5, 6.4087, 31],
							"size": [3, 3.1826, 3],
							"pivot": [-1, 8, 26],
							"rotation": [-45, 0, 0],
							"uv": {
								"north": {"uv": [63, 31], "uv_size": [-14, -14]},
								"east": {"uv": [63, 31], "uv_size": [-14, -14]},
								"south": {"uv": [63, 31], "uv_size": [-14, -14]},
								"west": {"uv": [63, 31], "uv_size": [-14, -14]},
								"up": {"uv": [49, 17], "uv_size": [14, 14]},
								"down": {"uv": [49, 17], "uv_size": [14, 14]}
							}
						},
						{
							"origin": [-1.5, 6.4087, 18],
							"size": [3, 3.1826, 3],
							"pivot": [-1, 8, 26],
							"rotation": [-45, 0, 0],
							"uv": {
								"north": {"uv": [63, 31], "uv_size": [-14, -14]},
								"east": {"uv": [63, 31], "uv_size": [-14, -14]},
								"south": {"uv": [63, 31], "uv_size": [-14, -14]},
								"west": {"uv": [63, 31], "uv_size": [-14, -14]},
								"up": {"uv": [49, 17], "uv_size": [14, 14]},
								"down": {"uv": [49, 17], "uv_size": [14, 14]}
							}
						},
						{
							"origin": [-1.5, 0, 24.4087],
							"size": [3, 3, 3.1826],
							"pivot": [-1, 8, 26],
							"rotation": [22.5, 0, 0],
							"uv": {
								"north": {"uv": [63, 31], "uv_size": [-14, -14]},
								"east": {"uv": [63, 31], "uv_size": [-14, -14]},
								"south": {"uv": [63, 31], "uv_size": [-14, -14]},
								"west": {"uv": [63, 31], "uv_size": [-14, -14]},
								"up": {"uv": [49, 17], "uv_size": [14, 14]},
								"down": {"uv": [49, 17], "uv_size": [14, 14]}
							}
						},
						{
							"origin": [-1.5, 13, 24.4087],
							"size": [3, 3, 3.1826],
							"pivot": [-1, 8, 26],
							"rotation": [22.5, 0, 0],
							"uv": {
								"north": {"uv": [63, 31], "uv_size": [-14, -14]},
								"east": {"uv": [63, 31], "uv_size": [-14, -14]},
								"south": {"uv": [63, 31], "uv_size": [-14, -14]},
								"west": {"uv": [63, 31], "uv_size": [-14, -14]},
								"up": {"uv": [49, 17], "uv_size": [14, 14]},
								"down": {"uv": [49, 17], "uv_size": [14, 14]}
							}
						},
						{
							"origin": [-1.5, 0, 24.4087],
							"size": [3, 3, 3.1826],
							"uv": {
								"north": {"uv": [63, 31], "uv_size": [-14, -14]},
								"east": {"uv": [63, 31], "uv_size": [-14, -14]},
								"south": {"uv": [63, 31], "uv_size": [-14, -14]},
								"west": {"uv": [63, 31], "uv_size": [-14, -14]},
								"up": {"uv": [49, 17], "uv_size": [14, 14]},
								"down": {"uv": [49, 17], "uv_size": [14, 14]}
							}
						},
						{
							"origin": [-2.5, 7, 25.4087],
							"size": [5, 1, 1.1826],
							"uv": {
								"north": {"uv": [63, 31], "uv_size": [-14, -14]},
								"east": {"uv": [63, 31], "uv_size": [-14, -14]},
								"south": {"uv": [63, 31], "uv_size": [-14, -14]},
								"west": {"uv": [63, 31], "uv_size": [-14, -14]},
								"up": {"uv": [49, 17], "uv_size": [14, 14]},
								"down": {"uv": [49, 17], "uv_size": [14, 14]}
							}
						},
						{
							"origin": [-1.5, 13, 24.4087],
							"size": [3, 3, 3.1826],
							"uv": {
								"north": {"uv": [63, 31], "uv_size": [-14, -14]},
								"east": {"uv": [63, 31], "uv_size": [-14, -14]},
								"south": {"uv": [63, 31], "uv_size": [-14, -14]},
								"west": {"uv": [63, 31], "uv_size": [-14, -14]},
								"up": {"uv": [49, 17], "uv_size": [14, 14]},
								"down": {"uv": [49, 17], "uv_size": [14, 14]}
							}
						},
						{
							"origin": [-1.5, 13, 24.4087],
							"size": [3, 3, 3.1826],
							"pivot": [-1, 8, 26],
							"rotation": [-22.5, 0, 0],
							"uv": {
								"north": {"uv": [63, 31], "uv_size": [-14, -14]},
								"east": {"uv": [63, 31], "uv_size": [-14, -14]},
								"south": {"uv": [63, 31], "uv_size": [-14, -14]},
								"west": {"uv": [63, 31], "uv_size": [-14, -14]},
								"up": {"uv": [49, 17], "uv_size": [14, 14]},
								"down": {"uv": [49, 17], "uv_size": [14, 14]}
							}
						},
						{
							"origin": [-1.5, 0, 24.4087],
							"size": [3, 3, 3.1826],
							"pivot": [-1, 8, 26],
							"rotation": [-22.5, 0, 0],
							"uv": {
								"north": {"uv": [63, 31], "uv_size": [-14, -14]},
								"east": {"uv": [63, 31], "uv_size": [-14, -14]},
								"south": {"uv": [63, 31], "uv_size": [-14, -14]},
								"west": {"uv": [63, 31], "uv_size": [-14, -14]},
								"up": {"uv": [49, 17], "uv_size": [14, 14]},
								"down": {"uv": [49, 17], "uv_size": [14, 14]}
							}
						}
					]
				},
				{
					"name": "hexadecagon",
					"parent": "guidon",
					"pivot": [10, 1, 18],
					"cubes": [
						{
							"origin": [-2, 7.20979, 17],
							"size": [4, 3.58042, 1],
							"uv": {
								"north": {"uv": [47, 15], "uv_size": [-14, -14]},
								"east": {"uv": [47, 15], "uv_size": [-14, -14]},
								"south": {"uv": [47, 15], "uv_size": [-14, -14]},
								"west": {"uv": [47, 15], "uv_size": [-14, -14]},
								"up": {"uv": [33, 1], "uv_size": [14, 14]},
								"down": {"uv": [33, 1], "uv_size": [14, 14]}
							}
						},
						{
							"origin": [-2, 7.20979, 17],
							"size": [4, 3.58042, 1],
							"pivot": [3, 7, 18],
							"rotation": [-17.5, 0, 0],
							"uv": {
								"north": {"uv": [47, 15], "uv_size": [-14, -14]},
								"east": {"uv": [47, 15], "uv_size": [-14, -14]},
								"south": {"uv": [47, 15], "uv_size": [-14, -14]},
								"west": {"uv": [47, 15], "uv_size": [-14, -14]},
								"up": {"uv": [33, 1], "uv_size": [14, 14]},
								"down": {"uv": [33, 1], "uv_size": [14, 14]}
							}
						},
						{
							"origin": [-2, 7.20979, 17],
							"size": [4, 3.58042, 2],
							"pivot": [2, 9, 26],
							"rotation": [-22.5, 0, 0],
							"uv": {
								"north": {"uv": [47, 15], "uv_size": [-14, -14]},
								"east": {"uv": [47, 15], "uv_size": [-14, -14]},
								"south": {"uv": [47, 15], "uv_size": [-14, -14]},
								"west": {"uv": [47, 15], "uv_size": [-14, -14]},
								"up": {"uv": [33, 1], "uv_size": [14, 14]},
								"down": {"uv": [33, 1], "uv_size": [14, 14]}
							}
						},
						{
							"origin": [-2, 7.20979, 17],
							"size": [4, 3.58042, 3],
							"pivot": [2, 9, 26],
							"rotation": [-45, 0, 0],
							"uv": {
								"north": {"uv": [47, 15], "uv_size": [-14, -14]},
								"east": {"uv": [47, 15], "uv_size": [-14, -14]},
								"south": {"uv": [47, 15], "uv_size": [-14, -14]},
								"west": {"uv": [47, 15], "uv_size": [-14, -14]},
								"up": {"uv": [33, 1], "uv_size": [14, 14]},
								"down": {"uv": [33, 1], "uv_size": [14, 14]}
							}
						},
						{
							"origin": [-2, 5.20979, 18],
							"size": [4, 5.58042, 2],
							"pivot": [2, 9, 26],
							"rotation": [-45, 0, 0],
							"uv": {
								"north": {"uv": [47, 15], "uv_size": [-14, -14]},
								"east": {"uv": [47, 15], "uv_size": [-14, -14]},
								"south": {"uv": [47, 15], "uv_size": [-14, -14]},
								"west": {"uv": [47, 15], "uv_size": [-14, -14]},
								"up": {"uv": [33, 1], "uv_size": [14, 14]},
								"down": {"uv": [33, 1], "uv_size": [14, 14]}
							}
						},
						{
							"origin": [-2, 15, 24.20979],
							"size": [4, 3, 3.58042],
							"pivot": [2, 9, 26],
							"rotation": [22.5, 0, 0],
							"uv": {
								"north": {"uv": [47, 15], "uv_size": [-14, -14]},
								"east": {"uv": [47, 15], "uv_size": [-14, -14]},
								"south": {"uv": [47, 15], "uv_size": [-14, -14]},
								"west": {"uv": [47, 15], "uv_size": [-14, -14]},
								"up": {"uv": [33, 1], "uv_size": [14, 14]},
								"down": {"uv": [33, 1], "uv_size": [14, 14]}
							}
						},
						{
							"origin": [-2, 15, 24.20979],
							"size": [4, 1, 6.58042],
							"pivot": [2, 9, 26],
							"rotation": [22.5, 0, 0],
							"uv": {
								"north": {"uv": [47, 15], "uv_size": [-14, -14]},
								"east": {"uv": [47, 15], "uv_size": [-14, -14]},
								"south": {"uv": [47, 15], "uv_size": [-14, -14]},
								"west": {"uv": [47, 15], "uv_size": [-14, -14]},
								"up": {"uv": [33, 1], "uv_size": [14, 14]},
								"down": {"uv": [33, 1], "uv_size": [14, 14]}
							}
						},
						{
							"origin": [-2, 16, 24.20979],
							"size": [4, 2, 3.58042],
							"uv": {
								"north": {"uv": [47, 15], "uv_size": [-14, -14]},
								"east": {"uv": [47, 15], "uv_size": [-14, -14]},
								"south": {"uv": [47, 15], "uv_size": [-14, -14]},
								"west": {"uv": [47, 15], "uv_size": [-14, -14]},
								"up": {"uv": [33, 1], "uv_size": [14, 14]},
								"down": {"uv": [33, 1], "uv_size": [14, 14]}
							}
						},
						{
							"origin": [-2, 15.61943, 27.26918],
							"size": [4, 1, 3.58042],
							"pivot": [2, 16, 31],
							"rotation": [-7.5, 0, 0],
							"uv": {
								"north": {"uv": [47, 15], "uv_size": [-14, -14]},
								"east": {"uv": [47, 15], "uv_size": [-14, -14]},
								"south": {"uv": [47, 15], "uv_size": [-14, -14]},
								"west": {"uv": [47, 15], "uv_size": [-14, -14]},
								"up": {"uv": [33, 1], "uv_size": [14, 14]},
								"down": {"uv": [33, 1], "uv_size": [14, 14]}
							}
						},
						{
							"origin": [-2, 15.61943, 27.26918],
							"size": [4, 1, 3.58042],
							"pivot": [2, 16, 31],
							"rotation": [-22.5, 0, 0],
							"uv": {
								"north": {"uv": [47, 15], "uv_size": [-14, -14]},
								"east": {"uv": [47, 15], "uv_size": [-14, -14]},
								"south": {"uv": [47, 15], "uv_size": [-14, -14]},
								"west": {"uv": [47, 15], "uv_size": [-14, -14]},
								"up": {"uv": [33, 1], "uv_size": [14, 14]},
								"down": {"uv": [33, 1], "uv_size": [14, 14]}
							}
						}
					]
				},
				{
					"name": "bone4",
					"parent": "Titan160",
					"pivot": [0, -3, 0]
				}
			]
		}
	]
}