{
	"format_version" : "1.8.0",
	"animations": {
		"animation.morph.long_legged.first_person.empty_hand": {
			"loop": true,
			"bones": {
				"leg2": {
					"position": [ 13.5, 0.0, 17.0 ],
					"rotation": [ "95.0 + variable.is_using_vr * 7.5", "-45.0 + variable.is_using_vr * 7.5", "115.0 + variable.is_using_vr * -2.5" ]
				},
				"frontLegR": {
					"position": [ 13.5, 2.5, 17.0 ],
					"rotation": [ "95.0 + variable.is_using_vr * 7.5", "-45.0 + variable.is_using_vr * 7.5", "115.0 + variable.is_using_vr * -2.5" ]
				},
				"leg_front_right": {
					"position": [ 13.5, 0.0, 17.0 ],
					"rotation": [ "95.0 + variable.is_using_vr * 7.5", "-45.0 + variable.is_using_vr * 7.5", "115.0 + variable.is_using_vr * -2.5" ]
				},
				"right_front_leg": {
					"position": [ 13.5, 0.0, 17.0 ],
					"rotation": [ "95.0 + variable.is_using_vr * 7.5", "-45.0 + variable.is_using_vr * 7.5", "115.0 + variable.is_using_vr * -2.5" ]
				},
				"right_leg": {
					"position": [ 13.5, 0.0, 17.0 ],
					"rotation": [ "95.0 + variable.is_using_vr * 7.5", "-45.0 + variable.is_using_vr * 7.5", "115.0 + variable.is_using_vr * -2.5" ]
				},
				"frontLegRight": {
					"position": [ 13.5, 0.0, 17.0 ],
					"rotation": [ "95.0 + variable.is_using_vr * 7.5", "-45.0 + variable.is_using_vr * 7.5", "115.0 + variable.is_using_vr * -2.5" ]
				},
				"rightitem": {
					"position": [ 0.0, "q.get_default_bone_pivot('rightarm',1) - q.get_default_bone_pivot('rightitem',1) - 7.0", "-q.get_default_bone_pivot('rightitem',2)" ]
				},
				"leftitem": {
					"position": [ 0.0, "q.get_default_bone_pivot('leftarm',1) - q.get_default_bone_pivot('leftitem',1) - 7.0", "-q.get_default_bone_pivot('leftitem',2)" ]
				}
			}
		},
		"animation.morph.short_legged.first_person.empty_hand": {
			"loop": true,
			"bones": {
				"leg2": {
					"position": [ 13.5, "query.variant == 64 ? 4.5 : 9.0", 17.0 ],
					"rotation": [ "95.0 + variable.is_using_vr * 7.5", "-45.0 + variable.is_using_vr * 7.5", "115.0 + variable.is_using_vr * -2.5" ]
				},
				"frontLegR": {
					"position": [ 13.5, 9.0, 17.0 ],
					"rotation": [ "95.0 + variable.is_using_vr * 7.5", "-45.0 + variable.is_using_vr * 7.5", "115.0 + variable.is_using_vr * -2.5" ]
				},
				"leg_front_right": {
					"position": [ 13.5, 9.0, 17.0 ],
					"rotation": [ "95.0 + variable.is_using_vr * 7.5", "-45.0 + variable.is_using_vr * 7.5", "115.0 + variable.is_using_vr * -2.5" ]
				},
				"right_front_leg": {
					"position": [ 13.5, 9.0, 17.0 ],
					"rotation": [ "95.0 + variable.is_using_vr * 7.5", "-45.0 + variable.is_using_vr * 7.5", "115.0 + variable.is_using_vr * -2.5" ]
				},
				"right_leg": {
					"position": [ 13.5, 9.0, 17.0 ],
					"rotation": [ "95.0 + variable.is_using_vr * 7.5", "-45.0 + variable.is_using_vr * 7.5", "115.0 + variable.is_using_vr * -2.5" ]
				},
				"frontLegRight": {
					"position": [ 13.5, 9.0, 17.0 ],
					"rotation": [ "95.0 + variable.is_using_vr * 7.5", "-45.0 + variable.is_using_vr * 7.5", "115.0 + variable.is_using_vr * -2.5" ]
				},
				"rightitem": {
					"position": [ 0.0, "q.get_default_bone_pivot('rightarm',1) - q.get_default_bone_pivot('rightitem',1) - 7.0", "-q.get_default_bone_pivot('rightitem',2)" ]
				},
				"leftitem": {
					"position": [ 0.0, "q.get_default_bone_pivot('leftarm',1) - q.get_default_bone_pivot('leftitem',1) - 7.0", "-q.get_default_bone_pivot('leftitem',2)" ]
				}
			}
		}
	}
}
