{
	"format_version": "1.19.20",
	"minecraft:entity": {
		"description": {
			"identifier": "bb:blow_tnt",
			"is_spawnable": false,
			"is_summonable": true,
			"is_experimental": false,
			"animations": {
				"flash": "animation.flash"
			},
			"scripts": {
				"animate": [
					"flash"
				]
			}
		},
		"component_groups": {
			"bb:white": {
				"minecraft:variant": {
					"value": 1
				}
			},
			"bb:white_off": {
				"minecraft:variant": {
					"value": 0
				}
			},
			"bb:blowing": {
				"minecraft:attack": {
					"damage": 0
				},
				"minecraft:movement": {
					"value": 0.3
				},
				"minecraft:navigation.walk": {
					"can_path_over_water": true,
					"can_walk": true
				},
				"minecraft:movement.basic": {},
				"minecraft:jump.static": {},
				"minecraft:can_climb": {},
				"minecraft:behavior.float": {
					"priority": 0
				},
				"minecraft:behavior.melee_attack": {
					"priority": 4,
					"speed_multiplier": 1.25,
					"track_target": false,
					"reach_multiplier": 0
				},
				"minecraft:behavior.look_at_player": {
					"priority": 6,
					"look_distance": 8
				},
				"minecraft:behavior.hurt_by_target": {
					"priority": 2
				},
				"minecraft:follow_range": {
					"value": 20
				},
				"minecraft:behavior.nearest_attackable_target": {
					"priority": 1,
					"must_see": true,
					"must_see_forget_duration": 3,
					"entity_types": [
						{
							"filters": {
								"test": "is_family",
								"subject": "other",
								"value": "player"
							},
							"max_dist": 16
						}
					]
				},
				"minecraft:health": {
					"value": 1000000
				},
				"minecraft:behavior.knockback_roar": {
					"attack_time": 0.1,
					"cooldown_time": 0,
					"duration": 0.1,
					"knockback_damage": 1,
					"knockback_range": 6,
					"knockback_height_cap": 1000000,
					"knockback_horizontal_strength": 8,
					"knockback_vertical_strength": 6,
					"priority": 1,
					"on_roar_end": {
						"event": "bb:kill"
					}
				}
			}
		},
		"components": {
			"minecraft:variant": {
				"value": 0
			},
			"minecraft:type_family": {
				"family": [
					"tnt",
					"inanimate"
				]
			},
			"minecraft:collision_box": {
				"width": 0.98,
				"height": 0.98
			},
			"minecraft:timer": {
				"time": 5,
				"time_down_event": {
					"event": "bb:explosion"
				}
			},
			"minecraft:physics": {},
			"minecraft:pushable": {
				"is_pushable": false,
				"is_pushable_by_piston": true
			},
			"minecraft:conditional_bandwidth_optimization": {
				"default_values": {
					"max_optimized_distance": 80,
					"max_dropped_ticks": 5,
					"use_motion_prediction_hints": true
				}
			}
		},
		"events": {
			"bb:kill": {
				"run_command": {
					"command": [
						"tp @s ~ ~-500 ~",
						"kill @s"
					]
				}
			},
			"bb:explosion": {
				"run_command": {
					"command": [
						"playsound blow.tnt @a ~ ~ ~ 1 1 0"
					]
				},
				"add": {
					"component_groups": [
						"bb:blowing"
					]
				}
			},
			"bb:flash": {
				"add": {
					"component_groups": [
						"bb:white"
					]
				}
			},
			"bb:flash_back": {
				"remove": {
					"component_groups": [
						"bb:white"
					]
				},
				"add": {
					"component_groups": [
						"bb:white_off"
					]
				}
			}
		}
	}
}