{
	"format_version": "1.19.20",
	"minecraft:entity": {
		"description": {
			"identifier": "bb:drill_tnt",
			"runtime_identifier": "minecraft:tnt",
			"is_spawnable": false,
			"is_summonable": true,
			"is_experimental": false,
			"animations": {
				"flash": "animation.flash"
			},
			"scripts": {
				"animate": [
					"flash"
				]
			}
		},
		"component_groups": {
			"bb:white": {
				"minecraft:variant": {
					"value": 1
				}
			},
			"bb:white_off": {
				"minecraft:variant": {
					"value": 0
				}
			}
		},
		"components": {
			"minecraft:ageable": {
				"duration": 10.5,
				"grow_up": {
					"event": "bb:kill"
				}
			},
			"minecraft:timer": {
				"looping": true,
				"time": 0.5,
				"time_down_event": {
					"event": "bb:drill"
				}
			},
			"minecraft:variant": {
				"value": 0
			},
			"minecraft:type_family": {
				"family": [
					"tnt",
					"inanimate"
				]
			},
			"minecraft:collision_box": {
				"width": 0.98,
				"height": 0.98
			},
			"minecraft:physics": {},
			"minecraft:pushable": {
				"is_pushable": false,
				"is_pushable_by_piston": true
			},
			"minecraft:conditional_bandwidth_optimization": {
				"default_values": {
					"max_optimized_distance": 80,
					"max_dropped_ticks": 5,
					"use_motion_prediction_hints": true
				}
			}
		},
		"events": {
			"bb:kill": {
				"run_command": {
					"command": [
						"particle minecraft:campfire_tall_smoke_particle ~ ~ ~",
						"particle minecraft:campfire_tall_smoke_particle ~0.25 ~ ~",
						"particle minecraft:campfire_tall_smoke_particle ~ ~0.3 ~-0.2",
						"playsound conduit.deactivate @a ~ ~ ~ 1 0.5 0",
						"kill @s"
					]
				}
			},
			"bb:drill": {
				"run_command": {
					"command": [
						"execute as @s at @s unless block ~ ~-1 ~ bedrock unless block ~1 ~-1 ~ bedrock unless block ~-1 ~-1 ~ bedrock unless block ~ ~-1 ~1 bedrock unless block ~ ~-1 ~-1 bedrock unless block ~1 ~-1 ~1 bedrock unless block ~-1 ~-1 ~-1 bedrock unless block ~1 ~-1 ~-1 bedrock unless block ~-1 ~-1 ~1 bedrock run fill ~1 ~-1 ~1 ~-1 ~-1 ~-1 air destroy",
						"playsound drill.tnt @a ~ ~ ~ 1 1.2 0"
					]
				}
			},
			"bb:flash": {
				"add": {
					"component_groups": [
						"bb:white"
					]
				}
			},
			"bb:flash_back": {
				"remove": {
					"component_groups": [
						"bb:white"
					]
				},
				"add": {
					"component_groups": [
						"bb:white_off"
					]
				}
			}
		}
	}
}