{
	"format_version": "1.19.20",
	"minecraft:entity": {
		"description": {
			"identifier": "bb:end_tnt",
			"runtime_identifier": "minecraft:tnt",
			"is_spawnable": false,
			"is_summonable": true,
			"is_experimental": false,
			"animations": {
				"flash": "animation.flash"
			},
			"scripts": {
				"animate": [
					"flash"
				]
			}
		},
		"component_groups": {
			"bb:white": {
				"minecraft:variant": {
					"value": 1
				}
			},
			"bb:white_off": {
				"minecraft:variant": {
					"value": 0
				}
			}
		},
		"components": {
			"minecraft:variant": {
				"value": 0
			},
			"minecraft:type_family": {
				"family": [
					"tnt",
					"inanimate"
				]
			},
			"minecraft:collision_box": {
				"width": 0.98,
				"height": 0.98
			},
			"minecraft:timer": {
				"time": 6,
				"time_down_event": {
					"event": "bb:explosion"
				}
			},
			"minecraft:physics": {},
			"minecraft:pushable": {
				"is_pushable": false,
				"is_pushable_by_piston": true
			},
			"minecraft:conditional_bandwidth_optimization": {
				"default_values": {
					"max_optimized_distance": 80,
					"max_dropped_ticks": 5,
					"use_motion_prediction_hints": true
				}
			}
		},
		"events": {
			"bb:explosion": {
				"run_command": {
					"command": [
						"particle minecraft:end_chest ~1 ~ ~",
						"particle minecraft:end_chest ~ ~ ~1",
						"particle minecraft:end_chest ~-1 ~ ~",
						"particle minecraft:end_chest ~ ~ ~-1",
						"particle minecraft:end_chest ~ ~1 ~",
						"particle minecraft:end_chest ~ ~ ~",
						"particle minecraft:end_chest ~-.5 ~ ~.3",
						"particle minecraft:end_chest ~.2 ~ ~-.4",
						"particle minecraft:end_chest ~.1 ~ ~.2",
						"particle minecraft:end_chest ~-.1 ~ ~-.2",
						"particle minecraft:eyeofender_death_explode_particle ~.25 ~ ~.5",
						"particle minecraft:eyeofender_death_explode_particle ~ ~.2 ~",
						"particle minecraft:eyeofender_death_explode_particle ~.3 ~ ~.3",
						"playsound mob.shulker.teleport @a ~ ~ ~ 1 1 0",
						"tag @e[r=3,type=!bb:end_tnt] add EndSend",
						"execute as @e[r=3,type=!bb:end_tnt] in the_end run tp @s ~ 70 ~",
						"kill @s"
					]
				}
			},
			"bb:flash": {
				"add": {
					"component_groups": [
						"bb:white"
					]
				}
			},
			"bb:flash_back": {
				"remove": {
					"component_groups": [
						"bb:white"
					]
				},
				"add": {
					"component_groups": [
						"bb:white_off"
					]
				}
			}
		}
	}
}