{
	"format_version": "1.19.20",
	"minecraft:entity": {
		"description": {
			"identifier": "bb:fire_tnt",
			"runtime_identifier": "minecraft:tnt",
			"is_spawnable": false,
			"is_summonable": true,
			"is_experimental": false,
			"animations": {
				"flash": "animation.flash"
			},
			"scripts": {
				"animate": [
					"flash"
				]
			}
		},
		"component_groups": {
			"bb:white": {
				"minecraft:variant": {
					"value": 1
				}
			},
			"bb:white_off": {
				"minecraft:variant": {
					"value": 0
				}
			}
		},
		"components": {
			"minecraft:variant": {
				"value": 0
			},
			"minecraft:type_family": {
				"family": [
					"tnt",
					"inanimate"
				]
			},
			"minecraft:collision_box": {
				"width": 0.98,
				"height": 0.98
			},
			"minecraft:ageable": {
				"duration": 5,
				"grow_up": {
					"event": "bb:particle"
				}
			},
			"minecraft:explode": {
				"fuse_length": 5,
				"fuse_lit": true,
				"power": 6,
				"causes_fire": true
			},
			"minecraft:physics": {},
			"minecraft:pushable": {
				"is_pushable": false,
				"is_pushable_by_piston": true
			},
			"minecraft:conditional_bandwidth_optimization": {
				"default_values": {
					"max_optimized_distance": 80,
					"max_dropped_ticks": 5,
					"use_motion_prediction_hints": true
				}
			}
		},
		"events": {
			"bb:particle": {
				"run_command": {
					"command": [
						"particle minecraft:lava_particle ~ ~ ~",
						"particle minecraft:lava_particle ~0.25 ~ ~",
						"particle minecraft:lava_particle ~-0.25 ~ ~-0.25",
						"particle minecraft:lava_particle ~ ~0.25 ~0.25",
						"particle minecraft:lava_particle ~ ~ ~-0.25"
					]
				}
			},
			"bb:flash": {
				"add": {
					"component_groups": [
						"bb:white"
					]
				}
			},
			"bb:flash_back": {
				"remove": {
					"component_groups": [
						"bb:white"
					]
				},
				"add": {
					"component_groups": [
						"bb:white_off"
					]
				}
			}
		}
	}
}