{
	"format_version": "1.19.20",
	"minecraft:entity": {
		"description": {
			"identifier": "bb:gas_explosion_part",
			"runtime_identifier": "minecraft:tnt",
			"is_spawnable": false,
			"is_summonable": true,
			"is_experimental": false
		},
		"events": {
			"bb:effect": {
				"run_command": {
					"command": [
						"effect @e[r=5] fatal_poison 5 0",
						"effect @e[r=5] nausea 5 0"
					]
				}
			},
			"bb:kill": {
				"run_command": {
					"command": [
						"kill @s"
					]
				}
			}
		},
		"components": {
			"minecraft:type_family": {
				"family": [
					"tnt",
					"inanimate"
				]
			},
			"minecraft:collision_box": {
				"width": 0.98,
				"height": 0.98
			},
			"minecraft:timer": {
				"looping": true,
				"time": 1,
				"time_down_event": {
					"event": "bb:effect"
				}
			},
			"minecraft:ageable": {
				"duration": 10,
				"grow_up": {
					"event": "bb:kill"
				}
			},
			"minecraft:physics": {},
			"minecraft:pushable": {
				"is_pushable": false,
				"is_pushable_by_piston": true
			},
			"minecraft:conditional_bandwidth_optimization": {
				"default_values": {
					"max_optimized_distance": 80,
					"max_dropped_ticks": 5,
					"use_motion_prediction_hints": true
				}
			}
		}
	}
}