{
	"format_version": "1.19.20",
	"minecraft:entity": {
		"description": {
			"identifier": "bb:noise_tnt",
			"runtime_identifier": "minecraft:tnt",
			"is_spawnable": false,
			"is_summonable": true,
			"is_experimental": false,
			"animations": {
				"flash": "animation.flash"
			},
			"scripts": {
				"animate": [
					"flash"
				]
			}
		},
		"component_groups": {
			"bb:white": {
				"minecraft:variant": {
					"value": 1
				}
			},
			"bb:white_off": {
				"minecraft:variant": {
					"value": 0
				}
			}
		},
		"components": {
			"minecraft:variant": {
				"value": 0
			},
			"minecraft:type_family": {
				"family": [
					"tnt",
					"inanimate"
				]
			},
			"minecraft:collision_box": {
				"width": 0.98,
				"height": 0.98
			},
			"minecraft:timer": {
				"time": 1,
				"time_down_event": {
					"event": "bb:explosion"
				}
			},
			"minecraft:physics": {},
			"minecraft:pushable": {
				"is_pushable": false,
				"is_pushable_by_piston": true
			},
			"minecraft:conditional_bandwidth_optimization": {
				"default_values": {
					"max_optimized_distance": 80,
					"max_dropped_ticks": 5,
					"use_motion_prediction_hints": true
				}
			}
		},
		"events": {
			"bb:explosion": {
				"sequence": [
					{
						"run_command": {
							"command": [
								"particle bb:notes ~ ~1 ~"
							]
						}
					},
					{
						"randomize": [
							{
								"run_command": {
									"command": [
										"playsound mob.ghast.affectionate_scream @a ~ ~ ~ 1 1 0",
										"playsound mob.ghast.charge @a ~ ~ ~ 1 1 0",
										"playsound mob.ghast.death @a ~ ~ ~ 1 1 0",
										"playsound mob.ghast.fireball @a ~ ~ ~ 1 1 0",
										"playsound mob.ghast.moan @a ~ ~ ~ 1 1 0",
										"playsound mob.ghast.scream @a ~ ~ ~ 1 1 0",
										"playsound mob.endermen.death @a ~ ~ ~ 1 1 0",
										"playsound mob.endermen.hit @a ~ ~ ~ 1 1 0",
										"playsound mob.endermen.idle @a ~ ~ ~ 1 1 0",
										"playsound mob.endermen.portal @a ~ ~ ~ 1 1 0",
										"playsound mob.endermen.scream @a ~ ~ ~ 1 1 0",
										"playsound mob.endermen.stare @a ~ ~ ~ 1 1 0",
										"playsound mob.vex.ambient @a ~ ~ ~ 1 1 0",
										"playsound mob.vex.charge @a ~ ~ ~ 1 1 0",
										"playsound mob.vex.death @a ~ ~ ~ 1 1 0",
										"playsound mob.vex.hurt @a ~ ~ ~ 1 1 0",
										"playsound mob.enderdragon.death @a ~ ~ ~ 1 1 0",
										"playsound mob.enderdragon.flap @a ~ ~ ~ 1 1 0",
										"playsound mob.enderdragon.growl @a ~ ~ ~ 1 1 0",
										"playsound mob.enderdragon.hit @a ~ ~ ~ 1 1 0",
										"playsound mob.bat.death @a ~ ~ ~ 1 1 0",
										"playsound mob.fox.death @a ~ ~ ~ 1 1 0",
										"playsound mob.pig.death @a ~ ~ ~ 1 1 0",
										"playsound mob.wolf.death @a ~ ~ ~ 1 1 0",
										"playsound mob.horse.death @a ~ ~ ~ 1 1 0",
										"playsound mob.llama.death @a ~ ~ ~ 1 1 0",
										"playsound mob.panda.death @a ~ ~ ~ 1 1 0",
										"playsound mob.ocelot.death @a ~ ~ ~ 1 1 0",
										"playsound mob.parrot.death @a ~ ~ ~ 1 1 0",
										"playsound mob.rabbit.death @a ~ ~ ~ 1 1 0",
										"playsound mob.turtle.death @a ~ ~ ~ 1 1 0",
										"playsound mob.polarbear.death @a ~ ~ ~ 1 1 0",
										"playsound mob.horse.donkey.death @a ~ ~ ~ 1 1 0"
									]
								}
							},
							{
								"run_command": {
									"command": [
										"playsound armor.equip_chain @a ~ ~ ~ 1 1 0",
										"playsound armor.equip_leather @a ~ ~ ~ 1 1 0",
										"playsound armor.equip_gold @a ~ ~ ~ 1 1 0",
										"playsound armor.equip_diamond @a ~ ~ ~ 1 1 0",
										"playsound armor.equip_iron @a ~ ~ ~ 1 1 0",
										"playsound armor.equip_generic @a ~ ~ ~ 1 1 0",
										"playsound mob.horse.armor @a ~ ~ ~ 1 1 0",
										"playsound hit.anvil @a ~ ~ ~ 1 1 0",
										"playsound random.anvil_break @a ~ ~ ~ 1 1 0",
										"playsound random.anvil_land @a ~ ~ ~ 1 1 0",
										"playsound random.anvil_use @a ~ ~ ~ 1 1 0",
										"playsound random.bow @a ~ ~ ~ 1 1 0",
										"playsound random.bowhit @a ~ ~ ~ 1 1 0",
										"playsound crossbow.shoot @a ~ ~ ~ 1 1 0",
										"playsound crossbow.loading.start @a ~ ~ ~ 1 1 0",
										"playsound crossbow.loading.middle @a ~ ~ ~ 1 1 0",
										"playsound crossbow.loading.end @a ~ ~ ~ 1 1 0",
										"playsound crossbow.quick_charge.start @a ~ ~ ~ 1 1 0",
										"playsound crossbow.quick_charge.middle @a ~ ~ ~ 1 1 0",
										"playsound crossbow.quick_charge.end @a ~ ~ ~ 1 1 0",
										"playsound item.shield.block @a ~ ~ ~ 1 1 0",
										"playsound item.trident.hit @a ~ ~ ~ 1 1 0",
										"playsound item.trident.hit_ground @a ~ ~ ~ 1 1 0",
										"playsound item.trident.return @a ~ ~ ~ 1 1 0",
										"playsound item.trident.throw @a ~ ~ ~ 1 1 0"
									]
								}
							},
							{
								"run_command": {
									"command": [
										"playsound random.chestopen @a ~ ~ ~ 1 1 0",
										"playsound random.chestclosed @a ~ ~ ~ 1 1 0",
										"playsound block.furnace.lit @a ~ ~ ~ 1 1 0",
										"playsound random.door_close @a ~ ~ ~ 1 1 0",
										"playsound random.door_open @a ~ ~ ~ 1 1 0",
										"playsound block.itemframe.add_item @a ~ ~ ~ 1 1 0",
										"playsound block.itemframe.break @a ~ ~ ~ 1 1 0",
										"playsound block.itemframe.place @a ~ ~ ~ 1 1 0",
										"playsound block.itemframe.remove_item @a ~ ~ ~ 1 1 0",
										"playsound block.itemframe.rotate_item @a ~ ~ ~ 1 1 0",
										"playsound block.cartography_table.use @a ~ ~ ~ 1 1 0",
										"playsound ui.cartography_table.take_result @a ~ ~ ~ 1 1 0",
										"playsound block.loom.use @a ~ ~ ~ 1 1 0",
										"playsound ui.loom.select_pattern @a ~ ~ ~ 1 1 0",
										"playsound ui.loom.take_result @a ~ ~ ~ 1 1 0",
										"playsound block.grindstone.use @a ~ ~ ~ 1 1 0",
										"playsound note.bass @a ~ ~ ~ 1 1 0",
										"playsound note.bassattack @a ~ ~ ~ 1 1 0",
										"playsound note.snare @a ~ ~ ~ 1 1 0",
										"playsound tile.piston.in @a ~ ~ ~ 1 1 0",
										"playsound tile.piston.out @a ~ ~ ~ 1 1 0",
										"playsound block.blastfurnace.fire_crackle @a ~ ~ ~ 1 1 0",
										"playsound block.smoker.smoke @a ~ ~ ~ 1 1 0",
										"playsound block.campfire.crackle @a ~ ~ ~ 1 1 0",
										"playsound random.glass @a ~ ~ ~ 1 1 0",
										"playsound dig.grass @a ~ ~ ~ 1 1 0",
										"playsound use.grass @a ~ ~ ~ 1 1 0",
										"playsound beacon.activate @a ~ ~ ~ 1 1 0",
										"playsound beacon.ambient @a ~ ~ ~ 1 1 0",
										"playsound beacon.deactivate @a ~ ~ ~ 1 1 0",
										"playsound beacon.power @a ~ ~ ~ 1 1 0",
										"playsound block.bell.hit @a ~ ~ ~ 1 1 0",
										"playsound block.barrel.close @a ~ ~ ~ 1 1 0",
										"playsound block.barrel.open @a ~ ~ ~ 1 1 0",
										"playsound random.shulkerboxclosed @a ~ ~ ~ 1 1 0",
										"playsound random.shulkerboxopen @a ~ ~ ~ 1 1 0"
									]
								}
							}
						]
					},
					{
						"run_command": {
							"command": [
								"kill @s"
							]
						}
					}
				]
			}
		},
		"bb:flash": {
			"add": {
				"component_groups": [
					"bb:white"
				]
			}
		},
		"bb:flash_back": {
			"remove": {
				"component_groups": [
					"bb:white"
				]
			},
			"add": {
				"component_groups": [
					"bb:white_off"
				]
			}
		}
	}
}