{
	"format_version": "1.19.20",
	"minecraft:entity": {
		"description": {
			"identifier": "bb:teleport_tnt",
			"is_spawnable": false,
			"is_summonable": true,
			"is_experimental": false,
			"animations": {
				"flash": "animation.flash"
			},
			"scripts": {
				"animate": [
					"flash"
				]
			}
		},
		"component_groups": {
			"bb:white": {
				"minecraft:variant": {
					"value": 1
				}
			},
			"bb:white_off": {
				"minecraft:variant": {
					"value": 0
				}
			}
		},
		"components": {
			"minecraft:teleport": {
				"random_teleports": true,
				"max_random_teleport_time": 0.05,
				"min_random_teleport_time": 0.05,
				"random_teleport_cube": [
					10,
					10,
					10
				]
			},
			"minecraft:health": {
				"value": 1000000
			},
			"minecraft:explode": {
				"fuse_length": 3,
				"fuse_lit": true,
				"power": 5
			},
			"minecraft:variant": {
				"value": 0
			},
			"minecraft:type_family": {
				"family": [
					"tnt",
					"inanimate"
				]
			},
			"minecraft:collision_box": {
				"width": 0.98,
				"height": 0.98
			},
			"minecraft:physics": {},
			"minecraft:pushable": {
				"is_pushable": false,
				"is_pushable_by_piston": true
			},
			"minecraft:conditional_bandwidth_optimization": {
				"default_values": {
					"max_optimized_distance": 80,
					"max_dropped_ticks": 5,
					"use_motion_prediction_hints": true
				}
			}
		},
		"events": {
			"bb:flash": {
				"add": {
					"component_groups": [
						"bb:white"
					]
				}
			},
			"bb:flash_back": {
				"remove": {
					"component_groups": [
						"bb:white"
					]
				},
				"add": {
					"component_groups": [
						"bb:white_off"
					]
				}
			}
		}
	}
}