{
    "format_version": "1.16.0",
    "minecraft:entity": {
        "description": {
            "identifier": "rai:squid_jurei2",
            "is_spawnable": false,
            "is_summonable": false,
            "is_experimental": false,
            "runtime_identifier" : "minecraft:snowball"
        },
        "component_groups": {
            "squid_jurei": {
                "minecraft:projectile": {
                    "on_hit": {
                        "impact_damage": {
                            "damage": 6,
                            "knockback": false
                        },
                        "stick_in_ground": {
                        },
                        "definition_event": {
                            "affect_projectile": true,
                            "event_trigger": {
                                "event": "explode",
                                "target": "self"
                            }
                        }
                    },
                    "inertia": 1,
                    "liquid_inertia": 1.1,
                    "power": 2,
                    "gravity": 0.05,
                    "uncertainty_base": 3,
                    "uncertainty_multiplier": 0,
                    "offset": [
                        0.5,
                        0,
                        0.5
                    ]
                }
            },
            "squid_jurei_": {
                "minecraft:projectile": {
                    "on_hit": {
                        "impact_damage": {
                            "damage": 6,
                            "knockback": false
                        },
                        "stick_in_ground": {
                        },
                        "definition_event": {
                            "affect_projectile": true,
                            "event_trigger": {
                                "event": "explode",
                                "target": "self"
                            }
                        }
                    },
                    "inertia": 1,
                    "liquid_inertia": 1.1,
                    "power": 2,
                    "gravity": 0.05,
                    "uncertainty_base": 3,
                    "uncertainty_multiplier": 0,
                    "offset": [
                        -0.5,
                        0,
                        0.5
                    ]
                }
            },
            "squid_jurei__": {
                "minecraft:projectile": {
                    "on_hit": {
                        "impact_damage": {
                            "damage": 6,
                            "knockback": false
                        },
                        "stick_in_ground": {
                        },
                        "definition_event": {
                            "affect_projectile": true,
                            "event_trigger": {
                                "event": "explode",
                                "target": "self"
                            }
                        }
                    },
                    "inertia": 1,
                    "liquid_inertia": 1.1,
                    "power": 2,
                    "gravity": 0.05,
                    "uncertainty_base": 3,
                    "uncertainty_multiplier": 0,
                    "offset": [
                        0.5,
                        0,
                        -0.5
                    ]
                }
            },
            "squid_jurei___": {
                "minecraft:projectile": {
                    "on_hit": {
                        "impact_damage": {
                            "damage": 6,
                            "knockback": false
                        },
                        "stick_in_ground": {
                        },
                        "definition_event": {
                            "affect_projectile": true,
                            "event_trigger": {
                                "event": "explode",
                                "target": "self"
                            }
                        }
                    },
                    "inertia": 1,
                    "liquid_inertia": 1.1,
                    "power": 2,
                    "gravity": 0.05,
                    "uncertainty_base": 3,
                    "uncertainty_multiplier": 0,
                    "offset": [
                        -0.5,
                        0,
                        -0.5
                    ]
                }
            },
            "squid_jurei2": {
                "minecraft:projectile": {
                    "on_hit": {
                        "impact_damage": {
                            "damage": 8,
                            "knockback": false
                        },
                        "stick_in_ground": {
                        },
                        "definition_event": {
                            "affect_projectile": true,
                            "event_trigger": {
                                "event": "explode",
                                "target": "self"
                            }
                        }
                    },
                    "inertia": 1,
                    "liquid_inertia": 1.1,
                    "power": 2.5,
                    "gravity": 0.05,
                    "uncertainty_base": 2.5,
                    "uncertainty_multiplier": 0,
                    "offset": [
                        0.5,
                        0,
                        0.5
                    ]
                }
            },
            "squid_jurei2_": {
                "minecraft:projectile": {
                    "on_hit": {
                        "impact_damage": {
                            "damage": 8,
                            "knockback": false
                        },
                        "stick_in_ground": {
                        },
                        "definition_event": {
                            "affect_projectile": true,
                            "event_trigger": {
                                "event": "explode",
                                "target": "self"
                            }
                        }
                    },
                    "inertia": 1,
                    "liquid_inertia": 1.1,
                    "power": 2.5,
                    "gravity": 0.05,
                    "uncertainty_base": 2.5,
                    "uncertainty_multiplier": 0,
                    "offset": [
                        -0.5,
                        0,
                        0.5
                    ]
                }
            },
            "squid_jurei2__": {
                "minecraft:projectile": {
                    "on_hit": {
                        "impact_damage": {
                            "damage": 8,
                            "knockback": false
                        },
                        "stick_in_ground": {
                        },
                        "definition_event": {
                            "affect_projectile": true,
                            "event_trigger": {
                                "event": "explode",
                                "target": "self"
                            }
                        }
                    },
                    "inertia": 1,
                    "liquid_inertia": 1.1,
                    "power": 2.5,
                    "gravity": 0.05,
                    "uncertainty_base": 2.5,
                    "uncertainty_multiplier": 0,
                    "offset": [
                        0.5,
                        0,
                        -0.5
                    ]
                }
            },
            "squid_jurei2___": {
                "minecraft:projectile": {
                    "on_hit": {
                        "impact_damage": {
                            "damage": 8,
                            "knockback": false
                        },
                        "stick_in_ground": {
                        },
                        "definition_event": {
                            "affect_projectile": true,
                            "event_trigger": {
                                "event": "explode",
                                "target": "self"
                            }
                        }
                    },
                    "inertia": 1,
                    "liquid_inertia": 1.1,
                    "power": 2.5,
                    "gravity": 0.05,
                    "uncertainty_base": 2.5,
                    "uncertainty_multiplier": 0,
                    "offset": [
                        -0.5,
                        0,
                        -0.5
                    ]
                }
            },
            "squid_jurei3": {
                "minecraft:projectile": {
                    "on_hit": {
                        "impact_damage": {
                            "damage": 10,
                            "knockback": false
                        },
                        "stick_in_ground": {
                        },
                        "definition_event": {
                            "affect_projectile": true,
                            "event_trigger": {
                                "event": "explode",
                                "target": "self"
                            }
                        }
                    },
                    "inertia": 1,
                    "liquid_inertia": 1.1,
                    "power": 3,
                    "gravity": 0.05,
                    "uncertainty_base": 2,
                    "uncertainty_multiplier": 0,
                    "offset": [
                        0.5,
                        0,
                        0.5
                    ]
                }
            },
            "squid_jurei3_": {
                "minecraft:projectile": {
                    "on_hit": {
                        "impact_damage": {
                            "damage": 10,
                            "knockback": false
                        },
                        "stick_in_ground": {
                        },
                        "definition_event": {
                            "affect_projectile": true,
                            "event_trigger": {
                                "event": "explode",
                                "target": "self"
                            }
                        }
                    },
                    "inertia": 1,
                    "liquid_inertia": 1.1,
                    "power": 3,
                    "gravity": 0.05,
                    "uncertainty_base": 2,
                    "uncertainty_multiplier": 0,
                    "offset": [
                        -0.5,
                        0,
                        0.5
                    ]
                }
            },
            "squid_jurei3__": {
                "minecraft:projectile": {
                    "on_hit": {
                        "impact_damage": {
                            "damage": 10,
                            "knockback": false
                        },
                        "stick_in_ground": {
                        },
                        "definition_event": {
                            "affect_projectile": true,
                            "event_trigger": {
                                "event": "explode",
                                "target": "self"
                            }
                        }
                    },
                    "inertia": 1,
                    "liquid_inertia": 1.1,
                    "power": 3,
                    "gravity": 0.05,
                    "uncertainty_base": 2,
                    "uncertainty_multiplier": 0,
                    "offset": [
                        0.5,
                        0,
                        -0.5
                    ]
                }
            },
            "squid_jurei3___": {
                "minecraft:projectile": {
                    "on_hit": {
                        "impact_damage": {
                            "damage": 10,
                            "knockback": false
                        },
                        "stick_in_ground": {
                        },
                        "definition_event": {
                            "affect_projectile": true,
                            "event_trigger": {
                                "event": "explode",
                                "target": "self"
                            }
                        }
                    },
                    "inertia": 1,
                    "liquid_inertia": 1.1,
                    "power": 3,
                    "gravity": 0.05,
                    "uncertainty_base": 2,
                    "uncertainty_multiplier": 0,
                    "offset": [
                        -0.5,
                        0,
                        -0.5
                    ]
                }
            },
            "squid_jurei4": {
                "minecraft:projectile": {
                    "on_hit": {
                        "impact_damage": {
                            "damage": 12,
                            "knockback": false
                        },
                        "stick_in_ground": {
                        },
                        "definition_event": {
                            "affect_projectile": true,
                            "event_trigger": {
                                "event": "explode",
                                "target": "self"
                            }
                        }
                    },
                    "inertia": 1,
                    "liquid_inertia": 1.1,
                    "power": 3,
                    "gravity": 0.05,
                    "uncertainty_base": 1.5,
                    "uncertainty_multiplier": 0,
                    "offset": [
                        0.5,
                        0,
                        0.5
                    ]
                }
            },
            "squid_jurei4_": {
                "minecraft:projectile": {
                    "on_hit": {
                        "impact_damage": {
                            "damage": 12,
                            "knockback": false
                        },
                        "stick_in_ground": {
                        },
                        "definition_event": {
                            "affect_projectile": true,
                            "event_trigger": {
                                "event": "explode",
                                "target": "self"
                            }
                        }
                    },
                    "inertia": 1,
                    "liquid_inertia": 1.1,
                    "power": 3,
                    "gravity": 0.05,
                    "uncertainty_base": 1.5,
                    "uncertainty_multiplier": 0,
                    "offset": [
                        -0.5,
                        0,
                        0.5
                    ]
                }
            },
            "squid_jurei4__": {
                "minecraft:projectile": {
                    "on_hit": {
                        "impact_damage": {
                            "damage": 12,
                            "knockback": false
                        },
                        "stick_in_ground": {
                        },
                        "definition_event": {
                            "affect_projectile": true,
                            "event_trigger": {
                                "event": "explode",
                                "target": "self"
                            }
                        }
                    },
                    "inertia": 1,
                    "liquid_inertia": 1.1,
                    "power": 3,
                    "gravity": 0.05,
                    "uncertainty_base": 1.5,
                    "uncertainty_multiplier": 0,
                    "offset": [
                        0.5,
                        0,
                        -0.5
                    ]
                }
            },
            "squid_jurei4___": {
                "minecraft:projectile": {
                    "on_hit": {
                        "impact_damage": {
                            "damage": 12,
                            "knockback": false
                        },
                        "stick_in_ground": {
                        },
                        "definition_event": {
                            "affect_projectile": true,
                            "event_trigger": {
                                "event": "explode",
                                "target": "self"
                            }
                        }
                    },
                    "inertia": 1,
                    "liquid_inertia": 1.1,
                    "power": 3,
                    "gravity": 0.05,
                    "uncertainty_base": 1.5,
                    "uncertainty_multiplier": 0,
                    "offset": [
                        -0.5,
                        0,
                        -0.5
                    ]
                }
            },
            "geto_squid_jurei": {
                "minecraft:projectile": {
                    "on_hit": {
                        "impact_damage": {
                            "damage": 6,
                            "knockback": false
                        },
                        "stick_in_ground": {
                        },
                        "definition_event": {
                            "affect_projectile": true,
                            "event_trigger": {
                                "event": "explode",
                                "target": "self"
                            }
                        }
                    },
                    "inertia": 1,
                    "liquid_inertia": 1.1,
                    "power": 2,
                    "gravity": 0.05,
                    "uncertainty_base": 3,
                    "uncertainty_multiplier": 0,
                    "offset": [
                        0.5,
                        1.5,
                        0.5
                    ]
                }
            },
            "geto_squid_jurei_": {
                "minecraft:projectile": {
                    "on_hit": {
                        "impact_damage": {
                            "damage": 6,
                            "knockback": false
                        },
                        "stick_in_ground": {
                        },
                        "definition_event": {
                            "affect_projectile": true,
                            "event_trigger": {
                                "event": "explode",
                                "target": "self"
                            }
                        }
                    },
                    "inertia": 1,
                    "liquid_inertia": 1.1,
                    "power": 2,
                    "gravity": 0.05,
                    "uncertainty_base": 3,
                    "uncertainty_multiplier": 0,
                    "offset": [
                        -0.5,
                        1.5,
                        0.5
                    ]
                }
            },
            "geto_squid_jurei__": {
                "minecraft:projectile": {
                    "on_hit": {
                        "impact_damage": {
                            "damage": 6,
                            "knockback": false
                        },
                        "stick_in_ground": {
                        },
                        "definition_event": {
                            "affect_projectile": true,
                            "event_trigger": {
                                "event": "explode",
                                "target": "self"
                            }
                        }
                    },
                    "inertia": 1,
                    "liquid_inertia": 1.1,
                    "power": 2,
                    "gravity": 0.05,
                    "uncertainty_base": 3,
                    "uncertainty_multiplier": 0,
                    "offset": [
                        0.5,
                        1.5,
                        -0.5
                    ]
                }
            },
            "geto_squid_jurei___": {
                "minecraft:projectile": {
                    "on_hit": {
                        "impact_damage": {
                            "damage": 6,
                            "knockback": false
                        },
                        "stick_in_ground": {
                        },
                        "definition_event": {
                            "affect_projectile": true,
                            "event_trigger": {
                                "event": "explode",
                                "target": "self"
                            }
                        }
                    },
                    "inertia": 1,
                    "liquid_inertia": 1.1,
                    "power": 2,
                    "gravity": 0.05,
                    "uncertainty_base": 3,
                    "uncertainty_multiplier": 0,
                    "offset": [
                        -0.5,
                        1.5,
                        -0.5
                    ]
                }
            },
            "explode": {
                "minecraft:timer": {
                    "looping": true,
                    "time": 0,
                    "time_down_event": {
                        "event": "despawn"
                    }
                }
            },
            "squid_jurei_despawn": {
                "minecraft:timer": {
                    "looping": true,
                    "time": 0,
                    "time_down_event": {
                        "event": "despawn"
                    }
                }
            },
            "despawn": {
                "minecraft:instant_despawn": {
                    "remove_child_entities": true
                }
            }
        },
        "components": {
            "minecraft:type_family": {
                "family": [
                    "jujutsu_kaisen",
                    "stop",
                    "projectile",
                    "squid_jurei"
                ]
            },
            "minecraft:fire_immune": {
            },
            "minecraft:timer": {
                "looping": true,
                "time": 1,
                "time_down_event": {
                    "event": "squid_jurei_despawn"
                }
            },
            "minecraft:damage_sensor": {
                "triggers": [
                    {
                        "cause": "all",
                        "deals_damage": false
                    }
                ]
            },
            "minecraft:collision_box": {
                "width": 0,
                "height": 0
            },
            "minecraft:physics": {}
        },
        "events": {
            "start": {
                "add": {
                    "component_groups": [
                        "squid_jurei"
                    ]
                }
            },
            "stop": {
                "remove": {
                    "component_groups": [
                        "squid_jurei"
                    ]
                }
            },
            "squid_jurei": {
                "sequence": [
                    {
                        "run_command": {
                            "command": [
                                "scriptevent j:jurei_soujutsu_projectile_set"
                            ]
                        }
                    },
                    {
                    "randomize": [
                        {
                            "weight": 1,
                            "add": {
                                "component_groups": [
                                    "squid_jurei"
                                ]
                            }
                        },
                        {
                            "weight": 1,
                            "add": {
                                "component_groups": [
                                    "squid_jurei_"
                                ]
                            }
                        },
                        {
                            "weight": 1,
                            "add": {
                                "component_groups": [
                                    "squid_jurei__"
                                ]
                            }
                        },
                        {
                            "weight": 1,
                            "add": {
                                "component_groups": [
                                    "squid_jurei___"
                                ]
                            }
                        }
                    ]
                }
                ]
            },
            "squid_jurei2": {
                "sequence": [
                    {
                        "run_command": {
                            "command": [
                                "scriptevent j:jurei_soujutsu_projectile_set"
                            ]
                        }
                    },
                    {
                        "randomize": [
                            {
                                "weight": 1,
                                "add": {
                                    "component_groups": [
                                        "squid_jurei2"
                                    ]
                                }
                            },
                            {
                                "weight": 1,
                                "add": {
                                    "component_groups": [
                                        "squid_jurei2_"
                                    ]
                                }
                            },
                            {
                                "weight": 1,
                                "add": {
                                    "component_groups": [
                                        "squid_jurei2__"
                                    ]
                                }
                            },
                            {
                                "weight": 1,
                                "add": {
                                    "component_groups": [
                                        "squid_jurei2___"
                                    ]
                                }
                            }
                        ]
                    }
                ]
            },
            "squid_jurei3": {
                "sequence": [
                    {
                        "run_command": {
                            "command": [
                                "scriptevent j:jurei_soujutsu_projectile_set"
                            ]
                        }
                    },
                    {
                        "randomize": [
                            {
                                "weight": 1,
                                "add": {
                                    "component_groups": [
                                        "squid_jurei3"
                                    ]
                                }
                            },
                            {
                                "weight": 1,
                                "add": {
                                    "component_groups": [
                                        "squid_jurei3_"
                                    ]
                                }
                            },
                            {
                                "weight": 1,
                                "add": {
                                    "component_groups": [
                                        "squid_jurei3__"
                                    ]
                                }
                            },
                            {
                                "weight": 1,
                                "add": {
                                    "component_groups": [
                                        "squid_jurei3___"
                                    ]
                                }
                            }
                        ]
                    }
                ]
            },
            "squid_jurei4": {
                "sequence": [
                    {
                        "run_command": {
                            "command": [
                                "scriptevent j:jurei_soujutsu_projectile_set"
                            ]
                        }
                    },
                    {
                        "randomize": [
                            {
                                "weight": 1,
                                "add": {
                                    "component_groups": [
                                        "squid_jurei4"
                                    ]
                                }
                            },
                            {
                                "weight": 1,
                                "add": {
                                    "component_groups": [
                                        "squid_jurei4_"
                                    ]
                                }
                            },
                            {
                                "weight": 1,
                                "add": {
                                    "component_groups": [
                                        "squid_jurei4__"
                                    ]
                                }
                            },
                            {
                                "weight": 1,
                                "add": {
                                    "component_groups": [
                                        "squid_jurei4___"
                                    ]
                                }
                            }
                        ]
                    }
                ]
            },
            "geto_squid_jurei": {
                "sequence": [
                    {
                        "run_command": {
                            "command": [
                                "tag @s add mob_attack",
                                "scriptevent j:jurei_soujutsu_projectile_set"
                            ]
                        }
                    },
                    {
                        "randomize": [
                            {
                                "weight": 1,
                                "add": {
                                    "component_groups": [
                                        "geto_squid_jurei"
                                    ]
                                }
                            },
                            {
                                "weight": 1,
                                "add": {
                                    "component_groups": [
                                        "geto_squid_jurei_"
                                    ]
                                }
                            },
                            {
                                "weight": 1,
                                "add": {
                                    "component_groups": [
                                        "geto_squid_jurei__"
                                    ]
                                }
                            },
                            {
                                "weight": 1,
                                "add": {
                                    "component_groups": [
                                        "geto_squid_jurei___"
                                    ]
                                }
                            }
                        ]
                    }
                ]
            },
            "explode": {
                "run_command": {
                    "command": [
                        "particle minecraft:large_explosion",
                        "playsound random.explode @a ~~~"
                    ]
                },
                "add": {
                    "component_groups": [
                        "explode"
                    ]
                }
            },
            "squid_jurei_despawn": {
                "add": {
                    "component_groups": [
                        "squid_jurei_despawn"
                    ]
                }
            },
            "despawn": {
                "add": {
                    "component_groups": [
                        "despawn"
                    ]
                }
            }
        }
    }
}