{
    "format_version": "1.16.0",
    "minecraft:entity": {
        "description": {
            "identifier": "rai:uzumaki",
            "is_spawnable": false,
            "is_summonable": false,
            "is_experimental": false,
            "runtime_identifier" : "minecraft:snowball"
        },
        "component_groups": {
            "uzumaki": {
                "minecraft:projectile": {
                    "on_hit": {
                        "stick_in_ground": {},
                        "definition_event": {
                            "affect_projectile": true,
                            "event_trigger": {
                                "event": "despawn2"
                            }
                        }
                    },
                    "power": 2,
                    "gravity": 0,
                    "liquid_inertia": 1,
                    "inertia": 1,
                    "offset": [
                        0,
                        0,
                        0
                    ]
                }
            },
            "despawn": {
                "minecraft:instant_despawn": {
                }
            },
            "despawn2": {
                "minecraft:timer": {
                    "looping": true,
                    "time": 0.15,
                    "time_down_event": {
                        "event": "despawn"
                    }
                }
            }
        },
        "components": {
            "minecraft:tick_world": {
                "radius": 1
            },
            "minecraft:fire_immune": {
            },
            "minecraft:timer": {
                "looping": true,
                "time": 2,
                "time_down_event": {
                    "event": "despawn2"
                }
            },
            "minecraft:type_family": {
                "family": [
                    "stop",
                    "jujutsu_kaisen",
                    "no_damage_sneaking_attack",
                    "projectile",
                    "projectile2",
                    "projectile3",
                    "tick_despawn",
                    "uzumaki",
                    "damage"
                ]
            },
            "minecraft:damage_sensor": {
                "triggers": [
                    {
                        "cause": "all",
                        "deals_damage": false
                    }
                ]
            },
            "minecraft:knockback_resistance": {
                "value": 1
            },
            "minecraft:collision_box": {
                "width": 0,
                "height": 0
            },
            "minecraft:pushable": {
                "is_pushable": false,
                "is_pushable_by_piston": false
            }
        },
        "events": {
            "start": {
                "add": {
                    "component_groups": [
                        "uzumaki"
                    ]
                }
            },
            "stop": {
                "remove": {
                    "component_groups": [
                        "uzumaki"
                    ]
                }
            },
            "uzumaki": {
                "add": {
                    "component_groups": [
                        "uzumaki"
                    ]
                }
            },
            "despawn2": {
                "run_command": {
                    "command": [
                        "tp @s[tag=!uzumaki_explode] ~~~",
                        "execute as @s[tag=!uzumaki_explode] run scriptevent j:uzumaki_explode",
                        "tag @s add uzumaki_explode"
                    ]
                },
                "add": {
                    "component_groups": [
                        "despawn2"
                    ]
                }
            },
            "despawn": {
                "add": {
                    "component_groups": [
                        "despawn"
                    ]
                }
            }
        }
    }
}