{
    "format_version": "1.19.50",
    "minecraft:entity": {
        "description": {
            "identifier": "rai:uzumaki_object",
            "is_spawnable": false,
            "is_summonable": true,
            "is_experimental": false
        },
        "component_groups": {
            "despawn": {
                "minecraft:instant_despawn": {
                    "remove_child_entities": false
                }
            }
        },
        "components": {
            "minecraft:nameable": {
                "allow_name_tag_renaming": false,
                "always_show": false
            },
            "minecraft:custom_hit_test": {
                "hitboxes": [
                    {
                        "width": 0,
                        "height": 0,
                        "pivot": [
                            0,
                            100,
                            0
                        ]
                    }
                ]
            },
            "minecraft:type_family": {
                "family": [
                    "jujutsu_kaisen",
                    "object",
                    "damage"
                ]
            },
            "minecraft:fire_immune": {
            },
            "minecraft:knockback_resistance": {
                "value": 1
            },
            "minecraft:damage_sensor": {
                "triggers": [
                    {
                        "cause": "all",
                        "deals_damage": false
                    }
                ]
            },
            "minecraft:collision_box": {
                "width": 0,
                "height": 0
            },
            "minecraft:health": {
                "value": 1000,
                "min": 1000
            },
            "minecraft:pushable": {
                "is_pushable": false,
                "is_pushable_by_piston": false
            },
            "minecraft:physics": {
                "has_gravity": false
            }
        },
        "events": {
            "despawn": {
                "add": {
                    "component_groups": [
                        "despawn"
                    ]
                }
            }
        }
    }
}