{
  "format_version": "1.10",
  "minecraft:entity": {
    "description": {
      "identifier": "ic:camerawoman",
      "is_spawnable": true,
      "is_summonable": true,
      "is_experimental": false
    },
    "component_groups": {
    "puncher": {
			 "minecraft:variant": {
          "value": 0
        }
		},
		"pouncer": {
			 "minecraft:variant": {
          "value": 1
        }
        }
					},
    "components": {
      "minecraft:experience_reward": {
        "on_death": "query.last_hit_by_player ? 10 + (query.equipment_count * Math.Random(1,3)) : 0"
      },
      "minecraft:collision_box": {
        "width": 0.6,
        "height": 1.9
      },
      "minecraft:type_family": {
        "family": [ "cameraman", "human", "alliance"]
      },
      "minecraft:breathable": {
        "total_supply": 15,
        "suffocate_time": 0,
        "breathes_water": true
      },
      "minecraft:attack":{
    "damage": 20
      },
      "minecraft:damage_sensor": {
        "triggers": {
          "cause": "all",
          "damage_multiplier" : 0.3
            }
         },
      "minecraft:health": {
        "value": 50,
        "max": 50
      },
      "minecraft:hurt_on_condition": {
        "damage_conditions": [
          {
            "filters": { "test": "in_lava", "subject": "self", "operator": "==", "value": true },
            "cause": "lava",
            "damage_per_tick": 4
          }
        ]
      },
      "minecraft:loot": {
        "table": "loot_tables/entities/robot.json"
      },
      "minecraft:movement": {
        "value": 0.2
      },
      "minecraft:knockback_resistance": {
        "value": 0.8,
        "max": 0.9
      },
        "minecraft:behavior.float": {
        "priority": 0
      },
      "minecraft:navigation.walk": {
      },
      "minecraft:movement.basic": {
      },
      "minecraft:jump.static": {
      },
      "minecraft:can_climb": {
      },
      "minecraft:nameable": {
      },
      "minecraft:follow_range": {
        "value": 64
      },
      "minecraft:shooter": {
        "def": "ic:camerawoman_bullet"
      },
      "minecraft:behavior.ranged_attack": {
        "attack_interval": 0.5,
        "priority" : 4,
        "charge_charged_trigger": 0.0,
        "charge_shoot_trigger": 0.0,
        "speed_multiplier": 1.05,
         "burst_shots": 1,
        "burst_interval": 0.0,
        "attack_radius": 64
      }, 
      "minecraft:behavior.nearest_attackable_target": {
			"priority": 2,
			"within_radius": 64,
			"reselect_targets": false,
			"entity_types": [{
				"filters": {
				  "any_of": [
					{
					  "test": "is_family",
					  "subject": "other",
					  "value": "skibidi"
					}
				  ]
				},
				"max_dist": 64
			  }
			],
			"must_see": true,
			"must_see_forget_duration": 100.0
		  },
      "minecraft:behavior.random_stroll": {
        "priority": 6,
        "speed_multiplier": 0.7
      },
      "minecraft:behavior.look_at_player": {
        "priority": 7,
        "look_distance": 8
      },
      "minecraft:behavior.random_look_around": {
        "priority": 9
      },
      "minecraft:physics": {
      },
      "minecraft:pushable": {
        "is_pushable": true,
        "is_pushable_by_piston": true
      }
    },
    "events": {
        "minecraft:entity_spawned": {
        "sequence": [
        {
            "randomize": [
              {
                "weight": 30,
                "add": {
                  "component_groups": [
                    "pouncer"
                  ]
                }
              },
              {
                "weight": 70,
                "add": {
                  "component_groups": [
                    "puncher"
                  ]
                }
              }
            ]
          }
        ]
      }
    }
  }
}
