{
  "format_version": "1.10",
  "minecraft:entity": {
    "description": {
      "identifier": "ic:cameraman",
      "is_spawnable": true,
      "is_summonable": true,
      "is_experimental": false
    },
    "component_groups": {
    "puncher": {
			 "minecraft:variant": {
          "value": 0
        }
		},
		"pouncer": {
			 "minecraft:variant": {
          "value": 1
        }
        }
					},
    "components": {
      "minecraft:experience_reward": {
        "on_death": "query.last_hit_by_player ? 10 + (query.equipment_count * Math.Random(1,3)) : 0"
      },
      "minecraft:collision_box": {
        "width": 0.6,
        "height": 1.9
      },
      "minecraft:type_family": {
        "family": [ "cameraman", "human", "alliance"]
      },
      "minecraft:breathable": {
        "total_supply": 15,
        "suffocate_time": 0,
        "breathes_water": true
      },
      "minecraft:attack":{
    "damage": 10
      },
      "minecraft:health": {
        "value": 25,
        "max": 25
      },
      "minecraft:hurt_on_condition": {
        "damage_conditions": [
          {
            "filters": { "test": "in_lava", "subject": "self", "operator": "==", "value": true },
            "cause": "lava",
            "damage_per_tick": 4
          }
        ]
      },
      "minecraft:loot": {
        "table": "loot_tables/entities/robot.json"
      },
      "minecraft:movement": {
        "value": 0.25
      },
      "minecraft:knockback_resistance": {
        "value": 0.7,
        "max": 0.9
      },
        "minecraft:behavior.float": {
        "priority": 0
      },
      "minecraft:navigation.walk": {
      },
      "minecraft:movement.basic": {
      },
      "minecraft:jump.static": {
      },
      "minecraft:can_climb": {
      },
      "minecraft:nameable": {
      },
      "minecraft:follow_range": {
        "value": 48
      },
      "minecraft:behavior.stalk_and_pounce_on_target":{
    "priority": 3,
    "stalk_speed": 1.2,
    "max_stalk_dist": 12.0,
    "leap_height": 0.4,
    "leap_dist": 1.5,
    "pounce_max_dist": 7.0,
    "interest_time": 0.1,
    "stuck_time": 0.0,
    "strike_dist": 2.0
     },
     "minecraft:behavior.delayed_attack": {
    "priority": 4,
    "attack_duration": 0.8,
    "cooldown_time": 0.1,
    "track_target": true,
    "reach_multiplier": 2.4,
    "speed_multiplier": 1.3,
    "hit_delay_pct": 0.5
     },
      "minecraft:behavior.nearest_attackable_target": {
			"priority": 2,
			"within_radius": 48,
			"reselect_targets": false,
			"entity_types": [{
				"filters": {
				  "any_of": [
					{
					  "test": "is_family",
					  "subject": "other",
					  "value": "skibidi"
					}
				  ]
				},
				"max_dist": 48
			  }
			],
			"must_see": true,
			"must_see_forget_duration": 100.0
		  },
      "minecraft:behavior.random_stroll": {
        "priority": 6,
        "speed_multiplier": 0.7
      },
      "minecraft:behavior.look_at_player": {
        "priority": 7,
        "look_distance": 8
      },
      "minecraft:behavior.random_look_around": {
        "priority": 9
      },
      "minecraft:physics": {
      },
      "minecraft:pushable": {
        "is_pushable": true,
        "is_pushable_by_piston": true
      }
    },
    "events": {
        "minecraft:entity_spawned": {
        "sequence": [
        {
            "randomize": [
              {
                "weight": 30,
                "add": {
                  "component_groups": [
                    "pouncer"
                  ]
                }
              },
              {
                "weight": 70,
                "add": {
                  "component_groups": [
                    "puncher"
                  ]
                }
              }
            ]
          }
        ]
      }
    }
  }
}
