{
  "format_version": "1.16.100",
  "minecraft:entity": {
    "description": {
      "identifier": "ic:g_toilet_3",
      "is_spawnable": true,
      "is_summonable": true,
      "is_experimental": false,
      "scripts": {
				"animate": [
		{"retreat" : "query.health <= 100"}
		]
			},
			"animations": {
				"retreat": "animation.retreat"
			} 
    },
    "component_groups": {
    "despawn": {
			"minecraft:instant_despawn": {
				"remove_child_entities":false
			}
		},
    "retreat": {
    "minecraft:variant": {
          "value": 1
        },
			"minecraft:behavior.avoid_mob_type": {
          "priority": 0,
          "entity_types": [{
						"test": "is_family",
						"subject": "other",
						"value":"alliance"
					},
                     {
						"test": "is_family",
						"subject": "other",
						"value":"mob"
					},{
						"test": "is_family",
						"subject": "other",
						"operator": "!=",
						"value":"skibidi"
					}
				  ],
				       "max_dist": 128,
                  "max_flee" : 128,
                  "avoid_target_xz" : 128,
                  "avoid_target_y" : 128,
                  "probability_per_strength" : 0.0,
            "walk_speed_multiplier": 1.8
        },
        "minecraft:timer": {
				"looping": false,
				"randomInterval": true,
				"time": [60,90],
				"time_down_event": {
					"event": "ic:attack"
				}
			}
		}
					},
    "components": {
      "minecraft:type_family": {
        "family": [
        "toilet", 
          "skibidi", 
          "monster"
        ]
      },
      "minecraft:variant": {
                    "value": 0
                },
        "minecraft:damage_sensor": {
        "triggers": {
          "cause": "all",
          "damage_multiplier" : 0.5
         }
      },
        "minecraft:behavior.float": {
        "priority": 0
      },
      "minecraft:nameable": {
        "alwaysShow": false,
        "allowNameTagRenaming": false
      },
      "minecraft:collision_box": {
        "height": 9.0,
        "width": 0.8
      },
      "minecraft:loot": {
        "table": "loot_tables/entities/robot.json"
      },
      "minecraft:health": {
        "value": 2000,
        "max": 2000
      },
      "minecraft:movement": {
        "value": 0.65
      },
      "minecraft:annotation.break_door": {
      },
      "minecraft:navigation.walk": {
      },
      "minecraft:movement.basic": {
      },
      "minecraft:jump.static": {
      },
      "minecraft:can_climb": {
      },
      "minecraft:attack": {
        "damage": 15
      },
      "minecraft:knockback_resistance": {
        "value": 1.0,
        "max": 1.0
      },
      "minecraft:leashable": {
        "soft_distance": 4.0,
        "hard_distance": 6.0,
        "max_distance": 10.0
      },
      "minecraft:balloonable": {},
      "minecraft:shooter": {
        "def": "ic:g_toilet_laser_3"
      },
        "minecraft:behavior.ranged_attack": {
        "attack_interval": 1.0,
        "priority" : 3,
        "charge_charged_trigger": 0.0,
        "charge_shoot_trigger": 0.0,
        "speed_multiplier": 1.05,
         "burst_shots": 1,
        "burst_interval": 0.0,
        "attack_radius": 128
      },
      "minecraft:behavior.random_stroll": {
        "priority": 6,
        "speed_multiplier": 0.9
      },
      "minecraft:behavior.look_at_player": {
        "priority": 7,
        "look_distance": 6.0,
        "probability": 0.02
      },
      "minecraft:boss":{
    "hud_range": 64,
    "name": "§l§eG toilet §f(Phase 3)",
    "should_darken_sky": false
     },
      "minecraft:behavior.nearest_attackable_target": {
			"priority": 5,
			"within_radius": 128,
			"reselect_targets": true,
			"entity_types": [{
				"filters": {
				  "any_of": [
					{
					  "test": "is_family",
					  "subject": "other",
					  "value": "player"
					},
					{
						"test": "is_family",
						"subject": "other",
						"value": "alliance"
					  },{
						"test": "is_family",
						"subject": "other",
						"operator": "!=",
						"value":"skibidi"
					}
				  ]
				},
				"max_dist": 128
			  }
			],
			"must_see": true,
			"must_see_forget_duration": 100.0
		  },
      "minecraft:behavior.hurt_by_target": {
        "priority": 4
      },
      "minecraft:physics": {},
      "minecraft:follow_range": {
        "value": 128
      },
      "minecraft:experience_reward": {
        "on_death": "query.last_hit_by_player ? 10 : 0"
      },
      "minecraft:underwater_movement": {
        "value": 0.1
      },
      "minecraft:pushable": {
        "is_pushable": true,
        "is_pushable_by_piston": true
      },
      "minecraft:scale": {
        "value": 1.8
      },
      "minecraft:behavior.owner_hurt_by_target": {
        "priority": 1
      },
      "minecraft:behavior.owner_hurt_target": {
        "priority": 2
      },
      "minecraft:annotation.break_door": {
        "break_time": 10.0,
        "min_difficulty": "easy"
      },
      "minecraft:on_death": {
        "event": "on:death",
        "target": "self"
      },
      "minecraft:on_hurt": {
        "event": "on:hurt",
        "target": "self"
      },
      "minecraft:on_hurt_by_player": {
        "event": "on:hurt_by_player",
        "target": "self"
      },
      "minecraft:on_ignite": {
        "event": "on:ignite",
        "target": "self"
      },
      "minecraft:on_target_acquired": {
        "event": "on:target_acquired",
        "target": "self"
      },
      "minecraft:on_target_escape": {
        "event": "on:target_escape",
        "target": "self"
      },
      "minecraft:on_wake_with_owner": {
        "event": "on:wake_with_owner",
        "target": "self"
    }
    },
    "events": {
    "minecraft:entity_spawned": {
				"add": {
					"component_groups": ["flush"]
				}
			},
			"ic:despawn": {
        "add": {
          "component_groups": ["despawn"]
        }
      },
			"ic:attack": {
				"remove": {
					"component_groups": ["retreat"]
				},
				"add": {
					"component_groups": ["attack"]
				} 
			},
			"ic:retreat": {
				"add": {
					"component_groups": ["retreat"]
				},
				"remove": {
					"component_groups": ["attack"]
				}
			}, 
      "on:flushed": {
        "add": {
					"component_groups": ["flushed"]
				}
      },
      "on:hurt": {
        "run_command": {
          "command": []
        }
      },
      "on:hurt_by_player": {
        "run_command": {
          "command": []
        }
      },
      "on:ignite": {
        "run_command": {
          "command": []
        }
      },
      "on:target_acquired": {
        "run_command": {
          "command": []
        }
      },
      "on:target_escape": {
        "run_command": {
          "command": []
        }
      },
      "on:wake_with_owner": {
        "run_command": {
          "command": []
        }
    }
  }
 }
}