{
  "format_version": "1.16.100",
  "minecraft:entity": {
    "description": {
      "identifier": "ic:st_scientist",
      "is_spawnable": true,
      "is_summonable": true,
      "is_experimental": false,
      "scripts": {
				"animate": [
		{"retreat" : "query.health <= 10"},
		{"flush" : "query.variant==1"}
		]
			},
			"animations": {
				"retreat": "animation.retreat",
				"flush": "animation.flush" 
			} 
    },
    "component_groups": {
    "despawn": {
			"minecraft:instant_despawn": {
				"remove_child_entities":false
			}
		},
    "flushed": {
                "minecraft:variant": {
                    "value": 1
                }
			},
    "retreat": {
    "minecraft:behavior.melee_attack": {
				"priority": 7,
				"speed_multiplier": 1.1,
				"track_target": true,
				"reach_multiplier": 1.6
			  },
      "minecraft:behavior.move_towards_target": {
        "priority": 8,
        "speed_multiplier": 1.1,
        "within_radius": 64
      },
      "minecraft:behavior.nearest_attackable_target": {
			"priority": 2,
			"within_radius": 64,
			"reselect_targets": true,
			"entity_types": [{
				"filters": {
				  "any_of": [
					{
					  "test": "is_family",
					  "subject": "other",
					  "value": "player"
					},
					{
						"test": "is_family",
						"subject": "other",
						"value": "villager"
					  },
					  {
						"test": "is_family",
						"subject": "other",
						"value": "irongolem"
					  },{
						  "test": "is_family",
						  "subject": "other",
						  "value": "wandering_trader"
					  },{
						  "test": "is_family",
						  "subject": "other",
						  "value":"snowgolem"
					  },{
						"test": "is_family",
						"subject": "other",
						"value":"human"
					},{
						"test": "is_family",
						"subject": "other",
						"operator": "!=",
						"value":"skibidi"
					}
				  ]
				},
				"max_dist": 64
			  }
			],
			"must_see": true,
			"must_see_forget_duration": 1.0
		  },
			"minecraft:behavior.avoid_mob_type": {
          "priority": 0,
          "entity_types": [
					{
					  "test": "is_family",
					  "subject": "other",
					  "value": "player"
					},
					{
						"test": "is_family",
						"subject": "other",
						"value": "villager"
					  },
					  {
						"test": "is_family",
						"subject": "other",
						"value": "irongolem"
					  },{
						  "test": "is_family",
						  "subject": "other",
						  "value": "wandering_trader"
					  },{
						  "test": "is_family",
						  "subject": "other",
						  "value":"snowgolem"
					  },{
						"test": "is_family",
						"subject": "other",
						"value":"human"
					},{
						"test": "is_family",
						"subject": "other",
						"operator": "!=",
						"value":"skibidi"
					}
				  ],
				       "max_dist": 64,
                  "max_flee" : 64,
                  "remove_target" : true,  
            "walk_speed_multiplier": 1.1
        },
        "minecraft:timer": {
				"looping": false,
				"randomInterval": true,
				"time": [70,150],
				"time_down_event": {
					"event": "ic:attack"
				}
			}
		},
		"attack": {
    "minecraft:behavior.delayed_attack": {
    "priority": 3,
    "attack_duration": 0.7,
    "cooldown_time": 0.1,
    "track_target": true,
    "reach_multiplier": 1.4,
    "speed_multiplier": 1.3,
    "hit_delay_pct": 0.25
     },
      "minecraft:behavior.nearest_attackable_target": {
			"priority": 2,
			"within_radius": 64,
			"reselect_targets": true,
			"entity_types": [{
				"filters": {
				  "any_of": [
					{
					  "test": "is_family",
					  "subject": "other",
					  "value": "player"
					},
					{
						"test": "is_family",
						"subject": "other",
						"value": "villager"
					  },
					  {
						"test": "is_family",
						"subject": "other",
						"value": "irongolem"
					  },{
						  "test": "is_family",
						  "subject": "other",
						  "value": "wandering_trader"
					  },{
						  "test": "is_family",
						  "subject": "other",
						  "value":"snowgolem"
					  },{
						"test": "is_family",
						"subject": "other",
						"value":"human"
					},{
						"test": "is_family",
						"subject": "other",
						"operator": "!=",
						"value":"skibidi"
					}
				  ]
				},
				"max_dist": 64
			  }
			],
			"must_see": true,
			"must_see_forget_duration": 1000.0
		  }
		},
		"flush": {
                "minecraft:interact": {
          "interactions": [
            {
              "on_interact": {
                "filters": {
                  "all_of": [
                    {
                      "test": "is_family",
                      "subject": "other",
                      "value": "player"
                    }
                    ]
                   },
                "event": "on:flushed",
              "target": "self"
              },
              "swing": true, 
              "interact_text": "flush"
             }
          ]
        }
			} 
					},
    "components": {
      "minecraft:type_family": {
        "family": [
        "toilet", 
          "skibidi", 
          "monster"
        ]
      },
      "minecraft:variant": {
                    "value": 0
                },
        "minecraft:damage_sensor": {
        "triggers": {
          "cause": "all",
          "damage_multiplier" : 0.5
            }
         },
        "minecraft:behavior.float": {
        "priority": 0
      },
      "minecraft:nameable": {
        "alwaysShow": false,
        "allowNameTagRenaming": false
      },
      "minecraft:collision_box": {
        "height": 2.2,
        "width": 1.2
      },
      "minecraft:loot": {
        "table": "loot_tables/entities/robot.json"
      },
      "minecraft:health": {
        "value": 125,
        "max": 125
      },
      "minecraft:movement": {
        "value": 0.27
      },
      "minecraft:annotation.break_door": {
      },
          "minecraft:navigation.walk": {
      },
      "minecraft:movement.basic": {
      },
      "minecraft:jump.static": {
      },
      "minecraft:can_climb": {
      },
      "minecraft:attack": {
        "damage": 60
      },
      "minecraft:knockback_resistance": {
        "value": 0.5,
        "max": 0.5
      },
      "minecraft:leashable": {
        "soft_distance": 4.0,
        "hard_distance": 6.0,
        "max_distance": 10.0
      },
      "minecraft:balloonable": {},
      "minecraft:behavior.summon_entity":{
    "priority": 2,
    "summon_choices": [
        {
            "min_activation_range": 0.0,
            "max_activation_range": 20.0,
            "cooldown_time": 60.0,
            "weight": 2,
            "cast_duration": 2.0,
            "particle_color": "#000000",
            "sequence": [
              {
                "shape": "circle",
                "target": "self",
                "base_delay": 0.2,
                "num_entities_spawned": 3,
                "entity_type": "ic:st_parasite",
                "summon_cap": 12,
                "summon_cap_radius": 16.0,
                "size": 1.0
              }
            ]
          }
        ]
    },
    "minecraft:behavior.delayed_attack": {
    "priority": 3,
    "attack_duration": 0.7,
    "cooldown_time": 0.1,
    "track_target": true,
    "reach_multiplier": 1.4,
    "speed_multiplier": 1.3,
    "hit_delay_pct": 0.5
     },
      "minecraft:behavior.random_stroll": {
        "priority": 6,
        "speed_multiplier": 0.9
      },
      "minecraft:behavior.look_at_player": {
        "priority": 7,
        "look_distance": 6.0,
        "probability": 0.02
      },
      "minecraft:behavior.nearest_attackable_target": {
			"priority": 2,
			"within_radius": 32,
			"reselect_targets": true,
			"entity_types": [{
				"filters": {
				  "any_of": [
					{
					  "test": "is_family",
					  "subject": "other",
					  "value": "player"
					},
					{
						"test": "is_family",
						"subject": "other",
						"value": "alliance"
					  },{
						"test": "is_family",
						"subject": "other",
						"operator": "!=",
						"value":"skibidi"
					}
				  ]
				},
				"max_dist": 32
			  }
			],
			"must_see": true,
			"must_see_forget_duration": 100.0
		  },
      "minecraft:behavior.hurt_by_target": {
        "priority": 4
      },
      "minecraft:physics": {},
      "minecraft:follow_range": {
        "value": 32
      },
      "minecraft:experience_reward": {
        "on_death": "query.last_hit_by_player ? 10 : 0"
      },
      "minecraft:underwater_movement": {
        "value": 0.1
      },
      "minecraft:scale": {
        "value": 1.4
      },
      "minecraft:behavior.owner_hurt_by_target": {
        "priority": 1
      },
      "minecraft:behavior.owner_hurt_target": {
        "priority": 2
      },
      "minecraft:annotation.break_door": {
        "break_time": 10.0,
        "min_difficulty": "easy"
      },
      "minecraft:on_death": {
        "event": "on:death",
        "target": "self"
      },
      "minecraft:on_hurt": {
        "event": "on:hurt",
        "target": "self"
      },
      "minecraft:on_hurt_by_player": {
        "event": "on:hurt_by_player",
        "target": "self"
      },
      "minecraft:on_ignite": {
        "event": "on:ignite",
        "target": "self"
      },
      "minecraft:on_target_acquired": {
        "event": "on:target_acquired",
        "target": "self"
      },
      "minecraft:on_target_escape": {
        "event": "on:target_escape",
        "target": "self"
      },
      "minecraft:on_wake_with_owner": {
        "event": "on:wake_with_owner",
        "target": "self"
    }
    },
    "events": {
    "minecraft:entity_spawned": {
				"add": {
					"component_groups": []
				}
			},
			"ic:despawn": {
        "add": {
          "component_groups": ["despawn"]
        }
      },
			"ic:attack": {
				"remove": {
					"component_groups": ["retreat"]
				},
				"add": {
					"component_groups": ["attack"]
				} 
			},
			"ic:retreat": {
				"add": {
					"component_groups": ["retreat"]
				},
				"remove": {
					"component_groups": ["attack"]
				}
			}, 
      "on:flushed": {
        "add": {
					"component_groups": ["flushed"]
				}
      },
      "on:hurt": {
        "run_command": {
          "command": []
        }
      },
      "on:hurt_by_player": {
        "run_command": {
          "command": []
        }
      },
      "on:ignite": {
        "run_command": {
          "command": []
        }
      },
      "on:target_acquired": {
        "run_command": {
          "command": []
        }
      },
      "on:target_escape": {
        "run_command": {
          "command": []
        }
      },
      "on:wake_with_owner": {
        "run_command": {
          "command": []
        }
    }
  }
 }
}