{
  "format_version": "1.13.0",
  "minecraft:entity": {
    "description": {
      "identifier": "ic:st_acid",
      "is_spawnable": true,
      "is_summonable": true,
      "is_experimental": false,
      "scripts": {
				"animate": [
		{"flush" : "query.variant==1"}
		]
			},
			"animations": {
				"retreat": "animation.retreat",
				"flush": "animation.flush" 
			} 
    },
    "component_groups": {
    "despawn": {
			"minecraft:instant_despawn": {
				"remove_child_entities":false
			}
		},
    "flushed": {
                "minecraft:variant": {
                    "value": 1
                }
			},
    "retreat": {
    "minecraft:behavior.melee_attack": {
				"priority": 7,
				"speed_multiplier": 1.1,
				"track_target": true,
				"reach_multiplier": 1.6
			  },
      "minecraft:behavior.move_towards_target": {
        "priority": 8,
        "speed_multiplier": 1.1,
        "within_radius": 64
      },
      "minecraft:behavior.nearest_attackable_target": {
			"priority": 2,
			"within_radius": 64,
			"reselect_targets": true,
			"entity_types": [{
				"filters": {
				  "all_of": [{
						"test": "is_family",
						"subject": "other",
						"value":"human"
					},{
						"test": "is_family",
						"subject": "other",
						"operator": "!=",
						"value":"skibidi"
					}
				  ]
				},
				"max_dist": 64
			  }
			],
			"must_see": true,
			"must_see_forget_duration": 1.0
		  },
			"minecraft:behavior.avoid_mob_type": {
          "priority": 0,
          "entity_types": [
					{
					  "test": "is_family",
					  "subject": "other",
					  "value": "player"
					},
					{
						"test": "is_family",
						"subject": "other",
						"value": "villager"
					  },
					  {
						"test": "is_family",
						"subject": "other",
						"value": "irongolem"
					  },{
						  "test": "is_family",
						  "subject": "other",
						  "value": "wandering_trader"
					  },{
						  "test": "is_family",
						  "subject": "other",
						  "value":"snowgolem"
					  },{
						"test": "is_family",
						"subject": "other",
						"value":"alliance"
					},{
						"test": "is_family",
						"subject": "other",
						"operator": "!=",
						"value":"skibidi"
					}
				  ],
				       "max_dist": 64,
                  "max_flee" : 64,
                  "remove_target" : true,  
            "walk_speed_multiplier": 1.1
        },
        "minecraft:timer": {
				"looping": false,
				"randomInterval": true,
				"time": [70,150],
				"time_down_event": {
					"event": "ic:attack"
				}
			}
		},
		"attack": {
    "minecraft:behavior.delayed_attack": {
    "priority": 3,
    "max_dist" : 3.0,
    "attack_duration": 0.7,
    "cooldown_time": 0.0,
    "track_target": true,
    "reach_multiplier": 1.7,
    "speed_multiplier": 1.3,
    "hit_delay_pct": 0.25
     },
      "minecraft:behavior.nearest_attackable_target": {
			"priority": 2,
			"within_radius": 64,
			"reselect_targets": true,
			"entity_types": [{
				"filters": {
				  "any_of": [
					{
					  "test": "is_family",
					  "subject": "other",
					  "value": "player"
					},
					{
						"test": "is_family",
						"subject": "other",
						"value": "villager"
					  },
					  {
						"test": "is_family",
						"subject": "other",
						"value": "irongolem"
					  },{
						  "test": "is_family",
						  "subject": "other",
						  "value": "wandering_trader"
					  },{
						  "test": "is_family",
						  "subject": "other",
						  "value":"snowgolem"
					  },{
						"test": "is_family",
						"subject": "other",
						"value":"human"
					},{
						"test": "is_family",
						"subject": "other",
						"operator": "!=",
						"value":"skibidi"
					}
				  ]
				},
				"max_dist": 64
			  }
			],
			"must_see": true,
			"must_see_forget_duration": 1000.0
		  }
		},
		"flush": {
                "minecraft:interact": {
          "interactions": [
            {
              "on_interact": {
                "filters": {
                  "all_of": [
                    {
                      "test": "is_family",
                      "subject": "other",
                      "value": "player"
                    }
                    ]
                   },
                "event": "on:flushed",
              "target": "self"
              },
              "swing": true, 
              "interact_text": "flush"
             }
          ]
        }
			} 
					},
    "components": {
      "minecraft:experience_reward": {
        "on_death": "query.last_hit_by_player ? 5 + (query.equipment_count * Math.Random(1,3)) : 0"
      },
      "minecraft:collision_box": {
        "width": 0.8,
        "height": 15.0
      },
      "minecraft:type_family": {
        "family": [ "skibidi", "toilet", "monster"]
      },
      "minecraft:health": {
        "value": 400,
        "max": 400
      },
      "minecraft:loot": {
        "table": "loot_tables/entities/robot.json"
      },
      "minecraft:movement": {
        "value": 0.2
      },
      "minecraft:knockback_resistance": {
        "value": 1.0,
        "max": 1.0
      },
      "minecraft:variant": {
                    "value": 0
                },
      "minecraft:navigation.climb": {
        "can_path_over_water": true
      },
      "minecraft:movement.basic": {
      },
      "minecraft:jump.static": {
      },
      "minecraft:can_climb": {
      },
      "minecraft:nameable": {
      },
      "minecraft:shooter": {
        "def": "ic:skibidi_acid"
      },
      "minecraft:behavior.ranged_attack": {
        "attack_interval": 0.2,
        "priority" : 4,
        "charge_charged_trigger": 0.0,
        "charge_shoot_trigger": 0.0,
        "speed_multiplier": 1.05,
         "burst_shots": 1,
        "burst_interval": 0.0,
        "attack_radius": 64
      },
      "minecraft:behavior.nearest_attackable_target": {
			"priority": 2,
			"within_radius": 96,
			"reselect_targets": true,
			"entity_types": [{
				"filters": {
				  "any_of": [
					{
					  "test": "is_family",
					  "subject": "other",
					  "value": "player"
					},
					{
						"test": "is_family",
						"subject": "other",
						"value": "villager"
					  },
					  {
						"test": "is_family",
						"subject": "other",
						"value": "irongolem"
					  },{
						  "test": "is_family",
						  "subject": "other",
						  "value": "wandering_trader"
					  },{
						  "test": "is_family",
						  "subject": "other",
						  "value":"snowgolem"
					  },{
						"test": "is_family",
						"subject": "other",
						"value":"alliance"
					},{
						"test": "is_family",
						"subject": "other",
						"operator": "!=",
						"value":"skibidi"
					}
				  ]
				},
				"max_dist": 96
			  }
			],
			"must_see": true,
			"must_see_forget_duration": 100.0
		  },
		"minecraft:follow_range": {
        "value": 96
      },
      "minecraft:behavior.random_stroll": {
        "priority": 6,
        "speed_multiplier": 0.7
      },
      "minecraft:behavior.look_at_player": {
        "priority": 7,
        "look_distance": 8
      },
      "minecraft:behavior.random_look_around": {
        "priority": 6
      },
      "minecraft:behavior.hurt_by_target": {
        "priority": 4
      },
      "minecraft:physics": {
      },
      "minecraft:pushable": {
        "is_pushable": true,
        "is_pushable_by_piston": true
      }
    },

    "events": {
        "minecraft:entity_spawned": {
				"add": {
					"component_groups": []
				}
			},
			"ic:despawn": {
        "add": {
          "component_groups": ["despawn"]
        }
      },
			"ic:attack": {
				"remove": {
					"component_groups": ["retreat"]
				},
				"add": {
					"component_groups": ["attack"]
				} 
			},
			"ic:retreat": {
				"add": {
					"component_groups": ["retreat"]
				},
				"remove": {
					"component_groups": ["attack"]
				}
			}, 
      "on:flushed": {
        "add": {
					"component_groups": ["flushed"]
				}
      }
    }
  }
}
