{
  "format_version": "1.13.0",
  "minecraft:entity": {
    "description": {
      "identifier": "ic:tvman",
      "is_spawnable": true,
      "is_summonable": true,
      "is_experimental": false
    },
    "components": {
      "minecraft:experience_reward": {
        "on_death": "query.last_hit_by_player ? 5 + (query.equipment_count * Math.Random(1,3)) : 0"
      },
      "minecraft:collision_box": {
        "width": 0.6,
        "height": 1.9
      },
      "minecraft:type_family": {
        "family": [ "tvman", "human", "alliance"]
      },
      "minecraft:health": {
        "value": 40,
        "max": 40
      },
      "minecraft:breathable": {
        "total_supply": 15,
        "suffocate_time": 0,
        "breathes_water": true
      },
      "minecraft:loot": {
        "table": "loot_tables/entities/robot.json"
      },
      "minecraft:movement": {
        "value": 0.2
      },
      "minecraft:knockback_resistance": {
        "value": 0.5,
        "max": 0.5
      },
      "minecraft:variant": {
                    "value": 0
                },
      "minecraft:navigation.walk": {
      },
      "minecraft:behavior.float": {
        "priority": 0
      },
      "minecraft:movement.basic": {
      },
      "minecraft:jump.static": {
      },
      "minecraft:can_climb": {
      },
      "minecraft:nameable": {
      },
      "minecraft:shooter": {
        "def": "ic:tv_light"
      },
      "minecraft:behavior.ranged_attack": {
        "attack_interval": 1.0,
        "priority" : 3,
        "charge_charged_trigger": 0.0,
        "charge_shoot_trigger": 0.0,
        "speed_multiplier": 1.05,
         "burst_shots": 1,
        "burst_interval": 0.0,
        "attack_radius": 16
      },
      "minecraft:behavior.nearest_attackable_target": {
			"priority": 2,
			"within_radius": 16,
			"reselect_targets": true,
			"entity_types": [{
				"filters": {
				  "all_of": [
					{
						"test": "is_family",
						"subject": "other",
						"value":"skibidi"
					},{
						"test": "is_family",
						"subject": "other",
						"operator": "!=",
						"value":"alliance"
					}
				  ]
				},
				"max_dist": 16
			  }
			],
			"must_see": true,
			"must_see_forget_duration": 100.0
		  },
		"minecraft:follow_range": {
        "value": 16
      },
      "minecraft:scale": {
        "value": 1.0
      },
      "minecraft:behavior.random_stroll": {
        "priority": 6,
        "speed_multiplier": 0.7
      },
      "minecraft:behavior.look_at_player": {
        "priority": 7,
        "look_distance": 8
      },
      "minecraft:behavior.random_look_around": {
        "priority": 6
      },
      "minecraft:physics" : {
      },
      "minecraft:pushable": {
        "is_pushable": true,
        "is_pushable_by_piston": true
      }
    },

    "events": {
        "minecraft:entity_spawned": {
				"add": {
					"component_groups": ["flush"]
				}
			},
			"ic:despawn": {
        "add": {
          "component_groups": ["despawn"]
        }
      },
			"ic:attack": {
				"remove": {
					"component_groups": ["retreat"]
				},
				"add": {
					"component_groups": ["attack"]
				} 
			},
			"ic:retreat": {
				"add": {
					"component_groups": ["retreat"]
				},
				"remove": {
					"component_groups": ["attack"]
				}
			}
    }
  }
}
