{
  "format_version": "1.10",
  "minecraft:entity": {
    "description": {
      "identifier": "ic:titan_tvman",
      "is_spawnable": true,
      "is_summonable": true,
      "is_experimental": false,
      "scripts": {
				"animate": [
		  {"retreat" : "query.health <= 75"},
		{"shield" : "query.health <= 500"}
		]
			},
			"animations": {
				"retreat": "animation.titan.retreat",
				"shield": "animation.shield_equip"
			}  
    },
    "component_groups": {
    "retreat": {
    "minecraft:variant": {
          "value": 0
        },
        "minecraft:damage_sensor": {
        "triggers": {
          "cause": "all",
          "damage_multiplier" : 0.1
            }
         },
			"minecraft:behavior.avoid_mob_type": {
          "priority": 0,
          "entity_types": [{
						"test": "is_family",
						"subject": "other",
						"value":"skibidi"
					},
                     {
						"test": "is_family",
						"subject": "other",
						"value":"mob"
					},{
						"test": "is_family",
						"subject": "other",
						"operator": "!=",
						"value":"alliance"
					}
				  ],
				       "max_dist": 128,
                  "max_flee" : 128,
                  "avoid_target_xz" : 128,
                  "avoid_target_y" : 128,
                  "probability_per_strength" : 0.0,
            "walk_speed_multiplier": 1.8
        },
        "minecraft:timer": {
				"looping": false,
				"randomInterval": true,
				"time": [60,90],
				"time_down_event": {
					"event": "ic:attack"
				}
			}
		},
    "screen_light": {
			 "minecraft:variant": {
          "value": 0
        },
        "minecraft:shooter": {
        "def": "ic:titan_tv_light"
      },
        "minecraft:behavior.ranged_attack": {
        "attack_interval": 0.5,
        "priority" : 3,
        "charge_charged_trigger": 0.0,
        "charge_shoot_trigger": 0.0,
        "speed_multiplier": 1.05,
         "burst_shots": 1,
        "burst_interval": 0.0,
        "attack_radius": 96
      },
      "minecraft:timer":{
    "looping": false,
    "randomInterval":true,
    "time": [15, 20],
    "time_down_event": {
        "event":"ic:screen_atk_off"
             }
          } 
		},
		"screen_light_off": {
			 "minecraft:timer":{
    "looping": false,
    "randomInterval":true,
    "time": [5, 10],
    "time_down_event": {
        "event":"ic:screen_atk_on"
             }
          }
       },
       "claw_stab": {
			 "minecraft:variant": {
          "value": 1
        },
       "minecraft:attack":{
    "damage": 500
      },
      "minecraft:behavior.delayed_attack": {
    "priority": 5,
    "attack_duration": 1.4,
    "cooldown_time": 0.3,
    "track_target": true,
    "reach_multiplier": 4.0,
    "speed_multiplier": 1.1,
    "hit_delay_pct": 0.4
     },
      "minecraft:timer":{
    "looping": false,
    "randomInterval":true,
    "time": [10, 15],
    "time_down_event": {
        "event":"ic:claw_stab_off"
             }
          } 
		},
		"claw_stab_off": {
		"minecraft:variant": {
          "value": 0
        },
       "minecraft:attack":{
    "damage": 200
      },
		"minecraft:behavior.delayed_attack": {
    "priority": 5,
    "attack_duration": 1.4,
    "cooldown_time": 0.3,
    "track_target": true,
    "reach_multiplier": 3.0,
    "speed_multiplier": 1.1,
    "hit_delay_pct": 0.85
     },
			 "minecraft:timer":{
    "looping": false,
    "randomInterval":true,
    "time": [10, 15],
    "time_down_event": {
        "event":"ic:screen_atk_on"
             }
          }
       }, 
       "shield_equip": {
       "minecraft:variant": {
          "value": 0
        },
			 "minecraft:damage_sensor": {
        "triggers": {
          "cause": "all",
          "damage_multiplier" : 0.5
            }
         }
       } 
					},
    "components": {
      "minecraft:experience_reward": {
        "on_death": "query.last_hit_by_player ? 10 + (query.equipment_count * Math.Random(1,3)) : 0"
      },
      "minecraft:collision_box": {
        "width": 0.9,
        "height": 10.0
      },
      "minecraft:variant": {
          "value": 0
        },
      "minecraft:type_family": {
        "family": [ "tvman", "human", "titan", "alliance"]
      },
      "minecraft:breathable": {
        "total_supply": 30,
        "suffocate_time": 0,
        "breathes_water": true
      },
      "minecraft:attack":{
    "damage": 200
      },
      "minecraft:health": {
        "value": 1250,
        "max": 1250
      },
      "minecraft:boss":{
    "hud_range": 64,
    "name": "§l§fTitan §5Tvman",
    "should_darken_sky": true
     },
      "minecraft:hurt_on_condition": {
        "damage_conditions": [
          {
            "filters": { "test": "in_lava", "subject": "self", "operator": "==", "value": true },
            "cause": "lava",
            "damage_per_tick": 4
          }
        ]
      },
      "minecraft:loot": {
        "table": "loot_tables/entities/robot.json"
      },
      "minecraft:movement": {
        "value": 0.4
      },
      "minecraft:knockback_resistance": {
        "value": 1.0,
        "max": 1.0
      },
        "minecraft:behavior.float": {
        "priority": 0
      },
      "minecraft:navigation.walk": {
      },
      "minecraft:movement.basic": {
      },
      "minecraft:jump.static": {
      },
      "minecraft:can_climb": {
      },
      "minecraft:nameable": {
      },
      "minecraft:follow_range": {
        "value": 64
      },
      "minecraft:behavior.nearest_attackable_target": {
			"priority": 7,
			"within_radius": 64,
			"reselect_targets": false,
			"entity_types": [{
				"filters": {
				  "any_of": [
					{
					  "test": "is_family",
					  "subject": "other",
					  "value": "skibidi"
					}
				  ]
				},
				"max_dist": 64
			  }
			],
			"must_see": true,
			"must_see_forget_duration": 100.0
		  },
      "minecraft:behavior.random_stroll": {
        "priority": 6,
        "speed_multiplier": 0.7
      },
      "minecraft:scale": {
        "value": 1.8
      },
      "minecraft:behavior.look_at_player": {
        "priority": 7,
        "look_distance": 8
      },
      "minecraft:behavior.random_look_around": {
        "priority": 9
      },
      "minecraft:physics": {
      },
      "minecraft:pushable": {
        "is_pushable": false,
        "is_pushable_by_piston": true
      }
    },
    "events": {
    "minecraft:entity_spawned": {
        "add": {
          "component_groups": ["claw_stab_off"]
        }
      },
    "ic:screen_atk_on": {
        "add": {
          "component_groups": ["screen_light"]
        },
        "remove": {
          "component_groups": ["claw_stab_off"]
        }
      },
      "ic:claw_stab_on": {
        "add": {
          "component_groups": ["claw_stab"]
        },
        "remove": {
          "component_groups": ["claw_stab_off"]
        }
      },
      "ic:attack": {
        "remove": {
          "component_groups": ["retreat"]
        }
      },
      "ic:screen_atk_off": {
        "add": {
          "component_groups": ["claw_stab"]
        },
        "remove": {
          "component_groups": ["screen_light"]
        } 
      },
      "ic:claw_stab_off": {
        "add": {
          "component_groups": ["claw_stab_off"]
        },
        "remove": {
          "component_groups": ["claw_stab"]
        }
      },
      "ic:shield_equipped": {
        "add": {
          "component_groups": ["shield_equip"]
        }
      },
      "ic:retreat": {
        "add": {
          "component_groups": ["retreat"]
        }
      },
        "ic:shoot_fire": {
        "sequence": [
        {
            "randomize": [
              {
                "weight": 30,
                "add": {
                  "component_groups": [
                    "pouncer"
                  ]
                }
              },
              {
                "weight": 70,
                "add": {
                  "component_groups": [
                    "puncher"
                  ]
                }
              }
            ]
          }
        ]
      }
    }
  }
}
