{
  "format_version": "1.12.0",
  "minecraft:geometry": [
    {
      "description": {
        "identifier": "geometry.evoker.v1.8",
        "texture_width": 128,
        "texture_height": 128,
        "visible_bounds_width": 4,
        "visible_bounds_height": 4,
        "visible_bounds_offset": [
          0,
          1,
          0
        ]
      },
      "bones": [
        {
          "name": "body",
          "pivot": [
            0,
            24,
            0
          ],
          "cubes": [
            {
              "origin": [
                -4.0,
                19.0,
                -3.0
              ],
              "size": [
                8.0,
                5.0,
                4.0
              ],
              "uv": [
                30,
                43
              ],
              "inflate": 0
            },
            {
              "origin": [
                -0.5,
                18.0,
                -3.0
              ],
              "size": [
                1.0,
                1.0,
                1.0
              ],
              "uv": [
                0,
                14
              ],
              "inflate": 0
            },
            {
              "origin": [
                -0.5,
                16.0,
                -3.0
              ],
              "size": [
                1.0,
                1.0,
                1.0
              ],
              "uv": [
                0,
                12
              ],
              "inflate": 0
            },
            {
              "origin": [
                -1.0,
                25.0,
                -1.0
              ],
              "size": [
                2.0,
                2.0,
                2.0
              ],
              "uv": [
                0,
                24
              ],
              "inflate": 0
            },
            {
              "origin": [
                -5.0,
                24.0,
                -5.0
              ],
              "size": [
                10.0,
                1.0,
                8.0
              ],
              "uv": [
                30,
                0
              ],
              "inflate": 0
            },
            {
              "origin": [
                -2.5,
                15.0,
                -2.0
              ],
              "size": [
                5.0,
                5.0,
                3.0
              ],
              "uv": [
                48,
                35
              ],
              "inflate": 0
            }
          ]
        },
        {
          "name": "head",
          "pivot": [
            0,
            26,
            0
          ],
          "cubes": [
            {
              "origin": [
                -4.0,
                26.0,
                -4.0
              ],
              "size": [
                8.0,
                8.0,
                7.0
              ],
              "uv": [
                0,
                34
              ],
              "inflate": 0
            },
            {
              "origin": [
                -5.5,
                28.0,
                -1.0
              ],
              "size": [
                11.0,
                3.0,
                1.0
              ],
              "uv": [
                40,
                21
              ],
              "inflate": 0
            },
            {
              "origin": [
                -1.0,
                28.0,
                -6.0
              ],
              "size": [
                2.0,
                2.0,
                2.0
              ],
              "uv": [
                0,
                16
              ],
              "inflate": 0
            }
          ],
          "parent": "body",
          "rotation": [
            7.5,
            0,
            0
          ]
        },
        {
          "name": "Cabelo",
          "pivot": [
            -4,
            26,
            0
          ],
          "cubes": [
            {
              "origin": [
                -6.0,
                28.0,
                4.0
              ],
              "size": [
                4.0,
                8.0,
                4.0
              ],
              "pivot": [
                -4.0,
                32.0,
                4.0
              ],
              "rotation": [
                30.0,
                0.0,
                0.0
              ],
              "uv": [
                22,
                52
              ],
              "inflate": 0
            },
            {
              "origin": [
                -5.5,
                25.4641,
                5.80385
              ],
              "size": [
                3.0,
                5.0,
                4.0
              ],
              "pivot": [
                -4.0,
                28.0,
                10.0
              ],
              "rotation": [
                7.5,
                0.0,
                0.0
              ],
              "uv": [
                54,
                25
              ],
              "inflate": 0
            },
            {
              "origin": [
                -5.0,
                20.16883,
                5.30884
              ],
              "size": [
                2.0,
                6.0,
                3.0
              ],
              "pivot": [
                -4.0,
                24.0,
                8.0
              ],
              "rotation": [
                -42.5,
                0.0,
                0.0
              ],
              "uv": [
                0,
                0
              ],
              "inflate": 0
            },
            {
              "origin": [
                -4.0,
                16.16883,
                5.30884
              ],
              "size": [
                0.0,
                8.0,
                9.0
              ],
              "pivot": [
                4.0,
                24.0,
                8.0
              ],
              "rotation": [
                -42.5,
                0.0,
                0.0
              ],
              "uv": [
                30,
                26
              ],
              "inflate": 0
            }
          ],
          "parent": "head",
          "rotation": [
            0,
            -25,
            0
          ]
        },
        {
          "name": "Cabelo2",
          "pivot": [
            4,
            26,
            0
          ],
          "cubes": [
            {
              "origin": [
                2.0,
                28.0,
                4.0
              ],
              "size": [
                4.0,
                8.0,
                4.0
              ],
              "pivot": [
                4.0,
                32.0,
                4.0
              ],
              "rotation": [
                30.0,
                0.0,
                0.0
              ],
              "uv": [
                22,
                52
              ],
              "inflate": 0
            },
            {
              "origin": [
                2.5,
                25.4641,
                5.80385
              ],
              "size": [
                3.0,
                5.0,
                4.0
              ],
              "pivot": [
                4.0,
                28.0,
                10.0
              ],
              "rotation": [
                7.5,
                0.0,
                0.0
              ],
              "uv": [
                54,
                25
              ],
              "inflate": 0
            },
            {
              "origin": [
                3.0,
                20.16883,
                5.30884
              ],
              "size": [
                2.0,
                6.0,
                3.0
              ],
              "pivot": [
                4.0,
                24.0,
                8.0
              ],
              "rotation": [
                -42.5,
                0.0,
                0.0
              ],
              "uv": [
                0,
                0
              ],
              "inflate": 0
            },
            {
              "origin": [
                4.0,
                16.16883,
                5.30884
              ],
              "size": [
                0.0,
                8.0,
                9.0
              ],
              "pivot": [
                4.0,
                24.0,
                8.0
              ],
              "rotation": [
                -42.5,
                0.0,
                0.0
              ],
              "uv": [
                30,
                26
              ],
              "inflate": 0
            }
          ],
          "parent": "head",
          "rotation": [
            0,
            25,
            0
          ]
        },
        {
          "name": "arms",
          "pivot": [
            0,
            22,
            0
          ],
          "cubes": [
            {
              "origin": [
                -7.0,
                12.0,
                -2.0
              ],
              "size": [
                3.0,
                12.0,
                3.0
              ],
              "uv": [
                50,
                55
              ],
              "inflate": 0
            },
            {
              "origin": [
                4.0,
                12.0,
                -2.0
              ],
              "size": [
                3.0,
                12.0,
                3.0
              ],
              "uv": [
                50,
                55
              ],
              "inflate": 0
            }
          ],
          "parent": "body"
        },
        {
          "name": "leg0",
          "pivot": [
            -2,
            12,
            0
          ],
          "cubes": [
            {
              "origin": [
                -4.0,
                0.0,
                -2.0
              ],
              "size": [
                3.5,
                12.0,
                3.0
              ],
              "uv": [
                12,
                61
              ],
              "inflate": 0
            },
            {
              "origin": [
                -4.0,
                0.0,
                -5.0
              ],
              "size": [
                3.5,
                1.0,
                3.0
              ],
              "uv": [
                64,
                21
              ],
              "inflate": 0
            },
            {
              "origin": [
                -3.0,
                1.0,
                -4.0
              ],
              "size": [
                1.5,
                1.0,
                2.0
              ],
              "uv": [
                27,
                27
              ],
              "inflate": 0
            },
            {
              "origin": [
                -3.0,
                0.0,
                -6.0
              ],
              "size": [
                1.5,
                1.0,
                1.0
              ],
              "pivot": [
                0.0,
                0.0,
                -5.0
              ],
              "rotation": [
                -25.0,
                0.0,
                0.0
              ],
              "uv": [
                0,
                20
              ],
              "inflate": 0
            }
          ],
          "parent": "body"
        },
        {
          "name": "leg1",
          "pivot": [
            2,
            12,
            0
          ],
          "cubes": [
            {
              "origin": [
                0.5,
                0.0,
                -2.0
              ],
              "size": [
                3.5,
                12.0,
                3.0
              ],
              "uv": [
                12,
                61
              ],
              "inflate": 0,
              "mirror": false
            },
            {
              "origin": [
                0.5,
                0.0,
                -5.0
              ],
              "size": [
                3.5,
                1.0,
                3.0
              ],
              "uv": [
                61,
                34
              ],
              "inflate": 0,
              "mirror": false
            },
            {
              "origin": [
                1.5,
                1.0,
                -4.0
              ],
              "size": [
                1.5,
                1.0,
                2.0
              ],
              "uv": [
                27,
                24
              ],
              "inflate": 0,
              "mirror": false
            },
            {
              "origin": [
                1.5,
                0.0,
                -6.0
              ],
              "size": [
                1.5,
                1.0,
                1.0
              ],
              "pivot": [
                0.0,
                0.0,
                -5.0
              ],
              "rotation": [
                -25.0,
                0.0,
                0.0
              ],
              "uv": [
                4,
                20
              ],
              "inflate": 0,
              "mirror": false
            }
          ],
          "parent": "body",
          "mirror": true
        },
        {
          "name": "RightArm",
          "pivot": [
            -5,
            22,
            0
          ],
          "cubes": [
            {
              "origin": [
                -7.0,
                12.0,
                -2.0
              ],
              "size": [
                3.0,
                12.0,
                3.0
              ],
              "uv": [
                50,
                55
              ],
              "inflate": 0
            }
          ],
          "parent": "body"
        },
        {
          "name": "LeftArm",
          "pivot": [
            5,
            22,
            0
          ],
          "cubes": [
            {
              "origin": [
                4.0,
                12.0,
                -2.0
              ],
              "size": [
                3.0,
                12.0,
                3.0
              ],
              "uv": [
                50,
                55
              ],
              "inflate": 0,
              "mirror": false
            }
          ],
          "parent": "body",
          "mirror": true
        },
        {
          "name": "Saia",
          "pivot": [
            0,
            14,
            0
          ],
          "cubes": [
            {
              "origin": [
                -5.5,
                12.0,
                -5.5
              ],
              "size": [
                10.0,
                2.0,
                10.0
              ],
              "pivot": [
                0.0,
                1.0,
                0.0
              ],
              "rotation": [
                0.0,
                -45.0,
                0.0
              ],
              "uv": [
                0,
                0
              ],
              "inflate": 0
            },
            {
              "origin": [
                -5.0,
                12.0,
                -5.5
              ],
              "size": [
                10.0,
                2.0,
                10.0
              ],
              "uv": [
                0,
                12
              ],
              "inflate": 0
            },
            {
              "origin": [
                -5.0,
                14.0,
                -5.0
              ],
              "size": [
                9.0,
                1.0,
                9.0
              ],
              "pivot": [
                0.0,
                1.0,
                0.0
              ],
              "rotation": [
                0.0,
                -45.0,
                0.0
              ],
              "uv": [
                27,
                25
              ],
              "inflate": 0
            },
            {
              "origin": [
                -4.5,
                14.0,
                -5.0
              ],
              "size": [
                9.0,
                1.0,
                9.0
              ],
              "uv": [
                0,
                24
              ],
              "inflate": 0
            },
            {
              "origin": [
                -4.0,
                13.0,
                -3.5
              ],
              "size": [
                8.0,
                3.0,
                6.0
              ],
              "uv": [
                30,
                12
              ],
              "inflate": 0
            }
          ],
          "parent": "body",
          "rotation": [
            12.5,
            0,
            0
          ]
        },
        {
          "name": "Peitos",
          "pivot": [
            0,
            21,
            -2
          ],
          "cubes": [
            {
              "origin": [
                -4.5,
                18.5,
                -6.5
              ],
              "size": [
                5.0,
                3.0,
                6.0
              ],
              "uv": [
                0,
                49
              ],
              "inflate": 0
            },
            {
              "origin": [
                -4.0,
                19.5,
                -5.5
              ],
              "size": [
                4.0,
                3.0,
                3.0
              ],
              "pivot": [
                -2.0,
                22.0,
                -4.0
              ],
              "rotation": [
                0.0,
                0.0,
                -5.0
              ],
              "uv": [
                61,
                40
              ],
              "inflate": 0
            },
            {
              "origin": [
                -3.0,
                23.3,
                -5.1
              ],
              "size": [
                1.0,
                0.0,
                4.0
              ],
              "pivot": [
                0.0,
                22.0,
                -4.0
              ],
              "rotation": [
                32.5,
                0.0,
                0.0
              ],
              "uv": [
                2,
                12
              ],
              "inflate": 0
            }
          ],
          "rotation": [
            15,
            0,
            0
          ]
        },
        {
          "name": "Peitos2",
          "pivot": [
            0,
            24,
            0
          ],
          "cubes": [
            {
              "origin": [
                -0.5,
                18.5,
                -6.5
              ],
              "size": [
                5.0,
                3.0,
                6.0
              ],
              "uv": [
                48,
                46
              ],
              "inflate": 0
            },
            {
              "origin": [
                0.0,
                19.5,
                -5.5
              ],
              "size": [
                4.0,
                3.0,
                3.0
              ],
              "pivot": [
                2.0,
                22.0,
                -4.0
              ],
              "rotation": [
                0.0,
                0.0,
                5.0
              ],
              "uv": [
                58,
                0
              ],
              "inflate": 0
            },
            {
              "origin": [
                2.0,
                23.3,
                -5.1
              ],
              "size": [
                1.0,
                0.0,
                4.0
              ],
              "pivot": [
                0.0,
                22.0,
                -4.0
              ],
              "rotation": [
                32.5,
                0.0,
                0.0
              ],
              "uv": [
                0,
                12
              ],
              "inflate": 0
            }
          ],
          "parent": "Peitos"
        }
      ]
    }
  ]
}