{
  "format_version": "1.16.100",
  "minecraft:block": {
    "description": {
      "identifier": "loled:colision"
    },
    "components": {
      "minecraft:material_instances": {
        "*": {
          "texture": "colisao",
          "render_method": "blend"
        }
      },
      "minecraft:loot": "loot_tables/random/nothing.json",
      "minecraft:unit_cube": {},
      "minecraft:destroy_time": 2,
      "minecraft:block_light_absorption": 0,
      "minecraft:placement_filter": {
        "conditions": [
          {
            "allowed_faces": [
              "up"
            ],
            "block_filter": [
              "loled:bedroom_wardrobe",
              "loled:kitchen_fridge",
              "loled:setup_arcade",
              "loled:beach_umbrella",
              "loled:setup_camera_cinema",
              "loled:gas_pump",
              "loled:vending_machine"
            ]
          }
        ]
      },
      "minecraft:on_player_destroyed": {
        "event": "loled:air"
      },
      "minecraft:unwalkable": true,
      "minecraft:entity_collision": {
        "origin": [
          -8,
          0,
          -8
        ],
        "size": [
          16,
          16,
          16
        ]
      },
      "minecraft:pick_collision": {
        "origin": [
          -8,
          0,
          -8
        ],
        "size": [
          16,
          16,
          16
        ]
      }
    },
    "events": {
      "loled:air": {
        "run_command": {
          "command": "setblock ~~-1~ air 0 destroy"
        }
      }
    }
  }
}