{"format_version":"1.16.0","minecraft:block":{"description":{"identifier":"block:collision_block.east"},"components":{"minecraft:material_instances":{"*":{"texture":"colisao","render_method":"blend"}},"tag:collision":{},"minecraft:pick_collision":{"origin":[-8,0,-8],"size":[3,16,16]},"minecraft:entity_collision":{"origin":[-8,0,-8],"size":[3,16,16]},"minecraft:loot":"loot_tables/empty.json","minecraft:unit_cube":{},"minecraft:destroy_time":2,"minecraft:on_player_destroyed":{"event":"destroy_door"},"minecraft:flammable":{"flame_odds":0,"burn_odds":0},"minecraft:placement_filter":{"conditions":[{"block_filter":[{"tags":"query.any_tag('door')"}],"allowed_faces":["up"]}]},"minecraft:block_light_emission":0,"minecraft:block_light_absorption":0},"events":{"destroy_door":{"run_command":{"command":["setblock ~ ~-1 ~ air 0 destroy"]}}}}}