{
    "format_version": "1.19.50",
	"minecraft:item": {
		"description": {
			"identifier": "rai:surei",
            "category": "Nature"
		},
        "components": {
            "minecraft:should_despawn": false,
            "minecraft:explodable": false,
            "tag:jutsushiki": {},
            "minecraft:creative_category": {
                "parent": "itemGroup.name.jujutsu"
            },
            "minecraft:icon": {
                "texture": "surei"
            },
            "minecraft:render_offsets": {
				"main_hand": {
					"third_person": {
						"scale": [0, 0, 0]
					},
					"first_person": {
						"scale": [0, 0, 0]
					}
				},
				"off_hand": {
					"third_person": {
						"scale": [0, 0, 0]
					},
					"first_person": {
						"scale": [0, 0, 0]
					}
				}
			},
            "minecraft:cooldown": {
                "category": "surei",
                "duration": 0
            },
            "minecraft:on_use":{
                "on_use": {
                    "event": "surei"
                }
            },
            "minecraft:damage": 5,
            "minecraft:weapon": {
                "on_hurt_entity": {
                    "event": "on_attack"
                },
                "on_not_hurt_entity": {
                    "event": "on_attack"
                }
            },
            "minecraft:max_stack_size": 1,
            "minecraft:can_destroy_in_creative": false
        },
        "events": {
            "on_attack": {
                "run_command": {
                    "command": [
                        "effect @s weakness 2 255 true"
                    ]
                }
            },
            "surei": {
                "swing": {},
                "run_command": {
                    "command": [
                        "execute at @s[tag=surei,scores={item_num=!0}] run function jutsushiki/surei",
                        "execute at @s[tag=!surei] run function jutsushiki/set/surei"
                    ]
                }
            }
        }
    }
}