{
    "format_version": "1.19.50",
	"minecraft:item": {
		"description": {
			"identifier": "rai:tokusa",
            "category": "Nature"
		},
        "components": {
            "minecraft:should_despawn": false,
            "minecraft:explodable": false,
            "tag:jutsushiki": {},
            "minecraft:creative_category": {
                "parent": "itemGroup.name.jujutsu"
            },
            "minecraft:icon": {
                "texture": "tokusa"
            },
            "minecraft:render_offsets": {
				"main_hand": {
					"third_person": {
						"scale": [0, 0, 0]
					},
					"first_person": {
						"scale": [0, 0, 0]
					}
				},
				"off_hand": {
					"third_person": {
						"scale": [0, 0, 0]
					},
					"first_person": {
						"scale": [0, 0, 0]
					}
				}
			},
            "minecraft:cooldown": {
                "category": "tokusa",
                "duration": 0
            },
            "minecraft:on_use":{
                "on_use": {
                    "event": "tokusa"
                }
            },
            "minecraft:max_stack_size": 1,
            "minecraft:can_destroy_in_creative": false
        },
        "events": {
            "tokusa": {
                "swing": {},
                "run_command": {
                    "command": [
                        "execute at @s[tag=tokusa] run function jutsushiki/tokusa",
                        "execute at @s[tag=!tokusa] run function jutsushiki/set/tokusa"
                    ]
                }
            }
        }
    }
}