{
  "format_version": "1.10.0",
  "minecraft:client_entity": {
    "description": {
      "identifier": "minecraft:player",
      "materials": {
        "default": "entity_alphatest",
        "cape": "entity_alphatest",
        "animated": "player_animated"
      },
      "textures": {
        "default": "textures/entity/steve",
        "panda": "textures/entity/panda/normal_panda",
        "panda_gorilla": "textures/entity/panda/panda_gorilla"
      },
      "geometry": {
        "default": "geometry.skin.new_custom",
        "new_custom": "geometry.skin.new_custom",
        "panda": "geometry.normal_panda",
        "panda_gorilla": "geometry.panda_gorilla"
      },
      "particle_effects": {
        "juryoku": "j:juryoku",
        "raichu_kaminari_juryoku": "j:raichu_kaminari_juryoku",
        "raichu_kaminari_particle": "j:raichu_kaminari_particle",
        "fuga": "j:fuga",
        //ryoiki tenkai
        "fukuma_mizushi": "j:fukuma_mizushi",
        "kango_aneitei": "j:kango_aneitei",
        "muryo_kusho": "j:muryo_kusho",
        //tokusa shikigami mark
        "gyokuken_mark": "j:gyokuken_mark",
        "gyokuken2_mark": "j:gyokuken2_mark",
        "gyokuken3_mark": "j:gyokuken3_mark",
        "nue_mark": "j:nue_mark",
        "gama_mark": "j:gama_mark",
        "orochi_mark": "j:orochi_mark",
        "bansyo_mark": "j:bansyo_mark",
        "datto_mark": "j:datto_mark",
        "makora_mark": "j:makora_mark",
        //mukagen
        "aka": "j:aka",
        "ao": "j:ao",
        //jugon
        "jugon_particle": "j:jugon_particle",
        "jugon_particle2": "j:jugon_particle2",
        "jugon_particle2_2": "j:jugon_particle2_2",
        "jugon_particle2_3": "j:jugon_particle2_3",

        "tokyu_juryoku": "j:tokyu_juryoku",
        "tokyu_juryoku2": "j:tokyu_juryoku2",
        "juryoku_guard": "j:juryoku_guard"
      },
      "scripts": {
        "scale": "0.9375",
        "initialize": [
          "v.is_holding_right = 0.0;",
          "v.is_blinking = 0.0;",
          "v.last_blink_time = 0.0;",
          "v.hand_bob = 0.0;",
          //addon
          "v.mark_variant_animation = 0.0;",
          "v.controller = 0.0;"
        ],
        "pre_animation": [
          "v.helmet_layer_visible = 1.0;",
          "v.leg_layer_visible = 1.0;",
          "v.boot_layer_visible = 1.0;",
          "v.chest_layer_visible = 1.0;",
          "v.attack_body_rot_y = Math.sin(360*Math.sqrt(v.attack_time)) * 5.0;",
          "v.tcos0 = (math.cos(q.modified_distance_moved * 38.17) * q.modified_move_speed / v.gliding_speed_value) * 57.3;",
          "v.first_person_rotation_factor = math.sin((1 - v.attack_time) * 180.0);",
          "v.hand_bob = q.life_time < 0.01 ? 0.0 : v.hand_bob + ((q.is_on_ground && q.is_alive ? math.clamp(math.sqrt(math.pow(q.position_delta(0), 2.0) + math.pow(q.position_delta(2), 2.0)), 0.0, 0.1) : 0.0) - v.hand_bob) * 0.02;",

          "v.map_angle = math.clamp(1 - v.player_x_rotation / 45.1, 0.0, 1.0);",
          "v.item_use_normalized = q.main_hand_item_use_duration / q.main_hand_item_max_duration;",
          //addon
          "v.no_using_item = q.get_equipped_item_name == 'tsukamoto';",
          "v.item = q.get_equipped_item_name == 'air' || q.get_equipped_item_name == 'juryoku_sousa' || q.get_equipped_item_name == 'skill' || q.get_equipped_item_name == 'raichu' || q.get_equipped_item_name == 'kurusu' || q.get_equipped_item_name == 'itadori' || q.get_equipped_item_name == 'sukuna' || q.get_equipped_item_name == 'tokyu_jurei' || q.get_equipped_item_name == 'tokusa' || q.get_equipped_item_name == 'surei' || q.get_equipped_item_name == 'mukagen' || q.get_equipped_item_name == 'maki' || q.get_equipped_item_name == 'jugon' || q.get_equipped_item_name == 'panda' || q.get_equipped_item_name == 'bugiugi' || q.get_equipped_item_name == 'sekketsu' || q.get_equipped_item_name == 'jurei_soujutsu' || q.get_equipped_item_name == 'touji' || q.get_equipped_item_name == 'kotiku' || q.get_equipped_item_name == 'kairai' || q.get_equipped_item_name == 'tsukumo' || q.get_equipped_item_name == 'fushiguro_touji';",
          "v.player_render_arm = !v.is_first_person ? !v.map_face_icon : v.item || q.get_equipped_item_name(0, 1) == 'map' || q.get_equipped_item_name(0, 1) == '';",
          "v.hide_ride = q.skin_id == -1 || q.skin_id == 1 || q.skin_id == 4;",
          "v.ride_animation = q.skin_id == 2 || q.skin_id == 3;",
          "v.character_variant = (q.variant == 9 && q.can_fly ? 2 : (q.variant == 9 ? 1 : 0));",
          "v.no_running = q.variant == 9;"
        ],
        "animate": [
          { "root":"!v.mark_variant_animation || v.hide_ride || v.no_running" },
          { "normal_mark_variant": "q.is_alive" },
          { "raichu_mark_variant": "q.is_alive" },
          { "itadori_mark_variant": "q.is_alive" },
          { "sukuna_mark_variant": "q.is_alive" },
          { "tokyu_jurei_mark_variant": "q.is_alive" },
          { "tokusa_mark_variant": "q.is_alive" },
          { "mukagen_mark_variant": "q.is_alive" },
          { "jugon_mark_variant": "q.is_alive" },
          { "panda_mark_variant": "q.is_alive" },
          { "sekketsu_mark_variant": "q.is_alive" },
          { "surei_mark_variant": "q.is_alive" },
          { "weapon_mark_variant": "q.is_alive" },
          "item_animation"
        ]
      },
      "animations": {
        "root": "controller.animation.player.root",
        "item_animation": "controller.animation.item_animation",
        "base_controller": "controller.animation.player.base",
        "hudplayer":  "controller.animation.player.hudplayer",
        "humanoid_base_pose": "animation.humanoid.base_pose",
        "look_at_target": "controller.animation.humanoid.look_at_target",
        "look_at_target_ui": "animation.player.look_at_target.ui",
        "look_at_target_default": "animation.humanoid.look_at_target.default",
        "look_at_target_gliding": "animation.humanoid.look_at_target.gliding",
        "look_at_target_swimming": "animation.humanoid.look_at_target.swimming",
        "look_at_target_inverted": "animation.player.look_at_target.inverted",
        "cape": "animation.player.cape",
        "move.arms": "animation.player.move.arms",
        "move.legs": "animation.player.move.legs",
        "swimming": "animation.player.swim",
        "swimming.legs": "animation.player.swim.legs",
        "riding.arms": "animation.player.riding.arms",
        "riding.legs": "animation.player.riding.legs",
        "holding": "animation.player.holding",
        "brandish_spear": "animation.humanoid.brandish_spear",
        "holding_spyglass": "animation.humanoid.holding_spyglass",
        "charging": "animation.humanoid.charging",
        "attack.positions": "animation.player.attack.positions",
        "attack.rotations": "animation.player.attack.rotations",
        "sneaking": "animation.player.sneaking",
        "bob": "animation.player.bob",
        "damage_nearby_mobs": "animation.humanoid.damage_nearby_mobs",
        "bow_and_arrow": "animation.humanoid.bow_and_arrow",
        "use_item_progress": "animation.humanoid.use_item_progress",
        "skeleton_attack": "animation.skeleton.attack",
        "sleeping": "animation.player.sleeping",
        "first_person_base_pose": "animation.player.first_person.base_pose",
        "first_person_empty_hand": "animation.player.first_person.empty_hand",
        "first_person_swap_item": "animation.player.first_person.swap_item",
        "first_person_attack_controller": "controller.animation.player.first_person_attack",
        "first_person_attack_rotation": "animation.player.first_person.attack_rotation",
        "first_person_vr_attack_rotation": "animation.player.first_person.vr_attack_rotation",
        "first_person_walk": "animation.player.first_person.walk",
        "first_person_map_controller": "controller.animation.player.first_person_map",
        "first_person_map_hold": "animation.player.first_person.map_hold",
        "first_person_map_hold_attack": "animation.player.first_person.map_hold_attack",
        "first_person_map_hold_off_hand": "animation.player.first_person.map_hold_off_hand",
        "first_person_map_hold_main_hand": "animation.player.first_person.map_hold_main_hand",
        "first_person_crossbow_equipped": "animation.player.first_person.crossbow_equipped",
        "third_person_crossbow_equipped": "animation.player.crossbow_equipped",
        "third_person_bow_equipped": "animation.player.bow_equipped",
        "crossbow_hold": "animation.player.crossbow_hold",
        "crossbow_controller": "controller.animation.player.crossbow",
        "shield_block_main_hand": "animation.player.shield_block_main_hand",
        "shield_block_off_hand": "animation.player.shield_block_off_hand",
        "blink": "controller.animation.persona.blink",
        //addon
        "first_person_animation": "animation.first_person_animation",
        "third_person_animation": "animation.third_person_animation",
        "hide_player": "animation.hide_player",
        "character_model_hide_default_player": "animation.character_model_hide_default_player",
        "ride_nue": "animation.ride.nue",
        
        "normal_mark_variant": "controller.animation.player.mark_variant.player",
        "raichu_mark_variant": "controller.animation.player.mark_variant.raichu",
        "itadori_mark_variant": "controller.animation.player.mark_variant.itadori",
        "sukuna_mark_variant": "controller.animation.player.mark_variant.sukuna",
        "tokyu_jurei_mark_variant": "controller.animation.player.mark_variant.tokyu_jurei",
        "tokusa_mark_variant": "controller.animation.player.mark_variant.tokusa",
        "mukagen_mark_variant": "controller.animation.player.mark_variant.mukagen",
        "jugon_mark_variant": "controller.animation.player.mark_variant.jugon",
        "panda_mark_variant": "controller.animation.player.mark_variant.panda",
        "sekketsu_mark_variant": "controller.animation.player.mark_variant.sekketsu",
        "surei_mark_variant": "controller.animation.player.mark_variant.surei",
        "weapon_mark_variant": "controller.animation.player.mark_variant.weapon",
        "particle_hand": "animation.player.particle_hand",
        "particle_leg": "animation.player.particle_leg",
        "strong_punch": "animation.player.strong_punch",
        "damage_sneaking": "animation.player.damage_sneaking",

        "raichu_kaminari_juryoku": "animation.raichu.raichu_kaminari_juryoku",
        "manji_kick": "animation.itadori.manji_kick",
        "fuga": "animation.sukuna.fuga",
        "fukuma_mizushi": "animation.sukuna.ryoiki_tenkai",
        "kango_aneitei": "animation.tokusa.ryoiki_tenkai",
        "muryo_kusho": "animation.mukagen.ryoiki_tenkai",
        "tokyu_jurei_particle_hand": "animation.tokyu_jurei.particle_hand",
        "tokyu_jurei_knockback": "animation.tokyu_jurei.knockback2",
        "tokyu_jurei_arrow": "animation.tokyu_jurei.arrow2",
        "gyokuken_mark": "animation.tokusa.gyokuken_mark",
        "gyokuken2_mark": "animation.tokusa.gyokuken2_mark",
        "gyokuken3_mark": "animation.tokusa.gyokuken3_mark",
        "nue_mark": "animation.tokusa.nue_mark",
        "gama_mark": "animation.tokusa.gama_mark",
        "orochi_mark": "animation.tokusa.orochi_mark",
        "bansyo_mark": "animation.tokusa.bansyo_mark",
        "datto_mark": "animation.tokusa.datto_mark",
        "makora_mark": "animation.tokusa.makora_mark",
        "murasaki": "animation.mukagen.murasaki",
        "aka": "animation.mukagen.aka",
        "jugon": "animation.jugon.jugon_particle",
        "bakuten": "animation.jugon.bakuten",
        "panda_moving": "animation.panda.moving",
        "panda_strong_punch": "animation.panda.strong_punch",
        "panda_gorilla_moving": "animation.panda_gorilla.moving",
        "drumming_beat": "animation.panda_gorilla.drumming_beat",
        "byakuren": "animation.sekketsu.byakuren",
        "senketsu": "animation.sekketsu.senketsu",
        "karibarai": "animation.sekketsu.karibarai",
        "tomonari": "animation.surei.tomonari",

        "megumi_sword": "animation.weapon.megumi_sword",
        "megumi_sword2": "animation.weapon.megumi_sword2",
        "tozama": "animation.weapon.tozama",
        "daito": "animation.weapon.daito",
        "split_soul_sword": "animation.weapon.split_soul_sword",
        "amanosakahoko": "animation.weapon.amanosakahoko",
        "yuun_set": "animation.weapon.yuun_set",
        "yuun_attack": "animation.weapon.yuun_attack"
      },
      "render_controllers": [
        "controller.render.player.default",
        "controller.render.player.default_custom"
      ],
      "enable_attachables": true
    }
  }
}