{
  "format_version": "1.10.0",
  "minecraft:client_entity": {
    "description": {
      "identifier": "rai:knockback",
      "materials": {
        "default": "entity_alphatest"
      },
      "textures": {
        "default": "textures/no_model"
      },
      "geometry": {
        "default": "geometry.no_model"
      },
      "particle_effects": {
        "ao": "j:ao_entity",
        "ao2": "j:ao2",
        "aka": "j:aka_entity",
        "aka2": "j:aka2"
      },
      "scripts" : {
        "animate" : [
          { "knockback_particle": "q.variant > 0" }
        ]
      },
      "animations" : {
        "knockback_particle" : "controller.animation.knockback_particle"
      },
      "render_controllers": [ "controller.render.default" ]
    }
  }
}