{
  "format_version": "1.10.0",
  "minecraft:client_entity": {
    "description": {
      "identifier": "rai:particle",
      "materials": {
        "default": "entity_alphatest"
      },
      "textures": {
        "default": "textures/no_model"
      },
      "geometry": {
        "default": "geometry.root_projectile_locator"
      },
      "particle_effects": {
        "jurei_summon": "j:jurei_summon",
        "jurei_summon2": "j:small_jurei_summon"
      },
      "scripts" : {
        "initialize": [
          "v.random = q.mark_variant > 0 ? q.mark_variant-1 : Math.random_integer(0,1);"
        ],
        "animate" : [
          "look",
          "particle"
        ]
      },
      "animations" : {
        "look": "animation.root.look2",
        "jurei_summon": "animation.jurei_soujutsu.jurei_summon",
        "jurei_summon2": "animation.jurei_soujutsu.jurei_summon2",
        "particle": "controller.animation.particle"
      },
      "render_controllers": [ "controller.render.default" ]
    }
  }
}