{
  "format_version": "1.8.0",
  "animations": {
    "animation.iron_golem.attack": {
      "loop": true,
      "bones": {
        "arm0": {
          "rotation": [
            "-114 + ((1.5 * math.abs(math.mod(variable.attack_animation_tick - query.frame_alpha, 10) - 5) - 2.5) / 5) * 57.3",
            0,
            0
          ]
        },
        "arm1": {
          "rotation": [
            "-114 + ((1.5 * math.abs(math.mod(variable.attack_animation_tick - query.frame_alpha, 10) - 5) - 2.5) / 5) * 57.3",
            0,
            0
          ]
        }
      }
    },
    "animation.pa_crockback.flower": {
      "loop": true,
      "bones": {
        "arm0": {
          "rotation": [
            "-45.8 + ((0.25 * math.abs(math.mod(variable.offer_flower_tick, 70) - 35) - 17.5) / 35)",
            0,
            0
          ]
        }
      }
    },
    "animation.pa_crockback.move": {
      "loop": true,
      "bones": {
        "arm0": {
          "rotation": [
            "-variable.modified_tcos0 * 2.0",
            0,
            0
          ]
        },
        "arm1": {
          "rotation": [
            "variable.modified_tcos0 * 2.0",
            0,
            0
          ]
        }
      }
    },
    "animation.iron_golem.move_to_target": {
      "loop": true,
      "bones": {
        "arm0": {
          "rotation": [
            "((math.abs(math.mod(query.modified_distance_moved, 13) - 6.5) - 3.25) / 2.25) * 30.0",
            0,
            0
          ]
        },
        "arm1": {
          "rotation": [
            "((math.abs(math.mod(query.modified_distance_moved, 13) - 6.5) - 3.25) / 2.25) * -30.0",
            0,
            0
          ]
        }
      }
    },
    "animation.iron_golem.walk": {
      "loop": true,
      "bones": {
        "body": {
          "rotation": [
            0,
            0,
            "variable.modified_tcos0 / 1.5"
          ]
        },
        "head": {
          "rotation": [
            0,
            0,
            "variable.modified_tcos0 / 1.5"
          ]
        },
        "leg0": {
          "rotation": [
            "variable.modified_tcos0 * 6.0",
            0,
            0
          ]
        },
        "leg1": {
          "rotation": [
            "-variable.modified_tcos0 * 6.0",
            0,
            0
          ]
        }
      }
    },
    "animation.pa_crockback.walk_to_target": {
      "loop": true,
      "bones": {
        "body": {
          "rotation": [
            0,
            0,
            "2.0 * (math.abs(math.mod(query.modified_distance_moved + 6, 13.0) - 6.5) - 3.25)"
          ]
        },
        "head": {
          "rotation": [
            0,
            0,
            "2.0 * (math.abs(math.mod(query.modified_distance_moved + 6, 13.0) - 6.5) - 3.25)"
          ]
        },
        "leg0": {
          "rotation": [
            "(math.cos(query.modified_distance_moved * 38.17) * 40.0)",
            0,
            0
          ]
        },
        "leg1": {
          "rotation": [
            "(math.cos(query.modified_distance_moved * 38.17 + 180) * 40.0)",
            0,
            0
          ]
        }
      }
    },
    "animation.pa_crockback.walk_1": {
      "loop": true,
      "animation_length": 1.5,
      "bones": {
        "Head": {
          "position": {
            "0.0": [
              0,
              -1,
              0
            ],
            "0.7917": [
              0,
              0,
              0
            ],
            "1.5": [
              0,
              -1,
              0
            ]
          }
        },
        "RightArm": {
          "rotation": {
            "0.0": [
              -15,
              0,
              0
            ],
            "0.75": [
              7.5,
              0,
              0
            ],
            "1.5": [
              -15,
              0,
              0
            ]
          }
        },
        "LeftArm": {
          "rotation": {
            "0.0": [
              17.5,
              0,
              0
            ],
            "0.75": [
              -17.5,
              0,
              0
            ],
            "1.5": [
              17.5,
              0,
              0
            ]
          }
        },
        "RightLeg": {
          "rotation": {
            "0.0": [
              10,
              0,
              0
            ],
            "0.7083": [
              10.5,
              0,
              0
            ],
            "0.8333": [
              -10,
              0,
              0
            ],
            "1.5": [
              10,
              0,
              0
            ]
          },
          "position": {
            "0.0": [
              0,
              0,
              1
            ],
            "0.6667": [
              0,
              2,
              1
            ],
            "0.7917": [
              0,
              1.8,
              -1
            ],
            "0.9583": [
              0,
              -0.7,
              -0.44
            ],
            "1.5": [
              0,
              0,
              1
            ]
          }
        },
        "LeftLeg": {
          "rotation": {
            "0.0": [
              -15,
              0,
              0
            ],
            "0.625": [
              0,
              0,
              0
            ],
            "0.875": [
              29.34,
              0,
              0
            ],
            "1.5": [
              -15,
              0,
              0
            ]
          },
          "position": {
            "0.0": [
              0,
              1,
              -1
            ],
            "0.6667": [
              0,
              0,
              -1
            ],
            "0.8333": [
              0,
              0.2,
              2
            ],
            "1.5": [
              0,
              1,
              -1
            ]
          }
        }
      }
    },
    "animation.pa_crockback.move_2": {
      "loop": true,
      "animation_length": 0.75,
      "bones": {
        "Body": {
          "rotation": {
            "0.0": [
              0,
              27.5,
              0
            ],
            "0.4167": [
              0,
              -22.5,
              0
            ],
            "0.75": [
              0,
              27.5,
              0
            ]
          }
        },
        "RightArm": {
          "rotation": {
            "0.0": [
              47.5,
              25,
              0
            ],
            "0.4167": [
              -120,
              25,
              0
            ],
            "0.75": [
              47.5,
              25,
              0
            ]
          },
          "position": {
            "0.0": [
              1,
              0,
              3
            ],
            "0.5": [
              1,
              -4,
              -2
            ],
            "0.75": [
              1,
              0,
              3
            ]
          }
        },
        "LeftArm": {
          "rotation": {
            "0.0": [
              -117.5,
              0,
              0
            ],
            "0.4583": [
              97.5,
              0,
              0
            ],
            "0.75": [
              -117.5,
              0,
              0
            ]
          },
          "position": {
            "0.0": [
              0,
              -3,
              -2
            ],
            "0.4167": [
              0,
              -1,
              2
            ],
            "0.75": [
              0,
              -3,
              -2
            ]
          }
        },
        "RightLeg": {
          "rotation": {
            "0.0": [
              35,
              0,
              0
            ],
            "0.3333": [
              -15,
              0,
              0
            ],
            "0.75": [
              35,
              0,
              0
            ]
          },
          "position": {
            "0.0": [
              0,
              0,
              1
            ],
            "0.0833": [
              0,
              2,
              0.33
            ],
            "0.25": [
              0,
              0,
              -3
            ],
            "0.5": [
              0,
              -1,
              -3
            ],
            "0.75": [
              0,
              0,
              1
            ]
          }
        },
        "LeftLeg": {
          "rotation": {
            "0.0": [
              -27.5,
              0,
              0
            ],
            "0.2917": [
              0,
              0,
              0
            ],
            "0.4583": [
              32.5,
              0,
              0
            ],
            "0.75": [
              -27.5,
              0,
              0
            ]
          },
          "position": {
            "0.0": [
              0,
              3,
              -2
            ],
            "0.25": [
              0,
              0,
              -2
            ],
            "0.4167": [
              0,
              1,
              3
            ],
            "0.75": [
              0,
              3,
              -2
            ]
          }
        }
      }
    },
    "animation.pa_crockback.attack_3": {
      "animation_length": 0.5,
      "bones": {
        "RightArm": {
          "rotation": {
            "0.0": [
              0,
              0,
              0
            ],
            "0.0417": [
              0,
              0,
              95
            ],
            "0.2083": [
              -162.15175,
              -36.37443,
              140.28224
            ],
            "0.5": [
              0,
              0,
              0
            ]
          }
        }
      }
    }
  }
}