{
  "format_version": "1.8.0",
  "animations": {
    "animation.witch.general": {
      "loop": true,
      "bones": {
        "nose": {
          "rotation": [
            "(variable.isholdingitem ? -25.7831 : (math.sin(query.life_time * 57.296) * 4.5)) - this",
            0,
            "(math.cos(query.life_time * 57.296) * 2.5) - this"
          ]
        }
      }
    },
    "animation.witch.villager_general": {
      "loop": true,
      "bones": {
        "arms": {
          "position": [
            0,
            -1,
            -1
          ],
          "rotation": [
            "-42.97 - this",
            0,
            0
          ]
        }
      }
    },
    "animation.witch.move": {
      "anim_time_update": "query.modified_distance_moved",
      "loop": true,
      "bones": {
        "leg0": {
          "rotation": [
            "(math.cos(query.anim_time * 38.17) * 40.0) - this",
            "-this",
            0
          ]
        },
        "leg1": {
          "rotation": [
            "(math.cos(query.anim_time * 38.17 + 180) * 40.0) - this",
            "-this",
            0
          ]
        }
      }
    },
    "animation.pa_skibidi_large.general_1": {
      "loop": true,
      "animation_length": 1.20833,
      "bones": {
        "Head": {
          "rotation": {
            "0.0": [
              0,
              0,
              -7.5
            ],
            "0.2083": [
              -1.53948,
              1.19023,
              7.35798
            ],
            "0.3333": [
              -1.14073,
              0.36428,
              -18.3542
            ],
            "0.5": [
              -0.38673,
              0.6755,
              20.94347
            ],
            "0.6667": [
              0,
              0,
              -7.5
            ],
            "0.8333": [
              0,
              0,
              0
            ],
            "1.0": [
              0,
              90,
              0
            ],
            "1.1667": [
              0,
              360,
              0
            ]
          },
          "position": {
            "0.0": [
              0,
              0,
              0
            ],
            "0.2917": [
              -3.11,
              -1,
              0
            ],
            "0.375": [
              -4,
              0,
              0
            ],
            "0.75": [
              5.4,
              0,
              0
            ],
            "0.7917": [
              4.91,
              -1,
              0
            ],
            "1.2083": [
              0,
              0,
              0
            ]
          }
        },
        "bone2": {
          "position": {
            "0.0": [
              0,
              1,
              0
            ],
            "0.5833": [
              0,
              0,
              0
            ],
            "0.9583": [
              0,
              1,
              0
            ]
          }
        },
        "bone3": {
          "position": {
            "0.0": [
              0,
              -1,
              0
            ],
            "0.4583": [
              0,
              0,
              0
            ],
            "0.625": [
              0,
              0.5,
              0
            ],
            "0.9167": [
              0,
              -2.7,
              0
            ],
            "0.9583": [
              0,
              -1,
              0
            ]
          }
        },
        "bone5": {
          "scale": {
            "0.0": [
              1,
              1,
              1
            ],
            "0.5": [
              1,
              0.4,
              1
            ],
            "0.75": [
              1,
              1.7,
              1
            ],
            "1.0": [
              1,
              1,
              1
            ]
          }
        },
        "bone4": {
          "scale": {
            "0.0": [
              1,
              1,
              1
            ],
            "0.5": [
              1,
              0.4,
              1
            ],
            "0.75": [
              1,
              1.7,
              1
            ],
            "1.2083": [
              1,
              1,
              1
            ]
          }
        },
        "bone6": {
          "scale": {
            "0.0": [
              1.4,
              1,
              1
            ],
            "0.2083": [
              0.7714,
              1.2429,
              1
            ],
            "0.2917": [
              0.8,
              1.2,
              1
            ],
            "1.2083": [
              1.4,
              1,
              1
            ]
          }
        },
        "bone7": {
          "rotation": {
            "0.0": [
              -0.39333,
              -5.37603,
              0.80633
            ],
            "0.375": [
              1.60579,
              -5.40932,
              -19.27135
            ],
            "0.75": [
              0.54779,
              -7.14508,
              22.72979
            ],
            "1.2083": [
              -0.34699,
              -5.63131,
              0.82158
            ]
          },
          "scale": {
            "0.75": [
              1,
              1,
              1
            ],
            "1.0833": [
              0.9,
              1,
              1
            ]
          }
        }
      }
    },
    "animation.pa_skibidi_large.move_2": {
      "loop": true,
      "animation_length": 0.5,
      "bones": {
        "Body": {
          "rotation": {
            "0.0": [
              0,
              7.5,
              0
            ],
            "0.2917": [
              0,
              -5,
              0
            ],
            "0.5": [
              0,
              7.5,
              0
            ]
          },
          "position": {
            "0.0": [
              0,
              0,
              0
            ],
            "0.25": [
              0,
              -1,
              0
            ],
            "0.3333": [
              0,
              2.33,
              0
            ],
            "0.4167": [
              0,
              1.16,
              -2
            ],
            "0.5": [
              0,
              0,
              0
            ]
          },
          "scale": {
            "0.0": [
              1,
              1,
              1
            ],
            "0.25": [
              1,
              0.9,
              1
            ],
            "0.2917": [
              1,
              1.1167,
              1
            ],
            "0.5": [
              1,
              1,
              1
            ]
          }
        },
        "bone": {
          "rotation": {
            "0.0": [
              15,
              0,
              0
            ],
            "0.2917": [
              3.54864,
              -4.91251,
              -1.28371
            ],
            "0.5": [
              15,
              0,
              0
            ]
          }
        },
        "bone6": {
          "scale": {
            "0.0": [
              1,
              1.7,
              1
            ],
            "0.2083": [
              0.5,
              2.6,
              1
            ],
            "0.3333": [
              1.2143,
              1.0143,
              1
            ],
            "0.5": [
              1,
              1.7,
              1
            ]
          }
        },
        "bone7": {
          "rotation": {
            "0.0": [
              27.47766,
              -1.15408,
              2.21783
            ],
            "0.125": [
              27.18151,
              -4.3131,
              8.33187
            ],
            "0.4167": [
              27.05683,
              4.78163,
              -9.26345
            ],
            "0.5": [
              27.5,
              0,
              0
            ]
          },
          "position": {
            "0.0": [
              0,
              0,
              0
            ],
            "0.25": [
              0,
              -2,
              0
            ],
            "0.3333": [
              0,
              3.67,
              0
            ],
            "0.5": [
              0,
              0,
              0
            ]
          }
        },
        "Head": {
          "rotation": {
            "0.0": [
              0,
              0,
              -17.5
            ],
            "0.1667": [
              0,
              0,
              27.5
            ],
            "0.375": [
              0,
              0,
              -33.12
            ],
            "0.5": [
              0,
              0,
              -17.5
            ]
          },
          "position": {
            "0.0": [
              0,
              -1,
              -6
            ],
            "0.125": [
              2,
              0.38,
              -6
            ],
            "0.3333": [
              0,
              0,
              -6
            ],
            "0.4167": [
              -2,
              -0.5,
              -6
            ],
            "0.5": [
              0,
              -1,
              -6
            ]
          }
        }
      }
    }
  }
}