{
  "format_version": "1.8.0",
  "animations": {
    "animation.pa_tvman_large.attack": {
      "loop": true,
      "bones": {
        "arm0": {
          "rotation": [
            "-114 + ((1.5 * math.abs(math.mod(variable.attack_animation_tick - query.frame_alpha, 10) - 5) - 2.5) / 5) * 57.3",
            0,
            0
          ]
        },
        "arm1": {
          "rotation": [
            "-114 + ((1.5 * math.abs(math.mod(variable.attack_animation_tick - query.frame_alpha, 10) - 5) - 2.5) / 5) * 57.3",
            0,
            0
          ]
        }
      }
    },
    "animation.pa_tvman_large.flower": {
      "loop": true,
      "bones": {
        "arm0": {
          "rotation": [
            "-45.8 + ((0.25 * math.abs(math.mod(variable.offer_flower_tick, 70) - 35) - 17.5) / 35)",
            0,
            0
          ]
        }
      }
    },
    "animation.pa_tvman_large.move": {
      "loop": true,
      "bones": {
        "arm0": {
          "rotation": [
            "-variable.modified_tcos0 * 2.0",
            0,
            0
          ]
        },
        "arm1": {
          "rotation": [
            "variable.modified_tcos0 * 2.0",
            0,
            0
          ]
        }
      }
    },
    "animation.iron_golem.move_to_target": {
      "loop": true,
      "bones": {
        "arm0": {
          "rotation": [
            "((math.abs(math.mod(query.modified_distance_moved, 13) - 6.5) - 3.25) / 2.25) * 30.0",
            0,
            0
          ]
        },
        "arm1": {
          "rotation": [
            "((math.abs(math.mod(query.modified_distance_moved, 13) - 6.5) - 3.25) / 2.25) * -30.0",
            0,
            0
          ]
        }
      }
    },
    "animation.iron_golem.walk": {
      "loop": true,
      "bones": {
        "body": {
          "rotation": [
            0,
            0,
            "variable.modified_tcos0 / 1.5"
          ]
        },
        "head": {
          "rotation": [
            0,
            0,
            "variable.modified_tcos0 / 1.5"
          ]
        },
        "leg0": {
          "rotation": [
            "variable.modified_tcos0 * 6.0",
            0,
            0
          ]
        },
        "leg1": {
          "rotation": [
            "-variable.modified_tcos0 * 6.0",
            0,
            0
          ]
        }
      }
    },
    "animation.pa_tvman_large.walk_to_target": {
      "loop": true,
      "bones": {
        "body": {
          "rotation": [
            0,
            0,
            "2.0 * (math.abs(math.mod(query.modified_distance_moved + 6, 13.0) - 6.5) - 3.25)"
          ]
        },
        "head": {
          "rotation": [
            0,
            0,
            "2.0 * (math.abs(math.mod(query.modified_distance_moved + 6, 13.0) - 6.5) - 3.25)"
          ]
        },
        "leg0": {
          "rotation": [
            "(math.cos(query.modified_distance_moved * 38.17) * 40.0)",
            0,
            0
          ]
        },
        "leg1": {
          "rotation": [
            "(math.cos(query.modified_distance_moved * 38.17 + 180) * 40.0)",
            0,
            0
          ]
        }
      }
    },
    "animation.pa_tvman_large.walk_1": {
      "loop": true,
      "animation_length": 1.5,
      "bones": {
        "right_arm": {
          "rotation": {
            "0.0": [
              2.5,
              0,
              0
            ],
            "0.7083": [
              -2.5,
              0,
              0
            ],
            "1.5": [
              2.5,
              0,
              0
            ]
          }
        },
        "bone21": {
          "rotation": {
            "0.0": [
              -5,
              0,
              0
            ],
            "0.75": [
              -12.5,
              0,
              0
            ],
            "1.5": [
              -5,
              0,
              0
            ]
          }
        },
        "left_arm": {
          "rotation": {
            "0.0": [
              -5,
              0,
              0
            ],
            "0.7083": [
              17.5,
              0,
              0
            ],
            "1.5": [
              -5,
              0,
              0
            ]
          }
        },
        "bone22": {
          "rotation": {
            "0.0": [
              -20,
              0,
              0
            ],
            "0.7917": [
              -29.28933,
              2.56124,
              2.47944
            ],
            "1.5": [
              -20,
              0,
              0
            ]
          }
        },
        "bone": {
          "rotation": {
            "0.0": [
              10,
              0,
              0
            ],
            "0.7083": [
              -25,
              0,
              0
            ],
            "0.8333": [
              -11.97,
              0,
              0
            ],
            "1.5": [
              10,
              0,
              0
            ]
          }
        },
        "left_leg": {
          "rotation": {
            "0.0": [
              -17.5,
              0,
              0
            ],
            "0.6667": [
              7.5,
              0,
              0
            ],
            "1.5": [
              -17.5,
              0,
              0
            ]
          },
          "position": {
            "0.0": [
              0,
              -1,
              0
            ],
            "1.5": [
              0,
              -1,
              0
            ]
          }
        },
        "bone23": {
          "rotation": {
            "0.0": [
              10,
              0,
              0
            ],
            "0.9167": [
              15,
              0,
              0
            ],
            "1.5": [
              10,
              0,
              0
            ]
          }
        },
        "bone24": {
          "rotation": {
            "0.0": [
              20,
              0,
              0
            ],
            "0.7083": [
              60,
              0,
              0
            ],
            "1.5": [
              20,
              0,
              0
            ]
          }
        }
      }
    },
    "animation.pa_tvman_large.move_2": {
      "loop": true,
      "animation_length": 0.75,
      "bones": {
        "bone3": {
          "rotation": [
            0,
            0,
            -12.5
          ]
        },
        "bone4": {
          "rotation": {
            "0.0": [
              0,
              0,
              102.5
            ],
            "0.2083": [
              0,
              0,
              125
            ],
            "0.75": [
              0,
              0,
              102.5
            ]
          }
        },
        "bone5": {
          "rotation": {
            "0.0": [
              0,
              0,
              -105
            ],
            "0.1667": [
              0,
              0,
              -174.17
            ],
            "0.25": [
              0,
              0,
              -130
            ],
            "0.75": [
              0,
              0,
              -105
            ]
          }
        },
        "bone11": {
          "rotation": {
            "0.0": [
              0,
              0,
              -12.5
            ],
            "0.1667": [
              0,
              0,
              -2.5
            ],
            "0.75": [
              0,
              0,
              -12.5
            ]
          }
        },
        "bone12": {
          "rotation": {
            "0.0": [
              2.80413,
              8.57515,
              -86.9174
            ],
            "0.2917": [
              -1.89398,
              8.81922,
              -117.27374
            ],
            "0.75": [
              2.80413,
              8.57515,
              -86.9174
            ]
          }
        },
        "bone13": {
          "rotation": {
            "0.0": [
              0,
              0,
              105
            ],
            "0.1667": [
              0,
              0,
              170
            ],
            "0.3333": [
              0,
              0,
              165
            ],
            "0.75": [
              0,
              0,
              105
            ]
          }
        },
        "bone7": {
          "rotation": {
            "0.0833": [
              0,
              0,
              12.5
            ],
            "0.2083": [
              1.81609,
              -2.29268,
              7.6521
            ],
            "0.75": [
              0,
              0,
              12.5
            ]
          }
        },
        "bone8": {
          "rotation": {
            "0.0": [
              0,
              0,
              142.5
            ],
            "0.125": [
              0,
              0,
              157.5
            ],
            "0.75": [
              0,
              0,
              142.5
            ]
          }
        },
        "bone9": {
          "rotation": {
            "0.0": [
              0,
              0,
              -142.5
            ],
            "0.1667": [
              0,
              0,
              -157.5
            ],
            "0.75": [
              0,
              0,
              -142.5
            ]
          }
        },
        "bone15": {
          "rotation": [
            0,
            0,
            7.5
          ]
        },
        "bone17": {
          "rotation": {
            "0.0": [
              -6.74232,
              8.09618,
              -160.12187
            ],
            "0.25": [
              -8.85686,
              5.70259,
              -177.58617
            ],
            "0.75": [
              -6.74232,
              8.09618,
              -160.12187
            ]
          }
        },
        "bone18": {
          "rotation": {
            "0.0": [
              0,
              0,
              -207.5
            ],
            "0.1667": [
              20.79067,
              12.73977,
              -213.15652
            ],
            "0.2083": [
              29.88527,
              -5.1118,
              -165.46143
            ],
            "0.4583": [
              0,
              0,
              -207.5
            ]
          }
        },
        "bone20": {
          "rotation": {
            "0.0": [
              -22.5,
              0,
              0
            ],
            "0.1667": [
              -22.5,
              0,
              0
            ],
            "0.4583": [
              -22.5,
              0,
              0
            ]
          }
        },
        "right_arm": {
          "rotation": {
            "0.0": [
              9.40804,
              -3.40487,
              19.71975
            ],
            "0.0833": [
              1.90804,
              -3.40487,
              19.71975
            ],
            "0.2083": [
              9.40804,
              -3.40487,
              19.71975
            ],
            "0.3333": [
              1.90804,
              -3.40487,
              19.71975
            ],
            "0.5": [
              9.40804,
              -3.40487,
              19.71975
            ]
          }
        },
        "bone21": {
          "rotation": {
            "0.0": [
              -47.5,
              0,
              0
            ],
            "0.0833": [
              -55,
              0,
              0
            ],
            "0.2083": [
              -47.5,
              0,
              0
            ],
            "0.3333": [
              -55,
              0,
              0
            ],
            "0.5417": [
              -47.5,
              0,
              0
            ]
          }
        },
        "left_arm": {
          "rotation": {
            "0.0": [
              -10,
              0,
              -22.5
            ],
            "0.0833": [
              -16.74557,
              0.9793,
              -19.42654
            ],
            "0.2083": [
              -10,
              0,
              -22.5
            ],
            "0.2917": [
              -16.74557,
              0.9793,
              -19.42654
            ],
            "0.5": [
              -10,
              0,
              -22.5
            ]
          }
        }
      }
    }
  }
}