{
  "format_version": "1.8.0",
  "animations": {
    "animation.iron_golem.attack": {
      "loop": true,
      "bones": {
        "arm0": {
          "rotation": [
            "-114 + ((1.5 * math.abs(math.mod(variable.attack_animation_tick - query.frame_alpha, 10) - 5) - 2.5) / 5) * 57.3",
            0,
            0
          ]
        },
        "arm1": {
          "rotation": [
            "-114 + ((1.5 * math.abs(math.mod(variable.attack_animation_tick - query.frame_alpha, 10) - 5) - 2.5) / 5) * 57.3",
            0,
            0
          ]
        }
      }
    },
    "animation.s_speakwr.flower": {
      "loop": true,
      "bones": {
        "arm0": {
          "rotation": [
            "-45.8 + ((0.25 * math.abs(math.mod(variable.offer_flower_tick, 70) - 35) - 17.5) / 35)",
            0,
            0
          ]
        }
      }
    },
    "animation.s_speakwr.move": {
      "loop": true,
      "bones": {
        "arm0": {
          "rotation": [
            "-variable.modified_tcos0 * 2.0",
            0,
            0
          ]
        },
        "arm1": {
          "rotation": [
            "variable.modified_tcos0 * 2.0",
            0,
            0
          ]
        }
      }
    },
    "animation.iron_golem.move_to_target": {
      "loop": true,
      "bones": {
        "arm0": {
          "rotation": [
            "((math.abs(math.mod(query.modified_distance_moved, 13) - 6.5) - 3.25) / 2.25) * 30.0",
            0,
            0
          ]
        },
        "arm1": {
          "rotation": [
            "((math.abs(math.mod(query.modified_distance_moved, 13) - 6.5) - 3.25) / 2.25) * -30.0",
            0,
            0
          ]
        }
      }
    },
    "animation.iron_golem.walk": {
      "loop": true,
      "bones": {
        "body": {
          "rotation": [
            0,
            0,
            "variable.modified_tcos0 / 1.5"
          ]
        },
        "head": {
          "rotation": [
            0,
            0,
            "variable.modified_tcos0 / 1.5"
          ]
        },
        "leg0": {
          "rotation": [
            "variable.modified_tcos0 * 6.0",
            0,
            0
          ]
        },
        "leg1": {
          "rotation": [
            "-variable.modified_tcos0 * 6.0",
            0,
            0
          ]
        }
      }
    },
    "animation.s_speakwr.walk_to_target": {
      "loop": true,
      "bones": {
        "body": {
          "rotation": [
            0,
            0,
            "2.0 * (math.abs(math.mod(query.modified_distance_moved + 6, 13.0) - 6.5) - 3.25)"
          ]
        },
        "head": {
          "rotation": [
            0,
            0,
            "2.0 * (math.abs(math.mod(query.modified_distance_moved + 6, 13.0) - 6.5) - 3.25)"
          ]
        },
        "leg0": {
          "rotation": [
            "(math.cos(query.modified_distance_moved * 38.17) * 40.0)",
            0,
            0
          ]
        },
        "leg1": {
          "rotation": [
            "(math.cos(query.modified_distance_moved * 38.17 + 180) * 40.0)",
            0,
            0
          ]
        }
      }
    },
    "animation.s_speakwr.walk_1": {
      "loop": true,
      "animation_length": 0.75,
      "bones": {
        "bone7": {
          "rotation": {
            "0.0": [
              -20,
              0,
              0
            ],
            "0.1667": [
              2.5,
              0,
              0
            ],
            "0.5417": [
              29.32,
              0,
              0
            ],
            "0.75": [
              -20,
              0,
              0
            ]
          },
          "position": {
            "0.0": [
              0,
              2,
              -3
            ],
            "0.25": [
              0,
              0,
              -3
            ],
            "0.5": [
              0,
              0.67,
              3
            ],
            "0.75": [
              0,
              2,
              -3
            ]
          }
        },
        "bone2": {
          "rotation": {
            "0.0": [
              7.43656,
              0.9762,
              -7.43656
            ],
            "0.375": [
              7.49294,
              -0.32621,
              2.47864
            ],
            "0.75": [
              7.43656,
              0.9762,
              -7.43656
            ]
          }
        },
        "bone13": {
          "position": {
            "0.0": [
              0,
              1,
              0
            ],
            "0.375": [
              0,
              5.1,
              0
            ],
            "0.4167": [
              0,
              1.64,
              0
            ],
            "0.4583": [
              0,
              3.56,
              0
            ],
            "0.75": [
              0,
              1,
              0
            ]
          }
        },
        "bone3": {
          "position": {
            "0.0": [
              0,
              1,
              0
            ],
            "0.4167": [
              0,
              3,
              0
            ],
            "0.4583": [
              0,
              -1.25,
              0
            ],
            "0.5": [
              0,
              3.07,
              0
            ],
            "0.75": [
              0,
              1,
              0
            ]
          }
        },
        "bone4": {
          "position": {
            "0.0": [
              0,
              1,
              0
            ],
            "0.4167": [
              0,
              3,
              0
            ],
            "0.4583": [
              0,
              -1.25,
              0
            ],
            "0.5": [
              0,
              3.07,
              0
            ],
            "0.75": [
              0,
              1,
              0
            ]
          }
        },
        "bone6": {
          "rotation": {
            "0.0": [
              0,
              0,
              7.5
            ],
            "0.5": [
              0,
              0,
              0
            ],
            "0.75": [
              0,
              0,
              7.5
            ]
          }
        },
        "bone5": {
          "rotation": {
            "0.0": [
              0,
              0,
              5
            ],
            "0.4167": [
              0,
              0,
              -2.5
            ],
            "0.75": [
              0,
              0,
              5
            ]
          }
        },
        "bone8": {
          "rotation": {
            "0.0": [
              10,
              0,
              0
            ],
            "0.1667": [
              19.32,
              0,
              0
            ],
            "0.4583": [
              -15,
              0,
              0
            ],
            "0.75": [
              10,
              0,
              0
            ]
          },
          "position": {
            "0.0": [
              0,
              0,
              1
            ],
            "0.25": [
              0,
              3,
              1
            ],
            "0.375": [
              0,
              0.75,
              -3
            ],
            "0.5417": [
              0,
              -0.33,
              -2.56
            ],
            "0.75": [
              0,
              0,
              1
            ]
          }
        }
      }
    },
    "animation.s_speakwr.move_2": {
      "loop": true,
      "animation_length": 0.5,
      "bones": {
        "bone7": {
          "rotation": {
            "0.0": [
              20,
              0,
              0
            ],
            "0.1667": [
              -17.11114,
              -2.12759,
              -4.39048
            ],
            "0.2917": [
              -24.67595,
              -1.77299,
              -3.65873
            ],
            "0.375": [
              22.75924,
              -1.41839,
              -2.92699
            ],
            "0.5": [
              20,
              0,
              0
            ]
          },
          "position": {
            "0.0": [
              0,
              0,
              1
            ],
            "0.1667": [
              0,
              4,
              0
            ],
            "0.25": [
              0,
              4,
              -7
            ],
            "0.375": [
              0,
              -1,
              -7
            ],
            "0.5": [
              0,
              0,
              1
            ]
          }
        },
        "bone2": {
          "rotation": {
            "0.0": [
              35,
              0,
              0
            ],
            "0.25": [
              45,
              0,
              0
            ],
            "0.5": [
              35,
              0,
              0
            ]
          }
        },
        "bone13": {
          "position": {
            "0.0": [
              0,
              0,
              0
            ],
            "0.1667": [
              0,
              3,
              0
            ],
            "0.2083": [
              0,
              -5.37,
              0
            ],
            "0.3333": [
              0,
              3.11,
              0
            ],
            "0.5": [
              0,
              0,
              0
            ]
          }
        },
        "bone": {
          "rotation": {
            "0.0": [
              -27.5,
              0,
              0
            ],
            "0.2917": [
              0,
              0,
              0
            ],
            "0.5": [
              -27.5,
              0,
              0
            ]
          }
        },
        "bone6": {
          "rotation": {
            "0.0": [
              32.89913,
              -12.67956,
              18.74227
            ],
            "0.3333": [
              2.89913,
              -12.67956,
              18.74227
            ],
            "0.5": [
              32.89913,
              -12.67956,
              18.74227
            ]
          },
          "position": {
            "0.0": [
              0,
              0,
              0
            ],
            "0.2917": [
              0,
              -2,
              0
            ],
            "0.5": [
              0,
              0,
              0
            ]
          }
        },
        "bone5": {
          "rotation": {
            "0.0": [
              27.62113,
              12.19908,
              -21.99054
            ],
            "0.3333": [
              10.12113,
              12.19908,
              -21.99054
            ],
            "0.5": [
              27.62113,
              12.19908,
              -21.99054
            ]
          },
          "position": {
            "0.0": [
              0,
              0,
              0
            ],
            "0.2917": [
              0,
              -2,
              0
            ],
            "0.5": [
              0,
              0,
              0
            ]
          }
        },
        "bone8": {
          "rotation": {
            "0.0": [
              -20,
              0,
              0
            ],
            "0.1667": [
              -2.5,
              0,
              0
            ],
            "0.3333": [
              33.13,
              0,
              0
            ],
            "0.5": [
              -20,
              0,
              0
            ]
          },
          "position": {
            "0.0": [
              0,
              3,
              -6
            ],
            "0.125": [
              0,
              0,
              -6
            ],
            "0.375": [
              0,
              0.67,
              3
            ],
            "0.5": [
              0,
              3,
              -6
            ]
          }
        }
      }
    },
    "animation.s_speakwr.attack2": {
      "animation_length": 0.33333,
      "bones": {
        "bone2": {
          "rotation": {
            "0.0": [
              0,
              0,
              0
            ],
            "0.0417": [
              -7.5,
              0,
              0
            ],
            "0.2083": [
              79.37,
              0,
              0
            ],
            "0.3333": [
              0,
              0,
              0
            ]
          }
        },
        "bone3": {
          "rotation": {
            "0.0": [
              0,
              0,
              0
            ],
            "0.0417": [
              -42.5,
              0,
              0
            ],
            "0.125": [
              -39.10406,
              -18.17696,
              -20.99692
            ],
            "0.1667": [
              25.89594,
              -18.17696,
              -20.99692
            ],
            "0.3333": [
              0,
              0,
              0
            ]
          },
          "position": {
            "0.0": [
              0,
              0,
              0
            ],
            "0.0417": [
              4,
              17,
              0
            ],
            "0.3333": [
              0,
              0,
              0
            ]
          }
        },
        "bone11": {
          "rotation": {
            "0.0": [
              0,
              0,
              0
            ],
            "0.0833": [
              -7.5,
              0,
              0
            ],
            "0.25": [
              65,
              0,
              0
            ],
            "0.3333": [
              0,
              0,
              0
            ]
          },
          "position": {
            "0.0": [
              0,
              0,
              0
            ],
            "0.0417": [
              0,
              11,
              0
            ],
            "0.3333": [
              0,
              0,
              0
            ]
          }
        },
        "bone4": {
          "rotation": {
            "0.0": [
              0,
              0,
              0
            ],
            "0.0417": [
              -42.5,
              0,
              0
            ],
            "0.125": [
              -39.10406,
              18.17696,
              20.99692
            ],
            "0.1667": [
              40.89594,
              18.17696,
              20.99692
            ],
            "0.3333": [
              0,
              0,
              0
            ]
          },
          "position": {
            "0.0": [
              0,
              0,
              0
            ],
            "0.0417": [
              -4,
              17,
              0
            ],
            "0.3333": [
              0,
              0,
              0
            ]
          }
        },
        "bone12": {
          "rotation": {
            "0.0": [
              0,
              0,
              0
            ],
            "0.0833": [
              -12.5,
              0,
              0
            ],
            "0.2083": [
              62.5,
              0,
              0
            ],
            "0.3333": [
              0,
              0,
              0
            ]
          },
          "position": {
            "0.0": [
              0,
              0,
              0
            ],
            "0.0417": [
              0,
              11,
              0
            ],
            "0.3333": [
              0,
              0,
              0
            ]
          }
        },
        "bone6": {
          "rotation": {
            "0.0": [
              0,
              0,
              0
            ],
            "0.0417": [
              10,
              0,
              0
            ],
            "0.3333": [
              0,
              0,
              0
            ]
          }
        },
        "bone5": {
          "rotation": {
            "0.0": [
              0,
              0,
              0
            ],
            "0.0417": [
              10,
              0,
              0
            ],
            "0.3333": [
              0,
              0,
              0
            ]
          }
        }
      }
    }
  }
}