{
  "format_version": "1.8.0",
  "animations": {
    "animation.iron_golem.attack": {
      "loop": true,
      "bones": {
        "arm0": {
          "rotation": [
            "-114 + ((1.5 * math.abs(math.mod(variable.attack_animation_tick - query.frame_alpha, 10) - 5) - 2.5) / 5) * 57.3",
            0,
            0
          ]
        },
        "arm1": {
          "rotation": [
            "-114 + ((1.5 * math.abs(math.mod(variable.attack_animation_tick - query.frame_alpha, 10) - 5) - 2.5) / 5) * 57.3",
            0,
            0
          ]
        }
      }
    },
    "animation.tm_giant_sp.flower": {
      "loop": true,
      "bones": {
        "arm0": {
          "rotation": [
            "-45.8 + ((0.25 * math.abs(math.mod(variable.offer_flower_tick, 70) - 35) - 17.5) / 35)",
            0,
            0
          ]
        }
      }
    },
    "animation.tm_giant_sp.move": {
      "loop": true,
      "bones": {
        "arm0": {
          "rotation": [
            "-variable.modified_tcos0 * 2.0",
            0,
            0
          ]
        },
        "arm1": {
          "rotation": [
            "variable.modified_tcos0 * 2.0",
            0,
            0
          ]
        }
      }
    },
    "animation.iron_golem.move_to_target": {
      "loop": true,
      "bones": {
        "arm0": {
          "rotation": [
            "((math.abs(math.mod(query.modified_distance_moved, 13) - 6.5) - 3.25) / 2.25) * 30.0",
            0,
            0
          ]
        },
        "arm1": {
          "rotation": [
            "((math.abs(math.mod(query.modified_distance_moved, 13) - 6.5) - 3.25) / 2.25) * -30.0",
            0,
            0
          ]
        }
      }
    },
    "animation.iron_golem.walk": {
      "loop": true,
      "bones": {
        "body": {
          "rotation": [
            0,
            0,
            "variable.modified_tcos0 / 1.5"
          ]
        },
        "head": {
          "rotation": [
            0,
            0,
            "variable.modified_tcos0 / 1.5"
          ]
        },
        "leg0": {
          "rotation": [
            "variable.modified_tcos0 * 6.0",
            0,
            0
          ]
        },
        "leg1": {
          "rotation": [
            "-variable.modified_tcos0 * 6.0",
            0,
            0
          ]
        }
      }
    },
    "animation.tm_giant_sp.walk_to_target": {
      "loop": true,
      "bones": {
        "body": {
          "rotation": [
            0,
            0,
            "2.0 * (math.abs(math.mod(query.modified_distance_moved + 6, 13.0) - 6.5) - 3.25)"
          ]
        },
        "head": {
          "rotation": [
            0,
            0,
            "2.0 * (math.abs(math.mod(query.modified_distance_moved + 6, 13.0) - 6.5) - 3.25)"
          ]
        },
        "leg0": {
          "rotation": [
            "(math.cos(query.modified_distance_moved * 38.17) * 40.0)",
            0,
            0
          ]
        },
        "leg1": {
          "rotation": [
            "(math.cos(query.modified_distance_moved * 38.17 + 180) * 40.0)",
            0,
            0
          ]
        }
      }
    },
    "animation.Gold_speaker_man.move": {
      "loop": true,
      "animation_length": 1.33333,
      "bones": {
        "Leg0": {
          "rotation": {
            "0.0": {
              "post": [
                37.5,
                0,
                0
              ],
              "lerp_mode": "catmullrom"
            },
            "0.6667": {
              "post": [
                -10,
                0,
                0
              ],
              "lerp_mode": "catmullrom"
            },
            "1.3333": {
              "post": [
                37.5,
                0,
                0
              ],
              "lerp_mode": "catmullrom"
            }
          },
          "position": {
            "0.0": {
              "post": [
                0,
                0,
                2
              ],
              "lerp_mode": "catmullrom"
            },
            "0.3333": {
              "post": [
                0,
                2,
                0.5
              ],
              "lerp_mode": "catmullrom"
            },
            "0.6667": {
              "post": [
                0,
                0,
                -2
              ],
              "lerp_mode": "catmullrom"
            },
            "1.3333": {
              "post": [
                0,
                0,
                2
              ],
              "lerp_mode": "catmullrom"
            }
          }
        },
        "Body": {
          "rotation": {
            "0.0": {
              "post": [
                15,
                0,
                0
              ],
              "lerp_mode": "catmullrom"
            },
            "0.2083": {
              "post": [
                20.6469,
                -14.0761,
                -5.23619
              ],
              "lerp_mode": "catmullrom"
            },
            "0.4583": {
              "post": [
                6.94,
                0,
                0
              ],
              "lerp_mode": "catmullrom"
            },
            "0.7083": {
              "post": [
                15.34721,
                12.06754,
                3.28396
              ],
              "lerp_mode": "catmullrom"
            },
            "0.9583": {
              "post": [
                20,
                0,
                0
              ],
              "lerp_mode": "catmullrom"
            },
            "1.1667": {
              "post": [
                6.99929,
                -7.44474,
                -0.91136
              ],
              "lerp_mode": "catmullrom"
            },
            "1.3333": {
              "post": [
                15,
                0,
                0
              ],
              "lerp_mode": "catmullrom"
            }
          }
        },
        "Arm0": {
          "rotation": {
            "0.0": {
              "post": [
                -27.5,
                0,
                0
              ],
              "lerp_mode": "catmullrom"
            },
            "0.7083": {
              "post": [
                37.5,
                0,
                0
              ],
              "lerp_mode": "catmullrom"
            },
            "1.3333": {
              "post": [
                -27.5,
                0,
                0
              ],
              "lerp_mode": "catmullrom"
            }
          },
          "position": {
            "0.0": {
              "post": [
                0,
                2,
                0
              ],
              "lerp_mode": "catmullrom"
            },
            "0.7083": {
              "post": [
                0,
                -2,
                0
              ],
              "lerp_mode": "catmullrom"
            },
            "1.3333": {
              "post": [
                0,
                2,
                0
              ],
              "lerp_mode": "catmullrom"
            }
          }
        },
        "bone0": {
          "position": {
            "0.0": {
              "post": [
                0,
                12,
                0
              ],
              "lerp_mode": "catmullrom"
            },
            "0.3333": {
              "post": [
                0,
                10,
                0
              ],
              "lerp_mode": "catmullrom"
            },
            "1.3333": {
              "post": [
                0,
                12,
                0
              ],
              "lerp_mode": "catmullrom"
            }
          }
        },
        "Bones0": {
          "position": {
            "0.0": {
              "post": [
                0,
                -3,
                0
              ],
              "lerp_mode": "catmullrom"
            },
            "0.25": {
              "post": [
                0,
                -2,
                0
              ],
              "lerp_mode": "catmullrom"
            },
            "0.5417": {
              "post": [
                0,
                -3,
                0
              ],
              "lerp_mode": "catmullrom"
            },
            "0.9583": {
              "post": [
                0,
                -2,
                0
              ],
              "lerp_mode": "catmullrom"
            },
            "1.3333": {
              "post": [
                0,
                -3,
                0
              ],
              "lerp_mode": "catmullrom"
            }
          }
        },
        "Arm1": {
          "rotation": {
            "0.0": {
              "post": [
                37.5,
                0,
                0
              ],
              "lerp_mode": "catmullrom"
            },
            "0.7083": {
              "post": [
                -27.5,
                0,
                0
              ],
              "lerp_mode": "catmullrom"
            },
            "1.3333": {
              "post": [
                37.5,
                0,
                0
              ],
              "lerp_mode": "catmullrom"
            }
          },
          "position": {
            "0.0": {
              "post": [
                0,
                -2,
                0
              ],
              "lerp_mode": "catmullrom"
            },
            "0.7083": {
              "post": [
                0,
                2,
                0
              ],
              "lerp_mode": "catmullrom"
            },
            "1.3333": {
              "post": [
                0,
                -2,
                0
              ],
              "lerp_mode": "catmullrom"
            }
          }
        },
        "bone1": {
          "position": {
            "0.0": {
              "post": [
                0,
                12,
                0
              ],
              "lerp_mode": "catmullrom"
            },
            "0.3333": {
              "post": [
                0,
                10,
                0
              ],
              "lerp_mode": "catmullrom"
            },
            "1.3333": {
              "post": [
                0,
                12,
                0
              ],
              "lerp_mode": "catmullrom"
            }
          }
        },
        "Bones1": {
          "position": {
            "0.0": {
              "post": [
                0,
                -3,
                0
              ],
              "lerp_mode": "catmullrom"
            },
            "0.25": {
              "post": [
                0,
                -2,
                0
              ],
              "lerp_mode": "catmullrom"
            },
            "0.5417": {
              "post": [
                0,
                -3,
                0
              ],
              "lerp_mode": "catmullrom"
            },
            "0.9583": {
              "post": [
                0,
                -2,
                0
              ],
              "lerp_mode": "catmullrom"
            },
            "1.3333": {
              "post": [
                0,
                -3,
                0
              ],
              "lerp_mode": "catmullrom"
            }
          }
        },
        "Head": {
          "rotation": {
            "0.0": {
              "post": [
                -15,
                0,
                0
              ],
              "lerp_mode": "catmullrom"
            },
            "0.25": {
              "post": [
                -7.5,
                0,
                0
              ],
              "lerp_mode": "catmullrom"
            },
            "0.5417": {
              "post": [
                -2.02,
                0,
                0
              ],
              "lerp_mode": "catmullrom"
            },
            "0.75": {
              "post": [
                -15,
                0,
                0
              ],
              "lerp_mode": "catmullrom"
            },
            "1.0": {
              "post": [
                -7.5,
                0,
                0
              ],
              "lerp_mode": "catmullrom"
            },
            "1.2083": {
              "post": [
                -2.02,
                0,
                0
              ],
              "lerp_mode": "catmullrom"
            },
            "1.3333": {
              "post": [
                -15,
                0,
                0
              ],
              "lerp_mode": "catmullrom"
            }
          }
        },
        "bone": {
          "position": {
            "0.0": {
              "post": [
                0,
                1,
                0
              ],
              "lerp_mode": "catmullrom"
            },
            "0.125": {
              "post": [
                0,
                2,
                0
              ],
              "lerp_mode": "catmullrom"
            },
            "0.2917": {
              "post": [
                0,
                0.86,
                0
              ],
              "lerp_mode": "catmullrom"
            },
            "0.5833": {
              "post": [
                0,
                1,
                0
              ],
              "lerp_mode": "catmullrom"
            },
            "0.7917": {
              "post": [
                0,
                2,
                0
              ],
              "lerp_mode": "catmullrom"
            },
            "1.0": {
              "post": [
                0,
                0.86,
                0
              ],
              "lerp_mode": "catmullrom"
            },
            "1.3333": {
              "post": [
                0,
                1,
                0
              ],
              "lerp_mode": "catmullrom"
            }
          }
        },
        "Legs0": {
          "rotation": {
            "0.0": {
              "post": [
                40,
                0,
                0
              ],
              "lerp_mode": "catmullrom"
            },
            "0.25": {
              "post": [
                60,
                0,
                0
              ],
              "lerp_mode": "catmullrom"
            },
            "0.6667": {
              "post": [
                -2.5,
                0,
                0
              ],
              "lerp_mode": "catmullrom"
            },
            "0.9583": {
              "post": [
                -7.5,
                0,
                0
              ],
              "lerp_mode": "catmullrom"
            },
            "1.125": {
              "post": [
                -20,
                0,
                0
              ],
              "lerp_mode": "catmullrom"
            },
            "1.3333": {
              "post": [
                40,
                0,
                0
              ],
              "lerp_mode": "catmullrom"
            }
          }
        },
        "Leg1": {
          "rotation": {
            "0.0": {
              "post": [
                -10,
                0,
                0
              ],
              "lerp_mode": "catmullrom"
            },
            "0.6667": {
              "post": [
                37.5,
                0,
                0
              ],
              "lerp_mode": "catmullrom"
            },
            "1.3333": {
              "post": [
                -10,
                0,
                0
              ],
              "lerp_mode": "catmullrom"
            }
          },
          "position": {
            "0.0": {
              "post": [
                0,
                0,
                -2
              ],
              "lerp_mode": "catmullrom"
            },
            "0.6667": {
              "post": [
                0,
                0,
                2
              ],
              "lerp_mode": "catmullrom"
            },
            "0.9583": {
              "post": [
                0,
                2,
                0.5
              ],
              "lerp_mode": "catmullrom"
            },
            "1.3333": {
              "post": [
                0,
                0,
                -2
              ],
              "lerp_mode": "catmullrom"
            }
          }
        },
        "Legs1": {
          "rotation": {
            "0.0": {
              "post": [
                2.5,
                0,
                0
              ],
              "lerp_mode": "catmullrom"
            },
            "0.125": {
              "post": [
                -1.07,
                0,
                0
              ],
              "lerp_mode": "catmullrom"
            },
            "0.25": {
              "post": [
                -9.28,
                0,
                0
              ],
              "lerp_mode": "catmullrom"
            },
            "0.375": {
              "post": [
                -7.5,
                0,
                0
              ],
              "lerp_mode": "catmullrom"
            },
            "0.5417": {
              "post": [
                34.9,
                0,
                0
              ],
              "lerp_mode": "catmullrom"
            },
            "0.8333": {
              "post": [
                48.23,
                0,
                0
              ],
              "lerp_mode": "catmullrom"
            },
            "1.0": {
              "post": [
                37.99,
                0,
                0
              ],
              "lerp_mode": "catmullrom"
            },
            "1.1667": {
              "post": [
                22.74,
                0,
                0
              ],
              "lerp_mode": "catmullrom"
            },
            "1.3333": {
              "post": [
                2.5,
                0,
                0
              ],
              "lerp_mode": "catmullrom"
            }
          }
        }
      }
    },
    "animation.Gold_speaker_man.walk": {
      "loop": true,
      "animation_length": 0.41667,
      "bones": {
        "Root": {
          "rotation": {
            "0.0": {
              "post": [
                30,
                0,
                0
              ],
              "lerp_mode": "catmullrom"
            },
            "0.4167": {
              "post": [
                30,
                0,
                0
              ],
              "lerp_mode": "catmullrom"
            }
          },
          "position": {
            "0.0": [
              0,
              30,
              0
            ],
            "0.2083": [
              0,
              28,
              0
            ],
            "0.4167": [
              0,
              30,
              0
            ]
          }
        },
        "Arm0": {
          "rotation": {
            "0.0": {
              "post": [
                0,
                0,
                10
              ],
              "lerp_mode": "catmullrom"
            },
            "0.4167": {
              "post": [
                0,
                0,
                10
              ],
              "lerp_mode": "catmullrom"
            }
          }
        },
        "Bones0": {
          "position": {
            "0.0": {
              "post": [
                0,
                -3,
                0
              ],
              "lerp_mode": "catmullrom"
            },
            "0.0833": {
              "post": [
                0,
                0.05,
                0
              ],
              "lerp_mode": "catmullrom"
            },
            "0.1667": {
              "post": [
                0,
                -3,
                0
              ],
              "lerp_mode": "catmullrom"
            },
            "0.25": {
              "post": [
                0,
                0.05,
                0
              ],
              "lerp_mode": "catmullrom"
            },
            "0.3333": {
              "post": [
                0,
                -3,
                0
              ],
              "lerp_mode": "catmullrom"
            },
            "0.4167": {
              "post": [
                0,
                -3,
                0
              ],
              "lerp_mode": "catmullrom"
            }
          }
        },
        "Arm1": {
          "rotation": {
            "0.0": {
              "post": [
                0,
                0,
                -7.5
              ],
              "lerp_mode": "catmullrom"
            },
            "0.4167": {
              "post": [
                0,
                0,
                -7.5
              ],
              "lerp_mode": "catmullrom"
            }
          }
        },
        "Bones1": {
          "position": {
            "0.0": {
              "post": [
                0,
                -3,
                0
              ],
              "lerp_mode": "catmullrom"
            },
            "0.0833": {
              "post": [
                0,
                0.05,
                0
              ],
              "lerp_mode": "catmullrom"
            },
            "0.1667": {
              "post": [
                0,
                -3,
                0
              ],
              "lerp_mode": "catmullrom"
            },
            "0.25": {
              "post": [
                0,
                0.05,
                0
              ],
              "lerp_mode": "catmullrom"
            },
            "0.3333": {
              "post": [
                0,
                0.05,
                0
              ],
              "lerp_mode": "catmullrom"
            },
            "0.4167": {
              "post": [
                0,
                -3,
                0
              ],
              "lerp_mode": "catmullrom"
            }
          }
        },
        "Head": {
          "rotation": {
            "0.0": {
              "post": [
                -20,
                0,
                0
              ],
              "lerp_mode": "catmullrom"
            },
            "0.125": {
              "post": [
                -17.5,
                0,
                0
              ],
              "lerp_mode": "catmullrom"
            },
            "0.25": {
              "post": [
                -23.35,
                0,
                0
              ],
              "lerp_mode": "catmullrom"
            },
            "0.4167": {
              "post": [
                -20,
                0,
                0
              ],
              "lerp_mode": "catmullrom"
            }
          }
        },
        "bone4": {
          "position": {
            "0.0": {
              "post": [
                0,
                -14,
                0
              ],
              "lerp_mode": "catmullrom"
            }
          },
          "scale": {
            "0.0": {
              "post": [
                1,
                3.2,
                1
              ],
              "lerp_mode": "catmullrom"
            },
            "0.0833": {
              "post": [
                1,
                4.8,
                1
              ],
              "lerp_mode": "catmullrom"
            },
            "0.125": {
              "post": [
                1,
                3.2,
                1
              ],
              "lerp_mode": "catmullrom"
            },
            "0.1667": {
              "post": [
                1,
                4.8,
                1
              ],
              "lerp_mode": "catmullrom"
            },
            "0.2083": {
              "post": [
                1,
                6.2852,
                1
              ],
              "lerp_mode": "catmullrom"
            },
            "0.25": {
              "post": [
                1,
                3.7354,
                1
              ],
              "lerp_mode": "catmullrom"
            },
            "0.2917": {
              "post": [
                1,
                3.2,
                1
              ],
              "lerp_mode": "catmullrom"
            },
            "0.3333": {
              "post": [
                1,
                4.8,
                1
              ],
              "lerp_mode": "catmullrom"
            },
            "0.375": {
              "post": [
                1,
                3.2,
                1
              ],
              "lerp_mode": "catmullrom"
            }
          }
        },
        "bone5": {
          "position": {
            "0.0": {
              "post": [
                0,
                -14,
                0
              ],
              "lerp_mode": "catmullrom"
            }
          },
          "scale": {
            "0.0": {
              "post": [
                1,
                3.2,
                1
              ],
              "lerp_mode": "catmullrom"
            },
            "0.0833": {
              "post": [
                1,
                4.8,
                1
              ],
              "lerp_mode": "catmullrom"
            },
            "0.125": {
              "post": [
                1,
                3.2,
                1
              ],
              "lerp_mode": "catmullrom"
            },
            "0.1667": {
              "post": [
                1,
                4.8,
                1
              ],
              "lerp_mode": "catmullrom"
            },
            "0.2083": {
              "post": [
                1,
                6.2852,
                1
              ],
              "lerp_mode": "catmullrom"
            },
            "0.25": {
              "post": [
                1,
                3.7354,
                1
              ],
              "lerp_mode": "catmullrom"
            },
            "0.2917": {
              "post": [
                1,
                3.2,
                1
              ],
              "lerp_mode": "catmullrom"
            },
            "0.3333": {
              "post": [
                1,
                4.8,
                1
              ],
              "lerp_mode": "catmullrom"
            },
            "0.375": {
              "post": [
                1,
                3.2,
                1
              ],
              "lerp_mode": "catmullrom"
            }
          }
        },
        "Leg0": {
          "rotation": {
            "0.0": {
              "post": [
                -17.5,
                0,
                10
              ],
              "lerp_mode": "catmullrom"
            },
            "0.2083": {
              "post": [
                -25,
                0,
                10
              ],
              "lerp_mode": "catmullrom"
            },
            "0.4167": {
              "post": [
                -17.5,
                0,
                10
              ],
              "lerp_mode": "catmullrom"
            }
          }
        },
        "Legs0": {
          "rotation": {
            "0.0": {
              "post": [
                35,
                0,
                0
              ],
              "lerp_mode": "catmullrom"
            },
            "0.1667": {
              "post": [
                42.5,
                0,
                0
              ],
              "lerp_mode": "catmullrom"
            },
            "0.2917": {
              "post": [
                33.75,
                0,
                0
              ],
              "lerp_mode": "catmullrom"
            },
            "0.4167": {
              "post": [
                35,
                0,
                0
              ],
              "lerp_mode": "catmullrom"
            }
          }
        },
        "Leg1": {
          "rotation": {
            "0.0": {
              "post": [
                -17.5,
                0,
                -10
              ],
              "lerp_mode": "catmullrom"
            },
            "0.2083": {
              "post": [
                -22.5,
                0,
                -10
              ],
              "lerp_mode": "catmullrom"
            },
            "0.4167": {
              "post": [
                -17.5,
                0,
                -10
              ],
              "lerp_mode": "catmullrom"
            }
          }
        },
        "Legs1": {
          "rotation": {
            "0.0": {
              "post": [
                35,
                0,
                0
              ],
              "lerp_mode": "catmullrom"
            },
            "0.1667": {
              "post": [
                42.5,
                0,
                0
              ],
              "lerp_mode": "catmullrom"
            },
            "0.2917": {
              "post": [
                31.25,
                0,
                0
              ],
              "lerp_mode": "catmullrom"
            },
            "0.4167": {
              "post": [
                35,
                0,
                0
              ],
              "lerp_mode": "catmullrom"
            }
          }
        }
      }
    },
    "animation.Gold_speaker_man.attack": {
      "animation_length": 0.41667,
      "bones": {
        "Body": {
          "rotation": {
            "0.0": [
              0,
              0,
              0
            ],
            "0.0417": [
              -20,
              0,
              0
            ],
            "0.2083": [
              97.27,
              0,
              0
            ],
            "0.375": [
              0,
              0,
              0
            ]
          }
        },
        "Arm0": {
          "rotation": {
            "0.0": [
              0,
              0,
              0
            ],
            "0.0417": [
              -215,
              0,
              0
            ],
            "0.375": [
              0,
              0,
              0
            ]
          }
        },
        "bone0": {
          "rotation": {
            "0.0": [
              720,
              0,
              0
            ],
            "0.375": [
              720,
              0,
              0
            ]
          }
        },
        "Arm1": {
          "rotation": {
            "0.0": [
              0,
              0,
              0
            ],
            "0.0417": [
              -215,
              0,
              0
            ],
            "0.375": [
              0,
              0,
              0
            ]
          }
        },
        "Head": {
          "rotation": {
            "0.0": [
              0,
              0,
              0
            ],
            "0.25": [
              37.5,
              0,
              0
            ],
            "0.4167": [
              0,
              0,
              0
            ]
          }
        }
      }
    },
    "animation.tm_giant_sp.walk_4": {
      "loop": true,
      "animation_length": 0.75,
      "bones": {
        "body": {
          "rotation": {
            "0.0": [
              0,
              0,
              -2.5
            ],
            "0.3333": [
              0,
              0,
              2.5
            ],
            "0.75": [
              0,
              0,
              -2.5
            ]
          }
        },
        "right_arm": {
          "rotation": {
            "0.0": [
              0,
              0,
              2.5
            ],
            "0.375": [
              0,
              0,
              -5
            ],
            "0.75": [
              0,
              0,
              2.5
            ]
          }
        },
        "left_arm": {
          "rotation": {
            "0.0": [
              0,
              0,
              2.5
            ],
            "0.375": [
              0,
              0,
              0
            ],
            "0.75": [
              0,
              0,
              2.5
            ]
          }
        },
        "right_leg": {
          "rotation": {
            "0.0": [
              17.5,
              0,
              0
            ],
            "0.3333": [
              -20,
              0,
              0
            ],
            "0.75": [
              17.5,
              0,
              0
            ]
          }
        },
        "bone5": {
          "rotation": {
            "0.0": [
              7.5,
              0,
              0
            ],
            "0.3333": [
              15,
              0,
              0
            ],
            "0.4583": [
              2.75,
              0,
              0
            ],
            "0.75": [
              7.5,
              0,
              0
            ]
          }
        },
        "left_leg": {
          "rotation": {
            "0.0": [
              -17.5,
              0,
              0
            ],
            "0.25": [
              -7.5,
              0,
              0
            ],
            "0.4583": [
              15.83,
              0,
              0
            ],
            "0.75": [
              -17.5,
              0,
              0
            ]
          }
        },
        "bone4": {
          "rotation": {
            "0.0": [
              17.5,
              0,
              0
            ],
            "0.3333": [
              7.5,
              0,
              0
            ],
            "0.5": [
              34,
              0,
              0
            ],
            "0.75": [
              17.5,
              0,
              0
            ]
          }
        }
      }
    },
    "animation.tm_giant_sp.move_5": {
      "loop": true,
      "animation_length": 0.5,
      "bones": {
        "body": {
          "rotation": {
            "0.0": [
              0,
              0,
              -2.5
            ],
            "0.2917": [
              0,
              0,
              0
            ],
            "0.5": [
              0,
              0,
              -2.5
            ]
          }
        },
        "right_arm": {
          "rotation": {
            "0.0": [
              0,
              0,
              2.5
            ],
            "0.2083": [
              -2.5,
              0,
              2.5
            ],
            "0.5": [
              0,
              0,
              2.5
            ]
          }
        },
        "bone2": {
          "rotation": [
            -22.5,
            0,
            0
          ]
        },
        "left_arm": {
          "rotation": {
            "0.0": [
              0,
              0,
              2.5
            ],
            "0.2083": [
              -2.5,
              0,
              2.5
            ],
            "0.5": [
              0,
              0,
              2.5
            ]
          }
        },
        "bone3": {
          "rotation": [
            -32.5,
            0,
            0
          ]
        },
        "right_leg": {
          "rotation": {
            "0.0": [
              17.5,
              0,
              0
            ],
            "0.2083": [
              -2.5,
              0,
              0
            ],
            "0.25": [
              -17.14,
              0,
              0
            ],
            "0.5": [
              17.5,
              0,
              0
            ]
          }
        },
        "bone5": {
          "rotation": {
            "0.0": [
              7.5,
              0,
              0
            ],
            "0.2083": [
              2.5,
              0,
              0
            ],
            "0.2917": [
              -6.07,
              0,
              0
            ],
            "0.5": [
              7.5,
              0,
              0
            ]
          }
        },
        "left_leg": {
          "rotation": {
            "0.0": [
              -17.5,
              0,
              0
            ],
            "0.2083": [
              12.5,
              0,
              0
            ],
            "0.5": [
              -17.5,
              0,
              0
            ]
          }
        },
        "bone4": {
          "rotation": {
            "0.0": [
              17.5,
              0,
              0
            ],
            "0.0833": [
              6.8391,
              0.648,
              0.55776
            ],
            "0.2083": [
              -8.75,
              0,
              0
            ],
            "0.3333": [
              12.5,
              0,
              0
            ],
            "0.5": [
              17.5,
              0,
              0
            ]
          }
        }
      }
    },
    "animation.tm_giant_sp.attack_6": {
      "animation_length": 0.5,
      "bones": {
        "body": {
          "rotation": {
            "0.0": [
              0,
              0,
              0
            ],
            "0.0417": [
              0,
              22.5,
              0
            ],
            "0.25": [
              61.26011,
              -6.60762,
              2.07849
            ],
            "0.5": [
              0,
              0,
              0
            ]
          }
        },
        "right_arm": {
          "rotation": {
            "0.0": [
              -0.00917,
              0.31159,
              -0.26694
            ],
            "0.0417": [
              35.64284,
              13.39006,
              106.6135
            ],
            "0.25": [
              -94.73007,
              -21.89109,
              51.63211
            ],
            "0.5": [
              -0.00917,
              0.31159,
              -0.26694
            ]
          }
        },
        "bone2": {
          "rotation": {
            "0.0": [
              0,
              0,
              0
            ],
            "0.0417": [
              -112.5,
              0,
              0
            ],
            "0.25": [
              -11.36,
              0,
              0
            ],
            "0.5": [
              0,
              0,
              0
            ]
          }
        },
        "left_arm": {
          "rotation": {
            "0.0": [
              0,
              0,
              0
            ],
            "0.0417": [
              20,
              0,
              -15
            ],
            "0.25": [
              0.90909,
              0,
              -8.18182
            ],
            "0.5": [
              0,
              0,
              0
            ]
          }
        },
        "bone3": {
          "rotation": {
            "0.0": [
              0,
              0,
              0
            ],
            "0.0417": [
              -20,
              0,
              0
            ],
            "0.2917": [
              -26.59,
              0,
              0
            ],
            "0.5": [
              0,
              0,
              0
            ]
          }
        }
      }
    }
  }
}