{
  "format_version": "1.8.0",
  "animations": {
    "animation.iron_golem.attack": {
      "loop": true,
      "bones": {
        "arm0": {
          "rotation": [
            "-114 + ((1.5 * math.abs(math.mod(variable.attack_animation_tick - query.frame_alpha, 10) - 5) - 2.5) / 5) * 57.3",
            0,
            0
          ]
        },
        "arm1": {
          "rotation": [
            "-114 + ((1.5 * math.abs(math.mod(variable.attack_animation_tick - query.frame_alpha, 10) - 5) - 2.5) / 5) * 57.3",
            0,
            0
          ]
        }
      }
    },
    "animation.tm_omega.flower": {
      "loop": true,
      "bones": {
        "arm0": {
          "rotation": [
            "-45.8 + ((0.25 * math.abs(math.mod(variable.offer_flower_tick, 70) - 35) - 17.5) / 35)",
            0,
            0
          ]
        }
      }
    },
    "animation.tm_omega.move": {
      "loop": true,
      "bones": {
        "arm0": {
          "rotation": [
            "-variable.modified_tcos0 * 2.0",
            0,
            0
          ]
        },
        "arm1": {
          "rotation": [
            "variable.modified_tcos0 * 2.0",
            0,
            0
          ]
        }
      }
    },
    "animation.iron_golem.move_to_target": {
      "loop": true,
      "bones": {
        "arm0": {
          "rotation": [
            "((math.abs(math.mod(query.modified_distance_moved, 13) - 6.5) - 3.25) / 2.25) * 30.0",
            0,
            0
          ]
        },
        "arm1": {
          "rotation": [
            "((math.abs(math.mod(query.modified_distance_moved, 13) - 6.5) - 3.25) / 2.25) * -30.0",
            0,
            0
          ]
        }
      }
    },
    "animation.iron_golem.walk": {
      "loop": true,
      "bones": {
        "body": {
          "rotation": [
            0,
            0,
            "variable.modified_tcos0 / 1.5"
          ]
        },
        "head": {
          "rotation": [
            0,
            0,
            "variable.modified_tcos0 / 1.5"
          ]
        },
        "leg0": {
          "rotation": [
            "variable.modified_tcos0 * 6.0",
            0,
            0
          ]
        },
        "leg1": {
          "rotation": [
            "-variable.modified_tcos0 * 6.0",
            0,
            0
          ]
        }
      }
    },
    "animation.tm_omega.walk_to_target": {
      "loop": true,
      "bones": {
        "body": {
          "rotation": [
            0,
            0,
            "2.0 * (math.abs(math.mod(query.modified_distance_moved + 6, 13.0) - 6.5) - 3.25)"
          ]
        },
        "head": {
          "rotation": [
            0,
            0,
            "2.0 * (math.abs(math.mod(query.modified_distance_moved + 6, 13.0) - 6.5) - 3.25)"
          ]
        },
        "leg0": {
          "rotation": [
            "(math.cos(query.modified_distance_moved * 38.17) * 40.0)",
            0,
            0
          ]
        },
        "leg1": {
          "rotation": [
            "(math.cos(query.modified_distance_moved * 38.17 + 180) * 40.0)",
            0,
            0
          ]
        }
      }
    },
    "animation.New_Upgrade_Cameraman_Titan.walk": {
      "loop": true,
      "animation_length": 1.5,
      "bones": {
        "bone7": {
          "rotation": {
            "0.0": {
              "post": [
                30,
                0,
                0
              ],
              "lerp_mode": "catmullrom"
            },
            "0.625": {
              "post": [
                -30,
                0,
                0
              ],
              "lerp_mode": "catmullrom"
            },
            "1.5": {
              "post": [
                30,
                0,
                0
              ],
              "lerp_mode": "catmullrom"
            }
          },
          "position": {
            "0.0": {
              "post": [
                0,
                0,
                2
              ],
              "lerp_mode": "catmullrom"
            },
            "0.2917": {
              "post": [
                0,
                3,
                0
              ],
              "lerp_mode": "catmullrom"
            },
            "0.625": {
              "post": [
                0,
                0,
                -2
              ],
              "lerp_mode": "catmullrom"
            },
            "1.5": {
              "post": [
                0,
                0,
                2
              ],
              "lerp_mode": "catmullrom"
            }
          }
        },
        "bone24": {
          "rotation": {
            "0.0": {
              "post": [
                37.5,
                0,
                0
              ],
              "lerp_mode": "catmullrom"
            },
            "0.1667": {
              "post": [
                60,
                0,
                0
              ],
              "lerp_mode": "catmullrom"
            },
            "0.375": {
              "post": [
                25.5,
                0,
                0
              ],
              "lerp_mode": "catmullrom"
            },
            "0.625": {
              "post": [
                2,
                0,
                0
              ],
              "lerp_mode": "catmullrom"
            },
            "0.875": {
              "post": [
                6.44,
                0,
                0
              ],
              "lerp_mode": "catmullrom"
            },
            "1.1667": {
              "post": [
                -7.75,
                0,
                0
              ],
              "lerp_mode": "catmullrom"
            },
            "1.5": {
              "post": [
                37.5,
                0,
                0
              ],
              "lerp_mode": "catmullrom"
            }
          }
        },
        "bone2": {
          "rotation": {
            "0.0": {
              "post": [
                0,
                0,
                -5
              ],
              "lerp_mode": "catmullrom"
            },
            "0.625": {
              "post": [
                0,
                0,
                5
              ],
              "lerp_mode": "catmullrom"
            },
            "1.5": {
              "post": [
                0,
                0,
                -5
              ],
              "lerp_mode": "catmullrom"
            }
          },
          "position": {
            "0.0": {
              "post": [
                0,
                -1,
                0
              ],
              "lerp_mode": "catmullrom"
            },
            "0.1667": {
              "post": [
                0,
                -3,
                0
              ],
              "lerp_mode": "catmullrom"
            },
            "0.4167": {
              "post": [
                0,
                -1,
                0
              ],
              "lerp_mode": "catmullrom"
            },
            "0.6667": {
              "post": [
                0,
                -1,
                0
              ],
              "lerp_mode": "catmullrom"
            },
            "1.0": {
              "post": [
                0,
                -3,
                0
              ],
              "lerp_mode": "catmullrom"
            },
            "1.3333": {
              "post": [
                0,
                -1,
                0
              ],
              "lerp_mode": "catmullrom"
            },
            "1.5": {
              "post": [
                0,
                -1,
                0
              ],
              "lerp_mode": "catmullrom"
            }
          }
        },
        "bone": {
          "rotation": {
            "0.0": {
              "post": [
                5,
                0,
                0
              ],
              "lerp_mode": "catmullrom"
            },
            "0.25": {
              "post": [
                0,
                0,
                0
              ],
              "lerp_mode": "catmullrom"
            },
            "0.5": {
              "post": [
                -1.5,
                0,
                0
              ],
              "lerp_mode": "catmullrom"
            },
            "0.8333": {
              "post": [
                5,
                0,
                0
              ],
              "lerp_mode": "catmullrom"
            },
            "1.0": {
              "post": [
                0,
                0,
                0
              ],
              "lerp_mode": "catmullrom"
            },
            "1.25": {
              "post": [
                -1.5,
                0,
                0
              ],
              "lerp_mode": "catmullrom"
            },
            "1.5": {
              "post": [
                5,
                0,
                0
              ],
              "lerp_mode": "catmullrom"
            }
          }
        },
        "bone19": {
          "rotation": {
            "0.0": {
              "post": [
                -5,
                0,
                0
              ],
              "lerp_mode": "catmullrom"
            },
            "0.2083": {
              "post": [
                -10,
                0,
                0
              ],
              "lerp_mode": "catmullrom"
            },
            "0.375": {
              "post": [
                -2.5,
                0,
                0
              ],
              "lerp_mode": "catmullrom"
            },
            "0.625": {
              "post": [
                7.5,
                0,
                0
              ],
              "lerp_mode": "catmullrom"
            },
            "0.8333": {
              "post": [
                -2.5,
                0,
                0
              ],
              "lerp_mode": "catmullrom"
            },
            "1.0833": {
              "post": [
                -20,
                0,
                0
              ],
              "lerp_mode": "catmullrom"
            },
            "1.2917": {
              "post": [
                -10,
                0,
                0
              ],
              "lerp_mode": "catmullrom"
            },
            "1.5": {
              "post": [
                -5,
                0,
                0
              ],
              "lerp_mode": "catmullrom"
            }
          },
          "position": {
            "0.0": {
              "post": [
                0,
                0,
                0
              ],
              "lerp_mode": "catmullrom"
            },
            "0.2917": {
              "post": [
                0,
                -2,
                0
              ],
              "lerp_mode": "catmullrom"
            },
            "0.4167": {
              "post": [
                0,
                0.21,
                0
              ],
              "lerp_mode": "catmullrom"
            },
            "0.6667": {
              "post": [
                0,
                0,
                0
              ],
              "lerp_mode": "catmullrom"
            },
            "0.9167": {
              "post": [
                0,
                -2,
                0
              ],
              "lerp_mode": "catmullrom"
            },
            "1.1667": {
              "post": [
                0,
                0.21,
                0
              ],
              "lerp_mode": "catmullrom"
            },
            "1.5": {
              "post": [
                0,
                0,
                0
              ],
              "lerp_mode": "catmullrom"
            }
          }
        },
        "bone6": {
          "rotation": {
            "0.0": {
              "post": [
                30,
                0,
                0
              ],
              "lerp_mode": "catmullrom"
            },
            "0.875": {
              "post": [
                -30,
                0,
                0
              ],
              "lerp_mode": "catmullrom"
            },
            "1.5": {
              "post": [
                30,
                0,
                0
              ],
              "lerp_mode": "catmullrom"
            }
          }
        },
        "bone5": {
          "rotation": {
            "0.0": {
              "post": [
                -30,
                0,
                0
              ],
              "lerp_mode": "catmullrom"
            },
            "0.875": {
              "post": [
                30,
                0,
                0
              ],
              "lerp_mode": "catmullrom"
            },
            "1.5": {
              "post": [
                -30,
                0,
                0
              ],
              "lerp_mode": "catmullrom"
            }
          }
        },
        "bone8": {
          "rotation": {
            "0.0": {
              "post": [
                -30,
                0,
                0
              ],
              "lerp_mode": "catmullrom"
            },
            "0.625": {
              "post": [
                30,
                0,
                0
              ],
              "lerp_mode": "catmullrom"
            },
            "1.5": {
              "post": [
                -30,
                0,
                0
              ],
              "lerp_mode": "catmullrom"
            }
          },
          "position": {
            "0.0": {
              "post": [
                0,
                0,
                -2
              ],
              "lerp_mode": "catmullrom"
            },
            "0.625": {
              "post": [
                0,
                0,
                2
              ],
              "lerp_mode": "catmullrom"
            },
            "1.125": {
              "post": [
                0,
                3,
                0
              ],
              "lerp_mode": "catmullrom"
            },
            "1.5": {
              "post": [
                0,
                0,
                -2
              ],
              "lerp_mode": "catmullrom"
            }
          }
        },
        "bone23": {
          "rotation": {
            "0.0": {
              "post": [
                0,
                0,
                0
              ],
              "lerp_mode": "catmullrom"
            },
            "0.1667": {
              "post": [
                -6.66,
                0,
                0
              ],
              "lerp_mode": "catmullrom"
            },
            "0.375": {
              "post": [
                -17.83,
                0,
                0
              ],
              "lerp_mode": "catmullrom"
            },
            "0.5833": {
              "post": [
                -7.5,
                0,
                0
              ],
              "lerp_mode": "catmullrom"
            },
            "0.75": {
              "post": [
                37.81,
                0,
                0
              ],
              "lerp_mode": "catmullrom"
            },
            "0.9583": {
              "post": [
                58.97,
                0,
                0
              ],
              "lerp_mode": "catmullrom"
            },
            "1.1667": {
              "post": [
                50.27,
                0,
                0
              ],
              "lerp_mode": "catmullrom"
            },
            "1.5": {
              "post": [
                0,
                0,
                0
              ],
              "lerp_mode": "catmullrom"
            }
          }
        },
        "bone14": {
          "rotation": [
            10,
            0,
            0
          ]
        },
        "bone11": {
          "rotation": [
            -17.5,
            0,
            0
          ]
        },
        "bone12": {
          "rotation": [
            0,
            -15,
            0
          ]
        },
        "bone15": {
          "rotation": [
            0,
            15,
            0
          ]
        },
        "bone20": {
          "rotation": {
            "0.0": {
              "post": [
                7.5,
                0,
                0
              ],
              "lerp_mode": "catmullrom"
            },
            "0.1667": {
              "post": [
                10,
                0,
                0
              ],
              "lerp_mode": "catmullrom"
            },
            "0.375": {
              "post": [
                -0.39,
                0,
                0
              ],
              "lerp_mode": "catmullrom"
            },
            "0.5833": {
              "post": [
                -8.93,
                0,
                0
              ],
              "lerp_mode": "catmullrom"
            },
            "0.8333": {
              "post": [
                5.55,
                0,
                0
              ],
              "lerp_mode": "catmullrom"
            },
            "1.0833": {
              "post": [
                16.28,
                0,
                0
              ],
              "lerp_mode": "catmullrom"
            },
            "1.2917": {
              "post": [
                1.76,
                0,
                0
              ],
              "lerp_mode": "catmullrom"
            },
            "1.5": {
              "post": [
                7.5,
                0,
                0
              ],
              "lerp_mode": "catmullrom"
            }
          }
        },
        "bone21": {
          "rotation": {
            "0.0": {
              "post": [
                5,
                0,
                0
              ],
              "lerp_mode": "catmullrom"
            },
            "0.2083": {
              "post": [
                2.5,
                0,
                0
              ],
              "lerp_mode": "catmullrom"
            },
            "0.4167": {
              "post": [
                0.4,
                0,
                0
              ],
              "lerp_mode": "catmullrom"
            },
            "0.5833": {
              "post": [
                -1.39,
                0,
                0
              ],
              "lerp_mode": "catmullrom"
            },
            "0.875": {
              "post": [
                -6.86,
                0,
                0
              ],
              "lerp_mode": "catmullrom"
            },
            "1.0417": {
              "post": [
                3.8,
                0,
                0
              ],
              "lerp_mode": "catmullrom"
            },
            "1.375": {
              "post": [
                12.17,
                0,
                0
              ],
              "lerp_mode": "catmullrom"
            },
            "1.5": {
              "post": [
                5,
                0,
                0
              ],
              "lerp_mode": "catmullrom"
            }
          }
        },
        "bone22": {
          "rotation": {
            "0.0": {
              "post": [
                -12.5,
                0,
                0
              ],
              "lerp_mode": "catmullrom"
            },
            "0.2083": {
              "post": [
                -10,
                0,
                0
              ],
              "lerp_mode": "catmullrom"
            },
            "0.4167": {
              "post": [
                -0.4,
                0,
                0
              ],
              "lerp_mode": "catmullrom"
            },
            "0.5833": {
              "post": [
                10.24,
                0,
                0
              ],
              "lerp_mode": "catmullrom"
            },
            "0.8333": {
              "post": [
                -0.96,
                0,
                0
              ],
              "lerp_mode": "catmullrom"
            },
            "1.125": {
              "post": [
                -13.51,
                0,
                0
              ],
              "lerp_mode": "catmullrom"
            },
            "1.3333": {
              "post": [
                -2.95,
                0,
                0
              ],
              "lerp_mode": "catmullrom"
            },
            "1.5": {
              "post": [
                -12.5,
                0,
                0
              ],
              "lerp_mode": "catmullrom"
            }
          }
        },
        "bone32": {
          "rotation": {
            "0.0": {
              "post": [
                2.5,
                0,
                0
              ],
              "lerp_mode": "catmullrom"
            },
            "0.2917": {
              "post": [
                5,
                0,
                0
              ],
              "lerp_mode": "catmullrom"
            },
            "0.5833": {
              "post": [
                2.5,
                0,
                0
              ],
              "lerp_mode": "catmullrom"
            },
            "0.8333": {
              "post": [
                5,
                0,
                0
              ],
              "lerp_mode": "catmullrom"
            },
            "1.0833": {
              "post": [
                2.5,
                0,
                0
              ],
              "lerp_mode": "catmullrom"
            },
            "1.2917": {
              "post": [
                5,
                0,
                0
              ],
              "lerp_mode": "catmullrom"
            },
            "1.5": {
              "post": [
                2.5,
                0,
                0
              ],
              "lerp_mode": "catmullrom"
            }
          }
        }
      }
    },
    "animation.New_Upgrade_Cameraman_Titan.move": {
      "loop": true,
      "animation_length": 0.75,
      "bones": {
        "bone9": {
          "rotation": {
            "0.0": {
              "post": [
                20,
                0,
                0
              ],
              "lerp_mode": "catmullrom"
            }
          },
          "position": {
            "0.0": {
              "post": [
                0,
                17,
                3
              ],
              "lerp_mode": "catmullrom"
            },
            "0.125": {
              "post": [
                0,
                19,
                3
              ],
              "lerp_mode": "catmullrom"
            },
            "0.375": {
              "post": [
                0,
                22,
                3
              ],
              "lerp_mode": "catmullrom"
            },
            "0.5833": {
              "post": [
                0,
                15,
                3
              ],
              "lerp_mode": "catmullrom"
            },
            "0.75": {
              "post": [
                0,
                17,
                3
              ],
              "lerp_mode": "catmullrom"
            }
          }
        },
        "bone7": {
          "rotation": {
            "0.0": {
              "post": [
                -25,
                0,
                0
              ],
              "lerp_mode": "catmullrom"
            },
            "0.375": {
              "post": [
                -35,
                0,
                0
              ],
              "lerp_mode": "catmullrom"
            },
            "0.75": {
              "post": [
                -25,
                0,
                0
              ],
              "lerp_mode": "catmullrom"
            }
          }
        },
        "bone24": {
          "rotation": {
            "0.0": {
              "post": [
                15,
                0,
                0
              ],
              "lerp_mode": "catmullrom"
            },
            "0.1667": {
              "post": [
                27.5,
                0,
                0
              ],
              "lerp_mode": "catmullrom"
            },
            "0.5": {
              "post": [
                7.5,
                0,
                0
              ],
              "lerp_mode": "catmullrom"
            },
            "0.75": {
              "post": [
                15,
                0,
                0
              ],
              "lerp_mode": "catmullrom"
            }
          }
        },
        "bone13": {
          "position": {
            "0.0": {
              "post": [
                0,
                -1,
                0
              ],
              "lerp_mode": "catmullrom"
            },
            "0.125": {
              "post": [
                0,
                0,
                0
              ],
              "lerp_mode": "catmullrom"
            },
            "0.25": {
              "post": [
                0,
                0.8,
                0
              ],
              "lerp_mode": "catmullrom"
            },
            "0.4167": {
              "post": [
                0,
                -1,
                0
              ],
              "lerp_mode": "catmullrom"
            },
            "0.5417": {
              "post": [
                0,
                0,
                0
              ],
              "lerp_mode": "catmullrom"
            },
            "0.625": {
              "post": [
                0,
                0.8,
                0
              ],
              "lerp_mode": "catmullrom"
            },
            "0.75": {
              "post": [
                0,
                -1,
                0
              ],
              "lerp_mode": "catmullrom"
            }
          }
        },
        "bone18": {
          "position": {
            "0.0": {
              "post": [
                0,
                -32,
                0
              ],
              "lerp_mode": "catmullrom"
            }
          },
          "scale": {
            "0.0": {
              "post": [
                1,
                1.9,
                1
              ],
              "lerp_mode": "catmullrom"
            },
            "0.0833": {
              "post": [
                1,
                3,
                1
              ],
              "lerp_mode": "catmullrom"
            },
            "0.2083": {
              "post": [
                1,
                4.1,
                1
              ],
              "lerp_mode": "catmullrom"
            },
            "0.375": {
              "post": [
                1,
                1.9,
                1
              ],
              "lerp_mode": "catmullrom"
            },
            "0.5": {
              "post": [
                1,
                3,
                1
              ],
              "lerp_mode": "catmullrom"
            },
            "0.625": {
              "post": [
                1,
                3.9,
                1
              ],
              "lerp_mode": "catmullrom"
            },
            "0.75": {
              "post": [
                1,
                1.9,
                1
              ],
              "lerp_mode": "catmullrom"
            }
          }
        },
        "bone17": {
          "position": {
            "0.0": {
              "post": [
                0,
                -32,
                0
              ],
              "lerp_mode": "catmullrom"
            }
          },
          "scale": {
            "0.0": {
              "post": [
                1,
                1.9,
                1
              ],
              "lerp_mode": "catmullrom"
            },
            "0.0833": {
              "post": [
                1,
                3,
                1
              ],
              "lerp_mode": "catmullrom"
            },
            "0.2083": {
              "post": [
                1,
                3.9,
                1
              ],
              "lerp_mode": "catmullrom"
            },
            "0.375": {
              "post": [
                1,
                1.9,
                1
              ],
              "lerp_mode": "catmullrom"
            },
            "0.5": {
              "post": [
                1,
                3,
                1
              ],
              "lerp_mode": "catmullrom"
            },
            "0.625": {
              "post": [
                1,
                3.9,
                1
              ],
              "lerp_mode": "catmullrom"
            },
            "0.75": {
              "post": [
                1,
                1.9,
                1
              ],
              "lerp_mode": "catmullrom"
            }
          }
        },
        "bone": {
          "rotation": {
            "0.0": {
              "post": [
                -15,
                0,
                0
              ],
              "lerp_mode": "catmullrom"
            },
            "0.2083": {
              "post": [
                -16.93,
                0,
                0
              ],
              "lerp_mode": "catmullrom"
            },
            "0.5417": {
              "post": [
                -9.05,
                0,
                0
              ],
              "lerp_mode": "catmullrom"
            },
            "0.75": {
              "post": [
                -15,
                0,
                0
              ],
              "lerp_mode": "catmullrom"
            }
          }
        },
        "bone6": {
          "rotation": {
            "0.0": {
              "post": [
                0,
                0,
                20
              ],
              "lerp_mode": "catmullrom"
            },
            "0.2083": {
              "post": [
                0,
                0,
                30
              ],
              "lerp_mode": "catmullrom"
            },
            "0.5417": {
              "post": [
                0,
                0,
                32.69
              ],
              "lerp_mode": "catmullrom"
            },
            "0.75": {
              "post": [
                0,
                0,
                20
              ],
              "lerp_mode": "catmullrom"
            }
          }
        },
        "bone5": {
          "rotation": {
            "0.0": {
              "post": [
                0,
                0,
                -17.5
              ],
              "lerp_mode": "catmullrom"
            },
            "0.2083": {
              "post": [
                0,
                0,
                -30
              ],
              "lerp_mode": "catmullrom"
            },
            "0.5417": {
              "post": [
                0,
                0,
                -32.69
              ],
              "lerp_mode": "catmullrom"
            },
            "0.75": {
              "post": [
                0,
                0,
                -17.5
              ],
              "lerp_mode": "catmullrom"
            }
          }
        },
        "bone8": {
          "rotation": {
            "0.0": {
              "post": [
                -7.5,
                0,
                0
              ],
              "lerp_mode": "catmullrom"
            },
            "0.375": {
              "post": [
                0,
                0,
                0
              ],
              "lerp_mode": "catmullrom"
            },
            "0.75": {
              "post": [
                -7.5,
                0,
                0
              ],
              "lerp_mode": "catmullrom"
            }
          }
        },
        "bone23": {
          "rotation": {
            "0.0": {
              "post": [
                25,
                0,
                0
              ],
              "lerp_mode": "catmullrom"
            },
            "0.25": {
              "post": [
                8.88736,
                0.11872,
                0.8753
              ],
              "lerp_mode": "catmullrom"
            },
            "0.5833": {
              "post": [
                34.75744,
                0.29798,
                2.19704
              ],
              "lerp_mode": "catmullrom"
            },
            "0.75": {
              "post": [
                25,
                0,
                0
              ],
              "lerp_mode": "catmullrom"
            }
          }
        },
        "bone31": {
          "position": {
            "0.0": {
              "post": [
                0,
                -1,
                0
              ],
              "lerp_mode": "catmullrom"
            },
            "0.125": {
              "post": [
                0,
                0,
                0
              ],
              "lerp_mode": "catmullrom"
            },
            "0.2083": {
              "post": [
                0,
                1.87,
                0
              ],
              "lerp_mode": "catmullrom"
            },
            "0.3333": {
              "post": [
                0,
                -1,
                0
              ],
              "lerp_mode": "catmullrom"
            },
            "0.4583": {
              "post": [
                0,
                0,
                0
              ],
              "lerp_mode": "catmullrom"
            },
            "0.5833": {
              "post": [
                0,
                1.87,
                0
              ],
              "lerp_mode": "catmullrom"
            },
            "0.75": {
              "post": [
                0,
                -1,
                0
              ],
              "lerp_mode": "catmullrom"
            }
          }
        },
        "bone4": {
          "position": {
            "0.0": {
              "post": [
                0,
                -1,
                0
              ],
              "lerp_mode": "catmullrom"
            },
            "0.125": {
              "post": [
                0,
                0,
                0
              ],
              "lerp_mode": "catmullrom"
            },
            "0.2083": {
              "post": [
                0,
                1.87,
                0
              ],
              "lerp_mode": "catmullrom"
            },
            "0.3333": {
              "post": [
                0,
                -1,
                0
              ],
              "lerp_mode": "catmullrom"
            },
            "0.4583": {
              "post": [
                0,
                0,
                0
              ],
              "lerp_mode": "catmullrom"
            },
            "0.625": {
              "post": [
                0,
                1.87,
                0
              ],
              "lerp_mode": "catmullrom"
            },
            "0.75": {
              "post": [
                0,
                -1,
                0
              ],
              "lerp_mode": "catmullrom"
            }
          }
        },
        "bone14": {
          "rotation": [
            7.5,
            0,
            0
          ]
        },
        "bone11": {
          "rotation": [
            -20,
            0,
            0
          ]
        },
        "bone12": {
          "rotation": [
            0,
            -12.5,
            0
          ]
        },
        "bone15": {
          "rotation": [
            0,
            15,
            0
          ]
        },
        "bone19": {
          "rotation": {
            "0.0": {
              "post": [
                -7.34186,
                -1.17197,
                -0.91605
              ],
              "lerp_mode": "catmullrom"
            },
            "0.2083": {
              "post": [
                -17.34186,
                -1.17197,
                -0.91605
              ],
              "lerp_mode": "catmullrom"
            },
            "0.4583": {
              "post": [
                -6.76493,
                -1.17197,
                -0.91605
              ],
              "lerp_mode": "catmullrom"
            },
            "0.625": {
              "post": [
                -4.52134,
                -1.17197,
                -0.91605
              ],
              "lerp_mode": "catmullrom"
            },
            "0.75": {
              "post": [
                -7.34186,
                -1.17197,
                -0.91605
              ],
              "lerp_mode": "catmullrom"
            }
          }
        },
        "bone20": {
          "rotation": {
            "0.0": {
              "post": [
                5,
                0,
                0
              ],
              "lerp_mode": "catmullrom"
            },
            "0.2083": {
              "post": [
                7.5,
                0,
                0
              ],
              "lerp_mode": "catmullrom"
            },
            "0.375": {
              "post": [
                -5.77,
                0,
                0
              ],
              "lerp_mode": "catmullrom"
            },
            "0.5417": {
              "post": [
                -5.98,
                0,
                0
              ],
              "lerp_mode": "catmullrom"
            },
            "0.75": {
              "post": [
                5,
                0,
                0
              ],
              "lerp_mode": "catmullrom"
            }
          }
        },
        "bone21": {
          "rotation": {
            "0.0": {
              "post": [
                0,
                0,
                0
              ],
              "lerp_mode": "catmullrom"
            },
            "0.125": {
              "post": [
                2.5,
                0,
                0
              ],
              "lerp_mode": "catmullrom"
            },
            "0.2917": {
              "post": [
                9.194,
                0.93667,
                1.15555
              ],
              "lerp_mode": "catmullrom"
            },
            "0.4583": {
              "post": [
                3.35073,
                0.59607,
                0.73535
              ],
              "lerp_mode": "catmullrom"
            },
            "0.5833": {
              "post": [
                -0.5853,
                0.34061,
                0.4202
              ],
              "lerp_mode": "catmullrom"
            },
            "0.75": {
              "post": [
                0,
                0,
                0
              ],
              "lerp_mode": "catmullrom"
            }
          }
        },
        "bone22": {
          "rotation": {
            "0.0": {
              "post": [
                -7.5,
                0,
                0
              ],
              "lerp_mode": "catmullrom"
            },
            "0.1667": {
              "post": [
                -12.5,
                0,
                0
              ],
              "lerp_mode": "catmullrom"
            },
            "0.375": {
              "post": [
                -5.71,
                0,
                0
              ],
              "lerp_mode": "catmullrom"
            },
            "0.5417": {
              "post": [
                0.99,
                0,
                0
              ],
              "lerp_mode": "catmullrom"
            },
            "0.75": {
              "post": [
                -7.5,
                0,
                0
              ],
              "lerp_mode": "catmullrom"
            }
          }
        }
      }
    },
    "animation.New_Upgrade_Cameraman_Titan.attack": {
      "animation_length": 0.375,
      "bones": {
        "bone2": {
          "rotation": {
            "0.0": [
              0,
              0,
              0
            ],
            "0.0417": [
              -17.5,
              0,
              0
            ],
            "0.1667": [
              107.27,
              0,
              0
            ],
            "0.375": [
              0,
              0,
              0
            ]
          }
        },
        "bone": {
          "rotation": {
            "0.0": [
              -2.40514,
              5.01295,
              -2.21308
            ],
            "0.0417": [
              20.09486,
              5.01295,
              -2.21308
            ],
            "0.375": [
              -2.40514,
              5.01295,
              -2.21308
            ]
          }
        },
        "bone6": {
          "rotation": {
            "0.0": [
              0,
              0,
              0
            ],
            "0.0417": [
              -162.10756,
              -9.08661,
              26.06663
            ],
            "0.375": [
              0,
              0,
              0
            ]
          }
        },
        "bone5": {
          "rotation": {
            "0.0": [
              0,
              0,
              0
            ],
            "0.0417": [
              -144.4236,
              12.44381,
              -12.46778
            ],
            "0.375": [
              0,
              0,
              0
            ]
          }
        }
      }
    }
  }
}