{
	"format_version": [
		1,
		1,
		0
	],
	"bb:compressed_tnt_9": {
		"sound": "grass",
		"textures": "tnt_bottom"
	},
	"bb:compressed_tnt_81": {
		"sound": "grass",
		"textures": "tnt_bottom"
	},
	"bb:compressed_tnt_729": {
		"sound": "grass",
		"textures": "tnt_bottom"
	},
	"bb:compressed_tnt_6561": {
		"sound": "grass",
		"textures": "tnt_bottom"
	},
	"bb:cluster_tnt": {
		"sound": "grass",
		"textures": "tnt_bottom"
	},
	"bb:fire_tnt": {
		"sound": "grass",
		"textures": "tnt_bottom"
	},
	"bb:floating_tnt": {
		"sound": "grass",
		"textures": "tnt_bottom"
	},
	"bb:drill_tnt": {
		"sound": "grass",
		"textures": "tnt_bottom"
	},
	"bb:mining_tnt": {
		"sound": "grass",
		"textures": "tnt_bottom"
	},
	"bb:follow_tnt": {
		"sound": "grass",
		"textures": "tnt_bottom"
	},
	"bb:teleport_tnt": {
		"sound": "grass",
		"textures": "tnt_bottom"
	},
	"bb:fake_tnt": {
		"sound": "grass",
		"textures": "tnt_bottom"
	},
	"bb:color_tnt": {
		"sound": "grass",
		"textures": "tnt_bottom"
	},
	"bb:lightning_tnt": {
		"sound": "grass",
		"textures": "tnt_bottom"
	},
	"bb:flash_tnt": {
		"sound": "grass",
		"textures": "tnt_bottom"
	},
	"bb:creeper_tnt": {
		"sound": "grass",
		"textures": "tnt_bottom"
	},
	"bb:water_tnt": {
		"sound": "grass",
		"textures": "tnt_bottom"
	},
	"bb:lava_tnt": {
		"sound": "grass",
		"textures": "tnt_bottom"
	},
	"bb:blow_tnt": {
		"sound": "grass",
		"textures": "tnt_bottom"
	},
	"bb:web_tnt": {
		"sound": "grass",
		"textures": "tnt_bottom"
	},
	"bb:overworld_tnt": {
		"sound": "grass",
		"textures": "tnt_bottom"
	},
	"bb:end_tnt": {
		"sound": "grass",
		"textures": "tnt_bottom"
	},
	"bb:nether_tnt": {
		"sound": "grass",
		"textures": "tnt_bottom"
	},
	"bb:noise_tnt": {
		"sound": "grass",
		"textures": "tnt_bottom"
	},
	"bb:gas_tnt": {
		"sound": "grass",
		"textures": "tnt_bottom"
	}
}