{
  "format_version": "1.12.0",
  "minecraft:geometry": [
    {
      "description": {
        "identifier": "geometry.pa_bike",
        "texture_width": 128,
        "texture_height": 128,
        "visible_bounds_width": 3,
        "visible_bounds_height": 2.5,
        "visible_bounds_offset": [
          0,
          0.75,
          0
        ]
      },
      "bones": [
        {
          "name": "body",
          "pivot": [
            0,
            0,
            0
          ],
          "cubes": [
            {
              "origin": [
                -2.5,
                12,
                -2
              ],
              "size": [
                5,
                2,
                12
              ],
              "pivot": [
                0,
                0,
                0
              ],
              "rotation": [
                7.5,
                0,
                0
              ],
              "uv": [
                0,
                18
              ]
            },
            {
              "origin": [
                -3,
                10,
                -6
              ],
              "size": [
                6,
                2,
                16
              ],
              "inflate": 0.1,
              "pivot": [
                0,
                0,
                0
              ],
              "rotation": [
                7.5,
                0,
                0
              ],
              "uv": [
                0,
                0
              ]
            },
            {
              "origin": [
                -3,
                8.43295,
                -11.59514
              ],
              "size": [
                6,
                7,
                9
              ],
              "inflate": 0.2,
              "pivot": [
                0,
                12,
                -7
              ],
              "rotation": [
                -52.5,
                0,
                0
              ],
              "uv": [
                25,
                23
              ]
            },
            {
              "origin": [
                -3,
                13.6803,
                6.74218
              ],
              "size": [
                6,
                2,
                5
              ],
              "inflate": 0.2,
              "pivot": [
                0,
                15,
                9
              ],
              "rotation": [
                20,
                0,
                0
              ],
              "uv": [
                30,
                39
              ]
            },
            {
              "origin": [
                -3,
                14.6803,
                11.74218
              ],
              "size": [
                6,
                2,
                3
              ],
              "inflate": 0.3,
              "uv": [
                22,
                18
              ]
            },
            {
              "origin": [
                -3,
                8,
                -7
              ],
              "size": [
                6,
                3,
                10
              ],
              "uv": [
                28,
                0
              ]
            },
            {
              "origin": [
                -2.5,
                4,
                -7
              ],
              "size": [
                5,
                4,
                9
              ],
              "uv": [
                0,
                32
              ]
            },
            {
              "origin": [
                -1.5,
                16,
                -16
              ],
              "size": [
                3,
                3,
                3
              ],
              "uv": [
                22,
                23
              ]
            },
            {
              "origin": [
                2.5,
                4,
                0
              ],
              "size": [
                1,
                3,
                11
              ],
              "uv": [
                41,
                39
              ]
            },
            {
              "origin": [
                -2.5,
                4.5,
                9.5
              ],
              "size": [
                5,
                1,
                1
              ],
              "uv": [
                0,
                12
              ]
            },
            {
              "origin": [
                -3.5,
                4,
                0
              ],
              "size": [
                1,
                3,
                11
              ],
              "uv": [
                17,
                39
              ]
            },
            {
              "origin": [
                -6.5,
                5,
                5
              ],
              "size": [
                3,
                3,
                9
              ],
              "inflate": -0.2,
              "pivot": [
                0,
                0,
                0
              ],
              "rotation": [
                7.5,
                0,
                0
              ],
              "uv": [
                0,
                45
              ]
            },
            {
              "origin": [
                -4.5,
                6,
                1
              ],
              "size": [
                2,
                2,
                5
              ],
              "inflate": -0.2,
              "pivot": [
                0,
                0,
                0
              ],
              "rotation": [
                2.53852,
                -9.99038,
                -0.44067
              ],
              "uv": [
                60,
                8
              ]
            },
            {
              "origin": [
                -4.5,
                6,
                -1
              ],
              "size": [
                2,
                2,
                3
              ],
              "inflate": -0.3,
              "pivot": [
                0,
                0,
                0
              ],
              "rotation": [
                2.5,
                0,
                0
              ],
              "uv": [
                15,
                45
              ]
            },
            {
              "origin": [
                2.5,
                5,
                -5
              ],
              "size": [
                3,
                1,
                2
              ],
              "uv": [
                28,
                13
              ]
            },
            {
              "origin": [
                -5.5,
                5,
                -5
              ],
              "size": [
                3,
                1,
                2
              ],
              "uv": [
                28,
                6
              ]
            },
            {
              "origin": [
                -3,
                13,
                -13
              ],
              "size": [
                6,
                5,
                6
              ],
              "uv": [
                39,
                53
              ]
            },
            {
              "origin": [
                -2,
                13.349,
                -14.7441
              ],
              "size": [
                4,
                6,
                7
              ],
              "pivot": [
                0,
                16,
                -12
              ],
              "rotation": [
                -15,
                0,
                0
              ],
              "uv": [
                17,
                53
              ]
            }
          ]
        },
        {
          "name": "stang",
          "parent": "body",
          "pivot": [
            0,
            17,
            -10
          ],
          "rotation": [
            5,
            0,
            0
          ],
          "cubes": [
            {
              "origin": [
                -1,
                11.26362,
                -19.08153
              ],
              "size": [
                2,
                2,
                10
              ],
              "pivot": [
                0,
                15.26362,
                -16.08153
              ],
              "rotation": [
                67.5,
                0,
                0
              ],
              "uv": [
                46,
                13
              ]
            },
            {
              "origin": [
                -2,
                13.26362,
                -20.08153
              ],
              "size": [
                4,
                5,
                1
              ],
              "pivot": [
                0,
                15.26362,
                -16.08153
              ],
              "rotation": [
                85,
                0,
                0
              ],
              "uv": [
                28,
                0
              ]
            },
            {
              "origin": [
                -1.5,
                9.54792,
                -24.57001
              ],
              "size": [
                3,
                5,
                1
              ],
              "pivot": [
                0,
                12.26362,
                -22.08153
              ],
              "rotation": [
                122.5,
                0,
                0
              ],
              "uv": [
                0,
                32
              ]
            },
            {
              "origin": [
                2,
                11.26362,
                -26.08153
              ],
              "size": [
                1,
                2,
                6
              ],
              "pivot": [
                0,
                15.26362,
                -16.08153
              ],
              "rotation": [
                67.5,
                0,
                0
              ],
              "uv": [
                57,
                58
              ]
            },
            {
              "origin": [
                -2,
                11.26362,
                -26.08153
              ],
              "size": [
                4,
                2,
                1
              ],
              "pivot": [
                0,
                15.26362,
                -16.08153
              ],
              "rotation": [
                67.5,
                0,
                0
              ],
              "uv": [
                0,
                26
              ]
            },
            {
              "origin": [
                -3,
                11.26362,
                -26.08153
              ],
              "size": [
                1,
                2,
                6
              ],
              "pivot": [
                0,
                15.26362,
                -16.08153
              ],
              "rotation": [
                67.5,
                0,
                0
              ],
              "uv": [
                38,
                13
              ]
            },
            {
              "origin": [
                1,
                11.26362,
                -20.08153
              ],
              "size": [
                2,
                2,
                2
              ],
              "pivot": [
                0,
                15.26362,
                -16.08153
              ],
              "rotation": [
                67.5,
                0,
                0
              ],
              "uv": [
                19,
                37
              ]
            },
            {
              "origin": [
                -3,
                11.26362,
                -20.08153
              ],
              "size": [
                2,
                2,
                2
              ],
              "pivot": [
                0,
                15.26362,
                -16.08153
              ],
              "rotation": [
                67.5,
                0,
                0
              ],
              "uv": [
                0,
                45
              ]
            },
            {
              "origin": [
                -1.5,
                11.26362,
                -9.08153
              ],
              "size": [
                3,
                2,
                1
              ],
              "pivot": [
                0,
                15.26362,
                -16.08153
              ],
              "rotation": [
                67.5,
                0,
                0
              ],
              "uv": [
                0,
                38
              ]
            },
            {
              "origin": [
                -4.5,
                11.76362,
                -9.08153
              ],
              "size": [
                3,
                1,
                1
              ],
              "pivot": [
                0,
                15.26362,
                -16.08153
              ],
              "rotation": [
                67.5,
                0,
                0
              ],
              "uv": [
                32,
                57
              ]
            },
            {
              "origin": [
                -7.5,
                11.76362,
                -9.08153
              ],
              "size": [
                3,
                1,
                1
              ],
              "inflate": 0.1,
              "pivot": [
                0,
                15.26362,
                -16.08153
              ],
              "rotation": [
                67.5,
                0,
                0
              ],
              "uv": [
                0,
                49
              ]
            },
            {
              "origin": [
                1.5,
                11.76362,
                -9.08153
              ],
              "size": [
                3,
                1,
                1
              ],
              "pivot": [
                0,
                15.26362,
                -16.08153
              ],
              "rotation": [
                67.5,
                0,
                0
              ],
              "uv": [
                0,
                51
              ]
            },
            {
              "origin": [
                4.5,
                11.76362,
                -9.08153
              ],
              "size": [
                3,
                1,
                1
              ],
              "inflate": 0.1,
              "pivot": [
                0,
                15.26362,
                -16.08153
              ],
              "rotation": [
                67.5,
                0,
                0
              ],
              "uv": [
                36,
                13
              ]
            }
          ]
        },
        {
          "name": "tire1",
          "pivot": [
            0,
            5,
            -16
          ],
          "cubes": [
            {
              "origin": [
                -2,
                0,
                -19
              ],
              "size": [
                4,
                2,
                6
              ],
              "uv": [
                55,
                25
              ]
            },
            {
              "origin": [
                -2,
                8,
                -19
              ],
              "size": [
                4,
                2,
                6
              ],
              "uv": [
                54,
                41
              ]
            },
            {
              "origin": [
                -2,
                2,
                -13
              ],
              "size": [
                4,
                6,
                2
              ],
              "uv": [
                65,
                49
              ]
            },
            {
              "origin": [
                -2,
                2,
                -21
              ],
              "size": [
                4,
                6,
                2
              ],
              "uv": [
                37,
                64
              ]
            },
            {
              "origin": [
                -2,
                8,
                -20
              ],
              "size": [
                4,
                1,
                1
              ],
              "uv": [
                10,
                57
              ]
            },
            {
              "origin": [
                -2,
                8,
                -13
              ],
              "size": [
                4,
                1,
                1
              ],
              "uv": [
                32,
                55
              ]
            },
            {
              "origin": [
                -2,
                1,
                -13
              ],
              "size": [
                4,
                1,
                1
              ],
              "uv": [
                32,
                53
              ]
            },
            {
              "origin": [
                -2,
                1,
                -20
              ],
              "size": [
                4,
                1,
                1
              ],
              "uv": [
                50,
                8
              ]
            },
            {
              "origin": [
                -2,
                2,
                -19
              ],
              "size": [
                4,
                1,
                1
              ],
              "uv": [
                40,
                48
              ]
            },
            {
              "origin": [
                -2,
                7,
                -19
              ],
              "size": [
                4,
                1,
                1
              ],
              "uv": [
                30,
                48
              ]
            },
            {
              "origin": [
                -2,
                7,
                -14
              ],
              "size": [
                4,
                1,
                1
              ],
              "uv": [
                40,
                46
              ]
            },
            {
              "origin": [
                -2,
                2,
                -14
              ],
              "size": [
                4,
                1,
                1
              ],
              "uv": [
                30,
                46
              ]
            },
            {
              "origin": [
                -1,
                2,
                -19
              ],
              "size": [
                2,
                6,
                6
              ],
              "uv": [
                0,
                57
              ]
            }
          ]
        },
        {
          "name": "tire2",
          "pivot": [
            0,
            5,
            10
          ],
          "cubes": [
            {
              "origin": [
                -2,
                0,
                7
              ],
              "size": [
                4,
                2,
                6
              ],
              "uv": [
                54,
                33
              ]
            },
            {
              "origin": [
                -2,
                8,
                7
              ],
              "size": [
                4,
                2,
                6
              ],
              "uv": [
                50,
                0
              ]
            },
            {
              "origin": [
                -2,
                2,
                13
              ],
              "size": [
                4,
                6,
                2
              ],
              "uv": [
                60,
                15
              ]
            },
            {
              "origin": [
                -2,
                2,
                5
              ],
              "size": [
                4,
                6,
                2
              ],
              "uv": [
                0,
                18
              ]
            },
            {
              "origin": [
                -2,
                8,
                6
              ],
              "size": [
                4,
                1,
                1
              ],
              "uv": [
                46,
                29
              ]
            },
            {
              "origin": [
                -2,
                8,
                13
              ],
              "size": [
                4,
                1,
                1
              ],
              "uv": [
                46,
                27
              ]
            },
            {
              "origin": [
                -2,
                1,
                13
              ],
              "size": [
                4,
                1,
                1
              ],
              "uv": [
                46,
                25
              ]
            },
            {
              "origin": [
                -2,
                1,
                6
              ],
              "size": [
                4,
                1,
                1
              ],
              "uv": [
                46,
                17
              ]
            },
            {
              "origin": [
                -2,
                2,
                7
              ],
              "size": [
                4,
                1,
                1
              ],
              "uv": [
                46,
                15
              ]
            },
            {
              "origin": [
                -2,
                7,
                7
              ],
              "size": [
                4,
                1,
                1
              ],
              "uv": [
                46,
                13
              ]
            },
            {
              "origin": [
                -2,
                7,
                12
              ],
              "size": [
                4,
                1,
                1
              ],
              "uv": [
                40,
                21
              ]
            },
            {
              "origin": [
                -2,
                2,
                12
              ],
              "size": [
                4,
                1,
                1
              ],
              "uv": [
                0,
                14
              ]
            },
            {
              "origin": [
                -1,
                2,
                7
              ],
              "size": [
                2,
                6,
                6
              ],
              "uv": [
                0,
                0
              ]
            }
          ]
        }
      ]
    }
  ]
}