{
  "format_version": "1.8.0",
  "render_controllers": {
    "controller.render.morph.husk.first_person": {
      "geometry": "Geometry.husk",
      "materials": [ { "*": "Material.husk" } ],
      "textures": [ "Texture.husk" ],
      "part_visibility": [
        { "*": false },
        { "rightArm": "query.get_equipped_item_name(0, 1) == '' || query.get_equipped_item_name(0, 1) == 'filled_map' || query.get_equipped_item_name(0) == 'morphing_bracelet'" },
        { "leftArm": "query.get_equipped_item_name(1, 1) == '' || query.get_equipped_item_name(1, 1) == 'filled_map'" }
      ]
    },
    "controller.render.morph.husk.third_person": {
      "geometry": "Geometry.husk",
      "materials": [ { "*": "Material.husk" } ],
      "textures": [ "Texture.husk" ]
    }
  }
}
