{
  "format_version": "1.8.0",
  "render_controllers": {
    "controller.render.morph.pig.first_person": {
      "arrays": {
        "textures": {
          "Array.skins": [ "Texture.pig", "Texture.pig_saddled" ]
        }
      },
      "geometry": "Geometry.pig",
      "materials": [ { "*": "Material.pig" } ],
      "textures": [ "Array.skins[query.is_saddled]" ],
      "part_visibility": [
        { "*": false },
        { "leg2": "query.get_equipped_item_name(0, 1) == '' || query.get_equipped_item_name(0, 1) == 'filled_map' || query.get_equipped_item_name(0) == 'morphing_bracelet'" },
        { "leg3": "(query.get_equipped_item_name(0, 1) == 'filled_map' && query.get_equipped_item_name('off_hand') != 'shield') || (query.get_equipped_item_name('off_hand') == 'filled_map' && !query.item_is_charged) || (!query.item_is_charged && (variable.item_use_normalized > 0 && variable.item_use_normalized < 1.0))" }
      ]
    },
    "controller.render.morph.pig.third_person": {
      "arrays": {
        "textures": {
          "Array.skins": [ "Texture.pig", "Texture.pig_saddled" ]
        }
      },
      "geometry": "Geometry.pig",
      "materials": [ { "*": "Material.pig" } ],
      "textures": [ "Array.skins[query.is_saddled]" ]
    }
  }
}
