{
  "format_version": "1.8.0",
  "render_controllers": {
    "controller.render.morph.villager": {
      "geometry": "Geometry.villager",
      "materials": [
        { "*": "Material.villager" }
      ],
      "textures": [
        "Texture.villager"
      ]
    },
    "controller.render.morph.villager_masked": {
      "arrays": {
        "textures": {
          "Array.biomes": [ 
            "Texture.villager_plains",
            "Texture.villager_desert",
            "Texture.villager_jungle",
            "Texture.villager_savanna",
            "Texture.villager_snow",
            "Texture.villager_swamp",
            "Texture.villager_taiga"
          ]
        }
      },
      "geometry": "Geometry.villager",
      "materials": [
        { "*": "Material.villager" }
      ],
      "textures": [
        "Array.biomes[query.mark_variant]"
      ]
    }
  }
}
