{
    "format_version": "1.16.0",
    "minecraft:block": {
      "description": {
        "identifier": "loled:beach_towel",
        "properties": {
          "loled:face": [
            2,
            3,
            4,
            5
          ]
        }
      },
      "components": {
        "minecraft:material_instances": {
          "*": {
            "texture": "beach_towel",
            "render_method": "opaque"
          }
        },
        "minecraft:pick_collision": {
          "origin": [
            -7,
            0,
            -8
          ],
          "size": [
            14,
            1,
            16
          ]
        },
        "minecraft:creative_category": {
          "group": "itemGroup.name.beach",
          "category": "construction"
        },
        "minecraft:loot": "loot_tables/beach/beach_towel.json",
        "minecraft:geometry": "geometry.beach_towel",
        "minecraft:destroy_time": 2,
        "minecraft:block_light_absorption": 0,
        "minecraft:entity_collision": {
          "origin": [
            -7,
            0,
            -8
          ],
          "size": [
            14,
            1,
            16
          ]
        },
        "minecraft:on_player_placing": {
          "event": "loled:place"
        },
        "minecraft:on_interact": {
          "event": "loled:sit"
        },
        "minecraft:friction": 0.6,
        "minecraft:map_color": "#00ff00",
        "minecraft:flammable": {
          "flame_odds": 0,
          "burn_odds": 0
        }
      },
      "events": {
        "loled:place": {
          "set_block_property": {
            "loled:face": "(query.cardinal_player_facing)"
          }
        },
        "loled:sit": {
          "run_command": {
            "command": [
              "summon furniture:beach_towel_to_sit beach_towel ~ ~-1 ~",
              "ride @p start_riding @e[type=furniture:beach_towel_to_sit,name=beach_towel,c=1] teleport_rider"
            ]
          }
        }
      },
      "permutations": [
        {
          "condition": "query.block_property('loled:face') == 3",
          "components": {
            "minecraft:rotation": [
              0,
              180,
              0
            ]
          }
        },
        {
          "condition": "query.block_property('loled:face') == 4",
          "components": {
            "minecraft:rotation": [
              0,
              90,
              0
            ]
          }
        },
        {
          "condition": "query.block_property('loled:face') == 5",
          "components": {
            "minecraft:rotation": [
              0,
              270,
              0
            ]
          }
        }
      ]
    }
  }