{
  "format_version": "1.8.0",
  "animations": {
    "animation.pa_k5.new": {
      "loop": true,
      "animation_length": 8,
      "bones": {
        "bone24": {
          "rotation": {
            "0.0": [
              -10,
              0,
              0
            ],
            "0.5833": [
              -20,
              0,
              0
            ],
            "2.5833": [
              20,
              0,
              0
            ],
            "4.5833": [
              -20,
              0,
              0
            ],
            "6.5833": [
              27.5,
              0,
              0
            ],
            "8.0": [
              -10,
              0,
              0
            ]
          }
        },
        "bone29": {
          "rotation": {
            "0.0": [
              -5,
              0,
              0
            ],
            "0.9167": [
              -20,
              0,
              0
            ],
            "2.9167": [
              20,
              0,
              0
            ],
            "4.9167": [
              -17.5,
              0,
              0
            ],
            "6.9167": [
              25,
              0,
              0
            ],
            "8.0": [
              -5,
              0,
              0
            ]
          }
        },
        "bone32": {
          "rotation": {
            "0.0": [
              -20,
              0,
              0
            ],
            "2.0": [
              20,
              0,
              0
            ],
            "4.0": [
              -20,
              0,
              0
            ],
            "6.0": [
              20,
              0,
              0
            ],
            "8.0": [
              -20,
              0,
              0
            ]
          }
        },
        "bone35": {
          "rotation": {
            "0.0": [
              -15,
              0,
              0
            ],
            "0.3333": [
              -20,
              0,
              0
            ],
            "2.3333": [
              17.5,
              0,
              0
            ],
            "4.3333": [
              -20,
              0,
              0
            ],
            "6.3333": [
              25,
              0,
              0
            ],
            "8.0": [
              -15,
              0,
              0
            ]
          }
        }
      }
    }
  }
}