{
  "format_version": "1.12.0",
  "minecraft:geometry": [
    {
      "description": {
        "identifier": "geometry.pa_axer",
        "texture_width": 128,
        "texture_height": 128,
        "visible_bounds_width": 7,
        "visible_bounds_height": 4,
        "visible_bounds_offset": [
          0,
          1,
          0
        ]
      },
      "bones": [
        {
          "name": "bone",
          "pivot": [
            -1,
            0,
            0
          ],
          "cubes": [
            {
              "origin": [
                -7,
                15,
                4
              ],
              "size": [
                14,
                12,
                8
              ],
              "uv": [
                0,
                40
              ]
            },
            {
              "origin": [
                -5,
                1,
                -4
              ],
              "size": [
                10,
                6,
                12
              ],
              "uv": [
                39,
                28
              ]
            },
            {
              "origin": [
                -5,
                0,
                -5
              ],
              "size": [
                10,
                1,
                15
              ],
              "uv": [
                0,
                23
              ]
            },
            {
              "origin": [
                -7,
                7,
                -5
              ],
              "size": [
                14,
                8,
                14
              ],
              "uv": [
                0,
                0
              ]
            },
            {
              "origin": [
                -2,
                27,
                6
              ],
              "size": [
                4,
                2,
                4
              ],
              "uv": [
                25,
                61
              ]
            }
          ]
        },
        {
          "name": "bone15",
          "parent": "bone",
          "pivot": [
            0,
            9,
            -4
          ],
          "cubes": [
            {
              "origin": [
                -4,
                5,
                -15
              ],
              "size": [
                8,
                7,
                11
              ],
              "uv": [
                79,
                110
              ]
            }
          ]
        },
        {
          "name": "bone16",
          "parent": "bone15",
          "pivot": [
            0,
            8,
            -15
          ],
          "cubes": [
            {
              "origin": [
                -1,
                7,
                -27
              ],
              "size": [
                2,
                3,
                12
              ],
              "uv": [
                44,
                109
              ]
            }
          ]
        },
        {
          "name": "bone2",
          "parent": "bone",
          "pivot": [
            -1,
            15,
            0
          ],
          "cubes": [
            {
              "origin": [
                -2,
                15,
                -3
              ],
              "size": [
                4,
                9,
                4
              ],
              "uv": [
                76,
                47
              ]
            }
          ]
        },
        {
          "name": "bone3",
          "parent": "bone2",
          "pivot": [
            -1,
            24,
            -1
          ],
          "cubes": [
            {
              "origin": [
                -5,
                24,
                -6
              ],
              "size": [
                10,
                10,
                8
              ],
              "uv": [
                0,
                110
              ]
            },
            {
              "origin": [
                1,
                30,
                2
              ],
              "size": [
                4,
                7,
                4
              ],
              "uv": [
                3,
                88
              ]
            },
            {
              "origin": [
                -1,
                27,
                -6
              ],
              "size": [
                2,
                4,
                1
              ],
              "pivot": [
                -1,
                31,
                -5
              ],
              "rotation": [
                -12.5,
                0,
                0
              ],
              "uv": [
                36,
                28
              ]
            }
          ]
        },
        {
          "name": "bone4",
          "parent": "bone3",
          "pivot": [
            0,
            26,
            -6
          ],
          "cubes": [
            {
              "origin": [
                -5,
                24,
                -6
              ],
              "size": [
                10,
                5,
                0
              ],
              "inflate": 0.02,
              "uv": [
                108,
                60
              ]
            }
          ]
        },
        {
          "name": "bone5",
          "parent": "bone3",
          "pivot": [
            2,
            31,
            -6
          ],
          "cubes": [
            {
              "origin": [
                1,
                30,
                -6
              ],
              "size": [
                2,
                1,
                0
              ],
              "inflate": 0.02,
              "uv": [
                9,
                2
              ]
            }
          ]
        },
        {
          "name": "bone6",
          "parent": "bone3",
          "pivot": [
            -2,
            31,
            -6
          ],
          "cubes": [
            {
              "origin": [
                -3,
                30,
                -6
              ],
              "size": [
                2,
                1,
                0
              ],
              "inflate": 0.02,
              "uv": [
                9,
                0
              ]
            }
          ]
        },
        {
          "name": "bone7",
          "parent": "bone",
          "pivot": [
            7,
            13,
            2
          ],
          "cubes": [
            {
              "origin": [
                7,
                11,
                0
              ],
              "size": [
                8,
                4,
                4
              ],
              "uv": [
                75,
                75
              ]
            }
          ]
        },
        {
          "name": "bone8",
          "parent": "bone7",
          "pivot": [
            15,
            13,
            2
          ],
          "cubes": [
            {
              "origin": [
                15,
                12,
                1
              ],
              "size": [
                12,
                2,
                2
              ],
              "uv": [
                70,
                70
              ]
            }
          ]
        },
        {
          "name": "bone9",
          "parent": "bone8",
          "pivot": [
            27,
            13,
            2
          ],
          "cubes": [
            {
              "origin": [
                29,
                2,
                2
              ],
              "size": [
                15,
                22,
                0
              ],
              "uv": [
                57,
                0
              ]
            },
            {
              "origin": [
                27,
                12,
                0
              ],
              "size": [
                2,
                2,
                4
              ],
              "uv": [
                0,
                7
              ]
            },
            {
              "origin": [
                29,
                12,
                1
              ],
              "size": [
                5,
                2,
                2
              ],
              "uv": [
                0,
                28
              ]
            }
          ]
        },
        {
          "name": "bone10",
          "parent": "bone",
          "pivot": [
            -7,
            13,
            2
          ],
          "cubes": [
            {
              "origin": [
                -15,
                11,
                0
              ],
              "size": [
                8,
                4,
                4
              ],
              "uv": [
                72,
                23
              ]
            }
          ]
        },
        {
          "name": "bone11",
          "parent": "bone10",
          "pivot": [
            -15,
            13,
            2
          ],
          "cubes": [
            {
              "origin": [
                -27,
                12,
                1
              ],
              "size": [
                12,
                2,
                2
              ],
              "uv": [
                36,
                23
              ]
            }
          ]
        },
        {
          "name": "bone12",
          "parent": "bone11",
          "pivot": [
            -27,
            13,
            2
          ],
          "cubes": [
            {
              "origin": [
                -44,
                2,
                2
              ],
              "size": [
                15,
                22,
                0
              ],
              "uv": [
                45,
                47
              ]
            },
            {
              "origin": [
                -29,
                12,
                0
              ],
              "size": [
                2,
                2,
                4
              ],
              "uv": [
                0,
                0
              ]
            },
            {
              "origin": [
                -34,
                12,
                1
              ],
              "size": [
                5,
                2,
                2
              ],
              "uv": [
                0,
                23
              ]
            }
          ]
        },
        {
          "name": "bone13",
          "parent": "bone",
          "pivot": [
            -1,
            0,
            0
          ],
          "cubes": [
            {
              "origin": [
                -2.5,
                4,
                9
              ],
              "size": [
                5,
                11,
                5
              ],
              "uv": [
                33,
                70
              ]
            }
          ]
        },
        {
          "name": "bone14",
          "parent": "bone13",
          "pivot": [
            -1,
            13,
            11
          ],
          "cubes": [
            {
              "origin": [
                -2.5,
                4,
                9
              ],
              "size": [
                5,
                9,
                5
              ],
              "inflate": -0.02,
              "uv": [
                54,
                70
              ]
            }
          ]
        }
      ]
    }
  ]
}