{
  "format_version": "1.12.0",
  "minecraft:geometry": [
    {
      "description": {
        "identifier": "geometry.pa_cam_titan",
        "texture_width": 256,
        "texture_height": 256,
        "visible_bounds_width": 6,
        "visible_bounds_height": 6.5,
        "visible_bounds_offset": [
          0,
          2.75,
          0
        ]
      },
      "bones": [
        {
          "name": "bone9",
          "pivot": [
            0,
            0,
            0
          ]
        },
        {
          "name": "bone7",
          "parent": "bone9",
          "pivot": [
            3,
            20,
            -2
          ],
          "cubes": [
            {
              "origin": [
                1,
                0,
                -6
              ],
              "size": [
                6,
                20,
                7
              ],
              "uv": [
                90,
                28
              ]
            }
          ]
        },
        {
          "name": "bone2",
          "parent": "bone9",
          "pivot": [
            0,
            20,
            0
          ],
          "cubes": [
            {
              "origin": [
                -9,
                30,
                -8
              ],
              "size": [
                18,
                14,
                11
              ],
              "uv": [
                0,
                0
              ]
            },
            {
              "origin": [
                -7,
                20,
                -7
              ],
              "size": [
                14,
                10,
                9
              ],
              "uv": [
                49,
                16
              ]
            },
            {
              "origin": [
                -5,
                34,
                -10
              ],
              "size": [
                10,
                9,
                4
              ],
              "uv": [
                52,
                35
              ]
            }
          ]
        },
        {
          "name": "bone13",
          "parent": "bone2",
          "pivot": [
            0,
            39,
            2
          ],
          "cubes": [
            {
              "origin": [
                -7,
                30,
                3
              ],
              "size": [
                14,
                14,
                4
              ],
              "uv": [
                86,
                0
              ]
            }
          ]
        },
        {
          "name": "bone3",
          "parent": "bone13",
          "pivot": [
            -9,
            34,
            5
          ]
        },
        {
          "name": "bone11",
          "parent": "bone3",
          "pivot": [
            -9,
            38,
            4
          ]
        },
        {
          "name": "bone4",
          "parent": "bone13",
          "pivot": [
            0,
            34,
            9
          ],
          "cubes": [
            {
              "origin": [
                -9,
                19,
                7
              ],
              "size": [
                18,
                35,
                2
              ],
              "inflate": 0.1,
              "uv": [
                50,
                49
              ]
            }
          ]
        },
        {
          "name": "bone12",
          "parent": "bone4",
          "pivot": [
            9,
            38,
            4
          ]
        },
        {
          "name": "bone",
          "parent": "bone2",
          "pivot": [
            0,
            44,
            -3
          ],
          "cubes": [
            {
              "origin": [
                -5,
                45,
                -15
              ],
              "size": [
                10,
                10,
                16
              ],
              "uv": [
                0,
                25
              ]
            },
            {
              "origin": [
                -1,
                55,
                -12
              ],
              "size": [
                2,
                10,
                0
              ],
              "uv": [
                0,
                0
              ]
            },
            {
              "origin": [
                -9,
                47,
                -15
              ],
              "size": [
                4,
                6,
                7
              ],
              "uv": [
                58,
                0
              ]
            },
            {
              "origin": [
                7,
                51,
                -12
              ],
              "size": [
                1,
                13,
                1
              ],
              "pivot": [
                0,
                0,
                0
              ],
              "rotation": [
                -1.51708,
                -1.61027,
                -17.28213
              ],
              "uv": [
                40,
                25
              ]
            },
            {
              "origin": [
                -8,
                51,
                -12
              ],
              "size": [
                1,
                13,
                1
              ],
              "pivot": [
                0,
                0,
                0
              ],
              "rotation": [
                -1.51708,
                1.61027,
                17.28213
              ],
              "uv": [
                36,
                25
              ]
            },
            {
              "origin": [
                5,
                47,
                -15
              ],
              "size": [
                4,
                6,
                7
              ],
              "uv": [
                28,
                51
              ]
            },
            {
              "origin": [
                -29,
                45,
                -5
              ],
              "size": [
                7,
                14,
                1
              ],
              "pivot": [
                0,
                0,
                0
              ],
              "rotation": [
                0,
                0,
                32.5
              ],
              "uv": [
                0,
                85
              ]
            },
            {
              "origin": [
                22,
                45,
                -5
              ],
              "size": [
                7,
                14,
                1
              ],
              "pivot": [
                0,
                0,
                0
              ],
              "rotation": [
                0,
                0,
                -32.5
              ],
              "uv": [
                0,
                25
              ]
            },
            {
              "origin": [
                -4,
                46,
                -18
              ],
              "size": [
                8,
                8,
                3
              ],
              "uv": [
                28,
                64
              ]
            },
            {
              "origin": [
                -4,
                44,
                -5
              ],
              "size": [
                8,
                1,
                6
              ],
              "uv": [
                86,
                18
              ]
            },
            {
              "origin": [
                5,
                44,
                -8
              ],
              "size": [
                5,
                10,
                9
              ],
              "uv": [
                72,
                91
              ]
            },
            {
              "origin": [
                -10,
                44,
                -8
              ],
              "size": [
                5,
                10,
                9
              ],
              "uv": [
                0,
                91
              ]
            }
          ]
        },
        {
          "name": "bone6",
          "parent": "bone2",
          "pivot": [
            -9,
            41,
            -2
          ],
          "cubes": [
            {
              "origin": [
                -16,
                17,
                -6
              ],
              "size": [
                7,
                27,
                7
              ],
              "uv": [
                21,
                78
              ]
            },
            {
              "origin": [
                -12,
                49,
                -13.5
              ],
              "size": [
                6,
                3,
                5
              ],
              "pivot": [
                0,
                0,
                0
              ],
              "rotation": [
                0,
                0,
                -5
              ],
              "uv": [
                109,
                20
              ]
            },
            {
              "origin": [
                -12,
                46,
                -8.5
              ],
              "size": [
                6,
                6,
                11
              ],
              "pivot": [
                0,
                0,
                0
              ],
              "rotation": [
                0,
                0,
                -5
              ],
              "uv": [
                90,
                55
              ]
            },
            {
              "origin": [
                -12,
                35,
                -36.5
              ],
              "size": [
                6,
                3,
                5
              ],
              "pivot": [
                0,
                0,
                0
              ],
              "rotation": [
                -32.5,
                0,
                -5
              ],
              "uv": [
                98,
                96
              ]
            },
            {
              "origin": [
                -10,
                44,
                -3.5
              ],
              "size": [
                2,
                2,
                1
              ],
              "pivot": [
                0,
                0,
                0
              ],
              "rotation": [
                0,
                0,
                -5
              ],
              "uv": [
                4,
                0
              ]
            }
          ]
        },
        {
          "name": "bone15",
          "parent": "bone6",
          "pivot": [
            -12,
            17,
            -2
          ],
          "cubes": [
            {
              "origin": [
                -16,
                6,
                -6
              ],
              "size": [
                7,
                11,
                7
              ],
              "inflate": 0.02,
              "uv": [
                102,
                106
              ]
            }
          ]
        },
        {
          "name": "bone5",
          "parent": "bone2",
          "pivot": [
            9,
            41,
            -2
          ],
          "cubes": [
            {
              "origin": [
                9,
                17,
                -6
              ],
              "size": [
                7,
                27,
                7
              ],
              "uv": [
                0,
                51
              ]
            },
            {
              "origin": [
                8,
                44,
                -3.5
              ],
              "size": [
                2,
                2,
                1
              ],
              "pivot": [
                0,
                0,
                0
              ],
              "rotation": [
                0,
                0,
                5
              ],
              "uv": [
                4,
                3
              ]
            },
            {
              "origin": [
                6,
                46,
                -8.5
              ],
              "size": [
                6,
                6,
                11
              ],
              "pivot": [
                0,
                0,
                0
              ],
              "rotation": [
                0,
                0,
                5
              ],
              "uv": [
                75,
                96
              ]
            },
            {
              "origin": [
                6,
                49,
                -13.5
              ],
              "size": [
                6,
                3,
                5
              ],
              "pivot": [
                0,
                0,
                0
              ],
              "rotation": [
                0,
                0,
                5
              ],
              "uv": [
                28,
                112
              ]
            },
            {
              "origin": [
                6,
                35,
                -36.5
              ],
              "size": [
                6,
                3,
                5
              ],
              "pivot": [
                0,
                0,
                0
              ],
              "rotation": [
                -32.5,
                0,
                5
              ],
              "uv": [
                110,
                72
              ]
            }
          ]
        },
        {
          "name": "bone14",
          "parent": "bone5",
          "pivot": [
            12,
            17,
            -3
          ],
          "cubes": [
            {
              "origin": [
                9,
                6,
                -6
              ],
              "size": [
                7,
                11,
                7
              ],
              "inflate": 0.02,
              "uv": [
                0,
                105
              ]
            }
          ]
        },
        {
          "name": "bone10",
          "parent": "bone5",
          "pivot": [
            20,
            20,
            -2
          ]
        },
        {
          "name": "bone8",
          "parent": "bone9",
          "pivot": [
            -5,
            20,
            -2
          ],
          "cubes": [
            {
              "origin": [
                -7,
                0,
                -6
              ],
              "size": [
                6,
                20,
                7
              ],
              "uv": [
                49,
                86
              ]
            }
          ]
        }
      ]
    }
  ]
}