{
  "format_version": "1.12.0",
  "minecraft:geometry": [
    {
      "description": {
        "identifier": "geometry.pa_cam",
        "texture_width": 64,
        "texture_height": 64,
        "visible_bounds_width": 3,
        "visible_bounds_height": 3.5,
        "visible_bounds_offset": [
          0,
          1.25,
          0
        ]
      },
      "bones": [
        {
          "name": "Head",
          "pivot": [
            0,
            24,
            0
          ],
          "cubes": [
            {
              "origin": [
                -3,
                23,
                -6
              ],
              "size": [
                2,
                2,
                4
              ],
              "uv": [
                23,
                17
              ]
            },
            {
              "origin": [
                -3,
                25,
                -7
              ],
              "size": [
                6,
                6,
                11
              ],
              "uv": [
                0,
                0
              ]
            },
            {
              "origin": [
                -4,
                24,
                -6
              ],
              "size": [
                1,
                5,
                4
              ],
              "uv": [
                0,
                0
              ]
            },
            {
              "origin": [
                -3,
                27,
                -7
              ],
              "size": [
                6,
                4,
                11
              ],
              "inflate": 0.35,
              "uv": [
                0,
                17
              ]
            },
            {
              "origin": [
                -1,
                24,
                0
              ],
              "size": [
                2,
                1,
                1
              ],
              "uv": [
                0,
                9
              ]
            }
          ]
        },
        {
          "name": "Body",
          "pivot": [
            0,
            24,
            0
          ],
          "cubes": [
            {
              "origin": [
                -4,
                12,
                -2
              ],
              "size": [
                8,
                12,
                4
              ],
              "uv": [
                0,
                32
              ]
            },
            {
              "origin": [
                -4,
                4,
                -2
              ],
              "size": [
                8,
                20,
                4
              ],
              "inflate": 0.25,
              "uv": [
                30,
                28
              ]
            }
          ]
        },
        {
          "name": "RightArm",
          "pivot": [
            -5,
            22,
            0
          ],
          "cubes": [
            {
              "origin": [
                -8,
                12,
                -2
              ],
              "size": [
                4,
                12,
                4
              ],
              "uv": [
                16,
                48
              ]
            }
          ]
        },
        {
          "name": "LeftArm",
          "pivot": [
            5,
            22,
            0
          ],
          "cubes": [
            {
              "origin": [
                4,
                12,
                -2
              ],
              "size": [
                4,
                12,
                4
              ],
              "uv": [
                0,
                48
              ]
            }
          ]
        },
        {
          "name": "RightLeg",
          "pivot": [
            -1.9,
            12,
            0
          ],
          "cubes": [
            {
              "origin": [
                -3.9,
                0,
                -2
              ],
              "size": [
                4,
                12,
                4
              ],
              "uv": [
                46,
                12
              ]
            }
          ]
        },
        {
          "name": "LeftLeg",
          "pivot": [
            1.9,
            12,
            0
          ],
          "cubes": [
            {
              "origin": [
                -0.1,
                0,
                -2
              ],
              "size": [
                4,
                12,
                4
              ],
              "uv": [
                34,
                0
              ]
            }
          ]
        }
      ]
    }
  ]
}