{
  "format_version": "1.12.0",
  "minecraft:geometry": [
    {
      "description": {
        "identifier": "geometry.pa_skibidi_spider",
        "texture_width": 128,
        "texture_height": 128,
        "visible_bounds_width": 6,
        "visible_bounds_height": 5.5,
        "visible_bounds_offset": [
          0,
          2.25,
          0
        ]
      },
      "bones": [
        {
          "name": "Body",
          "pivot": [
            0,
            29,
            0
          ],
          "cubes": [
            {
              "origin": [
                -4,
                26,
                -6
              ],
              "size": [
                8,
                6,
                12
              ],
              "uv": [
                0,
                33
              ]
            },
            {
              "origin": [
                -5,
                32,
                -7
              ],
              "size": [
                10,
                4,
                14
              ],
              "uv": [
                0,
                0
              ]
            },
            {
              "origin": [
                -4,
                33,
                -6
              ],
              "size": [
                8,
                3,
                12
              ],
              "uv": [
                52,
                75
              ]
            },
            {
              "origin": [
                -0.5,
                20,
                6
              ],
              "size": [
                1,
                44,
                1
              ],
              "pivot": [
                2,
                25,
                0
              ],
              "rotation": [
                -1.8213,
                -4.37942,
                -2.13928
              ],
              "uv": [
                11,
                83
              ]
            },
            {
              "origin": [
                -5,
                25,
                -7
              ],
              "size": [
                10,
                1,
                14
              ],
              "uv": [
                0,
                18
              ]
            }
          ]
        },
        {
          "name": "bone10",
          "parent": "Body",
          "pivot": [
            0,
            25,
            0
          ]
        },
        {
          "name": "bone15",
          "parent": "bone10",
          "pivot": [
            0,
            25,
            0
          ],
          "cubes": [
            {
              "origin": [
                -3,
                20,
                -2
              ],
              "size": [
                6,
                5,
                5
              ],
              "uv": [
                90,
                102
              ]
            },
            {
              "origin": [
                -1,
                21,
                -10
              ],
              "size": [
                2,
                3,
                8
              ],
              "uv": [
                94,
                78
              ]
            }
          ]
        },
        {
          "name": "bone12",
          "parent": "bone10",
          "pivot": [
            0,
            31,
            6
          ],
          "cubes": [
            {
              "origin": [
                -0.5,
                27,
                5
              ],
              "size": [
                1,
                1,
                17
              ],
              "pivot": [
                0,
                31,
                0
              ],
              "rotation": [
                37.5,
                0,
                0
              ],
              "uv": [
                0,
                110
              ]
            }
          ]
        },
        {
          "name": "bone11",
          "parent": "bone12",
          "pivot": [
            0,
            40,
            19
          ],
          "cubes": [
            {
              "origin": [
                1.5,
                -9,
                21
              ],
              "size": [
                1,
                44,
                1
              ],
              "pivot": [
                2,
                31,
                0
              ],
              "rotation": [
                18.1787,
                -4.37942,
                -2.13928
              ],
              "uv": [
                11,
                83
              ]
            }
          ]
        },
        {
          "name": "bone13",
          "parent": "Body",
          "pivot": [
            -4,
            30,
            0.5
          ],
          "cubes": [
            {
              "origin": [
                -15,
                27,
                0
              ],
              "size": [
                12,
                1,
                1
              ],
              "pivot": [
                0,
                29,
                0
              ],
              "rotation": [
                0,
                0,
                32.5
              ],
              "uv": [
                102,
                126
              ]
            }
          ]
        },
        {
          "name": "bone14",
          "parent": "bone13",
          "pivot": [
            -13,
            35,
            0
          ],
          "cubes": [
            {
              "origin": [
                -14,
                0,
                0
              ],
              "size": [
                1,
                36,
                1
              ],
              "uv": [
                124,
                91
              ]
            }
          ]
        },
        {
          "name": "bone9",
          "parent": "Body",
          "pivot": [
            4,
            30,
            0.5
          ],
          "cubes": [
            {
              "origin": [
                3,
                27,
                0
              ],
              "size": [
                12,
                1,
                1
              ],
              "pivot": [
                0,
                29,
                0
              ],
              "rotation": [
                0,
                0,
                -32.5
              ],
              "uv": [
                102,
                126
              ],
              "mirror": true
            }
          ]
        },
        {
          "name": "bone8",
          "parent": "bone9",
          "pivot": [
            13,
            35,
            0
          ],
          "cubes": [
            {
              "origin": [
                13,
                0,
                0
              ],
              "size": [
                1,
                36,
                1
              ],
              "uv": [
                124,
                91
              ],
              "mirror": true
            }
          ]
        },
        {
          "name": "bone7",
          "parent": "Body",
          "pivot": [
            0,
            33,
            1
          ],
          "cubes": [
            {
              "origin": [
                -2,
                28,
                -1
              ],
              "size": [
                4,
                9,
                4
              ],
              "uv": [
                0,
                52
              ]
            },
            {
              "origin": [
                -2,
                37,
                -1
              ],
              "size": [
                4,
                9,
                4
              ],
              "uv": [
                0,
                52
              ]
            }
          ]
        },
        {
          "name": "bone",
          "parent": "Body",
          "pivot": [
            -5,
            42,
            10
          ]
        },
        {
          "name": "Head",
          "parent": "Body",
          "pivot": [
            0,
            44,
            0
          ],
          "cubes": [
            {
              "origin": [
                -4,
                44,
                -4
              ],
              "size": [
                8,
                9,
                8
              ],
              "uv": {
                "north": {
                  "uv": [
                    48,
                    18
                  ],
                  "uv_size": [
                    8,
                    8
                  ]
                },
                "east": {
                  "uv": [
                    40,
                    18
                  ],
                  "uv_size": [
                    8,
                    8
                  ]
                },
                "south": {
                  "uv": [
                    64,
                    18
                  ],
                  "uv_size": [
                    8,
                    8
                  ]
                },
                "west": {
                  "uv": [
                    56,
                    18
                  ],
                  "uv_size": [
                    8,
                    8
                  ]
                },
                "up": {
                  "uv": [
                    48,
                    10
                  ],
                  "uv_size": [
                    8,
                    8
                  ]
                },
                "down": {
                  "uv": [
                    56,
                    18
                  ],
                  "uv_size": [
                    8,
                    -8
                  ]
                }
              }
            },
            {
              "origin": [
                -1,
                47,
                -6
              ],
              "size": [
                2,
                3,
                1
              ],
              "pivot": [
                0,
                25,
                0
              ],
              "rotation": [
                -5,
                0,
                0
              ],
              "uv": [
                32,
                112
              ]
            }
          ]
        },
        {
          "name": "bone6",
          "parent": "Head",
          "pivot": [
            0,
            46,
            -4
          ],
          "cubes": [
            {
              "origin": [
                -4,
                44,
                -4.1
              ],
              "size": [
                8,
                3,
                1
              ],
              "uv": [
                110,
                20
              ]
            },
            {
              "origin": [
                4,
                45,
                -4.1
              ],
              "size": [
                1,
                2,
                1
              ],
              "uv": [
                0,
                83
              ],
              "mirror": true
            },
            {
              "origin": [
                -5,
                45,
                -4.1
              ],
              "size": [
                1,
                2,
                1
              ],
              "uv": [
                72,
                125
              ]
            }
          ]
        },
        {
          "name": "bone2",
          "parent": "Head",
          "pivot": [
            0,
            46,
            -4
          ]
        },
        {
          "name": "bone3",
          "parent": "Head",
          "pivot": [
            0,
            45,
            -4
          ]
        },
        {
          "name": "bone5",
          "parent": "Head",
          "pivot": [
            -2,
            48.5,
            -4
          ],
          "cubes": [
            {
              "origin": [
                -3,
                48,
                -4.1
              ],
              "size": [
                2,
                1,
                0
              ],
              "uv": [
                124,
                0
              ]
            }
          ]
        },
        {
          "name": "bone4",
          "parent": "Head",
          "pivot": [
            2,
            48.5,
            -4
          ],
          "cubes": [
            {
              "origin": [
                1,
                48,
                -4.1
              ],
              "size": [
                2,
                1,
                0
              ],
              "uv": [
                124,
                0
              ],
              "mirror": true
            }
          ]
        },
        {
          "name": "RightArm",
          "pivot": [
            -5,
            22,
            0
          ]
        },
        {
          "name": "LeftArm",
          "pivot": [
            5,
            22,
            0
          ]
        },
        {
          "name": "RightLeg",
          "pivot": [
            -1.9,
            12,
            0
          ]
        },
        {
          "name": "LeftLeg",
          "pivot": [
            1.9,
            12,
            0
          ]
        }
      ]
    }
  ]
}