{
  "format_version": "1.12.0",
  "minecraft:geometry": [
    {
      "description": {
        "identifier": "geometry.pa_skibidi",
        "texture_width": 128,
        "texture_height": 128,
        "visible_bounds_width": 4,
        "visible_bounds_height": 3.5,
        "visible_bounds_offset": [
          0,
          1.25,
          0
        ]
      },
      "bones": [
        {
          "name": "Body",
          "pivot": [
            0,
            4,
            0
          ],
          "cubes": [
            {
              "origin": [
                -5,
                0,
                -7
              ],
              "size": [
                10,
                1,
                14
              ],
              "uv": [
                0,
                18
              ]
            },
            {
              "origin": [
                -4,
                1,
                -6
              ],
              "size": [
                8,
                6,
                12
              ],
              "uv": [
                0,
                33
              ]
            },
            {
              "origin": [
                -5,
                7,
                -7
              ],
              "size": [
                10,
                4,
                14
              ],
              "uv": [
                0,
                0
              ]
            },
            {
              "origin": [
                -4,
                8,
                -6
              ],
              "size": [
                8,
                3,
                12
              ],
              "uv": [
                52,
                75
              ]
            },
            {
              "origin": [
                -5,
                8,
                5
              ],
              "size": [
                10,
                15,
                7
              ],
              "uv": [
                40,
                33
              ]
            },
            {
              "origin": [
                -1,
                23,
                7
              ],
              "size": [
                2,
                1,
                2
              ],
              "uv": [
                0,
                6
              ]
            }
          ]
        },
        {
          "name": "bone",
          "parent": "Body",
          "pivot": [
            -5,
            17,
            10
          ],
          "cubes": [
            {
              "origin": [
                -12,
                2,
                10
              ],
              "size": [
                1,
                15,
                0
              ],
              "pivot": [
                0,
                0,
                0
              ],
              "rotation": [
                0,
                0,
                25
              ],
              "uv": [
                16,
                52
              ]
            },
            {
              "origin": [
                -10,
                3.5,
                10
              ],
              "size": [
                1,
                4,
                0
              ],
              "uv": [
                8,
                6
              ]
            },
            {
              "origin": [
                -10.5,
                1.5,
                10
              ],
              "size": [
                4,
                4,
                2
              ],
              "uv": [
                0,
                0
              ]
            }
          ]
        },
        {
          "name": "Head",
          "parent": "Body",
          "pivot": [
            0,
            19,
            0
          ],
          "cubes": [
            {
              "origin": [
                -4,
                19,
                -4
              ],
              "size": [
                8,
                9,
                8
              ],
              "uv": {
                "north": {
                  "uv": [
                    48,
                    18
                  ],
                  "uv_size": [
                    8,
                    8
                  ]
                },
                "east": {
                  "uv": [
                    40,
                    18
                  ],
                  "uv_size": [
                    8,
                    8
                  ]
                },
                "south": {
                  "uv": [
                    64,
                    18
                  ],
                  "uv_size": [
                    8,
                    8
                  ]
                },
                "west": {
                  "uv": [
                    56,
                    18
                  ],
                  "uv_size": [
                    8,
                    8
                  ]
                },
                "up": {
                  "uv": [
                    48,
                    10
                  ],
                  "uv_size": [
                    8,
                    8
                  ]
                },
                "down": {
                  "uv": [
                    56,
                    18
                  ],
                  "uv_size": [
                    8,
                    -8
                  ]
                }
              }
            },
            {
              "origin": [
                -1,
                22,
                -6
              ],
              "size": [
                2,
                3,
                1
              ],
              "pivot": [
                0,
                0,
                0
              ],
              "rotation": [
                -5,
                0,
                0
              ],
              "uv": [
                32,
                112
              ]
            }
          ]
        },
        {
          "name": "bone6",
          "parent": "Head",
          "pivot": [
            0,
            21,
            -4
          ],
          "cubes": [
            {
              "origin": [
                -4,
                19,
                -4.1
              ],
              "size": [
                8,
                3,
                1
              ],
              "uv": [
                110,
                20
              ]
            },
            {
              "origin": [
                4,
                20,
                -4.1
              ],
              "size": [
                1,
                2,
                1
              ],
              "uv": [
                0,
                83
              ],
              "mirror": true
            },
            {
              "origin": [
                -5,
                20,
                -4.1
              ],
              "size": [
                1,
                2,
                1
              ],
              "uv": [
                72,
                125
              ]
            }
          ]
        },
        {
          "name": "bone2",
          "parent": "Head",
          "pivot": [
            0,
            21,
            -4
          ]
        },
        {
          "name": "bone3",
          "parent": "Head",
          "pivot": [
            0,
            20,
            -4
          ]
        },
        {
          "name": "bone5",
          "parent": "Head",
          "pivot": [
            -2,
            23.5,
            -4
          ],
          "cubes": [
            {
              "origin": [
                -3,
                23,
                -4.1
              ],
              "size": [
                2,
                1,
                0
              ],
              "uv": [
                124,
                0
              ]
            }
          ]
        },
        {
          "name": "bone4",
          "parent": "Head",
          "pivot": [
            2,
            23.5,
            -4
          ],
          "cubes": [
            {
              "origin": [
                1,
                23,
                -4.1
              ],
              "size": [
                2,
                1,
                0
              ],
              "uv": [
                124,
                0
              ],
              "mirror": true
            }
          ]
        },
        {
          "name": "RightArm",
          "pivot": [
            -5,
            22,
            0
          ]
        },
        {
          "name": "LeftArm",
          "pivot": [
            5,
            22,
            0
          ]
        },
        {
          "name": "RightLeg",
          "pivot": [
            -1.9,
            12,
            0
          ]
        },
        {
          "name": "LeftLeg",
          "pivot": [
            1.9,
            12,
            0
          ]
        },
        {
          "name": "bone7",
          "pivot": [
            0,
            8,
            1
          ],
          "cubes": [
            {
              "origin": [
                -2,
                12,
                -1
              ],
              "size": [
                4,
                9,
                4
              ],
              "uv": [
                0,
                52
              ]
            },
            {
              "origin": [
                -2,
                3,
                -1
              ],
              "size": [
                4,
                9,
                4
              ],
              "uv": [
                0,
                52
              ]
            }
          ]
        }
      ]
    }
  ]
}