{
  "format_version": "1.12.0",
  "minecraft:geometry": [
    {
      "description": {
        "identifier": "geometry.pa_saw",
        "texture_width": 170,
        "texture_height": 160,
        "visible_bounds_width": 6,
        "visible_bounds_height": 3.5,
        "visible_bounds_offset": [
          0,
          1.25,
          0
        ]
      },
      "bones": [
        {
          "name": "Body",
          "pivot": [
            0,
            7,
            0
          ],
          "rotation": [
            2.49716,
            -0.03748,
            0.11224
          ],
          "cubes": [
            {
              "origin": [
                -5,
                3,
                -7
              ],
              "size": [
                10,
                1,
                14
              ],
              "uv": [
                0,
                18
              ]
            },
            {
              "origin": [
                -4,
                4,
                -6
              ],
              "size": [
                8,
                6,
                12
              ],
              "uv": [
                0,
                33
              ]
            },
            {
              "origin": [
                -5,
                10,
                -7
              ],
              "size": [
                10,
                4,
                14
              ],
              "uv": [
                0,
                0
              ]
            },
            {
              "origin": [
                -4,
                11,
                -6
              ],
              "size": [
                8,
                3,
                12
              ],
              "uv": [
                52,
                75
              ]
            },
            {
              "origin": [
                -5,
                11,
                5
              ],
              "size": [
                10,
                15,
                7
              ],
              "uv": [
                40,
                33
              ]
            },
            {
              "origin": [
                -3,
                29,
                7
              ],
              "size": [
                6,
                1,
                3
              ],
              "uv": [
                44,
                37
              ]
            },
            {
              "origin": [
                -1,
                26,
                7
              ],
              "size": [
                2,
                3,
                3
              ],
              "uv": [
                44,
                37
              ]
            },
            {
              "origin": [
                -4,
                37,
                7
              ],
              "size": [
                8,
                1,
                3
              ],
              "uv": [
                44,
                37
              ]
            },
            {
              "origin": [
                -1,
                28,
                7
              ],
              "size": [
                6,
                1,
                3
              ],
              "pivot": [
                0,
                34,
                9
              ],
              "rotation": [
                2.09043,
                -0.91361,
                -42.63113
              ],
              "uv": [
                44,
                37
              ]
            },
            {
              "origin": [
                -5,
                28,
                7
              ],
              "size": [
                6,
                1,
                3
              ],
              "pivot": [
                0,
                34,
                9
              ],
              "rotation": [
                2.09043,
                0.91361,
                42.63113
              ],
              "uv": [
                44,
                37
              ],
              "mirror": true
            },
            {
              "origin": [
                -1,
                28,
                7
              ],
              "size": [
                6,
                1,
                3
              ],
              "pivot": [
                0,
                34,
                9
              ],
              "rotation": [
                1.26336,
                -1.89967,
                122.59352
              ],
              "uv": [
                44,
                37
              ],
              "mirror": true
            },
            {
              "origin": [
                -5,
                28,
                7
              ],
              "size": [
                6,
                1,
                3
              ],
              "pivot": [
                0,
                34,
                9
              ],
              "rotation": [
                1.26336,
                1.89967,
                -122.59352
              ],
              "uv": [
                44,
                37
              ]
            },
            {
              "origin": [
                5,
                23,
                7
              ],
              "size": [
                10,
                2,
                2
              ],
              "uv": [
                45,
                38
              ]
            },
            {
              "origin": [
                15,
                22,
                2
              ],
              "size": [
                4,
                4,
                8
              ],
              "uv": [
                0,
                107
              ]
            },
            {
              "origin": [
                -19,
                22,
                2
              ],
              "size": [
                4,
                4,
                8
              ],
              "uv": [
                0,
                107
              ]
            },
            {
              "origin": [
                -15,
                23,
                7
              ],
              "size": [
                10,
                2,
                2
              ],
              "uv": [
                45,
                38
              ],
              "mirror": true
            },
            {
              "origin": [
                11,
                16,
                7
              ],
              "size": [
                10,
                2,
                2
              ],
              "pivot": [
                0,
                3,
                0
              ],
              "rotation": [
                0,
                0,
                -22.5
              ],
              "uv": [
                45,
                38
              ]
            },
            {
              "origin": [
                -21,
                16,
                7
              ],
              "size": [
                10,
                2,
                2
              ],
              "pivot": [
                0,
                3,
                0
              ],
              "rotation": [
                0,
                0,
                22.5
              ],
              "uv": [
                45,
                38
              ],
              "mirror": true
            }
          ]
        },
        {
          "name": "bone9",
          "parent": "Body",
          "pivot": [
            0,
            9,
            0
          ],
          "cubes": [
            {
              "origin": [
                -24,
                9,
                -24
              ],
              "size": [
                48,
                0,
                48
              ],
              "uv": [
                26,
                112
              ]
            }
          ]
        },
        {
          "name": "bone11",
          "parent": "Body",
          "pivot": [
            0,
            19.99519,
            14.43653
          ],
          "cubes": [
            {
              "origin": [
                -3,
                3,
                18
              ],
              "size": [
                6,
                15,
                6
              ],
              "pivot": [
                0,
                3,
                0
              ],
              "rotation": [
                30,
                0,
                0
              ],
              "uv": [
                41,
                34
              ]
            }
          ]
        },
        {
          "name": "bone10",
          "parent": "bone11",
          "pivot": [
            0,
            12.87083,
            18.43653
          ],
          "cubes": [
            {
              "origin": [
                -3,
                -11,
                18
              ],
              "size": [
                6,
                15,
                6
              ],
              "inflate": -0.5,
              "pivot": [
                0,
                3,
                0
              ],
              "rotation": [
                30,
                0,
                0
              ],
              "uv": [
                140,
                23
              ]
            }
          ]
        },
        {
          "name": "bone",
          "parent": "Body",
          "pivot": [
            -5,
            20,
            10
          ]
        },
        {
          "name": "Head",
          "parent": "Body",
          "pivot": [
            0,
            22,
            0
          ],
          "cubes": [
            {
              "origin": [
                -4,
                22,
                -4
              ],
              "size": [
                8,
                9,
                8
              ],
              "uv": {
                "north": {
                  "uv": [
                    48,
                    18
                  ],
                  "uv_size": [
                    8,
                    8
                  ]
                },
                "east": {
                  "uv": [
                    40,
                    18
                  ],
                  "uv_size": [
                    8,
                    8
                  ]
                },
                "south": {
                  "uv": [
                    64,
                    18
                  ],
                  "uv_size": [
                    8,
                    8
                  ]
                },
                "west": {
                  "uv": [
                    56,
                    18
                  ],
                  "uv_size": [
                    8,
                    8
                  ]
                },
                "up": {
                  "uv": [
                    48,
                    10
                  ],
                  "uv_size": [
                    8,
                    8
                  ]
                },
                "down": {
                  "uv": [
                    56,
                    18
                  ],
                  "uv_size": [
                    8,
                    -8
                  ]
                }
              }
            },
            {
              "origin": [
                -1,
                25,
                -6
              ],
              "size": [
                2,
                3,
                1
              ],
              "pivot": [
                0,
                3,
                0
              ],
              "rotation": [
                -5,
                0,
                0
              ],
              "uv": [
                32,
                112
              ]
            }
          ]
        },
        {
          "name": "bone8",
          "parent": "Head",
          "pivot": [
            -5,
            3,
            0
          ],
          "cubes": [
            {
              "origin": [
                -3,
                26,
                -5
              ],
              "size": [
                2,
                2,
                1
              ],
              "uv": [
                164,
                65
              ]
            },
            {
              "origin": [
                0.5,
                25.5,
                -5
              ],
              "size": [
                3,
                3,
                1
              ],
              "uv": [
                162,
                0
              ]
            }
          ]
        },
        {
          "name": "bone6",
          "parent": "Head",
          "pivot": [
            0,
            24,
            -4
          ],
          "cubes": [
            {
              "origin": [
                -4,
                22,
                -4.1
              ],
              "size": [
                8,
                3,
                1
              ],
              "uv": [
                110,
                20
              ]
            },
            {
              "origin": [
                4,
                23,
                -4.1
              ],
              "size": [
                1,
                2,
                1
              ],
              "uv": [
                0,
                83
              ],
              "mirror": true
            },
            {
              "origin": [
                -5,
                23,
                -4.1
              ],
              "size": [
                1,
                2,
                1
              ],
              "uv": [
                72,
                125
              ]
            }
          ]
        },
        {
          "name": "bone2",
          "parent": "Head",
          "pivot": [
            0,
            24,
            -4
          ]
        },
        {
          "name": "bone3",
          "parent": "Head",
          "pivot": [
            0,
            23,
            -4
          ]
        },
        {
          "name": "bone5",
          "parent": "Head",
          "pivot": [
            -2,
            26.5,
            -4
          ],
          "cubes": [
            {
              "origin": [
                -3,
                26,
                -4.1
              ],
              "size": [
                2,
                1,
                0
              ],
              "uv": [
                124,
                0
              ]
            }
          ]
        },
        {
          "name": "bone4",
          "parent": "Head",
          "pivot": [
            2,
            26.5,
            -4
          ],
          "cubes": [
            {
              "origin": [
                1,
                26,
                -4.1
              ],
              "size": [
                2,
                1,
                0
              ],
              "uv": [
                124,
                0
              ],
              "mirror": true
            }
          ]
        },
        {
          "name": "RightArm",
          "pivot": [
            -5,
            22,
            0
          ]
        },
        {
          "name": "LeftArm",
          "pivot": [
            5,
            22,
            0
          ]
        },
        {
          "name": "RightLeg",
          "pivot": [
            -1.9,
            12,
            0
          ]
        },
        {
          "name": "LeftLeg",
          "pivot": [
            1.9,
            12,
            0
          ]
        },
        {
          "name": "bone7",
          "pivot": [
            0,
            10,
            1
          ],
          "cubes": [
            {
              "origin": [
                -2,
                14,
                -1
              ],
              "size": [
                4,
                9,
                4
              ],
              "uv": [
                0,
                52
              ]
            },
            {
              "origin": [
                -2,
                5,
                -1
              ],
              "size": [
                4,
                9,
                4
              ],
              "uv": [
                0,
                52
              ]
            }
          ]
        }
      ]
    }
  ]
}