{
  "format_version": "1.12.0",
  "minecraft:geometry": [
    {
      "description": {
        "identifier": "geometry.pa_tv_man",
        "texture_width": 64,
        "texture_height": 64,
        "visible_bounds_width": 3,
        "visible_bounds_height": 4.5,
        "visible_bounds_offset": [
          0,
          1.75,
          0
        ]
      },
      "bones": [
        {
          "name": "Body",
          "pivot": [
            0,
            12,
            0
          ],
          "cubes": [
            {
              "origin": [
                -4,
                12,
                -2
              ],
              "size": [
                8,
                12,
                4
              ],
              "uv": [
                0,
                22
              ]
            }
          ]
        },
        {
          "name": "bone",
          "parent": "Body",
          "pivot": [
            0,
            0,
            0
          ]
        },
        {
          "name": "LeftArm",
          "parent": "Body",
          "pivot": [
            5,
            22,
            0
          ],
          "rotation": [
            0.10322,
            0.64499,
            0.0434
          ],
          "cubes": [
            {
              "origin": [
                4,
                12,
                -2
              ],
              "size": [
                4,
                12,
                4
              ],
              "uv": [
                32,
                38
              ]
            }
          ]
        },
        {
          "name": "RightArm",
          "parent": "Body",
          "pivot": [
            -5,
            22,
            0
          ],
          "rotation": [
            0,
            0,
            0.30991
          ],
          "cubes": [
            {
              "origin": [
                -8,
                12,
                -2
              ],
              "size": [
                4,
                12,
                4
              ],
              "uv": [
                48,
                28
              ]
            }
          ]
        },
        {
          "name": "Head",
          "parent": "Body",
          "pivot": [
            0,
            24,
            -1
          ],
          "rotation": [
            0,
            180,
            0
          ],
          "cubes": [
            {
              "origin": [
                -5,
                24,
                -6
              ],
              "size": [
                10,
                2,
                9
              ],
              "uv": [
                0,
                11
              ]
            },
            {
              "origin": [
                -4,
                26,
                -6
              ],
              "size": [
                8,
                6,
                1
              ],
              "uv": [
                40,
                0
              ]
            },
            {
              "origin": [
                -5,
                26,
                -2
              ],
              "size": [
                10,
                6,
                3
              ],
              "uv": [
                35,
                19
              ]
            },
            {
              "origin": [
                -5,
                32,
                -6
              ],
              "size": [
                10,
                2,
                9
              ],
              "uv": [
                0,
                0
              ]
            },
            {
              "origin": [
                4,
                25,
                -6
              ],
              "size": [
                1,
                7,
                9
              ],
              "uv": [
                29,
                2
              ]
            },
            {
              "origin": [
                -5,
                25,
                -6
              ],
              "size": [
                1,
                7,
                9
              ],
              "uv": [
                24,
                22
              ]
            },
            {
              "origin": [
                8,
                22.5,
                0
              ],
              "size": [
                4,
                2,
                3
              ],
              "pivot": [
                0,
                0,
                -1
              ],
              "rotation": [
                0,
                0,
                -17.5
              ],
              "uv": [
                48,
                49
              ]
            },
            {
              "origin": [
                -12,
                22.5,
                0
              ],
              "size": [
                4,
                2,
                3
              ],
              "pivot": [
                0,
                0,
                -1
              ],
              "rotation": [
                0,
                0,
                17.5
              ],
              "uv": [
                49,
                12
              ]
            },
            {
              "origin": [
                -13,
                -31.5,
                0
              ],
              "size": [
                4,
                2,
                3
              ],
              "pivot": [
                0,
                0,
                -1
              ],
              "rotation": [
                0,
                0,
                155
              ],
              "uv": [
                49,
                7
              ]
            },
            {
              "origin": [
                9,
                -31.5,
                0
              ],
              "size": [
                4,
                2,
                3
              ],
              "pivot": [
                0,
                0,
                -1
              ],
              "rotation": [
                0,
                0,
                -155
              ],
              "uv": [
                48,
                44
              ]
            }
          ]
        },
        {
          "name": "RightLeg",
          "pivot": [
            -1.9,
            12,
            0
          ],
          "cubes": [
            {
              "origin": [
                -3.9,
                0,
                -2
              ],
              "size": [
                4,
                12,
                4
              ],
              "uv": [
                16,
                38
              ]
            }
          ]
        },
        {
          "name": "LeftLeg",
          "pivot": [
            1.9,
            12,
            0
          ],
          "cubes": [
            {
              "origin": [
                -0.1,
                0,
                -2
              ],
              "size": [
                4,
                12,
                4
              ],
              "uv": [
                0,
                38
              ]
            }
          ]
        }
      ]
    }
  ]
}