{
  "format_version": "1.12.0",
  "minecraft:geometry": [
    {
      "description": {
        "identifier": "geometry.pa_tvman_large",
        "texture_width": 256,
        "texture_height": 256,
        "visible_bounds_width": 13,
        "visible_bounds_height": 8.5,
        "visible_bounds_offset": [
          0,
          3.75,
          0
        ]
      },
      "bones": [
        {
          "name": "root",
          "pivot": [
            0,
            0,
            0
          ]
        },
        {
          "name": "body",
          "parent": "root",
          "pivot": [
            0,
            30,
            0
          ],
          "cubes": [
            {
              "origin": [
                -9,
                30,
                -4
              ],
              "size": [
                18,
                26,
                11
              ],
              "uv": [
                0,
                38
              ]
            },
            {
              "origin": [
                -8,
                41,
                7
              ],
              "size": [
                17,
                15,
                5
              ],
              "uv": [
                0,
                103
              ]
            },
            {
              "origin": [
                -1,
                56,
                0
              ],
              "size": [
                2,
                3,
                2
              ],
              "uv": [
                0,
                0
              ]
            },
            {
              "origin": [
                -12,
                59,
                0
              ],
              "size": [
                24,
                1,
                2
              ],
              "uv": [
                74,
                25
              ]
            },
            {
              "origin": [
                -12,
                60,
                0
              ],
              "size": [
                1,
                19,
                2
              ],
              "uv": [
                38,
                123
              ]
            },
            {
              "origin": [
                11,
                60,
                0
              ],
              "size": [
                1,
                19,
                2
              ],
              "uv": [
                32,
                123
              ]
            }
          ]
        },
        {
          "name": "bone3",
          "parent": "body",
          "pivot": [
            8,
            54.5,
            10.5
          ],
          "cubes": [
            {
              "origin": [
                8,
                54,
                10
              ],
              "size": [
                21,
                1,
                1
              ],
              "uv": [
                212,
                254
              ]
            }
          ]
        },
        {
          "name": "bone2",
          "parent": "bone3",
          "pivot": [
            0,
            -10,
            0
          ]
        },
        {
          "name": "bone4",
          "parent": "bone2",
          "pivot": [
            29,
            54.5,
            10.5
          ],
          "rotation": [
            0,
            0,
            -177.5
          ],
          "cubes": [
            {
              "origin": [
                29,
                54,
                10
              ],
              "size": [
                21,
                1,
                1
              ],
              "uv": [
                212,
                254
              ]
            }
          ]
        },
        {
          "name": "bone5",
          "parent": "bone4",
          "pivot": [
            50,
            54.5,
            10.5
          ],
          "rotation": [
            0,
            0,
            -180
          ],
          "cubes": [
            {
              "origin": [
                50,
                54,
                10
              ],
              "size": [
                21,
                1,
                1
              ],
              "uv": [
                212,
                254
              ]
            }
          ]
        },
        {
          "name": "bone6",
          "parent": "bone5",
          "pivot": [
            71,
            54,
            10
          ],
          "cubes": [
            {
              "origin": [
                71,
                51,
                5
              ],
              "size": [
                21,
                15,
                10
              ],
              "uv": [
                0,
                231
              ]
            }
          ]
        },
        {
          "name": "bone11",
          "parent": "body",
          "pivot": [
            -8,
            54.5,
            10.5
          ],
          "cubes": [
            {
              "origin": [
                -29,
                54,
                10
              ],
              "size": [
                21,
                1,
                1
              ],
              "uv": [
                212,
                254
              ]
            }
          ]
        },
        {
          "name": "bone12",
          "parent": "bone11",
          "pivot": [
            -29,
            54.5,
            10.5
          ],
          "rotation": [
            0,
            0,
            177.5
          ],
          "cubes": [
            {
              "origin": [
                -50,
                54,
                10
              ],
              "size": [
                21,
                1,
                1
              ],
              "uv": [
                212,
                254
              ]
            }
          ]
        },
        {
          "name": "bone13",
          "parent": "bone12",
          "pivot": [
            -50,
            54.5,
            10.5
          ],
          "rotation": [
            0,
            0,
            -180
          ],
          "cubes": [
            {
              "origin": [
                -71,
                54,
                10
              ],
              "size": [
                21,
                1,
                1
              ],
              "uv": [
                212,
                254
              ]
            }
          ]
        },
        {
          "name": "bone14",
          "parent": "bone13",
          "pivot": [
            -71,
            55,
            10
          ],
          "cubes": [
            {
              "origin": [
                -92,
                51,
                5
              ],
              "size": [
                21,
                15,
                10
              ],
              "uv": [
                0,
                231
              ]
            }
          ]
        },
        {
          "name": "bone7",
          "parent": "body",
          "pivot": [
            8,
            44.5,
            10.5
          ],
          "cubes": [
            {
              "origin": [
                8,
                44,
                10
              ],
              "size": [
                21,
                1,
                1
              ],
              "uv": [
                212,
                254
              ]
            }
          ]
        },
        {
          "name": "bone16",
          "parent": "bone7",
          "pivot": [
            0,
            -10,
            0
          ]
        },
        {
          "name": "bone8",
          "parent": "bone7",
          "pivot": [
            29,
            44.5,
            10.5
          ],
          "rotation": [
            0,
            0,
            177.5
          ],
          "cubes": [
            {
              "origin": [
                29,
                44,
                10
              ],
              "size": [
                21,
                1,
                1
              ],
              "uv": [
                212,
                254
              ]
            }
          ]
        },
        {
          "name": "bone9",
          "parent": "bone8",
          "pivot": [
            50,
            44.5,
            10.5
          ],
          "rotation": [
            0,
            0,
            -175
          ],
          "cubes": [
            {
              "origin": [
                50,
                44,
                10
              ],
              "size": [
                21,
                1,
                1
              ],
              "uv": [
                212,
                254
              ]
            }
          ]
        },
        {
          "name": "bone10",
          "parent": "bone9",
          "pivot": [
            73,
            45,
            8
          ],
          "cubes": [
            {
              "origin": [
                71,
                34,
                5
              ],
              "size": [
                21,
                15,
                10
              ],
              "uv": [
                0,
                231
              ]
            }
          ]
        },
        {
          "name": "bone15",
          "parent": "body",
          "pivot": [
            -8,
            44.5,
            10.5
          ],
          "cubes": [
            {
              "origin": [
                -29,
                44,
                10
              ],
              "size": [
                21,
                1,
                1
              ],
              "uv": [
                212,
                254
              ]
            }
          ]
        },
        {
          "name": "bone17",
          "parent": "bone15",
          "pivot": [
            -29,
            44.5,
            10.5
          ],
          "rotation": [
            0,
            0,
            -177.5
          ],
          "cubes": [
            {
              "origin": [
                -50,
                44,
                10
              ],
              "size": [
                21,
                1,
                1
              ],
              "uv": [
                212,
                254
              ]
            }
          ]
        },
        {
          "name": "bone18",
          "parent": "bone17",
          "pivot": [
            -50,
            44.5,
            10.5
          ],
          "rotation": [
            0,
            0,
            175
          ],
          "cubes": [
            {
              "origin": [
                -71,
                44,
                10
              ],
              "size": [
                21,
                1,
                1
              ],
              "uv": [
                212,
                254
              ]
            }
          ]
        },
        {
          "name": "bone19",
          "parent": "bone18",
          "pivot": [
            -71,
            44,
            7
          ],
          "cubes": [
            {
              "origin": [
                -92,
                34,
                5
              ],
              "size": [
                21,
                15,
                10
              ],
              "uv": [
                0,
                231
              ]
            }
          ]
        },
        {
          "name": "bone20",
          "parent": "body",
          "pivot": [
            0,
            76,
            0
          ],
          "rotation": [
            25,
            0,
            0
          ],
          "cubes": [
            {
              "origin": [
                -11,
                64,
                -8
              ],
              "size": [
                22,
                23,
                15
              ],
              "uv": [
                0,
                0
              ]
            },
            {
              "origin": [
                -10,
                66,
                7
              ],
              "size": [
                20,
                19,
                4
              ],
              "uv": [
                62,
                88
              ]
            }
          ]
        },
        {
          "name": "right_ribcage",
          "parent": "body",
          "pivot": [
            -7,
            23,
            -4
          ]
        },
        {
          "name": "left_ribcage",
          "parent": "body",
          "pivot": [
            7,
            23,
            -4
          ]
        },
        {
          "name": "head",
          "parent": "body",
          "pivot": [
            0,
            34,
            0
          ]
        },
        {
          "name": "right_tendril",
          "parent": "head",
          "pivot": [
            -8,
            46,
            0
          ]
        },
        {
          "name": "left_tendril",
          "parent": "head",
          "pivot": [
            8,
            46,
            0
          ]
        },
        {
          "name": "right_arm",
          "parent": "body",
          "pivot": [
            -10,
            53,
            1
          ],
          "cubes": [
            {
              "origin": [
                -17,
                38,
                -3
              ],
              "size": [
                8,
                18,
                8
              ],
              "uv": [
                120,
                51
              ]
            }
          ]
        },
        {
          "name": "bone21",
          "parent": "right_arm",
          "pivot": [
            -13,
            38,
            0
          ],
          "cubes": [
            {
              "origin": [
                -17,
                20,
                -3
              ],
              "size": [
                8,
                18,
                8
              ],
              "uv": [
                102,
                103
              ]
            }
          ]
        },
        {
          "name": "left_arm",
          "parent": "body",
          "pivot": [
            10,
            53,
            1
          ],
          "cubes": [
            {
              "origin": [
                9,
                38,
                -3
              ],
              "size": [
                8,
                18,
                8
              ],
              "uv": [
                120,
                25
              ]
            }
          ]
        },
        {
          "name": "bone22",
          "parent": "left_arm",
          "pivot": [
            13,
            38,
            0
          ],
          "cubes": [
            {
              "origin": [
                9,
                20,
                -3
              ],
              "size": [
                8,
                18,
                8
              ],
              "uv": [
                44,
                111
              ]
            }
          ]
        },
        {
          "name": "right_leg",
          "parent": "root",
          "pivot": [
            -5.9,
            13,
            0
          ]
        },
        {
          "name": "bone",
          "parent": "right_leg",
          "pivot": [
            -6,
            30,
            0
          ],
          "cubes": [
            {
              "origin": [
                -10,
                15,
                -4
              ],
              "size": [
                8,
                15,
                8
              ],
              "uv": [
                126,
                121
              ]
            }
          ]
        },
        {
          "name": "bone23",
          "parent": "bone",
          "pivot": [
            -6,
            15,
            0
          ],
          "cubes": [
            {
              "origin": [
                -10,
                0,
                -4
              ],
              "size": [
                8,
                15,
                8
              ],
              "uv": [
                76,
                121
              ]
            }
          ]
        },
        {
          "name": "left_leg",
          "parent": "root",
          "pivot": [
            5.9,
            30,
            0
          ],
          "cubes": [
            {
              "origin": [
                2,
                15,
                -4
              ],
              "size": [
                8,
                15,
                8
              ],
              "uv": [
                112,
                80
              ]
            }
          ]
        },
        {
          "name": "bone24",
          "parent": "left_leg",
          "pivot": [
            6,
            15,
            0
          ],
          "cubes": [
            {
              "origin": [
                2,
                0,
                -4
              ],
              "size": [
                8,
                15,
                8
              ],
              "uv": [
                0,
                123
              ]
            }
          ]
        }
      ]
    }
  ]
}