{
  "format_version": "1.12.0",
  "minecraft:geometry": [
    {
      "description": {
        "identifier": "geometry.s_speakwr",
        "texture_width": 256,
        "texture_height": 256,
        "visible_bounds_width": 6,
        "visible_bounds_height": 6.5,
        "visible_bounds_offset": [
          0,
          2.75,
          0
        ]
      },
      "bones": [
        {
          "name": "bone9",
          "pivot": [
            0,
            0,
            0
          ]
        },
        {
          "name": "bone7",
          "parent": "bone9",
          "pivot": [
            3,
            20,
            -2
          ],
          "cubes": [
            {
              "origin": [
                1,
                0,
                -6
              ],
              "size": [
                6,
                20,
                7
              ],
              "uv": [
                30,
                84
              ]
            }
          ]
        },
        {
          "name": "bone2",
          "parent": "bone9",
          "pivot": [
            0,
            20,
            0
          ],
          "cubes": [
            {
              "origin": [
                -9,
                30,
                -8
              ],
              "size": [
                18,
                14,
                11
              ],
              "uv": [
                0,
                0
              ]
            },
            {
              "origin": [
                -7,
                20,
                -7
              ],
              "size": [
                14,
                10,
                9
              ],
              "uv": [
                58,
                17
              ]
            },
            {
              "origin": [
                -5,
                32,
                -12
              ],
              "size": [
                10,
                9,
                4
              ],
              "uv": [
                59,
                0
              ]
            }
          ]
        },
        {
          "name": "bone13",
          "parent": "bone2",
          "pivot": [
            0,
            39,
            2
          ],
          "cubes": [
            {
              "origin": [
                -7,
                30,
                3
              ],
              "size": [
                14,
                14,
                4
              ],
              "uv": [
                0,
                72
              ]
            },
            {
              "origin": [
                -4.5,
                32,
                7
              ],
              "size": [
                9,
                10,
                3
              ],
              "uv": [
                101,
                56
              ]
            }
          ]
        },
        {
          "name": "bone3",
          "parent": "bone13",
          "pivot": [
            -9,
            34,
            5
          ],
          "cubes": [
            {
              "origin": [
                -11,
                27,
                3
              ],
              "size": [
                4,
                22,
                4
              ],
              "inflate": 0.1,
              "uv": [
                57,
                107
              ]
            }
          ]
        },
        {
          "name": "bone11",
          "parent": "bone3",
          "pivot": [
            -9,
            38,
            4
          ],
          "cubes": [
            {
              "origin": [
                -9,
                51,
                -2
              ],
              "size": [
                0,
                18,
                5
              ],
              "uv": [
                246,
                22
              ]
            },
            {
              "origin": [
                -10,
                38,
                3
              ],
              "size": [
                2,
                23,
                3
              ],
              "uv": [
                246,
                0
              ]
            }
          ]
        },
        {
          "name": "bone4",
          "parent": "bone13",
          "pivot": [
            9,
            34,
            5
          ],
          "cubes": [
            {
              "origin": [
                7,
                27,
                3
              ],
              "size": [
                4,
                22,
                4
              ],
              "inflate": 0.1,
              "uv": [
                101,
                91
              ]
            }
          ]
        },
        {
          "name": "bone12",
          "parent": "bone4",
          "pivot": [
            9,
            38,
            4
          ],
          "cubes": [
            {
              "origin": [
                9,
                51,
                -2
              ],
              "size": [
                0,
                18,
                5
              ],
              "uv": [
                246,
                22
              ]
            },
            {
              "origin": [
                8,
                38,
                3
              ],
              "size": [
                2,
                23,
                3
              ],
              "uv": [
                246,
                0
              ]
            }
          ]
        },
        {
          "name": "bone",
          "parent": "bone2",
          "pivot": [
            0,
            44,
            -3
          ],
          "cubes": [
            {
              "origin": [
                -5,
                44,
                -8
              ],
              "size": [
                10,
                16,
                9
              ],
              "uv": [
                58,
                37
              ]
            },
            {
              "origin": [
                5,
                44,
                -8
              ],
              "size": [
                5,
                10,
                9
              ],
              "uv": [
                72,
                91
              ]
            },
            {
              "origin": [
                -10,
                44,
                -8
              ],
              "size": [
                5,
                10,
                9
              ],
              "uv": [
                0,
                91
              ]
            }
          ]
        },
        {
          "name": "bone6",
          "parent": "bone2",
          "pivot": [
            -9,
            41,
            -2
          ],
          "cubes": [
            {
              "origin": [
                -16,
                6,
                -6
              ],
              "size": [
                7,
                11,
                7
              ],
              "inflate": 0.02,
              "uv": [
                97,
                37
              ]
            },
            {
              "origin": [
                -16,
                6,
                -6
              ],
              "size": [
                7,
                38,
                7
              ],
              "uv": [
                29,
                26
              ]
            }
          ]
        },
        {
          "name": "bone5",
          "parent": "bone2",
          "pivot": [
            9,
            41,
            -2
          ],
          "cubes": [
            {
              "origin": [
                16,
                1,
                -5
              ],
              "size": [
                6,
                28,
                5
              ],
              "uv": [
                58,
                63
              ]
            },
            {
              "origin": [
                9,
                6,
                -6
              ],
              "size": [
                7,
                38,
                7
              ],
              "uv": [
                0,
                26
              ]
            },
            {
              "origin": [
                16,
                29,
                -2
              ],
              "size": [
                6,
                9,
                0
              ],
              "uv": [
                37,
                72
              ]
            },
            {
              "origin": [
                9,
                6,
                -6
              ],
              "size": [
                7,
                11,
                7
              ],
              "inflate": 0.02,
              "uv": [
                96,
                0
              ]
            }
          ]
        },
        {
          "name": "bone10",
          "parent": "bone5",
          "pivot": [
            20,
            20,
            -2
          ],
          "cubes": [
            {
              "origin": [
                16,
                9,
                -5
              ],
              "size": [
                6,
                10,
                5
              ],
              "inflate": -0.02,
              "uv": [
                105,
                19
              ]
            }
          ]
        },
        {
          "name": "bone8",
          "parent": "bone9",
          "pivot": [
            -5,
            20,
            -2
          ],
          "cubes": [
            {
              "origin": [
                -7,
                0,
                -6
              ],
              "size": [
                6,
                20,
                7
              ],
              "uv": [
                81,
                63
              ]
            }
          ]
        }
      ]
    }
  ]
}