{
  "format_version": "1.12.0",
  "minecraft:geometry": [
    {
      "description": {
        "identifier": "geometry.tm_giant_sp",
        "texture_width": 256,
        "texture_height": 256,
        "visible_bounds_width": 4,
        "visible_bounds_height": 7,
        "visible_bounds_offset": [
          0,
          2.5,
          0
        ]
      },
      "bones": [
        {
          "name": "root",
          "pivot": [
            0,
            -1,
            0
          ]
        },
        {
          "name": "body",
          "parent": "root",
          "pivot": [
            0,
            31,
            0
          ],
          "cubes": [
            {
              "origin": [
                -10,
                31,
                -3
              ],
              "size": [
                20,
                15,
                10
              ],
              "uv": [
                52,
                27
              ]
            },
            {
              "origin": [
                -12,
                41,
                12
              ],
              "size": [
                24,
                16,
                11
              ],
              "pivot": [
                0,
                -1,
                0
              ],
              "rotation": [
                20,
                0,
                0
              ],
              "uv": [
                0,
                0
              ]
            },
            {
              "origin": [
                -3,
                29,
                -8
              ],
              "size": [
                6,
                28,
                0
              ],
              "uv": [
                244,
                0
              ]
            },
            {
              "origin": [
                -8,
                57,
                -10
              ],
              "size": [
                16,
                25,
                10
              ],
              "uv": [
                0,
                27
              ]
            }
          ]
        },
        {
          "name": "right_ribcage",
          "parent": "body",
          "pivot": [
            -7,
            22,
            -4
          ]
        },
        {
          "name": "left_ribcage",
          "parent": "body",
          "pivot": [
            7,
            22,
            -4
          ]
        },
        {
          "name": "head",
          "parent": "body",
          "pivot": [
            0,
            33,
            0
          ]
        },
        {
          "name": "right_tendril",
          "parent": "head",
          "pivot": [
            -8,
            45,
            0
          ]
        },
        {
          "name": "left_tendril",
          "parent": "head",
          "pivot": [
            8,
            45,
            0
          ]
        },
        {
          "name": "right_arm",
          "parent": "body",
          "pivot": [
            -13,
            57,
            -3
          ],
          "cubes": [
            {
              "origin": [
                -20,
                30,
                -7
              ],
              "size": [
                8,
                28,
                8
              ],
              "uv": [
                32,
                88
              ]
            }
          ]
        },
        {
          "name": "bone2",
          "parent": "right_arm",
          "pivot": [
            -16,
            30,
            -3
          ],
          "cubes": [
            {
              "origin": [
                -20,
                3,
                -7
              ],
              "size": [
                8,
                28,
                8
              ],
              "inflate": -0.35,
              "uv": [
                0,
                62
              ]
            }
          ]
        },
        {
          "name": "left_arm",
          "parent": "body",
          "pivot": [
            13,
            57,
            -3
          ],
          "cubes": [
            {
              "origin": [
                12,
                30,
                -7
              ],
              "size": [
                8,
                28,
                8
              ],
              "uv": [
                76,
                80
              ]
            }
          ]
        },
        {
          "name": "bone3",
          "parent": "left_arm",
          "pivot": [
            16,
            30,
            -3
          ],
          "cubes": [
            {
              "origin": [
                12,
                3,
                -7
              ],
              "size": [
                8,
                28,
                8
              ],
              "inflate": -0.35,
              "uv": [
                52,
                52
              ]
            }
          ]
        },
        {
          "name": "right_leg",
          "parent": "root",
          "pivot": [
            -5.9,
            31,
            0
          ],
          "cubes": [
            {
              "origin": [
                -10,
                16,
                -3
              ],
              "size": [
                8,
                15,
                8
              ],
              "uv": [
                102,
                0
              ]
            }
          ]
        },
        {
          "name": "bone5",
          "parent": "right_leg",
          "pivot": [
            -6,
            16,
            0
          ],
          "cubes": [
            {
              "origin": [
                -9,
                15,
                -2
              ],
              "size": [
                6,
                1,
                6
              ],
              "uv": [
                24,
                62
              ]
            },
            {
              "origin": [
                -10,
                0,
                -3
              ],
              "size": [
                8,
                15,
                8
              ],
              "uv": [
                84,
                52
              ]
            }
          ]
        },
        {
          "name": "left_leg",
          "parent": "root",
          "pivot": [
            5.9,
            31,
            0
          ],
          "cubes": [
            {
              "origin": [
                2,
                16,
                -3
              ],
              "size": [
                8,
                15,
                8
              ],
              "uv": [
                0,
                98
              ]
            }
          ]
        },
        {
          "name": "bone4",
          "parent": "left_leg",
          "pivot": [
            6,
            16,
            0
          ],
          "cubes": [
            {
              "origin": [
                3,
                15,
                -2
              ],
              "size": [
                6,
                1,
                6
              ],
              "uv": [
                100,
                75
              ]
            },
            {
              "origin": [
                2,
                0,
                -3
              ],
              "size": [
                8,
                15,
                8
              ],
              "uv": [
                70,
                0
              ]
            }
          ]
        }
      ]
    }
  ]
}