{
  "format_version": "1.12.0",
  "minecraft:geometry": [
    {
      "description": {
        "identifier": "geometry.tm_golden_speaker",
        "texture_width": 512,
        "texture_height": 512,
        "visible_bounds_width": 8,
        "visible_bounds_height": 9,
        "visible_bounds_offset": [
          0,
          1.5,
          0
        ]
      },
      "bones": [
        {
          "name": "Root",
          "pivot": [
            0,
            29,
            0
          ]
        },
        {
          "name": "Body",
          "parent": "Root",
          "pivot": [
            0,
            31,
            0
          ],
          "cubes": [
            {
              "origin": [
                -10,
                28,
                -9
              ],
              "size": [
                20,
                14,
                14
              ],
              "uv": [
                0,
                117
              ]
            },
            {
              "origin": [
                -12,
                42,
                -9
              ],
              "size": [
                24,
                14,
                14
              ],
              "uv": [
                64,
                43
              ]
            }
          ]
        },
        {
          "name": "bone8",
          "parent": "Body",
          "pivot": [
            0,
            46,
            -6
          ],
          "cubes": [
            {
              "origin": [
                -10.5,
                34,
                -18
              ],
              "size": [
                21,
                22,
                10
              ],
              "pivot": [
                0,
                46,
                -6
              ],
              "rotation": [
                7.5,
                0,
                0
              ],
              "uv": [
                0,
                146
              ]
            }
          ]
        },
        {
          "name": "Arm0",
          "parent": "Body",
          "pivot": [
            -12,
            52,
            -2
          ],
          "cubes": [
            {
              "origin": [
                -24,
                13,
                -7
              ],
              "size": [
                12,
                43,
                11
              ],
              "uv": [
                95,
                72
              ]
            },
            {
              "origin": [
                -24,
                3,
                -7
              ],
              "size": [
                12,
                10,
                11
              ],
              "uv": [
                176,
                150
              ]
            }
          ]
        },
        {
          "name": "bone0",
          "parent": "Arm0",
          "pivot": [
            -24,
            15,
            -2
          ],
          "cubes": [
            {
              "origin": [
                -32,
                0,
                -8
              ],
              "size": [
                8,
                33,
                13
              ],
              "uv": [
                163,
                173
              ]
            }
          ]
        },
        {
          "name": "bone7",
          "parent": "bone0",
          "pivot": [
            -32,
            0,
            -2
          ]
        },
        {
          "name": "Bones0",
          "parent": "bone0",
          "pivot": [
            -28,
            33,
            0
          ],
          "cubes": [
            {
              "origin": [
                -28,
                -9,
                -17
              ],
              "size": [
                0,
                42,
                31
              ],
              "inflate": 0.02,
              "uv": {
                "north": {
                  "uv": [
                    63,
                    74
                  ],
                  "uv_size": [
                    0,
                    42
                  ]
                },
                "east": {
                  "uv": [
                    32,
                    74
                  ],
                  "uv_size": [
                    31,
                    42
                  ]
                },
                "south": {
                  "uv": [
                    94,
                    74
                  ],
                  "uv_size": [
                    0,
                    42
                  ]
                },
                "west": {
                  "uv": [
                    63,
                    74
                  ],
                  "uv_size": [
                    31,
                    42
                  ]
                },
                "up": {
                  "uv": [
                    63,
                    43
                  ],
                  "uv_size": [
                    0,
                    31
                  ]
                },
                "down": {
                  "uv": [
                    63,
                    74
                  ],
                  "uv_size": [
                    0,
                    -31
                  ]
                }
              }
            }
          ]
        },
        {
          "name": "bone10",
          "parent": "Arm0",
          "pivot": [
            -12,
            52,
            -2
          ],
          "cubes": [
            {
              "origin": [
                -27,
                42,
                -9
              ],
              "size": [
                14,
                22,
                15
              ],
              "uv": [
                134,
                112
              ]
            }
          ]
        },
        {
          "name": "Arm1",
          "parent": "Body",
          "pivot": [
            12,
            52,
            -2
          ],
          "cubes": [
            {
              "origin": [
                12,
                13,
                -7
              ],
              "size": [
                12,
                43,
                11
              ],
              "uv": [
                95,
                72
              ],
              "mirror": true
            },
            {
              "origin": [
                12,
                3,
                -7
              ],
              "size": [
                12,
                10,
                11
              ],
              "uv": [
                176,
                150
              ],
              "mirror": true
            }
          ]
        },
        {
          "name": "bone9",
          "parent": "Arm1",
          "pivot": [
            12,
            52,
            -2
          ],
          "cubes": [
            {
              "origin": [
                13,
                42,
                -10
              ],
              "size": [
                14,
                22,
                15
              ],
              "uv": [
                134,
                112
              ]
            }
          ]
        },
        {
          "name": "bone1",
          "parent": "Arm1",
          "pivot": [
            24,
            15,
            -2
          ],
          "cubes": [
            {
              "origin": [
                24,
                0,
                -8
              ],
              "size": [
                8,
                33,
                13
              ],
              "uv": [
                163,
                173
              ],
              "mirror": true
            }
          ]
        },
        {
          "name": "bone6",
          "parent": "bone1",
          "pivot": [
            24,
            -1,
            -2
          ]
        },
        {
          "name": "Bones1",
          "parent": "bone1",
          "pivot": [
            28,
            32,
            0
          ],
          "cubes": [
            {
              "origin": [
                28,
                -9,
                -17
              ],
              "size": [
                0,
                42,
                31
              ],
              "uv": [
                1,
                43
              ]
            }
          ]
        },
        {
          "name": "Head",
          "parent": "Body",
          "pivot": [
            0,
            56,
            -2
          ],
          "cubes": [
            {
              "origin": [
                -9.5,
                56,
                -9
              ],
              "size": [
                19,
                18,
                13
              ],
              "uv": [
                69,
                127
              ]
            }
          ]
        },
        {
          "name": "bone",
          "parent": "Body",
          "pivot": [
            0,
            31,
            0
          ],
          "cubes": [
            {
              "origin": [
                -13,
                29,
                5
              ],
              "size": [
                25,
                26,
                16
              ],
              "uv": [
                63,
                0
              ]
            },
            {
              "origin": [
                12,
                29,
                5
              ],
              "size": [
                8,
                23,
                12
              ],
              "uv": [
                0,
                179
              ]
            },
            {
              "origin": [
                -21,
                29,
                5
              ],
              "size": [
                8,
                23,
                12
              ],
              "uv": [
                0,
                179
              ]
            },
            {
              "origin": [
                -4,
                52,
                10
              ],
              "size": [
                8,
                20,
                9
              ],
              "pivot": [
                0,
                55,
                17
              ],
              "rotation": [
                60,
                0,
                0
              ],
              "uv": [
                32,
                206
              ]
            }
          ]
        },
        {
          "name": "bone11",
          "parent": "bone",
          "pivot": [
            -8,
            52,
            10
          ],
          "cubes": [
            {
              "origin": [
                -18,
                52,
                6
              ],
              "size": [
                16,
                28,
                9
              ],
              "pivot": [
                -8,
                52,
                10
              ],
              "rotation": [
                0,
                0,
                -30
              ],
              "uv": [
                178,
                78
              ]
            }
          ]
        },
        {
          "name": "bone13",
          "parent": "bone",
          "pivot": [
            12,
            52,
            10
          ],
          "cubes": [
            {
              "origin": [
                2,
                50,
                6
              ],
              "size": [
                16,
                28,
                9
              ],
              "pivot": [
                12,
                50,
                10
              ],
              "rotation": [
                0,
                0,
                30
              ],
              "uv": [
                178,
                78
              ]
            }
          ]
        },
        {
          "name": "bone12",
          "parent": "bone",
          "pivot": [
            10,
            50,
            10
          ]
        },
        {
          "name": "bone3",
          "parent": "bone",
          "pivot": [
            -6,
            29,
            11
          ],
          "cubes": [
            {
              "origin": [
                -11,
                22,
                7
              ],
              "size": [
                9,
                7,
                11
              ],
              "uv": [
                220,
                63
              ]
            }
          ]
        },
        {
          "name": "bone4",
          "parent": "bone3",
          "pivot": [
            -6,
            36,
            11
          ],
          "cubes": [
            {
              "origin": [
                -11,
                22,
                7
              ],
              "size": [
                9,
                14,
                11
              ],
              "inflate": -0.02,
              "uv": [
                193,
                116
              ]
            }
          ]
        },
        {
          "name": "bone2",
          "parent": "bone",
          "pivot": [
            6,
            29,
            11
          ],
          "cubes": [
            {
              "origin": [
                1,
                22,
                7
              ],
              "size": [
                9,
                7,
                11
              ],
              "uv": [
                220,
                63
              ]
            }
          ]
        },
        {
          "name": "bone5",
          "parent": "bone2",
          "pivot": [
            6,
            36,
            11
          ],
          "cubes": [
            {
              "origin": [
                1,
                22,
                7
              ],
              "size": [
                9,
                14,
                11
              ],
              "inflate": -0.02,
              "uv": [
                193,
                116
              ]
            }
          ]
        },
        {
          "name": "Leg0",
          "parent": "Root",
          "pivot": [
            -5.5,
            28,
            -2
          ],
          "cubes": [
            {
              "origin": [
                -10,
                14,
                -6
              ],
              "size": [
                9,
                14,
                10
              ],
              "uv": [
                106,
                212
              ]
            }
          ]
        },
        {
          "name": "Legs0",
          "parent": "Leg0",
          "pivot": [
            -5.5,
            14,
            -2
          ],
          "cubes": [
            {
              "origin": [
                -10,
                0,
                -6
              ],
              "size": [
                9,
                14,
                10
              ],
              "uv": [
                206,
                197
              ]
            },
            {
              "origin": [
                -10,
                0,
                -16
              ],
              "size": [
                9,
                6,
                10
              ],
              "uv": [
                184,
                222
              ]
            }
          ]
        },
        {
          "name": "Leg1",
          "parent": "Root",
          "pivot": [
            5.5,
            28,
            -2
          ],
          "cubes": [
            {
              "origin": [
                1,
                14,
                -6
              ],
              "size": [
                9,
                14,
                10
              ],
              "uv": [
                106,
                212
              ]
            }
          ]
        },
        {
          "name": "Legs1",
          "parent": "Leg1",
          "pivot": [
            5.5,
            14,
            -2
          ],
          "cubes": [
            {
              "origin": [
                1,
                0,
                -6
              ],
              "size": [
                9,
                14,
                10
              ],
              "uv": [
                206,
                197
              ]
            },
            {
              "origin": [
                1,
                0,
                -16
              ],
              "size": [
                9,
                6,
                10
              ],
              "uv": [
                184,
                222
              ]
            }
          ]
        }
      ]
    }
  ]
}