{
  "format_version": "1.12.0",
  "minecraft:geometry": [
    {
      "description": {
        "identifier": "geometry.tm_omega",
        "texture_width": 512,
        "texture_height": 512,
        "visible_bounds_width": 14,
        "visible_bounds_height": 8,
        "visible_bounds_offset": [
          0,
          3,
          0
        ]
      },
      "bones": [
        {
          "name": "bone9",
          "pivot": [
            0,
            12,
            0
          ]
        },
        {
          "name": "bone7",
          "parent": "bone9",
          "pivot": [
            3,
            32,
            0
          ],
          "cubes": [
            {
              "origin": [
                1,
                16,
                -4
              ],
              "size": [
                7,
                16,
                7
              ],
              "uv": [
                157,
                56
              ]
            },
            {
              "origin": [
                1,
                18,
                -4
              ],
              "size": [
                7,
                5,
                7
              ],
              "inflate": 0.02,
              "uv": [
                20,
                170
              ]
            }
          ]
        },
        {
          "name": "bone24",
          "parent": "bone7",
          "pivot": [
            4,
            16,
            0
          ],
          "cubes": [
            {
              "origin": [
                1,
                0,
                -4
              ],
              "size": [
                7,
                16,
                7
              ],
              "uv": [
                28,
                146
              ]
            },
            {
              "origin": [
                1,
                0,
                -10
              ],
              "size": [
                7,
                4,
                6
              ],
              "uv": [
                164,
                173
              ]
            }
          ]
        },
        {
          "name": "bone2",
          "parent": "bone9",
          "pivot": [
            0,
            32,
            0
          ],
          "cubes": [
            {
              "origin": [
                -9,
                42,
                -8
              ],
              "size": [
                18,
                14,
                14
              ],
              "uv": [
                0,
                0
              ]
            },
            {
              "origin": [
                -8,
                32,
                -7
              ],
              "size": [
                16,
                10,
                12
              ],
              "uv": [
                82,
                35
              ]
            },
            {
              "origin": [
                -3.5,
                39,
                -12
              ],
              "size": [
                7,
                7,
                5
              ],
              "pivot": [
                2,
                47,
                -9
              ],
              "rotation": [
                35,
                0,
                0
              ],
              "uv": [
                170,
                160
              ]
            }
          ]
        },
        {
          "name": "bone32",
          "parent": "bone2",
          "pivot": [
            0,
            32,
            5
          ],
          "cubes": [
            {
              "origin": [
                -8,
                14,
                -5
              ],
              "size": [
                16,
                18,
                10
              ],
              "inflate": 0.02,
              "uv": [
                204,
                0
              ]
            }
          ]
        },
        {
          "name": "bone16",
          "parent": "bone2",
          "pivot": [
            0,
            49,
            -6
          ],
          "cubes": [
            {
              "origin": [
                -5,
                44,
                -12
              ],
              "size": [
                10,
                9,
                4
              ],
              "uv": [
                141,
                165
              ]
            }
          ]
        },
        {
          "name": "bone33",
          "parent": "bone16",
          "pivot": [
            0,
            49,
            -2
          ],
          "cubes": [
            {
              "origin": [
                -5,
                44,
                -12
              ],
              "size": [
                10,
                9,
                10
              ],
              "inflate": -0.02,
              "uv": [
                0,
                237
              ]
            }
          ]
        },
        {
          "name": "bone14",
          "parent": "bone16",
          "pivot": [
            0,
            53,
            -12
          ],
          "cubes": [
            {
              "origin": [
                -5,
                53,
                -19
              ],
              "size": [
                10,
                0,
                7
              ],
              "uv": [
                165,
                119
              ]
            }
          ]
        },
        {
          "name": "bone11",
          "parent": "bone16",
          "pivot": [
            0,
            44,
            -12
          ],
          "cubes": [
            {
              "origin": [
                -5,
                44,
                -19
              ],
              "size": [
                10,
                0,
                7
              ],
              "uv": [
                160,
                21
              ]
            }
          ]
        },
        {
          "name": "bone12",
          "parent": "bone16",
          "pivot": [
            -5,
            48,
            -12
          ],
          "cubes": [
            {
              "origin": [
                -5,
                44,
                -19
              ],
              "size": [
                0,
                9,
                7
              ],
              "uv": [
                88,
                174
              ]
            }
          ]
        },
        {
          "name": "bone15",
          "parent": "bone16",
          "pivot": [
            5,
            48,
            -12
          ],
          "cubes": [
            {
              "origin": [
                5,
                44,
                -19
              ],
              "size": [
                0,
                9,
                7
              ],
              "uv": [
                111,
                81
              ]
            }
          ]
        },
        {
          "name": "bone13",
          "parent": "bone2",
          "pivot": [
            0,
            51,
            5
          ],
          "cubes": [
            {
              "origin": [
                -7,
                42,
                6
              ],
              "size": [
                14,
                14,
                6
              ],
              "uv": [
                126,
                81
              ]
            },
            {
              "origin": [
                -5,
                35,
                6
              ],
              "size": [
                10,
                7,
                6
              ],
              "uv": [
                36,
                35
              ]
            },
            {
              "origin": [
                -4.5,
                44,
                12
              ],
              "size": [
                9,
                10,
                3
              ],
              "uv": [
                170,
                93
              ]
            }
          ]
        },
        {
          "name": "bone31",
          "parent": "bone13",
          "pivot": [
            0,
            43,
            8
          ],
          "cubes": [
            {
              "origin": [
                7,
                18,
                5
              ],
              "size": [
                8,
                37,
                7
              ],
              "uv": [
                0,
                192
              ]
            }
          ]
        },
        {
          "name": "bone18",
          "parent": "bone31",
          "pivot": [
            10,
            50,
            8
          ],
          "cubes": [
            {
              "origin": [
                7,
                34,
                5
              ],
              "size": [
                8,
                16,
                7
              ],
              "inflate": -0.02,
              "uv": [
                226,
                233
              ]
            }
          ]
        },
        {
          "name": "bone4",
          "parent": "bone13",
          "pivot": [
            0,
            43,
            8
          ],
          "cubes": [
            {
              "origin": [
                -15,
                17,
                5
              ],
              "size": [
                8,
                38,
                7
              ],
              "uv": [
                0,
                192
              ]
            }
          ]
        },
        {
          "name": "bone17",
          "parent": "bone4",
          "pivot": [
            -10,
            50,
            8
          ],
          "cubes": [
            {
              "origin": [
                -15,
                34,
                5
              ],
              "size": [
                8,
                16,
                7
              ],
              "inflate": -0.02,
              "uv": [
                226,
                233
              ]
            }
          ]
        },
        {
          "name": "bone19",
          "parent": "bone2",
          "pivot": [
            0,
            55,
            2
          ],
          "cubes": [
            {
              "origin": [
                -4,
                54.22598,
                -0.0765
              ],
              "size": [
                8,
                13,
                7
              ],
              "pivot": [
                0,
                55,
                2
              ],
              "rotation": [
                -27.5,
                0,
                0
              ],
              "uv": [
                153,
                0
              ]
            }
          ]
        },
        {
          "name": "bone20",
          "parent": "bone19",
          "pivot": [
            0,
            63,
            8
          ],
          "cubes": [
            {
              "origin": [
                -2,
                63.35587,
                6.54098
              ],
              "size": [
                4,
                13,
                4
              ],
              "uv": [
                175,
                138
              ]
            }
          ]
        },
        {
          "name": "bone21",
          "parent": "bone20",
          "pivot": [
            0,
            75,
            8
          ],
          "cubes": [
            {
              "origin": [
                -2,
                75.35587,
                6.54098
              ],
              "size": [
                4,
                12,
                3
              ],
              "pivot": [
                0,
                75,
                8
              ],
              "rotation": [
                17.5,
                0,
                0
              ],
              "uv": [
                0,
                177
              ]
            }
          ]
        },
        {
          "name": "bone22",
          "parent": "bone21",
          "pivot": [
            0,
            86,
            5
          ],
          "cubes": [
            {
              "origin": [
                -4,
                86.35587,
                -6.45902
              ],
              "size": [
                8,
                8,
                14
              ],
              "uv": [
                90,
                58
              ]
            }
          ]
        },
        {
          "name": "bone27",
          "parent": "bone22",
          "pivot": [
            4,
            90,
            -6.5
          ],
          "cubes": [
            {
              "origin": [
                4,
                87.35587,
                -16.45902
              ],
              "size": [
                0,
                6,
                10
              ],
              "uv": [
                121,
                173
              ]
            }
          ]
        },
        {
          "name": "bone26",
          "parent": "bone22",
          "pivot": [
            0,
            86.5,
            -6.5
          ],
          "cubes": [
            {
              "origin": [
                -3,
                86.35587,
                -16.45902
              ],
              "size": [
                6,
                0,
                10
              ],
              "uv": [
                77,
                163
              ]
            }
          ]
        },
        {
          "name": "bone25",
          "parent": "bone22",
          "pivot": [
            0,
            94,
            -7
          ],
          "cubes": [
            {
              "origin": [
                -3,
                94.35587,
                -16.45902
              ],
              "size": [
                6,
                0,
                10
              ],
              "uv": [
                77,
                163
              ]
            }
          ]
        },
        {
          "name": "bone28",
          "parent": "bone22",
          "pivot": [
            -3,
            90,
            -7
          ],
          "cubes": [
            {
              "origin": [
                -4,
                87.35587,
                -16.45902
              ],
              "size": [
                0,
                6,
                10
              ],
              "uv": [
                74,
                0
              ]
            }
          ]
        },
        {
          "name": "bone3",
          "parent": "bone22",
          "pivot": [
            0,
            90,
            5
          ],
          "cubes": [
            {
              "origin": [
                -4,
                86.35587,
                -6.45902
              ],
              "size": [
                8,
                8,
                12
              ],
              "inflate": -0.02,
              "uv": [
                112,
                109
              ]
            }
          ]
        },
        {
          "name": "bone",
          "parent": "bone2",
          "pivot": [
            0,
            59,
            -3
          ],
          "cubes": [
            {
              "origin": [
                -5,
                59,
                -14
              ],
              "size": [
                10,
                10,
                15
              ],
              "uv": [
                75,
                83
              ]
            },
            {
              "origin": [
                -9,
                65,
                -23
              ],
              "size": [
                4,
                5,
                23
              ],
              "pivot": [
                -5,
                67,
                -7
              ],
              "rotation": [
                -10,
                17.5,
                0
              ],
              "uv": [
                74,
                0
              ]
            },
            {
              "origin": [
                5,
                65,
                -23
              ],
              "size": [
                4,
                5,
                23
              ],
              "pivot": [
                5,
                67,
                -7
              ],
              "rotation": [
                -10,
                -17.5,
                0
              ],
              "uv": [
                42,
                6
              ]
            },
            {
              "origin": [
                -3,
                69,
                -23
              ],
              "size": [
                6,
                6,
                23
              ],
              "pivot": [
                -1,
                69,
                -4
              ],
              "rotation": [
                -2.5,
                0,
                0
              ],
              "uv": [
                0,
                29
              ]
            },
            {
              "origin": [
                0,
                75,
                -17
              ],
              "size": [
                0,
                8,
                17
              ],
              "pivot": [
                -1,
                71,
                -7
              ],
              "rotation": [
                -2.5,
                0,
                0
              ],
              "uv": [
                122,
                41
              ]
            },
            {
              "origin": [
                -4,
                56,
                -7
              ],
              "size": [
                8,
                3,
                6
              ],
              "uv": [
                168,
                29
              ]
            },
            {
              "origin": [
                1,
                55,
                -13
              ],
              "size": [
                5,
                4,
                5
              ],
              "uv": [
                69,
                35
              ]
            },
            {
              "origin": [
                -10,
                59,
                -11
              ],
              "size": [
                5,
                6,
                9
              ],
              "pivot": [
                -6,
                59,
                -2
              ],
              "rotation": [
                0,
                27.5,
                0
              ],
              "uv": [
                0,
                106
              ]
            },
            {
              "origin": [
                5,
                59,
                -11
              ],
              "size": [
                5,
                6,
                9
              ],
              "pivot": [
                5,
                60,
                -2
              ],
              "rotation": [
                0,
                -27.5,
                0
              ],
              "uv": [
                0,
                106
              ]
            },
            {
              "origin": [
                -5,
                61,
                -22
              ],
              "size": [
                10,
                8,
                8
              ],
              "uv": [
                141,
                102
              ]
            }
          ]
        },
        {
          "name": "bone6",
          "parent": "bone2",
          "pivot": [
            -9,
            53,
            -2
          ],
          "cubes": [
            {
              "origin": [
                -20,
                9,
                -6
              ],
              "size": [
                12,
                9,
                8
              ],
              "inflate": 0.02,
              "uv": [
                127,
                21
              ]
            },
            {
              "origin": [
                -20,
                18,
                -6
              ],
              "size": [
                11,
                38,
                8
              ],
              "uv": [
                51,
                51
              ]
            },
            {
              "origin": [
                -20,
                25,
                -6
              ],
              "size": [
                11,
                8,
                8
              ],
              "inflate": 0.02,
              "uv": [
                140,
                39
              ]
            },
            {
              "origin": [
                -17,
                56,
                3
              ],
              "size": [
                6,
                6,
                3
              ],
              "pivot": [
                -13,
                54,
                0
              ],
              "rotation": [
                0,
                0,
                -17.5
              ],
              "uv": [
                135,
                67
              ]
            },
            {
              "origin": [
                -21,
                53,
                -8
              ],
              "size": [
                12,
                9,
                11
              ],
              "pivot": [
                -13,
                54,
                0
              ],
              "rotation": [
                0,
                0,
                -17.5
              ],
              "uv": [
                106,
                0
              ]
            }
          ]
        },
        {
          "name": "bone34",
          "parent": "bone6",
          "pivot": [
            -14,
            14,
            0
          ],
          "cubes": [
            {
              "origin": [
                -16,
                12,
                -26
              ],
              "size": [
                3,
                3,
                40
              ],
              "uv": [
                169,
                156
              ]
            },
            {
              "origin": [
                -18,
                10,
                -35
              ],
              "size": [
                7,
                7,
                9
              ],
              "uv": [
                224,
                177
              ]
            },
            {
              "origin": [
                -15,
                -3,
                -114
              ],
              "size": [
                0,
                33,
                85
              ],
              "uv": [
                0,
                204
              ]
            }
          ]
        },
        {
          "name": "bone5",
          "parent": "bone2",
          "pivot": [
            9,
            53,
            -2
          ],
          "cubes": [
            {
              "origin": [
                9,
                18,
                -6
              ],
              "size": [
                11,
                38,
                8
              ],
              "uv": [
                51,
                51
              ],
              "mirror": true
            },
            {
              "origin": [
                9,
                53,
                -8
              ],
              "size": [
                12,
                9,
                11
              ],
              "pivot": [
                13,
                54,
                0
              ],
              "rotation": [
                0,
                0,
                17.5
              ],
              "uv": [
                106,
                0
              ]
            },
            {
              "origin": [
                11,
                56,
                3
              ],
              "size": [
                6,
                6,
                3
              ],
              "pivot": [
                13,
                54,
                0
              ],
              "rotation": [
                0,
                0,
                17.5
              ],
              "uv": [
                135,
                67
              ]
            },
            {
              "origin": [
                8,
                9,
                -6
              ],
              "size": [
                12,
                9,
                8
              ],
              "inflate": 0.02,
              "uv": [
                127,
                21
              ],
              "mirror": true
            }
          ]
        },
        {
          "name": "bone29",
          "parent": "bone5",
          "pivot": [
            21,
            34,
            0
          ],
          "cubes": [
            {
              "origin": [
                24,
                7,
                2
              ],
              "size": [
                0,
                18,
                5
              ],
              "uv": [
                39,
                59
              ]
            },
            {
              "origin": [
                24,
                7,
                -12
              ],
              "size": [
                0,
                18,
                5
              ],
              "uv": [
                34,
                59
              ]
            },
            {
              "origin": [
                20,
                13,
                -7
              ],
              "size": [
                8,
                28,
                9
              ],
              "uv": [
                30,
                98
              ]
            },
            {
              "origin": [
                28,
                8,
                -2.5
              ],
              "size": [
                4,
                17,
                0
              ],
              "uv": [
                65,
                98
              ]
            },
            {
              "origin": [
                20,
                41,
                -1.5
              ],
              "size": [
                8,
                9,
                0
              ],
              "uv": [
                35,
                136
              ]
            }
          ]
        },
        {
          "name": "bone30",
          "parent": "bone29",
          "pivot": [
            23,
            29,
            0
          ],
          "cubes": [
            {
              "origin": [
                20,
                13,
                -7
              ],
              "size": [
                8,
                16,
                9
              ],
              "inflate": -0.02,
              "uv": [
                0,
                127
              ]
            }
          ]
        },
        {
          "name": "bone10",
          "parent": "bone5",
          "pivot": [
            20,
            32,
            -2
          ]
        },
        {
          "name": "bone8",
          "parent": "bone9",
          "pivot": [
            -5,
            32,
            0
          ],
          "cubes": [
            {
              "origin": [
                -8,
                16,
                -4
              ],
              "size": [
                7,
                16,
                7
              ],
              "uv": [
                157,
                56
              ]
            },
            {
              "origin": [
                -8,
                18,
                -4
              ],
              "size": [
                7,
                5,
                7
              ],
              "inflate": 0.02,
              "uv": [
                20,
                170
              ]
            }
          ]
        },
        {
          "name": "bone23",
          "parent": "bone8",
          "pivot": [
            -4,
            16,
            0
          ],
          "cubes": [
            {
              "origin": [
                -8,
                0,
                -4
              ],
              "size": [
                7,
                16,
                7
              ],
              "uv": [
                28,
                146
              ],
              "mirror": true
            },
            {
              "origin": [
                -8,
                0,
                -10
              ],
              "size": [
                7,
                4,
                6
              ],
              "uv": [
                164,
                173
              ]
            }
          ]
        }
      ]
    }
  ]
}