{
  "format_version": "1.12.0",
  "minecraft:geometry": [
    {
      "description": {
        "identifier": "geometry.tm_tvtitan",
        "texture_width": 170,
        "texture_height": 170,
        "visible_bounds_width": 6,
        "visible_bounds_height": 7,
        "visible_bounds_offset": [
          0,
          2.5,
          0
        ]
      },
      "bones": [
        {
          "name": "bone9",
          "pivot": [
            0,
            0,
            0
          ]
        },
        {
          "name": "bone7",
          "parent": "bone9",
          "pivot": [
            3,
            20,
            -2
          ],
          "cubes": [
            {
              "origin": [
                1,
                0,
                -6
              ],
              "size": [
                6,
                20,
                7
              ],
              "uv": [
                72,
                72
              ]
            }
          ]
        },
        {
          "name": "bone2",
          "parent": "bone9",
          "pivot": [
            0,
            20,
            0
          ],
          "cubes": [
            {
              "origin": [
                -9,
                30,
                -8
              ],
              "size": [
                18,
                14,
                11
              ],
              "uv": [
                0,
                27
              ]
            },
            {
              "origin": [
                -9,
                6,
                -8
              ],
              "size": [
                18,
                38,
                11
              ],
              "inflate": 0.35,
              "uv": [
                112,
                121
              ]
            },
            {
              "origin": [
                -7,
                20,
                -7
              ],
              "size": [
                14,
                10,
                9
              ],
              "uv": [
                49,
                18
              ]
            },
            {
              "origin": [
                -4,
                36,
                -15
              ],
              "size": [
                6,
                2,
                6
              ],
              "pivot": [
                0,
                0,
                0
              ],
              "rotation": [
                0,
                0,
                -7.5
              ],
              "uv": [
                40,
                120
              ]
            },
            {
              "origin": [
                -2,
                36,
                -15
              ],
              "size": [
                6,
                2,
                6
              ],
              "pivot": [
                0,
                0,
                0
              ],
              "rotation": [
                0,
                0,
                7.5
              ],
              "uv": [
                40,
                120
              ],
              "mirror": true
            },
            {
              "origin": [
                -5,
                32,
                -12
              ],
              "size": [
                10,
                9,
                4
              ],
              "uv": [
                79,
                55
              ]
            }
          ]
        },
        {
          "name": "bone13",
          "parent": "bone2",
          "pivot": [
            0,
            39,
            2
          ]
        },
        {
          "name": "bone3",
          "parent": "bone13",
          "pivot": [
            -6,
            34,
            5
          ],
          "cubes": [
            {
              "origin": [
                -9,
                27,
                3
              ],
              "size": [
                6,
                22,
                4
              ],
              "inflate": 0.1,
              "uv": [
                94,
                95
              ]
            }
          ]
        },
        {
          "name": "bone11",
          "parent": "bone3",
          "pivot": [
            -6,
            49,
            4
          ],
          "rotation": [
            180,
            0,
            0
          ],
          "cubes": [
            {
              "origin": [
                -6,
                62,
                -2
              ],
              "size": [
                0,
                18,
                5
              ],
              "uv": [
                38,
                47
              ]
            },
            {
              "origin": [
                -7,
                62,
                -2
              ],
              "size": [
                0,
                18,
                5
              ],
              "uv": [
                38,
                47
              ]
            },
            {
              "origin": [
                -5,
                62,
                -2
              ],
              "size": [
                0,
                18,
                5
              ],
              "uv": [
                38,
                47
              ]
            },
            {
              "origin": [
                -8,
                49,
                3
              ],
              "size": [
                4,
                23,
                3
              ],
              "uv": [
                98,
                68
              ]
            }
          ]
        },
        {
          "name": "bone4",
          "parent": "bone13",
          "pivot": [
            6,
            34,
            5
          ],
          "cubes": [
            {
              "origin": [
                3,
                27,
                3
              ],
              "size": [
                6,
                22,
                4
              ],
              "inflate": 0.1,
              "uv": [
                86,
                0
              ]
            }
          ]
        },
        {
          "name": "bone12",
          "parent": "bone4",
          "pivot": [
            6,
            49,
            4
          ],
          "rotation": [
            180,
            0,
            0
          ],
          "cubes": [
            {
              "origin": [
                6,
                62,
                -2
              ],
              "size": [
                0,
                18,
                5
              ],
              "uv": [
                28,
                47
              ]
            },
            {
              "origin": [
                5,
                62,
                -2
              ],
              "size": [
                0,
                18,
                5
              ],
              "uv": [
                28,
                47
              ]
            },
            {
              "origin": [
                7,
                62,
                -2
              ],
              "size": [
                0,
                18,
                5
              ],
              "uv": [
                28,
                47
              ]
            },
            {
              "origin": [
                4,
                49,
                3
              ],
              "size": [
                4,
                23,
                3
              ],
              "uv": [
                14,
                86
              ]
            }
          ]
        },
        {
          "name": "bone",
          "parent": "bone2",
          "pivot": [
            0,
            44,
            -3
          ],
          "cubes": [
            {
              "origin": [
                -9,
                44,
                -10
              ],
              "size": [
                18,
                16,
                11
              ],
              "uv": [
                0,
                0
              ]
            },
            {
              "origin": [
                5,
                44,
                -8
              ],
              "size": [
                5,
                10,
                9
              ],
              "uv": [
                72,
                91
              ]
            }
          ]
        },
        {
          "name": "bone6",
          "parent": "bone2",
          "pivot": [
            -9,
            41,
            -2
          ],
          "cubes": [
            {
              "origin": [
                -16,
                17,
                -6
              ],
              "size": [
                7,
                27,
                7
              ],
              "uv": [
                0,
                52
              ]
            },
            {
              "origin": [
                -16,
                17,
                1
              ],
              "size": [
                0,
                27,
                7
              ],
              "pivot": [
                0,
                0,
                0
              ],
              "rotation": [
                0,
                -12.5,
                0
              ],
              "uv": [
                54,
                72
              ]
            }
          ]
        },
        {
          "name": "bone14",
          "parent": "bone6",
          "pivot": [
            -13,
            17,
            -2
          ],
          "cubes": [
            {
              "origin": [
                -16,
                6,
                -6
              ],
              "size": [
                7,
                11,
                7
              ],
              "inflate": 0.02,
              "uv": [
                79,
                37
              ]
            }
          ]
        },
        {
          "name": "bone5",
          "parent": "bone2",
          "pivot": [
            9,
            41,
            -2
          ],
          "cubes": [
            {
              "origin": [
                9,
                17,
                -6
              ],
              "size": [
                7,
                27,
                7
              ],
              "uv": [
                51,
                45
              ]
            },
            {
              "origin": [
                16,
                17,
                1
              ],
              "size": [
                0,
                27,
                7
              ],
              "pivot": [
                0,
                0,
                0
              ],
              "rotation": [
                0,
                12.5,
                0
              ],
              "uv": [
                0,
                79
              ]
            }
          ]
        },
        {
          "name": "bone15",
          "parent": "bone5",
          "pivot": [
            13,
            17,
            -2
          ],
          "cubes": [
            {
              "origin": [
                9,
                6,
                -6
              ],
              "size": [
                7,
                11,
                7
              ],
              "inflate": 0.02,
              "uv": [
                58,
                0
              ]
            }
          ]
        },
        {
          "name": "bone10",
          "parent": "bone5",
          "pivot": [
            20,
            20,
            -2
          ]
        },
        {
          "name": "bone8",
          "parent": "bone9",
          "pivot": [
            -5,
            20,
            -2
          ],
          "cubes": [
            {
              "origin": [
                -7,
                0,
                -6
              ],
              "size": [
                6,
                20,
                7
              ],
              "uv": [
                28,
                72
              ]
            }
          ]
        }
      ]
    }
  ]
}