{
  "format_version": "1.16.100",
  "minecraft:item": {
    "description": {
      "identifier": "set:coklatos",
      "category": "items"
    },
    "components": {
      "minecraft:hand_equipped": false,
      "minecraft:max_stack_size": 4,
      "minecraft:foil": false,
      "minecraft:food": {
        "saturation_modifier": "normal",
        "nutrition": 4,
        "can_always_eat": false,
        "on_consume": {
          "event": "on_consume_effects",
          "target": "self"
        }
      },
      "minecraft:use_duration": 1,
      "minecraft:use_animation": "eat",
      "minecraft:cooldown": {
        "category": "action_cooldown",
        "duration": 4
      },
      "minecraft:icon": {
        "texture": "set:coklatos"
      },
      "minecraft:render_offsets": {
        "main_hand": {
          "third_person": {
            "scale": [
              0.010666666666666668,
              0.010666666666666668,
              0.010666666666666668
            ]
          },
          "first_person": {
            "scale": [
              0.004053333333330902,
              0.004053333333330902,
              0.004053333333330902
            ]
          }
        },
        "off_hand": {
          "third_person": {
            "scale": [
              0.010666666666666668,
              0.010666666666666668,
              0.010666666666666668
            ]
          },
          "first_person": {
            "scale": [
              0.004053333333330902,
              0.004053333333330902,
              0.004053333333330902
            ]
          }
        }
      }
    }
  }
}