{
  "format_version": "1.8.0",
  "minecraft:client_entity": {
    "description": {
      "identifier": "pa:armor_stand",
      "materials": {
        "default": "armor_stand"
      },
      "textures": {
        "default": "textures/entity/pamobile/pa_armor_stand"
      },
      "spawn_egg": {
        "base_color": "#EA9A51",
        "overlay_color": "#FF0909"
      },
      "animations": {
        "no_pose": "animation.pa_armor_stand.sword_attack"
      },
      "animation_controllers": [
        {
          "pose": "controller.animation.armor_stand.pose"
        },
        {
          "wiggling": "controller.animation.armor_stand.wiggle"
        }
      ],
      "geometry": {
        "default": "geometry.pa_armor_stand"
      },
      "render_controllers": [
        "controller.render.armor_stand"
      ],
      "enable_attachables": true
    }
  }
}