{
  "format_version": "1.10.0",
  "minecraft:client_entity": {
    "description": {
      "identifier": "skibidi_toilet:double_light_tank_toilet",
      "textures": {
        "default": "textures/entity/pamobile/skibidi_toilet_double_light_tank_toilet"
      },
      "materials": {
        "default": "entity_emissive_alpha"
      },
      "geometry": {
        "default": "geometry.skibidi_toilet_double_light_tank_toilet"
      },
      "render_controllers": [
        "controller.render.ravager"
      ],
      "spawn_egg": {
        "base_color": "#57534F",
        "overlay_color": "#312B2B"
      },
      "animations": {
        "walk": "animation.double_light_tank_toilet.move",
        "look_at_target": "animation.double_light_tank_toilet.idle",
        "idle_mouth": "animation.skibidi_toilet_double_light_tank_toilet.idle_mouth",
        "stunned": "animation.skibidi_toilet_double_light_tank_toilet.stunned",
        "roaring": "animation.double_light_tank_toilet.roar",
        "move": "controller.animation.ravager.move",
        "head": "controller.animation.ravager.head_movement",
        "biting": "animation.skibidi_toilet_double_light_tank_toilet.biting"
      },
      "scripts": {
        "pre_animation": [
          "variable.roar_length=1.0;",
          "variable.bite_anim_duration=0.75f;",
          "variable.bite_neck_length=10;"
        ],
        "animate": [
          "move",
          "head"
        ]
      },
      "particle_effects": {
        "stun_particles": "minecraft:stunned_emitter"
      }
    }
  }
}