{
  "format_version": "1.10.0",
  "minecraft:client_entity": {
    "description": {
      "identifier": "skibidi_toilet:camera_turret_spawner",
      "min_engine_version": "1.8.0",
      "materials": {
        "default": "entity_emissive_alpha"
      },
      "textures": {
        "default": "textures/entity/pamobile/skibidi_toilet_camera_turret_spawner",
        "saddled": "textures/entity/pamobile/skibidi_toilet_camera_turret_spawner"
      },
      "geometry": {
        "default": "geometry.skibidi_toilet_camera_turret_spawner"
      },
      "animations": {
        "setup": "animation.camera_turret_spawner.idle",
        "walk": "animation.quadruped.walk",
        "look_at_target": "animation.common.look_at_target",
        "baby_transform": "animation.skibidi_toilet_camera_turret_spawner.baby_transform"
      },
      "scripts": {
        "animate": [
          "setup",
          {
            "walk": "query.modified_move_speed"
          },
          "look_at_target",
          {
            "baby_transform": "query.is_baby"
          }
        ]
      },
      "render_controllers": [
        "controller.render.pig"
      ],
      "spawn_egg": {
        "base_color": "#FFFEFD",
        "overlay_color": "#292929"
      }
    }
  }
}