{
  "format_version": "1.10.0",
  "minecraft:client_entity": {
    "description": {
      "identifier": "skibidi_toilet:spider_speaker",
      "textures": {
        "default": "textures/entity/pamobile/skibidi_toilet_spider_speaker"
      },
      "materials": {
        "default": "ravager"
      },
      "geometry": {
        "default": "geometry.skibidi_toilet_spider_speaker"
      },
      "render_controllers": [
        "controller.render.ravager"
      ],
      "spawn_egg": {
        "base_color": "#1D1B18",
        "overlay_color": "#5D5959"
      },
      "animations": {
        "walk": "animation.skibidi_toilet_spider_speaker.walk_1",
        "look_at_target": "animation.skibidi_toilet_spider_speaker.idle",
        "idle_mouth": "animation.skibidi_toilet_spider_speaker.idle_mouth",
        "stunned": "animation.skibidi_toilet_spider_speaker.stunned",
        "roaring": "animation.skibidi_toilet_spider_speaker.roar",
        "move": "controller.animation.ravager.move",
        "head": "controller.animation.ravager.head_movement",
        "biting": "animation.skibidi_toilet_spider_speaker.biting"
      },
      "scripts": {
        "pre_animation": [
          "variable.roar_length=1.0;",
          "variable.bite_anim_duration=0.75f;",
          "variable.bite_neck_length=10;"
        ],
        "animate": [
          "move",
          "head"
        ]
      },
      "particle_effects": {
        "stun_particles": "minecraft:stunned_emitter"
      }
    }
  }
}