{
  "format_version": "1.8.0",
  "minecraft:client_entity": {
    "description": {
      "identifier": "skibidi_toilet:little_camera_man",
      "materials": {
        "default": "entity_alphatest"
      },
      "textures": {
        "default": "textures/entity/pamobile/skibidi_toilet_little_camera_man",
        "angry": "textures/entity/pamobile/skibidi_toilet_little_camera_man",
        "tame": "textures/entity/pamobile/skibidi_toilet_little_camera_man"
      },
      "geometry": {
        "default": "geometry.skibidi_toilet_little_camera_man"
      },
      "scripts": {
        "pre_animation": [
          "variable.body_shake_angle = 0.05 * query.frame_alpha + query.shake_angle;",
          "variable.body_roll_progress = Math.clamp((variable.body_shake_angle - 0.16) / 1.8, 0, 1);",
          "variable.body_rot_z = Math.sin(variable.body_roll_progress * 180) * Math.sin(variable.body_roll_progress * 1980) * 27;",
          "variable.upper_body_roll_progress = Math.clamp((variable.body_shake_angle - 0.08) / 1.8, 0, 1);",
          "variable.upper_body_rot_z = (Math.sin(variable.upper_body_roll_progress * 180) * Math.sin(variable.upper_body_roll_progress * 1980) * 27) - variable.body_rot_z;",
          "variable.tail_roll_progress = Math.clamp((variable.body_shake_angle - 0.2) / 1.8, 0, 1);",
          "variable.tail_rot_z = (Math.sin(variable.tail_roll_progress * 180) * Math.sin(variable.tail_roll_progress * 1980) * 27) - variable.body_rot_z;",
          "variable.head_roll_progress = Math.clamp(variable.body_shake_angle / 1.8, 0, 1);",
          "variable.head_rot_z = (Math.sin(variable.head_roll_progress * 180) * Math.sin(variable.head_roll_progress * 1980) * 27) - variable.body_rot_z;"
        ]
      },
      "animations": {
        "wolf_setup": "animation.skibidi_toilet_little_camera_man.attack",
        "wolf_baby_scaling": "animation.skibidi_toilet_little_camera_man.base",
        "wolf_look_at": "animation.skibidi_toilet_little_camera_man.idle",
        "wolf_head_rot_z": "animation.skibidi_toilet_little_camera_man.base",
        "wolf_tail_default": "animation.skibidi_toilet_little_camera_man.base",
        "wolf_angry": "animation.skibidi_toilet_little_camera_man.base",
        "wolf_sitting": "animation.skibidi_toilet_little_camera_man.sit",
        "wolf_shaking": "animation.skibidi_toilet_little_camera_man.base",
        "wolf_leg_default": "animation.skibidi_toilet_little_camera_man.walk"
      },
      "animation_controllers": [
        {
          "wolf_setup": "controller.animation.wolf.setup"
        },
        {
          "wolf_look_at": "controller.animation.wolf.look_at"
        },
        {
          "wolf_baby_scaling": "controller.animation.wolf.baby_scaling"
        },
        {
          "wolf_head_rot_z": "controller.animation.wolf.head_rot_z"
        },
        {
          "wolf_tail_default": "controller.animation.wolf.tail_default"
        },
        {
          "wolf_angry": "controller.animation.wolf.angry"
        },
        {
          "wolf_sitting": "controller.animation.wolf.sitting"
        },
        {
          "wolf_shaking": "controller.animation.wolf.shaking"
        }
      ],
      "render_controllers": [
        "controller.render.wolf"
      ],
      "spawn_egg": {
        "base_color": "#0E0D0D",
        "overlay_color": "#D1D1D1"
      }
    }
  }
}