{
  "format_version": "1.8.0",
  "minecraft:client_entity": {
    "description": {
      "identifier": "skibidi_toilet:red_blaster",
      "min_engine_version": "1.8.0",
      "materials": {
        "default": "entity_emissive_alpha",
        "charged": "charged_creeper"
      },
      "textures": {
        "default": "textures/entity/pamobile/skibidi_toilet_red_blaster",
        "charged": "textures/entity/pamobile/skibidi_toilet_red_blaster"
      },
      "geometry": {
        "default": "geometry.skibidi_toilet_red_blaster",
        "charged": "geometry.creeper.charged.v1.8"
      },
      "spawn_egg": {
        "base_color": "#AC0C06",
        "overlay_color": "#FF0909"
      },
      "scripts": {
        "pre_animation": [
          "variable.wobble=Math.sin(query.swell_amount*5730)*query.swell_amount*0.01+1.0;",
          "variable.swelling_scale1=(Math.pow(Math.clamp(query.swell_amount,0.0,1.0),4.0)*0.4+1.0)*variable.wobble;",
          "variable.swelling_scale2=(Math.pow(Math.clamp(query.swell_amount,0.0,1.0),4.0)*0.1+1.0)/variable.wobble;",
          "variable.leg_rot=Math.cos(query.modified_distance_moved*38.17326)*80.22*query.modified_move_speed;",
          "variable.flash=Math.mod(Math.Round(query.swell_amount*10.0),2.0);"
        ]
      },
      "animations": {
        "creeper_head": "animation.common.look_at_target",
        "creeper_legs": "animation.skibidi_toilet_red_blaster.legs",
        "creeper_swelling": "animation.skibidi_toilet_red_blaster.swelling"
      },
      "animation_controllers": [
        {
          "creeper_head": "controller.animation.skibidi_toilet_red_blaster.head"
        },
        {
          "creeper_legs": "controller.animation.skibidi_toilet_red_blaster.legs"
        },
        {
          "creeper_swelling": "controller.animation.skibidi_toilet_red_blaster.swelling"
        }
      ],
      "render_controllers": [
        "controller.render.creeper",
        "controller.render.creeper_armor"
      ]
    }
  }
}