{
  "format_version": "1.8.0",
  "minecraft:client_entity": {
    "description": {
      "identifier": "skibidi_toilet:double_buzz_saw_arm_toilet_man",
      "materials": {
        "default": "entity_alphatest"
      },
      "textures": {
        "default": "textures/entity/pamobile/skibidi_toilet_double_buzz_saw_arm_toilet_man"
      },
      "geometry": {
        "default": "geometry.skibidi_toilet_double_buzz_saw_arm_toilet_man"
      },
      "scripts": {
        "pre_animation": [
          "variable.tcos0 = (Math.cos(query.modified_distance_moved * 38.17) * query.modified_move_speed / variable.gliding_speed_value) * 57.3;"
        ]
      },
      "animations": {
        "look_at_target_default": "animation.skibidi_toilet_double_buzz_saw_arm_toilet_man.look_at_target.default",
        "look_at_target_gliding": "animation.skibidi_toilet_double_buzz_saw_arm_toilet_man.look_at_target.gliding",
        "look_at_target_swimming": "animation.skibidi_toilet_double_buzz_saw_arm_toilet_man.look_at_target.swimming",
        "move": "animation.skibidi_toilet_double_buzz_saw_arm_toilet_man.walk",
        "riding.arms": "animation.skibidi_toilet_double_buzz_saw_arm_toilet_man.base",
        "riding.legs": "animation.skibidi_toilet_double_buzz_saw_arm_toilet_man.base",
        "holding": "animation.skibidi_toilet_double_buzz_saw_arm_toilet_man.holding",
        "brandish_spear": "animation.skibidi_toilet_double_buzz_saw_arm_toilet_man.brandish_spear",
        "charging": "animation.skibidi_toilet_double_buzz_saw_arm_toilet_man.charging",
        "attack.rotations": "animation.skibidi_toilet_double_buzz_saw_arm_toilet_man.attack.rotations",
        "sneaking": "animation.skibidi_toilet_double_buzz_saw_arm_toilet_man.sneaking",
        "bob": "animation.skibidi_toilet_double_buzz_saw_arm_toilet_man.idle",
        "damage_nearby_mobs": "animation.skibidi_toilet_double_buzz_saw_arm_toilet_man.damage_nearby_mobs",
        "bow_and_arrow": "animation.skibidi_toilet_double_buzz_saw_arm_toilet_man.bow_and_arrow",
        "swimming": "animation.skibidi_toilet_double_buzz_saw_arm_toilet_man.swimming",
        "use_item_progress": "animation.skibidi_toilet_double_buzz_saw_arm_toilet_man.use_item_progress",
        "skeleton_attack": "animation.skibidi_toilet_double_buzz_saw_arm_toilet_man.attack"
      },
      "animation_controllers": [
        {
          "look_at_target": "controller.animation.humanoid.look_at_target"
        },
        {
          "move": "controller.animation.humanoid.move"
        },
        {
          "riding": "controller.animation.humanoid.riding"
        },
        {
          "holding": "controller.animation.humanoid.holding"
        },
        {
          "brandish_spear": "controller.animation.humanoid.brandish_spear"
        },
        {
          "charging": "controller.animation.humanoid.charging"
        },
        {
          "attack": "controller.animation.humanoid.attack"
        },
        {
          "sneaking": "controller.animation.humanoid.sneaking"
        },
        {
          "bob": "controller.animation.humanoid.bob"
        },
        {
          "damage_nearby_mobs": "controller.animation.humanoid.damage_nearby_mobs"
        },
        {
          "bow_and_arrow": "controller.animation.humanoid.bow_and_arrow"
        },
        {
          "swimming": "controller.animation.humanoid.swimming"
        },
        {
          "use_item_progress": "controller.animation.humanoid.use_item_progress"
        },
        {
          "skeleton_attack": "controller.animation.skeleton.attack"
        }
      ],
      "spawn_egg": {
        "base_color": "#3C3A39",
        "overlay_color": "#5B5B5B"
      },
      "render_controllers": [
        "controller.render.skeleton"
      ],
      "enable_attachables": true
    }
  }
}