{"resource_pack_name":"vanilla","texture_name":"atlas.items","texture_data":{"yg:spider_camera":{"textures":"textures/items/yg_spider_camera"},"yg:titan_camera_man":{"textures":"textures/items/yg_titan_camera_man"},"yg:camera_man":{"textures":"textures/items/yg_camera_man"},"yg:plumber_camera_man":{"textures":"textures/items/yg_plumber_camera_man"},"yg:camera_women":{"textures":"textures/items/yg_camera_women"},"yg:big_camera_man":{"textures":"textures/items/yg_big_camera_man"},"yg:camera_drop_ship":{"textures":"textures/items/yg_camera_drop_ship"},"yg:skibidi_toilet":{"textures":"textures/items/yg_skibidi_toilet"},"yg:arm_toilet":{"textures":"textures/items/yg_arm_toilet"},"yg:bulldozer_toilet":{"textures":"textures/items/yg_bulldozer_toilet"},"yg:buzzsaw_toilet":{"textures":"textures/items/yg_buzzsaw_toilet"},"yg:spider_buzzsaw_toilet":{"textures":"textures/items/yg_spider_buzzsaw_toilet"},"yg:double_buzzsaw_toilet":{"textures":"textures/items/yg_double_buzzsaw_toilet"},"yg:saw_toilet":{"textures":"textures/items/yg_saw_toilet"},"yg:dj_toilet":{"textures":"textures/items/yg_dj_toilet"},"yg:terrorist_toilet":{"textures":"textures/items/yg_terrorist_toilet"},"yg:rocket_toilet":{"textures":"textures/items/yg_rocket_toilet"},"yg:police_toilet":{"textures":"textures/items/yg_police_toilet"},"yg:parasitic_toilet":{"textures":"textures/items/yg_parasitic_toilet"},"yg:scientist_toilet":{"textures":"textures/items/yg_scientist_toilet"},"yg:camo_toilet":{"textures":"textures/items/yg_camo_toilet"},"yg:sunglasses_toilet":{"textures":"textures/items/yg_sunglasses_toilet"},"yg:triple_toilet":{"textures":"textures/items/yg_triple_toilet"},"yg:holy_toilet":{"textures":"textures/items/yg_holy_toilet"},"yg:glitch_toilet":{"textures":"textures/items/yg_glitch_toilet"},"yg:spider_toilet":{"textures":"textures/items/yg_spider_toilet"},"yg:hydra_toilet":{"textures":"textures/items/yg_hydra_toilet"},"yg:gman_toilet":{"textures":"textures/items/yg_gman_toilet"},"yg:tv_man":{"textures":"textures/items/yg_tv_man"},"yg:tv_women":{"textures":"textures/items/yg_tv_women"},"yg:big_tv_man":{"textures":"textures/items/yg_big_tv_man"},"yg:titan_tv_man":{"textures":"textures/items/yg_titan_tv_man"},"yg:titan_speaker_man":{"textures":"textures/items/yg_titan_speaker_man"},"yg:big_speaker_man":{"textures":"textures/items/yg_big_speaker_man"},"yg:helicopter_speaker":{"textures":"textures/items/yg_helicopter_speaker"},"yg:spider_speaker":{"textures":"textures/items/yg_spider_speaker"},"yg:speaker_man":{"textures":"textures/items/yg_speaker_man"},"yg:speaker_women":{"textures":"textures/items/yg_speaker_women"},"yg:mutant_skibidi_toilet":{"textures":"textures/items/yg_mutant_skibidi_toilet"},"yg:geeky_jesus_toilet":{"textures":"textures/items/yg_geeky_jesus_toilet"},"yg:car_buzzsaw_toilet":{"textures":"textures/items/yg_car_buzzsaw_toilet"},"yg:clock_man":{"textures":"textures/items/yg_clock_man"},"yg:big_clock_man":{"textures":"textures/items/yg_big_clock_man"},"yg:simp_camera_man":{"textures":"textures/items/yg_simp_camera_man"},"yg:plumber_camera_man_2":{"textures":"textures/items/yg_plumber_camera_man_2"},"yg:scientist_toilet_2":{"textures":"textures/items/yg_scientist_toilet_2"},"yg:flamethrower_toilet":{"textures":"textures/items/yg_flamethrower_toilet"},"yg:skull_dismantler_toilet":{"textures":"textures/items/yg_skull_dismantler_toilet"},"yg:deformed_strider_toilet":{"textures":"textures/items/yg_deformed_strider_toilet"}}}