{"format_version":"1.10.0","animation_controllers":{"controller.animation.yg_geeky_jesus_toilet.general":{"states":{"default":{"animations":["gazo_general","look_at_target"],"blend_transition":0.1}}},"controller.animation.yg_geek_jesus_toilet.move":{"states":{"default":{"animations":[{"moving":"query.modified_move_speed *3"}],"transitions":[{"moving":"query.ground_speed > 3"}],"blend_transition":0.2},"moving":{"animations":["moving"],"transitions":[{"default":"!query.is_moving"}],"blend_transition":0.4}}}}}