{
	"format_version": "1.8.0",
	"animations": {
	"animation.titan.default": {
			"loop": true,
			"bones": {
				"root": {
					"scale": [4.0, 4.0, 4.0],
					"position": [0, 48, 0] 
				}
			}
		},
		"animation.titan.default2": {
			"loop": true,
			"animation_length" : 1.0,
			"particle_effects": {
				"0.01": {
					"effect": "gun_trail",
					"locator": "trail"
				},
				"0.02": {
					"effect": "gun_trail",
					"locator": "trail2"
				}
			}
		},
		"animation.titan.look_at_target": {
			"loop": true,
			"bones": {
				"body": {
					"rotation": ["query.target_x_rotation * 0.3", "query.target_y_rotation * 0.35", 0]
				},
				"left_arm": {
					"rotation": ["-query.target_x_rotation * 0.2", 0, 0]
				},
				"right_arm": {
					"rotation": ["-query.target_x_rotation * 0.2", 0, 0]
				},
				"head": {
					"rotation": ["query.target_x_rotation * 0.25", "query.target_y_rotation * 0.5", "query.target_y_rotation * 0.0"]
				},
				"waist": {
					"rotation": ["query.target_x_rotation * 0.3", "query.target_y_rotation * 0.2", 0]
				}
			}
		},
		"animation.titan.fly": {
			"loop": true,
			"animation_length": 3,
			"bones": {
				"root": {
					"rotation": [57.5, 0, 0],
					"position": {
						"0.0": [0, 9, 18],
						"1.4583": {
							"pre": [0, 11, 18],
							"post": [0, 11, 18],
							"lerp_mode": "catmullrom"
						},
						"3.0": [0, 9, 18]
					}
				},
				"waist": {
					"rotation": [0, 0, 0]
				},
				"left_arm": {
					"rotation": {
						"0.0417": {
							"pre": [36.94633, -11.08856, -9.94888],
							"post": [36.94633, -11.08856, -9.94888],
							"lerp_mode": "catmullrom"
						},
						"0.75": {
							"post": [34.44633, -11.08856, -9.94888],
							"lerp_mode": "catmullrom"
						},
						"1.6667": {
							"post": [39.44633, -11.08856, -9.94888],
							"lerp_mode": "catmullrom"
						},
						"2.2917": {
							"post": [34.44633, -11.08856, -9.94888],
							"lerp_mode": "catmullrom"
						},
						"3.0": {
							"post": [36.94633, -11.08856, -9.94888],
							"lerp_mode": "catmullrom"
						}
					}
				},
				"left_arm2": {
					"rotation": [-35, 0, 0]
				},
				"right_arm": {
					"rotation": {
						"0.0": {
							"post": [31.92852, 10.11908, 10.98532],
							"lerp_mode": "catmullrom"
						},
						"0.8333": {
							"post": [26.92852, 10.11908, 10.98532],
							"lerp_mode": "catmullrom"
						},
						"1.5833": {
							"post": [31.92852, 10.11908, 10.98532],
							"lerp_mode": "catmullrom"
						},
						"2.375": {
							"post": [26.92852, 10.11908, 10.98532],
							"lerp_mode": "catmullrom"
						},
						"3.0": {
							"post": [31.92852, 10.11908, 10.98532],
							"lerp_mode": "catmullrom"
						}
					}
				},
				"right_arm2": {
					"rotation": [-25, 0, 0]
				},
				"camera_1": {
					"rotation": [-27.5, 0, 0]
				},
				"camera_2": {
					"rotation": [-22.5, 0, 0]
				},
				"head": {
					"rotation": [-37.5, 0, 0]
				},
				"rocket": {
					"rotation": [17.5, 0, 0]
				},
				"left_leg": {
					"rotation": [17.5, 0, 0]
				},
				"left_leg2": {
					"rotation": [22.5, 0, 0]
				},
				"right_leg": {
					"rotation": [32.5, 0, 0]
				},
				"right_leg2": {
					"rotation": [17.5, 0, 0]
				}
			},
			"particle_effects": {
				"0.0": {
					"effect": "rocket_flame",
					"locator": "thrust"
				},
				"0.0417": {
					"effect": "rocket_flame",
					"locator": "thrust2"
				}
			}
		},
		"animation.titan.fly2": {
			"loop": true,
			"animation_length": 3,
			"bones": {
				"root": {
					"rotation": [0, 0, 0],
					"position": {
						"0.0": [0, 11, 0],
						"1.5": {
							"pre": [0, 16, 0],
							"post": [0, 16, 0],
							"lerp_mode": "catmullrom"
						},
						"3.0": [0, 11, 0]
					}
				},
				"waist": {
					"rotation": [10, 0, 0]
				},
				"left_arm": {
					"rotation": [18.17043, -3.50795, -5.07658]
				},
				"left_arm2": {
					"rotation": [-35, 0, 0]
				},
				"right_arm": {
					"rotation": [14.70727, 7.1259, 4.28113]
				},
				"right_arm2": {
					"rotation": [-25, 0, 0]
				},
				"camera_1": {
					"rotation": [7.5, 0, 0]
				},
				"camera_2": {
					"rotation": [-5, 0, 0]
				},
				"head": {
					"rotation": [7.5, 0, 0]
				},
				"rocket": {
					"rotation": [0, 0, 0]
				},
				"left_leg": {
					"rotation": [-37.5, 0, 0]
				},
				"left_leg2": {
					"rotation": [72.5, 0, 0]
				},
				"right_leg": {
					"rotation": [10, 0, 0]
				},
				"right_leg2": {
					"rotation": [17.5, 0, 0]
				}
			},
			"particle_effects": {
				"0.0": {
					"effect": "rocket_flame",
					"locator": "thrust"
				},
				"0.0417": {
					"effect": "rocket_flame",
					"locator": "thrust2"
				}
			}
		},
		"animation.titan.fly3": {
			"loop": true,
			"animation_length": 3,
			"bones": {
				"root": {
					"rotation": [57.5, 0, 0],
					"position": {
						"0.0": [0, 9, 18],
						"1.4583": {
							"pre": [0, 11, 18],
							"post": [0, 11, 18],
							"lerp_mode": "catmullrom"
						},
						"3.0": [0, 9, 18]
					}
				},
				"waist": {
					"rotation": [0, 0, 0]
				},
				"left_arm": {
					"rotation": {
						"0.0": {
							"post": [-5.55367, -11.08856, -9.94888],
							"lerp_mode": "catmullrom"
						},
						"1.0833": {
							"post": [-10.55, -11.09, -9.95],
							"lerp_mode": "catmullrom"
						},
						"2.3333": {
							"post": [3.02, -11.09, -9.95],
							"lerp_mode": "catmullrom"
						},
						"3.0": {
							"post": [-5.55367, -11.08856, -9.94888],
							"lerp_mode": "catmullrom"
						}
					}
				},
				"left_arm2": {
					"rotation": [-30, 0, 0]
				},
				"right_arm": {
					"rotation": {
						"0.0": {
							"post": [-5.57148, 10.11908, 10.98532],
							"lerp_mode": "catmullrom"
						},
						"0.8333": {
							"post": [-13.07, 10.12, 10.99],
							"lerp_mode": "catmullrom"
						},
						"2.2083": {
							"post": [1.75, 10.12, 10.99],
							"lerp_mode": "catmullrom"
						},
						"3.0": {
							"post": [-5.57148, 10.11908, 10.98532],
							"lerp_mode": "catmullrom"
						}
					}
				},
				"right_arm2": {
					"rotation": [-35, 0, 0]
				},
				"camera_1": {
					"rotation": [-27.5, 0, 0]
				},
				"camera_2": {
					"rotation": [-22.5, 0, 0]
				},
				"head": {
					"rotation": [-37.5, 0, 0]
				},
				"rocket": {
					"rotation": [17.5, 0, 0]
				},
				"left_leg": {
					"rotation": [17.5, 0, 0]
				},
				"left_leg2": {
					"rotation": [22.5, 0, 0]
				},
				"right_leg": {
					"rotation": [32.5, 0, 0]
				},
				"right_leg2": {
					"rotation": [17.5, 0, 0]
				},
				"body": {
					"rotation": [15, 0, 0]
				},
				"left_big_wing": {
					"rotation": [0, 0, -72.5]
				},
				"right_big_wing": {
					"rotation": [0, 0, 72.5]
				},
				"right_small_wing": {
					"rotation": [0, 0, 55]
				},
				"left_small_wing": {
					"rotation": [0, 0, -55]
				}
			},
			"particle_effects": {
				"0.0": {
					"effect": "rocket_flame",
					"locator": "thrust"
				},
				"0.0417": {
					"effect": "rocket_flame",
					"locator": "thrust2"
				}
			}
		},
		"animation.titan.charge": {
			"loop": true,
			"animation_length": 0.0417,
			"bones": {
				"root": {
					"rotation": [57.5, 0, 0],
					"position": [0, 9, 32]
				},
				"waist": {
					"rotation": [0, 0, 0]
				},
				"left_arm": {
					"rotation": {
						"0.0": {
							"post": [-115.55367, -11.08856, -9.94888],
							"lerp_mode": "catmullrom"
						},
						"0.0417": {
							"post": [-115.55, -11.09, -9.95],
							"lerp_mode": "catmullrom"
						}
					}
				},
				"left_arm2": {
					"rotation": [-30, 0, 0]
				},
				"right_arm": {
					"rotation": {
						"0.0": {
							"post": [-115.57148, 10.11908, 10.98532],
							"lerp_mode": "catmullrom"
						},
						"0.0417": {
							"post": [-115.57, 10.12, 10.99],
							"lerp_mode": "catmullrom"
						}
					}
				},
				"right_arm2": {
					"rotation": [-35, 0, 0]
				},
				"camera_1": {
					"rotation": [-27.5, 0, 0]
				},
				"camera_2": {
					"rotation": [-22.5, 0, 0]
				},
				"head": {
					"rotation": [-37.5, 0, 0]
				},
				"rocket": {
					"rotation": [17.5, 0, 0]
				},
				"left_leg": {
					"rotation": [17.5, 0, 0]
				},
				"left_leg2": {
					"rotation": [22.5, 0, 0]
				},
				"right_leg": {
					"rotation": [32.5, 0, 0]
				},
				"right_leg2": {
					"rotation": [17.5, 0, 0]
				},
				"body": {
					"rotation": [15, 0, 0]
				},
				"left_big_wing": {
					"rotation": [0, 0, -72.5]
				},
				"right_big_wing": {
					"rotation": [0, 0, 72.5]
				},
				"right_small_wing": {
					"rotation": [0, 0, 55]
				},
				"left_small_wing": {
					"rotation": [0, 0, -55]
				}
			},
			"particle_effects": {
				"0.0": {
					"effect": "rocket_flame",
					"locator": "thrust"
				},
				"0.0417": {
					"effect": "rocket_flame",
					"locator": "thrust2"
				}
			}
		},
		"animation.titan.walk": {
			"loop": true,
			"animation_length": 2,
			"anim_time_update": "query.anim_time + query.delta_time  * (query.ground_speed /17)",
			"bones": {
				"waist": {
					"rotation": [0, 0, 0.01],
					"position": {
						"0.0": {
							"post": [0, 0, 0],
							"lerp_mode": "catmullrom"
						},
						"0.5": {
							"post": [0, -2, 0],
							"lerp_mode": "catmullrom"
						},
						"1.0": {
							"post": [0, 0, 0],
							"lerp_mode": "catmullrom"
						},
						"1.5": {
							"post": [0, -2, 0],
							"lerp_mode": "catmullrom"
						},
						"2.0": {
							"post": [0, 0, 0],
							"lerp_mode": "catmullrom"
						}
					}
				},
				"body": {
					"rotation": [12.5, 0, 0],
					"position": {
						"0.0": {
							"post": [0, 0, 0],
							"lerp_mode": "catmullrom"
						},
						"0.25": {
							"post": [0, 0, 0],
							"lerp_mode": "catmullrom"
						},
						"0.5417": {
							"post": [0, -1, 0],
							"lerp_mode": "catmullrom"
						},
						"0.8333": {
							"post": [0, 0, 0],
							"lerp_mode": "catmullrom"
						},
						"1.0": {
							"post": [0, 0, 0],
							"lerp_mode": "catmullrom"
						},
						"1.25": {
							"post": [0, 0, 0],
							"lerp_mode": "catmullrom"
						},
						"1.5417": {
							"post": [0, -1, 0],
							"lerp_mode": "catmullrom"
						},
						"1.8333": {
							"post": [0, 0, 0],
							"lerp_mode": "catmullrom"
						},
						"2.0": {
							"post": [0, 0, 0],
							"lerp_mode": "catmullrom"
						}
					}
				},
				"left_arm": {
					"rotation": {
						"0.0": {
							"post": [-9.99067, -0.43399, -2.46207],
							"lerp_mode": "catmullrom"
						},
						"0.5": {
							"post": [-14.99067, -0.43399, -2.46207],
							"lerp_mode": "catmullrom"
						},
						"1.0": {
							"post": [-9.99067, -0.43399, -2.46207],
							"lerp_mode": "catmullrom"
						},
						"1.5": {
							"post": [-4.99067, -0.43399, -2.46207],
							"lerp_mode": "catmullrom"
						},
						"2.0": {
							"post": [-9.99067, -0.43399, -2.46207],
							"lerp_mode": "catmullrom"
						}
					}
				},
				"left_arm2": {
					"rotation": [-10, 0, 0]
				},
				"right_arm": {
					"rotation": {
						"0.0": {
							"post": [-9.99067, 0.43399, 2.46207],
							"lerp_mode": "catmullrom"
						},
						"0.5": {
							"post": [-4.99067, 0.43399, 2.46207],
							"lerp_mode": "catmullrom"
						},
						"1.0": {
							"post": [-9.99067, 0.43399, 2.46207],
							"lerp_mode": "catmullrom"
						},
						"1.5": {
							"post": [-14.99067, 0.43399, 2.46207],
							"lerp_mode": "catmullrom"
						},
						"2.0": {
							"post": [-9.99067, 0.43399, 2.46207],
							"lerp_mode": "catmullrom"
						}
					}
				},
				"right_arm2": {
					"rotation": [-10, 0, 0]
				},
				"left_leg": {
					"rotation": {
						"0.0": [0, 0, 0],
						"0.5": {
							"pre": [27.5, 0, 0],
							"post": [27.5, 0, 0],
							"lerp_mode": "catmullrom"
						},
						"1.0": {
							"post": [-27.5, 0, 0],
							"lerp_mode": "catmullrom"
						},
						"1.5": [-30, 0, 0],
						"2.0": [0, 0, 0]
					},
					"position": {
						"0.0": [0, 0, 0],
						"0.5": {
							"pre": [0, -4, 0],
							"post": [0, -4, 0],
							"lerp_mode": "catmullrom"
						},
						"1.0": {
							"post": [0, 1, 0],
							"lerp_mode": "catmullrom"
						},
						"1.5": [0, -3, 0],
						"2.0": [0, 0, 0]
					}
				},
				"left_leg2": {
					"rotation": {
						"0.0": [2.5, 0, 0],
						"0.5": {
							"pre": [10, 0, 0],
							"post": [10, 0, 0],
							"lerp_mode": "catmullrom"
						},
						"1.0": {
							"post": [62.5, 0, 0],
							"lerp_mode": "catmullrom"
						},
						"1.5": [2.5, 0, 0],
						"2.0": [2.5, 0, 0]
					}
				},
				"right_leg": {
					"rotation": {
						"0.0": {
							"post": [-27.5, 0, 0],
							"lerp_mode": "catmullrom"
						},
						"0.5": [-30, 0, 0],
						"1.0": [0, 0, 0],
						"1.5": {
							"pre": [27.5, 0, 0],
							"post": [27.5, 0, 0],
							"lerp_mode": "catmullrom"
						},
						"2.0": {
							"post": [-27.5, 0, 0],
							"lerp_mode": "catmullrom"
						}
					},
					"position": {
						"0.0": {
							"post": [0, 1, 0],
							"lerp_mode": "catmullrom"
						},
						"0.5": [0, -3, 0],
						"1.0": [0, 0, 0],
						"1.5": {
							"pre": [0, -4, 0],
							"post": [0, -4, 0],
							"lerp_mode": "catmullrom"
						},
						"2.0": {
							"post": [0, 1, 0],
							"lerp_mode": "catmullrom"
						}
					}
				},
				"right_leg2": {
					"rotation": {
						"0.0": {
							"post": [62.5, 0, 0],
							"lerp_mode": "catmullrom"
						},
						"0.5": [2.5, 0, 0],
						"1.0": [2.5, 0, 0],
						"1.5": {
							"pre": [10, 0, 0],
							"post": [10, 0, 0],
							"lerp_mode": "catmullrom"
						},
						"2.0": {
							"post": [62.5, 0, 0],
							"lerp_mode": "catmullrom"
						}
					}
				},
				"tentacle_left": {
					"rotation": {
						"0.0": {
							"post": [0, 0, 2.5],
							"lerp_mode": "catmullrom"
						},
						"0.3333": {
							"post": [0, 0, 2.5],
							"lerp_mode": "catmullrom"
						},
						"0.5833": {
							"post": [0, 0, -2.5],
							"lerp_mode": "catmullrom"
						},
						"1.0833": {
							"post": [0, 0, 2.5],
							"lerp_mode": "catmullrom"
						},
						"1.3333": {
							"post": [0, 0, 2.5],
							"lerp_mode": "catmullrom"
						},
						"1.5833": {
							"post": [0, 0, -2.5],
							"lerp_mode": "catmullrom"
						},
						"2.0": {
							"post": [0, 0, 2.5],
							"lerp_mode": "catmullrom"
						}
					}
				},
				"tentacle_right": {
					"rotation": {
						"0.0": {
							"post": [0, 0, -2.5],
							"lerp_mode": "catmullrom"
						},
						"0.25": {
							"post": [0, 0, -2.5],
							"lerp_mode": "catmullrom"
						},
						"0.5": {
							"post": [0, 0, 2.5],
							"lerp_mode": "catmullrom"
						},
						"1.0": {
							"post": [0, 0, -2.5],
							"lerp_mode": "catmullrom"
						},
						"1.25": {
							"post": [0, 0, -2.5],
							"lerp_mode": "catmullrom"
						},
						"1.5": {
							"post": [0, 0, 2.5],
							"lerp_mode": "catmullrom"
						},
						"2.0": {
							"post": [0, 0, -2.5],
							"lerp_mode": "catmullrom"
						}
					}
				},
				"tentacle_left2": {
					"rotation": {
						"0.0": {
							"post": [0, 0, 2.5],
							"lerp_mode": "catmullrom"
						},
						"0.2083": {
							"post": [0, 0, 2.5],
							"lerp_mode": "catmullrom"
						},
						"0.4583": {
							"post": [0, 0, -2.5],
							"lerp_mode": "catmullrom"
						},
						"0.9583": {
							"post": [0, 0, 2.5],
							"lerp_mode": "catmullrom"
						},
						"1.2083": {
							"post": [0, 0, 2.5],
							"lerp_mode": "catmullrom"
						},
						"1.4583": {
							"post": [0, 0, -2.5],
							"lerp_mode": "catmullrom"
						},
						"2.0": {
							"post": [0, 0, 2.5],
							"lerp_mode": "catmullrom"
						}
					}
				},
				"tentacle_right2": {
					"rotation": {
						"0.0": {
							"post": [0, 0, -2.5],
							"lerp_mode": "catmullrom"
						},
						"0.375": {
							"post": [0, 0, -2.5],
							"lerp_mode": "catmullrom"
						},
						"0.625": {
							"post": [0, 0, 2.5],
							"lerp_mode": "catmullrom"
						},
						"1.125": {
							"post": [0, 0, -2.5],
							"lerp_mode": "catmullrom"
						},
						"1.375": {
							"post": [0, 0, -2.5],
							"lerp_mode": "catmullrom"
						},
						"1.625": {
							"post": [0, 0, 2.5],
							"lerp_mode": "catmullrom"
						},
						"2.0": {
							"post": [0, 0, -2.5],
							"lerp_mode": "catmullrom"
						}
					}
				},
				"head": {
					"rotation": [-5, 0, 0]
				}
			}
		},
		"animation.titan.walk_backwards": {
			"loop": true,
			"animation_length": 2,
			"anim_time_update": "query.anim_time + query.delta_time  * (query.ground_speed /17)",
			"bones": {
				"waist": {
					"position": {
						"0.0": {
							"post": [0, 0, 0],
							"lerp_mode": "catmullrom"
						},
						"0.5": {
							"post": [0, -2, 0],
							"lerp_mode": "catmullrom"
						},
						"1.0": {
							"post": [0, 0, 0],
							"lerp_mode": "catmullrom"
						},
						"1.5": {
							"post": [0, -2, 0],
							"lerp_mode": "catmullrom"
						},
						"2.0": {
							"post": [0, 0, 0],
							"lerp_mode": "catmullrom"
						}
					}
				},
				"body": {
					"rotation": [12.5, 0, 0],
					"position": {
						"0.0": {
							"post": [0, 0, 0],
							"lerp_mode": "catmullrom"
						},
						"0.25": {
							"post": [0, 0, 0],
							"lerp_mode": "catmullrom"
						},
						"0.5417": {
							"post": [0, -1, 0],
							"lerp_mode": "catmullrom"
						},
						"0.8333": {
							"post": [0, 0, 0],
							"lerp_mode": "catmullrom"
						},
						"1.0": {
							"post": [0, 0, 0],
							"lerp_mode": "catmullrom"
						},
						"1.25": {
							"post": [0, 0, 0],
							"lerp_mode": "catmullrom"
						},
						"1.5417": {
							"post": [0, -1, 0],
							"lerp_mode": "catmullrom"
						},
						"1.8333": {
							"post": [0, 0, 0],
							"lerp_mode": "catmullrom"
						},
						"2.0": {
							"post": [0, 0, 0],
							"lerp_mode": "catmullrom"
						}
					}
				},
				"left_arm": {
					"rotation": {
						"0.0": {
							"post": [-60.51834, 55.4878, -13.13807],
							"lerp_mode": "catmullrom"
						},
						"0.5": {
							"post": [-55.51834, 55.4878, -13.13807],
							"lerp_mode": "catmullrom"
						},
						"1.0": {
							"post": [-60.51834, 55.4878, -13.13807],
							"lerp_mode": "catmullrom"
						},
						"1.5": {
							"post": [-55.51834, 55.4878, -13.13807],
							"lerp_mode": "catmullrom"
						},
						"2.0": {
							"post": [-60.51834, 55.4878, -13.13807],
							"lerp_mode": "catmullrom"
						}
					},
					"position": [3, 0, -1]
				},
				"left_arm2": {
					"rotation": [-85.04256, -0.65182, 7.47178]
				},
				"right_arm": {
					"rotation": {
						"0.0": {
							"post": [-57.87569, -47.35371, 22.51771],
							"lerp_mode": "catmullrom"
						},
						"0.4583": {
							"post": [-52.87569, -47.35371, 22.51771],
							"lerp_mode": "catmullrom"
						},
						"1.0": {
							"post": [-57.87569, -47.35371, 22.51771],
							"lerp_mode": "catmullrom"
						},
						"1.4583": {
							"post": [-52.87569, -47.35371, 22.51771],
							"lerp_mode": "catmullrom"
						},
						"2.0": {
							"post": [-57.87569, -47.35371, 22.51771],
							"lerp_mode": "catmullrom"
						}
					},
					"position": [-3, 0, -1]
				},
				"right_arm2": {
					"rotation": [-75.04256, -0.65182, 7.47178]
				},
				"left_leg": {
					"rotation": {
						"0.0": [0, 0, 0],
						"0.5": [-30, 0, 0],
						"1.0": {
							"pre": [-27.5, 0, 0],
							"post": [-27.5, 0, 0],
							"lerp_mode": "catmullrom"
						},
						"1.5": {
							"post": [27.5, 0, 0],
							"lerp_mode": "catmullrom"
						},
						"2.0": [0, 0, 0]
					},
					"position": {
						"0.0": [0, 0, 0],
						"0.5": [0, -3, 0],
						"1.0": {
							"pre": [0, 1, 0],
							"post": [0, 1, 0],
							"lerp_mode": "catmullrom"
						},
						"1.5": {
							"post": [0, -4, 0],
							"lerp_mode": "catmullrom"
						},
						"2.0": [0, 0, 0]
					}
				},
				"left_leg2": {
					"rotation": {
						"0.0": [2.5, 0, 0],
						"0.5": [2.5, 0, 0],
						"1.0": {
							"pre": [62.5, 0, 0],
							"post": [62.5, 0, 0],
							"lerp_mode": "catmullrom"
						},
						"1.5": {
							"post": [10, 0, 0],
							"lerp_mode": "catmullrom"
						},
						"2.0": [2.5, 0, 0]
					}
				},
				"right_leg": {
					"rotation": {
						"0.0": {
							"post": [-27.5, 0, 0],
							"lerp_mode": "catmullrom"
						},
						"0.5": {
							"post": [27.5, 0, 0],
							"lerp_mode": "catmullrom"
						},
						"1.0": [0, 0, 0],
						"1.5": [-30, 0, 0],
						"2.0": {
							"pre": [-27.5, 0, 0],
							"post": [-27.5, 0, 0],
							"lerp_mode": "catmullrom"
						}
					},
					"position": {
						"0.0": {
							"post": [0, 1, 0],
							"lerp_mode": "catmullrom"
						},
						"0.5": {
							"post": [0, -4, 0],
							"lerp_mode": "catmullrom"
						},
						"1.0": [0, 0, 0],
						"1.5": [0, -3, 0],
						"2.0": {
							"pre": [0, 1, 0],
							"post": [0, 1, 0],
							"lerp_mode": "catmullrom"
						}
					}
				},
				"right_leg2": {
					"rotation": {
						"0.0": {
							"post": [62.5, 0, 0],
							"lerp_mode": "catmullrom"
						},
						"0.5": {
							"post": [10, 0, 0],
							"lerp_mode": "catmullrom"
						},
						"1.0": [2.5, 0, 0],
						"1.5": [2.5, 0, 0],
						"2.0": {
							"pre": [62.5, 0, 0],
							"post": [62.5, 0, 0],
							"lerp_mode": "catmullrom"
						}
					}
				},
				"tentacle_left": {
					"rotation": {
						"0.0": {
							"post": [0, 0, 2.5],
							"lerp_mode": "catmullrom"
						},
						"0.3333": {
							"post": [0, 0, 2.5],
							"lerp_mode": "catmullrom"
						},
						"0.5833": {
							"post": [0, 0, -2.5],
							"lerp_mode": "catmullrom"
						},
						"1.0833": {
							"post": [0, 0, 2.5],
							"lerp_mode": "catmullrom"
						},
						"1.3333": {
							"post": [0, 0, 2.5],
							"lerp_mode": "catmullrom"
						},
						"1.5833": {
							"post": [0, 0, -2.5],
							"lerp_mode": "catmullrom"
						},
						"2.0": {
							"post": [0, 0, 2.5],
							"lerp_mode": "catmullrom"
						}
					}
				},
				"tentacle_right": {
					"rotation": {
						"0.0": {
							"post": [0, 0, -2.5],
							"lerp_mode": "catmullrom"
						},
						"0.25": {
							"post": [0, 0, -2.5],
							"lerp_mode": "catmullrom"
						},
						"0.5": {
							"post": [0, 0, 2.5],
							"lerp_mode": "catmullrom"
						},
						"1.0": {
							"post": [0, 0, -2.5],
							"lerp_mode": "catmullrom"
						},
						"1.25": {
							"post": [0, 0, -2.5],
							"lerp_mode": "catmullrom"
						},
						"1.5": {
							"post": [0, 0, 2.5],
							"lerp_mode": "catmullrom"
						},
						"2.0": {
							"post": [0, 0, -2.5],
							"lerp_mode": "catmullrom"
						}
					}
				},
				"tentacle_left2": {
					"rotation": {
						"0.0": {
							"post": [0, 0, 2.5],
							"lerp_mode": "catmullrom"
						},
						"0.2083": {
							"post": [0, 0, 2.5],
							"lerp_mode": "catmullrom"
						},
						"0.4583": {
							"post": [0, 0, -2.5],
							"lerp_mode": "catmullrom"
						},
						"0.9583": {
							"post": [0, 0, 2.5],
							"lerp_mode": "catmullrom"
						},
						"1.2083": {
							"post": [0, 0, 2.5],
							"lerp_mode": "catmullrom"
						},
						"1.4583": {
							"post": [0, 0, -2.5],
							"lerp_mode": "catmullrom"
						},
						"2.0": {
							"post": [0, 0, 2.5],
							"lerp_mode": "catmullrom"
						}
					}
				},
				"tentacle_right2": {
					"rotation": {
						"0.0": {
							"post": [0, 0, -2.5],
							"lerp_mode": "catmullrom"
						},
						"0.375": {
							"post": [0, 0, -2.5],
							"lerp_mode": "catmullrom"
						},
						"0.625": {
							"post": [0, 0, 2.5],
							"lerp_mode": "catmullrom"
						},
						"1.125": {
							"post": [0, 0, -2.5],
							"lerp_mode": "catmullrom"
						},
						"1.375": {
							"post": [0, 0, -2.5],
							"lerp_mode": "catmullrom"
						},
						"1.625": {
							"post": [0, 0, 2.5],
							"lerp_mode": "catmullrom"
						},
						"2.0": {
							"post": [0, 0, -2.5],
							"lerp_mode": "catmullrom"
						}
					}
				},
				"head": {
					"rotation": [25, 0, 0]
				},
				"root": {
					"rotation": [0, 180, 0]
				}
			}
		},
		"animation.titan.idle": {
			"loop": true,
			"animation_length": 4,
			"bones": {
				"waist": {
					"rotation": [2.5, 0, 0]
				},
				"body": {
					"rotation": [5, 0, 0],
					"position": {
						"0.0": {
							"post": [0, 0, 0],
							"lerp_mode": "catmullrom"
						},
						"2.0417": {
							"post": [0, -1, 0],
							"lerp_mode": "catmullrom"
						},
						"4.0": {
							"post": [0, 0, 0],
							"lerp_mode": "catmullrom"
						}
					}
				},
				"left_arm": {
					"rotation": {
						"0.0": {
							"post": [-5, 0, -5],
							"lerp_mode": "catmullrom"
						},
						"1.9583": {
							"post": [-4.99527, 0.21782, -2.5095],
							"lerp_mode": "catmullrom"
						},
						"4.0": {
							"post": [-5, 0, -5],
							"lerp_mode": "catmullrom"
						}
					}
				},
				"left_arm2": {
					"rotation": [-10, 0, 0]
				},
				"right_arm": {
					"rotation": {
						"0.0": {
							"post": [-5, 0, 5],
							"lerp_mode": "catmullrom"
						},
						"2.1667": {
							"post": [-4.99527, -0.21782, 2.5095],
							"lerp_mode": "catmullrom"
						},
						"4.0": {
							"post": [-5, 0, 5],
							"lerp_mode": "catmullrom"
						}
					}
				},
				"right_arm2": {
					"rotation": [-10, 0, 0]
				},
				"head": {
					"rotation": {
						"0.0": {
							"post": [-2.5, 0, 0],
							"lerp_mode": "catmullrom"
						},
						"2.0833": {
							"post": [2.5, 0, 0],
							"lerp_mode": "catmullrom"
						},
						"4.0": {
							"post": [-2.5, 0, 0],
							"lerp_mode": "catmullrom"
						}
					}
				},
				"ear": {
					"rotation": {
						"0.0": [0, 0, 32.5],
						"0.5": [0, 0, 32.5],
						"0.7917": [0, 0, -32.5],
						"2.3333": [0, 0, -32.5],
						"2.5833": [0, 0, 32.5],
						"4.0": [0, 0, 32.5]
					}
				},
				"ear2": {
					"rotation": {
						"0.0": [0, 0, -32.5],
						"0.5": [0, 0, -32.5],
						"0.7917": [0, 0, 32.5],
						"2.3333": [0, 0, 32.5],
						"2.5833": [0, 0, -32.5],
						"4.0": [0, 0, -32.5]
					}
				}
			}
		},
		"animation.titan.attack1": {
			"loop": true,
			"animation_length": 2.16667,
			"bones": {
				"waist": {
					"rotation": {
						"0.0": {
							"post": [0, 0, 0],
							"lerp_mode": "catmullrom"
						},
						"0.5": {
							"post": [-5, 0, 0],
							"lerp_mode": "catmullrom"
						},
						"1.125": {
							"post": [-5, 0, 0],
							"lerp_mode": "catmullrom"
						},
						"1.5": {
							"post": [35, 0, 0],
							"lerp_mode": "catmullrom"
						},
						"2.1667": {
							"post": [0, 0, 0],
							"lerp_mode": "catmullrom"
						}
					},
					"position": {
						"0.0": {
							"post": [0, 0, 0],
							"lerp_mode": "catmullrom"
						},
						"1.125": {
							"post": [0, 0, 0],
							"lerp_mode": "catmullrom"
						},
						"1.5": {
							"post": [0, -2, 0],
							"lerp_mode": "catmullrom"
						},
						"2.1667": {
							"post": [0, 0, 0],
							"lerp_mode": "catmullrom"
						}
					}
				},
				"left_arm": {
					"rotation": {
						"0.0": {
							"post": [0, 0, 0],
							"lerp_mode": "catmullrom"
						},
						"0.5": {
							"post": [-90, 0, 0],
							"lerp_mode": "catmullrom"
						},
						"1.125": {
							"post": [-90, 0, 0],
							"lerp_mode": "catmullrom"
						},
						"1.5": {
							"post": [-35, 0, 0],
							"lerp_mode": "catmullrom"
						},
						"2.1667": {
							"post": [0, 0, 0],
							"lerp_mode": "catmullrom"
						}
					}
				},
				"left_arm2": {
					"rotation": {
						"0.0": {
							"post": [0, 0, 0],
							"lerp_mode": "catmullrom"
						},
						"0.5417": {
							"post": [-85, 0, 0],
							"lerp_mode": "catmullrom"
						},
						"1.125": {
							"post": [-85, 0, 0],
							"lerp_mode": "catmullrom"
						},
						"1.5": {
							"post": [-15, 0, 0],
							"lerp_mode": "catmullrom"
						},
						"2.1667": {
							"post": [0, 0, 0],
							"lerp_mode": "catmullrom"
						}
					}
				},
				"head": {
					"rotation": {
						"0.0": {
							"post": [0, 0, 0],
							"lerp_mode": "catmullrom"
						},
						"0.375": {
							"post": [17.5, 0, 0],
							"lerp_mode": "catmullrom"
						},
						"1.125": {
							"post": [17.5, 0, 0],
							"lerp_mode": "catmullrom"
						},
						"1.5": {
							"post": [12.5, 0, 0],
							"lerp_mode": "catmullrom"
						},
						"2.1667": {
							"post": [0, 0, 0],
							"lerp_mode": "catmullrom"
						}
					}
				}
			}
		},
		"animation.titan.attack2": {
			"loop": true,
			"animation_length": 2.16667,
			"bones": {
				"waist": {
					"rotation": {
						"0.0": {
							"post": [0, 0, 0],
							"lerp_mode": "catmullrom"
						},
						"0.5": {
							"post": [-5, 0, 0],
							"lerp_mode": "catmullrom"
						},
						"1.125": {
							"post": [-5, 0, 0],
							"lerp_mode": "catmullrom"
						},
						"1.5": {
							"post": [35, 0, 0],
							"lerp_mode": "catmullrom"
						},
						"2.1667": {
							"post": [0, 0, 0],
							"lerp_mode": "catmullrom"
						}
					},
					"position": {
						"0.0": {
							"post": [0, 0, 0],
							"lerp_mode": "catmullrom"
						},
						"1.125": {
							"post": [0, 0, 0],
							"lerp_mode": "catmullrom"
						},
						"1.5": {
							"post": [0, -2, 0],
							"lerp_mode": "catmullrom"
						},
						"2.1667": {
							"post": [0, 0, 0],
							"lerp_mode": "catmullrom"
						}
					}
				},
				"head": {
					"rotation": {
						"0.0": {
							"post": [0, 0, 0],
							"lerp_mode": "catmullrom"
						},
						"0.375": {
							"post": [17.5, 0, 0],
							"lerp_mode": "catmullrom"
						},
						"1.125": {
							"post": [17.5, 0, 0],
							"lerp_mode": "catmullrom"
						},
						"1.5": {
							"post": [12.5, 0, 0],
							"lerp_mode": "catmullrom"
						},
						"2.1667": {
							"post": [0, 0, 0],
							"lerp_mode": "catmullrom"
						}
					}
				},
				"right_arm": {
					"rotation": {
						"0.0": {
							"post": [0, 0, 0],
							"lerp_mode": "catmullrom"
						},
						"0.5": {
							"post": [-90, 0, 0],
							"lerp_mode": "catmullrom"
						},
						"1.125": {
							"post": [-90, 0, 0],
							"lerp_mode": "catmullrom"
						},
						"1.5": {
							"post": [-35, 0, 0],
							"lerp_mode": "catmullrom"
						},
						"2.1667": {
							"post": [0, 0, 0],
							"lerp_mode": "catmullrom"
						}
					}
				},
				"right_arm2": {
					"rotation": {
						"0.0": {
							"post": [0, 0, 0],
							"lerp_mode": "catmullrom"
						},
						"0.5417": {
							"post": [-85, 0, 0],
							"lerp_mode": "catmullrom"
						},
						"1.125": {
							"post": [-85, 0, 0],
							"lerp_mode": "catmullrom"
						},
						"1.5": {
							"post": [-15, 0, 0],
							"lerp_mode": "catmullrom"
						},
						"2.1667": {
							"post": [0, 0, 0],
							"lerp_mode": "catmullrom"
						}
					}
				}
			},
			"particle_effects": {
				"0.0": {
					"effect": "hammer_trail",
					"locator": "thrust3"
				}
			} 
		},
		"animation.titan.attack3": {
			"animation_length": 2.5,
			"bones": {
				"waist": {
					"rotation": {
						"0.0": [0, 0, 0],
						"0.5": {
							"pre": [0, 12.5, 0],
							"post": [0, 12.5, 0],
							"lerp_mode": "catmullrom"
						},
						"1.125": {
							"post": [0, 15, 0],
							"lerp_mode": "catmullrom"
						},
						"1.5": {
							"post": [0, -12.5, 0],
							"lerp_mode": "catmullrom"
						},
						"2.0833": {
							"post": [0, -12.5, 0],
							"lerp_mode": "catmullrom"
						},
						"2.5": [0, 0, 0]
					}
				},
				"body": {
					"rotation": {
						"0.0": [0, 0, 0],
						"0.5": {
							"pre": [0, 12.5, 0],
							"post": [0, 12.5, 0],
							"lerp_mode": "catmullrom"
						},
						"1.125": {
							"post": [0, 15, 0],
							"lerp_mode": "catmullrom"
						},
						"1.5": {
							"post": [0, -12.5, 0],
							"lerp_mode": "catmullrom"
						},
						"2.0833": {
							"post": [0, -12.5, 0],
							"lerp_mode": "catmullrom"
						},
						"2.5": [0, 0, 0]
					}
				},
				"right_arm": {
					"rotation": {
						"0.0": {
							"post": [0, 0, 0],
							"lerp_mode": "catmullrom"
						},
						"0.6667": {
							"post": [4.43839, -4.46375, 41.83501],
							"lerp_mode": "catmullrom"
						},
						"1.2083": {
							"post": [2.13365, -5.92016, 66.89774],
							"lerp_mode": "catmullrom"
						},
						"1.75": {
							"post": [-103.38493, -23.53806, 87.63672],
							"lerp_mode": "catmullrom"
						},
						"2.1667": {
							"post": [-14.19937, -18.87858, 4.24402],
							"lerp_mode": "catmullrom"
						},
						"2.5": {
							"post": [0, 0, 0],
							"lerp_mode": "catmullrom"
						}
					},
					"position": {
						"0.0": {
							"post": [0, 0, 0],
							"lerp_mode": "catmullrom"
						},
						"0.6667": {
							"post": [0, -2, 0],
							"lerp_mode": "catmullrom"
						},
						"1.2083": {
							"post": [0, -4, 0],
							"lerp_mode": "catmullrom"
						},
						"1.75": {
							"post": [-3, -4, 0],
							"lerp_mode": "catmullrom"
						},
						"2.5": {
							"post": [0, 0, 0],
							"lerp_mode": "catmullrom"
						}
					}
				},
				"right_arm2": {
					"rotation": {
						"0.0": {
							"post": [0, 0, 0],
							"lerp_mode": "catmullrom"
						},
						"0.6667": {
							"post": [-77.5, 0, 0],
							"lerp_mode": "catmullrom"
						},
						"1.25": {
							"post": [-77.5, 0, 0],
							"lerp_mode": "catmullrom"
						},
						"1.75": {
							"post": [-17.5, 0, 0],
							"lerp_mode": "catmullrom"
						},
						"2.5": {
							"post": [0, 0, 0],
							"lerp_mode": "catmullrom"
						}
					}
				},
				"head": {
					"rotation": {
						"0.0": {
							"post": [0, 0, 0],
							"lerp_mode": "catmullrom"
						},
						"0.625": {
							"post": [0, -27.5, 0],
							"lerp_mode": "catmullrom"
						},
						"1.7083": {
							"post": [0, 2.5, 0],
							"lerp_mode": "catmullrom"
						},
						"2.5": {
							"post": [0, 0, 0],
							"lerp_mode": "catmullrom"
						}
					}
				}
			}
		},
		"animation.titan.attack4": {
			"animation_length": 2.5,
			"bones": {
				"waist": {
					"rotation": {
						"0.0": [0, 0, 0],
						"0.5833": {
							"pre": [0, -12.5, 0],
							"post": [0, -12.5, 0],
							"lerp_mode": "catmullrom"
						},
						"1.1667": {
							"post": [0, -12.5, 0],
							"lerp_mode": "catmullrom"
						},
						"1.5417": {
							"post": [0, 15, 0],
							"lerp_mode": "catmullrom"
						},
						"2.1667": {
							"post": [0, 12.5, 0],
							"lerp_mode": "catmullrom"
						},
						"2.5": [0, 0, 0]
					}
				},
				"body": {
					"rotation": {
						"0.0": [0, 0, 0],
						"0.4167": {
							"pre": [0, -12.5, 0],
							"post": [0, -12.5, 0],
							"lerp_mode": "catmullrom"
						},
						"1.0": {
							"post": [0, -12.5, 0],
							"lerp_mode": "catmullrom"
						},
						"1.375": {
							"post": [0, 15, 0],
							"lerp_mode": "catmullrom"
						},
						"2.0": {
							"post": [0, 12.5, 0],
							"lerp_mode": "catmullrom"
						},
						"2.5": [0, 0, 0]
					}
				},
				"right_arm": {
					"rotation": {
						"0.0": {
							"post": [0, 0, 0],
							"lerp_mode": "catmullrom"
						},
						"0.9167": {
							"post": [-103.38493, -23.53806, 87.63672],
							"lerp_mode": "catmullrom"
						},
						"1.4583": {
							"post": [2.13365, -5.92016, 66.89774],
							"lerp_mode": "catmullrom"
						},
						"2.0": {
							"post": [4.43839, -4.46375, 41.83501],
							"lerp_mode": "catmullrom"
						},
						"2.5": {
							"post": [0, 0, 0],
							"lerp_mode": "catmullrom"
						}
					},
					"position": {
						"0.0": {
							"post": [0, 0, 0],
							"lerp_mode": "catmullrom"
						},
						"0.9167": {
							"post": [-3, -4, 0],
							"lerp_mode": "catmullrom"
						},
						"1.4583": {
							"post": [0, -4, 0],
							"lerp_mode": "catmullrom"
						},
						"2.0": {
							"post": [0, -2, 0],
							"lerp_mode": "catmullrom"
						},
						"2.5": {
							"post": [0, 0, 0],
							"lerp_mode": "catmullrom"
						}
					}
				},
				"right_arm2": {
					"rotation": {
						"0.0": {
							"post": [0, 0, 0],
							"lerp_mode": "catmullrom"
						},
						"0.9167": {
							"post": [-40, 0, 0],
							"lerp_mode": "catmullrom"
						},
						"1.2083": {
							"post": [-7.5, 0, 0],
							"lerp_mode": "catmullrom"
						},
						"2.0": {
							"post": [-77.5, 0, 0],
							"lerp_mode": "catmullrom"
						},
						"2.5": {
							"post": [0, 0, 0],
							"lerp_mode": "catmullrom"
						}
					}
				},
				"head": {
					"rotation": {
						"0.0": {
							"post": [0, 0, 0],
							"lerp_mode": "catmullrom"
						},
						"0.75": {
							"post": [0, 27.5, 0],
							"lerp_mode": "catmullrom"
						},
						"1.5417": {
							"post": [0, -22.5, 0],
							"lerp_mode": "catmullrom"
						},
						"2.5": {
							"post": [0, 0, 0],
							"lerp_mode": "catmullrom"
						}
					}
				}
			},
			"particle_effects": {
				"0.95": {
					"effect": "hammer_trail",
					"locator": "thrust3"
				}
			}
		},
		"animation.titan.fire": {
			"loop": true,
			"animation_length" : 1,
			"sound_effects": {
				"0.01": {
					"effect": "breath"
				}
			},
			"bones": {
				"waist": {
					"rotation": [5, 0, 0]
				},
				"body": {
					"rotation": [2.5, 0, 0]
				},
				"left_arm": {
					"rotation": [-5, 0, -5]
				},
				"left_arm2": {
					"rotation": [-7.5, 0, 0]
				},
				"right_arm": {
					"rotation": [-5, 0, 5]
				},
				"right_arm2": {
					"rotation": [-7.5, 0, 0]
				},
				"head": {
					"rotation": [-2.5, 0, 0]
				},
				"spike1": {
					"rotation": [0, -15, 0]
				},
				"spike_12": {
					"rotation": [0, -62.5, 0]
				},
				"spike2": {
					"rotation": [0, 20, 0]
				},
				"spike_2": {
					"rotation": [0, 50, 0]
				},
				"spike3": {
					"rotation": [0, 25, 0]
				},
				"spike_3": {
					"rotation": [0, 35, 0]
				}
			},
			"particle_effects": {
				"0.0": {
					"effect": "camera_flame",
					"locator": "flame"
				}
			}
		},
		"animation.titan.equip_shield": {
			"animation_length": 3.625,
			"bones": {
				"left_arm": {
					"rotation": {
						"0.0": {
							"post": [0, 0, 0],
							"lerp_mode": "catmullrom"
						},
						"1.4583": {
							"post": [-191.81615, -8.40819, -9.28293],
							"lerp_mode": "catmullrom"
						},
						"2.1667": {
							"post": [-191.81615, -8.40819, -9.28293],
							"lerp_mode": "catmullrom"
						},
						"3.625": {
							"post": [0, 0, 0],
							"lerp_mode": "catmullrom"
						}
					},
					"position": {
						"0.0": {
							"post": [0, 0, 0],
							"lerp_mode": "catmullrom"
						},
						"1.4583": {
							"post": [0, -7, -6],
							"lerp_mode": "catmullrom"
						},
						"2.1667": {
							"post": [0, -7, -6],
							"lerp_mode": "catmullrom"
						},
						"3.625": {
							"post": [0, 0, 0],
							"lerp_mode": "catmullrom"
						}
					}
				},
				"left_arm2": {
					"rotation": {
						"0.0": {
							"post": [0, 0, 0],
							"lerp_mode": "catmullrom"
						},
						"1.4583": {
							"post": [-72.5, 0, 0],
							"lerp_mode": "catmullrom"
						},
						"2.1667": {
							"post": [-72.5, 0, 0],
							"lerp_mode": "catmullrom"
						},
						"3.625": {
							"post": [0, 0, 0],
							"lerp_mode": "catmullrom"
						}
					}
				},
				"shield": {
					"scale": {
						"0.0": [1, 1, 1],
						"1.4583": [1, 1, 1],
						"1.5417": {
							"pre": [1, 1, 1],
							"post": [0, 0, 0]
						}
					}
				},
				"shield2": {
					"scale": {
						"0.0": [0, 0, 0],
						"1.4583": {
							"pre": [0, 0, 0],
							"post": [0, 0, 0]
						},
						"1.5417": {
							"pre": [0, 0, 0],
							"post": [1, 1, 1]
						}
					}
				}
			}
		},
		"animation.titan.shield_on": {
			"loop": true,
			"bones": {
				"waist": {
					"rotation": [7.5, 0, 0]
				},
				"left_arm": {
					"rotation": [-77.00992, 11.53486, 4.8493]
				},
				"left_arm2": {
					"rotation": [0, 17.5, 57.5]
				},
				"right_arm": {
					"rotation": [0, 0, 5]
				},
				"right_arm2": {
					"rotation": [-10, 0, 0]
				},
				"shield": {
					"scale": 0
				}
			}
		},
		"animation.titan.shield_off": {
			"loop": true,
			"bones": {
				"waist": {
					"rotation": [7.5, 0, 0]
				},
				"shield2": {
					"scale": 0
				}
			}
		},
		"animation.titan.shoot": {
			"loop": true,
			"bones": {
				"left_arm": {
					"rotation": ["-69.7 - (query.target_y_rotation * 0.25)", "6.8542 + (query.target_x_rotation * 0.3)", -85.22396],
					"position": [1, -5, 0]
				},
				"left_arm2": {
					"rotation": ["-17.5- (query.target_y_rotation * 0.25)", 0, 0]
				},
				"power": {
					"position": [0, -3, 0]
				}
			}
		},
		"animation.titan.shoot2": {
			"loop": true,
			"bones": {
				"left_arm": {
					"rotation": ["-50.8467 - (query.target_y_rotation * 0.4)", "-7.6654 + (query.target_x_rotation * 0.3)", -85.59612],
					"position": [1, -5, 0]
				},
				"left_arm2": {
					"rotation": ["-42.5 - (query.target_y_rotation * 0.1)", 0, 0]
				},
				"waist": {
					"rotation": [12.5, 0, 0]
				},
				"body": {
					"rotation": [7.5, 0, 0]
				},
				"right_arm": {
					"rotation": ["-53.3467 + (query.target_y_rotation * 0.4)", "7.6654 - (query.target_x_rotation * 0.3)", 85.59612],
					"position": [-1, -5, 0]
				},
				"right_arm2": {
					"rotation": ["-42.4728 + (query.target_y_rotation * 0.1)", 1.68868, 1.84373]
				},
				"head": {
					"rotation": [-10, 0, 0]
				}
			}
		},
		"animation.titan.shoot3": {
			"loop": true,
			"bones": {
				"power": {
					"position": [0, -3, 0]
				},
				"camera_1": {
					"rotation": [-82.5, 0, 0]
				},
				"camera_2": {
					"rotation": [-82.5, 0, 0]
				},
				"gun_left": {
					"rotation": [90, 0, 0]
				},
				"gun_right": {
					"rotation": [92.5, 0, 0]
				}
			}
		},
		"animation.titan.infected": {
			"loop": true,
			"animation_length": 1,
			"bones": {
				"head": {
					"rotation": {
						"0.0": [0, 0, -2.5],
						"0.0833": [0, 0, 2.5],
						"0.1667": [0, 0, -2.5],
						"0.25": [0, 0, 2.5],
						"0.3333": [0, 0, -2.5],
						"0.4167": [0, 0, 2.5],
						"0.5": [0, 0, -2.5],
						"0.5833": [0, 0, 2.5],
						"0.6667": [0, 0, -2.5],
						"0.75": [0, 0, 2.5],
						"0.8333": [0, 0, -2.5],
						"0.9167": [0, 0, 2.5],
						"1.0": [0, 0, -2.5]
					}
				},
				"infected_core": {
					"position": [0, 0, -2]
				},
				"normal_core": {
					"position": [0, 0, 2]
				}
			},
			"particle_effects": {
				"0.0": {
					"effect": "electric_spark",
					"locator": "spark9"
				},
				"0.0417": {
					"effect": "electric_spark",
					"locator": "spark8"
				},
				"0.0833": {
					"effect": "electric_spark",
					"locator": "spark7"
				},
				"0.125": {
					"effect": "electric_spark",
					"locator": "spark6"
				},
				"0.1667": {
					"effect": "electric_spark",
					"locator": "spark5"
				},
				"0.2083": {
					"effect": "electric_spark",
					"locator": "spark4"
				},
				"0.25": {
					"effect": "electric_spark",
					"locator": "spark3"
				},
				"0.2917": {
					"effect": "electric_spark",
					"locator": "spark2"
				},
				"0.3333": {
					"effect": "electric_spark",
					"locator": "spark"
				}
			}
		},
		"animation.titan.claw_stab": {
			"animation_length": 2.5,
			"bones": {
				"waist": {
					"rotation": {
						"0.0": {
							"post": [0, 0, 0],
							"lerp_mode": "catmullrom"
						},
						"0.2917": {
							"post": [10, 0, 0],
							"lerp_mode": "catmullrom"
						},
						"0.5833": {
							"post": [20, 0, 0],
							"lerp_mode": "catmullrom"
						},
						"1.9167": {
							"post": [20, 0, 0],
							"lerp_mode": "catmullrom"
						},
						"2.2083": {
							"post": [10, 0, 0],
							"lerp_mode": "catmullrom"
						},
						"2.5": {
							"post": [0, 0, 0],
							"lerp_mode": "catmullrom"
						}
					}
				},
				"body": {
					"rotation": {
						"0.0": {
							"post": [0, 0, 0],
							"lerp_mode": "catmullrom"
						},
						"0.2917": {
							"post": [7.5, 0, 0],
							"lerp_mode": "catmullrom"
						},
						"0.5833": {
							"post": [15, 0, 0],
							"lerp_mode": "catmullrom"
						},
						"1.9167": {
							"post": [15, 0, 0],
							"lerp_mode": "catmullrom"
						},
						"2.2083": {
							"post": [7.5, 0, 0],
							"lerp_mode": "catmullrom"
						},
						"2.5": {
							"post": [0, 0, 0],
							"lerp_mode": "catmullrom"
						}
					}
				},
				"left_arm": {
					"rotation": {
						"0.0": {
							"post": [0, 0, 0],
							"lerp_mode": "catmullrom"
						},
						"0.4167": {
							"post": [-15, 0, -7.5],
							"lerp_mode": "catmullrom"
						},
						"1.75": {
							"post": [-15, 0, -7.5],
							"lerp_mode": "catmullrom"
						},
						"2.5": {
							"post": [0, 0, 0],
							"lerp_mode": "catmullrom"
						}
					}
				},
				"left_arm2": {
					"rotation": {
						"0.0": {
							"post": [0, 0, 0],
							"lerp_mode": "catmullrom"
						},
						"0.4167": {
							"post": [-32.5, 0, 0],
							"lerp_mode": "catmullrom"
						},
						"1.75": {
							"post": [-32.5, 0, 0],
							"lerp_mode": "catmullrom"
						},
						"2.5": {
							"post": [0, 0, 0],
							"lerp_mode": "catmullrom"
						}
					}
				},
				"right_arm": {
					"rotation": {
						"0.0": {
							"post": [0, 0, 0],
							"lerp_mode": "catmullrom"
						},
						"0.4167": {
							"post": [-15, 0, 7.5],
							"lerp_mode": "catmullrom"
						},
						"1.75": {
							"post": [-15, 0, 7.5],
							"lerp_mode": "catmullrom"
						},
						"2.5": {
							"post": [0, 0, 0],
							"lerp_mode": "catmullrom"
						}
					}
				},
				"right_arm2": {
					"rotation": {
						"0.0": {
							"post": [0, 0, 0],
							"lerp_mode": "catmullrom"
						},
						"0.4167": {
							"post": [-32.5, 0, 0],
							"lerp_mode": "catmullrom"
						},
						"1.75": {
							"post": [-32.5, 0, 0],
							"lerp_mode": "catmullrom"
						},
						"2.5": {
							"post": [0, 0, 0],
							"lerp_mode": "catmullrom"
						}
					}
				},
				"head": {
					"rotation": {
						"0.0": {
							"post": [0, 0, 0],
							"lerp_mode": "catmullrom"
						},
						"0.2917": {
							"post": [0, 0, 0],
							"lerp_mode": "catmullrom"
						},
						"0.5833": {
							"post": [-25, 0, 0],
							"lerp_mode": "catmullrom"
						},
						"1.9167": {
							"post": [-25, 0, 0],
							"lerp_mode": "catmullrom"
						},
						"2.2083": {
							"post": [0, 0, 0],
							"lerp_mode": "catmullrom"
						},
						"2.5": {
							"post": [0, 0, 0],
							"lerp_mode": "catmullrom"
						}
					}
				},
				"claw_1": {
					"rotation": {
						"0.0": {
							"post": [0, 0, 0],
							"lerp_mode": "catmullrom"
						},
						"0.4167": [145, 0, 0],
						"1.5": [145, 0, 0],
						"2.5": {
							"pre": [0, 0, 0],
							"post": [0, 0, 0],
							"lerp_mode": "catmullrom"
						}
					}
				},
				"claw_2": {
					"rotation": {
						"0.0": {
							"post": [0, 0, 0],
							"lerp_mode": "catmullrom"
						},
						"0.2083": {
							"post": [-52.5, 0, 0],
							"lerp_mode": "catmullrom"
						},
						"0.4583": [-66.55297, 11.37626, 13.37015],
						"1.5": [-66.55297, 11.37626, 13.37015],
						"2.5": {
							"pre": [0, 0, 0],
							"post": [0, 0, 0],
							"lerp_mode": "catmullrom"
						}
					}
				},
				"claw_3": {
					"rotation": {
						"0.0": {
							"post": [0, 0, 0],
							"lerp_mode": "catmullrom"
						},
						"0.4167": [-7.5, 0, 0],
						"1.5": [-7.5, 0, 0],
						"2.5": {
							"pre": [0, 0, 0],
							"post": [0, 0, 0],
							"lerp_mode": "catmullrom"
						}
					}
				},
				"claw_4": {
					"rotation": {
						"0.0": {
							"post": [0, 0, 0],
							"lerp_mode": "catmullrom"
						},
						"0.4167": [145, 0, 0],
						"1.5": [145, 0, 0],
						"2.5": {
							"pre": [0, 0, 0],
							"post": [0, 0, 0],
							"lerp_mode": "catmullrom"
						}
					}
				},
				"claw_5": {
					"rotation": {
						"0.0": {
							"post": [0, 0, 0],
							"lerp_mode": "catmullrom"
						},
						"0.2083": {
							"post": [-52.5, 0, 0],
							"lerp_mode": "catmullrom"
						},
						"0.4583": [-66.55297, -11.37626, -13.37015],
						"1.5": [-66.55297, -11.37626, -13.37015],
						"2.5": {
							"pre": [0, 0, 0],
							"post": [0, 0, 0],
							"lerp_mode": "catmullrom"
						}
					}
				},
				"claw_6": {
					"rotation": {
						"0.0": {
							"post": [0, 0, 0],
							"lerp_mode": "catmullrom"
						},
						"0.4167": [-7.5, 0, 0],
						"1.5": [-7.5, 0, 0],
						"2.5": {
							"pre": [0, 0, 0],
							"post": [0, 0, 0],
							"lerp_mode": "catmullrom"
						}
					}
				}
			}
		},
		"animation.titan.roar": {
			"loop": true,
			"animation_length": 1.08333,
			"sound_effects": {
				"0.01": {
					"effect": "roar"
				}
			},
			"bones": {
				"waist": {
					"rotation": {
						"0.0": {
							"post": [20, 0, 0],
							"lerp_mode": "catmullrom"
						},
						"1.1667": {
							"post": [20, 0, 0],
							"lerp_mode": "catmullrom"
						}
					}
				},
				"body": {
					"rotation": {
						"0.0": {
							"post": [15, 0, 0],
							"lerp_mode": "catmullrom"
						},
						"1.1667": {
							"post": [15, 0, 0],
							"lerp_mode": "catmullrom"
						}
					}
				},
				"left_arm": {
					"rotation": {
						"0.0": {
							"post": [-15, 0, -7.5],
							"lerp_mode": "catmullrom"
						},
						"1.1667": {
							"post": [-15, 0, -7.5],
							"lerp_mode": "catmullrom"
						}
					}
				},
				"left_arm2": {
					"rotation": {
						"0.0": {
							"post": [-32.5, 0, 0],
							"lerp_mode": "catmullrom"
						},
						"1.1667": {
							"post": [-32.5, 0, 0],
							"lerp_mode": "catmullrom"
						}
					}
				},
				"right_arm": {
					"rotation": {
						"0.0": {
							"post": [-15, 0, 7.5],
							"lerp_mode": "catmullrom"
						},
						"1.1667": {
							"post": [-15, 0, 7.5],
							"lerp_mode": "catmullrom"
						}
					}
				},
				"right_arm2": {
					"rotation": {
						"0.0": {
							"post": [-32.5, 0, 0],
							"lerp_mode": "catmullrom"
						},
						"1.1667": {
							"post": [-32.5, 0, 0],
							"lerp_mode": "catmullrom"
						}
					}
				},
				"head": {
					"rotation": {
						"0.0": {
							"post": [-25, 0, 0],
							"lerp_mode": "catmullrom"
						},
						"0.0833": {
							"post": [-25.29551, -2.14088, -4.51953],
							"lerp_mode": "catmullrom"
						},
						"0.1667": {
							"post": [-25.30634, 2.14813, 4.53021],
							"lerp_mode": "catmullrom"
						},
						"0.25": {
							"post": [-25.29551, -2.14088, -4.51953],
							"lerp_mode": "catmullrom"
						},
						"0.3333": {
							"post": [-25.30634, 2.14813, 4.53021],
							"lerp_mode": "catmullrom"
						},
						"0.4167": {
							"post": [-25.29551, -2.14088, -4.51953],
							"lerp_mode": "catmullrom"
						},
						"0.5": {
							"post": [-25.30634, 2.14813, 4.53021],
							"lerp_mode": "catmullrom"
						},
						"0.5833": {
							"post": [-25.29551, -2.14088, -4.51953],
							"lerp_mode": "catmullrom"
						},
						"0.6667": {
							"post": [-25.30634, 2.14813, 4.53021],
							"lerp_mode": "catmullrom"
						},
						"0.75": {
							"post": [-25.29551, -2.14088, -4.51953],
							"lerp_mode": "catmullrom"
						},
						"0.8333": {
							"post": [-25.30634, 2.14813, 4.53021],
							"lerp_mode": "catmullrom"
						},
						"0.9167": {
							"post": [-25.29551, -2.14088, -4.51953],
							"lerp_mode": "catmullrom"
						},
						"1.0": {
							"post": [-25.30634, 2.14813, 4.53021],
							"lerp_mode": "catmullrom"
						},
						"1.0833": {
							"post": [-25.29551, -2.14088, -4.51953],
							"lerp_mode": "catmullrom"
						},
						"1.1667": {
							"post": [-25.30634, 2.14813, 4.53021],
							"lerp_mode": "catmullrom"
						}
					}
				},
				"claw_3": {
					"rotation": {
						"2.5": {
							"pre": [0, 0, 0],
							"post": [0, 0, 0],
							"lerp_mode": "catmullrom"
						}
					}
				},
				"claw_6": {
					"rotation": {
						"2.5": {
							"pre": [0, 0, 0],
							"post": [0, 0, 0],
							"lerp_mode": "catmullrom"
						}
					}
				}
			}
		},
		"animation.titan.smile": {
			"animation_length": 6,
			"bones": {
				"face": {
					"position": {
						"0.0": {
							"post": [0, 0, 0],
							"lerp_mode": "catmullrom"
						},
						"0.625": {
							"post": [0, 0, -1],
							"lerp_mode": "catmullrom"
						},
						"5.1667": {
							"post": [0, 0, -1],
							"lerp_mode": "catmullrom"
						},
						"6.0": {
							"post": [0, 0, 0],
							"lerp_mode": "catmullrom"
						}
					}
				}
			}
		},
		"animation.titan.shine": {
			"loop": true,
			"bones": {
				"root": {
					"position": [0, 0, 2]
				},
				"waist": {
					"rotation": [7.5, 0, 0],
					"position": [0, -1, 0]
				},
				"left_arm": {
					"rotation": [-2.49762, 0.10901, -12.50238]
				},
				"left_arm2": {
					"rotation": [-27.5, 0, 0]
				},
				"right_arm": {
					"rotation": [-2.49762, -0.10901, 12.50238]
				},
				"right_arm2": {
					"rotation": [-25, 0, 0]
				},
				"head": {
					"rotation": [-2.5, 0, 0],
					"position": [0, 0, -1]
				},
				"glow": {
					"position": [0, 0, -1],
					"scale": 2.7
				},
				"left_leg": {
					"rotation": [-10, 0, -5]
				},
				"left_leg2": {
					"rotation": [9.24277, -2.28986, 2.88001]
				},
				"right_leg": {
					"rotation": [-12.5, 2.5, 5]
				},
				"right_leg2": {
					"rotation": [14.98637, 0.64686, -2.41492]
				}
			}
		}
	}
}