{
  "format_version": "1.10.0",
  "minecraft:attachable": {
    "description": {
      "identifier": "morph:morphing_bracelet",
      "item": "morph:morphing_bracelet",
      "materials": {
        "default": "entity_emissive_alpha",
        "enchanted": "armor_enchanted"
      },
      "textures": {
        "default": "textures/models/morphing_bracelet",
        "enchanted": "textures/misc/enchanted_item_glint"
      },
      "geometry": {
        "default": "geometry.morphing_bracelet"
      },
      "render_controllers": [ "controller.render.armor" ]
    }
  }
}
