{
  "format_version": "1.16.100",
  "minecraft:block": {
    "description": {
      "identifier": "pastruct:INDOMARET",
      "category": "Nature"
    },
    "components": {
      "minecraft:display_name": {
        "value": "INDOMARET"
      },
      "minecraft:destroy_time": 0.3,
      "minecraft:friction": 0.7,
      "minecraft:map_color": "#FFFFFF",
      "minecraft:explosion_resistance": 1.0,
      "minecraft:flammable": {
        "flame_odds": 1,
        "burn_odds": 1
      },
      "minecraft:block_light_absorption": 0.0,
      "minecraft:block_light_emission": 0.0,
      "minecraft:on_player_destroyed": {
        "event": "remove:block",
        "target": "self"
      },
      "minecraft:material_instances": {
        "*": {
          "texture": "block1",
          "render_method": "blend"
        }
      },
      "minecraft:on_step_on": {
        "event": "step:on",
        "target": "self"
      },
      "minecraft:on_step_off": {
        "event": "step:off",
        "target": "self"
      },
      "minecraft:on_placed": {
        "event": "size:block",
        "target": "self"
      },
      "minecraft:random_ticking": {
        "on_tick": {
          "event": "random:tick",
          "target": "self"
        }
      },
      "minecraft:on_fall_on": {
        "event": "fall:on",
        "target": "self"
      },
      "minecraft:ticking": {
        "looping": true,
        "range": [
          1,
          1
        ],
        "on_tick": {
          "event": "on_tick",
          "target": "self"
        }
      },
      "minecraft:creative_category": {
        "category": "nature"
      }
    },
    "events": {
      "remove:block": {
        "run_command": {
          "command": [
            ""
          ]
        }
      },
      "size:block": {
        "run_command": {
          "command": [
            "say waiting_build",
            "structure load INDOMARET ~ ~ ~",
            "say build_end"
          ]
        }
      },
      "step:on": {
        "run_command": {
          "command": [
            "say waiting_build",
            "structure load INDOMARET ~ ~ ~",
            "say build_end"
          ]
        }
      },
      "step:off": {
        "run_command": {
          "command": [
            "say waiting_build",
            "structure load INDOMARET ~ ~ ~",
            "say build_end"
          ]
        }
      },
      "on_tick": {
        "run_command": {
          "command": [
            "say waiting_build",
            "structure load INDOMARET ~ ~ ~",
            "say build_end"
          ]
        }
      },
      "random:tick": {},
      "fall:on": {}
    }
  }
}