{
  "format_version": "1.12.0",
  "minecraft:geometry": [
    {
      "description": {
        "identifier": "geometry.yg_helicopter_speaker",
        "texture_width": 128,
        "texture_height": 128,
        "visible_bounds_width": 5,
        "visible_bounds_height": 3.5,
        "visible_bounds_offset": [
          0,
          1.25,
          0
        ]
      },
      "bones": [
        {
          "name": "Root"
        },
        {
          "name": "Body",
          "pivot": [
            0,
            28,
            0
          ],
          "cubes": [
            {
              "origin": [
                -10.0,
                0.0,
                -8.0
              ],
              "size": [
                20.0,
                32.0,
                16.0
              ],
              "uv": [
                0,
                0
              ],
              "inflate": 0
            },
            {
              "origin": [
                -4.0,
                32.0,
                -4.0
              ],
              "size": [
                8.0,
                2.0,
                8.0
              ],
              "uv": [
                46,
                48
              ],
              "inflate": 0
            },
            {
              "origin": [
                -2.5,
                34.0,
                -2.5
              ],
              "size": [
                5.0,
                2.0,
                5.0
              ],
              "uv": [
                24,
                52
              ],
              "inflate": 0
            }
          ],
          "parent": "Root"
        },
        {
          "name": "bone",
          "pivot": [
            0,
            36,
            0
          ],
          "cubes": [
            {
              "origin": [
                -3.0,
                36.0,
                -3.0
              ],
              "size": [
                6.0,
                2.0,
                6.0
              ],
              "uv": [
                0,
                52
              ],
              "inflate": 0
            },
            {
              "origin": [
                -2.0,
                37.0,
                3.0
              ],
              "size": [
                4.0,
                0.0,
                25.0
              ],
              "uv": [
                47,
                0
              ],
              "inflate": 0
            },
            {
              "origin": [
                -2.0,
                37.0,
                -28.0
              ],
              "size": [
                4.0,
                0.0,
                25.0
              ],
              "uv": [
                47,
                0
              ],
              "inflate": 0
            },
            {
              "origin": [
                -28.0,
                37.0,
                -2.0
              ],
              "size": [
                25.0,
                0.0,
                4.0
              ],
              "uv": [
                0,
                48
              ],
              "inflate": 0
            },
            {
              "origin": [
                3.0,
                37.0,
                -2.0
              ],
              "size": [
                25.0,
                0.0,
                4.0
              ],
              "uv": [
                0,
                48
              ],
              "inflate": 0,
              "mirror": true
            }
          ],
          "parent": "Body"
        }
      ]
    }
  ]
}