{"format_version":"1.12.0","minecraft:geometry":[{"description":{"identifier":"geometry.yg_infected_titan_speaker_man","texture_width":256,"texture_height":256,"visible_bounds_width":5,"visible_bounds_height":7.5,"visible_bounds_offset":[0,3.25,0]},"bones":[{"name":"Root"},{"name":"Body","pivot":[0,40,0],"cubes":[{"origin":[-8.5,58,-6],"size":[17,13,12],"pivot":[0,64.5,0],"rotation":[5,0,0],"uv":[0,0],"inflate":0},{"origin":[-8.58716,58.99619,-9],"size":[6,9,4],"pivot":[-5.58716,63.49619,-7],"rotation":[0,0,-5],"uv":[122,79],"inflate":0},{"origin":[2.58716,58.99619,-9],"size":[6,9,4],"pivot":[5.58716,63.49619,-7],"rotation":[0,0,5],"uv":[122,79],"inflate":0,"mirror":true},{"origin":[-6.76147,64.48858,-9.1],"size":[2,2,0],"pivot":[-5.76147,65.48858,-9.1],"rotation":[0,0,-5],"uv":[0,0],"inflate":0},{"origin":[4.76147,64.48858,-9.1],"size":[2,2,0],"pivot":[5.76147,65.48858,-9.1],"rotation":[0,0,5],"uv":[0,0],"inflate":0,"mirror":true},{"origin":[-6.41284,60.50381,-9.1],"size":[2,2,0],"pivot":[-5.41284,61.50381,-9.1],"rotation":[0,0,-5],"uv":[0,0],"inflate":0},{"origin":[4.41284,60.50381,-9.1],"size":[2,2,0],"pivot":[5.41284,61.50381,-9.1],"rotation":[0,0,5],"uv":[0,0],"inflate":0,"mirror":true},{"origin":[-3,60,-10],"size":[6,6,5],"uv":[123,0],"inflate":0},{"origin":[-3.42,59.58,-8.21],"size":[6.84,6.84,3.42],"uv":[123,11],"inflate":0},{"origin":[-6,44,-5],"size":[12,15,10],"uv":[40,34],"inflate":0},{"origin":[-6.65,37.7,-5.5],"size":[13.3,6.6,11],"uv":[47,14],"inflate":0},{"origin":[-9,61,5],"size":[18,12,7],"uv":[0,25],"inflate":0},{"origin":[-7,42,5],"size":[14,19,6],"uv":[0,44],"inflate":0},{"origin":[-9,47,5],"size":[8,9,7],"pivot":[-5,51.5,8.5],"rotation":[0,0,-7.5],"uv":[112,28],"inflate":0,"mirror":true},{"origin":[1,47,5],"size":[8,9,7],"pivot":[5,51.5,8.5],"rotation":[0,0,7.5],"uv":[112,28],"inflate":0},{"origin":[-14,42,4],"size":[7,29,7],"uv":[40,59],"inflate":0},{"origin":[7,42,4],"size":[7,29,7],"uv":[40,59],"inflate":0,"mirror":true},{"origin":[-14.49,62.65,3.51],"size":[7.98,5.7,7.98],"uv":[115,97],"inflate":0},{"origin":[6.51,62.65,3.51],"size":[7.98,5.7,7.98],"uv":[115,97],"inflate":0,"mirror":true},{"origin":[-14.49,44.65,3.51],"size":[7.98,5.7,7.98],"uv":[115,97],"inflate":0},{"origin":[6.51,44.65,3.51],"size":[7.98,5.7,7.98],"uv":[115,97],"inflate":0,"mirror":true},{"origin":[-14.889,34.265,3.111],"size":[8.778,8.47,8.778],"uv":[108,51],"inflate":0},{"origin":[6.111,34.265,3.111],"size":[8.778,8.47,8.778],"uv":[108,51],"inflate":0,"mirror":true},{"origin":[-14.49,59.65,3.51],"size":[7.98,1.7,7.98],"uv":[115,117],"inflate":0},{"origin":[6.51,59.65,3.51],"size":[7.98,1.7,7.98],"uv":[115,117],"inflate":0,"mirror":true},{"origin":[-14.49,55.65,3.51],"size":[7.98,1.7,7.98],"uv":[115,117],"inflate":0},{"origin":[6.51,55.65,3.51],"size":[7.98,1.7,7.98],"uv":[115,117],"inflate":0,"mirror":true}],"parent":"Root","locators":{}},{"name":"Head","pivot":[0,71,0],"cubes":[{"origin":[-8,69,-7],"size":[16,8,8],"uv":[68,59],"inflate":0},{"origin":[-5,69,1],"size":[10,8,4],"uv":[116,67],"inflate":0},{"origin":[-11.60847,70.4446,0],"size":[7,23,6],"pivot":[-8.10847,81.9446,3],"rotation":[0,0,-17.5],"uv":[96,75],"inflate":0},{"origin":[4.60847,70.4446,0],"size":[7,23,6],"pivot":[8.10847,81.9446,3],"rotation":[0,0,17.5],"uv":[96,75],"inflate":0,"mirror":true},{"origin":[-4.5,77,-7],"size":[9,12,8],"uv":[88,104],"inflate":0}],"parent":"Body","locators":{"infection":[0,66,0]}},{"name":"Rightarm","pivot":[-8,67,0],"cubes":[{"origin":[-14,48,-3.5],"size":[7,21,7],"uv":[24,95],"inflate":0},{"origin":[-20.77243,66.03658,-1.46096],"size":[8,27,6],"pivot":[-16.77243,79.53658,1.53904],"rotation":[0,-12.5,-25],"uv":[68,75],"inflate":0}],"parent":"Body"},{"name":"bone","pivot":[-10.5,50,0],"cubes":[{"origin":[-14.24,28.31,-3.74],"size":[7.48,21.38,7.48],"uv":[95,0],"inflate":0}],"parent":"Rightarm"},{"name":"Leftarm","pivot":[8,67,0],"cubes":[{"origin":[7,48,-3.5],"size":[7,21,7],"uv":[24,95],"inflate":0,"mirror":true},{"origin":[12.77243,66.03658,-1.46096],"size":[8,27,6],"pivot":[16.77243,79.53658,1.53904],"rotation":[0,12.5,25],"uv":[68,75],"inflate":0,"mirror":true}],"parent":"Body"},{"name":"bone3","pivot":[10.5,50,0],"cubes":[{"origin":[6.76,28.31,-3.74],"size":[7.48,21.38,7.48],"uv":[95,0],"inflate":0,"mirror":true},{"origin":[13.5,21,-3],"size":[6,32,6],"uv":[0,69],"inflate":0},{"origin":[13.02,44.6,-3.48],"size":[6.96,5.8,6.96],"uv":[0,121],"inflate":0},{"origin":[12.6024,35.192,-3.8976],"size":[7.7952,7.616,7.7952],"uv":[58,0],"inflate":0},{"origin":[13.02,24.6,-3.48],"size":[6.96,8.8,6.96],"uv":[0,107],"inflate":0}],"parent":"Leftarm"},{"name":"Rightleg","pivot":[-4.5,39,0],"cubes":[{"origin":[-8,21,-3.5],"size":[7,18,7],"uv":[52,108],"inflate":0}],"parent":"Root"},{"name":"bone2","pivot":[-4.5,21,0],"cubes":[{"origin":[-8.24,0.31,-3.74],"size":[7.48,21.38,7.48],"uv":[84,31],"inflate":0}],"parent":"Rightleg"},{"name":"Leftleg","pivot":[4.5,39,0],"cubes":[{"origin":[1,21,-3.5],"size":[7,18,7],"uv":[52,108],"inflate":0,"mirror":true}],"parent":"Root"},{"name":"bone4","pivot":[4.5,21,0],"cubes":[{"origin":[0.76,0.31,-3.74],"size":[7.48,21.38,7.48],"uv":[84,31],"inflate":0,"mirror":true}],"parent":"Leftleg"}]}]}