{"format_version":"1.12.0","minecraft:geometry":[{"description":{"identifier":"geometry.yg_infected_speaker_man","texture_width":64,"texture_height":64,"visible_bounds_width":2,"visible_bounds_height":4.5,"visible_bounds_offset":[0,1.75,0]},"bones":[{"name":"Root"},{"name":"Body","pivot":[0,17,1],"cubes":[{"origin":[-4.32,26.71541,-1.91025],"size":[8.64,6.56,5.4],"pivot":[0,29.99541,0.78975],"rotation":[2.5,0,0],"uv":[0,13],"inflate":0},{"origin":[-1.82,32.71541,-1],"size":[3.64,2.56,3.4],"uv":[21,13],"inflate":0},{"origin":[-1,23.15452,-2.05075],"size":[2,8,0],"uv":[12,34],"inflate":0},{"origin":[-1.12,31.03452,-2.05075],"size":[2.24,2.24,0],"uv":[0,0],"inflate":0},{"origin":[-3.5,20,-1.5],"size":[7,7,5],"uv":[21,19],"inflate":0},{"origin":[-3.92,16.82,-1.8],"size":[7.84,3.36,5.6],"uv":[0,26],"inflate":0}],"parent":"Root"},{"name":"Head","pivot":[0,34,0.5],"cubes":[{"origin":[-5,34,-2.5],"size":[10,7,6],"uv":[0,0],"inflate":0}],"parent":"Body","locators":{"infection":[0,36,0]}},{"name":"Rightarm","pivot":[-4.5,32,1],"cubes":[{"origin":[-7,25,-0.5],"size":[3,8,3],"uv":[36,31],"inflate":0}],"parent":"Body"},{"name":"bone","pivot":[-5.5,25.5,1],"cubes":[{"origin":[-7.18,15.4,-0.68],"size":[3.36,10.2,3.36],"uv":[0,34],"inflate":0}],"parent":"Rightarm"},{"name":"Leftarm","pivot":[4.5,32,1],"cubes":[{"origin":[4,25,-0.5],"size":[3,8,3],"uv":[36,31],"inflate":0,"mirror":true}],"parent":"Body"},{"name":"bone3","pivot":[5.5,25.5,1],"cubes":[{"origin":[3.82,15.4,-0.68],"size":[3.36,10.2,3.36],"uv":[0,34],"inflate":0,"mirror":true}],"parent":"Leftarm"},{"name":"Rightleg","pivot":[-2,17,1],"cubes":[{"origin":[-4,9,-1],"size":[4,8,4],"uv":[32,0],"inflate":0}],"parent":"Root"},{"name":"bone2","pivot":[-2,9.5,0.98],"cubes":[{"origin":[-4.18,-0.6,-1.2],"size":[4.36,10.2,4.36],"uv":[20,31],"inflate":0}],"parent":"Rightleg"},{"name":"Leftleg","pivot":[2,17,1],"cubes":[{"origin":[0,9,-1],"size":[4,8,4],"uv":[32,0],"inflate":0,"mirror":true}],"parent":"Root"},{"name":"bone4","pivot":[2,9.5,0.98],"cubes":[{"origin":[-0.18,-0.6,-1.2],"size":[4.36,10.2,4.36],"uv":[20,31],"inflate":0,"mirror":true}],"parent":"Leftleg"}]}]}