{"format_version":"1.12.0","minecraft:geometry":[{"description":{"identifier":"geometry.yg_infected_titan_speaker_man_2","texture_width":256,"texture_height":256,"visible_bounds_width":5,"visible_bounds_height":8,"visible_bounds_offset":[0,3,0]},"bones":[{"name":"Root"},{"name":"Body","pivot":[0,40,0],"cubes":[{"origin":[-8.5,58,-6],"size":[17,13,12],"pivot":[0,64.5,0],"rotation":[5,0,0],"uv":[0,0],"inflate":0},{"origin":[-5.5,51.42225,-8.23254],"size":[11,8,4],"pivot":[0,55.42225,-6.23254],"rotation":[5,0,0],"uv":[77,128],"inflate":0},{"origin":[-8.58716,58.99619,-9],"size":[6,9,4],"pivot":[-5.58716,63.49619,-7],"rotation":[0,0,-5],"uv":[123,149],"inflate":0},{"origin":[2.58716,58.99619,-9],"size":[6,9,4],"pivot":[5.58716,63.49619,-7],"rotation":[0,0,5],"uv":[123,149],"inflate":0,"mirror":true},{"origin":[-7.3,64.48858,-9.1],"size":[3,3,0],"pivot":[-5.76147,65.48858,-9.1],"rotation":[0,0,-5],"uv":[0,41],"inflate":0},{"origin":[4.3,64.48858,-9.1],"size":[3,3,0],"pivot":[5.76147,65.48858,-9.1],"rotation":[0,0,5],"uv":[0,41],"inflate":0,"mirror":true},{"origin":[-6.41284,60.50381,-9.1],"size":[2,2,0],"pivot":[-5.41284,61.50381,-9.1],"rotation":[0,0,-5],"uv":[8,4],"inflate":0},{"origin":[4.41284,60.50381,-9.1],"size":[2,2,0],"pivot":[5.41284,61.50381,-9.1],"rotation":[0,0,5],"uv":[8,4],"inflate":0,"mirror":true},{"origin":[-3,60,-10],"size":[6,6,5],"uv":[101,149],"inflate":0},{"origin":[-3.42,59.58,-8.21],"size":[6.84,6.84,3.42],"uv":[146,54],"inflate":0},{"origin":[-6,44,-5],"size":[12,15,10],"uv":[40,46],"inflate":0},{"origin":[-6.65,37.7,-5.5],"size":[13.3,6.6,11],"uv":[49,26],"inflate":0},{"origin":[-9,62.03528,4.8637],"size":[18,12,7],"pivot":[0,68.03528,8.3637],"rotation":[15,0,0],"uv":[0,37],"inflate":0},{"origin":[-10,65.78588,6.08607],"size":[20,2,10],"pivot":[0,66.78588,11.08607],"rotation":[-12.5,0,0],"uv":[0,25],"inflate":0},{"origin":[-7,57,5],"size":[14,6,6],"uv":[106,70],"inflate":0},{"origin":[-12.656,59.61297,5],"size":[7,5,5],"pivot":[-9.156,62.11297,7.5],"rotation":[0,0,15],"uv":[142,28],"inflate":0},{"origin":[5.656,59.61297,5],"size":[7,5,5],"pivot":[9.156,62.11297,7.5],"rotation":[0,0,-15],"uv":[142,28],"inflate":0,"mirror":true},{"origin":[-8,50,5],"size":[16,7,7],"uv":[85,85],"inflate":0},{"origin":[-11,51,6],"size":[3,5,5],"uv":[150,38],"inflate":0},{"origin":[8,51,6],"size":[3,5,5],"uv":[150,38],"inflate":0,"mirror":true},{"origin":[-8.21,49.51,4.51],"size":[3.42,7.98,7.98],"uv":[81,146],"inflate":0},{"origin":[4.79,49.51,4.51],"size":[3.42,7.98,7.98],"uv":[81,146],"inflate":0,"mirror":true},{"origin":[-8,41,5],"size":[15,6,6],"uv":[106,37],"inflate":0},{"origin":[-6.66,40.64,4.64],"size":[12.32,6.72,6.72],"uv":[125,93],"inflate":0},{"origin":[-5,44.99381,4.5373],"size":[9,9,8],"pivot":[-0.5,49.49381,8.5373],"rotation":[-17.5,0,0],"uv":[120,120],"inflate":0},{"origin":[-18,42,4],"size":[7,29,7],"uv":[0,56],"inflate":0},{"origin":[11,42,4],"size":[7,29,7],"uv":[0,56],"inflate":0,"mirror":true},{"origin":[-16.5,42,12],"size":[4,18,4],"uv":[18,138],"inflate":0},{"origin":[12.5,42,12],"size":[4,18,4],"uv":[18,138],"inflate":0,"mirror":true},{"origin":[-15.5,45,11],"size":[2,14,1],"uv":[8,151],"inflate":0},{"origin":[13.5,45,11],"size":[2,14,1],"uv":[8,151],"inflate":0,"mirror":true},{"origin":[-16.78,52.86,11.72],"size":[4.56,2.28,4.56],"uv":[46,71],"inflate":0},{"origin":[12.22,52.86,11.72],"size":[4.56,2.28,4.56],"uv":[46,71],"inflate":0,"mirror":true},{"origin":[-16.9,56.6,11.6],"size":[4.8,4.8,4.8],"uv":[46,0],"inflate":0},{"origin":[12.1,56.6,11.6],"size":[4.8,4.8,4.8],"uv":[46,0],"inflate":0,"mirror":true},{"origin":[-16.9,43.6,11.6],"size":[4.8,6.8,4.8],"uv":[64,92],"inflate":0},{"origin":[12.1,43.6,11.6],"size":[4.8,6.8,4.8],"uv":[64,92],"inflate":0,"mirror":true},{"origin":[-20.09869,48.77016,5],"size":[3,7,5],"pivot":[-18.59869,52.27016,7.5],"rotation":[0,0,-12.5],"uv":[149,149],"inflate":0},{"origin":[17.09869,48.77016,5],"size":[3,7,5],"pivot":[18.59869,52.27016,7.5],"rotation":[0,0,12.5],"uv":[149,149],"inflate":0,"mirror":true},{"origin":[-18.49,62.65,3.51],"size":[7.98,5.7,7.98],"uv":[100,137],"inflate":0},{"origin":[10.51,62.65,3.51],"size":[7.98,5.7,7.98],"uv":[100,137],"inflate":0,"mirror":true},{"origin":[-18.49,44.65,3.51],"size":[7.98,5.7,7.98],"uv":[100,137],"inflate":0},{"origin":[10.51,44.65,3.51],"size":[7.98,5.7,7.98],"uv":[100,137],"inflate":0,"mirror":true},{"origin":[-19.889,34.265,3.111],"size":[8.778,8.47,8.778],"uv":[120,0],"inflate":0},{"origin":[11.111,34.265,3.111],"size":[8.778,8.47,8.778],"uv":[120,0],"inflate":0,"mirror":true},{"origin":[-18.49,59.65,3.51],"size":[7.98,1.7,7.98],"uv":[51,18],"inflate":0},{"origin":[10.51,59.65,3.51],"size":[7.98,1.7,7.98],"uv":[51,18],"inflate":0,"mirror":true},{"origin":[-18.49,55.65,3.51],"size":[7.98,1.7,7.98],"uv":[51,18],"inflate":0},{"origin":[10.51,55.65,3.51],"size":[7.98,1.7,7.98],"uv":[51,18],"inflate":0,"mirror":true}],"parent":"Root","locators":{}},{"name":"Head","pivot":[0,71,0],"cubes":[{"origin":[-8,69,-7],"size":[16,8,8],"uv":[58,0],"inflate":0},{"origin":[-5,69,1],"size":[10,8,4],"uv":[128,137],"inflate":0},{"origin":[-11.60847,70.4446,0],"size":[7,23,6],"pivot":[-8.10847,81.9446,3],"rotation":[0,0,-17.5],"uv":[102,99],"inflate":0},{"origin":[-13.37705,68.94107,-1],"size":[1,23,8],"pivot":[-12.87705,80.44107,3],"rotation":[0,0,-17.5],"uv":[0,120],"inflate":0},{"origin":[12.37705,68.94107,-1],"size":[1,23,8],"pivot":[12.87705,80.44107,3],"rotation":[0,0,17.5],"uv":[0,120],"inflate":0,"mirror":true},{"origin":[-12.42334,69.24178,2],"size":[1,23,2],"pivot":[-11.92334,80.74178,3],"rotation":[0,0,-17.5],"uv":[143,149],"inflate":0},{"origin":[11.42334,69.24178,2],"size":[1,23,2],"pivot":[11.92334,80.74178,3],"rotation":[0,0,17.5],"uv":[143,149],"inflate":0,"mirror":true},{"origin":[-17.07736,91.30662,-2],"size":[1,4,8],"pivot":[-16.57736,93.30662,2],"rotation":[0,0,-7.5],"uv":[146,112],"inflate":0},{"origin":[16.07736,91.30662,-2],"size":[1,4,8],"pivot":[16.57736,93.30662,2],"rotation":[0,0,7.5],"uv":[146,112],"inflate":0,"mirror":true},{"origin":[4.60847,70.4446,0],"size":[7,23,6],"pivot":[8.10847,81.9446,3],"rotation":[0,0,17.5],"uv":[102,99],"inflate":0,"mirror":true},{"origin":[-4.5,77,-7],"size":[9,12,8],"uv":[112,49],"inflate":0},{"origin":[-3.6345,87.7911,-7],"size":[0,7,8],"pivot":[-3.6345,91.2911,-3],"rotation":[0,0,25],"uv":[21,48],"inflate":0},{"origin":[3.6345,87.7911,-7],"size":[0,7,8],"pivot":[3.6345,91.2911,-3],"rotation":[0,0,-25],"uv":[21,48],"inflate":0,"mirror":true},{"origin":[-4.85311,85.14241,-7],"size":[0,3,8],"pivot":[-4.85311,86.64241,-3],"rotation":[0,0,-10],"uv":[50,35],"inflate":0},{"origin":[4.85311,85.14241,-7],"size":[0,3,8],"pivot":[4.85311,86.64241,-3],"rotation":[0,0,10],"uv":[50,35],"inflate":0,"mirror":true},{"origin":[-1,87.77402,-3.0765],"size":[2,5,2],"pivot":[0,90.27402,-2.0765],"rotation":[-27.5,0,0],"uv":[28,63],"inflate":0},{"origin":[-3,87.65614,-2.59475],"size":[1,3,1],"pivot":[-2.5,89.15614,-2.09475],"rotation":[-27.5,0,0],"uv":[8,0],"inflate":0},{"origin":[2,87.65614,-2.59475],"size":[1,3,1],"pivot":[2.5,89.15614,-2.09475],"rotation":[-27.5,0,0],"uv":[8,0],"inflate":0,"mirror":true},{"origin":[-4.5,82.1086,-9.82715],"size":[9,6,5],"pivot":[0,85.1086,-7.32715],"rotation":[35,0,0],"uv":[131,82],"inflate":0}],"parent":"Body","locators":{"infection":[0,66,0]}},{"name":"Rightarm","pivot":[-8,67,0],"cubes":[{"origin":[-14,48,-3.5],"size":[7,21,7],"uv":[74,99],"inflate":0},{"origin":[-20.77243,66.03658,-1.46096],"size":[8,27,6],"pivot":[-16.77243,79.53658,1.53904],"rotation":[0,-12.5,-25],"uv":[84,43],"inflate":0},{"origin":[-22.77289,66.62674,-4.65138],"size":[1,24,10],"pivot":[-22.27289,78.62674,0.34862],"rotation":[0,-12.5,-25],"uv":[52,92],"inflate":0},{"origin":[-21.67676,67.08619,-0.43494],"size":[1,23,2],"pivot":[-21.17676,78.58619,0.56506],"rotation":[0,-12.5,-25],"uv":[143,149],"inflate":0},{"origin":[-16.7818,65.26733,-4.55876],"size":[1,3,10],"pivot":[-16.2818,66.76733,0.44124],"rotation":[3.81397,-11.91276,-42.89807],"uv":[66,140],"inflate":0},{"origin":[-28.36179,89.33478,-4.53683],"size":[1,5,10],"pivot":[-27.86179,91.83478,0.46317],"rotation":[0,-12.19908,-12.20638],"uv":[138,39],"inflate":0}],"parent":"Body"},{"name":"bone","pivot":[-10.5,50,0],"cubes":[{"origin":[-14.24,28.31,-3.74],"size":[7.48,21.38,7.48],"uv":[0,92],"inflate":0},{"origin":[-19.5,21,-3],"size":[6,32,6],"uv":[28,71],"inflate":0,"mirror":true},{"origin":[-23.54543,51.9408,-3],"size":[7,9,6],"pivot":[-20.04543,56.4408,0],"rotation":[0,0,-15],"uv":[128,105],"inflate":0,"mirror":true},{"origin":[-21.89838,53.02598,-4],"size":[9,4,8],"pivot":[-17.39838,55.02598,0],"rotation":[0,0,-15],"uv":[127,16],"inflate":0,"mirror":true},{"origin":[-21.5,25,-1],"size":[2,28,2],"uv":[58,140],"inflate":0,"mirror":true},{"origin":[-22.5,52,-1],"size":[3,4,2],"pivot":[-20,53.5,0],"rotation":[0,0,-15],"uv":[50,26],"inflate":0,"mirror":true},{"origin":[-22.7848,48.56755,-1],"size":[3,4,2],"pivot":[-21.2848,50.56755,0],"rotation":[0,0,-15],"uv":[50,26],"inflate":0,"mirror":true},{"origin":[-14.0718,25,-4.13397],"size":[2,17,2],"pivot":[-13.0718,33.5,-3.13397],"rotation":[0,30,0],"uv":[0,151],"inflate":0,"mirror":true},{"origin":[-14.0718,25,2.13397],"size":[2,17,2],"pivot":[-13.0718,33.5,3.13397],"rotation":[0,-30,0],"uv":[0,151],"inflate":0,"mirror":true},{"origin":[-14.2118,41.44,-4.27397],"size":[2.28,9.12,2.28],"pivot":[-13.0718,46,-3.13397],"rotation":[0,30,0],"uv":[0,0],"inflate":0,"mirror":true},{"origin":[-14.2118,41.44,1.99397],"size":[2.28,9.12,2.28],"pivot":[-13.0718,46,3.13397],"rotation":[0,-30,0],"uv":[0,0],"inflate":0,"mirror":true},{"origin":[-14.4035,19.15619,-3.94246],"size":[2,6,2],"pivot":[-13.4035,22.15619,-2.94246],"rotation":[4.30963,29.7174,8.64388],"uv":[0,25],"inflate":0,"mirror":true},{"origin":[-14.4035,19.15619,1.94246],"size":[2,6,2],"pivot":[-13.4035,22.15619,2.94246],"rotation":[-4.30963,-29.7174,8.64388],"uv":[0,25],"inflate":0,"mirror":true},{"origin":[-12.84166,18.97751,-4.55552],"size":[1,2,2],"pivot":[-12.34166,19.97751,-3.55552],"rotation":[4.30963,29.7174,8.64388],"uv":[0,37],"inflate":0,"mirror":true},{"origin":[-12.84166,18.97751,2.55552],"size":[1,2,2],"pivot":[-12.34166,19.97751,3.55552],"rotation":[-4.30963,-29.7174,8.64388],"uv":[0,37],"inflate":0,"mirror":true},{"origin":[-22.06232,18.97545,-1],"size":[1,2,2],"pivot":[-21.56232,19.97545,0],"rotation":[0,0,-5],"uv":[0,37],"inflate":0,"mirror":true},{"origin":[-21.24234,19.09857,-1],"size":[2,6,2],"pivot":[-20.24234,22.09857,0],"rotation":[0,0,-5],"uv":[0,25],"inflate":0,"mirror":true},{"origin":[-19.98,44.6,-3.48],"size":[6.96,5.8,6.96],"uv":[140,63],"inflate":0,"mirror":true},{"origin":[-19.98,52.6,-3.48],"size":[6.96,2.8,6.96],"uv":[72,16],"inflate":0,"mirror":true},{"origin":[-20.3976,35.192,-3.8976],"size":[7.7952,7.616,7.7952],"uv":[49,126],"inflate":0,"mirror":true},{"origin":[-19.98,24.6,-3.48],"size":[6.96,8.8,6.96],"uv":[34,140],"inflate":0,"mirror":true}],"parent":"Rightarm"},{"name":"Leftarm","pivot":[8,67,0],"cubes":[{"origin":[7,48,-3.5],"size":[7,21,7],"uv":[74,99],"inflate":0,"mirror":true},{"origin":[12.77243,66.03658,-1.46096],"size":[8,27,6],"pivot":[16.77243,79.53658,1.53904],"rotation":[0,12.5,25],"uv":[84,43],"inflate":0,"mirror":true},{"origin":[21.77289,66.62674,-4.65138],"size":[1,24,10],"pivot":[22.27289,78.62674,0.34862],"rotation":[0,12.5,25],"uv":[52,92],"inflate":0,"mirror":true},{"origin":[20.67676,67.08619,-0.43494],"size":[1,23,2],"pivot":[21.17676,78.58619,0.56506],"rotation":[0,12.5,25],"uv":[143,149],"inflate":0,"mirror":true},{"origin":[15.7818,65.26733,-4.55876],"size":[1,3,10],"pivot":[16.2818,66.76733,0.44124],"rotation":[3.81397,11.91276,42.89807],"uv":[66,140],"inflate":0,"mirror":true},{"origin":[27.36179,89.33478,-4.53683],"size":[1,5,10],"pivot":[27.86179,91.83478,0.46317],"rotation":[-2.74715,12.19908,12.20638],"uv":[138,39],"inflate":0,"mirror":true}],"parent":"Body"},{"name":"bone3","pivot":[10.5,50,0],"cubes":[{"origin":[6.76,28.31,-3.74],"size":[7.48,21.38,7.48],"uv":[0,92],"inflate":0,"mirror":true},{"origin":[13.5,21,-3],"size":[6,32,6],"uv":[28,71],"inflate":0},{"origin":[16.54543,51.9408,-3],"size":[7,9,6],"pivot":[20.04543,56.4408,0],"rotation":[0,0,15],"uv":[128,105],"inflate":0},{"origin":[12.89838,53.02598,-4],"size":[9,4,8],"pivot":[17.39838,55.02598,0],"rotation":[0,0,15],"uv":[127,16],"inflate":0},{"origin":[19.5,25,-1],"size":[2,28,2],"uv":[58,140],"inflate":0},{"origin":[19.5,52,-1],"size":[3,4,2],"pivot":[20,53.5,0],"rotation":[0,0,15],"uv":[50,26],"inflate":0},{"origin":[19.7848,48.56755,-1],"size":[3,4,2],"pivot":[21.2848,50.56755,0],"rotation":[0,0,15],"uv":[50,26],"inflate":0},{"origin":[12.0718,25,-4.13397],"size":[2,17,2],"pivot":[13.0718,33.5,-3.13397],"rotation":[0,-30,0],"uv":[0,151],"inflate":0},{"origin":[12.0718,25,2.13397],"size":[2,17,2],"pivot":[13.0718,33.5,3.13397],"rotation":[0,30,0],"uv":[0,151],"inflate":0},{"origin":[11.9318,41.44,-4.27397],"size":[2.28,9.12,2.28],"pivot":[13.0718,46,-3.13397],"rotation":[0,-30,0],"uv":[0,0],"inflate":0},{"origin":[11.9318,41.44,1.99397],"size":[2.28,9.12,2.28],"pivot":[13.0718,46,3.13397],"rotation":[0,30,0],"uv":[0,0],"inflate":0},{"origin":[12.4035,19.15619,-3.94246],"size":[2,6,2],"pivot":[13.4035,22.15619,-2.94246],"rotation":[4.30963,-29.7174,-8.64388],"uv":[0,25],"inflate":0},{"origin":[12.4035,19.15619,1.94246],"size":[2,6,2],"pivot":[13.4035,22.15619,2.94246],"rotation":[-4.30963,29.7174,-8.64388],"uv":[0,25],"inflate":0},{"origin":[11.84166,18.97751,-4.55552],"size":[1,2,2],"pivot":[12.34166,19.97751,-3.55552],"rotation":[4.30963,-29.7174,-8.64388],"uv":[0,37],"inflate":0},{"origin":[11.84166,18.97751,2.55552],"size":[1,2,2],"pivot":[12.34166,19.97751,3.55552],"rotation":[-4.30963,29.7174,-8.64388],"uv":[0,37],"inflate":0},{"origin":[21.06232,18.97545,-1],"size":[1,2,2],"pivot":[21.56232,19.97545,0],"rotation":[0,0,5],"uv":[0,37],"inflate":0},{"origin":[19.24234,19.09857,-1],"size":[2,6,2],"pivot":[20.24234,22.09857,0],"rotation":[0,0,5],"uv":[0,25],"inflate":0},{"origin":[13.02,44.6,-3.48],"size":[6.96,5.8,6.96],"uv":[140,63],"inflate":0},{"origin":[13.02,52.6,-3.48],"size":[6.96,2.8,6.96],"uv":[72,16],"inflate":0},{"origin":[12.6024,35.192,-3.8976],"size":[7.7952,7.616,7.7952],"uv":[49,126],"inflate":0},{"origin":[13.02,24.6,-3.48],"size":[6.96,8.8,6.96],"uv":[34,140],"inflate":0}],"parent":"Leftarm"},{"name":"Rightleg","pivot":[-4.5,39,0],"cubes":[{"origin":[-8,21,-3.5],"size":[7,18,7],"uv":[21,113],"inflate":0},{"origin":[-7.07485,33.89114,-5.61],"size":[9.18,10.2,11.22],"pivot":[0.57515,45.11114,-0.51],"rotation":[0,0,7.5],"uv":[52,71],"inflate":0}],"parent":"Root"},{"name":"bone2","pivot":[-4.5,21,0],"cubes":[{"origin":[-8.24,0.31,-3.74],"size":[7.48,21.38,7.48],"uv":[99,9],"inflate":0}],"parent":"Rightleg"},{"name":"Leftleg","pivot":[4.5,39,0],"cubes":[{"origin":[1,21,-3.5],"size":[7,18,7],"uv":[21,113],"inflate":0,"mirror":true},{"origin":[-2.10515,33.89114,-5.61],"size":[9.18,10.2,11.22],"pivot":[-0.57515,45.11114,-0.51],"rotation":[0,0,-7.5],"uv":[52,71],"inflate":0,"mirror":true}],"parent":"Root"},{"name":"bone4","pivot":[4.5,21,0],"cubes":[{"origin":[0.76,0.31,-3.74],"size":[7.48,21.38,7.48],"uv":[99,9],"inflate":0,"mirror":true}],"parent":"Leftleg"}]}]}