{
  "format_version": "1.12.0",
  "minecraft:geometry": [
    {
      "description": {
        "identifier": "geometry.yg_speaker_women",
        "texture_width": 64,
        "texture_height": 64,
        "visible_bounds_width": 3,
        "visible_bounds_height": 4.5,
        "visible_bounds_offset": [
          0,
          1.75,
          0
        ]
      },
      "bones": [
        {
          "name": "Root"
        },
        {
          "name": "Body",
          "pivot": [
            0,
            17,
            1
          ],
          "cubes": [
            {
              "origin": [
                -3.3864,
                26.63459,
                -1.61563
              ],
              "size": [
                6.7728,
                6.6912,
                5.508
              ],
              "pivot": [
                0.0,
                29.98019,
                1.13837
              ],
              "rotation": [
                -2.5,
                0.0,
                0.0
              ],
              "uv": [
                17,
                19
              ],
              "inflate": 0
            },
            {
              "origin": [
                -1.3864,
                32.63459,
                -0.61563
              ],
              "size": [
                2.7728,
                2.6912,
                3.508
              ],
              "uv": [
                43,
                9
              ],
              "inflate": 0
            },
            {
              "origin": [
                -3.34,
                26.63996,
                -2.49026
              ],
              "size": [
                6.64,
                5.56,
                2.4
              ],
              "pivot": [
                -0.02,
                29.41996,
                -1.29026
              ],
              "rotation": [
                -20.0,
                0.0,
                0.0
              ],
              "uv": [
                42,
                2
              ],
              "inflate": 0
            },
            {
              "origin": [
                -3.0,
                20.0,
                -1.5
              ],
              "size": [
                6.0,
                7.0,
                5.0
              ],
              "uv": [
                0,
                12
              ],
              "inflate": 0
            },
            {
              "origin": [
                -3.42,
                16.82,
                -1.8
              ],
              "size": [
                6.84,
                3.36,
                5.6
              ],
              "uv": [
                16,
                30
              ],
              "inflate": 0
            },
            {
              "origin": [
                -4.0,
                28.0,
                3.0
              ],
              "size": [
                8.0,
                5.0,
                3.0
              ],
              "uv": [
                21,
                9
              ],
              "inflate": 0
            },
            {
              "origin": [
                -4.0,
                22.0,
                3.0
              ],
              "size": [
                8.0,
                3.0,
                3.0
              ],
              "uv": [
                34,
                17
              ],
              "inflate": 0
            },
            {
              "origin": [
                -3.5,
                25.0,
                3.0
              ],
              "size": [
                7.0,
                3.0,
                2.0
              ],
              "uv": [
                24,
                4
              ],
              "inflate": 0
            }
          ],
          "parent": "Root"
        },
        {
          "name": "Head",
          "pivot": [
            0,
            33.5,
            1
          ],
          "cubes": [
            {
              "origin": [
                -3.0,
                33.5,
                -1.8
              ],
              "size": [
                6.0,
                6.0,
                6.0
              ],
              "uv": [
                0,
                0
              ],
              "inflate": 0
            },
            {
              "origin": [
                -5.0,
                34.0,
                -1.8
              ],
              "size": [
                2.0,
                5.0,
                6.0
              ],
              "uv": [
                0,
                38
              ],
              "inflate": 0
            },
            {
              "origin": [
                -4.5,
                37.5,
                -1.9
              ],
              "size": [
                1.0,
                1.0,
                0.0
              ],
              "uv": [
                0,
                3
              ],
              "inflate": 0
            },
            {
              "origin": [
                3.5,
                37.5,
                -1.9
              ],
              "size": [
                1.0,
                1.0,
                0.0
              ],
              "uv": [
                0,
                3
              ],
              "inflate": 0,
              "mirror": true
            },
            {
              "origin": [
                -4.5,
                34.5,
                -1.9
              ],
              "size": [
                1.0,
                1.0,
                0.0
              ],
              "uv": [
                0,
                3
              ],
              "inflate": 0
            },
            {
              "origin": [
                3.5,
                34.5,
                -1.9
              ],
              "size": [
                1.0,
                1.0,
                0.0
              ],
              "uv": [
                0,
                3
              ],
              "inflate": 0,
              "mirror": true
            },
            {
              "origin": [
                3.0,
                34.0,
                -1.8
              ],
              "size": [
                2.0,
                5.0,
                6.0
              ],
              "uv": [
                0,
                38
              ],
              "inflate": 0,
              "mirror": true
            },
            {
              "origin": [
                -6.0,
                34.5,
                -0.8
              ],
              "size": [
                1.0,
                4.0,
                4.0
              ],
              "uv": [
                28,
                42
              ],
              "inflate": 0
            },
            {
              "origin": [
                5.0,
                34.5,
                -0.8
              ],
              "size": [
                1.0,
                4.0,
                4.0
              ],
              "uv": [
                28,
                42
              ],
              "inflate": 0,
              "mirror": true
            },
            {
              "origin": [
                -5.5,
                38.5,
                0.2
              ],
              "size": [
                11.0,
                2.0,
                2.0
              ],
              "uv": [
                18,
                0
              ],
              "inflate": 0
            },
            {
              "origin": [
                -1.5,
                35.0,
                -1.9
              ],
              "size": [
                3.0,
                3.0,
                0.0
              ],
              "uv": [
                0,
                0
              ],
              "inflate": 0
            }
          ],
          "parent": "Body",
          "locators": {}
        },
        {
          "name": "Rightarm",
          "pivot": [
            -3.5,
            32,
            1
          ],
          "cubes": [
            {
              "origin": [
                -6.0,
                25.0,
                -0.5
              ],
              "size": [
                3.0,
                8.0,
                3.0
              ],
              "uv": [
                39,
                23
              ],
              "inflate": 0
            }
          ],
          "parent": "Body"
        },
        {
          "name": "bone",
          "pivot": [
            -4.5,
            25.5,
            1
          ],
          "cubes": [
            {
              "origin": [
                -6.18,
                15.4,
                -0.68
              ],
              "size": [
                3.36,
                10.2,
                3.36
              ],
              "uv": [
                16,
                38
              ],
              "inflate": 0
            }
          ],
          "parent": "Rightarm"
        },
        {
          "name": "Leftarm",
          "pivot": [
            3.5,
            32,
            1
          ],
          "cubes": [
            {
              "origin": [
                3.0,
                25.0,
                -0.5
              ],
              "size": [
                3.0,
                8.0,
                3.0
              ],
              "uv": [
                39,
                23
              ],
              "inflate": 0,
              "mirror": true
            }
          ],
          "parent": "Body"
        },
        {
          "name": "bone3",
          "pivot": [
            4.5,
            25.5,
            1
          ],
          "cubes": [
            {
              "origin": [
                2.82,
                15.4,
                -0.68
              ],
              "size": [
                3.36,
                10.2,
                3.36
              ],
              "uv": [
                16,
                38
              ],
              "inflate": 0,
              "mirror": true
            }
          ],
          "parent": "Leftarm"
        },
        {
          "name": "Rightleg",
          "pivot": [
            -2,
            17,
            1
          ],
          "cubes": [
            {
              "origin": [
                -4.0,
                9.0,
                -1.0
              ],
              "size": [
                4.0,
                8.0,
                4.0
              ],
              "uv": [
                34,
                34
              ],
              "inflate": 0
            }
          ],
          "parent": "Root"
        },
        {
          "name": "bone2",
          "pivot": [
            -2,
            9.5,
            0.98
          ],
          "cubes": [
            {
              "origin": [
                -4.18,
                -0.6,
                -1.2
              ],
              "size": [
                4.36,
                10.2,
                4.36
              ],
              "uv": [
                0,
                24
              ],
              "inflate": 0
            }
          ],
          "parent": "Rightleg"
        },
        {
          "name": "Leftleg",
          "pivot": [
            2,
            17,
            1
          ],
          "cubes": [
            {
              "origin": [
                0.0,
                9.0,
                -1.0
              ],
              "size": [
                4.0,
                8.0,
                4.0
              ],
              "uv": [
                34,
                34
              ],
              "inflate": 0,
              "mirror": true
            }
          ],
          "parent": "Root"
        },
        {
          "name": "bone4",
          "pivot": [
            2,
            9.5,
            0.98
          ],
          "cubes": [
            {
              "origin": [
                -0.18,
                -0.6,
                -1.2
              ],
              "size": [
                4.36,
                10.2,
                4.36
              ],
              "uv": [
                0,
                24
              ],
              "inflate": 0,
              "mirror": true
            }
          ],
          "parent": "Leftleg"
        }
      ]
    }
  ]
}