{
  "format_version": "1.12.0",
  "minecraft:geometry": [
    {
      "description": {
        "identifier": "geometry.yg_spider_speaker",
        "texture_width": 128,
        "texture_height": 128,
        "visible_bounds_width": 7,
        "visible_bounds_height": 4.5,
        "visible_bounds_offset": [
          0,
          1.75,
          0
        ]
      },
      "bones": [
        {
          "name": "Root",
          "pivot": [
            0,
            17,
            0
          ]
        },
        {
          "name": "Body",
          "pivot": [
            0,
            17,
            0
          ],
          "cubes": [
            {
              "origin": [
                -10.0,
                17.0,
                -9.0
              ],
              "size": [
                20.0,
                27.0,
                18.0
              ],
              "uv": [
                0,
                0
              ],
              "inflate": 0
            },
            {
              "origin": [
                -8.5,
                19.55828,
                7.04884
              ],
              "size": [
                17.0,
                11.0,
                8.0
              ],
              "pivot": [
                0.0,
                25.05828,
                11.04884
              ],
              "rotation": [
                -10.0,
                0.0,
                0.0
              ],
              "uv": [
                0,
                45
              ],
              "inflate": 0
            }
          ],
          "parent": "Root"
        },
        {
          "name": "Leg",
          "pivot": [
            -10,
            26.5,
            0
          ],
          "cubes": [
            {
              "origin": [
                -13.0,
                25.0,
                -1.5
              ],
              "size": [
                3.0,
                3.0,
                3.0
              ],
              "uv": [
                0,
                6
              ],
              "inflate": 0
            },
            {
              "origin": [
                -29.50761,
                33.39353,
                -1.04
              ],
              "size": [
                21.84,
                2.08,
                2.08
              ],
              "pivot": [
                -18.58761,
                34.43353,
                0.0
              ],
              "rotation": [
                0.0,
                0.0,
                52.5
              ],
              "uv": [
                42,
                45
              ],
              "inflate": 0
            },
            {
              "origin": [
                -25.96125,
                40.80559,
                -1.1648
              ],
              "size": [
                3.1808,
                2.3296,
                2.3296
              ],
              "pivot": [
                -24.37085,
                41.97039,
                0.0
              ],
              "rotation": [
                0.0,
                0.0,
                52.5
              ],
              "uv": [
                0,
                12
              ],
              "inflate": 0
            },
            {
              "origin": [
                -30.50344,
                22.82313,
                -1.0
              ],
              "size": [
                2.0,
                20.0,
                2.0
              ],
              "pivot": [
                -29.50344,
                32.82313,
                0.0
              ],
              "rotation": [
                0.0,
                0.0,
                27.5
              ],
              "uv": [
                50,
                49
              ],
              "inflate": 0
            },
            {
              "origin": [
                -35.43523,
                22.92004,
                -1.5
              ],
              "size": [
                3.0,
                3.0,
                3.0
              ],
              "pivot": [
                -33.93523,
                24.42004,
                0.0
              ],
              "rotation": [
                0.0,
                0.0,
                27.5
              ],
              "uv": [
                0,
                0
              ],
              "inflate": 0
            },
            {
              "origin": [
                -35.85793,
                22.91045,
                -0.5
              ],
              "size": [
                0.0,
                4.0,
                1.0
              ],
              "pivot": [
                -35.85793,
                24.91045,
                0.0
              ],
              "rotation": [
                0.0,
                0.0,
                40.0
              ],
              "uv": [
                10,
                11
              ],
              "inflate": 0
            },
            {
              "origin": [
                -32.59613,
                21.17855,
                -0.5
              ],
              "size": [
                0.0,
                4.0,
                1.0
              ],
              "pivot": [
                -32.59613,
                23.17855,
                0.0
              ],
              "rotation": [
                0.0,
                0.0,
                20.0
              ],
              "uv": [
                10,
                11
              ],
              "inflate": 0
            },
            {
              "origin": [
                -34.65215,
                22.00333,
                1.84631
              ],
              "size": [
                1.0,
                4.0,
                0.0
              ],
              "pivot": [
                -34.15215,
                24.00333,
                1.84631
              ],
              "rotation": [
                10.0,
                0.0,
                27.5
              ],
              "uv": [
                12,
                0
              ],
              "inflate": 0
            },
            {
              "origin": [
                -34.65215,
                22.00333,
                -1.84631
              ],
              "size": [
                1.0,
                4.0,
                0.0
              ],
              "pivot": [
                -34.15215,
                24.00333,
                -1.84631
              ],
              "rotation": [
                -10.0,
                0.0,
                27.5
              ],
              "uv": [
                12,
                0
              ],
              "inflate": 0
            },
            {
              "origin": [
                -31.998,
                -0.03069,
                -0.68
              ],
              "size": [
                1.36,
                24.92,
                1.36
              ],
              "pivot": [
                -31.318,
                12.42931,
                0.0
              ],
              "rotation": [
                0.0,
                0.0,
                -12.5
              ],
              "uv": [
                58,
                49
              ],
              "inflate": 0
            }
          ],
          "parent": "Root"
        },
        {
          "name": "Leg2",
          "pivot": [
            10,
            26.5,
            0
          ],
          "cubes": [
            {
              "origin": [
                10.0,
                25.0,
                -1.5
              ],
              "size": [
                3.0,
                3.0,
                3.0
              ],
              "uv": [
                0,
                6
              ],
              "inflate": 0,
              "mirror": true
            },
            {
              "origin": [
                7.66761,
                33.39353,
                -1.04
              ],
              "size": [
                21.84,
                2.08,
                2.08
              ],
              "pivot": [
                18.58761,
                34.43353,
                0.0
              ],
              "rotation": [
                0.0,
                0.0,
                -52.5
              ],
              "uv": [
                42,
                45
              ],
              "inflate": 0,
              "mirror": true
            },
            {
              "origin": [
                22.78045,
                40.80559,
                -1.1648
              ],
              "size": [
                3.1808,
                2.3296,
                2.3296
              ],
              "pivot": [
                24.37085,
                41.97039,
                0.0
              ],
              "rotation": [
                0.0,
                0.0,
                -52.5
              ],
              "uv": [
                0,
                12
              ],
              "inflate": 0,
              "mirror": true
            },
            {
              "origin": [
                28.50344,
                22.82313,
                -1.0
              ],
              "size": [
                2.0,
                20.0,
                2.0
              ],
              "pivot": [
                29.50344,
                32.82313,
                0.0
              ],
              "rotation": [
                0.0,
                0.0,
                -27.5
              ],
              "uv": [
                50,
                49
              ],
              "inflate": 0,
              "mirror": true
            },
            {
              "origin": [
                32.43523,
                22.92004,
                -1.5
              ],
              "size": [
                3.0,
                3.0,
                3.0
              ],
              "pivot": [
                33.93523,
                24.42004,
                0.0
              ],
              "rotation": [
                0.0,
                0.0,
                -27.5
              ],
              "uv": [
                0,
                0
              ],
              "inflate": 0,
              "mirror": true
            },
            {
              "origin": [
                35.85793,
                22.91045,
                -0.5
              ],
              "size": [
                0.0,
                4.0,
                1.0
              ],
              "pivot": [
                35.85793,
                24.91045,
                0.0
              ],
              "rotation": [
                0.0,
                0.0,
                -40.0
              ],
              "uv": [
                10,
                11
              ],
              "inflate": 0,
              "mirror": true
            },
            {
              "origin": [
                32.59613,
                21.17855,
                -0.5
              ],
              "size": [
                0.0,
                4.0,
                1.0
              ],
              "pivot": [
                32.59613,
                23.17855,
                0.0
              ],
              "rotation": [
                0.0,
                0.0,
                -20.0
              ],
              "uv": [
                10,
                11
              ],
              "inflate": 0,
              "mirror": true
            },
            {
              "origin": [
                33.65215,
                22.00333,
                1.84631
              ],
              "size": [
                1.0,
                4.0,
                0.0
              ],
              "pivot": [
                34.15215,
                24.00333,
                1.84631
              ],
              "rotation": [
                10.0,
                0.0,
                -27.5
              ],
              "uv": [
                12,
                0
              ],
              "inflate": 0,
              "mirror": true
            },
            {
              "origin": [
                33.65215,
                22.00333,
                -1.84631
              ],
              "size": [
                1.0,
                4.0,
                0.0
              ],
              "pivot": [
                34.15215,
                24.00333,
                -1.84631
              ],
              "rotation": [
                -10.0,
                0.0,
                -27.5
              ],
              "uv": [
                12,
                0
              ],
              "inflate": 0,
              "mirror": true
            },
            {
              "origin": [
                30.638,
                -0.03069,
                -0.68
              ],
              "size": [
                1.36,
                24.92,
                1.36
              ],
              "pivot": [
                31.318,
                12.42931,
                0.0
              ],
              "rotation": [
                0.0,
                0.0,
                12.5
              ],
              "uv": [
                58,
                49
              ],
              "inflate": 0,
              "mirror": true
            }
          ],
          "parent": "Root"
        },
        {
          "name": "Leg3",
          "pivot": [
            0,
            26.5,
            15
          ],
          "cubes": [
            {
              "origin": [
                0.0,
                25.0,
                13.5
              ],
              "size": [
                3.0,
                3.0,
                3.0
              ],
              "uv": [
                0,
                6
              ],
              "inflate": 0,
              "mirror": true
            },
            {
              "origin": [
                -2.33239,
                33.39353,
                13.96
              ],
              "size": [
                21.84,
                2.08,
                2.08
              ],
              "pivot": [
                8.58761,
                34.43353,
                15.0
              ],
              "rotation": [
                0.0,
                0.0,
                -52.5
              ],
              "uv": [
                42,
                45
              ],
              "inflate": 0,
              "mirror": true
            },
            {
              "origin": [
                12.78045,
                40.80559,
                13.8352
              ],
              "size": [
                3.1808,
                2.3296,
                2.3296
              ],
              "pivot": [
                14.37085,
                41.97039,
                15.0
              ],
              "rotation": [
                0.0,
                0.0,
                -52.5
              ],
              "uv": [
                0,
                12
              ],
              "inflate": 0,
              "mirror": true
            },
            {
              "origin": [
                18.50344,
                22.82313,
                14.0
              ],
              "size": [
                2.0,
                20.0,
                2.0
              ],
              "pivot": [
                19.50344,
                32.82313,
                15.0
              ],
              "rotation": [
                0.0,
                0.0,
                -27.5
              ],
              "uv": [
                50,
                49
              ],
              "inflate": 0,
              "mirror": true
            },
            {
              "origin": [
                22.43523,
                22.92004,
                13.5
              ],
              "size": [
                3.0,
                3.0,
                3.0
              ],
              "pivot": [
                23.93523,
                24.42004,
                15.0
              ],
              "rotation": [
                0.0,
                0.0,
                -27.5
              ],
              "uv": [
                0,
                0
              ],
              "inflate": 0,
              "mirror": true
            },
            {
              "origin": [
                25.85793,
                22.91045,
                14.5
              ],
              "size": [
                0.0,
                4.0,
                1.0
              ],
              "pivot": [
                25.85793,
                24.91045,
                15.0
              ],
              "rotation": [
                0.0,
                0.0,
                -40.0
              ],
              "uv": [
                10,
                11
              ],
              "inflate": 0,
              "mirror": true
            },
            {
              "origin": [
                22.59613,
                21.17855,
                14.5
              ],
              "size": [
                0.0,
                4.0,
                1.0
              ],
              "pivot": [
                22.59613,
                23.17855,
                15.0
              ],
              "rotation": [
                0.0,
                0.0,
                -20.0
              ],
              "uv": [
                10,
                11
              ],
              "inflate": 0,
              "mirror": true
            },
            {
              "origin": [
                23.65215,
                22.00333,
                16.84631
              ],
              "size": [
                1.0,
                4.0,
                0.0
              ],
              "pivot": [
                24.15215,
                24.00333,
                16.84631
              ],
              "rotation": [
                10.0,
                0.0,
                -27.5
              ],
              "uv": [
                12,
                0
              ],
              "inflate": 0,
              "mirror": true
            },
            {
              "origin": [
                23.65215,
                22.00333,
                13.15369
              ],
              "size": [
                1.0,
                4.0,
                0.0
              ],
              "pivot": [
                24.15215,
                24.00333,
                13.15369
              ],
              "rotation": [
                -10.0,
                0.0,
                -27.5
              ],
              "uv": [
                12,
                0
              ],
              "inflate": 0,
              "mirror": true
            },
            {
              "origin": [
                20.638,
                -0.03069,
                14.32
              ],
              "size": [
                1.36,
                24.92,
                1.36
              ],
              "pivot": [
                21.318,
                12.42931,
                15.0
              ],
              "rotation": [
                0.0,
                0.0,
                12.5
              ],
              "uv": [
                58,
                49
              ],
              "inflate": 0,
              "mirror": true
            }
          ],
          "parent": "Root",
          "rotation": [
            0,
            -90,
            0
          ]
        }
      ]
    }
  ]
}