{
	"format_version": "1.8.0",
	"minecraft:attachable": {
		"description": {
			"identifier": "rose:cat_maid_cyan",
			"materials": {
				"default": "armor"
			},
			"textures": {
				"default": "textures/models/armor/cat_maid_v2/maid_dress_v2_cyan",
                "enchanted": "textures/misc/enchanted_item_glint"
			},
			"geometry": {
				"default": "geometry.cat_maid_v2"
			},
			"scripts": {
				"parent_setup": "variable.chest_layer_visible = 0.0;"
			},
			"render_controllers": [
				"controller.render.default"
			]
		}
	}
}