{
	"format_version": "1.10.0",
	"particle_effect": {
		"description": {
			"identifier": "j:model_slash_particle",
			"basic_render_parameters": {
				"material": "particles_blend",
				"texture": "textures/entity/model_slash_particle"
			}
		},
		"components": {
			"minecraft:emitter_local_space": {
				"position": true,
				"rotation": true
			},
			"minecraft:emitter_rate_instant": {
				"num_particles": 1
			},
			"minecraft:emitter_lifetime_once": {
				"active_time": 1
			},
			"minecraft:emitter_shape_point": {},
			"minecraft:particle_lifetime_expression": {
				"max_lifetime": 0.25
			},
			"minecraft:particle_initial_speed": 0,
			"minecraft:particle_motion_dynamic": {},
			"minecraft:particle_appearance_billboard": {
				"size": [3.75, 3.75],
				"facing_camera_mode": "direction_y",
				"direction": {
					"mode": "custom",
					"custom_direction": [0, 0, -1]
				},
				"uv": {
					"texture_width": 1,
					"texture_height": 1,
					"uv": [0, 0],
					"uv_size": [1, 1]
				}
			},
			"minecraft:particle_appearance_tinting": {
				"color": [1, 1, 1, "1-v.particle_age*4"]
			}
		}
	}
}