{"format_version":"1.12.0","minecraft:geometry":[{"description":{"identifier":"geometry.yg_glitch_toilet","texture_width":128,"texture_height":128,"visible_bounds_width":73,"visible_bounds_height":5,"visible_bounds_offset":[0,1.5,0]},"bones":[{"name":"Root","pivot":[0,16,0]},{"name":"Body","cubes":[{"origin":[-5,9,-6],"size":[10,2,11],"uv":[0,22],"inflate":0},{"origin":[-4.5,5,-5.5],"size":[9,4,10],"uv":[31,12],"inflate":0},{"origin":[-2.5,3,-7.5],"size":[5,8,1],"uv":[54,43],"inflate":0},{"origin":[-7.92526,3,-6.15124],"size":[5,8,1],"pivot":[-5.42526,7,-5.65124],"rotation":[0,27.5,0],"uv":[54,43],"inflate":0},{"origin":[2.92526,3,-6.15124],"size":[5,8,1],"pivot":[5.42526,7,-5.65124],"rotation":[0,-27.5,0],"uv":[54,43],"inflate":0,"mirror":true},{"origin":[-7.86697,10.92618,-6.03926],"size":[5,2,1],"pivot":[-5.36697,11.92618,-5.53926],"rotation":[-7.5,27.5,0],"uv":[28,0],"inflate":0},{"origin":[2.86697,10.92618,-6.03926],"size":[5,2,1],"pivot":[5.36697,11.92618,-5.53926],"rotation":[-7.5,-27.5,0],"uv":[28,0],"inflate":0,"mirror":true},{"origin":[-7.86697,1.07382,-6.03926],"size":[5,2,1],"pivot":[-5.36697,2.07382,-5.53926],"rotation":[7.5,27.5,0],"uv":[28,0],"inflate":0},{"origin":[2.86699,1.07381,-6.03929],"size":[5,2,1],"pivot":[5.36699,2.07381,-5.53929],"rotation":[7.5,-27.5,0],"uv":[28,0],"inflate":0,"mirror":true},{"origin":[-2.5,1.07382,-7.37375],"size":[5,2,1],"pivot":[0,2.07382,-6.87375],"rotation":[7.5,0,0],"uv":[28,0],"inflate":0},{"origin":[-2.5,10.92618,-7.37375],"size":[5,2,1],"pivot":[0,11.92618,-6.87375],"rotation":[-7.5,0,0],"uv":[28,0],"inflate":0},{"origin":[-3,1,-3],"size":[6,4,6],"uv":[34,0],"inflate":0},{"origin":[-2,0.39627,2.41629],"size":[4,9,4],"pivot":[0,4.89627,4.41629],"rotation":[-40,0,0],"uv":[0,42],"inflate":0},{"origin":[-3.42,-0.07,-3.42],"size":[6.84,1.14,6.84],"uv":[0,35],"inflate":0},{"origin":[-5.5,7,5],"size":[11,16,6],"uv":[0,0],"inflate":0},{"origin":[-3.5,11,4],"size":[7,4,1],"uv":[16,53],"inflate":0},{"origin":[-3.99,15.65,3.93],"size":[7.98,5.7,1.14],"uv":[52,0],"inflate":0},{"origin":[4.3941,10.09792,6],"size":[2,4,4],"pivot":[5.3941,12.09792,8],"rotation":[0,0,-12.5],"uv":[50,52],"inflate":0},{"origin":[-6.3941,10.09792,6],"size":[2,4,4],"pivot":[-5.3941,12.09792,8],"rotation":[0,0,12.5],"uv":[50,52],"inflate":0,"mirror":true},{"origin":[-3.5,12,11],"size":[7,7,2],"uv":[36,43],"inflate":0},{"origin":[-1,23,6.5],"size":[2,1,2],"uv":[0,22],"inflate":0}],"parent":"Root","locators":{"energy":[0,7,0]}},{"name":"Neck","pivot":[0,8,0],"cubes":[{"origin":[-2,7,-2],"size":[4,10,4],"uv":[20,39],"inflate":0}],"parent":"Body"},{"name":"Head","pivot":[0,16,0],"cubes":[{"origin":[-4,16,-4],"size":[8,8,8],"uv":[34,27],"inflate":0}],"parent":"Neck"},{"name":"Mouth","pivot":[0,17,-4.1],"cubes":[{"origin":[-4.5,15,-4.1],"size":[9,4,0],"uv":[36,52],"inflate":0}],"parent":"Head"}]}]}