{
  "format_version": "1.12.0",
  "minecraft:geometry": [
    {
      "description": {
        "identifier": "geometry.yg_gman_toilet_2",
        "texture_width": 512,
        "texture_height": 512,
        "visible_bounds_width": 31,
        "visible_bounds_height": 3.5,
        "visible_bounds_offset": [
          0,
          1.25,
          0
        ]
      },
      "bones": [
        {
          "name": "Root"
        },
        {
          "name": "Body",
          "pivot": [
            0,
            12,
            0
          ],
          "cubes": [
            {
              "origin": [
                -5.0,
                21.0,
                -6.0
              ],
              "size": [
                10.0,
                2.0,
                11.0
              ],
              "uv": [
                33,
                0
              ],
              "inflate": 0
            },
            {
              "origin": [
                -4.5,
                17.0,
                -5.5
              ],
              "size": [
                9.0,
                4.0,
                10.0
              ],
              "uv": [
                32,
                34
              ],
              "inflate": 0
            },
            {
              "origin": [
                -7.5,
                19.0,
                -12.5
              ],
              "size": [
                3.0,
                3.0,
                17.0
              ],
              "uv": [
                29,
                14
              ],
              "inflate": 0
            },
            {
              "origin": [
                4.5,
                19.0,
                -12.5
              ],
              "size": [
                3.0,
                3.0,
                17.0
              ],
              "uv": [
                29,
                14
              ],
              "inflate": 0,
              "mirror": true
            },
            {
              "origin": [
                -6.5,
                21.18707,
                -11.05374
              ],
              "size": [
                1.0,
                2.0,
                4.0
              ],
              "pivot": [
                -6.0,
                22.18707,
                -9.05374
              ],
              "rotation": [
                12.5,
                0.0,
                0.0
              ],
              "uv": [
                0,
                22
              ],
              "inflate": 0
            },
            {
              "origin": [
                5.5,
                21.18707,
                -11.05374
              ],
              "size": [
                1.0,
                2.0,
                4.0
              ],
              "pivot": [
                6.0,
                22.18707,
                -9.05374
              ],
              "rotation": [
                12.5,
                0.0,
                0.0
              ],
              "uv": [
                0,
                22
              ],
              "inflate": 0,
              "mirror": true
            },
            {
              "origin": [
                -7.8,
                18.7,
                -11.9
              ],
              "size": [
                3.6,
                3.6,
                5.8
              ],
              "uv": [
                74,
                0
              ],
              "inflate": 0
            },
            {
              "origin": [
                4.2,
                18.7,
                -11.9
              ],
              "size": [
                3.6,
                3.6,
                5.8
              ],
              "uv": [
                74,
                0
              ],
              "inflate": 0,
              "mirror": true
            },
            {
              "origin": [
                -7.84464,
                18.65536,
                -8.92232
              ],
              "size": [
                3.68928,
                3.68928,
                1.84464
              ],
              "uv": [
                33,
                5
              ],
              "inflate": 0
            },
            {
              "origin": [
                4.15536,
                18.65536,
                -8.92232
              ],
              "size": [
                3.68928,
                3.68928,
                1.84464
              ],
              "uv": [
                33,
                5
              ],
              "inflate": 0,
              "mirror": true
            },
            {
              "origin": [
                -7.74,
                18.76,
                3.34
              ],
              "size": [
                3.48,
                3.48,
                2.32
              ],
              "uv": [
                33,
                0
              ],
              "inflate": 0
            },
            {
              "origin": [
                4.26,
                18.76,
                3.34
              ],
              "size": [
                3.48,
                3.48,
                2.32
              ],
              "uv": [
                33,
                0
              ],
              "inflate": 0,
              "mirror": true
            },
            {
              "origin": [
                -7.74,
                18.76,
                -2.66
              ],
              "size": [
                3.48,
                3.48,
                2.32
              ],
              "uv": [
                33,
                0
              ],
              "inflate": 0
            },
            {
              "origin": [
                4.26,
                18.76,
                -2.66
              ],
              "size": [
                3.48,
                3.48,
                2.32
              ],
              "uv": [
                33,
                0
              ],
              "inflate": 0,
              "mirror": true
            },
            {
              "origin": [
                -3.5,
                15.97433,
                -7.10842
              ],
              "size": [
                7.0,
                6.0,
                1.0
              ],
              "pivot": [
                0.0,
                18.97433,
                -6.60842
              ],
              "rotation": [
                -7.5,
                0.0,
                0.0
              ],
              "uv": [
                16,
                78
              ],
              "inflate": 0
            },
            {
              "origin": [
                -3.5,
                13.20904,
                -7.18292
              ],
              "size": [
                7.0,
                3.0,
                1.0
              ],
              "pivot": [
                0.0,
                14.70904,
                -6.68292
              ],
              "rotation": [
                12.5,
                0.0,
                0.0
              ],
              "uv": [
                76,
                66
              ],
              "inflate": 0
            },
            {
              "origin": [
                -4.79066,
                11.17758,
                -0.5
              ],
              "size": [
                3.0,
                10.0,
                4.0
              ],
              "pivot": [
                -3.29066,
                16.17758,
                1.5
              ],
              "rotation": [
                0.0,
                0.0,
                -7.5
              ],
              "uv": [
                66,
                66
              ],
              "inflate": 0
            },
            {
              "origin": [
                1.79066,
                11.17758,
                -0.5
              ],
              "size": [
                3.0,
                10.0,
                4.0
              ],
              "pivot": [
                3.29066,
                16.17758,
                1.5
              ],
              "rotation": [
                0.0,
                0.0,
                7.5
              ],
              "uv": [
                66,
                66
              ],
              "inflate": 0,
              "mirror": true
            },
            {
              "origin": [
                -6.5,
                14.0,
                -4.5
              ],
              "size": [
                1.0,
                6.0,
                8.0
              ],
              "pivot": [
                -6.0,
                17.0,
                -0.5
              ],
              "rotation": [
                0.29981,
                1.45718,
                7.35499
              ],
              "uv": [
                16,
                64
              ],
              "inflate": 0
            },
            {
              "origin": [
                5.5,
                14.0,
                -4.5
              ],
              "size": [
                1.0,
                6.0,
                8.0
              ],
              "pivot": [
                6.0,
                17.0,
                -0.5
              ],
              "rotation": [
                0.29981,
                -1.45718,
                -7.35499
              ],
              "uv": [
                16,
                64
              ],
              "inflate": 0,
              "mirror": true
            },
            {
              "origin": [
                -6.28965,
                11.44331,
                -4.4976
              ],
              "size": [
                1.0,
                3.0,
                8.0
              ],
              "pivot": [
                -5.78965,
                12.94331,
                -0.4976
              ],
              "rotation": [
                -0.53024,
                1.39001,
                -25.15526
              ],
              "uv": [
                64,
                0
              ],
              "inflate": 0
            },
            {
              "origin": [
                5.28965,
                11.44331,
                -4.4976
              ],
              "size": [
                1.0,
                3.0,
                8.0
              ],
              "pivot": [
                5.78965,
                12.94331,
                -0.4976
              ],
              "rotation": [
                -0.53024,
                -1.39001,
                25.15526
              ],
              "uv": [
                64,
                0
              ],
              "inflate": 0,
              "mirror": true
            },
            {
              "origin": [
                -3.0,
                12.0,
                -2.0
              ],
              "size": [
                6.0,
                5.0,
                6.0
              ],
              "uv": [
                0,
                55
              ],
              "inflate": 0
            },
            {
              "origin": [
                -5.0,
                9.0,
                -5.0
              ],
              "size": [
                10.0,
                3.0,
                13.0
              ],
              "uv": [
                0,
                0
              ],
              "inflate": 0
            },
            {
              "origin": [
                -5.16,
                9.96,
                -5.18
              ],
              "size": [
                10.32,
                2.08,
                13.36
              ],
              "uv": [
                0,
                16
              ],
              "inflate": 0
            },
            {
              "origin": [
                -5.16,
                7.88964,
                -5.44723
              ],
              "size": [
                10.32,
                4.08,
                1.36
              ],
              "pivot": [
                0.0,
                9.92964,
                -4.76723
              ],
              "rotation": [
                -7.36813,
                0.0,
                0.0
              ],
              "uv": [
                70,
                43
              ],
              "inflate": 0
            },
            {
              "origin": [
                -5.5,
                12.0,
                4.0
              ],
              "size": [
                11.0,
                19.0,
                5.0
              ],
              "uv": [
                0,
                31
              ],
              "inflate": 0
            },
            {
              "origin": [
                -4.5,
                23.0,
                9.0
              ],
              "size": [
                9.0,
                5.0,
                4.0
              ],
              "uv": [
                56,
                48
              ],
              "inflate": 0
            },
            {
              "origin": [
                -8.5,
                15.0,
                9.5
              ],
              "size": [
                3.0,
                15.0,
                3.0
              ],
              "uv": [
                34,
                64
              ],
              "inflate": 0
            },
            {
              "origin": [
                5.5,
                15.0,
                9.5
              ],
              "size": [
                3.0,
                15.0,
                3.0
              ],
              "uv": [
                34,
                64
              ],
              "inflate": 0,
              "mirror": true
            },
            {
              "origin": [
                -5.5,
                25.0,
                9.5
              ],
              "size": [
                2.0,
                2.0,
                3.0
              ],
              "uv": [
                0,
                8
              ],
              "inflate": 0
            },
            {
              "origin": [
                3.5,
                25.0,
                9.5
              ],
              "size": [
                2.0,
                2.0,
                3.0
              ],
              "uv": [
                0,
                8
              ],
              "inflate": 0,
              "mirror": true
            },
            {
              "origin": [
                -5.5,
                16.5,
                9.5
              ],
              "size": [
                2.0,
                2.0,
                3.0
              ],
              "uv": [
                0,
                8
              ],
              "inflate": 0
            },
            {
              "origin": [
                3.5,
                16.5,
                9.5
              ],
              "size": [
                2.0,
                2.0,
                3.0
              ],
              "uv": [
                0,
                8
              ],
              "inflate": 0,
              "mirror": true
            },
            {
              "origin": [
                -8.83,
                28.56,
                9.17
              ],
              "size": [
                3.66,
                3.88,
                3.66
              ],
              "uv": [
                0,
                16
              ],
              "inflate": 0
            },
            {
              "origin": [
                5.17,
                28.56,
                9.17
              ],
              "size": [
                3.66,
                3.88,
                3.66
              ],
              "uv": [
                0,
                16
              ],
              "inflate": 0,
              "mirror": true
            },
            {
              "origin": [
                -8.83,
                23.56,
                9.17
              ],
              "size": [
                3.66,
                3.88,
                3.66
              ],
              "uv": [
                0,
                16
              ],
              "inflate": 0
            },
            {
              "origin": [
                5.17,
                23.56,
                9.17
              ],
              "size": [
                3.66,
                3.88,
                3.66
              ],
              "uv": [
                0,
                16
              ],
              "inflate": 0,
              "mirror": true
            },
            {
              "origin": [
                -9.0496,
                19.2672,
                8.9504
              ],
              "size": [
                4.0992,
                5.4656,
                4.0992
              ],
              "uv": [
                76,
                76
              ],
              "inflate": 0
            },
            {
              "origin": [
                4.9504,
                19.2672,
                8.9504
              ],
              "size": [
                4.0992,
                5.4656,
                4.0992
              ],
              "uv": [
                76,
                76
              ],
              "inflate": 0,
              "mirror": true
            },
            {
              "origin": [
                -9.0496,
                12.2672,
                8.9504
              ],
              "size": [
                4.0992,
                5.4656,
                4.0992
              ],
              "uv": [
                46,
                75
              ],
              "inflate": 0
            },
            {
              "origin": [
                4.9504,
                12.2672,
                8.9504
              ],
              "size": [
                4.0992,
                5.4656,
                4.0992
              ],
              "uv": [
                46,
                75
              ],
              "inflate": 0,
              "mirror": true
            },
            {
              "origin": [
                -4.0,
                15.0,
                9.0
              ],
              "size": [
                8.0,
                5.0,
                4.0
              ],
              "uv": [
                56,
                57
              ],
              "inflate": 0
            },
            {
              "origin": [
                -3.3,
                14.75,
                8.8
              ],
              "size": [
                6.6,
                5.5,
                4.4
              ],
              "uv": [
                46,
                66
              ],
              "inflate": 0
            },
            {
              "origin": [
                -3.5,
                19.0,
                8.0
              ],
              "size": [
                7.0,
                5.0,
                4.0
              ],
              "pivot": [
                0.0,
                21.5,
                10.0
              ],
              "rotation": [
                -17.5,
                0.0,
                0.0
              ],
              "uv": [
                60,
                34
              ],
              "inflate": 0
            },
            {
              "origin": [
                -6.27,
                20.37,
                3.86
              ],
              "size": [
                12.54,
                11.26,
                2.28
              ],
              "uv": [
                52,
                13
              ],
              "inflate": 0
            },
            {
              "origin": [
                -6.27,
                29.37,
                6.14
              ],
              "size": [
                12.54,
                2.26,
                3.28
              ],
              "uv": [
                52,
                26
              ],
              "inflate": 0
            },
            {
              "origin": [
                -1.0,
                31.5,
                5.5
              ],
              "size": [
                2.0,
                1.0,
                2.0
              ],
              "uv": [
                33,
                16
              ],
              "inflate": 0
            },
            {
              "origin": [
                -6.5,
                20.0,
                -254.0
              ],
              "size": [
                1.0,
                1.0,
                250.0
              ],
              "uv": [
                0,
                0
              ],
              "inflate": 0
            },
            {
              "origin": [
                5.5,
                20.0,
                -254.0
              ],
              "size": [
                1.0,
                1.0,
                250.0
              ],
              "uv": [
                0,
                0
              ],
              "inflate": 0,
              "mirror": true
            }
          ],
          "parent": "Root"
        },
        {
          "name": "Fire",
          "pivot": [
            -7,
            14,
            11
          ],
          "cubes": [
            {
              "origin": [
                -8.74,
                9.1,
                9.26
              ],
              "size": [
                3.48,
                5.8,
                3.48
              ],
              "uv": [
                0,
                0
              ],
              "inflate": 0
            }
          ],
          "parent": "Body"
        },
        {
          "name": "Fire2",
          "pivot": [
            7,
            14,
            11
          ],
          "cubes": [
            {
              "origin": [
                5.26,
                9.1,
                9.26
              ],
              "size": [
                3.48,
                5.8,
                3.48
              ],
              "uv": [
                0,
                0
              ],
              "inflate": 0,
              "mirror": true
            }
          ],
          "parent": "Body"
        },
        {
          "name": "Neck",
          "pivot": [
            0,
            20,
            0
          ],
          "cubes": [
            {
              "origin": [
                -2.0,
                19.0,
                -2.0
              ],
              "size": [
                4.0,
                10.0,
                4.0
              ],
              "uv": [
                0,
                66
              ],
              "inflate": 0
            }
          ],
          "parent": "Body"
        },
        {
          "name": "Head",
          "pivot": [
            0,
            28,
            0
          ],
          "cubes": [
            {
              "origin": [
                -4.0,
                28.0,
                -4.0
              ],
              "size": [
                8.0,
                8.0,
                8.0
              ],
              "uv": [
                24,
                48
              ],
              "inflate": 0
            },
            {
              "origin": [
                -2.5,
                31.0,
                -254.0
              ],
              "size": [
                1.0,
                1.0,
                250.0
              ],
              "uv": [
                0,
                0
              ],
              "inflate": 0
            },
            {
              "origin": [
                1.5,
                31.0,
                -254.0
              ],
              "size": [
                1.0,
                1.0,
                250.0
              ],
              "uv": [
                0,
                0
              ],
              "inflate": 0,
              "mirror": true
            }
          ],
          "parent": "Neck"
        },
        {
          "name": "Mouth",
          "pivot": [
            0,
            29,
            -4.1
          ],
          "cubes": [
            {
              "origin": [
                -4.5,
                27.0,
                -4.1
              ],
              "size": [
                9.0,
                4.0,
                0.0
              ],
              "uv": [
                76,
                57
              ],
              "inflate": 0
            }
          ],
          "parent": "Head"
        }
      ]
    }
  ]
}