{
  "format_version": "1.12.0",
  "minecraft:geometry": [
    {
      "description": {
        "identifier": "geometry.yg_geeky_jesus_toilet",
        "texture_width": 128,
        "texture_height": 128,
        "visible_bounds_width": 3,
        "visible_bounds_height": 3.5,
        "visible_bounds_offset": [
          0,
          1.25,
          0
        ]
      },
      "bones": [
        {
          "name": "Root"
        },
        {
          "name": "Body",
          "pivot": [
            0,
            21.03447,
            2.37263
          ],
          "cubes": [
            {
              "origin": [
                -5.0,
                17.0,
                -6.0
              ],
              "size": [
                10.0,
                2.0,
                11.0
              ],
              "uv": [
                0,
                30
              ],
              "inflate": 0
            },
            {
              "origin": [
                -5.1,
                17.03699,
                2.21
              ],
              "size": [
                10.2,
                4.06,
                4.08
              ],
              "pivot": [
                0.0,
                19.06699,
                4.25
              ],
              "rotation": [
                30.0,
                0.0,
                0.0
              ],
              "uv": [
                56,
                47
              ],
              "inflate": 0
            },
            {
              "origin": [
                -4.5,
                13.0,
                -5.5
              ],
              "size": [
                9.0,
                4.0,
                10.0
              ],
              "uv": [
                32,
                33
              ],
              "inflate": 0
            },
            {
              "origin": [
                -2.5,
                13.0,
                -7.5
              ],
              "size": [
                5.0,
                5.0,
                2.0
              ],
              "pivot": [
                0.0,
                15.5,
                -6.5
              ],
              "rotation": [
                12.5,
                0.0,
                0.0
              ],
              "uv": [
                32,
                74
              ],
              "inflate": 0
            },
            {
              "origin": [
                2.36546,
                13.12585,
                -6.43234
              ],
              "size": [
                2.0,
                5.0,
                1.0
              ],
              "pivot": [
                3.36546,
                15.62585,
                -5.93234
              ],
              "rotation": [
                12.54624,
                -4.88119,
                -1.08482
              ],
              "uv": [
                0,
                0
              ],
              "inflate": 0
            },
            {
              "origin": [
                -4.36546,
                13.12585,
                -6.43233
              ],
              "size": [
                2.0,
                5.0,
                1.0
              ],
              "pivot": [
                -3.36546,
                15.62585,
                -5.93233
              ],
              "rotation": [
                12.54624,
                4.88119,
                1.08482
              ],
              "uv": [
                0,
                0
              ],
              "inflate": 0,
              "mirror": true
            },
            {
              "origin": [
                -7.03472,
                16.0,
                -5.14145
              ],
              "size": [
                4.0,
                2.0,
                10.0
              ],
              "pivot": [
                -5.03472,
                17.0,
                -0.14145
              ],
              "rotation": [
                0.0,
                -27.5,
                0.0
              ],
              "uv": [
                38,
                47
              ],
              "inflate": 0
            },
            {
              "origin": [
                3.03472,
                16.0,
                -5.14145
              ],
              "size": [
                4.0,
                2.0,
                10.0
              ],
              "pivot": [
                5.03472,
                17.0,
                -0.14145
              ],
              "rotation": [
                0.0,
                27.5,
                0.0
              ],
              "uv": [
                38,
                47
              ],
              "inflate": 0,
              "mirror": true
            },
            {
              "origin": [
                -10.0,
                17.0,
                -7.14145
              ],
              "size": [
                3.0,
                3.0,
                13.0
              ],
              "uv": [
                19,
                47
              ],
              "inflate": 0
            },
            {
              "origin": [
                7.0,
                17.0,
                -7.14145
              ],
              "size": [
                3.0,
                3.0,
                13.0
              ],
              "uv": [
                19,
                47
              ],
              "inflate": 0,
              "mirror": true
            },
            {
              "origin": [
                -8.0,
                12.0,
                -5.14145
              ],
              "size": [
                4.0,
                4.0,
                7.0
              ],
              "uv": [
                17,
                63
              ],
              "inflate": 0
            },
            {
              "origin": [
                4.0,
                12.0,
                -5.14145
              ],
              "size": [
                4.0,
                4.0,
                7.0
              ],
              "uv": [
                17,
                63
              ],
              "inflate": 0,
              "mirror": true
            },
            {
              "origin": [
                -8.5,
                11.5,
                -7.14145
              ],
              "size": [
                5.0,
                5.0,
                2.0
              ],
              "uv": [
                32,
                63
              ],
              "inflate": 0
            },
            {
              "origin": [
                3.5,
                11.5,
                -7.14145
              ],
              "size": [
                5.0,
                5.0,
                2.0
              ],
              "uv": [
                32,
                63
              ],
              "inflate": 0,
              "mirror": true
            },
            {
              "origin": [
                -9.5,
                17.5,
                -10.14145
              ],
              "size": [
                2.0,
                2.0,
                3.0
              ],
              "uv": [
                31,
                30
              ],
              "inflate": 0
            },
            {
              "origin": [
                7.5,
                17.5,
                -10.14145
              ],
              "size": [
                2.0,
                2.0,
                3.0
              ],
              "uv": [
                31,
                30
              ],
              "inflate": 0,
              "mirror": true
            },
            {
              "origin": [
                -10.5,
                16.5,
                -11.14145
              ],
              "size": [
                4.0,
                4.0,
                5.0
              ],
              "uv": [
                63,
                69
              ],
              "inflate": 0
            },
            {
              "origin": [
                6.5,
                16.5,
                -11.14145
              ],
              "size": [
                4.0,
                4.0,
                5.0
              ],
              "uv": [
                63,
                69
              ],
              "inflate": 0,
              "mirror": true
            },
            {
              "origin": [
                -10.5,
                16.5,
                4.85855
              ],
              "size": [
                4.0,
                4.0,
                1.0
              ],
              "uv": [
                0,
                30
              ],
              "inflate": 0
            },
            {
              "origin": [
                6.5,
                16.5,
                4.85855
              ],
              "size": [
                4.0,
                4.0,
                1.0
              ],
              "uv": [
                0,
                30
              ],
              "inflate": 0,
              "mirror": true
            },
            {
              "origin": [
                -3.0,
                9.0,
                -3.0
              ],
              "size": [
                6.0,
                4.0,
                6.0
              ],
              "uv": [
                0,
                60
              ],
              "inflate": 0
            },
            {
              "origin": [
                -3.42,
                7.93,
                -3.42
              ],
              "size": [
                6.84,
                1.14,
                6.84
              ],
              "uv": [
                60,
                33
              ],
              "inflate": 0
            },
            {
              "origin": [
                -5.5,
                15.0,
                4.0
              ],
              "size": [
                11.0,
                12.0,
                5.0
              ],
              "uv": [
                44,
                0
              ],
              "inflate": 0
            },
            {
              "origin": [
                -7.5,
                14.0,
                5.0
              ],
              "size": [
                15.0,
                23.0,
                7.0
              ],
              "uv": [
                0,
                0
              ],
              "inflate": 0
            },
            {
              "origin": [
                -12.5,
                18.0,
                6.5
              ],
              "size": [
                4.0,
                19.0,
                4.0
              ],
              "uv": [
                47,
                59
              ],
              "inflate": 0
            },
            {
              "origin": [
                8.5,
                18.0,
                6.5
              ],
              "size": [
                4.0,
                19.0,
                4.0
              ],
              "uv": [
                47,
                59
              ],
              "inflate": 0,
              "mirror": true
            },
            {
              "origin": [
                -8.5,
                30.0,
                7.5
              ],
              "size": [
                1.0,
                2.0,
                2.0
              ],
              "uv": [
                0,
                35
              ],
              "inflate": 0
            },
            {
              "origin": [
                7.5,
                30.0,
                7.5
              ],
              "size": [
                1.0,
                2.0,
                2.0
              ],
              "uv": [
                0,
                35
              ],
              "inflate": 0,
              "mirror": true
            },
            {
              "origin": [
                -8.5,
                23.0,
                7.5
              ],
              "size": [
                1.0,
                2.0,
                2.0
              ],
              "uv": [
                0,
                35
              ],
              "inflate": 0
            },
            {
              "origin": [
                7.5,
                23.0,
                7.5
              ],
              "size": [
                1.0,
                2.0,
                2.0
              ],
              "uv": [
                0,
                35
              ],
              "inflate": 0,
              "mirror": true
            },
            {
              "origin": [
                -12.74,
                33.82,
                6.26
              ],
              "size": [
                4.48,
                3.36,
                4.48
              ],
              "uv": [
                76,
                0
              ],
              "inflate": 0
            },
            {
              "origin": [
                8.26,
                33.82,
                6.26
              ],
              "size": [
                4.48,
                3.36,
                4.48
              ],
              "uv": [
                76,
                0
              ],
              "inflate": 0,
              "mirror": true
            },
            {
              "origin": [
                -12.74,
                30.82,
                6.26
              ],
              "size": [
                4.48,
                2.36,
                4.48
              ],
              "uv": [
                76,
                7
              ],
              "inflate": 0
            },
            {
              "origin": [
                8.26,
                30.82,
                6.26
              ],
              "size": [
                4.48,
                2.36,
                4.48
              ],
              "uv": [
                76,
                7
              ],
              "inflate": 0,
              "mirror": true
            },
            {
              "origin": [
                -12.74,
                26.82,
                6.26
              ],
              "size": [
                4.48,
                3.36,
                4.48
              ],
              "uv": [
                70,
                40
              ],
              "inflate": 0
            },
            {
              "origin": [
                8.26,
                26.82,
                6.26
              ],
              "size": [
                4.48,
                3.36,
                4.48
              ],
              "uv": [
                70,
                40
              ],
              "inflate": 0,
              "mirror": true
            },
            {
              "origin": [
                -12.964,
                21.192,
                6.036
              ],
              "size": [
                4.928,
                5.896,
                4.928
              ],
              "uv": [
                16,
                74
              ],
              "inflate": 0
            },
            {
              "origin": [
                8.036,
                21.192,
                6.036
              ],
              "size": [
                4.928,
                5.896,
                4.928
              ],
              "uv": [
                16,
                74
              ],
              "inflate": 0,
              "mirror": true
            },
            {
              "origin": [
                -12.964,
                13.192,
                6.036
              ],
              "size": [
                4.928,
                6.896,
                4.928
              ],
              "uv": [
                72,
                13
              ],
              "inflate": 0
            },
            {
              "origin": [
                8.036,
                13.192,
                6.036
              ],
              "size": [
                4.928,
                6.896,
                4.928
              ],
              "uv": [
                72,
                13
              ],
              "inflate": 0,
              "mirror": true
            }
          ],
          "parent": "Root"
        },
        {
          "name": "Flame",
          "pivot": [
            -10.5,
            16,
            8.5
          ],
          "cubes": [
            {
              "origin": [
                -12.5,
                10.0,
                6.5
              ],
              "size": [
                4.0,
                6.0,
                4.0
              ],
              "uv": [
                0,
                70
              ],
              "inflate": 0
            }
          ],
          "parent": "Body"
        },
        {
          "name": "Flame2",
          "pivot": [
            10.5,
            16,
            8.5
          ],
          "cubes": [
            {
              "origin": [
                8.5,
                10.0,
                6.5
              ],
              "size": [
                4.0,
                6.0,
                4.0
              ],
              "uv": [
                0,
                70
              ],
              "inflate": 0,
              "mirror": true
            }
          ],
          "parent": "Body"
        },
        {
          "name": "Neck",
          "pivot": [
            0,
            16,
            0
          ],
          "cubes": [
            {
              "origin": [
                -2.0,
                15.0,
                -2.0
              ],
              "size": [
                4.0,
                10.0,
                4.0
              ],
              "uv": [
                63,
                55
              ],
              "inflate": 0
            }
          ],
          "parent": "Body"
        },
        {
          "name": "Head",
          "pivot": [
            0,
            24,
            0
          ],
          "cubes": [
            {
              "origin": [
                -4.0,
                24.0,
                -4.0
              ],
              "size": [
                8.0,
                8.0,
                8.0
              ],
              "uv": [
                44,
                17
              ],
              "inflate": 0
            },
            {
              "origin": [
                -4.0,
                15.76296,
                -3.27935
              ],
              "size": [
                8.0,
                9.0,
                8.0
              ],
              "pivot": [
                0.0,
                20.26296,
                0.72065
              ],
              "rotation": [
                10.0,
                0.0,
                0.0
              ],
              "uv": [
                0,
                43
              ],
              "inflate": 0
            }
          ],
          "parent": "Neck"
        }
      ]
    }
  ]
}