{
  "format_version": "1.12.0",
  "minecraft:geometry": [
    {
      "description": {
        "identifier": "geometry.yg_holy_toilet",
        "texture_width": 128,
        "texture_height": 128,
        "visible_bounds_width": 3,
        "visible_bounds_height": 3.5,
        "visible_bounds_offset": [
          0,
          1.25,
          0
        ]
      },
      "bones": [
        {
          "name": "Root",
          "pivot": [
            0,
            16,
            0
          ]
        },
        {
          "name": "Body",
          "cubes": [
            {
              "origin": [
                -5.0,
                9.0,
                -6.0
              ],
              "size": [
                10.0,
                2.0,
                11.0
              ],
              "uv": [
                0,
                0
              ],
              "inflate": 0
            },
            {
              "origin": [
                -4.5,
                5.0,
                -5.5
              ],
              "size": [
                9.0,
                4.0,
                10.0
              ],
              "uv": [
                0,
                25
              ],
              "inflate": 0
            },
            {
              "origin": [
                -3.0,
                1.0,
                -3.0
              ],
              "size": [
                6.0,
                4.0,
                6.0
              ],
              "uv": [
                31,
                0
              ],
              "inflate": 0
            },
            {
              "origin": [
                -3.42,
                -0.07,
                -3.42
              ],
              "size": [
                6.84,
                1.14,
                6.84
              ],
              "uv": [
                36,
                10
              ],
              "inflate": 0
            },
            {
              "origin": [
                -5.5,
                7.0,
                4.0
              ],
              "size": [
                11.0,
                12.0,
                5.0
              ],
              "uv": [
                33,
                34
              ],
              "inflate": 0
            },
            {
              "origin": [
                -1.0,
                19.0,
                5.5
              ],
              "size": [
                2.0,
                1.0,
                2.0
              ],
              "uv": [
                0,
                0
              ],
              "inflate": 0
            }
          ],
          "parent": "Root"
        },
        {
          "name": "Neck",
          "pivot": [
            0,
            8,
            0
          ],
          "cubes": [
            {
              "origin": [
                -2.0,
                7.0,
                -2.0
              ],
              "size": [
                4.0,
                10.0,
                4.0
              ],
              "uv": [
                0,
                39
              ],
              "inflate": 0
            }
          ],
          "parent": "Body"
        },
        {
          "name": "Head",
          "pivot": [
            0,
            16,
            0
          ],
          "cubes": [
            {
              "origin": [
                -4.0,
                16.0,
                -4.0
              ],
              "size": [
                8.0,
                8.0,
                8.0
              ],
              "uv": [
                32,
                17
              ],
              "inflate": 0
            },
            {
              "origin": [
                -5.0,
                25.0,
                -5.0
              ],
              "size": [
                10.0,
                2.0,
                10.0
              ],
              "uv": [
                0,
                13
              ],
              "inflate": 0
            },
            {
              "origin": [
                -4.49713,
                21.93723,
                0.0
              ],
              "size": [
                0.0,
                4.0,
                1.0
              ],
              "pivot": [
                -4.49713,
                23.93723,
                0.5
              ],
              "rotation": [
                0.0,
                0.0,
                -14.39267
              ],
              "uv": [
                0,
                2
              ],
              "inflate": 0
            },
            {
              "origin": [
                4.48958,
                21.9078,
                -0.3473
              ],
              "size": [
                0.0,
                4.0,
                1.0
              ],
              "pivot": [
                4.48958,
                23.9078,
                0.1527
              ],
              "rotation": [
                10.0,
                0.0,
                14.39267
              ],
              "uv": [
                0,
                2
              ],
              "inflate": 0,
              "mirror": true
            }
          ],
          "parent": "Neck"
        },
        {
          "name": "Mouth",
          "pivot": [
            0,
            17,
            -4.1
          ],
          "cubes": [
            {
              "origin": [
                -4.5,
                15.0,
                -4.1
              ],
              "size": [
                9.0,
                4.0,
                0.0
              ],
              "uv": [
                12,
                39
              ],
              "inflate": 0
            }
          ],
          "parent": "Head"
        }
      ]
    }
  ]
}