{
  "format_version": "1.12.0",
  "minecraft:geometry": [
    {
      "description": {
        "identifier": "geometry.yg_mutant_skibidi_toilet",
        "texture_width": 256,
        "texture_height": 256,
        "visible_bounds_width": 4,
        "visible_bounds_height": 7.5,
        "visible_bounds_offset": [
          0,
          3.25,
          0
        ]
      },
      "bones": [
        {
          "name": "Root"
        },
        {
          "name": "Body",
          "pivot": [
            0,
            37,
            1
          ],
          "cubes": [
            {
              "origin": [
                -7.5,
                55.97006,
                -4.45684
              ],
              "size": [
                15.0,
                11.0,
                10.0
              ],
              "pivot": [
                0.0,
                61.47006,
                0.54316
              ],
              "rotation": [
                7.5,
                0.0,
                0.0
              ],
              "uv": [
                54,
                60
              ],
              "inflate": 0
            },
            {
              "origin": [
                -9.5,
                65.84919,
                -13.30098
              ],
              "size": [
                19.0,
                4.0,
                25.0
              ],
              "pivot": [
                0.0,
                67.84919,
                -0.80098
              ],
              "rotation": [
                7.5,
                0.0,
                0.0
              ],
              "uv": [
                0,
                0
              ],
              "inflate": 0
            },
            {
              "origin": [
                -8.5,
                59.88341,
                -11.77888
              ],
              "size": [
                17.0,
                8.0,
                23.0
              ],
              "pivot": [
                0.0,
                63.88341,
                -0.27888
              ],
              "rotation": [
                7.5,
                0.0,
                0.0
              ],
              "uv": [
                0,
                29
              ],
              "inflate": 0
            },
            {
              "origin": [
                -7.5,
                63.02853,
                10.94943
              ],
              "size": [
                15.0,
                8.0,
                10.0
              ],
              "pivot": [
                0.0,
                67.02853,
                15.94943
              ],
              "rotation": [
                7.5,
                0.0,
                0.0
              ],
              "uv": [
                63,
                0
              ],
              "inflate": 0
            },
            {
              "origin": [
                -1.5,
                70.83067,
                11.93056
              ],
              "size": [
                3.0,
                23.0,
                3.0
              ],
              "pivot": [
                0.0,
                82.33067,
                13.43056
              ],
              "rotation": [
                7.5,
                0.0,
                0.0
              ],
              "uv": [
                24,
                105
              ],
              "inflate": 0
            },
            {
              "origin": [
                -1.89,
                70.66049,
                12.91108
              ],
              "size": [
                3.78,
                2.52,
                3.78
              ],
              "pivot": [
                0.0,
                71.92049,
                14.80108
              ],
              "rotation": [
                7.5,
                0.0,
                0.0
              ],
              "uv": [
                0,
                15
              ],
              "inflate": 0
            },
            {
              "origin": [
                1.5,
                90.74511,
                10.62529
              ],
              "size": [
                7.0,
                3.0,
                3.0
              ],
              "pivot": [
                5.0,
                92.24511,
                12.12529
              ],
              "rotation": [
                7.5,
                0.0,
                0.0
              ],
              "uv": [
                0,
                0
              ],
              "inflate": 0
            },
            {
              "origin": [
                7.3,
                90.44511,
                10.32529
              ],
              "size": [
                2.4,
                3.6,
                3.6
              ],
              "pivot": [
                8.5,
                92.24511,
                12.12529
              ],
              "rotation": [
                7.5,
                0.0,
                0.0
              ],
              "uv": [
                9,
                17
              ],
              "inflate": 0
            },
            {
              "origin": [
                -3.7,
                90.44511,
                10.32529
              ],
              "size": [
                2.4,
                3.6,
                3.6
              ],
              "pivot": [
                -2.5,
                92.24511,
                12.12529
              ],
              "rotation": [
                7.5,
                0.0,
                0.0
              ],
              "uv": [
                9,
                17
              ],
              "inflate": 0
            },
            {
              "origin": [
                -2.0,
                89.73948,
                10.08251
              ],
              "size": [
                4.0,
                5.0,
                4.0
              ],
              "pivot": [
                0.0,
                92.23948,
                12.08251
              ],
              "rotation": [
                7.5,
                0.0,
                0.0
              ],
              "uv": [
                0,
                6
              ],
              "inflate": 0
            },
            {
              "origin": [
                -4.5,
                54.96645,
                12.0022
              ],
              "size": [
                9.0,
                8.0,
                8.0
              ],
              "pivot": [
                0.0,
                58.96645,
                16.0022
              ],
              "rotation": [
                7.5,
                0.0,
                0.0
              ],
              "uv": [
                62,
                103
              ],
              "inflate": 0
            },
            {
              "origin": [
                -7.5,
                53.62763,
                20.08995
              ],
              "size": [
                15.0,
                10.0,
                2.0
              ],
              "pivot": [
                0.0,
                58.62763,
                21.08995
              ],
              "rotation": [
                7.5,
                0.0,
                0.0
              ],
              "uv": [
                110,
                70
              ],
              "inflate": 0
            },
            {
              "origin": [
                -7.5,
                49.8957,
                20.56352
              ],
              "size": [
                15.0,
                4.0,
                2.0
              ],
              "pivot": [
                0.0,
                51.8957,
                21.56352
              ],
              "rotation": [
                -5.0,
                0.0,
                0.0
              ],
              "uv": [
                63,
                18
              ],
              "inflate": 0
            },
            {
              "origin": [
                -5.5,
                53.53066,
                -0.90369
              ],
              "size": [
                11.0,
                8.0,
                14.0
              ],
              "pivot": [
                0.0,
                57.53066,
                6.09631
              ],
              "rotation": [
                7.5,
                0.0,
                0.0
              ],
              "uv": [
                57,
                29
              ],
              "inflate": 0
            },
            {
              "origin": [
                -5.5,
                50.7924,
                -7.15351
              ],
              "size": [
                11.0,
                11.0,
                6.0
              ],
              "pivot": [
                0.0,
                56.2924,
                -4.15351
              ],
              "rotation": [
                40.0,
                0.0,
                0.0
              ],
              "uv": [
                93,
                18
              ],
              "inflate": 0
            },
            {
              "origin": [
                -2.5,
                43.43369,
                -10.89734
              ],
              "size": [
                5.0,
                15.0,
                0.0
              ],
              "uv": [
                0,
                29
              ],
              "inflate": 0
            },
            {
              "origin": [
                -6.5,
                44.0,
                -3.5
              ],
              "size": [
                13.0,
                13.0,
                9.0
              ],
              "uv": [
                45,
                81
              ],
              "inflate": 0
            },
            {
              "origin": [
                -6.76,
                36.88,
                -3.68
              ],
              "size": [
                13.52,
                7.24,
                9.36
              ],
              "uv": [
                0,
                89
              ],
              "inflate": 0
            }
          ],
          "parent": "Root"
        },
        {
          "name": "Neck",
          "pivot": [
            0.02,
            63.88,
            0.44
          ],
          "cubes": [
            {
              "origin": [
                -3.48,
                62.88,
                -2.56
              ],
              "size": [
                7.0,
                14.0,
                6.0
              ],
              "uv": [
                96,
                108
              ],
              "inflate": 0
            }
          ],
          "parent": "Body"
        },
        {
          "name": "Head",
          "pivot": [
            0,
            77,
            0.5
          ],
          "cubes": [
            {
              "origin": [
                -7.0,
                77.0,
                -6.0
              ],
              "size": [
                14.0,
                16.0,
                13.0
              ],
              "uv": [
                0,
                60
              ],
              "inflate": 0
            }
          ],
          "parent": "Neck"
        },
        {
          "name": "Rightarm",
          "pivot": [
            -7,
            64.5,
            1
          ],
          "cubes": [
            {
              "origin": [
                -13.24,
                45.2,
                -2.24
              ],
              "size": [
                6.48,
                20.6,
                6.48
              ],
              "uv": [
                0,
                105
              ],
              "inflate": 0
            }
          ],
          "parent": "Body"
        },
        {
          "name": "bone",
          "pivot": [
            -10,
            45.5,
            1
          ],
          "cubes": [
            {
              "origin": [
                -13.0,
                26.0,
                -2.0
              ],
              "size": [
                6.0,
                20.0,
                6.0
              ],
              "uv": [
                38,
                103
              ],
              "inflate": 0
            },
            {
              "origin": [
                -13.0,
                14.02283,
                3.52293
              ],
              "size": [
                2.0,
                12.0,
                1.0
              ],
              "pivot": [
                -12.0,
                20.02283,
                4.02293
              ],
              "rotation": [
                5.0,
                0.0,
                0.0
              ],
              "uv": [
                16,
                6
              ],
              "inflate": 0
            },
            {
              "origin": [
                -13.0,
                14.02283,
                -2.52293
              ],
              "size": [
                2.0,
                12.0,
                1.0
              ],
              "pivot": [
                -12.0,
                20.02283,
                -2.02293
              ],
              "rotation": [
                -5.0,
                0.0,
                0.0
              ],
              "uv": [
                16,
                6
              ],
              "inflate": 0
            },
            {
              "origin": [
                -8.95811,
                16.18092,
                -4.02606
              ],
              "size": [
                2.0,
                12.0,
                1.0
              ],
              "pivot": [
                -7.95811,
                22.18092,
                -3.52606
              ],
              "rotation": [
                -9.85108,
                -1.72794,
                -9.85108
              ],
              "uv": [
                16,
                6
              ],
              "inflate": 0
            },
            {
              "origin": [
                -13.0,
                14.00571,
                1.26172
              ],
              "size": [
                2.0,
                12.0,
                1.0
              ],
              "pivot": [
                -12.0,
                20.00571,
                1.76172
              ],
              "rotation": [
                2.5,
                0.0,
                0.0
              ],
              "uv": [
                16,
                6
              ],
              "inflate": 0
            },
            {
              "origin": [
                -12.97673,
                14.02275,
                -0.52147
              ],
              "size": [
                2.0,
                12.0,
                1.0
              ],
              "pivot": [
                -11.97673,
                20.02275,
                -0.02147
              ],
              "rotation": [
                -4.986,
                0.12754,
                -0.23423
              ],
              "uv": [
                16,
                6
              ],
              "inflate": 0
            }
          ],
          "parent": "Rightarm"
        },
        {
          "name": "Leftarm",
          "pivot": [
            7,
            64.5,
            1
          ],
          "cubes": [
            {
              "origin": [
                6.76,
                45.2,
                -2.24
              ],
              "size": [
                6.48,
                20.6,
                6.48
              ],
              "uv": [
                0,
                105
              ],
              "inflate": 0,
              "mirror": true
            }
          ],
          "parent": "Body"
        },
        {
          "name": "bone3",
          "pivot": [
            10,
            45.5,
            1
          ],
          "cubes": [
            {
              "origin": [
                7.0,
                26.0,
                -2.0
              ],
              "size": [
                6.0,
                20.0,
                6.0
              ],
              "uv": [
                38,
                103
              ],
              "inflate": 0,
              "mirror": true
            },
            {
              "origin": [
                11.0,
                14.02283,
                3.52293
              ],
              "size": [
                2.0,
                12.0,
                1.0
              ],
              "pivot": [
                12.0,
                20.02283,
                4.02293
              ],
              "rotation": [
                5.0,
                0.0,
                0.0
              ],
              "uv": [
                16,
                6
              ],
              "inflate": 0,
              "mirror": true
            },
            {
              "origin": [
                11.0,
                14.02283,
                -2.52293
              ],
              "size": [
                2.0,
                12.0,
                1.0
              ],
              "pivot": [
                12.0,
                20.02283,
                -2.02293
              ],
              "rotation": [
                -5.0,
                0.0,
                0.0
              ],
              "uv": [
                16,
                6
              ],
              "inflate": 0,
              "mirror": true
            },
            {
              "origin": [
                6.95811,
                16.18092,
                -4.02606
              ],
              "size": [
                2.0,
                12.0,
                1.0
              ],
              "pivot": [
                7.95811,
                22.18092,
                -3.52606
              ],
              "rotation": [
                -9.85108,
                1.72794,
                9.85108
              ],
              "uv": [
                16,
                6
              ],
              "inflate": 0,
              "mirror": true
            },
            {
              "origin": [
                11.0,
                14.00571,
                1.26172
              ],
              "size": [
                2.0,
                12.0,
                1.0
              ],
              "pivot": [
                12.0,
                20.00571,
                1.76172
              ],
              "rotation": [
                2.5,
                0.0,
                0.0
              ],
              "uv": [
                16,
                6
              ],
              "inflate": 0,
              "mirror": true
            },
            {
              "origin": [
                10.97673,
                14.02275,
                -0.52147
              ],
              "size": [
                2.0,
                12.0,
                1.0
              ],
              "pivot": [
                11.97673,
                20.02275,
                -0.02147
              ],
              "rotation": [
                -4.986,
                -0.12754,
                0.23423
              ],
              "uv": [
                16,
                6
              ],
              "inflate": 0,
              "mirror": true
            }
          ],
          "parent": "Leftarm"
        },
        {
          "name": "Rightleg",
          "pivot": [
            -4.5,
            38.5,
            1
          ],
          "cubes": [
            {
              "origin": [
                -8.0,
                20.0,
                -2.5
              ],
              "size": [
                7.0,
                19.0,
                7.0
              ],
              "uv": [
                100,
                44
              ],
              "inflate": 0
            }
          ],
          "parent": "Root"
        },
        {
          "name": "bone2",
          "pivot": [
            -4.5,
            20.5,
            1
          ],
          "cubes": [
            {
              "origin": [
                -8.28,
                0.24,
                -2.78
              ],
              "size": [
                7.56,
                20.52,
                7.56
              ],
              "uv": [
                89,
                81
              ],
              "inflate": 0
            }
          ],
          "parent": "Rightleg"
        },
        {
          "name": "Leftleg",
          "pivot": [
            4.5,
            38.5,
            1
          ],
          "cubes": [
            {
              "origin": [
                1.0,
                20.0,
                -2.5
              ],
              "size": [
                7.0,
                19.0,
                7.0
              ],
              "uv": [
                100,
                44
              ],
              "inflate": 0,
              "mirror": true
            }
          ],
          "parent": "Root"
        },
        {
          "name": "bone4",
          "pivot": [
            4.5,
            20.5,
            1
          ],
          "cubes": [
            {
              "origin": [
                0.72,
                0.24,
                -2.78
              ],
              "size": [
                7.56,
                20.52,
                7.56
              ],
              "uv": [
                89,
                81
              ],
              "inflate": 0,
              "mirror": true
            }
          ],
          "parent": "Leftleg"
        }
      ]
    }
  ]
}