{"format_version":"1.12.0","minecraft:geometry":[{"description":{"identifier":"geometry.yg_scientist_toilet","texture_width":128,"texture_height":128,"visible_bounds_width":4,"visible_bounds_height":3.5,"visible_bounds_offset":[0,1.25,0]},"bones":[{"name":"Root","pivot":[0,16,0]},{"name":"Body","parent":"Root","pivot":[0,0,0],"cubes":[{"origin":[-5,9,-6],"size":[10,2,11],"uv":[0,25]},{"origin":[-4.5,5,-5.5],"size":[9,4,10],"uv":[31,15]},{"origin":[-3,1,-3],"size":[6,4,6],"uv":[46,29]},{"origin":[-3.42,-0.07,-3.42],"size":[6.84,1.14,6.84],"uv":[38,7]},{"origin":[-6.5,7,4],"size":[13,19,6],"uv":[0,0]},{"origin":[-3.5,16,10],"size":[7,4,4],"uv":[48,46]},{"origin":[-2.5,11,10],"size":[5,5,2],"uv":[59,18]},{"origin":[-1,26,6],"size":[2,1,2],"uv":[0,31]}]},{"name":"bone2","parent":"Body","pivot":[0,18.5,12.5],"cubes":[{"origin":[-1.5,16,10],"size":[3,5,5],"pivot":[0,18.5,12.5],"rotation":[-17.5,0,0],"uv":[0,54]},{"origin":[-1,20.38271,13.2991],"size":[2,12,3],"pivot":[0,26.38271,14.7991],"rotation":[-17.5,0,0],"uv":[16,54]},{"origin":[-1.5,31.02855,14.99975],"size":[3,4,4],"pivot":[0,33.02855,16.99975],"rotation":[-17.5,0,0],"uv":[59,10]}]},{"name":"bone","parent":"bone2","pivot":[0,33.5,16.5],"cubes":[{"origin":[-1,32,2.5],"size":[2,3,14],"uv":[28,29]},{"origin":[-1.2996,31.5506,-0.9494],"size":[2.5992,3.8988,3.8988],"uv":[0,25]},{"origin":[-2.06,32.46932,-5.78889],"size":[1.12,3.36,6.72],"pivot":[-1.5,34.14932,-2.42889],"rotation":[-12.5,0,0],"uv":[56,57]},{"origin":[0.94,32.46932,-5.78889],"size":[1.12,3.36,6.72],"pivot":[1.5,34.14932,-2.42889],"rotation":[-12.5,0,0],"uv":[56,57],"mirror":true},{"origin":[-2,32.49849,-9.36932],"size":[1,3,5],"pivot":[-1.5,33.99849,-6.86932],"rotation":[20,0,0],"uv":[26,60]},{"origin":[1,32.49849,-9.36932],"size":[1,3,5],"pivot":[1.5,33.99849,-6.86932],"rotation":[20,0,0],"uv":[26,60],"mirror":true}]},{"name":"Neck","parent":"Body","pivot":[0,8,0],"cubes":[{"origin":[-2,7,-2],"size":[4,10,4],"uv":[32,46]}]},{"name":"Head","parent":"Neck","pivot":[0,16,0],"cubes":[{"origin":[-4,16,-4],"size":[8,8,8],"uv":[0,38]},{"origin":[-4.5,18.5,-4.2],"size":[9,2,5],"uv":[38,0]},{"origin":[3.55069,17,-2.13567],"size":[2,4,5],"pivot":[4.55069,19,0.36433],"rotation":[0,10,0],"uv":[48,54]}]},{"name":"Mouth","parent":"Head","pivot":[0,17,-4.1],"cubes":[{"origin":[-4.5,15,-4.1],"size":[9,4,0],"uv":[24,38]}]}]}]}