{
	"format_version": "1.12.0",
	"minecraft:geometry": [
		{
			"description": {
				"identifier": "geometry.yg_spider_toilet",
				"texture_width": 128,
				"texture_height": 128,
				"visible_bounds_width": 6,
				"visible_bounds_height": 4.5,
				"visible_bounds_offset": [0, 1.75, 0]
			},
			"bones": [
				{
					"name": "Root",
					"pivot": [0, 1, 0]
				},
				{
					"name": "Body",
					"parent": "Root",
					"pivot": [0, 21, 0],
					"cubes": [
						{"origin": [-5, 30, -6], "size": [10, 2, 11], "uv": [0, 0]},
						{"origin": [-4.5, 26, -5.5], "size": [9, 4, 10], "uv": [0, 13]},
						{"origin": [-3, 22, -3], "size": [6, 4, 6], "uv": [36, 35]},
						{"origin": [-3.42, 20.93, -3.42], "size": [6.84, 1.14, 6.84], "uv": [0, 44]},
						{"origin": [-5.5, 28, 4], "size": [11, 12, 5], "uv": [0, 27]},
						{"origin": [-1, 40, 5.5], "size": [2, 1, 2], "uv": [0, 4]},
						{"origin": [-1, 18, -9], "size": [3, 3, 10], "uv": [32, 3]},
						{"origin": [-1.5, 17, -3], "size": [4, 5, 5], "pivot": [0.5, 19.5, -0.5], "rotation": [45, 0, 0], "uv": [19, 47]},
						{"origin": [-1.21, 16.79, -8.42], "size": [3.42, 3.42, 6.84], "uv": [48, 0]},
						{"origin": [-0.5, 18.5, -19], "size": [2, 2, 10], "uv": [22, 35]}
					]
				},
				{
					"name": "Neck",
					"parent": "Body",
					"pivot": [0, 29, 0],
					"cubes": [
						{"origin": [-2, 28, -2], "size": [4, 10, 4], "uv": [42, 45]}
					]
				},
				{
					"name": "Head",
					"parent": "Neck",
					"pivot": [0, 37, 0],
					"cubes": [
						{"origin": [-4, 37, -4], "size": [8, 8, 8], "uv": [32, 19]},
						{"origin": [-2.5, 40.5, -4.1], "size": [1, 1, 0], "uv": [0, 0]},
						{"origin": [1.5, 40.5, -4.1], "size": [1, 1, 0], "uv": [0, 0], "mirror": true}
					]
				},
				{
					"name": "Mouth",
					"parent": "Head",
					"pivot": [0, 38, -4.1],
					"cubes": [
						{"origin": [-4.5, 36, -4.1], "size": [9, 4, 0], "uv": [48, 9]}
					]
				},
				{
					"name": "Leg",
					"parent": "Body",
					"pivot": [-4, 28, 0],
					"cubes": [
						{"origin": [-6, 27, -1], "size": [2, 2, 2], "uv": [0, 0]},
						{"origin": [-22, 27.5, -0.5], "size": [17, 1, 1], "pivot": [-6, 28, 0], "rotation": [0, 0, 27.5], "uv": [28, 16]},
						{"origin": [-22, 10.5, -0.5], "size": [1, 17, 1], "pivot": [-6, 28, 0], "rotation": [0, 0, 27.5], "uv": [4, 51]},
						{"origin": [-28.60267, 2.63606, -0.5], "size": [1, 20, 1], "pivot": [-12.60267, 23.13606, 0], "rotation": [0, 0, -10], "uv": [0, 51]},
						{"origin": [-28.16, 19.76452, -0.68], "size": [1.36, 1.36, 1.36], "pivot": [-27.86719, 20.44452, 0], "rotation": [-4.09479, -2.03698, 26.96934], "uv": [6, 0]},
						{"origin": [-28.7013, 17.68457, 0.98455], "size": [1.36, 3.36, 0], "pivot": [-28.0213, 19.36457, 0.98455], "rotation": [8.40521, -2.03698, 26.96934], "uv": [2, 7]},
						{"origin": [-28.58829, 17.75463, -0.95397], "size": [1.36, 3.36, 0], "pivot": [-27.90829, 19.43463, -0.95397], "rotation": [-11.59479, -2.03698, 26.96934], "uv": [2, 7]},
						{"origin": [-28.99234, 18.30457, -0.77416], "size": [0, 3.36, 1.36], "pivot": [-28.99234, 19.98457, -0.09416], "rotation": [-4.51691, -0.71281, 44.42463], "uv": [0, 6]},
						{"origin": [-27.16403, 17.30378, -0.70456], "size": [0, 3.36, 1.36], "pivot": [-27.16403, 18.98378, -0.02456], "rotation": [-3.79445, -2.55366, 19.48112], "uv": [0, 6]},
						{"origin": [-22.6754, 25.20287, -0.65], "size": [1.3, 1.3, 1.3], "pivot": [-1.8754, 25.85287, 0], "rotation": [0, 0, 27.5], "uv": [6, 0]}
					]
				},
				{
					"name": "Leg2",
					"parent": "Body",
					"pivot": [4, 28, 0],
					"cubes": [
						{"origin": [4, 27, -1], "size": [2, 2, 2], "uv": [0, 0], "mirror": true},
						{"origin": [4.15258, 30.96311, -0.5], "size": [17, 1, 1], "pivot": [12.65258, 31.46311, 0], "rotation": [0, 0, -27.5], "uv": [28, 16], "mirror": true},
						{"origin": [23.40441, 18.67401, -0.5], "size": [1, 17, 1], "pivot": [23.90441, 27.17401, 0], "rotation": [0, 0, -27.5], "uv": [4, 51], "mirror": true},
						{"origin": [25.54389, 0.10403, -0.5], "size": [1, 20, 1], "pivot": [26.04389, 10.10403, 0], "rotation": [0, 0, 10], "uv": [0, 51], "mirror": true},
						{"origin": [26.84233, 19.58903, -0.66624], "size": [1.36, 1.36, 1.36], "pivot": [27.52233, 20.26903, 0.01376], "rotation": [-4.09479, 2.03698, -26.96934], "uv": [6, 0], "mirror": true},
						{"origin": [27.3413, 17.68457, 0.98455], "size": [1.36, 3.36, 0], "pivot": [28.0213, 19.36457, 0.98455], "rotation": [8.40521, 2.03698, -26.96934], "uv": [2, 7], "mirror": true},
						{"origin": [27.22829, 17.75463, -0.95397], "size": [1.36, 3.36, 0], "pivot": [27.90829, 19.43463, -0.95397], "rotation": [-11.59479, 2.03698, -26.96934], "uv": [2, 7], "mirror": true},
						{"origin": [28.99234, 18.30457, -0.77416], "size": [0, 3.36, 1.36], "pivot": [28.99234, 19.98457, -0.09416], "rotation": [-4.51691, 0.71281, -44.42463], "uv": [0, 6], "mirror": true},
						{"origin": [27.16403, 17.30378, -0.70456], "size": [0, 3.36, 1.36], "pivot": [27.16403, 18.98378, -0.02456], "rotation": [-3.79445, 2.55366, -19.48112], "uv": [0, 6], "mirror": true},
						{"origin": [19.09867, 34.5071, -0.65], "size": [1.3, 1.3, 1.3], "pivot": [19.74867, 35.1571, 0], "rotation": [0, 0, -27.5], "uv": [6, 0], "mirror": true}
					]
				},
				{
					"name": "Leg3",
					"parent": "Body",
					"pivot": [0, 30, 9],
					"rotation": [0, -90, 0],
					"cubes": [
						{"origin": [0, 29, 8], "size": [2, 2, 2], "uv": [0, 0], "mirror": true},
						{"origin": [0.15258, 32.96311, 8.5], "size": [17, 1, 1], "pivot": [8.65258, 33.46311, 9], "rotation": [0, 0, -27.5], "uv": [28, 16], "mirror": true},
						{"origin": [19.40441, 20.67401, 8.5], "size": [1, 17, 1], "pivot": [19.90441, 29.17401, 9], "rotation": [0, 0, -27.5], "uv": [4, 51], "mirror": true},
						{"origin": [21.37024, 0.11923, 8.5], "size": [1, 22, 1], "pivot": [21.87024, 11.11923, 9], "rotation": [0, 0, 10], "uv": [37, 47]},
						{"origin": [22.84233, 21.58903, 8.33376], "size": [1.36, 1.36, 1.36], "pivot": [23.52233, 22.26903, 9.01376], "rotation": [-4.09479, 2.03698, -26.96934], "uv": [6, 0], "mirror": true},
						{"origin": [23.3413, 19.68457, 9.98455], "size": [1.36, 3.36, 0], "pivot": [24.0213, 21.36457, 9.98455], "rotation": [8.40521, 2.03698, -26.96934], "uv": [2, 7], "mirror": true},
						{"origin": [23.22829, 19.75463, 8.04603], "size": [1.36, 3.36, 0], "pivot": [23.90829, 21.43463, 8.04603], "rotation": [-11.59479, 2.03698, -26.96934], "uv": [2, 7], "mirror": true},
						{"origin": [24.99234, 20.30457, 8.22584], "size": [0, 3.36, 1.36], "pivot": [24.99234, 21.98457, 8.90584], "rotation": [-4.51691, 0.71281, -44.42463], "uv": [0, 6], "mirror": true},
						{"origin": [23.16403, 19.30378, 8.29544], "size": [0, 3.36, 1.36], "pivot": [23.16403, 20.98378, 8.97544], "rotation": [-3.79445, 2.55366, -19.48112], "uv": [0, 6], "mirror": true},
						{"origin": [15.09867, 36.5071, 8.35], "size": [1.3, 1.3, 1.3], "pivot": [15.74867, 37.1571, 9], "rotation": [0, 0, -27.5], "uv": [6, 0], "mirror": true}
					]
				}
			]
		}
	]
}