{
  "format_version": "1.12.0",
  "minecraft:geometry": [
    {
      "description": {
        "identifier": "geometry.yg_scientist_toilet_2",
        "texture_width": 128,
        "texture_height": 128,
        "visible_bounds_width": 5,
        "visible_bounds_height": 5.5,
        "visible_bounds_offset": [
          0,
          2.25,
          0
        ]
      },
      "bones": [
        {
          "name": "Root",
          "pivot": [
            0,
            31,
            0
          ]
        },
        {
          "name": "Body",
          "pivot": [
            0,
            15,
            0
          ],
          "cubes": [
            {
              "origin": [
                -5.0,
                24.0,
                -6.0
              ],
              "size": [
                10.0,
                2.0,
                11.0
              ],
              "uv": [
                0,
                25
              ],
              "inflate": 0
            },
            {
              "origin": [
                -13.89333,
                25.97398,
                -2.0
              ],
              "size": [
                9.0,
                1.0,
                5.0
              ],
              "pivot": [
                -9.39333,
                26.47398,
                0.5
              ],
              "rotation": [
                0.0,
                0.0,
                12.5
              ],
              "uv": [
                0,
                66
              ],
              "inflate": 0
            },
            {
              "origin": [
                4.89333,
                25.97398,
                -2.0
              ],
              "size": [
                9.0,
                1.0,
                5.0
              ],
              "pivot": [
                9.39333,
                26.47398,
                0.5
              ],
              "rotation": [
                0.0,
                0.0,
                -12.5
              ],
              "uv": [
                0,
                66
              ],
              "inflate": 0,
              "mirror": true
            },
            {
              "origin": [
                -11.67355,
                26.9161,
                0.5
              ],
              "size": [
                2.0,
                1.0,
                0.0
              ],
              "pivot": [
                -10.67355,
                27.4161,
                0.5
              ],
              "rotation": [
                0.0,
                0.0,
                -27.5
              ],
              "uv": [
                37,
                28
              ],
              "inflate": 0
            },
            {
              "origin": [
                9.67355,
                26.9161,
                0.5
              ],
              "size": [
                2.0,
                1.0,
                0.0
              ],
              "pivot": [
                10.67355,
                27.4161,
                0.5
              ],
              "rotation": [
                0.0,
                0.0,
                27.5
              ],
              "uv": [
                37,
                28
              ],
              "inflate": 0,
              "mirror": true
            },
            {
              "origin": [
                -8.61705,
                26.68522,
                0.5
              ],
              "size": [
                3.0,
                1.0,
                0.0
              ],
              "pivot": [
                -7.11705,
                27.18522,
                0.5
              ],
              "rotation": [
                0.0,
                0.0,
                -27.5
              ],
              "uv": [
                37,
                25
              ],
              "inflate": 0
            },
            {
              "origin": [
                5.61705,
                26.68522,
                0.5
              ],
              "size": [
                3.0,
                1.0,
                0.0
              ],
              "pivot": [
                7.11705,
                27.18522,
                0.5
              ],
              "rotation": [
                0.0,
                0.0,
                27.5
              ],
              "uv": [
                37,
                25
              ],
              "inflate": 0,
              "mirror": true
            },
            {
              "origin": [
                -13.93761,
                25.77424,
                2.86808
              ],
              "size": [
                9.0,
                1.0,
                2.0
              ],
              "pivot": [
                -9.43761,
                26.27424,
                3.86808
              ],
              "rotation": [
                -12.5,
                0.0,
                12.5
              ],
              "uv": [
                66,
                0
              ],
              "inflate": 0
            },
            {
              "origin": [
                4.93761,
                25.77424,
                2.86808
              ],
              "size": [
                9.0,
                1.0,
                2.0
              ],
              "pivot": [
                9.43761,
                26.27424,
                3.86808
              ],
              "rotation": [
                -12.5,
                0.0,
                -12.5
              ],
              "uv": [
                66,
                0
              ],
              "inflate": 0,
              "mirror": true
            },
            {
              "origin": [
                -13.93761,
                25.77424,
                -3.86808
              ],
              "size": [
                9.0,
                1.0,
                2.0
              ],
              "pivot": [
                -9.43761,
                26.27424,
                -2.86808
              ],
              "rotation": [
                12.5,
                0.0,
                12.5
              ],
              "uv": [
                66,
                3
              ],
              "inflate": 0
            },
            {
              "origin": [
                4.93761,
                25.77424,
                -3.86808
              ],
              "size": [
                9.0,
                1.0,
                2.0
              ],
              "pivot": [
                9.43761,
                26.27424,
                -2.86808
              ],
              "rotation": [
                12.5,
                0.0,
                -12.5
              ],
              "uv": [
                66,
                3
              ],
              "inflate": 0,
              "mirror": true
            },
            {
              "origin": [
                -4.5,
                20.0,
                -5.5
              ],
              "size": [
                9.0,
                4.0,
                10.0
              ],
              "uv": [
                38,
                0
              ],
              "inflate": 0
            },
            {
              "origin": [
                -5.5,
                17.0,
                -9.5
              ],
              "size": [
                11.0,
                10.0,
                4.0
              ],
              "uv": [
                56,
                54
              ],
              "inflate": 0
            },
            {
              "origin": [
                -4.1,
                24.4,
                -9.6
              ],
              "size": [
                1.2,
                1.2,
                0.0
              ],
              "uv": [
                31,
                30
              ],
              "inflate": 0
            },
            {
              "origin": [
                -0.6,
                24.4,
                -9.6
              ],
              "size": [
                1.2,
                1.2,
                0.0
              ],
              "uv": [
                31,
                30
              ],
              "inflate": 0
            },
            {
              "origin": [
                -0.6,
                21.4,
                -9.6
              ],
              "size": [
                1.2,
                1.2,
                0.0
              ],
              "uv": [
                31,
                30
              ],
              "inflate": 0
            },
            {
              "origin": [
                -0.6,
                18.4,
                -9.6
              ],
              "size": [
                1.2,
                1.2,
                0.0
              ],
              "uv": [
                31,
                30
              ],
              "inflate": 0
            },
            {
              "origin": [
                2.9,
                24.4,
                -9.6
              ],
              "size": [
                1.2,
                1.2,
                0.0
              ],
              "uv": [
                31,
                30
              ],
              "inflate": 0
            },
            {
              "origin": [
                -4.1,
                21.4,
                -9.6
              ],
              "size": [
                1.2,
                1.2,
                0.0
              ],
              "uv": [
                31,
                30
              ],
              "inflate": 0
            },
            {
              "origin": [
                2.9,
                21.4,
                -9.6
              ],
              "size": [
                1.2,
                1.2,
                0.0
              ],
              "uv": [
                31,
                30
              ],
              "inflate": 0
            },
            {
              "origin": [
                -4.1,
                18.4,
                -9.6
              ],
              "size": [
                1.2,
                1.2,
                0.0
              ],
              "uv": [
                31,
                30
              ],
              "inflate": 0
            },
            {
              "origin": [
                2.9,
                18.4,
                -9.6
              ],
              "size": [
                1.2,
                1.2,
                0.0
              ],
              "uv": [
                31,
                30
              ],
              "inflate": 0
            },
            {
              "origin": [
                -9.5,
                19.0,
                -8.5
              ],
              "size": [
                5.0,
                7.0,
                5.0
              ],
              "pivot": [
                -7.0,
                22.5,
                -6.0
              ],
              "rotation": [
                0.0,
                37.5,
                0.0
              ],
              "uv": [
                51,
                68
              ],
              "inflate": 0
            },
            {
              "origin": [
                4.5,
                19.0,
                -8.5
              ],
              "size": [
                5.0,
                7.0,
                5.0
              ],
              "pivot": [
                7.0,
                22.5,
                -6.0
              ],
              "rotation": [
                0.0,
                -37.5,
                0.0
              ],
              "uv": [
                51,
                68
              ],
              "inflate": 0,
              "mirror": true
            },
            {
              "origin": [
                -9.58278,
                20.5,
                -8.06272
              ],
              "size": [
                2.0,
                2.0,
                0.0
              ],
              "pivot": [
                -8.58278,
                21.5,
                -8.06272
              ],
              "rotation": [
                0.0,
                37.5,
                0.0
              ],
              "uv": [
                37,
                26
              ],
              "inflate": 0
            },
            {
              "origin": [
                7.58278,
                20.5,
                -8.06272
              ],
              "size": [
                2.0,
                2.0,
                0.0
              ],
              "pivot": [
                8.58278,
                21.5,
                -8.06272
              ],
              "rotation": [
                0.0,
                -37.5,
                0.0
              ],
              "uv": [
                37,
                26
              ],
              "inflate": 0,
              "mirror": true
            },
            {
              "origin": [
                -4.0,
                14.0,
                -5.0
              ],
              "size": [
                8.0,
                6.0,
                9.0
              ],
              "uv": [
                32,
                39
              ],
              "inflate": 0
            },
            {
              "origin": [
                -4.0,
                13.89572,
                3.3884
              ],
              "size": [
                8.0,
                9.0,
                4.0
              ],
              "pivot": [
                0.0,
                18.39572,
                5.3884
              ],
              "rotation": [
                -5.0,
                0.0,
                0.0
              ],
              "uv": [
                58,
                25
              ],
              "inflate": 0
            },
            {
              "origin": [
                -4.42,
                12.93,
                -5.42
              ],
              "size": [
                8.84,
                1.14,
                12.84
              ],
              "uv": [
                30,
                26
              ],
              "inflate": 0
            },
            {
              "origin": [
                -6.5,
                22.0,
                4.0
              ],
              "size": [
                13.0,
                19.0,
                6.0
              ],
              "uv": [
                0,
                0
              ],
              "inflate": 0
            },
            {
              "origin": [
                -21.76335,
                31.55192,
                6.09292
              ],
              "size": [
                23.0,
                2.0,
                0.0
              ],
              "pivot": [
                -10.26335,
                32.55192,
                6.09292
              ],
              "rotation": [
                0.78282,
                -0.05791,
                52.47917
              ],
              "uv": [
                38,
                23
              ],
              "inflate": 0
            },
            {
              "origin": [
                -1.23665,
                31.55192,
                6.09292
              ],
              "size": [
                23.0,
                2.0,
                0.0
              ],
              "pivot": [
                10.26335,
                32.55192,
                6.09292
              ],
              "rotation": [
                0.78282,
                0.05791,
                -52.47917
              ],
              "uv": [
                38,
                23
              ],
              "inflate": 0,
              "mirror": true
            },
            {
              "origin": [
                -7.0,
                40.0,
                3.5
              ],
              "size": [
                14.0,
                2.0,
                7.0
              ],
              "uv": [
                38,
                14
              ],
              "inflate": 0
            },
            {
              "origin": [
                -7.0,
                21.0,
                3.5
              ],
              "size": [
                14.0,
                19.0,
                2.0
              ],
              "uv": [
                0,
                38
              ],
              "inflate": 0
            },
            {
              "origin": [
                -1.0,
                42.0,
                6.0
              ],
              "size": [
                2.0,
                1.0,
                2.0
              ],
              "uv": [
                38,
                7
              ],
              "inflate": 0
            }
          ],
          "parent": "Root"
        },
        {
          "name": "Neck",
          "pivot": [
            0,
            23,
            0
          ],
          "cubes": [
            {
              "origin": [
                -2.0,
                22.0,
                -2.0
              ],
              "size": [
                4.0,
                10.0,
                4.0
              ],
              "uv": [
                24,
                70
              ],
              "inflate": 0
            }
          ],
          "parent": "Body"
        },
        {
          "name": "Head",
          "pivot": [
            0,
            31,
            0
          ],
          "cubes": [
            {
              "origin": [
                -4.0,
                31.0,
                -4.0
              ],
              "size": [
                8.0,
                8.0,
                8.0
              ],
              "uv": [
                24,
                54
              ],
              "inflate": 0
            },
            {
              "origin": [
                -4.5,
                33.5,
                -4.2
              ],
              "size": [
                9.0,
                2.0,
                5.0
              ],
              "uv": [
                57,
                39
              ],
              "inflate": 0
            },
            {
              "origin": [
                -5.63751,
                33.0,
                -1.14327
              ],
              "size": [
                2.0,
                3.0,
                4.0
              ],
              "pivot": [
                -4.63751,
                34.5,
                0.85673
              ],
              "rotation": [
                0.0,
                -10.0,
                0.0
              ],
              "uv": [
                0,
                72
              ],
              "inflate": 0
            },
            {
              "origin": [
                -6.55069,
                33.5,
                -3.13567
              ],
              "size": [
                2.0,
                2.0,
                5.0
              ],
              "uv": [
                71,
                68
              ],
              "inflate": 0
            }
          ],
          "parent": "Neck"
        },
        {
          "name": "Mouth",
          "pivot": [
            0,
            32,
            -4.1
          ],
          "cubes": [
            {
              "origin": [
                -4.5,
                30.0,
                -4.1
              ],
              "size": [
                9.0,
                4.0,
                0.0
              ],
              "uv": [
                66,
                6
              ],
              "inflate": 0
            }
          ],
          "parent": "Head"
        },
        {
          "name": "Rightarm",
          "pivot": [
            -4.5,
            23.5,
            0.5
          ],
          "cubes": [
            {
              "origin": [
                -10.0,
                23.0,
                0.0
              ],
              "size": [
                6.0,
                1.0,
                1.0
              ],
              "uv": [
                32,
                0
              ],
              "inflate": 0
            },
            {
              "origin": [
                -6.23,
                22.77,
                -0.23
              ],
              "size": [
                2.46,
                1.46,
                1.46
              ],
              "uv": [
                32,
                4
              ],
              "inflate": 0
            },
            {
              "origin": [
                -18.96962,
                21.6527,
                0.0
              ],
              "size": [
                5.0,
                1.0,
                1.0
              ],
              "pivot": [
                -16.46962,
                22.1527,
                0.5
              ],
              "rotation": [
                0.0,
                0.0,
                -10.0
              ],
              "uv": [
                32,
                2
              ],
              "inflate": 0
            },
            {
              "origin": [
                -20.12318,
                20.89731,
                -0.16
              ],
              "size": [
                1.32,
                1.32,
                1.32
              ],
              "pivot": [
                -19.46318,
                21.55731,
                0.5
              ],
              "rotation": [
                0.0,
                0.0,
                -5.0
              ],
              "uv": [
                31,
                25
              ],
              "inflate": 0
            },
            {
              "origin": [
                -8.38565,
                23.80982,
                0.5
              ],
              "size": [
                3.0,
                1.0,
                0.0
              ],
              "pivot": [
                -6.88565,
                24.30982,
                0.5
              ],
              "rotation": [
                0.0,
                0.0,
                37.5
              ],
              "uv": [
                31,
                35
              ],
              "inflate": 0
            },
            {
              "origin": [
                -18.80336,
                22.27756,
                0.5
              ],
              "size": [
                4.0,
                1.0,
                0.0
              ],
              "pivot": [
                -16.80336,
                22.77756,
                0.5
              ],
              "rotation": [
                0.0,
                0.0,
                17.5
              ],
              "uv": [
                0,
                35
              ],
              "inflate": 0
            },
            {
              "origin": [
                -18.24883,
                20.30183,
                0.5
              ],
              "size": [
                4.0,
                1.0,
                0.0
              ],
              "pivot": [
                -16.24883,
                20.80183,
                0.5
              ],
              "rotation": [
                0.0,
                0.0,
                -50.0
              ],
              "uv": [
                0,
                35
              ],
              "inflate": 0
            },
            {
              "origin": [
                -12.7589,
                21.90271,
                0.0
              ],
              "size": [
                3.0,
                2.0,
                1.0
              ],
              "pivot": [
                -11.2589,
                22.90271,
                0.5
              ],
              "rotation": [
                0.0,
                0.0,
                -15.0
              ],
              "uv": [
                38,
                4
              ],
              "inflate": 0
            },
            {
              "origin": [
                -14.67163,
                21.32398,
                -0.09
              ],
              "size": [
                2.36,
                2.36,
                1.18
              ],
              "pivot": [
                -13.49163,
                22.50398,
                0.5
              ],
              "rotation": [
                0.0,
                0.0,
                -2.5
              ],
              "uv": [
                0,
                0
              ],
              "inflate": 0
            }
          ],
          "parent": "Body"
        },
        {
          "name": "bone",
          "pivot": [
            -19.5,
            21.5,
            0
          ],
          "cubes": [
            {
              "origin": [
                -19.5,
                22.05673,
                -3.64848
              ],
              "size": [
                0.0,
                1.0,
                4.0
              ],
              "pivot": [
                -19.5,
                22.55673,
                -1.64848
              ],
              "rotation": [
                35.0,
                0.0,
                0.0
              ],
              "uv": [
                0,
                30
              ],
              "inflate": 0
            },
            {
              "origin": [
                -19.5,
                22.05673,
                -11.64848
              ],
              "size": [
                0.0,
                1.0,
                4.0
              ],
              "pivot": [
                -19.5,
                22.55673,
                -9.64848
              ],
              "rotation": [
                35.0,
                0.0,
                0.0
              ],
              "uv": [
                0,
                30
              ],
              "inflate": 0
            },
            {
              "origin": [
                -19.5,
                20.07116,
                -11.83759
              ],
              "size": [
                0.0,
                1.0,
                3.0
              ],
              "pivot": [
                -19.5,
                20.57116,
                -10.33759
              ],
              "rotation": [
                -55.0,
                0.0,
                0.0
              ],
              "uv": [
                0,
                0
              ],
              "inflate": 0
            },
            {
              "origin": [
                -20.0,
                21.0,
                -5.0
              ],
              "size": [
                1.0,
                1.0,
                6.0
              ],
              "uv": [
                66,
                46
              ],
              "inflate": 0
            },
            {
              "origin": [
                -20.1,
                20.31292,
                -7.94815
              ],
              "size": [
                1.2,
                1.2,
                3.6
              ],
              "pivot": [
                -19.5,
                20.91292,
                -6.14815
              ],
              "rotation": [
                25.0,
                0.0,
                0.0
              ],
              "uv": [
                31,
                30
              ],
              "inflate": 0
            },
            {
              "origin": [
                -20.0,
                20.32644,
                -11.09875
              ],
              "size": [
                1.0,
                1.0,
                4.0
              ],
              "pivot": [
                -19.5,
                20.82644,
                -9.09875
              ],
              "rotation": [
                -15.0,
                0.0,
                0.0
              ],
              "uv": [
                31,
                25
              ],
              "inflate": 0
            },
            {
              "origin": [
                -21.0,
                21.0,
                -13.0
              ],
              "size": [
                3.0,
                1.0,
                1.0
              ],
              "uv": [
                32,
                41
              ],
              "inflate": 0
            },
            {
              "origin": [
                -21.0,
                17.4779,
                -19.96578
              ],
              "size": [
                0.0,
                7.0,
                9.0
              ],
              "pivot": [
                -21.0,
                20.9779,
                -15.46578
              ],
              "rotation": [
                7.5,
                0.0,
                0.0
              ],
              "uv": [
                0,
                50
              ],
              "inflate": 0
            },
            {
              "origin": [
                -18.0,
                17.4779,
                -19.96578
              ],
              "size": [
                0.0,
                7.0,
                9.0
              ],
              "pivot": [
                -18.0,
                20.9779,
                -15.46578
              ],
              "rotation": [
                7.5,
                0.0,
                0.0
              ],
              "uv": [
                0,
                50
              ],
              "inflate": 0
            },
            {
              "origin": [
                -20.17,
                20.83,
                -12.51
              ],
              "size": [
                1.34,
                1.34,
                3.02
              ],
              "uv": [
                31,
                30
              ],
              "inflate": 0
            },
            {
              "origin": [
                -20.4514,
                20.5486,
                -13.9342
              ],
              "size": [
                1.9028,
                1.9028,
                2.8684
              ],
              "uv": [
                36,
                30
              ],
              "inflate": 0
            }
          ],
          "parent": "Rightarm"
        },
        {
          "name": "Leftarm",
          "pivot": [
            4.5,
            23.5,
            0.5
          ],
          "cubes": [
            {
              "origin": [
                4.0,
                23.0,
                0.0
              ],
              "size": [
                6.0,
                1.0,
                1.0
              ],
              "uv": [
                32,
                0
              ],
              "inflate": 0,
              "mirror": true
            },
            {
              "origin": [
                3.77,
                22.77,
                -0.23
              ],
              "size": [
                2.46,
                1.46,
                1.46
              ],
              "uv": [
                32,
                4
              ],
              "inflate": 0,
              "mirror": true
            },
            {
              "origin": [
                13.96962,
                21.6527,
                0.0
              ],
              "size": [
                5.0,
                1.0,
                1.0
              ],
              "pivot": [
                16.46962,
                22.1527,
                0.5
              ],
              "rotation": [
                0.0,
                0.0,
                10.0
              ],
              "uv": [
                32,
                2
              ],
              "inflate": 0,
              "mirror": true
            },
            {
              "origin": [
                18.80318,
                20.89731,
                -0.16
              ],
              "size": [
                1.32,
                1.32,
                1.32
              ],
              "pivot": [
                19.46318,
                21.55731,
                0.5
              ],
              "rotation": [
                0.0,
                0.0,
                5.0
              ],
              "uv": [
                31,
                25
              ],
              "inflate": 0,
              "mirror": true
            },
            {
              "origin": [
                5.38565,
                23.80982,
                0.5
              ],
              "size": [
                3.0,
                1.0,
                0.0
              ],
              "pivot": [
                6.88565,
                24.30982,
                0.5
              ],
              "rotation": [
                0.0,
                0.0,
                -37.5
              ],
              "uv": [
                31,
                35
              ],
              "inflate": 0,
              "mirror": true
            },
            {
              "origin": [
                14.80336,
                22.27756,
                0.5
              ],
              "size": [
                4.0,
                1.0,
                0.0
              ],
              "pivot": [
                16.80336,
                22.77756,
                0.5
              ],
              "rotation": [
                0.0,
                0.0,
                -17.5
              ],
              "uv": [
                0,
                35
              ],
              "inflate": 0,
              "mirror": true
            },
            {
              "origin": [
                14.24883,
                20.30183,
                0.5
              ],
              "size": [
                4.0,
                1.0,
                0.0
              ],
              "pivot": [
                16.24883,
                20.80183,
                0.5
              ],
              "rotation": [
                0.0,
                0.0,
                50.0
              ],
              "uv": [
                0,
                35
              ],
              "inflate": 0,
              "mirror": true
            },
            {
              "origin": [
                9.7589,
                21.90271,
                0.0
              ],
              "size": [
                3.0,
                2.0,
                1.0
              ],
              "pivot": [
                11.2589,
                22.90271,
                0.5
              ],
              "rotation": [
                0.0,
                0.0,
                15.0
              ],
              "uv": [
                38,
                4
              ],
              "inflate": 0,
              "mirror": true
            },
            {
              "origin": [
                12.31163,
                21.32398,
                -0.09
              ],
              "size": [
                2.36,
                2.36,
                1.18
              ],
              "pivot": [
                13.49163,
                22.50398,
                0.5
              ],
              "rotation": [
                0.0,
                0.0,
                2.5
              ],
              "uv": [
                0,
                0
              ],
              "inflate": 0,
              "mirror": true
            }
          ],
          "parent": "Body"
        },
        {
          "name": "bone2",
          "pivot": [
            19.5,
            21.5,
            0
          ],
          "cubes": [
            {
              "origin": [
                19.5,
                22.05673,
                -3.64848
              ],
              "size": [
                0.0,
                1.0,
                4.0
              ],
              "pivot": [
                19.5,
                22.55673,
                -1.64848
              ],
              "rotation": [
                35.0,
                0.0,
                0.0
              ],
              "uv": [
                0,
                30
              ],
              "inflate": 0,
              "mirror": true
            },
            {
              "origin": [
                19.5,
                22.05673,
                -11.64848
              ],
              "size": [
                0.0,
                1.0,
                4.0
              ],
              "pivot": [
                19.5,
                22.55673,
                -9.64848
              ],
              "rotation": [
                35.0,
                0.0,
                0.0
              ],
              "uv": [
                0,
                30
              ],
              "inflate": 0,
              "mirror": true
            },
            {
              "origin": [
                19.5,
                20.07116,
                -11.83759
              ],
              "size": [
                0.0,
                1.0,
                3.0
              ],
              "pivot": [
                19.5,
                20.57116,
                -10.33759
              ],
              "rotation": [
                -55.0,
                0.0,
                0.0
              ],
              "uv": [
                0,
                0
              ],
              "inflate": 0,
              "mirror": true
            },
            {
              "origin": [
                19.0,
                21.0,
                -5.0
              ],
              "size": [
                1.0,
                1.0,
                6.0
              ],
              "uv": [
                66,
                46
              ],
              "inflate": 0,
              "mirror": true
            },
            {
              "origin": [
                18.9,
                20.31292,
                -7.94815
              ],
              "size": [
                1.2,
                1.2,
                3.6
              ],
              "pivot": [
                19.5,
                20.91292,
                -6.14815
              ],
              "rotation": [
                25.0,
                0.0,
                0.0
              ],
              "uv": [
                31,
                30
              ],
              "inflate": 0,
              "mirror": true
            },
            {
              "origin": [
                19.0,
                20.32644,
                -11.09875
              ],
              "size": [
                1.0,
                1.0,
                4.0
              ],
              "pivot": [
                19.5,
                20.82644,
                -9.09875
              ],
              "rotation": [
                -15.0,
                0.0,
                0.0
              ],
              "uv": [
                31,
                25
              ],
              "inflate": 0,
              "mirror": true
            },
            {
              "origin": [
                18.0,
                21.0,
                -13.0
              ],
              "size": [
                3.0,
                1.0,
                1.0
              ],
              "uv": [
                32,
                41
              ],
              "inflate": 0,
              "mirror": true
            },
            {
              "origin": [
                21.0,
                17.4779,
                -19.96578
              ],
              "size": [
                0.0,
                7.0,
                9.0
              ],
              "pivot": [
                21.0,
                20.9779,
                -15.46578
              ],
              "rotation": [
                7.5,
                0.0,
                0.0
              ],
              "uv": [
                0,
                50
              ],
              "inflate": 0,
              "mirror": true
            },
            {
              "origin": [
                18.0,
                17.4779,
                -19.96578
              ],
              "size": [
                0.0,
                7.0,
                9.0
              ],
              "pivot": [
                18.0,
                20.9779,
                -15.46578
              ],
              "rotation": [
                7.5,
                0.0,
                0.0
              ],
              "uv": [
                0,
                50
              ],
              "inflate": 0,
              "mirror": true
            },
            {
              "origin": [
                18.83,
                20.83,
                -12.51
              ],
              "size": [
                1.34,
                1.34,
                3.02
              ],
              "uv": [
                31,
                30
              ],
              "inflate": 0,
              "mirror": true
            },
            {
              "origin": [
                18.5486,
                20.5486,
                -13.9342
              ],
              "size": [
                1.9028,
                1.9028,
                2.8684
              ],
              "uv": [
                36,
                30
              ],
              "inflate": 0,
              "mirror": true
            }
          ],
          "parent": "Leftarm"
        },
        {
          "name": "Leg",
          "pivot": [
            -4.5,
            18.5,
            -1.5
          ],
          "cubes": [
            {
              "origin": [
                -10.0,
                18.0,
                -2.0
              ],
              "size": [
                6.0,
                1.0,
                1.0
              ],
              "uv": [
                32,
                0
              ],
              "inflate": 0
            },
            {
              "origin": [
                -5.23,
                17.77,
                -2.23
              ],
              "size": [
                1.46,
                1.46,
                1.46
              ],
              "uv": [
                31,
                25
              ],
              "inflate": 0
            },
            {
              "origin": [
                -18.96962,
                16.6527,
                -2.0
              ],
              "size": [
                5.0,
                1.0,
                1.0
              ],
              "pivot": [
                -16.46962,
                17.1527,
                -1.5
              ],
              "rotation": [
                0.0,
                0.0,
                -10.0
              ],
              "uv": [
                32,
                2
              ],
              "inflate": 0
            },
            {
              "origin": [
                -21.4604,
                15.44105,
                -2.0
              ],
              "size": [
                3.0,
                1.0,
                1.0
              ],
              "pivot": [
                -19.9604,
                15.94105,
                -1.5
              ],
              "rotation": [
                0.0,
                0.0,
                -35.0
              ],
              "uv": [
                32,
                39
              ],
              "inflate": 0
            },
            {
              "origin": [
                -22.82852,
                14.79735,
                -2.0
              ],
              "size": [
                2.0,
                1.0,
                1.0
              ],
              "pivot": [
                -21.82852,
                15.29735,
                -1.5
              ],
              "rotation": [
                0.0,
                0.0,
                7.5
              ],
              "uv": [
                0,
                4
              ],
              "inflate": 0
            },
            {
              "origin": [
                -26.05641,
                15.18084,
                -1.53139
              ],
              "size": [
                5.0,
                1.0,
                0.0
              ],
              "pivot": [
                -23.55641,
                15.68084,
                -1.53139
              ],
              "rotation": [
                5.63362,
                -3.06218,
                -47.33907
              ],
              "uv": [
                31,
                34
              ],
              "inflate": 0
            },
            {
              "origin": [
                -24.51325,
                7.21078,
                -2.0
              ],
              "size": [
                2.0,
                8.0,
                1.0
              ],
              "pivot": [
                -23.51325,
                11.21078,
                -1.5
              ],
              "rotation": [
                0.0,
                0.0,
                7.5
              ],
              "uv": [
                0,
                25
              ],
              "inflate": 0
            },
            {
              "origin": [
                -24.07653,
                -1.30137,
                -1.5
              ],
              "size": [
                2.0,
                9.0,
                0.0
              ],
              "pivot": [
                -23.07653,
                3.19863,
                -1.5
              ],
              "rotation": [
                0.0,
                0.0,
                -12.5
              ],
              "uv": [
                6,
                25
              ],
              "inflate": 0
            },
            {
              "origin": [
                -23.78752,
                14.82322,
                -2.31
              ],
              "size": [
                1.62,
                1.62,
                1.62
              ],
              "pivot": [
                -22.97752,
                15.63322,
                -1.5
              ],
              "rotation": [
                0.0,
                0.0,
                37.5
              ],
              "uv": [
                31,
                27
              ],
              "inflate": 0
            },
            {
              "origin": [
                -20.12318,
                15.89731,
                -2.16
              ],
              "size": [
                1.32,
                1.32,
                1.32
              ],
              "pivot": [
                -19.46318,
                16.55731,
                -1.5
              ],
              "rotation": [
                0.0,
                0.0,
                -80.0
              ],
              "uv": [
                31,
                25
              ],
              "inflate": 0
            },
            {
              "origin": [
                -8.38565,
                18.80982,
                -1.5
              ],
              "size": [
                3.0,
                1.0,
                0.0
              ],
              "pivot": [
                -6.88565,
                19.30982,
                -1.5
              ],
              "rotation": [
                0.0,
                0.0,
                37.5
              ],
              "uv": [
                31,
                35
              ],
              "inflate": 0
            },
            {
              "origin": [
                -18.80336,
                17.27756,
                -1.5
              ],
              "size": [
                4.0,
                1.0,
                0.0
              ],
              "pivot": [
                -16.80336,
                17.77756,
                -1.5
              ],
              "rotation": [
                0.0,
                0.0,
                17.5
              ],
              "uv": [
                0,
                35
              ],
              "inflate": 0
            },
            {
              "origin": [
                -18.24883,
                15.30183,
                -1.5
              ],
              "size": [
                4.0,
                1.0,
                0.0
              ],
              "pivot": [
                -16.24883,
                15.80183,
                -1.5
              ],
              "rotation": [
                0.0,
                0.0,
                -50.0
              ],
              "uv": [
                0,
                35
              ],
              "inflate": 0
            },
            {
              "origin": [
                -12.7589,
                16.90271,
                -2.0
              ],
              "size": [
                3.0,
                2.0,
                1.0
              ],
              "pivot": [
                -11.2589,
                17.90271,
                -1.5
              ],
              "rotation": [
                0.0,
                0.0,
                -15.0
              ],
              "uv": [
                38,
                4
              ],
              "inflate": 0
            },
            {
              "origin": [
                -14.67163,
                16.32398,
                -2.09
              ],
              "size": [
                2.36,
                2.36,
                1.18
              ],
              "pivot": [
                -13.49163,
                17.50398,
                -1.5
              ],
              "rotation": [
                0.0,
                0.0,
                -2.5
              ],
              "uv": [
                0,
                0
              ],
              "inflate": 0
            }
          ],
          "parent": "Root"
        },
        {
          "name": "Leg2",
          "pivot": [
            4.5,
            18.5,
            -1.5
          ],
          "cubes": [
            {
              "origin": [
                4.0,
                18.0,
                -2.0
              ],
              "size": [
                6.0,
                1.0,
                1.0
              ],
              "uv": [
                32,
                0
              ],
              "inflate": 0,
              "mirror": true
            },
            {
              "origin": [
                3.77,
                17.77,
                -2.23
              ],
              "size": [
                1.46,
                1.46,
                1.46
              ],
              "uv": [
                31,
                25
              ],
              "inflate": 0,
              "mirror": true
            },
            {
              "origin": [
                13.96962,
                16.6527,
                -2.0
              ],
              "size": [
                5.0,
                1.0,
                1.0
              ],
              "pivot": [
                16.46962,
                17.1527,
                -1.5
              ],
              "rotation": [
                0.0,
                0.0,
                10.0
              ],
              "uv": [
                32,
                2
              ],
              "inflate": 0,
              "mirror": true
            },
            {
              "origin": [
                18.4604,
                15.44105,
                -2.0
              ],
              "size": [
                3.0,
                1.0,
                1.0
              ],
              "pivot": [
                19.9604,
                15.94105,
                -1.5
              ],
              "rotation": [
                0.0,
                0.0,
                35.0
              ],
              "uv": [
                32,
                39
              ],
              "inflate": 0,
              "mirror": true
            },
            {
              "origin": [
                20.82852,
                14.79735,
                -2.0
              ],
              "size": [
                2.0,
                1.0,
                1.0
              ],
              "pivot": [
                21.82852,
                15.29735,
                -1.5
              ],
              "rotation": [
                0.0,
                0.0,
                -7.5
              ],
              "uv": [
                0,
                4
              ],
              "inflate": 0,
              "mirror": true
            },
            {
              "origin": [
                21.05641,
                15.18084,
                -1.53139
              ],
              "size": [
                5.0,
                1.0,
                0.0
              ],
              "pivot": [
                23.55641,
                15.68084,
                -1.53139
              ],
              "rotation": [
                5.63362,
                3.06218,
                47.33907
              ],
              "uv": [
                31,
                34
              ],
              "inflate": 0,
              "mirror": true
            },
            {
              "origin": [
                22.51325,
                7.21078,
                -2.0
              ],
              "size": [
                2.0,
                8.0,
                1.0
              ],
              "pivot": [
                23.51325,
                11.21078,
                -1.5
              ],
              "rotation": [
                0.0,
                0.0,
                -7.5
              ],
              "uv": [
                0,
                25
              ],
              "inflate": 0,
              "mirror": true
            },
            {
              "origin": [
                22.07653,
                -1.30137,
                -1.5
              ],
              "size": [
                2.0,
                9.0,
                0.0
              ],
              "pivot": [
                23.07653,
                3.19863,
                -1.5
              ],
              "rotation": [
                0.0,
                0.0,
                12.5
              ],
              "uv": [
                6,
                25
              ],
              "inflate": 0,
              "mirror": true
            },
            {
              "origin": [
                22.16752,
                14.82322,
                -2.31
              ],
              "size": [
                1.62,
                1.62,
                1.62
              ],
              "pivot": [
                22.97752,
                15.63322,
                -1.5
              ],
              "rotation": [
                0.0,
                0.0,
                -37.5
              ],
              "uv": [
                31,
                27
              ],
              "inflate": 0,
              "mirror": true
            },
            {
              "origin": [
                18.80318,
                15.89731,
                -2.16
              ],
              "size": [
                1.32,
                1.32,
                1.32
              ],
              "pivot": [
                19.46318,
                16.55731,
                -1.5
              ],
              "rotation": [
                0.0,
                0.0,
                80.0
              ],
              "uv": [
                31,
                25
              ],
              "inflate": 0,
              "mirror": true
            },
            {
              "origin": [
                5.38565,
                18.80982,
                -1.5
              ],
              "size": [
                3.0,
                1.0,
                0.0
              ],
              "pivot": [
                6.88565,
                19.30982,
                -1.5
              ],
              "rotation": [
                0.0,
                0.0,
                -37.5
              ],
              "uv": [
                31,
                35
              ],
              "inflate": 0,
              "mirror": true
            },
            {
              "origin": [
                14.80336,
                17.27756,
                -1.5
              ],
              "size": [
                4.0,
                1.0,
                0.0
              ],
              "pivot": [
                16.80336,
                17.77756,
                -1.5
              ],
              "rotation": [
                0.0,
                0.0,
                -17.5
              ],
              "uv": [
                0,
                35
              ],
              "inflate": 0,
              "mirror": true
            },
            {
              "origin": [
                14.24883,
                15.30183,
                -1.5
              ],
              "size": [
                4.0,
                1.0,
                0.0
              ],
              "pivot": [
                16.24883,
                15.80183,
                -1.5
              ],
              "rotation": [
                0.0,
                0.0,
                50.0
              ],
              "uv": [
                0,
                35
              ],
              "inflate": 0,
              "mirror": true
            },
            {
              "origin": [
                9.7589,
                16.90271,
                -2.0
              ],
              "size": [
                3.0,
                2.0,
                1.0
              ],
              "pivot": [
                11.2589,
                17.90271,
                -1.5
              ],
              "rotation": [
                0.0,
                0.0,
                15.0
              ],
              "uv": [
                38,
                4
              ],
              "inflate": 0,
              "mirror": true
            },
            {
              "origin": [
                12.31163,
                16.32398,
                -2.09
              ],
              "size": [
                2.36,
                2.36,
                1.18
              ],
              "pivot": [
                13.49163,
                17.50398,
                -1.5
              ],
              "rotation": [
                0.0,
                0.0,
                2.5
              ],
              "uv": [
                0,
                0
              ],
              "inflate": 0,
              "mirror": true
            }
          ],
          "parent": "Root"
        },
        {
          "name": "Leg3",
          "pivot": [
            4.5,
            18.5,
            5.5
          ],
          "cubes": [
            {
              "origin": [
                4.0,
                18.0,
                5.0
              ],
              "size": [
                6.0,
                1.0,
                1.0
              ],
              "uv": [
                32,
                0
              ],
              "inflate": 0,
              "mirror": true
            },
            {
              "origin": [
                3.77,
                17.77,
                4.77
              ],
              "size": [
                1.46,
                1.46,
                1.46
              ],
              "uv": [
                31,
                25
              ],
              "inflate": 0,
              "mirror": true
            },
            {
              "origin": [
                13.96962,
                16.6527,
                5.0
              ],
              "size": [
                5.0,
                1.0,
                1.0
              ],
              "pivot": [
                16.46962,
                17.1527,
                5.5
              ],
              "rotation": [
                0.0,
                0.0,
                10.0
              ],
              "uv": [
                32,
                2
              ],
              "inflate": 0,
              "mirror": true
            },
            {
              "origin": [
                18.4604,
                15.44105,
                5.0
              ],
              "size": [
                3.0,
                1.0,
                1.0
              ],
              "pivot": [
                19.9604,
                15.94105,
                5.5
              ],
              "rotation": [
                0.0,
                0.0,
                35.0
              ],
              "uv": [
                32,
                39
              ],
              "inflate": 0,
              "mirror": true
            },
            {
              "origin": [
                20.82852,
                14.79735,
                5.0
              ],
              "size": [
                2.0,
                1.0,
                1.0
              ],
              "pivot": [
                21.82852,
                15.29735,
                5.5
              ],
              "rotation": [
                0.0,
                0.0,
                -7.5
              ],
              "uv": [
                0,
                4
              ],
              "inflate": 0,
              "mirror": true
            },
            {
              "origin": [
                21.05641,
                15.18084,
                5.46861
              ],
              "size": [
                5.0,
                1.0,
                0.0
              ],
              "pivot": [
                23.55641,
                15.68084,
                5.46861
              ],
              "rotation": [
                5.63362,
                3.06218,
                47.33907
              ],
              "uv": [
                31,
                34
              ],
              "inflate": 0,
              "mirror": true
            },
            {
              "origin": [
                22.51325,
                7.21078,
                5.0
              ],
              "size": [
                2.0,
                8.0,
                1.0
              ],
              "pivot": [
                23.51325,
                11.21078,
                5.5
              ],
              "rotation": [
                0.0,
                0.0,
                -7.5
              ],
              "uv": [
                0,
                25
              ],
              "inflate": 0,
              "mirror": true
            },
            {
              "origin": [
                22.07653,
                -1.30137,
                5.5
              ],
              "size": [
                2.0,
                9.0,
                0.0
              ],
              "pivot": [
                23.07653,
                3.19863,
                5.5
              ],
              "rotation": [
                0.0,
                0.0,
                12.5
              ],
              "uv": [
                6,
                25
              ],
              "inflate": 0,
              "mirror": true
            },
            {
              "origin": [
                22.16752,
                14.82322,
                4.69
              ],
              "size": [
                1.62,
                1.62,
                1.62
              ],
              "pivot": [
                22.97752,
                15.63322,
                5.5
              ],
              "rotation": [
                0.0,
                0.0,
                -37.5
              ],
              "uv": [
                31,
                27
              ],
              "inflate": 0,
              "mirror": true
            },
            {
              "origin": [
                18.80318,
                15.89731,
                4.84
              ],
              "size": [
                1.32,
                1.32,
                1.32
              ],
              "pivot": [
                19.46318,
                16.55731,
                5.5
              ],
              "rotation": [
                0.0,
                0.0,
                80.0
              ],
              "uv": [
                31,
                25
              ],
              "inflate": 0,
              "mirror": true
            },
            {
              "origin": [
                5.38565,
                18.80982,
                5.5
              ],
              "size": [
                3.0,
                1.0,
                0.0
              ],
              "pivot": [
                6.88565,
                19.30982,
                5.5
              ],
              "rotation": [
                0.0,
                0.0,
                -37.5
              ],
              "uv": [
                31,
                35
              ],
              "inflate": 0,
              "mirror": true
            },
            {
              "origin": [
                14.80336,
                17.27756,
                5.5
              ],
              "size": [
                4.0,
                1.0,
                0.0
              ],
              "pivot": [
                16.80336,
                17.77756,
                5.5
              ],
              "rotation": [
                0.0,
                0.0,
                -17.5
              ],
              "uv": [
                0,
                35
              ],
              "inflate": 0,
              "mirror": true
            },
            {
              "origin": [
                14.24883,
                15.30183,
                5.5
              ],
              "size": [
                4.0,
                1.0,
                0.0
              ],
              "pivot": [
                16.24883,
                15.80183,
                5.5
              ],
              "rotation": [
                0.0,
                0.0,
                50.0
              ],
              "uv": [
                0,
                35
              ],
              "inflate": 0,
              "mirror": true
            },
            {
              "origin": [
                9.7589,
                16.90271,
                5.0
              ],
              "size": [
                3.0,
                2.0,
                1.0
              ],
              "pivot": [
                11.2589,
                17.90271,
                5.5
              ],
              "rotation": [
                0.0,
                0.0,
                15.0
              ],
              "uv": [
                38,
                4
              ],
              "inflate": 0,
              "mirror": true
            },
            {
              "origin": [
                12.31163,
                16.32398,
                4.91
              ],
              "size": [
                2.36,
                2.36,
                1.18
              ],
              "pivot": [
                13.49163,
                17.50398,
                5.5
              ],
              "rotation": [
                0.0,
                0.0,
                2.5
              ],
              "uv": [
                0,
                0
              ],
              "inflate": 0,
              "mirror": true
            }
          ],
          "parent": "Root"
        },
        {
          "name": "Leg4",
          "pivot": [
            -4.5,
            18.5,
            5.5
          ],
          "cubes": [
            {
              "origin": [
                -10.0,
                18.0,
                5.0
              ],
              "size": [
                6.0,
                1.0,
                1.0
              ],
              "uv": [
                32,
                0
              ],
              "inflate": 0
            },
            {
              "origin": [
                -5.23,
                17.77,
                4.77
              ],
              "size": [
                1.46,
                1.46,
                1.46
              ],
              "uv": [
                31,
                25
              ],
              "inflate": 0
            },
            {
              "origin": [
                -18.96962,
                16.6527,
                5.0
              ],
              "size": [
                5.0,
                1.0,
                1.0
              ],
              "pivot": [
                -16.46962,
                17.1527,
                5.5
              ],
              "rotation": [
                0.0,
                0.0,
                -10.0
              ],
              "uv": [
                32,
                2
              ],
              "inflate": 0
            },
            {
              "origin": [
                -21.4604,
                15.44105,
                5.0
              ],
              "size": [
                3.0,
                1.0,
                1.0
              ],
              "pivot": [
                -19.9604,
                15.94105,
                5.5
              ],
              "rotation": [
                0.0,
                0.0,
                -35.0
              ],
              "uv": [
                32,
                39
              ],
              "inflate": 0
            },
            {
              "origin": [
                -22.82852,
                14.79735,
                5.0
              ],
              "size": [
                2.0,
                1.0,
                1.0
              ],
              "pivot": [
                -21.82852,
                15.29735,
                5.5
              ],
              "rotation": [
                0.0,
                0.0,
                7.5
              ],
              "uv": [
                0,
                4
              ],
              "inflate": 0
            },
            {
              "origin": [
                -26.05641,
                15.18084,
                5.46861
              ],
              "size": [
                5.0,
                1.0,
                0.0
              ],
              "pivot": [
                -23.55641,
                15.68084,
                5.46861
              ],
              "rotation": [
                5.63362,
                -3.06218,
                -47.33907
              ],
              "uv": [
                31,
                34
              ],
              "inflate": 0
            },
            {
              "origin": [
                -24.51325,
                7.21078,
                5.0
              ],
              "size": [
                2.0,
                8.0,
                1.0
              ],
              "pivot": [
                -23.51325,
                11.21078,
                5.5
              ],
              "rotation": [
                0.0,
                0.0,
                7.5
              ],
              "uv": [
                0,
                25
              ],
              "inflate": 0
            },
            {
              "origin": [
                -24.07653,
                -1.30137,
                5.5
              ],
              "size": [
                2.0,
                9.0,
                0.0
              ],
              "pivot": [
                -23.07653,
                3.19863,
                5.5
              ],
              "rotation": [
                0.0,
                0.0,
                -12.5
              ],
              "uv": [
                6,
                25
              ],
              "inflate": 0
            },
            {
              "origin": [
                -23.78752,
                14.82322,
                4.69
              ],
              "size": [
                1.62,
                1.62,
                1.62
              ],
              "pivot": [
                -22.97752,
                15.63322,
                5.5
              ],
              "rotation": [
                0.0,
                0.0,
                37.5
              ],
              "uv": [
                31,
                27
              ],
              "inflate": 0
            },
            {
              "origin": [
                -20.12318,
                15.89731,
                4.84
              ],
              "size": [
                1.32,
                1.32,
                1.32
              ],
              "pivot": [
                -19.46318,
                16.55731,
                5.5
              ],
              "rotation": [
                0.0,
                0.0,
                -80.0
              ],
              "uv": [
                31,
                25
              ],
              "inflate": 0
            },
            {
              "origin": [
                -8.38565,
                18.80982,
                5.5
              ],
              "size": [
                3.0,
                1.0,
                0.0
              ],
              "pivot": [
                -6.88565,
                19.30982,
                5.5
              ],
              "rotation": [
                0.0,
                0.0,
                37.5
              ],
              "uv": [
                31,
                35
              ],
              "inflate": 0
            },
            {
              "origin": [
                -18.80336,
                17.27756,
                5.5
              ],
              "size": [
                4.0,
                1.0,
                0.0
              ],
              "pivot": [
                -16.80336,
                17.77756,
                5.5
              ],
              "rotation": [
                0.0,
                0.0,
                17.5
              ],
              "uv": [
                0,
                35
              ],
              "inflate": 0
            },
            {
              "origin": [
                -18.24883,
                15.30183,
                5.5
              ],
              "size": [
                4.0,
                1.0,
                0.0
              ],
              "pivot": [
                -16.24883,
                15.80183,
                5.5
              ],
              "rotation": [
                0.0,
                0.0,
                -50.0
              ],
              "uv": [
                0,
                35
              ],
              "inflate": 0
            },
            {
              "origin": [
                -12.7589,
                16.90271,
                5.0
              ],
              "size": [
                3.0,
                2.0,
                1.0
              ],
              "pivot": [
                -11.2589,
                17.90271,
                5.5
              ],
              "rotation": [
                0.0,
                0.0,
                -15.0
              ],
              "uv": [
                38,
                4
              ],
              "inflate": 0
            },
            {
              "origin": [
                -14.67163,
                16.32398,
                4.91
              ],
              "size": [
                2.36,
                2.36,
                1.18
              ],
              "pivot": [
                -13.49163,
                17.50398,
                5.5
              ],
              "rotation": [
                0.0,
                0.0,
                -2.5
              ],
              "uv": [
                0,
                0
              ],
              "inflate": 0
            }
          ],
          "parent": "Root"
        }
      ]
    }
  ]
}