{"format_version":"1.12.0","minecraft:geometry":[{"description":{"identifier":"geometry.yg_saw_toilet","texture_width":128,"texture_height":128,"visible_bounds_width":3,"visible_bounds_height":3.5,"visible_bounds_offset":[0,1.25,0]},"bones":[{"name":"Root","pivot":[0,16,0]},{"name":"Body","parent":"Root","pivot":[0,0,0],"cubes":[{"origin":[-5,9,-6],"size":[10,2,11],"uv":[0,0]},{"origin":[-4.5,5,-5.5],"size":[9,4,10],"uv":[0,13]},{"origin":[-4.5,6,-7.5],"size":[9,5,1],"uv":[0,44]},{"origin":[-3.28733,6,-6.34883],"size":[2,5,1],"pivot":[-5.78733,0,1.15117],"rotation":[0,22.5,0],"uv":[31,0]},{"origin":[-3.86255,9.81918,-7.73754],"size":[2,2,1],"pivot":[-6.36255,1.81918,-0.23754],"rotation":[-10,22.5,0],"uv":[16,55]},{"origin":[1.86255,9.81918,-7.73754],"size":[2,2,1],"pivot":[6.36255,1.81918,-0.23754],"rotation":[-10,-22.5,0],"uv":[16,55],"mirror":true},{"origin":[-3.86255,5.18082,-7.73754],"size":[2,2,1],"pivot":[-6.36255,15.18082,-0.23754],"rotation":[10,22.5,0],"uv":[34,38]},{"origin":[1.86255,5.18082,-7.73754],"size":[2,2,1],"pivot":[6.36255,15.18082,-0.23754],"rotation":[10,-22.5,0],"uv":[34,38],"mirror":true},{"origin":[1.28733,6,-6.34883],"size":[2,5,1],"pivot":[5.78733,0,1.15117],"rotation":[0,-22.5,0],"uv":[31,0],"mirror":true},{"origin":[-4.5,9.78879,-8.65583],"size":[9,2,1],"pivot":[0,3.78879,-1.15583],"rotation":[-10,0,0],"uv":[19,52]},{"origin":[-4.5,5.21121,-8.65583],"size":[9,2,1],"pivot":[0,13.21121,-1.15583],"rotation":[10,0,0],"uv":[0,50]},{"origin":[-3,1,-3],"size":[6,4,6],"uv":[31,0]},{"origin":[-3.42,-0.07,-3.42],"size":[6.84,1.14,6.84],"uv":[34,35]},{"origin":[-5.5,7,4],"size":[11,12,5],"uv":[0,27]},{"origin":[-10.5,12,6],"size":[5,1,1],"uv":[34,42]},{"origin":[5.5,12,6],"size":[5,1,1],"uv":[34,42],"mirror":true},{"origin":[-11.5,11.5,5.5],"size":[2,2,2],"uv":[8,53]},{"origin":[9.5,11.5,5.5],"size":[2,2,2],"uv":[8,53],"mirror":true},{"origin":[-10.73423,10.94345,6],"size":[6,1,1],"pivot":[-7.73423,11.44345,6.5],"rotation":[0,0,25],"uv":[49,2]},{"origin":[4.73423,10.94345,6],"size":[6,1,1],"pivot":[7.73423,11.44345,6.5],"rotation":[0,0,-25],"uv":[49,2],"mirror":true},{"origin":[-1,19,5.5],"size":[2,1,2],"uv":[42,10]}]},{"name":"Rightsaw","parent":"Body","pivot":[-10.5,12.5,6],"cubes":[{"origin":[-11,12,2],"size":[1,1,4],"uv":[0,13]},{"origin":[-11.1,11.9,-1.4],"size":[1.2,1.2,3.8],"uv":[0,53]},{"origin":[-11.5,11.5,-3],"size":[2,2,2],"uv":[0,18]}]},{"name":"bone","parent":"Rightsaw","pivot":[-10.5,12.5,-3],"cubes":[{"origin":[-11.19,11.81,-8.95],"size":[1.38,1.38,6.9],"uv":[48,12]},{"origin":[-11.3832,11.6168,-10.216],"size":[1.7664,1.7664,2.432],"uv":[34,35]},{"origin":[-11,10,-13],"size":[1,5,4],"uv":[0,0]},{"origin":[-10.5,11,-25],"size":[0,5,13],"uv":[28,0]}]},{"name":"Leftsaw","parent":"Body","pivot":[10.5,12.5,6],"cubes":[{"origin":[10,12,2],"size":[1,1,4],"uv":[0,13],"mirror":true},{"origin":[9.9,11.9,-1.4],"size":[1.2,1.2,3.8],"uv":[0,53],"mirror":true},{"origin":[9.5,11.5,-3],"size":[2,2,2],"uv":[0,18],"mirror":true}]},{"name":"bone2","parent":"Leftsaw","pivot":[10.5,12.5,-3],"cubes":[{"origin":[9.81,11.81,-8.95],"size":[1.38,1.38,6.9],"uv":[48,12],"mirror":true},{"origin":[9.6168,11.6168,-10.216],"size":[1.7664,1.7664,2.432],"uv":[34,35],"mirror":true},{"origin":[10,10,-13],"size":[1,5,4],"uv":[0,0],"mirror":true},{"origin":[10.5,11,-25],"size":[0,5,13],"uv":[28,0],"mirror":true}]},{"name":"Neck","parent":"Body","pivot":[0,8,0],"cubes":[{"origin":[-2,7,-2],"size":[4,10,4],"uv":[43,42]}]},{"name":"Head","parent":"Neck","pivot":[0,16,0],"cubes":[{"origin":[-4,16,-4],"size":[8,8,8],"uv":[32,19]},{"origin":[-1,22,-6],"size":[4,3,2],"pivot":[1,23.5,-5],"rotation":[-12.5,0,0],"uv":[28,18]},{"origin":[2.5,23.5,-5],"size":[3,1,1],"uv":[0,9]},{"origin":[-3.5,22,-5],"size":[3,1,1],"uv":[0,9]},{"origin":[-3.5,23.5,-5],"size":[3,1,1],"uv":[0,9]},{"origin":[-4.5,23.5,4],"size":[10,1,1],"uv":[49,0]},{"origin":[-4.5,16.5,-5],"size":[1,8,9],"uv":[23,35]},{"origin":[4.4763,23.21644,-5.5],"size":[2,2,5],"pivot":[5.4763,24.21644,-3],"rotation":[0,0,-12.5],"uv":[34,52]},{"origin":[4.3163,23.05644,-0.98],"size":[2.32,2.32,6.96],"pivot":[5.4763,24.21644,2.5],"rotation":[0,0,-12.5],"uv":[49,4]}]},{"name":"Mouth","parent":"Head","pivot":[0,17,-4.1],"cubes":[{"origin":[-4.5,15,-4.1],"size":[9,4,0],"uv":[52,35]}]}]}]}