{"format_version":"1.12.0","minecraft:geometry":[{"description":{"identifier":"geometry.yg_triple_toilet","texture_width":64,"texture_height":64,"visible_bounds_width":3,"visible_bounds_height":3.5,"visible_bounds_offset":[0,1.25,0]},"bones":[{"name":"Root","pivot":[0,16,0]},{"name":"Body","cubes":[{"origin":[-10,9,-12],"size":[10,2,11],"uv":[0,0],"inflate":0},{"origin":[-9.5,5,-11.5],"size":[9,4,10],"uv":[0,13],"inflate":0},{"origin":[-8,1,-9],"size":[6,4,6],"uv":[31,0],"inflate":0},{"origin":[-8.42,-0.07,-9.42],"size":[6.84,1.14,6.84],"uv":[36,10],"inflate":0},{"origin":[-5.5,7,-2],"size":[11,12,5],"uv":[0,27],"inflate":0},{"origin":[-1,19,-0.5],"size":[2,1,2],"uv":[0,5],"inflate":0},{"origin":[0,9,-12],"size":[10,2,11],"uv":[0,0],"inflate":0,"mirror":true},{"origin":[-5,9,3],"size":[10,2,11],"uv":[0,0],"inflate":0,"mirror":true},{"origin":[0.5,5,-11.5],"size":[9,4,10],"uv":[0,13],"inflate":0,"mirror":true},{"origin":[-4.5,5,3.5],"size":[9,4,10],"uv":[0,13],"inflate":0,"mirror":true},{"origin":[2,1,-9],"size":[6,4,6],"uv":[31,0],"inflate":0,"mirror":true},{"origin":[-3,1,5],"size":[6,4,6],"uv":[31,0],"inflate":0,"mirror":true},{"origin":[1.58,-0.07,-9.42],"size":[6.84,1.14,6.84],"uv":[36,10],"inflate":0,"mirror":true},{"origin":[-3.42,-0.07,4.58],"size":[6.84,1.14,6.84],"uv":[36,10],"inflate":0,"mirror":true}],"parent":"Root"},{"name":"Neck","pivot":[-5,8,-6],"cubes":[{"origin":[-7,7,-8],"size":[4,10,4],"uv":[0,44],"inflate":0}],"parent":"Body"},{"name":"Head","pivot":[-5,16,-6],"cubes":[{"origin":[-9,16,-10],"size":[8,8,8],"uv":[32,19],"inflate":0}],"parent":"Neck"},{"name":"Mouth","pivot":[-5,17,-10.1],"cubes":[{"origin":[-9.5,15,-10.1],"size":[9,4,0],"uv":[12,44],"inflate":0}],"parent":"Head"},{"name":"Neck2","pivot":[5,8,-6],"cubes":[{"origin":[3,7,-8],"size":[4,10,4],"uv":[0,44],"inflate":0,"mirror":true}],"parent":"Body"},{"name":"Head2","pivot":[5,16,-6],"cubes":[{"origin":[1,16,-10],"size":[8,8,8],"uv":[32,19],"inflate":0,"mirror":true}],"parent":"Neck2"},{"name":"Mouth2","pivot":[5,17,-10.1],"cubes":[{"origin":[0.5,15,-10.1],"size":[9,4,0],"uv":[12,44],"inflate":0,"mirror":true}],"parent":"Head2"},{"name":"Neck3","pivot":[0,10,8],"cubes":[{"origin":[-2,9,6],"size":[4,13,4],"uv":[32,35],"inflate":0}],"parent":"Body"},{"name":"Head3","pivot":[0,21,8],"cubes":[{"origin":[-4,21,4],"size":[8,8,8],"uv":[32,19],"inflate":0,"mirror":true},{"origin":[-3.1,27.02952,2.24485],"size":[2.2,3.3,2.2],"pivot":[-2,28.67952,3.34485],"rotation":[55,0,0],"uv":[0,0],"inflate":0,"mirror":true},{"origin":[0.9,27.02952,2.24485],"size":[2.2,3.3,2.2],"pivot":[2,28.67952,3.34485],"rotation":[55,0,0],"uv":[0,0],"inflate":0},{"origin":[-3,29.02303,0.50133],"size":[2,3,2],"pivot":[-2,30.52303,1.50133],"rotation":[35,0,0],"uv":[0,0],"inflate":0,"mirror":true},{"origin":[1,29.02303,0.50133],"size":[2,3,2],"pivot":[2,30.52303,1.50133],"rotation":[35,0,0],"uv":[0,0],"inflate":0}],"parent":"Neck3"},{"name":"Mouth3","pivot":[0,22,3.9],"cubes":[{"origin":[-4.5,20,3.9],"size":[9,4,0],"uv":[12,44],"inflate":0,"mirror":true}],"parent":"Head3"}]}]}