{
	"format_version": "1.16.0",
	"minecraft:geometry": [
		{
			"description": {
				"identifier": "geometry.megumi_sword",
				"texture_width": 128,
				"texture_height": 128,
				"visible_bounds_width": 6,
				"visible_bounds_height": 3.5,
				"visible_bounds_offset": [0, 1.25, 0]
			},
			"bones": [
				{
					"name": "weapon",
					"pivot": [0, 21, 0],
					"binding": "q.item_slot_to_bone_name(c.item_slot)"
				},
				{
					"name": "megumi_sword",
					"parent": "weapon",
					"pivot": [0, 21, 0],
					"rotation": [90, 0, 0]
				},
				{
					"name": "ha",
					"parent": "megumi_sword",
					"pivot": [0, 34.8, -20.865],
					"cubes": [
						{
							"origin": [-0.15, 25.98884, -0.52779],
							"size": [0.3, 11.4, 2.25],
							"pivot": [0, 34.8, -20.865],
							"rotation": [5, 0, 0],
							"uv": {
								"north": {"uv": [3, 3], "uv_size": [0, 19]},
								"east": {"uv": [0, 3], "uv_size": [3, 19]},
								"south": {"uv": [6, 3], "uv_size": [0, 19]},
								"west": {"uv": [3, 3], "uv_size": [3, 19]},
								"up": {"uv": [3, 0], "uv_size": [0, 3]},
								"down": {"uv": [3, 3], "uv_size": [0, -3]}
							}
						},
						{
							"origin": [-0.15, 27.75, -0.025],
							"size": [0.3, 11.4, 2.25],
							"uv": {
								"north": {"uv": [3, 3], "uv_size": [0, 19]},
								"east": {"uv": [0, 3], "uv_size": [3, 19]},
								"south": {"uv": [6, 3], "uv_size": [0, 19]},
								"west": {"uv": [3, 3], "uv_size": [3, 19]},
								"up": {"uv": [3, 0], "uv_size": [0, 3]},
								"down": {"uv": [3, 3], "uv_size": [0, -3]}
							}
						},
						{
							"origin": [-0.15, 38.23989, -1.03305],
							"size": [0.3, 1.35, 0.6],
							"pivot": [0, 43.32989, -21.82087],
							"rotation": [2.5, 0, 0],
							"uv": {
								"north": {"uv": [1, 1], "uv_size": [0, 2]},
								"east": {"uv": [0, 1], "uv_size": [1, 2]},
								"south": {"uv": [2, 1], "uv_size": [0, 2]},
								"west": {"uv": [1, 1], "uv_size": [1, 2]},
								"up": {"uv": [1, 0], "uv_size": [0, 1]},
								"down": {"uv": [1, 1], "uv_size": [0, -1]}
							}
						},
						{
							"origin": [-0.15, 40.50021, -0.8897],
							"size": [0.3, 1.35, 0.6],
							"uv": {
								"north": {"uv": [1, 1], "uv_size": [0, 2]},
								"east": {"uv": [0, 1], "uv_size": [1, 2]},
								"south": {"uv": [2, 1], "uv_size": [0, 2]},
								"west": {"uv": [1, 1], "uv_size": [1, 2]},
								"up": {"uv": [1, 0], "uv_size": [0, 1]},
								"down": {"uv": [1, 1], "uv_size": [0, -1]}
							}
						},
						{
							"origin": [-0.15, 42.63807, -0.72553],
							"size": [0.3, 1.5, 4.5],
							"pivot": [0, 46.08095, -22.2985],
							"rotation": [-2.5, 0, 0],
							"uv": {
								"north": {"uv": [7, 7], "uv_size": [0, 2]},
								"east": {"uv": [0, 7], "uv_size": [7, 2]},
								"south": {"uv": [14, 7], "uv_size": [0, 2]},
								"west": {"uv": [7, 7], "uv_size": [7, 2]},
								"up": {"uv": [7, 0], "uv_size": [0, 7]},
								"down": {"uv": [7, 7], "uv_size": [0, -7]}
							}
						},
						{
							"origin": [-0.15, 46.08414, -0.45371],
							"size": [0.3, 0.75, 3],
							"pivot": [0, 47.5183, -22.6522],
							"rotation": [-7.5, 0, 0],
							"uv": {
								"north": {"uv": [5, 5], "uv_size": [0, 1]},
								"east": {"uv": [0, 5], "uv_size": [5, 1]},
								"south": {"uv": [10, 5], "uv_size": [0, 1]},
								"west": {"uv": [5, 5], "uv_size": [5, 1]},
								"up": {"uv": [5, 0], "uv_size": [0, 5]},
								"down": {"uv": [5, 5], "uv_size": [0, -5]}
							}
						},
						{
							"origin": [-0.15, 49.8997, -0.32736],
							"size": [0.3, 2.37, 1.2],
							"pivot": [0, 48.46135, -23.1548],
							"rotation": [-15, 0, 0],
							"uv": {
								"north": {"uv": [2, 2], "uv_size": [0, 3]},
								"east": {"uv": [0, 2], "uv_size": [2, 3]},
								"south": {"uv": [4, 2], "uv_size": [0, 3]},
								"west": {"uv": [2, 2], "uv_size": [2, 3]},
								"up": {"uv": [2, 0], "uv_size": [0, 2]},
								"down": {"uv": [2, 2], "uv_size": [0, -2]}
							}
						},
						{
							"origin": [-0.15, 53.9044, 0.03845],
							"size": [0.3, 1.35, 2.7],
							"pivot": [0, 50.51602, -21.7974],
							"rotation": [-20, 0, 0],
							"uv": {
								"north": {"uv": [4, 4], "uv_size": [0, 2]},
								"east": {"uv": [0, 4], "uv_size": [4, 2]},
								"south": {"uv": [8, 4], "uv_size": [0, 2]},
								"west": {"uv": [4, 4], "uv_size": [4, 2]},
								"up": {"uv": [4, 0], "uv_size": [0, 4]},
								"down": {"uv": [4, 4], "uv_size": [0, -4]}
							}
						},
						{
							"origin": [-0.15, 55.9778, -0.15014],
							"size": [0.3, 0.45, 3],
							"pivot": [0, 50.62863, -19.02365],
							"rotation": [-25, 0, 0],
							"uv": {
								"north": {"uv": [5, 5], "uv_size": [0, 0]},
								"east": {"uv": [0, 5], "uv_size": [5, 0]},
								"south": {"uv": [10, 5], "uv_size": [0, 0]},
								"west": {"uv": [5, 5], "uv_size": [5, 0]},
								"up": {"uv": [5, 0], "uv_size": [0, 5]},
								"down": {"uv": [5, 5], "uv_size": [0, -5]}
							}
						},
						{
							"origin": [-0.15, 60.15468, -1.43511],
							"size": [0.3, 2.01, 1.8],
							"pivot": [0, 50.91137, -19.87183],
							"rotation": [-35, 0, 0],
							"uv": {
								"north": {"uv": [3, 3], "uv_size": [0, 3]},
								"east": {"uv": [0, 3], "uv_size": [3, 3]},
								"south": {"uv": [6, 3], "uv_size": [0, 3]},
								"west": {"uv": [3, 3], "uv_size": [3, 3]},
								"up": {"uv": [3, 0], "uv_size": [0, 3]},
								"down": {"uv": [3, 3], "uv_size": [0, -3]}
							}
						},
						{
							"origin": [-0.15, 61.47468, -1.13511],
							"size": [0.3, 2.19, 0.54],
							"pivot": [0, 50.91137, -19.87183],
							"rotation": [-35, 0, 0],
							"uv": {
								"north": {"uv": [0, 0], "uv_size": [0, 3]},
								"east": {"uv": [0, 0], "uv_size": [0, 3]},
								"south": {"uv": [0, 0], "uv_size": [0, 3]},
								"west": {"uv": [0, 0], "uv_size": [0, 3]},
								"up": {"uv": [0, 0], "uv_size": [0, 0]},
								"down": {"uv": [0, 0], "uv_size": [0, 0]}
							}
						},
						{
							"origin": [-0.15, 60.57468, -0.65511],
							"size": [0.3, 1.11, 1.32],
							"pivot": [0, 50.91137, -19.87183],
							"rotation": [-35, 0, 0],
							"uv": {
								"north": {"uv": [2, 2], "uv_size": [0, 1]},
								"east": {"uv": [0, 2], "uv_size": [2, 1]},
								"south": {"uv": [4, 2], "uv_size": [0, 1]},
								"west": {"uv": [2, 2], "uv_size": [2, 1]},
								"up": {"uv": [2, 0], "uv_size": [0, 2]},
								"down": {"uv": [2, 2], "uv_size": [0, -2]}
							}
						},
						{
							"origin": [-0.15, 61.77468, -0.65511],
							"size": [0.3, 1.17, 0.48],
							"pivot": [0, 50.91137, -19.87183],
							"rotation": [-35, 0, 0],
							"uv": {
								"north": {"uv": [0, 0], "uv_size": [0, 1]},
								"east": {"uv": [0, 0], "uv_size": [0, 1]},
								"south": {"uv": [0, 0], "uv_size": [0, 1]},
								"west": {"uv": [0, 0], "uv_size": [0, 1]},
								"up": {"uv": [0, 0], "uv_size": [0, 0]},
								"down": {"uv": [0, 0], "uv_size": [0, 0]}
							}
						},
						{
							"origin": [-0.15, 64.61613, -1.86955],
							"size": [0.3, 2.31, 0.3],
							"pivot": [0, 52.53446, -19.53777],
							"rotation": [-42.5, 0, 0],
							"uv": {
								"north": {"uv": [0, 0], "uv_size": [0, 3]},
								"east": {"uv": [0, 0], "uv_size": [0, 3]},
								"south": {"uv": [0, 0], "uv_size": [0, 3]},
								"west": {"uv": [0, 0], "uv_size": [0, 3]},
								"up": {"uv": [0, 0], "uv_size": [0, 0]},
								"down": {"uv": [0, 0], "uv_size": [0, 0]}
							}
						},
						{
							"origin": [-0.15, 53.33452, 2.63853],
							"size": [0.3, 1.74, 0.39],
							"pivot": [0, 50.73064, -20.02134],
							"rotation": [-10, 0, 0],
							"uv": {
								"north": {"uv": [0, 0], "uv_size": [0, 2]},
								"east": {"uv": [0, 0], "uv_size": [0, 2]},
								"south": {"uv": [0, 0], "uv_size": [0, 2]},
								"west": {"uv": [0, 0], "uv_size": [0, 2]},
								"up": {"uv": [0, 0], "uv_size": [0, 0]},
								"down": {"uv": [0, 0], "uv_size": [0, 0]}
							}
						},
						{
							"origin": [-0.15, 50.66328, 2.61178],
							"size": [0.3, 0.6, 0.39],
							"pivot": [0, 48.80362, -19.50423],
							"rotation": [-5, 0, 0],
							"uv": {
								"north": {"uv": [0, 0], "uv_size": [0, 1]},
								"east": {"uv": [0, 0], "uv_size": [0, 1]},
								"south": {"uv": [0, 0], "uv_size": [0, 1]},
								"west": {"uv": [0, 0], "uv_size": [0, 1]},
								"up": {"uv": [0, 0], "uv_size": [0, 0]},
								"down": {"uv": [0, 0], "uv_size": [0, 0]}
							}
						},
						{
							"origin": [-0.15, 44.09617, 2.55074],
							"size": [0.3, 0.6, 0.39],
							"pivot": [0, 47.50659, -16.98347],
							"rotation": [10, 0, 0],
							"uv": {
								"north": {"uv": [0, 0], "uv_size": [0, 1]},
								"east": {"uv": [0, 0], "uv_size": [0, 1]},
								"south": {"uv": [0, 0], "uv_size": [0, 1]},
								"west": {"uv": [0, 0], "uv_size": [0, 1]},
								"up": {"uv": [0, 0], "uv_size": [0, 0]},
								"down": {"uv": [0, 0], "uv_size": [0, 0]}
							}
						},
						{
							"origin": [-0.15, 46.33355, 2.6693],
							"size": [0.3, 0.6, 0.39],
							"pivot": [0, 48.06471, -17.87791],
							"rotation": [5, 0, 0],
							"uv": {
								"north": {"uv": [0, 0], "uv_size": [0, 1]},
								"east": {"uv": [0, 0], "uv_size": [0, 1]},
								"south": {"uv": [0, 0], "uv_size": [0, 1]},
								"west": {"uv": [0, 0], "uv_size": [0, 1]},
								"up": {"uv": [0, 0], "uv_size": [0, 0]},
								"down": {"uv": [0, 0], "uv_size": [0, 0]}
							}
						},
						{
							"origin": [-0.15, 41.35606, -0.51769],
							"size": [0.3, 2.7, 3],
							"pivot": [0, 50.10649, -17.4419],
							"rotation": [10, 0, 0],
							"uv": {
								"north": {"uv": [5, 5], "uv_size": [0, 4]},
								"east": {"uv": [0, 5], "uv_size": [5, 4]},
								"south": {"uv": [10, 5], "uv_size": [0, 4]},
								"west": {"uv": [5, 5], "uv_size": [5, 4]},
								"up": {"uv": [5, 0], "uv_size": [0, 5]},
								"down": {"uv": [5, 5], "uv_size": [0, -5]}
							}
						},
						{
							"origin": [-0.15, 34.45375, -2.2644],
							"size": [0.3, 2.805, 1.68],
							"pivot": [0, 48.90298, -15.12452],
							"rotation": [30, 0, 0],
							"uv": {
								"north": {"uv": [2, 2], "uv_size": [0, 4]},
								"east": {"uv": [0, 2], "uv_size": [2, 4]},
								"south": {"uv": [4, 2], "uv_size": [0, 4]},
								"west": {"uv": [2, 2], "uv_size": [2, 4]},
								"up": {"uv": [2, 0], "uv_size": [0, 2]},
								"down": {"uv": [2, 2], "uv_size": [0, -2]}
							}
						},
						{
							"origin": [-0.15, 52.53227, -0.76319],
							"size": [0.3, 1.755, 4.8],
							"pivot": [0, 47.51311, -19.63669],
							"rotation": [-25, 0, 0],
							"uv": {
								"north": {"uv": [8, 8], "uv_size": [0, 2]},
								"east": {"uv": [0, 8], "uv_size": [8, 2]},
								"south": {"uv": [16, 8], "uv_size": [0, 2]},
								"west": {"uv": [8, 8], "uv_size": [8, 2]},
								"up": {"uv": [8, 0], "uv_size": [0, 8]},
								"down": {"uv": [8, 8], "uv_size": [0, -8]}
							}
						},
						{
							"origin": [-0.15, 47.22894, 0.03115],
							"size": [0.3, 2.28, 4.05],
							"pivot": [0, 46.04786, -19.47177],
							"rotation": [-17.5, 0, 0],
							"uv": {
								"north": {"uv": [6, 6], "uv_size": [0, 3]},
								"east": {"uv": [0, 6], "uv_size": [6, 3]},
								"south": {"uv": [12, 6], "uv_size": [0, 3]},
								"west": {"uv": [6, 6], "uv_size": [6, 3]},
								"up": {"uv": [6, 0], "uv_size": [0, 6]},
								"down": {"uv": [6, 6], "uv_size": [0, -6]}
							}
						},
						{
							"origin": [-0.15, 42.45055, 0.03286],
							"size": [0.3, 2.73, 3.9],
							"pivot": [0, 44.61667, -19.11701],
							"rotation": [-10, 0, 0],
							"uv": {
								"north": {"uv": [6, 6], "uv_size": [0, 4]},
								"east": {"uv": [0, 6], "uv_size": [6, 4]},
								"south": {"uv": [12, 6], "uv_size": [0, 4]},
								"west": {"uv": [6, 6], "uv_size": [6, 4]},
								"up": {"uv": [6, 0], "uv_size": [0, 6]},
								"down": {"uv": [6, 6], "uv_size": [0, -6]}
							}
						},
						{
							"origin": [-0.15, 32.95473, 1.06619],
							"size": [0.3, 7.98, 2.4],
							"pivot": [0, 42.10508, -19.03982],
							"rotation": [-5, 0, 0],
							"uv": {
								"north": {"uv": [4, 4], "uv_size": [0, 13]},
								"east": {"uv": [0, 4], "uv_size": [4, 13]},
								"south": {"uv": [8, 4], "uv_size": [0, 13]},
								"west": {"uv": [4, 4], "uv_size": [4, 13]},
								"up": {"uv": [4, 0], "uv_size": [0, 4]},
								"down": {"uv": [4, 4], "uv_size": [0, -4]}
							}
						},
						{
							"origin": [-0.15, 28.53918, 0.54369],
							"size": [0.3, 3.48, 2.16],
							"pivot": [0, 34.26206, -19.46928],
							"rotation": [-2.5, 0, 0],
							"uv": {
								"north": {"uv": [3, 3], "uv_size": [0, 5]},
								"east": {"uv": [0, 3], "uv_size": [3, 5]},
								"south": {"uv": [6, 3], "uv_size": [0, 5]},
								"west": {"uv": [3, 3], "uv_size": [3, 5]},
								"up": {"uv": [3, 0], "uv_size": [0, 3]},
								"down": {"uv": [3, 3], "uv_size": [0, -3]}
							}
						}
					]
				},
				{
					"name": "motuyo",
					"parent": "megumi_sword",
					"pivot": [0, 21, -21],
					"cubes": [
						{
							"origin": [-0.735, 26.4, -0.7],
							"size": [1.5, 1.5, 3.9],
							"uv": {
								"north": {"uv": [6, 127], "uv_size": [2, 2]},
								"east": {"uv": [0, 127], "uv_size": [6, 2]},
								"south": {"uv": [14, 127], "uv_size": [2, 2]},
								"west": {"uv": [8, 127], "uv_size": [6, 2]},
								"up": {"uv": [6, 121], "uv_size": [2, 6]},
								"down": {"uv": [8, 127], "uv_size": [2, -6]}
							}
						}
					]
				},
				{
					"name": "megumi_bone2",
					"parent": "motuyo",
					"pivot": [0, 21, -20.88],
					"cubes": [
						{
							"origin": [-0.585, 16.8, 0.23],
							"size": [1.2, 9.6, 2.04],
							"uv": {
								"north": {"uv": [122, 113], "uv_size": [2, 16]},
								"east": {"uv": [119, 113], "uv_size": [3, 16]},
								"south": {"uv": [127, 113], "uv_size": [2, 16]},
								"west": {"uv": [124, 113], "uv_size": [3, 16]},
								"up": {"uv": [122, 110], "uv_size": [2, 3]},
								"down": {"uv": [124, 113], "uv_size": [2, -3]}
							}
						},
						{
							"origin": [-0.735, 15.15, 0.08],
							"size": [1.5, 1.8, 2.34],
							"uv": {
								"north": {"uv": [122, 83], "uv_size": [2, 3]},
								"east": {"uv": [119, 83], "uv_size": [3, 3]},
								"south": {"uv": [127, 83], "uv_size": [2, 3]},
								"west": {"uv": [124, 83], "uv_size": [3, 3]},
								"up": {"uv": [122, 80], "uv_size": [2, 3]},
								"down": {"uv": [124, 83], "uv_size": [2, -3]}
							}
						}
					]
				}
			]
		}
	]
}