{
	"format_version": "1.16.0",
	"minecraft:geometry": [
		{
			"description": {
				"identifier": "geometry.megumi_sword2",
				"texture_width": 16,
				"texture_height": 16,
				"visible_bounds_width": 3,
				"visible_bounds_height": 4.5,
				"visible_bounds_offset": [0, 1.75, 0]
			},
			"bones": [
				{
					"name": "weapon",
					"pivot": [0, 22, 0],
					"binding": "q.item_slot_to_bone_name(c.item_slot)"
				},
				{
					"name": "megumi_sword2",
					"parent": "weapon",
					"pivot": [0.4, 21.95, 2],
					"rotation": [0, -90, -90]
				},
				{
					"name": "megumi_sword2_bone",
					"parent": "megumi_sword2",
					"pivot": [0.4, 22.04, 2],
					"cubes": [
						{
							"origin": [-6.208, 22.1612, 2],
							"size": [6.608, 0.3648, 0.048],
							"uv": {
								"north": {"uv": [16, 16], "uv_size": [0, 0]},
								"east": {"uv": [16, 16], "uv_size": [0, 0]},
								"south": {"uv": [16, 16], "uv_size": [0, 0]},
								"west": {"uv": [16, 16], "uv_size": [0, 0]},
								"up": {"uv": [16, 16], "uv_size": [0, 0]},
								"down": {"uv": [16, 16], "uv_size": [0, 0]}
							}
						},
						{
							"origin": [-6.208, 22.49763, 1.89892],
							"size": [6.608, 0.048, 0.048],
							"pivot": [0.4, 21.96963, 1.89892],
							"rotation": [-15, 0, 0],
							"uv": {
								"north": {"uv": [16, 16], "uv_size": [0, 0]},
								"east": {"uv": [16, 16], "uv_size": [0, 0]},
								"south": {"uv": [16, 16], "uv_size": [0, 0]},
								"west": {"uv": [16, 16], "uv_size": [0, 0]},
								"up": {"uv": [16, 16], "uv_size": [0, 0]},
								"down": {"uv": [16, 16], "uv_size": [0, 0]}
							}
						},
						{
							"origin": [-6.208, 22.54275, 1.80636],
							"size": [6.608, 0.048, 0.048],
							"pivot": [0.4, 22.01475, 1.80636],
							"rotation": [-30, 0, 0],
							"uv": {
								"north": {"uv": [16, 16], "uv_size": [0, 0]},
								"east": {"uv": [16, 16], "uv_size": [0, 0]},
								"south": {"uv": [16, 16], "uv_size": [0, 0]},
								"west": {"uv": [16, 16], "uv_size": [0, 0]},
								"up": {"uv": [16, 16], "uv_size": [0, 0]},
								"down": {"uv": [16, 16], "uv_size": [0, 0]}
							}
						},
						{
							"origin": [-6.208, 22.61028, 1.72864],
							"size": [6.608, 0.048, 0.048],
							"pivot": [0.4, 22.08228, 1.72864],
							"rotation": [-45, 0, 0],
							"uv": {
								"north": {"uv": [16, 16], "uv_size": [0, 0]},
								"east": {"uv": [16, 16], "uv_size": [0, 0]},
								"south": {"uv": [16, 16], "uv_size": [0, 0]},
								"west": {"uv": [16, 16], "uv_size": [0, 0]},
								"up": {"uv": [16, 16], "uv_size": [0, 0]},
								"down": {"uv": [16, 16], "uv_size": [0, 0]}
							}
						},
						{
							"origin": [-6.208, 22.69564, 1.67104],
							"size": [6.608, 0.048, 0.048],
							"pivot": [0.4, 22.16764, 1.67104],
							"rotation": [-60, 0, 0],
							"uv": {
								"north": {"uv": [16, 16], "uv_size": [0, 0]},
								"east": {"uv": [16, 16], "uv_size": [0, 0]},
								"south": {"uv": [16, 16], "uv_size": [0, 0]},
								"west": {"uv": [16, 16], "uv_size": [0, 0]},
								"up": {"uv": [16, 16], "uv_size": [0, 0]},
								"down": {"uv": [16, 16], "uv_size": [0, 0]}
							}
						},
						{
							"origin": [-6.208, 22.79299, 1.6375],
							"size": [6.608, 0.048, 0.048],
							"pivot": [0.4, 22.26499, 1.6375],
							"rotation": [-75, 0, 0],
							"uv": {
								"north": {"uv": [16, 16], "uv_size": [0, 0]},
								"east": {"uv": [16, 16], "uv_size": [0, 0]},
								"south": {"uv": [16, 16], "uv_size": [0, 0]},
								"west": {"uv": [16, 16], "uv_size": [0, 0]},
								"up": {"uv": [16, 16], "uv_size": [0, 0]},
								"down": {"uv": [16, 16], "uv_size": [0, 0]}
							}
						},
						{
							"origin": [-6.208, 22.8957, 1.6303],
							"size": [6.608, 0.048, 0.048],
							"pivot": [0.4, 22.3677, 1.6303],
							"rotation": [-90, 0, 0],
							"uv": {
								"north": {"uv": [16, 16], "uv_size": [0, 0]},
								"east": {"uv": [16, 16], "uv_size": [0, 0]},
								"south": {"uv": [16, 16], "uv_size": [0, 0]},
								"west": {"uv": [16, 16], "uv_size": [0, 0]},
								"up": {"uv": [16, 16], "uv_size": [0, 0]},
								"down": {"uv": [16, 16], "uv_size": [0, 0]}
							}
						},
						{
							"origin": [-6.208, 22.14178, 1.89892],
							"size": [6.608, 0.048, 0.048],
							"pivot": [0.4, 22.71778, 1.89892],
							"rotation": [15, 0, 0],
							"uv": {
								"north": {"uv": [16, 16], "uv_size": [0, 0]},
								"east": {"uv": [16, 16], "uv_size": [0, 0]},
								"south": {"uv": [16, 16], "uv_size": [0, 0]},
								"west": {"uv": [16, 16], "uv_size": [0, 0]},
								"up": {"uv": [16, 16], "uv_size": [0, 0]},
								"down": {"uv": [16, 16], "uv_size": [0, 0]}
							}
						},
						{
							"origin": [-6.208, 22.09666, 1.80636],
							"size": [6.608, 0.048, 0.048],
							"pivot": [0.4, 22.67266, 1.80636],
							"rotation": [30, 0, 0],
							"uv": {
								"north": {"uv": [16, 16], "uv_size": [0, 0]},
								"east": {"uv": [16, 16], "uv_size": [0, 0]},
								"south": {"uv": [16, 16], "uv_size": [0, 0]},
								"west": {"uv": [16, 16], "uv_size": [0, 0]},
								"up": {"uv": [16, 16], "uv_size": [0, 0]},
								"down": {"uv": [16, 16], "uv_size": [0, 0]}
							}
						},
						{
							"origin": [-6.208, 22.02912, 1.72864],
							"size": [6.608, 0.048, 0.048],
							"pivot": [0.4, 22.60512, 1.72864],
							"rotation": [45, 0, 0],
							"uv": {
								"north": {"uv": [16, 16], "uv_size": [0, 0]},
								"east": {"uv": [16, 16], "uv_size": [0, 0]},
								"south": {"uv": [16, 16], "uv_size": [0, 0]},
								"west": {"uv": [16, 16], "uv_size": [0, 0]},
								"up": {"uv": [16, 16], "uv_size": [0, 0]},
								"down": {"uv": [16, 16], "uv_size": [0, 0]}
							}
						},
						{
							"origin": [-6.208, 21.84642, 1.6375],
							"size": [6.608, 0.048, 0.048],
							"pivot": [0.4, 22.42242, 1.6375],
							"rotation": [75, 0, 0],
							"uv": {
								"north": {"uv": [16, 16], "uv_size": [0, 0]},
								"east": {"uv": [16, 16], "uv_size": [0, 0]},
								"south": {"uv": [16, 16], "uv_size": [0, 0]},
								"west": {"uv": [16, 16], "uv_size": [0, 0]},
								"up": {"uv": [16, 16], "uv_size": [0, 0]},
								"down": {"uv": [16, 16], "uv_size": [0, 0]}
							}
						},
						{
							"origin": [-6.208, 21.94377, 1.67104],
							"size": [6.608, 0.048, 0.048],
							"pivot": [0.4, 22.51977, 1.67104],
							"rotation": [60, 0, 0],
							"uv": {
								"north": {"uv": [16, 16], "uv_size": [0, 0]},
								"east": {"uv": [16, 16], "uv_size": [0, 0]},
								"south": {"uv": [16, 16], "uv_size": [0, 0]},
								"west": {"uv": [16, 16], "uv_size": [0, 0]},
								"up": {"uv": [16, 16], "uv_size": [0, 0]},
								"down": {"uv": [16, 16], "uv_size": [0, 0]}
							}
						},
						{
							"origin": [-6.208, 22.18083, 1.89892],
							"size": [6.608, 0.3648, 0.048],
							"pivot": [0.4, 21.96963, 1.89892],
							"rotation": [-15, 0, 0],
							"uv": {
								"north": {"uv": [16, 16], "uv_size": [0, 0]},
								"east": {"uv": [16, 16], "uv_size": [0, 0]},
								"south": {"uv": [16, 16], "uv_size": [0, 0]},
								"west": {"uv": [16, 16], "uv_size": [0, 0]},
								"up": {"uv": [16, 16], "uv_size": [0, 0]},
								"down": {"uv": [16, 16], "uv_size": [0, 0]}
							}
						},
						{
							"origin": [-6.208, 22.22595, 1.80636],
							"size": [6.608, 0.3648, 0.048],
							"pivot": [0.4, 22.01475, 1.80636],
							"rotation": [-30, 0, 0],
							"uv": {
								"north": {"uv": [16, 16], "uv_size": [0, 0]},
								"east": {"uv": [16, 16], "uv_size": [0, 0]},
								"south": {"uv": [16, 16], "uv_size": [0, 0]},
								"west": {"uv": [16, 16], "uv_size": [0, 0]},
								"up": {"uv": [16, 16], "uv_size": [0, 0]},
								"down": {"uv": [16, 16], "uv_size": [0, 0]}
							}
						},
						{
							"origin": [-6.208, 22.29348, 1.72864],
							"size": [6.608, 0.3648, 0.048],
							"pivot": [0.4, 22.08228, 1.72864],
							"rotation": [-45, 0, 0],
							"uv": {
								"north": {"uv": [16, 16], "uv_size": [0, 0]},
								"east": {"uv": [16, 16], "uv_size": [0, 0]},
								"south": {"uv": [16, 16], "uv_size": [0, 0]},
								"west": {"uv": [16, 16], "uv_size": [0, 0]},
								"up": {"uv": [16, 16], "uv_size": [0, 0]},
								"down": {"uv": [16, 16], "uv_size": [0, 0]}
							}
						},
						{
							"origin": [-6.208, 22.5789, 1.6303],
							"size": [6.608, 0.3648, 0.048],
							"pivot": [0.4, 22.3677, 1.6303],
							"rotation": [-90, 0, 0],
							"uv": {
								"north": {"uv": [16, 16], "uv_size": [0, 0]},
								"east": {"uv": [16, 16], "uv_size": [0, 0]},
								"south": {"uv": [16, 16], "uv_size": [0, 0]},
								"west": {"uv": [16, 16], "uv_size": [0, 0]},
								"up": {"uv": [16, 16], "uv_size": [0, 0]},
								"down": {"uv": [16, 16], "uv_size": [0, 0]}
							}
						},
						{
							"origin": [-6.208, 22.47619, 1.6375],
							"size": [6.608, 0.3648, 0.048],
							"pivot": [0.4, 22.26499, 1.6375],
							"rotation": [-75, 0, 0],
							"uv": {
								"north": {"uv": [16, 16], "uv_size": [0, 0]},
								"east": {"uv": [16, 16], "uv_size": [0, 0]},
								"south": {"uv": [16, 16], "uv_size": [0, 0]},
								"west": {"uv": [16, 16], "uv_size": [0, 0]},
								"up": {"uv": [16, 16], "uv_size": [0, 0]},
								"down": {"uv": [16, 16], "uv_size": [0, 0]}
							}
						},
						{
							"origin": [-6.208, 22.37884, 1.67104],
							"size": [6.608, 0.3648, 0.048],
							"pivot": [0.4, 22.16764, 1.67104],
							"rotation": [-60, 0, 0],
							"uv": {
								"north": {"uv": [16, 16], "uv_size": [0, 0]},
								"east": {"uv": [16, 16], "uv_size": [0, 0]},
								"south": {"uv": [16, 16], "uv_size": [0, 0]},
								"west": {"uv": [16, 16], "uv_size": [0, 0]},
								"up": {"uv": [16, 16], "uv_size": [0, 0]},
								"down": {"uv": [16, 16], "uv_size": [0, 0]}
							}
						},
						{
							"origin": [-6.208, 21.94377, 1.67104],
							"size": [6.608, 0.3648, 0.048],
							"pivot": [0.4, 22.51977, 1.67104],
							"rotation": [60, 0, 0],
							"uv": {
								"north": {"uv": [16, 16], "uv_size": [0, 0]},
								"east": {"uv": [16, 16], "uv_size": [0, 0]},
								"south": {"uv": [16, 16], "uv_size": [0, 0]},
								"west": {"uv": [16, 16], "uv_size": [0, 0]},
								"up": {"uv": [16, 16], "uv_size": [0, 0]},
								"down": {"uv": [16, 16], "uv_size": [0, 0]}
							}
						},
						{
							"origin": [-6.208, 21.84642, 1.6375],
							"size": [6.608, 0.3648, 0.048],
							"pivot": [0.4, 22.42242, 1.6375],
							"rotation": [75, 0, 0],
							"uv": {
								"north": {"uv": [16, 16], "uv_size": [0, 0]},
								"east": {"uv": [16, 16], "uv_size": [0, 0]},
								"south": {"uv": [16, 16], "uv_size": [0, 0]},
								"west": {"uv": [16, 16], "uv_size": [0, 0]},
								"up": {"uv": [16, 16], "uv_size": [0, 0]},
								"down": {"uv": [16, 16], "uv_size": [0, 0]}
							}
						},
						{
							"origin": [-6.208, 22.02912, 1.72864],
							"size": [6.608, 0.3648, 0.048],
							"pivot": [0.4, 22.60512, 1.72864],
							"rotation": [45, 0, 0],
							"uv": {
								"north": {"uv": [16, 16], "uv_size": [0, 0]},
								"east": {"uv": [16, 16], "uv_size": [0, 0]},
								"south": {"uv": [16, 16], "uv_size": [0, 0]},
								"west": {"uv": [16, 16], "uv_size": [0, 0]},
								"up": {"uv": [16, 16], "uv_size": [0, 0]},
								"down": {"uv": [16, 16], "uv_size": [0, 0]}
							}
						},
						{
							"origin": [-6.208, 22.09666, 1.80636],
							"size": [6.608, 0.3648, 0.048],
							"pivot": [0.4, 22.67266, 1.80636],
							"rotation": [30, 0, 0],
							"uv": {
								"north": {"uv": [16, 16], "uv_size": [0, 0]},
								"east": {"uv": [16, 16], "uv_size": [0, 0]},
								"south": {"uv": [16, 16], "uv_size": [0, 0]},
								"west": {"uv": [16, 16], "uv_size": [0, 0]},
								"up": {"uv": [16, 16], "uv_size": [0, 0]},
								"down": {"uv": [16, 16], "uv_size": [0, 0]}
							}
						},
						{
							"origin": [-6.208, 22.14178, 1.89892],
							"size": [6.608, 0.3648, 0.048],
							"pivot": [0.4, 22.71778, 1.89892],
							"rotation": [15, 0, 0],
							"uv": {
								"north": {"uv": [16, 16], "uv_size": [0, 0]},
								"east": {"uv": [16, 16], "uv_size": [0, 0]},
								"south": {"uv": [16, 16], "uv_size": [0, 0]},
								"west": {"uv": [16, 16], "uv_size": [0, 0]},
								"up": {"uv": [16, 16], "uv_size": [0, 0]},
								"down": {"uv": [16, 16], "uv_size": [0, 0]}
							}
						}
					]
				},
				{
					"name": "megumi_sword2_bone2",
					"parent": "megumi_sword2_bone",
					"pivot": [-0.2, 22.575, 3.45],
					"rotation": [-90, 0, 0],
					"cubes": [
						{
							"origin": [3, 20.975, 3.5],
							"size": [0.4, 0.4, 0.35],
							"uv": {
								"north": {"uv": [16, 16], "uv_size": [0, 0]},
								"east": {"uv": [16, 16], "uv_size": [0, 0]},
								"south": {"uv": [16, 16], "uv_size": [0, 0]},
								"west": {"uv": [16, 16], "uv_size": [0, 0]},
								"up": {"uv": [16, 16], "uv_size": [0, 0]},
								"down": {"uv": [16, 16], "uv_size": [0, 0]}
							}
						},
						{
							"origin": [3.01914, 21.52038, 3.5],
							"size": [0.4, 0.4, 0.35],
							"pivot": [-0.18086, 21.52038, 3.45],
							"rotation": [0, 0, 15],
							"uv": {
								"north": {"uv": [16, 16], "uv_size": [0, 0]},
								"east": {"uv": [16, 16], "uv_size": [0, 0]},
								"south": {"uv": [16, 16], "uv_size": [0, 0]},
								"west": {"uv": [16, 16], "uv_size": [0, 0]},
								"up": {"uv": [16, 16], "uv_size": [0, 0]},
								"down": {"uv": [16, 16], "uv_size": [0, 0]}
							}
						},
						{
							"origin": [3.17878, 22.04222, 3.5],
							"size": [0.4, 0.4, 0.35],
							"pivot": [-0.02122, 22.04222, 3.45],
							"rotation": [0, 0, 30],
							"uv": {
								"north": {"uv": [16, 16], "uv_size": [0, 0]},
								"east": {"uv": [16, 16], "uv_size": [0, 0]},
								"south": {"uv": [16, 16], "uv_size": [0, 0]},
								"west": {"uv": [16, 16], "uv_size": [0, 0]},
								"up": {"uv": [16, 16], "uv_size": [0, 0]},
								"down": {"uv": [16, 16], "uv_size": [0, 0]}
							}
						},
						{
							"origin": [3.46805, 22.50496, 3.5],
							"size": [0.4, 0.4, 0.35],
							"pivot": [0.26805, 22.50496, 3.45],
							"rotation": [0, 0, 45],
							"uv": {
								"north": {"uv": [16, 16], "uv_size": [0, 0]},
								"east": {"uv": [16, 16], "uv_size": [0, 0]},
								"south": {"uv": [16, 16], "uv_size": [0, 0]},
								"west": {"uv": [16, 16], "uv_size": [0, 0]},
								"up": {"uv": [16, 16], "uv_size": [0, 0]},
								"down": {"uv": [16, 16], "uv_size": [0, 0]}
							}
						},
						{
							"origin": [3.86722, 22.87707, 3.5],
							"size": [0.4, 0.4, 0.35],
							"pivot": [0.66722, 22.87707, 3.45],
							"rotation": [0, 0, 60],
							"uv": {
								"north": {"uv": [16, 16], "uv_size": [0, 0]},
								"east": {"uv": [16, 16], "uv_size": [0, 0]},
								"south": {"uv": [16, 16], "uv_size": [0, 0]},
								"west": {"uv": [16, 16], "uv_size": [0, 0]},
								"up": {"uv": [16, 16], "uv_size": [0, 0]},
								"down": {"uv": [16, 16], "uv_size": [0, 0]}
							}
						},
						{
							"origin": [4.3491, 23.13318, 3.5],
							"size": [0.4, 0.4, 0.35],
							"pivot": [1.1491, 23.13318, 3.45],
							"rotation": [0, 0, 75],
							"uv": {
								"north": {"uv": [16, 16], "uv_size": [0, 0]},
								"east": {"uv": [16, 16], "uv_size": [0, 0]},
								"south": {"uv": [16, 16], "uv_size": [0, 0]},
								"west": {"uv": [16, 16], "uv_size": [0, 0]},
								"up": {"uv": [16, 16], "uv_size": [0, 0]},
								"down": {"uv": [16, 16], "uv_size": [0, 0]}
							}
						},
						{
							"origin": [4.88085, 23.25585, 3.5],
							"size": [0.4, 0.4, 0.35],
							"pivot": [1.68085, 23.25585, 3.45],
							"rotation": [0, 0, 90],
							"uv": {
								"north": {"uv": [16, 16], "uv_size": [0, 0]},
								"east": {"uv": [16, 16], "uv_size": [0, 0]},
								"south": {"uv": [16, 16], "uv_size": [0, 0]},
								"west": {"uv": [16, 16], "uv_size": [0, 0]},
								"up": {"uv": [16, 16], "uv_size": [0, 0]},
								"down": {"uv": [16, 16], "uv_size": [0, 0]}
							}
						},
						{
							"origin": [0.3617, 20.975, 3.5],
							"size": [0.4, 0.4, 0.35],
							"uv": {
								"north": {"uv": [16, 16], "uv_size": [0, 0]},
								"east": {"uv": [16, 16], "uv_size": [0, 0]},
								"south": {"uv": [16, 16], "uv_size": [0, 0]},
								"west": {"uv": [16, 16], "uv_size": [0, 0]},
								"up": {"uv": [16, 16], "uv_size": [0, 0]},
								"down": {"uv": [16, 16], "uv_size": [0, 0]}
							}
						},
						{
							"origin": [0.18292, 22.04222, 3.5],
							"size": [0.4, 0.4, 0.35],
							"pivot": [3.78292, 22.04222, 3.45],
							"rotation": [0, 0, -30],
							"uv": {
								"north": {"uv": [16, 16], "uv_size": [0, 0]},
								"east": {"uv": [16, 16], "uv_size": [0, 0]},
								"south": {"uv": [16, 16], "uv_size": [0, 0]},
								"west": {"uv": [16, 16], "uv_size": [0, 0]},
								"up": {"uv": [16, 16], "uv_size": [0, 0]},
								"down": {"uv": [16, 16], "uv_size": [0, 0]}
							}
						},
						{
							"origin": [-0.10635, 22.50496, 3.5],
							"size": [0.4, 0.4, 0.35],
							"pivot": [3.49365, 22.50496, 3.45],
							"rotation": [0, 0, -45],
							"uv": {
								"north": {"uv": [16, 16], "uv_size": [0, 0]},
								"east": {"uv": [16, 16], "uv_size": [0, 0]},
								"south": {"uv": [16, 16], "uv_size": [0, 0]},
								"west": {"uv": [16, 16], "uv_size": [0, 0]},
								"up": {"uv": [16, 16], "uv_size": [0, 0]},
								"down": {"uv": [16, 16], "uv_size": [0, 0]}
							}
						},
						{
							"origin": [0.34256, 21.52038, 3.5],
							"size": [0.4, 0.4, 0.35],
							"pivot": [3.94256, 21.52038, 3.45],
							"rotation": [0, 0, -15],
							"uv": {
								"north": {"uv": [16, 16], "uv_size": [0, 0]},
								"east": {"uv": [16, 16], "uv_size": [0, 0]},
								"south": {"uv": [16, 16], "uv_size": [0, 0]},
								"west": {"uv": [16, 16], "uv_size": [0, 0]},
								"up": {"uv": [16, 16], "uv_size": [0, 0]},
								"down": {"uv": [16, 16], "uv_size": [0, 0]}
							}
						},
						{
							"origin": [-0.9874, 23.13318, 3.5],
							"size": [0.4, 0.4, 0.35],
							"pivot": [2.6126, 23.13318, 3.45],
							"rotation": [0, 0, -75],
							"uv": {
								"north": {"uv": [16, 16], "uv_size": [0, 0]},
								"east": {"uv": [16, 16], "uv_size": [0, 0]},
								"south": {"uv": [16, 16], "uv_size": [0, 0]},
								"west": {"uv": [16, 16], "uv_size": [0, 0]},
								"up": {"uv": [16, 16], "uv_size": [0, 0]},
								"down": {"uv": [16, 16], "uv_size": [0, 0]}
							}
						},
						{
							"origin": [-0.50552, 22.87707, 3.5],
							"size": [0.4, 0.4, 0.35],
							"pivot": [3.09448, 22.87707, 3.45],
							"rotation": [0, 0, -60],
							"uv": {
								"north": {"uv": [16, 16], "uv_size": [0, 0]},
								"east": {"uv": [16, 16], "uv_size": [0, 0]},
								"south": {"uv": [16, 16], "uv_size": [0, 0]},
								"west": {"uv": [16, 16], "uv_size": [0, 0]},
								"up": {"uv": [16, 16], "uv_size": [0, 0]},
								"down": {"uv": [16, 16], "uv_size": [0, 0]}
							}
						},
						{
							"origin": [3.01914, 20.42962, 3.5],
							"size": [0.4, 0.4, 0.35],
							"pivot": [-0.18086, 20.82962, 3.45],
							"rotation": [0, 0, -15],
							"uv": {
								"north": {"uv": [16, 16], "uv_size": [0, 0]},
								"east": {"uv": [16, 16], "uv_size": [0, 0]},
								"south": {"uv": [16, 16], "uv_size": [0, 0]},
								"west": {"uv": [16, 16], "uv_size": [0, 0]},
								"up": {"uv": [16, 16], "uv_size": [0, 0]},
								"down": {"uv": [16, 16], "uv_size": [0, 0]}
							}
						},
						{
							"origin": [3.46805, 19.44504, 3.5],
							"size": [0.4, 0.4, 0.35],
							"pivot": [0.26805, 19.84504, 3.45],
							"rotation": [0, 0, -45],
							"uv": {
								"north": {"uv": [16, 16], "uv_size": [0, 0]},
								"east": {"uv": [16, 16], "uv_size": [0, 0]},
								"south": {"uv": [16, 16], "uv_size": [0, 0]},
								"west": {"uv": [16, 16], "uv_size": [0, 0]},
								"up": {"uv": [16, 16], "uv_size": [0, 0]},
								"down": {"uv": [16, 16], "uv_size": [0, 0]}
							}
						},
						{
							"origin": [3.17878, 19.90778, 3.5],
							"size": [0.4, 0.4, 0.35],
							"pivot": [-0.02122, 20.30778, 3.45],
							"rotation": [0, 0, -30],
							"uv": {
								"north": {"uv": [16, 16], "uv_size": [0, 0]},
								"east": {"uv": [16, 16], "uv_size": [0, 0]},
								"south": {"uv": [16, 16], "uv_size": [0, 0]},
								"west": {"uv": [16, 16], "uv_size": [0, 0]},
								"up": {"uv": [16, 16], "uv_size": [0, 0]},
								"down": {"uv": [16, 16], "uv_size": [0, 0]}
							}
						},
						{
							"origin": [4.88085, 18.69415, 3.5],
							"size": [0.4, 0.4, 0.35],
							"pivot": [1.68085, 19.09415, 3.45],
							"rotation": [0, 0, -90],
							"uv": {
								"north": {"uv": [16, 16], "uv_size": [0, 0]},
								"east": {"uv": [16, 16], "uv_size": [0, 0]},
								"south": {"uv": [16, 16], "uv_size": [0, 0]},
								"west": {"uv": [16, 16], "uv_size": [0, 0]},
								"up": {"uv": [16, 16], "uv_size": [0, 0]},
								"down": {"uv": [16, 16], "uv_size": [0, 0]}
							}
						},
						{
							"origin": [4.3491, 18.81682, 3.5],
							"size": [0.4, 0.4, 0.35],
							"pivot": [1.1491, 19.21682, 3.45],
							"rotation": [0, 0, -75],
							"uv": {
								"north": {"uv": [16, 16], "uv_size": [0, 0]},
								"east": {"uv": [16, 16], "uv_size": [0, 0]},
								"south": {"uv": [16, 16], "uv_size": [0, 0]},
								"west": {"uv": [16, 16], "uv_size": [0, 0]},
								"up": {"uv": [16, 16], "uv_size": [0, 0]},
								"down": {"uv": [16, 16], "uv_size": [0, 0]}
							}
						},
						{
							"origin": [3.86722, 19.07293, 3.5],
							"size": [0.4, 0.4, 0.35],
							"pivot": [0.66722, 19.47293, 3.45],
							"rotation": [0, 0, -60],
							"uv": {
								"north": {"uv": [16, 16], "uv_size": [0, 0]},
								"east": {"uv": [16, 16], "uv_size": [0, 0]},
								"south": {"uv": [16, 16], "uv_size": [0, 0]},
								"west": {"uv": [16, 16], "uv_size": [0, 0]},
								"up": {"uv": [16, 16], "uv_size": [0, 0]},
								"down": {"uv": [16, 16], "uv_size": [0, 0]}
							}
						},
						{
							"origin": [-0.50552, 19.07293, 3.5],
							"size": [0.4, 0.4, 0.35],
							"pivot": [3.09448, 19.47293, 3.45],
							"rotation": [0, 0, 60],
							"uv": {
								"north": {"uv": [16, 16], "uv_size": [0, 0]},
								"east": {"uv": [16, 16], "uv_size": [0, 0]},
								"south": {"uv": [16, 16], "uv_size": [0, 0]},
								"west": {"uv": [16, 16], "uv_size": [0, 0]},
								"up": {"uv": [16, 16], "uv_size": [0, 0]},
								"down": {"uv": [16, 16], "uv_size": [0, 0]}
							}
						},
						{
							"origin": [-0.9874, 18.81682, 3.5],
							"size": [0.4, 0.4, 0.35],
							"pivot": [2.6126, 19.21682, 3.45],
							"rotation": [0, 0, 75],
							"uv": {
								"north": {"uv": [16, 16], "uv_size": [0, 0]},
								"east": {"uv": [16, 16], "uv_size": [0, 0]},
								"south": {"uv": [16, 16], "uv_size": [0, 0]},
								"west": {"uv": [16, 16], "uv_size": [0, 0]},
								"up": {"uv": [16, 16], "uv_size": [0, 0]},
								"down": {"uv": [16, 16], "uv_size": [0, 0]}
							}
						},
						{
							"origin": [0.34256, 20.42962, 3.5],
							"size": [0.4, 0.4, 0.35],
							"pivot": [3.94256, 20.82962, 3.45],
							"rotation": [0, 0, 15],
							"uv": {
								"north": {"uv": [16, 16], "uv_size": [0, 0]},
								"east": {"uv": [16, 16], "uv_size": [0, 0]},
								"south": {"uv": [16, 16], "uv_size": [0, 0]},
								"west": {"uv": [16, 16], "uv_size": [0, 0]},
								"up": {"uv": [16, 16], "uv_size": [0, 0]},
								"down": {"uv": [16, 16], "uv_size": [0, 0]}
							}
						},
						{
							"origin": [-0.10635, 19.44504, 3.5],
							"size": [0.4, 0.4, 0.35],
							"pivot": [3.49365, 19.84504, 3.45],
							"rotation": [0, 0, 45],
							"uv": {
								"north": {"uv": [16, 16], "uv_size": [0, 0]},
								"east": {"uv": [16, 16], "uv_size": [0, 0]},
								"south": {"uv": [16, 16], "uv_size": [0, 0]},
								"west": {"uv": [16, 16], "uv_size": [0, 0]},
								"up": {"uv": [16, 16], "uv_size": [0, 0]},
								"down": {"uv": [16, 16], "uv_size": [0, 0]}
							}
						},
						{
							"origin": [0.18292, 19.90778, 3.5],
							"size": [0.4, 0.4, 0.35],
							"pivot": [3.78292, 20.30778, 3.45],
							"rotation": [0, 0, 30],
							"uv": {
								"north": {"uv": [16, 16], "uv_size": [0, 0]},
								"east": {"uv": [16, 16], "uv_size": [0, 0]},
								"south": {"uv": [16, 16], "uv_size": [0, 0]},
								"west": {"uv": [16, 16], "uv_size": [0, 0]},
								"up": {"uv": [16, 16], "uv_size": [0, 0]},
								"down": {"uv": [16, 16], "uv_size": [0, 0]}
							}
						}
					]
				},
				{
					"name": "megumi_sword2_bone3",
					"parent": "megumi_sword2",
					"pivot": [0.4, 22.04, 2],
					"cubes": [
						{
							"origin": [-6.8, 22.11, 1.66],
							"size": [0.8, 0.48, 0.74],
							"uv": {
								"north": {"uv": [0, 0], "uv_size": [0, 0]},
								"east": {"uv": [0, 0], "uv_size": [0, 0]},
								"south": {"uv": [0, 0], "uv_size": [0, 0]},
								"west": {"uv": [0, 0], "uv_size": [0, 0]},
								"up": {"uv": [0, 0], "uv_size": [0, 0]},
								"down": {"uv": [0, 0], "uv_size": [0, 0]}
							}
						},
						{
							"origin": [-7.1216, 22.11, -1.12281],
							"size": [0.8, 0.48, 1.14],
							"pivot": [0.0784, 21.95, -0.38281],
							"rotation": [0, 15, 0],
							"uv": {
								"north": {"uv": [0, 0], "uv_size": [0, 0]},
								"east": {"uv": [0, 0], "uv_size": [0, 0]},
								"south": {"uv": [0, 0], "uv_size": [0, 0]},
								"west": {"uv": [0, 0], "uv_size": [0, 0]},
								"up": {"uv": [0, 0], "uv_size": [0, 0]},
								"down": {"uv": [0, 0], "uv_size": [0, 0]}
							}
						},
						{
							"origin": [-7.69505, 22.11, 0.55884],
							"size": [1.4, 0.48, 2.94],
							"uv": {
								"north": {"uv": [0, 0], "uv_size": [0, 0]},
								"east": {"uv": [0, 0], "uv_size": [0, 0]},
								"south": {"uv": [0, 0], "uv_size": [0, 0]},
								"west": {"uv": [0, 0], "uv_size": [0, 0]},
								"up": {"uv": [0, 0], "uv_size": [0, 0]},
								"down": {"uv": [0, 0], "uv_size": [0, 0]}
							}
						},
						{
							"origin": [-7.57005, 22.11, 0.55884],
							"size": [1.15, 0.48, 2.94],
							"inflate": 0.025,
							"uv": {
								"north": {"uv": [0, 0], "uv_size": [0, 0]},
								"east": {"uv": [0, 0], "uv_size": [0, 0]},
								"south": {"uv": [0, 0], "uv_size": [0, 0]},
								"west": {"uv": [0, 0], "uv_size": [0, 0]},
								"up": {"uv": [0, 0], "uv_size": [0, 0]},
								"down": {"uv": [0, 0], "uv_size": [0, 0]}
							}
						},
						{
							"origin": [-7.39505, 22.11, 0.55884],
							"size": [0.725, 0.48, 2.94],
							"inflate": 0.05,
							"uv": {
								"north": {"uv": [0, 0], "uv_size": [0, 0]},
								"east": {"uv": [0, 0], "uv_size": [0, 0]},
								"south": {"uv": [0, 0], "uv_size": [0, 0]},
								"west": {"uv": [0, 0], "uv_size": [0, 0]},
								"up": {"uv": [0, 0], "uv_size": [0, 0]},
								"down": {"uv": [0, 0], "uv_size": [0, 0]}
							}
						},
						{
							"origin": [-7.19505, 22.11, 0.55884],
							"size": [0.325, 0.48, 2.94],
							"inflate": 0.075,
							"uv": {
								"north": {"uv": [0, 0], "uv_size": [0, 0]},
								"east": {"uv": [0, 0], "uv_size": [0, 0]},
								"south": {"uv": [0, 0], "uv_size": [0, 0]},
								"west": {"uv": [0, 0], "uv_size": [0, 0]},
								"up": {"uv": [0, 0], "uv_size": [0, 0]},
								"down": {"uv": [0, 0], "uv_size": [0, 0]}
							}
						},
						{
							"origin": [-16.69505, 22.11, 0.55884],
							"size": [9, 0.48, 2.94],
							"uv": {
								"north": {"uv": [16, 0], "uv_size": [0, 0]},
								"east": {"uv": [16, 0], "uv_size": [0, 0]},
								"south": {"uv": [16, 0], "uv_size": [0, 0]},
								"west": {"uv": [16, 0], "uv_size": [0, 0]},
								"up": {"uv": [16, 0], "uv_size": [0, 0]},
								"down": {"uv": [16, 0], "uv_size": [0, 0]}
							}
						},
						{
							"origin": [-19.89505, 22.11, 0.55884],
							"size": [3.2, 0.48, 1.3],
							"uv": {
								"north": {"uv": [16, 0], "uv_size": [0, 0]},
								"east": {"uv": [16, 0], "uv_size": [0, 0]},
								"south": {"uv": [16, 0], "uv_size": [0, 0]},
								"west": {"uv": [16, 0], "uv_size": [0, 0]},
								"up": {"uv": [16, 0], "uv_size": [0, 0]},
								"down": {"uv": [16, 0], "uv_size": [0, 0]}
							}
						},
						{
							"origin": [-19.89505, 22.11, 2.19884],
							"size": [3.2, 0.48, 1.3],
							"uv": {
								"north": {"uv": [16, 0], "uv_size": [0, 0]},
								"east": {"uv": [16, 0], "uv_size": [0, 0]},
								"south": {"uv": [16, 0], "uv_size": [0, 0]},
								"west": {"uv": [16, 0], "uv_size": [0, 0]},
								"up": {"uv": [16, 0], "uv_size": [0, 0]},
								"down": {"uv": [16, 0], "uv_size": [0, 0]}
							}
						},
						{
							"origin": [-17.86724, 22.11, 2.35143],
							"size": [1.44, 0.48, 1.1],
							"pivot": [0.23276, 21.95, 1.13143],
							"rotation": [0, -5, 0],
							"uv": {
								"north": {"uv": [16, 0], "uv_size": [0, 0]},
								"east": {"uv": [16, 0], "uv_size": [0, 0]},
								"south": {"uv": [16, 0], "uv_size": [0, 0]},
								"west": {"uv": [16, 0], "uv_size": [0, 0]},
								"up": {"uv": [16, 0], "uv_size": [0, 0]},
								"down": {"uv": [16, 0], "uv_size": [0, 0]}
							}
						},
						{
							"origin": [-17.86724, 22.11, 0.60857],
							"size": [1.44, 0.48, 1.1],
							"pivot": [0.23276, 21.95, 2.86857],
							"rotation": [0, 5, 0],
							"uv": {
								"north": {"uv": [16, 0], "uv_size": [0, 0]},
								"east": {"uv": [16, 0], "uv_size": [0, 0]},
								"south": {"uv": [16, 0], "uv_size": [0, 0]},
								"west": {"uv": [16, 0], "uv_size": [0, 0]},
								"up": {"uv": [16, 0], "uv_size": [0, 0]},
								"down": {"uv": [16, 0], "uv_size": [0, 0]}
							}
						},
						{
							"origin": [-19.89505, 22.11, 1.47884],
							"size": [0.64, 0.48, 2.02],
							"uv": {
								"north": {"uv": [16, 0], "uv_size": [0, 0]},
								"east": {"uv": [16, 0], "uv_size": [0, 0]},
								"south": {"uv": [16, 0], "uv_size": [0, 0]},
								"west": {"uv": [16, 0], "uv_size": [0, 0]},
								"up": {"uv": [16, 0], "uv_size": [0, 0]},
								"down": {"uv": [16, 0], "uv_size": [0, 0]}
							}
						},
						{
							"origin": [-22.82492, 22.11, 6.18972],
							"size": [3.26, 0.48, 0.22],
							"pivot": [-13.16492, 21.95, 4.20972],
							"rotation": [0, -25, 0],
							"uv": {
								"north": {"uv": [16, 0], "uv_size": [0, 0]},
								"east": {"uv": [16, 0], "uv_size": [0, 0]},
								"south": {"uv": [16, 0], "uv_size": [0, 0]},
								"west": {"uv": [16, 0], "uv_size": [0, 0]},
								"up": {"uv": [16, 0], "uv_size": [0, 0]},
								"down": {"uv": [16, 0], "uv_size": [0, 0]}
							}
						},
						{
							"origin": [-22.42492, 22.11, 5.80972],
							"size": [2.86, 0.48, 0.6],
							"pivot": [-13.16492, 21.95, 4.20972],
							"rotation": [0, -25, 0],
							"uv": {
								"north": {"uv": [16, 0], "uv_size": [0, 0]},
								"east": {"uv": [16, 0], "uv_size": [0, 0]},
								"south": {"uv": [16, 0], "uv_size": [0, 0]},
								"west": {"uv": [16, 0], "uv_size": [0, 0]},
								"up": {"uv": [16, 0], "uv_size": [0, 0]},
								"down": {"uv": [16, 0], "uv_size": [0, 0]}
							}
						},
						{
							"origin": [-21.60492, 22.11, 4.76972],
							"size": [1.88, 0.48, 1.1],
							"pivot": [-13.16492, 21.95, 4.20972],
							"rotation": [0, -25, 0],
							"uv": {
								"north": {"uv": [16, 0], "uv_size": [0, 0]},
								"east": {"uv": [16, 0], "uv_size": [0, 0]},
								"south": {"uv": [16, 0], "uv_size": [0, 0]},
								"west": {"uv": [16, 0], "uv_size": [0, 0]},
								"up": {"uv": [16, 0], "uv_size": [0, 0]},
								"down": {"uv": [16, 0], "uv_size": [0, 0]}
							}
						},
						{
							"origin": [-22.82492, 22.11, -2.35204],
							"size": [3.26, 0.48, 0.24],
							"pivot": [-13.16492, 21.95, -0.15204],
							"rotation": [0, 25, 0],
							"uv": {
								"north": {"uv": [16, 0], "uv_size": [0, 0]},
								"east": {"uv": [16, 0], "uv_size": [0, 0]},
								"south": {"uv": [16, 0], "uv_size": [0, 0]},
								"west": {"uv": [16, 0], "uv_size": [0, 0]},
								"up": {"uv": [16, 0], "uv_size": [0, 0]},
								"down": {"uv": [16, 0], "uv_size": [0, 0]}
							}
						},
						{
							"origin": [-22.08492, 22.11, -2.35204],
							"size": [2.52, 0.48, 1.1],
							"pivot": [-13.16492, 21.95, -0.15204],
							"rotation": [0, 25, 0],
							"uv": {
								"north": {"uv": [16, 0], "uv_size": [0, 0]},
								"east": {"uv": [16, 0], "uv_size": [0, 0]},
								"south": {"uv": [16, 0], "uv_size": [0, 0]},
								"west": {"uv": [16, 0], "uv_size": [0, 0]},
								"up": {"uv": [16, 0], "uv_size": [0, 0]},
								"down": {"uv": [16, 0], "uv_size": [0, 0]}
							}
						},
						{
							"origin": [-22.84962, 22.11, 1.94111],
							"size": [3.28, 0.48, 0.18],
							"uv": {
								"north": {"uv": [16, 0], "uv_size": [0, 0]},
								"east": {"uv": [16, 0], "uv_size": [0, 0]},
								"south": {"uv": [16, 0], "uv_size": [0, 0]},
								"west": {"uv": [16, 0], "uv_size": [0, 0]},
								"up": {"uv": [16, 0], "uv_size": [0, 0]},
								"down": {"uv": [16, 0], "uv_size": [0, 0]}
							}
						},
						{
							"origin": [-7.10607, 22.11, 4.04486],
							"size": [0.8, 0.48, 1.14],
							"pivot": [0.09393, 21.95, 4.38486],
							"rotation": [0, -15, 0],
							"uv": {
								"north": {"uv": [0, 0], "uv_size": [0, 0]},
								"east": {"uv": [0, 0], "uv_size": [0, 0]},
								"south": {"uv": [0, 0], "uv_size": [0, 0]},
								"west": {"uv": [0, 0], "uv_size": [0, 0]},
								"up": {"uv": [0, 0], "uv_size": [0, 0]},
								"down": {"uv": [0, 0], "uv_size": [0, 0]}
							}
						}
					]
				}
			]
		}
	]
}