{"format_version":"1.10.0","particle_effect":{"description":{"identifier":"yg:red_light","basic_render_parameters":{"material":"particles_blend","texture":"textures/particles/red_lighting"}},"components":{"minecraft:emitter_local_space":{"position":true,"rotation":true},"minecraft:emitter_rate_steady":{"spawn_rate":30,"max_particles":60},"minecraft:emitter_lifetime_looping":{"active_time":1},"minecraft:emitter_shape_disc":{"offset":[0,0,0],"radius":0,"direction":"outwards"},"minecraft:particle_lifetime_expression":{"max_lifetime":"10 / Math.Random(5, 5) + 0.1"},"minecraft:particle_initial_speed":1,"minecraft:particle_motion_dynamic":{"linear_acceleration":[0,"Math.Random(0,-2)",-10],"linear_drag_coefficient":2.5},"minecraft:particle_appearance_billboard":{"size":[0.3,0.3],"facing_camera_mode":"rotate_xyz","uv":{"texture_width":16,"texture_height":16,"uv":[7,0],"uv_size":[16,16]}},"minecraft:particle_motion_collision":{"collision_drag":100,"coefficient_of_restitution":5,"collision_radius":0.1}}}}