{"format_version":"1.16.100","minecraft:entity":{"description":{"identifier":"furniture:abrir","is_spawnable":false,"is_summonable":true,"is_experimental":false,"scripts":{"animate":["setup"]},"animations":{"setup":"controller.animation.break.setup"}},"component_groups":{},"components":{"minecraft:type_family":{"family":["abrir","inanimate"]},"minecraft:collision_box":{"width":0.8,"height":0.2},"minecraft:health":{"value":1,"max":1},"minecraft:fire_immune":{},"minecraft:damage_sensor":{"triggers":{"cause":"all","deals_damage":false}},"minecraft:inventory":{"container_type":"container","inventory_size":27},"minecraft:inside_block_notifier":{"block_list":[{"block":"loled:bedroom_wardrobe","exited_block_event":{"event":"block_on_break","target":"self"}},{"block":"loled:kitchen_cabinet_down","exited_block_event":{"event":"block_on_break","target":"self"}},{"block":"loled:kitchen_cabinet_down_blue","exited_block_event":{"event":"block_on_break","target":"self"}},{"block":"loled:kitchen_cabinet_down_brown","exited_block_event":{"event":"block_on_break","target":"self"}},{"block":"loled:kitchen_cabinet_down_clay","exited_block_event":{"event":"block_on_break","target":"self"}},{"block":"loled:kitchen_cabinet_down_cyan","exited_block_event":{"event":"block_on_break","target":"self"}},{"block":"loled:kitchen_cabinet_down_gray","exited_block_event":{"event":"block_on_break","target":"self"}},{"block":"loled:kitchen_cabinet_down_green","exited_block_event":{"event":"block_on_break","target":"self"}},{"block":"loled:kitchen_cabinet_down_light_blue","exited_block_event":{"event":"block_on_break","target":"self"}},{"block":"loled:kitchen_cabinet_down_lime","exited_block_event":{"event":"block_on_break","target":"self"}},{"block":"loled:kitchen_cabinet_down_orange","exited_block_event":{"event":"block_on_break","target":"self"}},{"block":"loled:kitchen_cabinet_down_pink","exited_block_event":{"event":"block_on_break","target":"self"}},{"block":"loled:kitchen_cabinet_down_purple","exited_block_event":{"event":"block_on_break","target":"self"}},{"block":"loled:kitchen_cabinet_down_red","exited_block_event":{"event":"block_on_break","target":"self"}},{"block":"loled:kitchen_cabinet_down_silver","exited_block_event":{"event":"block_on_break","target":"self"}},{"block":"loled:kitchen_cabinet_down_white","exited_block_event":{"event":"block_on_break","target":"self"}},{"block":"loled:kitchen_cabinet_down_yellow","exited_block_event":{"event":"block_on_break","target":"self"}},{"block":"loled:bedroom_nightstand","exited_block_event":{"event":"block_on_break","target":"self"}},{"block":"loled:kitchen_cabinet_1","exited_block_event":{"event":"block_on_break","target":"self"}},{"block":"loled:kitchen_cabinet_2","exited_block_event":{"event":"block_on_break","target":"self"}},{"block":"loled:kitchen_cabinet_3","exited_block_event":{"event":"block_on_break","target":"self"}},{"block":"loled:kitchen_cabinet_4","exited_block_event":{"event":"block_on_break","target":"self"}},{"block":"loled:kitchen_cabinet_blue_1","exited_block_event":{"event":"block_on_break","target":"self"}},{"block":"loled:kitchen_cabinet_blue_2","exited_block_event":{"event":"block_on_break","target":"self"}},{"block":"loled:kitchen_cabinet_blue_3","exited_block_event":{"event":"block_on_break","target":"self"}},{"block":"loled:kitchen_cabinet_blue_4","exited_block_event":{"event":"block_on_break","target":"self"}},{"block":"loled:kitchen_cabinet_brown_1","exited_block_event":{"event":"block_on_break","target":"self"}},{"block":"loled:kitchen_cabinet_brown_2","exited_block_event":{"event":"block_on_break","target":"self"}},{"block":"loled:kitchen_cabinet_brown_3","exited_block_event":{"event":"block_on_break","target":"self"}},{"block":"loled:kitchen_cabinet_brown_4","exited_block_event":{"event":"block_on_break","target":"self"}},{"block":"loled:kitchen_cabinet_clay_1","exited_block_event":{"event":"block_on_break","target":"self"}},{"block":"loled:kitchen_cabinet_clay_2","exited_block_event":{"event":"block_on_break","target":"self"}},{"block":"loled:kitchen_cabinet_clay_3","exited_block_event":{"event":"block_on_break","target":"self"}},{"block":"loled:kitchen_cabinet_clay_4","exited_block_event":{"event":"block_on_break","target":"self"}},{"block":"loled:kitchen_cabinet_cyan_1","exited_block_event":{"event":"block_on_break","target":"self"}},{"block":"loled:kitchen_cabinet_cyan_2","exited_block_event":{"event":"block_on_break","target":"self"}},{"block":"loled:kitchen_cabinet_cyan_3","exited_block_event":{"event":"block_on_break","target":"self"}},{"block":"loled:kitchen_cabinet_cyan_4","exited_block_event":{"event":"block_on_break","target":"self"}},{"block":"loled:kitchen_cabinet_gray_1","exited_block_event":{"event":"block_on_break","target":"self"}},{"block":"loled:kitchen_cabinet_gray_2","exited_block_event":{"event":"block_on_break","target":"self"}},{"block":"loled:kitchen_cabinet_gray_3","exited_block_event":{"event":"block_on_break","target":"self"}},{"block":"loled:kitchen_cabinet_gray_4","exited_block_event":{"event":"block_on_break","target":"self"}},{"block":"loled:kitchen_cabinet_green_1","exited_block_event":{"event":"block_on_break","target":"self"}},{"block":"loled:kitchen_cabinet_green_2","exited_block_event":{"event":"block_on_break","target":"self"}},{"block":"loled:kitchen_cabinet_green_3","exited_block_event":{"event":"block_on_break","target":"self"}},{"block":"loled:kitchen_cabinet_green_4","exited_block_event":{"event":"block_on_break","target":"self"}},{"block":"loled:kitchen_cabinet_light_blue_1","exited_block_event":{"event":"block_on_break","target":"self"}},{"block":"loled:kitchen_cabinet_light_blue_2","exited_block_event":{"event":"block_on_break","target":"self"}},{"block":"loled:kitchen_cabinet_light_blue_3","exited_block_event":{"event":"block_on_break","target":"self"}},{"block":"loled:kitchen_cabinet_light_blue_4","exited_block_event":{"event":"block_on_break","target":"self"}},{"block":"loled:kitchen_cabinet_lime_1","exited_block_event":{"event":"block_on_break","target":"self"}},{"block":"loled:kitchen_cabinet_lime_2","exited_block_event":{"event":"block_on_break","target":"self"}},{"block":"loled:kitchen_cabinet_lime_3","exited_block_event":{"event":"block_on_break","target":"self"}},{"block":"loled:kitchen_cabinet_lime_4","exited_block_event":{"event":"block_on_break","target":"self"}},{"block":"loled:kitchen_cabinet_orange_1","exited_block_event":{"event":"block_on_break","target":"self"}},{"block":"loled:kitchen_cabinet_orange_2","exited_block_event":{"event":"block_on_break","target":"self"}},{"block":"loled:kitchen_cabinet_orange_3","exited_block_event":{"event":"block_on_break","target":"self"}},{"block":"loled:kitchen_cabinet_orange_4","exited_block_event":{"event":"block_on_break","target":"self"}},{"block":"loled:kitchen_cabinet_pink_1","exited_block_event":{"event":"block_on_break","target":"self"}},{"block":"loled:kitchen_cabinet_pink_2","exited_block_event":{"event":"block_on_break","target":"self"}},{"block":"loled:kitchen_cabinet_pink_3","exited_block_event":{"event":"block_on_break","target":"self"}},{"block":"loled:kitchen_cabinet_pink_4","exited_block_event":{"event":"block_on_break","target":"self"}},{"block":"loled:kitchen_cabinet_purple_1","exited_block_event":{"event":"block_on_break","target":"self"}},{"block":"loled:kitchen_cabinet_purple_2","exited_block_event":{"event":"block_on_break","target":"self"}},{"block":"loled:kitchen_cabinet_purple_3","exited_block_event":{"event":"block_on_break","target":"self"}},{"block":"loled:kitchen_cabinet_purple_4","exited_block_event":{"event":"block_on_break","target":"self"}},{"block":"loled:kitchen_cabinet_red_1","exited_block_event":{"event":"block_on_break","target":"self"}},{"block":"loled:kitchen_cabinet_red_2","exited_block_event":{"event":"block_on_break","target":"self"}},{"block":"loled:kitchen_cabinet_red_3","exited_block_event":{"event":"block_on_break","target":"self"}},{"block":"loled:kitchen_cabinet_red_4","exited_block_event":{"event":"block_on_break","target":"self"}},{"block":"loled:kitchen_cabinet_silver_1","exited_block_event":{"event":"block_on_break","target":"self"}},{"block":"loled:kitchen_cabinet_silver_2","exited_block_event":{"event":"block_on_break","target":"self"}},{"block":"loled:kitchen_cabinet_silver_3","exited_block_event":{"event":"block_on_break","target":"self"}},{"block":"loled:kitchen_cabinet_silver_4","exited_block_event":{"event":"block_on_break","target":"self"}},{"block":"loled:kitchen_cabinet_white_1","exited_block_event":{"event":"block_on_break","target":"self"}},{"block":"loled:kitchen_cabinet_white_2","exited_block_event":{"event":"block_on_break","target":"self"}},{"block":"loled:kitchen_cabinet_white_3","exited_block_event":{"event":"block_on_break","target":"self"}},{"block":"loled:kitchen_cabinet_white_4","exited_block_event":{"event":"block_on_break","target":"self"}},{"block":"loled:kitchen_cabinet_yellow_1","exited_block_event":{"event":"block_on_break","target":"self"}},{"block":"loled:kitchen_cabinet_yellow_2","exited_block_event":{"event":"block_on_break","target":"self"}},{"block":"loled:kitchen_cabinet_yellow_3","exited_block_event":{"event":"block_on_break","target":"self"}},{"block":"loled:kitchen_cabinet_yellow_4","exited_block_event":{"event":"block_on_break","target":"self"}},{"block":"loled:beach_thermal_box","exited_block_event":{"event":"block_on_break","target":"self"}},{"block":"loled:kitchen_fridge","exited_block_event":{"event":"block_on_break","target":"self"}}]}},"events":{"block_on_break":{"run_command":{"command":"kill @e[type=furniture:abrir, c=1]"}}}}}