{
  "resource_pack_name": "domestic_moba",
  "texture_name": "atlas.items",
  "texture_data": {
    "mdz:maz_key": {
      "textures": [
        "textures/maz/items/maz_key"
      ]
    },
    "mdz:maz": {
      "textures": [
        "textures/maz/items/maz"
      ]
    },
    "mdz:door_open": {
      "textures": [
        "textures/maz/items/door_open"
      ]
    },
    "mdz:door_close": {
      "textures": [
        "textures/maz/items/door_close"
      ]
    },
    "mdz:speed1": {
      "textures": [
        "textures/maz/items/speed/speed1"
      ]
    },
    "mdz:speed2": {
      "textures": [
        "textures/maz/items/speed/speed2"
      ]
    },
    "mdz:speed3": {
      "textures": [
        "textures/maz/items/speed/speed3"
      ]
    },
    "mdz:speed4": {
      "textures": [
        "textures/maz/items/speed/speed4"
      ]
    },
    "mdz:speed5": {
      "textures": [
        "textures/maz/items/speed/speed5"
      ]
    },
    "mdz:speed6": {
      "textures": [
        "textures/maz/items/speed/speed6"
      ]
    },
    "mdz:maz_color1": {
      "textures": [
        "textures/maz/items/color1"
      ]
    },
    "mdz:maz_color2": {
      "textures": [
        "textures/maz/items/color2"
      ]
    },
    "mdz:maz_color3": {
      "textures": [
        "textures/maz/items/color3"
      ]
    },
    "mdz:maz_color4": {
      "textures": [
        "textures/maz/items/color4"
      ]
    },
    "mdz:maz_color5": {
      "textures": [
        "textures/maz/items/color5"
      ]
    },
    "mdz:maz_color6": {
      "textures": [
        "textures/maz/items/color6"
      ]
    },
    "mdz:maz_color7": {
      "textures": [
        "textures/maz/items/color7"
      ]
    },
    "mdz:maz_color8": {
      "textures": [
        "textures/maz/items/color8"
      ]
    },
    "mdz:maz_color9": {
      "textures": [
        "textures/maz/items/color9"
      ]
    },
    "mdz:maz_color10": {
      "textures": [
        "textures/maz/items/color10"
      ]
    },

    "mdz:maz_use_lights_on": {
      "textures": [
        "textures/maz/items/lights_on"
      ]
    },
    "mdz:maz_use_lights_off": {
      "textures": [
        "textures/maz/items/lights_off"
      ]
    }
  }
}