{
  "mob.lv_skibidi_small.ambient": {
    "category": " neutral",
    "sounds": [
      {
        "load_on_low_memory": true,
        "name": "sounds/mob/witch/ambient5",
        "pitch": 0.7
      },
      "sounds/mob/lv_skibidi_small/ambient/ambient1",
      "sounds/mob/lv_skibidi_small/ambient/ambient2",
      "sounds/mob/lv_skibidi_small/ambient/ambient3",
      "sounds/mob/lv_skibidi_small/ambient/ambient4",
      "sounds/mob/lv_skibidi_small/ambient/ambient5"
    ]
  },
  "mob.lv_skibidi_small.hurt": {
    "category": " neutral",
    "sounds": [
      "sounds/mob/lv_skibidi_small/hurt/hurt1",
      "sounds/mob/lv_skibidi_small/hurt/hurt2",
      "sounds/mob/lv_skibidi_small/hurt/hurt3"
    ]
  },
  "mob.lv_skibidi_small.death": {
    "category": " neutral",
    "sounds": [
      "sounds/mob/lv_skibidi_small/death/death1",
      "sounds/mob/lv_skibidi_small/death/death2",
      "sounds/mob/lv_skibidi_small/death/death3"
    ]
  },
  "mob.lv_skibidi_small.throw": {
    "category": " neutral",
    "sounds": [
      "sounds/mob/lv_skibidi_small/throw/throw1",
      "sounds/mob/lv_skibidi_small/throw/throw2",
      "sounds/mob/lv_skibidi_small/throw/throw3"
    ]
  }
}