{
  "format_version": "1.12.0",
  "minecraft:geometry": [
    {
      "description": {
        "identifier": "geometry.pa_dus_indomie",
        "texture_width": 32,
        "texture_height": 32,
        "visible_bounds_width": 3,
        "visible_bounds_height": 2.5,
        "visible_bounds_offset": [
          0,
          0.75,
          0
        ]
      },
      "bones": [
        {
          "name": "bb_main",
          "pivot": [
            0,
            0,
            0
          ],
          "cubes": [
            {
              "origin": [
                -7,
                0,
                -7
              ],
              "size": [
                14,
                8,
                14
              ],
              "uv": {
                "north": {
                  "uv": [
                    0,
                    6.0625
                  ],
                  "uv_size": [
                    5.9375,
                    3.9375
                  ]
                },
                "east": {
                  "uv": [
                    17.0625,
                    6.125
                  ],
                  "uv_size": [
                    4.9375,
                    3.75
                  ]
                },
                "south": {
                  "uv": [
                    0,
                    6.125
                  ],
                  "uv_size": [
                    5.8125,
                    3.875
                  ]
                },
                "west": {
                  "uv": [
                    0.0625,
                    6
                  ],
                  "uv_size": [
                    5.625,
                    3.9375
                  ]
                },
                "up": {
                  "uv": [
                    13.25,
                    2.25
                  ],
                  "uv_size": [
                    -5.5,
                    -2.125
                  ]
                },
                "down": {
                  "uv": [
                    13.875,
                    2.6875
                  ],
                  "uv_size": [
                    -6.3125,
                    -2.6875
                  ]
                }
              }
            },
            {
              "origin": [
                -7,
                8,
                -7
              ],
              "size": [
                14,
                8,
                14
              ],
              "uv": {
                "north": {
                  "uv": [
                    0,
                    6.0625
                  ],
                  "uv_size": [
                    5.9375,
                    3.9375
                  ]
                },
                "east": {
                  "uv": [
                    17.0625,
                    6.125
                  ],
                  "uv_size": [
                    4.9375,
                    3.75
                  ]
                },
                "south": {
                  "uv": [
                    0,
                    6.125
                  ],
                  "uv_size": [
                    5.8125,
                    3.875
                  ]
                },
                "west": {
                  "uv": [
                    0.0625,
                    6
                  ],
                  "uv_size": [
                    5.625,
                    3.9375
                  ]
                },
                "up": {
                  "uv": [
                    13.25,
                    2.25
                  ],
                  "uv_size": [
                    -5.5,
                    -2.125
                  ]
                },
                "down": {
                  "uv": [
                    13.875,
                    2.6875
                  ],
                  "uv_size": [
                    -6.3125,
                    -2.6875
                  ]
                }
              }
            }
          ]
        },
        {
          "name": "door",
          "pivot": [
            -6,
            16,
            -8
          ]
        },
        {
          "name": "bone",
          "parent": "door",
          "pivot": [
            -6,
            16,
            -8
          ]
        }
      ]
    }
  ]
}