{
  "format_version": "1.12.0",
  "minecraft:geometry": [
    {
      "description": {
        "identifier": "geometry.pa_freezer",
        "texture_width": 64,
        "texture_height": 64,
        "visible_bounds_width": 4,
        "visible_bounds_height": 3,
        "visible_bounds_offset": [
          0,
          0.5,
          0
        ]
      },
      "bones": [
        {
          "name": "bone2",
          "pivot": [
            0,
            0,
            0
          ],
          "cubes": [
            {
              "origin": [
                -23,
                12,
                -5
              ],
              "size": [
                15,
                1,
                15
              ],
              "pivot": [
                0,
                0,
                0
              ],
              "rotation": [
                12.5,
                0,
                0
              ],
              "uv": {
                "north": {
                  "uv": [
                    33.05,
                    30.65
                  ],
                  "uv_size": [
                    2,
                    2
                  ]
                },
                "east": {
                  "uv": [
                    33.3,
                    31.75
                  ],
                  "uv_size": [
                    2,
                    2
                  ]
                },
                "south": {
                  "uv": [
                    33.85,
                    32.8
                  ],
                  "uv_size": [
                    2,
                    2
                  ]
                },
                "west": {
                  "uv": [
                    29.45,
                    31.65
                  ],
                  "uv_size": [
                    2,
                    2
                  ]
                },
                "up": {
                  "uv": [
                    50.9,
                    59.75
                  ],
                  "uv_size": [
                    -21.05,
                    -21.5
                  ]
                },
                "down": {
                  "uv": [
                    50.85,
                    38.2
                  ],
                  "uv_size": [
                    -21.1,
                    21.6
                  ]
                }
              }
            }
          ]
        },
        {
          "name": "bone",
          "pivot": [
            0,
            0,
            0
          ],
          "cubes": [
            {
              "origin": [
                -24,
                0,
                -8
              ],
              "size": [
                32,
                2,
                16
              ],
              "uv": {
                "north": {
                  "uv": [
                    7.8,
                    32.75
                  ],
                  "uv_size": [
                    2,
                    2
                  ]
                },
                "east": {
                  "uv": [
                    7.6,
                    33.3
                  ],
                  "uv_size": [
                    2,
                    2
                  ]
                },
                "south": {
                  "uv": [
                    6.95,
                    34.8
                  ],
                  "uv_size": [
                    2,
                    2
                  ]
                },
                "west": {
                  "uv": [
                    8.35,
                    34.7
                  ],
                  "uv_size": [
                    2,
                    2
                  ]
                },
                "up": {
                  "uv": [
                    9.6,
                    37.35
                  ],
                  "uv_size": [
                    -2,
                    -2
                  ]
                },
                "down": {
                  "uv": [
                    10.85,
                    14.85
                  ],
                  "uv_size": [
                    -1.65,
                    1.3
                  ]
                }
              }
            },
            {
              "origin": [
                -22,
                2,
                3
              ],
              "size": [
                2,
                1,
                4
              ],
              "uv": {
                "north": {
                  "uv": [
                    2.65,
                    42.75
                  ],
                  "uv_size": [
                    2,
                    2
                  ]
                },
                "east": {
                  "uv": [
                    3.2,
                    44.15
                  ],
                  "uv_size": [
                    2,
                    2
                  ]
                },
                "south": {
                  "uv": [
                    3,
                    45.35
                  ],
                  "uv_size": [
                    2,
                    2
                  ]
                },
                "west": {
                  "uv": [
                    2.65,
                    44.7
                  ],
                  "uv_size": [
                    2,
                    2
                  ]
                },
                "up": {
                  "uv": [
                    23.95,
                    33.3
                  ],
                  "uv_size": [
                    -11.05,
                    -3.75
                  ]
                },
                "down": {
                  "uv": [
                    4.05,
                    44.05
                  ],
                  "uv_size": [
                    -1.65,
                    1.3
                  ]
                }
              }
            },
            {
              "origin": [
                -22,
                2,
                -2
              ],
              "size": [
                2,
                1,
                4
              ],
              "uv": {
                "north": {
                  "uv": [
                    2.65,
                    42.75
                  ],
                  "uv_size": [
                    2,
                    2
                  ]
                },
                "east": {
                  "uv": [
                    3.2,
                    44.15
                  ],
                  "uv_size": [
                    2,
                    2
                  ]
                },
                "south": {
                  "uv": [
                    3,
                    45.35
                  ],
                  "uv_size": [
                    2,
                    2
                  ]
                },
                "west": {
                  "uv": [
                    2.65,
                    44.7
                  ],
                  "uv_size": [
                    2,
                    2
                  ]
                },
                "up": {
                  "uv": [
                    23.95,
                    33.3
                  ],
                  "uv_size": [
                    -11.05,
                    -3.75
                  ]
                },
                "down": {
                  "uv": [
                    4.05,
                    44.05
                  ],
                  "uv_size": [
                    -1.65,
                    1.3
                  ]
                }
              }
            },
            {
              "origin": [
                -22,
                2,
                -7
              ],
              "size": [
                2,
                1,
                4
              ],
              "uv": {
                "north": {
                  "uv": [
                    2.65,
                    42.75
                  ],
                  "uv_size": [
                    2,
                    2
                  ]
                },
                "east": {
                  "uv": [
                    3.2,
                    44.15
                  ],
                  "uv_size": [
                    2,
                    2
                  ]
                },
                "south": {
                  "uv": [
                    3,
                    45.35
                  ],
                  "uv_size": [
                    2,
                    2
                  ]
                },
                "west": {
                  "uv": [
                    2.65,
                    44.7
                  ],
                  "uv_size": [
                    2,
                    2
                  ]
                },
                "up": {
                  "uv": [
                    23.95,
                    33.3
                  ],
                  "uv_size": [
                    -11.05,
                    -3.75
                  ]
                },
                "down": {
                  "uv": [
                    4.05,
                    44.05
                  ],
                  "uv_size": [
                    -1.65,
                    1.3
                  ]
                }
              }
            },
            {
              "origin": [
                -19,
                2,
                -2
              ],
              "size": [
                2,
                1,
                4
              ],
              "uv": {
                "north": {
                  "uv": [
                    2.65,
                    42.75
                  ],
                  "uv_size": [
                    2,
                    2
                  ]
                },
                "east": {
                  "uv": [
                    3.2,
                    44.15
                  ],
                  "uv_size": [
                    2,
                    2
                  ]
                },
                "south": {
                  "uv": [
                    3,
                    45.35
                  ],
                  "uv_size": [
                    2,
                    2
                  ]
                },
                "west": {
                  "uv": [
                    2.65,
                    44.7
                  ],
                  "uv_size": [
                    2,
                    2
                  ]
                },
                "up": {
                  "uv": [
                    23.95,
                    33.3
                  ],
                  "uv_size": [
                    -11.05,
                    -3.75
                  ]
                },
                "down": {
                  "uv": [
                    4.05,
                    44.05
                  ],
                  "uv_size": [
                    -1.65,
                    1.3
                  ]
                }
              }
            },
            {
              "origin": [
                -19,
                2,
                3
              ],
              "size": [
                2,
                1,
                4
              ],
              "uv": {
                "north": {
                  "uv": [
                    2.65,
                    42.75
                  ],
                  "uv_size": [
                    2,
                    2
                  ]
                },
                "east": {
                  "uv": [
                    3.2,
                    44.15
                  ],
                  "uv_size": [
                    2,
                    2
                  ]
                },
                "south": {
                  "uv": [
                    3,
                    45.35
                  ],
                  "uv_size": [
                    2,
                    2
                  ]
                },
                "west": {
                  "uv": [
                    2.65,
                    44.7
                  ],
                  "uv_size": [
                    2,
                    2
                  ]
                },
                "up": {
                  "uv": [
                    23.95,
                    33.3
                  ],
                  "uv_size": [
                    -11.05,
                    -3.75
                  ]
                },
                "down": {
                  "uv": [
                    4.05,
                    44.05
                  ],
                  "uv_size": [
                    -1.65,
                    1.3
                  ]
                }
              }
            },
            {
              "origin": [
                -19,
                2,
                -7
              ],
              "size": [
                2,
                1,
                4
              ],
              "uv": {
                "north": {
                  "uv": [
                    2.65,
                    42.75
                  ],
                  "uv_size": [
                    2,
                    2
                  ]
                },
                "east": {
                  "uv": [
                    3.2,
                    44.15
                  ],
                  "uv_size": [
                    2,
                    2
                  ]
                },
                "south": {
                  "uv": [
                    3,
                    45.35
                  ],
                  "uv_size": [
                    2,
                    2
                  ]
                },
                "west": {
                  "uv": [
                    2.65,
                    44.7
                  ],
                  "uv_size": [
                    2,
                    2
                  ]
                },
                "up": {
                  "uv": [
                    23.95,
                    33.3
                  ],
                  "uv_size": [
                    -11.05,
                    -3.75
                  ]
                },
                "down": {
                  "uv": [
                    4.05,
                    44.05
                  ],
                  "uv_size": [
                    -1.65,
                    1.3
                  ]
                }
              }
            },
            {
              "origin": [
                -16,
                2,
                -7
              ],
              "size": [
                2,
                1,
                4
              ],
              "uv": {
                "north": {
                  "uv": [
                    2.65,
                    42.75
                  ],
                  "uv_size": [
                    2,
                    2
                  ]
                },
                "east": {
                  "uv": [
                    3.2,
                    44.15
                  ],
                  "uv_size": [
                    2,
                    2
                  ]
                },
                "south": {
                  "uv": [
                    3,
                    45.35
                  ],
                  "uv_size": [
                    2,
                    2
                  ]
                },
                "west": {
                  "uv": [
                    2.65,
                    44.7
                  ],
                  "uv_size": [
                    2,
                    2
                  ]
                },
                "up": {
                  "uv": [
                    23.95,
                    33.3
                  ],
                  "uv_size": [
                    -11.05,
                    -3.75
                  ]
                },
                "down": {
                  "uv": [
                    4.05,
                    44.05
                  ],
                  "uv_size": [
                    -1.65,
                    1.3
                  ]
                }
              }
            },
            {
              "origin": [
                -16,
                2,
                -2
              ],
              "size": [
                2,
                1,
                4
              ],
              "uv": {
                "north": {
                  "uv": [
                    2.65,
                    42.75
                  ],
                  "uv_size": [
                    2,
                    2
                  ]
                },
                "east": {
                  "uv": [
                    3.2,
                    44.15
                  ],
                  "uv_size": [
                    2,
                    2
                  ]
                },
                "south": {
                  "uv": [
                    3,
                    45.35
                  ],
                  "uv_size": [
                    2,
                    2
                  ]
                },
                "west": {
                  "uv": [
                    2.65,
                    44.7
                  ],
                  "uv_size": [
                    2,
                    2
                  ]
                },
                "up": {
                  "uv": [
                    23.95,
                    33.3
                  ],
                  "uv_size": [
                    -11.05,
                    -3.75
                  ]
                },
                "down": {
                  "uv": [
                    4.05,
                    44.05
                  ],
                  "uv_size": [
                    -1.65,
                    1.3
                  ]
                }
              }
            },
            {
              "origin": [
                -16,
                2,
                3
              ],
              "size": [
                2,
                1,
                4
              ],
              "uv": {
                "north": {
                  "uv": [
                    2.65,
                    42.75
                  ],
                  "uv_size": [
                    2,
                    2
                  ]
                },
                "east": {
                  "uv": [
                    3.2,
                    44.15
                  ],
                  "uv_size": [
                    2,
                    2
                  ]
                },
                "south": {
                  "uv": [
                    3,
                    45.35
                  ],
                  "uv_size": [
                    2,
                    2
                  ]
                },
                "west": {
                  "uv": [
                    2.65,
                    44.7
                  ],
                  "uv_size": [
                    2,
                    2
                  ]
                },
                "up": {
                  "uv": [
                    23.95,
                    33.3
                  ],
                  "uv_size": [
                    -11.05,
                    -3.75
                  ]
                },
                "down": {
                  "uv": [
                    4.05,
                    44.05
                  ],
                  "uv_size": [
                    -1.65,
                    1.3
                  ]
                }
              }
            },
            {
              "origin": [
                -13,
                2,
                3
              ],
              "size": [
                2,
                1,
                4
              ],
              "uv": {
                "north": {
                  "uv": [
                    3.3,
                    11.5
                  ],
                  "uv_size": [
                    1.1,
                    -0.5
                  ]
                },
                "east": {
                  "uv": [
                    3.55,
                    10.75
                  ],
                  "uv_size": [
                    0.6,
                    0.55
                  ]
                },
                "south": {
                  "uv": [
                    4,
                    11.4
                  ],
                  "uv_size": [
                    -0.5,
                    -0.1
                  ]
                },
                "west": {
                  "uv": [
                    2.65,
                    11.95
                  ],
                  "uv_size": [
                    1.7,
                    0.35
                  ]
                },
                "up": {
                  "uv": [
                    12.65,
                    24.95
                  ],
                  "uv_size": [
                    -11.05,
                    -3.75
                  ]
                },
                "down": {
                  "uv": [
                    6,
                    10
                  ],
                  "uv_size": [
                    -5.1,
                    3.6
                  ]
                }
              }
            },
            {
              "origin": [
                -10,
                2,
                3
              ],
              "size": [
                2,
                1,
                4
              ],
              "uv": {
                "north": {
                  "uv": [
                    3.3,
                    11.5
                  ],
                  "uv_size": [
                    1.1,
                    -0.5
                  ]
                },
                "east": {
                  "uv": [
                    3.55,
                    10.75
                  ],
                  "uv_size": [
                    0.6,
                    0.55
                  ]
                },
                "south": {
                  "uv": [
                    4,
                    11.4
                  ],
                  "uv_size": [
                    -0.5,
                    -0.1
                  ]
                },
                "west": {
                  "uv": [
                    2.65,
                    11.95
                  ],
                  "uv_size": [
                    1.7,
                    0.35
                  ]
                },
                "up": {
                  "uv": [
                    12.65,
                    24.95
                  ],
                  "uv_size": [
                    -11.05,
                    -3.75
                  ]
                },
                "down": {
                  "uv": [
                    6,
                    10
                  ],
                  "uv_size": [
                    -5.1,
                    3.6
                  ]
                }
              }
            },
            {
              "origin": [
                -7,
                2,
                3
              ],
              "size": [
                2,
                1,
                4
              ],
              "uv": {
                "north": {
                  "uv": [
                    3.3,
                    11.5
                  ],
                  "uv_size": [
                    1.1,
                    -0.5
                  ]
                },
                "east": {
                  "uv": [
                    3.55,
                    10.75
                  ],
                  "uv_size": [
                    0.6,
                    0.55
                  ]
                },
                "south": {
                  "uv": [
                    4,
                    11.4
                  ],
                  "uv_size": [
                    -0.5,
                    -0.1
                  ]
                },
                "west": {
                  "uv": [
                    2.65,
                    11.95
                  ],
                  "uv_size": [
                    1.7,
                    0.35
                  ]
                },
                "up": {
                  "uv": [
                    12.65,
                    24.95
                  ],
                  "uv_size": [
                    -11.05,
                    -3.75
                  ]
                },
                "down": {
                  "uv": [
                    6,
                    10
                  ],
                  "uv_size": [
                    -5.1,
                    3.6
                  ]
                }
              }
            },
            {
              "origin": [
                -4,
                2,
                3
              ],
              "size": [
                2,
                1,
                4
              ],
              "uv": {
                "north": {
                  "uv": [
                    2.95,
                    7.75
                  ],
                  "uv_size": [
                    1.1,
                    -0.5
                  ]
                },
                "east": {
                  "uv": [
                    3.2,
                    7.65
                  ],
                  "uv_size": [
                    0.6,
                    0.55
                  ]
                },
                "south": {
                  "uv": [
                    4.1,
                    7
                  ],
                  "uv_size": [
                    -0.5,
                    -0.1
                  ]
                },
                "west": {
                  "uv": [
                    2.25,
                    6.9
                  ],
                  "uv_size": [
                    1.7,
                    0.35
                  ]
                },
                "up": {
                  "uv": [
                    23.8,
                    20.95
                  ],
                  "uv_size": [
                    -11.05,
                    -3.75
                  ]
                },
                "down": {
                  "uv": [
                    5.65,
                    5.9
                  ],
                  "uv_size": [
                    -5.1,
                    3.6
                  ]
                }
              }
            },
            {
              "origin": [
                -1,
                2,
                3
              ],
              "size": [
                2,
                1,
                4
              ],
              "uv": {
                "north": {
                  "uv": [
                    2.95,
                    7.75
                  ],
                  "uv_size": [
                    1.1,
                    -0.5
                  ]
                },
                "east": {
                  "uv": [
                    3.2,
                    7.65
                  ],
                  "uv_size": [
                    0.6,
                    0.55
                  ]
                },
                "south": {
                  "uv": [
                    4.1,
                    7
                  ],
                  "uv_size": [
                    -0.5,
                    -0.1
                  ]
                },
                "west": {
                  "uv": [
                    2.25,
                    6.9
                  ],
                  "uv_size": [
                    1.7,
                    0.35
                  ]
                },
                "up": {
                  "uv": [
                    23.8,
                    20.95
                  ],
                  "uv_size": [
                    -11.05,
                    -3.75
                  ]
                },
                "down": {
                  "uv": [
                    5.65,
                    5.9
                  ],
                  "uv_size": [
                    -5.1,
                    3.6
                  ]
                }
              }
            },
            {
              "origin": [
                2,
                2,
                3
              ],
              "size": [
                2,
                1,
                4
              ],
              "uv": {
                "north": {
                  "uv": [
                    2.95,
                    7.75
                  ],
                  "uv_size": [
                    1.1,
                    -0.5
                  ]
                },
                "east": {
                  "uv": [
                    3.2,
                    7.65
                  ],
                  "uv_size": [
                    0.6,
                    0.55
                  ]
                },
                "south": {
                  "uv": [
                    4.1,
                    7
                  ],
                  "uv_size": [
                    -0.5,
                    -0.1
                  ]
                },
                "west": {
                  "uv": [
                    2.25,
                    6.9
                  ],
                  "uv_size": [
                    1.7,
                    0.35
                  ]
                },
                "up": {
                  "uv": [
                    23.8,
                    20.95
                  ],
                  "uv_size": [
                    -11.05,
                    -3.75
                  ]
                },
                "down": {
                  "uv": [
                    5.65,
                    5.9
                  ],
                  "uv_size": [
                    -5.1,
                    3.6
                  ]
                }
              }
            },
            {
              "origin": [
                2,
                2,
                -2
              ],
              "size": [
                2,
                1,
                4
              ],
              "uv": {
                "north": {
                  "uv": [
                    2.95,
                    7.75
                  ],
                  "uv_size": [
                    1.1,
                    -0.5
                  ]
                },
                "east": {
                  "uv": [
                    3.2,
                    7.65
                  ],
                  "uv_size": [
                    0.6,
                    0.55
                  ]
                },
                "south": {
                  "uv": [
                    4.1,
                    7
                  ],
                  "uv_size": [
                    -0.5,
                    -0.1
                  ]
                },
                "west": {
                  "uv": [
                    2.25,
                    6.9
                  ],
                  "uv_size": [
                    1.7,
                    0.35
                  ]
                },
                "up": {
                  "uv": [
                    23.8,
                    20.95
                  ],
                  "uv_size": [
                    -11.05,
                    -3.75
                  ]
                },
                "down": {
                  "uv": [
                    5.65,
                    5.9
                  ],
                  "uv_size": [
                    -5.1,
                    3.6
                  ]
                }
              }
            },
            {
              "origin": [
                5,
                2,
                -2
              ],
              "size": [
                2,
                1,
                4
              ],
              "uv": {
                "north": {
                  "uv": [
                    2.95,
                    7.75
                  ],
                  "uv_size": [
                    1.1,
                    -0.5
                  ]
                },
                "east": {
                  "uv": [
                    3.2,
                    7.65
                  ],
                  "uv_size": [
                    0.6,
                    0.55
                  ]
                },
                "south": {
                  "uv": [
                    4.1,
                    7
                  ],
                  "uv_size": [
                    -0.5,
                    -0.1
                  ]
                },
                "west": {
                  "uv": [
                    2.25,
                    6.9
                  ],
                  "uv_size": [
                    1.7,
                    0.35
                  ]
                },
                "up": {
                  "uv": [
                    23.8,
                    20.95
                  ],
                  "uv_size": [
                    -11.05,
                    -3.75
                  ]
                },
                "down": {
                  "uv": [
                    5.65,
                    5.9
                  ],
                  "uv_size": [
                    -5.1,
                    3.6
                  ]
                }
              }
            },
            {
              "origin": [
                5,
                2,
                -7
              ],
              "size": [
                2,
                1,
                4
              ],
              "uv": {
                "north": {
                  "uv": [
                    2.95,
                    7.75
                  ],
                  "uv_size": [
                    1.1,
                    -0.5
                  ]
                },
                "east": {
                  "uv": [
                    3.2,
                    7.65
                  ],
                  "uv_size": [
                    0.6,
                    0.55
                  ]
                },
                "south": {
                  "uv": [
                    4.1,
                    7
                  ],
                  "uv_size": [
                    -0.5,
                    -0.1
                  ]
                },
                "west": {
                  "uv": [
                    2.25,
                    6.9
                  ],
                  "uv_size": [
                    1.7,
                    0.35
                  ]
                },
                "up": {
                  "uv": [
                    23.8,
                    20.95
                  ],
                  "uv_size": [
                    -11.05,
                    -3.75
                  ]
                },
                "down": {
                  "uv": [
                    5.65,
                    5.9
                  ],
                  "uv_size": [
                    -5.1,
                    3.6
                  ]
                }
              }
            },
            {
              "origin": [
                5,
                2,
                3
              ],
              "size": [
                2,
                1,
                4
              ],
              "uv": {
                "north": {
                  "uv": [
                    2.95,
                    7.75
                  ],
                  "uv_size": [
                    1.1,
                    -0.5
                  ]
                },
                "east": {
                  "uv": [
                    3.2,
                    7.65
                  ],
                  "uv_size": [
                    0.6,
                    0.55
                  ]
                },
                "south": {
                  "uv": [
                    4.1,
                    7
                  ],
                  "uv_size": [
                    -0.5,
                    -0.1
                  ]
                },
                "west": {
                  "uv": [
                    2.25,
                    6.9
                  ],
                  "uv_size": [
                    1.7,
                    0.35
                  ]
                },
                "up": {
                  "uv": [
                    23.8,
                    20.95
                  ],
                  "uv_size": [
                    -11.05,
                    -3.75
                  ]
                },
                "down": {
                  "uv": [
                    5.65,
                    5.9
                  ],
                  "uv_size": [
                    -5.1,
                    3.6
                  ]
                }
              }
            },
            {
              "origin": [
                2,
                2,
                -7
              ],
              "size": [
                2,
                1,
                4
              ],
              "uv": {
                "north": {
                  "uv": [
                    2.95,
                    7.75
                  ],
                  "uv_size": [
                    1.1,
                    -0.5
                  ]
                },
                "east": {
                  "uv": [
                    3.2,
                    7.65
                  ],
                  "uv_size": [
                    0.6,
                    0.55
                  ]
                },
                "south": {
                  "uv": [
                    4.1,
                    7
                  ],
                  "uv_size": [
                    -0.5,
                    -0.1
                  ]
                },
                "west": {
                  "uv": [
                    2.25,
                    6.9
                  ],
                  "uv_size": [
                    1.7,
                    0.35
                  ]
                },
                "up": {
                  "uv": [
                    23.8,
                    20.95
                  ],
                  "uv_size": [
                    -11.05,
                    -3.75
                  ]
                },
                "down": {
                  "uv": [
                    5.65,
                    5.9
                  ],
                  "uv_size": [
                    -5.1,
                    3.6
                  ]
                }
              }
            },
            {
              "origin": [
                -1,
                2,
                -2
              ],
              "size": [
                2,
                1,
                4
              ],
              "uv": {
                "north": {
                  "uv": [
                    2.95,
                    7.75
                  ],
                  "uv_size": [
                    1.1,
                    -0.5
                  ]
                },
                "east": {
                  "uv": [
                    3.2,
                    7.65
                  ],
                  "uv_size": [
                    0.6,
                    0.55
                  ]
                },
                "south": {
                  "uv": [
                    4.1,
                    7
                  ],
                  "uv_size": [
                    -0.5,
                    -0.1
                  ]
                },
                "west": {
                  "uv": [
                    2.25,
                    6.9
                  ],
                  "uv_size": [
                    1.7,
                    0.35
                  ]
                },
                "up": {
                  "uv": [
                    23.8,
                    20.95
                  ],
                  "uv_size": [
                    -11.05,
                    -3.75
                  ]
                },
                "down": {
                  "uv": [
                    5.65,
                    5.9
                  ],
                  "uv_size": [
                    -5.1,
                    3.6
                  ]
                }
              }
            },
            {
              "origin": [
                -1,
                2,
                -7
              ],
              "size": [
                2,
                1,
                4
              ],
              "uv": {
                "north": {
                  "uv": [
                    2.95,
                    7.75
                  ],
                  "uv_size": [
                    1.1,
                    -0.5
                  ]
                },
                "east": {
                  "uv": [
                    3.2,
                    7.65
                  ],
                  "uv_size": [
                    0.6,
                    0.55
                  ]
                },
                "south": {
                  "uv": [
                    4.1,
                    7
                  ],
                  "uv_size": [
                    -0.5,
                    -0.1
                  ]
                },
                "west": {
                  "uv": [
                    2.25,
                    6.9
                  ],
                  "uv_size": [
                    1.7,
                    0.35
                  ]
                },
                "up": {
                  "uv": [
                    23.8,
                    20.95
                  ],
                  "uv_size": [
                    -11.05,
                    -3.75
                  ]
                },
                "down": {
                  "uv": [
                    5.65,
                    5.9
                  ],
                  "uv_size": [
                    -5.1,
                    3.6
                  ]
                }
              }
            },
            {
              "origin": [
                -4,
                2,
                -2
              ],
              "size": [
                2,
                1,
                4
              ],
              "uv": {
                "north": {
                  "uv": [
                    2.95,
                    7.75
                  ],
                  "uv_size": [
                    1.1,
                    -0.5
                  ]
                },
                "east": {
                  "uv": [
                    3.2,
                    7.65
                  ],
                  "uv_size": [
                    0.6,
                    0.55
                  ]
                },
                "south": {
                  "uv": [
                    4.1,
                    7
                  ],
                  "uv_size": [
                    -0.5,
                    -0.1
                  ]
                },
                "west": {
                  "uv": [
                    2.25,
                    6.9
                  ],
                  "uv_size": [
                    1.7,
                    0.35
                  ]
                },
                "up": {
                  "uv": [
                    23.8,
                    20.95
                  ],
                  "uv_size": [
                    -11.05,
                    -3.75
                  ]
                },
                "down": {
                  "uv": [
                    5.65,
                    5.9
                  ],
                  "uv_size": [
                    -5.1,
                    3.6
                  ]
                }
              }
            },
            {
              "origin": [
                -4,
                2,
                -7
              ],
              "size": [
                2,
                1,
                4
              ],
              "uv": {
                "north": {
                  "uv": [
                    2.95,
                    7.75
                  ],
                  "uv_size": [
                    1.1,
                    -0.5
                  ]
                },
                "east": {
                  "uv": [
                    3.2,
                    7.65
                  ],
                  "uv_size": [
                    0.6,
                    0.55
                  ]
                },
                "south": {
                  "uv": [
                    4.1,
                    7
                  ],
                  "uv_size": [
                    -0.5,
                    -0.1
                  ]
                },
                "west": {
                  "uv": [
                    2.25,
                    6.9
                  ],
                  "uv_size": [
                    1.7,
                    0.35
                  ]
                },
                "up": {
                  "uv": [
                    23.8,
                    20.95
                  ],
                  "uv_size": [
                    -11.05,
                    -3.75
                  ]
                },
                "down": {
                  "uv": [
                    5.65,
                    5.9
                  ],
                  "uv_size": [
                    -5.1,
                    3.6
                  ]
                }
              }
            },
            {
              "origin": [
                -13,
                2,
                -7
              ],
              "size": [
                2,
                1,
                4
              ],
              "uv": {
                "north": {
                  "uv": [
                    3.3,
                    11.5
                  ],
                  "uv_size": [
                    1.1,
                    -0.5
                  ]
                },
                "east": {
                  "uv": [
                    3.55,
                    10.75
                  ],
                  "uv_size": [
                    0.6,
                    0.55
                  ]
                },
                "south": {
                  "uv": [
                    4,
                    11.4
                  ],
                  "uv_size": [
                    -0.5,
                    -0.1
                  ]
                },
                "west": {
                  "uv": [
                    2.65,
                    11.95
                  ],
                  "uv_size": [
                    1.7,
                    0.35
                  ]
                },
                "up": {
                  "uv": [
                    12.65,
                    24.95
                  ],
                  "uv_size": [
                    -11.05,
                    -3.75
                  ]
                },
                "down": {
                  "uv": [
                    6,
                    10
                  ],
                  "uv_size": [
                    -5.1,
                    3.6
                  ]
                }
              }
            },
            {
              "origin": [
                -10,
                2,
                -7
              ],
              "size": [
                2,
                1,
                4
              ],
              "uv": {
                "north": {
                  "uv": [
                    3.3,
                    11.5
                  ],
                  "uv_size": [
                    1.1,
                    -0.5
                  ]
                },
                "east": {
                  "uv": [
                    3.55,
                    10.75
                  ],
                  "uv_size": [
                    0.6,
                    0.55
                  ]
                },
                "south": {
                  "uv": [
                    4,
                    11.4
                  ],
                  "uv_size": [
                    -0.5,
                    -0.1
                  ]
                },
                "west": {
                  "uv": [
                    2.65,
                    11.95
                  ],
                  "uv_size": [
                    1.7,
                    0.35
                  ]
                },
                "up": {
                  "uv": [
                    12.65,
                    24.95
                  ],
                  "uv_size": [
                    -11.05,
                    -3.75
                  ]
                },
                "down": {
                  "uv": [
                    6,
                    10
                  ],
                  "uv_size": [
                    -5.1,
                    3.6
                  ]
                }
              }
            },
            {
              "origin": [
                -7,
                2,
                -7
              ],
              "size": [
                2,
                1,
                4
              ],
              "uv": {
                "north": {
                  "uv": [
                    3.3,
                    11.5
                  ],
                  "uv_size": [
                    1.1,
                    -0.5
                  ]
                },
                "east": {
                  "uv": [
                    3.55,
                    10.75
                  ],
                  "uv_size": [
                    0.6,
                    0.55
                  ]
                },
                "south": {
                  "uv": [
                    4,
                    11.4
                  ],
                  "uv_size": [
                    -0.5,
                    -0.1
                  ]
                },
                "west": {
                  "uv": [
                    2.65,
                    11.95
                  ],
                  "uv_size": [
                    1.7,
                    0.35
                  ]
                },
                "up": {
                  "uv": [
                    12.65,
                    24.95
                  ],
                  "uv_size": [
                    -11.05,
                    -3.75
                  ]
                },
                "down": {
                  "uv": [
                    6,
                    10
                  ],
                  "uv_size": [
                    -5.1,
                    3.6
                  ]
                }
              }
            },
            {
              "origin": [
                -13,
                2,
                -2
              ],
              "size": [
                2,
                1,
                4
              ],
              "uv": {
                "north": {
                  "uv": [
                    3.3,
                    11.5
                  ],
                  "uv_size": [
                    1.1,
                    -0.5
                  ]
                },
                "east": {
                  "uv": [
                    3.55,
                    10.75
                  ],
                  "uv_size": [
                    0.6,
                    0.55
                  ]
                },
                "south": {
                  "uv": [
                    4,
                    11.4
                  ],
                  "uv_size": [
                    -0.5,
                    -0.1
                  ]
                },
                "west": {
                  "uv": [
                    2.65,
                    11.95
                  ],
                  "uv_size": [
                    1.7,
                    0.35
                  ]
                },
                "up": {
                  "uv": [
                    12.65,
                    24.95
                  ],
                  "uv_size": [
                    -11.05,
                    -3.75
                  ]
                },
                "down": {
                  "uv": [
                    6,
                    10
                  ],
                  "uv_size": [
                    -5.1,
                    3.6
                  ]
                }
              }
            },
            {
              "origin": [
                -10,
                2,
                -2
              ],
              "size": [
                2,
                1,
                4
              ],
              "uv": {
                "north": {
                  "uv": [
                    3.3,
                    11.5
                  ],
                  "uv_size": [
                    1.1,
                    -0.5
                  ]
                },
                "east": {
                  "uv": [
                    3.55,
                    10.75
                  ],
                  "uv_size": [
                    0.6,
                    0.55
                  ]
                },
                "south": {
                  "uv": [
                    4,
                    11.4
                  ],
                  "uv_size": [
                    -0.5,
                    -0.1
                  ]
                },
                "west": {
                  "uv": [
                    2.65,
                    11.95
                  ],
                  "uv_size": [
                    1.7,
                    0.35
                  ]
                },
                "up": {
                  "uv": [
                    12.65,
                    24.95
                  ],
                  "uv_size": [
                    -11.05,
                    -3.75
                  ]
                },
                "down": {
                  "uv": [
                    6,
                    10
                  ],
                  "uv_size": [
                    -5.1,
                    3.6
                  ]
                }
              }
            },
            {
              "origin": [
                -7,
                2,
                -2
              ],
              "size": [
                2,
                1,
                4
              ],
              "uv": {
                "north": {
                  "uv": [
                    3.3,
                    11.5
                  ],
                  "uv_size": [
                    1.1,
                    -0.5
                  ]
                },
                "east": {
                  "uv": [
                    3.55,
                    10.75
                  ],
                  "uv_size": [
                    0.6,
                    0.55
                  ]
                },
                "south": {
                  "uv": [
                    4,
                    11.4
                  ],
                  "uv_size": [
                    -0.5,
                    -0.1
                  ]
                },
                "west": {
                  "uv": [
                    2.65,
                    11.95
                  ],
                  "uv_size": [
                    1.7,
                    0.35
                  ]
                },
                "up": {
                  "uv": [
                    12.65,
                    24.95
                  ],
                  "uv_size": [
                    -11.05,
                    -3.75
                  ]
                },
                "down": {
                  "uv": [
                    6,
                    10
                  ],
                  "uv_size": [
                    -5.1,
                    3.6
                  ]
                }
              }
            },
            {
              "origin": [
                7,
                2,
                -7
              ],
              "size": [
                1,
                10,
                15
              ],
              "uv": {
                "north": {
                  "uv": [
                    7.8,
                    32.75
                  ],
                  "uv_size": [
                    2,
                    2
                  ]
                },
                "east": {
                  "uv": [
                    7.6,
                    33.3
                  ],
                  "uv_size": [
                    2,
                    2
                  ]
                },
                "south": {
                  "uv": [
                    6.95,
                    34.8
                  ],
                  "uv_size": [
                    2,
                    2
                  ]
                },
                "west": {
                  "uv": [
                    8.35,
                    34.7
                  ],
                  "uv_size": [
                    2,
                    2
                  ]
                },
                "up": {
                  "uv": [
                    9.6,
                    37.35
                  ],
                  "uv_size": [
                    -2,
                    -2
                  ]
                },
                "down": {
                  "uv": [
                    10.85,
                    14.85
                  ],
                  "uv_size": [
                    -1.65,
                    1.3
                  ]
                }
              }
            },
            {
              "origin": [
                -24,
                2,
                -7
              ],
              "size": [
                1,
                10,
                15
              ],
              "uv": {
                "north": {
                  "uv": [
                    7.8,
                    32.75
                  ],
                  "uv_size": [
                    2,
                    2
                  ]
                },
                "east": {
                  "uv": [
                    7.6,
                    33.3
                  ],
                  "uv_size": [
                    2,
                    2
                  ]
                },
                "south": {
                  "uv": [
                    6.95,
                    34.8
                  ],
                  "uv_size": [
                    2,
                    2
                  ]
                },
                "west": {
                  "uv": [
                    8.35,
                    34.7
                  ],
                  "uv_size": [
                    2,
                    2
                  ]
                },
                "up": {
                  "uv": [
                    9.6,
                    37.35
                  ],
                  "uv_size": [
                    -2,
                    -2
                  ]
                },
                "down": {
                  "uv": [
                    10.85,
                    14.85
                  ],
                  "uv_size": [
                    -1.65,
                    1.3
                  ]
                }
              }
            },
            {
              "origin": [
                -24,
                9,
                -5
              ],
              "size": [
                1,
                4,
                15
              ],
              "pivot": [
                0,
                0,
                0
              ],
              "rotation": [
                12.5,
                0,
                0
              ],
              "uv": {
                "north": {
                  "uv": [
                    7.8,
                    32.75
                  ],
                  "uv_size": [
                    2,
                    2
                  ]
                },
                "east": {
                  "uv": [
                    7.6,
                    33.3
                  ],
                  "uv_size": [
                    2,
                    2
                  ]
                },
                "south": {
                  "uv": [
                    6.95,
                    34.8
                  ],
                  "uv_size": [
                    2,
                    2
                  ]
                },
                "west": {
                  "uv": [
                    8.35,
                    34.7
                  ],
                  "uv_size": [
                    2,
                    2
                  ]
                },
                "up": {
                  "uv": [
                    9.6,
                    37.35
                  ],
                  "uv_size": [
                    -2,
                    -2
                  ]
                },
                "down": {
                  "uv": [
                    10.85,
                    14.85
                  ],
                  "uv_size": [
                    -1.65,
                    1.3
                  ]
                }
              }
            },
            {
              "origin": [
                -8,
                12,
                -5
              ],
              "size": [
                15,
                1,
                15
              ],
              "pivot": [
                0,
                0,
                0
              ],
              "rotation": [
                12.5,
                0,
                0
              ],
              "uv": {
                "north": {
                  "uv": [
                    33.05,
                    30.65
                  ],
                  "uv_size": [
                    2,
                    2
                  ]
                },
                "east": {
                  "uv": [
                    33.3,
                    31.75
                  ],
                  "uv_size": [
                    2,
                    2
                  ]
                },
                "south": {
                  "uv": [
                    33.85,
                    32.8
                  ],
                  "uv_size": [
                    2,
                    2
                  ]
                },
                "west": {
                  "uv": [
                    29.45,
                    31.65
                  ],
                  "uv_size": [
                    2,
                    2
                  ]
                },
                "up": {
                  "uv": [
                    50.9,
                    59.75
                  ],
                  "uv_size": [
                    -21.05,
                    -21.5
                  ]
                },
                "down": {
                  "uv": [
                    50.85,
                    38.2
                  ],
                  "uv_size": [
                    -21.1,
                    21.6
                  ]
                }
              }
            },
            {
              "origin": [
                7,
                9,
                -5
              ],
              "size": [
                1,
                4,
                15
              ],
              "pivot": [
                0,
                0,
                0
              ],
              "rotation": [
                12.5,
                0,
                0
              ],
              "uv": {
                "north": {
                  "uv": [
                    7.8,
                    32.75
                  ],
                  "uv_size": [
                    2,
                    2
                  ]
                },
                "east": {
                  "uv": [
                    7.6,
                    33.3
                  ],
                  "uv_size": [
                    2,
                    2
                  ]
                },
                "south": {
                  "uv": [
                    6.95,
                    34.8
                  ],
                  "uv_size": [
                    2,
                    2
                  ]
                },
                "west": {
                  "uv": [
                    8.35,
                    34.7
                  ],
                  "uv_size": [
                    2,
                    2
                  ]
                },
                "up": {
                  "uv": [
                    9.6,
                    37.35
                  ],
                  "uv_size": [
                    -2,
                    -2
                  ]
                },
                "down": {
                  "uv": [
                    10.85,
                    14.85
                  ],
                  "uv_size": [
                    -1.65,
                    1.3
                  ]
                }
              }
            },
            {
              "origin": [
                -24,
                2,
                -8
              ],
              "size": [
                32,
                10,
                1
              ],
              "uv": {
                "north": {
                  "uv": [
                    0.45,
                    37.8
                  ],
                  "uv_size": [
                    25.2,
                    25.65
                  ]
                },
                "east": {
                  "uv": [
                    7.6,
                    33.3
                  ],
                  "uv_size": [
                    2,
                    2
                  ]
                },
                "south": {
                  "uv": [
                    6.95,
                    34.8
                  ],
                  "uv_size": [
                    2,
                    2
                  ]
                },
                "west": {
                  "uv": [
                    8.35,
                    34.7
                  ],
                  "uv_size": [
                    2,
                    2
                  ]
                },
                "up": {
                  "uv": [
                    10.1,
                    34.5
                  ],
                  "uv_size": [
                    -4.7,
                    -0.25
                  ]
                },
                "down": {
                  "uv": [
                    10.85,
                    14.85
                  ],
                  "uv_size": [
                    -1.65,
                    1.3
                  ]
                }
              }
            },
            {
              "origin": [
                -24,
                2,
                7
              ],
              "size": [
                32,
                13,
                1
              ],
              "uv": {
                "north": {
                  "uv": [
                    4.5,
                    35.5
                  ],
                  "uv_size": [
                    10.15,
                    0.15
                  ]
                },
                "east": {
                  "uv": [
                    7.6,
                    33.3
                  ],
                  "uv_size": [
                    2,
                    2
                  ]
                },
                "south": {
                  "uv": [
                    6.95,
                    34.8
                  ],
                  "uv_size": [
                    2,
                    2
                  ]
                },
                "west": {
                  "uv": [
                    8.35,
                    34.7
                  ],
                  "uv_size": [
                    2,
                    2
                  ]
                },
                "up": {
                  "uv": [
                    10.1,
                    34.5
                  ],
                  "uv_size": [
                    -4.7,
                    -0.25
                  ]
                },
                "down": {
                  "uv": [
                    10.85,
                    14.85
                  ],
                  "uv_size": [
                    -1.65,
                    1.3
                  ]
                }
              }
            }
          ]
        }
      ]
    }
  ]
}