{
  "format_version": "1.12.0",
  "minecraft:geometry": [
    {
      "description": {
        "identifier": "geometry.pa_indomaret_2",
        "texture_width": 16,
        "texture_height": 16,
        "visible_bounds_width": 3,
        "visible_bounds_height": 3,
        "visible_bounds_offset": [
          0,
          0.5,
          0
        ]
      },
      "bones": [
        {
          "name": "bone",
          "pivot": [
            0,
            0,
            0
          ],
          "cubes": [
            {
              "origin": [
                -8,
                0,
                3
              ],
              "size": [
                16,
                17,
                5
              ],
              "uv": {
                "north": {
                  "uv": [
                    0,
                    1.0625
                  ],
                  "uv_size": [
                    7.839,
                    4
                  ]
                },
                "east": {
                  "uv": [
                    0,
                    1.03125
                  ],
                  "uv_size": [
                    1.5825,
                    4.03125
                  ]
                },
                "south": {
                  "uv": [
                    0,
                    1.09375
                  ],
                  "uv_size": [
                    1.6895,
                    4.003
                  ]
                },
                "west": {
                  "uv": [
                    0,
                    1.0625
                  ],
                  "uv_size": [
                    1.7225,
                    4.0245
                  ]
                },
                "up": {
                  "uv": [
                    12.5445,
                    1.53125
                  ],
                  "uv_size": [
                    -5.0445,
                    0.4375
                  ]
                },
                "down": {
                  "uv": [
                    12.18425,
                    4.52825
                  ],
                  "uv_size": [
                    -5.5905,
                    -0.27825
                  ]
                }
              }
            }
          ]
        }
      ]
    }
  ]
}