{
  "format_version": "1.12.0",
  "minecraft:geometry": [
    {
      "description": {
        "identifier": "geometry.pa_jendela_2",
        "texture_width": 16,
        "texture_height": 16,
        "visible_bounds_width": 2,
        "visible_bounds_height": 2.5,
        "visible_bounds_offset": [
          0,
          0.75,
          0
        ]
      },
      "bones": [
        {
          "name": "bone",
          "pivot": [
            0,
            0,
            0
          ],
          "cubes": [
            {
              "origin": [
                7,
                0,
                -8
              ],
              "size": [
                1,
                16,
                2
              ],
              "uv": {
                "north": {
                  "uv": [
                    0,
                    0
                  ],
                  "uv_size": [
                    2,
                    2
                  ]
                },
                "east": {
                  "uv": [
                    0,
                    0
                  ],
                  "uv_size": [
                    2,
                    2
                  ]
                },
                "south": {
                  "uv": [
                    0,
                    0
                  ],
                  "uv_size": [
                    2,
                    2
                  ]
                },
                "west": {
                  "uv": [
                    0,
                    0
                  ],
                  "uv_size": [
                    2,
                    2
                  ]
                },
                "up": {
                  "uv": [
                    0.8625,
                    0.7875
                  ],
                  "uv_size": [
                    -0.8625,
                    -0.7875
                  ]
                },
                "down": {
                  "uv": [
                    0.725,
                    0.925
                  ],
                  "uv_size": [
                    -0.725,
                    -0.925
                  ]
                }
              }
            },
            {
              "origin": [
                -8,
                0,
                -8
              ],
              "size": [
                1,
                16,
                2
              ],
              "uv": {
                "north": {
                  "uv": [
                    0,
                    0
                  ],
                  "uv_size": [
                    2,
                    2
                  ]
                },
                "east": {
                  "uv": [
                    0,
                    0
                  ],
                  "uv_size": [
                    2,
                    2
                  ]
                },
                "south": {
                  "uv": [
                    0,
                    0
                  ],
                  "uv_size": [
                    2,
                    2
                  ]
                },
                "west": {
                  "uv": [
                    0,
                    0
                  ],
                  "uv_size": [
                    2,
                    2
                  ]
                },
                "up": {
                  "uv": [
                    0.8625,
                    0.7875
                  ],
                  "uv_size": [
                    -0.8625,
                    -0.7875
                  ]
                },
                "down": {
                  "uv": [
                    0.725,
                    0.925
                  ],
                  "uv_size": [
                    -0.725,
                    -0.925
                  ]
                }
              }
            },
            {
              "origin": [
                -7,
                0,
                -8
              ],
              "size": [
                14,
                16,
                0
              ],
              "uv": {
                "north": {
                  "uv": [
                    4.375,
                    7.525
                  ],
                  "uv_size": [
                    7.775,
                    6.6875
                  ]
                },
                "east": {
                  "uv": [
                    12.4625,
                    0
                  ],
                  "uv_size": [
                    2,
                    2
                  ]
                },
                "south": {
                  "uv": [
                    11.725,
                    0
                  ],
                  "uv_size": [
                    2,
                    2
                  ]
                },
                "west": {
                  "uv": [
                    9.375,
                    0.025
                  ],
                  "uv_size": [
                    2,
                    2
                  ]
                },
                "up": {
                  "uv": [
                    12.95,
                    0.7875
                  ],
                  "uv_size": [
                    -0.8625,
                    -0.7875
                  ]
                },
                "down": {
                  "uv": [
                    12.6625,
                    0.925
                  ],
                  "uv_size": [
                    -0.725,
                    -0.925
                  ]
                }
              }
            }
          ]
        }
      ]
    }
  ]
}