{
  "format_version": "1.12.0",
  "minecraft:geometry": [
    {
      "description": {
        "identifier": "geometry.pa_karung_beras",
        "texture_width": 64,
        "texture_height": 64,
        "visible_bounds_width": 3,
        "visible_bounds_height": 2.5,
        "visible_bounds_offset": [
          0,
          0.75,
          0
        ]
      },
      "bones": [
        {
          "name": "bb_main",
          "pivot": [
            0,
            0,
            0
          ],
          "cubes": [
            {
              "origin": [
                -6,
                0,
                -1
              ],
              "size": [
                12,
                16,
                4
              ],
              "uv": {
                "north": {
                  "uv": [
                    22.83817,
                    24.43154
                  ],
                  "uv_size": [
                    18.56017,
                    36.78838
                  ]
                },
                "east": {
                  "uv": [
                    0,
                    0
                  ],
                  "uv_size": [
                    2,
                    2
                  ]
                },
                "south": {
                  "uv": [
                    0,
                    0
                  ],
                  "uv_size": [
                    9,
                    2
                  ]
                },
                "west": {
                  "uv": [
                    0,
                    0
                  ],
                  "uv_size": [
                    2,
                    2
                  ]
                },
                "up": {
                  "uv": [
                    3.95436,
                    1.20332
                  ],
                  "uv_size": [
                    -3.95436,
                    -1.20332
                  ]
                },
                "down": {
                  "uv": [
                    9,
                    2
                  ],
                  "uv_size": [
                    -9,
                    -2
                  ]
                }
              }
            },
            {
              "origin": [
                -6,
                0,
                4
              ],
              "size": [
                12,
                16,
                4
              ],
              "uv": {
                "north": {
                  "uv": [
                    22.83817,
                    24.43154
                  ],
                  "uv_size": [
                    18.56017,
                    36.78838
                  ]
                },
                "east": {
                  "uv": [
                    0,
                    0
                  ],
                  "uv_size": [
                    2,
                    2
                  ]
                },
                "south": {
                  "uv": [
                    0,
                    0
                  ],
                  "uv_size": [
                    9,
                    2
                  ]
                },
                "west": {
                  "uv": [
                    0,
                    0
                  ],
                  "uv_size": [
                    2,
                    2
                  ]
                },
                "up": {
                  "uv": [
                    3.95436,
                    1.20332
                  ],
                  "uv_size": [
                    -3.95436,
                    -1.20332
                  ]
                },
                "down": {
                  "uv": [
                    9,
                    2
                  ],
                  "uv_size": [
                    -9,
                    -2
                  ]
                }
              }
            },
            {
              "origin": [
                -6,
                -1,
                -8
              ],
              "size": [
                12,
                16,
                4
              ],
              "pivot": [
                0,
                0,
                0
              ],
              "rotation": [
                -10,
                0,
                0
              ],
              "uv": {
                "north": {
                  "uv": [
                    22.83817,
                    24.43154
                  ],
                  "uv_size": [
                    18.56017,
                    36.78838
                  ]
                },
                "east": {
                  "uv": [
                    0,
                    0
                  ],
                  "uv_size": [
                    2,
                    2
                  ]
                },
                "south": {
                  "uv": [
                    0,
                    0
                  ],
                  "uv_size": [
                    9,
                    2
                  ]
                },
                "west": {
                  "uv": [
                    0,
                    0
                  ],
                  "uv_size": [
                    2,
                    2
                  ]
                },
                "up": {
                  "uv": [
                    3.95436,
                    1.20332
                  ],
                  "uv_size": [
                    -3.95436,
                    -1.20332
                  ]
                },
                "down": {
                  "uv": [
                    9,
                    2
                  ],
                  "uv_size": [
                    -9,
                    -2
                  ]
                }
              }
            }
          ]
        },
        {
          "name": "bone",
          "pivot": [
            0,
            0,
            0
          ]
        }
      ]
    }
  ]
}