{
  "format_version": "1.12.0",
  "minecraft:geometry": [
    {
      "description": {
        "identifier": "geometry.pa_kulkas",
        "texture_width": 32,
        "texture_height": 32,
        "visible_bounds_width": 4,
        "visible_bounds_height": 4,
        "visible_bounds_offset": [
          0,
          1,
          0
        ]
      },
      "bones": [
        {
          "name": "bb_main",
          "pivot": [
            0,
            0,
            0
          ],
          "cubes": [
            {
              "origin": [
                -6,
                0,
                -5
              ],
              "size": [
                1,
                2,
                1
              ],
              "uv": {
                "north": {
                  "uv": [
                    0,
                    0
                  ],
                  "uv_size": [
                    1,
                    2
                  ]
                },
                "east": {
                  "uv": [
                    0,
                    0
                  ],
                  "uv_size": [
                    1,
                    2
                  ]
                },
                "south": {
                  "uv": [
                    0,
                    0
                  ],
                  "uv_size": [
                    1,
                    2
                  ]
                },
                "west": {
                  "uv": [
                    0,
                    0
                  ],
                  "uv_size": [
                    1,
                    2
                  ]
                },
                "up": {
                  "uv": [
                    1,
                    1
                  ],
                  "uv_size": [
                    -1,
                    -1
                  ]
                },
                "down": {
                  "uv": [
                    1,
                    1
                  ],
                  "uv_size": [
                    -1,
                    -1
                  ]
                }
              }
            },
            {
              "origin": [
                5,
                0,
                -5
              ],
              "size": [
                1,
                2,
                1
              ],
              "uv": {
                "north": {
                  "uv": [
                    0,
                    0
                  ],
                  "uv_size": [
                    1,
                    2
                  ]
                },
                "east": {
                  "uv": [
                    0,
                    0
                  ],
                  "uv_size": [
                    1,
                    2
                  ]
                },
                "south": {
                  "uv": [
                    0,
                    0
                  ],
                  "uv_size": [
                    1,
                    2
                  ]
                },
                "west": {
                  "uv": [
                    0,
                    0
                  ],
                  "uv_size": [
                    1,
                    2
                  ]
                },
                "up": {
                  "uv": [
                    1,
                    1
                  ],
                  "uv_size": [
                    -1,
                    -1
                  ]
                },
                "down": {
                  "uv": [
                    1,
                    1
                  ],
                  "uv_size": [
                    -1,
                    -1
                  ]
                }
              }
            },
            {
              "origin": [
                -6,
                2,
                -4
              ],
              "size": [
                12,
                4,
                12
              ],
              "uv": {
                "north": {
                  "uv": [
                    0,
                    0
                  ],
                  "uv_size": [
                    1,
                    2
                  ]
                },
                "east": {
                  "uv": [
                    0,
                    0
                  ],
                  "uv_size": [
                    0.95686,
                    1.37255
                  ]
                },
                "south": {
                  "uv": [
                    0,
                    0
                  ],
                  "uv_size": [
                    1,
                    2
                  ]
                },
                "west": {
                  "uv": [
                    0,
                    0
                  ],
                  "uv_size": [
                    0.95686,
                    1.49804
                  ]
                },
                "up": {
                  "uv": [
                    1.37647,
                    0.95686
                  ],
                  "uv_size": [
                    -1.37647,
                    -0.95686
                  ]
                },
                "down": {
                  "uv": [
                    1.37647,
                    1.96078
                  ],
                  "uv_size": [
                    -1.37647,
                    -1.96078
                  ]
                }
              }
            },
            {
              "origin": [
                -6,
                6,
                -5
              ],
              "size": [
                1,
                24,
                13
              ],
              "uv": {
                "north": {
                  "uv": [
                    0,
                    0
                  ],
                  "uv_size": [
                    1,
                    2
                  ]
                },
                "east": {
                  "uv": [
                    0,
                    0
                  ],
                  "uv_size": [
                    0.95686,
                    1.37255
                  ]
                },
                "south": {
                  "uv": [
                    0,
                    0
                  ],
                  "uv_size": [
                    1,
                    2
                  ]
                },
                "west": {
                  "uv": [
                    0,
                    0
                  ],
                  "uv_size": [
                    0.95686,
                    1.49804
                  ]
                },
                "up": {
                  "uv": [
                    1.37647,
                    0.95686
                  ],
                  "uv_size": [
                    -1.37647,
                    -0.95686
                  ]
                },
                "down": {
                  "uv": [
                    1.37647,
                    1.96078
                  ],
                  "uv_size": [
                    -1.37647,
                    -1.96078
                  ]
                }
              }
            },
            {
              "origin": [
                -5,
                6,
                -4
              ],
              "size": [
                10,
                24,
                12
              ],
              "uv": {
                "north": {
                  "uv": [
                    10.79216,
                    1.38039
                  ],
                  "uv_size": [
                    10.41176,
                    23.7098
                  ]
                },
                "east": {
                  "uv": [
                    0,
                    0
                  ],
                  "uv_size": [
                    0.95686,
                    1.37255
                  ]
                },
                "south": {
                  "uv": [
                    0,
                    0
                  ],
                  "uv_size": [
                    1,
                    2
                  ]
                },
                "west": {
                  "uv": [
                    0,
                    0
                  ],
                  "uv_size": [
                    0.95686,
                    1.49804
                  ]
                },
                "up": {
                  "uv": [
                    1.37647,
                    0.95686
                  ],
                  "uv_size": [
                    -1.37647,
                    -0.95686
                  ]
                },
                "down": {
                  "uv": [
                    1.37647,
                    1.96078
                  ],
                  "uv_size": [
                    -1.37647,
                    -1.96078
                  ]
                }
              }
            },
            {
              "origin": [
                5,
                6,
                -5
              ],
              "size": [
                1,
                24,
                13
              ],
              "uv": {
                "north": {
                  "uv": [
                    0,
                    0
                  ],
                  "uv_size": [
                    1,
                    2
                  ]
                },
                "east": {
                  "uv": [
                    0,
                    0
                  ],
                  "uv_size": [
                    0.95686,
                    1.37255
                  ]
                },
                "south": {
                  "uv": [
                    0,
                    0
                  ],
                  "uv_size": [
                    1,
                    2
                  ]
                },
                "west": {
                  "uv": [
                    0,
                    0
                  ],
                  "uv_size": [
                    0.95686,
                    1.49804
                  ]
                },
                "up": {
                  "uv": [
                    1.37647,
                    0.95686
                  ],
                  "uv_size": [
                    -1.37647,
                    -0.95686
                  ]
                },
                "down": {
                  "uv": [
                    1.37647,
                    1.96078
                  ],
                  "uv_size": [
                    -1.37647,
                    -1.96078
                  ]
                }
              }
            },
            {
              "origin": [
                -6,
                30,
                -5
              ],
              "size": [
                12,
                2,
                13
              ],
              "uv": {
                "north": {
                  "uv": [
                    10.2902,
                    0.50196
                  ],
                  "uv_size": [
                    11.2902,
                    0.87059
                  ]
                },
                "east": {
                  "uv": [
                    0,
                    0
                  ],
                  "uv_size": [
                    0.95686,
                    1.37255
                  ]
                },
                "south": {
                  "uv": [
                    0,
                    0
                  ],
                  "uv_size": [
                    1,
                    2
                  ]
                },
                "west": {
                  "uv": [
                    2.76078,
                    2.63529
                  ],
                  "uv_size": [
                    -1.55294,
                    -1.51373
                  ]
                },
                "up": {
                  "uv": [
                    1.37647,
                    0.95686
                  ],
                  "uv_size": [
                    -1.37647,
                    -0.95686
                  ]
                },
                "down": {
                  "uv": [
                    1.37647,
                    1.96078
                  ],
                  "uv_size": [
                    -1.37647,
                    -1.96078
                  ]
                }
              }
            },
            {
              "origin": [
                -6,
                2,
                -5
              ],
              "size": [
                12,
                4,
                1
              ],
              "uv": {
                "north": {
                  "uv": [
                    10.03922,
                    26.10196
                  ],
                  "uv_size": [
                    12,
                    4.62745
                  ]
                },
                "east": {
                  "uv": [
                    0,
                    0
                  ],
                  "uv_size": [
                    1,
                    4
                  ]
                },
                "south": {
                  "uv": [
                    9.91373,
                    26.10196
                  ],
                  "uv_size": [
                    12,
                    4.62745
                  ]
                },
                "west": {
                  "uv": [
                    0,
                    0
                  ],
                  "uv_size": [
                    1,
                    4
                  ]
                },
                "up": {
                  "uv": [
                    12,
                    1
                  ],
                  "uv_size": [
                    -12,
                    -1
                  ]
                },
                "down": {
                  "uv": [
                    12,
                    1
                  ],
                  "uv_size": [
                    -12,
                    -1
                  ]
                }
              }
            },
            {
              "origin": [
                -6,
                0,
                7
              ],
              "size": [
                1,
                2,
                1
              ],
              "uv": {
                "north": {
                  "uv": [
                    0,
                    0
                  ],
                  "uv_size": [
                    1,
                    2
                  ]
                },
                "east": {
                  "uv": [
                    0,
                    0
                  ],
                  "uv_size": [
                    1,
                    2
                  ]
                },
                "south": {
                  "uv": [
                    0,
                    0
                  ],
                  "uv_size": [
                    1,
                    2
                  ]
                },
                "west": {
                  "uv": [
                    0,
                    0
                  ],
                  "uv_size": [
                    1,
                    2
                  ]
                },
                "up": {
                  "uv": [
                    1,
                    1
                  ],
                  "uv_size": [
                    -1,
                    -1
                  ]
                },
                "down": {
                  "uv": [
                    1,
                    1
                  ],
                  "uv_size": [
                    -1,
                    -1
                  ]
                }
              }
            },
            {
              "origin": [
                5,
                0,
                7
              ],
              "size": [
                1,
                2,
                1
              ],
              "uv": {
                "north": {
                  "uv": [
                    0,
                    0
                  ],
                  "uv_size": [
                    1,
                    2
                  ]
                },
                "east": {
                  "uv": [
                    0,
                    0
                  ],
                  "uv_size": [
                    1,
                    2
                  ]
                },
                "south": {
                  "uv": [
                    0,
                    0
                  ],
                  "uv_size": [
                    1,
                    2
                  ]
                },
                "west": {
                  "uv": [
                    0,
                    0
                  ],
                  "uv_size": [
                    1,
                    2
                  ]
                },
                "up": {
                  "uv": [
                    1,
                    1
                  ],
                  "uv_size": [
                    -1,
                    -1
                  ]
                },
                "down": {
                  "uv": [
                    1,
                    1
                  ],
                  "uv_size": [
                    -1,
                    -1
                  ]
                }
              }
            }
          ]
        },
        {
          "name": "door",
          "pivot": [
            0,
            0,
            0
          ]
        },
        {
          "name": "bone",
          "parent": "door",
          "pivot": [
            -6,
            16,
            -8
          ]
        }
      ]
    }
  ]
}