{
  "format_version": "1.12.0",
  "minecraft:geometry": [
    {
      "description": {
        "identifier": "geometry.pa_rak_sari_roti",
        "texture_width": 16,
        "texture_height": 16,
        "visible_bounds_width": 2,
        "visible_bounds_height": 2.5,
        "visible_bounds_offset": [
          0,
          0.75,
          0
        ]
      },
      "bones": [
        {
          "name": "bone",
          "pivot": [
            0,
            0,
            0
          ],
          "cubes": [
            {
              "origin": [
                -8,
                0,
                -4
              ],
              "size": [
                16,
                1,
                12
              ],
              "uv": {
                "north": {
                  "uv": [
                    0,
                    0
                  ],
                  "uv_size": [
                    0.375,
                    0
                  ]
                },
                "east": {
                  "uv": [
                    0,
                    0
                  ],
                  "uv_size": [
                    0.1875,
                    0
                  ]
                },
                "south": {
                  "uv": [
                    0,
                    0
                  ],
                  "uv_size": [
                    0.25,
                    0
                  ]
                },
                "west": {
                  "uv": [
                    0,
                    0
                  ],
                  "uv_size": [
                    0,
                    0
                  ]
                },
                "up": {
                  "uv": [
                    0,
                    0
                  ],
                  "uv_size": [
                    0,
                    0
                  ]
                },
                "down": {
                  "uv": [
                    0.5,
                    0
                  ],
                  "uv_size": [
                    -0.4375,
                    0
                  ]
                }
              }
            },
            {
              "origin": [
                -8,
                8,
                -4
              ],
              "size": [
                16,
                1,
                12
              ],
              "uv": {
                "north": {
                  "uv": [
                    0,
                    0
                  ],
                  "uv_size": [
                    0.375,
                    0
                  ]
                },
                "east": {
                  "uv": [
                    0,
                    0
                  ],
                  "uv_size": [
                    0.1875,
                    0
                  ]
                },
                "south": {
                  "uv": [
                    0,
                    0
                  ],
                  "uv_size": [
                    0.25,
                    0
                  ]
                },
                "west": {
                  "uv": [
                    0,
                    0
                  ],
                  "uv_size": [
                    0,
                    0
                  ]
                },
                "up": {
                  "uv": [
                    0,
                    0
                  ],
                  "uv_size": [
                    0,
                    0
                  ]
                },
                "down": {
                  "uv": [
                    0.5,
                    0
                  ],
                  "uv_size": [
                    -0.4375,
                    0
                  ]
                }
              }
            },
            {
              "origin": [
                -8,
                1,
                7
              ],
              "size": [
                16,
                7,
                1
              ],
              "uv": {
                "north": {
                  "uv": [
                    0,
                    0
                  ],
                  "uv_size": [
                    0.375,
                    0
                  ]
                },
                "east": {
                  "uv": [
                    0,
                    0
                  ],
                  "uv_size": [
                    0.1875,
                    0
                  ]
                },
                "south": {
                  "uv": [
                    0,
                    0
                  ],
                  "uv_size": [
                    0.25,
                    0
                  ]
                },
                "west": {
                  "uv": [
                    0,
                    0
                  ],
                  "uv_size": [
                    0,
                    0
                  ]
                },
                "up": {
                  "uv": [
                    0,
                    0
                  ],
                  "uv_size": [
                    0,
                    0
                  ]
                },
                "down": {
                  "uv": [
                    0.5,
                    0
                  ],
                  "uv_size": [
                    -0.4375,
                    0
                  ]
                }
              }
            },
            {
              "origin": [
                -8,
                9,
                7
              ],
              "size": [
                16,
                7,
                1
              ],
              "uv": {
                "north": {
                  "uv": [
                    0,
                    0
                  ],
                  "uv_size": [
                    0.375,
                    0
                  ]
                },
                "east": {
                  "uv": [
                    0,
                    0
                  ],
                  "uv_size": [
                    0.1875,
                    0
                  ]
                },
                "south": {
                  "uv": [
                    0,
                    0
                  ],
                  "uv_size": [
                    0.25,
                    0
                  ]
                },
                "west": {
                  "uv": [
                    0,
                    0
                  ],
                  "uv_size": [
                    0,
                    0
                  ]
                },
                "up": {
                  "uv": [
                    0,
                    0
                  ],
                  "uv_size": [
                    0,
                    0
                  ]
                },
                "down": {
                  "uv": [
                    0.5,
                    0
                  ],
                  "uv_size": [
                    -0.4375,
                    0
                  ]
                }
              }
            }
          ]
        },
        {
          "name": "bone2",
          "pivot": [
            0,
            0,
            -1
          ],
          "cubes": [
            {
              "origin": [
                -7,
                1,
                -4
              ],
              "size": [
                4,
                4,
                3
              ],
              "uv": {
                "north": {
                  "uv": [
                    0,
                    14.0625
                  ],
                  "uv_size": [
                    2.1875,
                    1.9375
                  ]
                },
                "east": {
                  "uv": [
                    0,
                    1.625
                  ],
                  "uv_size": [
                    0.6875,
                    -0.0625
                  ]
                },
                "south": {
                  "uv": [
                    0.375,
                    1.875
                  ],
                  "uv_size": [
                    0.25,
                    0
                  ]
                },
                "west": {
                  "uv": [
                    0.125,
                    2.0625
                  ],
                  "uv_size": [
                    0.4375,
                    0
                  ]
                },
                "up": {
                  "uv": [
                    0.0625,
                    2
                  ],
                  "uv_size": [
                    0,
                    0
                  ]
                },
                "down": {
                  "uv": [
                    2.25,
                    14
                  ],
                  "uv_size": [
                    -2.25,
                    2
                  ]
                }
              }
            },
            {
              "origin": [
                -7,
                5,
                -3
              ],
              "size": [
                4,
                2,
                0
              ],
              "uv": {
                "north": {
                  "uv": [
                    4.0625,
                    10.5
                  ],
                  "uv_size": [
                    2.875,
                    2.1875
                  ]
                },
                "east": {
                  "uv": [
                    2.875,
                    1.5
                  ],
                  "uv_size": [
                    0.6875,
                    -0.0625
                  ]
                },
                "south": {
                  "uv": [
                    3.625,
                    1.625
                  ],
                  "uv_size": [
                    0.25,
                    0
                  ]
                },
                "west": {
                  "uv": [
                    4,
                    5
                  ],
                  "uv_size": [
                    0.4375,
                    0
                  ]
                },
                "up": {
                  "uv": [
                    3.625,
                    1.25
                  ],
                  "uv_size": [
                    0,
                    0
                  ]
                },
                "down": {
                  "uv": [
                    7.125,
                    5.875
                  ],
                  "uv_size": [
                    -2.25,
                    2
                  ]
                }
              }
            }
          ]
        },
        {
          "name": "bone4",
          "parent": "bone2",
          "pivot": [
            0,
            0,
            7
          ],
          "cubes": [
            {
              "origin": [
                -7,
                1,
                4
              ],
              "size": [
                4,
                4,
                3
              ],
              "uv": {
                "north": {
                  "uv": [
                    0,
                    14.0625
                  ],
                  "uv_size": [
                    2.1875,
                    1.9375
                  ]
                },
                "east": {
                  "uv": [
                    0,
                    1.625
                  ],
                  "uv_size": [
                    0.6875,
                    -0.0625
                  ]
                },
                "south": {
                  "uv": [
                    0.375,
                    1.875
                  ],
                  "uv_size": [
                    0.25,
                    0
                  ]
                },
                "west": {
                  "uv": [
                    0.125,
                    2.0625
                  ],
                  "uv_size": [
                    0.4375,
                    0
                  ]
                },
                "up": {
                  "uv": [
                    0.0625,
                    2
                  ],
                  "uv_size": [
                    0,
                    0
                  ]
                },
                "down": {
                  "uv": [
                    2.25,
                    14
                  ],
                  "uv_size": [
                    -2.25,
                    2
                  ]
                }
              }
            },
            {
              "origin": [
                -7,
                5,
                5
              ],
              "size": [
                4,
                2,
                0
              ],
              "uv": {
                "north": {
                  "uv": [
                    4.0625,
                    10.5
                  ],
                  "uv_size": [
                    2.875,
                    2.1875
                  ]
                },
                "east": {
                  "uv": [
                    2.875,
                    1.5
                  ],
                  "uv_size": [
                    0.6875,
                    -0.0625
                  ]
                },
                "south": {
                  "uv": [
                    3.625,
                    1.625
                  ],
                  "uv_size": [
                    0.25,
                    0
                  ]
                },
                "west": {
                  "uv": [
                    4,
                    5
                  ],
                  "uv_size": [
                    0.4375,
                    0
                  ]
                },
                "up": {
                  "uv": [
                    3.625,
                    1.25
                  ],
                  "uv_size": [
                    0,
                    0
                  ]
                },
                "down": {
                  "uv": [
                    7.125,
                    5.875
                  ],
                  "uv_size": [
                    -2.25,
                    2
                  ]
                }
              }
            }
          ]
        },
        {
          "name": "bone3",
          "parent": "bone2",
          "pivot": [
            0,
            0,
            3
          ],
          "cubes": [
            {
              "origin": [
                -7,
                1,
                0
              ],
              "size": [
                4,
                4,
                3
              ],
              "uv": {
                "north": {
                  "uv": [
                    0,
                    14.0625
                  ],
                  "uv_size": [
                    2.1875,
                    1.9375
                  ]
                },
                "east": {
                  "uv": [
                    0,
                    1.625
                  ],
                  "uv_size": [
                    0.6875,
                    -0.0625
                  ]
                },
                "south": {
                  "uv": [
                    0.375,
                    1.875
                  ],
                  "uv_size": [
                    0.25,
                    0
                  ]
                },
                "west": {
                  "uv": [
                    0.125,
                    2.0625
                  ],
                  "uv_size": [
                    0.4375,
                    0
                  ]
                },
                "up": {
                  "uv": [
                    0.0625,
                    2
                  ],
                  "uv_size": [
                    0,
                    0
                  ]
                },
                "down": {
                  "uv": [
                    2.25,
                    14
                  ],
                  "uv_size": [
                    -2.25,
                    2
                  ]
                }
              }
            },
            {
              "origin": [
                -7,
                5,
                1
              ],
              "size": [
                4,
                2,
                0
              ],
              "uv": {
                "north": {
                  "uv": [
                    4.0625,
                    10.5
                  ],
                  "uv_size": [
                    2.875,
                    2.1875
                  ]
                },
                "east": {
                  "uv": [
                    2.875,
                    1.5
                  ],
                  "uv_size": [
                    0.6875,
                    -0.0625
                  ]
                },
                "south": {
                  "uv": [
                    3.625,
                    1.625
                  ],
                  "uv_size": [
                    0.25,
                    0
                  ]
                },
                "west": {
                  "uv": [
                    4,
                    5
                  ],
                  "uv_size": [
                    0.4375,
                    0
                  ]
                },
                "up": {
                  "uv": [
                    3.625,
                    1.25
                  ],
                  "uv_size": [
                    0,
                    0
                  ]
                },
                "down": {
                  "uv": [
                    7.125,
                    5.875
                  ],
                  "uv_size": [
                    -2.25,
                    2
                  ]
                }
              }
            }
          ]
        },
        {
          "name": "bone8",
          "parent": "bone2",
          "pivot": [
            10,
            0,
            -1
          ],
          "cubes": [
            {
              "origin": [
                3,
                1,
                -4
              ],
              "size": [
                4,
                4,
                3
              ],
              "uv": {
                "north": {
                  "uv": [
                    0,
                    14.0625
                  ],
                  "uv_size": [
                    2.1875,
                    1.9375
                  ]
                },
                "east": {
                  "uv": [
                    0,
                    1.625
                  ],
                  "uv_size": [
                    0.6875,
                    -0.0625
                  ]
                },
                "south": {
                  "uv": [
                    0.375,
                    1.875
                  ],
                  "uv_size": [
                    0.25,
                    0
                  ]
                },
                "west": {
                  "uv": [
                    0.125,
                    2.0625
                  ],
                  "uv_size": [
                    0.4375,
                    0
                  ]
                },
                "up": {
                  "uv": [
                    0.0625,
                    2
                  ],
                  "uv_size": [
                    0,
                    0
                  ]
                },
                "down": {
                  "uv": [
                    2.25,
                    14
                  ],
                  "uv_size": [
                    -2.25,
                    2
                  ]
                }
              }
            },
            {
              "origin": [
                3,
                5,
                -3
              ],
              "size": [
                4,
                2,
                0
              ],
              "uv": {
                "north": {
                  "uv": [
                    4.0625,
                    10.5
                  ],
                  "uv_size": [
                    2.875,
                    2.1875
                  ]
                },
                "east": {
                  "uv": [
                    2.875,
                    1.5
                  ],
                  "uv_size": [
                    0.6875,
                    -0.0625
                  ]
                },
                "south": {
                  "uv": [
                    3.625,
                    1.625
                  ],
                  "uv_size": [
                    0.25,
                    0
                  ]
                },
                "west": {
                  "uv": [
                    4,
                    5
                  ],
                  "uv_size": [
                    0.4375,
                    0
                  ]
                },
                "up": {
                  "uv": [
                    3.625,
                    1.25
                  ],
                  "uv_size": [
                    0,
                    0
                  ]
                },
                "down": {
                  "uv": [
                    7.125,
                    5.875
                  ],
                  "uv_size": [
                    -2.25,
                    2
                  ]
                }
              }
            }
          ]
        },
        {
          "name": "bone9",
          "parent": "bone8",
          "pivot": [
            10,
            0,
            7
          ],
          "cubes": [
            {
              "origin": [
                3,
                1,
                4
              ],
              "size": [
                4,
                4,
                3
              ],
              "uv": {
                "north": {
                  "uv": [
                    0,
                    14.0625
                  ],
                  "uv_size": [
                    2.1875,
                    1.9375
                  ]
                },
                "east": {
                  "uv": [
                    0,
                    1.625
                  ],
                  "uv_size": [
                    0.6875,
                    -0.0625
                  ]
                },
                "south": {
                  "uv": [
                    0.375,
                    1.875
                  ],
                  "uv_size": [
                    0.25,
                    0
                  ]
                },
                "west": {
                  "uv": [
                    0.125,
                    2.0625
                  ],
                  "uv_size": [
                    0.4375,
                    0
                  ]
                },
                "up": {
                  "uv": [
                    0.0625,
                    2
                  ],
                  "uv_size": [
                    0,
                    0
                  ]
                },
                "down": {
                  "uv": [
                    2.25,
                    14
                  ],
                  "uv_size": [
                    -2.25,
                    2
                  ]
                }
              }
            },
            {
              "origin": [
                3,
                5,
                5
              ],
              "size": [
                4,
                2,
                0
              ],
              "uv": {
                "north": {
                  "uv": [
                    4.0625,
                    10.5
                  ],
                  "uv_size": [
                    2.875,
                    2.1875
                  ]
                },
                "east": {
                  "uv": [
                    2.875,
                    1.5
                  ],
                  "uv_size": [
                    0.6875,
                    -0.0625
                  ]
                },
                "south": {
                  "uv": [
                    3.625,
                    1.625
                  ],
                  "uv_size": [
                    0.25,
                    0
                  ]
                },
                "west": {
                  "uv": [
                    4,
                    5
                  ],
                  "uv_size": [
                    0.4375,
                    0
                  ]
                },
                "up": {
                  "uv": [
                    3.625,
                    1.25
                  ],
                  "uv_size": [
                    0,
                    0
                  ]
                },
                "down": {
                  "uv": [
                    7.125,
                    5.875
                  ],
                  "uv_size": [
                    -2.25,
                    2
                  ]
                }
              }
            }
          ]
        },
        {
          "name": "bone10",
          "parent": "bone8",
          "pivot": [
            10,
            0,
            3
          ],
          "cubes": [
            {
              "origin": [
                3,
                1,
                0
              ],
              "size": [
                4,
                4,
                3
              ],
              "uv": {
                "north": {
                  "uv": [
                    0,
                    14.0625
                  ],
                  "uv_size": [
                    2.1875,
                    1.9375
                  ]
                },
                "east": {
                  "uv": [
                    0,
                    1.625
                  ],
                  "uv_size": [
                    0.6875,
                    -0.0625
                  ]
                },
                "south": {
                  "uv": [
                    0.375,
                    1.875
                  ],
                  "uv_size": [
                    0.25,
                    0
                  ]
                },
                "west": {
                  "uv": [
                    0.125,
                    2.0625
                  ],
                  "uv_size": [
                    0.4375,
                    0
                  ]
                },
                "up": {
                  "uv": [
                    0.0625,
                    2
                  ],
                  "uv_size": [
                    0,
                    0
                  ]
                },
                "down": {
                  "uv": [
                    2.25,
                    14
                  ],
                  "uv_size": [
                    -2.25,
                    2
                  ]
                }
              }
            },
            {
              "origin": [
                3,
                5,
                1
              ],
              "size": [
                4,
                2,
                0
              ],
              "uv": {
                "north": {
                  "uv": [
                    4.0625,
                    10.5
                  ],
                  "uv_size": [
                    2.875,
                    2.1875
                  ]
                },
                "east": {
                  "uv": [
                    2.875,
                    1.5
                  ],
                  "uv_size": [
                    0.6875,
                    -0.0625
                  ]
                },
                "south": {
                  "uv": [
                    3.625,
                    1.625
                  ],
                  "uv_size": [
                    0.25,
                    0
                  ]
                },
                "west": {
                  "uv": [
                    4,
                    5
                  ],
                  "uv_size": [
                    0.4375,
                    0
                  ]
                },
                "up": {
                  "uv": [
                    3.625,
                    1.25
                  ],
                  "uv_size": [
                    0,
                    0
                  ]
                },
                "down": {
                  "uv": [
                    7.125,
                    5.875
                  ],
                  "uv_size": [
                    -2.25,
                    2
                  ]
                }
              }
            }
          ]
        },
        {
          "name": "bone5",
          "parent": "bone2",
          "pivot": [
            5,
            0,
            -1
          ],
          "cubes": [
            {
              "origin": [
                -2,
                1,
                -4
              ],
              "size": [
                4,
                4,
                3
              ],
              "uv": {
                "north": {
                  "uv": [
                    0,
                    14.0625
                  ],
                  "uv_size": [
                    2.1875,
                    1.9375
                  ]
                },
                "east": {
                  "uv": [
                    0,
                    1.625
                  ],
                  "uv_size": [
                    0.6875,
                    -0.0625
                  ]
                },
                "south": {
                  "uv": [
                    0.375,
                    1.875
                  ],
                  "uv_size": [
                    0.25,
                    0
                  ]
                },
                "west": {
                  "uv": [
                    0.125,
                    2.0625
                  ],
                  "uv_size": [
                    0.4375,
                    0
                  ]
                },
                "up": {
                  "uv": [
                    0.0625,
                    2
                  ],
                  "uv_size": [
                    0,
                    0
                  ]
                },
                "down": {
                  "uv": [
                    2.25,
                    14
                  ],
                  "uv_size": [
                    -2.25,
                    2
                  ]
                }
              }
            },
            {
              "origin": [
                -2,
                5,
                -3
              ],
              "size": [
                4,
                2,
                0
              ],
              "uv": {
                "north": {
                  "uv": [
                    4.0625,
                    10.5
                  ],
                  "uv_size": [
                    2.875,
                    2.1875
                  ]
                },
                "east": {
                  "uv": [
                    2.875,
                    1.5
                  ],
                  "uv_size": [
                    0.6875,
                    -0.0625
                  ]
                },
                "south": {
                  "uv": [
                    3.625,
                    1.625
                  ],
                  "uv_size": [
                    0.25,
                    0
                  ]
                },
                "west": {
                  "uv": [
                    4,
                    5
                  ],
                  "uv_size": [
                    0.4375,
                    0
                  ]
                },
                "up": {
                  "uv": [
                    3.625,
                    1.25
                  ],
                  "uv_size": [
                    0,
                    0
                  ]
                },
                "down": {
                  "uv": [
                    7.125,
                    5.875
                  ],
                  "uv_size": [
                    -2.25,
                    2
                  ]
                }
              }
            }
          ]
        },
        {
          "name": "bone6",
          "parent": "bone5",
          "pivot": [
            5,
            0,
            7
          ],
          "cubes": [
            {
              "origin": [
                -2,
                1,
                4
              ],
              "size": [
                4,
                4,
                3
              ],
              "uv": {
                "north": {
                  "uv": [
                    0,
                    14.0625
                  ],
                  "uv_size": [
                    2.1875,
                    1.9375
                  ]
                },
                "east": {
                  "uv": [
                    0,
                    1.625
                  ],
                  "uv_size": [
                    0.6875,
                    -0.0625
                  ]
                },
                "south": {
                  "uv": [
                    0.375,
                    1.875
                  ],
                  "uv_size": [
                    0.25,
                    0
                  ]
                },
                "west": {
                  "uv": [
                    0.125,
                    2.0625
                  ],
                  "uv_size": [
                    0.4375,
                    0
                  ]
                },
                "up": {
                  "uv": [
                    0.0625,
                    2
                  ],
                  "uv_size": [
                    0,
                    0
                  ]
                },
                "down": {
                  "uv": [
                    2.25,
                    14
                  ],
                  "uv_size": [
                    -2.25,
                    2
                  ]
                }
              }
            },
            {
              "origin": [
                -2,
                5,
                5
              ],
              "size": [
                4,
                2,
                0
              ],
              "uv": {
                "north": {
                  "uv": [
                    4.0625,
                    10.5
                  ],
                  "uv_size": [
                    2.875,
                    2.1875
                  ]
                },
                "east": {
                  "uv": [
                    2.875,
                    1.5
                  ],
                  "uv_size": [
                    0.6875,
                    -0.0625
                  ]
                },
                "south": {
                  "uv": [
                    3.625,
                    1.625
                  ],
                  "uv_size": [
                    0.25,
                    0
                  ]
                },
                "west": {
                  "uv": [
                    4,
                    5
                  ],
                  "uv_size": [
                    0.4375,
                    0
                  ]
                },
                "up": {
                  "uv": [
                    3.625,
                    1.25
                  ],
                  "uv_size": [
                    0,
                    0
                  ]
                },
                "down": {
                  "uv": [
                    7.125,
                    5.875
                  ],
                  "uv_size": [
                    -2.25,
                    2
                  ]
                }
              }
            }
          ]
        },
        {
          "name": "bone7",
          "parent": "bone5",
          "pivot": [
            5,
            0,
            3
          ],
          "cubes": [
            {
              "origin": [
                -2,
                1,
                0
              ],
              "size": [
                4,
                4,
                3
              ],
              "uv": {
                "north": {
                  "uv": [
                    0,
                    14.0625
                  ],
                  "uv_size": [
                    2.1875,
                    1.9375
                  ]
                },
                "east": {
                  "uv": [
                    0,
                    1.625
                  ],
                  "uv_size": [
                    0.6875,
                    -0.0625
                  ]
                },
                "south": {
                  "uv": [
                    0.375,
                    1.875
                  ],
                  "uv_size": [
                    0.25,
                    0
                  ]
                },
                "west": {
                  "uv": [
                    0.125,
                    2.0625
                  ],
                  "uv_size": [
                    0.4375,
                    0
                  ]
                },
                "up": {
                  "uv": [
                    0.0625,
                    2
                  ],
                  "uv_size": [
                    0,
                    0
                  ]
                },
                "down": {
                  "uv": [
                    2.25,
                    14
                  ],
                  "uv_size": [
                    -2.25,
                    2
                  ]
                }
              }
            },
            {
              "origin": [
                -2,
                5,
                1
              ],
              "size": [
                4,
                2,
                0
              ],
              "uv": {
                "north": {
                  "uv": [
                    4.0625,
                    10.5
                  ],
                  "uv_size": [
                    2.875,
                    2.1875
                  ]
                },
                "east": {
                  "uv": [
                    2.875,
                    1.5
                  ],
                  "uv_size": [
                    0.6875,
                    -0.0625
                  ]
                },
                "south": {
                  "uv": [
                    3.625,
                    1.625
                  ],
                  "uv_size": [
                    0.25,
                    0
                  ]
                },
                "west": {
                  "uv": [
                    4,
                    5
                  ],
                  "uv_size": [
                    0.4375,
                    0
                  ]
                },
                "up": {
                  "uv": [
                    3.625,
                    1.25
                  ],
                  "uv_size": [
                    0,
                    0
                  ]
                },
                "down": {
                  "uv": [
                    7.125,
                    5.875
                  ],
                  "uv_size": [
                    -2.25,
                    2
                  ]
                }
              }
            }
          ]
        },
        {
          "name": "bone12",
          "pivot": [
            0,
            0,
            4
          ],
          "cubes": [
            {
              "origin": [
                -7,
                9,
                0
              ],
              "size": [
                4,
                4,
                3
              ],
              "uv": {
                "north": {
                  "uv": [
                    5.875,
                    14.25
                  ],
                  "uv_size": [
                    2.625,
                    1.6875
                  ]
                },
                "east": {
                  "uv": [
                    0,
                    3
                  ],
                  "uv_size": [
                    0.6875,
                    -0.0625
                  ]
                },
                "south": {
                  "uv": [
                    0.125,
                    3.125
                  ],
                  "uv_size": [
                    0.25,
                    0
                  ]
                },
                "west": {
                  "uv": [
                    0.0625,
                    2.9375
                  ],
                  "uv_size": [
                    0.4375,
                    0
                  ]
                },
                "up": {
                  "uv": [
                    0.5,
                    3.25
                  ],
                  "uv_size": [
                    0,
                    0
                  ]
                },
                "down": {
                  "uv": [
                    0.25,
                    2.9375
                  ],
                  "uv_size": [
                    -0.25,
                    -0.0625
                  ]
                }
              }
            },
            {
              "origin": [
                -7,
                13,
                1
              ],
              "size": [
                4,
                2,
                0
              ],
              "uv": {
                "north": {
                  "uv": [
                    7,
                    10.4375
                  ],
                  "uv_size": [
                    2.875,
                    2.1875
                  ]
                },
                "east": {
                  "uv": [
                    2.875,
                    1.5
                  ],
                  "uv_size": [
                    0.6875,
                    -0.0625
                  ]
                },
                "south": {
                  "uv": [
                    3.625,
                    1.625
                  ],
                  "uv_size": [
                    0.25,
                    0
                  ]
                },
                "west": {
                  "uv": [
                    4,
                    5
                  ],
                  "uv_size": [
                    0.4375,
                    0
                  ]
                },
                "up": {
                  "uv": [
                    3.625,
                    1.25
                  ],
                  "uv_size": [
                    0,
                    0
                  ]
                },
                "down": {
                  "uv": [
                    7.125,
                    5.875
                  ],
                  "uv_size": [
                    -2.25,
                    2
                  ]
                }
              }
            }
          ]
        },
        {
          "name": "bone11",
          "parent": "bone12",
          "pivot": [
            0,
            0,
            0
          ],
          "cubes": [
            {
              "origin": [
                -7,
                9,
                -4
              ],
              "size": [
                4,
                4,
                3
              ],
              "uv": {
                "north": {
                  "uv": [
                    5.875,
                    14.25
                  ],
                  "uv_size": [
                    2.625,
                    1.6875
                  ]
                },
                "east": {
                  "uv": [
                    0,
                    3
                  ],
                  "uv_size": [
                    0.6875,
                    -0.0625
                  ]
                },
                "south": {
                  "uv": [
                    0.125,
                    3.125
                  ],
                  "uv_size": [
                    0.25,
                    0
                  ]
                },
                "west": {
                  "uv": [
                    0.0625,
                    2.9375
                  ],
                  "uv_size": [
                    0.4375,
                    0
                  ]
                },
                "up": {
                  "uv": [
                    0.5,
                    3.25
                  ],
                  "uv_size": [
                    0,
                    0
                  ]
                },
                "down": {
                  "uv": [
                    0.25,
                    2.9375
                  ],
                  "uv_size": [
                    -0.25,
                    -0.0625
                  ]
                }
              }
            },
            {
              "origin": [
                -7,
                13,
                -3
              ],
              "size": [
                4,
                2,
                0
              ],
              "uv": {
                "north": {
                  "uv": [
                    7,
                    10.4375
                  ],
                  "uv_size": [
                    2.875,
                    2.1875
                  ]
                },
                "east": {
                  "uv": [
                    2.875,
                    1.5
                  ],
                  "uv_size": [
                    0.6875,
                    -0.0625
                  ]
                },
                "south": {
                  "uv": [
                    3.625,
                    1.625
                  ],
                  "uv_size": [
                    0.25,
                    0
                  ]
                },
                "west": {
                  "uv": [
                    4,
                    5
                  ],
                  "uv_size": [
                    0.4375,
                    0
                  ]
                },
                "up": {
                  "uv": [
                    3.625,
                    1.25
                  ],
                  "uv_size": [
                    0,
                    0
                  ]
                },
                "down": {
                  "uv": [
                    7.125,
                    5.875
                  ],
                  "uv_size": [
                    -2.25,
                    2
                  ]
                }
              }
            }
          ]
        },
        {
          "name": "bone13",
          "parent": "bone12",
          "pivot": [
            0,
            0,
            8
          ],
          "cubes": [
            {
              "origin": [
                -7,
                9,
                4
              ],
              "size": [
                4,
                4,
                3
              ],
              "uv": {
                "north": {
                  "uv": [
                    5.875,
                    14.25
                  ],
                  "uv_size": [
                    2.625,
                    1.6875
                  ]
                },
                "east": {
                  "uv": [
                    0,
                    3
                  ],
                  "uv_size": [
                    0.6875,
                    -0.0625
                  ]
                },
                "south": {
                  "uv": [
                    0.125,
                    3.125
                  ],
                  "uv_size": [
                    0.25,
                    0
                  ]
                },
                "west": {
                  "uv": [
                    0.0625,
                    2.9375
                  ],
                  "uv_size": [
                    0.4375,
                    0
                  ]
                },
                "up": {
                  "uv": [
                    0.5,
                    3.25
                  ],
                  "uv_size": [
                    0,
                    0
                  ]
                },
                "down": {
                  "uv": [
                    0.25,
                    2.9375
                  ],
                  "uv_size": [
                    -0.25,
                    -0.0625
                  ]
                }
              }
            },
            {
              "origin": [
                -7,
                13,
                5
              ],
              "size": [
                4,
                2,
                0
              ],
              "uv": {
                "north": {
                  "uv": [
                    7,
                    10.4375
                  ],
                  "uv_size": [
                    2.875,
                    2.1875
                  ]
                },
                "east": {
                  "uv": [
                    2.875,
                    1.5
                  ],
                  "uv_size": [
                    0.6875,
                    -0.0625
                  ]
                },
                "south": {
                  "uv": [
                    3.625,
                    1.625
                  ],
                  "uv_size": [
                    0.25,
                    0
                  ]
                },
                "west": {
                  "uv": [
                    4,
                    5
                  ],
                  "uv_size": [
                    0.4375,
                    0
                  ]
                },
                "up": {
                  "uv": [
                    3.625,
                    1.25
                  ],
                  "uv_size": [
                    0,
                    0
                  ]
                },
                "down": {
                  "uv": [
                    7.125,
                    5.875
                  ],
                  "uv_size": [
                    -2.25,
                    2
                  ]
                }
              }
            }
          ]
        },
        {
          "name": "bone14",
          "pivot": [
            5,
            0,
            4
          ],
          "cubes": [
            {
              "origin": [
                -2,
                9,
                0
              ],
              "size": [
                4,
                4,
                3
              ],
              "uv": {
                "north": {
                  "uv": [
                    5.875,
                    14.25
                  ],
                  "uv_size": [
                    2.625,
                    1.6875
                  ]
                },
                "east": {
                  "uv": [
                    0,
                    3
                  ],
                  "uv_size": [
                    0.6875,
                    -0.0625
                  ]
                },
                "south": {
                  "uv": [
                    0.125,
                    3.125
                  ],
                  "uv_size": [
                    0.25,
                    0
                  ]
                },
                "west": {
                  "uv": [
                    0.0625,
                    2.9375
                  ],
                  "uv_size": [
                    0.4375,
                    0
                  ]
                },
                "up": {
                  "uv": [
                    0.5,
                    3.25
                  ],
                  "uv_size": [
                    0,
                    0
                  ]
                },
                "down": {
                  "uv": [
                    0.25,
                    2.9375
                  ],
                  "uv_size": [
                    -0.25,
                    -0.0625
                  ]
                }
              }
            },
            {
              "origin": [
                -2,
                13,
                1
              ],
              "size": [
                4,
                2,
                0
              ],
              "uv": {
                "north": {
                  "uv": [
                    7,
                    10.4375
                  ],
                  "uv_size": [
                    2.875,
                    2.1875
                  ]
                },
                "east": {
                  "uv": [
                    2.875,
                    1.5
                  ],
                  "uv_size": [
                    0.6875,
                    -0.0625
                  ]
                },
                "south": {
                  "uv": [
                    3.625,
                    1.625
                  ],
                  "uv_size": [
                    0.25,
                    0
                  ]
                },
                "west": {
                  "uv": [
                    4,
                    5
                  ],
                  "uv_size": [
                    0.4375,
                    0
                  ]
                },
                "up": {
                  "uv": [
                    3.625,
                    1.25
                  ],
                  "uv_size": [
                    0,
                    0
                  ]
                },
                "down": {
                  "uv": [
                    7.125,
                    5.875
                  ],
                  "uv_size": [
                    -2.25,
                    2
                  ]
                }
              }
            }
          ]
        },
        {
          "name": "bone15",
          "parent": "bone14",
          "pivot": [
            5,
            0,
            0
          ],
          "cubes": [
            {
              "origin": [
                -2,
                9,
                -4
              ],
              "size": [
                4,
                4,
                3
              ],
              "uv": {
                "north": {
                  "uv": [
                    5.875,
                    14.25
                  ],
                  "uv_size": [
                    2.625,
                    1.6875
                  ]
                },
                "east": {
                  "uv": [
                    0,
                    3
                  ],
                  "uv_size": [
                    0.6875,
                    -0.0625
                  ]
                },
                "south": {
                  "uv": [
                    0.125,
                    3.125
                  ],
                  "uv_size": [
                    0.25,
                    0
                  ]
                },
                "west": {
                  "uv": [
                    0.0625,
                    2.9375
                  ],
                  "uv_size": [
                    0.4375,
                    0
                  ]
                },
                "up": {
                  "uv": [
                    0.5,
                    3.25
                  ],
                  "uv_size": [
                    0,
                    0
                  ]
                },
                "down": {
                  "uv": [
                    0.25,
                    2.9375
                  ],
                  "uv_size": [
                    -0.25,
                    -0.0625
                  ]
                }
              }
            },
            {
              "origin": [
                -2,
                13,
                -3
              ],
              "size": [
                4,
                2,
                0
              ],
              "uv": {
                "north": {
                  "uv": [
                    7,
                    10.4375
                  ],
                  "uv_size": [
                    2.875,
                    2.1875
                  ]
                },
                "east": {
                  "uv": [
                    2.875,
                    1.5
                  ],
                  "uv_size": [
                    0.6875,
                    -0.0625
                  ]
                },
                "south": {
                  "uv": [
                    3.625,
                    1.625
                  ],
                  "uv_size": [
                    0.25,
                    0
                  ]
                },
                "west": {
                  "uv": [
                    4,
                    5
                  ],
                  "uv_size": [
                    0.4375,
                    0
                  ]
                },
                "up": {
                  "uv": [
                    3.625,
                    1.25
                  ],
                  "uv_size": [
                    0,
                    0
                  ]
                },
                "down": {
                  "uv": [
                    7.125,
                    5.875
                  ],
                  "uv_size": [
                    -2.25,
                    2
                  ]
                }
              }
            }
          ]
        },
        {
          "name": "bone16",
          "parent": "bone14",
          "pivot": [
            5,
            0,
            8
          ],
          "cubes": [
            {
              "origin": [
                -2,
                9,
                4
              ],
              "size": [
                4,
                4,
                3
              ],
              "uv": {
                "north": {
                  "uv": [
                    5.875,
                    14.25
                  ],
                  "uv_size": [
                    2.625,
                    1.6875
                  ]
                },
                "east": {
                  "uv": [
                    0,
                    3
                  ],
                  "uv_size": [
                    0.6875,
                    -0.0625
                  ]
                },
                "south": {
                  "uv": [
                    0.125,
                    3.125
                  ],
                  "uv_size": [
                    0.25,
                    0
                  ]
                },
                "west": {
                  "uv": [
                    0.0625,
                    2.9375
                  ],
                  "uv_size": [
                    0.4375,
                    0
                  ]
                },
                "up": {
                  "uv": [
                    0.5,
                    3.25
                  ],
                  "uv_size": [
                    0,
                    0
                  ]
                },
                "down": {
                  "uv": [
                    0.25,
                    2.9375
                  ],
                  "uv_size": [
                    -0.25,
                    -0.0625
                  ]
                }
              }
            },
            {
              "origin": [
                -2,
                13,
                5
              ],
              "size": [
                4,
                2,
                0
              ],
              "uv": {
                "north": {
                  "uv": [
                    7,
                    10.4375
                  ],
                  "uv_size": [
                    2.875,
                    2.1875
                  ]
                },
                "east": {
                  "uv": [
                    2.875,
                    1.5
                  ],
                  "uv_size": [
                    0.6875,
                    -0.0625
                  ]
                },
                "south": {
                  "uv": [
                    3.625,
                    1.625
                  ],
                  "uv_size": [
                    0.25,
                    0
                  ]
                },
                "west": {
                  "uv": [
                    4,
                    5
                  ],
                  "uv_size": [
                    0.4375,
                    0
                  ]
                },
                "up": {
                  "uv": [
                    3.625,
                    1.25
                  ],
                  "uv_size": [
                    0,
                    0
                  ]
                },
                "down": {
                  "uv": [
                    7.125,
                    5.875
                  ],
                  "uv_size": [
                    -2.25,
                    2
                  ]
                }
              }
            }
          ]
        },
        {
          "name": "bone17",
          "pivot": [
            10,
            0,
            4
          ],
          "cubes": [
            {
              "origin": [
                3,
                9,
                0
              ],
              "size": [
                4,
                4,
                3
              ],
              "uv": {
                "north": {
                  "uv": [
                    5.875,
                    14.25
                  ],
                  "uv_size": [
                    2.625,
                    1.6875
                  ]
                },
                "east": {
                  "uv": [
                    0,
                    3
                  ],
                  "uv_size": [
                    0.6875,
                    -0.0625
                  ]
                },
                "south": {
                  "uv": [
                    0.125,
                    3.125
                  ],
                  "uv_size": [
                    0.25,
                    0
                  ]
                },
                "west": {
                  "uv": [
                    0.0625,
                    2.9375
                  ],
                  "uv_size": [
                    0.4375,
                    0
                  ]
                },
                "up": {
                  "uv": [
                    0.5,
                    3.25
                  ],
                  "uv_size": [
                    0,
                    0
                  ]
                },
                "down": {
                  "uv": [
                    0.25,
                    2.9375
                  ],
                  "uv_size": [
                    -0.25,
                    -0.0625
                  ]
                }
              }
            },
            {
              "origin": [
                3,
                13,
                1
              ],
              "size": [
                4,
                2,
                0
              ],
              "uv": {
                "north": {
                  "uv": [
                    7,
                    10.4375
                  ],
                  "uv_size": [
                    2.875,
                    2.1875
                  ]
                },
                "east": {
                  "uv": [
                    2.875,
                    1.5
                  ],
                  "uv_size": [
                    0.6875,
                    -0.0625
                  ]
                },
                "south": {
                  "uv": [
                    3.625,
                    1.625
                  ],
                  "uv_size": [
                    0.25,
                    0
                  ]
                },
                "west": {
                  "uv": [
                    4,
                    5
                  ],
                  "uv_size": [
                    0.4375,
                    0
                  ]
                },
                "up": {
                  "uv": [
                    3.625,
                    1.25
                  ],
                  "uv_size": [
                    0,
                    0
                  ]
                },
                "down": {
                  "uv": [
                    7.125,
                    5.875
                  ],
                  "uv_size": [
                    -2.25,
                    2
                  ]
                }
              }
            }
          ]
        },
        {
          "name": "bone18",
          "parent": "bone17",
          "pivot": [
            10,
            0,
            0
          ],
          "cubes": [
            {
              "origin": [
                3,
                9,
                -4
              ],
              "size": [
                4,
                4,
                3
              ],
              "uv": {
                "north": {
                  "uv": [
                    5.875,
                    14.25
                  ],
                  "uv_size": [
                    2.625,
                    1.6875
                  ]
                },
                "east": {
                  "uv": [
                    0,
                    3
                  ],
                  "uv_size": [
                    0.6875,
                    -0.0625
                  ]
                },
                "south": {
                  "uv": [
                    0.125,
                    3.125
                  ],
                  "uv_size": [
                    0.25,
                    0
                  ]
                },
                "west": {
                  "uv": [
                    0.0625,
                    2.9375
                  ],
                  "uv_size": [
                    0.4375,
                    0
                  ]
                },
                "up": {
                  "uv": [
                    0.5,
                    3.25
                  ],
                  "uv_size": [
                    0,
                    0
                  ]
                },
                "down": {
                  "uv": [
                    0.25,
                    2.9375
                  ],
                  "uv_size": [
                    -0.25,
                    -0.0625
                  ]
                }
              }
            },
            {
              "origin": [
                3,
                13,
                -3
              ],
              "size": [
                4,
                2,
                0
              ],
              "uv": {
                "north": {
                  "uv": [
                    7,
                    10.4375
                  ],
                  "uv_size": [
                    2.875,
                    2.1875
                  ]
                },
                "east": {
                  "uv": [
                    2.875,
                    1.5
                  ],
                  "uv_size": [
                    0.6875,
                    -0.0625
                  ]
                },
                "south": {
                  "uv": [
                    3.625,
                    1.625
                  ],
                  "uv_size": [
                    0.25,
                    0
                  ]
                },
                "west": {
                  "uv": [
                    4,
                    5
                  ],
                  "uv_size": [
                    0.4375,
                    0
                  ]
                },
                "up": {
                  "uv": [
                    3.625,
                    1.25
                  ],
                  "uv_size": [
                    0,
                    0
                  ]
                },
                "down": {
                  "uv": [
                    7.125,
                    5.875
                  ],
                  "uv_size": [
                    -2.25,
                    2
                  ]
                }
              }
            }
          ]
        },
        {
          "name": "bone19",
          "parent": "bone17",
          "pivot": [
            10,
            0,
            8
          ],
          "cubes": [
            {
              "origin": [
                3,
                9,
                4
              ],
              "size": [
                4,
                4,
                3
              ],
              "uv": {
                "north": {
                  "uv": [
                    5.875,
                    14.25
                  ],
                  "uv_size": [
                    2.625,
                    1.6875
                  ]
                },
                "east": {
                  "uv": [
                    0,
                    3
                  ],
                  "uv_size": [
                    0.6875,
                    -0.0625
                  ]
                },
                "south": {
                  "uv": [
                    0.125,
                    3.125
                  ],
                  "uv_size": [
                    0.25,
                    0
                  ]
                },
                "west": {
                  "uv": [
                    0.0625,
                    2.9375
                  ],
                  "uv_size": [
                    0.4375,
                    0
                  ]
                },
                "up": {
                  "uv": [
                    0.5,
                    3.25
                  ],
                  "uv_size": [
                    0,
                    0
                  ]
                },
                "down": {
                  "uv": [
                    0.25,
                    2.9375
                  ],
                  "uv_size": [
                    -0.25,
                    -0.0625
                  ]
                }
              }
            },
            {
              "origin": [
                3,
                13,
                5
              ],
              "size": [
                4,
                2,
                0
              ],
              "uv": {
                "north": {
                  "uv": [
                    7,
                    10.4375
                  ],
                  "uv_size": [
                    2.875,
                    2.1875
                  ]
                },
                "east": {
                  "uv": [
                    2.875,
                    1.5
                  ],
                  "uv_size": [
                    0.6875,
                    -0.0625
                  ]
                },
                "south": {
                  "uv": [
                    3.625,
                    1.625
                  ],
                  "uv_size": [
                    0.25,
                    0
                  ]
                },
                "west": {
                  "uv": [
                    4,
                    5
                  ],
                  "uv_size": [
                    0.4375,
                    0
                  ]
                },
                "up": {
                  "uv": [
                    3.625,
                    1.25
                  ],
                  "uv_size": [
                    0,
                    0
                  ]
                },
                "down": {
                  "uv": [
                    7.125,
                    5.875
                  ],
                  "uv_size": [
                    -2.25,
                    2
                  ]
                }
              }
            }
          ]
        }
      ]
    }
  ]
}