{
  "format_version": "1.12.0",
  "minecraft:geometry": [
    {
      "description": {
        "identifier": "geometry.pa_rak_indomie1",
        "texture_width": 64,
        "texture_height": 64,
        "visible_bounds_width": 2,
        "visible_bounds_height": 2.5,
        "visible_bounds_offset": [
          0,
          0.75,
          0
        ]
      },
      "bones": [
        {
          "name": "door",
          "pivot": [
            -6,
            16,
            -8
          ]
        },
        {
          "name": "bone",
          "parent": "door",
          "pivot": [
            0,
            0,
            0
          ],
          "cubes": [
            {
              "origin": [
                -8,
                0,
                -4
              ],
              "size": [
                16,
                1,
                12
              ],
              "uv": {
                "north": {
                  "uv": [
                    0,
                    0
                  ],
                  "uv_size": [
                    16,
                    1
                  ]
                },
                "east": {
                  "uv": [
                    0,
                    0
                  ],
                  "uv_size": [
                    12,
                    1
                  ]
                },
                "south": {
                  "uv": [
                    0,
                    0
                  ],
                  "uv_size": [
                    16,
                    1
                  ]
                },
                "west": {
                  "uv": [
                    0,
                    7
                  ],
                  "uv_size": [
                    12,
                    -7
                  ]
                },
                "up": {
                  "uv": [
                    0,
                    0
                  ],
                  "uv_size": [
                    16,
                    11
                  ]
                },
                "down": {
                  "uv": [
                    0,
                    11
                  ],
                  "uv_size": [
                    16,
                    -11
                  ]
                }
              }
            },
            {
              "origin": [
                -7,
                1,
                -3
              ],
              "size": [
                4,
                3,
                1
              ],
              "uv": {
                "north": {
                  "uv": [
                    0.8,
                    50.1
                  ],
                  "uv_size": [
                    16,
                    11.5
                  ]
                },
                "east": {
                  "uv": [
                    0,
                    0
                  ],
                  "uv_size": [
                    12,
                    1
                  ]
                },
                "south": {
                  "uv": [
                    0,
                    0
                  ],
                  "uv_size": [
                    16,
                    1
                  ]
                },
                "west": {
                  "uv": [
                    0,
                    7
                  ],
                  "uv_size": [
                    12,
                    -7
                  ]
                },
                "up": {
                  "uv": [
                    0,
                    0
                  ],
                  "uv_size": [
                    16,
                    11
                  ]
                },
                "down": {
                  "uv": [
                    0,
                    11
                  ],
                  "uv_size": [
                    16,
                    -11
                  ]
                }
              }
            },
            {
              "origin": [
                -7,
                9,
                -3
              ],
              "size": [
                4,
                3,
                1
              ],
              "uv": {
                "north": {
                  "uv": [
                    18.7,
                    51.95
                  ],
                  "uv_size": [
                    13.65,
                    9.4
                  ]
                },
                "east": {
                  "uv": [
                    5.55,
                    21.55
                  ],
                  "uv_size": [
                    1.7,
                    -0.9
                  ]
                },
                "south": {
                  "uv": [
                    4.1,
                    20.15
                  ],
                  "uv_size": [
                    3.3,
                    0.35
                  ]
                },
                "west": {
                  "uv": [
                    4.4,
                    20.25
                  ],
                  "uv_size": [
                    1.85,
                    0.05
                  ]
                },
                "up": {
                  "uv": [
                    1.65,
                    20.25
                  ],
                  "uv_size": [
                    4.05,
                    1.5
                  ]
                },
                "down": {
                  "uv": [
                    0.25,
                    23.4
                  ],
                  "uv_size": [
                    11.55,
                    -5.05
                  ]
                }
              }
            },
            {
              "origin": [
                -7,
                12,
                -2
              ],
              "size": [
                4,
                3,
                1
              ],
              "uv": {
                "north": {
                  "uv": [
                    36.5,
                    31.8
                  ],
                  "uv_size": [
                    17.1,
                    11.85
                  ]
                },
                "east": {
                  "uv": [
                    6.65,
                    17.25
                  ],
                  "uv_size": [
                    1.7,
                    -0.9
                  ]
                },
                "south": {
                  "uv": [
                    4.65,
                    16.6
                  ],
                  "uv_size": [
                    3.3,
                    0.35
                  ]
                },
                "west": {
                  "uv": [
                    4.95,
                    16.6
                  ],
                  "uv_size": [
                    1.85,
                    0.05
                  ]
                },
                "up": {
                  "uv": [
                    2,
                    16.95
                  ],
                  "uv_size": [
                    4.05,
                    1.5
                  ]
                },
                "down": {
                  "uv": [
                    0.45,
                    19.55
                  ],
                  "uv_size": [
                    11.55,
                    -5.05
                  ]
                }
              }
            },
            {
              "origin": [
                -2,
                12,
                -2
              ],
              "size": [
                4,
                3,
                1
              ],
              "uv": {
                "north": {
                  "uv": [
                    36.5,
                    31.8
                  ],
                  "uv_size": [
                    17.1,
                    11.85
                  ]
                },
                "east": {
                  "uv": [
                    6.65,
                    17.25
                  ],
                  "uv_size": [
                    1.7,
                    -0.9
                  ]
                },
                "south": {
                  "uv": [
                    4.65,
                    16.6
                  ],
                  "uv_size": [
                    3.3,
                    0.35
                  ]
                },
                "west": {
                  "uv": [
                    4.95,
                    16.6
                  ],
                  "uv_size": [
                    1.85,
                    0.05
                  ]
                },
                "up": {
                  "uv": [
                    2,
                    16.95
                  ],
                  "uv_size": [
                    4.05,
                    1.5
                  ]
                },
                "down": {
                  "uv": [
                    0.45,
                    19.55
                  ],
                  "uv_size": [
                    11.55,
                    -5.05
                  ]
                }
              }
            },
            {
              "origin": [
                3,
                12,
                -2
              ],
              "size": [
                4,
                3,
                1
              ],
              "uv": {
                "north": {
                  "uv": [
                    36.5,
                    31.8
                  ],
                  "uv_size": [
                    17.1,
                    11.85
                  ]
                },
                "east": {
                  "uv": [
                    6.65,
                    17.25
                  ],
                  "uv_size": [
                    1.7,
                    -0.9
                  ]
                },
                "south": {
                  "uv": [
                    4.65,
                    16.6
                  ],
                  "uv_size": [
                    3.3,
                    0.35
                  ]
                },
                "west": {
                  "uv": [
                    4.95,
                    16.6
                  ],
                  "uv_size": [
                    1.85,
                    0.05
                  ]
                },
                "up": {
                  "uv": [
                    2,
                    16.95
                  ],
                  "uv_size": [
                    4.05,
                    1.5
                  ]
                },
                "down": {
                  "uv": [
                    0.45,
                    19.55
                  ],
                  "uv_size": [
                    11.55,
                    -5.05
                  ]
                }
              }
            },
            {
              "origin": [
                -7,
                12,
                0
              ],
              "size": [
                4,
                3,
                1
              ],
              "uv": {
                "north": {
                  "uv": [
                    36.5,
                    31.8
                  ],
                  "uv_size": [
                    17.1,
                    11.85
                  ]
                },
                "east": {
                  "uv": [
                    6.65,
                    17.25
                  ],
                  "uv_size": [
                    1.7,
                    -0.9
                  ]
                },
                "south": {
                  "uv": [
                    4.65,
                    16.6
                  ],
                  "uv_size": [
                    3.3,
                    0.35
                  ]
                },
                "west": {
                  "uv": [
                    4.95,
                    16.6
                  ],
                  "uv_size": [
                    1.85,
                    0.05
                  ]
                },
                "up": {
                  "uv": [
                    2,
                    16.95
                  ],
                  "uv_size": [
                    4.05,
                    1.5
                  ]
                },
                "down": {
                  "uv": [
                    0.45,
                    19.55
                  ],
                  "uv_size": [
                    11.55,
                    -5.05
                  ]
                }
              }
            },
            {
              "origin": [
                3,
                12,
                0
              ],
              "size": [
                4,
                3,
                1
              ],
              "uv": {
                "north": {
                  "uv": [
                    36.5,
                    31.8
                  ],
                  "uv_size": [
                    17.1,
                    11.85
                  ]
                },
                "east": {
                  "uv": [
                    6.65,
                    17.25
                  ],
                  "uv_size": [
                    1.7,
                    -0.9
                  ]
                },
                "south": {
                  "uv": [
                    4.65,
                    16.6
                  ],
                  "uv_size": [
                    3.3,
                    0.35
                  ]
                },
                "west": {
                  "uv": [
                    4.95,
                    16.6
                  ],
                  "uv_size": [
                    1.85,
                    0.05
                  ]
                },
                "up": {
                  "uv": [
                    2,
                    16.95
                  ],
                  "uv_size": [
                    4.05,
                    1.5
                  ]
                },
                "down": {
                  "uv": [
                    0.45,
                    19.55
                  ],
                  "uv_size": [
                    11.55,
                    -5.05
                  ]
                }
              }
            },
            {
              "origin": [
                3,
                12,
                2
              ],
              "size": [
                4,
                3,
                1
              ],
              "uv": {
                "north": {
                  "uv": [
                    36.5,
                    31.8
                  ],
                  "uv_size": [
                    17.1,
                    11.85
                  ]
                },
                "east": {
                  "uv": [
                    6.65,
                    17.25
                  ],
                  "uv_size": [
                    1.7,
                    -0.9
                  ]
                },
                "south": {
                  "uv": [
                    4.65,
                    16.6
                  ],
                  "uv_size": [
                    3.3,
                    0.35
                  ]
                },
                "west": {
                  "uv": [
                    4.95,
                    16.6
                  ],
                  "uv_size": [
                    1.85,
                    0.05
                  ]
                },
                "up": {
                  "uv": [
                    2,
                    16.95
                  ],
                  "uv_size": [
                    4.05,
                    1.5
                  ]
                },
                "down": {
                  "uv": [
                    0.45,
                    19.55
                  ],
                  "uv_size": [
                    11.55,
                    -5.05
                  ]
                }
              }
            },
            {
              "origin": [
                3,
                12,
                4
              ],
              "size": [
                4,
                3,
                1
              ],
              "uv": {
                "north": {
                  "uv": [
                    36.5,
                    31.8
                  ],
                  "uv_size": [
                    17.1,
                    11.85
                  ]
                },
                "east": {
                  "uv": [
                    6.65,
                    17.25
                  ],
                  "uv_size": [
                    1.7,
                    -0.9
                  ]
                },
                "south": {
                  "uv": [
                    4.65,
                    16.6
                  ],
                  "uv_size": [
                    3.3,
                    0.35
                  ]
                },
                "west": {
                  "uv": [
                    4.95,
                    16.6
                  ],
                  "uv_size": [
                    1.85,
                    0.05
                  ]
                },
                "up": {
                  "uv": [
                    2,
                    16.95
                  ],
                  "uv_size": [
                    4.05,
                    1.5
                  ]
                },
                "down": {
                  "uv": [
                    0.45,
                    19.55
                  ],
                  "uv_size": [
                    11.55,
                    -5.05
                  ]
                }
              }
            },
            {
              "origin": [
                -7,
                12,
                2
              ],
              "size": [
                4,
                3,
                1
              ],
              "uv": {
                "north": {
                  "uv": [
                    36.5,
                    31.8
                  ],
                  "uv_size": [
                    17.1,
                    11.85
                  ]
                },
                "east": {
                  "uv": [
                    6.65,
                    17.25
                  ],
                  "uv_size": [
                    1.7,
                    -0.9
                  ]
                },
                "south": {
                  "uv": [
                    4.65,
                    16.6
                  ],
                  "uv_size": [
                    3.3,
                    0.35
                  ]
                },
                "west": {
                  "uv": [
                    4.95,
                    16.6
                  ],
                  "uv_size": [
                    1.85,
                    0.05
                  ]
                },
                "up": {
                  "uv": [
                    2,
                    16.95
                  ],
                  "uv_size": [
                    4.05,
                    1.5
                  ]
                },
                "down": {
                  "uv": [
                    0.45,
                    19.55
                  ],
                  "uv_size": [
                    11.55,
                    -5.05
                  ]
                }
              }
            },
            {
              "origin": [
                -7,
                12,
                4
              ],
              "size": [
                4,
                3,
                1
              ],
              "uv": {
                "north": {
                  "uv": [
                    36.5,
                    31.8
                  ],
                  "uv_size": [
                    17.1,
                    11.85
                  ]
                },
                "east": {
                  "uv": [
                    6.65,
                    17.25
                  ],
                  "uv_size": [
                    1.7,
                    -0.9
                  ]
                },
                "south": {
                  "uv": [
                    4.65,
                    16.6
                  ],
                  "uv_size": [
                    3.3,
                    0.35
                  ]
                },
                "west": {
                  "uv": [
                    4.95,
                    16.6
                  ],
                  "uv_size": [
                    1.85,
                    0.05
                  ]
                },
                "up": {
                  "uv": [
                    2,
                    16.95
                  ],
                  "uv_size": [
                    4.05,
                    1.5
                  ]
                },
                "down": {
                  "uv": [
                    0.45,
                    19.55
                  ],
                  "uv_size": [
                    11.55,
                    -5.05
                  ]
                }
              }
            },
            {
              "origin": [
                -7,
                9,
                -1
              ],
              "size": [
                4,
                3,
                1
              ],
              "uv": {
                "north": {
                  "uv": [
                    18.7,
                    51.95
                  ],
                  "uv_size": [
                    13.65,
                    9.4
                  ]
                },
                "east": {
                  "uv": [
                    5.55,
                    21.55
                  ],
                  "uv_size": [
                    1.7,
                    -0.9
                  ]
                },
                "south": {
                  "uv": [
                    4.1,
                    20.15
                  ],
                  "uv_size": [
                    3.3,
                    0.35
                  ]
                },
                "west": {
                  "uv": [
                    4.4,
                    20.25
                  ],
                  "uv_size": [
                    1.85,
                    0.05
                  ]
                },
                "up": {
                  "uv": [
                    1.65,
                    20.25
                  ],
                  "uv_size": [
                    4.05,
                    1.5
                  ]
                },
                "down": {
                  "uv": [
                    0.25,
                    23.4
                  ],
                  "uv_size": [
                    11.55,
                    -5.05
                  ]
                }
              }
            },
            {
              "origin": [
                -7,
                9,
                3
              ],
              "size": [
                4,
                3,
                1
              ],
              "uv": {
                "north": {
                  "uv": [
                    18.7,
                    51.95
                  ],
                  "uv_size": [
                    13.65,
                    9.4
                  ]
                },
                "east": {
                  "uv": [
                    5.55,
                    21.55
                  ],
                  "uv_size": [
                    1.7,
                    -0.9
                  ]
                },
                "south": {
                  "uv": [
                    4.1,
                    20.15
                  ],
                  "uv_size": [
                    3.3,
                    0.35
                  ]
                },
                "west": {
                  "uv": [
                    4.4,
                    20.25
                  ],
                  "uv_size": [
                    1.85,
                    0.05
                  ]
                },
                "up": {
                  "uv": [
                    1.65,
                    20.25
                  ],
                  "uv_size": [
                    4.05,
                    1.5
                  ]
                },
                "down": {
                  "uv": [
                    0.25,
                    23.4
                  ],
                  "uv_size": [
                    11.55,
                    -5.05
                  ]
                }
              }
            },
            {
              "origin": [
                -7,
                9,
                5
              ],
              "size": [
                4,
                3,
                1
              ],
              "uv": {
                "north": {
                  "uv": [
                    18.7,
                    51.95
                  ],
                  "uv_size": [
                    13.65,
                    9.4
                  ]
                },
                "east": {
                  "uv": [
                    5.55,
                    21.55
                  ],
                  "uv_size": [
                    1.7,
                    -0.9
                  ]
                },
                "south": {
                  "uv": [
                    4.1,
                    20.15
                  ],
                  "uv_size": [
                    3.3,
                    0.35
                  ]
                },
                "west": {
                  "uv": [
                    4.4,
                    20.25
                  ],
                  "uv_size": [
                    1.85,
                    0.05
                  ]
                },
                "up": {
                  "uv": [
                    1.65,
                    20.25
                  ],
                  "uv_size": [
                    4.05,
                    1.5
                  ]
                },
                "down": {
                  "uv": [
                    0.25,
                    23.4
                  ],
                  "uv_size": [
                    11.55,
                    -5.05
                  ]
                }
              }
            },
            {
              "origin": [
                -7,
                9,
                1
              ],
              "size": [
                4,
                3,
                1
              ],
              "uv": {
                "north": {
                  "uv": [
                    18.7,
                    51.95
                  ],
                  "uv_size": [
                    13.65,
                    9.4
                  ]
                },
                "east": {
                  "uv": [
                    5.55,
                    21.55
                  ],
                  "uv_size": [
                    1.7,
                    -0.9
                  ]
                },
                "south": {
                  "uv": [
                    4.1,
                    20.15
                  ],
                  "uv_size": [
                    3.3,
                    0.35
                  ]
                },
                "west": {
                  "uv": [
                    4.4,
                    20.25
                  ],
                  "uv_size": [
                    1.85,
                    0.05
                  ]
                },
                "up": {
                  "uv": [
                    1.65,
                    20.25
                  ],
                  "uv_size": [
                    4.05,
                    1.5
                  ]
                },
                "down": {
                  "uv": [
                    0.25,
                    23.4
                  ],
                  "uv_size": [
                    11.55,
                    -5.05
                  ]
                }
              }
            },
            {
              "origin": [
                -2,
                9,
                -3
              ],
              "size": [
                4,
                3,
                1
              ],
              "uv": {
                "north": {
                  "uv": [
                    18.7,
                    51.95
                  ],
                  "uv_size": [
                    13.65,
                    9.4
                  ]
                },
                "east": {
                  "uv": [
                    5.55,
                    21.55
                  ],
                  "uv_size": [
                    1.7,
                    -0.9
                  ]
                },
                "south": {
                  "uv": [
                    4.1,
                    20.15
                  ],
                  "uv_size": [
                    3.3,
                    0.35
                  ]
                },
                "west": {
                  "uv": [
                    4.4,
                    20.25
                  ],
                  "uv_size": [
                    1.85,
                    0.05
                  ]
                },
                "up": {
                  "uv": [
                    1.65,
                    20.25
                  ],
                  "uv_size": [
                    4.05,
                    1.5
                  ]
                },
                "down": {
                  "uv": [
                    2.9,
                    21
                  ],
                  "uv_size": [
                    2.6,
                    0.05
                  ]
                }
              }
            },
            {
              "origin": [
                -2,
                9,
                -1
              ],
              "size": [
                4,
                3,
                1
              ],
              "uv": {
                "north": {
                  "uv": [
                    18.7,
                    51.95
                  ],
                  "uv_size": [
                    13.65,
                    9.4
                  ]
                },
                "east": {
                  "uv": [
                    5.55,
                    21.55
                  ],
                  "uv_size": [
                    1.7,
                    -0.9
                  ]
                },
                "south": {
                  "uv": [
                    4.1,
                    20.15
                  ],
                  "uv_size": [
                    3.3,
                    0.35
                  ]
                },
                "west": {
                  "uv": [
                    4.4,
                    20.25
                  ],
                  "uv_size": [
                    1.85,
                    0.05
                  ]
                },
                "up": {
                  "uv": [
                    1.65,
                    20.25
                  ],
                  "uv_size": [
                    4.05,
                    1.5
                  ]
                },
                "down": {
                  "uv": [
                    0.25,
                    23.4
                  ],
                  "uv_size": [
                    11.55,
                    -5.05
                  ]
                }
              }
            },
            {
              "origin": [
                -2,
                9,
                1
              ],
              "size": [
                4,
                3,
                1
              ],
              "uv": {
                "north": {
                  "uv": [
                    18.7,
                    51.95
                  ],
                  "uv_size": [
                    13.65,
                    9.4
                  ]
                },
                "east": {
                  "uv": [
                    5.55,
                    21.55
                  ],
                  "uv_size": [
                    1.7,
                    -0.9
                  ]
                },
                "south": {
                  "uv": [
                    4.1,
                    20.15
                  ],
                  "uv_size": [
                    3.3,
                    0.35
                  ]
                },
                "west": {
                  "uv": [
                    4.4,
                    20.25
                  ],
                  "uv_size": [
                    1.85,
                    0.05
                  ]
                },
                "up": {
                  "uv": [
                    1.65,
                    20.25
                  ],
                  "uv_size": [
                    4.05,
                    1.5
                  ]
                },
                "down": {
                  "uv": [
                    0.25,
                    23.4
                  ],
                  "uv_size": [
                    11.55,
                    -5.05
                  ]
                }
              }
            },
            {
              "origin": [
                -2,
                9,
                3
              ],
              "size": [
                4,
                3,
                1
              ],
              "uv": {
                "north": {
                  "uv": [
                    18.7,
                    51.95
                  ],
                  "uv_size": [
                    13.65,
                    9.4
                  ]
                },
                "east": {
                  "uv": [
                    5.55,
                    21.55
                  ],
                  "uv_size": [
                    1.7,
                    -0.9
                  ]
                },
                "south": {
                  "uv": [
                    4.1,
                    20.15
                  ],
                  "uv_size": [
                    3.3,
                    0.35
                  ]
                },
                "west": {
                  "uv": [
                    4.4,
                    20.25
                  ],
                  "uv_size": [
                    1.85,
                    0.05
                  ]
                },
                "up": {
                  "uv": [
                    1.65,
                    20.25
                  ],
                  "uv_size": [
                    4.05,
                    1.5
                  ]
                },
                "down": {
                  "uv": [
                    0.25,
                    23.4
                  ],
                  "uv_size": [
                    11.55,
                    -5.05
                  ]
                }
              }
            },
            {
              "origin": [
                -2,
                9,
                5
              ],
              "size": [
                4,
                3,
                1
              ],
              "uv": {
                "north": {
                  "uv": [
                    18.7,
                    51.95
                  ],
                  "uv_size": [
                    13.65,
                    9.4
                  ]
                },
                "east": {
                  "uv": [
                    5.55,
                    21.55
                  ],
                  "uv_size": [
                    1.7,
                    -0.9
                  ]
                },
                "south": {
                  "uv": [
                    4.1,
                    20.15
                  ],
                  "uv_size": [
                    3.3,
                    0.35
                  ]
                },
                "west": {
                  "uv": [
                    4.4,
                    20.25
                  ],
                  "uv_size": [
                    1.85,
                    0.05
                  ]
                },
                "up": {
                  "uv": [
                    1.65,
                    20.25
                  ],
                  "uv_size": [
                    4.05,
                    1.5
                  ]
                },
                "down": {
                  "uv": [
                    0.25,
                    23.4
                  ],
                  "uv_size": [
                    11.55,
                    -5.05
                  ]
                }
              }
            },
            {
              "origin": [
                3,
                9,
                -3
              ],
              "size": [
                4,
                3,
                1
              ],
              "uv": {
                "north": {
                  "uv": [
                    18.7,
                    51.95
                  ],
                  "uv_size": [
                    13.65,
                    9.4
                  ]
                },
                "east": {
                  "uv": [
                    5.55,
                    21.55
                  ],
                  "uv_size": [
                    1.7,
                    -0.9
                  ]
                },
                "south": {
                  "uv": [
                    4.1,
                    20.15
                  ],
                  "uv_size": [
                    3.3,
                    0.35
                  ]
                },
                "west": {
                  "uv": [
                    4.4,
                    20.25
                  ],
                  "uv_size": [
                    1.85,
                    0.05
                  ]
                },
                "up": {
                  "uv": [
                    1.65,
                    20.25
                  ],
                  "uv_size": [
                    4.05,
                    1.5
                  ]
                },
                "down": {
                  "uv": [
                    0.25,
                    23.4
                  ],
                  "uv_size": [
                    11.55,
                    -5.05
                  ]
                }
              }
            },
            {
              "origin": [
                3,
                9,
                -1
              ],
              "size": [
                4,
                3,
                1
              ],
              "uv": {
                "north": {
                  "uv": [
                    18.7,
                    51.95
                  ],
                  "uv_size": [
                    13.65,
                    9.4
                  ]
                },
                "east": {
                  "uv": [
                    5.55,
                    21.55
                  ],
                  "uv_size": [
                    1.7,
                    -0.9
                  ]
                },
                "south": {
                  "uv": [
                    4.1,
                    20.15
                  ],
                  "uv_size": [
                    3.3,
                    0.35
                  ]
                },
                "west": {
                  "uv": [
                    4.4,
                    20.25
                  ],
                  "uv_size": [
                    1.85,
                    0.05
                  ]
                },
                "up": {
                  "uv": [
                    1.65,
                    20.25
                  ],
                  "uv_size": [
                    4.05,
                    1.5
                  ]
                },
                "down": {
                  "uv": [
                    0.25,
                    23.4
                  ],
                  "uv_size": [
                    11.55,
                    -5.05
                  ]
                }
              }
            },
            {
              "origin": [
                3,
                9,
                1
              ],
              "size": [
                4,
                3,
                1
              ],
              "uv": {
                "north": {
                  "uv": [
                    18.7,
                    51.95
                  ],
                  "uv_size": [
                    13.65,
                    9.4
                  ]
                },
                "east": {
                  "uv": [
                    5.55,
                    21.55
                  ],
                  "uv_size": [
                    1.7,
                    -0.9
                  ]
                },
                "south": {
                  "uv": [
                    4.1,
                    20.15
                  ],
                  "uv_size": [
                    3.3,
                    0.35
                  ]
                },
                "west": {
                  "uv": [
                    4.4,
                    20.25
                  ],
                  "uv_size": [
                    1.85,
                    0.05
                  ]
                },
                "up": {
                  "uv": [
                    1.65,
                    20.25
                  ],
                  "uv_size": [
                    4.05,
                    1.5
                  ]
                },
                "down": {
                  "uv": [
                    0.25,
                    23.4
                  ],
                  "uv_size": [
                    11.55,
                    -5.05
                  ]
                }
              }
            },
            {
              "origin": [
                3,
                9,
                3
              ],
              "size": [
                4,
                3,
                1
              ],
              "uv": {
                "north": {
                  "uv": [
                    18.7,
                    51.95
                  ],
                  "uv_size": [
                    13.65,
                    9.4
                  ]
                },
                "east": {
                  "uv": [
                    5.55,
                    21.55
                  ],
                  "uv_size": [
                    1.7,
                    -0.9
                  ]
                },
                "south": {
                  "uv": [
                    4.1,
                    20.15
                  ],
                  "uv_size": [
                    3.3,
                    0.35
                  ]
                },
                "west": {
                  "uv": [
                    4.4,
                    20.25
                  ],
                  "uv_size": [
                    1.85,
                    0.05
                  ]
                },
                "up": {
                  "uv": [
                    1.65,
                    20.25
                  ],
                  "uv_size": [
                    4.05,
                    1.5
                  ]
                },
                "down": {
                  "uv": [
                    0.25,
                    23.4
                  ],
                  "uv_size": [
                    11.55,
                    -5.05
                  ]
                }
              }
            },
            {
              "origin": [
                3,
                9,
                5
              ],
              "size": [
                4,
                3,
                1
              ],
              "uv": {
                "north": {
                  "uv": [
                    18.7,
                    51.95
                  ],
                  "uv_size": [
                    13.65,
                    9.4
                  ]
                },
                "east": {
                  "uv": [
                    5.55,
                    21.55
                  ],
                  "uv_size": [
                    1.7,
                    -0.9
                  ]
                },
                "south": {
                  "uv": [
                    4.1,
                    20.15
                  ],
                  "uv_size": [
                    3.3,
                    0.35
                  ]
                },
                "west": {
                  "uv": [
                    4.4,
                    20.25
                  ],
                  "uv_size": [
                    1.85,
                    0.05
                  ]
                },
                "up": {
                  "uv": [
                    1.65,
                    20.25
                  ],
                  "uv_size": [
                    4.05,
                    1.5
                  ]
                },
                "down": {
                  "uv": [
                    0.25,
                    23.4
                  ],
                  "uv_size": [
                    11.55,
                    -5.05
                  ]
                }
              }
            },
            {
              "origin": [
                -7,
                4,
                -2
              ],
              "size": [
                4,
                3,
                1
              ],
              "uv": {
                "north": {
                  "uv": [
                    34.2,
                    50.35
                  ],
                  "uv_size": [
                    16,
                    10.5
                  ]
                },
                "east": {
                  "uv": [
                    0.2,
                    28.9
                  ],
                  "uv_size": [
                    12,
                    -4.75
                  ]
                },
                "south": {
                  "uv": [
                    4.2,
                    25.85
                  ],
                  "uv_size": [
                    4.5,
                    0.75
                  ]
                },
                "west": {
                  "uv": [
                    5.1,
                    26.9
                  ],
                  "uv_size": [
                    1.6,
                    -1.7
                  ]
                },
                "up": {
                  "uv": [
                    5.55,
                    26
                  ],
                  "uv_size": [
                    2.65,
                    1.05
                  ]
                },
                "down": {
                  "uv": [
                    1.3,
                    26.9
                  ],
                  "uv_size": [
                    4.85,
                    -1.15
                  ]
                }
              }
            },
            {
              "origin": [
                -2,
                4,
                -2
              ],
              "size": [
                4,
                3,
                1
              ],
              "uv": {
                "north": {
                  "uv": [
                    34.2,
                    50.35
                  ],
                  "uv_size": [
                    16,
                    10.5
                  ]
                },
                "east": {
                  "uv": [
                    0.2,
                    28.9
                  ],
                  "uv_size": [
                    12,
                    -4.75
                  ]
                },
                "south": {
                  "uv": [
                    4.2,
                    25.85
                  ],
                  "uv_size": [
                    4.5,
                    0.75
                  ]
                },
                "west": {
                  "uv": [
                    5.1,
                    26.9
                  ],
                  "uv_size": [
                    1.6,
                    -1.7
                  ]
                },
                "up": {
                  "uv": [
                    5.55,
                    26
                  ],
                  "uv_size": [
                    2.65,
                    1.05
                  ]
                },
                "down": {
                  "uv": [
                    1.3,
                    26.9
                  ],
                  "uv_size": [
                    4.85,
                    -1.15
                  ]
                }
              }
            },
            {
              "origin": [
                3,
                4,
                -2
              ],
              "size": [
                4,
                3,
                1
              ],
              "uv": {
                "north": {
                  "uv": [
                    34.2,
                    50.35
                  ],
                  "uv_size": [
                    16,
                    10.5
                  ]
                },
                "east": {
                  "uv": [
                    0.2,
                    28.9
                  ],
                  "uv_size": [
                    12,
                    -4.75
                  ]
                },
                "south": {
                  "uv": [
                    4.2,
                    25.85
                  ],
                  "uv_size": [
                    4.5,
                    0.75
                  ]
                },
                "west": {
                  "uv": [
                    5.1,
                    26.9
                  ],
                  "uv_size": [
                    1.6,
                    -1.7
                  ]
                },
                "up": {
                  "uv": [
                    5.55,
                    26
                  ],
                  "uv_size": [
                    2.65,
                    1.05
                  ]
                },
                "down": {
                  "uv": [
                    1.3,
                    26.9
                  ],
                  "uv_size": [
                    4.85,
                    -1.15
                  ]
                }
              }
            },
            {
              "origin": [
                -7,
                4,
                0
              ],
              "size": [
                4,
                3,
                1
              ],
              "uv": {
                "north": {
                  "uv": [
                    34.2,
                    50.35
                  ],
                  "uv_size": [
                    16,
                    10.5
                  ]
                },
                "east": {
                  "uv": [
                    0.2,
                    28.9
                  ],
                  "uv_size": [
                    12,
                    -4.75
                  ]
                },
                "south": {
                  "uv": [
                    4.2,
                    25.85
                  ],
                  "uv_size": [
                    4.5,
                    0.75
                  ]
                },
                "west": {
                  "uv": [
                    5.1,
                    26.9
                  ],
                  "uv_size": [
                    1.6,
                    -1.7
                  ]
                },
                "up": {
                  "uv": [
                    5.55,
                    26
                  ],
                  "uv_size": [
                    2.65,
                    1.05
                  ]
                },
                "down": {
                  "uv": [
                    1.3,
                    26.9
                  ],
                  "uv_size": [
                    4.85,
                    -1.15
                  ]
                }
              }
            },
            {
              "origin": [
                -2,
                4,
                0
              ],
              "size": [
                4,
                3,
                1
              ],
              "uv": {
                "north": {
                  "uv": [
                    34.2,
                    50.35
                  ],
                  "uv_size": [
                    16,
                    10.5
                  ]
                },
                "east": {
                  "uv": [
                    0.2,
                    28.9
                  ],
                  "uv_size": [
                    12,
                    -4.75
                  ]
                },
                "south": {
                  "uv": [
                    4.2,
                    25.85
                  ],
                  "uv_size": [
                    4.5,
                    0.75
                  ]
                },
                "west": {
                  "uv": [
                    5.1,
                    26.9
                  ],
                  "uv_size": [
                    1.6,
                    -1.7
                  ]
                },
                "up": {
                  "uv": [
                    5.55,
                    26
                  ],
                  "uv_size": [
                    2.65,
                    1.05
                  ]
                },
                "down": {
                  "uv": [
                    1.3,
                    26.9
                  ],
                  "uv_size": [
                    4.85,
                    -1.15
                  ]
                }
              }
            },
            {
              "origin": [
                -2,
                4,
                2
              ],
              "size": [
                4,
                3,
                1
              ],
              "uv": {
                "north": {
                  "uv": [
                    34.2,
                    50.35
                  ],
                  "uv_size": [
                    16,
                    10.5
                  ]
                },
                "east": {
                  "uv": [
                    0.2,
                    28.9
                  ],
                  "uv_size": [
                    12,
                    -4.75
                  ]
                },
                "south": {
                  "uv": [
                    4.2,
                    25.85
                  ],
                  "uv_size": [
                    4.5,
                    0.75
                  ]
                },
                "west": {
                  "uv": [
                    5.1,
                    26.9
                  ],
                  "uv_size": [
                    1.6,
                    -1.7
                  ]
                },
                "up": {
                  "uv": [
                    5.55,
                    26
                  ],
                  "uv_size": [
                    2.65,
                    1.05
                  ]
                },
                "down": {
                  "uv": [
                    1.3,
                    26.9
                  ],
                  "uv_size": [
                    4.85,
                    -1.15
                  ]
                }
              }
            },
            {
              "origin": [
                -2,
                4,
                4
              ],
              "size": [
                4,
                3,
                1
              ],
              "uv": {
                "north": {
                  "uv": [
                    34.2,
                    50.35
                  ],
                  "uv_size": [
                    16,
                    10.5
                  ]
                },
                "east": {
                  "uv": [
                    0.2,
                    28.9
                  ],
                  "uv_size": [
                    12,
                    -4.75
                  ]
                },
                "south": {
                  "uv": [
                    4.2,
                    25.85
                  ],
                  "uv_size": [
                    4.5,
                    0.75
                  ]
                },
                "west": {
                  "uv": [
                    5.1,
                    26.9
                  ],
                  "uv_size": [
                    1.6,
                    -1.7
                  ]
                },
                "up": {
                  "uv": [
                    5.55,
                    26
                  ],
                  "uv_size": [
                    2.65,
                    1.05
                  ]
                },
                "down": {
                  "uv": [
                    1.3,
                    26.9
                  ],
                  "uv_size": [
                    4.85,
                    -1.15
                  ]
                }
              }
            },
            {
              "origin": [
                3,
                4,
                0
              ],
              "size": [
                4,
                3,
                1
              ],
              "uv": {
                "north": {
                  "uv": [
                    34.2,
                    50.35
                  ],
                  "uv_size": [
                    16,
                    10.5
                  ]
                },
                "east": {
                  "uv": [
                    0.2,
                    28.9
                  ],
                  "uv_size": [
                    12,
                    -4.75
                  ]
                },
                "south": {
                  "uv": [
                    4.2,
                    25.85
                  ],
                  "uv_size": [
                    4.5,
                    0.75
                  ]
                },
                "west": {
                  "uv": [
                    5.1,
                    26.9
                  ],
                  "uv_size": [
                    1.6,
                    -1.7
                  ]
                },
                "up": {
                  "uv": [
                    5.55,
                    26
                  ],
                  "uv_size": [
                    2.65,
                    1.05
                  ]
                },
                "down": {
                  "uv": [
                    1.3,
                    26.9
                  ],
                  "uv_size": [
                    4.85,
                    -1.15
                  ]
                }
              }
            },
            {
              "origin": [
                3,
                4,
                2
              ],
              "size": [
                4,
                3,
                1
              ],
              "uv": {
                "north": {
                  "uv": [
                    34.2,
                    50.35
                  ],
                  "uv_size": [
                    16,
                    10.5
                  ]
                },
                "east": {
                  "uv": [
                    0.2,
                    28.9
                  ],
                  "uv_size": [
                    12,
                    -4.75
                  ]
                },
                "south": {
                  "uv": [
                    4.2,
                    25.85
                  ],
                  "uv_size": [
                    4.5,
                    0.75
                  ]
                },
                "west": {
                  "uv": [
                    5.1,
                    26.9
                  ],
                  "uv_size": [
                    1.6,
                    -1.7
                  ]
                },
                "up": {
                  "uv": [
                    5.55,
                    26
                  ],
                  "uv_size": [
                    2.65,
                    1.05
                  ]
                },
                "down": {
                  "uv": [
                    1.3,
                    26.9
                  ],
                  "uv_size": [
                    4.85,
                    -1.15
                  ]
                }
              }
            },
            {
              "origin": [
                3,
                4,
                4
              ],
              "size": [
                4,
                3,
                1
              ],
              "uv": {
                "north": {
                  "uv": [
                    34.2,
                    50.35
                  ],
                  "uv_size": [
                    16,
                    10.5
                  ]
                },
                "east": {
                  "uv": [
                    0.2,
                    28.9
                  ],
                  "uv_size": [
                    12,
                    -4.75
                  ]
                },
                "south": {
                  "uv": [
                    4.2,
                    25.85
                  ],
                  "uv_size": [
                    4.5,
                    0.75
                  ]
                },
                "west": {
                  "uv": [
                    5.1,
                    26.9
                  ],
                  "uv_size": [
                    1.6,
                    -1.7
                  ]
                },
                "up": {
                  "uv": [
                    5.55,
                    26
                  ],
                  "uv_size": [
                    2.65,
                    1.05
                  ]
                },
                "down": {
                  "uv": [
                    1.3,
                    26.9
                  ],
                  "uv_size": [
                    4.85,
                    -1.15
                  ]
                }
              }
            },
            {
              "origin": [
                -7,
                4,
                2
              ],
              "size": [
                4,
                3,
                1
              ],
              "uv": {
                "north": {
                  "uv": [
                    34.2,
                    50.35
                  ],
                  "uv_size": [
                    16,
                    10.5
                  ]
                },
                "east": {
                  "uv": [
                    0.2,
                    28.9
                  ],
                  "uv_size": [
                    12,
                    -4.75
                  ]
                },
                "south": {
                  "uv": [
                    4.2,
                    25.85
                  ],
                  "uv_size": [
                    4.5,
                    0.75
                  ]
                },
                "west": {
                  "uv": [
                    5.1,
                    26.9
                  ],
                  "uv_size": [
                    1.6,
                    -1.7
                  ]
                },
                "up": {
                  "uv": [
                    5.55,
                    26
                  ],
                  "uv_size": [
                    2.65,
                    1.05
                  ]
                },
                "down": {
                  "uv": [
                    1.3,
                    26.9
                  ],
                  "uv_size": [
                    4.85,
                    -1.15
                  ]
                }
              }
            },
            {
              "origin": [
                -7,
                4,
                4
              ],
              "size": [
                4,
                3,
                1
              ],
              "uv": {
                "north": {
                  "uv": [
                    34.2,
                    50.35
                  ],
                  "uv_size": [
                    16,
                    10.5
                  ]
                },
                "east": {
                  "uv": [
                    0.2,
                    28.9
                  ],
                  "uv_size": [
                    12,
                    -4.75
                  ]
                },
                "south": {
                  "uv": [
                    4.2,
                    25.85
                  ],
                  "uv_size": [
                    4.5,
                    0.75
                  ]
                },
                "west": {
                  "uv": [
                    5.1,
                    26.9
                  ],
                  "uv_size": [
                    1.6,
                    -1.7
                  ]
                },
                "up": {
                  "uv": [
                    5.55,
                    26
                  ],
                  "uv_size": [
                    2.65,
                    1.05
                  ]
                },
                "down": {
                  "uv": [
                    1.3,
                    26.9
                  ],
                  "uv_size": [
                    4.85,
                    -1.15
                  ]
                }
              }
            },
            {
              "origin": [
                -2,
                1,
                -3
              ],
              "size": [
                4,
                3,
                1
              ],
              "uv": {
                "north": {
                  "uv": [
                    0.8,
                    50.1
                  ],
                  "uv_size": [
                    16,
                    11.5
                  ]
                },
                "east": {
                  "uv": [
                    0,
                    0
                  ],
                  "uv_size": [
                    12,
                    1
                  ]
                },
                "south": {
                  "uv": [
                    0,
                    0
                  ],
                  "uv_size": [
                    16,
                    1
                  ]
                },
                "west": {
                  "uv": [
                    0,
                    7
                  ],
                  "uv_size": [
                    12,
                    -7
                  ]
                },
                "up": {
                  "uv": [
                    0,
                    0
                  ],
                  "uv_size": [
                    16,
                    11
                  ]
                },
                "down": {
                  "uv": [
                    0,
                    11
                  ],
                  "uv_size": [
                    16,
                    -11
                  ]
                }
              }
            },
            {
              "origin": [
                3,
                1,
                -3
              ],
              "size": [
                4,
                3,
                1
              ],
              "uv": {
                "north": {
                  "uv": [
                    0.8,
                    50.1
                  ],
                  "uv_size": [
                    16,
                    11.5
                  ]
                },
                "east": {
                  "uv": [
                    0,
                    0
                  ],
                  "uv_size": [
                    12,
                    1
                  ]
                },
                "south": {
                  "uv": [
                    0,
                    0
                  ],
                  "uv_size": [
                    16,
                    1
                  ]
                },
                "west": {
                  "uv": [
                    0,
                    7
                  ],
                  "uv_size": [
                    12,
                    -7
                  ]
                },
                "up": {
                  "uv": [
                    0,
                    0
                  ],
                  "uv_size": [
                    16,
                    11
                  ]
                },
                "down": {
                  "uv": [
                    0,
                    11
                  ],
                  "uv_size": [
                    16,
                    -11
                  ]
                }
              }
            },
            {
              "origin": [
                3,
                1,
                -1
              ],
              "size": [
                4,
                3,
                1
              ],
              "uv": {
                "north": {
                  "uv": [
                    0.8,
                    50.1
                  ],
                  "uv_size": [
                    16,
                    11.5
                  ]
                },
                "east": {
                  "uv": [
                    0,
                    0
                  ],
                  "uv_size": [
                    12,
                    1
                  ]
                },
                "south": {
                  "uv": [
                    0,
                    0
                  ],
                  "uv_size": [
                    16,
                    1
                  ]
                },
                "west": {
                  "uv": [
                    0,
                    7
                  ],
                  "uv_size": [
                    12,
                    -7
                  ]
                },
                "up": {
                  "uv": [
                    0,
                    0
                  ],
                  "uv_size": [
                    16,
                    11
                  ]
                },
                "down": {
                  "uv": [
                    0,
                    11
                  ],
                  "uv_size": [
                    16,
                    -11
                  ]
                }
              }
            },
            {
              "origin": [
                3,
                1,
                1
              ],
              "size": [
                4,
                3,
                1
              ],
              "uv": {
                "north": {
                  "uv": [
                    0.8,
                    50.1
                  ],
                  "uv_size": [
                    16,
                    11.5
                  ]
                },
                "east": {
                  "uv": [
                    0,
                    0
                  ],
                  "uv_size": [
                    12,
                    1
                  ]
                },
                "south": {
                  "uv": [
                    0,
                    0
                  ],
                  "uv_size": [
                    16,
                    1
                  ]
                },
                "west": {
                  "uv": [
                    0,
                    7
                  ],
                  "uv_size": [
                    12,
                    -7
                  ]
                },
                "up": {
                  "uv": [
                    0,
                    0
                  ],
                  "uv_size": [
                    16,
                    11
                  ]
                },
                "down": {
                  "uv": [
                    0,
                    11
                  ],
                  "uv_size": [
                    16,
                    -11
                  ]
                }
              }
            },
            {
              "origin": [
                3,
                1,
                3
              ],
              "size": [
                4,
                3,
                1
              ],
              "uv": {
                "north": {
                  "uv": [
                    0.8,
                    50.1
                  ],
                  "uv_size": [
                    16,
                    11.5
                  ]
                },
                "east": {
                  "uv": [
                    0,
                    0
                  ],
                  "uv_size": [
                    12,
                    1
                  ]
                },
                "south": {
                  "uv": [
                    0,
                    0
                  ],
                  "uv_size": [
                    16,
                    1
                  ]
                },
                "west": {
                  "uv": [
                    0,
                    7
                  ],
                  "uv_size": [
                    12,
                    -7
                  ]
                },
                "up": {
                  "uv": [
                    0,
                    0
                  ],
                  "uv_size": [
                    16,
                    11
                  ]
                },
                "down": {
                  "uv": [
                    0,
                    11
                  ],
                  "uv_size": [
                    16,
                    -11
                  ]
                }
              }
            },
            {
              "origin": [
                3,
                1,
                5
              ],
              "size": [
                4,
                3,
                1
              ],
              "uv": {
                "north": {
                  "uv": [
                    0.8,
                    50.1
                  ],
                  "uv_size": [
                    16,
                    11.5
                  ]
                },
                "east": {
                  "uv": [
                    0,
                    0
                  ],
                  "uv_size": [
                    12,
                    1
                  ]
                },
                "south": {
                  "uv": [
                    0,
                    0
                  ],
                  "uv_size": [
                    16,
                    1
                  ]
                },
                "west": {
                  "uv": [
                    0,
                    7
                  ],
                  "uv_size": [
                    12,
                    -7
                  ]
                },
                "up": {
                  "uv": [
                    0,
                    0
                  ],
                  "uv_size": [
                    16,
                    11
                  ]
                },
                "down": {
                  "uv": [
                    0,
                    11
                  ],
                  "uv_size": [
                    16,
                    -11
                  ]
                }
              }
            },
            {
              "origin": [
                -2,
                1,
                -1
              ],
              "size": [
                4,
                3,
                1
              ],
              "uv": {
                "north": {
                  "uv": [
                    0.8,
                    50.1
                  ],
                  "uv_size": [
                    16,
                    11.5
                  ]
                },
                "east": {
                  "uv": [
                    0,
                    0
                  ],
                  "uv_size": [
                    12,
                    1
                  ]
                },
                "south": {
                  "uv": [
                    0,
                    0
                  ],
                  "uv_size": [
                    16,
                    1
                  ]
                },
                "west": {
                  "uv": [
                    0,
                    7
                  ],
                  "uv_size": [
                    12,
                    -7
                  ]
                },
                "up": {
                  "uv": [
                    0,
                    0
                  ],
                  "uv_size": [
                    16,
                    11
                  ]
                },
                "down": {
                  "uv": [
                    0,
                    11
                  ],
                  "uv_size": [
                    16,
                    -11
                  ]
                }
              }
            },
            {
              "origin": [
                -2,
                1,
                1
              ],
              "size": [
                4,
                3,
                1
              ],
              "uv": {
                "north": {
                  "uv": [
                    0.8,
                    50.1
                  ],
                  "uv_size": [
                    16,
                    11.5
                  ]
                },
                "east": {
                  "uv": [
                    0,
                    0
                  ],
                  "uv_size": [
                    12,
                    1
                  ]
                },
                "south": {
                  "uv": [
                    0,
                    0
                  ],
                  "uv_size": [
                    16,
                    1
                  ]
                },
                "west": {
                  "uv": [
                    0,
                    7
                  ],
                  "uv_size": [
                    12,
                    -7
                  ]
                },
                "up": {
                  "uv": [
                    0,
                    0
                  ],
                  "uv_size": [
                    16,
                    11
                  ]
                },
                "down": {
                  "uv": [
                    0,
                    11
                  ],
                  "uv_size": [
                    16,
                    -11
                  ]
                }
              }
            },
            {
              "origin": [
                -2,
                1,
                3
              ],
              "size": [
                4,
                3,
                1
              ],
              "uv": {
                "north": {
                  "uv": [
                    0.8,
                    50.1
                  ],
                  "uv_size": [
                    16,
                    11.5
                  ]
                },
                "east": {
                  "uv": [
                    0,
                    0
                  ],
                  "uv_size": [
                    12,
                    1
                  ]
                },
                "south": {
                  "uv": [
                    0,
                    0
                  ],
                  "uv_size": [
                    16,
                    1
                  ]
                },
                "west": {
                  "uv": [
                    0,
                    7
                  ],
                  "uv_size": [
                    12,
                    -7
                  ]
                },
                "up": {
                  "uv": [
                    0,
                    0
                  ],
                  "uv_size": [
                    16,
                    11
                  ]
                },
                "down": {
                  "uv": [
                    0,
                    11
                  ],
                  "uv_size": [
                    16,
                    -11
                  ]
                }
              }
            },
            {
              "origin": [
                -2,
                1,
                5
              ],
              "size": [
                4,
                3,
                1
              ],
              "uv": {
                "north": {
                  "uv": [
                    0.8,
                    50.1
                  ],
                  "uv_size": [
                    16,
                    11.5
                  ]
                },
                "east": {
                  "uv": [
                    0,
                    0
                  ],
                  "uv_size": [
                    12,
                    1
                  ]
                },
                "south": {
                  "uv": [
                    0,
                    0
                  ],
                  "uv_size": [
                    16,
                    1
                  ]
                },
                "west": {
                  "uv": [
                    0,
                    7
                  ],
                  "uv_size": [
                    12,
                    -7
                  ]
                },
                "up": {
                  "uv": [
                    0,
                    0
                  ],
                  "uv_size": [
                    16,
                    11
                  ]
                },
                "down": {
                  "uv": [
                    0,
                    11
                  ],
                  "uv_size": [
                    16,
                    -11
                  ]
                }
              }
            },
            {
              "origin": [
                -7,
                1,
                1
              ],
              "size": [
                4,
                3,
                1
              ],
              "uv": {
                "north": {
                  "uv": [
                    0.8,
                    50.1
                  ],
                  "uv_size": [
                    16,
                    11.5
                  ]
                },
                "east": {
                  "uv": [
                    0,
                    0
                  ],
                  "uv_size": [
                    12,
                    1
                  ]
                },
                "south": {
                  "uv": [
                    0,
                    0
                  ],
                  "uv_size": [
                    16,
                    1
                  ]
                },
                "west": {
                  "uv": [
                    0,
                    7
                  ],
                  "uv_size": [
                    12,
                    -7
                  ]
                },
                "up": {
                  "uv": [
                    0,
                    0
                  ],
                  "uv_size": [
                    16,
                    11
                  ]
                },
                "down": {
                  "uv": [
                    0,
                    11
                  ],
                  "uv_size": [
                    16,
                    -11
                  ]
                }
              }
            },
            {
              "origin": [
                -7,
                1,
                3
              ],
              "size": [
                4,
                3,
                1
              ],
              "uv": {
                "north": {
                  "uv": [
                    0.8,
                    50.1
                  ],
                  "uv_size": [
                    16,
                    11.5
                  ]
                },
                "east": {
                  "uv": [
                    0,
                    0
                  ],
                  "uv_size": [
                    12,
                    1
                  ]
                },
                "south": {
                  "uv": [
                    0,
                    0
                  ],
                  "uv_size": [
                    16,
                    1
                  ]
                },
                "west": {
                  "uv": [
                    0,
                    7
                  ],
                  "uv_size": [
                    12,
                    -7
                  ]
                },
                "up": {
                  "uv": [
                    0,
                    0
                  ],
                  "uv_size": [
                    16,
                    11
                  ]
                },
                "down": {
                  "uv": [
                    0,
                    11
                  ],
                  "uv_size": [
                    16,
                    -11
                  ]
                }
              }
            },
            {
              "origin": [
                -7,
                1,
                5
              ],
              "size": [
                4,
                3,
                1
              ],
              "uv": {
                "north": {
                  "uv": [
                    0.8,
                    50.1
                  ],
                  "uv_size": [
                    16,
                    11.5
                  ]
                },
                "east": {
                  "uv": [
                    0,
                    0
                  ],
                  "uv_size": [
                    12,
                    1
                  ]
                },
                "south": {
                  "uv": [
                    0,
                    0
                  ],
                  "uv_size": [
                    16,
                    1
                  ]
                },
                "west": {
                  "uv": [
                    0,
                    7
                  ],
                  "uv_size": [
                    12,
                    -7
                  ]
                },
                "up": {
                  "uv": [
                    0,
                    0
                  ],
                  "uv_size": [
                    16,
                    11
                  ]
                },
                "down": {
                  "uv": [
                    0,
                    11
                  ],
                  "uv_size": [
                    16,
                    -11
                  ]
                }
              }
            },
            {
              "origin": [
                -7,
                1,
                -1
              ],
              "size": [
                4,
                3,
                1
              ],
              "uv": {
                "north": {
                  "uv": [
                    0.8,
                    50.1
                  ],
                  "uv_size": [
                    16,
                    11.5
                  ]
                },
                "east": {
                  "uv": [
                    0,
                    0
                  ],
                  "uv_size": [
                    12,
                    1
                  ]
                },
                "south": {
                  "uv": [
                    0,
                    0
                  ],
                  "uv_size": [
                    16,
                    1
                  ]
                },
                "west": {
                  "uv": [
                    0,
                    7
                  ],
                  "uv_size": [
                    12,
                    -7
                  ]
                },
                "up": {
                  "uv": [
                    0,
                    0
                  ],
                  "uv_size": [
                    16,
                    11
                  ]
                },
                "down": {
                  "uv": [
                    0,
                    11
                  ],
                  "uv_size": [
                    16,
                    -11
                  ]
                }
              }
            },
            {
              "origin": [
                -8,
                8,
                -4
              ],
              "size": [
                16,
                1,
                11
              ],
              "uv": {
                "north": {
                  "uv": [
                    0,
                    2
                  ],
                  "uv_size": [
                    16,
                    1
                  ]
                },
                "east": {
                  "uv": [
                    0,
                    0
                  ],
                  "uv_size": [
                    11,
                    1
                  ]
                },
                "south": {
                  "uv": [
                    0,
                    0
                  ],
                  "uv_size": [
                    16,
                    1
                  ]
                },
                "west": {
                  "uv": [
                    0,
                    6
                  ],
                  "uv_size": [
                    11,
                    -6
                  ]
                },
                "up": {
                  "uv": [
                    0,
                    0
                  ],
                  "uv_size": [
                    16,
                    11
                  ]
                },
                "down": {
                  "uv": [
                    0,
                    11
                  ],
                  "uv_size": [
                    16,
                    -11
                  ]
                }
              }
            },
            {
              "origin": [
                -8,
                1,
                7
              ],
              "size": [
                16,
                15,
                1
              ],
              "uv": {
                "north": {
                  "uv": [
                    0,
                    0
                  ],
                  "uv_size": [
                    16,
                    6
                  ]
                },
                "east": {
                  "uv": [
                    2,
                    6
                  ],
                  "uv_size": [
                    -1,
                    -4
                  ]
                },
                "south": {
                  "uv": [
                    1,
                    0
                  ],
                  "uv_size": [
                    12,
                    4
                  ]
                },
                "west": {
                  "uv": [
                    5,
                    0
                  ],
                  "uv_size": [
                    2,
                    3
                  ]
                },
                "up": {
                  "uv": [
                    0,
                    0
                  ],
                  "uv_size": [
                    16,
                    1
                  ]
                },
                "down": {
                  "uv": [
                    0,
                    0
                  ],
                  "uv_size": [
                    16,
                    11
                  ]
                }
              }
            }
          ]
        },
        {
          "name": "bone2",
          "parent": "bone",
          "pivot": [
            0,
            0,
            0
          ],
          "cubes": [
            {
              "origin": [
                -2,
                12,
                0
              ],
              "size": [
                4,
                3,
                1
              ],
              "uv": {
                "north": {
                  "uv": [
                    36.5,
                    31.8
                  ],
                  "uv_size": [
                    17.1,
                    11.85
                  ]
                },
                "east": {
                  "uv": [
                    6.65,
                    17.25
                  ],
                  "uv_size": [
                    1.7,
                    -0.9
                  ]
                },
                "south": {
                  "uv": [
                    4.65,
                    16.6
                  ],
                  "uv_size": [
                    3.3,
                    0.35
                  ]
                },
                "west": {
                  "uv": [
                    4.95,
                    16.6
                  ],
                  "uv_size": [
                    1.85,
                    0.05
                  ]
                },
                "up": {
                  "uv": [
                    2,
                    16.95
                  ],
                  "uv_size": [
                    4.05,
                    1.5
                  ]
                },
                "down": {
                  "uv": [
                    0.45,
                    19.55
                  ],
                  "uv_size": [
                    11.55,
                    -5.05
                  ]
                }
              }
            },
            {
              "origin": [
                -2,
                12,
                2
              ],
              "size": [
                4,
                3,
                1
              ],
              "uv": {
                "north": {
                  "uv": [
                    36.5,
                    31.8
                  ],
                  "uv_size": [
                    17.1,
                    11.85
                  ]
                },
                "east": {
                  "uv": [
                    6.65,
                    17.25
                  ],
                  "uv_size": [
                    1.7,
                    -0.9
                  ]
                },
                "south": {
                  "uv": [
                    4.65,
                    16.6
                  ],
                  "uv_size": [
                    3.3,
                    0.35
                  ]
                },
                "west": {
                  "uv": [
                    4.95,
                    16.6
                  ],
                  "uv_size": [
                    1.85,
                    0.05
                  ]
                },
                "up": {
                  "uv": [
                    2,
                    16.95
                  ],
                  "uv_size": [
                    4.05,
                    1.5
                  ]
                },
                "down": {
                  "uv": [
                    0.45,
                    19.55
                  ],
                  "uv_size": [
                    11.55,
                    -5.05
                  ]
                }
              }
            },
            {
              "origin": [
                -2,
                12,
                4
              ],
              "size": [
                4,
                3,
                1
              ],
              "uv": {
                "north": {
                  "uv": [
                    36.5,
                    31.8
                  ],
                  "uv_size": [
                    17.1,
                    11.85
                  ]
                },
                "east": {
                  "uv": [
                    6.65,
                    17.25
                  ],
                  "uv_size": [
                    1.7,
                    -0.9
                  ]
                },
                "south": {
                  "uv": [
                    4.65,
                    16.6
                  ],
                  "uv_size": [
                    3.3,
                    0.35
                  ]
                },
                "west": {
                  "uv": [
                    4.95,
                    16.6
                  ],
                  "uv_size": [
                    1.85,
                    0.05
                  ]
                },
                "up": {
                  "uv": [
                    2,
                    16.95
                  ],
                  "uv_size": [
                    4.05,
                    1.5
                  ]
                },
                "down": {
                  "uv": [
                    0.45,
                    19.55
                  ],
                  "uv_size": [
                    11.55,
                    -5.05
                  ]
                }
              }
            }
          ]
        }
      ]
    }
  ]
}