{
  "format_version": "1.12.0",
  "minecraft:geometry": [
    {
      "description": {
        "identifier": "geometry.pa_rak_selai",
        "texture_width": 32,
        "texture_height": 32,
        "visible_bounds_width": 2,
        "visible_bounds_height": 3.5,
        "visible_bounds_offset": [
          0,
          1.25,
          0
        ]
      },
      "bones": [
        {
          "name": "bb_main",
          "pivot": [
            0,
            0,
            0
          ],
          "cubes": [
            {
              "origin": [
                -8,
                0,
                -4
              ],
              "size": [
                16,
                1,
                12
              ],
              "uv": {
                "north": {
                  "uv": [
                    0,
                    0
                  ],
                  "uv_size": [
                    2,
                    1
                  ]
                },
                "east": {
                  "uv": [
                    0,
                    0
                  ],
                  "uv_size": [
                    0,
                    0
                  ]
                },
                "south": {
                  "uv": [
                    0,
                    0
                  ],
                  "uv_size": [
                    2,
                    1
                  ]
                },
                "west": {
                  "uv": [
                    0,
                    0
                  ],
                  "uv_size": [
                    0,
                    0
                  ]
                },
                "up": {
                  "uv": [
                    2,
                    0
                  ],
                  "uv_size": [
                    -2,
                    0
                  ]
                },
                "down": {
                  "uv": [
                    2,
                    0
                  ],
                  "uv_size": [
                    -2,
                    0
                  ]
                }
              }
            },
            {
              "origin": [
                -8,
                8,
                -4
              ],
              "size": [
                16,
                1,
                12
              ],
              "uv": {
                "north": {
                  "uv": [
                    0,
                    0
                  ],
                  "uv_size": [
                    2,
                    1
                  ]
                },
                "east": {
                  "uv": [
                    0,
                    0
                  ],
                  "uv_size": [
                    0,
                    0
                  ]
                },
                "south": {
                  "uv": [
                    0,
                    0
                  ],
                  "uv_size": [
                    2,
                    1
                  ]
                },
                "west": {
                  "uv": [
                    0,
                    0
                  ],
                  "uv_size": [
                    0,
                    0
                  ]
                },
                "up": {
                  "uv": [
                    2,
                    0
                  ],
                  "uv_size": [
                    -2,
                    0
                  ]
                },
                "down": {
                  "uv": [
                    2,
                    0
                  ],
                  "uv_size": [
                    -2,
                    0
                  ]
                }
              }
            },
            {
              "origin": [
                -8,
                1,
                7
              ],
              "size": [
                16,
                7,
                1
              ],
              "uv": {
                "north": {
                  "uv": [
                    0,
                    0
                  ],
                  "uv_size": [
                    2,
                    1
                  ]
                },
                "east": {
                  "uv": [
                    0,
                    0
                  ],
                  "uv_size": [
                    0,
                    0
                  ]
                },
                "south": {
                  "uv": [
                    0,
                    0
                  ],
                  "uv_size": [
                    2,
                    1
                  ]
                },
                "west": {
                  "uv": [
                    0,
                    0
                  ],
                  "uv_size": [
                    0,
                    0
                  ]
                },
                "up": {
                  "uv": [
                    2,
                    0
                  ],
                  "uv_size": [
                    -2,
                    0
                  ]
                },
                "down": {
                  "uv": [
                    2,
                    0
                  ],
                  "uv_size": [
                    -2,
                    0
                  ]
                }
              }
            },
            {
              "origin": [
                -8,
                9,
                7
              ],
              "size": [
                16,
                7,
                1
              ],
              "uv": {
                "north": {
                  "uv": [
                    0,
                    0
                  ],
                  "uv_size": [
                    2,
                    1
                  ]
                },
                "east": {
                  "uv": [
                    0,
                    0
                  ],
                  "uv_size": [
                    0,
                    0
                  ]
                },
                "south": {
                  "uv": [
                    0,
                    0
                  ],
                  "uv_size": [
                    2,
                    1
                  ]
                },
                "west": {
                  "uv": [
                    0,
                    0
                  ],
                  "uv_size": [
                    0,
                    0
                  ]
                },
                "up": {
                  "uv": [
                    2,
                    0
                  ],
                  "uv_size": [
                    -2,
                    0
                  ]
                },
                "down": {
                  "uv": [
                    2,
                    0
                  ],
                  "uv_size": [
                    -2,
                    0
                  ]
                }
              }
            },
            {
              "origin": [
                3,
                9,
                -4
              ],
              "size": [
                4,
                5,
                3
              ],
              "uv": {
                "north": {
                  "uv": [
                    0.5,
                    25.8
                  ],
                  "uv_size": [
                    6.175,
                    5.775
                  ]
                },
                "east": {
                  "uv": [
                    3.25,
                    25.5
                  ],
                  "uv_size": [
                    1.75,
                    0.925
                  ]
                },
                "south": {
                  "uv": [
                    3.75,
                    25
                  ],
                  "uv_size": [
                    1.8,
                    0.775
                  ]
                },
                "west": {
                  "uv": [
                    4.125,
                    25.25
                  ],
                  "uv_size": [
                    1.55,
                    0.975
                  ]
                },
                "up": {
                  "uv": [
                    5.25,
                    25.925
                  ],
                  "uv_size": [
                    -1.75,
                    -0.925
                  ]
                },
                "down": {
                  "uv": [
                    5.6,
                    26.45
                  ],
                  "uv_size": [
                    -1.85,
                    -0.95
                  ]
                }
              }
            },
            {
              "origin": [
                -2,
                9,
                -4
              ],
              "size": [
                4,
                5,
                3
              ],
              "uv": {
                "north": {
                  "uv": [
                    0.5,
                    25.8
                  ],
                  "uv_size": [
                    6.175,
                    5.775
                  ]
                },
                "east": {
                  "uv": [
                    3.25,
                    25.5
                  ],
                  "uv_size": [
                    1.75,
                    0.925
                  ]
                },
                "south": {
                  "uv": [
                    3.75,
                    25
                  ],
                  "uv_size": [
                    1.8,
                    0.775
                  ]
                },
                "west": {
                  "uv": [
                    4.125,
                    25.25
                  ],
                  "uv_size": [
                    1.55,
                    0.975
                  ]
                },
                "up": {
                  "uv": [
                    5.25,
                    25.925
                  ],
                  "uv_size": [
                    -1.75,
                    -0.925
                  ]
                },
                "down": {
                  "uv": [
                    5.6,
                    26.45
                  ],
                  "uv_size": [
                    -1.85,
                    -0.95
                  ]
                }
              }
            },
            {
              "origin": [
                -7,
                9,
                -4
              ],
              "size": [
                4,
                5,
                3
              ],
              "uv": {
                "north": {
                  "uv": [
                    0.5,
                    25.8
                  ],
                  "uv_size": [
                    6.175,
                    5.775
                  ]
                },
                "east": {
                  "uv": [
                    3.25,
                    25.5
                  ],
                  "uv_size": [
                    1.75,
                    0.925
                  ]
                },
                "south": {
                  "uv": [
                    3.75,
                    25
                  ],
                  "uv_size": [
                    1.8,
                    0.775
                  ]
                },
                "west": {
                  "uv": [
                    4.125,
                    25.25
                  ],
                  "uv_size": [
                    1.55,
                    0.975
                  ]
                },
                "up": {
                  "uv": [
                    5.25,
                    25.925
                  ],
                  "uv_size": [
                    -1.75,
                    -0.925
                  ]
                },
                "down": {
                  "uv": [
                    5.6,
                    26.45
                  ],
                  "uv_size": [
                    -1.85,
                    -0.95
                  ]
                }
              }
            },
            {
              "origin": [
                -7,
                9,
                0
              ],
              "size": [
                4,
                5,
                3
              ],
              "uv": {
                "north": {
                  "uv": [
                    0.5,
                    25.8
                  ],
                  "uv_size": [
                    6.175,
                    5.775
                  ]
                },
                "east": {
                  "uv": [
                    3.25,
                    25.5
                  ],
                  "uv_size": [
                    1.75,
                    0.925
                  ]
                },
                "south": {
                  "uv": [
                    3.75,
                    25
                  ],
                  "uv_size": [
                    1.8,
                    0.775
                  ]
                },
                "west": {
                  "uv": [
                    4.125,
                    25.25
                  ],
                  "uv_size": [
                    1.55,
                    0.975
                  ]
                },
                "up": {
                  "uv": [
                    5.25,
                    25.925
                  ],
                  "uv_size": [
                    -1.75,
                    -0.925
                  ]
                },
                "down": {
                  "uv": [
                    5.6,
                    26.45
                  ],
                  "uv_size": [
                    -1.85,
                    -0.95
                  ]
                }
              }
            },
            {
              "origin": [
                -7,
                9,
                4
              ],
              "size": [
                4,
                5,
                3
              ],
              "uv": {
                "north": {
                  "uv": [
                    0.5,
                    25.8
                  ],
                  "uv_size": [
                    6.175,
                    5.775
                  ]
                },
                "east": {
                  "uv": [
                    3.25,
                    25.5
                  ],
                  "uv_size": [
                    1.75,
                    0.925
                  ]
                },
                "south": {
                  "uv": [
                    3.75,
                    25
                  ],
                  "uv_size": [
                    1.8,
                    0.775
                  ]
                },
                "west": {
                  "uv": [
                    4.125,
                    25.25
                  ],
                  "uv_size": [
                    1.55,
                    0.975
                  ]
                },
                "up": {
                  "uv": [
                    5.25,
                    25.925
                  ],
                  "uv_size": [
                    -1.75,
                    -0.925
                  ]
                },
                "down": {
                  "uv": [
                    5.6,
                    26.45
                  ],
                  "uv_size": [
                    -1.85,
                    -0.95
                  ]
                }
              }
            },
            {
              "origin": [
                -2,
                9,
                4
              ],
              "size": [
                4,
                5,
                3
              ],
              "uv": {
                "north": {
                  "uv": [
                    0.5,
                    25.8
                  ],
                  "uv_size": [
                    6.175,
                    5.775
                  ]
                },
                "east": {
                  "uv": [
                    3.25,
                    25.5
                  ],
                  "uv_size": [
                    1.75,
                    0.925
                  ]
                },
                "south": {
                  "uv": [
                    3.75,
                    25
                  ],
                  "uv_size": [
                    1.8,
                    0.775
                  ]
                },
                "west": {
                  "uv": [
                    4.125,
                    25.25
                  ],
                  "uv_size": [
                    1.55,
                    0.975
                  ]
                },
                "up": {
                  "uv": [
                    5.25,
                    25.925
                  ],
                  "uv_size": [
                    -1.75,
                    -0.925
                  ]
                },
                "down": {
                  "uv": [
                    5.6,
                    26.45
                  ],
                  "uv_size": [
                    -1.85,
                    -0.95
                  ]
                }
              }
            },
            {
              "origin": [
                -2,
                9,
                0
              ],
              "size": [
                4,
                5,
                3
              ],
              "uv": {
                "north": {
                  "uv": [
                    0.5,
                    25.8
                  ],
                  "uv_size": [
                    6.175,
                    5.775
                  ]
                },
                "east": {
                  "uv": [
                    3.25,
                    25.5
                  ],
                  "uv_size": [
                    1.75,
                    0.925
                  ]
                },
                "south": {
                  "uv": [
                    3.75,
                    25
                  ],
                  "uv_size": [
                    1.8,
                    0.775
                  ]
                },
                "west": {
                  "uv": [
                    4.125,
                    25.25
                  ],
                  "uv_size": [
                    1.55,
                    0.975
                  ]
                },
                "up": {
                  "uv": [
                    5.25,
                    25.925
                  ],
                  "uv_size": [
                    -1.75,
                    -0.925
                  ]
                },
                "down": {
                  "uv": [
                    5.6,
                    26.45
                  ],
                  "uv_size": [
                    -1.85,
                    -0.95
                  ]
                }
              }
            },
            {
              "origin": [
                3,
                9,
                0
              ],
              "size": [
                4,
                5,
                3
              ],
              "uv": {
                "north": {
                  "uv": [
                    0.5,
                    25.8
                  ],
                  "uv_size": [
                    6.175,
                    5.775
                  ]
                },
                "east": {
                  "uv": [
                    3.25,
                    25.5
                  ],
                  "uv_size": [
                    1.75,
                    0.925
                  ]
                },
                "south": {
                  "uv": [
                    3.75,
                    25
                  ],
                  "uv_size": [
                    1.8,
                    0.775
                  ]
                },
                "west": {
                  "uv": [
                    4.125,
                    25.25
                  ],
                  "uv_size": [
                    1.55,
                    0.975
                  ]
                },
                "up": {
                  "uv": [
                    5.25,
                    25.925
                  ],
                  "uv_size": [
                    -1.75,
                    -0.925
                  ]
                },
                "down": {
                  "uv": [
                    5.6,
                    26.45
                  ],
                  "uv_size": [
                    -1.85,
                    -0.95
                  ]
                }
              }
            },
            {
              "origin": [
                3,
                9,
                4
              ],
              "size": [
                4,
                5,
                3
              ],
              "uv": {
                "north": {
                  "uv": [
                    0.5,
                    25.8
                  ],
                  "uv_size": [
                    6.175,
                    5.775
                  ]
                },
                "east": {
                  "uv": [
                    3.25,
                    25.5
                  ],
                  "uv_size": [
                    1.75,
                    0.925
                  ]
                },
                "south": {
                  "uv": [
                    3.75,
                    25
                  ],
                  "uv_size": [
                    1.8,
                    0.775
                  ]
                },
                "west": {
                  "uv": [
                    4.125,
                    25.25
                  ],
                  "uv_size": [
                    1.55,
                    0.975
                  ]
                },
                "up": {
                  "uv": [
                    5.25,
                    25.925
                  ],
                  "uv_size": [
                    -1.75,
                    -0.925
                  ]
                },
                "down": {
                  "uv": [
                    5.6,
                    26.45
                  ],
                  "uv_size": [
                    -1.85,
                    -0.95
                  ]
                }
              }
            },
            {
              "origin": [
                -7,
                1,
                0
              ],
              "size": [
                4,
                5,
                3
              ],
              "uv": {
                "north": {
                  "uv": [
                    9.95,
                    26.275
                  ],
                  "uv_size": [
                    5,
                    5.425
                  ]
                },
                "east": {
                  "uv": [
                    2.225,
                    0
                  ],
                  "uv_size": [
                    2,
                    2
                  ]
                },
                "south": {
                  "uv": [
                    2.275,
                    0
                  ],
                  "uv_size": [
                    1.95,
                    2
                  ]
                },
                "west": {
                  "uv": [
                    2.25,
                    0
                  ],
                  "uv_size": [
                    1.95,
                    2
                  ]
                },
                "up": {
                  "uv": [
                    4.2,
                    2
                  ],
                  "uv_size": [
                    -1.95,
                    -2
                  ]
                },
                "down": {
                  "uv": [
                    4.175,
                    2
                  ],
                  "uv_size": [
                    -1.925,
                    -2
                  ]
                }
              }
            },
            {
              "origin": [
                -2,
                1,
                0
              ],
              "size": [
                4,
                5,
                3
              ],
              "uv": {
                "north": {
                  "uv": [
                    9.95,
                    26.275
                  ],
                  "uv_size": [
                    5,
                    5.425
                  ]
                },
                "east": {
                  "uv": [
                    2.225,
                    0
                  ],
                  "uv_size": [
                    2,
                    2
                  ]
                },
                "south": {
                  "uv": [
                    2.275,
                    0
                  ],
                  "uv_size": [
                    1.95,
                    2
                  ]
                },
                "west": {
                  "uv": [
                    2.25,
                    0
                  ],
                  "uv_size": [
                    1.95,
                    2
                  ]
                },
                "up": {
                  "uv": [
                    4.2,
                    2
                  ],
                  "uv_size": [
                    -1.95,
                    -2
                  ]
                },
                "down": {
                  "uv": [
                    4.175,
                    2
                  ],
                  "uv_size": [
                    -1.925,
                    -2
                  ]
                }
              }
            },
            {
              "origin": [
                -2,
                1,
                4
              ],
              "size": [
                4,
                5,
                3
              ],
              "uv": {
                "north": {
                  "uv": [
                    9.95,
                    26.275
                  ],
                  "uv_size": [
                    5,
                    5.425
                  ]
                },
                "east": {
                  "uv": [
                    2.225,
                    0
                  ],
                  "uv_size": [
                    2,
                    2
                  ]
                },
                "south": {
                  "uv": [
                    2.275,
                    0
                  ],
                  "uv_size": [
                    1.95,
                    2
                  ]
                },
                "west": {
                  "uv": [
                    2.25,
                    0
                  ],
                  "uv_size": [
                    1.95,
                    2
                  ]
                },
                "up": {
                  "uv": [
                    4.2,
                    2
                  ],
                  "uv_size": [
                    -1.95,
                    -2
                  ]
                },
                "down": {
                  "uv": [
                    4.175,
                    2
                  ],
                  "uv_size": [
                    -1.925,
                    -2
                  ]
                }
              }
            },
            {
              "origin": [
                3,
                1,
                4
              ],
              "size": [
                4,
                5,
                3
              ],
              "uv": {
                "north": {
                  "uv": [
                    9.95,
                    26.275
                  ],
                  "uv_size": [
                    5,
                    5.425
                  ]
                },
                "east": {
                  "uv": [
                    2.225,
                    0
                  ],
                  "uv_size": [
                    2,
                    2
                  ]
                },
                "south": {
                  "uv": [
                    2.275,
                    0
                  ],
                  "uv_size": [
                    1.95,
                    2
                  ]
                },
                "west": {
                  "uv": [
                    2.25,
                    0
                  ],
                  "uv_size": [
                    1.95,
                    2
                  ]
                },
                "up": {
                  "uv": [
                    4.2,
                    2
                  ],
                  "uv_size": [
                    -1.95,
                    -2
                  ]
                },
                "down": {
                  "uv": [
                    4.175,
                    2
                  ],
                  "uv_size": [
                    -1.925,
                    -2
                  ]
                }
              }
            },
            {
              "origin": [
                3,
                1,
                0
              ],
              "size": [
                4,
                5,
                3
              ],
              "uv": {
                "north": {
                  "uv": [
                    9.95,
                    26.275
                  ],
                  "uv_size": [
                    5,
                    5.425
                  ]
                },
                "east": {
                  "uv": [
                    2.225,
                    0
                  ],
                  "uv_size": [
                    2,
                    2
                  ]
                },
                "south": {
                  "uv": [
                    2.275,
                    0
                  ],
                  "uv_size": [
                    1.95,
                    2
                  ]
                },
                "west": {
                  "uv": [
                    2.25,
                    0
                  ],
                  "uv_size": [
                    1.95,
                    2
                  ]
                },
                "up": {
                  "uv": [
                    4.2,
                    2
                  ],
                  "uv_size": [
                    -1.95,
                    -2
                  ]
                },
                "down": {
                  "uv": [
                    4.175,
                    2
                  ],
                  "uv_size": [
                    -1.925,
                    -2
                  ]
                }
              }
            },
            {
              "origin": [
                3,
                1,
                -4
              ],
              "size": [
                4,
                5,
                3
              ],
              "uv": {
                "north": {
                  "uv": [
                    9.95,
                    26.275
                  ],
                  "uv_size": [
                    5,
                    5.425
                  ]
                },
                "east": {
                  "uv": [
                    2.225,
                    0
                  ],
                  "uv_size": [
                    2,
                    2
                  ]
                },
                "south": {
                  "uv": [
                    2.275,
                    0
                  ],
                  "uv_size": [
                    1.95,
                    2
                  ]
                },
                "west": {
                  "uv": [
                    2.25,
                    0
                  ],
                  "uv_size": [
                    1.95,
                    2
                  ]
                },
                "up": {
                  "uv": [
                    4.2,
                    2
                  ],
                  "uv_size": [
                    -1.95,
                    -2
                  ]
                },
                "down": {
                  "uv": [
                    4.175,
                    2
                  ],
                  "uv_size": [
                    -1.925,
                    -2
                  ]
                }
              }
            },
            {
              "origin": [
                -7,
                1,
                4
              ],
              "size": [
                4,
                5,
                3
              ],
              "uv": {
                "north": {
                  "uv": [
                    9.95,
                    26.275
                  ],
                  "uv_size": [
                    5,
                    5.425
                  ]
                },
                "east": {
                  "uv": [
                    2.225,
                    0
                  ],
                  "uv_size": [
                    2,
                    2
                  ]
                },
                "south": {
                  "uv": [
                    2.275,
                    0
                  ],
                  "uv_size": [
                    1.95,
                    2
                  ]
                },
                "west": {
                  "uv": [
                    2.25,
                    0
                  ],
                  "uv_size": [
                    1.95,
                    2
                  ]
                },
                "up": {
                  "uv": [
                    4.2,
                    2
                  ],
                  "uv_size": [
                    -1.95,
                    -2
                  ]
                },
                "down": {
                  "uv": [
                    4.175,
                    2
                  ],
                  "uv_size": [
                    -1.925,
                    -2
                  ]
                }
              }
            },
            {
              "origin": [
                -7,
                1,
                -4
              ],
              "size": [
                4,
                5,
                3
              ],
              "uv": {
                "north": {
                  "uv": [
                    9.95,
                    26.275
                  ],
                  "uv_size": [
                    5,
                    5.425
                  ]
                },
                "east": {
                  "uv": [
                    2.225,
                    0
                  ],
                  "uv_size": [
                    2,
                    2
                  ]
                },
                "south": {
                  "uv": [
                    2.275,
                    0
                  ],
                  "uv_size": [
                    1.95,
                    2
                  ]
                },
                "west": {
                  "uv": [
                    2.25,
                    0
                  ],
                  "uv_size": [
                    1.95,
                    2
                  ]
                },
                "up": {
                  "uv": [
                    4.2,
                    2
                  ],
                  "uv_size": [
                    -1.95,
                    -2
                  ]
                },
                "down": {
                  "uv": [
                    4.175,
                    2
                  ],
                  "uv_size": [
                    -1.925,
                    -2
                  ]
                }
              }
            },
            {
              "origin": [
                -2,
                1,
                -4
              ],
              "size": [
                4,
                5,
                3
              ],
              "uv": {
                "north": {
                  "uv": [
                    9.95,
                    26.275
                  ],
                  "uv_size": [
                    5,
                    5.425
                  ]
                },
                "east": {
                  "uv": [
                    2.225,
                    0
                  ],
                  "uv_size": [
                    2,
                    2
                  ]
                },
                "south": {
                  "uv": [
                    2.275,
                    0
                  ],
                  "uv_size": [
                    1.95,
                    2
                  ]
                },
                "west": {
                  "uv": [
                    2.25,
                    0
                  ],
                  "uv_size": [
                    1.95,
                    2
                  ]
                },
                "up": {
                  "uv": [
                    4.2,
                    2
                  ],
                  "uv_size": [
                    -1.95,
                    -2
                  ]
                },
                "down": {
                  "uv": [
                    4.175,
                    2
                  ],
                  "uv_size": [
                    -1.925,
                    -2
                  ]
                }
              }
            },
            {
              "origin": [
                3,
                14,
                -4
              ],
              "size": [
                4,
                1,
                3
              ],
              "uv": {
                "north": {
                  "uv": [
                    0,
                    0
                  ],
                  "uv_size": [
                    1.775,
                    0.825
                  ]
                },
                "east": {
                  "uv": [
                    0,
                    0
                  ],
                  "uv_size": [
                    1.825,
                    0.725
                  ]
                },
                "south": {
                  "uv": [
                    0,
                    0
                  ],
                  "uv_size": [
                    1.35,
                    0.8
                  ]
                },
                "west": {
                  "uv": [
                    0,
                    0
                  ],
                  "uv_size": [
                    1.475,
                    0.7
                  ]
                },
                "up": {
                  "uv": [
                    1.95,
                    0.775
                  ],
                  "uv_size": [
                    -1.95,
                    -0.775
                  ]
                },
                "down": {
                  "uv": [
                    1.6,
                    0.75
                  ],
                  "uv_size": [
                    -1.6,
                    -0.75
                  ]
                }
              }
            },
            {
              "origin": [
                -2,
                14,
                -4
              ],
              "size": [
                4,
                1,
                3
              ],
              "uv": {
                "north": {
                  "uv": [
                    0,
                    0
                  ],
                  "uv_size": [
                    1.775,
                    0.825
                  ]
                },
                "east": {
                  "uv": [
                    0,
                    0
                  ],
                  "uv_size": [
                    1.825,
                    0.725
                  ]
                },
                "south": {
                  "uv": [
                    0,
                    0
                  ],
                  "uv_size": [
                    1.35,
                    0.8
                  ]
                },
                "west": {
                  "uv": [
                    0,
                    0
                  ],
                  "uv_size": [
                    1.475,
                    0.7
                  ]
                },
                "up": {
                  "uv": [
                    1.95,
                    0.775
                  ],
                  "uv_size": [
                    -1.95,
                    -0.775
                  ]
                },
                "down": {
                  "uv": [
                    1.6,
                    0.75
                  ],
                  "uv_size": [
                    -1.6,
                    -0.75
                  ]
                }
              }
            },
            {
              "origin": [
                -7,
                14,
                -4
              ],
              "size": [
                4,
                1,
                3
              ],
              "uv": {
                "north": {
                  "uv": [
                    0,
                    0
                  ],
                  "uv_size": [
                    1.775,
                    0.825
                  ]
                },
                "east": {
                  "uv": [
                    0,
                    0
                  ],
                  "uv_size": [
                    1.825,
                    0.725
                  ]
                },
                "south": {
                  "uv": [
                    0,
                    0
                  ],
                  "uv_size": [
                    1.35,
                    0.8
                  ]
                },
                "west": {
                  "uv": [
                    0,
                    0
                  ],
                  "uv_size": [
                    1.475,
                    0.7
                  ]
                },
                "up": {
                  "uv": [
                    1.95,
                    0.775
                  ],
                  "uv_size": [
                    -1.95,
                    -0.775
                  ]
                },
                "down": {
                  "uv": [
                    1.6,
                    0.75
                  ],
                  "uv_size": [
                    -1.6,
                    -0.75
                  ]
                }
              }
            },
            {
              "origin": [
                -7,
                6,
                -4
              ],
              "size": [
                4,
                1,
                3
              ],
              "uv": {
                "north": {
                  "uv": [
                    0,
                    0
                  ],
                  "uv_size": [
                    1.775,
                    0.825
                  ]
                },
                "east": {
                  "uv": [
                    0,
                    0
                  ],
                  "uv_size": [
                    1.825,
                    0.725
                  ]
                },
                "south": {
                  "uv": [
                    0,
                    0
                  ],
                  "uv_size": [
                    1.35,
                    0.8
                  ]
                },
                "west": {
                  "uv": [
                    0,
                    0
                  ],
                  "uv_size": [
                    1.475,
                    0.7
                  ]
                },
                "up": {
                  "uv": [
                    1.95,
                    0.775
                  ],
                  "uv_size": [
                    -1.95,
                    -0.775
                  ]
                },
                "down": {
                  "uv": [
                    1.6,
                    0.75
                  ],
                  "uv_size": [
                    -1.6,
                    -0.75
                  ]
                }
              }
            },
            {
              "origin": [
                -2,
                6,
                -4
              ],
              "size": [
                4,
                1,
                3
              ],
              "uv": {
                "north": {
                  "uv": [
                    0,
                    0
                  ],
                  "uv_size": [
                    1.775,
                    0.825
                  ]
                },
                "east": {
                  "uv": [
                    0,
                    0
                  ],
                  "uv_size": [
                    1.825,
                    0.725
                  ]
                },
                "south": {
                  "uv": [
                    0,
                    0
                  ],
                  "uv_size": [
                    1.35,
                    0.8
                  ]
                },
                "west": {
                  "uv": [
                    0,
                    0
                  ],
                  "uv_size": [
                    1.475,
                    0.7
                  ]
                },
                "up": {
                  "uv": [
                    1.95,
                    0.775
                  ],
                  "uv_size": [
                    -1.95,
                    -0.775
                  ]
                },
                "down": {
                  "uv": [
                    1.6,
                    0.75
                  ],
                  "uv_size": [
                    -1.6,
                    -0.75
                  ]
                }
              }
            },
            {
              "origin": [
                -7,
                6,
                0
              ],
              "size": [
                4,
                1,
                3
              ],
              "uv": {
                "north": {
                  "uv": [
                    0,
                    0
                  ],
                  "uv_size": [
                    1.775,
                    0.825
                  ]
                },
                "east": {
                  "uv": [
                    0,
                    0
                  ],
                  "uv_size": [
                    1.825,
                    0.725
                  ]
                },
                "south": {
                  "uv": [
                    0,
                    0
                  ],
                  "uv_size": [
                    1.35,
                    0.8
                  ]
                },
                "west": {
                  "uv": [
                    0,
                    0
                  ],
                  "uv_size": [
                    1.475,
                    0.7
                  ]
                },
                "up": {
                  "uv": [
                    1.95,
                    0.775
                  ],
                  "uv_size": [
                    -1.95,
                    -0.775
                  ]
                },
                "down": {
                  "uv": [
                    1.6,
                    0.75
                  ],
                  "uv_size": [
                    -1.6,
                    -0.75
                  ]
                }
              }
            },
            {
              "origin": [
                -2,
                6,
                0
              ],
              "size": [
                4,
                1,
                3
              ],
              "uv": {
                "north": {
                  "uv": [
                    0,
                    0
                  ],
                  "uv_size": [
                    1.775,
                    0.825
                  ]
                },
                "east": {
                  "uv": [
                    0,
                    0
                  ],
                  "uv_size": [
                    1.825,
                    0.725
                  ]
                },
                "south": {
                  "uv": [
                    0,
                    0
                  ],
                  "uv_size": [
                    1.35,
                    0.8
                  ]
                },
                "west": {
                  "uv": [
                    0,
                    0
                  ],
                  "uv_size": [
                    1.475,
                    0.7
                  ]
                },
                "up": {
                  "uv": [
                    1.95,
                    0.775
                  ],
                  "uv_size": [
                    -1.95,
                    -0.775
                  ]
                },
                "down": {
                  "uv": [
                    1.6,
                    0.75
                  ],
                  "uv_size": [
                    -1.6,
                    -0.75
                  ]
                }
              }
            },
            {
              "origin": [
                -2,
                6,
                4
              ],
              "size": [
                4,
                1,
                3
              ],
              "uv": {
                "north": {
                  "uv": [
                    0,
                    0
                  ],
                  "uv_size": [
                    1.775,
                    0.825
                  ]
                },
                "east": {
                  "uv": [
                    0,
                    0
                  ],
                  "uv_size": [
                    1.825,
                    0.725
                  ]
                },
                "south": {
                  "uv": [
                    0,
                    0
                  ],
                  "uv_size": [
                    1.35,
                    0.8
                  ]
                },
                "west": {
                  "uv": [
                    0,
                    0
                  ],
                  "uv_size": [
                    1.475,
                    0.7
                  ]
                },
                "up": {
                  "uv": [
                    1.95,
                    0.775
                  ],
                  "uv_size": [
                    -1.95,
                    -0.775
                  ]
                },
                "down": {
                  "uv": [
                    1.6,
                    0.75
                  ],
                  "uv_size": [
                    -1.6,
                    -0.75
                  ]
                }
              }
            },
            {
              "origin": [
                -7,
                6,
                4
              ],
              "size": [
                4,
                1,
                3
              ],
              "uv": {
                "north": {
                  "uv": [
                    0,
                    0
                  ],
                  "uv_size": [
                    1.775,
                    0.825
                  ]
                },
                "east": {
                  "uv": [
                    0,
                    0
                  ],
                  "uv_size": [
                    1.825,
                    0.725
                  ]
                },
                "south": {
                  "uv": [
                    0,
                    0
                  ],
                  "uv_size": [
                    1.35,
                    0.8
                  ]
                },
                "west": {
                  "uv": [
                    0,
                    0
                  ],
                  "uv_size": [
                    1.475,
                    0.7
                  ]
                },
                "up": {
                  "uv": [
                    1.95,
                    0.775
                  ],
                  "uv_size": [
                    -1.95,
                    -0.775
                  ]
                },
                "down": {
                  "uv": [
                    1.6,
                    0.75
                  ],
                  "uv_size": [
                    -1.6,
                    -0.75
                  ]
                }
              }
            },
            {
              "origin": [
                -7,
                14,
                0
              ],
              "size": [
                4,
                1,
                3
              ],
              "uv": {
                "north": {
                  "uv": [
                    0,
                    0
                  ],
                  "uv_size": [
                    1.775,
                    0.825
                  ]
                },
                "east": {
                  "uv": [
                    0,
                    0
                  ],
                  "uv_size": [
                    1.825,
                    0.725
                  ]
                },
                "south": {
                  "uv": [
                    0,
                    0
                  ],
                  "uv_size": [
                    1.35,
                    0.8
                  ]
                },
                "west": {
                  "uv": [
                    0,
                    0
                  ],
                  "uv_size": [
                    1.475,
                    0.7
                  ]
                },
                "up": {
                  "uv": [
                    1.95,
                    0.775
                  ],
                  "uv_size": [
                    -1.95,
                    -0.775
                  ]
                },
                "down": {
                  "uv": [
                    1.6,
                    0.75
                  ],
                  "uv_size": [
                    -1.6,
                    -0.75
                  ]
                }
              }
            },
            {
              "origin": [
                -2,
                14,
                0
              ],
              "size": [
                4,
                1,
                3
              ],
              "uv": {
                "north": {
                  "uv": [
                    0,
                    0
                  ],
                  "uv_size": [
                    1.775,
                    0.825
                  ]
                },
                "east": {
                  "uv": [
                    0,
                    0
                  ],
                  "uv_size": [
                    1.825,
                    0.725
                  ]
                },
                "south": {
                  "uv": [
                    0,
                    0
                  ],
                  "uv_size": [
                    1.35,
                    0.8
                  ]
                },
                "west": {
                  "uv": [
                    0,
                    0
                  ],
                  "uv_size": [
                    1.475,
                    0.7
                  ]
                },
                "up": {
                  "uv": [
                    1.95,
                    0.775
                  ],
                  "uv_size": [
                    -1.95,
                    -0.775
                  ]
                },
                "down": {
                  "uv": [
                    1.6,
                    0.75
                  ],
                  "uv_size": [
                    -1.6,
                    -0.75
                  ]
                }
              }
            },
            {
              "origin": [
                3,
                14,
                0
              ],
              "size": [
                4,
                1,
                3
              ],
              "uv": {
                "north": {
                  "uv": [
                    0,
                    0
                  ],
                  "uv_size": [
                    1.775,
                    0.825
                  ]
                },
                "east": {
                  "uv": [
                    0,
                    0
                  ],
                  "uv_size": [
                    1.825,
                    0.725
                  ]
                },
                "south": {
                  "uv": [
                    0,
                    0
                  ],
                  "uv_size": [
                    1.35,
                    0.8
                  ]
                },
                "west": {
                  "uv": [
                    0,
                    0
                  ],
                  "uv_size": [
                    1.475,
                    0.7
                  ]
                },
                "up": {
                  "uv": [
                    1.95,
                    0.775
                  ],
                  "uv_size": [
                    -1.95,
                    -0.775
                  ]
                },
                "down": {
                  "uv": [
                    1.6,
                    0.75
                  ],
                  "uv_size": [
                    -1.6,
                    -0.75
                  ]
                }
              }
            },
            {
              "origin": [
                3,
                14,
                4
              ],
              "size": [
                4,
                1,
                3
              ],
              "uv": {
                "north": {
                  "uv": [
                    0,
                    0
                  ],
                  "uv_size": [
                    1.775,
                    0.825
                  ]
                },
                "east": {
                  "uv": [
                    0,
                    0
                  ],
                  "uv_size": [
                    1.825,
                    0.725
                  ]
                },
                "south": {
                  "uv": [
                    0,
                    0
                  ],
                  "uv_size": [
                    1.35,
                    0.8
                  ]
                },
                "west": {
                  "uv": [
                    0,
                    0
                  ],
                  "uv_size": [
                    1.475,
                    0.7
                  ]
                },
                "up": {
                  "uv": [
                    1.95,
                    0.775
                  ],
                  "uv_size": [
                    -1.95,
                    -0.775
                  ]
                },
                "down": {
                  "uv": [
                    1.6,
                    0.75
                  ],
                  "uv_size": [
                    -1.6,
                    -0.75
                  ]
                }
              }
            },
            {
              "origin": [
                3,
                6,
                4
              ],
              "size": [
                4,
                1,
                3
              ],
              "uv": {
                "north": {
                  "uv": [
                    0,
                    0
                  ],
                  "uv_size": [
                    1.775,
                    0.825
                  ]
                },
                "east": {
                  "uv": [
                    0,
                    0
                  ],
                  "uv_size": [
                    1.825,
                    0.725
                  ]
                },
                "south": {
                  "uv": [
                    0,
                    0
                  ],
                  "uv_size": [
                    1.35,
                    0.8
                  ]
                },
                "west": {
                  "uv": [
                    0,
                    0
                  ],
                  "uv_size": [
                    1.475,
                    0.7
                  ]
                },
                "up": {
                  "uv": [
                    1.95,
                    0.775
                  ],
                  "uv_size": [
                    -1.95,
                    -0.775
                  ]
                },
                "down": {
                  "uv": [
                    1.6,
                    0.75
                  ],
                  "uv_size": [
                    -1.6,
                    -0.75
                  ]
                }
              }
            },
            {
              "origin": [
                3,
                6,
                0
              ],
              "size": [
                4,
                1,
                3
              ],
              "uv": {
                "north": {
                  "uv": [
                    0,
                    0
                  ],
                  "uv_size": [
                    1.775,
                    0.825
                  ]
                },
                "east": {
                  "uv": [
                    0,
                    0
                  ],
                  "uv_size": [
                    1.825,
                    0.725
                  ]
                },
                "south": {
                  "uv": [
                    0,
                    0
                  ],
                  "uv_size": [
                    1.35,
                    0.8
                  ]
                },
                "west": {
                  "uv": [
                    0,
                    0
                  ],
                  "uv_size": [
                    1.475,
                    0.7
                  ]
                },
                "up": {
                  "uv": [
                    1.95,
                    0.775
                  ],
                  "uv_size": [
                    -1.95,
                    -0.775
                  ]
                },
                "down": {
                  "uv": [
                    1.6,
                    0.75
                  ],
                  "uv_size": [
                    -1.6,
                    -0.75
                  ]
                }
              }
            },
            {
              "origin": [
                3,
                6,
                -4
              ],
              "size": [
                4,
                1,
                3
              ],
              "uv": {
                "north": {
                  "uv": [
                    0,
                    0
                  ],
                  "uv_size": [
                    1.775,
                    0.825
                  ]
                },
                "east": {
                  "uv": [
                    0,
                    0
                  ],
                  "uv_size": [
                    1.825,
                    0.725
                  ]
                },
                "south": {
                  "uv": [
                    0,
                    0
                  ],
                  "uv_size": [
                    1.35,
                    0.8
                  ]
                },
                "west": {
                  "uv": [
                    0,
                    0
                  ],
                  "uv_size": [
                    1.475,
                    0.7
                  ]
                },
                "up": {
                  "uv": [
                    1.95,
                    0.775
                  ],
                  "uv_size": [
                    -1.95,
                    -0.775
                  ]
                },
                "down": {
                  "uv": [
                    1.6,
                    0.75
                  ],
                  "uv_size": [
                    -1.6,
                    -0.75
                  ]
                }
              }
            },
            {
              "origin": [
                -2,
                14,
                4
              ],
              "size": [
                4,
                1,
                3
              ],
              "uv": {
                "north": {
                  "uv": [
                    0,
                    0
                  ],
                  "uv_size": [
                    1.775,
                    0.825
                  ]
                },
                "east": {
                  "uv": [
                    0,
                    0
                  ],
                  "uv_size": [
                    1.825,
                    0.725
                  ]
                },
                "south": {
                  "uv": [
                    0,
                    0
                  ],
                  "uv_size": [
                    1.35,
                    0.8
                  ]
                },
                "west": {
                  "uv": [
                    0,
                    0
                  ],
                  "uv_size": [
                    1.475,
                    0.7
                  ]
                },
                "up": {
                  "uv": [
                    1.95,
                    0.775
                  ],
                  "uv_size": [
                    -1.95,
                    -0.775
                  ]
                },
                "down": {
                  "uv": [
                    1.6,
                    0.75
                  ],
                  "uv_size": [
                    -1.6,
                    -0.75
                  ]
                }
              }
            },
            {
              "origin": [
                -7,
                14,
                4
              ],
              "size": [
                4,
                1,
                3
              ],
              "uv": {
                "north": {
                  "uv": [
                    0,
                    0
                  ],
                  "uv_size": [
                    1.775,
                    0.825
                  ]
                },
                "east": {
                  "uv": [
                    0,
                    0
                  ],
                  "uv_size": [
                    1.825,
                    0.725
                  ]
                },
                "south": {
                  "uv": [
                    0,
                    0
                  ],
                  "uv_size": [
                    1.35,
                    0.8
                  ]
                },
                "west": {
                  "uv": [
                    0,
                    0
                  ],
                  "uv_size": [
                    1.475,
                    0.7
                  ]
                },
                "up": {
                  "uv": [
                    1.95,
                    0.775
                  ],
                  "uv_size": [
                    -1.95,
                    -0.775
                  ]
                },
                "down": {
                  "uv": [
                    1.6,
                    0.75
                  ],
                  "uv_size": [
                    -1.6,
                    -0.75
                  ]
                }
              }
            }
          ]
        },
        {
          "name": "bone2",
          "parent": "bb_main",
          "pivot": [
            0,
            0,
            0
          ]
        },
        {
          "name": "bone3",
          "parent": "bone2",
          "pivot": [
            0,
            0,
            0
          ]
        },
        {
          "name": "bone5",
          "parent": "bone3",
          "pivot": [
            0,
            0,
            0
          ]
        },
        {
          "name": "bone4",
          "parent": "bone3",
          "pivot": [
            0,
            0,
            0
          ]
        },
        {
          "name": "bone7",
          "parent": "bb_main",
          "pivot": [
            0,
            0,
            0
          ]
        },
        {
          "name": "bone8",
          "parent": "bone7",
          "pivot": [
            0,
            0,
            0
          ]
        },
        {
          "name": "bone6",
          "parent": "bb_main",
          "pivot": [
            0,
            0,
            0
          ]
        },
        {
          "name": "door",
          "pivot": [
            0,
            0,
            0
          ]
        },
        {
          "name": "bone",
          "parent": "door",
          "pivot": [
            -6,
            16,
            -8
          ]
        }
      ]
    }
  ]
}