{
  "format_version": "1.12.0",
  "minecraft:geometry": [
    {
      "description": {
        "identifier": "geometry.pa_rak_gula_pasir",
        "texture_width": 16,
        "texture_height": 16,
        "visible_bounds_width": 2,
        "visible_bounds_height": 2.5,
        "visible_bounds_offset": [
          0,
          0.75,
          0
        ]
      },
      "bones": [
        {
          "name": "bone",
          "pivot": [
            0,
            0,
            0
          ],
          "cubes": [
            {
              "origin": [
                -8,
                0,
                -4
              ],
              "size": [
                16,
                1,
                12
              ],
              "uv": {
                "north": {
                  "uv": [
                    0,
                    0
                  ],
                  "uv_size": [
                    0.976,
                    1.04
                  ]
                },
                "east": {
                  "uv": [
                    0,
                    0
                  ],
                  "uv_size": [
                    1.136,
                    0.624
                  ]
                },
                "south": {
                  "uv": [
                    0,
                    0
                  ],
                  "uv_size": [
                    0.944,
                    0.528
                  ]
                },
                "west": {
                  "uv": [
                    0,
                    0
                  ],
                  "uv_size": [
                    0.784,
                    1.232
                  ]
                },
                "up": {
                  "uv": [
                    0.624,
                    0.656
                  ],
                  "uv_size": [
                    -0.624,
                    -0.656
                  ]
                },
                "down": {
                  "uv": [
                    0.912,
                    1.52
                  ],
                  "uv_size": [
                    -0.912,
                    -1.52
                  ]
                }
              }
            },
            {
              "origin": [
                -8,
                8,
                -4
              ],
              "size": [
                16,
                1,
                11
              ],
              "uv": {
                "north": {
                  "uv": [
                    0,
                    0
                  ],
                  "uv_size": [
                    0.976,
                    1.04
                  ]
                },
                "east": {
                  "uv": [
                    0,
                    0
                  ],
                  "uv_size": [
                    1.136,
                    0.624
                  ]
                },
                "south": {
                  "uv": [
                    0,
                    0
                  ],
                  "uv_size": [
                    0.944,
                    0.528
                  ]
                },
                "west": {
                  "uv": [
                    0,
                    0
                  ],
                  "uv_size": [
                    0.784,
                    1.232
                  ]
                },
                "up": {
                  "uv": [
                    0.624,
                    0.656
                  ],
                  "uv_size": [
                    -0.624,
                    -0.656
                  ]
                },
                "down": {
                  "uv": [
                    0.912,
                    1.52
                  ],
                  "uv_size": [
                    -0.912,
                    -1.52
                  ]
                }
              }
            },
            {
              "origin": [
                -8,
                1,
                7
              ],
              "size": [
                16,
                15,
                1
              ],
              "uv": {
                "north": {
                  "uv": [
                    0,
                    0
                  ],
                  "uv_size": [
                    0.976,
                    1.04
                  ]
                },
                "east": {
                  "uv": [
                    0,
                    0
                  ],
                  "uv_size": [
                    1.136,
                    0.624
                  ]
                },
                "south": {
                  "uv": [
                    0,
                    0
                  ],
                  "uv_size": [
                    0.944,
                    0.528
                  ]
                },
                "west": {
                  "uv": [
                    0,
                    0
                  ],
                  "uv_size": [
                    0.784,
                    1.232
                  ]
                },
                "up": {
                  "uv": [
                    0.624,
                    0.656
                  ],
                  "uv_size": [
                    -0.624,
                    -0.656
                  ]
                },
                "down": {
                  "uv": [
                    0.912,
                    1.52
                  ],
                  "uv_size": [
                    -0.912,
                    -1.52
                  ]
                }
              }
            }
          ]
        },
        {
          "name": "bone2",
          "pivot": [
            0,
            0,
            0
          ],
          "cubes": [
            {
              "origin": [
                -7,
                1,
                -3
              ],
              "size": [
                4,
                5,
                1
              ],
              "uv": {
                "north": {
                  "uv": [
                    2.432,
                    0.992
                  ],
                  "uv_size": [
                    2.96,
                    5.808
                  ]
                },
                "east": {
                  "uv": [
                    2.88,
                    0.288
                  ],
                  "uv_size": [
                    2.224,
                    -0.24
                  ]
                },
                "south": {
                  "uv": [
                    6.368,
                    1.536
                  ],
                  "uv_size": [
                    0.56,
                    1.232
                  ]
                },
                "west": {
                  "uv": [
                    6.72,
                    1.408
                  ],
                  "uv_size": [
                    0.56,
                    -0.144
                  ]
                },
                "up": {
                  "uv": [
                    3.824,
                    0
                  ],
                  "uv_size": [
                    -0.848,
                    0.032
                  ]
                },
                "down": {
                  "uv": [
                    3.76,
                    1.232
                  ],
                  "uv_size": [
                    -0.88,
                    -0.08
                  ]
                }
              }
            },
            {
              "origin": [
                -7,
                1,
                -1
              ],
              "size": [
                4,
                5,
                1
              ],
              "uv": {
                "north": {
                  "uv": [
                    2.432,
                    0.992
                  ],
                  "uv_size": [
                    2.96,
                    5.808
                  ]
                },
                "east": {
                  "uv": [
                    2.88,
                    0.288
                  ],
                  "uv_size": [
                    2.224,
                    -0.24
                  ]
                },
                "south": {
                  "uv": [
                    6.368,
                    1.536
                  ],
                  "uv_size": [
                    0.56,
                    1.232
                  ]
                },
                "west": {
                  "uv": [
                    6.72,
                    1.408
                  ],
                  "uv_size": [
                    0.56,
                    -0.144
                  ]
                },
                "up": {
                  "uv": [
                    3.824,
                    0
                  ],
                  "uv_size": [
                    -0.848,
                    0.032
                  ]
                },
                "down": {
                  "uv": [
                    3.76,
                    1.232
                  ],
                  "uv_size": [
                    -0.88,
                    -0.08
                  ]
                }
              }
            },
            {
              "origin": [
                -7,
                1,
                1
              ],
              "size": [
                4,
                5,
                1
              ],
              "uv": {
                "north": {
                  "uv": [
                    2.432,
                    0.992
                  ],
                  "uv_size": [
                    2.96,
                    5.808
                  ]
                },
                "east": {
                  "uv": [
                    2.88,
                    0.288
                  ],
                  "uv_size": [
                    2.224,
                    -0.24
                  ]
                },
                "south": {
                  "uv": [
                    6.368,
                    1.536
                  ],
                  "uv_size": [
                    0.56,
                    1.232
                  ]
                },
                "west": {
                  "uv": [
                    6.72,
                    1.408
                  ],
                  "uv_size": [
                    0.56,
                    -0.144
                  ]
                },
                "up": {
                  "uv": [
                    3.824,
                    0
                  ],
                  "uv_size": [
                    -0.848,
                    0.032
                  ]
                },
                "down": {
                  "uv": [
                    3.76,
                    1.232
                  ],
                  "uv_size": [
                    -0.88,
                    -0.08
                  ]
                }
              }
            },
            {
              "origin": [
                -7,
                1,
                5
              ],
              "size": [
                4,
                5,
                1
              ],
              "uv": {
                "north": {
                  "uv": [
                    2.432,
                    0.992
                  ],
                  "uv_size": [
                    2.96,
                    5.808
                  ]
                },
                "east": {
                  "uv": [
                    2.88,
                    0.288
                  ],
                  "uv_size": [
                    2.224,
                    -0.24
                  ]
                },
                "south": {
                  "uv": [
                    6.368,
                    1.536
                  ],
                  "uv_size": [
                    0.56,
                    1.232
                  ]
                },
                "west": {
                  "uv": [
                    6.72,
                    1.408
                  ],
                  "uv_size": [
                    0.56,
                    -0.144
                  ]
                },
                "up": {
                  "uv": [
                    3.824,
                    0
                  ],
                  "uv_size": [
                    -0.848,
                    0.032
                  ]
                },
                "down": {
                  "uv": [
                    3.76,
                    1.232
                  ],
                  "uv_size": [
                    -0.88,
                    -0.08
                  ]
                }
              }
            },
            {
              "origin": [
                -7,
                1,
                3
              ],
              "size": [
                4,
                5,
                1
              ],
              "uv": {
                "north": {
                  "uv": [
                    2.432,
                    0.992
                  ],
                  "uv_size": [
                    2.96,
                    5.808
                  ]
                },
                "east": {
                  "uv": [
                    2.88,
                    0.288
                  ],
                  "uv_size": [
                    2.224,
                    -0.24
                  ]
                },
                "south": {
                  "uv": [
                    6.368,
                    1.536
                  ],
                  "uv_size": [
                    0.56,
                    1.232
                  ]
                },
                "west": {
                  "uv": [
                    6.72,
                    1.408
                  ],
                  "uv_size": [
                    0.56,
                    -0.144
                  ]
                },
                "up": {
                  "uv": [
                    3.824,
                    0
                  ],
                  "uv_size": [
                    -0.848,
                    0.032
                  ]
                },
                "down": {
                  "uv": [
                    3.76,
                    1.232
                  ],
                  "uv_size": [
                    -0.88,
                    -0.08
                  ]
                }
              }
            }
          ]
        },
        {
          "name": "bone4",
          "parent": "bone2",
          "pivot": [
            10,
            0,
            0
          ],
          "cubes": [
            {
              "origin": [
                3,
                1,
                -3
              ],
              "size": [
                4,
                5,
                1
              ],
              "uv": {
                "north": {
                  "uv": [
                    2.432,
                    0.992
                  ],
                  "uv_size": [
                    2.96,
                    5.808
                  ]
                },
                "east": {
                  "uv": [
                    2.88,
                    0.288
                  ],
                  "uv_size": [
                    2.224,
                    -0.24
                  ]
                },
                "south": {
                  "uv": [
                    6.368,
                    1.536
                  ],
                  "uv_size": [
                    0.56,
                    1.232
                  ]
                },
                "west": {
                  "uv": [
                    6.72,
                    1.408
                  ],
                  "uv_size": [
                    0.56,
                    -0.144
                  ]
                },
                "up": {
                  "uv": [
                    3.824,
                    0
                  ],
                  "uv_size": [
                    -0.848,
                    0.032
                  ]
                },
                "down": {
                  "uv": [
                    3.76,
                    1.232
                  ],
                  "uv_size": [
                    -0.88,
                    -0.08
                  ]
                }
              }
            },
            {
              "origin": [
                3,
                1,
                -1
              ],
              "size": [
                4,
                5,
                1
              ],
              "uv": {
                "north": {
                  "uv": [
                    2.432,
                    0.992
                  ],
                  "uv_size": [
                    2.96,
                    5.808
                  ]
                },
                "east": {
                  "uv": [
                    2.88,
                    0.288
                  ],
                  "uv_size": [
                    2.224,
                    -0.24
                  ]
                },
                "south": {
                  "uv": [
                    6.368,
                    1.536
                  ],
                  "uv_size": [
                    0.56,
                    1.232
                  ]
                },
                "west": {
                  "uv": [
                    6.72,
                    1.408
                  ],
                  "uv_size": [
                    0.56,
                    -0.144
                  ]
                },
                "up": {
                  "uv": [
                    3.824,
                    0
                  ],
                  "uv_size": [
                    -0.848,
                    0.032
                  ]
                },
                "down": {
                  "uv": [
                    3.76,
                    1.232
                  ],
                  "uv_size": [
                    -0.88,
                    -0.08
                  ]
                }
              }
            },
            {
              "origin": [
                3,
                1,
                1
              ],
              "size": [
                4,
                5,
                1
              ],
              "uv": {
                "north": {
                  "uv": [
                    2.432,
                    0.992
                  ],
                  "uv_size": [
                    2.96,
                    5.808
                  ]
                },
                "east": {
                  "uv": [
                    2.88,
                    0.288
                  ],
                  "uv_size": [
                    2.224,
                    -0.24
                  ]
                },
                "south": {
                  "uv": [
                    6.368,
                    1.536
                  ],
                  "uv_size": [
                    0.56,
                    1.232
                  ]
                },
                "west": {
                  "uv": [
                    6.72,
                    1.408
                  ],
                  "uv_size": [
                    0.56,
                    -0.144
                  ]
                },
                "up": {
                  "uv": [
                    3.824,
                    0
                  ],
                  "uv_size": [
                    -0.848,
                    0.032
                  ]
                },
                "down": {
                  "uv": [
                    3.76,
                    1.232
                  ],
                  "uv_size": [
                    -0.88,
                    -0.08
                  ]
                }
              }
            },
            {
              "origin": [
                3,
                1,
                5
              ],
              "size": [
                4,
                5,
                1
              ],
              "uv": {
                "north": {
                  "uv": [
                    2.432,
                    0.992
                  ],
                  "uv_size": [
                    2.96,
                    5.808
                  ]
                },
                "east": {
                  "uv": [
                    2.88,
                    0.288
                  ],
                  "uv_size": [
                    2.224,
                    -0.24
                  ]
                },
                "south": {
                  "uv": [
                    6.368,
                    1.536
                  ],
                  "uv_size": [
                    0.56,
                    1.232
                  ]
                },
                "west": {
                  "uv": [
                    6.72,
                    1.408
                  ],
                  "uv_size": [
                    0.56,
                    -0.144
                  ]
                },
                "up": {
                  "uv": [
                    3.824,
                    0
                  ],
                  "uv_size": [
                    -0.848,
                    0.032
                  ]
                },
                "down": {
                  "uv": [
                    3.76,
                    1.232
                  ],
                  "uv_size": [
                    -0.88,
                    -0.08
                  ]
                }
              }
            },
            {
              "origin": [
                3,
                1,
                3
              ],
              "size": [
                4,
                5,
                1
              ],
              "uv": {
                "north": {
                  "uv": [
                    2.432,
                    0.992
                  ],
                  "uv_size": [
                    2.96,
                    5.808
                  ]
                },
                "east": {
                  "uv": [
                    2.88,
                    0.288
                  ],
                  "uv_size": [
                    2.224,
                    -0.24
                  ]
                },
                "south": {
                  "uv": [
                    6.368,
                    1.536
                  ],
                  "uv_size": [
                    0.56,
                    1.232
                  ]
                },
                "west": {
                  "uv": [
                    6.72,
                    1.408
                  ],
                  "uv_size": [
                    0.56,
                    -0.144
                  ]
                },
                "up": {
                  "uv": [
                    3.824,
                    0
                  ],
                  "uv_size": [
                    -0.848,
                    0.032
                  ]
                },
                "down": {
                  "uv": [
                    3.76,
                    1.232
                  ],
                  "uv_size": [
                    -0.88,
                    -0.08
                  ]
                }
              }
            }
          ]
        },
        {
          "name": "bone3",
          "parent": "bone2",
          "pivot": [
            5,
            0,
            0
          ],
          "cubes": [
            {
              "origin": [
                -2,
                1,
                -3
              ],
              "size": [
                4,
                5,
                1
              ],
              "uv": {
                "north": {
                  "uv": [
                    2.432,
                    0.992
                  ],
                  "uv_size": [
                    2.96,
                    5.808
                  ]
                },
                "east": {
                  "uv": [
                    2.88,
                    0.288
                  ],
                  "uv_size": [
                    2.224,
                    -0.24
                  ]
                },
                "south": {
                  "uv": [
                    6.368,
                    1.536
                  ],
                  "uv_size": [
                    0.56,
                    1.232
                  ]
                },
                "west": {
                  "uv": [
                    6.72,
                    1.408
                  ],
                  "uv_size": [
                    0.56,
                    -0.144
                  ]
                },
                "up": {
                  "uv": [
                    3.824,
                    0
                  ],
                  "uv_size": [
                    -0.848,
                    0.032
                  ]
                },
                "down": {
                  "uv": [
                    3.76,
                    1.232
                  ],
                  "uv_size": [
                    -0.88,
                    -0.08
                  ]
                }
              }
            },
            {
              "origin": [
                -2,
                1,
                -1
              ],
              "size": [
                4,
                5,
                1
              ],
              "uv": {
                "north": {
                  "uv": [
                    2.432,
                    0.992
                  ],
                  "uv_size": [
                    2.96,
                    5.808
                  ]
                },
                "east": {
                  "uv": [
                    2.88,
                    0.288
                  ],
                  "uv_size": [
                    2.224,
                    -0.24
                  ]
                },
                "south": {
                  "uv": [
                    6.368,
                    1.536
                  ],
                  "uv_size": [
                    0.56,
                    1.232
                  ]
                },
                "west": {
                  "uv": [
                    6.72,
                    1.408
                  ],
                  "uv_size": [
                    0.56,
                    -0.144
                  ]
                },
                "up": {
                  "uv": [
                    3.824,
                    0
                  ],
                  "uv_size": [
                    -0.848,
                    0.032
                  ]
                },
                "down": {
                  "uv": [
                    3.76,
                    1.232
                  ],
                  "uv_size": [
                    -0.88,
                    -0.08
                  ]
                }
              }
            },
            {
              "origin": [
                -2,
                1,
                1
              ],
              "size": [
                4,
                5,
                1
              ],
              "uv": {
                "north": {
                  "uv": [
                    2.432,
                    0.992
                  ],
                  "uv_size": [
                    2.96,
                    5.808
                  ]
                },
                "east": {
                  "uv": [
                    2.88,
                    0.288
                  ],
                  "uv_size": [
                    2.224,
                    -0.24
                  ]
                },
                "south": {
                  "uv": [
                    6.368,
                    1.536
                  ],
                  "uv_size": [
                    0.56,
                    1.232
                  ]
                },
                "west": {
                  "uv": [
                    6.72,
                    1.408
                  ],
                  "uv_size": [
                    0.56,
                    -0.144
                  ]
                },
                "up": {
                  "uv": [
                    3.824,
                    0
                  ],
                  "uv_size": [
                    -0.848,
                    0.032
                  ]
                },
                "down": {
                  "uv": [
                    3.76,
                    1.232
                  ],
                  "uv_size": [
                    -0.88,
                    -0.08
                  ]
                }
              }
            },
            {
              "origin": [
                -2,
                1,
                5
              ],
              "size": [
                4,
                5,
                1
              ],
              "uv": {
                "north": {
                  "uv": [
                    2.432,
                    0.992
                  ],
                  "uv_size": [
                    2.96,
                    5.808
                  ]
                },
                "east": {
                  "uv": [
                    2.88,
                    0.288
                  ],
                  "uv_size": [
                    2.224,
                    -0.24
                  ]
                },
                "south": {
                  "uv": [
                    6.368,
                    1.536
                  ],
                  "uv_size": [
                    0.56,
                    1.232
                  ]
                },
                "west": {
                  "uv": [
                    6.72,
                    1.408
                  ],
                  "uv_size": [
                    0.56,
                    -0.144
                  ]
                },
                "up": {
                  "uv": [
                    3.824,
                    0
                  ],
                  "uv_size": [
                    -0.848,
                    0.032
                  ]
                },
                "down": {
                  "uv": [
                    3.76,
                    1.232
                  ],
                  "uv_size": [
                    -0.88,
                    -0.08
                  ]
                }
              }
            },
            {
              "origin": [
                -2,
                1,
                3
              ],
              "size": [
                4,
                5,
                1
              ],
              "uv": {
                "north": {
                  "uv": [
                    2.432,
                    0.992
                  ],
                  "uv_size": [
                    2.96,
                    5.808
                  ]
                },
                "east": {
                  "uv": [
                    2.88,
                    0.288
                  ],
                  "uv_size": [
                    2.224,
                    -0.24
                  ]
                },
                "south": {
                  "uv": [
                    6.368,
                    1.536
                  ],
                  "uv_size": [
                    0.56,
                    1.232
                  ]
                },
                "west": {
                  "uv": [
                    6.72,
                    1.408
                  ],
                  "uv_size": [
                    0.56,
                    -0.144
                  ]
                },
                "up": {
                  "uv": [
                    3.824,
                    0
                  ],
                  "uv_size": [
                    -0.848,
                    0.032
                  ]
                },
                "down": {
                  "uv": [
                    3.76,
                    1.232
                  ],
                  "uv_size": [
                    -0.88,
                    -0.08
                  ]
                }
              }
            }
          ]
        },
        {
          "name": "bone5",
          "pivot": [
            0,
            8,
            0
          ],
          "cubes": [
            {
              "origin": [
                -7,
                9,
                -3
              ],
              "size": [
                4,
                5,
                1
              ],
              "uv": {
                "north": {
                  "uv": [
                    2.432,
                    0.992
                  ],
                  "uv_size": [
                    2.96,
                    5.808
                  ]
                },
                "east": {
                  "uv": [
                    2.88,
                    0.288
                  ],
                  "uv_size": [
                    2.224,
                    -0.24
                  ]
                },
                "south": {
                  "uv": [
                    6.368,
                    1.536
                  ],
                  "uv_size": [
                    0.56,
                    1.232
                  ]
                },
                "west": {
                  "uv": [
                    6.72,
                    1.408
                  ],
                  "uv_size": [
                    0.56,
                    -0.144
                  ]
                },
                "up": {
                  "uv": [
                    3.824,
                    0
                  ],
                  "uv_size": [
                    -0.848,
                    0.032
                  ]
                },
                "down": {
                  "uv": [
                    3.76,
                    1.232
                  ],
                  "uv_size": [
                    -0.88,
                    -0.08
                  ]
                }
              }
            },
            {
              "origin": [
                -7,
                9,
                -1
              ],
              "size": [
                4,
                5,
                1
              ],
              "uv": {
                "north": {
                  "uv": [
                    2.432,
                    0.992
                  ],
                  "uv_size": [
                    2.96,
                    5.808
                  ]
                },
                "east": {
                  "uv": [
                    2.88,
                    0.288
                  ],
                  "uv_size": [
                    2.224,
                    -0.24
                  ]
                },
                "south": {
                  "uv": [
                    6.368,
                    1.536
                  ],
                  "uv_size": [
                    0.56,
                    1.232
                  ]
                },
                "west": {
                  "uv": [
                    6.72,
                    1.408
                  ],
                  "uv_size": [
                    0.56,
                    -0.144
                  ]
                },
                "up": {
                  "uv": [
                    3.824,
                    0
                  ],
                  "uv_size": [
                    -0.848,
                    0.032
                  ]
                },
                "down": {
                  "uv": [
                    3.76,
                    1.232
                  ],
                  "uv_size": [
                    -0.88,
                    -0.08
                  ]
                }
              }
            },
            {
              "origin": [
                -7,
                9,
                1
              ],
              "size": [
                4,
                5,
                1
              ],
              "uv": {
                "north": {
                  "uv": [
                    2.432,
                    0.992
                  ],
                  "uv_size": [
                    2.96,
                    5.808
                  ]
                },
                "east": {
                  "uv": [
                    2.88,
                    0.288
                  ],
                  "uv_size": [
                    2.224,
                    -0.24
                  ]
                },
                "south": {
                  "uv": [
                    6.368,
                    1.536
                  ],
                  "uv_size": [
                    0.56,
                    1.232
                  ]
                },
                "west": {
                  "uv": [
                    6.72,
                    1.408
                  ],
                  "uv_size": [
                    0.56,
                    -0.144
                  ]
                },
                "up": {
                  "uv": [
                    3.824,
                    0
                  ],
                  "uv_size": [
                    -0.848,
                    0.032
                  ]
                },
                "down": {
                  "uv": [
                    3.76,
                    1.232
                  ],
                  "uv_size": [
                    -0.88,
                    -0.08
                  ]
                }
              }
            },
            {
              "origin": [
                -7,
                9,
                5
              ],
              "size": [
                4,
                5,
                1
              ],
              "uv": {
                "north": {
                  "uv": [
                    2.432,
                    0.992
                  ],
                  "uv_size": [
                    2.96,
                    5.808
                  ]
                },
                "east": {
                  "uv": [
                    2.88,
                    0.288
                  ],
                  "uv_size": [
                    2.224,
                    -0.24
                  ]
                },
                "south": {
                  "uv": [
                    6.368,
                    1.536
                  ],
                  "uv_size": [
                    0.56,
                    1.232
                  ]
                },
                "west": {
                  "uv": [
                    6.72,
                    1.408
                  ],
                  "uv_size": [
                    0.56,
                    -0.144
                  ]
                },
                "up": {
                  "uv": [
                    3.824,
                    0
                  ],
                  "uv_size": [
                    -0.848,
                    0.032
                  ]
                },
                "down": {
                  "uv": [
                    3.76,
                    1.232
                  ],
                  "uv_size": [
                    -0.88,
                    -0.08
                  ]
                }
              }
            },
            {
              "origin": [
                -7,
                9,
                3
              ],
              "size": [
                4,
                5,
                1
              ],
              "uv": {
                "north": {
                  "uv": [
                    2.432,
                    0.992
                  ],
                  "uv_size": [
                    2.96,
                    5.808
                  ]
                },
                "east": {
                  "uv": [
                    2.88,
                    0.288
                  ],
                  "uv_size": [
                    2.224,
                    -0.24
                  ]
                },
                "south": {
                  "uv": [
                    6.368,
                    1.536
                  ],
                  "uv_size": [
                    0.56,
                    1.232
                  ]
                },
                "west": {
                  "uv": [
                    6.72,
                    1.408
                  ],
                  "uv_size": [
                    0.56,
                    -0.144
                  ]
                },
                "up": {
                  "uv": [
                    3.824,
                    0
                  ],
                  "uv_size": [
                    -0.848,
                    0.032
                  ]
                },
                "down": {
                  "uv": [
                    3.76,
                    1.232
                  ],
                  "uv_size": [
                    -0.88,
                    -0.08
                  ]
                }
              }
            }
          ]
        },
        {
          "name": "bone6",
          "parent": "bone5",
          "pivot": [
            10,
            8,
            0
          ],
          "cubes": [
            {
              "origin": [
                3,
                9,
                -3
              ],
              "size": [
                4,
                5,
                1
              ],
              "uv": {
                "north": {
                  "uv": [
                    2.432,
                    0.992
                  ],
                  "uv_size": [
                    2.96,
                    5.808
                  ]
                },
                "east": {
                  "uv": [
                    2.88,
                    0.288
                  ],
                  "uv_size": [
                    2.224,
                    -0.24
                  ]
                },
                "south": {
                  "uv": [
                    6.368,
                    1.536
                  ],
                  "uv_size": [
                    0.56,
                    1.232
                  ]
                },
                "west": {
                  "uv": [
                    6.72,
                    1.408
                  ],
                  "uv_size": [
                    0.56,
                    -0.144
                  ]
                },
                "up": {
                  "uv": [
                    3.824,
                    0
                  ],
                  "uv_size": [
                    -0.848,
                    0.032
                  ]
                },
                "down": {
                  "uv": [
                    3.76,
                    1.232
                  ],
                  "uv_size": [
                    -0.88,
                    -0.08
                  ]
                }
              }
            },
            {
              "origin": [
                3,
                9,
                -1
              ],
              "size": [
                4,
                5,
                1
              ],
              "uv": {
                "north": {
                  "uv": [
                    2.432,
                    0.992
                  ],
                  "uv_size": [
                    2.96,
                    5.808
                  ]
                },
                "east": {
                  "uv": [
                    2.88,
                    0.288
                  ],
                  "uv_size": [
                    2.224,
                    -0.24
                  ]
                },
                "south": {
                  "uv": [
                    6.368,
                    1.536
                  ],
                  "uv_size": [
                    0.56,
                    1.232
                  ]
                },
                "west": {
                  "uv": [
                    6.72,
                    1.408
                  ],
                  "uv_size": [
                    0.56,
                    -0.144
                  ]
                },
                "up": {
                  "uv": [
                    3.824,
                    0
                  ],
                  "uv_size": [
                    -0.848,
                    0.032
                  ]
                },
                "down": {
                  "uv": [
                    3.76,
                    1.232
                  ],
                  "uv_size": [
                    -0.88,
                    -0.08
                  ]
                }
              }
            },
            {
              "origin": [
                3,
                9,
                1
              ],
              "size": [
                4,
                5,
                1
              ],
              "uv": {
                "north": {
                  "uv": [
                    2.432,
                    0.992
                  ],
                  "uv_size": [
                    2.96,
                    5.808
                  ]
                },
                "east": {
                  "uv": [
                    2.88,
                    0.288
                  ],
                  "uv_size": [
                    2.224,
                    -0.24
                  ]
                },
                "south": {
                  "uv": [
                    6.368,
                    1.536
                  ],
                  "uv_size": [
                    0.56,
                    1.232
                  ]
                },
                "west": {
                  "uv": [
                    6.72,
                    1.408
                  ],
                  "uv_size": [
                    0.56,
                    -0.144
                  ]
                },
                "up": {
                  "uv": [
                    3.824,
                    0
                  ],
                  "uv_size": [
                    -0.848,
                    0.032
                  ]
                },
                "down": {
                  "uv": [
                    3.76,
                    1.232
                  ],
                  "uv_size": [
                    -0.88,
                    -0.08
                  ]
                }
              }
            },
            {
              "origin": [
                3,
                9,
                5
              ],
              "size": [
                4,
                5,
                1
              ],
              "uv": {
                "north": {
                  "uv": [
                    2.432,
                    0.992
                  ],
                  "uv_size": [
                    2.96,
                    5.808
                  ]
                },
                "east": {
                  "uv": [
                    2.88,
                    0.288
                  ],
                  "uv_size": [
                    2.224,
                    -0.24
                  ]
                },
                "south": {
                  "uv": [
                    6.368,
                    1.536
                  ],
                  "uv_size": [
                    0.56,
                    1.232
                  ]
                },
                "west": {
                  "uv": [
                    6.72,
                    1.408
                  ],
                  "uv_size": [
                    0.56,
                    -0.144
                  ]
                },
                "up": {
                  "uv": [
                    3.824,
                    0
                  ],
                  "uv_size": [
                    -0.848,
                    0.032
                  ]
                },
                "down": {
                  "uv": [
                    3.76,
                    1.232
                  ],
                  "uv_size": [
                    -0.88,
                    -0.08
                  ]
                }
              }
            },
            {
              "origin": [
                3,
                9,
                3
              ],
              "size": [
                4,
                5,
                1
              ],
              "uv": {
                "north": {
                  "uv": [
                    2.432,
                    0.992
                  ],
                  "uv_size": [
                    2.96,
                    5.808
                  ]
                },
                "east": {
                  "uv": [
                    2.88,
                    0.288
                  ],
                  "uv_size": [
                    2.224,
                    -0.24
                  ]
                },
                "south": {
                  "uv": [
                    6.368,
                    1.536
                  ],
                  "uv_size": [
                    0.56,
                    1.232
                  ]
                },
                "west": {
                  "uv": [
                    6.72,
                    1.408
                  ],
                  "uv_size": [
                    0.56,
                    -0.144
                  ]
                },
                "up": {
                  "uv": [
                    3.824,
                    0
                  ],
                  "uv_size": [
                    -0.848,
                    0.032
                  ]
                },
                "down": {
                  "uv": [
                    3.76,
                    1.232
                  ],
                  "uv_size": [
                    -0.88,
                    -0.08
                  ]
                }
              }
            }
          ]
        },
        {
          "name": "bone7",
          "parent": "bone5",
          "pivot": [
            5,
            8,
            0
          ],
          "cubes": [
            {
              "origin": [
                -2,
                9,
                -3
              ],
              "size": [
                4,
                5,
                1
              ],
              "uv": {
                "north": {
                  "uv": [
                    2.432,
                    0.992
                  ],
                  "uv_size": [
                    2.96,
                    5.808
                  ]
                },
                "east": {
                  "uv": [
                    2.88,
                    0.288
                  ],
                  "uv_size": [
                    2.224,
                    -0.24
                  ]
                },
                "south": {
                  "uv": [
                    6.368,
                    1.536
                  ],
                  "uv_size": [
                    0.56,
                    1.232
                  ]
                },
                "west": {
                  "uv": [
                    6.72,
                    1.408
                  ],
                  "uv_size": [
                    0.56,
                    -0.144
                  ]
                },
                "up": {
                  "uv": [
                    3.824,
                    0
                  ],
                  "uv_size": [
                    -0.848,
                    0.032
                  ]
                },
                "down": {
                  "uv": [
                    3.76,
                    1.232
                  ],
                  "uv_size": [
                    -0.88,
                    -0.08
                  ]
                }
              }
            },
            {
              "origin": [
                -2,
                9,
                -1
              ],
              "size": [
                4,
                5,
                1
              ],
              "uv": {
                "north": {
                  "uv": [
                    2.432,
                    0.992
                  ],
                  "uv_size": [
                    2.96,
                    5.808
                  ]
                },
                "east": {
                  "uv": [
                    2.88,
                    0.288
                  ],
                  "uv_size": [
                    2.224,
                    -0.24
                  ]
                },
                "south": {
                  "uv": [
                    6.368,
                    1.536
                  ],
                  "uv_size": [
                    0.56,
                    1.232
                  ]
                },
                "west": {
                  "uv": [
                    6.72,
                    1.408
                  ],
                  "uv_size": [
                    0.56,
                    -0.144
                  ]
                },
                "up": {
                  "uv": [
                    3.824,
                    0
                  ],
                  "uv_size": [
                    -0.848,
                    0.032
                  ]
                },
                "down": {
                  "uv": [
                    3.76,
                    1.232
                  ],
                  "uv_size": [
                    -0.88,
                    -0.08
                  ]
                }
              }
            },
            {
              "origin": [
                -2,
                9,
                1
              ],
              "size": [
                4,
                5,
                1
              ],
              "uv": {
                "north": {
                  "uv": [
                    2.432,
                    0.992
                  ],
                  "uv_size": [
                    2.96,
                    5.808
                  ]
                },
                "east": {
                  "uv": [
                    2.88,
                    0.288
                  ],
                  "uv_size": [
                    2.224,
                    -0.24
                  ]
                },
                "south": {
                  "uv": [
                    6.368,
                    1.536
                  ],
                  "uv_size": [
                    0.56,
                    1.232
                  ]
                },
                "west": {
                  "uv": [
                    6.72,
                    1.408
                  ],
                  "uv_size": [
                    0.56,
                    -0.144
                  ]
                },
                "up": {
                  "uv": [
                    3.824,
                    0
                  ],
                  "uv_size": [
                    -0.848,
                    0.032
                  ]
                },
                "down": {
                  "uv": [
                    3.76,
                    1.232
                  ],
                  "uv_size": [
                    -0.88,
                    -0.08
                  ]
                }
              }
            },
            {
              "origin": [
                -2,
                9,
                5
              ],
              "size": [
                4,
                5,
                1
              ],
              "uv": {
                "north": {
                  "uv": [
                    2.432,
                    0.992
                  ],
                  "uv_size": [
                    2.96,
                    5.808
                  ]
                },
                "east": {
                  "uv": [
                    2.88,
                    0.288
                  ],
                  "uv_size": [
                    2.224,
                    -0.24
                  ]
                },
                "south": {
                  "uv": [
                    6.368,
                    1.536
                  ],
                  "uv_size": [
                    0.56,
                    1.232
                  ]
                },
                "west": {
                  "uv": [
                    6.72,
                    1.408
                  ],
                  "uv_size": [
                    0.56,
                    -0.144
                  ]
                },
                "up": {
                  "uv": [
                    3.824,
                    0
                  ],
                  "uv_size": [
                    -0.848,
                    0.032
                  ]
                },
                "down": {
                  "uv": [
                    3.76,
                    1.232
                  ],
                  "uv_size": [
                    -0.88,
                    -0.08
                  ]
                }
              }
            },
            {
              "origin": [
                -2,
                9,
                3
              ],
              "size": [
                4,
                5,
                1
              ],
              "uv": {
                "north": {
                  "uv": [
                    2.432,
                    0.992
                  ],
                  "uv_size": [
                    2.96,
                    5.808
                  ]
                },
                "east": {
                  "uv": [
                    2.88,
                    0.288
                  ],
                  "uv_size": [
                    2.224,
                    -0.24
                  ]
                },
                "south": {
                  "uv": [
                    6.368,
                    1.536
                  ],
                  "uv_size": [
                    0.56,
                    1.232
                  ]
                },
                "west": {
                  "uv": [
                    6.72,
                    1.408
                  ],
                  "uv_size": [
                    0.56,
                    -0.144
                  ]
                },
                "up": {
                  "uv": [
                    3.824,
                    0
                  ],
                  "uv_size": [
                    -0.848,
                    0.032
                  ]
                },
                "down": {
                  "uv": [
                    3.76,
                    1.232
                  ],
                  "uv_size": [
                    -0.88,
                    -0.08
                  ]
                }
              }
            }
          ]
        }
      ]
    }
  ]
}