{
  "format_version": "1.12.0",
  "minecraft:geometry": [
    {
      "description": {
        "identifier": "geometry.pa_rak_pempres1",
        "texture_width": 16,
        "texture_height": 16,
        "visible_bounds_width": 2,
        "visible_bounds_height": 2.5,
        "visible_bounds_offset": [
          0,
          0.75,
          0
        ]
      },
      "bones": [
        {
          "name": "bone",
          "pivot": [
            0,
            0,
            0
          ],
          "cubes": [
            {
              "origin": [
                -8,
                0,
                -4
              ],
              "size": [
                16,
                1,
                12
              ],
              "uv": {
                "north": {
                  "uv": [
                    0,
                    0
                  ],
                  "uv_size": [
                    0.56,
                    0
                  ]
                },
                "east": {
                  "uv": [
                    0,
                    0
                  ],
                  "uv_size": [
                    0.208,
                    0
                  ]
                },
                "south": {
                  "uv": [
                    0,
                    0
                  ],
                  "uv_size": [
                    0.176,
                    0.528
                  ]
                },
                "west": {
                  "uv": [
                    0,
                    0
                  ],
                  "uv_size": [
                    0.432,
                    0
                  ]
                },
                "up": {
                  "uv": [
                    0.336,
                    0.656
                  ],
                  "uv_size": [
                    -0.336,
                    -0.656
                  ]
                },
                "down": {
                  "uv": [
                    0.944,
                    0
                  ],
                  "uv_size": [
                    -0.944,
                    0
                  ]
                }
              }
            },
            {
              "origin": [
                -8,
                8,
                -4
              ],
              "size": [
                16,
                1,
                11
              ],
              "uv": {
                "north": {
                  "uv": [
                    0,
                    0
                  ],
                  "uv_size": [
                    0.4,
                    0
                  ]
                },
                "east": {
                  "uv": [
                    0,
                    0
                  ],
                  "uv_size": [
                    0.208,
                    0.624
                  ]
                },
                "south": {
                  "uv": [
                    0,
                    0
                  ],
                  "uv_size": [
                    0.944,
                    0.528
                  ]
                },
                "west": {
                  "uv": [
                    0,
                    0
                  ],
                  "uv_size": [
                    0.208,
                    0
                  ]
                },
                "up": {
                  "uv": [
                    0.304,
                    0.656
                  ],
                  "uv_size": [
                    -0.304,
                    -0.656
                  ]
                },
                "down": {
                  "uv": [
                    0.4,
                    0
                  ],
                  "uv_size": [
                    -0.4,
                    0
                  ]
                }
              }
            },
            {
              "origin": [
                -8,
                1,
                7
              ],
              "size": [
                16,
                15,
                1
              ],
              "uv": {
                "north": {
                  "uv": [
                    0,
                    0
                  ],
                  "uv_size": [
                    0.368,
                    0.048
                  ]
                },
                "east": {
                  "uv": [
                    0,
                    0
                  ],
                  "uv_size": [
                    0.24,
                    0.624
                  ]
                },
                "south": {
                  "uv": [
                    0,
                    0
                  ],
                  "uv_size": [
                    0.112,
                    0.528
                  ]
                },
                "west": {
                  "uv": [
                    0,
                    0
                  ],
                  "uv_size": [
                    0.624,
                    0
                  ]
                },
                "up": {
                  "uv": [
                    0.624,
                    0.656
                  ],
                  "uv_size": [
                    -0.624,
                    -0.656
                  ]
                },
                "down": {
                  "uv": [
                    0.4,
                    0.368
                  ],
                  "uv_size": [
                    -0.4,
                    -0.368
                  ]
                }
              }
            }
          ]
        },
        {
          "name": "bone2",
          "pivot": [
            0,
            0,
            0
          ],
          "cubes": [
            {
              "origin": [
                -7,
                1,
                -3
              ],
              "size": [
                4,
                5,
                2
              ],
              "uv": {
                "north": {
                  "uv": [
                    0.608,
                    0.512
                  ],
                  "uv_size": [
                    6.128,
                    6.336
                  ]
                },
                "east": {
                  "uv": [
                    0,
                    0
                  ],
                  "uv_size": [
                    0.208,
                    0
                  ]
                },
                "south": {
                  "uv": [
                    0,
                    0
                  ],
                  "uv_size": [
                    0.176,
                    0.528
                  ]
                },
                "west": {
                  "uv": [
                    0,
                    0
                  ],
                  "uv_size": [
                    0.432,
                    0
                  ]
                },
                "up": {
                  "uv": [
                    0.432,
                    0
                  ],
                  "uv_size": [
                    -0.432,
                    0
                  ]
                },
                "down": {
                  "uv": [
                    0.944,
                    0
                  ],
                  "uv_size": [
                    -0.944,
                    0
                  ]
                }
              }
            },
            {
              "origin": [
                -7,
                1,
                0
              ],
              "size": [
                4,
                5,
                2
              ],
              "uv": {
                "north": {
                  "uv": [
                    0.608,
                    0.512
                  ],
                  "uv_size": [
                    6.128,
                    6.336
                  ]
                },
                "east": {
                  "uv": [
                    0,
                    0
                  ],
                  "uv_size": [
                    0.208,
                    0
                  ]
                },
                "south": {
                  "uv": [
                    0,
                    0
                  ],
                  "uv_size": [
                    0.176,
                    0.528
                  ]
                },
                "west": {
                  "uv": [
                    0,
                    0
                  ],
                  "uv_size": [
                    0.432,
                    0
                  ]
                },
                "up": {
                  "uv": [
                    0.432,
                    0
                  ],
                  "uv_size": [
                    -0.432,
                    0
                  ]
                },
                "down": {
                  "uv": [
                    0.944,
                    0
                  ],
                  "uv_size": [
                    -0.944,
                    0
                  ]
                }
              }
            },
            {
              "origin": [
                -7,
                1,
                3
              ],
              "size": [
                4,
                5,
                2
              ],
              "uv": {
                "north": {
                  "uv": [
                    0.608,
                    0.512
                  ],
                  "uv_size": [
                    6.128,
                    6.336
                  ]
                },
                "east": {
                  "uv": [
                    0,
                    0
                  ],
                  "uv_size": [
                    0.208,
                    0
                  ]
                },
                "south": {
                  "uv": [
                    0,
                    0
                  ],
                  "uv_size": [
                    0.176,
                    0.528
                  ]
                },
                "west": {
                  "uv": [
                    0,
                    0
                  ],
                  "uv_size": [
                    0.432,
                    0
                  ]
                },
                "up": {
                  "uv": [
                    0.432,
                    0
                  ],
                  "uv_size": [
                    -0.432,
                    0
                  ]
                },
                "down": {
                  "uv": [
                    0.944,
                    0
                  ],
                  "uv_size": [
                    -0.944,
                    0
                  ]
                }
              }
            },
            {
              "origin": [
                -2,
                1,
                3
              ],
              "size": [
                4,
                5,
                2
              ],
              "uv": {
                "north": {
                  "uv": [
                    0.608,
                    0.512
                  ],
                  "uv_size": [
                    6.128,
                    6.336
                  ]
                },
                "east": {
                  "uv": [
                    0,
                    0
                  ],
                  "uv_size": [
                    0.208,
                    0
                  ]
                },
                "south": {
                  "uv": [
                    0,
                    0
                  ],
                  "uv_size": [
                    0.176,
                    0.528
                  ]
                },
                "west": {
                  "uv": [
                    0,
                    0
                  ],
                  "uv_size": [
                    0.432,
                    0
                  ]
                },
                "up": {
                  "uv": [
                    0.432,
                    0
                  ],
                  "uv_size": [
                    -0.432,
                    0
                  ]
                },
                "down": {
                  "uv": [
                    0.944,
                    0
                  ],
                  "uv_size": [
                    -0.944,
                    0
                  ]
                }
              }
            },
            {
              "origin": [
                3,
                1,
                3
              ],
              "size": [
                4,
                5,
                2
              ],
              "uv": {
                "north": {
                  "uv": [
                    0.608,
                    0.512
                  ],
                  "uv_size": [
                    6.128,
                    6.336
                  ]
                },
                "east": {
                  "uv": [
                    0,
                    0
                  ],
                  "uv_size": [
                    0.208,
                    0
                  ]
                },
                "south": {
                  "uv": [
                    0,
                    0
                  ],
                  "uv_size": [
                    0.176,
                    0.528
                  ]
                },
                "west": {
                  "uv": [
                    0,
                    0
                  ],
                  "uv_size": [
                    0.432,
                    0
                  ]
                },
                "up": {
                  "uv": [
                    0.432,
                    0
                  ],
                  "uv_size": [
                    -0.432,
                    0
                  ]
                },
                "down": {
                  "uv": [
                    0.944,
                    0
                  ],
                  "uv_size": [
                    -0.944,
                    0
                  ]
                }
              }
            },
            {
              "origin": [
                -2,
                1,
                0
              ],
              "size": [
                4,
                5,
                2
              ],
              "uv": {
                "north": {
                  "uv": [
                    0.608,
                    0.512
                  ],
                  "uv_size": [
                    6.128,
                    6.336
                  ]
                },
                "east": {
                  "uv": [
                    0,
                    0
                  ],
                  "uv_size": [
                    0.208,
                    0
                  ]
                },
                "south": {
                  "uv": [
                    0,
                    0
                  ],
                  "uv_size": [
                    0.176,
                    0.528
                  ]
                },
                "west": {
                  "uv": [
                    0,
                    0
                  ],
                  "uv_size": [
                    0.432,
                    0
                  ]
                },
                "up": {
                  "uv": [
                    0.432,
                    0
                  ],
                  "uv_size": [
                    -0.432,
                    0
                  ]
                },
                "down": {
                  "uv": [
                    0.944,
                    0
                  ],
                  "uv_size": [
                    -0.944,
                    0
                  ]
                }
              }
            },
            {
              "origin": [
                3,
                1,
                0
              ],
              "size": [
                4,
                5,
                2
              ],
              "uv": {
                "north": {
                  "uv": [
                    0.608,
                    0.512
                  ],
                  "uv_size": [
                    6.128,
                    6.336
                  ]
                },
                "east": {
                  "uv": [
                    0,
                    0
                  ],
                  "uv_size": [
                    0.208,
                    0
                  ]
                },
                "south": {
                  "uv": [
                    0,
                    0
                  ],
                  "uv_size": [
                    0.176,
                    0.528
                  ]
                },
                "west": {
                  "uv": [
                    0,
                    0
                  ],
                  "uv_size": [
                    0.432,
                    0
                  ]
                },
                "up": {
                  "uv": [
                    0.432,
                    0
                  ],
                  "uv_size": [
                    -0.432,
                    0
                  ]
                },
                "down": {
                  "uv": [
                    0.944,
                    0
                  ],
                  "uv_size": [
                    -0.944,
                    0
                  ]
                }
              }
            },
            {
              "origin": [
                -2,
                1,
                -3
              ],
              "size": [
                4,
                5,
                2
              ],
              "uv": {
                "north": {
                  "uv": [
                    0.608,
                    0.512
                  ],
                  "uv_size": [
                    6.128,
                    6.336
                  ]
                },
                "east": {
                  "uv": [
                    0,
                    0
                  ],
                  "uv_size": [
                    0.208,
                    0
                  ]
                },
                "south": {
                  "uv": [
                    0,
                    0
                  ],
                  "uv_size": [
                    0.176,
                    0.528
                  ]
                },
                "west": {
                  "uv": [
                    0,
                    0
                  ],
                  "uv_size": [
                    0.432,
                    0
                  ]
                },
                "up": {
                  "uv": [
                    0.432,
                    0
                  ],
                  "uv_size": [
                    -0.432,
                    0
                  ]
                },
                "down": {
                  "uv": [
                    0.944,
                    0
                  ],
                  "uv_size": [
                    -0.944,
                    0
                  ]
                }
              }
            },
            {
              "origin": [
                3,
                1,
                -3
              ],
              "size": [
                4,
                5,
                2
              ],
              "uv": {
                "north": {
                  "uv": [
                    0.608,
                    0.512
                  ],
                  "uv_size": [
                    6.128,
                    6.336
                  ]
                },
                "east": {
                  "uv": [
                    0,
                    0
                  ],
                  "uv_size": [
                    0.208,
                    0
                  ]
                },
                "south": {
                  "uv": [
                    0,
                    0
                  ],
                  "uv_size": [
                    0.176,
                    0.528
                  ]
                },
                "west": {
                  "uv": [
                    0,
                    0
                  ],
                  "uv_size": [
                    0.432,
                    0
                  ]
                },
                "up": {
                  "uv": [
                    0.432,
                    0
                  ],
                  "uv_size": [
                    -0.432,
                    0
                  ]
                },
                "down": {
                  "uv": [
                    0.944,
                    0
                  ],
                  "uv_size": [
                    -0.944,
                    0
                  ]
                }
              }
            }
          ]
        },
        {
          "name": "bone3",
          "pivot": [
            0,
            8,
            0
          ],
          "cubes": [
            {
              "origin": [
                -7,
                9,
                -3
              ],
              "size": [
                4,
                5,
                2
              ],
              "uv": {
                "north": {
                  "uv": [
                    0.608,
                    0.512
                  ],
                  "uv_size": [
                    6.128,
                    6.336
                  ]
                },
                "east": {
                  "uv": [
                    0,
                    0
                  ],
                  "uv_size": [
                    0.208,
                    0
                  ]
                },
                "south": {
                  "uv": [
                    0,
                    0
                  ],
                  "uv_size": [
                    0.176,
                    0.528
                  ]
                },
                "west": {
                  "uv": [
                    0,
                    0
                  ],
                  "uv_size": [
                    0.432,
                    0
                  ]
                },
                "up": {
                  "uv": [
                    0.432,
                    0
                  ],
                  "uv_size": [
                    -0.432,
                    0
                  ]
                },
                "down": {
                  "uv": [
                    0.944,
                    0
                  ],
                  "uv_size": [
                    -0.944,
                    0
                  ]
                }
              }
            },
            {
              "origin": [
                -7,
                9,
                0
              ],
              "size": [
                4,
                5,
                2
              ],
              "uv": {
                "north": {
                  "uv": [
                    0.608,
                    0.512
                  ],
                  "uv_size": [
                    6.128,
                    6.336
                  ]
                },
                "east": {
                  "uv": [
                    0,
                    0
                  ],
                  "uv_size": [
                    0.208,
                    0
                  ]
                },
                "south": {
                  "uv": [
                    0,
                    0
                  ],
                  "uv_size": [
                    0.176,
                    0.528
                  ]
                },
                "west": {
                  "uv": [
                    0,
                    0
                  ],
                  "uv_size": [
                    0.432,
                    0
                  ]
                },
                "up": {
                  "uv": [
                    0.432,
                    0
                  ],
                  "uv_size": [
                    -0.432,
                    0
                  ]
                },
                "down": {
                  "uv": [
                    0.944,
                    0
                  ],
                  "uv_size": [
                    -0.944,
                    0
                  ]
                }
              }
            },
            {
              "origin": [
                -7,
                9,
                3
              ],
              "size": [
                4,
                5,
                2
              ],
              "uv": {
                "north": {
                  "uv": [
                    0.608,
                    0.512
                  ],
                  "uv_size": [
                    6.128,
                    6.336
                  ]
                },
                "east": {
                  "uv": [
                    0,
                    0
                  ],
                  "uv_size": [
                    0.208,
                    0
                  ]
                },
                "south": {
                  "uv": [
                    0,
                    0
                  ],
                  "uv_size": [
                    0.176,
                    0.528
                  ]
                },
                "west": {
                  "uv": [
                    0,
                    0
                  ],
                  "uv_size": [
                    0.432,
                    0
                  ]
                },
                "up": {
                  "uv": [
                    0.432,
                    0
                  ],
                  "uv_size": [
                    -0.432,
                    0
                  ]
                },
                "down": {
                  "uv": [
                    0.944,
                    0
                  ],
                  "uv_size": [
                    -0.944,
                    0
                  ]
                }
              }
            },
            {
              "origin": [
                -2,
                9,
                3
              ],
              "size": [
                4,
                5,
                2
              ],
              "uv": {
                "north": {
                  "uv": [
                    0.608,
                    0.512
                  ],
                  "uv_size": [
                    6.128,
                    6.336
                  ]
                },
                "east": {
                  "uv": [
                    0,
                    0
                  ],
                  "uv_size": [
                    0.208,
                    0
                  ]
                },
                "south": {
                  "uv": [
                    0,
                    0
                  ],
                  "uv_size": [
                    0.176,
                    0.528
                  ]
                },
                "west": {
                  "uv": [
                    0,
                    0
                  ],
                  "uv_size": [
                    0.432,
                    0
                  ]
                },
                "up": {
                  "uv": [
                    0.432,
                    0
                  ],
                  "uv_size": [
                    -0.432,
                    0
                  ]
                },
                "down": {
                  "uv": [
                    0.944,
                    0
                  ],
                  "uv_size": [
                    -0.944,
                    0
                  ]
                }
              }
            },
            {
              "origin": [
                3,
                9,
                3
              ],
              "size": [
                4,
                5,
                2
              ],
              "uv": {
                "north": {
                  "uv": [
                    0.608,
                    0.512
                  ],
                  "uv_size": [
                    6.128,
                    6.336
                  ]
                },
                "east": {
                  "uv": [
                    0,
                    0
                  ],
                  "uv_size": [
                    0.208,
                    0
                  ]
                },
                "south": {
                  "uv": [
                    0,
                    0
                  ],
                  "uv_size": [
                    0.176,
                    0.528
                  ]
                },
                "west": {
                  "uv": [
                    0,
                    0
                  ],
                  "uv_size": [
                    0.432,
                    0
                  ]
                },
                "up": {
                  "uv": [
                    0.432,
                    0
                  ],
                  "uv_size": [
                    -0.432,
                    0
                  ]
                },
                "down": {
                  "uv": [
                    0.944,
                    0
                  ],
                  "uv_size": [
                    -0.944,
                    0
                  ]
                }
              }
            },
            {
              "origin": [
                -2,
                9,
                0
              ],
              "size": [
                4,
                5,
                2
              ],
              "uv": {
                "north": {
                  "uv": [
                    0.608,
                    0.512
                  ],
                  "uv_size": [
                    6.128,
                    6.336
                  ]
                },
                "east": {
                  "uv": [
                    0,
                    0
                  ],
                  "uv_size": [
                    0.208,
                    0
                  ]
                },
                "south": {
                  "uv": [
                    0,
                    0
                  ],
                  "uv_size": [
                    0.176,
                    0.528
                  ]
                },
                "west": {
                  "uv": [
                    0,
                    0
                  ],
                  "uv_size": [
                    0.432,
                    0
                  ]
                },
                "up": {
                  "uv": [
                    0.432,
                    0
                  ],
                  "uv_size": [
                    -0.432,
                    0
                  ]
                },
                "down": {
                  "uv": [
                    0.944,
                    0
                  ],
                  "uv_size": [
                    -0.944,
                    0
                  ]
                }
              }
            },
            {
              "origin": [
                3,
                9,
                0
              ],
              "size": [
                4,
                5,
                2
              ],
              "uv": {
                "north": {
                  "uv": [
                    0.608,
                    0.512
                  ],
                  "uv_size": [
                    6.128,
                    6.336
                  ]
                },
                "east": {
                  "uv": [
                    0,
                    0
                  ],
                  "uv_size": [
                    0.208,
                    0
                  ]
                },
                "south": {
                  "uv": [
                    0,
                    0
                  ],
                  "uv_size": [
                    0.176,
                    0.528
                  ]
                },
                "west": {
                  "uv": [
                    0,
                    0
                  ],
                  "uv_size": [
                    0.432,
                    0
                  ]
                },
                "up": {
                  "uv": [
                    0.432,
                    0
                  ],
                  "uv_size": [
                    -0.432,
                    0
                  ]
                },
                "down": {
                  "uv": [
                    0.944,
                    0
                  ],
                  "uv_size": [
                    -0.944,
                    0
                  ]
                }
              }
            },
            {
              "origin": [
                -2,
                9,
                -3
              ],
              "size": [
                4,
                5,
                2
              ],
              "uv": {
                "north": {
                  "uv": [
                    0.608,
                    0.512
                  ],
                  "uv_size": [
                    6.128,
                    6.336
                  ]
                },
                "east": {
                  "uv": [
                    0,
                    0
                  ],
                  "uv_size": [
                    0.208,
                    0
                  ]
                },
                "south": {
                  "uv": [
                    0,
                    0
                  ],
                  "uv_size": [
                    0.176,
                    0.528
                  ]
                },
                "west": {
                  "uv": [
                    0,
                    0
                  ],
                  "uv_size": [
                    0.432,
                    0
                  ]
                },
                "up": {
                  "uv": [
                    0.432,
                    0
                  ],
                  "uv_size": [
                    -0.432,
                    0
                  ]
                },
                "down": {
                  "uv": [
                    0.944,
                    0
                  ],
                  "uv_size": [
                    -0.944,
                    0
                  ]
                }
              }
            },
            {
              "origin": [
                3,
                9,
                -3
              ],
              "size": [
                4,
                5,
                2
              ],
              "uv": {
                "north": {
                  "uv": [
                    0.608,
                    0.512
                  ],
                  "uv_size": [
                    6.128,
                    6.336
                  ]
                },
                "east": {
                  "uv": [
                    0,
                    0
                  ],
                  "uv_size": [
                    0.208,
                    0
                  ]
                },
                "south": {
                  "uv": [
                    0,
                    0
                  ],
                  "uv_size": [
                    0.176,
                    0.528
                  ]
                },
                "west": {
                  "uv": [
                    0,
                    0
                  ],
                  "uv_size": [
                    0.432,
                    0
                  ]
                },
                "up": {
                  "uv": [
                    0.432,
                    0
                  ],
                  "uv_size": [
                    -0.432,
                    0
                  ]
                },
                "down": {
                  "uv": [
                    0.944,
                    0
                  ],
                  "uv_size": [
                    -0.944,
                    0
                  ]
                }
              }
            }
          ]
        }
      ]
    }
  ]
}