{
  "format_version": "1.12.0",
  "minecraft:geometry": [
    {
      "description": {
        "identifier": "geometry.pa_rak_susu_milk",
        "texture_width": 16,
        "texture_height": 16,
        "visible_bounds_width": 2,
        "visible_bounds_height": 2.5,
        "visible_bounds_offset": [
          0,
          0.75,
          0
        ]
      },
      "bones": [
        {
          "name": "bone",
          "pivot": [
            0,
            0,
            0
          ],
          "cubes": [
            {
              "origin": [
                -8,
                0,
                -4
              ],
              "size": [
                16,
                1,
                12
              ],
              "uv": {
                "north": {
                  "uv": [
                    0,
                    0
                  ],
                  "uv_size": [
                    2,
                    2
                  ]
                },
                "east": {
                  "uv": [
                    0,
                    0
                  ],
                  "uv_size": [
                    0.784,
                    1.296
                  ]
                },
                "south": {
                  "uv": [
                    0,
                    0
                  ],
                  "uv_size": [
                    0.944,
                    1.072
                  ]
                },
                "west": {
                  "uv": [
                    0,
                    0
                  ],
                  "uv_size": [
                    0.752,
                    1.04
                  ]
                },
                "up": {
                  "uv": [
                    0.752,
                    0.56
                  ],
                  "uv_size": [
                    -0.752,
                    -0.56
                  ]
                },
                "down": {
                  "uv": [
                    0.624,
                    1.104
                  ],
                  "uv_size": [
                    -0.624,
                    -1.104
                  ]
                }
              }
            },
            {
              "origin": [
                -8,
                8,
                -4
              ],
              "size": [
                16,
                1,
                12
              ],
              "uv": {
                "north": {
                  "uv": [
                    0,
                    0
                  ],
                  "uv_size": [
                    2,
                    2
                  ]
                },
                "east": {
                  "uv": [
                    0,
                    0
                  ],
                  "uv_size": [
                    0.784,
                    1.296
                  ]
                },
                "south": {
                  "uv": [
                    0,
                    0
                  ],
                  "uv_size": [
                    0.944,
                    1.072
                  ]
                },
                "west": {
                  "uv": [
                    0,
                    0
                  ],
                  "uv_size": [
                    0.752,
                    1.04
                  ]
                },
                "up": {
                  "uv": [
                    0.752,
                    0.56
                  ],
                  "uv_size": [
                    -0.752,
                    -0.56
                  ]
                },
                "down": {
                  "uv": [
                    0.624,
                    1.104
                  ],
                  "uv_size": [
                    -0.624,
                    -1.104
                  ]
                }
              }
            },
            {
              "origin": [
                -8,
                1,
                7
              ],
              "size": [
                16,
                15,
                1
              ],
              "uv": {
                "north": {
                  "uv": [
                    0,
                    0
                  ],
                  "uv_size": [
                    2,
                    2
                  ]
                },
                "east": {
                  "uv": [
                    0,
                    0
                  ],
                  "uv_size": [
                    0.784,
                    1.296
                  ]
                },
                "south": {
                  "uv": [
                    0,
                    0
                  ],
                  "uv_size": [
                    0.944,
                    1.072
                  ]
                },
                "west": {
                  "uv": [
                    0,
                    0
                  ],
                  "uv_size": [
                    0.752,
                    1.04
                  ]
                },
                "up": {
                  "uv": [
                    0.752,
                    0.56
                  ],
                  "uv_size": [
                    -0.752,
                    -0.56
                  ]
                },
                "down": {
                  "uv": [
                    0.624,
                    1.104
                  ],
                  "uv_size": [
                    -0.624,
                    -1.104
                  ]
                }
              }
            }
          ]
        },
        {
          "name": "bone2",
          "pivot": [
            0,
            0,
            0
          ],
          "cubes": [
            {
              "origin": [
                -7,
                1,
                -3
              ],
              "size": [
                4,
                5,
                2
              ],
              "uv": {
                "north": {
                  "uv": [
                    1.216,
                    5.536
                  ],
                  "uv_size": [
                    1.848,
                    4.552
                  ]
                },
                "east": {
                  "uv": [
                    2.688,
                    5.696
                  ],
                  "uv_size": [
                    0.144,
                    0.296
                  ]
                },
                "south": {
                  "uv": [
                    2.496,
                    5.568
                  ],
                  "uv_size": [
                    0.344,
                    0.584
                  ]
                },
                "west": {
                  "uv": [
                    2.912,
                    5.824
                  ],
                  "uv_size": [
                    -0.016,
                    0.424
                  ]
                },
                "up": {
                  "uv": [
                    2.68,
                    6.16
                  ],
                  "uv_size": [
                    -0.088,
                    -0.24
                  ]
                },
                "down": {
                  "uv": [
                    2.52,
                    6.128
                  ],
                  "uv_size": [
                    0.136,
                    -0.272
                  ]
                }
              }
            },
            {
              "origin": [
                -7,
                1,
                0
              ],
              "size": [
                4,
                5,
                2
              ],
              "uv": {
                "north": {
                  "uv": [
                    1.216,
                    5.536
                  ],
                  "uv_size": [
                    1.848,
                    4.552
                  ]
                },
                "east": {
                  "uv": [
                    2.688,
                    5.696
                  ],
                  "uv_size": [
                    0.144,
                    0.296
                  ]
                },
                "south": {
                  "uv": [
                    2.496,
                    5.568
                  ],
                  "uv_size": [
                    0.344,
                    0.584
                  ]
                },
                "west": {
                  "uv": [
                    2.912,
                    5.824
                  ],
                  "uv_size": [
                    -0.016,
                    0.424
                  ]
                },
                "up": {
                  "uv": [
                    2.68,
                    6.16
                  ],
                  "uv_size": [
                    -0.088,
                    -0.24
                  ]
                },
                "down": {
                  "uv": [
                    2.52,
                    6.128
                  ],
                  "uv_size": [
                    0.136,
                    -0.272
                  ]
                }
              }
            },
            {
              "origin": [
                -7,
                1,
                3
              ],
              "size": [
                4,
                5,
                2
              ],
              "uv": {
                "north": {
                  "uv": [
                    1.216,
                    5.536
                  ],
                  "uv_size": [
                    1.848,
                    4.552
                  ]
                },
                "east": {
                  "uv": [
                    2.688,
                    5.696
                  ],
                  "uv_size": [
                    0.144,
                    0.296
                  ]
                },
                "south": {
                  "uv": [
                    2.496,
                    5.568
                  ],
                  "uv_size": [
                    0.344,
                    0.584
                  ]
                },
                "west": {
                  "uv": [
                    2.912,
                    5.824
                  ],
                  "uv_size": [
                    -0.016,
                    0.424
                  ]
                },
                "up": {
                  "uv": [
                    2.68,
                    6.16
                  ],
                  "uv_size": [
                    -0.088,
                    -0.24
                  ]
                },
                "down": {
                  "uv": [
                    2.52,
                    6.128
                  ],
                  "uv_size": [
                    0.136,
                    -0.272
                  ]
                }
              }
            }
          ]
        },
        {
          "name": "bone3",
          "pivot": [
            0,
            8,
            0
          ],
          "cubes": [
            {
              "origin": [
                -7,
                9,
                -3
              ],
              "size": [
                4,
                5,
                2
              ],
              "uv": {
                "north": {
                  "uv": [
                    1.216,
                    5.536
                  ],
                  "uv_size": [
                    1.848,
                    4.552
                  ]
                },
                "east": {
                  "uv": [
                    2.688,
                    5.696
                  ],
                  "uv_size": [
                    0.144,
                    0.296
                  ]
                },
                "south": {
                  "uv": [
                    2.496,
                    5.568
                  ],
                  "uv_size": [
                    0.344,
                    0.584
                  ]
                },
                "west": {
                  "uv": [
                    2.912,
                    5.824
                  ],
                  "uv_size": [
                    -0.016,
                    0.424
                  ]
                },
                "up": {
                  "uv": [
                    2.68,
                    6.16
                  ],
                  "uv_size": [
                    -0.088,
                    -0.24
                  ]
                },
                "down": {
                  "uv": [
                    2.52,
                    6.128
                  ],
                  "uv_size": [
                    0.136,
                    -0.272
                  ]
                }
              }
            },
            {
              "origin": [
                -7,
                9,
                0
              ],
              "size": [
                4,
                5,
                2
              ],
              "uv": {
                "north": {
                  "uv": [
                    1.216,
                    5.536
                  ],
                  "uv_size": [
                    1.848,
                    4.552
                  ]
                },
                "east": {
                  "uv": [
                    2.688,
                    5.696
                  ],
                  "uv_size": [
                    0.144,
                    0.296
                  ]
                },
                "south": {
                  "uv": [
                    2.496,
                    5.568
                  ],
                  "uv_size": [
                    0.344,
                    0.584
                  ]
                },
                "west": {
                  "uv": [
                    2.912,
                    5.824
                  ],
                  "uv_size": [
                    -0.016,
                    0.424
                  ]
                },
                "up": {
                  "uv": [
                    2.68,
                    6.16
                  ],
                  "uv_size": [
                    -0.088,
                    -0.24
                  ]
                },
                "down": {
                  "uv": [
                    2.52,
                    6.128
                  ],
                  "uv_size": [
                    0.136,
                    -0.272
                  ]
                }
              }
            },
            {
              "origin": [
                -7,
                9,
                3
              ],
              "size": [
                4,
                5,
                2
              ],
              "uv": {
                "north": {
                  "uv": [
                    1.216,
                    5.536
                  ],
                  "uv_size": [
                    1.848,
                    4.552
                  ]
                },
                "east": {
                  "uv": [
                    2.688,
                    5.696
                  ],
                  "uv_size": [
                    0.144,
                    0.296
                  ]
                },
                "south": {
                  "uv": [
                    2.496,
                    5.568
                  ],
                  "uv_size": [
                    0.344,
                    0.584
                  ]
                },
                "west": {
                  "uv": [
                    2.912,
                    5.824
                  ],
                  "uv_size": [
                    -0.016,
                    0.424
                  ]
                },
                "up": {
                  "uv": [
                    2.68,
                    6.16
                  ],
                  "uv_size": [
                    -0.088,
                    -0.24
                  ]
                },
                "down": {
                  "uv": [
                    2.52,
                    6.128
                  ],
                  "uv_size": [
                    0.136,
                    -0.272
                  ]
                }
              }
            }
          ]
        },
        {
          "name": "bone4",
          "pivot": [
            0,
            0,
            0
          ],
          "cubes": [
            {
              "origin": [
                -2,
                9,
                -3
              ],
              "size": [
                4,
                5,
                2
              ],
              "uv": {
                "north": {
                  "uv": [
                    4.384,
                    5.664
                  ],
                  "uv_size": [
                    1.656,
                    4.552
                  ]
                },
                "east": {
                  "uv": [
                    5.888,
                    5.92
                  ],
                  "uv_size": [
                    0.144,
                    0.296
                  ]
                },
                "south": {
                  "uv": [
                    5.952,
                    5.952
                  ],
                  "uv_size": [
                    -0.296,
                    -0.024
                  ]
                },
                "west": {
                  "uv": [
                    5.696,
                    5.952
                  ],
                  "uv_size": [
                    0.048,
                    0.264
                  ]
                },
                "up": {
                  "uv": [
                    6.072,
                    6.064
                  ],
                  "uv_size": [
                    -0.088,
                    -0.24
                  ]
                },
                "down": {
                  "uv": [
                    5.976,
                    6.192
                  ],
                  "uv_size": [
                    -0.056,
                    -0.304
                  ]
                }
              }
            },
            {
              "origin": [
                -2,
                9,
                0
              ],
              "size": [
                4,
                5,
                2
              ],
              "uv": {
                "north": {
                  "uv": [
                    4.384,
                    5.664
                  ],
                  "uv_size": [
                    1.656,
                    4.552
                  ]
                },
                "east": {
                  "uv": [
                    5.888,
                    5.92
                  ],
                  "uv_size": [
                    0.144,
                    0.296
                  ]
                },
                "south": {
                  "uv": [
                    5.952,
                    5.952
                  ],
                  "uv_size": [
                    -0.296,
                    -0.024
                  ]
                },
                "west": {
                  "uv": [
                    5.696,
                    5.952
                  ],
                  "uv_size": [
                    0.048,
                    0.264
                  ]
                },
                "up": {
                  "uv": [
                    6.072,
                    6.064
                  ],
                  "uv_size": [
                    -0.088,
                    -0.24
                  ]
                },
                "down": {
                  "uv": [
                    5.976,
                    6.192
                  ],
                  "uv_size": [
                    -0.056,
                    -0.304
                  ]
                }
              }
            },
            {
              "origin": [
                -2,
                9,
                3
              ],
              "size": [
                4,
                5,
                2
              ],
              "uv": {
                "north": {
                  "uv": [
                    4.384,
                    5.664
                  ],
                  "uv_size": [
                    1.656,
                    4.552
                  ]
                },
                "east": {
                  "uv": [
                    5.888,
                    5.92
                  ],
                  "uv_size": [
                    0.144,
                    0.296
                  ]
                },
                "south": {
                  "uv": [
                    5.952,
                    5.952
                  ],
                  "uv_size": [
                    -0.296,
                    -0.024
                  ]
                },
                "west": {
                  "uv": [
                    5.696,
                    5.952
                  ],
                  "uv_size": [
                    0.048,
                    0.264
                  ]
                },
                "up": {
                  "uv": [
                    6.072,
                    6.064
                  ],
                  "uv_size": [
                    -0.088,
                    -0.24
                  ]
                },
                "down": {
                  "uv": [
                    5.976,
                    6.192
                  ],
                  "uv_size": [
                    -0.056,
                    -0.304
                  ]
                }
              }
            }
          ]
        },
        {
          "name": "bone5",
          "pivot": [
            0,
            -8,
            0
          ],
          "cubes": [
            {
              "origin": [
                -2,
                1,
                -3
              ],
              "size": [
                4,
                5,
                2
              ],
              "uv": {
                "north": {
                  "uv": [
                    4.384,
                    5.664
                  ],
                  "uv_size": [
                    1.656,
                    4.552
                  ]
                },
                "east": {
                  "uv": [
                    5.888,
                    5.92
                  ],
                  "uv_size": [
                    0.144,
                    0.296
                  ]
                },
                "south": {
                  "uv": [
                    5.952,
                    5.952
                  ],
                  "uv_size": [
                    -0.296,
                    -0.024
                  ]
                },
                "west": {
                  "uv": [
                    5.696,
                    5.952
                  ],
                  "uv_size": [
                    0.048,
                    0.264
                  ]
                },
                "up": {
                  "uv": [
                    6.072,
                    6.064
                  ],
                  "uv_size": [
                    -0.088,
                    -0.24
                  ]
                },
                "down": {
                  "uv": [
                    5.976,
                    6.192
                  ],
                  "uv_size": [
                    -0.056,
                    -0.304
                  ]
                }
              }
            },
            {
              "origin": [
                -2,
                1,
                0
              ],
              "size": [
                4,
                5,
                2
              ],
              "uv": {
                "north": {
                  "uv": [
                    4.384,
                    5.664
                  ],
                  "uv_size": [
                    1.656,
                    4.552
                  ]
                },
                "east": {
                  "uv": [
                    5.888,
                    5.92
                  ],
                  "uv_size": [
                    0.144,
                    0.296
                  ]
                },
                "south": {
                  "uv": [
                    5.952,
                    5.952
                  ],
                  "uv_size": [
                    -0.296,
                    -0.024
                  ]
                },
                "west": {
                  "uv": [
                    5.696,
                    5.952
                  ],
                  "uv_size": [
                    0.048,
                    0.264
                  ]
                },
                "up": {
                  "uv": [
                    6.072,
                    6.064
                  ],
                  "uv_size": [
                    -0.088,
                    -0.24
                  ]
                },
                "down": {
                  "uv": [
                    5.976,
                    6.192
                  ],
                  "uv_size": [
                    -0.056,
                    -0.304
                  ]
                }
              }
            },
            {
              "origin": [
                -2,
                1,
                3
              ],
              "size": [
                4,
                5,
                2
              ],
              "uv": {
                "north": {
                  "uv": [
                    4.384,
                    5.664
                  ],
                  "uv_size": [
                    1.656,
                    4.552
                  ]
                },
                "east": {
                  "uv": [
                    5.888,
                    5.92
                  ],
                  "uv_size": [
                    0.144,
                    0.296
                  ]
                },
                "south": {
                  "uv": [
                    5.952,
                    5.952
                  ],
                  "uv_size": [
                    -0.296,
                    -0.024
                  ]
                },
                "west": {
                  "uv": [
                    5.696,
                    5.952
                  ],
                  "uv_size": [
                    0.048,
                    0.264
                  ]
                },
                "up": {
                  "uv": [
                    6.072,
                    6.064
                  ],
                  "uv_size": [
                    -0.088,
                    -0.24
                  ]
                },
                "down": {
                  "uv": [
                    5.976,
                    6.192
                  ],
                  "uv_size": [
                    -0.056,
                    -0.304
                  ]
                }
              }
            }
          ]
        },
        {
          "name": "bone6",
          "pivot": [
            0,
            0,
            0
          ],
          "cubes": [
            {
              "origin": [
                3,
                1,
                -3
              ],
              "size": [
                4,
                5,
                2
              ],
              "uv": {
                "north": {
                  "uv": [
                    7.648,
                    5.696
                  ],
                  "uv_size": [
                    1.624,
                    4.456
                  ]
                },
                "east": {
                  "uv": [
                    8.224,
                    5.984
                  ],
                  "uv_size": [
                    -0.016,
                    0.072
                  ]
                },
                "south": {
                  "uv": [
                    8.128,
                    6.144
                  ],
                  "uv_size": [
                    0.056,
                    -0.056
                  ]
                },
                "west": {
                  "uv": [
                    8.192,
                    5.856
                  ],
                  "uv_size": [
                    0.048,
                    0.264
                  ]
                },
                "up": {
                  "uv": [
                    8.12,
                    6.192
                  ],
                  "uv_size": [
                    0.008,
                    -0.24
                  ]
                },
                "down": {
                  "uv": [
                    8.312,
                    6.192
                  ],
                  "uv_size": [
                    -0.056,
                    -0.304
                  ]
                }
              }
            },
            {
              "origin": [
                3,
                1,
                0
              ],
              "size": [
                4,
                5,
                2
              ],
              "uv": {
                "north": {
                  "uv": [
                    7.648,
                    5.696
                  ],
                  "uv_size": [
                    1.624,
                    4.456
                  ]
                },
                "east": {
                  "uv": [
                    8.224,
                    5.984
                  ],
                  "uv_size": [
                    -0.016,
                    0.072
                  ]
                },
                "south": {
                  "uv": [
                    8.128,
                    6.144
                  ],
                  "uv_size": [
                    0.056,
                    -0.056
                  ]
                },
                "west": {
                  "uv": [
                    8.192,
                    5.856
                  ],
                  "uv_size": [
                    0.048,
                    0.264
                  ]
                },
                "up": {
                  "uv": [
                    8.12,
                    6.192
                  ],
                  "uv_size": [
                    0.008,
                    -0.24
                  ]
                },
                "down": {
                  "uv": [
                    8.312,
                    6.192
                  ],
                  "uv_size": [
                    -0.056,
                    -0.304
                  ]
                }
              }
            },
            {
              "origin": [
                3,
                1,
                3
              ],
              "size": [
                4,
                5,
                2
              ],
              "uv": {
                "north": {
                  "uv": [
                    7.648,
                    5.696
                  ],
                  "uv_size": [
                    1.624,
                    4.456
                  ]
                },
                "east": {
                  "uv": [
                    8.224,
                    5.984
                  ],
                  "uv_size": [
                    -0.016,
                    0.072
                  ]
                },
                "south": {
                  "uv": [
                    8.128,
                    6.144
                  ],
                  "uv_size": [
                    0.056,
                    -0.056
                  ]
                },
                "west": {
                  "uv": [
                    8.192,
                    5.856
                  ],
                  "uv_size": [
                    0.048,
                    0.264
                  ]
                },
                "up": {
                  "uv": [
                    8.12,
                    6.192
                  ],
                  "uv_size": [
                    0.008,
                    -0.24
                  ]
                },
                "down": {
                  "uv": [
                    8.312,
                    6.192
                  ],
                  "uv_size": [
                    -0.056,
                    -0.304
                  ]
                }
              }
            }
          ]
        },
        {
          "name": "bone7",
          "pivot": [
            0,
            8,
            0
          ],
          "cubes": [
            {
              "origin": [
                3,
                9,
                -3
              ],
              "size": [
                4,
                5,
                2
              ],
              "uv": {
                "north": {
                  "uv": [
                    7.648,
                    5.696
                  ],
                  "uv_size": [
                    1.624,
                    4.456
                  ]
                },
                "east": {
                  "uv": [
                    8.224,
                    5.984
                  ],
                  "uv_size": [
                    -0.016,
                    0.072
                  ]
                },
                "south": {
                  "uv": [
                    8.128,
                    6.144
                  ],
                  "uv_size": [
                    0.056,
                    -0.056
                  ]
                },
                "west": {
                  "uv": [
                    8.192,
                    5.856
                  ],
                  "uv_size": [
                    0.048,
                    0.264
                  ]
                },
                "up": {
                  "uv": [
                    8.12,
                    6.192
                  ],
                  "uv_size": [
                    0.008,
                    -0.24
                  ]
                },
                "down": {
                  "uv": [
                    8.312,
                    6.192
                  ],
                  "uv_size": [
                    -0.056,
                    -0.304
                  ]
                }
              }
            },
            {
              "origin": [
                3,
                9,
                0
              ],
              "size": [
                4,
                5,
                2
              ],
              "uv": {
                "north": {
                  "uv": [
                    7.648,
                    5.696
                  ],
                  "uv_size": [
                    1.624,
                    4.456
                  ]
                },
                "east": {
                  "uv": [
                    8.224,
                    5.984
                  ],
                  "uv_size": [
                    -0.016,
                    0.072
                  ]
                },
                "south": {
                  "uv": [
                    8.128,
                    6.144
                  ],
                  "uv_size": [
                    0.056,
                    -0.056
                  ]
                },
                "west": {
                  "uv": [
                    8.192,
                    5.856
                  ],
                  "uv_size": [
                    0.048,
                    0.264
                  ]
                },
                "up": {
                  "uv": [
                    8.12,
                    6.192
                  ],
                  "uv_size": [
                    0.008,
                    -0.24
                  ]
                },
                "down": {
                  "uv": [
                    8.312,
                    6.192
                  ],
                  "uv_size": [
                    -0.056,
                    -0.304
                  ]
                }
              }
            },
            {
              "origin": [
                3,
                9,
                3
              ],
              "size": [
                4,
                5,
                2
              ],
              "uv": {
                "north": {
                  "uv": [
                    7.648,
                    5.696
                  ],
                  "uv_size": [
                    1.624,
                    4.456
                  ]
                },
                "east": {
                  "uv": [
                    8.224,
                    5.984
                  ],
                  "uv_size": [
                    -0.016,
                    0.072
                  ]
                },
                "south": {
                  "uv": [
                    8.128,
                    6.144
                  ],
                  "uv_size": [
                    0.056,
                    -0.056
                  ]
                },
                "west": {
                  "uv": [
                    8.192,
                    5.856
                  ],
                  "uv_size": [
                    0.048,
                    0.264
                  ]
                },
                "up": {
                  "uv": [
                    8.12,
                    6.192
                  ],
                  "uv_size": [
                    0.008,
                    -0.24
                  ]
                },
                "down": {
                  "uv": [
                    8.312,
                    6.192
                  ],
                  "uv_size": [
                    -0.056,
                    -0.304
                  ]
                }
              }
            }
          ]
        }
      ]
    }
  ]
}