{
  "format_version": "1.12.0",
  "minecraft:geometry": [
    {
      "description": {
        "identifier": "geometry.pa_rak_susu_bendera",
        "texture_width": 16,
        "texture_height": 16,
        "visible_bounds_width": 2,
        "visible_bounds_height": 2.5,
        "visible_bounds_offset": [
          0,
          0.75,
          0
        ]
      },
      "bones": [
        {
          "name": "bone",
          "pivot": [
            0,
            0,
            0
          ],
          "cubes": [
            {
              "origin": [
                -8,
                0,
                -4
              ],
              "size": [
                16,
                1,
                12
              ],
              "uv": {
                "north": {
                  "uv": [
                    5.9375,
                    15.625
                  ],
                  "uv_size": [
                    0,
                    0
                  ]
                },
                "east": {
                  "uv": [
                    0,
                    0
                  ],
                  "uv_size": [
                    0.0625,
                    0
                  ]
                },
                "south": {
                  "uv": [
                    0,
                    0
                  ],
                  "uv_size": [
                    0.0625,
                    0
                  ]
                },
                "west": {
                  "uv": [
                    0,
                    0
                  ],
                  "uv_size": [
                    0.0625,
                    0
                  ]
                },
                "up": {
                  "uv": [
                    0,
                    0
                  ],
                  "uv_size": [
                    0,
                    0
                  ]
                },
                "down": {
                  "uv": [
                    0.3125,
                    0.0625
                  ],
                  "uv_size": [
                    -0.0625,
                    0
                  ]
                }
              }
            },
            {
              "origin": [
                -8,
                8,
                -4
              ],
              "size": [
                16,
                1,
                12
              ],
              "uv": {
                "north": {
                  "uv": [
                    5.9375,
                    15.625
                  ],
                  "uv_size": [
                    0,
                    0
                  ]
                },
                "east": {
                  "uv": [
                    0,
                    0
                  ],
                  "uv_size": [
                    0.0625,
                    0
                  ]
                },
                "south": {
                  "uv": [
                    0,
                    0
                  ],
                  "uv_size": [
                    0.0625,
                    0
                  ]
                },
                "west": {
                  "uv": [
                    0,
                    0
                  ],
                  "uv_size": [
                    0.0625,
                    0
                  ]
                },
                "up": {
                  "uv": [
                    0,
                    0
                  ],
                  "uv_size": [
                    0,
                    0
                  ]
                },
                "down": {
                  "uv": [
                    0.3125,
                    0.0625
                  ],
                  "uv_size": [
                    -0.0625,
                    0
                  ]
                }
              }
            },
            {
              "origin": [
                -8,
                1,
                7
              ],
              "size": [
                16,
                7,
                1
              ],
              "uv": {
                "north": {
                  "uv": [
                    5.9375,
                    15.625
                  ],
                  "uv_size": [
                    0,
                    0
                  ]
                },
                "east": {
                  "uv": [
                    0,
                    0
                  ],
                  "uv_size": [
                    0.0625,
                    0
                  ]
                },
                "south": {
                  "uv": [
                    0,
                    0
                  ],
                  "uv_size": [
                    0.0625,
                    0
                  ]
                },
                "west": {
                  "uv": [
                    0,
                    0
                  ],
                  "uv_size": [
                    0.0625,
                    0
                  ]
                },
                "up": {
                  "uv": [
                    0,
                    0
                  ],
                  "uv_size": [
                    0,
                    0
                  ]
                },
                "down": {
                  "uv": [
                    0.3125,
                    0.0625
                  ],
                  "uv_size": [
                    -0.0625,
                    0
                  ]
                }
              }
            },
            {
              "origin": [
                -8,
                9,
                7
              ],
              "size": [
                16,
                7,
                1
              ],
              "uv": {
                "north": {
                  "uv": [
                    5.9375,
                    15.625
                  ],
                  "uv_size": [
                    0,
                    0
                  ]
                },
                "east": {
                  "uv": [
                    0,
                    0
                  ],
                  "uv_size": [
                    0.0625,
                    0
                  ]
                },
                "south": {
                  "uv": [
                    0,
                    0
                  ],
                  "uv_size": [
                    0.0625,
                    0
                  ]
                },
                "west": {
                  "uv": [
                    0,
                    0
                  ],
                  "uv_size": [
                    0.0625,
                    0
                  ]
                },
                "up": {
                  "uv": [
                    0,
                    0
                  ],
                  "uv_size": [
                    0,
                    0
                  ]
                },
                "down": {
                  "uv": [
                    0.3125,
                    0.0625
                  ],
                  "uv_size": [
                    -0.0625,
                    0
                  ]
                }
              }
            }
          ]
        },
        {
          "name": "bone2",
          "pivot": [
            0,
            0,
            0
          ],
          "cubes": [
            {
              "origin": [
                -7,
                1,
                -3
              ],
              "size": [
                4,
                6,
                2
              ],
              "uv": {
                "north": {
                  "uv": [
                    4.9375,
                    10.125
                  ],
                  "uv_size": [
                    3.6875,
                    5.875
                  ]
                },
                "east": {
                  "uv": [
                    0,
                    0
                  ],
                  "uv_size": [
                    0.0625,
                    0
                  ]
                },
                "south": {
                  "uv": [
                    0,
                    0
                  ],
                  "uv_size": [
                    0.0625,
                    0
                  ]
                },
                "west": {
                  "uv": [
                    0,
                    0
                  ],
                  "uv_size": [
                    0.0625,
                    0
                  ]
                },
                "up": {
                  "uv": [
                    0,
                    0
                  ],
                  "uv_size": [
                    0,
                    0
                  ]
                },
                "down": {
                  "uv": [
                    0.625,
                    0
                  ],
                  "uv_size": [
                    -0.625,
                    0
                  ]
                }
              }
            },
            {
              "origin": [
                -7,
                2,
                -2
              ],
              "size": [
                1,
                2,
                1
              ],
              "pivot": [
                0,
                0,
                0
              ],
              "rotation": [
                0,
                0,
                40
              ],
              "uv": {
                "north": {
                  "uv": [
                    0.1875,
                    0
                  ],
                  "uv_size": [
                    0.4375,
                    0
                  ]
                },
                "east": {
                  "uv": [
                    0,
                    0
                  ],
                  "uv_size": [
                    0.0625,
                    0
                  ]
                },
                "south": {
                  "uv": [
                    0,
                    0
                  ],
                  "uv_size": [
                    0.0625,
                    0
                  ]
                },
                "west": {
                  "uv": [
                    0,
                    0
                  ],
                  "uv_size": [
                    0.0625,
                    0
                  ]
                },
                "up": {
                  "uv": [
                    0,
                    0
                  ],
                  "uv_size": [
                    0,
                    0
                  ]
                },
                "down": {
                  "uv": [
                    0.625,
                    0
                  ],
                  "uv_size": [
                    -0.625,
                    0
                  ]
                }
              }
            }
          ]
        },
        {
          "name": "bone4",
          "parent": "bone2",
          "pivot": [
            0,
            0,
            6
          ],
          "cubes": [
            {
              "origin": [
                -7,
                1,
                3
              ],
              "size": [
                4,
                6,
                2
              ],
              "uv": {
                "north": {
                  "uv": [
                    4.9375,
                    10.125
                  ],
                  "uv_size": [
                    3.6875,
                    5.875
                  ]
                },
                "east": {
                  "uv": [
                    0,
                    0
                  ],
                  "uv_size": [
                    0.0625,
                    0
                  ]
                },
                "south": {
                  "uv": [
                    0,
                    0
                  ],
                  "uv_size": [
                    0.0625,
                    0
                  ]
                },
                "west": {
                  "uv": [
                    0,
                    0
                  ],
                  "uv_size": [
                    0.0625,
                    0
                  ]
                },
                "up": {
                  "uv": [
                    0,
                    0
                  ],
                  "uv_size": [
                    0,
                    0
                  ]
                },
                "down": {
                  "uv": [
                    0.625,
                    0
                  ],
                  "uv_size": [
                    -0.625,
                    0
                  ]
                }
              }
            },
            {
              "origin": [
                -7,
                2,
                4
              ],
              "size": [
                1,
                2,
                1
              ],
              "pivot": [
                0,
                0,
                6
              ],
              "rotation": [
                0,
                0,
                40
              ],
              "uv": {
                "north": {
                  "uv": [
                    0.1875,
                    0
                  ],
                  "uv_size": [
                    0.4375,
                    0
                  ]
                },
                "east": {
                  "uv": [
                    0,
                    0
                  ],
                  "uv_size": [
                    0.0625,
                    0
                  ]
                },
                "south": {
                  "uv": [
                    0,
                    0
                  ],
                  "uv_size": [
                    0.0625,
                    0
                  ]
                },
                "west": {
                  "uv": [
                    0,
                    0
                  ],
                  "uv_size": [
                    0.0625,
                    0
                  ]
                },
                "up": {
                  "uv": [
                    0,
                    0
                  ],
                  "uv_size": [
                    0,
                    0
                  ]
                },
                "down": {
                  "uv": [
                    0.625,
                    0
                  ],
                  "uv_size": [
                    -0.625,
                    0
                  ]
                }
              }
            }
          ]
        },
        {
          "name": "bone3",
          "parent": "bone2",
          "pivot": [
            0,
            0,
            3
          ],
          "cubes": [
            {
              "origin": [
                -7,
                1,
                0
              ],
              "size": [
                4,
                6,
                2
              ],
              "uv": {
                "north": {
                  "uv": [
                    4.9375,
                    10.125
                  ],
                  "uv_size": [
                    3.6875,
                    5.875
                  ]
                },
                "east": {
                  "uv": [
                    0,
                    0
                  ],
                  "uv_size": [
                    0.0625,
                    0
                  ]
                },
                "south": {
                  "uv": [
                    0,
                    0
                  ],
                  "uv_size": [
                    0.0625,
                    0
                  ]
                },
                "west": {
                  "uv": [
                    0,
                    0
                  ],
                  "uv_size": [
                    0.0625,
                    0
                  ]
                },
                "up": {
                  "uv": [
                    0,
                    0
                  ],
                  "uv_size": [
                    0,
                    0
                  ]
                },
                "down": {
                  "uv": [
                    0.625,
                    0
                  ],
                  "uv_size": [
                    -0.625,
                    0
                  ]
                }
              }
            },
            {
              "origin": [
                -7,
                2,
                1
              ],
              "size": [
                1,
                2,
                1
              ],
              "pivot": [
                0,
                0,
                3
              ],
              "rotation": [
                0,
                0,
                40
              ],
              "uv": {
                "north": {
                  "uv": [
                    0.1875,
                    0
                  ],
                  "uv_size": [
                    0.4375,
                    0
                  ]
                },
                "east": {
                  "uv": [
                    0,
                    0
                  ],
                  "uv_size": [
                    0.0625,
                    0
                  ]
                },
                "south": {
                  "uv": [
                    0,
                    0
                  ],
                  "uv_size": [
                    0.0625,
                    0
                  ]
                },
                "west": {
                  "uv": [
                    0,
                    0
                  ],
                  "uv_size": [
                    0.0625,
                    0
                  ]
                },
                "up": {
                  "uv": [
                    0,
                    0
                  ],
                  "uv_size": [
                    0,
                    0
                  ]
                },
                "down": {
                  "uv": [
                    0.625,
                    0
                  ],
                  "uv_size": [
                    -0.625,
                    0
                  ]
                }
              }
            }
          ]
        },
        {
          "name": "bone5",
          "pivot": [
            5,
            0,
            0
          ],
          "cubes": [
            {
              "origin": [
                -2,
                1,
                -3
              ],
              "size": [
                4,
                6,
                2
              ],
              "uv": {
                "north": {
                  "uv": [
                    4.9375,
                    10.125
                  ],
                  "uv_size": [
                    3.6875,
                    5.875
                  ]
                },
                "east": {
                  "uv": [
                    0,
                    0
                  ],
                  "uv_size": [
                    0.0625,
                    0
                  ]
                },
                "south": {
                  "uv": [
                    0,
                    0
                  ],
                  "uv_size": [
                    0.0625,
                    0
                  ]
                },
                "west": {
                  "uv": [
                    0,
                    0
                  ],
                  "uv_size": [
                    0.0625,
                    0
                  ]
                },
                "up": {
                  "uv": [
                    0,
                    0
                  ],
                  "uv_size": [
                    0,
                    0
                  ]
                },
                "down": {
                  "uv": [
                    0.625,
                    0
                  ],
                  "uv_size": [
                    -0.625,
                    0
                  ]
                }
              }
            },
            {
              "origin": [
                -2,
                2,
                -2
              ],
              "size": [
                1,
                2,
                1
              ],
              "pivot": [
                5,
                0,
                0
              ],
              "rotation": [
                0,
                0,
                40
              ],
              "uv": {
                "north": {
                  "uv": [
                    0.1875,
                    0
                  ],
                  "uv_size": [
                    0.4375,
                    0
                  ]
                },
                "east": {
                  "uv": [
                    0,
                    0
                  ],
                  "uv_size": [
                    0.0625,
                    0
                  ]
                },
                "south": {
                  "uv": [
                    0,
                    0
                  ],
                  "uv_size": [
                    0.0625,
                    0
                  ]
                },
                "west": {
                  "uv": [
                    0,
                    0
                  ],
                  "uv_size": [
                    0.0625,
                    0
                  ]
                },
                "up": {
                  "uv": [
                    0,
                    0
                  ],
                  "uv_size": [
                    0,
                    0
                  ]
                },
                "down": {
                  "uv": [
                    0.625,
                    0
                  ],
                  "uv_size": [
                    -0.625,
                    0
                  ]
                }
              }
            }
          ]
        },
        {
          "name": "bone6",
          "parent": "bone5",
          "pivot": [
            5,
            0,
            6
          ],
          "cubes": [
            {
              "origin": [
                -2,
                1,
                3
              ],
              "size": [
                4,
                6,
                2
              ],
              "uv": {
                "north": {
                  "uv": [
                    4.9375,
                    10.125
                  ],
                  "uv_size": [
                    3.6875,
                    5.875
                  ]
                },
                "east": {
                  "uv": [
                    0,
                    0
                  ],
                  "uv_size": [
                    0.0625,
                    0
                  ]
                },
                "south": {
                  "uv": [
                    0,
                    0
                  ],
                  "uv_size": [
                    0.0625,
                    0
                  ]
                },
                "west": {
                  "uv": [
                    0,
                    0
                  ],
                  "uv_size": [
                    0.0625,
                    0
                  ]
                },
                "up": {
                  "uv": [
                    0,
                    0
                  ],
                  "uv_size": [
                    0,
                    0
                  ]
                },
                "down": {
                  "uv": [
                    0.625,
                    0
                  ],
                  "uv_size": [
                    -0.625,
                    0
                  ]
                }
              }
            },
            {
              "origin": [
                -2,
                2,
                4
              ],
              "size": [
                1,
                2,
                1
              ],
              "pivot": [
                5,
                0,
                6
              ],
              "rotation": [
                0,
                0,
                40
              ],
              "uv": {
                "north": {
                  "uv": [
                    0.1875,
                    0
                  ],
                  "uv_size": [
                    0.4375,
                    0
                  ]
                },
                "east": {
                  "uv": [
                    0,
                    0
                  ],
                  "uv_size": [
                    0.0625,
                    0
                  ]
                },
                "south": {
                  "uv": [
                    0,
                    0
                  ],
                  "uv_size": [
                    0.0625,
                    0
                  ]
                },
                "west": {
                  "uv": [
                    0,
                    0
                  ],
                  "uv_size": [
                    0.0625,
                    0
                  ]
                },
                "up": {
                  "uv": [
                    0,
                    0
                  ],
                  "uv_size": [
                    0,
                    0
                  ]
                },
                "down": {
                  "uv": [
                    0.625,
                    0
                  ],
                  "uv_size": [
                    -0.625,
                    0
                  ]
                }
              }
            }
          ]
        },
        {
          "name": "bone7",
          "parent": "bone5",
          "pivot": [
            5,
            0,
            3
          ],
          "cubes": [
            {
              "origin": [
                -2,
                1,
                0
              ],
              "size": [
                4,
                6,
                2
              ],
              "uv": {
                "north": {
                  "uv": [
                    4.9375,
                    10.125
                  ],
                  "uv_size": [
                    3.6875,
                    5.875
                  ]
                },
                "east": {
                  "uv": [
                    0,
                    0
                  ],
                  "uv_size": [
                    0.0625,
                    0
                  ]
                },
                "south": {
                  "uv": [
                    0,
                    0
                  ],
                  "uv_size": [
                    0.0625,
                    0
                  ]
                },
                "west": {
                  "uv": [
                    0,
                    0
                  ],
                  "uv_size": [
                    0.0625,
                    0
                  ]
                },
                "up": {
                  "uv": [
                    0,
                    0
                  ],
                  "uv_size": [
                    0,
                    0
                  ]
                },
                "down": {
                  "uv": [
                    0.625,
                    0
                  ],
                  "uv_size": [
                    -0.625,
                    0
                  ]
                }
              }
            },
            {
              "origin": [
                -2,
                2,
                1
              ],
              "size": [
                1,
                2,
                1
              ],
              "pivot": [
                5,
                0,
                3
              ],
              "rotation": [
                0,
                0,
                40
              ],
              "uv": {
                "north": {
                  "uv": [
                    0.1875,
                    0
                  ],
                  "uv_size": [
                    0.4375,
                    0
                  ]
                },
                "east": {
                  "uv": [
                    0,
                    0
                  ],
                  "uv_size": [
                    0.0625,
                    0
                  ]
                },
                "south": {
                  "uv": [
                    0,
                    0
                  ],
                  "uv_size": [
                    0.0625,
                    0
                  ]
                },
                "west": {
                  "uv": [
                    0,
                    0
                  ],
                  "uv_size": [
                    0.0625,
                    0
                  ]
                },
                "up": {
                  "uv": [
                    0,
                    0
                  ],
                  "uv_size": [
                    0,
                    0
                  ]
                },
                "down": {
                  "uv": [
                    0.625,
                    0
                  ],
                  "uv_size": [
                    -0.625,
                    0
                  ]
                }
              }
            }
          ]
        },
        {
          "name": "bone8",
          "pivot": [
            10,
            0,
            0
          ],
          "cubes": [
            {
              "origin": [
                3,
                1,
                -3
              ],
              "size": [
                4,
                6,
                2
              ],
              "uv": {
                "north": {
                  "uv": [
                    4.9375,
                    10.125
                  ],
                  "uv_size": [
                    3.6875,
                    5.875
                  ]
                },
                "east": {
                  "uv": [
                    0,
                    0
                  ],
                  "uv_size": [
                    0.0625,
                    0
                  ]
                },
                "south": {
                  "uv": [
                    0,
                    0
                  ],
                  "uv_size": [
                    0.0625,
                    0
                  ]
                },
                "west": {
                  "uv": [
                    0,
                    0
                  ],
                  "uv_size": [
                    0.0625,
                    0
                  ]
                },
                "up": {
                  "uv": [
                    0,
                    0
                  ],
                  "uv_size": [
                    0,
                    0
                  ]
                },
                "down": {
                  "uv": [
                    0.625,
                    0
                  ],
                  "uv_size": [
                    -0.625,
                    0
                  ]
                }
              }
            },
            {
              "origin": [
                3,
                2,
                -2
              ],
              "size": [
                1,
                2,
                1
              ],
              "pivot": [
                10,
                0,
                0
              ],
              "rotation": [
                0,
                0,
                40
              ],
              "uv": {
                "north": {
                  "uv": [
                    0.1875,
                    0
                  ],
                  "uv_size": [
                    0.4375,
                    0
                  ]
                },
                "east": {
                  "uv": [
                    0,
                    0
                  ],
                  "uv_size": [
                    0.0625,
                    0
                  ]
                },
                "south": {
                  "uv": [
                    0,
                    0
                  ],
                  "uv_size": [
                    0.0625,
                    0
                  ]
                },
                "west": {
                  "uv": [
                    0,
                    0
                  ],
                  "uv_size": [
                    0.0625,
                    0
                  ]
                },
                "up": {
                  "uv": [
                    0,
                    0
                  ],
                  "uv_size": [
                    0,
                    0
                  ]
                },
                "down": {
                  "uv": [
                    0.625,
                    0
                  ],
                  "uv_size": [
                    -0.625,
                    0
                  ]
                }
              }
            }
          ]
        },
        {
          "name": "bone9",
          "parent": "bone8",
          "pivot": [
            10,
            0,
            6
          ],
          "cubes": [
            {
              "origin": [
                3,
                1,
                3
              ],
              "size": [
                4,
                6,
                2
              ],
              "uv": {
                "north": {
                  "uv": [
                    4.9375,
                    10.125
                  ],
                  "uv_size": [
                    3.6875,
                    5.875
                  ]
                },
                "east": {
                  "uv": [
                    0,
                    0
                  ],
                  "uv_size": [
                    0.0625,
                    0
                  ]
                },
                "south": {
                  "uv": [
                    0,
                    0
                  ],
                  "uv_size": [
                    0.0625,
                    0
                  ]
                },
                "west": {
                  "uv": [
                    0,
                    0
                  ],
                  "uv_size": [
                    0.0625,
                    0
                  ]
                },
                "up": {
                  "uv": [
                    0,
                    0
                  ],
                  "uv_size": [
                    0,
                    0
                  ]
                },
                "down": {
                  "uv": [
                    0.625,
                    0
                  ],
                  "uv_size": [
                    -0.625,
                    0
                  ]
                }
              }
            },
            {
              "origin": [
                3,
                2,
                4
              ],
              "size": [
                1,
                2,
                1
              ],
              "pivot": [
                10,
                0,
                6
              ],
              "rotation": [
                0,
                0,
                40
              ],
              "uv": {
                "north": {
                  "uv": [
                    0.1875,
                    0
                  ],
                  "uv_size": [
                    0.4375,
                    0
                  ]
                },
                "east": {
                  "uv": [
                    0,
                    0
                  ],
                  "uv_size": [
                    0.0625,
                    0
                  ]
                },
                "south": {
                  "uv": [
                    0,
                    0
                  ],
                  "uv_size": [
                    0.0625,
                    0
                  ]
                },
                "west": {
                  "uv": [
                    0,
                    0
                  ],
                  "uv_size": [
                    0.0625,
                    0
                  ]
                },
                "up": {
                  "uv": [
                    0,
                    0
                  ],
                  "uv_size": [
                    0,
                    0
                  ]
                },
                "down": {
                  "uv": [
                    0.625,
                    0
                  ],
                  "uv_size": [
                    -0.625,
                    0
                  ]
                }
              }
            }
          ]
        },
        {
          "name": "bone10",
          "parent": "bone8",
          "pivot": [
            10,
            0,
            3
          ],
          "cubes": [
            {
              "origin": [
                3,
                1,
                0
              ],
              "size": [
                4,
                6,
                2
              ],
              "uv": {
                "north": {
                  "uv": [
                    4.9375,
                    10.125
                  ],
                  "uv_size": [
                    3.6875,
                    5.875
                  ]
                },
                "east": {
                  "uv": [
                    0,
                    0
                  ],
                  "uv_size": [
                    0.0625,
                    0
                  ]
                },
                "south": {
                  "uv": [
                    0,
                    0
                  ],
                  "uv_size": [
                    0.0625,
                    0
                  ]
                },
                "west": {
                  "uv": [
                    0,
                    0
                  ],
                  "uv_size": [
                    0.0625,
                    0
                  ]
                },
                "up": {
                  "uv": [
                    0,
                    0
                  ],
                  "uv_size": [
                    0,
                    0
                  ]
                },
                "down": {
                  "uv": [
                    0.625,
                    0
                  ],
                  "uv_size": [
                    -0.625,
                    0
                  ]
                }
              }
            },
            {
              "origin": [
                3,
                2,
                1
              ],
              "size": [
                1,
                2,
                1
              ],
              "pivot": [
                10,
                0,
                3
              ],
              "rotation": [
                0,
                0,
                40
              ],
              "uv": {
                "north": {
                  "uv": [
                    0.1875,
                    0
                  ],
                  "uv_size": [
                    0.4375,
                    0
                  ]
                },
                "east": {
                  "uv": [
                    0,
                    0
                  ],
                  "uv_size": [
                    0.0625,
                    0
                  ]
                },
                "south": {
                  "uv": [
                    0,
                    0
                  ],
                  "uv_size": [
                    0.0625,
                    0
                  ]
                },
                "west": {
                  "uv": [
                    0,
                    0
                  ],
                  "uv_size": [
                    0.0625,
                    0
                  ]
                },
                "up": {
                  "uv": [
                    0,
                    0
                  ],
                  "uv_size": [
                    0,
                    0
                  ]
                },
                "down": {
                  "uv": [
                    0.625,
                    0
                  ],
                  "uv_size": [
                    -0.625,
                    0
                  ]
                }
              }
            }
          ]
        },
        {
          "name": "bone11",
          "pivot": [
            0,
            0,
            0
          ],
          "cubes": [
            {
              "origin": [
                -7,
                9,
                -3
              ],
              "size": [
                4,
                6,
                2
              ],
              "uv": {
                "north": {
                  "uv": [
                    0,
                    9.625
                  ],
                  "uv_size": [
                    3.6875,
                    6.1875
                  ]
                },
                "east": {
                  "uv": [
                    1.5625,
                    0
                  ],
                  "uv_size": [
                    0.0625,
                    0
                  ]
                },
                "south": {
                  "uv": [
                    1.5625,
                    0.0625
                  ],
                  "uv_size": [
                    0.0625,
                    0
                  ]
                },
                "west": {
                  "uv": [
                    1.4375,
                    0
                  ],
                  "uv_size": [
                    0.0625,
                    0
                  ]
                },
                "up": {
                  "uv": [
                    1.6875,
                    0
                  ],
                  "uv_size": [
                    0,
                    0
                  ]
                },
                "down": {
                  "uv": [
                    1.875,
                    0
                  ],
                  "uv_size": [
                    -0.1875,
                    0
                  ]
                }
              }
            },
            {
              "origin": [
                -12,
                8,
                -2
              ],
              "size": [
                1,
                2,
                1
              ],
              "pivot": [
                0,
                0,
                0
              ],
              "rotation": [
                0,
                0,
                40
              ],
              "uv": {
                "north": {
                  "uv": [
                    0.1875,
                    0
                  ],
                  "uv_size": [
                    0.4375,
                    0
                  ]
                },
                "east": {
                  "uv": [
                    0,
                    0
                  ],
                  "uv_size": [
                    0.0625,
                    0
                  ]
                },
                "south": {
                  "uv": [
                    0,
                    0
                  ],
                  "uv_size": [
                    0.0625,
                    0
                  ]
                },
                "west": {
                  "uv": [
                    0,
                    0
                  ],
                  "uv_size": [
                    0.0625,
                    0
                  ]
                },
                "up": {
                  "uv": [
                    0,
                    0
                  ],
                  "uv_size": [
                    0,
                    0
                  ]
                },
                "down": {
                  "uv": [
                    0.625,
                    0
                  ],
                  "uv_size": [
                    -0.625,
                    0
                  ]
                }
              }
            }
          ]
        },
        {
          "name": "bone13",
          "parent": "bone11",
          "pivot": [
            0,
            0,
            6
          ],
          "cubes": [
            {
              "origin": [
                -7,
                9,
                3
              ],
              "size": [
                4,
                6,
                2
              ],
              "uv": {
                "north": {
                  "uv": [
                    0,
                    9.625
                  ],
                  "uv_size": [
                    3.6875,
                    6.1875
                  ]
                },
                "east": {
                  "uv": [
                    1.5625,
                    0
                  ],
                  "uv_size": [
                    0.0625,
                    0
                  ]
                },
                "south": {
                  "uv": [
                    1.5625,
                    0.0625
                  ],
                  "uv_size": [
                    0.0625,
                    0
                  ]
                },
                "west": {
                  "uv": [
                    1.4375,
                    0
                  ],
                  "uv_size": [
                    0.0625,
                    0
                  ]
                },
                "up": {
                  "uv": [
                    1.6875,
                    0
                  ],
                  "uv_size": [
                    0,
                    0
                  ]
                },
                "down": {
                  "uv": [
                    1.875,
                    0
                  ],
                  "uv_size": [
                    -0.1875,
                    0
                  ]
                }
              }
            },
            {
              "origin": [
                -12,
                8,
                4
              ],
              "size": [
                1,
                2,
                1
              ],
              "pivot": [
                0,
                0,
                6
              ],
              "rotation": [
                0,
                0,
                40
              ],
              "uv": {
                "north": {
                  "uv": [
                    0.1875,
                    0
                  ],
                  "uv_size": [
                    0.4375,
                    0
                  ]
                },
                "east": {
                  "uv": [
                    0,
                    0
                  ],
                  "uv_size": [
                    0.0625,
                    0
                  ]
                },
                "south": {
                  "uv": [
                    0,
                    0
                  ],
                  "uv_size": [
                    0.0625,
                    0
                  ]
                },
                "west": {
                  "uv": [
                    0,
                    0
                  ],
                  "uv_size": [
                    0.0625,
                    0
                  ]
                },
                "up": {
                  "uv": [
                    0,
                    0
                  ],
                  "uv_size": [
                    0,
                    0
                  ]
                },
                "down": {
                  "uv": [
                    0.625,
                    0
                  ],
                  "uv_size": [
                    -0.625,
                    0
                  ]
                }
              }
            }
          ]
        },
        {
          "name": "bone12",
          "parent": "bone11",
          "pivot": [
            0,
            0,
            3
          ],
          "cubes": [
            {
              "origin": [
                -7,
                9,
                0
              ],
              "size": [
                4,
                6,
                2
              ],
              "uv": {
                "north": {
                  "uv": [
                    0,
                    9.625
                  ],
                  "uv_size": [
                    3.6875,
                    6.1875
                  ]
                },
                "east": {
                  "uv": [
                    1.5625,
                    0
                  ],
                  "uv_size": [
                    0.0625,
                    0
                  ]
                },
                "south": {
                  "uv": [
                    1.5625,
                    0.0625
                  ],
                  "uv_size": [
                    0.0625,
                    0
                  ]
                },
                "west": {
                  "uv": [
                    1.4375,
                    0
                  ],
                  "uv_size": [
                    0.0625,
                    0
                  ]
                },
                "up": {
                  "uv": [
                    1.6875,
                    0
                  ],
                  "uv_size": [
                    0,
                    0
                  ]
                },
                "down": {
                  "uv": [
                    1.875,
                    0
                  ],
                  "uv_size": [
                    -0.1875,
                    0
                  ]
                }
              }
            },
            {
              "origin": [
                -12,
                8,
                1
              ],
              "size": [
                1,
                2,
                1
              ],
              "pivot": [
                0,
                0,
                3
              ],
              "rotation": [
                0,
                0,
                40
              ],
              "uv": {
                "north": {
                  "uv": [
                    0.1875,
                    0
                  ],
                  "uv_size": [
                    0.4375,
                    0
                  ]
                },
                "east": {
                  "uv": [
                    0,
                    0
                  ],
                  "uv_size": [
                    0.0625,
                    0
                  ]
                },
                "south": {
                  "uv": [
                    0,
                    0
                  ],
                  "uv_size": [
                    0.0625,
                    0
                  ]
                },
                "west": {
                  "uv": [
                    0,
                    0
                  ],
                  "uv_size": [
                    0.0625,
                    0
                  ]
                },
                "up": {
                  "uv": [
                    0,
                    0
                  ],
                  "uv_size": [
                    0,
                    0
                  ]
                },
                "down": {
                  "uv": [
                    0.625,
                    0
                  ],
                  "uv_size": [
                    -0.625,
                    0
                  ]
                }
              }
            }
          ]
        },
        {
          "name": "bone14",
          "pivot": [
            5,
            0,
            0
          ],
          "cubes": [
            {
              "origin": [
                -2,
                9,
                -3
              ],
              "size": [
                4,
                6,
                2
              ],
              "uv": {
                "north": {
                  "uv": [
                    0,
                    9.625
                  ],
                  "uv_size": [
                    3.6875,
                    6.1875
                  ]
                },
                "east": {
                  "uv": [
                    1.5625,
                    0
                  ],
                  "uv_size": [
                    0.0625,
                    0
                  ]
                },
                "south": {
                  "uv": [
                    1.5625,
                    0.0625
                  ],
                  "uv_size": [
                    0.0625,
                    0
                  ]
                },
                "west": {
                  "uv": [
                    1.4375,
                    0
                  ],
                  "uv_size": [
                    0.0625,
                    0
                  ]
                },
                "up": {
                  "uv": [
                    1.6875,
                    0
                  ],
                  "uv_size": [
                    0,
                    0
                  ]
                },
                "down": {
                  "uv": [
                    1.875,
                    0
                  ],
                  "uv_size": [
                    -0.1875,
                    0
                  ]
                }
              }
            },
            {
              "origin": [
                -7,
                8,
                -2
              ],
              "size": [
                1,
                2,
                1
              ],
              "pivot": [
                5,
                0,
                0
              ],
              "rotation": [
                0,
                0,
                40
              ],
              "uv": {
                "north": {
                  "uv": [
                    0.1875,
                    0
                  ],
                  "uv_size": [
                    0.4375,
                    0
                  ]
                },
                "east": {
                  "uv": [
                    0,
                    0
                  ],
                  "uv_size": [
                    0.0625,
                    0
                  ]
                },
                "south": {
                  "uv": [
                    0,
                    0
                  ],
                  "uv_size": [
                    0.0625,
                    0
                  ]
                },
                "west": {
                  "uv": [
                    0,
                    0
                  ],
                  "uv_size": [
                    0.0625,
                    0
                  ]
                },
                "up": {
                  "uv": [
                    0,
                    0
                  ],
                  "uv_size": [
                    0,
                    0
                  ]
                },
                "down": {
                  "uv": [
                    0.625,
                    0
                  ],
                  "uv_size": [
                    -0.625,
                    0
                  ]
                }
              }
            }
          ]
        },
        {
          "name": "bone15",
          "parent": "bone14",
          "pivot": [
            5,
            0,
            6
          ],
          "cubes": [
            {
              "origin": [
                -2,
                9,
                3
              ],
              "size": [
                4,
                6,
                2
              ],
              "uv": {
                "north": {
                  "uv": [
                    0,
                    9.625
                  ],
                  "uv_size": [
                    3.6875,
                    6.1875
                  ]
                },
                "east": {
                  "uv": [
                    1.5625,
                    0
                  ],
                  "uv_size": [
                    0.0625,
                    0
                  ]
                },
                "south": {
                  "uv": [
                    1.5625,
                    0.0625
                  ],
                  "uv_size": [
                    0.0625,
                    0
                  ]
                },
                "west": {
                  "uv": [
                    1.4375,
                    0
                  ],
                  "uv_size": [
                    0.0625,
                    0
                  ]
                },
                "up": {
                  "uv": [
                    1.6875,
                    0
                  ],
                  "uv_size": [
                    0,
                    0
                  ]
                },
                "down": {
                  "uv": [
                    1.875,
                    0
                  ],
                  "uv_size": [
                    -0.1875,
                    0
                  ]
                }
              }
            },
            {
              "origin": [
                -7,
                8,
                4
              ],
              "size": [
                1,
                2,
                1
              ],
              "pivot": [
                5,
                0,
                6
              ],
              "rotation": [
                0,
                0,
                40
              ],
              "uv": {
                "north": {
                  "uv": [
                    0.1875,
                    0
                  ],
                  "uv_size": [
                    0.4375,
                    0
                  ]
                },
                "east": {
                  "uv": [
                    0,
                    0
                  ],
                  "uv_size": [
                    0.0625,
                    0
                  ]
                },
                "south": {
                  "uv": [
                    0,
                    0
                  ],
                  "uv_size": [
                    0.0625,
                    0
                  ]
                },
                "west": {
                  "uv": [
                    0,
                    0
                  ],
                  "uv_size": [
                    0.0625,
                    0
                  ]
                },
                "up": {
                  "uv": [
                    0,
                    0
                  ],
                  "uv_size": [
                    0,
                    0
                  ]
                },
                "down": {
                  "uv": [
                    0.625,
                    0
                  ],
                  "uv_size": [
                    -0.625,
                    0
                  ]
                }
              }
            }
          ]
        },
        {
          "name": "bone16",
          "parent": "bone14",
          "pivot": [
            5,
            0,
            3
          ],
          "cubes": [
            {
              "origin": [
                -2,
                9,
                0
              ],
              "size": [
                4,
                6,
                2
              ],
              "uv": {
                "north": {
                  "uv": [
                    0,
                    9.625
                  ],
                  "uv_size": [
                    3.6875,
                    6.1875
                  ]
                },
                "east": {
                  "uv": [
                    1.5625,
                    0
                  ],
                  "uv_size": [
                    0.0625,
                    0
                  ]
                },
                "south": {
                  "uv": [
                    1.5625,
                    0.0625
                  ],
                  "uv_size": [
                    0.0625,
                    0
                  ]
                },
                "west": {
                  "uv": [
                    1.4375,
                    0
                  ],
                  "uv_size": [
                    0.0625,
                    0
                  ]
                },
                "up": {
                  "uv": [
                    1.6875,
                    0
                  ],
                  "uv_size": [
                    0,
                    0
                  ]
                },
                "down": {
                  "uv": [
                    1.875,
                    0
                  ],
                  "uv_size": [
                    -0.1875,
                    0
                  ]
                }
              }
            },
            {
              "origin": [
                -7,
                8,
                1
              ],
              "size": [
                1,
                2,
                1
              ],
              "pivot": [
                5,
                0,
                3
              ],
              "rotation": [
                0,
                0,
                40
              ],
              "uv": {
                "north": {
                  "uv": [
                    0.1875,
                    0
                  ],
                  "uv_size": [
                    0.4375,
                    0
                  ]
                },
                "east": {
                  "uv": [
                    0,
                    0
                  ],
                  "uv_size": [
                    0.0625,
                    0
                  ]
                },
                "south": {
                  "uv": [
                    0,
                    0
                  ],
                  "uv_size": [
                    0.0625,
                    0
                  ]
                },
                "west": {
                  "uv": [
                    0,
                    0
                  ],
                  "uv_size": [
                    0.0625,
                    0
                  ]
                },
                "up": {
                  "uv": [
                    0,
                    0
                  ],
                  "uv_size": [
                    0,
                    0
                  ]
                },
                "down": {
                  "uv": [
                    0.625,
                    0
                  ],
                  "uv_size": [
                    -0.625,
                    0
                  ]
                }
              }
            }
          ]
        },
        {
          "name": "bone17",
          "pivot": [
            10,
            0,
            0
          ],
          "cubes": [
            {
              "origin": [
                3,
                9,
                -3
              ],
              "size": [
                4,
                6,
                2
              ],
              "uv": {
                "north": {
                  "uv": [
                    0,
                    9.625
                  ],
                  "uv_size": [
                    3.6875,
                    6.1875
                  ]
                },
                "east": {
                  "uv": [
                    1.5625,
                    0
                  ],
                  "uv_size": [
                    0.0625,
                    0
                  ]
                },
                "south": {
                  "uv": [
                    1.5625,
                    0.0625
                  ],
                  "uv_size": [
                    0.0625,
                    0
                  ]
                },
                "west": {
                  "uv": [
                    1.4375,
                    0
                  ],
                  "uv_size": [
                    0.0625,
                    0
                  ]
                },
                "up": {
                  "uv": [
                    1.6875,
                    0
                  ],
                  "uv_size": [
                    0,
                    0
                  ]
                },
                "down": {
                  "uv": [
                    1.875,
                    0
                  ],
                  "uv_size": [
                    -0.1875,
                    0
                  ]
                }
              }
            },
            {
              "origin": [
                -2,
                8,
                -2
              ],
              "size": [
                1,
                2,
                1
              ],
              "pivot": [
                10,
                0,
                0
              ],
              "rotation": [
                0,
                0,
                40
              ],
              "uv": {
                "north": {
                  "uv": [
                    0.1875,
                    0
                  ],
                  "uv_size": [
                    0.4375,
                    0
                  ]
                },
                "east": {
                  "uv": [
                    0,
                    0
                  ],
                  "uv_size": [
                    0.0625,
                    0
                  ]
                },
                "south": {
                  "uv": [
                    0,
                    0
                  ],
                  "uv_size": [
                    0.0625,
                    0
                  ]
                },
                "west": {
                  "uv": [
                    0,
                    0
                  ],
                  "uv_size": [
                    0.0625,
                    0
                  ]
                },
                "up": {
                  "uv": [
                    0,
                    0
                  ],
                  "uv_size": [
                    0,
                    0
                  ]
                },
                "down": {
                  "uv": [
                    0.625,
                    0
                  ],
                  "uv_size": [
                    -0.625,
                    0
                  ]
                }
              }
            }
          ]
        },
        {
          "name": "bone18",
          "parent": "bone17",
          "pivot": [
            10,
            0,
            6
          ],
          "cubes": [
            {
              "origin": [
                3,
                9,
                3
              ],
              "size": [
                4,
                6,
                2
              ],
              "uv": {
                "north": {
                  "uv": [
                    0,
                    9.625
                  ],
                  "uv_size": [
                    3.6875,
                    6.1875
                  ]
                },
                "east": {
                  "uv": [
                    1.5625,
                    0
                  ],
                  "uv_size": [
                    0.0625,
                    0
                  ]
                },
                "south": {
                  "uv": [
                    1.5625,
                    0.0625
                  ],
                  "uv_size": [
                    0.0625,
                    0
                  ]
                },
                "west": {
                  "uv": [
                    1.4375,
                    0
                  ],
                  "uv_size": [
                    0.0625,
                    0
                  ]
                },
                "up": {
                  "uv": [
                    1.6875,
                    0
                  ],
                  "uv_size": [
                    0,
                    0
                  ]
                },
                "down": {
                  "uv": [
                    1.875,
                    0
                  ],
                  "uv_size": [
                    -0.1875,
                    0
                  ]
                }
              }
            },
            {
              "origin": [
                -2,
                8,
                4
              ],
              "size": [
                1,
                2,
                1
              ],
              "pivot": [
                10,
                0,
                6
              ],
              "rotation": [
                0,
                0,
                40
              ],
              "uv": {
                "north": {
                  "uv": [
                    0.1875,
                    0
                  ],
                  "uv_size": [
                    0.4375,
                    0
                  ]
                },
                "east": {
                  "uv": [
                    0,
                    0
                  ],
                  "uv_size": [
                    0.0625,
                    0
                  ]
                },
                "south": {
                  "uv": [
                    0,
                    0
                  ],
                  "uv_size": [
                    0.0625,
                    0
                  ]
                },
                "west": {
                  "uv": [
                    0,
                    0
                  ],
                  "uv_size": [
                    0.0625,
                    0
                  ]
                },
                "up": {
                  "uv": [
                    0,
                    0
                  ],
                  "uv_size": [
                    0,
                    0
                  ]
                },
                "down": {
                  "uv": [
                    0.625,
                    0
                  ],
                  "uv_size": [
                    -0.625,
                    0
                  ]
                }
              }
            }
          ]
        },
        {
          "name": "bone19",
          "parent": "bone17",
          "pivot": [
            10,
            0,
            3
          ],
          "cubes": [
            {
              "origin": [
                3,
                9,
                0
              ],
              "size": [
                4,
                6,
                2
              ],
              "uv": {
                "north": {
                  "uv": [
                    0,
                    9.625
                  ],
                  "uv_size": [
                    3.6875,
                    6.1875
                  ]
                },
                "east": {
                  "uv": [
                    1.5625,
                    0
                  ],
                  "uv_size": [
                    0.0625,
                    0
                  ]
                },
                "south": {
                  "uv": [
                    1.5625,
                    0.0625
                  ],
                  "uv_size": [
                    0.0625,
                    0
                  ]
                },
                "west": {
                  "uv": [
                    1.4375,
                    0
                  ],
                  "uv_size": [
                    0.0625,
                    0
                  ]
                },
                "up": {
                  "uv": [
                    1.6875,
                    0
                  ],
                  "uv_size": [
                    0,
                    0
                  ]
                },
                "down": {
                  "uv": [
                    1.875,
                    0
                  ],
                  "uv_size": [
                    -0.1875,
                    0
                  ]
                }
              }
            },
            {
              "origin": [
                -2,
                8,
                1
              ],
              "size": [
                1,
                2,
                1
              ],
              "pivot": [
                10,
                0,
                3
              ],
              "rotation": [
                0,
                0,
                40
              ],
              "uv": {
                "north": {
                  "uv": [
                    0.1875,
                    0
                  ],
                  "uv_size": [
                    0.4375,
                    0
                  ]
                },
                "east": {
                  "uv": [
                    0,
                    0
                  ],
                  "uv_size": [
                    0.0625,
                    0
                  ]
                },
                "south": {
                  "uv": [
                    0,
                    0
                  ],
                  "uv_size": [
                    0.0625,
                    0
                  ]
                },
                "west": {
                  "uv": [
                    0,
                    0
                  ],
                  "uv_size": [
                    0.0625,
                    0
                  ]
                },
                "up": {
                  "uv": [
                    0,
                    0
                  ],
                  "uv_size": [
                    0,
                    0
                  ]
                },
                "down": {
                  "uv": [
                    0.625,
                    0
                  ],
                  "uv_size": [
                    -0.625,
                    0
                  ]
                }
              }
            }
          ]
        }
      ]
    }
  ]
}