{
  "format_version": "1.12.0",
  "minecraft:geometry": [
    {
      "description": {
        "identifier": "geometry.pa_rak_sereal",
        "texture_width": 16,
        "texture_height": 16,
        "visible_bounds_width": 2,
        "visible_bounds_height": 2.5,
        "visible_bounds_offset": [
          0,
          0.75,
          0
        ]
      },
      "bones": [
        {
          "name": "bone",
          "pivot": [
            0,
            0,
            0
          ],
          "cubes": [
            {
              "origin": [
                -8,
                0,
                -4
              ],
              "size": [
                16,
                1,
                12
              ],
              "uv": {
                "north": {
                  "uv": [
                    0.375,
                    0
                  ],
                  "uv_size": [
                    0,
                    0
                  ]
                },
                "east": {
                  "uv": [
                    0,
                    0
                  ],
                  "uv_size": [
                    0.0625,
                    0
                  ]
                },
                "south": {
                  "uv": [
                    0,
                    0
                  ],
                  "uv_size": [
                    0.0625,
                    0
                  ]
                },
                "west": {
                  "uv": [
                    0,
                    0
                  ],
                  "uv_size": [
                    0.0625,
                    0
                  ]
                },
                "up": {
                  "uv": [
                    0,
                    0
                  ],
                  "uv_size": [
                    0,
                    0
                  ]
                },
                "down": {
                  "uv": [
                    0.5,
                    0.375
                  ],
                  "uv_size": [
                    -0.4375,
                    -0.125
                  ]
                }
              }
            },
            {
              "origin": [
                -8,
                8,
                -4
              ],
              "size": [
                16,
                1,
                12
              ],
              "uv": {
                "north": {
                  "uv": [
                    0.375,
                    0
                  ],
                  "uv_size": [
                    0,
                    0
                  ]
                },
                "east": {
                  "uv": [
                    0,
                    0
                  ],
                  "uv_size": [
                    0.0625,
                    0
                  ]
                },
                "south": {
                  "uv": [
                    0,
                    0
                  ],
                  "uv_size": [
                    0.0625,
                    0
                  ]
                },
                "west": {
                  "uv": [
                    0,
                    0
                  ],
                  "uv_size": [
                    0.0625,
                    0
                  ]
                },
                "up": {
                  "uv": [
                    0,
                    0
                  ],
                  "uv_size": [
                    0,
                    0
                  ]
                },
                "down": {
                  "uv": [
                    0.5,
                    0.375
                  ],
                  "uv_size": [
                    -0.4375,
                    -0.125
                  ]
                }
              }
            },
            {
              "origin": [
                -8,
                1,
                7
              ],
              "size": [
                16,
                7,
                1
              ],
              "uv": {
                "north": {
                  "uv": [
                    0.375,
                    0
                  ],
                  "uv_size": [
                    0,
                    0
                  ]
                },
                "east": {
                  "uv": [
                    0,
                    0
                  ],
                  "uv_size": [
                    0.0625,
                    0
                  ]
                },
                "south": {
                  "uv": [
                    0,
                    0
                  ],
                  "uv_size": [
                    0.0625,
                    0
                  ]
                },
                "west": {
                  "uv": [
                    0,
                    0
                  ],
                  "uv_size": [
                    0.0625,
                    0
                  ]
                },
                "up": {
                  "uv": [
                    0,
                    0
                  ],
                  "uv_size": [
                    0,
                    0
                  ]
                },
                "down": {
                  "uv": [
                    0.5,
                    0.375
                  ],
                  "uv_size": [
                    -0.4375,
                    -0.125
                  ]
                }
              }
            },
            {
              "origin": [
                -8,
                9,
                7
              ],
              "size": [
                16,
                7,
                1
              ],
              "uv": {
                "north": {
                  "uv": [
                    0,
                    0
                  ],
                  "uv_size": [
                    0.0625,
                    0
                  ]
                },
                "east": {
                  "uv": [
                    0,
                    0
                  ],
                  "uv_size": [
                    0.0625,
                    0
                  ]
                },
                "south": {
                  "uv": [
                    0,
                    0
                  ],
                  "uv_size": [
                    0.0625,
                    0
                  ]
                },
                "west": {
                  "uv": [
                    0,
                    0
                  ],
                  "uv_size": [
                    0.0625,
                    0
                  ]
                },
                "up": {
                  "uv": [
                    0,
                    0
                  ],
                  "uv_size": [
                    0,
                    0
                  ]
                },
                "down": {
                  "uv": [
                    0.5,
                    0.375
                  ],
                  "uv_size": [
                    -0.4375,
                    -0.125
                  ]
                }
              }
            }
          ]
        },
        {
          "name": "bone2",
          "pivot": [
            0,
            0,
            0
          ],
          "cubes": [
            {
              "origin": [
                -7,
                1,
                -3
              ],
              "size": [
                4,
                6,
                2
              ],
              "uv": {
                "north": {
                  "uv": [
                    0,
                    11.8125
                  ],
                  "uv_size": [
                    2.9375,
                    4.1875
                  ]
                },
                "east": {
                  "uv": [
                    2.6875,
                    0.25
                  ],
                  "uv_size": [
                    0.0625,
                    0
                  ]
                },
                "south": {
                  "uv": [
                    2.625,
                    0.5
                  ],
                  "uv_size": [
                    0.0625,
                    0
                  ]
                },
                "west": {
                  "uv": [
                    2.6875,
                    0.3125
                  ],
                  "uv_size": [
                    0.0625,
                    0
                  ]
                },
                "up": {
                  "uv": [
                    2.5,
                    0.1875
                  ],
                  "uv_size": [
                    0,
                    0
                  ]
                },
                "down": {
                  "uv": [
                    2.875,
                    0.25
                  ],
                  "uv_size": [
                    -0.3125,
                    0.0625
                  ]
                }
              }
            },
            {
              "origin": [
                -7,
                1,
                0
              ],
              "size": [
                4,
                6,
                2
              ],
              "uv": {
                "north": {
                  "uv": [
                    0,
                    11.8125
                  ],
                  "uv_size": [
                    2.9375,
                    4.1875
                  ]
                },
                "east": {
                  "uv": [
                    2.6875,
                    0.25
                  ],
                  "uv_size": [
                    0.0625,
                    0
                  ]
                },
                "south": {
                  "uv": [
                    2.625,
                    0.5
                  ],
                  "uv_size": [
                    0.0625,
                    0
                  ]
                },
                "west": {
                  "uv": [
                    2.6875,
                    0.3125
                  ],
                  "uv_size": [
                    0.0625,
                    0
                  ]
                },
                "up": {
                  "uv": [
                    2.5,
                    0.1875
                  ],
                  "uv_size": [
                    0,
                    0
                  ]
                },
                "down": {
                  "uv": [
                    2.875,
                    0.25
                  ],
                  "uv_size": [
                    -0.3125,
                    0.0625
                  ]
                }
              }
            },
            {
              "origin": [
                -7,
                1,
                3
              ],
              "size": [
                4,
                6,
                2
              ],
              "uv": {
                "north": {
                  "uv": [
                    0,
                    11.8125
                  ],
                  "uv_size": [
                    2.9375,
                    4.1875
                  ]
                },
                "east": {
                  "uv": [
                    2.6875,
                    0.25
                  ],
                  "uv_size": [
                    0.0625,
                    0
                  ]
                },
                "south": {
                  "uv": [
                    2.625,
                    0.5
                  ],
                  "uv_size": [
                    0.0625,
                    0
                  ]
                },
                "west": {
                  "uv": [
                    2.6875,
                    0.3125
                  ],
                  "uv_size": [
                    0.0625,
                    0
                  ]
                },
                "up": {
                  "uv": [
                    2.5,
                    0.1875
                  ],
                  "uv_size": [
                    0,
                    0
                  ]
                },
                "down": {
                  "uv": [
                    2.875,
                    0.25
                  ],
                  "uv_size": [
                    -0.3125,
                    0.0625
                  ]
                }
              }
            }
          ]
        },
        {
          "name": "bone4",
          "parent": "bone2",
          "pivot": [
            10,
            0,
            0
          ],
          "cubes": [
            {
              "origin": [
                3,
                1,
                -3
              ],
              "size": [
                4,
                6,
                2
              ],
              "uv": {
                "north": {
                  "uv": [
                    0,
                    11.8125
                  ],
                  "uv_size": [
                    2.9375,
                    4.1875
                  ]
                },
                "east": {
                  "uv": [
                    2.6875,
                    0.25
                  ],
                  "uv_size": [
                    0.0625,
                    0
                  ]
                },
                "south": {
                  "uv": [
                    2.625,
                    0.5
                  ],
                  "uv_size": [
                    0.0625,
                    0
                  ]
                },
                "west": {
                  "uv": [
                    2.6875,
                    0.3125
                  ],
                  "uv_size": [
                    0.0625,
                    0
                  ]
                },
                "up": {
                  "uv": [
                    2.5,
                    0.1875
                  ],
                  "uv_size": [
                    0,
                    0
                  ]
                },
                "down": {
                  "uv": [
                    2.875,
                    0.25
                  ],
                  "uv_size": [
                    -0.3125,
                    0.0625
                  ]
                }
              }
            },
            {
              "origin": [
                3,
                1,
                0
              ],
              "size": [
                4,
                6,
                2
              ],
              "uv": {
                "north": {
                  "uv": [
                    0,
                    11.8125
                  ],
                  "uv_size": [
                    2.9375,
                    4.1875
                  ]
                },
                "east": {
                  "uv": [
                    2.6875,
                    0.25
                  ],
                  "uv_size": [
                    0.0625,
                    0
                  ]
                },
                "south": {
                  "uv": [
                    2.625,
                    0.5
                  ],
                  "uv_size": [
                    0.0625,
                    0
                  ]
                },
                "west": {
                  "uv": [
                    2.6875,
                    0.3125
                  ],
                  "uv_size": [
                    0.0625,
                    0
                  ]
                },
                "up": {
                  "uv": [
                    2.5,
                    0.1875
                  ],
                  "uv_size": [
                    0,
                    0
                  ]
                },
                "down": {
                  "uv": [
                    2.875,
                    0.25
                  ],
                  "uv_size": [
                    -0.3125,
                    0.0625
                  ]
                }
              }
            },
            {
              "origin": [
                3,
                1,
                3
              ],
              "size": [
                4,
                6,
                2
              ],
              "uv": {
                "north": {
                  "uv": [
                    0,
                    11.8125
                  ],
                  "uv_size": [
                    2.9375,
                    4.1875
                  ]
                },
                "east": {
                  "uv": [
                    2.6875,
                    0.25
                  ],
                  "uv_size": [
                    0.0625,
                    0
                  ]
                },
                "south": {
                  "uv": [
                    2.625,
                    0.5
                  ],
                  "uv_size": [
                    0.0625,
                    0
                  ]
                },
                "west": {
                  "uv": [
                    2.6875,
                    0.3125
                  ],
                  "uv_size": [
                    0.0625,
                    0
                  ]
                },
                "up": {
                  "uv": [
                    2.5,
                    0.1875
                  ],
                  "uv_size": [
                    0,
                    0
                  ]
                },
                "down": {
                  "uv": [
                    2.875,
                    0.25
                  ],
                  "uv_size": [
                    -0.3125,
                    0.0625
                  ]
                }
              }
            }
          ]
        },
        {
          "name": "bone3",
          "parent": "bone2",
          "pivot": [
            5,
            0,
            0
          ],
          "cubes": [
            {
              "origin": [
                -2,
                1,
                -3
              ],
              "size": [
                4,
                6,
                2
              ],
              "uv": {
                "north": {
                  "uv": [
                    0,
                    11.8125
                  ],
                  "uv_size": [
                    2.9375,
                    4.1875
                  ]
                },
                "east": {
                  "uv": [
                    2.6875,
                    0.25
                  ],
                  "uv_size": [
                    0.0625,
                    0
                  ]
                },
                "south": {
                  "uv": [
                    2.625,
                    0.5
                  ],
                  "uv_size": [
                    0.0625,
                    0
                  ]
                },
                "west": {
                  "uv": [
                    2.6875,
                    0.3125
                  ],
                  "uv_size": [
                    0.0625,
                    0
                  ]
                },
                "up": {
                  "uv": [
                    2.5,
                    0.1875
                  ],
                  "uv_size": [
                    0,
                    0
                  ]
                },
                "down": {
                  "uv": [
                    2.875,
                    0.25
                  ],
                  "uv_size": [
                    -0.3125,
                    0.0625
                  ]
                }
              }
            },
            {
              "origin": [
                -2,
                1,
                0
              ],
              "size": [
                4,
                6,
                2
              ],
              "uv": {
                "north": {
                  "uv": [
                    0,
                    11.8125
                  ],
                  "uv_size": [
                    2.9375,
                    4.1875
                  ]
                },
                "east": {
                  "uv": [
                    2.6875,
                    0.25
                  ],
                  "uv_size": [
                    0.0625,
                    0
                  ]
                },
                "south": {
                  "uv": [
                    2.625,
                    0.5
                  ],
                  "uv_size": [
                    0.0625,
                    0
                  ]
                },
                "west": {
                  "uv": [
                    2.6875,
                    0.3125
                  ],
                  "uv_size": [
                    0.0625,
                    0
                  ]
                },
                "up": {
                  "uv": [
                    2.5,
                    0.1875
                  ],
                  "uv_size": [
                    0,
                    0
                  ]
                },
                "down": {
                  "uv": [
                    2.875,
                    0.25
                  ],
                  "uv_size": [
                    -0.3125,
                    0.0625
                  ]
                }
              }
            },
            {
              "origin": [
                -2,
                1,
                3
              ],
              "size": [
                4,
                6,
                2
              ],
              "uv": {
                "north": {
                  "uv": [
                    0,
                    11.8125
                  ],
                  "uv_size": [
                    2.9375,
                    4.1875
                  ]
                },
                "east": {
                  "uv": [
                    2.6875,
                    0.25
                  ],
                  "uv_size": [
                    0.0625,
                    0
                  ]
                },
                "south": {
                  "uv": [
                    2.625,
                    0.5
                  ],
                  "uv_size": [
                    0.0625,
                    0
                  ]
                },
                "west": {
                  "uv": [
                    2.6875,
                    0.3125
                  ],
                  "uv_size": [
                    0.0625,
                    0
                  ]
                },
                "up": {
                  "uv": [
                    2.5,
                    0.1875
                  ],
                  "uv_size": [
                    0,
                    0
                  ]
                },
                "down": {
                  "uv": [
                    2.875,
                    0.25
                  ],
                  "uv_size": [
                    -0.3125,
                    0.0625
                  ]
                }
              }
            }
          ]
        },
        {
          "name": "bone5",
          "pivot": [
            0,
            0,
            0
          ],
          "cubes": [
            {
              "origin": [
                -7,
                9,
                -3
              ],
              "size": [
                4,
                6,
                2
              ],
              "uv": {
                "north": {
                  "uv": [
                    3.4375,
                    11.8125
                  ],
                  "uv_size": [
                    2.9375,
                    4.1875
                  ]
                },
                "east": {
                  "uv": [
                    1.25,
                    0.1875
                  ],
                  "uv_size": [
                    0.0625,
                    0
                  ]
                },
                "south": {
                  "uv": [
                    1.625,
                    0.375
                  ],
                  "uv_size": [
                    0.0625,
                    0
                  ]
                },
                "west": {
                  "uv": [
                    1.625,
                    0.25
                  ],
                  "uv_size": [
                    0.0625,
                    0
                  ]
                },
                "up": {
                  "uv": [
                    1.5,
                    0.25
                  ],
                  "uv_size": [
                    0,
                    0
                  ]
                },
                "down": {
                  "uv": [
                    2,
                    0.25
                  ],
                  "uv_size": [
                    -0.3125,
                    0.0625
                  ]
                }
              }
            },
            {
              "origin": [
                -7,
                9,
                0
              ],
              "size": [
                4,
                6,
                2
              ],
              "uv": {
                "north": {
                  "uv": [
                    3.4375,
                    11.8125
                  ],
                  "uv_size": [
                    2.9375,
                    4.1875
                  ]
                },
                "east": {
                  "uv": [
                    1.25,
                    0.1875
                  ],
                  "uv_size": [
                    0.0625,
                    0
                  ]
                },
                "south": {
                  "uv": [
                    1.625,
                    0.375
                  ],
                  "uv_size": [
                    0.0625,
                    0
                  ]
                },
                "west": {
                  "uv": [
                    1.625,
                    0.25
                  ],
                  "uv_size": [
                    0.0625,
                    0
                  ]
                },
                "up": {
                  "uv": [
                    1.5,
                    0.25
                  ],
                  "uv_size": [
                    0,
                    0
                  ]
                },
                "down": {
                  "uv": [
                    2,
                    0.25
                  ],
                  "uv_size": [
                    -0.3125,
                    0.0625
                  ]
                }
              }
            },
            {
              "origin": [
                -7,
                9,
                3
              ],
              "size": [
                4,
                6,
                2
              ],
              "uv": {
                "north": {
                  "uv": [
                    3.4375,
                    11.8125
                  ],
                  "uv_size": [
                    2.9375,
                    4.1875
                  ]
                },
                "east": {
                  "uv": [
                    1.25,
                    0.1875
                  ],
                  "uv_size": [
                    0.0625,
                    0
                  ]
                },
                "south": {
                  "uv": [
                    1.625,
                    0.375
                  ],
                  "uv_size": [
                    0.0625,
                    0
                  ]
                },
                "west": {
                  "uv": [
                    1.625,
                    0.25
                  ],
                  "uv_size": [
                    0.0625,
                    0
                  ]
                },
                "up": {
                  "uv": [
                    1.5,
                    0.25
                  ],
                  "uv_size": [
                    0,
                    0
                  ]
                },
                "down": {
                  "uv": [
                    2,
                    0.25
                  ],
                  "uv_size": [
                    -0.3125,
                    0.0625
                  ]
                }
              }
            }
          ]
        },
        {
          "name": "bone6",
          "pivot": [
            5,
            0,
            0
          ],
          "cubes": [
            {
              "origin": [
                -2,
                9,
                -3
              ],
              "size": [
                4,
                6,
                2
              ],
              "uv": {
                "north": {
                  "uv": [
                    3.4375,
                    11.8125
                  ],
                  "uv_size": [
                    2.9375,
                    4.1875
                  ]
                },
                "east": {
                  "uv": [
                    1.25,
                    0.1875
                  ],
                  "uv_size": [
                    0.0625,
                    0
                  ]
                },
                "south": {
                  "uv": [
                    1.625,
                    0.375
                  ],
                  "uv_size": [
                    0.0625,
                    0
                  ]
                },
                "west": {
                  "uv": [
                    1.625,
                    0.25
                  ],
                  "uv_size": [
                    0.0625,
                    0
                  ]
                },
                "up": {
                  "uv": [
                    1.5,
                    0.25
                  ],
                  "uv_size": [
                    0,
                    0
                  ]
                },
                "down": {
                  "uv": [
                    2,
                    0.25
                  ],
                  "uv_size": [
                    -0.3125,
                    0.0625
                  ]
                }
              }
            },
            {
              "origin": [
                -2,
                9,
                0
              ],
              "size": [
                4,
                6,
                2
              ],
              "uv": {
                "north": {
                  "uv": [
                    3.4375,
                    11.8125
                  ],
                  "uv_size": [
                    2.9375,
                    4.1875
                  ]
                },
                "east": {
                  "uv": [
                    1.25,
                    0.1875
                  ],
                  "uv_size": [
                    0.0625,
                    0
                  ]
                },
                "south": {
                  "uv": [
                    1.625,
                    0.375
                  ],
                  "uv_size": [
                    0.0625,
                    0
                  ]
                },
                "west": {
                  "uv": [
                    1.625,
                    0.25
                  ],
                  "uv_size": [
                    0.0625,
                    0
                  ]
                },
                "up": {
                  "uv": [
                    1.5,
                    0.25
                  ],
                  "uv_size": [
                    0,
                    0
                  ]
                },
                "down": {
                  "uv": [
                    2,
                    0.25
                  ],
                  "uv_size": [
                    -0.3125,
                    0.0625
                  ]
                }
              }
            },
            {
              "origin": [
                -2,
                9,
                3
              ],
              "size": [
                4,
                6,
                2
              ],
              "uv": {
                "north": {
                  "uv": [
                    3.4375,
                    11.8125
                  ],
                  "uv_size": [
                    2.9375,
                    4.1875
                  ]
                },
                "east": {
                  "uv": [
                    1.25,
                    0.1875
                  ],
                  "uv_size": [
                    0.0625,
                    0
                  ]
                },
                "south": {
                  "uv": [
                    1.625,
                    0.375
                  ],
                  "uv_size": [
                    0.0625,
                    0
                  ]
                },
                "west": {
                  "uv": [
                    1.625,
                    0.25
                  ],
                  "uv_size": [
                    0.0625,
                    0
                  ]
                },
                "up": {
                  "uv": [
                    1.5,
                    0.25
                  ],
                  "uv_size": [
                    0,
                    0
                  ]
                },
                "down": {
                  "uv": [
                    2,
                    0.25
                  ],
                  "uv_size": [
                    -0.3125,
                    0.0625
                  ]
                }
              }
            }
          ]
        },
        {
          "name": "bone7",
          "pivot": [
            10,
            0,
            0
          ],
          "cubes": [
            {
              "origin": [
                3,
                9,
                -3
              ],
              "size": [
                4,
                6,
                2
              ],
              "uv": {
                "north": {
                  "uv": [
                    3.4375,
                    11.8125
                  ],
                  "uv_size": [
                    2.9375,
                    4.1875
                  ]
                },
                "east": {
                  "uv": [
                    1.25,
                    0.1875
                  ],
                  "uv_size": [
                    0.0625,
                    0
                  ]
                },
                "south": {
                  "uv": [
                    1.625,
                    0.375
                  ],
                  "uv_size": [
                    0.0625,
                    0
                  ]
                },
                "west": {
                  "uv": [
                    1.625,
                    0.25
                  ],
                  "uv_size": [
                    0.0625,
                    0
                  ]
                },
                "up": {
                  "uv": [
                    1.5,
                    0.25
                  ],
                  "uv_size": [
                    0,
                    0
                  ]
                },
                "down": {
                  "uv": [
                    2,
                    0.25
                  ],
                  "uv_size": [
                    -0.3125,
                    0.0625
                  ]
                }
              }
            },
            {
              "origin": [
                3,
                9,
                0
              ],
              "size": [
                4,
                6,
                2
              ],
              "uv": {
                "north": {
                  "uv": [
                    3.4375,
                    11.8125
                  ],
                  "uv_size": [
                    2.9375,
                    4.1875
                  ]
                },
                "east": {
                  "uv": [
                    1.25,
                    0.1875
                  ],
                  "uv_size": [
                    0.0625,
                    0
                  ]
                },
                "south": {
                  "uv": [
                    1.625,
                    0.375
                  ],
                  "uv_size": [
                    0.0625,
                    0
                  ]
                },
                "west": {
                  "uv": [
                    1.625,
                    0.25
                  ],
                  "uv_size": [
                    0.0625,
                    0
                  ]
                },
                "up": {
                  "uv": [
                    1.5,
                    0.25
                  ],
                  "uv_size": [
                    0,
                    0
                  ]
                },
                "down": {
                  "uv": [
                    2,
                    0.25
                  ],
                  "uv_size": [
                    -0.3125,
                    0.0625
                  ]
                }
              }
            },
            {
              "origin": [
                3,
                9,
                3
              ],
              "size": [
                4,
                6,
                2
              ],
              "uv": {
                "north": {
                  "uv": [
                    3.4375,
                    11.8125
                  ],
                  "uv_size": [
                    2.9375,
                    4.1875
                  ]
                },
                "east": {
                  "uv": [
                    1.25,
                    0.1875
                  ],
                  "uv_size": [
                    0.0625,
                    0
                  ]
                },
                "south": {
                  "uv": [
                    1.625,
                    0.375
                  ],
                  "uv_size": [
                    0.0625,
                    0
                  ]
                },
                "west": {
                  "uv": [
                    1.625,
                    0.25
                  ],
                  "uv_size": [
                    0.0625,
                    0
                  ]
                },
                "up": {
                  "uv": [
                    1.5,
                    0.25
                  ],
                  "uv_size": [
                    0,
                    0
                  ]
                },
                "down": {
                  "uv": [
                    2,
                    0.25
                  ],
                  "uv_size": [
                    -0.3125,
                    0.0625
                  ]
                }
              }
            }
          ]
        }
      ]
    }
  ]
}