{
  "format_version": "1.12.0",
  "minecraft:geometry": [
    {
      "description": {
        "identifier": "geometry.pa_rak_malkis",
        "texture_width": 64,
        "texture_height": 64,
        "visible_bounds_width": 3,
        "visible_bounds_height": 3,
        "visible_bounds_offset": [
          0,
          0.5,
          0
        ]
      },
      "bones": [
        {
          "name": "door",
          "pivot": [
            -6,
            16,
            -8
          ]
        },
        {
          "name": "bone",
          "parent": "door",
          "pivot": [
            0,
            0,
            0
          ],
          "cubes": [
            {
              "origin": [
                -8,
                0,
                -4
              ],
              "size": [
                16,
                1,
                12
              ],
              "uv": {
                "north": {
                  "uv": [
                    0,
                    0
                  ],
                  "uv_size": [
                    16,
                    1
                  ]
                },
                "east": {
                  "uv": [
                    0,
                    0
                  ],
                  "uv_size": [
                    12,
                    1
                  ]
                },
                "south": {
                  "uv": [
                    0,
                    0
                  ],
                  "uv_size": [
                    16,
                    1
                  ]
                },
                "west": {
                  "uv": [
                    0,
                    7
                  ],
                  "uv_size": [
                    12,
                    -7
                  ]
                },
                "up": {
                  "uv": [
                    0,
                    0
                  ],
                  "uv_size": [
                    16,
                    11
                  ]
                },
                "down": {
                  "uv": [
                    0,
                    11
                  ],
                  "uv_size": [
                    16,
                    -11
                  ]
                }
              }
            },
            {
              "origin": [
                -8,
                8,
                -4
              ],
              "size": [
                16,
                1,
                11
              ],
              "uv": {
                "north": {
                  "uv": [
                    0,
                    2
                  ],
                  "uv_size": [
                    16,
                    1
                  ]
                },
                "east": {
                  "uv": [
                    0,
                    0
                  ],
                  "uv_size": [
                    11,
                    1
                  ]
                },
                "south": {
                  "uv": [
                    0,
                    0
                  ],
                  "uv_size": [
                    16,
                    1
                  ]
                },
                "west": {
                  "uv": [
                    0,
                    6
                  ],
                  "uv_size": [
                    11,
                    -6
                  ]
                },
                "up": {
                  "uv": [
                    0,
                    0
                  ],
                  "uv_size": [
                    16,
                    11
                  ]
                },
                "down": {
                  "uv": [
                    0,
                    11
                  ],
                  "uv_size": [
                    16,
                    -11
                  ]
                }
              }
            },
            {
              "origin": [
                -8,
                1,
                7
              ],
              "size": [
                16,
                15,
                1
              ],
              "uv": {
                "north": {
                  "uv": [
                    1,
                    3.4
                  ],
                  "uv_size": [
                    7.05,
                    1.8
                  ]
                },
                "east": {
                  "uv": [
                    2,
                    6
                  ],
                  "uv_size": [
                    -1,
                    -4
                  ]
                },
                "south": {
                  "uv": [
                    1,
                    0
                  ],
                  "uv_size": [
                    12,
                    4
                  ]
                },
                "west": {
                  "uv": [
                    5,
                    0
                  ],
                  "uv_size": [
                    2,
                    3
                  ]
                },
                "up": {
                  "uv": [
                    0,
                    0
                  ],
                  "uv_size": [
                    16,
                    1
                  ]
                },
                "down": {
                  "uv": [
                    0,
                    0
                  ],
                  "uv_size": [
                    16,
                    11
                  ]
                }
              }
            },
            {
              "origin": [
                -7,
                1,
                -4
              ],
              "size": [
                4,
                3,
                2
              ],
              "uv": {
                "north": {
                  "uv": [
                    30.9,
                    42.15
                  ],
                  "uv_size": [
                    12.75,
                    9
                  ]
                },
                "east": {
                  "uv": [
                    20.45,
                    39.7
                  ],
                  "uv_size": [
                    0.35,
                    -2
                  ]
                },
                "south": {
                  "uv": [
                    21.2,
                    38.05
                  ],
                  "uv_size": [
                    0.3,
                    1.45
                  ]
                },
                "west": {
                  "uv": [
                    18.6,
                    37.75
                  ],
                  "uv_size": [
                    4.4,
                    3.2
                  ]
                },
                "up": {
                  "uv": [
                    21.75,
                    38.25
                  ],
                  "uv_size": [
                    0.6,
                    1.65
                  ]
                },
                "down": {
                  "uv": [
                    21.65,
                    39.75
                  ],
                  "uv_size": [
                    0.3,
                    0.05
                  ]
                }
              }
            },
            {
              "origin": [
                -7,
                9,
                -4
              ],
              "size": [
                4,
                3,
                2
              ],
              "uv": {
                "north": {
                  "uv": [
                    31.1,
                    30.45
                  ],
                  "uv_size": [
                    12.75,
                    9
                  ]
                },
                "east": {
                  "uv": [
                    11.6,
                    49.55
                  ],
                  "uv_size": [
                    0.35,
                    -2
                  ]
                },
                "south": {
                  "uv": [
                    11.05,
                    48.45
                  ],
                  "uv_size": [
                    0.3,
                    1.45
                  ]
                },
                "west": {
                  "uv": [
                    8.35,
                    47.6
                  ],
                  "uv_size": [
                    4.4,
                    3.2
                  ]
                },
                "up": {
                  "uv": [
                    12.1,
                    48.2
                  ],
                  "uv_size": [
                    0.6,
                    1.65
                  ]
                },
                "down": {
                  "uv": [
                    10.8,
                    49.6
                  ],
                  "uv_size": [
                    0.3,
                    0.05
                  ]
                }
              }
            },
            {
              "origin": [
                -2,
                9,
                -4
              ],
              "size": [
                4,
                3,
                2
              ],
              "uv": {
                "north": {
                  "uv": [
                    31.1,
                    30.45
                  ],
                  "uv_size": [
                    12.75,
                    9
                  ]
                },
                "east": {
                  "uv": [
                    11.6,
                    49.55
                  ],
                  "uv_size": [
                    0.35,
                    -2
                  ]
                },
                "south": {
                  "uv": [
                    11.05,
                    48.45
                  ],
                  "uv_size": [
                    0.3,
                    1.45
                  ]
                },
                "west": {
                  "uv": [
                    8.35,
                    47.6
                  ],
                  "uv_size": [
                    4.4,
                    3.2
                  ]
                },
                "up": {
                  "uv": [
                    12.1,
                    48.2
                  ],
                  "uv_size": [
                    0.6,
                    1.65
                  ]
                },
                "down": {
                  "uv": [
                    10.8,
                    49.6
                  ],
                  "uv_size": [
                    0.3,
                    0.05
                  ]
                }
              }
            },
            {
              "origin": [
                -2,
                9,
                -1
              ],
              "size": [
                4,
                3,
                2
              ],
              "uv": {
                "north": {
                  "uv": [
                    31.1,
                    30.45
                  ],
                  "uv_size": [
                    12.75,
                    9
                  ]
                },
                "east": {
                  "uv": [
                    11.6,
                    49.55
                  ],
                  "uv_size": [
                    0.35,
                    -2
                  ]
                },
                "south": {
                  "uv": [
                    11.05,
                    48.45
                  ],
                  "uv_size": [
                    0.3,
                    1.45
                  ]
                },
                "west": {
                  "uv": [
                    8.35,
                    47.6
                  ],
                  "uv_size": [
                    4.4,
                    3.2
                  ]
                },
                "up": {
                  "uv": [
                    12.1,
                    48.2
                  ],
                  "uv_size": [
                    0.6,
                    1.65
                  ]
                },
                "down": {
                  "uv": [
                    10.8,
                    49.6
                  ],
                  "uv_size": [
                    0.3,
                    0.05
                  ]
                }
              }
            },
            {
              "origin": [
                -2,
                9,
                5
              ],
              "size": [
                4,
                3,
                2
              ],
              "uv": {
                "north": {
                  "uv": [
                    31.1,
                    30.45
                  ],
                  "uv_size": [
                    12.75,
                    9
                  ]
                },
                "east": {
                  "uv": [
                    11.6,
                    49.55
                  ],
                  "uv_size": [
                    0.35,
                    -2
                  ]
                },
                "south": {
                  "uv": [
                    11.05,
                    48.45
                  ],
                  "uv_size": [
                    0.3,
                    1.45
                  ]
                },
                "west": {
                  "uv": [
                    8.35,
                    47.6
                  ],
                  "uv_size": [
                    4.4,
                    3.2
                  ]
                },
                "up": {
                  "uv": [
                    12.1,
                    48.2
                  ],
                  "uv_size": [
                    0.6,
                    1.65
                  ]
                },
                "down": {
                  "uv": [
                    10.8,
                    49.6
                  ],
                  "uv_size": [
                    0.3,
                    0.05
                  ]
                }
              }
            },
            {
              "origin": [
                -2,
                9,
                2
              ],
              "size": [
                4,
                3,
                2
              ],
              "uv": {
                "north": {
                  "uv": [
                    31.1,
                    30.45
                  ],
                  "uv_size": [
                    12.75,
                    9
                  ]
                },
                "east": {
                  "uv": [
                    11.6,
                    49.55
                  ],
                  "uv_size": [
                    0.35,
                    -2
                  ]
                },
                "south": {
                  "uv": [
                    11.05,
                    48.45
                  ],
                  "uv_size": [
                    0.3,
                    1.45
                  ]
                },
                "west": {
                  "uv": [
                    8.35,
                    47.6
                  ],
                  "uv_size": [
                    4.4,
                    3.2
                  ]
                },
                "up": {
                  "uv": [
                    12.1,
                    48.2
                  ],
                  "uv_size": [
                    0.6,
                    1.65
                  ]
                },
                "down": {
                  "uv": [
                    10.8,
                    49.6
                  ],
                  "uv_size": [
                    0.3,
                    0.05
                  ]
                }
              }
            },
            {
              "origin": [
                3,
                9,
                -1
              ],
              "size": [
                4,
                3,
                2
              ],
              "uv": {
                "north": {
                  "uv": [
                    31.1,
                    30.45
                  ],
                  "uv_size": [
                    12.75,
                    9
                  ]
                },
                "east": {
                  "uv": [
                    11.6,
                    49.55
                  ],
                  "uv_size": [
                    0.35,
                    -2
                  ]
                },
                "south": {
                  "uv": [
                    11.05,
                    48.45
                  ],
                  "uv_size": [
                    0.3,
                    1.45
                  ]
                },
                "west": {
                  "uv": [
                    8.35,
                    47.6
                  ],
                  "uv_size": [
                    4.4,
                    3.2
                  ]
                },
                "up": {
                  "uv": [
                    12.1,
                    48.2
                  ],
                  "uv_size": [
                    0.6,
                    1.65
                  ]
                },
                "down": {
                  "uv": [
                    10.8,
                    49.6
                  ],
                  "uv_size": [
                    0.3,
                    0.05
                  ]
                }
              }
            },
            {
              "origin": [
                3,
                9,
                2
              ],
              "size": [
                4,
                3,
                2
              ],
              "uv": {
                "north": {
                  "uv": [
                    31.1,
                    30.45
                  ],
                  "uv_size": [
                    12.75,
                    9
                  ]
                },
                "east": {
                  "uv": [
                    11.6,
                    49.55
                  ],
                  "uv_size": [
                    0.35,
                    -2
                  ]
                },
                "south": {
                  "uv": [
                    11.05,
                    48.45
                  ],
                  "uv_size": [
                    0.3,
                    1.45
                  ]
                },
                "west": {
                  "uv": [
                    8.35,
                    47.6
                  ],
                  "uv_size": [
                    4.4,
                    3.2
                  ]
                },
                "up": {
                  "uv": [
                    12.1,
                    48.2
                  ],
                  "uv_size": [
                    0.6,
                    1.65
                  ]
                },
                "down": {
                  "uv": [
                    10.8,
                    49.6
                  ],
                  "uv_size": [
                    0.3,
                    0.05
                  ]
                }
              }
            },
            {
              "origin": [
                3,
                9,
                5
              ],
              "size": [
                4,
                3,
                2
              ],
              "uv": {
                "north": {
                  "uv": [
                    31.1,
                    30.45
                  ],
                  "uv_size": [
                    12.75,
                    9
                  ]
                },
                "east": {
                  "uv": [
                    11.6,
                    49.55
                  ],
                  "uv_size": [
                    0.35,
                    -2
                  ]
                },
                "south": {
                  "uv": [
                    11.05,
                    48.45
                  ],
                  "uv_size": [
                    0.3,
                    1.45
                  ]
                },
                "west": {
                  "uv": [
                    8.35,
                    47.6
                  ],
                  "uv_size": [
                    4.4,
                    3.2
                  ]
                },
                "up": {
                  "uv": [
                    12.1,
                    48.2
                  ],
                  "uv_size": [
                    0.6,
                    1.65
                  ]
                },
                "down": {
                  "uv": [
                    10.8,
                    49.6
                  ],
                  "uv_size": [
                    0.3,
                    0.05
                  ]
                }
              }
            },
            {
              "origin": [
                3,
                9,
                -4
              ],
              "size": [
                4,
                3,
                2
              ],
              "uv": {
                "north": {
                  "uv": [
                    31.1,
                    30.45
                  ],
                  "uv_size": [
                    12.75,
                    9
                  ]
                },
                "east": {
                  "uv": [
                    11.6,
                    49.55
                  ],
                  "uv_size": [
                    0.35,
                    -2
                  ]
                },
                "south": {
                  "uv": [
                    11.05,
                    48.45
                  ],
                  "uv_size": [
                    0.3,
                    1.45
                  ]
                },
                "west": {
                  "uv": [
                    8.35,
                    47.6
                  ],
                  "uv_size": [
                    4.4,
                    3.2
                  ]
                },
                "up": {
                  "uv": [
                    12.1,
                    48.2
                  ],
                  "uv_size": [
                    0.6,
                    1.65
                  ]
                },
                "down": {
                  "uv": [
                    10.8,
                    49.6
                  ],
                  "uv_size": [
                    0.3,
                    0.05
                  ]
                }
              }
            },
            {
              "origin": [
                -7,
                9,
                -1
              ],
              "size": [
                4,
                3,
                2
              ],
              "uv": {
                "north": {
                  "uv": [
                    31.1,
                    30.45
                  ],
                  "uv_size": [
                    12.75,
                    9
                  ]
                },
                "east": {
                  "uv": [
                    11.6,
                    49.55
                  ],
                  "uv_size": [
                    0.35,
                    -2
                  ]
                },
                "south": {
                  "uv": [
                    11.05,
                    48.45
                  ],
                  "uv_size": [
                    0.3,
                    1.45
                  ]
                },
                "west": {
                  "uv": [
                    8.35,
                    47.6
                  ],
                  "uv_size": [
                    4.4,
                    3.2
                  ]
                },
                "up": {
                  "uv": [
                    12.1,
                    48.2
                  ],
                  "uv_size": [
                    0.6,
                    1.65
                  ]
                },
                "down": {
                  "uv": [
                    10.8,
                    49.6
                  ],
                  "uv_size": [
                    0.3,
                    0.05
                  ]
                }
              }
            },
            {
              "origin": [
                -7,
                9,
                2
              ],
              "size": [
                4,
                3,
                2
              ],
              "uv": {
                "north": {
                  "uv": [
                    31.1,
                    30.45
                  ],
                  "uv_size": [
                    12.75,
                    9
                  ]
                },
                "east": {
                  "uv": [
                    11.6,
                    49.55
                  ],
                  "uv_size": [
                    0.35,
                    -2
                  ]
                },
                "south": {
                  "uv": [
                    11.05,
                    48.45
                  ],
                  "uv_size": [
                    0.3,
                    1.45
                  ]
                },
                "west": {
                  "uv": [
                    8.35,
                    47.6
                  ],
                  "uv_size": [
                    4.4,
                    3.2
                  ]
                },
                "up": {
                  "uv": [
                    12.1,
                    48.2
                  ],
                  "uv_size": [
                    0.6,
                    1.65
                  ]
                },
                "down": {
                  "uv": [
                    10.8,
                    49.6
                  ],
                  "uv_size": [
                    0.3,
                    0.05
                  ]
                }
              }
            },
            {
              "origin": [
                -7,
                9,
                5
              ],
              "size": [
                4,
                3,
                2
              ],
              "uv": {
                "north": {
                  "uv": [
                    31.1,
                    30.45
                  ],
                  "uv_size": [
                    12.75,
                    9
                  ]
                },
                "east": {
                  "uv": [
                    11.6,
                    49.55
                  ],
                  "uv_size": [
                    0.35,
                    -2
                  ]
                },
                "south": {
                  "uv": [
                    11.05,
                    48.45
                  ],
                  "uv_size": [
                    0.3,
                    1.45
                  ]
                },
                "west": {
                  "uv": [
                    8.35,
                    47.6
                  ],
                  "uv_size": [
                    4.4,
                    3.2
                  ]
                },
                "up": {
                  "uv": [
                    12.1,
                    48.2
                  ],
                  "uv_size": [
                    0.6,
                    1.65
                  ]
                },
                "down": {
                  "uv": [
                    10.8,
                    49.6
                  ],
                  "uv_size": [
                    0.3,
                    0.05
                  ]
                }
              }
            },
            {
              "origin": [
                -7,
                4,
                -3
              ],
              "size": [
                4,
                3,
                2
              ],
              "uv": {
                "north": {
                  "uv": [
                    48.6,
                    54.3
                  ],
                  "uv_size": [
                    13.85,
                    9
                  ]
                },
                "east": {
                  "uv": [
                    19.1,
                    47.65
                  ],
                  "uv_size": [
                    0.35,
                    -2
                  ]
                },
                "south": {
                  "uv": [
                    19.1,
                    44.85
                  ],
                  "uv_size": [
                    0.3,
                    0.25
                  ]
                },
                "west": {
                  "uv": [
                    16.7,
                    43.7
                  ],
                  "uv_size": [
                    5.85,
                    4.3
                  ]
                },
                "up": {
                  "uv": [
                    19.45,
                    44.55
                  ],
                  "uv_size": [
                    0.6,
                    1.65
                  ]
                },
                "down": {
                  "uv": [
                    19.3,
                    44.85
                  ],
                  "uv_size": [
                    0.3,
                    0.05
                  ]
                }
              }
            },
            {
              "origin": [
                -7,
                12,
                -3
              ],
              "size": [
                4,
                3,
                2
              ],
              "uv": {
                "north": {
                  "uv": [
                    31.55,
                    54.65
                  ],
                  "uv_size": [
                    13.85,
                    7.9
                  ]
                },
                "east": {
                  "uv": [
                    22,
                    39.8
                  ],
                  "uv_size": [
                    -0.2,
                    -0.25
                  ]
                },
                "south": {
                  "uv": [
                    20.4,
                    39.95
                  ],
                  "uv_size": [
                    0.85,
                    -0.5
                  ]
                },
                "west": {
                  "uv": [
                    20.45,
                    39.15
                  ],
                  "uv_size": [
                    1.3,
                    0.9
                  ]
                },
                "up": {
                  "uv": [
                    22.45,
                    39.05
                  ],
                  "uv_size": [
                    -0.85,
                    0.75
                  ]
                },
                "down": {
                  "uv": [
                    21.1,
                    39.45
                  ],
                  "uv_size": [
                    0.05,
                    -0.2
                  ]
                }
              }
            },
            {
              "origin": [
                3,
                12,
                -3
              ],
              "size": [
                4,
                3,
                2
              ],
              "uv": {
                "north": {
                  "uv": [
                    31.55,
                    54.65
                  ],
                  "uv_size": [
                    13.85,
                    7.9
                  ]
                },
                "east": {
                  "uv": [
                    22,
                    39.8
                  ],
                  "uv_size": [
                    -0.2,
                    -0.25
                  ]
                },
                "south": {
                  "uv": [
                    20.4,
                    39.95
                  ],
                  "uv_size": [
                    0.85,
                    -0.5
                  ]
                },
                "west": {
                  "uv": [
                    20.45,
                    39.15
                  ],
                  "uv_size": [
                    1.3,
                    0.9
                  ]
                },
                "up": {
                  "uv": [
                    22.45,
                    39.05
                  ],
                  "uv_size": [
                    -0.85,
                    0.75
                  ]
                },
                "down": {
                  "uv": [
                    21.1,
                    39.45
                  ],
                  "uv_size": [
                    0.05,
                    -0.2
                  ]
                }
              }
            },
            {
              "origin": [
                -2,
                12,
                -3
              ],
              "size": [
                4,
                3,
                2
              ],
              "uv": {
                "north": {
                  "uv": [
                    31.55,
                    54.65
                  ],
                  "uv_size": [
                    13.85,
                    7.9
                  ]
                },
                "east": {
                  "uv": [
                    22,
                    39.8
                  ],
                  "uv_size": [
                    -0.2,
                    -0.25
                  ]
                },
                "south": {
                  "uv": [
                    20.4,
                    39.95
                  ],
                  "uv_size": [
                    0.85,
                    -0.5
                  ]
                },
                "west": {
                  "uv": [
                    20.45,
                    39.15
                  ],
                  "uv_size": [
                    1.3,
                    0.9
                  ]
                },
                "up": {
                  "uv": [
                    22.45,
                    39.05
                  ],
                  "uv_size": [
                    -0.85,
                    0.75
                  ]
                },
                "down": {
                  "uv": [
                    21.1,
                    39.45
                  ],
                  "uv_size": [
                    0.05,
                    -0.2
                  ]
                }
              }
            },
            {
              "origin": [
                -2,
                12,
                0
              ],
              "size": [
                4,
                3,
                2
              ],
              "uv": {
                "north": {
                  "uv": [
                    31.55,
                    54.65
                  ],
                  "uv_size": [
                    13.85,
                    7.9
                  ]
                },
                "east": {
                  "uv": [
                    22,
                    39.8
                  ],
                  "uv_size": [
                    -0.2,
                    -0.25
                  ]
                },
                "south": {
                  "uv": [
                    20.4,
                    39.95
                  ],
                  "uv_size": [
                    0.85,
                    -0.5
                  ]
                },
                "west": {
                  "uv": [
                    20.45,
                    39.15
                  ],
                  "uv_size": [
                    1.3,
                    0.9
                  ]
                },
                "up": {
                  "uv": [
                    22.45,
                    39.05
                  ],
                  "uv_size": [
                    -0.85,
                    0.75
                  ]
                },
                "down": {
                  "uv": [
                    21.1,
                    39.45
                  ],
                  "uv_size": [
                    0.05,
                    -0.2
                  ]
                }
              }
            },
            {
              "origin": [
                3,
                12,
                0
              ],
              "size": [
                4,
                3,
                2
              ],
              "uv": {
                "north": {
                  "uv": [
                    31.55,
                    54.65
                  ],
                  "uv_size": [
                    13.85,
                    7.9
                  ]
                },
                "east": {
                  "uv": [
                    22,
                    39.8
                  ],
                  "uv_size": [
                    -0.2,
                    -0.25
                  ]
                },
                "south": {
                  "uv": [
                    20.4,
                    39.95
                  ],
                  "uv_size": [
                    0.85,
                    -0.5
                  ]
                },
                "west": {
                  "uv": [
                    20.45,
                    39.15
                  ],
                  "uv_size": [
                    1.3,
                    0.9
                  ]
                },
                "up": {
                  "uv": [
                    22.45,
                    39.05
                  ],
                  "uv_size": [
                    -0.85,
                    0.75
                  ]
                },
                "down": {
                  "uv": [
                    21.1,
                    39.45
                  ],
                  "uv_size": [
                    0.05,
                    -0.2
                  ]
                }
              }
            },
            {
              "origin": [
                3,
                12,
                3
              ],
              "size": [
                4,
                3,
                2
              ],
              "uv": {
                "north": {
                  "uv": [
                    31.55,
                    54.65
                  ],
                  "uv_size": [
                    13.85,
                    7.9
                  ]
                },
                "east": {
                  "uv": [
                    22,
                    39.8
                  ],
                  "uv_size": [
                    -0.2,
                    -0.25
                  ]
                },
                "south": {
                  "uv": [
                    20.4,
                    39.95
                  ],
                  "uv_size": [
                    0.85,
                    -0.5
                  ]
                },
                "west": {
                  "uv": [
                    20.45,
                    39.15
                  ],
                  "uv_size": [
                    1.3,
                    0.9
                  ]
                },
                "up": {
                  "uv": [
                    22.45,
                    39.05
                  ],
                  "uv_size": [
                    -0.85,
                    0.75
                  ]
                },
                "down": {
                  "uv": [
                    21.1,
                    39.45
                  ],
                  "uv_size": [
                    0.05,
                    -0.2
                  ]
                }
              }
            },
            {
              "origin": [
                -2,
                12,
                3
              ],
              "size": [
                4,
                3,
                2
              ],
              "uv": {
                "north": {
                  "uv": [
                    31.55,
                    54.65
                  ],
                  "uv_size": [
                    13.85,
                    7.9
                  ]
                },
                "east": {
                  "uv": [
                    22,
                    39.8
                  ],
                  "uv_size": [
                    -0.2,
                    -0.25
                  ]
                },
                "south": {
                  "uv": [
                    20.4,
                    39.95
                  ],
                  "uv_size": [
                    0.85,
                    -0.5
                  ]
                },
                "west": {
                  "uv": [
                    20.45,
                    39.15
                  ],
                  "uv_size": [
                    1.3,
                    0.9
                  ]
                },
                "up": {
                  "uv": [
                    22.45,
                    39.05
                  ],
                  "uv_size": [
                    -0.85,
                    0.75
                  ]
                },
                "down": {
                  "uv": [
                    21.1,
                    39.45
                  ],
                  "uv_size": [
                    0.05,
                    -0.2
                  ]
                }
              }
            },
            {
              "origin": [
                -7,
                12,
                0
              ],
              "size": [
                4,
                3,
                2
              ],
              "uv": {
                "north": {
                  "uv": [
                    31.55,
                    54.65
                  ],
                  "uv_size": [
                    13.85,
                    7.9
                  ]
                },
                "east": {
                  "uv": [
                    22,
                    39.8
                  ],
                  "uv_size": [
                    -0.2,
                    -0.25
                  ]
                },
                "south": {
                  "uv": [
                    20.4,
                    39.95
                  ],
                  "uv_size": [
                    0.85,
                    -0.5
                  ]
                },
                "west": {
                  "uv": [
                    20.45,
                    39.15
                  ],
                  "uv_size": [
                    1.3,
                    0.9
                  ]
                },
                "up": {
                  "uv": [
                    22.45,
                    39.05
                  ],
                  "uv_size": [
                    -0.85,
                    0.75
                  ]
                },
                "down": {
                  "uv": [
                    21.1,
                    39.45
                  ],
                  "uv_size": [
                    0.05,
                    -0.2
                  ]
                }
              }
            },
            {
              "origin": [
                -7,
                12,
                3
              ],
              "size": [
                4,
                3,
                2
              ],
              "uv": {
                "north": {
                  "uv": [
                    31.55,
                    54.65
                  ],
                  "uv_size": [
                    13.85,
                    7.9
                  ]
                },
                "east": {
                  "uv": [
                    22,
                    39.8
                  ],
                  "uv_size": [
                    -0.2,
                    -0.25
                  ]
                },
                "south": {
                  "uv": [
                    20.4,
                    39.95
                  ],
                  "uv_size": [
                    0.85,
                    -0.5
                  ]
                },
                "west": {
                  "uv": [
                    20.45,
                    39.15
                  ],
                  "uv_size": [
                    1.3,
                    0.9
                  ]
                },
                "up": {
                  "uv": [
                    22.45,
                    39.05
                  ],
                  "uv_size": [
                    -0.85,
                    0.75
                  ]
                },
                "down": {
                  "uv": [
                    21.1,
                    39.45
                  ],
                  "uv_size": [
                    0.05,
                    -0.2
                  ]
                }
              }
            },
            {
              "origin": [
                -7,
                4,
                0
              ],
              "size": [
                4,
                3,
                2
              ],
              "uv": {
                "north": {
                  "uv": [
                    48.6,
                    54.3
                  ],
                  "uv_size": [
                    13.85,
                    9
                  ]
                },
                "east": {
                  "uv": [
                    19.1,
                    47.65
                  ],
                  "uv_size": [
                    0.35,
                    -2
                  ]
                },
                "south": {
                  "uv": [
                    19.1,
                    44.85
                  ],
                  "uv_size": [
                    0.3,
                    0.25
                  ]
                },
                "west": {
                  "uv": [
                    16.7,
                    43.7
                  ],
                  "uv_size": [
                    5.85,
                    4.3
                  ]
                },
                "up": {
                  "uv": [
                    19.45,
                    44.55
                  ],
                  "uv_size": [
                    0.6,
                    1.65
                  ]
                },
                "down": {
                  "uv": [
                    19.3,
                    44.85
                  ],
                  "uv_size": [
                    0.3,
                    0.05
                  ]
                }
              }
            },
            {
              "origin": [
                -7,
                4,
                3
              ],
              "size": [
                4,
                3,
                2
              ],
              "uv": {
                "north": {
                  "uv": [
                    48.6,
                    54.3
                  ],
                  "uv_size": [
                    13.85,
                    9
                  ]
                },
                "east": {
                  "uv": [
                    19.1,
                    47.65
                  ],
                  "uv_size": [
                    0.35,
                    -2
                  ]
                },
                "south": {
                  "uv": [
                    19.1,
                    44.85
                  ],
                  "uv_size": [
                    0.3,
                    0.25
                  ]
                },
                "west": {
                  "uv": [
                    16.7,
                    43.7
                  ],
                  "uv_size": [
                    5.85,
                    4.3
                  ]
                },
                "up": {
                  "uv": [
                    19.45,
                    44.55
                  ],
                  "uv_size": [
                    0.6,
                    1.65
                  ]
                },
                "down": {
                  "uv": [
                    19.3,
                    44.85
                  ],
                  "uv_size": [
                    0.3,
                    0.05
                  ]
                }
              }
            },
            {
              "origin": [
                -2,
                4,
                3
              ],
              "size": [
                4,
                3,
                2
              ],
              "uv": {
                "north": {
                  "uv": [
                    48.6,
                    54.3
                  ],
                  "uv_size": [
                    13.85,
                    9
                  ]
                },
                "east": {
                  "uv": [
                    19.1,
                    47.65
                  ],
                  "uv_size": [
                    0.35,
                    -2
                  ]
                },
                "south": {
                  "uv": [
                    19.1,
                    44.85
                  ],
                  "uv_size": [
                    0.3,
                    0.25
                  ]
                },
                "west": {
                  "uv": [
                    16.7,
                    43.7
                  ],
                  "uv_size": [
                    5.85,
                    4.3
                  ]
                },
                "up": {
                  "uv": [
                    19.45,
                    44.55
                  ],
                  "uv_size": [
                    0.6,
                    1.65
                  ]
                },
                "down": {
                  "uv": [
                    19.3,
                    44.85
                  ],
                  "uv_size": [
                    0.3,
                    0.05
                  ]
                }
              }
            },
            {
              "origin": [
                -2,
                4,
                0
              ],
              "size": [
                4,
                3,
                2
              ],
              "uv": {
                "north": {
                  "uv": [
                    48.6,
                    54.3
                  ],
                  "uv_size": [
                    13.85,
                    9
                  ]
                },
                "east": {
                  "uv": [
                    19.1,
                    47.65
                  ],
                  "uv_size": [
                    0.35,
                    -2
                  ]
                },
                "south": {
                  "uv": [
                    19.1,
                    44.85
                  ],
                  "uv_size": [
                    0.3,
                    0.25
                  ]
                },
                "west": {
                  "uv": [
                    16.7,
                    43.7
                  ],
                  "uv_size": [
                    5.85,
                    4.3
                  ]
                },
                "up": {
                  "uv": [
                    19.45,
                    44.55
                  ],
                  "uv_size": [
                    0.6,
                    1.65
                  ]
                },
                "down": {
                  "uv": [
                    19.3,
                    44.85
                  ],
                  "uv_size": [
                    0.3,
                    0.05
                  ]
                }
              }
            },
            {
              "origin": [
                -2,
                4,
                -3
              ],
              "size": [
                4,
                3,
                2
              ],
              "uv": {
                "north": {
                  "uv": [
                    48.6,
                    54.3
                  ],
                  "uv_size": [
                    13.85,
                    9
                  ]
                },
                "east": {
                  "uv": [
                    19.1,
                    47.65
                  ],
                  "uv_size": [
                    0.35,
                    -2
                  ]
                },
                "south": {
                  "uv": [
                    19.1,
                    44.85
                  ],
                  "uv_size": [
                    0.3,
                    0.25
                  ]
                },
                "west": {
                  "uv": [
                    16.7,
                    43.7
                  ],
                  "uv_size": [
                    5.85,
                    4.3
                  ]
                },
                "up": {
                  "uv": [
                    19.45,
                    44.55
                  ],
                  "uv_size": [
                    0.6,
                    1.65
                  ]
                },
                "down": {
                  "uv": [
                    19.3,
                    44.85
                  ],
                  "uv_size": [
                    0.3,
                    0.05
                  ]
                }
              }
            },
            {
              "origin": [
                3,
                4,
                -3
              ],
              "size": [
                4,
                3,
                2
              ],
              "uv": {
                "north": {
                  "uv": [
                    48.6,
                    54.3
                  ],
                  "uv_size": [
                    13.85,
                    9
                  ]
                },
                "east": {
                  "uv": [
                    19.1,
                    47.65
                  ],
                  "uv_size": [
                    0.35,
                    -2
                  ]
                },
                "south": {
                  "uv": [
                    19.1,
                    44.85
                  ],
                  "uv_size": [
                    0.3,
                    0.25
                  ]
                },
                "west": {
                  "uv": [
                    16.7,
                    43.7
                  ],
                  "uv_size": [
                    5.85,
                    4.3
                  ]
                },
                "up": {
                  "uv": [
                    19.45,
                    44.55
                  ],
                  "uv_size": [
                    0.6,
                    1.65
                  ]
                },
                "down": {
                  "uv": [
                    19.3,
                    44.85
                  ],
                  "uv_size": [
                    0.3,
                    0.05
                  ]
                }
              }
            },
            {
              "origin": [
                3,
                4,
                0
              ],
              "size": [
                4,
                3,
                2
              ],
              "uv": {
                "north": {
                  "uv": [
                    48.6,
                    54.3
                  ],
                  "uv_size": [
                    13.85,
                    9
                  ]
                },
                "east": {
                  "uv": [
                    19.1,
                    47.65
                  ],
                  "uv_size": [
                    0.35,
                    -2
                  ]
                },
                "south": {
                  "uv": [
                    19.1,
                    44.85
                  ],
                  "uv_size": [
                    0.3,
                    0.25
                  ]
                },
                "west": {
                  "uv": [
                    16.7,
                    43.7
                  ],
                  "uv_size": [
                    5.85,
                    4.3
                  ]
                },
                "up": {
                  "uv": [
                    19.45,
                    44.55
                  ],
                  "uv_size": [
                    0.6,
                    1.65
                  ]
                },
                "down": {
                  "uv": [
                    19.3,
                    44.85
                  ],
                  "uv_size": [
                    0.3,
                    0.05
                  ]
                }
              }
            },
            {
              "origin": [
                3,
                4,
                3
              ],
              "size": [
                4,
                3,
                2
              ],
              "uv": {
                "north": {
                  "uv": [
                    48.6,
                    54.3
                  ],
                  "uv_size": [
                    13.85,
                    9
                  ]
                },
                "east": {
                  "uv": [
                    19.1,
                    47.65
                  ],
                  "uv_size": [
                    0.35,
                    -2
                  ]
                },
                "south": {
                  "uv": [
                    19.1,
                    44.85
                  ],
                  "uv_size": [
                    0.3,
                    0.25
                  ]
                },
                "west": {
                  "uv": [
                    16.7,
                    43.7
                  ],
                  "uv_size": [
                    5.85,
                    4.3
                  ]
                },
                "up": {
                  "uv": [
                    19.45,
                    44.55
                  ],
                  "uv_size": [
                    0.6,
                    1.65
                  ]
                },
                "down": {
                  "uv": [
                    19.3,
                    44.85
                  ],
                  "uv_size": [
                    0.3,
                    0.05
                  ]
                }
              }
            },
            {
              "origin": [
                -2,
                1,
                -4
              ],
              "size": [
                4,
                3,
                2
              ],
              "uv": {
                "north": {
                  "uv": [
                    30.9,
                    42.15
                  ],
                  "uv_size": [
                    12.75,
                    9
                  ]
                },
                "east": {
                  "uv": [
                    20.45,
                    39.7
                  ],
                  "uv_size": [
                    0.35,
                    -2
                  ]
                },
                "south": {
                  "uv": [
                    21.2,
                    38.05
                  ],
                  "uv_size": [
                    0.3,
                    1.45
                  ]
                },
                "west": {
                  "uv": [
                    18.6,
                    37.75
                  ],
                  "uv_size": [
                    4.4,
                    3.2
                  ]
                },
                "up": {
                  "uv": [
                    21.75,
                    38.25
                  ],
                  "uv_size": [
                    0.6,
                    1.65
                  ]
                },
                "down": {
                  "uv": [
                    21.65,
                    39.75
                  ],
                  "uv_size": [
                    0.3,
                    0.05
                  ]
                }
              }
            },
            {
              "origin": [
                -2,
                1,
                2
              ],
              "size": [
                4,
                3,
                2
              ],
              "uv": {
                "north": {
                  "uv": [
                    30.9,
                    42.15
                  ],
                  "uv_size": [
                    12.75,
                    9
                  ]
                },
                "east": {
                  "uv": [
                    20.45,
                    39.7
                  ],
                  "uv_size": [
                    0.35,
                    -2
                  ]
                },
                "south": {
                  "uv": [
                    21.2,
                    38.05
                  ],
                  "uv_size": [
                    0.3,
                    1.45
                  ]
                },
                "west": {
                  "uv": [
                    18.6,
                    37.75
                  ],
                  "uv_size": [
                    4.4,
                    3.2
                  ]
                },
                "up": {
                  "uv": [
                    21.75,
                    38.25
                  ],
                  "uv_size": [
                    0.6,
                    1.65
                  ]
                },
                "down": {
                  "uv": [
                    21.65,
                    39.75
                  ],
                  "uv_size": [
                    0.3,
                    0.05
                  ]
                }
              }
            },
            {
              "origin": [
                -2,
                1,
                5
              ],
              "size": [
                4,
                3,
                2
              ],
              "uv": {
                "north": {
                  "uv": [
                    30.9,
                    42.15
                  ],
                  "uv_size": [
                    12.75,
                    9
                  ]
                },
                "east": {
                  "uv": [
                    20.45,
                    39.7
                  ],
                  "uv_size": [
                    0.35,
                    -2
                  ]
                },
                "south": {
                  "uv": [
                    21.2,
                    38.05
                  ],
                  "uv_size": [
                    0.3,
                    1.45
                  ]
                },
                "west": {
                  "uv": [
                    18.6,
                    37.75
                  ],
                  "uv_size": [
                    4.4,
                    3.2
                  ]
                },
                "up": {
                  "uv": [
                    21.75,
                    38.25
                  ],
                  "uv_size": [
                    0.6,
                    1.65
                  ]
                },
                "down": {
                  "uv": [
                    21.65,
                    39.75
                  ],
                  "uv_size": [
                    0.3,
                    0.05
                  ]
                }
              }
            },
            {
              "origin": [
                -2,
                1,
                -1
              ],
              "size": [
                4,
                3,
                2
              ],
              "uv": {
                "north": {
                  "uv": [
                    30.9,
                    42.15
                  ],
                  "uv_size": [
                    12.75,
                    9
                  ]
                },
                "east": {
                  "uv": [
                    20.45,
                    39.7
                  ],
                  "uv_size": [
                    0.35,
                    -2
                  ]
                },
                "south": {
                  "uv": [
                    21.2,
                    38.05
                  ],
                  "uv_size": [
                    0.3,
                    1.45
                  ]
                },
                "west": {
                  "uv": [
                    18.6,
                    37.75
                  ],
                  "uv_size": [
                    4.4,
                    3.2
                  ]
                },
                "up": {
                  "uv": [
                    21.75,
                    38.25
                  ],
                  "uv_size": [
                    0.6,
                    1.65
                  ]
                },
                "down": {
                  "uv": [
                    21.65,
                    39.75
                  ],
                  "uv_size": [
                    0.3,
                    0.05
                  ]
                }
              }
            },
            {
              "origin": [
                3,
                1,
                -1
              ],
              "size": [
                4,
                3,
                2
              ],
              "uv": {
                "north": {
                  "uv": [
                    30.9,
                    42.15
                  ],
                  "uv_size": [
                    12.75,
                    9
                  ]
                },
                "east": {
                  "uv": [
                    20.45,
                    39.7
                  ],
                  "uv_size": [
                    0.35,
                    -2
                  ]
                },
                "south": {
                  "uv": [
                    21.2,
                    38.05
                  ],
                  "uv_size": [
                    0.3,
                    1.45
                  ]
                },
                "west": {
                  "uv": [
                    18.6,
                    37.75
                  ],
                  "uv_size": [
                    4.4,
                    3.2
                  ]
                },
                "up": {
                  "uv": [
                    21.75,
                    38.25
                  ],
                  "uv_size": [
                    0.6,
                    1.65
                  ]
                },
                "down": {
                  "uv": [
                    21.65,
                    39.75
                  ],
                  "uv_size": [
                    0.3,
                    0.05
                  ]
                }
              }
            },
            {
              "origin": [
                3,
                1,
                -4
              ],
              "size": [
                4,
                3,
                2
              ],
              "uv": {
                "north": {
                  "uv": [
                    30.9,
                    42.15
                  ],
                  "uv_size": [
                    12.75,
                    9
                  ]
                },
                "east": {
                  "uv": [
                    20.45,
                    39.7
                  ],
                  "uv_size": [
                    0.35,
                    -2
                  ]
                },
                "south": {
                  "uv": [
                    21.2,
                    38.05
                  ],
                  "uv_size": [
                    0.3,
                    1.45
                  ]
                },
                "west": {
                  "uv": [
                    18.6,
                    37.75
                  ],
                  "uv_size": [
                    4.4,
                    3.2
                  ]
                },
                "up": {
                  "uv": [
                    21.75,
                    38.25
                  ],
                  "uv_size": [
                    0.6,
                    1.65
                  ]
                },
                "down": {
                  "uv": [
                    21.65,
                    39.75
                  ],
                  "uv_size": [
                    0.3,
                    0.05
                  ]
                }
              }
            },
            {
              "origin": [
                3,
                1,
                2
              ],
              "size": [
                4,
                3,
                2
              ],
              "uv": {
                "north": {
                  "uv": [
                    30.9,
                    42.15
                  ],
                  "uv_size": [
                    12.75,
                    9
                  ]
                },
                "east": {
                  "uv": [
                    20.45,
                    39.7
                  ],
                  "uv_size": [
                    0.35,
                    -2
                  ]
                },
                "south": {
                  "uv": [
                    21.2,
                    38.05
                  ],
                  "uv_size": [
                    0.3,
                    1.45
                  ]
                },
                "west": {
                  "uv": [
                    18.6,
                    37.75
                  ],
                  "uv_size": [
                    4.4,
                    3.2
                  ]
                },
                "up": {
                  "uv": [
                    21.75,
                    38.25
                  ],
                  "uv_size": [
                    0.6,
                    1.65
                  ]
                },
                "down": {
                  "uv": [
                    21.65,
                    39.75
                  ],
                  "uv_size": [
                    0.3,
                    0.05
                  ]
                }
              }
            },
            {
              "origin": [
                3,
                1,
                5
              ],
              "size": [
                4,
                3,
                2
              ],
              "uv": {
                "north": {
                  "uv": [
                    30.9,
                    42.15
                  ],
                  "uv_size": [
                    12.75,
                    9
                  ]
                },
                "east": {
                  "uv": [
                    20.45,
                    39.7
                  ],
                  "uv_size": [
                    0.35,
                    -2
                  ]
                },
                "south": {
                  "uv": [
                    21.2,
                    38.05
                  ],
                  "uv_size": [
                    0.3,
                    1.45
                  ]
                },
                "west": {
                  "uv": [
                    18.6,
                    37.75
                  ],
                  "uv_size": [
                    4.4,
                    3.2
                  ]
                },
                "up": {
                  "uv": [
                    21.75,
                    38.25
                  ],
                  "uv_size": [
                    0.6,
                    1.65
                  ]
                },
                "down": {
                  "uv": [
                    21.65,
                    39.75
                  ],
                  "uv_size": [
                    0.3,
                    0.05
                  ]
                }
              }
            },
            {
              "origin": [
                -7,
                1,
                -1
              ],
              "size": [
                4,
                3,
                2
              ],
              "uv": {
                "north": {
                  "uv": [
                    30.9,
                    42.15
                  ],
                  "uv_size": [
                    12.75,
                    9
                  ]
                },
                "east": {
                  "uv": [
                    20.45,
                    39.7
                  ],
                  "uv_size": [
                    0.35,
                    -2
                  ]
                },
                "south": {
                  "uv": [
                    21.2,
                    38.05
                  ],
                  "uv_size": [
                    0.3,
                    1.45
                  ]
                },
                "west": {
                  "uv": [
                    18.6,
                    37.75
                  ],
                  "uv_size": [
                    4.4,
                    3.2
                  ]
                },
                "up": {
                  "uv": [
                    21.75,
                    38.25
                  ],
                  "uv_size": [
                    0.6,
                    1.65
                  ]
                },
                "down": {
                  "uv": [
                    21.65,
                    39.75
                  ],
                  "uv_size": [
                    0.3,
                    0.05
                  ]
                }
              }
            },
            {
              "origin": [
                -7,
                1,
                2
              ],
              "size": [
                4,
                3,
                2
              ],
              "uv": {
                "north": {
                  "uv": [
                    30.9,
                    42.15
                  ],
                  "uv_size": [
                    12.75,
                    9
                  ]
                },
                "east": {
                  "uv": [
                    20.45,
                    39.7
                  ],
                  "uv_size": [
                    0.35,
                    -2
                  ]
                },
                "south": {
                  "uv": [
                    21.2,
                    38.05
                  ],
                  "uv_size": [
                    0.3,
                    1.45
                  ]
                },
                "west": {
                  "uv": [
                    18.6,
                    37.75
                  ],
                  "uv_size": [
                    4.4,
                    3.2
                  ]
                },
                "up": {
                  "uv": [
                    21.75,
                    38.25
                  ],
                  "uv_size": [
                    0.6,
                    1.65
                  ]
                },
                "down": {
                  "uv": [
                    21.65,
                    39.75
                  ],
                  "uv_size": [
                    0.3,
                    0.05
                  ]
                }
              }
            },
            {
              "origin": [
                -7,
                1,
                5
              ],
              "size": [
                4,
                3,
                2
              ],
              "uv": {
                "north": {
                  "uv": [
                    30.9,
                    42.15
                  ],
                  "uv_size": [
                    12.75,
                    9
                  ]
                },
                "east": {
                  "uv": [
                    20.45,
                    39.7
                  ],
                  "uv_size": [
                    0.35,
                    -2
                  ]
                },
                "south": {
                  "uv": [
                    21.2,
                    38.05
                  ],
                  "uv_size": [
                    0.3,
                    1.45
                  ]
                },
                "west": {
                  "uv": [
                    18.6,
                    37.75
                  ],
                  "uv_size": [
                    4.4,
                    3.2
                  ]
                },
                "up": {
                  "uv": [
                    21.75,
                    38.25
                  ],
                  "uv_size": [
                    0.6,
                    1.65
                  ]
                },
                "down": {
                  "uv": [
                    21.65,
                    39.75
                  ],
                  "uv_size": [
                    0.3,
                    0.05
                  ]
                }
              }
            }
          ]
        }
      ]
    }
  ]
}