{
  "format_version": "1.12.0",
  "minecraft:geometry": [
    {
      "description": {
        "identifier": "geometry.pa_rak_rokok",
        "texture_width": 64,
        "texture_height": 64,
        "visible_bounds_width": 2,
        "visible_bounds_height": 2.5,
        "visible_bounds_offset": [
          0,
          0.75,
          0
        ]
      },
      "bones": [
        {
          "name": "ItemShelf"
        },
        {
          "name": "Shelf",
          "cubes": [
            {
              "origin": [
                -8.0,
                0.0,
                6.0
              ],
              "size": [
                16.0,
                16.0,
                2.0
              ],
              "uv": {
                "north": {
                  "uv": [
                    0,
                    0
                  ],
                  "uv_size": [
                    16,
                    16
                  ]
                },
                "east": {
                  "uv": [
                    0,
                    32
                  ],
                  "uv_size": [
                    2,
                    16
                  ]
                },
                "south": {
                  "uv": [
                    0,
                    16
                  ],
                  "uv_size": [
                    16,
                    16
                  ]
                },
                "west": {
                  "uv": [
                    32,
                    0
                  ],
                  "uv_size": [
                    2,
                    16
                  ]
                },
                "up": {
                  "uv": [
                    32,
                    16
                  ],
                  "uv_size": [
                    16,
                    2
                  ]
                },
                "down": {
                  "uv": [
                    32,
                    20
                  ],
                  "uv_size": [
                    16,
                    -2
                  ]
                }
              },
              "inflate": 0
            },
            {
              "origin": [
                -8.0,
                0.0,
                -2.0
              ],
              "size": [
                16.0,
                1.0,
                10.0
              ],
              "uv": {
                "north": {
                  "uv": [
                    32,
                    20
                  ],
                  "uv_size": [
                    16,
                    1
                  ]
                },
                "east": {
                  "uv": [
                    34,
                    15
                  ],
                  "uv_size": [
                    10,
                    1
                  ]
                },
                "south": {
                  "uv": [
                    32,
                    21
                  ],
                  "uv_size": [
                    16,
                    1
                  ]
                },
                "west": {
                  "uv": [
                    2,
                    37
                  ],
                  "uv_size": [
                    10,
                    1
                  ]
                },
                "up": {
                  "uv": [
                    16,
                    0
                  ],
                  "uv_size": [
                    16,
                    10
                  ]
                },
                "down": {
                  "uv": [
                    16,
                    20
                  ],
                  "uv_size": [
                    16,
                    -10
                  ]
                }
              },
              "inflate": 0
            },
            {
              "origin": [
                -8.0,
                8.0,
                -2.0
              ],
              "size": [
                16.0,
                1.0,
                10.0
              ],
              "uv": {
                "north": {
                  "uv": [
                    32,
                    22
                  ],
                  "uv_size": [
                    16,
                    1
                  ]
                },
                "east": {
                  "uv": [
                    37,
                    5
                  ],
                  "uv_size": [
                    10,
                    1
                  ]
                },
                "south": {
                  "uv": [
                    32,
                    23
                  ],
                  "uv_size": [
                    16,
                    1
                  ]
                },
                "west": {
                  "uv": [
                    37,
                    6
                  ],
                  "uv_size": [
                    10,
                    1
                  ]
                },
                "up": {
                  "uv": [
                    16,
                    20
                  ],
                  "uv_size": [
                    16,
                    10
                  ]
                },
                "down": {
                  "uv": [
                    16,
                    40
                  ],
                  "uv_size": [
                    16,
                    -10
                  ]
                }
              },
              "inflate": 0
            },
            {
              "origin": [
                -8.0,
                15.0,
                -2.0
              ],
              "size": [
                16.0,
                1.0,
                10.0
              ],
              "uv": {
                "north": {
                  "uv": [
                    32,
                    22
                  ],
                  "uv_size": [
                    16,
                    1
                  ]
                },
                "east": {
                  "uv": [
                    37,
                    5
                  ],
                  "uv_size": [
                    10,
                    1
                  ]
                },
                "south": {
                  "uv": [
                    32,
                    23
                  ],
                  "uv_size": [
                    16,
                    1
                  ]
                },
                "west": {
                  "uv": [
                    37,
                    6
                  ],
                  "uv_size": [
                    10,
                    1
                  ]
                },
                "up": {
                  "uv": [
                    16,
                    20
                  ],
                  "uv_size": [
                    16,
                    10
                  ]
                },
                "down": {
                  "uv": [
                    16,
                    40
                  ],
                  "uv_size": [
                    16,
                    -10
                  ]
                }
              },
              "inflate": 0
            }
          ],
          "parent": "ItemShelf"
        },
        {
          "name": "Rokok",
          "cubes": [
            {
              "origin": [
                0.5,
                9.0,
                -1.0
              ],
              "size": [
                3.0,
                5.0,
                1.0
              ],
              "uv": {
                "north": {
                  "uv": [
                    59.5,
                    40.5
                  ],
                  "uv_size": [
                    -7,
                    12
                  ]
                },
                "east": {
                  "uv": [
                    14,
                    32
                  ],
                  "uv_size": [
                    1,
                    5
                  ]
                },
                "south": {
                  "uv": [
                    5,
                    32
                  ],
                  "uv_size": [
                    3,
                    5
                  ]
                },
                "west": {
                  "uv": [
                    15,
                    32
                  ],
                  "uv_size": [
                    1,
                    5
                  ]
                },
                "up": {
                  "uv": [
                    37,
                    12
                  ],
                  "uv_size": [
                    3,
                    1
                  ]
                },
                "down": {
                  "uv": [
                    37,
                    14
                  ],
                  "uv_size": [
                    3,
                    -1
                  ]
                }
              },
              "inflate": 0
            },
            {
              "origin": [
                0.5,
                1.0,
                -1.0
              ],
              "size": [
                3.0,
                5.0,
                1.0
              ],
              "uv": {
                "north": {
                  "uv": [
                    59.5,
                    40.5
                  ],
                  "uv_size": [
                    -7,
                    12
                  ]
                },
                "east": {
                  "uv": [
                    14,
                    32
                  ],
                  "uv_size": [
                    1,
                    5
                  ]
                },
                "south": {
                  "uv": [
                    5,
                    32
                  ],
                  "uv_size": [
                    3,
                    5
                  ]
                },
                "west": {
                  "uv": [
                    15,
                    32
                  ],
                  "uv_size": [
                    1,
                    5
                  ]
                },
                "up": {
                  "uv": [
                    37,
                    12
                  ],
                  "uv_size": [
                    3,
                    1
                  ]
                },
                "down": {
                  "uv": [
                    37,
                    14
                  ],
                  "uv_size": [
                    3,
                    -1
                  ]
                }
              },
              "inflate": 0
            },
            {
              "origin": [
                0.5,
                1.0,
                2.0
              ],
              "size": [
                3.0,
                5.0,
                1.0
              ],
              "uv": {
                "north": {
                  "uv": [
                    59.5,
                    40.5
                  ],
                  "uv_size": [
                    -7,
                    12
                  ]
                },
                "east": {
                  "uv": [
                    14,
                    32
                  ],
                  "uv_size": [
                    1,
                    5
                  ]
                },
                "south": {
                  "uv": [
                    5,
                    32
                  ],
                  "uv_size": [
                    3,
                    5
                  ]
                },
                "west": {
                  "uv": [
                    15,
                    32
                  ],
                  "uv_size": [
                    1,
                    5
                  ]
                },
                "up": {
                  "uv": [
                    37,
                    12
                  ],
                  "uv_size": [
                    3,
                    1
                  ]
                },
                "down": {
                  "uv": [
                    37,
                    14
                  ],
                  "uv_size": [
                    3,
                    -1
                  ]
                }
              },
              "inflate": 0
            },
            {
              "origin": [
                0.5,
                1.0,
                5.0
              ],
              "size": [
                3.0,
                5.0,
                1.0
              ],
              "uv": {
                "north": {
                  "uv": [
                    59.5,
                    40.5
                  ],
                  "uv_size": [
                    -7,
                    12
                  ]
                },
                "east": {
                  "uv": [
                    14,
                    32
                  ],
                  "uv_size": [
                    1,
                    5
                  ]
                },
                "south": {
                  "uv": [
                    5,
                    32
                  ],
                  "uv_size": [
                    3,
                    5
                  ]
                },
                "west": {
                  "uv": [
                    15,
                    32
                  ],
                  "uv_size": [
                    1,
                    5
                  ]
                },
                "up": {
                  "uv": [
                    37,
                    12
                  ],
                  "uv_size": [
                    3,
                    1
                  ]
                },
                "down": {
                  "uv": [
                    37,
                    14
                  ],
                  "uv_size": [
                    3,
                    -1
                  ]
                }
              },
              "inflate": 0
            },
            {
              "origin": [
                0.5,
                9.0,
                2.0
              ],
              "size": [
                3.0,
                5.0,
                1.0
              ],
              "uv": {
                "north": {
                  "uv": [
                    59.5,
                    40.5
                  ],
                  "uv_size": [
                    -7,
                    12
                  ]
                },
                "east": {
                  "uv": [
                    14,
                    32
                  ],
                  "uv_size": [
                    1,
                    5
                  ]
                },
                "south": {
                  "uv": [
                    5,
                    32
                  ],
                  "uv_size": [
                    3,
                    5
                  ]
                },
                "west": {
                  "uv": [
                    15,
                    32
                  ],
                  "uv_size": [
                    1,
                    5
                  ]
                },
                "up": {
                  "uv": [
                    37,
                    12
                  ],
                  "uv_size": [
                    3,
                    1
                  ]
                },
                "down": {
                  "uv": [
                    37,
                    14
                  ],
                  "uv_size": [
                    3,
                    -1
                  ]
                }
              },
              "inflate": 0
            },
            {
              "origin": [
                0.5,
                9.0,
                5.0
              ],
              "size": [
                3.0,
                5.0,
                1.0
              ],
              "uv": {
                "north": {
                  "uv": [
                    59.5,
                    40.5
                  ],
                  "uv_size": [
                    -7,
                    12
                  ]
                },
                "east": {
                  "uv": [
                    14,
                    32
                  ],
                  "uv_size": [
                    1,
                    5
                  ]
                },
                "south": {
                  "uv": [
                    5,
                    32
                  ],
                  "uv_size": [
                    3,
                    5
                  ]
                },
                "west": {
                  "uv": [
                    15,
                    32
                  ],
                  "uv_size": [
                    1,
                    5
                  ]
                },
                "up": {
                  "uv": [
                    37,
                    12
                  ],
                  "uv_size": [
                    3,
                    1
                  ]
                },
                "down": {
                  "uv": [
                    37,
                    14
                  ],
                  "uv_size": [
                    3,
                    -1
                  ]
                }
              },
              "inflate": 0
            },
            {
              "origin": [
                4.0,
                9.0,
                5.0
              ],
              "size": [
                3.0,
                5.0,
                1.0
              ],
              "uv": {
                "north": {
                  "uv": [
                    59.5,
                    40.5
                  ],
                  "uv_size": [
                    -7,
                    12
                  ]
                },
                "east": {
                  "uv": [
                    14,
                    32
                  ],
                  "uv_size": [
                    1,
                    5
                  ]
                },
                "south": {
                  "uv": [
                    5,
                    32
                  ],
                  "uv_size": [
                    3,
                    5
                  ]
                },
                "west": {
                  "uv": [
                    15,
                    32
                  ],
                  "uv_size": [
                    1,
                    5
                  ]
                },
                "up": {
                  "uv": [
                    37,
                    12
                  ],
                  "uv_size": [
                    3,
                    1
                  ]
                },
                "down": {
                  "uv": [
                    37,
                    14
                  ],
                  "uv_size": [
                    3,
                    -1
                  ]
                }
              },
              "inflate": 0
            },
            {
              "origin": [
                4.0,
                9.0,
                2.0
              ],
              "size": [
                3.0,
                5.0,
                1.0
              ],
              "uv": {
                "north": {
                  "uv": [
                    59.5,
                    40.5
                  ],
                  "uv_size": [
                    -7,
                    12
                  ]
                },
                "east": {
                  "uv": [
                    14,
                    32
                  ],
                  "uv_size": [
                    1,
                    5
                  ]
                },
                "south": {
                  "uv": [
                    5,
                    32
                  ],
                  "uv_size": [
                    3,
                    5
                  ]
                },
                "west": {
                  "uv": [
                    15,
                    32
                  ],
                  "uv_size": [
                    1,
                    5
                  ]
                },
                "up": {
                  "uv": [
                    37,
                    12
                  ],
                  "uv_size": [
                    3,
                    1
                  ]
                },
                "down": {
                  "uv": [
                    37,
                    14
                  ],
                  "uv_size": [
                    3,
                    -1
                  ]
                }
              },
              "inflate": 0
            },
            {
              "origin": [
                4.0,
                9.0,
                -1.0
              ],
              "size": [
                3.0,
                5.0,
                1.0
              ],
              "uv": {
                "north": {
                  "uv": [
                    59.5,
                    40.5
                  ],
                  "uv_size": [
                    -7,
                    12
                  ]
                },
                "east": {
                  "uv": [
                    14,
                    32
                  ],
                  "uv_size": [
                    1,
                    5
                  ]
                },
                "south": {
                  "uv": [
                    5,
                    32
                  ],
                  "uv_size": [
                    3,
                    5
                  ]
                },
                "west": {
                  "uv": [
                    15,
                    32
                  ],
                  "uv_size": [
                    1,
                    5
                  ]
                },
                "up": {
                  "uv": [
                    37,
                    12
                  ],
                  "uv_size": [
                    3,
                    1
                  ]
                },
                "down": {
                  "uv": [
                    37,
                    14
                  ],
                  "uv_size": [
                    3,
                    -1
                  ]
                }
              },
              "inflate": 0
            },
            {
              "origin": [
                4.0,
                1.0,
                -1.0
              ],
              "size": [
                3.0,
                5.0,
                1.0
              ],
              "uv": {
                "north": {
                  "uv": [
                    59.5,
                    40.5
                  ],
                  "uv_size": [
                    -7,
                    12
                  ]
                },
                "east": {
                  "uv": [
                    14,
                    32
                  ],
                  "uv_size": [
                    1,
                    5
                  ]
                },
                "south": {
                  "uv": [
                    5,
                    32
                  ],
                  "uv_size": [
                    3,
                    5
                  ]
                },
                "west": {
                  "uv": [
                    15,
                    32
                  ],
                  "uv_size": [
                    1,
                    5
                  ]
                },
                "up": {
                  "uv": [
                    37,
                    12
                  ],
                  "uv_size": [
                    3,
                    1
                  ]
                },
                "down": {
                  "uv": [
                    37,
                    14
                  ],
                  "uv_size": [
                    3,
                    -1
                  ]
                }
              },
              "inflate": 0
            },
            {
              "origin": [
                4.0,
                1.0,
                2.0
              ],
              "size": [
                3.0,
                5.0,
                1.0
              ],
              "uv": {
                "north": {
                  "uv": [
                    59.5,
                    40.5
                  ],
                  "uv_size": [
                    -7,
                    12
                  ]
                },
                "east": {
                  "uv": [
                    14,
                    32
                  ],
                  "uv_size": [
                    1,
                    5
                  ]
                },
                "south": {
                  "uv": [
                    5,
                    32
                  ],
                  "uv_size": [
                    3,
                    5
                  ]
                },
                "west": {
                  "uv": [
                    15,
                    32
                  ],
                  "uv_size": [
                    1,
                    5
                  ]
                },
                "up": {
                  "uv": [
                    37,
                    12
                  ],
                  "uv_size": [
                    3,
                    1
                  ]
                },
                "down": {
                  "uv": [
                    37,
                    14
                  ],
                  "uv_size": [
                    3,
                    -1
                  ]
                }
              },
              "inflate": 0
            },
            {
              "origin": [
                4.0,
                1.0,
                5.0
              ],
              "size": [
                3.0,
                5.0,
                1.0
              ],
              "uv": {
                "north": {
                  "uv": [
                    59.5,
                    40.5
                  ],
                  "uv_size": [
                    -7,
                    12
                  ]
                },
                "east": {
                  "uv": [
                    14,
                    32
                  ],
                  "uv_size": [
                    1,
                    5
                  ]
                },
                "south": {
                  "uv": [
                    5,
                    32
                  ],
                  "uv_size": [
                    3,
                    5
                  ]
                },
                "west": {
                  "uv": [
                    15,
                    32
                  ],
                  "uv_size": [
                    1,
                    5
                  ]
                },
                "up": {
                  "uv": [
                    37,
                    12
                  ],
                  "uv_size": [
                    3,
                    1
                  ]
                },
                "down": {
                  "uv": [
                    37,
                    14
                  ],
                  "uv_size": [
                    3,
                    -1
                  ]
                }
              },
              "inflate": 0
            },
            {
              "origin": [
                4.0,
                9.0,
                0.5
              ],
              "size": [
                3.0,
                5.0,
                1.0
              ],
              "uv": {
                "north": {
                  "uv": [
                    59.5,
                    40.5
                  ],
                  "uv_size": [
                    -7,
                    12
                  ]
                },
                "east": {
                  "uv": [
                    14,
                    32
                  ],
                  "uv_size": [
                    1,
                    5
                  ]
                },
                "south": {
                  "uv": [
                    5,
                    32
                  ],
                  "uv_size": [
                    3,
                    5
                  ]
                },
                "west": {
                  "uv": [
                    15,
                    32
                  ],
                  "uv_size": [
                    1,
                    5
                  ]
                },
                "up": {
                  "uv": [
                    37,
                    12
                  ],
                  "uv_size": [
                    3,
                    1
                  ]
                },
                "down": {
                  "uv": [
                    37,
                    14
                  ],
                  "uv_size": [
                    3,
                    -1
                  ]
                }
              },
              "inflate": 0
            },
            {
              "origin": [
                4.0,
                1.0,
                0.5
              ],
              "size": [
                3.0,
                5.0,
                1.0
              ],
              "uv": {
                "north": {
                  "uv": [
                    59.5,
                    40.5
                  ],
                  "uv_size": [
                    -7,
                    12
                  ]
                },
                "east": {
                  "uv": [
                    14,
                    32
                  ],
                  "uv_size": [
                    1,
                    5
                  ]
                },
                "south": {
                  "uv": [
                    5,
                    32
                  ],
                  "uv_size": [
                    3,
                    5
                  ]
                },
                "west": {
                  "uv": [
                    15,
                    32
                  ],
                  "uv_size": [
                    1,
                    5
                  ]
                },
                "up": {
                  "uv": [
                    37,
                    12
                  ],
                  "uv_size": [
                    3,
                    1
                  ]
                },
                "down": {
                  "uv": [
                    37,
                    14
                  ],
                  "uv_size": [
                    3,
                    -1
                  ]
                }
              },
              "inflate": 0
            },
            {
              "origin": [
                4.0,
                1.0,
                3.5
              ],
              "size": [
                3.0,
                5.0,
                1.0
              ],
              "uv": {
                "north": {
                  "uv": [
                    59.5,
                    40.5
                  ],
                  "uv_size": [
                    -7,
                    12
                  ]
                },
                "east": {
                  "uv": [
                    14,
                    32
                  ],
                  "uv_size": [
                    1,
                    5
                  ]
                },
                "south": {
                  "uv": [
                    5,
                    32
                  ],
                  "uv_size": [
                    3,
                    5
                  ]
                },
                "west": {
                  "uv": [
                    15,
                    32
                  ],
                  "uv_size": [
                    1,
                    5
                  ]
                },
                "up": {
                  "uv": [
                    37,
                    12
                  ],
                  "uv_size": [
                    3,
                    1
                  ]
                },
                "down": {
                  "uv": [
                    37,
                    14
                  ],
                  "uv_size": [
                    3,
                    -1
                  ]
                }
              },
              "inflate": 0
            },
            {
              "origin": [
                4.0,
                9.0,
                3.5
              ],
              "size": [
                3.0,
                5.0,
                1.0
              ],
              "uv": {
                "north": {
                  "uv": [
                    59.5,
                    40.5
                  ],
                  "uv_size": [
                    -7,
                    12
                  ]
                },
                "east": {
                  "uv": [
                    14,
                    32
                  ],
                  "uv_size": [
                    1,
                    5
                  ]
                },
                "south": {
                  "uv": [
                    5,
                    32
                  ],
                  "uv_size": [
                    3,
                    5
                  ]
                },
                "west": {
                  "uv": [
                    15,
                    32
                  ],
                  "uv_size": [
                    1,
                    5
                  ]
                },
                "up": {
                  "uv": [
                    37,
                    12
                  ],
                  "uv_size": [
                    3,
                    1
                  ]
                },
                "down": {
                  "uv": [
                    37,
                    14
                  ],
                  "uv_size": [
                    3,
                    -1
                  ]
                }
              },
              "inflate": 0
            },
            {
              "origin": [
                0.5,
                9.0,
                0.5
              ],
              "size": [
                3.0,
                5.0,
                1.0
              ],
              "uv": {
                "north": {
                  "uv": [
                    59.5,
                    40.5
                  ],
                  "uv_size": [
                    -7,
                    12
                  ]
                },
                "east": {
                  "uv": [
                    14,
                    32
                  ],
                  "uv_size": [
                    1,
                    5
                  ]
                },
                "south": {
                  "uv": [
                    5,
                    32
                  ],
                  "uv_size": [
                    3,
                    5
                  ]
                },
                "west": {
                  "uv": [
                    15,
                    32
                  ],
                  "uv_size": [
                    1,
                    5
                  ]
                },
                "up": {
                  "uv": [
                    37,
                    12
                  ],
                  "uv_size": [
                    3,
                    1
                  ]
                },
                "down": {
                  "uv": [
                    37,
                    14
                  ],
                  "uv_size": [
                    3,
                    -1
                  ]
                }
              },
              "inflate": 0
            },
            {
              "origin": [
                0.5,
                1.0,
                0.5
              ],
              "size": [
                3.0,
                5.0,
                1.0
              ],
              "uv": {
                "north": {
                  "uv": [
                    59.5,
                    40.5
                  ],
                  "uv_size": [
                    -7,
                    12
                  ]
                },
                "east": {
                  "uv": [
                    14,
                    32
                  ],
                  "uv_size": [
                    1,
                    5
                  ]
                },
                "south": {
                  "uv": [
                    5,
                    32
                  ],
                  "uv_size": [
                    3,
                    5
                  ]
                },
                "west": {
                  "uv": [
                    15,
                    32
                  ],
                  "uv_size": [
                    1,
                    5
                  ]
                },
                "up": {
                  "uv": [
                    37,
                    12
                  ],
                  "uv_size": [
                    3,
                    1
                  ]
                },
                "down": {
                  "uv": [
                    37,
                    14
                  ],
                  "uv_size": [
                    3,
                    -1
                  ]
                }
              },
              "inflate": 0
            },
            {
              "origin": [
                0.5,
                1.0,
                3.5
              ],
              "size": [
                3.0,
                5.0,
                1.0
              ],
              "uv": {
                "north": {
                  "uv": [
                    59.5,
                    40.5
                  ],
                  "uv_size": [
                    -7,
                    12
                  ]
                },
                "east": {
                  "uv": [
                    14,
                    32
                  ],
                  "uv_size": [
                    1,
                    5
                  ]
                },
                "south": {
                  "uv": [
                    5,
                    32
                  ],
                  "uv_size": [
                    3,
                    5
                  ]
                },
                "west": {
                  "uv": [
                    15,
                    32
                  ],
                  "uv_size": [
                    1,
                    5
                  ]
                },
                "up": {
                  "uv": [
                    37,
                    12
                  ],
                  "uv_size": [
                    3,
                    1
                  ]
                },
                "down": {
                  "uv": [
                    37,
                    14
                  ],
                  "uv_size": [
                    3,
                    -1
                  ]
                }
              },
              "inflate": 0
            },
            {
              "origin": [
                0.5,
                9.0,
                3.5
              ],
              "size": [
                3.0,
                5.0,
                1.0
              ],
              "uv": {
                "north": {
                  "uv": [
                    59.5,
                    40.5
                  ],
                  "uv_size": [
                    -7,
                    12
                  ]
                },
                "east": {
                  "uv": [
                    14,
                    32
                  ],
                  "uv_size": [
                    1,
                    5
                  ]
                },
                "south": {
                  "uv": [
                    5,
                    32
                  ],
                  "uv_size": [
                    3,
                    5
                  ]
                },
                "west": {
                  "uv": [
                    15,
                    32
                  ],
                  "uv_size": [
                    1,
                    5
                  ]
                },
                "up": {
                  "uv": [
                    37,
                    12
                  ],
                  "uv_size": [
                    3,
                    1
                  ]
                },
                "down": {
                  "uv": [
                    37,
                    14
                  ],
                  "uv_size": [
                    3,
                    -1
                  ]
                }
              },
              "inflate": 0
            },
            {
              "origin": [
                -7.0,
                9.0,
                -1.0
              ],
              "size": [
                3.0,
                5.0,
                1.0
              ],
              "uv": {
                "north": {
                  "uv": [
                    44,
                    40.5
                  ],
                  "uv_size": [
                    -7,
                    11.5
                  ]
                },
                "east": {
                  "uv": [
                    14,
                    32
                  ],
                  "uv_size": [
                    1,
                    5
                  ]
                },
                "south": {
                  "uv": [
                    5,
                    32
                  ],
                  "uv_size": [
                    3,
                    5
                  ]
                },
                "west": {
                  "uv": [
                    15,
                    32
                  ],
                  "uv_size": [
                    1,
                    5
                  ]
                },
                "up": {
                  "uv": [
                    37,
                    12
                  ],
                  "uv_size": [
                    3,
                    1
                  ]
                },
                "down": {
                  "uv": [
                    37,
                    14
                  ],
                  "uv_size": [
                    3,
                    -1
                  ]
                }
              },
              "inflate": 0
            },
            {
              "origin": [
                -7.0,
                1.0,
                -1.0
              ],
              "size": [
                3.0,
                5.0,
                1.0
              ],
              "uv": {
                "north": {
                  "uv": [
                    44,
                    40.5
                  ],
                  "uv_size": [
                    -7,
                    11.5
                  ]
                },
                "east": {
                  "uv": [
                    14,
                    32
                  ],
                  "uv_size": [
                    1,
                    5
                  ]
                },
                "south": {
                  "uv": [
                    5,
                    32
                  ],
                  "uv_size": [
                    3,
                    5
                  ]
                },
                "west": {
                  "uv": [
                    15,
                    32
                  ],
                  "uv_size": [
                    1,
                    5
                  ]
                },
                "up": {
                  "uv": [
                    37,
                    12
                  ],
                  "uv_size": [
                    3,
                    1
                  ]
                },
                "down": {
                  "uv": [
                    37,
                    14
                  ],
                  "uv_size": [
                    3,
                    -1
                  ]
                }
              },
              "inflate": 0
            },
            {
              "origin": [
                -7.0,
                1.0,
                2.0
              ],
              "size": [
                3.0,
                5.0,
                1.0
              ],
              "uv": {
                "north": {
                  "uv": [
                    44,
                    40.5
                  ],
                  "uv_size": [
                    -7,
                    11.5
                  ]
                },
                "east": {
                  "uv": [
                    14,
                    32
                  ],
                  "uv_size": [
                    1,
                    5
                  ]
                },
                "south": {
                  "uv": [
                    5,
                    32
                  ],
                  "uv_size": [
                    3,
                    5
                  ]
                },
                "west": {
                  "uv": [
                    15,
                    32
                  ],
                  "uv_size": [
                    1,
                    5
                  ]
                },
                "up": {
                  "uv": [
                    37,
                    12
                  ],
                  "uv_size": [
                    3,
                    1
                  ]
                },
                "down": {
                  "uv": [
                    37,
                    14
                  ],
                  "uv_size": [
                    3,
                    -1
                  ]
                }
              },
              "inflate": 0
            },
            {
              "origin": [
                -7.0,
                1.0,
                5.0
              ],
              "size": [
                3.0,
                5.0,
                1.0
              ],
              "uv": {
                "north": {
                  "uv": [
                    44,
                    40.5
                  ],
                  "uv_size": [
                    -7,
                    11.5
                  ]
                },
                "east": {
                  "uv": [
                    14,
                    32
                  ],
                  "uv_size": [
                    1,
                    5
                  ]
                },
                "south": {
                  "uv": [
                    5,
                    32
                  ],
                  "uv_size": [
                    3,
                    5
                  ]
                },
                "west": {
                  "uv": [
                    15,
                    32
                  ],
                  "uv_size": [
                    1,
                    5
                  ]
                },
                "up": {
                  "uv": [
                    37,
                    12
                  ],
                  "uv_size": [
                    3,
                    1
                  ]
                },
                "down": {
                  "uv": [
                    37,
                    14
                  ],
                  "uv_size": [
                    3,
                    -1
                  ]
                }
              },
              "inflate": 0
            },
            {
              "origin": [
                -3.5,
                9.0,
                -1.0
              ],
              "size": [
                3.0,
                5.0,
                1.0
              ],
              "uv": {
                "north": {
                  "uv": [
                    44,
                    40.5
                  ],
                  "uv_size": [
                    -7,
                    11.5
                  ]
                },
                "east": {
                  "uv": [
                    14,
                    32
                  ],
                  "uv_size": [
                    1,
                    5
                  ]
                },
                "south": {
                  "uv": [
                    5,
                    32
                  ],
                  "uv_size": [
                    3,
                    5
                  ]
                },
                "west": {
                  "uv": [
                    15,
                    32
                  ],
                  "uv_size": [
                    1,
                    5
                  ]
                },
                "up": {
                  "uv": [
                    37,
                    12
                  ],
                  "uv_size": [
                    3,
                    1
                  ]
                },
                "down": {
                  "uv": [
                    37,
                    14
                  ],
                  "uv_size": [
                    3,
                    -1
                  ]
                }
              },
              "inflate": 0
            },
            {
              "origin": [
                -3.5,
                1.0,
                -1.0
              ],
              "size": [
                3.0,
                5.0,
                1.0
              ],
              "uv": {
                "north": {
                  "uv": [
                    44,
                    40.5
                  ],
                  "uv_size": [
                    -7,
                    11.5
                  ]
                },
                "east": {
                  "uv": [
                    14,
                    32
                  ],
                  "uv_size": [
                    1,
                    5
                  ]
                },
                "south": {
                  "uv": [
                    5,
                    32
                  ],
                  "uv_size": [
                    3,
                    5
                  ]
                },
                "west": {
                  "uv": [
                    15,
                    32
                  ],
                  "uv_size": [
                    1,
                    5
                  ]
                },
                "up": {
                  "uv": [
                    37,
                    12
                  ],
                  "uv_size": [
                    3,
                    1
                  ]
                },
                "down": {
                  "uv": [
                    37,
                    14
                  ],
                  "uv_size": [
                    3,
                    -1
                  ]
                }
              },
              "inflate": 0
            },
            {
              "origin": [
                -3.5,
                1.0,
                2.0
              ],
              "size": [
                3.0,
                5.0,
                1.0
              ],
              "uv": {
                "north": {
                  "uv": [
                    44,
                    40.5
                  ],
                  "uv_size": [
                    -7,
                    11.5
                  ]
                },
                "east": {
                  "uv": [
                    14,
                    32
                  ],
                  "uv_size": [
                    1,
                    5
                  ]
                },
                "south": {
                  "uv": [
                    5,
                    32
                  ],
                  "uv_size": [
                    3,
                    5
                  ]
                },
                "west": {
                  "uv": [
                    15,
                    32
                  ],
                  "uv_size": [
                    1,
                    5
                  ]
                },
                "up": {
                  "uv": [
                    37,
                    12
                  ],
                  "uv_size": [
                    3,
                    1
                  ]
                },
                "down": {
                  "uv": [
                    37,
                    14
                  ],
                  "uv_size": [
                    3,
                    -1
                  ]
                }
              },
              "inflate": 0
            },
            {
              "origin": [
                -3.5,
                1.0,
                5.0
              ],
              "size": [
                3.0,
                5.0,
                1.0
              ],
              "uv": {
                "north": {
                  "uv": [
                    44,
                    40.5
                  ],
                  "uv_size": [
                    -7,
                    11.5
                  ]
                },
                "east": {
                  "uv": [
                    14,
                    32
                  ],
                  "uv_size": [
                    1,
                    5
                  ]
                },
                "south": {
                  "uv": [
                    5,
                    32
                  ],
                  "uv_size": [
                    3,
                    5
                  ]
                },
                "west": {
                  "uv": [
                    15,
                    32
                  ],
                  "uv_size": [
                    1,
                    5
                  ]
                },
                "up": {
                  "uv": [
                    37,
                    12
                  ],
                  "uv_size": [
                    3,
                    1
                  ]
                },
                "down": {
                  "uv": [
                    37,
                    14
                  ],
                  "uv_size": [
                    3,
                    -1
                  ]
                }
              },
              "inflate": 0
            },
            {
              "origin": [
                -3.5,
                9.0,
                2.0
              ],
              "size": [
                3.0,
                5.0,
                1.0
              ],
              "uv": {
                "north": {
                  "uv": [
                    44,
                    40.5
                  ],
                  "uv_size": [
                    -7,
                    11.5
                  ]
                },
                "east": {
                  "uv": [
                    14,
                    32
                  ],
                  "uv_size": [
                    1,
                    5
                  ]
                },
                "south": {
                  "uv": [
                    5,
                    32
                  ],
                  "uv_size": [
                    3,
                    5
                  ]
                },
                "west": {
                  "uv": [
                    15,
                    32
                  ],
                  "uv_size": [
                    1,
                    5
                  ]
                },
                "up": {
                  "uv": [
                    37,
                    12
                  ],
                  "uv_size": [
                    3,
                    1
                  ]
                },
                "down": {
                  "uv": [
                    37,
                    14
                  ],
                  "uv_size": [
                    3,
                    -1
                  ]
                }
              },
              "inflate": 0
            },
            {
              "origin": [
                -3.5,
                9.0,
                5.0
              ],
              "size": [
                3.0,
                5.0,
                1.0
              ],
              "uv": {
                "north": {
                  "uv": [
                    44,
                    40.5
                  ],
                  "uv_size": [
                    -7,
                    11.5
                  ]
                },
                "east": {
                  "uv": [
                    14,
                    32
                  ],
                  "uv_size": [
                    1,
                    5
                  ]
                },
                "south": {
                  "uv": [
                    5,
                    32
                  ],
                  "uv_size": [
                    3,
                    5
                  ]
                },
                "west": {
                  "uv": [
                    15,
                    32
                  ],
                  "uv_size": [
                    1,
                    5
                  ]
                },
                "up": {
                  "uv": [
                    37,
                    12
                  ],
                  "uv_size": [
                    3,
                    1
                  ]
                },
                "down": {
                  "uv": [
                    37,
                    14
                  ],
                  "uv_size": [
                    3,
                    -1
                  ]
                }
              },
              "inflate": 0
            },
            {
              "origin": [
                -7.0,
                9.0,
                5.0
              ],
              "size": [
                3.0,
                5.0,
                1.0
              ],
              "uv": {
                "north": {
                  "uv": [
                    44,
                    40.5
                  ],
                  "uv_size": [
                    -7,
                    11.5
                  ]
                },
                "east": {
                  "uv": [
                    14,
                    32
                  ],
                  "uv_size": [
                    1,
                    5
                  ]
                },
                "south": {
                  "uv": [
                    5,
                    32
                  ],
                  "uv_size": [
                    3,
                    5
                  ]
                },
                "west": {
                  "uv": [
                    15,
                    32
                  ],
                  "uv_size": [
                    1,
                    5
                  ]
                },
                "up": {
                  "uv": [
                    37,
                    12
                  ],
                  "uv_size": [
                    3,
                    1
                  ]
                },
                "down": {
                  "uv": [
                    37,
                    14
                  ],
                  "uv_size": [
                    3,
                    -1
                  ]
                }
              },
              "inflate": 0
            },
            {
              "origin": [
                -7.0,
                9.0,
                2.0
              ],
              "size": [
                3.0,
                5.0,
                1.0
              ],
              "uv": {
                "north": {
                  "uv": [
                    44,
                    40.5
                  ],
                  "uv_size": [
                    -7,
                    11.5
                  ]
                },
                "east": {
                  "uv": [
                    14,
                    32
                  ],
                  "uv_size": [
                    1,
                    5
                  ]
                },
                "south": {
                  "uv": [
                    5,
                    32
                  ],
                  "uv_size": [
                    3,
                    5
                  ]
                },
                "west": {
                  "uv": [
                    15,
                    32
                  ],
                  "uv_size": [
                    1,
                    5
                  ]
                },
                "up": {
                  "uv": [
                    37,
                    12
                  ],
                  "uv_size": [
                    3,
                    1
                  ]
                },
                "down": {
                  "uv": [
                    37,
                    14
                  ],
                  "uv_size": [
                    3,
                    -1
                  ]
                }
              },
              "inflate": 0
            },
            {
              "origin": [
                -7.0,
                9.0,
                0.5
              ],
              "size": [
                3.0,
                5.0,
                1.0
              ],
              "uv": {
                "north": {
                  "uv": [
                    44,
                    40.5
                  ],
                  "uv_size": [
                    -7,
                    11.5
                  ]
                },
                "east": {
                  "uv": [
                    14,
                    32
                  ],
                  "uv_size": [
                    1,
                    5
                  ]
                },
                "south": {
                  "uv": [
                    5,
                    32
                  ],
                  "uv_size": [
                    3,
                    5
                  ]
                },
                "west": {
                  "uv": [
                    15,
                    32
                  ],
                  "uv_size": [
                    1,
                    5
                  ]
                },
                "up": {
                  "uv": [
                    37,
                    12
                  ],
                  "uv_size": [
                    3,
                    1
                  ]
                },
                "down": {
                  "uv": [
                    37,
                    14
                  ],
                  "uv_size": [
                    3,
                    -1
                  ]
                }
              },
              "inflate": 0
            },
            {
              "origin": [
                -7.0,
                1.0,
                0.5
              ],
              "size": [
                3.0,
                5.0,
                1.0
              ],
              "uv": {
                "north": {
                  "uv": [
                    44,
                    40.5
                  ],
                  "uv_size": [
                    -7,
                    11.5
                  ]
                },
                "east": {
                  "uv": [
                    14,
                    32
                  ],
                  "uv_size": [
                    1,
                    5
                  ]
                },
                "south": {
                  "uv": [
                    5,
                    32
                  ],
                  "uv_size": [
                    3,
                    5
                  ]
                },
                "west": {
                  "uv": [
                    15,
                    32
                  ],
                  "uv_size": [
                    1,
                    5
                  ]
                },
                "up": {
                  "uv": [
                    37,
                    12
                  ],
                  "uv_size": [
                    3,
                    1
                  ]
                },
                "down": {
                  "uv": [
                    37,
                    14
                  ],
                  "uv_size": [
                    3,
                    -1
                  ]
                }
              },
              "inflate": 0
            },
            {
              "origin": [
                -7.0,
                1.0,
                3.5
              ],
              "size": [
                3.0,
                5.0,
                1.0
              ],
              "uv": {
                "north": {
                  "uv": [
                    44,
                    40.5
                  ],
                  "uv_size": [
                    -7,
                    11.5
                  ]
                },
                "east": {
                  "uv": [
                    14,
                    32
                  ],
                  "uv_size": [
                    1,
                    5
                  ]
                },
                "south": {
                  "uv": [
                    5,
                    32
                  ],
                  "uv_size": [
                    3,
                    5
                  ]
                },
                "west": {
                  "uv": [
                    15,
                    32
                  ],
                  "uv_size": [
                    1,
                    5
                  ]
                },
                "up": {
                  "uv": [
                    37,
                    12
                  ],
                  "uv_size": [
                    3,
                    1
                  ]
                },
                "down": {
                  "uv": [
                    37,
                    14
                  ],
                  "uv_size": [
                    3,
                    -1
                  ]
                }
              },
              "inflate": 0
            },
            {
              "origin": [
                -3.5,
                9.0,
                0.5
              ],
              "size": [
                3.0,
                5.0,
                1.0
              ],
              "uv": {
                "north": {
                  "uv": [
                    44,
                    40.5
                  ],
                  "uv_size": [
                    -7,
                    11.5
                  ]
                },
                "east": {
                  "uv": [
                    14,
                    32
                  ],
                  "uv_size": [
                    1,
                    5
                  ]
                },
                "south": {
                  "uv": [
                    5,
                    32
                  ],
                  "uv_size": [
                    3,
                    5
                  ]
                },
                "west": {
                  "uv": [
                    15,
                    32
                  ],
                  "uv_size": [
                    1,
                    5
                  ]
                },
                "up": {
                  "uv": [
                    37,
                    12
                  ],
                  "uv_size": [
                    3,
                    1
                  ]
                },
                "down": {
                  "uv": [
                    37,
                    14
                  ],
                  "uv_size": [
                    3,
                    -1
                  ]
                }
              },
              "inflate": 0
            },
            {
              "origin": [
                -3.5,
                1.0,
                0.5
              ],
              "size": [
                3.0,
                5.0,
                1.0
              ],
              "uv": {
                "north": {
                  "uv": [
                    44,
                    40.5
                  ],
                  "uv_size": [
                    -7,
                    11.5
                  ]
                },
                "east": {
                  "uv": [
                    14,
                    32
                  ],
                  "uv_size": [
                    1,
                    5
                  ]
                },
                "south": {
                  "uv": [
                    5,
                    32
                  ],
                  "uv_size": [
                    3,
                    5
                  ]
                },
                "west": {
                  "uv": [
                    15,
                    32
                  ],
                  "uv_size": [
                    1,
                    5
                  ]
                },
                "up": {
                  "uv": [
                    37,
                    12
                  ],
                  "uv_size": [
                    3,
                    1
                  ]
                },
                "down": {
                  "uv": [
                    37,
                    14
                  ],
                  "uv_size": [
                    3,
                    -1
                  ]
                }
              },
              "inflate": 0
            },
            {
              "origin": [
                -3.5,
                1.0,
                3.5
              ],
              "size": [
                3.0,
                5.0,
                1.0
              ],
              "uv": {
                "north": {
                  "uv": [
                    44,
                    40.5
                  ],
                  "uv_size": [
                    -7,
                    11.5
                  ]
                },
                "east": {
                  "uv": [
                    14,
                    32
                  ],
                  "uv_size": [
                    1,
                    5
                  ]
                },
                "south": {
                  "uv": [
                    5,
                    32
                  ],
                  "uv_size": [
                    3,
                    5
                  ]
                },
                "west": {
                  "uv": [
                    15,
                    32
                  ],
                  "uv_size": [
                    1,
                    5
                  ]
                },
                "up": {
                  "uv": [
                    37,
                    12
                  ],
                  "uv_size": [
                    3,
                    1
                  ]
                },
                "down": {
                  "uv": [
                    37,
                    14
                  ],
                  "uv_size": [
                    3,
                    -1
                  ]
                }
              },
              "inflate": 0
            },
            {
              "origin": [
                -3.5,
                9.0,
                3.5
              ],
              "size": [
                3.0,
                5.0,
                1.0
              ],
              "uv": {
                "north": {
                  "uv": [
                    44,
                    40.5
                  ],
                  "uv_size": [
                    -7,
                    11.5
                  ]
                },
                "east": {
                  "uv": [
                    14,
                    32
                  ],
                  "uv_size": [
                    1,
                    5
                  ]
                },
                "south": {
                  "uv": [
                    5,
                    32
                  ],
                  "uv_size": [
                    3,
                    5
                  ]
                },
                "west": {
                  "uv": [
                    15,
                    32
                  ],
                  "uv_size": [
                    1,
                    5
                  ]
                },
                "up": {
                  "uv": [
                    37,
                    12
                  ],
                  "uv_size": [
                    3,
                    1
                  ]
                },
                "down": {
                  "uv": [
                    37,
                    14
                  ],
                  "uv_size": [
                    3,
                    -1
                  ]
                }
              },
              "inflate": 0
            },
            {
              "origin": [
                -7.0,
                9.0,
                3.5
              ],
              "size": [
                3.0,
                5.0,
                1.0
              ],
              "uv": {
                "north": {
                  "uv": [
                    44,
                    40.5
                  ],
                  "uv_size": [
                    -7,
                    11.5
                  ]
                },
                "east": {
                  "uv": [
                    14,
                    32
                  ],
                  "uv_size": [
                    1,
                    5
                  ]
                },
                "south": {
                  "uv": [
                    5,
                    32
                  ],
                  "uv_size": [
                    3,
                    5
                  ]
                },
                "west": {
                  "uv": [
                    15,
                    32
                  ],
                  "uv_size": [
                    1,
                    5
                  ]
                },
                "up": {
                  "uv": [
                    37,
                    12
                  ],
                  "uv_size": [
                    3,
                    1
                  ]
                },
                "down": {
                  "uv": [
                    37,
                    14
                  ],
                  "uv_size": [
                    3,
                    -1
                  ]
                }
              },
              "inflate": 0
            }
          ],
          "parent": "ItemShelf"
        }
      ]
    }
  ]
}