{
  "format_version": "1.12.0",
  "minecraft:geometry": [
    {
      "description": {
        "identifier": "geometry.pa_rak_pocky",
        "texture_width": 16,
        "texture_height": 16,
        "visible_bounds_width": 2,
        "visible_bounds_height": 2.5,
        "visible_bounds_offset": [
          0,
          0.75,
          0
        ]
      },
      "bones": [
        {
          "name": "bone",
          "pivot": [
            0,
            0,
            0
          ],
          "cubes": [
            {
              "origin": [
                -8,
                0,
                -4
              ],
              "size": [
                16,
                1,
                12
              ],
              "uv": {
                "north": {
                  "uv": [
                    0,
                    0
                  ],
                  "uv_size": [
                    2,
                    2
                  ]
                },
                "east": {
                  "uv": [
                    0,
                    0
                  ],
                  "uv_size": [
                    0.96471,
                    0.30588
                  ]
                },
                "south": {
                  "uv": [
                    0,
                    0
                  ],
                  "uv_size": [
                    0.87059,
                    0
                  ]
                },
                "west": {
                  "uv": [
                    0,
                    0
                  ],
                  "uv_size": [
                    0.68235,
                    0.87059
                  ]
                },
                "up": {
                  "uv": [
                    1.05882,
                    2
                  ],
                  "uv_size": [
                    -1.05882,
                    -2
                  ]
                },
                "down": {
                  "uv": [
                    0.68235,
                    0.77647
                  ],
                  "uv_size": [
                    -0.68235,
                    -0.77647
                  ]
                }
              }
            },
            {
              "origin": [
                -8,
                8,
                -4
              ],
              "size": [
                16,
                1,
                12
              ],
              "uv": {
                "north": {
                  "uv": [
                    0,
                    0
                  ],
                  "uv_size": [
                    2,
                    2
                  ]
                },
                "east": {
                  "uv": [
                    0,
                    0
                  ],
                  "uv_size": [
                    0.96471,
                    0.30588
                  ]
                },
                "south": {
                  "uv": [
                    0,
                    0
                  ],
                  "uv_size": [
                    0.87059,
                    0
                  ]
                },
                "west": {
                  "uv": [
                    0,
                    0
                  ],
                  "uv_size": [
                    0.68235,
                    0.87059
                  ]
                },
                "up": {
                  "uv": [
                    1.05882,
                    2
                  ],
                  "uv_size": [
                    -1.05882,
                    -2
                  ]
                },
                "down": {
                  "uv": [
                    0.68235,
                    0.77647
                  ],
                  "uv_size": [
                    -0.68235,
                    -0.77647
                  ]
                }
              }
            },
            {
              "origin": [
                -8,
                1,
                7
              ],
              "size": [
                16,
                7,
                1
              ],
              "uv": {
                "north": {
                  "uv": [
                    0,
                    0
                  ],
                  "uv_size": [
                    2,
                    2
                  ]
                },
                "east": {
                  "uv": [
                    0,
                    0
                  ],
                  "uv_size": [
                    0.96471,
                    0.30588
                  ]
                },
                "south": {
                  "uv": [
                    0,
                    0
                  ],
                  "uv_size": [
                    0.87059,
                    0
                  ]
                },
                "west": {
                  "uv": [
                    0,
                    0
                  ],
                  "uv_size": [
                    0.68235,
                    0.87059
                  ]
                },
                "up": {
                  "uv": [
                    1.05882,
                    2
                  ],
                  "uv_size": [
                    -1.05882,
                    -2
                  ]
                },
                "down": {
                  "uv": [
                    0.68235,
                    0.77647
                  ],
                  "uv_size": [
                    -0.68235,
                    -0.77647
                  ]
                }
              }
            },
            {
              "origin": [
                -8,
                9,
                7
              ],
              "size": [
                16,
                7,
                1
              ],
              "uv": {
                "north": {
                  "uv": [
                    0,
                    0
                  ],
                  "uv_size": [
                    2,
                    2
                  ]
                },
                "east": {
                  "uv": [
                    0,
                    0
                  ],
                  "uv_size": [
                    0.96471,
                    0.30588
                  ]
                },
                "south": {
                  "uv": [
                    0,
                    0
                  ],
                  "uv_size": [
                    0.87059,
                    0
                  ]
                },
                "west": {
                  "uv": [
                    0,
                    0
                  ],
                  "uv_size": [
                    0.68235,
                    0.87059
                  ]
                },
                "up": {
                  "uv": [
                    1.05882,
                    2
                  ],
                  "uv_size": [
                    -1.05882,
                    -2
                  ]
                },
                "down": {
                  "uv": [
                    0.68235,
                    0.77647
                  ],
                  "uv_size": [
                    -0.68235,
                    -0.77647
                  ]
                }
              }
            }
          ]
        },
        {
          "name": "bone2",
          "pivot": [
            0,
            0,
            0
          ],
          "cubes": [
            {
              "origin": [
                -7,
                1,
                -3
              ],
              "size": [
                4,
                5,
                1
              ],
              "uv": {
                "north": {
                  "uv": [
                    11.36471,
                    3.67059
                  ],
                  "uv_size": [
                    4.63529,
                    10.37647
                  ]
                },
                "east": {
                  "uv": [
                    0,
                    0
                  ],
                  "uv_size": [
                    0.96471,
                    0.30588
                  ]
                },
                "south": {
                  "uv": [
                    0,
                    0
                  ],
                  "uv_size": [
                    0.87059,
                    0
                  ]
                },
                "west": {
                  "uv": [
                    0,
                    0
                  ],
                  "uv_size": [
                    0.68235,
                    0.87059
                  ]
                },
                "up": {
                  "uv": [
                    1.05882,
                    2
                  ],
                  "uv_size": [
                    -1.05882,
                    -2
                  ]
                },
                "down": {
                  "uv": [
                    0.68235,
                    0.77647
                  ],
                  "uv_size": [
                    -0.68235,
                    -0.77647
                  ]
                }
              }
            },
            {
              "origin": [
                -7,
                1,
                -1
              ],
              "size": [
                4,
                5,
                1
              ],
              "uv": {
                "north": {
                  "uv": [
                    11.36471,
                    3.67059
                  ],
                  "uv_size": [
                    4.63529,
                    10.37647
                  ]
                },
                "east": {
                  "uv": [
                    0,
                    0
                  ],
                  "uv_size": [
                    0.96471,
                    0.30588
                  ]
                },
                "south": {
                  "uv": [
                    0,
                    0
                  ],
                  "uv_size": [
                    0.87059,
                    0
                  ]
                },
                "west": {
                  "uv": [
                    0,
                    0
                  ],
                  "uv_size": [
                    0.68235,
                    0.87059
                  ]
                },
                "up": {
                  "uv": [
                    1.05882,
                    2
                  ],
                  "uv_size": [
                    -1.05882,
                    -2
                  ]
                },
                "down": {
                  "uv": [
                    0.68235,
                    0.77647
                  ],
                  "uv_size": [
                    -0.68235,
                    -0.77647
                  ]
                }
              }
            },
            {
              "origin": [
                -7,
                1,
                1
              ],
              "size": [
                4,
                5,
                1
              ],
              "uv": {
                "north": {
                  "uv": [
                    11.36471,
                    3.67059
                  ],
                  "uv_size": [
                    4.63529,
                    10.37647
                  ]
                },
                "east": {
                  "uv": [
                    0,
                    0
                  ],
                  "uv_size": [
                    0.96471,
                    0.30588
                  ]
                },
                "south": {
                  "uv": [
                    0,
                    0
                  ],
                  "uv_size": [
                    0.87059,
                    0
                  ]
                },
                "west": {
                  "uv": [
                    0,
                    0
                  ],
                  "uv_size": [
                    0.68235,
                    0.87059
                  ]
                },
                "up": {
                  "uv": [
                    1.05882,
                    2
                  ],
                  "uv_size": [
                    -1.05882,
                    -2
                  ]
                },
                "down": {
                  "uv": [
                    0.68235,
                    0.77647
                  ],
                  "uv_size": [
                    -0.68235,
                    -0.77647
                  ]
                }
              }
            },
            {
              "origin": [
                -7,
                1,
                3
              ],
              "size": [
                4,
                5,
                1
              ],
              "uv": {
                "north": {
                  "uv": [
                    11.36471,
                    3.67059
                  ],
                  "uv_size": [
                    4.63529,
                    10.37647
                  ]
                },
                "east": {
                  "uv": [
                    0,
                    0
                  ],
                  "uv_size": [
                    0.96471,
                    0.30588
                  ]
                },
                "south": {
                  "uv": [
                    0,
                    0
                  ],
                  "uv_size": [
                    0.87059,
                    0
                  ]
                },
                "west": {
                  "uv": [
                    0,
                    0
                  ],
                  "uv_size": [
                    0.68235,
                    0.87059
                  ]
                },
                "up": {
                  "uv": [
                    1.05882,
                    2
                  ],
                  "uv_size": [
                    -1.05882,
                    -2
                  ]
                },
                "down": {
                  "uv": [
                    0.68235,
                    0.77647
                  ],
                  "uv_size": [
                    -0.68235,
                    -0.77647
                  ]
                }
              }
            },
            {
              "origin": [
                -7,
                1,
                5
              ],
              "size": [
                4,
                5,
                1
              ],
              "uv": {
                "north": {
                  "uv": [
                    11.36471,
                    3.67059
                  ],
                  "uv_size": [
                    4.63529,
                    10.37647
                  ]
                },
                "east": {
                  "uv": [
                    0,
                    0
                  ],
                  "uv_size": [
                    0.96471,
                    0.30588
                  ]
                },
                "south": {
                  "uv": [
                    0,
                    0
                  ],
                  "uv_size": [
                    0.87059,
                    0
                  ]
                },
                "west": {
                  "uv": [
                    0,
                    0
                  ],
                  "uv_size": [
                    0.68235,
                    0.87059
                  ]
                },
                "up": {
                  "uv": [
                    1.05882,
                    2
                  ],
                  "uv_size": [
                    -1.05882,
                    -2
                  ]
                },
                "down": {
                  "uv": [
                    0.68235,
                    0.77647
                  ],
                  "uv_size": [
                    -0.68235,
                    -0.77647
                  ]
                }
              }
            },
            {
              "origin": [
                -7,
                1,
                -1
              ],
              "size": [
                4,
                5,
                1
              ],
              "uv": {
                "north": {
                  "uv": [
                    11.36471,
                    3.67059
                  ],
                  "uv_size": [
                    4.63529,
                    10.37647
                  ]
                },
                "east": {
                  "uv": [
                    0,
                    0
                  ],
                  "uv_size": [
                    0.96471,
                    0.30588
                  ]
                },
                "south": {
                  "uv": [
                    0,
                    0
                  ],
                  "uv_size": [
                    0.87059,
                    0
                  ]
                },
                "west": {
                  "uv": [
                    0,
                    0
                  ],
                  "uv_size": [
                    0.68235,
                    0.87059
                  ]
                },
                "up": {
                  "uv": [
                    1.05882,
                    2
                  ],
                  "uv_size": [
                    -1.05882,
                    -2
                  ]
                },
                "down": {
                  "uv": [
                    0.68235,
                    0.77647
                  ],
                  "uv_size": [
                    -0.68235,
                    -0.77647
                  ]
                }
              }
            }
          ]
        },
        {
          "name": "bone3",
          "pivot": [
            0,
            8,
            0
          ],
          "cubes": [
            {
              "origin": [
                -7,
                9,
                -3
              ],
              "size": [
                4,
                5,
                1
              ],
              "uv": {
                "north": {
                  "uv": [
                    11.36471,
                    3.67059
                  ],
                  "uv_size": [
                    4.63529,
                    10.37647
                  ]
                },
                "east": {
                  "uv": [
                    0,
                    0
                  ],
                  "uv_size": [
                    0.96471,
                    0.30588
                  ]
                },
                "south": {
                  "uv": [
                    0,
                    0
                  ],
                  "uv_size": [
                    0.87059,
                    0
                  ]
                },
                "west": {
                  "uv": [
                    0,
                    0
                  ],
                  "uv_size": [
                    0.68235,
                    0.87059
                  ]
                },
                "up": {
                  "uv": [
                    1.05882,
                    2
                  ],
                  "uv_size": [
                    -1.05882,
                    -2
                  ]
                },
                "down": {
                  "uv": [
                    0.68235,
                    0.77647
                  ],
                  "uv_size": [
                    -0.68235,
                    -0.77647
                  ]
                }
              }
            },
            {
              "origin": [
                -7,
                9,
                -1
              ],
              "size": [
                4,
                5,
                1
              ],
              "uv": {
                "north": {
                  "uv": [
                    11.36471,
                    3.67059
                  ],
                  "uv_size": [
                    4.63529,
                    10.37647
                  ]
                },
                "east": {
                  "uv": [
                    0,
                    0
                  ],
                  "uv_size": [
                    0.96471,
                    0.30588
                  ]
                },
                "south": {
                  "uv": [
                    0,
                    0
                  ],
                  "uv_size": [
                    0.87059,
                    0
                  ]
                },
                "west": {
                  "uv": [
                    0,
                    0
                  ],
                  "uv_size": [
                    0.68235,
                    0.87059
                  ]
                },
                "up": {
                  "uv": [
                    1.05882,
                    2
                  ],
                  "uv_size": [
                    -1.05882,
                    -2
                  ]
                },
                "down": {
                  "uv": [
                    0.68235,
                    0.77647
                  ],
                  "uv_size": [
                    -0.68235,
                    -0.77647
                  ]
                }
              }
            },
            {
              "origin": [
                -7,
                9,
                1
              ],
              "size": [
                4,
                5,
                1
              ],
              "uv": {
                "north": {
                  "uv": [
                    11.36471,
                    3.67059
                  ],
                  "uv_size": [
                    4.63529,
                    10.37647
                  ]
                },
                "east": {
                  "uv": [
                    0,
                    0
                  ],
                  "uv_size": [
                    0.96471,
                    0.30588
                  ]
                },
                "south": {
                  "uv": [
                    0,
                    0
                  ],
                  "uv_size": [
                    0.87059,
                    0
                  ]
                },
                "west": {
                  "uv": [
                    0,
                    0
                  ],
                  "uv_size": [
                    0.68235,
                    0.87059
                  ]
                },
                "up": {
                  "uv": [
                    1.05882,
                    2
                  ],
                  "uv_size": [
                    -1.05882,
                    -2
                  ]
                },
                "down": {
                  "uv": [
                    0.68235,
                    0.77647
                  ],
                  "uv_size": [
                    -0.68235,
                    -0.77647
                  ]
                }
              }
            },
            {
              "origin": [
                -7,
                9,
                3
              ],
              "size": [
                4,
                5,
                1
              ],
              "uv": {
                "north": {
                  "uv": [
                    11.36471,
                    3.67059
                  ],
                  "uv_size": [
                    4.63529,
                    10.37647
                  ]
                },
                "east": {
                  "uv": [
                    0,
                    0
                  ],
                  "uv_size": [
                    0.96471,
                    0.30588
                  ]
                },
                "south": {
                  "uv": [
                    0,
                    0
                  ],
                  "uv_size": [
                    0.87059,
                    0
                  ]
                },
                "west": {
                  "uv": [
                    0,
                    0
                  ],
                  "uv_size": [
                    0.68235,
                    0.87059
                  ]
                },
                "up": {
                  "uv": [
                    1.05882,
                    2
                  ],
                  "uv_size": [
                    -1.05882,
                    -2
                  ]
                },
                "down": {
                  "uv": [
                    0.68235,
                    0.77647
                  ],
                  "uv_size": [
                    -0.68235,
                    -0.77647
                  ]
                }
              }
            },
            {
              "origin": [
                -7,
                9,
                5
              ],
              "size": [
                4,
                5,
                1
              ],
              "uv": {
                "north": {
                  "uv": [
                    11.36471,
                    3.67059
                  ],
                  "uv_size": [
                    4.63529,
                    10.37647
                  ]
                },
                "east": {
                  "uv": [
                    0,
                    0
                  ],
                  "uv_size": [
                    0.96471,
                    0.30588
                  ]
                },
                "south": {
                  "uv": [
                    0,
                    0
                  ],
                  "uv_size": [
                    0.87059,
                    0
                  ]
                },
                "west": {
                  "uv": [
                    0,
                    0
                  ],
                  "uv_size": [
                    0.68235,
                    0.87059
                  ]
                },
                "up": {
                  "uv": [
                    1.05882,
                    2
                  ],
                  "uv_size": [
                    -1.05882,
                    -2
                  ]
                },
                "down": {
                  "uv": [
                    0.68235,
                    0.77647
                  ],
                  "uv_size": [
                    -0.68235,
                    -0.77647
                  ]
                }
              }
            },
            {
              "origin": [
                -7,
                9,
                -1
              ],
              "size": [
                4,
                5,
                1
              ],
              "uv": {
                "north": {
                  "uv": [
                    11.36471,
                    3.67059
                  ],
                  "uv_size": [
                    4.63529,
                    10.37647
                  ]
                },
                "east": {
                  "uv": [
                    0,
                    0
                  ],
                  "uv_size": [
                    0.96471,
                    0.30588
                  ]
                },
                "south": {
                  "uv": [
                    0,
                    0
                  ],
                  "uv_size": [
                    0.87059,
                    0
                  ]
                },
                "west": {
                  "uv": [
                    0,
                    0
                  ],
                  "uv_size": [
                    0.68235,
                    0.87059
                  ]
                },
                "up": {
                  "uv": [
                    1.05882,
                    2
                  ],
                  "uv_size": [
                    -1.05882,
                    -2
                  ]
                },
                "down": {
                  "uv": [
                    0.68235,
                    0.77647
                  ],
                  "uv_size": [
                    -0.68235,
                    -0.77647
                  ]
                }
              }
            }
          ]
        },
        {
          "name": "bone4",
          "pivot": [
            0,
            0,
            0
          ],
          "cubes": [
            {
              "origin": [
                -2,
                1,
                -3
              ],
              "size": [
                4,
                5,
                1
              ],
              "uv": {
                "north": {
                  "uv": [
                    5.62353,
                    3.67059
                  ],
                  "uv_size": [
                    4.63529,
                    10.37647
                  ]
                },
                "east": {
                  "uv": [
                    5.83529,
                    4.51765
                  ],
                  "uv_size": [
                    0.4,
                    0.49412
                  ]
                },
                "south": {
                  "uv": [
                    5.74118,
                    4.51765
                  ],
                  "uv_size": [
                    0.21176,
                    0.28235
                  ]
                },
                "west": {
                  "uv": [
                    5.92941,
                    4.8
                  ],
                  "uv_size": [
                    -0.07059,
                    0.4
                  ]
                },
                "up": {
                  "uv": [
                    6.14118,
                    5.01176
                  ],
                  "uv_size": [
                    -0.21176,
                    -0.11765
                  ]
                },
                "down": {
                  "uv": [
                    6.14118,
                    5.01176
                  ],
                  "uv_size": [
                    -0.4,
                    0.07059
                  ]
                }
              }
            },
            {
              "origin": [
                -2,
                1,
                -1
              ],
              "size": [
                4,
                5,
                1
              ],
              "uv": {
                "north": {
                  "uv": [
                    5.62353,
                    3.67059
                  ],
                  "uv_size": [
                    4.63529,
                    10.37647
                  ]
                },
                "east": {
                  "uv": [
                    5.83529,
                    4.51765
                  ],
                  "uv_size": [
                    0.4,
                    0.49412
                  ]
                },
                "south": {
                  "uv": [
                    5.74118,
                    4.51765
                  ],
                  "uv_size": [
                    0.21176,
                    0.28235
                  ]
                },
                "west": {
                  "uv": [
                    5.92941,
                    4.8
                  ],
                  "uv_size": [
                    -0.07059,
                    0.4
                  ]
                },
                "up": {
                  "uv": [
                    6.14118,
                    5.01176
                  ],
                  "uv_size": [
                    -0.21176,
                    -0.11765
                  ]
                },
                "down": {
                  "uv": [
                    6.14118,
                    5.01176
                  ],
                  "uv_size": [
                    -0.4,
                    0.07059
                  ]
                }
              }
            },
            {
              "origin": [
                -2,
                1,
                1
              ],
              "size": [
                4,
                5,
                1
              ],
              "uv": {
                "north": {
                  "uv": [
                    5.62353,
                    3.67059
                  ],
                  "uv_size": [
                    4.63529,
                    10.37647
                  ]
                },
                "east": {
                  "uv": [
                    5.83529,
                    4.51765
                  ],
                  "uv_size": [
                    0.4,
                    0.49412
                  ]
                },
                "south": {
                  "uv": [
                    5.74118,
                    4.51765
                  ],
                  "uv_size": [
                    0.21176,
                    0.28235
                  ]
                },
                "west": {
                  "uv": [
                    5.92941,
                    4.8
                  ],
                  "uv_size": [
                    -0.07059,
                    0.4
                  ]
                },
                "up": {
                  "uv": [
                    6.14118,
                    5.01176
                  ],
                  "uv_size": [
                    -0.21176,
                    -0.11765
                  ]
                },
                "down": {
                  "uv": [
                    6.14118,
                    5.01176
                  ],
                  "uv_size": [
                    -0.4,
                    0.07059
                  ]
                }
              }
            },
            {
              "origin": [
                -2,
                1,
                3
              ],
              "size": [
                4,
                5,
                1
              ],
              "uv": {
                "north": {
                  "uv": [
                    5.62353,
                    3.67059
                  ],
                  "uv_size": [
                    4.63529,
                    10.37647
                  ]
                },
                "east": {
                  "uv": [
                    5.83529,
                    4.51765
                  ],
                  "uv_size": [
                    0.4,
                    0.49412
                  ]
                },
                "south": {
                  "uv": [
                    5.74118,
                    4.51765
                  ],
                  "uv_size": [
                    0.21176,
                    0.28235
                  ]
                },
                "west": {
                  "uv": [
                    5.92941,
                    4.8
                  ],
                  "uv_size": [
                    -0.07059,
                    0.4
                  ]
                },
                "up": {
                  "uv": [
                    6.14118,
                    5.01176
                  ],
                  "uv_size": [
                    -0.21176,
                    -0.11765
                  ]
                },
                "down": {
                  "uv": [
                    6.14118,
                    5.01176
                  ],
                  "uv_size": [
                    -0.4,
                    0.07059
                  ]
                }
              }
            },
            {
              "origin": [
                -2,
                1,
                5
              ],
              "size": [
                4,
                5,
                1
              ],
              "uv": {
                "north": {
                  "uv": [
                    5.62353,
                    3.67059
                  ],
                  "uv_size": [
                    4.63529,
                    10.37647
                  ]
                },
                "east": {
                  "uv": [
                    5.83529,
                    4.51765
                  ],
                  "uv_size": [
                    0.4,
                    0.49412
                  ]
                },
                "south": {
                  "uv": [
                    5.74118,
                    4.51765
                  ],
                  "uv_size": [
                    0.21176,
                    0.28235
                  ]
                },
                "west": {
                  "uv": [
                    5.92941,
                    4.8
                  ],
                  "uv_size": [
                    -0.07059,
                    0.4
                  ]
                },
                "up": {
                  "uv": [
                    6.14118,
                    5.01176
                  ],
                  "uv_size": [
                    -0.21176,
                    -0.11765
                  ]
                },
                "down": {
                  "uv": [
                    6.14118,
                    5.01176
                  ],
                  "uv_size": [
                    -0.4,
                    0.07059
                  ]
                }
              }
            }
          ]
        },
        {
          "name": "bone5",
          "pivot": [
            0,
            8,
            0
          ],
          "cubes": [
            {
              "origin": [
                -2,
                9,
                -3
              ],
              "size": [
                4,
                5,
                1
              ],
              "uv": {
                "north": {
                  "uv": [
                    5.62353,
                    3.67059
                  ],
                  "uv_size": [
                    4.63529,
                    10.37647
                  ]
                },
                "east": {
                  "uv": [
                    5.83529,
                    4.51765
                  ],
                  "uv_size": [
                    0.4,
                    0.49412
                  ]
                },
                "south": {
                  "uv": [
                    5.74118,
                    4.51765
                  ],
                  "uv_size": [
                    0.21176,
                    0.28235
                  ]
                },
                "west": {
                  "uv": [
                    5.92941,
                    4.8
                  ],
                  "uv_size": [
                    -0.07059,
                    0.4
                  ]
                },
                "up": {
                  "uv": [
                    6.14118,
                    5.01176
                  ],
                  "uv_size": [
                    -0.21176,
                    -0.11765
                  ]
                },
                "down": {
                  "uv": [
                    6.14118,
                    5.01176
                  ],
                  "uv_size": [
                    -0.4,
                    0.07059
                  ]
                }
              }
            },
            {
              "origin": [
                -2,
                9,
                -1
              ],
              "size": [
                4,
                5,
                1
              ],
              "uv": {
                "north": {
                  "uv": [
                    5.62353,
                    3.67059
                  ],
                  "uv_size": [
                    4.63529,
                    10.37647
                  ]
                },
                "east": {
                  "uv": [
                    5.83529,
                    4.51765
                  ],
                  "uv_size": [
                    0.4,
                    0.49412
                  ]
                },
                "south": {
                  "uv": [
                    5.74118,
                    4.51765
                  ],
                  "uv_size": [
                    0.21176,
                    0.28235
                  ]
                },
                "west": {
                  "uv": [
                    5.92941,
                    4.8
                  ],
                  "uv_size": [
                    -0.07059,
                    0.4
                  ]
                },
                "up": {
                  "uv": [
                    6.14118,
                    5.01176
                  ],
                  "uv_size": [
                    -0.21176,
                    -0.11765
                  ]
                },
                "down": {
                  "uv": [
                    6.14118,
                    5.01176
                  ],
                  "uv_size": [
                    -0.4,
                    0.07059
                  ]
                }
              }
            },
            {
              "origin": [
                -2,
                9,
                1
              ],
              "size": [
                4,
                5,
                1
              ],
              "uv": {
                "north": {
                  "uv": [
                    5.62353,
                    3.67059
                  ],
                  "uv_size": [
                    4.63529,
                    10.37647
                  ]
                },
                "east": {
                  "uv": [
                    5.83529,
                    4.51765
                  ],
                  "uv_size": [
                    0.4,
                    0.49412
                  ]
                },
                "south": {
                  "uv": [
                    5.74118,
                    4.51765
                  ],
                  "uv_size": [
                    0.21176,
                    0.28235
                  ]
                },
                "west": {
                  "uv": [
                    5.92941,
                    4.8
                  ],
                  "uv_size": [
                    -0.07059,
                    0.4
                  ]
                },
                "up": {
                  "uv": [
                    6.14118,
                    5.01176
                  ],
                  "uv_size": [
                    -0.21176,
                    -0.11765
                  ]
                },
                "down": {
                  "uv": [
                    6.14118,
                    5.01176
                  ],
                  "uv_size": [
                    -0.4,
                    0.07059
                  ]
                }
              }
            },
            {
              "origin": [
                -2,
                9,
                3
              ],
              "size": [
                4,
                5,
                1
              ],
              "uv": {
                "north": {
                  "uv": [
                    5.62353,
                    3.67059
                  ],
                  "uv_size": [
                    4.63529,
                    10.37647
                  ]
                },
                "east": {
                  "uv": [
                    5.83529,
                    4.51765
                  ],
                  "uv_size": [
                    0.4,
                    0.49412
                  ]
                },
                "south": {
                  "uv": [
                    5.74118,
                    4.51765
                  ],
                  "uv_size": [
                    0.21176,
                    0.28235
                  ]
                },
                "west": {
                  "uv": [
                    5.92941,
                    4.8
                  ],
                  "uv_size": [
                    -0.07059,
                    0.4
                  ]
                },
                "up": {
                  "uv": [
                    6.14118,
                    5.01176
                  ],
                  "uv_size": [
                    -0.21176,
                    -0.11765
                  ]
                },
                "down": {
                  "uv": [
                    6.14118,
                    5.01176
                  ],
                  "uv_size": [
                    -0.4,
                    0.07059
                  ]
                }
              }
            },
            {
              "origin": [
                -2,
                9,
                5
              ],
              "size": [
                4,
                5,
                1
              ],
              "uv": {
                "north": {
                  "uv": [
                    5.62353,
                    3.67059
                  ],
                  "uv_size": [
                    4.63529,
                    10.37647
                  ]
                },
                "east": {
                  "uv": [
                    5.83529,
                    4.51765
                  ],
                  "uv_size": [
                    0.4,
                    0.49412
                  ]
                },
                "south": {
                  "uv": [
                    5.74118,
                    4.51765
                  ],
                  "uv_size": [
                    0.21176,
                    0.28235
                  ]
                },
                "west": {
                  "uv": [
                    5.92941,
                    4.8
                  ],
                  "uv_size": [
                    -0.07059,
                    0.4
                  ]
                },
                "up": {
                  "uv": [
                    6.14118,
                    5.01176
                  ],
                  "uv_size": [
                    -0.21176,
                    -0.11765
                  ]
                },
                "down": {
                  "uv": [
                    6.14118,
                    5.01176
                  ],
                  "uv_size": [
                    -0.4,
                    0.07059
                  ]
                }
              }
            }
          ]
        },
        {
          "name": "bone6",
          "pivot": [
            0,
            0,
            0
          ],
          "cubes": [
            {
              "origin": [
                3,
                9,
                -3
              ],
              "size": [
                4,
                5,
                1
              ],
              "uv": {
                "north": {
                  "uv": [
                    0,
                    3.67059
                  ],
                  "uv_size": [
                    4.63529,
                    10.37647
                  ]
                },
                "east": {
                  "uv": [
                    3.85882,
                    3.95294
                  ],
                  "uv_size": [
                    0.11765,
                    0.30588
                  ]
                },
                "south": {
                  "uv": [
                    3.95294,
                    3.95294
                  ],
                  "uv_size": [
                    0.21176,
                    0.28235
                  ]
                },
                "west": {
                  "uv": [
                    4.04706,
                    3.85882
                  ],
                  "uv_size": [
                    -0.07059,
                    0.4
                  ]
                },
                "up": {
                  "uv": [
                    4.16471,
                    4.25882
                  ],
                  "uv_size": [
                    -0.4,
                    0.07059
                  ]
                },
                "down": {
                  "uv": [
                    3.97647,
                    4.16471
                  ],
                  "uv_size": [
                    0.07059,
                    -0.02353
                  ]
                }
              }
            },
            {
              "origin": [
                3,
                9,
                -1
              ],
              "size": [
                4,
                5,
                1
              ],
              "uv": {
                "north": {
                  "uv": [
                    0,
                    3.67059
                  ],
                  "uv_size": [
                    4.63529,
                    10.37647
                  ]
                },
                "east": {
                  "uv": [
                    3.85882,
                    3.95294
                  ],
                  "uv_size": [
                    0.11765,
                    0.30588
                  ]
                },
                "south": {
                  "uv": [
                    3.95294,
                    3.95294
                  ],
                  "uv_size": [
                    0.21176,
                    0.28235
                  ]
                },
                "west": {
                  "uv": [
                    4.04706,
                    3.85882
                  ],
                  "uv_size": [
                    -0.07059,
                    0.4
                  ]
                },
                "up": {
                  "uv": [
                    4.16471,
                    4.25882
                  ],
                  "uv_size": [
                    -0.4,
                    0.07059
                  ]
                },
                "down": {
                  "uv": [
                    3.97647,
                    4.16471
                  ],
                  "uv_size": [
                    0.07059,
                    -0.02353
                  ]
                }
              }
            },
            {
              "origin": [
                3,
                9,
                1
              ],
              "size": [
                4,
                5,
                1
              ],
              "uv": {
                "north": {
                  "uv": [
                    0,
                    3.67059
                  ],
                  "uv_size": [
                    4.63529,
                    10.37647
                  ]
                },
                "east": {
                  "uv": [
                    3.85882,
                    3.95294
                  ],
                  "uv_size": [
                    0.11765,
                    0.30588
                  ]
                },
                "south": {
                  "uv": [
                    3.95294,
                    3.95294
                  ],
                  "uv_size": [
                    0.21176,
                    0.28235
                  ]
                },
                "west": {
                  "uv": [
                    4.04706,
                    3.85882
                  ],
                  "uv_size": [
                    -0.07059,
                    0.4
                  ]
                },
                "up": {
                  "uv": [
                    4.16471,
                    4.25882
                  ],
                  "uv_size": [
                    -0.4,
                    0.07059
                  ]
                },
                "down": {
                  "uv": [
                    3.97647,
                    4.16471
                  ],
                  "uv_size": [
                    0.07059,
                    -0.02353
                  ]
                }
              }
            },
            {
              "origin": [
                3,
                9,
                3
              ],
              "size": [
                4,
                5,
                1
              ],
              "uv": {
                "north": {
                  "uv": [
                    0,
                    3.67059
                  ],
                  "uv_size": [
                    4.63529,
                    10.37647
                  ]
                },
                "east": {
                  "uv": [
                    3.85882,
                    3.95294
                  ],
                  "uv_size": [
                    0.11765,
                    0.30588
                  ]
                },
                "south": {
                  "uv": [
                    3.95294,
                    3.95294
                  ],
                  "uv_size": [
                    0.21176,
                    0.28235
                  ]
                },
                "west": {
                  "uv": [
                    4.04706,
                    3.85882
                  ],
                  "uv_size": [
                    -0.07059,
                    0.4
                  ]
                },
                "up": {
                  "uv": [
                    4.16471,
                    4.25882
                  ],
                  "uv_size": [
                    -0.4,
                    0.07059
                  ]
                },
                "down": {
                  "uv": [
                    3.97647,
                    4.16471
                  ],
                  "uv_size": [
                    0.07059,
                    -0.02353
                  ]
                }
              }
            },
            {
              "origin": [
                3,
                9,
                5
              ],
              "size": [
                4,
                5,
                1
              ],
              "uv": {
                "north": {
                  "uv": [
                    0,
                    3.67059
                  ],
                  "uv_size": [
                    4.63529,
                    10.37647
                  ]
                },
                "east": {
                  "uv": [
                    3.85882,
                    3.95294
                  ],
                  "uv_size": [
                    0.11765,
                    0.30588
                  ]
                },
                "south": {
                  "uv": [
                    3.95294,
                    3.95294
                  ],
                  "uv_size": [
                    0.21176,
                    0.28235
                  ]
                },
                "west": {
                  "uv": [
                    4.04706,
                    3.85882
                  ],
                  "uv_size": [
                    -0.07059,
                    0.4
                  ]
                },
                "up": {
                  "uv": [
                    4.16471,
                    4.25882
                  ],
                  "uv_size": [
                    -0.4,
                    0.07059
                  ]
                },
                "down": {
                  "uv": [
                    3.97647,
                    4.16471
                  ],
                  "uv_size": [
                    0.07059,
                    -0.02353
                  ]
                }
              }
            }
          ]
        },
        {
          "name": "bone7",
          "pivot": [
            0,
            -8,
            0
          ],
          "cubes": [
            {
              "origin": [
                3,
                1,
                -3
              ],
              "size": [
                4,
                5,
                1
              ],
              "uv": {
                "north": {
                  "uv": [
                    0,
                    3.67059
                  ],
                  "uv_size": [
                    4.63529,
                    10.37647
                  ]
                },
                "east": {
                  "uv": [
                    3.85882,
                    3.95294
                  ],
                  "uv_size": [
                    0.11765,
                    0.30588
                  ]
                },
                "south": {
                  "uv": [
                    3.95294,
                    3.95294
                  ],
                  "uv_size": [
                    0.21176,
                    0.28235
                  ]
                },
                "west": {
                  "uv": [
                    4.04706,
                    3.85882
                  ],
                  "uv_size": [
                    -0.07059,
                    0.4
                  ]
                },
                "up": {
                  "uv": [
                    4.16471,
                    4.25882
                  ],
                  "uv_size": [
                    -0.4,
                    0.07059
                  ]
                },
                "down": {
                  "uv": [
                    3.97647,
                    4.16471
                  ],
                  "uv_size": [
                    0.07059,
                    -0.02353
                  ]
                }
              }
            },
            {
              "origin": [
                3,
                1,
                -1
              ],
              "size": [
                4,
                5,
                1
              ],
              "uv": {
                "north": {
                  "uv": [
                    0,
                    3.67059
                  ],
                  "uv_size": [
                    4.63529,
                    10.37647
                  ]
                },
                "east": {
                  "uv": [
                    3.85882,
                    3.95294
                  ],
                  "uv_size": [
                    0.11765,
                    0.30588
                  ]
                },
                "south": {
                  "uv": [
                    3.95294,
                    3.95294
                  ],
                  "uv_size": [
                    0.21176,
                    0.28235
                  ]
                },
                "west": {
                  "uv": [
                    4.04706,
                    3.85882
                  ],
                  "uv_size": [
                    -0.07059,
                    0.4
                  ]
                },
                "up": {
                  "uv": [
                    4.16471,
                    4.25882
                  ],
                  "uv_size": [
                    -0.4,
                    0.07059
                  ]
                },
                "down": {
                  "uv": [
                    3.97647,
                    4.16471
                  ],
                  "uv_size": [
                    0.07059,
                    -0.02353
                  ]
                }
              }
            },
            {
              "origin": [
                3,
                1,
                1
              ],
              "size": [
                4,
                5,
                1
              ],
              "uv": {
                "north": {
                  "uv": [
                    0,
                    3.67059
                  ],
                  "uv_size": [
                    4.63529,
                    10.37647
                  ]
                },
                "east": {
                  "uv": [
                    3.85882,
                    3.95294
                  ],
                  "uv_size": [
                    0.11765,
                    0.30588
                  ]
                },
                "south": {
                  "uv": [
                    3.95294,
                    3.95294
                  ],
                  "uv_size": [
                    0.21176,
                    0.28235
                  ]
                },
                "west": {
                  "uv": [
                    4.04706,
                    3.85882
                  ],
                  "uv_size": [
                    -0.07059,
                    0.4
                  ]
                },
                "up": {
                  "uv": [
                    4.16471,
                    4.25882
                  ],
                  "uv_size": [
                    -0.4,
                    0.07059
                  ]
                },
                "down": {
                  "uv": [
                    3.97647,
                    4.16471
                  ],
                  "uv_size": [
                    0.07059,
                    -0.02353
                  ]
                }
              }
            },
            {
              "origin": [
                3,
                1,
                3
              ],
              "size": [
                4,
                5,
                1
              ],
              "uv": {
                "north": {
                  "uv": [
                    0,
                    3.67059
                  ],
                  "uv_size": [
                    4.63529,
                    10.37647
                  ]
                },
                "east": {
                  "uv": [
                    3.85882,
                    3.95294
                  ],
                  "uv_size": [
                    0.11765,
                    0.30588
                  ]
                },
                "south": {
                  "uv": [
                    3.95294,
                    3.95294
                  ],
                  "uv_size": [
                    0.21176,
                    0.28235
                  ]
                },
                "west": {
                  "uv": [
                    4.04706,
                    3.85882
                  ],
                  "uv_size": [
                    -0.07059,
                    0.4
                  ]
                },
                "up": {
                  "uv": [
                    4.16471,
                    4.25882
                  ],
                  "uv_size": [
                    -0.4,
                    0.07059
                  ]
                },
                "down": {
                  "uv": [
                    3.97647,
                    4.16471
                  ],
                  "uv_size": [
                    0.07059,
                    -0.02353
                  ]
                }
              }
            },
            {
              "origin": [
                3,
                1,
                5
              ],
              "size": [
                4,
                5,
                1
              ],
              "uv": {
                "north": {
                  "uv": [
                    0,
                    3.67059
                  ],
                  "uv_size": [
                    4.63529,
                    10.37647
                  ]
                },
                "east": {
                  "uv": [
                    3.85882,
                    3.95294
                  ],
                  "uv_size": [
                    0.11765,
                    0.30588
                  ]
                },
                "south": {
                  "uv": [
                    3.95294,
                    3.95294
                  ],
                  "uv_size": [
                    0.21176,
                    0.28235
                  ]
                },
                "west": {
                  "uv": [
                    4.04706,
                    3.85882
                  ],
                  "uv_size": [
                    -0.07059,
                    0.4
                  ]
                },
                "up": {
                  "uv": [
                    4.16471,
                    4.25882
                  ],
                  "uv_size": [
                    -0.4,
                    0.07059
                  ]
                },
                "down": {
                  "uv": [
                    3.97647,
                    4.16471
                  ],
                  "uv_size": [
                    0.07059,
                    -0.02353
                  ]
                }
              }
            }
          ]
        }
      ]
    }
  ]
}