{
  "format_version": "1.12.0",
  "minecraft:geometry": [
    {
      "description": {
        "identifier": "geometry.pa_rak_sabun",
        "texture_width": 16,
        "texture_height": 16,
        "visible_bounds_width": 2,
        "visible_bounds_height": 2.5,
        "visible_bounds_offset": [
          0,
          0.75,
          0
        ]
      },
      "bones": [
        {
          "name": "bone",
          "pivot": [
            0,
            0,
            0
          ],
          "cubes": [
            {
              "origin": [
                -8,
                0,
                -4
              ],
              "size": [
                16,
                1,
                12
              ],
              "uv": {
                "north": {
                  "uv": [
                    1.504,
                    8.032
                  ],
                  "uv_size": [
                    0.656,
                    0.016
                  ]
                },
                "east": {
                  "uv": [
                    1.472,
                    7.968
                  ],
                  "uv_size": [
                    0.976,
                    0.08
                  ]
                },
                "south": {
                  "uv": [
                    1.312,
                    7.84
                  ],
                  "uv_size": [
                    0.944,
                    0.528
                  ]
                },
                "west": {
                  "uv": [
                    1.568,
                    7.904
                  ],
                  "uv_size": [
                    0.752,
                    -0.176
                  ]
                },
                "up": {
                  "uv": [
                    2.384,
                    8.24
                  ],
                  "uv_size": [
                    -0.496,
                    -0.272
                  ]
                },
                "down": {
                  "uv": [
                    2.352,
                    8.432
                  ],
                  "uv_size": [
                    -0.336,
                    -0.432
                  ]
                }
              }
            },
            {
              "origin": [
                -8,
                8,
                -4
              ],
              "size": [
                16,
                1,
                11
              ],
              "uv": {
                "north": {
                  "uv": [
                    1.76,
                    5.6
                  ],
                  "uv_size": [
                    0.752,
                    0.176
                  ]
                },
                "east": {
                  "uv": [
                    2.208,
                    5.504
                  ],
                  "uv_size": [
                    -0.112,
                    0.624
                  ]
                },
                "south": {
                  "uv": [
                    1.952,
                    5.824
                  ],
                  "uv_size": [
                    0.688,
                    -0.272
                  ]
                },
                "west": {
                  "uv": [
                    1.824,
                    5.408
                  ],
                  "uv_size": [
                    0.752,
                    0.368
                  ]
                },
                "up": {
                  "uv": [
                    2.64,
                    5.968
                  ],
                  "uv_size": [
                    -0.624,
                    -0.656
                  ]
                },
                "down": {
                  "uv": [
                    2.608,
                    5.808
                  ],
                  "uv_size": [
                    -0.912,
                    -0.144
                  ]
                }
              }
            },
            {
              "origin": [
                -8,
                1,
                7
              ],
              "size": [
                16,
                15,
                1
              ],
              "uv": {
                "north": {
                  "uv": [
                    1.312,
                    5.696
                  ],
                  "uv_size": [
                    0.976,
                    0.176
                  ]
                },
                "east": {
                  "uv": [
                    1.376,
                    5.408
                  ],
                  "uv_size": [
                    0.688,
                    0.368
                  ]
                },
                "south": {
                  "uv": [
                    1.248,
                    5.952
                  ],
                  "uv_size": [
                    0.656,
                    -0.592
                  ]
                },
                "west": {
                  "uv": [
                    1.088,
                    5.92
                  ],
                  "uv_size": [
                    0.816,
                    -0.24
                  ]
                },
                "up": {
                  "uv": [
                    2.096,
                    5.872
                  ],
                  "uv_size": [
                    -0.464,
                    -0.56
                  ]
                },
                "down": {
                  "uv": [
                    2.064,
                    5.808
                  ],
                  "uv_size": [
                    -0.752,
                    -0.336
                  ]
                }
              }
            }
          ]
        },
        {
          "name": "bone2",
          "pivot": [
            0,
            0,
            0
          ],
          "cubes": [
            {
              "origin": [
                -7,
                1,
                -3
              ],
              "size": [
                4,
                5,
                1
              ],
              "uv": {
                "north": {
                  "uv": [
                    0.8,
                    9.248
                  ],
                  "uv_size": [
                    1.936,
                    2.736
                  ]
                },
                "east": {
                  "uv": [
                    2.048,
                    9.28
                  ],
                  "uv_size": [
                    -0.016,
                    0.08
                  ]
                },
                "south": {
                  "uv": [
                    2.336,
                    9.28
                  ],
                  "uv_size": [
                    -0.208,
                    0.08
                  ]
                },
                "west": {
                  "uv": [
                    2.208,
                    9.312
                  ],
                  "uv_size": [
                    -0.112,
                    0.048
                  ]
                },
                "up": {
                  "uv": [
                    1.936,
                    9.312
                  ],
                  "uv_size": [
                    -0.112,
                    0.032
                  ]
                },
                "down": {
                  "uv": [
                    3.76,
                    1.232
                  ],
                  "uv_size": [
                    -0.88,
                    -0.08
                  ]
                }
              }
            },
            {
              "origin": [
                -7,
                9,
                -3
              ],
              "size": [
                4,
                3,
                1
              ],
              "uv": {
                "north": {
                  "uv": [
                    7.584,
                    11.456
                  ],
                  "uv_size": [
                    1.936,
                    1.2
                  ]
                },
                "east": {
                  "uv": [
                    0.32,
                    7.168
                  ],
                  "uv_size": [
                    -0.016,
                    0.08
                  ]
                },
                "south": {
                  "uv": [
                    0.32,
                    7.136
                  ],
                  "uv_size": [
                    0.016,
                    0.08
                  ]
                },
                "west": {
                  "uv": [
                    0.352,
                    7.264
                  ],
                  "uv_size": [
                    -0.048,
                    -0.08
                  ]
                },
                "up": {
                  "uv": [
                    0.4,
                    7.264
                  ],
                  "uv_size": [
                    -0.112,
                    0.032
                  ]
                },
                "down": {
                  "uv": [
                    3.76,
                    1.232
                  ],
                  "uv_size": [
                    -0.88,
                    -0.08
                  ]
                }
              }
            },
            {
              "origin": [
                -7,
                12,
                -2
              ],
              "size": [
                4,
                3,
                1
              ],
              "uv": {
                "north": {
                  "uv": [
                    7.552,
                    9.856
                  ],
                  "uv_size": [
                    1.488,
                    0.688
                  ]
                },
                "east": {
                  "uv": [
                    2.528,
                    6.944
                  ],
                  "uv_size": [
                    -0.016,
                    0.08
                  ]
                },
                "south": {
                  "uv": [
                    2.368,
                    6.848
                  ],
                  "uv_size": [
                    0.016,
                    0.08
                  ]
                },
                "west": {
                  "uv": [
                    2.368,
                    6.944
                  ],
                  "uv_size": [
                    -0.08,
                    -0.112
                  ]
                },
                "up": {
                  "uv": [
                    2.352,
                    6.976
                  ],
                  "uv_size": [
                    0.016,
                    0
                  ]
                },
                "down": {
                  "uv": [
                    3.76,
                    1.232
                  ],
                  "uv_size": [
                    -0.88,
                    -0.08
                  ]
                }
              }
            },
            {
              "origin": [
                3,
                12,
                -2
              ],
              "size": [
                4,
                3,
                1
              ],
              "uv": {
                "north": {
                  "uv": [
                    7.552,
                    9.856
                  ],
                  "uv_size": [
                    1.488,
                    0.688
                  ]
                },
                "east": {
                  "uv": [
                    2.528,
                    6.944
                  ],
                  "uv_size": [
                    -0.016,
                    0.08
                  ]
                },
                "south": {
                  "uv": [
                    2.368,
                    6.848
                  ],
                  "uv_size": [
                    0.016,
                    0.08
                  ]
                },
                "west": {
                  "uv": [
                    2.368,
                    6.944
                  ],
                  "uv_size": [
                    -0.08,
                    -0.112
                  ]
                },
                "up": {
                  "uv": [
                    2.352,
                    6.976
                  ],
                  "uv_size": [
                    0.016,
                    0
                  ]
                },
                "down": {
                  "uv": [
                    3.76,
                    1.232
                  ],
                  "uv_size": [
                    -0.88,
                    -0.08
                  ]
                }
              }
            },
            {
              "origin": [
                3,
                12,
                2
              ],
              "size": [
                4,
                3,
                1
              ],
              "uv": {
                "north": {
                  "uv": [
                    7.552,
                    9.856
                  ],
                  "uv_size": [
                    1.488,
                    0.688
                  ]
                },
                "east": {
                  "uv": [
                    2.528,
                    6.944
                  ],
                  "uv_size": [
                    -0.016,
                    0.08
                  ]
                },
                "south": {
                  "uv": [
                    2.368,
                    6.848
                  ],
                  "uv_size": [
                    0.016,
                    0.08
                  ]
                },
                "west": {
                  "uv": [
                    2.368,
                    6.944
                  ],
                  "uv_size": [
                    -0.08,
                    -0.112
                  ]
                },
                "up": {
                  "uv": [
                    2.352,
                    6.976
                  ],
                  "uv_size": [
                    0.016,
                    0
                  ]
                },
                "down": {
                  "uv": [
                    3.76,
                    1.232
                  ],
                  "uv_size": [
                    -0.88,
                    -0.08
                  ]
                }
              }
            },
            {
              "origin": [
                3,
                12,
                4
              ],
              "size": [
                4,
                3,
                1
              ],
              "uv": {
                "north": {
                  "uv": [
                    7.552,
                    9.856
                  ],
                  "uv_size": [
                    1.488,
                    0.688
                  ]
                },
                "east": {
                  "uv": [
                    2.528,
                    6.944
                  ],
                  "uv_size": [
                    -0.016,
                    0.08
                  ]
                },
                "south": {
                  "uv": [
                    2.368,
                    6.848
                  ],
                  "uv_size": [
                    0.016,
                    0.08
                  ]
                },
                "west": {
                  "uv": [
                    2.368,
                    6.944
                  ],
                  "uv_size": [
                    -0.08,
                    -0.112
                  ]
                },
                "up": {
                  "uv": [
                    2.352,
                    6.976
                  ],
                  "uv_size": [
                    0.016,
                    0
                  ]
                },
                "down": {
                  "uv": [
                    3.76,
                    1.232
                  ],
                  "uv_size": [
                    -0.88,
                    -0.08
                  ]
                }
              }
            },
            {
              "origin": [
                3,
                12,
                0
              ],
              "size": [
                4,
                3,
                1
              ],
              "uv": {
                "north": {
                  "uv": [
                    7.552,
                    9.856
                  ],
                  "uv_size": [
                    1.488,
                    0.688
                  ]
                },
                "east": {
                  "uv": [
                    2.528,
                    6.944
                  ],
                  "uv_size": [
                    -0.016,
                    0.08
                  ]
                },
                "south": {
                  "uv": [
                    2.368,
                    6.848
                  ],
                  "uv_size": [
                    0.016,
                    0.08
                  ]
                },
                "west": {
                  "uv": [
                    2.368,
                    6.944
                  ],
                  "uv_size": [
                    -0.08,
                    -0.112
                  ]
                },
                "up": {
                  "uv": [
                    2.352,
                    6.976
                  ],
                  "uv_size": [
                    0.016,
                    0
                  ]
                },
                "down": {
                  "uv": [
                    3.76,
                    1.232
                  ],
                  "uv_size": [
                    -0.88,
                    -0.08
                  ]
                }
              }
            },
            {
              "origin": [
                -2,
                12,
                -2
              ],
              "size": [
                4,
                3,
                1
              ],
              "uv": {
                "north": {
                  "uv": [
                    7.552,
                    9.856
                  ],
                  "uv_size": [
                    1.488,
                    0.688
                  ]
                },
                "east": {
                  "uv": [
                    2.528,
                    6.944
                  ],
                  "uv_size": [
                    -0.016,
                    0.08
                  ]
                },
                "south": {
                  "uv": [
                    2.368,
                    6.848
                  ],
                  "uv_size": [
                    0.016,
                    0.08
                  ]
                },
                "west": {
                  "uv": [
                    2.368,
                    6.944
                  ],
                  "uv_size": [
                    -0.08,
                    -0.112
                  ]
                },
                "up": {
                  "uv": [
                    2.352,
                    6.976
                  ],
                  "uv_size": [
                    0.016,
                    0
                  ]
                },
                "down": {
                  "uv": [
                    3.76,
                    1.232
                  ],
                  "uv_size": [
                    -0.88,
                    -0.08
                  ]
                }
              }
            },
            {
              "origin": [
                -2,
                12,
                0
              ],
              "size": [
                4,
                3,
                1
              ],
              "uv": {
                "north": {
                  "uv": [
                    7.552,
                    9.856
                  ],
                  "uv_size": [
                    1.488,
                    0.688
                  ]
                },
                "east": {
                  "uv": [
                    2.528,
                    6.944
                  ],
                  "uv_size": [
                    -0.016,
                    0.08
                  ]
                },
                "south": {
                  "uv": [
                    2.368,
                    6.848
                  ],
                  "uv_size": [
                    0.016,
                    0.08
                  ]
                },
                "west": {
                  "uv": [
                    2.368,
                    6.944
                  ],
                  "uv_size": [
                    -0.08,
                    -0.112
                  ]
                },
                "up": {
                  "uv": [
                    2.352,
                    6.976
                  ],
                  "uv_size": [
                    0.016,
                    0
                  ]
                },
                "down": {
                  "uv": [
                    3.76,
                    1.232
                  ],
                  "uv_size": [
                    -0.88,
                    -0.08
                  ]
                }
              }
            },
            {
              "origin": [
                -2,
                12,
                2
              ],
              "size": [
                4,
                3,
                1
              ],
              "uv": {
                "north": {
                  "uv": [
                    7.552,
                    9.856
                  ],
                  "uv_size": [
                    1.488,
                    0.688
                  ]
                },
                "east": {
                  "uv": [
                    2.528,
                    6.944
                  ],
                  "uv_size": [
                    -0.016,
                    0.08
                  ]
                },
                "south": {
                  "uv": [
                    2.368,
                    6.848
                  ],
                  "uv_size": [
                    0.016,
                    0.08
                  ]
                },
                "west": {
                  "uv": [
                    2.368,
                    6.944
                  ],
                  "uv_size": [
                    -0.08,
                    -0.112
                  ]
                },
                "up": {
                  "uv": [
                    2.352,
                    6.976
                  ],
                  "uv_size": [
                    0.016,
                    0
                  ]
                },
                "down": {
                  "uv": [
                    3.76,
                    1.232
                  ],
                  "uv_size": [
                    -0.88,
                    -0.08
                  ]
                }
              }
            },
            {
              "origin": [
                -2,
                12,
                4
              ],
              "size": [
                4,
                3,
                1
              ],
              "uv": {
                "north": {
                  "uv": [
                    7.552,
                    9.856
                  ],
                  "uv_size": [
                    1.488,
                    0.688
                  ]
                },
                "east": {
                  "uv": [
                    2.528,
                    6.944
                  ],
                  "uv_size": [
                    -0.016,
                    0.08
                  ]
                },
                "south": {
                  "uv": [
                    2.368,
                    6.848
                  ],
                  "uv_size": [
                    0.016,
                    0.08
                  ]
                },
                "west": {
                  "uv": [
                    2.368,
                    6.944
                  ],
                  "uv_size": [
                    -0.08,
                    -0.112
                  ]
                },
                "up": {
                  "uv": [
                    2.352,
                    6.976
                  ],
                  "uv_size": [
                    0.016,
                    0
                  ]
                },
                "down": {
                  "uv": [
                    3.76,
                    1.232
                  ],
                  "uv_size": [
                    -0.88,
                    -0.08
                  ]
                }
              }
            },
            {
              "origin": [
                -7,
                12,
                0
              ],
              "size": [
                4,
                3,
                1
              ],
              "uv": {
                "north": {
                  "uv": [
                    7.552,
                    9.856
                  ],
                  "uv_size": [
                    1.488,
                    0.688
                  ]
                },
                "east": {
                  "uv": [
                    2.528,
                    6.944
                  ],
                  "uv_size": [
                    -0.016,
                    0.08
                  ]
                },
                "south": {
                  "uv": [
                    2.368,
                    6.848
                  ],
                  "uv_size": [
                    0.016,
                    0.08
                  ]
                },
                "west": {
                  "uv": [
                    2.368,
                    6.944
                  ],
                  "uv_size": [
                    -0.08,
                    -0.112
                  ]
                },
                "up": {
                  "uv": [
                    2.352,
                    6.976
                  ],
                  "uv_size": [
                    0.016,
                    0
                  ]
                },
                "down": {
                  "uv": [
                    3.76,
                    1.232
                  ],
                  "uv_size": [
                    -0.88,
                    -0.08
                  ]
                }
              }
            },
            {
              "origin": [
                -7,
                12,
                2
              ],
              "size": [
                4,
                3,
                1
              ],
              "uv": {
                "north": {
                  "uv": [
                    7.552,
                    9.856
                  ],
                  "uv_size": [
                    1.488,
                    0.688
                  ]
                },
                "east": {
                  "uv": [
                    2.528,
                    6.944
                  ],
                  "uv_size": [
                    -0.016,
                    0.08
                  ]
                },
                "south": {
                  "uv": [
                    2.368,
                    6.848
                  ],
                  "uv_size": [
                    0.016,
                    0.08
                  ]
                },
                "west": {
                  "uv": [
                    2.368,
                    6.944
                  ],
                  "uv_size": [
                    -0.08,
                    -0.112
                  ]
                },
                "up": {
                  "uv": [
                    2.352,
                    6.976
                  ],
                  "uv_size": [
                    0.016,
                    0
                  ]
                },
                "down": {
                  "uv": [
                    3.76,
                    1.232
                  ],
                  "uv_size": [
                    -0.88,
                    -0.08
                  ]
                }
              }
            },
            {
              "origin": [
                -7,
                12,
                4
              ],
              "size": [
                4,
                3,
                1
              ],
              "uv": {
                "north": {
                  "uv": [
                    7.552,
                    9.856
                  ],
                  "uv_size": [
                    1.488,
                    0.688
                  ]
                },
                "east": {
                  "uv": [
                    2.528,
                    6.944
                  ],
                  "uv_size": [
                    -0.016,
                    0.08
                  ]
                },
                "south": {
                  "uv": [
                    2.368,
                    6.848
                  ],
                  "uv_size": [
                    0.016,
                    0.08
                  ]
                },
                "west": {
                  "uv": [
                    2.368,
                    6.944
                  ],
                  "uv_size": [
                    -0.08,
                    -0.112
                  ]
                },
                "up": {
                  "uv": [
                    2.352,
                    6.976
                  ],
                  "uv_size": [
                    0.016,
                    0
                  ]
                },
                "down": {
                  "uv": [
                    3.76,
                    1.232
                  ],
                  "uv_size": [
                    -0.88,
                    -0.08
                  ]
                }
              }
            },
            {
              "origin": [
                -7,
                9,
                -1
              ],
              "size": [
                4,
                3,
                1
              ],
              "uv": {
                "north": {
                  "uv": [
                    7.584,
                    11.456
                  ],
                  "uv_size": [
                    1.936,
                    1.2
                  ]
                },
                "east": {
                  "uv": [
                    0.32,
                    7.168
                  ],
                  "uv_size": [
                    -0.016,
                    0.08
                  ]
                },
                "south": {
                  "uv": [
                    0.32,
                    7.136
                  ],
                  "uv_size": [
                    0.016,
                    0.08
                  ]
                },
                "west": {
                  "uv": [
                    0.352,
                    7.264
                  ],
                  "uv_size": [
                    -0.048,
                    -0.08
                  ]
                },
                "up": {
                  "uv": [
                    0.4,
                    7.264
                  ],
                  "uv_size": [
                    -0.112,
                    0.032
                  ]
                },
                "down": {
                  "uv": [
                    3.76,
                    1.232
                  ],
                  "uv_size": [
                    -0.88,
                    -0.08
                  ]
                }
              }
            },
            {
              "origin": [
                -7,
                9,
                1
              ],
              "size": [
                4,
                3,
                1
              ],
              "uv": {
                "north": {
                  "uv": [
                    7.584,
                    11.456
                  ],
                  "uv_size": [
                    1.936,
                    1.2
                  ]
                },
                "east": {
                  "uv": [
                    0.32,
                    7.168
                  ],
                  "uv_size": [
                    -0.016,
                    0.08
                  ]
                },
                "south": {
                  "uv": [
                    0.32,
                    7.136
                  ],
                  "uv_size": [
                    0.016,
                    0.08
                  ]
                },
                "west": {
                  "uv": [
                    0.352,
                    7.264
                  ],
                  "uv_size": [
                    -0.048,
                    -0.08
                  ]
                },
                "up": {
                  "uv": [
                    0.4,
                    7.264
                  ],
                  "uv_size": [
                    -0.112,
                    0.032
                  ]
                },
                "down": {
                  "uv": [
                    3.76,
                    1.232
                  ],
                  "uv_size": [
                    -0.88,
                    -0.08
                  ]
                }
              }
            },
            {
              "origin": [
                -7,
                9,
                3
              ],
              "size": [
                4,
                3,
                1
              ],
              "uv": {
                "north": {
                  "uv": [
                    7.584,
                    11.456
                  ],
                  "uv_size": [
                    1.936,
                    1.2
                  ]
                },
                "east": {
                  "uv": [
                    0.32,
                    7.168
                  ],
                  "uv_size": [
                    -0.016,
                    0.08
                  ]
                },
                "south": {
                  "uv": [
                    0.32,
                    7.136
                  ],
                  "uv_size": [
                    0.016,
                    0.08
                  ]
                },
                "west": {
                  "uv": [
                    0.352,
                    7.264
                  ],
                  "uv_size": [
                    -0.048,
                    -0.08
                  ]
                },
                "up": {
                  "uv": [
                    0.4,
                    7.264
                  ],
                  "uv_size": [
                    -0.112,
                    0.032
                  ]
                },
                "down": {
                  "uv": [
                    3.76,
                    1.232
                  ],
                  "uv_size": [
                    -0.88,
                    -0.08
                  ]
                }
              }
            },
            {
              "origin": [
                -7,
                9,
                5
              ],
              "size": [
                4,
                3,
                1
              ],
              "uv": {
                "north": {
                  "uv": [
                    7.584,
                    11.456
                  ],
                  "uv_size": [
                    1.936,
                    1.2
                  ]
                },
                "east": {
                  "uv": [
                    0.32,
                    7.168
                  ],
                  "uv_size": [
                    -0.016,
                    0.08
                  ]
                },
                "south": {
                  "uv": [
                    0.32,
                    7.136
                  ],
                  "uv_size": [
                    0.016,
                    0.08
                  ]
                },
                "west": {
                  "uv": [
                    0.352,
                    7.264
                  ],
                  "uv_size": [
                    -0.048,
                    -0.08
                  ]
                },
                "up": {
                  "uv": [
                    0.4,
                    7.264
                  ],
                  "uv_size": [
                    -0.112,
                    0.032
                  ]
                },
                "down": {
                  "uv": [
                    3.76,
                    1.232
                  ],
                  "uv_size": [
                    -0.88,
                    -0.08
                  ]
                }
              }
            },
            {
              "origin": [
                -2,
                9,
                -3
              ],
              "size": [
                4,
                3,
                1
              ],
              "uv": {
                "north": {
                  "uv": [
                    7.584,
                    11.456
                  ],
                  "uv_size": [
                    1.936,
                    1.2
                  ]
                },
                "east": {
                  "uv": [
                    0.32,
                    7.168
                  ],
                  "uv_size": [
                    -0.016,
                    0.08
                  ]
                },
                "south": {
                  "uv": [
                    0.32,
                    7.136
                  ],
                  "uv_size": [
                    0.016,
                    0.08
                  ]
                },
                "west": {
                  "uv": [
                    0.352,
                    7.264
                  ],
                  "uv_size": [
                    -0.048,
                    -0.08
                  ]
                },
                "up": {
                  "uv": [
                    0.4,
                    7.264
                  ],
                  "uv_size": [
                    -0.112,
                    0.032
                  ]
                },
                "down": {
                  "uv": [
                    3.76,
                    1.232
                  ],
                  "uv_size": [
                    -0.88,
                    -0.08
                  ]
                }
              }
            },
            {
              "origin": [
                -2,
                9,
                -1
              ],
              "size": [
                4,
                3,
                1
              ],
              "uv": {
                "north": {
                  "uv": [
                    7.584,
                    11.456
                  ],
                  "uv_size": [
                    1.936,
                    1.2
                  ]
                },
                "east": {
                  "uv": [
                    0.32,
                    7.168
                  ],
                  "uv_size": [
                    -0.016,
                    0.08
                  ]
                },
                "south": {
                  "uv": [
                    0.32,
                    7.136
                  ],
                  "uv_size": [
                    0.016,
                    0.08
                  ]
                },
                "west": {
                  "uv": [
                    0.352,
                    7.264
                  ],
                  "uv_size": [
                    -0.048,
                    -0.08
                  ]
                },
                "up": {
                  "uv": [
                    0.4,
                    7.264
                  ],
                  "uv_size": [
                    -0.112,
                    0.032
                  ]
                },
                "down": {
                  "uv": [
                    3.76,
                    1.232
                  ],
                  "uv_size": [
                    -0.88,
                    -0.08
                  ]
                }
              }
            },
            {
              "origin": [
                -2,
                9,
                1
              ],
              "size": [
                4,
                3,
                1
              ],
              "uv": {
                "north": {
                  "uv": [
                    7.584,
                    11.456
                  ],
                  "uv_size": [
                    1.936,
                    1.2
                  ]
                },
                "east": {
                  "uv": [
                    0.32,
                    7.168
                  ],
                  "uv_size": [
                    -0.016,
                    0.08
                  ]
                },
                "south": {
                  "uv": [
                    0.32,
                    7.136
                  ],
                  "uv_size": [
                    0.016,
                    0.08
                  ]
                },
                "west": {
                  "uv": [
                    0.352,
                    7.264
                  ],
                  "uv_size": [
                    -0.048,
                    -0.08
                  ]
                },
                "up": {
                  "uv": [
                    0.4,
                    7.264
                  ],
                  "uv_size": [
                    -0.112,
                    0.032
                  ]
                },
                "down": {
                  "uv": [
                    3.76,
                    1.232
                  ],
                  "uv_size": [
                    -0.88,
                    -0.08
                  ]
                }
              }
            },
            {
              "origin": [
                -2,
                9,
                3
              ],
              "size": [
                4,
                3,
                1
              ],
              "uv": {
                "north": {
                  "uv": [
                    7.584,
                    11.456
                  ],
                  "uv_size": [
                    1.936,
                    1.2
                  ]
                },
                "east": {
                  "uv": [
                    0.32,
                    7.168
                  ],
                  "uv_size": [
                    -0.016,
                    0.08
                  ]
                },
                "south": {
                  "uv": [
                    0.32,
                    7.136
                  ],
                  "uv_size": [
                    0.016,
                    0.08
                  ]
                },
                "west": {
                  "uv": [
                    0.352,
                    7.264
                  ],
                  "uv_size": [
                    -0.048,
                    -0.08
                  ]
                },
                "up": {
                  "uv": [
                    0.4,
                    7.264
                  ],
                  "uv_size": [
                    -0.112,
                    0.032
                  ]
                },
                "down": {
                  "uv": [
                    3.76,
                    1.232
                  ],
                  "uv_size": [
                    -0.88,
                    -0.08
                  ]
                }
              }
            },
            {
              "origin": [
                -2,
                9,
                5
              ],
              "size": [
                4,
                3,
                1
              ],
              "uv": {
                "north": {
                  "uv": [
                    7.584,
                    11.456
                  ],
                  "uv_size": [
                    1.936,
                    1.2
                  ]
                },
                "east": {
                  "uv": [
                    0.32,
                    7.168
                  ],
                  "uv_size": [
                    -0.016,
                    0.08
                  ]
                },
                "south": {
                  "uv": [
                    0.32,
                    7.136
                  ],
                  "uv_size": [
                    0.016,
                    0.08
                  ]
                },
                "west": {
                  "uv": [
                    0.352,
                    7.264
                  ],
                  "uv_size": [
                    -0.048,
                    -0.08
                  ]
                },
                "up": {
                  "uv": [
                    0.4,
                    7.264
                  ],
                  "uv_size": [
                    -0.112,
                    0.032
                  ]
                },
                "down": {
                  "uv": [
                    3.76,
                    1.232
                  ],
                  "uv_size": [
                    -0.88,
                    -0.08
                  ]
                }
              }
            },
            {
              "origin": [
                3,
                9,
                -3
              ],
              "size": [
                4,
                3,
                1
              ],
              "uv": {
                "north": {
                  "uv": [
                    7.584,
                    11.456
                  ],
                  "uv_size": [
                    1.936,
                    1.2
                  ]
                },
                "east": {
                  "uv": [
                    0.32,
                    7.168
                  ],
                  "uv_size": [
                    -0.016,
                    0.08
                  ]
                },
                "south": {
                  "uv": [
                    0.32,
                    7.136
                  ],
                  "uv_size": [
                    0.016,
                    0.08
                  ]
                },
                "west": {
                  "uv": [
                    0.352,
                    7.264
                  ],
                  "uv_size": [
                    -0.048,
                    -0.08
                  ]
                },
                "up": {
                  "uv": [
                    0.4,
                    7.264
                  ],
                  "uv_size": [
                    -0.112,
                    0.032
                  ]
                },
                "down": {
                  "uv": [
                    3.76,
                    1.232
                  ],
                  "uv_size": [
                    -0.88,
                    -0.08
                  ]
                }
              }
            },
            {
              "origin": [
                3,
                9,
                -1
              ],
              "size": [
                4,
                3,
                1
              ],
              "uv": {
                "north": {
                  "uv": [
                    7.584,
                    11.456
                  ],
                  "uv_size": [
                    1.936,
                    1.2
                  ]
                },
                "east": {
                  "uv": [
                    0.32,
                    7.168
                  ],
                  "uv_size": [
                    -0.016,
                    0.08
                  ]
                },
                "south": {
                  "uv": [
                    0.32,
                    7.136
                  ],
                  "uv_size": [
                    0.016,
                    0.08
                  ]
                },
                "west": {
                  "uv": [
                    0.352,
                    7.264
                  ],
                  "uv_size": [
                    -0.048,
                    -0.08
                  ]
                },
                "up": {
                  "uv": [
                    0.4,
                    7.264
                  ],
                  "uv_size": [
                    -0.112,
                    0.032
                  ]
                },
                "down": {
                  "uv": [
                    3.76,
                    1.232
                  ],
                  "uv_size": [
                    -0.88,
                    -0.08
                  ]
                }
              }
            },
            {
              "origin": [
                3,
                9,
                1
              ],
              "size": [
                4,
                3,
                1
              ],
              "uv": {
                "north": {
                  "uv": [
                    7.584,
                    11.456
                  ],
                  "uv_size": [
                    1.936,
                    1.2
                  ]
                },
                "east": {
                  "uv": [
                    0.32,
                    7.168
                  ],
                  "uv_size": [
                    -0.016,
                    0.08
                  ]
                },
                "south": {
                  "uv": [
                    0.32,
                    7.136
                  ],
                  "uv_size": [
                    0.016,
                    0.08
                  ]
                },
                "west": {
                  "uv": [
                    0.352,
                    7.264
                  ],
                  "uv_size": [
                    -0.048,
                    -0.08
                  ]
                },
                "up": {
                  "uv": [
                    0.4,
                    7.264
                  ],
                  "uv_size": [
                    -0.112,
                    0.032
                  ]
                },
                "down": {
                  "uv": [
                    3.76,
                    1.232
                  ],
                  "uv_size": [
                    -0.88,
                    -0.08
                  ]
                }
              }
            },
            {
              "origin": [
                3,
                9,
                3
              ],
              "size": [
                4,
                3,
                1
              ],
              "uv": {
                "north": {
                  "uv": [
                    7.584,
                    11.456
                  ],
                  "uv_size": [
                    1.936,
                    1.2
                  ]
                },
                "east": {
                  "uv": [
                    0.32,
                    7.168
                  ],
                  "uv_size": [
                    -0.016,
                    0.08
                  ]
                },
                "south": {
                  "uv": [
                    0.32,
                    7.136
                  ],
                  "uv_size": [
                    0.016,
                    0.08
                  ]
                },
                "west": {
                  "uv": [
                    0.352,
                    7.264
                  ],
                  "uv_size": [
                    -0.048,
                    -0.08
                  ]
                },
                "up": {
                  "uv": [
                    0.4,
                    7.264
                  ],
                  "uv_size": [
                    -0.112,
                    0.032
                  ]
                },
                "down": {
                  "uv": [
                    3.76,
                    1.232
                  ],
                  "uv_size": [
                    -0.88,
                    -0.08
                  ]
                }
              }
            },
            {
              "origin": [
                3,
                9,
                5
              ],
              "size": [
                4,
                3,
                1
              ],
              "uv": {
                "north": {
                  "uv": [
                    7.584,
                    11.456
                  ],
                  "uv_size": [
                    1.936,
                    1.2
                  ]
                },
                "east": {
                  "uv": [
                    0.32,
                    7.168
                  ],
                  "uv_size": [
                    -0.016,
                    0.08
                  ]
                },
                "south": {
                  "uv": [
                    0.32,
                    7.136
                  ],
                  "uv_size": [
                    0.016,
                    0.08
                  ]
                },
                "west": {
                  "uv": [
                    0.352,
                    7.264
                  ],
                  "uv_size": [
                    -0.048,
                    -0.08
                  ]
                },
                "up": {
                  "uv": [
                    0.4,
                    7.264
                  ],
                  "uv_size": [
                    -0.112,
                    0.032
                  ]
                },
                "down": {
                  "uv": [
                    3.76,
                    1.232
                  ],
                  "uv_size": [
                    -0.88,
                    -0.08
                  ]
                }
              }
            },
            {
              "origin": [
                -7,
                1,
                -1
              ],
              "size": [
                4,
                5,
                1
              ],
              "uv": {
                "north": {
                  "uv": [
                    0.8,
                    9.248
                  ],
                  "uv_size": [
                    1.936,
                    2.736
                  ]
                },
                "east": {
                  "uv": [
                    2.048,
                    9.28
                  ],
                  "uv_size": [
                    -0.016,
                    0.08
                  ]
                },
                "south": {
                  "uv": [
                    2.336,
                    9.28
                  ],
                  "uv_size": [
                    -0.208,
                    0.08
                  ]
                },
                "west": {
                  "uv": [
                    2.208,
                    9.312
                  ],
                  "uv_size": [
                    -0.112,
                    0.048
                  ]
                },
                "up": {
                  "uv": [
                    1.936,
                    9.312
                  ],
                  "uv_size": [
                    -0.112,
                    0.032
                  ]
                },
                "down": {
                  "uv": [
                    3.76,
                    1.232
                  ],
                  "uv_size": [
                    -0.88,
                    -0.08
                  ]
                }
              }
            },
            {
              "origin": [
                -7,
                1,
                1
              ],
              "size": [
                4,
                5,
                1
              ],
              "uv": {
                "north": {
                  "uv": [
                    0.8,
                    9.248
                  ],
                  "uv_size": [
                    1.936,
                    2.736
                  ]
                },
                "east": {
                  "uv": [
                    2.048,
                    9.28
                  ],
                  "uv_size": [
                    -0.016,
                    0.08
                  ]
                },
                "south": {
                  "uv": [
                    2.336,
                    9.28
                  ],
                  "uv_size": [
                    -0.208,
                    0.08
                  ]
                },
                "west": {
                  "uv": [
                    2.208,
                    9.312
                  ],
                  "uv_size": [
                    -0.112,
                    0.048
                  ]
                },
                "up": {
                  "uv": [
                    1.936,
                    9.312
                  ],
                  "uv_size": [
                    -0.112,
                    0.032
                  ]
                },
                "down": {
                  "uv": [
                    3.76,
                    1.232
                  ],
                  "uv_size": [
                    -0.88,
                    -0.08
                  ]
                }
              }
            },
            {
              "origin": [
                -7,
                1,
                3
              ],
              "size": [
                4,
                5,
                1
              ],
              "uv": {
                "north": {
                  "uv": [
                    0.8,
                    9.248
                  ],
                  "uv_size": [
                    1.936,
                    2.736
                  ]
                },
                "east": {
                  "uv": [
                    2.048,
                    9.28
                  ],
                  "uv_size": [
                    -0.016,
                    0.08
                  ]
                },
                "south": {
                  "uv": [
                    2.336,
                    9.28
                  ],
                  "uv_size": [
                    -0.208,
                    0.08
                  ]
                },
                "west": {
                  "uv": [
                    2.208,
                    9.312
                  ],
                  "uv_size": [
                    -0.112,
                    0.048
                  ]
                },
                "up": {
                  "uv": [
                    1.936,
                    9.312
                  ],
                  "uv_size": [
                    -0.112,
                    0.032
                  ]
                },
                "down": {
                  "uv": [
                    3.76,
                    1.232
                  ],
                  "uv_size": [
                    -0.88,
                    -0.08
                  ]
                }
              }
            },
            {
              "origin": [
                -7,
                1,
                5
              ],
              "size": [
                4,
                5,
                1
              ],
              "uv": {
                "north": {
                  "uv": [
                    0.8,
                    9.248
                  ],
                  "uv_size": [
                    1.936,
                    2.736
                  ]
                },
                "east": {
                  "uv": [
                    2.048,
                    9.28
                  ],
                  "uv_size": [
                    -0.016,
                    0.08
                  ]
                },
                "south": {
                  "uv": [
                    2.336,
                    9.28
                  ],
                  "uv_size": [
                    -0.208,
                    0.08
                  ]
                },
                "west": {
                  "uv": [
                    2.208,
                    9.312
                  ],
                  "uv_size": [
                    -0.112,
                    0.048
                  ]
                },
                "up": {
                  "uv": [
                    1.936,
                    9.312
                  ],
                  "uv_size": [
                    -0.112,
                    0.032
                  ]
                },
                "down": {
                  "uv": [
                    3.76,
                    1.232
                  ],
                  "uv_size": [
                    -0.88,
                    -0.08
                  ]
                }
              }
            }
          ]
        },
        {
          "name": "bone3",
          "pivot": [
            5,
            0,
            0
          ],
          "cubes": [
            {
              "origin": [
                -2,
                1,
                -3
              ],
              "size": [
                4,
                5,
                1
              ],
              "uv": {
                "north": {
                  "uv": [
                    0.8,
                    9.248
                  ],
                  "uv_size": [
                    1.936,
                    2.736
                  ]
                },
                "east": {
                  "uv": [
                    2.048,
                    9.28
                  ],
                  "uv_size": [
                    -0.016,
                    0.08
                  ]
                },
                "south": {
                  "uv": [
                    2.336,
                    9.28
                  ],
                  "uv_size": [
                    -0.208,
                    0.08
                  ]
                },
                "west": {
                  "uv": [
                    2.208,
                    9.312
                  ],
                  "uv_size": [
                    -0.112,
                    0.048
                  ]
                },
                "up": {
                  "uv": [
                    1.936,
                    9.312
                  ],
                  "uv_size": [
                    -0.112,
                    0.032
                  ]
                },
                "down": {
                  "uv": [
                    3.76,
                    1.232
                  ],
                  "uv_size": [
                    -0.88,
                    -0.08
                  ]
                }
              }
            },
            {
              "origin": [
                -2,
                1,
                -1
              ],
              "size": [
                4,
                5,
                1
              ],
              "uv": {
                "north": {
                  "uv": [
                    0.8,
                    9.248
                  ],
                  "uv_size": [
                    1.936,
                    2.736
                  ]
                },
                "east": {
                  "uv": [
                    2.048,
                    9.28
                  ],
                  "uv_size": [
                    -0.016,
                    0.08
                  ]
                },
                "south": {
                  "uv": [
                    2.336,
                    9.28
                  ],
                  "uv_size": [
                    -0.208,
                    0.08
                  ]
                },
                "west": {
                  "uv": [
                    2.208,
                    9.312
                  ],
                  "uv_size": [
                    -0.112,
                    0.048
                  ]
                },
                "up": {
                  "uv": [
                    1.936,
                    9.312
                  ],
                  "uv_size": [
                    -0.112,
                    0.032
                  ]
                },
                "down": {
                  "uv": [
                    3.76,
                    1.232
                  ],
                  "uv_size": [
                    -0.88,
                    -0.08
                  ]
                }
              }
            },
            {
              "origin": [
                -2,
                1,
                1
              ],
              "size": [
                4,
                5,
                1
              ],
              "uv": {
                "north": {
                  "uv": [
                    0.8,
                    9.248
                  ],
                  "uv_size": [
                    1.936,
                    2.736
                  ]
                },
                "east": {
                  "uv": [
                    2.048,
                    9.28
                  ],
                  "uv_size": [
                    -0.016,
                    0.08
                  ]
                },
                "south": {
                  "uv": [
                    2.336,
                    9.28
                  ],
                  "uv_size": [
                    -0.208,
                    0.08
                  ]
                },
                "west": {
                  "uv": [
                    2.208,
                    9.312
                  ],
                  "uv_size": [
                    -0.112,
                    0.048
                  ]
                },
                "up": {
                  "uv": [
                    1.936,
                    9.312
                  ],
                  "uv_size": [
                    -0.112,
                    0.032
                  ]
                },
                "down": {
                  "uv": [
                    3.76,
                    1.232
                  ],
                  "uv_size": [
                    -0.88,
                    -0.08
                  ]
                }
              }
            },
            {
              "origin": [
                -2,
                1,
                3
              ],
              "size": [
                4,
                5,
                1
              ],
              "uv": {
                "north": {
                  "uv": [
                    0.8,
                    9.248
                  ],
                  "uv_size": [
                    1.936,
                    2.736
                  ]
                },
                "east": {
                  "uv": [
                    2.048,
                    9.28
                  ],
                  "uv_size": [
                    -0.016,
                    0.08
                  ]
                },
                "south": {
                  "uv": [
                    2.336,
                    9.28
                  ],
                  "uv_size": [
                    -0.208,
                    0.08
                  ]
                },
                "west": {
                  "uv": [
                    2.208,
                    9.312
                  ],
                  "uv_size": [
                    -0.112,
                    0.048
                  ]
                },
                "up": {
                  "uv": [
                    1.936,
                    9.312
                  ],
                  "uv_size": [
                    -0.112,
                    0.032
                  ]
                },
                "down": {
                  "uv": [
                    3.76,
                    1.232
                  ],
                  "uv_size": [
                    -0.88,
                    -0.08
                  ]
                }
              }
            },
            {
              "origin": [
                -2,
                1,
                5
              ],
              "size": [
                4,
                5,
                1
              ],
              "uv": {
                "north": {
                  "uv": [
                    0.8,
                    9.248
                  ],
                  "uv_size": [
                    1.936,
                    2.736
                  ]
                },
                "east": {
                  "uv": [
                    2.048,
                    9.28
                  ],
                  "uv_size": [
                    -0.016,
                    0.08
                  ]
                },
                "south": {
                  "uv": [
                    2.336,
                    9.28
                  ],
                  "uv_size": [
                    -0.208,
                    0.08
                  ]
                },
                "west": {
                  "uv": [
                    2.208,
                    9.312
                  ],
                  "uv_size": [
                    -0.112,
                    0.048
                  ]
                },
                "up": {
                  "uv": [
                    1.936,
                    9.312
                  ],
                  "uv_size": [
                    -0.112,
                    0.032
                  ]
                },
                "down": {
                  "uv": [
                    3.76,
                    1.232
                  ],
                  "uv_size": [
                    -0.88,
                    -0.08
                  ]
                }
              }
            }
          ]
        },
        {
          "name": "bone4",
          "pivot": [
            10,
            0,
            0
          ],
          "cubes": [
            {
              "origin": [
                3,
                1,
                -3
              ],
              "size": [
                4,
                5,
                1
              ],
              "uv": {
                "north": {
                  "uv": [
                    0.8,
                    9.248
                  ],
                  "uv_size": [
                    1.936,
                    2.736
                  ]
                },
                "east": {
                  "uv": [
                    2.048,
                    9.28
                  ],
                  "uv_size": [
                    -0.016,
                    0.08
                  ]
                },
                "south": {
                  "uv": [
                    2.336,
                    9.28
                  ],
                  "uv_size": [
                    -0.208,
                    0.08
                  ]
                },
                "west": {
                  "uv": [
                    2.208,
                    9.312
                  ],
                  "uv_size": [
                    -0.112,
                    0.048
                  ]
                },
                "up": {
                  "uv": [
                    1.936,
                    9.312
                  ],
                  "uv_size": [
                    -0.112,
                    0.032
                  ]
                },
                "down": {
                  "uv": [
                    3.76,
                    1.232
                  ],
                  "uv_size": [
                    -0.88,
                    -0.08
                  ]
                }
              }
            },
            {
              "origin": [
                3,
                1,
                -1
              ],
              "size": [
                4,
                5,
                1
              ],
              "uv": {
                "north": {
                  "uv": [
                    0.8,
                    9.248
                  ],
                  "uv_size": [
                    1.936,
                    2.736
                  ]
                },
                "east": {
                  "uv": [
                    2.048,
                    9.28
                  ],
                  "uv_size": [
                    -0.016,
                    0.08
                  ]
                },
                "south": {
                  "uv": [
                    2.336,
                    9.28
                  ],
                  "uv_size": [
                    -0.208,
                    0.08
                  ]
                },
                "west": {
                  "uv": [
                    2.208,
                    9.312
                  ],
                  "uv_size": [
                    -0.112,
                    0.048
                  ]
                },
                "up": {
                  "uv": [
                    1.936,
                    9.312
                  ],
                  "uv_size": [
                    -0.112,
                    0.032
                  ]
                },
                "down": {
                  "uv": [
                    3.76,
                    1.232
                  ],
                  "uv_size": [
                    -0.88,
                    -0.08
                  ]
                }
              }
            },
            {
              "origin": [
                3,
                1,
                1
              ],
              "size": [
                4,
                5,
                1
              ],
              "uv": {
                "north": {
                  "uv": [
                    0.8,
                    9.248
                  ],
                  "uv_size": [
                    1.936,
                    2.736
                  ]
                },
                "east": {
                  "uv": [
                    2.048,
                    9.28
                  ],
                  "uv_size": [
                    -0.016,
                    0.08
                  ]
                },
                "south": {
                  "uv": [
                    2.336,
                    9.28
                  ],
                  "uv_size": [
                    -0.208,
                    0.08
                  ]
                },
                "west": {
                  "uv": [
                    2.208,
                    9.312
                  ],
                  "uv_size": [
                    -0.112,
                    0.048
                  ]
                },
                "up": {
                  "uv": [
                    1.936,
                    9.312
                  ],
                  "uv_size": [
                    -0.112,
                    0.032
                  ]
                },
                "down": {
                  "uv": [
                    3.76,
                    1.232
                  ],
                  "uv_size": [
                    -0.88,
                    -0.08
                  ]
                }
              }
            },
            {
              "origin": [
                3,
                1,
                3
              ],
              "size": [
                4,
                5,
                1
              ],
              "uv": {
                "north": {
                  "uv": [
                    0.8,
                    9.248
                  ],
                  "uv_size": [
                    1.936,
                    2.736
                  ]
                },
                "east": {
                  "uv": [
                    2.048,
                    9.28
                  ],
                  "uv_size": [
                    -0.016,
                    0.08
                  ]
                },
                "south": {
                  "uv": [
                    2.336,
                    9.28
                  ],
                  "uv_size": [
                    -0.208,
                    0.08
                  ]
                },
                "west": {
                  "uv": [
                    2.208,
                    9.312
                  ],
                  "uv_size": [
                    -0.112,
                    0.048
                  ]
                },
                "up": {
                  "uv": [
                    1.936,
                    9.312
                  ],
                  "uv_size": [
                    -0.112,
                    0.032
                  ]
                },
                "down": {
                  "uv": [
                    3.76,
                    1.232
                  ],
                  "uv_size": [
                    -0.88,
                    -0.08
                  ]
                }
              }
            },
            {
              "origin": [
                3,
                1,
                5
              ],
              "size": [
                4,
                5,
                1
              ],
              "uv": {
                "north": {
                  "uv": [
                    0.8,
                    9.248
                  ],
                  "uv_size": [
                    1.936,
                    2.736
                  ]
                },
                "east": {
                  "uv": [
                    2.048,
                    9.28
                  ],
                  "uv_size": [
                    -0.016,
                    0.08
                  ]
                },
                "south": {
                  "uv": [
                    2.336,
                    9.28
                  ],
                  "uv_size": [
                    -0.208,
                    0.08
                  ]
                },
                "west": {
                  "uv": [
                    2.208,
                    9.312
                  ],
                  "uv_size": [
                    -0.112,
                    0.048
                  ]
                },
                "up": {
                  "uv": [
                    1.936,
                    9.312
                  ],
                  "uv_size": [
                    -0.112,
                    0.032
                  ]
                },
                "down": {
                  "uv": [
                    3.76,
                    1.232
                  ],
                  "uv_size": [
                    -0.88,
                    -0.08
                  ]
                }
              }
            }
          ]
        }
      ]
    }
  ]
}