{
  "format_version": "1.12.0",
  "minecraft:geometry": [
    {
      "description": {
        "identifier": "geometry.pa_tiang_bendera",
        "texture_width": 64,
        "texture_height": 64,
        "visible_bounds_width": 5,
        "visible_bounds_height": 7.5,
        "visible_bounds_offset": [
          0,
          3.25,
          0
        ]
      },
      "bones": [
        {
          "name": "bone",
          "pivot": [
            0,
            0,
            0
          ],
          "cubes": [
            {
              "origin": [
                0,
                75,
                -41
              ],
              "size": [
                2,
                19,
                31
              ],
              "uv": {
                "north": {
                  "uv": [
                    0,
                    0
                  ],
                  "uv_size": [
                    3,
                    18
                  ]
                },
                "east": {
                  "uv": [
                    0,
                    0
                  ],
                  "uv_size": [
                    30,
                    18
                  ]
                },
                "south": {
                  "uv": [
                    0,
                    0
                  ],
                  "uv_size": [
                    3,
                    18
                  ]
                },
                "west": {
                  "uv": [
                    13.01333,
                    7.89333
                  ],
                  "uv_size": [
                    36.72,
                    16.50667
                  ]
                },
                "up": {
                  "uv": [
                    3,
                    30
                  ],
                  "uv_size": [
                    -3,
                    -30
                  ]
                },
                "down": {
                  "uv": [
                    3,
                    30
                  ],
                  "uv_size": [
                    -3,
                    -30
                  ]
                }
              }
            },
            {
              "origin": [
                0,
                60,
                -41
              ],
              "size": [
                2,
                9,
                31
              ],
              "uv": {
                "north": {
                  "uv": [
                    0,
                    0
                  ],
                  "uv_size": [
                    3,
                    18
                  ]
                },
                "east": {
                  "uv": [
                    0,
                    0
                  ],
                  "uv_size": [
                    30,
                    18
                  ]
                },
                "south": {
                  "uv": [
                    0,
                    0
                  ],
                  "uv_size": [
                    3,
                    18
                  ]
                },
                "west": {
                  "uv": [
                    10.98667,
                    34.02667
                  ],
                  "uv_size": [
                    41.94667,
                    11.6
                  ]
                },
                "up": {
                  "uv": [
                    3,
                    30
                  ],
                  "uv_size": [
                    -3,
                    -30
                  ]
                },
                "down": {
                  "uv": [
                    3,
                    30
                  ],
                  "uv_size": [
                    -3,
                    -30
                  ]
                }
              }
            },
            {
              "origin": [
                -2,
                60,
                -41
              ],
              "size": [
                2,
                9,
                31
              ],
              "uv": {
                "north": {
                  "uv": [
                    0,
                    0
                  ],
                  "uv_size": [
                    3,
                    18
                  ]
                },
                "east": {
                  "uv": [
                    11.2,
                    34.13333
                  ],
                  "uv_size": [
                    30,
                    11.38667
                  ]
                },
                "south": {
                  "uv": [
                    0,
                    0
                  ],
                  "uv_size": [
                    3,
                    18
                  ]
                },
                "west": {
                  "uv": [
                    11.09333,
                    34.13333
                  ],
                  "uv_size": [
                    41.94667,
                    11.49333
                  ]
                },
                "up": {
                  "uv": [
                    3,
                    30
                  ],
                  "uv_size": [
                    -3,
                    -30
                  ]
                },
                "down": {
                  "uv": [
                    3,
                    30
                  ],
                  "uv_size": [
                    -3,
                    -30
                  ]
                }
              }
            },
            {
              "origin": [
                -2,
                75,
                -41
              ],
              "size": [
                2,
                19,
                31
              ],
              "uv": {
                "north": {
                  "uv": [
                    0,
                    0
                  ],
                  "uv_size": [
                    3,
                    18
                  ]
                },
                "east": {
                  "uv": [
                    13.22667,
                    8
                  ],
                  "uv_size": [
                    36.61333,
                    16.29333
                  ]
                },
                "south": {
                  "uv": [
                    0,
                    0
                  ],
                  "uv_size": [
                    3,
                    18
                  ]
                },
                "west": {
                  "uv": [
                    13.01333,
                    7.89333
                  ],
                  "uv_size": [
                    36.72,
                    16.50667
                  ]
                },
                "up": {
                  "uv": [
                    3,
                    30
                  ],
                  "uv_size": [
                    -3,
                    -30
                  ]
                },
                "down": {
                  "uv": [
                    3,
                    30
                  ],
                  "uv_size": [
                    -3,
                    -30
                  ]
                }
              }
            }
          ]
        },
        {
          "name": "hexadecagon",
          "pivot": [
            8,
            -8,
            -8
          ],
          "cubes": [
            {
              "origin": [
                -0.49728,
                -0.5,
                -2.5
              ],
              "size": [
                0.99456,
                88,
                5
              ],
              "pivot": [
                0,
                0,
                0
              ],
              "rotation": [
                0,
                45,
                0
              ],
              "uv": {
                "north": {
                  "uv": [
                    0,
                    0
                  ],
                  "uv_size": [
                    1,
                    1
                  ]
                },
                "east": {
                  "uv": [
                    0,
                    0
                  ],
                  "uv_size": [
                    1,
                    1
                  ]
                },
                "south": {
                  "uv": [
                    0,
                    0
                  ],
                  "uv_size": [
                    1,
                    1
                  ]
                },
                "west": {
                  "uv": [
                    0,
                    0
                  ],
                  "uv_size": [
                    1,
                    1
                  ]
                },
                "up": {
                  "uv": [
                    1,
                    1
                  ],
                  "uv_size": [
                    -1,
                    -1
                  ]
                },
                "down": {
                  "uv": [
                    1,
                    1
                  ],
                  "uv_size": [
                    -1,
                    -1
                  ]
                }
              }
            },
            {
              "origin": [
                -0.49728,
                -0.5,
                -2.5
              ],
              "size": [
                0.99456,
                88,
                5
              ],
              "pivot": [
                0,
                0,
                0
              ],
              "rotation": [
                0,
                22.5,
                0
              ],
              "uv": {
                "north": {
                  "uv": [
                    0,
                    0
                  ],
                  "uv_size": [
                    1,
                    1
                  ]
                },
                "east": {
                  "uv": [
                    0,
                    0
                  ],
                  "uv_size": [
                    1,
                    1
                  ]
                },
                "south": {
                  "uv": [
                    0,
                    0
                  ],
                  "uv_size": [
                    1,
                    1
                  ]
                },
                "west": {
                  "uv": [
                    0,
                    0
                  ],
                  "uv_size": [
                    1,
                    1
                  ]
                },
                "up": {
                  "uv": [
                    1,
                    1
                  ],
                  "uv_size": [
                    -1,
                    -1
                  ]
                },
                "down": {
                  "uv": [
                    1,
                    1
                  ],
                  "uv_size": [
                    -1,
                    -1
                  ]
                }
              }
            },
            {
              "origin": [
                -0.49728,
                -0.5,
                -2.5
              ],
              "size": [
                0.99456,
                88,
                5
              ],
              "uv": {
                "north": {
                  "uv": [
                    0,
                    0
                  ],
                  "uv_size": [
                    1,
                    1
                  ]
                },
                "east": {
                  "uv": [
                    0,
                    0
                  ],
                  "uv_size": [
                    1,
                    1
                  ]
                },
                "south": {
                  "uv": [
                    0,
                    0
                  ],
                  "uv_size": [
                    1,
                    1
                  ]
                },
                "west": {
                  "uv": [
                    0,
                    0
                  ],
                  "uv_size": [
                    1,
                    1
                  ]
                },
                "up": {
                  "uv": [
                    1,
                    1
                  ],
                  "uv_size": [
                    -1,
                    -1
                  ]
                },
                "down": {
                  "uv": [
                    1,
                    1
                  ],
                  "uv_size": [
                    -1,
                    -1
                  ]
                }
              }
            },
            {
              "origin": [
                -0.49728,
                83.5,
                -37.5
              ],
              "size": [
                0.99456,
                2,
                35
              ],
              "uv": {
                "north": {
                  "uv": [
                    0,
                    0
                  ],
                  "uv_size": [
                    1,
                    1
                  ]
                },
                "east": {
                  "uv": [
                    0,
                    0
                  ],
                  "uv_size": [
                    1,
                    1
                  ]
                },
                "south": {
                  "uv": [
                    0,
                    0
                  ],
                  "uv_size": [
                    1,
                    1
                  ]
                },
                "west": {
                  "uv": [
                    0,
                    0
                  ],
                  "uv_size": [
                    1,
                    1
                  ]
                },
                "up": {
                  "uv": [
                    1,
                    1
                  ],
                  "uv_size": [
                    -1,
                    -1
                  ]
                },
                "down": {
                  "uv": [
                    1,
                    1
                  ],
                  "uv_size": [
                    -1,
                    -1
                  ]
                }
              }
            },
            {
              "origin": [
                -0.49728,
                70.5,
                -27.5
              ],
              "size": [
                0.99456,
                2,
                25
              ],
              "uv": {
                "north": {
                  "uv": [
                    0,
                    0
                  ],
                  "uv_size": [
                    1,
                    1
                  ]
                },
                "east": {
                  "uv": [
                    0,
                    0
                  ],
                  "uv_size": [
                    1,
                    1
                  ]
                },
                "south": {
                  "uv": [
                    0,
                    0
                  ],
                  "uv_size": [
                    1,
                    1
                  ]
                },
                "west": {
                  "uv": [
                    0,
                    0
                  ],
                  "uv_size": [
                    1,
                    1
                  ]
                },
                "up": {
                  "uv": [
                    1,
                    1
                  ],
                  "uv_size": [
                    -1,
                    -1
                  ]
                },
                "down": {
                  "uv": [
                    1,
                    1
                  ],
                  "uv_size": [
                    -1,
                    -1
                  ]
                }
              }
            },
            {
              "origin": [
                -0.49728,
                72.5,
                -24.5
              ],
              "size": [
                0.99456,
                4,
                2
              ],
              "uv": {
                "north": {
                  "uv": [
                    0,
                    0
                  ],
                  "uv_size": [
                    1,
                    1
                  ]
                },
                "east": {
                  "uv": [
                    0,
                    0
                  ],
                  "uv_size": [
                    1,
                    1
                  ]
                },
                "south": {
                  "uv": [
                    0,
                    0
                  ],
                  "uv_size": [
                    1,
                    1
                  ]
                },
                "west": {
                  "uv": [
                    0,
                    0
                  ],
                  "uv_size": [
                    1,
                    1
                  ]
                },
                "up": {
                  "uv": [
                    1,
                    1
                  ],
                  "uv_size": [
                    -1,
                    -1
                  ]
                },
                "down": {
                  "uv": [
                    1,
                    1
                  ],
                  "uv_size": [
                    -1,
                    -1
                  ]
                }
              }
            },
            {
              "origin": [
                -0.49728,
                67.5,
                -24.5
              ],
              "size": [
                0.99456,
                4,
                2
              ],
              "uv": {
                "north": {
                  "uv": [
                    0,
                    0
                  ],
                  "uv_size": [
                    1,
                    1
                  ]
                },
                "east": {
                  "uv": [
                    0,
                    0
                  ],
                  "uv_size": [
                    1,
                    1
                  ]
                },
                "south": {
                  "uv": [
                    0,
                    0
                  ],
                  "uv_size": [
                    1,
                    1
                  ]
                },
                "west": {
                  "uv": [
                    0,
                    0
                  ],
                  "uv_size": [
                    1,
                    1
                  ]
                },
                "up": {
                  "uv": [
                    1,
                    1
                  ],
                  "uv_size": [
                    -1,
                    -1
                  ]
                },
                "down": {
                  "uv": [
                    1,
                    1
                  ],
                  "uv_size": [
                    -1,
                    -1
                  ]
                }
              }
            },
            {
              "origin": [
                -0.49728,
                72.5,
                -14.5
              ],
              "size": [
                0.99456,
                4,
                2
              ],
              "uv": {
                "north": {
                  "uv": [
                    0,
                    0
                  ],
                  "uv_size": [
                    1,
                    1
                  ]
                },
                "east": {
                  "uv": [
                    0,
                    0
                  ],
                  "uv_size": [
                    1,
                    1
                  ]
                },
                "south": {
                  "uv": [
                    0,
                    0
                  ],
                  "uv_size": [
                    1,
                    1
                  ]
                },
                "west": {
                  "uv": [
                    0,
                    0
                  ],
                  "uv_size": [
                    1,
                    1
                  ]
                },
                "up": {
                  "uv": [
                    1,
                    1
                  ],
                  "uv_size": [
                    -1,
                    -1
                  ]
                },
                "down": {
                  "uv": [
                    1,
                    1
                  ],
                  "uv_size": [
                    -1,
                    -1
                  ]
                }
              }
            },
            {
              "origin": [
                -0.49728,
                67.5,
                -14.5
              ],
              "size": [
                0.99456,
                4,
                2
              ],
              "uv": {
                "north": {
                  "uv": [
                    0,
                    0
                  ],
                  "uv_size": [
                    1,
                    1
                  ]
                },
                "east": {
                  "uv": [
                    0,
                    0
                  ],
                  "uv_size": [
                    1,
                    1
                  ]
                },
                "south": {
                  "uv": [
                    0,
                    0
                  ],
                  "uv_size": [
                    1,
                    1
                  ]
                },
                "west": {
                  "uv": [
                    0,
                    0
                  ],
                  "uv_size": [
                    1,
                    1
                  ]
                },
                "up": {
                  "uv": [
                    1,
                    1
                  ],
                  "uv_size": [
                    -1,
                    -1
                  ]
                },
                "down": {
                  "uv": [
                    1,
                    1
                  ],
                  "uv_size": [
                    -1,
                    -1
                  ]
                }
              }
            },
            {
              "origin": [
                -0.49728,
                -0.5,
                -2.5
              ],
              "size": [
                0.99456,
                88,
                5
              ],
              "pivot": [
                0,
                0,
                0
              ],
              "rotation": [
                0,
                -22.5,
                0
              ],
              "uv": {
                "north": {
                  "uv": [
                    0,
                    0
                  ],
                  "uv_size": [
                    1,
                    1
                  ]
                },
                "east": {
                  "uv": [
                    0,
                    0
                  ],
                  "uv_size": [
                    1,
                    1
                  ]
                },
                "south": {
                  "uv": [
                    0,
                    0
                  ],
                  "uv_size": [
                    1,
                    1
                  ]
                },
                "west": {
                  "uv": [
                    0,
                    0
                  ],
                  "uv_size": [
                    1,
                    1
                  ]
                },
                "up": {
                  "uv": [
                    1,
                    1
                  ],
                  "uv_size": [
                    -1,
                    -1
                  ]
                },
                "down": {
                  "uv": [
                    1,
                    1
                  ],
                  "uv_size": [
                    -1,
                    -1
                  ]
                }
              }
            },
            {
              "origin": [
                -0.49728,
                -0.5,
                -2.5
              ],
              "size": [
                0.99456,
                88,
                5
              ],
              "pivot": [
                0,
                0,
                0
              ],
              "rotation": [
                0,
                -45,
                0
              ],
              "uv": {
                "north": {
                  "uv": [
                    0,
                    0
                  ],
                  "uv_size": [
                    1,
                    1
                  ]
                },
                "east": {
                  "uv": [
                    0,
                    0
                  ],
                  "uv_size": [
                    1,
                    1
                  ]
                },
                "south": {
                  "uv": [
                    0,
                    0
                  ],
                  "uv_size": [
                    1,
                    1
                  ]
                },
                "west": {
                  "uv": [
                    0,
                    0
                  ],
                  "uv_size": [
                    1,
                    1
                  ]
                },
                "up": {
                  "uv": [
                    1,
                    1
                  ],
                  "uv_size": [
                    -1,
                    -1
                  ]
                },
                "down": {
                  "uv": [
                    1,
                    1
                  ],
                  "uv_size": [
                    -1,
                    -1
                  ]
                }
              }
            },
            {
              "origin": [
                -2.5,
                -0.5,
                -0.49728
              ],
              "size": [
                5,
                88,
                0.99456
              ],
              "pivot": [
                0,
                0,
                0
              ],
              "rotation": [
                0,
                22.5,
                0
              ],
              "uv": {
                "north": {
                  "uv": [
                    0,
                    0
                  ],
                  "uv_size": [
                    1,
                    1
                  ]
                },
                "east": {
                  "uv": [
                    0,
                    0
                  ],
                  "uv_size": [
                    1,
                    1
                  ]
                },
                "south": {
                  "uv": [
                    0,
                    0
                  ],
                  "uv_size": [
                    1,
                    1
                  ]
                },
                "west": {
                  "uv": [
                    0,
                    0
                  ],
                  "uv_size": [
                    1,
                    1
                  ]
                },
                "up": {
                  "uv": [
                    1,
                    1
                  ],
                  "uv_size": [
                    -1,
                    -1
                  ]
                },
                "down": {
                  "uv": [
                    1,
                    1
                  ],
                  "uv_size": [
                    -1,
                    -1
                  ]
                }
              }
            },
            {
              "origin": [
                -2.5,
                -0.5,
                -0.49728
              ],
              "size": [
                5,
                88,
                0.99456
              ],
              "uv": {
                "north": {
                  "uv": [
                    0,
                    0
                  ],
                  "uv_size": [
                    1,
                    1
                  ]
                },
                "east": {
                  "uv": [
                    0,
                    0
                  ],
                  "uv_size": [
                    1,
                    1
                  ]
                },
                "south": {
                  "uv": [
                    0,
                    0
                  ],
                  "uv_size": [
                    1,
                    1
                  ]
                },
                "west": {
                  "uv": [
                    0,
                    0
                  ],
                  "uv_size": [
                    1,
                    1
                  ]
                },
                "up": {
                  "uv": [
                    1,
                    1
                  ],
                  "uv_size": [
                    -1,
                    -1
                  ]
                },
                "down": {
                  "uv": [
                    1,
                    1
                  ],
                  "uv_size": [
                    -1,
                    -1
                  ]
                }
              }
            },
            {
              "origin": [
                -2.5,
                -0.5,
                -0.49728
              ],
              "size": [
                5,
                88,
                0.99456
              ],
              "pivot": [
                0,
                0,
                0
              ],
              "rotation": [
                0,
                -22.5,
                0
              ],
              "uv": {
                "north": {
                  "uv": [
                    0,
                    0
                  ],
                  "uv_size": [
                    1,
                    1
                  ]
                },
                "east": {
                  "uv": [
                    0,
                    0
                  ],
                  "uv_size": [
                    1,
                    1
                  ]
                },
                "south": {
                  "uv": [
                    0,
                    0
                  ],
                  "uv_size": [
                    1,
                    1
                  ]
                },
                "west": {
                  "uv": [
                    0,
                    0
                  ],
                  "uv_size": [
                    1,
                    1
                  ]
                },
                "up": {
                  "uv": [
                    1,
                    1
                  ],
                  "uv_size": [
                    -1,
                    -1
                  ]
                },
                "down": {
                  "uv": [
                    1,
                    1
                  ],
                  "uv_size": [
                    -1,
                    -1
                  ]
                }
              }
            }
          ]
        }
      ]
    }
  ]
}