{
    "format_version": "1.10.0",
    "animation_controllers": {
        "controller.animation.summon": {
            "states": {
                "default": {
                    "transitions": [
                        {
                            "summon": "(1.0)"
                        }
                    ]
                },
                "summon": {
                    "transitions": [
                        {
                            "default": "(1.0)"
                        }
                    ],
                    "on_entry": [
                        "/gamerule sendcommandfeedback false",
                        "/execute @s[tag=!already_spawned] ~1~~ summon screen_ui:laptop_black",
                        "/tag @s add already_spawned",
                        "/execute @s[tag=already_spawned] ~1~~ tp @e[type=screen_ui:laptop_black, c=1] ~1~-3~",
                        "/gamerule sendcommandfeedback true"
                    ]
                }
            }
        }
    }
}