{
  "format_version": "1.10.0",
  "minecraft:client_entity": {
    "description": {
      "identifier": "motorcity:classicbike",
      "materials": {
        "default": "entity_alphatest"
      },
      "textures": {
        "variant1": "textures/motor/redclassicbike/variant1",
        "variant2": "textures/motor/redclassicbike/variant2",
        "variant3": "textures/motor/redclassicbike/variant3"
      },
      "geometry": {
        "default": "geometry.redclassicbike"
      },
      "animations": {
        "move": "animation.classicbike.move",
        "ruddle": "animation.policebike.ruddleturn"
      },
      "scripts": {
        "animate": [
          {
            "move": "query.modified_move_speed"
          },
          {
            "ruddle": "query.is_alive"
          }
        ]
      },
      "render_controllers": ["controller.render.bike3"],
      "spawn_egg": {
        "texture": "csb"
      }
    }
  }
}
