{
  "format_version": "1.10.0",
  "minecraft:client_entity": {
    "description": {
      "identifier": "motorcity:policebike",
      "materials": {
        "default": "entity_alphatest"
      },
      "textures": {
        "default": "textures/motor/policebike/police_bike"
      },
      "geometry": {
        "default": "geometry.policebike"
      },
      "animations": {
        "move": "animation.policebike.move",
        "ruddle": "animation.policebike.ruddleturn"
      },
      "scripts": {
        "animate": [
          {
            "move": "query.modified_move_speed"
          },
          {
            "ruddle": "query.is_alive"
          }
        ]
      },
      "render_controllers": ["controller.render.bike1"],
      "spawn_egg": {
        "texture": "pb"
      }
    }
  }
}
