{
  "format_version": "1.10.0",
  "minecraft:client_entity": {
    "description": {
      "identifier": "motorcity:scifibike",
      "materials": {
        "default": "entity_alphatest"
      },
      "textures": {
        "variant1": "textures/motor/scifibike/variant1",
        "variant2": "textures/motor/scifibike/variant2",
        "variant3": "textures/motor/scifibike/variant3",
        "variant4": "textures/motor/scifibike/variant4"
      },
      "geometry": {
        "default": "geometry.scifibike"
      },
      "animations": {
        "move": "animation.scifibike.move",
        "ruddle": "animation.policebike.ruddleturn"
      },
      "scripts": {
        "animate": [
          {
            "move": "query.modified_move_speed"
          },
          {
            "ruddle": "query.is_alive"
          }
        ]
      },
      "render_controllers": ["controller.render.bike4"],
      "spawn_egg": {
        "texture": "scb"
      }
    }
  }
}
