{
  "format_version": "1.10.0",
  "minecraft:client_entity": {
    "description": {
      "identifier": "motorcity:token",
      "materials": {
        "default": "entity_alphatest"
      },
      "textures": {
        "default": "textures/motor/token"
      },
      "geometry": {
        "default": "geometry.token"
      },
      "animations": {
        "move": "animation.token.spinning"
      },
      "scripts": {
        "animate": [
          {
            "move": "query.is_alive"
          }
        ]
      },
      "render_controllers": ["controller.render.bike1"],
      "spawn_egg": {
        "texture": "spawn_egg",
        "texture_index": 0
      }
    }
  }
}
