{
  "format_version": "1.10.0",
  "minecraft:client_entity": {
    "description": {
      "identifier": "motorcity:trophy",
      "materials": {
        "default": "entity_alphatest"
      },
      "textures": {
        "default": "textures/items/trophy"
      },
      "geometry": {
        "default": "geometry.trophy"
      },
      "animations": {
        "move": "animation.trophy.spin"
      },
      "scripts": {
        "animate": [
          {
            "move": "query.is_alive"
          }
        ]
      },
      "render_controllers": ["controller.render.bike1"],
      "spawn_egg": {
        "texture": "trophy"
      }
    }
  }
}
