{
  "resource_pack_name": "domestic_moba",
  "texture_name": "atlas.items",
  "texture_data": {
    "mdz:liazg_key": {
      "textures": [
        "textures/liazg/items/liazg_key"
      ]
    },
    "mdz:liazg": {
      "textures": [
        "textures/liazg/items/liazg"
      ]
    },
    "mdz:door_open_liazg": {
      "textures": [
        "textures/liazg/items/door_open_liazg"
      ]
    },
    "mdz:door_close_liazg": {
      "textures": [
        "textures/liazg/items/door_close_liazg"
      ]
    },
    "mdz:speed1g": {
      "textures": [
        "textures/liazg/items/speed/speed1g"
      ]
    },
    "mdz:speed2g": {
      "textures": [
        "textures/liazg/items/speed/speed2g"
      ]
    },
    "mdz:speed3g": {
      "textures": [
        "textures/liazg/items/speed/speed3g"
      ]
    },
    "mdz:speed4g": {
      "textures": [
        "textures/liazg/items/speed/speed4g"
      ]
    },
    "mdz:speed5g": {
      "textures": [
        "textures/liazg/items/speed/speed5g"
      ]
    },
    "mdz:speed6g": {
      "textures": [
        "textures/liazg/items/speed/speed6g"
      ]
    },
    "mdz:liazg_color1": {
      "textures": [
        "textures/liazg/items/color1"
      ]
    }
  }
}