{
	"entity_sounds": {
		"entities": {
			"ktm:black": {
				"volume": 1,
				"pitch": [
					0.8,
					1.2
				],
				"events": {
					"step": {
						"sound": "vehicle.ktm.drive",
						"volume": 0.4,
						"pitch": 1.1
					}
				}
			},
			"ktm:bluewhite": {
				"volume": 1,
				"pitch": [
					0.8,
					1.2
				],
				"events": {
					"step": {
						"sound": "vehicle.ktm.drive",
						"volume": 0.4,
						"pitch": 1.1
					}
				}
			},
			"ktm:greenaqua": {
				"volume": 1,
				"pitch": [
					0.8,
					1.2
				],
				"events": {
					"step": {
						"sound": "vehicle.ktm.drive",
						"volume": 0.4,
						"pitch": 1.1
					}
				}
			},
			"ktm:orange": {
				"volume": 1,
				"pitch": [
					0.8,
					1.2
				],
				"events": {
					"step": {
						"sound": "vehicle.ktm.drive",
						"volume": 0.4,
						"pitch": 1.1
					}
				}
			},
			"ktm:red": {
				"volume": 1,
				"pitch": [
					0.8,
					1.2
				],
				"events": {
					"step": {
						"sound": "vehicle.ktm.drive",
						"volume": 0.4,
						"pitch": 1.1
					}
				}
			},
			"ktm:whiteorange": {
				"volume": 1,
				"pitch": [
					0.8,
					1.2
				],
				"events": {
					"step": {
						"sound": "vehicle.ktm.drive",
						"volume": 0.4,
						"pitch": 1.1
					}
				}
			}
		}
	}
}