{
  "format_version": "1.10.0",
  "particle_effect": {
    "description": {
      "identifier": "sb:blueboom",
      "basic_render_parameters": {
        "material": "particles_blend",
        "texture": "textures/pa_particles/sb_blueboom"
      }
    },
    "components": {
      "minecraft:emitter_rate_steady": {
        "spawn_rate": 70.0,
        "max_particles": 4000.0
      },
      "minecraft:emitter_lifetime_looping": {
        "active_time": 5.0,
        "sleep_time": 5.0
      },
      "minecraft:emitter_shape_box": {
        "offset": [
          1.0,
          0.4,
          1.0
        ],
        "half_dimensions": [
          5.0,
          8.0,
          4.0
        ],
        "surface_only": true,
        "direction": [
          4.0,
          -6.0,
          -6.0
        ]
      },
      "minecraft:particle_lifetime_expression": {
        "max_lifetime": "Math.random(0.1, 8)"
      },
      "minecraft:particle_initial_spin": {
        "rotation_rate": 100.0
      },
      "minecraft:particle_initial_speed": 4,
      "minecraft:particle_motion_dynamic": {
        "linear_acceleration": [
          "(variable.particle_random_1-0.5)",
          6.0,
          "(variable.particle_random_1-0.5)"
        ]
      },
      "minecraft:particle_motion_parametric": {
        "rotation": 100.0
      },
      "minecraft:particle_appearance_billboard": {
        "size": [
          20,
          20
        ],
        "facing_camera_mode": "lookat_xyz",
        "uv": {
          "texture_width": 16,
          "texture_height": 16,
          "uv": [
            0,
            0
          ],
          "uv_size": [
            16,
            16
          ]
        }
      },
      "minecraft:particle_motion_collision": {
        "collision_drag": 12.0,
        "coefficient_of_restitution": 2.0,
        "collision_radius": 10.0
      },
      "minecraft:particle_appearance_tinting": {
        "color": [
          0.047058823529411764,
          0.803921568627451,
          0.996078431372549
        ]
      }
    }
  }
}