{
	"format_version": "1.12.0",
	"minecraft:geometry": [
		{
			"description": {
				"identifier": "geometry.root_projectile_locator",
				"texture_width": 16,
				"texture_height": 16,
				"visible_bounds_width": 1,
				"visible_bounds_height": 1,
				"visible_bounds_offset": [0, 0, 0]
			},
			"bones": [
				{
					"name": "root",
					"pivot": [0, 0, 0]
				},
				{
					"name": "root2",
					"parent": "root",
					"pivot": [0, 0, 0]
				},
				{
					"name": "root3",
					"parent": "root2",
					"pivot": [0, 0, 0],
					"locators": {
						"root": [0, 0, 0]
					}
				}
			]
		}
	]
}