{
	"num_mip_levels": 4,
	"padding": 8,
	"resource_pack_name": "More TNT",
	"texture_name": "atlas.terrain",
	"texture_data": {
		"bb_compressed_tnt_9_side": {
			"textures": "textures/blocks/x9_tnt_side"
		},
		"bb_compressed_tnt_81_side": {
			"textures": "textures/blocks/x81_tnt_side"
		},
		"bb_compressed_tnt_729_side": {
			"textures": "textures/blocks/x729_tnt_side"
		},
		"bb_compressed_tnt_6561_side": {
			"textures": "textures/blocks/x6561_tnt_side"
		},
		"bb_cluster_tnt_top": {
			"textures": "textures/blocks/cluster_tnt_top"
		},
		"bb_cluster_tnt_side": {
			"textures": "textures/blocks/cluster_tnt_side"
		},
		"bb_cluster_tnt_bottom": {
			"textures": "textures/blocks/cluster_tnt_bottom"
		},
		"bb_drill_tnt_top": {
			"textures": "textures/blocks/drill_tnt_top"
		},
		"bb_drill_tnt_side": {
			"textures": "textures/blocks/drill_tnt_side"
		},
		"bb_drill_tnt_bottom": {
			"textures": "textures/blocks/drill_tnt_bottom"
		},
		"bb_fire_tnt_top": {
			"textures": "textures/blocks/fire_tnt_top"
		},
		"bb_fire_tnt_side": {
			"textures": "textures/blocks/fire_tnt_side"
		},
		"bb_fire_tnt_bottom": {
			"textures": "textures/blocks/fire_tnt_bottom"
		},
		"bb_floating_tnt_top": {
			"textures": "textures/blocks/floating_tnt_top"
		},
		"bb_floating_tnt_side": {
			"textures": "textures/blocks/floating_tnt_side"
		},
		"bb_floating_tnt_bottom": {
			"textures": "textures/blocks/floating_tnt_bottom"
		},
		"bb_follow_tnt_top": {
			"textures": "textures/blocks/follow_tnt_top"
		},
		"bb_follow_tnt_side": {
			"textures": "textures/blocks/follow_tnt_side"
		},
		"bb_follow_tnt_bottom": {
			"textures": "textures/blocks/follow_tnt_bottom"
		},
		"bb_mining_tnt_top": {
			"textures": "textures/blocks/mining_tnt_top"
		},
		"bb_mining_tnt_side": {
			"textures": "textures/blocks/mining_tnt_side"
		},
		"bb_mining_tnt_bottom": {
			"textures": "textures/blocks/mining_tnt_bottom"
		},
		"bb_teleport_tnt_top": {
			"textures": "textures/blocks/warp_tnt_top"
		},
		"bb_teleport_tnt_side": {
			"textures": "textures/blocks/warp_tnt_side"
		},
		"bb_teleport_tnt_bottom": {
			"textures": "textures/blocks/warp_tnt_bottom"
		},
		"bb_color_tnt_top": {
			"textures": "textures/blocks/color_tnt_top"
		},
		"bb_color_tnt_side": {
			"textures": "textures/blocks/color_tnt_side"
		},
		"bb_color_tnt_side_2": {
			"textures": "textures/blocks/color_tnt_side_2"
		},
		"bb_color_tnt_bottom": {
			"textures": "textures/blocks/color_tnt_bottom"
		},
		"bb_flash_tnt_top": {
			"textures": "textures/blocks/flash_tnt_top"
		},
		"bb_flash_tnt_side": {
			"textures": "textures/blocks/flash_tnt_side"
		},
		"bb_flash_tnt_bottom": {
			"textures": "textures/blocks/flash_tnt_bottom"
		},
		"bb_lightning_tnt_top": {
			"textures": "textures/blocks/lightning_tnt_top"
		},
		"bb_lightning_tnt_side": {
			"textures": "textures/blocks/lightning_tnt_side"
		},
		"bb_lightning_tnt_bottom": {
			"textures": "textures/blocks/lightning_tnt_bottom"
		},
		"bb_creeper_tnt_top": {
			"textures": "textures/blocks/creeper_tnt_top"
		},
		"bb_creeper_tnt_side": {
			"textures": "textures/blocks/creeper_tnt_side"
		},
		"bb_creeper_tnt_bottom": {
			"textures": "textures/blocks/creeper_tnt_bottom"
		},
		"bb_blow_tnt_top": {
			"textures": "textures/blocks/blow_tnt_top"
		},
		"bb_blow_tnt_side": {
			"textures": "textures/blocks/blow_tnt_side"
		},
		"bb_blow_tnt_bottom": {
			"textures": "textures/blocks/blow_tnt_bottom"
		},
		"bb_lava_tnt_top": {
			"textures": "textures/blocks/lava_tnt_top"
		},
		"bb_lava_tnt_side": {
			"textures": "textures/blocks/lava_tnt_side"
		},
		"bb_lava_tnt_bottom": {
			"textures": "textures/blocks/lava_tnt_bottom"
		},
		"bb_water_tnt_top": {
			"textures": "textures/blocks/water_tnt_top"
		},
		"bb_water_tnt_side": {
			"textures": "textures/blocks/water_tnt_side"
		},
		"bb_water_tnt_bottom": {
			"textures": "textures/blocks/water_tnt_bottom"
		},
		"bb_web_tnt_top": {
			"textures": "textures/blocks/web_tnt_top"
		},
		"bb_web_tnt_side": {
			"textures": "textures/blocks/web_tnt_side"
		},
		"bb_web_tnt_bottom": {
			"textures": "textures/blocks/web_tnt_bottom"
		},
		"bb_overworld_tnt_top": {
			"textures": "textures/blocks/overworld_tnt_top"
		},
		"bb_overworld_tnt_side": {
			"textures": "textures/blocks/overworld_tnt_side"
		},
		"bb_overworld_tnt_bottom": {
			"textures": "textures/blocks/overworld_tnt_bottom"
		},
		"bb_nether_tnt_top": {
			"textures": "textures/blocks/nether_tnt_top"
		},
		"bb_nether_tnt_side": {
			"textures": "textures/blocks/nether_tnt_side"
		},
		"bb_nether_tnt_bottom": {
			"textures": "textures/blocks/nether_tnt_bottom"
		},
		"bb_end_tnt_top": {
			"textures": "textures/blocks/end_tnt_top"
		},
		"bb_end_tnt_side": {
			"textures": "textures/blocks/end_tnt_side"
		},
		"bb_end_tnt_bottom": {
			"textures": "textures/blocks/end_tnt_bottom"
		},
		"bb_noise_tnt_top": {
			"textures": "textures/blocks/noise_tnt_top"
		},
		"bb_noise_tnt_side": {
			"textures": "textures/blocks/noise_tnt_side"
		},
		"bb_noise_tnt_bottom": {
			"textures": "textures/blocks/noise_tnt_bottom"
		},
		"bb_gas_tnt_top": {
			"textures": "textures/blocks/gas_tnt_top"
		},
		"bb_gas_tnt_side": {
			"textures": "textures/blocks/gas_tnt_side"
		},
		"bb_gas_tnt_bottom": {
			"textures": "textures/blocks/gas_tnt_bottom"
		}
	}
}