{
  "format_version": "1.8.0",
  "minecraft:client_entity": {
    "description": {
      "identifier": "pa:dogday",
      "min_engine_version": "1.8.0",
      "materials": {
        "default": "entity_emissive_alpha"
      },
      "textures": {
        "default": "textures/entity/pamobile/pa_dogday"
      },
      "geometry": {
        "default": "geometry.pa_dogday"
      },
      "scripts": {
        "scale": "0.9375"
      },
      "animations": {
        "villager_general": "animation.pa_dogday.wake_up",
        "look_at_target": "animation.common.look_at_target",
        "move": "animation.pa_dogday.move_2",
        "general": "animation.pa_dogday.general_1"
      },
      "animation_controllers": [
        {
          "general": "controller.animation.pa_dogday.general"
        },
        {
          "move": "controller.animation.villager.move"
        }
      ],
      "render_controllers": [
        "controller.render.witch"
      ],
      "spawn_egg": {
        "base_color": "#AB6525",
        "overlay_color": "#FFCE79"
      }
    }
  }
}