{
    "format_version": "1.16.100",
    "minecraft:block": {
        "description": {
            "identifier": "agl:laptop_ui",
            "properties": {
                "decor:face": [ 0, 1, 2, 3 ]
            }
        },
        "components": {
            "minecraft:material_instances": {
                "*": {
                    "texture": "laptop_ui",
                    "render_method": "opaque"
                }
            },
            "minecraft:creative_category": {
                "group": "itemGroup.name.gamer_chair",
                "category": "equipment"
            },
            "minecraft:loot": "loot_tables/laptopui.json",
            "minecraft:geometry": "geometry.laptopui",
            "minecraft:destroy_time": 0.5,
			"minecraft:block_light_absorption": 0.0,
            "minecraft:unwalkable": true,
            "minecraft:entity_collision": {
                "origin": [ -7.0, 0.0, -7.0 ],
                "size": [  13, 11, 14 ]
            },
            "minecraft:pick_collision": {
                "origin": [ -7.0, 0.0, -7.0 ],
                "size": [  13, 11, 14 ]
            },
            "minecraft:on_player_placing": {
			    "event": "decor:face" 
			},
            "minecraft:on_interact": {
               "event": "open_ui"
            }
        },
        "permutations": [
            {
                "condition": "query.block_property('decor:face') == 0",
                "components": { "minecraft:rotation": [ 0, 180, 0 ] }
            }, {
                "condition": "query.block_property('decor:face') == 1",
                "components": { "minecraft:rotation": [ 0, 0, 0 ] }
            }, {
                "condition": "query.block_property('decor:face') == 2",
                "components": { "minecraft:rotation": [ 0, 270, 0 ] }
            },  {
                "condition": "query.block_property('decor:face') == 3",
                "components": { "minecraft:rotation": [ 0, 90, 0 ] }
            }
        ],
      "events": {
      "open_ui": {
        "sequence": [
        {
        "run_command": {
          "command": [
            "gamerule sendcommandfeedback false",
            "gamemode creative @s",
            "gamemode survival @s",
            "dialogue open @e[type=screen_ui:laptop_black, c=1] @s laptop",
            "gamemode default @s",
            "gamerule sendcommandfeedback true"
            ],
          "target": "other"
          } 
        }             
    ]
       },             
      "decor:face": {
        "set_block_property": {
          "decor:face": "query.cardinal_facing_2d-2"
        }
      }
    }
  }
}
