{
    "maz.drive": {
        "category": "neutral",
        "min_distance": 3.0,
        "sounds": [
            "sounds/maz/drive"
        ]
    },
    "maz.motor_work": {
        "category": "neutral",
        "min_distance": 3.0,
        "sounds": [
            "sounds/maz/motor_work"
        ]
    },
    "maz.start": {
        "category": "neutral",
        "min_distance": 3.0,
        "sounds": [
            "sounds/maz/start"
        ]
    },
    "maz.speed": {
        "category": "neutral",
        "min_distance": 3.0,
        "sounds": [
            "sounds/maz/speed"
        ]
    },
    "maz.hit": {
        "category": "neutral",
        "min_distance": 3.0,
        "sounds": [
            "sounds/maz/hit1",
            "sounds/maz/hit2",
            "sounds/maz/hit3"
        ]
    },
    "maz.death": {
        "category": "neutral",
        "min_distance": 3.0,
        "sounds": [
            "sounds/maz/hit1",
            "sounds/maz/hit2",
            "sounds/maz/hit3"
        ]
    },
    "maz.door_open": {
        "category": "neutral",
        "min_distance": 3.0,
        "sounds": [
            "sounds/maz/door_open"
        ]
    },
    "maz.door_close": {
        "category": "neutral",
        "min_distance": 3.0,
        "sounds": [
            "sounds/maz/door_close"
        ]
    },
    "maz.light_on": {
        "category": "neutral",
        "min_distance": 3.0,
        "sounds": [
            "sounds/maz/light_on"
        ]
    },
    "maz.light_off": {
        "category": "neutral",
        "min_distance": 3.0,
        "sounds": [
            "sounds/maz/light_off"
        ]
    },
    "maz.hood": {
        "category": "neutral",
        "min_distance": 3.0,
        "sounds": [
            "sounds/maz/hood"
        ]
    },
    "maz.color": {
        "category": "neutral",
        "min_distance": 3.0,
        "sounds": [
            "sounds/maz/color"
        ]
    }
}