{
  "mob.sbgoji_skibibi_toilet3.say": {
    "category": " neutral",
    "sounds": [
      "sounds/mob/sbgoji_skibibi_toilet3/say/say1",
      "sounds/mob/sbgoji_skibibi_toilet3/say/say2",
      {
        "load_on_low_memory": true,
        "name": "sounds/mob/sbgoji_skibibi_toilet3/say/say3"
      }
    ]
  },
  "mob.sbgoji_skibibi_toilet3.hurt": {
    "category": " neutral",
    "sounds": [
      "sounds/ambient/candle",
      "sounds/ambient/candle",
      "sounds/ambient/candle",
      "sounds/ambient/candle"
    ]
  },
  "mob.sbgoji_skibibi_toilet3.death": {
    "category": " neutral",
    "sounds": [
      "sounds/mob/sbgoji_skibibi_toilet3/death/death"
    ]
  },
  "mob.sbgoji_skibibi_toilet3.step": {
    "category": " neutral",
    "sounds": [
      {
        "load_on_low_memory": true,
        "name": "sounds/mob/sbgoji_skibibi_toilet3/step/step1"
      },
      "sounds/mob/sbgoji_skibibi_toilet3/step/step2",
      "sounds/mob/sbgoji_skibibi_toilet3/step/step3",
      "sounds/mob/sbgoji_skibibi_toilet3/step/step4"
    ]
  },
  "mob.sbgoji_titan_camera_man3.hit": {
    "category": " neutral",
    "sounds": [
      "sounds/mob/sbgoji_titan_camera_man3/hit/hit1",
      "sounds/mob/sbgoji_titan_camera_man3/hit/hit2",
      "sounds/mob/sbgoji_titan_camera_man3/hit/hit3",
      "sounds/mob/sbgoji_titan_camera_man3/hit/hit4"
    ]
  },
  "mob.sbgoji_titan_camera_man3.death": {
    "category": " neutral",
    "sounds": [
      "sounds/mob/sbgoji_titan_camera_man3/death/death"
    ]
  },
  "mob.sbgoji_titan_camera_man3.walk": {
    "category": " neutral",
    "sounds": [
      "sounds/mob/sbgoji_titan_camera_man3/walk/walk1",
      "sounds/mob/sbgoji_titan_camera_man3/walk/walk2",
      "sounds/mob/sbgoji_titan_camera_man3/walk/walk3",
      "sounds/mob/sbgoji_titan_camera_man3/walk/walk4"
    ]
  },
  "mob.sbgoji_titan_camera_man3.throw": {
    "category": " neutral",
    "sounds": [
      "sounds/mob/sbgoji_titan_camera_man3/throw/throw"
    ]
  }
}