{
	"format_version": "1.12.0",
	"minecraft:geometry": [
		{
			"description": {
				"identifier": "geometry.mooshroom.mushroom",
				"texture_width": 16,
				"texture_height": 16,
				"visible_bounds_width": 4,
				"visible_bounds_height": 3.5,
				"visible_bounds_offset": [0, 1.25, 0]
			},
			"bones": [
				{
					"name": "body",
					"pivot": [0, 19, 2]
				},
				{
					"name": "mushroom_1",
					"parent": "body",
					"pivot": [-2, 22, 0],
					"rotation": [0, -45, 0],
					"cubes": [
						{
							"origin": [-10, 22, 0],
							"size": [16, 16, 0],
							"uv": {
								"north": {"uv": [0, 0], "uv_size": [16, 16]}
							}
						},
						{
							"origin": [-2, 22, -8],
							"size": [0, 16, 16],
							"uv": {
								"east": {"uv": [0, 0], "uv_size": [16, 16]}
							}
						}
					]
				},
				{
					"name": "mushroom_2",
					"parent": "body",
					"pivot": [3, 22, 8],
					"cubes": [
						{
							"origin": [-5, 22, 8],
							"size": [16, 16, 0],
							"uv": {
								"north": {"uv": [0, 0], "uv_size": [16, 16]}
							}
						},
						{
							"origin": [3, 22, 0],
							"size": [0, 16, 16],
							"uv": {
								"east": {"uv": [0, 0], "uv_size": [16, 16]}
							}
						}
					]
				},
				{
					"name": "head",
					"pivot": [0, 20, -8]
				},
				{
					"name": "mushroom_0",
					"parent": "head",
					"pivot": [0, 24, -10],
					"rotation": [0, -45, 0],
					"cubes": [
						{
							"origin": [-8, 24, -10],
							"size": [16, 16, 0],
							"uv": {
								"north": {"uv": [0, 0], "uv_size": [16, 16]}
							}
						},
						{
							"origin": [0, 24, -18],
							"size": [0, 16, 16],
							"uv": {
								"east": {"uv": [0, 0], "uv_size": [16, 16]}
							}
						}
					]
				}
			]
		}
	]
}