{
  "format_version": "1.8.0",
  "animations": {
    "animation.classicbike.move": {
      "loop": true,
      "animation_length": 0.68,
      "bones": {
        "wheel2": {
          "rotation": {
            "0.0": [0, 0, 0],
            "0.1667": [90, 0, 0],
            "0.3167": [180, 0, 0],
            "0.4833": [270, 0, 0],
            "0.6333": [360, 0, 0]
          },
          "position": [0, 0, 0],
          "scale": 1
        },
        "wheel3": {
          "rotation": {
            "0.0": [0, 0, 0],
            "0.1667": [90, 0, 0],
            "0.3167": [180, 0, 0],
            "0.4833": [270, 0, 0],
            "0.6333": [360, 0, 0]
          },
          "position": [0, 0, 0],
          "scale": 1
        }
      }
    }
  }
}
