{
	"format_version": "1.8.0",
	"animations": {
		"animation.elogo.new": {
			"animation_length": 3.36,
			"bones": {
				"unknown_bone": {
					"scale": {
						"0.0": [0, 0, 1],
						"0.3667": [1, 1, 1],
						"0.4333": [0.8, 0.8, 1],
						"0.5167": [1, 1, 1],
						"1.0333": [1, 1, 1],
						"1.1167": [0.8, 0.8, 1],
						"1.2": [1, 1, 1],
						"1.7167": [0, 0, 1]
					}
				},
				"unknown_bone2": {
					"scale": {
						"0.0": [0, 0, 1],
						"1.7167": [0, 0, 1],
						"2.0333": [1, 1, 1],
						"2.1167": [0.8, 0.8, 1],
						"2.2": [1, 1, 1],
						"2.7167": [1, 1, 1],
						"2.8": [0.8, 0.8, 1],
						"2.8833": [1, 1, 1],
						"3.3667": [0, 0, 1]
					}
				}
			}
		}
	}
}