{
  "format_version": "1.8.0",
  "animations": {
    "animation.whitemodernbike.move": {
      "loop": true,
      "animation_length": 0.64,
      "bones": {
        "wheel2": {
          "rotation": {
            "0.0": [0, 0, 0],
            "0.1667": [-90, 0, 0],
            "0.3167": [-180, 0, 0],
            "0.4833": [-270, 0, 0],
            "0.6333": [-360, 0, 0]
          }
        },
        "wheel3": {
          "rotation": {
            "0.0": [0, 0, 0],
            "0.1667": [-90, 0, 0],
            "0.3167": [-180, 0, 0],
            "0.4833": [-270, 0, 0],
            "0.6333": [-360, 0, 0]
          }
        }
      }
    }
  }
}
