{
  "format_version": "1.8.0",
  "animations": {
    "animation.orangemodernbike.move": {
      "loop": true,
      "animation_length": 0.4833,
      "bones": {
        "wheel2": {
          "rotation": {
            "0.0": [0, 0, 0],
            "0.1167": [-90, 0, 0],
            "0.2333": [-180, 0, 0],
            "0.3667": [-270, 0, 0],
            "0.4833": [-360, 0, 0]
          },
          "position": [0, 0, 0],
          "scale": 1
        },
        "wheel3": {
          "rotation": {
            "0.0": [0, 0, 0],
            "0.1167": [-90, 0, 0],
            "0.2333": [-180, 0, 0],
            "0.3667": [-270, 0, 0],
            "0.4833": [-360, 0, 0]
          },
          "position": [0, 0, 0],
          "scale": 1
        }
      }
    }
  }
}
