{
  "format_version": "1.8.0",
  "animations": {
    "animation.policebike.move": {
      "loop": true,
      "animation_length": 0.52,
      "bones": {
        "wheel2": {
          "rotation": {
            "0.0": [0, 0, 0],
            "0.5167": [-360, 0, 0]
          },
          "position": [0, 0, 0],
          "scale": 1
        },
        "wheel3": {
          "rotation": {
            "0.0": [0, 0, 0],
            "0.5167": [-360, 0, 0]
          },
          "position": [0, 0, 0],
          "scale": 1
        }
      }
    },
    "animation.policebike.ruddleturn": {
      "loop": true,
      "bones": {
        "handle": {
          "rotation": [0.0, "Math.max(-20, Math.min(20,query.yaw_speed))", 0.0]
        }
      }
    }
  }
}
