{
  "format_version": "1.8.0",
  "animations": {
    "animation.scifibike.move": {
      "loop": true,
      "animation_length": 0.52,
      "bones": {
        "wheel2": {
          "rotation": {
            "0.0": [0, 0, 0],
            "0.5167": [360, 0, 0]
          },
          "position": [0, 0, 0],
          "scale": 1
        },
        "wheel3": {
          "rotation": {
            "0.0": [0, 0, 0],
            "0.5167": [360, 0, 0]
          },
          "position": [0, 0, 0],
          "scale": 1
        }
      }
    }
  }
}
