{
	"format_version": "1.8.0",
	"animation_controllers": {
		"controller.animation.honda_supra_x_125.move": {
			"states": {
				"default": {
					"animations": [ { "move": [] } ]
				}
			}
		},
		"controller.animation.honda_supra_x_125.look_at_target" : {
			"states" : {
				"default" : {
					"animations" : [ { "look_at_target": [] } ]
				}
			}
		},
		"controller.animation.honda_supra_x_125.open_chest" : {
			"states" : {
				"default" : {
					"animations" : [ { "open_chest": [] } ]
				}
			}
		},
		"controller.animation.honda_supra_x_125.close_chest" : {
			"states" : {
				"default" : {
					"animations" : [ { "close_chest": [] } ]
				}
			}
		},
		"controller.animation.honda_supra_x_125.has_rider" : {
			"states" : {
				"default" : {
					"animations" : [ { "has_rider": [] } ]
				}
			}
		}
	}
}