{
    "format_version": "1.16.100",
    "minecraft:entity": {
        "description": {
            "identifier": "rai:fuga_damage",
            "is_spawnable": false,
            "is_summonable": false,
            "is_experimental": false
        },
        "component_groups": {
            "fuga": {
                "minecraft:behavior.knockback_roar": {
                    "priority": 1,
                    "duration": 0.05,
                    "attack_time": 0.05,
                    "knockback_damage": 0,
                    "knockback_vertical_strength": 6,
                    "knockback_height_cap": 0.6,
                    "knockback_horizontal_strength": 1,
                    "knockback_range": 6,
                    "damage_filters": {
                        "test": "is_target"
                    },
                    "cooldown_time": 0.1
                },
                "minecraft:area_attack": {
                    "entity_filter": {
                        "any_of": [
                            {
                                "test": "is_family",
                                "subject": "other",
                                "operator": "not",
                                "value": "player"
                            },
                            {
                                "all_of": [
                                    {
                                        "test": "has_tag",
                                        "operator": "not",
                                        "value": "mob_attack"
                                    },
                                    {
                                        "test": "is_family",
                                        "subject": "other",
                                        "value": "player"
                                    },
                                    {
                                        "test": "is_game_rule",
                                        "domain": "pvp",
                                        "value": true
                                    },
                                    {
                                        "test": "is_owner",
                                        "subject": "other",
                                        "value": false
                                    }
                                ]
                            }
                        ]
                    },
                    "damage_per_tick": 20,
                    "damage_range": 6,
                    "cause": "entity_explosion"
                },
                "minecraft:timer": {
                    "time": 0.12,
                    "looping": true,
                    "time_down_event": {
                        "event": "fuga_explode"
                    }
                }
            },
            "fuga2": {
                "minecraft:behavior.knockback_roar": {
                    "priority": 1,
                    "duration": 0.05,
                    "attack_time": 0.05,
                    "knockback_damage": 0,
                    "knockback_vertical_strength": 6,
                    "knockback_height_cap": 0.6,
                    "knockback_horizontal_strength": 1,
                    "knockback_range": 6,
                    "damage_filters": {
                        "test": "is_target"
                    },
                    "cooldown_time": 0.1
                },
                "minecraft:area_attack": {
                    "entity_filter": {
                        "any_of": [
                            {
                                "test": "is_family",
                                "subject": "other",
                                "operator": "not",
                                "value": "player"
                            },
                            {
                                "all_of": [
                                    {
                                        "test": "has_tag",
                                        "operator": "not",
                                        "value": "mob_attack"
                                    },
                                    {
                                        "test": "is_family",
                                        "subject": "other",
                                        "value": "player"
                                    },
                                    {
                                        "test": "is_game_rule",
                                        "domain": "pvp",
                                        "value": true
                                    },
                                    {
                                        "test": "is_owner",
                                        "subject": "other",
                                        "value": false
                                    }
                                ]
                            }
                        ]
                    },
                    "damage_per_tick": 25,
                    "damage_range": 6,
                    "cause": "entity_explosion"
                },
                "minecraft:timer": {
                    "time": 0.12,
                    "looping": true,
                    "time_down_event": {
                        "event": "fuga_explode"
                    }
                }
            },
            "fuga3": {
                "minecraft:behavior.knockback_roar": {
                    "priority": 1,
                    "duration": 0.05,
                    "attack_time": 0.05,
                    "knockback_damage": 0,
                    "knockback_vertical_strength": 6,
                    "knockback_height_cap": 0.6,
                    "knockback_horizontal_strength": 1,
                    "knockback_range": 6,
                    "damage_filters": {
                        "test": "is_target"
                    },
                    "cooldown_time": 0.1
                },
                "minecraft:area_attack": {
                    "entity_filter": {
                        "any_of": [
                            {
                                "test": "is_family",
                                "subject": "other",
                                "operator": "not",
                                "value": "player"
                            },
                            {
                                "all_of": [
                                    {
                                        "test": "has_tag",
                                        "operator": "not",
                                        "value": "mob_attack"
                                    },
                                    {
                                        "test": "is_family",
                                        "subject": "other",
                                        "value": "player"
                                    },
                                    {
                                        "test": "is_game_rule",
                                        "domain": "pvp",
                                        "value": true
                                    },
                                    {
                                        "test": "is_owner",
                                        "subject": "other",
                                        "value": false
                                    }
                                ]
                            }
                        ]
                    },
                    "damage_per_tick": 31,
                    "damage_range": 6,
                    "cause": "entity_explosion"
                },
                "minecraft:timer": {
                    "time": 0.12,
                    "looping": true,
                    "time_down_event": {
                        "event": "fuga_explode"
                    }
                }
            },
            "fuga4": {
                "minecraft:behavior.knockback_roar": {
                    "priority": 1,
                    "duration": 0.05,
                    "attack_time": 0.05,
                    "knockback_damage": 0,
                    "knockback_vertical_strength": 6,
                    "knockback_height_cap": 0.6,
                    "knockback_horizontal_strength": 1,
                    "knockback_range": 6,
                    "damage_filters": {
                        "test": "is_target"
                    },
                    "cooldown_time": 0.1
                },
                "minecraft:area_attack": {
                    "entity_filter": {
                        "any_of": [
                            {
                                "test": "is_family",
                                "subject": "other",
                                "operator": "not",
                                "value": "player"
                            },
                            {
                                "all_of": [
                                    {
                                        "test": "has_tag",
                                        "operator": "not",
                                        "value": "mob_attack"
                                    },
                                    {
                                        "test": "is_family",
                                        "subject": "other",
                                        "value": "player"
                                    },
                                    {
                                        "test": "is_game_rule",
                                        "domain": "pvp",
                                        "value": true
                                    },
                                    {
                                        "test": "is_owner",
                                        "subject": "other",
                                        "value": false
                                    }
                                ]
                            }
                        ]
                    },
                    "damage_per_tick": 40,
                    "damage_range": 6,
                    "cause": "entity_explosion"
                },
                "minecraft:timer": {
                    "time": 0.12,
                    "looping": true,
                    "time_down_event": {
                        "event": "fuga_explode"
                    }
                }
            },
            "despawn": {
                "minecraft:instant_despawn": {
                }
            }
        },
        "components": {
            "minecraft:is_tamed": {},
            "minecraft:type_family": {
                "family": [
                    "jujutsu_kaisen",
                    "fuga",
                    "damage"
                ]
            },
            "minecraft:damage_sensor": {
                "triggers": [
                    {
                        "cause": "all",
                        "deals_damage": false
                    }
                ]
            },
            "minecraft:knockback_resistance": {
                "value": 1
            },
            "minecraft:collision_box": {
                "height": 0,
                "width": 0
            },
            "minecraft:pushable": {
                "is_pushable": false,
                "is_pushable_by_piston": false
            },
            "minecraft:physics": {}
        },
        "events": {
            "fuga": {
                "run_command": {
                    "command": [
                        "scoreboard players set @s juryoku_lv 0",
                        "scoreboard players set @s despawn 15"
                    ]
                },
                "add": {
                    "component_groups": [
                        "fuga"
                    ]
                }
            },
            "fuga2": {
                "run_command": {
                    "command": [
                        "scoreboard players set @s juryoku_lv 1",
                        "scoreboard players set @s despawn 15"
                    ]
                },
                "add": {
                    "component_groups": [
                        "fuga2"
                    ]
                }
            },
            "fuga3": {
                "run_command": {
                    "command": [
                        "scoreboard players set @s juryoku_lv 2",
                        "scoreboard players set @s despawn 15"
                    ]
                },
                "add": {
                    "component_groups": [
                        "fuga3"
                    ]
                }
            },
            "fuga4": {
                "run_command": {
                    "command": [
                        "scoreboard players set @s juryoku_lv 3",
                        "scoreboard players set @s despawn 15"
                    ]
                },
                "add": {
                    "component_groups": [
                        "fuga4"
                    ]
                }
            },
            "sukuna_fuga": {
                "run_command": {
                    "command": [
                        "tag @s add mob_attack",
                        "scoreboard players set @s juryoku_lv 0",
                        "scoreboard players set @s despawn 15"
                    ]
                },
                "add": {
                    "component_groups": [
                        "fuga"
                    ]
                }
            },
            "sukuna_fuga2": {
                "run_command": {
                    "command": [
                        "tag @s add mob_attack",
                        "scoreboard players set @s juryoku_lv 1",
                        "scoreboard players set @s despawn 15"
                    ]
                },
                "add": {
                    "component_groups": [
                        "fuga2"
                    ]
                }
            },
            "sukuna_fuga3": {
                "run_command": {
                    "command": [
                        "tag @s add mob_attack",
                        "scoreboard players set @s juryoku_lv 2",
                        "scoreboard players set @s despawn 15"
                    ]
                },
                "add": {
                    "component_groups": [
                        "fuga3"
                    ]
                }
            },
            "sukuna_fuga4": {
                "run_command": {
                    "command": [
                        "tag @s add mob_attack",
                        "scoreboard players set @s juryoku_lv 3",
                        "scoreboard players set @s despawn 15"
                    ]
                },
                "add": {
                    "component_groups": [
                        "fuga4"
                    ]
                }
            },
            "fuga_explode": {
                "run_command": {
                    "command": [
                        "execute as @s[scores={juryoku_lv=0}] run damage @e[type=!player,family=!damage,tag=!fuga_sukuna,r=3] 100 projectile entity @s",
                        "execute as @s[scores={juryoku_lv=1}] run damage @e[type=!player,family=!damage,tag=!fuga_sukuna,r=3] 125 projectile entity @s",
                        "execute as @s[scores={juryoku_lv=2}] run damage @e[type=!player,family=!damage,tag=!fuga_sukuna,r=3] 156 projectile entity @s",
                        "execute as @s[scores={juryoku_lv=3..}] run damage @e[type=!player,family=!damage,tag=!fuga_sukuna,r=3] 195 projectile entity @s",
                        "execute as @s[scores={juryoku_lv=0}] run damage @e[type=!player,family=!damage,tag=!fuga_sukuna,rm=3,r=6] 50 projectile entity @s",
                        "execute as @s[scores={juryoku_lv=1}] run damage @e[type=!player,family=!damage,tag=!fuga_sukuna,rm=3,r=6] 62 projectile entity @s",
                        "execute as @s[scores={juryoku_lv=2}] run damage @e[type=!player,family=!damage,tag=!fuga_sukuna,rm=3,r=6] 78 projectile entity @s",
                        "execute as @s[scores={juryoku_lv=3..}] run damage @e[type=!player,family=!damage,tag=!fuga_sukuna,rm=3,r=6] 97 projectile entity @s",
                        "playsound mob.blaze.shoot @a ~~~",
                        "playsound random.explode @a ~~~",
                        "tp ~~1.2~",
                        "summon rai:block_explode ~~~ 0 0 fuga"
                    ]
                }
            },
            "despawn": {
                "add": {
                    "component_groups": [
                        "despawn"
                    ]
                }
            }
        }
    }
}