{
    "format_version": "1.16.100",
    "minecraft:entity": {
        "description": {
            "identifier": "rai:fuga",
            "is_spawnable": false,
            "is_summonable": false,
            "is_experimental": false,
            "runtime_identifier" : "minecraft:snowball"
        },
        "component_groups": {
            "explode": {
                "minecraft:timer": {
                    "time": 0.0,
                    "looping": true,
                    "time_down_event": {
                        "event": "fuga_explode"
                    }
                },
                "minecraft:projectile": {
                    "on_hit": {
                        "stick_in_ground": {}
                    },
                    "catch_fire": true,
                    "power": 0,
                    "gravity": 0.0,
                    "offset": [
                        0,
                        0,
                        0
                    ]
                }
            },
            "level2": {
                "minecraft:projectile": {
                    "on_hit": {
                        "impact_damage": {
                            "damage": 25,
                            "knockback": true
                        },
                        "definition_event": {
                            "affect_projectile": true,
                            "event_trigger": {
                                "event": "explode"
                            }
                        },
                        "stick_in_ground": {}
                    },
                    "catch_fire": true,
                    "power": 3,
                    "gravity": 0.001,
                    "offset": [
                        0,
                        0,
                        0
                    ]
                }
            },
            "level3": {
                "minecraft:projectile": {
                    "on_hit": {
                        "impact_damage": {
                            "damage": 31,
                            "knockback": true
                        },
                        "definition_event": {
                            "affect_projectile": true,
                            "event_trigger": {
                                "event": "explode"
                            }
                        },
                        "stick_in_ground": {}
                    },
                    "catch_fire": true,
                    "power": 3.5,
                    "gravity": 0.001,
                    "offset": [
                        0,
                        0,
                        0
                    ]
                }
            },
            "level4": {
                "minecraft:projectile": {
                    "on_hit": {
                        "impact_damage": {
                            "damage": 40,
                            "knockback": true
                        },
                        "definition_event": {
                            "affect_projectile": true,
                            "event_trigger": {
                                "event": "explode"
                            }
                        },
                        "stick_in_ground": {}
                    },
                    "catch_fire": true,
                    "power": 4,
                    "gravity": 0.001,
                    "offset": [
                        0,
                        0,
                        0
                    ]
                }
            },
            "sukuna": {
                "minecraft:projectile": {
                    "on_hit": {
                        "impact_damage": {
                            "damage": 20,
                            "knockback": true
                        },
                        "definition_event": {
                            "affect_projectile": true,
                            "event_trigger": {
                                "event": "explode"
                            }
                        },
                        "stick_in_ground": {}
                    },
                    "catch_fire": true,
                    "power": 2.5,
                    "gravity": 0.001,
                    "offset": [
                        0,
                        1.5,
                        0
                    ]
                }
            },
            "sukuna_level2": {
                "minecraft:projectile": {
                    "on_hit": {
                        "impact_damage": {
                            "damage": 25,
                            "knockback": true
                        },
                        "definition_event": {
                            "affect_projectile": true,
                            "event_trigger": {
                                "event": "explode"
                            }
                        },
                        "stick_in_ground": {}
                    },
                    "catch_fire": true,
                    "power": 3,
                    "gravity": 0.001,
                    "offset": [
                        0,
                        1.5,
                        0
                    ]
                }
            },
            "sukuna_level3": {
                "minecraft:projectile": {
                    "on_hit": {
                        "impact_damage": {
                            "damage": 31,
                            "knockback": true
                        },
                        "definition_event": {
                            "affect_projectile": true,
                            "event_trigger": {
                                "event": "explode"
                            }
                        },
                        "stick_in_ground": {}
                    },
                    "catch_fire": true,
                    "power": 3.5,
                    "gravity": 0.001,
                    "offset": [
                        0,
                        1.5,
                        0
                    ]
                }
            },
            "sukuna_level4": {
                "minecraft:projectile": {
                    "on_hit": {
                        "impact_damage": {
                            "damage": 40,
                            "knockback": true
                        },
                        "definition_event": {
                            "affect_projectile": true,
                            "event_trigger": {
                                "event": "explode"
                            }
                        },
                        "stick_in_ground": {}
                    },
                    "catch_fire": true,
                    "power": 4,
                    "gravity": 0.001,
                    "offset": [
                        0,
                        1.5,
                        0
                    ]
                }
            },
            "fuga_explode": {
                "minecraft:transformation": {
                    "into": "rai:fuga_damage<fuga>",
                    "keep_owner": true
                }
            },
            "fuga_explode2": {
                "minecraft:transformation": {
                    "into": "rai:fuga_damage<fuga2>",
                    "keep_owner": true
                }
            },
            "fuga_explode3": {
                "minecraft:transformation": {
                    "into": "rai:fuga_damage<fuga3>",
                    "keep_owner": true
                }
            },
            "fuga_explode4": {
                "minecraft:transformation": {
                    "into": "rai:fuga_damage<fuga4>",
                    "keep_owner": true
                }
            },
            "sukuna_fuga_explode": {
                "minecraft:transformation": {
                    "into": "rai:fuga_damage<sukuna_fuga>",
                    "keep_owner": true
                }
            },
            "sukuna_fuga_explode2": {
                "minecraft:transformation": {
                    "into": "rai:fuga_damage<sukuna_fuga2>",
                    "keep_owner": true
                }
            },
            "sukuna_fuga_explode3": {
                "minecraft:transformation": {
                    "into": "rai:fuga_damage<sukuna_fuga3>",
                    "keep_owner": true
                }
            },
            "sukuna_fuga_explode4": {
                "minecraft:transformation": {
                    "into": "rai:fuga_damage<sukuna_fuga4>",
                    "keep_owner": true
                }
            },
            "despawn": {
                "minecraft:instant_despawn": {
                }
            }
        },
        "components": {
            "minecraft:type_family": {
                "family": [
                    "tick_despawn",
                    "jujutsu_kaisen",
                    "projectile",
                    "projectile2",
                    "projectile3",
                    "damage",
                    "fuga"
                ]
            },
            "minecraft:timer": {
                "looping": false,
                "time": 1,
                "time_down_event": {
                    "event": "explode"
                }
            },
            "minecraft:projectile": {
                "on_hit": {
                    "impact_damage": {
                        "damage": 20,
                        "knockback": true
                    },
                    "definition_event": {
                        "affect_projectile": true,
                        "event_trigger": {
                            "event": "explode"
                        }
                    },
                    "stick_in_ground": {}
                },
                "catch_fire": true,
                "power": 2.5,
                "gravity": 0.001,
                "offset": [
                    0,
                    0,
                    0
                ]
            },
            "minecraft:damage_sensor": {
                "triggers": [
                    {
                        "cause": "all",
                        "deals_damage": false
                    }
                ]
            },
            "minecraft:knockback_resistance": {
                "value": 1
            },
            "minecraft:pushable": {
                "is_pushable": false,
                "is_pushable_by_piston": false
            },
            "minecraft:physics": {}
        },
        "events": {
            "explode": {
                "run_command": {
                    "command": [
                        "tp ~~~",
                        "particle j:fuga3 ~~~",
                        "particle j:fuga4 ~~~"
                    ]
                },
                "add": {
                    "component_groups": [
                        "explode"
                    ]
                }
            },
            "fuga_explode": {
                "sequence": [
                    {
                        "filters": {
                            "test": "has_tag",
                            "operator": "not",
                            "value": "mob_attack"
                        },
                        "sequence": [
                            {
                                "filters": {
                                    "all_of": [
                                        {
                                            "test": "has_tag",
                                            "operator": "not",
                                            "value": "level2"
                                        },
                                        {
                                            "test": "has_tag",
                                            "operator": "not",
                                            "value": "level3"
                                        }
                                    ]
                                },
                                "add": {
                                    "component_groups": [
                                        "fuga_explode"
                                    ]
                                }
                            },
                            {
                                "filters": {
                                    "test": "has_tag",
                                    "value": "level2"
                                },
                                "add": {
                                    "component_groups": [
                                        "fuga_explode2"
                                    ]
                                }
                            },
                            {
                                "filters": {
                                    "test": "has_tag",
                                    "value": "level3"
                                },
                                "add": {
                                    "component_groups": [
                                        "fuga_explode3"
                                    ]
                                }
                            },
                            {
                                "filters": {
                                    "test": "has_tag",
                                    "value": "level4"
                                },
                                "add": {
                                    "component_groups": [
                                        "fuga_explode4"
                                    ]
                                }
                            }
                        ]
                    },
                    {
                        "filters": {
                            "test": "has_tag",
                            "value": "mob_attack"
                        },
                        "sequence": [
                            {
                                "filters": {
                                    "all_of": [
                                        {
                                            "test": "has_tag",
                                            "operator": "not",
                                            "value": "level2"
                                        },
                                        {
                                            "test": "has_tag",
                                            "operator": "not",
                                            "value": "level3"
                                        }
                                    ]
                                },
                                "add": {
                                    "component_groups": [
                                        "sukuna_fuga_explode"
                                    ]
                                }
                            },
                            {
                                "filters": {
                                    "test": "has_tag",
                                    "value": "level2"
                                },
                                "add": {
                                    "component_groups": [
                                        "sukuna_fuga_explode2"
                                    ]
                                }
                            },
                            {
                                "filters": {
                                    "test": "has_tag",
                                    "value": "level3"
                                },
                                "add": {
                                    "component_groups": [
                                        "sukuna_fuga_explode3"
                                    ]
                                }
                            },
                            {
                                "filters": {
                                    "test": "has_tag",
                                    "value": "level4"
                                },
                                "add": {
                                    "component_groups": [
                                        "sukuna_fuga_explode4"
                                    ]
                                }
                            }
                        ]
                    }
                ]
            },
            "level2": {
                "run_command": {
                    "command": [
                        "tag @s add level2"
                    ]
                },
                "add": {
                    "component_groups": [
                        "level2"
                    ]
                }
            },
            "level3": {
                "run_command": {
                    "command": [
                        "tag @s add level3"
                    ]
                },
                "add": {
                    "component_groups": [
                        "level3"
                    ]
                }
            },
            "level4": {
                "run_command": {
                    "command": [
                        "tag @s add level4"
                    ]
                },
                "add": {
                    "component_groups": [
                        "level4"
                    ]
                }
            },
            "sukuna": {
                "run_command": {
                    "command": [
                        "tag @s add mob_attack"
                    ]
                },
                "add": {
                    "component_groups": [
                        "sukuna"
                    ]
                }
            },
            "sukuna_level2": {
                "run_command": {
                    "command": [
                        "tag @s add mob_attack",
                        "tag @s add level2"
                    ]
                },
                "add": {
                    "component_groups": [
                        "sukuna_level2"
                    ]
                }
            },
            "sukuna_level3": {
                "run_command": {
                    "command": [
                        "tag @s add mob_attack",
                        "tag @s add level3"
                    ]
                },
                "add": {
                    "component_groups": [
                        "sukuna_level3"
                    ]
                }
            },
            "sukuna_sukuna_level4": {
                "run_command": {
                    "command": [
                        "tag @s add mob_attack",
                        "tag @s add level4"
                    ]
                },
                "add": {
                    "component_groups": [
                        "sukuna_level4"
                    ]
                }
            },
            "despawn": {
                "add": {
                    "component_groups": [
                        "despawn"
                    ]
                }
            }
        }
    }
}