{
    "format_version": "1.16.100",
    "minecraft:entity": {
        "description": {
            "identifier": "rai:fukuma_explode",
            "is_spawnable": false,
            "is_summonable": true,
            "is_experimental": false
        },
        "component_groups": {
            "explode": {
                "minecraft:explode": {
                    "destroy_affected_by_griefing": true,
                    "fuse_length": 0.1,
                    "fuse_lit": true,
                    "power": 5
                }
            },
            "despawn": {
                "minecraft:instant_despawn": {
                }
            }
        },
        "components": {
            "minecraft:tick_world": {
                "radius": 1
            },
            "minecraft:timer": {
                "time": 1,
                "looping": true,
                "time_down_event": {
                    "event": "despawn"
                }
            },
            "minecraft:type_family": {
                "family": [
                    "jujutsu_kaisen",
                    "no_damage",
                    "damage"
                ]
            },
            "minecraft:damage_sensor": {
                "triggers": [
                    {
                        "cause": "all",
                        "deals_damage": false
                    }
                ]
            },
            "minecraft:scale": {
                "value": 0
            },
            "minecraft:knockback_resistance": {
                "value": 1
            },
            "minecraft:collision_box": {
                "height": 0,
                "width": 0
            },
            "minecraft:pushable": {
                "is_pushable": false,
                "is_pushable_by_piston": false
            }
        },
        "events": {
            "fukuma_explode_start": {
                "add": {
                    "component_groups": [
                        "explode"
                    ]
                },
                "run_command": {
                    "command": [
                        "tag @s add block_explode"
                    ]
                }
            },
            "fukuma_explode_start2": {
                "add": {
                    "component_groups": [
                        "explode"
                    ]
                },
                "run_command": {
                    "command": [
                        "tag @s add block_explode"
                    ]
                }
            },
            "despawn": {
                "add": {
                    "component_groups": [
                        "despawn"
                    ]
                }
            }
        }
    }
}