{
  "entity_sounds": {
    "entities": {
      "st:toilet": {
        "volume": 1.0,
        "pitch": [
          0.8,
          1.2
        ],
        "events": {
          "ambient": "mob.st_toilet.ambient",
          "hurt": "mob.st_toilet.hurt",
          "death": "mob.st_toilet.death",
          "drink": {
            "sound": "mob.witch.drink",
            "volume": 1.0,
            "pitch": 1.0
          },
          "throw": {
            "sound": "mob.witch.throw",
            "volume": 1.0,
            "pitch": 1.0
          },
          "ambient.in.raid": {
            "sound": "mob.witch.ambient",
            "volume": 3.0,
            "pitch": [
              0.8,
              1.2
            ]
          },
          "celebrate": "mob.witch.celebrate"
        }
      }
    }
  }
}