{
  "format_version": "1.10.0",
  "minecraft:attachable": {
    "description": {
      "identifier": "rai:koryu_armor",
      "materials": {
        "default": "entity_alphatest",
        "enchanted": "entity_alphatest_glint"
      },
      "textures": {
        "default": "textures/entity/jurei/koryu_jurei",
        "enchanted": "textures/misc/enchanted_item_glint"
      },
      "geometry": {
        "default": "geometry.koryu_jurei"
      },
      "animations": {
        "bob": "animation.koryu_jurei.bob",
        "attack": "animation.koryu_jurei.attack",
        "mark_variant": "controller.animation.koryu_jurei.mark_variant"
      },
      "scripts": {
        "animate": [
          "bob",
          "mark_variant"
        ]
      },
      "render_controllers": [ {"controller.render.item_default": "!q.is_invisible"} ]
    }
  }
}
