{
  "format_version": "1.10.0",
  "minecraft:attachable": {
    "description": {
      "identifier": "rai_weapon:megumi_sword",
      "materials": {
        "default": "entity_alphatest"
      },
      "textures": {
        "default": "textures/entity/jugu/megumi_sword"
      },
      "geometry": {
        "default": "geometry.megumi_sword"
      },
      "animations": {
        "first_person": "animation.megumi_sword.first_person"
      },
      "scripts": {
        "animate": [
          {"first_person": "c.is_first_person"}
        ]
      },
      "render_controllers": [ {"controller.render.default": "!q.is_invisible"} ]
    }
  }
}
