{
  "format_version": "1.10.0",
  "minecraft:attachable": {
    "description": {
      "identifier": "rai:tsukamoto",
      "materials": {
        "default": "entity_alphatest"
      },
      "textures": {
        "default": "textures/entity/jugai/tsukamoto"
      },
      "geometry": {
        "default": "geometry.tsukamoto"
      },
      "animations": {
        "first_person": "animation.tsukamoto.first_person"
      },
      "scripts": {
        "animate": [
          {"first_person": "c.is_first_person"}
        ]
      },
      "render_controllers": [ "controller.render.default" ]
    }
  }
}
