{
  "format_version": "1.10.0",
  "animation_controllers": {
    "controller.animation.pa_stick_of_dynamite": {
      "initial_state": "default",
      "states": {
        "default": {
          "transitions": [
            {
              "shoot": "query.mark_variant == 1 && query.get_equipped_item_name=='stick_of_dynamite' && query.item_remaining_use_duration > 0"
            }
          ]
        },
        "shoot": {
          "transitions": [
            {
              "default": "query.mark_variant == 1 && query.get_equipped_item_name=='stick_of_dynamite' && query.item_remaining_use_duration > 0"
            }
          ],
          "on_entry": [
            "@s pa:stick_of_dynamite_fire",
            "/clear @s pa:stick_of_dynamite 0 1",
            "/playsound pa_stick_of_dynamite_shot"
          ]
        }
      }
    }
  }
}