{
  "format_version": "1.10.0",
  "animation_controllers": {
    "controller.animation.pa_tnt_bomb": {
      "initial_state": "default",
      "states": {
        "default": {
          "transitions": [
            {
              "shoot": "query.mark_variant == 1 && query.get_equipped_item_name=='tnt_bomb' && query.item_remaining_use_duration > 0"
            }
          ]
        },
        "shoot": {
          "transitions": [
            {
              "default": "query.mark_variant == 1 && query.get_equipped_item_name=='tnt_bomb' && query.item_remaining_use_duration > 0"
            }
          ],
          "on_entry": [
            "@s pa:tnt_bomb_fire",
            "/clear @s pa:tnt_bomb 0 1",
            "/playsound pa_tnt_bomb_shot"
          ]
        }
      }
    }
  }
}