{
	"format_version": "1.8.0",
	"animations": {
		"animation.morph.chicken.move": {
			"loop": true,
			"bones": {
				"leg0": {
					"rotation": ["(math.cos(query.modified_distance_moved * 38.17) * query.modified_move_speed / variable.gliding_speed_value) *	80.0", 0, 0]
				},
				"leg1": {
					"rotation": ["(math.cos(query.modified_distance_moved * 38.17) * query.modified_move_speed / variable.gliding_speed_value) * -80.0", 0, 0]
				}
			}
		},
		"animation.morph.chicken.wing_flap": {
			"loop": true,
			"animation_length": 0.24,
			"bones": {
				"wing0": {
					"rotation": {
						"0.0": [0, 0, 0],
						"0.04": [0, 0, 37.5],
						"0.08": [0, 0, 75],
						"0.12": [0, 0, 115],
						"0.16": [0, 0, 75],
						"0.2": [0, 0, 37.5],
						"0.24": [0, 0, 0]
					}
				},
				"wing1": {
					"rotation": {
						"0.0": [0, 0, 0],
						"0.04": [0, 0, -37.5],
						"0.08": [0, 0, -75],
						"0.12": [0, 0, -115],
						"0.16": [0, 0, -75],
						"0.2": [0, 0, -37.5],
						"0.24": [0, 0, 0]
					}
				}
			}
		}
	}
}