{
	"format_version" : "1.8.0",
	"animations" : {
		"animation.morph.parrot.base" : {
			"loop" : true,
			"bones" : {
				"body" : {
					"position" : [ "-this", 0.0, 0.0 ],
					"rotation" : [ "-this", 0.0, 0.0 ]
				},
				"feather" : {
					"rotation" : [ "-this", 0.0, 0.0 ]
				},
				"head" : {
					"position" : [ "-this", 0.0, 0.0 ],
					"rotation" : [ 0.0, 0.0, "-this" ]
				},
				"leg0" : {
					"position" : [ 0.0, "-6.0-this", -0.5 ],
					"rotation" : [ "-16.713-this", 0.0, "-this" ]
				},
				"leg1" : {
					"position" : [ 0.0, "-6.0-this", -0.5 ],
					"rotation" : [ "-16.713-this", 0.0, "-this" ]
				},
				"tail" : {
					"position" : [ "-this", 0.0, 0.0 ]
				},
				"wing0" : {
					"position" : [ "1.5-this", 0.0, 0.0 ],
					"rotation" : [ "-40.0-this", "-180.0-this", 0.0 ]
				},
				"wing1" : {
					"position" : [ "-1.5-this", 0.0, 0.0 ],
					"rotation" : [ "-40.0-this", "-180.0-this", 0.0 ]
				},
				"tail" : {
					"rotation" : [ "60.0 + math.cos(query.anim_time * 38.17) * 17.0 - this", 0.0, 0.0 ]
				}
			}
		},
		"animation.morph.parrot.flying" : {
			"loop": true,
			"animation_length": 0.24,
			"bones": {
				"wing0": {
					"rotation": {
						"0.0": [0, 0, 0],
						"0.04": [0, 0, -37.5],
						"0.08": [0, 0, -75],
						"0.12": [0, 0, -115],
						"0.16": [0, 0, -75],
						"0.2": [0, 0, -37.5],
						"0.24": [0, 0, 0]
					}
				},
				"wing1": {
					"rotation": {
						"0.0": [0, 0, 0],
						"0.04": [0, 0, 37.5],
						"0.08": [0, 0, 75],
						"0.12": [0, 0, 115],
						"0.16": [0, 0, 75],
						"0.2": [0, 0, 37.5],
						"0.24": [0, 0, 0]
					}
				}
			}
		},
		"animation.morph.parrot.moving" : {
			"loop" : true,
			"bones" : {
				"leg0" : {
					"rotation" : [ "math.cos(query.modified_distance_moved * 38.17) * 80.0 * query.modified_move_speed / variable.gliding_speed_value", 0.0, 0.0 ]
				},
				"leg1" : {
					"rotation" : [ "math.cos(query.modified_distance_moved * 38.17) * -80.0 * query.modified_move_speed / variable.gliding_speed_value", 0.0, 0.0 ]
				}
			}
		}
	}
}
