{
	"format_version": "1.8.0",
	"animations": {
		"animation.morph.quadruped.walk": {
			"loop": true,
			"bones": {
				"leg0": {
					"rotation": ["(math.cos(query.modified_distance_moved * 38.17) * query.modified_move_speed / variable.gliding_speed_value) *	80.0", 0, 0]
				},
				"leg1": {
					"rotation": ["(math.cos(query.modified_distance_moved * 38.17) * query.modified_move_speed / variable.gliding_speed_value) * -80.0", 0, 0]
				},
				"leg2": {
					"rotation": ["(math.cos(query.modified_distance_moved * 38.17) * query.modified_move_speed / variable.gliding_speed_value) * -80.0", 0, 0]
				},
				"leg3": {
					"rotation": ["(math.cos(query.modified_distance_moved * 38.17) * query.modified_move_speed / variable.gliding_speed_value) *	80.0", 0, 0]
				}
			}
		},
		"animation.morph.quadruped.sleeping": {
			"loop": true,
			"bones": {
				"body": {
					"position": [0, -6, 0]
				},
				"head": {
					"rotation": [15, 0, 0],
					"position": [0, -1, 0]
				},
				"leg0": {
					"rotation": [60, -60, 0],
					"position": [-2, 2, 0]
				},
				"leg1": {
					"rotation": [60, 60, 0],
					"position": [2, 2, 0]
				},
				"leg2": {
					"rotation": [-60, 60, 0],
					"position": [-2, 2, 0]
				},
				"leg3": {
					"rotation": [-60, -60, 0],
					"position": [2, 2, 0]
				}
			}
		}
	}
}