{
	"format_version" : "1.8.0",
	"animations" : {
		"animation.morph.ravager.biting" : {
			"loop" : false,
			"animation_length" : 0.75,
			"bones" : {
				"mouth" : {
					"rotation" : [ "math.sin(math.min(query.anim_time / (0.75 / 2.0f), 1.0f) * 180.0f) * 40.0f", 0.0, 0.0 ]
				},
				"neck" : {
					"position" : [ 0.0, 0.0, "-math.sin(math.min(query.anim_time / 0.75, 1.0f) * 180.0f) * variable.bite_neck_length" ]
				}
			}
		},
		"animation.morph.ravager.walk" : {
			"loop" : true,
			"bones" : {
				"leg0" : {
					"rotation" : [ "(math.cos(query.modified_distance_moved * 38.17) * query.modified_move_speed / variable.gliding_speed_value) *  22.92", 0.0, 0.0 ]
				},
				"leg1" : {
					"rotation" : [ "(math.cos(query.modified_distance_moved * 38.17) * query.modified_move_speed / variable.gliding_speed_value) * -22.92", 0.0, 0.0 ]
				},
				"leg2" : {
					"rotation" : [ "(math.cos(query.modified_distance_moved * 38.17) * query.modified_move_speed / variable.gliding_speed_value) * -22.92", 0.0, 0.0 ]
				},
				"leg3" : {
					"rotation" : [ "(math.cos(query.modified_distance_moved * 38.17) * query.modified_move_speed / variable.gliding_speed_value) *  22.92", 0.0, 0.0 ]
				}
			}
		}
	}
}
