{
	"format_version": "1.8.0",
	"animations": {
		"animation.morph.sheep.grazing": {
			"animation_length": 1.8,
			"loop": true,
			"bones": {
				"head": {
					"position": {
						"0.0": [0, -9, 0]
					},
					"rotation": {
						"0.0": {
							"post": ["180.0 * (0.2 + 0.07 * math.sin(query.key_frame_lerp_time * 1644.39))", 0, 0],
							"pre": [36, 0, 0]
						},
						"1.8": {
							"post": [36, 0, 0],
							"pre": ["180.0 * (0.2 + 0.07 * math.sin(query.key_frame_lerp_time * 1644.39))", 0, 0]
						}
					}
				}
			}
		}
	}
}