{
	"format_version": "1.8.0",
	"animations": {
		"animation.morph.spider.walk": {
			"loop": true,
			"bones": {
				"leg0": {
					"rotation": [0, "-math.abs((math.cos(query.modified_distance_moved * 76.34 + 90 * 0) * query.modified_move_speed / variable.gliding_speed_value) * 22.92)", "math.abs((math.sin(query.modified_distance_moved * 38.17 + 90 * 0) * query.modified_move_speed / variable.gliding_speed_value) * 22.92)"]
				},
				"leg1": {
					"rotation": [0, "math.abs((math.cos(query.modified_distance_moved * 76.34 + 90 * 0) * query.modified_move_speed / variable.gliding_speed_value) * 22.92)", "-math.abs((math.sin(query.modified_distance_moved * 38.17 + 90 * 0) * query.modified_move_speed / variable.gliding_speed_value) * 22.92)"]
				},
				"leg2": {
					"rotation": [0, "-math.abs((math.cos(query.modified_distance_moved * 76.34 + 90 * 1) * query.modified_move_speed / variable.gliding_speed_value) * 22.92)", "math.abs((math.sin(query.modified_distance_moved * 38.17 + 90 * 1) * query.modified_move_speed / variable.gliding_speed_value) * 22.92)"]
				},
				"leg3": {
					"rotation": [0, "math.abs((math.cos(query.modified_distance_moved * 76.34 + 90 * 1) * query.modified_move_speed / variable.gliding_speed_value) * 22.92)", "-math.abs((math.sin(query.modified_distance_moved * 38.17 + 90 * 1) * query.modified_move_speed / variable.gliding_speed_value) * 22.92)"]
				},
				"leg4": {
					"rotation": [0, "-math.abs((math.cos(query.modified_distance_moved * 76.34 + 90 * 2) * query.modified_move_speed / variable.gliding_speed_value) * 22.92)", "math.abs((math.sin(query.modified_distance_moved * 38.17 + 90 * 2) * query.modified_move_speed / variable.gliding_speed_value) * 22.92)"]
				},
				"leg5": {
					"rotation": [0, "math.abs((math.cos(query.modified_distance_moved * 76.34 + 90 * 2) * query.modified_move_speed / variable.gliding_speed_value) * 22.92)", "-math.abs((math.sin(query.modified_distance_moved * 38.17 + 90 * 2) * query.modified_move_speed / variable.gliding_speed_value) * 22.92)"]
				},
				"leg6": {
					"rotation": [0, "-math.abs((math.cos(query.modified_distance_moved * 76.34 + 90 * 3) * query.modified_move_speed / variable.gliding_speed_value) * 22.92)", "math.abs((math.sin(query.modified_distance_moved * 38.17 + 90 * 3) * query.modified_move_speed / variable.gliding_speed_value) * 22.92)"]
				},
				"leg7": {
					"rotation": [0, "math.abs((math.cos(query.modified_distance_moved * 76.34 + 90 * 3) * query.modified_move_speed / variable.gliding_speed_value) * 22.92)", "-math.abs((math.sin(query.modified_distance_moved * 38.17 + 90 * 3) * query.modified_move_speed / variable.gliding_speed_value) * 22.92)"]
				}
			}
		}
	}
}