{
  "format_version": "1.8.0",
  "animations": {
    "animation.sbgoji_titan_camera_man3.attack": {
      "loop": true,
      "bones": {
        "arm0": {
          "rotation": [
            "-114 + ((1.5 * math.abs(math.mod(variable.attack_animation_tick - query.frame_alpha, 10) - 5) - 2.5) / 5) * 57.3",
            0,
            0
          ]
        },
        "arm1": {
          "rotation": [
            "-114 + ((1.5 * math.abs(math.mod(variable.attack_animation_tick - query.frame_alpha, 10) - 5) - 2.5) / 5) * 57.3",
            0,
            0
          ]
        }
      }
    },
    "animation.sbgoji_titan_camera_man3.flower": {
      "loop": true,
      "bones": {
        "arm0": {
          "rotation": [
            "-45.8 + ((0.25 * math.abs(math.mod(variable.offer_flower_tick, 70) - 35) - 17.5) / 35)",
            0,
            0
          ]
        }
      }
    },
    "animation.iron_golem.move": {
      "loop": true,
      "bones": {
        "arm0": {
          "rotation": [
            "-variable.modified_tcos0 * 2.0",
            0,
            0
          ]
        },
        "arm1": {
          "rotation": [
            "variable.modified_tcos0 * 2.0",
            0,
            0
          ]
        }
      }
    },
    "animation.sbgoji_titan_camera_man3.move_to_target": {
      "loop": true,
      "bones": {
        "arm0": {
          "rotation": [
            "((math.abs(math.mod(query.modified_distance_moved, 13) - 6.5) - 3.25) / 2.25) * 30.0",
            0,
            0
          ]
        },
        "arm1": {
          "rotation": [
            "((math.abs(math.mod(query.modified_distance_moved, 13) - 6.5) - 3.25) / 2.25) * -30.0",
            0,
            0
          ]
        }
      }
    },
    "animation.iron_golem.walk": {
      "loop": true,
      "bones": {
        "body": {
          "rotation": [
            0,
            0,
            "variable.modified_tcos0 / 1.5"
          ]
        },
        "head": {
          "rotation": [
            0,
            0,
            "variable.modified_tcos0 / 1.5"
          ]
        },
        "leg0": {
          "rotation": [
            "variable.modified_tcos0 * 6.0",
            0,
            0
          ]
        },
        "leg1": {
          "rotation": [
            "-variable.modified_tcos0 * 6.0",
            0,
            0
          ]
        }
      }
    },
    "animation.iron_golem.walk_to_target": {
      "loop": true,
      "bones": {
        "body": {
          "rotation": [
            0,
            0,
            "2.0 * (math.abs(math.mod(query.modified_distance_moved + 6, 13.0) - 6.5) - 3.25)"
          ]
        },
        "head": {
          "rotation": [
            0,
            0,
            "2.0 * (math.abs(math.mod(query.modified_distance_moved + 6, 13.0) - 6.5) - 3.25)"
          ]
        },
        "leg0": {
          "rotation": [
            "(math.cos(query.modified_distance_moved * 38.17) * 40.0)",
            0,
            0
          ]
        },
        "leg1": {
          "rotation": [
            "(math.cos(query.modified_distance_moved * 38.17 + 180) * 40.0)",
            0,
            0
          ]
        }
      }
    },
    "animation.sbgoji_titan_camera_man3.walk_1": {
      "loop": true,
      "animation_length": 1,
      "bones": {
        "body": {
          "rotation": {
            "0.0": [
              0,
              0,
              -2.5
            ],
            "0.5": [
              0,
              0,
              2.5
            ],
            "1.0": [
              0,
              0,
              -2.5
            ]
          },
          "position": {
            "0.0": [
              0,
              2,
              0
            ],
            "0.25": [
              0,
              0,
              0
            ],
            "0.5": [
              0,
              2,
              0
            ],
            "0.75": [
              0,
              0,
              0
            ],
            "1.0": [
              0,
              2,
              0
            ]
          }
        },
        "body2": {
          "rotation": {
            "0.0": [
              5,
              0,
              0
            ],
            "0.3333": [
              2.5,
              0,
              0
            ],
            "0.625": [
              5,
              0,
              0
            ],
            "1.0": [
              5,
              0,
              0
            ]
          }
        },
        "Rightarm": {
          "rotation": {
            "0.0": [
              -17.5,
              0,
              0
            ],
            "0.5": [
              10,
              0,
              0
            ],
            "1.0": [
              -17.5,
              0,
              0
            ]
          }
        },
        "bone5": {
          "rotation": {
            "0.0": [
              7.5,
              0,
              0
            ],
            "0.25": [
              0.89881,
              0.15123,
              -2.32677
            ],
            "0.5": [
              -16.60119,
              0.15123,
              -2.32677
            ],
            "0.75": [
              -4.10119,
              0.15123,
              -2.32677
            ],
            "1.0": [
              7.5,
              0,
              0
            ]
          }
        },
        "bone6": {
          "rotation": {
            "0.0": [
              -15,
              0,
              0
            ],
            "0.25": [
              -5,
              0,
              0
            ],
            "0.5": [
              -6.11067,
              0.50767,
              4.21489
            ],
            "0.75": [
              1.38933,
              0.50767,
              4.21489
            ],
            "1.0": [
              -15,
              0,
              0
            ]
          }
        },
        "Leftarm": {
          "rotation": {
            "0.0": [
              10,
              0,
              0
            ],
            "0.5": [
              -17.5,
              0,
              0
            ],
            "1.0": [
              10,
              0,
              0
            ]
          }
        },
        "bone8": {
          "rotation": {
            "0.0": [
              -17.11822,
              1.9328,
              7.24341
            ],
            "0.25": [
              2.7025,
              2.17652,
              2.24614
            ],
            "0.5": [
              17.75824,
              -4.96818,
              -0.0371
            ],
            "0.75": [
              2.88178,
              1.9328,
              7.24341
            ],
            "1.0": [
              -17.11822,
              1.9328,
              7.24341
            ]
          }
        },
        "bone9": {
          "rotation": {
            "0.0": [
              -12.5,
              0,
              0
            ],
            "0.25": [
              -5,
              0,
              0
            ],
            "0.5": [
              -12.5,
              0,
              0
            ],
            "0.75": [
              -5,
              0,
              0
            ],
            "1.0": [
              -12.5,
              0,
              0
            ]
          }
        },
        "head": {
          "rotation": {
            "0.0": [
              0,
              0,
              2.5
            ],
            "0.25": [
              0,
              0,
              0
            ],
            "0.5": [
              -5.00474,
              2.49048,
              -0.21803
            ],
            "0.75": [
              -5,
              0,
              0
            ],
            "1.0": [
              0,
              0,
              2.5
            ]
          }
        },
        "Jetpack": {
          "rotation": {
            "0.0": [
              2.5,
              0,
              0
            ],
            "0.2917": [
              0,
              0,
              0
            ],
            "0.6667": [
              2.5,
              0,
              0
            ],
            "1.0": [
              2.5,
              0,
              0
            ]
          }
        },
        "Rightbigwing": {
          "rotation": {
            "0.0": [
              0,
              2.5,
              0
            ],
            "0.25": [
              0,
              -2.5,
              0
            ],
            "0.5": [
              0,
              -5,
              0
            ],
            "0.6667": [
              0,
              2.5,
              0
            ],
            "0.8333": [
              0,
              -6.25,
              0
            ],
            "1.0": [
              0,
              2.5,
              0
            ]
          }
        },
        "Rightwing": {
          "rotation": {
            "0.0": [
              0,
              2.5,
              0
            ],
            "0.25": [
              0,
              -2.5,
              0
            ],
            "0.5": [
              0,
              -5,
              0
            ],
            "0.6667": [
              0,
              2.5,
              0
            ],
            "0.8333": [
              0,
              -6.25,
              0
            ],
            "1.0": [
              0,
              2.5,
              0
            ]
          }
        },
        "Leftwing": {
          "rotation": {
            "0.0": [
              0,
              -2.5,
              0
            ],
            "0.25": [
              0,
              2.5,
              0
            ],
            "0.5": [
              0,
              5,
              0
            ],
            "0.6667": [
              0,
              -2.5,
              0
            ],
            "0.8333": [
              0,
              6.25,
              0
            ],
            "1.0": [
              0,
              -2.5,
              0
            ]
          }
        },
        "Leftbigwing": {
          "rotation": {
            "0.0": [
              0,
              -2.5,
              0
            ],
            "0.25": [
              0,
              2.5,
              0
            ],
            "0.5": [
              0,
              5,
              0
            ],
            "0.6667": [
              0,
              -2.5,
              0
            ],
            "0.8333": [
              0,
              6.25,
              0
            ],
            "1.0": [
              0,
              -2.5,
              0
            ]
          }
        },
        "Leftleg": {
          "rotation": {
            "0.0": [
              -7.5,
              0,
              0
            ],
            "0.5": [
              17.5,
              0,
              0
            ],
            "1.0": [
              -7.5,
              0,
              0
            ]
          },
          "position": {
            "0.0": [
              0,
              3,
              -5
            ],
            "0.2083": [
              0,
              0,
              -5
            ],
            "0.5": [
              0,
              0,
              0
            ],
            "0.75": [
              0,
              1,
              0
            ],
            "1.0": [
              0,
              3,
              -5
            ]
          }
        },
        "bone4": {
          "rotation": {
            "0.0": [
              -7.51216,
              0.01658,
              -0.55034
            ],
            "0.2083": [
              -0.01216,
              0.01658,
              -0.55034
            ],
            "0.5": [
              14.98784,
              0.01658,
              -0.55034
            ],
            "0.7083": [
              27.48784,
              0.01658,
              -0.55034
            ],
            "1.0": [
              -7.51216,
              0.01658,
              -0.55034
            ]
          }
        },
        "Rightleg": {
          "rotation": {
            "0.0": [
              17.5,
              0,
              0
            ],
            "0.5": [
              -7.5,
              0,
              0
            ],
            "1.0": [
              17.5,
              0,
              0
            ]
          },
          "position": {
            "0.0": [
              0,
              0,
              0
            ],
            "0.25": [
              0,
              0,
              -5
            ],
            "0.5": [
              0,
              3,
              -5
            ],
            "0.75": [
              0,
              -0.23,
              -5.18
            ],
            "1.0": [
              0,
              0,
              0
            ]
          }
        },
        "bone10": {
          "rotation": {
            "0.0": [
              7.5,
              0,
              0
            ],
            "0.25": [
              15,
              0,
              0
            ],
            "0.5": [
              -2.5,
              0,
              0
            ],
            "0.75": [
              -5,
              0,
              0
            ],
            "1.0": [
              7.5,
              0,
              0
            ]
          }
        },
        "bone3": {
          "position": [
            -1,
            0,
            0
          ]
        },
        "bone17": {
          "scale": [
            1,
            0.3,
            1
          ]
        }
      }
    },
    "animation.unknown.attk": {
      "loop": true,
      "animation_length": 1,
      "bones": {
        "body": {
          "rotation": {
            "0.0": [
              0,
              0,
              -2.5
            ],
            "0.5": [
              0,
              0,
              2.5
            ],
            "1.0": [
              0,
              0,
              -2.5
            ]
          },
          "position": {
            "0.0": [
              0,
              2,
              0
            ],
            "0.25": [
              0,
              0,
              0
            ],
            "0.5": [
              0,
              2,
              0
            ],
            "0.75": [
              0,
              0,
              0
            ],
            "1.0": [
              0,
              2,
              0
            ]
          }
        },
        "body2": {
          "rotation": {
            "0.0": [
              5,
              0,
              0
            ],
            "0.3333": [
              2.5,
              0,
              0
            ],
            "0.625": [
              5,
              0,
              0
            ],
            "1.0": [
              5,
              0,
              0
            ]
          }
        },
        "Rightarm": {
          "rotation": {
            "0.0": [
              -17.5,
              0,
              0
            ],
            "0.5": [
              10,
              0,
              0
            ],
            "1.0": [
              -17.5,
              0,
              0
            ]
          }
        },
        "bone5": {
          "rotation": {
            "0.0": [
              7.5,
              0,
              0
            ],
            "0.25": [
              0.89881,
              0.15123,
              -2.32677
            ],
            "0.5": [
              -16.60119,
              0.15123,
              -2.32677
            ],
            "0.75": [
              -4.10119,
              0.15123,
              -2.32677
            ],
            "1.0": [
              7.5,
              0,
              0
            ]
          }
        },
        "bone6": {
          "rotation": {
            "0.0": [
              -15,
              0,
              0
            ],
            "0.25": [
              -5,
              0,
              0
            ],
            "0.5": [
              -6.11067,
              0.50767,
              4.21489
            ],
            "0.75": [
              1.38933,
              0.50767,
              4.21489
            ],
            "1.0": [
              -15,
              0,
              0
            ]
          }
        },
        "Leftarm": {
          "rotation": {
            "0.0": [
              10,
              0,
              0
            ],
            "0.5": [
              -17.5,
              0,
              0
            ],
            "1.0": [
              10,
              0,
              0
            ]
          }
        },
        "bone8": {
          "rotation": {
            "0.0": [
              -17.11822,
              1.9328,
              7.24341
            ],
            "0.25": [
              2.7025,
              2.17652,
              2.24614
            ],
            "0.5": [
              17.75824,
              -4.96818,
              -0.0371
            ],
            "0.75": [
              2.88178,
              1.9328,
              7.24341
            ],
            "1.0": [
              -17.11822,
              1.9328,
              7.24341
            ]
          }
        },
        "bone9": {
          "rotation": {
            "0.0": [
              -12.5,
              0,
              0
            ],
            "0.25": [
              -5,
              0,
              0
            ],
            "0.5": [
              -12.5,
              0,
              0
            ],
            "0.75": [
              -5,
              0,
              0
            ],
            "1.0": [
              -12.5,
              0,
              0
            ]
          }
        },
        "head": {
          "rotation": {
            "0.0": [
              0,
              0,
              2.5
            ],
            "0.25": [
              0,
              0,
              0
            ],
            "0.5": [
              -5.00474,
              2.49048,
              -0.21803
            ],
            "0.75": [
              -5,
              0,
              0
            ],
            "1.0": [
              0,
              0,
              2.5
            ]
          }
        },
        "Jetpack": {
          "rotation": {
            "0.0": [
              2.5,
              0,
              0
            ],
            "0.2917": [
              0,
              0,
              0
            ],
            "0.6667": [
              2.5,
              0,
              0
            ],
            "1.0": [
              2.5,
              0,
              0
            ]
          }
        },
        "Rightbigwing": {
          "rotation": {
            "0.0": [
              0,
              2.5,
              0
            ],
            "0.25": [
              0,
              -2.5,
              0
            ],
            "0.5": [
              0,
              -5,
              0
            ],
            "0.6667": [
              0,
              2.5,
              0
            ],
            "0.8333": [
              0,
              -6.25,
              0
            ],
            "1.0": [
              0,
              2.5,
              0
            ]
          }
        },
        "Rightwing": {
          "rotation": {
            "0.0": [
              0,
              2.5,
              0
            ],
            "0.25": [
              0,
              -2.5,
              0
            ],
            "0.5": [
              0,
              -5,
              0
            ],
            "0.6667": [
              0,
              2.5,
              0
            ],
            "0.8333": [
              0,
              -6.25,
              0
            ],
            "1.0": [
              0,
              2.5,
              0
            ]
          }
        },
        "Leftwing": {
          "rotation": {
            "0.0": [
              0,
              -2.5,
              0
            ],
            "0.25": [
              0,
              2.5,
              0
            ],
            "0.5": [
              0,
              5,
              0
            ],
            "0.6667": [
              0,
              -2.5,
              0
            ],
            "0.8333": [
              0,
              6.25,
              0
            ],
            "1.0": [
              0,
              -2.5,
              0
            ]
          }
        },
        "Leftbigwing": {
          "rotation": {
            "0.0": [
              0,
              -2.5,
              0
            ],
            "0.25": [
              0,
              2.5,
              0
            ],
            "0.5": [
              0,
              5,
              0
            ],
            "0.6667": [
              0,
              -2.5,
              0
            ],
            "0.8333": [
              0,
              6.25,
              0
            ],
            "1.0": [
              0,
              -2.5,
              0
            ]
          }
        },
        "Leftleg": {
          "rotation": {
            "0.0": [
              -7.5,
              0,
              0
            ],
            "0.5": [
              17.5,
              0,
              0
            ],
            "1.0": [
              -7.5,
              0,
              0
            ]
          },
          "position": {
            "0.0": [
              0,
              3,
              -5
            ],
            "0.2083": [
              0,
              0,
              -5
            ],
            "0.5": [
              0,
              0,
              0
            ],
            "0.75": [
              0,
              1,
              0
            ],
            "1.0": [
              0,
              3,
              -5
            ]
          }
        },
        "bone4": {
          "rotation": {
            "0.0": [
              -7.51216,
              0.01658,
              -0.55034
            ],
            "0.2083": [
              -0.01216,
              0.01658,
              -0.55034
            ],
            "0.5": [
              14.98784,
              0.01658,
              -0.55034
            ],
            "0.7083": [
              27.48784,
              0.01658,
              -0.55034
            ],
            "1.0": [
              -7.51216,
              0.01658,
              -0.55034
            ]
          }
        },
        "Rightleg": {
          "rotation": {
            "0.0": [
              17.5,
              0,
              0
            ],
            "0.5": [
              -7.5,
              0,
              0
            ],
            "1.0": [
              17.5,
              0,
              0
            ]
          },
          "position": {
            "0.0": [
              0,
              0,
              0
            ],
            "0.25": [
              0,
              0,
              -5
            ],
            "0.5": [
              0,
              3,
              -5
            ],
            "0.75": [
              0,
              -0.23,
              -5.18
            ],
            "1.0": [
              0,
              0,
              0
            ]
          }
        },
        "bone10": {
          "rotation": {
            "0.0": [
              7.5,
              0,
              0
            ],
            "0.25": [
              15,
              0,
              0
            ],
            "0.5": [
              -2.5,
              0,
              0
            ],
            "0.75": [
              -5,
              0,
              0
            ],
            "1.0": [
              7.5,
              0,
              0
            ]
          }
        },
        "bone3": {
          "position": [
            -1,
            0,
            0
          ]
        }
      }
    },
    "animation.sbgoji_titan_camera_man3.st": {
      "loop": true,
      "animation_length": 1.5,
      "bones": {
        "body2": {
          "rotation": {
            "0.0": [
              5,
              0,
              0
            ],
            "0.75": [
              2.5,
              0,
              0
            ],
            "1.5": [
              5,
              0,
              0
            ]
          }
        },
        "Rightarm": {
          "rotation": {
            "0.0": [
              0,
              0,
              -5
            ],
            "0.75": [
              0,
              0,
              0
            ],
            "1.5": [
              0,
              0,
              -5
            ]
          }
        },
        "bone5": {
          "rotation": {
            "0.0": [
              0,
              0,
              5
            ],
            "0.25": [
              0.18895,
              -0.60135,
              -2.47449
            ],
            "0.5": [
              0.19,
              -0.6,
              -2.47
            ],
            "0.75": [
              0.05532,
              -0.20177,
              2.51325
            ],
            "1.0": [
              0,
              0,
              5
            ]
          }
        },
        "bone6": {
          "rotation": {
            "0.0": [
              -7.5,
              0,
              0
            ],
            "0.375": [
              -7.5,
              0,
              0
            ],
            "0.75": [
              2.5,
              0,
              0
            ],
            "1.25": [
              -7.5,
              0,
              0
            ],
            "1.5": [
              -7.5,
              0,
              0
            ]
          }
        },
        "bone3": {
          "position": [
            -1,
            0,
            0
          ]
        },
        "Leftarm": {
          "rotation": {
            "0.0": [
              0,
              0,
              5
            ],
            "0.75": [
              0,
              0,
              0
            ],
            "1.5": [
              0,
              0,
              5
            ]
          }
        },
        "bone8": {
          "rotation": {
            "0.0": [
              0,
              0,
              -5
            ],
            "0.25": [
              0.18895,
              0.60135,
              2.47449
            ],
            "0.5": [
              0.19,
              0.6,
              2.47
            ],
            "0.75": [
              0.05532,
              0.20177,
              -2.51325
            ],
            "1.0": [
              0,
              0,
              -5
            ]
          }
        },
        "bone9": {
          "rotation": {
            "0.0": [
              -7.5,
              0,
              0
            ],
            "0.375": [
              -7.5,
              0,
              0
            ],
            "0.75": [
              2.5,
              0,
              0
            ],
            "1.25": [
              -7.5,
              0,
              0
            ],
            "1.5": [
              -7.5,
              0,
              0
            ]
          }
        },
        "head": {
          "rotation": {
            "0.0": [
              0,
              12.5,
              0
            ],
            "0.2083": [
              0,
              12.5,
              0
            ],
            "0.4583": [
              0,
              -10,
              0
            ],
            "0.75": [
              0,
              -10,
              0
            ],
            "1.0": [
              0,
              0,
              0
            ],
            "1.25": [
              0,
              0,
              0
            ],
            "1.5": [
              0,
              12.5,
              0
            ]
          }
        },
        "Rightear": {
          "rotation": {
            "0.25": [
              0,
              0,
              0
            ],
            "0.375": [
              0,
              0,
              87.5
            ],
            "0.5417": [
              0,
              0,
              87.5
            ],
            "0.7083": [
              0,
              0,
              0
            ]
          },
          "position": [
            0,
            0,
            0
          ]
        },
        "Leftear": {
          "rotation": {
            "0.25": [
              0,
              0,
              0
            ],
            "0.375": [
              0,
              0,
              -87.5
            ],
            "0.5417": [
              0,
              0,
              -87.5
            ],
            "0.7083": [
              0,
              0,
              0
            ]
          },
          "position": [
            0,
            0,
            0
          ]
        },
        "bone17": {
          "scale": [
            1,
            0.4,
            1
          ]
        }
      }
    },
    "animation.sbgoji_titan_camera_man3.lookatt": {
      "loop": true,
      "animation_length": 5,
      "bones": {
        "Rott": {
          "rotation": {
            "0.0": [
              7.5,
              0,
              0
            ],
            "0.5417": [
              7.5,
              0,
              0
            ],
            "0.7917": [
              20,
              0,
              0
            ],
            "1.0833": [
              20.15874,
              -7.04533,
              -2.57816
            ],
            "1.4583": [
              27.94582,
              -11.73507,
              -4.3361
            ],
            "1.7917": [
              20.44582,
              -11.73507,
              -4.3361
            ],
            "2.3333": [
              30.01754,
              -2.34914,
              -0.85553
            ],
            "2.7083": [
              35.01754,
              -2.34914,
              -0.85553
            ],
            "3.0417": [
              35.8761,
              11.94498,
              9.30299
            ],
            "3.5": [
              35.00246,
              1.74697,
              2.0125
            ],
            "3.7083": [
              36.32515,
              -14.55923,
              -9.68214
            ],
            "3.9167": [
              27.82569,
              -1.33777,
              -2.51174
            ],
            "4.5417": [
              -4.67431,
              -1.33777,
              -2.51174
            ],
            "4.9583": [
              7.5,
              0,
              0
            ]
          },
          "position": {
            "0.0": [
              0,
              1,
              0
            ],
            "1.7917": [
              0,
              12,
              0
            ],
            "2.3333": [
              0,
              40,
              12
            ],
            "4.5417": [
              0,
              40,
              12
            ],
            "4.9583": [
              0,
              1,
              0
            ]
          },
          "scale": [
            1,
            1,
            1
          ]
        },
        "body2": {
          "rotation": {
            "0.5": [
              0,
              0,
              0
            ],
            "0.75": [
              15.41156,
              19.82519,
              1.37401
            ],
            "1.0": [
              16.98955,
              -16.29535,
              -9.09903
            ],
            "1.25": [
              17.39498,
              -33.25482,
              -13.71505
            ],
            "1.4167": [
              33.36168,
              -35.02489,
              -17.98437
            ],
            "1.75": [
              0,
              0,
              0
            ],
            "1.9583": [
              7.5,
              0,
              0
            ]
          },
          "position": [
            0,
            0,
            0
          ]
        },
        "bone11": {
          "rotation": {
            "0.25": [
              0,
              0,
              0
            ],
            "0.5": [
              -27.5,
              0,
              0
            ],
            "4.5": [
              -27.5,
              0,
              0
            ],
            "4.75": [
              0,
              0,
              0
            ]
          },
          "position": {
            "0.25": [
              0,
              0,
              0
            ],
            "0.5": [
              0,
              0,
              -2
            ]
          }
        },
        "bone13": {
          "rotation": {
            "0.25": [
              0,
              0,
              0
            ],
            "0.5": [
              -12.5,
              0,
              0
            ],
            "4.5": [
              -12.5,
              0,
              0
            ],
            "4.75": [
              0,
              0,
              0
            ]
          },
          "position": [
            0,
            0,
            0
          ]
        },
        "bone7": {
          "rotation": {
            "0.25": [
              0,
              0,
              0
            ],
            "0.5": [
              -12.5,
              0,
              0
            ],
            "4.5": [
              -12.5,
              0,
              0
            ],
            "4.75": [
              0,
              0,
              0
            ]
          },
          "position": [
            0,
            0,
            0
          ]
        },
        "Rightarm": {
          "rotation": {
            "0.375": [
              0,
              0,
              0
            ],
            "0.7083": [
              -17.72579,
              2.85537,
              -6.93958
            ],
            "1.125": [
              9.77421,
              2.85537,
              -6.93958
            ],
            "1.625": [
              -5.22579,
              2.85537,
              -6.93958
            ],
            "1.8333": [
              0,
              0,
              0
            ],
            "2.1667": [
              -65,
              0,
              0
            ],
            "2.5417": [
              -82.5,
              0,
              0
            ],
            "3.0": [
              -82.36288,
              -9.84791,
              -1.74496
            ],
            "3.5": [
              -82.13516,
              14.76818,
              2.65938
            ],
            "4.0": [
              -82.36288,
              -9.84791,
              -1.74496
            ],
            "4.5": [
              0,
              0,
              0
            ]
          },
          "position": [
            0,
            0,
            0
          ],
          "scale": [
            1,
            1,
            1
          ]
        },
        "bone5": {
          "rotation": {
            "0.25": [
              0,
              0,
              0
            ],
            "0.5": [
              -81.65589,
              -11.31335,
              16.60179
            ],
            "4.5417": [
              -81.66,
              -11.31,
              16.6
            ],
            "4.875": [
              0,
              0,
              0
            ]
          },
          "position": {
            "0.25": [
              0,
              0,
              0
            ],
            "0.75": [
              -18,
              -12,
              0
            ],
            "4.5417": [
              -18,
              -12,
              0
            ],
            "4.8333": [
              0,
              0,
              0
            ]
          },
          "scale": {
            "0.6667": [
              1,
              1,
              1
            ],
            "0.75": [
              0.2,
              1,
              0
            ],
            "0.7917": [
              0,
              -0.6,
              -0.1
            ],
            "4.5417": [
              0.2,
              1,
              0
            ],
            "4.7917": [
              1,
              1,
              1
            ]
          }
        },
        "bone6": {
          "rotation": {
            "0.5": [
              0,
              0,
              0
            ],
            "0.7083": [
              -17.5,
              0,
              0
            ],
            "1.0417": [
              -32.5,
              0,
              0
            ],
            "1.5": [
              -45,
              0,
              0
            ],
            "1.7917": [
              0,
              0,
              0
            ],
            "2.125": [
              -13.41155,
              50.4591,
              -17.7688
            ],
            "2.5417": [
              -35.20172,
              65.91728,
              -51.91149
            ],
            "4.5": [
              -35.2,
              65.92,
              -51.91
            ],
            "4.9583": [
              0,
              0,
              0
            ]
          },
          "position": [
            0,
            0,
            0
          ]
        },
        "bone3": {
          "rotation": {
            "0.2083": [
              0,
              0,
              0
            ],
            "0.75": [
              -182.5,
              0,
              0
            ],
            "1.0": [
              -207.5,
              0,
              0
            ],
            "1.2083": [
              -172.5,
              0,
              0
            ],
            "1.25": [
              -182.5,
              0,
              0
            ],
            "1.4583": [
              -182.5,
              0,
              0
            ],
            "4.25": [
              -182.5,
              0,
              0
            ],
            "4.5": [
              0,
              0,
              0
            ]
          },
          "position": {
            "0.0": [
              -1,
              0,
              0
            ],
            "0.2083": [
              0,
              0,
              0
            ],
            "0.75": [
              0,
              -4,
              0
            ],
            "4.25": [
              0,
              -4,
              0
            ],
            "4.5": [
              0,
              0,
              0
            ]
          },
          "scale": [
            1,
            1,
            1
          ]
        },
        "Leftarm": {
          "rotation": {
            "0.5": [
              0,
              0,
              0
            ],
            "0.9583": [
              -75.81299,
              32.02423,
              14.90818
            ],
            "1.25": [
              -39.28111,
              27.7072,
              7.86208
            ],
            "1.4167": [
              -30.35905,
              0.90019,
              -22.52342
            ],
            "1.5833": [
              -45.44725,
              -12.99185,
              -37.59785
            ],
            "1.8333": [
              0,
              0,
              0
            ],
            "2.25": [
              0,
              0,
              25
            ],
            "2.625": [
              0,
              0,
              20
            ],
            "2.8333": [
              0,
              0,
              25
            ],
            "3.1667": [
              0,
              0,
              20
            ],
            "3.4583": [
              0,
              0,
              25
            ],
            "3.8333": [
              0,
              0,
              20
            ],
            "4.2917": [
              0,
              0,
              30
            ],
            "4.6667": [
              0,
              0,
              20
            ],
            "4.9583": [
              0,
              0,
              0
            ]
          },
          "position": [
            0,
            0,
            0
          ]
        },
        "bone8": {
          "rotation": {
            "0.25": [
              0,
              0,
              0
            ],
            "0.5": [
              -81.65589,
              11.31335,
              -16.60179
            ],
            "4.5417": [
              -81.66,
              11.31,
              -16.6
            ],
            "4.875": [
              0,
              0,
              0
            ]
          },
          "position": {
            "0.25": [
              0,
              0,
              0
            ],
            "0.75": [
              18,
              -12,
              0
            ],
            "4.5417": [
              18,
              -12,
              0
            ],
            "4.8333": [
              0,
              0,
              0
            ]
          },
          "scale": {
            "0.6667": [
              1,
              1,
              1
            ],
            "0.75": [
              0.2,
              1,
              0
            ],
            "4.5417": [
              0.2,
              1,
              0
            ],
            "4.7917": [
              1,
              1,
              1
            ]
          }
        },
        "bone9": {
          "rotation": {
            "0.5": [
              0,
              0,
              0
            ],
            "0.9583": [
              -31.45213,
              43.28056,
              -16.33988
            ],
            "1.25": [
              -60.33831,
              47.76584,
              -26.96649
            ],
            "1.625": [
              -13.80159,
              -36.21946,
              -18.82377
            ],
            "1.8333": [
              0,
              0,
              0
            ],
            "2.25": [
              -14.69415,
              -4.01523,
              -6.34333
            ],
            "4.5": [
              -14.69,
              -4.02,
              -6.34
            ],
            "4.9583": [
              0,
              0,
              0
            ]
          },
          "position": {
            "0.5": [
              0,
              0,
              0
            ],
            "4.5": [
              0,
              0,
              0
            ]
          }
        },
        "bone": {
          "rotation": {
            "0.875": [
              7.5,
              0,
              0
            ],
            "1.25": [
              25,
              0,
              0
            ],
            "1.5417": [
              40,
              0,
              0
            ],
            "1.8333": [
              7.5,
              0,
              0
            ]
          }
        },
        "Gun": {
          "rotation": {
            "0.25": [
              0,
              0,
              0
            ],
            "0.5": [
              0,
              0,
              0
            ],
            "0.75": [
              82.5,
              0,
              0
            ],
            "4.5": [
              82.5,
              0,
              0
            ],
            "5.0": [
              0,
              0,
              0
            ]
          },
          "position": {
            "0.25": [
              0,
              0,
              0
            ],
            "0.5": [
              0,
              2,
              0
            ],
            "4.5": [
              0,
              2,
              0
            ],
            "5.0": [
              0,
              0,
              0
            ]
          },
          "scale": {
            "0.25": [
              1,
              1,
              1
            ],
            "0.5": [
              1.2,
              1,
              1
            ],
            "4.5": [
              1.2,
              1,
              1
            ],
            "5.0": [
              1,
              1,
              1
            ]
          }
        },
        "Rightbigwing": {
          "rotation": {
            "0.25": [
              0,
              0,
              0
            ],
            "0.4583": [
              0,
              0,
              -20
            ],
            "0.6667": [
              0,
              0,
              -37.5
            ],
            "0.9583": [
              0,
              0,
              -30
            ],
            "1.4167": [
              0,
              0,
              -20
            ],
            "4.75": [
              0,
              0,
              -20
            ],
            "5.0": [
              0,
              0,
              0
            ]
          },
          "position": [
            0,
            0,
            0
          ]
        },
        "Rightwing": {
          "rotation": {
            "0.2083": [
              0,
              0,
              0
            ],
            "0.5": [
              0,
              0,
              -62.5
            ],
            "0.7083": [
              0,
              0,
              -52.5
            ],
            "1.25": [
              0,
              0,
              -47.5
            ],
            "1.5": [
              0,
              0,
              -50
            ],
            "1.875": [
              0,
              0,
              -47.5
            ],
            "4.75": [
              0,
              0,
              -47.5
            ],
            "5.0": [
              0,
              0,
              0
            ]
          },
          "position": [
            0,
            0,
            0
          ]
        },
        "Leftwing": {
          "rotation": {
            "0.2083": [
              0,
              0,
              0
            ],
            "0.5": [
              0,
              0,
              62.5
            ],
            "0.7083": [
              0,
              0,
              52.5
            ],
            "1.25": [
              0,
              0,
              47.5
            ],
            "1.5": [
              0,
              0,
              50
            ],
            "1.875": [
              0,
              0,
              47.5
            ],
            "4.75": [
              0,
              0,
              47.5
            ],
            "5.0": [
              0,
              0,
              0
            ]
          },
          "position": [
            0,
            0,
            0
          ]
        },
        "Leftbigwing": {
          "rotation": {
            "0.25": [
              0,
              0,
              0
            ],
            "0.4583": [
              0,
              0,
              20
            ],
            "0.6667": [
              0,
              0,
              37.5
            ],
            "0.9583": [
              0,
              0,
              30
            ],
            "1.4167": [
              0,
              0,
              20
            ],
            "4.75": [
              0,
              0,
              20
            ],
            "5.0": [
              0,
              0,
              0
            ]
          },
          "position": {
            "0.25": [
              0,
              0,
              0
            ],
            "4.75": [
              0,
              0,
              0
            ]
          }
        },
        "Leftleg": {
          "rotation": {
            "0.2083": [
              0,
              0,
              0
            ],
            "0.5417": [
              15,
              0,
              0
            ],
            "4.5": [
              15,
              0,
              0
            ],
            "4.75": [
              0,
              0,
              0
            ]
          },
          "position": {
            "0.2083": [
              0,
              0,
              0
            ],
            "4.5": [
              0,
              0,
              0
            ]
          },
          "scale": [
            1,
            1,
            1
          ]
        },
        "bone4": {
          "rotation": {
            "0.2083": [
              0,
              0,
              0
            ],
            "0.5": [
              20,
              0,
              0
            ],
            "4.5": [
              20,
              0,
              0
            ],
            "4.7083": [
              0,
              0,
              0
            ]
          },
          "position": {
            "0.2083": [
              0,
              0,
              0
            ],
            "4.5": [
              0,
              0,
              0
            ]
          }
        },
        "Rightleg": {
          "rotation": {
            "0.1667": [
              0,
              0,
              0
            ],
            "0.375": [
              -30,
              0,
              0
            ],
            "4.5": [
              -30,
              0,
              0
            ],
            "4.75": [
              0,
              0,
              0
            ]
          },
          "position": [
            0,
            0,
            0
          ],
          "scale": [
            1,
            1,
            1
          ]
        },
        "bone10": {
          "rotation": {
            "0.25": [
              0,
              0,
              0
            ],
            "0.5": [
              22.5,
              0,
              0
            ],
            "4.5": [
              22.5,
              0,
              0
            ],
            "4.75": [
              0,
              0,
              0
            ]
          },
          "position": [
            0,
            0,
            0
          ]
        },
        "bone12": {
          "rotation": {
            "2.75": [
              0,
              0,
              0
            ],
            "3.0417": [
              0,
              0,
              0
            ],
            "3.375": [
              0,
              0,
              0
            ],
            "3.7083": [
              0,
              0,
              0
            ]
          },
          "position": {
            "2.75": [
              0,
              0,
              0
            ],
            "2.8333": [
              0,
              -26,
              0
            ],
            "2.9167": [
              0,
              0,
              0
            ],
            "3.0417": [
              0,
              0,
              0
            ],
            "3.125": [
              0,
              -26,
              0
            ],
            "3.2083": [
              0,
              0,
              0
            ],
            "3.375": [
              0,
              0,
              0
            ],
            "3.4583": [
              0,
              -26,
              0
            ],
            "3.5417": [
              0,
              0,
              0
            ],
            "3.7083": [
              0,
              0,
              0
            ],
            "3.7917": [
              0,
              -26,
              0
            ],
            "3.875": [
              0,
              0,
              0
            ]
          },
          "scale": {
            "2.75": [
              1,
              1,
              1
            ],
            "2.8333": [
              1,
              1.9,
              1
            ],
            "2.9167": [
              1,
              1,
              1
            ],
            "3.0417": [
              1,
              1,
              1
            ],
            "3.125": [
              1,
              1.9,
              1
            ],
            "3.2083": [
              1,
              1,
              1
            ],
            "3.375": [
              1,
              1,
              1
            ],
            "3.4583": [
              1,
              1.9,
              1
            ],
            "3.5417": [
              1,
              1,
              1
            ],
            "3.7083": [
              1,
              1,
              1
            ],
            "3.7917": [
              1,
              1.9,
              1
            ],
            "3.875": [
              1,
              1,
              1
            ]
          }
        },
        "bone14": {
          "rotation": {
            "0.2917": [
              0,
              0,
              0
            ],
            "4.75": [
              0,
              -4792.5,
              0
            ]
          },
          "position": {
            "0.2917": [
              0,
              0,
              0
            ],
            "0.5": [
              0,
              -20,
              0
            ],
            "4.75": [
              0,
              -20,
              0
            ],
            "5.0": [
              0,
              0,
              0
            ]
          },
          "scale": {
            "0.3333": [
              1,
              1,
              1
            ],
            "0.5": [
              1,
              1.1,
              1.2
            ],
            "0.7083": [
              1,
              2.3,
              1.2
            ],
            "1.0833": [
              1,
              0.6,
              1.2
            ],
            "1.5": [
              1,
              1.1,
              1.2
            ],
            "1.9167": [
              1.6,
              2.1,
              1.5
            ],
            "2.3333": [
              1.6,
              1,
              1.5
            ],
            "2.8333": [
              1.6,
              1.6,
              1.5
            ],
            "3.2083": [
              1.6,
              0.5,
              1.5
            ],
            "3.5833": [
              1.6,
              1.4,
              1.5
            ],
            "4.0417": [
              1.2,
              2.1,
              1.3
            ],
            "4.4583": [
              1.2,
              0.9,
              1.3
            ],
            "4.75": [
              1,
              1,
              1
            ]
          }
        },
        "bone15": {
          "rotation": {
            "0.2917": [
              0,
              0,
              0
            ],
            "4.75": [
              0,
              4792.5,
              0
            ]
          },
          "position": {
            "0.2917": [
              0,
              0,
              0
            ],
            "0.5": [
              0,
              -20,
              0
            ],
            "4.75": [
              0,
              -20,
              0
            ],
            "5.0": [
              0,
              0,
              0
            ]
          },
          "scale": {
            "0.3333": [
              1,
              1,
              1
            ],
            "0.5": [
              1,
              1.1,
              1.2
            ],
            "0.7083": [
              1,
              2.3,
              1.2
            ],
            "1.0833": [
              1,
              0.6,
              1.2
            ],
            "1.5": [
              1,
              1.1,
              1.2
            ],
            "1.9167": [
              1.6,
              2.1,
              1.5
            ],
            "2.3333": [
              1.6,
              1,
              1.5
            ],
            "2.8333": [
              1.6,
              1.6,
              1.5
            ],
            "3.2083": [
              1.6,
              0.5,
              1.5
            ],
            "3.5833": [
              1.6,
              1.4,
              1.5
            ],
            "4.0417": [
              1.2,
              2.1,
              1.3
            ],
            "4.4583": [
              1.2,
              0.9,
              1.3
            ],
            "4.75": [
              1,
              1,
              1
            ]
          }
        },
        "bone16": {
          "rotation": [
            0,
            0,
            0
          ],
          "position": {
            "0.6667": [
              0,
              0,
              0
            ],
            "0.75": [
              0,
              8,
              0
            ],
            "1.625": [
              0,
              8,
              0
            ],
            "1.7083": [
              0,
              0,
              0
            ]
          },
          "scale": {
            "0.7917": [
              1,
              1,
              1
            ],
            "0.875": [
              1,
              2.5,
              1
            ],
            "0.9167": [
              1,
              3.7,
              1
            ],
            "1.0417": [
              1.4,
              4.9,
              1.4
            ],
            "1.1667": [
              1.4,
              11,
              1.4
            ],
            "1.2917": [
              1.4,
              7.1,
              1.4
            ],
            "1.5": [
              1.4,
              2.9,
              1.4
            ],
            "1.6667": [
              1.4,
              0.2,
              1.4
            ],
            "1.7083": [
              1.4,
              0.5,
              1.4
            ]
          }
        },
        "bone17": {
          "rotation": {
            "2.25": [
              0,
              0,
              0
            ],
            "4.2083": [
              0,
              5717.5,
              0
            ]
          },
          "position": {
            "2.25": [
              0,
              0,
              0
            ],
            "2.3333": [
              0,
              18,
              0
            ],
            "2.6667": [
              0,
              0,
              0
            ],
            "2.75": [
              0,
              18,
              0
            ],
            "3.0833": [
              0,
              0,
              0
            ],
            "3.1667": [
              0,
              18,
              0
            ],
            "3.4167": [
              0,
              0,
              0
            ],
            "3.5": [
              0,
              18,
              0
            ],
            "3.7083": [
              0,
              0,
              0
            ],
            "3.7917": [
              0,
              18,
              0
            ],
            "4.0": [
              0,
              0,
              0
            ],
            "4.0833": [
              0,
              18,
              0
            ],
            "4.2083": [
              0,
              0,
              0
            ]
          },
          "scale": {
            "2.25": [
              1,
              1,
              1
            ],
            "2.3333": [
              1,
              1.8,
              1
            ],
            "2.4583": [
              1,
              1,
              1
            ],
            "2.6667": [
              1,
              1,
              1
            ],
            "2.75": [
              1,
              1.8,
              1
            ],
            "2.875": [
              1,
              1,
              1
            ],
            "3.0833": [
              1,
              1,
              1
            ],
            "3.1667": [
              1,
              1.8,
              1
            ],
            "3.2917": [
              1,
              1,
              1
            ],
            "3.4167": [
              1,
              1,
              1
            ],
            "3.5": [
              1,
              1.8,
              1
            ],
            "3.625": [
              1,
              1,
              1
            ],
            "3.7083": [
              1,
              1,
              1
            ],
            "3.7917": [
              1,
              1.8,
              1
            ],
            "3.9167": [
              1,
              1,
              1
            ],
            "4.0": [
              1,
              1,
              1
            ],
            "4.0833": [
              1,
              1.8,
              1
            ],
            "4.2083": [
              1,
              1,
              1
            ]
          }
        },
        "bone19": {
          "rotation": {
            "2.25": [
              0,
              0,
              0
            ],
            "4.2083": [
              0,
              -5717.5,
              0
            ]
          },
          "position": {
            "2.25": [
              0,
              0,
              0
            ],
            "2.3333": [
              0,
              18,
              0
            ],
            "2.6667": [
              0,
              0,
              0
            ],
            "2.75": [
              0,
              18,
              0
            ],
            "3.0833": [
              0,
              0,
              0
            ],
            "3.1667": [
              0,
              18,
              0
            ],
            "3.4167": [
              0,
              0,
              0
            ],
            "3.5": [
              0,
              18,
              0
            ],
            "3.7083": [
              0,
              0,
              0
            ],
            "3.7917": [
              0,
              18,
              0
            ],
            "4.0": [
              0,
              0,
              0
            ],
            "4.0833": [
              0,
              18,
              0
            ],
            "4.2083": [
              0,
              0,
              0
            ]
          },
          "scale": {
            "2.25": [
              1,
              1,
              1
            ],
            "2.3333": [
              1,
              1.8,
              1
            ],
            "2.4583": [
              1,
              1,
              1
            ],
            "2.6667": [
              1,
              1,
              1
            ],
            "2.75": [
              1,
              1.8,
              1
            ],
            "2.875": [
              1,
              1,
              1
            ],
            "3.0833": [
              1,
              1,
              1
            ],
            "3.1667": [
              1,
              1.8,
              1
            ],
            "3.2917": [
              1,
              1,
              1
            ],
            "3.4167": [
              1,
              1,
              1
            ],
            "3.5": [
              1,
              1.8,
              1
            ],
            "3.625": [
              1,
              1,
              1
            ],
            "3.7083": [
              1,
              1,
              1
            ],
            "3.7917": [
              1,
              1.8,
              1
            ],
            "3.9167": [
              1,
              1,
              1
            ],
            "4.0": [
              1,
              1,
              1
            ],
            "4.0833": [
              1,
              1.8,
              1
            ],
            "4.2083": [
              1,
              1,
              1
            ]
          }
        }
      }
    }
  }
}