{
  "format_version": "1.8.0",
  "animations": {
    "animation.wither_skeleton.attack": {
      "loop": true,
      "bones": {
        "leftarm": {
          "rotation": [
            "-90 - ((math.sin(variable.attack_time * 180.0) * 57.3) * 1.2 - (math.sin((1.0 - (1.0 - variable.attack_time) * (1.0 - variable.attack_time)) * 180.0) * 57.3) * 0.4) - (math.sin(query.life_time * 76.776372) * 2.865) - this",
            "5.73 - ((math.sin(variable.attack_time * 180.0) * 57.3) * 0.6) - this",
            "math.cos(query.life_time * 103.13244) * -2.865 - 2.865 - this"
          ]
        },
        "rightarm": {
          "rotation": [
            "-90 - ((math.sin(variable.attack_time * 180.0) * 57.3) * 1.2 - (math.sin((1.0 - (1.0 - variable.attack_time) * (1.0 - variable.attack_time)) * 180.0) * 57.3) * 0.4) + (math.sin(query.life_time * 76.776372) * 2.865) - this",
            "(math.sin(variable.attack_time * 180.0) * 57.3) * 0.6 - 5.73 - this",
            "math.cos(query.life_time * 103.13244) * 2.865 + 2.865 - this"
          ]
        }
      }
    },
    "animation.sbgoji_big_skibibi_toilet3.st": {
      "loop": true,
      "animation_length": 0.79167,
      "bones": {
        "bone5": {
          "rotation": {
            "0.0": [
              0,
              -2.5,
              0
            ],
            "0.2083": [
              0,
              0,
              0
            ],
            "0.4583": [
              0,
              0,
              0
            ],
            "0.625": [
              -2.5,
              0,
              0
            ],
            "0.7917": [
              0,
              -2.5,
              0
            ]
          }
        },
        "bone4": {
          "rotation": {
            "0.0": [
              -2.5,
              0,
              0
            ],
            "0.25": [
              -10,
              0,
              0
            ],
            "0.5": [
              2.5,
              0,
              0
            ],
            "0.75": [
              -2.5,
              0,
              0
            ]
          }
        },
        "Al": {
          "rotation": {
            "0.1667": [
              -6.72446,
              -3.01527,
              -3.34321
            ],
            "0.2917": [
              -5,
              0,
              0
            ],
            "0.5": [
              7.5,
              0,
              0
            ],
            "0.7083": [
              -6.72446,
              -3.01527,
              -3.34321
            ]
          },
          "position": {
            "0.0833": [
              0,
              1,
              0
            ],
            "0.25": [
              0,
              0,
              0
            ],
            "0.4167": [
              0,
              1,
              0
            ],
            "0.625": [
              0,
              -1,
              0
            ],
            "0.7917": [
              0,
              1,
              0
            ]
          }
        },
        "bone3": {
          "rotation": {
            "0.0": [
              2.53852,
              9.99038,
              0.44067
            ],
            "0.25": [
              2.50954,
              -4.99523,
              -0.21865
            ],
            "0.4167": [
              -2.5,
              0,
              0
            ],
            "0.5417": [
              7.5,
              0,
              0
            ],
            "0.7917": [
              2.53852,
              9.99038,
              0.44067
            ]
          },
          "position": {
            "0.0417": [
              0,
              3,
              0
            ],
            "0.4583": [
              0,
              0,
              0
            ],
            "0.6667": [
              0,
              3,
              0
            ],
            "0.7917": [
              0,
              3,
              0
            ]
          }
        },
        "M": {
          "position": {
            "0.0": [
              0,
              0,
              2
            ],
            "0.25": [
              0,
              0,
              2
            ],
            "0.2917": [
              0,
              0,
              0
            ],
            "0.5": [
              0,
              0,
              0
            ],
            "0.625": [
              0,
              0,
              3
            ]
          }
        },
        "M3": {
          "position": {
            "0.0": [
              0,
              0,
              -2
            ],
            "0.25": [
              0,
              0,
              -2
            ],
            "0.2917": [
              0,
              0,
              1
            ],
            "0.4583": [
              0,
              0,
              1
            ],
            "0.5": [
              0,
              0,
              0
            ]
          }
        },
        "M2": {
          "position": {
            "0.0": [
              0,
              0,
              0
            ],
            "0.4583": [
              0,
              0,
              0
            ],
            "0.5": [
              0,
              -1,
              -1
            ],
            "0.5417": [
              0,
              -1,
              -1
            ]
          }
        },
        "bone2": {
          "rotation": {
            "0.3333": [
              0,
              0,
              0
            ],
            "0.4167": [
              0,
              0,
              -25
            ],
            "0.5": [
              0,
              0,
              0
            ]
          },
          "position": {
            "0.3333": [
              0,
              0,
              0
            ],
            "0.5833": [
              0,
              -1,
              0
            ],
            "0.6667": [
              0,
              0,
              0
            ]
          },
          "scale": 1
        },
        "bone": {
          "rotation": {
            "0.3333": [
              0,
              0,
              0
            ],
            "0.4167": [
              0,
              0,
              25
            ],
            "0.5": [
              0,
              0,
              0
            ]
          },
          "position": {
            "0.3333": [
              0,
              0,
              0
            ],
            "0.5833": [
              0,
              -1,
              0
            ],
            "0.7083": [
              0,
              0,
              0
            ]
          },
          "scale": 1
        }
      }
    },
    "animation.sbgoji_big_skibibi_toilet3.att": {
      "loop": true,
      "animation_length": 0.83333,
      "bones": {
        "bone5": {
          "rotation": {
            "0.0": [
              0,
              0,
              0
            ],
            "0.25": [
              -7.08168,
              -1.57564,
              -1.80896
            ],
            "0.3333": [
              12.66319,
              0.16965,
              3.73908
            ],
            "0.375": [
              5,
              0,
              0
            ],
            "0.5": [
              0,
              0,
              0
            ]
          },
          "position": [
            0,
            0,
            0
          ],
          "scale": 1
        },
        "bone4": {
          "rotation": {
            "0.0417": [
              0,
              0,
              0
            ],
            "0.2083": [
              -5,
              0,
              0
            ],
            "0.4167": [
              20,
              0,
              0
            ],
            "0.5833": [
              0,
              0,
              0
            ]
          },
          "position": [
            0,
            0,
            0
          ],
          "scale": 1
        },
        "Al": {
          "rotation": {
            "0.1667": [
              0,
              0,
              0
            ],
            "0.2917": [
              -7.5,
              0,
              0
            ],
            "0.4167": [
              30,
              0,
              0
            ],
            "0.5": [
              0,
              0,
              0
            ]
          },
          "position": [
            0,
            0,
            0
          ],
          "scale": 1
        },
        "bone3": {
          "rotation": {
            "0.0": [
              0,
              0,
              0
            ],
            "0.1667": [
              0,
              0,
              0
            ],
            "0.3333": [
              30,
              0,
              0
            ],
            "0.5": [
              0,
              0,
              0
            ]
          },
          "position": {
            "0.0": [
              0,
              0,
              0
            ],
            "0.1667": [
              0,
              0,
              0
            ],
            "0.3333": [
              0,
              5,
              -2
            ],
            "0.5": [
              0,
              0,
              0
            ]
          },
          "scale": 1
        }
      }
    }
  }
}