{
  "format_version": "1.8.0",
  "animations": {
    "animation.sbgoji_tv_man3.attack": {
      "loop": true,
      "bones": {
        "arm0": {
          "rotation": [
            "-114 + ((1.5 * math.abs(math.mod(variable.attack_animation_tick - query.frame_alpha, 10) - 5) - 2.5) / 5) * 57.3",
            0,
            0
          ]
        },
        "arm1": {
          "rotation": [
            "-114 + ((1.5 * math.abs(math.mod(variable.attack_animation_tick - query.frame_alpha, 10) - 5) - 2.5) / 5) * 57.3",
            0,
            0
          ]
        }
      }
    },
    "animation.sbgoji_tv_man3.flower": {
      "loop": true,
      "bones": {
        "arm0": {
          "rotation": [
            "-45.8 + ((0.25 * math.abs(math.mod(variable.offer_flower_tick, 70) - 35) - 17.5) / 35)",
            0,
            0
          ]
        }
      }
    },
    "animation.iron_golem.move": {
      "loop": true,
      "bones": {
        "arm0": {
          "rotation": [
            "-variable.modified_tcos0 * 2.0",
            0,
            0
          ]
        },
        "arm1": {
          "rotation": [
            "variable.modified_tcos0 * 2.0",
            0,
            0
          ]
        }
      }
    },
    "animation.sbgoji_tv_man3.move_to_target": {
      "loop": true,
      "bones": {
        "arm0": {
          "rotation": [
            "((math.abs(math.mod(query.modified_distance_moved, 13) - 6.5) - 3.25) / 2.25) * 30.0",
            0,
            0
          ]
        },
        "arm1": {
          "rotation": [
            "((math.abs(math.mod(query.modified_distance_moved, 13) - 6.5) - 3.25) / 2.25) * -30.0",
            0,
            0
          ]
        }
      }
    },
    "animation.iron_golem.walk": {
      "loop": true,
      "bones": {
        "body": {
          "rotation": [
            0,
            0,
            "variable.modified_tcos0 / 1.5"
          ]
        },
        "head": {
          "rotation": [
            0,
            0,
            "variable.modified_tcos0 / 1.5"
          ]
        },
        "leg0": {
          "rotation": [
            "variable.modified_tcos0 * 6.0",
            0,
            0
          ]
        },
        "leg1": {
          "rotation": [
            "-variable.modified_tcos0 * 6.0",
            0,
            0
          ]
        }
      }
    },
    "animation.iron_golem.walk_to_target": {
      "loop": true,
      "bones": {
        "body": {
          "rotation": [
            0,
            0,
            "2.0 * (math.abs(math.mod(query.modified_distance_moved + 6, 13.0) - 6.5) - 3.25)"
          ]
        },
        "head": {
          "rotation": [
            0,
            0,
            "2.0 * (math.abs(math.mod(query.modified_distance_moved + 6, 13.0) - 6.5) - 3.25)"
          ]
        },
        "leg0": {
          "rotation": [
            "(math.cos(query.modified_distance_moved * 38.17) * 40.0)",
            0,
            0
          ]
        },
        "leg1": {
          "rotation": [
            "(math.cos(query.modified_distance_moved * 38.17 + 180) * 40.0)",
            0,
            0
          ]
        }
      }
    },
    "animation.sbgoji_tv_man3.st": {
      "loop": true,
      "animation_length": 2,
      "bones": {
        "Body2": {
          "rotation": {
            "0.0": [
              2.5,
              0,
              0
            ],
            "1.0": [
              0,
              0,
              0
            ],
            "2.0": [
              2.5,
              0,
              0
            ]
          }
        },
        "LeftArm": {
          "rotation": {
            "0.0": [
              0,
              0,
              -2.5
            ],
            "1.0": [
              0,
              0,
              0
            ],
            "2.0": [
              0,
              0,
              -2.5
            ]
          }
        },
        "bone4": {
          "rotation": {
            "0.0": [
              -2.5,
              0,
              -2.5
            ],
            "1.0": [
              -2.46017,
              0.33675,
              -0.02246
            ],
            "2.0": [
              -2.5,
              0,
              -2.5
            ]
          }
        },
        "RightArm": {
          "rotation": {
            "0.0": [
              0,
              0,
              2.5
            ],
            "1.0": [
              0,
              0,
              0
            ],
            "2.0": [
              0,
              0,
              2.5
            ]
          }
        },
        "bone5": {
          "rotation": {
            "0.0": [
              -2.5,
              0,
              2.5
            ],
            "1.0": [
              -2.46017,
              -0.33675,
              0.02246
            ],
            "2.0": [
              -2.5,
              0,
              2.5
            ]
          }
        },
        "Head": {
          "rotation": {
            "0.0": [
              17.5,
              0,
              0
            ],
            "1.0": [
              15,
              0,
              0
            ],
            "2.0": [
              17.5,
              0,
              0
            ]
          }
        }
      }
    },
    "animation.sbgoji_tv_man3.spw": {
      "animation_length": 2,
      "bones": {
        "Body": {
          "rotation": [
            0,
            0,
            0
          ],
          "position": {
            "0.0": [
              0,
              -109,
              0
            ],
            "0.5833": [
              0,
              0,
              0
            ]
          },
          "scale": 1
        },
        "Body2": {
          "rotation": {
            "0.75": [
              12.5,
              0,
              0
            ],
            "1.25": [
              0,
              0,
              0
            ]
          },
          "position": {
            "0.75": [
              0,
              0,
              0
            ],
            "1.25": [
              0,
              0,
              0
            ]
          },
          "scale": {
            "0.75": [
              1,
              1,
              1
            ],
            "1.25": [
              1,
              1,
              1
            ]
          }
        },
        "LeftArm": {
          "rotation": {
            "0.75": [
              -15,
              0,
              0
            ],
            "1.25": [
              0,
              0,
              0
            ]
          },
          "position": [
            0,
            0,
            0
          ],
          "scale": 1
        },
        "RightArm": {
          "rotation": {
            "0.75": [
              -15,
              0,
              0
            ],
            "1.25": [
              0,
              0,
              0
            ]
          },
          "position": [
            0,
            0,
            0
          ],
          "scale": 1
        },
        "Head": {
          "rotation": {
            "0.75": [
              25,
              0,
              0
            ],
            "1.25": [
              0,
              0,
              0
            ]
          },
          "position": [
            0,
            0,
            0
          ],
          "scale": 1
        },
        "LeftLeg": {
          "rotation": [
            0,
            0,
            0
          ],
          "position": {
            "0.0": [
              0,
              -71,
              0
            ],
            "0.5": [
              0,
              0,
              0
            ]
          },
          "scale": 1
        },
        "RightLeg": {
          "rotation": [
            0,
            0,
            0
          ],
          "position": {
            "0.0": [
              0,
              -71,
              0
            ],
            "0.5": [
              0,
              0,
              0
            ]
          },
          "scale": 1
        },
        "Smokesmoke": {
          "position": {
            "0.0": [
              0,
              195,
              0
            ],
            "0.2917": [
              0,
              217,
              0
            ],
            "0.8333": [
              0,
              217,
              0
            ],
            "1.125": [
              0,
              119,
              0
            ]
          },
          "scale": {
            "0.0": [
              1,
              1,
              1
            ],
            "0.2917": [
              1,
              3.5,
              1.7
            ],
            "0.8333": [
              1,
              3.5,
              1.7
            ],
            "1.125": [
              1,
              -0.3,
              1.7
            ]
          }
        },
        "bone9": {
          "rotation": {
            "0.2083": [
              0,
              0,
              0
            ],
            "0.5": [
              0,
              -35,
              0
            ],
            "0.625": [
              1.5,
              -35,
              0
            ],
            "0.7083": [
              5,
              -35,
              0
            ],
            "0.8333": [
              12.5,
              -35,
              0
            ],
            "0.9167": [
              30,
              -35,
              0
            ]
          },
          "position": [
            0,
            0,
            0
          ],
          "scale": [
            2.5,
            0.7,
            1
          ]
        },
        "bone8": {
          "rotation": {
            "0.375": [
              4.27498,
              6.74917,
              20.06563
            ],
            "0.5": [
              1.29047,
              9.02831,
              3.26298
            ],
            "0.625": [
              2.06072,
              10.5868,
              9.26165
            ],
            "0.75": [
              0,
              12.5,
              0
            ],
            "0.9167": [
              -5.35254,
              11.31255,
              -25.53051
            ]
          },
          "position": [
            0,
            0,
            5
          ],
          "scale": [
            2,
            1,
            1
          ]
        }
      }
    },
    "animation.sbgoji_tv_man3.attk": {
      "loop": true,
      "animation_length": 1.04167,
      "bones": {
        "Body": {
          "rotation": {
            "0.0": [
              5,
              0,
              0
            ],
            "0.25": [
              -2.5,
              0,
              0
            ],
            "0.5": [
              5,
              0,
              0
            ],
            "0.75": [
              -2.5,
              0,
              0
            ],
            "1.0": [
              5,
              0,
              0
            ]
          }
        },
        "Body2": {
          "rotation": {
            "0.0": [
              5,
              0,
              0
            ],
            "0.25": [
              10,
              0,
              0
            ],
            "0.5": [
              5,
              0,
              0
            ],
            "0.75": [
              10,
              0,
              0
            ],
            "1.0": [
              5,
              0,
              0
            ]
          }
        },
        "LeftArm": {
          "rotation": {
            "0.0": [
              -7.5,
              0,
              0
            ],
            "0.5": [
              10,
              0,
              0
            ],
            "1.0": [
              -7.5,
              0,
              0
            ]
          }
        },
        "bone4": {
          "rotation": {
            "0.0": [
              -5,
              0,
              0
            ],
            "0.25": [
              -7.5,
              0,
              0
            ],
            "0.5": [
              -12.5,
              0,
              0
            ],
            "0.75": [
              -7.5,
              0,
              0
            ],
            "1.0": [
              -5,
              0,
              0
            ]
          }
        },
        "RightArm": {
          "rotation": {
            "0.0": [
              10,
              0,
              0
            ],
            "0.5": [
              -7.5,
              0,
              0
            ],
            "1.0": [
              10,
              0,
              0
            ]
          }
        },
        "bone5": {
          "rotation": {
            "0.0": [
              -5,
              0,
              0
            ],
            "0.2917": [
              -10,
              0,
              0
            ],
            "0.5833": [
              -5,
              0,
              0
            ],
            "1.0": [
              -5,
              0,
              0
            ]
          }
        },
        "Head": {
          "rotation": {
            "0.0": [
              -2.49527,
              0.21782,
              2.4905
            ],
            "0.125": [
              -2.49527,
              -0.21782,
              -2.4905
            ],
            "0.25": [
              -2.49527,
              0.21782,
              2.4905
            ],
            "0.375": [
              -2.49527,
              -0.21782,
              -2.4905
            ],
            "0.5": [
              -2.49527,
              0.21782,
              2.4905
            ],
            "0.625": [
              -2.49527,
              -0.21782,
              -2.4905
            ],
            "0.75": [
              -2.49527,
              0.21782,
              2.4905
            ],
            "0.875": [
              -2.49527,
              -0.21782,
              -2.4905
            ],
            "1.0": [
              -2.49527,
              0.21782,
              2.4905
            ]
          }
        },
        "bone7": {
          "position": [
            0,
            0,
            -2
          ]
        },
        "bone": {
          "rotation": [
            0,
            0,
            0
          ],
          "position": {
            "0.0": [
              0,
              0,
              0
            ],
            "0.4167": [
              0,
              0,
              -555
            ]
          }
        },
        "LeftLeg": {
          "rotation": {
            "0.0": [
              17.5,
              0,
              0
            ],
            "0.5": [
              -15,
              0,
              0
            ],
            "1.0417": [
              17.5,
              0,
              0
            ]
          }
        },
        "bone2": {
          "rotation": {
            "0.0": [
              15,
              0,
              0
            ],
            "0.2083": [
              20,
              0,
              0
            ],
            "0.375": [
              2.75779,
              2.68059,
              -4.313
            ],
            "0.5833": [
              -2.24221,
              2.68059,
              -4.313
            ],
            "0.7083": [
              2.75779,
              2.68059,
              -4.313
            ],
            "0.875": [
              5.25779,
              2.68059,
              -4.313
            ],
            "1.0": [
              15,
              0,
              0
            ]
          }
        },
        "RightLeg": {
          "rotation": {
            "0.0": [
              -15,
              0,
              0
            ],
            "0.5": [
              17.5,
              0,
              0
            ],
            "1.0": [
              -15,
              0,
              0
            ]
          }
        },
        "bone3": {
          "rotation": {
            "0.0": [
              5,
              0,
              0
            ],
            "0.2083": [
              -5,
              0,
              0
            ],
            "0.375": [
              2.5,
              0,
              0
            ],
            "0.5833": [
              15,
              0,
              0
            ],
            "0.7083": [
              25,
              0,
              0
            ],
            "0.875": [
              27.5,
              0,
              0
            ],
            "1.0": [
              5,
              0,
              0
            ]
          }
        },
        "bone6": {
          "position": [
            0,
            213,
            56
          ],
          "scale": [
            2.6,
            1,
            11.4
          ]
        }
      }
    },
    "animation.sbgoji_tv_man3.walk_1": {
      "loop": true,
      "animation_length": 1.04167,
      "bones": {
        "Body": {
          "rotation": {
            "0.0": [
              5,
              0,
              0
            ],
            "0.25": [
              -2.5,
              0,
              0
            ],
            "0.5": [
              5,
              0,
              0
            ],
            "0.75": [
              -2.5,
              0,
              0
            ],
            "1.0": [
              5,
              0,
              0
            ]
          }
        },
        "Body2": {
          "rotation": {
            "0.0": [
              5,
              0,
              0
            ],
            "0.25": [
              10,
              0,
              0
            ],
            "0.5": [
              5,
              0,
              0
            ],
            "0.75": [
              10,
              0,
              0
            ],
            "1.0": [
              5,
              0,
              0
            ]
          }
        },
        "LeftArm": {
          "rotation": {
            "0.0": [
              -7.5,
              0,
              0
            ],
            "0.5": [
              10,
              0,
              0
            ],
            "1.0": [
              -7.5,
              0,
              0
            ]
          }
        },
        "bone4": {
          "rotation": {
            "0.0": [
              -5,
              0,
              0
            ],
            "0.25": [
              -7.5,
              0,
              0
            ],
            "0.5": [
              -12.5,
              0,
              0
            ],
            "0.75": [
              -7.5,
              0,
              0
            ],
            "1.0": [
              -5,
              0,
              0
            ]
          }
        },
        "RightArm": {
          "rotation": {
            "0.0": [
              10,
              0,
              0
            ],
            "0.5": [
              -7.5,
              0,
              0
            ],
            "1.0": [
              10,
              0,
              0
            ]
          }
        },
        "bone5": {
          "rotation": {
            "0.0": [
              -5,
              0,
              0
            ],
            "0.2917": [
              -10,
              0,
              0
            ],
            "0.5833": [
              -5,
              0,
              0
            ],
            "1.0": [
              -5,
              0,
              0
            ]
          }
        },
        "Head": {
          "rotation": [
            17.5,
            0,
            0
          ]
        },
        "bone": {
          "rotation": [
            0,
            0,
            0
          ],
          "position": [
            0,
            0,
            0
          ]
        },
        "LeftLeg": {
          "rotation": {
            "0.0": [
              17.5,
              0,
              0
            ],
            "0.5": [
              -15,
              0,
              0
            ],
            "1.0417": [
              17.5,
              0,
              0
            ]
          }
        },
        "bone2": {
          "rotation": {
            "0.0": [
              15,
              0,
              0
            ],
            "0.2083": [
              20,
              0,
              0
            ],
            "0.375": [
              2.75779,
              2.68059,
              -4.313
            ],
            "0.5833": [
              -2.24221,
              2.68059,
              -4.313
            ],
            "0.7083": [
              2.75779,
              2.68059,
              -4.313
            ],
            "0.875": [
              5.25779,
              2.68059,
              -4.313
            ],
            "1.0": [
              15,
              0,
              0
            ]
          }
        },
        "RightLeg": {
          "rotation": {
            "0.0": [
              -15,
              0,
              0
            ],
            "0.5": [
              17.5,
              0,
              0
            ],
            "1.0": [
              -15,
              0,
              0
            ]
          }
        },
        "bone3": {
          "rotation": {
            "0.0": [
              5,
              0,
              0
            ],
            "0.2083": [
              -5,
              0,
              0
            ],
            "0.375": [
              2.5,
              0,
              0
            ],
            "0.5833": [
              15,
              0,
              0
            ],
            "0.7083": [
              25,
              0,
              0
            ],
            "0.875": [
              27.5,
              0,
              0
            ],
            "1.0": [
              5,
              0,
              0
            ]
          }
        }
      }
    }
  }
}