{
  "format_version": "1.8.0",
  "animations": {
    "animation.sbgoji_camera_man3.attack": {
      "loop": true,
      "bones": {
        "arm0": {
          "rotation": [
            "-114 + ((1.5 * math.abs(math.mod(variable.attack_animation_tick - query.frame_alpha, 10) - 5) - 2.5) / 5) * 57.3",
            0,
            0
          ]
        },
        "arm1": {
          "rotation": [
            "-114 + ((1.5 * math.abs(math.mod(variable.attack_animation_tick - query.frame_alpha, 10) - 5) - 2.5) / 5) * 57.3",
            0,
            0
          ]
        }
      }
    },
    "animation.sbgoji_camera_man3.flower": {
      "loop": true,
      "bones": {
        "arm0": {
          "rotation": [
            "-45.8 + ((0.25 * math.abs(math.mod(variable.offer_flower_tick, 70) - 35) - 17.5) / 35)",
            0,
            0
          ]
        }
      }
    },
    "animation.iron_golem.move": {
      "loop": true,
      "bones": {
        "arm0": {
          "rotation": [
            "-variable.modified_tcos0 * 2.0",
            0,
            0
          ]
        },
        "arm1": {
          "rotation": [
            "variable.modified_tcos0 * 2.0",
            0,
            0
          ]
        }
      }
    },
    "animation.sbgoji_camera_man3.move_to_target": {
      "loop": true,
      "bones": {
        "arm0": {
          "rotation": [
            "((math.abs(math.mod(query.modified_distance_moved, 13) - 6.5) - 3.25) / 2.25) * 30.0",
            0,
            0
          ]
        },
        "arm1": {
          "rotation": [
            "((math.abs(math.mod(query.modified_distance_moved, 13) - 6.5) - 3.25) / 2.25) * -30.0",
            0,
            0
          ]
        }
      }
    },
    "animation.iron_golem.walk": {
      "loop": true,
      "bones": {
        "Body": {
          "rotation": [
            0,
            0,
            "variable.modified_tcos0 / 1.5"
          ]
        },
        "Head": {
          "rotation": [
            0,
            0,
            "variable.modified_tcos0 / 1.5"
          ]
        },
        "leg0": {
          "rotation": [
            "variable.modified_tcos0 * 6.0",
            0,
            0
          ]
        },
        "leg1": {
          "rotation": [
            "-variable.modified_tcos0 * 6.0",
            0,
            0
          ]
        }
      }
    },
    "animation.iron_golem.walk_to_target": {
      "loop": true,
      "bones": {
        "Body": {
          "rotation": [
            0,
            0,
            "2.0 * (math.abs(math.mod(query.modified_distance_moved + 6, 13.0) - 6.5) - 3.25)"
          ]
        },
        "Head": {
          "rotation": [
            0,
            0,
            "2.0 * (math.abs(math.mod(query.modified_distance_moved + 6, 13.0) - 6.5) - 3.25)"
          ]
        },
        "leg0": {
          "rotation": [
            "(math.cos(query.modified_distance_moved * 38.17) * 40.0)",
            0,
            0
          ]
        },
        "leg1": {
          "rotation": [
            "(math.cos(query.modified_distance_moved * 38.17 + 180) * 40.0)",
            0,
            0
          ]
        }
      }
    },
    "animation.sbgoji_camera_man3.walkattk": {
      "loop": true,
      "animation_length": 2.25,
      "bones": {
        "Body": {
          "rotation": {
            "0.0": [
              12.5,
              0,
              0
            ],
            "0.25": [
              7.5,
              0,
              0
            ],
            "0.5": [
              15,
              0,
              0
            ],
            "0.75": [
              12.5,
              0,
              0
            ],
            "1.0": [
              7.5,
              0,
              0
            ],
            "1.25": [
              15,
              0,
              0
            ],
            "1.5": [
              12.5,
              0,
              0
            ],
            "1.75": [
              7.5,
              0,
              0
            ],
            "2.0": [
              15,
              0,
              0
            ],
            "2.25": [
              12.5,
              0,
              0
            ]
          },
          "position": {
            "0.0": [
              0,
              -1,
              0
            ],
            "0.1667": [
              0,
              0,
              0
            ],
            "0.375": [
              0,
              -1,
              0
            ],
            "0.5833": [
              0,
              0,
              0
            ],
            "0.75": [
              0,
              -1,
              0
            ],
            "0.9167": [
              0,
              0,
              0
            ],
            "1.125": [
              0,
              -1,
              0
            ],
            "1.3333": [
              0,
              0,
              0
            ],
            "1.5": [
              0,
              -1,
              0
            ],
            "1.6667": [
              0,
              0,
              0
            ],
            "1.875": [
              0,
              -1,
              0
            ],
            "2.0833": [
              0,
              0,
              0
            ],
            "2.25": [
              0,
              -1,
              0
            ]
          }
        },
        "Body2": {
          "rotation": {
            "0.0": [
              7.5,
              0,
              0
            ],
            "0.25": [
              2.5,
              0,
              0
            ],
            "0.5": [
              12.5,
              0,
              0
            ],
            "0.75": [
              7.5,
              0,
              0
            ],
            "1.0": [
              7.84527,
              14.76689,
              2.66399
            ],
            "1.125": [
              9.23007,
              -30.71579,
              -6.04724
            ],
            "1.375": [
              8.11748,
              -18.45035,
              -3.38852
            ],
            "1.5": [
              7.5,
              0,
              0
            ],
            "1.75": [
              2.5,
              0,
              0
            ],
            "2.0": [
              12.5,
              0,
              0
            ],
            "2.25": [
              7.5,
              0,
              0
            ]
          }
        },
        "RightArm": {
          "rotation": {
            "0.0": [
              -30,
              0,
              0
            ],
            "0.4167": [
              22.5,
              0,
              0
            ],
            "0.75": [
              -30,
              0,
              0
            ],
            "1.0": [
              10.90461,
              16.32685,
              44.26664
            ],
            "1.125": [
              -102.5622,
              -3.10601,
              96.35444
            ],
            "1.375": [
              10.90461,
              16.32685,
              44.26664
            ],
            "1.6667": [
              -30,
              0,
              0
            ],
            "2.0": [
              22.5,
              0,
              0
            ],
            "2.25": [
              -30,
              0,
              0
            ]
          }
        },
        "bone": {
          "rotation": {
            "0.0": [
              -7.5,
              0,
              0
            ],
            "0.25": [
              2.5,
              0,
              0
            ],
            "0.5": [
              -2.5,
              0,
              0
            ],
            "0.6667": [
              -17.5,
              0,
              0
            ],
            "0.75": [
              -7.5,
              0,
              0
            ],
            "1.0": [
              -82.5,
              0,
              0
            ],
            "1.125": [
              -62.5,
              0,
              0
            ],
            "1.375": [
              -82.5,
              0,
              0
            ],
            "1.75": [
              -7.5,
              0,
              0
            ]
          }
        },
        "LeftArm": {
          "rotation": {
            "0.0": [
              22.5,
              0,
              0
            ],
            "0.4167": [
              -30,
              0,
              0
            ],
            "0.75": [
              22.5,
              0,
              0
            ],
            "1.0": [
              -60,
              0,
              0
            ],
            "1.3333": [
              -24.32081,
              -12.10064,
              -24.88322
            ],
            "1.5": [
              22.5,
              0,
              0
            ],
            "1.9167": [
              -30,
              0,
              0
            ],
            "2.25": [
              22.5,
              0,
              0
            ]
          }
        },
        "bone4": {
          "rotation": {
            "0.0": [
              -12.5,
              0,
              0
            ],
            "0.1667": [
              -27.5,
              0,
              0
            ],
            "0.3333": [
              -10,
              0,
              0
            ],
            "0.5417": [
              -20,
              0,
              0
            ],
            "0.75": [
              -12.5,
              0,
              0
            ],
            "1.0": [
              -40,
              0,
              0
            ],
            "1.2083": [
              -43.54,
              0,
              0
            ],
            "1.5": [
              -12.5,
              0,
              0
            ],
            "1.6667": [
              -27.5,
              0,
              0
            ],
            "1.8333": [
              -10,
              0,
              0
            ],
            "2.0417": [
              -20,
              0,
              0
            ],
            "2.2083": [
              -12.5,
              0,
              0
            ]
          }
        },
        "Head": {
          "rotation": {
            "0.0": [
              -15,
              0,
              0
            ],
            "0.25": [
              0,
              0,
              0
            ],
            "0.5": [
              -17.5,
              0,
              0
            ],
            "0.7083": [
              -15,
              0,
              0
            ],
            "0.9583": [
              -15.57779,
              -14.2906,
              4.60659
            ],
            "1.3333": [
              -17.50533,
              28.48042,
              -9.8491
            ],
            "1.7917": [
              -15.39807,
              11.91276,
              -3.81397
            ],
            "2.25": [
              -15,
              0,
              0
            ]
          }
        },
        "RightLeg": {
          "rotation": {
            "0.0": [
              22.5,
              0,
              0
            ],
            "0.375": [
              -20,
              0,
              0
            ],
            "0.75": [
              22.5,
              0,
              0
            ],
            "1.125": [
              -20,
              0,
              0
            ],
            "1.5": [
              22.5,
              0,
              0
            ],
            "1.875": [
              -20,
              0,
              0
            ],
            "2.25": [
              22.5,
              0,
              0
            ]
          }
        },
        "bone3": {
          "rotation": {
            "0.0": [
              12.5,
              0,
              0
            ],
            "0.125": [
              17.5,
              0,
              0
            ],
            "0.25": [
              -5,
              0,
              0
            ],
            "0.5": [
              2.5,
              0,
              0
            ],
            "0.6667": [
              -2.5,
              0,
              0
            ],
            "0.75": [
              12.5,
              0,
              0
            ]
          }
        },
        "LeftLeg": {
          "rotation": {
            "0.0": [
              -20,
              0,
              0
            ],
            "0.375": [
              22.5,
              0,
              0
            ],
            "0.75": [
              -20,
              0,
              0
            ],
            "1.125": [
              22.5,
              0,
              0
            ],
            "1.5": [
              -20,
              0,
              0
            ],
            "1.875": [
              22.5,
              0,
              0
            ],
            "2.25": [
              -20,
              0,
              0
            ]
          }
        },
        "bone2": {
          "rotation": {
            "0.0": [
              2.5,
              0,
              0
            ],
            "0.25": [
              12.5,
              0,
              0
            ],
            "0.4583": [
              27.5,
              0,
              0
            ],
            "0.625": [
              37.5,
              0,
              0
            ],
            "0.75": [
              2.5,
              0,
              0
            ],
            "1.0": [
              12.5,
              0,
              0
            ],
            "1.2083": [
              27.5,
              0,
              0
            ],
            "1.375": [
              37.5,
              0,
              0
            ],
            "1.5": [
              2.5,
              0,
              0
            ],
            "1.75": [
              12.5,
              0,
              0
            ],
            "1.9583": [
              27.5,
              0,
              0
            ],
            "2.125": [
              37.5,
              0,
              0
            ],
            "2.25": [
              2.5,
              0,
              0
            ]
          }
        }
      }
    },
    "animation.sbgoji_camera_man3.walk_1": {
      "loop": true,
      "animation_length": 0.75,
      "bones": {
        "Body": {
          "rotation": {
            "0.0": [
              12.5,
              0,
              0
            ],
            "0.25": [
              7.5,
              0,
              0
            ],
            "0.5": [
              15,
              0,
              0
            ],
            "0.75": [
              12.5,
              0,
              0
            ]
          },
          "position": {
            "0.0": [
              0,
              -1,
              0
            ],
            "0.1667": [
              0,
              0,
              0
            ],
            "0.375": [
              0,
              -1,
              0
            ],
            "0.5833": [
              0,
              0,
              0
            ],
            "0.75": [
              0,
              -1,
              0
            ]
          }
        },
        "Body2": {
          "rotation": {
            "0.0": [
              7.5,
              0,
              0
            ],
            "0.25": [
              2.5,
              0,
              0
            ],
            "0.5": [
              12.5,
              0,
              0
            ],
            "0.75": [
              7.5,
              0,
              0
            ]
          }
        },
        "RightArm": {
          "rotation": {
            "0.0": [
              -30,
              0,
              0
            ],
            "0.4167": [
              22.5,
              0,
              0
            ],
            "0.75": [
              -30,
              0,
              0
            ]
          }
        },
        "bone": {
          "rotation": {
            "0.0": [
              -7.5,
              0,
              0
            ],
            "0.25": [
              2.5,
              0,
              0
            ],
            "0.5": [
              -2.5,
              0,
              0
            ],
            "0.6667": [
              -17.5,
              0,
              0
            ],
            "0.75": [
              -7.5,
              0,
              0
            ]
          }
        },
        "LeftArm": {
          "rotation": {
            "0.0": [
              22.5,
              0,
              0
            ],
            "0.4167": [
              -30,
              0,
              0
            ],
            "0.75": [
              22.5,
              0,
              0
            ]
          }
        },
        "bone4": {
          "rotation": {
            "0.0": [
              -12.5,
              0,
              0
            ],
            "0.1667": [
              -27.5,
              0,
              0
            ],
            "0.3333": [
              -10,
              0,
              0
            ],
            "0.5417": [
              -20,
              0,
              0
            ],
            "0.7083": [
              -12.5,
              0,
              0
            ]
          }
        },
        "Head": {
          "rotation": {
            "0.0": [
              -15,
              0,
              0
            ],
            "0.25": [
              0,
              0,
              0
            ],
            "0.5": [
              -17.5,
              0,
              0
            ],
            "0.7083": [
              -15,
              0,
              0
            ]
          }
        },
        "RightLeg": {
          "rotation": {
            "0.0": [
              22.5,
              0,
              0
            ],
            "0.375": [
              -20,
              0,
              0
            ],
            "0.75": [
              22.5,
              0,
              0
            ]
          }
        },
        "bone3": {
          "rotation": {
            "0.0": [
              12.5,
              0,
              0
            ],
            "0.125": [
              17.5,
              0,
              0
            ],
            "0.25": [
              -5,
              0,
              0
            ],
            "0.5": [
              2.5,
              0,
              0
            ],
            "0.6667": [
              -2.5,
              0,
              0
            ],
            "0.75": [
              12.5,
              0,
              0
            ]
          }
        },
        "LeftLeg": {
          "rotation": {
            "0.0": [
              -20,
              0,
              0
            ],
            "0.375": [
              22.5,
              0,
              0
            ],
            "0.75": [
              -20,
              0,
              0
            ]
          }
        },
        "bone2": {
          "rotation": {
            "0.0": [
              2.5,
              0,
              0
            ],
            "0.25": [
              12.5,
              0,
              0
            ],
            "0.4583": [
              27.5,
              0,
              0
            ],
            "0.625": [
              37.5,
              0,
              0
            ],
            "0.75": [
              2.5,
              0,
              0
            ]
          }
        }
      }
    },
    "animation.sbgoji_camera_man3.moving": {
      "loop": true,
      "animation_length": 1.5,
      "bones": {
        "Body2": {
          "rotation": {
            "0.0": [
              2.5,
              0,
              0
            ],
            "0.75": [
              7.5,
              0,
              0
            ],
            "1.5": [
              2.5,
              0,
              0
            ]
          }
        },
        "RightArm": {
          "rotation": {
            "0.0": [
              0,
              0,
              7.5
            ],
            "0.75": [
              -10,
              0,
              7.5
            ],
            "1.5": [
              0,
              0,
              7.5
            ]
          }
        },
        "bone": {
          "rotation": {
            "0.0": [
              -12.5,
              0,
              0
            ],
            "0.75": [
              -20,
              0,
              0
            ],
            "1.5": [
              -12.5,
              0,
              0
            ]
          }
        },
        "LeftArm": {
          "rotation": {
            "0.0": [
              0,
              0,
              -7.5
            ],
            "0.75": [
              -10,
              0,
              -7.5
            ],
            "1.5": [
              0,
              0,
              -7.5
            ]
          }
        },
        "Head": {
          "rotation": {
            "0.0": [
              -2.5,
              0,
              0
            ],
            "0.75": [
              -12.5,
              0,
              0
            ],
            "1.5": [
              -2.5,
              0,
              0
            ]
          }
        },
        "RightLeg": {
          "rotation": [
            -2.5,
            0,
            5
          ]
        },
        "bone3": {
          "rotation": [
            10,
            0,
            -2.5
          ]
        },
        "LeftLeg": {
          "rotation": [
            -2.5,
            0,
            -5
          ]
        },
        "bone2": {
          "rotation": [
            10,
            0,
            2.5
          ]
        },
        "bone4": {
          "rotation": {
            "0.0": [
              -12.5,
              0,
              0
            ],
            "0.75": [
              -20,
              0,
              0
            ],
            "1.5": [
              -12.5,
              0,
              0
            ]
          }
        },
        "Body": {
          "rotation": {
            "0.0": [
              0,
              0,
              0
            ],
            "0.75": [
              5,
              0,
              0
            ],
            "1.5": [
              0,
              0,
              0
            ]
          }
        }
      }
    }
  }
}