{
  "format_version": "1.8.0",
  "animations": {
    "animation.witch.general": {
      "loop": true,
      "bones": {
        "nose": {
          "rotation": [
            "(variable.isholdingitem ? -25.7831 : (math.sin(query.life_time * 57.296) * 4.5)) - this",
            0,
            "(math.cos(query.life_time * 57.296) * 2.5) - this"
          ]
        }
      }
    },
    "animation.witch.villager_general": {
      "loop": true,
      "bones": {
        "arms": {
          "position": [
            0,
            -1,
            -1
          ],
          "rotation": [
            "-42.97 - this",
            0,
            0
          ]
        }
      }
    },
    "animation.witch.move": {
      "anim_time_update": "query.modified_distance_moved",
      "loop": true,
      "bones": {
        "leg0": {
          "rotation": [
            "(math.cos(query.anim_time * 38.17) * 40.0) - this",
            "-this",
            0
          ]
        },
        "leg1": {
          "rotation": [
            "(math.cos(query.anim_time * 38.17 + 180) * 40.0) - this",
            "-this",
            0
          ]
        }
      }
    },
    "animation.lv_skibidi_buzziar.general_1": {
      "loop": true,
      "animation_length": 2,
      "bones": {
        "Root": {
          "rotation": {
            "0.0": {
              "post": [
                0,
                0,
                0
              ],
              "lerp_mode": "catmullrom"
            },
            "0.5": {
              "post": [
                0,
                0,
                2.5
              ],
              "lerp_mode": "catmullrom"
            },
            "1.5": {
              "post": [
                0,
                0,
                -2.5
              ],
              "lerp_mode": "catmullrom"
            },
            "2.0": {
              "post": [
                0,
                0,
                0
              ],
              "lerp_mode": "catmullrom"
            }
          },
          "position": {
            "0.0": {
              "post": [
                0,
                0,
                0
              ],
              "lerp_mode": "catmullrom"
            },
            "0.5": {
              "post": [
                1,
                0,
                0
              ],
              "lerp_mode": "catmullrom"
            },
            "1.5": {
              "post": [
                -1,
                0,
                0
              ],
              "lerp_mode": "catmullrom"
            },
            "2.0": {
              "post": [
                0,
                0,
                0
              ],
              "lerp_mode": "catmullrom"
            }
          }
        },
        "Neck": {
          "rotation": {
            "0.0": {
              "post": [
                9.85108,
                1.72794,
                -9.85108
              ],
              "lerp_mode": "catmullrom"
            },
            "0.5": {
              "post": [
                9.96271,
                -0.86717,
                4.92442
              ],
              "lerp_mode": "catmullrom"
            },
            "1.0": {
              "post": [
                10,
                0,
                0
              ],
              "lerp_mode": "catmullrom"
            },
            "1.5": {
              "post": [
                9.96271,
                -0.86717,
                4.92442
              ],
              "lerp_mode": "catmullrom"
            },
            "2.0": {
              "post": [
                9.85108,
                1.72794,
                -9.85108
              ],
              "lerp_mode": "catmullrom"
            }
          }
        },
        "Head": {
          "rotation": {
            "0.0": {
              "post": [
                -9.85108,
                1.72794,
                9.85108
              ],
              "lerp_mode": "catmullrom"
            },
            "0.5": {
              "post": [
                -9.76758,
                -2.15393,
                -12.31594
              ],
              "lerp_mode": "catmullrom"
            },
            "1.0": {
              "post": [
                -10,
                0,
                0
              ],
              "lerp_mode": "catmullrom"
            },
            "1.5": {
              "post": [
                -9.76758,
                -2.15393,
                -12.31594
              ],
              "lerp_mode": "catmullrom"
            },
            "2.0": {
              "post": [
                -9.85108,
                1.72794,
                9.85108
              ],
              "lerp_mode": "catmullrom"
            }
          }
        },
        "Mouth": {
          "scale": {
            "0.0": {
              "post": [
                1,
                1,
                1
              ],
              "lerp_mode": "catmullrom"
            },
            "0.5": {
              "post": [
                1,
                1.4,
                1
              ],
              "lerp_mode": "catmullrom"
            },
            "1.0": {
              "post": [
                1.4,
                1.1,
                1
              ],
              "lerp_mode": "catmullrom"
            },
            "1.5": {
              "post": [
                0.8,
                1.4,
                1
              ],
              "lerp_mode": "catmullrom"
            },
            "2.0": {
              "post": [
                1,
                1,
                1
              ],
              "lerp_mode": "catmullrom"
            }
          }
        },
        "Body": {
          "rotation": {
            "0.0": {
              "post": [
                0.43994,
                0.58865,
                -0.05201
              ],
              "lerp_mode": "catmullrom"
            },
            "0.3": {
              "post": [
                0,
                0,
                5
              ],
              "lerp_mode": "catmullrom"
            },
            "0.6": {
              "post": [
                0,
                0,
                -5
              ],
              "lerp_mode": "catmullrom"
            },
            "0.9": {
              "post": [
                0.61653,
                1.40671,
                7.41323
              ],
              "lerp_mode": "catmullrom"
            },
            "1.2": {
              "post": [
                0.29739,
                1.5068,
                -5.09043
              ],
              "lerp_mode": "catmullrom"
            },
            "1.5": {
              "post": [
                0.76504,
                2.64408,
                4.85082
              ],
              "lerp_mode": "catmullrom"
            },
            "1.8": {
              "post": [
                0.29739,
                1.5068,
                -5.09043
              ],
              "lerp_mode": "catmullrom"
            },
            "2.0": {
              "post": [
                0.43994,
                0.58865,
                -0.05201
              ],
              "lerp_mode": "catmullrom"
            }
          }
        },
        "saw": {
          "rotation": {
            "0.0": {
              "post": [
                0,
                202.5,
                0
              ],
              "lerp_mode": "catmullrom"
            },
            "0.3": {
              "post": [
                0,
                297.19,
                0
              ],
              "lerp_mode": "catmullrom"
            },
            "0.6": {
              "post": [
                0,
                315,
                0
              ],
              "lerp_mode": "catmullrom"
            },
            "0.9": {
              "post": [
                0,
                394.55,
                0
              ],
              "lerp_mode": "catmullrom"
            },
            "1.2": {
              "post": [
                0,
                407.5,
                0
              ],
              "lerp_mode": "catmullrom"
            },
            "1.5": {
              "post": [
                0,
                544.26,
                0
              ],
              "lerp_mode": "catmullrom"
            },
            "1.8": {
              "post": [
                0,
                623.75,
                0
              ],
              "lerp_mode": "catmullrom"
            },
            "2.0": {
              "post": [
                0,
                587.5,
                0
              ],
              "lerp_mode": "catmullrom"
            }
          }
        }
      }
    },
    "animation.lv_skibidi_buzziar.looking": {
      "loop": true,
      "animation_length": 1,
      "bones": {
        "Head": {
          "rotation": {
            "0.0": {
              "post": [
                "query.target_x_rotation-this",
                "query.target_y_rotation-this",
                0
              ],
              "lerp_mode": "catmullrom"
            }
          }
        }
      }
    },
    "animation.lv_skibidi_buzziar.move_2": {
      "loop": true,
      "animation_length": 2,
      "bones": {
        "Body": {
          "rotation": {
            "0.0": {
              "post": [
                12.45392,
                -1.08089,
                4.88206
              ],
              "lerp_mode": "catmullrom"
            },
            "1.0": {
              "post": [
                12.48848,
                0.54094,
                -2.44081
              ],
              "lerp_mode": "catmullrom"
            },
            "2.0": {
              "post": [
                12.45392,
                -1.08089,
                4.88206
              ],
              "lerp_mode": "catmullrom"
            }
          }
        },
        "Neck": {
          "rotation": {
            "0.0": {
              "post": [
                7.5,
                0,
                0
              ],
              "lerp_mode": "catmullrom"
            },
            "1.0": {
              "post": [
                7.32417,
                -1.61888,
                12.39638
              ],
              "lerp_mode": "catmullrom"
            },
            "2.0": {
              "post": [
                7.5,
                0,
                0
              ],
              "lerp_mode": "catmullrom"
            }
          }
        },
        "Head": {
          "rotation": {
            "0.0": {
              "post": [
                -15,
                0,
                0
              ],
              "lerp_mode": "catmullrom"
            },
            "1.0": {
              "post": [
                -14.65993,
                -3.21132,
                -12.08681
              ],
              "lerp_mode": "catmullrom"
            },
            "2.0": {
              "post": [
                -15,
                0,
                0
              ],
              "lerp_mode": "catmullrom"
            }
          }
        },
        "saw": {
          "rotation": {
            "0.0": [
              0,
              30,
              0
            ],
            "0.3": [
              0,
              75,
              0
            ],
            "0.6": [
              0,
              135,
              0
            ],
            "0.9": [
              0,
              175,
              0
            ],
            "1.2": [
              0,
              235,
              0
            ],
            "1.5": [
              0,
              292.5,
              0
            ],
            "1.8": [
              0,
              347.5,
              0
            ],
            "2.0": [
              0,
              400,
              0
            ]
          }
        }
      }
    }
  }
}