{
  "format_version": "1.8.0",
  "animations": {
    "animation.witch.general": {
      "loop": true,
      "bones": {
        "nose": {
          "rotation": [
            "(variable.isholdingitem ? -25.7831 : (math.sin(query.life_time * 57.296) * 4.5)) - this",
            0,
            "(math.cos(query.life_time * 57.296) * 2.5) - this"
          ]
        }
      }
    },
    "animation.witch.villager_general": {
      "loop": true,
      "bones": {
        "arms": {
          "position": [
            0,
            -1,
            -1
          ],
          "rotation": [
            "-42.97 - this",
            0,
            0
          ]
        }
      }
    },
    "animation.witch.move": {
      "anim_time_update": "query.modified_distance_moved",
      "loop": true,
      "bones": {
        "leg0": {
          "rotation": [
            "(math.cos(query.anim_time * 38.17) * 40.0) - this",
            "-this",
            0
          ]
        },
        "leg1": {
          "rotation": [
            "(math.cos(query.anim_time * 38.17 + 180) * 40.0) - this",
            "-this",
            0
          ]
        }
      }
    },
    "animation.lvgb_large_cameraman.sprint": {
      "loop": true,
      "animation_length": 2,
      "anim_time_update": "query.anim_time + query.delta_time * (query.ground_speed/1.5) * (query.is_on_ground ? 1.0 : 0.3)",
      "bones": {
        "Root": {
          "position": {
            "0.0": {
              "post": [
                0,
                0,
                0
              ],
              "lerp_mode": "catmullrom"
            },
            "0.5": {
              "post": [
                0,
                -1,
                0
              ],
              "lerp_mode": "catmullrom"
            },
            "1.0": {
              "post": [
                0,
                0,
                0
              ],
              "lerp_mode": "catmullrom"
            },
            "1.5": {
              "post": [
                0,
                -1,
                0
              ],
              "lerp_mode": "catmullrom"
            },
            "2.0": {
              "post": [
                0,
                0,
                0
              ],
              "lerp_mode": "catmullrom"
            }
          }
        },
        "leftArm": {
          "rotation": {
            "0.0": {
              "post": [
                -4.95744,
                -0.65182,
                -7.47178
              ],
              "lerp_mode": "catmullrom"
            },
            "0.5": {
              "post": [
                -54.95744,
                -0.65182,
                -7.47178
              ],
              "lerp_mode": "catmullrom"
            },
            "1.0": {
              "post": [
                -4.95744,
                -0.65182,
                -7.47178
              ],
              "lerp_mode": "catmullrom"
            },
            "1.5": {
              "post": [
                35.04256,
                -0.65182,
                -7.47178
              ],
              "lerp_mode": "catmullrom"
            },
            "2.0": {
              "post": [
                -4.95744,
                -0.65182,
                -7.47178
              ],
              "lerp_mode": "catmullrom"
            }
          }
        },
        "rightArm": {
          "rotation": {
            "0.0": {
              "post": [
                0,
                0,
                7.5
              ],
              "lerp_mode": "catmullrom"
            },
            "0.5": {
              "post": [
                42.5,
                0,
                7.5
              ],
              "lerp_mode": "catmullrom"
            },
            "1.0": {
              "post": [
                0,
                0,
                7.5
              ],
              "lerp_mode": "catmullrom"
            },
            "1.5": {
              "post": [
                -47.65625,
                0,
                7.5
              ],
              "lerp_mode": "catmullrom"
            },
            "2.0": {
              "post": [
                0,
                0,
                7.5
              ],
              "lerp_mode": "catmullrom"
            }
          }
        },
        "Rightleg": {
          "rotation": {
            "0.0": {
              "post": [
                12.5,
                0,
                0
              ],
              "lerp_mode": "catmullrom"
            },
            "0.5": [
              -20,
              0,
              0
            ],
            "1.0": [
              0,
              0,
              0
            ],
            "1.5": {
              "pre": [
                42.5,
                0,
                0
              ],
              "post": [
                42.5,
                0,
                0
              ],
              "lerp_mode": "catmullrom"
            },
            "2.0": {
              "post": [
                12.5,
                0,
                0
              ],
              "lerp_mode": "catmullrom"
            }
          },
          "position": {
            "0.0": {
              "post": [
                0,
                3,
                0
              ],
              "lerp_mode": "catmullrom"
            },
            "0.5": [
              0,
              1,
              -2
            ],
            "1.0": [
              0,
              0,
              0
            ],
            "1.5": {
              "pre": [
                0,
                0,
                1
              ],
              "post": [
                0,
                0,
                1
              ],
              "lerp_mode": "catmullrom"
            },
            "2.0": {
              "post": [
                0,
                3,
                0
              ],
              "lerp_mode": "catmullrom"
            }
          }
        },
        "Leftleg": {
          "rotation": {
            "0.0": [
              0,
              0,
              0
            ],
            "0.5": {
              "pre": [
                37.5,
                0,
                0
              ],
              "post": [
                37.5,
                0,
                0
              ],
              "lerp_mode": "catmullrom"
            },
            "1.0": {
              "post": [
                12.5,
                0,
                0
              ],
              "lerp_mode": "catmullrom"
            },
            "1.5": [
              -20,
              0,
              0
            ],
            "2.0": [
              0,
              0,
              0
            ]
          },
          "position": {
            "0.0": [
              0,
              0,
              0
            ],
            "0.5": {
              "pre": [
                0,
                0,
                1
              ],
              "post": [
                0,
                0,
                1
              ],
              "lerp_mode": "catmullrom"
            },
            "1.0": {
              "post": [
                0,
                3,
                0
              ],
              "lerp_mode": "catmullrom"
            },
            "1.5": [
              0,
              1,
              -2
            ],
            "2.0": [
              0,
              0,
              0
            ]
          }
        },
        "Waist": {
          "rotation": {
            "0.0": {
              "post": [
                5,
                0,
                0
              ],
              "lerp_mode": "catmullrom"
            },
            "0.5": {
              "post": [
                5,
                7.5,
                0
              ],
              "lerp_mode": "catmullrom"
            },
            "1.0": {
              "post": [
                5,
                0,
                0
              ],
              "lerp_mode": "catmullrom"
            },
            "1.5": {
              "post": [
                5,
                -7.5,
                0
              ],
              "lerp_mode": "catmullrom"
            },
            "2.0": {
              "post": [
                5,
                0,
                0
              ],
              "lerp_mode": "catmullrom"
            }
          }
        }
      }
    },
    "animation.lvgb_large_cameraman.idle": {
      "loop": true,
      "animation_length": 4,
      "bones": {
        "leftArm": {
          "rotation": {
            "0.0": {
              "post": [
                0,
                0,
                -4.26
              ],
              "lerp_mode": "catmullrom"
            },
            "0.5": {
              "post": [
                0,
                0,
                -7.29
              ],
              "lerp_mode": "catmullrom"
            },
            "1.1667": {
              "post": [
                0,
                0,
                -5
              ],
              "lerp_mode": "catmullrom"
            },
            "2.5": {
              "post": [
                0,
                0,
                0
              ],
              "lerp_mode": "catmullrom"
            },
            "3.5": {
              "post": [
                0,
                0,
                -2.5
              ],
              "lerp_mode": "catmullrom"
            },
            "4.0": {
              "post": [
                0,
                0,
                -4.26
              ],
              "lerp_mode": "catmullrom"
            }
          },
          "position": {
            "0.0": [
              0,
              -0.08,
              0
            ],
            "1.0": [
              0,
              0,
              0
            ],
            "2.5": [
              0,
              -0.25,
              0
            ],
            "3.5": [
              0,
              -0.25,
              0
            ],
            "4.0": [
              0,
              -0.08,
              0
            ]
          }
        },
        "rightArm": {
          "rotation": {
            "0.0": {
              "post": [
                0,
                0,
                4.26
              ],
              "lerp_mode": "catmullrom"
            },
            "0.5": {
              "post": [
                0,
                0,
                2.34
              ],
              "lerp_mode": "catmullrom"
            },
            "1.1667": {
              "post": [
                0,
                0,
                5
              ],
              "lerp_mode": "catmullrom"
            },
            "1.8333": {
              "post": [
                0,
                0,
                2.5
              ],
              "lerp_mode": "catmullrom"
            },
            "2.5": {
              "post": [
                0,
                0,
                4.75
              ],
              "lerp_mode": "catmullrom"
            },
            "3.25": {
              "post": [
                0,
                0,
                2.5
              ],
              "lerp_mode": "catmullrom"
            },
            "4.0": {
              "post": [
                0,
                0,
                4.26
              ],
              "lerp_mode": "catmullrom"
            }
          },
          "position": {
            "0.0": [
              0,
              -0.08,
              0
            ],
            "0.9167": [
              0,
              0,
              0
            ],
            "1.8333": [
              0,
              -0.25,
              0
            ],
            "3.0": [
              0,
              -0.25,
              0
            ],
            "4.0": [
              0,
              -0.08,
              0
            ]
          }
        },
        "Rightleg": {
          "rotation": [
            0,
            5,
            2.5
          ]
        },
        "Leftleg": {
          "rotation": [
            0,
            -5,
            -2.5
          ],
          "position": [
            0,
            0,
            0
          ]
        },
        "left_arm": {
          "rotation": {
            "0.0": {
              "post": [
                2.5,
                0,
                -4.26
              ],
              "lerp_mode": "catmullrom"
            },
            "0.5": {
              "post": [
                0,
                0,
                -7.29
              ],
              "lerp_mode": "catmullrom"
            },
            "1.1667": {
              "post": [
                0,
                0,
                -5
              ],
              "lerp_mode": "catmullrom"
            },
            "2.5": {
              "post": [
                0,
                0,
                0
              ],
              "lerp_mode": "catmullrom"
            },
            "3.5": {
              "post": [
                0,
                0,
                -2.5
              ],
              "lerp_mode": "catmullrom"
            },
            "4.0": {
              "post": [
                2.5,
                0,
                -4.26
              ],
              "lerp_mode": "catmullrom"
            }
          },
          "position": {
            "0.0": [
              0,
              -0.08,
              0
            ],
            "1.0": [
              0,
              0,
              0
            ],
            "2.5": [
              0,
              -0.25,
              0
            ],
            "3.5": [
              0,
              -0.25,
              0
            ],
            "4.0": [
              0,
              -0.08,
              0
            ]
          }
        },
        "left_arm2": {
          "rotation": {
            "0.0": {
              "post": [
                -12.48146,
                0.64975,
                4.93851
              ],
              "lerp_mode": "catmullrom"
            },
            "2.0": {
              "post": [
                -2.48146,
                0.64975,
                4.93851
              ],
              "lerp_mode": "catmullrom"
            },
            "4.0": {
              "post": [
                -12.48146,
                0.64975,
                4.93851
              ],
              "lerp_mode": "catmullrom"
            }
          }
        },
        "right_arm": {
          "rotation": {
            "0.0": {
              "post": [
                0,
                0,
                4.26
              ],
              "lerp_mode": "catmullrom"
            },
            "0.5": {
              "post": [
                0,
                0,
                2.34
              ],
              "lerp_mode": "catmullrom"
            },
            "1.1667": {
              "post": [
                0,
                0,
                5
              ],
              "lerp_mode": "catmullrom"
            },
            "1.8333": {
              "post": [
                0,
                0,
                2.5
              ],
              "lerp_mode": "catmullrom"
            },
            "2.5": {
              "post": [
                0,
                0,
                4.75
              ],
              "lerp_mode": "catmullrom"
            },
            "3.25": {
              "post": [
                0,
                0,
                2.5
              ],
              "lerp_mode": "catmullrom"
            },
            "4.0": {
              "post": [
                0,
                0,
                4.26
              ],
              "lerp_mode": "catmullrom"
            }
          },
          "position": {
            "0.0": [
              0,
              -0.08,
              0
            ],
            "0.9167": [
              0,
              0,
              0
            ],
            "1.8333": [
              0,
              -0.25,
              0
            ],
            "3.0": [
              0,
              -0.25,
              0
            ],
            "4.0": [
              0,
              -0.08,
              0
            ]
          }
        },
        "right_arm2": {
          "rotation": {
            "0.0": {
              "post": [
                -4.98107,
                -0.43523,
                -4.98107
              ],
              "lerp_mode": "catmullrom"
            },
            "2.0": {
              "post": [
                0.0095,
                -0.21782,
                -4.99527
              ],
              "lerp_mode": "catmullrom"
            },
            "4.0": {
              "post": [
                -4.98107,
                -0.43523,
                -4.98107
              ],
              "lerp_mode": "catmullrom"
            }
          }
        },
        "left_leg": {
          "rotation": [
            -4.89088,
            -2.49762,
            -2.50238
          ]
        },
        "left_leg2": {
          "rotation": [
            5,
            0,
            0
          ]
        },
        "right_leg": {
          "rotation": [
            -4.89088,
            2.49762,
            2.50238
          ]
        },
        "right_leg2": {
          "rotation": [
            5,
            0,
            0
          ]
        },
        "tentacle_left": {
          "rotation": {
            "0.0": {
              "post": [
                0,
                0,
                0
              ],
              "lerp_mode": "catmullrom"
            },
            "1.9167": {
              "post": [
                1.03509,
                -2.52259,
                -2.29431
              ],
              "lerp_mode": "catmullrom"
            },
            "4.0": {
              "post": [
                0,
                0,
                -0.31
              ],
              "lerp_mode": "catmullrom"
            }
          }
        },
        "tentacle_right": {
          "rotation": {
            "0.0": {
              "post": [
                0,
                0,
                0
              ],
              "lerp_mode": "catmullrom"
            },
            "2.0": {
              "post": [
                0,
                0,
                5
              ],
              "lerp_mode": "catmullrom"
            },
            "4.0": {
              "post": [
                0,
                0,
                -0.31
              ],
              "lerp_mode": "catmullrom"
            }
          }
        },
        "tentacle_left2": {
          "rotation": {
            "0.0": {
              "post": [
                0,
                0,
                0
              ],
              "lerp_mode": "catmullrom"
            },
            "1.8333": {
              "post": [
                0,
                0,
                5
              ],
              "lerp_mode": "catmullrom"
            },
            "4.0": {
              "post": [
                0,
                0,
                -0.31
              ],
              "lerp_mode": "catmullrom"
            }
          }
        },
        "tentacle_right2": {
          "rotation": {
            "0.0": {
              "post": [
                0,
                0,
                0
              ],
              "lerp_mode": "catmullrom"
            },
            "2.1667": {
              "post": [
                0.22748,
                2.39619,
                1.75162
              ],
              "lerp_mode": "catmullrom"
            },
            "4.0": {
              "post": [
                0,
                0,
                -0.31
              ],
              "lerp_mode": "catmullrom"
            }
          }
        },
        "Waist": {
          "rotation": {
            "0.0": {
              "post": [
                0.6,
                0,
                0
              ],
              "lerp_mode": "catmullrom"
            },
            "1.0": {
              "post": [
                0,
                0,
                1.5
              ],
              "lerp_mode": "catmullrom"
            },
            "1.8333": [
              2.5,
              0,
              0
            ],
            "2.75": {
              "pre": [
                2.49762,
                0.10901,
                -2.49762
              ],
              "post": [
                2.49762,
                0.10901,
                -2.49762
              ],
              "lerp_mode": "catmullrom"
            },
            "4.0": {
              "post": [
                0.6,
                0,
                0
              ],
              "lerp_mode": "catmullrom"
            }
          },
          "position": {
            "0.0": {
              "post": [
                0,
                -0.12,
                0
              ],
              "lerp_mode": "catmullrom"
            },
            "0.5": {
              "post": [
                0,
                0,
                0
              ],
              "lerp_mode": "catmullrom"
            },
            "2.25": [
              0,
              -0.5,
              0
            ],
            "2.75": [
              0,
              -0.5,
              0
            ],
            "4.0": {
              "pre": [
                0,
                -0.12,
                0
              ],
              "post": [
                0,
                -0.12,
                0
              ],
              "lerp_mode": "catmullrom"
            }
          }
        }
      },
      "particle_effects": {
        "0.0": {
          "effect": "electric_spark",
          "locator": "spark"
        }
      }
    },
    "animation.lvgb_large_cameraman.look_at_target": {
      "loop": true,
      "bones": {
        "left_arm": {
          "rotation": [
            "-query.target_x_rotation * 0.35",
            0,
            0
          ]
        },
        "right_arm": {
          "rotation": [
            "-query.target_x_rotation * 0.3",
            0,
            0
          ]
        },
        "head": {
          "rotation": [
            "query.target_x_rotation * 0.6",
            "query.target_y_rotation * 0.85",
            "query.target_y_rotation * 0.1"
          ]
        },
        "Waist": {
          "rotation": [
            "query.target_x_rotation * 0.4",
            "query.target_y_rotation * 0.15",
            0
          ]
        }
      }
    },
    "animation.big_human.attack2": {
      "animation_length": 1.5,
      "bones": {
        "waist": {
          "rotation": {
            "0.0": {
              "post": [
                0,
                0,
                0
              ],
              "lerp_mode": "catmullrom"
            },
            "0.2917": {
              "post": [
                0,
                -12.5,
                0
              ],
              "lerp_mode": "catmullrom"
            },
            "0.5": {
              "post": [
                0,
                -12.5,
                0
              ],
              "lerp_mode": "catmullrom"
            },
            "0.7083": {
              "post": [
                0,
                10,
                0
              ],
              "lerp_mode": "catmullrom"
            },
            "1.5": {
              "post": [
                0,
                0,
                0
              ],
              "lerp_mode": "catmullrom"
            }
          }
        },
        "Waist": {
          "rotation": {
            "0.0": {
              "post": [
                0,
                0,
                0
              ],
              "lerp_mode": "catmullrom"
            },
            "0.3333": {
              "post": [
                0,
                -12.5,
                0
              ],
              "lerp_mode": "catmullrom"
            },
            "0.5417": {
              "post": [
                0,
                -12.5,
                0
              ],
              "lerp_mode": "catmullrom"
            },
            "0.75": {
              "post": [
                0,
                10,
                0
              ],
              "lerp_mode": "catmullrom"
            },
            "1.25": {
              "post": [
                0,
                0,
                0
              ],
              "lerp_mode": "catmullrom"
            }
          }
        },
        "head": {
          "rotation": {
            "0.0": {
              "post": [
                0,
                0,
                0
              ],
              "lerp_mode": "catmullrom"
            },
            "0.2917": {
              "post": [
                0,
                15,
                0
              ],
              "lerp_mode": "catmullrom"
            },
            "0.7917": {
              "post": [
                0,
                -17.5,
                0
              ],
              "lerp_mode": "catmullrom"
            },
            "1.5": {
              "post": [
                0,
                0,
                0
              ],
              "lerp_mode": "catmullrom"
            }
          }
        },
        "left_arm": {
          "rotation": {
            "0.0": {
              "post": [
                0,
                0,
                0
              ],
              "lerp_mode": "catmullrom"
            },
            "0.25": {
              "post": [
                24.40734,
                6.33176,
                -22.69322
              ],
              "lerp_mode": "catmullrom"
            },
            "0.4167": {
              "post": [
                24.40734,
                6.33176,
                -22.69322
              ],
              "lerp_mode": "catmullrom"
            },
            "0.8333": {
              "post": [
                -87.85873,
                24.849,
                -76.53257
              ],
              "lerp_mode": "catmullrom"
            },
            "1.2917": {
              "post": [
                -33.92374,
                5.78818,
                -31.60403
              ],
              "lerp_mode": "catmullrom"
            },
            "1.5": {
              "post": [
                0,
                0,
                0
              ],
              "lerp_mode": "catmullrom"
            }
          },
          "position": {
            "0.0": {
              "post": [
                0,
                0,
                0
              ],
              "lerp_mode": "catmullrom"
            },
            "0.4167": {
              "post": [
                0,
                0,
                0
              ],
              "lerp_mode": "catmullrom"
            },
            "0.8333": {
              "post": [
                0,
                -3,
                0
              ],
              "lerp_mode": "catmullrom"
            },
            "1.5": {
              "post": [
                0,
                0,
                0
              ],
              "lerp_mode": "catmullrom"
            }
          }
        },
        "left_arm2": {
          "rotation": {
            "0.0": {
              "post": [
                0,
                0,
                0
              ],
              "lerp_mode": "catmullrom"
            },
            "0.2917": {
              "post": [
                -65,
                0,
                0
              ],
              "lerp_mode": "catmullrom"
            },
            "0.4583": {
              "post": [
                -65,
                0,
                0
              ],
              "lerp_mode": "catmullrom"
            },
            "0.625": {
              "post": [
                -30.71,
                0,
                0
              ],
              "lerp_mode": "catmullrom"
            },
            "0.8333": {
              "post": [
                -90,
                0,
                0
              ],
              "lerp_mode": "catmullrom"
            },
            "1.5": {
              "post": [
                0,
                0,
                0
              ],
              "lerp_mode": "catmullrom"
            }
          }
        }
      }
    },
    "animation.big_human.attack1": {
      "animation_length": 1.5,
      "bones": {
        "waist": {
          "rotation": {
            "0.0": {
              "post": [
                0,
                0,
                0
              ],
              "lerp_mode": "catmullrom"
            },
            "0.2917": {
              "post": [
                0,
                12.5,
                0
              ],
              "lerp_mode": "catmullrom"
            },
            "0.5": {
              "post": [
                0,
                12.5,
                0
              ],
              "lerp_mode": "catmullrom"
            },
            "0.7083": {
              "post": [
                0,
                -10,
                0
              ],
              "lerp_mode": "catmullrom"
            },
            "1.5": {
              "post": [
                0,
                0,
                0
              ],
              "lerp_mode": "catmullrom"
            }
          }
        },
        "Waist": {
          "rotation": {
            "0.0": {
              "post": [
                0,
                0,
                0
              ],
              "lerp_mode": "catmullrom"
            },
            "0.3333": {
              "post": [
                0,
                12.5,
                0
              ],
              "lerp_mode": "catmullrom"
            },
            "0.5417": {
              "post": [
                0,
                12.5,
                0
              ],
              "lerp_mode": "catmullrom"
            },
            "0.75": {
              "post": [
                0,
                -10,
                0
              ],
              "lerp_mode": "catmullrom"
            },
            "1.25": {
              "post": [
                0,
                0,
                0
              ],
              "lerp_mode": "catmullrom"
            }
          }
        },
        "right_arm": {
          "rotation": {
            "0.0": {
              "post": [
                0,
                0,
                0
              ],
              "lerp_mode": "catmullrom"
            },
            "0.25": {
              "post": [
                24.40734,
                -6.33176,
                22.69322
              ],
              "lerp_mode": "catmullrom"
            },
            "0.4167": {
              "post": [
                24.40734,
                -6.33176,
                22.69322
              ],
              "lerp_mode": "catmullrom"
            },
            "0.8333": {
              "post": [
                -87.85873,
                -24.849,
                76.53257
              ],
              "lerp_mode": "catmullrom"
            },
            "1.2917": {
              "post": [
                -33.92374,
                -5.78818,
                31.60403
              ],
              "lerp_mode": "catmullrom"
            },
            "1.5": {
              "post": [
                0,
                0,
                0
              ],
              "lerp_mode": "catmullrom"
            }
          },
          "position": {
            "0.0": {
              "post": [
                0,
                0,
                0
              ],
              "lerp_mode": "catmullrom"
            },
            "0.4167": {
              "post": [
                0,
                0,
                0
              ],
              "lerp_mode": "catmullrom"
            },
            "0.8333": {
              "post": [
                0,
                -3,
                0
              ],
              "lerp_mode": "catmullrom"
            },
            "1.5": {
              "post": [
                0,
                0,
                0
              ],
              "lerp_mode": "catmullrom"
            }
          }
        },
        "right_arm2": {
          "rotation": {
            "0.0": {
              "post": [
                0,
                0,
                0
              ],
              "lerp_mode": "catmullrom"
            },
            "0.2917": {
              "post": [
                -65,
                0,
                0
              ],
              "lerp_mode": "catmullrom"
            },
            "0.4583": {
              "post": [
                -65,
                0,
                0
              ],
              "lerp_mode": "catmullrom"
            },
            "0.625": {
              "post": [
                -30.71,
                0,
                0
              ],
              "lerp_mode": "catmullrom"
            },
            "0.8333": {
              "post": [
                -90,
                0,
                0
              ],
              "lerp_mode": "catmullrom"
            },
            "1.5": {
              "post": [
                0,
                0,
                0
              ],
              "lerp_mode": "catmullrom"
            }
          }
        },
        "head": {
          "rotation": {
            "0.0": {
              "post": [
                0,
                0,
                0
              ],
              "lerp_mode": "catmullrom"
            },
            "0.2917": {
              "post": [
                0,
                -15,
                0
              ],
              "lerp_mode": "catmullrom"
            },
            "0.7917": {
              "post": [
                0,
                17.5,
                0
              ],
              "lerp_mode": "catmullrom"
            },
            "1.5": {
              "post": [
                0,
                0,
                0
              ],
              "lerp_mode": "catmullrom"
            }
          }
        }
      }
    }
  }
}