{
  "format_version": "1.8.0",
  "animations": {
    "animation.witch.general": {
      "loop": true,
      "bones": {
        "nose": {
          "rotation": [
            "(variable.isholdingitem ? -25.7831 : (math.sin(query.life_time * 57.296) * 4.5)) - this",
            0,
            "(math.cos(query.life_time * 57.296) * 2.5) - this"
          ]
        }
      }
    },
    "animation.witch.villager_general": {
      "loop": true,
      "bones": {
        "arms": {
          "rotation": [
            "-42.97 - this",
            0,
            0
          ],
          "position": [
            0,
            -1,
            -1
          ]
        }
      }
    },
    "animation.witch.move": {
      "loop": true,
      "anim_time_update": "query.modified_distance_moved",
      "bones": {
        "leg0": {
          "rotation": [
            "(math.cos(query.anim_time * 38.17) * 40.0) - this",
            "-this",
            0
          ]
        },
        "leg1": {
          "rotation": [
            "(math.cos(query.anim_time * 38.17 + 180) * 40.0) - this",
            "-this",
            0
          ]
        }
      }
    },
    "animation.lvgb_tv_men.looking": {
      "loop": true,
      "bones": {
        "head2": {
          "rotation": [
            "query.target_x_rotation",
            "query.target_y_rotation",
            0
          ]
        }
      }
    },
    "animation.lvgb_tv_men.general_1": {
      "loop": true,
      "animation_length": 5.91667,
      "bones": {
        "body2": {
          "rotation": {
            "0.0": {
              "post": [
                0,
                0,
                0
              ],
              "lerp_mode": "catmullrom"
            },
            "1.0": {
              "post": [
                -2.5,
                0,
                0
              ],
              "lerp_mode": "catmullrom"
            },
            "2.5": {
              "post": [
                0,
                0,
                0
              ],
              "lerp_mode": "catmullrom"
            },
            "4.0": {
              "post": [
                2.5,
                0,
                0
              ],
              "lerp_mode": "catmullrom"
            },
            "5.9167": {
              "post": [
                0,
                0,
                0
              ],
              "lerp_mode": "catmullrom"
            }
          }
        },
        "head2": {
          "rotation": {
            "0.0": {
              "post": [
                0,
                0,
                0
              ],
              "lerp_mode": "catmullrom"
            },
            "1.0": {
              "post": [
                5,
                0,
                0
              ],
              "lerp_mode": "catmullrom"
            },
            "2.5": {
              "post": [
                0,
                0,
                0
              ],
              "lerp_mode": "catmullrom"
            },
            "4.0": {
              "post": [
                0,
                0,
                0
              ],
              "lerp_mode": "catmullrom"
            },
            "5.9167": {
              "post": [
                0,
                0,
                0
              ],
              "lerp_mode": "catmullrom"
            }
          }
        },
        "rightarm2": {
          "rotation": {
            "0.0": {
              "post": [
                0,
                0,
                2.5
              ],
              "lerp_mode": "catmullrom"
            },
            "1.0": {
              "post": [
                5,
                0,
                2.5
              ],
              "lerp_mode": "catmullrom"
            },
            "2.5": {
              "post": [
                2.48107,
                -0.43523,
                7.48107
              ],
              "lerp_mode": "catmullrom"
            },
            "4.0": {
              "post": [
                -2.51893,
                -0.43523,
                7.48107
              ],
              "lerp_mode": "catmullrom"
            },
            "5.9167": {
              "post": [
                0,
                0,
                2.5
              ],
              "lerp_mode": "catmullrom"
            }
          }
        },
        "leftarm2": {
          "rotation": {
            "0.0": {
              "post": [
                0,
                0,
                -2.5
              ],
              "lerp_mode": "catmullrom"
            },
            "1.0": {
              "post": [
                5,
                0,
                -2.5
              ],
              "lerp_mode": "catmullrom"
            },
            "2.5": {
              "post": [
                -0.01893,
                0.43523,
                -7.48107
              ],
              "lerp_mode": "catmullrom"
            },
            "4.0": {
              "post": [
                -5.01893,
                0.43523,
                -7.48107
              ],
              "lerp_mode": "catmullrom"
            },
            "5.9167": {
              "post": [
                0,
                0,
                -2.5
              ],
              "lerp_mode": "catmullrom"
            }
          }
        },
        "rightleg2": {
          "rotation": {
            "0.0": {
              "post": [
                0.04366,
                2.4996,
                1.001
              ],
              "lerp_mode": "catmullrom"
            },
            "5.9167": {
              "post": [
                0.04366,
                2.4996,
                1.001
              ],
              "lerp_mode": "catmullrom"
            }
          }
        },
        "leftleg2": {
          "rotation": {
            "0.0": {
              "post": [
                0.04366,
                -2.49962,
                -1.00095
              ],
              "lerp_mode": "catmullrom"
            },
            "5.9167": {
              "post": [
                0.04366,
                -2.49962,
                -1.00095
              ],
              "lerp_mode": "catmullrom"
            }
          }
        }
      }
    },
    "animation.lvgb_tv_men.moving": {
      "loop": true,
      "animation_length": 1,
      "anim_time_update": "query.modified_distance_moved * 0.1",
      "bones": {
        "waist": {
          "position": {
            "0.0": {
              "post": [
                0,
                -0.2,
                0
              ],
              "lerp_mode": "catmullrom"
            },
            "0.25": {
              "post": [
                0,
                0.1,
                0
              ],
              "lerp_mode": "catmullrom"
            },
            "0.5": {
              "post": [
                0,
                -0.2,
                0
              ],
              "lerp_mode": "catmullrom"
            },
            "0.75": {
              "post": [
                0,
                0.1,
                0
              ],
              "lerp_mode": "catmullrom"
            },
            "1.0": {
              "post": [
                0,
                -0.2,
                0
              ],
              "lerp_mode": "catmullrom"
            }
          }
        },
        "body2": {
          "rotation": {
            "0.0": {
              "post": [
                3.38045,
                -9.96155,
                -2.57674
              ],
              "lerp_mode": "catmullrom"
            },
            "0.5": {
              "post": [
                3.38045,
                9.9616,
                2.5767
              ],
              "lerp_mode": "catmullrom"
            },
            "1.0": {
              "post": [
                3.38045,
                -9.96155,
                -2.57674
              ],
              "lerp_mode": "catmullrom"
            }
          }
        },
        "head2": {
          "rotation": {
            "0.0": {
              "post": [
                -1.73001,
                9.96882,
                2.56
              ],
              "lerp_mode": "catmullrom"
            },
            "0.5": {
              "post": [
                -1.73001,
                -9.9688,
                -2.56
              ],
              "lerp_mode": "catmullrom"
            },
            "1.0": {
              "post": [
                -1.73001,
                9.96882,
                2.56
              ],
              "lerp_mode": "catmullrom"
            }
          }
        },
        "rightarm2": {
          "rotation": {
            "0.0": {
              "post": [
                -12.89408,
                -7.04775,
                1.31133
              ],
              "lerp_mode": "catmullrom"
            },
            "0.25": {
              "post": [
                -10.33747,
                3.69656,
                0.74813
              ],
              "lerp_mode": "catmullrom"
            },
            "0.5": {
              "post": [
                12.18948,
                15.3088,
                0.1369
              ],
              "lerp_mode": "catmullrom"
            },
            "1.0": {
              "post": [
                -12.89408,
                -7.04775,
                1.31133
              ],
              "lerp_mode": "catmullrom"
            }
          },
          "position": {
            "0.0": {
              "post": [
                0,
                0,
                0
              ],
              "lerp_mode": "catmullrom"
            },
            "0.5": {
              "post": [
                0,
                -1,
                1
              ],
              "lerp_mode": "catmullrom"
            },
            "1.0": {
              "post": [
                0,
                0,
                0
              ],
              "lerp_mode": "catmullrom"
            }
          }
        },
        "leftarm2": {
          "rotation": {
            "0.0": {
              "post": [
                12.18948,
                -15.30882,
                -0.13687
              ],
              "lerp_mode": "catmullrom"
            },
            "0.5": {
              "post": [
                -12.89408,
                7.0478,
                -1.3113
              ],
              "lerp_mode": "catmullrom"
            },
            "0.75": {
              "post": [
                -10.33746,
                -3.69652,
                -0.74817
              ],
              "lerp_mode": "catmullrom"
            },
            "1.0": {
              "post": [
                12.18948,
                -15.30882,
                -0.13687
              ],
              "lerp_mode": "catmullrom"
            }
          },
          "position": {
            "0.0": {
              "post": [
                0,
                -1,
                1
              ],
              "lerp_mode": "catmullrom"
            },
            "0.5": {
              "post": [
                0,
                0,
                0
              ],
              "lerp_mode": "catmullrom"
            },
            "1.0": {
              "post": [
                0,
                -1,
                1
              ],
              "lerp_mode": "catmullrom"
            }
          }
        },
        "rightleg2": {
          "rotation": {
            "0.0": {
              "post": [
                20,
                -0.00001,
                0.00001
              ],
              "lerp_mode": "catmullrom"
            },
            "0.25": {
              "post": [
                1.24906,
                0.05165,
                -2.3669
              ],
              "lerp_mode": "catmullrom"
            },
            "0.5": {
              "post": [
                -17.5,
                0.00005,
                0.00003
              ],
              "lerp_mode": "catmullrom"
            },
            "1.0": {
              "post": [
                20,
                -0.00001,
                0.00001
              ],
              "lerp_mode": "catmullrom"
            }
          },
          "position": {
            "0.0": {
              "post": [
                0,
                0,
                0
              ],
              "lerp_mode": "catmullrom"
            },
            "0.25": {
              "post": [
                0,
                2,
                -1
              ],
              "lerp_mode": "catmullrom"
            },
            "0.5": {
              "post": [
                0,
                0,
                0
              ],
              "lerp_mode": "catmullrom"
            },
            "1.0": {
              "post": [
                0,
                0,
                0
              ],
              "lerp_mode": "catmullrom"
            }
          }
        },
        "leftleg2": {
          "rotation": {
            "0.0": {
              "post": [
                -17.5,
                0,
                0
              ],
              "lerp_mode": "catmullrom"
            },
            "0.5": {
              "post": [
                20,
                0,
                0
              ],
              "lerp_mode": "catmullrom"
            },
            "0.75": {
              "post": [
                1.2488,
                -0.0574,
                2.63192
              ],
              "lerp_mode": "catmullrom"
            },
            "1.0": {
              "post": [
                -17.5,
                0,
                0
              ],
              "lerp_mode": "catmullrom"
            }
          },
          "position": {
            "0.0": {
              "post": [
                0,
                0,
                0
              ],
              "lerp_mode": "catmullrom"
            },
            "0.5": {
              "post": [
                0,
                0,
                0
              ],
              "lerp_mode": "catmullrom"
            },
            "0.75": {
              "post": [
                0,
                2,
                -1
              ],
              "lerp_mode": "catmullrom"
            },
            "1.0": {
              "post": [
                0,
                0,
                0
              ],
              "lerp_mode": "catmullrom"
            }
          }
        }
      }
    },
    "animation.ftl_audreye.running": {
      "loop": true,
      "animation_length": 1,
      "anim_time_update": "query.modified_distance_moved * 0.1",
      "bones": {
        "waist": {
          "position": {
            "0.0": {
              "post": [
                0,
                -1.2,
                0
              ],
              "lerp_mode": "catmullrom"
            },
            "0.25": {
              "post": [
                0,
                0.1,
                0
              ],
              "lerp_mode": "catmullrom"
            },
            "0.5": {
              "post": [
                0,
                -1.2,
                0
              ],
              "lerp_mode": "catmullrom"
            },
            "0.75": {
              "post": [
                0,
                0.1,
                0
              ],
              "lerp_mode": "catmullrom"
            },
            "1.0": {
              "post": [
                0,
                -1.2,
                0
              ],
              "lerp_mode": "catmullrom"
            }
          }
        },
        "body2": {
          "rotation": {
            "0.0": {
              "post": [
                8.38045,
                -9.96155,
                -2.57674
              ],
              "lerp_mode": "catmullrom"
            },
            "0.5": {
              "post": [
                3.38045,
                9.9616,
                2.5767
              ],
              "lerp_mode": "catmullrom"
            },
            "1.0": {
              "post": [
                8.38045,
                -9.96155,
                -2.57674
              ],
              "lerp_mode": "catmullrom"
            }
          }
        },
        "head2": {
          "rotation": {
            "0.0": {
              "post": [
                -6.73001,
                9.96882,
                2.56
              ],
              "lerp_mode": "catmullrom"
            },
            "0.5": {
              "post": [
                -1.73001,
                -9.9688,
                -2.56
              ],
              "lerp_mode": "catmullrom"
            },
            "1.0": {
              "post": [
                -6.73001,
                9.96882,
                2.56
              ],
              "lerp_mode": "catmullrom"
            }
          }
        },
        "rightarm2": {
          "rotation": {
            "0.0": {
              "post": [
                -33.68616,
                -5.32126,
                8.65298
              ],
              "lerp_mode": "catmullrom"
            },
            "0.25": {
              "post": [
                -10.33747,
                3.69656,
                0.74813
              ],
              "lerp_mode": "catmullrom"
            },
            "0.5": {
              "post": [
                42.18948,
                15.3088,
                0.1369
              ],
              "lerp_mode": "catmullrom"
            },
            "1.0": {
              "post": [
                -33.68616,
                -5.32126,
                8.65298
              ],
              "lerp_mode": "catmullrom"
            }
          },
          "position": {
            "0.0": {
              "post": [
                0,
                0,
                0
              ],
              "lerp_mode": "catmullrom"
            },
            "0.5": {
              "post": [
                0,
                -1,
                1
              ],
              "lerp_mode": "catmullrom"
            },
            "1.0": {
              "post": [
                0,
                0,
                0
              ],
              "lerp_mode": "catmullrom"
            }
          }
        },
        "leftarm2": {
          "rotation": {
            "0.0": {
              "post": [
                42.18948,
                -15.30882,
                -0.13687
              ],
              "lerp_mode": "catmullrom"
            },
            "0.5": {
              "post": [
                -33.68616,
                5.3213,
                -8.653
              ],
              "lerp_mode": "catmullrom"
            },
            "0.75": {
              "post": [
                -10.33746,
                -3.69652,
                -0.74817
              ],
              "lerp_mode": "catmullrom"
            },
            "1.0": {
              "post": [
                42.18948,
                -15.30882,
                -0.13687
              ],
              "lerp_mode": "catmullrom"
            }
          },
          "position": {
            "0.0": {
              "post": [
                0,
                -1,
                1
              ],
              "lerp_mode": "catmullrom"
            },
            "0.5": {
              "post": [
                0,
                0,
                0
              ],
              "lerp_mode": "catmullrom"
            },
            "1.0": {
              "post": [
                0,
                -1,
                1
              ],
              "lerp_mode": "catmullrom"
            }
          }
        },
        "rightleg2": {
          "rotation": {
            "0.0": {
              "post": [
                42.5,
                -0.00001,
                0.00001
              ],
              "lerp_mode": "catmullrom"
            },
            "0.25": {
              "post": [
                1.24906,
                0.05165,
                -2.3669
              ],
              "lerp_mode": "catmullrom"
            },
            "0.5": {
              "post": [
                -37.5,
                0,
                0
              ],
              "lerp_mode": "catmullrom"
            },
            "1.0": {
              "post": [
                42.5,
                -0.00001,
                0.00001
              ],
              "lerp_mode": "catmullrom"
            }
          },
          "position": {
            "0.0": {
              "post": [
                0,
                0,
                0
              ],
              "lerp_mode": "catmullrom"
            },
            "0.25": {
              "post": [
                0,
                4,
                -2
              ],
              "lerp_mode": "catmullrom"
            },
            "0.5": {
              "post": [
                0,
                0,
                0
              ],
              "lerp_mode": "catmullrom"
            },
            "1.0": {
              "post": [
                0,
                0,
                0
              ],
              "lerp_mode": "catmullrom"
            }
          }
        },
        "leftleg2": {
          "rotation": {
            "0.0": {
              "post": [
                -37.5,
                0,
                0
              ],
              "lerp_mode": "catmullrom"
            },
            "0.5": {
              "post": [
                42.5,
                -0.00001,
                0.00001
              ],
              "lerp_mode": "catmullrom"
            },
            "0.75": {
              "post": [
                1.2488,
                -0.0574,
                2.63192
              ],
              "lerp_mode": "catmullrom"
            },
            "1.0": {
              "post": [
                -37.5,
                0,
                0
              ],
              "lerp_mode": "catmullrom"
            }
          },
          "position": {
            "0.0": {
              "post": [
                0,
                0,
                0
              ],
              "lerp_mode": "catmullrom"
            },
            "0.5": {
              "post": [
                0,
                0,
                0
              ],
              "lerp_mode": "catmullrom"
            },
            "0.75": {
              "post": [
                0,
                4,
                -2
              ],
              "lerp_mode": "catmullrom"
            },
            "1.0": {
              "post": [
                0,
                0,
                0
              ],
              "lerp_mode": "catmullrom"
            }
          }
        }
      }
    },
    "animation.lv_cameraman.new": {
      "animation_length": 1,
      "bones": {
        "rightarm2": {
          "rotation": [
            -85.82159,
            13.27207,
            2.94691
          ],
          "position": [
            0,
            -1,
            0
          ]
        }
      }
    }
  }
}