{
  "ic.skibidi.small_sing": {
    "category": "hostile",
    "sounds": [
      "sounds/mobs/ic_st_small_sing"
    ]
  },
  "ic.skibidi.large_sing": {
    "category": "hostile",
    "sounds": [
      "sounds/mobs/ic_st_big_sing"
    ]
  },
  "ic.skibidi.small_chase": {
    "category": "hostile",
    "sounds": [
      "sounds/mobs/ic_st_small_chase"
    ]
  },
  "ic.skibidi.large_chase": {
    "category": "hostile",
    "sounds": [
      "sounds/mobs/ic_st_big_chase"
    ]
  },
  "ic.skibidi.gman_chase": {
    "category": "hostile",
    "min_distance": 8.0,
    "sounds": [
      "sounds/mobs/ic_gman_target"
    ]
  },
  "ic.camerawoman.shoot": {
    "category": "hostile",
    "min_distance": 3.0,
    "sounds": [
      {
      "name" : "sounds/mobs/ic_camerawoman_shoot", 
      "volume": 1.0
     }
    ]
  },
  "ic.spider_st.shoot": {
    "category": "hostile",
    "min_distance": 3.0,
    "sounds": [
      {
      "name" : "sounds/mobs/ic_st_spider_gun", 
      "volume": 1.0
     }
    ]
  },
  "ic.cinemaman.shine": {
    "category": "hostile",
    "min_distance": 75.0,
    "sounds": [
      {
      "name" : "sounds/mobs/ic_cinemaman_shine", 
      "volume": 0.75
     }
    ]
  },
  "ic.tv.large_screen": {
    "category": "hostile",
    "min_distance": 8.0,
    "sounds": [
      {
      "name" : "sounds/mobs/ic_large_tv_screen", 
      "volume": 0.8
     }
    ]
  },
  "ic.camera_strider.shoot": {
    "category": "hostile",
    "sounds": [
      {
      "name" : "sounds/mobs/ic_camera_strider_shoot", 
      "volume": 1.0
     }
    ]
  }, 
  "ic.flame_emit": {
    "category": "hostile",
    "min_distance": 8.0,
    "sounds": [
      {
      "name" : "sounds/mobs/ic_flame_emit", 
      "volume": 0.5
     }
    ]
  }, 
  "ic.speaker_woffer.roar": {
    "category": "hostile",
    "min_distance": 10.0,
    "sounds": [
      {
      "name" : "sounds/mobs/ic_speaker_blast", 
      "volume": 0.8
     }
    ]
  }, 
  "ic.speakerman.roar": {
    "category": "hostile",
    "min_distance": 8.0,
    "sounds": [
      {
      "name" : "sounds/mobs/ic_speakerman_roar", 
      "volume": 0.8
     }
    ]
  },
  "ic.acid.spew": {
    "category": "hostile",
    "min_distance": 8.0,
    "sounds": [
      {
      "name" : "sounds/mobs/ic_acid_spew", 
      "volume": 0.7
     }
    ]
  }
}