{
    "format_version": "1.19.60",
    "minecraft:entity": {
        "description": {
            "identifier": "rai:bansyo",
            "is_spawnable": false,
            "is_summonable": true,
            "is_experimental": false,
            "scripts": {
                "animate": [
                    "mark_variant",
                    "died",
                    {"died2":"q.is_sheared"}
                ]
            },
            "animations": {
                "mark_variant": "controller.animation.mark_variant",
                "died": "controller.animation.died",
                "died2": "controller.animation.health1000_died"
            }
        },
        "component_groups": {
            "kango_aneitei": {
                "minecraft:timer": {
                    "time": 1,
                    "looping": true,
                    "time_down_event": {
                        "event": "bansyo_fall",
                        "target": "self"
                    }
                },
                "minecraft:movement": {
                    "max": 0
                },
                "minecraft:jump.static": {
                    "jump_power": 0
                },
                "minecraft:scale": {
                    "value": 1.5
                },
                "minecraft:boss": {
                    "hud_range": 0
                },
                "minecraft:is_sheared": {},
                "minecraft:health": {
                    "value": 1300,
                    "max": 1300
                }
            },
            "fushiguro_ride": {
              "minecraft:type_family": {
                  "family": [
                      "school_team",
                      "jujutsu_kaisen",
                      "bansyo",
                      "tokusa_shikigami",
                      "shikigami",
                      "mob"
                  ]
              },
              "minecraft:input_ground_controlled": {},
              "minecraft:movement": {
                  "value": 0.3
              },
              "minecraft:rideable": {
                "seat_count": 1,
                "family_types": [
                  "fushiguro_megumi"
                ],
                "seats": {
                  "position": [ 0, 3, 0 ]
                }
              }
            },
            "ride": {
              "minecraft:timer": {
                  "time": 5,
                  "looping": true,
                  "time_down_event": {
                      "event": "ride_despawn",
                      "target": "self"
                  }
              },
              "minecraft:input_ground_controlled": {},
              "minecraft:movement": {
                  "value": 0.3
              },
              "minecraft:rideable": {
                "seat_count": 1,
                "family_types": [
                  "player"
                ],
                "seats": {
                  "position": [ 0, 3, 0 ]
                }
              }
            },
            "ride2": {
              "minecraft:movement": {
                  "value": 0.05
              },
              "minecraft:timer": {
                  "time": 1.5,
                  "looping": true,
                  "time_down_event": {
                      "event": "ride_despawn",
                      "target": "self"
                  }
              }
            },
            "reset_mark_variant": {"minecraft:mark_variant": {"value": 0}},
            "mark_variant": {"minecraft:mark_variant": {"value": 1}},
            "tyobuku": {
              "minecraft:behavior.nearest_attackable_target": {
               "priority": 1,
               "within_radius": 64,
               "attack_owner": true,
               "reselect_targets": true,
               "entity_types": [
                 {
                   "filters": {
                      "test": "is_family", "subject": "other", "value": "player"
                   },
                   "max_dist": 128
                 }
               ]
             }
            },
            "tame": {
                "minecraft:behavior.follow_owner": {
                    "start_distance": 10,
                    "stop_distance": 2,
                    "priority": 4
                },
                "minecraft:behavior.nearest_attackable_target": {
                 "priority": 6,
                 "within_radius": 64,
                 "attack_owner": true,
                 "reselect_targets": true,
                 "entity_types": [
                   {
                     "filters": {
                        "test": "has_tag", "subject": "other", "value": "tyobuku"
                     },
                     "max_dist": 128
                   }
                 ]
               },
                "minecraft:behavior.owner_hurt_by_target": {
                    "entity_types": {
                        "filters": {
                            "any_of": [
                                { "test": "has_tag", "subject": "other", "value": "tyobuku" },
                                {
                                    "all_of": [
                                        {"test": "is_owner", "subject": "other", "value": false},
                                        {"test": "is_family", "subject": "other", "value": "player"},
                                        {"test": "is_game_rule", "domain": "pvp", "value": true}
                                    ]
                                },
                                {
                                    "all_of": [
                                        {"test": "is_family", "subject": "other", "operator": "not", "value": "player"},
                                        { "test": "is_family", "subject": "other", "operator": "not", "value": "tokusa_shikigami" }
                                    ]
                                }
                            ]
                        }
                    },
                    "priority": 3
                },
                "minecraft:behavior.owner_hurt_target": {
                    "entity_types": {
                        "filters": {
                            "any_of": [
                                { "test": "has_tag", "subject": "other", "value": "tyobuku" },
                                {
                                    "all_of": [
                                        {"test": "is_owner", "subject": "other", "value": false},
                                        {"test": "is_family", "subject": "other", "value": "player"},
                                        {"test": "is_game_rule", "domain": "pvp", "value": true}
                                    ]
                                },
                                {
                                    "all_of": [
                                        {"test": "is_family", "subject": "other", "operator": "not", "value": "player"},
                                        { "test": "is_family", "subject": "other", "operator": "not", "value": "tokusa_shikigami" }
                                    ]
                                }
                            ]
                        }
                    },
                    "priority": 2
                }
            },
            "target": {
                "minecraft:behavior.follow_owner": {
                    "can_teleport": false,
                    "max_distance": 0,
                    "start_distance": 0,
                    "stop_distance": 0,
                    "priority": 10
                },
                "minecraft:timer": {
                    "time": [1.5,2.5],
                    "looping": true,
                    "time_down_event": {
                        "event": "attack",
                        "target": "self"
                    }
                }
            },
            "target2": {
                "minecraft:behavior.follow_owner": {
                    "start_distance": 10,
                    "stop_distance": 2,
                    "priority": 4
                }
            },
            "despawn": {
                "minecraft:timer": {
                    "time": 0.0,
                    "looping": false,
                    "time_down_event": {
                        "event": "despawn_"
                    }
                }
            },
            "despawn_": {
                "minecraft:instant_despawn": {
                }
            }
        },
        "components": {
            "minecraft:behavior.follow_owner": {
                "start_distance": 10,
                "stop_distance": 2,
                "priority": 4
            },
            "minecraft:on_target_acquired": {
                "event": "target"
            },
            "minecraft:on_target_escape": {
                "event": "target2"
            },
            "minecraft:knockback_resistance": {
              "value": 0.75
            },
            "minecraft:boss": {
                "hud_range": 8,
                "name": "entity.rai:bansyo.name"
            },
            "minecraft:collision_box": {
                "width": 1,
                "height": 1
            },
            "minecraft:health": {
                "value": 150,
                "max": 150
            },
            "minecraft:attack": {
                "damage": 1
            },
            "minecraft:movement": {
                "value": 0.2
            },
            "minecraft:is_tamed": {},
            "minecraft:damage_sensor": {
                "triggers": [
                    {
                        "on_damage": {
                            "filters": {
                                "test": "is_family",
                                "subject": "damager",
                                "value": "no_damage"
                            }
                        },
                        "deals_damage": false
                    },
                    {
                        "on_damage": {
                            "filters": {
                                "test": "has_damage",
                                "value": "fall"
                            },
                            "event": "bansyo_fall"
                        },
                        "deals_damage": false
                    },
                    {
                        "on_damage": {
                            "filters": {
                                "all_of": [
                                    {
                                        "test": "has_tag",
                                        "operator": "not",
                                        "value": "no_tyobuku"
                                    },
                                    {
                                        "test": "has_tag",
                                        "value": "tyobuku"
                                    },
                                    {
                                        "test": "is_owner",
                                        "subject": "other",
                                        "value": false
                                    }
                                ]
                            },
                            "event": "no_tyobuku"
                        }
                    }
                ]
            },
            "minecraft:behavior.float": {
                "priority": 0
            },
            "minecraft:behavior.melee_attack": {
                "reach_multiplier": 1.2,
                "priority": 5
            },
            "minecraft:follow_range": {
                "value": 32
            },
            "minecraft:behavior.random_stroll": {
                "priority": 8
            },
            "minecraft:underwater_movement": {
              "value": 0.1
            },
            "minecraft:navigation.walk": {
                "is_amphibious": true,
                "can_sink": false,
                "can_swim": true,
                "can_walk": true,
                "can_open_doors": true,
                "can_pass_doors": true,
                "avoid_portals": true,
                "avoid_damage_blocks": true,
                "can_path_over_water": true
            },
            "minecraft:type_family": {
                "family": [
                    "jujutsu_kaisen",
                    "bansyo",
                    "tokusa_shikigami",
                    "shikigami",
                    "mob"
                ]
            },
            "minecraft:nameable": {
                "allow_name_tag_renaming": false,
                "always_show": false
            },
            "minecraft:movement.basic": {},
            "minecraft:jump.static": {
            },
            "minecraft:physics": {},
            "minecraft:pushable": {
                "is_pushable": true,
                "is_pushable_by_piston": true
            }
        },
        "events": {
            "fushiguro": {
                "run_command": {
                    "command": [
                        "function entity/tokusa/shikigami_destroy",
                        "scoreboard players set @s juryoku_lv 0",
                        "tag @s add fushiguro_shikigami",
                        "tag @s add ride",
                        "function skill/tokusa_shikigami/bansyo_fall_tp"
                    ]
                },
                "add": {
                    "component_groups": [
                        "fushiguro_ride"
                    ]
                }
            },
            "fushiguro2": {
                "run_command": {
                    "command": [
                        "function entity/tokusa/shikigami_destroy",
                        "scoreboard players set @s juryoku_lv 1",
                        "tag @s add fushiguro_shikigami",
                        "tag @s add ride",
                        "function skill/tokusa_shikigami/bansyo_fall_tp"
                    ]
                },
                "add": {
                    "component_groups": [
                        "fushiguro_ride"
                    ]
                }
            },
            "fushiguro3": {
                "run_command": {
                    "command": [
                        "function entity/tokusa/shikigami_destroy",
                        "scoreboard players set @s juryoku_lv 2",
                        "tag @s add fushiguro_shikigami",
                        "tag @s add ride",
                        "function skill/tokusa_shikigami/bansyo_fall_tp"
                    ]
                },
                "add": {
                    "component_groups": [
                        "fushiguro_ride"
                    ]
                }
            },
            "fushiguro4": {
                "run_command": {
                    "command": [
                        "function entity/tokusa/shikigami_destroy",
                        "scoreboard players set @s juryoku_lv 3",
                        "tag @s add fushiguro_shikigami",
                        "tag @s add ride",
                        "function skill/tokusa_shikigami/bansyo_fall_tp"
                    ]
                },
                "add": {
                    "component_groups": [
                        "fushiguro_ride"
                    ]
                }
            },
            "bansyo_fall_tp": {
                "run_command": {
                    "command": [
                        "function skill/tokusa_shikigami/bansyo_fall_tp"
                    ]
                }
            },
            "kango_aneitei": {
                "run_command": {
                    "command": [
                        "tp ~~1~ true",
                        "tp ~~1~ true",
                        "tp ~~1~ true",
                        "tp ~~1~ true",
                        "tp ~~1~ true",
                        "tp ~~1~ true",
                        "tp ~~1~ true",
                        "tp ~~1~ true",
                        "tp ~~1~ true",
                        "tp ~~1~ true",
                        "tp ~~1~ true",
                        "tp ~~1~ true",
                        "tp ~~1~ true",
                        "tp ~~1~ true",
                        "tp ~~1~ true"
                    ]
                },
                "add": {
                    "component_groups": [
                        "kango_aneitei"
                    ]
                }
            },
            "reset_mark_variant": {"add": {"component_groups": ["reset_mark_variant"]}},
            "mark_variant": {"add": {"component_groups": ["mark_variant"]}},
            "target": {
                "run_command": {
                    "command": [
                        "scoreboard players remove @s juryoku_lv 0"
                    ]
                },
                "remove": {
                    "component_groups": [
                        "target2"
                    ]
                },
                "add": {
                    "component_groups": [
                        "target"
                    ]
                }
            },
            "target2": {
                "add": {
                    "component_groups": [
                        "target2"
                    ]
                },
                "remove": {
                    "component_groups": [
                        "target"
                    ]
                }
            },
            "attack": {
                "randomize": [
                    {
                        "weight": 1,
                        "run_command": {
                            "command": [
                                "execute as @s[tag=!cooltime,tag=!kango_aneitei] run function skill/tokusa_shikigami/bansyo_mizu"
                            ]
                        }
                    },
                    {
                        "weight": 3,
                        "run_command": {
                            "command": [
                                "execute as @s[tag=!cooltime,tag=!kango_aneitei] run function skill/tokusa_shikigami/punch"
                            ]
                        }
                    }
                ]
            },
            "bansyo_fall": {
                "sequence": [
                    {
                        "run_command": {
                            "command": [
                                "execute as @s[tag=!kango_aneitei] run summon rai:block_explode ~~~ 0 0 explode4"
                            ]
                        }
                    },
                    {
                        "filters": {
                            "test": "has_tag",
                            "value": "ride"
                        },
                        "add": {
                            "component_groups": [
                                "ride2"
                            ]
                        }
                    }
                ]
            },
            "punch": {},
            "PlayerName_tokusa_ride": {
                "run_command": {
                    "command": [
                        "function entity/tokusa/shikigami_destroy",
                        "tag @s add bansyo",
                        "tag @s add ride"
                    ]
                },
                "add": {
                    "component_groups": [
                        "ride"
                    ]
                }
            },
            "PlayerName_tokusa_start": {
                "run_command": {
                    "command": [
                        "function entity/tokusa/shikigami_destroy",
                        "tag @s add bansyo"
                    ]
                },
                "add": {
                    "component_groups": [
                        "tame"
                    ]
                }
            },
            "PlayerName_tokusa_tyobuku": {
                "run_command": {
                    "command": [
                        "function entity/tokusa/shikigami_destroy",
                        "tag @s add tyobuku",
                        "tag @s add bansyo"
                    ]
                },
                "add": {
                    "component_groups": [
                        "tame",
                        "tyobuku"
                    ]
                }
            },
            "no_tyobuku": {
                "run_command": {
                    "command": [
                        "tag @s add no_tyobuku"
                    ]
                }
            },
            "died": {
            },
            "kill": {
                "add": {
                    "component_groups": [
                        "despawn"
                    ]
                }
            },
            "ride_despawn": {
                "run_command": {
                    "command": [
                        "function entity/tokusa/shikigami_destroy"
                    ]
                },
                "add": {
                    "component_groups": [
                        "despawn"
                    ]
                }
            },
            "despawn": {
                "add": {
                    "component_groups": [
                        "despawn"
                    ]
                }
            },
            "despawn_": {
                "add": {
                    "component_groups": [
                        "despawn_"
                    ]
                }
            }
        }
    }
}