{
    "format_version": "1.19.60",
    "minecraft:entity": {
        "description": {
            "identifier": "rai:datto",
            "is_spawnable": false,
            "is_summonable": false,
            "is_experimental": false,
            "scripts": {
                "animate": [
                    "died",
                    "died2"
                ]
            },
            "animations": {
                "died": "controller.animation.health1000_died",
                "died2": "controller.animation.health1000_died"
            }
        },
        "component_groups": {
            "kango_aneitei": {
                "minecraft:behavior.nearest_attackable_target": {
                 "priority": 6,
                 "within_radius": 25,
                 "attack_owner": true,
                 "reselect_targets": true,
                 "entity_types": [
                   {
                     "filters": {
                        "all_of": [
                            {
                                "any_of": [
                                    {"test": "has_tag", "subject": "other", "value": "tyobuku"},
                                    {"test": "has_tag", "subject": "other", "value": "player_target"},
                                    {
                                        "all_of": [
                                            {"test": "is_owner", "subject": "other", "value": false},
                                            {"test": "is_family", "subject": "other", "value": "player"},
                                            {"test": "is_game_rule", "domain": "pvp", "value": true}
                                        ]
                                    },
                                    {
                                        "all_of": [
                                            { "test": "has_tag", "value": "school_team" },
                                            { "test": "is_family", "subject": "other", "operator": "not", "value": "school_team" },
                                            { "test": "is_family", "subject": "other", "operator": "not", "value": "jujutsushi" },
                                            { "test": "is_family", "subject": "other", "operator": "not", "value": "tokusa_shikigami" },
                                            { "test": "has_tag", "subject": "other", "operator": "not", "value": "player_target" },
                                            { "test": "is_family", "subject": "other", "operator": "not", "value": "player" }
                                        ]
                                    },
                                    {
                                        "all_of": [
                                            { "test": "has_tag", "operator": "not", "value": "school_team" },
                                            { "test": "is_family", "subject": "other", "operator": "not", "value": "animal" },
                                            { "test": "is_family", "subject": "other", "operator": "not", "value": "jusoshi" },
                                            { "test": "is_family", "subject": "other", "operator": "not", "value": "tokusa_shikigami" },
                                            { "test": "has_tag", "subject": "other", "operator": "not", "value": "player_target" },
                                            { "test": "is_family", "subject": "other", "operator": "not", "value": "player" }
                                        ]
                                    }
                                ]
                            },
                            { "test": "is_family", "subject": "other", "operator": "not", "value": "damage" },
                            { "test": "has_tag", "subject": "other", "operator": "not", "value": "no_player" }
                        ]
                     },
                     "max_dist": 35
                   }
                 ]
                },
                "minecraft:attack": {
                    "damage": 1
                },
                "minecraft:timer": {
                    "time": [3,5],
                    "looping": true,
                    "time_down_event": {
                        "event": "kill"
                    }
                }
            },
            "fushiguro": {
                "minecraft:type_family": {
                    "family": [
                        "school_team",
                        "damage0",
                        "multiple_shikigami",
                        "health1000_died",
                        "jujutsu_kaisen",
                        "datto",
                        "tokusa_shikigami",
                        "shikigami",
                        "mob"
                    ]
                },
                "minecraft:behavior.nearest_attackable_target": {
                 "priority": 1,
                 "within_radius": 25,
                 "reselect_targets": true,
                 "entity_types": [
                   {
                     "filters": {
                        "any_of": [
                            { "test": "is_family", "subject": "other", "value": "jurei" },
                            { "test": "is_family", "subject": "other", "value": "jusoshi" },
                            { "test": "has_tag", "subject": "other", "value": "jurei" },
                            { "test": "has_tag", "subject": "other", "value": "jusoshi" }
                        ]
                     },
                     "max_dist": 35
                   }
                 ]
               }
            },
            "player": {
                "minecraft:behavior.nearest_attackable_target": {
                 "priority": 1,
                 "within_radius": 25,
                 "reselect_targets": true,
                 "entity_types": [
                   {
                     "filters": {
                        "test": "is_family", "subject": "other", "value": "player"
                     },
                     "max_dist": 35
                   }
                 ]
               }
            },
            "tyobuku": {
              "minecraft:behavior.nearest_attackable_target": {
               "priority": 1,
               "within_radius": 64,
               "attack_owner": true,
               "reselect_targets": true,
               "entity_types": [
                 {
                   "filters": {
                      "test": "is_family", "subject": "other", "value": "player"
                   },
                   "max_dist": 128
                 }
               ]
             }
            },
            "tame": {
                "minecraft:behavior.nearest_attackable_target": {
                 "priority": 6,
                 "within_radius": 25,
                 "attack_owner": true,
                 "reselect_targets": true,
                 "entity_types": [
                   {
                     "filters": {
                        "test": "has_tag", "subject": "other", "value": "tyobuku"
                     },
                     "max_dist": 35
                   }
                 ]
               },
                "minecraft:behavior.owner_hurt_by_target": {
                    "entity_types": {
                        "filters": {
                            "any_of": [
                                { "test": "has_tag", "subject": "other", "value": "tyobuku" },
                                {
                                    "all_of": [
                                        {"test": "is_owner", "subject": "other", "value": false},
                                        {"test": "is_family", "subject": "other", "value": "player"},
                                        {"test": "is_game_rule", "domain": "pvp", "value": true}
                                    ]
                                },
                                {
                                    "all_of": [
                                        {"test": "is_family", "subject": "other", "operator": "not", "value": "player"},
                                        { "test": "is_family", "subject": "other", "operator": "not", "value": "tokusa_shikigami" }
                                    ]
                                }
                            ]
                        }
                    },
                    "priority": 3
                },
                "minecraft:behavior.owner_hurt_target": {
                    "entity_types": {
                        "filters": {
                            "any_of": [
                                { "test": "has_tag", "subject": "other", "value": "tyobuku" },
                                {
                                    "all_of": [
                                        {"test": "is_owner", "subject": "other", "value": false},
                                        {"test": "is_family", "subject": "other", "value": "player"},
                                        {"test": "is_game_rule", "domain": "pvp", "value": true}
                                    ]
                                },
                                {
                                    "all_of": [
                                        {"test": "is_family", "subject": "other", "operator": "not", "value": "player"},
                                        { "test": "is_family", "subject": "other", "operator": "not", "value": "tokusa_shikigami" }
                                    ]
                                }
                            ]
                        }
                    },
                    "priority": 2
                }
            },
            "kill": {
                "minecraft:timer": {
                    "time": 0.0,
                    "looping": false,
                    "time_down_event": {
                        "event": "despawn"
                    }
                }
            },
            "despawn": {
                "minecraft:timer": {
                    "time": 0.0,
                    "looping": false,
                    "time_down_event": {
                        "event": "despawn_"
                    }
                }
            },
            "despawn_": {
                "minecraft:instant_despawn": {
                }
            }
        },
        "components": {
            "minecraft:behavior.follow_owner": {
                "start_distance": 10,
                "stop_distance": 2,
                "priority": 4
            },
            "minecraft:knockback_resistance": {
                "value": -0.5
            },
            "minecraft:collision_box": {
                "width": 0.1,
                "height": 0.1
            },
            "minecraft:health": {
                "value": 1005,
                "max": 1005,
                "min": 1
            },
            "minecraft:movement": {
                "value": 0.4
            },
            "minecraft:is_tamed": {},
            "minecraft:damage_sensor": {
                "triggers": [
                    {
                        "on_damage": {
                            "filters": {
                                "test": "has_damage",
                                "value": "fall"
                            }
                        },
                        "deals_damage": false
                    },
                    {
                        "on_damage": {
                            "filters": {
                                "test": "is_family",
                                "subject": "damager",
                                "value": "no_damage"
                            }
                        },
                        "deals_damage": false
                    },
                    {
                        "on_damage": {
                            "filters": {
                                "all_of": [
                                    {
                                        "test": "has_tag",
                                        "operator": "not",
                                        "value": "no_tyobuku"
                                    },
                                    {
                                        "test": "has_tag",
                                        "value": "tyobuku"
                                    },
                                    {
                                        "test": "is_owner",
                                        "subject": "other",
                                        "value": false
                                    }
                                ]
                            },
                            "event": "no_tyobuku"
                        }
                    }
                ]
            },
            "minecraft:behavior.float": {
                "priority": 0
            },
            "minecraft:behavior.melee_attack": {
                "priority": 5
            },
            "minecraft:attack": {
                "damage": 0
            },
            "minecraft:follow_range": {
                "value": 32
            },
            "minecraft:behavior.random_stroll": {
                "priority": 8
            },
            "minecraft:navigation.walk": {
                "is_amphibious": true,
                "can_sink": false,
                "can_walk": true,
                "avoid_water": true
            },
            "minecraft:type_family": {
                "family": [
                    "damage0",
                    "multiple_shikigami",
                    "health1000_died",
                    "jujutsu_kaisen",
                    "datto",
                    "tokusa_shikigami",
                    "shikigami",
                    "mob"
                ]
            },
            "minecraft:nameable": {
                "allow_name_tag_renaming": false,
                "always_show": false
            },
            "minecraft:movement.basic": {},
            "minecraft:jump.static": {
            },
            "minecraft:physics": {},
            "minecraft:pushable": {
                "is_pushable": true,
                "is_pushable_by_piston": true
            }
        },
        "events": {
            "kango_aneitei": {
                "add": {
                    "component_groups": [
                        "kango_aneitei"
                    ]
                }
            },
            "fushiguro": {
                "run_command": {
                    "command": [
                        "function entity/tokusa/shikigami_destroy",
                        "scoreboard players random @s despawn 150 200",
                        "tag @s add fushiguro_shikigami",
                        "tag @s add tokusa_shikigami"
                    ]
                },
                "add": {
                    "component_groups": [
                        "fushiguro"
                    ]
                }
            },
            "fushiguro_player": {
                "run_command": {
                    "command": [
                        "function entity/tokusa/shikigami_destroy",
                        "scoreboard players random @s despawn 150 200",
                        "tag @s add fushiguro_shikigami",
                        "tag @s add tokusa_shikigami"
                    ]
                },
                "add": {
                    "component_groups": [
                        "fushiguro",
                        "player"
                    ]
                }
            },
            "PlayerName_tokusa_start": {
                "run_command": {
                    "command": [
                        "function entity/tokusa/shikigami_destroy",
                        "tag @s add datto",
                        "tag @s add health1000_died"
                    ]
                },
                "add": {
                    "component_groups": [
                        "tame"
                    ]
                }
            },
            "PlayerName_tokusa_tyobuku": {
                "run_command": {
                    "command": [
                        "function entity/tokusa/shikigami_destroy",
                        "tag @s add tyobuku",
                        "tag @s add datto",
                        "tag @s add health1000_died"
                    ]
                },
                "add": {
                    "component_groups": [
                        "tame",
                        "tyobuku"
                    ]
                }
            },
            "no_tyobuku": {
                "run_command": {
                    "command": [
                        "tag @s add no_tyobuku"
                    ]
                }
            },
            "kill": {
                "run_command": {
                    "command": [
                        "function entity/tokusa/shikigami_destroy"
                    ]
                },
                "add": {
                    "component_groups": [
                        "kill"
                    ]
                }
            },
            "despawn": {
                "add": {
                    "component_groups": [
                        "despawn"
                    ]
                }
            },
            "despawn_": {
                "add": {
                    "component_groups": [
                        "despawn_"
                    ]
                }
            }
        }
    }
}