{
    "format_version": "1.19.60",
    "minecraft:entity": {
        "description": {
            "identifier": "rai:gyokuken",
            "is_spawnable": false,
            "is_summonable": false,
            "is_experimental": false,
            "scripts": {
                "animate": [
                    "died",
                    {"died2":"q.is_sheared"},
                    "is_sitting"
                ]
            },
            "animations": {
                "died": "controller.animation.died",
                "died2": "controller.animation.health1000_died",
                "is_sitting": "controller.animation.is_sitting"
            }
        },
        "component_groups": {
            "kango_aneitei": {
                "minecraft:attack": {
                    "damage": 1
                },
                "minecraft:behavior.nearest_attackable_target": {
                 "priority": 6,
                 "within_radius": 64,
                 "attack_owner": true,
                 "reselect_targets": true,
                 "entity_types": [
                   {
                     "filters": {
                        "all_of": [
                            {
                                "any_of": [
                                    {"test": "has_tag", "subject": "other", "value": "tyobuku"},
                                    {"test": "has_tag", "subject": "other", "value": "player_target"},
                                    {
                                        "all_of": [
                                            {"test": "is_owner", "subject": "other", "value": false},
                                            {"test": "is_family", "subject": "other", "value": "player"},
                                            {"test": "is_game_rule", "domain": "pvp", "value": true}
                                        ]
                                    },
                                    {
                                        "all_of": [
                                            { "test": "has_tag", "value": "school_team" },
                                            { "test": "is_family", "subject": "other", "operator": "not", "value": "school_team" },
                                            { "test": "is_family", "subject": "other", "operator": "not", "value": "jujutsushi" },
                                            { "test": "is_family", "subject": "other", "operator": "not", "value": "tokusa_shikigami" },
                                            { "test": "has_tag", "subject": "other", "operator": "not", "value": "player_target" },
                                            { "test": "is_family", "subject": "other", "operator": "not", "value": "player" }
                                        ]
                                    },
                                    {
                                        "all_of": [
                                            { "test": "has_tag", "operator": "not", "value": "school_team" },
                                            { "test": "is_family", "subject": "other", "operator": "not", "value": "animal" },
                                            { "test": "is_family", "subject": "other", "operator": "not", "value": "jusoshi" },
                                            { "test": "is_family", "subject": "other", "operator": "not", "value": "tokusa_shikigami" },
                                            { "test": "has_tag", "subject": "other", "operator": "not", "value": "player_target" },
                                            { "test": "is_family", "subject": "other", "operator": "not", "value": "player" }
                                        ]
                                    }
                                ]
                            },
                            { "test": "is_family", "subject": "other", "operator": "not", "value": "damage" },
                            { "test": "has_tag", "subject": "other", "operator": "not", "value": "no_player" }
                        ]
                     },
                     "max_dist": 128
                   }
                 ]
                },
                "minecraft:boss": {
                    "hud_range": 0
                },
                "minecraft:is_sheared": {},
                "minecraft:health": {
                    "value": 1020,
                    "max": 1020
                }
            },
            "kango_aneitei2": {
                "minecraft:behavior.nearest_attackable_target": {
                 "priority": 6,
                 "within_radius": 64,
                 "attack_owner": true,
                 "reselect_targets": true,
                 "entity_types": [
                   {
                     "filters": {
                        "all_of": [
                            {
                                "any_of": [
                                    {"test": "has_tag", "subject": "other", "value": "tyobuku"},
                                    {"test": "has_tag", "subject": "other", "value": "player_target"},
                                    {
                                        "all_of": [
                                            {"test": "is_owner", "subject": "other", "value": false},
                                            {"test": "is_family", "subject": "other", "value": "player"},
                                            {"test": "is_game_rule", "domain": "pvp", "value": true}
                                        ]
                                    },
                                    {
                                        "all_of": [
                                            { "test": "has_tag", "value": "school_team" },
                                            { "test": "is_family", "subject": "other", "operator": "not", "value": "school_team" },
                                            { "test": "is_family", "subject": "other", "operator": "not", "value": "jujutsushi" },
                                            { "test": "is_family", "subject": "other", "operator": "not", "value": "tokusa_shikigami" },
                                            { "test": "has_tag", "subject": "other", "operator": "not", "value": "player_target" },
                                            { "test": "is_family", "subject": "other", "operator": "not", "value": "player" }
                                        ]
                                    },
                                    {
                                        "all_of": [
                                            { "test": "has_tag", "operator": "not", "value": "school_team" },
                                            { "test": "is_family", "subject": "other", "operator": "not", "value": "animal" },
                                            { "test": "is_family", "subject": "other", "operator": "not", "value": "jusoshi" },
                                            { "test": "is_family", "subject": "other", "operator": "not", "value": "tokusa_shikigami" },
                                            { "test": "has_tag", "subject": "other", "operator": "not", "value": "player_target" },
                                            { "test": "is_family", "subject": "other", "operator": "not", "value": "player" }
                                        ]
                                    }
                                ]
                            },
                            { "test": "is_family", "subject": "other", "operator": "not", "value": "damage" },
                            { "test": "has_tag", "subject": "other", "operator": "not", "value": "no_player" }
                        ]
                     },
                     "max_dist": 128
                   }
                 ]
                },
                "minecraft:boss": {
                    "hud_range": 0
                },
                "minecraft:is_sheared": {},
                "minecraft:health": {
                    "value": 1120,
                    "max": 1120
                }
            },
            "fushiguro": {
                "minecraft:type_family": {
                    "family": [
                        "school_team",
                        "jujutsu_kaisen",
                        "gyokuken",
                        "tokusa_shikigami",
                        "shikigami",
                        "mob"
                    ]
                },
                "minecraft:behavior.nearest_attackable_target": {
                 "priority": 1,
                 "within_radius": 25,
                 "reselect_targets": true,
                 "entity_types": [
                   {
                     "filters": {
                        "any_of": [
                            { "test": "is_family", "subject": "other", "value": "jurei" },
                            { "test": "is_family", "subject": "other", "value": "jusoshi" },
                            { "test": "has_tag", "subject": "other", "value": "jurei" },
                            { "test": "has_tag", "subject": "other", "value": "jusoshi" }
                        ]
                     },
                     "max_dist": 35
                   }
                 ]
               }
            },
            "player": {
                "minecraft:behavior.nearest_attackable_target": {
                 "priority": 1,
                 "within_radius": 25,
                 "reselect_targets": true,
                 "entity_types": [
                   {
                     "filters": {
                        "test": "is_family", "subject": "other", "value": "player"
                     },
                     "max_dist": 35
                   }
                 ]
               }
            },
            "gyokuken": {
                "minecraft:variant": {
                    "value": 0
                }
            },
            "gyokuken2": {
                "minecraft:variant": {
                    "value": 1
                }
            },
            "gyokuken3": {
                "minecraft:collision_box": {
                    "width": 1,
                    "height": 2
                },
                "minecraft:health": {
                    "value": 150,
                    "max": 150
                },
                "minecraft:attack": {
                    "damage": 3
                },
                "minecraft:movement": {
                    "value": 0.5
                },
                "minecraft:variant": {
                    "value": 2
                }
            },
            "target": {
                "minecraft:behavior.follow_owner": {
                    "can_teleport": false,
                    "max_distance": 0,
                    "start_distance": 0,
                    "stop_distance": 0,
                    "priority": 10
                },
                "minecraft:timer": {
                    "time": [1,3],
                    "looping": true,
                    "time_down_event": {
                        "event": "attack",
                        "target": "self"
                    }
                }
            },
            "target2": {
                "minecraft:behavior.follow_owner": {
                    "start_distance": 10,
                    "stop_distance": 2,
                    "priority": 4
                }
            },
            "despawn": {
                "minecraft:timer": {
                    "time": 0.0,
                    "looping": false,
                    "time_down_event": {
                        "event": "despawn_"
                    }
                }
            },
            "despawn_": {
                "minecraft:instant_despawn": {
                }
            }
        },
        "components": {
            "minecraft:on_target_acquired": {
                "event": "target"
            },
            "minecraft:on_target_escape": {
                "event": "target2"
            },
            "minecraft:boss": {
                "hud_range": 5,
                "name": "entity.rai:gyokuken.name"
            },
            "minecraft:sittable": {},
            "minecraft:behavior.stay_while_sitting": {
              "priority": 1
            },
            "minecraft:collision_box": {
                "width": 0.7,
                "height": 1.25
            },
            "minecraft:health": {
                "value": 50,
                "max": 50
            },
            "minecraft:attack": {
                "damage": 2
            },
            "minecraft:movement": {
                "value": 0.4
            },
            "minecraft:is_tamed": {},
            "minecraft:behavior.nearest_attackable_target": {
             "priority": 6,
             "within_radius": 64,
             "attack_owner": true,
             "reselect_targets": true,
             "entity_types": [
               {
                 "filters": {
                    "test": "has_tag", "subject": "other", "value": "tyobuku"
                 },
                 "max_dist": 128
               }
             ]
           },
            "minecraft:behavior.owner_hurt_by_target": {
                "entity_types": {
                    "filters": {
                        "any_of": [
                            { "test": "has_tag", "subject": "other", "value": "tyobuku" },
                            {
                                "all_of": [
                                    {"test": "is_owner", "subject": "other", "value": false},
                                    {"test": "is_family", "subject": "other", "value": "player"},
                                    {"test": "is_game_rule", "domain": "pvp", "value": true}
                                ]
                            },
                            {
                                "all_of": [
                                    {"test": "is_family", "subject": "other", "operator": "not", "value": "player"},
                                    { "test": "is_family", "subject": "other", "operator": "not", "value": "tokusa_shikigami" }
                                ]
                            }
                        ]
                    }
                },
                "priority": 3
            },
            "minecraft:behavior.owner_hurt_target": {
                "entity_types": {
                    "filters": {
                        "any_of": [
                            { "test": "has_tag", "subject": "other", "value": "tyobuku" },
                            {
                                "all_of": [
                                    {"test": "is_owner", "subject": "other", "value": false},
                                    {"test": "is_family", "subject": "other", "value": "player"},
                                    {"test": "is_game_rule", "domain": "pvp", "value": true}
                                ]
                            },
                            {
                                "all_of": [
                                    {"test": "is_family", "subject": "other", "operator": "not", "value": "player"},
                                    { "test": "is_family", "subject": "other", "operator": "not", "value": "tokusa_shikigami" }
                                ]
                            }
                        ]
                    }
                },
                "priority": 2
            },
            "minecraft:behavior.follow_owner": {
                "start_distance": 10,
                "stop_distance": 2,
                "priority": 4
            },
            "minecraft:damage_sensor": {
                "triggers": [
                    {
                        "on_damage": {
                            "filters": {
                                "test": "has_damage",
                                "value": "fall"
                            }
                        },
                        "deals_damage": false
                    },
                    {
                        "on_damage": {
                            "filters": {
                                "test": "is_family",
                                "subject": "damager",
                                "value": "no_damage"
                            }
                        },
                        "deals_damage": false
                    }
                ]
            },
            "minecraft:behavior.float": {
                "priority": 0
            },
            "minecraft:behavior.melee_attack": {
                "priority": 5
            },
            "minecraft:follow_range": {
                "value": 32
            },
            "minecraft:behavior.random_stroll": {
                "priority": 8
            },
            "minecraft:underwater_movement": {
              "value": 0.1
            },
            "minecraft:navigation.walk": {
                "is_amphibious": true,
                "can_sink": false,
                "can_swim": true,
                "can_walk": true,
                "can_open_doors": true,
                "can_pass_doors": true,
                "avoid_portals": true,
                "avoid_damage_blocks": true,
                "can_path_over_water": true
            },
            "minecraft:type_family": {
                "family": [
                    "jujutsu_kaisen",
                    "gyokuken",
                    "tokusa_shikigami",
                    "shikigami",
                    "mob"
                ]
            },
            "minecraft:nameable": {
                "allow_name_tag_renaming": false,
                "always_show": false
            },
            "minecraft:movement.basic": {},
            "minecraft:jump.static": {
            },
            "minecraft:physics": {},
            "minecraft:pushable": {
                "is_pushable": true,
                "is_pushable_by_piston": true
            }
        },
        "events": {
            "fushiguro": {
                "run_command": {
                    "command": [
                        "function entity/tokusa/shikigami_destroy",
                        "scoreboard players random @s despawn 150 200",
                        "tag @s add fushiguro_shikigami",
                        "tag @s add tokusa_shikigami"
                    ]
                },
                "add": {
                    "component_groups": [
                        "fushiguro"
                    ]
                }
            },
            "fushiguro2": {
                "run_command": {
                    "command": [
                        "function entity/tokusa/shikigami_destroy",
                        "scoreboard players random @s despawn 150 200",
                        "tag @s add fushiguro_shikigami",
                        "tag @s add tokusa_shikigami"
                    ]
                },
                "add": {
                    "component_groups": [
                        "gyokuken2",
                        "fushiguro"
                    ]
                }
            },
            "fushiguro_player": {
                "run_command": {
                    "command": [
                        "function entity/tokusa/shikigami_destroy",
                        "scoreboard players random @s despawn 150 200",
                        "tag @s add fushiguro_shikigami",
                        "tag @s add tokusa_shikigami"
                    ]
                },
                "add": {
                    "component_groups": [
                        "fushiguro",
                        "player"
                    ]
                }
            },
            "fushiguro_player2": {
                "run_command": {
                    "command": [
                        "function entity/tokusa/shikigami_destroy",
                        "scoreboard players random @s despawn 150 200",
                        "tag @s add fushiguro_shikigami",
                        "tag @s add tokusa_shikigami"
                    ]
                },
                "add": {
                    "component_groups": [
                        "gyokuken2",
                        "fushiguro",
                        "player"
                    ]
                }
            },
            "kango_aneitei": {
                "add": {
                    "component_groups": [
                        "kango_aneitei"
                    ]
                }
            },
            "kango_aneitei2": {
                "add": {
                    "component_groups": [
                        "kango_aneitei2"
                    ]
                }
            },
            "target": {
                "filters": {
                    "test": "has_tag",
                    "operator": "not",
                    "value": "is_sitting"
                },
                "run_command": {
                    "command": [
                        "scoreboard players remove @s juryoku_lv 0"
                    ]
                },
                "remove": {
                    "component_groups": [
                        "target2"
                    ]
                },
                "add": {
                    "component_groups": [
                        "target"
                    ]
                }
            },
            "target2": {
                "add": {
                    "component_groups": [
                        "target2"
                    ]
                },
                "remove": {
                    "component_groups": [
                        "target"
                    ]
                }
            },
            "attack": {
                "sequence": [
                    {
                        "run_command": {
                            "command": [
                                "tag @s add target"
                            ],
                            "target": "target"
                        }
                    },
                    {
                        "filters": {
                            "test": "has_tag",
                            "value": "gyokuken3"
                        },
                        "randomize": [
                            {
                                "weight": 1,
                                "run_command": {
                                    "command": [
                                        "execute if entity @e[tag=target,rm=5,r=20] as @s[tag=!cooltime] run function skill/tokusa_shikigami/sekkin",
                                        "execute if entity @e[tag=target,r=5] as @s[tag=!cooltime] run function skill/tokusa_shikigami/punch"
                                    ]
                                }
                            },
                            {
                                "weight": 4,
                                "run_command": {
                                    "command": [
                                        "execute if entity @e[tag=target,rm=5,r=20] as @s[tag=!cooltime] run function skill/tokusa_shikigami/sekkin",
                                        "execute if entity @e[tag=target,r=5] as @s[tag=!cooltime] run function skill/tokusa_shikigami/hikkaki"
                                    ]
                                }
                            }
                        ]
                    },
                    {
                        "filters": {
                            "test": "has_tag",
                            "operator": "not",
                            "value": "gyokuken3"
                        },
                        "randomize": [
                            {
                                "weight": 2
                            },
                            {
                                "weight": 4,
                                "run_command": {
                                    "command": [
                                        "execute if entity @e[tag=target,rm=5,r=20] as @s[tag=!cooltime] run function skill/tokusa_shikigami/sekkin",
                                        "execute if entity @e[tag=target,r=5] as @s[tag=!cooltime] run function skill/tokusa_shikigami/hikkaki"
                                    ]
                                }
                            }
                        ]
                    },
                    {
                        "run_command": {
                            "command": [
                                "tag @e remove target"
                            ]
                        }
                    }
                ]
            },
            "punch": {},
            "hikkaki": {},
            "PlayerName_tokusa_gyokuken": {
                "run_command": {
                    "command": [
                        "function entity/tokusa/shikigami_destroy",
                        "tag @s add gyokuken"
                    ]
                },
                "add": {
                    "component_groups": [
                        "gyokuken"
                    ]
                }
            },
            "PlayerName_tokusa_gyokuken2": {
                "run_command": {
                    "command": [
                        "function entity/tokusa/shikigami_destroy",
                        "tag @s add gyokuken2"
                    ]
                },
                "add": {
                    "component_groups": [
                        "gyokuken2"
                    ]
                }
            },
            "PlayerName_tokusa_gyokuken3": {
                "run_command": {
                    "command": [
                        "effect @s instant_health 1 255",
                        "function entity/tokusa/shikigami_destroy",
                        "tag @s add gyokuken3",
                        "tag @s remove gyokuken",
                        "tag @s remove gyokuken2"
                    ]
                },
                "remove": {
                    "component_groups": [
                        "gyokuken",
                        "gyokuken2"
                    ]
                },
                "add": {
                    "component_groups": [
                        "gyokuken3"
                    ]
                }
            },
            "died": {
            },
            "kill": {
                "add": {
                    "component_groups": [
                        "despawn"
                    ]
                }
            },
            "despawn2": {
                "run_command": {
                    "command": [
                        "function entity/tokusa/shikigami_destroy"
                    ]
                },
                "add": {
                    "component_groups": [
                        "despawn"
                    ]
                }
            },
            "despawn": {
                "add": {
                    "component_groups": [
                        "despawn"
                    ]
                }
            },
            "despawn_": {
                "add": {
                    "component_groups": [
                        "despawn_"
                    ]
                }
            }
        }
    }
}