{
    "format_version": "1.19.60",
    "minecraft:entity": {
        "description": {
            "identifier": "rai:makora",
            "is_spawnable": false,
            "is_summonable": false,
            "is_experimental": false,
            "scripts": {
                "animate": [
                    "mark_variant",
                    "died",
                    {"died2":"q.is_sheared"}
                ]
            },
            "animations": {
                "mark_variant": "controller.animation.mark_variant",
                "died": "controller.animation.died",
                "died2": "controller.animation.health1000_died"
            }
        },
        "component_groups": {
            "reset_mark_variant": {"minecraft:mark_variant": {"value": 0}},
            "mark_variant": {"minecraft:mark_variant": {"value": 1}},
            "tyobuku": {
                "minecraft:behavior.nearest_attackable_target": {
                 "priority": 3,
                 "within_radius": 64,
                 "attack_owner": true,
                 "reselect_targets": true,
                 "entity_types": [
                   {
                     "filters": {
                        "test": "is_family", "subject": "other", "value": "player"
                     },
                     "max_dist": 128
                   }
                 ]
               }
            },
            "tame": {
                "minecraft:behavior.nearest_attackable_target": {
                 "priority": 6,
                 "within_radius": 64,
                 "attack_owner": true,
                 "reselect_targets": true,
                 "entity_types": [
                   {
                     "filters": {
                        "test": "has_tag", "subject": "other", "value": "tyobuku"
                     },
                     "max_dist": 128
                   }
                 ]
               },
                "minecraft:behavior.owner_hurt_by_target": {
                    "entity_types": {
                        "filters": {
                            "any_of": [
                                { "test": "has_tag", "subject": "other", "value": "tyobuku" },
                                {
                                    "all_of": [
                                        {"test": "is_owner", "subject": "other", "value": false},
                                        {"test": "is_family", "subject": "other", "value": "player"},
                                        {"test": "is_game_rule", "domain": "pvp", "value": true}
                                    ]
                                },
                                {
                                    "all_of": [
                                        {"test": "is_family", "subject": "other", "operator": "not", "value": "player"},
                                        { "test": "is_family", "subject": "other", "operator": "not", "value": "tokusa_shikigami" }
                                    ]
                                }
                            ]
                        }
                    },
                    "priority": 3
                },
                "minecraft:behavior.owner_hurt_target": {
                    "entity_types": {
                        "filters": {
                            "any_of": [
                                { "test": "has_tag", "subject": "other", "value": "tyobuku" },
                                {
                                    "all_of": [
                                        {"test": "is_owner", "subject": "other", "value": false},
                                        {"test": "is_family", "subject": "other", "value": "player"},
                                        {"test": "is_game_rule", "domain": "pvp", "value": true}
                                    ]
                                },
                                {
                                    "all_of": [
                                        {"test": "is_family", "subject": "other", "operator": "not", "value": "player"},
                                        { "test": "is_family", "subject": "other", "operator": "not", "value": "tokusa_shikigami" }
                                    ]
                                }
                            ]
                        }
                    },
                    "priority": 2
                }
            },
            "target": {
                "minecraft:behavior.look_at_target": {
                    "look_distance": 64,
                    "probability": 1,
                    "look_time": 999,
                    "priority": 2,
                    "angle_of_view_vertical": 360,
                    "angle_of_view_horizontal": 360
                },
                "minecraft:behavior.follow_owner": {
                    "can_teleport": false,
                    "max_distance": 0,
                    "start_distance": 0,
                    "stop_distance": 0,
                    "priority": 10
                },
                "minecraft:timer": {
                    "time": [1,2],
                    "looping": true,
                    "time_down_event": {
                        "event": "attack",
                        "target": "self"
                    }
                }
            },
            "target2": {
                "minecraft:behavior.follow_owner": {
                    "start_distance": 10,
                    "stop_distance": 2,
                    "priority": 5
                }
            },
            "despawn": {
                "minecraft:timer": {
                    "time": 0.0,
                    "looping": false,
                    "time_down_event": {
                        "event": "despawn_"
                    }
                }
            },
            "despawn_": {
                "minecraft:instant_despawn": {
                }
            }
        },
        "components": {
            "minecraft:on_target_escape": {
                "event": "target2"
            },
            "minecraft:on_target_acquired": {
                "event": "target"
            },
            "minecraft:behavior.follow_owner": {
                "start_distance": 10,
                "stop_distance": 2,
                "priority": 5
            },
            "minecraft:boss": {
                "hud_range": 12,
                "name": "entity.rai:makora.name"
            },
            "minecraft:collision_box": {
                "width": 1,
                "height": 4
            },
            "minecraft:health": {
                "value": 300,
                "max": 300
            },
            "minecraft:attack": {
                "damage": 8
            },
            "minecraft:movement": {
                "value": 0.35
            },
            "minecraft:is_tamed": {},
            "minecraft:damage_sensor": {
                "triggers": [
                    {
                        "on_damage": {
                            "filters": {
                                "test": "has_damage",
                                "value": "fall"
                            }
                        },
                        "deals_damage": false
                    },
                    {
                        "on_damage": {
                            "filters": {
                                "test": "is_family",
                                "subject": "damager",
                                "value": "no_damage"
                            }
                        },
                        "deals_damage": false
                    },
                    {
                        "on_damage": {
                            "filters": {
                                "all_of": [
                                    {
                                        "test": "has_tag",
                                        "operator": "not",
                                        "value": "no_tyobuku"
                                    },
                                    {
                                        "test": "has_tag",
                                        "value": "tyobuku"
                                    },
                                    {
                                        "test": "is_owner",
                                        "subject": "other",
                                        "value": false
                                    }
                                ]
                            },
                            "event": "no_tyobuku"
                        }
                    }
                ]
            },
            "minecraft:behavior.float": {
                "priority": 0
            },
            "minecraft:behavior.melee_attack": {
                "reach_multiplier": 2.5,
                "priority": 1
            },
            "minecraft:follow_range": {
                "value": 32
            },
            "minecraft:behavior.random_stroll": {
                "priority": 8
            },
            "minecraft:underwater_movement": {
              "value": 0.1
            },
            "minecraft:navigation.walk": {
                "is_amphibious": true,
                "can_sink": false,
                "can_swim": true,
                "can_walk": true,
                "can_open_doors": true,
                "can_pass_doors": true,
                "avoid_portals": true,
                "avoid_damage_blocks": true,
                "can_path_over_water": true
            },
            "minecraft:type_family": {
                "family": [
                    "jujutsu_kaisen",
                    "makora",
                    "tokusa_shikigami",
                    "shikigami",
                    "mob"
                ]
            },
            "minecraft:nameable": {
                "allow_name_tag_renaming": false,
                "always_show": false
            },
            "minecraft:movement.basic": {},
            "minecraft:jump.static": {
            },
            "minecraft:physics": {},
            "minecraft:pushable": {
                "is_pushable": true,
                "is_pushable_by_piston": true
            }
        },
        "events": {
            "reset_mark_variant": {"add": {"component_groups": ["reset_mark_variant"]}},
            "mark_variant": {"add": {"component_groups": ["mark_variant"]}},
            "target": {
                "run_command": {
                    "command": [
                        "scoreboard players set @s juryoku_lv 2"
                    ]
                },
                "remove": {
                    "component_groups": [
                        "target2"
                    ]
                },
                "add": {
                    "component_groups": [
                        "target"
                    ]
                }
            },
            "target2": {
                "add": {
                    "component_groups": [
                        "target2"
                    ]
                },
                "remove": {
                    "component_groups": [
                        "target"
                    ]
                }
            },
            "attack": {
                "sequence": [
                    {
                        "run_command": {
                            "command": [
                                "tag @s add target"
                            ],
                            "target": "target"
                        }
                    },
                    {
                        "randomize": [
                            {
                                "weight": 1,
                                "run_command": {
                                    "command": [
                                        "execute if entity @e[tag=target,rm=3] as @s[tag=!cooltime] run function skill/sekkin",
                                        "execute if entity @e[tag=target,r=3] as @s[tag=!cooltime] run function skill/tokusa_shikigami/punch"
                                    ]
                                }
                            },
                            {
                                "weight": 1,
                                "run_command": {
                                    "command": [
                                        "execute if entity @e[tag=target,rm=5] as @s[tag=!cooltime] run function skill/sekkin",
                                        "execute if entity @e[tag=target,r=5] as @s[tag=!cooltime] run function skill/tokusa_shikigami/makora_attack"
                                    ]
                                }
                            }
                        ]
                    },
                    {
                        "run_command": {
                            "command": [
                                "tag @e remove target"
                            ]
                        }
                    }
                ]
            },
            "punch": {},
            "makora_attack": {},
            "PlayerName_tokusa_start": {
                "run_command": {
                    "command": [
                        "function entity/tokusa/shikigami_destroy",
                        "tag @s add makora"
                    ]
                },
                "add": {
                    "component_groups": [
                        "tame"
                    ]
                }
            },
            "PlayerName_tokusa_tyobuku": {
                "run_command": {
                    "command": [
                        "function entity/tokusa/shikigami_destroy",
                        "tag @s add tyobuku",
                        "tag @s add makora"
                    ]
                },
                "add": {
                    "component_groups": [
                        "tame",
                        "tyobuku"
                    ]
                }
            },
            "no_tyobuku": {
                "run_command": {
                    "command": [
                        "tag @s add no_tyobuku"
                    ]
                }
            },
            "died": {
            },
            "kill": {
                "add": {
                    "component_groups": [
                        "despawn"
                    ]
                }
            },
            "despawn2": {
                "run_command": {
                    "command": [
                        "function entity/tokusa/shikigami_destroy"
                    ]
                },
                "add": {
                    "component_groups": [
                        "despawn"
                    ]
                }
            },
            "despawn": {
                "add": {
                    "component_groups": [
                        "despawn"
                    ]
                }
            },
            "despawn_": {
                "add": {
                    "component_groups": [
                        "despawn_"
                    ]
                }
            }
        }
    }
}