{
  "format_version": "1.19.60",
  "minecraft:entity": {
    "description": {
      "identifier": "rai:nue",
      "is_spawnable": false,
      "is_summonable": false,
      "is_experimental": false,
      "scripts": {
          "animate": [
            "died",
            {"died2":"q.is_sheared"},
            {"ride_angle":"q.can_fly"}
          ]
      },
      "animations": {
          "died": "controller.animation.died",
          "died2": "controller.animation.health1000_died",
          "ride_angle": "controller.animation.ride_angle_up"
      }
    },
    "component_groups": {
      "fushiguro": {
          "minecraft:type_family": {
              "family": [
                  "school_team",
                  "jujutsu_kaisen",
                  "nue_gama",
                  "nue",
                  "tokusa_shikigami",
                  "shikigami",
                  "mob"
              ]
          },
          "minecraft:behavior.nearest_attackable_target": {
           "priority": 3,
           "within_radius": 128,
           "reselect_targets": true,
           "entity_types": [
             {
               "filters": {
                  "any_of": [
                      { "test": "is_family", "subject": "other", "value": "jurei" },
                      { "test": "is_family", "subject": "other", "value": "jusoshi" },
                      { "test": "has_tag", "subject": "other", "value": "jurei" },
                      { "test": "has_tag", "subject": "other", "value": "jusoshi" }
                  ]
               },
               "max_dist": 64
             }
           ]
         }
      },
      "player": {
          "minecraft:behavior.nearest_attackable_target": {
           "priority": 3,
           "within_radius": 128,
           "reselect_targets": true,
           "entity_types": [
             {
               "filters": {
                  "test": "is_family", "subject": "other", "value": "player"
               },
               "max_dist": 64
             }
           ]
         }
      },
      "kango_aneitei": {
          "minecraft:type_family": {
              "family": [
                  "jujutsu_kaisen",
                  "nue_gama",
                  "nue",
                  "tokusa_shikigami",
                  "shikigami",
                  "mob"
              ]
          },
          "minecraft:behavior.nearest_attackable_target": {
           "priority": 6,
           "within_radius": 64,
           "attack_owner": true,
           "reselect_targets": true,
           "entity_types": [
             {
               "filters": {
                  "all_of": [
                      {
                          "any_of": [
                              {"test": "has_tag", "subject": "other", "value": "tyobuku"},
                              {"test": "has_tag", "subject": "other", "value": "player_target"},
                              {
                                  "all_of": [
                                      {"test": "is_owner", "subject": "other", "value": false},
                                      {"test": "is_family", "subject": "other", "value": "player"},
                                      {"test": "is_game_rule", "domain": "pvp", "value": true}
                                  ]
                              },
                              {
                                  "all_of": [
                                      { "test": "has_tag", "value": "school_team" },
                                      { "test": "is_family", "subject": "other", "operator": "not", "value": "school_team" },
                                      { "test": "is_family", "subject": "other", "operator": "not", "value": "jujutsushi" },
                                      { "test": "is_family", "subject": "other", "operator": "not", "value": "tokusa_shikigami" },
                                      { "test": "has_tag", "subject": "other", "operator": "not", "value": "player_target" },
                                      { "test": "is_family", "subject": "other", "operator": "not", "value": "player" }
                                  ]
                              },
                              {
                                  "all_of": [
                                      { "test": "has_tag", "operator": "not", "value": "school_team" },
                                      { "test": "is_family", "subject": "other", "operator": "not", "value": "animal" },
                                      { "test": "is_family", "subject": "other", "operator": "not", "value": "jusoshi" },
                                      { "test": "is_family", "subject": "other", "operator": "not", "value": "tokusa_shikigami" },
                                      { "test": "has_tag", "subject": "other", "operator": "not", "value": "player_target" },
                                      { "test": "is_family", "subject": "other", "operator": "not", "value": "player" }
                                  ]
                              }
                          ]
                      },
                      { "test": "is_family", "subject": "other", "operator": "not", "value": "damage" },
                      { "test": "has_tag", "subject": "other", "operator": "not", "value": "no_player" }
                  ]
               },
               "max_dist": 128
             }
           ]
          },
          "minecraft:boss": {
              "hud_range": 0
          },
          "minecraft:is_sheared": {},
          "minecraft:scale": {
              "value": 0.5
          },
          "minecraft:health": {
              "value": 1020,
              "max": 1020
          },
          "minecraft:attack": {
              "damage": 2
          }
      },
      "ride": {
        "minecraft:timer": {
            "time": 10,
            "looping": true,
            "time_down_event": {
                "event": "ride2",
                "target": "self"
            }
        },
        "minecraft:physics": {},
        "minecraft:movement": {
            "value": 0.3
        },
        "minecraft:movement.basic": {},
        "minecraft:rideable": {
          "seat_count": 1,
          "family_types": [
            "player"
          ],
          "seats": {
            "position": [ 0, 0.65, 0 ]
          }
        },
        "minecraft:input_ground_controlled": {},
        "minecraft:can_power_jump": {},
        "minecraft:horse.jump_strength": {
            "value": 2
        },
        "minecraft:jump.static": {
        },
        "minecraft:despawn": {
            "filters": {
                "all_of": [
                    {
                        "test": "has_tag",
                        "value": "ride_set"
                    },
                    {
                        "test": "rider_count",
                        "value": 0
                    }
                ]
            }
        }
      },
      "ride2": {
        "minecraft:movement": {
            "value": 0.15
        },
        "minecraft:horse.jump_strength": {
            "value": 0
        }
      },
      "can_fly": {
        "minecraft:can_fly": {
        }
      },
      "up": {
        "minecraft:spell_effects": {
            "remove_effects": "levitation",
            "add_effects": [
              {
                "effect": "levitation",
                "amplifier": 6,
                "duration": 1,
                "visible": false
              }
            ]
        }
      },
      "levitation": {
        "minecraft:spell_effects": {
            "remove_effects": "levitation",
            "add_effects": [
              {
                "effect": "levitation",
                "amplifier": 10,
                "duration": 5,
                "visible": false
              }
            ]
        }
      },
      "levitation2": {
        "minecraft:spell_effects": {
            "remove_effects": "levitation",
            "add_effects": [
              {
                "effect": "levitation",
                "amplifier": -10,
                "duration": 5,
                "visible": false
              }
            ]
        }
      },
      "tyobuku": {
        "minecraft:health": {
            "value": 30,
            "max": 30
        },
        "minecraft:behavior.nearest_attackable_target": {
         "priority": 1,
         "within_radius": 128,
         "attack_owner": true,
         "reselect_targets": true,
         "entity_types": [
           {
             "filters": {
                "test": "is_family", "subject": "other", "value": "player"
             },
             "max_dist": 128
           }
         ]
       }
      },
      "tame": {
        "minecraft:behavior.nearest_attackable_target": {
         "priority": 6,
         "within_radius": 64,
         "attack_owner": true,
         "reselect_targets": true,
         "entity_types": [
           {
             "filters": {
                "test": "has_tag", "subject": "other", "value": "tyobuku"
             },
             "max_dist": 128
           }
         ]
       },
        "minecraft:behavior.owner_hurt_by_target": {
            "entity_types": {
                "filters": {
                    "any_of": [
                        { "test": "has_tag", "subject": "other", "value": "tyobuku" },
                        {
                            "all_of": [
                                {"test": "is_owner", "subject": "other", "value": false},
                                {"test": "is_family", "subject": "other", "value": "player"},
                                {"test": "is_game_rule", "domain": "pvp", "value": true}
                            ]
                        },
                        {
                            "all_of": [
                                {"test": "is_family", "subject": "other", "operator": "not", "value": "player"},
                                { "test": "is_family", "subject": "other", "operator": "not", "value": "tokusa_shikigami" }
                            ]
                        }
                    ]
                }
            },
            "priority": 3
        },
        "minecraft:behavior.owner_hurt_target": {
            "entity_types": {
                "filters": {
                    "any_of": [
                        { "test": "has_tag", "subject": "other", "value": "tyobuku" },
                        {
                            "all_of": [
                                {"test": "is_owner", "subject": "other", "value": false},
                                {"test": "is_family", "subject": "other", "value": "player"},
                                {"test": "is_game_rule", "domain": "pvp", "value": true}
                            ]
                        },
                        {
                            "all_of": [
                                {"test": "is_family", "subject": "other", "operator": "not", "value": "player"},
                                { "test": "is_family", "subject": "other", "operator": "not", "value": "tokusa_shikigami" }
                            ]
                        }
                    ]
                }
            },
            "priority": 2
        }
      },
      "target3": {
        "minecraft:timer": {
            "time": [5,10],
            "looping": true,
            "time_down_event": {
                "event": "levitation"
            }
        },
        "minecraft:variant": {
          "value": 1
        },
        "minecraft:behavior.swoop_attack": {
          "priority": 2,
          "damage_reach": 0.5,
          "speed_multiplier": 2,
          "delay_range": [ 0.0, 1.0 ]
        },
        "minecraft:behavior.circle_around_anchor": {
          "priority": 3,
          "radius_change": 1.0,
          "radius_adjustment_chance": 0.004,
          "height_adjustment_chance": 0.002857,
          "goal_radius": 1.0,
          "angle_change": 15.0,
          "radius_range": [ 5.0, 15.0 ],
          "height_offset_range": [ -2.0, 2.0 ],
          "height_above_target_range": [ 10.0, 15.0 ]
        },
        "minecraft:movement": {
          "value": 2
        },
        "minecraft:movement.glide": {
          "start_speed": 0.75,
          "max_turn": 80,
          "speed_when_turning": 1
        },
        "minecraft:physics": {
          "has_gravity": false
        },
        "minecraft:behavior.follow_owner": {
            "can_teleport": false,
            "max_distance": 0,
            "start_distance": 0,
            "stop_distance": 0,
            "priority": 10
        }
      },
      "target": {
        "minecraft:timer": {
            "time": [5,10],
            "looping": true,
            "time_down_event": {
                "event": "levitation"
            }
        },
        "minecraft:variant": {
          "value": 1
        },
        "minecraft:behavior.swoop_attack": {
          "priority": 2,
          "damage_reach": 0.2,
          "speed_multiplier": 2,
          "delay_range": [ 0.0, 1.0 ]
        },
        "minecraft:behavior.circle_around_anchor": {
          "priority": 3,
          "radius_change": 1.0,
          "radius_adjustment_chance": 0.004,
          "height_adjustment_chance": 0.002857,
          "goal_radius": 1.0,
          "angle_change": 15.0,
          "radius_range": [ 5.0, 15.0 ],
          "height_offset_range": [ -2.0, 2.0 ],
          "height_above_target_range": [ 10.0, 15.0 ]
        },
        "minecraft:movement": {
          "value": 1.8
        },
        "minecraft:movement.glide": {
          "start_speed": 0.45,
          "max_turn": 80,
          "speed_when_turning": 1
        },
        "minecraft:physics": {
          "has_gravity": false
        },
        "minecraft:behavior.follow_owner": {
            "can_teleport": false,
            "max_distance": 0,
            "start_distance": 0,
            "stop_distance": 0,
            "priority": 10
        }
      },
      "target2": {
        "minecraft:variant": {
            "value": 0
        },
        "minecraft:movement.basic": {},
        "minecraft:jump.static": {
        },
        "minecraft:behavior.melee_attack": {
            "priority": 5
        },
        "minecraft:movement": {
            "value": 0.35
        },
        "minecraft:physics": {
          "has_gravity": true
        },
        "minecraft:behavior.random_stroll": {
            "priority": 8
        },
        "minecraft:underwater_movement": {
          "value": 0.1
        },
        "minecraft:navigation.walk": {
            "is_amphibious": true,
            "can_sink": false,
            "can_swim": true,
            "can_walk": true,
            "can_open_doors": true,
            "can_pass_doors": true,
            "avoid_portals": true,
            "avoid_damage_blocks": true,
            "can_path_over_water": true
        },
        "minecraft:behavior.follow_owner": {
            "start_distance": 10,
            "stop_distance": 2,
            "priority": 4
        }
      },
      "despawn": {
          "minecraft:timer": {
              "time": 0.0,
              "looping": false,
              "time_down_event": {
                  "event": "despawn_"
              }
          }
      },
      "despawn_": {
          "minecraft:instant_despawn": {
          }
      }
    },
    "components": {
      "minecraft:behavior.follow_owner": {
          "start_distance": 10,
          "stop_distance": 2,
          "priority": 4
      },
      "minecraft:on_target_acquired": {
          "event": "target"
      },
      "minecraft:on_target_escape": {
          "event": "target2"
      },
      "minecraft:can_fly": {
      },
      "minecraft:boss": {
          "hud_range": 5,
          "name": "entity.rai:nue.name"
      },
      "minecraft:collision_box": {
          "width": 1,
          "height": 1.5
      },
      "minecraft:health": {
          "value": 70,
          "max": 70
      },
      "minecraft:attack": {
          "damage": 5
      },
      "minecraft:is_tamed": {},
      "minecraft:damage_sensor": {
          "triggers": [
              {
                  "on_damage": {
                      "filters": {
                          "test": "has_damage",
                          "value": "fall"
                      }
                  },
                  "deals_damage": false
              },
              {
                  "on_damage": {
                      "filters": {
                          "test": "is_family",
                          "subject": "damager",
                          "value": "no_damage"
                      }
                  },
                  "deals_damage": false
              },
              {
                  "on_damage": {
                      "filters": {
                          "all_of": [
                              {
                                  "test": "has_tag",
                                  "operator": "not",
                                  "value": "no_tyobuku"
                              },
                              {
                                  "test": "has_tag",
                                  "value": "tyobuku"
                              },
                              {
                                  "test": "is_owner",
                                  "subject": "other",
                                  "value": false
                              }
                          ]
                      },
                      "event": "no_tyobuku"
                  }
              }
          ]
      },
      "minecraft:environment_sensor": {
        "triggers": [
            {
                "event": "levitation2",
                "filters": {
                    "test": "has_mob_effect",
                    "value": "slowness"
                }
            }
        ]
      },
      "minecraft:behavior.float": {
          "priority": 0
      },
      "minecraft:follow_range": {
          "value": 128
      },
      "minecraft:type_family": {
          "family": [
              "jujutsu_kaisen",
              "nue_gama",
              "nue",
              "tokusa_shikigami",
              "shikigami",
              "mob"
          ]
      },
      "minecraft:nameable": {
          "allow_name_tag_renaming": false,
          "always_show": false
      },
      "minecraft:pushable": {
          "is_pushable": true,
          "is_pushable_by_piston": true
      },
      "minecraft:knockback_resistance": {
        "value": 1
      }
    },
    "events": {
      "fushiguro": {
          "run_command": {
              "command": [
                  "function entity/tokusa/shikigami_destroy",
                  "scoreboard players random @s despawn 150 200",
                  "tag @s add fushiguro_shikigami",
                  "tag @s add tokusa_shikigami"
              ]
          },
          "add": {
              "component_groups": [
                  "fushiguro"
              ]
          }
      },
      "fushiguro_player": {
          "run_command": {
              "command": [
                  "function entity/tokusa/shikigami_destroy",
                  "scoreboard players random @s despawn 150 200",
                  "tag @s add fushiguro_shikigami",
                  "tag @s add tokusa_shikigami"
              ]
          },
          "add": {
              "component_groups": [
                  "fushiguro",
                  "player"
              ]
          }
      },
      "target": {
        "sequence": [
            {
                "run_command": {
                    "command": [
                        "scoreboard players remove @s juryoku_lv 0"
                    ]
                },
                "remove": {
                    "component_groups": [
                        "target2"
                    ]
                }
            },
            {
                "filters": {
                    "test": "has_tag",
                    "operator": "not",
                    "value": "kango_aneitei"
                },
                "add": {
                    "component_groups": [
                        "target"
                    ]
                }
            },
            {
                "filters": {
                    "test": "has_tag",
                    "value": "kango_aneitei"
                },
                "add": {
                    "component_groups": [
                        "target3"
                    ]
                }
            }
        ]
      },
      "target2": {
          "add": {
              "component_groups": [
                  "target2"
              ]
          },
          "remove": {
              "component_groups": [
                  "target",
                  "target3"
              ]
          }
      },
      "up": {
          "add": {
              "component_groups": [
                  "up"
              ]
          }
      },
      "levitation": {
        "sequence": [
            {
                "filters": {
                    "test": "on_ground"
                },
                "add": {
                    "component_groups": [
                        "levitation"
                    ]
                }
            },
            {
                "filters": {
                    "test": "on_ground",
                    "value": false
                },
                "add": {
                    "component_groups": [
                        "levitation2"
                    ]
                }
            }
        ]
      },
      "levitation2": {
          "add": {
              "component_groups": [
                  "levitation2"
              ]
          }
      },
      "PlayerName_tokusa_start": {
          "run_command": {
              "command": [
                  "function entity/tokusa/shikigami_destroy",
                  "tag @s add nue"
              ]
          },
          "add": {
              "component_groups": [
                  "target2",
                  "tame"
              ]
          }
      },
      "PlayerName_tokusa_kango_aneitei": {
          "run_command": {
              "command": [
                  "function entity/tokusa/shikigami_destroy",
                  "tag @s add nue"
              ]
          },
          "add": {
              "component_groups": [
                "target2",
                "tame",
                "kango_aneitei"
              ]
          }
      },
      "PlayerName_tokusa_ride": {
          "run_command": {
              "command": [
                  "effect @s slow_falling 100000 255 true",
                  "function entity/tokusa/shikigami_destroy",
                  "tag @s add nue",
                  "tag @s add ride"
              ]
          },
          "add": {
              "component_groups": [
                  "ride",
                  "scale"
              ]
          }
      },
      "ride2": {
          "add": {
              "component_groups": [
                  "ride2",
                  "scale"
              ]
          },
          "remove": {
              "component_groups": [
                  "can_fly"
              ]
          },
          "run_command": {
              "command": [
                  "effect @s levitation 0"
              ]
          }
      },
      "PlayerName_tokusa_tyobuku": {
          "run_command": {
              "command": [
                  "function entity/tokusa/shikigami_destroy",
                  "tag @s add tyobuku",
                  "tag @s add nue"
              ]
          },
          "add": {
              "component_groups": [
                  "target2",
                  "tyobuku"
              ]
          }
      },
      "no_tyobuku": {
          "run_command": {
              "command": [
                  "tag @s add no_tyobuku"
              ]
          }
      },
      "died": {
      },
      "kill": {
          "add": {
              "component_groups": [
                  "despawn"
              ]
          }
      },
      "despawn2": {
          "run_command": {
              "command": [
                  "function entity/tokusa/shikigami_destroy"
              ]
          },
          "add": {
              "component_groups": [
                  "despawn"
              ]
          }
      },
      "despawn": {
          "add": {
              "component_groups": [
                  "despawn"
              ]
          }
      },
      "despawn_": {
          "add": {
              "component_groups": [
                  "despawn_"
              ]
          }
      }
    }
  }
}