{
  "format_version": "1.19.60",
  "minecraft:entity": {
    "description": {
      "identifier": "rai:orochi",
      "is_spawnable": false,
      "is_summonable": false,
      "is_experimental": false,
      "scripts": {
          "animate": [
            "died",
            {"died2":"q.is_sheared"},
            {"has_rider":"q.mark_variant == 1"}
          ]
      },
      "animations": {
          "died": "controller.animation.died",
          "died2": "controller.animation.health1000_died",
          "has_rider": "controller.animation.has_rider"
      }
    },
    "component_groups": {
      "fushiguro": {
          "minecraft:type_family": {
              "family": [
                  "school_team",
                  "jujutsu_kaisen",
                  "orochi",
                  "tokusa_shikigami",
                  "shikigami",
                  "mob"
              ]
          },
          "minecraft:behavior.nearest_attackable_target": {
           "priority": 1,
           "within_radius": 35,
           "reselect_targets": true,
           "entity_types": [
             {
               "filters": {
                  "any_of": [
                      { "test": "is_family", "subject": "other", "value": "jurei" },
                      { "test": "is_family", "subject": "other", "value": "jusoshi" },
                      { "test": "has_tag", "subject": "other", "value": "jurei" },
                      { "test": "has_tag", "subject": "other", "value": "jusoshi" }
                  ]
               },
               "max_dist": 25
             }
           ]
         }
      },
      "player": {
          "minecraft:behavior.nearest_attackable_target": {
           "priority": 1,
           "within_radius": 35,
           "reselect_targets": true,
           "entity_types": [
             {
               "filters": {
                  "test": "is_family", "subject": "other", "value": "player"
               },
               "max_dist": 25
             }
           ]
         }
      },
      "kango_aneitei": {
          "minecraft:boss": {
              "hud_range": 0
          },
          "minecraft:is_sheared": {},
          "minecraft:health": {
              "value": 1020,
              "max": 1020
          }
      },
      "tyobuku": {
        "minecraft:movement": {
            "value": 0.35
        },
        "minecraft:movement.basic": {},
        "minecraft:jump.static": {
        },
        "minecraft:attack": {
            "damage": 3
        },
        "minecraft:behavior.melee_attack": {
            "priority": 2
        },
        "minecraft:behavior.random_stroll": {
            "priority": 3
        },
        "minecraft:underwater_movement": {
          "value": 0.1
        },
        "minecraft:navigation.walk": {
            "is_amphibious": true,
            "can_sink": false,
            "can_swim": true,
            "can_walk": true,
            "can_open_doors": true,
            "can_pass_doors": true,
            "avoid_portals": true,
            "avoid_damage_blocks": true,
            "can_path_over_water": true
        },
        "minecraft:behavior.nearest_attackable_target": {
         "priority": 1,
         "within_radius": 64,
         "attack_owner": true,
         "reselect_targets": true,
         "entity_types": [
           {
             "filters": {
                "test": "is_family", "subject": "other", "value": "player"
             },
             "max_dist": 128
           }
         ]
       }
      },
      "orochi_kamitsuki": {
        "minecraft:timer": {
            "time": 0.35,
            "looping": false,
            "time_down_event": {
                "event": "orochi_ride",
                "target": "self"
            }
        },
        "minecraft:pushable": {
            "is_pushable": false,
            "is_pushable_by_piston": false
        },
        "minecraft:health": {
            "value": 30,
            "max": 30
        },
        "minecraft:variant": {
            "value": 1
        },
        "minecraft:collision_box": {
            "width": 0.5,
            "height": 7
        },
        "minecraft:knockback_resistance": {
            "value": 1
        }
      },
      "no_ride": {
        "minecraft:mark_variant": {
            "value": 0
        },
        "minecraft:rideable": {
          "seat_count": 0
        }
      },
      "orochi_ride": {
        "minecraft:rideable": {
          "seat_count": 1,
          "seats": [
            {
              "position": [ 0.0, 7, 0.0 ],
              "min_rider_count": 0,
              "max_rider_count": 0,
              "rotate_rider_by": 0,
              "lock_rider_rotation": 0
            }
          ]
        },
        "minecraft:timer": {
            "time": 0.0,
            "looping": false,
            "time_down_event": {
                "event": "orochi_ride2",
                "target": "self"
            }
        }
      },
      "orochi_ride2": {
        "minecraft:timer": {
            "time": 0.1,
            "looping": false,
            "time_down_event": {
                "event": "orochi_ride3",
                "target": "self"
            }
        }
      },
      "despawn_timer": {
        "minecraft:mark_variant": {
            "value": 1
        },
        "minecraft:timer": {
            "time": 10,
            "looping": true,
            "time_down_event": {
                "event": "despawn",
                "target": "self"
            }
        }
      },
      "despawn": {
          "minecraft:timer": {
              "time": 0.0,
              "looping": false,
              "time_down_event": {
                  "event": "despawn_"
              }
          }
      },
      "despawn_": {
          "minecraft:instant_despawn": {
          }
      }
    },
    "components": {
      "minecraft:boss": {
          "hud_range": 5,
          "name": "entity.rai:orochi.name"
      },
      "minecraft:collision_box": {
          "width": 0.8,
          "height": 1
      },
      "minecraft:health": {
          "value": 70,
          "max": 70
      },
      "minecraft:is_tamed": {},
      "minecraft:damage_sensor": {
          "triggers": [
              {
                  "on_damage": {
                      "filters": {
                          "test": "has_damage",
                          "value": "fall"
                      }
                  },
                  "deals_damage": false
              },
              {
                  "on_damage": {
                      "filters": {
                          "test": "is_family",
                          "subject": "damager",
                          "value": "no_damage"
                      }
                  },
                  "deals_damage": false
              },
              {
                  "on_damage": {
                      "filters": {
                          "all_of": [
                              {
                                  "test": "has_tag",
                                  "operator": "not",
                                  "value": "no_tyobuku"
                              },
                              {
                                  "test": "has_tag",
                                  "value": "tyobuku"
                              },
                              {
                                  "test": "is_owner",
                                  "subject": "other",
                                  "value": false
                              }
                          ]
                      },
                      "event": "no_tyobuku"
                  }
              }
          ]
      },
      "minecraft:behavior.float": {
          "priority": 0
      },
      "minecraft:follow_range": {
          "value": 32
      },
      "minecraft:type_family": {
          "family": [
              "jujutsu_kaisen",
              "orochi",
              "tokusa_shikigami",
              "shikigami",
              "mob"
          ]
      },
      "minecraft:nameable": {
          "allow_name_tag_renaming": false,
          "always_show": false
      },
      "minecraft:physics": {},
      "minecraft:pushable": {
          "is_pushable": true,
          "is_pushable_by_piston": true
      }
    },
    "events": {
      "fushiguro": {
          "run_command": {
              "command": [
                  "function entity/tokusa/shikigami_destroy",
                  "tag @s add fushiguro_shikigami",
                  "tag @s add tokusa_shikigami"
              ]
          },
          "add": {
              "component_groups": [
                  "fushiguro",
                  "orochi_kamitsuki"
              ]
          }
      },
      "fushiguro_player": {
          "run_command": {
              "command": [
                  "function entity/tokusa/shikigami_destroy",
                  "tag @s add fushiguro_shikigami",
                  "tag @s add fushiguro_shikigami_player"
              ]
          },
          "add": {
              "component_groups": [
                  "fushiguro",
                  "player",
                  "orochi_kamitsuki"
              ]
          }
      },
      "kango_aneitei": {
          "add": {
              "component_groups": [
                  "kango_aneitei"
              ]
          }
      },
      "PlayerName_tokusa_start": {
          "run_command": {
              "command": [
                  "function entity/tokusa/shikigami_destroy",
                  "tag @s add orochi"
              ]
          },
          "add": {
              "component_groups": [
                  "orochi_kamitsuki"
              ]
          }
      },
      "PlayerName_tokusa_tyobuku": {
          "run_command": {
              "command": [
                  "function entity/tokusa/shikigami_destroy",
                  "tag @s add tyobuku",
                  "tag @s add orochi"
              ]
          },
          "add": {
              "component_groups": [
                  "tyobuku"
              ]
          }
      },
      "no_tyobuku": {
          "run_command": {
              "command": [
                  "tag @s add no_tyobuku"
              ]
          }
      },
      "no_has_rider": {
          "add": {
              "component_groups": [
                  "no_ride"
              ]
          }
      },
      "died": {
      },
      "kill": {
          "add": {
              "component_groups": [
                  "despawn"
              ]
          }
      },
      "orochi_ride": {
        "add": {
            "component_groups": [
                "orochi_ride"
            ]
        }
      },
      "orochi_ride2": {
        "add": {
            "component_groups": [
                "orochi_ride2"
            ]
        }
      },
      "orochi_ride3": {
        "sequence": [
            {
                "add": {
                    "component_groups": [
                        "despawn_timer"
                    ]
                }
            },
            {
                "filters": {
                    "test": "rider_count",
                    "value": 0
                },
                "add": {
                    "component_groups": [
                        "no_ride"
                    ]
                }
            }
        ]
      },
      "despawn": {
          "add": {
              "component_groups": [
                  "despawn"
              ]
          }
      },
      "despawn_": {
          "add": {
              "component_groups": [
                  "despawn_"
              ]
          }
      }
    }
  }
}