{
	"format_version": "1.19.50",
	"minecraft:item": {
		"description": {
			"identifier": "rai_weapon:tozama",
            "category": "Equipment"
		},
        "components": {
            "minecraft:enchantable": {
              "value": 1,
              "slot": "sword"
            },
            "tag:jugu": {},
            "minecraft:on_use":{
                "on_use": {
                    "condition": "q.scoreboard('cooltime') <= 0",
                    "event": "tozama"
                }
            },
            "minecraft:durability": {
				"max_durability": 150
			},
            "minecraft:damage": 3,
            "minecraft:weapon": {
                "on_hurt_entity": {
                    "event": "on_attack"
                }
            },
            "minecraft:creative_category": {
                "parent": "itemGroup.name.jujutsu"
            },
            "minecraft:icon": {
                "texture": "tozama"
            },
            "minecraft:max_stack_size": 1,
            "minecraft:hand_equipped": true,
            "minecraft:can_destroy_in_creative": false
        },
        "events": {
            "tozama": {
                "run_command": {
                    "command": [
                        "execute as @s[tag=!cooltime] run function items/tozama"
                    ]
                },
                "damage": {
                    "type": "magic",
                    "amount": 1
                }
            },
            "on_attack": {
                "damage": {
                    "type": "magic",
                    "amount": 1
                }
            }
        }
	}
}