{
	"format_version": "1.13.0",
	"minecraft:entity": {
		"description": {
			"identifier": "jjk:curse",
			"is_spawnable": true,
			"is_summonable": true,
			"is_experimental": false,
			"scripts": {
				"animate": [
					"bridge_execute_commands"
				]
			},
			"animations": {
				"bridge_execute_commands": "controller.animation.bridge_curse.execute_commands"
			}
		},
		"component_groups": {
			"jjk:curse_adult": {
				"minecraft:movement": {
					"value": 0.4
				},
				"minecraft:rideable": {
					"seat_count": 1,
					"family_types": [
						"curse"
					],
					"seats": {
						"position": [
							0,
							1.1,
							-0.35
						],
						"lock_rider_rotation": 0
					}
				},
				"minecraft:behavior.mount_pathing": {
					"priority": 2,
					"speed_multiplier": 1.25,
					"target_dist": 0,
					"track_target": true
				}
			},
			"bridge:execute_command_id_1": {
				"minecraft:skin_id": {
					"value": 1
				}
			},
			"bridge:execute_no_command": {
				"minecraft:skin_id": {
					"value": 0
				}
			}
		},
		"components": {
			"minecraft:nameable": {},
			"minecraft:type_family": {
				"family": [
					"enemy"
				]
			},
			"minecraft:collision_box": {
				"width": 0.6,
				"height": 1.9
			},
			"minecraft:movement.basic": {},
			"minecraft:navigation.walk": {
				"is_amphibious": true,
				"can_pass_doors": true,
				"can_walk": true,
				"can_break_doors": true
			},
			"minecraft:annotation.break_door": {},
			"minecraft:jump.static": {},
			"minecraft:can_climb": {},
			"minecraft:health": {
				"value": 20,
				"max": 20
			},
			"minecraft:hurt_on_condition": {
				"damage_conditions": [
					{
						"filters": {
							"test": "in_lava",
							"subject": "self",
							"operator": "==",
							"value": true
						},
						"cause": "lava",
						"damage_per_tick": 4
					}
				]
			},
			"minecraft:breathable": {
				"total_supply": 15,
				"suffocate_time": 0,
				"breathes_air": true,
				"breathes_water": true
			},
			"minecraft:attack": {
				"damage": 5
			},
			"minecraft:loot": {
				"table": "loot_tables/entities/curse.json"
			},
			"minecraft:behavior.melee_attack": {
				"priority": 3,
				"speed_multiplier": 1,
				"track_target": false
			},
			"minecraft:behavior.move_towards_restriction": {
				"priority": 5,
				"speed_multiplier": 1
			},
			"minecraft:behavior.random_stroll": {
				"priority": 6,
				"speed_multiplier": 1
			},
			"minecraft:behavior.look_at_player": {
				"priority": 7,
				"look_distance": 6,
				"probability": 0.02
			},
			"minecraft:behavior.random_look_around": {
				"priority": 7
			},
			"minecraft:behavior.hurt_by_target": {
				"priority": 1
			},
			"minecraft:behavior.nearest_attackable_target": {
				"priority": 2,
				"within_radius": 25,
				"reselect_targets": true,
				"entity_types": [
					{
						"filters": {
							"any_of": [
								{
									"test": "is_family",
									"subject": "other",
									"value": "player"
								},
								{
									"test": "is_family",
									"subject": "other",
									"value": "sorcerer"
								},
								{
									"test": "is_family",
									"subject": "other",
									"value": "irongolem"
								}
							]
						},
						"max_dist": 35
					},
					{
						"filters": {
							"any_of": [
								{
									"test": "is_family",
									"subject": "other",
									"value": "villager"
								},
								{
									"test": "is_family",
									"subject": "other",
									"value": "wandering_trader"
								}
							]
						},
						"max_dist": 35,
						"must_see": false
					}
				],
				"must_see": true,
				"must_see_forget_duration": 17
			},
			"minecraft:physics": {},
			"minecraft:pushable": {
				"is_pushable": true,
				"is_pushable_by_piston": true
			},
			"minecraft:on_death": {
				"event": "exp"
			}
		},
		"events": {
			"minecraft:entity_spawned": {
				"randomize": [
					{
						"weight": 380,
						"remove": {},
						"add": {
							"component_groups": [
								"jjk:curse_adult"
							]
						}
					},
					{
						"weight": 17,
						"remove": {},
						"add": {
							"component_groups": [
								"jjk:curse_baby"
							]
						}
					},
					{
						"weight": 3,
						"remove": {},
						"add": {
							"component_groups": [
								"jjk:curse_baby",
								"jjk:curse_jockey"
							]
						}
					}
				]
			},
			"jjk:as_adult": {
				"add": {
					"component_groups": [
						"jjk:curse_adult"
					]
				}
			},
			"jjk:as_baby": {
				"add": {
					"component_groups": [
						"jjk:curse_baby"
					]
				}
			},
			"exp": {
				"add": {
					"component_groups": [
						"bridge:execute_command_id_1"
					]
				}
			},
			"bridge:remove_command_id_1": {
				"add": {
					"component_groups": [
						"bridge:execute_no_command"
					]
				},
				"remove": {
					"component_groups": [
						"bridge:execute_command_id_1"
					]
				}
			}
		}
	}
}