{"format_version":"1.10.0","minecraft:client_entity":{"description":{"identifier":"yg:missile","materials":{"default":"witch"},"textures":{"default":"textures/entity/projectiles/yg_missile"},"geometry":{"default":"geometry.yg_missile"},"scripts":{"animate":["spin",{"east":"variable.is_facing_east"},{"north":"variable.is_facing_north"},{"south":"variable.is_facing_south"},{"west":"variable.is_facing_west"}],"pre_animation":["variable.random = math.round(math.random(0,2));","variable.entity_cardinal_direction = math.round(query.body_y_rotation / 90.0) * 90.0;","variable.is_facing_south = variable.entity_cardinal_direction == 0.0 || variable.entity_cardinal_direction == 360.0;","variable.is_facing_west = variable.entity_cardinal_direction == 90.0;","variable.is_facing_north = variable.entity_cardinal_direction == 180.0;","variable.is_facing_east = variable.entity_cardinal_direction == 270.0;"],"scale":"2"},"animations":{"east":"animation.yg_bullet.east","north":"animation.yg_bullet.north","south":"animation.yg_bullet.south","west":"animation.yg_bullet.west","use":"controller.animation.yg_bullet.use","spin":"controller.animation.yg_bullet.spin"},"render_controllers":["controller.render.witch"],"spawn_egg":{"base_color":"#EA9A51","overlay_color":"#FF0909"}}}}