{
  "format_version": "1.10.0",
  "animations": {
    "animation.yd_doombriger_sword.first_person": {
      "loop": true,
      "bones": {
        "rightitem": {
          "position": [
            -5,
            35,
            -5.5
          ],
          "rotation": [
            0,
            0,
            180
          ]
        }
      }
    },
    "animation.yd_doombriger_sword.third_person": {
      "loop": true,
      "bones": {
        "rightitem": {
          "position": [
            0,
            22,
            5
          ],
          "rotation": [
            90,
            0,
            90
          ]
        }
      }
    },
    "animation.yd_doombriger_sword.new": {
      "loop": true,
      "bones": {
        "RightArm": {
          "rotation": [
            -18.56894,
            58.55623,
            -65.33544
          ],
          "position": [
            0,
            12,
            4
          ]
        }
      }
    }
  }
}