{
  "format_version": "1.10.0",
  "animations": {
    "animation.yd_doombriger_scythe_v1.first_person": {
      "loop": true,
      "bones": {
        "rightitem": {
          "position": [
            -5,
            35,
            -5.5
          ],
          "rotation": [
            0,
            0,
            180
          ]
        }
      }
    },
    "animation.yd_doombriger_scythe_v1.third_person": {
      "loop": true,
      "bones": {
        "rightitem": {
          "position": [
            0,
            22,
            5
          ],
          "rotation": [
            90,
            0,
            90
          ]
        }
      }
    },
    "animation.yd_doombriger_scythe_v1.new": {
      "loop": true,
      "bones": {
        "group": {
          "scale": 0.8
        }
      }
    },
    "animation.yd_doombriger_scythe_v1.new_1": {
      "loop": true,
      "bones": {
        "group": {
          "scale": 0.8
        }
      }
    },
    "animation.yd_doombriger_scythe_v1.new_2": {
      "loop": true,
      "bones": {
        "Aspect": {
          "rotation": [
            58.10476,
            18.58814,
            -39.1082
          ],
          "position": [
            -2,
            5,
            4
          ],
          "scale": 1.1
        },
        "group": {
          "position": [
            0,
            0,
            -0.5
          ],
          "scale": [
            0.9,
            0.8,
            0.8
          ]
        }
      }
    }
  }
}