{
  "format_version": "1.10.0",
  "animations": {
    "animation.yd_doombriger_axe.first_person": {
      "loop": true,
      "bones": {
        "rightitem": {
          "position": [
            -5,
            35,
            -5.5
          ],
          "rotation": [
            0,
            0,
            180
          ]
        }
      }
    },
    "animation.yd_doombriger_axe.third_person": {
      "loop": true,
      "bones": {
        "rightitem": {
          "position": [
            0,
            22,
            5
          ],
          "rotation": [
            90,
            0,
            90
          ]
        }
      }
    },
    "animation.yd_doombriger_axe.first_person_hold": {
      "loop": true,
      "bones": {
        "root_item2": {
          "rotation": [
            93.42887,
            -62.57896,
            -218.72813
          ],
          "position": [
            6.5,
            10.5,
            1.5
          ]
        }
      }
    },
    "animation.yd_doombriger_axe.third_person_hold": {
      "loop": true,
      "bones": {
        "root_item2": {
          "rotation": [
            90,
            0,
            0
          ],
          "position": [
            8,
            20.5,
            -18
          ],
          "scale": 1.3
        }
      }
    }
  }
}