{
    "format_version": "1.8.0",
    "minecraft:client_entity": {
        "description": {
            "identifier": "mdz:liaz",
            "materials": {
                "default": "liaz"
            },
            "textures": {
                "color1": "textures/liaz/entity/color1",
                "color2": "textures/liaz/entity/color2",
                "color3": "textures/liaz/entity/color3",
                "color4": "textures/liaz/entity/color4",
                "color5": "textures/liaz/entity/color5"
            },
            "geometry": {
                "default": "geometry.liaz"
            },
            "animations": {
                "turning": "animation.liaz.turning",
                "drive": "animation.liaz.drive",
				"up": "animation.liaz.up",
				"down": "animation.liaz.down"
            },
            "animation_controllers": [
                {
                    "main": "controller.animation.liaz"
                },
                {
                    "block": "controller.animation.liaz.block"
    			}
            ],
            "render_controllers": [
                "controller.render.liaz"
            ],
            "spawn_egg": {
                "texture": "mdz:liaz",
                "texture_index": 0
            }
        }
    }
}