{
	"format_version": "1.8.0",
	"animations": {
	"animation.shield_equip": {
		"animation_length": 1.0,
		"loop" : false,
		"timeline" :{
		"0.1" : "/event entity @s ic:shield_equipped"
		}
	  },
	"animation.titan.retreat": {
		"animation_length": 1.0,
		"loop" : false,
		"timeline" :{
		"0.1" : "/event entity @s ic:retreat"
		}
	  },
	  "animation.retreat": {
		"animation_length": 1.0,
		"loop" : false,
		"timeline" :{
		"0.1" : "/event entity @s ic:retreat"
		}
	  },
	"animation.flush": {
		"animation_length": 5.0,
		"loop" : false,
		"timeline" :{
		"0.01" : "/playanimation @s animation.skibidi.flushed",
		"0.02" : "/effect @s slowness 8 255 true",
		"3.7" : "/event entity @s ic:despawn"
		}
	  } ,
	"animation.retreat3": {
		"animation_length": 1.0,
		"loop" : false,
		"timeline" :{
		"0.1" : "/event entity @s ic:retreat"
		}
	  }
  }
}