{
	"format_version": "1.12.0",
	"minecraft:geometry": [
		{
			"description": {
				"identifier": "geometry.xj6",
				"texture_width": 64,
				"texture_height": 64,
				"visible_bounds_width": 6,
				"visible_bounds_height": 4.5,
				"visible_bounds_offset": [0, 1.75, 0]
			},
			"bones": [
				{
					"name": "Xj6",
					"pivot": [0, -3, 0],
					"rotation": [0, 180, 0]
				},
				{
					"name": "chassi",
					"parent": "Xj6",
					"pivot": [0, -3, 0],
					"cubes": [
						{
							"origin": [-4, 20, 0],
							"size": [8, 3, 8],
							"pivot": [0, 23, 0],
							"rotation": [45, 0, 0],
							"uv": {
								"north": {"uv": [33, 15], "uv_size": [14, -14]},
								"east": {"uv": [33, 15], "uv_size": [14, -14]},
								"south": {"uv": [33, 15], "uv_size": [14, -14]},
								"west": {"uv": [33, 15], "uv_size": [14, -14]},
								"up": {"uv": [47, 1], "uv_size": [-14, 14]},
								"down": {"uv": [47, 1], "uv_size": [-14, 14]}
							}
						},
						{
							"origin": [-4, 17.82843, 2],
							"size": [8, 3, 7],
							"pivot": [4, 21, 2],
							"rotation": [45, 0, 0],
							"uv": {
								"north": {"uv": [33, 15], "uv_size": [14, -14]},
								"east": {"uv": [33, 15], "uv_size": [14, -14]},
								"south": {"uv": [33, 15], "uv_size": [14, -14]},
								"west": {"uv": [33, 15], "uv_size": [14, -14]},
								"up": {"uv": [47, 1], "uv_size": [-14, 14]},
								"down": {"uv": [47, 1], "uv_size": [-14, 14]}
							}
						},
						{
							"origin": [-4, 20.36396, 5.87868],
							"size": [8, 3, 7],
							"pivot": [4, 20, 6],
							"rotation": [22.5, 0, 0],
							"uv": {
								"north": {"uv": [33, 15], "uv_size": [14, -14]},
								"east": {"uv": [33, 15], "uv_size": [14, -14]},
								"south": {"uv": [33, 15], "uv_size": [14, -14]},
								"west": {"uv": [33, 15], "uv_size": [14, -14]},
								"up": {"uv": [47, 1], "uv_size": [-14, 14]},
								"down": {"uv": [47, 1], "uv_size": [-14, 14]}
							}
						},
						{
							"origin": [-4, 14.36396, 5.87868],
							"size": [8, 5, 9],
							"pivot": [4, 20, 6],
							"rotation": [22.5, 0, 0],
							"uv": {
								"north": {"uv": [49, 15], "uv_size": [14, -14]},
								"east": {"uv": [49, 15], "uv_size": [14, -14]},
								"south": {"uv": [49, 15], "uv_size": [14, -14]},
								"west": {"uv": [49, 15], "uv_size": [14, -14]},
								"up": {"uv": [63, 1], "uv_size": [-14, 14]},
								"down": {"uv": [63, 1], "uv_size": [-14, 14]}
							}
						},
						{
							"origin": [-3, 19.36396, 3.87868],
							"size": [6, 1, 11],
							"pivot": [4, 20, 6],
							"rotation": [22.5, 0, 0],
							"uv": {
								"north": {"uv": [49, 31], "uv_size": [14, -14]},
								"east": {"uv": [49, 31], "uv_size": [14, -14]},
								"south": {"uv": [49, 31], "uv_size": [14, -14]},
								"west": {"uv": [49, 31], "uv_size": [14, -14]},
								"up": {"uv": [63, 17], "uv_size": [-14, 14]},
								"down": {"uv": [63, 17], "uv_size": [-14, 14]}
							}
						},
						{
							"origin": [-5.1, 22.7845, 5.81149],
							"size": [10.2, 5, 10],
							"pivot": [0, 27, 13],
							"rotation": [-7.5, 0, 0],
							"uv": {
								"north": {"uv": [33, 15], "uv_size": [14, -14]},
								"east": {"uv": [33, 15], "uv_size": [14, -14]},
								"south": {"uv": [33, 15], "uv_size": [14, -14]},
								"west": {"uv": [33, 15], "uv_size": [14, -14]},
								"up": {"uv": [47, 1], "uv_size": [-14, 14]},
								"down": {"uv": [47, 1], "uv_size": [-14, 14]}
							}
						},
						{
							"origin": [-1.1, 27.85, 10.81149],
							"size": [2.2, 0, 2],
							"pivot": [0, 27, 13],
							"rotation": [-7.5, 0, 0],
							"uv": {
								"north": {"uv": [12, 31], "uv_size": [14, -14]},
								"east": {"uv": [12, 31], "uv_size": [14, -14]},
								"south": {"uv": [12, 31], "uv_size": [14, -14]},
								"west": {"uv": [12, 31], "uv_size": [14, -14]},
								"up": {"uv": [47, 17], "uv_size": [-14, 14]},
								"down": {"uv": [26, 17], "uv_size": [-14, 14]}
							}
						},
						{
							"origin": [-1.2, 27.83, 10.7],
							"size": [2.4, 0, 2.2],
							"pivot": [0, 27, 13],
							"rotation": [-7.5, 0, 0],
							"uv": {
								"north": {"uv": [12, 31], "uv_size": [14, -14]},
								"east": {"uv": [12, 31], "uv_size": [14, -14]},
								"south": {"uv": [12, 31], "uv_size": [14, -14]},
								"west": {"uv": [12, 31], "uv_size": [14, -14]},
								"up": {"uv": [63, 17], "uv_size": [-14, 14]},
								"down": {"uv": [26, 17], "uv_size": [-14, 14]}
							}
						},
						{
							"origin": [-5.15, 23.7845, 9.81149],
							"size": [0, 3, 3],
							"pivot": [0, 27, 13],
							"rotation": [-7.5, 0, 0],
							"uv": {
								"north": {"uv": [23, 15], "uv_size": [8, -14]},
								"east": {"uv": [9, 15], "uv_size": [14, -14]},
								"south": {"uv": [23, 15], "uv_size": [8, -14]},
								"west": {"uv": [23, 15], "uv_size": [8, -14]},
								"up": {"uv": [31, 1], "uv_size": [-8, 14]},
								"down": {"uv": [31, 1], "uv_size": [-8, 14]}
							}
						},
						{
							"origin": [5.15, 23.7845, 9.81149],
							"size": [0, 3, 3],
							"pivot": [0, 27, 13],
							"rotation": [-7.5, 0, 0],
							"uv": {
								"north": {"uv": [23, 15], "uv_size": [8, -14]},
								"east": {"uv": [9, 15], "uv_size": [14, -14]},
								"south": {"uv": [23, 15], "uv_size": [8, -14]},
								"west": {"uv": [23, 15], "uv_size": [8, -14]},
								"up": {"uv": [31, 1], "uv_size": [-8, 14]},
								"down": {"uv": [31, 1], "uv_size": [-8, 14]}
							}
						},
						{
							"origin": [-2, 11.7845, 5.81149],
							"size": [4, 4, 4],
							"pivot": [0, 27, 13],
							"rotation": [-7.5, 0, 0],
							"uv": {
								"north": {"uv": [33, 31], "uv_size": [14, -14]},
								"east": {"uv": [33, 31], "uv_size": [14, -14]},
								"south": {"uv": [33, 31], "uv_size": [14, -14]},
								"west": {"uv": [33, 31], "uv_size": [14, -14]},
								"up": {"uv": [47, 17], "uv_size": [-14, 14]},
								"down": {"uv": [47, 17], "uv_size": [-14, 14]}
							}
						},
						{
							"origin": [-3, 8.7845, 7.81149],
							"size": [6, 5, 7],
							"pivot": [0, 27, 13],
							"rotation": [-7.5, 0, 0],
							"uv": {
								"north": {"uv": [33, 31], "uv_size": [14, -14]},
								"east": {"uv": [33, 31], "uv_size": [14, -14]},
								"south": {"uv": [33, 31], "uv_size": [14, -14]},
								"west": {"uv": [33, 31], "uv_size": [14, -14]},
								"up": {"uv": [47, 17], "uv_size": [-14, 14]},
								"down": {"uv": [47, 17], "uv_size": [-14, 14]}
							}
						},
						{
							"origin": [4, 5.7845, 4.81149],
							"size": [1, 1, 12],
							"pivot": [0, 27, 13],
							"rotation": [-7.5, 0, 0],
							"uv": {
								"north": {"uv": [33, 31], "uv_size": [14, -14]},
								"east": {"uv": [33, 31], "uv_size": [14, -14]},
								"south": {"uv": [33, 31], "uv_size": [14, -14]},
								"west": {"uv": [33, 31], "uv_size": [14, -14]},
								"up": {"uv": [47, 17], "uv_size": [-14, 14]},
								"down": {"uv": [47, 17], "uv_size": [-14, 14]}
							}
						},
						{
							"origin": [3.5, 6.77324, -6.76261],
							"size": [2, 2, 9],
							"pivot": [6, 8, 2],
							"rotation": [-17.64168, -7.15102, 2.26708],
							"uv": {
								"north": {"uv": [49, 31], "uv_size": [14, -14]},
								"east": {"uv": [49, 15], "uv_size": [14, -14]},
								"south": {"uv": [49, 15], "uv_size": [14, -14]},
								"west": {"uv": [49, 15], "uv_size": [14, -14]},
								"up": {"uv": [63, 1], "uv_size": [-14, 14]},
								"down": {"uv": [63, 1], "uv_size": [-14, 14]}
							}
						},
						{
							"origin": [1, 9.37801, 12.60966],
							"size": [1, 1, 2],
							"pivot": [1, 10, 15],
							"rotation": [-7.5, 0, 0],
							"uv": {
								"north": {"uv": [33, 31], "uv_size": [14, -14]},
								"east": {"uv": [33, 31], "uv_size": [14, -14]},
								"south": {"uv": [33, 31], "uv_size": [14, -14]},
								"west": {"uv": [33, 31], "uv_size": [14, -14]},
								"up": {"uv": [47, 17], "uv_size": [-14, 14]},
								"down": {"uv": [47, 17], "uv_size": [-14, 14]}
							}
						},
						{
							"origin": [1, 6.23892, 15.48769],
							"size": [1, 3, 1],
							"pivot": [1, 9, 16],
							"rotation": [-7.5, 0, 0],
							"uv": {
								"north": {"uv": [33, 31], "uv_size": [14, -14]},
								"east": {"uv": [33, 31], "uv_size": [14, -14]},
								"south": {"uv": [33, 31], "uv_size": [14, -14]},
								"west": {"uv": [33, 31], "uv_size": [14, -14]},
								"up": {"uv": [47, 17], "uv_size": [-14, 14]},
								"down": {"uv": [47, 17], "uv_size": [-14, 14]}
							}
						},
						{
							"origin": [-3, 5.21326, 15.09611],
							"size": [6, 1, 1],
							"pivot": [3, 6, 16],
							"rotation": [-7.5, 0, 0],
							"uv": {
								"north": {"uv": [33, 31], "uv_size": [14, -14]},
								"east": {"uv": [33, 31], "uv_size": [14, -14]},
								"south": {"uv": [33, 31], "uv_size": [14, -14]},
								"west": {"uv": [33, 31], "uv_size": [14, -14]},
								"up": {"uv": [47, 17], "uv_size": [-14, 14]},
								"down": {"uv": [47, 17], "uv_size": [-14, 14]}
							}
						},
						{
							"origin": [3, 5.21326, 15.09611],
							"size": [3, 1, 1],
							"pivot": [3, 6, 16],
							"rotation": [-11.02705, 46.96776, -8.10692],
							"uv": {
								"north": {"uv": [33, 31], "uv_size": [14, -14]},
								"east": {"uv": [33, 31], "uv_size": [14, -14]},
								"south": {"uv": [33, 31], "uv_size": [14, -14]},
								"west": {"uv": [33, 31], "uv_size": [14, -14]},
								"up": {"uv": [47, 17], "uv_size": [-14, 14]},
								"down": {"uv": [47, 17], "uv_size": [-14, 14]}
							}
						},
						{
							"origin": [-3, 6.23892, 15.48769],
							"size": [1, 3, 1],
							"pivot": [-3, 9, 16],
							"rotation": [-7.5, 0, 0],
							"uv": {
								"north": {"uv": [33, 31], "uv_size": [14, -14]},
								"east": {"uv": [33, 31], "uv_size": [14, -14]},
								"south": {"uv": [33, 31], "uv_size": [14, -14]},
								"west": {"uv": [33, 31], "uv_size": [14, -14]},
								"up": {"uv": [47, 17], "uv_size": [-14, 14]},
								"down": {"uv": [47, 17], "uv_size": [-14, 14]}
							}
						},
						{
							"origin": [-1, 6.23892, 15.48769],
							"size": [1, 3, 1],
							"pivot": [-1, 9, 16],
							"rotation": [-7.5, 0, 0],
							"uv": {
								"north": {"uv": [33, 31], "uv_size": [14, -14]},
								"east": {"uv": [33, 31], "uv_size": [14, -14]},
								"south": {"uv": [33, 31], "uv_size": [14, -14]},
								"west": {"uv": [33, 31], "uv_size": [14, -14]},
								"up": {"uv": [47, 17], "uv_size": [-14, 14]},
								"down": {"uv": [47, 17], "uv_size": [-14, 14]}
							}
						},
						{
							"origin": [1, 9.37801, 14.60966],
							"size": [1, 1, 2],
							"pivot": [1, 10, 15],
							"rotation": [-52.5, 0, 0],
							"uv": {
								"north": {"uv": [33, 31], "uv_size": [14, -14]},
								"east": {"uv": [33, 31], "uv_size": [14, -14]},
								"south": {"uv": [33, 31], "uv_size": [14, -14]},
								"west": {"uv": [33, 31], "uv_size": [14, -14]},
								"up": {"uv": [47, 17], "uv_size": [-14, 14]},
								"down": {"uv": [47, 17], "uv_size": [-14, 14]}
							}
						},
						{
							"origin": [-3, 9.37801, 14.60966],
							"size": [1, 1, 2],
							"pivot": [1, 10, 15],
							"rotation": [-52.5, 0, 0],
							"uv": {
								"north": {"uv": [33, 31], "uv_size": [14, -14]},
								"east": {"uv": [33, 31], "uv_size": [14, -14]},
								"south": {"uv": [33, 31], "uv_size": [14, -14]},
								"west": {"uv": [33, 31], "uv_size": [14, -14]},
								"up": {"uv": [47, 17], "uv_size": [-14, 14]},
								"down": {"uv": [47, 17], "uv_size": [-14, 14]}
							}
						},
						{
							"origin": [-1, 9.37801, 14.60966],
							"size": [1, 1, 2],
							"pivot": [1, 10, 15],
							"rotation": [-52.5, 0, 0],
							"uv": {
								"north": {"uv": [33, 31], "uv_size": [14, -14]},
								"east": {"uv": [33, 31], "uv_size": [14, -14]},
								"south": {"uv": [33, 31], "uv_size": [14, -14]},
								"west": {"uv": [33, 31], "uv_size": [14, -14]},
								"up": {"uv": [47, 17], "uv_size": [-14, 14]},
								"down": {"uv": [47, 17], "uv_size": [-14, 14]}
							}
						},
						{
							"origin": [-1, 9.7845, 14.81149],
							"size": [1, 1, 2],
							"pivot": [0, 27, 13],
							"rotation": [-7.5, 0, 0],
							"uv": {
								"north": {"uv": [33, 31], "uv_size": [14, -14]},
								"east": {"uv": [33, 31], "uv_size": [14, -14]},
								"south": {"uv": [33, 31], "uv_size": [14, -14]},
								"west": {"uv": [33, 31], "uv_size": [14, -14]},
								"up": {"uv": [47, 17], "uv_size": [-14, 14]},
								"down": {"uv": [47, 17], "uv_size": [-14, 14]}
							}
						},
						{
							"origin": [-3, 9.7845, 14.81149],
							"size": [1, 1, 2],
							"pivot": [0, 27, 13],
							"rotation": [-7.5, 0, 0],
							"uv": {
								"north": {"uv": [33, 31], "uv_size": [14, -14]},
								"east": {"uv": [33, 31], "uv_size": [14, -14]},
								"south": {"uv": [33, 31], "uv_size": [14, -14]},
								"west": {"uv": [33, 31], "uv_size": [14, -14]},
								"up": {"uv": [47, 17], "uv_size": [-14, 14]},
								"down": {"uv": [47, 17], "uv_size": [-14, 14]}
							}
						},
						{
							"origin": [3, 19.02465, 11.62256],
							"size": [2, 1, 9],
							"pivot": [4, 20, 21],
							"rotation": [-50, 0, 0],
							"uv": {
								"north": {"uv": [33, 15], "uv_size": [14, -14]},
								"east": {"uv": [33, 15], "uv_size": [14, -14]},
								"south": {"uv": [33, 15], "uv_size": [14, -14]},
								"west": {"uv": [33, 15], "uv_size": [14, -14]},
								"up": {"uv": [47, 1], "uv_size": [-14, 14]},
								"down": {"uv": [47, 1], "uv_size": [-14, 14]}
							}
						},
						{
							"origin": [-5, 19.02465, 11.62256],
							"size": [2, 1, 9],
							"pivot": [4, 20, 21],
							"rotation": [-50, 0, 0],
							"uv": {
								"north": {"uv": [33, 15], "uv_size": [14, -14]},
								"east": {"uv": [33, 15], "uv_size": [14, -14]},
								"south": {"uv": [33, 15], "uv_size": [14, -14]},
								"west": {"uv": [33, 15], "uv_size": [14, -14]},
								"up": {"uv": [47, 1], "uv_size": [-14, 14]},
								"down": {"uv": [47, 1], "uv_size": [-14, 14]}
							}
						},
						{
							"origin": [3, 19.02465, 13.62256],
							"size": [2, 1, 8],
							"pivot": [4, 20, 21],
							"rotation": [-25, 0, 0],
							"uv": {
								"north": {"uv": [33, 15], "uv_size": [14, -14]},
								"east": {"uv": [33, 15], "uv_size": [14, -14]},
								"south": {"uv": [33, 15], "uv_size": [14, -14]},
								"west": {"uv": [33, 15], "uv_size": [14, -14]},
								"up": {"uv": [47, 1], "uv_size": [-14, 14]},
								"down": {"uv": [47, 1], "uv_size": [-14, 14]}
							}
						},
						{
							"origin": [3, 18.93096, 14.19994],
							"size": [2, 1, 6],
							"pivot": [4, 19, 21],
							"rotation": [25, 0, 0],
							"uv": {
								"north": {"uv": [49, 15], "uv_size": [14, -14]},
								"east": {"uv": [49, 15], "uv_size": [14, -14]},
								"south": {"uv": [49, 15], "uv_size": [14, -14]},
								"west": {"uv": [49, 15], "uv_size": [14, -14]},
								"up": {"uv": [63, 1], "uv_size": [-14, 14]},
								"down": {"uv": [63, 1], "uv_size": [-14, 14]}
							}
						},
						{
							"origin": [-5, 18.93096, 14.19994],
							"size": [2, 1, 6],
							"pivot": [4, 19, 21],
							"rotation": [25, 0, 0],
							"uv": {
								"north": {"uv": [49, 15], "uv_size": [14, -14]},
								"east": {"uv": [49, 15], "uv_size": [14, -14]},
								"south": {"uv": [49, 15], "uv_size": [14, -14]},
								"west": {"uv": [49, 15], "uv_size": [14, -14]},
								"up": {"uv": [63, 1], "uv_size": [-14, 14]},
								"down": {"uv": [63, 1], "uv_size": [-14, 14]}
							}
						},
						{
							"origin": [-5, 19.93096, 13.19994],
							"size": [2, 1, 6],
							"pivot": [4, 19, 21],
							"rotation": [25, 0, 0],
							"uv": {
								"north": {"uv": [49, 15], "uv_size": [14, -14]},
								"east": {"uv": [49, 15], "uv_size": [14, -14]},
								"south": {"uv": [49, 15], "uv_size": [14, -14]},
								"west": {"uv": [49, 15], "uv_size": [14, -14]},
								"up": {"uv": [63, 1], "uv_size": [-14, 14]},
								"down": {"uv": [63, 1], "uv_size": [-14, 14]}
							}
						},
						{
							"origin": [-5, 20.93096, 12.19994],
							"size": [2, 1, 6],
							"pivot": [4, 19, 21],
							"rotation": [25, 0, 0],
							"uv": {
								"north": {"uv": [49, 15], "uv_size": [14, -14]},
								"east": {"uv": [49, 15], "uv_size": [14, -14]},
								"south": {"uv": [49, 15], "uv_size": [14, -14]},
								"west": {"uv": [49, 15], "uv_size": [14, -14]},
								"up": {"uv": [63, 1], "uv_size": [-14, 14]},
								"down": {"uv": [63, 1], "uv_size": [-14, 14]}
							}
						},
						{
							"origin": [-5, 21.93096, 11.19994],
							"size": [2, 1, 6],
							"pivot": [4, 19, 21],
							"rotation": [25, 0, 0],
							"uv": {
								"north": {"uv": [49, 15], "uv_size": [14, -14]},
								"east": {"uv": [49, 15], "uv_size": [14, -14]},
								"south": {"uv": [49, 15], "uv_size": [14, -14]},
								"west": {"uv": [49, 15], "uv_size": [14, -14]},
								"up": {"uv": [63, 1], "uv_size": [-14, 14]},
								"down": {"uv": [63, 1], "uv_size": [-14, 14]}
							}
						},
						{
							"origin": [-5, 17.28346, 4.52314],
							"size": [2, 1, 6],
							"pivot": [4, 18, 10],
							"rotation": [160, 0, 0],
							"uv": {
								"north": {"uv": [49, 15], "uv_size": [14, -14]},
								"east": {"uv": [49, 15], "uv_size": [14, -14]},
								"south": {"uv": [49, 15], "uv_size": [14, -14]},
								"west": {"uv": [49, 15], "uv_size": [14, -14]},
								"up": {"uv": [63, 1], "uv_size": [-14, 14]},
								"down": {"uv": [63, 1], "uv_size": [-14, 14]}
							}
						},
						{
							"origin": [3, 17.28346, 4.52314],
							"size": [2, 1, 6],
							"pivot": [4, 18, 10],
							"rotation": [160, 0, 0],
							"uv": {
								"north": {"uv": [49, 15], "uv_size": [14, -14]},
								"east": {"uv": [49, 15], "uv_size": [14, -14]},
								"south": {"uv": [49, 15], "uv_size": [14, -14]},
								"west": {"uv": [49, 15], "uv_size": [14, -14]},
								"up": {"uv": [63, 1], "uv_size": [-14, 14]},
								"down": {"uv": [63, 1], "uv_size": [-14, 14]}
							}
						},
						{
							"origin": [3, 16.28346, 4.52314],
							"size": [2, 1, 5],
							"pivot": [4, 18, 10],
							"rotation": [160, 0, 0],
							"uv": {
								"north": {"uv": [49, 15], "uv_size": [14, -14]},
								"east": {"uv": [49, 15], "uv_size": [14, -14]},
								"south": {"uv": [49, 15], "uv_size": [14, -14]},
								"west": {"uv": [49, 15], "uv_size": [14, -14]},
								"up": {"uv": [63, 1], "uv_size": [-14, 14]},
								"down": {"uv": [63, 1], "uv_size": [-14, 14]}
							}
						},
						{
							"origin": [3, 17.28346, 4.52314],
							"size": [2, 1, 6],
							"pivot": [4, 18, 10],
							"rotation": [-140, 0, 0],
							"uv": {
								"north": {"uv": [49, 15], "uv_size": [14, -14]},
								"east": {"uv": [49, 15], "uv_size": [14, -14]},
								"south": {"uv": [49, 15], "uv_size": [14, -14]},
								"west": {"uv": [49, 15], "uv_size": [14, -14]},
								"up": {"uv": [63, 1], "uv_size": [-14, 14]},
								"down": {"uv": [63, 1], "uv_size": [-14, 14]}
							}
						},
						{
							"origin": [-5, 18.28346, 3.52314],
							"size": [2, 1, 6],
							"pivot": [4, 18, 10],
							"rotation": [-140, 0, 0],
							"uv": {
								"north": {"uv": [49, 15], "uv_size": [14, -14]},
								"east": {"uv": [49, 15], "uv_size": [14, -14]},
								"south": {"uv": [49, 15], "uv_size": [14, -14]},
								"west": {"uv": [49, 15], "uv_size": [14, -14]},
								"up": {"uv": [63, 1], "uv_size": [-14, 14]},
								"down": {"uv": [63, 1], "uv_size": [-14, 14]}
							}
						},
						{
							"origin": [-5, 17.28346, 4.52314],
							"size": [2, 1, 6],
							"pivot": [4, 18, 10],
							"rotation": [-140, 0, 0],
							"uv": {
								"north": {"uv": [49, 15], "uv_size": [14, -14]},
								"east": {"uv": [49, 15], "uv_size": [14, -14]},
								"south": {"uv": [49, 15], "uv_size": [14, -14]},
								"west": {"uv": [49, 15], "uv_size": [14, -14]},
								"up": {"uv": [63, 1], "uv_size": [-14, 14]},
								"down": {"uv": [63, 1], "uv_size": [-14, 14]}
							}
						},
						{
							"origin": [-5, 19.02465, 13.62256],
							"size": [2, 1, 7],
							"pivot": [4, 20, 21],
							"rotation": [-25, 0, 0],
							"uv": {
								"north": {"uv": [33, 15], "uv_size": [14, -14]},
								"east": {"uv": [33, 15], "uv_size": [14, -14]},
								"south": {"uv": [33, 15], "uv_size": [14, -14]},
								"west": {"uv": [33, 15], "uv_size": [14, -14]},
								"up": {"uv": [47, 1], "uv_size": [-14, 14]},
								"down": {"uv": [47, 1], "uv_size": [-14, 14]}
							}
						},
						{
							"origin": [3, 18.02465, 13.62256],
							"size": [2, 1, 8],
							"pivot": [4, 20, 21],
							"rotation": [-25, 0, 0],
							"uv": {
								"north": {"uv": [49, 31], "uv_size": [14, -14]},
								"east": {"uv": [49, 31], "uv_size": [14, -14]},
								"south": {"uv": [49, 31], "uv_size": [14, -14]},
								"west": {"uv": [49, 31], "uv_size": [14, -14]},
								"up": {"uv": [63, 17], "uv_size": [-14, 14]},
								"down": {"uv": [63, 17], "uv_size": [-14, 14]}
							}
						},
						{
							"origin": [3, 17.02465, 13.62256],
							"size": [2, 1, 6],
							"pivot": [4, 20, 21],
							"rotation": [-25, 0, 0],
							"uv": {
								"north": {"uv": [49, 15], "uv_size": [14, -14]},
								"east": {"uv": [49, 15], "uv_size": [14, -14]},
								"south": {"uv": [49, 15], "uv_size": [14, -14]},
								"west": {"uv": [49, 15], "uv_size": [14, -14]},
								"up": {"uv": [63, 1], "uv_size": [-14, 14]},
								"down": {"uv": [63, 1], "uv_size": [-14, 14]}
							}
						},
						{
							"origin": [3, 16.02465, 12.62256],
							"size": [2, 1, 6],
							"pivot": [4, 20, 21],
							"rotation": [-25, 0, 0],
							"uv": {
								"north": {"uv": [49, 15], "uv_size": [14, -14]},
								"east": {"uv": [49, 15], "uv_size": [14, -14]},
								"south": {"uv": [49, 15], "uv_size": [14, -14]},
								"west": {"uv": [49, 15], "uv_size": [14, -14]},
								"up": {"uv": [63, 1], "uv_size": [-14, 14]},
								"down": {"uv": [63, 1], "uv_size": [-14, 14]}
							}
						},
						{
							"origin": [3, 15.02465, 12.62256],
							"size": [2, 1, 5],
							"pivot": [4, 20, 21],
							"rotation": [-25, 0, 0],
							"uv": {
								"north": {"uv": [49, 15], "uv_size": [14, -14]},
								"east": {"uv": [49, 15], "uv_size": [14, -14]},
								"south": {"uv": [49, 15], "uv_size": [14, -14]},
								"west": {"uv": [49, 15], "uv_size": [14, -14]},
								"up": {"uv": [63, 1], "uv_size": [-14, 14]},
								"down": {"uv": [63, 1], "uv_size": [-14, 14]}
							}
						},
						{
							"origin": [-5, 18.02465, 13.62256],
							"size": [2, 1, 8],
							"pivot": [4, 20, 21],
							"rotation": [-25, 0, 0],
							"uv": {
								"north": {"uv": [49, 31], "uv_size": [14, -14]},
								"east": {"uv": [49, 31], "uv_size": [14, -14]},
								"south": {"uv": [49, 31], "uv_size": [14, -14]},
								"west": {"uv": [49, 31], "uv_size": [14, -14]},
								"up": {"uv": [63, 17], "uv_size": [-14, 14]},
								"down": {"uv": [63, 17], "uv_size": [-14, 14]}
							}
						},
						{
							"origin": [3, 19.02465, 12.62256],
							"size": [2, 1, 8],
							"pivot": [4, 20, 21],
							"rotation": [-32.5, 0, 0],
							"uv": {
								"north": {"uv": [33, 15], "uv_size": [14, -14]},
								"east": {"uv": [33, 15], "uv_size": [14, -14]},
								"south": {"uv": [33, 15], "uv_size": [14, -14]},
								"west": {"uv": [33, 15], "uv_size": [14, -14]},
								"up": {"uv": [47, 1], "uv_size": [-14, 14]},
								"down": {"uv": [47, 1], "uv_size": [-14, 14]}
							}
						},
						{
							"origin": [-5, 19.02465, 12.62256],
							"size": [2, 1, 9],
							"pivot": [4, 20, 21],
							"rotation": [-32.5, 0, 0],
							"uv": {
								"north": {"uv": [33, 15], "uv_size": [14, -14]},
								"east": {"uv": [33, 15], "uv_size": [14, -14]},
								"south": {"uv": [33, 15], "uv_size": [14, -14]},
								"west": {"uv": [33, 15], "uv_size": [14, -14]},
								"up": {"uv": [47, 1], "uv_size": [-14, 14]},
								"down": {"uv": [47, 1], "uv_size": [-14, 14]}
							}
						},
						{
							"origin": [3, 19.02465, 12.62256],
							"size": [2, 1, 8],
							"pivot": [4, 20, 21],
							"rotation": [-40, 0, 0],
							"uv": {
								"north": {"uv": [33, 15], "uv_size": [14, -14]},
								"east": {"uv": [33, 15], "uv_size": [14, -14]},
								"south": {"uv": [33, 15], "uv_size": [14, -14]},
								"west": {"uv": [33, 15], "uv_size": [14, -14]},
								"up": {"uv": [47, 1], "uv_size": [-14, 14]},
								"down": {"uv": [47, 1], "uv_size": [-14, 14]}
							}
						},
						{
							"origin": [-5, 19.02465, 12.62256],
							"size": [2, 1, 8],
							"pivot": [4, 20, 21],
							"rotation": [-40, 0, 0],
							"uv": {
								"north": {"uv": [33, 15], "uv_size": [14, -14]},
								"east": {"uv": [33, 15], "uv_size": [14, -14]},
								"south": {"uv": [33, 15], "uv_size": [14, -14]},
								"west": {"uv": [33, 15], "uv_size": [14, -14]},
								"up": {"uv": [47, 1], "uv_size": [-14, 14]},
								"down": {"uv": [47, 1], "uv_size": [-14, 14]}
							}
						},
						{
							"origin": [3, 19.02465, 11.62256],
							"size": [2, 1, 9],
							"pivot": [4, 20, 21],
							"rotation": [-45, 0, 0],
							"uv": {
								"north": {"uv": [33, 15], "uv_size": [14, -14]},
								"east": {"uv": [33, 15], "uv_size": [14, -14]},
								"south": {"uv": [33, 15], "uv_size": [14, -14]},
								"west": {"uv": [33, 15], "uv_size": [14, -14]},
								"up": {"uv": [47, 1], "uv_size": [-14, 14]},
								"down": {"uv": [47, 1], "uv_size": [-14, 14]}
							}
						},
						{
							"origin": [-5, 19.02465, 11.62256],
							"size": [2, 1, 9],
							"pivot": [4, 20, 21],
							"rotation": [-45, 0, 0],
							"uv": {
								"north": {"uv": [33, 15], "uv_size": [14, -14]},
								"east": {"uv": [33, 15], "uv_size": [14, -14]},
								"south": {"uv": [33, 15], "uv_size": [14, -14]},
								"west": {"uv": [33, 15], "uv_size": [14, -14]},
								"up": {"uv": [47, 1], "uv_size": [-14, 14]},
								"down": {"uv": [47, 1], "uv_size": [-14, 14]}
							}
						},
						{
							"origin": [-1, 27.6, 8.80483],
							"size": [2, 0, 2],
							"pivot": [0, 27, 6],
							"rotation": [2.5, 0, 0],
							"uv": {
								"north": {"uv": [49, 15], "uv_size": [14, -14]},
								"east": {"uv": [49, 15], "uv_size": [14, -14]},
								"south": {"uv": [49, 15], "uv_size": [14, -14]},
								"west": {"uv": [49, 15], "uv_size": [14, -14]},
								"up": {"uv": [63, 1], "uv_size": [-14, 14]},
								"down": {"uv": [63, 1], "uv_size": [-14, 14]}
							}
						},
						{
							"origin": [-3, 20.25725, -6.02545],
							"size": [6, 3, 7],
							"pivot": [-3, 23, 1],
							"rotation": [2.5, 0, 0],
							"uv": {
								"north": {"uv": [49, 15], "uv_size": [14, -14]},
								"east": {"uv": [49, 15], "uv_size": [14, -14]},
								"south": {"uv": [49, 15], "uv_size": [14, -14]},
								"west": {"uv": [49, 15], "uv_size": [14, -14]},
								"up": {"uv": [63, 1], "uv_size": [-14, 14]},
								"down": {"uv": [63, 1], "uv_size": [-14, 14]}
							}
						},
						{
							"origin": [-4, 7.58963, -14.42906],
							"size": [1, 2, 17],
							"pivot": [-3, 9, -14],
							"rotation": [15, 0, 0],
							"uv": {
								"north": {"uv": [49, 15], "uv_size": [14, -14]},
								"east": {"uv": [49, 15], "uv_size": [14, -14]},
								"south": {"uv": [49, 15], "uv_size": [14, -14]},
								"west": {"uv": [49, 15], "uv_size": [14, -14]},
								"up": {"uv": [63, 1], "uv_size": [-14, 14]},
								"down": {"uv": [63, 1], "uv_size": [-14, 14]}
							}
						},
						{
							"origin": [3, 7.58963, -14.42906],
							"size": [1, 2, 17],
							"pivot": [-3, 9, -14],
							"rotation": [15, 0, 0],
							"uv": {
								"north": {"uv": [49, 15], "uv_size": [14, -14]},
								"east": {"uv": [49, 15], "uv_size": [14, -14]},
								"south": {"uv": [49, 15], "uv_size": [14, -14]},
								"west": {"uv": [49, 15], "uv_size": [14, -14]},
								"up": {"uv": [63, 1], "uv_size": [-14, 14]},
								"down": {"uv": [63, 1], "uv_size": [-14, 14]}
							}
						},
						{
							"origin": [-3, 7.58963, -3.42906],
							"size": [6, 2, 6],
							"pivot": [-3, 9, -14],
							"rotation": [15, 0, 0],
							"uv": {
								"north": {"uv": [49, 15], "uv_size": [14, -14]},
								"east": {"uv": [49, 15], "uv_size": [14, -14]},
								"south": {"uv": [49, 15], "uv_size": [14, -14]},
								"west": {"uv": [49, 15], "uv_size": [14, -14]},
								"up": {"uv": [63, 1], "uv_size": [-14, 14]},
								"down": {"uv": [63, 1], "uv_size": [-14, 14]}
							}
						},
						{
							"origin": [-3, 6.96926, 1.3044],
							"size": [5, 9, 1],
							"pivot": [-3, 16, 2],
							"rotation": [15, 0, 0],
							"uv": {
								"north": {"uv": [49, 15], "uv_size": [14, -14]},
								"east": {"uv": [49, 15], "uv_size": [14, -14]},
								"south": {"uv": [49, 15], "uv_size": [14, -14]},
								"west": {"uv": [49, 15], "uv_size": [14, -14]},
								"up": {"uv": [63, 1], "uv_size": [-14, 14]},
								"down": {"uv": [63, 1], "uv_size": [-14, 14]}
							}
						},
						{
							"origin": [-3, 11.02832, -6.93989],
							"size": [5, 10, 1],
							"pivot": [-3, 20, -6],
							"rotation": [65, 0, 0],
							"uv": {
								"north": {"uv": [49, 15], "uv_size": [14, -14]},
								"east": {"uv": [49, 15], "uv_size": [14, -14]},
								"south": {"uv": [49, 15], "uv_size": [14, -14]},
								"west": {"uv": [49, 15], "uv_size": [14, -14]},
								"up": {"uv": [63, 1], "uv_size": [-14, 14]},
								"down": {"uv": [63, 1], "uv_size": [-14, 14]}
							}
						},
						{
							"origin": [-1, 12.02832, -11.93989],
							"size": [2, 2, 6],
							"pivot": [-3, 20, -6],
							"rotation": [65, 0, 0],
							"uv": {
								"north": {"uv": [33, 31], "uv_size": [14, -14]},
								"east": {"uv": [33, 31], "uv_size": [14, -14]},
								"south": {"uv": [33, 31], "uv_size": [14, -14]},
								"west": {"uv": [33, 31], "uv_size": [14, -14]},
								"up": {"uv": [47, 17], "uv_size": [-14, 14]},
								"down": {"uv": [47, 17], "uv_size": [-14, 14]}
							}
						},
						{
							"origin": [-2.9, 8.23511, -7.98573],
							"size": [1, 7, 1],
							"pivot": [-3, 15, -7],
							"rotation": [65, 0, 0],
							"uv": {
								"north": {"uv": [33, 31], "uv_size": [14, -14]},
								"east": {"uv": [33, 31], "uv_size": [14, -14]},
								"south": {"uv": [33, 31], "uv_size": [14, -14]},
								"west": {"uv": [33, 31], "uv_size": [14, -14]},
								"up": {"uv": [47, 17], "uv_size": [-14, 14]},
								"down": {"uv": [47, 17], "uv_size": [-14, 14]}
							}
						},
						{
							"origin": [-3, 8.23511, -7.98573],
							"size": [1, 7, 1],
							"pivot": [-3, 15, -7],
							"rotation": [75, 0, 0],
							"uv": {
								"north": {"uv": [33, 31], "uv_size": [14, -14]},
								"east": {"uv": [33, 31], "uv_size": [14, -14]},
								"south": {"uv": [33, 31], "uv_size": [14, -14]},
								"west": {"uv": [33, 31], "uv_size": [14, -14]},
								"up": {"uv": [47, 17], "uv_size": [-14, 14]},
								"down": {"uv": [47, 17], "uv_size": [-14, 14]}
							}
						},
						{
							"origin": [2, 8.23511, -7.98573],
							"size": [1, 7, 1],
							"pivot": [-3, 15, -7],
							"rotation": [75, 0, 0],
							"uv": {
								"north": {"uv": [33, 31], "uv_size": [14, -14]},
								"east": {"uv": [33, 31], "uv_size": [14, -14]},
								"south": {"uv": [33, 31], "uv_size": [14, -14]},
								"west": {"uv": [33, 31], "uv_size": [14, -14]},
								"up": {"uv": [47, 17], "uv_size": [-14, 14]},
								"down": {"uv": [47, 17], "uv_size": [-14, 14]}
							}
						},
						{
							"origin": [1.9, 12.02832, -11.93989],
							"size": [1, 7, 1],
							"pivot": [-3, 20, -6],
							"rotation": [65, 0, 0],
							"uv": {
								"north": {"uv": [33, 31], "uv_size": [14, -14]},
								"east": {"uv": [33, 31], "uv_size": [14, -14]},
								"south": {"uv": [33, 31], "uv_size": [14, -14]},
								"west": {"uv": [33, 31], "uv_size": [14, -14]},
								"up": {"uv": [47, 17], "uv_size": [-14, 14]},
								"down": {"uv": [47, 17], "uv_size": [-14, 14]}
							}
						},
						{
							"origin": [-1.5, 11.5, -8.93989],
							"size": [3, 3, 3],
							"pivot": [-3, 20, -6],
							"rotation": [65, 0, 0],
							"uv": {
								"north": {"uv": [49, 31], "uv_size": [14, -14]},
								"east": {"uv": [49, 31], "uv_size": [14, -14]},
								"south": {"uv": [49, 31], "uv_size": [14, -14]},
								"west": {"uv": [49, 31], "uv_size": [14, -14]},
								"up": {"uv": [63, 17], "uv_size": [-14, 14]},
								"down": {"uv": [63, 17], "uv_size": [-14, 14]}
							}
						},
						{
							"origin": [-1, 18.02832, -9.93989],
							"size": [1, 2, 4],
							"pivot": [-3, 20, -6],
							"rotation": [92.5, 0, 0],
							"uv": {
								"north": {"uv": [49, 15], "uv_size": [14, -14]},
								"east": {"uv": [49, 15], "uv_size": [14, -14]},
								"south": {"uv": [49, 15], "uv_size": [14, -14]},
								"west": {"uv": [49, 15], "uv_size": [14, -14]},
								"up": {"uv": [63, 1], "uv_size": [-14, 14]},
								"down": {"uv": [63, 1], "uv_size": [-14, 14]}
							}
						},
						{
							"origin": [-3, 11.02832, -6.93989],
							"size": [5, 10, 1],
							"pivot": [-3, 20, -6],
							"rotation": [70, 0, 0],
							"uv": {
								"north": {"uv": [49, 15], "uv_size": [14, -14]},
								"east": {"uv": [49, 15], "uv_size": [14, -14]},
								"south": {"uv": [49, 15], "uv_size": [14, -14]},
								"west": {"uv": [49, 15], "uv_size": [14, -14]},
								"up": {"uv": [63, 1], "uv_size": [-14, 14]},
								"down": {"uv": [63, 1], "uv_size": [-14, 14]}
							}
						},
						{
							"origin": [-3, 11.02832, -6.93989],
							"size": [5, 10, 1],
							"pivot": [-3, 20, -6],
							"rotation": [77.5, 0, 0],
							"uv": {
								"north": {"uv": [49, 15], "uv_size": [14, -14]},
								"east": {"uv": [49, 15], "uv_size": [14, -14]},
								"south": {"uv": [49, 15], "uv_size": [14, -14]},
								"west": {"uv": [49, 15], "uv_size": [14, -14]},
								"up": {"uv": [63, 1], "uv_size": [-14, 14]},
								"down": {"uv": [63, 1], "uv_size": [-14, 14]}
							}
						},
						{
							"origin": [-3, 4.34671, 14.25611],
							"size": [5, 9, 2],
							"pivot": [2, 4, 14],
							"rotation": [85, 0, 0],
							"uv": {
								"north": {"uv": [49, 15], "uv_size": [14, -14]},
								"east": {"uv": [49, 15], "uv_size": [14, -14]},
								"south": {"uv": [49, 15], "uv_size": [14, -14]},
								"west": {"uv": [49, 15], "uv_size": [14, -14]},
								"up": {"uv": [63, 1], "uv_size": [-14, 14]},
								"down": {"uv": [63, 1], "uv_size": [-14, 14]}
							}
						},
						{
							"origin": [-0.95, 4.34671, 14.25611],
							"size": [2, 3, 9],
							"pivot": [2, 4, 14],
							"rotation": [60, 0, 0],
							"uv": {
								"north": {"uv": [49, 31], "uv_size": [14, -14]},
								"east": {"uv": [49, 31], "uv_size": [14, -14]},
								"south": {"uv": [49, 31], "uv_size": [14, -14]},
								"west": {"uv": [49, 31], "uv_size": [14, -14]},
								"up": {"uv": [63, 17], "uv_size": [-14, 14]},
								"down": {"uv": [63, 17], "uv_size": [-14, 14]}
							}
						},
						{
							"origin": [-1, 11.81081, 18.32791],
							"size": [2, 3, 9],
							"pivot": [2, 12, 18],
							"rotation": [70, 0, 0],
							"uv": {
								"north": {"uv": [49, 31], "uv_size": [14, -14]},
								"east": {"uv": [49, 31], "uv_size": [14, -14]},
								"south": {"uv": [49, 31], "uv_size": [14, -14]},
								"west": {"uv": [49, 31], "uv_size": [14, -14]},
								"up": {"uv": [63, 17], "uv_size": [-14, 14]},
								"down": {"uv": [63, 17], "uv_size": [-14, 14]}
							}
						},
						{
							"origin": [-1, 19.81081, 8.32791],
							"size": [2, 3, 12],
							"pivot": [2, 12, 18],
							"rotation": [70, 0, 0],
							"uv": {
								"north": {"uv": [49, 31], "uv_size": [14, -14]},
								"east": {"uv": [49, 31], "uv_size": [14, -14]},
								"south": {"uv": [49, 31], "uv_size": [14, -14]},
								"west": {"uv": [49, 31], "uv_size": [14, -14]},
								"up": {"uv": [63, 17], "uv_size": [-14, 14]},
								"down": {"uv": [63, 17], "uv_size": [-14, 14]}
							}
						},
						{
							"origin": [-1, 26.81081, 5.32791],
							"size": [2, 3, 15],
							"pivot": [2, 12, 18],
							"rotation": [70, 0, 0],
							"uv": {
								"north": {"uv": [49, 31], "uv_size": [14, -14]},
								"east": {"uv": [49, 31], "uv_size": [14, -14]},
								"south": {"uv": [49, 31], "uv_size": [14, -14]},
								"west": {"uv": [49, 31], "uv_size": [14, -14]},
								"up": {"uv": [63, 17], "uv_size": [-14, 14]},
								"down": {"uv": [63, 17], "uv_size": [-14, 14]}
							}
						},
						{
							"origin": [-1, 19.89373, 21.78431],
							"size": [2, 8, 4],
							"pivot": [2, 20, 21],
							"rotation": [95, 0, 0],
							"uv": {
								"north": {"uv": [49, 15], "uv_size": [14, -14]},
								"east": {"uv": [49, 15], "uv_size": [14, -14]},
								"south": {"uv": [49, 15], "uv_size": [14, -14]},
								"west": {"uv": [49, 15], "uv_size": [14, -14]},
								"up": {"uv": [63, 1], "uv_size": [-14, 14]},
								"down": {"uv": [63, 1], "uv_size": [-14, 14]}
							}
						},
						{
							"origin": [-4, 13.34671, 13.25611],
							"size": [7, 9, 3],
							"pivot": [2, 4, 14],
							"rotation": [85, 0, 0],
							"uv": {
								"north": {"uv": [49, 15], "uv_size": [14, -14]},
								"east": {"uv": [49, 15], "uv_size": [14, -14]},
								"south": {"uv": [49, 15], "uv_size": [14, -14]},
								"west": {"uv": [49, 15], "uv_size": [14, -14]},
								"up": {"uv": [63, 1], "uv_size": [-14, 14]},
								"down": {"uv": [63, 17], "uv_size": [-14, 14]}
							}
						},
						{
							"origin": [-6, 14.34671, 18.25611],
							"size": [11, 2, 1],
							"pivot": [2, 4, 14],
							"rotation": [85, 0, 0],
							"uv": {
								"north": {"uv": [49, 31], "uv_size": [14, -14]},
								"east": {"uv": [49, 31], "uv_size": [14, -14]},
								"south": {"uv": [49, 31], "uv_size": [14, -14]},
								"west": {"uv": [49, 31], "uv_size": [14, -14]},
								"up": {"uv": [63, 17], "uv_size": [-14, 14]},
								"down": {"uv": [63, 17], "uv_size": [-14, 14]}
							}
						},
						{
							"origin": [-6, 24.34671, 22.25611],
							"size": [3, 2, 1],
							"pivot": [2, 4, 14],
							"rotation": [85, 0, 0],
							"uv": {
								"north": {"uv": [49, 31], "uv_size": [14, -14]},
								"east": {"uv": [49, 31], "uv_size": [14, -14]},
								"south": {"uv": [49, 31], "uv_size": [14, -14]},
								"west": {"uv": [49, 31], "uv_size": [14, -14]},
								"up": {"uv": [63, 17], "uv_size": [-14, 14]},
								"down": {"uv": [63, 17], "uv_size": [-14, 14]}
							}
						},
						{
							"origin": [2, 24.34671, 22.25611],
							"size": [3, 2, 1],
							"pivot": [2, 4, 14],
							"rotation": [85, 0, 0],
							"uv": {
								"north": {"uv": [49, 31], "uv_size": [14, -14]},
								"east": {"uv": [49, 31], "uv_size": [14, -14]},
								"south": {"uv": [49, 31], "uv_size": [14, -14]},
								"west": {"uv": [49, 31], "uv_size": [14, -14]},
								"up": {"uv": [63, 17], "uv_size": [-14, 14]},
								"down": {"uv": [63, 17], "uv_size": [-14, 14]}
							}
						},
						{
							"origin": [-3, 3.34671, 14.25611],
							"size": [5, 1, 2],
							"pivot": [2, 4, 14],
							"rotation": [109.77096, -2.31265, -3.05567],
							"uv": {
								"north": {"uv": [49, 15], "uv_size": [14, -14]},
								"east": {"uv": [49, 15], "uv_size": [14, -14]},
								"south": {"uv": [49, 15], "uv_size": [14, -14]},
								"west": {"uv": [49, 15], "uv_size": [14, -14]},
								"up": {"uv": [63, 1], "uv_size": [-14, 14]},
								"down": {"uv": [63, 1], "uv_size": [-14, 14]}
							}
						},
						{
							"origin": [-3, 9.02832, -6.93989],
							"size": [5, 12, 1],
							"pivot": [-3, 20, -6],
							"rotation": [85, 0, 0],
							"uv": {
								"north": {"uv": [49, 15], "uv_size": [14, -14]},
								"east": {"uv": [49, 15], "uv_size": [14, -14]},
								"south": {"uv": [49, 15], "uv_size": [14, -14]},
								"west": {"uv": [49, 15], "uv_size": [14, -14]},
								"up": {"uv": [63, 1], "uv_size": [-14, 14]},
								"down": {"uv": [63, 1], "uv_size": [-14, 14]}
							}
						},
						{
							"origin": [-3, 15.96926, 1.3044],
							"size": [5, 1, 5],
							"pivot": [-3, 16, 2],
							"rotation": [42.5, 0, 0],
							"uv": {
								"north": {"uv": [49, 15], "uv_size": [14, -14]},
								"east": {"uv": [49, 15], "uv_size": [14, -14]},
								"south": {"uv": [49, 15], "uv_size": [14, -14]},
								"west": {"uv": [49, 15], "uv_size": [14, -14]},
								"up": {"uv": [63, 1], "uv_size": [-14, 14]},
								"down": {"uv": [63, 1], "uv_size": [-14, 14]}
							}
						},
						{
							"origin": [-3, 20.25725, -5.02545],
							"size": [1, 3, 8],
							"pivot": [-3, 23, 1],
							"rotation": [2.52154, 7.49282, 0.32902],
							"uv": {
								"north": {"uv": [49, 15], "uv_size": [14, -14]},
								"east": {"uv": [49, 15], "uv_size": [14, -14]},
								"south": {"uv": [49, 15], "uv_size": [14, -14]},
								"west": {"uv": [49, 15], "uv_size": [14, -14]},
								"up": {"uv": [63, 1], "uv_size": [-14, 14]},
								"down": {"uv": [63, 1], "uv_size": [-14, 14]}
							}
						},
						{
							"origin": [2, 20.25725, -5.02545],
							"size": [1, 3, 7],
							"pivot": [3, 23, 1],
							"rotation": [2.52154, -7.49282, -0.32902],
							"uv": {
								"north": {"uv": [49, 15], "uv_size": [14, -14]},
								"east": {"uv": [49, 15], "uv_size": [14, -14]},
								"south": {"uv": [49, 15], "uv_size": [14, -14]},
								"west": {"uv": [49, 15], "uv_size": [14, -14]},
								"up": {"uv": [63, 1], "uv_size": [-14, 14]},
								"down": {"uv": [63, 1], "uv_size": [-14, 14]}
							}
						},
						{
							"origin": [-3, 19.71862, -12.05977],
							"size": [6, 3, 7],
							"pivot": [0, 22, -5],
							"rotation": [-40, 0, 0],
							"uv": {
								"north": {"uv": [49, 15], "uv_size": [14, -14]},
								"east": {"uv": [49, 15], "uv_size": [14, -14]},
								"south": {"uv": [49, 15], "uv_size": [14, -14]},
								"west": {"uv": [49, 15], "uv_size": [14, -14]},
								"up": {"uv": [63, 1], "uv_size": [-14, 14]},
								"down": {"uv": [63, 1], "uv_size": [-14, 14]}
							}
						},
						{
							"origin": [-4.64918, 19.93481, -15.06323],
							"size": [5, 3, 5],
							"pivot": [-5, 20, -10],
							"rotation": [-37.16221, 1.52693, 4.23233],
							"uv": {
								"north": {"uv": [33, 15], "uv_size": [14, -14]},
								"east": {"uv": [33, 15], "uv_size": [14, -14]},
								"south": {"uv": [33, 15], "uv_size": [14, -14]},
								"west": {"uv": [33, 15], "uv_size": [14, -14]},
								"up": {"uv": [47, 1], "uv_size": [-14, 14]},
								"down": {"uv": [47, 1], "uv_size": [-14, 14]}
							}
						},
						{
							"origin": [-4.53444, 22.96955, -21.06467],
							"size": [2, 1, 7],
							"pivot": [-5, 23, -14],
							"rotation": [-37.87473, -10.39587, 13.37858],
							"uv": {
								"north": {"uv": [33, 15], "uv_size": [14, -14]},
								"east": {"uv": [33, 15], "uv_size": [14, -14]},
								"south": {"uv": [33, 15], "uv_size": [14, -14]},
								"west": {"uv": [33, 15], "uv_size": [14, -14]},
								"up": {"uv": [47, 1], "uv_size": [-14, 14]},
								"down": {"uv": [47, 1], "uv_size": [-14, 14]}
							}
						},
						{
							"origin": [-2.63564, 26.66484, -19.36415],
							"size": [5, 1, 8],
							"pivot": [-3, 27, -19],
							"rotation": [-37.87473, 0, 0],
							"uv": {
								"north": {"uv": [33, 15], "uv_size": [14, -14]},
								"east": {"uv": [33, 15], "uv_size": [14, -14]},
								"south": {"uv": [33, 15], "uv_size": [14, -14]},
								"west": {"uv": [33, 15], "uv_size": [14, -14]},
								"up": {"uv": [47, 1], "uv_size": [-14, 14]},
								"down": {"uv": [47, 1], "uv_size": [-14, 14]}
							}
						},
						{
							"origin": [-2.63564, 23.80503, -20.78467],
							"size": [5, 1, 4],
							"pivot": [-3, 24, -17],
							"rotation": [-37.87473, 0, 0],
							"uv": {
								"north": {"uv": [49, 45], "uv_size": [14, -12]},
								"east": {"uv": [49, 45], "uv_size": [14, -12]},
								"south": {"uv": [49, 45], "uv_size": [14, -12]},
								"west": {"uv": [49, 45], "uv_size": [14, -12]},
								"up": {"uv": [63, 33], "uv_size": [-14, 12]},
								"down": {"uv": [63, 33], "uv_size": [-14, 12]}
							}
						},
						{
							"origin": [-2.63564, 23.80503, -19.78467],
							"size": [5, 1, 3],
							"pivot": [-3, 24, -17],
							"rotation": [-20.37473, 0, 0],
							"uv": {
								"north": {"uv": [49, 45], "uv_size": [14, -12]},
								"east": {"uv": [49, 45], "uv_size": [14, -12]},
								"south": {"uv": [49, 45], "uv_size": [14, -12]},
								"west": {"uv": [49, 45], "uv_size": [14, -12]},
								"up": {"uv": [63, 33], "uv_size": [-14, 12]},
								"down": {"uv": [63, 33], "uv_size": [-14, 12]}
							}
						},
						{
							"origin": [-2.63564, 26.27878, -19.57479],
							"size": [5, 1, 2],
							"pivot": [-3, 27, -20],
							"rotation": [-57.87473, 0, 0],
							"uv": {
								"north": {"uv": [49, 45], "uv_size": [14, -12]},
								"east": {"uv": [49, 45], "uv_size": [14, -12]},
								"south": {"uv": [49, 45], "uv_size": [14, -12]},
								"west": {"uv": [49, 45], "uv_size": [14, -12]},
								"up": {"uv": [63, 33], "uv_size": [-14, 12]},
								"down": {"uv": [63, 33], "uv_size": [-14, 12]}
							}
						},
						{
							"origin": [-4.53444, 23.96955, -16.06467],
							"size": [2, 1, 2],
							"pivot": [-5, 23, -14],
							"rotation": [-37.87473, -10.39587, 13.37858],
							"uv": {
								"north": {"uv": [33, 15], "uv_size": [14, -14]},
								"east": {"uv": [33, 15], "uv_size": [14, -14]},
								"south": {"uv": [33, 15], "uv_size": [14, -14]},
								"west": {"uv": [33, 15], "uv_size": [14, -14]},
								"up": {"uv": [47, 1], "uv_size": [-14, 14]},
								"down": {"uv": [47, 1], "uv_size": [-14, 14]}
							}
						},
						{
							"origin": [-4.39706, 24.09983, -17.2082],
							"size": [2, 1, 5],
							"pivot": [-4, 25, -12],
							"rotation": [-15.37473, -10.39587, 13.37858],
							"uv": {
								"north": {"uv": [33, 15], "uv_size": [14, -14]},
								"east": {"uv": [33, 15], "uv_size": [14, -14]},
								"south": {"uv": [33, 15], "uv_size": [14, -14]},
								"west": {"uv": [33, 15], "uv_size": [14, -14]},
								"up": {"uv": [47, 1], "uv_size": [-14, 14]},
								"down": {"uv": [47, 1], "uv_size": [-14, 14]}
							}
						},
						{
							"origin": [-5.39706, 25.09983, -17.2082],
							"size": [1, 1, 5],
							"pivot": [-4, 25, -12],
							"rotation": [-15.37473, -10.39587, 13.37858],
							"uv": {
								"north": {"uv": [33, 31], "uv_size": [14, -14]},
								"east": {"uv": [33, 31], "uv_size": [14, -14]},
								"south": {"uv": [33, 31], "uv_size": [14, -14]},
								"west": {"uv": [33, 31], "uv_size": [14, -14]},
								"up": {"uv": [47, 17], "uv_size": [-14, 14]},
								"down": {"uv": [47, 17], "uv_size": [-14, 14]}
							}
						},
						{
							"origin": [-4, 19.71862, -10.05977],
							"size": [5, 3, 5],
							"pivot": [-4, 22, -5],
							"rotation": [-2.52154, 7.49282, -0.32902],
							"uv": {
								"north": {"uv": [33, 15], "uv_size": [14, -14]},
								"east": {"uv": [33, 15], "uv_size": [14, -14]},
								"south": {"uv": [33, 15], "uv_size": [14, -14]},
								"west": {"uv": [33, 15], "uv_size": [14, -14]},
								"up": {"uv": [47, 1], "uv_size": [-14, 14]},
								"down": {"uv": [47, 1], "uv_size": [-14, 14]}
							}
						},
						{
							"origin": [0.6644, 19.93481, -14.71461],
							"size": [4, 3, 5],
							"pivot": [5, 20, -10],
							"rotation": [-32.21521, 0.95959, -5.02844],
							"uv": {
								"north": {"uv": [33, 15], "uv_size": [14, -14]},
								"east": {"uv": [33, 15], "uv_size": [14, -14]},
								"south": {"uv": [33, 15], "uv_size": [14, -14]},
								"west": {"uv": [33, 15], "uv_size": [14, -14]},
								"up": {"uv": [47, 1], "uv_size": [-14, 14]},
								"down": {"uv": [47, 1], "uv_size": [-14, 14]}
							}
						},
						{
							"origin": [2.60219, 22.3145, -21.12137],
							"size": [2, 1, 7],
							"pivot": [4, 22, -14],
							"rotation": [-40.60063, 13.99117, -12.65184],
							"uv": {
								"north": {"uv": [33, 15], "uv_size": [14, -14]},
								"east": {"uv": [33, 15], "uv_size": [14, -14]},
								"south": {"uv": [33, 15], "uv_size": [14, -14]},
								"west": {"uv": [33, 15], "uv_size": [14, -14]},
								"up": {"uv": [47, 1], "uv_size": [-14, 14]},
								"down": {"uv": [47, 1], "uv_size": [-14, 14]}
							}
						},
						{
							"origin": [2.60219, 23.3145, -17.12137],
							"size": [2, 1, 3],
							"pivot": [4, 22, -14],
							"rotation": [-40.60063, 13.99117, -12.65184],
							"uv": {
								"north": {"uv": [33, 15], "uv_size": [14, -14]},
								"east": {"uv": [33, 15], "uv_size": [14, -14]},
								"south": {"uv": [33, 15], "uv_size": [14, -14]},
								"west": {"uv": [33, 15], "uv_size": [14, -14]},
								"up": {"uv": [47, 1], "uv_size": [-14, 14]},
								"down": {"uv": [47, 1], "uv_size": [-14, 14]}
							}
						},
						{
							"origin": [2.44815, 23.72568, -17.81053],
							"size": [2, 1, 6],
							"pivot": [4, 25, -12],
							"rotation": [-20.60063, 13.99117, -12.65184],
							"uv": {
								"north": {"uv": [33, 15], "uv_size": [14, -14]},
								"east": {"uv": [33, 15], "uv_size": [14, -14]},
								"south": {"uv": [33, 15], "uv_size": [14, -14]},
								"west": {"uv": [33, 15], "uv_size": [14, -14]},
								"up": {"uv": [47, 1], "uv_size": [-14, 14]},
								"down": {"uv": [47, 1], "uv_size": [-14, 14]}
							}
						},
						{
							"origin": [4.44815, 24.72568, -17.81053],
							"size": [1, 1, 6],
							"pivot": [4, 25, -12],
							"rotation": [-20.60063, 13.99117, -12.65184],
							"uv": {
								"north": {"uv": [33, 31], "uv_size": [14, -14]},
								"east": {"uv": [33, 31], "uv_size": [14, -14]},
								"south": {"uv": [33, 31], "uv_size": [14, -14]},
								"west": {"uv": [33, 31], "uv_size": [14, -14]},
								"up": {"uv": [47, 17], "uv_size": [-14, 14]},
								"down": {"uv": [47, 17], "uv_size": [-14, 14]}
							}
						},
						{
							"origin": [0.01522, 19.71862, -9.71114],
							"size": [4, 3, 5],
							"pivot": [4, 22, -5],
							"rotation": [-2.52154, -7.49282, 0.32902],
							"uv": {
								"north": {"uv": [33, 15], "uv_size": [14, -14]},
								"east": {"uv": [33, 15], "uv_size": [14, -14]},
								"south": {"uv": [33, 15], "uv_size": [14, -14]},
								"west": {"uv": [33, 15], "uv_size": [14, -14]},
								"up": {"uv": [47, 1], "uv_size": [-14, 14]},
								"down": {"uv": [47, 1], "uv_size": [-14, 14]}
							}
						},
						{
							"origin": [-3, 23.8604, -14.29232],
							"size": [6, 3, 4],
							"pivot": [0, 25, -10],
							"rotation": [-7.5, 0, 0],
							"uv": {
								"north": {"uv": [49, 15], "uv_size": [14, -14]},
								"east": {"uv": [49, 15], "uv_size": [14, -14]},
								"south": {"uv": [49, 15], "uv_size": [14, -14]},
								"west": {"uv": [49, 15], "uv_size": [14, -14]},
								"up": {"uv": [63, 1], "uv_size": [-14, 14]},
								"down": {"uv": [63, 1], "uv_size": [-14, 14]}
							}
						},
						{
							"origin": [-2, 21.16831, -21.71101],
							"size": [4, 1, 12],
							"pivot": [0, 21, -22],
							"rotation": [12.5, 0, 0],
							"uv": {
								"north": {"uv": [49, 15], "uv_size": [14, -14]},
								"east": {"uv": [49, 15], "uv_size": [14, -14]},
								"south": {"uv": [49, 15], "uv_size": [14, -14]},
								"west": {"uv": [49, 15], "uv_size": [14, -14]},
								"up": {"uv": [63, 1], "uv_size": [-14, 14]},
								"down": {"uv": [63, 1], "uv_size": [-14, 14]}
							}
						},
						{
							"origin": [-2, 21.40845, -28.90375],
							"size": [4, 1, 8],
							"pivot": [0, 22, -21],
							"rotation": [52.5, 0, 0],
							"uv": {
								"north": {"uv": [49, 15], "uv_size": [14, -14]},
								"east": {"uv": [49, 15], "uv_size": [14, -14]},
								"south": {"uv": [49, 15], "uv_size": [14, -14]},
								"west": {"uv": [49, 15], "uv_size": [14, -14]},
								"up": {"uv": [63, 1], "uv_size": [-14, 14]},
								"down": {"uv": [63, 1], "uv_size": [-14, 14]}
							}
						},
						{
							"origin": [-4, 22.40845, -27.90375],
							"size": [8, 1, 4],
							"pivot": [0, 22, -21],
							"rotation": [52.5, 0, 0],
							"uv": {
								"north": {"uv": [33, 63], "uv_size": [30, -1]},
								"east": {"uv": [33, 63], "uv_size": [1, -13]},
								"south": {"uv": [33, 47], "uv_size": [30, -1]},
								"west": {"uv": [33, 63], "uv_size": [1, -13]},
								"up": {"uv": [33, 46], "uv_size": [30, 17]},
								"down": {"uv": [34, 63], "uv_size": [-1, -17]}
							}
						},
						{
							"origin": [-2, 21.16831, -24.71101],
							"size": [4, 1, 3],
							"pivot": [0, 21, -22],
							"rotation": [-10, 0, 0],
							"uv": {
								"north": {"uv": [49, 45], "uv_size": [14, -12]},
								"east": {"uv": [49, 15], "uv_size": [14, -14]},
								"south": {"uv": [49, 15], "uv_size": [14, -14]},
								"west": {"uv": [49, 15], "uv_size": [14, -14]},
								"up": {"uv": [63, 1], "uv_size": [-14, 14]},
								"down": {"uv": [63, 1], "uv_size": [-14, 14]}
							}
						},
						{
							"origin": [2, 21.16831, -23.71101],
							"size": [2, 1, 1],
							"pivot": [0, 21, -22],
							"rotation": [-10, 0, 0],
							"uv": {
								"north": {"uv": [33, 45], "uv_size": [14, -12]},
								"east": {"uv": [49, 15], "uv_size": [14, -14]},
								"south": {"uv": [49, 15], "uv_size": [14, -14]},
								"west": {"uv": [49, 15], "uv_size": [14, -14]},
								"up": {"uv": [63, 1], "uv_size": [-14, 14]},
								"down": {"uv": [63, 1], "uv_size": [-14, 14]}
							}
						},
						{
							"origin": [-4, 21.16831, -23.71101],
							"size": [2, 1, 1],
							"pivot": [0, 21, -22],
							"rotation": [-10, 0, 0],
							"uv": {
								"north": {"uv": [33, 45], "uv_size": [14, -12]},
								"east": {"uv": [49, 15], "uv_size": [14, -14]},
								"south": {"uv": [49, 15], "uv_size": [14, -14]},
								"west": {"uv": [49, 15], "uv_size": [14, -14]},
								"up": {"uv": [63, 1], "uv_size": [-14, 14]},
								"down": {"uv": [63, 1], "uv_size": [-14, 14]}
							}
						},
						{
							"origin": [-1, 20.16831, -23.71101],
							"size": [2, 1, 1],
							"pivot": [0, 21, -22],
							"rotation": [-10, 0, 0],
							"uv": {
								"north": {"uv": [49, 15], "uv_size": [14, -14]},
								"east": {"uv": [49, 15], "uv_size": [14, -14]},
								"south": {"uv": [49, 15], "uv_size": [14, -14]},
								"west": {"uv": [49, 15], "uv_size": [14, -14]},
								"up": {"uv": [63, 1], "uv_size": [-14, 14]},
								"down": {"uv": [63, 1], "uv_size": [-14, 14]}
							}
						},
						{
							"origin": [-2, 25.90461, -18.36076],
							"size": [4, 2, 4],
							"pivot": [-2, 25, -18],
							"rotation": [-7.5, 0, 0],
							"uv": {
								"north": {"uv": [49, 15], "uv_size": [14, -14]},
								"east": {"uv": [49, 15], "uv_size": [14, -14]},
								"south": {"uv": [49, 15], "uv_size": [14, -14]},
								"west": {"uv": [49, 15], "uv_size": [14, -14]},
								"up": {"uv": [63, 1], "uv_size": [-14, 14]},
								"down": {"uv": [63, 1], "uv_size": [-14, 14]}
							}
						},
						{
							"origin": [-2, 25.90461, -18.36076],
							"size": [2, 2, 5],
							"pivot": [-2, 25, -18],
							"rotation": [-8.44236, -27.24513, 3.88714],
							"uv": {
								"north": {"uv": [49, 15], "uv_size": [14, -14]},
								"east": {"uv": [49, 15], "uv_size": [14, -14]},
								"south": {"uv": [49, 15], "uv_size": [14, -14]},
								"west": {"uv": [49, 15], "uv_size": [14, -14]},
								"up": {"uv": [63, 1], "uv_size": [-14, 14]},
								"down": {"uv": [63, 1], "uv_size": [-14, 14]}
							}
						},
						{
							"origin": [0, 25.90461, -18.36076],
							"size": [2, 2, 5],
							"pivot": [2, 25, -18],
							"rotation": [-8.44236, 27.24513, -3.88714],
							"uv": {
								"north": {"uv": [49, 15], "uv_size": [14, -14]},
								"east": {"uv": [49, 15], "uv_size": [14, -14]},
								"south": {"uv": [49, 15], "uv_size": [14, -14]},
								"west": {"uv": [49, 15], "uv_size": [14, -14]},
								"up": {"uv": [63, 1], "uv_size": [-14, 14]},
								"down": {"uv": [63, 1], "uv_size": [-14, 14]}
							}
						}
					]
				},
				{
					"name": "bone",
					"parent": "chassi",
					"pivot": [2, 18, 2]
				},
				{
					"name": "bone2",
					"parent": "chassi",
					"pivot": [-1, 18, 2],
					"rotation": [0.66253, 12.48556, 2.55816]
				},
				{
					"name": "hhh",
					"parent": "chassi",
					"pivot": [8, 0, -22],
					"cubes": [
						{
							"origin": [-2.5, 6.30924, -9.5],
							"size": [5, 3.38151, 4],
							"pivot": [0, 8, -14],
							"rotation": [45, 0, 0],
							"uv": {
								"north": {"uv": [49, 31], "uv_size": [14, -14]},
								"east": {"uv": [49, 31], "uv_size": [14, -14]},
								"south": {"uv": [49, 31], "uv_size": [14, -14]},
								"west": {"uv": [49, 31], "uv_size": [14, -14]},
								"up": {"uv": [63, 17], "uv_size": [-14, 14]},
								"down": {"uv": [63, 17], "uv_size": [-14, 14]}
							}
						},
						{
							"origin": [-2.5, 6.30924, -22.5],
							"size": [5, 3.38151, 4],
							"pivot": [0, 8, -14],
							"rotation": [45, 0, 0],
							"uv": {
								"north": {"uv": [49, 31], "uv_size": [14, -14]},
								"east": {"uv": [49, 31], "uv_size": [14, -14]},
								"south": {"uv": [49, 31], "uv_size": [14, -14]},
								"west": {"uv": [49, 31], "uv_size": [14, -14]},
								"up": {"uv": [63, 17], "uv_size": [-14, 14]},
								"down": {"uv": [63, 17], "uv_size": [-14, 14]}
							}
						},
						{
							"origin": [-2.5, 6.30924, -9.5],
							"size": [5, 3.38151, 4],
							"pivot": [0, 8, -14],
							"rotation": [22.5, 0, 0],
							"uv": {
								"north": {"uv": [49, 31], "uv_size": [14, -14]},
								"east": {"uv": [49, 31], "uv_size": [14, -14]},
								"south": {"uv": [49, 31], "uv_size": [14, -14]},
								"west": {"uv": [49, 31], "uv_size": [14, -14]},
								"up": {"uv": [63, 17], "uv_size": [-14, 14]},
								"down": {"uv": [63, 17], "uv_size": [-14, 14]}
							}
						},
						{
							"origin": [-2.5, 6.30924, -22.5],
							"size": [5, 3.38151, 4],
							"pivot": [0, 8, -14],
							"rotation": [22.5, 0, 0],
							"uv": {
								"north": {"uv": [49, 31], "uv_size": [14, -14]},
								"east": {"uv": [49, 31], "uv_size": [14, -14]},
								"south": {"uv": [49, 31], "uv_size": [14, -14]},
								"west": {"uv": [49, 31], "uv_size": [14, -14]},
								"up": {"uv": [63, 17], "uv_size": [-14, 14]},
								"down": {"uv": [63, 17], "uv_size": [-14, 14]}
							}
						},
						{
							"origin": [-2.5, 6.30924, -9.5],
							"size": [5, 3.38151, 4],
							"uv": {
								"north": {"uv": [49, 31], "uv_size": [14, -14]},
								"east": {"uv": [49, 31], "uv_size": [14, -14]},
								"south": {"uv": [49, 31], "uv_size": [14, -14]},
								"west": {"uv": [49, 31], "uv_size": [14, -14]},
								"up": {"uv": [63, 17], "uv_size": [-14, 14]},
								"down": {"uv": [63, 17], "uv_size": [-14, 14]}
							}
						},
						{
							"origin": [-2.5, 6.30924, -22.5],
							"size": [5, 3.38151, 4],
							"uv": {
								"north": {"uv": [49, 31], "uv_size": [14, -14]},
								"east": {"uv": [49, 31], "uv_size": [14, -14]},
								"south": {"uv": [49, 31], "uv_size": [14, -14]},
								"west": {"uv": [49, 31], "uv_size": [14, -14]},
								"up": {"uv": [63, 17], "uv_size": [-14, 14]},
								"down": {"uv": [63, 17], "uv_size": [-14, 14]}
							}
						},
						{
							"origin": [-2.5, 6.30924, -9.5],
							"size": [5, 3.38151, 4],
							"pivot": [0, 8, -14],
							"rotation": [-22.5, 0, 0],
							"uv": {
								"north": {"uv": [49, 31], "uv_size": [14, -14]},
								"east": {"uv": [49, 31], "uv_size": [14, -14]},
								"south": {"uv": [49, 31], "uv_size": [14, -14]},
								"west": {"uv": [49, 31], "uv_size": [14, -14]},
								"up": {"uv": [63, 17], "uv_size": [-14, 14]},
								"down": {"uv": [63, 17], "uv_size": [-14, 14]}
							}
						},
						{
							"origin": [-2.5, 6.30924, -22.5],
							"size": [5, 3.38151, 4],
							"pivot": [0, 8, -14],
							"rotation": [-22.5, 0, 0],
							"uv": {
								"north": {"uv": [49, 31], "uv_size": [14, -14]},
								"east": {"uv": [49, 31], "uv_size": [14, -14]},
								"south": {"uv": [49, 31], "uv_size": [14, -14]},
								"west": {"uv": [49, 31], "uv_size": [14, -14]},
								"up": {"uv": [63, 17], "uv_size": [-14, 14]},
								"down": {"uv": [63, 17], "uv_size": [-14, 14]}
							}
						},
						{
							"origin": [-2.5, 6.30924, -9.5],
							"size": [5, 3.38151, 4],
							"pivot": [0, 8, -14],
							"rotation": [-45, 0, 0],
							"uv": {
								"north": {"uv": [49, 31], "uv_size": [14, -14]},
								"east": {"uv": [49, 31], "uv_size": [14, -14]},
								"south": {"uv": [49, 31], "uv_size": [14, -14]},
								"west": {"uv": [49, 31], "uv_size": [14, -14]},
								"up": {"uv": [63, 17], "uv_size": [-14, 14]},
								"down": {"uv": [63, 17], "uv_size": [-14, 14]}
							}
						},
						{
							"origin": [-2.5, 6.30924, -22.5],
							"size": [5, 3.38151, 4],
							"pivot": [0, 8, -14],
							"rotation": [-45, 0, 0],
							"uv": {
								"north": {"uv": [49, 31], "uv_size": [14, -14]},
								"east": {"uv": [49, 31], "uv_size": [14, -14]},
								"south": {"uv": [49, 31], "uv_size": [14, -14]},
								"west": {"uv": [49, 31], "uv_size": [14, -14]},
								"up": {"uv": [63, 17], "uv_size": [-14, 14]},
								"down": {"uv": [63, 17], "uv_size": [-14, 14]}
							}
						},
						{
							"origin": [-2.5, 12.5, -15.69076],
							"size": [5, 4, 3.38151],
							"pivot": [0, 8, -14],
							"rotation": [22.5, 0, 0],
							"uv": {
								"north": {"uv": [49, 31], "uv_size": [14, -14]},
								"east": {"uv": [49, 31], "uv_size": [14, -14]},
								"south": {"uv": [49, 31], "uv_size": [14, -14]},
								"west": {"uv": [49, 31], "uv_size": [14, -14]},
								"up": {"uv": [63, 17], "uv_size": [-14, 14]},
								"down": {"uv": [63, 17], "uv_size": [-14, 14]}
							}
						},
						{
							"origin": [-2.5, -0.5, -15.69076],
							"size": [5, 4, 3.38151],
							"pivot": [0, 8, -14],
							"rotation": [22.5, 0, 0],
							"uv": {
								"north": {"uv": [49, 31], "uv_size": [14, -14]},
								"east": {"uv": [49, 31], "uv_size": [14, -14]},
								"south": {"uv": [49, 31], "uv_size": [14, -14]},
								"west": {"uv": [49, 31], "uv_size": [14, -14]},
								"up": {"uv": [63, 17], "uv_size": [-14, 14]},
								"down": {"uv": [63, 17], "uv_size": [-14, 14]}
							}
						},
						{
							"origin": [-2.5, 12.5, -15.69076],
							"size": [5, 4, 3.38151],
							"uv": {
								"north": {"uv": [49, 31], "uv_size": [14, -14]},
								"east": {"uv": [49, 31], "uv_size": [14, -14]},
								"south": {"uv": [49, 31], "uv_size": [14, -14]},
								"west": {"uv": [49, 31], "uv_size": [14, -14]},
								"up": {"uv": [63, 17], "uv_size": [-14, 14]},
								"down": {"uv": [63, 17], "uv_size": [-14, 14]}
							}
						},
						{
							"origin": [-2.5, -0.5, -15.69076],
							"size": [5, 4, 3.38151],
							"uv": {
								"north": {"uv": [49, 31], "uv_size": [14, -14]},
								"east": {"uv": [49, 31], "uv_size": [14, -14]},
								"south": {"uv": [49, 31], "uv_size": [14, -14]},
								"west": {"uv": [49, 31], "uv_size": [14, -14]},
								"up": {"uv": [63, 17], "uv_size": [-14, 14]},
								"down": {"uv": [63, 17], "uv_size": [-14, 14]}
							}
						},
						{
							"origin": [-3.5, 7.5, -14.69076],
							"size": [7, 2, 1.38151],
							"uv": {
								"north": {"uv": [49, 31], "uv_size": [14, -14]},
								"east": {"uv": [49, 31], "uv_size": [14, -14]},
								"south": {"uv": [49, 31], "uv_size": [14, -14]},
								"west": {"uv": [49, 31], "uv_size": [14, -14]},
								"up": {"uv": [63, 17], "uv_size": [-14, 14]},
								"down": {"uv": [63, 17], "uv_size": [-14, 14]}
							}
						},
						{
							"origin": [-2.5, 12.5, -15.69076],
							"size": [5, 4, 3.38151],
							"pivot": [0, 8, -14],
							"rotation": [-22.5, 0, 0],
							"uv": {
								"north": {"uv": [49, 31], "uv_size": [14, -14]},
								"east": {"uv": [49, 31], "uv_size": [14, -14]},
								"south": {"uv": [49, 31], "uv_size": [14, -14]},
								"west": {"uv": [49, 31], "uv_size": [14, -14]},
								"up": {"uv": [63, 17], "uv_size": [-14, 14]},
								"down": {"uv": [63, 17], "uv_size": [-14, 14]}
							}
						},
						{
							"origin": [-2.5, -0.5, -15.69076],
							"size": [5, 4, 3.38151],
							"pivot": [0, 8, -14],
							"rotation": [-22.5, 0, 0],
							"uv": {
								"north": {"uv": [49, 31], "uv_size": [14, -14]},
								"east": {"uv": [49, 31], "uv_size": [14, -14]},
								"south": {"uv": [49, 31], "uv_size": [14, -14]},
								"west": {"uv": [49, 31], "uv_size": [14, -14]},
								"up": {"uv": [63, 17], "uv_size": [-14, 14]},
								"down": {"uv": [63, 17], "uv_size": [-14, 14]}
							}
						}
					]
				},
				{
					"name": "guidon",
					"parent": "Xj6",
					"pivot": [0, 23, 18],
					"cubes": [
						{
							"origin": [-4, 26.74135, 17.68809],
							"size": [1, 4, 1],
							"pivot": [-2, 28, 16],
							"rotation": [19.65736, 15.7627, -37.25235],
							"uv": {
								"north": {"uv": [33, 31], "uv_size": [14, -14]},
								"east": {"uv": [33, 31], "uv_size": [14, -14]},
								"south": {"uv": [33, 31], "uv_size": [14, -14]},
								"west": {"uv": [33, 31], "uv_size": [14, -14]},
								"up": {"uv": [47, 17], "uv_size": [-14, 14]},
								"down": {"uv": [47, 17], "uv_size": [-14, 14]}
							}
						},
						{
							"origin": [-7.72121, 30.40643, 16.32655],
							"size": [1, 6, 1],
							"pivot": [-5, 31, 15],
							"rotation": [0, 25, -90],
							"uv": {
								"north": {"uv": [49, 15], "uv_size": [14, -14]},
								"east": {"uv": [49, 15], "uv_size": [14, -14]},
								"south": {"uv": [49, 15], "uv_size": [14, -14]},
								"west": {"uv": [49, 15], "uv_size": [14, -14]},
								"up": {"uv": [63, 1], "uv_size": [-14, 14]},
								"down": {"uv": [63, 1], "uv_size": [-14, 14]}
							}
						},
						{
							"origin": [3, 26.74135, 17.68809],
							"size": [1, 4, 1],
							"pivot": [2, 28, 16],
							"rotation": [19.65736, -15.7627, 37.25235],
							"uv": {
								"north": {"uv": [33, 31], "uv_size": [14, -14]},
								"east": {"uv": [33, 31], "uv_size": [14, -14]},
								"south": {"uv": [33, 31], "uv_size": [14, -14]},
								"west": {"uv": [33, 31], "uv_size": [14, -14]},
								"up": {"uv": [47, 17], "uv_size": [-14, 14]},
								"down": {"uv": [47, 17], "uv_size": [-14, 14]}
							}
						},
						{
							"origin": [6.72121, 30.40643, 16.32655],
							"size": [1, 6, 1],
							"pivot": [5, 31, 15],
							"rotation": [0, -25, 90],
							"uv": {
								"north": {"uv": [49, 15], "uv_size": [14, -14]},
								"east": {"uv": [49, 15], "uv_size": [14, -14]},
								"south": {"uv": [49, 15], "uv_size": [14, -14]},
								"west": {"uv": [49, 15], "uv_size": [14, -14]},
								"up": {"uv": [63, 1], "uv_size": [-14, 14]},
								"down": {"uv": [63, 1], "uv_size": [-14, 14]}
							}
						},
						{
							"origin": [6.5, 30.40643, 16.1],
							"size": [1.4, 2, 1.4],
							"pivot": [5, 31, 15],
							"rotation": [0, -25, 90],
							"uv": {
								"north": {"uv": [49, 31], "uv_size": [14, -14]},
								"east": {"uv": [49, 31], "uv_size": [14, -14]},
								"south": {"uv": [49, 31], "uv_size": [14, -14]},
								"west": {"uv": [49, 31], "uv_size": [14, -14]},
								"up": {"uv": [63, 17], "uv_size": [-14, 14]},
								"down": {"uv": [63, 17], "uv_size": [-14, 14]}
							}
						},
						{
							"origin": [8.5, 34.40643, 15.1],
							"size": [1.4, 3, 0.4],
							"pivot": [9, 36, 14],
							"rotation": [0, 0, 90],
							"uv": {
								"north": {"uv": [15, 63], "uv_size": [-14, -14]},
								"east": {"uv": [49, 15], "uv_size": [14, -14]},
								"south": {"uv": [49, 15], "uv_size": [14, -14]},
								"west": {"uv": [49, 15], "uv_size": [14, -14]},
								"up": {"uv": [63, 1], "uv_size": [-14, 14]},
								"down": {"uv": [63, 1], "uv_size": [-14, 14]}
							}
						},
						{
							"origin": [17.9, 30.40643, 22.1],
							"size": [1, 3, 1],
							"pivot": [9, 36, 14],
							"rotation": [0, 0, 90],
							"uv": {
								"north": {"uv": [63, 15], "uv_size": [-14, -14]},
								"east": {"uv": [49, 15], "uv_size": [14, -14]},
								"south": {"uv": [33, 45], "uv_size": [14, -12]},
								"west": {"uv": [49, 15], "uv_size": [14, -14]},
								"up": {"uv": [63, 1], "uv_size": [-14, 14]},
								"down": {"uv": [63, 1], "uv_size": [-14, 14]}
							}
						},
						{
							"origin": [17.9, 20.40643, 22.1],
							"size": [1, 3, 1],
							"pivot": [9, 36, 14],
							"rotation": [0, 0, 90],
							"uv": {
								"north": {"uv": [63, 15], "uv_size": [-14, -14]},
								"east": {"uv": [49, 15], "uv_size": [14, -14]},
								"south": {"uv": [33, 45], "uv_size": [14, -12]},
								"west": {"uv": [49, 15], "uv_size": [14, -14]},
								"up": {"uv": [63, 1], "uv_size": [-14, 14]},
								"down": {"uv": [63, 1], "uv_size": [-14, 14]}
							}
						},
						{
							"origin": [8.5, 28.40643, 14.6],
							"size": [0.4, 6, 0.4],
							"pivot": [9, 36, 14],
							"rotation": [20.90668, -13.65309, 29.04952],
							"uv": {
								"north": {"uv": [49, 15], "uv_size": [14, -14]},
								"east": {"uv": [49, 15], "uv_size": [14, -14]},
								"south": {"uv": [49, 15], "uv_size": [14, -14]},
								"west": {"uv": [49, 15], "uv_size": [14, -14]},
								"up": {"uv": [63, 1], "uv_size": [-14, 14]},
								"down": {"uv": [63, 1], "uv_size": [-14, 14]}
							}
						},
						{
							"origin": [-9.20904, 27.69151, 14.60655],
							"size": [0.4, 7, 0.4],
							"pivot": [-9, 36, 14],
							"rotation": [21.99485, 3.83486, -34.06775],
							"uv": {
								"north": {"uv": [49, 15], "uv_size": [14, -14]},
								"east": {"uv": [49, 15], "uv_size": [14, -14]},
								"south": {"uv": [49, 15], "uv_size": [14, -14]},
								"west": {"uv": [49, 15], "uv_size": [14, -14]},
								"up": {"uv": [63, 1], "uv_size": [-14, 14]},
								"down": {"uv": [63, 1], "uv_size": [-14, 14]}
							}
						},
						{
							"origin": [-0.5, 15.40643, 15.1],
							"size": [1.4, 3, 0.4],
							"pivot": [5, 31, 15],
							"rotation": [0, 0, 90],
							"uv": {
								"north": {"uv": [15, 63], "uv_size": [-14, -14]},
								"east": {"uv": [49, 15], "uv_size": [14, -14]},
								"south": {"uv": [49, 15], "uv_size": [14, -14]},
								"west": {"uv": [49, 15], "uv_size": [14, -14]},
								"up": {"uv": [63, 1], "uv_size": [-14, 14]},
								"down": {"uv": [63, 1], "uv_size": [-14, 14]}
							}
						},
						{
							"origin": [6.5, 19.5, 16.1],
							"size": [1.4, 2, 1.4],
							"pivot": [5, 31, 15],
							"rotation": [0, -25, 90],
							"uv": {
								"north": {"uv": [49, 31], "uv_size": [14, -14]},
								"east": {"uv": [49, 31], "uv_size": [14, -14]},
								"south": {"uv": [49, 31], "uv_size": [14, -14]},
								"west": {"uv": [49, 31], "uv_size": [14, -14]},
								"up": {"uv": [63, 17], "uv_size": [-14, 14]},
								"down": {"uv": [63, 17], "uv_size": [-14, 14]}
							}
						}
					]
				},
				{
					"name": "hexadecagon",
					"parent": "guidon",
					"pivot": [10, 1, 18]
				},
				{
					"name": "hexadecagon2",
					"parent": "guidon",
					"pivot": [8, 0, 20],
					"cubes": [
						{
							"origin": [-1.5, 6.30924, 32.5],
							"size": [3, 3.38151, 4],
							"pivot": [0, 8, 28],
							"rotation": [45, 0, 0],
							"uv": {
								"north": {"uv": [63, 17], "uv_size": [-14, 14]},
								"east": {"uv": [63, 17], "uv_size": [-14, 14]},
								"south": {"uv": [63, 17], "uv_size": [-14, 14]},
								"west": {"uv": [63, 17], "uv_size": [-14, 14]},
								"up": {"uv": [49, 31], "uv_size": [14, -14]},
								"down": {"uv": [49, 31], "uv_size": [14, -14]}
							}
						},
						{
							"origin": [-1.5, 6.30924, 19.5],
							"size": [3, 3.38151, 4],
							"pivot": [0, 8, 28],
							"rotation": [45, 0, 0],
							"uv": {
								"north": {"uv": [63, 17], "uv_size": [-14, 14]},
								"east": {"uv": [63, 17], "uv_size": [-14, 14]},
								"south": {"uv": [63, 17], "uv_size": [-14, 14]},
								"west": {"uv": [63, 17], "uv_size": [-14, 14]},
								"up": {"uv": [49, 31], "uv_size": [14, -14]},
								"down": {"uv": [49, 31], "uv_size": [14, -14]}
							}
						},
						{
							"origin": [-1.5, 6.30924, 32.5],
							"size": [3, 3.38151, 4],
							"pivot": [0, 8, 28],
							"rotation": [22.5, 0, 0],
							"uv": {
								"north": {"uv": [63, 17], "uv_size": [-14, 14]},
								"east": {"uv": [63, 17], "uv_size": [-14, 14]},
								"south": {"uv": [63, 17], "uv_size": [-14, 14]},
								"west": {"uv": [63, 17], "uv_size": [-14, 14]},
								"up": {"uv": [49, 31], "uv_size": [14, -14]},
								"down": {"uv": [49, 31], "uv_size": [14, -14]}
							}
						},
						{
							"origin": [-1.5, 6.30924, 19.5],
							"size": [3, 3.38151, 4],
							"pivot": [0, 8, 28],
							"rotation": [22.5, 0, 0],
							"uv": {
								"north": {"uv": [63, 17], "uv_size": [-14, 14]},
								"east": {"uv": [63, 17], "uv_size": [-14, 14]},
								"south": {"uv": [63, 17], "uv_size": [-14, 14]},
								"west": {"uv": [63, 17], "uv_size": [-14, 14]},
								"up": {"uv": [49, 31], "uv_size": [14, -14]},
								"down": {"uv": [49, 31], "uv_size": [14, -14]}
							}
						},
						{
							"origin": [-1.5, 6.30924, 32.5],
							"size": [3, 3.38151, 4],
							"uv": {
								"north": {"uv": [63, 17], "uv_size": [-14, 14]},
								"east": {"uv": [63, 17], "uv_size": [-14, 14]},
								"south": {"uv": [63, 17], "uv_size": [-14, 14]},
								"west": {"uv": [63, 17], "uv_size": [-14, 14]},
								"up": {"uv": [49, 31], "uv_size": [14, -14]},
								"down": {"uv": [49, 31], "uv_size": [14, -14]}
							}
						},
						{
							"origin": [-1.5, 6.30924, 19.5],
							"size": [3, 3.38151, 4],
							"uv": {
								"north": {"uv": [63, 17], "uv_size": [-14, 14]},
								"east": {"uv": [63, 17], "uv_size": [-14, 14]},
								"south": {"uv": [63, 17], "uv_size": [-14, 14]},
								"west": {"uv": [63, 17], "uv_size": [-14, 14]},
								"up": {"uv": [49, 31], "uv_size": [14, -14]},
								"down": {"uv": [49, 31], "uv_size": [14, -14]}
							}
						},
						{
							"origin": [-1.5, 6.30924, 32.5],
							"size": [3, 3.38151, 4],
							"pivot": [0, 8, 28],
							"rotation": [-22.5, 0, 0],
							"uv": {
								"north": {"uv": [63, 17], "uv_size": [-14, 14]},
								"east": {"uv": [63, 17], "uv_size": [-14, 14]},
								"south": {"uv": [63, 17], "uv_size": [-14, 14]},
								"west": {"uv": [63, 17], "uv_size": [-14, 14]},
								"up": {"uv": [49, 31], "uv_size": [14, -14]},
								"down": {"uv": [49, 31], "uv_size": [14, -14]}
							}
						},
						{
							"origin": [-1.5, 6.30924, 19.5],
							"size": [3, 3.38151, 4],
							"pivot": [0, 8, 28],
							"rotation": [-22.5, 0, 0],
							"uv": {
								"north": {"uv": [63, 17], "uv_size": [-14, 14]},
								"east": {"uv": [63, 17], "uv_size": [-14, 14]},
								"south": {"uv": [63, 17], "uv_size": [-14, 14]},
								"west": {"uv": [63, 17], "uv_size": [-14, 14]},
								"up": {"uv": [49, 31], "uv_size": [14, -14]},
								"down": {"uv": [49, 31], "uv_size": [14, -14]}
							}
						},
						{
							"origin": [-1.5, 6.30924, 32.5],
							"size": [3, 3.38151, 4],
							"pivot": [0, 8, 28],
							"rotation": [-45, 0, 0],
							"uv": {
								"north": {"uv": [63, 17], "uv_size": [-14, 14]},
								"east": {"uv": [63, 17], "uv_size": [-14, 14]},
								"south": {"uv": [63, 17], "uv_size": [-14, 14]},
								"west": {"uv": [63, 17], "uv_size": [-14, 14]},
								"up": {"uv": [49, 31], "uv_size": [14, -14]},
								"down": {"uv": [49, 31], "uv_size": [14, -14]}
							}
						},
						{
							"origin": [-1.5, 6.30924, 19.5],
							"size": [3, 3.38151, 4],
							"pivot": [0, 8, 28],
							"rotation": [-45, 0, 0],
							"uv": {
								"north": {"uv": [63, 17], "uv_size": [-14, 14]},
								"east": {"uv": [63, 17], "uv_size": [-14, 14]},
								"south": {"uv": [63, 17], "uv_size": [-14, 14]},
								"west": {"uv": [63, 17], "uv_size": [-14, 14]},
								"up": {"uv": [49, 31], "uv_size": [14, -14]},
								"down": {"uv": [49, 31], "uv_size": [14, -14]}
							}
						},
						{
							"origin": [-1.5, 12.5, 26.30924],
							"size": [3, 4, 3.38151],
							"pivot": [0, 8, 28],
							"rotation": [22.5, 0, 0],
							"uv": {
								"north": {"uv": [63, 17], "uv_size": [-14, 14]},
								"east": {"uv": [63, 17], "uv_size": [-14, 14]},
								"south": {"uv": [63, 17], "uv_size": [-14, 14]},
								"west": {"uv": [63, 17], "uv_size": [-14, 14]},
								"up": {"uv": [49, 31], "uv_size": [14, -14]},
								"down": {"uv": [49, 31], "uv_size": [14, -14]}
							}
						},
						{
							"origin": [-1.5, -0.5, 26.30924],
							"size": [3, 4, 3.38151],
							"pivot": [0, 8, 28],
							"rotation": [22.5, 0, 0],
							"uv": {
								"north": {"uv": [63, 17], "uv_size": [-14, 14]},
								"east": {"uv": [63, 17], "uv_size": [-14, 14]},
								"south": {"uv": [63, 17], "uv_size": [-14, 14]},
								"west": {"uv": [63, 17], "uv_size": [-14, 14]},
								"up": {"uv": [49, 31], "uv_size": [14, -14]},
								"down": {"uv": [49, 31], "uv_size": [14, -14]}
							}
						},
						{
							"origin": [-1.5, 12.5, 26.30924],
							"size": [3, 4, 3.38151],
							"uv": {
								"north": {"uv": [63, 17], "uv_size": [-14, 14]},
								"east": {"uv": [63, 17], "uv_size": [-14, 14]},
								"south": {"uv": [63, 17], "uv_size": [-14, 14]},
								"west": {"uv": [63, 17], "uv_size": [-14, 14]},
								"up": {"uv": [49, 31], "uv_size": [14, -14]},
								"down": {"uv": [49, 31], "uv_size": [14, -14]}
							}
						},
						{
							"origin": [-1.5, -0.5, 26.30924],
							"size": [3, 4, 3.38151],
							"uv": {
								"north": {"uv": [63, 17], "uv_size": [-14, 14]},
								"east": {"uv": [63, 17], "uv_size": [-14, 14]},
								"south": {"uv": [63, 17], "uv_size": [-14, 14]},
								"west": {"uv": [63, 17], "uv_size": [-14, 14]},
								"up": {"uv": [49, 31], "uv_size": [14, -14]},
								"down": {"uv": [49, 31], "uv_size": [14, -14]}
							}
						},
						{
							"origin": [-1.5, 7.5, 27.30924],
							"size": [3, 2, 1.38151],
							"uv": {
								"north": {"uv": [63, 17], "uv_size": [-14, 14]},
								"east": {"uv": [63, 17], "uv_size": [-14, 14]},
								"south": {"uv": [63, 17], "uv_size": [-14, 14]},
								"west": {"uv": [63, 17], "uv_size": [-14, 14]},
								"up": {"uv": [49, 31], "uv_size": [14, -14]},
								"down": {"uv": [49, 31], "uv_size": [14, -14]}
							}
						},
						{
							"origin": [-2.55, 7.5, 27.30924],
							"size": [1, 22, 1],
							"pivot": [-2, 8, 28],
							"rotation": [25, 0, 0],
							"uv": {
								"north": {"uv": [47, 17], "uv_size": [-14, 14]},
								"east": {"uv": [47, 17], "uv_size": [-14, 14]},
								"south": {"uv": [47, 17], "uv_size": [-14, 14]},
								"west": {"uv": [47, 17], "uv_size": [-14, 14]},
								"up": {"uv": [33, 31], "uv_size": [14, -14]},
								"down": {"uv": [33, 31], "uv_size": [14, -14]}
							}
						},
						{
							"origin": [1.55, 7.5, 27.30924],
							"size": [1, 22, 1],
							"pivot": [-2, 8, 28],
							"rotation": [25, 0, 0],
							"uv": {
								"north": {"uv": [47, 17], "uv_size": [-14, 14]},
								"east": {"uv": [47, 17], "uv_size": [-14, 14]},
								"south": {"uv": [47, 17], "uv_size": [-14, 14]},
								"west": {"uv": [47, 17], "uv_size": [-14, 14]},
								"up": {"uv": [33, 31], "uv_size": [14, -14]},
								"down": {"uv": [33, 31], "uv_size": [14, -14]}
							}
						},
						{
							"origin": [-2.5, 26.5, 26.2],
							"size": [5, 1, 2],
							"pivot": [-2, 8, 28],
							"rotation": [25, 0, 0],
							"uv": {
								"north": {"uv": [63, 17], "uv_size": [-14, 14]},
								"east": {"uv": [63, 17], "uv_size": [-14, 14]},
								"south": {"uv": [63, 17], "uv_size": [-14, 14]},
								"west": {"uv": [63, 17], "uv_size": [-14, 14]},
								"up": {"uv": [49, 31], "uv_size": [14, -14]},
								"down": {"uv": [49, 31], "uv_size": [14, -14]}
							}
						},
						{
							"origin": [-3.5, 28.43007, 20.8135],
							"size": [7, 3, 4],
							"pivot": [2, 28, 25],
							"rotation": [50, 0, 0],
							"uv": {
								"north": {"uv": [63, 1], "uv_size": [-14, 14]},
								"east": {"uv": [63, 1], "uv_size": [-14, 14]},
								"south": {"uv": [63, 1], "uv_size": [-14, 14]},
								"west": {"uv": [63, 1], "uv_size": [-14, 14]},
								"up": {"uv": [49, 15], "uv_size": [14, -14]},
								"down": {"uv": [49, 15], "uv_size": [14, -14]}
							}
						},
						{
							"origin": [-2.5, 22.43007, 21.8135],
							"size": [5, 6, 3],
							"pivot": [2, 28, 25],
							"rotation": [25, 0, 0],
							"uv": {
								"north": {"uv": [63, 1], "uv_size": [-14, 14]},
								"east": {"uv": [63, 1], "uv_size": [-14, 14]},
								"south": {"uv": [63, 1], "uv_size": [-14, 14]},
								"west": {"uv": [63, 1], "uv_size": [-14, 14]},
								"up": {"uv": [49, 15], "uv_size": [14, -14]},
								"down": {"uv": [49, 15], "uv_size": [14, -14]}
							}
						},
						{
							"origin": [-2.5, 22.43007, 24.9],
							"size": [5, 5, 0],
							"pivot": [2, 28, 25],
							"rotation": [25, 0, 0],
							"uv": {
								"north": {"uv": [26, 17], "uv_size": [-14, 14]},
								"east": {"uv": [26, 17], "uv_size": [-14, 14]},
								"south": {"uv": [29, 51], "uv_size": [-11, 11]},
								"west": {"uv": [26, 17], "uv_size": [-14, 14]},
								"up": {"uv": [12, 31], "uv_size": [14, -14]},
								"down": {"uv": [12, 31], "uv_size": [14, -14]}
							}
						},
						{
							"origin": [2.5, 22.43007, 21.8135],
							"size": [1, 6, 3],
							"pivot": [3, 28, 25],
							"rotation": [24.81197, -3.1622, 6.80423],
							"uv": {
								"north": {"uv": [63, 1], "uv_size": [-14, 14]},
								"east": {"uv": [63, 1], "uv_size": [-14, 14]},
								"south": {"uv": [63, 1], "uv_size": [-14, 14]},
								"west": {"uv": [63, 1], "uv_size": [-14, 14]},
								"up": {"uv": [49, 15], "uv_size": [14, -14]},
								"down": {"uv": [49, 15], "uv_size": [14, -14]}
							}
						},
						{
							"origin": [2.5, 22.43007, 21.8135],
							"size": [1, 6, 3],
							"pivot": [3, 28, 25],
							"rotation": [24.81197, -3.1622, 6.80423],
							"uv": {
								"north": {"uv": [63, 1], "uv_size": [-14, 14]},
								"east": {"uv": [63, 1], "uv_size": [-14, 14]},
								"south": {"uv": [63, 1], "uv_size": [-14, 14]},
								"west": {"uv": [63, 1], "uv_size": [-14, 14]},
								"up": {"uv": [49, 15], "uv_size": [14, -14]},
								"down": {"uv": [49, 15], "uv_size": [14, -14]}
							}
						},
						{
							"origin": [-3.5, 22.43007, 21.8135],
							"size": [1, 6, 3],
							"pivot": [-3, 28, 25],
							"rotation": [24.81197, 3.1622, -6.80423],
							"uv": {
								"north": {"uv": [63, 1], "uv_size": [-14, 14]},
								"east": {"uv": [63, 1], "uv_size": [-14, 14]},
								"south": {"uv": [63, 1], "uv_size": [-14, 14]},
								"west": {"uv": [63, 1], "uv_size": [-14, 14]},
								"up": {"uv": [49, 15], "uv_size": [14, -14]},
								"down": {"uv": [49, 15], "uv_size": [14, -14]}
							}
						},
						{
							"origin": [-2.5, 22.43007, 24.8135],
							"size": [5, 2, 3],
							"pivot": [2, 28, 25],
							"rotation": [-30, 0, 0],
							"uv": {
								"north": {"uv": [63, 1], "uv_size": [-14, 14]},
								"east": {"uv": [63, 1], "uv_size": [-14, 14]},
								"south": {"uv": [63, 1], "uv_size": [-14, 14]},
								"west": {"uv": [63, 1], "uv_size": [-14, 14]},
								"up": {"uv": [49, 15], "uv_size": [14, -14]},
								"down": {"uv": [49, 15], "uv_size": [14, -14]}
							}
						},
						{
							"origin": [-2.5, 25.43007, 19.8135],
							"size": [5, 6, 3],
							"pivot": [2, 28, 25],
							"rotation": [35, 0, 0],
							"uv": {
								"north": {"uv": [63, 1], "uv_size": [-14, 14]},
								"east": {"uv": [63, 1], "uv_size": [-14, 14]},
								"south": {"uv": [63, 1], "uv_size": [-14, 14]},
								"west": {"uv": [63, 1], "uv_size": [-14, 14]},
								"up": {"uv": [49, 15], "uv_size": [14, -14]},
								"down": {"uv": [49, 15], "uv_size": [14, -14]}
							}
						},
						{
							"origin": [-3.5, 31.5, 20.8135],
							"size": [7, 0, 3],
							"pivot": [2, 28, 25],
							"rotation": [35, 0, 0],
							"uv": {
								"north": {"uv": [25, 17], "uv_size": [-14, 14]},
								"east": {"uv": [25, 17], "uv_size": [-14, 14]},
								"south": {"uv": [25, 17], "uv_size": [-14, 14]},
								"west": {"uv": [25, 17], "uv_size": [-14, 14]},
								"up": {"uv": [1, 47], "uv_size": [30, -14]},
								"down": {"uv": [11, 31], "uv_size": [14, -14]}
							}
						},
						{
							"origin": [-1.5, 12.5, 26.30924],
							"size": [3, 4, 3.38151],
							"pivot": [0, 8, 28],
							"rotation": [-22.5, 0, 0],
							"uv": {
								"north": {"uv": [63, 17], "uv_size": [-14, 14]},
								"east": {"uv": [63, 17], "uv_size": [-14, 14]},
								"south": {"uv": [63, 17], "uv_size": [-14, 14]},
								"west": {"uv": [63, 17], "uv_size": [-14, 14]},
								"up": {"uv": [49, 31], "uv_size": [14, -14]},
								"down": {"uv": [49, 31], "uv_size": [14, -14]}
							}
						},
						{
							"origin": [-1.5, -0.5, 26.30924],
							"size": [3, 4, 3.38151],
							"pivot": [0, 8, 28],
							"rotation": [-22.5, 0, 0],
							"uv": {
								"north": {"uv": [63, 17], "uv_size": [-14, 14]},
								"east": {"uv": [63, 17], "uv_size": [-14, 14]},
								"south": {"uv": [63, 17], "uv_size": [-14, 14]},
								"west": {"uv": [63, 17], "uv_size": [-14, 14]},
								"up": {"uv": [49, 31], "uv_size": [14, -14]},
								"down": {"uv": [49, 31], "uv_size": [14, -14]}
							}
						}
					]
				},
				{
					"name": "hexadecagon",
					"parent": "guidon",
					"pivot": [8, 1, 19],
					"cubes": [
						{
							"origin": [-1.5, 7.11033, 17.5],
							"size": [3, 3.77933, 1],
							"uv": {
								"north": {"uv": [47, 15], "uv_size": [-14, -14]},
								"east": {"uv": [47, 15], "uv_size": [-14, -14]},
								"south": {"uv": [47, 15], "uv_size": [-14, -14]},
								"west": {"uv": [47, 15], "uv_size": [-14, -14]},
								"up": {"uv": [33, 1], "uv_size": [14, 14]},
								"down": {"uv": [33, 1], "uv_size": [14, 14]}
							}
						},
						{
							"origin": [-1.5, 7.32677, 17.4763],
							"size": [3, 3.77933, 1],
							"pivot": [-1, 7, 18],
							"rotation": [-12.5, 0, 0],
							"uv": {
								"north": {"uv": [47, 15], "uv_size": [-14, -14]},
								"east": {"uv": [47, 15], "uv_size": [-14, -14]},
								"south": {"uv": [63, 15], "uv_size": [-14, -14]},
								"west": {"uv": [47, 15], "uv_size": [-14, -14]},
								"up": {"uv": [33, 1], "uv_size": [14, 14]},
								"down": {"uv": [33, 1], "uv_size": [14, 14]}
							}
						},
						{
							"origin": [-1.5, 7.32677, 17.4763],
							"size": [3, 3.77933, 1],
							"pivot": [-1, 7, 18],
							"rotation": [-12.08681, -3.21132, -14.65993],
							"uv": {
								"north": {"uv": [47, 15], "uv_size": [-14, -14]},
								"east": {"uv": [47, 15], "uv_size": [-14, -14]},
								"south": {"uv": [63, 15], "uv_size": [-14, -14]},
								"west": {"uv": [47, 15], "uv_size": [-14, -14]},
								"up": {"uv": [33, 1], "uv_size": [14, 14]},
								"down": {"uv": [33, 1], "uv_size": [14, 14]}
							}
						},
						{
							"origin": [-1.5, 7.32677, 17.4763],
							"size": [3, 3.77933, 1],
							"pivot": [1, 7, 18],
							"rotation": [-12.08681, 3.21132, 14.65993],
							"uv": {
								"north": {"uv": [47, 15], "uv_size": [-14, -14]},
								"east": {"uv": [47, 15], "uv_size": [-14, -14]},
								"south": {"uv": [63, 15], "uv_size": [-14, -14]},
								"west": {"uv": [47, 15], "uv_size": [-14, -14]},
								"up": {"uv": [33, 1], "uv_size": [14, 14]},
								"down": {"uv": [33, 1], "uv_size": [14, 14]}
							}
						},
						{
							"origin": [-2.5, 7.11033, 17.5],
							"size": [5, 3.77933, 2],
							"pivot": [0, 9, 27],
							"rotation": [-22.5, 0, 0],
							"uv": {
								"north": {"uv": [47, 15], "uv_size": [-14, -14]},
								"east": {"uv": [47, 15], "uv_size": [-14, -14]},
								"south": {"uv": [63, 15], "uv_size": [-14, -14]},
								"west": {"uv": [47, 15], "uv_size": [-14, -14]},
								"up": {"uv": [33, 1], "uv_size": [14, 14]},
								"down": {"uv": [33, 1], "uv_size": [14, 14]}
							}
						},
						{
							"origin": [-2.5, 7.11033, 17.5],
							"size": [5, 3.77933, 3],
							"pivot": [0, 9, 27],
							"rotation": [-45, 0, 0],
							"uv": {
								"north": {"uv": [47, 15], "uv_size": [-14, -14]},
								"east": {"uv": [47, 15], "uv_size": [-14, -14]},
								"south": {"uv": [63, 15], "uv_size": [-14, -14]},
								"west": {"uv": [47, 15], "uv_size": [-14, -14]},
								"up": {"uv": [33, 1], "uv_size": [14, 14]},
								"down": {"uv": [33, 1], "uv_size": [14, 14]}
							}
						},
						{
							"origin": [-2.5, 5.11033, 19.5],
							"size": [5, 2.77933, 1],
							"pivot": [0, 9, 27],
							"rotation": [-45, 0, 0],
							"uv": {
								"north": {"uv": [47, 15], "uv_size": [-14, -14]},
								"east": {"uv": [47, 15], "uv_size": [-14, -14]},
								"south": {"uv": [63, 15], "uv_size": [-14, -14]},
								"west": {"uv": [47, 15], "uv_size": [-14, -14]},
								"up": {"uv": [33, 1], "uv_size": [14, 14]},
								"down": {"uv": [33, 1], "uv_size": [14, 14]}
							}
						},
						{
							"origin": [-2.5, 15.5, 25.11033],
							"size": [5, 3, 3.77933],
							"pivot": [0, 9, 27],
							"rotation": [22.5, 0, 0],
							"uv": {
								"north": {"uv": [47, 15], "uv_size": [-14, -14]},
								"east": {"uv": [47, 15], "uv_size": [-14, -14]},
								"south": {"uv": [47, 15], "uv_size": [-14, -14]},
								"west": {"uv": [47, 15], "uv_size": [-14, -14]},
								"up": {"uv": [33, 1], "uv_size": [14, 14]},
								"down": {"uv": [49, 1], "uv_size": [14, 14]}
							}
						},
						{
							"origin": [-2.5, 15.5, 28.11033],
							"size": [5, 1, 2.77933],
							"pivot": [0, 9, 27],
							"rotation": [22.5, 0, 0],
							"uv": {
								"north": {"uv": [47, 15], "uv_size": [-14, -14]},
								"east": {"uv": [47, 15], "uv_size": [-14, -14]},
								"south": {"uv": [47, 15], "uv_size": [-14, -14]},
								"west": {"uv": [47, 15], "uv_size": [-14, -14]},
								"up": {"uv": [33, 1], "uv_size": [14, 14]},
								"down": {"uv": [49, 1], "uv_size": [14, 14]}
							}
						},
						{
							"origin": [-2.5, 16.5, 25.11033],
							"size": [5, 2, 3.77933],
							"uv": {
								"north": {"uv": [47, 15], "uv_size": [-14, -14]},
								"east": {"uv": [47, 15], "uv_size": [-14, -14]},
								"south": {"uv": [47, 15], "uv_size": [-14, -14]},
								"west": {"uv": [47, 15], "uv_size": [-14, -14]},
								"up": {"uv": [33, 1], "uv_size": [14, 14]},
								"down": {"uv": [49, 1], "uv_size": [14, 14]}
							}
						},
						{
							"origin": [-1.5, 16.11943, 28.16972],
							"size": [3, 1, 3.77933],
							"pivot": [0, 16, 32],
							"rotation": [-22.5, 0, 0],
							"uv": {
								"north": {"uv": [47, 15], "uv_size": [-14, -14]},
								"east": {"uv": [47, 15], "uv_size": [-14, -14]},
								"south": {"uv": [47, 15], "uv_size": [-14, -14]},
								"west": {"uv": [47, 15], "uv_size": [-14, -14]},
								"up": {"uv": [33, 1], "uv_size": [14, 14]},
								"down": {"uv": [33, 1], "uv_size": [14, 14]}
							}
						},
						{
							"origin": [-1.5, 16.11943, 28.16972],
							"size": [3, 1, 3.77933],
							"pivot": [1, 16, 32],
							"rotation": [-7.5, 0, 0],
							"uv": {
								"north": {"uv": [47, 15], "uv_size": [-14, -14]},
								"east": {"uv": [47, 15], "uv_size": [-14, -14]},
								"south": {"uv": [47, 15], "uv_size": [-14, -14]},
								"west": {"uv": [47, 15], "uv_size": [-14, -14]},
								"up": {"uv": [33, 1], "uv_size": [14, 14]},
								"down": {"uv": [49, 1], "uv_size": [14, 14]}
							}
						},
						{
							"origin": [-1.5, 16.11943, 28.16972],
							"size": [3, 1, 3.77933],
							"pivot": [1, 16, 32],
							"rotation": [-7.85952, -17.34551, 2.35666],
							"uv": {
								"north": {"uv": [47, 15], "uv_size": [-14, -14]},
								"east": {"uv": [47, 15], "uv_size": [-14, -14]},
								"south": {"uv": [47, 15], "uv_size": [-14, -14]},
								"west": {"uv": [47, 15], "uv_size": [-14, -14]},
								"up": {"uv": [33, 1], "uv_size": [14, 14]},
								"down": {"uv": [49, 1], "uv_size": [14, 14]}
							}
						},
						{
							"origin": [-1.5, 16.11943, 28.16972],
							"size": [3, 1, 3.77933],
							"pivot": [-1, 16, 32],
							"rotation": [-7.7614, 14.8687, -2.00307],
							"uv": {
								"north": {"uv": [47, 15], "uv_size": [-14, -14]},
								"east": {"uv": [47, 15], "uv_size": [-14, -14]},
								"south": {"uv": [47, 15], "uv_size": [-14, -14]},
								"west": {"uv": [47, 15], "uv_size": [-14, -14]},
								"up": {"uv": [33, 1], "uv_size": [14, 14]},
								"down": {"uv": [49, 1], "uv_size": [14, 14]}
							}
						}
					]
				}
			]
		}
	]
}