{
  "format_version": "1.8.0",
  "animations": {
    "animation.mcpe_giant_rocket_launcher_dual.bow_and_arrow": {
      "loop": "hold_on_last_frame",
      "animation_length": 0.3125,
      "bones": {
        "bone": {
          "position": {
            "0.0": [
              0,
              1,
              -49
            ],
            "0.125": [
              -7,
              1,
              -16
            ],
            "0.25": [
              -7,
              1,
              -93
            ]
          },
          "scale": {
            "0.0": [
              1,
              1,
              1.6
            ],
            "0.125": [
              1,
              1,
              11.7
            ],
            "0.25": [
              1,
              1,
              381.10000000000014
            ]
          }
        },
        "bone4": {
          "position": [
            -4,
            -5,
            1
          ]
        },
        "bone5": {
          "position": {
            "0.0": [
              24,
              0,
              2
            ],
            "0.1875": [
              24,
              0,
              2
            ]
          }
        },
        "bone6": {
          "rotation": {
            "0.0": [
              0,
              0,
              0
            ],
            "0.0625": [
              0,
              5,
              0
            ],
            "0.125": [
              0,
              10,
              0
            ]
          }
        },
        "bone11": {
          "rotation": {
            "0.0": [
              0,
              0,
              0
            ],
            "0.0625": [
              0,
              5,
              0
            ],
            "0.125": [
              0,
              10,
              0
            ]
          }
        },
        "bone7": {
          "rotation": {
            "0.0": [
              0,
              0,
              0
            ],
            "0.1875": [
              0,
              -10,
              0
            ]
          }
        },
        "bone10": {
          "rotation": {
            "0.0": [
              0,
              0,
              0
            ],
            "0.1875": [
              0,
              -12.5,
              0
            ]
          }
        }
      }
    },
    "animation.mcpe_giant_rocket_launcher_dual.bob": {
      "loop": true,
      "animation_length": 2.4583333333333335,
      "bones": {
        "bone8": {
          "rotation": {
            "0.0": [
              0,
              0,
              0
            ],
            "0.7083": [
              0.3129792130362148,
              -0.29270453783237826,
              -12.537793731499733
            ],
            "1.6667": [
              2.31217851770185,
              -3.0578746390915876,
              7.113536983081268
            ],
            "2.375": [
              -0.8716623858152162,
              -0.6843695108884276,
              -1.0838882755214945
            ],
            "2.4167": [
              -0.8720378984540912,
              1.81534115326469,
              -1.1219272821727646
            ]
          }
        },
        "bone9": {
          "rotation": {
            "0.0": [
              0,
              0,
              0
            ],
            "0.6667": [
              0,
              0,
              10
            ],
            "1.6667": [
              0,
              0,
              -15
            ],
            "2.4167": [
              0,
              0,
              0
            ]
          }
        },
        "head": {
          "rotation": {
            "0.0": [
              0,
              0,
              0
            ],
            "0.9583": [
              10,
              0,
              0
            ],
            "1.9583": [
              -12.5,
              0,
              0
            ],
            "2.4167": [
              0,
              0,
              0
            ]
          }
        }
      }
    }
  }
}