{
  "format_version": "1.8.0",
  "animations": {
    "animation.mcpe_astro_detainer_toilet.bob": {
      "loop": true,
      "animation_length": 0.9,
      "bones": {
        "bone2": {
          "rotation": {
            "0.0": [
              0,
              0,
              0
            ],
            "0.4": [
              0,
              10,
              0
            ],
            "0.9": [
              0,
              0,
              0
            ]
          }
        },
        "bone3": {
          "rotation": {
            "0.0": [
              0,
              0,
              0
            ],
            "0.2": [
              0,
              0,
              85
            ],
            "0.5": [
              0,
              0,
              207.5
            ],
            "0.9": [
              0,
              0,
              370
            ]
          }
        },
        "bone4": {
          "rotation": {
            "0.0": [
              0,
              0,
              0
            ],
            "0.2": [
              6.248850855381079,
              2.3136192739875696,
              57.2718451417968
            ],
            "0.5": [
              5.136978871028987,
              -11.488647710910245,
              229.8062590397167
            ],
            "0.9": [
              0.012473174917558616,
              2.4991966682571363,
              361.7063010453231
            ]
          }
        },
        "bone": {
          "rotation": {
            "0.0": [
              0,
              0,
              0
            ],
            "0.3": [
              0,
              80,
              0
            ],
            "0.6": [
              0,
              180,
              0
            ],
            "0.9": [
              0,
              362.5,
              0
            ]
          }
        },
        "head": {
          "rotation": {
            "0.0": [
              0,
              0,
              0
            ],
            "0.4": [
              12.5,
              0,
              0
            ],
            "0.9": [
              0,
              0,
              0
            ]
          }
        },
        "bone5": {
          "rotation": {
            "0.0": [
              0,
              0,
              0
            ],
            "0.4": [
              44.75386196697491,
              3.091411134810187,
              -47.74613803302418
            ],
            "0.9": [
              -8.65411666695518,
              0.611732034089182,
              6.230896828142885
            ]
          }
        }
      }
    }
  }
}