{
  "format_version": "1.8.0",
  "animations": {
    "animation.mcpe_giant_skeleton_toilet.bob": {
      "loop": true,
      "animation_length": 1.0833333333333333,
      "bones": {
        "head": {
          "rotation": {
            "0.0": [
              0,
              0,
              0
            ],
            "0.0833": [
              0,
              0,
              -2.5
            ],
            "0.125": [
              0,
              0,
              2.5
            ],
            "0.1667": [
              4.990498746525191,
              0.21782074970724352,
              -2.495265197606841
            ],
            "0.2083": [
              4.976307342192049,
              0.4350228772275113,
              -4.985853888783822
            ],
            "0.25": [
              2.476307342191813,
              0.43502287722771144,
              -4.985853888784041
            ],
            "0.2917": [
              0.0024575642646413876,
              0.5444487013441539,
              -2.4834051363638903
            ],
            "0.3333": [
              0.026204457033600193,
              0.5438232938077272,
              0.016707547970800096
            ],
            "0.375": [
              0.07350345408465728,
              0.5394699525732358,
              5.016929226619158
            ],
            "0.4167": [
              -2.4264965459153065,
              0.5394699525732358,
              5.016929226619158
            ],
            "0.5": [
              -7.426496545915306,
              0.5394699525732358,
              5.016929226619158
            ],
            "0.5417": [
              -9.926496545915306,
              0.5394699525732358,
              5.016929226619158
            ],
            "0.5833": [
              -9.894053669843906,
              0.9698006273538704,
              7.4798332847263005
            ],
            "0.625": [
              -9.843138002464585,
              1.3983394893705008,
              9.943362202940516
            ],
            "0.6667": [
              -4.843138002464311,
              1.3983394893706644,
              9.94336220294048
            ],
            "0.7083": [
              0.15686199753568886,
              1.3983394893706644,
              9.94336220294048
            ],
            "0.75": [
              0.09570594863467705,
              1.403850537879316,
              7.442620492550249
            ],
            "0.7917": [
              5.072694096448068,
              1.403910486299901,
              6.504838516075324
            ],
            "0.8333": [
              4.19689844695753,
              1.7761533186325322,
              0.5789971028451149
            ],
            "0.875": [
              3.2294967633210763,
              2.1538697354921714,
              -7.0188342312251555
            ],
            "0.9167": [
              -2.4340803631145533,
              2.0039618134424018,
              -5.626994448830264
            ],
            "0.9583": [
              -1.4025662991767605,
              2.2099651030053793,
              8.26769101162814
            ],
            "1.0": [
              -2.8364605488991037,
              -2.6659243015051834,
              -3.6570810953724138
            ],
            "1.0417": [
              -1.5118229603767395,
              -0.5009532538132407,
              3.1402005761443794
            ],
            "1.0833": [
              -0.088388868857146,
              1.404330125243996,
              -0.05963531925004606
            ]
          }
        }
      }
    },
    "animation.mcpe_giant_skeleton_toilet.move": {
      "loop": true,
      "animation_length": 1.0833333333333333,
      "bones": {
        "head": {
          "rotation": {
            "0.0": [
              0,
              0,
              0
            ],
            "0.0833": [
              0,
              0,
              -2.5
            ],
            "0.125": [
              0,
              0,
              2.5
            ],
            "0.1667": [
              4.990498746525191,
              0.21782074970724352,
              -2.495265197606841
            ],
            "0.2083": [
              4.976307342192049,
              0.4350228772275113,
              -4.985853888783822
            ],
            "0.25": [
              2.476307342191813,
              0.43502287722771144,
              -4.985853888784041
            ],
            "0.2917": [
              0.0024575642646413876,
              0.5444487013441539,
              -2.4834051363638903
            ],
            "0.3333": [
              0.026204457033600193,
              0.5438232938077272,
              0.016707547970800096
            ],
            "0.375": [
              0.07350345408465728,
              0.5394699525732358,
              5.016929226619158
            ],
            "0.4167": [
              -2.4264965459153065,
              0.5394699525732358,
              5.016929226619158
            ],
            "0.5": [
              -7.426496545915306,
              0.5394699525732358,
              5.016929226619158
            ],
            "0.5417": [
              -9.926496545915306,
              0.5394699525732358,
              5.016929226619158
            ],
            "0.5833": [
              -9.894053669843906,
              0.9698006273538704,
              7.4798332847263005
            ],
            "0.625": [
              -9.843138002464585,
              1.3983394893705008,
              9.943362202940516
            ],
            "0.6667": [
              -4.843138002464311,
              1.3983394893706644,
              9.94336220294048
            ],
            "0.7083": [
              0.15686199753568886,
              1.3983394893706644,
              9.94336220294048
            ],
            "0.75": [
              0.09570594863467705,
              1.403850537879316,
              7.442620492550249
            ],
            "0.7917": [
              5.072694096448068,
              1.403910486299901,
              6.504838516075324
            ],
            "0.8333": [
              4.19689844695753,
              1.7761533186325322,
              0.5789971028451149
            ],
            "0.875": [
              3.2294967633210763,
              2.1538697354921714,
              -7.0188342312251555
            ],
            "0.9167": [
              -2.4340803631145533,
              2.0039618134424018,
              -5.626994448830264
            ],
            "0.9583": [
              -1.4025662991767605,
              2.2099651030053793,
              8.26769101162814
            ],
            "1.0": [
              -2.8364605488991037,
              -2.6659243015051834,
              -3.6570810953724138
            ],
            "1.0417": [
              -1.5118229603767395,
              -0.5009532538132407,
              3.1402005761443794
            ],
            "1.0833": [
              -0.088388868857146,
              1.404330125243996,
              -0.05963531925004606
            ]
          }
        }
      }
    }
  }
}