{
  "format_version": "1.8.0",
  "animations": {
    "animation.mcpe_giant_hansaw_toilet.bob": {
      "loop": true,
      "animation_length": 3.75,
      "bones": {
        "bone": {
          "rotation": {
            "0.0": [
              2.5,
              0,
              0
            ],
            "0.375": [
              267.5,
              0,
              0
            ],
            "0.8333": [
              637.5,
              0,
              0
            ],
            "1.2083": [
              995,
              0,
              0
            ],
            "2.0": [
              1722.5,
              0,
              0
            ],
            "2.7083": [
              2417.5,
              0,
              0
            ],
            "3.1667": [
              3107.5,
              0,
              0
            ],
            "3.75": [
              3602.5,
              0,
              0
            ]
          }
        },
        "head": {
          "position": {
            "0.0": [
              0,
              0,
              0
            ],
            "1.75": [
              0,
              2,
              0
            ],
            "2.0417": [
              0,
              0,
              0
            ]
          },
          "scale": {
            "0.0": [
              1,
              1,
              1
            ],
            "0.1667": [
              1,
              1.2000000000000002,
              1
            ],
            "0.4167": [
              1,
              0.9999999999999999,
              1
            ],
            "0.7083": [
              1,
              1.4000000000000004,
              1
            ],
            "0.9167": [
              1,
              0.9999999999999997,
              1
            ],
            "1.0833": [
              1,
              1.5000000000000004,
              1
            ],
            "1.25": [
              1,
              0.9999999999999997,
              1
            ],
            "1.4167": [
              1,
              1.4,
              1
            ],
            "1.625": [
              1,
              0.9999999999999997,
              1
            ],
            "1.75": [
              1,
              1.7000000000000006,
              1
            ],
            "2.0417": [
              1,
              1.0999999999999996,
              1
            ],
            "2.2083": [
              1,
              1.4,
              1
            ],
            "2.375": [
              1,
              0.9999999999999997,
              1
            ],
            "2.625": [
              1,
              1.4,
              1
            ],
            "2.8333": [
              1,
              0.8999999999999997,
              1
            ],
            "3.0417": [
              1,
              1.2999999999999998,
              1
            ],
            "3.1667": [
              1,
              0.9999999999999998,
              1
            ],
            "3.4167": [
              1,
              1.3,
              1
            ],
            "3.625": [
              1,
              0.9999999999999998,
              1
            ],
            "3.75": [
              1,
              1,
              1
            ]
          }
        }
      }
    }
  }
}