{
  "format_version": "1.8.0",
  "animations": {
    "animation.mcpe_giant_skeleton_toilet_upgraded.bob": {
      "loop": true,
      "animation_length": 2.9583333333333335,
      "bones": {
        "bb_main": {
          "rotation": [
            0,
            0,
            0
          ]
        },
        "bone3": {
          "rotation": {
            "0.0": [
              0,
              0,
              0
            ],
            "0.2917": [
              0,
              0,
              50
            ],
            "1.125": [
              0,
              0,
              0
            ],
            "2.9583": [
              0,
              0,
              0
            ]
          }
        },
        "bone4": {
          "rotation": {
            "0.0": [
              7.5,
              0,
              0
            ],
            "0.625": [
              20,
              0,
              0
            ],
            "1.7083": [
              11.754480536849496,
              -13.597983950936396,
              37.98829780611277
            ],
            "2.9167": [
              12.5,
              0,
              0
            ]
          }
        },
        "bone5": {
          "rotation": [
            -9.094947017729282e-13,
            0,
            0
          ]
        },
        "bone6": {
          "rotation": {
            "0.0": [
              0.06350746426778642,
              -2.6460387758393153,
              2.830937381543663
            ],
            "0.625": [
              22.5,
              0,
              0
            ],
            "0.75": [
              -13.242750534270272,
              -0.11776834771990252,
              0.9581935156961663
            ]
          }
        },
        "bone7": {
          "rotation": {
            "0.0": [
              17.328580687199484,
              15.570511371248323,
              3.288261972816983
            ],
            "0.875": [
              23.960199098731664,
              28.707375624565884,
              100.66563682249716
            ],
            "1.2083": [
              15.459088603675319,
              27.685657353013504,
              443.6779857422202
            ],
            "1.5833": [
              10.083069691244837,
              29.904012430298682,
              792.5459348663205
            ],
            "1.8333": [
              -30.290942432113226,
              8.729313837424705,
              1057.479735517193
            ],
            "2.375": [
              1.4651613796640603,
              8.195032878453258,
              1074.274597074271
            ]
          }
        },
        "bone2": {
          "rotation": {
            "0.0": [
              0,
              0,
              0
            ],
            "0.5833": [
              15,
              0,
              0
            ],
            "1.2917": [
              0,
              0,
              0
            ],
            "2.0417": [
              12.5,
              0,
              0
            ],
            "2.4167": [
              22.39,
              0,
              0
            ],
            "2.9583": [
              0,
              0,
              0
            ]
          }
        }
      }
    }
  }
}