{
  "format_version": "1.8.0",
  "animations": {
    "animation.mcpe_jigsaw_toilet.bob": {
      "loop": true,
      "animation_length": 4.7917,
      "bones": {
        "head": {
          "rotation": {
            "3.625": [
              -0.05202838116201747,
              0.002263465357827954,
              0.09164482087089709
            ],
            "3.6667": [
              0,
              2.5,
              0
            ],
            "3.9167": [
              0,
              -25,
              0
            ],
            "4.0417": [
              0,
              -82.5,
              0
            ],
            "4.1667": [
              0,
              -165,
              0
            ],
            "4.2917": [
              0,
              -250,
              0
            ],
            "4.4167": [
              0,
              -342.5,
              0
            ],
            "4.5417": [
              0,
              -359.99999999999955,
              0
            ]
          },
          "position": {
            "0.0": [
              0,
              0,
              0
            ],
            "0.125": [
              0,
              1,
              0
            ],
            "0.2917": [
              0,
              0,
              0
            ],
            "0.5": [
              0,
              0,
              0
            ],
            "0.6667": [
              0,
              1,
              0
            ],
            "0.8333": [
              0,
              0,
              0
            ],
            "1.0": [
              0,
              0,
              0
            ],
            "1.2083": [
              0,
              0,
              0
            ],
            "1.375": [
              0,
              -1.1100000000000003,
              0
            ],
            "1.5833": [
              0,
              1,
              0
            ],
            "2.0833": [
              0,
              4,
              0
            ],
            "2.4167": [
              0,
              -1,
              0
            ],
            "2.625": [
              0,
              4,
              0
            ],
            "2.9583": [
              0,
              -1,
              0
            ],
            "3.125": [
              0,
              1,
              0
            ],
            "3.4167": [
              0,
              -1,
              0
            ],
            "3.6667": [
              0,
              3,
              0
            ],
            "3.875": [
              0,
              4,
              0
            ],
            "4.7083": [
              0,
              -1,
              0
            ],
            "4.7917": [
              0,
              0,
              0
            ]
          }
        },
        "bone5": {
          "rotation": {
            "0.0": [
              0,
              0,
              0
            ],
            "0.875": [
              0,
              10,
              0
            ],
            "2.0417": [
              0,
              -5,
              0
            ],
            "3.0417": [
              0,
              7.5,
              0
            ],
            "3.875": [
              0,
              -10,
              0
            ],
            "4.75": [
              0,
              0,
              0
            ]
          }
        },
        "bone6": {
          "rotation": {
            "0.0": [
              0,
              0,
              0
            ],
            "0.25": [
              -70.20097719114756,
              -5.891964603219094,
              -23.83299993534456
            ],
            "0.5417": [
              -247.68109609784432,
              -48.9073703515602,
              39.462588835407516
            ],
            "0.875": [
              -424.36919368580374,
              -12.50056537414062,
              -44.63048660684675
            ],
            "1.2917": [
              -316.7822813047079,
              -50.67809619616173,
              -248.02784189406646
            ],
            "1.9167": [
              -316.3209069930493,
              -58.230591190166024,
              -601.1569350760374
            ],
            "2.4167": [
              -309.9314843239693,
              -46.53408557046302,
              -982.0348204188073
            ],
            "2.9167": [
              -316.72488316318567,
              -25.889833818700282,
              -1355.400035368015
            ],
            "3.4167": [
              -309.6330949283172,
              -65.9457677095021,
              -1686.4572287438718
            ],
            "3.9167": [
              -442.41987353141656,
              -59.77683971906772,
              -1875.1489948561311
            ],
            "4.2917": [
              -417.1489204047015,
              0.6001575364450389,
              -2189.978970887842
            ],
            "4.75": [
              -365.23203236310474,
              -3.4212244233150884,
              -2886.0403520069913
            ]
          }
        },
        "bone7": {
          "rotation": {
            "0.0": [
              0,
              0,
              0
            ],
            "1.1667": [
              0,
              12.5,
              0
            ],
            "2.25": [
              0,
              0,
              0
            ],
            "3.2083": [
              0,
              17.5,
              0
            ],
            "4.0833": [
              0,
              -5,
              0
            ],
            "4.75": [
              0,
              0,
              0
            ]
          }
        },
        "bone8": {
          "rotation": {
            "0.0": [
              0,
              0,
              0
            ],
            "0.4583": [
              262.22998081272453,
              -6.855036164015928,
              -16.789421021996986
            ],
            "1.0": [
              425.7062438183284,
              -11.316558186228903,
              6.640780234514715
            ],
            "1.625": [
              617.3741588418529,
              -7.838512722003834,
              -17.0849767473495
            ],
            "2.2083": [
              925.3539645154166,
              -18.037975811906872,
              -14.894063019477997
            ],
            "2.75": [
              1180.63727603333,
              -17.971217132804703,
              4.143669510851268
            ],
            "3.3333": [
              1372.4837513655855,
              -12.119807758497899,
              -2.8349395344647386
            ],
            "3.6667": [
              1666.9480043009726,
              -24.163147839634114,
              3.652063863085843
            ],
            "4.2083": [
              2228.065004676723,
              0.5505140459157154,
              0.6411176477103258
            ],
            "4.75": [
              2542.4059469003537,
              1.2381812605424756,
              -0.3658017796523012
            ]
          }
        }
      }
    }
  }
}