{
  "format_version": "1.8.0",
  "animations": {
    "animation.mcpe_gman_uprapded_3_0_broken_very_bad.attack": {
      "loop": true,
      "bones": {
        "leftarm": {
          "rotation": [
            "-68.75 * math.sin(variable.attack_time * 180.0) + 22.92 * (math.sin((1.0 - (1.0 - variable.attack_time) * (1.0 - variable.attack_time)) * 180.0)) - 90.0 - this",
            "5.73 - math.sin(variable.attack_time * 180.0) * 34.38 - this",
            "-this"
          ]
        },
        "rightarm": {
          "rotation": [
            "-68.75 * math.sin(variable.attack_time * 180.0) + 22.92 * (math.sin((1.0 - (1.0 - variable.attack_time) * (1.0 - variable.attack_time)) * 180.0)) - 90.0 - this",
            "-5.73 + math.sin(variable.attack_time * 180.0) * 34.38 - this",
            "-this"
          ]
        }
      }
    },
    "animation.mcpe_gman_uprapded_3_0_broken_very_bad.bow_and_arrow": {
      "loop": "hold_on_last_frame",
      "animation_length": 1.5,
      "bones": {
        "lasereye": {
          "position": {
            "0.0": [
              0,
              0,
              0
            ],
            "0.125": [
              0,
              -1,
              -8
            ]
          },
          "scale": {
            "0.0": [
              1,
              1,
              1
            ],
            "0.125": [
              1,
              1,
              9.6
            ]
          }
        },
        "head": {
          "rotation": {
            "0.0": [
              0,
              0,
              0
            ],
            "1.5": [
              0,
              0,
              0
            ]
          },
          "position": [
            0,
            0,
            0
          ]
        },
        "laser": {
          "position": {
            "0.0": [
              0,
              0,
              0
            ],
            "0.25": [
              0,
              1,
              5
            ],
            "1.5": [
              0,
              1,
              4
            ]
          }
        }
      }
    },
    "animation.mcpe_gman_uprapded_3_0_broken_very_bad.attack_1": {
      "loop": true,
      "bones": {
        "leftarm": {
          "rotation": [
            "-68.75 * math.sin(variable.attack_time * 180.0) + 22.92 * (math.sin((1.0 - (1.0 - variable.attack_time) * (1.0 - variable.attack_time)) * 180.0)) - 90.0 - this",
            "5.73 - math.sin(variable.attack_time * 180.0) * 34.38 - this",
            "-this"
          ]
        },
        "rightarm": {
          "rotation": [
            "-68.75 * math.sin(variable.attack_time * 180.0) + 22.92 * (math.sin((1.0 - (1.0 - variable.attack_time) * (1.0 - variable.attack_time)) * 180.0)) - 90.0 - this",
            "-5.73 + math.sin(variable.attack_time * 180.0) * 34.38 - this",
            "-this"
          ]
        }
      }
    },
    "animation.mcpe_gman_uprapded_3_0_broken_very_bad.bow_and_arrow_2": {
      "loop": "hold_on_last_frame",
      "animation_length": 0.125,
      "bones": {
        "lasereye": {
          "position": {
            "0.0": [
              0,
              0,
              0
            ],
            "0.125": [
              0,
              0,
              -45
            ]
          },
          "scale": {
            "0.0": [
              1,
              1,
              1
            ],
            "0.125": [
              1,
              1,
              9.6
            ]
          }
        }
      }
    },
    "animation.mcpe_gman_uprapded_3_0_broken_very_bad.bob": {
      "loop": true,
      "animation_length": 4.666666666666667,
      "bones": {
        "bb_main": {
          "rotation": {
            "0.0": [
              0,
              0,
              0
            ],
            "0.5833": [
              0,
              0,
              18.61
            ],
            "1.0": [
              0,
              0,
              -5
            ],
            "1.2083": [
              0,
              0,
              31.25
            ],
            "1.4583": [
              0,
              0,
              5
            ],
            "2.0833": [
              0,
              0,
              22.79
            ],
            "2.5": [
              0,
              0,
              0
            ],
            "2.75": [
              0,
              0,
              19.5
            ],
            "3.4583": [
              0,
              0,
              -5
            ],
            "3.6667": [
              0,
              0,
              25.63
            ],
            "4.125": [
              0,
              0,
              5
            ],
            "4.2917": [
              0,
              0,
              23.33
            ],
            "4.625": [
              0,
              0,
              0
            ]
          },
          "position": {
            "0.0": [
              0,
              0,
              0
            ],
            "0.8333": [
              0,
              4,
              0
            ],
            "1.75": [
              0,
              0,
              0
            ],
            "2.625": [
              0,
              6,
              0
            ],
            "3.125": [
              0,
              3,
              0
            ],
            "3.9167": [
              0,
              9,
              0
            ],
            "4.625": [
              0,
              0,
              0
            ]
          }
        }
      }
    }
  }
}