{
  "format_version": "1.8.0",
  "animations": {
    "animation.mcpe_police_bow_giant_toilet.bob": {
      "loop": true,
      "animation_length": 4.7917,
      "bones": {
        "head": {
          "rotation": {
            "3.625": [
              -0.05202838116201747,
              0.002263465357827954,
              0.09164482087089709
            ],
            "3.6667": [
              0,
              2.5,
              0
            ],
            "3.9167": [
              0,
              -25,
              0
            ],
            "4.0417": [
              0,
              -82.5,
              0
            ],
            "4.1667": [
              0,
              -165,
              0
            ],
            "4.2917": [
              0,
              -250,
              0
            ],
            "4.4167": [
              0,
              -342.5,
              0
            ],
            "4.5417": [
              0,
              -359.99999999999955,
              0
            ]
          },
          "position": {
            "0.0": [
              0,
              0,
              0
            ],
            "0.125": [
              0,
              1,
              0
            ],
            "0.2917": [
              0,
              0,
              0
            ],
            "0.5": [
              0,
              0,
              0
            ],
            "0.6667": [
              0,
              1,
              0
            ],
            "0.8333": [
              0,
              -1,
              0
            ],
            "1.2083": [
              0,
              -1,
              0
            ],
            "1.375": [
              0,
              -1.1100000000000003,
              0
            ],
            "1.5833": [
              0,
              1,
              0
            ],
            "2.0833": [
              0,
              4,
              0
            ],
            "2.4167": [
              0,
              -1,
              0
            ],
            "2.625": [
              0,
              4,
              0
            ],
            "2.9583": [
              0,
              -1,
              0
            ],
            "3.125": [
              0,
              1,
              0
            ],
            "3.4167": [
              0,
              -1,
              0
            ],
            "3.6667": [
              0,
              3,
              0
            ],
            "3.875": [
              0,
              4,
              0
            ],
            "4.7083": [
              0,
              -1,
              0
            ],
            "4.7917": [
              0,
              0,
              0
            ]
          }
        },
        "bb_main": {
          "position": {
            "0.0": [
              0,
              0,
              0
            ],
            "0.75": [
              0,
              -7,
              0
            ],
            "1.75": [
              0,
              1.4400000000000004,
              0
            ],
            "2.6667": [
              0,
              -7.99,
              0
            ],
            "3.5833": [
              0,
              0.8300000000000001,
              0
            ],
            "4.2917": [
              0,
              -5.66,
              0
            ],
            "4.7917": [
              0,
              0,
              0
            ]
          }
        },
        "bone7": {
          "position": {
            "0.0": [
              0,
              0,
              0
            ],
            "0.625": [
              0,
              -2,
              0
            ],
            "1.3333": [
              0,
              0,
              0
            ],
            "2.125": [
              0,
              -3,
              0
            ],
            "3.0": [
              0,
              0,
              0
            ],
            "3.7917": [
              0,
              -3,
              0
            ],
            "4.7917": [
              0,
              0,
              0
            ]
          },
          "scale": {
            "0.0": [
              1,
              1,
              1
            ],
            "0.625": [
              1,
              2.7,
              1
            ],
            "1.3333": [
              1,
              1.8109999999999995,
              1
            ],
            "2.125": [
              1,
              3.425300000000001,
              1
            ],
            "3.0": [
              1,
              1.2294999999999994,
              1
            ],
            "3.7917": [
              1,
              2.9281000000000006,
              1
            ],
            "4.7917": [
              1,
              1,
              1
            ]
          }
        },
        "bone12": {
          "position": {
            "0.0": [
              0,
              0,
              0
            ],
            "0.4583": [
              0,
              -2,
              0
            ],
            "0.8333": [
              0,
              -4,
              0
            ],
            "1.3333": [
              0,
              -1,
              0
            ],
            "1.75": [
              0,
              -4,
              0
            ],
            "2.3333": [
              0,
              -1,
              0
            ],
            "2.9583": [
              0,
              -3.74,
              0
            ],
            "4.7917": [
              0,
              0,
              0
            ]
          },
          "scale": {
            "0.0": [
              1,
              1,
              1
            ],
            "0.4583": [
              1,
              2.9,
              1
            ],
            "0.8333": [
              1,
              3.4356000000000004,
              1
            ],
            "1.3333": [
              1,
              2.127899999999999,
              1
            ],
            "1.75": [
              1,
              3.592000000000001,
              1
            ],
            "2.3333": [
              1,
              1.6948999999999992,
              1
            ],
            "2.9583": [
              1,
              3.4480000000000013,
              1
            ],
            "3.3333": [
              1,
              2.4122000000000003,
              1
            ],
            "4.7917": [
              1,
              1,
              1
            ]
          }
        }
      }
    }
  }
}