{
  "format_version": "1.8.0",
  "animations": {
    "animation.mcpe_gman_uprapded_2_0.attack": {
      "loop": true,
      "bones": {
        "leftarm": {
          "rotation": [
            "-68.75 * math.sin(variable.attack_time * 180.0) + 22.92 * (math.sin((1.0 - (1.0 - variable.attack_time) * (1.0 - variable.attack_time)) * 180.0)) - 90.0 - this",
            "5.73 - math.sin(variable.attack_time * 180.0) * 34.38 - this",
            "-this"
          ]
        },
        "rightarm": {
          "rotation": [
            "-68.75 * math.sin(variable.attack_time * 180.0) + 22.92 * (math.sin((1.0 - (1.0 - variable.attack_time) * (1.0 - variable.attack_time)) * 180.0)) - 90.0 - this",
            "-5.73 + math.sin(variable.attack_time * 180.0) * 34.38 - this",
            "-this"
          ]
        }
      }
    },
    "animation.mcpe_gman_uprapded_2_0.bow_and_arrow": {
      "loop": "hold_on_last_frame",
      "animation_length": 1.5,
      "bones": {
        "lasereye": {
          "position": {
            "0.0": [
              0,
              0,
              0
            ],
            "0.125": [
              0,
              -1,
              -8
            ]
          },
          "scale": {
            "0.0": [
              1,
              1,
              1
            ],
            "0.125": [
              1,
              1,
              9.6
            ]
          }
        },
        "head": {
          "rotation": {
            "0.0": [
              0,
              0,
              0
            ],
            "1.5": [
              0,
              0,
              0
            ]
          },
          "position": [
            0,
            0,
            0
          ]
        },
        "laser": {
          "position": {
            "0.0": [
              0,
              0,
              0
            ],
            "0.25": [
              0,
              1,
              5
            ],
            "1.5": [
              0,
              1,
              5
            ]
          }
        }
      }
    },
    "animation.mcpe_gman_uprapded_2_0.attack_1": {
      "loop": true,
      "bones": {
        "leftarm": {
          "rotation": [
            "-68.75 * math.sin(variable.attack_time * 180.0) + 22.92 * (math.sin((1.0 - (1.0 - variable.attack_time) * (1.0 - variable.attack_time)) * 180.0)) - 90.0 - this",
            "5.73 - math.sin(variable.attack_time * 180.0) * 34.38 - this",
            "-this"
          ]
        },
        "rightarm": {
          "rotation": [
            "-68.75 * math.sin(variable.attack_time * 180.0) + 22.92 * (math.sin((1.0 - (1.0 - variable.attack_time) * (1.0 - variable.attack_time)) * 180.0)) - 90.0 - this",
            "-5.73 + math.sin(variable.attack_time * 180.0) * 34.38 - this",
            "-this"
          ]
        }
      }
    },
    "animation.mcpe_gman_uprapded_2_0.bow_and_arrow_2": {
      "loop": "hold_on_last_frame",
      "animation_length": 0.125,
      "bones": {
        "lasereye": {
          "position": {
            "0.0": [
              0,
              0,
              0
            ],
            "0.125": [
              0,
              0,
              -45
            ]
          },
          "scale": {
            "0.0": [
              1,
              1,
              1
            ],
            "0.125": [
              1,
              1,
              9.6
            ]
          }
        }
      }
    },
    "animation.mcpe_gman_uprapded_2_0.bob": {
      "loop": true,
      "animation_length": 3.8333333333333335,
      "bones": {
        "bb_main": {
          "rotation": {
            "0.0": [
              0,
              0,
              0
            ],
            "0.2083": [
              0,
              0,
              -2.5
            ],
            "0.75": [
              0,
              0,
              2.5
            ],
            "1.2917": [
              0,
              0,
              -2.5
            ],
            "1.6667": [
              0,
              0,
              7.5
            ],
            "1.8333": [
              0,
              0,
              7.5
            ],
            "2.375": [
              0,
              0,
              -2.5
            ],
            "3.7917": [
              0,
              0,
              0
            ]
          },
          "position": {
            "0.0": [
              0,
              0,
              0
            ],
            "0.375": [
              0,
              4,
              0
            ],
            "0.8333": [
              0,
              2,
              0
            ],
            "1.5833": [
              0,
              10,
              0
            ],
            "2.1667": [
              0,
              5,
              0
            ],
            "2.7917": [
              0,
              1,
              0
            ],
            "3.3333": [
              0,
              5,
              0
            ],
            "3.7917": [
              0,
              0,
              0
            ]
          }
        }
      }
    }
  }
}