{
  "format_version": "1.8.0",
  "animations": {
    "animation.mcpe_black_giant_toilet_weapon.bow_and_arrow": {
      "loop": "hold_on_last_frame",
      "animation_length": 0.5416666666666666,
      "bones": {
        "bone": {
          "rotation": {
            "0.0": [
              0,
              0,
              0
            ],
            "0.3333": [
              -40,
              0,
              0
            ]
          },
          "scale": {
            "0.0": [
              1,
              0.9999999999999999,
              1
            ],
            "0.3333": [
              1,
              1.2000000000000002,
              1
            ],
            "0.4167": [
              1,
              1.2999999999999998,
              1
            ]
          }
        },
        "bone2": {
          "rotation": {
            "0.0": [
              0,
              0,
              0
            ],
            "0.375": [
              0,
              -10,
              0
            ]
          }
        },
        "bone3": {
          "rotation": {
            "0.0": [
              0,
              0,
              0
            ],
            "0.375": [
              0,
              12.5,
              0
            ]
          },
          "position": [
            0,
            0,
            0
          ]
        }
      }
    },
    "animation.mcpe_black_giant_toilet_weapon.bob": {
      "loop": true,
      "animation_length": 3.2083333333333335,
      "bones": {
        "head": {
          "rotation": {
            "1.625": [
              0,
              0,
              0
            ],
            "1.75": [
              0,
              0,
              0
            ],
            "1.9167": [
              -1.3544138698603092,
              -10.545417190804073,
              -53.91656556204998
            ],
            "2.0833": [
              3.6269210135932557,
              9.999940955103465,
              -221.22414806651517
            ],
            "2.25": [
              -9.430533573000613,
              -4.929961440303487,
              -358.63467735162226
            ],
            "2.3333": [
              -1.801477174861411,
              0.06813055893810116,
              -358.58904694946557
            ],
            "2.625": [
              -21.801477174861066,
              0.06813055893810088,
              -358.5890469494655
            ],
            "2.8333": [
              5.698522825138934,
              0.06813055893810088,
              -358.5890469494655
            ],
            "2.9167": [
              -41.80147717486106,
              0.06813055893810088,
              -358.5890469494655
            ],
            "3.0833": [
              15.698522825138937,
              0.06813055893810088,
              -358.5890469494655
            ],
            "3.1667": [
              0.5605619405398095,
              0.19965714652591487,
              -361.0820934398574
            ]
          },
          "position": {
            "0.0": [
              0,
              0,
              0
            ],
            "0.25": [
              0,
              5,
              0
            ],
            "0.7083": [
              0,
              0,
              0
            ],
            "1.1667": [
              0,
              4,
              0
            ],
            "1.4167": [
              0,
              5,
              0
            ],
            "1.5833": [
              0,
              0,
              0
            ],
            "3.1667": [
              0,
              1,
              0
            ]
          }
        }
      }
    }
  }
}