{
  "format_version": "1.8.0",
  "animations": {
    "animation.mcpe_cameraman_glich.bob": {
      "loop": true,
      "animation_length": 5.083333333333333,
      "bones": {
        "bb_main": {
          "rotation": {
            "0.0": [
              0,
              0,
              0
            ],
            "0.0833": [
              0,
              0,
              -2.5
            ],
            "0.1667": [
              0,
              0,
              2.5
            ],
            "0.25": [
              0,
              0,
              -5
            ],
            "0.3333": [
              0,
              0,
              10
            ],
            "0.4167": [
              0,
              0,
              2.5
            ],
            "0.5417": [
              0,
              0,
              -2.5
            ],
            "0.5833": [
              0,
              0,
              5
            ],
            "0.6667": [
              0,
              0,
              0
            ],
            "0.75": [
              0,
              0,
              5
            ],
            "0.8333": [
              0,
              0,
              2.5
            ],
            "0.875": [
              0,
              0,
              5
            ],
            "1.0": [
              0,
              0,
              0
            ],
            "1.125": [
              0,
              0,
              10
            ],
            "1.2083": [
              0,
              0,
              0
            ],
            "1.2917": [
              0,
              0,
              0
            ],
            "1.375": [
              0,
              0,
              7.5
            ],
            "1.4583": [
              0,
              0,
              5
            ],
            "1.5417": [
              0,
              0,
              7
            ],
            "1.6667": [
              0,
              0,
              -2.5
            ],
            "1.75": [
              0,
              0,
              1.25
            ],
            "1.8333": [
              0,
              0,
              5
            ],
            "1.9167": [
              0,
              0,
              5
            ],
            "2.0": [
              0,
              0,
              -5
            ],
            "2.0417": [
              0,
              0,
              2.5
            ],
            "2.1667": [
              0,
              0,
              7.5
            ],
            "2.2917": [
              0,
              0,
              0
            ],
            "2.375": [
              0,
              0,
              5
            ],
            "2.5": [
              0,
              0,
              -2.7300000000000004
            ],
            "2.625": [
              0,
              0,
              7.4
            ],
            "2.75": [
              0,
              0,
              -0.4800000000000004
            ],
            "2.875": [
              0,
              0,
              9.55
            ],
            "3.0": [
              0,
              0,
              -1
            ],
            "3.0833": [
              0,
              0,
              6.54
            ],
            "3.1667": [
              0,
              0,
              -3.74
            ],
            "3.25": [
              0,
              0,
              -3.5700000000000003
            ],
            "3.3333": [
              0,
              0,
              -2.5700000000000003
            ],
            "3.375": [
              0,
              0,
              9.18
            ],
            "3.4583": [
              0,
              0,
              0.3899999999999997
            ],
            "3.5": [
              0,
              0,
              3.49
            ],
            "3.5833": [
              0,
              0,
              -5.029999999999999
            ],
            "3.625": [
              0,
              0,
              -1.7899999999999991
            ],
            "3.6667": [
              -0.2757261060544806,
              0.2630205869679594,
              5.731608307743482
            ],
            "3.75": [
              -0.8928015303786196,
              0.7139661320607047,
              5.774869326679091
            ],
            "3.8333": [
              -0.935110649891285,
              0.5145185198033141,
              -4.597025121963815
            ],
            "3.875": [
              -0.8836698911482563,
              0.5341035369671226,
              -2.283569625182081
            ],
            "3.9167": [
              -0.7303726298569564,
              0.6692370681688043,
              9.464270804845874
            ],
            "4.0": [
              -0.6670797922220482,
              0.6363395381817827,
              10.46067759538024
            ],
            "4.0833": [
              -0.725872466066321,
              0.43872721289048056,
              -2.875820316895334
            ],
            "4.1667": [
              -0.6560034279201318,
              0.4034513253807199,
              -1.7923717828757981
            ],
            "4.2083": [
              -0.5336627804894124,
              0.509072225843629,
              9.999017273590653
            ],
            "4.2917": [
              0.44053325822620537,
              -0.4213578902407244,
              10.759567854413271
            ],
            "4.3333": [
              1.0273424830309523,
              -0.762225767976197,
              -3.8599733247701806
            ],
            "4.4167": [
              -0.2920611840466698,
              0.2677850920186575,
              6.481951090274688
            ],
            "4.5": [
              -0.2723835332017188,
              0.2091365271344148,
              0.6177064677063937
            ],
            "4.5417": [
              -0.22232950400006302,
              0.2245942105593713,
              8.903515014554523
            ],
            "4.625": [
              -0.17840718952716997,
              0.1948139254065245,
              10.475149667921396
            ],
            "4.6667": [
              -0.18207825516461526,
              0.1528744443832511,
              1.9276374710918205
            ],
            "4.7083": [
              -0.14894947934173616,
              0.14906320225089076,
              5.880119965593512
            ],
            "4.7917": [
              -0.13723893878215676,
              0.0792896087369627,
              -8.7148953539158
            ],
            "4.875": [
              -0.07788295388794722,
              0.07140937521789965,
              6.690063434646109
            ],
            "4.9167": [
              -0.06490308416465268,
              0.04547452122124014,
              -2.48245087985104
            ],
            "4.9583": [
              -0.04478602655357463,
              0.027866112626979883,
              -2.904966573083493
            ],
            "5.0": [
              -0.019470737810497667,
              0.01785234422370195,
              6.672516201809158
            ],
            "5.0417": [
              0,
              0,
              0
            ]
          }
        },
        "bone": {
          "position": {
            "0.0": [
              0,
              0,
              0
            ],
            "0.25": [
              0,
              0,
              -45
            ],
            "0.5417": [
              0,
              0,
              -49.45
            ],
            "0.7083": [
              0,
              0,
              -19
            ],
            "0.8333": [
              0,
              0,
              -46
            ],
            "1.0417": [
              0,
              0,
              -70
            ],
            "1.4167": [
              0,
              0,
              -14
            ],
            "1.7083": [
              0,
              0,
              -47
            ],
            "2.0417": [
              0,
              0,
              -9
            ],
            "2.6667": [
              0,
              0,
              -16
            ],
            "3.0833": [
              0,
              0,
              -45
            ],
            "3.5": [
              0,
              0,
              -4
            ],
            "4.25": [
              0,
              0,
              -41
            ],
            "4.8333": [
              0,
              0,
              -12
            ]
          },
          "scale": {
            "0.0": [
              1,
              1,
              1
            ],
            "0.25": [
              1,
              1,
              4.9
            ],
            "0.5417": [
              1,
              1,
              5.3000000000000025
            ],
            "0.7083": [
              1,
              1,
              2.7
            ],
            "0.8333": [
              1,
              1,
              5.199999999999999
            ],
            "1.0417": [
              1,
              1,
              7.2
            ],
            "1.4167": [
              1,
              1,
              2.2000000000000015
            ],
            "1.7083": [
              1,
              1,
              5.000000000000002
            ],
            "2.0417": [
              1,
              1,
              1.6999999999999993
            ],
            "2.6667": [
              1,
              1,
              2.2999999999999967
            ],
            "3.0833": [
              1,
              1,
              5
            ],
            "3.5": [
              1,
              1,
              1.2000000000000002
            ],
            "4.25": [
              1,
              1,
              4.5
            ],
            "4.8333": [
              1,
              1,
              1.6999999999999984
            ]
          }
        }
      }
    },
    "animation.mcpe_cameraman_glich.attack": {
      "loop": true,
      "animation_length": 0.9583333333333334,
      "bones": {
        "bb_main": {
          "rotation": {
            "0.0": [
              0,
              0,
              0
            ],
            "0.3333": [
              7.5,
              0,
              0
            ],
            "0.9167": [
              0,
              0,
              0
            ]
          },
          "position": {
            "0.0": [
              0,
              0,
              0
            ],
            "0.3333": [
              0,
              25,
              0
            ],
            "0.75": [
              0,
              25,
              -530.45
            ],
            "0.7917": [
              0,
              25,
              -259
            ],
            "0.8333": [
              0,
              22,
              9
            ],
            "0.9167": [
              0,
              0,
              -2
            ]
          }
        },
        "bone": {
          "position": {
            "0.0": [
              0,
              0,
              0
            ],
            "0.3333": [
              0,
              0,
              -0.5999999999999943
            ],
            "0.4167": [
              0,
              0,
              -212
            ],
            "0.7917": [
              0,
              0,
              -7
            ],
            "0.9167": [
              0,
              0,
              -2
            ]
          },
          "scale": {
            "0.3333": [
              1,
              1,
              1
            ],
            "0.4167": [
              1,
              1,
              20.099999999999998
            ],
            "0.7917": [
              1,
              1,
              1.7000000000000064
            ],
            "0.9167": [
              1,
              1,
              1.0999999999999996
            ]
          }
        }
      }
    }
  }
}