{
  "format_version": "1.8.0",
  "animations": {
    "animation.mcpe_fly_buzz_saw_toilet.bob": {
      "loop": true,
      "animation_length": 2.1,
      "bones": {
        "bb_main": {
          "position": {
            "0.0": [
              0,
              0,
              0
            ],
            "0.9": [
              0,
              8,
              0
            ],
            "1.5": [
              0,
              3,
              0
            ],
            "2.1": [
              0,
              0,
              0
            ]
          }
        },
        "bone7": {
          "rotation": {
            "0.0": [
              0,
              0,
              0
            ],
            "0.6": [
              0,
              10,
              0
            ],
            "1.3": [
              0,
              0,
              0
            ],
            "1.7": [
              0,
              10,
              0
            ],
            "2.0": [
              0,
              0,
              0
            ]
          }
        },
        "bone13": {
          "rotation": {
            "0.0": [
              0,
              0,
              0
            ],
            "0.1": [
              67.5,
              0,
              0
            ],
            "0.2": [
              127.5,
              0,
              0
            ],
            "0.3": [
              200,
              0,
              0
            ],
            "0.4": [
              282.5,
              0,
              0
            ],
            "0.6": [
              407.5,
              0,
              0
            ],
            "0.7": [
              537.5,
              0,
              0
            ],
            "0.9": [
              667.5,
              0,
              0
            ],
            "1.1": [
              787.5,
              0,
              0
            ],
            "1.3": [
              925,
              0,
              0
            ],
            "1.7": [
              1145,
              0,
              0
            ],
            "1.9": [
              1257.5,
              0,
              0
            ],
            "2.1": [
              1035,
              0,
              0
            ]
          }
        },
        "bone14": {
          "rotation": {
            "0.5": [
              0,
              0,
              0
            ],
            "1.2": [
              0,
              25,
              0
            ],
            "2.0": [
              0.06396159594762141,
              2.0436733674600696,
              -2.3225113197493013
            ]
          }
        },
        "bone17": {
          "rotation": {
            "0.0": [
              0,
              0,
              0
            ],
            "0.1": [
              -52.5,
              0,
              0
            ],
            "0.2": [
              -117.5,
              0,
              0
            ],
            "0.3": [
              -210,
              0,
              0
            ],
            "0.4": [
              -267.5,
              0,
              0
            ],
            "0.6": [
              -390,
              0,
              0
            ],
            "0.7": [
              -447.5,
              0,
              0
            ],
            "0.9": [
              -497.5,
              0,
              0
            ],
            "1.1": [
              -595,
              0,
              0
            ],
            "1.3": [
              -717.5,
              0,
              0
            ],
            "1.5": [
              -802.5,
              0,
              0
            ],
            "1.7": [
              -847.5,
              0,
              0
            ],
            "2.0": [
              -1080,
              0,
              0
            ]
          }
        },
        "bone6": {
          "rotation": {
            "0.0": [
              0,
              0,
              0
            ],
            "0.3": [
              0,
              0,
              15
            ],
            "0.5": [
              0,
              0,
              6.25
            ],
            "0.7": [
              0,
              0,
              -2.5
            ],
            "1.1": [
              0,
              0,
              5
            ],
            "1.5": [
              0,
              0,
              15
            ],
            "2.0": [
              -0.2200452469883203,
              -0.5913882178683707,
              0.08206536685202082
            ],
            "2.1": [
              0,
              0,
              0
            ]
          }
        },
        "bone21": {
          "rotation": {
            "0.0": [
              0,
              0,
              0
            ],
            "0.5": [
              0.9424584394137128,
              -2.6225231886628535,
              -7.126413573826994
            ],
            "1.1": [
              -1.8670877769259824,
              -1.3919780603365508,
              1.900061211388329
            ],
            "1.5": [
              -0.40500733773353215,
              2.5084367599314286,
              -9.65510579959764
            ],
            "2.0": [
              -1.2963841022906855,
              -2.6586318145202856,
              0.3343955121341242
            ]
          }
        },
        "head": {
          "position": {
            "0.0": [
              0,
              0,
              0
            ],
            "0.4": [
              0,
              3,
              0
            ],
            "0.8": [
              0,
              0,
              0
            ],
            "1.6": [
              0,
              3,
              0
            ],
            "2.0": [
              0,
              0,
              0
            ]
          }
        }
      }
    }
  }
}