{
  "format_version": "1.8.0",
  "animations": {
    "animation.mcpe_chainsaw_toilet.move": {
      "loop": true,
      "animation_length": 2.2083333333333335,
      "bones": {
        "bb_main": {
          "rotation": {
            "0.0": [
              0,
              0,
              0
            ],
            "0.375": [
              10,
              0,
              -5
            ],
            "0.7917": [
              0,
              0,
              2.5
            ],
            "0.9167": [
              14.053157031549745,
              0.8520249191583389,
              5.188958687654885
            ],
            "1.25": [
              0,
              0,
              -7.5
            ],
            "1.6667": [
              0,
              0,
              0
            ],
            "1.9583": [
              17.5,
              0,
              0
            ],
            "2.0833": [
              2.5,
              0,
              0
            ]
          }
        },
        "bone2": {
          "rotation": {
            "0.0": [
              0,
              0,
              0
            ],
            "0.2083": [
              0,
              -127.5,
              0
            ],
            "0.4583": [
              0,
              -235,
              0
            ],
            "0.7083": [
              0,
              -327.5,
              0
            ],
            "1.0": [
              0,
              -467.5,
              0
            ],
            "1.2917": [
              0,
              -600,
              0
            ],
            "1.5417": [
              0,
              -725,
              0
            ],
            "1.7917": [
              0,
              -855,
              0
            ],
            "1.8333": [
              0,
              -812.5,
              0
            ]
          }
        },
        "bone": {
          "rotation": {
            "0.0": [
              0,
              0,
              0
            ],
            "0.1667": [
              0,
              -92.5,
              0
            ],
            "0.4167": [
              0,
              -177.5,
              0
            ],
            "0.625": [
              0,
              -322.5,
              0
            ],
            "0.9583": [
              0,
              -432.5,
              0
            ],
            "1.125": [
              0,
              -442.5,
              0
            ],
            "1.3333": [
              0,
              -450,
              0
            ],
            "1.5": [
              0,
              -510,
              0
            ],
            "1.6667": [
              0,
              -575,
              0
            ],
            "1.7917": [
              0,
              -717.5,
              0
            ]
          }
        }
      }
    },
    "animation.mcpe_chainsaw_toilet.bob": {
      "loop": true,
      "animation_length": 1.875,
      "bones": {
        "bb_main": {
          "rotation": {
            "0.0": [
              0,
              0,
              0
            ],
            "0.375": [
              0,
              0,
              -5
            ],
            "0.7917": [
              0,
              0,
              2.5
            ],
            "1.25": [
              0,
              0,
              -7.5
            ],
            "1.6667": [
              0,
              0,
              0
            ]
          }
        },
        "bone2": {
          "rotation": {
            "0.0": [
              0,
              0,
              0
            ],
            "0.2083": [
              0,
              -127.5,
              0
            ],
            "0.4583": [
              0,
              -235,
              0
            ],
            "0.7083": [
              0,
              -327.5,
              0
            ],
            "1.0": [
              0,
              -467.5,
              0
            ],
            "1.2917": [
              0,
              -600,
              0
            ],
            "1.5417": [
              0,
              -725,
              0
            ],
            "1.7917": [
              0,
              -855,
              0
            ],
            "1.8333": [
              0,
              -812.5,
              0
            ]
          }
        },
        "bone": {
          "rotation": {
            "0.0": [
              0,
              0,
              0
            ],
            "0.1667": [
              0,
              -92.5,
              0
            ],
            "0.4167": [
              0,
              -177.5,
              0
            ],
            "0.625": [
              0,
              -322.5,
              0
            ],
            "0.9583": [
              0,
              -432.5,
              0
            ],
            "1.125": [
              0,
              -442.5,
              0
            ],
            "1.3333": [
              0,
              -450,
              0
            ],
            "1.5": [
              0,
              -510,
              0
            ],
            "1.6667": [
              0,
              -575,
              0
            ],
            "1.7917": [
              0,
              -717.5,
              0
            ]
          }
        }
      }
    }
  }
}