{
  "format_version": "1.8.0",
  "animations": {
    "animation.mcpe_black_big_toilet.bob": {
      "animation_length": 2.375,
      "bones": {
        "head": {
          "rotation": {
            "0.0": [
              0,
              0,
              0
            ],
            "0.0833": [
              0,
              0,
              -7.5
            ],
            "0.2083": [
              0,
              0,
              17.5
            ],
            "0.3333": [
              0,
              0,
              2.5
            ],
            "0.4583": [
              0,
              -55,
              2.5
            ],
            "0.5833": [
              -5,
              -55,
              2.5
            ],
            "0.7917": [
              -169.125559977198,
              -74.63421944707397,
              167.9063087101631
            ],
            "0.9583": [
              -177.06394301357147,
              12.586552133701502,
              179.04116174839342
            ],
            "1.0833": [
              -174.66295467723108,
              57.489849072901364,
              182.90528874915802
            ],
            "1.2083": [
              -4.974627517892401,
              54.79564099350296,
              354.3326514959109
            ],
            "1.375": [
              -2.8654424465737245,
              -0.1024395833639602,
              358.4059467643538
            ],
            "1.5833": [
              0.8844043485181645,
              2.727575011803219,
              468.4244401574662
            ],
            "1.75": [
              2.867182492692682,
              -0.022594519961803616,
              540.9028192029245
            ],
            "1.9167": [
              -0.022622839871364597,
              -2.867182269566929,
              630.9039508175202
            ],
            "2.0417": [
              -0.004366409676112681,
              0.37950341558633216,
              823.4056056137252
            ],
            "2.1667": [
              -0.3695628996169944,
              -0.08640181972134087,
              720.9058987251684
            ],
            "2.2917": [
              -0.3654424465736338,
              -0.10243958336453943,
              718.405946764353
            ]
          }
        }
      }
    },
    "animation.mcpe_black_big_toilet.attack": {
      "loop": true,
      "animation_length": 0.9166666666666666,
      "bones": {
        "head": {
          "rotation": {
            "0.0": [
              2.5,
              0,
              0
            ],
            "0.125": [
              20,
              0,
              0
            ],
            "0.25": [
              40,
              0,
              0
            ],
            "0.3333": [
              67.5,
              0,
              0
            ],
            "0.4167": [
              47.5,
              0,
              0
            ],
            "0.5": [
              20,
              0,
              0
            ],
            "0.625": [
              2.5,
              0,
              0
            ],
            "0.8333": [
              0,
              0,
              0
            ]
          }
        }
      }
    }
  }
}