{
  "format_version": "1.8.0",
  "animations": {
    "animation.mcpe_grandpa_toilet.bob": {
      "loop": true,
      "animation_length": 3.3333333333333335,
      "bones": {
        "head": {
          "rotation": {
            "0.0": [
              0,
              0,
              0
            ],
            "0.1667": [
              0,
              0,
              -20
            ],
            "0.4167": [
              0,
              0,
              12.5
            ],
            "0.6667": [
              -34.01481684956525,
              -0.9943155614655552,
              2.67826026675084
            ],
            "0.9583": [
              -39.02942352940659,
              23.753011607421975,
              -16.24466836450012
            ],
            "1.25": [
              -42.83414866457704,
              -32.03077435353907,
              28.022458971687467
            ],
            "1.4167": [
              1.9279060590646822,
              7.777166610504736,
              -3.6896983940286923
            ],
            "1.5417": [
              1.5823314629757803,
              0.44375588433038615,
              1.328750801018996
            ],
            "1.5833": [
              1.927906059064462,
              7.777166610504337,
              -3.689698394028655
            ],
            "2.0": [
              -22.93160964927967,
              -12.182354776802839,
              -159.29857413881786
            ],
            "2.4167": [
              6.071709520144687,
              -12.474017765508215,
              -286.1406814035152
            ],
            "2.625": [
              2.5344516476137144,
              -0.3171187041418495,
              -358.71409147474117
            ]
          },
          "position": {
            "2.7917": [
              0,
              0,
              0
            ],
            "2.9167": [
              0,
              0,
              -4
            ],
            "3.1667": [
              0,
              0,
              0
            ]
          }
        }
      }
    }
  }
}