{
  "format_version": "1.8.0",
  "animations": {
    "animation.mcpe_giant_toilet_upgraded.bob": {
      "loop": true,
      "animation_length": 5.583333333333333,
      "bones": {
        "bb_main": {
          "rotation": {
            "2.1667": [
              0,
              0,
              0
            ],
            "2.75": [
              15,
              0,
              0
            ],
            "4.5833": [
              0,
              0,
              0
            ],
            "5.5833": [
              0,
              0,
              0
            ]
          },
          "position": {
            "0.0": [
              0,
              0,
              0
            ],
            "2.1667": [
              0,
              0.2999999999999998,
              0
            ],
            "2.5": [
              0,
              26.04,
              0
            ],
            "2.75": [
              0,
              15.36,
              0
            ],
            "2.7917": [
              0,
              15.36,
              0
            ],
            "3.2917": [
              0,
              9.36,
              0
            ],
            "4.1667": [
              0,
              21.36,
              0
            ],
            "4.5833": [
              0,
              0.35999999999999943,
              0
            ],
            "5.5833": [
              0,
              0.3599999999999999,
              0
            ]
          }
        },
        "JETPACK": {
          "rotation": {
            "0.0": [
              0,
              0,
              0
            ],
            "2.2083": [
              0,
              0,
              -2.5
            ],
            "2.4583": [
              0,
              0,
              -15
            ],
            "3.125": [
              0,
              0,
              0
            ]
          }
        },
        "Api": {
          "position": {
            "2.1667": [
              0,
              7,
              0
            ],
            "2.2083": [
              0,
              -62.75,
              0
            ],
            "2.25": [
              0,
              -64.5,
              0
            ],
            "2.3333": [
              0,
              -64,
              0
            ],
            "2.4583": [
              0,
              -65,
              0
            ],
            "3.4583": [
              0,
              -62.71000000000001,
              0
            ],
            "4.5833": [
              0,
              10,
              0
            ]
          },
          "scale": {
            "2.1667": [
              1,
              0.39999999999999947,
              1
            ],
            "2.2083": [
              1,
              4.699999999999993,
              1
            ],
            "3.4583": [
              1,
              4.7,
              1
            ],
            "4.5833": [
              1,
              1.2999999999999998,
              1
            ]
          }
        },
        "JETPACK2": {
          "rotation": {
            "2.1667": [
              0,
              0,
              0
            ],
            "2.3333": [
              0,
              0,
              12.5
            ],
            "3.125": [
              0,
              0,
              2.5
            ],
            "5.5833": [
              -1.2108273983749314,
              -0.18096077297013835,
              0.15402095555919004
            ]
          }
        },
        "Api2": {
          "position": {
            "0.0": [
              0,
              5,
              0
            ],
            "2.125": [
              0,
              3.530000000000001,
              0
            ],
            "2.2083": [
              0,
              -62,
              0
            ],
            "3.4583": [
              0,
              -74,
              0
            ],
            "4.5833": [
              0,
              4.280000000000001,
              0
            ],
            "4.6667": [
              0,
              -3,
              0
            ],
            "4.75": [
              0,
              2,
              0
            ]
          },
          "scale": {
            "2.1667": [
              1,
              1,
              1
            ],
            "2.2083": [
              1,
              4.699999999999998,
              1
            ],
            "3.4583": [
              1,
              5.5,
              1
            ],
            "4.5833": [
              1,
              1.2000000000000002,
              1
            ],
            "4.625": [
              1,
              1.8999999999999995,
              1
            ],
            "4.7083": [
              1,
              0.9999999999999996,
              1
            ]
          }
        },
        "head": {
          "scale": {
            "0.0": [
              1,
              1,
              1
            ],
            "0.1667": [
              1,
              1.3000000000000003,
              1
            ],
            "0.3333": [
              1,
              0.6999999999999997,
              1
            ],
            "0.5417": [
              1,
              1.2999999999999998,
              1
            ],
            "0.7917": [
              1,
              0.8999999999999998,
              1
            ],
            "1.0417": [
              1,
              1.5,
              1
            ],
            "1.25": [
              1,
              0.9999999999999996,
              1
            ],
            "1.4167": [
              1,
              1.6,
              1
            ],
            "1.5833": [
              1,
              0.8999999999999996,
              1
            ],
            "1.75": [
              1,
              1.6000000000000005,
              1
            ],
            "2.0": [
              1,
              1.0999999999999996,
              1
            ],
            "2.2083": [
              1,
              1.1,
              1
            ],
            "2.6667": [
              1,
              0.7999999999999999,
              1
            ],
            "2.9583": [
              1,
              1.3000000000000003,
              1
            ],
            "3.1667": [
              1,
              0.7999999999999998,
              1
            ],
            "3.375": [
              1,
              1.4000000000000004,
              1
            ],
            "3.6667": [
              1,
              0.9999999999999997,
              1
            ],
            "3.9167": [
              1,
              1.5,
              1
            ],
            "4.1667": [
              1,
              0.9999999999999997,
              1
            ],
            "4.375": [
              1,
              1.4000000000000004,
              1
            ],
            "4.5833": [
              1,
              0.6999999999999996,
              1
            ],
            "4.75": [
              1,
              1.0999999999999999,
              1
            ],
            "4.9167": [
              1,
              0.8,
              1
            ],
            "5.0833": [
              1,
              1.2000000000000002,
              1
            ],
            "5.2917": [
              1,
              0.7999999999999999,
              1
            ],
            "5.4583": [
              1,
              1.2000000000000002,
              1
            ],
            "5.5833": [
              1,
              1.0999999999999999,
              1
            ]
          }
        }
      }
    },
    "animation.mcpe_giant_toilet_upgraded.bow_and_arrow": {
      "loop": "hold_on_last_frame",
      "animation_length": 0.4583333333333333,
      "bones": {
        "bb_main": {
          "position": [
            0,
            0,
            0
          ]
        },
        "lasee": {
          "rotation": {
            "0.0": [
              0,
              0,
              0
            ],
            "0.2917": [
              0,
              -5,
              0
            ]
          },
          "position": [
            0,
            0,
            0
          ],
          "scale": [
            1,
            1,
            1
          ]
        },
        "bakerlasers": {
          "position": {
            "0.0": [
              0,
              -1,
              -6
            ],
            "0.375": [
              0,
              0,
              243
            ],
            "0.4583": [
              0,
              0,
              462
            ]
          },
          "scale": {
            "0.0": [
              1,
              1,
              -2.220446049250313e-16
            ],
            "0.375": [
              1,
              1,
              36.800000000000004
            ],
            "0.4583": [
              1,
              1,
              66.8
            ]
          }
        },
        "laserBro": {
          "rotation": {
            "0.0": [
              0,
              0,
              0
            ],
            "0.2917": [
              0,
              10,
              0
            ]
          }
        },
        "bone": {
          "position": {
            "0.0": [
              0,
              0,
              1
            ],
            "0.375": [
              0,
              0,
              1903
            ]
          },
          "scale": {
            "0.0": [
              1,
              1,
              1
            ],
            "0.375": [
              1,
              1,
              113.59999999999998
            ]
          }
        }
      }
    }
  }
}