{
	"format_version": "1.8.0",
	"animations": {
		"animation.bica.walk": {
			"loop": true,
			"animation_length": 1.41667,
			"bones": {
				"Tangan2": {
					"rotation": {
						"0.0": [0, 0, -5],
						"0.5": [0, 0, 2.5],
						"1.4167": [0, 0, -5]
					}
				},
				"bone": {
					"rotation": {
						"0.0": [-25, 0, 0],
						"0.75": [-2.5, 0, 0],
						"1.4167": [-25, 0, 0]
					}
				},
				"Tangan": {
					"rotation": {
						"0.0": [0, 0, -2.5],
						"0.75": [0, 0, 5],
						"1.4167": [0, 0, -2.5]
					}
				},
				"bone2": {
					"rotation": {
						"0.0": [0, 0, 0],
						"0.75": [-17.5, 0, 0],
						"1.4167": [0, 0, 0]
					},
					"scale": [1, 1, 0.9]
				},
				"RightLeg": {
					"rotation": {
						"0.0": [23.84437, -9.54662, -9.51604],
						"0.5417": [-44.33892, -4.37383, -3.02142],
						"0.75": [-25.23469, -1.61959, -2.31839],
						"1.4167": [23.84437, -9.54662, -9.51604]
					}
				},
				"bone3": {
					"rotation": {
						"0.0": [12.5, 0, 0],
						"0.5417": [45, 0, 0],
						"0.75": [5, 0, 0],
						"1.4167": [12.5, 0, 0]
					}
				},
				"Head": {
					"rotation": {
						"0.0": [7.5, 0, 0],
						"0.75": [2.5, 0, 0],
						"1.4167": [7.5, 0, 0]
					}
				},
				"LeftLeg": {
					"rotation": {
						"0.0": [-15.53576, 6.87455, 5.60928],
						"0.75": [17.5, 0, 0],
						"1.2083": [-35.21208, 4.72626, 3.85638],
						"1.4167": [-15.53576, 6.87455, 5.60928]
					}
				},
				"bone4": {
					"rotation": {
						"0.0": [0.03829, 0.44948, 0.713],
						"0.75": [12.5, 0, 0],
						"1.2083": [37.5, 0, 0],
						"1.4167": [0.03829, 0.44948, 0.713]
					}
				},
				"bone5": {
					"rotation": [7.5, 0, 0],
					"position": [0, 0, 0]
				},
				"Body": {
					"position": {
						"0.0": [0, 0, 0],
						"0.25": [0, 0, 0],
						"0.4167": [0, 1, 0],
						"0.5833": [0, 0, 0],
						"0.9167": [0, 0, 0],
						"1.1667": [0, 1, 0],
						"1.4167": [0, 0, 0]
					}
				}
			}
		},
		"animation.bica.bob": {
			"loop": true,
			"animation_length": 16,
			"bones": {
				"bone5": {
					"rotation": {
						"0.0": [10, 0, 0],
						"1.0": [2.5, 0, 0],
						"2.0": [10, 0, 0],
						"3.0": [2.5, 0, 0],
						"4.0": [10, 0, 0],
						"5.0": [2.5, 0, 0],
						"6.0": [10, 0, 0],
						"7.0": [2.5, 0, 0],
						"8.0": [10, 0, 0],
						"9.0": [2.5, 0, 0],
						"10.0": [10, 0, 0],
						"11.0": [2.5, 0, 0],
						"12.0": [10, 0, 0],
						"13.0": [2.5, 0, 0],
						"15.0": [2.5, 0, 0],
						"16.0": [10, 0, 0]
					}
				},
				"Tangan2": {
					"rotation": {
						"0.0": [-10, 0, 7.5],
						"1.0": [0, 0, 5],
						"2.0": [-10, 0, 7.5],
						"3.0": [0, 0, 5],
						"4.0": [-10, 0, 7.5],
						"5.0": [0, 0, 5],
						"6.0": [-10, 0, 7.5],
						"7.0": [0, 0, 5],
						"8.0": [-10, 0, 7.5],
						"9.0": [0, 0, 5],
						"10.0": [-10, 0, 7.5],
						"11.0": [0, 0, 5],
						"12.0": [-10, 0, 7.5],
						"13.0": [0, 0, 5],
						"15.0": [0, 0, 5],
						"16.0": [-10, 0, 7.5]
					}
				},
				"Tangan": {
					"rotation": {
						"0.0": [-10, 0, -7.5],
						"1.0": [0.18403, -0.15912, -4.98839],
						"2.0": [-10, 0, -7.5],
						"3.0": [0.18403, -0.15912, -4.98839],
						"4.0": [-10, 0, -7.5],
						"5.0": [0.18403, -0.15912, -4.98839],
						"6.0": [-10, 0, -7.5],
						"7.0": [0.18403, -0.15912, -4.98839],
						"8.0": [-10, 0, -7.5],
						"9.0": [0.18403, -0.15912, -4.98839],
						"10.0": [-10, 0, -7.5],
						"11.0": [0.18403, -0.15912, -4.98839],
						"12.0": [-10, 0, -7.5],
						"13.0": [0.18403, -0.15912, -4.98839],
						"15.0": [0.18403, -0.15912, -4.98839],
						"16.0": [-10, 0, -7.5]
					}
				},
				"bone": {
					"rotation": {
						"0.0": [0, 0, -5],
						"2.0": [0, 0, -5],
						"4.0": [0, 0, -5],
						"6.0": [0, 0, -5],
						"8.0": [0, 0, -5],
						"10.0": [0, 0, -5],
						"12.0": [0, 0, -5]
					}
				},
				"Head": {
					"rotation": {
						"0.0": [-2.5, 0, 0],
						"2.0": [-2.5, 0, 0],
						"4.0": [-2.5, 0, 0],
						"6.0": [-2.5, 0, 0],
						"8.0": [-2.5, 0, 0],
						"10.0": [-2.5, 0, 0],
						"12.0": [-2.5, 0, 0],
						"12.3": [-2.5, 0, 0],
						"12.9": [-3.15, 37.45817, -1.91699],
						"13.5": [-3.53329, 44.94549, -2.49762],
						"14.1": [-3.69768, -47.44052, 2.72535],
						"14.7": [-4.35299, -54.92219, 3.56463],
						"15.3": [-2.5, 0, 0]
					}
				},
				"bone2": {
					"rotation": {
						"0.0": [0, 0, 5],
						"2.0": [0, 0, 5],
						"4.0": [0, 0, 5],
						"6.0": [0, 0, 5],
						"8.0": [0, 0, 5],
						"10.0": [0, 0, 5],
						"12.0": [0, 0, 5]
					}
				},
				"RightLeg": {
					"rotation": [-2.5, 12.5, 7.5]
				},
				"bone3": {
					"rotation": [5, 0, 0]
				},
				"LeftLeg": {
					"rotation": [-5, -7.5, -7.5]
				},
				"bone4": {
					"rotation": [7.5, 0, 0]
				}
			}
		},
		"animation.bica.attack": {
			"animation_length": 1,
			"bones": {
				"Body": {
					"rotation": {
						"0.25": [0, 0, 0],
						"0.5": [0, -10, 0],
						"0.75": [0, 0, 0]
					}
				},
				"bone5": {
					"rotation": {
						"0.0": [0, 0, 0],
						"0.25": [6.55366, 30.45252, 4.51841],
						"0.5417": [12.5, -25.62, 0],
						"0.625": [14.8048, -40.20373, -4.20622],
						"0.9583": [0, 0, 0]
					}
				},
				"Tangan2": {
					"rotation": {
						"0.0": [0, 0, 0],
						"0.25": [33.64796, 0.93693, 44.64068],
						"0.375": [36.14796, 0.93693, 44.64068],
						"0.5": [-83.4012, -56.38582, 39.07813],
						"0.5833": [-101.58011, -66.2387, 42.6882],
						"1.0": [0, 0, 0]
					}
				},
				"bone": {
					"rotation": {
						"0.0": [0, 0, 0],
						"0.25": [-75, 0, 0],
						"0.5": [0, 0, 0],
						"0.5833": [-47.5, 0, 0],
						"0.75": [0, 0, 0]
					}
				},
				"Tangan": {
					"rotation": {
						"0.0": [0, 0, 0],
						"0.25": [10, 0, -7.5],
						"0.5": [10, 0, -7.5],
						"0.75": [0, 0, 0]
					}
				},
				"bone2": {
					"rotation": {
						"0.0": [0, 0, 0],
						"0.25": [-37.5, 0, 0],
						"0.5": [-70, 0, 0],
						"0.75": [0, 0, 0]
					}
				},
				"Head": {
					"rotation": {
						"0.0": [0, 0, 0],
						"0.25": [0, 22.5, 0],
						"0.5": [0, -3.75, 0],
						"0.75": [0, 0, 0]
					}
				}
			}
		}
	}
}