{
	"format_version": "1.8.0",
	"animations": {
		"animation.gman.bob": {
			"loop": true,
			"animation_length": 4.75,
			"bones": {
				"Head": {
					"rotation": {
						"0.5": [0, 0, 0],
						"0.5833": [5, 0, 0],
						"0.6667": [0, 0, 0],
						"1.4167": [0, 0, 0],
						"1.5": [0, 0, 5],
						"1.5833": [0, 0, 0],
						"1.6667": [0, 0, 0],
						"1.75": [0, 0, -5],
						"1.8333": [0, 0, 0]
					},
					"position": {
						"0.0": [0, 0, 0],
						"0.5833": [0, 0, 0],
						"0.6667": [0, 0, -3],
						"0.75": [0, 0, 0],
						"2.0": [0, 0, 0],
						"2.0833": [0, 1, 0],
						"2.1667": [0, 1, 0],
						"2.25": [0, 0, 0],
						"2.3333": [0, 1, 0],
						"2.4167": [0, 1, 0],
						"2.5": [0, 0, 0],
						"3.75": [0, 0, 0],
						"3.8333": [0, 1, 0],
						"3.9167": [0, 1, 0],
						"4.0": [0, 0, 0],
						"4.0833": [0, 0, 0],
						"4.1667": [0, 1, 0],
						"4.25": [0, 1, 0],
						"4.4167": [0, 0, 0]
					}
				},
				"Bibir": {
					"position": [0, 0, 0]
				},
				"Bibir2": {
					"position": {
						"0.0": [0, 0, 0],
						"0.5": [0, 0, 0],
						"0.5833": [0, -1, 0],
						"0.7083": [0, -1, 0],
						"0.7917": [0, 0, 0],
						"1.0": [0, 0, 0],
						"1.0833": [0, -1, 0],
						"1.1667": [0, 0, 0],
						"1.25": [0, -1, 0],
						"1.3333": [0, 0, 0],
						"1.4167": [0, 0, 0],
						"1.5": [0, -1, 0],
						"1.5833": [0, 0, 0],
						"1.6667": [0, 0, 0],
						"1.75": [0, -1, 0],
						"1.8333": [0, 0, 0],
						"1.9167": [0, -1, 0],
						"2.0": [0, 0, 0],
						"2.0833": [0, -2, 0],
						"2.1667": [0, -2, 0],
						"2.25": [0, 0, 0],
						"2.3333": [0, -2, 0],
						"2.4167": [0, -2, 0],
						"2.5": [0, 0, 0],
						"2.6667": [0, 0, 0],
						"2.75": [0, -1, 0],
						"2.8333": [0, 0, 0],
						"2.9167": [0, -1, 0],
						"3.0": [0, 0, 0],
						"3.25": [0, 0, 0],
						"3.3333": [0, -1, 0],
						"3.4167": [0, 0, 0],
						"3.5": [0, -1, 0],
						"3.5833": [0, 0, 0],
						"3.75": [0, 0, 0],
						"3.8333": [0, -2, 0],
						"3.9167": [0, -2, 0],
						"4.0": [0, 0, 0],
						"4.0833": [0, 0, 0],
						"4.1667": [0, -2, 0],
						"4.25": [0, -2, 0],
						"4.4167": [0, 0, 0]
					}
				},
				"bone2": {
					"position": {
						"0.0": [0, 0, 0],
						"0.5": [0, 0, 0],
						"0.5833": [0, 0, 0],
						"0.6667": [0, 0, 0],
						"1.4167": [0, 0, 0],
						"1.5": [0, 1, 0],
						"1.5833": [0, 0, 0],
						"1.6667": [0, 0, 0],
						"1.75": [0, 1, 0],
						"1.8333": [0, 0, 0],
						"1.9167": [0, 1, 0],
						"2.0": [0, 0, 0]
					}
				},
				"bone3": {
					"position": {
						"0.0": [0, 0, 0],
						"0.5": [0, 0, 0],
						"0.5833": [0, -1, 0],
						"0.7083": [0, -1, 0],
						"0.7917": [0, 0, 0],
						"1.4167": [0, 0, 0],
						"1.5": [0, -1, 0],
						"1.5833": [0, 0, 0],
						"1.6667": [0, 0, 0],
						"1.75": [0, -1, 0],
						"1.8333": [0, 0, 0],
						"1.9167": [0, -1, 0],
						"2.0": [0, 0, 0],
						"2.0833": [0, -1, 0],
						"2.1667": [0, -1, 0],
						"2.25": [0, 0, 0],
						"2.3333": [0, -1, 0],
						"2.4167": [0, -1, 0],
						"2.5": [0, 0, 0],
						"3.25": [0, 0, 0],
						"3.3333": [0, -1, 0],
						"3.4167": [0, 0, 0],
						"3.5": [0, -1, 0],
						"3.5833": [0, 0, 0],
						"3.75": [0, 0, 0],
						"3.8333": [0, -1, 0],
						"3.9167": [0, -1, 0],
						"4.0": [0, 0, 0],
						"4.0833": [0, 0, 0],
						"4.1667": [0, -1, 0],
						"4.25": [0, -1, 0],
						"4.4167": [0, 0, 0]
					}
				},
				"Alis": {
					"position": {
						"0.0": [0, 0, 0],
						"2.0": [0, 0, 0],
						"2.0833": [0, 1, 0],
						"2.1667": [0, 1, 0],
						"2.25": [0, 0, 0],
						"2.3333": [0, 1, 0],
						"2.4167": [0, 1, 0],
						"2.5": [0, 0, 0],
						"3.75": [0, 0, 0],
						"3.8333": [0, 1, 0],
						"3.9167": [0, 1, 0],
						"4.0": [0, 0, 0],
						"4.0833": [0, 0, 0],
						"4.1667": [0, 1, 0],
						"4.25": [0, 1, 0],
						"4.4167": [0, 0, 0]
					}
				},
				"Laser": {
					"position": [0, -121, 0]
				},
				"Eppect": {
					"position": {
						"1.375": [0, 0, -1],
						"1.5": [0, 0, -53],
						"3.0": [0, 0, 0]
					},
					"scale": {
						"1.375": [1, 1, 0.9],
						"1.5": [1, 1, 0],
						"3.0": [1, 1, 1]
					}
				},
				"Eppect2": {
					"rotation": {
						"1.375": [0, 0, 0],
						"3.0": [0, -17.5, 362.5]
					},
					"position": {
						"1.375": [0, 0, 1],
						"1.5": [0, 0, -53],
						"3.0": [12, 0, -10]
					},
					"scale": {
						"1.5": [1, 1, 0],
						"3.0": [1, 1, 0.8]
					}
				},
				"Mata": {
					"position": {
						"0.0": [0, 0, 1],
						"2.0833": [0, 0, 1]
					},
					"scale": [1, 1, 1]
				}
			},
			"sound_effects": {
				"0.0": {
					"effect": "y2mate.com.mp3"
				}
			}
		},
		"animation.gman.bow_and_arrow": {
			"loop": true,
			"animation_length": 4.7,
			"bones": {
				"Alis": {
					"position": {
						"0.0": [0, 0, 0],
						"0.8": [0, 0.2, 0],
						"1.0": [0, 2, 0],
						"1.2": [0, -0.17, 0],
						"1.4": [0, 0.12, 0],
						"1.5": [0, 2.27, 0],
						"2.7": [0, 2.27, 0],
						"3.0": [0, 0.27, 0]
					}
				},
				"Laser": {
					"rotation": {
						"1.5": [0, 0, 0],
						"2.1": [2.5, 0, 0],
						"2.7": [-2.5, 0, 0],
						"3.0": [0, 0, 0]
					},
					"position": {
						"0.0": [0, 121, 0],
						"4.2": [0, 121, 0],
						"4.4": [0, 121, -599]
					},
					"scale": {
						"1.4": [1, 1, 0],
						"1.5": [0.5, 0.2, 4.5],
						"4.2": [1, 1, 4.5],
						"4.4": [1, 1, 0]
					}
				},
				"Eppect": {
					"rotation": {
						"1.5": [0, 0, 0],
						"4.2": [0, -17.5, 362.5]
					},
					"position": {
						"1.5": [0, 0, 54],
						"3.0": [0, 0, 1],
						"4.2": [0, 0, 0]
					},
					"scale": {
						"1.5": [1, 1, 0],
						"4.2": [1, 1, 1]
					}
				},
				"Eppect2": {
					"rotation": {
						"1.5": [0, 0, -2.5],
						"4.2": [0, 0, 357.5]
					},
					"position": {
						"1.5": [0, 0, 53],
						"3.0": [-6.67, 0, 11.11],
						"4.2": [-12, 0, 10]
					},
					"scale": {
						"1.5": [1, 1, 0],
						"4.2": [1, 1, 1.2]
					}
				},
				"Mata": {
					"position": [0, 0, -1],
					"scale": {
						"0.0": [1, 0, 1],
						"1.1": [1, 0, 1],
						"1.3": [1, 0.7333, 1],
						"1.4": [1, 0.7333, 1],
						"1.5": [1, 1.1, 1],
						"4.2": [1, 1.1, 1],
						"4.4": [0.6, 0, 1]
					}
				},
				"bone6": {
					"rotation": {
						"1.2": [0, 0, 0],
						"1.5": [0, 0, 15],
						"4.2": [0, 0, 15],
						"4.7": [0, 0, 0]
					}
				},
				"bone5": {
					"rotation": {
						"1.2": [0, 0, 0],
						"1.5": [0, 0, -15],
						"4.2": [0, 0, -15],
						"4.7": [0, 0, 0]
					}
				}
			}
		}
	}
}