{
	"format_version": "1.8.0",
	"animations": {
		"animation.saw.bob": {
			"loop": true,
			"animation_length": 1,
			"bones": {
				"bone": {
					"rotation": {
						"0.0": [0, 0, 0],
						"1.0": [0, -720, 0]
					},
					"scale": [1.3, 1, 1.3]
				},
				"Head": {
					"rotation": {
						"0.0": [0, 0, 0],
						"0.0833": [7.5, 0, 0],
						"0.1667": [2.58807, 14.98539, 0.66963],
						"0.25": [2.50954, -4.99523, -0.21865],
						"0.3333": [-2.49046, -4.99523, -0.21865],
						"0.4167": [5.11128, -12.46608, -0.88748],
						"0.5": [0, 0, 0],
						"0.5833": [0, 0, 0],
						"0.6667": [7.5, 0, 0],
						"0.75": [2.58807, 14.98539, 0.66963],
						"0.8333": [2.50954, -4.99523, -0.21865],
						"0.9167": [-2.49046, -4.99523, -0.21865],
						"1.0": [0, 0, 0]
					}
				},
				"Bibir2": {
					"position": {
						"0.0": [0, 0, 0],
						"0.0833": [0, -1, 0],
						"0.1667": [0, 0, 0],
						"0.25": [0, -1, 0],
						"0.3333": [0, 0, 0],
						"0.4167": [0, -1, 0],
						"0.5": [0, 0, 0],
						"0.5833": [0, -1, 0],
						"0.6667": [0, 0, 0],
						"0.75": [0, -1, 0],
						"0.8333": [0, 0, 0],
						"0.9167": [0, -1, 0],
						"1.0": [0, 0, 0]
					}
				},
				"Roket": {
					"rotation": [-22.5, 0, 0]
				},
				"Api": {
					"scale": {
						"0.0": [1, 1, 0],
						"0.0417": [1, 1, 1],
						"0.0833": [1, 1, 0],
						"0.125": [1, 1, 1],
						"0.1667": [1, 1, 0],
						"0.2083": [1, 1, 1],
						"0.25": [1, 1, 0],
						"0.2917": [1, 1, 1],
						"0.3333": [1, 1, 0],
						"0.375": [1, 1, 1],
						"0.4167": [1, 1, 0],
						"0.4583": [1, 1, 1],
						"0.5": [1, 1, 0]
					}
				},
				"Api2": {
					"scale": {
						"0.0": [1, 1, 1],
						"0.0417": [1, 1, -0.1],
						"0.0833": [1, 1, 1],
						"0.125": [1, 1, -0.1],
						"0.1667": [1, 1, 1],
						"0.2083": [1, 1, -0.1],
						"0.25": [1, 1, 1],
						"0.2917": [1, 1, -0.1],
						"0.3333": [1, 1, 1],
						"0.375": [1, 1, -0.1],
						"0.4167": [1, 1, 1],
						"0.4583": [1, 1, -0.1],
						"0.5": [1, 1, 1]
					}
				},
				"Body": {
					"rotation": {
						"0.0": [0, 0, -2.5],
						"0.25": [0, 0, 5],
						"0.5": [0, 0, 2.5],
						"0.75": [0, 0, 0],
						"1.0": [0, 0, -2.5]
					},
					"position": {
						"0.0": [3, 1, 0],
						"0.25": [3, 0, 0],
						"0.5": [5, 0, 0],
						"1.0": [3, 1, 0]
					}
				}
			}
		},
		"animation.saw.walk": {
			"loop": true,
			"animation_length": 0.75,
			"bones": {
				"Body": {
					"rotation": {
						"0.0": [20, 0, 0],
						"0.25": [19.9299, -1.70818, 4.69986],
						"0.5": [19.98247, 0.85481, -2.34941],
						"0.75": [20, 0, 0]
					},
					"position": {
						"0.0": [0, 0, 0],
						"0.25": [2, 0, 0],
						"0.5": [2, 2, 0],
						"0.75": [0, 0, 0]
					}
				},
				"Roket": {
					"rotation": [12.5, 0, 0]
				}
			}
		}
	}
}