{
    "format_version": "1.19.50",
    "minecraft:item": {
        "description": {
            "identifier": "rai:armory_jurei",
            "category": "Items"
        },
        "components": {
            "minecraft:item_storage": {
                "capacity": 5
            },
            "minecraft:armor": {
                "protection": 0
            },
            "minecraft:wearable": {
                "slot": "slot.armor.chest"
            },
            "minecraft:creative_category": {
                "parent": "itemGroup.name.jujutsu"
            },
            "minecraft:icon": {
                "texture": "armory_jurei"
            },
            "minecraft:render_offsets": {
				"main_hand": {
					"third_person": {
						"scale": [0.045, 0.045, 0.045]
					},
					"first_person": {
						"scale": [0.017, 0.017, 0.017]
					}
				},
				"off_hand": {
					"third_person": {
						"scale": [0.045, 0.045, 0.045]
					},
					"first_person": {
						"scale": [0.017, 0.017, 0.017]
					}
				}
			},
            "minecraft:max_stack_size": 1,
            "minecraft:can_destroy_in_creative": false
        }
    }
}