{
    "format_version": "1.19.50",
    "minecraft:item": {
        "description": {
            "identifier": "rai:fushiguro_touji_pants",
            "category": "Equipment"
        },
        "components": {
            "minecraft:enchantable": {
              "value": 1,
              "slot": "armor_legs"
            },
            "minecraft:armor": {
                "protection": 2
            },
            "minecraft:wearable": {
                "slot": "slot.armor.legs"
            },
            "minecraft:creative_category": {
                "parent": "itemGroup.name.leggings"
            },
            "minecraft:icon": {
                "texture": "fushiguro_touji_pants"
            },
            "minecraft:render_offsets": {
				"main_hand": {
					"third_person": {
						"scale": [0.0225, 0.0225, 0.0225]
					},
					"first_person": {
						"scale": [0.0085, 0.0085, 0.0085]
					}
				},
				"off_hand": {
					"third_person": {
						"scale": [0.0225, 0.0225, 0.0225]
					},
					"first_person": {
						"scale": [0.0085, 0.0085, 0.0085]
					}
				}
			},
            "minecraft:max_stack_size": 1,
            "minecraft:can_destroy_in_creative": false
        }
    }
}