{
   "biomes" : {
      "bamboo_jungle" : {
         "water_fog_color" : "#14A2C5",
         "water_surface_color" : "#14A2C5"
      },
      "bamboo_jungle_hills" : {
         "water_fog_color" : "#1B9ED8",
         "water_surface_color" : "#1B9ED8"
      },
      "basalt_deltas" : {
         "fog_color" : "#685f70",
         "water_fog_color" : "#423e42",
         "water_surface_color" : "#3f76e4"
      },
      "beach" : {
         "water_fog_color" : "#04D4F0",
         "water_fog_distance" : 60,
         "water_surface_color" : "#04D4F0"
      },
      "birch_forest" : {
         "water_fog_color" : "#0677ce",
         "water_surface_color" : "#0677ce"
      },
      "birch_forest_hills" : {
         "water_fog_color" : "#0a74c4",
         "water_surface_color" : "#0a74c4"
      },
      "cold_beach" : {
         "water_fog_color" : "#04D4F0",
         "water_fog_distance" : 50,
         "water_surface_color" : "#04D4F0"
      },
      "cold_ocean" : {
         "water_fog_color" : "#41bfbd",
         "water_fog_distance" : 60,
         "water_surface_color" : "#41bfbd"
      },
      "cold_taiga" : {
         "water_fog_color" : "#205e83",
         "water_surface_color" : "#205e83"
      },
      "cold_taiga_hills" : {
         "water_fog_color" : "#245b78",
         "water_surface_color" : "#245b78"
      },
      "cold_taiga_mutated" : {
         "water_fog_color" : "#205e83",
         "water_surface_color" : "#205e83"
      },
      "crimson_forest" : {
         "fog_color" : "#330303",
         "water_fog_color" : "#905957",
         "water_surface_color" : "#905957"
      },
      "deep_cold_ocean" : {
         "water_fog_color" : "#41bfbd",
         "water_fog_distance" : 60,
         "water_surface_color" : "#41bfbd"
      },
      "deep_frozen_ocean" : {
         "water_fog_color" : "#1a4879",
         "water_fog_distance" : 60,
         "water_surface_color" : "#2570B5"
      },
      "deep_lukewarm_ocean" : {
         "water_fog_color" : "#41bfbd",
         "water_fog_distance" : 60,
         "water_surface_color" : "#41bfbd"
      },
      "deep_ocean" : {
         "water_fog_color" : "#41bfbd",
         "water_fog_distance" : 60,
         "water_surface_color" : "#41bfbd"
      },
      "deep_warm_ocean" : {
         "water_fog_color" : "#41bfbd",
         "water_fog_distance" : 60,
         "water_surface_color" : "#41bfbd"
      },
	"default" : {
        	 "fog_color" : "#47e0ff",
        	 "water_fog_color" : "#41bfbd",
        	 "water_fog_distance" : 15,
        	 "water_surface_color" : "#41bfbd",
        	 "water_surface_transparency" : 0.650
      },
      "desert" : {
         "water_fog_color" : "#04D4F0",
         "water_surface_color" : "#04D4F0"
      },
      "desert_hills" : {
         "water_fog_color" : "#1a7aa1",
         "water_surface_color" : "#1a7aa1"
      },
      "extreme_hills" : {
         "water_fog_color" : "#007BF7",
         "water_surface_color" : "#007BF7"
      },
      "extreme_hills_edge" : {
         "water_fog_color" : "#045cd5",
         "water_surface_color" : "#045cd5"
      },
      "extreme_hills_mutated" : {
         "water_fog_color" : "#0E63AB",
         "water_surface_color" : "#0E63AB"
      },
      "extreme_hills_plus_trees" : {
         "water_fog_color" : "#0E63AB",
         "water_surface_color" : "#0E63AB"
      },
      "extreme_hills_plus_trees_mutated" : {
         "water_fog_color" : "#0E63AB",
         "water_surface_color" : "#0E63AB"
      },
      "flower_forest" : {
         "water_fog_color" : "#20A3CC",
         "water_surface_color" : "#20A3CC"
      },
      "forest" : {
         "water_fog_color" : "#1E97F2",
         "water_surface_color" : "#1E97F2"
      },
      "forest_hills" : {
         "water_fog_color" : "#056bd1",
         "water_surface_color" : "#056bd1"
      },
      "frozen_ocean" : {
         "water_fog_color" : "#174985",
         "water_fog_distance" : 60,
         "water_surface_color" : "#2570B5"
      },
      "frozen_river" : {
         "water_fog_color" : "#185390",
         "water_fog_distance" : 20,
         "water_surface_color" : "#185390"
      },
      "hell" : {
         "fog_color" : "#330808",
         "water_fog_color" : "#905957",
         "water_surface_color" : "#905957"
      },
      "ice_mountains" : {
         "water_fog_color" : "#1156a7",
         "water_surface_color" : "#1156a7"
      },
      "ice_plains" : {
         "water_fog_color" : "#14559b",
         "water_surface_color" : "#14559b"
      },
      "ice_plains_spikes" : {
         "water_fog_color" : "#14559b",
         "water_surface_color" : "#14559b"
      },
      "jungle" : {
         "water_fog_color" : "#41bfbd",
         "water_surface_color" : "#41bfbd"
      },
      "jungle_edge" : {
         "water_fog_color" : "#04D4F0",
         "water_surface_color" : "#04D4F0"
      },
      "jungle_hills" : {
         "water_fog_color" : "#04D4F0",
         "water_surface_color" : "#04D4F0"
      },
      "jungle_mutated" : {
         "water_fog_color" : "#04D4F0",
         "water_surface_color" : "#04D4F0"
      },
      "lukewarm_ocean" : {
         "water_fog_color" : "#41bfbd",
         "water_fog_distance" : 60,
         "water_surface_color" : "#41bfbd"
      },
      "mega_spruce_taiga" : {
         "water_fog_color" : "#2d6d77",
         "water_surface_color" : "#2d6d77"
      },
      "mega_spruce_taiga_mutated" : {
         "water_fog_color" : "#2d6d77",
         "water_surface_color" : "#2d6d77"
      },
      "mega_taiga" : {
         "water_fog_color" : "#2d6d77",
         "water_surface_color" : "#2d6d77"
      },
      "mega_taiga_hills" : {
         "water_fog_color" : "#286378",
         "water_surface_color" : "#286378"
      },
      "mega_taiga_mutated" : {
         "water_fog_color" : "#2d6d77",
         "water_surface_color" : "#2d6d77"
      },
      "mesa" : {
         "water_fog_color" : "#4E7F81",
         "water_surface_color" : "#4E7F81"
      },
      "mesa_bryce" : {
         "water_fog_color" : "#497F99",
         "water_surface_color" : "#497F99"
      },
      "mesa_mutated" : {
         "water_fog_color" : "#497F99",
         "water_surface_color" : "#497F99"
      },
      "mesa_plateau" : {
         "water_fog_color" : "#55809E",
         "water_surface_color" : "#55809E"
      },
      "mesa_plateau_stone" : {
         "water_fog_color" : "#55809E",
         "water_surface_color" : "#55809E"
      },
      "mushroom_island" : {
         "water_fog_color" : "#8a8997",
         "water_surface_color" : "#8a8997"
      },
      "mushroom_island_shore" : {
         "water_fog_color" : "#818193",
         "water_surface_color" : "#818193"
      },
      "ocean" : {
         "water_fog_color" : "#41bfbd",
         "water_fog_distance" : 60,
         "water_surface_color" : "#41bfbd"
      },
      "plains" : {
         "water_fog_color" : "#04D4F0",
         "water_surface_color" : "#04D4F0"
      },
      "river" : {
         "water_fog_color" : "#41bfbd",
         "water_fog_distance" : 30,
         "water_surface_color" : "#41bfbd"
      },
      "roofed_forest" : {
         "water_fog_color" : "#3B6CD1",
         "water_surface_color" : "#3B6CD1"
      },
      "savanna" : {
         "water_fog_color" : "#2C8B9C",
         "water_surface_color" : "#2C8B9C"
      },
      "savanna_mutated" : {
         "water_fog_color" : "#2590A8",
         "water_surface_color" : "#2590A8"
      },
      "savanna_plateau" : {
         "water_fog_color" : "#2590A8",
         "water_surface_color" : "#2590A8"
      },
      "soulsand_valley" : {
         "fog_color" : "#1B4745",
         "water_fog_color" : "#905957",
         "water_surface_color" : "#905957"
      },
      "stone_beach" : {
         "water_fog_color" : "#04D4F0",
         "water_surface_color" : "#04D4F0"
      },
      "sunflower_plains" : {
         "water_fog_color" : "#44AFF5",
         "water_surface_color" : "#44AFF5"
      },
      "swampland" : {
         "water_fog_color" : "#4c6559",
         "water_fog_distance" : 8,
         "water_surface_color" : "#4c6559",
         "water_surface_transparency" : 1.0
      },
      "swampland_mutated" : {
         "water_fog_color" : "#4c6156",
         "water_fog_distance" : 8,
         "water_surface_color" : "#4c6156",
         "water_surface_transparency" : 1.0
      },
      "taiga" : {
         "water_fog_color" : "#287082",
         "water_surface_color" : "#287082"
      },
      "taiga_hills" : {
         "water_fog_color" : "#236583",
         "water_surface_color" : "#236583"
      },
      "taiga_mutated" : {
         "water_fog_color" : "#1E6B82",
         "water_surface_color" : "#1E6B82"
      },
      "the_end" : {
         "fog_color" : "#0B080C",
         "water_fog_color" : "#62529e",
         "water_surface_color" : "#62529e"
      },
      "warm_ocean" : {
         "water_fog_color" : "#41bfbd",
         "water_fog_distance" : 60,
         "water_surface_color" : "#41bfbd",
         "water_surface_transparency" : 0.550
      },
      "warped_forest" : {
         "fog_color" : "#1a051A",
         "water_fog_color" : "#905957",
         "water_surface_color" : "#905957"
      }
   }
}
