{
	"format_version": "1.10.0",
	"particle_effect": {
		"description": {
			"identifier": "j:black_flash",
			"basic_render_parameters": {
				"material": "particles_add",
				"texture": "textures/particle/black_flash"
			}
		},
		"components": {
			"minecraft:emitter_rate_steady": {
				"spawn_rate": 40,
				"max_particles": 500
			},
			"minecraft:emitter_lifetime_once": {
				"active_time": 0.3
			},
			"minecraft:emitter_shape_sphere": {
				"radius": 3,
				"direction": "outwards"
			},
			"minecraft:particle_lifetime_expression": {
				"max_lifetime": 0.4
			},
			"minecraft:particle_initial_spin": {
				"rotation": "Math.random(-1000,1000)"
			},
			"minecraft:particle_initial_speed": 1,
			"minecraft:particle_motion_dynamic": {},
			"minecraft:particle_appearance_billboard": {
				"size": ["1.35+v.particle_random_1/2", "1.35+v.particle_random_1"],
				"facing_camera_mode": "lookat_xyz",
				"uv": {
					"texture_width": 1024,
					"texture_height": 64,
					"flipbook": {
						"base_UV": [0, 0],
						"size_UV": [64, 64],
						"step_UV": [64, 0],
						"frames_per_second": 32,
						"max_frame": 16
					}
				}
			},
			"minecraft:particle_appearance_tinting": {
				"color": [1, 1, 1, "1-v.particle_age*3"]
			}
		}
	}
}