{
	"format_version": "1.10.0",
	"particle_effect": {
		"description": {
			"identifier": "j:break_ryoiki_tenkai",
			"basic_render_parameters": {
				"material": "particles_blend",
				"texture": "textures/particle/break_ryoiki_tenkai"
			}
		},
		"components": {
			"minecraft:emitter_rate_instant": {
				"num_particles": 750
			},
			"minecraft:emitter_lifetime_once": {
				"active_time": 1
			},
			"minecraft:emitter_shape_sphere": {
				"offset": ["Math.random(-variable.emitter_radius, variable.emitter_radius)", "Math.random(-variable.emitter_radius, variable.emitter_radius)", "Math.random(-variable.emitter_radius, variable.emitter_radius)"],
				"radius": 20,
				"surface_only": true,
				"direction": ["Math.random(-1,1)", 1, "Math.random(-1, 1)"]
			},
			"minecraft:particle_lifetime_expression": {
				"max_lifetime": "0.5+v.particle_random_3/2"
			},
			"minecraft:particle_initial_spin": {
				"rotation": "Math.random(-1000,1000)"
			},
			"minecraft:particle_initial_speed": "Math.random(0, 4)",
			"minecraft:particle_motion_dynamic": {
				"linear_acceleration": [0, -9.8, 0],
				"linear_drag_coefficient": 0.5
			},
			"minecraft:particle_appearance_billboard": {
				"size": ["1.5+v.particle_random_2*2-v.particle_age", "1.5+v.particle_random_2*2-v.particle_age"],
				"facing_camera_mode": "rotate_xyz",
				"uv": {
					"texture_width": 256,
					"texture_height": 64,
					"uv": ["v.particle_random_1 > 0.75 ? 0 : (v.particle_random_1 > 0.5 ? 64 : (v.particle_random_1 > 0.25 ? 128 : 192))", 0],
					"uv_size": [64, 64]
				}
			},
			"minecraft:particle_appearance_tinting": {
				"color": [1, 1, 1, "1-v.particle_age*(0.5+v.particle_random_3/2)"]
			}
		}
	}
}