{
	"format_version": "1.10.0",
	"particle_effect": {
		"description": {
			"identifier": "j:juryoku_guard",
			"basic_render_parameters": {
				"material": "particles_blend",
				"texture": "textures/particle/juryoku"
			}
		},
		"components": {
			"minecraft:emitter_rate_steady": {
				"spawn_rate": 15,
				"max_particles": 100
			},
			"minecraft:emitter_lifetime_once": {
				"active_time": 0.5
			},
			"minecraft:emitter_shape_sphere": {
				"offset": [0, "q.owner_identifier == 'minecraft:player' ? -0.4 : 1.0", 0],
				"radius": 0.5,
				"direction": "outwards"
			},
			"minecraft:particle_lifetime_expression": {
				"max_lifetime": 0.5
			},
			"minecraft:particle_initial_speed": 3,
			"minecraft:particle_motion_dynamic": {
				"linear_drag_coefficient": 5
			},
			"minecraft:particle_appearance_billboard": {
				"size": ["0.4+v.particle_random_1/3", "0.4+v.particle_random_1/3"],
				"facing_camera_mode": "rotate_xyz",
				"uv": {
					"texture_width": 3,
					"texture_height": 1,
					"flipbook": {
						"base_UV": [0, 0],
						"size_UV": [1, 1],
						"step_UV": [1, 0],
						"frames_per_second": 10,
						"max_frame": 3,
						"loop": true
					}
				}
			},
			"minecraft:particle_appearance_tinting": {
				"color": [0.30196, 0.8, 0.8, 0.14902]
			}
		}
	}
}