{
	"format_version": "1.10.0",
	"particle_effect": {
		"description": {
			"identifier": "j:punch_hit",
			"basic_render_parameters": {
				"material": "particles_blend",
				"texture": "textures/particle/punch_hit"
			}
		},
		"components": {
			"minecraft:emitter_rate_instant": {
				"num_particles": 1
			},
			"minecraft:emitter_lifetime_once": {
				"active_time": 1
			},
			"minecraft:emitter_shape_point": {},
			"minecraft:particle_lifetime_expression": {
				"max_lifetime": 0.5
			},
			"minecraft:particle_initial_spin": {
				"rotation": "Math.random(-1000,1000)"
			},
			"minecraft:particle_initial_speed": 0,
			"minecraft:particle_motion_dynamic": {},
			"minecraft:particle_appearance_billboard": {
				"size": ["1.5+v.particle_age*1.5", "1.5+v.particle_age*1.5"],
				"facing_camera_mode": "lookat_xyz",
				"uv": {
					"texture_width": 1024,
					"texture_height": 128,
					"flipbook": {
						"base_UV": [0, 0],
						"size_UV": [128, 128],
						"step_UV": [128, 0],
						"frames_per_second": 16,
						"max_frame": 8
					}
				}
			},
			"minecraft:particle_appearance_tinting": {
				"color": [1, 1, 1, "1-v.particle_age*2"]
			}
		}
	}
}