{
	"format_version": "1.10.0",
	"particle_effect": {
		"description": {
			"identifier": "j:punch",
			"basic_render_parameters": {
				"material": "particles_blend",
				"texture": "textures/particle/punch_hit"
			}
		},
		"components": {
			"minecraft:emitter_rate_steady": {
				"spawn_rate": 15,
				"max_particles": 100
			},
			"minecraft:emitter_lifetime_once": {
				"active_time": 0.3
			},
			"minecraft:emitter_shape_sphere": {
				"radius": 1.5,
				"direction": "outwards"
			},
			"minecraft:particle_lifetime_expression": {
				"max_lifetime": 0.3
			},
			"minecraft:particle_initial_spin": {
				"rotation": "Math.random(-1000,1000)"
			},
			"minecraft:particle_initial_speed": 0,
			"minecraft:particle_motion_dynamic": {},
			"minecraft:particle_appearance_billboard": {
				"size": ["0.5+v.particle_age/2", "0.5+v.particle_age/2"],
				"facing_camera_mode": "lookat_xyz",
				"uv": {
					"texture_width": 1024,
					"texture_height": 128,
					"flipbook": {
						"base_UV": [0, 0],
						"size_UV": [128, 128],
						"step_UV": [128, 0],
						"frames_per_second": 16,
						"max_frame": 8
					}
				}
			},
			"minecraft:particle_appearance_tinting": {
				"color": [1, 1, 1, "1-v.particle_age*3.33"]
			}
		}
	}
}