{
  "format_version": "1.10.0",
  "minecraft:client_entity": {
    "description": {
      "identifier": "rai:murasaki",
      "materials": {
        "default": "entity_alphablend"
      },
      "textures": {
        "default": "textures/entity/mukagen/murasaki"
      },
      "geometry": {
        "default": "geometry.murasaki"
      },
      "scripts": {
        "scale": "5"
      },
      "render_controllers": [
        "controller.render.light.default"
      ]
    }
  }
}