{
  "format_version": "1.10.0",
  "minecraft:client_entity": {
    "description": {
      "identifier": "rai:muryo_kusho",
      "materials": {
        "default": "entity_alphatest"
      },
      "textures": {
        "default": "textures/entity/no_model"
      },
      "geometry": {
        "default": "geometry.no_model"
      },
      "particle_effects": {
        "projectile": "j:muryo_kusho_particle"
      },
      "scripts": {
        "animate": [
          {"projectile": "q.variant == 1"}
        ]
      },
      "animations": {
        "projectile" : "controller.animation.projectile"
      },
      "render_controllers": [
        "controller.render.default"
      ]
    }
  }
}
