{
	"format_version": "1.12.0",
	"minecraft:geometry": [
		{
			"description": {
				"identifier": "geometry.fuga",
				"texture_width": 16,
				"texture_height": 16,
				"visible_bounds_width": 4,
				"visible_bounds_height": 1.5,
				"visible_bounds_offset": [0, 0.25, 0]
			},
			"bones": [
				{
					"name": "root",
					"pivot": [0, 0, 0],
					"cubes": [
						{
							"origin": [-0.125, -0.6, 10.75],
							"size": [0.3, 1.025, 1],
							"uv": {
								"north": {"uv": [11, 11], "uv_size": [5, 5]},
								"east": {"uv": [11, 11], "uv_size": [5, 5]},
								"south": {"uv": [11, 11], "uv_size": [5, 5]},
								"west": {"uv": [11, 11], "uv_size": [5, 5]},
								"up": {"uv": [16, 16], "uv_size": [-5, -5]},
								"down": {"uv": [16, 16], "uv_size": [-5, -5]}
							}
						},
						{
							"origin": [-0.125, -0.8, 5.95],
							"size": [0.3, 1.525, 1.9],
							"uv": {
								"north": {"uv": [11, 11], "uv_size": [5, 5]},
								"east": {"uv": [11, 11], "uv_size": [5, 5]},
								"south": {"uv": [11, 11], "uv_size": [5, 5]},
								"west": {"uv": [11, 11], "uv_size": [5, 5]},
								"up": {"uv": [16, 16], "uv_size": [-5, -5]},
								"down": {"uv": [16, 16], "uv_size": [-5, -5]}
							}
						},
						{
							"origin": [-0.125, -0.525, 11.525],
							"size": [0.3, 0.975, 0.875],
							"uv": {
								"north": {"uv": [11, 11], "uv_size": [5, 5]},
								"east": {"uv": [11, 11], "uv_size": [5, 5]},
								"south": {"uv": [11, 11], "uv_size": [5, 5]},
								"west": {"uv": [11, 11], "uv_size": [5, 5]},
								"up": {"uv": [16, 16], "uv_size": [-5, -5]},
								"down": {"uv": [16, 16], "uv_size": [-5, -5]}
							}
						},
						{
							"origin": [-0.125, -0.6, 12.4],
							"size": [0.3, 0.925, 1.25],
							"uv": {
								"north": {"uv": [11, 11], "uv_size": [5, 5]},
								"east": {"uv": [11, 11], "uv_size": [5, 5]},
								"south": {"uv": [11, 11], "uv_size": [5, 5]},
								"west": {"uv": [11, 11], "uv_size": [5, 5]},
								"up": {"uv": [16, 16], "uv_size": [-5, -5]},
								"down": {"uv": [16, 16], "uv_size": [-5, -5]}
							}
						},
						{
							"origin": [-0.125, -0.65, 7.75],
							"size": [0.3, 1.25, 2.075],
							"uv": {
								"north": {"uv": [11, 11], "uv_size": [5, 5]},
								"east": {"uv": [11, 11], "uv_size": [5, 5]},
								"south": {"uv": [11, 11], "uv_size": [5, 5]},
								"west": {"uv": [11, 11], "uv_size": [5, 5]},
								"up": {"uv": [16, 16], "uv_size": [-5, -5]},
								"down": {"uv": [16, 16], "uv_size": [-5, -5]}
							}
						},
						{
							"origin": [-0.125, -0.6, 9.075],
							"size": [0.3, 1.125, 2.075],
							"uv": {
								"north": {"uv": [11, 11], "uv_size": [5, 5]},
								"east": {"uv": [11, 11], "uv_size": [5, 5]},
								"south": {"uv": [11, 11], "uv_size": [5, 5]},
								"west": {"uv": [11, 11], "uv_size": [5, 5]},
								"up": {"uv": [16, 16], "uv_size": [-5, -5]},
								"down": {"uv": [16, 16], "uv_size": [-5, -5]}
							}
						},
						{
							"origin": [-0.125, -0.4, 13.6],
							"size": [0.3, 0.7, 2.075],
							"uv": {
								"north": {"uv": [11, 11], "uv_size": [5, 5]},
								"east": {"uv": [11, 11], "uv_size": [5, 5]},
								"south": {"uv": [11, 11], "uv_size": [5, 5]},
								"west": {"uv": [11, 11], "uv_size": [5, 5]},
								"up": {"uv": [16, 16], "uv_size": [-5, -5]},
								"down": {"uv": [16, 16], "uv_size": [-5, -5]}
							}
						},
						{
							"origin": [-0.125, -0.3, 15.5],
							"size": [0.3, 0.5, 2.075],
							"uv": {
								"north": {"uv": [11, 11], "uv_size": [5, 5]},
								"east": {"uv": [11, 11], "uv_size": [5, 5]},
								"south": {"uv": [11, 11], "uv_size": [5, 5]},
								"west": {"uv": [11, 11], "uv_size": [5, 5]},
								"up": {"uv": [16, 16], "uv_size": [-5, -5]},
								"down": {"uv": [16, 16], "uv_size": [-5, -5]}
							}
						},
						{
							"origin": [-0.125, -0.3, 17.15],
							"size": [0.3, 0.5, 2.075],
							"uv": {
								"north": {"uv": [11, 11], "uv_size": [5, 5]},
								"east": {"uv": [11, 11], "uv_size": [5, 5]},
								"south": {"uv": [11, 11], "uv_size": [5, 5]},
								"west": {"uv": [11, 11], "uv_size": [5, 5]},
								"up": {"uv": [16, 16], "uv_size": [-5, -5]},
								"down": {"uv": [16, 16], "uv_size": [-5, -5]}
							}
						},
						{
							"origin": [-0.125, -0.125, 19.25],
							"size": [0.3, 0.225, 2.075],
							"uv": {
								"north": {"uv": [11, 11], "uv_size": [5, 5]},
								"east": {"uv": [11, 11], "uv_size": [5, 5]},
								"south": {"uv": [11, 11], "uv_size": [5, 5]},
								"west": {"uv": [11, 11], "uv_size": [5, 5]},
								"up": {"uv": [16, 16], "uv_size": [-5, -5]},
								"down": {"uv": [16, 16], "uv_size": [-5, -5]}
							}
						},
						{
							"origin": [-0.125, 0.4, 5.525],
							"size": [0.3, 0.225, 17.2],
							"pivot": [0.875, -5.075, 10.625],
							"rotation": [-2.5, 0, 0],
							"uv": {
								"north": {"uv": [11, 11], "uv_size": [5, 5]},
								"east": {"uv": [11, 11], "uv_size": [5, 5]},
								"south": {"uv": [11, 11], "uv_size": [5, 5]},
								"west": {"uv": [11, 11], "uv_size": [5, 5]},
								"up": {"uv": [16, 16], "uv_size": [-5, -5]},
								"down": {"uv": [16, 16], "uv_size": [-5, -5]}
							}
						},
						{
							"origin": [-0.125, -0.75, 6.35],
							"size": [0.3, 0.225, 16.9],
							"pivot": [0.875, -5.075, 10.625],
							"rotation": [2.5, 0, 0],
							"uv": {
								"north": {"uv": [11, 11], "uv_size": [5, 5]},
								"east": {"uv": [11, 11], "uv_size": [5, 5]},
								"south": {"uv": [11, 11], "uv_size": [5, 5]},
								"west": {"uv": [11, 11], "uv_size": [5, 5]},
								"up": {"uv": [16, 16], "uv_size": [-5, -5]},
								"down": {"uv": [16, 16], "uv_size": [-5, -5]}
							}
						}
					]
				},
				{
					"name": "fuga",
					"parent": "root",
					"pivot": [0, 2.925, 0.625],
					"cubes": [
						{
							"origin": [-0.125, -3.575, -0.85],
							"size": [0.3, 0.3, 4.5],
							"pivot": [0.875, -5.075, 10.625],
							"rotation": [-17.5, 0, 0],
							"uv": {
								"north": {"uv": [11, 11], "uv_size": [5, 5]},
								"east": {"uv": [11, 11], "uv_size": [5, 5]},
								"south": {"uv": [11, 11], "uv_size": [5, 5]},
								"west": {"uv": [11, 11], "uv_size": [5, 5]},
								"up": {"uv": [16, 16], "uv_size": [-5, -5]},
								"down": {"uv": [16, 16], "uv_size": [-5, -5]}
							}
						},
						{
							"origin": [-0.125, -1.875, 2.475],
							"size": [0.3, 0.75, 1.9],
							"pivot": [0.875, -5.075, 10.625],
							"rotation": [-20, 0, 0],
							"uv": {
								"north": {"uv": [11, 11], "uv_size": [5, 5]},
								"east": {"uv": [11, 11], "uv_size": [5, 5]},
								"south": {"uv": [11, 11], "uv_size": [5, 5]},
								"west": {"uv": [11, 11], "uv_size": [5, 5]},
								"up": {"uv": [16, 16], "uv_size": [-5, -5]},
								"down": {"uv": [16, 16], "uv_size": [-5, -5]}
							}
						},
						{
							"origin": [-0.125, -11.425, 4.225],
							"size": [0.3, 0.275, 2.65],
							"pivot": [0.875, -5.075, 10.625],
							"rotation": [-90, 0, 0],
							"uv": {
								"north": {"uv": [11, 11], "uv_size": [5, 5]},
								"east": {"uv": [11, 11], "uv_size": [5, 5]},
								"south": {"uv": [11, 11], "uv_size": [5, 5]},
								"west": {"uv": [11, 11], "uv_size": [5, 5]},
								"up": {"uv": [16, 16], "uv_size": [-5, -5]},
								"down": {"uv": [16, 16], "uv_size": [-5, -5]}
							}
						},
						{
							"origin": [-0.125, 2.725, 2.125],
							"size": [0.3, 0.3, 4.425],
							"pivot": [0.875, -5.075, 10.625],
							"rotation": [17.5, 0, 0],
							"uv": {
								"north": {"uv": [11, 11], "uv_size": [5, 5]},
								"east": {"uv": [11, 11], "uv_size": [5, 5]},
								"south": {"uv": [11, 11], "uv_size": [5, 5]},
								"west": {"uv": [11, 11], "uv_size": [5, 5]},
								"up": {"uv": [16, 16], "uv_size": [-5, -5]},
								"down": {"uv": [16, 16], "uv_size": [-5, -5]}
							}
						},
						{
							"origin": [-0.125, -3.575, -1.225],
							"size": [0.3, 0.075, 0.6],
							"pivot": [0.875, -5.075, 10.625],
							"rotation": [-17.5, 0, 0],
							"uv": {
								"north": {"uv": [11, 11], "uv_size": [5, 5]},
								"east": {"uv": [11, 11], "uv_size": [5, 5]},
								"south": {"uv": [11, 11], "uv_size": [5, 5]},
								"west": {"uv": [11, 11], "uv_size": [5, 5]},
								"up": {"uv": [16, 16], "uv_size": [-5, -5]},
								"down": {"uv": [16, 16], "uv_size": [-5, -5]}
							}
						},
						{
							"origin": [-0.125, -3.575, -1],
							"size": [0.3, 0.2, 0.3],
							"pivot": [0.875, -5.075, 10.625],
							"rotation": [-17.5, 0, 0],
							"uv": {
								"north": {"uv": [11, 11], "uv_size": [5, 5]},
								"east": {"uv": [11, 11], "uv_size": [5, 5]},
								"south": {"uv": [11, 11], "uv_size": [5, 5]},
								"west": {"uv": [11, 11], "uv_size": [5, 5]},
								"up": {"uv": [16, 16], "uv_size": [-5, -5]},
								"down": {"uv": [16, 16], "uv_size": [-5, -5]}
							}
						},
						{
							"origin": [-0.125, -0.675, 2.025],
							"size": [0.3, 1.375, 4.525],
							"uv": {
								"north": {"uv": [11, 11], "uv_size": [5, 5]},
								"east": {"uv": [11, 11], "uv_size": [5, 5]},
								"south": {"uv": [11, 11], "uv_size": [5, 5]},
								"west": {"uv": [11, 11], "uv_size": [5, 5]},
								"up": {"uv": [16, 16], "uv_size": [-5, -5]},
								"down": {"uv": [16, 16], "uv_size": [-5, -5]}
							}
						},
						{
							"origin": [-0.125, 2.275, 4.65],
							"size": [0.3, 0.75, 1.9],
							"pivot": [0.875, -5.075, 10.625],
							"rotation": [17.5, 0, 0],
							"uv": {
								"north": {"uv": [11, 11], "uv_size": [5, 5]},
								"east": {"uv": [11, 11], "uv_size": [5, 5]},
								"south": {"uv": [11, 11], "uv_size": [5, 5]},
								"west": {"uv": [11, 11], "uv_size": [5, 5]},
								"up": {"uv": [16, 16], "uv_size": [-5, -5]},
								"down": {"uv": [16, 16], "uv_size": [-5, -5]}
							}
						},
						{
							"origin": [-0.125, -0.325, 0.875],
							"size": [0.3, 0.55, 1.075],
							"uv": {
								"north": {"uv": [11, 11], "uv_size": [5, 5]},
								"east": {"uv": [11, 11], "uv_size": [5, 5]},
								"south": {"uv": [11, 11], "uv_size": [5, 5]},
								"west": {"uv": [11, 11], "uv_size": [5, 5]},
								"up": {"uv": [16, 16], "uv_size": [-5, -5]},
								"down": {"uv": [16, 16], "uv_size": [-5, -5]}
							}
						},
						{
							"origin": [-0.125, -0.475, 1.4],
							"size": [0.3, 0.925, 1.075],
							"uv": {
								"north": {"uv": [11, 11], "uv_size": [5, 5]},
								"east": {"uv": [11, 11], "uv_size": [5, 5]},
								"south": {"uv": [11, 11], "uv_size": [5, 5]},
								"west": {"uv": [11, 11], "uv_size": [5, 5]},
								"up": {"uv": [16, 16], "uv_size": [-5, -5]},
								"down": {"uv": [16, 16], "uv_size": [-5, -5]}
							}
						},
						{
							"origin": [-0.125, -0.1, -0.15],
							"size": [0.3, 0.1, 0.4],
							"uv": {
								"north": {"uv": [11, 11], "uv_size": [5, 5]},
								"east": {"uv": [11, 11], "uv_size": [5, 5]},
								"south": {"uv": [11, 11], "uv_size": [5, 5]},
								"west": {"uv": [11, 11], "uv_size": [5, 5]},
								"up": {"uv": [16, 16], "uv_size": [-5, -5]},
								"down": {"uv": [16, 16], "uv_size": [-5, -5]}
							}
						},
						{
							"origin": [-0.125, 2.95, 1.775],
							"size": [0.3, 0.075, 0.975],
							"pivot": [0.875, -5.075, 10.625],
							"rotation": [17.5, 0, 0],
							"uv": {
								"north": {"uv": [11, 11], "uv_size": [5, 5]},
								"east": {"uv": [11, 11], "uv_size": [5, 5]},
								"south": {"uv": [11, 11], "uv_size": [5, 5]},
								"west": {"uv": [11, 11], "uv_size": [5, 5]},
								"up": {"uv": [16, 16], "uv_size": [-5, -5]},
								"down": {"uv": [16, 16], "uv_size": [-5, -5]}
							}
						},
						{
							"origin": [-0.125, 2.575, 2.475],
							"size": [0.3, 0.45, 1.5],
							"pivot": [0.875, -5.075, 10.625],
							"rotation": [17.5, 0, 0],
							"uv": {
								"north": {"uv": [11, 11], "uv_size": [5, 5]},
								"east": {"uv": [11, 11], "uv_size": [5, 5]},
								"south": {"uv": [11, 11], "uv_size": [5, 5]},
								"west": {"uv": [11, 11], "uv_size": [5, 5]},
								"up": {"uv": [16, 16], "uv_size": [-5, -5]},
								"down": {"uv": [16, 16], "uv_size": [-5, -5]}
							}
						},
						{
							"origin": [-0.125, 0.35, 5.975],
							"size": [0.3, 1.025, 1.9],
							"pivot": [0.875, -5.075, 10.625],
							"rotation": [20, 0, 0],
							"uv": {
								"north": {"uv": [11, 11], "uv_size": [5, 5]},
								"east": {"uv": [11, 11], "uv_size": [5, 5]},
								"south": {"uv": [11, 11], "uv_size": [5, 5]},
								"west": {"uv": [11, 11], "uv_size": [5, 5]},
								"up": {"uv": [16, 16], "uv_size": [-5, -5]},
								"down": {"uv": [16, 16], "uv_size": [-5, -5]}
							}
						},
						{
							"origin": [-0.125, -3.575, 1.325],
							"size": [0.3, 1.125, 2.325],
							"pivot": [0.875, -5.075, 10.625],
							"rotation": [-17.5, 0, 0],
							"uv": {
								"north": {"uv": [11, 11], "uv_size": [5, 5]},
								"east": {"uv": [11, 11], "uv_size": [5, 5]},
								"south": {"uv": [11, 11], "uv_size": [5, 5]},
								"west": {"uv": [11, 11], "uv_size": [5, 5]},
								"up": {"uv": [16, 16], "uv_size": [-5, -5]},
								"down": {"uv": [16, 16], "uv_size": [-5, -5]}
							}
						},
						{
							"origin": [-0.125, -3.575, -0.85],
							"size": [0.3, 0.325, 1.65],
							"pivot": [0.875, -5.075, 10.625],
							"rotation": [-17.5, 0, 0],
							"uv": {
								"north": {"uv": [11, 11], "uv_size": [5, 5]},
								"east": {"uv": [11, 11], "uv_size": [5, 5]},
								"south": {"uv": [11, 11], "uv_size": [5, 5]},
								"west": {"uv": [11, 11], "uv_size": [5, 5]},
								"up": {"uv": [16, 16], "uv_size": [-5, -5]},
								"down": {"uv": [16, 16], "uv_size": [-5, -5]}
							}
						}
					]
				}
			]
		}
	]
}