{
  "format_version": "1.16.100",
  "minecraft:item": {
    "description": {
      "identifier": "rg:bateria",
      "category": "Items"
    },
    "components": {
          "minecraft:render_offsets": {
           "main_hand": {
            "first_person": { 
             "scale": [0.02,0.02,0.02]
             },
              "third_person": { 
              "scale": [0.06,0.06,0.06]
             }
            }
           }, 
      "minecraft:creative_category": {
        "parent": "itemGroup.name.v"
      },
      "minecraft:icon": {
        "texture": "rg:bateria"
      },
	  "minecraft:allow_off_hand": false,
			"minecraft:display_name":  {"value":"Bateria"},
	  "minecraft:foil": false,
      "minecraft:max_stack_size": 64,
      "minecraft:use_duration": 500,
      "minecraft:hand_equipped": true,
      "minecraft:durability": {
        "max_durability": 5000
      },
      "minecraft:mining_speed": 1,
      "minecraft:damage": 1,
      "minecraft:enchantable": {
        "value": 10,
        "slot": "sword"
      }
    }
  }
}