{
  "format_version": "1.16.100",
  "minecraft:item": {
    "description": {
      "identifier": "rg:carteira",
      "category": "equipment"
    },
    "components": {
    "minecraft:render_offsets": {
        "main_hand": {
            "first_person": { 
                "scale": [0.0021,0.0021,0.0021]
            },
            "third_person": { 
                "scale": [0.011,0.011,0.011]
            }
        }
    },
     "minecraft:item_storage": {
        "capacity": 10
      },
      "minecraft:creative_category": {
        "parent": "itemGroup.name.leggings"
      },
      "minecraft:icon": {
        "texture": "rg:carteira"
      },
	  "minecraft:allow_off_hand": true,
			"minecraft:display_name":  {"value":"Carteira"},
      "minecraft:max_stack_size": 1,
      "minecraft:use_duration": 1000,
      "minecraft:hand_equipped": true,
      "minecraft:durability": {
        "max_durability": 300
      },
      "minecraft:mining_speed": 1,
      "minecraft:damage": 1,
      "minecraft:enchantable": {
        "value": 1,
        "slot": "sword"
      }
    },
    "events": {}
  }
}