{
  "format_version": "1.10.0",
  "minecraft:client_entity": {
    "description": {
      "identifier": "rai:panda_triceratops",
      "materials": {
        "default": "entity_alphatest"
      },
      "textures": {
        "default": "textures/entity/panda/panda_triceratops"
      },
      "geometry": {
        "default": "geometry.panda_triceratops"
      },
      "scripts": {
        "pre_animation": [
          "v.tcos0 = (Math.cos(q.modified_distance_moved * 38.17) * q.modified_move_speed / v.gliding_speed_value) * 57.3;"
        ],
        "animate": [
          "move"
        ]
      },
      "animations": {
        "mark_variant": "controller.animation.player.mark_variant",
        "move": "animation.panda_triceratops.moving"
      },
      "spawn_egg": {
        //"texture": "raichu_egg"
      },
      "render_controllers": [
        "controller.render.default"
      ]
    }
  }
}