{
  "format_version": "1.10.0",
  "minecraft:client_entity": {
    "description": {
      "identifier": "fitt:camera_strider",
      "min_engine_version": "1.8.0",
      "materials": {
        "default": "cow"
      },
      "textures": {
        "default": "textures/entity/pamobile/fitt_camera_strider"
      },
      "geometry": {
        "default": "geometry.fitt_camera_strider"
      },
      "animations": {
        "setup": "animation.cow.setup",
        "walk": "animation.quadruped.walk",
        "look_at_target": "animation.common.look_at_target",
        "baby_transform": "animation.cow.baby_transform"
      },
      "scripts": {
        "animate": [
          "setup",
          {
            "walk": "query.modified_move_speed"
          },
          "look_at_target",
          {
            "baby_transform": "query.is_baby"
          }
        ]
      },
      "render_controllers": [
        "controller.render.cow"
      ],
      "spawn_egg": {
        "base_color": "#6D6D6D",
        "overlay_color": "#D3D3D3"
      }
    }
  }
}