{
  "format_version": "1.10.0",
  "minecraft:client_entity": {
    "description": {
      "identifier": "rai:gama",
      "materials": {
        "default": "entity_alphatest"
      },
      "textures": {
        "default": "textures/entity/tokusa/gama"
      },
      "geometry": {
        "default": "geometry.gama",
        "default2": "geometry.gama4"
      },
      "scripts": {
        "initialize": [
          "v.mark_variant_animation = 0;",
          "v.time = 0;",
          "v.controller = 0.0;"
        ],
        "pre_animation": [
          "v.time = v.time < 30 ? v.time+1 : v.time;"
        ],
        "animate": [
          { "kango_aneitei": "q.variant == 1" },
          { "mark_variant": "q.variant == 0" },
          { "bob": "q.variant == 0" },
          { "move":"q.variant == 0 && !v.mark_variant_animation" }
        ]
      },
      "animations": {
        "mark_variant": "controller.animation.mark_variant.tokusa_mob",
        "mark_variant1": "animation.gama.gama_bero",
        "bob": "animation.gama.bob",
        "move": "controller.animation.entity.move2",
        "move2": "animation.gama.move",
        "move_end": "animation.gama.move_end",
        "kango_aneitei": "animation.gama.kango_aneitei"
      },
      "render_controllers": [
        "controller.render.gama.default"
      ]
    }
  }
}
