{
  "format_version": "1.10.0",
  "minecraft:client_entity": {
    "description": {
      "identifier": "rai:gyokuken",
      "materials": {
        "default": "entity_alphatest"
      },
      "textures": {
        "gyokuken": "textures/entity/tokusa/gyokuken",
        "gyokuken_kon": "textures/entity/tokusa/gyokuken_kon"
      },
      "geometry": {
        "gyokuken_white": "geometry.gyokuken_white",
        "gyokuken_black": "geometry.gyokuken_black",
        "gyokuken_kon": "geometry.gyokuken_kon"
      },
      "scripts": {
        "initialize": [
          "v.time = 0;"
        ],
        "pre_animation": [
          "v.time = v.time < 30 ? v.time+1 : v.time;"
        ],
        "animate": [
          "look",
          {"move": "q.variant < 2"},
          {"move_": "q.variant == 2"},
          {"sit": "q.is_sitting && q.variant < 2"}
        ]
      },
      "animations": {
        "look": "animation.humanoid.look_at_target.default",
        "move": "controller.animation.entity.move2",
        "move_": "controller.animation.entity.move2_",
        "move2": "animation.gyokuken.move",
        "move_end": "animation.gyokuken.move_end",
        "move2_": "animation.gyokuken.move2",
        "move_end_": "animation.gyokuken.move2_end",
        "sit": "animation.gyokuken.sit"
      },
      "render_controllers": [
        "controller.render.gyokuken"
      ],
      "enable_attachables": true
    }
  }
}