{
  "format_version": "1.10.0",
  "minecraft:client_entity": {
    "description": {
      "identifier": "rai:makora",
      "materials": {
        "default": "entity_alphatest"
      },
      "textures": {
        "default": "textures/entity/tokusa/makora"
      },
      "geometry": {
        "default": "geometry.makora"
      },
      "particle_effects": {
        "model_slash_particle": "j:model_slash_particle"
      },
      "scripts": {
        "initialize": [
          "v.mark_variant_animation = 0;",
          "v.time = 0;",
          "v.controller = 0.0;"
        ],
        "pre_animation": [
          "v.time = v.time < 30 ? v.time+1 : v.time;"
        ],
        "animate": [
          "mark_variant",
          "bob",
          { "move":"!v.mark_variant_animation" }
        ]
      },
      "animations": {
        "mark_variant": "controller.animation.mark_variant.tokusa_mob",
        "mark_variant1": "animation.makora.attack",
        "bob": "animation.makora.bob",
        "move": "controller.animation.entity.move2",
        "move2": "animation.makora.move",
        "move_end": "animation.makora.move_end"
      },
      "render_controllers": [
        "controller.render.tokusa.default"
      ]
    }
  }
}
