{
  "format_version": "1.10.0",
  "minecraft:client_entity": {
    "description": {
      "identifier": "rai:nue",
      "materials": {
        "default": "entity_alphatest"
      },
      "textures": {
        "default": "textures/entity/tokusa/nue"
      },
      "geometry": {
        "default": "geometry.nue"
      },
      "particle_effects": {
        "nue_kaminari": "j:nue_kaminari"
      },
      "scripts": {
        "initialize": [
          "v.time = 0;"
        ],
        "pre_animation": [
          "v.time = v.time < 30 ? v.time+1 : v.time;"
        ],
        "animate": [
          {"move":"!q.has_rider"},
          {"rider":"q.has_rider"}
        ]
      },
      "animations": {
        "move": "controller.animation.entity.variant",
        "move2": "animation.nue.move",
        "move_end": "animation.nue.move_end",
        "rider": "animation.nue.rider"
      },
      "render_controllers": [
        "controller.render.tokusa.default"
      ]
    }
  }
}
