{
  "format_version": "1.10.0",
  "minecraft:client_entity": {
    "description": {
      "identifier": "rai:orochi",
      "materials": {
        "default": "entity_alphatest"
      },
      "textures": {
        "default": "textures/entity/tokusa/orochi"
      },
      "geometry": {
        "default": "geometry.orochi"
      },
      "scripts": {
        "scale": "1.5",
        "initialize": [
          "v.time = 0;"
        ],
        "pre_animation": [
          "v.time = v.time < 30 ? v.time+1 : v.time;"
        ],
        "animate": [
          {"bob":"q.variant == 0"},
          {"kamitsuki":"q.variant == 1"}
        ]
      },
      "animations": {
        "bob": "animation.orochi.bob",
        "kamitsuki": "animation.orochi.kamitsuki"
      },
      "render_controllers": [
        "controller.render.tokusa.default"
      ]
    }
  }
}
