{
  "format_version": "1.10.0",
  "minecraft:client_entity": {
    "description": {
      "identifier": "rai:seiteishirazu",
      "materials": {
        "default": "entity_alphatest"
      },
      "textures": {
        "default": "textures/entity/tokusa/seiteishirazu"
      },
      "geometry": {
        "default": "geometry.seiteishirazu"
      },
      "scripts": {
        "initialize": [
          "v.time = 0;"
        ],
        "pre_animation": [
          "v.time = v.time < 30 ? v.time+1 : v.time;"
        ],
        "animate": [
          "bob"
        ]
      },
      "animations": {
        "bob": "animation.seiteishirazu.bob"
      },
      "render_controllers": [
        "controller.render.tokusa.default"
      ]
    }
  }
}
