{
	"format_version" : "1.10.0",
	"animation_controllers" : {
		"controller.animation.collectself" : {
			"initial_state" : "default",
			"states" : {
				"default" : {
					"transitions" : [
						{
							"collect" : "query.is_sheared"
						}
					]
				},
				"collect" : {
					"on_entry" : [
						"/scoreboard players add \"Collected:      \" token 1",
						"/playsound collect.pop @p ~~~ 1.0",
						"/particle mcp:buffboom ~~+1~"
                    ]
				}
			}
		}
	}
}
