{
    "format_version": "1.10.0",
    "animation_controllers": {
        "controller.animation.fixface": {
            "initial_state": "default",
            "states": {
                "default": {
                    "transitions": [
                        {
                            "fixtonorth": "query.mark_variant == 0 && query.body_y_rotation <= -135 && query.body_y_rotation >= -180"
                        },
                        {
                            "fixtoeast": "query.mark_variant == 0 && query.body_y_rotation <= -45 && query.body_y_rotation > -135"
                        },
                        {
                            "fixtosouth": "query.mark_variant == 0 && query.body_y_rotation > -45 && query.body_y_rotation <= 45"
                        },
                        {
                            "fixtowest": "query.mark_variant == 0 && query.body_y_rotation > 45 && query.body_y_rotation <= 135"
                        },
                        {
                            "fixtonorth": "query.mark_variant == 0 && query.body_y_rotation > 135 && query.body_y_rotation <= 180"
                        }

                    ]
                },
                "fixtonorth": {
                    "on_entry": [
                        "/tp ~~~ 180"
                    ],
                    "on_exit": [
                        "@s minecraft:facingfixed"
                    ]
                },
                "fixtoeast": {
                    "on_entry": [
                        "/tp ~~~ -90"
                    ],
                    "on_exit": [
                        "@s minecraft:facingfixed"
                    ]
                },
                "fixtosouth": {
                    "on_entry": [
                        "/tp ~~~ 0"
                    ],
                    "on_exit": [
                        "@s minecraft:facingfixed"
                    ]
                },
                "fixtowest": {
                    "on_entry": [
                        "/tp ~~~ 90"
                    ],
                    "on_exit": [
                        "@s minecraft:facingfixed"
                    ]
                }
                
            }
        }
    }
}