{
	"format_version" : "1.10.0",
	"animation_controllers" : {
		"controller.animation.wmb" : {
			"initial_state" : "default",
			"states" : {
				"default" : {
					"transitions" : [
						{
							"ridecheck" : "query.has_rider"
						}
					]
				},
				"ridecheck" : {
					"on_entry" : [
                        "/tag @p[c=1] add ride_wmb"
					],
					"transitions": [
						{
							"default": "!query.has_rider"
						}
					],
					"on_exit": [
						"/tag @p[c=1,tag=ride_wmb] remove ride_wmb"
					]
				}
			}
		}
	}
}
