{
  "format_version": "1.10.0",
  "minecraft:client_entity": {
    "description": {
      "identifier": "rai:tomonari",
      "materials": {
        "default": "entity_alphatest"
      },
      "textures": {
        "default": "textures/entity/surei/tomonari"
      },
      "geometry": {
        "default": "geometry.tomonari"
      },
      "scripts": {
        "animate": [
          "tomonari"
        ]
      },
      "animations": {
        "tomonari": "animation.tomonari"
      },
      "render_controllers": [
        "controller.render.default"
      ]
    }
  }
}