{
    "format_version": "1.16.0",
    "minecraft:block": {
      "description": {
        "identifier": "loled:d_among_us_white",
        "properties": {
          "loled:face": [
            1,
            2,
            3,
            4,
            5,
            6
          ]
        }
      },
      "components": {
        "minecraft:material_instances": {
          "*": {
            "texture": "among_us_white",
            "render_method": "opaque"
          }
        },
        "minecraft:pick_collision": {
          "origin": [
            -4,
            0,
            -5
          ],
          "size": [
            8,
            13,
            9
          ]
        },
        "minecraft:creative_category": {
          "group": "itemGroup.name.among_us",
          "category": "construction"
        },
        "minecraft:loot": "loot_tables/decorations/d_among_us_white.json",
        "minecraft:geometry": "geometry.among_us",
        "minecraft:destroy_time": 1,
        "minecraft:block_light_absorption": 2,
        "minecraft:on_player_placing": {
          "event": "loled:place"
        },
        "minecraft:entity_collision": {
          "origin": [
            -4,
            0,
            -5
          ],
          "size": [
            8,
            13,
            9
          ]
        },
        "minecraft:friction": 0.6,
        "minecraft:map_color": "#00ff00",
        "minecraft:flammable": {
          "flame_odds": 0,
          "burn_odds": 0
        },
        "minecraft:block_light_emission": 0
      },
      "events": {
        "loled:place": {
          "set_block_property": {
            "loled:face": "(query.cardinal_player_facing)"
          }
        }
      },
      "permutations": [
        {
          "condition": "query.block_property('loled:face') == 2",
          "components": {
            "minecraft:block_light_emission": 0
          }
        },
        {
          "condition": "query.block_property('loled:face') == 3",
          "components": {
            "minecraft:rotation": [
              0,
              180,
              0
            ]
          }
        },
        {
          "condition": "query.block_property('loled:face') == 4",
          "components": {
            "minecraft:rotation": [
              0,
              90,
              0
            ]
          }
        },
        {
          "condition": "query.block_property('loled:face') == 5",
          "components": {
            "minecraft:rotation": [
              0,
              270,
              0
            ]
          }
        }
      ]
    }
  }