{
  "format_version": "1.10.0",
  "animation_controllers": {
    "controller.animation.morph.property.color": {
      "initial_state": "preload",
      "states": {
        "preload": {
					"transitions": [ { "default": "query.is_moving" } ]
        },
        "default": {
					"transitions": [
						{ "0": "query.property('morph:color') == 0" },
						{ "1": "query.property('morph:color') == 1" },
						{ "2": "query.property('morph:color') == 2" },
						{ "3": "query.property('morph:color') == 3" },
						{ "4": "query.property('morph:color') == 4" },
						{ "5": "query.property('morph:color') == 5" },
						{ "6": "query.property('morph:color') == 6" },
						{ "7": "query.property('morph:color') == 7" },
						{ "8": "query.property('morph:color') == 8" },
						{ "9": "query.property('morph:color') == 9" },
						{ "10": "query.property('morph:color') == 10" },
						{ "11": "query.property('morph:color') == 11" },
						{ "12": "query.property('morph:color') == 12" },
						{ "13": "query.property('morph:color') == 13" },
						{ "14": "query.property('morph:color') == 14" },
						{ "15": "query.property('morph:color') == 15" }
					]
        },
        "0": {
          "on_entry": [ "/tag @s add morph:color.0" ],
					"transitions": [ { "default": "query.property('morph:color') != 0" } ],
          "on_exit": [ "/tag @s remove morph:color.0" ]
        },
        "1": {
          "on_entry": [ "/tag @s add morph:color.1" ],
					"transitions": [ { "default": "query.property('morph:color') != 1" } ],
          "on_exit": [ "/tag @s remove morph:color.1" ]
        },
        "2": {
          "on_entry": [ "/tag @s add morph:color.2" ],
					"transitions": [ { "default": "query.property('morph:color') != 2" } ],
          "on_exit": [ "/tag @s remove morph:color.2" ]
        },
        "3": {
          "on_entry": [ "/tag @s add morph:color.3" ],
					"transitions": [ { "default": "query.property('morph:color') != 3" } ],
          "on_exit": [ "/tag @s remove morph:color.3" ]
        },
        "4": {
          "on_entry": [ "/tag @s add morph:color.4" ],
					"transitions": [ { "default": "query.property('morph:color') != 4" } ],
          "on_exit": [ "/tag @s remove morph:color.4" ]
        },
        "5": {
          "on_entry": [ "/tag @s add morph:color.5" ],
					"transitions": [ { "default": "query.property('morph:color') != 5" } ],
          "on_exit": [ "/tag @s remove morph:color.5" ]
        },
        "6": {
          "on_entry": [ "/tag @s add morph:color.6" ],
					"transitions": [ { "default": "query.property('morph:color') != 6" } ],
          "on_exit": [ "/tag @s remove morph:color.6" ]
        },
        "7": {
          "on_entry": [ "/tag @s add morph:color.7" ],
					"transitions": [ { "default": "query.property('morph:color') != 7" } ],
          "on_exit": [ "/tag @s remove morph:color.7" ]
        },
        "8": {
          "on_entry": [ "/tag @s add morph:color.8" ],
					"transitions": [ { "default": "query.property('morph:color') != 8" } ],
          "on_exit": [ "/tag @s remove morph:color.8" ]
        },
        "9": {
          "on_entry": [ "/tag @s add morph:color.9" ],
					"transitions": [ { "default": "query.property('morph:color') != 9" } ],
          "on_exit": [ "/tag @s remove morph:color.9" ]
        },
        "10": {
          "on_entry": [ "/tag @s add morph:color.10" ],
					"transitions": [ { "default": "query.property('morph:color') != 10" } ],
          "on_exit": [ "/tag @s remove morph:color.10" ]
        },
        "11": {
          "on_entry": [ "/tag @s add morph:color.11" ],
					"transitions": [ { "default": "query.property('morph:color') != 11" } ],
          "on_exit": [ "/tag @s remove morph:color.11" ]
        },
        "12": {
          "on_entry": [ "/tag @s add morph:color.12" ],
					"transitions": [ { "default": "query.property('morph:color') != 12" } ],
          "on_exit": [ "/tag @s remove morph:color.12" ]
        },
        "13": {
          "on_entry": [ "/tag @s add morph:color.13" ],
					"transitions": [ { "default": "query.property('morph:color') != 13" } ],
          "on_exit": [ "/tag @s remove morph:color.13" ]
        },
        "14": {
          "on_entry": [ "/tag @s add morph:color.14" ],
					"transitions": [ { "default": "query.property('morph:color') != 14" } ],
          "on_exit": [ "/tag @s remove morph:color.14" ]
        },
        "15": {
          "on_entry": [ "/tag @s add morph:color.15" ],
					"transitions": [ { "default": "query.property('morph:color') != 15" } ],
          "on_exit": [ "/tag @s remove morph:color.15" ]
        }
      }
    },
    "controller.animation.morph.property.color2": {
      "initial_state": "preload",
      "states": {
        "preload": {
					"transitions": [ { "default": "query.is_moving" } ]
        },
        "default": {
					"transitions": [
						{ "0": "query.property('morph:color2') == 0" },
						{ "1": "query.property('morph:color2') == 1" },
						{ "2": "query.property('morph:color2') == 2" },
						{ "3": "query.property('morph:color2') == 3" },
						{ "4": "query.property('morph:color2') == 4" },
						{ "5": "query.property('morph:color2') == 5" },
						{ "6": "query.property('morph:color2') == 6" },
						{ "7": "query.property('morph:color2') == 7" },
						{ "8": "query.property('morph:color2') == 8" },
						{ "9": "query.property('morph:color2') == 9" },
						{ "10": "query.property('morph:color2') == 10" },
						{ "11": "query.property('morph:color2') == 11" },
						{ "12": "query.property('morph:color2') == 12" },
						{ "13": "query.property('morph:color2') == 13" },
						{ "14": "query.property('morph:color2') == 14" },
						{ "15": "query.property('morph:color2') == 15" }
					]
        },
        "0": {
          "on_entry": [ "/tag @s add morph:color2.0" ],
					"transitions": [ { "default": "query.property('morph:color2') != 0" } ],
          "on_exit": [ "/tag @s remove morph:color2.0" ]
        },
        "1": {
          "on_entry": [ "/tag @s add morph:color2.1" ],
					"transitions": [ { "default": "query.property('morph:color2') != 1" } ],
          "on_exit": [ "/tag @s remove morph:color2.1" ]
        },
        "2": {
          "on_entry": [ "/tag @s add morph:color2.2" ],
					"transitions": [ { "default": "query.property('morph:color2') != 2" } ],
          "on_exit": [ "/tag @s remove morph:color2.2" ]
        },
        "3": {
          "on_entry": [ "/tag @s add morph:color2.3" ],
					"transitions": [ { "default": "query.property('morph:color2') != 3" } ],
          "on_exit": [ "/tag @s remove morph:color2.3" ]
        },
        "4": {
          "on_entry": [ "/tag @s add morph:color2.4" ],
					"transitions": [ { "default": "query.property('morph:color2') != 4" } ],
          "on_exit": [ "/tag @s remove morph:color2.4" ]
        },
        "5": {
          "on_entry": [ "/tag @s add morph:color2.5" ],
					"transitions": [ { "default": "query.property('morph:color2') != 5" } ],
          "on_exit": [ "/tag @s remove morph:color2.5" ]
        },
        "6": {
          "on_entry": [ "/tag @s add morph:color2.6" ],
					"transitions": [ { "default": "query.property('morph:color2') != 6" } ],
          "on_exit": [ "/tag @s remove morph:color2.6" ]
        },
        "7": {
          "on_entry": [ "/tag @s add morph:color2.7" ],
					"transitions": [ { "default": "query.property('morph:color2') != 7" } ],
          "on_exit": [ "/tag @s remove morph:color2.7" ]
        },
        "8": {
          "on_entry": [ "/tag @s add morph:color2.8" ],
					"transitions": [ { "default": "query.property('morph:color2') != 8" } ],
          "on_exit": [ "/tag @s remove morph:color2.8" ]
        },
        "9": {
          "on_entry": [ "/tag @s add morph:color2.9" ],
					"transitions": [ { "default": "query.property('morph:color2') != 9" } ],
          "on_exit": [ "/tag @s remove morph:color2.9" ]
        },
        "10": {
          "on_entry": [ "/tag @s add morph:color2.10" ],
					"transitions": [ { "default": "query.property('morph:color2') != 10" } ],
          "on_exit": [ "/tag @s remove morph:color2.10" ]
        },
        "11": {
          "on_entry": [ "/tag @s add morph:color2.11" ],
					"transitions": [ { "default": "query.property('morph:color2') != 11" } ],
          "on_exit": [ "/tag @s remove morph:color2.11" ]
        },
        "12": {
          "on_entry": [ "/tag @s add morph:color2.12" ],
					"transitions": [ { "default": "query.property('morph:color2') != 12" } ],
          "on_exit": [ "/tag @s remove morph:color2.12" ]
        },
        "13": {
          "on_entry": [ "/tag @s add morph:color2.13" ],
					"transitions": [ { "default": "query.property('morph:color2') != 13" } ],
          "on_exit": [ "/tag @s remove morph:color2.13" ]
        },
        "14": {
          "on_entry": [ "/tag @s add morph:color2.14" ],
					"transitions": [ { "default": "query.property('morph:color2') != 14" } ],
          "on_exit": [ "/tag @s remove morph:color2.14" ]
        },
        "15": {
          "on_entry": [ "/tag @s add morph:color2.15" ],
					"transitions": [ { "default": "query.property('morph:color2') != 15" } ],
          "on_exit": [ "/tag @s remove morph:color2.15" ]
        }
      }
    }
  }
}