{
  "format_version": "1.10.0",
  "animation_controllers": {
    "controller.animation.morph.creeper.explode": {
      "initial_state": "default",
      "states": {
        "default": {
          "transitions": [
            {
              "explode": "query.is_sneaking && !query.is_powered && query.variant == 5"
            },
            {
              "charged_explode": "query.is_sneaking && query.is_powered && query.variant == 5"
            }
          ]
        },
        "explode": {
          "animations": [
            "creeper.explode"
          ],
          "transitions": [
            {
              "default": "!query.is_sneaking || !query.variant == 5"
            }
          ]
        },
        "charged_explode": {
          "animations": [
            "creeper.explode.charged"
          ],
          "transitions": [
            {
              "default": "!query.is_sneaking || !query.variant == 5"
            }
          ]
        }
      }
    }
  }
}