{
  "resource_pack_name": "vanilla",
  "texture_name": "atlas.items",
  "texture_data": {
    "egg_camel": {
      "textures": "textures/items/egg_camel"
    },
    "egg_lion": {
      "textures": "textures/items/egg_lion"
    },
    "egg_penguin": {
      "textures": "textures/items/egg_penguin"
    },
    "egg_tiger": {
      "textures": "textures/items/egg_tiger"
    },
    "egg_elephant": {
      "textures": "textures/items/egg_elephant"
    },
    "egg_deer": {
      "textures": "textures/items/egg_deer"
    },
    "egg_panther": {
      "textures": "textures/items/egg_panther"
    },
    "egg_frog": {
      "textures": "textures/items/egg_frog"
    },
    "egg_crocodile": {
      "textures": "textures/items/egg_crocodile"
    },
    "egg_mouse": {
      "textures": "textures/items/egg_mouse"
    },
    "gallardo": {
      "textures": "textures/items/gallardo"
    },
    "bench": {
      "textures": "textures/items/bench"
    },
    "christmas_tree": {
      "textures": "textures/items/christmas_tree"
    },
    "tivi": {
      "textures": "textures/items/tivi"
    },
    "closet": {
      "textures": "textures/items/closet"
    },
    "laptop": {
      "textures": "textures/items/laptop"
    },
    "piano": {
      "textures": "textures/items/piano"
    },
    "armchairs": {
      "textures": "textures/items/armchairs"
    },
    "chair": {
      "textures": "textures/items/chair"
    },
    "big_table": {
      "textures": "textures/items/big_table"
    },
    "small_table": {
      "textures": "textures/items/small_table"
    },
    "drone": {
      "textures": "textures/items/drone"
    },
    "colorful_gifts": {
      "textures": "textures/items/colorful_gifts"
    },
    "pa_sinar": {
      "textures": "textures/items/pamobile/pa_sinar"
    },
    "pa_slow": {
      "textures": "textures/items/pamobile/pa_slow"
    },
    "pa:spe": {
      "textures": "textures/items/pamobile/pa_spe"
    },
    "pa:btv": {
      "textures": "textures/items/pamobile/pa_btv"
    },
    "pa:cam": {
      "textures": "textures/items/pamobile/pa_cam"
    },
    "pa:tv": {
      "textures": "textures/items/pamobile/pa_tv"
    },
    "pa:cer": {
      "textures": "textures/items/pamobile/pa_cer"
    },
    "pa:bica": {
      "textures": "textures/items/pamobile/pa_bica"
    },
    "pa:hi": {
      "textures": "textures/items/pamobile/pa_hi"
    },
    "pa:gman": {
      "textures": "textures/items/pamobile/pa_gman"
    },
    "pa:sain": {
      "textures": "textures/items/pamobile/pa_sain"
    },
    "pa:tca": {
      "textures": "textures/items/pamobile/pa_tca"
    },
    "pa:toilet": {
      "textures": "textures/items/pamobile/pa_toilet"
    },
    "pa:cra": {
      "textures": "textures/items/pamobile/pa_cra"
    },
    "pa:mutan": {
      "textures": "textures/items/pamobile/pa_mutan"
    },
    "pa:tocar": {
      "textures": "textures/items/pamobile/pa_tocar"
    },
    "pa_lol": {
      "textures": "textures/items/pamobile/pa_lol"
    },
    "pa_lasur": {
      "textures": "textures/items/pamobile/pa_lasur"
    },
    "pa:virus": {
      "textures": "textures/items/pamobile/pa_virus"
    },
    "pa:ba": {
      "textures": "textures/items/pamobile/pa_ba"
    },
    "pa:ca": {
      "textures": "textures/items/pamobile/pa_ca"
    },
    "pa:caw": {
      "textures": "textures/items/pamobile/pa_caw"
    },
    "pa:tpe": {
      "textures": "textures/items/pamobile/pa_tpe"
    },
    "pa:fly": {
      "textures": "textures/items/pamobile/pa_fly"
    },
    "pa:tpeg": {
      "textures": "textures/items/pamobile/pa_tpeg"
    },
    "pa:saw": {
      "textures": "textures/items/pamobile/pa_saw"
    }
  }
}