{
  "format_version": "1.12.0",
  "minecraft:geometry": [
    {
      "description": {
        "identifier": "geometry.pa_armor_stand",
        "texture_width": 512,
        "texture_height": 512,
        "visible_bounds_width": 27,
        "visible_bounds_height": 15,
        "visible_bounds_offset": [
          0,
          6.5,
          0
        ]
      },
      "bones": [
        {
          "name": "bone14",
          "pivot": [
            0,
            78,
            0
          ]
        },
        {
          "name": "Rightleg",
          "parent": "bone14",
          "pivot": [
            -9,
            73,
            0
          ],
          "cubes": [
            {
              "origin": [
                -15.5,
                37,
                -8
              ],
              "size": [
                14,
                36,
                12
              ],
              "uv": [
                238,
                231
              ],
              "mirror": true
            },
            {
              "origin": [
                -16.4,
                42,
                -8
              ],
              "size": [
                16,
                32,
                12
              ],
              "inflate": 0.02,
              "pivot": [
                -9,
                74,
                0
              ],
              "rotation": [
                0,
                0,
                7.5
              ],
              "uv": [
                259,
                96
              ]
            }
          ]
        },
        {
          "name": "bone2",
          "parent": "Rightleg",
          "pivot": [
            -8,
            37,
            0
          ],
          "cubes": [
            {
              "origin": [
                -14,
                1,
                -8
              ],
              "size": [
                12,
                36,
                12
              ],
              "uv": [
                0,
                79
              ],
              "mirror": true
            },
            {
              "origin": [
                -14,
                1,
                -18
              ],
              "size": [
                12,
                8,
                10
              ],
              "uv": [
                198,
                338
              ]
            }
          ]
        },
        {
          "name": "Body",
          "parent": "bone14",
          "pivot": [
            0,
            75,
            0
          ],
          "cubes": [
            {
              "origin": [
                -15,
                73,
                -10
              ],
              "size": [
                29,
                21,
                17
              ],
              "uv": [
                166,
                106
              ]
            },
            {
              "origin": [
                -16,
                94,
                -12
              ],
              "size": [
                31,
                29,
                21
              ],
              "uv": [
                166,
                0
              ]
            },
            {
              "origin": [
                -10,
                100,
                -19
              ],
              "size": [
                19,
                17,
                7
              ],
              "uv": [
                320,
                0
              ]
            },
            {
              "origin": [
                -9,
                88,
                -17
              ],
              "size": [
                17,
                16,
                5
              ],
              "pivot": [
                0,
                108,
                0
              ],
              "rotation": [
                15,
                0,
                0
              ],
              "uv": [
                337,
                25
              ]
            }
          ]
        },
        {
          "name": "Rightarm",
          "parent": "Body",
          "pivot": [
            -17,
            119,
            -2
          ],
          "rotation": [
            5,
            0,
            7.5
          ],
          "cubes": [
            {
              "origin": [
                -30,
                94,
                -7
              ],
              "size": [
                14,
                29,
                12
              ],
              "uv": [
                238,
                281
              ],
              "mirror": true
            },
            {
              "origin": [
                -35,
                110,
                -9
              ],
              "size": [
                18,
                24,
                12
              ],
              "pivot": [
                -23,
                117,
                -2
              ],
              "rotation": [
                0,
                0,
                -10
              ],
              "uv": [
                0,
                270
              ]
            }
          ]
        },
        {
          "name": "bone3",
          "parent": "Rightarm",
          "pivot": [
            -23,
            94,
            -2
          ],
          "rotation": [
            -12.5,
            0,
            0
          ],
          "cubes": [
            {
              "origin": [
                -29,
                42,
                -7
              ],
              "size": [
                13,
                52,
                12
              ],
              "uv": [
                0,
                0
              ],
              "mirror": true
            },
            {
              "origin": [
                -29,
                73,
                -7
              ],
              "size": [
                13,
                6,
                12
              ],
              "inflate": 0.02,
              "uv": [
                157,
                329
              ]
            }
          ]
        },
        {
          "name": "Sword",
          "parent": "bone3",
          "pivot": [
            -23,
            48,
            -4
          ],
          "rotation": [
            5,
            0,
            0
          ],
          "cubes": [
            {
              "origin": [
                -26,
                38,
                -49
              ],
              "size": [
                6,
                20,
                8
              ],
              "uv": [
                65,
                79
              ]
            },
            {
              "origin": [
                -23,
                51,
                -34
              ],
              "size": [
                0,
                9,
                8
              ],
              "uv": [
                166,
                0
              ]
            },
            {
              "origin": [
                -23,
                36,
                -34
              ],
              "size": [
                0,
                9,
                8
              ],
              "uv": [
                142,
                54
              ]
            },
            {
              "origin": [
                -23,
                58,
                -49
              ],
              "size": [
                0,
                27,
                8
              ],
              "uv": [
                51,
                9
              ]
            },
            {
              "origin": [
                -23,
                38,
                -49
              ],
              "size": [
                0,
                27,
                8
              ],
              "pivot": [
                -23,
                38,
                -44
              ],
              "rotation": [
                0,
                0,
                -180
              ],
              "uv": [
                51,
                9
              ]
            },
            {
              "origin": [
                -26,
                44,
                -65
              ],
              "size": [
                6,
                8,
                16
              ],
              "uv": [
                327,
                325
              ]
            },
            {
              "origin": [
                -23,
                36,
                -214
              ],
              "size": [
                0,
                24,
                165
              ],
              "uv": [
                0,
                0
              ]
            },
            {
              "origin": [
                -26,
                45,
                -41
              ],
              "size": [
                6,
                6,
                72
              ],
              "uv": [
                0,
                0
              ]
            }
          ]
        },
        {
          "name": "Leftarm",
          "parent": "Body",
          "pivot": [
            15,
            119,
            -2
          ],
          "rotation": [
            5,
            0,
            -7.5
          ],
          "cubes": [
            {
              "origin": [
                15,
                94,
                -7
              ],
              "size": [
                14,
                29,
                12
              ],
              "uv": [
                238,
                281
              ]
            },
            {
              "origin": [
                16,
                110,
                -9
              ],
              "size": [
                18,
                24,
                12
              ],
              "pivot": [
                23,
                117,
                -2
              ],
              "rotation": [
                0,
                0,
                10
              ],
              "uv": [
                0,
                270
              ]
            }
          ]
        },
        {
          "name": "bone4",
          "parent": "Leftarm",
          "pivot": [
            23,
            94,
            -2
          ],
          "rotation": [
            -12.5,
            0,
            0
          ],
          "cubes": [
            {
              "origin": [
                15,
                42,
                -7
              ],
              "size": [
                13,
                52,
                12
              ],
              "uv": [
                0,
                0
              ]
            }
          ]
        },
        {
          "name": "bone5",
          "parent": "bone4",
          "pivot": [
            28,
            71,
            -2
          ],
          "cubes": [
            {
              "origin": [
                28,
                40,
                -8
              ],
              "size": [
                12,
                12,
                14
              ],
              "uv": [
                317,
                107
              ]
            },
            {
              "origin": [
                28,
                54,
                -8
              ],
              "size": [
                12,
                3,
                14
              ],
              "uv": [
                290,
                323
              ]
            },
            {
              "origin": [
                28,
                84,
                -8
              ],
              "size": [
                12,
                12,
                14
              ],
              "uv": [
                104,
                316
              ]
            },
            {
              "origin": [
                28,
                79,
                -8
              ],
              "size": [
                12,
                3,
                14
              ],
              "uv": [
                237,
                323
              ]
            },
            {
              "origin": [
                28,
                52,
                -7
              ],
              "size": [
                11,
                32,
                12
              ],
              "uv": [
                151,
                284
              ]
            },
            {
              "origin": [
                40,
                27,
                -1
              ],
              "size": [
                11,
                38,
                0
              ],
              "uv": [
                110,
                343
              ]
            },
            {
              "origin": [
                35,
                27,
                -7
              ],
              "size": [
                11,
                38,
                0
              ],
              "pivot": [
                35,
                49,
                -6
              ],
              "rotation": [
                0,
                90,
                0
              ],
              "uv": [
                110,
                342
              ]
            },
            {
              "origin": [
                35,
                27,
                15
              ],
              "size": [
                11,
                38,
                0
              ],
              "pivot": [
                35,
                49,
                16
              ],
              "rotation": [
                0,
                90,
                0
              ],
              "uv": [
                110,
                343
              ],
              "mirror": true
            }
          ]
        },
        {
          "name": "bone6",
          "parent": "bone5",
          "pivot": [
            33,
            62,
            -2
          ],
          "cubes": [
            {
              "origin": [
                29,
                42,
                -5
              ],
              "size": [
                8,
                20,
                8
              ],
              "uv": [
                85,
                0
              ]
            }
          ]
        },
        {
          "name": "bone8",
          "parent": "Body",
          "pivot": [
            0,
            113,
            9
          ],
          "cubes": [
            {
              "origin": [
                0,
                60,
                11
              ],
              "size": [
                13,
                22,
                10
              ],
              "uv": [
                0,
                312
              ]
            },
            {
              "origin": [
                13,
                71,
                9
              ],
              "size": [
                14,
                66,
                13
              ],
              "uv": [
                55,
                190
              ]
            },
            {
              "origin": [
                -14,
                82,
                9
              ],
              "size": [
                27,
                41,
                13
              ],
              "uv": [
                166,
                51
              ]
            },
            {
              "origin": [
                -8,
                92,
                22
              ],
              "size": [
                15,
                20,
                6
              ],
              "uv": [
                465,
                0
              ]
            },
            {
              "origin": [
                -28,
                71,
                9
              ],
              "size": [
                14,
                66,
                13
              ],
              "uv": [
                55,
                190
              ]
            },
            {
              "origin": [
                26,
                110,
                16
              ],
              "size": [
                47,
                27,
                0
              ],
              "uv": [
                47,
                426
              ]
            },
            {
              "origin": [
                26,
                76,
                16
              ],
              "size": [
                31,
                18,
                0
              ],
              "uv": [
                450,
                116
              ],
              "mirror": true
            },
            {
              "origin": [
                -59,
                76,
                16
              ],
              "size": [
                31,
                18,
                0
              ],
              "uv": [
                450,
                116
              ]
            },
            {
              "origin": [
                -75,
                110,
                16
              ],
              "size": [
                47,
                27,
                0
              ],
              "uv": [
                0,
                426
              ]
            },
            {
              "origin": [
                -14,
                60,
                11
              ],
              "size": [
                13,
                22,
                10
              ],
              "uv": [
                0,
                312
              ]
            }
          ]
        },
        {
          "name": "bone15",
          "parent": "bone8",
          "pivot": [
            0,
            127,
            14
          ],
          "rotation": [
            -15,
            0,
            0
          ],
          "cubes": [
            {
              "origin": [
                -6,
                123,
                14
              ],
              "size": [
                11,
                14,
                9
              ],
              "uv": [
                123,
                0
              ]
            }
          ]
        },
        {
          "name": "bone16",
          "parent": "bone15",
          "pivot": [
            0,
            137,
            17
          ],
          "rotation": [
            7.5,
            0,
            0
          ],
          "cubes": [
            {
              "origin": [
                -5,
                137,
                15
              ],
              "size": [
                9,
                20,
                7
              ],
              "uv": [
                344,
                280
              ]
            }
          ]
        },
        {
          "name": "bone17",
          "parent": "bone16",
          "pivot": [
            0,
            157,
            17
          ],
          "rotation": [
            10,
            0,
            0
          ],
          "cubes": [
            {
              "origin": [
                -5,
                157,
                15
              ],
              "size": [
                9,
                20,
                7
              ],
              "uv": [
                62,
                270
              ]
            }
          ]
        },
        {
          "name": "bone18",
          "parent": "bone17",
          "pivot": [
            0,
            177,
            17
          ],
          "rotation": [
            7.5,
            0,
            0
          ],
          "cubes": [
            {
              "origin": [
                -5,
                177,
                15
              ],
              "size": [
                9,
                20,
                7
              ],
              "uv": [
                132,
                79
              ]
            }
          ]
        },
        {
          "name": "bone19",
          "parent": "bone18",
          "pivot": [
            0,
            197,
            17
          ],
          "rotation": [
            -10,
            0,
            0
          ],
          "cubes": [
            {
              "origin": [
                -7,
                197,
                -1
              ],
              "size": [
                13,
                14,
                14
              ],
              "uv": [
                304,
                59
              ]
            },
            {
              "origin": [
                -8,
                197,
                13
              ],
              "size": [
                15,
                15,
                17
              ],
              "uv": [
                98,
                128
              ]
            }
          ]
        },
        {
          "name": "bone21",
          "parent": "bone19",
          "pivot": [
            -7,
            204,
            -1
          ],
          "cubes": [
            {
              "origin": [
                -7,
                197,
                -24
              ],
              "size": [
                0,
                14,
                23
              ],
              "uv": [
                38,
                284
              ]
            }
          ]
        },
        {
          "name": "bone20",
          "parent": "bone19",
          "pivot": [
            6,
            204,
            -1
          ],
          "cubes": [
            {
              "origin": [
                6,
                197,
                -24
              ],
              "size": [
                0,
                14,
                23
              ],
              "uv": [
                38,
                284
              ]
            }
          ]
        },
        {
          "name": "bone22",
          "parent": "bone19",
          "pivot": [
            -1,
            211,
            -1
          ],
          "cubes": [
            {
              "origin": [
                -7,
                211,
                -24
              ],
              "size": [
                13,
                0,
                23
              ],
              "uv": [
                236,
                141
              ]
            }
          ]
        },
        {
          "name": "bone23",
          "parent": "bone19",
          "pivot": [
            0,
            204,
            17
          ],
          "cubes": [
            {
              "origin": [
                -4,
                200,
                0
              ],
              "size": [
                7,
                8,
                17
              ],
              "uv": [
                323,
                139
              ]
            }
          ]
        },
        {
          "name": "bone24",
          "parent": "bone19",
          "pivot": [
            -1,
            197,
            -1
          ],
          "cubes": [
            {
              "origin": [
                -7,
                197,
                -24
              ],
              "size": [
                13,
                0,
                23
              ],
              "uv": [
                236,
                141
              ]
            }
          ]
        },
        {
          "name": "Head",
          "parent": "Body",
          "pivot": [
            0,
            123,
            0
          ],
          "cubes": [
            {
              "origin": [
                -8,
                123,
                -7
              ],
              "size": [
                15,
                3,
                13
              ],
              "uv": [
                85,
                54
              ]
            },
            {
              "origin": [
                -9,
                126,
                -35
              ],
              "size": [
                17,
                16,
                12
              ],
              "uv": [
                291,
                227
              ]
            },
            {
              "origin": [
                8,
                126,
                -11
              ],
              "size": [
                6,
                7,
                20
              ],
              "pivot": [
                8,
                128,
                0
              ],
              "rotation": [
                0,
                -20,
                0
              ],
              "uv": [
                198,
                303
              ]
            },
            {
              "origin": [
                8,
                136,
                -31
              ],
              "size": [
                8,
                10,
                30
              ],
              "pivot": [
                8,
                138,
                -10
              ],
              "rotation": [
                -10,
                -20,
                0
              ],
              "uv": [
                175,
                190
              ]
            },
            {
              "origin": [
                -17,
                136,
                -30
              ],
              "size": [
                8,
                10,
                30
              ],
              "pivot": [
                -10,
                138,
                -9
              ],
              "rotation": [
                -10,
                20,
                0
              ],
              "uv": [
                175,
                190
              ]
            },
            {
              "origin": [
                -15,
                126,
                -11
              ],
              "size": [
                6,
                7,
                20
              ],
              "pivot": [
                -10,
                128,
                0
              ],
              "rotation": [
                0,
                20,
                0
              ],
              "uv": [
                198,
                303
              ]
            },
            {
              "origin": [
                -9,
                126,
                -23
              ],
              "size": [
                17,
                16,
                32
              ],
              "uv": [
                65,
                79
              ]
            },
            {
              "origin": [
                -5,
                142,
                -46
              ],
              "size": [
                9,
                9,
                50
              ],
              "pivot": [
                0,
                0,
                -5
              ],
              "rotation": [
                -2.5,
                0,
                0
              ],
              "uv": [
                0,
                453
              ]
            },
            {
              "origin": [
                0,
                150.5,
                -33
              ],
              "size": [
                0,
                16,
                37
              ],
              "pivot": [
                0,
                1,
                0
              ],
              "rotation": [
                -2.5,
                0,
                0
              ],
              "uv": [
                85,
                0
              ]
            },
            {
              "origin": [
                -4,
                119,
                -15
              ],
              "size": [
                7,
                7,
                15
              ],
              "pivot": [
                0,
                128,
                7
              ],
              "rotation": [
                -17.5,
                0,
                0
              ],
              "uv": [
                331,
                165
              ]
            }
          ]
        },
        {
          "name": "bone13",
          "parent": "Body",
          "pivot": [
            0,
            107,
            1
          ],
          "cubes": [
            {
              "origin": [
                -4,
                104,
                -18
              ],
              "size": [
                8,
                9,
                19
              ],
              "uv": [
                301,
                30
              ]
            }
          ]
        },
        {
          "name": "bone9",
          "parent": "Body",
          "pivot": [
            0,
            119,
            -11
          ],
          "cubes": [
            {
              "origin": [
                -3,
                119.06147,
                -27.39104
              ],
              "size": [
                5,
                5,
                18
              ],
              "pivot": [
                0,
                119,
                -11
              ],
              "rotation": [
                22.5,
                0,
                0
              ],
              "uv": [
                318,
                256
              ]
            }
          ]
        },
        {
          "name": "bone10",
          "parent": "Body",
          "pivot": [
            -10,
            109,
            -11
          ],
          "cubes": [
            {
              "origin": [
                -16.38095,
                106,
                -26.25046
              ],
              "size": [
                5,
                5,
                17
              ],
              "pivot": [
                -10,
                109,
                -11
              ],
              "rotation": [
                0,
                -25,
                0
              ],
              "uv": [
                30,
                328
              ]
            }
          ]
        },
        {
          "name": "bone12",
          "parent": "Body",
          "pivot": [
            10,
            109,
            -11
          ],
          "cubes": [
            {
              "origin": [
                10.06147,
                106,
                -26.39104
              ],
              "size": [
                5,
                5,
                17
              ],
              "pivot": [
                10,
                109,
                -11
              ],
              "rotation": [
                0,
                22.5,
                0
              ],
              "uv": [
                30,
                328
              ]
            }
          ]
        },
        {
          "name": "bone11",
          "parent": "Body",
          "pivot": [
            0,
            99,
            -14
          ],
          "cubes": [
            {
              "origin": [
                -3,
                94.08658,
                -28.6194
              ],
              "size": [
                5,
                5,
                18
              ],
              "pivot": [
                0,
                99,
                -14
              ],
              "rotation": [
                -22.5,
                0,
                0
              ],
              "uv": [
                318,
                256
              ]
            }
          ]
        },
        {
          "name": "Leftleg",
          "parent": "bone14",
          "pivot": [
            8,
            73,
            0
          ],
          "cubes": [
            {
              "origin": [
                -1.4,
                42,
                -8
              ],
              "size": [
                16,
                32,
                12
              ],
              "inflate": 0.02,
              "pivot": [
                8,
                74,
                0
              ],
              "rotation": [
                0,
                0,
                -7.5
              ],
              "uv": [
                259,
                96
              ],
              "mirror": true
            },
            {
              "origin": [
                0.6,
                37,
                -8
              ],
              "size": [
                14,
                36,
                12
              ],
              "uv": [
                238,
                231
              ]
            }
          ]
        },
        {
          "name": "bone",
          "parent": "Leftleg",
          "pivot": [
            7,
            37,
            0
          ],
          "cubes": [
            {
              "origin": [
                1,
                1,
                -8
              ],
              "size": [
                12,
                36,
                12
              ],
              "uv": [
                0,
                79
              ]
            },
            {
              "origin": [
                1,
                1,
                -18
              ],
              "size": [
                12,
                8,
                10
              ],
              "uv": [
                198,
                338
              ]
            }
          ]
        }
      ]
    }
  ]
}