{
  "format_version": "1.12.0",
  "minecraft:geometry": [
    {
      "description": {
        "identifier": "geometry.shadow_new_shadow_biomy",
        "texture_width": 128,
        "texture_height": 128,
        "visible_bounds_width": 3,
        "visible_bounds_height": 3.5,
        "visible_bounds_offset": [
          0,
          1.25,
          0
        ]
      },
      "bones": [
        {
          "name": "bone",
          "pivot": [
            0,
            0,
            0
          ]
        },
        {
          "name": "RightLeg",
          "parent": "bone",
          "pivot": [
            -1.9,
            12,
            0
          ],
          "cubes": [
            {
              "origin": [
                -3.9,
                0,
                -2
              ],
              "size": [
                4,
                12,
                4
              ],
              "uv": [
                47,
                47
              ]
            },
            {
              "origin": [
                -3.9,
                0,
                -2
              ],
              "size": [
                4,
                12,
                4
              ],
              "inflate": 0.25,
              "uv": [
                30,
                47
              ]
            }
          ]
        },
        {
          "name": "Body",
          "parent": "bone",
          "pivot": [
            0,
            12,
            0
          ],
          "cubes": [
            {
              "origin": [
                -4,
                12,
                -2
              ],
              "size": [
                8,
                12,
                4
              ],
              "uv": [
                33,
                0
              ]
            },
            {
              "origin": [
                -4,
                12,
                -2
              ],
              "size": [
                8,
                12,
                4
              ],
              "inflate": 0.25,
              "uv": [
                29,
                30
              ]
            }
          ]
        },
        {
          "name": "Head",
          "parent": "Body",
          "pivot": [
            0,
            24,
            0
          ],
          "cubes": [
            {
              "origin": [
                -4,
                24,
                -4
              ],
              "size": [
                8,
                8,
                8
              ],
              "uv": [
                0,
                17
              ]
            },
            {
              "origin": [
                -4,
                24,
                -4
              ],
              "size": [
                8,
                8,
                8
              ],
              "inflate": 0.5,
              "uv": [
                96,
                0
              ]
            }
          ]
        },
        {
          "name": "RightArm",
          "parent": "Body",
          "pivot": [
            -5,
            22,
            0
          ],
          "cubes": [
            {
              "origin": [
                -8,
                12,
                -2
              ],
              "size": [
                4,
                12,
                4
              ],
              "uv": [
                60,
                34
              ]
            },
            {
              "origin": [
                -8,
                12,
                -2
              ],
              "size": [
                4,
                12,
                4
              ],
              "inflate": 0.25,
              "uv": [
                0,
                60
              ]
            }
          ]
        },
        {
          "name": "LeftArm",
          "parent": "Body",
          "pivot": [
            5,
            22,
            0
          ],
          "cubes": [
            {
              "origin": [
                4,
                12,
                -2
              ],
              "size": [
                4,
                12,
                4
              ],
              "uv": [
                58,
                0
              ]
            },
            {
              "origin": [
                4,
                12,
                -2
              ],
              "size": [
                4,
                12,
                4
              ],
              "inflate": 0.25,
              "uv": [
                50,
                17
              ]
            }
          ]
        },
        {
          "name": "LeftLeg",
          "parent": "bone",
          "pivot": [
            1.9,
            12,
            0
          ],
          "cubes": [
            {
              "origin": [
                -0.1,
                0,
                -2
              ],
              "size": [
                4,
                12,
                4
              ],
              "uv": [
                13,
                47
              ]
            },
            {
              "origin": [
                -0.1,
                0,
                -2
              ],
              "size": [
                4,
                12,
                4
              ],
              "inflate": 0.25,
              "uv": [
                0,
                34
              ]
            }
          ]
        }
      ]
    }
  ]
}