{
  "format_version": "1.12.0",
  "minecraft:geometry": [
    {
      "description": {
        "identifier": "geometry.shadow_biomy_shadow_biomy_toilet",
        "texture_width": 128,
        "texture_height": 128,
        "visible_bounds_width": 3,
        "visible_bounds_height": 3.5,
        "visible_bounds_offset": [
          0,
          1.25,
          0
        ]
      },
      "bones": [
        {
          "name": "bone2",
          "pivot": [
            0,
            8,
            0
          ],
          "cubes": [
            {
              "origin": [
                -4,
                3,
                -5
              ],
              "size": [
                7,
                5,
                10
              ],
              "uv": [
                45,
                15
              ]
            },
            {
              "origin": [
                -6,
                12,
                7
              ],
              "size": [
                11,
                17,
                4
              ],
              "uv": [
                0,
                43
              ]
            },
            {
              "origin": [
                -6,
                0,
                -7
              ],
              "size": [
                11,
                3,
                14
              ],
              "uv": [
                0,
                25
              ]
            },
            {
              "origin": [
                -7,
                8,
                -7
              ],
              "size": [
                13,
                10,
                14
              ],
              "uv": [
                0,
                0
              ]
            }
          ]
        },
        {
          "name": "bone",
          "parent": "bone2",
          "pivot": [
            0,
            18,
            0
          ],
          "cubes": [
            {
              "origin": [
                -3,
                18,
                -4
              ],
              "size": [
                5,
                11,
                5
              ],
              "uv": [
                31,
                53
              ]
            }
          ]
        },
        {
          "name": "bone3",
          "parent": "bone",
          "pivot": [
            0,
            29,
            -1
          ],
          "cubes": [
            {
              "origin": [
                -5,
                29,
                -6
              ],
              "size": [
                9,
                9,
                9
              ],
              "uv": [
                42,
                34
              ]
            },
            {
              "origin": [
                -5,
                33,
                -7
              ],
              "size": [
                9,
                3,
                9
              ],
              "inflate": 0.02,
              "pivot": [
                0,
                33,
                -2
              ],
              "rotation": [
                -12.5,
                0,
                0
              ],
              "uv": [
                92,
                116
              ]
            }
          ]
        }
      ]
    }
  ]
}