{
  "format_version": "1.12.0",
  "minecraft:geometry": [
    {
      "description": {
        "identifier": "geometry.skibidi_toilet_claw_tv_man",
        "texture_width": 128,
        "texture_height": 128,
        "visible_bounds_width": 3,
        "visible_bounds_height": 4.5,
        "visible_bounds_offset": [
          0,
          1.75,
          0
        ]
      },
      "bones": [
        {
          "name": "Root",
          "pivot": [
            0,
            21,
            0
          ]
        },
        {
          "name": "Body",
          "parent": "Root",
          "pivot": [
            0,
            20,
            0
          ],
          "cubes": [
            {
              "origin": [
                -6,
                26,
                -4.5
              ],
              "size": [
                12,
                11,
                6
              ],
              "uv": [
                0,
                111
              ]
            },
            {
              "origin": [
                -5,
                20,
                -4
              ],
              "size": [
                10,
                6,
                5
              ],
              "uv": [
                0,
                35
              ]
            },
            {
              "origin": [
                -3,
                28,
                -6
              ],
              "size": [
                6,
                6,
                2
              ],
              "uv": [
                80,
                63
              ]
            },
            {
              "origin": [
                -1,
                31,
                -8
              ],
              "size": [
                2,
                3,
                4
              ],
              "pivot": [
                0,
                34,
                -4
              ],
              "rotation": [
                -25,
                0,
                0
              ],
              "uv": [
                84,
                7
              ]
            },
            {
              "origin": [
                -3,
                30,
                -8
              ],
              "size": [
                3,
                2,
                4
              ],
              "pivot": [
                -3,
                31,
                -4
              ],
              "rotation": [
                0,
                45,
                0
              ],
              "uv": [
                83,
                0
              ]
            },
            {
              "origin": [
                0,
                30,
                -8
              ],
              "size": [
                3,
                2,
                4
              ],
              "pivot": [
                3,
                31,
                -4
              ],
              "rotation": [
                0,
                -45,
                0
              ],
              "uv": [
                70,
                82
              ]
            },
            {
              "origin": [
                -1,
                28,
                -8
              ],
              "size": [
                2,
                3,
                4
              ],
              "pivot": [
                0,
                28,
                -4
              ],
              "rotation": [
                25,
                0,
                0
              ],
              "uv": [
                5,
                83
              ]
            }
          ]
        },
        {
          "name": "Leftarm",
          "parent": "Body",
          "pivot": [
            5,
            36,
            -1
          ],
          "cubes": [
            {
              "origin": [
                5,
                27,
                -3
              ],
              "size": [
                4,
                10,
                4
              ],
              "uv": [
                17,
                72
              ]
            }
          ]
        },
        {
          "name": "bone4",
          "parent": "Leftarm",
          "pivot": [
            7,
            27,
            -1
          ],
          "cubes": [
            {
              "origin": [
                5,
                14,
                -3
              ],
              "size": [
                4,
                13,
                4
              ],
              "uv": [
                0,
                63
              ]
            }
          ]
        },
        {
          "name": "Rightarm",
          "parent": "Body",
          "pivot": [
            -5,
            36,
            -1
          ],
          "cubes": [
            {
              "origin": [
                -9,
                27,
                -3
              ],
              "size": [
                4,
                10,
                4
              ],
              "uv": [
                71,
                48
              ]
            }
          ]
        },
        {
          "name": "bone2",
          "parent": "Rightarm",
          "pivot": [
            -7,
            27,
            -1
          ],
          "cubes": [
            {
              "origin": [
                -9,
                14,
                -3
              ],
              "size": [
                4,
                13,
                4
              ],
              "uv": [
                62,
                16
              ]
            }
          ]
        },
        {
          "name": "Head",
          "parent": "Body",
          "pivot": [
            0,
            39,
            0
          ],
          "cubes": [
            {
              "origin": [
                -6,
                39,
                -5
              ],
              "size": [
                12,
                10,
                7
              ],
              "uv": [
                0,
                0
              ]
            },
            {
              "origin": [
                -6.5,
                37,
                -5
              ],
              "size": [
                13,
                2,
                7
              ],
              "uv": [
                28,
                28
              ]
            }
          ]
        },
        {
          "name": "bone",
          "parent": "Head",
          "pivot": [
            0,
            43,
            0
          ],
          "cubes": [
            {
              "origin": [
                -5,
                40,
                -1
              ],
              "size": [
                10,
                8,
                0
              ],
              "inflate": 0.02,
              "uv": {
                "north": {
                  "uv": [
                    70,
                    34
                  ],
                  "uv_size": [
                    10,
                    8
                  ]
                },
                "east": {
                  "uv": [
                    70,
                    34
                  ],
                  "uv_size": [
                    0,
                    8
                  ]
                },
                "south": {
                  "uv": [
                    80,
                    34
                  ],
                  "uv_size": [
                    10,
                    8
                  ]
                },
                "west": {
                  "uv": [
                    80,
                    34
                  ],
                  "uv_size": [
                    0,
                    8
                  ]
                },
                "up": {
                  "uv": [
                    70,
                    34
                  ],
                  "uv_size": [
                    10,
                    0
                  ]
                },
                "down": {
                  "uv": [
                    80,
                    34
                  ],
                  "uv_size": [
                    10,
                    0
                  ]
                }
              }
            }
          ]
        },
        {
          "name": "bone3",
          "parent": "Body",
          "pivot": [
            0,
            30,
            2
          ],
          "cubes": [
            {
              "origin": [
                -2,
                21,
                1
              ],
              "size": [
                4,
                13,
                3
              ],
              "uv": [
                42,
                67
              ]
            },
            {
              "origin": [
                -3,
                27,
                1
              ],
              "size": [
                6,
                5,
                4
              ],
              "uv": [
                35,
                18
              ]
            },
            {
              "origin": [
                -3,
                34,
                1
              ],
              "size": [
                6,
                2,
                4
              ],
              "uv": [
                57,
                72
              ]
            },
            {
              "origin": [
                -3,
                23,
                1
              ],
              "size": [
                6,
                2,
                4
              ],
              "uv": [
                57,
                72
              ]
            }
          ]
        },
        {
          "name": "bone9",
          "parent": "bone3",
          "pivot": [
            3,
            35,
            2
          ],
          "cubes": [
            {
              "origin": [
                3,
                22.5,
                2
              ],
              "size": [
                1,
                13,
                1
              ],
              "pivot": [
                3,
                35,
                2
              ],
              "rotation": [
                0,
                0,
                -5
              ],
              "uv": [
                18,
                87
              ]
            }
          ]
        },
        {
          "name": "bone11",
          "parent": "bone9",
          "pivot": [
            5,
            24,
            3
          ],
          "cubes": [
            {
              "origin": [
                4,
                22,
                3
              ],
              "size": [
                1,
                18,
                1
              ],
              "pivot": [
                5,
                24,
                3
              ],
              "rotation": [
                -5,
                0,
                12.5
              ],
              "uv": [
                0,
                81
              ]
            }
          ]
        },
        {
          "name": "bone12",
          "parent": "bone11",
          "pivot": [
            8,
            39,
            4
          ],
          "cubes": [
            {
              "origin": [
                7,
                39,
                2
              ],
              "size": [
                2,
                2,
                3
              ],
              "uv": [
                48,
                38
              ]
            },
            {
              "origin": [
                7,
                38,
                -5
              ],
              "size": [
                0,
                3,
                7
              ],
              "pivot": [
                7,
                40,
                2
              ],
              "rotation": [
                7.5,
                0,
                0
              ],
              "uv": [
                79,
                20
              ]
            },
            {
              "origin": [
                8,
                38,
                -7
              ],
              "size": [
                0,
                4,
                9
              ],
              "pivot": [
                8,
                41,
                2
              ],
              "rotation": [
                5,
                0,
                0
              ],
              "uv": [
                61,
                58
              ]
            },
            {
              "origin": [
                9,
                38,
                -5
              ],
              "size": [
                0,
                3,
                7
              ],
              "pivot": [
                9,
                40,
                2
              ],
              "rotation": [
                7.5,
                0,
                0
              ],
              "uv": [
                79,
                20
              ]
            }
          ]
        },
        {
          "name": "bone5",
          "parent": "bone3",
          "pivot": [
            -3,
            35,
            2
          ],
          "cubes": [
            {
              "origin": [
                -4,
                22.5,
                2
              ],
              "size": [
                1,
                13,
                1
              ],
              "pivot": [
                -3,
                34,
                2
              ],
              "rotation": [
                0,
                0,
                5
              ],
              "uv": [
                85,
                82
              ]
            }
          ]
        },
        {
          "name": "bone6",
          "parent": "bone5",
          "pivot": [
            -5,
            24,
            3
          ],
          "cubes": [
            {
              "origin": [
                -5,
                22,
                3
              ],
              "size": [
                1,
                18,
                1
              ],
              "pivot": [
                -5,
                24,
                3
              ],
              "rotation": [
                -5,
                0,
                -12.5
              ],
              "uv": [
                65,
                79
              ]
            }
          ]
        },
        {
          "name": "bone13",
          "parent": "bone6",
          "pivot": [
            -8,
            39,
            4
          ],
          "cubes": [
            {
              "origin": [
                -9,
                39,
                2
              ],
              "size": [
                2,
                2,
                3
              ],
              "uv": [
                32,
                0
              ]
            },
            {
              "origin": [
                -7,
                38,
                -5
              ],
              "size": [
                0,
                3,
                7
              ],
              "pivot": [
                -7,
                40,
                2
              ],
              "rotation": [
                7.5,
                0,
                0
              ],
              "uv": [
                79,
                20
              ]
            },
            {
              "origin": [
                -8,
                38,
                -7
              ],
              "size": [
                0,
                4,
                9
              ],
              "pivot": [
                -7,
                40,
                2
              ],
              "rotation": [
                7.5,
                0,
                0
              ],
              "uv": [
                61,
                58
              ]
            },
            {
              "origin": [
                -9,
                38,
                -5
              ],
              "size": [
                0,
                3,
                7
              ],
              "pivot": [
                -7,
                40,
                2
              ],
              "rotation": [
                7.5,
                0,
                0
              ],
              "uv": [
                79,
                20
              ]
            }
          ]
        },
        {
          "name": "Rightleg",
          "parent": "Root",
          "pivot": [
            -2,
            20,
            -1
          ],
          "cubes": [
            {
              "origin": [
                -5,
                10,
                -4
              ],
              "size": [
                5,
                10,
                5
              ],
              "uv": [
                62,
                0
              ]
            },
            {
              "origin": [
                -5,
                10,
                -4.5
              ],
              "size": [
                5,
                11,
                6
              ],
              "pivot": [
                -6,
                20,
                -2
              ],
              "rotation": [
                0,
                0,
                5
              ],
              "uv": [
                39,
                0
              ]
            }
          ]
        },
        {
          "name": "bone8",
          "parent": "Rightleg",
          "pivot": [
            -2,
            10,
            -1
          ],
          "cubes": [
            {
              "origin": [
                -5,
                0,
                -4
              ],
              "size": [
                5,
                10,
                5
              ],
              "uv": [
                21,
                56
              ]
            }
          ]
        },
        {
          "name": "Leftleg",
          "parent": "Root",
          "pivot": [
            2,
            20,
            -1
          ],
          "cubes": [
            {
              "origin": [
                0,
                10,
                -4
              ],
              "size": [
                5,
                10,
                5
              ],
              "uv": [
                49,
                51
              ]
            },
            {
              "origin": [
                0,
                10,
                -4.5
              ],
              "size": [
                5,
                11,
                6
              ],
              "pivot": [
                6,
                20,
                -2
              ],
              "rotation": [
                0,
                0,
                -5
              ],
              "uv": [
                31,
                38
              ]
            }
          ]
        },
        {
          "name": "bone7",
          "parent": "Leftleg",
          "pivot": [
            2,
            10,
            -1
          ],
          "cubes": [
            {
              "origin": [
                0,
                0,
                -4
              ],
              "size": [
                5,
                10,
                5
              ],
              "uv": [
                0,
                47
              ]
            }
          ]
        }
      ]
    }
  ]
}