{
  "format_version": "1.12.0",
  "minecraft:geometry": [
    {
      "description": {
        "identifier": "geometry.skibidi_toilet_cameraman",
        "texture_width": 128,
        "texture_height": 128,
        "visible_bounds_width": 3,
        "visible_bounds_height": 3.5,
        "visible_bounds_offset": [
          0,
          1.25,
          0
        ]
      },
      "bones": [
        {
          "name": "Root",
          "pivot": [
            0,
            14,
            0
          ]
        },
        {
          "name": "Leftleg",
          "parent": "Root",
          "pivot": [
            2,
            14,
            0
          ],
          "cubes": [
            {
              "origin": [
                0,
                9,
                -2
              ],
              "size": [
                4,
                5,
                4
              ],
              "uv": [
                53,
                37
              ]
            },
            {
              "origin": [
                0,
                7,
                -3.5
              ],
              "size": [
                4,
                8,
                6
              ],
              "pivot": [
                4,
                15,
                0
              ],
              "rotation": [
                0,
                0,
                -5
              ],
              "uv": [
                33,
                0
              ]
            }
          ]
        },
        {
          "name": "bone4",
          "parent": "Leftleg",
          "pivot": [
            2,
            9,
            0
          ],
          "cubes": [
            {
              "origin": [
                0,
                0,
                -2
              ],
              "size": [
                4,
                9,
                4
              ],
              "uv": [
                17,
                42
              ]
            }
          ]
        },
        {
          "name": "Body",
          "parent": "Root",
          "pivot": [
            0,
            14,
            0
          ],
          "cubes": [
            {
              "origin": [
                -4,
                14,
                -3
              ],
              "size": [
                8,
                13,
                5
              ],
              "uv": [
                0,
                16
              ]
            }
          ]
        },
        {
          "name": "Head",
          "parent": "Body",
          "pivot": [
            0,
            27,
            -1
          ],
          "cubes": [
            {
              "origin": [
                -2,
                29,
                -3
              ],
              "size": [
                4,
                1,
                4
              ],
              "uv": [
                54,
                21
              ]
            },
            {
              "origin": [
                -1,
                27,
                -2
              ],
              "size": [
                2,
                2,
                2
              ],
              "uv": [
                0,
                0
              ]
            },
            {
              "origin": [
                -3,
                30,
                -8
              ],
              "size": [
                6,
                5,
                10
              ],
              "uv": [
                0,
                0
              ]
            },
            {
              "origin": [
                -3,
                30,
                -11
              ],
              "size": [
                6,
                5,
                3
              ],
              "uv": [
                34,
                42
              ]
            },
            {
              "origin": [
                -5,
                29,
                -8
              ],
              "size": [
                2,
                4,
                3
              ],
              "uv": [
                0,
                63
              ]
            },
            {
              "origin": [
                -3,
                28,
                -8
              ],
              "size": [
                2,
                2,
                6
              ],
              "uv": [
                13,
                56
              ]
            }
          ]
        },
        {
          "name": "Leftarm",
          "parent": "Body",
          "pivot": [
            4,
            26,
            0
          ],
          "cubes": [
            {
              "origin": [
                4,
                20,
                -2.5
              ],
              "size": [
                3,
                7,
                4
              ],
              "uv": [
                54,
                0
              ]
            }
          ]
        },
        {
          "name": "bone2",
          "parent": "Leftarm",
          "pivot": [
            6,
            20,
            0
          ],
          "cubes": [
            {
              "origin": [
                4,
                10,
                -2
              ],
              "size": [
                3,
                10,
                3
              ],
              "uv": [
                34,
                51
              ]
            }
          ]
        },
        {
          "name": "Rightarm",
          "parent": "Body",
          "pivot": [
            -4,
            26,
            0
          ],
          "cubes": [
            {
              "origin": [
                -7,
                20,
                -2.5
              ],
              "size": [
                3,
                7,
                4
              ],
              "uv": [
                49,
                47
              ]
            }
          ]
        },
        {
          "name": "bone",
          "parent": "Rightarm",
          "pivot": [
            -5,
            20,
            0
          ],
          "cubes": [
            {
              "origin": [
                -7,
                10,
                -2
              ],
              "size": [
                3,
                10,
                3
              ],
              "uv": [
                0,
                49
              ]
            }
          ]
        },
        {
          "name": "Rightleg",
          "parent": "Root",
          "pivot": [
            -2,
            14,
            0
          ],
          "cubes": [
            {
              "origin": [
                -4,
                9,
                -2
              ],
              "size": [
                4,
                5,
                4
              ],
              "uv": [
                48,
                27
              ]
            },
            {
              "origin": [
                -4,
                7,
                -3.5
              ],
              "size": [
                4,
                8,
                6
              ],
              "pivot": [
                -4,
                15,
                0
              ],
              "rotation": [
                0,
                0,
                5
              ],
              "uv": [
                27,
                27
              ]
            }
          ]
        },
        {
          "name": "bone3",
          "parent": "Rightleg",
          "pivot": [
            -2,
            9,
            0
          ],
          "cubes": [
            {
              "origin": [
                -4,
                0,
                -2
              ],
              "size": [
                4,
                9,
                4
              ],
              "uv": [
                0,
                35
              ]
            }
          ]
        }
      ]
    }
  ]
}