{
  "format_version": "1.12.0",
  "minecraft:geometry": [
    {
      "description": {
        "identifier": "geometry.skibidi_toilet_plunger",
        "texture_width": 64,
        "texture_height": 64,
        "visible_bounds_width": 3,
        "visible_bounds_height": 2.5,
        "visible_bounds_offset": [
          0,
          0.75,
          0
        ]
      },
      "bones": [
        {
          "name": "RightArm",
          "pivot": [
            -5,
            22,
            0
          ],
          "cubes": [
            {
              "origin": [
                -7,
                13,
                -12
              ],
              "size": [
                2,
                2,
                20
              ],
              "uv": [
                0,
                0
              ]
            },
            {
              "origin": [
                -7.5,
                12.5,
                8
              ],
              "size": [
                3,
                3,
                4
              ],
              "uv": [
                0,
                0
              ]
            },
            {
              "origin": [
                -8,
                12,
                -13
              ],
              "size": [
                4,
                4,
                2
              ],
              "uv": [
                0,
                8
              ]
            },
            {
              "origin": [
                -9,
                11,
                -17
              ],
              "size": [
                6,
                6,
                4
              ],
              "uv": [
                0,
                23
              ]
            }
          ]
        }
      ]
    }
  ]
}