{
  "format_version": "1.12.0",
  "minecraft:geometry": [
    {
      "description": {
        "identifier": "geometry.skibidi_toilet_camera_turret",
        "texture_width": 64,
        "texture_height": 64,
        "visible_bounds_width": 3,
        "visible_bounds_height": 3.5,
        "visible_bounds_offset": [
          0,
          1.25,
          0
        ]
      },
      "bones": [
        {
          "name": "bone4",
          "pivot": [
            0,
            0,
            0
          ],
          "cubes": [
            {
              "origin": [
                -6,
                0,
                -6
              ],
              "size": [
                12,
                6,
                12
              ],
              "uv": [
                0,
                0
              ]
            },
            {
              "origin": [
                -7,
                3,
                1
              ],
              "size": [
                3,
                4,
                2
              ],
              "uv": [
                34,
                39
              ]
            },
            {
              "origin": [
                -8,
                3,
                -2
              ],
              "size": [
                4,
                5,
                2
              ],
              "uv": [
                38,
                18
              ]
            }
          ]
        },
        {
          "name": "bone3",
          "parent": "bone4",
          "pivot": [
            0,
            6,
            0
          ],
          "cubes": [
            {
              "origin": [
                -1,
                6,
                -1
              ],
              "size": [
                2,
                5,
                2
              ],
              "uv": [
                0,
                5
              ]
            },
            {
              "origin": [
                -2,
                11,
                -2
              ],
              "size": [
                4,
                4,
                4
              ],
              "uv": [
                30,
                31
              ]
            }
          ]
        },
        {
          "name": "bone",
          "parent": "bone3",
          "pivot": [
            0,
            15,
            0
          ],
          "cubes": [
            {
              "origin": [
                -3,
                15,
                -5
              ],
              "size": [
                6,
                6,
                11
              ],
              "uv": [
                0,
                18
              ]
            },
            {
              "origin": [
                3,
                14,
                -3
              ],
              "size": [
                2,
                5,
                4
              ],
              "uv": [
                22,
                39
              ]
            }
          ]
        },
        {
          "name": "bone7",
          "parent": "bone",
          "pivot": [
            0,
            18,
            -5
          ],
          "cubes": [
            {
              "origin": [
                0,
                14,
                -12
              ],
              "size": [
                0,
                2,
                7
              ],
              "uv": [
                16,
                30
              ]
            },
            {
              "origin": [
                0,
                20,
                -12
              ],
              "size": [
                0,
                2,
                7
              ],
              "uv": [
                16,
                28
              ]
            },
            {
              "origin": [
                -4,
                18,
                -12
              ],
              "size": [
                2,
                0,
                7
              ],
              "uv": [
                0,
                18
              ]
            },
            {
              "origin": [
                2,
                18,
                -12
              ],
              "size": [
                2,
                0,
                7
              ],
              "uv": [
                0,
                0
              ]
            },
            {
              "origin": [
                -2,
                16,
                -12
              ],
              "size": [
                4,
                4,
                7
              ],
              "uv": [
                23,
                18
              ]
            }
          ]
        },
        {
          "name": "bone2",
          "parent": "bone",
          "pivot": [
            -3,
            18,
            -0.5
          ],
          "cubes": [
            {
              "origin": [
                -10,
                15,
                -1
              ],
              "size": [
                7,
                6,
                1
              ],
              "pivot": [
                -3,
                18,
                -0.5
              ],
              "rotation": [
                0,
                30,
                0
              ],
              "uv": [
                0,
                35
              ]
            }
          ]
        },
        {
          "name": "bone6",
          "parent": "bone",
          "pivot": [
            -1,
            21,
            1
          ],
          "cubes": [
            {
              "origin": [
                -2,
                21,
                -1
              ],
              "size": [
                1,
                7,
                4
              ],
              "pivot": [
                -1,
                21,
                1
              ],
              "rotation": [
                0,
                0,
                -20
              ],
              "uv": [
                12,
                39
              ]
            }
          ]
        },
        {
          "name": "bone5",
          "parent": "bone",
          "pivot": [
            1,
            21,
            1
          ],
          "cubes": [
            {
              "origin": [
                1,
                21,
                -1
              ],
              "size": [
                1,
                7,
                4
              ],
              "pivot": [
                1,
                21,
                1
              ],
              "rotation": [
                0,
                0,
                20
              ],
              "uv": [
                36,
                0
              ]
            }
          ]
        }
      ]
    }
  ]
}