{
  "format_version": "1.12.0",
  "minecraft:geometry": [
    {
      "description": {
        "identifier": "geometry.skibidi_toilet_titian_cinema_speaker_man",
        "texture_width": 512,
        "texture_height": 512,
        "visible_bounds_width": 22,
        "visible_bounds_height": 11.5,
        "visible_bounds_offset": [
          0,
          5.25,
          0
        ]
      },
      "bones": [
        {
          "name": "Root",
          "pivot": [
            0,
            59,
            0
          ]
        },
        {
          "name": "Body",
          "parent": "Root",
          "pivot": [
            0,
            55,
            0
          ],
          "cubes": [
            {
              "origin": [
                -13,
                77,
                -8
              ],
              "size": [
                26,
                18,
                15
              ],
              "uv": [
                0,
                91
              ]
            },
            {
              "origin": [
                -11,
                55,
                -7
              ],
              "size": [
                22,
                22,
                13
              ],
              "uv": [
                104,
                0
              ]
            },
            {
              "origin": [
                -9,
                65,
                -10
              ],
              "size": [
                18,
                15,
                3
              ],
              "pivot": [
                0,
                76,
                -7
              ],
              "rotation": [
                7.5,
                0,
                0
              ],
              "uv": [
                218,
                62
              ]
            },
            {
              "origin": [
                5,
                80,
                -14
              ],
              "size": [
                7,
                14,
                6
              ],
              "pivot": [
                9,
                80,
                -11
              ],
              "rotation": [
                0,
                0,
                5
              ],
              "uv": [
                134,
                245
              ]
            },
            {
              "origin": [
                -12,
                80,
                -14
              ],
              "size": [
                7,
                14,
                6
              ],
              "pivot": [
                -9,
                80,
                -11
              ],
              "rotation": [
                0,
                0,
                -5
              ],
              "uv": [
                0,
                243
              ]
            },
            {
              "origin": [
                -6,
                79,
                -11
              ],
              "size": [
                12,
                11,
                3
              ],
              "uv": [
                245,
                95
              ]
            },
            {
              "origin": [
                -5,
                79.5,
                -18
              ],
              "size": [
                10,
                10,
                7
              ],
              "uv": [
                242,
                200
              ]
            },
            {
              "origin": [
                -4,
                80.5,
                -16
              ],
              "size": [
                8,
                8,
                5
              ],
              "uv": [
                68,
                91
              ]
            }
          ]
        },
        {
          "name": "Head",
          "parent": "Body",
          "pivot": [
            0,
            94,
            0
          ],
          "cubes": [
            {
              "origin": [
                -8,
                93,
                -5
              ],
              "size": [
                15,
                4,
                9
              ],
              "uv": [
                198,
                156
              ]
            },
            {
              "origin": [
                -14,
                97,
                -6
              ],
              "size": [
                27,
                13,
                12
              ],
              "uv": [
                104,
                36
              ]
            },
            {
              "origin": [
                -8,
                110,
                -6
              ],
              "size": [
                15,
                15,
                12
              ],
              "uv": [
                140,
                96
              ]
            }
          ]
        },
        {
          "name": "bone",
          "parent": "Head",
          "pivot": [
            -8,
            95,
            4
          ],
          "cubes": [
            {
              "origin": [
                -16,
                95,
                1
              ],
              "size": [
                12,
                32,
                7
              ],
              "pivot": [
                -8,
                95,
                4
              ],
              "rotation": [
                -20,
                0,
                -7.5
              ],
              "uv": [
                74,
                193
              ]
            }
          ]
        },
        {
          "name": "bone2",
          "parent": "Head",
          "pivot": [
            7,
            95,
            3
          ],
          "cubes": [
            {
              "origin": [
                3,
                95,
                0
              ],
              "size": [
                12,
                32,
                7
              ],
              "pivot": [
                7,
                95,
                3
              ],
              "rotation": [
                -20,
                0,
                7.5
              ],
              "uv": [
                74,
                193
              ]
            }
          ]
        },
        {
          "name": "Rightarm",
          "parent": "Body",
          "pivot": [
            -13,
            92,
            0
          ],
          "cubes": [
            {
              "origin": [
                -23,
                65,
                -6
              ],
              "size": [
                10,
                30,
                10
              ],
              "uv": [
                0,
                153
              ]
            }
          ]
        },
        {
          "name": "bone3",
          "parent": "Rightarm",
          "pivot": [
            -17,
            65,
            0
          ],
          "cubes": [
            {
              "origin": [
                -22,
                30,
                -5
              ],
              "size": [
                9,
                35,
                8
              ],
              "uv": [
                183,
                44
              ]
            }
          ]
        },
        {
          "name": "Leftarm",
          "parent": "Body",
          "pivot": [
            13,
            92,
            0
          ],
          "cubes": [
            {
              "origin": [
                13,
                65,
                -6
              ],
              "size": [
                10,
                30,
                10
              ],
              "uv": [
                124,
                152
              ]
            }
          ]
        },
        {
          "name": "bone4",
          "parent": "Leftarm",
          "pivot": [
            16,
            65,
            0
          ],
          "cubes": [
            {
              "origin": [
                13,
                30,
                -5
              ],
              "size": [
                9,
                35,
                8
              ],
              "uv": [
                175,
                0
              ]
            }
          ]
        },
        {
          "name": "bone12",
          "parent": "bone4",
          "pivot": [
            22,
            47,
            0
          ],
          "cubes": [
            {
              "origin": [
                21,
                43,
                -6.5
              ],
              "size": [
                11,
                8,
                11
              ],
              "uv": [
                15,
                493
              ]
            },
            {
              "origin": [
                21,
                14,
                -6.5
              ],
              "size": [
                11,
                13,
                11
              ],
              "uv": [
                197,
                194
              ]
            },
            {
              "origin": [
                23,
                63,
                -4.5
              ],
              "size": [
                7,
                7,
                7
              ],
              "uv": [
                246,
                243
              ]
            },
            {
              "origin": [
                22,
                7,
                -5.5
              ],
              "size": [
                9,
                7,
                9
              ],
              "uv": [
                177,
                233
              ]
            },
            {
              "origin": [
                22,
                27,
                -5.5
              ],
              "size": [
                9,
                36,
                9
              ],
              "uv": [
                87,
                147
              ]
            },
            {
              "origin": [
                21,
                32,
                -6.5
              ],
              "size": [
                11,
                2,
                11
              ],
              "uv": [
                186,
                219
              ]
            },
            {
              "origin": [
                21,
                29,
                -6.5
              ],
              "size": [
                11,
                2,
                11
              ],
              "uv": [
                186,
                219
              ]
            },
            {
              "origin": [
                21,
                59,
                -6.5
              ],
              "size": [
                11,
                2,
                11
              ],
              "uv": [
                186,
                219
              ]
            },
            {
              "origin": [
                21,
                55,
                -6.5
              ],
              "size": [
                11,
                2,
                11
              ],
              "uv": [
                186,
                219
              ]
            }
          ]
        },
        {
          "name": "bone14",
          "parent": "bone12",
          "pivot": [
            27,
            34,
            0
          ],
          "cubes": [
            {
              "origin": [
                23,
                8,
                -4.5
              ],
              "size": [
                7,
                26,
                7
              ],
              "uv": [
                218,
                28
              ]
            }
          ]
        },
        {
          "name": "bone5",
          "parent": "Body",
          "pivot": [
            0,
            79,
            6
          ],
          "cubes": [
            {
              "origin": [
                -7,
                54,
                6
              ],
              "size": [
                14,
                41,
                14
              ],
              "inflate": 0.02,
              "uv": [
                83,
                91
              ]
            },
            {
              "origin": [
                7,
                58,
                6
              ],
              "size": [
                6,
                36,
                10
              ],
              "inflate": 0.02,
              "uv": [
                41,
                158
              ]
            },
            {
              "origin": [
                -13,
                58,
                6
              ],
              "size": [
                6,
                36,
                10
              ],
              "inflate": 0.02,
              "uv": [
                41,
                158
              ]
            },
            {
              "origin": [
                -22,
                44,
                5
              ],
              "size": [
                10,
                16,
                10
              ],
              "uv": [
                204,
                88
              ]
            },
            {
              "origin": [
                -21,
                60,
                6
              ],
              "size": [
                8,
                34,
                8
              ],
              "uv": [
                0,
                194
              ]
            },
            {
              "origin": [
                -22,
                75,
                5
              ],
              "size": [
                9,
                3,
                10
              ],
              "uv": [
                214,
                236
              ]
            },
            {
              "origin": [
                -22,
                80,
                5
              ],
              "size": [
                9,
                3,
                10
              ],
              "uv": [
                214,
                236
              ]
            },
            {
              "origin": [
                -22,
                85,
                5
              ],
              "size": [
                9,
                5,
                10
              ],
              "uv": [
                62,
                233
              ]
            },
            {
              "origin": [
                -22,
                62,
                5
              ],
              "size": [
                9,
                5,
                10
              ],
              "uv": [
                62,
                233
              ]
            },
            {
              "origin": [
                13,
                60,
                6
              ],
              "size": [
                8,
                34,
                8
              ],
              "uv": [
                113,
                193
              ]
            },
            {
              "origin": [
                12,
                44,
                5
              ],
              "size": [
                10,
                16,
                10
              ],
              "uv": [
                205,
                88
              ]
            },
            {
              "origin": [
                13,
                75,
                5
              ],
              "size": [
                9,
                3,
                10
              ],
              "uv": [
                235,
                81
              ]
            },
            {
              "origin": [
                13,
                80,
                5
              ],
              "size": [
                9,
                3,
                10
              ],
              "uv": [
                235,
                81
              ]
            },
            {
              "origin": [
                13,
                85,
                5
              ],
              "size": [
                9,
                5,
                10
              ],
              "uv": [
                23,
                233
              ]
            },
            {
              "origin": [
                13,
                62,
                5
              ],
              "size": [
                9,
                5,
                10
              ],
              "uv": [
                23,
                233
              ]
            }
          ]
        },
        {
          "name": "bone6",
          "parent": "bone5",
          "pivot": [
            10,
            90,
            16
          ],
          "rotation": [
            25,
            22.5,
            10
          ],
          "cubes": [
            {
              "origin": [
                7,
                88,
                16
              ],
              "size": [
                6,
                6,
                4
              ],
              "inflate": 0.02,
              "uv": [
                245,
                24
              ]
            },
            {
              "origin": [
                8,
                89,
                20
              ],
              "size": [
                4,
                4,
                19
              ],
              "inflate": 0.02,
              "uv": [
                190,
                170
              ]
            },
            {
              "origin": [
                7,
                88,
                30
              ],
              "size": [
                6,
                6,
                4
              ],
              "inflate": 0.02,
              "uv": [
                245,
                24
              ]
            }
          ]
        },
        {
          "name": "bone7",
          "parent": "bone6",
          "pivot": [
            10,
            90,
            39
          ],
          "rotation": [
            47.5,
            0,
            0
          ],
          "cubes": [
            {
              "origin": [
                8,
                89,
                39
              ],
              "size": [
                4,
                4,
                23
              ],
              "inflate": 0.02,
              "uv": [
                0,
                125
              ]
            },
            {
              "origin": [
                7,
                88,
                49
              ],
              "size": [
                6,
                6,
                3
              ],
              "inflate": 0.02,
              "uv": [
                164,
                62
              ]
            }
          ]
        },
        {
          "name": "bone8",
          "parent": "bone7",
          "pivot": [
            10,
            90,
            62
          ],
          "rotation": [
            60,
            0,
            10
          ],
          "cubes": [
            {
              "origin": [
                7,
                87,
                75
              ],
              "size": [
                6,
                8,
                3
              ],
              "inflate": 0.02,
              "uv": [
                64,
                137
              ]
            },
            {
              "origin": [
                8,
                89,
                62
              ],
              "size": [
                4,
                4,
                23
              ],
              "inflate": 0.02,
              "uv": [
                32,
                130
              ]
            },
            {
              "origin": [
                10,
                89,
                62
              ],
              "size": [
                0,
                19,
                51
              ],
              "uv": [
                0,
                0
              ]
            }
          ]
        },
        {
          "name": "bone9",
          "parent": "bone5",
          "pivot": [
            -10,
            90,
            16
          ],
          "rotation": [
            25,
            -22.5,
            -10
          ],
          "cubes": [
            {
              "origin": [
                -13,
                88,
                16
              ],
              "size": [
                6,
                6,
                4
              ],
              "inflate": 0.02,
              "uv": [
                245,
                24
              ]
            },
            {
              "origin": [
                -12,
                89,
                20
              ],
              "size": [
                4,
                4,
                19
              ],
              "inflate": 0.02,
              "uv": [
                190,
                170
              ]
            },
            {
              "origin": [
                -13,
                88,
                30
              ],
              "size": [
                6,
                6,
                4
              ],
              "inflate": 0.02,
              "uv": [
                89,
                0
              ]
            }
          ]
        },
        {
          "name": "bone10",
          "parent": "bone9",
          "pivot": [
            -10,
            90,
            39
          ],
          "rotation": [
            47.5,
            0,
            0
          ],
          "cubes": [
            {
              "origin": [
                -12,
                89,
                39
              ],
              "size": [
                4,
                4,
                23
              ],
              "inflate": 0.02,
              "uv": [
                0,
                125
              ]
            },
            {
              "origin": [
                -13,
                88,
                49
              ],
              "size": [
                6,
                6,
                3
              ],
              "inflate": 0.02,
              "uv": [
                64,
                158
              ]
            }
          ]
        },
        {
          "name": "bone11",
          "parent": "bone10",
          "pivot": [
            -10,
            90,
            62
          ],
          "rotation": [
            60,
            0,
            -10
          ],
          "cubes": [
            {
              "origin": [
                -13,
                87,
                75
              ],
              "size": [
                6,
                8,
                3
              ],
              "inflate": 0.02,
              "uv": [
                64,
                125
              ]
            },
            {
              "origin": [
                -12,
                89,
                62
              ],
              "size": [
                4,
                4,
                23
              ],
              "inflate": 0.02,
              "uv": [
                32,
                130
              ]
            },
            {
              "origin": [
                -10,
                89,
                62
              ],
              "size": [
                0,
                19,
                51
              ],
              "uv": [
                0,
                0
              ]
            }
          ]
        },
        {
          "name": "Leftleg",
          "parent": "Root",
          "pivot": [
            7,
            55,
            0
          ],
          "cubes": [
            {
              "origin": [
                0.5,
                37,
                -5
              ],
              "size": [
                10,
                18,
                9
              ],
              "uv": [
                210,
                0
              ]
            }
          ]
        },
        {
          "name": "bone15",
          "parent": "Leftleg",
          "pivot": [
            6,
            37,
            -1
          ],
          "cubes": [
            {
              "origin": [
                1,
                8,
                -7
              ],
              "size": [
                9,
                16,
                2
              ],
              "uv": [
                0,
                125
              ]
            },
            {
              "origin": [
                1,
                0,
                -5
              ],
              "size": [
                9,
                37,
                9
              ],
              "uv": [
                52,
                0
              ]
            },
            {
              "origin": [
                1,
                0,
                -12
              ],
              "size": [
                9,
                5,
                7
              ],
              "uv": [
                239,
                129
              ]
            }
          ]
        },
        {
          "name": "Rightleg",
          "parent": "Root",
          "pivot": [
            -6,
            55,
            0
          ],
          "cubes": [
            {
              "origin": [
                -10.5,
                37,
                -5
              ],
              "size": [
                10,
                18,
                9
              ],
              "uv": [
                33,
                205
              ]
            }
          ]
        },
        {
          "name": "bone13",
          "parent": "Rightleg",
          "pivot": [
            -6,
            37,
            -1
          ],
          "cubes": [
            {
              "origin": [
                -10,
                0,
                -12
              ],
              "size": [
                9,
                5,
                7
              ],
              "uv": [
                149,
                124
              ]
            },
            {
              "origin": [
                -10,
                0,
                -5
              ],
              "size": [
                9,
                37,
                9
              ],
              "uv": [
                0,
                0
              ]
            },
            {
              "origin": [
                -10,
                8,
                -7
              ],
              "size": [
                9,
                16,
                2
              ],
              "uv": [
                0,
                125
              ]
            }
          ]
        }
      ]
    }
  ]
}