{
  "format_version": "1.12.0",
  "minecraft:geometry": [
    {
      "description": {
        "identifier": "geometry.skibidi_toilet_black_dagger_speakerman",
        "texture_width": 128,
        "texture_height": 128,
        "visible_bounds_width": 3,
        "visible_bounds_height": 4.5,
        "visible_bounds_offset": [
          0,
          1.75,
          0
        ]
      },
      "bones": [
        {
          "name": "Root",
          "pivot": [
            0,
            22,
            0
          ]
        },
        {
          "name": "Body",
          "parent": "Root",
          "pivot": [
            0,
            22,
            0
          ],
          "rotation": [
            2.5,
            0,
            0
          ],
          "cubes": [
            {
              "origin": [
                -4,
                22,
                -4
              ],
              "size": [
                8,
                9,
                6
              ],
              "uv": [
                29,
                25
              ]
            },
            {
              "origin": [
                -5,
                31,
                -4.5
              ],
              "size": [
                10,
                7,
                7
              ],
              "uv": [
                0,
                16
              ]
            }
          ]
        },
        {
          "name": "Leftarm",
          "parent": "Body",
          "pivot": [
            5,
            36,
            -1
          ],
          "rotation": [
            0,
            0,
            -5
          ],
          "cubes": [
            {
              "origin": [
                5,
                27,
                -3
              ],
              "size": [
                4,
                11,
                4
              ],
              "uv": [
                0,
                66
              ]
            }
          ]
        },
        {
          "name": "bone2",
          "parent": "Leftarm",
          "pivot": [
            7,
            27,
            -1
          ],
          "rotation": [
            -5,
            0,
            0
          ],
          "cubes": [
            {
              "origin": [
                7,
                17,
                4
              ],
              "size": [
                0,
                4,
                9
              ],
              "uv": [
                25,
                57
              ]
            },
            {
              "origin": [
                6,
                17,
                -5
              ],
              "size": [
                2,
                2,
                9
              ],
              "uv": [
                12,
                38
              ]
            },
            {
              "origin": [
                5,
                16,
                -3
              ],
              "size": [
                4,
                11,
                4
              ],
              "uv": [
                58,
                58
              ]
            }
          ]
        },
        {
          "name": "Rightarm",
          "parent": "Body",
          "pivot": [
            -5,
            36,
            -1
          ],
          "rotation": [
            0,
            0,
            5
          ],
          "cubes": [
            {
              "origin": [
                -9,
                27,
                -3
              ],
              "size": [
                4,
                11,
                4
              ],
              "uv": [
                58,
                23
              ]
            }
          ]
        },
        {
          "name": "bone",
          "parent": "Rightarm",
          "pivot": [
            -7,
            27,
            -1
          ],
          "rotation": [
            -5,
            0,
            0
          ],
          "cubes": [
            {
              "origin": [
                -9,
                16,
                -3
              ],
              "size": [
                4,
                11,
                4
              ],
              "uv": [
                53,
                41
              ]
            },
            {
              "origin": [
                -8,
                17,
                -5
              ],
              "size": [
                2,
                2,
                9
              ],
              "uv": [
                28,
                7
              ]
            },
            {
              "origin": [
                -7,
                17,
                4
              ],
              "size": [
                0,
                4,
                9
              ],
              "uv": [
                43,
                48
              ]
            }
          ]
        },
        {
          "name": "Head",
          "parent": "Body",
          "pivot": [
            0,
            38,
            1
          ],
          "cubes": [
            {
              "origin": [
                -5,
                39,
                -5
              ],
              "size": [
                10,
                8,
                7
              ],
              "uv": [
                0,
                0
              ]
            },
            {
              "origin": [
                -2,
                38,
                -2
              ],
              "size": [
                4,
                1,
                3
              ],
              "uv": [
                35,
                19
              ]
            },
            {
              "origin": [
                -6,
                44,
                -2.5
              ],
              "size": [
                12,
                4,
                2
              ],
              "uv": [
                28,
                0
              ]
            },
            {
              "origin": [
                -8,
                39,
                -4
              ],
              "size": [
                3,
                5,
                5
              ],
              "uv": [
                70,
                45
              ]
            },
            {
              "origin": [
                5,
                39,
                -4
              ],
              "size": [
                3,
                5,
                5
              ],
              "uv": [
                70,
                34
              ]
            }
          ]
        },
        {
          "name": "bone3",
          "parent": "Body",
          "pivot": [
            0,
            31,
            2
          ],
          "cubes": [
            {
              "origin": [
                -3,
                26,
                1.5
              ],
              "size": [
                6,
                11,
                4
              ],
              "uv": [
                0,
                31
              ]
            },
            {
              "origin": [
                -1,
                31,
                3.5
              ],
              "size": [
                2,
                7,
                3
              ],
              "uv": [
                31,
                71
              ]
            },
            {
              "origin": [
                3,
                25,
                1.5
              ],
              "size": [
                3,
                14,
                3
              ],
              "uv": [
                68,
                0
              ]
            },
            {
              "origin": [
                -6,
                25,
                1.5
              ],
              "size": [
                3,
                14,
                3
              ],
              "uv": [
                44,
                62
              ]
            },
            {
              "origin": [
                -2,
                23,
                1.5
              ],
              "size": [
                4,
                3,
                3
              ],
              "uv": [
                71,
                18
              ]
            }
          ]
        },
        {
          "name": "bone4",
          "parent": "bone3",
          "pivot": [
            -4.5,
            38,
            3
          ],
          "cubes": [
            {
              "origin": [
                -4.5,
                25,
                1.5
              ],
              "size": [
                0,
                13,
                3
              ],
              "uv": [
                122,
                -3
              ]
            },
            {
              "origin": [
                -6,
                25,
                3
              ],
              "size": [
                3,
                13,
                0
              ],
              "uv": [
                122,
                0
              ]
            }
          ]
        },
        {
          "name": "bone5",
          "parent": "bone3",
          "pivot": [
            4.5,
            38,
            3
          ],
          "cubes": [
            {
              "origin": [
                3,
                25,
                3
              ],
              "size": [
                3,
                13,
                0
              ],
              "uv": [
                0,
                115
              ]
            },
            {
              "origin": [
                4.5,
                25,
                1.5
              ],
              "size": [
                0,
                13,
                3
              ],
              "uv": [
                0,
                112
              ]
            }
          ]
        },
        {
          "name": "Leftleg",
          "parent": "Root",
          "pivot": [
            2,
            22,
            0
          ],
          "rotation": [
            -5,
            0,
            -2.5
          ],
          "cubes": [
            {
              "origin": [
                0,
                11,
                -3
              ],
              "size": [
                4,
                11,
                4
              ],
              "uv": [
                51,
                7
              ]
            }
          ]
        },
        {
          "name": "bone6",
          "parent": "Leftleg",
          "pivot": [
            2,
            11,
            -1
          ],
          "rotation": [
            7.5,
            0,
            0
          ],
          "cubes": [
            {
              "origin": [
                0,
                -0.13053,
                -3.00856
              ],
              "size": [
                4,
                11,
                4
              ],
              "uv": [
                17,
                50
              ]
            }
          ]
        },
        {
          "name": "Rightleg",
          "parent": "Root",
          "pivot": [
            -2,
            22,
            0
          ],
          "rotation": [
            -5,
            0,
            2.5
          ],
          "cubes": [
            {
              "origin": [
                -4,
                11,
                -3
              ],
              "size": [
                4,
                11,
                4
              ],
              "uv": [
                0,
                50
              ]
            }
          ]
        },
        {
          "name": "bone7",
          "parent": "Rightleg",
          "pivot": [
            -2,
            11,
            -1
          ],
          "rotation": [
            7.5,
            0,
            0
          ],
          "cubes": [
            {
              "origin": [
                -4,
                -0.13053,
                -3.00856
              ],
              "size": [
                4,
                11,
                4
              ],
              "uv": [
                35,
                41
              ]
            }
          ]
        }
      ]
    }
  ]
}