{
  "format_version": "1.12.0",
  "minecraft:geometry": [
    {
      "description": {
        "identifier": "geometry.skibidi_toilet_gauntlet_speaker_man",
        "texture_width": 128,
        "texture_height": 128,
        "visible_bounds_width": 3,
        "visible_bounds_height": 4.5,
        "visible_bounds_offset": [
          0,
          1.75,
          0
        ]
      },
      "bones": [
        {
          "name": "bone8",
          "pivot": [
            0,
            22,
            0
          ]
        },
        {
          "name": "Rightleg",
          "parent": "bone8",
          "pivot": [
            -2,
            22,
            0
          ],
          "cubes": [
            {
              "origin": [
                -5,
                11,
                -1.5
              ],
              "size": [
                5,
                11,
                5
              ],
              "uv": [
                21,
                62
              ]
            }
          ]
        },
        {
          "name": "bone5",
          "parent": "Rightleg",
          "pivot": [
            -2,
            11,
            1
          ],
          "cubes": [
            {
              "origin": [
                -5,
                5,
                -2.5
              ],
              "size": [
                5,
                6,
                1
              ],
              "uv": [
                89,
                68
              ]
            },
            {
              "origin": [
                -5,
                0,
                -4.5
              ],
              "size": [
                5,
                3,
                3
              ],
              "uv": [
                85,
                61
              ]
            },
            {
              "origin": [
                -5,
                0,
                -1.5
              ],
              "size": [
                5,
                11,
                5
              ],
              "uv": [
                57,
                12
              ]
            }
          ]
        },
        {
          "name": "Body",
          "parent": "bone8",
          "pivot": [
            0,
            22,
            0
          ],
          "cubes": [
            {
              "origin": [
                -6,
                30,
                -3
              ],
              "size": [
                12,
                10,
                7
              ],
              "uv": [
                0,
                18
              ]
            },
            {
              "origin": [
                -5,
                22,
                -3
              ],
              "size": [
                10,
                8,
                7
              ],
              "uv": [
                32,
                29
              ]
            }
          ]
        },
        {
          "name": "Head",
          "parent": "Body",
          "pivot": [
            0,
            40,
            0
          ],
          "cubes": [
            {
              "origin": [
                -6,
                41,
                -4
              ],
              "size": [
                12,
                9,
                8
              ],
              "uv": [
                0,
                0
              ]
            },
            {
              "origin": [
                -2,
                47,
                -5
              ],
              "size": [
                4,
                4,
                7
              ],
              "uv": [
                62,
                0
              ]
            },
            {
              "origin": [
                -3,
                40,
                -2
              ],
              "size": [
                6,
                1,
                5
              ],
              "uv": [
                32,
                18
              ]
            },
            {
              "origin": [
                -9,
                41,
                -2
              ],
              "size": [
                3,
                9,
                4
              ],
              "uv": [
                68,
                79
              ]
            },
            {
              "origin": [
                6,
                41,
                -2
              ],
              "size": [
                3,
                9,
                4
              ],
              "uv": [
                17,
                79
              ]
            }
          ]
        },
        {
          "name": "Left_arm",
          "parent": "Body",
          "pivot": [
            6,
            38,
            1
          ],
          "cubes": [
            {
              "origin": [
                6,
                30,
                -1
              ],
              "size": [
                4,
                10,
                4
              ],
              "uv": [
                78,
                12
              ]
            }
          ]
        },
        {
          "name": "bone",
          "parent": "Left_arm",
          "pivot": [
            8,
            30,
            1
          ],
          "cubes": [
            {
              "origin": [
                6,
                18,
                -1
              ],
              "size": [
                4,
                12,
                4
              ],
              "uv": [
                0,
                71
              ]
            }
          ]
        },
        {
          "name": "bone2",
          "parent": "bone",
          "pivot": [
            8,
            25,
            1
          ],
          "cubes": [
            {
              "origin": [
                8,
                20,
                -2
              ],
              "size": [
                4,
                10,
                6
              ],
              "uv": [
                0,
                54
              ]
            },
            {
              "origin": [
                6,
                23,
                -1
              ],
              "size": [
                2,
                3,
                4
              ],
              "inflate": 0.03,
              "uv": [
                0,
                88
              ]
            }
          ]
        },
        {
          "name": "bone9",
          "parent": "bone2",
          "pivot": [
            12,
            20,
            0
          ],
          "cubes": [
            {
              "origin": [
                8,
                17,
                -1.5
              ],
              "size": [
                4,
                3,
                5
              ],
              "uv": [
                0,
                120
              ]
            }
          ]
        },
        {
          "name": "Rightarm",
          "parent": "Body",
          "pivot": [
            -6,
            38,
            1
          ],
          "cubes": [
            {
              "origin": [
                -10,
                30,
                -1
              ],
              "size": [
                4,
                10,
                4
              ],
              "uv": [
                72,
                64
              ]
            }
          ]
        },
        {
          "name": "bone4",
          "parent": "Rightarm",
          "pivot": [
            -8,
            30,
            1
          ],
          "cubes": [
            {
              "origin": [
                -10,
                18,
                -1
              ],
              "size": [
                4,
                12,
                4
              ],
              "uv": [
                69,
                47
              ]
            }
          ]
        },
        {
          "name": "bone3",
          "parent": "bone4",
          "pivot": [
            -8,
            25,
            1
          ],
          "cubes": [
            {
              "origin": [
                -12,
                20,
                -2
              ],
              "size": [
                4,
                10,
                6
              ],
              "uv": [
                48,
                45
              ]
            },
            {
              "origin": [
                -8,
                23,
                -1
              ],
              "size": [
                2,
                3,
                4
              ],
              "inflate": 0.02,
              "uv": [
                83,
                87
              ]
            }
          ]
        },
        {
          "name": "bone10",
          "parent": "bone3",
          "pivot": [
            -12,
            20,
            1
          ],
          "cubes": [
            {
              "origin": [
                -12,
                17,
                -1.5
              ],
              "size": [
                4,
                3,
                5
              ],
              "uv": [
                110,
                120
              ]
            }
          ]
        },
        {
          "name": "bone7",
          "parent": "Body",
          "pivot": [
            0,
            37,
            5
          ],
          "cubes": [
            {
              "origin": [
                -4,
                27,
                4
              ],
              "size": [
                9,
                13,
                4
              ],
              "uv": [
                0,
                36
              ]
            },
            {
              "origin": [
                -1,
                24,
                8
              ],
              "size": [
                3,
                19,
                3
              ],
              "uv": [
                42,
                62
              ]
            },
            {
              "origin": [
                -8,
                27,
                4
              ],
              "size": [
                4,
                13,
                4
              ],
              "uv": [
                67,
                29
              ]
            },
            {
              "origin": [
                5,
                27,
                4
              ],
              "size": [
                4,
                13,
                4
              ],
              "uv": [
                67,
                29
              ]
            },
            {
              "origin": [
                -8.5,
                40,
                4
              ],
              "size": [
                5,
                3,
                4
              ],
              "uv": [
                84,
                27
              ]
            },
            {
              "origin": [
                4.5,
                40,
                4
              ],
              "size": [
                5,
                3,
                4
              ],
              "uv": [
                84,
                27
              ]
            },
            {
              "origin": [
                -8.5,
                24,
                4
              ],
              "size": [
                5,
                3,
                4
              ],
              "uv": [
                83,
                79
              ]
            },
            {
              "origin": [
                4.5,
                24,
                4
              ],
              "size": [
                5,
                3,
                4
              ],
              "uv": [
                83,
                79
              ]
            }
          ]
        },
        {
          "name": "Leftleg",
          "parent": "bone8",
          "pivot": [
            3,
            22,
            0
          ],
          "cubes": [
            {
              "origin": [
                0,
                11,
                -1.5
              ],
              "size": [
                5,
                11,
                5
              ],
              "uv": [
                27,
                45
              ]
            }
          ]
        },
        {
          "name": "bone6",
          "parent": "Leftleg",
          "pivot": [
            3,
            11,
            1
          ],
          "cubes": [
            {
              "origin": [
                0,
                0,
                -1.5
              ],
              "size": [
                5,
                11,
                5
              ],
              "uv": [
                41,
                0
              ]
            },
            {
              "origin": [
                0,
                5,
                -2.5
              ],
              "size": [
                5,
                6,
                1
              ],
              "uv": [
                86,
                51
              ]
            },
            {
              "origin": [
                0,
                0,
                -4.5
              ],
              "size": [
                5,
                3,
                3
              ],
              "uv": [
                51,
                85
              ]
            }
          ]
        }
      ]
    }
  ]
}