{
  "format_version": "1.12.0",
  "minecraft:geometry": [
    {
      "description": {
        "identifier": "geometry.skibidi_toilet_titan_tv_man_nightmare",
        "texture_width": 256,
        "texture_height": 256,
        "visible_bounds_width": 5,
        "visible_bounds_height": 7,
        "visible_bounds_offset": [
          0,
          2.5,
          0
        ]
      },
      "bones": [
        {
          "name": "Root",
          "pivot": [
            0,
            33,
            0
          ]
        },
        {
          "name": "Body",
          "parent": "Root",
          "pivot": [
            0,
            33,
            0
          ],
          "cubes": [
            {
              "origin": [
                -7,
                33,
                -5
              ],
              "size": [
                14,
                14,
                11
              ],
              "uv": [
                73,
                68
              ]
            },
            {
              "origin": [
                -8,
                47,
                -6
              ],
              "size": [
                16,
                15,
                12
              ],
              "uv": [
                27,
                51
              ]
            },
            {
              "origin": [
                -5,
                50,
                -11
              ],
              "size": [
                10,
                2,
                5
              ],
              "pivot": [
                0,
                50,
                -6
              ],
              "rotation": [
                -5,
                0,
                0
              ],
              "uv": [
                150,
                131
              ]
            },
            {
              "origin": [
                -5,
                60,
                -11
              ],
              "size": [
                10,
                2,
                5
              ],
              "pivot": [
                0,
                60,
                -6
              ],
              "rotation": [
                10,
                0,
                0
              ],
              "uv": [
                75,
                24
              ]
            },
            {
              "origin": [
                -4,
                47,
                -7
              ],
              "size": [
                8,
                6,
                4
              ],
              "pivot": [
                0,
                34,
                1
              ],
              "rotation": [
                5,
                0,
                0
              ],
              "uv": [
                14,
                51
              ]
            },
            {
              "origin": [
                4,
                52,
                -12
              ],
              "size": [
                2,
                8,
                6
              ],
              "pivot": [
                5,
                56,
                -6
              ],
              "rotation": [
                0,
                7.5,
                0
              ],
              "uv": [
                101,
                167
              ]
            },
            {
              "origin": [
                -6,
                52,
                -12
              ],
              "size": [
                2,
                8,
                6
              ],
              "pivot": [
                -5,
                56,
                -6
              ],
              "rotation": [
                0,
                -7.5,
                0
              ],
              "uv": [
                163,
                139
              ]
            },
            {
              "origin": [
                -4,
                52,
                -10
              ],
              "size": [
                8,
                8,
                4
              ],
              "uv": [
                23,
                161
              ]
            },
            {
              "origin": [
                -7,
                50,
                -9
              ],
              "size": [
                2,
                13,
                3
              ],
              "uv": [
                129,
                172
              ]
            },
            {
              "origin": [
                5,
                50,
                -9
              ],
              "size": [
                2,
                13,
                3
              ],
              "uv": [
                118,
                172
              ]
            }
          ]
        },
        {
          "name": "Head",
          "parent": "Body",
          "pivot": [
            0,
            62,
            -1
          ],
          "cubes": [
            {
              "origin": [
                -5,
                62,
                -4
              ],
              "size": [
                10,
                1,
                7
              ],
              "uv": [
                150,
                29
              ]
            },
            {
              "origin": [
                -9,
                63,
                -6
              ],
              "size": [
                18,
                14,
                9
              ],
              "uv": [
                52,
                0
              ]
            },
            {
              "origin": [
                -7,
                64,
                3
              ],
              "size": [
                14,
                10,
                3
              ],
              "uv": [
                143,
                117
              ]
            }
          ]
        },
        {
          "name": "bone9",
          "parent": "Head",
          "pivot": [
            0,
            67,
            -2
          ],
          "cubes": [
            {
              "origin": [
                -8,
                64,
                -2
              ],
              "size": [
                16,
                12,
                0
              ],
              "uv": [
                130,
                102
              ]
            }
          ]
        },
        {
          "name": "bone3",
          "parent": "Body",
          "pivot": [
            0,
            50,
            6
          ],
          "cubes": [
            {
              "origin": [
                -7,
                37,
                6
              ],
              "size": [
                14,
                22,
                7
              ],
              "uv": [
                0,
                0
              ]
            },
            {
              "origin": [
                2,
                47,
                6
              ],
              "size": [
                7,
                13,
                8
              ],
              "uv": [
                127,
                31
              ]
            },
            {
              "origin": [
                9,
                30,
                7
              ],
              "size": [
                6,
                32,
                6
              ],
              "uv": [
                105,
                94
              ]
            },
            {
              "origin": [
                -9,
                47,
                6
              ],
              "size": [
                7,
                13,
                8
              ],
              "uv": [
                52,
                24
              ]
            },
            {
              "origin": [
                -15,
                30,
                7
              ],
              "size": [
                6,
                32,
                6
              ],
              "uv": [
                105,
                94
              ]
            },
            {
              "origin": [
                -15,
                33,
                7
              ],
              "size": [
                6,
                11,
                6
              ],
              "inflate": 0.05,
              "uv": [
                232,
                239
              ]
            },
            {
              "origin": [
                9,
                33,
                7
              ],
              "size": [
                6,
                11,
                6
              ],
              "inflate": 0.05,
              "uv": [
                232,
                239
              ]
            },
            {
              "origin": [
                -7,
                33,
                6
              ],
              "size": [
                14,
                4,
                5
              ],
              "uv": [
                132,
                19
              ]
            }
          ]
        },
        {
          "name": "bone10",
          "parent": "bone3",
          "pivot": [
            12,
            47,
            10
          ],
          "cubes": [
            {
              "origin": [
                9,
                30,
                10
              ],
              "size": [
                6,
                17,
                0
              ],
              "uv": [
                166,
                6
              ]
            },
            {
              "origin": [
                12,
                30,
                7
              ],
              "size": [
                0,
                17,
                6
              ],
              "uv": [
                166,
                0
              ]
            }
          ]
        },
        {
          "name": "bone11",
          "parent": "bone3",
          "pivot": [
            -12,
            47,
            10
          ],
          "cubes": [
            {
              "origin": [
                -15,
                30,
                10
              ],
              "size": [
                6,
                17,
                0
              ],
              "uv": [
                164,
                168
              ]
            },
            {
              "origin": [
                -12,
                30,
                7
              ],
              "size": [
                0,
                17,
                6
              ],
              "uv": [
                164,
                162
              ]
            }
          ]
        },
        {
          "name": "leftarm",
          "parent": "Body",
          "pivot": [
            8,
            61,
            0
          ],
          "cubes": [
            {
              "origin": [
                8,
                48,
                -3
              ],
              "size": [
                6,
                13,
                7
              ],
              "uv": [
                151,
                67
              ]
            },
            {
              "origin": [
                8,
                56,
                -4
              ],
              "size": [
                7,
                7,
                9
              ],
              "uv": [
                24,
                144
              ]
            },
            {
              "origin": [
                10,
                63,
                2
              ],
              "size": [
                3,
                12,
                3
              ],
              "pivot": [
                11,
                63,
                3
              ],
              "rotation": [
                7.5,
                0,
                5
              ],
              "uv": [
                59,
                172
              ]
            },
            {
              "origin": [
                10.5,
                58,
                -5
              ],
              "size": [
                2,
                9,
                8
              ],
              "inflate": 0.02,
              "pivot": [
                10,
                55,
                4
              ],
              "rotation": [
                7.5,
                0,
                0
              ],
              "uv": [
                80,
                159
              ]
            }
          ]
        },
        {
          "name": "bone4",
          "parent": "leftarm",
          "pivot": [
            11,
            48,
            0
          ],
          "cubes": [
            {
              "origin": [
                8,
                24,
                -2.5
              ],
              "size": [
                6,
                24,
                6
              ],
              "uv": [
                75,
                122
              ]
            }
          ]
        },
        {
          "name": "bone5",
          "parent": "bone4",
          "pivot": [
            14,
            38,
            0
          ],
          "cubes": [
            {
              "origin": [
                14,
                33,
                -1.5
              ],
              "size": [
                4,
                12,
                4
              ],
              "uv": [
                167,
                98
              ]
            },
            {
              "origin": [
                18,
                29,
                -3.5
              ],
              "size": [
                7,
                19,
                8
              ],
              "uv": [
                19,
                107
              ]
            },
            {
              "origin": [
                25,
                38,
                -0.5
              ],
              "size": [
                2,
                7,
                2
              ],
              "uv": [
                0,
                30
              ]
            },
            {
              "origin": [
                28,
                30,
                -0.5
              ],
              "size": [
                2,
                18,
                2
              ],
              "uv": [
                154,
                168
              ]
            },
            {
              "origin": [
                27,
                40,
                -1.5
              ],
              "size": [
                4,
                4,
                4
              ],
              "uv": [
                100,
                133
              ]
            },
            {
              "origin": [
                17,
                30,
                -4.5
              ],
              "size": [
                9,
                2,
                10
              ],
              "uv": [
                130,
                89
              ]
            },
            {
              "origin": [
                17,
                12,
                -4.5
              ],
              "size": [
                9,
                17,
                10
              ],
              "uv": [
                66,
                94
              ]
            },
            {
              "origin": [
                17,
                33,
                -4.5
              ],
              "size": [
                9,
                2,
                10
              ],
              "uv": [
                130,
                89
              ]
            },
            {
              "origin": [
                17,
                4,
                -3.5
              ],
              "size": [
                1,
                8,
                8
              ],
              "pivot": [
                17,
                12,
                0
              ],
              "rotation": [
                0,
                0,
                -5
              ],
              "uv": [
                40,
                166
              ]
            },
            {
              "origin": [
                19,
                48,
                -2.5
              ],
              "size": [
                5,
                12,
                6
              ],
              "uv": [
                57,
                153
              ]
            },
            {
              "origin": [
                25,
                4,
                -3.5
              ],
              "size": [
                1,
                8,
                8
              ],
              "pivot": [
                25,
                12,
                0
              ],
              "rotation": [
                0,
                0,
                5
              ],
              "uv": [
                0,
                115
              ]
            },
            {
              "origin": [
                18,
                4,
                -4.5
              ],
              "size": [
                7,
                8,
                1
              ],
              "pivot": [
                21,
                12,
                -4
              ],
              "rotation": [
                5,
                0,
                0
              ],
              "uv": [
                55,
                79
              ]
            },
            {
              "origin": [
                18,
                4,
                4.5
              ],
              "size": [
                7,
                8,
                1
              ],
              "pivot": [
                21,
                12,
                5
              ],
              "rotation": [
                -7.5,
                0,
                0
              ],
              "uv": [
                29,
                30
              ]
            }
          ]
        },
        {
          "name": "bone6",
          "parent": "bone5",
          "pivot": [
            22,
            27,
            0
          ],
          "cubes": [
            {
              "origin": [
                19,
                14,
                -2.5
              ],
              "size": [
                5,
                13,
                6
              ],
              "uv": [
                0,
                152
              ]
            }
          ]
        },
        {
          "name": "Rightarm",
          "parent": "Body",
          "pivot": [
            -8,
            61,
            0
          ],
          "cubes": [
            {
              "origin": [
                -14,
                48,
                -3
              ],
              "size": [
                6,
                13,
                7
              ],
              "uv": [
                151,
                67
              ],
              "mirror": true
            },
            {
              "origin": [
                -15,
                56,
                -4
              ],
              "size": [
                7,
                7,
                9
              ],
              "uv": [
                0,
                135
              ]
            },
            {
              "origin": [
                -12.5,
                58,
                -5
              ],
              "size": [
                2,
                9,
                8
              ],
              "inflate": 0.02,
              "pivot": [
                -12,
                55,
                4
              ],
              "rotation": [
                7.5,
                0,
                0
              ],
              "uv": [
                120,
                154
              ]
            },
            {
              "origin": [
                -13,
                63,
                2
              ],
              "size": [
                3,
                12,
                3
              ],
              "pivot": [
                -12,
                63,
                3
              ],
              "rotation": [
                7.5,
                0,
                -5
              ],
              "uv": [
                13,
                172
              ]
            }
          ]
        },
        {
          "name": "bone",
          "parent": "Rightarm",
          "pivot": [
            -11,
            48,
            0
          ],
          "cubes": [
            {
              "origin": [
                -14,
                24,
                -2.5
              ],
              "size": [
                6,
                24,
                6
              ],
              "uv": [
                75,
                122
              ],
              "mirror": true
            }
          ]
        },
        {
          "name": "bone2",
          "parent": "bone",
          "pivot": [
            -11,
            26,
            2
          ],
          "rotation": [
            -5,
            0,
            0
          ],
          "cubes": [
            {
              "origin": [
                -12,
                25,
                -27.5
              ],
              "size": [
                2,
                3,
                47
              ],
              "uv": [
                0,
                0
              ]
            },
            {
              "origin": [
                -13,
                24,
                -23.5
              ],
              "size": [
                4,
                5,
                2
              ],
              "uv": [
                72,
                51
              ]
            },
            {
              "origin": [
                -13,
                23,
                -26.5
              ],
              "size": [
                4,
                7,
                2
              ],
              "uv": [
                0,
                51
              ]
            },
            {
              "origin": [
                -11,
                -10,
                -40.5
              ],
              "size": [
                0,
                50,
                13
              ],
              "uv": [
                0,
                193
              ]
            },
            {
              "origin": [
                -13,
                23,
                -38.5
              ],
              "size": [
                4,
                7,
                11
              ],
              "uv": [
                132,
                0
              ]
            }
          ]
        },
        {
          "name": "Leftleg",
          "parent": "Root",
          "pivot": [
            4,
            33,
            0
          ],
          "cubes": [
            {
              "origin": [
                1,
                20,
                -3
              ],
              "size": [
                6,
                13,
                7
              ],
              "uv": [
                143,
                147
              ]
            },
            {
              "origin": [
                0,
                18,
                -5
              ],
              "size": [
                8,
                16,
                11
              ],
              "pivot": [
                7,
                34,
                0
              ],
              "rotation": [
                0,
                0,
                -5
              ],
              "uv": [
                88,
                40
              ]
            }
          ]
        },
        {
          "name": "bone8",
          "parent": "Leftleg",
          "pivot": [
            4,
            20,
            0
          ],
          "cubes": [
            {
              "origin": [
                1,
                0,
                -3
              ],
              "size": [
                6,
                20,
                7
              ],
              "uv": [
                123,
                126
              ]
            }
          ]
        },
        {
          "name": "Rightleg",
          "parent": "Root",
          "pivot": [
            -4,
            33,
            0
          ],
          "cubes": [
            {
              "origin": [
                -7,
                20,
                -3
              ],
              "size": [
                6,
                13,
                7
              ],
              "uv": [
                93,
                146
              ]
            },
            {
              "origin": [
                -8,
                18,
                -5
              ],
              "size": [
                8,
                16,
                11
              ],
              "pivot": [
                -7,
                34,
                0
              ],
              "rotation": [
                0,
                0,
                5
              ],
              "uv": [
                27,
                79
              ]
            }
          ]
        },
        {
          "name": "bone7",
          "parent": "Rightleg",
          "pivot": [
            -5,
            20,
            0
          ],
          "cubes": [
            {
              "origin": [
                -7,
                0,
                -3
              ],
              "size": [
                6,
                20,
                7
              ],
              "uv": [
                124,
                61
              ]
            }
          ]
        }
      ]
    }
  ]
}