{
  "format_version": "1.12.0",
  "minecraft:geometry": [
    {
      "description": {
        "identifier": "geometry.skibidi_toilet_double_buzz_saw_arm_toilet_man",
        "texture_width": 256,
        "texture_height": 256,
        "visible_bounds_width": 3,
        "visible_bounds_height": 6.5,
        "visible_bounds_offset": [
          0,
          2.75,
          0
        ]
      },
      "bones": [
        {
          "name": "bone17",
          "pivot": [
            0,
            37,
            0
          ]
        },
        {
          "name": "bone",
          "parent": "bone17",
          "pivot": [
            0,
            30,
            0
          ],
          "cubes": [
            {
              "origin": [
                -5,
                43,
                -6
              ],
              "size": [
                10,
                5,
                13
              ],
              "uv": [
                45,
                29
              ]
            },
            {
              "origin": [
                -6,
                30,
                -5
              ],
              "size": [
                12,
                22,
                10
              ],
              "uv": [
                0,
                29
              ]
            },
            {
              "origin": [
                -8,
                48,
                -8
              ],
              "size": [
                16,
                9,
                19
              ],
              "uv": [
                0,
                0
              ]
            },
            {
              "origin": [
                -7,
                52,
                11
              ],
              "size": [
                14,
                20,
                4
              ],
              "uv": [
                45,
                48
              ]
            }
          ]
        },
        {
          "name": "bone6",
          "parent": "bone",
          "pivot": [
            0,
            57,
            0
          ],
          "cubes": [
            {
              "origin": [
                -3,
                57,
                -2
              ],
              "size": [
                6,
                8,
                6
              ],
              "uv": [
                112,
                72
              ]
            }
          ]
        },
        {
          "name": "bone2",
          "parent": "bone6",
          "pivot": [
            0,
            65,
            0
          ],
          "cubes": [
            {
              "origin": [
                -5,
                65,
                -4
              ],
              "size": [
                10,
                12,
                9
              ],
              "inflate": -0.02,
              "uv": [
                0,
                62
              ]
            },
            {
              "origin": [
                -1,
                69,
                -4.5
              ],
              "size": [
                2,
                5,
                1
              ],
              "inflate": -0.02,
              "pivot": [
                0,
                70,
                -4
              ],
              "rotation": [
                -7.5,
                0,
                0
              ],
              "uv": [
                202,
                55
              ]
            }
          ]
        },
        {
          "name": "bone5",
          "parent": "bone2",
          "pivot": [
            -3,
            72,
            -4
          ],
          "cubes": [
            {
              "origin": [
                -5,
                72,
                -4
              ],
              "size": [
                4,
                1,
                0
              ],
              "inflate": -0.01,
              "uv": [
                0,
                3
              ]
            }
          ]
        },
        {
          "name": "bone4",
          "parent": "bone2",
          "pivot": [
            3,
            72,
            -4
          ],
          "cubes": [
            {
              "origin": [
                1,
                72,
                -4
              ],
              "size": [
                4,
                1,
                0
              ],
              "inflate": -0.01,
              "uv": [
                0,
                5
              ]
            }
          ]
        },
        {
          "name": "bone3",
          "parent": "bone2",
          "pivot": [
            0,
            65,
            -4
          ],
          "cubes": [
            {
              "origin": [
                -3,
                65,
                -4
              ],
              "size": [
                6,
                2,
                0
              ],
              "uv": [
                0,
                0
              ]
            }
          ]
        },
        {
          "name": "bone7",
          "parent": "bone",
          "pivot": [
            6,
            50,
            0
          ],
          "rotation": [
            0,
            0,
            -7.5
          ],
          "cubes": [
            {
              "origin": [
                6,
                41,
                -3
              ],
              "size": [
                6,
                11,
                6
              ],
              "uv": [
                100,
                108
              ]
            }
          ]
        },
        {
          "name": "bone8",
          "parent": "bone7",
          "pivot": [
            9,
            41,
            0
          ],
          "rotation": [
            -22.5,
            0,
            0
          ],
          "cubes": [
            {
              "origin": [
                7,
                11,
                -2
              ],
              "size": [
                4,
                30,
                4
              ],
              "uv": [
                83,
                88
              ]
            },
            {
              "origin": [
                9,
                21,
                -7
              ],
              "size": [
                0,
                2,
                14
              ],
              "uv": [
                100,
                91
              ]
            }
          ]
        },
        {
          "name": "bone9",
          "parent": "bone8",
          "pivot": [
            9,
            12,
            0
          ],
          "cubes": [
            {
              "origin": [
                8,
                7,
                -5
              ],
              "size": [
                2,
                10,
                10
              ],
              "uv": [
                38,
                99
              ]
            },
            {
              "origin": [
                9,
                5,
                -7
              ],
              "size": [
                0,
                14,
                14
              ],
              "uv": [
                54,
                74
              ]
            }
          ]
        },
        {
          "name": "bone10",
          "parent": "bone",
          "pivot": [
            -6,
            50,
            0
          ],
          "rotation": [
            0,
            0,
            7.5
          ],
          "cubes": [
            {
              "origin": [
                -12,
                41,
                -3
              ],
              "size": [
                6,
                11,
                6
              ],
              "uv": [
                106,
                0
              ]
            }
          ]
        },
        {
          "name": "bone11",
          "parent": "bone10",
          "pivot": [
            -9,
            41,
            0
          ],
          "rotation": [
            -22.5,
            0,
            0
          ],
          "cubes": [
            {
              "origin": [
                -11,
                11,
                -2
              ],
              "size": [
                4,
                30,
                4
              ],
              "uv": [
                0,
                84
              ]
            },
            {
              "origin": [
                -9,
                21,
                -7
              ],
              "size": [
                0,
                2,
                14
              ],
              "uv": [
                96,
                74
              ]
            }
          ]
        },
        {
          "name": "bone12",
          "parent": "bone11",
          "pivot": [
            -9,
            12,
            0
          ],
          "cubes": [
            {
              "origin": [
                -10,
                7,
                -5
              ],
              "size": [
                2,
                10,
                10
              ],
              "uv": [
                97,
                50
              ]
            },
            {
              "origin": [
                -9,
                5,
                -7
              ],
              "size": [
                0,
                14,
                14
              ],
              "uv": [
                0,
                147
              ]
            }
          ]
        },
        {
          "name": "bone13",
          "parent": "bone17",
          "pivot": [
            4,
            30,
            0
          ],
          "cubes": [
            {
              "origin": [
                1,
                19,
                -3
              ],
              "size": [
                5,
                11,
                6
              ],
              "uv": [
                113,
                36
              ]
            },
            {
              "origin": [
                -1,
                17,
                -5
              ],
              "size": [
                7,
                14,
                10
              ],
              "pivot": [
                6,
                31,
                0
              ],
              "rotation": [
                0,
                0,
                -5
              ],
              "uv": [
                72,
                63
              ]
            }
          ]
        },
        {
          "name": "bone14",
          "parent": "bone13",
          "pivot": [
            3,
            19,
            0
          ],
          "cubes": [
            {
              "origin": [
                1,
                0,
                -2
              ],
              "size": [
                5,
                19,
                5
              ],
              "uv": [
                17,
                99
              ]
            },
            {
              "origin": [
                1,
                0,
                -7
              ],
              "size": [
                5,
                3,
                5
              ],
              "uv": [
                52,
                0
              ]
            }
          ]
        },
        {
          "name": "bone16",
          "parent": "bone17",
          "pivot": [
            -4,
            30,
            0
          ],
          "cubes": [
            {
              "origin": [
                -6,
                19,
                -3
              ],
              "size": [
                5,
                11,
                6
              ],
              "uv": [
                113,
                36
              ]
            },
            {
              "origin": [
                -6,
                17,
                -5
              ],
              "size": [
                7,
                14,
                10
              ],
              "pivot": [
                -6,
                31,
                0
              ],
              "rotation": [
                0,
                0,
                5
              ],
              "uv": [
                71,
                0
              ]
            }
          ]
        },
        {
          "name": "bone15",
          "parent": "bone16",
          "pivot": [
            -4,
            19,
            0
          ],
          "cubes": [
            {
              "origin": [
                -6,
                0,
                -2
              ],
              "size": [
                5,
                19,
                5
              ],
              "uv": [
                17,
                99
              ]
            },
            {
              "origin": [
                -6,
                0,
                -7
              ],
              "size": [
                5,
                3,
                5
              ],
              "uv": [
                52,
                0
              ]
            }
          ]
        }
      ]
    }
  ]
}