{
  "format_version": "1.12.0",
  "minecraft:geometry": [
    {
      "description": {
        "identifier": "geometry.skibidi_toilet_giant_crawler_toilet",
        "texture_width": 256,
        "texture_height": 256,
        "visible_bounds_width": 6,
        "visible_bounds_height": 5.5,
        "visible_bounds_offset": [
          0,
          2.25,
          0
        ]
      },
      "bones": [
        {
          "name": "bone18",
          "pivot": [
            0,
            0,
            0
          ]
        },
        {
          "name": "bone17",
          "parent": "bone18",
          "pivot": [
            7,
            23,
            6
          ],
          "cubes": [
            {
              "origin": [
                7,
                20,
                5
              ],
              "size": [
                12,
                3,
                3
              ],
              "pivot": [
                7,
                23,
                6
              ],
              "rotation": [
                0,
                -37.5,
                0
              ],
              "uv": [
                105,
                79
              ]
            },
            {
              "origin": [
                16,
                0,
                5
              ],
              "size": [
                3,
                20,
                3
              ],
              "pivot": [
                7,
                23,
                6
              ],
              "rotation": [
                0,
                -37.5,
                0
              ],
              "uv": [
                56,
                112
              ]
            },
            {
              "origin": [
                12,
                0,
                5
              ],
              "size": [
                4,
                2,
                3
              ],
              "pivot": [
                7,
                23,
                6
              ],
              "rotation": [
                0,
                -37.5,
                0
              ],
              "uv": [
                0,
                30
              ]
            }
          ]
        },
        {
          "name": "bone15",
          "parent": "bone18",
          "pivot": [
            -6,
            23,
            -7
          ],
          "cubes": [
            {
              "origin": [
                -18,
                0,
                -8
              ],
              "size": [
                3,
                20,
                3
              ],
              "pivot": [
                -6,
                23,
                -7
              ],
              "rotation": [
                0,
                -37.5,
                0
              ],
              "uv": [
                103,
                111
              ]
            },
            {
              "origin": [
                -15,
                0,
                -8
              ],
              "size": [
                4,
                2,
                3
              ],
              "pivot": [
                -6,
                23,
                -7
              ],
              "rotation": [
                0,
                -37.5,
                0
              ],
              "uv": [
                0,
                6
              ]
            },
            {
              "origin": [
                -18,
                20,
                -8
              ],
              "size": [
                12,
                3,
                3
              ],
              "pivot": [
                -6,
                23,
                -7
              ],
              "rotation": [
                0,
                -37.5,
                0
              ],
              "uv": [
                74,
                69
              ]
            }
          ]
        },
        {
          "name": "bone16",
          "parent": "bone18",
          "pivot": [
            -7,
            23,
            6
          ],
          "cubes": [
            {
              "origin": [
                -16,
                0,
                5
              ],
              "size": [
                4,
                2,
                3
              ],
              "pivot": [
                -7,
                23,
                6
              ],
              "rotation": [
                0,
                37.5,
                0
              ],
              "uv": [
                0,
                0
              ]
            },
            {
              "origin": [
                -19,
                0,
                5
              ],
              "size": [
                3,
                20,
                3
              ],
              "pivot": [
                -7,
                23,
                6
              ],
              "rotation": [
                0,
                37.5,
                0
              ],
              "uv": [
                90,
                111
              ]
            },
            {
              "origin": [
                -19,
                20,
                5
              ],
              "size": [
                12,
                3,
                3
              ],
              "pivot": [
                -7,
                23,
                6
              ],
              "rotation": [
                0,
                37.5,
                0
              ],
              "uv": [
                65,
                44
              ]
            }
          ]
        },
        {
          "name": "bone14",
          "parent": "bone18",
          "pivot": [
            6,
            23,
            -7
          ],
          "cubes": [
            {
              "origin": [
                15,
                0,
                -8
              ],
              "size": [
                3,
                20,
                3
              ],
              "pivot": [
                6,
                23,
                -7
              ],
              "rotation": [
                0,
                37.5,
                0
              ],
              "uv": [
                69,
                112
              ]
            },
            {
              "origin": [
                11,
                0,
                -8
              ],
              "size": [
                4,
                2,
                3
              ],
              "pivot": [
                6,
                23,
                -7
              ],
              "rotation": [
                0,
                37.5,
                0
              ],
              "uv": [
                0,
                36
              ]
            },
            {
              "origin": [
                6,
                20,
                -8
              ],
              "size": [
                12,
                3,
                3
              ],
              "pivot": [
                6,
                23,
                -7
              ],
              "rotation": [
                0,
                37.5,
                0
              ],
              "uv": [
                107,
                0
              ]
            }
          ]
        },
        {
          "name": "bone",
          "parent": "bone18",
          "pivot": [
            0,
            23,
            0
          ],
          "cubes": [
            {
              "origin": [
                -7,
                20,
                -12
              ],
              "size": [
                14,
                6,
                4
              ],
              "uv": [
                97,
                54
              ]
            },
            {
              "origin": [
                -8,
                27,
                -8
              ],
              "size": [
                16,
                13,
                16
              ],
              "uv": [
                0,
                0
              ]
            },
            {
              "origin": [
                -8,
                20,
                -8
              ],
              "size": [
                16,
                4,
                16
              ],
              "uv": [
                0,
                30
              ]
            },
            {
              "origin": [
                -7,
                36,
                8
              ],
              "size": [
                14,
                21,
                7
              ],
              "uv": [
                0,
                51
              ]
            },
            {
              "origin": [
                7,
                53,
                8
              ],
              "size": [
                4,
                4,
                9
              ],
              "uv": [
                105,
                65
              ]
            },
            {
              "origin": [
                -7,
                47,
                15
              ],
              "size": [
                14,
                12,
                3
              ],
              "uv": [
                58,
                96
              ]
            },
            {
              "origin": [
                -7,
                59,
                17
              ],
              "size": [
                14,
                11,
                3
              ],
              "pivot": [
                0,
                59,
                18
              ],
              "rotation": [
                67.5,
                0,
                0
              ],
              "uv": [
                93,
                96
              ]
            },
            {
              "origin": [
                -9,
                57,
                7
              ],
              "size": [
                18,
                5,
                8
              ],
              "uv": [
                49,
                0
              ]
            },
            {
              "origin": [
                -11,
                53,
                8
              ],
              "size": [
                4,
                4,
                9
              ],
              "uv": [
                105,
                18
              ]
            },
            {
              "origin": [
                -6,
                24,
                -6
              ],
              "size": [
                12,
                3,
                12
              ],
              "uv": [
                43,
                51
              ]
            }
          ]
        },
        {
          "name": "bone2",
          "parent": "bone",
          "pivot": [
            0,
            34,
            -8
          ],
          "cubes": [
            {
              "origin": [
                6,
                29,
                -11
              ],
              "size": [
                3,
                13,
                5
              ],
              "pivot": [
                7,
                34,
                -8
              ],
              "rotation": [
                -5,
                60,
                0
              ],
              "uv": [
                17,
                117
              ]
            },
            {
              "origin": [
                -9,
                29,
                -11
              ],
              "size": [
                3,
                13,
                5
              ],
              "pivot": [
                -8,
                34,
                -8
              ],
              "rotation": [
                -5,
                -60,
                0
              ],
              "uv": [
                0,
                117
              ]
            },
            {
              "origin": [
                -6,
                29,
                -11
              ],
              "size": [
                12,
                13,
                3
              ],
              "pivot": [
                0,
                34,
                -8
              ],
              "rotation": [
                -5,
                0,
                0
              ],
              "uv": [
                0,
                100
              ]
            }
          ]
        },
        {
          "name": "bone3",
          "parent": "bone",
          "pivot": [
            0,
            40,
            -1
          ],
          "cubes": [
            {
              "origin": [
                -3,
                40,
                -4
              ],
              "size": [
                6,
                11,
                6
              ],
              "uv": [
                31,
                100
              ]
            }
          ]
        },
        {
          "name": "bone4",
          "parent": "bone3",
          "pivot": [
            0,
            51,
            0
          ],
          "cubes": [
            {
              "origin": [
                -5,
                51,
                -6
              ],
              "size": [
                10,
                12,
                10
              ],
              "inflate": -0.02,
              "uv": [
                43,
                67
              ]
            },
            {
              "origin": [
                -5,
                59,
                -7
              ],
              "size": [
                10,
                5,
                12
              ],
              "inflate": 0.02,
              "pivot": [
                0,
                59,
                0
              ],
              "rotation": [
                -5,
                0,
                0
              ],
              "uv": [
                72,
                78
              ]
            },
            {
              "origin": [
                -5,
                50.5,
                -1
              ],
              "size": [
                10,
                9,
                2
              ],
              "inflate": 0.02,
              "pivot": [
                0,
                60,
                0
              ],
              "rotation": [
                -5,
                0,
                0
              ],
              "uv": [
                116,
                111
              ]
            }
          ]
        },
        {
          "name": "bone6",
          "parent": "bone4",
          "pivot": [
            3,
            57,
            -6
          ],
          "cubes": [
            {
              "origin": [
                1,
                57,
                -6
              ],
              "size": [
                4,
                2,
                0
              ],
              "uv": [
                36,
                51
              ]
            }
          ]
        },
        {
          "name": "bone7",
          "parent": "bone4",
          "pivot": [
            -3,
            57,
            -6
          ],
          "cubes": [
            {
              "origin": [
                -5,
                57,
                -6
              ],
              "size": [
                4,
                2,
                0
              ],
              "uv": [
                0,
                42
              ]
            }
          ]
        },
        {
          "name": "bone5",
          "parent": "bone4",
          "pivot": [
            0,
            50,
            -6
          ],
          "cubes": [
            {
              "origin": [
                -3,
                50,
                -6
              ],
              "size": [
                6,
                3,
                0
              ],
              "uv": [
                0,
                12
              ]
            }
          ]
        },
        {
          "name": "bone8",
          "parent": "bone",
          "pivot": [
            -8,
            39,
            -1
          ],
          "cubes": [
            {
              "origin": [
                -20,
                37,
                -2
              ],
              "size": [
                12,
                3,
                3
              ],
              "uv": [
                108,
                32
              ]
            },
            {
              "origin": [
                -20,
                40,
                -4
              ],
              "size": [
                12,
                2,
                7
              ],
              "pivot": [
                -8,
                40,
                -1
              ],
              "rotation": [
                0,
                0,
                12.5
              ],
              "uv": [
                97,
                44
              ]
            }
          ]
        },
        {
          "name": "bone9",
          "parent": "bone8",
          "pivot": [
            -20,
            39,
            -1
          ],
          "cubes": [
            {
              "origin": [
                -46,
                37,
                -2
              ],
              "size": [
                26,
                3,
                3
              ],
              "pivot": [
                -20,
                39,
                -1
              ],
              "rotation": [
                0,
                -30,
                -40
              ],
              "uv": [
                49,
                37
              ]
            }
          ]
        },
        {
          "name": "bone10",
          "parent": "bone9",
          "pivot": [
            -36,
            24,
            -15
          ],
          "cubes": [
            {
              "origin": [
                -37,
                24,
                -29
              ],
              "size": [
                2,
                1,
                16
              ],
              "uv": [
                86,
                0
              ]
            },
            {
              "origin": [
                -37,
                24,
                -45
              ],
              "size": [
                2,
                1,
                16
              ],
              "pivot": [
                -36,
                24,
                -29
              ],
              "rotation": [
                0,
                -27.5,
                0
              ],
              "uv": [
                21,
                82
              ]
            }
          ]
        },
        {
          "name": "bone11",
          "parent": "bone",
          "pivot": [
            8,
            39,
            -1
          ],
          "cubes": [
            {
              "origin": [
                8,
                37,
                -2
              ],
              "size": [
                12,
                3,
                3
              ],
              "uv": [
                107,
                7
              ]
            },
            {
              "origin": [
                8,
                40,
                -4
              ],
              "size": [
                12,
                2,
                7
              ],
              "pivot": [
                8,
                40,
                -1
              ],
              "rotation": [
                0,
                0,
                -12.5
              ],
              "uv": [
                65,
                18
              ]
            }
          ]
        },
        {
          "name": "bone12",
          "parent": "bone11",
          "pivot": [
            20,
            39,
            -1
          ],
          "cubes": [
            {
              "origin": [
                20,
                37,
                -2
              ],
              "size": [
                26,
                3,
                3
              ],
              "pivot": [
                20,
                39,
                -1
              ],
              "rotation": [
                0,
                30,
                40
              ],
              "uv": [
                49,
                30
              ]
            }
          ]
        },
        {
          "name": "bone13",
          "parent": "bone12",
          "pivot": [
            36,
            24,
            -15
          ],
          "cubes": [
            {
              "origin": [
                35,
                24,
                -29
              ],
              "size": [
                2,
                1,
                16
              ],
              "uv": [
                0,
                80
              ]
            },
            {
              "origin": [
                35,
                24,
                -45
              ],
              "size": [
                2,
                1,
                16
              ],
              "pivot": [
                36,
                24,
                -29
              ],
              "rotation": [
                0,
                27.5,
                0
              ],
              "uv": [
                76,
                51
              ]
            }
          ]
        }
      ]
    }
  ]
}