{
  "format_version": "1.12.0",
  "minecraft:geometry": [
    {
      "description": {
        "identifier": "geometry.skibidi_toilet_shooter_soldier_wheel_big_toilet",
        "texture_width": 128,
        "texture_height": 128,
        "visible_bounds_width": 4,
        "visible_bounds_height": 4.5,
        "visible_bounds_offset": [
          0,
          1.75,
          0
        ]
      },
      "bones": [
        {
          "name": "bone5",
          "pivot": [
            0,
            15,
            0
          ],
          "cubes": [
            {
              "origin": [
                -8,
                19,
                -8
              ],
              "size": [
                16,
                11,
                16
              ],
              "uv": [
                0,
                0
              ]
            },
            {
              "origin": [
                -8,
                19,
                8
              ],
              "size": [
                16,
                23,
                5
              ],
              "uv": [
                0,
                28
              ]
            },
            {
              "origin": [
                -6,
                12,
                -7
              ],
              "size": [
                12,
                3,
                14
              ],
              "uv": [
                43,
                28
              ]
            },
            {
              "origin": [
                -6,
                15,
                -6
              ],
              "size": [
                12,
                4,
                12
              ],
              "uv": [
                0,
                65
              ]
            }
          ]
        },
        {
          "name": "Neck",
          "parent": "bone5",
          "pivot": [
            0,
            30,
            0
          ],
          "cubes": [
            {
              "origin": [
                -3,
                30,
                -3
              ],
              "size": [
                6,
                6,
                5
              ],
              "uv": [
                37,
                65
              ]
            }
          ]
        },
        {
          "name": "Head",
          "parent": "Neck",
          "pivot": [
            0,
            36,
            -1
          ],
          "cubes": [
            {
              "origin": [
                -5,
                36,
                -6
              ],
              "size": [
                10,
                10,
                10
              ],
              "inflate": -0.02,
              "uv": [
                65,
                0
              ]
            },
            {
              "origin": [
                -6,
                41,
                -8
              ],
              "size": [
                12,
                7,
                11
              ],
              "pivot": [
                0,
                36,
                -4
              ],
              "rotation": [
                -10,
                0,
                0
              ],
              "uv": [
                32,
                46
              ]
            },
            {
              "origin": [
                -5,
                36,
                -2.5
              ],
              "size": [
                10,
                5,
                2
              ],
              "inflate": 0.02,
              "uv": [
                49,
                0
              ]
            }
          ]
        },
        {
          "name": "bone9",
          "parent": "Head",
          "pivot": [
            0,
            36,
            -6
          ],
          "cubes": [
            {
              "origin": [
                -6,
                33,
                -6
              ],
              "size": [
                12,
                6,
                0
              ],
              "uv": [
                0,
                57
              ]
            }
          ]
        },
        {
          "name": "bone7",
          "parent": "bone5",
          "pivot": [
            0,
            11,
            0
          ],
          "cubes": [
            {
              "origin": [
                -3,
                4,
                -2
              ],
              "size": [
                6,
                8,
                4
              ],
              "uv": [
                91,
                46
              ]
            }
          ]
        },
        {
          "name": "bone6",
          "parent": "bone7",
          "pivot": [
            0,
            5,
            0
          ],
          "cubes": [
            {
              "origin": [
                -2,
                0,
                -5
              ],
              "size": [
                4,
                10,
                10
              ],
              "uv": [
                72,
                73
              ]
            }
          ]
        },
        {
          "name": "bone3",
          "parent": "bone5",
          "pivot": [
            6,
            18,
            2
          ],
          "cubes": [
            {
              "origin": [
                5.5,
                15,
                9
              ],
              "size": [
                4,
                5,
                3
              ],
              "uv": [
                97,
                94
              ]
            },
            {
              "origin": [
                6,
                15,
                -6
              ],
              "size": [
                4,
                5,
                11
              ],
              "uv": [
                31,
                83
              ]
            },
            {
              "origin": [
                6,
                15,
                -9
              ],
              "size": [
                4,
                5,
                3
              ],
              "uv": [
                0,
                0
              ]
            },
            {
              "origin": [
                6,
                16,
                5
              ],
              "size": [
                3,
                3,
                4
              ],
              "uv": [
                78,
                103
              ]
            }
          ]
        },
        {
          "name": "bone2",
          "parent": "bone5",
          "pivot": [
            8,
            26,
            0
          ],
          "cubes": [
            {
              "origin": [
                7.5,
                23,
                8
              ],
              "size": [
                4,
                5,
                3
              ],
              "uv": [
                20,
                82
              ]
            },
            {
              "origin": [
                8,
                23,
                -7
              ],
              "size": [
                4,
                5,
                11
              ],
              "uv": [
                31,
                83
              ]
            },
            {
              "origin": [
                8,
                23,
                -10
              ],
              "size": [
                4,
                5,
                3
              ],
              "uv": [
                96,
                0
              ]
            },
            {
              "origin": [
                8,
                24,
                4
              ],
              "size": [
                3,
                3,
                4
              ],
              "uv": [
                78,
                103
              ]
            }
          ]
        },
        {
          "name": "bone10",
          "parent": "bone5",
          "pivot": [
            8,
            33,
            6
          ],
          "cubes": [
            {
              "origin": [
                7.5,
                30,
                14
              ],
              "size": [
                4,
                5,
                3
              ],
              "uv": [
                97,
                94
              ]
            },
            {
              "origin": [
                8,
                30,
                -1
              ],
              "size": [
                4,
                5,
                11
              ],
              "uv": [
                31,
                83
              ]
            },
            {
              "origin": [
                8,
                30,
                -4
              ],
              "size": [
                4,
                5,
                3
              ],
              "uv": [
                96,
                0
              ]
            },
            {
              "origin": [
                8,
                31,
                10
              ],
              "size": [
                3,
                3,
                4
              ],
              "uv": [
                78,
                103
              ]
            }
          ]
        },
        {
          "name": "bone4",
          "parent": "bone5",
          "pivot": [
            -6,
            18,
            2
          ],
          "cubes": [
            {
              "origin": [
                -9.5,
                15,
                9
              ],
              "size": [
                4,
                5,
                3
              ],
              "uv": [
                20,
                82
              ]
            },
            {
              "origin": [
                -10,
                15,
                -6
              ],
              "size": [
                4,
                5,
                11
              ],
              "uv": [
                0,
                82
              ]
            },
            {
              "origin": [
                -10,
                15,
                -9
              ],
              "size": [
                4,
                5,
                3
              ],
              "uv": [
                0,
                0
              ]
            },
            {
              "origin": [
                -9,
                16,
                5
              ],
              "size": [
                3,
                3,
                4
              ],
              "uv": [
                49,
                8
              ]
            }
          ]
        },
        {
          "name": "bone",
          "parent": "bone5",
          "pivot": [
            -8,
            26,
            0
          ],
          "cubes": [
            {
              "origin": [
                -11.5,
                23,
                8
              ],
              "size": [
                4,
                5,
                3
              ],
              "uv": [
                97,
                94
              ]
            },
            {
              "origin": [
                -12,
                23,
                -7
              ],
              "size": [
                4,
                5,
                11
              ],
              "uv": [
                0,
                82
              ]
            },
            {
              "origin": [
                -12,
                23,
                -10
              ],
              "size": [
                4,
                5,
                3
              ],
              "uv": [
                96,
                0
              ]
            },
            {
              "origin": [
                -11,
                24,
                4
              ],
              "size": [
                3,
                3,
                4
              ],
              "uv": [
                49,
                8
              ]
            }
          ]
        },
        {
          "name": "bone11",
          "parent": "bone5",
          "pivot": [
            -8,
            33,
            6
          ],
          "cubes": [
            {
              "origin": [
                -11.5,
                30,
                14
              ],
              "size": [
                4,
                5,
                3
              ],
              "uv": [
                20,
                82
              ]
            },
            {
              "origin": [
                -12,
                30,
                -1
              ],
              "size": [
                4,
                5,
                11
              ],
              "uv": [
                0,
                82
              ]
            },
            {
              "origin": [
                -12,
                30,
                -4
              ],
              "size": [
                4,
                5,
                3
              ],
              "uv": [
                0,
                0
              ]
            },
            {
              "origin": [
                -11,
                31,
                10
              ],
              "size": [
                3,
                3,
                4
              ],
              "uv": [
                49,
                8
              ]
            }
          ]
        }
      ]
    }
  ]
}