{
  "format_version": "1.12.0",
  "minecraft:geometry": [
    {
      "description": {
        "identifier": "geometry.skibidi_toilet_big_wood_speaker_man",
        "texture_width": 128,
        "texture_height": 128,
        "visible_bounds_width": 3,
        "visible_bounds_height": 5.5,
        "visible_bounds_offset": [
          0,
          2.25,
          0
        ]
      },
      "bones": [
        {
          "name": "Root",
          "pivot": [
            0,
            8,
            0
          ]
        },
        {
          "name": "Body",
          "parent": "Root",
          "pivot": [
            0,
            30,
            0
          ],
          "cubes": [
            {
              "origin": [
                -5,
                30,
                -3.5
              ],
              "size": [
                10,
                13,
                7
              ],
              "uv": [
                0,
                19
              ]
            },
            {
              "origin": [
                -6,
                42,
                -4
              ],
              "size": [
                12,
                10,
                8
              ],
              "pivot": [
                0,
                43,
                -1
              ],
              "rotation": [
                5,
                0,
                0
              ],
              "uv": [
                0,
                0
              ]
            }
          ]
        },
        {
          "name": "bone",
          "parent": "Body",
          "pivot": [
            0,
            51,
            -5
          ],
          "cubes": [
            {
              "origin": [
                -2,
                24,
                -5
              ],
              "size": [
                4,
                27,
                0
              ],
              "pivot": [
                0,
                51,
                -5
              ],
              "rotation": [
                -2.5,
                0,
                0
              ],
              "uv": [
                69,
                76
              ]
            }
          ]
        },
        {
          "name": "Rightarm",
          "parent": "Body",
          "pivot": [
            -6,
            49,
            0
          ],
          "cubes": [
            {
              "origin": [
                -10,
                41,
                -2
              ],
              "size": [
                4,
                11,
                4
              ],
              "uv": [
                17,
                80
              ]
            }
          ]
        },
        {
          "name": "bone3",
          "parent": "Rightarm",
          "pivot": [
            -8,
            41,
            0
          ],
          "cubes": [
            {
              "origin": [
                -11,
                21,
                -2.5
              ],
              "size": [
                5,
                20,
                5
              ],
              "uv": [
                48,
                54
              ]
            },
            {
              "origin": [
                -11,
                24,
                -2.5
              ],
              "size": [
                5,
                2,
                5
              ],
              "inflate": 0.05,
              "uv": [
                88,
                0
              ]
            }
          ]
        },
        {
          "name": "Leftarm",
          "parent": "Body",
          "pivot": [
            6,
            49,
            0
          ],
          "cubes": [
            {
              "origin": [
                6,
                41,
                -2
              ],
              "size": [
                4,
                11,
                4
              ],
              "uv": [
                78,
                76
              ]
            }
          ]
        },
        {
          "name": "bone2",
          "parent": "Leftarm",
          "pivot": [
            8,
            41,
            0
          ],
          "cubes": [
            {
              "origin": [
                6,
                24,
                -2.5
              ],
              "size": [
                5,
                2,
                5
              ],
              "inflate": 0.05,
              "uv": [
                34,
                87
              ]
            },
            {
              "origin": [
                6,
                21,
                -2.5
              ],
              "size": [
                5,
                20,
                5
              ],
              "uv": [
                27,
                54
              ]
            }
          ]
        },
        {
          "name": "Head",
          "parent": "Body",
          "pivot": [
            0,
            51,
            -3
          ],
          "cubes": [
            {
              "origin": [
                -4.5,
                53,
                -6
              ],
              "size": [
                9,
                13,
                7
              ],
              "uv": [
                28,
                33
              ]
            },
            {
              "origin": [
                -4.5,
                51,
                -7
              ],
              "size": [
                9,
                2,
                8
              ],
              "uv": [
                54,
                24
              ]
            }
          ]
        },
        {
          "name": "Leftleg",
          "parent": "Root",
          "pivot": [
            3,
            30,
            0
          ],
          "cubes": [
            {
              "origin": [
                1,
                14,
                -2
              ],
              "size": [
                4,
                16,
                4
              ],
              "uv": [
                69,
                55
              ]
            }
          ]
        },
        {
          "name": "bone6",
          "parent": "Leftleg",
          "pivot": [
            1,
            30,
            0
          ],
          "cubes": [
            {
              "origin": [
                -0.5,
                14,
                -3.5
              ],
              "size": [
                6,
                16,
                7
              ],
              "pivot": [
                2,
                30,
                0
              ],
              "rotation": [
                0,
                0,
                -5
              ],
              "uv": [
                41,
                0
              ]
            }
          ]
        },
        {
          "name": "bone5",
          "parent": "Leftleg",
          "pivot": [
            3,
            14,
            0
          ],
          "cubes": [
            {
              "origin": [
                0.5,
                0,
                -2.5
              ],
              "size": [
                5,
                14,
                5
              ],
              "uv": [
                64,
                35
              ]
            },
            {
              "origin": [
                0.5,
                2,
                -2.5
              ],
              "size": [
                5,
                2,
                5
              ],
              "inflate": 0.05,
              "uv": [
                80,
                16
              ]
            }
          ]
        },
        {
          "name": "Rightleg",
          "parent": "Root",
          "pivot": [
            -3,
            30,
            0
          ],
          "cubes": [
            {
              "origin": [
                -5,
                14,
                -2
              ],
              "size": [
                4,
                16,
                4
              ],
              "uv": [
                68,
                0
              ]
            }
          ]
        },
        {
          "name": "bone7",
          "parent": "Rightleg",
          "pivot": [
            -4,
            30,
            0
          ],
          "cubes": [
            {
              "origin": [
                -5.5,
                14,
                -3.5
              ],
              "size": [
                6,
                16,
                7
              ],
              "pivot": [
                -4,
                31,
                0
              ],
              "rotation": [
                0,
                0,
                5
              ],
              "uv": [
                0,
                40
              ]
            }
          ]
        },
        {
          "name": "bone4",
          "parent": "Rightleg",
          "pivot": [
            -3,
            14,
            0
          ],
          "cubes": [
            {
              "origin": [
                -5.5,
                0,
                -2.5
              ],
              "size": [
                5,
                14,
                5
              ],
              "uv": [
                0,
                64
              ]
            },
            {
              "origin": [
                -5.5,
                2,
                -2.5
              ],
              "size": [
                5,
                2,
                5
              ],
              "inflate": 0.05,
              "uv": [
                35,
                24
              ]
            }
          ]
        }
      ]
    }
  ]
}