{
  "format_version": "1.12.0",
  "minecraft:geometry": [
    {
      "description": {
        "identifier": "geometry.skibidi_toilet_red_blaster_cannon_cameraman",
        "texture_width": 128,
        "texture_height": 128,
        "visible_bounds_width": 4,
        "visible_bounds_height": 4.5,
        "visible_bounds_offset": [
          0,
          1.75,
          0
        ]
      },
      "bones": [
        {
          "name": "Root",
          "pivot": [
            0,
            30,
            0
          ]
        },
        {
          "name": "Leftleg",
          "parent": "Root",
          "pivot": [
            3,
            24,
            0
          ],
          "cubes": [
            {
              "origin": [
                0,
                14,
                -3
              ],
              "size": [
                5,
                11,
                7
              ],
              "pivot": [
                5,
                25,
                0
              ],
              "rotation": [
                0,
                0,
                -5
              ],
              "uv": [
                45,
                45
              ]
            },
            {
              "origin": [
                1,
                12,
                -2
              ],
              "size": [
                4,
                12,
                4
              ],
              "uv": [
                72,
                58
              ]
            }
          ]
        },
        {
          "name": "bone4",
          "parent": "Leftleg",
          "pivot": [
            3,
            12,
            0
          ],
          "cubes": [
            {
              "origin": [
                1,
                0,
                -2
              ],
              "size": [
                4,
                12,
                4
              ],
              "uv": [
                17,
                72
              ]
            },
            {
              "origin": [
                1,
                0,
                -5
              ],
              "size": [
                4,
                2,
                3
              ],
              "uv": [
                85,
                55
              ]
            }
          ]
        },
        {
          "name": "RightLeg",
          "parent": "Root",
          "pivot": [
            -3,
            24,
            0
          ],
          "cubes": [
            {
              "origin": [
                -5,
                12,
                -2
              ],
              "size": [
                4,
                12,
                4
              ],
              "uv": [
                70,
                41
              ]
            },
            {
              "origin": [
                -5,
                14,
                -3
              ],
              "size": [
                5,
                11,
                7
              ],
              "pivot": [
                -5,
                24,
                0
              ],
              "rotation": [
                0,
                0,
                5
              ],
              "uv": [
                27,
                33
              ]
            }
          ]
        },
        {
          "name": "bone3",
          "parent": "RightLeg",
          "pivot": [
            -3,
            12,
            0
          ],
          "cubes": [
            {
              "origin": [
                -5,
                0,
                -5
              ],
              "size": [
                4,
                2,
                3
              ],
              "uv": [
                45,
                33
              ]
            },
            {
              "origin": [
                -5,
                0,
                -2
              ],
              "size": [
                4,
                12,
                4
              ],
              "uv": [
                0,
                70
              ]
            }
          ]
        },
        {
          "name": "Body",
          "parent": "Root",
          "pivot": [
            0,
            24,
            0
          ],
          "cubes": [
            {
              "origin": [
                -5,
                24,
                -3
              ],
              "size": [
                10,
                18,
                7
              ],
              "inflate": -0.02,
              "uv": [
                0,
                0
              ]
            }
          ]
        },
        {
          "name": "bone",
          "parent": "Body",
          "pivot": [
            0,
            34,
            3
          ],
          "cubes": [
            {
              "origin": [
                -4,
                28,
                4
              ],
              "size": [
                8,
                16,
                5
              ],
              "inflate": -0.02,
              "uv": [
                0,
                28
              ]
            },
            {
              "origin": [
                5,
                27,
                5
              ],
              "size": [
                3,
                8,
                3
              ],
              "inflate": -0.02,
              "pivot": [
                1,
                20,
                1
              ],
              "rotation": [
                0,
                0,
                -7.5
              ],
              "uv": [
                77,
                85
              ]
            },
            {
              "origin": [
                -8,
                27,
                5
              ],
              "size": [
                3,
                8,
                3
              ],
              "inflate": -0.02,
              "pivot": [
                -1,
                20,
                1
              ],
              "rotation": [
                0,
                0,
                7.5
              ],
              "uv": [
                64,
                85
              ]
            },
            {
              "origin": [
                -3,
                23,
                4.5
              ],
              "size": [
                6,
                5,
                4
              ],
              "inflate": -0.02,
              "uv": [
                72,
                75
              ]
            }
          ]
        },
        {
          "name": "bone2",
          "parent": "bone",
          "pivot": [
            0,
            33,
            6.5
          ],
          "cubes": [
            {
              "origin": [
                -2,
                23,
                6.5
              ],
              "size": [
                4,
                10,
                0
              ],
              "uv": [
                86,
                4
              ]
            },
            {
              "origin": [
                0,
                23,
                4.5
              ],
              "size": [
                0,
                10,
                4
              ],
              "uv": [
                86,
                0
              ]
            }
          ]
        },
        {
          "name": "Head",
          "parent": "Body",
          "pivot": [
            0,
            42,
            -1
          ],
          "cubes": [
            {
              "origin": [
                -2,
                42,
                -3
              ],
              "size": [
                4,
                2,
                4
              ],
              "uv": [
                83,
                37
              ]
            },
            {
              "origin": [
                -3,
                44,
                -10
              ],
              "size": [
                6,
                6,
                12
              ],
              "uv": [
                23,
                14
              ]
            },
            {
              "origin": [
                -3,
                42,
                -9
              ],
              "size": [
                2,
                2,
                6
              ],
              "uv": [
                77,
                28
              ]
            },
            {
              "origin": [
                -3,
                46,
                -14
              ],
              "size": [
                6,
                4,
                4
              ],
              "uv": [
                75,
                17
              ]
            },
            {
              "origin": [
                -5,
                43,
                -8
              ],
              "size": [
                2,
                5,
                4
              ],
              "uv": [
                0,
                87
              ]
            }
          ]
        },
        {
          "name": "Leftarm",
          "parent": "Body",
          "pivot": [
            5,
            39,
            0
          ],
          "cubes": [
            {
              "origin": [
                5,
                30,
                -2
              ],
              "size": [
                4,
                12,
                4
              ],
              "uv": [
                69,
                0
              ]
            }
          ]
        },
        {
          "name": "bone5",
          "parent": "Leftarm",
          "pivot": [
            7,
            30,
            0
          ],
          "cubes": [
            {
              "origin": [
                5,
                18,
                -2
              ],
              "size": [
                4,
                12,
                4
              ],
              "uv": [
                55,
                64
              ]
            }
          ]
        },
        {
          "name": "bone7",
          "parent": "bone5",
          "pivot": [
            9,
            26,
            0
          ],
          "cubes": [
            {
              "origin": [
                11,
                33,
                -2
              ],
              "size": [
                3,
                10,
                4
              ],
              "uv": [
                49,
                81
              ]
            },
            {
              "origin": [
                9,
                18,
                -2
              ],
              "size": [
                5,
                15,
                4
              ],
              "uv": [
                19,
                52
              ]
            },
            {
              "origin": [
                8,
                13,
                -3
              ],
              "size": [
                7,
                5,
                6
              ],
              "uv": [
                48,
                12
              ]
            }
          ]
        },
        {
          "name": "Rightarm",
          "parent": "Body",
          "pivot": [
            -5,
            39,
            0
          ],
          "cubes": [
            {
              "origin": [
                -9,
                30,
                -2
              ],
              "size": [
                4,
                12,
                4
              ],
              "uv": [
                38,
                64
              ]
            }
          ]
        },
        {
          "name": "bone6",
          "parent": "Rightarm",
          "pivot": [
            -7,
            30,
            0
          ],
          "cubes": [
            {
              "origin": [
                -9,
                18,
                -2
              ],
              "size": [
                4,
                12,
                4
              ],
              "uv": [
                60,
                24
              ]
            }
          ]
        },
        {
          "name": "bone8",
          "parent": "bone6",
          "pivot": [
            -9,
            26,
            0
          ],
          "cubes": [
            {
              "origin": [
                -14,
                18,
                -2
              ],
              "size": [
                5,
                15,
                4
              ],
              "uv": [
                0,
                50
              ]
            },
            {
              "origin": [
                -14,
                33,
                -2
              ],
              "size": [
                3,
                10,
                4
              ],
              "uv": [
                34,
                81
              ]
            },
            {
              "origin": [
                -15,
                13,
                -3
              ],
              "size": [
                7,
                5,
                6
              ],
              "uv": [
                35,
                0
              ]
            }
          ]
        }
      ]
    }
  ]
}