{
  "format_version": "1.12.0",
  "minecraft:geometry": [
    {
      "description": {
        "identifier": "geometry.skibidi_toilet_upgrade_scientist_cameraman",
        "texture_width": 128,
        "texture_height": 128,
        "visible_bounds_width": 4,
        "visible_bounds_height": 5.5,
        "visible_bounds_offset": [
          0,
          2.25,
          0
        ]
      },
      "bones": [
        {
          "name": "Root",
          "pivot": [
            0,
            30,
            0
          ]
        },
        {
          "name": "Leftleg",
          "parent": "Root",
          "pivot": [
            3,
            24,
            0
          ],
          "cubes": [
            {
              "origin": [
                0,
                14,
                -3
              ],
              "size": [
                5,
                11,
                7
              ],
              "pivot": [
                5,
                25,
                0
              ],
              "rotation": [
                0,
                0,
                -5
              ],
              "uv": [
                0,
                37
              ]
            },
            {
              "origin": [
                1,
                12,
                -2
              ],
              "size": [
                4,
                12,
                4
              ],
              "uv": [
                0,
                73
              ]
            }
          ]
        },
        {
          "name": "bone4",
          "parent": "Leftleg",
          "pivot": [
            3,
            12,
            0
          ],
          "cubes": [
            {
              "origin": [
                1,
                0,
                -2
              ],
              "size": [
                4,
                12,
                4
              ],
              "uv": [
                70,
                0
              ]
            },
            {
              "origin": [
                1,
                4,
                -3
              ],
              "size": [
                4,
                4,
                1
              ],
              "uv": [
                87,
                0
              ]
            },
            {
              "origin": [
                1,
                0,
                -5
              ],
              "size": [
                4,
                2,
                3
              ],
              "uv": [
                84,
                67
              ]
            }
          ]
        },
        {
          "name": "RightLeg",
          "parent": "Root",
          "pivot": [
            -3,
            24,
            0
          ],
          "cubes": [
            {
              "origin": [
                -5,
                12,
                -2
              ],
              "size": [
                4,
                12,
                4
              ],
              "uv": [
                34,
                64
              ]
            },
            {
              "origin": [
                -5,
                14,
                -3
              ],
              "size": [
                5,
                11,
                7
              ],
              "pivot": [
                -5,
                24,
                0
              ],
              "rotation": [
                0,
                0,
                5
              ],
              "uv": [
                35,
                12
              ]
            }
          ]
        },
        {
          "name": "bone3",
          "parent": "RightLeg",
          "pivot": [
            -3,
            12,
            0
          ],
          "cubes": [
            {
              "origin": [
                -5,
                0,
                -5
              ],
              "size": [
                4,
                2,
                3
              ],
              "uv": [
                82,
                26
              ]
            },
            {
              "origin": [
                -5,
                0,
                -2
              ],
              "size": [
                4,
                12,
                4
              ],
              "uv": [
                17,
                61
              ]
            },
            {
              "origin": [
                -5,
                4,
                -3
              ],
              "size": [
                4,
                4,
                1
              ],
              "uv": [
                81,
                86
              ]
            }
          ]
        },
        {
          "name": "Body",
          "parent": "Root",
          "pivot": [
            0,
            24,
            0
          ],
          "cubes": [
            {
              "origin": [
                -5,
                32,
                -3
              ],
              "size": [
                10,
                10,
                7
              ],
              "inflate": -0.02,
              "uv": [
                0,
                19
              ]
            },
            {
              "origin": [
                -5,
                24,
                -2.5
              ],
              "size": [
                10,
                8,
                6
              ],
              "inflate": -0.02,
              "uv": [
                29,
                31
              ]
            }
          ]
        },
        {
          "name": "bone",
          "parent": "Body",
          "pivot": [
            0,
            34,
            3
          ],
          "cubes": [
            {
              "origin": [
                -4,
                32,
                4
              ],
              "size": [
                8,
                9,
                5
              ],
              "uv": [
                25,
                46
              ]
            },
            {
              "origin": [
                1,
                35,
                4
              ],
              "size": [
                3,
                1,
                5
              ],
              "inflate": 0.05,
              "uv": [
                81,
                79
              ]
            },
            {
              "origin": [
                1,
                33,
                4
              ],
              "size": [
                3,
                1,
                5
              ],
              "inflate": 0.05,
              "uv": [
                29,
                81
              ]
            },
            {
              "origin": [
                2,
                41,
                5.5
              ],
              "size": [
                2,
                4,
                2
              ],
              "uv": [
                25,
                0
              ]
            },
            {
              "origin": [
                0,
                41,
                6
              ],
              "size": [
                1,
                2,
                1
              ],
              "uv": [
                7,
                0
              ]
            },
            {
              "origin": [
                -7,
                34,
                5
              ],
              "size": [
                3,
                7,
                3
              ],
              "uv": [
                68,
                79
              ]
            },
            {
              "origin": [
                -7,
                38,
                5
              ],
              "size": [
                3,
                1,
                3
              ],
              "inflate": 0.02,
              "uv": [
                55,
                85
              ]
            },
            {
              "origin": [
                -7,
                36,
                5
              ],
              "size": [
                3,
                1,
                3
              ],
              "inflate": 0.02,
              "uv": [
                17,
                85
              ]
            },
            {
              "origin": [
                0,
                37,
                9
              ],
              "size": [
                4,
                4,
                1
              ],
              "uv": [
                86,
                55
              ]
            },
            {
              "origin": [
                -3,
                29,
                4
              ],
              "size": [
                6,
                3,
                4
              ],
              "uv": [
                69,
                59
              ]
            }
          ]
        },
        {
          "name": "bone2",
          "parent": "bone",
          "pivot": [
            2,
            39,
            10
          ],
          "rotation": [
            77.5,
            -10.5,
            7.5
          ],
          "cubes": [
            {
              "origin": [
                1,
                38,
                11
              ],
              "size": [
                2,
                2,
                9
              ],
              "uv": [
                25,
                0
              ]
            },
            {
              "origin": [
                1,
                38.2,
                9
              ],
              "size": [
                2,
                2,
                3
              ],
              "inflate": 0.02,
              "pivot": [
                2,
                40,
                10
              ],
              "rotation": [
                -10,
                0,
                0
              ],
              "uv": [
                18,
                37
              ]
            }
          ]
        },
        {
          "name": "bone7",
          "parent": "bone2",
          "pivot": [
            2,
            39,
            20
          ],
          "rotation": [
            57.5,
            0,
            0
          ],
          "cubes": [
            {
              "origin": [
                1,
                38,
                19
              ],
              "size": [
                2,
                2,
                11
              ],
              "inflate": 0.02,
              "uv": [
                41,
                50
              ]
            }
          ]
        },
        {
          "name": "bone8",
          "parent": "bone7",
          "pivot": [
            2,
            39,
            30
          ],
          "rotation": [
            45,
            0,
            0
          ],
          "cubes": [
            {
              "origin": [
                1,
                38,
                30
              ],
              "size": [
                2,
                2,
                8
              ],
              "uv": [
                69,
                26
              ]
            },
            {
              "origin": [
                2,
                31,
                34
              ],
              "size": [
                0,
                7,
                3
              ],
              "uv": [
                51,
                64
              ]
            },
            {
              "origin": [
                2,
                40,
                34
              ],
              "size": [
                0,
                7,
                3
              ],
              "uv": [
                0,
                0
              ]
            },
            {
              "origin": [
                0.5,
                38,
                38
              ],
              "size": [
                3,
                2,
                6
              ],
              "inflate": -0.02,
              "uv": [
                71,
                70
              ]
            }
          ]
        },
        {
          "name": "bone9",
          "parent": "bone8",
          "pivot": [
            2,
            39,
            43
          ],
          "cubes": [
            {
              "origin": [
                2,
                35,
                39
              ],
              "size": [
                0,
                8,
                8
              ],
              "uv": [
                60,
                59
              ]
            },
            {
              "origin": [
                1,
                37,
                41
              ],
              "size": [
                2,
                4,
                4
              ],
              "uv": [
                39,
                0
              ]
            }
          ]
        },
        {
          "name": "Head",
          "parent": "Body",
          "pivot": [
            0,
            42,
            -1
          ],
          "cubes": [
            {
              "origin": [
                -2,
                42,
                -3
              ],
              "size": [
                4,
                2,
                4
              ],
              "uv": [
                17,
                78
              ]
            },
            {
              "origin": [
                -3,
                44,
                -10
              ],
              "size": [
                6,
                6,
                12
              ],
              "uv": [
                0,
                0
              ]
            },
            {
              "origin": [
                -3,
                42,
                -9
              ],
              "size": [
                2,
                2,
                6
              ],
              "uv": [
                77,
                17
              ]
            },
            {
              "origin": [
                -3,
                46,
                -14
              ],
              "size": [
                6,
                4,
                4
              ],
              "uv": [
                71,
                37
              ]
            },
            {
              "origin": [
                -5,
                43,
                -8
              ],
              "size": [
                2,
                5,
                4
              ],
              "uv": [
                42,
                84
              ]
            }
          ]
        },
        {
          "name": "Leftarm",
          "parent": "Body",
          "pivot": [
            5,
            39,
            0
          ],
          "rotation": [
            5,
            0,
            -5
          ],
          "cubes": [
            {
              "origin": [
                5,
                30,
                -2
              ],
              "size": [
                4,
                12,
                4
              ],
              "uv": [
                60,
                17
              ]
            },
            {
              "origin": [
                5,
                38,
                -2
              ],
              "size": [
                4,
                4,
                4
              ],
              "inflate": 0.02,
              "uv": [
                51,
                76
              ]
            }
          ]
        },
        {
          "name": "bone5",
          "parent": "Leftarm",
          "pivot": [
            7,
            30,
            0
          ],
          "rotation": [
            -10,
            0,
            0
          ],
          "cubes": [
            {
              "origin": [
                5,
                18,
                -2
              ],
              "size": [
                4,
                12,
                4
              ],
              "uv": [
                58,
                42
              ]
            }
          ]
        },
        {
          "name": "Rightarm",
          "parent": "Body",
          "pivot": [
            -5,
            39,
            0
          ],
          "rotation": [
            5,
            0,
            5
          ],
          "cubes": [
            {
              "origin": [
                -9,
                30,
                -2
              ],
              "size": [
                4,
                12,
                4
              ],
              "uv": [
                0,
                56
              ]
            },
            {
              "origin": [
                -9,
                38,
                -2
              ],
              "size": [
                4,
                4,
                4
              ],
              "inflate": 0.02,
              "uv": [
                75,
                46
              ]
            }
          ]
        },
        {
          "name": "bone6",
          "parent": "Rightarm",
          "pivot": [
            -7,
            30,
            0
          ],
          "rotation": [
            -10,
            0,
            0
          ],
          "cubes": [
            {
              "origin": [
                -9,
                18,
                -2
              ],
              "size": [
                4,
                12,
                4
              ],
              "uv": [
                53,
                0
              ]
            }
          ]
        }
      ]
    }
  ]
}