{
  "format_version": "1.12.0",
  "minecraft:geometry": [
    {
      "description": {
        "identifier": "geometry.skibidi_toilet_three_headed_spider_toilet",
        "texture_width": 128,
        "texture_height": 256,
        "visible_bounds_width": 8,
        "visible_bounds_height": 5.5,
        "visible_bounds_offset": [
          0,
          2.25,
          0
        ]
      },
      "bones": [
        {
          "name": "bone4",
          "pivot": [
            0,
            19,
            0
          ],
          "cubes": [
            {
              "origin": [
                -6,
                19,
                -9
              ],
              "size": [
                12,
                11,
                16
              ],
              "uv": [
                0,
                0
              ]
            },
            {
              "origin": [
                0,
                30,
                4
              ],
              "size": [
                2,
                13,
                2
              ],
              "uv": [
                120,
                0
              ]
            },
            {
              "origin": [
                -1,
                43,
                3
              ],
              "size": [
                4,
                4,
                4
              ],
              "uv": [
                112,
                154
              ]
            },
            {
              "origin": [
                -4,
                15,
                -4
              ],
              "size": [
                8,
                4,
                9
              ],
              "uv": [
                54,
                37
              ]
            },
            {
              "origin": [
                -5,
                13,
                -5
              ],
              "size": [
                10,
                2,
                11
              ],
              "uv": [
                40,
                0
              ]
            }
          ]
        },
        {
          "name": "bone",
          "parent": "bone4",
          "pivot": [
            0,
            30,
            -1
          ],
          "cubes": [
            {
              "origin": [
                -2,
                30,
                -3
              ],
              "size": [
                4,
                17,
                5
              ],
              "uv": [
                0,
                27
              ]
            }
          ]
        },
        {
          "name": "bone2",
          "parent": "bone",
          "pivot": [
            0,
            48,
            -1
          ],
          "cubes": [
            {
              "origin": [
                -4,
                47,
                -5
              ],
              "size": [
                8,
                9,
                8
              ],
              "inflate": -0.02,
              "uv": [
                42,
                54
              ]
            }
          ]
        },
        {
          "name": "bone3",
          "parent": "bone2",
          "pivot": [
            0,
            47,
            -5
          ],
          "cubes": [
            {
              "origin": [
                -3,
                46,
                -5
              ],
              "size": [
                6,
                3,
                0
              ],
              "uv": [
                0,
                0
              ]
            }
          ]
        },
        {
          "name": "bone11",
          "parent": "bone4",
          "pivot": [
            0,
            30,
            -1
          ],
          "rotation": [
            27.5,
            0,
            -35
          ],
          "cubes": [
            {
              "origin": [
                -2,
                30,
                -3
              ],
              "size": [
                4,
                17,
                5
              ],
              "uv": [
                0,
                27
              ]
            }
          ]
        },
        {
          "name": "bone12",
          "parent": "bone11",
          "pivot": [
            0,
            48,
            -1
          ],
          "cubes": [
            {
              "origin": [
                -4,
                47,
                -5
              ],
              "size": [
                8,
                9,
                8
              ],
              "inflate": -0.02,
              "uv": [
                42,
                54
              ]
            }
          ]
        },
        {
          "name": "bone13",
          "parent": "bone12",
          "pivot": [
            0,
            47,
            -5
          ],
          "cubes": [
            {
              "origin": [
                -3,
                46,
                -5
              ],
              "size": [
                6,
                3,
                0
              ],
              "uv": [
                0,
                0
              ]
            }
          ]
        },
        {
          "name": "bone14",
          "parent": "bone4",
          "pivot": [
            0,
            30,
            -1
          ],
          "rotation": [
            27.5,
            0,
            35
          ],
          "cubes": [
            {
              "origin": [
                -2,
                30,
                -3
              ],
              "size": [
                4,
                17,
                5
              ],
              "uv": [
                0,
                27
              ]
            }
          ]
        },
        {
          "name": "bone15",
          "parent": "bone14",
          "pivot": [
            0,
            48,
            -1
          ],
          "cubes": [
            {
              "origin": [
                -4,
                47,
                -5
              ],
              "size": [
                8,
                9,
                8
              ],
              "inflate": -0.02,
              "uv": [
                42,
                54
              ]
            }
          ]
        },
        {
          "name": "bone16",
          "parent": "bone15",
          "pivot": [
            0,
            47,
            -5
          ],
          "cubes": [
            {
              "origin": [
                -3,
                46,
                -5
              ],
              "size": [
                6,
                3,
                0
              ],
              "uv": [
                0,
                0
              ]
            }
          ]
        },
        {
          "name": "bone5",
          "parent": "bone4",
          "pivot": [
            -6,
            26,
            0
          ],
          "rotation": [
            0,
            0,
            42.5
          ],
          "cubes": [
            {
              "origin": [
                -29,
                25,
                -1
              ],
              "size": [
                23,
                2,
                2
              ],
              "uv": [
                54,
                33
              ]
            }
          ]
        },
        {
          "name": "bone9",
          "parent": "bone5",
          "pivot": [
            -29,
            26,
            0
          ],
          "rotation": [
            0,
            0,
            -102.5
          ],
          "cubes": [
            {
              "origin": [
                -80,
                25,
                -1
              ],
              "size": [
                51,
                2,
                2
              ],
              "uv": [
                0,
                124
              ]
            }
          ]
        },
        {
          "name": "bone6",
          "parent": "bone4",
          "pivot": [
            0,
            26,
            7
          ],
          "rotation": [
            42.5,
            0,
            0
          ],
          "cubes": [
            {
              "origin": [
                -1,
                25,
                7
              ],
              "size": [
                2,
                2,
                23
              ],
              "uv": [
                27,
                29
              ]
            }
          ]
        },
        {
          "name": "bone10",
          "parent": "bone6",
          "pivot": [
            0,
            26,
            30
          ],
          "rotation": [
            -102.5,
            0,
            0
          ],
          "cubes": [
            {
              "origin": [
                -1,
                25,
                30
              ],
              "size": [
                2,
                2,
                51
              ],
              "uv": [
                22,
                203
              ]
            }
          ]
        },
        {
          "name": "bone7",
          "parent": "bone4",
          "pivot": [
            6,
            26,
            0
          ],
          "rotation": [
            0,
            0,
            -45
          ],
          "cubes": [
            {
              "origin": [
                6,
                25,
                -1
              ],
              "size": [
                23,
                2,
                2
              ],
              "uv": [
                54,
                29
              ]
            }
          ]
        },
        {
          "name": "bone8",
          "parent": "bone7",
          "pivot": [
            29,
            26,
            0
          ],
          "rotation": [
            0,
            0,
            102.5
          ],
          "cubes": [
            {
              "origin": [
                29,
                25,
                -1
              ],
              "size": [
                51,
                2,
                2
              ],
              "uv": [
                22,
                71
              ]
            }
          ]
        }
      ]
    }
  ]
}