{
  "format_version": "1.12.0",
  "minecraft:geometry": [
    {
      "description": {
        "identifier": "geometry.skibidi_toilet_scientist_machine_long_arm_blade_toilet",
        "texture_width": 256,
        "texture_height": 256,
        "visible_bounds_width": 7,
        "visible_bounds_height": 6.5,
        "visible_bounds_offset": [
          0,
          2.75,
          0
        ]
      },
      "bones": [
        {
          "name": "Body",
          "pivot": [
            0,
            44,
            0
          ],
          "cubes": [
            {
              "origin": [
                -8,
                35,
                -6
              ],
              "size": [
                16,
                3,
                14
              ],
              "uv": [
                0,
                26
              ]
            },
            {
              "origin": [
                -8,
                44,
                -7
              ],
              "size": [
                16,
                10,
                15
              ],
              "uv": [
                0,
                0
              ]
            },
            {
              "origin": [
                -8,
                50,
                -11
              ],
              "size": [
                7,
                4,
                4
              ],
              "uv": [
                73,
                103
              ]
            },
            {
              "origin": [
                -6,
                38,
                -4
              ],
              "size": [
                12,
                6,
                10
              ],
              "uv": [
                33,
                71
              ]
            },
            {
              "origin": [
                -4,
                33,
                -13
              ],
              "size": [
                8,
                13,
                13
              ],
              "uv": [
                50,
                13
              ]
            },
            {
              "origin": [
                -8,
                48,
                8
              ],
              "size": [
                16,
                23,
                5
              ],
              "uv": [
                0,
                44
              ]
            },
            {
              "origin": [
                -4,
                38,
                8
              ],
              "size": [
                8,
                10,
                5
              ],
              "uv": [
                80,
                6
              ]
            }
          ]
        },
        {
          "name": "Leftleg",
          "parent": "Body",
          "pivot": [
            6,
            36,
            0
          ],
          "rotation": [
            0,
            0,
            -7.5
          ],
          "cubes": [
            {
              "origin": [
                3,
                24,
                -1
              ],
              "size": [
                5,
                12,
                5
              ],
              "pivot": [
                6,
                36,
                0
              ],
              "rotation": [
                -17.5,
                0,
                0
              ],
              "uv": [
                0,
                96
              ]
            }
          ]
        },
        {
          "name": "bone16",
          "parent": "Leftleg",
          "pivot": [
            5,
            24,
            -1
          ],
          "cubes": [
            {
              "origin": [
                2.5,
                18.60646,
                -6.55687
              ],
              "size": [
                6,
                7,
                13
              ],
              "pivot": [
                14,
                21,
                -1
              ],
              "rotation": [
                -17.5,
                0,
                0
              ],
              "uv": [
                0,
                75
              ]
            }
          ]
        },
        {
          "name": "bone13",
          "parent": "bone16",
          "pivot": [
            6,
            18,
            4
          ],
          "cubes": [
            {
              "origin": [
                3,
                0,
                2
              ],
              "size": [
                4,
                18,
                4
              ],
              "uv": [
                56,
                88
              ]
            }
          ]
        },
        {
          "name": "Rightleg",
          "parent": "Body",
          "pivot": [
            -5,
            36,
            0
          ],
          "rotation": [
            0,
            0,
            7.5
          ],
          "cubes": [
            {
              "origin": [
                -8,
                24,
                -1
              ],
              "size": [
                5,
                12,
                5
              ],
              "pivot": [
                -5,
                36,
                0
              ],
              "rotation": [
                -17.5,
                0,
                0
              ],
              "uv": [
                93,
                22
              ]
            }
          ]
        },
        {
          "name": "bone11",
          "parent": "Rightleg",
          "pivot": [
            -5,
            24,
            -1
          ],
          "cubes": [
            {
              "origin": [
                -8.5,
                18.60646,
                -6.55687
              ],
              "size": [
                6,
                7,
                13
              ],
              "pivot": [
                -7,
                21,
                -1
              ],
              "rotation": [
                -17.5,
                0,
                0
              ],
              "uv": [
                71,
                58
              ]
            }
          ]
        },
        {
          "name": "bone15",
          "parent": "bone11",
          "pivot": [
            -5,
            18,
            4
          ],
          "cubes": [
            {
              "origin": [
                -7,
                0,
                2
              ],
              "size": [
                4,
                18,
                4
              ],
              "uv": [
                39,
                88
              ]
            }
          ]
        },
        {
          "name": "bone3",
          "parent": "Body",
          "pivot": [
            8,
            50,
            0
          ],
          "rotation": [
            0,
            0,
            32.5
          ],
          "cubes": [
            {
              "origin": [
                8,
                49,
                -1
              ],
              "size": [
                13,
                2,
                2
              ],
              "uv": [
                102,
                101
              ]
            }
          ]
        },
        {
          "name": "bone6",
          "parent": "bone3",
          "pivot": [
            21,
            50,
            0
          ],
          "cubes": [
            {
              "origin": [
                21,
                49,
                -1
              ],
              "size": [
                13,
                2,
                2
              ],
              "pivot": [
                21,
                50,
                0
              ],
              "rotation": [
                0,
                30,
                0
              ],
              "uv": [
                48,
                6
              ]
            }
          ]
        },
        {
          "name": "bone4",
          "parent": "bone6",
          "pivot": [
            32,
            50,
            -6
          ],
          "cubes": [
            {
              "origin": [
                32,
                49,
                -7
              ],
              "size": [
                13,
                2,
                2
              ],
              "pivot": [
                32,
                50,
                -6
              ],
              "rotation": [
                0,
                70,
                0
              ],
              "uv": [
                73,
                98
              ]
            },
            {
              "origin": [
                45,
                50,
                -7
              ],
              "size": [
                27,
                0,
                5
              ],
              "pivot": [
                32,
                50,
                -6
              ],
              "rotation": [
                0,
                70,
                0
              ],
              "uv": [
                48,
                0
              ]
            }
          ]
        },
        {
          "name": "bone17",
          "parent": "Body",
          "pivot": [
            8,
            45,
            0
          ],
          "rotation": [
            0,
            0,
            32.5
          ],
          "cubes": [
            {
              "origin": [
                8,
                44,
                -1
              ],
              "size": [
                13,
                2,
                2
              ],
              "uv": [
                102,
                101
              ]
            }
          ]
        },
        {
          "name": "bone18",
          "parent": "bone17",
          "pivot": [
            21,
            45,
            0
          ],
          "cubes": [
            {
              "origin": [
                21,
                44,
                -1
              ],
              "size": [
                13,
                2,
                2
              ],
              "pivot": [
                21,
                45,
                0
              ],
              "rotation": [
                0,
                30,
                0
              ],
              "uv": [
                48,
                6
              ]
            }
          ]
        },
        {
          "name": "bone19",
          "parent": "bone18",
          "pivot": [
            32,
            45,
            -6
          ],
          "cubes": [
            {
              "origin": [
                32,
                44,
                -7
              ],
              "size": [
                13,
                2,
                2
              ],
              "pivot": [
                32,
                45,
                -6
              ],
              "rotation": [
                0,
                70,
                0
              ],
              "uv": [
                73,
                98
              ]
            },
            {
              "origin": [
                45,
                45,
                -7
              ],
              "size": [
                27,
                0,
                5
              ],
              "pivot": [
                32,
                45,
                -6
              ],
              "rotation": [
                0,
                70,
                0
              ],
              "uv": [
                48,
                0
              ]
            }
          ]
        },
        {
          "name": "bone",
          "parent": "Body",
          "pivot": [
            -8,
            50,
            0
          ],
          "rotation": [
            0,
            0,
            -32.5
          ],
          "cubes": [
            {
              "origin": [
                -21,
                49,
                -1
              ],
              "size": [
                13,
                2,
                2
              ],
              "uv": [
                103,
                40
              ]
            }
          ]
        },
        {
          "name": "bone5",
          "parent": "bone",
          "pivot": [
            -21,
            50,
            0
          ],
          "cubes": [
            {
              "origin": [
                -34,
                49,
                -1
              ],
              "size": [
                13,
                2,
                2
              ],
              "pivot": [
                -21,
                50,
                0
              ],
              "rotation": [
                0,
                -30,
                0
              ],
              "uv": [
                97,
                79
              ]
            }
          ]
        },
        {
          "name": "bone2",
          "parent": "bone5",
          "pivot": [
            -32,
            50,
            -6
          ],
          "cubes": [
            {
              "origin": [
                -45,
                49,
                -7
              ],
              "size": [
                13,
                2,
                2
              ],
              "pivot": [
                -32,
                50,
                -6
              ],
              "rotation": [
                0,
                -70,
                0
              ],
              "uv": [
                102,
                6
              ]
            },
            {
              "origin": [
                -72,
                50,
                -7
              ],
              "size": [
                27,
                0,
                5
              ],
              "pivot": [
                -32,
                50,
                -6
              ],
              "rotation": [
                0,
                -70,
                0
              ],
              "uv": [
                43,
                44
              ]
            }
          ]
        },
        {
          "name": "bone20",
          "parent": "Body",
          "pivot": [
            -8,
            45,
            0
          ],
          "rotation": [
            0,
            0,
            -32.5
          ],
          "cubes": [
            {
              "origin": [
                -21,
                44,
                -1
              ],
              "size": [
                13,
                2,
                2
              ],
              "uv": [
                103,
                40
              ]
            }
          ]
        },
        {
          "name": "bone21",
          "parent": "bone20",
          "pivot": [
            -21,
            45,
            0
          ],
          "cubes": [
            {
              "origin": [
                -34,
                44,
                -1
              ],
              "size": [
                13,
                2,
                2
              ],
              "pivot": [
                -21,
                45,
                0
              ],
              "rotation": [
                0,
                -30,
                0
              ],
              "uv": [
                97,
                79
              ]
            }
          ]
        },
        {
          "name": "bone22",
          "parent": "bone21",
          "pivot": [
            -32,
            45,
            -6
          ],
          "cubes": [
            {
              "origin": [
                -45,
                44,
                -7
              ],
              "size": [
                13,
                2,
                2
              ],
              "pivot": [
                -32,
                45,
                -6
              ],
              "rotation": [
                0,
                -70,
                0
              ],
              "uv": [
                102,
                6
              ]
            },
            {
              "origin": [
                -72,
                45,
                -7
              ],
              "size": [
                27,
                0,
                5
              ],
              "pivot": [
                -32,
                45,
                -6
              ],
              "rotation": [
                0,
                -70,
                0
              ],
              "uv": [
                43,
                44
              ]
            }
          ]
        },
        {
          "name": "bone7",
          "parent": "Body",
          "pivot": [
            0,
            51,
            0
          ],
          "cubes": [
            {
              "origin": [
                -3,
                51,
                -3
              ],
              "size": [
                6,
                12,
                6
              ],
              "uv": [
                78,
                79
              ]
            }
          ]
        },
        {
          "name": "bone8",
          "parent": "bone7",
          "pivot": [
            0,
            51,
            0
          ]
        },
        {
          "name": "bone10",
          "parent": "bone8",
          "pivot": [
            0,
            63,
            0
          ],
          "cubes": [
            {
              "origin": [
                -5,
                63,
                -5
              ],
              "size": [
                10,
                10,
                10
              ],
              "inflate": -0.01,
              "uv": [
                43,
                50
              ]
            },
            {
              "origin": [
                0,
                68,
                -6
              ],
              "size": [
                6,
                2,
                4
              ],
              "uv": [
                0,
                128
              ]
            }
          ]
        },
        {
          "name": "bone9",
          "parent": "bone10",
          "pivot": [
            0,
            64,
            -5
          ],
          "cubes": [
            {
              "origin": [
                -7,
                61,
                -5
              ],
              "size": [
                14,
                7,
                0
              ],
              "uv": [
                97,
                59
              ]
            }
          ]
        }
      ]
    }
  ]
}