{
  "format_version": "1.12.0",
  "minecraft:geometry": [
    {
      "description": {
        "identifier": "geometry.skibidi_toilet_radioactivity_skull_toilet",
        "texture_width": 256,
        "texture_height": 256,
        "visible_bounds_width": 4,
        "visible_bounds_height": 4.5,
        "visible_bounds_offset": [
          0,
          1.75,
          0
        ]
      },
      "bones": [
        {
          "name": "bone4",
          "pivot": [
            0,
            12,
            0
          ],
          "cubes": [
            {
              "origin": [
                -8,
                7,
                -8
              ],
              "size": [
                16,
                16,
                16
              ],
              "uv": [
                0,
                0
              ]
            },
            {
              "origin": [
                -10,
                13,
                -12
              ],
              "size": [
                20,
                12,
                2
              ],
              "pivot": [
                0,
                8,
                -2
              ],
              "rotation": [
                -15,
                0,
                0
              ],
              "uv": [
                41,
                82
              ]
            },
            {
              "origin": [
                -10,
                15,
                -10
              ],
              "size": [
                20,
                8,
                5
              ],
              "pivot": [
                0,
                8,
                -2
              ],
              "rotation": [
                -15,
                0,
                0
              ],
              "uv": [
                206,
                46
              ]
            },
            {
              "origin": [
                0,
                36,
                11
              ],
              "size": [
                0,
                11,
                6
              ],
              "pivot": [
                0,
                2,
                0
              ],
              "rotation": [
                -7.5,
                0,
                0
              ],
              "uv": [
                102,
                10
              ]
            },
            {
              "origin": [
                5,
                7,
                8
              ],
              "size": [
                6,
                18,
                7
              ],
              "uv": [
                79,
                92
              ]
            },
            {
              "origin": [
                -5,
                7,
                8
              ],
              "size": [
                10,
                27,
                13
              ],
              "uv": [
                0,
                33
              ]
            },
            {
              "origin": [
                -11,
                7,
                8
              ],
              "size": [
                6,
                18,
                7
              ],
              "uv": [
                86,
                66
              ]
            },
            {
              "origin": [
                -8,
                0,
                -7
              ],
              "size": [
                16,
                2,
                14
              ],
              "uv": [
                47,
                33
              ]
            },
            {
              "origin": [
                -6,
                2,
                -5
              ],
              "size": [
                12,
                5,
                10
              ],
              "uv": [
                84,
                50
              ]
            }
          ]
        },
        {
          "name": "bone5",
          "parent": "bone4",
          "pivot": [
            -8,
            21,
            0
          ],
          "cubes": [
            {
              "origin": [
                -14.24168,
                5.94485,
                -5
              ],
              "size": [
                8,
                21,
                10
              ],
              "pivot": [
                -8,
                21,
                0
              ],
              "rotation": [
                0,
                0,
                12.5
              ],
              "uv": [
                65,
                0
              ]
            }
          ]
        },
        {
          "name": "bone6",
          "parent": "bone4",
          "pivot": [
            8,
            21,
            0
          ],
          "cubes": [
            {
              "origin": [
                6.24168,
                5.94485,
                -5
              ],
              "size": [
                8,
                21,
                10
              ],
              "pivot": [
                8,
                21,
                0
              ],
              "rotation": [
                0,
                0,
                -12.5
              ],
              "uv": [
                47,
                50
              ]
            }
          ]
        },
        {
          "name": "bone3",
          "parent": "bone4",
          "pivot": [
            0,
            23,
            1
          ],
          "rotation": [
            7.5,
            0,
            0
          ],
          "cubes": [
            {
              "origin": [
                -3,
                23.5,
                -2
              ],
              "size": [
                2,
                13,
                3
              ],
              "uv": [
                14,
                110
              ]
            },
            {
              "origin": [
                0,
                23,
                3
              ],
              "size": [
                0,
                14,
                2
              ],
              "uv": [
                74,
                108
              ]
            },
            {
              "origin": [
                -2,
                23,
                -1
              ],
              "size": [
                4,
                14,
                4
              ],
              "uv": [
                0,
                94
              ]
            },
            {
              "origin": [
                1,
                23.5,
                -2
              ],
              "size": [
                2,
                13,
                3
              ],
              "uv": [
                106,
                99
              ]
            }
          ]
        },
        {
          "name": "bone2",
          "parent": "bone3",
          "pivot": [
            0,
            36,
            2
          ],
          "rotation": [
            -10,
            0,
            0
          ],
          "cubes": [
            {
              "origin": [
                -5,
                38,
                -7
              ],
              "size": [
                10,
                7,
                2
              ],
              "uv": [
                34,
                33
              ]
            },
            {
              "origin": [
                3,
                38,
                0
              ],
              "size": [
                7,
                7,
                0
              ],
              "pivot": [
                -2,
                38,
                11
              ],
              "rotation": [
                0,
                -15,
                0
              ],
              "uv": [
                0,
                0
              ]
            },
            {
              "origin": [
                5,
                38,
                -5
              ],
              "size": [
                1,
                7,
                10
              ],
              "inflate": -0.02,
              "uv": [
                99,
                189
              ]
            },
            {
              "origin": [
                -6,
                38,
                -5
              ],
              "size": [
                1,
                7,
                10
              ],
              "inflate": -0.02,
              "uv": [
                0,
                197
              ]
            },
            {
              "origin": [
                -5,
                36,
                -5
              ],
              "size": [
                10,
                9,
                10
              ],
              "uv": [
                0,
                74
              ]
            },
            {
              "origin": [
                -5,
                38,
                -2
              ],
              "size": [
                10,
                5,
                0
              ],
              "uv": [
                111,
                133
              ]
            },
            {
              "origin": [
                -5,
                33,
                -5
              ],
              "size": [
                10,
                3,
                8
              ],
              "uv": [
                0,
                130
              ]
            },
            {
              "origin": [
                -6,
                45,
                -3
              ],
              "size": [
                12,
                1,
                8
              ],
              "uv": [
                92,
                0
              ]
            },
            {
              "origin": [
                -6,
                38.16271,
                4.5
              ],
              "size": [
                12,
                7,
                1
              ],
              "inflate": -0.02,
              "pivot": [
                0,
                44,
                3
              ],
              "rotation": [
                2.5,
                0,
                0
              ],
              "uv": [
                155,
                0
              ]
            },
            {
              "origin": [
                -6,
                42,
                -6
              ],
              "size": [
                12,
                5,
                2
              ],
              "pivot": [
                0,
                44,
                -5
              ],
              "rotation": [
                -35,
                0,
                0
              ],
              "uv": [
                98,
                91
              ]
            },
            {
              "origin": [
                -13,
                38,
                0
              ],
              "size": [
                10,
                12,
                0
              ],
              "pivot": [
                2,
                38,
                5
              ],
              "rotation": [
                0,
                27.5,
                0
              ],
              "uv": [
                55,
                97
              ]
            }
          ]
        },
        {
          "name": "bone",
          "parent": "bone2",
          "pivot": [
            0,
            36,
            2
          ],
          "cubes": [
            {
              "origin": [
                -5,
                32,
                -5
              ],
              "size": [
                10,
                4,
                7
              ],
              "inflate": -0.02,
              "uv": [
                92,
                32
              ]
            }
          ]
        }
      ]
    }
  ]
}