{
  "format_version": "1.12.0",
  "minecraft:geometry": [
    {
      "description": {
        "identifier": "geometry.skibidi_toilet_big_cameraman_titan",
        "texture_width": 512,
        "texture_height": 512,
        "visible_bounds_width": 7,
        "visible_bounds_height": 9.5,
        "visible_bounds_offset": [
          0,
          4.25,
          0
        ]
      },
      "bones": [
        {
          "name": "Root",
          "pivot": [
            0,
            0,
            0
          ]
        },
        {
          "name": "Body",
          "parent": "Root",
          "pivot": [
            0,
            55,
            0
          ],
          "cubes": [
            {
              "origin": [
                -13,
                55,
                -9
              ],
              "size": [
                26,
                22,
                16
              ],
              "uv": [
                0,
                43
              ]
            },
            {
              "origin": [
                -15,
                77,
                -9
              ],
              "size": [
                30,
                26,
                16
              ],
              "uv": [
                0,
                0
              ]
            }
          ]
        },
        {
          "name": "bone6",
          "parent": "Body",
          "pivot": [
            0,
            88,
            -9
          ],
          "cubes": [
            {
              "origin": [
                -7,
                80,
                -15
              ],
              "size": [
                14,
                15,
                6
              ],
              "uv": [
                238,
                145
              ]
            },
            {
              "origin": [
                -7,
                95,
                -23
              ],
              "size": [
                14,
                4,
                14
              ],
              "uv": [
                229,
                0
              ]
            },
            {
              "origin": [
                -5,
                76,
                -17
              ],
              "size": [
                10,
                4,
                10
              ],
              "pivot": [
                0,
                80,
                -8
              ],
              "rotation": [
                -7.5,
                0,
                0
              ],
              "uv": [
                239,
                56
              ]
            }
          ]
        },
        {
          "name": "bone4",
          "parent": "bone6",
          "pivot": [
            -7,
            88,
            -15
          ],
          "cubes": [
            {
              "origin": [
                -7,
                80,
                -25
              ],
              "size": [
                0,
                15,
                10
              ],
              "pivot": [
                -7,
                88,
                -15
              ],
              "rotation": [
                0,
                -42.5,
                0
              ],
              "uv": [
                0,
                261
              ]
            }
          ]
        },
        {
          "name": "bone5",
          "parent": "bone6",
          "pivot": [
            7,
            88,
            -15
          ],
          "cubes": [
            {
              "origin": [
                7,
                80,
                -25
              ],
              "size": [
                0,
                15,
                10
              ],
              "pivot": [
                7,
                88,
                -15
              ],
              "rotation": [
                0,
                42.5,
                0
              ],
              "uv": [
                0,
                300
              ]
            }
          ]
        },
        {
          "name": "Leftarm",
          "parent": "Body",
          "pivot": [
            15,
            98,
            0
          ],
          "cubes": [
            {
              "origin": [
                26,
                67,
                1
              ],
              "size": [
                18,
                36,
                0
              ],
              "pivot": [
                26,
                90,
                1
              ],
              "rotation": [
                0,
                -25,
                0
              ],
              "uv": [
                237,
                231
              ]
            },
            {
              "origin": [
                15,
                67,
                -5
              ],
              "size": [
                11,
                36,
                10
              ],
              "uv": [
                151,
                59
              ]
            }
          ]
        },
        {
          "name": "bone7",
          "parent": "Leftarm",
          "pivot": [
            20,
            67,
            0
          ],
          "cubes": [
            {
              "origin": [
                15,
                26,
                -4
              ],
              "size": [
                10,
                41,
                9
              ],
              "uv": [
                154,
                150
              ]
            },
            {
              "origin": [
                20,
                51,
                -5
              ],
              "size": [
                6,
                11,
                11
              ],
              "uv": [
                95,
                240
              ]
            },
            {
              "origin": [
                18,
                18,
                -3
              ],
              "size": [
                14,
                25,
                7
              ],
              "uv": [
                159,
                226
              ]
            },
            {
              "origin": [
                16,
                22,
                -5
              ],
              "size": [
                11,
                29,
                11
              ],
              "uv": [
                163,
                106
              ]
            }
          ]
        },
        {
          "name": "Rightarm",
          "parent": "Body",
          "pivot": [
            -15,
            98,
            0
          ],
          "cubes": [
            {
              "origin": [
                -26,
                67,
                -5
              ],
              "size": [
                11,
                36,
                10
              ],
              "uv": [
                145,
                0
              ]
            },
            {
              "origin": [
                -44,
                67,
                1
              ],
              "size": [
                18,
                36,
                0
              ],
              "pivot": [
                -26,
                90,
                1
              ],
              "rotation": [
                0,
                25,
                0
              ],
              "uv": [
                229,
                19
              ]
            }
          ]
        },
        {
          "name": "bone3",
          "parent": "Rightarm",
          "pivot": [
            -20,
            67,
            0
          ],
          "cubes": [
            {
              "origin": [
                -25,
                26,
                -4
              ],
              "size": [
                10,
                41,
                9
              ],
              "uv": [
                0,
                131
              ]
            },
            {
              "origin": [
                -27,
                22,
                -5
              ],
              "size": [
                11,
                29,
                11
              ],
              "uv": [
                104,
                159
              ]
            },
            {
              "origin": [
                -32,
                18,
                -3
              ],
              "size": [
                14,
                25,
                7
              ],
              "uv": [
                52,
                226
              ]
            },
            {
              "origin": [
                -26,
                51,
                -5
              ],
              "size": [
                6,
                11,
                11
              ],
              "uv": [
                114,
                59
              ]
            }
          ]
        },
        {
          "name": "Head",
          "parent": "Body",
          "pivot": [
            0,
            103,
            -1
          ],
          "cubes": [
            {
              "origin": [
                7,
                108,
                -5
              ],
              "size": [
                3,
                10,
                10
              ],
              "pivot": [
                6,
                108,
                -3
              ],
              "rotation": [
                0,
                -7.5,
                0
              ],
              "uv": [
                256,
                199
              ]
            },
            {
              "origin": [
                5,
                105,
                -17
              ],
              "size": [
                7,
                8,
                3
              ],
              "pivot": [
                -6,
                108,
                -3
              ],
              "rotation": [
                0,
                -7.5,
                0
              ],
              "uv": [
                92,
                117
              ]
            },
            {
              "origin": [
                6,
                105,
                -9
              ],
              "size": [
                5,
                8,
                9
              ],
              "pivot": [
                6,
                108,
                -3
              ],
              "rotation": [
                0,
                -7.5,
                0
              ],
              "uv": [
                245,
                127
              ]
            },
            {
              "origin": [
                6,
                106,
                -12
              ],
              "size": [
                5,
                5,
                3
              ],
              "pivot": [
                6,
                108,
                -3
              ],
              "rotation": [
                0,
                -7.5,
                0
              ],
              "uv": [
                106,
                59
              ]
            },
            {
              "origin": [
                -10,
                108,
                -5
              ],
              "size": [
                3,
                10,
                10
              ],
              "pivot": [
                -6,
                108,
                -3
              ],
              "rotation": [
                0,
                7.5,
                0
              ],
              "uv": [
                35,
                249
              ]
            },
            {
              "origin": [
                -12,
                105,
                -15
              ],
              "size": [
                7,
                8,
                3
              ],
              "pivot": [
                -6,
                108,
                -4
              ],
              "rotation": [
                0,
                7.5,
                0
              ],
              "uv": [
                92,
                117
              ]
            },
            {
              "origin": [
                -11,
                107,
                -12
              ],
              "size": [
                5,
                5,
                3
              ],
              "pivot": [
                -6,
                108,
                -3
              ],
              "rotation": [
                0,
                7.5,
                0
              ],
              "uv": [
                106,
                59
              ]
            },
            {
              "origin": [
                -11,
                105,
                -9
              ],
              "size": [
                5,
                8,
                9
              ],
              "pivot": [
                -6,
                108,
                -3
              ],
              "rotation": [
                0,
                7.5,
                0
              ],
              "uv": [
                69,
                171
              ]
            },
            {
              "origin": [
                -3,
                115,
                -14
              ],
              "size": [
                6,
                14,
                8
              ],
              "pivot": [
                0,
                115,
                -14
              ],
              "rotation": [
                -5,
                0,
                0
              ],
              "uv": [
                130,
                240
              ]
            },
            {
              "origin": [
                -6,
                103,
                -27
              ],
              "size": [
                12,
                12,
                6
              ],
              "uv": [
                93,
                0
              ]
            },
            {
              "origin": [
                -4,
                105,
                -21
              ],
              "size": [
                8,
                8,
                4
              ],
              "uv": [
                43,
                82
              ]
            },
            {
              "origin": [
                -6,
                103,
                -17
              ],
              "size": [
                12,
                12,
                22
              ],
              "uv": [
                71,
                21
              ]
            },
            {
              "origin": [
                -4,
                107,
                -3
              ],
              "size": [
                8,
                17,
                15
              ],
              "uv": [
                192,
                147
              ]
            }
          ]
        },
        {
          "name": "bone8",
          "parent": "Head",
          "pivot": [
            3,
            115,
            -13
          ],
          "cubes": [
            {
              "origin": [
                3,
                115,
                -17
              ],
              "size": [
                1,
                13,
                7
              ],
              "pivot": [
                3,
                115,
                -13
              ],
              "rotation": [
                0,
                0,
                20
              ],
              "uv": [
                128,
                82
              ]
            }
          ]
        },
        {
          "name": "bone9",
          "parent": "Head",
          "pivot": [
            -3,
            115,
            -13
          ],
          "cubes": [
            {
              "origin": [
                -4,
                115,
                -17
              ],
              "size": [
                1,
                13,
                7
              ],
              "pivot": [
                -3,
                115,
                -13
              ],
              "rotation": [
                0,
                0,
                -20
              ],
              "uv": [
                118,
                19
              ]
            }
          ]
        },
        {
          "name": "bone10",
          "parent": "Body",
          "pivot": [
            0,
            93,
            7
          ],
          "cubes": [
            {
              "origin": [
                -6,
                68,
                7
              ],
              "size": [
                12,
                35,
                6
              ],
              "uv": [
                208,
                103
              ]
            },
            {
              "origin": [
                -1,
                103,
                9
              ],
              "size": [
                2,
                2,
                28
              ],
              "uv": [
                112,
                28
              ]
            },
            {
              "origin": [
                -1,
                69,
                13
              ],
              "size": [
                2,
                7,
                7
              ],
              "uv": [
                104,
                263
              ]
            },
            {
              "origin": [
                -1,
                86,
                13
              ],
              "size": [
                2,
                17,
                11
              ],
              "uv": [
                0,
                182
              ]
            }
          ]
        },
        {
          "name": "bone11",
          "parent": "bone10",
          "pivot": [
            -7,
            93,
            7
          ],
          "cubes": [
            {
              "origin": [
                -17,
                62,
                7
              ],
              "size": [
                11,
                41,
                12
              ],
              "uv": [
                57,
                117
              ]
            },
            {
              "origin": [
                -19,
                57,
                6
              ],
              "size": [
                15,
                5,
                14
              ],
              "uv": [
                114,
                201
              ]
            },
            {
              "origin": [
                -19,
                103,
                6
              ],
              "size": [
                15,
                5,
                14
              ],
              "uv": [
                194,
                83
              ]
            },
            {
              "origin": [
                -19,
                97,
                6
              ],
              "size": [
                15,
                4,
                14
              ],
              "uv": [
                100,
                221
              ]
            },
            {
              "origin": [
                -19,
                64,
                6
              ],
              "size": [
                15,
                4,
                14
              ],
              "uv": [
                214,
                180
              ]
            }
          ]
        },
        {
          "name": "bone12",
          "parent": "bone10",
          "pivot": [
            7,
            93,
            7
          ],
          "cubes": [
            {
              "origin": [
                6,
                62,
                7
              ],
              "size": [
                11,
                41,
                12
              ],
              "uv": [
                116,
                105
              ]
            },
            {
              "origin": [
                4,
                64,
                6
              ],
              "size": [
                15,
                4,
                14
              ],
              "uv": [
                0,
                214
              ]
            },
            {
              "origin": [
                4,
                57,
                6
              ],
              "size": [
                15,
                5,
                14
              ],
              "uv": [
                194,
                63
              ]
            },
            {
              "origin": [
                4,
                97,
                6
              ],
              "size": [
                15,
                4,
                14
              ],
              "uv": [
                211,
                212
              ]
            },
            {
              "origin": [
                4,
                103,
                6
              ],
              "size": [
                15,
                5,
                14
              ],
              "uv": [
                184,
                43
              ]
            }
          ]
        },
        {
          "name": "Leftleg",
          "parent": "Root",
          "pivot": [
            8,
            56,
            -1
          ],
          "cubes": [
            {
              "origin": [
                1.5,
                31,
                -7
              ],
              "size": [
                11,
                24,
                11
              ],
              "uv": [
                180,
                190
              ]
            }
          ]
        },
        {
          "name": "bone15",
          "parent": "Leftleg",
          "pivot": [
            13,
            51,
            -1
          ],
          "cubes": [
            {
              "origin": [
                -1,
                23,
                -8
              ],
              "size": [
                14,
                34,
                14
              ],
              "pivot": [
                13,
                51,
                -1
              ],
              "rotation": [
                0,
                0,
                -5
              ],
              "uv": [
                0,
                82
              ]
            }
          ]
        },
        {
          "name": "bone",
          "parent": "Leftleg",
          "pivot": [
            8,
            31,
            -1
          ],
          "cubes": [
            {
              "origin": [
                3,
                0,
                -7
              ],
              "size": [
                9,
                31,
                11
              ],
              "uv": [
                188,
                0
              ]
            },
            {
              "origin": [
                3,
                8,
                -10
              ],
              "size": [
                9,
                13,
                3
              ],
              "uv": [
                259,
                167
              ]
            },
            {
              "origin": [
                3,
                0,
                -16
              ],
              "size": [
                9,
                5,
                9
              ],
              "uv": [
                245,
                112
              ]
            }
          ]
        },
        {
          "name": "Rightleg",
          "parent": "Root",
          "pivot": [
            -8,
            56,
            -1
          ],
          "cubes": [
            {
              "origin": [
                -12.5,
                31,
                -7
              ],
              "size": [
                11,
                24,
                11
              ],
              "uv": [
                69,
                189
              ]
            }
          ]
        },
        {
          "name": "bone16",
          "parent": "Rightleg",
          "pivot": [
            -13,
            51,
            -1
          ],
          "cubes": [
            {
              "origin": [
                -13,
                23,
                -8
              ],
              "size": [
                14,
                34,
                14
              ],
              "pivot": [
                -13,
                51,
                -1
              ],
              "rotation": [
                0,
                0,
                5
              ],
              "uv": [
                71,
                68
              ]
            }
          ]
        },
        {
          "name": "bone2",
          "parent": "Rightleg",
          "pivot": [
            -8,
            31,
            -1
          ],
          "cubes": [
            {
              "origin": [
                -12,
                0,
                -7
              ],
              "size": [
                9,
                31,
                11
              ],
              "uv": [
                28,
                171
              ]
            },
            {
              "origin": [
                -12,
                8,
                -10
              ],
              "size": [
                9,
                13,
                3
              ],
              "uv": [
                159,
                259
              ]
            },
            {
              "origin": [
                -12,
                0,
                -16
              ],
              "size": [
                9,
                5,
                9
              ],
              "uv": [
                245,
                97
              ]
            }
          ]
        }
      ]
    }
  ]
}