{
  "format_version": "1.12.0",
  "minecraft:geometry": [
    {
      "description": {
        "identifier": "geometry.skibidi_toilet_rocket_buzz_saw_toilet",
        "texture_width": 128,
        "texture_height": 128,
        "visible_bounds_width": 7,
        "visible_bounds_height": 3.5,
        "visible_bounds_offset": [
          0,
          1.25,
          0
        ]
      },
      "bones": [
        {
          "name": "bone2",
          "pivot": [
            0,
            10,
            0
          ],
          "cubes": [
            {
              "origin": [
                -6,
                10,
                -6
              ],
              "size": [
                12,
                10,
                12
              ],
              "uv": [
                0,
                44
              ]
            },
            {
              "origin": [
                -5,
                4,
                -5
              ],
              "size": [
                10,
                2,
                10
              ],
              "uv": [
                49,
                44
              ]
            },
            {
              "origin": [
                -4,
                6,
                -4
              ],
              "size": [
                8,
                4,
                8
              ],
              "uv": [
                67,
                0
              ]
            },
            {
              "origin": [
                -6,
                16,
                6
              ],
              "size": [
                12,
                15,
                4
              ],
              "uv": [
                49,
                57
              ]
            },
            {
              "origin": [
                -8,
                25,
                2
              ],
              "size": [
                2,
                2,
                7
              ],
              "uv": [
                67,
                85
              ]
            },
            {
              "origin": [
                6,
                25,
                2
              ],
              "size": [
                2,
                2,
                7
              ],
              "uv": [
                0,
                83
              ]
            },
            {
              "origin": [
                6,
                17,
                -1
              ],
              "size": [
                3,
                3,
                12
              ],
              "uv": [
                55,
                23
              ]
            },
            {
              "origin": [
                -3,
                17,
                10
              ],
              "size": [
                6,
                6,
                8
              ],
              "uv": [
                74,
                69
              ]
            },
            {
              "origin": [
                -4,
                16,
                18
              ],
              "size": [
                8,
                8,
                4
              ],
              "uv": [
                80,
                39
              ]
            },
            {
              "origin": [
                5,
                16,
                11
              ],
              "size": [
                5,
                5,
                4
              ],
              "uv": [
                37,
                44
              ]
            },
            {
              "origin": [
                -10,
                16,
                11
              ],
              "size": [
                5,
                5,
                4
              ],
              "uv": [
                37,
                44
              ]
            },
            {
              "origin": [
                -9,
                17,
                -1
              ],
              "size": [
                3,
                3,
                12
              ],
              "uv": [
                55,
                23
              ]
            }
          ]
        },
        {
          "name": "bone",
          "parent": "bone2",
          "pivot": [
            0,
            14,
            0
          ],
          "cubes": [
            {
              "origin": [
                -9,
                13,
                -9
              ],
              "size": [
                18,
                2,
                18
              ],
              "uv": [
                0,
                23
              ]
            },
            {
              "origin": [
                -11,
                14,
                -11
              ],
              "size": [
                22,
                0,
                22
              ],
              "uv": [
                -22,
                106
              ]
            }
          ]
        },
        {
          "name": "bone5",
          "parent": "bone2",
          "pivot": [
            0,
            14,
            0
          ],
          "cubes": [
            {
              "origin": [
                -2.5,
                14,
                -2
              ],
              "size": [
                5,
                12,
                5
              ],
              "uv": [
                0,
                0
              ]
            }
          ]
        },
        {
          "name": "bone3",
          "parent": "bone5",
          "pivot": [
            0,
            26,
            0
          ],
          "cubes": [
            {
              "origin": [
                -3.5,
                26,
                -3
              ],
              "size": [
                7,
                7,
                7
              ],
              "inflate": -0.02,
              "uv": [
                24,
                76
              ]
            },
            {
              "origin": [
                0.5,
                28,
                -4
              ],
              "size": [
                4,
                4,
                3
              ],
              "uv": [
                67,
                13
              ]
            },
            {
              "origin": [
                4.5,
                30,
                -7
              ],
              "size": [
                2,
                2,
                9
              ],
              "uv": [
                74,
                23
              ]
            }
          ]
        },
        {
          "name": "bone4",
          "parent": "bone3",
          "pivot": [
            0,
            25,
            -3
          ],
          "cubes": [
            {
              "origin": [
                -2.5,
                25,
                -3
              ],
              "size": [
                5,
                2,
                0
              ],
              "uv": [
                0,
                18
              ]
            }
          ]
        },
        {
          "name": "bone8",
          "parent": "bone2",
          "pivot": [
            0,
            20,
            22
          ],
          "cubes": [
            {
              "origin": [
                -2,
                18,
                22
              ],
              "size": [
                4,
                4,
                6
              ],
              "uv": [
                53,
                77
              ]
            }
          ]
        },
        {
          "name": "bone6",
          "parent": "bone2",
          "pivot": [
            7.5,
            18.5,
            15
          ],
          "cubes": [
            {
              "origin": [
                6,
                17,
                15
              ],
              "size": [
                3,
                3,
                5
              ],
              "uv": [
                0,
                32
              ]
            }
          ]
        },
        {
          "name": "bone7",
          "parent": "bone2",
          "pivot": [
            -7.5,
            18.5,
            15
          ],
          "cubes": [
            {
              "origin": [
                -9,
                17,
                15
              ],
              "size": [
                3,
                3,
                5
              ],
              "uv": [
                0,
                32
              ],
              "mirror": true
            }
          ]
        }
      ]
    }
  ]
}