{
  "format_version": "1.12.0",
  "minecraft:geometry": [
    {
      "description": {
        "identifier": "geometry.skibidi_toilet_shield_big_speaker_man",
        "texture_width": 128,
        "texture_height": 128,
        "visible_bounds_width": 4,
        "visible_bounds_height": 5.5,
        "visible_bounds_offset": [
          0,
          2.25,
          0
        ]
      },
      "bones": [
        {
          "name": "Root",
          "pivot": [
            0,
            29,
            0
          ]
        },
        {
          "name": "Body",
          "parent": "Root",
          "pivot": [
            0,
            29,
            0
          ],
          "cubes": [
            {
              "origin": [
                -6,
                29,
                -4
              ],
              "size": [
                12,
                7,
                7
              ],
              "uv": [
                35,
                46
              ]
            },
            {
              "origin": [
                -7,
                36,
                -4
              ],
              "size": [
                14,
                12,
                7
              ],
              "uv": [
                32,
                0
              ]
            }
          ]
        },
        {
          "name": "bone",
          "parent": "Body",
          "pivot": [
            0,
            48,
            -4
          ],
          "cubes": [
            {
              "origin": [
                -2,
                27,
                -4
              ],
              "size": [
                4,
                21,
                0
              ],
              "pivot": [
                0,
                48,
                -4
              ],
              "rotation": [
                -2.5,
                0,
                0
              ],
              "uv": [
                17,
                107
              ]
            }
          ]
        },
        {
          "name": "Rightarm",
          "parent": "Body",
          "pivot": [
            -7,
            46,
            0
          ],
          "cubes": [
            {
              "origin": [
                -13,
                47,
                -3
              ],
              "size": [
                6,
                9,
                5
              ],
              "inflate": 0.02,
              "pivot": [
                -11,
                47,
                0
              ],
              "rotation": [
                0,
                0,
                -12.5
              ],
              "uv": [
                82,
                21
              ]
            },
            {
              "origin": [
                -13,
                36,
                -3
              ],
              "size": [
                6,
                12,
                5
              ],
              "uv": [
                74,
                39
              ]
            }
          ]
        },
        {
          "name": "bone2",
          "parent": "Rightarm",
          "pivot": [
            -10,
            36,
            0
          ],
          "cubes": [
            {
              "origin": [
                -12,
                12,
                -3
              ],
              "size": [
                5,
                24,
                5
              ],
              "uv": [
                56,
                61
              ]
            }
          ]
        },
        {
          "name": "bone3",
          "parent": "bone2",
          "pivot": [
            10,
            17,
            0
          ],
          "cubes": [
            {
              "origin": [
                -12,
                18,
                -3
              ],
              "size": [
                5,
                2,
                5
              ],
              "inflate": 0.02,
              "uv": [
                0,
                19
              ]
            },
            {
              "origin": [
                -14,
                11,
                -9
              ],
              "size": [
                2,
                18,
                27
              ],
              "uv": [
                0,
                0
              ]
            },
            {
              "origin": [
                -14,
                11,
                -13
              ],
              "size": [
                2,
                18,
                2
              ],
              "uv": [
                0,
                86
              ]
            },
            {
              "origin": [
                -14,
                11,
                -11
              ],
              "size": [
                2,
                2,
                2
              ],
              "uv": [
                16,
                19
              ]
            },
            {
              "origin": [
                -14,
                27,
                -11
              ],
              "size": [
                2,
                2,
                2
              ],
              "uv": [
                18,
                0
              ]
            }
          ]
        },
        {
          "name": "Leftarm",
          "parent": "Body",
          "pivot": [
            7,
            46,
            0
          ],
          "cubes": [
            {
              "origin": [
                7,
                36,
                -3
              ],
              "size": [
                6,
                12,
                5
              ],
              "uv": [
                0,
                68
              ]
            },
            {
              "origin": [
                7,
                47,
                -3
              ],
              "size": [
                6,
                9,
                5
              ],
              "inflate": 0.02,
              "pivot": [
                11,
                47,
                0
              ],
              "rotation": [
                0,
                0,
                12.5
              ],
              "uv": [
                77,
                78
              ]
            }
          ]
        },
        {
          "name": "bone4",
          "parent": "Leftarm",
          "pivot": [
            10,
            36,
            0
          ],
          "cubes": [
            {
              "origin": [
                7,
                12,
                -3
              ],
              "size": [
                5,
                24,
                5
              ],
              "uv": [
                35,
                61
              ]
            }
          ]
        },
        {
          "name": "Head",
          "parent": "Body",
          "pivot": [
            0,
            49,
            0
          ],
          "cubes": [
            {
              "origin": [
                -5,
                48,
                -5
              ],
              "size": [
                10,
                14,
                7
              ],
              "uv": [
                0,
                46
              ]
            }
          ]
        },
        {
          "name": "Rightleg",
          "parent": "Root",
          "pivot": [
            -3,
            29,
            0
          ],
          "rotation": [
            0,
            0,
            2.5
          ],
          "cubes": [
            {
              "origin": [
                -6,
                16,
                -3
              ],
              "size": [
                6,
                13,
                5
              ],
              "uv": [
                59,
                20
              ]
            }
          ]
        },
        {
          "name": "bone5",
          "parent": "Rightleg",
          "pivot": [
            -3,
            15,
            0
          ],
          "cubes": [
            {
              "origin": [
                -5.5,
                0,
                -2.5
              ],
              "size": [
                5,
                16,
                4
              ],
              "uv": [
                77,
                57
              ]
            },
            {
              "origin": [
                -5.5,
                0,
                -4.5
              ],
              "size": [
                5,
                2,
                2
              ],
              "uv": [
                32,
                20
              ]
            }
          ]
        },
        {
          "name": "Leftleg",
          "parent": "Root",
          "pivot": [
            3,
            29,
            0
          ],
          "rotation": [
            0,
            0,
            -2.5
          ],
          "cubes": [
            {
              "origin": [
                0,
                16,
                -3
              ],
              "size": [
                6,
                13,
                5
              ],
              "uv": [
                0,
                0
              ]
            }
          ]
        },
        {
          "name": "bone6",
          "parent": "Leftleg",
          "pivot": [
            3,
            15,
            0
          ],
          "cubes": [
            {
              "origin": [
                0.5,
                0,
                -2.5
              ],
              "size": [
                5,
                16,
                4
              ],
              "uv": [
                77,
                0
              ]
            },
            {
              "origin": [
                0.5,
                0,
                -4.5
              ],
              "size": [
                5,
                2,
                2
              ],
              "uv": [
                47,
                20
              ]
            }
          ]
        }
      ]
    }
  ]
}