{
  "format_version": "1.12.0",
  "minecraft:geometry": [
    {
      "description": {
        "identifier": "geometry.skibidi_toilet_little_camera_man",
        "texture_width": 64,
        "texture_height": 64,
        "visible_bounds_width": 2,
        "visible_bounds_height": 2.5,
        "visible_bounds_offset": [
          0,
          0.75,
          0
        ]
      },
      "bones": [
        {
          "name": "Root",
          "pivot": [
            0,
            6,
            0
          ]
        },
        {
          "name": "Leftleg",
          "parent": "Root",
          "pivot": [
            1,
            6,
            0
          ],
          "cubes": [
            {
              "origin": [
                0,
                2,
                -1
              ],
              "size": [
                2,
                5,
                2
              ],
              "inflate": 0.02,
              "pivot": [
                2,
                6,
                0
              ],
              "rotation": [
                0,
                0,
                -7.5
              ],
              "uv": [
                24,
                15
              ]
            },
            {
              "origin": [
                0,
                0,
                -1
              ],
              "size": [
                2,
                6,
                2
              ],
              "uv": [
                22,
                0
              ]
            }
          ]
        },
        {
          "name": "Body",
          "parent": "Root",
          "pivot": [
            0,
            6,
            0
          ],
          "cubes": [
            {
              "origin": [
                -2,
                6,
                -1.5
              ],
              "size": [
                4,
                6,
                3
              ],
              "uv": [
                0,
                9
              ]
            }
          ]
        },
        {
          "name": "Leftarm",
          "parent": "Body",
          "pivot": [
            2,
            12,
            0
          ],
          "cubes": [
            {
              "origin": [
                2,
                6,
                -1
              ],
              "size": [
                2,
                6,
                2
              ],
              "uv": [
                0,
                19
              ]
            },
            {
              "origin": [
                2,
                7,
                -1
              ],
              "size": [
                2,
                1,
                2
              ],
              "inflate": 0.02,
              "uv": [
                9,
                28
              ]
            }
          ]
        },
        {
          "name": "Rightarm",
          "parent": "Body",
          "pivot": [
            -2,
            12,
            0
          ],
          "cubes": [
            {
              "origin": [
                -4,
                6,
                -1
              ],
              "size": [
                2,
                6,
                2
              ],
              "uv": [
                15,
                16
              ]
            },
            {
              "origin": [
                -4,
                7,
                -1
              ],
              "size": [
                2,
                1,
                2
              ],
              "inflate": 0.02,
              "uv": [
                0,
                28
              ]
            }
          ]
        },
        {
          "name": "Head",
          "parent": "Body",
          "pivot": [
            0,
            13,
            0
          ],
          "cubes": [
            {
              "origin": [
                -1.6,
                12,
                -3
              ],
              "size": [
                1,
                1,
                2
              ],
              "uv": [
                29,
                29
              ]
            },
            {
              "origin": [
                -2.6,
                13,
                -3
              ],
              "size": [
                1,
                2,
                2
              ],
              "uv": [
                40,
                21
              ]
            },
            {
              "origin": [
                -1.6,
                13,
                -3
              ],
              "size": [
                3,
                3,
                5
              ],
              "uv": [
                0,
                0
              ]
            },
            {
              "origin": [
                -1,
                12,
                -1
              ],
              "size": [
                2,
                1,
                2
              ],
              "uv": [
                12,
                0
              ]
            },
            {
              "origin": [
                -1.6,
                13,
                -5
              ],
              "size": [
                3,
                3,
                2
              ],
              "uv": [
                24,
                9
              ]
            }
          ]
        },
        {
          "name": "Rightleg",
          "parent": "Root",
          "pivot": [
            -1,
            6,
            0
          ],
          "cubes": [
            {
              "origin": [
                -2,
                2,
                -1
              ],
              "size": [
                2,
                5,
                2
              ],
              "inflate": 0.02,
              "pivot": [
                -2,
                6,
                0
              ],
              "rotation": [
                0,
                0,
                7.5
              ],
              "uv": [
                22,
                23
              ]
            },
            {
              "origin": [
                -2,
                0,
                -1
              ],
              "size": [
                2,
                6,
                2
              ],
              "uv": [
                15,
                7
              ]
            }
          ]
        }
      ]
    }
  ]
}