{
  "format_version": "1.12.0",
  "minecraft:geometry": [
    {
      "description": {
        "identifier": "geometry.sbgoji_titan_camera_man3",
        "texture_width": 256,
        "texture_height": 256,
        "visible_bounds_width": 18,
        "visible_bounds_height": 18.5,
        "visible_bounds_offset": [
          0,
          8.75,
          0
        ]
      },
      "bones": [
        {
          "name": "Rott",
          "pivot": [
            0,
            0,
            0
          ]
        },
        {
          "name": "body",
          "parent": "Rott",
          "pivot": [
            0,
            37,
            4
          ],
          "cubes": [
            {
              "origin": [
                -10,
                52,
                0
              ],
              "size": [
                13,
                15,
                11
              ],
              "pivot": [
                0,
                52,
                0
              ],
              "rotation": [
                0,
                -7.5,
                -7.5
              ],
              "uv": [
                103,
                0
              ]
            },
            {
              "origin": [
                -8,
                41.07596,
                -0.13176
              ],
              "size": [
                16,
                12,
                11
              ],
              "pivot": [
                0,
                53,
                0
              ],
              "rotation": [
                -7.5,
                0,
                0
              ],
              "uv": [
                67,
                66
              ]
            },
            {
              "origin": [
                -3,
                52,
                0
              ],
              "size": [
                13,
                15,
                11
              ],
              "pivot": [
                0,
                52,
                0
              ],
              "rotation": [
                0,
                7.5,
                7.5
              ],
              "uv": [
                103,
                0
              ],
              "mirror": true
            },
            {
              "origin": [
                2.035,
                46.16465,
                -1.39489
              ],
              "size": [
                9.24,
                7.07,
                10.01
              ],
              "pivot": [
                10.52,
                45.38465,
                1.89511
              ],
              "rotation": [
                -8.16499,
                4.46376,
                -16.93839
              ],
              "uv": [
                144,
                95
              ]
            },
            {
              "origin": [
                -11.275,
                46.16465,
                -1.39489
              ],
              "size": [
                9.24,
                7.07,
                10.01
              ],
              "pivot": [
                -10.52,
                45.38465,
                1.89511
              ],
              "rotation": [
                -8.16499,
                -4.46376,
                16.93839
              ],
              "uv": [
                144,
                95
              ],
              "mirror": true
            }
          ]
        },
        {
          "name": "body2",
          "parent": "body",
          "pivot": [
            0,
            61,
            4
          ],
          "cubes": [
            {
              "origin": [
                -4,
                75.01142,
                -2.52343
              ],
              "size": [
                8,
                6,
                7
              ],
              "pivot": [
                0,
                78,
                4
              ],
              "rotation": [
                12.5,
                0,
                0
              ],
              "uv": [
                96,
                162
              ]
            },
            {
              "origin": [
                -12,
                62,
                -3
              ],
              "size": [
                24,
                13,
                15
              ],
              "pivot": [
                0,
                66,
                4
              ],
              "rotation": [
                2.5,
                0,
                0
              ],
              "uv": [
                0,
                49
              ]
            },
            {
              "origin": [
                -4,
                71.85697,
                -6.68131
              ],
              "size": [
                8,
                2,
                10
              ],
              "pivot": [
                0,
                73,
                -1
              ],
              "rotation": [
                -17.5,
                0,
                0
              ],
              "uv": [
                148,
                148
              ]
            },
            {
              "origin": [
                5.03579,
                68.63508,
                -6.33929
              ],
              "size": [
                2,
                6,
                3
              ],
              "pivot": [
                5,
                72,
                -1
              ],
              "rotation": [
                6.60179,
                11.31335,
                -33.34411
              ],
              "uv": [
                0,
                113
              ]
            },
            {
              "origin": [
                -7.03579,
                68.63508,
                -6.33929
              ],
              "size": [
                2,
                6,
                3
              ],
              "pivot": [
                -5,
                72,
                -1
              ],
              "rotation": [
                6.60179,
                -11.31335,
                33.34411
              ],
              "uv": [
                0,
                77
              ]
            },
            {
              "origin": [
                6,
                63.73635,
                -6.99727
              ],
              "size": [
                2,
                8,
                7
              ],
              "pivot": [
                5,
                71,
                -1
              ],
              "rotation": [
                20,
                0,
                0
              ],
              "uv": [
                106,
                176
              ]
            },
            {
              "origin": [
                -8,
                63.73635,
                -6.99727
              ],
              "size": [
                2,
                8,
                7
              ],
              "pivot": [
                -5,
                71,
                -1
              ],
              "rotation": [
                20,
                0,
                0
              ],
              "uv": [
                174,
                57
              ]
            },
            {
              "origin": [
                -4,
                57.98858,
                -2.47657
              ],
              "size": [
                2,
                8,
                5
              ],
              "pivot": [
                -3,
                54,
                4
              ],
              "rotation": [
                7.30991,
                0.95645,
                -22.48072
              ],
              "uv": [
                16,
                178
              ]
            },
            {
              "origin": [
                2,
                57.98858,
                -2.47657
              ],
              "size": [
                2,
                8,
                5
              ],
              "pivot": [
                3,
                54,
                4
              ],
              "rotation": [
                7.30991,
                -0.95645,
                22.48072
              ],
              "uv": [
                0,
                49
              ]
            },
            {
              "origin": [
                -2,
                67,
                -4
              ],
              "size": [
                4,
                4,
                1
              ],
              "pivot": [
                0,
                66,
                4
              ],
              "rotation": [
                2.5,
                0,
                0
              ],
              "uv": [
                91,
                7
              ]
            },
            {
              "origin": [
                -2,
                66,
                -4
              ],
              "size": [
                4,
                1,
                1
              ],
              "pivot": [
                0,
                66,
                4
              ],
              "rotation": [
                2.5,
                0,
                0
              ],
              "uv": [
                63,
                62
              ]
            },
            {
              "origin": [
                -2,
                71,
                -4
              ],
              "size": [
                4,
                1,
                1
              ],
              "pivot": [
                0,
                66,
                4
              ],
              "rotation": [
                2.5,
                0,
                0
              ],
              "uv": [
                0,
                62
              ]
            },
            {
              "origin": [
                2,
                67,
                -4
              ],
              "size": [
                1,
                4,
                1
              ],
              "pivot": [
                0,
                66,
                4
              ],
              "rotation": [
                2.5,
                0,
                0
              ],
              "uv": [
                33,
                0
              ]
            },
            {
              "origin": [
                -3,
                67,
                -4
              ],
              "size": [
                1,
                4,
                1
              ],
              "pivot": [
                0,
                66,
                4
              ],
              "rotation": [
                2.5,
                0,
                0
              ],
              "uv": [
                33,
                0
              ],
              "mirror": true
            },
            {
              "origin": [
                -2,
                65,
                -5
              ],
              "size": [
                4,
                1,
                2
              ],
              "pivot": [
                0,
                66,
                4
              ],
              "rotation": [
                2.5,
                0,
                0
              ],
              "uv": [
                78,
                62
              ]
            },
            {
              "origin": [
                -2,
                72,
                -5
              ],
              "size": [
                4,
                1,
                2
              ],
              "pivot": [
                0,
                66,
                4
              ],
              "rotation": [
                2.5,
                0,
                0
              ],
              "uv": [
                28,
                41
              ]
            },
            {
              "origin": [
                2,
                71,
                -5
              ],
              "size": [
                1,
                1,
                2
              ],
              "pivot": [
                0,
                66,
                4
              ],
              "rotation": [
                2.5,
                0,
                0
              ],
              "uv": [
                30,
                77
              ]
            },
            {
              "origin": [
                -3,
                71,
                -5
              ],
              "size": [
                1,
                1,
                2
              ],
              "pivot": [
                0,
                66,
                4
              ],
              "rotation": [
                2.5,
                0,
                0
              ],
              "uv": [
                9,
                49
              ]
            },
            {
              "origin": [
                2,
                66,
                -5
              ],
              "size": [
                1,
                1,
                2
              ],
              "pivot": [
                0,
                66,
                4
              ],
              "rotation": [
                2.5,
                0,
                0
              ],
              "uv": [
                38,
                42
              ]
            },
            {
              "origin": [
                -3,
                66,
                -5
              ],
              "size": [
                1,
                1,
                2
              ],
              "pivot": [
                0,
                66,
                4
              ],
              "rotation": [
                2.5,
                0,
                0
              ],
              "uv": [
                38,
                39
              ]
            },
            {
              "origin": [
                3,
                67,
                -5
              ],
              "size": [
                1,
                4,
                2
              ],
              "pivot": [
                0,
                66,
                4
              ],
              "rotation": [
                2.5,
                0,
                0
              ],
              "uv": [
                63,
                49
              ]
            },
            {
              "origin": [
                -4,
                67,
                -5
              ],
              "size": [
                1,
                4,
                2
              ],
              "pivot": [
                0,
                66,
                4
              ],
              "rotation": [
                2.5,
                0,
                0
              ],
              "uv": [
                38,
                33
              ]
            },
            {
              "origin": [
                -1,
                80,
                3
              ],
              "size": [
                2,
                2,
                2
              ],
              "uv": [
                90,
                62
              ]
            }
          ]
        },
        {
          "name": "bone11",
          "parent": "body2",
          "pivot": [
            0,
            56,
            3
          ],
          "cubes": [
            {
              "origin": [
                -1,
                56.71931,
                -6.88679
              ],
              "size": [
                2,
                8,
                1
              ],
              "pivot": [
                0,
                55,
                -7
              ],
              "rotation": [
                10,
                0,
                0
              ],
              "uv": [
                38,
                10
              ]
            },
            {
              "origin": [
                -2,
                55.74969,
                -7.23409
              ],
              "size": [
                4,
                5,
                3
              ],
              "pivot": [
                0,
                57,
                -7
              ],
              "rotation": [
                32.5,
                0,
                0
              ],
              "uv": [
                111,
                95
              ]
            },
            {
              "origin": [
                -4,
                56.77143,
                -6.52495
              ],
              "size": [
                8,
                2,
                17
              ],
              "pivot": [
                0,
                55,
                -1
              ],
              "rotation": [
                20,
                0,
                0
              ],
              "uv": [
                111,
                96
              ]
            }
          ]
        },
        {
          "name": "bone13",
          "parent": "body2",
          "pivot": [
            12,
            71,
            1
          ],
          "rotation": [
            -30,
            0,
            -100
          ],
          "cubes": [
            {
              "origin": [
                11,
                68.71931,
                -8.88679
              ],
              "size": [
                2,
                7,
                1
              ],
              "pivot": [
                12,
                70,
                -9
              ],
              "rotation": [
                40,
                0,
                0
              ],
              "uv": [
                38,
                19
              ]
            },
            {
              "origin": [
                9,
                70.77143,
                -8.52495
              ],
              "size": [
                6,
                2,
                9
              ],
              "pivot": [
                12,
                70,
                -3
              ],
              "rotation": [
                20,
                0,
                0
              ],
              "uv": [
                171,
                2
              ]
            }
          ]
        },
        {
          "name": "bone7",
          "parent": "body2",
          "pivot": [
            -12,
            71,
            1
          ],
          "rotation": [
            -30,
            0,
            100
          ],
          "cubes": [
            {
              "origin": [
                -13,
                68.71931,
                -8.88679
              ],
              "size": [
                2,
                7,
                1
              ],
              "pivot": [
                -12,
                70,
                -9
              ],
              "rotation": [
                40,
                0,
                0
              ],
              "uv": [
                38,
                19
              ],
              "mirror": true
            },
            {
              "origin": [
                -15,
                70.77143,
                -8.52495
              ],
              "size": [
                6,
                2,
                9
              ],
              "pivot": [
                -12,
                70,
                -3
              ],
              "rotation": [
                20,
                0,
                0
              ],
              "uv": [
                171,
                2
              ],
              "mirror": true
            }
          ]
        },
        {
          "name": "bone2",
          "parent": "body2",
          "pivot": [
            0,
            66,
            -1
          ],
          "cubes": [
            {
              "origin": [
                -2,
                67,
                -4
              ],
              "size": [
                4,
                4,
                10
              ],
              "pivot": [
                0,
                66,
                -13
              ],
              "rotation": [
                2.5,
                0,
                0
              ],
              "uv": [
                26,
                164
              ]
            }
          ]
        },
        {
          "name": "Rightarm",
          "parent": "body2",
          "pivot": [
            11,
            71,
            4
          ],
          "rotation": [
            2.46207,
            0.43399,
            -9.99067
          ],
          "cubes": [
            {
              "origin": [
                11.74312,
                48.57801,
                -3.08724
              ],
              "size": [
                10,
                26,
                10
              ],
              "pivot": [
                16,
                74,
                0
              ],
              "rotation": [
                0.10912,
                2.49762,
                2.50238
              ],
              "uv": [
                0,
                77
              ]
            },
            {
              "origin": [
                14,
                74.5019,
                -2.08724
              ],
              "size": [
                4,
                3,
                8
              ],
              "pivot": [
                16,
                54,
                0
              ],
              "rotation": [
                0.21803,
                2.49048,
                5.00474
              ],
              "uv": [
                172,
                75
              ]
            }
          ]
        },
        {
          "name": "bone5",
          "parent": "Rightarm",
          "pivot": [
            19,
            76.0019,
            1.91276
          ],
          "rotation": [
            0,
            0,
            -7.5
          ],
          "cubes": [
            {
              "origin": [
                14,
                80.5019,
                -10.08724
              ],
              "size": [
                8,
                2,
                4
              ],
              "pivot": [
                19,
                76.0019,
                1.91276
              ],
              "rotation": [
                0,
                0,
                20
              ],
              "uv": [
                174,
                148
              ]
            },
            {
              "origin": [
                14,
                75.5019,
                -6.08724
              ],
              "size": [
                8,
                7,
                17
              ],
              "pivot": [
                19,
                76.0019,
                1.91276
              ],
              "rotation": [
                0,
                0,
                20
              ],
              "uv": [
                78,
                89
              ]
            },
            {
              "origin": [
                15.81,
                80.80344,
                -9.08724
              ],
              "size": [
                8,
                2,
                5
              ],
              "pivot": [
                19,
                81.0019,
                -9.08724
              ],
              "rotation": [
                -40,
                0,
                20
              ],
              "uv": [
                170,
                173
              ]
            }
          ]
        },
        {
          "name": "bone6",
          "parent": "Rightarm",
          "pivot": [
            17,
            50.0019,
            1.91276
          ],
          "rotation": [
            -17.48436,
            0.75155,
            2.38443
          ],
          "cubes": [
            {
              "origin": [
                11,
                26.5019,
                -3.08724
              ],
              "size": [
                9,
                26,
                10
              ],
              "pivot": [
                0,
                54.0019,
                1.91276
              ],
              "rotation": [
                -2.5,
                0,
                0
              ],
              "uv": [
                40,
                89
              ]
            },
            {
              "origin": [
                12,
                20.5019,
                -2.08724
              ],
              "size": [
                7,
                6,
                7
              ],
              "pivot": [
                0,
                54.0019,
                1.91276
              ],
              "rotation": [
                -2.5,
                0,
                0
              ],
              "uv": [
                170,
                160
              ]
            }
          ]
        },
        {
          "name": "bone3",
          "parent": "bone6",
          "pivot": [
            19,
            41.0019,
            1.91276
          ],
          "rotation": [
            -177.5,
            0,
            0
          ],
          "cubes": [
            {
              "origin": [
                21.5,
                18.5019,
                -0.08724
              ],
              "size": [
                4,
                9,
                4
              ],
              "pivot": [
                0,
                53.0019,
                1.91276
              ],
              "rotation": [
                -2.5,
                0,
                0
              ],
              "uv": [
                175,
                13
              ]
            },
            {
              "origin": [
                21,
                32.5019,
                -3.08724
              ],
              "size": [
                6,
                25,
                10
              ],
              "pivot": [
                0,
                53.0019,
                1.91276
              ],
              "rotation": [
                -2.5,
                0,
                0
              ],
              "uv": [
                104,
                115
              ]
            },
            {
              "origin": [
                21,
                57.5019,
                -3.08724
              ],
              "size": [
                8,
                3,
                10
              ],
              "pivot": [
                0,
                53.0019,
                1.91276
              ],
              "rotation": [
                -2.5,
                0,
                0
              ],
              "uv": [
                148,
                62
              ]
            },
            {
              "origin": [
                21,
                24.5019,
                -2.08724
              ],
              "size": [
                5,
                8,
                8
              ],
              "pivot": [
                0,
                53.0019,
                1.91276
              ],
              "rotation": [
                -2.5,
                0,
                0
              ],
              "uv": [
                0,
                162
              ]
            },
            {
              "origin": [
                19,
                39.5019,
                -2.08724
              ],
              "size": [
                5,
                5,
                8
              ],
              "pivot": [
                0,
                53.0019,
                1.91276
              ],
              "rotation": [
                -2.5,
                0,
                0
              ],
              "uv": [
                118,
                170
              ]
            },
            {
              "origin": [
                23,
                33.49048,
                -2.61067
              ],
              "size": [
                4,
                25,
                8
              ],
              "pivot": [
                25,
                41.0019,
                1.91276
              ],
              "rotation": [
                -2.47864,
                0.32621,
                7.49294
              ],
              "uv": [
                136,
                115
              ]
            }
          ]
        },
        {
          "name": "bone12",
          "parent": "bone3",
          "pivot": [
            25,
            45.0019,
            1.91276
          ],
          "cubes": [
            {
              "origin": [
                24,
                24.0019,
                -3.08724
              ],
              "size": [
                0,
                23,
                7
              ],
              "uv": [
                82,
                148
              ]
            },
            {
              "origin": [
                26,
                30.0019,
                -3.08724
              ],
              "size": [
                0,
                23,
                7
              ],
              "pivot": [
                25,
                45.0019,
                1.91276
              ],
              "rotation": [
                0,
                100,
                0
              ],
              "uv": [
                82,
                148
              ]
            }
          ]
        },
        {
          "name": "Leftarm",
          "parent": "body2",
          "pivot": [
            -11,
            71,
            4
          ],
          "rotation": [
            2.46207,
            -0.43399,
            9.99067
          ],
          "cubes": [
            {
              "origin": [
                -21.74312,
                48.57801,
                -3.08724
              ],
              "size": [
                10,
                26,
                10
              ],
              "pivot": [
                -16,
                74,
                0
              ],
              "rotation": [
                0.10912,
                -2.49762,
                -2.50238
              ],
              "uv": [
                0,
                77
              ],
              "mirror": true
            },
            {
              "origin": [
                -18,
                74.5019,
                -2.08724
              ],
              "size": [
                4,
                3,
                8
              ],
              "pivot": [
                -16,
                54,
                0
              ],
              "rotation": [
                0.21803,
                -2.49048,
                -5.00474
              ],
              "uv": [
                172,
                75
              ],
              "mirror": true
            }
          ]
        },
        {
          "name": "bone8",
          "parent": "Leftarm",
          "pivot": [
            -19,
            76.0019,
            1.91276
          ],
          "rotation": [
            0,
            0,
            7.5
          ],
          "cubes": [
            {
              "origin": [
                -22,
                80.5019,
                -10.08724
              ],
              "size": [
                8,
                2,
                4
              ],
              "pivot": [
                -19,
                76.0019,
                1.91276
              ],
              "rotation": [
                0,
                0,
                -20
              ],
              "uv": [
                174,
                148
              ],
              "mirror": true
            },
            {
              "origin": [
                -22,
                75.5019,
                -6.08724
              ],
              "size": [
                8,
                7,
                17
              ],
              "pivot": [
                -19,
                76.0019,
                1.91276
              ],
              "rotation": [
                0,
                0,
                -20
              ],
              "uv": [
                78,
                89
              ],
              "mirror": true
            },
            {
              "origin": [
                -23.81,
                80.80344,
                -9.08724
              ],
              "size": [
                8,
                2,
                5
              ],
              "pivot": [
                -19,
                81.0019,
                -9.08724
              ],
              "rotation": [
                -40,
                0,
                -20
              ],
              "uv": [
                170,
                173
              ],
              "mirror": true
            }
          ]
        },
        {
          "name": "bone9",
          "parent": "Leftarm",
          "pivot": [
            -17,
            50.0019,
            1.91276
          ],
          "rotation": [
            -17.48436,
            -0.75155,
            -2.38443
          ],
          "cubes": [
            {
              "origin": [
                -20,
                26.5019,
                -3.08724
              ],
              "size": [
                9,
                26,
                10
              ],
              "pivot": [
                0,
                54.0019,
                1.91276
              ],
              "rotation": [
                -2.5,
                0,
                0
              ],
              "uv": [
                40,
                89
              ],
              "mirror": true
            },
            {
              "origin": [
                -19,
                20.5019,
                -2.08724
              ],
              "size": [
                7,
                6,
                7
              ],
              "pivot": [
                0,
                54.0019,
                1.91276
              ],
              "rotation": [
                -2.5,
                0,
                0
              ],
              "uv": [
                170,
                160
              ],
              "mirror": true
            }
          ]
        },
        {
          "name": "bone",
          "parent": "bone9",
          "pivot": [
            -14,
            24.0019,
            -0.08724
          ],
          "cubes": [
            {
              "origin": [
                -17,
                23.0019,
                -27.08724
              ],
              "size": [
                4,
                4,
                45
              ],
              "uv": [
                0,
                0
              ]
            },
            {
              "origin": [
                -19,
                18.0019,
                -28.08724
              ],
              "size": [
                8,
                14,
                10
              ],
              "uv": [
                122,
                48
              ]
            },
            {
              "origin": [
                -18,
                31.0019,
                -27.08724
              ],
              "size": [
                6,
                8,
                8
              ],
              "uv": [
                160,
                124
              ]
            },
            {
              "origin": [
                -20,
                37.0019,
                -28.08724
              ],
              "size": [
                10,
                3,
                10
              ],
              "uv": [
                145,
                16
              ]
            },
            {
              "origin": [
                -20,
                17.0019,
                -29.08724
              ],
              "size": [
                10,
                6,
                12
              ],
              "uv": [
                113,
                26
              ]
            },
            {
              "origin": [
                -20,
                24.0019,
                -26.08724
              ],
              "size": [
                10,
                4,
                6
              ],
              "uv": [
                30,
                77
              ]
            },
            {
              "origin": [
                -20,
                29.0019,
                -29.08724
              ],
              "size": [
                10,
                6,
                12
              ],
              "uv": [
                113,
                26
              ]
            },
            {
              "origin": [
                -21,
                11.0019,
                -30.08724
              ],
              "size": [
                12,
                6,
                14
              ],
              "uv": [
                111,
                75
              ]
            },
            {
              "origin": [
                -18,
                22.0019,
                11.91276
              ],
              "size": [
                6,
                6,
                7
              ],
              "uv": [
                47,
                171
              ]
            }
          ]
        },
        {
          "name": "bone16",
          "parent": "bone",
          "pivot": [
            -15,
            36.0019,
            -23.08724
          ],
          "cubes": [
            {
              "origin": [
                -17,
                29.0019,
                -25.08724
              ],
              "size": [
                4,
                12,
                4
              ],
              "uv": [
                0,
                178
              ]
            }
          ]
        },
        {
          "name": "head",
          "parent": "body2",
          "pivot": [
            -1,
            77,
            2
          ],
          "cubes": [
            {
              "origin": [
                -2,
                78.36379,
                -9.84305
              ],
              "size": [
                2,
                4,
                4
              ],
              "pivot": [
                -3,
                85,
                -11
              ],
              "rotation": [
                2.5,
                0,
                0
              ],
              "uv": [
                28,
                113
              ]
            },
            {
              "origin": [
                -7,
                82.84265,
                -0.78896
              ],
              "size": [
                1,
                4,
                2
              ],
              "pivot": [
                -8,
                84,
                0
              ],
              "rotation": [
                2.50954,
                4.99523,
                0.21865
              ],
              "uv": [
                38,
                27
              ]
            },
            {
              "origin": [
                -4,
                85.84265,
                -1.78896
              ],
              "size": [
                1,
                5,
                5
              ],
              "pivot": [
                -8,
                84,
                0
              ],
              "rotation": [
                2.5,
                0,
                0
              ],
              "uv": [
                113,
                26
              ]
            },
            {
              "origin": [
                -10,
                80,
                -3
              ],
              "size": [
                5,
                5,
                1
              ],
              "pivot": [
                0,
                66,
                4
              ],
              "rotation": [
                2.5,
                0,
                0
              ],
              "uv": [
                78,
                99
              ]
            },
            {
              "origin": [
                -9,
                81,
                -1
              ],
              "size": [
                4,
                3,
                6
              ],
              "pivot": [
                0,
                66,
                4
              ],
              "rotation": [
                2.5,
                0,
                0
              ],
              "uv": [
                63,
                49
              ]
            },
            {
              "origin": [
                -8,
                81.10247,
                1.30399
              ],
              "size": [
                1,
                7,
                3
              ],
              "pivot": [
                0,
                82,
                6
              ],
              "rotation": [
                -22.5,
                0,
                0
              ],
              "uv": [
                104,
                113
              ]
            },
            {
              "origin": [
                -11,
                81,
                -2
              ],
              "size": [
                3,
                1,
                1
              ],
              "pivot": [
                0,
                66,
                4
              ],
              "rotation": [
                2.5,
                0,
                0
              ],
              "uv": [
                45,
                87
              ]
            },
            {
              "origin": [
                -10,
                79.96971,
                1.38838
              ],
              "size": [
                5,
                2,
                4
              ],
              "pivot": [
                -8,
                80,
                3
              ],
              "rotation": [
                52.5,
                0,
                0
              ],
              "uv": [
                126,
                115
              ]
            },
            {
              "origin": [
                -5,
                77,
                -5
              ],
              "size": [
                5,
                9,
                19
              ],
              "pivot": [
                0,
                66,
                4
              ],
              "rotation": [
                2.5,
                0,
                0
              ],
              "uv": [
                84,
                30
              ]
            },
            {
              "origin": [
                -5,
                83.36379,
                -10.84305
              ],
              "size": [
                5,
                2,
                5
              ],
              "pivot": [
                -3,
                85,
                -11
              ],
              "rotation": [
                2.5,
                0,
                0
              ],
              "uv": [
                91,
                0
              ]
            },
            {
              "origin": [
                -8,
                82,
                -2
              ],
              "size": [
                1,
                1,
                1
              ],
              "pivot": [
                0,
                66,
                4
              ],
              "rotation": [
                2.5,
                0,
                0
              ],
              "uv": [
                26,
                41
              ]
            },
            {
              "origin": [
                -7,
                82,
                -2
              ],
              "size": [
                1,
                1,
                1
              ],
              "pivot": [
                0,
                66,
                4
              ],
              "rotation": [
                2.5,
                0,
                0
              ],
              "uv": [
                26,
                41
              ]
            },
            {
              "origin": [
                -1.1,
                82.84456,
                -2.8762
              ],
              "size": [
                1,
                15,
                12
              ],
              "pivot": [
                0,
                86,
                0
              ],
              "rotation": [
                -27.5,
                0,
                0
              ],
              "uv": [
                56,
                144
              ]
            },
            {
              "origin": [
                -2.1,
                85.36379,
                10.15695
              ],
              "size": [
                2,
                12,
                3
              ],
              "pivot": [
                -3,
                85,
                -11
              ],
              "rotation": [
                2.5,
                0,
                0
              ],
              "uv": [
                110,
                59
              ]
            },
            {
              "origin": [
                -1.2,
                93.36379,
                -2.84305
              ],
              "size": [
                2,
                2,
                13
              ],
              "pivot": [
                -3,
                85,
                -11
              ],
              "rotation": [
                2.5,
                0,
                0
              ],
              "uv": [
                21,
                149
              ],
              "mirror": true
            }
          ]
        },
        {
          "name": "head2",
          "parent": "head",
          "pivot": [
            1,
            77,
            2
          ],
          "cubes": [
            {
              "origin": [
                0,
                78.36379,
                -9.84305
              ],
              "size": [
                2,
                4,
                4
              ],
              "pivot": [
                3,
                85,
                -11
              ],
              "rotation": [
                2.5,
                0,
                0
              ],
              "uv": [
                28,
                113
              ],
              "mirror": true
            },
            {
              "origin": [
                6,
                82.84265,
                -0.78896
              ],
              "size": [
                1,
                4,
                2
              ],
              "pivot": [
                8,
                84,
                0
              ],
              "rotation": [
                2.50954,
                -4.99523,
                -0.21865
              ],
              "uv": [
                38,
                27
              ],
              "mirror": true
            },
            {
              "origin": [
                3,
                85.84265,
                -1.78896
              ],
              "size": [
                1,
                5,
                5
              ],
              "pivot": [
                8,
                84,
                0
              ],
              "rotation": [
                2.5,
                0,
                0
              ],
              "uv": [
                113,
                26
              ],
              "mirror": true
            },
            {
              "origin": [
                5,
                80,
                -3
              ],
              "size": [
                5,
                5,
                1
              ],
              "pivot": [
                0,
                66,
                4
              ],
              "rotation": [
                2.5,
                0,
                0
              ],
              "uv": [
                78,
                99
              ],
              "mirror": true
            },
            {
              "origin": [
                5,
                81,
                -1
              ],
              "size": [
                4,
                3,
                6
              ],
              "pivot": [
                0,
                66,
                4
              ],
              "rotation": [
                2.5,
                0,
                0
              ],
              "uv": [
                63,
                49
              ],
              "mirror": true
            },
            {
              "origin": [
                7,
                81.10247,
                1.30399
              ],
              "size": [
                1,
                7,
                3
              ],
              "pivot": [
                0,
                82,
                6
              ],
              "rotation": [
                -22.5,
                0,
                0
              ],
              "uv": [
                104,
                113
              ],
              "mirror": true
            },
            {
              "origin": [
                8,
                81,
                -2
              ],
              "size": [
                3,
                1,
                1
              ],
              "pivot": [
                0,
                66,
                4
              ],
              "rotation": [
                2.5,
                0,
                0
              ],
              "uv": [
                45,
                87
              ],
              "mirror": true
            },
            {
              "origin": [
                5,
                79.96971,
                1.38838
              ],
              "size": [
                5,
                2,
                4
              ],
              "pivot": [
                8,
                80,
                3
              ],
              "rotation": [
                52.5,
                0,
                0
              ],
              "uv": [
                126,
                115
              ],
              "mirror": true
            },
            {
              "origin": [
                0,
                77,
                -5
              ],
              "size": [
                5,
                9,
                19
              ],
              "pivot": [
                0,
                66,
                4
              ],
              "rotation": [
                2.5,
                0,
                0
              ],
              "uv": [
                84,
                30
              ],
              "mirror": true
            },
            {
              "origin": [
                0,
                83.36379,
                -10.84305
              ],
              "size": [
                5,
                2,
                5
              ],
              "pivot": [
                3,
                85,
                -11
              ],
              "rotation": [
                2.5,
                0,
                0
              ],
              "uv": [
                91,
                0
              ],
              "mirror": true
            },
            {
              "origin": [
                0,
                85.36379,
                -9.84305
              ],
              "size": [
                5,
                1,
                5
              ],
              "pivot": [
                3,
                85,
                -11
              ],
              "rotation": [
                12.31404,
                -1.71815,
                19.87136
              ],
              "uv": [
                145,
                29
              ],
              "mirror": true
            },
            {
              "origin": [
                -5,
                85.36379,
                -9.84305
              ],
              "size": [
                5,
                1,
                5
              ],
              "pivot": [
                -3,
                85,
                -11
              ],
              "rotation": [
                12.31404,
                1.71815,
                -19.87136
              ],
              "uv": [
                145,
                29
              ]
            },
            {
              "origin": [
                3.9,
                74.36379,
                -9.84305
              ],
              "size": [
                1,
                8,
                3
              ],
              "pivot": [
                3,
                85,
                -11
              ],
              "rotation": [
                35.63652,
                1.98183,
                -0.21207
              ],
              "uv": [
                40,
                87
              ],
              "mirror": true
            },
            {
              "origin": [
                -4.9,
                74.36379,
                -9.84305
              ],
              "size": [
                1,
                8,
                3
              ],
              "pivot": [
                -3,
                85,
                -11
              ],
              "rotation": [
                35.63652,
                -1.98183,
                0.21207
              ],
              "uv": [
                40,
                87
              ]
            },
            {
              "origin": [
                7,
                82,
                -2
              ],
              "size": [
                1,
                1,
                1
              ],
              "pivot": [
                0,
                66,
                4
              ],
              "rotation": [
                2.5,
                0,
                0
              ],
              "uv": [
                26,
                41
              ],
              "mirror": true
            },
            {
              "origin": [
                6,
                82,
                -2
              ],
              "size": [
                1,
                1,
                1
              ],
              "pivot": [
                0,
                66,
                4
              ],
              "rotation": [
                2.5,
                0,
                0
              ],
              "uv": [
                26,
                41
              ],
              "mirror": true
            },
            {
              "origin": [
                0.1,
                82.84456,
                -2.8762
              ],
              "size": [
                1,
                15,
                12
              ],
              "pivot": [
                0,
                86,
                0
              ],
              "rotation": [
                -27.5,
                0,
                0
              ],
              "uv": [
                56,
                144
              ],
              "mirror": true
            },
            {
              "origin": [
                0.1,
                85.36379,
                10.15695
              ],
              "size": [
                2,
                12,
                3
              ],
              "pivot": [
                3,
                85,
                -11
              ],
              "rotation": [
                2.5,
                0,
                0
              ],
              "uv": [
                110,
                59
              ],
              "mirror": true
            },
            {
              "origin": [
                0.1,
                85.36379,
                -7.84305
              ],
              "size": [
                1,
                6,
                1
              ],
              "pivot": [
                3,
                85,
                -11
              ],
              "rotation": [
                2.5,
                0,
                0
              ],
              "uv": [
                91,
                98
              ],
              "mirror": true
            },
            {
              "origin": [
                -1.1,
                85.36379,
                -7.84305
              ],
              "size": [
                1,
                6,
                1
              ],
              "pivot": [
                -3,
                85,
                -11
              ],
              "rotation": [
                2.5,
                0,
                0
              ],
              "uv": [
                91,
                98
              ]
            },
            {
              "origin": [
                -0.8,
                93.36379,
                -2.84305
              ],
              "size": [
                2,
                2,
                13
              ],
              "pivot": [
                3,
                85,
                -11
              ],
              "rotation": [
                2.5,
                0,
                0
              ],
              "uv": [
                21,
                149
              ]
            }
          ]
        },
        {
          "name": "Rightear",
          "parent": "head2",
          "pivot": [
            8,
            84,
            2
          ],
          "cubes": [
            {
              "origin": [
                7.1,
                83.36379,
                1.15695
              ],
              "size": [
                1,
                8,
                2
              ],
              "pivot": [
                3,
                85,
                -11
              ],
              "rotation": [
                2.5,
                0,
                0
              ],
              "uv": [
                38,
                0
              ],
              "mirror": true
            }
          ]
        },
        {
          "name": "Leftear",
          "parent": "head2",
          "pivot": [
            -8,
            84,
            2
          ],
          "cubes": [
            {
              "origin": [
                -8.1,
                83.36379,
                1.15695
              ],
              "size": [
                1,
                8,
                2
              ],
              "pivot": [
                -3,
                85,
                -11
              ],
              "rotation": [
                2.5,
                0,
                0
              ],
              "uv": [
                38,
                0
              ]
            }
          ]
        },
        {
          "name": "Jetpack",
          "parent": "body2",
          "pivot": [
            0,
            74,
            12
          ],
          "cubes": [
            {
              "origin": [
                -7,
                47,
                13.5
              ],
              "size": [
                14,
                36,
                5
              ],
              "uv": [
                0,
                0
              ]
            },
            {
              "origin": [
                -13,
                45,
                13
              ],
              "size": [
                7,
                36,
                6
              ],
              "uv": [
                78,
                113
              ]
            },
            {
              "origin": [
                6,
                45,
                13
              ],
              "size": [
                7,
                36,
                6
              ],
              "uv": [
                78,
                113
              ],
              "mirror": true
            },
            {
              "origin": [
                -14,
                52,
                12
              ],
              "size": [
                9,
                8,
                8
              ],
              "uv": [
                0,
                146
              ]
            },
            {
              "origin": [
                5,
                52,
                12
              ],
              "size": [
                9,
                8,
                8
              ],
              "uv": [
                0,
                146
              ],
              "mirror": true
            },
            {
              "origin": [
                -14,
                46,
                12
              ],
              "size": [
                9,
                4,
                8
              ],
              "uv": [
                160,
                112
              ]
            },
            {
              "origin": [
                5,
                46,
                12
              ],
              "size": [
                9,
                4,
                8
              ],
              "uv": [
                160,
                112
              ],
              "mirror": true
            },
            {
              "origin": [
                -14,
                67,
                12
              ],
              "size": [
                9,
                4,
                8
              ],
              "uv": [
                157,
                29
              ]
            },
            {
              "origin": [
                5,
                67,
                12
              ],
              "size": [
                9,
                4,
                8
              ],
              "uv": [
                157,
                29
              ],
              "mirror": true
            },
            {
              "origin": [
                5,
                75,
                12
              ],
              "size": [
                9,
                4,
                8
              ],
              "uv": [
                96,
                150
              ],
              "mirror": true
            },
            {
              "origin": [
                -14,
                75,
                12
              ],
              "size": [
                9,
                4,
                8
              ],
              "uv": [
                96,
                150
              ]
            }
          ]
        },
        {
          "name": "Gun",
          "parent": "Jetpack",
          "pivot": [
            0,
            80,
            16
          ],
          "cubes": [
            {
              "origin": [
                -11,
                80,
                15
              ],
              "size": [
                22,
                2,
                2
              ],
              "uv": [
                63,
                58
              ]
            },
            {
              "origin": [
                7,
                82,
                13
              ],
              "size": [
                5,
                15,
                6
              ],
              "uv": [
                148,
                160
              ]
            },
            {
              "origin": [
                -12,
                82,
                13
              ],
              "size": [
                5,
                15,
                6
              ],
              "uv": [
                148,
                160
              ],
              "mirror": true
            },
            {
              "origin": [
                8,
                97,
                15
              ],
              "size": [
                3,
                9,
                3
              ],
              "uv": [
                53,
                0
              ]
            },
            {
              "origin": [
                -11,
                97,
                15
              ],
              "size": [
                3,
                9,
                3
              ],
              "uv": [
                53,
                0
              ],
              "mirror": true
            },
            {
              "origin": [
                8,
                85,
                12
              ],
              "size": [
                3,
                19,
                2
              ],
              "uv": [
                73,
                176
              ]
            },
            {
              "origin": [
                -11,
                85,
                12
              ],
              "size": [
                3,
                19,
                2
              ],
              "uv": [
                73,
                176
              ],
              "mirror": true
            },
            {
              "origin": [
                10,
                83,
                11
              ],
              "size": [
                3,
                11,
                6
              ],
              "uv": [
                172,
                88
              ]
            },
            {
              "origin": [
                -13,
                83,
                11
              ],
              "size": [
                3,
                11,
                6
              ],
              "uv": [
                172,
                88
              ],
              "mirror": true
            },
            {
              "origin": [
                6,
                83,
                11
              ],
              "size": [
                3,
                11,
                6
              ],
              "uv": [
                172,
                88
              ]
            },
            {
              "origin": [
                -9,
                83,
                11
              ],
              "size": [
                3,
                11,
                6
              ],
              "uv": [
                172,
                88
              ],
              "mirror": true
            }
          ]
        },
        {
          "name": "bone17",
          "parent": "Gun",
          "pivot": [
            -9,
            92,
            15
          ],
          "cubes": [
            {
              "origin": [
                -9,
                77,
                12
              ],
              "size": [
                0,
                30,
                6
              ],
              "pivot": [
                -9,
                77,
                15
              ],
              "rotation": [
                0,
                -2.5,
                0
              ],
              "uv": [
                136,
                142
              ]
            },
            {
              "origin": [
                -9,
                77,
                12
              ],
              "size": [
                0,
                30,
                6
              ],
              "pivot": [
                -9,
                77,
                15
              ],
              "rotation": [
                0,
                -97.5,
                0
              ],
              "uv": [
                136,
                142
              ]
            }
          ]
        },
        {
          "name": "bone18",
          "parent": "bone17",
          "pivot": [
            -9,
            77,
            15
          ]
        },
        {
          "name": "bone19",
          "parent": "Gun",
          "pivot": [
            9,
            92,
            15
          ],
          "cubes": [
            {
              "origin": [
                9,
                77,
                12
              ],
              "size": [
                0,
                30,
                6
              ],
              "pivot": [
                9,
                77,
                15
              ],
              "rotation": [
                0,
                2.5,
                0
              ],
              "uv": [
                136,
                142
              ],
              "mirror": true
            },
            {
              "origin": [
                9,
                77,
                12
              ],
              "size": [
                0,
                30,
                6
              ],
              "pivot": [
                9,
                77,
                15
              ],
              "rotation": [
                0,
                97.5,
                0
              ],
              "uv": [
                136,
                142
              ],
              "mirror": true
            }
          ]
        },
        {
          "name": "bone20",
          "parent": "bone19",
          "pivot": [
            9,
            77,
            15
          ]
        },
        {
          "name": "Rightbigwing",
          "parent": "Jetpack",
          "pivot": [
            8,
            56,
            12
          ],
          "rotation": [
            0,
            0,
            52.5
          ],
          "cubes": [
            {
              "origin": [
                7,
                50,
                11
              ],
              "size": [
                19,
                12,
                1
              ],
              "uv": [
                148,
                44
              ]
            },
            {
              "origin": [
                35,
                53,
                16
              ],
              "size": [
                13,
                7,
                1
              ],
              "uv": [
                160,
                140
              ]
            },
            {
              "origin": [
                48,
                53,
                16
              ],
              "size": [
                4,
                5,
                1
              ],
              "uv": [
                56,
                77
              ]
            },
            {
              "origin": [
                26,
                52,
                11
              ],
              "size": [
                11,
                9,
                1
              ],
              "pivot": [
                26,
                50,
                11
              ],
              "rotation": [
                0,
                -27.5,
                0
              ],
              "uv": [
                68,
                89
              ]
            }
          ]
        },
        {
          "name": "Rightwing",
          "parent": "Jetpack",
          "pivot": [
            8,
            79,
            12
          ],
          "rotation": [
            0,
            0,
            42.5
          ],
          "cubes": [
            {
              "origin": [
                7,
                73,
                11
              ],
              "size": [
                19,
                10,
                1
              ],
              "uv": [
                140,
                0
              ]
            },
            {
              "origin": [
                26,
                74,
                11
              ],
              "size": [
                13,
                7,
                1
              ],
              "uv": [
                160,
                140
              ]
            },
            {
              "origin": [
                39,
                75,
                11
              ],
              "size": [
                4,
                5,
                1
              ],
              "uv": [
                56,
                77
              ]
            }
          ]
        },
        {
          "name": "Leftwing",
          "parent": "Jetpack",
          "pivot": [
            -8,
            79,
            12
          ],
          "rotation": [
            0,
            0,
            -42.5
          ],
          "cubes": [
            {
              "origin": [
                -26,
                73,
                11
              ],
              "size": [
                19,
                10,
                1
              ],
              "uv": [
                140,
                0
              ],
              "mirror": true
            },
            {
              "origin": [
                -39,
                74,
                11
              ],
              "size": [
                13,
                7,
                1
              ],
              "uv": [
                160,
                140
              ],
              "mirror": true
            },
            {
              "origin": [
                -43,
                75,
                11
              ],
              "size": [
                4,
                5,
                1
              ],
              "uv": [
                56,
                77
              ],
              "mirror": true
            }
          ]
        },
        {
          "name": "Leftbigwing",
          "parent": "Jetpack",
          "pivot": [
            -8,
            56,
            12
          ],
          "rotation": [
            0,
            0,
            -52.5
          ],
          "cubes": [
            {
              "origin": [
                -26,
                50,
                11
              ],
              "size": [
                19,
                12,
                1
              ],
              "uv": [
                148,
                44
              ],
              "mirror": true
            },
            {
              "origin": [
                -48,
                53,
                16
              ],
              "size": [
                13,
                7,
                1
              ],
              "uv": [
                160,
                140
              ],
              "mirror": true
            },
            {
              "origin": [
                -52,
                53,
                16
              ],
              "size": [
                4,
                5,
                1
              ],
              "uv": [
                56,
                77
              ],
              "mirror": true
            },
            {
              "origin": [
                -37,
                52,
                11
              ],
              "size": [
                11,
                9,
                1
              ],
              "pivot": [
                -26,
                50,
                11
              ],
              "rotation": [
                0,
                27.5,
                0
              ],
              "uv": [
                68,
                89
              ],
              "mirror": true
            }
          ]
        },
        {
          "name": "bone14",
          "parent": "Jetpack",
          "pivot": [
            -9,
            66,
            16
          ],
          "cubes": [
            {
              "origin": [
                -6,
                45,
                15
              ],
              "size": [
                12,
                2,
                2
              ],
              "uv": [
                0,
                41
              ]
            },
            {
              "origin": [
                -9,
                44,
                14
              ],
              "size": [
                0,
                21,
                4
              ],
              "uv": [
                70,
                121
              ]
            },
            {
              "origin": [
                -10,
                44,
                14
              ],
              "size": [
                0,
                21,
                4
              ],
              "uv": [
                70,
                121
              ]
            },
            {
              "origin": [
                -9,
                45,
                14
              ],
              "size": [
                0,
                21,
                5
              ],
              "pivot": [
                -9,
                44,
                16
              ],
              "rotation": [
                0,
                -90,
                0
              ],
              "uv": [
                96,
                170
              ]
            }
          ]
        },
        {
          "name": "bone15",
          "parent": "Jetpack",
          "pivot": [
            9,
            66,
            16
          ],
          "cubes": [
            {
              "origin": [
                -6,
                44,
                15
              ],
              "size": [
                12,
                2,
                2
              ],
              "uv": [
                0,
                41
              ],
              "mirror": true
            },
            {
              "origin": [
                9,
                44,
                14
              ],
              "size": [
                0,
                21,
                4
              ],
              "uv": [
                70,
                121
              ],
              "mirror": true
            },
            {
              "origin": [
                10,
                44,
                14
              ],
              "size": [
                0,
                21,
                4
              ],
              "uv": [
                70,
                121
              ],
              "mirror": true
            },
            {
              "origin": [
                9,
                45,
                14
              ],
              "size": [
                0,
                21,
                5
              ],
              "pivot": [
                9,
                44,
                16
              ],
              "rotation": [
                0,
                90,
                0
              ],
              "uv": [
                96,
                170
              ],
              "mirror": true
            }
          ]
        },
        {
          "name": "head17",
          "parent": "body2",
          "pivot": [
            1,
            77,
            2
          ]
        },
        {
          "name": "Leftleg",
          "parent": "Rott",
          "pivot": [
            -3,
            40,
            4
          ],
          "rotation": [
            -19.98247,
            0.85481,
            2.34941
          ],
          "cubes": [
            {
              "origin": [
                -10.275,
                20.96465,
                -2.39489
              ],
              "size": [
                9.24,
                23.87,
                10.01
              ],
              "pivot": [
                -14.52,
                45.38465,
                1.89511
              ],
              "rotation": [
                15,
                0,
                0
              ],
              "uv": [
                0,
                113
              ],
              "mirror": true
            },
            {
              "origin": [
                -12.2,
                12.3,
                -3.2
              ],
              "size": [
                13.1,
                32.4,
                12.1
              ],
              "pivot": [
                -1.1,
                41.8,
                -1
              ],
              "rotation": [
                17.5,
                0,
                0
              ],
              "uv": [
                53,
                0
              ],
              "mirror": true
            }
          ]
        },
        {
          "name": "bone4",
          "parent": "Leftleg",
          "pivot": [
            -5.52,
            22.25465,
            4.89511
          ],
          "cubes": [
            {
              "origin": [
                -9.06,
                -2.13035,
                1.22011
              ],
              "size": [
                6.81,
                2,
                11.01
              ],
              "inflate": 0.5,
              "pivot": [
                -14.52,
                25.25465,
                1.89511
              ],
              "rotation": [
                20,
                0,
                0
              ],
              "uv": [
                149,
                75
              ],
              "mirror": true
            },
            {
              "origin": [
                -9.06,
                0.86965,
                3.22011
              ],
              "size": [
                6.81,
                22.5,
                9.01
              ],
              "inflate": 0.5,
              "pivot": [
                -14.52,
                25.25465,
                1.89511
              ],
              "rotation": [
                20,
                0,
                0
              ],
              "uv": [
                38,
                125
              ],
              "mirror": true
            }
          ]
        },
        {
          "name": "Rightleg",
          "parent": "Rott",
          "pivot": [
            3,
            40,
            4
          ],
          "rotation": [
            -19.98247,
            -0.85481,
            -2.34941
          ],
          "cubes": [
            {
              "origin": [
                1.035,
                20.96465,
                -2.39489
              ],
              "size": [
                9.24,
                23.87,
                10.01
              ],
              "pivot": [
                14.52,
                45.38465,
                1.89511
              ],
              "rotation": [
                15,
                0,
                0
              ],
              "uv": [
                0,
                113
              ]
            },
            {
              "origin": [
                -0.9,
                12.3,
                -3.2
              ],
              "size": [
                13.1,
                32.4,
                12.1
              ],
              "pivot": [
                1.1,
                41.8,
                -1
              ],
              "rotation": [
                17.5,
                0,
                0
              ],
              "uv": [
                53,
                0
              ]
            }
          ]
        },
        {
          "name": "bone10",
          "parent": "Rightleg",
          "pivot": [
            5.52,
            22.25465,
            4.89511
          ],
          "cubes": [
            {
              "origin": [
                2.25,
                -2.13035,
                1.22011
              ],
              "size": [
                6.81,
                2,
                11.01
              ],
              "inflate": 0.5,
              "pivot": [
                14.52,
                25.25465,
                1.89511
              ],
              "rotation": [
                20,
                0,
                0
              ],
              "uv": [
                149,
                75
              ]
            },
            {
              "origin": [
                2.25,
                0.86965,
                3.22011
              ],
              "size": [
                6.81,
                22.5,
                9.01
              ],
              "inflate": 0.5,
              "pivot": [
                14.52,
                25.25465,
                1.89511
              ],
              "rotation": [
                20,
                0,
                0
              ],
              "uv": [
                38,
                125
              ]
            }
          ]
        }
      ]
    }
  ]
}