{
  "format_version": "1.12.0",
  "minecraft:geometry": [
    {
      "description": {
        "identifier": "geometry.sbgoji_big_camera_man3",
        "texture_width": 128,
        "texture_height": 128,
        "visible_bounds_width": 4,
        "visible_bounds_height": 5.5,
        "visible_bounds_offset": [
          0,
          2.25,
          0
        ]
      },
      "bones": [
        {
          "name": "bone8",
          "pivot": [
            0,
            0,
            -6
          ]
        },
        {
          "name": "body",
          "parent": "bone8",
          "pivot": [
            0,
            27,
            -2
          ],
          "cubes": [
            {
              "origin": [
                -6,
                27,
                -4
              ],
              "size": [
                12,
                14,
                9
              ],
              "uv": [
                36,
                23
              ]
            },
            {
              "origin": [
                -6,
                26,
                -4
              ],
              "size": [
                12,
                1,
                9
              ],
              "uv": [
                48,
                46
              ]
            }
          ]
        },
        {
          "name": "bone2",
          "parent": "body",
          "pivot": [
            0,
            35,
            2
          ],
          "cubes": [
            {
              "origin": [
                -7,
                35,
                -5
              ],
              "size": [
                14,
                12,
                11
              ],
              "uv": [
                0,
                0
              ]
            },
            {
              "origin": [
                5,
                35,
                -4.9
              ],
              "size": [
                6,
                11,
                11
              ],
              "pivot": [
                9,
                43,
                -5
              ],
              "rotation": [
                0,
                0,
                12.5
              ],
              "uv": [
                25,
                46
              ]
            },
            {
              "origin": [
                -11,
                35,
                -4.9
              ],
              "size": [
                6,
                11,
                11
              ],
              "pivot": [
                -9,
                43,
                -5
              ],
              "rotation": [
                0,
                0,
                -12.5
              ],
              "uv": [
                25,
                46
              ],
              "mirror": true
            },
            {
              "origin": [
                -11,
                35,
                -4.9
              ],
              "size": [
                6,
                11,
                11
              ],
              "pivot": [
                -9,
                43,
                -5
              ],
              "rotation": [
                0,
                0,
                -12.5
              ],
              "uv": [
                50,
                0
              ]
            }
          ]
        },
        {
          "name": "bone7",
          "parent": "bone2",
          "pivot": [
            0,
            43,
            -5
          ]
        },
        {
          "name": "Rightarm",
          "parent": "bone2",
          "pivot": [
            8,
            44.95259,
            1.43288
          ],
          "rotation": [
            0.01395,
            0.65181,
            -5.02838
          ],
          "cubes": [
            {
              "origin": [
                7.9104,
                30.38703,
                -1.90845
              ],
              "size": [
                5.4,
                14.1,
                5.7
              ],
              "pivot": [
                0.0104,
                45.18703,
                -0.70845
              ],
              "rotation": [
                -2.5,
                0,
                0
              ],
              "uv": [
                55,
                78
              ]
            },
            {
              "origin": [
                8.6904,
                39.76322,
                -3.10293
              ],
              "size": [
                4.84,
                5.61,
                7.37
              ],
              "pivot": [
                8.9004,
                45.14703,
                -0.50845
              ],
              "rotation": [
                -2.4905,
                -0.21782,
                -4.99527
              ],
              "uv": [
                81,
                42
              ]
            }
          ]
        },
        {
          "name": "bone11",
          "parent": "Rightarm",
          "pivot": [
            10.1104,
            30.58703,
            0.29155
          ],
          "rotation": [
            -5.00674,
            0.42451,
            2.4812
          ],
          "cubes": [
            {
              "origin": [
                7.90578,
                15.53044,
                -2.44822
              ],
              "size": [
                6,
                15,
                6
              ],
              "uv": [
                0,
                76
              ]
            },
            {
              "origin": [
                8.50578,
                9.53044,
                -2.44822
              ],
              "size": [
                5,
                6,
                6
              ],
              "uv": [
                75,
                78
              ]
            }
          ]
        },
        {
          "name": "Leftarm",
          "parent": "bone2",
          "pivot": [
            -8,
            44.95259,
            1.43288
          ],
          "rotation": [
            0.01395,
            -0.65181,
            5.02838
          ],
          "cubes": [
            {
              "origin": [
                -13.3104,
                30.38703,
                -1.90845
              ],
              "size": [
                5.4,
                14.1,
                5.7
              ],
              "pivot": [
                -0.0104,
                45.18703,
                -0.70845
              ],
              "rotation": [
                -2.5,
                0,
                0
              ],
              "uv": [
                55,
                78
              ],
              "mirror": true
            },
            {
              "origin": [
                -13.5304,
                39.76322,
                -3.10293
              ],
              "size": [
                4.84,
                5.61,
                7.37
              ],
              "pivot": [
                -8.9004,
                45.14703,
                -0.50845
              ],
              "rotation": [
                -2.4905,
                0.21782,
                4.99527
              ],
              "uv": [
                81,
                42
              ],
              "mirror": true
            }
          ]
        },
        {
          "name": "bone6",
          "parent": "Leftarm",
          "pivot": [
            -10.1104,
            30.58703,
            0.29155
          ],
          "rotation": [
            -5.00674,
            -0.42451,
            -2.4812
          ],
          "cubes": [
            {
              "origin": [
                -13.90578,
                15.53044,
                -2.44822
              ],
              "size": [
                6,
                15,
                6
              ],
              "uv": [
                0,
                76
              ],
              "mirror": true
            },
            {
              "origin": [
                -13.50578,
                9.53044,
                -2.44822
              ],
              "size": [
                5,
                6,
                6
              ],
              "uv": [
                75,
                78
              ],
              "mirror": true
            }
          ]
        },
        {
          "name": "Haed",
          "parent": "bone2",
          "pivot": [
            0,
            47.95259,
            -1.56712
          ],
          "cubes": [
            {
              "origin": [
                -4,
                46.87039,
                -7.4486
              ],
              "size": [
                8,
                9,
                7
              ],
              "uv": [
                25,
                69
              ]
            },
            {
              "origin": [
                4,
                49.87039,
                -5.4486
              ],
              "size": [
                5,
                4,
                1
              ],
              "uv": [
                20,
                52
              ]
            },
            {
              "origin": [
                -5,
                51.87039,
                -7.4486
              ],
              "size": [
                1,
                6,
                1
              ],
              "uv": [
                20,
                57
              ]
            },
            {
              "origin": [
                -5,
                56.87039,
                -12.4486
              ],
              "size": [
                1,
                1,
                5
              ],
              "uv": [
                0,
                52
              ]
            },
            {
              "origin": [
                -3,
                46.87039,
                -12.4486
              ],
              "size": [
                6,
                9,
                1
              ],
              "uv": [
                85,
                61
              ]
            },
            {
              "origin": [
                3,
                48.87039,
                -12.4486
              ],
              "size": [
                2,
                5,
                1
              ],
              "uv": [
                48,
                46
              ]
            },
            {
              "origin": [
                -5,
                48.87039,
                -12.4486
              ],
              "size": [
                2,
                5,
                1
              ],
              "uv": [
                48,
                46
              ],
              "mirror": true
            },
            {
              "origin": [
                -4,
                53.87039,
                -12.4486
              ],
              "size": [
                1,
                1,
                1
              ],
              "uv": [
                4,
                8
              ]
            },
            {
              "origin": [
                3,
                53.87039,
                -12.4486
              ],
              "size": [
                1,
                1,
                1
              ],
              "uv": [
                7,
                0
              ]
            },
            {
              "origin": [
                -3,
                52.87039,
                -0.4486
              ],
              "size": [
                6,
                3,
                5
              ],
              "uv": [
                39,
                0
              ]
            },
            {
              "origin": [
                -4,
                46.87039,
                -0.4486
              ],
              "size": [
                8,
                6,
                5
              ],
              "uv": [
                78,
                31
              ]
            },
            {
              "origin": [
                5,
                53.87039,
                -0.4486
              ],
              "size": [
                2,
                5,
                3
              ],
              "uv": [
                0,
                0
              ]
            },
            {
              "origin": [
                0,
                51.87039,
                -0.4486
              ],
              "size": [
                7,
                2,
                3
              ],
              "uv": [
                78,
                56
              ]
            },
            {
              "origin": [
                -2,
                49.87039,
                -4.4486
              ],
              "size": [
                4,
                8,
                12
              ],
              "pivot": [
                0,
                54.87039,
                2.5514
              ],
              "rotation": [
                -37.5,
                0,
                0
              ],
              "uv": [
                0,
                56
              ]
            },
            {
              "origin": [
                -2,
                48.87039,
                -11.4486
              ],
              "size": [
                4,
                5,
                5
              ],
              "uv": [
                24,
                85
              ]
            },
            {
              "origin": [
                -3,
                47.87039,
                -11.4486
              ],
              "size": [
                6,
                7,
                2
              ],
              "uv": [
                27,
                23
              ]
            }
          ]
        },
        {
          "name": "bone",
          "parent": "Haed",
          "pivot": [
            0,
            0,
            -6
          ],
          "cubes": [
            {
              "origin": [
                3,
                47.87039,
                -12.4486
              ],
              "size": [
                1,
                1,
                1
              ],
              "uv": [
                7,
                9
              ]
            },
            {
              "origin": [
                -4,
                47.87039,
                -12.4486
              ],
              "size": [
                1,
                1,
                1
              ],
              "uv": [
                0,
                8
              ]
            }
          ]
        },
        {
          "name": "bone15",
          "parent": "Haed",
          "pivot": [
            0,
            6.87039,
            -6.4486
          ],
          "cubes": [
            {
              "origin": [
                -6,
                48.87039,
                -6.4486
              ],
              "size": [
                2,
                6,
                1
              ],
              "uv": [
                0,
                23
              ]
            },
            {
              "origin": [
                -5,
                49.87039,
                -5.4486
              ],
              "size": [
                1,
                4,
                2
              ],
              "uv": [
                0,
                58
              ]
            }
          ]
        },
        {
          "name": "Rightleg",
          "parent": "bone8",
          "pivot": [
            0,
            28,
            0
          ],
          "cubes": [
            {
              "origin": [
                1,
                11,
                -3
              ],
              "size": [
                6,
                15,
                7
              ],
              "pivot": [
                1,
                10,
                2
              ],
              "rotation": [
                0,
                0,
                -2.5
              ],
              "uv": [
                59,
                56
              ]
            },
            {
              "origin": [
                -3,
                8,
                -4.1
              ],
              "size": [
                9,
                20,
                9
              ],
              "pivot": [
                7,
                30,
                0
              ],
              "rotation": [
                0,
                -2.5,
                -7.5
              ],
              "uv": [
                0,
                23
              ]
            }
          ]
        },
        {
          "name": "bone4",
          "parent": "Rightleg",
          "pivot": [
            3,
            11,
            0
          ],
          "cubes": [
            {
              "origin": [
                1,
                2,
                -3
              ],
              "size": [
                6,
                9,
                7
              ],
              "uv": [
                77,
                15
              ]
            },
            {
              "origin": [
                1,
                0,
                -5
              ],
              "size": [
                6,
                2,
                9
              ],
              "uv": [
                73,
                0
              ]
            }
          ]
        },
        {
          "name": "Leftleg",
          "parent": "bone8",
          "pivot": [
            0,
            28,
            0
          ],
          "cubes": [
            {
              "origin": [
                -7,
                11,
                -3
              ],
              "size": [
                6,
                15,
                7
              ],
              "pivot": [
                -1,
                10,
                2
              ],
              "rotation": [
                0,
                0,
                2.5
              ],
              "uv": [
                59,
                56
              ],
              "mirror": true
            },
            {
              "origin": [
                -6,
                8,
                -4.1
              ],
              "size": [
                9,
                20,
                9
              ],
              "pivot": [
                -7,
                30,
                0
              ],
              "rotation": [
                0,
                2.5,
                7.5
              ],
              "uv": [
                0,
                23
              ],
              "mirror": true
            }
          ]
        },
        {
          "name": "bone3",
          "parent": "Leftleg",
          "pivot": [
            -3,
            11,
            0
          ],
          "cubes": [
            {
              "origin": [
                -7,
                2,
                -3
              ],
              "size": [
                6,
                9,
                7
              ],
              "uv": [
                77,
                15
              ],
              "mirror": true
            },
            {
              "origin": [
                -7,
                0,
                -5
              ],
              "size": [
                6,
                2,
                9
              ],
              "uv": [
                73,
                0
              ],
              "mirror": true
            }
          ]
        }
      ]
    }
  ]
}