{
  "entity_sounds": {
    "entities": {
      "skibidi_toilet:arm_buzz_saw_toilet": {
        "volume": 1.0,
        "pitch": [
          0.8,
          1.2
        ],
        "events": {
          "ambient": "mob.skibidi_toilet_arm_buzz_saw_toilet.say",
          "hurt": "mob.skibidi_toilet_arm_buzz_saw_toilet.say",
          "death": "mob.skibidi_toilet_arm_buzz_saw_toilet.death",
          "step": "mob.skibidi_toilet_mutant_skibidi_toilet_man.step"
        }
      },
      "skibidi_toilet:shooter_soldier_wheel_big_toilet": {
        "volume": 1.0,
        "pitch": [
          0.8,
          1.2
        ],
        "events": {
          "ambient": "mob.skibidi_toilet_shooter_soldier_wheel_big_toilet.idle",
          "death": "mob.skibidi_toilet_shooter_soldier_wheel_big_toilet.death",
          "death.to.zombie": "mob.skibidi_toilet_shooter_soldier_wheel_big_toilet.death",
          "haggle": "mob.villager.haggle",
          "haggle.no": "mob.villager.no",
          "haggle.yes": "mob.villager.yes",
          "hurt": "mob.skibidi_toilet_shooter_soldier_wheel_big_toilet.hit"
        }
      },
      "skibidi_toilet:skibidi_toilet": {
        "volume": 1.0,
        "pitch": [
          0.8,
          1.2
        ],
        "events": {
          "ambient": "mob.skibidi_toilet_skibidi_toilet.say",
          "hurt": "mob.skibidi_toilet_skibidi_toilet.say",
          "death": "mob.skibidi_toilet_skibidi_toilet.death",
          "step": "mob.skibidi_toilet_mutant_skibidi_toilet_man.step"
        }
      },
      "skibidi_toilet:three_headed_spider_toilet": {
        "volume": 1.0,
        "pitch": [
          0.8,
          1.2
        ],
        "events": {
          "ambient": "mob.skibidi_toilet_three_headed_spider_toilet.say",
          "hurt": "mob.skibidi_toilet_three_headed_spider_toilet.hurt",
          "death": "mob.skibidi_toilet_three_headed_spider_toilet.death",
          "step": {
            "sound": "mob.skeleton.step",
            "volume": 1.0,
            "pitch": 1.0
          }
        }
      },
      "skibidi_toilet:scientist_machine_long_arm_blade_toilet": {
        "volume": 1.0,
        "pitch": [
          0.8,
          1.2
        ],
        "events": {
          "ambient": "mob.skibidi_toilet_scientist_machine_long_arm_blade_toilet.say",
          "hurt": "mob.skibidi_toilet_scientist_machine_long_arm_blade_toilet.hurt",
          "death": "mob.skibidi_toilet_scientist_machine_long_arm_blade_toilet.death",
          "step": {
            "sound": "mob.skeleton.step",
            "volume": 1.0,
            "pitch": 1.0
          }
        }
      },
      "skibidi_toilet:crawler_skibidi_toilet": {
        "volume": 1.0,
        "pitch": [
          0.8,
          1.2
        ],
        "events": {
          "ambient": "mob.skibidi_toilet_skibidi_toilet.say",
          "hurt": "mob.skibidi_toilet_skibidi_toilet.say",
          "death": "mob.skibidi_toilet_skibidi_toilet.death",
          "step": "mob.skibidi_toilet_mutant_skibidi_toilet_man.step"
        }
      },
      "skibidi_toilet:big_sickle_long_leg_toilet": {
        "volume": 1.0,
        "pitch": [
          0.8,
          1.2
        ],
        "events": {
          "ambient": "mob.skibidi_toilet_big_sickle_long_leg_toilet.idle",
          "death": "mob.skibidi_toilet_big_sickle_long_leg_toilet.death",
          "death.to.zombie": "mob.villager.death",
          "haggle": "mob.villager.haggle",
          "haggle.no": "mob.villager.no",
          "haggle.yes": "mob.villager.yes",
          "hurt": "mob.skibidi_toilet_big_sickle_long_leg_toilet.hit"
        }
      },
      "skibidi_toilet:double_buzz_saw_arm_toilet_man": {
        "volume": 1.0,
        "pitch": [
          0.8,
          1.2
        ],
        "events": {
          "ambient": "mob.skibidi_toilet_double_buzz_saw_arm_toilet_man.idle",
          "death": "mob.skibidi_toilet_double_buzz_saw_arm_toilet_man.death",
          "death.to.zombie": "mob.villager.death",
          "haggle": "mob.villager.haggle",
          "haggle.no": "mob.villager.no",
          "haggle.yes": "mob.villager.yes",
          "hurt": "mob.skibidi_toilet_double_buzz_saw_arm_toilet_man.hit"
        }
      },
      "skibidi_toilet:giant_crawler_toilet": {
        "volume": 1.0,
        "pitch": [
          0.8,
          1.2
        ],
        "events": {
          "ambient": "mob.skibidi_toilet_giant_crawler_toilet.say",
          "hurt": "mob.skibidi_toilet_giant_crawler_toilet.hurt",
          "death": "mob.skibidi_toilet_giant_crawler_toilet.death",
          "step": {
            "sound": "mob.skeleton.step",
            "volume": 1.0,
            "pitch": 1.0
          }
        }
      },
      "skibidi_toilet:double_light_tank_toilet": {
        "volume": 1.0,
        "pitch": [
          0.8,
          1.2
        ],
        "events": {
          "ambient": "mob.skibidi_toilet_double_light_tank_toilet.ambient",
          "hurt": "mob.ravager.hurt",
          "death": "mob.ravager.death",
          "step": "mob.ravager.step",
          "attack.strong": "mob.ravager.bite",
          "roar": "mob.ravager.roar",
          "stun": "mob.ravager.stun",
          "ambient.in.raid": {
            "sound": "mob.ravager.ambient",
            "volume": 3.0,
            "pitch": [
              0.8,
              1.2
            ]
          },
          "celebrate": "mob.ravager.celebrate"
        }
      },
      "skibidi_toilet:rocket_buzz_saw_toilet": {
        "volume": 1.0,
        "pitch": [
          0.8,
          1.2
        ],
        "events": {
          "ambient": "mob.skibidi_toilet_rocket_buzz_saw_toilet.say",
          "hurt": "mob.skibidi_toilet_rocket_buzz_saw_toilet.say",
          "death": "mob.skibidi_toilet_rocket_buzz_saw_toilet.death",
          "step": {
            "sound": "mob.pig.step",
            "volume": 0.15,
            "pitch": 1.0
          },
          "boost": {
            "sound": "mob.pig.boost",
            "volume": 1.0,
            "pitch": 1.0
          },
          "death.to.zombie": {
            "sound": "mob.pig.death",
            "volume": 2.0
          }
        }
      },
      "skibidi_toilet:giant_laser_toilet": {
        "volume": 1.0,
        "pitch": [
          0.8,
          1.2
        ],
        "events": {
          "ambient": "mob.skibidi_toilet_giant_laser_toilet.say",
          "hurt": "mob.skibidi_toilet_giant_laser_toilet.hurt",
          "death": "mob.skibidi_toilet_giant_laser_toilet.death",
          "step": {
            "sound": "mob.skeleton.step",
            "volume": 1.0,
            "pitch": 1.0
          }
        }
      }
    }
  }
}