{
  "namespace": "hud",
  "boss_name_panel": {
    "type": "panel",
    "size": [ "100%", "100%c" ],
    "anchor_from": "top_middle",
    "anchor_to": "top_middle",
    "controls": [
      {
        "boss_name": {
          "type": "label",
          "color": "$boss_name_text_color",
          "text": "#bossName",
          "anchor_from": "top_middle",
          "anchor_to": "top_middle",
          "shadow": true,
          "bindings": [
            {
              "binding_name": "#bossName",
              "binding_type": "collection",
              "binding_collection_name": "boss_bars"
            }
          ]
        }
      }
    ]
  },
  "boss_health_panel": {
    "type": "panel",
    "size": [
      182,
      20
    ],
    "anchor_from": "top_middle",
    "anchor_to": "top_middle",
    "$progress_bar_collection": "boss_bars",
    "controls": [
      {
        "boss_name@boss_name_panel": {
          "layer": 4
        }
      },
      {
        "boss_health@boss_health": {
          "offset": [ 0, 10 ],
          "layer": 2,
          "bindings": [
            {
              "binding_type": "collection",
              "binding_collection_name": "boss_bars",
              "binding_name_override": "#visible"
            }
          ]
        }
      }
    ]
  },
  "boss_health": {
    "type": "panel",
    "anchor_from": "top_middle",
    "anchor_to": "top_middle",
    "offset": [
      0,
      0
    ],
    "size": [
      180,
      10
    ],
    "controls": [
      {
        "empty_boss_health@empty_boss_health": {
          "layer": 1
        }
      },
      {
        "boss@boss": {
          "layer": 2
        }
      }
    ]
  },
  
  "boss@filled_boss_health": {
    "clip_pixelperfect": false,
    "bindings": [
      {
        "binding_name": "#progress_percentage",
        "binding_name_override": "#clip_ratio",
        "binding_type": "collection",
        "binding_collection_name": "$progress_bar_collection"
      }
    ]
  },
  "empty_boss_health": {
    "type": "image",
    "size": [ "101%", "50%" ],
    "offset": [ 0, -2.5 ],
    "texture": "textures/ui/empty_progress_bar",
    "color": [ 1.0, 0.0, 0.0 ]
  },
  "filled_boss_health": {
    "type": "image",
    "size": [ "101%", "50%" ],
    "offset": [ 0, -2.5 ],
    "texture": "textures/ui/filled_progress_bar",
    "clip_direction": "left",
    "color": [ 1.0, 0.0, 0.0 ],
    "bindings": [
      {
        "binding_name": "#progress_percentage",
        "binding_name_override": "#clip_ratio"
      }
    ]
  },
  "test": {
    "type": "image",
    "texture": "textures/items/jutsushiki/mukagen",
    "size": [
      64,
      64
    ]
  },
  "test2": {
    "type": "image",
    "texture": "textures/items/jutsushiki/skill",
    "size": [
      64,
      64
    ]
  },
  "test3": {
    "type": "image",
    "texture": "textures/ui/juryoku",
    "size": [
      64,
      64
    ]
  },
  "hud_actionbar_text": {
    "type": "image",
    "size": [ "100%c + 12px", "100%c + 5px" ],
    "anchor_from": "right_middle",
    "anchor_to": "right_middle",
    "offset": ["0%","-35%"],
    "texture": "",
    "alpha": "@hud.anim_actionbar_text_background_alpha_out",
    "controls": [
      {
        "actionbar_message": {
          "type": "label",
          "font_size":"large",
          "font_type":"smooth",
          "anchor_from": "center",
          "anchor_to": "center",
          "color": "$tool_tip_text",
          "layer": 1,
          "text": "$actionbar_text",
          "localize": false,
          "alpha": "@hud.anim_actionbar_text_alpha_out",
          "controls": [
            {
              "test@test": {
                "size": [
                  "35%",
                  "35%"
                ],
                "offset": [
                  "-65%",
                  "0%"
                ]
              }
            },
            {
              "test2@test2": {
                "size": [
                  "35%",
                  "35%"
                ],
                "offset": [
                  "-65%",
                  "35%"
                ]
              }
            },
            {
              "test3@test3": {
                "size": [
                  "35%",
                  "35%"
                ],
                "offset": [
                  "-65%",
                  "-35%"
                ]
              }
            }
          ]
        }
      }
    ]
  }
}