{
  "mob.pa_btv.idle": {
    "category": " neutral",
    "sounds": [
      "sounds/mob/pa_btv/idle1",
      "sounds/mob/pa_btv/idle1",
      "sounds/mob/pa_btv/idle1"
    ]
  },
  "mob.pa_cer.idle": {
    "category": " neutral",
    "sounds": [
      "sounds/mob/pa_cer/idle1",
      "sounds/mob/pa_cer/idle1",
      "sounds/mob/pa_cer/idle1"
    ]
  },
  "mob.pa_tv.idle": {
    "category": " neutral",
    "sounds": [
      "sounds/mob/pa_tv/idle1",
      "sounds/mob/pa_tv/idle1",
      "sounds/mob/pa_tv/idle1"
    ]
  },
  "mob.pa_spe.idle": {
    "category": " neutral",
    "sounds": [
      "sounds/mob/pa_spe/idle1",
      "sounds/mob/pa_spe/idle1",
      "sounds/mob/pa_spe/idle1"
    ]
  },
  "pa_sinar_shot": {
    "category": "neutral",
    "sounds": [
      "sounds/pa_sinar_shot"
    ]
  },
  "mob.pa_hi.idle": {
    "category": " neutral",
    "sounds": [
      "sounds/mob/pa_hi/idle1",
      "sounds/mob/pa_hi/idle1",
      "sounds/mob/pa_hi/idle1"
    ]
  },
  "mob.pa_gman.idle": {
    "category": " neutral",
    "sounds": [
      "sounds/mob/pa_gman/idle1",
      "sounds/mob/pa_gman/idle1",
      "sounds/mob/pa_gman/idle1"
    ]
  },
  "mob.pa_toilet.idle": {
    "category": " neutral",
    "sounds": [
      "sounds/mob/pa_toilet/idle1",
      "sounds/mob/pa_toilet/idle1",
      "sounds/mob/pa_toilet/idle1"
    ]
  },
  "mob.pa_toilet.hit": {
    "category": " neutral",
    "sounds": [
      "sounds/mob/pa_toilet/hit1",
      "sounds/mob/pa_toilet/hit1",
      "sounds/mob/pa_toilet/hit1",
      "sounds/mob/pa_toilet/hit1"
    ]
  },
  "mob.pa_cra.idle": {
    "category": " neutral",
    "sounds": [
      "sounds/mob/pa_cra/idle1",
      "sounds/mob/pa_cra/idle1",
      "sounds/mob/pa_cra/idle1"
    ]
  },
  "mob.pa_mutan.idle": {
    "category": " neutral",
    "sounds": [
      "sounds/mob/pa_mutan/idle1",
      "sounds/mob/pa_mutan/idle1",
      "sounds/mob/pa_mutan/idle1"
    ]
  },
  "mob.pa_virus.idle": {
    "category": " neutral",
    "sounds": [
      "sounds/mob/pa_virus/idle1",
      "sounds/mob/pa_virus/idle1",
      "sounds/mob/pa_virus/idle1"
    ]
  },
  "mob.pa_virus.hit": {
    "category": " neutral",
    "sounds": [
      "sounds/mob/pa_virus/hit1",
      "sounds/mob/pa_virus/hit1",
      "sounds/mob/pa_virus/hit1",
      "sounds/mob/pa_virus/hit1"
    ]
  },
  "mob.pa_tpeg.idle": {
    "category": " neutral",
    "sounds": [
      "sounds/mob/pa_tpeg/idle1",
      "sounds/mob/pa_tpeg/idle1",
      "sounds/mob/pa_tpeg/idle1"
    ]
  },
  "mob.pa_saw.idle": {
    "category": " neutral",
    "sounds": [
      "sounds/mob/pa_saw/idle1",
      "sounds/mob/pa_saw/idle1",
      "sounds/mob/pa_saw/idle1"
    ]
  }
}