{
  "format_version": "1.10.0",
  "minecraft:client_entity": {
    "description": {
      "identifier": "mt:mbna", 
      "materials": {  
          "default": "enderman"
      },         
      "textures": {
         "default": "textures/entity/mbna"
      },     
      "geometry": {
        "default": "geometry.mbna"
      },  
      "animations": {
        "walk": "animation.mbna.walk",
        "body_turn": "animation.steering_turn"
	
      },
      "scripts": {
        "animate": [
          { "walk": "query.modified_move_speed" },
		  "body_turn"
        ]
      },  
      "render_controllers": [ "controller.render.car" ],
      "spawn_egg": {
        "texture": "mbna",
        "texture_index": 0
      }
    }
  }
}
