{
  "format_version": "1.10.0",
  "minecraft:client_entity": {
    "description": {
      "identifier": "ic:blaster_bullet2",
      "materials": {
        "default": "entity_emissive_alpha",
        "glow": "entity_beam_additive" 
      },
      "textures": {
        "default": "textures/projectiles/ic_blaster_bullet"
      },
      "geometry": {
        "default": "geometry.ic_bullet_placeholder2"
      },
      "animations": {
        "move": "animation.bullet.move2"
      },
      "scripts": {
        "animate": [
          "move"
        ]
      },
      "render_controllers": [
        "controller.render.bullet"
      ]
    }
  }
}