{
  "format_version": "1.10.0",
  "minecraft:client_entity": {
    "description": {
      "identifier": "ic:st_spider_bullet",
      "materials": {
        "default": "entity_alphatest"
      },
      "textures": {
        "default": "textures/entity/null"
      },
      "geometry": {
        "default": "geometry.ic_bullet_placeholder"
      },
      "animations": {
        "move": "animation.bullet.move"
      },
      "scripts": {
        "animate": [
          "move"
        ]
      },
      "render_controllers": [
        "controller.render.default"
      ]
    }
  }
}