{
	"format_version": "1.19.50",
	"minecraft:block": {
		"description": {
			"identifier": "mn:mono_book1",
			"menu_category": {
				"category": "items"
			},
			"properties": {
				"bridge:block_rotation": [
					2,
					3,
					4,
					5
				]
			}
		},
		"components": {
			"minecraft:geometry": "geometry.mono_book1",
			"minecraft:material_instances": {
				"*": {
					"texture": "mn_mono_book1",
					"render_method": "alpha_test"
				}
			},
			"minecraft:collision_box": {
				"origin": [
					-8,
					0,
					-8
				],
				"size": [
					16,
					2,
					16
				]
			},
			"minecraft:selection_box": {
				"origin": [
					-8,
					0,
					-8
				],
				"size": [
					16,
					2,
					16
				]
			},
			"minecraft:on_player_placing": {
				"event": "bridge:update_rotation"
			}
		},
		"permutations": [
			{
				"condition": "query.block_property('bridge:block_rotation') == 2",
				"components": {
					"minecraft:rotation": [
						0,
						180,
						0
					]
				}
			},
			{
				"condition": "query.block_property('bridge:block_rotation') == 3",
				"components": {
					"minecraft:rotation": [
						0,
						0,
						0
					]
				}
			},
			{
				"condition": "query.block_property('bridge:block_rotation') == 4",
				"components": {
					"minecraft:rotation": [
						0,
						270,
						0
					]
				}
			},
			{
				"condition": "query.block_property('bridge:block_rotation') == 5",
				"components": {
					"minecraft:rotation": [
						0,
						90,
						0
					]
				}
			}
		],
		"events": {
			"bridge:update_rotation": {
				"set_block_property": {
					"bridge:block_rotation": "query.cardinal_facing_2d"
				}
			}
		}
	}
}