{"format_version":"1.8.0","minecraft:entity":{"description":{"identifier":"yg:acid","is_spawnable":false,"is_summonable":true,"is_experimental":false},"component_groups":{"minecraft:despawndead":{"minecraft:type_family":{"family":["despawn_"]}}},"components":{"minecraft:nameable":{},"minecraft:type_family":{"family":["acid"]},"minecraft:collision_box":{"width":0.5,"height":0.5},"minecraft:scale":{"value":1},"minecraft:health":{"value":10,"max":10},"minecraft:physics":{},"minecraft:pushable":{"is_pushable":false,"is_pushable_by_piston":false},"minecraft:knockback_resistance":{"value":99999999},"minecraft:damage_sensor":{"deals_damage":false},"minecraft:area_attack":{"damage_range":4,"damage_per_tick":9999,"cause":"contact","entity_filter":{"all_of":[{"test":"is_family","subject":"other","value":"acid","operator":"!="}]}},"minecraft:despawn":{"filters":{"all_of":[{"test":"is_family","subject":"self","value":"despawn_"}]}},"minecraft:timer":{"time":2,"time_down_event":{"event":"minecraft:despawn"}}},"events":{"minecraft:entity_spawned":{},"minecraft:despawn":{"add":{"component_groups":["minecraft:despawndead"]}}}}}