{
	"format_version": "1.19.30",
	"minecraft:block": {
		"description": {
			"identifier": "bb:compressed_tnt_81",
			"is_experimental": false,
			"menu_category": {
				"group": "bb:more_tnt",
				"category": "items"
			}
		},
		"components": {
			"minecraft:destructible_by_explosion": false,
			"minecraft:unit_cube": {},
			"minecraft:material_instances": {
				"*": {
					"texture": "bb_compressed_tnt_81_side"
				},
				"up": {
					"texture": "tnt_top"
				},
				"down": {
					"texture": "tnt_bottom"
				}
			},
			"minecraft:on_interact": {
				"event": "bb:light_tnt",
				"condition": "query.is_item_name_any('slot.weapon.mainhand',0,'minecraft:flint_and_steel')"
			}
		},
		"events": {
			"bb:light_tnt": {
				"run_command": {
					"command": [
						"setblock ~ ~ ~ air",
						"playsound random.fuse @a ~ ~ ~ 1 1 0",
						"summon bb:compressed_tnt_81 ~ ~ ~"
					]
				}
			}
		}
	}
}