{
  "tiers": [
    {
      "total_exp_required": 0,
      "groups": [
        {
          "num_to_select": 1,
          "trades": [
            {
              "wants": [
                {
                  "item": "minecraft:emerald",
                  "quantity": 5,
                  "functions": [
                    {
                      "function": "set_data",
                      "data": {
                        "min": 0,
                        "max": 0
                      }
                    }
                  ]
                }
              ],
              "gives": [
                {
                  "item": "set:tehpucu",
                  "quantity": 1,
                  "functions": []
                }
              ],
              "max_uses": -1,
              "reward_exp": true,
              "trader_exp": 10
            }
          ]
        },
        {
          "num_to_select": 1,
          "trades": [
            {
              "wants": [
                {
                  "item": "minecraft:emerald",
                  "quantity": 8
                }
              ],
              "gives": [
                {
                  "item": "set:ultramilk",
                  "quantity": 1
                }
              ],
              "trader_exp": 1,
              "max_uses": -1,
              "reward_exp": true
            }
          ]
        },
        {
          "num_to_select": 1,
          "trades": [
            {
              "wants": [
                {
                  "item": "minecraft:emerald",
                  "quantity": 6
                }
              ],
              "gives": [
                {
                  "item": "set:coklatos",
                  "quantity": 1
                }
              ],
              "trader_exp": 1,
              "max_uses": -1,
              "reward_exp": true
            }
          ]
        },
        {
          "num_to_select": 1,
          "trades": [
            {
              "wants": [
                {
                  "item": "minecraft:emerald",
                  "quantity": 25
                }
              ],
              "gives": [
                {
                  "item": "set:spritus",
                  "quantity": 1
                }
              ],
              "trader_exp": 1,
              "max_uses": -1,
              "reward_exp": true
            }
          ]
        }
      ]
    }
  ]
}