{
  "format_version": "1.12.0",
  "minecraft:geometry": [
    {
      "description": {
        "identifier": "geometry.fitt_big_tv_man",
        "texture_width": 128,
        "texture_height": 128,
        "visible_bounds_width": 4,
        "visible_bounds_height": 4.5,
        "visible_bounds_offset": [
          0,
          1.75,
          0
        ]
      },
      "bones": [
        {
          "name": "Head",
          "pivot": [
            0,
            31,
            -1
          ],
          "rotation": [
            2.5,
            0,
            0
          ],
          "cubes": [
            {
              "origin": [
                -4.725,
                31.20138,
                0.31657
              ],
              "size": [
                9.45,
                10.125,
                1.9575
              ],
              "pivot": [
                0,
                31.87638,
                0.31657
              ],
              "rotation": [
                0,
                180,
                0
              ],
              "uv": [
                0,
                24
              ]
            },
            {
              "origin": [
                -4.725,
                31.20138,
                -2.38343
              ],
              "size": [
                1.35,
                10.125,
                1.35
              ],
              "uv": [
                70,
                73
              ]
            },
            {
              "origin": [
                -4.725,
                31.24248,
                -1.97471
              ],
              "size": [
                1.35,
                8.775,
                1.35
              ],
              "pivot": [
                0,
                41.32638,
                -2.38343
              ],
              "rotation": [
                -7.5,
                0,
                0
              ],
              "uv": [
                63,
                74
              ]
            },
            {
              "origin": [
                3.375,
                31.24248,
                -1.97471
              ],
              "size": [
                1.35,
                8.775,
                1.35
              ],
              "pivot": [
                0,
                41.32638,
                -2.38343
              ],
              "rotation": [
                -7.5,
                0,
                0
              ],
              "uv": [
                58,
                74
              ]
            },
            {
              "origin": [
                3.375,
                31.20138,
                -2.38343
              ],
              "size": [
                1.35,
                10.125,
                1.35
              ],
              "uv": [
                26,
                70
              ]
            },
            {
              "origin": [
                -4.725,
                39.97638,
                -2.38343
              ],
              "size": [
                9.45,
                1.35,
                2.7
              ],
              "uv": [
                27,
                15
              ]
            },
            {
              "origin": [
                -3.375,
                31.20138,
                -2.38343
              ],
              "size": [
                6.75,
                1.35,
                1.35
              ],
              "uv": [
                0,
                51
              ]
            },
            {
              "origin": [
                -4.725,
                31.20138,
                0.31657
              ],
              "size": [
                9.45,
                7.425,
                4.05
              ],
              "pivot": [
                0,
                30.52638,
                0.31657
              ],
              "rotation": [
                7.5,
                0,
                0
              ],
              "uv": [
                0,
                0
              ]
            }
          ]
        },
        {
          "name": "Body",
          "pivot": [
            0,
            24,
            0
          ],
          "cubes": [
            {
              "origin": [
                -0.675,
                28.50138,
                -1.03343
              ],
              "size": [
                1.35,
                3.375,
                1.35
              ],
              "uv": [
                30,
                48
              ]
            }
          ]
        },
        {
          "name": "UpperBody",
          "parent": "Body",
          "pivot": [
            0,
            19,
            0
          ],
          "rotation": [
            12.5,
            0,
            0
          ],
          "cubes": [
            {
              "origin": [
                -4.5,
                22.5,
                -0.25
              ],
              "size": [
                9,
                7,
                4
              ],
              "uv": [
                0,
                12
              ]
            }
          ]
        },
        {
          "name": "Tentacle1",
          "parent": "UpperBody",
          "pivot": [
            1,
            28,
            0
          ],
          "cubes": [
            {
              "origin": [
                -0.5,
                27.5,
                3.75
              ],
              "size": [
                5,
                1,
                1
              ],
              "pivot": [
                0,
                28,
                4
              ],
              "rotation": [
                0,
                -22.5,
                0
              ],
              "uv": [
                76,
                51
              ]
            },
            {
              "origin": [
                3.43664,
                27.5,
                5.5
              ],
              "size": [
                5,
                1,
                1
              ],
              "pivot": [
                4,
                28,
                6
              ],
              "rotation": [
                0,
                7.5,
                0
              ],
              "uv": [
                31,
                76
              ]
            },
            {
              "origin": [
                11.33348,
                28.44068,
                4.58632
              ],
              "size": [
                5,
                1,
                1
              ],
              "pivot": [
                11,
                29,
                6
              ],
              "rotation": [
                -4.04618,
                6.3202,
                -32.72348
              ],
              "uv": [
                76,
                30
              ]
            },
            {
              "origin": [
                7.47086,
                27.5,
                4.9779
              ],
              "size": [
                5,
                1,
                1
              ],
              "pivot": [
                8,
                28,
                6
              ],
              "rotation": [
                -2.57816,
                7.04533,
                -20.15874
              ],
              "uv": [
                76,
                27
              ]
            },
            {
              "origin": [
                12,
                29,
                1
              ],
              "size": [
                6,
                6,
                2
              ],
              "uv": [
                57,
                0
              ]
            },
            {
              "origin": [
                13,
                29,
                3
              ],
              "size": [
                4,
                3,
                2
              ],
              "pivot": [
                15,
                28,
                0
              ],
              "rotation": [
                17.5,
                0,
                0
              ],
              "uv": [
                73,
                42
              ]
            }
          ]
        },
        {
          "name": "Tentacle2",
          "parent": "UpperBody",
          "pivot": [
            1,
            24,
            0
          ],
          "rotation": [
            0,
            0,
            17.5
          ],
          "cubes": [
            {
              "origin": [
                -0.5,
                23.5,
                3.75
              ],
              "size": [
                5,
                1,
                1
              ],
              "pivot": [
                0,
                24,
                4
              ],
              "rotation": [
                0,
                -22.5,
                0
              ],
              "uv": [
                76,
                24
              ]
            },
            {
              "origin": [
                3.43664,
                23.5,
                5.5
              ],
              "size": [
                5,
                1,
                1
              ],
              "pivot": [
                4,
                24,
                6
              ],
              "rotation": [
                0,
                7.5,
                0
              ],
              "uv": [
                76,
                21
              ]
            },
            {
              "origin": [
                11.33348,
                24.44068,
                4.58632
              ],
              "size": [
                5,
                1,
                1
              ],
              "pivot": [
                11,
                25,
                6
              ],
              "rotation": [
                -4.04618,
                6.3202,
                -32.72348
              ],
              "uv": [
                76,
                18
              ]
            },
            {
              "origin": [
                7.47086,
                23.5,
                4.9779
              ],
              "size": [
                5,
                1,
                1
              ],
              "pivot": [
                8,
                24,
                6
              ],
              "rotation": [
                -2.57816,
                7.04533,
                -20.15874
              ],
              "uv": [
                76,
                15
              ]
            },
            {
              "origin": [
                12,
                25,
                1
              ],
              "size": [
                6,
                6,
                2
              ],
              "uv": [
                0,
                54
              ]
            },
            {
              "origin": [
                13,
                25,
                3
              ],
              "size": [
                4,
                3,
                2
              ],
              "pivot": [
                15,
                24,
                0
              ],
              "rotation": [
                17.5,
                0,
                0
              ],
              "uv": [
                71,
                67
              ]
            }
          ]
        },
        {
          "name": "Tentacle3",
          "parent": "UpperBody",
          "pivot": [
            -1,
            24,
            0
          ],
          "rotation": [
            0,
            0,
            -180
          ],
          "cubes": [
            {
              "origin": [
                -2.5,
                23.5,
                3.75
              ],
              "size": [
                5,
                1,
                1
              ],
              "pivot": [
                -2,
                24,
                4
              ],
              "rotation": [
                0,
                -22.5,
                0
              ],
              "uv": [
                75,
                73
              ]
            },
            {
              "origin": [
                1.43664,
                23.5,
                5.5
              ],
              "size": [
                5,
                1,
                1
              ],
              "pivot": [
                2,
                24,
                6
              ],
              "rotation": [
                0,
                7.5,
                0
              ],
              "uv": [
                75,
                48
              ]
            },
            {
              "origin": [
                9.33348,
                24.44068,
                4.58632
              ],
              "size": [
                5,
                1,
                1
              ],
              "pivot": [
                9,
                25,
                6
              ],
              "rotation": [
                -4.04618,
                6.3202,
                -32.72348
              ],
              "uv": [
                74,
                12
              ]
            },
            {
              "origin": [
                5.47086,
                23.5,
                4.9779
              ],
              "size": [
                5,
                1,
                1
              ],
              "pivot": [
                6,
                24,
                6
              ],
              "rotation": [
                -2.57816,
                7.04533,
                -20.15874
              ],
              "uv": [
                74,
                9
              ]
            },
            {
              "origin": [
                10,
                25,
                1
              ],
              "size": [
                6,
                6,
                2
              ],
              "uv": [
                53,
                38
              ]
            },
            {
              "origin": [
                11,
                28,
                1
              ],
              "size": [
                4,
                3,
                2
              ],
              "pivot": [
                13,
                24,
                0
              ],
              "rotation": [
                -15,
                0,
                0
              ],
              "uv": [
                17,
                56
              ]
            }
          ]
        },
        {
          "name": "Tentacle4",
          "parent": "UpperBody",
          "pivot": [
            -1,
            28,
            0
          ],
          "rotation": [
            0,
            0,
            -150
          ],
          "cubes": [
            {
              "origin": [
                1.43664,
                27.5,
                5.5
              ],
              "size": [
                5,
                1,
                1
              ],
              "pivot": [
                2,
                28,
                6
              ],
              "rotation": [
                0,
                7.5,
                0
              ],
              "uv": [
                74,
                3
              ]
            },
            {
              "origin": [
                9.33348,
                28.44068,
                4.58632
              ],
              "size": [
                5,
                1,
                1
              ],
              "pivot": [
                9,
                29,
                6
              ],
              "rotation": [
                -4.04618,
                6.3202,
                -32.72348
              ],
              "uv": [
                74,
                0
              ]
            },
            {
              "origin": [
                5.47086,
                27.5,
                4.9779
              ],
              "size": [
                5,
                1,
                1
              ],
              "pivot": [
                6,
                28,
                6
              ],
              "rotation": [
                -2.57816,
                7.04533,
                -20.15874
              ],
              "uv": [
                63,
                24
              ]
            },
            {
              "origin": [
                10,
                29,
                1
              ],
              "size": [
                6,
                6,
                2
              ],
              "pivot": [
                13,
                33,
                0
              ],
              "rotation": [
                0,
                0,
                -27.5
              ],
              "uv": [
                30,
                53
              ]
            },
            {
              "origin": [
                13,
                31,
                1
              ],
              "size": [
                5,
                3,
                2
              ],
              "pivot": [
                13,
                28,
                0
              ],
              "rotation": [
                -13.36965,
                -6.86379,
                -26.69458
              ],
              "uv": [
                60,
                47
              ]
            },
            {
              "origin": [
                -2.5,
                27.5,
                3.75
              ],
              "size": [
                5,
                1,
                1
              ],
              "pivot": [
                -2,
                28,
                4
              ],
              "rotation": [
                0,
                -22.5,
                0
              ],
              "uv": [
                74,
                6
              ]
            }
          ]
        },
        {
          "name": "TvRay",
          "parent": "Tentacle4",
          "pivot": [
            -14,
            17,
            9
          ],
          "cubes": [
            {
              "origin": [
                -3,
                18,
                5
              ],
              "size": [
                6,
                6,
                0
              ],
              "pivot": [
                0,
                22,
                9
              ],
              "rotation": [
                0,
                0,
                -27.5
              ],
              "uv": [
                45,
                71
              ]
            },
            {
              "origin": [
                -3,
                18,
                3
              ],
              "size": [
                6,
                6,
                0
              ],
              "pivot": [
                0,
                22,
                9
              ],
              "rotation": [
                0,
                0,
                -27.5
              ],
              "uv": [
                13,
                70
              ]
            },
            {
              "origin": [
                -3,
                18,
                4
              ],
              "size": [
                6,
                6,
                0
              ],
              "pivot": [
                0,
                22,
                9
              ],
              "rotation": [
                0,
                0,
                -27.5
              ],
              "uv": [
                70,
                35
              ]
            }
          ]
        },
        {
          "name": "TvRay2",
          "parent": "Tentacle4",
          "pivot": [
            -17,
            3,
            2
          ],
          "cubes": [
            {
              "origin": [
                3,
                15,
                3
              ],
              "size": [
                6,
                6,
                0
              ],
              "pivot": [
                -3,
                8,
                2
              ],
              "rotation": [
                0,
                0,
                -27.5
              ],
              "uv": [
                0,
                70
              ]
            },
            {
              "origin": [
                3,
                15,
                5
              ],
              "size": [
                6,
                6,
                0
              ],
              "pivot": [
                -3,
                8,
                2
              ],
              "rotation": [
                0,
                0,
                -27.5
              ],
              "uv": [
                32,
                69
              ]
            },
            {
              "origin": [
                3,
                15,
                4
              ],
              "size": [
                6,
                6,
                0
              ],
              "pivot": [
                -3,
                8,
                2
              ],
              "rotation": [
                0,
                0,
                -27.5
              ],
              "uv": [
                58,
                67
              ]
            }
          ]
        },
        {
          "name": "TvRay3",
          "parent": "Tentacle4",
          "pivot": [
            -12,
            18,
            10
          ],
          "cubes": [
            {
              "origin": [
                -1,
                19,
                6
              ],
              "size": [
                6,
                6,
                0
              ],
              "pivot": [
                2,
                23,
                10
              ],
              "rotation": [
                0,
                0,
                -27.5
              ],
              "uv": [
                45,
                64
              ]
            },
            {
              "origin": [
                -1,
                19,
                4
              ],
              "size": [
                6,
                6,
                0
              ],
              "pivot": [
                2,
                23,
                10
              ],
              "rotation": [
                0,
                0,
                -27.5
              ],
              "uv": [
                63,
                60
              ]
            },
            {
              "origin": [
                -1,
                19,
                5
              ],
              "size": [
                6,
                6,
                0
              ],
              "pivot": [
                2,
                23,
                10
              ],
              "rotation": [
                0,
                0,
                -27.5
              ],
              "uv": [
                63,
                53
              ]
            }
          ]
        },
        {
          "name": "TvRay4",
          "parent": "Tentacle4",
          "pivot": [
            -12,
            18,
            10
          ],
          "cubes": [
            {
              "origin": [
                -1,
                19,
                6
              ],
              "size": [
                6,
                6,
                0
              ],
              "pivot": [
                2,
                23,
                10
              ],
              "rotation": [
                0,
                0,
                -27.5
              ],
              "uv": [
                63,
                17
              ]
            },
            {
              "origin": [
                -1,
                19,
                4
              ],
              "size": [
                6,
                6,
                0
              ],
              "pivot": [
                2,
                23,
                10
              ],
              "rotation": [
                0,
                0,
                -27.5
              ],
              "uv": [
                0,
                63
              ]
            },
            {
              "origin": [
                -1,
                19,
                5
              ],
              "size": [
                6,
                6,
                0
              ],
              "pivot": [
                2,
                23,
                10
              ],
              "rotation": [
                0,
                0,
                -27.5
              ],
              "uv": [
                32,
                62
              ]
            }
          ]
        },
        {
          "name": "BigTvray",
          "parent": "Tentacle4",
          "pivot": [
            -14,
            17,
            9
          ],
          "cubes": [
            {
              "origin": [
                -3,
                18,
                5
              ],
              "size": [
                7,
                6,
                0
              ],
              "pivot": [
                0,
                22,
                9
              ],
              "rotation": [
                0,
                0,
                -27.5
              ],
              "uv": [
                17,
                62
              ]
            },
            {
              "origin": [
                -3,
                18,
                3
              ],
              "size": [
                7,
                6,
                0
              ],
              "pivot": [
                0,
                22,
                9
              ],
              "rotation": [
                0,
                0,
                -27.5
              ],
              "uv": [
                61,
                27
              ]
            },
            {
              "origin": [
                -3,
                18,
                4
              ],
              "size": [
                7,
                6,
                0
              ],
              "pivot": [
                0,
                22,
                9
              ],
              "rotation": [
                0,
                0,
                -27.5
              ],
              "uv": [
                59,
                9
              ]
            }
          ]
        },
        {
          "name": "LowerBody",
          "parent": "Body",
          "pivot": [
            0,
            16,
            0
          ],
          "cubes": [
            {
              "origin": [
                -3.5,
                15,
                -1.25
              ],
              "size": [
                7,
                4.5,
                4
              ],
              "uv": [
                38,
                29
              ]
            },
            {
              "origin": [
                -4,
                19,
                -1.25
              ],
              "size": [
                8,
                4.5,
                4
              ],
              "uv": [
                23,
                20
              ]
            }
          ]
        },
        {
          "name": "Hdhdd",
          "pivot": [
            -4.5,
            29,
            0
          ],
          "rotation": [
            0,
            0,
            7.5
          ],
          "cubes": [
            {
              "origin": [
                -8.07776,
                19.42936,
                -2
              ],
              "size": [
                4,
                10,
                4
              ],
              "uv": [
                21,
                29
              ]
            }
          ]
        },
        {
          "name": "LoweRightArm",
          "parent": "Hdhdd",
          "pivot": [
            -5.57776,
            18.92936,
            0
          ],
          "cubes": [
            {
              "origin": [
                -7.57776,
                8.92936,
                -2
              ],
              "size": [
                3,
                10.5,
                3
              ],
              "pivot": [
                -5.57776,
                16.92936,
                0
              ],
              "rotation": [
                -15,
                0,
                0
              ],
              "uv": [
                50,
                50
              ]
            },
            {
              "origin": [
                -7.07776,
                7.92936,
                -1.5
              ],
              "size": [
                2,
                1,
                2
              ],
              "pivot": [
                -5.57776,
                16.92936,
                0
              ],
              "rotation": [
                -15,
                0,
                0
              ],
              "uv": [
                26,
                44
              ]
            }
          ]
        },
        {
          "name": "Jrjrjr",
          "pivot": [
            4.5,
            29,
            0
          ],
          "rotation": [
            0,
            0,
            -7.5
          ],
          "cubes": [
            {
              "origin": [
                4.07776,
                19.42936,
                -2
              ],
              "size": [
                4,
                10,
                4
              ],
              "uv": [
                27,
                0
              ]
            }
          ]
        },
        {
          "name": "LowerLeftArm",
          "parent": "Jrjrjr",
          "pivot": [
            6.57776,
            18.92936,
            0
          ],
          "cubes": [
            {
              "origin": [
                4.57776,
                8.42936,
                -2
              ],
              "size": [
                3,
                11,
                3
              ],
              "pivot": [
                5.57776,
                17.92936,
                0
              ],
              "rotation": [
                -17.5,
                0,
                0
              ],
              "uv": [
                44,
                0
              ]
            },
            {
              "origin": [
                5.07776,
                7.42936,
                -1.5
              ],
              "size": [
                2,
                1,
                2
              ],
              "pivot": [
                5.57776,
                17.92936,
                0
              ],
              "rotation": [
                -17.5,
                0,
                0
              ],
              "uv": [
                11,
                36
              ]
            }
          ]
        },
        {
          "name": "RightLeg",
          "pivot": [
            -1.9,
            16,
            1
          ],
          "cubes": [
            {
              "origin": [
                -3.25,
                6,
                -3.5
              ],
              "size": [
                3,
                10,
                4
              ],
              "pivot": [
                0,
                0,
                0
              ],
              "rotation": [
                -7.5,
                0,
                0
              ],
              "uv": [
                38,
                38
              ]
            },
            {
              "origin": [
                -3.25,
                0.05133,
                -2.71684
              ],
              "size": [
                3,
                7,
                4
              ],
              "pivot": [
                0,
                6,
                0
              ],
              "rotation": [
                2.5,
                0,
                0
              ],
              "uv": [
                48,
                15
              ]
            }
          ]
        },
        {
          "name": "LeftLeg",
          "pivot": [
            1.9,
            16,
            1
          ],
          "cubes": [
            {
              "origin": [
                0.25,
                0.05133,
                -2.71684
              ],
              "size": [
                3,
                7,
                4
              ],
              "pivot": [
                0,
                6,
                0
              ],
              "rotation": [
                2.5,
                0,
                0
              ],
              "uv": [
                15,
                44
              ]
            },
            {
              "origin": [
                0.25,
                6,
                -3.5
              ],
              "size": [
                3,
                10,
                4
              ],
              "pivot": [
                0,
                0,
                0
              ],
              "rotation": [
                -7.5,
                0,
                0
              ],
              "uv": [
                0,
                36
              ]
            }
          ]
        }
      ]
    }
  ]
}