{
  "format_version": "1.12.0",
  "minecraft:geometry": [
    {
      "description": {
        "identifier": "geometry.fitt_skibidi_car",
        "texture_width": 128,
        "texture_height": 128,
        "visible_bounds_width": 5,
        "visible_bounds_height": 3.5,
        "visible_bounds_offset": [
          0,
          1.25,
          0
        ]
      },
      "bones": [
        {
          "name": "bb_main",
          "pivot": [
            0,
            0,
            0
          ],
          "cubes": [
            {
              "origin": [
                -6.25,
                10,
                -10
              ],
              "size": [
                13.75,
                3.75,
                20
              ],
              "uv": [
                30,
                59
              ]
            },
            {
              "origin": [
                6.25,
                13.75,
                -10
              ],
              "size": [
                3.75,
                2.5,
                15
              ],
              "uv": [
                45,
                83
              ]
            },
            {
              "origin": [
                -7.5,
                13.75,
                -10
              ],
              "size": [
                3.75,
                2.5,
                15
              ],
              "uv": [
                61,
                85
              ]
            },
            {
              "origin": [
                -7.5,
                14.75,
                -16
              ],
              "size": [
                2.75,
                1.5,
                21
              ],
              "pivot": [
                -6,
                15,
                5
              ],
              "rotation": [
                0,
                35,
                0
              ],
              "uv": [
                55,
                79
              ]
            },
            {
              "origin": [
                7.5,
                14.75,
                -16
              ],
              "size": [
                2.75,
                1.5,
                21
              ],
              "pivot": [
                9,
                15,
                3
              ],
              "rotation": [
                0,
                -32.5,
                0
              ],
              "uv": [
                55,
                79
              ]
            },
            {
              "origin": [
                -6.25,
                13.75,
                5
              ],
              "size": [
                13.75,
                16.75,
                5
              ],
              "uv": [
                92,
                0
              ]
            },
            {
              "origin": [
                -6.25,
                14.75,
                3
              ],
              "size": [
                13.75,
                14.75,
                1
              ],
              "pivot": [
                0,
                15,
                4
              ],
              "rotation": [
                2.5,
                0,
                0
              ],
              "uv": [
                100,
                60
              ]
            },
            {
              "origin": [
                -5.25,
                29.3,
                3
              ],
              "size": [
                11.75,
                2.75,
                1
              ],
              "pivot": [
                0,
                15,
                4
              ],
              "rotation": [
                2.5,
                0,
                0
              ],
              "uv": [
                96,
                91
              ]
            },
            {
              "origin": [
                -6.25,
                13.75,
                -12.5
              ],
              "size": [
                13.75,
                2.5,
                3.75
              ],
              "uv": [
                36,
                54
              ]
            },
            {
              "origin": [
                -7,
                30.5,
                4
              ],
              "size": [
                15.25,
                1.5,
                7
              ],
              "uv": [
                -2,
                55
              ]
            },
            {
              "origin": [
                0,
                31.5,
                7
              ],
              "size": [
                1.25,
                2.5,
                1
              ],
              "uv": [
                4,
                61
              ]
            },
            {
              "origin": [
                -0.75,
                33.5,
                6.5
              ],
              "size": [
                2.25,
                2.5,
                2
              ],
              "uv": [
                3,
                60
              ]
            },
            {
              "origin": [
                -5.5,
                2.5,
                -8.75
              ],
              "size": [
                12.25,
                7.5,
                17.5
              ],
              "uv": [
                0,
                101
              ]
            },
            {
              "origin": [
                -7.5,
                2.5,
                5.25
              ],
              "size": [
                2.25,
                1.5,
                1.5
              ],
              "uv": [
                122,
                0
              ]
            },
            {
              "origin": [
                6.5,
                2.5,
                5.25
              ],
              "size": [
                2.25,
                1.5,
                1.5
              ],
              "uv": [
                122,
                0
              ]
            },
            {
              "origin": [
                -12.5,
                -0.5,
                1.25
              ],
              "size": [
                5.25,
                8.5,
                7.5
              ],
              "uv": [
                104,
                113
              ]
            },
            {
              "origin": [
                8.5,
                -0.5,
                1.25
              ],
              "size": [
                5.25,
                8.5,
                7.5
              ],
              "uv": [
                104,
                113
              ]
            },
            {
              "origin": [
                -12.5,
                -0.5,
                -7.75
              ],
              "size": [
                5.25,
                8.5,
                7.5
              ],
              "uv": [
                104,
                113
              ]
            },
            {
              "origin": [
                8.5,
                -0.5,
                -8.75
              ],
              "size": [
                5.25,
                8.5,
                7.5
              ],
              "uv": [
                104,
                113
              ]
            },
            {
              "origin": [
                -7.5,
                2.5,
                -5.75
              ],
              "size": [
                2.25,
                1.5,
                1.5
              ],
              "uv": [
                122,
                0
              ]
            },
            {
              "origin": [
                6.5,
                2.5,
                -5.75
              ],
              "size": [
                2.25,
                1.5,
                1.5
              ],
              "uv": [
                122,
                0
              ]
            }
          ]
        },
        {
          "name": "Saw",
          "parent": "bb_main",
          "pivot": [
            -18,
            16,
            -13
          ],
          "cubes": [
            {
              "origin": [
                -24.42097,
                16.5,
                -19.1915
              ],
              "size": [
                12.75,
                0,
                13
              ],
              "pivot": [
                -18,
                16,
                -12
              ],
              "rotation": [
                0,
                35,
                0
              ],
              "uv": [
                91,
                24
              ]
            }
          ]
        },
        {
          "name": "Saw2",
          "parent": "bb_main",
          "pivot": [
            19,
            16,
            -13
          ],
          "cubes": [
            {
              "origin": [
                -0.5,
                16.5,
                -30
              ],
              "size": [
                12.75,
                0,
                13
              ],
              "pivot": [
                -6,
                15,
                5
              ],
              "rotation": [
                0,
                -32.5,
                0
              ],
              "uv": [
                91,
                24
              ]
            }
          ]
        },
        {
          "name": "Head",
          "pivot": [
            1,
            20,
            -4
          ],
          "cubes": [
            {
              "origin": [
                -3,
                20,
                -8
              ],
              "size": [
                8,
                8,
                8
              ],
              "uv": [
                0,
                0
              ]
            }
          ]
        },
        {
          "name": "Eyebrow1",
          "parent": "Head",
          "pivot": [
            -2,
            25,
            -8
          ],
          "cubes": [
            {
              "origin": [
                -2,
                24,
                -8.01
              ],
              "size": [
                2,
                1,
                0
              ],
              "uv": [
                12,
                108
              ]
            }
          ]
        },
        {
          "name": "Eyebrow2",
          "parent": "Head",
          "pivot": [
            4,
            25,
            -8
          ],
          "cubes": [
            {
              "origin": [
                2,
                24,
                -8.01
              ],
              "size": [
                2,
                1,
                0
              ],
              "uv": [
                12,
                108
              ]
            }
          ]
        },
        {
          "name": "Eye1",
          "parent": "Head",
          "pivot": [
            1,
            20,
            0
          ],
          "cubes": [
            {
              "origin": [
                -1,
                23,
                -8.01
              ],
              "size": [
                1,
                1,
                0
              ],
              "uv": [
                8,
                112
              ]
            }
          ]
        },
        {
          "name": "Eye2",
          "parent": "Head",
          "pivot": [
            1,
            20,
            0
          ],
          "cubes": [
            {
              "origin": [
                2,
                23,
                -8.01
              ],
              "size": [
                1,
                1,
                0
              ],
              "uv": [
                8,
                112
              ]
            }
          ]
        },
        {
          "name": "Mouth",
          "parent": "Head",
          "pivot": [
            -3,
            21,
            0
          ],
          "cubes": [
            {
              "origin": [
                -3,
                20,
                -8.01
              ],
              "size": [
                6,
                7,
                0
              ],
              "uv": [
                57,
                17
              ]
            }
          ]
        },
        {
          "name": "Neck",
          "pivot": [
            1,
            14,
            -1
          ],
          "cubes": [
            {
              "origin": [
                -1,
                13,
                -5
              ],
              "size": [
                4,
                8,
                4
              ],
              "pivot": [
                0,
                18,
                -2
              ],
              "rotation": [
                17.5,
                0,
                0
              ],
              "uv": [
                28,
                12
              ]
            }
          ]
        }
      ]
    }
  ]
}