{
  "format_version": "1.12.0",
  "minecraft:geometry": [
    {
      "description": {
        "identifier": "geometry.fitt_glasses_skibidi_large",
        "texture_width": 128,
        "texture_height": 128,
        "visible_bounds_width": 3,
        "visible_bounds_height": 3.5,
        "visible_bounds_offset": [
          0,
          1.25,
          0
        ]
      },
      "bones": [
        {
          "name": "bb_main",
          "pivot": [
            0,
            0,
            0
          ],
          "cubes": [
            {
              "origin": [
                -3.75,
                0,
                -10
              ],
              "size": [
                8.75,
                2.5,
                15
              ],
              "uv": {
                "north": {
                  "uv": [
                    15,
                    40
                  ],
                  "uv_size": [
                    8,
                    2
                  ]
                },
                "east": {
                  "uv": [
                    0,
                    40
                  ],
                  "uv_size": [
                    15,
                    2
                  ]
                },
                "south": {
                  "uv": [
                    38,
                    40
                  ],
                  "uv_size": [
                    8,
                    2
                  ]
                },
                "west": {
                  "uv": [
                    23,
                    40
                  ],
                  "uv_size": [
                    15,
                    2
                  ]
                },
                "up": {
                  "uv": [
                    15,
                    25
                  ],
                  "uv_size": [
                    8,
                    15
                  ]
                },
                "down": {
                  "uv": [
                    23,
                    40
                  ],
                  "uv_size": [
                    8,
                    -15
                  ]
                }
              }
            },
            {
              "origin": [
                -3.75,
                0,
                6.25
              ],
              "size": [
                8.75,
                2.5,
                5
              ],
              "uv": {
                "north": {
                  "uv": [
                    34,
                    81
                  ],
                  "uv_size": [
                    8,
                    2
                  ]
                },
                "east": {
                  "uv": [
                    29,
                    81
                  ],
                  "uv_size": [
                    5,
                    2
                  ]
                },
                "south": {
                  "uv": [
                    47,
                    81
                  ],
                  "uv_size": [
                    8,
                    2
                  ]
                },
                "west": {
                  "uv": [
                    42,
                    81
                  ],
                  "uv_size": [
                    5,
                    2
                  ]
                },
                "up": {
                  "uv": [
                    34,
                    76
                  ],
                  "uv_size": [
                    8,
                    5
                  ]
                },
                "down": {
                  "uv": [
                    42,
                    81
                  ],
                  "uv_size": [
                    8,
                    -5
                  ]
                }
              }
            },
            {
              "origin": [
                -6.25,
                10,
                -10
              ],
              "size": [
                13.75,
                3.75,
                20
              ],
              "uv": {
                "north": {
                  "uv": [
                    50,
                    79
                  ],
                  "uv_size": [
                    13,
                    3
                  ]
                },
                "east": {
                  "uv": [
                    30,
                    79
                  ],
                  "uv_size": [
                    20,
                    3
                  ]
                },
                "south": {
                  "uv": [
                    83,
                    79
                  ],
                  "uv_size": [
                    13,
                    3
                  ]
                },
                "west": {
                  "uv": [
                    63,
                    79
                  ],
                  "uv_size": [
                    20,
                    3
                  ]
                },
                "up": {
                  "uv": [
                    50,
                    59
                  ],
                  "uv_size": [
                    13,
                    20
                  ]
                },
                "down": {
                  "uv": [
                    63,
                    79
                  ],
                  "uv_size": [
                    13,
                    -20
                  ]
                }
              }
            },
            {
              "origin": [
                6.25,
                13.75,
                -10
              ],
              "size": [
                3.75,
                2.5,
                15
              ],
              "uv": {
                "north": {
                  "uv": [
                    60,
                    98
                  ],
                  "uv_size": [
                    3,
                    2
                  ]
                },
                "east": {
                  "uv": [
                    45,
                    98
                  ],
                  "uv_size": [
                    15,
                    2
                  ]
                },
                "south": {
                  "uv": [
                    78,
                    98
                  ],
                  "uv_size": [
                    3,
                    2
                  ]
                },
                "west": {
                  "uv": [
                    63,
                    98
                  ],
                  "uv_size": [
                    15,
                    2
                  ]
                },
                "up": {
                  "uv": [
                    60,
                    83
                  ],
                  "uv_size": [
                    3,
                    15
                  ]
                },
                "down": {
                  "uv": [
                    63,
                    98
                  ],
                  "uv_size": [
                    3,
                    -15
                  ]
                }
              }
            },
            {
              "origin": [
                -7.5,
                13.75,
                -10
              ],
              "size": [
                3.75,
                2.5,
                15
              ],
              "uv": {
                "north": {
                  "uv": [
                    76,
                    100
                  ],
                  "uv_size": [
                    3,
                    2
                  ]
                },
                "east": {
                  "uv": [
                    61,
                    100
                  ],
                  "uv_size": [
                    15,
                    2
                  ]
                },
                "south": {
                  "uv": [
                    94,
                    100
                  ],
                  "uv_size": [
                    3,
                    2
                  ]
                },
                "west": {
                  "uv": [
                    79,
                    100
                  ],
                  "uv_size": [
                    15,
                    2
                  ]
                },
                "up": {
                  "uv": [
                    76,
                    85
                  ],
                  "uv_size": [
                    3,
                    15
                  ]
                },
                "down": {
                  "uv": [
                    79,
                    100
                  ],
                  "uv_size": [
                    3,
                    -15
                  ]
                }
              }
            },
            {
              "origin": [
                -6.25,
                13.75,
                5
              ],
              "size": [
                13.75,
                16.75,
                5
              ],
              "uv": {
                "north": {
                  "uv": [
                    97,
                    5
                  ],
                  "uv_size": [
                    13,
                    16
                  ]
                },
                "east": {
                  "uv": [
                    92,
                    5
                  ],
                  "uv_size": [
                    5,
                    16
                  ]
                },
                "south": {
                  "uv": [
                    115,
                    5
                  ],
                  "uv_size": [
                    13,
                    16
                  ]
                },
                "west": {
                  "uv": [
                    110,
                    5
                  ],
                  "uv_size": [
                    5,
                    16
                  ]
                },
                "up": {
                  "uv": [
                    97,
                    0
                  ],
                  "uv_size": [
                    13,
                    5
                  ]
                },
                "down": {
                  "uv": [
                    110,
                    5
                  ],
                  "uv_size": [
                    13,
                    -5
                  ]
                }
              }
            },
            {
              "origin": [
                -6.25,
                14.75,
                3
              ],
              "size": [
                13.75,
                14.75,
                1
              ],
              "pivot": [
                0,
                15,
                4
              ],
              "rotation": [
                2.5,
                0,
                0
              ],
              "uv": {
                "north": {
                  "uv": [
                    101,
                    61
                  ],
                  "uv_size": [
                    13,
                    19
                  ]
                },
                "east": {
                  "uv": [
                    100,
                    61
                  ],
                  "uv_size": [
                    1,
                    19
                  ]
                },
                "south": {
                  "uv": [
                    115,
                    61
                  ],
                  "uv_size": [
                    13,
                    19
                  ]
                },
                "west": {
                  "uv": [
                    114,
                    61
                  ],
                  "uv_size": [
                    1,
                    19
                  ]
                },
                "up": {
                  "uv": [
                    101,
                    60
                  ],
                  "uv_size": [
                    13,
                    1
                  ]
                },
                "down": {
                  "uv": [
                    114,
                    61
                  ],
                  "uv_size": [
                    13,
                    -1
                  ]
                }
              }
            },
            {
              "origin": [
                -5.25,
                29.3,
                3
              ],
              "size": [
                11.75,
                2.75,
                1
              ],
              "pivot": [
                0,
                15,
                4
              ],
              "rotation": [
                2.5,
                0,
                0
              ],
              "uv": {
                "north": {
                  "uv": [
                    97,
                    92
                  ],
                  "uv_size": [
                    11,
                    2
                  ]
                },
                "east": {
                  "uv": [
                    96,
                    92
                  ],
                  "uv_size": [
                    1,
                    2
                  ]
                },
                "south": {
                  "uv": [
                    109,
                    92
                  ],
                  "uv_size": [
                    11,
                    2
                  ]
                },
                "west": {
                  "uv": [
                    108,
                    92
                  ],
                  "uv_size": [
                    1,
                    2
                  ]
                },
                "up": {
                  "uv": [
                    97,
                    91
                  ],
                  "uv_size": [
                    11,
                    1
                  ]
                },
                "down": {
                  "uv": [
                    108,
                    92
                  ],
                  "uv_size": [
                    11,
                    -1
                  ]
                }
              }
            },
            {
              "origin": [
                -6.25,
                13.75,
                -12.5
              ],
              "size": [
                13.75,
                2.5,
                3.75
              ],
              "uv": {
                "north": {
                  "uv": [
                    39,
                    57
                  ],
                  "uv_size": [
                    13,
                    2
                  ]
                },
                "east": {
                  "uv": [
                    36,
                    57
                  ],
                  "uv_size": [
                    3,
                    2
                  ]
                },
                "south": {
                  "uv": [
                    55,
                    57
                  ],
                  "uv_size": [
                    13,
                    2
                  ]
                },
                "west": {
                  "uv": [
                    52,
                    57
                  ],
                  "uv_size": [
                    3,
                    2
                  ]
                },
                "up": {
                  "uv": [
                    39,
                    54
                  ],
                  "uv_size": [
                    13,
                    3
                  ]
                },
                "down": {
                  "uv": [
                    52,
                    57
                  ],
                  "uv_size": [
                    13,
                    -3
                  ]
                }
              }
            },
            {
              "origin": [
                -7,
                30.5,
                4
              ],
              "size": [
                15.25,
                1.5,
                7
              ],
              "uv": {
                "north": {
                  "uv": [
                    5,
                    62
                  ],
                  "uv_size": [
                    15,
                    1
                  ]
                },
                "east": {
                  "uv": [
                    -2,
                    62
                  ],
                  "uv_size": [
                    7,
                    1
                  ]
                },
                "south": {
                  "uv": [
                    27,
                    62
                  ],
                  "uv_size": [
                    15,
                    1
                  ]
                },
                "west": {
                  "uv": [
                    20,
                    62
                  ],
                  "uv_size": [
                    7,
                    1
                  ]
                },
                "up": {
                  "uv": [
                    5,
                    55
                  ],
                  "uv_size": [
                    15,
                    7
                  ]
                },
                "down": {
                  "uv": [
                    20,
                    62
                  ],
                  "uv_size": [
                    15,
                    -7
                  ]
                }
              }
            },
            {
              "origin": [
                0,
                31.5,
                7
              ],
              "size": [
                1.25,
                2.5,
                1
              ],
              "uv": {
                "north": {
                  "uv": [
                    5,
                    62
                  ],
                  "uv_size": [
                    1,
                    2
                  ]
                },
                "east": {
                  "uv": [
                    4,
                    62
                  ],
                  "uv_size": [
                    1,
                    2
                  ]
                },
                "south": {
                  "uv": [
                    7,
                    62
                  ],
                  "uv_size": [
                    1,
                    2
                  ]
                },
                "west": {
                  "uv": [
                    6,
                    62
                  ],
                  "uv_size": [
                    1,
                    2
                  ]
                },
                "up": {
                  "uv": [
                    5,
                    61
                  ],
                  "uv_size": [
                    1,
                    1
                  ]
                },
                "down": {
                  "uv": [
                    6,
                    62
                  ],
                  "uv_size": [
                    1,
                    -1
                  ]
                }
              }
            },
            {
              "origin": [
                -0.75,
                33.5,
                6.5
              ],
              "size": [
                2.25,
                2.5,
                2
              ],
              "uv": {
                "north": {
                  "uv": [
                    5,
                    62
                  ],
                  "uv_size": [
                    2,
                    2
                  ]
                },
                "east": {
                  "uv": [
                    3,
                    62
                  ],
                  "uv_size": [
                    2,
                    2
                  ]
                },
                "south": {
                  "uv": [
                    9,
                    62
                  ],
                  "uv_size": [
                    2,
                    2
                  ]
                },
                "west": {
                  "uv": [
                    7,
                    62
                  ],
                  "uv_size": [
                    2,
                    2
                  ]
                },
                "up": {
                  "uv": [
                    5,
                    60
                  ],
                  "uv_size": [
                    2,
                    2
                  ]
                },
                "down": {
                  "uv": [
                    7,
                    62
                  ],
                  "uv_size": [
                    2,
                    -2
                  ]
                }
              }
            },
            {
              "origin": [
                -1.25,
                2.5,
                -7.5
              ],
              "size": [
                3.75,
                5,
                10
              ],
              "uv": {
                "north": {
                  "uv": [
                    10,
                    26
                  ],
                  "uv_size": [
                    3,
                    5
                  ]
                },
                "east": {
                  "uv": [
                    0,
                    26
                  ],
                  "uv_size": [
                    10,
                    5
                  ]
                },
                "south": {
                  "uv": [
                    23,
                    26
                  ],
                  "uv_size": [
                    3,
                    5
                  ]
                },
                "west": {
                  "uv": [
                    13,
                    26
                  ],
                  "uv_size": [
                    10,
                    5
                  ]
                },
                "up": {
                  "uv": [
                    10,
                    16
                  ],
                  "uv_size": [
                    3,
                    10
                  ]
                },
                "down": {
                  "uv": [
                    13,
                    26
                  ],
                  "uv_size": [
                    3,
                    -10
                  ]
                }
              }
            },
            {
              "origin": [
                -1.25,
                2.5,
                7.5
              ],
              "size": [
                3.75,
                7.5,
                2.5
              ],
              "uv": {
                "north": {
                  "uv": [
                    63,
                    29
                  ],
                  "uv_size": [
                    3,
                    7
                  ]
                },
                "east": {
                  "uv": [
                    61,
                    29
                  ],
                  "uv_size": [
                    2,
                    7
                  ]
                },
                "south": {
                  "uv": [
                    68,
                    29
                  ],
                  "uv_size": [
                    3,
                    7
                  ]
                },
                "west": {
                  "uv": [
                    66,
                    29
                  ],
                  "uv_size": [
                    2,
                    7
                  ]
                },
                "up": {
                  "uv": [
                    63,
                    27
                  ],
                  "uv_size": [
                    3,
                    2
                  ]
                },
                "down": {
                  "uv": [
                    66,
                    29
                  ],
                  "uv_size": [
                    3,
                    -2
                  ]
                }
              }
            },
            {
              "origin": [
                -1.25,
                3.75,
                2.5
              ],
              "size": [
                3.75,
                2.5,
                5
              ],
              "uv": {
                "north": {
                  "uv": [
                    29,
                    6
                  ],
                  "uv_size": [
                    3,
                    2
                  ]
                },
                "east": {
                  "uv": [
                    24,
                    6
                  ],
                  "uv_size": [
                    5,
                    2
                  ]
                },
                "south": {
                  "uv": [
                    37,
                    6
                  ],
                  "uv_size": [
                    3,
                    2
                  ]
                },
                "west": {
                  "uv": [
                    32,
                    6
                  ],
                  "uv_size": [
                    5,
                    2
                  ]
                },
                "up": {
                  "uv": [
                    29,
                    1
                  ],
                  "uv_size": [
                    3,
                    5
                  ]
                },
                "down": {
                  "uv": [
                    32,
                    6
                  ],
                  "uv_size": [
                    3,
                    -5
                  ]
                }
              }
            },
            {
              "origin": [
                -2.5,
                7.5,
                -8.75
              ],
              "size": [
                6.25,
                2.5,
                12.5
              ],
              "uv": {
                "north": {
                  "uv": [
                    68,
                    12
                  ],
                  "uv_size": [
                    6,
                    2
                  ]
                },
                "east": {
                  "uv": [
                    56,
                    12
                  ],
                  "uv_size": [
                    12,
                    2
                  ]
                },
                "south": {
                  "uv": [
                    86,
                    12
                  ],
                  "uv_size": [
                    6,
                    2
                  ]
                },
                "west": {
                  "uv": [
                    74,
                    12
                  ],
                  "uv_size": [
                    12,
                    2
                  ]
                },
                "up": {
                  "uv": [
                    68,
                    0
                  ],
                  "uv_size": [
                    6,
                    12
                  ]
                },
                "down": {
                  "uv": [
                    74,
                    12
                  ],
                  "uv_size": [
                    6,
                    -12
                  ]
                }
              }
            },
            {
              "origin": [
                -1,
                0,
                -1
              ],
              "size": [
                2,
                2,
                2
              ],
              "uv": {
                "north": {
                  "uv": [
                    2,
                    2
                  ],
                  "uv_size": [
                    2,
                    2
                  ]
                },
                "east": {
                  "uv": [
                    0,
                    2
                  ],
                  "uv_size": [
                    2,
                    2
                  ]
                },
                "south": {
                  "uv": [
                    6,
                    2
                  ],
                  "uv_size": [
                    2,
                    2
                  ]
                },
                "west": {
                  "uv": [
                    4,
                    2
                  ],
                  "uv_size": [
                    2,
                    2
                  ]
                },
                "up": {
                  "uv": [
                    2,
                    0
                  ],
                  "uv_size": [
                    2,
                    2
                  ]
                },
                "down": {
                  "uv": [
                    4,
                    2
                  ],
                  "uv_size": [
                    2,
                    -2
                  ]
                }
              }
            }
          ]
        },
        {
          "name": "Head",
          "pivot": [
            1,
            20,
            -4
          ],
          "cubes": [
            {
              "origin": [
                -3,
                20,
                -8
              ],
              "size": [
                8,
                8,
                8
              ],
              "uv": {
                "north": {
                  "uv": [
                    8,
                    8
                  ],
                  "uv_size": [
                    8,
                    8
                  ]
                },
                "east": {
                  "uv": [
                    0,
                    8
                  ],
                  "uv_size": [
                    8,
                    8
                  ]
                },
                "south": {
                  "uv": [
                    24,
                    8
                  ],
                  "uv_size": [
                    8,
                    8
                  ]
                },
                "west": {
                  "uv": [
                    16,
                    8
                  ],
                  "uv_size": [
                    8,
                    8
                  ]
                },
                "up": {
                  "uv": [
                    8,
                    0
                  ],
                  "uv_size": [
                    8,
                    8
                  ]
                },
                "down": {
                  "uv": [
                    16,
                    8
                  ],
                  "uv_size": [
                    8,
                    -8
                  ]
                }
              }
            },
            {
              "origin": [
                -3.5,
                23,
                -8.5
              ],
              "size": [
                0.5,
                1,
                5
              ],
              "uv": {
                "north": {
                  "uv": [
                    7,
                    2
                  ],
                  "uv_size": [
                    1,
                    1
                  ]
                },
                "east": {
                  "uv": [
                    3,
                    1
                  ],
                  "uv_size": [
                    5,
                    1
                  ]
                },
                "south": {
                  "uv": [
                    6.5,
                    2
                  ],
                  "uv_size": [
                    1,
                    1
                  ]
                },
                "west": {
                  "uv": [
                    3,
                    0
                  ],
                  "uv_size": [
                    5,
                    1
                  ]
                },
                "up": {
                  "uv": [
                    0,
                    21
                  ],
                  "uv_size": [
                    1.5,
                    -5
                  ]
                },
                "down": {
                  "uv": [
                    5,
                    21
                  ],
                  "uv_size": [
                    1,
                    -5
                  ]
                }
              }
            },
            {
              "origin": [
                5,
                23,
                -8.5
              ],
              "size": [
                0.5,
                1,
                6
              ],
              "uv": {
                "north": {
                  "uv": [
                    2.5,
                    0
                  ],
                  "uv_size": [
                    -0.5,
                    1
                  ]
                },
                "east": {
                  "uv": [
                    1,
                    3.5
                  ],
                  "uv_size": [
                    6,
                    1
                  ]
                },
                "south": {
                  "uv": [
                    7.5,
                    6.5
                  ],
                  "uv_size": [
                    0.5,
                    1
                  ]
                },
                "west": {
                  "uv": [
                    1,
                    4.5
                  ],
                  "uv_size": [
                    6,
                    1
                  ]
                },
                "up": {
                  "uv": [
                    3,
                    22
                  ],
                  "uv_size": [
                    -0.5,
                    -6
                  ]
                },
                "down": {
                  "uv": [
                    7,
                    7.5
                  ],
                  "uv_size": [
                    -0.5,
                    -6
                  ]
                }
              }
            },
            {
              "origin": [
                4,
                23,
                -8.5
              ],
              "size": [
                1,
                1,
                0.5
              ],
              "uv": {
                "north": {
                  "uv": [
                    2.5,
                    3
                  ],
                  "uv_size": [
                    1,
                    1
                  ]
                },
                "east": {
                  "uv": [
                    0,
                    0
                  ],
                  "uv_size": [
                    0.5,
                    1
                  ]
                },
                "south": {
                  "uv": [
                    2.5,
                    3
                  ],
                  "uv_size": [
                    1,
                    1
                  ]
                },
                "west": {
                  "uv": [
                    2.5,
                    3
                  ],
                  "uv_size": [
                    0.5,
                    1
                  ]
                },
                "up": {
                  "uv": [
                    3.5,
                    3.5
                  ],
                  "uv_size": [
                    -1,
                    -0.5
                  ]
                },
                "down": {
                  "uv": [
                    3.5,
                    3.5
                  ],
                  "uv_size": [
                    -1,
                    -0.5
                  ]
                }
              }
            },
            {
              "origin": [
                0,
                23,
                -8.5
              ],
              "size": [
                2,
                1,
                0.5
              ],
              "uv": {
                "north": {
                  "uv": [
                    3.5,
                    3.5
                  ],
                  "uv_size": [
                    2,
                    1
                  ]
                },
                "east": {
                  "uv": [
                    4,
                    0
                  ],
                  "uv_size": [
                    1,
                    1
                  ]
                },
                "south": {
                  "uv": [
                    5,
                    0
                  ],
                  "uv_size": [
                    2,
                    1
                  ]
                },
                "west": {
                  "uv": [
                    7,
                    0
                  ],
                  "uv_size": [
                    1,
                    1
                  ]
                },
                "up": {
                  "uv": [
                    5.5,
                    4.5
                  ],
                  "uv_size": [
                    -2,
                    -1
                  ]
                },
                "down": {
                  "uv": [
                    5.5,
                    4.5
                  ],
                  "uv_size": [
                    -2,
                    -1
                  ]
                }
              }
            },
            {
              "origin": [
                -2,
                22,
                -8.5
              ],
              "size": [
                2,
                2,
                0.5
              ],
              "uv": {
                "north": {
                  "uv": [
                    0,
                    6
                  ],
                  "uv_size": [
                    2,
                    2
                  ]
                },
                "east": {
                  "uv": [
                    0.5,
                    3.5
                  ],
                  "uv_size": [
                    0.5,
                    2
                  ]
                },
                "south": {
                  "uv": [
                    0,
                    6
                  ],
                  "uv_size": [
                    2,
                    2
                  ]
                },
                "west": {
                  "uv": [
                    0,
                    3.5
                  ],
                  "uv_size": [
                    0.5,
                    2
                  ]
                },
                "up": {
                  "uv": [
                    2,
                    3.5
                  ],
                  "uv_size": [
                    -2,
                    -0.5
                  ]
                },
                "down": {
                  "uv": [
                    2,
                    5.5
                  ],
                  "uv_size": [
                    -2,
                    0.5
                  ]
                }
              }
            },
            {
              "origin": [
                2,
                22,
                -8.5
              ],
              "size": [
                2,
                2,
                0.5
              ],
              "uv": {
                "north": {
                  "uv": [
                    0,
                    0
                  ],
                  "uv_size": [
                    2,
                    2
                  ]
                },
                "east": {
                  "uv": [
                    0,
                    0
                  ],
                  "uv_size": [
                    0.5,
                    2
                  ]
                },
                "south": {
                  "uv": [
                    0,
                    0
                  ],
                  "uv_size": [
                    2,
                    2
                  ]
                },
                "west": {
                  "uv": [
                    0,
                    0
                  ],
                  "uv_size": [
                    0.5,
                    2
                  ]
                },
                "up": {
                  "uv": [
                    2,
                    0.5
                  ],
                  "uv_size": [
                    -2,
                    -0.5
                  ]
                },
                "down": {
                  "uv": [
                    2,
                    0.5
                  ],
                  "uv_size": [
                    -2,
                    -0.5
                  ]
                }
              }
            },
            {
              "origin": [
                -3,
                23,
                -8.5
              ],
              "size": [
                1,
                1,
                0.5
              ],
              "uv": {
                "north": {
                  "uv": [
                    5,
                    1
                  ],
                  "uv_size": [
                    2,
                    1
                  ]
                },
                "east": {
                  "uv": [
                    0,
                    0
                  ],
                  "uv_size": [
                    1,
                    1
                  ]
                },
                "south": {
                  "uv": [
                    0,
                    0
                  ],
                  "uv_size": [
                    2,
                    1
                  ]
                },
                "west": {
                  "uv": [
                    0,
                    0
                  ],
                  "uv_size": [
                    1,
                    1
                  ]
                },
                "up": {
                  "uv": [
                    7,
                    1
                  ],
                  "uv_size": [
                    -2,
                    -1
                  ]
                },
                "down": {
                  "uv": [
                    5,
                    2
                  ],
                  "uv_size": [
                    -2,
                    -1
                  ]
                }
              }
            }
          ]
        },
        {
          "name": "Eyebrow1",
          "parent": "Head",
          "pivot": [
            -2,
            25,
            -8
          ],
          "cubes": [
            {
              "origin": [
                -2,
                24,
                -8.01
              ],
              "size": [
                2,
                1,
                0
              ],
              "uv": {
                "north": {
                  "uv": [
                    12,
                    108
                  ],
                  "uv_size": [
                    2,
                    1
                  ]
                },
                "east": {
                  "uv": [
                    12,
                    108
                  ],
                  "uv_size": [
                    0,
                    1
                  ]
                },
                "south": {
                  "uv": [
                    14,
                    108
                  ],
                  "uv_size": [
                    2,
                    1
                  ]
                },
                "west": {
                  "uv": [
                    14,
                    108
                  ],
                  "uv_size": [
                    0,
                    1
                  ]
                },
                "up": {
                  "uv": [
                    12,
                    108
                  ],
                  "uv_size": [
                    2,
                    0
                  ]
                },
                "down": {
                  "uv": [
                    14,
                    108
                  ],
                  "uv_size": [
                    2,
                    0
                  ]
                }
              }
            }
          ]
        },
        {
          "name": "Eyebrow2",
          "parent": "Head",
          "pivot": [
            4,
            25,
            -8
          ],
          "cubes": [
            {
              "origin": [
                2,
                24,
                -8.01
              ],
              "size": [
                2,
                1,
                0
              ],
              "uv": {
                "north": {
                  "uv": [
                    12,
                    108
                  ],
                  "uv_size": [
                    2,
                    1
                  ]
                },
                "east": {
                  "uv": [
                    12,
                    108
                  ],
                  "uv_size": [
                    0,
                    1
                  ]
                },
                "south": {
                  "uv": [
                    14,
                    108
                  ],
                  "uv_size": [
                    2,
                    1
                  ]
                },
                "west": {
                  "uv": [
                    14,
                    108
                  ],
                  "uv_size": [
                    0,
                    1
                  ]
                },
                "up": {
                  "uv": [
                    12,
                    108
                  ],
                  "uv_size": [
                    2,
                    0
                  ]
                },
                "down": {
                  "uv": [
                    14,
                    108
                  ],
                  "uv_size": [
                    2,
                    0
                  ]
                }
              }
            }
          ]
        },
        {
          "name": "Eye1",
          "parent": "Head",
          "pivot": [
            1,
            20,
            0
          ],
          "cubes": [
            {
              "origin": [
                -1,
                23,
                -8.01
              ],
              "size": [
                1,
                1,
                0
              ],
              "uv": {
                "north": {
                  "uv": [
                    8,
                    112
                  ],
                  "uv_size": [
                    1,
                    1
                  ]
                },
                "east": {
                  "uv": [
                    8,
                    112
                  ],
                  "uv_size": [
                    0,
                    1
                  ]
                },
                "south": {
                  "uv": [
                    9,
                    112
                  ],
                  "uv_size": [
                    1,
                    1
                  ]
                },
                "west": {
                  "uv": [
                    9,
                    112
                  ],
                  "uv_size": [
                    0,
                    1
                  ]
                },
                "up": {
                  "uv": [
                    8,
                    112
                  ],
                  "uv_size": [
                    1,
                    0
                  ]
                },
                "down": {
                  "uv": [
                    9,
                    112
                  ],
                  "uv_size": [
                    1,
                    0
                  ]
                }
              }
            }
          ]
        },
        {
          "name": "Eye2",
          "parent": "Head",
          "pivot": [
            1,
            20,
            0
          ],
          "cubes": [
            {
              "origin": [
                2,
                23,
                -8.01
              ],
              "size": [
                1,
                1,
                0
              ],
              "uv": {
                "north": {
                  "uv": [
                    8,
                    112
                  ],
                  "uv_size": [
                    1,
                    1
                  ]
                },
                "east": {
                  "uv": [
                    8,
                    112
                  ],
                  "uv_size": [
                    0,
                    1
                  ]
                },
                "south": {
                  "uv": [
                    9,
                    112
                  ],
                  "uv_size": [
                    1,
                    1
                  ]
                },
                "west": {
                  "uv": [
                    9,
                    112
                  ],
                  "uv_size": [
                    0,
                    1
                  ]
                },
                "up": {
                  "uv": [
                    8,
                    112
                  ],
                  "uv_size": [
                    1,
                    0
                  ]
                },
                "down": {
                  "uv": [
                    9,
                    112
                  ],
                  "uv_size": [
                    1,
                    0
                  ]
                }
              }
            }
          ]
        },
        {
          "name": "Mouth",
          "parent": "Head",
          "pivot": [
            -3,
            21,
            0
          ],
          "cubes": [
            {
              "origin": [
                -3,
                20,
                -8.01
              ],
              "size": [
                6,
                7,
                0
              ],
              "uv": {
                "north": {
                  "uv": [
                    57,
                    17
                  ],
                  "uv_size": [
                    6,
                    7
                  ]
                },
                "east": {
                  "uv": [
                    57,
                    17
                  ],
                  "uv_size": [
                    0,
                    7
                  ]
                },
                "south": {
                  "uv": [
                    63,
                    17
                  ],
                  "uv_size": [
                    6,
                    7
                  ]
                },
                "west": {
                  "uv": [
                    63,
                    17
                  ],
                  "uv_size": [
                    0,
                    7
                  ]
                },
                "up": {
                  "uv": [
                    57,
                    17
                  ],
                  "uv_size": [
                    6,
                    0
                  ]
                },
                "down": {
                  "uv": [
                    63,
                    17
                  ],
                  "uv_size": [
                    6,
                    0
                  ]
                }
              }
            }
          ]
        },
        {
          "name": "Neck",
          "pivot": [
            1,
            14,
            -1
          ],
          "cubes": [
            {
              "origin": [
                -1,
                13,
                -5
              ],
              "size": [
                4,
                8,
                4
              ],
              "pivot": [
                0,
                18,
                -2
              ],
              "rotation": [
                17.5,
                0,
                0
              ],
              "uv": {
                "north": {
                  "uv": [
                    32,
                    16
                  ],
                  "uv_size": [
                    4,
                    8
                  ]
                },
                "east": {
                  "uv": [
                    28,
                    16
                  ],
                  "uv_size": [
                    4,
                    8
                  ]
                },
                "south": {
                  "uv": [
                    40,
                    16
                  ],
                  "uv_size": [
                    4,
                    8
                  ]
                },
                "west": {
                  "uv": [
                    36,
                    16
                  ],
                  "uv_size": [
                    4,
                    8
                  ]
                },
                "up": {
                  "uv": [
                    32,
                    12
                  ],
                  "uv_size": [
                    4,
                    4
                  ]
                },
                "down": {
                  "uv": [
                    36,
                    16
                  ],
                  "uv_size": [
                    4,
                    -4
                  ]
                }
              }
            }
          ]
        }
      ]
    }
  ]
}