{
  "format_version": "1.12.0",
  "minecraft:geometry": [
    {
      "description": {
        "identifier": "geometry.fitt_tv_man",
        "texture_width": 64,
        "texture_height": 64,
        "visible_bounds_width": 3,
        "visible_bounds_height": 3.5,
        "visible_bounds_offset": [
          0,
          1.25,
          0
        ]
      },
      "bones": [
        {
          "name": "Head",
          "pivot": [
            0,
            25,
            0
          ],
          "cubes": [
            {
              "origin": [
                -3.5,
                24,
                -4
              ],
              "size": [
                7,
                7,
                5
              ],
              "uv": [
                0,
                13
              ]
            },
            {
              "origin": [
                -3,
                24,
                1
              ],
              "size": [
                6,
                4,
                2
              ],
              "uv": [
                25,
                0
              ]
            }
          ]
        },
        {
          "name": "TvChangeFace",
          "parent": "Head",
          "pivot": [
            0,
            0,
            6
          ],
          "cubes": [
            {
              "origin": [
                -3.5,
                24,
                -3
              ],
              "size": [
                7,
                7,
                0
              ],
              "uv": [
                14,
                57
              ]
            }
          ]
        },
        {
          "name": "TvRays",
          "parent": "Head",
          "pivot": [
            0,
            0,
            7
          ],
          "cubes": [
            {
              "origin": [
                -3.5,
                24,
                -2
              ],
              "size": [
                7,
                7,
                0
              ],
              "uv": [
                14,
                57
              ]
            },
            {
              "origin": [
                -3.5,
                24,
                -1
              ],
              "size": [
                7,
                7,
                0
              ],
              "uv": [
                14,
                57
              ]
            },
            {
              "origin": [
                -3.5,
                24,
                0
              ],
              "size": [
                7,
                7,
                0
              ],
              "uv": [
                14,
                57
              ]
            }
          ]
        },
        {
          "name": "Body",
          "pivot": [
            0,
            24,
            0
          ]
        },
        {
          "name": "UpperBody",
          "parent": "Body",
          "pivot": [
            0,
            16,
            0
          ],
          "cubes": [
            {
              "origin": [
                -4,
                16,
                -2
              ],
              "size": [
                8,
                8,
                4
              ],
              "uv": [
                0,
                0
              ]
            }
          ]
        },
        {
          "name": "LowerBody",
          "parent": "Body",
          "pivot": [
            0,
            16,
            0
          ],
          "cubes": [
            {
              "origin": [
                -3.5,
                12,
                -1.5
              ],
              "size": [
                7,
                4,
                3
              ],
              "uv": [
                22,
                10
              ]
            }
          ]
        },
        {
          "name": "RightArm",
          "pivot": [
            -5,
            22,
            0
          ],
          "rotation": [
            0,
            0,
            7.5
          ],
          "cubes": [
            {
              "origin": [
                -7,
                18,
                -1.5
              ],
              "size": [
                3,
                6,
                3
              ],
              "uv": [
                0,
                42
              ]
            }
          ]
        },
        {
          "name": "LoweRightArm",
          "parent": "RightArm",
          "pivot": [
            -6,
            18,
            0
          ],
          "cubes": [
            {
              "origin": [
                -7,
                12,
                -1.75
              ],
              "size": [
                3,
                6,
                3
              ],
              "pivot": [
                -6,
                17,
                0
              ],
              "rotation": [
                -15,
                0,
                0
              ],
              "uv": [
                39,
                41
              ]
            },
            {
              "origin": [
                -6.5,
                11,
                -1
              ],
              "size": [
                2,
                1,
                2
              ],
              "pivot": [
                -6,
                17,
                0
              ],
              "rotation": [
                -15,
                0,
                0
              ],
              "uv": [
                11,
                26
              ]
            }
          ]
        },
        {
          "name": "LeftArm",
          "pivot": [
            5,
            22,
            0
          ],
          "rotation": [
            0,
            0,
            -7.5
          ],
          "cubes": [
            {
              "origin": [
                4,
                18,
                -2
              ],
              "size": [
                3,
                6,
                3
              ],
              "uv": [
                26,
                41
              ]
            }
          ]
        },
        {
          "name": "LowerLeftArm",
          "parent": "LeftArm",
          "pivot": [
            6,
            18,
            0
          ],
          "cubes": [
            {
              "origin": [
                4,
                12,
                -2
              ],
              "size": [
                3,
                6,
                3
              ],
              "pivot": [
                6,
                18,
                0
              ],
              "rotation": [
                -17.5,
                0,
                0
              ],
              "uv": [
                36,
                18
              ]
            },
            {
              "origin": [
                4.5,
                11,
                -1.5
              ],
              "size": [
                2,
                1,
                2
              ],
              "pivot": [
                6,
                18,
                0
              ],
              "rotation": [
                -17.5,
                0,
                0
              ],
              "uv": [
                25,
                18
              ]
            }
          ]
        },
        {
          "name": "RightLeg",
          "pivot": [
            -1.9,
            12,
            0
          ],
          "cubes": [
            {
              "origin": [
                -3.25,
                6,
                -3.5
              ],
              "size": [
                3,
                6,
                4
              ],
              "pivot": [
                0,
                0,
                0
              ],
              "rotation": [
                -7.5,
                0,
                0
              ],
              "uv": [
                11,
                34
              ]
            },
            {
              "origin": [
                -3.25,
                0.05133,
                -2.71684
              ],
              "size": [
                3,
                7,
                4
              ],
              "pivot": [
                0,
                6,
                0
              ],
              "rotation": [
                2.5,
                0,
                0
              ],
              "uv": [
                0,
                26
              ]
            }
          ]
        },
        {
          "name": "LeftLeg",
          "pivot": [
            1.9,
            12,
            0
          ],
          "cubes": [
            {
              "origin": [
                0.25,
                0.05133,
                -2.71684
              ],
              "size": [
                3,
                7,
                4
              ],
              "pivot": [
                0,
                6,
                0
              ],
              "rotation": [
                2.5,
                0,
                0
              ],
              "uv": [
                21,
                22
              ]
            },
            {
              "origin": [
                0.25,
                6,
                -3.5
              ],
              "size": [
                3,
                6,
                4
              ],
              "pivot": [
                0,
                0,
                0
              ],
              "rotation": [
                -7.5,
                0,
                0
              ],
              "uv": [
                32,
                30
              ]
            }
          ]
        }
      ]
    }
  ]
}