{
  "format_version": "1.10.0",
  "minecraft:client_entity": {
    "description": {
      "identifier": "rai:sekibaku",
      "materials": {
        "default": "entity_alphatest"
      },
      "textures": {
        "default": "textures/items/blood_pack"
      },
      "geometry": {
        "default": "geometry.item_sprite"
      },
      "particle_effects": {
        "sekibaku": "j:sekibaku"
      },
      "render_controllers": [ "controller.render.item_sprite" ],
      "animations": {
        "sekibaku": "animation.sekibaku.particle",
        "flying": "animation.actor.billboard"
      },
      "scripts": {
        "scale": "0.6",
        "animate": [
          { "sekibaku": "q.variant == 1" },
          "flying"
        ]
      }
    }
  }
} 