{
	"format_version": "1.12.0",
	"minecraft:geometry": [
		{
			"description": {
				"identifier": "geometry.lightingv2",
				"texture_width": 1024,
				"texture_height": 1024,
				"visible_bounds_width": 63,
				"visible_bounds_height": 2.5,
				"visible_bounds_offset": [0, 0.75, 0]
			},
			"bones": [
				{
					"name": "bone",
					"pivot": [0, 0, 0],
					"cubes": [
						{
							"origin": [-5.5, 0.5, -5.5],
							"size": [11, 4, 11],
							"uv": {
								"north": {"uv": [103, 80], "uv_size": [11, 4]},
								"east": {"uv": [103, 84], "uv_size": [11, 4]},
								"south": {"uv": [103, 88], "uv_size": [11, 4]},
								"west": {"uv": [34, 104], "uv_size": [11, 4]},
								"up": {"uv": [16, 80], "uv_size": [11, 11]},
								"down": {"uv": [27, 91], "uv_size": [11, -11]}
							}
						},
						{
							"origin": [-5, 0, -5],
							"size": [10, 5, 10],
							"uv": {
								"north": {"uv": [81, 101], "uv_size": [10, 5]},
								"east": {"uv": [91, 101], "uv_size": [10, 5]},
								"south": {"uv": [101, 94], "uv_size": [10, 5]},
								"west": {"uv": [101, 99], "uv_size": [10, 5]},
								"up": {"uv": [38, 80], "uv_size": [10, 10]},
								"down": {"uv": [48, 90], "uv_size": [10, -10]}
							}
						}
					]
				},
				{
					"name": "bone2",
					"pivot": [0, 0, 0],
					"cubes": [
						{
							"origin": [-5.5, 7, -3],
							"size": [2, 6, 5],
							"uv": {
								"north": {"uv": [34, 91], "uv_size": [2, 6]},
								"east": {"uv": [16, 105], "uv_size": [5, 6]},
								"south": {"uv": [36, 91], "uv_size": [2, 6]},
								"west": {"uv": [21, 105], "uv_size": [5, 6]},
								"up": {"uv": [52, 108], "uv_size": [2, 5]},
								"down": {"uv": [54, 113], "uv_size": [2, -5]}
							}
						},
						{
							"origin": [-3.5, 5, -3],
							"size": [7, 2, 5],
							"uv": {
								"north": {"uv": [31, 108], "uv_size": [7, 2]},
								"east": {"uv": [56, 108], "uv_size": [5, 2]},
								"south": {"uv": [38, 108], "uv_size": [7, 2]},
								"west": {"uv": [86, 108], "uv_size": [5, 2]},
								"up": {"uv": [45, 104], "uv_size": [7, 5]},
								"down": {"uv": [101, 109], "uv_size": [7, -5]}
							}
						},
						{
							"origin": [-5, 5.5, -3],
							"size": [10, 2, 5],
							"uv": {
								"north": {"uv": [103, 92], "uv_size": [10, 2]},
								"east": {"uv": [91, 108], "uv_size": [5, 2]},
								"south": {"uv": [86, 106], "uv_size": [10, 2]},
								"west": {"uv": [108, 104], "uv_size": [5, 2]},
								"up": {"uv": [61, 101], "uv_size": [10, 5]},
								"down": {"uv": [71, 106], "uv_size": [10, -5]}
							}
						},
						{
							"origin": [-4, 7, -3],
							"size": [1, 1, 5],
							"uv": {
								"north": {"uv": [56, 90], "uv_size": [1, 1]},
								"east": {"uv": [25, 111], "uv_size": [5, 1]},
								"south": {"uv": [57, 90], "uv_size": [1, 1]},
								"west": {"uv": [111, 94], "uv_size": [5, 1]},
								"up": {"uv": [30, 111], "uv_size": [1, 5]},
								"down": {"uv": [111, 100], "uv_size": [1, -5]}
							}
						},
						{
							"origin": [3, 7, -3],
							"size": [1, 1, 5],
							"uv": {
								"north": {"uv": [56, 91], "uv_size": [1, 1]},
								"east": {"uv": [111, 100], "uv_size": [5, 1]},
								"south": {"uv": [57, 91], "uv_size": [1, 1]},
								"west": {"uv": [111, 101], "uv_size": [5, 1]},
								"up": {"uv": [111, 106], "uv_size": [1, 5]},
								"down": {"uv": [108, 116], "uv_size": [1, -5]}
							}
						},
						{
							"origin": [3.5, 7, -3],
							"size": [2, 6, 5],
							"uv": {
								"north": {"uv": [96, 106], "uv_size": [2, 6]},
								"east": {"uv": [26, 105], "uv_size": [5, 6]},
								"south": {"uv": [98, 106], "uv_size": [2, 6]},
								"west": {"uv": [61, 106], "uv_size": [5, 6]},
								"up": {"uv": [108, 106], "uv_size": [2, 5]},
								"down": {"uv": [45, 114], "uv_size": [2, -5]}
							}
						},
						{
							"origin": [4, 7.5, -3],
							"size": [1, 6, 5],
							"uv": {
								"north": {"uv": [21, 111], "uv_size": [1, 6]},
								"east": {"uv": [66, 106], "uv_size": [5, 6]},
								"south": {"uv": [22, 111], "uv_size": [1, 6]},
								"west": {"uv": [71, 106], "uv_size": [5, 6]},
								"up": {"uv": [109, 111], "uv_size": [1, 5]},
								"down": {"uv": [111, 116], "uv_size": [1, -5]}
							}
						},
						{
							"origin": [-5, 7.5, -3],
							"size": [1, 6, 5],
							"uv": {
								"north": {"uv": [23, 111], "uv_size": [1, 6]},
								"east": {"uv": [76, 106], "uv_size": [5, 6]},
								"south": {"uv": [24, 111], "uv_size": [1, 6]},
								"west": {"uv": [81, 106], "uv_size": [5, 6]},
								"up": {"uv": [25, 112], "uv_size": [1, 5]},
								"down": {"uv": [26, 117], "uv_size": [1, -5]}
							}
						}
					]
				},
				{
					"name": "bone3",
					"parent": "bone2",
					"pivot": [0, 9, 0],
					"cubes": [
						{
							"origin": [-0.5, 9, -5],
							"size": [1, 7, 9],
							"uv": {
								"north": {"uv": [42, 110], "uv_size": [1, 7]},
								"east": {"uv": [58, 80], "uv_size": [9, 7]},
								"south": {"uv": [43, 110], "uv_size": [1, 7]},
								"west": {"uv": [67, 80], "uv_size": [9, 7]},
								"up": {"uv": [100, 106], "uv_size": [1, 9]},
								"down": {"uv": [47, 118], "uv_size": [1, -9]}
							}
						},
						{
							"origin": [-0.5, 10, -505],
							"size": [1, 5, 510],
							"pivot": [0, 12.5, 0],
							"rotation": [0, 0, 22.5],
							"uv": {
								"north": {"uv": [27, 112], "uv_size": [1, 5]},
								"east": {"uv": [0, 0], "uv_size": [510, 5]},
								"south": {"uv": [28, 112], "uv_size": [1, 5]},
								"west": {"uv": [0, 5], "uv_size": [510, 5]},
								"up": {"uv": [0, 80], "uv_size": [1, 510]},
								"down": {"uv": [1, 590], "uv_size": [1, -510]}
							}
						},
						{
							"origin": [-0.5, 10, -505],
							"size": [1, 5, 510],
							"pivot": [0, 12.5, 0],
							"rotation": [0, 0, 45],
							"uv": {
								"north": {"uv": [29, 112], "uv_size": [1, 5]},
								"east": {"uv": [0, 10], "uv_size": [510, 5]},
								"south": {"uv": [61, 112], "uv_size": [1, 5]},
								"west": {"uv": [0, 15], "uv_size": [510, 5]},
								"up": {"uv": [2, 80], "uv_size": [1, 510]},
								"down": {"uv": [3, 590], "uv_size": [1, -510]}
							}
						},
						{
							"origin": [-0.5, 10, -505],
							"size": [1, 5, 510],
							"pivot": [0, 12.5, 0],
							"rotation": [0, 0, 67.5],
							"uv": {
								"north": {"uv": [62, 112], "uv_size": [1, 5]},
								"east": {"uv": [0, 20], "uv_size": [510, 5]},
								"south": {"uv": [63, 112], "uv_size": [1, 5]},
								"west": {"uv": [0, 25], "uv_size": [510, 5]},
								"up": {"uv": [4, 80], "uv_size": [1, 510]},
								"down": {"uv": [5, 590], "uv_size": [1, -510]}
							}
						},
						{
							"origin": [-0.5, 10, -505],
							"size": [1, 5, 510],
							"pivot": [0, 12.5, 0],
							"rotation": [0, 0, 90],
							"uv": {
								"north": {"uv": [64, 112], "uv_size": [1, 5]},
								"east": {"uv": [0, 30], "uv_size": [510, 5]},
								"south": {"uv": [65, 112], "uv_size": [1, 5]},
								"west": {"uv": [0, 35], "uv_size": [510, 5]},
								"up": {"uv": [6, 80], "uv_size": [1, 510]},
								"down": {"uv": [7, 590], "uv_size": [1, -510]}
							}
						},
						{
							"origin": [-0.5, 10, -505],
							"size": [1, 5, 510],
							"pivot": [0, 12.5, 0],
							"rotation": [0, 0, 112.5],
							"uv": {
								"north": {"uv": [66, 112], "uv_size": [1, 5]},
								"east": {"uv": [0, 40], "uv_size": [510, 5]},
								"south": {"uv": [67, 112], "uv_size": [1, 5]},
								"west": {"uv": [0, 45], "uv_size": [510, 5]},
								"up": {"uv": [8, 80], "uv_size": [1, 510]},
								"down": {"uv": [9, 590], "uv_size": [1, -510]}
							}
						},
						{
							"origin": [-0.5, 10, -505],
							"size": [1, 5, 510],
							"pivot": [0, 12.5, 0],
							"rotation": [0, 0, 135],
							"uv": {
								"north": {"uv": [68, 112], "uv_size": [1, 5]},
								"east": {"uv": [0, 50], "uv_size": [510, 5]},
								"south": {"uv": [69, 112], "uv_size": [1, 5]},
								"west": {"uv": [0, 55], "uv_size": [510, 5]},
								"up": {"uv": [10, 80], "uv_size": [1, 510]},
								"down": {"uv": [11, 590], "uv_size": [1, -510]}
							}
						},
						{
							"origin": [-0.5, 10, -505],
							"size": [1, 5, 510],
							"pivot": [0, 12.5, 0],
							"rotation": [0, 0, 157.5],
							"uv": {
								"north": {"uv": [70, 112], "uv_size": [1, 5]},
								"east": {"uv": [0, 60], "uv_size": [510, 5]},
								"south": {"uv": [71, 112], "uv_size": [1, 5]},
								"west": {"uv": [0, 65], "uv_size": [510, 5]},
								"up": {"uv": [12, 80], "uv_size": [1, 510]},
								"down": {"uv": [13, 590], "uv_size": [1, -510]}
							}
						},
						{
							"origin": [-0.5, 10, -505],
							"size": [1, 5, 510],
							"pivot": [0, 12.5, 0],
							"rotation": [0, 0, -180],
							"uv": {
								"north": {"uv": [72, 112], "uv_size": [1, 5]},
								"east": {"uv": [0, 70], "uv_size": [510, 5]},
								"south": {"uv": [73, 112], "uv_size": [1, 5]},
								"west": {"uv": [0, 75], "uv_size": [510, 5]},
								"up": {"uv": [14, 80], "uv_size": [1, 510]},
								"down": {"uv": [15, 590], "uv_size": [1, -510]}
							}
						},
						{
							"origin": [-0.5, 9, -5],
							"size": [1, 7, 9],
							"pivot": [0, 12.5, 0],
							"rotation": [0, 0, -15],
							"uv": {
								"north": {"uv": [44, 110], "uv_size": [1, 7]},
								"east": {"uv": [76, 80], "uv_size": [9, 7]},
								"south": {"uv": [56, 110], "uv_size": [1, 7]},
								"west": {"uv": [85, 80], "uv_size": [9, 7]},
								"up": {"uv": [48, 109], "uv_size": [1, 9]},
								"down": {"uv": [49, 118], "uv_size": [1, -9]}
							}
						},
						{
							"origin": [-0.5, 9, -5],
							"size": [1, 7, 9],
							"pivot": [0, 12.5, 0],
							"rotation": [0, 0, -30],
							"uv": {
								"north": {"uv": [57, 110], "uv_size": [1, 7]},
								"east": {"uv": [58, 87], "uv_size": [9, 7]},
								"south": {"uv": [58, 110], "uv_size": [1, 7]},
								"west": {"uv": [67, 87], "uv_size": [9, 7]},
								"up": {"uv": [50, 109], "uv_size": [1, 9]},
								"down": {"uv": [51, 118], "uv_size": [1, -9]}
							}
						},
						{
							"origin": [-0.5, 9, -5],
							"size": [1, 7, 9],
							"pivot": [0, 12.5, 0],
							"rotation": [0, 0, -45],
							"uv": {
								"north": {"uv": [59, 110], "uv_size": [1, 7]},
								"east": {"uv": [76, 87], "uv_size": [9, 7]},
								"south": {"uv": [60, 110], "uv_size": [1, 7]},
								"west": {"uv": [85, 87], "uv_size": [9, 7]},
								"up": {"uv": [101, 109], "uv_size": [1, 9]},
								"down": {"uv": [102, 118], "uv_size": [1, -9]}
							}
						},
						{
							"origin": [-0.5, 9, -5],
							"size": [1, 7, 9],
							"pivot": [0, 12.5, 0],
							"rotation": [0, 0, -60],
							"uv": {
								"north": {"uv": [86, 110], "uv_size": [1, 7]},
								"east": {"uv": [38, 90], "uv_size": [9, 7]},
								"south": {"uv": [87, 110], "uv_size": [1, 7]},
								"west": {"uv": [47, 90], "uv_size": [9, 7]},
								"up": {"uv": [103, 109], "uv_size": [1, 9]},
								"down": {"uv": [104, 118], "uv_size": [1, -9]}
							}
						},
						{
							"origin": [-0.5, 9, -5],
							"size": [1, 7, 9],
							"pivot": [0, 12.5, 0],
							"rotation": [0, 0, -75],
							"uv": {
								"north": {"uv": [88, 110], "uv_size": [1, 7]},
								"east": {"uv": [16, 91], "uv_size": [9, 7]},
								"south": {"uv": [89, 110], "uv_size": [1, 7]},
								"west": {"uv": [25, 91], "uv_size": [9, 7]},
								"up": {"uv": [105, 109], "uv_size": [1, 9]},
								"down": {"uv": [106, 118], "uv_size": [1, -9]}
							}
						},
						{
							"origin": [-0.5, 9, -5],
							"size": [1, 7, 9],
							"pivot": [0, 12.5, 0],
							"rotation": [0, 0, -90],
							"uv": {
								"north": {"uv": [90, 110], "uv_size": [1, 7]},
								"east": {"uv": [56, 94], "uv_size": [9, 7]},
								"south": {"uv": [91, 110], "uv_size": [1, 7]},
								"west": {"uv": [65, 94], "uv_size": [9, 7]},
								"up": {"uv": [107, 109], "uv_size": [1, 9]},
								"down": {"uv": [31, 119], "uv_size": [1, -9]}
							}
						},
						{
							"origin": [-0.5, 9, -5],
							"size": [1, 7, 9],
							"pivot": [0, 12.5, 0],
							"rotation": [0, 0, 60],
							"uv": {
								"north": {"uv": [92, 110], "uv_size": [1, 7]},
								"east": {"uv": [74, 94], "uv_size": [9, 7]},
								"south": {"uv": [93, 110], "uv_size": [1, 7]},
								"west": {"uv": [94, 80], "uv_size": [9, 7]},
								"up": {"uv": [32, 110], "uv_size": [1, 9]},
								"down": {"uv": [33, 119], "uv_size": [1, -9]}
							}
						},
						{
							"origin": [-0.5, 9, -5],
							"size": [1, 7, 9],
							"pivot": [0, 12.5, 0],
							"rotation": [0, 0, 75],
							"uv": {
								"north": {"uv": [94, 110], "uv_size": [1, 7]},
								"east": {"uv": [83, 94], "uv_size": [9, 7]},
								"south": {"uv": [95, 110], "uv_size": [1, 7]},
								"west": {"uv": [94, 87], "uv_size": [9, 7]},
								"up": {"uv": [34, 110], "uv_size": [1, 9]},
								"down": {"uv": [35, 119], "uv_size": [1, -9]}
							}
						},
						{
							"origin": [-0.5, 9, -5],
							"size": [1, 7, 9],
							"pivot": [0, 12.5, 0],
							"rotation": [0, 0, 45],
							"uv": {
								"north": {"uv": [110, 106], "uv_size": [1, 7]},
								"east": {"uv": [92, 94], "uv_size": [9, 7]},
								"south": {"uv": [16, 111], "uv_size": [1, 7]},
								"west": {"uv": [34, 97], "uv_size": [9, 7]},
								"up": {"uv": [36, 110], "uv_size": [1, 9]},
								"down": {"uv": [37, 119], "uv_size": [1, -9]}
							}
						},
						{
							"origin": [-0.5, 9, -5],
							"size": [1, 7, 9],
							"pivot": [0, 12.5, 0],
							"rotation": [0, 0, 30],
							"uv": {
								"north": {"uv": [17, 111], "uv_size": [1, 7]},
								"east": {"uv": [43, 97], "uv_size": [9, 7]},
								"south": {"uv": [18, 111], "uv_size": [1, 7]},
								"west": {"uv": [16, 98], "uv_size": [9, 7]},
								"up": {"uv": [38, 110], "uv_size": [1, 9]},
								"down": {"uv": [39, 119], "uv_size": [1, -9]}
							}
						},
						{
							"origin": [-0.5, 9, -5],
							"size": [1, 7, 9],
							"pivot": [0, 12.5, 0],
							"rotation": [0, 0, 15],
							"uv": {
								"north": {"uv": [19, 111], "uv_size": [1, 7]},
								"east": {"uv": [25, 98], "uv_size": [9, 7]},
								"south": {"uv": [20, 111], "uv_size": [1, 7]},
								"west": {"uv": [52, 101], "uv_size": [9, 7]},
								"up": {"uv": [40, 110], "uv_size": [1, 9]},
								"down": {"uv": [41, 119], "uv_size": [1, -9]}
							}
						}
					]
				}
			]
		}
	]
}