{
	"format_version" : "1.8.0",
	"animations" : {
		"animation.bullet.move" : {
			"loop" : true,
      "bones": {
        "root": {
          "rotation": [ "180 + query.camera_rotation(0)", "query.camera_rotation(1)", 0.0 ],
          "scale": [ 5.0, 5.0, 5.0 ] 
        }
      }
		},
		"animation.bullet.move2" : {
			"loop" : true,
      "bones": {
        "root": {
          "rotation": [ "180 + query.camera_rotation(0)", "query.camera_rotation(1)", 0.0 ],
          "scale": [ 3.0, 3.0, 3.0 ] 
        }
      }
		} 
	}
}
