{
	"format_version": "1.8.0",
	"animations": {
	"animation.spider.look_at_target": {
			"loop": true,
			"bones": {
				"body": {
					"rotation": ["query.target_x_rotation * 0.8", "query.target_y_rotation", "query.target_y_rotation * 0.05"]
				}
			}
		},
		"animation.camera_strider.fire": {
			"loop": true,
			"animation_length": 0.5,
			"sound_effects": {
				"0.01": {
					"effect": "shoot"
				},
				"0.26": {
					"effect": "shoot"
				}
			},
			"bones": {
				"gun": {
					"rotation": {
						"0.0": {
							"post": [-5, 0, 0],
							"lerp_mode": "catmullrom"
						},
						"0.125": {
							"post": [7.5, 0, 0],
							"lerp_mode": "catmullrom"
						},
						"0.25": {
							"post": [-5, 0, 0],
							"lerp_mode": "catmullrom"
						},
						"0.375": {
							"post": [7.5, 0, 0],
							"lerp_mode": "catmullrom"
						},
						"0.5": {
							"post": [-5, 0, 0],
							"lerp_mode": "catmullrom"
						}
					}
				}
			},
			"particle_effects": {
				"0.0": {
					"effect": "gun_spark_blue",
					"locator": "spark"
				},
				"0.125": {
					"effect": "gun_spark_blue",
					"locator": "spark"
				},
				"0.25": {
					"effect": "gun_spark_blue",
					"locator": "spark"
				},
				"0.375": {
					"effect": "gun_spark_blue",
					"locator": "spark"
				},
				"0.5": {
					"effect": "gun_spark_blue",
					"locator": "spark"
				}
			} 
		},
		"animation.camera_strider.walk": {
			"loop": true,
			"animation_length": 2,
			"anim_time_update": "query.anim_time + query.delta_time * (query.ground_speed/2.0)",
			"bones": {
				"toilet": {
					"rotation": {
						"0.0": {
							"post": [5, 0, -5],
							"lerp_mode": "catmullrom"
						},
						"0.5": {
							"post": [-2.5, 0, 0],
							"lerp_mode": "catmullrom"
						},
						"1.0": {
							"post": [5, 0, 5],
							"lerp_mode": "catmullrom"
						},
						"1.5": {
							"post": [-2.5, 0, 0],
							"lerp_mode": "catmullrom"
						},
						"2.0": {
							"post": [5, 0, -5],
							"lerp_mode": "catmullrom"
						}
					},
					"position": {
						"0.0": {
							"post": [-1.31, -0.11, 0],
							"lerp_mode": "catmullrom"
						},
						"0.2083": {
							"post": [-2, -1, 0],
							"lerp_mode": "catmullrom"
						},
						"0.7083": {
							"post": [0, 1, 0],
							"lerp_mode": "catmullrom"
						},
						"1.2083": {
							"post": [2, -1, 0],
							"lerp_mode": "catmullrom"
						},
						"1.7083": {
							"post": [0, 1, 0],
							"lerp_mode": "catmullrom"
						},
						"2.0": {
							"post": [-1.31, -0.11, 0],
							"lerp_mode": "catmullrom"
						}
					}
				},
				"head": {
					"rotation": {
						"0.0": {
							"post": [10, 0, 0],
							"lerp_mode": "catmullrom"
						},
						"0.5": {
							"post": [20, 0, 0],
							"lerp_mode": "catmullrom"
						},
						"1.0": {
							"post": [10, 0, 0],
							"lerp_mode": "catmullrom"
						},
						"1.5": {
							"post": [20, 0, 0],
							"lerp_mode": "catmullrom"
						},
						"2.0": {
							"post": [10, 0, 0],
							"lerp_mode": "catmullrom"
						}
					}
				},
				"left_leg": {
					"rotation": {
						"0.0": {
							"post": [0, -35, 0],
							"lerp_mode": "catmullrom"
						},
						"0.5": {
							"post": [7.44802, -16.72264, -12.44706],
							"lerp_mode": "catmullrom"
						},
						"1.0": [-2.59775, 27.38656, -5.63304],
						"1.5": [10.11442, -2.76214, -3.58785],
						"2.0": {
							"pre": [0, -35, 0],
							"post": [0, -35, 0],
							"lerp_mode": "catmullrom"
						}
					},
					"position": {
						"0.0": {
							"post": [-1, 0, 3],
							"lerp_mode": "catmullrom"
						},
						"0.5": {
							"post": [0, 1, 2],
							"lerp_mode": "catmullrom"
						},
						"1.0": [1, -2, 0],
						"1.5": [0, 0, 1],
						"2.0": {
							"pre": [-1, 0, 3],
							"post": [-1, 0, 3],
							"lerp_mode": "catmullrom"
						}
					}
				},
				"left_leg2": {
					"rotation": {
						"0.0": {
							"post": [0, 0, 0],
							"lerp_mode": "catmullrom"
						},
						"0.5": {
							"post": [-10.57639, 9.30727, 23.30696],
							"lerp_mode": "catmullrom"
						},
						"1.0": {
							"post": [0, 0, 0],
							"lerp_mode": "catmullrom"
						},
						"1.5": {
							"post": [0.66, -0.58, -1.46],
							"lerp_mode": "catmullrom"
						},
						"2.0": {
							"post": [0, 0, 0],
							"lerp_mode": "catmullrom"
						}
					}
				},
				"hind_leg": {
					"rotation": {
						"0.0": [90, -5, -90],
						"0.5": {
							"pre": [90, -10, -90],
							"post": [90, -10, -90],
							"lerp_mode": "catmullrom"
						},
						"1.0": {
							"post": [90, 10, -90],
							"lerp_mode": "catmullrom"
						},
						"1.5": [-89.99999, 0, 89.99999],
						"2.0": [90, -5, -90]
					},
					"position": {
						"0.0": [-2, 0, 0],
						"0.5": {
							"pre": [-1, 0, 0],
							"post": [-1, 0, 0],
							"lerp_mode": "catmullrom"
						},
						"1.0": {
							"post": [1, 0, 0],
							"lerp_mode": "catmullrom"
						},
						"1.5": [0, 0, 0],
						"2.0": [-2, 0, 0]
					}
				},
				"hind_leg2": {
					"rotation": {
						"0.0": [-9.91615, -1.29876, -7.38733],
						"0.5": {
							"pre": [-1.57947, -4.20854, -24.66569],
							"post": [-1.57947, -4.20854, -24.66569],
							"lerp_mode": "catmullrom"
						},
						"1.0": {
							"post": [-2.96844, -3.40579, 1.79994],
							"lerp_mode": "catmullrom"
						},
						"1.5": [-4.17104, -1.68031, 22.83312],
						"2.0": [-9.91615, -1.29876, -7.38733]
					}
				},
				"right_leg": {
					"rotation": {
						"0.0": [-2.59775, -27.38656, 5.63304],
						"0.5": [10.11442, 2.76214, 3.58785],
						"1.0": {
							"pre": [0, 35, 0],
							"post": [0, 35, 0],
							"lerp_mode": "catmullrom"
						},
						"1.5": {
							"post": [7.44802, 16.72264, 12.44706],
							"lerp_mode": "catmullrom"
						},
						"2.0": [-2.59775, -27.38656, 5.63304]
					},
					"position": {
						"0.0": [-1, -2, 0],
						"0.5": [0, 0, 1],
						"1.0": {
							"pre": [1, 0, 3],
							"post": [1, 0, 3],
							"lerp_mode": "catmullrom"
						},
						"1.5": {
							"post": [0, 1, 2],
							"lerp_mode": "catmullrom"
						},
						"2.0": [-1, -2, 0]
					}
				},
				"right_leg2": {
					"rotation": {
						"0.0": {
							"post": [0, 0, 0],
							"lerp_mode": "catmullrom"
						},
						"0.5": {
							"post": [0, 0, 0],
							"lerp_mode": "catmullrom"
						},
						"1.0": {
							"post": [0, 0, 0],
							"lerp_mode": "catmullrom"
						},
						"1.5": {
							"post": [0, 0, 0],
							"lerp_mode": "catmullrom"
						},
						"2.0": {
							"post": [0, 0, 0],
							"lerp_mode": "catmullrom"
						}
					}
				},
				"body": {
					"rotation": {
						"0.0": {
							"post": [5, 0, -5],
							"lerp_mode": "catmullrom"
						},
						"0.5": {
							"post": [-2.5, 0, 0],
							"lerp_mode": "catmullrom"
						},
						"1.0": {
							"post": [5, 0, 5],
							"lerp_mode": "catmullrom"
						},
						"1.5": {
							"post": [-2.5, 0, 0],
							"lerp_mode": "catmullrom"
						},
						"2.0": {
							"post": [5, 0, -5],
							"lerp_mode": "catmullrom"
						}
					},
					"position": {
						"0.0": {
							"post": [-1.31, -0.11, 0],
							"lerp_mode": "catmullrom"
						},
						"0.2083": {
							"post": [-2, -1, 0],
							"lerp_mode": "catmullrom"
						},
						"0.7083": {
							"post": [0, 1, 0],
							"lerp_mode": "catmullrom"
						},
						"1.2083": {
							"post": [2, -1, 0],
							"lerp_mode": "catmullrom"
						},
						"1.7083": {
							"post": [0, 1, 0],
							"lerp_mode": "catmullrom"
						},
						"2.0": {
							"post": [-1.31, -0.11, 0],
							"lerp_mode": "catmullrom"
						}
					}
				},
				"gun": {
					"rotation": {
						"0.0": {
							"post": [-12.5, 0, 0],
							"lerp_mode": "catmullrom"
						},
						"0.25": {
							"post": [10, 0, 0],
							"lerp_mode": "catmullrom"
						},
						"0.5417": {
							"post": [10, 0, 0],
							"lerp_mode": "catmullrom"
						},
						"0.875": {
							"post": [-12.5, 0, 0],
							"lerp_mode": "catmullrom"
						},
						"1.1667": {
							"post": [12.5, 0, 0],
							"lerp_mode": "catmullrom"
						},
						"1.3333": {
							"post": [17.5, 0, 0],
							"lerp_mode": "catmullrom"
						},
						"1.6667": {
							"post": [7.5, 0, 0],
							"lerp_mode": "catmullrom"
						},
						"2.0": {
							"post": [-12.5, 0, 0],
							"lerp_mode": "catmullrom"
						}
					}
				}
			}
		},
		"animation.camera_strider.idle": {
			"loop": true,
			"animation_length": 4,
			"bones": {
				"body": {
					"position": {
						"0.0": {
							"post": [0, 0, 0],
							"lerp_mode": "catmullrom"
						},
						"1.9583": {
							"post": [0, -2, 0],
							"lerp_mode": "catmullrom"
						},
						"4.0": {
							"post": [0, 0, 0],
							"lerp_mode": "catmullrom"
						}
					}
				},
				"gun": {
					"rotation": {
						"0.0": {
							"post": [0.63, 0, 0],
							"lerp_mode": "catmullrom"
						},
						"0.4583": {
							"post": [-5, 0, 0],
							"lerp_mode": "catmullrom"
						},
						"2.125": {
							"post": [2.5, 0, 0],
							"lerp_mode": "catmullrom"
						},
						"3.3333": {
							"post": [5.65, 0, 0],
							"lerp_mode": "catmullrom"
						},
						"4.0": {
							"post": [0.63, 0, 0],
							"lerp_mode": "catmullrom"
						}
					}
				},
				"left_leg": {
					"rotation": {
						"0.0": {
							"post": [0, 0, 0],
							"lerp_mode": "catmullrom"
						},
						"1.9167": {
							"post": [0, 0, -2.5],
							"lerp_mode": "catmullrom"
						},
						"4.0": {
							"post": [0, 0, 0],
							"lerp_mode": "catmullrom"
						}
					},
					"position": {
						"0.0": {
							"post": [0, 0, 0],
							"lerp_mode": "catmullrom"
						},
						"1.9167": {
							"post": [0, -1, 0],
							"lerp_mode": "catmullrom"
						},
						"4.0": {
							"post": [0, 0, 0],
							"lerp_mode": "catmullrom"
						}
					}
				},
				"left_leg2": {
					"rotation": {
						"0.0": {
							"post": [0, 0, 0],
							"lerp_mode": "catmullrom"
						},
						"1.9167": {
							"post": [0, 0, 2.5],
							"lerp_mode": "catmullrom"
						},
						"4.0": {
							"post": [0, 0, 0],
							"lerp_mode": "catmullrom"
						}
					},
					"position": {
						"0.0": {
							"post": [0, 0, 0],
							"lerp_mode": "catmullrom"
						},
						"1.9167": {
							"post": [0, 0, 0],
							"lerp_mode": "catmullrom"
						},
						"4.0": {
							"post": [0, 0, 0],
							"lerp_mode": "catmullrom"
						}
					}
				},
				"hind_leg": {
					"rotation": {
						"0.0": {
							"post": [0, 0, 0],
							"lerp_mode": "catmullrom"
						},
						"2.0": {
							"post": [90, 2.50009, -90],
							"lerp_mode": "catmullrom"
						},
						"4.0": {
							"post": [0, 0, 0],
							"lerp_mode": "catmullrom"
						}
					},
					"position": {
						"0.0": {
							"post": [0, 0, 0],
							"lerp_mode": "catmullrom"
						},
						"2.0": {
							"post": [0, -1, 0],
							"lerp_mode": "catmullrom"
						},
						"4.0": {
							"post": [0, 0, 0],
							"lerp_mode": "catmullrom"
						}
					}
				},
				"hind_leg2": {
					"rotation": {
						"0.0": {
							"post": [0, 0, 0],
							"lerp_mode": "catmullrom"
						},
						"2.0": {
							"post": [0, 0, 2.5],
							"lerp_mode": "catmullrom"
						},
						"4.0": {
							"post": [0, 0, 0],
							"lerp_mode": "catmullrom"
						}
					}
				},
				"right_leg": {
					"rotation": {
						"0.0": {
							"post": [0, 0, 0],
							"lerp_mode": "catmullrom"
						},
						"2.0": {
							"post": [0, 0, 2.5],
							"lerp_mode": "catmullrom"
						},
						"4.0": {
							"post": [0, 0, 0],
							"lerp_mode": "catmullrom"
						}
					},
					"position": {
						"0.0": {
							"post": [0, 0, 0],
							"lerp_mode": "catmullrom"
						},
						"2.0": {
							"post": [0, -1, 0],
							"lerp_mode": "catmullrom"
						},
						"4.0": {
							"post": [0, 0, 0],
							"lerp_mode": "catmullrom"
						}
					}
				},
				"right_leg2": {
					"rotation": {
						"0.0": {
							"post": [0, 0, 0],
							"lerp_mode": "catmullrom"
						},
						"2.0": {
							"post": [0, 0, -2.5],
							"lerp_mode": "catmullrom"
						},
						"4.0": {
							"post": [0, 0, 0],
							"lerp_mode": "catmullrom"
						}
					},
					"position": {
						"0.0": {
							"post": [0, 0, 0],
							"lerp_mode": "catmullrom"
						},
						"2.0": {
							"post": [0, 0, 0],
							"lerp_mode": "catmullrom"
						},
						"4.0": {
							"post": [0, 0, 0],
							"lerp_mode": "catmullrom"
						}
					}
				}
			}
		},
		"animation.speaker_woffer.roar": {
			"loop": true,
			"animation_length": 0.5,
			"bones": {
				"body": {
					"rotation": {
						"0.0": [5, 0, -5],
						"0.125": [4.98107, -0.43523, -0.01893],
						"0.25": [5, 0, -5],
						"0.375": [4.98107, -0.43523, -0.01893],
						"0.5": [5, 0, -5]
					},
					"position": {
						"0.0": [-1, 0, -1],
						"0.0417": [1, 0, -1],
						"0.0833": [-1, 0, 0],
						"0.125": [1, 0, 0],
						"0.1667": [-1, 0, -1],
						"0.2083": [1, 0, -1],
						"0.25": [-1, 0, 0],
						"0.2917": [1, 0, 0],
						"0.3333": [-1, 0, -1],
						"0.375": [1, 0, -1],
						"0.4167": [-1, 0, 0],
						"0.4583": [1, 0, 0],
						"0.5": [-1, 0, -1]
					}
				}
			}
		}
	}
}