{
  "format_version": "1.8.0",
  "minecraft:client_entity": {
    "description": {
      "identifier": "dylothv2:loren",
      "materials": {
        "default": "muebles"
      },
      "textures": {
        "default": "textures/entity/loren"
      },
      "geometry": {
        "default": "geometry.lightingv2"
      },
      "animations": {
        "move": "animation.lighting.on"
      },
      "animation_controllers": [
        {
          "move": "controller.animation.lighting.move"
        }
      ],
      "render_controllers": [
        "controller.render.lighting"
      ],
      "spawn_egg": {
        "texture": "lighting",
        "texture_index": 0
      }
    }
  }
}