{
  "format_version": "1.12.0",
  "minecraft:geometry": [
    {
      "description": {
        "identifier": "geometry.logopad",
        "texture_width": 48,
        "texture_height": 32,
        "visible_bounds_width": 5,
        "visible_bounds_height": 3,
        "visible_bounds_offset": [0, 0, 0]
      },
      "bones": [
        {
          "name": "unknown_bone",
          "pivot": [17, 17, 7],
          "cubes": [
            {
              "origin": [-7, 1, 7],
              "size": [48, 32, 0],
              "inflate": 1,
              "uv": [0, 0]
            }
          ]
        }
      ]
    }
  ]
}
