{
  "format_version": "1.12.0",
  "minecraft:geometry": [
    {
      "description": {
        "identifier": "geometry.orangemodernbike.player",
        "texture_width": 64,
        "texture_height": 64,
        "visible_bounds_width": 3,
        "visible_bounds_height": 2,
        "visible_bounds_offset": [0, 0, 0]
      },
      "bones": [
        {
          "name": "player",
          "pivot": [0.1, -1, 8]
        },
        {
          "name": "wewe",
          "parent": "player",
          "pivot": [-5.9, 12, 6],
          "mirror": true,
          "cubes": [
            {
              "origin": [-7.9, 0, 4],
              "size": [4, 12, 4],
              "uv": [0, 16],
              "mirror": false
            }
          ]
        },
        {
          "name": "ewewew",
          "parent": "player",
          "pivot": [6.1, 12, 6],
          "mirror": true,
          "cubes": [
            {
              "origin": [4.1, 0, 4],
              "size": [4, 12, 4],
              "uv": [0, 16],
              "mirror": false
            }
          ]
        },
        {
          "name": "dadadaw",
          "parent": "player",
          "pivot": [-6, 16.44524, -13.71262],
          "rotation": [-70, 0, 0],
          "mirror": true,
          "cubes": [
            {
              "origin": [-7.9, 18.79045, -14.83754],
              "size": [4, 12, 4],
              "uv": [40, 16],
              "mirror": false
            }
          ]
        },
        {
          "name": "bangp",
          "parent": "player",
          "pivot": [6.1, 19.84524, -1.81262],
          "rotation": [-70, 0, 0],
          "mirror": true,
          "cubes": [
            {
              "origin": [4.1, 9.84524, -3.81262],
              "size": [4, 12, 4],
              "uv": [40, 16],
              "mirror": false
            }
          ]
        },
        {
          "name": "body",
          "parent": "player",
          "pivot": [0.1, 21, -1],
          "rotation": [45, 0, 0],
          "mirror": true,
          "cubes": [
            {
              "origin": [-3.9, 9, -3],
              "size": [8, 12, 4],
              "uv": [16, 16]
            }
          ]
        },
        {
          "name": "head",
          "parent": "player",
          "pivot": [0.1, 21, -1],
          "rotation": [20, 0, 0],
          "mirror": true,
          "cubes": [
            {
              "origin": [-3.9, 21, -5],
              "size": [8, 8, 8],
              "uv": [0, 0]
            }
          ]
        }
      ]
    },
    {
      "description": {
        "identifier": "geometry.orangemodernbike",
        "texture_width": 256,
        "texture_height": 256,
        "visible_bounds_width": 14,
        "visible_bounds_height": 13,
        "visible_bounds_offset": [0, -0.5, 0]
      },
      "bones": [
        {
          "name": "All",
          "pivot": [-1, 0, 0],
          "rotation": [0, 180, 0]
        },
        {
          "name": "wheel3",
          "parent": "All",
          "pivot": [-1.96636, 6.0498, -15.53167],
          "cubes": [
            { "origin": [-4, 0, -18], "size": [3, 3, 5], "uv": [110, 80] },
            {
              "origin": [-4.02, 9.09935, -18],
              "size": [3, 3, 5],
              "inflate": 0.01,
              "uv": [99, 109]
            },
            {
              "origin": [-4.03, 3.54968, -21.54968],
              "size": [3, 5, 3],
              "inflate": 0.01,
              "uv": [112, 114]
            },
            {
              "origin": [-4.02, 4.54968, -17.04968],
              "size": [3, 3, 3],
              "inflate": 0.01,
              "uv": [15, 91]
            },
            {
              "origin": [-3.02, 4.79968, -19.04968],
              "size": [1, 2, 8],
              "inflate": 0.01,
              "uv": [86, 98]
            },
            {
              "origin": [-3.02, 2.79968, -16.54968],
              "size": [1, 7, 2],
              "inflate": 0.01,
              "uv": [17, 16]
            },
            {
              "origin": [-4.02, 3.54968, -12.44968],
              "size": [3, 5, 3],
              "uv": [15, 112]
            }
          ]
        },
        {
          "name": "slope2",
          "parent": "wheel3",
          "pivot": [-2.5, 1.5, -8.5],
          "rotation": [45, 0, 0],
          "cubes": [
            {
              "origin": [-4.02, 3.63132, -12.73264],
              "size": [3, 3, 5],
              "inflate": 0.01,
              "uv": [83, 109]
            }
          ]
        },
        {
          "name": "slope3",
          "parent": "wheel3",
          "pivot": [-2.5, -1.5, -8.5],
          "rotation": [-45, 0, 0],
          "cubes": [
            {
              "origin": [-4.04, 1.95396, -21.25843],
              "size": [3, 3, 5],
              "uv": [108, 99]
            }
          ]
        },
        {
          "name": "slope4",
          "parent": "wheel3",
          "pivot": [-2.5, 1.5, -8.5],
          "rotation": [45, 0, 0],
          "cubes": [
            {
              "origin": [-4.02, 3.21711, -19.38949],
              "size": [3, 3, 5],
              "inflate": 0.01,
              "pivot": [-1, 6.13132, -13.35396],
              "rotation": [-90, 0, 0],
              "uv": [108, 91]
            }
          ]
        },
        {
          "name": "slope9",
          "parent": "wheel3",
          "pivot": [-2.5, -1.5, -8.5],
          "rotation": [-45, 0, 0],
          "cubes": [
            {
              "origin": [-4.035, 2.33843, -27.94503],
              "size": [3, 3, 5],
              "inflate": 0.01,
              "pivot": [-1.01, 2.42421, -21.90949],
              "rotation": [90, 0, 0],
              "uv": [108, 61]
            }
          ]
        },
        {
          "name": "body",
          "parent": "All",
          "pivot": [-1, 0, 0]
        },
        {
          "name": "front_pole",
          "parent": "body",
          "pivot": [-2.4, 5.7, 16.4],
          "rotation": [13, 0, 0],
          "cubes": [
            {
              "origin": [-0.8, 4.70691, 15.02364],
              "size": [3, 3, 3],
              "uv": [75, 87]
            },
            {
              "origin": [-7, 4.70691, 15.02364],
              "size": [3, 3, 3],
              "uv": [81, 42]
            },
            {
              "origin": [-0.3, 5.00691, 15.52364],
              "size": [2, 19, 2],
              "uv": [75, 109]
            },
            {
              "origin": [-6.5, 5.00691, 15.52364],
              "size": [2, 19, 2],
              "uv": [67, 107]
            }
          ]
        },
        {
          "name": "wheel_guard_front",
          "parent": "body",
          "pivot": [-2.5, 13.15, 18],
          "rotation": [-10, 0, 0],
          "cubes": [
            { "origin": [-5, 11.9, 10], "size": [5, 3, 10], "uv": [81, 0] },
            { "origin": [-5, 6.9, 16], "size": [1, 5, 3], "uv": [0, 16] },
            { "origin": [-5, 9.9, 10], "size": [1, 2, 6], "uv": [82, 16] },
            { "origin": [-1, 6.9, 16], "size": [1, 5, 3], "uv": [0, 0] },
            { "origin": [-1, 9.9, 10], "size": [1, 2, 6], "uv": [62, 0] },
            { "origin": [-5, 11.9, 20], "size": [5, 2, 2], "uv": [0, 45] }
          ]
        },
        {
          "name": "side_piece",
          "parent": "body",
          "pivot": [-3.71429, 12.92857, 7.42857],
          "cubes": [
            { "origin": [-8, 12, 6], "size": [3, 4, 9], "uv": [86, 26] },
            { "origin": [-8, 17, 3], "size": [3, 2, 9], "uv": [0, 91] },
            { "origin": [-8, 17, 12], "size": [3, 1, 3], "uv": [38, 68] },
            { "origin": [-7, 16, 0], "size": [2, 1, 15], "uv": [59, 71] },
            { "origin": [-8, 13, 0], "size": [3, 3, 6], "uv": [106, 52] }
          ]
        },
        {
          "name": "slope1",
          "parent": "side_piece",
          "pivot": [-6.5, 14, 10.5],
          "rotation": [30, 0, 0],
          "cubes": [
            {
              "origin": [-7.7, 9.57154, 5.37032],
              "size": [2, 5, 8],
              "uv": [99, 39]
            }
          ]
        },
        {
          "name": "slope11",
          "parent": "side_piece",
          "pivot": [-6, 18.3, 10.5],
          "rotation": [-25, 0, 0],
          "cubes": [
            {
              "origin": [-6.2, 14.21795, 6.57032],
              "size": [1, 5, 11],
              "uv": [27, 29]
            }
          ]
        },
        {
          "name": "side_piece2",
          "parent": "body",
          "pivot": [-0.98571, 12.92857, 7.42857],
          "cubes": [
            {
              "origin": [0.3, 12, 6],
              "size": [3, 4, 9],
              "uv": [86, 26],
              "mirror": true
            },
            {
              "origin": [0.3, 17, 3],
              "size": [3, 2, 9],
              "uv": [0, 91],
              "mirror": true
            },
            {
              "origin": [0.3, 17, 12],
              "size": [3, 1, 3],
              "uv": [38, 68],
              "mirror": true
            },
            {
              "origin": [0.3, 16, 0],
              "size": [2, 1, 15],
              "uv": [59, 71],
              "mirror": true
            },
            {
              "origin": [0.3, 13, 0],
              "size": [3, 3, 6],
              "uv": [106, 52],
              "mirror": true
            }
          ]
        },
        {
          "name": "slope10",
          "parent": "side_piece2",
          "pivot": [1.8, 14, 10.5],
          "rotation": [30, 0, 0],
          "cubes": [
            {
              "origin": [1, 9.57154, 5.37032],
              "size": [2, 5, 8],
              "uv": [99, 39],
              "mirror": true
            }
          ]
        },
        {
          "name": "slope12",
          "parent": "side_piece2",
          "pivot": [1.3, 18.3, 10.5],
          "rotation": [-25, 0, 0],
          "cubes": [
            {
              "origin": [0.5, 14.21795, 6.57032],
              "size": [1, 5, 11],
              "uv": [27, 29],
              "mirror": true
            }
          ]
        },
        {
          "name": "front_shield",
          "parent": "body",
          "pivot": [-6, 17, -17],
          "cubes": [
            { "origin": [-6, 17, 12], "size": [7, 6, 6], "uv": [44, 73] }
          ]
        },
        {
          "name": "side_slope",
          "parent": "front_shield",
          "pivot": [-7.5, 18.75, 16.25],
          "rotation": [0, 25, 0],
          "cubes": [
            {
              "origin": [-7.57738, 16.5, 14.09369],
              "size": [1, 6, 7],
              "uv": [51, 106]
            },
            {
              "origin": [-7.57738, 17.5, 13.09369],
              "size": [1, 5, 1],
              "uv": [0, 54]
            }
          ]
        },
        {
          "name": "side_slope2",
          "parent": "front_shield",
          "pivot": [2.76935, 18.75, 16.19039],
          "rotation": [0, -25, 0],
          "cubes": [
            {
              "origin": [1.59673, 16.5, 14.03409],
              "size": [1, 6, 7],
              "uv": [51, 106],
              "mirror": true
            },
            {
              "origin": [1.84673, 17.5, 13.03409],
              "size": [1, 5, 1],
              "uv": [0, 54],
              "mirror": true
            }
          ]
        },
        {
          "name": "front_slope",
          "parent": "front_shield",
          "pivot": [-2.5, 25.33333, 16.83333],
          "rotation": [35, 0, 0],
          "cubes": [
            { "origin": [-5.99, 16, 15], "size": [7, 8, 3], "uv": [107, 23] },
            { "origin": [-6, 18, 18], "size": [7, 7, 1], "uv": [38, 88] },
            { "origin": [-5, 16, 14], "size": [5, 2, 1], "uv": [13, 8] },
            { "origin": [-7, 21, 16], "size": [9, 8, 2], "uv": [99, 13] },
            { "origin": [-5, 29, 16], "size": [5, 1, 2], "uv": [40, 37] }
          ]
        },
        {
          "name": "lower_section",
          "parent": "body",
          "pivot": [0, 4, 1]
        },
        {
          "name": "lower_triangle",
          "parent": "lower_section",
          "pivot": [-7.5, 5.66667, -3.33333],
          "rotation": [0, 0, -25],
          "cubes": [
            { "origin": [-8, 4, -2], "size": [1, 5, 9], "uv": [38, 98] },
            { "origin": [-7, 4, -2], "size": [4, 1, 9], "uv": [21, 89] },
            { "origin": [-8, 4, -9], "size": [1, 2, 2], "uv": [14, 45] },
            { "origin": [-8, 4, -7], "size": [1, 3, 5], "uv": [111, 34] }
          ]
        },
        {
          "name": "lower_triangle2",
          "parent": "lower_section",
          "pivot": [-7.5, 12.33333, -3.33333],
          "rotation": [0, 0, 25],
          "cubes": [
            {
              "origin": [-7.55742, 8.05088, -2.01],
              "size": [1, 7, 9],
              "uv": [0, 29]
            },
            {
              "origin": [-7.55742, 12.05088, -5],
              "size": [1, 3, 1],
              "uv": [13, 0]
            },
            {
              "origin": [-7.55742, 10.05088, -4],
              "size": [1, 5, 2],
              "uv": [23, 55]
            }
          ]
        },
        {
          "name": "lower_section2",
          "parent": "body",
          "pivot": [-5, 4, 1]
        },
        {
          "name": "lower_triangle3",
          "parent": "lower_section2",
          "pivot": [2.5, 5.66667, -3.33333],
          "rotation": [0, 0, 25],
          "cubes": [
            { "origin": [2, 4, -2], "size": [1, 5, 9], "uv": [97, 66] },
            { "origin": [-2, 4, -2], "size": [4, 1, 9], "uv": [0, 16] },
            { "origin": [2, 4, -9], "size": [1, 2, 2], "uv": [20, 0] },
            { "origin": [2, 4, -7], "size": [1, 3, 5], "uv": [13, 0] }
          ]
        },
        {
          "name": "lower_triangle4",
          "parent": "lower_section2",
          "pivot": [2.5, 12.33333, -3.33333],
          "rotation": [0, 0, -25],
          "cubes": [
            {
              "origin": [1.55742, 8.05088, -2.01],
              "size": [1, 7, 9],
              "uv": [28, 0]
            },
            {
              "origin": [1.55742, 12.05088, -5],
              "size": [1, 3, 1],
              "uv": [7, 7]
            },
            {
              "origin": [1.55742, 10.05088, -4],
              "size": [1, 5, 2],
              "uv": [39, 0]
            }
          ]
        },
        {
          "name": "inner_core",
          "parent": "body",
          "pivot": [-1, 0, 0],
          "cubes": [
            { "origin": [-6, 9, -9], "size": [7, 4, 20], "uv": [28, 0] },
            { "origin": [-4, 13, -8], "size": [3, 4, 21], "uv": [0, 29] },
            { "origin": [-4.5, 17, -2], "size": [4, 5, 15], "uv": [0, 54] },
            { "origin": [-6, 7, -8], "size": [7, 2, 16], "uv": [56, 24] }
          ]
        },
        {
          "name": "side_bar",
          "parent": "body",
          "pivot": [-5.5, 17.5, 2.5],
          "rotation": [25, 0, 0],
          "cubes": [
            {
              "origin": [-6.4, 15.36558, -11.29583],
              "size": [1, 3, 26],
              "uv": [28, 28]
            },
            {
              "origin": [0.6, 15.46558, -11.29583],
              "size": [1, 3, 26],
              "uv": [28, 28],
              "mirror": true
            },
            {
              "origin": [-6.4, 9.36558, -10.29583],
              "size": [1, 6, 2],
              "uv": [0, 29]
            },
            {
              "origin": [0.5, 9.36558, -9.89583],
              "size": [1, 6, 2],
              "uv": [28, 0]
            }
          ]
        },
        {
          "name": "wheel_connect1",
          "parent": "side_bar",
          "pivot": [-4.85292, 15.21173, -17.05761],
          "rotation": [0, -10, 0],
          "cubes": [
            {
              "origin": [-5.35292, 14.04507, -20.22428],
              "size": [1, 2, 3],
              "uv": [27, 33]
            },
            {
              "origin": [-5.35292, 13.04507, -20.22428],
              "size": [1, 1, 10],
              "uv": [96, 98]
            },
            {
              "origin": [-5.35292, 16.04507, -20.22428],
              "size": [1, 2, 9],
              "uv": [99, 80]
            }
          ]
        },
        {
          "name": "wheel_connect2",
          "parent": "side_bar",
          "pivot": [0.09546, 15.41722, -16.61695],
          "rotation": [0, 10, 0],
          "cubes": [
            {
              "origin": [-0.40454, 14.25055, -19.78362],
              "size": [1, 2, 3],
              "uv": [27, 33],
              "mirror": true
            },
            {
              "origin": [-0.40454, 13.25055, -19.78362],
              "size": [1, 1, 10],
              "uv": [96, 98],
              "mirror": true
            },
            {
              "origin": [-0.40454, 16.25055, -19.78362],
              "size": [1, 2, 9],
              "uv": [99, 80],
              "mirror": true
            }
          ]
        },
        {
          "name": "seat_strap",
          "parent": "body",
          "pivot": [-4.4, 14.96421, -9.44559],
          "rotation": [50, 0, 0],
          "cubes": [
            {
              "origin": [-5.4, 11.96421, -10.44559],
              "size": [2, 10, 2],
              "uv": [0, 74]
            },
            {
              "origin": [-1.4, 11.96421, -10.44559],
              "size": [2, 10, 2],
              "uv": [59, 57]
            }
          ]
        },
        {
          "name": "forward_rump",
          "parent": "body",
          "pivot": [-1.5, -2.35, 0],
          "cubes": [
            { "origin": [-4.5, 23.65, -4], "size": [4, 3, 11], "uv": [78, 71] },
            { "origin": [-4, 26.15, 0], "size": [3, 1, 3], "uv": [27, 45] },
            { "origin": [-5.5, 22.65, -3], "size": [6, 1, 13], "uv": [59, 57] },
            { "origin": [-4.5, 23.65, 7], "size": [4, 2, 2], "uv": [39, 45] }
          ]
        },
        {
          "name": "rump_slope",
          "parent": "forward_rump",
          "pivot": [-5, 22.65, 4.6],
          "rotation": [0, 0, 30],
          "cubes": [
            {
              "origin": [-5.5, 20.65, -0.9],
              "size": [1, 2, 11],
              "uv": [86, 13]
            },
            {
              "origin": [-5.5, 17.65, 0.1],
              "size": [1, 3, 8],
              "uv": [28, 104]
            },
            { "origin": [-5.5, 18.65, -5.9], "size": [1, 2, 6], "uv": [0, 54] }
          ]
        },
        {
          "name": "rump_slope2",
          "parent": "forward_rump",
          "pivot": [1.85, 22.90981, 4.5],
          "rotation": [0, 0, -30],
          "cubes": [
            {
              "origin": [-0.44904, 21.65981, -1],
              "size": [1, 2, 11],
              "uv": [45, 85]
            },
            {
              "origin": [-0.44904, 18.65981, 0],
              "size": [1, 3, 8],
              "uv": [0, 104]
            },
            {
              "origin": [-0.44904, 19.65981, -6],
              "size": [1, 2, 6],
              "uv": [40, 29]
            }
          ]
        },
        {
          "name": "seat",
          "parent": "body",
          "pivot": [-1, 0, 0],
          "cubes": [
            { "origin": [-5, 19, -11], "size": [5, 2, 9], "uv": [23, 57] },
            { "origin": [-6.5, 19, -17], "size": [8, 3, 6], "uv": [84, 57] },
            { "origin": [-4, 18, -17], "size": [3, 1, 15], "uv": [38, 57] }
          ]
        },
        {
          "name": "back_seat",
          "parent": "seat",
          "pivot": [-2.5, 22.93969, -21.65798],
          "rotation": [-20, 0, 0],
          "cubes": [
            {
              "origin": [-7, 19.93969, -22.65798],
              "size": [9, 5, 7],
              "uv": [56, 42]
            },
            {
              "origin": [-8, 23.93969, -26.65798],
              "size": [3, 3, 12],
              "uv": [0, 76]
            },
            {
              "origin": [0, 23.93969, -26.65798],
              "size": [3, 3, 12],
              "uv": [26, 73]
            },
            {
              "origin": [-4, 22.93969, -27.65798],
              "size": [3, 3, 11],
              "uv": [82, 43]
            },
            {
              "origin": [-7, 21.93969, -25.65798],
              "size": [9, 3, 3],
              "uv": [49, 100]
            }
          ]
        },
        {
          "name": "right_mirror",
          "parent": "body",
          "pivot": [-7.13362, 27.65293, 16.18506],
          "rotation": [0, -45, 10],
          "cubes": [
            {
              "origin": [-9.13362, 27.02793, 15.68506],
              "size": [2, 1, 1],
              "uv": [27, 38]
            },
            {
              "origin": [-10.13362, 27.02793, 15.68506],
              "size": [1, 2, 1],
              "uv": [16, 33]
            },
            {
              "origin": [-14.13362, 27.02793, 14.68506],
              "size": [4, 3, 3],
              "uv": [62, 8]
            }
          ]
        },
        {
          "name": "part2",
          "parent": "right_mirror",
          "pivot": [-7.63362, 25.02793, 16.18506],
          "rotation": [0, 0, -40],
          "cubes": [
            {
              "origin": [-6.32223, 21.00467, 15.7],
              "size": [1, 6, 1],
              "uv": [56, 42]
            }
          ]
        },
        {
          "name": "left_mirror",
          "parent": "body",
          "pivot": [2.13362, 27.65293, 16.18506],
          "rotation": [0, 45, -10],
          "cubes": [
            {
              "origin": [2.13362, 27.02793, 15.68506],
              "size": [2, 1, 1],
              "uv": [27, 38],
              "mirror": true
            },
            {
              "origin": [4.13362, 27.02793, 15.68506],
              "size": [1, 2, 1],
              "uv": [16, 33],
              "mirror": true
            },
            {
              "origin": [5.13362, 27.02793, 14.68506],
              "size": [4, 3, 3],
              "uv": [62, 8],
              "mirror": true
            }
          ]
        },
        {
          "name": "part3",
          "parent": "left_mirror",
          "pivot": [2.63362, 25.02793, 16.18506],
          "rotation": [0, 0, 40],
          "cubes": [
            {
              "origin": [0.32223, 21.00467, 15.7],
              "size": [1, 6, 1],
              "uv": [56, 42],
              "mirror": true
            }
          ]
        },
        {
          "name": "handle",
          "parent": "body",
          "pivot": [-2.4, 26.83277, 11.56618]
        },
        {
          "name": "handle2",
          "parent": "handle",
          "pivot": [-4.2, 22.33277, 11.06618],
          "rotation": [25, -10, -5],
          "cubes": [
            {
              "origin": [-5.82139, 26.36212, 11.83604],
              "size": [2, 2, 1],
              "uv": [0, 8]
            },
            {
              "origin": [-5.82139, 22.36212, 12.83604],
              "size": [2, 5, 1],
              "uv": [48, 29]
            },
            {
              "origin": [-13.82139, 25.36212, 12.83604],
              "size": [8, 1, 1],
              "uv": [28, 18]
            },
            {
              "origin": [-8.82139, 24.96212, 12.42574],
              "size": [3, 2, 2],
              "uv": [27, 29]
            }
          ]
        },
        {
          "name": "break2",
          "parent": "handle2",
          "pivot": [0, 23.14097, 17.3103],
          "cubes": [
            {
              "origin": [-10.77051, 24.50139, 12.92574],
              "size": [6, 1, 1],
              "pivot": [-5.5, 24.64097, 12.8103],
              "rotation": [0, 0, -10],
              "uv": [42, 24]
            }
          ]
        },
        {
          "name": "handle3",
          "parent": "handle",
          "pivot": [-0.5, 22.33277, 11.06618],
          "rotation": [25, 10, 5],
          "cubes": [
            {
              "origin": [-0.87861, 26.36212, 11.83604],
              "size": [2, 2, 1],
              "uv": [0, 8],
              "mirror": true
            },
            {
              "origin": [-0.87861, 22.36212, 12.83604],
              "size": [2, 5, 1],
              "uv": [48, 29],
              "mirror": true
            },
            {
              "origin": [1.12139, 25.36212, 12.83604],
              "size": [8, 1, 1],
              "uv": [28, 18],
              "mirror": true
            },
            {
              "origin": [1.12139, 24.96212, 12.42574],
              "size": [3, 2, 2],
              "uv": [27, 29],
              "mirror": true
            }
          ]
        },
        {
          "name": "break3",
          "parent": "handle3",
          "pivot": [-4.7, 23.14097, 17.3103],
          "cubes": [
            {
              "origin": [0.07051, 24.50139, 12.92574],
              "size": [6, 1, 1],
              "pivot": [0.8, 24.64097, 12.8103],
              "rotation": [0, 0, 10],
              "uv": [42, 24],
              "mirror": true
            }
          ]
        },
        {
          "name": "wheel2",
          "parent": "All",
          "pivot": [-1.96636, 6.0498, 16.48196],
          "cubes": [
            { "origin": [-4, 0, 14], "size": [3, 3, 5], "uv": [110, 80] },
            {
              "origin": [-4.02, 9.09935, 14],
              "size": [3, 3, 5],
              "inflate": 0.01,
              "uv": [99, 109]
            },
            {
              "origin": [-4.03, 3.54968, 10.45032],
              "size": [3, 5, 3],
              "inflate": 0.01,
              "uv": [112, 114]
            },
            {
              "origin": [-4.02, 4.54968, 14.95032],
              "size": [3, 3, 3],
              "inflate": 0.01,
              "uv": [15, 91]
            },
            {
              "origin": [-3.02, 4.79968, 12.95032],
              "size": [1, 2, 8],
              "inflate": 0.01,
              "uv": [86, 98]
            },
            {
              "origin": [-3.02, 2.79968, 15.45032],
              "size": [1, 7, 2],
              "inflate": 0.01,
              "uv": [17, 16]
            },
            {
              "origin": [-4.02, 3.54968, 19.55032],
              "size": [3, 5, 3],
              "uv": [15, 112]
            }
          ]
        },
        {
          "name": "slope5",
          "parent": "wheel2",
          "pivot": [-2.5, 1.5, 23.5],
          "rotation": [45, 0, 0],
          "cubes": [
            {
              "origin": [-4.02, 3.63132, 19.26736],
              "size": [3, 3, 5],
              "inflate": 0.01,
              "uv": [83, 109]
            }
          ]
        },
        {
          "name": "slope6",
          "parent": "wheel2",
          "pivot": [-2.5, -1.5, 23.5],
          "rotation": [-45, 0, 0],
          "cubes": [
            {
              "origin": [-4.04, 1.95396, 10.74157],
              "size": [3, 3, 5],
              "uv": [108, 99]
            }
          ]
        },
        {
          "name": "slope7",
          "parent": "wheel2",
          "pivot": [-2.5, 1.5, 23.5],
          "rotation": [45, 0, 0],
          "cubes": [
            {
              "origin": [-4.045, 3.21711, 12.61051],
              "size": [3, 3, 5],
              "inflate": 0.01,
              "pivot": [-1, 6.13132, 18.64604],
              "rotation": [-90, 0, 0],
              "uv": [108, 91]
            }
          ]
        },
        {
          "name": "slope8",
          "parent": "wheel2",
          "pivot": [-2.5, -1.5, 23.5],
          "rotation": [-45, 0, 0],
          "cubes": [
            {
              "origin": [-4.035, 2.33843, 4.05497],
              "size": [3, 3, 5],
              "inflate": 0.01,
              "pivot": [-1.01, 2.42421, 10.09051],
              "rotation": [90, 0, 0],
              "uv": [108, 61]
            }
          ]
        }
      ]
    }
  ]
}
