{
  "format_version": "1.12.0",
  "minecraft:geometry": [
    {
      "description": {
        "identifier": "geometry.pad",
        "texture_width": 31,
        "texture_height": 47,
        "visible_bounds_width": 4,
        "visible_bounds_height": 5,
        "visible_bounds_offset": [0, 0, 0]
      },
      "bones": [
        {
          "name": "unknown_bone",
          "pivot": [0, 0, 0],
          "cubes": [
            {
              "origin": [-7, 0, 7],
              "size": [31, 47, 0],
              "inflate": 1,
              "uv": [0, 0]
            }
          ]
        }
      ]
    }
  ]
}
