{
  "format_version": "1.12.0",
  "minecraft:geometry": [
    {
      "description": {
        "identifier": "geometry.policebike",
        "texture_width": 128,
        "texture_height": 128,
        "visible_bounds_width": 14,
        "visible_bounds_height": 13,
        "visible_bounds_offset": [0, -0.5, 0]
      },
      "bones": [
        {
          "name": "whole",
          "pivot": [0, 0, 0],
          "rotation": [0, 180, 0]
        },
        {
          "name": "wheel3",
          "parent": "whole",
          "pivot": [-1.49136, 6.0248, -17.52713],
          "cubes": [
            { "origin": [-2.925, 0, -20], "size": [3, 3, 5], "uv": [90, 74] },
            {
              "origin": [-2.945, 9.09935, -20],
              "size": [3, 3, 5],
              "inflate": 0.01,
              "uv": [90, 8]
            },
            {
              "origin": [-2.955, 3.54968, -23.54968],
              "size": [3, 5, 3],
              "inflate": 0.01,
              "uv": [72, 99]
            },
            {
              "origin": [-2.945, 4.54968, -19.04968],
              "size": [3, 3, 3],
              "inflate": 0.01,
              "uv": [31, 101]
            },
            {
              "origin": [-1.945, 4.79968, -21.04968],
              "size": [1, 2, 8],
              "inflate": 0.01,
              "uv": [56, 35]
            },
            {
              "origin": [-1.945, 2.79968, -18.54968],
              "size": [1, 7, 2],
              "inflate": 0.01,
              "uv": [65, 0]
            },
            {
              "origin": [-2.945, 3.54968, -14.54968],
              "size": [3, 5, 3],
              "uv": [0, 99]
            }
          ]
        },
        {
          "name": "slope2",
          "parent": "wheel3",
          "pivot": [-1.425, 1.5, -10.5],
          "rotation": [45, 0, 0],
          "cubes": [
            {
              "origin": [-2.945, 3.63132, -14.73264],
              "size": [3, 3, 5],
              "inflate": 0.03,
              "uv": [56, 90]
            }
          ]
        },
        {
          "name": "slope3",
          "parent": "wheel3",
          "pivot": [-1.425, -1.5, -10.5],
          "rotation": [-45, 0, 0],
          "cubes": [
            {
              "origin": [-2.965, 1.85396, -23.35843],
              "size": [3, 3, 5],
              "inflate": 0.04,
              "uv": [88, 44]
            }
          ]
        },
        {
          "name": "slope4",
          "parent": "wheel3",
          "pivot": [-1.425, 1.5, -10.5],
          "rotation": [45, 0, 0],
          "cubes": [
            {
              "origin": [-2.945, 3.21711, -21.38949],
              "size": [3, 3, 5],
              "inflate": 0.03,
              "pivot": [0.075, 6.13132, -15.35396],
              "rotation": [-90, 0, 0],
              "uv": [84, 0]
            }
          ]
        },
        {
          "name": "slope9",
          "parent": "wheel3",
          "pivot": [-1.425, -1.5, -10.5],
          "rotation": [-45, 0, 0],
          "cubes": [
            {
              "origin": [-2.96, 2.33843, -29.94503],
              "size": [3, 3, 5],
              "inflate": 0.03,
              "pivot": [0.065, 2.42421, -23.90949],
              "rotation": [90, 0, 0],
              "uv": [18, 44]
            }
          ]
        },
        {
          "name": "shassis",
          "parent": "whole",
          "pivot": [0, 0, 0]
        },
        {
          "name": "front_guard",
          "parent": "shassis",
          "pivot": [-0.5, 11.5, 25.5],
          "cubes": [
            {
              "origin": [-4, 12, 9],
              "size": [1, 4, 7],
              "inflate": 0.01,
              "uv": [86, 86]
            },
            {
              "origin": [0, 12, 9],
              "size": [1, 4, 7],
              "inflate": 0.01,
              "uv": [86, 86],
              "mirror": true
            },
            {
              "origin": [-3, 15, 9],
              "size": [3, 1, 7],
              "inflate": 0.01,
              "uv": [59, 82]
            },
            {
              "origin": [-4, 9, 12],
              "size": [1, 3, 11],
              "inflate": 0.01,
              "uv": [58, 68]
            },
            {
              "origin": [0, 9, 12],
              "size": [1, 3, 11],
              "inflate": 0.01,
              "uv": [58, 68],
              "mirror": true
            },
            {
              "origin": [-6, 9, 19],
              "size": [2, 2, 3],
              "inflate": 0.01,
              "uv": [76, 26]
            },
            {
              "origin": [1.025, 9, 19],
              "size": [2, 2, 3],
              "inflate": 0.01,
              "uv": [76, 26],
              "mirror": true
            },
            {
              "origin": [-5, 9, 13],
              "size": [1, 2, 6],
              "inflate": 0.01,
              "uv": [20, 94]
            },
            {
              "origin": [1.025, 9, 13],
              "size": [1, 2, 6],
              "inflate": 0.01,
              "uv": [20, 94],
              "mirror": true
            },
            {
              "origin": [-4, 2, 9],
              "size": [1, 10, 3],
              "inflate": 0.01,
              "uv": [56, 98]
            },
            {
              "origin": [0, 2, 9],
              "size": [1, 10, 3],
              "inflate": 0.01,
              "uv": [56, 98],
              "mirror": true
            }
          ]
        },
        {
          "name": "front_guard2",
          "parent": "shassis",
          "pivot": [-1.5, 13.10648, 15.25707],
          "rotation": [-30, 0, 0],
          "cubes": [
            {
              "origin": [-3, 15.0197, 14.51588],
              "size": [3, 1, 8],
              "uv": [44, 78]
            },
            {
              "origin": [-4, 13.0197, 14.51588],
              "size": [1, 3, 8],
              "uv": [21, 0]
            },
            {
              "origin": [0, 13.0197, 14.51588],
              "size": [1, 3, 8],
              "uv": [21, 0],
              "mirror": true
            },
            {
              "origin": [-4, 11.0197, 14.51588],
              "size": [1, 2, 4],
              "uv": [84, 79]
            },
            {
              "origin": [0, 11.0197, 14.51588],
              "size": [1, 2, 4],
              "uv": [84, 79],
              "mirror": true
            }
          ]
        },
        {
          "name": "tank",
          "parent": "shassis",
          "pivot": [-0.5, 18.43322, 1.52369],
          "rotation": [10, 0, 0],
          "cubes": [
            {
              "origin": [-2.75, 16.34674, -2.46851],
              "size": [3, 4, 2],
              "uv": [66, 16]
            },
            {
              "origin": [-3.75, 16.0197, -0.48412],
              "size": [5, 6, 11],
              "uv": [25, 41]
            },
            {
              "origin": [-2.25, 22.0197, 5.51588],
              "size": [2, 1, 2],
              "uv": [11, 14]
            }
          ]
        },
        {
          "name": "seat",
          "parent": "shassis",
          "pivot": [-0.5, 16.60822, -11.32631],
          "rotation": [-2.5, 0, 0],
          "cubes": [
            {
              "origin": [-3.75, 16.1947, -12.33412],
              "size": [5, 3, 9],
              "uv": [65, 0]
            },
            {
              "origin": [-3.75, 19.1947, -5.33412],
              "size": [5, 2, 2],
              "uv": [48, 35]
            }
          ]
        },
        {
          "name": "front_light",
          "parent": "shassis",
          "pivot": [-6.25, 21.79997, 13.79445],
          "rotation": [5, 0, 0],
          "cubes": [
            {
              "origin": [-6.75, 18.79997, 16.29445],
              "size": [3, 3, 3],
              "uv": [17, 63]
            },
            {
              "origin": [0.625, 18.79997, 16.29445],
              "size": [3, 3, 3],
              "uv": [17, 63],
              "mirror": true
            }
          ]
        },
        {
          "name": "front_wheel_slope",
          "parent": "shassis",
          "pivot": [-5, 14.9, 14],
          "rotation": [15, 0, 0],
          "cubes": [
            { "origin": [-6, 4.4, 13], "size": [2, 21, 2], "uv": [36, 78] },
            {
              "origin": [0.875, 4.4, 13],
              "size": [2, 21, 2],
              "uv": [36, 78],
              "mirror": true
            },
            { "origin": [-6, 15.95, 15], "size": [1, 1, 3], "uv": [30, 14] },
            {
              "origin": [1.875, 15.95, 15],
              "size": [1, 1, 3],
              "uv": [30, 14],
              "mirror": true
            },
            { "origin": [-6, 14.95, 18], "size": [1, 5, 1], "uv": [10, 29] },
            {
              "origin": [1.875, 14.95, 18],
              "size": [1, 5, 1],
              "uv": [10, 29],
              "mirror": true
            },
            { "origin": [-4, 4.4, 13], "size": [1, 2, 2], "uv": [29, 44] },
            {
              "origin": [-0.15, 4.4, 13],
              "size": [1, 2, 2],
              "uv": [29, 44],
              "mirror": true
            },
            { "origin": [-5.5, 16.4, 15], "size": [8, 9, 3], "uv": [0, 76] },
            { "origin": [-3.225, 20.6, 11], "size": [4, 5, 5], "uv": [82, 26] },
            { "origin": [-5.5, 25.4, 16], "size": [8, 13, 1], "uv": [0, 0] }
          ]
        },
        {
          "name": "glass_pane",
          "parent": "front_wheel_slope",
          "pivot": [-5, 32.24074, 13.41181],
          "rotation": [0, 29.25, 0],
          "cubes": [
            {
              "origin": [-5.43625, 25.4, 10.75569],
              "size": [0, 13, 5],
              "uv": [0, 24]
            }
          ]
        },
        {
          "name": "glass_pane2",
          "parent": "front_wheel_slope",
          "pivot": [2, 32.24074, 13.41181],
          "rotation": [0, -29.25, 0],
          "cubes": [
            {
              "origin": [2.43625, 25.4, 10.75569],
              "size": [0, 13, 5],
              "uv": [0, 24],
              "mirror": true
            }
          ]
        },
        {
          "name": "burner",
          "parent": "shassis",
          "pivot": [-2.25, 15.325, 9.775],
          "rotation": [-30, 0, 0],
          "cubes": [
            {
              "origin": [-4.25, 8.40753, 7.28397],
              "size": [3, 6, 3],
              "uv": [63, 49]
            },
            {
              "origin": [-1.575, 8.40753, 7.28397],
              "size": [3, 6, 3],
              "uv": [63, 49],
              "mirror": true
            }
          ]
        },
        {
          "name": "burner2",
          "parent": "shassis",
          "pivot": [-2.25, 15.325, 0.225],
          "rotation": [30, 0, 0],
          "cubes": [
            {
              "origin": [-4.25, 9.40753, -2.01603],
              "size": [3, 6, 3],
              "uv": [63, 49]
            },
            {
              "origin": [-1.575, 9.40753, -2.01603],
              "size": [3, 6, 3],
              "uv": [63, 49],
              "mirror": true
            }
          ]
        },
        {
          "name": "exhaust4",
          "parent": "shassis",
          "pivot": [-1.69, 11.00509, -7.94168],
          "rotation": [145, 0, 0],
          "cubes": [
            {
              "origin": [-6.69, 6.50509, -8.44168],
              "size": [2, 9, 1],
              "inflate": 0.01,
              "uv": [22, 76]
            },
            {
              "origin": [-7.39, 9.10509, -8.94168],
              "size": [1, 1, 3],
              "inflate": 0.01,
              "uv": [77, 49]
            },
            {
              "origin": [3.69, 9.10509, -8.94168],
              "size": [1, 1, 3],
              "inflate": 0.01,
              "uv": [77, 49],
              "mirror": true
            },
            {
              "origin": [-7.39, 12.73009, -8.94168],
              "size": [1, 1, 3],
              "inflate": 0.01,
              "uv": [61, 70]
            },
            {
              "origin": [3.69, 12.73009, -8.94168],
              "size": [1, 1, 3],
              "inflate": 0.01,
              "uv": [61, 70],
              "mirror": true
            },
            {
              "origin": [2.21, 6.50509, -8.44168],
              "size": [2, 9, 1],
              "inflate": 0.01,
              "uv": [58, 63]
            }
          ]
        },
        {
          "name": "strut_1",
          "parent": "shassis",
          "pivot": [-5.19, 19.00509, -12.94168],
          "rotation": [-145, 0, 0],
          "cubes": [
            {
              "origin": [-5.69, 18.50509, -13.44168],
              "size": [1, 5, 1],
              "inflate": 0.02,
              "uv": [10, 35]
            },
            {
              "origin": [1.69, 18.50509, -13.44168],
              "size": [1, 5, 1],
              "inflate": 0.02,
              "uv": [10, 35],
              "mirror": true
            }
          ]
        },
        {
          "name": "antenna",
          "parent": "shassis",
          "pivot": [-1.19, 26.00509, -21.94168],
          "rotation": [-165, 0, 0],
          "cubes": [
            {
              "origin": [-1.79, 11.50509, -22.44168],
              "size": [1, 17, 1],
              "inflate": 0.02,
              "uv": [86, 97]
            }
          ]
        },
        {
          "name": "back_piece_1",
          "parent": "shassis",
          "pivot": [-1.69, 11.00509, -7.94168],
          "rotation": [145, 0, 0],
          "cubes": [
            {
              "origin": [-6.39, 7.23301, -6.41243],
              "size": [3, 9, 3],
              "inflate": 0.02,
              "uv": [14, 88]
            },
            {
              "origin": [0.61, 7.23301, -6.41243],
              "size": [3, 9, 3],
              "inflate": 0.02,
              "uv": [47, 0]
            },
            {
              "origin": [-3.39, 8.23301, -6.41243],
              "size": [4, 8, 3],
              "inflate": 0.02,
              "uv": [0, 88]
            },
            {
              "origin": [-6.39, 14.11593, 3.4174],
              "size": [3, 9, 3],
              "inflate": 0.02,
              "uv": [48, 19]
            },
            {
              "origin": [0.61, 14.11593, 3.4174],
              "size": [3, 9, 3],
              "inflate": 0.02,
              "uv": [0, 44]
            },
            {
              "origin": [-3.39, 14.11593, 3.4174],
              "size": [4, 9, 2],
              "inflate": 0.02,
              "uv": [95, 82]
            }
          ]
        },
        {
          "name": "exhaust2",
          "parent": "shassis",
          "pivot": [-5.4, 5.05, -15.6],
          "rotation": [90, 5, 0],
          "cubes": [
            {
              "origin": [-6.4, -2.45, -16.1],
              "size": [2, 6, 2],
              "inflate": 0.01,
              "uv": [22, 29]
            },
            {
              "origin": [-6.9, 3.55, -16.6],
              "size": [3, 12, 3],
              "uv": [44, 87]
            }
          ]
        },
        {
          "name": "exhaust",
          "parent": "exhaust2",
          "pivot": [-5.4, 12.05, -6.6],
          "rotation": [55, 0, 0],
          "cubes": [
            {
              "origin": [-6.39, -0.49491, -23.91668],
              "size": [2, 12, 2],
              "inflate": 0.01,
              "uv": [90, 97]
            },
            {
              "origin": [-4.39, -0.49491, -23.91668],
              "size": [2, 2, 2],
              "inflate": 0.01,
              "uv": [66, 35]
            }
          ]
        },
        {
          "name": "exhaust5",
          "parent": "exhaust2",
          "pivot": [5.4, 12.05, -6.6],
          "rotation": [55, 0, 0]
        },
        {
          "name": "exhaust6",
          "parent": "shassis",
          "pivot": [2.575, 5.05, -15.6],
          "rotation": [90, -5, 0],
          "cubes": [
            {
              "origin": [1.575, -2.45, -16.1],
              "size": [2, 6, 2],
              "inflate": 0.01,
              "uv": [22, 29],
              "mirror": true
            },
            {
              "origin": [1.075, 3.55, -16.6],
              "size": [3, 12, 3],
              "uv": [44, 87],
              "mirror": true
            }
          ]
        },
        {
          "name": "exhaust7",
          "parent": "exhaust6",
          "pivot": [2.575, 12.05, -6.6],
          "rotation": [55, 0, 0],
          "cubes": [
            {
              "origin": [1.565, -0.49491, -23.91668],
              "size": [2, 12, 2],
              "inflate": 0.01,
              "uv": [90, 97],
              "mirror": true
            },
            {
              "origin": [-0.435, -0.49491, -23.91668],
              "size": [2, 2, 2],
              "inflate": 0.01,
              "uv": [66, 35],
              "mirror": true
            }
          ]
        },
        {
          "name": "exhaust8",
          "parent": "exhaust6",
          "pivot": [-8.225, 12.05, -6.6],
          "rotation": [55, 0, 0]
        },
        {
          "name": "exhaust3",
          "parent": "shassis",
          "pivot": [-5.5, 6.15, -14],
          "rotation": [90, 0, 0]
        },
        {
          "name": "engine_connector",
          "parent": "shassis",
          "pivot": [-3.575, 6.65, 8.15],
          "rotation": [100, -10, 0],
          "cubes": [
            {
              "origin": [-4.575, -0.85, 7.15],
              "size": [1, 17, 1],
              "uv": [97, 52]
            }
          ]
        },
        {
          "name": "engine_connector2",
          "parent": "shassis",
          "pivot": [0.45, 6.65, 8.15],
          "rotation": [100, 10, 0],
          "cubes": [
            {
              "origin": [0.45, -0.85, 7.15],
              "size": [1, 17, 1],
              "uv": [97, 52],
              "mirror": true
            }
          ]
        },
        {
          "name": "front_wheel_slope2",
          "parent": "shassis",
          "pivot": [-5, 13.65, 12],
          "rotation": [30, 0, 0]
        },
        {
          "name": "core_centre",
          "parent": "shassis",
          "pivot": [0, 0, 0],
          "cubes": [
            { "origin": [-2, 3, -9], "size": [1, 10, 19], "uv": [0, 0] },
            { "origin": [-2, 13, 0], "size": [1, 5, 9], "uv": [77, 49] },
            { "origin": [-2, 7, -12], "size": [1, 6, 3], "uv": [0, 63] },
            {
              "origin": [-6.4, 7.7, -24.1],
              "size": [3, 5, 12],
              "uv": [45, 46]
            },
            { "origin": [-3.4, 7.7, -27.1], "size": [4, 2, 3], "uv": [0, 14] },
            { "origin": [0.6, 7.7, -24.1], "size": [3, 5, 12], "uv": [0, 46] },
            {
              "origin": [-3.4, 7.7, -23.1],
              "size": [4, 4, 11],
              "uv": [39, 63]
            },
            {
              "origin": [-6.4, 12.7, -21.5],
              "size": [3, 4, 12],
              "uv": [48, 19]
            },
            {
              "origin": [-5.7, 16.7, -21.5],
              "size": [1, 2, 1],
              "uv": [33, 11]
            },
            {
              "origin": [1.7, 16.7, -21.5],
              "size": [1, 2, 1],
              "uv": [33, 11],
              "mirror": true
            },
            {
              "origin": [-5.7, 16.7, -20.5],
              "size": [1, 1, 9],
              "uv": [79, 12]
            },
            {
              "origin": [1.7, 16.7, -20.5],
              "size": [1, 1, 9],
              "uv": [79, 12],
              "mirror": true
            },
            {
              "origin": [-5.7, 18.7, -21.5],
              "size": [1, 1, 9],
              "uv": [73, 79]
            },
            {
              "origin": [1.7, 18.7, -21.5],
              "size": [1, 1, 9],
              "uv": [73, 79],
              "mirror": true
            },
            {
              "origin": [-6.7, 19.7, -21.2],
              "size": [3, 2, 9],
              "uv": [71, 68]
            },
            {
              "origin": [0.7, 19.7, -21.2],
              "size": [3, 2, 9],
              "uv": [71, 68],
              "mirror": true
            },
            {
              "origin": [-6.7, 22.7, -22.2],
              "size": [3, 2, 11],
              "uv": [0, 63]
            },
            {
              "origin": [0.7, 22.7, -22.2],
              "size": [3, 2, 11],
              "uv": [0, 63],
              "mirror": true
            },
            {
              "origin": [-7.3, 21.7, -22.5],
              "size": [4, 1, 12],
              "uv": [18, 58]
            },
            {
              "origin": [0.3, 21.7, -22.5],
              "size": [4, 1, 12],
              "uv": [18, 58],
              "mirror": true
            },
            {
              "origin": [-3.525, 21.7, -21.5],
              "size": [4, 1, 1],
              "inflate": 0.01,
              "uv": [9, 44]
            },
            {
              "origin": [-2.4, 19.7, -22.25],
              "size": [2, 5, 2],
              "uv": [31, 0]
            },
            {
              "origin": [-2.4, 19.7, -25.25],
              "size": [2, 2, 3],
              "uv": [66, 26]
            },
            {
              "origin": [-2.4, 22.7, -26.25],
              "size": [2, 2, 4],
              "uv": [95, 24]
            },
            {
              "origin": [-3.3, 21.7, -12.5],
              "size": [4, 1, 1],
              "uv": [40, 19]
            },
            {
              "origin": [-7.3, 18.7, -19.5],
              "size": [1, 3, 6],
              "uv": [72, 90]
            },
            {
              "origin": [3.3, 18.7, -19.5],
              "size": [1, 3, 6],
              "uv": [72, 90],
              "mirror": true
            },
            {
              "origin": [-7.4, 12.7, -22.5],
              "size": [4, 1, 14],
              "inflate": 0.01,
              "uv": [0, 29]
            },
            {
              "origin": [0.7, 12.7, -22.5],
              "size": [4, 1, 14],
              "inflate": 0.01,
              "uv": [0, 29],
              "mirror": true
            },
            {
              "origin": [-7.65, 14.4, -22.875],
              "size": [4, 1, 18],
              "inflate": 0.01,
              "uv": [21, 0]
            },
            {
              "origin": [0.95, 14.4, -22.875],
              "size": [4, 1, 18],
              "inflate": 0.01,
              "uv": [21, 0],
              "mirror": true
            },
            {
              "origin": [-7.4, 9.7, -26.5],
              "size": [4, 1, 16],
              "inflate": 0.01,
              "uv": [24, 24]
            },
            {
              "origin": [0.7, 9.7, -26.5],
              "size": [4, 1, 16],
              "inflate": 0.01,
              "uv": [24, 24],
              "mirror": true
            },
            {
              "origin": [-7.4, 10.7, -25.5],
              "size": [3, 3, 3],
              "inflate": 0.01,
              "uv": [99, 41]
            },
            {
              "origin": [1.7, 10.7, -25.5],
              "size": [3, 3, 3],
              "inflate": 0.01,
              "uv": [99, 41],
              "mirror": true
            },
            {
              "origin": [-7.1, 14.7, -25.5],
              "size": [3, 3, 1],
              "inflate": 0.01,
              "uv": [71, 71]
            },
            {
              "origin": [1.4, 14.7, -25.5],
              "size": [3, 3, 1],
              "inflate": 0.01,
              "uv": [71, 71],
              "mirror": true
            },
            { "origin": [0.6, 12.7, -21.5], "size": [3, 4, 12], "uv": [47, 0] },
            {
              "origin": [-3.4, 13.1, -20.675],
              "size": [4, 3, 11],
              "uv": [63, 35]
            }
          ]
        },
        {
          "name": "light_slope1",
          "parent": "core_centre",
          "pivot": [-5.9, 15.575, -23.825],
          "rotation": [-40, 0, 0],
          "cubes": [
            {
              "origin": [-6.1, 15.075, -25.325],
              "size": [1, 1, 3],
              "inflate": 0.01,
              "uv": [66, 39]
            },
            {
              "origin": [2.4, 15.075, -25.325],
              "size": [1, 1, 3],
              "inflate": 0.01,
              "uv": [66, 39],
              "mirror": true
            }
          ]
        },
        {
          "name": "engine_part1",
          "parent": "shassis",
          "pivot": [0, 0, 0],
          "cubes": [
            { "origin": [-3, 4, -5], "size": [1, 5, 11], "uv": [64, 52] },
            {
              "origin": [-1, 4, -5],
              "size": [1, 5, 11],
              "uv": [64, 52],
              "mirror": true
            },
            { "origin": [-3, 9, -5], "size": [1, 2, 6], "uv": [93, 16] },
            {
              "origin": [0, 9, -5],
              "size": [1, 2, 6],
              "uv": [93, 16],
              "mirror": true
            },
            { "origin": [-3, 5, 6], "size": [1, 2, 2], "uv": [18, 52] },
            {
              "origin": [-1, 5, 6],
              "size": [1, 2, 2],
              "uv": [18, 52],
              "mirror": true
            },
            { "origin": [-7, 7, 5], "size": [5, 1, 5], "uv": [82, 36] },
            {
              "origin": [-1, 7, 5],
              "size": [5, 1, 5],
              "uv": [82, 36],
              "mirror": true
            },
            { "origin": [-4, 9.25, 3], "size": [2, 6, 2], "uv": [21, 0] },
            {
              "origin": [-0.825, 9.25, 3],
              "size": [2, 6, 2],
              "uv": [21, 0],
              "mirror": true
            },
            { "origin": [-5, 5, -4], "size": [3, 3, 3], "uv": [100, 0] },
            {
              "origin": [-1, 5, -4],
              "size": [3, 3, 3],
              "uv": [100, 0],
              "mirror": true
            },
            { "origin": [-4, 4, -5], "size": [1, 5, 5], "uv": [38, 58] },
            {
              "origin": [0, 4, -5],
              "size": [1, 5, 5],
              "uv": [38, 58],
              "mirror": true
            }
          ]
        },
        {
          "name": "central_pipe",
          "parent": "shassis",
          "pivot": [-0.42027, 15.985, -3.91668],
          "rotation": [95.75, 0, 0],
          "cubes": [
            {
              "origin": [-2.42027, -2.515, -4.91668],
              "size": [2, 27, 2],
              "inflate": 0.01,
              "uv": [28, 71]
            }
          ]
        },
        {
          "name": "handle",
          "parent": "shassis",
          "pivot": [-1, 22, 10]
        },
        {
          "name": "part1",
          "parent": "handle",
          "pivot": [10.125, 18.375, 18.175],
          "rotation": [21, -28, -39.25],
          "cubes": [
            {
              "origin": [-1.375, 31, 17.175],
              "size": [2, 7, 2],
              "inflate": 0.01,
              "uv": [46, 41]
            }
          ]
        },
        {
          "name": "part2",
          "parent": "part1",
          "pivot": [-0.375, 34.5, 18.175],
          "rotation": [0, 0, -55],
          "cubes": [
            {
              "origin": [1.06561, 35.68837, 17.175],
              "size": [2, 10, 2],
              "uv": [98, 98]
            },
            {
              "origin": [0.81656, 43.66658, 16.675],
              "size": [3, 5, 3],
              "uv": [97, 33]
            },
            {
              "origin": [6.09051, 39.69054, 19.025],
              "size": [4, 4, 2],
              "uv": [21, 11]
            }
          ]
        },
        {
          "name": "part4",
          "parent": "part1",
          "pivot": [-3.00123, 42.40016, 18.95],
          "rotation": [0, -20, -80],
          "cubes": [
            {
              "origin": [-5.50123, 41.90016, 18.45],
              "size": [5, 1, 1],
              "uv": [22, 41]
            }
          ]
        },
        {
          "name": "part3",
          "parent": "part1",
          "pivot": [-0.375, 34.5, 18.175],
          "rotation": [0, 0, -75],
          "cubes": [
            {
              "origin": [2.30608, 38.77239, 17.175],
              "size": [1, 5, 2],
              "uv": [32, 29]
            }
          ]
        },
        {
          "name": "part5",
          "parent": "handle",
          "pivot": [-12.5, 18.375, 18.175],
          "rotation": [21, 28, 39.25],
          "cubes": [
            {
              "origin": [-3, 31, 17.175],
              "size": [2, 7, 2],
              "inflate": 0.01,
              "uv": [46, 41],
              "mirror": true
            }
          ]
        },
        {
          "name": "part6",
          "parent": "part5",
          "pivot": [-2, 34.5, 18.175],
          "rotation": [0, 0, 55],
          "cubes": [
            {
              "origin": [-5.44061, 35.68837, 17.175],
              "size": [2, 10, 2],
              "uv": [98, 98],
              "mirror": true
            },
            {
              "origin": [-6.19156, 43.66658, 16.675],
              "size": [3, 5, 3],
              "uv": [97, 33],
              "mirror": true
            },
            {
              "origin": [-12.46551, 39.69054, 19.025],
              "size": [4, 4, 2],
              "uv": [21, 11],
              "mirror": true
            }
          ]
        },
        {
          "name": "part7",
          "parent": "part5",
          "pivot": [0.62623, 42.40016, 18.95],
          "rotation": [0, 20, 80],
          "cubes": [
            {
              "origin": [-1.87377, 41.90016, 18.45],
              "size": [5, 1, 1],
              "uv": [22, 41],
              "mirror": true
            }
          ]
        },
        {
          "name": "part8",
          "parent": "part5",
          "pivot": [-2, 34.5, 18.175],
          "rotation": [0, 0, 75],
          "cubes": [
            {
              "origin": [-5.68108, 38.77239, 17.175],
              "size": [1, 5, 2],
              "uv": [32, 29],
              "mirror": true
            }
          ]
        },
        {
          "name": "wheel2",
          "parent": "whole",
          "pivot": [-1.56636, 6.0248, 16.47287],
          "cubes": [
            { "origin": [-3, 0, 14], "size": [3, 3, 5], "uv": [90, 74] },
            {
              "origin": [-3.02, 9.09935, 14],
              "size": [3, 3, 5],
              "inflate": 0.01,
              "uv": [90, 8]
            },
            {
              "origin": [-3.03, 3.54968, 10.45032],
              "size": [3, 5, 3],
              "inflate": 0.01,
              "uv": [72, 99]
            },
            {
              "origin": [-3.02, 4.54968, 14.95032],
              "size": [3, 3, 3],
              "inflate": 0.01,
              "uv": [31, 101]
            },
            {
              "origin": [-2.02, 4.79968, 12.95032],
              "size": [1, 2, 8],
              "inflate": 0.01,
              "uv": [56, 35]
            },
            {
              "origin": [-2.02, 2.79968, 15.45032],
              "size": [1, 7, 2],
              "inflate": 0.01,
              "uv": [65, 0]
            },
            {
              "origin": [-3.02, 3.54968, 19.45032],
              "size": [3, 5, 3],
              "uv": [0, 99]
            }
          ]
        },
        {
          "name": "slope5",
          "parent": "wheel2",
          "pivot": [-1.5, 1.5, 23.5],
          "rotation": [45, 0, 0],
          "cubes": [
            {
              "origin": [-3.02, 3.63132, 19.26736],
              "size": [3, 3, 5],
              "inflate": 0.03,
              "uv": [56, 90]
            }
          ]
        },
        {
          "name": "slope6",
          "parent": "wheel2",
          "pivot": [-1.5, -1.5, 23.5],
          "rotation": [-45, 0, 0],
          "cubes": [
            {
              "origin": [-3.04, 1.85396, 10.64157],
              "size": [3, 3, 5],
              "inflate": 0.04,
              "uv": [88, 44]
            }
          ]
        },
        {
          "name": "slope7",
          "parent": "wheel2",
          "pivot": [-1.5, 1.5, 23.5],
          "rotation": [45, 0, 0],
          "cubes": [
            {
              "origin": [-3.02, 3.21711, 12.61051],
              "size": [3, 3, 5],
              "inflate": 0.03,
              "pivot": [0, 6.13132, 18.64604],
              "rotation": [-90, 0, 0],
              "uv": [84, 0]
            }
          ]
        },
        {
          "name": "slope8",
          "parent": "wheel2",
          "pivot": [-1.5, -1.5, 23.5],
          "rotation": [-45, 0, 0],
          "cubes": [
            {
              "origin": [-3.035, 2.33843, 4.05497],
              "size": [3, 3, 5],
              "inflate": 0.03,
              "pivot": [-0.01, 2.42421, 10.09051],
              "rotation": [90, 0, 0],
              "uv": [18, 44]
            }
          ]
        }
      ]
    },
    {
      "description": {
        "identifier": "geometry.policebike.player",
        "texture_width": 64,
        "texture_height": 64,
        "visible_bounds_width": 3,
        "visible_bounds_height": 2,
        "visible_bounds_offset": [0, 0, 0]
      },
      "bones": [
        {
          "name": "player",
          "pivot": [0, 0, 4]
        },
        {
          "name": "ertetr",
          "parent": "player",
          "pivot": [-6, 10, 2],
          "mirror": true,
          "cubes": [
            {
              "origin": [-8, 0, 0],
              "size": [4, 12, 4],
              "uv": [0, 16],
              "mirror": false
            }
          ]
        },
        {
          "name": "ertert",
          "parent": "player",
          "pivot": [6, 10, 2],
          "mirror": true,
          "cubes": [
            {
              "origin": [4, 0, 0],
              "size": [4, 12, 4],
              "uv": [0, 16],
              "mirror": false
            }
          ]
        },
        {
          "name": "ew34df",
          "parent": "player",
          "pivot": [9, 22.84524, -4.81262],
          "rotation": [-95, -35, 0],
          "mirror": true,
          "cubes": [
            {
              "origin": [7, 18.48339, -4.76049],
              "size": [4, 12, 4],
              "uv": [40, 16],
              "mirror": false
            }
          ]
        },
        {
          "name": "dfdfrt",
          "parent": "player",
          "pivot": [-9.4, 22.84524, -4.81262],
          "rotation": [-95, 35, 0],
          "mirror": true,
          "cubes": [
            {
              "origin": [-11.4, 18.48339, -4.76049],
              "size": [4, 12, 4],
              "uv": [40, 16]
            }
          ]
        },
        {
          "name": "body",
          "parent": "player",
          "pivot": [0, 23, 1],
          "rotation": [5, 0, 0],
          "mirror": true,
          "cubes": [
            {
              "origin": [-4, 11, -1],
              "size": [8, 12, 4],
              "uv": [16, 16]
            }
          ]
        },
        {
          "name": "head",
          "parent": "player",
          "pivot": [0, 23, 1],
          "rotation": [5, 0, 0],
          "mirror": true,
          "cubes": [
            {
              "origin": [-4, 23, -3],
              "size": [8, 8, 8],
              "uv": [0, 0]
            }
          ]
        }
      ]
    }
  ]
}
