{
  "format_version": "1.12.0",
  "minecraft:geometry": [
    {
      "description": {
        "identifier": "geometry.redclassicbike",
        "texture_width": 128,
        "texture_height": 128,
        "visible_bounds_width": 15,
        "visible_bounds_height": 13,
        "visible_bounds_offset": [0, -0.5, 0]
      },
      "bones": [
        {
          "name": "wheel2",
          "pivot": [-1.60818, 6.82317, 22.06274],
          "cubes": [
            {
              "origin": [-3, 0, 19.25],
              "size": [3, 3, 5.75],
              "uv": [99, 46]
            },
            {
              "origin": [-2.99, 11.13587, 19.25414],
              "size": [3, 3, 5.75],
              "inflate": 0.01,
              "uv": [43, 99]
            },
            {
              "origin": [-2.99, 4.09001, 15.17999],
              "size": [3, 6, 2.75],
              "inflate": 0.01,
              "uv": [38, 66]
            },
            {
              "origin": [-1.52, 2.29968, 17.20032],
              "size": [0, 9, 9.75],
              "inflate": 0.01,
              "uv": [0, 0]
            },
            {
              "origin": [-2.02, 5.79968, 17.20032],
              "size": [1, 2, 10.75],
              "inflate": 0.01,
              "uv": [84, 84]
            },
            {
              "origin": [-2.02, 2.79968, 21.20032],
              "size": [1, 9, 1.75],
              "inflate": 0.02,
              "uv": [60, 19]
            },
            {
              "origin": [-3, 4.08001, 26.33001],
              "size": [3, 6, 2.75],
              "uv": [19, 64]
            }
          ]
        },
        {
          "name": "slope5",
          "parent": "wheel2",
          "pivot": [-1.5, 1.5, 29.5],
          "rotation": [45, 0, 0],
          "cubes": [
            {
              "origin": [-2.99, 3.63132, 25.26736],
              "size": [3, 3, 5.75],
              "inflate": 0.02,
              "uv": [97, 37]
            }
          ]
        },
        {
          "name": "slope6",
          "parent": "wheel2",
          "pivot": [-1.5, -1.5, 29.5],
          "rotation": [-45, 0, 0],
          "cubes": [
            {
              "origin": [-3, 3.39132, 15.26472],
              "size": [3, 3, 5.75],
              "inflate": 0.01,
              "uv": [27, 97]
            }
          ]
        },
        {
          "name": "slope7",
          "parent": "wheel2",
          "pivot": [-1.5, 1.5, 29.5],
          "rotation": [45, 0, 0],
          "cubes": [
            {
              "origin": [-2.99, 3.74744, 17.33018],
              "size": [3, 3, 5.75],
              "inflate": 0.02,
              "pivot": [0.03, 6.66165, 24.11571],
              "rotation": [-90, 0, 0],
              "uv": [11, 97]
            }
          ]
        },
        {
          "name": "slope8",
          "parent": "wheel2",
          "pivot": [-1.5, -1.5, 29.5],
          "rotation": [-45, 0, 0],
          "cubes": [
            {
              "origin": [-2.99, 2.27936, 8.30339],
              "size": [3, 3, 5.75],
              "inflate": 0.02,
              "pivot": [0.035, 2.36514, 14.08893],
              "rotation": [90, 0, 0],
              "uv": [96, 81]
            }
          ]
        },
        {
          "name": "shassis",
          "pivot": [0, 0, 0]
        },
        {
          "name": "base1",
          "parent": "shassis",
          "pivot": [0, 0, 0],
          "cubes": [
            {
              "origin": [-3, 2, -6],
              "size": [3, 1, 12],
              "uv": [67, 0]
            },
            {
              "origin": [-2, 3, -7],
              "size": [1, 10, 14],
              "uv": [60, 37]
            },
            {
              "origin": [-3, 4, -9],
              "size": [3, 1, 18],
              "uv": [23, 0]
            },
            {
              "origin": [-6, 5.5, -6],
              "size": [2, 2, 15],
              "uv": [19, 66]
            },
            {
              "origin": [1, 5.5, -6],
              "size": [2, 2, 15],
              "uv": [19, 66],
              "mirror": true
            },
            {
              "origin": [-6, 9.5, 4],
              "size": [2, 2, 10],
              "uv": [0, 81]
            },
            {
              "origin": [1, 9.5, 4],
              "size": [2, 2, 10],
              "uv": [0, 81],
              "mirror": true
            },
            {
              "origin": [-4, 5.5, -6],
              "size": [5, 2, 2],
              "uv": [48, 66]
            },
            {
              "origin": [-6.5, 5, 9],
              "size": [3, 3, 15],
              "uv": [61, 61]
            },
            {
              "origin": [0.5, 5, 9],
              "size": [3, 3, 15],
              "uv": [61, 61],
              "mirror": true
            },
            {
              "origin": [-6.5, 9, 14],
              "size": [3, 3, 16],
              "uv": [38, 47]
            },
            {
              "origin": [0.5, 9, 14],
              "size": [3, 3, 16],
              "uv": [38, 47],
              "mirror": true
            },
            {
              "origin": [-3.5, 3, -9],
              "size": [4, 4, 2],
              "inflate": 0.01,
              "uv": [67, 6]
            },
            {
              "origin": [-3.5, 7.75, 0],
              "size": [4, 2, 4],
              "inflate": 0.01,
              "uv": [48, 28]
            },
            {
              "origin": [-4.5, 7.75, -4.5],
              "size": [6, 4, 4],
              "inflate": 0.01,
              "uv": [0, 32]
            },
            {
              "origin": [-4.5, 12.75, -5.5],
              "size": [6, 6, 6],
              "inflate": 0.01,
              "uv": [70, 79]
            },
            {
              "origin": [-2.5, 18.75, -3.5],
              "size": [2, 3, 2],
              "inflate": 0.02,
              "uv": [88, 21]
            },
            {
              "origin": [-1.5, 17.75, -11.5],
              "size": [0, 5, 18],
              "inflate": 0.01,
              "uv": [24, 5]
            },
            {
              "origin": [-5.5, 8.75, -3.5],
              "size": [8, 2, 2],
              "inflate": 0.01,
              "uv": [24, 36]
            },
            {
              "origin": [-5.5, 13.75, -4.5],
              "size": [8, 4, 4],
              "inflate": 0.01,
              "uv": [48, 37]
            },
            {
              "origin": [-3.5, 3.5, -7],
              "size": [4, 2, 2],
              "inflate": 0.01,
              "uv": [57, 79]
            }
          ]
        },
        {
          "name": "sloped_pipe",
          "parent": "base1",
          "pivot": [-5, 6.5, -5.5],
          "rotation": [-80, 0, 0],
          "cubes": [
            {
              "origin": [-6.21, 5.68813, -19.73132],
              "size": [2, 2, 15],
              "pivot": [-5.01, 6.68813, -5.23132],
              "rotation": [10, -10, 0],
              "uv": [0, 64]
            },
            {
              "origin": [1.35558, 5.77859, -20.24435],
              "size": [2, 2, 15],
              "pivot": [5.01, 6.68813, -5.23132],
              "rotation": [10, 10, 0],
              "uv": [0, 64],
              "mirror": true
            }
          ]
        },
        {
          "name": "sloped_pipe3",
          "parent": "base1",
          "pivot": [-1.61371, 6.23556, -8.40888],
          "rotation": [-80, 0, -10],
          "cubes": [
            {
              "origin": [-2.62371, 5.42369, -27.64019],
              "size": [2, 2, 20],
              "pivot": [-1.62371, 6.42369, -8.14019],
              "rotation": [10, -10, 0],
              "uv": [0, 23]
            }
          ]
        },
        {
          "name": "sloped_pipe4",
          "parent": "base1",
          "pivot": [-1.57707, 13.58048, 9.92421],
          "rotation": [-15, 0, 0],
          "cubes": [
            {
              "origin": [-4.57707, 11.83048, 5.42421],
              "size": [6, 4, 6],
              "uv": [18, 87]
            },
            {
              "origin": [-2.57707, 9.83048, 2.42421],
              "size": [2, 7, 13],
              "uv": [40, 70]
            }
          ]
        },
        {
          "name": "sloped_pipe6",
          "parent": "base1",
          "pivot": [-4.07707, 14.33048, 18.92421],
          "rotation": [25, 0, 0],
          "cubes": [
            {
              "origin": [-4.57707, 13.33048, 15.42421],
              "size": [1, 2, 7],
              "uv": [0, 93]
            },
            {
              "origin": [0.42293, 13.33048, 15.42421],
              "size": [1, 2, 7],
              "uv": [90, 51]
            },
            {
              "origin": [-4.57707, 15.33048, 15.42421],
              "size": [6, 2, 7],
              "uv": [85, 0]
            }
          ]
        },
        {
          "name": "sloped_pipe9",
          "parent": "base1",
          "pivot": [-4.07707, 13.67822, -22.69999],
          "rotation": [25, 0, 0],
          "cubes": [
            {
              "origin": [-4.57707, 12.67822, -26.19999],
              "size": [1, 2, 7],
              "uv": [0, 93]
            },
            {
              "origin": [0.42293, 12.67822, -26.19999],
              "size": [1, 2, 7],
              "uv": [90, 51]
            },
            {
              "origin": [-4.57707, 14.67822, -26.19999],
              "size": [6, 2, 7],
              "uv": [85, 0]
            }
          ]
        },
        {
          "name": "sloped_pipe7",
          "parent": "base1",
          "pivot": [-1.57707, 14.99715, 26.07579],
          "rotation": [-25, 0, 0],
          "cubes": [
            {
              "origin": [-4.57707, 13.24793, 22.54655],
              "size": [1, 2, 7],
              "uv": [57, 66]
            },
            {
              "origin": [0.42293, 13.24793, 22.54655],
              "size": [1, 2, 7],
              "uv": [23, 9]
            },
            {
              "origin": [-4.57707, 15.24793, 22.54655],
              "size": [6, 2, 7],
              "uv": [82, 61]
            }
          ]
        },
        {
          "name": "sloped_pipe8",
          "parent": "base1",
          "pivot": [-1.57707, 14.99715, 26.07579],
          "cubes": [
            {
              "origin": [-4.57707, 14.52857, 20.82844],
              "size": [1, 2, 3],
              "inflate": 0.01,
              "uv": [68, 18]
            },
            {
              "origin": [0.42293, 14.52857, 20.82844],
              "size": [1, 2, 3],
              "inflate": 0.01,
              "uv": [32, 9]
            },
            {
              "origin": [0.92293, 14.52857, 22.82844],
              "size": [2, 2, 3],
              "inflate": 0.01,
              "uv": [83, 13]
            },
            {
              "origin": [-5.92293, 14.52857, 22.82844],
              "size": [2, 2, 3],
              "inflate": 0.01,
              "uv": [66, 66]
            },
            {
              "origin": [-4.57707, 16.52857, 20.82844],
              "size": [6, 2, 3],
              "inflate": 0.01,
              "uv": [68, 28]
            }
          ]
        },
        {
          "name": "sloped_pipe5",
          "parent": "base1",
          "pivot": [-1.57707, 19.83048, 7.42421],
          "rotation": [-40, 0, 0],
          "cubes": [
            {
              "origin": [-3.57707, 19.00322, 6.74641],
              "size": [1, 2, 21],
              "inflate": 0.01,
              "uv": [0, 0]
            },
            {
              "origin": [0.42293, 19.00322, 6.74641],
              "size": [1, 2, 21],
              "inflate": 0.01,
              "uv": [0, 0]
            }
          ]
        },
        {
          "name": "sloped_pipe2",
          "parent": "base1",
          "pivot": [-5.01, 0.11029, 7.37454],
          "rotation": [-90, 0, 0],
          "cubes": [
            {
              "origin": [0.94511, -3.24543, -11.85778],
              "size": [2, 2, 9],
              "inflate": 0.01,
              "pivot": [4.89953, -0.36627, -2.49746],
              "rotation": [10, 10, 0],
              "uv": [57, 90],
              "mirror": true
            },
            {
              "origin": [-5.89953, -3.33589, -11.34475],
              "size": [2, 2, 9],
              "inflate": 0.01,
              "pivot": [-4.89953, -0.36627, -2.49746],
              "rotation": [10, -10, 0],
              "uv": [88, 70]
            }
          ]
        },
        {
          "name": "connecting_rod",
          "parent": "base1",
          "pivot": [-5, 10.5, 3],
          "rotation": [-55, 0, 0],
          "cubes": [
            {
              "origin": [-5, 12.1383, 5.14715],
              "size": [1, 1, 5],
              "uv": [67, 0]
            }
          ]
        },
        {
          "name": "fuel_tank",
          "parent": "base1",
          "pivot": [-1.5, 24.25, -0.5],
          "rotation": [-10, 0, 0],
          "cubes": [
            {
              "origin": [-4.5, 21.75, 0.5],
              "size": [6, 4, 5],
              "inflate": 0.01,
              "uv": [90, 28]
            },
            {
              "origin": [-4.5, 21.75, -8.5],
              "size": [6, 6, 9],
              "inflate": 0.01,
              "uv": [21, 47]
            },
            {
              "origin": [-2.5, 20.5, -7.5],
              "size": [2, 2, 16],
              "inflate": 0.01,
              "uv": [48, 19]
            },
            {
              "origin": [-2.5, 27.75, -6.5],
              "size": [2, 1, 2],
              "inflate": 0.01,
              "uv": [0, 40]
            }
          ]
        },
        {
          "name": "seat",
          "parent": "base1",
          "pivot": [-1.5, 22.30507, 11.3025],
          "rotation": [-10, 0, 0],
          "cubes": [
            {
              "origin": [-4.5, 19.49257, 7.3025],
              "size": [6, 2, 8],
              "inflate": 0.01,
              "uv": [68, 18]
            },
            {
              "origin": [-4.5, 21.49257, 7.3025],
              "size": [6, 1, 2],
              "inflate": 0.01,
              "uv": [0, 18]
            },
            {
              "origin": [-2.5, 18.24257, 5.3025],
              "size": [2, 2, 16],
              "inflate": 0.02,
              "uv": [47, 0]
            }
          ]
        },
        {
          "name": "seat2",
          "parent": "base1",
          "pivot": [-1.5, 20.11144, 14.5047],
          "rotation": [30, 0, 0],
          "cubes": [
            {
              "origin": [-4.51, 19.04315, 13.79952],
              "size": [6, 3, 6],
              "inflate": 0.03,
              "uv": [42, 90]
            }
          ]
        },
        {
          "name": "sloped_engine",
          "parent": "base1",
          "pivot": [-1.5, 15.75, -2.5],
          "rotation": [25, 0, 0],
          "cubes": [
            {
              "origin": [-3.5, 13.75, -8.5],
              "size": [4, 7, 4],
              "inflate": 0.01,
              "uv": [47, 0]
            },
            {
              "origin": [-4, 18.75, -8.5],
              "size": [5, 3, 5],
              "inflate": 0.02,
              "uv": [0, 0]
            },
            {
              "origin": [-3.5, 12.75, -7.5],
              "size": [4, 1, 3],
              "inflate": 0.01,
              "uv": [60, 47]
            }
          ]
        },
        {
          "name": "sloped_engine2",
          "parent": "base1",
          "pivot": [-1.3, 15.75, -2.3],
          "rotation": [-25, 0, 0],
          "cubes": [
            {
              "origin": [-3.3, 13.75, -0.3],
              "size": [4, 7, 4],
              "inflate": 0.01,
              "uv": [0, 45]
            },
            {
              "origin": [-3.8, 18.75, -1.3],
              "size": [5, 3, 5],
              "inflate": 0.02,
              "uv": [24, 28]
            },
            {
              "origin": [-3.3, 12.75, -0.3],
              "size": [4, 1, 3],
              "inflate": 0.01,
              "uv": [44, 19]
            }
          ]
        },
        {
          "name": "base_slope",
          "parent": "base1",
          "pivot": [-0.5, 2.5, 0],
          "rotation": [35, 0, 0],
          "cubes": [
            {
              "origin": [-3, -1.35103, 4.62812],
              "size": [3, 1, 3],
              "inflate": 0.03,
              "uv": [24, 83]
            }
          ]
        },
        {
          "name": "base_slope2",
          "parent": "base1",
          "pivot": [-0.5, 2.5, 0],
          "rotation": [-35, 0, 0],
          "cubes": [
            {
              "origin": [-3, -1.35103, -7.62812],
              "size": [3, 1, 3],
              "inflate": 0.03,
              "uv": [82, 70]
            }
          ]
        },
        {
          "name": "link1",
          "parent": "shassis",
          "pivot": [-1, 22.53407, -10.24118],
          "rotation": [15, 0, 0],
          "cubes": [
            {
              "origin": [-2.5, 21.03407, -13.74118],
              "size": [2, 3, 6],
              "uv": [73, 95]
            }
          ]
        },
        {
          "name": "link2",
          "parent": "shassis",
          "pivot": [-1.5, 25.53407, -10.24118],
          "cubes": [
            {
              "origin": [-2.5, 24.03407, -17.74118],
              "size": [2, 4, 10],
              "uv": [76, 28]
            },
            {
              "origin": [-3.5, 25.03407, -22.74118],
              "size": [4, 4, 5],
              "uv": [23, 0]
            },
            {
              "origin": [-4.5, 24.03407, -21.74118],
              "size": [6, 6, 2],
              "uv": [89, 96]
            }
          ]
        },
        {
          "name": "front_attach",
          "parent": "shassis",
          "pivot": [1.51, 7.05753, -22.14343],
          "rotation": [-105, 0, 0],
          "cubes": [
            {
              "origin": [0.01, 6.07816, -38.80419],
              "size": [2, 2, 17.75],
              "inflate": 0.02,
              "uv": [0, 45]
            },
            {
              "origin": [-4.99, 6.07816, -38.80419],
              "size": [2, 2, 17.75],
              "inflate": 0.02,
              "uv": [0, 45]
            },
            {
              "origin": [-4.99, 5.07816, -39.59419],
              "size": [7, 4, 1.75],
              "inflate": 0.03,
              "uv": [47, 11]
            },
            {
              "origin": [-4.99, 5.07816, -49.14419],
              "size": [7, 4, 1.75],
              "inflate": 0.02,
              "uv": [0, 56]
            },
            {
              "origin": [-4.99, 6.07816, -47.39419],
              "size": [7, 2, 8],
              "inflate": 0.02,
              "uv": [0, 115]
            },
            {
              "origin": [-0.49, 5.44876, -36.07123],
              "size": [3, 3, 1],
              "inflate": 0.02,
              "uv": [103, 24]
            },
            {
              "origin": [-5.49, 5.44876, -36.07123],
              "size": [3, 3, 1],
              "inflate": 0.02,
              "uv": [103, 24]
            },
            {
              "origin": [-0.49, 5.44876, -33.57123],
              "size": [3, 3, 1],
              "inflate": 0.02,
              "uv": [22, 97]
            },
            {
              "origin": [-5.49, 5.44876, -33.57123],
              "size": [3, 3, 1],
              "inflate": 0.02,
              "uv": [22, 97]
            },
            {
              "origin": [-0.49, 5.44876, -37.32123],
              "size": [3, 3, 1],
              "inflate": 0.02,
              "uv": [101, 63]
            },
            {
              "origin": [-5.49, 5.44876, -37.32123],
              "size": [3, 3, 1],
              "inflate": 0.02,
              "uv": [101, 63]
            },
            {
              "origin": [-0.49, 5.44876, -34.82123],
              "size": [3, 3, 1],
              "inflate": 0.02,
              "uv": [96, 89]
            },
            {
              "origin": [-5.49, 5.44876, -34.82123],
              "size": [3, 3, 1],
              "inflate": 0.02,
              "uv": [96, 89]
            }
          ]
        },
        {
          "name": "handle",
          "parent": "shassis",
          "pivot": [-1.6, 37.3, -17.5]
        },
        {
          "name": "handle3",
          "parent": "handle",
          "pivot": [-7, -6, -18],
          "rotation": [0, -10, 10]
        },
        {
          "name": "handle_part3",
          "parent": "handle3",
          "pivot": [-7, 31, -18],
          "cubes": [
            {
              "origin": [-7.5, 31, -19.5],
              "size": [3, 2, 3],
              "uv": [38, 74],
              "mirror": true
            },
            {
              "origin": [-7, 30, -19],
              "size": [2, 9, 2],
              "inflate": 0.01,
              "uv": [21, 45],
              "mirror": true
            },
            {
              "origin": [-3, 39, -18],
              "size": [1, 4, 1],
              "inflate": 0.01,
              "uv": [0, 0],
              "mirror": true
            },
            {
              "origin": [-3, 42, -17],
              "size": [1, 1, 2],
              "inflate": 0.01,
              "uv": [15, 0],
              "mirror": true
            },
            {
              "origin": [-5, 41, -15],
              "size": [5, 5, 1],
              "inflate": 0.01,
              "uv": [42, 47],
              "mirror": true
            }
          ]
        },
        {
          "name": "handle_part4",
          "parent": "handle3",
          "pivot": [-7, 30, -18],
          "rotation": [-25, 0, 80],
          "cubes": [
            {
              "origin": [-16.01597, 38.77887, -20.89919],
              "size": [3, 2, 3],
              "uv": [19, 72],
              "mirror": true
            },
            {
              "origin": [-15.51597, 32.77887, -20.39919],
              "size": [2, 13, 2],
              "uv": [0, 64],
              "mirror": true
            }
          ]
        },
        {
          "name": "handle1",
          "parent": "handle",
          "pivot": [4, -6, -18],
          "rotation": [0, 10, -10]
        },
        {
          "name": "handle_part",
          "parent": "handle1",
          "pivot": [4, 31, -18],
          "cubes": [
            {
              "origin": [1.5, 31, -19.5],
              "size": [3, 2, 3],
              "uv": [38, 74]
            },
            {
              "origin": [2, 30, -19],
              "size": [2, 9, 2],
              "inflate": 0.01,
              "uv": [21, 45]
            },
            {
              "origin": [-1, 39, -18],
              "size": [1, 4, 1],
              "inflate": 0.01,
              "uv": [0, 0]
            },
            {
              "origin": [-1, 42, -17],
              "size": [1, 1, 2],
              "inflate": 0.01,
              "uv": [15, 0]
            },
            {
              "origin": [-3, 41, -15],
              "size": [5, 5, 1],
              "inflate": 0.01,
              "uv": [42, 47]
            }
          ]
        },
        {
          "name": "handle_part2",
          "parent": "handle1",
          "pivot": [4, 30, -18],
          "rotation": [-25, 0, -80],
          "cubes": [
            {
              "origin": [10.01597, 38.77887, -20.89919],
              "size": [3, 2, 3],
              "uv": [19, 72]
            },
            {
              "origin": [10.51597, 32.77887, -20.39919],
              "size": [2, 13, 2],
              "uv": [0, 64]
            }
          ]
        },
        {
          "name": "wheel3",
          "pivot": [-1.50818, 6.79818, -22.25317],
          "cubes": [
            {
              "origin": [-3, 0, -25.05],
              "size": [3, 3, 5.75],
              "uv": [99, 46]
            },
            {
              "origin": [-2.99, 11.13587, -25.04586],
              "size": [3, 3, 5.75],
              "inflate": 0.01,
              "uv": [43, 99]
            },
            {
              "origin": [-2.99, 4.09001, -29.12001],
              "size": [3, 6, 2.75],
              "inflate": 0.01,
              "uv": [38, 66]
            },
            {
              "origin": [-1.52, 2.29968, -27.09968],
              "size": [0, 9, 9.75],
              "inflate": 0.01,
              "uv": [0, 0]
            },
            {
              "origin": [-2.02, 5.79968, -27.09968],
              "size": [1, 2, 10.75],
              "inflate": 0.01,
              "uv": [84, 84]
            },
            {
              "origin": [-2.02, 2.79968, -23.09968],
              "size": [1, 9, 1.75],
              "inflate": 0.02,
              "uv": [60, 19]
            },
            {
              "origin": [-3, 4.08001, -17.96999],
              "size": [3, 6, 2.75],
              "uv": [19, 64]
            }
          ]
        },
        {
          "name": "slope2",
          "parent": "wheel3",
          "pivot": [-1.5, 1.5, -14.8],
          "rotation": [45, 0, 0],
          "cubes": [
            {
              "origin": [-2.99, 3.63132, -19.03264],
              "size": [3, 3, 5.75],
              "inflate": 0.02,
              "uv": [97, 37]
            }
          ]
        },
        {
          "name": "slope3",
          "parent": "wheel3",
          "pivot": [-1.5, -1.5, -14.8],
          "rotation": [-45, 0, 0],
          "cubes": [
            {
              "origin": [-3, 3.39132, -29.03528],
              "size": [3, 3, 5.75],
              "inflate": 0.01,
              "uv": [27, 97]
            }
          ]
        },
        {
          "name": "slope4",
          "parent": "wheel3",
          "pivot": [-1.5, 1.5, -14.8],
          "rotation": [45, 0, 0],
          "cubes": [
            {
              "origin": [-2.99, 3.74744, -26.96982],
              "size": [3, 3, 5.75],
              "inflate": 0.02,
              "pivot": [0.03, 6.66165, -20.18429],
              "rotation": [-90, 0, 0],
              "uv": [11, 97]
            }
          ]
        },
        {
          "name": "slope9",
          "parent": "wheel3",
          "pivot": [-1.5, -1.5, -14.8],
          "rotation": [-45, 0, 0],
          "cubes": [
            {
              "origin": [-2.99, 2.27936, -35.99661],
              "size": [3, 3, 5.75],
              "inflate": 0.02,
              "pivot": [0.035, 2.36514, -30.21107],
              "rotation": [90, 0, 0],
              "uv": [96, 81]
            }
          ]
        }
      ]
    },
    {
      "description": {
        "identifier": "geometry.redclassicbike.player",
        "texture_width": 64,
        "texture_height": 64,
        "visible_bounds_width": 3,
        "visible_bounds_height": 2,
        "visible_bounds_offset": [0, 0, 0]
      },
      "bones": [
        {
          "name": "player",
          "pivot": [0, 0, 0]
        },
        {
          "name": "qe3qwewq",
          "parent": "player",
          "pivot": [6.1, 9, 9],
          "mirror": true,
          "cubes": [
            { "origin": [4.1, 0, 7], "size": [4, 12, 4], "uv": [0, 16] }
          ]
        },
        {
          "name": "qweqwe",
          "parent": "player",
          "pivot": [-5.7, 9, 9],
          "mirror": true,
          "cubes": [
            {
              "origin": [-7.7, 0, 7],
              "size": [4, 12, 4],
              "uv": [0, 16],
              "mirror": false
            }
          ]
        },
        {
          "name": "qwegg",
          "parent": "player",
          "pivot": [-4.8, 21.84524, 2.18738],
          "rotation": [-145, 40, -30],
          "mirror": true,
          "cubes": [
            {
              "origin": [-7.8, 11.84524, 0.18738],
              "size": [4, 12, 4],
              "uv": [40, 16],
              "mirror": false
            }
          ]
        },
        {
          "name": "fdf",
          "parent": "player",
          "pivot": [5.2, 21.84524, 2.18738],
          "rotation": [-135, -45, 10],
          "mirror": true,
          "cubes": [
            {
              "origin": [4.2, 11.84524, 0.18738],
              "size": [4, 12, 4],
              "uv": [40, 16]
            }
          ]
        },
        {
          "name": "body",
          "parent": "player",
          "pivot": [0.2, 23, 4],
          "rotation": [30, 0, 0],
          "mirror": true,
          "cubes": [
            { "origin": [-3.8, 11, 2], "size": [8, 12, 4], "uv": [16, 16] }
          ]
        },
        {
          "name": "head",
          "parent": "player",
          "pivot": [0.2, 23, 2],
          "mirror": true,
          "cubes": [
            { "origin": [-3.8, 23, -2], "size": [8, 8, 8], "uv": [0, 0] }
          ]
        }
      ]
    }
  ]
}
