{
  "format_version": "1.12.0",
  "minecraft:geometry": [
    {
      "description": {
        "identifier": "geometry.scifibike",
        "texture_width": 256,
        "texture_height": 256,
        "visible_bounds_width": 15,
        "visible_bounds_height": 13,
        "visible_bounds_offset": [0, -0.5, 0]
      },
      "bones": [
        {
          "name": "shassis",
          "pivot": [0, 0, 0]
        },
        {
          "name": "front",
          "parent": "shassis",
          "pivot": [-3, 8.325, -22]
        },
        {
          "name": "front_sleeve2",
          "parent": "front",
          "pivot": [-3.5, 12.325, -23],
          "cubes": [
            {
              "origin": [-5, 8.82188, -20.85332],
              "size": [2, 6, 1],
              "uv": [95, 79]
            },
            {
              "origin": [0, 8.82188, -20.85332],
              "size": [2, 6, 1],
              "uv": [30, 88]
            },
            {
              "origin": [-5, 8.82188, -23.85332],
              "size": [2, 6, 3],
              "uv": [42, 55]
            },
            {
              "origin": [-5, 13.82188, -23.85332],
              "size": [7, 2, 4],
              "inflate": 0.01,
              "uv": [0, 16]
            },
            {
              "origin": [-5, 14.82188, -24.85332],
              "size": [7, 1, 1],
              "inflate": 0.01,
              "uv": [45, 17]
            },
            {
              "origin": [0, 8.82188, -23.85332],
              "size": [2, 6, 3],
              "uv": [0, 0]
            },
            {
              "origin": [-4, 4.82188, -24.85332],
              "size": [1, 4, 4],
              "uv": [58, 55]
            },
            {
              "origin": [-0.175, 4.82188, -24.85332],
              "size": [1, 4, 4],
              "uv": [58, 55],
              "mirror": true
            },
            {
              "origin": [-4, 4.82188, -19.85332],
              "size": [1, 1, 3],
              "uv": [89, 48]
            },
            {
              "origin": [-0.175, 4.82188, -19.85332],
              "size": [1, 1, 3],
              "uv": [89, 48],
              "mirror": true
            },
            {
              "origin": [-4, 5.82188, -20.85332],
              "size": [1, 2, 2],
              "uv": [35, 28]
            },
            {
              "origin": [-0.175, 5.82188, -20.85332],
              "size": [1, 2, 2],
              "uv": [35, 28],
              "mirror": true
            },
            {
              "origin": [-4, 7.82188, -20.85332],
              "size": [1, 1, 3],
              "uv": [71, 10]
            },
            {
              "origin": [-0.175, 7.82188, -20.85332],
              "size": [1, 1, 3],
              "uv": [71, 10],
              "mirror": true
            }
          ]
        },
        {
          "name": "front_sleeve",
          "parent": "front",
          "pivot": [-3.5, 12.325, -23],
          "rotation": [20, 0, 0],
          "cubes": [
            {
              "origin": [-5, 7.41042, -24.94231],
              "size": [2, 2, 4],
              "inflate": 0.01,
              "uv": [93, 6]
            },
            {
              "origin": [0, 7.41042, -24.94231],
              "size": [2, 2, 4],
              "inflate": 0.01,
              "uv": [93, 0]
            }
          ]
        },
        {
          "name": "front_pole",
          "parent": "shassis",
          "pivot": [-1.5, 18, -19.5],
          "rotation": [-35, 0, 0],
          "cubes": [
            {
              "origin": [-2.5, 15.15509, -19.78062],
              "size": [2, 25, 2],
              "uv": [0, 96]
            },
            {
              "origin": [-3.5, 37.38009, -20.78062],
              "size": [4, 3, 4],
              "uv": [77, 48]
            },
            {
              "origin": [-2.025, 23.15509, -20.78062],
              "size": [1, 5, 1],
              "uv": [18, 0]
            },
            {
              "origin": [-3, 21.15509, -20.28062],
              "size": [3, 2, 3],
              "uv": [85, 55]
            },
            {
              "origin": [-3.5, 34.15509, -20.78062],
              "size": [4, 2, 4],
              "uv": [16, 116]
            }
          ]
        },
        {
          "name": "front_head",
          "parent": "shassis",
          "pivot": [-0.5, 0.5, 0.5]
        },
        {
          "name": "front_head2",
          "parent": "shassis",
          "pivot": [-0.5, 0.5, 0.5],
          "cubes": [
            { "origin": [-2, 23, -19], "size": [1, 1, 2], "uv": [18, 33] },
            { "origin": [-5.5, 23, -22.95], "size": [8, 0, 8], "uv": [19, 0] }
          ]
        },
        {
          "name": "front_slope",
          "parent": "front_head2",
          "pivot": [-5.27493, 26.30334, -31.85717],
          "rotation": [-25, 25, 0],
          "cubes": [
            {
              "origin": [-5.74278, 28.1097, -26.16727],
              "size": [3.75, 0, 6],
              "uv": [6, 0]
            }
          ]
        },
        {
          "name": "front_slope2",
          "parent": "front_head2",
          "pivot": [2.02493, 26.30334, -31.85717],
          "rotation": [-25, -25, 0],
          "cubes": [
            {
              "origin": [-1.03064, 28.06505, -26.26303],
              "size": [3.75, 0, 6],
              "uv": [6, 0],
              "mirror": true
            }
          ]
        },
        {
          "name": "front_head3",
          "parent": "shassis",
          "pivot": [-0.5, 4.5, 0.5],
          "cubes": [
            {
              "origin": [-2, 24, -24],
              "size": [1, 4, 6],
              "inflate": 0.01,
              "uv": [71, 0]
            },
            {
              "origin": [-2.75, 23.025, -23],
              "size": [3, 4, 3],
              "uv": [21, 33]
            },
            {
              "origin": [-7.75, 24.025, -21.01],
              "size": [6, 2, 3],
              "uv": [53, 89]
            },
            {
              "origin": [-0.75, 24.025, -21.01],
              "size": [6, 2, 3],
              "uv": [81, 71]
            },
            {
              "origin": [-6.75, 26.025, -21.01],
              "size": [2, 2, 3],
              "uv": [49, 103]
            },
            {
              "origin": [2.25, 26.025, -21.01],
              "size": [2, 2, 3],
              "uv": [81, 76]
            },
            {
              "origin": [-2.25, 4.025, -12.01],
              "size": [1, 20, 13],
              "uv": [27, 55]
            },
            {
              "origin": [-2.25, 6.025, 0.99],
              "size": [1, 13, 6],
              "uv": [20, 97]
            },
            {
              "origin": [-2.25, 14.025, 6.99],
              "size": [1, 2, 10],
              "uv": [0, 62]
            },
            {
              "origin": [-2.25, 10.025, 10.99],
              "size": [1, 4, 8],
              "uv": [101, 103]
            },
            { "origin": [-2, 25, -15], "size": [1, 1, 1], "uv": [0, 16] },
            { "origin": [-2, 23, -20], "size": [1, 4, 1], "uv": [38, 8] }
          ]
        },
        {
          "name": "front_top_slope",
          "parent": "shassis",
          "pivot": [-1.275, 29.17662, -18.84216],
          "rotation": [30, 0, 0],
          "cubes": [
            {
              "origin": [-2.775, 28.67662, -24.84216],
              "size": [3, 2, 10],
              "uv": [42, 55]
            },
            {
              "origin": [-2.775, 28.67662, -13.84216],
              "size": [3, 1, 2],
              "uv": [21, 47]
            },
            {
              "origin": [-4.775, 29.67662, -14.84216],
              "size": [7, 1, 4],
              "uv": [27, 17]
            },
            {
              "origin": [-2.775, 27.67662, -21.84216],
              "size": [3, 1, 8],
              "uv": [56, 103]
            },
            {
              "origin": [-2.775, 26.67662, -18.84216],
              "size": [3, 1, 5],
              "uv": [56, 115]
            }
          ]
        },
        {
          "name": "front_top_slope3",
          "parent": "shassis",
          "pivot": [-1.5, 15.25819, 18.00853],
          "rotation": [20, 0, 0],
          "cubes": [
            {
              "origin": [-3, 13.75819, 15.00853],
              "size": [3, 3, 7],
              "uv": [110, 0]
            },
            {
              "origin": [-1.5, 14.75819, 15.00853],
              "size": [0, 5, 7],
              "uv": [18, 21]
            },
            {
              "origin": [-3, 13.75819, 22.00853],
              "size": [3, 2, 2],
              "uv": [12, 6]
            }
          ]
        },
        {
          "name": "front_top_slope2",
          "parent": "shassis",
          "pivot": [-1.35, 28.96175, -19.96467],
          "rotation": [11, 0, 0],
          "cubes": [
            {
              "origin": [-2.85, 26.46175, -28.96467],
              "size": [3, 1, 16],
              "uv": [27, 0]
            },
            {
              "origin": [0.15, 26.46175, -25.96467],
              "size": [2, 1, 13],
              "uv": [60, 89]
            },
            {
              "origin": [-4.85, 26.46175, -25.96467],
              "size": [2, 1, 13],
              "uv": [93, 0]
            },
            {
              "origin": [-4.85, 27.46175, -14.96467],
              "size": [7, 4, 2],
              "uv": [12, 62]
            }
          ]
        },
        {
          "name": "mid_piece",
          "parent": "shassis",
          "pivot": [-1.75, 22.5, 0.5],
          "rotation": [-25, 0, 0],
          "cubes": [
            { "origin": [-4.25, 18.5, -10], "size": [1, 7, 19], "uv": [0, 36] },
            {
              "origin": [0.25, 18.5, -10],
              "size": [1, 7, 19],
              "uv": [0, 36],
              "mirror": true
            },
            { "origin": [-5.25, 19.5, 3], "size": [1, 5, 6], "uv": [35, 28] },
            {
              "origin": [1.25, 19.5, 3],
              "size": [1, 5, 6],
              "uv": [35, 28],
              "mirror": true
            },
            { "origin": [-5.25, 19.5, -1], "size": [1, 2, 4], "uv": [95, 72] },
            {
              "origin": [1.25, 19.5, -1],
              "size": [1, 2, 4],
              "uv": [95, 72],
              "mirror": true
            }
          ]
        },
        {
          "name": "mid_piece2",
          "parent": "shassis",
          "pivot": [-1.75, 9.5, 0.5],
          "rotation": [50, 0, 0],
          "cubes": [
            {
              "origin": [-3, -0.57767, 13.55632],
              "size": [3, 19, 3],
              "inflate": 0.01,
              "uv": [8, 96]
            },
            {
              "origin": [-2, -10.57767, 10.55632],
              "size": [2, 3, 3],
              "inflate": 0.01,
              "uv": [30, 62]
            },
            {
              "origin": [-4, -10.57767, 10.55632],
              "size": [1, 14, 3],
              "inflate": 0.01,
              "uv": [19, 71]
            },
            {
              "origin": [0, -10.57767, 10.55632],
              "size": [1, 14, 3],
              "inflate": 0.01,
              "uv": [19, 71],
              "mirror": true
            },
            {
              "origin": [-4.25, 3.42233, 3.55632],
              "size": [1, 7, 12],
              "inflate": 0.01,
              "uv": [21, 28]
            },
            {
              "origin": [0.25, 3.42233, 3.55632],
              "size": [1, 7, 12],
              "inflate": 0.01,
              "uv": [21, 28],
              "mirror": true
            },
            {
              "origin": [-5.25, 9.42233, 9.55632],
              "size": [1, 1, 5],
              "inflate": 0.01,
              "uv": [84, 32]
            },
            {
              "origin": [1.25, 9.42233, 9.55632],
              "size": [1, 1, 5],
              "inflate": 0.01,
              "uv": [84, 32],
              "mirror": true
            },
            {
              "origin": [-5.25, 4.42233, 5.55632],
              "size": [1, 5, 9],
              "inflate": 0.01,
              "uv": [49, 0]
            },
            {
              "origin": [1.25, 4.42233, 5.55632],
              "size": [1, 5, 9],
              "inflate": 0.01,
              "uv": [49, 0],
              "mirror": true
            }
          ]
        },
        {
          "name": "tank",
          "parent": "shassis",
          "pivot": [0, -1, -1.25]
        },
        {
          "name": "front_tank",
          "parent": "tank",
          "pivot": [-0.5, 27.43923, -1.44459],
          "rotation": [10, 0, 0],
          "cubes": [
            {
              "origin": [-2, 25.41829, -14.99017],
              "size": [1, 6, 10],
              "inflate": 0.01,
              "uv": [0, 0]
            }
          ]
        },
        {
          "name": "front_tank2",
          "parent": "tank",
          "pivot": [-1.5, 29.73923, 2.23041],
          "cubes": [
            {
              "origin": [-5.5, 26.76479, -5.93764],
              "size": [8, 6, 14],
              "inflate": 0.05,
              "uv": [54, 26]
            },
            {
              "origin": [-3.5, 30.76479, -4.93764],
              "size": [4, 3, 14],
              "inflate": 0.02,
              "uv": [71, 0]
            }
          ]
        },
        {
          "name": "front_tank3",
          "parent": "tank",
          "pivot": [-1.5, 27.78012, -3.25518],
          "rotation": [-15, 0, 0],
          "cubes": [
            {
              "origin": [-5.5, 23.78012, -7.25518],
              "size": [8, 8, 7],
              "uv": [30, 88]
            }
          ]
        },
        {
          "name": "front_tank4",
          "parent": "tank",
          "pivot": [-1.5, 27.78012, 5.25518],
          "rotation": [10, 0, 0],
          "cubes": [
            {
              "origin": [-5.49, 24.37484, -2.08743],
              "size": [8, 8, 10],
              "inflate": 0.02,
              "uv": [55, 71]
            }
          ]
        },
        {
          "name": "front_tank5",
          "parent": "tank",
          "pivot": [-1.5, 27.78012, -3.75518],
          "rotation": [-15, 0, 0],
          "cubes": [
            {
              "origin": [-5.48, 27.67804, 6.3837],
              "size": [8, 5, 7],
              "inflate": 0.02,
              "uv": [95, 79]
            },
            {
              "origin": [-3.48, 32.67804, 6.3837],
              "size": [4, 2, 7],
              "inflate": 0.02,
              "uv": [34, 103]
            }
          ]
        },
        {
          "name": "front_tank6",
          "parent": "tank",
          "pivot": [-1.48, 26.16285, 14.80161],
          "rotation": [5, 0, 0],
          "cubes": [
            {
              "origin": [-5.48, 26.1338, 12.64712],
              "size": [8, 2, 14],
              "inflate": 0.01,
              "uv": [55, 55]
            },
            {
              "origin": [-3.48, 23.1338, 10.64712],
              "size": [4, 3, 5],
              "inflate": 0.02,
              "uv": [0, 46]
            },
            {
              "origin": [-2.48, 24.1338, 15.64712],
              "size": [2, 2, 4],
              "inflate": 0.02,
              "uv": [0, 80]
            },
            {
              "origin": [-3.48, 28.1338, 12.64712],
              "size": [4, 1, 11],
              "inflate": 0.01,
              "uv": [95, 67]
            }
          ]
        },
        {
          "name": "bottom_section2",
          "parent": "shassis",
          "pivot": [-2, 3, -0.75]
        },
        {
          "name": "curved5",
          "parent": "bottom_section2",
          "pivot": [-6, 8, -0.75],
          "cubes": [
            {
              "origin": [-7, 8, -11.75],
              "size": [2, 8, 13],
              "pivot": [-6, 12, -3.25],
              "rotation": [0, 0, 20],
              "uv": [0, 75]
            }
          ]
        },
        {
          "name": "curved6",
          "parent": "bottom_section2",
          "pivot": [-6, -10, -0.75],
          "cubes": [
            {
              "origin": [-7, 4.1665, -13.75],
              "size": [2, 5, 23],
              "inflate": 0.01,
              "pivot": [-6, 5.1665, 0.75],
              "rotation": [0, 0, -20],
              "uv": [0, 0]
            }
          ]
        },
        {
          "name": "curved7",
          "parent": "bottom_section2",
          "pivot": [-6, 12, -3.25],
          "rotation": [0, 0, -20],
          "cubes": [
            {
              "origin": [-3.23442, 14.52218, -11.75],
              "size": [2, 2, 13],
              "inflate": 0.01,
              "pivot": [-2.23442, 18.52218, -3.25],
              "rotation": [0, 0, 20],
              "uv": [84, 17]
            },
            {
              "origin": [-3.23442, 16.52218, -1.75],
              "size": [2, 1, 3],
              "inflate": 0.01,
              "pivot": [-2.23442, 18.52218, -3.25],
              "rotation": [0, 0, 20],
              "uv": [66, 46]
            }
          ]
        },
        {
          "name": "curved8",
          "parent": "bottom_section2",
          "pivot": [-2.23442, 14.52218, -3.25],
          "rotation": [-35, -10, -15],
          "cubes": [
            {
              "origin": [-4.94999, 12.43011, -11.85957],
              "size": [2, 5, 8],
              "inflate": 0.01,
              "pivot": [-3.94999, 16.43011, -3.35957],
              "rotation": [0, 0, 20],
              "uv": [101, 14]
            }
          ]
        },
        {
          "name": "bottom_section3",
          "parent": "shassis",
          "pivot": [-1, 3, -0.75]
        },
        {
          "name": "curved2",
          "parent": "bottom_section3",
          "pivot": [3, 8, -0.75],
          "cubes": [
            {
              "origin": [2, 8, -11.75],
              "size": [2, 8, 13],
              "pivot": [3, 12, -3.25],
              "rotation": [0, 0, -20],
              "uv": [0, 75],
              "mirror": true
            }
          ]
        },
        {
          "name": "curved3",
          "parent": "bottom_section3",
          "pivot": [3, -10, -0.75],
          "cubes": [
            {
              "origin": [2, 4.1665, -13.75],
              "size": [2, 5, 23],
              "inflate": 0.01,
              "pivot": [3, 5.1665, 0.75],
              "rotation": [0, 0, 20],
              "uv": [0, 0],
              "mirror": true
            }
          ]
        },
        {
          "name": "curved4",
          "parent": "bottom_section3",
          "pivot": [3, 12, -3.25],
          "rotation": [0, 0, 20],
          "cubes": [
            {
              "origin": [-1.76558, 14.52218, -11.75],
              "size": [2, 2, 13],
              "inflate": 0.01,
              "pivot": [-0.76558, 18.52218, -3.25],
              "rotation": [0, 0, -20],
              "uv": [84, 17],
              "mirror": true
            },
            {
              "origin": [-1.76558, 16.52218, -1.75],
              "size": [2, 1, 3],
              "inflate": 0.01,
              "pivot": [-0.76558, 18.52218, -3.25],
              "rotation": [0, 0, -20],
              "uv": [66, 46],
              "mirror": true
            }
          ]
        },
        {
          "name": "curved9",
          "parent": "bottom_section3",
          "pivot": [-0.76558, 14.52218, -3.25],
          "rotation": [-35, 10, 15],
          "cubes": [
            {
              "origin": [-0.05001, 12.43011, -11.85957],
              "size": [2, 5, 8],
              "inflate": 0.01,
              "pivot": [0.94999, 16.43011, -3.35957],
              "rotation": [0, 0, -20],
              "uv": [101, 14],
              "mirror": true
            }
          ]
        },
        {
          "name": "handle",
          "parent": "shassis",
          "pivot": [-1.4, 40.6, -7]
        },
        {
          "name": "handle1",
          "parent": "handle",
          "pivot": [2, -6, -7]
        },
        {
          "name": "handle_spoke",
          "parent": "handle1",
          "pivot": [1, 36.5, -6],
          "rotation": [-20, 0, 40],
          "cubes": [
            { "origin": [0, 33, -7], "size": [2, 7, 2], "uv": [49, 0] },
            { "origin": [-0.5, 38, -7.25], "size": [3, 3, 3], "uv": [0, 74] }
          ]
        },
        {
          "name": "handle_spoke4",
          "parent": "handle1",
          "pivot": [1, 36.5, -6],
          "rotation": [-20, 0, 40]
        },
        {
          "name": "handle_spoke2",
          "parent": "handle1",
          "pivot": [1, 36.5, -6],
          "rotation": [-20, 0, 95],
          "cubes": [
            {
              "origin": [-3, 38.975, -7],
              "size": [1, 7, 2],
              "pivot": [2, 39, -7],
              "rotation": [0, 10, -15],
              "uv": [60, 0]
            }
          ]
        },
        {
          "name": "handle_spoke3",
          "parent": "handle1",
          "pivot": [0.77785, 36.62826, -5.29523],
          "rotation": [-20, 0, 120],
          "cubes": [
            {
              "origin": [-3.22215, 39.10326, -6.29523],
              "size": [1, 4, 1],
              "pivot": [1.77785, 39.12826, -6.29523],
              "rotation": [0, 10, -15],
              "uv": [27, 8]
            }
          ]
        },
        {
          "name": "handle2",
          "parent": "handle",
          "pivot": [-5, -6, -7]
        },
        {
          "name": "handle_spoke5",
          "parent": "handle2",
          "pivot": [-4, 36.5, -6],
          "rotation": [-20, 0, -40],
          "cubes": [
            {
              "origin": [-5, 33, -7],
              "size": [2, 7, 2],
              "uv": [49, 0],
              "mirror": true
            },
            {
              "origin": [-5.5, 38, -7.25],
              "size": [3, 3, 3],
              "uv": [0, 74],
              "mirror": true
            }
          ]
        },
        {
          "name": "handle_spoke6",
          "parent": "handle2",
          "pivot": [-4, 36.5, -6],
          "rotation": [-20, 0, -40]
        },
        {
          "name": "handle_spoke7",
          "parent": "handle2",
          "pivot": [-4, 36.5, -6],
          "rotation": [-20, 0, -95],
          "cubes": [
            {
              "origin": [-1, 38.975, -7],
              "size": [1, 7, 2],
              "pivot": [-5, 39, -7],
              "rotation": [0, -10, 15],
              "uv": [60, 0],
              "mirror": true
            }
          ]
        },
        {
          "name": "handle_spoke8",
          "parent": "handle2",
          "pivot": [-3.77785, 36.62826, -5.29523],
          "rotation": [-20, 0, -120],
          "cubes": [
            {
              "origin": [-0.77785, 39.10326, -6.29523],
              "size": [1, 4, 1],
              "pivot": [-4.77785, 39.12826, -6.29523],
              "rotation": [0, -10, 15],
              "uv": [27, 8],
              "mirror": true
            }
          ]
        },
        {
          "name": "wheel2",
          "pivot": [-1.50818, 6.79818, 21.74683],
          "cubes": [
            { "origin": [-3, 0, 18.95], "size": [3, 3, 5.75], "uv": [45, 112] },
            {
              "origin": [-2.99, 11.13587, 18.95414],
              "size": [3, 3, 5.75],
              "inflate": 0.01,
              "uv": [29, 112]
            },
            {
              "origin": [-1.52, 2.29968, 16.90032],
              "size": [0, 9, 9.75],
              "inflate": 0.01,
              "uv": [0, 19]
            },
            {
              "origin": [-2.02, 5.79968, 16.90032],
              "size": [1, 2, 10.75],
              "inflate": 0.01,
              "uv": [98, 91]
            },
            {
              "origin": [-2.02, 2.94968, 20.80032],
              "size": [1, 9, 2],
              "inflate": 0.02,
              "uv": [144, 20]
            },
            {
              "origin": [-3, 4.08001, 25.85501],
              "size": [3, 6, 3],
              "uv": [142, 2]
            },
            {
              "origin": [-3, 4.08001, 14.84499],
              "size": [3, 6, 3],
              "uv": [142, 2]
            }
          ]
        },
        {
          "name": "slope5",
          "parent": "wheel2",
          "pivot": [-1.5, 1.5, 29.2],
          "rotation": [45, 0, 0],
          "cubes": [
            {
              "origin": [-2.99, 3.63132, 24.96736],
              "size": [3, 3, 5.75],
              "inflate": 0.02,
              "uv": [111, 103]
            }
          ]
        },
        {
          "name": "slope6",
          "parent": "wheel2",
          "pivot": [-1.5, -1.5, 29.2],
          "rotation": [-45, 0, 0],
          "cubes": [
            {
              "origin": [-3, 3.39132, 14.96472],
              "size": [3, 3, 5.75],
              "inflate": 0.01,
              "uv": [111, 45]
            }
          ]
        },
        {
          "name": "slope7",
          "parent": "wheel2",
          "pivot": [-1.5, 1.5, 29.2],
          "rotation": [45, 0, 0],
          "cubes": [
            {
              "origin": [-2.99, 3.74744, 17.03018],
              "size": [3, 3, 5.75],
              "inflate": 0.02,
              "pivot": [0.03, 6.66165, 23.81571],
              "rotation": [-90, 0, 0],
              "uv": [110, 91]
            }
          ]
        },
        {
          "name": "slope8",
          "parent": "wheel2",
          "pivot": [-1.5, -1.5, 29.2],
          "rotation": [-45, 0, 0],
          "cubes": [
            {
              "origin": [-2.99, 2.27936, 8.00339],
              "size": [3, 3, 5.75],
              "inflate": 0.02,
              "pivot": [0.035, 2.36514, 13.78893],
              "rotation": [90, 0, 0],
              "uv": [27, 8]
            }
          ]
        },
        {
          "name": "wheel3",
          "pivot": [-1.50818, 6.79818, -21.25317],
          "cubes": [
            {
              "origin": [-3, 0, -24.05],
              "size": [3, 3, 5.75],
              "uv": [45, 112]
            },
            {
              "origin": [-2.99, 11.13587, -24.04586],
              "size": [3, 3, 5.75],
              "inflate": 0.01,
              "uv": [29, 112]
            },
            {
              "origin": [-1.52, 2.29968, -26.09968],
              "size": [0, 9, 9.75],
              "inflate": 0.01,
              "uv": [0, 19]
            },
            {
              "origin": [-2.02, 5.79968, -26.09968],
              "size": [1, 2, 10.75],
              "inflate": 0.01,
              "uv": [98, 91]
            },
            {
              "origin": [-2.02, 2.94968, -22.19968],
              "size": [1, 9, 2],
              "inflate": 0.02,
              "uv": [144, 20]
            },
            {
              "origin": [-3, 4.08001, -17.14499],
              "size": [3, 6, 3],
              "uv": [142, 2]
            },
            {
              "origin": [-3, 4.08001, -28.15501],
              "size": [3, 6, 3],
              "uv": [142, 2]
            }
          ]
        },
        {
          "name": "slope2",
          "parent": "wheel3",
          "pivot": [-1.5, 1.5, -13.8],
          "rotation": [45, 0, 0],
          "cubes": [
            {
              "origin": [-2.99, 3.63132, -18.03264],
              "size": [3, 3, 5.75],
              "inflate": 0.02,
              "uv": [111, 103]
            }
          ]
        },
        {
          "name": "slope3",
          "parent": "wheel3",
          "pivot": [-1.5, -1.5, -13.8],
          "rotation": [-45, 0, 0],
          "cubes": [
            {
              "origin": [-3, 3.39132, -28.03528],
              "size": [3, 3, 5.75],
              "inflate": 0.01,
              "uv": [111, 45]
            }
          ]
        },
        {
          "name": "slope4",
          "parent": "wheel3",
          "pivot": [-1.5, 1.5, -13.8],
          "rotation": [45, 0, 0],
          "cubes": [
            {
              "origin": [-2.99, 3.74744, -25.96982],
              "size": [3, 3, 5.75],
              "inflate": 0.02,
              "pivot": [0.03, 6.66165, -19.18429],
              "rotation": [-90, 0, 0],
              "uv": [110, 91]
            }
          ]
        },
        {
          "name": "slope9",
          "parent": "wheel3",
          "pivot": [-1.5, -1.5, -13.8],
          "rotation": [-45, 0, 0],
          "cubes": [
            {
              "origin": [-2.99, 2.27936, -34.99661],
              "size": [3, 3, 5.75],
              "inflate": 0.02,
              "pivot": [0.035, 2.36514, -29.21107],
              "rotation": [90, 0, 0],
              "uv": [27, 8]
            }
          ]
        }
      ]
    },
    {
      "description": {
        "identifier": "geometry.scifibike.player",
        "texture_width": 64,
        "texture_height": 64,
        "visible_bounds_width": 3,
        "visible_bounds_height": 2,
        "visible_bounds_offset": [0, 0, 0]
      },
      "bones": [
        {
          "name": "player",
          "pivot": [-1.3, 0, 4],
          "rotation": [10, 0, 0]
        },
        {
          "name": "ertetr",
          "parent": "player",
          "pivot": [-7.3, 10, 2],
          "mirror": true,
          "cubes": [
            {
              "origin": [-9.3, 0, 0],
              "size": [4, 12, 4],
              "uv": [0, 16],
              "mirror": false
            }
          ]
        },
        {
          "name": "ertert",
          "parent": "player",
          "pivot": [4.7, 10, 2],
          "mirror": true,
          "cubes": [
            {
              "origin": [2.7, 0, 0],
              "size": [4, 12, 4],
              "uv": [0, 16],
              "mirror": false
            }
          ]
        },
        {
          "name": "ew34df",
          "parent": "player",
          "pivot": [5.7, 23.01889, -5.79743],
          "rotation": [-95, -10, 0],
          "mirror": true,
          "cubes": [
            {
              "origin": [3.7, 18.65704, -5.7453],
              "size": [4, 12, 4],
              "uv": [40, 16],
              "mirror": false
            }
          ]
        },
        {
          "name": "dfdfrt",
          "parent": "player",
          "pivot": [-5.7, 23.01889, -5.79743],
          "rotation": [-95, 10, 0],
          "mirror": true,
          "cubes": [
            {
              "origin": [-9.66962, 18.31106, -5.71503],
              "size": [4, 12, 4],
              "uv": [40, 16]
            }
          ]
        },
        {
          "name": "body",
          "parent": "player",
          "pivot": [-1.3, 23, 1],
          "rotation": [5, 0, 0],
          "mirror": true,
          "cubes": [
            {
              "origin": [-5.3, 11, -1],
              "size": [8, 12, 4],
              "uv": [16, 16]
            }
          ]
        },
        {
          "name": "head",
          "parent": "player",
          "pivot": [-1.3, 23, 1],
          "rotation": [5, 0, 0],
          "mirror": true,
          "cubes": [
            {
              "origin": [-5.3, 23, -3],
              "size": [8, 8, 8],
              "uv": [0, 0]
            }
          ]
        }
      ]
    }
  ]
}
