{
  "format_version": "1.12.0",
  "minecraft:geometry": [
    {
      "description": {
        "identifier": "geometry.trophy",
        "texture_width": 128,
        "texture_height": 128,
        "visible_bounds_width": 3,
        "visible_bounds_height": 3,
        "visible_bounds_offset": [0, 1.5, 0]
      },
      "bones": [
        {
          "name": "root",
          "pivot": [0, 0, 0]
        },
        {
          "name": "trophy",
          "parent": "root",
          "pivot": [0, 0, 0]
        },
        {
          "name": "body",
          "parent": "trophy",
          "pivot": [0, -3, 0],
          "cubes": [
            { "origin": [-4.5, 0, -4.5], "size": [9, 2, 9], "uv": [39, 0] },
            { "origin": [-1.5, 2, -1.5], "size": [3, 6, 3], "uv": [0, 0] },
            { "origin": [-6.5, 20, -7.5], "size": [13, 2, 1], "uv": [39, 32] },
            { "origin": [-6.5, 20, 6.5], "size": [13, 2, 1], "uv": [39, 29] },
            { "origin": [-7.5, 20, -7.5], "size": [1, 2, 15], "uv": [39, 12] },
            { "origin": [6.5, 20, -7.5], "size": [1, 2, 15], "uv": [37, 37] },
            {
              "origin": [5.95442, 10.47906, -1],
              "size": [6, 9, 2],
              "uv": [0, 41]
            },
            {
              "origin": [-11.95442, 10.47906, -1],
              "size": [6, 9, 2],
              "uv": [0, 41],
              "mirror": true
            },
            { "origin": [-6.5, 8, -6.5], "size": [13, 14, 13], "uv": [0, 0] },
            { "origin": [-6.5, 22, -6.5], "size": [13, 1, 13], "uv": [0, 27] }
          ]
        },
        {
          "name": "motorcycle",
          "parent": "body",
          "pivot": [-1, -1, 0],
          "cubes": [
            {
              "origin": [-25.72608, 20.47442, -1],
              "size": [4, 4, 2],
              "pivot": [-1, -1, 0],
              "rotation": [0, 0, 35],
              "uv": [16, 48]
            },
            {
              "origin": [-32.32415, 10.85006, -1.5],
              "size": [1, 5, 1],
              "pivot": [-1, -1, -0.5],
              "rotation": [0, 0, 60],
              "uv": [32, 47]
            },
            {
              "origin": [-32.32415, 10.85006, 0.5],
              "size": [1, 5, 1],
              "pivot": [-1, -1, 0.5],
              "rotation": [0, 0, 60],
              "uv": [28, 47]
            },
            {
              "origin": [-13.27395, 21.86884, -1],
              "size": [4, 4, 2],
              "pivot": [-1, -1, -1],
              "rotation": [0, 0, 35],
              "uv": [40, 41]
            },
            {
              "origin": [1.9287, 25.81341, -1.1],
              "size": [1, 4, 1],
              "pivot": [-1, -1, 0],
              "rotation": [0, 0, 5],
              "uv": [36, 47]
            },
            {
              "origin": [1.9287, 25.81341, 0.1],
              "size": [1, 4, 1],
              "pivot": [-1, -1, 0],
              "rotation": [0, 0, 5],
              "uv": [9, 35]
            },
            {
              "origin": [-26.12511, 22.276, -1.375],
              "size": [4, 3, 2.75],
              "pivot": [-1, -1, 0.625],
              "rotation": [0, 0, 45],
              "uv": [39, 35]
            },
            {
              "origin": [-21.00931, 21.95784, -1.25],
              "size": [4, 5, 2.5],
              "pivot": [-1, -1, 0.75],
              "rotation": [0, 0, 40],
              "uv": [16, 41]
            },
            {
              "origin": [-7.15757, 29.1528, -1.125],
              "size": [4, 1.5, 2.25],
              "pivot": [-1, -1, 0.875],
              "rotation": [0, 0, 20],
              "uv": [0, 9]
            },
            {
              "origin": [-11.47044, 30.17435, -1],
              "size": [2, 1.5, 2],
              "pivot": [-5.31287, 0.02154, 1],
              "rotation": [0, 0, 35],
              "uv": [0, 36]
            },
            {
              "origin": [-17.34694, 30.05417, -1.25],
              "size": [2, 3, 2.5],
              "pivot": [-1, -1, 0.75],
              "rotation": [0, 0, 25],
              "uv": [39, 0]
            },
            {
              "origin": [-17, 31.7, -3.25],
              "size": [1, 1, 2],
              "pivot": [-1, -1, 0.75],
              "rotation": [0, 0, 25],
              "uv": [39, 5]
            },
            {
              "origin": [-17, 31.7, 1.25],
              "size": [1, 1, 2],
              "pivot": [-1, -1, -0.75],
              "rotation": [0, 0, 25],
              "uv": [7, 27]
            }
          ]
        },
        {
          "name": "rider",
          "parent": "motorcycle",
          "pivot": [-2, -2, 0]
        },
        {
          "name": "RightArm",
          "parent": "rider",
          "pivot": [-4, 6.8, 0],
          "cubes": [
            {
              "origin": [-40.3, 1.69703, -3.1],
              "size": [1.6, 4.8, 1.6],
              "pivot": [-2, -2, 0],
              "rotation": [0, 0, 85],
              "uv": [0, 52]
            }
          ]
        },
        {
          "name": "RightLeg",
          "parent": "rider",
          "pivot": [-3, 1.8, 0],
          "cubes": [
            {
              "origin": [-20.4612, 21.8375, -4.6],
              "size": [1.6, 4.8, 1.6],
              "pivot": [-1, -7, 0],
              "rotation": [-5, 0, 35],
              "uv": [44, 47]
            }
          ]
        },
        {
          "name": "LeftLeg",
          "parent": "rider",
          "pivot": [-3, 1.8, 0],
          "cubes": [
            {
              "origin": [-20.4612, 21.8375, 3],
              "size": [1.6, 4.8, 1.6],
              "pivot": [-1, -7, 0],
              "rotation": [5, 0, 35],
              "uv": [40, 47]
            }
          ]
        },
        {
          "name": "LeftArm",
          "parent": "rider",
          "pivot": [-4, 6.8, 0],
          "cubes": [
            {
              "origin": [-40.3, 1.69703, 1.5],
              "size": [1.6, 4.8, 1.6],
              "pivot": [-2, -2, 0],
              "rotation": [0, 0, 85],
              "uv": [48, 47]
            }
          ]
        },
        {
          "name": "Head",
          "parent": "rider",
          "pivot": [-2, 7.6, 0],
          "cubes": [
            {
              "origin": [-8.9, 36.57242, -1.6],
              "size": [3.2, 3.2, 3.2],
              "pivot": [-2, -2, 3.6585],
              "rotation": [0, 0, 15],
              "uv": [28, 41]
            }
          ]
        },
        {
          "name": "body2",
          "parent": "rider",
          "pivot": [-2, -2, 0],
          "cubes": [
            {
              "origin": [1.93692, 30.77382, -1.5],
              "size": [2, 6, 3],
              "uv": [0, 27]
            }
          ]
        }
      ]
    }
  ]
}
