{
  "format_version": "1.12.0",
  "minecraft:geometry": [
    {
      "description": {
        "identifier": "geometry.whitemodernbike",
        "texture_width": 128,
        "texture_height": 128,
        "visible_bounds_width": 14,
        "visible_bounds_height": 13,
        "visible_bounds_offset": [0, -0.5, 0]
      },
      "bones": [
        {
          "name": "bone",
          "pivot": [0, 0, 0],
          "rotation": [0, 180, 0]
        },
        {
          "name": "wheel3",
          "parent": "bone",
          "pivot": [-0.96636, 6.0248, -15.51576],
          "cubes": [
            { "origin": [-3, 0, -18], "size": [3, 3, 5], "uv": [93, 64] },
            {
              "origin": [-3.02, 9.09935, -18],
              "size": [3, 3, 5],
              "inflate": 0.01,
              "uv": [56, 93]
            },
            {
              "origin": [-3.03, 3.54968, -21.54968],
              "size": [3, 5, 3],
              "inflate": 0.01,
              "uv": [38, 53]
            },
            {
              "origin": [-3.02, 4.54968, -17.04968],
              "size": [3, 3, 3],
              "inflate": 0.01,
              "uv": [68, 0]
            },
            {
              "origin": [-2.02, 4.79968, -19.04968],
              "size": [1, 2, 8],
              "inflate": 0.01,
              "uv": [82, 11]
            },
            {
              "origin": [-2.02, 2.79968, -16.54968],
              "size": [1, 7, 2],
              "inflate": 0.01,
              "uv": [0, 40]
            },
            {
              "origin": [-3.02, 3.54968, -12.54968],
              "size": [3, 5, 3],
              "uv": [0, 23]
            }
          ]
        },
        {
          "name": "slope2",
          "parent": "wheel3",
          "pivot": [-1.5, 1.5, -8.5],
          "rotation": [45, 0, 0],
          "cubes": [
            {
              "origin": [-3.02, 3.63132, -12.73264],
              "size": [3, 3, 5],
              "inflate": 0.01,
              "uv": [92, 21]
            }
          ]
        },
        {
          "name": "slope3",
          "parent": "wheel3",
          "pivot": [-1.5, -1.5, -8.5],
          "rotation": [-45, 0, 0],
          "cubes": [
            {
              "origin": [-3.04, 1.85396, -21.35843],
              "size": [3, 3, 5],
              "uv": [92, 8]
            }
          ]
        },
        {
          "name": "slope4",
          "parent": "wheel3",
          "pivot": [-1.5, 1.5, -8.5],
          "rotation": [45, 0, 0],
          "cubes": [
            {
              "origin": [-3.02, 3.21711, -19.38949],
              "size": [3, 3, 5],
              "inflate": 0.01,
              "pivot": [0, 6.13132, -13.35396],
              "rotation": [-90, 0, 0],
              "uv": [80, 92]
            }
          ]
        },
        {
          "name": "slope10",
          "parent": "wheel3",
          "pivot": [-1.5, -1.5, -8.5],
          "rotation": [-45, 0, 0],
          "cubes": [
            {
              "origin": [-3.035, 2.33843, -27.94503],
              "size": [3, 3, 5],
              "inflate": 0.01,
              "pivot": [-0.01, 2.42421, -21.90949],
              "rotation": [90, 0, 0],
              "uv": [0, 92]
            }
          ]
        },
        {
          "name": "body",
          "parent": "bone",
          "pivot": [0, 0, 0]
        },
        {
          "name": "front_clasp",
          "parent": "body",
          "pivot": [1, 8.57358, 13.18085],
          "rotation": [-35, 0, 0],
          "cubes": [
            {
              "origin": [0, 7.57358, 9.18085],
              "size": [2, 2, 6],
              "uv": [91, 74]
            },
            {
              "origin": [0, 7.07358, 15.18085],
              "size": [2, 3, 3],
              "uv": [10, 83]
            },
            {
              "origin": [-5, 7.57358, 9.18085],
              "size": [2, 2, 6],
              "uv": [45, 89]
            },
            {
              "origin": [-5, 7.07358, 15.18085],
              "size": [2, 3, 3],
              "uv": [78, 82]
            }
          ]
        },
        {
          "name": "front_wheel_shield",
          "parent": "body",
          "pivot": [-1.5, 14.25, 16.25],
          "rotation": [-10, 0, 0],
          "cubes": [
            { "origin": [-4, 13, 10], "size": [5, 3, 7], "uv": [24, 75] },
            { "origin": [-3, 13, 17], "size": [3, 2, 4], "uv": [38, 47] }
          ]
        },
        {
          "name": "slope9",
          "parent": "front_wheel_shield",
          "pivot": [-4.5, 13.09117, 13.62326],
          "rotation": [-30, 0, 0],
          "cubes": [
            {
              "origin": [-5, 11.59117, 10.12326],
              "size": [1, 3, 7],
              "uv": [29, 87]
            },
            {
              "origin": [1, 11.59117, 10.12326],
              "size": [1, 3, 7],
              "uv": [69, 86]
            },
            {
              "origin": [-5, 11.59117, 17.12326],
              "size": [1, 2, 2],
              "uv": [51, 27]
            },
            {
              "origin": [1, 11.59117, 17.12326],
              "size": [1, 2, 2],
              "uv": [45, 27]
            }
          ]
        },
        {
          "name": "front_slope1",
          "parent": "body",
          "pivot": [-1.5, 21.64097, 12.3103],
          "rotation": [-20, 0, 0],
          "cubes": [
            {
              "origin": [-5, 19.64097, 6.3103],
              "size": [7, 4, 13],
              "uv": [0, 23]
            },
            {
              "origin": [-3.01, 16.64097, 13.3103],
              "size": [3, 3, 3],
              "uv": [56, 0]
            },
            {
              "origin": [-4, 21.64097, 12.3103],
              "size": [5, 3, 8],
              "uv": [62, 62]
            },
            {
              "origin": [-3, 24.64097, 12.3103],
              "size": [3, 1, 4],
              "uv": [22, 56]
            },
            {
              "origin": [-4, 19.64097, 19.3103],
              "size": [5, 1, 2],
              "uv": [24, 11]
            }
          ]
        },
        {
          "name": "right_mirror",
          "parent": "front_slope1",
          "pivot": [-6.43362, 26.95293, 11.68506],
          "rotation": [0, -45, 10],
          "cubes": [
            {
              "origin": [-8.43362, 26.32793, 11.18506],
              "size": [2, 1, 1],
              "uv": [42, 9]
            },
            {
              "origin": [-10.43362, 26.32793, 11.18506],
              "size": [2, 2, 1],
              "uv": [47, 53]
            },
            {
              "origin": [-14.43362, 26.32793, 10.18506],
              "size": [4, 3, 3],
              "uv": [0, 0]
            }
          ]
        },
        {
          "name": "part2",
          "parent": "right_mirror",
          "pivot": [-6.93362, 24.32793, 11.68506],
          "rotation": [0, 0, -40],
          "cubes": [
            {
              "origin": [-5.62223, 20.30467, 11.2],
              "size": [1, 6, 1],
              "uv": [27, 40]
            }
          ]
        },
        {
          "name": "left_mirror",
          "parent": "front_slope1",
          "pivot": [3.43362, 26.95293, 11.68506],
          "rotation": [0, 45, -10],
          "cubes": [
            {
              "origin": [3.43362, 26.32793, 11.18506],
              "size": [2, 1, 1],
              "uv": [42, 9],
              "mirror": true
            },
            {
              "origin": [5.43362, 26.32793, 11.18506],
              "size": [2, 2, 1],
              "uv": [47, 53],
              "mirror": true
            },
            {
              "origin": [7.43362, 26.32793, 10.18506],
              "size": [4, 3, 3],
              "uv": [0, 0],
              "mirror": true
            }
          ]
        },
        {
          "name": "part3",
          "parent": "left_mirror",
          "pivot": [3.93362, 24.32793, 11.68506],
          "rotation": [0, 0, 40],
          "cubes": [
            {
              "origin": [1.62223, 20.30467, 11.2],
              "size": [1, 6, 1],
              "uv": [27, 40],
              "mirror": true
            }
          ]
        },
        {
          "name": "visor",
          "parent": "front_slope1",
          "pivot": [-1.5, 27.14097, 10.8103],
          "rotation": [125, 0, 0],
          "cubes": [
            {
              "origin": [-3.99, 26.64097, 7.3103],
              "size": [5, 1, 7],
              "uv": [65, 19]
            },
            {
              "origin": [-4.99, 26.64097, 6.3103],
              "size": [1, 3, 8],
              "uv": [58, 82]
            },
            {
              "origin": [1.01, 26.64097, 6.3103],
              "size": [1, 3, 8],
              "uv": [81, 81]
            }
          ]
        },
        {
          "name": "handle",
          "parent": "front_slope1",
          "pivot": [-1, 23, 8],
          "rotation": [0, 5, 0]
        },
        {
          "name": "handle2",
          "parent": "handle",
          "pivot": [-3.7, 21.83277, 6.06618],
          "rotation": [25, -25, -25],
          "cubes": [
            {
              "origin": [-4.5, 25.64097, 6.3103],
              "size": [2, 2, 1],
              "uv": [53, 19]
            },
            {
              "origin": [-4.5, 21.64097, 7.3103],
              "size": [2, 5, 1],
              "uv": [24, 0]
            },
            {
              "origin": [-12.5, 24.64097, 7.3103],
              "size": [8, 1, 1],
              "uv": [27, 27]
            },
            {
              "origin": [-7.5, 24.24097, 6.9],
              "size": [3, 2, 2],
              "uv": [0, 31]
            }
          ]
        },
        {
          "name": "break2",
          "parent": "handle2",
          "pivot": [0.5, 22.64097, 12.3103],
          "cubes": [
            {
              "origin": [-9.5, 23.64097, 7.4],
              "size": [6, 1, 1],
              "pivot": [-5, 24.14097, 7.8103],
              "rotation": [0, 0, -10],
              "uv": [0, 12]
            }
          ]
        },
        {
          "name": "handle3",
          "parent": "handle",
          "pivot": [0.7, 21.83277, 6.06618],
          "rotation": [25, 25, 25],
          "cubes": [
            {
              "origin": [-0.5, 25.64097, 6.3103],
              "size": [2, 2, 1],
              "uv": [53, 19],
              "mirror": true
            },
            {
              "origin": [-0.5, 21.64097, 7.3103],
              "size": [2, 5, 1],
              "uv": [24, 0],
              "mirror": true
            },
            {
              "origin": [1.5, 24.64097, 7.3103],
              "size": [8, 1, 1],
              "uv": [27, 27],
              "mirror": true
            },
            {
              "origin": [1.5, 24.24097, 6.9],
              "size": [3, 2, 2],
              "uv": [0, 31],
              "mirror": true
            }
          ]
        },
        {
          "name": "break3",
          "parent": "handle3",
          "pivot": [-3.5, 22.64097, 12.3103],
          "cubes": [
            {
              "origin": [0.5, 23.64097, 7.4],
              "size": [6, 1, 1],
              "pivot": [2, 24.14097, 7.8103],
              "rotation": [0, 0, 10],
              "uv": [0, 12],
              "mirror": true
            }
          ]
        },
        {
          "name": "seat1",
          "parent": "body",
          "pivot": [-1.5025, 16.77357, 5.4023],
          "rotation": [15, 0, 0],
          "cubes": [
            {
              "origin": [-5, 15.64857, -3.7227],
              "size": [7, 4, 12],
              "uv": [27, 11]
            },
            {
              "origin": [-5, 19.64857, 0.2773],
              "size": [7, 3, 6],
              "uv": [63, 73]
            }
          ]
        },
        {
          "name": "seat3",
          "parent": "body",
          "pivot": [-1.5025, 20.10106, -13.08899],
          "cubes": [
            {
              "origin": [-4.96, 16.28528, -17.98137],
              "size": [7, 4, 6],
              "uv": [67, 36]
            },
            {
              "origin": [-4.99, 18.28528, -19.98137],
              "size": [7, 2, 2],
              "uv": [24, 7]
            },
            {
              "origin": [-3.99, 20.28528, -18.98137],
              "size": [5, 1, 7],
              "uv": [75, 0]
            }
          ]
        },
        {
          "name": "seat2",
          "parent": "body",
          "pivot": [-1.5, 20.64732, -5.98],
          "rotation": [-35, 0, 0],
          "cubes": [
            {
              "origin": [-4.97, 12.90852, -10.68838],
              "size": [7, 4, 4],
              "uv": [44, 81]
            },
            {
              "origin": [-3.98, 16.72767, -11.26195],
              "size": [5, 1, 4],
              "uv": [55, 56]
            }
          ]
        },
        {
          "name": "seat4",
          "parent": "body",
          "pivot": [-1.5, 20.64732, -5.98],
          "rotation": [-10, 0, 0],
          "cubes": [
            {
              "origin": [-4.99, 13.93295, -9.89257],
              "size": [7, 4, 8],
              "uv": [53, 7]
            },
            {
              "origin": [-2.99, 9.93295, -7.89257],
              "size": [3, 4, 1],
              "uv": [53, 8]
            }
          ]
        },
        {
          "name": "front_slope2",
          "parent": "body",
          "pivot": [-2.5, 18.64097, 7.3103],
          "cubes": [
            {
              "origin": [-4, 16.64097, 6.3103],
              "size": [5, 5, 7],
              "uv": [0, 71]
            }
          ]
        },
        {
          "name": "front_slope3",
          "parent": "body",
          "pivot": [-1.5, 12.64205, 6.58125],
          "rotation": [25, 0, 0],
          "cubes": [
            {
              "origin": [-6, 9.14205, 2.08125],
              "size": [9, 7, 9],
              "uv": [31, 31]
            },
            {
              "origin": [-7, 9.14205, -3.91875],
              "size": [1, 1, 15],
              "uv": [38, 48]
            },
            {
              "origin": [3, 9.14205, -3.91875],
              "size": [1, 1, 15],
              "uv": [21, 47]
            },
            {
              "origin": [4, 9.14205, -3.91875],
              "size": [1, 1, 8],
              "uv": [83, 65]
            },
            {
              "origin": [-8, 9.14205, -3.91875],
              "size": [1, 1, 8],
              "uv": [0, 83]
            },
            {
              "origin": [-6, 9.14205, -3.91875],
              "size": [9, 3, 6],
              "uv": [55, 47]
            },
            {
              "origin": [-6, 13.14205, 11.08125],
              "size": [9, 3, 2],
              "uv": [0, 56]
            }
          ]
        },
        {
          "name": "front_slope4",
          "parent": "body",
          "pivot": [-1.5, 16.79882, 2.77768],
          "cubes": [
            {
              "origin": [-4, 8.29882, -7.72232],
              "size": [5, 9, 14],
              "uv": [0, 0]
            },
            {
              "origin": [-5, 9.29882, -6.72232],
              "size": [7, 4, 4],
              "uv": [80, 56]
            },
            {
              "origin": [-5.99, 6.03248, -7.45582],
              "size": [9, 2, 6],
              "uv": [0, 63]
            },
            {
              "origin": [-7.99, 5.03248, -7.45582],
              "size": [13, 1, 6],
              "uv": [24, 0]
            },
            {
              "origin": [-4.99, 5.03248, -13.45582],
              "size": [2, 2, 6],
              "uv": [87, 31]
            },
            {
              "origin": [0.01, 5.03248, -13.45582],
              "size": [2, 2, 6],
              "uv": [36, 64]
            },
            {
              "origin": [-4.99, 4.5, -16.45582],
              "size": [2, 3, 3],
              "uv": [80, 64]
            },
            {
              "origin": [0.01, 4.5, -16.45582],
              "size": [2, 3, 3],
              "uv": [60, 64]
            }
          ]
        },
        {
          "name": "exhaust",
          "parent": "body",
          "pivot": [-4.5, 7.28205, -6.49423],
          "rotation": [-30, 10, 0],
          "cubes": [
            {
              "origin": [-6, 5.905, -14.85019],
              "size": [3, 3, 9],
              "uv": [45, 64]
            },
            {
              "origin": [-6.5, 5.4409, -19.85019],
              "size": [4, 4, 5],
              "uv": [85, 46]
            }
          ]
        },
        {
          "name": "exhaust2",
          "parent": "body",
          "pivot": [1.5, 7.28205, -6.49423],
          "rotation": [-30, -10, 0],
          "cubes": [
            {
              "origin": [0, 5.905, -14.85019],
              "size": [3, 3, 9],
              "uv": [21, 63]
            },
            {
              "origin": [-0.5, 5.4409, -19.85019],
              "size": [4, 4, 5],
              "uv": [18, 85]
            }
          ]
        },
        {
          "name": "wheel2",
          "parent": "bone",
          "pivot": [-1.56636, 6.0248, 16.47287],
          "cubes": [
            { "origin": [-3, 0, 14], "size": [3, 3, 5], "uv": [93, 64] },
            {
              "origin": [-3.02, 9.09935, 14],
              "size": [3, 3, 5],
              "inflate": 0.01,
              "uv": [56, 93]
            },
            {
              "origin": [-3.03, 3.54968, 10.45032],
              "size": [3, 5, 3],
              "inflate": 0.01,
              "uv": [38, 53]
            },
            {
              "origin": [-3.02, 4.54968, 14.95032],
              "size": [3, 3, 3],
              "inflate": 0.01,
              "uv": [68, 0]
            },
            {
              "origin": [-2.02, 4.79968, 12.95032],
              "size": [1, 2, 8],
              "inflate": 0.01,
              "uv": [82, 11]
            },
            {
              "origin": [-2.02, 2.79968, 15.45032],
              "size": [1, 7, 2],
              "inflate": 0.01,
              "uv": [0, 40]
            },
            {
              "origin": [-3.02, 3.54968, 19.45032],
              "size": [3, 5, 3],
              "uv": [0, 23]
            }
          ]
        },
        {
          "name": "slope5",
          "parent": "wheel2",
          "pivot": [-1.5, 1.5, 23.5],
          "rotation": [45, 0, 0],
          "cubes": [
            {
              "origin": [-3.02, 3.63132, 19.26736],
              "size": [3, 3, 5],
              "inflate": 0.01,
              "uv": [92, 21]
            }
          ]
        },
        {
          "name": "slope6",
          "parent": "wheel2",
          "pivot": [-1.5, -1.5, 23.5],
          "rotation": [-45, 0, 0],
          "cubes": [
            {
              "origin": [-3.04, 1.85396, 10.64157],
              "size": [3, 3, 5],
              "uv": [92, 8]
            }
          ]
        },
        {
          "name": "slope7",
          "parent": "wheel2",
          "pivot": [-1.5, 1.5, 23.5],
          "rotation": [45, 0, 0],
          "cubes": [
            {
              "origin": [-3.02, 3.21711, 12.61051],
              "size": [3, 3, 5],
              "inflate": 0.01,
              "pivot": [0, 6.13132, 18.64604],
              "rotation": [-90, 0, 0],
              "uv": [80, 92]
            }
          ]
        },
        {
          "name": "slope8",
          "parent": "wheel2",
          "pivot": [-1.5, -1.5, 23.5],
          "rotation": [-45, 0, 0],
          "cubes": [
            {
              "origin": [-3.035, 2.33843, 4.05497],
              "size": [3, 3, 5],
              "inflate": 0.01,
              "pivot": [-0.01, 2.42421, 10.09051],
              "rotation": [90, 0, 0],
              "uv": [0, 92]
            }
          ]
        }
      ]
    },
    {
      "description": {
        "identifier": "geometry.whitemodernbike.player",
        "texture_width": 64,
        "texture_height": 64,
        "visible_bounds_width": 3,
        "visible_bounds_height": 3,
        "visible_bounds_offset": [0, 0, 0]
      },
      "bones": [
        {
          "name": "player",
          "pivot": [-0.1, 3, 10.7],
          "rotation": [10, 0, 0]
        },
        {
          "name": "dfgfdg",
          "parent": "player",
          "pivot": [-6.1, 13, 8.7],
          "rotation": [-15, 0, 0],
          "mirror": true,
          "cubes": [
            {
              "origin": [-8.1, 0.30662, 0.00928],
              "size": [4, 12, 4],
              "uv": [0, 16],
              "mirror": false
            }
          ]
        },
        {
          "name": "wtywrttr",
          "parent": "player",
          "pivot": [5.9, 12.01519, 8.52635],
          "rotation": [-15, 0, 0],
          "mirror": true,
          "cubes": [
            {
              "origin": [3.9, 0.11561, -0.39101],
              "size": [4, 12, 4],
              "uv": [0, 16],
              "mirror": false
            }
          ]
        },
        {
          "name": "ertwtrj",
          "parent": "player",
          "pivot": [6.9, 26.01889, 0.90257],
          "rotation": [-95, -20, 0],
          "mirror": true,
          "cubes": [
            {
              "origin": [3.52106, 17.91823, 1.68942],
              "size": [4, 12, 4],
              "uv": [40, 16],
              "mirror": false
            }
          ]
        },
        {
          "name": "erererq",
          "parent": "player",
          "pivot": [-7, 26.01889, 0.90257],
          "rotation": [-95, 20, 0],
          "mirror": true,
          "cubes": [
            {
              "origin": [-7.62106, 17.91823, 1.68942],
              "size": [4, 12, 4],
              "uv": [40, 16]
            }
          ]
        },
        {
          "name": "badane",
          "parent": "player",
          "pivot": [-0.1, 26, 7.7],
          "rotation": [-5, 0, 0],
          "mirror": true,
          "cubes": [
            {
              "origin": [-4.1, 13.24409, 1.71897],
              "size": [8, 12, 4],
              "uv": [16, 16]
            }
          ]
        },
        {
          "name": "kploh",
          "parent": "player",
          "pivot": [-0.1, 26, 7.7],
          "rotation": [5, 0, 0],
          "mirror": true,
          "cubes": [
            {
              "origin": [-4.1, 25.24409, -0.28103],
              "size": [8, 8, 8],
              "uv": [0, 0]
            }
          ]
        }
      ]
    }
  ]
}
