{
	"format_version": "1.12.0",
	"minecraft:geometry": [
		{
			"description": {
				"identifier": "geometry.double_monitor",
				"texture_width": 64,
				"texture_height": 64,
				"visible_bounds_width": 3,
				"visible_bounds_height": 2.5,
				"visible_bounds_offset": [
					0,
					0.75,
					0
				]
			},
			"bones": [
				{
					"name": "bb_main3",
					"pivot": [
						0,
						0,
						0
					],
					"cubes": [
						{
							"origin": [
								5.25,
								1.75,
								-6.75
							],
							"size": [
								0.75,
								0.25,
								0.25
							],
							"uv": {
								"north": {
									"uv": [
										39,
										42
									],
									"uv_size": [
										1,
										1
									]
								},
								"east": {
									"uv": [
										42,
										39
									],
									"uv_size": [
										1,
										1
									]
								},
								"south": {
									"uv": [
										40,
										42
									],
									"uv_size": [
										1,
										1
									]
								},
								"west": {
									"uv": [
										42,
										40
									],
									"uv_size": [
										1,
										1
									]
								},
								"up": {
									"uv": [
										41,
										42
									],
									"uv_size": [
										1,
										1
									]
								},
								"down": {
									"uv": [
										42,
										42
									],
									"uv_size": [
										1,
										-1
									]
								}
							}
						},
						{
							"origin": [
								-6,
								1.75,
								-4
							],
							"size": [
								0.75,
								0.25,
								0.25
							],
							"uv": {
								"north": {
									"uv": [
										42,
										42
									],
									"uv_size": [
										1,
										1
									]
								},
								"east": {
									"uv": [
										0,
										43
									],
									"uv_size": [
										1,
										1
									]
								},
								"south": {
									"uv": [
										1,
										43
									],
									"uv_size": [
										1,
										1
									]
								},
								"west": {
									"uv": [
										2,
										43
									],
									"uv_size": [
										1,
										1
									]
								},
								"up": {
									"uv": [
										3,
										43
									],
									"uv_size": [
										1,
										1
									]
								},
								"down": {
									"uv": [
										4,
										44
									],
									"uv_size": [
										1,
										-1
									]
								}
							}
						}
					]
				},
				{
					"name": "bb_main2",
					"pivot": [
						0,
						0,
						0
					]
				},
				{
					"name": "bb_main",
					"pivot": [
						3,
						0,
						0
					],
					"cubes": [
						{
							"origin": [
								-2,
								0.25,
								-6.25
							],
							"size": [
								4,
								1.75,
								2
							],
							"uv": {
								"north": {
									"uv": [
										17,
										12
									],
									"uv_size": [
										4,
										2
									]
								},
								"east": {
									"uv": [
										25,
										12
									],
									"uv_size": [
										2,
										2
									]
								},
								"south": {
									"uv": [
										21,
										12
									],
									"uv_size": [
										4,
										2
									]
								},
								"west": {
									"uv": [
										6,
										32
									],
									"uv_size": [
										2,
										2
									]
								},
								"up": {
									"uv": [
										31,
										6
									],
									"uv_size": [
										4,
										2
									]
								},
								"down": {
									"uv": [
										31,
										10
									],
									"uv_size": [
										4,
										-2
									]
								}
							}
						},
						{
							"origin": [
								-7,
								2,
								-4.75
							],
							"size": [
								14,
								3,
								0.5
							],
							"uv": {
								"north": {
									"uv": [
										14,
										26
									],
									"uv_size": [
										14,
										3
									]
								},
								"east": {
									"uv": [
										12,
										32
									],
									"uv_size": [
										1,
										3
									]
								},
								"south": {
									"uv": [
										28,
										12
									],
									"uv_size": [
										14,
										3
									]
								},
								"west": {
									"uv": [
										13,
										32
									],
									"uv_size": [
										1,
										3
									]
								},
								"up": {
									"uv": [
										31,
										2
									],
									"uv_size": [
										14,
										1
									]
								},
								"down": {
									"uv": [
										31,
										4
									],
									"uv_size": [
										14,
										-1
									]
								}
							}
						},
						{
							"origin": [
								-1.5,
								2,
								-5.75
							],
							"size": [
								3,
								0.75,
								1
							],
							"uv": {
								"north": {
									"uv": [
										2,
										33
									],
									"uv_size": [
										3,
										1
									]
								},
								"east": {
									"uv": [
										5,
										43
									],
									"uv_size": [
										1,
										1
									]
								},
								"south": {
									"uv": [
										8,
										33
									],
									"uv_size": [
										3,
										1
									]
								},
								"west": {
									"uv": [
										6,
										43
									],
									"uv_size": [
										1,
										1
									]
								},
								"up": {
									"uv": [
										18,
										33
									],
									"uv_size": [
										3,
										1
									]
								},
								"down": {
									"uv": [
										21,
										34
									],
									"uv_size": [
										3,
										-1
									]
								}
							}
						},
						{
							"origin": [
								-1.5,
								3.5,
								-5.75
							],
							"size": [
								3,
								0.75,
								1
							],
							"uv": {
								"north": {
									"uv": [
										24,
										33
									],
									"uv_size": [
										3,
										1
									]
								},
								"east": {
									"uv": [
										43,
										6
									],
									"uv_size": [
										1,
										1
									]
								},
								"south": {
									"uv": [
										27,
										33
									],
									"uv_size": [
										3,
										1
									]
								},
								"west": {
									"uv": [
										7,
										43
									],
									"uv_size": [
										1,
										1
									]
								},
								"up": {
									"uv": [
										30,
										33
									],
									"uv_size": [
										3,
										1
									]
								},
								"down": {
									"uv": [
										33,
										34
									],
									"uv_size": [
										3,
										-1
									]
								}
							}
						},
						{
							"origin": [
								-7,
								2,
								-6.25
							],
							"size": [
								14,
								3,
								0.5
							],
							"uv": {
								"north": {
									"uv": [
										28,
										15
									],
									"uv_size": [
										14,
										3
									]
								},
								"east": {
									"uv": [
										0,
										33
									],
									"uv_size": [
										1,
										3
									]
								},
								"south": {
									"uv": [
										28,
										18
									],
									"uv_size": [
										14,
										3
									]
								},
								"west": {
									"uv": [
										1,
										33
									],
									"uv_size": [
										1,
										3
									]
								},
								"up": {
									"uv": [
										31,
										4
									],
									"uv_size": [
										14,
										1
									]
								},
								"down": {
									"uv": [
										31,
										6
									],
									"uv_size": [
										14,
										-1
									]
								}
							}
						},
						{
							"origin": [
								-5.25,
								0,
								-7
							],
							"size": [
								10.5,
								0.25,
								3.5
							],
							"uv": {
								"north": {
									"uv": [
										31,
										0
									],
									"uv_size": [
										14,
										1
									]
								},
								"east": {
									"uv": [
										8,
										32
									],
									"uv_size": [
										4,
										1
									]
								},
								"south": {
									"uv": [
										31,
										1
									],
									"uv_size": [
										14,
										1
									]
								},
								"west": {
									"uv": [
										18,
										32
									],
									"uv_size": [
										4,
										1
									]
								},
								"up": {
									"uv": [
										17,
										8
									],
									"uv_size": [
										14,
										4
									]
								},
								"down": {
									"uv": [
										14,
										26
									],
									"uv_size": [
										14,
										-4
									]
								}
							}
						},
						{
							"origin": [
								-7,
								2,
								-4.25
							],
							"size": [
								14,
								8,
								0.5
							],
							"uv": {
								"north": {
									"uv": [
										0,
										14
									],
									"uv_size": [
										14,
										8
									]
								},
								"east": {
									"uv": [
										14,
										31
									],
									"uv_size": [
										1,
										8
									]
								},
								"south": {
									"uv": [
										14,
										14
									],
									"uv_size": [
										14,
										8
									]
								},
								"west": {
									"uv": [
										15,
										31
									],
									"uv_size": [
										1,
										8
									]
								},
								"up": {
									"uv": [
										28,
										23
									],
									"uv_size": [
										14,
										1
									]
								},
								"down": {
									"uv": [
										28,
										25
									],
									"uv_size": [
										14,
										-1
									]
								}
							}
						},
						{
							"origin": [
								-7,
								2,
								-6.75
							],
							"size": [
								14,
								8,
								0.5
							],
							"uv": {
								"north": {
									"uv": [
										17,
										0
									],
									"uv_size": [
										14,
										8
									]
								},
								"east": {
									"uv": [
										16,
										31
									],
									"uv_size": [
										1,
										8
									]
								},
								"south": {
									"uv": [
										0,
										22
									],
									"uv_size": [
										14,
										8
									]
								},
								"west": {
									"uv": [
										17,
										31
									],
									"uv_size": [
										1,
										8
									]
								},
								"up": {
									"uv": [
										28,
										25
									],
									"uv_size": [
										14,
										1
									]
								},
								"down": {
									"uv": [
										28,
										27
									],
									"uv_size": [
										14,
										-1
									]
								}
							}
						},
						{
							"origin": [
								-7,
								2,
								-7
							],
							"size": [
								14,
								0.75,
								0.25
							],
							"uv": {
								"north": {
									"uv": [
										28,
										27
									],
									"uv_size": [
										14,
										1
									]
								},
								"east": {
									"uv": [
										37,
										42
									],
									"uv_size": [
										1,
										1
									]
								},
								"south": {
									"uv": [
										28,
										28
									],
									"uv_size": [
										14,
										1
									]
								},
								"west": {
									"uv": [
										42,
										37
									],
									"uv_size": [
										1,
										1
									]
								},
								"up": {
									"uv": [
										14,
										29
									],
									"uv_size": [
										14,
										1
									]
								},
								"down": {
									"uv": [
										28,
										30
									],
									"uv_size": [
										14,
										-1
									]
								}
							}
						},
						{
							"origin": [
								-7,
								2,
								-3.75
							],
							"size": [
								14,
								0.75,
								0.25
							],
							"uv": {
								"north": {
									"uv": [
										0,
										30
									],
									"uv_size": [
										14,
										1
									]
								},
								"east": {
									"uv": [
										38,
										42
									],
									"uv_size": [
										1,
										1
									]
								},
								"south": {
									"uv": [
										14,
										30
									],
									"uv_size": [
										14,
										1
									]
								},
								"west": {
									"uv": [
										42,
										38
									],
									"uv_size": [
										1,
										1
									]
								},
								"up": {
									"uv": [
										28,
										30
									],
									"uv_size": [
										14,
										1
									]
								},
								"down": {
									"uv": [
										0,
										32
									],
									"uv_size": [
										14,
										-1
									]
								}
							}
						}
					]
				},
				{
					"name": "keybooorrdd",
					"pivot": [
						1.5,
						0,
						-1.25
					],
					"cubes": [
						{
							"origin": [
								-8.66214,
								0,
								-2.57674
							],
							"size": [
								17,
								0.5,
								7
							],
							"pivot": [
								-0.5,
								0,
								1
							],
							"rotation": [
								0,
								-177.5,
								0
							],
							"uv": {
								"north": {
									"uv": [
										28,
										21
									],
									"uv_size": [
										17,
										1
									]
								},
								"east": {
									"uv": [
										31,
										10
									],
									"uv_size": [
										7,
										1
									]
								},
								"south": {
									"uv": [
										28,
										22
									],
									"uv_size": [
										17,
										1
									]
								},
								"west": {
									"uv": [
										31,
										11
									],
									"uv_size": [
										7,
										1
									]
								},
								"up": {
									"uv": [
										0,
										0
									],
									"uv_size": [
										17,
										7
									]
								},
								"down": {
									"uv": [
										0,
										14
									],
									"uv_size": [
										17,
										-7
									]
								}
							}
						},
						{
							"origin": [
								-8.16214,
								0.5,
								3.17326
							],
							"size": [
								0.75,
								0.5,
								0.75
							],
							"pivot": [
								-0.5,
								0,
								1
							],
							"rotation": [
								0,
								-177.5,
								0
							],
							"uv": {
								"north": {
									"uv": [
										27,
										12
									],
									"uv_size": [
										1,
										1
									]
								},
								"east": {
									"uv": [
										27,
										13
									],
									"uv_size": [
										1,
										1
									]
								},
								"south": {
									"uv": [
										5,
										33
									],
									"uv_size": [
										1,
										1
									]
								},
								"west": {
									"uv": [
										11,
										33
									],
									"uv_size": [
										1,
										1
									]
								},
								"up": {
									"uv": [
										12,
										35
									],
									"uv_size": [
										1,
										1
									]
								},
								"down": {
									"uv": [
										13,
										36
									],
									"uv_size": [
										1,
										-1
									]
								}
							}
						},
						{
							"origin": [
								-7.16214,
								0.5,
								3.17326
							],
							"size": [
								0.75,
								0.5,
								0.75
							],
							"pivot": [
								-0.5,
								0,
								1
							],
							"rotation": [
								0,
								-177.5,
								0
							],
							"uv": {
								"north": {
									"uv": [
										18,
										35
									],
									"uv_size": [
										1,
										1
									]
								},
								"east": {
									"uv": [
										19,
										35
									],
									"uv_size": [
										1,
										1
									]
								},
								"south": {
									"uv": [
										20,
										35
									],
									"uv_size": [
										1,
										1
									]
								},
								"west": {
									"uv": [
										21,
										35
									],
									"uv_size": [
										1,
										1
									]
								},
								"up": {
									"uv": [
										22,
										35
									],
									"uv_size": [
										1,
										1
									]
								},
								"down": {
									"uv": [
										23,
										36
									],
									"uv_size": [
										1,
										-1
									]
								}
							}
						},
						{
							"origin": [
								-6.16214,
								0.5,
								3.17326
							],
							"size": [
								0.75,
								0.5,
								0.75
							],
							"pivot": [
								-0.5,
								0,
								1
							],
							"rotation": [
								0,
								-177.5,
								0
							],
							"uv": {
								"north": {
									"uv": [
										24,
										35
									],
									"uv_size": [
										1,
										1
									]
								},
								"east": {
									"uv": [
										25,
										35
									],
									"uv_size": [
										1,
										1
									]
								},
								"south": {
									"uv": [
										26,
										35
									],
									"uv_size": [
										1,
										1
									]
								},
								"west": {
									"uv": [
										27,
										35
									],
									"uv_size": [
										1,
										1
									]
								},
								"up": {
									"uv": [
										28,
										35
									],
									"uv_size": [
										1,
										1
									]
								},
								"down": {
									"uv": [
										29,
										36
									],
									"uv_size": [
										1,
										-1
									]
								}
							}
						},
						{
							"origin": [
								-5.16214,
								0.5,
								3.17326
							],
							"size": [
								0.75,
								0.5,
								0.75
							],
							"pivot": [
								-0.5,
								0,
								1
							],
							"rotation": [
								0,
								-177.5,
								0
							],
							"uv": {
								"north": {
									"uv": [
										30,
										35
									],
									"uv_size": [
										1,
										1
									]
								},
								"east": {
									"uv": [
										31,
										35
									],
									"uv_size": [
										1,
										1
									]
								},
								"south": {
									"uv": [
										32,
										35
									],
									"uv_size": [
										1,
										1
									]
								},
								"west": {
									"uv": [
										33,
										35
									],
									"uv_size": [
										1,
										1
									]
								},
								"up": {
									"uv": [
										34,
										35
									],
									"uv_size": [
										1,
										1
									]
								},
								"down": {
									"uv": [
										35,
										36
									],
									"uv_size": [
										1,
										-1
									]
								}
							}
						},
						{
							"origin": [
								-4.16214,
								0.5,
								3.17326
							],
							"size": [
								0.75,
								0.5,
								0.75
							],
							"pivot": [
								-0.5,
								0,
								1
							],
							"rotation": [
								0,
								-177.5,
								0
							],
							"uv": {
								"north": {
									"uv": [
										0,
										36
									],
									"uv_size": [
										1,
										1
									]
								},
								"east": {
									"uv": [
										1,
										36
									],
									"uv_size": [
										1,
										1
									]
								},
								"south": {
									"uv": [
										2,
										36
									],
									"uv_size": [
										1,
										1
									]
								},
								"west": {
									"uv": [
										3,
										36
									],
									"uv_size": [
										1,
										1
									]
								},
								"up": {
									"uv": [
										4,
										36
									],
									"uv_size": [
										1,
										1
									]
								},
								"down": {
									"uv": [
										5,
										37
									],
									"uv_size": [
										1,
										-1
									]
								}
							}
						},
						{
							"origin": [
								-3.16214,
								0.5,
								3.17326
							],
							"size": [
								0.75,
								0.5,
								0.75
							],
							"pivot": [
								-0.5,
								0,
								1
							],
							"rotation": [
								0,
								-177.5,
								0
							],
							"uv": {
								"north": {
									"uv": [
										6,
										36
									],
									"uv_size": [
										1,
										1
									]
								},
								"east": {
									"uv": [
										7,
										36
									],
									"uv_size": [
										1,
										1
									]
								},
								"south": {
									"uv": [
										8,
										36
									],
									"uv_size": [
										1,
										1
									]
								},
								"west": {
									"uv": [
										9,
										36
									],
									"uv_size": [
										1,
										1
									]
								},
								"up": {
									"uv": [
										10,
										36
									],
									"uv_size": [
										1,
										1
									]
								},
								"down": {
									"uv": [
										11,
										37
									],
									"uv_size": [
										1,
										-1
									]
								}
							}
						},
						{
							"origin": [
								-1.66214,
								0.5,
								3.17326
							],
							"size": [
								0.75,
								0.5,
								0.75
							],
							"pivot": [
								-0.5,
								0,
								1
							],
							"rotation": [
								0,
								-177.5,
								0
							],
							"uv": {
								"north": {
									"uv": [
										12,
										36
									],
									"uv_size": [
										1,
										1
									]
								},
								"east": {
									"uv": [
										13,
										36
									],
									"uv_size": [
										1,
										1
									]
								},
								"south": {
									"uv": [
										18,
										36
									],
									"uv_size": [
										1,
										1
									]
								},
								"west": {
									"uv": [
										19,
										36
									],
									"uv_size": [
										1,
										1
									]
								},
								"up": {
									"uv": [
										20,
										36
									],
									"uv_size": [
										1,
										1
									]
								},
								"down": {
									"uv": [
										21,
										37
									],
									"uv_size": [
										1,
										-1
									]
								}
							}
						},
						{
							"origin": [
								-0.66214,
								0.5,
								3.17326
							],
							"size": [
								0.75,
								0.5,
								0.75
							],
							"pivot": [
								-0.5,
								0,
								1
							],
							"rotation": [
								0,
								-177.5,
								0
							],
							"uv": {
								"north": {
									"uv": [
										22,
										36
									],
									"uv_size": [
										1,
										1
									]
								},
								"east": {
									"uv": [
										23,
										36
									],
									"uv_size": [
										1,
										1
									]
								},
								"south": {
									"uv": [
										24,
										36
									],
									"uv_size": [
										1,
										1
									]
								},
								"west": {
									"uv": [
										25,
										36
									],
									"uv_size": [
										1,
										1
									]
								},
								"up": {
									"uv": [
										26,
										36
									],
									"uv_size": [
										1,
										1
									]
								},
								"down": {
									"uv": [
										27,
										37
									],
									"uv_size": [
										1,
										-1
									]
								}
							}
						},
						{
							"origin": [
								0.33786,
								0.5,
								3.17326
							],
							"size": [
								0.75,
								0.5,
								0.75
							],
							"pivot": [
								-0.5,
								0,
								1
							],
							"rotation": [
								0,
								-177.5,
								0
							],
							"uv": {
								"north": {
									"uv": [
										28,
										36
									],
									"uv_size": [
										1,
										1
									]
								},
								"east": {
									"uv": [
										29,
										36
									],
									"uv_size": [
										1,
										1
									]
								},
								"south": {
									"uv": [
										30,
										36
									],
									"uv_size": [
										1,
										1
									]
								},
								"west": {
									"uv": [
										31,
										36
									],
									"uv_size": [
										1,
										1
									]
								},
								"up": {
									"uv": [
										36,
										31
									],
									"uv_size": [
										1,
										1
									]
								},
								"down": {
									"uv": [
										32,
										37
									],
									"uv_size": [
										1,
										-1
									]
								}
							}
						},
						{
							"origin": [
								1.33786,
								0.5,
								3.17326
							],
							"size": [
								0.75,
								0.5,
								0.75
							],
							"pivot": [
								-0.5,
								0,
								1
							],
							"rotation": [
								0,
								-177.5,
								0
							],
							"uv": {
								"north": {
									"uv": [
										36,
										32
									],
									"uv_size": [
										1,
										1
									]
								},
								"east": {
									"uv": [
										33,
										36
									],
									"uv_size": [
										1,
										1
									]
								},
								"south": {
									"uv": [
										36,
										33
									],
									"uv_size": [
										1,
										1
									]
								},
								"west": {
									"uv": [
										34,
										36
									],
									"uv_size": [
										1,
										1
									]
								},
								"up": {
									"uv": [
										36,
										34
									],
									"uv_size": [
										1,
										1
									]
								},
								"down": {
									"uv": [
										35,
										37
									],
									"uv_size": [
										1,
										-1
									]
								}
							}
						},
						{
							"origin": [
								3.08786,
								0.5,
								3.17326
							],
							"size": [
								0.75,
								0.5,
								0.75
							],
							"pivot": [
								-0.5,
								0,
								1
							],
							"rotation": [
								0,
								-177.5,
								0
							],
							"uv": {
								"north": {
									"uv": [
										36,
										35
									],
									"uv_size": [
										1,
										1
									]
								},
								"east": {
									"uv": [
										36,
										36
									],
									"uv_size": [
										1,
										1
									]
								},
								"south": {
									"uv": [
										0,
										37
									],
									"uv_size": [
										1,
										1
									]
								},
								"west": {
									"uv": [
										1,
										37
									],
									"uv_size": [
										1,
										1
									]
								},
								"up": {
									"uv": [
										2,
										37
									],
									"uv_size": [
										1,
										1
									]
								},
								"down": {
									"uv": [
										3,
										38
									],
									"uv_size": [
										1,
										-1
									]
								}
							}
						},
						{
							"origin": [
								4.08786,
								0.5,
								3.17326
							],
							"size": [
								0.75,
								0.5,
								0.75
							],
							"pivot": [
								-0.5,
								0,
								1
							],
							"rotation": [
								0,
								-177.5,
								0
							],
							"uv": {
								"north": {
									"uv": [
										4,
										37
									],
									"uv_size": [
										1,
										1
									]
								},
								"east": {
									"uv": [
										5,
										37
									],
									"uv_size": [
										1,
										1
									]
								},
								"south": {
									"uv": [
										6,
										37
									],
									"uv_size": [
										1,
										1
									]
								},
								"west": {
									"uv": [
										37,
										6
									],
									"uv_size": [
										1,
										1
									]
								},
								"up": {
									"uv": [
										7,
										37
									],
									"uv_size": [
										1,
										1
									]
								},
								"down": {
									"uv": [
										37,
										8
									],
									"uv_size": [
										1,
										-1
									]
								}
							}
						},
						{
							"origin": [
								5.08786,
								0.5,
								3.17326
							],
							"size": [
								0.75,
								0.5,
								0.75
							],
							"pivot": [
								-0.5,
								0,
								1
							],
							"rotation": [
								0,
								-177.5,
								0
							],
							"uv": {
								"north": {
									"uv": [
										8,
										37
									],
									"uv_size": [
										1,
										1
									]
								},
								"east": {
									"uv": [
										37,
										8
									],
									"uv_size": [
										1,
										1
									]
								},
								"south": {
									"uv": [
										9,
										37
									],
									"uv_size": [
										1,
										1
									]
								},
								"west": {
									"uv": [
										37,
										9
									],
									"uv_size": [
										1,
										1
									]
								},
								"up": {
									"uv": [
										10,
										37
									],
									"uv_size": [
										1,
										1
									]
								},
								"down": {
									"uv": [
										11,
										38
									],
									"uv_size": [
										1,
										-1
									]
								}
							}
						},
						{
							"origin": [
								6.08786,
								0.4,
								3.42326
							],
							"size": [
								0.75,
								0.5,
								0.25
							],
							"pivot": [
								-0.5,
								0,
								1
							],
							"rotation": [
								0,
								-177.5,
								0
							],
							"uv": {
								"north": {
									"uv": [
										12,
										37
									],
									"uv_size": [
										1,
										1
									]
								},
								"east": {
									"uv": [
										13,
										37
									],
									"uv_size": [
										1,
										1
									]
								},
								"south": {
									"uv": [
										18,
										37
									],
									"uv_size": [
										1,
										1
									]
								},
								"west": {
									"uv": [
										19,
										37
									],
									"uv_size": [
										1,
										1
									]
								},
								"up": {
									"uv": [
										20,
										37
									],
									"uv_size": [
										1,
										1
									]
								},
								"down": {
									"uv": [
										21,
										38
									],
									"uv_size": [
										1,
										-1
									]
								}
							}
						},
						{
							"origin": [
								7.08786,
								0.4,
								3.42326
							],
							"size": [
								0.75,
								0.5,
								0.25
							],
							"pivot": [
								-0.5,
								0,
								1
							],
							"rotation": [
								0,
								-177.5,
								0
							],
							"uv": {
								"north": {
									"uv": [
										22,
										37
									],
									"uv_size": [
										1,
										1
									]
								},
								"east": {
									"uv": [
										23,
										37
									],
									"uv_size": [
										1,
										1
									]
								},
								"south": {
									"uv": [
										24,
										37
									],
									"uv_size": [
										1,
										1
									]
								},
								"west": {
									"uv": [
										25,
										37
									],
									"uv_size": [
										1,
										1
									]
								},
								"up": {
									"uv": [
										26,
										37
									],
									"uv_size": [
										1,
										1
									]
								},
								"down": {
									"uv": [
										27,
										38
									],
									"uv_size": [
										1,
										-1
									]
								}
							}
						},
						{
							"origin": [
								-7.66214,
								0.5,
								1.67326
							],
							"size": [
								0.75,
								0.5,
								0.75
							],
							"pivot": [
								-0.5,
								0,
								1
							],
							"rotation": [
								0,
								-177.5,
								0
							],
							"uv": {
								"north": {
									"uv": [
										28,
										37
									],
									"uv_size": [
										1,
										1
									]
								},
								"east": {
									"uv": [
										29,
										37
									],
									"uv_size": [
										1,
										1
									]
								},
								"south": {
									"uv": [
										30,
										37
									],
									"uv_size": [
										1,
										1
									]
								},
								"west": {
									"uv": [
										31,
										37
									],
									"uv_size": [
										1,
										1
									]
								},
								"up": {
									"uv": [
										37,
										31
									],
									"uv_size": [
										1,
										1
									]
								},
								"down": {
									"uv": [
										32,
										38
									],
									"uv_size": [
										1,
										-1
									]
								}
							}
						},
						{
							"origin": [
								-6.66214,
								0.5,
								1.67326
							],
							"size": [
								0.75,
								0.5,
								0.75
							],
							"pivot": [
								-0.5,
								0,
								1
							],
							"rotation": [
								0,
								-177.5,
								0
							],
							"uv": {
								"north": {
									"uv": [
										37,
										32
									],
									"uv_size": [
										1,
										1
									]
								},
								"east": {
									"uv": [
										33,
										37
									],
									"uv_size": [
										1,
										1
									]
								},
								"south": {
									"uv": [
										37,
										33
									],
									"uv_size": [
										1,
										1
									]
								},
								"west": {
									"uv": [
										34,
										37
									],
									"uv_size": [
										1,
										1
									]
								},
								"up": {
									"uv": [
										37,
										34
									],
									"uv_size": [
										1,
										1
									]
								},
								"down": {
									"uv": [
										35,
										38
									],
									"uv_size": [
										1,
										-1
									]
								}
							}
						},
						{
							"origin": [
								-5.66214,
								0.5,
								1.67326
							],
							"size": [
								0.75,
								0.5,
								0.75
							],
							"pivot": [
								-0.5,
								0,
								1
							],
							"rotation": [
								0,
								-177.5,
								0
							],
							"uv": {
								"north": {
									"uv": [
										37,
										35
									],
									"uv_size": [
										1,
										1
									]
								},
								"east": {
									"uv": [
										36,
										37
									],
									"uv_size": [
										1,
										1
									]
								},
								"south": {
									"uv": [
										37,
										36
									],
									"uv_size": [
										1,
										1
									]
								},
								"west": {
									"uv": [
										37,
										37
									],
									"uv_size": [
										1,
										1
									]
								},
								"up": {
									"uv": [
										0,
										38
									],
									"uv_size": [
										1,
										1
									]
								},
								"down": {
									"uv": [
										1,
										39
									],
									"uv_size": [
										1,
										-1
									]
								}
							}
						},
						{
							"origin": [
								-4.66214,
								0.5,
								1.67326
							],
							"size": [
								0.75,
								0.5,
								0.75
							],
							"pivot": [
								-0.5,
								0,
								1
							],
							"rotation": [
								0,
								-177.5,
								0
							],
							"uv": {
								"north": {
									"uv": [
										2,
										38
									],
									"uv_size": [
										1,
										1
									]
								},
								"east": {
									"uv": [
										3,
										38
									],
									"uv_size": [
										1,
										1
									]
								},
								"south": {
									"uv": [
										4,
										38
									],
									"uv_size": [
										1,
										1
									]
								},
								"west": {
									"uv": [
										5,
										38
									],
									"uv_size": [
										1,
										1
									]
								},
								"up": {
									"uv": [
										6,
										38
									],
									"uv_size": [
										1,
										1
									]
								},
								"down": {
									"uv": [
										38,
										7
									],
									"uv_size": [
										1,
										-1
									]
								}
							}
						},
						{
							"origin": [
								-3.66214,
								0.5,
								1.67326
							],
							"size": [
								0.75,
								0.5,
								0.75
							],
							"pivot": [
								-0.5,
								0,
								1
							],
							"rotation": [
								0,
								-177.5,
								0
							],
							"uv": {
								"north": {
									"uv": [
										7,
										38
									],
									"uv_size": [
										1,
										1
									]
								},
								"east": {
									"uv": [
										38,
										7
									],
									"uv_size": [
										1,
										1
									]
								},
								"south": {
									"uv": [
										8,
										38
									],
									"uv_size": [
										1,
										1
									]
								},
								"west": {
									"uv": [
										38,
										8
									],
									"uv_size": [
										1,
										1
									]
								},
								"up": {
									"uv": [
										9,
										38
									],
									"uv_size": [
										1,
										1
									]
								},
								"down": {
									"uv": [
										38,
										10
									],
									"uv_size": [
										1,
										-1
									]
								}
							}
						},
						{
							"origin": [
								-2.66214,
								0.5,
								1.67326
							],
							"size": [
								0.75,
								0.5,
								0.75
							],
							"pivot": [
								-0.5,
								0,
								1
							],
							"rotation": [
								0,
								-177.5,
								0
							],
							"uv": {
								"north": {
									"uv": [
										10,
										38
									],
									"uv_size": [
										1,
										1
									]
								},
								"east": {
									"uv": [
										38,
										10
									],
									"uv_size": [
										1,
										1
									]
								},
								"south": {
									"uv": [
										11,
										38
									],
									"uv_size": [
										1,
										1
									]
								},
								"west": {
									"uv": [
										38,
										11
									],
									"uv_size": [
										1,
										1
									]
								},
								"up": {
									"uv": [
										12,
										38
									],
									"uv_size": [
										1,
										1
									]
								},
								"down": {
									"uv": [
										13,
										39
									],
									"uv_size": [
										1,
										-1
									]
								}
							}
						},
						{
							"origin": [
								-1.66214,
								0.5,
								1.67326
							],
							"size": [
								0.75,
								0.5,
								0.75
							],
							"pivot": [
								-0.5,
								0,
								1
							],
							"rotation": [
								0,
								-177.5,
								0
							],
							"uv": {
								"north": {
									"uv": [
										18,
										38
									],
									"uv_size": [
										1,
										1
									]
								},
								"east": {
									"uv": [
										19,
										38
									],
									"uv_size": [
										1,
										1
									]
								},
								"south": {
									"uv": [
										20,
										38
									],
									"uv_size": [
										1,
										1
									]
								},
								"west": {
									"uv": [
										21,
										38
									],
									"uv_size": [
										1,
										1
									]
								},
								"up": {
									"uv": [
										22,
										38
									],
									"uv_size": [
										1,
										1
									]
								},
								"down": {
									"uv": [
										23,
										39
									],
									"uv_size": [
										1,
										-1
									]
								}
							}
						},
						{
							"origin": [
								0.33786,
								0.5,
								1.67326
							],
							"size": [
								0.75,
								0.5,
								0.75
							],
							"pivot": [
								-0.5,
								0,
								1
							],
							"rotation": [
								0,
								-177.5,
								0
							],
							"uv": {
								"north": {
									"uv": [
										24,
										38
									],
									"uv_size": [
										1,
										1
									]
								},
								"east": {
									"uv": [
										25,
										38
									],
									"uv_size": [
										1,
										1
									]
								},
								"south": {
									"uv": [
										26,
										38
									],
									"uv_size": [
										1,
										1
									]
								},
								"west": {
									"uv": [
										27,
										38
									],
									"uv_size": [
										1,
										1
									]
								},
								"up": {
									"uv": [
										28,
										38
									],
									"uv_size": [
										1,
										1
									]
								},
								"down": {
									"uv": [
										29,
										39
									],
									"uv_size": [
										1,
										-1
									]
								}
							}
						},
						{
							"origin": [
								-0.66214,
								0.5,
								1.67326
							],
							"size": [
								0.75,
								0.5,
								0.75
							],
							"pivot": [
								-0.5,
								0,
								1
							],
							"rotation": [
								0,
								-177.5,
								0
							],
							"uv": {
								"north": {
									"uv": [
										30,
										38
									],
									"uv_size": [
										1,
										1
									]
								},
								"east": {
									"uv": [
										31,
										38
									],
									"uv_size": [
										1,
										1
									]
								},
								"south": {
									"uv": [
										38,
										31
									],
									"uv_size": [
										1,
										1
									]
								},
								"west": {
									"uv": [
										32,
										38
									],
									"uv_size": [
										1,
										1
									]
								},
								"up": {
									"uv": [
										38,
										32
									],
									"uv_size": [
										1,
										1
									]
								},
								"down": {
									"uv": [
										33,
										39
									],
									"uv_size": [
										1,
										-1
									]
								}
							}
						},
						{
							"origin": [
								1.33786,
								0.5,
								1.67326
							],
							"size": [
								0.75,
								0.5,
								0.75
							],
							"pivot": [
								-0.5,
								0,
								1
							],
							"rotation": [
								0,
								-177.5,
								0
							],
							"uv": {
								"north": {
									"uv": [
										38,
										33
									],
									"uv_size": [
										1,
										1
									]
								},
								"east": {
									"uv": [
										34,
										38
									],
									"uv_size": [
										1,
										1
									]
								},
								"south": {
									"uv": [
										38,
										34
									],
									"uv_size": [
										1,
										1
									]
								},
								"west": {
									"uv": [
										35,
										38
									],
									"uv_size": [
										1,
										1
									]
								},
								"up": {
									"uv": [
										38,
										35
									],
									"uv_size": [
										1,
										1
									]
								},
								"down": {
									"uv": [
										36,
										39
									],
									"uv_size": [
										1,
										-1
									]
								}
							}
						},
						{
							"origin": [
								2.33786,
								0.5,
								1.67326
							],
							"size": [
								1.75,
								0.5,
								0.75
							],
							"pivot": [
								-0.5,
								0,
								1
							],
							"rotation": [
								0,
								-177.5,
								0
							],
							"uv": {
								"north": {
									"uv": [
										2,
										34
									],
									"uv_size": [
										2,
										1
									]
								},
								"east": {
									"uv": [
										38,
										36
									],
									"uv_size": [
										1,
										1
									]
								},
								"south": {
									"uv": [
										4,
										34
									],
									"uv_size": [
										2,
										1
									]
								},
								"west": {
									"uv": [
										37,
										38
									],
									"uv_size": [
										1,
										1
									]
								},
								"up": {
									"uv": [
										6,
										34
									],
									"uv_size": [
										2,
										1
									]
								},
								"down": {
									"uv": [
										8,
										35
									],
									"uv_size": [
										2,
										-1
									]
								}
							}
						},
						{
							"origin": [
								5.08786,
								0.5,
								1.67326
							],
							"size": [
								0.75,
								0.5,
								0.75
							],
							"pivot": [
								-0.5,
								0,
								1
							],
							"rotation": [
								0,
								-177.5,
								0
							],
							"uv": {
								"north": {
									"uv": [
										38,
										37
									],
									"uv_size": [
										1,
										1
									]
								},
								"east": {
									"uv": [
										38,
										38
									],
									"uv_size": [
										1,
										1
									]
								},
								"south": {
									"uv": [
										0,
										39
									],
									"uv_size": [
										1,
										1
									]
								},
								"west": {
									"uv": [
										1,
										39
									],
									"uv_size": [
										1,
										1
									]
								},
								"up": {
									"uv": [
										2,
										39
									],
									"uv_size": [
										1,
										1
									]
								},
								"down": {
									"uv": [
										3,
										40
									],
									"uv_size": [
										1,
										-1
									]
								}
							}
						},
						{
							"origin": [
								6.08786,
								0.5,
								1.67326
							],
							"size": [
								0.75,
								0.5,
								0.75
							],
							"pivot": [
								-0.5,
								0,
								1
							],
							"rotation": [
								0,
								-177.5,
								0
							],
							"uv": {
								"north": {
									"uv": [
										4,
										39
									],
									"uv_size": [
										1,
										1
									]
								},
								"east": {
									"uv": [
										5,
										39
									],
									"uv_size": [
										1,
										1
									]
								},
								"south": {
									"uv": [
										6,
										39
									],
									"uv_size": [
										1,
										1
									]
								},
								"west": {
									"uv": [
										39,
										6
									],
									"uv_size": [
										1,
										1
									]
								},
								"up": {
									"uv": [
										7,
										39
									],
									"uv_size": [
										1,
										1
									]
								},
								"down": {
									"uv": [
										39,
										8
									],
									"uv_size": [
										1,
										-1
									]
								}
							}
						},
						{
							"origin": [
								7.08786,
								0.5,
								1.67326
							],
							"size": [
								0.75,
								0.5,
								0.75
							],
							"pivot": [
								-0.5,
								0,
								1
							],
							"rotation": [
								0,
								-177.5,
								0
							],
							"uv": {
								"north": {
									"uv": [
										8,
										39
									],
									"uv_size": [
										1,
										1
									]
								},
								"east": {
									"uv": [
										39,
										8
									],
									"uv_size": [
										1,
										1
									]
								},
								"south": {
									"uv": [
										9,
										39
									],
									"uv_size": [
										1,
										1
									]
								},
								"west": {
									"uv": [
										39,
										9
									],
									"uv_size": [
										1,
										1
									]
								},
								"up": {
									"uv": [
										10,
										39
									],
									"uv_size": [
										1,
										1
									]
								},
								"down": {
									"uv": [
										39,
										11
									],
									"uv_size": [
										1,
										-1
									]
								}
							}
						},
						{
							"origin": [
								7.08786,
								0.5,
								0.67326
							],
							"size": [
								0.75,
								0.5,
								0.75
							],
							"pivot": [
								-0.5,
								0,
								1
							],
							"rotation": [
								0,
								-177.5,
								0
							],
							"uv": {
								"north": {
									"uv": [
										11,
										39
									],
									"uv_size": [
										1,
										1
									]
								},
								"east": {
									"uv": [
										39,
										11
									],
									"uv_size": [
										1,
										1
									]
								},
								"south": {
									"uv": [
										12,
										39
									],
									"uv_size": [
										1,
										1
									]
								},
								"west": {
									"uv": [
										13,
										39
									],
									"uv_size": [
										1,
										1
									]
								},
								"up": {
									"uv": [
										14,
										39
									],
									"uv_size": [
										1,
										1
									]
								},
								"down": {
									"uv": [
										15,
										40
									],
									"uv_size": [
										1,
										-1
									]
								}
							}
						},
						{
							"origin": [
								6.08786,
								0.5,
								0.67326
							],
							"size": [
								0.75,
								0.5,
								0.75
							],
							"pivot": [
								-0.5,
								0,
								1
							],
							"rotation": [
								0,
								-177.5,
								0
							],
							"uv": {
								"north": {
									"uv": [
										16,
										39
									],
									"uv_size": [
										1,
										1
									]
								},
								"east": {
									"uv": [
										17,
										39
									],
									"uv_size": [
										1,
										1
									]
								},
								"south": {
									"uv": [
										18,
										39
									],
									"uv_size": [
										1,
										1
									]
								},
								"west": {
									"uv": [
										19,
										39
									],
									"uv_size": [
										1,
										1
									]
								},
								"up": {
									"uv": [
										20,
										39
									],
									"uv_size": [
										1,
										1
									]
								},
								"down": {
									"uv": [
										21,
										40
									],
									"uv_size": [
										1,
										-1
									]
								}
							}
						},
						{
							"origin": [
								5.08786,
								0.5,
								0.67326
							],
							"size": [
								0.75,
								0.5,
								0.75
							],
							"pivot": [
								-0.5,
								0,
								1
							],
							"rotation": [
								0,
								-177.5,
								0
							],
							"uv": {
								"north": {
									"uv": [
										22,
										39
									],
									"uv_size": [
										1,
										1
									]
								},
								"east": {
									"uv": [
										23,
										39
									],
									"uv_size": [
										1,
										1
									]
								},
								"south": {
									"uv": [
										24,
										39
									],
									"uv_size": [
										1,
										1
									]
								},
								"west": {
									"uv": [
										25,
										39
									],
									"uv_size": [
										1,
										1
									]
								},
								"up": {
									"uv": [
										26,
										39
									],
									"uv_size": [
										1,
										1
									]
								},
								"down": {
									"uv": [
										27,
										40
									],
									"uv_size": [
										1,
										-1
									]
								}
							}
						},
						{
							"origin": [
								7.08786,
								0.5,
								-2.32674
							],
							"size": [
								0.75,
								0.5,
								0.75
							],
							"pivot": [
								-0.5,
								0,
								1
							],
							"rotation": [
								0,
								-177.5,
								0
							],
							"uv": {
								"north": {
									"uv": [
										28,
										39
									],
									"uv_size": [
										1,
										1
									]
								},
								"east": {
									"uv": [
										29,
										39
									],
									"uv_size": [
										1,
										1
									]
								},
								"south": {
									"uv": [
										30,
										39
									],
									"uv_size": [
										1,
										1
									]
								},
								"west": {
									"uv": [
										31,
										39
									],
									"uv_size": [
										1,
										1
									]
								},
								"up": {
									"uv": [
										39,
										31
									],
									"uv_size": [
										1,
										1
									]
								},
								"down": {
									"uv": [
										32,
										40
									],
									"uv_size": [
										1,
										-1
									]
								}
							}
						},
						{
							"origin": [
								6.08786,
								0.5,
								-2.32674
							],
							"size": [
								0.75,
								0.5,
								0.75
							],
							"pivot": [
								-0.5,
								0,
								1
							],
							"rotation": [
								0,
								-177.5,
								0
							],
							"uv": {
								"north": {
									"uv": [
										39,
										32
									],
									"uv_size": [
										1,
										1
									]
								},
								"east": {
									"uv": [
										33,
										39
									],
									"uv_size": [
										1,
										1
									]
								},
								"south": {
									"uv": [
										39,
										33
									],
									"uv_size": [
										1,
										1
									]
								},
								"west": {
									"uv": [
										34,
										39
									],
									"uv_size": [
										1,
										1
									]
								},
								"up": {
									"uv": [
										39,
										34
									],
									"uv_size": [
										1,
										1
									]
								},
								"down": {
									"uv": [
										35,
										40
									],
									"uv_size": [
										1,
										-1
									]
								}
							}
						},
						{
							"origin": [
								5.08786,
								0.5,
								-2.32674
							],
							"size": [
								0.75,
								0.5,
								0.75
							],
							"pivot": [
								-0.5,
								0,
								1
							],
							"rotation": [
								0,
								-177.5,
								0
							],
							"uv": {
								"north": {
									"uv": [
										39,
										35
									],
									"uv_size": [
										1,
										1
									]
								},
								"east": {
									"uv": [
										36,
										39
									],
									"uv_size": [
										1,
										1
									]
								},
								"south": {
									"uv": [
										39,
										36
									],
									"uv_size": [
										1,
										1
									]
								},
								"west": {
									"uv": [
										37,
										39
									],
									"uv_size": [
										1,
										1
									]
								},
								"up": {
									"uv": [
										39,
										37
									],
									"uv_size": [
										1,
										1
									]
								},
								"down": {
									"uv": [
										38,
										40
									],
									"uv_size": [
										1,
										-1
									]
								}
							}
						},
						{
							"origin": [
								6.08786,
								0.5,
								-1.32674
							],
							"size": [
								0.75,
								0.5,
								0.75
							],
							"pivot": [
								-0.5,
								0,
								1
							],
							"rotation": [
								0,
								-177.5,
								0
							],
							"uv": {
								"north": {
									"uv": [
										39,
										38
									],
									"uv_size": [
										1,
										1
									]
								},
								"east": {
									"uv": [
										39,
										39
									],
									"uv_size": [
										1,
										1
									]
								},
								"south": {
									"uv": [
										0,
										40
									],
									"uv_size": [
										1,
										1
									]
								},
								"west": {
									"uv": [
										1,
										40
									],
									"uv_size": [
										1,
										1
									]
								},
								"up": {
									"uv": [
										2,
										40
									],
									"uv_size": [
										1,
										1
									]
								},
								"down": {
									"uv": [
										3,
										41
									],
									"uv_size": [
										1,
										-1
									]
								}
							}
						},
						{
							"origin": [
								-8.16214,
								0.5,
								0.67326
							],
							"size": [
								1.5,
								0.5,
								0.75
							],
							"pivot": [
								-0.5,
								0,
								1
							],
							"rotation": [
								0,
								-177.5,
								0
							],
							"uv": {
								"north": {
									"uv": [
										10,
										34
									],
									"uv_size": [
										2,
										1
									]
								},
								"east": {
									"uv": [
										4,
										40
									],
									"uv_size": [
										1,
										1
									]
								},
								"south": {
									"uv": [
										18,
										34
									],
									"uv_size": [
										2,
										1
									]
								},
								"west": {
									"uv": [
										5,
										40
									],
									"uv_size": [
										1,
										1
									]
								},
								"up": {
									"uv": [
										20,
										34
									],
									"uv_size": [
										2,
										1
									]
								},
								"down": {
									"uv": [
										22,
										35
									],
									"uv_size": [
										2,
										-1
									]
								}
							}
						},
						{
							"origin": [
								-8.16214,
								0.5,
								-0.32674
							],
							"size": [
								1.5,
								0.5,
								0.75
							],
							"pivot": [
								-0.5,
								0,
								1
							],
							"rotation": [
								0,
								-177.5,
								0
							],
							"uv": {
								"north": {
									"uv": [
										24,
										34
									],
									"uv_size": [
										2,
										1
									]
								},
								"east": {
									"uv": [
										6,
										40
									],
									"uv_size": [
										1,
										1
									]
								},
								"south": {
									"uv": [
										26,
										34
									],
									"uv_size": [
										2,
										1
									]
								},
								"west": {
									"uv": [
										40,
										6
									],
									"uv_size": [
										1,
										1
									]
								},
								"up": {
									"uv": [
										28,
										34
									],
									"uv_size": [
										2,
										1
									]
								},
								"down": {
									"uv": [
										30,
										35
									],
									"uv_size": [
										2,
										-1
									]
								}
							}
						},
						{
							"origin": [
								-8.16214,
								0.5,
								-1.32674
							],
							"size": [
								2.25,
								0.5,
								0.75
							],
							"pivot": [
								-0.5,
								0,
								1
							],
							"rotation": [
								0,
								-177.5,
								0
							],
							"uv": {
								"north": {
									"uv": [
										32,
										34
									],
									"uv_size": [
										2,
										1
									]
								},
								"east": {
									"uv": [
										7,
										40
									],
									"uv_size": [
										1,
										1
									]
								},
								"south": {
									"uv": [
										34,
										32
									],
									"uv_size": [
										2,
										1
									]
								},
								"west": {
									"uv": [
										40,
										7
									],
									"uv_size": [
										1,
										1
									]
								},
								"up": {
									"uv": [
										34,
										34
									],
									"uv_size": [
										2,
										1
									]
								},
								"down": {
									"uv": [
										2,
										36
									],
									"uv_size": [
										2,
										-1
									]
								}
							}
						},
						{
							"origin": [
								-8.16214,
								0.5,
								-2.32674
							],
							"size": [
								1,
								0.5,
								0.75
							],
							"pivot": [
								-0.5,
								0,
								1
							],
							"rotation": [
								0,
								-177.5,
								0
							],
							"uv": {
								"north": {
									"uv": [
										8,
										40
									],
									"uv_size": [
										1,
										1
									]
								},
								"east": {
									"uv": [
										40,
										8
									],
									"uv_size": [
										1,
										1
									]
								},
								"south": {
									"uv": [
										9,
										40
									],
									"uv_size": [
										1,
										1
									]
								},
								"west": {
									"uv": [
										40,
										9
									],
									"uv_size": [
										1,
										1
									]
								},
								"up": {
									"uv": [
										10,
										40
									],
									"uv_size": [
										1,
										1
									]
								},
								"down": {
									"uv": [
										40,
										11
									],
									"uv_size": [
										1,
										-1
									]
								}
							}
						},
						{
							"origin": [
								-6.91214,
								0.5,
								-2.32674
							],
							"size": [
								1,
								0.5,
								0.75
							],
							"pivot": [
								-0.5,
								0,
								1
							],
							"rotation": [
								0,
								-177.5,
								0
							],
							"uv": {
								"north": {
									"uv": [
										11,
										40
									],
									"uv_size": [
										1,
										1
									]
								},
								"east": {
									"uv": [
										40,
										11
									],
									"uv_size": [
										1,
										1
									]
								},
								"south": {
									"uv": [
										12,
										40
									],
									"uv_size": [
										1,
										1
									]
								},
								"west": {
									"uv": [
										13,
										40
									],
									"uv_size": [
										1,
										1
									]
								},
								"up": {
									"uv": [
										14,
										40
									],
									"uv_size": [
										1,
										1
									]
								},
								"down": {
									"uv": [
										15,
										41
									],
									"uv_size": [
										1,
										-1
									]
								}
							}
						},
						{
							"origin": [
								-5.66214,
								0.5,
								-2.32674
							],
							"size": [
								1,
								0.5,
								0.75
							],
							"pivot": [
								-0.5,
								0,
								1
							],
							"rotation": [
								0,
								-177.5,
								0
							],
							"uv": {
								"north": {
									"uv": [
										16,
										40
									],
									"uv_size": [
										1,
										1
									]
								},
								"east": {
									"uv": [
										17,
										40
									],
									"uv_size": [
										1,
										1
									]
								},
								"south": {
									"uv": [
										18,
										40
									],
									"uv_size": [
										1,
										1
									]
								},
								"west": {
									"uv": [
										19,
										40
									],
									"uv_size": [
										1,
										1
									]
								},
								"up": {
									"uv": [
										20,
										40
									],
									"uv_size": [
										1,
										1
									]
								},
								"down": {
									"uv": [
										21,
										41
									],
									"uv_size": [
										1,
										-1
									]
								}
							}
						},
						{
							"origin": [
								-4.41214,
								0.5,
								-2.32674
							],
							"size": [
								6,
								0.5,
								0.75
							],
							"pivot": [
								-0.5,
								0,
								1
							],
							"rotation": [
								0,
								-177.5,
								0
							],
							"uv": {
								"north": {
									"uv": [
										18,
										31
									],
									"uv_size": [
										6,
										1
									]
								},
								"east": {
									"uv": [
										22,
										40
									],
									"uv_size": [
										1,
										1
									]
								},
								"south": {
									"uv": [
										24,
										31
									],
									"uv_size": [
										6,
										1
									]
								},
								"west": {
									"uv": [
										23,
										40
									],
									"uv_size": [
										1,
										1
									]
								},
								"up": {
									"uv": [
										30,
										31
									],
									"uv_size": [
										6,
										1
									]
								},
								"down": {
									"uv": [
										0,
										33
									],
									"uv_size": [
										6,
										-1
									]
								}
							}
						},
						{
							"origin": [
								1.83786,
								0.5,
								-2.32674
							],
							"size": [
								1,
								0.5,
								0.75
							],
							"pivot": [
								-0.5,
								0,
								1
							],
							"rotation": [
								0,
								-177.5,
								0
							],
							"uv": {
								"north": {
									"uv": [
										24,
										40
									],
									"uv_size": [
										1,
										1
									]
								},
								"east": {
									"uv": [
										25,
										40
									],
									"uv_size": [
										1,
										1
									]
								},
								"south": {
									"uv": [
										26,
										40
									],
									"uv_size": [
										1,
										1
									]
								},
								"west": {
									"uv": [
										27,
										40
									],
									"uv_size": [
										1,
										1
									]
								},
								"up": {
									"uv": [
										28,
										40
									],
									"uv_size": [
										1,
										1
									]
								},
								"down": {
									"uv": [
										29,
										41
									],
									"uv_size": [
										1,
										-1
									]
								}
							}
						},
						{
							"origin": [
								3.08786,
								0.5,
								-2.32674
							],
							"size": [
								1,
								0.5,
								0.75
							],
							"pivot": [
								-0.5,
								0,
								1
							],
							"rotation": [
								0,
								-177.5,
								0
							],
							"uv": {
								"north": {
									"uv": [
										30,
										40
									],
									"uv_size": [
										1,
										1
									]
								},
								"east": {
									"uv": [
										31,
										40
									],
									"uv_size": [
										1,
										1
									]
								},
								"south": {
									"uv": [
										40,
										31
									],
									"uv_size": [
										1,
										1
									]
								},
								"west": {
									"uv": [
										32,
										40
									],
									"uv_size": [
										1,
										1
									]
								},
								"up": {
									"uv": [
										40,
										32
									],
									"uv_size": [
										1,
										1
									]
								},
								"down": {
									"uv": [
										33,
										41
									],
									"uv_size": [
										1,
										-1
									]
								}
							}
						},
						{
							"origin": [
								1.08786,
								0.5,
								-1.32674
							],
							"size": [
								3,
								0.5,
								0.75
							],
							"pivot": [
								-0.5,
								0,
								1
							],
							"rotation": [
								0,
								-177.5,
								0
							],
							"uv": {
								"north": {
									"uv": [
										22,
										32
									],
									"uv_size": [
										3,
										1
									]
								},
								"east": {
									"uv": [
										40,
										33
									],
									"uv_size": [
										1,
										1
									]
								},
								"south": {
									"uv": [
										25,
										32
									],
									"uv_size": [
										3,
										1
									]
								},
								"west": {
									"uv": [
										34,
										40
									],
									"uv_size": [
										1,
										1
									]
								},
								"up": {
									"uv": [
										28,
										32
									],
									"uv_size": [
										3,
										1
									]
								},
								"down": {
									"uv": [
										31,
										33
									],
									"uv_size": [
										3,
										-1
									]
								}
							}
						},
						{
							"origin": [
								1.83786,
								0.5,
								-0.32674
							],
							"size": [
								2.25,
								0.5,
								0.75
							],
							"pivot": [
								-0.5,
								0,
								1
							],
							"rotation": [
								0,
								-177.5,
								0
							],
							"uv": {
								"north": {
									"uv": [
										4,
										35
									],
									"uv_size": [
										2,
										1
									]
								},
								"east": {
									"uv": [
										40,
										34
									],
									"uv_size": [
										1,
										1
									]
								},
								"south": {
									"uv": [
										6,
										35
									],
									"uv_size": [
										2,
										1
									]
								},
								"west": {
									"uv": [
										35,
										40
									],
									"uv_size": [
										1,
										1
									]
								},
								"up": {
									"uv": [
										35,
										6
									],
									"uv_size": [
										2,
										1
									]
								},
								"down": {
									"uv": [
										35,
										8
									],
									"uv_size": [
										2,
										-1
									]
								}
							}
						},
						{
							"origin": [
								2.58786,
								0.5,
								0.67326
							],
							"size": [
								1.5,
								0.5,
								0.75
							],
							"pivot": [
								-0.5,
								0,
								1
							],
							"rotation": [
								0,
								-177.5,
								0
							],
							"uv": {
								"north": {
									"uv": [
										8,
										35
									],
									"uv_size": [
										2,
										1
									]
								},
								"east": {
									"uv": [
										40,
										35
									],
									"uv_size": [
										1,
										1
									]
								},
								"south": {
									"uv": [
										35,
										8
									],
									"uv_size": [
										2,
										1
									]
								},
								"west": {
									"uv": [
										36,
										40
									],
									"uv_size": [
										1,
										1
									]
								},
								"up": {
									"uv": [
										35,
										9
									],
									"uv_size": [
										2,
										1
									]
								},
								"down": {
									"uv": [
										10,
										36
									],
									"uv_size": [
										2,
										-1
									]
								}
							}
						},
						{
							"origin": [
								-6.16214,
								0.5,
								0.67326
							],
							"size": [
								0.75,
								0.5,
								0.75
							],
							"pivot": [
								-0.5,
								0,
								1
							],
							"rotation": [
								0,
								-177.5,
								0
							],
							"uv": {
								"north": {
									"uv": [
										40,
										36
									],
									"uv_size": [
										1,
										1
									]
								},
								"east": {
									"uv": [
										37,
										40
									],
									"uv_size": [
										1,
										1
									]
								},
								"south": {
									"uv": [
										40,
										37
									],
									"uv_size": [
										1,
										1
									]
								},
								"west": {
									"uv": [
										38,
										40
									],
									"uv_size": [
										1,
										1
									]
								},
								"up": {
									"uv": [
										40,
										38
									],
									"uv_size": [
										1,
										1
									]
								},
								"down": {
									"uv": [
										39,
										41
									],
									"uv_size": [
										1,
										-1
									]
								}
							}
						},
						{
							"origin": [
								-5.16214,
								0.5,
								0.67326
							],
							"size": [
								0.75,
								0.5,
								0.75
							],
							"pivot": [
								-0.5,
								0,
								1
							],
							"rotation": [
								0,
								-177.5,
								0
							],
							"uv": {
								"north": {
									"uv": [
										40,
										39
									],
									"uv_size": [
										1,
										1
									]
								},
								"east": {
									"uv": [
										40,
										40
									],
									"uv_size": [
										1,
										1
									]
								},
								"south": {
									"uv": [
										0,
										41
									],
									"uv_size": [
										1,
										1
									]
								},
								"west": {
									"uv": [
										1,
										41
									],
									"uv_size": [
										1,
										1
									]
								},
								"up": {
									"uv": [
										2,
										41
									],
									"uv_size": [
										1,
										1
									]
								},
								"down": {
									"uv": [
										3,
										42
									],
									"uv_size": [
										1,
										-1
									]
								}
							}
						},
						{
							"origin": [
								-4.16214,
								0.5,
								0.67326
							],
							"size": [
								0.75,
								0.5,
								0.75
							],
							"pivot": [
								-0.5,
								0,
								1
							],
							"rotation": [
								0,
								-177.5,
								0
							],
							"uv": {
								"north": {
									"uv": [
										4,
										41
									],
									"uv_size": [
										1,
										1
									]
								},
								"east": {
									"uv": [
										5,
										41
									],
									"uv_size": [
										1,
										1
									]
								},
								"south": {
									"uv": [
										6,
										41
									],
									"uv_size": [
										1,
										1
									]
								},
								"west": {
									"uv": [
										41,
										6
									],
									"uv_size": [
										1,
										1
									]
								},
								"up": {
									"uv": [
										7,
										41
									],
									"uv_size": [
										1,
										1
									]
								},
								"down": {
									"uv": [
										41,
										8
									],
									"uv_size": [
										1,
										-1
									]
								}
							}
						},
						{
							"origin": [
								-3.16214,
								0.5,
								0.67326
							],
							"size": [
								0.75,
								0.5,
								0.75
							],
							"pivot": [
								-0.5,
								0,
								1
							],
							"rotation": [
								0,
								-177.5,
								0
							],
							"uv": {
								"north": {
									"uv": [
										8,
										41
									],
									"uv_size": [
										1,
										1
									]
								},
								"east": {
									"uv": [
										41,
										8
									],
									"uv_size": [
										1,
										1
									]
								},
								"south": {
									"uv": [
										9,
										41
									],
									"uv_size": [
										1,
										1
									]
								},
								"west": {
									"uv": [
										41,
										9
									],
									"uv_size": [
										1,
										1
									]
								},
								"up": {
									"uv": [
										10,
										41
									],
									"uv_size": [
										1,
										1
									]
								},
								"down": {
									"uv": [
										41,
										11
									],
									"uv_size": [
										1,
										-1
									]
								}
							}
						},
						{
							"origin": [
								-2.16214,
								0.5,
								0.67326
							],
							"size": [
								0.75,
								0.5,
								0.75
							],
							"pivot": [
								-0.5,
								0,
								1
							],
							"rotation": [
								0,
								-177.5,
								0
							],
							"uv": {
								"north": {
									"uv": [
										11,
										41
									],
									"uv_size": [
										1,
										1
									]
								},
								"east": {
									"uv": [
										41,
										11
									],
									"uv_size": [
										1,
										1
									]
								},
								"south": {
									"uv": [
										12,
										41
									],
									"uv_size": [
										1,
										1
									]
								},
								"west": {
									"uv": [
										13,
										41
									],
									"uv_size": [
										1,
										1
									]
								},
								"up": {
									"uv": [
										14,
										41
									],
									"uv_size": [
										1,
										1
									]
								},
								"down": {
									"uv": [
										15,
										42
									],
									"uv_size": [
										1,
										-1
									]
								}
							}
						},
						{
							"origin": [
								-1.16214,
								0.5,
								0.67326
							],
							"size": [
								0.75,
								0.5,
								0.75
							],
							"pivot": [
								-0.5,
								0,
								1
							],
							"rotation": [
								0,
								-177.5,
								0
							],
							"uv": {
								"north": {
									"uv": [
										16,
										41
									],
									"uv_size": [
										1,
										1
									]
								},
								"east": {
									"uv": [
										17,
										41
									],
									"uv_size": [
										1,
										1
									]
								},
								"south": {
									"uv": [
										18,
										41
									],
									"uv_size": [
										1,
										1
									]
								},
								"west": {
									"uv": [
										19,
										41
									],
									"uv_size": [
										1,
										1
									]
								},
								"up": {
									"uv": [
										20,
										41
									],
									"uv_size": [
										1,
										1
									]
								},
								"down": {
									"uv": [
										21,
										42
									],
									"uv_size": [
										1,
										-1
									]
								}
							}
						},
						{
							"origin": [
								-0.16214,
								0.5,
								0.67326
							],
							"size": [
								0.75,
								0.5,
								0.75
							],
							"pivot": [
								-0.5,
								0,
								1
							],
							"rotation": [
								0,
								-177.5,
								0
							],
							"uv": {
								"north": {
									"uv": [
										22,
										41
									],
									"uv_size": [
										1,
										1
									]
								},
								"east": {
									"uv": [
										23,
										41
									],
									"uv_size": [
										1,
										1
									]
								},
								"south": {
									"uv": [
										24,
										41
									],
									"uv_size": [
										1,
										1
									]
								},
								"west": {
									"uv": [
										25,
										41
									],
									"uv_size": [
										1,
										1
									]
								},
								"up": {
									"uv": [
										26,
										41
									],
									"uv_size": [
										1,
										1
									]
								},
								"down": {
									"uv": [
										27,
										42
									],
									"uv_size": [
										1,
										-1
									]
								}
							}
						},
						{
							"origin": [
								0.83786,
								0.5,
								0.67326
							],
							"size": [
								0.75,
								0.5,
								0.75
							],
							"pivot": [
								-0.5,
								0,
								1
							],
							"rotation": [
								0,
								-177.5,
								0
							],
							"uv": {
								"north": {
									"uv": [
										28,
										41
									],
									"uv_size": [
										1,
										1
									]
								},
								"east": {
									"uv": [
										29,
										41
									],
									"uv_size": [
										1,
										1
									]
								},
								"south": {
									"uv": [
										30,
										41
									],
									"uv_size": [
										1,
										1
									]
								},
								"west": {
									"uv": [
										31,
										41
									],
									"uv_size": [
										1,
										1
									]
								},
								"up": {
									"uv": [
										41,
										31
									],
									"uv_size": [
										1,
										1
									]
								},
								"down": {
									"uv": [
										32,
										42
									],
									"uv_size": [
										1,
										-1
									]
								}
							}
						},
						{
							"origin": [
								-6.16214,
								0.5,
								-0.32674
							],
							"size": [
								0.75,
								0.5,
								0.75
							],
							"pivot": [
								-0.5,
								0,
								1
							],
							"rotation": [
								0,
								-177.5,
								0
							],
							"uv": {
								"north": {
									"uv": [
										41,
										32
									],
									"uv_size": [
										1,
										1
									]
								},
								"east": {
									"uv": [
										33,
										41
									],
									"uv_size": [
										1,
										1
									]
								},
								"south": {
									"uv": [
										41,
										33
									],
									"uv_size": [
										1,
										1
									]
								},
								"west": {
									"uv": [
										34,
										41
									],
									"uv_size": [
										1,
										1
									]
								},
								"up": {
									"uv": [
										41,
										34
									],
									"uv_size": [
										1,
										1
									]
								},
								"down": {
									"uv": [
										35,
										42
									],
									"uv_size": [
										1,
										-1
									]
								}
							}
						},
						{
							"origin": [
								-5.16214,
								0.5,
								-0.32674
							],
							"size": [
								0.75,
								0.5,
								0.75
							],
							"pivot": [
								-0.5,
								0,
								1
							],
							"rotation": [
								0,
								-177.5,
								0
							],
							"uv": {
								"north": {
									"uv": [
										41,
										35
									],
									"uv_size": [
										1,
										1
									]
								},
								"east": {
									"uv": [
										36,
										41
									],
									"uv_size": [
										1,
										1
									]
								},
								"south": {
									"uv": [
										41,
										36
									],
									"uv_size": [
										1,
										1
									]
								},
								"west": {
									"uv": [
										37,
										41
									],
									"uv_size": [
										1,
										1
									]
								},
								"up": {
									"uv": [
										41,
										37
									],
									"uv_size": [
										1,
										1
									]
								},
								"down": {
									"uv": [
										38,
										42
									],
									"uv_size": [
										1,
										-1
									]
								}
							}
						},
						{
							"origin": [
								-4.16214,
								0.5,
								-0.32674
							],
							"size": [
								0.75,
								0.5,
								0.75
							],
							"pivot": [
								-0.5,
								0,
								1
							],
							"rotation": [
								0,
								-177.5,
								0
							],
							"uv": {
								"north": {
									"uv": [
										41,
										38
									],
									"uv_size": [
										1,
										1
									]
								},
								"east": {
									"uv": [
										39,
										41
									],
									"uv_size": [
										1,
										1
									]
								},
								"south": {
									"uv": [
										41,
										39
									],
									"uv_size": [
										1,
										1
									]
								},
								"west": {
									"uv": [
										40,
										41
									],
									"uv_size": [
										1,
										1
									]
								},
								"up": {
									"uv": [
										41,
										40
									],
									"uv_size": [
										1,
										1
									]
								},
								"down": {
									"uv": [
										41,
										42
									],
									"uv_size": [
										1,
										-1
									]
								}
							}
						},
						{
							"origin": [
								-3.16214,
								0.5,
								-0.32674
							],
							"size": [
								0.75,
								0.5,
								0.75
							],
							"pivot": [
								-0.5,
								0,
								1
							],
							"rotation": [
								0,
								-177.5,
								0
							],
							"uv": {
								"north": {
									"uv": [
										0,
										42
									],
									"uv_size": [
										1,
										1
									]
								},
								"east": {
									"uv": [
										1,
										42
									],
									"uv_size": [
										1,
										1
									]
								},
								"south": {
									"uv": [
										2,
										42
									],
									"uv_size": [
										1,
										1
									]
								},
								"west": {
									"uv": [
										3,
										42
									],
									"uv_size": [
										1,
										1
									]
								},
								"up": {
									"uv": [
										4,
										42
									],
									"uv_size": [
										1,
										1
									]
								},
								"down": {
									"uv": [
										5,
										43
									],
									"uv_size": [
										1,
										-1
									]
								}
							}
						},
						{
							"origin": [
								-2.16214,
								0.5,
								-0.32674
							],
							"size": [
								0.75,
								0.5,
								0.75
							],
							"pivot": [
								-0.5,
								0,
								1
							],
							"rotation": [
								0,
								-177.5,
								0
							],
							"uv": {
								"north": {
									"uv": [
										6,
										42
									],
									"uv_size": [
										1,
										1
									]
								},
								"east": {
									"uv": [
										42,
										6
									],
									"uv_size": [
										1,
										1
									]
								},
								"south": {
									"uv": [
										7,
										42
									],
									"uv_size": [
										1,
										1
									]
								},
								"west": {
									"uv": [
										42,
										7
									],
									"uv_size": [
										1,
										1
									]
								},
								"up": {
									"uv": [
										8,
										42
									],
									"uv_size": [
										1,
										1
									]
								},
								"down": {
									"uv": [
										42,
										9
									],
									"uv_size": [
										1,
										-1
									]
								}
							}
						},
						{
							"origin": [
								-1.16214,
								0.5,
								-0.32674
							],
							"size": [
								0.75,
								0.5,
								0.75
							],
							"pivot": [
								-0.5,
								0,
								1
							],
							"rotation": [
								0,
								-177.5,
								0
							],
							"uv": {
								"north": {
									"uv": [
										9,
										42
									],
									"uv_size": [
										1,
										1
									]
								},
								"east": {
									"uv": [
										42,
										9
									],
									"uv_size": [
										1,
										1
									]
								},
								"south": {
									"uv": [
										10,
										42
									],
									"uv_size": [
										1,
										1
									]
								},
								"west": {
									"uv": [
										42,
										10
									],
									"uv_size": [
										1,
										1
									]
								},
								"up": {
									"uv": [
										11,
										42
									],
									"uv_size": [
										1,
										1
									]
								},
								"down": {
									"uv": [
										42,
										12
									],
									"uv_size": [
										1,
										-1
									]
								}
							}
						},
						{
							"origin": [
								-0.16214,
								0.5,
								-0.32674
							],
							"size": [
								0.75,
								0.5,
								0.75
							],
							"pivot": [
								-0.5,
								0,
								1
							],
							"rotation": [
								0,
								-177.5,
								0
							],
							"uv": {
								"north": {
									"uv": [
										12,
										42
									],
									"uv_size": [
										1,
										1
									]
								},
								"east": {
									"uv": [
										42,
										12
									],
									"uv_size": [
										1,
										1
									]
								},
								"south": {
									"uv": [
										13,
										42
									],
									"uv_size": [
										1,
										1
									]
								},
								"west": {
									"uv": [
										42,
										13
									],
									"uv_size": [
										1,
										1
									]
								},
								"up": {
									"uv": [
										14,
										42
									],
									"uv_size": [
										1,
										1
									]
								},
								"down": {
									"uv": [
										42,
										15
									],
									"uv_size": [
										1,
										-1
									]
								}
							}
						},
						{
							"origin": [
								0.83786,
								0.5,
								-0.32674
							],
							"size": [
								0.75,
								0.5,
								0.75
							],
							"pivot": [
								-0.5,
								0,
								1
							],
							"rotation": [
								0,
								-177.5,
								0
							],
							"uv": {
								"north": {
									"uv": [
										15,
										42
									],
									"uv_size": [
										1,
										1
									]
								},
								"east": {
									"uv": [
										42,
										15
									],
									"uv_size": [
										1,
										1
									]
								},
								"south": {
									"uv": [
										16,
										42
									],
									"uv_size": [
										1,
										1
									]
								},
								"west": {
									"uv": [
										42,
										16
									],
									"uv_size": [
										1,
										1
									]
								},
								"up": {
									"uv": [
										17,
										42
									],
									"uv_size": [
										1,
										1
									]
								},
								"down": {
									"uv": [
										42,
										18
									],
									"uv_size": [
										1,
										-1
									]
								}
							}
						},
						{
							"origin": [
								-5.16214,
								0.5,
								-1.32674
							],
							"size": [
								0.75,
								0.5,
								0.75
							],
							"pivot": [
								-0.5,
								0,
								1
							],
							"rotation": [
								0,
								-177.5,
								0
							],
							"uv": {
								"north": {
									"uv": [
										18,
										42
									],
									"uv_size": [
										1,
										1
									]
								},
								"east": {
									"uv": [
										42,
										18
									],
									"uv_size": [
										1,
										1
									]
								},
								"south": {
									"uv": [
										19,
										42
									],
									"uv_size": [
										1,
										1
									]
								},
								"west": {
									"uv": [
										42,
										19
									],
									"uv_size": [
										1,
										1
									]
								},
								"up": {
									"uv": [
										20,
										42
									],
									"uv_size": [
										1,
										1
									]
								},
								"down": {
									"uv": [
										42,
										21
									],
									"uv_size": [
										1,
										-1
									]
								}
							}
						},
						{
							"origin": [
								-4.16214,
								0.5,
								-1.32674
							],
							"size": [
								0.75,
								0.5,
								0.75
							],
							"pivot": [
								-0.5,
								0,
								1
							],
							"rotation": [
								0,
								-177.5,
								0
							],
							"uv": {
								"north": {
									"uv": [
										21,
										42
									],
									"uv_size": [
										1,
										1
									]
								},
								"east": {
									"uv": [
										22,
										42
									],
									"uv_size": [
										1,
										1
									]
								},
								"south": {
									"uv": [
										23,
										42
									],
									"uv_size": [
										1,
										1
									]
								},
								"west": {
									"uv": [
										42,
										23
									],
									"uv_size": [
										1,
										1
									]
								},
								"up": {
									"uv": [
										24,
										42
									],
									"uv_size": [
										1,
										1
									]
								},
								"down": {
									"uv": [
										42,
										25
									],
									"uv_size": [
										1,
										-1
									]
								}
							}
						},
						{
							"origin": [
								-3.16214,
								0.5,
								-1.32674
							],
							"size": [
								0.75,
								0.5,
								0.75
							],
							"pivot": [
								-0.5,
								0,
								1
							],
							"rotation": [
								0,
								-177.5,
								0
							],
							"uv": {
								"north": {
									"uv": [
										25,
										42
									],
									"uv_size": [
										1,
										1
									]
								},
								"east": {
									"uv": [
										42,
										25
									],
									"uv_size": [
										1,
										1
									]
								},
								"south": {
									"uv": [
										26,
										42
									],
									"uv_size": [
										1,
										1
									]
								},
								"west": {
									"uv": [
										42,
										26
									],
									"uv_size": [
										1,
										1
									]
								},
								"up": {
									"uv": [
										27,
										42
									],
									"uv_size": [
										1,
										1
									]
								},
								"down": {
									"uv": [
										42,
										28
									],
									"uv_size": [
										1,
										-1
									]
								}
							}
						},
						{
							"origin": [
								-2.16214,
								0.5,
								-1.32674
							],
							"size": [
								0.75,
								0.5,
								0.75
							],
							"pivot": [
								-0.5,
								0,
								1
							],
							"rotation": [
								0,
								-177.5,
								0
							],
							"uv": {
								"north": {
									"uv": [
										28,
										42
									],
									"uv_size": [
										1,
										1
									]
								},
								"east": {
									"uv": [
										42,
										28
									],
									"uv_size": [
										1,
										1
									]
								},
								"south": {
									"uv": [
										29,
										42
									],
									"uv_size": [
										1,
										1
									]
								},
								"west": {
									"uv": [
										42,
										29
									],
									"uv_size": [
										1,
										1
									]
								},
								"up": {
									"uv": [
										30,
										42
									],
									"uv_size": [
										1,
										1
									]
								},
								"down": {
									"uv": [
										42,
										31
									],
									"uv_size": [
										1,
										-1
									]
								}
							}
						},
						{
							"origin": [
								-1.16214,
								0.5,
								-1.32674
							],
							"size": [
								0.75,
								0.5,
								0.75
							],
							"pivot": [
								-0.5,
								0,
								1
							],
							"rotation": [
								0,
								-177.5,
								0
							],
							"uv": {
								"north": {
									"uv": [
										31,
										42
									],
									"uv_size": [
										1,
										1
									]
								},
								"east": {
									"uv": [
										42,
										31
									],
									"uv_size": [
										1,
										1
									]
								},
								"south": {
									"uv": [
										32,
										42
									],
									"uv_size": [
										1,
										1
									]
								},
								"west": {
									"uv": [
										42,
										32
									],
									"uv_size": [
										1,
										1
									]
								},
								"up": {
									"uv": [
										33,
										42
									],
									"uv_size": [
										1,
										1
									]
								},
								"down": {
									"uv": [
										42,
										34
									],
									"uv_size": [
										1,
										-1
									]
								}
							}
						},
						{
							"origin": [
								-0.16214,
								0.5,
								-1.32674
							],
							"size": [
								0.75,
								0.5,
								0.75
							],
							"pivot": [
								-0.5,
								0,
								1
							],
							"rotation": [
								0,
								-177.5,
								0
							],
							"uv": {
								"north": {
									"uv": [
										34,
										42
									],
									"uv_size": [
										1,
										1
									]
								},
								"east": {
									"uv": [
										42,
										34
									],
									"uv_size": [
										1,
										1
									]
								},
								"south": {
									"uv": [
										35,
										42
									],
									"uv_size": [
										1,
										1
									]
								},
								"west": {
									"uv": [
										42,
										35
									],
									"uv_size": [
										1,
										1
									]
								},
								"up": {
									"uv": [
										36,
										42
									],
									"uv_size": [
										1,
										1
									]
								},
								"down": {
									"uv": [
										42,
										37
									],
									"uv_size": [
										1,
										-1
									]
								}
							}
						}
					]
				}
			]
		}
	]
}