{
	"format_version": "1.12.0",
	"minecraft:geometry": [
		{
			"description": {
				"identifier": "geometry.kursi",
				"texture_width": 64,
				"texture_height": 64,
				"visible_bounds_width": 2,
				"visible_bounds_height": 2.5,
				"visible_bounds_offset": [
					0,
					0.75,
					0
				]
			},
			"bones": [
				{
					"name": "bb_main",
					"pivot": [
						0,
						0,
						0
					],
					"cubes": [
						{
							"origin": [
								6,
								0,
								-7
							],
							"size": [
								1,
								9,
								1
							],
							"uv": {
								"north": {
									"uv": [
										30,
										10
									],
									"uv_size": [
										1,
										9
									]
								},
								"east": {
									"uv": [
										16,
										30
									],
									"uv_size": [
										1,
										9
									]
								},
								"south": {
									"uv": [
										17,
										30
									],
									"uv_size": [
										1,
										9
									]
								},
								"west": {
									"uv": [
										18,
										30
									],
									"uv_size": [
										1,
										9
									]
								},
								"up": {
									"uv": [
										30,
										30
									],
									"uv_size": [
										1,
										1
									]
								},
								"down": {
									"uv": [
										31,
										11
									],
									"uv_size": [
										1,
										-1
									]
								}
							}
						},
						{
							"origin": [
								-7,
								0,
								6
							],
							"size": [
								1,
								9,
								1
							],
							"uv": {
								"north": {
									"uv": [
										26,
										30
									],
									"uv_size": [
										1,
										9
									]
								},
								"east": {
									"uv": [
										27,
										30
									],
									"uv_size": [
										1,
										9
									]
								},
								"south": {
									"uv": [
										28,
										30
									],
									"uv_size": [
										1,
										9
									]
								},
								"west": {
									"uv": [
										29,
										30
									],
									"uv_size": [
										1,
										9
									]
								},
								"up": {
									"uv": [
										31,
										15
									],
									"uv_size": [
										1,
										1
									]
								},
								"down": {
									"uv": [
										31,
										17
									],
									"uv_size": [
										1,
										-1
									]
								}
							}
						},
						{
							"origin": [
								6,
								0,
								6
							],
							"size": [
								1,
								9,
								1
							],
							"uv": {
								"north": {
									"uv": [
										22,
										30
									],
									"uv_size": [
										1,
										9
									]
								},
								"east": {
									"uv": [
										23,
										30
									],
									"uv_size": [
										1,
										9
									]
								},
								"south": {
									"uv": [
										24,
										30
									],
									"uv_size": [
										1,
										9
									]
								},
								"west": {
									"uv": [
										25,
										30
									],
									"uv_size": [
										1,
										9
									]
								},
								"up": {
									"uv": [
										31,
										13
									],
									"uv_size": [
										1,
										1
									]
								},
								"down": {
									"uv": [
										31,
										15
									],
									"uv_size": [
										1,
										-1
									]
								}
							}
						},
						{
							"origin": [
								-7,
								0,
								-7
							],
							"size": [
								1,
								9,
								1
							],
							"uv": {
								"north": {
									"uv": [
										19,
										30
									],
									"uv_size": [
										1,
										9
									]
								},
								"east": {
									"uv": [
										30,
										19
									],
									"uv_size": [
										1,
										9
									]
								},
								"south": {
									"uv": [
										20,
										30
									],
									"uv_size": [
										1,
										9
									]
								},
								"west": {
									"uv": [
										21,
										30
									],
									"uv_size": [
										1,
										9
									]
								},
								"up": {
									"uv": [
										31,
										11
									],
									"uv_size": [
										1,
										1
									]
								},
								"down": {
									"uv": [
										31,
										13
									],
									"uv_size": [
										1,
										-1
									]
								}
							}
						},
						{
							"origin": [
								-8,
								9,
								-8
							],
							"size": [
								16,
								2,
								16
							],
							"uv": {
								"north": {
									"uv": [
										16,
										28
									],
									"uv_size": [
										16,
										2
									]
								},
								"east": {
									"uv": [
										30,
										0
									],
									"uv_size": [
										16,
										2
									]
								},
								"south": {
									"uv": [
										30,
										2
									],
									"uv_size": [
										16,
										2
									]
								},
								"west": {
									"uv": [
										30,
										4
									],
									"uv_size": [
										16,
										2
									]
								},
								"up": {
									"uv": [
										0,
										0
									],
									"uv_size": [
										16,
										16
									]
								},
								"down": {
									"uv": [
										0,
										32
									],
									"uv_size": [
										16,
										-16
									]
								}
							}
						},
						{
							"origin": [
								-7,
								11,
								-7
							],
							"size": [
								14,
								1,
								14
							],
							"uv": {
								"north": {
									"uv": [
										30,
										6
									],
									"uv_size": [
										14,
										1
									]
								},
								"east": {
									"uv": [
										30,
										7
									],
									"uv_size": [
										14,
										1
									]
								},
								"south": {
									"uv": [
										30,
										8
									],
									"uv_size": [
										14,
										1
									]
								},
								"west": {
									"uv": [
										30,
										9
									],
									"uv_size": [
										14,
										1
									]
								},
								"up": {
									"uv": [
										16,
										0
									],
									"uv_size": [
										14,
										14
									]
								},
								"down": {
									"uv": [
										16,
										28
									],
									"uv_size": [
										14,
										-14
									]
								}
							}
						}
					]
				}
			]
		}
	]
}