{
	"format_version": "1.12.0",
	"minecraft:geometry": [
		{
			"description": {
				"identifier": "geometry.laptop_sus",
				"texture_width": 64,
				"texture_height": 64,
				"visible_bounds_width": 3,
				"visible_bounds_height": 2.5,
				"visible_bounds_offset": [
					0,
					0.75,
					0
				]
			},
			"bones": [
				{
					"name": "bb_main2",
					"pivot": [
						0,
						0,
						0
					],
					"cubes": [
						{
							"origin": [
								0,
								5.25,
								7
							],
							"size": [
								0.5,
								3.5,
								0.25
							],
							"uv": {
								"north": {
									"uv": [
										34,
										34
									],
									"uv_size": [
										1,
										4
									]
								},
								"east": {
									"uv": [
										1,
										35
									],
									"uv_size": [
										1,
										4
									]
								},
								"south": {
									"uv": [
										2,
										35
									],
									"uv_size": [
										1,
										4
									]
								},
								"west": {
									"uv": [
										3,
										35
									],
									"uv_size": [
										1,
										4
									]
								},
								"up": {
									"uv": [
										44,
										44
									],
									"uv_size": [
										1,
										1
									]
								},
								"down": {
									"uv": [
										1,
										46
									],
									"uv_size": [
										1,
										-1
									]
								}
							}
						},
						{
							"origin": [
								0.5,
								6,
								7
							],
							"size": [
								0.5,
								2,
								0.25
							],
							"uv": {
								"north": {
									"uv": [
										33,
										35
									],
									"uv_size": [
										1,
										2
									]
								},
								"east": {
									"uv": [
										8,
										36
									],
									"uv_size": [
										1,
										2
									]
								},
								"south": {
									"uv": [
										9,
										36
									],
									"uv_size": [
										1,
										2
									]
								},
								"west": {
									"uv": [
										10,
										36
									],
									"uv_size": [
										1,
										2
									]
								},
								"up": {
									"uv": [
										45,
										20
									],
									"uv_size": [
										1,
										1
									]
								},
								"down": {
									"uv": [
										21,
										46
									],
									"uv_size": [
										1,
										-1
									]
								}
							}
						},
						{
							"origin": [
								-1.25,
								6.25,
								7
							],
							"size": [
								1.25,
								1.25,
								0.25
							],
							"uv": {
								"north": {
									"uv": [
										2,
										45
									],
									"uv_size": [
										1,
										1
									]
								},
								"east": {
									"uv": [
										3,
										45
									],
									"uv_size": [
										1,
										1
									]
								},
								"south": {
									"uv": [
										4,
										45
									],
									"uv_size": [
										1,
										1
									]
								},
								"west": {
									"uv": [
										5,
										45
									],
									"uv_size": [
										1,
										1
									]
								},
								"up": {
									"uv": [
										6,
										45
									],
									"uv_size": [
										1,
										1
									]
								},
								"down": {
									"uv": [
										7,
										46
									],
									"uv_size": [
										1,
										-1
									]
								}
							}
						},
						{
							"origin": [
								-1.25,
								8.25,
								7
							],
							"size": [
								1.25,
								0.5,
								0.25
							],
							"uv": {
								"north": {
									"uv": [
										45,
										16
									],
									"uv_size": [
										1,
										1
									]
								},
								"east": {
									"uv": [
										45,
										17
									],
									"uv_size": [
										1,
										1
									]
								},
								"south": {
									"uv": [
										45,
										18
									],
									"uv_size": [
										1,
										1
									]
								},
								"west": {
									"uv": [
										19,
										45
									],
									"uv_size": [
										1,
										1
									]
								},
								"up": {
									"uv": [
										45,
										19
									],
									"uv_size": [
										1,
										1
									]
								},
								"down": {
									"uv": [
										20,
										46
									],
									"uv_size": [
										1,
										-1
									]
								}
							}
						},
						{
							"origin": [
								-1.25,
								5.25,
								7
							],
							"size": [
								0.5,
								1,
								0.25
							],
							"uv": {
								"north": {
									"uv": [
										8,
										45
									],
									"uv_size": [
										1,
										1
									]
								},
								"east": {
									"uv": [
										9,
										45
									],
									"uv_size": [
										1,
										1
									]
								},
								"south": {
									"uv": [
										10,
										45
									],
									"uv_size": [
										1,
										1
									]
								},
								"west": {
									"uv": [
										11,
										45
									],
									"uv_size": [
										1,
										1
									]
								},
								"up": {
									"uv": [
										12,
										45
									],
									"uv_size": [
										1,
										1
									]
								},
								"down": {
									"uv": [
										13,
										46
									],
									"uv_size": [
										1,
										-1
									]
								}
							}
						}
					]
				},
				{
					"name": "bb_main",
					"pivot": [
						0,
						0,
						0
					],
					"cubes": [
						{
							"origin": [
								-8,
								0,
								-7
							],
							"size": [
								16,
								0.25,
								14
							],
							"uv": {
								"north": {
									"uv": [
										30,
										26
									],
									"uv_size": [
										16,
										1
									]
								},
								"east": {
									"uv": [
										0,
										30
									],
									"uv_size": [
										14,
										1
									]
								},
								"south": {
									"uv": [
										30,
										27
									],
									"uv_size": [
										16,
										1
									]
								},
								"west": {
									"uv": [
										0,
										31
									],
									"uv_size": [
										14,
										1
									]
								},
								"up": {
									"uv": [
										0,
										0
									],
									"uv_size": [
										16,
										14
									]
								},
								"down": {
									"uv": [
										0,
										28
									],
									"uv_size": [
										16,
										-14
									]
								}
							}
						},
						{
							"origin": [
								-8,
								0.75267,
								-5.23075
							],
							"size": [
								16,
								0.25,
								13
							],
							"pivot": [
								0,
								1,
								7
							],
							"rotation": [
								-90,
								0,
								0
							],
							"uv": {
								"north": {
									"uv": [
										32,
										0
									],
									"uv_size": [
										16,
										1
									]
								},
								"east": {
									"uv": [
										1,
										34
									],
									"uv_size": [
										13,
										1
									]
								},
								"south": {
									"uv": [
										32,
										1
									],
									"uv_size": [
										16,
										1
									]
								},
								"west": {
									"uv": [
										34,
										11
									],
									"uv_size": [
										13,
										1
									]
								},
								"up": {
									"uv": [
										16,
										0
									],
									"uv_size": [
										16,
										13
									]
								},
								"down": {
									"uv": [
										16,
										26
									],
									"uv_size": [
										16,
										-13
									]
								}
							}
						},
						{
							"origin": [
								-8,
								0.50267,
								-5.23075
							],
							"size": [
								0.5,
								0.25,
								12.75
							],
							"pivot": [
								0,
								1,
								7
							],
							"rotation": [
								-90,
								0,
								0
							],
							"uv": {
								"north": {
									"uv": [
										45,
										21
									],
									"uv_size": [
										1,
										1
									]
								},
								"east": {
									"uv": [
										34,
										12
									],
									"uv_size": [
										13,
										1
									]
								},
								"south": {
									"uv": [
										22,
										45
									],
									"uv_size": [
										1,
										1
									]
								},
								"west": {
									"uv": [
										34,
										13
									],
									"uv_size": [
										13,
										1
									]
								},
								"up": {
									"uv": [
										14,
										34
									],
									"uv_size": [
										1,
										13
									]
								},
								"down": {
									"uv": [
										16,
										47
									],
									"uv_size": [
										1,
										-13
									]
								}
							}
						},
						{
							"origin": [
								-7.5,
								0.50267,
								6.26925
							],
							"size": [
								15,
								0.25,
								1.25
							],
							"pivot": [
								0,
								1,
								7
							],
							"rotation": [
								-90,
								0,
								0
							],
							"uv": {
								"north": {
									"uv": [
										32,
										2
									],
									"uv_size": [
										15,
										1
									]
								},
								"east": {
									"uv": [
										45,
										23
									],
									"uv_size": [
										1,
										1
									]
								},
								"south": {
									"uv": [
										32,
										3
									],
									"uv_size": [
										15,
										1
									]
								},
								"west": {
									"uv": [
										24,
										45
									],
									"uv_size": [
										1,
										1
									]
								},
								"up": {
									"uv": [
										32,
										4
									],
									"uv_size": [
										15,
										1
									]
								},
								"down": {
									"uv": [
										32,
										6
									],
									"uv_size": [
										15,
										-1
									]
								}
							}
						},
						{
							"origin": [
								-7.5,
								0.50267,
								-5.23075
							],
							"size": [
								15,
								0.25,
								1.25
							],
							"pivot": [
								0,
								1,
								7
							],
							"rotation": [
								-90,
								0,
								0
							],
							"uv": {
								"north": {
									"uv": [
										32,
										6
									],
									"uv_size": [
										15,
										1
									]
								},
								"east": {
									"uv": [
										45,
										24
									],
									"uv_size": [
										1,
										1
									]
								},
								"south": {
									"uv": [
										32,
										7
									],
									"uv_size": [
										15,
										1
									]
								},
								"west": {
									"uv": [
										25,
										45
									],
									"uv_size": [
										1,
										1
									]
								},
								"up": {
									"uv": [
										32,
										8
									],
									"uv_size": [
										15,
										1
									]
								},
								"down": {
									"uv": [
										32,
										10
									],
									"uv_size": [
										15,
										-1
									]
								}
							}
						},
						{
							"origin": [
								7.5,
								0.50267,
								-5.23075
							],
							"size": [
								0.5,
								0.25,
								12.75
							],
							"pivot": [
								0,
								1,
								7
							],
							"rotation": [
								-90,
								0,
								0
							],
							"uv": {
								"north": {
									"uv": [
										45,
										22
									],
									"uv_size": [
										1,
										1
									]
								},
								"east": {
									"uv": [
										34,
										14
									],
									"uv_size": [
										13,
										1
									]
								},
								"south": {
									"uv": [
										23,
										45
									],
									"uv_size": [
										1,
										1
									]
								},
								"west": {
									"uv": [
										34,
										15
									],
									"uv_size": [
										13,
										1
									]
								},
								"up": {
									"uv": [
										17,
										34
									],
									"uv_size": [
										1,
										13
									]
								},
								"down": {
									"uv": [
										18,
										47
									],
									"uv_size": [
										1,
										-13
									]
								}
							}
						},
						{
							"origin": [
								-8,
								0.25,
								-7
							],
							"size": [
								1,
								0.25,
								13.75
							],
							"uv": {
								"north": {
									"uv": [
										11,
										36
									],
									"uv_size": [
										1,
										1
									]
								},
								"east": {
									"uv": [
										0,
										32
									],
									"uv_size": [
										14,
										1
									]
								},
								"south": {
									"uv": [
										12,
										36
									],
									"uv_size": [
										1,
										1
									]
								},
								"west": {
									"uv": [
										32,
										10
									],
									"uv_size": [
										14,
										1
									]
								},
								"up": {
									"uv": [
										32,
										11
									],
									"uv_size": [
										1,
										14
									]
								},
								"down": {
									"uv": [
										0,
										47
									],
									"uv_size": [
										1,
										-14
									]
								}
							}
						},
						{
							"origin": [
								7,
								0.25,
								-7
							],
							"size": [
								1,
								0.25,
								13.75
							],
							"uv": {
								"north": {
									"uv": [
										13,
										36
									],
									"uv_size": [
										1,
										1
									]
								},
								"east": {
									"uv": [
										32,
										25
									],
									"uv_size": [
										14,
										1
									]
								},
								"south": {
									"uv": [
										19,
										36
									],
									"uv_size": [
										1,
										1
									]
								},
								"west": {
									"uv": [
										1,
										33
									],
									"uv_size": [
										14,
										1
									]
								},
								"up": {
									"uv": [
										33,
										11
									],
									"uv_size": [
										1,
										14
									]
								},
								"down": {
									"uv": [
										15,
										47
									],
									"uv_size": [
										1,
										-14
									]
								}
							}
						},
						{
							"origin": [
								-7,
								0.25,
								-7
							],
							"size": [
								4.5,
								0.25,
								5
							],
							"uv": {
								"north": {
									"uv": [
										34,
										16
									],
									"uv_size": [
										5,
										1
									]
								},
								"east": {
									"uv": [
										34,
										17
									],
									"uv_size": [
										5,
										1
									]
								},
								"south": {
									"uv": [
										34,
										18
									],
									"uv_size": [
										5,
										1
									]
								},
								"west": {
									"uv": [
										19,
										34
									],
									"uv_size": [
										5,
										1
									]
								},
								"up": {
									"uv": [
										14,
										28
									],
									"uv_size": [
										5,
										5
									]
								},
								"down": {
									"uv": [
										19,
										33
									],
									"uv_size": [
										5,
										-5
									]
								}
							}
						},
						{
							"origin": [
								2.5,
								0.25,
								-7
							],
							"size": [
								4.5,
								0.25,
								5
							],
							"uv": {
								"north": {
									"uv": [
										34,
										19
									],
									"uv_size": [
										5,
										1
									]
								},
								"east": {
									"uv": [
										34,
										20
									],
									"uv_size": [
										5,
										1
									]
								},
								"south": {
									"uv": [
										34,
										21
									],
									"uv_size": [
										5,
										1
									]
								},
								"west": {
									"uv": [
										34,
										22
									],
									"uv_size": [
										5,
										1
									]
								},
								"up": {
									"uv": [
										24,
										28
									],
									"uv_size": [
										5,
										5
									]
								},
								"down": {
									"uv": [
										29,
										33
									],
									"uv_size": [
										5,
										-5
									]
								}
							}
						},
						{
							"origin": [
								-7,
								0.25,
								4.75
							],
							"size": [
								14,
								0.25,
								2
							],
							"uv": {
								"north": {
									"uv": [
										16,
										33
									],
									"uv_size": [
										14,
										1
									]
								},
								"east": {
									"uv": [
										34,
										32
									],
									"uv_size": [
										2,
										1
									]
								},
								"south": {
									"uv": [
										30,
										33
									],
									"uv_size": [
										14,
										1
									]
								},
								"west": {
									"uv": [
										4,
										35
									],
									"uv_size": [
										2,
										1
									]
								},
								"up": {
									"uv": [
										16,
										26
									],
									"uv_size": [
										14,
										2
									]
								},
								"down": {
									"uv": [
										0,
										30
									],
									"uv_size": [
										14,
										-2
									]
								}
							}
						},
						{
							"origin": [
								-2.5,
								0.25,
								-7
							],
							"size": [
								5,
								0.25,
								0.5
							],
							"uv": {
								"north": {
									"uv": [
										34,
										23
									],
									"uv_size": [
										5,
										1
									]
								},
								"east": {
									"uv": [
										20,
										36
									],
									"uv_size": [
										1,
										1
									]
								},
								"south": {
									"uv": [
										24,
										34
									],
									"uv_size": [
										5,
										1
									]
								},
								"west": {
									"uv": [
										21,
										36
									],
									"uv_size": [
										1,
										1
									]
								},
								"up": {
									"uv": [
										34,
										24
									],
									"uv_size": [
										5,
										1
									]
								},
								"down": {
									"uv": [
										34,
										29
									],
									"uv_size": [
										5,
										-1
									]
								}
							}
						}
					]
				},
				{
					"name": "key",
					"pivot": [
						0,
						0,
						0
					],
					"cubes": [
						{
							"origin": [
								-6.75,
								0.25,
								3.75
							],
							"size": [
								0.75,
								0.25,
								0.75
							],
							"uv": {
								"north": {
									"uv": [
										22,
										36
									],
									"uv_size": [
										1,
										1
									]
								},
								"east": {
									"uv": [
										25,
										36
									],
									"uv_size": [
										1,
										1
									]
								},
								"south": {
									"uv": [
										26,
										36
									],
									"uv_size": [
										1,
										1
									]
								},
								"west": {
									"uv": [
										27,
										36
									],
									"uv_size": [
										1,
										1
									]
								},
								"up": {
									"uv": [
										28,
										36
									],
									"uv_size": [
										1,
										1
									]
								},
								"down": {
									"uv": [
										29,
										37
									],
									"uv_size": [
										1,
										-1
									]
								}
							}
						},
						{
							"origin": [
								-5.75,
								0.25,
								3.75
							],
							"size": [
								0.75,
								0.25,
								0.75
							],
							"uv": {
								"north": {
									"uv": [
										30,
										36
									],
									"uv_size": [
										1,
										1
									]
								},
								"east": {
									"uv": [
										31,
										36
									],
									"uv_size": [
										1,
										1
									]
								},
								"south": {
									"uv": [
										32,
										36
									],
									"uv_size": [
										1,
										1
									]
								},
								"west": {
									"uv": [
										36,
										32
									],
									"uv_size": [
										1,
										1
									]
								},
								"up": {
									"uv": [
										35,
										36
									],
									"uv_size": [
										1,
										1
									]
								},
								"down": {
									"uv": [
										36,
										37
									],
									"uv_size": [
										1,
										-1
									]
								}
							}
						},
						{
							"origin": [
								-4.75,
								0.25,
								3.75
							],
							"size": [
								0.75,
								0.25,
								0.75
							],
							"uv": {
								"north": {
									"uv": [
										13,
										37
									],
									"uv_size": [
										1,
										1
									]
								},
								"east": {
									"uv": [
										19,
										37
									],
									"uv_size": [
										1,
										1
									]
								},
								"south": {
									"uv": [
										20,
										37
									],
									"uv_size": [
										1,
										1
									]
								},
								"west": {
									"uv": [
										21,
										37
									],
									"uv_size": [
										1,
										1
									]
								},
								"up": {
									"uv": [
										22,
										37
									],
									"uv_size": [
										1,
										1
									]
								},
								"down": {
									"uv": [
										23,
										38
									],
									"uv_size": [
										1,
										-1
									]
								}
							}
						},
						{
							"origin": [
								-3.75,
								0.25,
								3.75
							],
							"size": [
								0.75,
								0.25,
								0.75
							],
							"uv": {
								"north": {
									"uv": [
										4,
										37
									],
									"uv_size": [
										1,
										1
									]
								},
								"east": {
									"uv": [
										5,
										37
									],
									"uv_size": [
										1,
										1
									]
								},
								"south": {
									"uv": [
										6,
										37
									],
									"uv_size": [
										1,
										1
									]
								},
								"west": {
									"uv": [
										7,
										37
									],
									"uv_size": [
										1,
										1
									]
								},
								"up": {
									"uv": [
										11,
										37
									],
									"uv_size": [
										1,
										1
									]
								},
								"down": {
									"uv": [
										12,
										38
									],
									"uv_size": [
										1,
										-1
									]
								}
							}
						},
						{
							"origin": [
								-0.75,
								0.25,
								3.75
							],
							"size": [
								0.75,
								0.25,
								0.75
							],
							"uv": {
								"north": {
									"uv": [
										5,
										38
									],
									"uv_size": [
										1,
										1
									]
								},
								"east": {
									"uv": [
										6,
										38
									],
									"uv_size": [
										1,
										1
									]
								},
								"south": {
									"uv": [
										7,
										38
									],
									"uv_size": [
										1,
										1
									]
								},
								"west": {
									"uv": [
										8,
										38
									],
									"uv_size": [
										1,
										1
									]
								},
								"up": {
									"uv": [
										9,
										38
									],
									"uv_size": [
										1,
										1
									]
								},
								"down": {
									"uv": [
										10,
										39
									],
									"uv_size": [
										1,
										-1
									]
								}
							}
						},
						{
							"origin": [
								0.25,
								0.25,
								3.75
							],
							"size": [
								0.75,
								0.25,
								0.75
							],
							"uv": {
								"north": {
									"uv": [
										35,
										37
									],
									"uv_size": [
										1,
										1
									]
								},
								"east": {
									"uv": [
										37,
										35
									],
									"uv_size": [
										1,
										1
									]
								},
								"south": {
									"uv": [
										36,
										37
									],
									"uv_size": [
										1,
										1
									]
								},
								"west": {
									"uv": [
										37,
										36
									],
									"uv_size": [
										1,
										1
									]
								},
								"up": {
									"uv": [
										37,
										37
									],
									"uv_size": [
										1,
										1
									]
								},
								"down": {
									"uv": [
										4,
										39
									],
									"uv_size": [
										1,
										-1
									]
								}
							}
						},
						{
							"origin": [
								-2.75,
								0.25,
								3.75
							],
							"size": [
								0.75,
								0.25,
								0.75
							],
							"uv": {
								"north": {
									"uv": [
										30,
										37
									],
									"uv_size": [
										1,
										1
									]
								},
								"east": {
									"uv": [
										31,
										37
									],
									"uv_size": [
										1,
										1
									]
								},
								"south": {
									"uv": [
										32,
										37
									],
									"uv_size": [
										1,
										1
									]
								},
								"west": {
									"uv": [
										37,
										32
									],
									"uv_size": [
										1,
										1
									]
								},
								"up": {
									"uv": [
										33,
										37
									],
									"uv_size": [
										1,
										1
									]
								},
								"down": {
									"uv": [
										37,
										35
									],
									"uv_size": [
										1,
										-1
									]
								}
							}
						},
						{
							"origin": [
								-1.75,
								0.25,
								3.75
							],
							"size": [
								0.75,
								0.25,
								0.75
							],
							"uv": {
								"north": {
									"uv": [
										24,
										37
									],
									"uv_size": [
										1,
										1
									]
								},
								"east": {
									"uv": [
										25,
										37
									],
									"uv_size": [
										1,
										1
									]
								},
								"south": {
									"uv": [
										26,
										37
									],
									"uv_size": [
										1,
										1
									]
								},
								"west": {
									"uv": [
										27,
										37
									],
									"uv_size": [
										1,
										1
									]
								},
								"up": {
									"uv": [
										28,
										37
									],
									"uv_size": [
										1,
										1
									]
								},
								"down": {
									"uv": [
										29,
										38
									],
									"uv_size": [
										1,
										-1
									]
								}
							}
						},
						{
							"origin": [
								3.25,
								0.25,
								3.75
							],
							"size": [
								0.75,
								0.25,
								0.75
							],
							"uv": {
								"north": {
									"uv": [
										33,
										38
									],
									"uv_size": [
										1,
										1
									]
								},
								"east": {
									"uv": [
										34,
										38
									],
									"uv_size": [
										1,
										1
									]
								},
								"south": {
									"uv": [
										38,
										34
									],
									"uv_size": [
										1,
										1
									]
								},
								"west": {
									"uv": [
										35,
										38
									],
									"uv_size": [
										1,
										1
									]
								},
								"up": {
									"uv": [
										38,
										35
									],
									"uv_size": [
										1,
										1
									]
								},
								"down": {
									"uv": [
										36,
										39
									],
									"uv_size": [
										1,
										-1
									]
								}
							}
						},
						{
							"origin": [
								4.25,
								0.25,
								3.75
							],
							"size": [
								0.75,
								0.25,
								0.75
							],
							"uv": {
								"north": {
									"uv": [
										28,
										38
									],
									"uv_size": [
										1,
										1
									]
								},
								"east": {
									"uv": [
										29,
										38
									],
									"uv_size": [
										1,
										1
									]
								},
								"south": {
									"uv": [
										30,
										38
									],
									"uv_size": [
										1,
										1
									]
								},
								"west": {
									"uv": [
										31,
										38
									],
									"uv_size": [
										1,
										1
									]
								},
								"up": {
									"uv": [
										32,
										38
									],
									"uv_size": [
										1,
										1
									]
								},
								"down": {
									"uv": [
										38,
										33
									],
									"uv_size": [
										1,
										-1
									]
								}
							}
						},
						{
							"origin": [
								6.25,
								0.25,
								3.75
							],
							"size": [
								0.5,
								0.25,
								0.75
							],
							"uv": {
								"north": {
									"uv": [
										3,
										39
									],
									"uv_size": [
										1,
										1
									]
								},
								"east": {
									"uv": [
										4,
										39
									],
									"uv_size": [
										1,
										1
									]
								},
								"south": {
									"uv": [
										5,
										39
									],
									"uv_size": [
										1,
										1
									]
								},
								"west": {
									"uv": [
										6,
										39
									],
									"uv_size": [
										1,
										1
									]
								},
								"up": {
									"uv": [
										7,
										39
									],
									"uv_size": [
										1,
										1
									]
								},
								"down": {
									"uv": [
										8,
										40
									],
									"uv_size": [
										1,
										-1
									]
								}
							}
						},
						{
							"origin": [
								5.25,
								0.25,
								3.75
							],
							"size": [
								0.75,
								0.25,
								0.75
							],
							"uv": {
								"north": {
									"uv": [
										38,
										36
									],
									"uv_size": [
										1,
										1
									]
								},
								"east": {
									"uv": [
										37,
										38
									],
									"uv_size": [
										1,
										1
									]
								},
								"south": {
									"uv": [
										38,
										37
									],
									"uv_size": [
										1,
										1
									]
								},
								"west": {
									"uv": [
										38,
										38
									],
									"uv_size": [
										1,
										1
									]
								},
								"up": {
									"uv": [
										1,
										39
									],
									"uv_size": [
										1,
										1
									]
								},
								"down": {
									"uv": [
										2,
										40
									],
									"uv_size": [
										1,
										-1
									]
								}
							}
						},
						{
							"origin": [
								6.35,
								0.5,
								5.35
							],
							"size": [
								0.55,
								0.1,
								0.55
							],
							"uv": {
								"north": {
									"uv": [
										41,
										44
									],
									"uv_size": [
										1,
										1
									]
								},
								"east": {
									"uv": [
										44,
										41
									],
									"uv_size": [
										1,
										1
									]
								},
								"south": {
									"uv": [
										42,
										44
									],
									"uv_size": [
										1,
										1
									]
								},
								"west": {
									"uv": [
										44,
										42
									],
									"uv_size": [
										1,
										1
									]
								},
								"up": {
									"uv": [
										43,
										44
									],
									"uv_size": [
										1,
										1
									]
								},
								"down": {
									"uv": [
										44,
										44
									],
									"uv_size": [
										1,
										-1
									]
								}
							}
						},
						{
							"origin": [
								1.25,
								0.25,
								3.75
							],
							"size": [
								0.75,
								0.25,
								0.75
							],
							"uv": {
								"north": {
									"uv": [
										22,
										38
									],
									"uv_size": [
										1,
										1
									]
								},
								"east": {
									"uv": [
										23,
										38
									],
									"uv_size": [
										1,
										1
									]
								},
								"south": {
									"uv": [
										24,
										38
									],
									"uv_size": [
										1,
										1
									]
								},
								"west": {
									"uv": [
										25,
										38
									],
									"uv_size": [
										1,
										1
									]
								},
								"up": {
									"uv": [
										26,
										38
									],
									"uv_size": [
										1,
										1
									]
								},
								"down": {
									"uv": [
										27,
										39
									],
									"uv_size": [
										1,
										-1
									]
								}
							}
						},
						{
							"origin": [
								2.25,
								0.25,
								3.75
							],
							"size": [
								0.75,
								0.25,
								0.75
							],
							"uv": {
								"north": {
									"uv": [
										11,
										38
									],
									"uv_size": [
										1,
										1
									]
								},
								"east": {
									"uv": [
										12,
										38
									],
									"uv_size": [
										1,
										1
									]
								},
								"south": {
									"uv": [
										13,
										38
									],
									"uv_size": [
										1,
										1
									]
								},
								"west": {
									"uv": [
										19,
										38
									],
									"uv_size": [
										1,
										1
									]
								},
								"up": {
									"uv": [
										20,
										38
									],
									"uv_size": [
										1,
										1
									]
								},
								"down": {
									"uv": [
										21,
										39
									],
									"uv_size": [
										1,
										-1
									]
								}
							}
						},
						{
							"origin": [
								-6.25,
								0.25,
								2.75
							],
							"size": [
								0.75,
								0.25,
								0.75
							],
							"uv": {
								"north": {
									"uv": [
										40,
										19
									],
									"uv_size": [
										1,
										1
									]
								},
								"east": {
									"uv": [
										20,
										40
									],
									"uv_size": [
										1,
										1
									]
								},
								"south": {
									"uv": [
										40,
										20
									],
									"uv_size": [
										1,
										1
									]
								},
								"west": {
									"uv": [
										21,
										40
									],
									"uv_size": [
										1,
										1
									]
								},
								"up": {
									"uv": [
										40,
										21
									],
									"uv_size": [
										1,
										1
									]
								},
								"down": {
									"uv": [
										22,
										41
									],
									"uv_size": [
										1,
										-1
									]
								}
							}
						},
						{
							"origin": [
								4.75,
								0.25,
								2.75
							],
							"size": [
								1.75,
								0.25,
								0.75
							],
							"uv": {
								"north": {
									"uv": [
										6,
										35
									],
									"uv_size": [
										2,
										1
									]
								},
								"east": {
									"uv": [
										40,
										18
									],
									"uv_size": [
										1,
										1
									]
								},
								"south": {
									"uv": [
										8,
										35
									],
									"uv_size": [
										2,
										1
									]
								},
								"west": {
									"uv": [
										19,
										40
									],
									"uv_size": [
										1,
										1
									]
								},
								"up": {
									"uv": [
										10,
										35
									],
									"uv_size": [
										2,
										1
									]
								},
								"down": {
									"uv": [
										12,
										36
									],
									"uv_size": [
										2,
										-1
									]
								}
							}
						},
						{
							"origin": [
								-5.25,
								0.25,
								2.75
							],
							"size": [
								0.75,
								0.25,
								0.75
							],
							"uv": {
								"north": {
									"uv": [
										10,
										40
									],
									"uv_size": [
										1,
										1
									]
								},
								"east": {
									"uv": [
										11,
										40
									],
									"uv_size": [
										1,
										1
									]
								},
								"south": {
									"uv": [
										12,
										40
									],
									"uv_size": [
										1,
										1
									]
								},
								"west": {
									"uv": [
										13,
										40
									],
									"uv_size": [
										1,
										1
									]
								},
								"up": {
									"uv": [
										40,
										16
									],
									"uv_size": [
										1,
										1
									]
								},
								"down": {
									"uv": [
										40,
										18
									],
									"uv_size": [
										1,
										-1
									]
								}
							}
						},
						{
							"origin": [
								-4.25,
								0.25,
								2.75
							],
							"size": [
								0.75,
								0.25,
								0.75
							],
							"uv": {
								"north": {
									"uv": [
										4,
										40
									],
									"uv_size": [
										1,
										1
									]
								},
								"east": {
									"uv": [
										5,
										40
									],
									"uv_size": [
										1,
										1
									]
								},
								"south": {
									"uv": [
										6,
										40
									],
									"uv_size": [
										1,
										1
									]
								},
								"west": {
									"uv": [
										7,
										40
									],
									"uv_size": [
										1,
										1
									]
								},
								"up": {
									"uv": [
										8,
										40
									],
									"uv_size": [
										1,
										1
									]
								},
								"down": {
									"uv": [
										9,
										41
									],
									"uv_size": [
										1,
										-1
									]
								}
							}
						},
						{
							"origin": [
								3.75,
								0.25,
								2.75
							],
							"size": [
								0.75,
								0.25,
								0.75
							],
							"uv": {
								"north": {
									"uv": [
										38,
										39
									],
									"uv_size": [
										1,
										1
									]
								},
								"east": {
									"uv": [
										39,
										38
									],
									"uv_size": [
										1,
										1
									]
								},
								"south": {
									"uv": [
										39,
										39
									],
									"uv_size": [
										1,
										1
									]
								},
								"west": {
									"uv": [
										1,
										40
									],
									"uv_size": [
										1,
										1
									]
								},
								"up": {
									"uv": [
										2,
										40
									],
									"uv_size": [
										1,
										1
									]
								},
								"down": {
									"uv": [
										3,
										41
									],
									"uv_size": [
										1,
										-1
									]
								}
							}
						},
						{
							"origin": [
								2.75,
								0.25,
								2.75
							],
							"size": [
								0.75,
								0.25,
								0.75
							],
							"uv": {
								"north": {
									"uv": [
										35,
										39
									],
									"uv_size": [
										1,
										1
									]
								},
								"east": {
									"uv": [
										39,
										35
									],
									"uv_size": [
										1,
										1
									]
								},
								"south": {
									"uv": [
										36,
										39
									],
									"uv_size": [
										1,
										1
									]
								},
								"west": {
									"uv": [
										39,
										36
									],
									"uv_size": [
										1,
										1
									]
								},
								"up": {
									"uv": [
										37,
										39
									],
									"uv_size": [
										1,
										1
									]
								},
								"down": {
									"uv": [
										39,
										38
									],
									"uv_size": [
										1,
										-1
									]
								}
							}
						},
						{
							"origin": [
								1.75,
								0.25,
								2.75
							],
							"size": [
								0.75,
								0.25,
								0.75
							],
							"uv": {
								"north": {
									"uv": [
										39,
										31
									],
									"uv_size": [
										1,
										1
									]
								},
								"east": {
									"uv": [
										32,
										39
									],
									"uv_size": [
										1,
										1
									]
								},
								"south": {
									"uv": [
										39,
										32
									],
									"uv_size": [
										1,
										1
									]
								},
								"west": {
									"uv": [
										33,
										39
									],
									"uv_size": [
										1,
										1
									]
								},
								"up": {
									"uv": [
										34,
										39
									],
									"uv_size": [
										1,
										1
									]
								},
								"down": {
									"uv": [
										39,
										35
									],
									"uv_size": [
										1,
										-1
									]
								}
							}
						},
						{
							"origin": [
								0.75,
								0.25,
								2.75
							],
							"size": [
								0.75,
								0.25,
								0.75
							],
							"uv": {
								"north": {
									"uv": [
										39,
										28
									],
									"uv_size": [
										1,
										1
									]
								},
								"east": {
									"uv": [
										29,
										39
									],
									"uv_size": [
										1,
										1
									]
								},
								"south": {
									"uv": [
										39,
										29
									],
									"uv_size": [
										1,
										1
									]
								},
								"west": {
									"uv": [
										30,
										39
									],
									"uv_size": [
										1,
										1
									]
								},
								"up": {
									"uv": [
										39,
										30
									],
									"uv_size": [
										1,
										1
									]
								},
								"down": {
									"uv": [
										31,
										40
									],
									"uv_size": [
										1,
										-1
									]
								}
							}
						},
						{
							"origin": [
								-2.25,
								0.25,
								2.75
							],
							"size": [
								0.75,
								0.25,
								0.75
							],
							"uv": {
								"north": {
									"uv": [
										24,
										39
									],
									"uv_size": [
										1,
										1
									]
								},
								"east": {
									"uv": [
										39,
										24
									],
									"uv_size": [
										1,
										1
									]
								},
								"south": {
									"uv": [
										25,
										39
									],
									"uv_size": [
										1,
										1
									]
								},
								"west": {
									"uv": [
										26,
										39
									],
									"uv_size": [
										1,
										1
									]
								},
								"up": {
									"uv": [
										27,
										39
									],
									"uv_size": [
										1,
										1
									]
								},
								"down": {
									"uv": [
										28,
										40
									],
									"uv_size": [
										1,
										-1
									]
								}
							}
						},
						{
							"origin": [
								-3.25,
								0.25,
								2.75
							],
							"size": [
								0.75,
								0.25,
								0.75
							],
							"uv": {
								"north": {
									"uv": [
										21,
										39
									],
									"uv_size": [
										1,
										1
									]
								},
								"east": {
									"uv": [
										39,
										21
									],
									"uv_size": [
										1,
										1
									]
								},
								"south": {
									"uv": [
										22,
										39
									],
									"uv_size": [
										1,
										1
									]
								},
								"west": {
									"uv": [
										39,
										22
									],
									"uv_size": [
										1,
										1
									]
								},
								"up": {
									"uv": [
										23,
										39
									],
									"uv_size": [
										1,
										1
									]
								},
								"down": {
									"uv": [
										39,
										24
									],
									"uv_size": [
										1,
										-1
									]
								}
							}
						},
						{
							"origin": [
								-0.25,
								0.25,
								2.75
							],
							"size": [
								0.75,
								0.25,
								0.75
							],
							"uv": {
								"north": {
									"uv": [
										39,
										17
									],
									"uv_size": [
										1,
										1
									]
								},
								"east": {
									"uv": [
										39,
										18
									],
									"uv_size": [
										1,
										1
									]
								},
								"south": {
									"uv": [
										19,
										39
									],
									"uv_size": [
										1,
										1
									]
								},
								"west": {
									"uv": [
										39,
										19
									],
									"uv_size": [
										1,
										1
									]
								},
								"up": {
									"uv": [
										20,
										39
									],
									"uv_size": [
										1,
										1
									]
								},
								"down": {
									"uv": [
										39,
										21
									],
									"uv_size": [
										1,
										-1
									]
								}
							}
						},
						{
							"origin": [
								-1.25,
								0.25,
								2.75
							],
							"size": [
								0.75,
								0.25,
								0.75
							],
							"uv": {
								"north": {
									"uv": [
										9,
										39
									],
									"uv_size": [
										1,
										1
									]
								},
								"east": {
									"uv": [
										10,
										39
									],
									"uv_size": [
										1,
										1
									]
								},
								"south": {
									"uv": [
										11,
										39
									],
									"uv_size": [
										1,
										1
									]
								},
								"west": {
									"uv": [
										12,
										39
									],
									"uv_size": [
										1,
										1
									]
								},
								"up": {
									"uv": [
										13,
										39
									],
									"uv_size": [
										1,
										1
									]
								},
								"down": {
									"uv": [
										39,
										17
									],
									"uv_size": [
										1,
										-1
									]
								}
							}
						},
						{
							"origin": [
								-6.75,
								0.25,
								1.75
							],
							"size": [
								1.25,
								0.25,
								0.75
							],
							"uv": {
								"north": {
									"uv": [
										41,
										29
									],
									"uv_size": [
										1,
										1
									]
								},
								"east": {
									"uv": [
										30,
										41
									],
									"uv_size": [
										1,
										1
									]
								},
								"south": {
									"uv": [
										41,
										30
									],
									"uv_size": [
										1,
										1
									]
								},
								"west": {
									"uv": [
										31,
										41
									],
									"uv_size": [
										1,
										1
									]
								},
								"up": {
									"uv": [
										41,
										31
									],
									"uv_size": [
										1,
										1
									]
								},
								"down": {
									"uv": [
										32,
										42
									],
									"uv_size": [
										1,
										-1
									]
								}
							}
						},
						{
							"origin": [
								-5.25,
								0.25,
								1.75
							],
							"size": [
								0.75,
								0.25,
								0.75
							],
							"uv": {
								"north": {
									"uv": [
										25,
										41
									],
									"uv_size": [
										1,
										1
									]
								},
								"east": {
									"uv": [
										26,
										41
									],
									"uv_size": [
										1,
										1
									]
								},
								"south": {
									"uv": [
										27,
										41
									],
									"uv_size": [
										1,
										1
									]
								},
								"west": {
									"uv": [
										28,
										41
									],
									"uv_size": [
										1,
										1
									]
								},
								"up": {
									"uv": [
										41,
										28
									],
									"uv_size": [
										1,
										1
									]
								},
								"down": {
									"uv": [
										29,
										42
									],
									"uv_size": [
										1,
										-1
									]
								}
							}
						},
						{
							"origin": [
								-4.25,
								0.25,
								1.75
							],
							"size": [
								0.75,
								0.25,
								0.75
							],
							"uv": {
								"north": {
									"uv": [
										22,
										41
									],
									"uv_size": [
										1,
										1
									]
								},
								"east": {
									"uv": [
										41,
										22
									],
									"uv_size": [
										1,
										1
									]
								},
								"south": {
									"uv": [
										23,
										41
									],
									"uv_size": [
										1,
										1
									]
								},
								"west": {
									"uv": [
										41,
										23
									],
									"uv_size": [
										1,
										1
									]
								},
								"up": {
									"uv": [
										24,
										41
									],
									"uv_size": [
										1,
										1
									]
								},
								"down": {
									"uv": [
										41,
										25
									],
									"uv_size": [
										1,
										-1
									]
								}
							}
						},
						{
							"origin": [
								4.75,
								0.25,
								1.75
							],
							"size": [
								0.75,
								0.25,
								0.75
							],
							"uv": {
								"north": {
									"uv": [
										19,
										41
									],
									"uv_size": [
										1,
										1
									]
								},
								"east": {
									"uv": [
										41,
										19
									],
									"uv_size": [
										1,
										1
									]
								},
								"south": {
									"uv": [
										20,
										41
									],
									"uv_size": [
										1,
										1
									]
								},
								"west": {
									"uv": [
										41,
										20
									],
									"uv_size": [
										1,
										1
									]
								},
								"up": {
									"uv": [
										21,
										41
									],
									"uv_size": [
										1,
										1
									]
								},
								"down": {
									"uv": [
										41,
										22
									],
									"uv_size": [
										1,
										-1
									]
								}
							}
						},
						{
							"origin": [
								3.75,
								0.25,
								1.75
							],
							"size": [
								0.75,
								0.25,
								0.75
							],
							"uv": {
								"north": {
									"uv": [
										11,
										41
									],
									"uv_size": [
										1,
										1
									]
								},
								"east": {
									"uv": [
										12,
										41
									],
									"uv_size": [
										1,
										1
									]
								},
								"south": {
									"uv": [
										13,
										41
									],
									"uv_size": [
										1,
										1
									]
								},
								"west": {
									"uv": [
										41,
										16
									],
									"uv_size": [
										1,
										1
									]
								},
								"up": {
									"uv": [
										41,
										17
									],
									"uv_size": [
										1,
										1
									]
								},
								"down": {
									"uv": [
										41,
										19
									],
									"uv_size": [
										1,
										-1
									]
								}
							}
						},
						{
							"origin": [
								2.75,
								0.25,
								1.75
							],
							"size": [
								0.75,
								0.25,
								0.75
							],
							"uv": {
								"north": {
									"uv": [
										5,
										41
									],
									"uv_size": [
										1,
										1
									]
								},
								"east": {
									"uv": [
										6,
										41
									],
									"uv_size": [
										1,
										1
									]
								},
								"south": {
									"uv": [
										7,
										41
									],
									"uv_size": [
										1,
										1
									]
								},
								"west": {
									"uv": [
										8,
										41
									],
									"uv_size": [
										1,
										1
									]
								},
								"up": {
									"uv": [
										9,
										41
									],
									"uv_size": [
										1,
										1
									]
								},
								"down": {
									"uv": [
										10,
										42
									],
									"uv_size": [
										1,
										-1
									]
								}
							}
						},
						{
							"origin": [
								1.75,
								0.25,
								1.75
							],
							"size": [
								0.75,
								0.25,
								0.75
							],
							"uv": {
								"north": {
									"uv": [
										40,
										39
									],
									"uv_size": [
										1,
										1
									]
								},
								"east": {
									"uv": [
										40,
										40
									],
									"uv_size": [
										1,
										1
									]
								},
								"south": {
									"uv": [
										1,
										41
									],
									"uv_size": [
										1,
										1
									]
								},
								"west": {
									"uv": [
										2,
										41
									],
									"uv_size": [
										1,
										1
									]
								},
								"up": {
									"uv": [
										3,
										41
									],
									"uv_size": [
										1,
										1
									]
								},
								"down": {
									"uv": [
										4,
										42
									],
									"uv_size": [
										1,
										-1
									]
								}
							}
						},
						{
							"origin": [
								0.75,
								0.25,
								1.75
							],
							"size": [
								0.75,
								0.25,
								0.75
							],
							"uv": {
								"north": {
									"uv": [
										40,
										36
									],
									"uv_size": [
										1,
										1
									]
								},
								"east": {
									"uv": [
										37,
										40
									],
									"uv_size": [
										1,
										1
									]
								},
								"south": {
									"uv": [
										40,
										37
									],
									"uv_size": [
										1,
										1
									]
								},
								"west": {
									"uv": [
										38,
										40
									],
									"uv_size": [
										1,
										1
									]
								},
								"up": {
									"uv": [
										40,
										38
									],
									"uv_size": [
										1,
										1
									]
								},
								"down": {
									"uv": [
										39,
										41
									],
									"uv_size": [
										1,
										-1
									]
								}
							}
						},
						{
							"origin": [
								-2.25,
								0.25,
								1.75
							],
							"size": [
								0.75,
								0.25,
								0.75
							],
							"uv": {
								"north": {
									"uv": [
										33,
										40
									],
									"uv_size": [
										1,
										1
									]
								},
								"east": {
									"uv": [
										34,
										40
									],
									"uv_size": [
										1,
										1
									]
								},
								"south": {
									"uv": [
										40,
										34
									],
									"uv_size": [
										1,
										1
									]
								},
								"west": {
									"uv": [
										35,
										40
									],
									"uv_size": [
										1,
										1
									]
								},
								"up": {
									"uv": [
										40,
										35
									],
									"uv_size": [
										1,
										1
									]
								},
								"down": {
									"uv": [
										36,
										41
									],
									"uv_size": [
										1,
										-1
									]
								}
							}
						},
						{
							"origin": [
								-3.25,
								0.25,
								1.75
							],
							"size": [
								0.75,
								0.25,
								0.75
							],
							"uv": {
								"north": {
									"uv": [
										30,
										40
									],
									"uv_size": [
										1,
										1
									]
								},
								"east": {
									"uv": [
										40,
										30
									],
									"uv_size": [
										1,
										1
									]
								},
								"south": {
									"uv": [
										31,
										40
									],
									"uv_size": [
										1,
										1
									]
								},
								"west": {
									"uv": [
										40,
										31
									],
									"uv_size": [
										1,
										1
									]
								},
								"up": {
									"uv": [
										32,
										40
									],
									"uv_size": [
										1,
										1
									]
								},
								"down": {
									"uv": [
										40,
										33
									],
									"uv_size": [
										1,
										-1
									]
								}
							}
						},
						{
							"origin": [
								-0.25,
								0.25,
								1.75
							],
							"size": [
								0.75,
								0.25,
								0.75
							],
							"uv": {
								"north": {
									"uv": [
										26,
										40
									],
									"uv_size": [
										1,
										1
									]
								},
								"east": {
									"uv": [
										27,
										40
									],
									"uv_size": [
										1,
										1
									]
								},
								"south": {
									"uv": [
										28,
										40
									],
									"uv_size": [
										1,
										1
									]
								},
								"west": {
									"uv": [
										40,
										28
									],
									"uv_size": [
										1,
										1
									]
								},
								"up": {
									"uv": [
										29,
										40
									],
									"uv_size": [
										1,
										1
									]
								},
								"down": {
									"uv": [
										40,
										30
									],
									"uv_size": [
										1,
										-1
									]
								}
							}
						},
						{
							"origin": [
								-1.25,
								0.25,
								1.75
							],
							"size": [
								0.75,
								0.25,
								0.75
							],
							"uv": {
								"north": {
									"uv": [
										40,
										22
									],
									"uv_size": [
										1,
										1
									]
								},
								"east": {
									"uv": [
										23,
										40
									],
									"uv_size": [
										1,
										1
									]
								},
								"south": {
									"uv": [
										40,
										23
									],
									"uv_size": [
										1,
										1
									]
								},
								"west": {
									"uv": [
										24,
										40
									],
									"uv_size": [
										1,
										1
									]
								},
								"up": {
									"uv": [
										40,
										24
									],
									"uv_size": [
										1,
										1
									]
								},
								"down": {
									"uv": [
										25,
										41
									],
									"uv_size": [
										1,
										-1
									]
								}
							}
						},
						{
							"origin": [
								-6.75,
								0.25,
								0.75
							],
							"size": [
								2.25,
								0.25,
								0.75
							],
							"uv": {
								"north": {
									"uv": [
										25,
										35
									],
									"uv_size": [
										2,
										1
									]
								},
								"east": {
									"uv": [
										29,
										42
									],
									"uv_size": [
										1,
										1
									]
								},
								"south": {
									"uv": [
										27,
										35
									],
									"uv_size": [
										2,
										1
									]
								},
								"west": {
									"uv": [
										42,
										29
									],
									"uv_size": [
										1,
										1
									]
								},
								"up": {
									"uv": [
										29,
										35
									],
									"uv_size": [
										2,
										1
									]
								},
								"down": {
									"uv": [
										31,
										36
									],
									"uv_size": [
										2,
										-1
									]
								}
							}
						},
						{
							"origin": [
								5.75,
								0.25,
								0.75
							],
							"size": [
								0.75,
								0.25,
								1.75
							],
							"uv": {
								"north": {
									"uv": [
										28,
										42
									],
									"uv_size": [
										1,
										1
									]
								},
								"east": {
									"uv": [
										19,
										35
									],
									"uv_size": [
										2,
										1
									]
								},
								"south": {
									"uv": [
										42,
										28
									],
									"uv_size": [
										1,
										1
									]
								},
								"west": {
									"uv": [
										21,
										35
									],
									"uv_size": [
										2,
										1
									]
								},
								"up": {
									"uv": [
										23,
										35
									],
									"uv_size": [
										1,
										2
									]
								},
								"down": {
									"uv": [
										24,
										37
									],
									"uv_size": [
										1,
										-2
									]
								}
							}
						},
						{
							"origin": [
								-4.25,
								0.25,
								0.75
							],
							"size": [
								0.75,
								0.25,
								0.75
							],
							"uv": {
								"north": {
									"uv": [
										42,
										23
									],
									"uv_size": [
										1,
										1
									]
								},
								"east": {
									"uv": [
										24,
										42
									],
									"uv_size": [
										1,
										1
									]
								},
								"south": {
									"uv": [
										42,
										24
									],
									"uv_size": [
										1,
										1
									]
								},
								"west": {
									"uv": [
										25,
										42
									],
									"uv_size": [
										1,
										1
									]
								},
								"up": {
									"uv": [
										26,
										42
									],
									"uv_size": [
										1,
										1
									]
								},
								"down": {
									"uv": [
										27,
										43
									],
									"uv_size": [
										1,
										-1
									]
								}
							}
						},
						{
							"origin": [
								4.25,
								0.25,
								0.75
							],
							"size": [
								1.5,
								0.25,
								0.75
							],
							"uv": {
								"north": {
									"uv": [
										35,
										34
									],
									"uv_size": [
										2,
										1
									]
								},
								"east": {
									"uv": [
										40,
										44
									],
									"uv_size": [
										1,
										1
									]
								},
								"south": {
									"uv": [
										35,
										35
									],
									"uv_size": [
										2,
										1
									]
								},
								"west": {
									"uv": [
										44,
										40
									],
									"uv_size": [
										1,
										1
									]
								},
								"up": {
									"uv": [
										4,
										36
									],
									"uv_size": [
										2,
										1
									]
								},
								"down": {
									"uv": [
										6,
										37
									],
									"uv_size": [
										2,
										-1
									]
								}
							}
						},
						{
							"origin": [
								2.75,
								0.25,
								0.75
							],
							"size": [
								1.25,
								0.25,
								0.75
							],
							"uv": {
								"north": {
									"uv": [
										42,
										20
									],
									"uv_size": [
										1,
										1
									]
								},
								"east": {
									"uv": [
										21,
										42
									],
									"uv_size": [
										1,
										1
									]
								},
								"south": {
									"uv": [
										42,
										21
									],
									"uv_size": [
										1,
										1
									]
								},
								"west": {
									"uv": [
										22,
										42
									],
									"uv_size": [
										1,
										1
									]
								},
								"up": {
									"uv": [
										42,
										22
									],
									"uv_size": [
										1,
										1
									]
								},
								"down": {
									"uv": [
										23,
										43
									],
									"uv_size": [
										1,
										-1
									]
								}
							}
						},
						{
							"origin": [
								1.75,
								0.25,
								0.75
							],
							"size": [
								0.75,
								0.25,
								0.75
							],
							"uv": {
								"north": {
									"uv": [
										42,
										16
									],
									"uv_size": [
										1,
										1
									]
								},
								"east": {
									"uv": [
										42,
										17
									],
									"uv_size": [
										1,
										1
									]
								},
								"south": {
									"uv": [
										42,
										18
									],
									"uv_size": [
										1,
										1
									]
								},
								"west": {
									"uv": [
										19,
										42
									],
									"uv_size": [
										1,
										1
									]
								},
								"up": {
									"uv": [
										42,
										19
									],
									"uv_size": [
										1,
										1
									]
								},
								"down": {
									"uv": [
										20,
										43
									],
									"uv_size": [
										1,
										-1
									]
								}
							}
						},
						{
							"origin": [
								0.75,
								0.25,
								0.75
							],
							"size": [
								0.75,
								0.25,
								0.75
							],
							"uv": {
								"north": {
									"uv": [
										8,
										42
									],
									"uv_size": [
										1,
										1
									]
								},
								"east": {
									"uv": [
										9,
										42
									],
									"uv_size": [
										1,
										1
									]
								},
								"south": {
									"uv": [
										10,
										42
									],
									"uv_size": [
										1,
										1
									]
								},
								"west": {
									"uv": [
										11,
										42
									],
									"uv_size": [
										1,
										1
									]
								},
								"up": {
									"uv": [
										12,
										42
									],
									"uv_size": [
										1,
										1
									]
								},
								"down": {
									"uv": [
										13,
										43
									],
									"uv_size": [
										1,
										-1
									]
								}
							}
						},
						{
							"origin": [
								-2.25,
								0.25,
								0.75
							],
							"size": [
								0.75,
								0.25,
								0.75
							],
							"uv": {
								"north": {
									"uv": [
										2,
										42
									],
									"uv_size": [
										1,
										1
									]
								},
								"east": {
									"uv": [
										3,
										42
									],
									"uv_size": [
										1,
										1
									]
								},
								"south": {
									"uv": [
										4,
										42
									],
									"uv_size": [
										1,
										1
									]
								},
								"west": {
									"uv": [
										5,
										42
									],
									"uv_size": [
										1,
										1
									]
								},
								"up": {
									"uv": [
										6,
										42
									],
									"uv_size": [
										1,
										1
									]
								},
								"down": {
									"uv": [
										7,
										43
									],
									"uv_size": [
										1,
										-1
									]
								}
							}
						},
						{
							"origin": [
								-3.25,
								0.25,
								0.75
							],
							"size": [
								0.75,
								0.25,
								0.75
							],
							"uv": {
								"north": {
									"uv": [
										39,
										41
									],
									"uv_size": [
										1,
										1
									]
								},
								"east": {
									"uv": [
										41,
										39
									],
									"uv_size": [
										1,
										1
									]
								},
								"south": {
									"uv": [
										40,
										41
									],
									"uv_size": [
										1,
										1
									]
								},
								"west": {
									"uv": [
										41,
										40
									],
									"uv_size": [
										1,
										1
									]
								},
								"up": {
									"uv": [
										41,
										41
									],
									"uv_size": [
										1,
										1
									]
								},
								"down": {
									"uv": [
										1,
										43
									],
									"uv_size": [
										1,
										-1
									]
								}
							}
						},
						{
							"origin": [
								-0.25,
								0.25,
								0.75
							],
							"size": [
								0.75,
								0.25,
								0.75
							],
							"uv": {
								"north": {
									"uv": [
										36,
										41
									],
									"uv_size": [
										1,
										1
									]
								},
								"east": {
									"uv": [
										41,
										36
									],
									"uv_size": [
										1,
										1
									]
								},
								"south": {
									"uv": [
										37,
										41
									],
									"uv_size": [
										1,
										1
									]
								},
								"west": {
									"uv": [
										41,
										37
									],
									"uv_size": [
										1,
										1
									]
								},
								"up": {
									"uv": [
										38,
										41
									],
									"uv_size": [
										1,
										1
									]
								},
								"down": {
									"uv": [
										41,
										39
									],
									"uv_size": [
										1,
										-1
									]
								}
							}
						},
						{
							"origin": [
								-1.25,
								0.25,
								0.75
							],
							"size": [
								0.75,
								0.25,
								0.75
							],
							"uv": {
								"north": {
									"uv": [
										41,
										32
									],
									"uv_size": [
										1,
										1
									]
								},
								"east": {
									"uv": [
										33,
										41
									],
									"uv_size": [
										1,
										1
									]
								},
								"south": {
									"uv": [
										34,
										41
									],
									"uv_size": [
										1,
										1
									]
								},
								"west": {
									"uv": [
										41,
										34
									],
									"uv_size": [
										1,
										1
									]
								},
								"up": {
									"uv": [
										35,
										41
									],
									"uv_size": [
										1,
										1
									]
								},
								"down": {
									"uv": [
										41,
										36
									],
									"uv_size": [
										1,
										-1
									]
								}
							}
						},
						{
							"origin": [
								-6.75,
								0.25,
								-0.25
							],
							"size": [
								1.25,
								0.25,
								0.75
							],
							"uv": {
								"north": {
									"uv": [
										37,
										43
									],
									"uv_size": [
										1,
										1
									]
								},
								"east": {
									"uv": [
										43,
										37
									],
									"uv_size": [
										1,
										1
									]
								},
								"south": {
									"uv": [
										38,
										43
									],
									"uv_size": [
										1,
										1
									]
								},
								"west": {
									"uv": [
										43,
										38
									],
									"uv_size": [
										1,
										1
									]
								},
								"up": {
									"uv": [
										39,
										43
									],
									"uv_size": [
										1,
										1
									]
								},
								"down": {
									"uv": [
										43,
										40
									],
									"uv_size": [
										1,
										-1
									]
								}
							}
						},
						{
							"origin": [
								5.75,
								0.25,
								-0.25
							],
							"size": [
								0.75,
								0.25,
								0.25
							],
							"uv": {
								"north": {
									"uv": [
										34,
										43
									],
									"uv_size": [
										1,
										1
									]
								},
								"east": {
									"uv": [
										43,
										34
									],
									"uv_size": [
										1,
										1
									]
								},
								"south": {
									"uv": [
										35,
										43
									],
									"uv_size": [
										1,
										1
									]
								},
								"west": {
									"uv": [
										43,
										35
									],
									"uv_size": [
										1,
										1
									]
								},
								"up": {
									"uv": [
										36,
										43
									],
									"uv_size": [
										1,
										1
									]
								},
								"down": {
									"uv": [
										43,
										37
									],
									"uv_size": [
										1,
										-1
									]
								}
							}
						},
						{
							"origin": [
								-5.25,
								0.25,
								-0.25
							],
							"size": [
								0.75,
								0.25,
								0.75
							],
							"uv": {
								"north": {
									"uv": [
										43,
										30
									],
									"uv_size": [
										1,
										1
									]
								},
								"east": {
									"uv": [
										31,
										43
									],
									"uv_size": [
										1,
										1
									]
								},
								"south": {
									"uv": [
										43,
										31
									],
									"uv_size": [
										1,
										1
									]
								},
								"west": {
									"uv": [
										32,
										43
									],
									"uv_size": [
										1,
										1
									]
								},
								"up": {
									"uv": [
										43,
										32
									],
									"uv_size": [
										1,
										1
									]
								},
								"down": {
									"uv": [
										33,
										44
									],
									"uv_size": [
										1,
										-1
									]
								}
							}
						},
						{
							"origin": [
								-4.25,
								0.25,
								-0.25
							],
							"size": [
								0.75,
								0.25,
								0.75
							],
							"uv": {
								"north": {
									"uv": [
										27,
										43
									],
									"uv_size": [
										1,
										1
									]
								},
								"east": {
									"uv": [
										28,
										43
									],
									"uv_size": [
										1,
										1
									]
								},
								"south": {
									"uv": [
										43,
										28
									],
									"uv_size": [
										1,
										1
									]
								},
								"west": {
									"uv": [
										29,
										43
									],
									"uv_size": [
										1,
										1
									]
								},
								"up": {
									"uv": [
										43,
										29
									],
									"uv_size": [
										1,
										1
									]
								},
								"down": {
									"uv": [
										30,
										44
									],
									"uv_size": [
										1,
										-1
									]
								}
							}
						},
						{
							"origin": [
								4.75,
								0.25,
								-0.25
							],
							"size": [
								0.75,
								0.25,
								0.75
							],
							"uv": {
								"north": {
									"uv": [
										23,
										43
									],
									"uv_size": [
										1,
										1
									]
								},
								"east": {
									"uv": [
										43,
										23
									],
									"uv_size": [
										1,
										1
									]
								},
								"south": {
									"uv": [
										24,
										43
									],
									"uv_size": [
										1,
										1
									]
								},
								"west": {
									"uv": [
										43,
										24
									],
									"uv_size": [
										1,
										1
									]
								},
								"up": {
									"uv": [
										25,
										43
									],
									"uv_size": [
										1,
										1
									]
								},
								"down": {
									"uv": [
										26,
										44
									],
									"uv_size": [
										1,
										-1
									]
								}
							}
						},
						{
							"origin": [
								3.75,
								0.25,
								-0.25
							],
							"size": [
								0.75,
								0.25,
								0.25
							],
							"uv": {
								"north": {
									"uv": [
										20,
										43
									],
									"uv_size": [
										1,
										1
									]
								},
								"east": {
									"uv": [
										43,
										20
									],
									"uv_size": [
										1,
										1
									]
								},
								"south": {
									"uv": [
										21,
										43
									],
									"uv_size": [
										1,
										1
									]
								},
								"west": {
									"uv": [
										43,
										21
									],
									"uv_size": [
										1,
										1
									]
								},
								"up": {
									"uv": [
										22,
										43
									],
									"uv_size": [
										1,
										1
									]
								},
								"down": {
									"uv": [
										43,
										23
									],
									"uv_size": [
										1,
										-1
									]
								}
							}
						},
						{
							"origin": [
								3.75,
								0.25,
								0.25
							],
							"size": [
								0.75,
								0.25,
								0.25
							],
							"uv": {
								"north": {
									"uv": [
										37,
										44
									],
									"uv_size": [
										1,
										1
									]
								},
								"east": {
									"uv": [
										44,
										37
									],
									"uv_size": [
										1,
										1
									]
								},
								"south": {
									"uv": [
										38,
										44
									],
									"uv_size": [
										1,
										1
									]
								},
								"west": {
									"uv": [
										44,
										38
									],
									"uv_size": [
										1,
										1
									]
								},
								"up": {
									"uv": [
										39,
										44
									],
									"uv_size": [
										1,
										1
									]
								},
								"down": {
									"uv": [
										44,
										40
									],
									"uv_size": [
										1,
										-1
									]
								}
							}
						},
						{
							"origin": [
								5.75,
								0.25,
								0.25
							],
							"size": [
								0.75,
								0.25,
								0.25
							],
							"uv": {
								"north": {
									"uv": [
										34,
										44
									],
									"uv_size": [
										1,
										1
									]
								},
								"east": {
									"uv": [
										44,
										34
									],
									"uv_size": [
										1,
										1
									]
								},
								"south": {
									"uv": [
										35,
										44
									],
									"uv_size": [
										1,
										1
									]
								},
								"west": {
									"uv": [
										44,
										35
									],
									"uv_size": [
										1,
										1
									]
								},
								"up": {
									"uv": [
										36,
										44
									],
									"uv_size": [
										1,
										1
									]
								},
								"down": {
									"uv": [
										44,
										37
									],
									"uv_size": [
										1,
										-1
									]
								}
							}
						},
						{
							"origin": [
								2.75,
								0.25,
								-0.25
							],
							"size": [
								0.75,
								0.25,
								0.75
							],
							"uv": {
								"north": {
									"uv": [
										13,
										43
									],
									"uv_size": [
										1,
										1
									]
								},
								"east": {
									"uv": [
										43,
										16
									],
									"uv_size": [
										1,
										1
									]
								},
								"south": {
									"uv": [
										43,
										17
									],
									"uv_size": [
										1,
										1
									]
								},
								"west": {
									"uv": [
										43,
										18
									],
									"uv_size": [
										1,
										1
									]
								},
								"up": {
									"uv": [
										19,
										43
									],
									"uv_size": [
										1,
										1
									]
								},
								"down": {
									"uv": [
										43,
										20
									],
									"uv_size": [
										1,
										-1
									]
								}
							}
						},
						{
							"origin": [
								1.75,
								0.25,
								-0.25
							],
							"size": [
								0.75,
								0.25,
								0.75
							],
							"uv": {
								"north": {
									"uv": [
										7,
										43
									],
									"uv_size": [
										1,
										1
									]
								},
								"east": {
									"uv": [
										8,
										43
									],
									"uv_size": [
										1,
										1
									]
								},
								"south": {
									"uv": [
										9,
										43
									],
									"uv_size": [
										1,
										1
									]
								},
								"west": {
									"uv": [
										10,
										43
									],
									"uv_size": [
										1,
										1
									]
								},
								"up": {
									"uv": [
										11,
										43
									],
									"uv_size": [
										1,
										1
									]
								},
								"down": {
									"uv": [
										12,
										44
									],
									"uv_size": [
										1,
										-1
									]
								}
							}
						},
						{
							"origin": [
								0.75,
								0.25,
								-0.25
							],
							"size": [
								0.75,
								0.25,
								0.75
							],
							"uv": {
								"north": {
									"uv": [
										1,
										43
									],
									"uv_size": [
										1,
										1
									]
								},
								"east": {
									"uv": [
										2,
										43
									],
									"uv_size": [
										1,
										1
									]
								},
								"south": {
									"uv": [
										3,
										43
									],
									"uv_size": [
										1,
										1
									]
								},
								"west": {
									"uv": [
										4,
										43
									],
									"uv_size": [
										1,
										1
									]
								},
								"up": {
									"uv": [
										5,
										43
									],
									"uv_size": [
										1,
										1
									]
								},
								"down": {
									"uv": [
										6,
										44
									],
									"uv_size": [
										1,
										-1
									]
								}
							}
						},
						{
							"origin": [
								-2.25,
								0.25,
								-0.25
							],
							"size": [
								0.75,
								0.25,
								0.75
							],
							"uv": {
								"north": {
									"uv": [
										42,
										39
									],
									"uv_size": [
										1,
										1
									]
								},
								"east": {
									"uv": [
										40,
										42
									],
									"uv_size": [
										1,
										1
									]
								},
								"south": {
									"uv": [
										42,
										40
									],
									"uv_size": [
										1,
										1
									]
								},
								"west": {
									"uv": [
										41,
										42
									],
									"uv_size": [
										1,
										1
									]
								},
								"up": {
									"uv": [
										42,
										41
									],
									"uv_size": [
										1,
										1
									]
								},
								"down": {
									"uv": [
										42,
										43
									],
									"uv_size": [
										1,
										-1
									]
								}
							}
						},
						{
							"origin": [
								-3.25,
								0.25,
								-0.25
							],
							"size": [
								0.75,
								0.25,
								0.75
							],
							"uv": {
								"north": {
									"uv": [
										42,
										36
									],
									"uv_size": [
										1,
										1
									]
								},
								"east": {
									"uv": [
										37,
										42
									],
									"uv_size": [
										1,
										1
									]
								},
								"south": {
									"uv": [
										42,
										37
									],
									"uv_size": [
										1,
										1
									]
								},
								"west": {
									"uv": [
										38,
										42
									],
									"uv_size": [
										1,
										1
									]
								},
								"up": {
									"uv": [
										42,
										38
									],
									"uv_size": [
										1,
										1
									]
								},
								"down": {
									"uv": [
										39,
										43
									],
									"uv_size": [
										1,
										-1
									]
								}
							}
						},
						{
							"origin": [
								-0.25,
								0.25,
								-0.25
							],
							"size": [
								0.75,
								0.25,
								0.75
							],
							"uv": {
								"north": {
									"uv": [
										33,
										42
									],
									"uv_size": [
										1,
										1
									]
								},
								"east": {
									"uv": [
										34,
										42
									],
									"uv_size": [
										1,
										1
									]
								},
								"south": {
									"uv": [
										42,
										34
									],
									"uv_size": [
										1,
										1
									]
								},
								"west": {
									"uv": [
										35,
										42
									],
									"uv_size": [
										1,
										1
									]
								},
								"up": {
									"uv": [
										42,
										35
									],
									"uv_size": [
										1,
										1
									]
								},
								"down": {
									"uv": [
										36,
										43
									],
									"uv_size": [
										1,
										-1
									]
								}
							}
						},
						{
							"origin": [
								-1.25,
								0.25,
								-0.25
							],
							"size": [
								0.75,
								0.25,
								0.75
							],
							"uv": {
								"north": {
									"uv": [
										30,
										42
									],
									"uv_size": [
										1,
										1
									]
								},
								"east": {
									"uv": [
										42,
										30
									],
									"uv_size": [
										1,
										1
									]
								},
								"south": {
									"uv": [
										31,
										42
									],
									"uv_size": [
										1,
										1
									]
								},
								"west": {
									"uv": [
										42,
										31
									],
									"uv_size": [
										1,
										1
									]
								},
								"up": {
									"uv": [
										32,
										42
									],
									"uv_size": [
										1,
										1
									]
								},
								"down": {
									"uv": [
										42,
										33
									],
									"uv_size": [
										1,
										-1
									]
								}
							}
						},
						{
							"origin": [
								-6.5,
								0.25,
								-1.25
							],
							"size": [
								1,
								0.25,
								0.75
							],
							"uv": {
								"north": {
									"uv": [
										30,
										44
									],
									"uv_size": [
										1,
										1
									]
								},
								"east": {
									"uv": [
										44,
										30
									],
									"uv_size": [
										1,
										1
									]
								},
								"south": {
									"uv": [
										31,
										44
									],
									"uv_size": [
										1,
										1
									]
								},
								"west": {
									"uv": [
										44,
										31
									],
									"uv_size": [
										1,
										1
									]
								},
								"up": {
									"uv": [
										32,
										44
									],
									"uv_size": [
										1,
										1
									]
								},
								"down": {
									"uv": [
										44,
										33
									],
									"uv_size": [
										1,
										-1
									]
								}
							}
						},
						{
							"origin": [
								5.75,
								0.25,
								-1.25
							],
							"size": [
								0.75,
								0.25,
								0.75
							],
							"uv": {
								"north": {
									"uv": [
										26,
										44
									],
									"uv_size": [
										1,
										1
									]
								},
								"east": {
									"uv": [
										27,
										44
									],
									"uv_size": [
										1,
										1
									]
								},
								"south": {
									"uv": [
										28,
										44
									],
									"uv_size": [
										1,
										1
									]
								},
								"west": {
									"uv": [
										44,
										28
									],
									"uv_size": [
										1,
										1
									]
								},
								"up": {
									"uv": [
										29,
										44
									],
									"uv_size": [
										1,
										1
									]
								},
								"down": {
									"uv": [
										44,
										30
									],
									"uv_size": [
										1,
										-1
									]
								}
							}
						},
						{
							"origin": [
								-5.25,
								0.25,
								-1.25
							],
							"size": [
								0.75,
								0.25,
								0.75
							],
							"uv": {
								"north": {
									"uv": [
										44,
										22
									],
									"uv_size": [
										1,
										1
									]
								},
								"east": {
									"uv": [
										23,
										44
									],
									"uv_size": [
										1,
										1
									]
								},
								"south": {
									"uv": [
										44,
										23
									],
									"uv_size": [
										1,
										1
									]
								},
								"west": {
									"uv": [
										24,
										44
									],
									"uv_size": [
										1,
										1
									]
								},
								"up": {
									"uv": [
										44,
										24
									],
									"uv_size": [
										1,
										1
									]
								},
								"down": {
									"uv": [
										25,
										45
									],
									"uv_size": [
										1,
										-1
									]
								}
							}
						},
						{
							"origin": [
								-4.25,
								0.25,
								-1.25
							],
							"size": [
								0.75,
								0.25,
								0.75
							],
							"uv": {
								"north": {
									"uv": [
										44,
										19
									],
									"uv_size": [
										1,
										1
									]
								},
								"east": {
									"uv": [
										20,
										44
									],
									"uv_size": [
										1,
										1
									]
								},
								"south": {
									"uv": [
										44,
										20
									],
									"uv_size": [
										1,
										1
									]
								},
								"west": {
									"uv": [
										21,
										44
									],
									"uv_size": [
										1,
										1
									]
								},
								"up": {
									"uv": [
										44,
										21
									],
									"uv_size": [
										1,
										1
									]
								},
								"down": {
									"uv": [
										22,
										45
									],
									"uv_size": [
										1,
										-1
									]
								}
							}
						},
						{
							"origin": [
								4.75,
								0.25,
								-1.25
							],
							"size": [
								0.75,
								0.25,
								0.75
							],
							"uv": {
								"north": {
									"uv": [
										12,
										44
									],
									"uv_size": [
										1,
										1
									]
								},
								"east": {
									"uv": [
										13,
										44
									],
									"uv_size": [
										1,
										1
									]
								},
								"south": {
									"uv": [
										44,
										16
									],
									"uv_size": [
										1,
										1
									]
								},
								"west": {
									"uv": [
										44,
										17
									],
									"uv_size": [
										1,
										1
									]
								},
								"up": {
									"uv": [
										44,
										18
									],
									"uv_size": [
										1,
										1
									]
								},
								"down": {
									"uv": [
										19,
										45
									],
									"uv_size": [
										1,
										-1
									]
								}
							}
						},
						{
							"origin": [
								3.75,
								0.25,
								-1.25
							],
							"size": [
								0.75,
								0.25,
								0.75
							],
							"uv": {
								"north": {
									"uv": [
										6,
										44
									],
									"uv_size": [
										1,
										1
									]
								},
								"east": {
									"uv": [
										7,
										44
									],
									"uv_size": [
										1,
										1
									]
								},
								"south": {
									"uv": [
										8,
										44
									],
									"uv_size": [
										1,
										1
									]
								},
								"west": {
									"uv": [
										9,
										44
									],
									"uv_size": [
										1,
										1
									]
								},
								"up": {
									"uv": [
										10,
										44
									],
									"uv_size": [
										1,
										1
									]
								},
								"down": {
									"uv": [
										11,
										45
									],
									"uv_size": [
										1,
										-1
									]
								}
							}
						},
						{
							"origin": [
								2.75,
								0.25,
								-1.25
							],
							"size": [
								0.75,
								0.25,
								0.75
							],
							"uv": {
								"north": {
									"uv": [
										43,
										43
									],
									"uv_size": [
										1,
										1
									]
								},
								"east": {
									"uv": [
										1,
										44
									],
									"uv_size": [
										1,
										1
									]
								},
								"south": {
									"uv": [
										2,
										44
									],
									"uv_size": [
										1,
										1
									]
								},
								"west": {
									"uv": [
										3,
										44
									],
									"uv_size": [
										1,
										1
									]
								},
								"up": {
									"uv": [
										4,
										44
									],
									"uv_size": [
										1,
										1
									]
								},
								"down": {
									"uv": [
										5,
										45
									],
									"uv_size": [
										1,
										-1
									]
								}
							}
						},
						{
							"origin": [
								-3.25,
								0.25,
								-1.25
							],
							"size": [
								0.75,
								0.25,
								0.75
							],
							"uv": {
								"north": {
									"uv": [
										40,
										43
									],
									"uv_size": [
										1,
										1
									]
								},
								"east": {
									"uv": [
										43,
										40
									],
									"uv_size": [
										1,
										1
									]
								},
								"south": {
									"uv": [
										41,
										43
									],
									"uv_size": [
										1,
										1
									]
								},
								"west": {
									"uv": [
										43,
										41
									],
									"uv_size": [
										1,
										1
									]
								},
								"up": {
									"uv": [
										42,
										43
									],
									"uv_size": [
										1,
										1
									]
								},
								"down": {
									"uv": [
										43,
										43
									],
									"uv_size": [
										1,
										-1
									]
								}
							}
						},
						{
							"origin": [
								-2.25,
								0.25,
								-1.25
							],
							"size": [
								4.75,
								0.25,
								0.75
							],
							"uv": {
								"north": {
									"uv": [
										29,
										34
									],
									"uv_size": [
										5,
										1
									]
								},
								"east": {
									"uv": [
										33,
										44
									],
									"uv_size": [
										1,
										1
									]
								},
								"south": {
									"uv": [
										34,
										29
									],
									"uv_size": [
										5,
										1
									]
								},
								"west": {
									"uv": [
										44,
										33
									],
									"uv_size": [
										1,
										1
									]
								},
								"up": {
									"uv": [
										34,
										30
									],
									"uv_size": [
										5,
										1
									]
								},
								"down": {
									"uv": [
										34,
										32
									],
									"uv_size": [
										5,
										-1
									]
								}
							}
						}
					]
				}
			]
		}
	]
}