{
	"format_version": "1.12.0",
	"minecraft:geometry": [
		{
			"description": {
				"identifier": "geometry.mono_book2",
				"texture_width": 32,
				"texture_height": 32,
				"visible_bounds_width": 3,
				"visible_bounds_height": 2.5,
				"visible_bounds_offset": [
					0,
					0.75,
					0
				]
			},
			"bones": [
				{
					"name": "bb_main",
					"pivot": [
						0,
						0,
						0
					],
					"cubes": [
						{
							"origin": [
								-9.24161,
								-0.25,
								-5.79561
							],
							"size": [
								6,
								0.5,
								12
							],
							"pivot": [
								-3.25,
								0,
								0
							],
							"rotation": [
								-19.98247,
								-0.85481,
								87.65059
							],
							"uv": {
								"north": {
									"uv": [
										18,
										4
									],
									"uv_size": [
										6,
										1
									]
								},
								"east": {
									"uv": [
										18,
										0
									],
									"uv_size": [
										12,
										1
									]
								},
								"south": {
									"uv": [
										18,
										5
									],
									"uv_size": [
										6,
										1
									]
								},
								"west": {
									"uv": [
										18,
										1
									],
									"uv_size": [
										12,
										1
									]
								},
								"up": {
									"uv": [
										0,
										0
									],
									"uv_size": [
										6,
										12
									]
								},
								"down": {
									"uv": [
										6,
										12
									],
									"uv_size": [
										6,
										-12
									]
								}
							}
						},
						{
							"origin": [
								-2.675,
								0,
								-4
							],
							"size": [
								5.675,
								0.25,
								12
							],
							"pivot": [
								2,
								0,
								0
							],
							"rotation": [
								0,
								-20,
								0
							],
							"uv": {
								"north": {
									"uv": [
										18,
										6
									],
									"uv_size": [
										6,
										1
									]
								},
								"east": {
									"uv": [
										18,
										2
									],
									"uv_size": [
										12,
										1
									]
								},
								"south": {
									"uv": [
										18,
										7
									],
									"uv_size": [
										6,
										1
									]
								},
								"west": {
									"uv": [
										18,
										3
									],
									"uv_size": [
										12,
										1
									]
								},
								"up": {
									"uv": [
										0,
										12
									],
									"uv_size": [
										6,
										12
									]
								},
								"down": {
									"uv": [
										12,
										12
									],
									"uv_size": [
										6,
										-12
									]
								}
							}
						},
						{
							"origin": [
								3.4,
								0.025,
								4.025
							],
							"size": [
								0.6,
								0.95,
								0.95
							],
							"pivot": [
								2,
								0,
								0
							],
							"rotation": [
								0,
								10,
								0
							],
							"uv": {
								"north": {
									"uv": [
										19,
										22
									],
									"uv_size": [
										1,
										1
									]
								},
								"east": {
									"uv": [
										22,
										19
									],
									"uv_size": [
										1,
										1
									]
								},
								"south": {
									"uv": [
										20,
										22
									],
									"uv_size": [
										1,
										1
									]
								},
								"west": {
									"uv": [
										22,
										20
									],
									"uv_size": [
										1,
										1
									]
								},
								"up": {
									"uv": [
										21,
										22
									],
									"uv_size": [
										1,
										1
									]
								},
								"down": {
									"uv": [
										22,
										22
									],
									"uv_size": [
										1,
										-1
									]
								}
							}
						},
						{
							"origin": [
								4,
								0,
								4
							],
							"size": [
								1.75,
								1,
								1
							],
							"pivot": [
								2,
								0,
								0
							],
							"rotation": [
								0,
								10,
								0
							],
							"uv": {
								"north": {
									"uv": [
										19,
										10
									],
									"uv_size": [
										2,
										1
									]
								},
								"east": {
									"uv": [
										22,
										22
									],
									"uv_size": [
										1,
										1
									]
								},
								"south": {
									"uv": [
										19,
										11
									],
									"uv_size": [
										2,
										1
									]
								},
								"west": {
									"uv": [
										23,
										10
									],
									"uv_size": [
										1,
										1
									]
								},
								"up": {
									"uv": [
										19,
										12
									],
									"uv_size": [
										2,
										1
									]
								},
								"down": {
									"uv": [
										19,
										14
									],
									"uv_size": [
										2,
										-1
									]
								}
							}
						}
					]
				},
				{
					"name": "pulpen",
					"pivot": [
						-6,
						2.95,
						-4
					],
					"rotation": [
						59.53506,
						-80.05108,
						58.65699
					],
					"cubes": [
						{
							"origin": [
								-5.82026,
								4.69925,
								-6.04721
							],
							"size": [
								0.5,
								0.25,
								5.5
							],
							"uv": {
								"north": {
									"uv": [
										19,
										14
									],
									"uv_size": [
										1,
										1
									]
								},
								"east": {
									"uv": [
										18,
										8
									],
									"uv_size": [
										6,
										1
									]
								},
								"south": {
									"uv": [
										19,
										15
									],
									"uv_size": [
										1,
										1
									]
								},
								"west": {
									"uv": [
										18,
										9
									],
									"uv_size": [
										6,
										1
									]
								},
								"up": {
									"uv": [
										18,
										10
									],
									"uv_size": [
										1,
										6
									]
								},
								"down": {
									"uv": [
										18,
										22
									],
									"uv_size": [
										1,
										-6
									]
								}
							}
						},
						{
							"origin": [
								-5.74526,
								4.74925,
								-0.54721
							],
							"size": [
								0.35,
								0.15,
								0.25
							],
							"uv": {
								"north": {
									"uv": [
										19,
										16
									],
									"uv_size": [
										1,
										1
									]
								},
								"east": {
									"uv": [
										19,
										17
									],
									"uv_size": [
										1,
										1
									]
								},
								"south": {
									"uv": [
										19,
										18
									],
									"uv_size": [
										1,
										1
									]
								},
								"west": {
									"uv": [
										19,
										19
									],
									"uv_size": [
										1,
										1
									]
								},
								"up": {
									"uv": [
										20,
										14
									],
									"uv_size": [
										1,
										1
									]
								},
								"down": {
									"uv": [
										20,
										16
									],
									"uv_size": [
										1,
										-1
									]
								}
							}
						},
						{
							"origin": [
								-5.67026,
								4.77425,
								-0.29721
							],
							"size": [
								0.2,
								0.1,
								0.125
							],
							"uv": {
								"north": {
									"uv": [
										20,
										16
									],
									"uv_size": [
										1,
										1
									]
								},
								"east": {
									"uv": [
										20,
										17
									],
									"uv_size": [
										1,
										1
									]
								},
								"south": {
									"uv": [
										20,
										18
									],
									"uv_size": [
										1,
										1
									]
								},
								"west": {
									"uv": [
										19,
										20
									],
									"uv_size": [
										1,
										1
									]
								},
								"up": {
									"uv": [
										20,
										19
									],
									"uv_size": [
										1,
										1
									]
								},
								"down": {
									"uv": [
										20,
										21
									],
									"uv_size": [
										1,
										-1
									]
								}
							}
						},
						{
							"origin": [
								-5.59526,
								4.79925,
								-0.17221
							],
							"size": [
								0.05,
								0.05,
								0.075
							],
							"uv": {
								"north": {
									"uv": [
										21,
										10
									],
									"uv_size": [
										1,
										1
									]
								},
								"east": {
									"uv": [
										21,
										11
									],
									"uv_size": [
										1,
										1
									]
								},
								"south": {
									"uv": [
										21,
										12
									],
									"uv_size": [
										1,
										1
									]
								},
								"west": {
									"uv": [
										21,
										13
									],
									"uv_size": [
										1,
										1
									]
								},
								"up": {
									"uv": [
										21,
										14
									],
									"uv_size": [
										1,
										1
									]
								},
								"down": {
									"uv": [
										21,
										16
									],
									"uv_size": [
										1,
										-1
									]
								}
							}
						},
						{
							"origin": [
								-5.04526,
								4.77425,
								-6.04721
							],
							"size": [
								0.1,
								0.1,
								1.025
							],
							"uv": {
								"north": {
									"uv": [
										21,
										16
									],
									"uv_size": [
										1,
										1
									]
								},
								"east": {
									"uv": [
										21,
										17
									],
									"uv_size": [
										1,
										1
									]
								},
								"south": {
									"uv": [
										21,
										18
									],
									"uv_size": [
										1,
										1
									]
								},
								"west": {
									"uv": [
										19,
										21
									],
									"uv_size": [
										1,
										1
									]
								},
								"up": {
									"uv": [
										21,
										19
									],
									"uv_size": [
										1,
										1
									]
								},
								"down": {
									"uv": [
										20,
										22
									],
									"uv_size": [
										1,
										-1
									]
								}
							}
						},
						{
							"origin": [
								-5.32026,
								4.77425,
								-6.04721
							],
							"size": [
								0.275,
								0.1,
								0.1
							],
							"uv": {
								"north": {
									"uv": [
										21,
										20
									],
									"uv_size": [
										1,
										1
									]
								},
								"east": {
									"uv": [
										21,
										21
									],
									"uv_size": [
										1,
										1
									]
								},
								"south": {
									"uv": [
										22,
										10
									],
									"uv_size": [
										1,
										1
									]
								},
								"west": {
									"uv": [
										22,
										11
									],
									"uv_size": [
										1,
										1
									]
								},
								"up": {
									"uv": [
										22,
										12
									],
									"uv_size": [
										1,
										1
									]
								},
								"down": {
									"uv": [
										22,
										14
									],
									"uv_size": [
										1,
										-1
									]
								}
							}
						},
						{
							"origin": [
								-5.69526,
								4.72425,
								-6.22221
							],
							"size": [
								0.25,
								0.2,
								0.175
							],
							"uv": {
								"north": {
									"uv": [
										22,
										14
									],
									"uv_size": [
										1,
										1
									]
								},
								"east": {
									"uv": [
										22,
										15
									],
									"uv_size": [
										1,
										1
									]
								},
								"south": {
									"uv": [
										22,
										16
									],
									"uv_size": [
										1,
										1
									]
								},
								"west": {
									"uv": [
										22,
										17
									],
									"uv_size": [
										1,
										1
									]
								},
								"up": {
									"uv": [
										18,
										22
									],
									"uv_size": [
										1,
										1
									]
								},
								"down": {
									"uv": [
										22,
										19
									],
									"uv_size": [
										1,
										-1
									]
								}
							}
						}
					]
				}
			]
		}
	]
}