{
	"format_version": "1.12.0",
	"minecraft:geometry": [
		{
			"description": {
				"identifier": "geometry.cermin",
				"texture_width": 64,
				"texture_height": 64,
				"visible_bounds_width": 2,
				"visible_bounds_height": 2.5,
				"visible_bounds_offset": [
					0,
					0.75,
					0
				]
			},
			"bones": [
				{
					"name": "bb_main",
					"pivot": [
						0,
						0,
						0
					],
					"cubes": [
						{
							"origin": [
								-7,
								0,
								7.5
							],
							"size": [
								14,
								19,
								0.5
							],
							"uv": {
								"north": {
									"uv": [
										0,
										0
									],
									"uv_size": [
										14,
										19
									]
								},
								"east": {
									"uv": [
										0,
										21
									],
									"uv_size": [
										1,
										19
									]
								},
								"south": {
									"uv": [
										14,
										0
									],
									"uv_size": [
										14,
										19
									]
								},
								"west": {
									"uv": [
										1,
										21
									],
									"uv_size": [
										1,
										19
									]
								},
								"up": {
									"uv": [
										10,
										21
									],
									"uv_size": [
										14,
										1
									]
								},
								"down": {
									"uv": [
										10,
										23
									],
									"uv_size": [
										14,
										-1
									]
								}
							}
						},
						{
							"origin": [
								-7,
								0,
								7
							],
							"size": [
								14,
								1.5,
								0.5
							],
							"uv": {
								"north": {
									"uv": [
										0,
										19
									],
									"uv_size": [
										14,
										2
									]
								},
								"east": {
									"uv": [
										10,
										25
									],
									"uv_size": [
										1,
										2
									]
								},
								"south": {
									"uv": [
										14,
										19
									],
									"uv_size": [
										14,
										2
									]
								},
								"west": {
									"uv": [
										11,
										25
									],
									"uv_size": [
										1,
										2
									]
								},
								"up": {
									"uv": [
										10,
										23
									],
									"uv_size": [
										14,
										1
									]
								},
								"down": {
									"uv": [
										10,
										25
									],
									"uv_size": [
										14,
										-1
									]
								}
							}
						},
						{
							"origin": [
								-7,
								18.5,
								7.25
							],
							"size": [
								14,
								0.5,
								0.25
							],
							"uv": {
								"north": {
									"uv": [
										24,
										21
									],
									"uv_size": [
										14,
										1
									]
								},
								"east": {
									"uv": [
										12,
										25
									],
									"uv_size": [
										1,
										1
									]
								},
								"south": {
									"uv": [
										24,
										22
									],
									"uv_size": [
										14,
										1
									]
								},
								"west": {
									"uv": [
										13,
										25
									],
									"uv_size": [
										1,
										1
									]
								},
								"up": {
									"uv": [
										24,
										23
									],
									"uv_size": [
										14,
										1
									]
								},
								"down": {
									"uv": [
										24,
										25
									],
									"uv_size": [
										14,
										-1
									]
								}
							}
						},
						{
							"origin": [
								-7,
								1.5,
								7.25
							],
							"size": [
								0.5,
								17,
								0.25
							],
							"uv": {
								"north": {
									"uv": [
										2,
										21
									],
									"uv_size": [
										1,
										17
									]
								},
								"east": {
									"uv": [
										3,
										21
									],
									"uv_size": [
										1,
										17
									]
								},
								"south": {
									"uv": [
										4,
										21
									],
									"uv_size": [
										1,
										17
									]
								},
								"west": {
									"uv": [
										5,
										21
									],
									"uv_size": [
										1,
										17
									]
								},
								"up": {
									"uv": [
										14,
										25
									],
									"uv_size": [
										1,
										1
									]
								},
								"down": {
									"uv": [
										15,
										26
									],
									"uv_size": [
										1,
										-1
									]
								}
							}
						},
						{
							"origin": [
								6.5,
								1.5,
								7.25
							],
							"size": [
								0.5,
								17,
								0.25
							],
							"uv": {
								"north": {
									"uv": [
										6,
										21
									],
									"uv_size": [
										1,
										17
									]
								},
								"east": {
									"uv": [
										7,
										21
									],
									"uv_size": [
										1,
										17
									]
								},
								"south": {
									"uv": [
										8,
										21
									],
									"uv_size": [
										1,
										17
									]
								},
								"west": {
									"uv": [
										9,
										21
									],
									"uv_size": [
										1,
										17
									]
								},
								"up": {
									"uv": [
										16,
										25
									],
									"uv_size": [
										1,
										1
									]
								},
								"down": {
									"uv": [
										17,
										26
									],
									"uv_size": [
										1,
										-1
									]
								}
							}
						}
					]
				}
			]
		}
	]
}