{
	"format_version": "1.12.0",
	"minecraft:geometry": [
		{
			"description": {
				"identifier": "geometry.piano_upright_left",
				"texture_width": 64,
				"texture_height": 64,
				"visible_bounds_width": 2,
				"visible_bounds_height": 3.5,
				"visible_bounds_offset": [
					0,
					1.25,
					0
				]
			},
			"bones": [
				{
					"name": "bone",
					"pivot": [
						0,
						0,
						0
					],
					"cubes": [
						{
							"origin": [
								-8,
								0,
								-4
							],
							"size": [
								16,
								12,
								12
							],
							"uv": {
								"north": {
									"uv": [
										16,
										0
									],
									"uv_size": [
										16,
										12
									]
								},
								"east": {
									"uv": [
										32,
										22
									],
									"uv_size": [
										12,
										12
									]
								},
								"south": {
									"uv": [
										16,
										12
									],
									"uv_size": [
										16,
										12
									]
								},
								"west": {
									"uv": [
										32,
										34
									],
									"uv_size": [
										12,
										12
									]
								},
								"up": {
									"uv": [
										16,
										24
									],
									"uv_size": [
										16,
										12
									]
								},
								"down": {
									"uv": [
										0,
										42
									],
									"uv_size": [
										16,
										-12
									]
								}
							}
						},
						{
							"origin": [
								-8,
								14,
								2
							],
							"size": [
								16,
								11,
								6
							],
							"uv": {
								"north": {
									"uv": [
										32,
										0
									],
									"uv_size": [
										16,
										11
									]
								},
								"east": {
									"uv": [
										16,
										42
									],
									"uv_size": [
										6,
										11
									]
								},
								"south": {
									"uv": [
										32,
										11
									],
									"uv_size": [
										16,
										11
									]
								},
								"west": {
									"uv": [
										22,
										42
									],
									"uv_size": [
										6,
										11
									]
								},
								"up": {
									"uv": [
										16,
										36
									],
									"uv_size": [
										16,
										6
									]
								},
								"down": {
									"uv": [
										0,
										48
									],
									"uv_size": [
										16,
										-6
									]
								}
							}
						},
						{
							"origin": [
								-8,
								14,
								-6
							],
							"size": [
								1,
								2,
								8
							],
							"uv": {
								"north": {
									"uv": [
										31,
										48
									],
									"uv_size": [
										1,
										2
									]
								},
								"east": {
									"uv": [
										44,
										34
									],
									"uv_size": [
										8,
										2
									]
								},
								"south": {
									"uv": [
										32,
										48
									],
									"uv_size": [
										1,
										2
									]
								},
								"west": {
									"uv": [
										44,
										36
									],
									"uv_size": [
										8,
										2
									]
								},
								"up": {
									"uv": [
										28,
										42
									],
									"uv_size": [
										1,
										8
									]
								},
								"down": {
									"uv": [
										29,
										50
									],
									"uv_size": [
										1,
										-8
									]
								}
							}
						},
						{
							"origin": [
								-6,
								14,
								-3
							],
							"size": [
								1,
								1,
								5
							],
							"uv": {
								"north": {
									"uv": [
										41,
										48
									],
									"uv_size": [
										1,
										1
									]
								},
								"east": {
									"uv": [
										44,
										44
									],
									"uv_size": [
										5,
										1
									]
								},
								"south": {
									"uv": [
										48,
										48
									],
									"uv_size": [
										1,
										1
									]
								},
								"west": {
									"uv": [
										44,
										45
									],
									"uv_size": [
										5,
										1
									]
								},
								"up": {
									"uv": [
										30,
										42
									],
									"uv_size": [
										1,
										5
									]
								},
								"down": {
									"uv": [
										31,
										47
									],
									"uv_size": [
										1,
										-5
									]
								}
							}
						},
						{
							"origin": [
								-8,
								14,
								-7
							],
							"size": [
								1,
								1,
								1
							],
							"uv": {
								"north": {
									"uv": [
										49,
										0
									],
									"uv_size": [
										1,
										1
									]
								},
								"east": {
									"uv": [
										1,
										49
									],
									"uv_size": [
										1,
										1
									]
								},
								"south": {
									"uv": [
										49,
										1
									],
									"uv_size": [
										1,
										1
									]
								},
								"west": {
									"uv": [
										2,
										49
									],
									"uv_size": [
										1,
										1
									]
								},
								"up": {
									"uv": [
										49,
										2
									],
									"uv_size": [
										1,
										1
									]
								},
								"down": {
									"uv": [
										3,
										50
									],
									"uv_size": [
										1,
										-1
									]
								}
							}
						},
						{
							"origin": [
								-8,
								12,
								-7
							],
							"size": [
								16,
								2,
								15
							],
							"uv": {
								"north": {
									"uv": [
										44,
										22
									],
									"uv_size": [
										16,
										2
									]
								},
								"east": {
									"uv": [
										44,
										30
									],
									"uv_size": [
										15,
										2
									]
								},
								"south": {
									"uv": [
										44,
										24
									],
									"uv_size": [
										16,
										2
									]
								},
								"west": {
									"uv": [
										44,
										32
									],
									"uv_size": [
										15,
										2
									]
								},
								"up": {
									"uv": [
										0,
										0
									],
									"uv_size": [
										16,
										15
									]
								},
								"down": {
									"uv": [
										0,
										30
									],
									"uv_size": [
										16,
										-15
									]
								}
							}
						},
						{
							"origin": [
								4,
								0,
								-6
							],
							"size": [
								2,
								1,
								2
							],
							"uv": {
								"north": {
									"uv": [
										48,
										21
									],
									"uv_size": [
										2,
										1
									]
								},
								"east": {
									"uv": [
										33,
										48
									],
									"uv_size": [
										2,
										1
									]
								},
								"south": {
									"uv": [
										37,
										48
									],
									"uv_size": [
										2,
										1
									]
								},
								"west": {
									"uv": [
										39,
										48
									],
									"uv_size": [
										2,
										1
									]
								},
								"up": {
									"uv": [
										13,
										48
									],
									"uv_size": [
										2,
										2
									]
								},
								"down": {
									"uv": [
										48,
										19
									],
									"uv_size": [
										2,
										-2
									]
								}
							}
						},
						{
							"origin": [
								7,
								0,
								-7
							],
							"size": [
								1,
								1,
								3
							],
							"uv": {
								"north": {
									"uv": [
										49,
										16
									],
									"uv_size": [
										1,
										1
									]
								},
								"east": {
									"uv": [
										48,
										19
									],
									"uv_size": [
										3,
										1
									]
								},
								"south": {
									"uv": [
										33,
										49
									],
									"uv_size": [
										1,
										1
									]
								},
								"west": {
									"uv": [
										48,
										20
									],
									"uv_size": [
										3,
										1
									]
								},
								"up": {
									"uv": [
										15,
										48
									],
									"uv_size": [
										1,
										3
									]
								},
								"down": {
									"uv": [
										30,
										51
									],
									"uv_size": [
										1,
										-3
									]
								}
							}
						},
						{
							"origin": [
								5,
								0,
								-7
							],
							"size": [
								1,
								1,
								1
							],
							"uv": {
								"north": {
									"uv": [
										49,
										3
									],
									"uv_size": [
										1,
										1
									]
								},
								"east": {
									"uv": [
										4,
										49
									],
									"uv_size": [
										1,
										1
									]
								},
								"south": {
									"uv": [
										49,
										4
									],
									"uv_size": [
										1,
										1
									]
								},
								"west": {
									"uv": [
										5,
										49
									],
									"uv_size": [
										1,
										1
									]
								},
								"up": {
									"uv": [
										49,
										6
									],
									"uv_size": [
										1,
										1
									]
								},
								"down": {
									"uv": [
										7,
										50
									],
									"uv_size": [
										1,
										-1
									]
								}
							}
						},
						{
							"origin": [
								-8,
								11,
								-6
							],
							"size": [
								16,
								1,
								2
							],
							"uv": {
								"north": {
									"uv": [
										44,
										38
									],
									"uv_size": [
										16,
										1
									]
								},
								"east": {
									"uv": [
										44,
										48
									],
									"uv_size": [
										2,
										1
									]
								},
								"south": {
									"uv": [
										44,
										39
									],
									"uv_size": [
										16,
										1
									]
								},
								"west": {
									"uv": [
										46,
										48
									],
									"uv_size": [
										2,
										1
									]
								},
								"up": {
									"uv": [
										44,
										26
									],
									"uv_size": [
										16,
										2
									]
								},
								"down": {
									"uv": [
										44,
										30
									],
									"uv_size": [
										16,
										-2
									]
								}
							}
						},
						{
							"origin": [
								-8,
								10,
								-5
							],
							"size": [
								16,
								1,
								1
							],
							"uv": {
								"north": {
									"uv": [
										44,
										40
									],
									"uv_size": [
										16,
										1
									]
								},
								"east": {
									"uv": [
										49,
										7
									],
									"uv_size": [
										1,
										1
									]
								},
								"south": {
									"uv": [
										44,
										41
									],
									"uv_size": [
										16,
										1
									]
								},
								"west": {
									"uv": [
										8,
										49
									],
									"uv_size": [
										1,
										1
									]
								},
								"up": {
									"uv": [
										44,
										42
									],
									"uv_size": [
										16,
										1
									]
								},
								"down": {
									"uv": [
										44,
										44
									],
									"uv_size": [
										16,
										-1
									]
								}
							}
						},
						{
							"origin": [
								-3,
								14,
								-3
							],
							"size": [
								1,
								1,
								5
							],
							"uv": {
								"north": {
									"uv": [
										49,
										8
									],
									"uv_size": [
										1,
										1
									]
								},
								"east": {
									"uv": [
										32,
										46
									],
									"uv_size": [
										5,
										1
									]
								},
								"south": {
									"uv": [
										9,
										49
									],
									"uv_size": [
										1,
										1
									]
								},
								"west": {
									"uv": [
										37,
										46
									],
									"uv_size": [
										5,
										1
									]
								},
								"up": {
									"uv": [
										42,
										46
									],
									"uv_size": [
										1,
										5
									]
								},
								"down": {
									"uv": [
										43,
										51
									],
									"uv_size": [
										1,
										-5
									]
								}
							}
						},
						{
							"origin": [
								-1,
								14,
								-3
							],
							"size": [
								1,
								1,
								5
							],
							"uv": {
								"north": {
									"uv": [
										49,
										9
									],
									"uv_size": [
										1,
										1
									]
								},
								"east": {
									"uv": [
										44,
										46
									],
									"uv_size": [
										5,
										1
									]
								},
								"south": {
									"uv": [
										10,
										49
									],
									"uv_size": [
										1,
										1
									]
								},
								"west": {
									"uv": [
										30,
										47
									],
									"uv_size": [
										5,
										1
									]
								},
								"up": {
									"uv": [
										35,
										47
									],
									"uv_size": [
										1,
										5
									]
								},
								"down": {
									"uv": [
										36,
										52
									],
									"uv_size": [
										1,
										-5
									]
								}
							}
						},
						{
							"origin": [
								2,
								14,
								-3
							],
							"size": [
								1,
								1,
								5
							],
							"uv": {
								"north": {
									"uv": [
										49,
										10
									],
									"uv_size": [
										1,
										1
									]
								},
								"east": {
									"uv": [
										37,
										47
									],
									"uv_size": [
										5,
										1
									]
								},
								"south": {
									"uv": [
										11,
										49
									],
									"uv_size": [
										1,
										1
									]
								},
								"west": {
									"uv": [
										44,
										47
									],
									"uv_size": [
										5,
										1
									]
								},
								"up": {
									"uv": [
										0,
										48
									],
									"uv_size": [
										1,
										5
									]
								},
								"down": {
									"uv": [
										48,
										5
									],
									"uv_size": [
										1,
										-5
									]
								}
							}
						},
						{
							"origin": [
								4,
								14,
								-3
							],
							"size": [
								1,
								1,
								5
							],
							"uv": {
								"north": {
									"uv": [
										49,
										12
									],
									"uv_size": [
										1,
										1
									]
								},
								"east": {
									"uv": [
										1,
										48
									],
									"uv_size": [
										5,
										1
									]
								},
								"south": {
									"uv": [
										49,
										13
									],
									"uv_size": [
										1,
										1
									]
								},
								"west": {
									"uv": [
										48,
										5
									],
									"uv_size": [
										5,
										1
									]
								},
								"up": {
									"uv": [
										6,
										48
									],
									"uv_size": [
										1,
										5
									]
								},
								"down": {
									"uv": [
										48,
										11
									],
									"uv_size": [
										1,
										-5
									]
								}
							}
						},
						{
							"origin": [
								6,
								14,
								-3
							],
							"size": [
								1,
								1,
								5
							],
							"uv": {
								"north": {
									"uv": [
										49,
										14
									],
									"uv_size": [
										1,
										1
									]
								},
								"east": {
									"uv": [
										7,
										48
									],
									"uv_size": [
										5,
										1
									]
								},
								"south": {
									"uv": [
										49,
										15
									],
									"uv_size": [
										1,
										1
									]
								},
								"west": {
									"uv": [
										48,
										11
									],
									"uv_size": [
										5,
										1
									]
								},
								"up": {
									"uv": [
										12,
										48
									],
									"uv_size": [
										1,
										5
									]
								},
								"down": {
									"uv": [
										48,
										17
									],
									"uv_size": [
										1,
										-5
									]
								}
							}
						}
					]
				}
			]
		}
	]
}