{
    "format_version": "1.8.0",
    "animations": {
        "animation.ninnynpc.4thdebut": {
            "timeline": {
                "0.0": [
                    "/playsound telp.call @a",
                    "/tag @a remove 15token",
                    "@s 4thmotordebutremove",
                    "/setblock 247 68 -76 stone"
                ],
                "3.0": "/tellraw @a {\"rawtext\":[{\"text\":\"[!] §bNinny§r: Hello! I hope you are having a fun ride! You have unlocked a new ride, please come back here at my shop and we will suit you up with a new invention of ours!\"}]}",
                "6.0": [
                    "/playsound telp.end @a",
                    "/tag @s remove 4thdebut",
                    "@s 4thmotordebutremove"
                ]
            },
            "animation_length": 7
        }
    }
}