{
    "format_version": "1.8.0",
    "animations": {
        "animation.ninnynpc.finaldebut": {
            "timeline": {
                "0.0": [
                    "/playsound firework.launch @a",
                    "/tag @a remove 35token",
                    "@s finaldebutremove"
                ],
                "1.0": [
                    "/playsound firework.blast @a",
                    "/execute @a ~~~ particle mcp:fireworkparticles ~~+50~",
                    "/execute @a ~~~ particle mcp:fireworkparticles ~~+50~+10",
                    "/execute @a ~~~ particle mcp:fireworkparticles ~-10~+50~",
                    "/execute @a ~~~ particle mcp:fireworkparticles ~~+50~-10",
                    "/execute @a ~~~ particle mcp:fireworkparticles ~+10~+50~",
                    "/execute @a ~~~ particle mcp:fireworkparticles ~~+50~+20",
                    "/execute @a ~~~ particle mcp:fireworkparticles ~-20~+50~",
                    "/execute @a ~~~ particle mcp:fireworkparticles ~~+50~-20",
                    "/execute @a ~~~ particle mcp:fireworkparticles ~+20~+50~"
                ],
                "2.5": [
                    "/playsound firework.launch @a",
                    "/title @a title §6Congratulations"
                ],
                "3.0": [
                    "/playsound firework.blast @a",
                    "/execute @a ~~~ particle mcp:fireworkparticles ~~+50~",
                    "/execute @a ~~~ particle mcp:fireworkparticles ~~+50~+10",
                    "/execute @a ~~~ particle mcp:fireworkparticles ~-10~+50~",
                    "/execute @a ~~~ particle mcp:fireworkparticles ~~+50~-10",
                    "/execute @a ~~~ particle mcp:fireworkparticles ~+10~+50~",
                    "/execute @a ~~~ particle mcp:fireworkparticles ~~+50~+20",
                    "/execute @a ~~~ particle mcp:fireworkparticles ~-20~+50~",
                    "/execute @a ~~~ particle mcp:fireworkparticles ~~+50~-20",
                    "/execute @a ~~~ particle mcp:fireworkparticles ~+20~+50~"
                ],
                "4.0": [
                    "/playsound firework.launch @a"
                ],
                "5.0": [
                    "/playsound firework.blast @a",
                    "/execute @a ~~~ particle mcp:fireworkparticles ~~+50~",
                    "/execute @a ~~~ particle mcp:fireworkparticles ~~+50~+10",
                    "/execute @a ~~~ particle mcp:fireworkparticles ~-10~+50~",
                    "/execute @a ~~~ particle mcp:fireworkparticles ~~+50~-10",
                    "/execute @a ~~~ particle mcp:fireworkparticles ~+10~+50~",
                    "/execute @a ~~~ particle mcp:fireworkparticles ~~+50~+20",
                    "/execute @a ~~~ particle mcp:fireworkparticles ~-20~+50~",
                    "/execute @a ~~~ particle mcp:fireworkparticles ~~+50~-20",
                    "/execute @a ~~~ particle mcp:fireworkparticles ~+20~+50~",
                    "/title @a title §6Motorcycle City",
                    "/title @a subtitle §6By Kubo Studios"
                ],
                "10.0": [
                    "/title @a title §6LEAVE A RATING",
                    "/title @a subtitle §6IF YOU ENJOYED THE MAP"
                ],
                "20.5": [
                    "/playsound telp.call @a"
                ],
                "23.0": [
                    "/tellraw @a {\"rawtext\":[{\"text\":\"[!] §bNinny§r: Congratulations, you have finally unlocked the Legendary Z! The game’s not over yet, we have a reward for you!  \"}]}"
                ],
                "26.0": [
                    "/playsound telp.end @a",
                    "/titleraw @a actionbar {\"rawtext\":[{\"text\":\"\n\n§6\u2699 Speak to Ninny to claim your reward.\"}]}"
                ],
                "27.0": "/titleraw @a actionbar {\"rawtext\":[{\"text\":\"\n\n§6\u2699 Speak to Ninny to claim your reward.\"}]}",
                "28.0": [
                    "/titleraw @a actionbar {\"rawtext\":[{\"text\":\"\n\n§6\u2699 Speak to Ninny to claim your reward.\"}]}",
                    "/setblock 249 68 -76 stone",
                    "/tag @s remove finaldebut",
                    "@s finaldebutremove"
                ]
            },
            "animation_length": 29
        }
    }
}