{
    "format_version": "1.8.0",
    "animations": {
        "animation.ninnynpc.firsttoken": {
            "timeline": {
                "0.0": [
                    "/playsound telp.call @a",
                    "@s firsttokenremove"
                ],
                "3.0": "/tellraw @a {\"rawtext\":[{\"text\":\"[!] §bNinny§r: According to our tracker you have received your first §6Motorcycle Token§r.\"}]}",
                "9.0": "/tellraw @a {\"rawtext\":[{\"text\":\"[!] §bNinny§r: That is one huge step to be the greatest Motorcycle rider of all-time!\"}]}",
                "15.0": "/tellraw @a {\"rawtext\":[{\"text\":\"[!] §bNinny§r: Keep grinding, you have a long way ahead.\"}]}",
                "21.0": "/tellraw @a {\"rawtext\":[{\"text\":\"[!] §bNinny§r: Talk to you later!\"}]}",
                "22.0": "/playsound telp.end @a",
                "24.0": [
                    "/playsound quest.ding @a",
                    "/setblock 241 68 -66 air",
                    "/titleraw @a actionbar {\"rawtext\":[{\"text\":\"\n\n§6\u2699 Collect five motorcycle tokens.\"}]}"
                ],
                "25.0": "/titleraw @a actionbar {\"rawtext\":[{\"text\":\"\n\n§6\u2699 Collect five motorcycle tokens.\"}]}",
                "26.0": "/titleraw @a actionbar {\"rawtext\":[{\"text\":\"\n\n§6\u2699 Collect five motorcycle tokens.\"}]}",
                "27.0": [
                    "/titleraw @a actionbar {\"rawtext\":[{\"text\":\"\n\n§6\u2699 Collect five motorcycle tokens.\"}]}",
                    "/tag @s remove firsttoken",
                    "@s firsttokenremove",
                    "/tag @a add 5token"
                ]
            },
            "animation_length": 28
        }
    }
}