{
    "format_version": "1.8.0",
    "animations": {
        "animation.ninnynpc.welcomedialog": {
            "timeline": {
                "0.0": [
                    "/tag @s remove dotalk",
                    "@s welcomeanimend",
                    "/tag @a remove speaktoninny",
                    "/setblock 235 67 -69 stone",
                    "/tellraw @a {\"rawtext\":[{\"text\":\"[!] §bNinny§r: Welcome biker! I heard you wanted to become the greatest Motorcycle rider of all-time.\"}]}"
                ],
                "6.0": "/tellraw @a {\"rawtext\":[{\"text\":\"[!] §bNinny§r: Well, say no more! We have the best opportunity for you here at Motorcycle City.\"}]}",
                "12.0": "/tellraw @a {\"rawtext\":[{\"text\":\"[!] §bNinny§r: However, a dream cannot be accomplished that easily, you will have to go through a series of tasks before reaching your goal.\"}]}",
                "18.0": "/tellraw @a {\"rawtext\":[{\"text\":\"[!] §bNinny§r: My assistant has placed your first ride outside of the shop.\"}]}",
                "24.0": "/tellraw @a {\"rawtext\":[{\"text\":\"[!] §bNinny§r: Your goal is to find all of the §6Motorcycle Tokens§r scattered throughout the map.\"}]}",
                "30.0": "/tellraw @a {\"rawtext\":[{\"text\":\"[!] §bNinny§r: As you gain more tokens, you will be unlocking new types of motorcycles!\"}]}",
                "36.0": "/tellraw @a {\"rawtext\":[{\"text\":\"[!] §bNinny§r: What are you waiting for? Show us what you are made of.\"}]}",
                "42.0": "/tellraw @a {\"rawtext\":[{\"text\":\"[!] §bNinny§r: We have a tracker on our end showing your progress as you go, we will be calling you once we have something important.\"}]}",
                "44.0": [
                    "/fill 252 74 -65 253 74 -65 air","/fill 240 74 -78 240 74 -75 air", "/fill 265 74 -78 265 74 -75 air",
                    "/playsound quest.ding @a",
                    "/titleraw @a actionbar {\"rawtext\":[{\"text\":\"\n\n§6\u2699 Ride the Speed BMX\"}]}",
                    "/summon motorcity:whitemodernbike 235 72 -61",
                    "/scoreboard objectives setdisplay sidebar token",
                    "/scoreboard players set \"Collected:      \" token 0",
                    "/setblock 234 70 -67 air",
                    "/setblock 257 70 -62 air"
                ],
                "45.0": "/titleraw @a actionbar {\"rawtext\":[{\"text\":\"\n\n§6\u2699 Ride the Speed BMX\"}]}",
                "46.0": "/titleraw @a actionbar {\"rawtext\":[{\"text\":\"\n\n§6\u2699 Ride the Speed BMX\"}]}",
                "47.0": "/titleraw @a actionbar {\"rawtext\":[{\"text\":\"\n\n§6\u2699 Ride the Speed BMX\"}]}",
                "48.0": "/titleraw @a actionbar {\"rawtext\":[{\"text\":\"\n\n§6\u2699 Ride the Speed BMX\"}]}",
                "49.0": "/titleraw @a actionbar {\"rawtext\":[{\"text\":\"\n\n§6\u2699 Ride the Speed BMX\"}]}",
                "50.0": "/titleraw @a actionbar {\"rawtext\":[{\"text\":\"\n\n§6\u2699 Ride the Speed BMX\"}]}",
                "51.0": "/titleraw @a actionbar {\"rawtext\":[{\"text\":\"\n\n§6\u2699 Ride the Speed BMX\"}]}",
                "52.0": "@s welcomeanimend"
            },
            "animation_length": 53
        }
    }
}