{
  "format_version": "1.8.0",
  "animations": {
    "animation.token.5token": {
      "loop": true,
      "timeline": {
        "0.0": "/titleraw @a actionbar {\"rawtext\":[{\"text\":\"\n\n§6\u2699 Collect five motorcycle tokens.\"}]}"
      },
      "animation_length": 2.0
    },
    "animation.token.10token": {
      "loop": true,
      "timeline": {
        "0.0": "/titleraw @a actionbar {\"rawtext\":[{\"text\":\"\n\n§6\u2699 Collect ten motorcycle tokens.\"}]}"
      },
      "animation_length": 2.0
    },
    "animation.token.15token": {
      "loop": true,
      "timeline": {
        "0.0": "/titleraw @a actionbar {\"rawtext\":[{\"text\":\"\n\n§6\u2699 Collect fifteen motorcycle tokens.\"}]}"
      },
      "animation_length": 2.0
    },
    "animation.token.35token": {
      "loop": true,
      "timeline": {
        "0.0": "/titleraw @a actionbar {\"rawtext\":[{\"text\":\"\n\n§6\u2699 Collect thirty-five motorcycle tokens.\"}]}"
      },
      "animation_length": 2.0
    },
    "animation.logo.logosum": {
      "timeline": {
        "0.0": [
          "/fill 252 73 -63 253 74 -63 barrier",
          "/playsound passby @a ~~~ 1.0 1.5"
        ],
        "1.0": "/summon motorcity:elogo 252 75 -60",
        "4.2": [
            "/tp @e[type=motorcity:elogo] ~ -45 ~",
            "/fill 252 73 -63 253 74 -63 air"
        ],
        "8.0": [
          "/kill @e[type=motorcity:elogo]",
          "/tag @a remove summonlogo",
          "@s summonlogoremove"
        ]
      },
      "animation_length": 9.0
    }
  }
}
