{
  "format_version": "1.8.0",
  "minecraft:entity": {
    "description": {
      "identifier": "sbgoji:titan_camera_man3",
      "is_spawnable": true,
      "is_summonable": true,
      "is_experimental": false,
      "runtime_identifier": "minecraft:iron_golem"
    },
    "components": {
      "minecraft:nameable": {
        "alwaysShow": true,
        "allowNameTagRenaming": true
      },
      "minecraft:health": {
        "value": 59000000,
        "max": 59000000
      },
      "minecraft:collision_box": {
        "height": 3.01,
        "width": 1.0
      },
      "minecraft:attack": {
        "damage": 800000,
        "effect_name": "bad_omen",
        "effect_duration": 30
      },
      "minecraft:movement": {
        "value": 0.54
      },
      "minecraft:navigation.walk": {
        "is_amphibious": true,
        "avoid_sun": true,
        "avoid_water": true
      },
      "minecraft:movement.basic": {},
      "minecraft:jump.static": {},
      "minecraft:can_climb": {},
      "minecraft:scale": {
        "value": 4.4
      },
      "minecraft:behavior.hurt_by_target": {
        "priority": 3
      },
      "minecraft:behavior.nearest_attackable_target": {
        "priority": 2,
        "reselect_targets": true,
        "entity_types": [
          {
            "filters": {
              "any_of": [
                {
                  "test": "is_family",
                  "subject": "other",
                  "value": "monster"
                },
                {
                  "test": "is_family",
                  "subject": "other",
                  "value": "creeper"
                }
              ]
            },
            "max_dist": 136.0,
            "must_see": true
          },
          {
            "filters": {
              "test": "is_family",
              "subject": "other",
              "value": "monster"
            },
            "max_dist": 16
          },
          {
            "filters": {
              "all_of": [
                {
                  "test": "is_family",
                  "subject": "other",
                  "value": "monster"
                },
                {
                  "test": "in_water",
                  "subject": "other",
                  "operator": "!=player",
                  "value": true
                }
              ]
            },
            "max_dist": 16
          }
        ],
        "must_see": true,
        "within_radius": 122.37,
        "must_reach": true
      },
      "minecraft:behavior.melee_attack": {
        "priority": 4,
        "target_dist": 1.2,
        "speed_multiplier": 1.3,
        "track_target": true
      },
      "minecraft:behavior.random_stroll": {
        "priority": 5,
        "speed_multiplier": 1
      },
      "minecraft:behavior.look_at_player": {
        "priority": 6,
        "look_distance": 8
      },
      "minecraft:behavior.random_look_around": {
        "priority": 6
      },
      "minecraft:type_family": {
        "family": [
          "mob",
          "mob",
          "player",
          "player",
          "player",
          "player",
          "player",
          "player",
          "player",
          "player",
          "player",
          "player",
          "player",
          "player",
          "cameraman",
          "chsoks1"
        ]
      },
      "minecraft:physics": {},
      "minecraft:experience_reward": {
        "on_death": "query.last_hit_by_player ? 500 : 0"
      },
      "minecraft:underwater_movement": {
        "value": 0.02
      },
      "minecraft:behavior.owner_hurt_by_target": {
        "priority": 1
      },
      "minecraft:behavior.owner_hurt_target": {
        "priority": 2
      },
      "minecraft:equip_item": {},
      "minecraft:knockback_resistance": {
        "value": 100.0,
        "max": 100.0
      },
      "minecraft:equipment": {
        "table": "loot_tables/entities/sbgoji_big_camera_man3_equipment.json"
      },
      "minecraft:fire_immune": true,
      "minecraft:area_attack": {
        "damage_range": 7.4,
        "damage_per_tick": 35007,
        "cause": "contact",
        "entity_filter": {
          "all_of": [
            {
              "test": "is_family",
              "subject": "other",
              "value": "chsoks1",
              "operator": "!="
            },
            {
              "test": "is_family",
              "subject": "other",
              "value": "player",
              "operator": "!="
            }
          ]
        }
      },
      "minecraft:boss": {
        "should_darken_sky": false,
        "hud_range": 125,
        "name": "Titan Camera Man [§3Titan§f]"
      },
      "minecraft:on_ignite": {
        "event": "on:ignite",
        "target": "self"
      },
      "minecraft:on_target_acquired": {
        "event": "on:target_acquired",
        "target": "self"
      },
      "minecraft:on_target_escape": {
        "event": "on:target_escape",
        "target": "self"
      },
      "minecraft:on_wake_with_owner": {
        "event": "on:wake_with_owner",
        "target": "self"
      },
      "minecraft:on_death": {
        "event": "on:death",
        "target": "self"
      },
      "minecraft:loot": {
        "table": "loot_tables/entities/sbgoji_titan_camera_man3.json"
      }
    },
    "events": {
      "minecraft:entity_spawned": {},
      "on:death": {
        "randomize": [
          {
            "run_command": {
              "command": [
                "function Titan_camera_man_death"
              ]
            },
            "weight": 1
          }
        ]
      },
      "on:hurt": {
        "run_command": {
          "command": []
        }
      },
      "on:hurt_by_player": {
        "run_command": {
          "command": []
        }
      },
      "on:ignite": {
        "randomize": [
          {
            "run_command": {
              "command": [
                "function Titan_Camera_Man_attack"
              ]
            },
            "weight": 1
          }
        ]
      },
      "on:target_acquired": {
        "randomize": []
      },
      "on:target_escape": {
        "randomize": [
          {
            "run_command": {
              "command": [
                "function Titan_Camera_Man_attack"
              ]
            },
            "weight": 1
          }
        ]
      },
      "on:wake_with_owner": {
        "randomize": [
          {
            "run_command": {
              "command": [
                "function Titan_Camera_Man_attack"
              ]
            },
            "weight": 1
          }
        ],
        "run_command": {
          "command": []
        }
      },
      "on:tick_action": {
        "randomize": []
      }
    }
  }
}