{
  "format_version": "1.8.0",
  "minecraft:entity": {
    "description": {
      "identifier": "sbgoji:speaker_man3",
      "is_spawnable": true,
      "is_summonable": true,
      "is_experimental": false,
      "runtime_identifier": "minecraft:iron_golem"
    },
    "components": {
      "minecraft:nameable": {
        "alwaysShow": true,
        "allowNameTagRenaming": true
      },
      "minecraft:health": {
        "value": 90,
        "max": 90
      },
      "minecraft:collision_box": {
        "height": 2.4,
        "width": 1.4
      },
      "minecraft:attack": {
        "damage": 50,
        "effect_name": "bad_omen",
        "effect_duration": 30
      },
      "minecraft:movement": {
        "value": 0.26
      },
      "minecraft:navigation.walk": {
        "is_amphibious": true,
        "avoid_sun": true,
        "avoid_water": true
      },
      "minecraft:movement.basic": {},
      "minecraft:jump.static": {},
      "minecraft:can_climb": {},
      "minecraft:scale": {
        "value": 1.1
      },
      "minecraft:behavior.hurt_by_target": {
        "priority": 3
      },
      "minecraft:behavior.nearest_attackable_target": {
        "priority": 2,
        "reselect_targets": true,
        "entity_types": [
          {
            "filters": {
              "any_of": [
                {
                  "test": "is_family",
                  "subject": "other",
                  "value": "monster"
                },
                {
                  "test": "is_family",
                  "subject": "other",
                  "value": "creeper"
                }
              ]
            },
            "max_dist": 136.0,
            "must_see": true
          },
          {
            "filters": {
              "test": "is_family",
              "subject": "other",
              "value": "monster"
            },
            "max_dist": 16
          },
          {
            "filters": {
              "all_of": [
                {
                  "test": "is_family",
                  "subject": "other",
                  "value": "monster"
                },
                {
                  "test": "in_water",
                  "subject": "other",
                  "operator": "!=player",
                  "value": true
                }
              ]
            },
            "max_dist": 16
          }
        ],
        "must_see": true,
        "within_radius": 122.37,
        "must_reach": true
      },
      "minecraft:behavior.melee_attack": {
        "priority": 4,
        "target_dist": 1.2,
        "speed_multiplier": 1.3,
        "track_target": true
      },
      "minecraft:behavior.random_stroll": {
        "priority": 5,
        "speed_multiplier": 1
      },
      "minecraft:behavior.look_at_player": {
        "priority": 6,
        "look_distance": 8
      },
      "minecraft:behavior.random_look_around": {
        "priority": 6
      },
      "minecraft:type_family": {
        "family": [
          "mob",
          "player",
          "player",
          "player",
          "player",
          "player",
          "player",
          "player",
          "player",
          "player",
          "player",
          "player",
          "player",
          "chsoks1"
        ]
      },
      "minecraft:physics": {},
      "minecraft:experience_reward": {
        "on_death": "query.last_hit_by_player ? 12 : 0"
      },
      "minecraft:underwater_movement": {
        "value": 0.02
      },
      "minecraft:behavior.owner_hurt_by_target": {
        "priority": 1
      },
      "minecraft:behavior.owner_hurt_target": {
        "priority": 2
      },
      "minecraft:equip_item": {},
      "minecraft:damage_sensor": [
        {
          "on_damage": {
            "filters": {
              "test": "is_family",
              "subject": "other",
              "value": "undead"
            },
            "event": "become_zombie"
          },
          "deals_damage": true
        }
      ],
      "minecraft:equipment": {
        "table": "loot_tables/entities/sbgoji_speaker_man3_equipment.json"
      },
      "minecraft:tameable": {
        "probability": 0.33,
        "tameItems": [
          "appleenchanted"
        ],
        "tame_event": {
          "event": "minecraft:on_tame",
          "target": "self"
        }
      },
      "minecraft:behavior.follow_owner": {
        "start_distance": 10,
        "speed_multiplier": 1,
        "stop_distance": 2,
        "priority": 6
      },
      "minecraft:loot": {
        "table": "loot_tables/entities/sbgoji_speaker_man3.json"
      }
    },
    "events": {
      "minecraft:entity_spawned": {},
      "on:death": {
        "run_command": {
          "command": []
        }
      },
      "on:hurt": {
        "run_command": {
          "command": []
        }
      },
      "on:hurt_by_player": {
        "run_command": {
          "command": []
        }
      },
      "on:ignite": {
        "run_command": {
          "command": []
        }
      },
      "on:target_acquired": {
        "run_command": {
          "command": []
        }
      },
      "on:target_escape": {
        "run_command": {
          "command": []
        }
      },
      "on:wake_with_owner": {
        "run_command": {
          "command": []
        }
      },
      "on:tick_action": {
        "run_command": {
          "command": []
        }
      }
    },
    "component_groups": {
      "minecraft:pig_transform": {
        "minecraft:transformation": {
          "into": "sbgoji:infectedspeaker_man3"
        }
      }
    }
  }
}