{
	"format_version": "1.12.0",
	"minecraft:geometry": [
		{
			"description": {
				"identifier": "geometry.sign_wall",
				"texture_width": 16,
				"texture_height": 16,
				"visible_bounds_width": 2,
				"visible_bounds_height": 2.5,
				"visible_bounds_offset": [0, 0.75, 0]
			},
			"bones": [
				{
					"name": "bb_main",
					"pivot": [0, 0, 0],
					"cubes": [
						{
							"origin": [-8, 6, 1],
							"size": [16, 8, 1],
							"uv": {
								"north": {"uv": [0, 0], "uv_size": [16, 8]},
								"east": {"uv": [0, 0], "uv_size": [1, 8]},
								"south": {"uv": [0, 0], "uv_size": [16, 8]},
								"west": {"uv": [0, 0], "uv_size": [1, 8]},
								"up": {"uv": [16, 1], "uv_size": [-16, -1]},
								"down": {"uv": [16, 1], "uv_size": [-16, -1]}
							}
						}
					]
				}
			]
		}
	]
}