{
  "format_version": "1.10.0",
  "minecraft:client_entity": {
    "description": {
      "identifier": "rai:fuga",
      "materials": {
        "default": "entity_alphatest"
      },
      "textures": {
        "default": "textures/entity/sukuna/fuga"
      },
      "geometry": {
        "default": "geometry.fuga"
      },
      "particle_effects": {
        "projectile": "j:fuga_",
        "projectile2": "j:fuga2"
      },
      "scripts" : {
        "scale": "2.5",
        "animate" : [
          "look",
          "fuga"
        ]
      },
      "animations" : {
        "look" : "animation.root.projectile",
        "fuga" : "controller.animation.projectile2"
      },
      "render_controllers": [ "controller.render.default" ]
    }
  }
}