{
  "format_version": "1.10.0",
  "minecraft:client_entity": {
    "description": {
      "identifier": "rai:fukuma_mizushi",
      "materials": {
        "default": "entity_alphatest"
      },
      "textures": {
        "default": "textures/entity/sukuna/Fukuma_mizushi"
      },
      "geometry": {
        "default": "geometry.Fukuma_mizushi"
      },
      "scripts": {
        "animate": [
          "look"
        ]
      },
      "animations": {
        "look": "animation.root.look"
      },
      "render_controllers": [ "controller.render.entity_default" ]
    }
  }
}