{
  "format_version": "1.10.0",
  "minecraft:client_entity": {
    "description": {
      "identifier": "rai:hati",
      "materials": {
        "default": "entity_alphatest"
      },
      "textures": {
        "default": "textures/no_model"
      },
      "geometry": {
        "default": "geometry.root_projectile_locator"
      },
      "particle_effects": {
        "projectile": "j:throw_slash"
      },
      "scripts" : {
        "animate" : [
          "look",
          "projectile"
        ]
      },
      "animations" : {
        "look" : "animation.root.projectile",
        "projectile" : "controller.animation.projectile"
      },
      "render_controllers": [ "controller.render.default" ]
    }
  }
}