{
	"format_version" : "1.10.0",
	"animation_controllers" : {
		"controller.animation.particle" : {
			"initial_state" : "default",
			"states" : {
				"default" : {
					"transitions": [
						{
							"jurei_summon": "q.variant == 1 && q.mark_variant != 3"
						},
						{
							"jurei_summon2": "q.variant == 1 && q.mark_variant == 3"
						}
					]
				},
				"jurei_summon" : {
					"animations": [
						"jurei_summon"
					]
				},
				"jurei_summon2" : {
					"animations": [
						"jurei_summon2"
					]
				}
			}
		},
		"controller.animation.entity.variant" : {
			"initial_state" : "default",
			"states" : {
				"default" : {
					"transitions": [
						{
							"move": "q.variant == 1"
						}
					]
				},
				"move" : {
					"animations": [
						"move2"
					],
					"transitions": [
						{
							"move2": "q.any_animation_finished && q.variant == 1"
						},
						{
							"move_end": "q.any_animation_finished && q.variant != 1"
						}
					]
				},
				"move2" : {
					"animations": [
						"move2"
					],
					"transitions": [
						{
							"move": "q.any_animation_finished && q.variant == 1"
						},
						{
							"move_end": "q.any_animation_finished && q.variant != 1"
						}
					]
				},
				"move_end" : {
					"animations": [
						"move_end"
					],
					"transitions": [
						{
							"default": "q.any_animation_finished"
						}
					]
				}
			}
		},
		"controller.animation.student_gojo" : {
			"initial_state" : "default",
			"states" : {
				"end" : {
				},
				"default" : {
					"transitions": [
						{
							"fly": "!q.is_on_ground"
						}
					]
				},
				"fly" : {
					"animations": [
						"fly_start"
					],
					"transitions": [
						{
							"end": "q.is_on_ground"
						},
						{
							"fly2": "q.any_animation_finished"
						}
					]
				},
				"fly2" : {
					"animations": [
						"fly2"
					],
					"transitions": [
						{
							"end": "q.is_on_ground"
						}
					]
				}
			}
		},
		"controller.animation.entity.move" : {
			"initial_state" : "default",
			"states" : {
				"default" : {
					"transitions": [
						{
							"move": "q.is_moving"
						}
					]
				},
				"move" : {
					"animations": [
						"move2"
					],
					"transitions": [
						{
							"default": "q.any_animation_finished"
						}
					]
				}
			}
		},
		"controller.animation.entity.move2" : {
			"initial_state" : "default",
			"states" : {
				"default" : {
					"transitions": [
						{
							"move": "q.is_moving"
						}
					]
				},
				"move" : {
					"animations": [
						"move2"
					],
					"transitions": [
						{
							"move2": "q.any_animation_finished && q.is_moving"
						},
						{
							"move_end": "q.any_animation_finished && !q.is_moving"
						}
					]
				},
				"move2" : {
					"animations": [
						"move2"
					],
					"transitions": [
						{
							"move": "q.any_animation_finished && q.is_moving"
						},
						{
							"move_end": "q.any_animation_finished && !q.is_moving"
						}
					]
				},
				"move_end" : {
					"animations": [
						"move_end"
					],
					"transitions": [
						{
							"default": "q.any_animation_finished"
						}
					]
				}
			}
		},
		"controller.animation.entity.move2_" : {
			"initial_state" : "default",
			"states" : {
				"default" : {
					"transitions": [
						{
							"move": "q.is_moving"
						}
					]
				},
				"move" : {
					"animations": [
						"move2_"
					],
					"transitions": [
						{
							"move2": "q.any_animation_finished && q.is_moving"
						},
						{
							"move_end": "q.any_animation_finished && !q.is_moving"
						}
					]
				},
				"move2" : {
					"animations": [
						"move2_"
					],
					"transitions": [
						{
							"move": "q.any_animation_finished && q.is_moving"
						},
						{
							"move_end": "q.any_animation_finished && !q.is_moving"
						}
					]
				},
				"move_end" : {
					"animations": [
						"move_end_"
					],
					"transitions": [
						{
							"default": "q.any_animation_finished"
						}
					]
				}
			}
		}
    }
}