{
	"format_version" : "1.10.0",
	"animation_controllers" : {
		"controller.animation.player.root" : {
			"initial_state" : "first_person",
			"states" : {
				"first_person" : {
					"animations" : [
						"first_person_animation",
						"first_person_swap_item",
						{
							"first_person_attack_controller" : "v.attack_time > 0.0f && q.get_equipped_item_name != 'map'"
						},
						"first_person_base_pose",
						{
							"first_person_empty_hand" : "q.get_equipped_item_name(0, 1) != 'map'"
						},
						{
							"first_person_walk" : "v.bob_animation"
						},
						{
							"first_person_map_controller" : "(q.get_equipped_item_name(0, 1) == 'map' || q.get_equipped_item_name('off_hand') == 'map')"
						},
						{
							"first_person_crossbow_equipped": "q.get_equipped_item_name == 'crossbow' && (v.item_use_normalized > 0 && v.item_use_normalized < 1.0)"
						},
						{
							"first_person_breathing_bob": "v.attack_time <= 0.0"
						}
					],
					"transitions" : [
						{
							"paperdoll" : "v.is_paperdoll"
						},
						{
							"map_player" : "v.map_face_icon"
						},
						{
							"third_person" : "!v.is_first_person"
						}
					]
				},
				"map_player" : {
					"transitions" : [
						{
							"paperdoll" : "v.is_paperdoll"
						},
						{
							"first_person" : "v.is_first_person"
						},
						{
							"third_person" : "!v.map_face_icon && !v.is_first_person"
						}
					]
				},
				"paperdoll" : {
					"animations" : [ "humanoid_base_pose", "look_at_target_ui", "move.arms", "move.legs", "cape" ],
					"transitions" : [
						{
							"first_person" : "!v.is_paperdoll && v.is_first_person"
						},
						{
							"map_player" : "v.map_face_icon"
						},
						{
							"third_person" : "!v.is_paperdoll && !v.is_first_person"
						}
					]
				},
				"third_person" : {
					"animations" : [
						"humanoid_base_pose",
						{
							"look_at_target" : "!q.is_sleeping && !q.is_emoting"
						},
						{"move.arms":"!v.no_running"},
						{"move.legs":"!v.no_running"},
						"cape",
						{
							"riding.arms" : "q.is_riding && !v.ride_animation"
						},
						{
							"riding.legs" : "q.is_riding && !v.ride_animation"
						},
						{"holding":"!v.item"},
						{
							"brandish_spear" : "v.is_brandishing_spear"
						},
						{
							"holding_spyglass": "v.is_holding_spyglass"
						},
						{
							"charging" : "q.is_charging"
						},
						{
							"sneaking" : "q.is_sneaking && !q.is_sleeping && !v.no_running"
						},
						{
							"bob": "!v.is_holding_spyglass"
						},
						{
							"damage_nearby_mobs" : "v.damage_nearby_mobs"
						},
						{
							"swimming" : "v.swim_amount > 0.0"
						},
						{
							"swimming.legs" : "v.swim_amount > 0.0"
						},
						{
							"use_item_progress" : "!v.no_using_item && !v.item && ( v.use_item_interval_progress > 0.0 ) || ( v.use_item_startup_progress > 0.0 ) && !v.is_brandishing_spear && !v.is_holding_spyglass"
						},
						{
							"sleeping" : "q.is_sleeping && q.is_alive"
						},
						{
							"attack.positions" : "v.attack_time >= 0.0"
						},
						{
							"attack.rotations" : "v.attack_time >= 0.0"
						},
						{
							"shield_block_main_hand" : "q.blocking && q.get_equipped_item_name('off_hand') != 'shield' && q.get_equipped_item_name == 'shield'"
						},
						{
							"shield_block_off_hand" : "q.blocking && q.get_equipped_item_name('off_hand') == 'shield'"
						},
						{
							"crossbow_controller" : "q.get_equipped_item_name == 'crossbow'"
						},
						{
							"third_person_bow_equipped" : "q.get_equipped_item_name == 'bow' && (v.item_use_normalized > 0 && v.item_use_normalized < 1.0)"
						},
						//addon
						{
							"hide_player" : "v.hide_ride"
						},
						{
							"character_model_hide_default_player" : "v.no_running"
						},
						{
							"ride_nue" : "q.skin_id == 2"
						},
						{
							"panda_moving" : "q.variant == 9 && !q.can_fly"
						},
						{
							"panda_gorilla_moving" : "q.variant == 9 && q.can_fly"
						}
					],
					"transitions" : [
						{
							"paperdoll" : "v.is_paperdoll"
						},
						{
							"first_person" : "v.is_first_person"
						},
						{
							"map_player" : "v.map_face_icon"
						}
					]
				}
			}
		},
		"controller.animation.item_animation" : {
			"initial_state" : "default",
			"states" : {
				"default" : {
					"transitions": [
						{
							"yuun": "q.get_equipped_item_name == 'yuun'"
						},
						{
							"tsukamoto": "q.get_equipped_item_name == 'tsukamoto' && q.is_using_item && q.variant != 7 && q.variant != 13"
						}
					]
				},
				"tsukamoto" : {
					"transitions": [
						{
							"default": "q.get_equipped_item_name == 'tsukamoto' && q.is_using_item && q.variant != 7 && q.variant != 13 ? 0 : 1"
						},
						{
							"tsukamoto2": "q.any_animation_finished"
						}
					],
					"animations": [
						"particle_hand"
					]
				},
				"tsukamoto2" : {
					"transitions": [
						{
							"default": "q.get_equipped_item_name == 'tsukamoto' && q.is_using_item && q.variant != 7 && q.variant != 13 ? 0 : 1"
						},
						{
							"tsukamoto": "q.any_animation_finished"
						}
					],
					"animations": [
						"particle_hand"
					]
				},
				"yuun" : {
					"transitions": [
						{
							"yuun_attack": "q.get_equipped_item_name == 'yuun' && q.mark_variant == 35"
						},
						{
							"default": "q.get_equipped_item_name != 'yuun'"
						}
					],
					"animations": [
						"yuun_set"
					]
				},
				"yuun_attack" : {
					"transitions": [
						{
							"default": "q.get_equipped_item_name != 'yuun'"
						},
						{
							"yuun": "q.any_animation_finished"
						}
					],
					"animations": [
						"yuun_attack"
					]
				}
			}
		},
		"controller.animation.animation_controller" : {
			"initial_state" : "default",
			"states" : {
				"default" : {
					"animations" : [
						{ "first_person_animation": "v.is_first_person" },
						{ "third_person_animation": "!v.is_first_person" }
					]
				}
			}
		}
    }
}