{
	"format_version" : "1.10.0",
	"animation_controllers" : {
		"controller.animation.variant_projectile" : {
			"initial_state" : "default",
			"states" : {
				"default" : {
					"transitions": [
						{
							"particle": "q.variant == 1"
						}
					]
				},
				"particle": {
					"transitions": [
						{
							"default": "q.variant == 0"
						}
					],
					"particle_effects": [
						{
							"effect": "variant_particle",
							"locator": "root"
						}
					]
				}
			}
		},
		"controller.animation.projectile" : {
			"initial_state" : "default",
			"states" : {
				"default" : {
					"particle_effects": [
						{
							"effect": "projectile",
							"locator": "root"
						}
					]
				}
			}
		},
		"controller.animation.projectile2" : {
			"initial_state" : "default",
			"states" : {
				"default" : {
					"particle_effects": [
						{
							"effect": "projectile",
							"locator": "root"
						},
						{
							"effect": "projectile2",
							"locator": "root"
						}
					]
				}
			}
		},
		"controller.animation.projectile5" : {
			"initial_state" : "default",
			"states" : {
				"default" : {
					"particle_effects": [
						{
							"effect": "projectile",
							"locator": "projectile"
						},
						{
							"effect": "projectile",
							"locator": "projectile2"
						},
						{
							"effect": "projectile",
							"locator": "projectile3"
						},
						{
							"effect": "projectile",
							"locator": "projectile4"
						},
						{
							"effect": "projectile",
							"locator": "projectile5"
						}
					]
				}
			}
		},
		"controller.animation.knockback_particle" : {
			"initial_state" : "default",
			"states" : {
				"default" : {
					"transitions": [
						{
							"ao": "q.variant == 1"
						},
						{
							"aka": "q.variant == 2"
						}
					]
				},
				"ao" : {
					"particle_effects": [
						{
							"effect": "ao",
							"locator": "root"
						},
						{
							"effect": "ao2",
							"locator": "root"
						}
					]
				},
				"aka" : {
					"particle_effects": [
						{
							"effect": "aka",
							"locator": "root"
						},
						{
							"effect": "aka2",
							"locator": "root"
						}
					]
				}
			}
		},
		"controller.animation.projectile3" : {
			"initial_state" : "default",
			"states" : {
				"default" : {
					"particle_effects": [
						{
							"effect": "projectile",
							"locator": "root"
						},
						{
							"effect": "projectile2",
							"locator": "root"
						},
						{
							"effect": "projectile3",
							"locator": "root"
						}
					]
				}
			}
		}
    }
}