{
    "format_version": "1.17.20",
    "minecraft:block": {
      "description": {
        "identifier": "loled:couch_blue_middle",
        "is_experimental": false,
        "properties": {
          "loled:face": [
            2,
            3,
            4,
            5
          ]
        }
      },
      "components": {
        "minecraft:material_instances": {
          "*": {
            "texture": "armchair_blue",
            "render_method": "alpha_test"
          }
        },
        "minecraft:pick_collision": {
          "origin": [
            -8,
            0,
            -8
          ],
          "size": [
            16,
            7,
            15
          ]
        },
        "minecraft:creative_category": {
          "group": "itemGroup.name.living_room_couch",
          "category": "construction"
        },
        "minecraft:loot": "loot_tables/couchs/couch_blue_middle.json",
        "minecraft:geometry": "geometry.couch_middle",
        "minecraft:destroy_time": 2,
        "minecraft:block_light_absorption": 0,
        "minecraft:entity_collision": {
          "origin": [
            -8,
            0,
            -8
          ],
          "size": [
            16,
            7,
            15
          ]
        },
        "minecraft:on_player_placing": {
          "event": "loled:place"
        },
        "minecraft:on_interact": {
          "event": "loled:sit"
        },
        "minecraft:friction": 0.6,
        "minecraft:map_color": "#00ff00",
        "minecraft:flammable": {
          "flame_odds": 0,
          "burn_odds": 0
        }
      },
      "events": {
        "loled:place": {
          "set_block_property": {
            "loled:face": "(query.cardinal_player_facing)"
          }
        },
        "loled:sit": {
          "run_command": {
            "command": [
              "summon furniture:armchair_to_sit couch_blue_middle ~ ~-1 ~",
              "ride @p start_riding @e[type=furniture:armchair_to_sit,name=couch_blue_middle,c=1] teleport_rider"
            ]
          }
        }
      },
      "permutations": [
        {
          "condition": "query.block_property('loled:face') == 3",
          "components": {
            "minecraft:rotation": [
              0,
              180,
              0
            ]
          }
        },
        {
          "condition": "query.block_property('loled:face') == 4",
          "components": {
            "minecraft:rotation": [
              0,
              90,
              0
            ]
          }
        },
        {
          "condition": "query.block_property('loled:face') == 5",
          "components": {
            "minecraft:rotation": [
              0,
              270,
              0
            ]
          }
        }
      ]
    }
  }