{
	"format_version": "1.10.0",
	"particle_effect": {
		"description": {
			"identifier": "j:jugon_particle2_3",
			"basic_render_parameters": {
				"material": "particles_blend",
				"texture": "textures/particle/particles"
			}
		},
		"components": {
			"minecraft:emitter_initialization": {
				"creation_expression": "v.scale = 2;"
			},
			"minecraft:emitter_rate_instant": {
				"num_particles": "100*v.scale"
			},
			"minecraft:emitter_lifetime_once": {
				"active_time": 0.6
			},
			"minecraft:emitter_shape_disc": {
				"offset": [0, 0, -3],
				"radius": "v.scale+0.25*v.particle_random_1",
				"plane_normal": "z",
				"surface_only": true,
				"direction": "outwards"
			},
			"minecraft:particle_lifetime_expression": {
				"max_lifetime": 0.6
			},
			"minecraft:particle_initial_spin": {
				"rotation": "Math.random(-1000,1000)"
			},
			"minecraft:particle_initial_speed": "v.scale+2.25",
			"minecraft:particle_motion_dynamic": {},
			"minecraft:particle_appearance_billboard": {
				"size": ["(0.05+v.particle_random_4/7)", "(0.05+v.particle_random_4/7)"],
				"facing_camera_mode": "rotate_xyz",
				"uv": {
					"texture_width": 16,
					"texture_height": 16,
					"flipbook": {
						"base_UV": ["1+Math.random_integer(0,7)", 14],
						"size_UV": [1, 1],
						"step_UV": [1, 0],
						"frames_per_second": 16,
						"max_frame": 8,
						"loop": true
					}
				}
			},
			"minecraft:particle_appearance_lighting": {},
			"minecraft:particle_appearance_tinting": {
				"color": ["0.75+v.particle_random_1/4", "0.75+v.particle_random_2/4", "0.75+v.particle_random_3/4", "v.particle_age < 0.3 ? 0.3*v.particle_age : 0.3*(0.6-v.particle_age)"]
			}
		}
	}
}