{
	"format_version": "1.10.0",
	"particle_effect": {
		"description": {
			"identifier": "j:jugon_particle",
			"basic_render_parameters": {
				"material": "particles_blend",
				"texture": "textures/particle/maru"
			}
		},
		"components": {
			"minecraft:emitter_local_space": {
				"position": true,
				"rotation": true
			},
			"minecraft:emitter_rate_steady": {
				"spawn_rate": 8,
				"max_particles": 100
			},
			"minecraft:emitter_lifetime_once": {
				"active_time": 0.6
			},
			"minecraft:emitter_shape_point": {},
			"minecraft:particle_lifetime_expression": {
				"max_lifetime": 0.6
			},
			"minecraft:particle_initial_spin": {
				"rotation_rate": 100000
			},
			"minecraft:particle_initial_speed": 0,
			"minecraft:particle_motion_dynamic": {},
			"minecraft:particle_appearance_billboard": {
				"size": ["v.particle_age < 0.75 ? v.particle_age*3 : 2.25", "v.particle_age < 0.75 ? v.particle_age*3 : 2.25"],
				"facing_camera_mode": "rotate_xyz",
				"uv": {
					"texture_width": 1,
					"texture_height": 1,
					"uv": [0, 0],
					"uv_size": [1, 1]
				}
			},
			"minecraft:particle_appearance_lighting": {},
			"minecraft:particle_appearance_tinting": {
				"color": ["v.particle_random_1*2", "v.particle_random_2*2", "v.particle_random_3*2", "0.75*(1-v.particle_age)"]
			}
		}
	}
}