{
	"format_version": "1.10.0",
	"particle_effect": {
		"description": {
			"identifier": "j:tuburero",
			"basic_render_parameters": {
				"material": "particles_blend",
				"texture": "textures/particle/particles"
			}
		},
		"components": {
			"minecraft:emitter_rate_steady": {
				"spawn_rate": 200,
				"max_particles": 500
			},
			"minecraft:emitter_lifetime_once": {
				"active_time": 0.5
			},
			"minecraft:emitter_shape_disc": {
				"offset": [0, "Math.random(-0.5,2.5)", 0],
				"radius": 2.5,
				"surface_only": true,
				"direction": "inwards"
			},
			"minecraft:particle_lifetime_expression": {
				"max_lifetime": 0.5
			},
			"minecraft:particle_initial_spin": {
				"rotation": "Math.random(-1000,100)"
			},
			"minecraft:particle_initial_speed": 20,
			"minecraft:particle_motion_dynamic": {
				"linear_drag_coefficient": 6
			},
			"minecraft:particle_appearance_billboard": {
				"size": ["(1-v.particle_age)*(0.2+0.1*v.particle_random_3)", "(1-v.particle_age)*(0.2+0.1*v.particle_random_3)"],
				"facing_camera_mode": "rotate_xyz",
				"uv": {
					"texture_width": 16,
					"texture_height": 16,
					"flipbook": {
						"base_UV": [0, 0],
						"size_UV": [1, 1],
						"step_UV": [1, 0],
						"frames_per_second": 16,
						"max_frame": 8,
						"loop": true
					}
				}
			},
			"minecraft:particle_appearance_lighting": {},
			"minecraft:particle_appearance_tinting": {
				"color": ["0.2+v.particle_random_1/3", 0, 0, "1-v.particle_age"]
			}
		}
	}
}