{
	"num_mip_levels": 4,
	"padding": 8,
	"resource_pack_name": "monoDecoV2",
	"texture_name": "atlas.terrain",
	"texture_data": {
		"mn_piano_upright_left": {
			"textures": "textures/blocks/texturePianoUpL"
		},
		"mn_": {
			"textures": "textures/blocks/"
		},
		"mn_piano_upright_right": {
			"textures": "textures/blocks/texturePianoUpR"
		},
		"mn_double_monitor": {
			"textures": "textures/blocks/textureComKasir"
		},
		"mn_midi_controller": {
			"textures": "textures/blocks/midiTEX"
		},
		"mn_laptop_sus": {
			"textures": "textures/blocks/texture_laptop"
		},
		"mn_joystick": {
			"textures": "textures/blocks/textureJoystick"
		},
		"mn_melodica": {
			"textures": "textures/blocks/textureMelodica"
		},
		"mn_laptop_sus_close": {
			"textures": "textures/blocks/texture_laptop_close"
		},
		"mn_pc_mono": {
			"textures": "textures/blocks/texturePCMONO"
		},
		"mn_computer_tower": {
			"textures": "textures/blocks/texturePCTower"
		},
		"mn_ac": {
			"textures": "textures/blocks/textureAC"
		},
		"mn_gantungan": {
			"textures": "textures/blocks/texturegantungan"
		},
		"mn_kursi": {
			"textures": "textures/blocks/kursiTex"
		},
		"mn_mono_bed": {
			"textures": "textures/blocks/textureSpre"
		},
		"mn_mono_book1": {
			"textures": "textures/blocks/monoBookText"
		},
		"mn_mono_book2": {
			"textures": "textures/blocks/monoBookText2"
		},
		"mn_mono_mirror": {
			"textures": "textures/blocks/monoMirrorTEx"
		},
		"mn_cermin": {
			"textures": "textures/blocks/monoMirrorTEx"
		}
	}
}