{
    "format_version": "1.13.0",
    "minecraft:entity": {
      "description": {
        "identifier": "motorcity:policebike",
        "is_spawnable": true,
        "is_summonable": true,
        "is_experimental": false,
        "animations": {
            "riderchecker": "controller.animation.pb",
            "pbsiren" :"animation.pb.siren"
        },
        "scripts": {
            "animate": [
                "riderchecker"
            ]
        }
        
      },
      "components": {
        "minecraft:movement": {
          "value": {
            "range_min": 0.1125, 
            "range_max": 0.3375
          }
        },
        "minecraft:damage_sensor": {
            "triggers": [
              {
                "on_damage": {},
                "deals_damage": true
              }
            ]
        },
        "minecraft:boostable": {
          "speed_multiplier": 1.2,
          "duration": 5.0,
          "boost_items": [
              {
                  "item": "stick",
                  "damage": 0                  
              }
          ]
        },
        "minecraft:type_family": {
          "family": [ "policebike" ]
        },
        "minecraft:navigation.walk": {
          "can_float": false,
          "avoid_water": true,
          "avoid_damage_blocks": true
        },
        "minecraft:health": {
          "value": 1,
          "max": 1
        }, 
        "minecraft:movement.basic": {
        },
        "minecraft:jump.static": {
        },
        "minecraft:scale": {
          "value": 1.0
        },
        "minecraft:fire_immune": true,
        "minecraft:breathable": {
          "breathesAir": true,
          "breathesWater": true
        },
        "minecraft:knockback_resistance": {
          "value": 1.0
        },
        "minecraft:rideable": {
            "seat_count": 1,
            "family_types": [
              "player"
            ],
            "interact_text": "Ride",
            "seats": [
              {
                "position": [0.1, 1, -0.4],
                "min_rider_count": 0,
                "max_rider_count": 1
              }
          ]
        },
        "minecraft:is_saddled": {
        },
        "minecraft:input_ground_controlled": {
        },
        "minecraft:behavior.player_ride_tamed": {
        },
        "minecraft:collision_box": {
          "width": 1.5,
          "height": 1.5
        },
        "minecraft:nameable": {},
        "minecraft:physics": {}
      }
    }
  }