{
    "format_version": "1.13.0",
    "minecraft:entity": {
        "description": {
            "identifier": "motorcity:whitemodernbike",
            "is_spawnable": true,
            "is_summonable": true,
            "is_experimental": false,
            "animations": {
                "riderchecker": "controller.animation.wmb"
            },
            "scripts": {
                "animate": [
                    "riderchecker"
                ]
            }
        },
        "component_groups": {
            "variant1": {
                "minecraft:skin_id": {
                    "value": 0
                }
            },
            "variant2": {
                "minecraft:skin_id": {
                    "value": 1
                }
            },
            "variant3": {
                "minecraft:skin_id": {
                    "value": 2
                }
            }
        },
        "components": {
            "minecraft:movement": {
                "value": {
                    "range_min": 0.2, 
                    "range_max": 0.3
                }
            },
            "minecraft:damage_sensor": {
                "triggers": [
                    {
                        "on_damage": {
                            "filters": {
                                "all_of": [
                                    {
                                        "test": "is_family",
                                        "subject": "other",
                                        "value": "player"
                                    },
                                    {
                                        "test": "has_equipment",
                                        "subject": "other",
                                        "operator": "==",
                                        "value": "bone"
                                    }
                                ]
                            },
                            "event": "changecolor",
                            "target": "self"
                        },
                        "deals_damage": false,
                        "on_damage_sound_event": "spray.can"
                    },
                    {
                        "on_damage": {},
                        "deals_damage": false
                    }
                ]
            },
            "minecraft:boostable": {
                "speed_multiplier": 1.2,
                "duration": 5.0,
                "boost_items": [
                    {
                        "item": "stick",
                        "damage": 0
                    }
                ]
            },
            "minecraft:type_family": {
                "family": [
                    "whitemodernbike"
                ]
            },
            "minecraft:navigation.walk": {
                "can_float": false,
                "avoid_water": true,
                "avoid_damage_blocks": true
            },
            "minecraft:health": {
                "value": 1,
                "max": 1
            },
            "minecraft:movement.basic": {},
            "minecraft:jump.static": {},
            "minecraft:scale": {
                "value": 1.0
            },
            "minecraft:fire_immune": true,
            "minecraft:breathable": {
                "breathesAir": true,
                "breathesWater": true
            },
            "minecraft:knockback_resistance": {
                "value": 1.0
            },
            "minecraft:rideable": {
                "seat_count": 1,
                "family_types": [
                    "player"
                ],
                "interact_text": "Ride",
                "seats": [
                    {
                        "position": [
                            0.1, 0.8 ,-0.3
                        ],
                        "min_rider_count": 0,
                        "max_rider_count": 1
                    }
                ]
            },
            "minecraft:is_saddled": {},
            "minecraft:input_ground_controlled": {},
            "minecraft:behavior.player_ride_tamed": {},
            "minecraft:collision_box": {
                "width": 1.5,
                "height": 1.5
            },
            "minecraft:nameable": {},
            "minecraft:physics": {}
        },
        "events": {
            "changecolor": {
                "sequence": [
                    {
                        "filters": {
                            "test": "is_skin_id",
                            "value": 0
                        },
                        "add": {
                            "component_groups": [
                                "variant2"
                            ]
                        },
                        "remove": {
                            "component_groups": [
                                "variant1"
                            ]
                        }
                    },
                    {
                        "filters": {
                            "test": "is_skin_id",
                            "value": 1
                        },
                        "add": {
                            "component_groups": [
                                "variant3"
                            ]
                        },
                        "remove": {
                            "component_groups": [
                                "variant2"
                            ]
                        }
                    },
                    {
                        "filters": {
                            "test": "is_skin_id",
                            "value": 2
                        },
                        "add": {
                            "component_groups": [
                                "variant1"
                            ]
                        },
                        "remove": {
                            "component_groups": [
                                "variant3"
                            ]
                        }
                    }
                ]
            },
            "minecraft:entity_spawned": {
                "add": {
                    "component_groups": [
                        "variant1"
                    ]
                }
            }
        }
    }
}