{
  "format_version" : "1.14.0",
  "sound_definitions" : {
    "j.punch": {
      "sounds": [
        "sounds/normal/punch"
      ]
    },
    "j.slash": {
      "sounds": [
        "sounds/normal/slash"
      ]
    },
    "j.kaminari": {
      "sounds": [
        "sounds/normal/kaminari"
      ]
    },
    "j.fukuma_mizushi": {
      "sounds": [
        "sounds/sukuna/fukuma_mizushi"
      ]
    },
    "j.water": {
      "sounds": [
        "sounds/tokusa/water"
      ]
    },
    "j.toad": {
      "sounds": [
        "sounds/tokusa/toad"
      ]
    },
    "j.bansyo": {
      "sounds": [
        "sounds/tokusa/bansyo"
      ]
    },
    "j.summon_makora": {
      "sounds": [
        "sounds/tokusa/summon_makora"
      ]
    },
    "j.kanzashi": {
      "sounds": [
        "sounds/surei/kanzashi"
      ]
    },
    "j.jugon": {
      "sounds": [
        "sounds/jugon/jugon"
      ]
    },
    "j.clap": {
      "sounds": [
        "sounds/bugiugi/clap"
      ]
    }
  }
}
