{
  "format_version": "1.8.0",
  "animations": {
    "animation.pa_death2.walk": {
      "loop": true,
      "animation_length": 0.45833,
      "bones": {
        "body": {
          "position": {
            "0.0": [
              0,
              0,
              0
            ],
            "0.2083": [
              0,
              1,
              0
            ],
            "0.4167": [
              0,
              0,
              0
            ]
          }
        },
        "tire1": {
          "rotation": {
            "0.0": [
              0,
              0,
              0
            ],
            "0.4583": [
              270,
              0,
              0
            ]
          }
        },
        "tire2": {
          "rotation": {
            "0.0": [
              0,
              0,
              0
            ],
            "0.4583": [
              270,
              0,
              0
            ]
          }
        }
      }
    },
    "animation.pa_death2.idle": {
      "loop": true,
      "animation_length": 2,
      "bones": {
        "right_leg": {
          "rotation": {
            "0.0": {
              "post": [
                0,
                0,
                0
              ],
              "lerp_mode": "catmullrom"
            },
            "1.0": {
              "post": [
                0,
                0,
                0
              ],
              "lerp_mode": "catmullrom"
            },
            "2.0": {
              "post": [
                0,
                0,
                0
              ],
              "lerp_mode": "catmullrom"
            }
          }
        },
        "right_feet": {
          "rotation": {
            "0.0": {
              "post": [
                0,
                0,
                0
              ],
              "lerp_mode": "catmullrom"
            },
            "1.0": {
              "post": [
                0,
                0,
                0
              ],
              "lerp_mode": "catmullrom"
            },
            "2.0": {
              "post": [
                0,
                0,
                0
              ],
              "lerp_mode": "catmullrom"
            }
          }
        },
        "base3": {
          "rotation": {
            "0.0": {
              "post": [
                0,
                0,
                0
              ],
              "lerp_mode": "catmullrom"
            },
            "0.5": {
              "post": [
                2.5,
                0,
                0
              ],
              "lerp_mode": "catmullrom"
            },
            "1.0": {
              "post": [
                0,
                0,
                0
              ],
              "lerp_mode": "catmullrom"
            },
            "2.0": {
              "post": [
                0,
                0,
                0
              ],
              "lerp_mode": "catmullrom"
            }
          }
        },
        "base2": {
          "rotation": {
            "0.0": {
              "post": [
                0,
                0,
                0
              ],
              "lerp_mode": "catmullrom"
            },
            "0.5": {
              "post": [
                2.5,
                0,
                0
              ],
              "lerp_mode": "catmullrom"
            },
            "1.0": {
              "post": [
                0,
                0,
                0
              ],
              "lerp_mode": "catmullrom"
            },
            "1.5": {
              "post": [
                -2.66,
                0,
                0
              ],
              "lerp_mode": "catmullrom"
            },
            "2.0": {
              "post": [
                0,
                0,
                0
              ],
              "lerp_mode": "catmullrom"
            }
          }
        },
        "right_arm": {
          "rotation": {
            "0.0": {
              "post": [
                0,
                0,
                30
              ],
              "lerp_mode": "catmullrom"
            },
            "1.0": {
              "post": [
                0,
                0,
                30
              ],
              "lerp_mode": "catmullrom"
            },
            "2.0": {
              "post": [
                0,
                0,
                30
              ],
              "lerp_mode": "catmullrom"
            }
          }
        },
        "right_arm2": {
          "rotation": {
            "0.0": {
              "post": [
                -5,
                0,
                -75
              ],
              "lerp_mode": "catmullrom"
            },
            "1.0": {
              "post": [
                -5,
                0,
                -75
              ],
              "lerp_mode": "catmullrom"
            },
            "2.0": {
              "post": [
                -5,
                0,
                -75
              ],
              "lerp_mode": "catmullrom"
            }
          }
        },
        "necklace": {
          "rotation": {
            "0.0": {
              "post": [
                0,
                0,
                0
              ],
              "lerp_mode": "catmullrom"
            },
            "0.5833": {
              "post": [
                -39.62409,
                -4.48263,
                -6.02625
              ],
              "lerp_mode": "catmullrom"
            },
            "1.0": {
              "post": [
                0,
                0,
                0
              ],
              "lerp_mode": "catmullrom"
            },
            "1.5833": {
              "post": [
                -5.25043,
                -1.36328,
                -7.02858
              ],
              "lerp_mode": "catmullrom"
            },
            "2.0": {
              "post": [
                0,
                0,
                0
              ],
              "lerp_mode": "catmullrom"
            }
          }
        },
        "head": {
          "rotation": {
            "0.0": {
              "post": [
                0,
                0,
                0
              ],
              "lerp_mode": "catmullrom"
            },
            "1.0": {
              "post": [
                0,
                0,
                0
              ],
              "lerp_mode": "catmullrom"
            },
            "1.5833": {
              "post": [
                7.47178,
                0.65182,
                -4.95744
              ],
              "lerp_mode": "catmullrom"
            },
            "2.0": {
              "post": [
                0,
                0,
                0
              ],
              "lerp_mode": "catmullrom"
            }
          }
        },
        "ears": {
          "rotation": {
            "0.0": {
              "post": [
                0,
                0,
                0
              ],
              "lerp_mode": "catmullrom"
            },
            "0.4167": {
              "post": [
                0,
                -12.5,
                0
              ],
              "lerp_mode": "catmullrom"
            },
            "1.0": {
              "post": [
                0,
                0,
                0
              ],
              "lerp_mode": "catmullrom"
            },
            "1.625": {
              "post": [
                0,
                5.55,
                0
              ],
              "lerp_mode": "catmullrom"
            },
            "2.0": {
              "post": [
                0,
                0,
                0
              ],
              "lerp_mode": "catmullrom"
            }
          }
        },
        "bone": {
          "rotation": {
            "0.0": {
              "post": [
                0,
                0,
                0
              ],
              "lerp_mode": "catmullrom"
            },
            "0.5833": {
              "post": [
                24.67027,
                -18.82952,
                -30.47975
              ],
              "lerp_mode": "catmullrom"
            },
            "1.0": {
              "post": [
                0,
                0,
                0
              ],
              "lerp_mode": "catmullrom"
            },
            "1.375": {
              "post": [
                -0.06161,
                -10.87043,
                -0.81191
              ],
              "lerp_mode": "catmullrom"
            },
            "2.0": {
              "post": [
                0,
                0,
                0
              ],
              "lerp_mode": "catmullrom"
            }
          }
        },
        "tail": {
          "rotation": {
            "0.0": {
              "post": [
                0,
                0,
                0
              ],
              "lerp_mode": "catmullrom"
            },
            "1.0": {
              "post": [
                0,
                0,
                0
              ],
              "lerp_mode": "catmullrom"
            },
            "2.0": {
              "post": [
                0,
                0,
                0
              ],
              "lerp_mode": "catmullrom"
            }
          }
        },
        "ears2": {
          "rotation": {
            "0.0": {
              "post": [
                0,
                0,
                0
              ],
              "lerp_mode": "catmullrom"
            },
            "0.375": {
              "post": [
                0,
                5,
                0
              ],
              "lerp_mode": "catmullrom"
            },
            "1.0": {
              "post": [
                0,
                0,
                0
              ],
              "lerp_mode": "catmullrom"
            },
            "1.625": {
              "post": [
                0,
                -10.22,
                0
              ],
              "lerp_mode": "catmullrom"
            },
            "2.0": {
              "post": [
                0,
                0,
                0
              ],
              "lerp_mode": "catmullrom"
            }
          }
        },
        "bone2": {
          "rotation": {
            "0.0": {
              "post": [
                0,
                0,
                0
              ],
              "lerp_mode": "catmullrom"
            },
            "0.5833": {
              "post": [
                0,
                12.5,
                0
              ],
              "lerp_mode": "catmullrom"
            },
            "1.0": {
              "post": [
                0,
                0,
                0
              ],
              "lerp_mode": "catmullrom"
            },
            "1.375": {
              "post": [
                0,
                11.58,
                0
              ],
              "lerp_mode": "catmullrom"
            },
            "2.0": {
              "post": [
                0,
                0,
                0
              ],
              "lerp_mode": "catmullrom"
            }
          }
        },
        "right_finger2": {
          "rotation": {
            "0.0": {
              "post": [
                -2.5,
                0,
                0
              ],
              "lerp_mode": "catmullrom"
            },
            "1.0": {
              "post": [
                -2.5,
                0,
                0
              ],
              "lerp_mode": "catmullrom"
            },
            "2.0": {
              "post": [
                -2.5,
                0,
                0
              ],
              "lerp_mode": "catmullrom"
            }
          }
        },
        "right_finger3": {
          "rotation": {
            "0.0": {
              "post": [
                7.5,
                0,
                0
              ],
              "lerp_mode": "catmullrom"
            },
            "1.0": {
              "post": [
                7.5,
                0,
                0
              ],
              "lerp_mode": "catmullrom"
            },
            "2.0": {
              "post": [
                7.5,
                0,
                0
              ],
              "lerp_mode": "catmullrom"
            }
          }
        },
        "left_arm": {
          "rotation": {
            "0.0": {
              "post": [
                0,
                0,
                0
              ],
              "lerp_mode": "catmullrom"
            },
            "0.625": {
              "post": [
                -10,
                0,
                0
              ],
              "lerp_mode": "catmullrom"
            },
            "1.0": {
              "post": [
                0,
                0,
                0
              ],
              "lerp_mode": "catmullrom"
            },
            "1.6667": {
              "post": [
                8.07,
                0,
                0
              ],
              "lerp_mode": "catmullrom"
            },
            "2.0": {
              "post": [
                0,
                0,
                0
              ],
              "lerp_mode": "catmullrom"
            }
          }
        },
        "left_finger2": {
          "rotation": {
            "0.0": {
              "post": [
                -5,
                0,
                0
              ],
              "lerp_mode": "catmullrom"
            },
            "1.0": {
              "post": [
                -5,
                0,
                0
              ],
              "lerp_mode": "catmullrom"
            },
            "2.0": {
              "post": [
                -5,
                0,
                0
              ],
              "lerp_mode": "catmullrom"
            }
          }
        },
        "left_finger3": {
          "rotation": {
            "0.0": {
              "post": [
                2.5,
                0,
                0
              ],
              "lerp_mode": "catmullrom"
            },
            "1.0": {
              "post": [
                2.5,
                0,
                0
              ],
              "lerp_mode": "catmullrom"
            },
            "2.0": {
              "post": [
                2.5,
                0,
                0
              ],
              "lerp_mode": "catmullrom"
            }
          }
        },
        "left_leg": {
          "rotation": {
            "0.0": {
              "post": [
                0,
                0,
                0
              ],
              "lerp_mode": "catmullrom"
            },
            "1.0": {
              "post": [
                0,
                0,
                0
              ],
              "lerp_mode": "catmullrom"
            },
            "2.0": {
              "post": [
                0,
                0,
                0
              ],
              "lerp_mode": "catmullrom"
            }
          }
        },
        "left_toe": {
          "rotation": {
            "0.0": {
              "post": [
                0,
                0,
                0
              ],
              "lerp_mode": "catmullrom"
            },
            "1.0": {
              "post": [
                0,
                0,
                0
              ],
              "lerp_mode": "catmullrom"
            },
            "2.0": {
              "post": [
                0,
                0,
                0
              ],
              "lerp_mode": "catmullrom"
            }
          }
        },
        "left_feet": {
          "rotation": {
            "0.0": {
              "post": [
                0,
                0,
                0
              ],
              "lerp_mode": "catmullrom"
            },
            "1.0": {
              "post": [
                0,
                0,
                0
              ],
              "lerp_mode": "catmullrom"
            },
            "2.0": {
              "post": [
                0,
                0,
                0
              ],
              "lerp_mode": "catmullrom"
            }
          }
        }
      }
    },
    "animation.pa_death2.move": {
      "loop": true,
      "animation_length": 1,
      "bones": {
        "right_leg": {
          "rotation": {
            "0.0": {
              "post": [
                37.5,
                0,
                0
              ],
              "lerp_mode": "catmullrom"
            },
            "0.25": {
              "post": [
                -46.56,
                0,
                0
              ],
              "lerp_mode": "catmullrom"
            },
            "0.5": {
              "post": [
                -27.5,
                0,
                0
              ],
              "lerp_mode": "catmullrom"
            },
            "1.0": {
              "post": [
                37.5,
                0,
                0
              ],
              "lerp_mode": "catmullrom"
            }
          }
        },
        "right_toe": {
          "rotation": {
            "0.0": {
              "post": [
                17.5,
                0,
                0
              ],
              "lerp_mode": "catmullrom"
            },
            "0.25": {
              "post": [
                92.53361,
                -2.66458,
                7.54394
              ],
              "lerp_mode": "catmullrom"
            },
            "0.5": {
              "post": [
                15,
                0,
                0
              ],
              "lerp_mode": "catmullrom"
            },
            "1.0": {
              "post": [
                17.5,
                0,
                0
              ],
              "lerp_mode": "catmullrom"
            }
          }
        },
        "right_feet": {
          "rotation": {
            "0.0": {
              "post": [
                12.5,
                0,
                0
              ],
              "lerp_mode": "catmullrom"
            },
            "0.25": {
              "post": [
                -51.87,
                0,
                0
              ],
              "lerp_mode": "catmullrom"
            },
            "0.5": {
              "post": [
                22.5,
                0,
                0
              ],
              "lerp_mode": "catmullrom"
            },
            "0.75": {
              "post": [
                -12.85,
                0,
                0
              ],
              "lerp_mode": "catmullrom"
            },
            "1.0": {
              "post": [
                12.5,
                0,
                0
              ],
              "lerp_mode": "catmullrom"
            }
          }
        },
        "base3": {
          "rotation": {
            "0.0": {
              "post": [
                0,
                0,
                0
              ],
              "lerp_mode": "catmullrom"
            },
            "0.25": {
              "post": [
                2.15078,
                9.60817,
                12.68078
              ],
              "lerp_mode": "catmullrom"
            },
            "0.5": {
              "post": [
                0,
                17.5,
                0
              ],
              "lerp_mode": "catmullrom"
            },
            "0.75": {
              "post": [
                -2.14838,
                8.99321,
                -13.45065
              ],
              "lerp_mode": "catmullrom"
            },
            "1.0": {
              "post": [
                0,
                0,
                0
              ],
              "lerp_mode": "catmullrom"
            }
          }
        },
        "base2": {
          "rotation": {
            "0.0": {
              "post": [
                16.80857,
                26.48829,
                7.6734
              ],
              "lerp_mode": "catmullrom"
            },
            "0.25": {
              "post": [
                16.30609,
                0.73744,
                0.33001
              ],
              "lerp_mode": "catmullrom"
            },
            "0.5": {
              "post": [
                15.91527,
                -19.291,
                -5.38152
              ],
              "lerp_mode": "catmullrom"
            },
            "0.75": {
              "post": [
                16.49369,
                -0.48578,
                10.38164
              ],
              "lerp_mode": "catmullrom"
            },
            "1.0": {
              "post": [
                16.80857,
                26.48829,
                7.6734
              ],
              "lerp_mode": "catmullrom"
            }
          }
        },
        "right_arm": {
          "rotation": {
            "0.0": {
              "post": [
                40,
                0,
                -32.5
              ],
              "lerp_mode": "catmullrom"
            },
            "0.5": {
              "post": [
                -65,
                0,
                -32.5
              ],
              "lerp_mode": "catmullrom"
            },
            "1.0": {
              "post": [
                40,
                0,
                -32.5
              ],
              "lerp_mode": "catmullrom"
            }
          }
        },
        "right_arm2": {
          "rotation": {
            "0.0": {
              "post": [
                -6.0295,
                3.04137,
                67.60545
              ],
              "lerp_mode": "catmullrom"
            },
            "0.5": {
              "post": [
                -18.5295,
                3.04137,
                67.60545
              ],
              "lerp_mode": "catmullrom"
            },
            "1.0": {
              "post": [
                -6.0295,
                3.04137,
                67.60545
              ],
              "lerp_mode": "catmullrom"
            }
          }
        },
        "necklace": {
          "rotation": {
            "0.0": {
              "post": [
                0,
                0,
                -37.5
              ],
              "lerp_mode": "catmullrom"
            },
            "0.2917": {
              "post": [
                0,
                0,
                -70
              ],
              "lerp_mode": "catmullrom"
            },
            "0.5": {
              "post": [
                0,
                0,
                -37.5
              ],
              "lerp_mode": "catmullrom"
            },
            "0.8333": {
              "post": [
                -24.62753,
                19.07934,
                23.85764
              ],
              "lerp_mode": "catmullrom"
            },
            "1.0": {
              "post": [
                0,
                0,
                -37.5
              ],
              "lerp_mode": "catmullrom"
            }
          }
        },
        "head": {
          "rotation": {
            "0.0": {
              "post": [
                5,
                -22.5,
                0
              ],
              "lerp_mode": "catmullrom"
            },
            "0.25": {
              "post": [
                7.32721,
                -10.60585,
                -11.77893
              ],
              "lerp_mode": "catmullrom"
            },
            "0.5": {
              "post": [
                4.62265,
                2.41479,
                2.11276
              ],
              "lerp_mode": "catmullrom"
            },
            "0.75": {
              "post": [
                3.81508,
                -9.59774,
                6.9791
              ],
              "lerp_mode": "catmullrom"
            },
            "1.0": {
              "post": [
                5,
                -22.5,
                0
              ],
              "lerp_mode": "catmullrom"
            }
          }
        },
        "ears": {
          "rotation": {
            "0.0": {
              "post": [
                0,
                37.5,
                0
              ],
              "lerp_mode": "catmullrom"
            },
            "0.25": {
              "post": [
                0,
                56.72,
                0
              ],
              "lerp_mode": "catmullrom"
            },
            "0.5": {
              "post": [
                0,
                45,
                0
              ],
              "lerp_mode": "catmullrom"
            },
            "1.0": {
              "post": [
                0,
                37.5,
                0
              ],
              "lerp_mode": "catmullrom"
            }
          }
        },
        "bone": {
          "rotation": {
            "0.0": {
              "post": [
                0,
                20,
                0
              ],
              "lerp_mode": "catmullrom"
            },
            "0.3333": {
              "post": [
                -25,
                47.5,
                0
              ],
              "lerp_mode": "catmullrom"
            },
            "1.0": {
              "post": [
                0,
                20,
                0
              ],
              "lerp_mode": "catmullrom"
            }
          }
        },
        "tail": {
          "rotation": {
            "0.0": {
              "post": [
                0,
                0,
                0
              ],
              "lerp_mode": "catmullrom"
            },
            "0.5": {
              "post": [
                0,
                0,
                0
              ],
              "lerp_mode": "catmullrom"
            },
            "1.0": {
              "post": [
                0,
                0,
                0
              ],
              "lerp_mode": "catmullrom"
            }
          }
        },
        "ears2": {
          "rotation": {
            "0.0": {
              "post": [
                0,
                -25,
                0
              ],
              "lerp_mode": "catmullrom"
            },
            "0.25": {
              "post": [
                0,
                -44.22,
                0
              ],
              "lerp_mode": "catmullrom"
            },
            "0.5": {
              "post": [
                0,
                -32.5,
                0
              ],
              "lerp_mode": "catmullrom"
            },
            "1.0": {
              "post": [
                0,
                -25,
                0
              ],
              "lerp_mode": "catmullrom"
            }
          }
        },
        "bone2": {
          "rotation": {
            "0.0": {
              "post": [
                0,
                -25,
                0
              ],
              "lerp_mode": "catmullrom"
            },
            "0.3333": {
              "post": [
                -22.5,
                -75,
                0
              ],
              "lerp_mode": "catmullrom"
            },
            "1.0": {
              "post": [
                0,
                -25,
                0
              ],
              "lerp_mode": "catmullrom"
            }
          }
        },
        "right_finger2": {
          "rotation": {
            "0.0": {
              "post": [
                -2.5,
                0,
                0
              ],
              "lerp_mode": "catmullrom"
            },
            "0.5": {
              "post": [
                -2.5,
                0,
                0
              ],
              "lerp_mode": "catmullrom"
            },
            "1.0": {
              "post": [
                -2.5,
                0,
                0
              ],
              "lerp_mode": "catmullrom"
            }
          }
        },
        "right_finger3": {
          "rotation": {
            "0.0": {
              "post": [
                7.5,
                0,
                0
              ],
              "lerp_mode": "catmullrom"
            },
            "0.5": {
              "post": [
                7.5,
                0,
                0
              ],
              "lerp_mode": "catmullrom"
            },
            "1.0": {
              "post": [
                7.5,
                0,
                0
              ],
              "lerp_mode": "catmullrom"
            }
          }
        },
        "left_arm": {
          "rotation": {
            "0.0": {
              "post": [
                -20,
                0,
                0
              ],
              "lerp_mode": "catmullrom"
            },
            "0.5": {
              "post": [
                35,
                0,
                0
              ],
              "lerp_mode": "catmullrom"
            },
            "1.0": {
              "post": [
                -20,
                0,
                0
              ],
              "lerp_mode": "catmullrom"
            }
          }
        },
        "left_arm2": {
          "rotation": {
            "0.0": {
              "post": [
                -25,
                0,
                0
              ],
              "lerp_mode": "catmullrom"
            },
            "0.5": {
              "post": [
                -17.5,
                0,
                0
              ],
              "lerp_mode": "catmullrom"
            },
            "1.0": {
              "post": [
                -25,
                0,
                0
              ],
              "lerp_mode": "catmullrom"
            }
          }
        },
        "left_finger2": {
          "rotation": {
            "0.0": {
              "post": [
                -5,
                0,
                0
              ],
              "lerp_mode": "catmullrom"
            },
            "0.5": {
              "post": [
                -5,
                0,
                0
              ],
              "lerp_mode": "catmullrom"
            },
            "1.0": {
              "post": [
                -5,
                0,
                0
              ],
              "lerp_mode": "catmullrom"
            }
          }
        },
        "left_finger3": {
          "rotation": {
            "0.0": {
              "post": [
                2.5,
                0,
                0
              ],
              "lerp_mode": "catmullrom"
            },
            "0.5": {
              "post": [
                2.5,
                0,
                0
              ],
              "lerp_mode": "catmullrom"
            },
            "1.0": {
              "post": [
                2.5,
                0,
                0
              ],
              "lerp_mode": "catmullrom"
            }
          }
        },
        "left_leg": {
          "rotation": {
            "0.0": {
              "post": [
                -35,
                0,
                0
              ],
              "lerp_mode": "catmullrom"
            },
            "0.5": {
              "post": [
                40,
                0,
                0
              ],
              "lerp_mode": "catmullrom"
            },
            "0.75": {
              "post": [
                -60.31,
                0,
                0
              ],
              "lerp_mode": "catmullrom"
            },
            "1.0": {
              "post": [
                -35,
                0,
                0
              ],
              "lerp_mode": "catmullrom"
            }
          }
        },
        "left_toe": {
          "rotation": {
            "0.0": {
              "post": [
                35.02564,
                -2.04767,
                -1.43455
              ],
              "lerp_mode": "catmullrom"
            },
            "0.5": {
              "post": [
                12.52564,
                -2.04767,
                -1.43455
              ],
              "lerp_mode": "catmullrom"
            },
            "0.75": {
              "post": [
                117.36939,
                -2.04767,
                -1.43455
              ],
              "lerp_mode": "catmullrom"
            },
            "1.0": {
              "post": [
                35.02564,
                -2.04767,
                -1.43455
              ],
              "lerp_mode": "catmullrom"
            }
          }
        },
        "left_feet": {
          "rotation": {
            "0.0": {
              "post": [
                7.5,
                0,
                0
              ],
              "lerp_mode": "catmullrom"
            },
            "0.25": {
              "post": [
                -18.28,
                0,
                0
              ],
              "lerp_mode": "catmullrom"
            },
            "0.5": {
              "post": [
                15,
                0,
                0
              ],
              "lerp_mode": "catmullrom"
            },
            "0.75": {
              "post": [
                -19.17,
                0,
                0
              ],
              "lerp_mode": "catmullrom"
            },
            "1.0": {
              "post": [
                7.5,
                0,
                0
              ],
              "lerp_mode": "catmullrom"
            }
          }
        }
      }
    },
    "animation.pa_death2.death": {
      "loop": "hold_on_last_frame",
      "animation_length": 1.125,
      "bones": {
        "catnap": {
          "rotation": {
            "0.0": [
              0,
              0,
              0
            ],
            "0.0833": [
              -15.66,
              -0.3,
              0.25
            ],
            "0.2083": [
              -7.45951,
              -0.71464,
              -0.26657
            ],
            "0.25": [
              -1.57269,
              11.3775,
              -1.79791
            ],
            "0.3333": [
              9.75,
              -0.38,
              -4.38
            ],
            "0.4167": [
              4.0562,
              12.35625,
              -6.16558
            ],
            "0.4583": [
              0,
              0,
              -7.5
            ],
            "0.625": [
              -5.88361,
              0.17825,
              -3.24883
            ],
            "0.7083": [
              -25.98751,
              0.02594,
              -0.8149
            ],
            "0.75": [
              -7.5,
              0,
              0
            ],
            "0.8333": [
              9.35519,
              0.45195,
              0.13146
            ],
            "0.9583": [
              77.52175,
              0.38642,
              -0.27782
            ],
            "1.0": [
              55.37602,
              0.3821,
              -0.30326
            ],
            "1.0417": [
              75.02175,
              0.38642,
              -0.27782
            ],
            "1.125": [
              77.52,
              0.39,
              -0.28
            ]
          },
          "position": {
            "0.0": [
              0,
              0,
              0
            ],
            "0.0833": [
              0,
              0,
              4
            ],
            "0.2083": [
              0,
              0,
              0
            ],
            "0.3333": [
              0,
              0,
              -0.25
            ],
            "0.4583": [
              0,
              0,
              0
            ],
            "0.6667": [
              0,
              0,
              0
            ],
            "0.8333": [
              0,
              -1.64,
              0
            ],
            "0.9583": [
              0,
              -15,
              0
            ],
            "1.125": [
              0,
              -15,
              0
            ]
          }
        },
        "right_leg": {
          "rotation": {
            "0.0": [
              0,
              0,
              0
            ],
            "0.2083": [
              12.19717,
              2.5806,
              1.23709
            ],
            "0.4583": [
              9.96271,
              -0.86717,
              4.92442
            ],
            "0.75": [
              9.96271,
              0.86717,
              -4.92442
            ],
            "1.125": [
              9.96,
              0.87,
              -4.92
            ]
          }
        },
        "right_toe": {
          "rotation": {
            "0.0": [
              0,
              0,
              0
            ],
            "0.2083": [
              12.5,
              7.5,
              0
            ],
            "0.4583": [
              0,
              17.5,
              0
            ],
            "0.75": [
              0,
              17.5,
              0
            ],
            "0.8333": [
              25.6,
              17.5,
              0
            ],
            "0.9583": [
              -25,
              17.5,
              0
            ],
            "1.125": [
              -25,
              17.5,
              0
            ]
          }
        },
        "right_feet": {
          "rotation": {
            "0.0": [
              0,
              0,
              0
            ],
            "0.2083": [
              -12.5,
              0,
              0
            ],
            "0.4583": [
              0,
              0,
              0
            ],
            "0.75": [
              0.63,
              0,
              0
            ],
            "0.8333": [
              97.13257,
              -6.17156,
              -2.31425
            ],
            "0.9583": [
              110.88852,
              -16.41371,
              -6.15491
            ],
            "1.125": [
              110.89,
              -16.41,
              -6.15
            ]
          }
        },
        "base3": {
          "rotation": {
            "0.0": [
              0,
              0,
              0
            ],
            "0.2083": [
              -12.5,
              0,
              0
            ],
            "0.4583": [
              0,
              0,
              0
            ],
            "0.6667": [
              9.81,
              0,
              0
            ],
            "0.9583": [
              22.5,
              0,
              0
            ],
            "1.125": [
              22.5,
              0,
              0
            ]
          }
        },
        "base2": {
          "rotation": {
            "0.0": [
              0,
              0,
              0
            ],
            "0.2083": [
              -10,
              0,
              0
            ],
            "0.4583": [
              20,
              0,
              0
            ],
            "0.7083": [
              21.88,
              0,
              0
            ],
            "0.8333": [
              -7.7993,
              -15.3847,
              1.24232
            ],
            "0.9583": [
              0,
              0,
              0
            ],
            "1.125": [
              0,
              0,
              0
            ]
          }
        },
        "right_arm": {
          "rotation": {
            "0.0": [
              0,
              0,
              0
            ],
            "0.375": [
              -57.5,
              0,
              0
            ],
            "0.5": [
              -30,
              0,
              0
            ],
            "0.6667": [
              -5,
              0,
              0
            ],
            "0.7917": [
              69.50911,
              -16.06745,
              24.71285
            ],
            "1.125": [
              -15.27269,
              8.64738,
              28.83844
            ]
          }
        },
        "right_arm2": {
          "rotation": {
            "0.0": [
              0,
              0,
              0
            ],
            "0.3333": [
              -72.35287,
              -63.19404,
              69.57519
            ],
            "0.4583": [
              -71.36077,
              -50.02461,
              66.24308
            ],
            "0.7083": [
              -66.2402,
              -59.36025,
              59.9912
            ],
            "0.8333": [
              42.76193,
              -37.38652,
              -34.17217
            ],
            "0.9583": [
              5.6621,
              4.99159,
              22.96861
            ],
            "1.125": [
              5.66,
              4.99,
              22.97
            ]
          }
        },
        "right_finger": {
          "rotation": {
            "0.0": [
              0,
              0,
              22.5
            ],
            "0.2083": [
              0,
              0,
              85
            ],
            "0.4583": [
              0,
              0,
              20
            ],
            "1.125": [
              0,
              0,
              20
            ]
          }
        },
        "necklace": {
          "rotation": {
            "0.0": [
              0,
              0,
              0
            ],
            "0.2083": [
              -52.5,
              0,
              0
            ],
            "0.4583": [
              -2.5,
              0,
              0
            ],
            "0.6667": [
              -2.14611,
              5.05786,
              16.76231
            ],
            "0.7917": [
              -1.84559,
              -3.5686,
              -11.99951
            ],
            "0.9167": [
              -2.5,
              0,
              0
            ],
            "1.125": [
              -2.5,
              0,
              0
            ]
          }
        },
        "head": {
          "rotation": {
            "0.0": [
              0,
              0,
              0
            ],
            "0.0417": [
              3.72813,
              12.47438,
              0.80637
            ],
            "0.0833": [
              8.03156,
              -8.98902,
              -2.08933
            ],
            "0.125": [
              13.05016,
              9.14071,
              2.24616
            ],
            "0.1667": [
              18.72909,
              -6.14,
              -2.61093
            ],
            "0.2083": [
              25,
              0,
              0
            ],
            "0.25": [
              29.04261,
              15.46157,
              9.19953
            ],
            "0.2917": [
              32.46778,
              -16.18084,
              -9.18091
            ],
            "0.3333": [
              37.23367,
              21.06362,
              19.1086
            ],
            "0.375": [
              39.89977,
              -10.34601,
              -4.94095
            ],
            "0.4167": [
              47.00591,
              17.80049,
              26.33884
            ],
            "0.4583": [
              35,
              0,
              0
            ],
            "0.7083": [
              -25.62549,
              4.78956,
              -46.01164
            ],
            "0.9167": [
              -104.09605,
              15.88384,
              -54.14996
            ],
            "1.125": [
              -79.98843,
              26.37941,
              -56.53682
            ]
          }
        },
        "ears": {
          "rotation": {
            "0.0": [
              0,
              0,
              0
            ],
            "0.2083": [
              0,
              0,
              0
            ],
            "0.4583": [
              38.56821,
              -2.88447,
              -62.26731
            ],
            "0.6667": [
              42.63057,
              -11.21228,
              -72.44165
            ],
            "0.8333": [
              -15.44223,
              53.48748,
              22.70686
            ],
            "1.125": [
              52.7388,
              -21.90677,
              -56.95387
            ]
          }
        },
        "bone": {
          "rotation": {
            "0.0": [
              0,
              0,
              0
            ],
            "0.2083": [
              0,
              0,
              0
            ],
            "0.4583": [
              48.38788,
              -16.65978,
              -54.6771
            ],
            "0.6667": [
              40.30043,
              -11.1672,
              -43.05058
            ],
            "0.8333": [
              -18.2528,
              63.51665,
              4.30565
            ],
            "1.125": [
              109.63625,
              -39.10031,
              -112.83807
            ]
          }
        },
        "tail": {
          "rotation": {
            "0.0": [
              0,
              0,
              0
            ],
            "0.2083": [
              0,
              0,
              0
            ],
            "0.4583": [
              0,
              0,
              0
            ],
            "1.125": [
              0,
              0,
              0
            ]
          }
        },
        "ears2": {
          "rotation": {
            "0.0": [
              0,
              0,
              0
            ],
            "0.2083": [
              0,
              0,
              0
            ],
            "0.4583": [
              17.26258,
              -9.76824,
              73.52121
            ],
            "0.6667": [
              19.26023,
              5.98239,
              81.42826
            ],
            "0.8333": [
              9.05243,
              -23.1906,
              17.51024
            ],
            "1.125": [
              -4.08616,
              17.98859,
              34.63111
            ]
          }
        },
        "bone2": {
          "rotation": {
            "0.0": [
              0,
              0,
              0
            ],
            "0.2083": [
              0,
              0,
              0
            ],
            "0.4583": [
              56.65997,
              14.74349,
              62.07292
            ],
            "0.6667": [
              43.20861,
              6.53903,
              41.59894
            ],
            "0.8333": [
              -9.95544,
              -40.97441,
              -9.43444
            ],
            "1.125": [
              48.19,
              11.89,
              50.8
            ]
          }
        },
        "right_finger2": {
          "rotation": {
            "0.0": [
              14.06573,
              -20.88127,
              -67.60451
            ],
            "0.2083": [
              -25,
              0,
              57.5
            ],
            "0.4583": [
              -5.7632,
              -24.3683,
              -18.75462
            ],
            "1.125": [
              -5.76,
              -24.37,
              -18.75
            ]
          }
        },
        "right_finger3": {
          "rotation": {
            "0.0": [
              9.26433,
              11.84911,
              40.96347
            ],
            "0.2083": [
              15,
              0,
              92.5
            ],
            "0.4583": [
              5.85463,
              13.83447,
              25.71088
            ],
            "1.125": [
              5.85,
              13.83,
              25.71
            ]
          }
        },
        "left_arm": {
          "rotation": {
            "0.0": [
              0,
              0,
              0
            ],
            "0.2083": [
              -70,
              0,
              -22.5
            ],
            "0.4583": [
              -25,
              0,
              0
            ],
            "0.6667": [
              -12.5,
              0,
              0
            ],
            "0.7917": [
              63.39257,
              14.61757,
              -25.65443
            ],
            "1.125": [
              -28.09061,
              -6.6782,
              -31.88034
            ]
          }
        },
        "left_arm2": {
          "rotation": {
            "0.0": [
              0,
              0,
              0
            ],
            "0.25": [
              -72.2339,
              -11.0311,
              61.92445
            ],
            "0.4583": [
              -82.2386,
              14.8687,
              49.50307
            ],
            "0.6667": [
              -14.16647,
              6.57436,
              1.80393
            ],
            "0.8333": [
              37.97472,
              5.97717,
              -1.63041
            ],
            "0.9583": [
              38.33353,
              6.57436,
              1.80393
            ],
            "1.125": [
              38.33,
              6.57,
              1.8
            ]
          }
        },
        "left_finger": {
          "rotation": {
            "0.0": [
              0,
              0,
              0
            ],
            "0.2083": [
              0,
              0,
              0
            ],
            "0.4583": [
              0,
              0,
              60
            ],
            "0.8333": [
              0,
              -2.5,
              -12.5
            ],
            "1.125": [
              0,
              -2.5,
              -12.5
            ]
          }
        },
        "left_finger2": {
          "rotation": {
            "0.0": [
              0,
              0,
              0
            ],
            "0.2083": [
              0,
              0,
              30
            ],
            "0.4583": [
              -5,
              0,
              87.5
            ],
            "0.8333": [
              -3.04868,
              -3.9649,
              35.10555
            ],
            "1.125": [
              -3.05,
              -3.96,
              35.11
            ]
          }
        },
        "left_finger3": {
          "rotation": {
            "0.0": [
              0,
              0,
              0
            ],
            "0.2083": [
              0,
              0,
              0
            ],
            "0.4583": [
              2.5,
              0,
              42.5
            ],
            "0.8333": [
              -0.32652,
              2.4786,
              -55.00706
            ],
            "1.125": [
              -0.33,
              2.48,
              -55.01
            ]
          }
        },
        "left_leg": {
          "rotation": {
            "0.0": [
              0,
              0,
              0
            ],
            "0.2083": [
              -27.5,
              0,
              0
            ],
            "0.4583": [
              -4.98107,
              0.43523,
              4.98107
            ],
            "0.75": [
              -4.98107,
              -0.43523,
              -4.98107
            ],
            "1.125": [
              -4.98,
              -0.44,
              -4.98
            ]
          }
        },
        "left_toe": {
          "rotation": {
            "0.0": [
              0,
              0,
              0
            ],
            "0.2083": [
              37.92445,
              -7.9185,
              -6.12673
            ],
            "0.4583": [
              8.70642,
              -19.82072,
              2.3711
            ],
            "0.75": [
              8.71,
              -19.82,
              2.37
            ],
            "0.8333": [
              53.71,
              -19.82,
              2.37
            ],
            "0.9583": [
              8.71,
              -19.82,
              2.37
            ],
            "1.125": [
              8.71,
              -19.82,
              2.37
            ]
          }
        },
        "left_feet": {
          "rotation": {
            "0.0": [
              0,
              0,
              0
            ],
            "0.2083": [
              0,
              0,
              0
            ],
            "0.4583": [
              0,
              0,
              0
            ],
            "0.75": [
              0,
              0,
              0
            ],
            "0.8333": [
              85.81074,
              6.55416,
              0.59186
            ],
            "0.9583": [
              95.24133,
              17.43127,
              1.5741
            ],
            "1.125": [
              95.24,
              17.43,
              1.57
            ]
          }
        }
      }
    },
    "animation.pa_death2.death2": {
      "loop": "hold_on_last_frame",
      "bones": {
        "catnap": {
          "rotation": {
            "0.0": {
              "post": [
                74.36,
                0.45,
                0.13
              ],
              "lerp_mode": "catmullrom"
            }
          },
          "position": {
            "0.0": {
              "post": [
                0,
                -1.64,
                0
              ],
              "lerp_mode": "catmullrom"
            }
          }
        },
        "right_leg": {
          "rotation": {
            "0.0": {
              "post": [
                9.96,
                0.87,
                -4.92
              ],
              "lerp_mode": "catmullrom"
            }
          }
        },
        "right_toe": {
          "rotation": {
            "0.0": {
              "post": [
                -25,
                17.5,
                0
              ],
              "lerp_mode": "catmullrom"
            }
          }
        },
        "right_feet": {
          "rotation": {
            "0.0": {
              "post": [
                110.89,
                -16.41,
                -6.15
              ],
              "lerp_mode": "catmullrom"
            }
          }
        },
        "base3": {
          "rotation": {
            "0.0": {
              "post": [
                22.5,
                0,
                0
              ],
              "lerp_mode": "catmullrom"
            }
          }
        },
        "base2": {
          "rotation": {
            "0.0": {
              "post": [
                0,
                0,
                0
              ],
              "lerp_mode": "catmullrom"
            }
          }
        },
        "right_arm": {
          "rotation": {
            "0.0": {
              "post": [
                -15.27269,
                8.64738,
                28.83844
              ],
              "lerp_mode": "catmullrom"
            }
          }
        },
        "right_arm2": {
          "rotation": {
            "0.0": {
              "post": [
                5.66,
                4.99,
                22.97
              ],
              "lerp_mode": "catmullrom"
            }
          }
        },
        "right_finger": {
          "rotation": {
            "0.0": {
              "post": [
                0,
                0,
                20
              ],
              "lerp_mode": "catmullrom"
            }
          }
        },
        "necklace": {
          "rotation": {
            "0.0": {
              "post": [
                -2.5,
                0,
                0
              ],
              "lerp_mode": "catmullrom"
            }
          }
        },
        "head": {
          "rotation": {
            "0.0": {
              "post": [
                -79.98843,
                26.37941,
                -56.53682
              ],
              "lerp_mode": "catmullrom"
            }
          }
        },
        "ears": {
          "rotation": {
            "0.0": {
              "post": [
                38.56821,
                -2.88447,
                -62.26731
              ],
              "lerp_mode": "catmullrom"
            }
          }
        },
        "bone": {
          "rotation": {
            "0.0": {
              "post": [
                48.38788,
                -16.65978,
                -54.6771
              ],
              "lerp_mode": "catmullrom"
            }
          }
        },
        "tail": {
          "rotation": {
            "0.0": {
              "post": [
                0,
                0,
                0
              ],
              "lerp_mode": "catmullrom"
            }
          }
        },
        "ears2": {
          "rotation": {
            "0.0": {
              "post": [
                17.26258,
                -9.76824,
                73.52121
              ],
              "lerp_mode": "catmullrom"
            }
          }
        },
        "bone2": {
          "rotation": {
            "0.0": {
              "post": [
                56.65997,
                14.74349,
                62.07292
              ],
              "lerp_mode": "catmullrom"
            }
          }
        },
        "right_finger2": {
          "rotation": {
            "0.0": {
              "post": [
                -5.7632,
                -24.3683,
                -18.75462
              ],
              "lerp_mode": "catmullrom"
            }
          }
        },
        "right_finger3": {
          "rotation": {
            "0.0": {
              "post": [
                5.85463,
                13.83447,
                25.71088
              ],
              "lerp_mode": "catmullrom"
            }
          }
        },
        "left_arm": {
          "rotation": {
            "0.0": {
              "post": [
                -25,
                0,
                0
              ],
              "lerp_mode": "catmullrom"
            }
          }
        },
        "left_arm2": {
          "rotation": {
            "0.0": {
              "post": [
                -82.2386,
                14.8687,
                49.50307
              ],
              "lerp_mode": "catmullrom"
            }
          }
        },
        "left_finger": {
          "rotation": {
            "0.0": {
              "post": [
                0,
                0,
                60
              ],
              "lerp_mode": "catmullrom"
            }
          }
        },
        "left_finger2": {
          "rotation": {
            "0.0": {
              "post": [
                -5,
                0,
                87.5
              ],
              "lerp_mode": "catmullrom"
            }
          }
        },
        "left_finger3": {
          "rotation": {
            "0.0": {
              "post": [
                2.5,
                0,
                42.5
              ],
              "lerp_mode": "catmullrom"
            }
          }
        },
        "left_leg": {
          "rotation": {
            "0.0": {
              "post": [
                -4.98107,
                0.43523,
                4.98107
              ],
              "lerp_mode": "catmullrom"
            }
          }
        },
        "left_toe": {
          "rotation": {
            "0.0": {
              "post": [
                8.70642,
                -19.82072,
                2.3711
              ],
              "lerp_mode": "catmullrom"
            }
          }
        },
        "left_feet": {
          "rotation": {
            "0.0": {
              "post": [
                0,
                0,
                0
              ],
              "lerp_mode": "catmullrom"
            }
          }
        }
      }
    }
  }
}