{
  "format_version": "1.8.0",
  "animations": {
    "animation.witch.general": {
      "loop": true,
      "bones": {
        "nose": {
          "rotation": [
            "(variable.isholdingitem ? -25.7831 : (math.sin(query.life_time * 57.296) * 4.5)) - this",
            0,
            "(math.cos(query.life_time * 57.296) * 2.5) - this"
          ]
        }
      }
    },
    "animation.witch.villager_general": {
      "loop": true,
      "bones": {
        "arms": {
          "position": [
            0,
            -1,
            -1
          ],
          "rotation": [
            "-42.97 - this",
            0,
            0
          ]
        }
      }
    },
    "animation.witch.move": {
      "anim_time_update": "query.modified_distance_moved",
      "loop": true,
      "bones": {
        "leg0": {
          "rotation": [
            "(math.cos(query.anim_time * 38.17) * 40.0) - this",
            "-this",
            0
          ]
        },
        "leg1": {
          "rotation": [
            "(math.cos(query.anim_time * 38.17 + 180) * 40.0) - this",
            "-this",
            0
          ]
        }
      }
    },
    "animation.pa_duck.idle": {
      "loop": true,
      "animation_length": 1,
      "bones": {
        "right_leg": {
          "rotation": {
            "0.0": {
              "post": [
                0,
                0,
                0
              ],
              "lerp_mode": "catmullrom"
            },
            "1.0": {
              "post": [
                0,
                0,
                0
              ],
              "lerp_mode": "catmullrom"
            }
          }
        },
        "right_toe": {
          "rotation": {
            "0.0": {
              "post": [
                0,
                0,
                0
              ],
              "lerp_mode": "catmullrom"
            },
            "1.0": {
              "post": [
                0,
                0,
                0
              ],
              "lerp_mode": "catmullrom"
            }
          }
        },
        "base2": {
          "rotation": {
            "0.0": {
              "post": [
                0,
                0,
                0
              ],
              "lerp_mode": "catmullrom"
            },
            "0.5": {
              "post": [
                2.5,
                0,
                0
              ],
              "lerp_mode": "catmullrom"
            },
            "1.0": {
              "post": [
                0,
                0,
                0
              ],
              "lerp_mode": "catmullrom"
            }
          }
        },
        "right_arm": {
          "rotation": {
            "0.0": {
              "post": [
                50,
                0,
                0
              ],
              "lerp_mode": "catmullrom"
            },
            "1.0": {
              "post": [
                50,
                0,
                0
              ],
              "lerp_mode": "catmullrom"
            }
          }
        },
        "right_arm2": {
          "rotation": {
            "0.0": {
              "post": [
                0,
                -17.5,
                -85
              ],
              "lerp_mode": "catmullrom"
            },
            "1.0": {
              "post": [
                0,
                -17.5,
                -85
              ],
              "lerp_mode": "catmullrom"
            }
          }
        },
        "necklace": {
          "rotation": {
            "0.0": {
              "post": [
                0,
                0,
                0
              ],
              "lerp_mode": "catmullrom"
            },
            "1.0": {
              "post": [
                0,
                0,
                0
              ],
              "lerp_mode": "catmullrom"
            }
          }
        },
        "head": {
          "rotation": {
            "0.0": {
              "post": [
                0,
                0,
                2.5
              ],
              "lerp_mode": "catmullrom"
            },
            "0.625": {
              "post": [
                4.99527,
                0.21782,
                0.0095
              ],
              "lerp_mode": "catmullrom"
            },
            "1.0": {
              "post": [
                0,
                0,
                2.5
              ],
              "lerp_mode": "catmullrom"
            }
          }
        },
        "tail": {
          "rotation": {
            "0.0": {
              "post": [
                0,
                0,
                0
              ],
              "lerp_mode": "catmullrom"
            },
            "1.0": {
              "post": [
                0,
                0,
                0
              ],
              "lerp_mode": "catmullrom"
            }
          },
          "scale": {
            "0.0": {
              "post": [
                0.6,
                0.7,
                0.5
              ],
              "lerp_mode": "catmullrom"
            },
            "1.0": {
              "post": [
                0.6,
                0.7,
                0.5
              ],
              "lerp_mode": "catmullrom"
            }
          }
        },
        "left_arm": {
          "rotation": {
            "0.0": {
              "post": [
                45,
                0,
                0
              ],
              "lerp_mode": "catmullrom"
            },
            "1.0": {
              "post": [
                45,
                0,
                0
              ],
              "lerp_mode": "catmullrom"
            }
          }
        },
        "left_arm2": {
          "rotation": {
            "0.0": {
              "post": [
                0,
                27.5,
                90
              ],
              "lerp_mode": "catmullrom"
            },
            "1.0": {
              "post": [
                0,
                27.5,
                90
              ],
              "lerp_mode": "catmullrom"
            }
          }
        },
        "left_leg": {
          "rotation": {
            "0.0": {
              "post": [
                0,
                0,
                0
              ],
              "lerp_mode": "catmullrom"
            },
            "1.0": {
              "post": [
                0,
                0,
                0
              ],
              "lerp_mode": "catmullrom"
            }
          }
        },
        "left_toe": {
          "rotation": {
            "0.0": {
              "post": [
                0,
                0,
                0
              ],
              "lerp_mode": "catmullrom"
            },
            "1.0": {
              "post": [
                0,
                0,
                0
              ],
              "lerp_mode": "catmullrom"
            }
          }
        }
      }
    },
    "animation.pa_duck.move_1": {
      "loop": true,
      "animation_length": 1,
      "bones": {
        "catnap": {
          "rotation": {
            "0.0": {
              "post": [
                0,
                0,
                0
              ],
              "lerp_mode": "catmullrom"
            },
            "0.5": {
              "post": [
                0,
                0,
                0
              ],
              "lerp_mode": "catmullrom"
            },
            "1.0": {
              "post": [
                0,
                0,
                0
              ],
              "lerp_mode": "catmullrom"
            }
          },
          "position": {
            "0.0": {
              "post": [
                0,
                -1,
                0
              ],
              "lerp_mode": "catmullrom"
            },
            "0.25": {
              "post": [
                0,
                -0.06,
                0
              ],
              "lerp_mode": "catmullrom"
            },
            "0.5": {
              "post": [
                0,
                -1,
                0
              ],
              "lerp_mode": "catmullrom"
            },
            "0.75": {
              "post": [
                0,
                0,
                0
              ],
              "lerp_mode": "catmullrom"
            },
            "1.0": {
              "post": [
                0,
                -1,
                0
              ],
              "lerp_mode": "catmullrom"
            }
          }
        },
        "right_leg": {
          "rotation": {
            "0.0": {
              "post": [
                2.5,
                0,
                0
              ],
              "lerp_mode": "catmullrom"
            },
            "0.25": {
              "post": [
                -43.75,
                0,
                0
              ],
              "lerp_mode": "catmullrom"
            },
            "0.5": {
              "post": [
                -17.5,
                0,
                0
              ],
              "lerp_mode": "catmullrom"
            },
            "1.0": {
              "post": [
                2.5,
                0,
                0
              ],
              "lerp_mode": "catmullrom"
            }
          }
        },
        "right_toe": {
          "rotation": {
            "0.0": {
              "post": [
                35,
                0,
                0
              ],
              "lerp_mode": "catmullrom"
            },
            "0.25": {
              "post": [
                107.81,
                0,
                0
              ],
              "lerp_mode": "catmullrom"
            },
            "0.5": {
              "post": [
                0,
                0,
                0
              ],
              "lerp_mode": "catmullrom"
            },
            "0.75": {
              "post": [
                3.26,
                0,
                0
              ],
              "lerp_mode": "catmullrom"
            },
            "1.0": {
              "post": [
                35,
                0,
                0
              ],
              "lerp_mode": "catmullrom"
            }
          }
        },
        "base2": {
          "rotation": {
            "0.0": {
              "post": [
                0,
                0,
                0
              ],
              "lerp_mode": "catmullrom"
            },
            "0.25": {
              "post": [
                -2.17128,
                0.28578,
                7.49458
              ],
              "lerp_mode": "catmullrom"
            },
            "0.5": {
              "post": [
                0,
                0,
                0
              ],
              "lerp_mode": "catmullrom"
            },
            "0.75": {
              "post": [
                0.1348,
                -0.02376,
                2.03158
              ],
              "lerp_mode": "catmullrom"
            },
            "1.0": {
              "post": [
                0,
                0,
                0
              ],
              "lerp_mode": "catmullrom"
            }
          }
        },
        "right_arm": {
          "rotation": {
            "0.0": {
              "post": [
                4.11,
                -7.99,
                12.73
              ],
              "lerp_mode": "catmullrom"
            },
            "0.5": {
              "post": [
                -68.25804,
                -7.51914,
                29.04281
              ],
              "lerp_mode": "catmullrom"
            },
            "1.0": {
              "post": [
                4.10659,
                -7.99365,
                12.73415
              ],
              "lerp_mode": "catmullrom"
            }
          }
        },
        "right_arm2": {
          "rotation": {
            "0.0": {
              "post": [
                0,
                0,
                82.5
              ],
              "lerp_mode": "catmullrom"
            },
            "1.0": {
              "post": [
                0,
                0,
                82.5
              ],
              "lerp_mode": "catmullrom"
            }
          }
        },
        "necklace": {
          "rotation": {
            "0.0": {
              "post": [
                0,
                0,
                0
              ],
              "lerp_mode": "catmullrom"
            },
            "0.5": {
              "post": [
                0,
                0,
                0
              ],
              "lerp_mode": "catmullrom"
            },
            "1.0": {
              "post": [
                0,
                0,
                0
              ],
              "lerp_mode": "catmullrom"
            }
          }
        },
        "head": {
          "rotation": {
            "0.0": {
              "post": [
                0,
                0,
                0
              ],
              "lerp_mode": "catmullrom"
            },
            "0.25": {
              "post": [
                4.26562,
                -0.63246,
                -9.75908
              ],
              "lerp_mode": "catmullrom"
            },
            "0.625": {
              "post": [
                5,
                0,
                0
              ],
              "lerp_mode": "catmullrom"
            },
            "1.0": {
              "post": [
                0,
                0,
                0
              ],
              "lerp_mode": "catmullrom"
            }
          }
        },
        "tail": {
          "rotation": {
            "0.0": {
              "post": [
                0,
                0,
                0
              ],
              "lerp_mode": "catmullrom"
            },
            "0.5": {
              "post": [
                0,
                0,
                0
              ],
              "lerp_mode": "catmullrom"
            },
            "1.0": {
              "post": [
                0,
                0,
                0
              ],
              "lerp_mode": "catmullrom"
            }
          },
          "scale": {
            "0.0": {
              "post": [
                1,
                1,
                1
              ],
              "lerp_mode": "catmullrom"
            },
            "0.5": {
              "post": [
                1,
                1,
                1
              ],
              "lerp_mode": "catmullrom"
            },
            "1.0": {
              "post": [
                1,
                1,
                1
              ],
              "lerp_mode": "catmullrom"
            }
          }
        },
        "left_arm": {
          "rotation": {
            "0.0": {
              "post": [
                -60,
                0,
                0
              ],
              "lerp_mode": "catmullrom"
            },
            "0.5": {
              "post": [
                25,
                0,
                0
              ],
              "lerp_mode": "catmullrom"
            },
            "1.0": {
              "post": [
                -60,
                0,
                0
              ],
              "lerp_mode": "catmullrom"
            }
          }
        },
        "left_arm2": {
          "rotation": {
            "0.0": {
              "post": [
                0,
                0,
                -87.5
              ],
              "lerp_mode": "catmullrom"
            },
            "1.0": {
              "post": [
                0,
                0,
                -87.5
              ],
              "lerp_mode": "catmullrom"
            }
          }
        },
        "left_leg": {
          "rotation": {
            "0.0": {
              "post": [
                -27.5,
                0,
                0
              ],
              "lerp_mode": "catmullrom"
            },
            "0.5": {
              "post": [
                10,
                0,
                0
              ],
              "lerp_mode": "catmullrom"
            },
            "0.75": {
              "post": [
                -51.41,
                0,
                0
              ],
              "lerp_mode": "catmullrom"
            },
            "1.0": {
              "post": [
                -27.5,
                0,
                0
              ],
              "lerp_mode": "catmullrom"
            }
          }
        },
        "left_toe": {
          "rotation": {
            "0.0": {
              "post": [
                0,
                0,
                0
              ],
              "lerp_mode": "catmullrom"
            },
            "0.25": {
              "post": [
                5.47,
                0,
                0
              ],
              "lerp_mode": "catmullrom"
            },
            "0.5": {
              "post": [
                27.5,
                0,
                0
              ],
              "lerp_mode": "catmullrom"
            },
            "0.75": {
              "post": [
                115.13,
                0,
                0
              ],
              "lerp_mode": "catmullrom"
            },
            "1.0": {
              "post": [
                0,
                0,
                0
              ],
              "lerp_mode": "catmullrom"
            }
          }
        }
      }
    },
    "animation.duck.death": {
      "loop": "hold_on_last_frame",
      "animation_length": 0.41667,
      "bones": {
        "catnap": {
          "rotation": {
            "0.0": [
              0,
              0,
              0
            ],
            "0.25": [
              90,
              25,
              0
            ],
            "0.4167": [
              90,
              25,
              0
            ]
          },
          "position": {
            "0.0": [
              0,
              0,
              0
            ],
            "0.25": [
              0,
              -15,
              -2
            ],
            "0.3333": [
              0,
              -13.94,
              -2.12
            ],
            "0.4167": [
              0,
              -15,
              -2
            ]
          }
        },
        "right_leg": {
          "rotation": {
            "0.0": [
              0,
              0,
              0
            ],
            "0.125": [
              10,
              0,
              13.75
            ],
            "0.25": [
              -20,
              0,
              27.5
            ],
            "0.4167": [
              -20,
              0,
              27.5
            ]
          }
        },
        "right_toe": {
          "rotation": {
            "0.0": [
              0,
              0,
              0
            ],
            "0.25": [
              22.5,
              0,
              0
            ],
            "0.4167": [
              22.5,
              0,
              0
            ]
          }
        },
        "base2": {
          "rotation": {
            "0.0": [
              0,
              0,
              0
            ],
            "0.25": [
              0,
              0,
              0
            ],
            "0.4167": [
              0,
              0,
              0
            ]
          }
        },
        "right_arm": {
          "rotation": {
            "0.0": [
              0,
              0,
              0
            ],
            "0.125": [
              38.75,
              0,
              21.25
            ],
            "0.25": [
              -22.5,
              0,
              42.5
            ],
            "0.4167": [
              -22.5,
              0,
              42.5
            ]
          }
        },
        "right_arm2": {
          "rotation": {
            "0.0": [
              0,
              0,
              0
            ],
            "0.25": [
              20,
              0,
              0
            ],
            "0.4167": [
              20,
              0,
              0
            ]
          }
        },
        "necklace": {
          "rotation": {
            "0.0": [
              0,
              0,
              0
            ],
            "0.125": [
              -77.5,
              0,
              0
            ],
            "0.25": [
              -160,
              0,
              0
            ],
            "0.3333": [
              -150.16,
              0,
              0
            ],
            "0.4167": [
              -160,
              0,
              0
            ]
          }
        },
        "head": {
          "rotation": {
            "0.0": [
              0,
              0,
              0
            ],
            "0.125": [
              -66.18421,
              -24.52864,
              13.39939
            ],
            "0.25": [
              -67.36842,
              -49.05729,
              26.79878
            ]
          }
        },
        "tail": {
          "rotation": {
            "0.0": [
              0,
              0,
              0
            ],
            "0.25": [
              -94.60925,
              0.72522,
              -11.55353
            ]
          },
          "scale": {
            "0.0": [
              1,
              1,
              1
            ],
            "0.25": [
              1,
              1,
              1
            ]
          }
        },
        "left_arm": {
          "rotation": {
            "0.0": [
              0,
              0,
              0
            ],
            "0.125": [
              57.65114,
              0.79339,
              1.61956
            ],
            "0.25": [
              -24.69772,
              1.58678,
              3.23912
            ],
            "0.4167": [
              -24.7,
              1.59,
              3.24
            ]
          }
        },
        "left_arm2": {
          "rotation": {
            "0.0": [
              0,
              0,
              0
            ],
            "0.25": [
              25,
              0,
              -17.5
            ],
            "0.4167": [
              25,
              0,
              -17.5
            ]
          }
        },
        "left_leg": {
          "rotation": {
            "0.0": [
              0,
              0,
              0
            ],
            "0.125": [
              37.5,
              0,
              0
            ],
            "0.25": [
              -25,
              0,
              0
            ],
            "0.4167": [
              -25,
              0,
              0
            ]
          }
        },
        "left_toe": {
          "rotation": {
            "0.0": [
              0,
              0,
              0
            ],
            "0.25": [
              25,
              0,
              0
            ],
            "0.4167": [
              25,
              0,
              0
            ]
          }
        }
      }
    },
    "animation.duck.death2": {
      "loop": "hold_on_last_frame",
      "bones": {
        "catnap": {
          "rotation": [
            90,
            25,
            0
          ],
          "position": [
            0,
            -13.94,
            -2.12
          ]
        },
        "right_leg": {
          "rotation": [
            -20,
            0,
            27.5
          ]
        },
        "right_toe": {
          "rotation": [
            22.5,
            0,
            0
          ]
        },
        "base2": {
          "rotation": [
            0,
            0,
            0
          ]
        },
        "right_arm": {
          "rotation": [
            -22.5,
            0,
            42.5
          ]
        },
        "right_arm2": {
          "rotation": [
            20,
            0,
            0
          ]
        },
        "necklace": {
          "rotation": [
            -160,
            0,
            0
          ]
        },
        "head": {
          "rotation": [
            -61.22568,
            -40.25625,
            4.24434
          ]
        },
        "tail": {
          "rotation": [
            -90,
            0,
            0
          ],
          "scale": 1
        },
        "left_arm": {
          "rotation": [
            -24.7,
            1.59,
            3.24
          ]
        },
        "left_arm2": {
          "rotation": [
            25,
            0,
            -17.5
          ]
        },
        "left_leg": {
          "rotation": [
            -25,
            0,
            0
          ]
        },
        "left_toe": {
          "rotation": [
            25,
            0,
            0
          ]
        }
      }
    }
  }
}