{
  "format_version": "1.8.0",
  "animations": {
    "animation.witch.general": {
      "loop": true,
      "bones": {
        "nose": {
          "rotation": [
            "(variable.isholdingitem ? -25.7831 : (math.sin(query.life_time * 57.296) * 4.5)) - this",
            0,
            "(math.cos(query.life_time * 57.296) * 2.5) - this"
          ]
        }
      }
    },
    "animation.witch.villager_general": {
      "loop": true,
      "bones": {
        "arms": {
          "rotation": [
            "-42.97 - this",
            0,
            0
          ],
          "position": [
            0,
            -1,
            -1
          ]
        }
      }
    },
    "animation.witch.move": {
      "loop": true,
      "anim_time_update": "query.modified_distance_moved",
      "bones": {
        "leg0": {
          "rotation": [
            "(math.cos(query.anim_time * 38.17) * 40.0) - this",
            "-this",
            0
          ]
        },
        "leg1": {
          "rotation": [
            "(math.cos(query.anim_time * 38.17 + 180) * 40.0) - this",
            "-this",
            0
          ]
        }
      }
    },
    "animation.pa_pickypig.idle": {
      "loop": true,
      "animation_length": 2,
      "bones": {
        "catnap": {
          "rotation": {
            "0.0": {
              "post": [
                0,
                0,
                0
              ],
              "lerp_mode": "catmullrom"
            },
            "1.0": {
              "post": [
                0,
                0,
                0
              ],
              "lerp_mode": "catmullrom"
            },
            "2.0": {
              "post": [
                0,
                0,
                0
              ],
              "lerp_mode": "catmullrom"
            }
          }
        },
        "right_leg": {
          "rotation": {
            "0.0": {
              "post": [
                0,
                0,
                0
              ],
              "lerp_mode": "catmullrom"
            },
            "1.0": {
              "post": [
                0,
                0,
                0
              ],
              "lerp_mode": "catmullrom"
            },
            "2.0": {
              "post": [
                0,
                0,
                0
              ],
              "lerp_mode": "catmullrom"
            }
          }
        },
        "right_toe": {
          "rotation": {
            "0.0": {
              "post": [
                0,
                0,
                0
              ],
              "lerp_mode": "catmullrom"
            },
            "1.0": {
              "post": [
                0,
                0,
                0
              ],
              "lerp_mode": "catmullrom"
            },
            "2.0": {
              "post": [
                0,
                0,
                0
              ],
              "lerp_mode": "catmullrom"
            }
          }
        },
        "right_feet": {
          "rotation": {
            "0.0": {
              "post": [
                0,
                0,
                0
              ],
              "lerp_mode": "catmullrom"
            },
            "1.0": {
              "post": [
                0,
                0,
                0
              ],
              "lerp_mode": "catmullrom"
            },
            "2.0": {
              "post": [
                0,
                0,
                0
              ],
              "lerp_mode": "catmullrom"
            }
          }
        },
        "base2": {
          "rotation": {
            "0.0": {
              "post": [
                2.5,
                0,
                0
              ],
              "lerp_mode": "catmullrom"
            },
            "0.5": {
              "post": [
                5,
                0,
                0
              ],
              "lerp_mode": "catmullrom"
            },
            "1.0": {
              "post": [
                2.5,
                0,
                0
              ],
              "lerp_mode": "catmullrom"
            },
            "1.5": {
              "post": [
                -0.16,
                0,
                0
              ],
              "lerp_mode": "catmullrom"
            },
            "2.0": {
              "post": [
                2.5,
                0,
                0
              ],
              "lerp_mode": "catmullrom"
            }
          }
        },
        "right_arm": {
          "rotation": {
            "0.0": {
              "post": [
                0,
                0,
                30
              ],
              "lerp_mode": "catmullrom"
            },
            "1.0": {
              "post": [
                0,
                0,
                30
              ],
              "lerp_mode": "catmullrom"
            },
            "2.0": {
              "post": [
                0,
                0,
                30
              ],
              "lerp_mode": "catmullrom"
            }
          }
        },
        "right_arm2": {
          "rotation": {
            "0.0": {
              "post": [
                -2.46207,
                0.43399,
                -70.00933
              ],
              "lerp_mode": "catmullrom"
            },
            "1.0": {
              "post": [
                -2.46207,
                0.43399,
                -70.00933
              ],
              "lerp_mode": "catmullrom"
            },
            "2.0": {
              "post": [
                -2.46207,
                0.43399,
                -70.00933
              ],
              "lerp_mode": "catmullrom"
            }
          }
        },
        "right_finger": {
          "rotation": {
            "0.0": {
              "post": [
                0,
                0,
                0
              ],
              "lerp_mode": "catmullrom"
            },
            "1.0": {
              "post": [
                0,
                0,
                0
              ],
              "lerp_mode": "catmullrom"
            },
            "2.0": {
              "post": [
                0,
                0,
                0
              ],
              "lerp_mode": "catmullrom"
            }
          }
        },
        "necklace": {
          "rotation": {
            "0.0": {
              "post": [
                0,
                0,
                0
              ],
              "lerp_mode": "catmullrom"
            },
            "0.6667": {
              "post": [
                -15,
                0,
                0
              ],
              "lerp_mode": "catmullrom"
            },
            "1.0": {
              "post": [
                0,
                0,
                0
              ],
              "lerp_mode": "catmullrom"
            },
            "1.5": {
              "post": [
                -3.9005,
                -1.15385,
                -4.86782
              ],
              "lerp_mode": "catmullrom"
            },
            "2.0": {
              "post": [
                0,
                0,
                0
              ],
              "lerp_mode": "catmullrom"
            }
          }
        },
        "head": {
          "rotation": {
            "0.0": {
              "post": [
                0,
                0,
                0
              ],
              "lerp_mode": "catmullrom"
            },
            "0.625": {
              "post": [
                5,
                0,
                0
              ],
              "lerp_mode": "catmullrom"
            },
            "1.0": {
              "post": [
                0,
                0,
                0
              ],
              "lerp_mode": "catmullrom"
            },
            "1.625": {
              "post": [
                4.78,
                0,
                0
              ],
              "lerp_mode": "catmullrom"
            },
            "2.0": {
              "post": [
                0,
                0,
                0
              ],
              "lerp_mode": "catmullrom"
            }
          }
        },
        "ears": {
          "rotation": {
            "0.0": {
              "post": [
                0,
                0,
                -15
              ],
              "lerp_mode": "catmullrom"
            },
            "0.375": {
              "post": [
                20.56673,
                -39.4188,
                -23.88937
              ],
              "lerp_mode": "catmullrom"
            },
            "1.0": {
              "post": [
                0,
                0,
                -15
              ],
              "lerp_mode": "catmullrom"
            },
            "1.5833": {
              "post": [
                0.11845,
                -17.84574,
                -17.32708
              ],
              "lerp_mode": "catmullrom"
            },
            "2.0": {
              "post": [
                0,
                0,
                -15
              ],
              "lerp_mode": "catmullrom"
            }
          }
        },
        "tail": {
          "rotation": {
            "0.0": {
              "post": [
                0,
                0,
                0
              ],
              "lerp_mode": "catmullrom"
            },
            "1.0": {
              "post": [
                0,
                0,
                0
              ],
              "lerp_mode": "catmullrom"
            },
            "2.0": {
              "post": [
                0,
                0,
                0
              ],
              "lerp_mode": "catmullrom"
            }
          }
        },
        "ears2": {
          "rotation": {
            "0.0": {
              "post": [
                0,
                0,
                7.5
              ],
              "lerp_mode": "catmullrom"
            },
            "0.375": {
              "post": [
                5.56673,
                39.4188,
                16.38937
              ],
              "lerp_mode": "catmullrom"
            },
            "1.0": {
              "post": [
                0,
                0,
                7.5
              ],
              "lerp_mode": "catmullrom"
            },
            "1.5833": {
              "post": [
                -20.7338,
                24.98194,
                0.91116
              ],
              "lerp_mode": "catmullrom"
            },
            "2.0": {
              "post": [
                0,
                0,
                7.5
              ],
              "lerp_mode": "catmullrom"
            }
          }
        },
        "right_finger2": {
          "rotation": [
            -2.5,
            0,
            0
          ]
        },
        "right_finger3": {
          "rotation": {
            "0.0": {
              "post": [
                0,
                0,
                0
              ],
              "lerp_mode": "catmullrom"
            },
            "1.0": {
              "post": [
                0,
                0,
                0
              ],
              "lerp_mode": "catmullrom"
            },
            "2.0": {
              "post": [
                0,
                0,
                0
              ],
              "lerp_mode": "catmullrom"
            }
          }
        },
        "left_arm": {
          "rotation": {
            "0.0": {
              "post": [
                0,
                0,
                -30
              ],
              "lerp_mode": "catmullrom"
            },
            "1.0": {
              "post": [
                0,
                0,
                -30
              ],
              "lerp_mode": "catmullrom"
            },
            "2.0": {
              "post": [
                0,
                0,
                -30
              ],
              "lerp_mode": "catmullrom"
            }
          }
        },
        "left_arm2": {
          "rotation": {
            "0.0": {
              "post": [
                -5,
                0,
                65
              ],
              "lerp_mode": "catmullrom"
            },
            "1.0": {
              "post": [
                -5,
                0,
                65
              ],
              "lerp_mode": "catmullrom"
            },
            "2.0": {
              "post": [
                -5,
                0,
                65
              ],
              "lerp_mode": "catmullrom"
            }
          }
        },
        "left_finger": {
          "rotation": {
            "0.0": {
              "post": [
                0,
                0,
                0
              ],
              "lerp_mode": "catmullrom"
            },
            "1.0": {
              "post": [
                0,
                0,
                0
              ],
              "lerp_mode": "catmullrom"
            },
            "2.0": {
              "post": [
                0,
                0,
                0
              ],
              "lerp_mode": "catmullrom"
            }
          }
        },
        "left_finger2": {
          "rotation": {
            "0.0": {
              "post": [
                -12.5,
                0,
                0
              ],
              "lerp_mode": "catmullrom"
            },
            "1.0": {
              "post": [
                -12.5,
                0,
                0
              ],
              "lerp_mode": "catmullrom"
            },
            "2.0": {
              "post": [
                -12.5,
                0,
                0
              ],
              "lerp_mode": "catmullrom"
            }
          }
        },
        "left_finger3": {
          "rotation": {
            "0.0": {
              "post": [
                0,
                0,
                0
              ],
              "lerp_mode": "catmullrom"
            },
            "1.0": {
              "post": [
                0,
                0,
                0
              ],
              "lerp_mode": "catmullrom"
            },
            "2.0": {
              "post": [
                0,
                0,
                0
              ],
              "lerp_mode": "catmullrom"
            }
          }
        },
        "left_leg": {
          "rotation": {
            "0.0": {
              "post": [
                0,
                0,
                0
              ],
              "lerp_mode": "catmullrom"
            },
            "1.0": {
              "post": [
                0,
                0,
                0
              ],
              "lerp_mode": "catmullrom"
            },
            "2.0": {
              "post": [
                0,
                0,
                0
              ],
              "lerp_mode": "catmullrom"
            }
          }
        },
        "left_toe": {
          "rotation": {
            "0.0": {
              "post": [
                0,
                0,
                0
              ],
              "lerp_mode": "catmullrom"
            },
            "1.0": {
              "post": [
                0,
                0,
                0
              ],
              "lerp_mode": "catmullrom"
            },
            "2.0": {
              "post": [
                0,
                0,
                0
              ],
              "lerp_mode": "catmullrom"
            }
          }
        },
        "left_feet": {
          "rotation": {
            "0.0": {
              "post": [
                0,
                0,
                0
              ],
              "lerp_mode": "catmullrom"
            },
            "1.0": {
              "post": [
                0,
                0,
                0
              ],
              "lerp_mode": "catmullrom"
            },
            "2.0": {
              "post": [
                0,
                0,
                0
              ],
              "lerp_mode": "catmullrom"
            }
          }
        }
      }
    },
    "animation.pa_pickypig.move_1": {
      "loop": true,
      "animation_length": 1,
      "bones": {
        "catnap": {
          "rotation": {
            "0.0": {
              "post": [
                0,
                0,
                0
              ],
              "lerp_mode": "catmullrom"
            },
            "0.5": {
              "post": [
                0,
                0,
                0
              ],
              "lerp_mode": "catmullrom"
            },
            "1.0": {
              "post": [
                0,
                0,
                0
              ],
              "lerp_mode": "catmullrom"
            }
          },
          "position": {
            "0.0": {
              "post": [
                0,
                6,
                0
              ],
              "lerp_mode": "catmullrom"
            },
            "0.25": {
              "post": [
                0,
                -4,
                0
              ],
              "lerp_mode": "catmullrom"
            },
            "0.5": {
              "post": [
                0,
                3,
                0
              ],
              "lerp_mode": "catmullrom"
            },
            "0.75": {
              "post": [
                0,
                -2.75,
                0
              ],
              "lerp_mode": "catmullrom"
            },
            "1.0": {
              "post": [
                0,
                6,
                0
              ],
              "lerp_mode": "catmullrom"
            }
          }
        },
        "right_leg": {
          "rotation": {
            "0.0": {
              "post": [
                22.5,
                0,
                0
              ],
              "lerp_mode": "catmullrom"
            },
            "0.25": {
              "post": [
                -57.19,
                0,
                0
              ],
              "lerp_mode": "catmullrom"
            },
            "0.5": {
              "post": [
                -40,
                0,
                0
              ],
              "lerp_mode": "catmullrom"
            },
            "1.0": {
              "post": [
                22.5,
                0,
                0
              ],
              "lerp_mode": "catmullrom"
            }
          }
        },
        "right_toe": {
          "rotation": {
            "0.0": {
              "post": [
                45,
                0,
                0
              ],
              "lerp_mode": "catmullrom"
            },
            "0.25": {
              "post": [
                131.09,
                0,
                0
              ],
              "lerp_mode": "catmullrom"
            },
            "0.5": {
              "post": [
                2.5,
                0,
                0
              ],
              "lerp_mode": "catmullrom"
            },
            "0.75": {
              "post": [
                68.21,
                0,
                0
              ],
              "lerp_mode": "catmullrom"
            },
            "1.0": {
              "post": [
                45,
                0,
                0
              ],
              "lerp_mode": "catmullrom"
            }
          }
        },
        "right_feet": {
          "rotation": {
            "0.0": {
              "post": [
                -5,
                0,
                0
              ],
              "lerp_mode": "catmullrom"
            },
            "0.25": {
              "post": [
                -43.46724,
                1.81496,
                -1.71956
              ],
              "lerp_mode": "catmullrom"
            },
            "0.5": {
              "post": [
                20,
                0,
                0
              ],
              "lerp_mode": "catmullrom"
            },
            "0.75": {
              "post": [
                -58.5333,
                -0.11344,
                0.10747
              ],
              "lerp_mode": "catmullrom"
            },
            "1.0": {
              "post": [
                -5,
                0,
                0
              ],
              "lerp_mode": "catmullrom"
            }
          }
        },
        "base3": {
          "rotation": {
            "0.0": {
              "post": [
                10,
                0,
                0
              ],
              "lerp_mode": "catmullrom"
            },
            "0.5": {
              "post": [
                -2.48975,
                -0.38863,
                -0.28592
              ],
              "lerp_mode": "catmullrom"
            },
            "1.0": {
              "post": [
                10,
                0,
                0
              ],
              "lerp_mode": "catmullrom"
            }
          }
        },
        "base2": {
          "rotation": {
            "0.0": {
              "post": [
                -5,
                0,
                0
              ],
              "lerp_mode": "catmullrom"
            },
            "0.25": {
              "post": [
                7.95693,
                -0.69387,
                4.95174
              ],
              "lerp_mode": "catmullrom"
            },
            "0.5417": {
              "post": [
                20.5,
                0,
                0
              ],
              "lerp_mode": "catmullrom"
            },
            "1.0": {
              "post": [
                -5,
                0,
                0
              ],
              "lerp_mode": "catmullrom"
            }
          }
        },
        "right_arm": {
          "rotation": {
            "0.0": {
              "post": [
                44.07,
                -19.9,
                -23.12
              ],
              "lerp_mode": "catmullrom"
            },
            "0.5": {
              "post": [
                -77.21598,
                25.59038,
                -45.63939
              ],
              "lerp_mode": "catmullrom"
            },
            "1.0": {
              "post": [
                44.07323,
                -19.90496,
                -23.11931
              ],
              "lerp_mode": "catmullrom"
            }
          }
        },
        "right_arm2": {
          "rotation": {
            "0.0": {
              "post": [
                2.27,
                1.06,
                75.02
              ],
              "lerp_mode": "catmullrom"
            },
            "0.5": {
              "post": [
                2.21783,
                1.15408,
                72.52234
              ],
              "lerp_mode": "catmullrom"
            },
            "1.0": {
              "post": [
                2.26603,
                1.05627,
                75.02089
              ],
              "lerp_mode": "catmullrom"
            }
          }
        },
        "right_finger": {
          "rotation": {
            "0.0": {
              "post": [
                0,
                0,
                -107.5
              ],
              "lerp_mode": "catmullrom"
            },
            "0.5": {
              "post": [
                0,
                0,
                -107.5
              ],
              "lerp_mode": "catmullrom"
            },
            "1.0": {
              "post": [
                0,
                0,
                -107.5
              ],
              "lerp_mode": "catmullrom"
            }
          }
        },
        "necklace": {
          "rotation": {
            "0.0": {
              "post": [
                -4.74916,
                17.9896,
                40.52173
              ],
              "lerp_mode": "catmullrom"
            },
            "0.625": {
              "post": [
                -6.05395,
                -13.6795,
                -33.93926
              ],
              "lerp_mode": "catmullrom"
            },
            "1.0": {
              "post": [
                -4.74916,
                17.9896,
                40.52173
              ],
              "lerp_mode": "catmullrom"
            }
          }
        },
        "head": {
          "rotation": {
            "0.0": {
              "post": [
                0,
                0,
                0
              ],
              "lerp_mode": "catmullrom"
            },
            "0.25": {
              "post": [
                8.09284,
                2.54152,
                -17.32018
              ],
              "lerp_mode": "catmullrom"
            },
            "0.625": {
              "post": [
                20,
                0,
                0
              ],
              "lerp_mode": "catmullrom"
            },
            "1.0": {
              "post": [
                0,
                0,
                0
              ],
              "lerp_mode": "catmullrom"
            }
          }
        },
        "ears": {
          "rotation": {
            "0.0": {
              "post": [
                2.06307,
                56.93728,
                -6.36702
              ],
              "lerp_mode": "catmullrom"
            },
            "0.25": {
              "post": [
                -0.17884,
                27.2626,
                -11.35532
              ],
              "lerp_mode": "catmullrom"
            },
            "0.5": {
              "post": [
                2.06307,
                56.93728,
                -6.36702
              ],
              "lerp_mode": "catmullrom"
            },
            "0.75": {
              "post": [
                -0.42037,
                14.24416,
                -13.09388
              ],
              "lerp_mode": "catmullrom"
            },
            "1.0": {
              "post": [
                2.06307,
                56.93728,
                -6.36702
              ],
              "lerp_mode": "catmullrom"
            }
          }
        },
        "tail": {
          "rotation": {
            "0.0": {
              "post": [
                0,
                0,
                0
              ],
              "lerp_mode": "catmullrom"
            },
            "0.5": {
              "post": [
                0,
                0,
                0
              ],
              "lerp_mode": "catmullrom"
            },
            "1.0": {
              "post": [
                0,
                0,
                0
              ],
              "lerp_mode": "catmullrom"
            }
          }
        },
        "ears2": {
          "rotation": {
            "0.0": {
              "post": [
                0.90714,
                -47.06629,
                0.84341
              ],
              "lerp_mode": "catmullrom"
            },
            "0.25": {
              "post": [
                0.38014,
                7.42799,
                8.60497
              ],
              "lerp_mode": "catmullrom"
            },
            "0.5": {
              "post": [
                0.90714,
                -47.06629,
                0.84341
              ],
              "lerp_mode": "catmullrom"
            },
            "0.75": {
              "post": [
                -0.55661,
                -13.30572,
                5.65498
              ],
              "lerp_mode": "catmullrom"
            },
            "1.0": {
              "post": [
                0.90714,
                -47.06629,
                0.84341
              ],
              "lerp_mode": "catmullrom"
            }
          }
        },
        "right_finger2": {
          "rotation": {
            "0.0": {
              "post": [
                0,
                0,
                -105
              ],
              "lerp_mode": "catmullrom"
            },
            "0.5": {
              "post": [
                0,
                0,
                -105
              ],
              "lerp_mode": "catmullrom"
            },
            "1.0": {
              "post": [
                0,
                0,
                -105
              ],
              "lerp_mode": "catmullrom"
            }
          }
        },
        "right_finger3": {
          "rotation": {
            "0.0": {
              "post": [
                7.5,
                0,
                -75
              ],
              "lerp_mode": "catmullrom"
            },
            "0.5": {
              "post": [
                7.5,
                0,
                -75
              ],
              "lerp_mode": "catmullrom"
            },
            "1.0": {
              "post": [
                7.5,
                0,
                -75
              ],
              "lerp_mode": "catmullrom"
            }
          }
        },
        "left_arm": {
          "rotation": {
            "0.0": {
              "post": [
                46.2,
                23.16,
                12.66
              ],
              "lerp_mode": "catmullrom"
            },
            "0.5": {
              "post": [
                -58.80471,
                23.16124,
                12.65931
              ],
              "lerp_mode": "catmullrom"
            },
            "1.0": {
              "post": [
                46.19529,
                23.16124,
                12.65931
              ],
              "lerp_mode": "catmullrom"
            }
          }
        },
        "left_arm2": {
          "rotation": {
            "0.0": {
              "post": [
                2.87277,
                -4.09405,
                -60.1027
              ],
              "lerp_mode": "catmullrom"
            },
            "0.5": {
              "post": [
                2.87277,
                -4.09405,
                -60.1027
              ],
              "lerp_mode": "catmullrom"
            },
            "1.0": {
              "post": [
                2.87277,
                -4.09405,
                -60.1027
              ],
              "lerp_mode": "catmullrom"
            }
          }
        },
        "left_finger": {
          "rotation": {
            "0.0": {
              "post": [
                0,
                0,
                0
              ],
              "lerp_mode": "catmullrom"
            },
            "0.5": {
              "post": [
                0,
                0,
                0
              ],
              "lerp_mode": "catmullrom"
            },
            "1.0": {
              "post": [
                0,
                0,
                0
              ],
              "lerp_mode": "catmullrom"
            }
          }
        },
        "left_finger2": {
          "rotation": {
            "0.0": {
              "post": [
                -12.5,
                0,
                0
              ],
              "lerp_mode": "catmullrom"
            },
            "0.5": {
              "post": [
                -12.5,
                0,
                0
              ],
              "lerp_mode": "catmullrom"
            },
            "1.0": {
              "post": [
                -12.5,
                0,
                0
              ],
              "lerp_mode": "catmullrom"
            }
          }
        },
        "left_finger3": {
          "rotation": {
            "0.0": {
              "post": [
                10,
                0,
                0
              ],
              "lerp_mode": "catmullrom"
            },
            "0.5": {
              "post": [
                10,
                0,
                0
              ],
              "lerp_mode": "catmullrom"
            },
            "1.0": {
              "post": [
                10,
                0,
                0
              ],
              "lerp_mode": "catmullrom"
            }
          }
        },
        "left_leg": {
          "rotation": {
            "0.0": {
              "post": [
                -32.5,
                0,
                0
              ],
              "lerp_mode": "catmullrom"
            },
            "0.25": {
              "post": [
                -36.72,
                0,
                0
              ],
              "lerp_mode": "catmullrom"
            },
            "0.5": {
              "post": [
                42.5,
                0,
                0
              ],
              "lerp_mode": "catmullrom"
            },
            "0.75": {
              "post": [
                -33.8,
                0,
                0
              ],
              "lerp_mode": "catmullrom"
            },
            "1.0": {
              "post": [
                -32.5,
                0,
                0
              ],
              "lerp_mode": "catmullrom"
            }
          }
        },
        "left_toe": {
          "rotation": {
            "0.0": {
              "post": [
                -10,
                0,
                0
              ],
              "lerp_mode": "catmullrom"
            },
            "0.25": {
              "post": [
                95.47,
                0,
                0
              ],
              "lerp_mode": "catmullrom"
            },
            "0.5": {
              "post": [
                17.5,
                0,
                0
              ],
              "lerp_mode": "catmullrom"
            },
            "0.75": {
              "post": [
                88.88,
                0,
                0
              ],
              "lerp_mode": "catmullrom"
            },
            "1.0": {
              "post": [
                -10,
                0,
                0
              ],
              "lerp_mode": "catmullrom"
            }
          }
        },
        "left_feet": {
          "rotation": {
            "0.0": {
              "post": [
                35,
                0,
                0
              ],
              "lerp_mode": "catmullrom"
            },
            "0.25": {
              "post": [
                -48.28,
                0,
                0
              ],
              "lerp_mode": "catmullrom"
            },
            "0.5": {
              "post": [
                2.5,
                0,
                0
              ],
              "lerp_mode": "catmullrom"
            },
            "0.75": {
              "post": [
                -33.08,
                0,
                0
              ],
              "lerp_mode": "catmullrom"
            },
            "1.0": {
              "post": [
                35,
                0,
                0
              ],
              "lerp_mode": "catmullrom"
            }
          }
        }
      }
    },
    "animation.pickypig.death": {
      "loop": "hold_on_last_frame",
      "animation_length": 1.41667,
      "bones": {
        "catnap": {
          "rotation": {
            "0.0": [
              0,
              0,
              0
            ],
            "0.25": [
              0,
              0,
              0
            ],
            "0.4583": [
              -5,
              0,
              0
            ],
            "0.6667": [
              0,
              0,
              0
            ]
          },
          "position": {
            "0.0": [
              0,
              0,
              0
            ],
            "0.25": [
              0,
              0,
              0
            ],
            "0.4583": [
              0,
              -3,
              6
            ],
            "0.6667": [
              0,
              -12,
              0
            ]
          }
        },
        "right_leg": {
          "rotation": {
            "0.0": [
              0,
              0,
              0
            ],
            "0.25": [
              0,
              0,
              0
            ],
            "0.5417": [
              -65,
              0,
              0
            ]
          }
        },
        "right_toe": {
          "rotation": {
            "0.0": [
              0,
              0,
              0
            ],
            "0.25": [
              0,
              0,
              0
            ],
            "0.6667": [
              155.16915,
              -2.66743,
              -17.83801
            ]
          }
        },
        "right_feet": {
          "rotation": {
            "0.0": [
              0,
              0,
              0
            ],
            "0.25": [
              0,
              0,
              0
            ],
            "0.6667": [
              -82.59298,
              6.73717,
              -42.06341
            ]
          }
        },
        "base3": {
          "rotation": {
            "0.0": [
              0,
              0,
              0
            ],
            "0.25": [
              0,
              0,
              0
            ],
            "0.7083": [
              10,
              3.05556,
              0
            ],
            "1.0": [
              0,
              5,
              0
            ],
            "1.1667": [
              0,
              17.5,
              37.5
            ],
            "1.25": [
              -4.50432,
              19.50645,
              49.22537
            ]
          }
        },
        "base2": {
          "rotation": {
            "0.0": [
              0,
              0,
              0
            ],
            "0.25": [
              10,
              0,
              0
            ],
            "0.5417": [
              5,
              0,
              0
            ],
            "0.7917": [
              15,
              0,
              0
            ],
            "1.0": [
              5,
              0,
              0
            ],
            "1.25": [
              4.43745,
              -2.30644,
              27.41063
            ]
          }
        },
        "right_arm": {
          "rotation": {
            "0.0": [
              0,
              0,
              0
            ],
            "0.3333": [
              -17.5,
              0,
              0
            ],
            "0.5417": [
              -7.5,
              0,
              0
            ],
            "0.7917": [
              -25,
              0,
              0
            ],
            "1.0": [
              -2.5,
              0,
              0
            ],
            "1.1667": [
              -1.84373,
              1.68868,
              42.47283
            ],
            "1.4167": [
              63.68259,
              -19.1373,
              -16.25607
            ]
          }
        },
        "right_arm2": {
          "rotation": {
            "0.0": [
              0,
              0,
              0
            ],
            "0.25": [
              0,
              0,
              0
            ],
            "0.6667": [
              0,
              0,
              0
            ],
            "1.0": [
              0,
              0,
              0
            ],
            "1.2083": [
              37.5,
              0,
              27.5
            ],
            "1.4167": [
              14.75049,
              47.45163,
              -58.85781
            ]
          }
        },
        "necklace": {
          "rotation": {
            "0.0": [
              0,
              0,
              0
            ],
            "0.25": [
              0,
              0,
              0
            ]
          }
        },
        "head": {
          "rotation": {
            "0.0": [
              0,
              0,
              0
            ],
            "0.3333": [
              10,
              0,
              0
            ],
            "0.5417": [
              17.5,
              0,
              0
            ],
            "1.0": [
              17.5,
              0,
              0
            ],
            "1.125": [
              2.62029,
              27.5993,
              -54.77744
            ],
            "1.3333": [
              -8.56479,
              23.66258,
              41.93218
            ]
          }
        },
        "ears": {
          "rotation": {
            "0.0": [
              0,
              0,
              0
            ],
            "0.25": [
              0,
              0,
              0
            ],
            "0.5": [
              -15.76717,
              33.24126,
              9.41086
            ],
            "0.7083": [
              -13.77717,
              -13.62667,
              4.73931
            ],
            "0.875": [
              -17.01553,
              10.28363,
              18.80035
            ],
            "1.0": [
              -10.71569,
              -21.9968,
              -1.53444
            ],
            "1.125": [
              0.77939,
              4.75811,
              -33.62455
            ],
            "1.4167": [
              -94.72127,
              0.0721,
              61.95412
            ]
          }
        },
        "ear": {
          "rotation": {
            "0.0": [
              0,
              0,
              0
            ],
            "0.25": [
              0,
              0,
              0
            ]
          }
        },
        "tail": {
          "rotation": {
            "0.0": [
              0,
              0,
              0
            ],
            "0.25": [
              0,
              0,
              0
            ]
          }
        },
        "ears2": {
          "rotation": {
            "0.0": [
              0,
              0,
              0
            ],
            "0.25": [
              0,
              0,
              0
            ],
            "0.5": [
              -16.76781,
              -34.16351,
              -29.90886
            ],
            "0.7083": [
              -12.94643,
              23.30938,
              2.06775
            ],
            "0.875": [
              -17.48598,
              8.15867,
              -7.81777
            ],
            "1.0": [
              -11.96828,
              25.40478,
              3.74592
            ],
            "1.125": [
              -52.08556,
              36.43828,
              -53.07827
            ],
            "1.4167": [
              -45.03357,
              38.98869,
              12.03696
            ]
          }
        },
        "ear2": {
          "rotation": {
            "0.0": [
              0,
              0,
              0
            ],
            "0.25": [
              0,
              0,
              0
            ]
          }
        },
        "left_arm": {
          "rotation": {
            "0.0": [
              0,
              0,
              0
            ],
            "0.3333": [
              -22.5,
              0,
              0
            ],
            "0.5417": [
              -7.5,
              0,
              0
            ],
            "0.7917": [
              -22.5,
              0,
              0
            ],
            "1.0": [
              -5,
              0,
              0
            ],
            "1.125": [
              -3.54002,
              -3.53329,
              -44.89078
            ],
            "1.25": [
              -33.01756,
              -4.1435,
              -60.99688
            ],
            "1.4167": [
              -25.65426,
              -4.95712,
              -82.47168
            ]
          }
        },
        "left_arm2": {
          "rotation": {
            "0.0": [
              0,
              0,
              0
            ],
            "0.25": [
              0,
              0,
              0
            ],
            "1.0": [
              0,
              0,
              0
            ],
            "1.125": [
              0,
              0,
              -45
            ],
            "1.25": [
              -66.52784,
              -2.6305,
              -33.50641
            ],
            "1.4167": [
              -50.23163,
              -6.13784,
              -18.18163
            ]
          }
        },
        "left_leg": {
          "rotation": {
            "0.0": [
              0,
              0,
              0
            ],
            "0.25": [
              0,
              0,
              0
            ],
            "0.5417": [
              -59.88539,
              1.43865,
              2.3356
            ],
            "1.0": [
              -59.89,
              1.44,
              2.34
            ]
          }
        },
        "left_toe": {
          "rotation": {
            "0.0": [
              0,
              0,
              0
            ],
            "0.25": [
              0,
              0,
              0
            ],
            "0.6667": [
              145.75973,
              16.32555,
              22.44031
            ]
          }
        },
        "left_feet": {
          "rotation": {
            "0.0": [
              0,
              0,
              0
            ],
            "0.25": [
              0,
              0,
              0
            ],
            "0.6667": [
              -87.06332,
              3.26624,
              65.62157
            ]
          }
        }
      }
    }
  }
}