{
  "format_version": "1.8.0",
  "animations": {
    "animation.witch.general": {
      "loop": true,
      "bones": {
        "nose": {
          "rotation": [
            "(variable.isholdingitem ? -25.7831 : (math.sin(query.life_time * 57.296) * 4.5)) - this",
            0,
            "(math.cos(query.life_time * 57.296) * 2.5) - this"
          ]
        }
      }
    },
    "animation.witch.villager_general": {
      "loop": true,
      "bones": {
        "arms": {
          "rotation": [
            "-42.97 - this",
            0,
            0
          ],
          "position": [
            0,
            -1,
            -1
          ]
        }
      }
    },
    "animation.witch.move": {
      "loop": true,
      "anim_time_update": "query.modified_distance_moved",
      "bones": {
        "leg0": {
          "rotation": [
            "(math.cos(query.anim_time * 38.17) * 40.0) - this",
            "-this",
            0
          ]
        },
        "leg1": {
          "rotation": [
            "(math.cos(query.anim_time * 38.17 + 180) * 40.0) - this",
            "-this",
            0
          ]
        }
      }
    },
    "animation.pa_unicorn.idle": {
      "loop": true,
      "animation_length": 2,
      "bones": {
        "catnap": {
          "position": {
            "0.0": {
              "post": [
                0,
                0,
                0
              ],
              "lerp_mode": "catmullrom"
            },
            "1.0": {
              "post": [
                0,
                0,
                0
              ],
              "lerp_mode": "catmullrom"
            },
            "1.5": {
              "post": [
                0,
                -1,
                0
              ],
              "lerp_mode": "catmullrom"
            },
            "2.0": {
              "post": [
                0,
                0,
                0
              ],
              "lerp_mode": "catmullrom"
            }
          }
        },
        "right_leg": {
          "rotation": {
            "0.0": {
              "post": [
                0,
                0,
                -2.5
              ],
              "lerp_mode": "catmullrom"
            },
            "0.5": {
              "post": [
                0,
                0,
                -2.5
              ],
              "lerp_mode": "catmullrom"
            },
            "1.0": {
              "post": [
                0,
                0,
                -2.5
              ],
              "lerp_mode": "catmullrom"
            },
            "1.5": {
              "post": [
                0,
                0,
                -10
              ],
              "lerp_mode": "catmullrom"
            },
            "2.0": {
              "post": [
                0,
                0,
                -2.5
              ],
              "lerp_mode": "catmullrom"
            }
          }
        },
        "right_toe": {
          "rotation": {
            "0.0": {
              "post": [
                0,
                0,
                5
              ],
              "lerp_mode": "catmullrom"
            },
            "0.5": {
              "post": [
                0,
                0,
                5
              ],
              "lerp_mode": "catmullrom"
            },
            "1.0": {
              "post": [
                0,
                0,
                5
              ],
              "lerp_mode": "catmullrom"
            },
            "1.5": {
              "post": [
                0,
                0,
                22.5
              ],
              "lerp_mode": "catmullrom"
            },
            "2.0": {
              "post": [
                0,
                0,
                5
              ],
              "lerp_mode": "catmullrom"
            }
          }
        },
        "base2": {
          "rotation": {
            "0.0": {
              "post": [
                7.56397,
                7.43547,
                0.98448
              ],
              "lerp_mode": "catmullrom"
            },
            "0.5": {
              "post": [
                10.06397,
                7.43547,
                0.98448
              ],
              "lerp_mode": "catmullrom"
            },
            "1.0": {
              "post": [
                7.56397,
                7.43547,
                0.98448
              ],
              "lerp_mode": "catmullrom"
            },
            "1.5": {
              "post": [
                7.56397,
                7.43547,
                0.98448
              ],
              "lerp_mode": "catmullrom"
            },
            "2.0": {
              "post": [
                7.56397,
                7.43547,
                0.98448
              ],
              "lerp_mode": "catmullrom"
            }
          }
        },
        "right_arm": {
          "rotation": {
            "0.0": {
              "post": [
                -19.18858,
                -7.85712,
                -15.86484
              ],
              "lerp_mode": "catmullrom"
            },
            "0.5": {
              "post": [
                -26.68858,
                -7.85712,
                -15.86484
              ],
              "lerp_mode": "catmullrom"
            },
            "1.0": {
              "post": [
                -19.18858,
                -7.85712,
                -15.86484
              ],
              "lerp_mode": "catmullrom"
            },
            "1.5": {
              "post": [
                -39.18858,
                -7.85712,
                -15.86484
              ],
              "lerp_mode": "catmullrom"
            },
            "2.0": {
              "post": [
                -19.18858,
                -7.85712,
                -15.86484
              ],
              "lerp_mode": "catmullrom"
            }
          }
        },
        "right_arm2": {
          "rotation": {
            "0.0": {
              "post": [
                -3.11052,
                -2.27415,
                4.97894
              ],
              "lerp_mode": "catmullrom"
            },
            "0.5": {
              "post": [
                -3.11052,
                -2.27415,
                4.97894
              ],
              "lerp_mode": "catmullrom"
            },
            "1.0": {
              "post": [
                -3.11052,
                -2.27415,
                4.97894
              ],
              "lerp_mode": "catmullrom"
            },
            "1.5": {
              "post": [
                0.24891,
                -3.8445,
                -52.59116
              ],
              "lerp_mode": "catmullrom"
            },
            "2.0": {
              "post": [
                -3.11052,
                -2.27415,
                4.97894
              ],
              "lerp_mode": "catmullrom"
            }
          }
        },
        "necklace": {
          "rotation": {
            "0.0": {
              "post": [
                0,
                0,
                -5
              ],
              "lerp_mode": "catmullrom"
            },
            "0.625": {
              "post": [
                0,
                0,
                5
              ],
              "lerp_mode": "catmullrom"
            },
            "1.0": {
              "post": [
                0,
                0,
                -5
              ],
              "lerp_mode": "catmullrom"
            },
            "1.5": {
              "post": [
                0,
                0,
                -12.5
              ],
              "lerp_mode": "catmullrom"
            },
            "2.0": {
              "post": [
                0,
                0,
                -5
              ],
              "lerp_mode": "catmullrom"
            }
          }
        },
        "head": {
          "rotation": {
            "0.0": {
              "post": [
                12.5,
                0,
                0
              ],
              "lerp_mode": "catmullrom"
            },
            "0.625": {
              "post": [
                15,
                0,
                0
              ],
              "lerp_mode": "catmullrom"
            },
            "1.0": {
              "post": [
                12.5,
                0,
                0
              ],
              "lerp_mode": "catmullrom"
            },
            "1.0833": {
              "post": [
                14.78098,
                -7.2545,
                -1.90833
              ],
              "lerp_mode": "catmullrom"
            },
            "1.1667": {
              "post": [
                17.42326,
                2.92473,
                1.26005
              ],
              "lerp_mode": "catmullrom"
            },
            "1.25": {
              "post": [
                20.59528,
                -3.97602,
                -1.40848
              ],
              "lerp_mode": "catmullrom"
            },
            "1.3333": {
              "post": [
                24.35499,
                5.80813,
                2.92455
              ],
              "lerp_mode": "catmullrom"
            },
            "1.4167": {
              "post": [
                28.57975,
                -5.27411,
                -3.04097
              ],
              "lerp_mode": "catmullrom"
            },
            "1.5": {
              "post": [
                30,
                0,
                0
              ],
              "lerp_mode": "catmullrom"
            },
            "2.0": {
              "post": [
                12.5,
                0,
                0
              ],
              "lerp_mode": "catmullrom"
            }
          }
        },
        "ears": {
          "rotation": {
            "0.0": {
              "post": [
                0,
                0,
                72.5
              ],
              "lerp_mode": "catmullrom"
            },
            "0.5": {
              "post": [
                0,
                0,
                85
              ],
              "lerp_mode": "catmullrom"
            },
            "1.0": {
              "post": [
                0,
                0,
                72.5
              ],
              "lerp_mode": "catmullrom"
            },
            "1.5": {
              "post": [
                12.14528,
                8.91495,
                94.01822
              ],
              "lerp_mode": "catmullrom"
            },
            "2.0": {
              "post": [
                0,
                0,
                72.5
              ],
              "lerp_mode": "catmullrom"
            }
          }
        },
        "ears2": {
          "rotation": {
            "0.0": {
              "post": [
                0,
                0,
                -72.5
              ],
              "lerp_mode": "catmullrom"
            },
            "0.5": {
              "post": [
                0,
                0,
                -85
              ],
              "lerp_mode": "catmullrom"
            },
            "1.0": {
              "post": [
                0,
                0,
                -72.5
              ],
              "lerp_mode": "catmullrom"
            },
            "1.5": {
              "post": [
                0,
                0,
                -95
              ],
              "lerp_mode": "catmullrom"
            },
            "2.0": {
              "post": [
                0,
                0,
                -72.5
              ],
              "lerp_mode": "catmullrom"
            }
          }
        },
        "tail": {
          "rotation": {
            "0.0": {
              "post": [
                17.5,
                57.5,
                0
              ],
              "lerp_mode": "catmullrom"
            },
            "0.5833": {
              "post": [
                31.95424,
                -74.09111,
                1.07273
              ],
              "lerp_mode": "catmullrom"
            },
            "1.0": {
              "post": [
                17.5,
                57.5,
                0
              ],
              "lerp_mode": "catmullrom"
            },
            "1.5": {
              "post": [
                -27.68643,
                -2.39846,
                4.33255
              ],
              "lerp_mode": "catmullrom"
            },
            "2.0": {
              "post": [
                17.5,
                57.5,
                0
              ],
              "lerp_mode": "catmullrom"
            }
          }
        },
        "left_arm": {
          "rotation": {
            "0.0": {
              "post": [
                -39.02504,
                9.57658,
                11.59948
              ],
              "lerp_mode": "catmullrom"
            },
            "0.5": {
              "post": [
                -39.56869,
                6.40865,
                7.69263
              ],
              "lerp_mode": "catmullrom"
            },
            "1.0": {
              "post": [
                -39.02504,
                9.57658,
                11.59948
              ],
              "lerp_mode": "catmullrom"
            },
            "1.5": {
              "post": [
                -39.89247,
                3.21154,
                3.83424
              ],
              "lerp_mode": "catmullrom"
            },
            "2.0": {
              "post": [
                -39.02504,
                9.57658,
                11.59948
              ],
              "lerp_mode": "catmullrom"
            }
          }
        },
        "left_arm2": {
          "rotation": {
            "0.0": {
              "post": [
                -7.43656,
                -0.9762,
                95.06344
              ],
              "lerp_mode": "catmullrom"
            },
            "0.5": {
              "post": [
                -7.43656,
                -0.9762,
                95.06344
              ],
              "lerp_mode": "catmullrom"
            },
            "1.0": {
              "post": [
                -7.43656,
                -0.9762,
                95.06344
              ],
              "lerp_mode": "catmullrom"
            },
            "1.5": {
              "post": [
                -7.43656,
                -0.9762,
                95.06344
              ],
              "lerp_mode": "catmullrom"
            },
            "2.0": {
              "post": [
                -7.43656,
                -0.9762,
                95.06344
              ],
              "lerp_mode": "catmullrom"
            }
          }
        },
        "left_leg": {
          "rotation": {
            "0.0": {
              "post": [
                0,
                0,
                2.5
              ],
              "lerp_mode": "catmullrom"
            },
            "0.5": {
              "post": [
                0,
                0,
                2.5
              ],
              "lerp_mode": "catmullrom"
            },
            "1.0": {
              "post": [
                0,
                0,
                2.5
              ],
              "lerp_mode": "catmullrom"
            },
            "1.5": {
              "post": [
                0,
                0,
                10
              ],
              "lerp_mode": "catmullrom"
            },
            "2.0": {
              "post": [
                0,
                0,
                2.5
              ],
              "lerp_mode": "catmullrom"
            }
          }
        },
        "left_toe": {
          "rotation": {
            "0.0": {
              "post": [
                0,
                0,
                -5
              ],
              "lerp_mode": "catmullrom"
            },
            "0.5": {
              "post": [
                0,
                0,
                -5
              ],
              "lerp_mode": "catmullrom"
            },
            "1.0": {
              "post": [
                0,
                0,
                -5
              ],
              "lerp_mode": "catmullrom"
            },
            "1.5": {
              "post": [
                0,
                0,
                -30
              ],
              "lerp_mode": "catmullrom"
            },
            "2.0": {
              "post": [
                0,
                0,
                -5
              ],
              "lerp_mode": "catmullrom"
            }
          }
        }
      }
    },
    "animation.pa_unicorn.move_1": {
      "loop": true,
      "animation_length": 2,
      "bones": {
        "catnap": {
          "position": {
            "0.0": {
              "post": [
                0,
                0,
                0
              ],
              "lerp_mode": "catmullrom"
            },
            "0.125": {
              "post": [
                0,
                -3,
                0
              ],
              "lerp_mode": "catmullrom"
            },
            "0.25": {
              "post": [
                0,
                0,
                0
              ],
              "lerp_mode": "catmullrom"
            },
            "0.375": {
              "post": [
                0,
                -1.81,
                0
              ],
              "lerp_mode": "catmullrom"
            },
            "0.5": {
              "post": [
                0,
                0,
                0
              ],
              "lerp_mode": "catmullrom"
            },
            "0.625": {
              "post": [
                0,
                -2.89,
                0
              ],
              "lerp_mode": "catmullrom"
            },
            "0.75": {
              "post": [
                0,
                0,
                0
              ],
              "lerp_mode": "catmullrom"
            },
            "0.875": {
              "post": [
                0,
                -1.82,
                0
              ],
              "lerp_mode": "catmullrom"
            },
            "1.0": {
              "post": [
                0,
                0,
                0
              ],
              "lerp_mode": "catmullrom"
            },
            "1.125": {
              "post": [
                0,
                -3,
                0
              ],
              "lerp_mode": "catmullrom"
            },
            "1.25": {
              "post": [
                0,
                0,
                0
              ],
              "lerp_mode": "catmullrom"
            },
            "1.375": {
              "post": [
                0,
                -1.81,
                0
              ],
              "lerp_mode": "catmullrom"
            },
            "1.5": {
              "post": [
                0,
                0,
                0
              ],
              "lerp_mode": "catmullrom"
            },
            "1.625": {
              "post": [
                0,
                -2.89,
                0
              ],
              "lerp_mode": "catmullrom"
            },
            "1.75": {
              "post": [
                0,
                0,
                0
              ],
              "lerp_mode": "catmullrom"
            },
            "1.875": {
              "post": [
                0,
                -1.82,
                0
              ],
              "lerp_mode": "catmullrom"
            },
            "2.0": {
              "post": [
                0,
                0,
                0
              ],
              "lerp_mode": "catmullrom"
            }
          }
        },
        "right_leg": {
          "rotation": {
            "0.0": {
              "post": [
                -62.5,
                0,
                0
              ],
              "lerp_mode": "catmullrom"
            },
            "0.5": {
              "post": [
                28.95608,
                20.07196,
                -0.49097
              ],
              "lerp_mode": "catmullrom"
            },
            "0.75": {
              "post": [
                -68.55595,
                11.29048,
                -0.27617
              ],
              "lerp_mode": "catmullrom"
            },
            "1.0": {
              "post": [
                -62.5,
                0,
                0
              ],
              "lerp_mode": "catmullrom"
            },
            "1.5": {
              "post": [
                28.95608,
                20.07196,
                -0.49097
              ],
              "lerp_mode": "catmullrom"
            },
            "1.75": {
              "post": [
                -68.55595,
                11.29048,
                -0.27617
              ],
              "lerp_mode": "catmullrom"
            },
            "2.0": {
              "post": [
                -62.5,
                0,
                0
              ],
              "lerp_mode": "catmullrom"
            }
          }
        },
        "right_toe": {
          "rotation": {
            "0.0": {
              "post": [
                55,
                0,
                0
              ],
              "lerp_mode": "catmullrom"
            },
            "0.5": {
              "post": [
                30,
                0,
                0
              ],
              "lerp_mode": "catmullrom"
            },
            "0.75": {
              "post": [
                105.94,
                0,
                0
              ],
              "lerp_mode": "catmullrom"
            },
            "1.0": {
              "post": [
                55,
                0,
                0
              ],
              "lerp_mode": "catmullrom"
            },
            "1.5": {
              "post": [
                30,
                0,
                0
              ],
              "lerp_mode": "catmullrom"
            },
            "1.75": {
              "post": [
                105.94,
                0,
                0
              ],
              "lerp_mode": "catmullrom"
            },
            "2.0": {
              "post": [
                55,
                0,
                0
              ],
              "lerp_mode": "catmullrom"
            }
          }
        },
        "base3": {
          "rotation": {
            "0.0": {
              "post": [
                0,
                0,
                0
              ],
              "lerp_mode": "catmullrom"
            },
            "0.5": {
              "post": [
                0,
                0,
                0
              ],
              "lerp_mode": "catmullrom"
            },
            "1.0": {
              "post": [
                0,
                0,
                0
              ],
              "lerp_mode": "catmullrom"
            },
            "1.5": {
              "post": [
                0,
                0,
                0
              ],
              "lerp_mode": "catmullrom"
            },
            "2.0": {
              "post": [
                0,
                0,
                0
              ],
              "lerp_mode": "catmullrom"
            }
          }
        },
        "base2": {
          "rotation": {
            "0.0": {
              "post": [
                30,
                0,
                0
              ],
              "lerp_mode": "catmullrom"
            },
            "0.25": {
              "post": [
                21.68141,
                25.25775,
                -6.29408
              ],
              "lerp_mode": "catmullrom"
            },
            "0.5": {
              "post": [
                22.52824,
                9.90705,
                2.84919
              ],
              "lerp_mode": "catmullrom"
            },
            "0.75": {
              "post": [
                24.42585,
                -20.51252,
                1.29679
              ],
              "lerp_mode": "catmullrom"
            },
            "1.0": {
              "post": [
                30,
                0,
                0
              ],
              "lerp_mode": "catmullrom"
            },
            "1.25": {
              "post": [
                21.68141,
                25.25775,
                -6.29408
              ],
              "lerp_mode": "catmullrom"
            },
            "1.5": {
              "post": [
                22.52824,
                9.90705,
                2.84919
              ],
              "lerp_mode": "catmullrom"
            },
            "1.75": {
              "post": [
                24.42585,
                -20.51252,
                1.29679
              ],
              "lerp_mode": "catmullrom"
            },
            "2.0": {
              "post": [
                30,
                0,
                0
              ],
              "lerp_mode": "catmullrom"
            }
          }
        },
        "head": {
          "rotation": {
            "0.0": {
              "post": [
                -7.5,
                0,
                0
              ],
              "lerp_mode": "catmullrom"
            },
            "0.25": {
              "post": [
                -15.91505,
                -28.266,
                7.7423
              ],
              "lerp_mode": "catmullrom"
            },
            "0.5": {
              "post": [
                -5,
                0,
                0
              ],
              "lerp_mode": "catmullrom"
            },
            "0.75": {
              "post": [
                -16.28926,
                26.54994,
                -7.44153
              ],
              "lerp_mode": "catmullrom"
            },
            "1.0": {
              "post": [
                -7.5,
                0,
                0
              ],
              "lerp_mode": "catmullrom"
            },
            "1.25": {
              "post": [
                -15.91505,
                -28.266,
                7.7423
              ],
              "lerp_mode": "catmullrom"
            },
            "1.5": {
              "post": [
                -5,
                0,
                0
              ],
              "lerp_mode": "catmullrom"
            },
            "1.75": {
              "post": [
                -16.28926,
                26.54994,
                -7.44153
              ],
              "lerp_mode": "catmullrom"
            },
            "2.0": {
              "post": [
                -7.5,
                0,
                0
              ],
              "lerp_mode": "catmullrom"
            }
          }
        },
        "ears": {
          "rotation": {
            "0.0": {
              "post": [
                34.23275,
                -31.02891,
                -66.71511
              ],
              "lerp_mode": "catmullrom"
            },
            "0.5": {
              "post": [
                34.23275,
                -31.02891,
                -66.71511
              ],
              "lerp_mode": "catmullrom"
            },
            "1.0": {
              "post": [
                34.23275,
                -31.02891,
                -66.71511
              ],
              "lerp_mode": "catmullrom"
            },
            "1.5": {
              "post": [
                34.23275,
                -31.02891,
                -66.71511
              ],
              "lerp_mode": "catmullrom"
            },
            "2.0": {
              "post": [
                34.23275,
                -31.02891,
                -66.71511
              ],
              "lerp_mode": "catmullrom"
            }
          }
        },
        "ears2": {
          "rotation": {
            "0.0": {
              "post": [
                32.35956,
                28.61123,
                68.23039
              ],
              "lerp_mode": "catmullrom"
            },
            "0.5": {
              "post": [
                32.35956,
                28.61123,
                68.23039
              ],
              "lerp_mode": "catmullrom"
            },
            "1.0": {
              "post": [
                32.35956,
                28.61123,
                68.23039
              ],
              "lerp_mode": "catmullrom"
            },
            "1.5": {
              "post": [
                32.35956,
                28.61123,
                68.23039
              ],
              "lerp_mode": "catmullrom"
            },
            "2.0": {
              "post": [
                32.35956,
                28.61123,
                68.23039
              ],
              "lerp_mode": "catmullrom"
            }
          }
        },
        "tail": {
          "rotation": {
            "0.0": {
              "post": [
                30,
                0,
                0
              ],
              "lerp_mode": "catmullrom"
            },
            "0.5": {
              "post": [
                15,
                0,
                0
              ],
              "lerp_mode": "catmullrom"
            },
            "1.0": {
              "post": [
                30,
                0,
                0
              ],
              "lerp_mode": "catmullrom"
            },
            "1.5": {
              "post": [
                15,
                0,
                0
              ],
              "lerp_mode": "catmullrom"
            },
            "2.0": {
              "post": [
                30,
                0,
                0
              ],
              "lerp_mode": "catmullrom"
            }
          }
        },
        "left_leg": {
          "rotation": {
            "0.0": {
              "post": [
                37.5,
                0,
                0
              ],
              "lerp_mode": "catmullrom"
            },
            "0.2917": {
              "post": [
                -76.83552,
                10.65209,
                -3.77557
              ],
              "lerp_mode": "catmullrom"
            },
            "0.5": {
              "post": [
                -46.76579,
                15.79306,
                -5.59775
              ],
              "lerp_mode": "catmullrom"
            },
            "1.0": {
              "post": [
                37.5,
                0,
                0
              ],
              "lerp_mode": "catmullrom"
            },
            "1.2917": {
              "post": [
                -76.83552,
                10.65209,
                -3.77557
              ],
              "lerp_mode": "catmullrom"
            },
            "1.5": {
              "post": [
                -46.76579,
                15.79306,
                -5.59775
              ],
              "lerp_mode": "catmullrom"
            },
            "2.0": {
              "post": [
                37.5,
                0,
                0
              ],
              "lerp_mode": "catmullrom"
            }
          }
        },
        "left_toe": {
          "rotation": {
            "0.0": {
              "post": [
                32.5,
                0,
                0
              ],
              "lerp_mode": "catmullrom"
            },
            "0.2917": {
              "post": [
                113.26,
                0,
                0
              ],
              "lerp_mode": "catmullrom"
            },
            "0.5": {
              "post": [
                22.5,
                0,
                0
              ],
              "lerp_mode": "catmullrom"
            },
            "1.0": {
              "post": [
                32.5,
                0,
                0
              ],
              "lerp_mode": "catmullrom"
            },
            "1.2917": {
              "post": [
                113.26,
                0,
                0
              ],
              "lerp_mode": "catmullrom"
            },
            "1.5": {
              "post": [
                22.5,
                0,
                0
              ],
              "lerp_mode": "catmullrom"
            },
            "2.0": {
              "post": [
                32.5,
                0,
                0
              ],
              "lerp_mode": "catmullrom"
            }
          }
        }
      }
    },
    "animation.unicorn.death": {
      "loop": "hold_on_last_frame",
      "animation_length": 1.45833,
      "bones": {
        "catnap": {
          "rotation": {
            "0.0": [
              0,
              0,
              0
            ],
            "0.125": [
              0,
              0,
              0
            ],
            "0.3333": [
              0,
              0,
              0
            ],
            "0.5": [
              -50,
              0,
              0
            ],
            "0.625": [
              -15.8563,
              2.2946,
              -6.79611
            ],
            "1.1667": [
              -15.86,
              2.29,
              -6.8
            ],
            "1.25": [
              4.57,
              1.15,
              -3.4
            ],
            "1.3333": [
              -20,
              0,
              0
            ]
          },
          "position": {
            "0.0": [
              0,
              0,
              0
            ],
            "0.125": [
              0,
              -1,
              0
            ],
            "0.3333": [
              0,
              -3,
              0
            ],
            "0.5": [
              0,
              -15,
              0
            ],
            "0.625": [
              0,
              -15,
              0
            ],
            "0.7083": [
              0,
              -13,
              0
            ],
            "0.7917": [
              0,
              -15,
              0
            ],
            "1.1667": [
              0,
              -15,
              0
            ],
            "1.25": [
              0,
              -10,
              -3
            ],
            "1.3333": [
              0,
              -17,
              0
            ]
          }
        },
        "right_leg": {
          "rotation": {
            "0.0": [
              0,
              0,
              0
            ],
            "0.125": [
              0,
              0,
              -10
            ],
            "0.3333": [
              -26.69458,
              -6.86379,
              -13.36965
            ],
            "0.5": [
              -74.19458,
              -6.86379,
              -13.36965
            ],
            "1.1667": [
              -74.19,
              -6.86,
              -13.37
            ],
            "1.3333": [
              -81.16056,
              -13.7874,
              -6.77373
            ]
          }
        },
        "right_toe": {
          "rotation": {
            "0.0": [
              0,
              0,
              0
            ],
            "0.125": [
              7.5,
              0,
              25
            ],
            "0.3333": [
              42.5,
              0,
              42.5
            ],
            "0.5833": [
              -2.5,
              0,
              42.5
            ],
            "0.7083": [
              12.5,
              0,
              42.5
            ],
            "1.1667": [
              12.5,
              0,
              42.5
            ],
            "1.25": [
              -52.59444,
              -33.63777,
              57.14513
            ],
            "1.3333": [
              18.31037,
              4.40037,
              120.28689
            ]
          }
        },
        "base3": {
          "rotation": {
            "1.1667": [
              0,
              0,
              0
            ],
            "1.3333": [
              -46.50931,
              -11.00072,
              -10.26078
            ]
          },
          "position": {
            "0.5": [
              0,
              0,
              0
            ],
            "0.7083": [
              0,
              -5,
              0
            ],
            "1.1667": [
              0,
              -5,
              0
            ],
            "1.3333": [
              0,
              -3,
              0
            ]
          },
          "scale": [
            1,
            1,
            1
          ]
        },
        "base2": {
          "rotation": {
            "0.0": [
              0,
              0,
              0
            ],
            "0.125": [
              12.5,
              0,
              0
            ],
            "0.3333": [
              32.5,
              0,
              0
            ],
            "0.7083": [
              0,
              0,
              0
            ],
            "1.1667": [
              0,
              0,
              0
            ],
            "1.3333": [
              -2.5,
              0,
              0
            ]
          }
        },
        "right_arm": {
          "rotation": {
            "0.0": [
              0,
              0,
              0
            ],
            "0.125": [
              -20,
              0,
              0
            ],
            "0.3333": [
              -37.5,
              0,
              0
            ],
            "0.4583": [
              -52.31608,
              14.90835,
              20.30179
            ],
            "0.5833": [
              -78.56608,
              14.90835,
              20.30179
            ],
            "0.7917": [
              -4.81608,
              14.90835,
              20.30179
            ],
            "1.1667": [
              -4.82,
              14.91,
              20.3
            ],
            "1.25": [
              -59.91,
              7.455,
              22.65
            ],
            "1.3333": [
              -5,
              0,
              25
            ]
          }
        },
        "right_arm2": {
          "rotation": {
            "0.0": [
              0,
              0,
              0
            ],
            "0.125": [
              0,
              0,
              0
            ],
            "0.3333": [
              0,
              0,
              -20
            ],
            "0.5417": [
              -30,
              0,
              -20
            ],
            "1.1667": [
              -30,
              0,
              -20
            ],
            "1.4167": [
              -27.5,
              0,
              0
            ]
          }
        },
        "necklace": {
          "rotation": {
            "0.0": [
              0,
              0,
              0
            ],
            "0.2083": [
              -27.5,
              0,
              0
            ],
            "0.375": [
              -10,
              0,
              0
            ],
            "0.5417": [
              -110,
              0,
              0
            ],
            "0.75": [
              -5,
              0,
              0
            ],
            "0.8333": [
              -35,
              0,
              0
            ],
            "0.9583": [
              -2.5,
              0,
              0
            ],
            "1.1667": [
              -2.5,
              0,
              0
            ],
            "1.3333": [
              -7.5,
              0,
              40
            ]
          }
        },
        "head": {
          "rotation": {
            "0.0": [
              0,
              0,
              0
            ],
            "0.125": [
              52.5,
              0,
              0
            ],
            "0.3333": [
              45,
              0,
              0
            ],
            "0.625": [
              -32.5,
              0,
              0
            ],
            "0.9167": [
              -52.33757,
              -19.20748,
              -29.83757
            ],
            "1.1667": [
              -52.34,
              -19.21,
              -29.84
            ],
            "1.2917": [
              16.33,
              7.895,
              -14.92
            ],
            "1.4167": [
              -10,
              35,
              0
            ]
          }
        },
        "ears": {
          "rotation": {
            "0.0": [
              0,
              0,
              0
            ],
            "0.125": [
              0,
              55,
              0
            ],
            "0.3333": [
              0,
              62.5,
              0
            ],
            "0.5417": [
              0,
              -50,
              0
            ],
            "0.7083": [
              -85.16258,
              -35.00058,
              81.39461
            ],
            "0.8333": [
              -81.08866,
              -32.97332,
              68.40658
            ],
            "1.1667": [
              -81.09,
              -32.97,
              68.41
            ],
            "1.2917": [
              -16.90365,
              9.58801,
              -14.16538
            ],
            "1.4167": [
              0,
              -65,
              0
            ]
          }
        },
        "ears2": {
          "rotation": {
            "0.0": [
              0,
              0,
              0
            ],
            "0.125": [
              0,
              -50,
              0
            ],
            "0.3333": [
              0,
              -72.5,
              0
            ],
            "0.5417": [
              3.75328,
              19.37665,
              40.05191
            ],
            "0.7083": [
              -15.05717,
              76.23319,
              -90.98919
            ],
            "0.8333": [
              0.98961,
              59.57791,
              -68.55706
            ],
            "1.1667": [
              0.99,
              59.58,
              -68.56
            ],
            "1.2917": [
              11.4575,
              -62.35593,
              -87.32451
            ],
            "1.4167": [
              0,
              0,
              -77.5
            ]
          }
        },
        "tail": {
          "rotation": {
            "0.0": [
              0,
              0,
              0
            ],
            "0.125": [
              -40,
              0,
              0
            ],
            "0.3333": [
              0,
              0,
              0
            ],
            "0.5417": [
              60,
              0,
              0
            ],
            "1.1667": [
              60,
              0,
              0
            ],
            "1.3333": [
              54.27121,
              -62.08407,
              9.50457
            ],
            "1.4583": [
              0,
              0,
              0
            ]
          }
        },
        "left_arm": {
          "rotation": {
            "0.0": [
              0,
              0,
              0
            ],
            "0.125": [
              -25,
              0,
              0
            ],
            "0.3333": [
              -40,
              0,
              0
            ],
            "0.4583": [
              -57.99794,
              -19.3546,
              -11.70092
            ],
            "0.5833": [
              -77.99794,
              -19.3546,
              -11.70092
            ],
            "0.7917": [
              27.00206,
              -19.3546,
              -11.70092
            ],
            "1.1667": [
              27,
              -19.35,
              -11.7
            ],
            "1.2917": [
              -71.5,
              -9.675,
              -18.35
            ],
            "1.4167": [
              0,
              0,
              -25
            ]
          }
        },
        "left_arm2": {
          "rotation": {
            "0.0": [
              0,
              0,
              0
            ],
            "0.125": [
              0,
              0,
              0
            ],
            "0.3333": [
              0,
              0,
              20
            ],
            "0.5417": [
              -37.5,
              0,
              20
            ],
            "1.1667": [
              -37.5,
              0,
              20
            ],
            "1.4583": [
              0,
              0,
              -35
            ]
          }
        },
        "left_leg": {
          "rotation": {
            "0.0": [
              0,
              0,
              0
            ],
            "0.125": [
              0,
              0,
              7.5
            ],
            "0.3333": [
              -13.77962,
              5.37241,
              31.16956
            ],
            "0.5": [
              -51.27962,
              5.37241,
              31.16956
            ],
            "1.1667": [
              -51.28,
              5.37,
              31.17
            ],
            "1.4167": [
              -72.5,
              0,
              0
            ]
          }
        },
        "left_toe": {
          "rotation": {
            "0.0": [
              0,
              0,
              0
            ],
            "0.125": [
              7.5,
              0,
              -27.5
            ],
            "0.3333": [
              22.5,
              0,
              -67.5
            ],
            "0.5833": [
              -37.5,
              0,
              -67.5
            ],
            "0.7083": [
              -12.5,
              0,
              -67.5
            ],
            "1.1667": [
              -12.5,
              0,
              -67.5
            ],
            "1.2917": [
              -61.92825,
              -2.54421,
              -45.31758
            ],
            "1.4167": [
              13.64973,
              -6.27967,
              -118.25231
            ]
          }
        }
      }
    },
    "animation.unicorn.dead": {
      "loop": true,
      "bones": {
        "catnap": {
          "rotation": [
            -20,
            0,
            0
          ],
          "position": [
            0,
            -17,
            0
          ]
        },
        "right_leg": {
          "rotation": [
            -81.16056,
            -13.7874,
            -6.77373
          ]
        },
        "right_toe": {
          "rotation": [
            18.31037,
            4.40037,
            120.28689
          ]
        },
        "base3": {
          "rotation": [
            -46.50931,
            -11.00072,
            -10.26078
          ],
          "position": [
            0,
            -3,
            0
          ]
        },
        "base2": {
          "rotation": [
            -2.5,
            0,
            0
          ]
        },
        "right_arm": {
          "rotation": [
            -5,
            0,
            25
          ]
        },
        "right_arm2": {
          "rotation": [
            -27.5,
            0,
            0
          ]
        },
        "necklace": {
          "rotation": [
            -7.5,
            0,
            40
          ]
        },
        "head": {
          "rotation": [
            -10,
            35,
            0
          ]
        },
        "ears": {
          "rotation": [
            0,
            -65,
            0
          ]
        },
        "ears2": {
          "rotation": [
            0,
            0,
            -77.5
          ]
        },
        "left_arm": {
          "rotation": [
            0,
            0,
            -25
          ]
        },
        "left_arm2": {
          "rotation": [
            0,
            0,
            -35
          ]
        },
        "left_leg": {
          "rotation": [
            -72.5,
            0,
            0
          ]
        },
        "left_toe": {
          "rotation": [
            13.64973,
            -6.27967,
            -118.25231
          ]
        }
      }
    }
  }
}