{"format_version":"1.10.0","minecraft:entity":{"description":{"identifier":"loled:scar_bullet","is_spawnable":false,"is_summonable":true,"is_experimental":false,"runtime_identifier":"minecraft:egg","scripts":{"animate":["data"]},"animations":{"data":"controller.animation.fire"}},"components":{"minecraft:type_family":{"family":["bullet"]},"minecraft:physics":{},"minecraft:projectile":{"on_hit":{"impact_damage":{"damage":[0,1],"knockback":false,"destroyonhit":true},"remove_on_hit":{}},"gravity":0,"power":1}}}}