{
	"format_version": "1.16.100",
	"minecraft:item": {
		"description": {
			"identifier": "jjk:abilityswitch"
		},
		"components": {
			"minecraft:render_offsets": {
				"main_hand": {
					"first_person": {
						"scale": [
							0,
							0,
							0
						]
					},
					"third_person": {
						"scale": [
							0,
							0,
							0
						]
					}
				}
			},
			"minecraft:max_stack_size": 1,
			"minecraft:display_name": {
				"value": "Switch Abilities"
			},
			"minecraft:icon": {
				"texture": "abilityswitch"
			},
			"minecraft:allow_off_hand": true,
			"minecraft:on_use": {
				"on_use": {
					"event": "abilityswitch"
				}
			}
		},
		"events": {
			"abilityswitch": {
				"run_command": {
					"command": [
						"function main/abilityswitch"
					]
				}
			}
		}
	}
}