{
	"format_version": "1.16.100",
	"minecraft:item": {
		"description": {
			"identifier": "jjk:gojo_clothes",
			"category": "equipment"
		},
		"components": {
			"minecraft:max_stack_size": 1,
			"minecraft:enchantable": {
				"value": 9,
				"slot": "armor_torso"
			},
			"minecraft:durability": {
				"max_durability": 1000,
				"damage_chance": {
					"min": 60,
					"max": 100
				}
			},
			"minecraft:icon": {
				"texture": "gojo_clothes"
			},
			"minecraft:render_offsets": "chestplates",
			"minecraft:armor": {
				"protection": 10
			},
			"minecraft:wearable": {
				"slot": "slot.armor.chest"
			},
			"minecraft:display_name": {
				"value": "Gojo Clothes"
			},
			"minecraft:creative_category": {
				"parent": "itemGroup.name.chestplate"
			}
		},
		"events": {}
	}
}