{
	"format_version": "1.16.100",
	"minecraft:item": {
		"description": {
			"identifier": "jjk:hinventory",
			"category": "equipment"
		},
		"components": {
			"minecraft:max_stack_size": 1,
			"minecraft:enchantable": {
				"value": 9,
				"slot": "armor_legs"
			},
			"minecraft:durability": {
				"max_durability": 1000,
				"damage_chance": {
					"min": 60,
					"max": 100
				}
			},
			"minecraft:icon": {
				"texture": "hinventory"
			},
			"minecraft:render_offsets": "boots",
			"minecraft:armor": {
				"protection": 3
			},
			"minecraft:wearable": {
				"slot": "slot.armor.feet"
			},
			"minecraft:display_name": {
				"value": "Hidden Inventory"
			},
			"minecraft:creative_category": {
				"parent": "itemGroup.name.chestplate"
			}
		},
		"events": {}
	}
}