{
	"format_version": "1.16.100",
	"minecraft:item": {
		"description": {
			"identifier": "jjk:invertedspear"
		},
		"components": {
			"minecraft:creative_category": {
				"parent": "itemGroup.name.sword"
			},
			"minecraft:weapon": {},
			"minecraft:damage": 10,
			"minecraft:max_stack_size": 1,
			"minecraft:display_name": {
				"value": "Inverted Spear of Heaven"
			},
			"minecraft:icon": {
				"texture": "invertedspear"
			},
			"minecraft:allow_off_hand": true,
			"minecraft:on_use": {
				"on_use": {
					"event": "invertedspear"
				}
			}
		},
		"events": {
			"invertedspear": {
				"run_command": {
					"command": [
						"tag @s add invertedspearuse"
					]
				}
			}
		}
	}
}