{
	"format_version": "1.16.100",
	"minecraft:item": {
		"description": {
			"identifier": "jjk:jjktoken"
		},
		"components": {
			"minecraft:max_stack_size": 1,
			"minecraft:display_name": {
				"value": "§1Reroll Token"
			},
			"minecraft:icon": {
				"texture": "jjktoken"
			},
			"minecraft:allow_off_hand": true,
			"minecraft:on_use": {
				"on_use": {
					"event": "jjktoken"
				}
			}
		},
		"events": {
			"jjktoken": {
				"run_command": {
					"command": [
						"function main/reroll"
					]
				}
			}
		}
	}
}