{
  "namespace": "hud",
  "hud_actionbar_text": {
    "type": "image",
    "size": ["100%c + 12px", "100%c + 5px"],
    "offset": [0, "50%-68px"],
    "texture": "",
    "alpha": "@hud.anim_actionbar_text_background_alpha_out",
    "controls": [
      {
        "actionbar_message": {
          "type": "label",
          "anchor_from": "center",
          "anchor_to": "center",
          "color": "$tool_tip_text",
          "layer": 1,
          "text": "$actionbar_text",
          "font_type": "smooth",
          "localize": false,
          "alpha": "@hud.anim_actionbar_text_alpha_out"
        }
      }
    ]
  }
}
