{"format_version":"1.8.0","minecraft:entity":{"description":{"identifier":"yg:tv_man","is_spawnable":true,"is_summonable":true,"is_experimental":false},"component_groups":{"minecraft:get_calm":{"minecraft:on_target_acquired":{"event":"minecraft:get_angry","target":"self"},"minecraft:variant":{"value":0}},"minecraft:get_angry":{"minecraft:on_target_escape":{"event":"minecraft:get_calm","target":"self"},"minecraft:area_attack":{"damage_range":15,"damage_per_tick":15,"cause":"contact","entity_filter":{"all_of":[{"test":"is_family","subject":"other","value":"alliance","operator":"!="}]}},"minecraft:variant":{"value":1}}},"components":{"minecraft:nameable":{},"minecraft:type_family":{"family":["mob","alliance","Ζθριεφατο","tv_man"]},"minecraft:collision_box":{"width":0.6,"height":1.6},"minecraft:scale":{"value":1},"minecraft:health":{"value":250,"max":250},"minecraft:movement":{"value":0.25},"minecraft:movement.basic":{},"minecraft:behavior.float":{"priority":1},"minecraft:jump.static":{},"minecraft:can_climb":{},"minecraft:physics":{},"minecraft:pushable":{"is_pushable":true,"is_pushable_by_piston":true},"minecraft:navigation.walk":{"avoid_damage_blocks":false,"can_walk":true,"avoid_water":false,"can_path_over_water":true,"can_pass_doors":true,"can_break_doors":true,"can_open_doors":true,"can_open_iron_doors":true},"minecraft:behavior.random_look_around":{"priority":9},"minecraft:behavior.hurt_by_target":{"priority":1},"minecraft:behavior.look_at_player":{"priority":8,"look_distance":6,"probability":0.02},"minecraft:behavior.random_stroll":{"priority":7,"speed_multiplier":1},"minecraft:knockback_resistance":{"value":0.8},"minecraft:damage_sensor":{"on_damage":{"filters":{"test":"is_family","subject":"other","value":"a_parasite"},"event":"minecraft:infected_event"},"deals_damage":true},"minecraft:follow_range":{"value":30,"max":30},"minecraft:teleport":{"random_teleports":true,"max_random_teleport_time":30,"random_teleport_cube":[15,15,15],"target_distance":15,"target_teleport_chance":0.05,"light_teleport_chance":0.05},"minecraft:behavior.restrict_open_door":{"priority":5},"minecraft:behavior.move_indoors":{"priority":4,"speed_multiplier":0.8},"minecraft:annotation.open_door":{},"minecraft:behavior.open_door":{"priority":6,"close_door_after":true},"minecraft:behavior.nearest_attackable_target":{"priority":2,"must_see":true,"reselect_targets":true,"within_radius":35,"must_see_forget_duration":15,"entity_types":[{"filters":{"any_of":[{"test":"is_family","subject":"other","value":"monster"},{"test":"is_family","subject":"other","value":"undead"},{"test":"is_family","subject":"other","value":"warden"},{"test":"is_family","subject":"other","value":"illager"},{"test":"is_family","subject":"other","value":"infected"},{"test":"is_family","subject":"other","value":"toiletskibidis"}]},"max_dist":35}]},"minecraft:behavior.melee_attack":{"priority":3,"track_target":true,"speed_multiplier":1.26},"minecraft:attack":{"damage":25,"effect_name":"blindness","effect_duration":5},"minecraft:loot":{"table":"loot_tables/entities/null.json"},"minecraft:leashable":{"soft_distance":4,"hard_distance":6,"max_distance":10,"can_be_stolen":true},"minecraft:is_hidden_when_invisible":{}},"events":{"minecraft:entity_spawned":{"add":{"component_groups":["minecraft:get_calm"]}},"minecraft:get_angry":{"add":{"component_groups":["minecraft:get_angry"]},"remove":{"component_groups":["minecraft:get_calm"]}},"minecraft:get_calm":{"add":{"component_groups":["minecraft:get_calm"]},"remove":{"component_groups":["minecraft:get_angry"]}}}}}