{
  "resource_pack_name": "Christmas Time! res",
  "texture_name": "atlas.terrain",
  "padding": 128,
  "num_mip_levels": 0,
  "texture_data": {
    "gingerbread": {
      "textures": "textures/christmas/gingerbread"
    },
    "icicles": {
      "textures": "textures/blocks/blue_ice"
    },
    "stockinggreen": {
      "textures": "textures/christmas/stockinggreen"
    },
    "stockingred": {
      "textures": "textures/christmas/stockingred"
    },
    "present": {
      "textures": "textures/christmas/tree"
    },
    "light": {
      "textures": "textures/christmas/light"
    }
  }
}