{
	"format_version": "1.10.0",
	"particle_effect": {
		"description": {
			"identifier": "j:bansyo_mizu",
			"basic_render_parameters": {
				"material": "particles_blend",
				"texture": "textures/particle/tokusa/mizu"
			}
		},
		"curves": {
			"variable.rainbow": {
				"type": "catmull_rom",
				"input": "variable.particle_random_2",
				"horizontal_range": 1,
				"nodes": [1, 0, 1, 1.18]
			},
			"variable.psize": {
				"type": "catmull_rom",
				"input": "variable.particle_age",
				"horizontal_range": "variable.particle_lifetime",
				"nodes": [0, 0, 1, 0, 0]
			}
		},
		"components": {
			"minecraft:emitter_initialization": {
				"creation_expression": "variable.radius = 4;"
			},
			"minecraft:emitter_rate_steady": {
				"spawn_rate": 500,
				"max_particles": 5000
			},
			"minecraft:emitter_lifetime_once": {
				"active_time": 1
			},
			"minecraft:emitter_shape_disc": {
				"offset": ["variable.particle_random_3*2-1", "(variable.particle_random_2*4-2)*(1.5-v.emitter_age*1.5)", "math.cos(variable.emitter_age * 90)*2 *(5-variable.particle_random_2)-4*2.5"],
				"radius": 1,
				"direction": "outwards"
			},
			"minecraft:particle_lifetime_expression": {
				"max_lifetime": 1.5
			},
			"minecraft:particle_initial_spin": {
				"rotation": "Math.random(-1000,1000)"
			},
			"minecraft:particle_initial_speed": 6,
			"minecraft:particle_motion_dynamic": {
				"linear_acceleration": [0, 1, 0]
			},
			"minecraft:particle_appearance_billboard": {
				"size": ["(0.8+0.3*v.particle_random_1)*v.psize", "(0.8+0.3*v.particle_random_1)*v.psize"],
				"facing_camera_mode": "rotate_xyz",
				"uv": {
					"texture_width": 1,
					"texture_height": 1,
					"uv": [0, 0],
					"uv_size": [1, 1]
				}
			},
			"minecraft:particle_appearance_tinting": {
				"color": {
					"interpolant": "variable.rainbow",
					"gradient": {
						"0.0": "#FF52B5DD",
						"0.53": "#FF2B64C1",
						"1.0": "#ffffffff"
					}
				}
			}
		}
	}
}