{
	"format_version": "1.10.0",
	"particle_effect": {
		"description": {
			"identifier": "j:kango_aneitei_particle",
			"basic_render_parameters": {
				"material": "particles_alpha",
				"texture": "textures/particle/particles"
			}
		},
		"components": {
			"minecraft:emitter_rate_steady": {
				"spawn_rate": 500,
				"max_particles": 1000
			},
			"minecraft:emitter_lifetime_looping": {
				"active_time": 1
			},
			"minecraft:emitter_shape_disc": {
				"offset": [0, 0.2, 0],
				"radius": 15,
				"direction": "outwards"
			},
			"minecraft:particle_lifetime_expression": {
				"max_lifetime": 0.5
			},
			"minecraft:particle_initial_spin": {
				"rotation": "Math.random(0,360)"
			},
			"minecraft:particle_initial_speed": "Math.random(15, 20)",
			"minecraft:particle_motion_dynamic": {
				"linear_acceleration": [0, -1, 0],
				"linear_drag_coefficient": 0.2
			},
			"minecraft:particle_appearance_billboard": {
				"size": ["0.2+0.15*v.particle_random_1", "0.2+0.15*v.particle_random_1"],
				"facing_camera_mode": "rotate_xyz",
				"uv": {
					"texture_width": 128,
					"texture_height": 128,
					"flipbook": {
						"base_UV": [64, 0],
						"size_UV": [8, 8],
						"step_UV": [-8, 0],
						"max_frame": 8,
						"stretch_to_lifetime": true
					}
				}
			},
			"minecraft:particle_appearance_tinting": {
				"color": ["Math.clamp(v.particle_random_1*0.1, 0, 1)", "Math.clamp(v.particle_random_1*0.1, 0, 1)", "Math.clamp(v.particle_random_1*0.1, 0, 1)", 1]
			}
		}
	}
}