{
	"format_version": "1.10.0",
	"particle_effect": {
		"description": {
			"identifier": "j:nue_kaminari",
			"basic_render_parameters": {
				"material": "particles_blend",
				"texture": "textures/particle/kaminari"
			}
		},
		"components": {
			"minecraft:emitter_rate_steady": {
				"spawn_rate": 30,
				"max_particles": 1000
			},
			"minecraft:emitter_lifetime_once": {
				"active_time": 1
			},
			"minecraft:emitter_shape_box": {
				"half_dimensions": [3, 1, 1],
				"offset": [0, 1, 0],
				"direction": "outwards"
			},
			"minecraft:particle_lifetime_expression": {
				"max_lifetime": 0.1
			},
			"minecraft:particle_initial_spin": {
				"rotation": "Math.random(-30,30)"
			},
			"minecraft:particle_initial_speed": 0,
			"minecraft:particle_motion_dynamic": {},
			"minecraft:particle_appearance_billboard": {
				"size": ["1.35+v.particle_random_3/1.2", 0.6],
				"facing_camera_mode": "rotate_xyz",
				"uv": {
					"texture_width": 768,
					"texture_height": 256,
					"flipbook": {
						"base_UV": [0, "v.particle_random_2 < 0.25 ? 0 : (v.particle_random_2 < 0.5 ? 64 : (v.particle_random_2 < 0.75 ? 128 : 192))"],
						"size_UV": [64, 64],
						"step_UV": [64, 0],
						"frames_per_second": 40,
						"max_frame": "v.particle_random_2 < 0.5 ? 9 : (v.particle_random_2 < 0.75 ? 10 : 12)",
						"loop": true
					}
				}
			},
			"minecraft:particle_appearance_lighting": {}
		}
	}
}