{
	"format_version": "1.16.100",
	"minecraft:item": {
		"description": {
			"category": "nature",
			"identifier": "bb:blow_dynamite"
		},
		"components": {
			"minecraft:creative_category": {
				"parent": "itemGroup.name.snowball"
			},
			"minecraft:max_stack_size": 16,
			"minecraft:icon": {
				"texture": "bb_blow_dynamite"
			},
			"minecraft:throwable": {
				"do_swing_animation": true,
				"launch_power_scale": 1
			},
			"minecraft:projectile": {
				"projectile_entity": "bb:blow_dynamite_projectile"
			}
		}
	}
}