{
  "resource_pack_name": "vanilla",
  "texture_name": "atlas.items",
  "texture_data": {
    "wmb": {
      "textures": "textures/items/wmb"
    },
    "scb": {
      "textures": "textures/items/scb"
    },
    "omb": {
      "textures": "textures/items/omb"
    },
    "pb": {
      "textures": "textures/items/pb"
    },
    "csb": {
      "textures": "textures/items/csb"
    },
    "rcb": {
      "textures": "textures/items/rcb"
    },
    "trophy": {
      "textures": "textures/items/trophytextures"
    }
  }
}
