{
	"format_version": "1.12.0",
	"minecraft:geometry": [
		{
			"description": {
				"identifier": "geometry.daruma_jurei",
				"texture_width": 128,
				"texture_height": 128,
				"visible_bounds_width": 5,
				"visible_bounds_height": 16,
				"visible_bounds_offset": [0, 7, 0]
			},
			"bones": [
				{
					"name": "root",
					"pivot": [0, 0, 0]
				},
				{
					"name": "daruma_jurei",
					"parent": "root",
					"pivot": [0, 0, 0],
					"cubes": [
						{
							"origin": [-12, -2, -8],
							"size": [24, 26, 16],
							"uv": {
								"north": {"uv": [2, 2], "uv_size": [12, 12]},
								"east": {"uv": [2, 2], "uv_size": [12, 12]},
								"south": {"uv": [2, 2], "uv_size": [12, 12]},
								"west": {"uv": [2, 2], "uv_size": [12, 12]},
								"up": {"uv": [14, 14], "uv_size": [-12, -12]},
								"down": {"uv": [14, 14], "uv_size": [-12, -12]}
							}
						},
						{
							"origin": [-9.9101, 5.74117, -12],
							"size": [21, 18.425, 24],
							"pivot": [-0.9101, 0.16617, -4],
							"rotation": [0, 0, 12.5],
							"uv": {
								"north": {"uv": [2, 2], "uv_size": [12, 12]},
								"east": {"uv": [2, 2], "uv_size": [12, 12]},
								"south": {"uv": [2, 2], "uv_size": [12, 12]},
								"west": {"uv": [2, 2], "uv_size": [12, 12]},
								"up": {"uv": [14, 14], "uv_size": [-12, -12]},
								"down": {"uv": [14, 14], "uv_size": [-12, -12]}
							}
						},
						{
							"origin": [-11.0899, 5.74117, -12],
							"size": [21, 18.425, 24],
							"pivot": [0.9101, 0.16617, -4],
							"rotation": [0, 0, -12.5],
							"uv": {
								"north": {"uv": [2, 2], "uv_size": [12, 12]},
								"east": {"uv": [2, 2], "uv_size": [12, 12]},
								"south": {"uv": [2, 2], "uv_size": [12, 12]},
								"west": {"uv": [2, 2], "uv_size": [12, 12]},
								"up": {"uv": [14, 14], "uv_size": [-12, -12]},
								"down": {"uv": [14, 14], "uv_size": [-12, -12]}
							}
						},
						{
							"origin": [-12, 5.74117, -9.9101],
							"size": [24, 18.425, 21],
							"pivot": [-4, 0.16617, -0.9101],
							"rotation": [-12.5, 0, 0],
							"uv": {
								"north": {"uv": [2, 2], "uv_size": [12, 12]},
								"east": {"uv": [2, 2], "uv_size": [12, 12]},
								"south": {"uv": [2, 2], "uv_size": [12, 12]},
								"west": {"uv": [2, 2], "uv_size": [12, 12]},
								"up": {"uv": [14, 14], "uv_size": [-12, -12]},
								"down": {"uv": [14, 14], "uv_size": [-12, -12]}
							}
						},
						{
							"origin": [-8, -2, -12],
							"size": [16, 26, 24],
							"uv": {
								"north": {"uv": [2, 2], "uv_size": [12, 12]},
								"east": {"uv": [2, 2], "uv_size": [12, 12]},
								"south": {"uv": [2, 2], "uv_size": [12, 12]},
								"west": {"uv": [2, 2], "uv_size": [12, 12]},
								"up": {"uv": [14, 14], "uv_size": [-12, -12]},
								"down": {"uv": [14, 14], "uv_size": [-12, -12]}
							}
						},
						{
							"origin": [4.17336, 33.75679, -9.975],
							"size": [19.525, 27.475, 19.975],
							"pivot": [14.17336, -0.76821, -6],
							"rotation": [0, 0, -12.5],
							"uv": {
								"north": {"uv": [2, 2], "uv_size": [12, 12]},
								"east": {"uv": [2, 2], "uv_size": [12, 12]},
								"south": {"uv": [2, 2], "uv_size": [12, 12]},
								"west": {"uv": [2, 2], "uv_size": [12, 12]},
								"up": {"uv": [14, 14], "uv_size": [-12, -12]},
								"down": {"uv": [14, 14], "uv_size": [-12, -12]}
							}
						},
						{
							"origin": [23.79836, 33.75679, -10],
							"size": [0, 26.475, 20],
							"pivot": [14.17336, -0.76821, -6],
							"rotation": [0, 0, -12.5],
							"uv": {
								"north": {"uv": [128, 4], "uv_size": [0, -4]},
								"east": {"uv": [128, 4], "uv_size": [0, -4]},
								"south": {"uv": [128, 4], "uv_size": [0, -4]},
								"west": {"uv": [35, 33], "uv_size": [27, 26]},
								"up": {"uv": [128, 0], "uv_size": [0, 4]},
								"down": {"uv": [128, 0], "uv_size": [0, 4]}
							}
						},
						{
							"origin": [-23.79836, 33.75679, -10],
							"size": [0, 26.475, 20],
							"pivot": [-14.17336, -0.76821, -6],
							"rotation": [0, 0, 12.5],
							"uv": {
								"north": {"uv": [128, 4], "uv_size": [0, -4]},
								"east": {"uv": [62, 33], "uv_size": [-27, 26]},
								"south": {"uv": [128, 4], "uv_size": [0, -4]},
								"west": {"uv": [128, 4], "uv_size": [0, -4]},
								"up": {"uv": [128, 0], "uv_size": [0, 4]},
								"down": {"uv": [128, 0], "uv_size": [0, 4]}
							}
						},
						{
							"origin": [-23.69836, 33.75679, -9.975],
							"size": [19.525, 27.475, 19.975],
							"pivot": [-14.17336, -0.76821, -6],
							"rotation": [0, 0, 12.5],
							"uv": {
								"north": {"uv": [2, 2], "uv_size": [12, 12]},
								"east": {"uv": [2, 2], "uv_size": [12, 12]},
								"south": {"uv": [2, 2], "uv_size": [12, 12]},
								"west": {"uv": [2, 2], "uv_size": [12, 12]},
								"up": {"uv": [14, 14], "uv_size": [-12, -12]},
								"down": {"uv": [14, 14], "uv_size": [-12, -12]}
							}
						},
						{
							"origin": [-9.5, 33.75679, 4.17336],
							"size": [19, 26.475, 19.525],
							"pivot": [-6, -0.76821, 14.17336],
							"rotation": [12.5, 0, 0],
							"uv": {
								"north": {"uv": [2, 2], "uv_size": [12, 12]},
								"east": {"uv": [2, 2], "uv_size": [12, 12]},
								"south": {"uv": [2, 2], "uv_size": [12, 12]},
								"west": {"uv": [2, 2], "uv_size": [12, 12]},
								"up": {"uv": [14, 14], "uv_size": [-12, -12]},
								"down": {"uv": [14, 14], "uv_size": [-12, -12]}
							}
						},
						{
							"origin": [0, 33.75679, 23.94836],
							"size": [10, 27.475, 0],
							"pivot": [-6, -0.76821, 14.17336],
							"rotation": [12.5, 0, 0],
							"uv": {
								"north": {"uv": [128, 0], "uv_size": [0, 0]},
								"east": {"uv": [128, 0], "uv_size": [0, 0]},
								"south": {"uv": [35, 33], "uv_size": [28, 27]},
								"west": {"uv": [128, 0], "uv_size": [0, 0]},
								"up": {"uv": [128, 0], "uv_size": [0, 0]},
								"down": {"uv": [128, 0], "uv_size": [0, 0]}
							}
						},
						{
							"origin": [-10, 33.75679, 23.94836],
							"size": [10, 27.475, 0],
							"pivot": [6, -0.76821, 14.17336],
							"rotation": [12.5, 0, 0],
							"uv": {
								"north": {"uv": [128, 0], "uv_size": [0, 0]},
								"east": {"uv": [128, 0], "uv_size": [0, 0]},
								"south": {"uv": [63, 33], "uv_size": [-28, 27]},
								"west": {"uv": [128, 0], "uv_size": [0, 0]},
								"up": {"uv": [128, 0], "uv_size": [0, 0]},
								"down": {"uv": [128, 0], "uv_size": [0, 0]}
							}
						},
						{
							"origin": [-10, 39.75679, -23.69836],
							"size": [1.5, 12.475, 19.525],
							"pivot": [-6, -0.76821, -14.17336],
							"rotation": [-12.5, 0, 0],
							"uv": {
								"north": {"uv": [2, 2], "uv_size": [12, 12]},
								"east": {"uv": [2, 2], "uv_size": [12, 12]},
								"south": {"uv": [2, 2], "uv_size": [12, 12]},
								"west": {"uv": [2, 2], "uv_size": [12, 12]},
								"up": {"uv": [14, 14], "uv_size": [-12, -12]},
								"down": {"uv": [14, 14], "uv_size": [-12, -12]}
							}
						},
						{
							"origin": [-9.75, 40.50679, -23.94836],
							"size": [1.25, 11.725, 19.775],
							"pivot": [-6, -0.76821, -14.17336],
							"rotation": [-12.5, 0, 0],
							"uv": {
								"north": {"uv": [2, 98], "uv_size": [12, 12]},
								"east": {"uv": [2, 2], "uv_size": [12, 12]},
								"south": {"uv": [2, 2], "uv_size": [12, 12]},
								"west": {"uv": [2, 2], "uv_size": [12, 12]},
								"up": {"uv": [14, 14], "uv_size": [-12, -12]},
								"down": {"uv": [14, 14], "uv_size": [-12, -12]}
							}
						},
						{
							"origin": [8.5, 40.50679, -23.94836],
							"size": [1.25, 11.725, 19.775],
							"pivot": [6, -0.76821, -14.17336],
							"rotation": [-12.5, 0, 0],
							"uv": {
								"north": {"uv": [14, 98], "uv_size": [-12, 12]},
								"east": {"uv": [14, 2], "uv_size": [-12, 12]},
								"south": {"uv": [14, 2], "uv_size": [-12, 12]},
								"west": {"uv": [14, 2], "uv_size": [-12, 12]},
								"up": {"uv": [2, 14], "uv_size": [12, -12]},
								"down": {"uv": [2, 14], "uv_size": [12, -12]}
							}
						},
						{
							"origin": [8.5, 39.75679, -23.69836],
							"size": [1.5, 12.475, 19.525],
							"pivot": [-6, -0.76821, -14.17336],
							"rotation": [-12.5, 0, 0],
							"uv": {
								"north": {"uv": [2, 2], "uv_size": [12, 12]},
								"east": {"uv": [2, 2], "uv_size": [12, 12]},
								"south": {"uv": [2, 2], "uv_size": [12, 12]},
								"west": {"uv": [2, 2], "uv_size": [12, 12]},
								"up": {"uv": [14, 14], "uv_size": [-12, -12]},
								"down": {"uv": [14, 14], "uv_size": [-12, -12]}
							}
						},
						{
							"origin": [6.8, 52.00679, -23.69836],
							"size": [3.2, 8.225, 19.525],
							"pivot": [-6, -0.76821, -14.17336],
							"rotation": [-12.5, 0, 0],
							"uv": {
								"north": {"uv": [2, 2], "uv_size": [12, 12]},
								"east": {"uv": [2, 2], "uv_size": [12, 12]},
								"south": {"uv": [2, 2], "uv_size": [12, 12]},
								"west": {"uv": [2, 2], "uv_size": [12, 12]},
								"up": {"uv": [14, 14], "uv_size": [-12, -12]},
								"down": {"uv": [14, 14], "uv_size": [-12, -12]}
							}
						},
						{
							"origin": [-8.45, 38.50679, -23.19836],
							"size": [17.2, 20.725, 1],
							"pivot": [-6, -0.76821, -14.17336],
							"rotation": [-12.5, 0, 0],
							"uv": {
								"north": {"uv": [18, 2], "uv_size": [12, 12]},
								"east": {"uv": [18, 2], "uv_size": [12, 12]},
								"south": {"uv": [18, 2], "uv_size": [12, 12]},
								"west": {"uv": [18, 2], "uv_size": [12, 12]},
								"up": {"uv": [30, 14], "uv_size": [-12, -12]},
								"down": {"uv": [30, 14], "uv_size": [-12, -12]}
							}
						},
						{
							"origin": [-7.85, 41.50679, -23.44836],
							"size": [15.75, 15.75, 19.275],
							"pivot": [-6, -0.76821, -14.17336],
							"rotation": [-12.5, 0, 0],
							"uv": {
								"north": {"uv": [34, 2], "uv_size": [25, 25]},
								"east": {"uv": [116, 0], "uv_size": [12, 12]},
								"south": {"uv": [116, 0], "uv_size": [12, 12]},
								"west": {"uv": [116, 0], "uv_size": [12, 12]},
								"up": {"uv": [128, 12], "uv_size": [-12, -12]},
								"down": {"uv": [128, 12], "uv_size": [-12, -12]}
							}
						},
						{
							"origin": [-7.85, 37.50679, -23.44836],
							"size": [15.75, 6.75, 19.275],
							"pivot": [-6, -0.76821, -14.17336],
							"rotation": [-12.5, 0, 0],
							"uv": {
								"north": {"uv": [65, 2], "uv_size": [25, 25]},
								"east": {"uv": [116, 0], "uv_size": [12, 12]},
								"south": {"uv": [116, 0], "uv_size": [12, 12]},
								"west": {"uv": [116, 0], "uv_size": [12, 12]},
								"up": {"uv": [128, 12], "uv_size": [-12, -12]},
								"down": {"uv": [128, 12], "uv_size": [-12, -12]}
							}
						},
						{
							"origin": [-4.8, 49.4394, -12.3935],
							"size": [1.8, 3.175, 19.475],
							"pivot": [0, 51.23179, -14.17336],
							"rotation": [-12.2127, 2.68507, 12.2127],
							"uv": {
								"north": {"uv": [79, 18], "uv_size": [0, 0]},
								"east": {"uv": [79, 18], "uv_size": [0, 0]},
								"south": {"uv": [79, 18], "uv_size": [0, 0]},
								"west": {"uv": [79, 18], "uv_size": [0, 0]},
								"up": {"uv": [79, 18], "uv_size": [0, 0]},
								"down": {"uv": [79, 18], "uv_size": [0, 0]}
							}
						},
						{
							"origin": [-5.25, 48.9394, -12.1935],
							"size": [2.7, 4.225, 19.275],
							"pivot": [0, 51.23179, -14.17336],
							"rotation": [-12.2127, 2.68507, 12.2127],
							"uv": {
								"north": {"uv": [0, 124], "uv_size": [4, 4]},
								"east": {"uv": [0, 124], "uv_size": [4, 4]},
								"south": {"uv": [0, 124], "uv_size": [4, 4]},
								"west": {"uv": [0, 124], "uv_size": [4, 4]},
								"up": {"uv": [4, 128], "uv_size": [-4, -4]},
								"down": {"uv": [4, 128], "uv_size": [-4, -4]}
							}
						},
						{
							"origin": [3, 49.4394, -12.3935],
							"size": [1.8, 3.175, 19.475],
							"pivot": [0, 51.23179, -14.17336],
							"rotation": [-12.2127, -2.68507, -12.2127],
							"uv": {
								"north": {"uv": [79, 18], "uv_size": [0, 0]},
								"east": {"uv": [79, 18], "uv_size": [0, 0]},
								"south": {"uv": [79, 18], "uv_size": [0, 0]},
								"west": {"uv": [79, 18], "uv_size": [0, 0]},
								"up": {"uv": [79, 18], "uv_size": [0, 0]},
								"down": {"uv": [79, 18], "uv_size": [0, 0]}
							}
						},
						{
							"origin": [2.55, 48.9394, -12.1935],
							"size": [2.7, 4.225, 19.275],
							"pivot": [0, 51.23179, -14.17336],
							"rotation": [-12.2127, -2.68507, -12.2127],
							"uv": {
								"north": {"uv": [4, 124], "uv_size": [-4, 4]},
								"east": {"uv": [4, 124], "uv_size": [-4, 4]},
								"south": {"uv": [4, 124], "uv_size": [-4, 4]},
								"west": {"uv": [4, 124], "uv_size": [-4, 4]},
								"up": {"uv": [0, 128], "uv_size": [4, -4]},
								"down": {"uv": [0, 128], "uv_size": [4, -4]}
							}
						},
						{
							"origin": [-1.7, 49.8907, -11.93494],
							"size": [3.45, 3.025, 19.125],
							"pivot": [0, 51.23179, -13.84836],
							"rotation": [-25, 0, 0],
							"uv": {
								"north": {"uv": [18, 2], "uv_size": [12, 12]},
								"east": {"uv": [18, 2], "uv_size": [12, 12]},
								"south": {"uv": [18, 2], "uv_size": [12, 12]},
								"west": {"uv": [18, 2], "uv_size": [12, 12]},
								"up": {"uv": [30, 14], "uv_size": [-12, -12]},
								"down": {"uv": [30, 14], "uv_size": [-12, -12]}
							}
						},
						{
							"origin": [-1.7, 49.8907, -11.93494],
							"size": [3.45, 3.025, 19.125],
							"pivot": [0, 51.23179, -13.84836],
							"rotation": [-57.5, 0, 0],
							"uv": {
								"north": {"uv": [18, 2], "uv_size": [12, 12]},
								"east": {"uv": [18, 2], "uv_size": [12, 12]},
								"south": {"uv": [18, 2], "uv_size": [12, 12]},
								"west": {"uv": [18, 2], "uv_size": [12, 12]},
								"up": {"uv": [30, 14], "uv_size": [-12, -12]},
								"down": {"uv": [30, 14], "uv_size": [-12, -12]}
							}
						},
						{
							"origin": [-4, 33.75679, -23.69836],
							"size": [8, 3.475, 19.525],
							"pivot": [-6, -0.76821, -14.17336],
							"rotation": [-12.5, 0, 0],
							"uv": {
								"north": {"uv": [2, 2], "uv_size": [12, 12]},
								"east": {"uv": [2, 2], "uv_size": [12, 12]},
								"south": {"uv": [2, 2], "uv_size": [12, 12]},
								"west": {"uv": [2, 2], "uv_size": [12, 12]},
								"up": {"uv": [14, 14], "uv_size": [-12, -12]},
								"down": {"uv": [14, 14], "uv_size": [-12, -12]}
							}
						},
						{
							"origin": [-4.25, 37.00679, -23.94836],
							"size": [8.5, 1.225, 19.775],
							"pivot": [-6, -0.76821, -14.17336],
							"rotation": [-12.5, 0, 0],
							"uv": {
								"north": {"uv": [2, 98], "uv_size": [12, 12]},
								"east": {"uv": [2, 2], "uv_size": [12, 12]},
								"south": {"uv": [2, 2], "uv_size": [12, 12]},
								"west": {"uv": [2, 2], "uv_size": [12, 12]},
								"up": {"uv": [14, 14], "uv_size": [-12, -12]},
								"down": {"uv": [14, 14], "uv_size": [-12, -12]}
							}
						},
						{
							"origin": [4, 33.75679, -23.69836],
							"size": [6, 6.475, 19.525],
							"pivot": [-6, -0.76821, -14.17336],
							"rotation": [-12.5, 0, 0],
							"uv": {
								"north": {"uv": [2, 2], "uv_size": [12, 12]},
								"east": {"uv": [2, 2], "uv_size": [12, 12]},
								"south": {"uv": [2, 2], "uv_size": [12, 12]},
								"west": {"uv": [2, 2], "uv_size": [12, 12]},
								"up": {"uv": [14, 14], "uv_size": [-12, -12]},
								"down": {"uv": [14, 14], "uv_size": [-12, -12]}
							}
						},
						{
							"origin": [15.21114, 37.85085, -24.41524],
							"size": [5.475, 1.275, 19.775],
							"pivot": [5.21114, -2.87415, -14.64024],
							"rotation": [-12.08681, -3.21132, -14.65993],
							"uv": {
								"north": {"uv": [2, 98], "uv_size": [12, 12]},
								"east": {"uv": [2, 2], "uv_size": [12, 12]},
								"south": {"uv": [2, 2], "uv_size": [12, 12]},
								"west": {"uv": [2, 2], "uv_size": [12, 12]},
								"up": {"uv": [14, 14], "uv_size": [-12, -12]},
								"down": {"uv": [14, 14], "uv_size": [-12, -12]}
							}
						},
						{
							"origin": [7.42221, 38.59115, -23.87423],
							"size": [1.3, 2.975, 19.775],
							"pivot": [6.72221, -0.43385, -14.09923],
							"rotation": [-11.93845, -3.73171, -17.10967],
							"uv": {
								"north": {"uv": [14, 98], "uv_size": [-12, 12]},
								"east": {"uv": [14, 2], "uv_size": [-12, 12]},
								"south": {"uv": [14, 2], "uv_size": [-12, 12]},
								"west": {"uv": [14, 2], "uv_size": [-12, 12]},
								"up": {"uv": [2, 14], "uv_size": [12, -12]},
								"down": {"uv": [2, 14], "uv_size": [12, -12]}
							}
						},
						{
							"origin": [-8.72221, 38.59115, -23.87423],
							"size": [1.3, 2.975, 19.775],
							"pivot": [-6.72221, -0.43385, -14.09923],
							"rotation": [-11.93845, 3.73171, 17.10967],
							"uv": {
								"north": {"uv": [2, 98], "uv_size": [12, 12]},
								"east": {"uv": [2, 2], "uv_size": [12, 12]},
								"south": {"uv": [2, 2], "uv_size": [12, 12]},
								"west": {"uv": [2, 2], "uv_size": [12, 12]},
								"up": {"uv": [14, 14], "uv_size": [-12, -12]},
								"down": {"uv": [14, 14], "uv_size": [-12, -12]}
							}
						},
						{
							"origin": [-20.68614, 37.85085, -24.41524],
							"size": [5.475, 1.275, 19.775],
							"pivot": [-5.21114, -2.87415, -14.64024],
							"rotation": [-12.08681, 3.21132, 14.65993],
							"uv": {
								"north": {"uv": [14, 98], "uv_size": [-12, 12]},
								"east": {"uv": [14, 2], "uv_size": [-12, 12]},
								"south": {"uv": [14, 2], "uv_size": [-12, 12]},
								"west": {"uv": [14, 2], "uv_size": [-12, 12]},
								"up": {"uv": [2, 14], "uv_size": [12, -12]},
								"down": {"uv": [2, 14], "uv_size": [12, -12]}
							}
						},
						{
							"origin": [-10, 33.75679, -23.69836],
							"size": [6, 6.475, 19.525],
							"pivot": [6, -0.76821, -14.17336],
							"rotation": [-12.5, 0, 0],
							"uv": {
								"north": {"uv": [14, 2], "uv_size": [-12, 12]},
								"east": {"uv": [14, 2], "uv_size": [-12, 12]},
								"south": {"uv": [14, 2], "uv_size": [-12, 12]},
								"west": {"uv": [14, 2], "uv_size": [-12, 12]},
								"up": {"uv": [2, 14], "uv_size": [12, -12]},
								"down": {"uv": [2, 14], "uv_size": [12, -12]}
							}
						},
						{
							"origin": [-16, 21, -12],
							"size": [32, 14, 24],
							"uv": {
								"north": {"uv": [2, 2], "uv_size": [12, 12]},
								"east": {"uv": [2, 2], "uv_size": [12, 12]},
								"south": {"uv": [2, 2], "uv_size": [12, 12]},
								"west": {"uv": [2, 2], "uv_size": [12, 12]},
								"up": {"uv": [14, 14], "uv_size": [-12, -12]},
								"down": {"uv": [14, 14], "uv_size": [-12, -12]}
							}
						},
						{
							"origin": [16.25, 21, -12],
							"size": [0, 14, 24],
							"uv": {
								"north": {"uv": [128, 0], "uv_size": [0, 0]},
								"east": {"uv": [128, 0], "uv_size": [0, 0]},
								"south": {"uv": [128, 0], "uv_size": [0, 0]},
								"west": {"uv": [36, 62], "uv_size": [24, 20]},
								"up": {"uv": [128, 0], "uv_size": [0, 0]},
								"down": {"uv": [128, 0], "uv_size": [0, 0]}
							}
						},
						{
							"origin": [-16.25, 21, -12],
							"size": [0, 14, 24],
							"uv": {
								"north": {"uv": [128, 0], "uv_size": [0, 0]},
								"east": {"uv": [60, 62], "uv_size": [-24, 20]},
								"south": {"uv": [128, 0], "uv_size": [0, 0]},
								"west": {"uv": [128, 0], "uv_size": [0, 0]},
								"up": {"uv": [128, 0], "uv_size": [0, 0]},
								"down": {"uv": [128, 0], "uv_size": [0, 0]}
							}
						},
						{
							"origin": [0.32856, 9.6698, -0.57976],
							"size": [11.725, 16, 4],
							"pivot": [-1.21439, -10.59815, 2.18495],
							"rotation": [14.51082, 43.07952, 20.75357],
							"uv": {
								"north": {"uv": [2, 2], "uv_size": [12, 12]},
								"east": {"uv": [2, 2], "uv_size": [12, 12]},
								"south": {"uv": [2, 2], "uv_size": [12, 12]},
								"west": {"uv": [2, 2], "uv_size": [12, 12]},
								"up": {"uv": [14, 14], "uv_size": [-12, -12]},
								"down": {"uv": [14, 14], "uv_size": [-12, -12]}
							}
						},
						{
							"origin": [0.32856, 9.52933, -1.64514],
							"size": [11.725, 16, 1.075],
							"pivot": [-1.21439, -10.59815, 2.18495],
							"rotation": [7.01082, 43.07952, 20.75357],
							"uv": {
								"north": {"uv": [2, 2], "uv_size": [12, 12]},
								"east": {"uv": [2, 2], "uv_size": [12, 12]},
								"south": {"uv": [2, 2], "uv_size": [12, 12]},
								"west": {"uv": [2, 2], "uv_size": [12, 12]},
								"up": {"uv": [14, 14], "uv_size": [-12, -12]},
								"down": {"uv": [14, 14], "uv_size": [-12, -12]}
							}
						},
						{
							"origin": [0.32856, 16.1481, 9.73889],
							"size": [11.725, 8.8, 0.9],
							"pivot": [-1.21439, -10.59815, 2.18495],
							"rotation": [32.01082, 43.07952, 20.75357],
							"uv": {
								"north": {"uv": [2, 2], "uv_size": [12, 12]},
								"east": {"uv": [2, 2], "uv_size": [12, 12]},
								"south": {"uv": [2, 2], "uv_size": [12, 12]},
								"west": {"uv": [2, 2], "uv_size": [12, 12]},
								"up": {"uv": [14, 14], "uv_size": [-12, -12]},
								"down": {"uv": [14, 14], "uv_size": [-12, -12]}
							}
						},
						{
							"origin": [-12.05356, 9.6698, -0.57976],
							"size": [11.725, 16, 4],
							"pivot": [1.21439, -10.59815, 2.18495],
							"rotation": [14.51082, -43.07952, -20.75357],
							"uv": {
								"north": {"uv": [2, 2], "uv_size": [12, 12]},
								"east": {"uv": [2, 2], "uv_size": [12, 12]},
								"south": {"uv": [2, 2], "uv_size": [12, 12]},
								"west": {"uv": [2, 2], "uv_size": [12, 12]},
								"up": {"uv": [14, 14], "uv_size": [-12, -12]},
								"down": {"uv": [14, 14], "uv_size": [-12, -12]}
							}
						},
						{
							"origin": [-12.05356, 16.1481, 9.73889],
							"size": [11.725, 8.8, 0.9],
							"pivot": [1.21439, -10.59815, 2.18495],
							"rotation": [32.01082, -43.07952, -20.75357],
							"uv": {
								"north": {"uv": [2, 2], "uv_size": [12, 12]},
								"east": {"uv": [2, 2], "uv_size": [12, 12]},
								"south": {"uv": [2, 2], "uv_size": [12, 12]},
								"west": {"uv": [2, 2], "uv_size": [12, 12]},
								"up": {"uv": [14, 14], "uv_size": [-12, -12]},
								"down": {"uv": [14, 14], "uv_size": [-12, -12]}
							}
						},
						{
							"origin": [-12.05356, 9.52933, -1.64514],
							"size": [11.725, 16, 1.075],
							"pivot": [1.21439, -10.59815, 2.18495],
							"rotation": [7.01082, -43.07952, -20.75357],
							"uv": {
								"north": {"uv": [2, 2], "uv_size": [12, 12]},
								"east": {"uv": [2, 2], "uv_size": [12, 12]},
								"south": {"uv": [2, 2], "uv_size": [12, 12]},
								"west": {"uv": [2, 2], "uv_size": [12, 12]},
								"up": {"uv": [14, 14], "uv_size": [-12, -12]},
								"down": {"uv": [14, 14], "uv_size": [-12, -12]}
							}
						},
						{
							"origin": [-12.05356, 9.6698, -3.42024],
							"size": [11.725, 16, 4],
							"pivot": [1.21439, -10.59815, -2.18495],
							"rotation": [-14.51082, 43.07952, -20.75357],
							"uv": {
								"north": {"uv": [2, 2], "uv_size": [12, 12]},
								"east": {"uv": [2, 2], "uv_size": [12, 12]},
								"south": {"uv": [2, 2], "uv_size": [12, 12]},
								"west": {"uv": [2, 2], "uv_size": [12, 12]},
								"up": {"uv": [14, 14], "uv_size": [-12, -12]},
								"down": {"uv": [14, 14], "uv_size": [-12, -12]}
							}
						},
						{
							"origin": [-12.05356, 16.1481, -10.63889],
							"size": [11.725, 8.8, 0.9],
							"pivot": [1.21439, -10.59815, -2.18495],
							"rotation": [-32.01082, 43.07952, -20.75357],
							"uv": {
								"north": {"uv": [2, 2], "uv_size": [12, 12]},
								"east": {"uv": [2, 2], "uv_size": [12, 12]},
								"south": {"uv": [2, 2], "uv_size": [12, 12]},
								"west": {"uv": [2, 2], "uv_size": [12, 12]},
								"up": {"uv": [14, 14], "uv_size": [-12, -12]},
								"down": {"uv": [14, 14], "uv_size": [-12, -12]}
							}
						},
						{
							"origin": [-12.05356, 9.52933, 0.57014],
							"size": [11.725, 16, 1.075],
							"pivot": [1.21439, -10.59815, -2.18495],
							"rotation": [-7.01082, 43.07952, -20.75357],
							"uv": {
								"north": {"uv": [2, 2], "uv_size": [12, 12]},
								"east": {"uv": [2, 2], "uv_size": [12, 12]},
								"south": {"uv": [2, 2], "uv_size": [12, 12]},
								"west": {"uv": [2, 2], "uv_size": [12, 12]},
								"up": {"uv": [14, 14], "uv_size": [-12, -12]},
								"down": {"uv": [14, 14], "uv_size": [-12, -12]}
							}
						},
						{
							"origin": [0.32856, 9.6698, -3.42024],
							"size": [11.725, 16, 4],
							"pivot": [-1.21439, -10.59815, -2.18495],
							"rotation": [-14.51082, -43.07952, 20.75357],
							"uv": {
								"north": {"uv": [2, 2], "uv_size": [12, 12]},
								"east": {"uv": [2, 2], "uv_size": [12, 12]},
								"south": {"uv": [2, 2], "uv_size": [12, 12]},
								"west": {"uv": [2, 2], "uv_size": [12, 12]},
								"up": {"uv": [14, 14], "uv_size": [-12, -12]},
								"down": {"uv": [14, 14], "uv_size": [-12, -12]}
							}
						},
						{
							"origin": [0.32856, 16.1481, -10.63889],
							"size": [11.725, 8.8, 0.9],
							"pivot": [-1.21439, -10.59815, -2.18495],
							"rotation": [-32.01082, -43.07952, 20.75357],
							"uv": {
								"north": {"uv": [2, 2], "uv_size": [12, 12]},
								"east": {"uv": [2, 2], "uv_size": [12, 12]},
								"south": {"uv": [2, 2], "uv_size": [12, 12]},
								"west": {"uv": [2, 2], "uv_size": [12, 12]},
								"up": {"uv": [14, 14], "uv_size": [-12, -12]},
								"down": {"uv": [14, 14], "uv_size": [-12, -12]}
							}
						},
						{
							"origin": [0.32856, 9.52933, 0.57014],
							"size": [11.725, 16, 1.075],
							"pivot": [-1.21439, -10.59815, -2.18495],
							"rotation": [-7.01082, -43.07952, 20.75357],
							"uv": {
								"north": {"uv": [2, 2], "uv_size": [12, 12]},
								"east": {"uv": [2, 2], "uv_size": [12, 12]},
								"south": {"uv": [2, 2], "uv_size": [12, 12]},
								"west": {"uv": [2, 2], "uv_size": [12, 12]},
								"up": {"uv": [14, 14], "uv_size": [-12, -12]},
								"down": {"uv": [14, 14], "uv_size": [-12, -12]}
							}
						},
						{
							"origin": [-2.06728, 9.74255, -1.26671],
							"size": [11.725, 16, 1.075],
							"pivot": [-2.92721, -12.2117, 0.08357],
							"rotation": [7.01082, 43.07952, 20.75357],
							"uv": {
								"north": {"uv": [2, 2], "uv_size": [12, 12]},
								"east": {"uv": [2, 2], "uv_size": [12, 12]},
								"south": {"uv": [2, 2], "uv_size": [12, 12]},
								"west": {"uv": [2, 2], "uv_size": [12, 12]},
								"up": {"uv": [14, 14], "uv_size": [-12, -12]},
								"down": {"uv": [14, 14], "uv_size": [-12, -12]}
							}
						},
						{
							"origin": [-2.06728, 9.54371, 0.0159],
							"size": [11.725, 16, 4],
							"pivot": [-2.92721, -12.2117, 0.08357],
							"rotation": [14.51082, 43.07952, 20.75357],
							"uv": {
								"north": {"uv": [2, 2], "uv_size": [12, 12]},
								"east": {"uv": [2, 2], "uv_size": [12, 12]},
								"south": {"uv": [2, 2], "uv_size": [12, 12]},
								"west": {"uv": [2, 2], "uv_size": [12, 12]},
								"up": {"uv": [14, 14], "uv_size": [-12, -12]},
								"down": {"uv": [14, 14], "uv_size": [-12, -12]}
							}
						},
						{
							"origin": [-2.06728, 15.14215, 10.65701],
							"size": [11.725, 8.8, 0.9],
							"pivot": [-2.92721, -12.2117, 0.08357],
							"rotation": [32.01082, 43.07952, 20.75357],
							"uv": {
								"north": {"uv": [2, 2], "uv_size": [12, 12]},
								"east": {"uv": [2, 2], "uv_size": [12, 12]},
								"south": {"uv": [2, 2], "uv_size": [12, 12]},
								"west": {"uv": [2, 2], "uv_size": [12, 12]},
								"up": {"uv": [14, 14], "uv_size": [-12, -12]},
								"down": {"uv": [14, 14], "uv_size": [-12, -12]}
							}
						},
						{
							"origin": [-14.32843, 21, -8.20101],
							"size": [39.5, 14, 5.75],
							"pivot": [9.17157, 0, 3.79899],
							"rotation": [0, 45, 0],
							"uv": {
								"north": {"uv": [2, 2], "uv_size": [12, 12]},
								"east": {"uv": [2, 2], "uv_size": [12, 12]},
								"south": {"uv": [2, 2], "uv_size": [12, 12]},
								"west": {"uv": [2, 2], "uv_size": [12, 12]},
								"up": {"uv": [14, 14], "uv_size": [-12, -12]},
								"down": {"uv": [14, 14], "uv_size": [-12, -12]}
							}
						},
						{
							"origin": [25.27157, 21, -8.20101],
							"size": [0, 14, 5.75],
							"pivot": [9.17157, 0, 3.79899],
							"rotation": [0, 45, 0],
							"uv": {
								"north": {"uv": [128, 0], "uv_size": [0, 0]},
								"east": {"uv": [128, 0], "uv_size": [0, 0]},
								"south": {"uv": [128, 0], "uv_size": [0, 0]},
								"west": {"uv": [15, 47], "uv_size": [10, 20]},
								"up": {"uv": [128, 0], "uv_size": [0, 0]},
								"down": {"uv": [128, 0], "uv_size": [0, 0]}
							}
						},
						{
							"origin": [-25.27157, 21, -8.20101],
							"size": [0, 14, 5.75],
							"pivot": [-9.17157, 0, 3.79899],
							"rotation": [0, -45, 0],
							"uv": {
								"north": {"uv": [128, 0], "uv_size": [0, 0]},
								"east": {"uv": [25, 47], "uv_size": [-10, 20]},
								"south": {"uv": [128, 0], "uv_size": [0, 0]},
								"west": {"uv": [128, 0], "uv_size": [0, 0]},
								"up": {"uv": [128, 0], "uv_size": [0, 0]},
								"down": {"uv": [128, 0], "uv_size": [0, 0]}
							}
						},
						{
							"origin": [14.66046, 31.16065, -12.9649],
							"size": [15.5, 15.5, 5.225],
							"pivot": [14.16046, 10.16065, -1.1899],
							"rotation": [-16.73634, 42.406, -24.03208],
							"uv": {
								"north": {"uv": [2, 2], "uv_size": [12, 12]},
								"east": {"uv": [2, 2], "uv_size": [12, 12]},
								"south": {"uv": [2, 2], "uv_size": [12, 12]},
								"west": {"uv": [2, 2], "uv_size": [12, 12]},
								"up": {"uv": [14, 14], "uv_size": [-12, -12]},
								"down": {"uv": [14, 14], "uv_size": [-12, -12]}
							}
						},
						{
							"origin": [-30.16046, 31.16065, -12.9649],
							"size": [16.5, 15.75, 5.225],
							"pivot": [-14.16046, 10.16065, -1.1899],
							"rotation": [-16.73634, -42.406, 24.03208],
							"uv": {
								"north": {"uv": [14, 2], "uv_size": [-12, 12]},
								"east": {"uv": [14, 2], "uv_size": [-12, 12]},
								"south": {"uv": [14, 2], "uv_size": [-12, 12]},
								"west": {"uv": [14, 2], "uv_size": [-12, 12]},
								"up": {"uv": [2, 14], "uv_size": [12, -12]},
								"down": {"uv": [2, 14], "uv_size": [12, -12]}
							}
						},
						{
							"origin": [-30.16046, 31.16065, 7.7399],
							"size": [16.5, 20.775, 5.225],
							"pivot": [-14.16046, 10.16065, 1.1899],
							"rotation": [16.73634, 42.406, 24.03208],
							"uv": {
								"north": {"uv": [2, 2], "uv_size": [12, 12]},
								"east": {"uv": [2, 2], "uv_size": [12, 12]},
								"south": {"uv": [2, 2], "uv_size": [12, 12]},
								"west": {"uv": [2, 2], "uv_size": [12, 12]},
								"up": {"uv": [2, 2], "uv_size": [12, 12]},
								"down": {"uv": [2, 2], "uv_size": [12, 12]}
							}
						},
						{
							"origin": [14.66046, 31.16065, 7.7399],
							"size": [15.5, 20.775, 5.225],
							"pivot": [14.16046, 10.16065, 1.1899],
							"rotation": [16.73634, -42.406, -24.03208],
							"uv": {
								"north": {"uv": [14, 2], "uv_size": [-12, 12]},
								"east": {"uv": [14, 2], "uv_size": [-12, 12]},
								"south": {"uv": [14, 2], "uv_size": [-12, 12]},
								"west": {"uv": [14, 2], "uv_size": [-12, 12]},
								"up": {"uv": [14, 2], "uv_size": [-12, 12]},
								"down": {"uv": [14, 2], "uv_size": [-12, 12]}
							}
						},
						{
							"origin": [-25.17157, 21, -8.20101],
							"size": [39.5, 14, 5.75],
							"pivot": [-9.17157, 0, 3.79899],
							"rotation": [0, -45, 0],
							"uv": {
								"north": {"uv": [2, 2], "uv_size": [12, 12]},
								"east": {"uv": [2, 2], "uv_size": [12, 12]},
								"south": {"uv": [2, 2], "uv_size": [12, 12]},
								"west": {"uv": [2, 2], "uv_size": [12, 12]},
								"up": {"uv": [14, 14], "uv_size": [-12, -12]},
								"down": {"uv": [14, 14], "uv_size": [-12, -12]}
							}
						},
						{
							"origin": [-12, 21, -16],
							"size": [24, 14, 32],
							"uv": {
								"north": {"uv": [2, 2], "uv_size": [12, 12]},
								"east": {"uv": [2, 2], "uv_size": [12, 12]},
								"south": {"uv": [2, 2], "uv_size": [12, 12]},
								"west": {"uv": [2, 2], "uv_size": [12, 12]},
								"up": {"uv": [14, 14], "uv_size": [-12, -12]},
								"down": {"uv": [14, 14], "uv_size": [-12, -12]}
							}
						},
						{
							"origin": [-10, 21, 16.25],
							"size": [18, 14, 0],
							"uv": {
								"north": {"uv": [128, 0], "uv_size": [0, 0]},
								"east": {"uv": [128, 0], "uv_size": [0, 0]},
								"south": {"uv": [18, 75], "uv_size": [12, 12]},
								"west": {"uv": [128, 0], "uv_size": [0, 0]},
								"up": {"uv": [128, 0], "uv_size": [0, 0]},
								"down": {"uv": [128, 0], "uv_size": [0, 0]}
							}
						},
						{
							"origin": [-8, 21, 16.25],
							"size": [18, 14, 0],
							"uv": {
								"north": {"uv": [128, 0], "uv_size": [0, 0]},
								"east": {"uv": [128, 0], "uv_size": [0, 0]},
								"south": {"uv": [30, 75], "uv_size": [-12, 12]},
								"west": {"uv": [128, 0], "uv_size": [0, 0]},
								"up": {"uv": [128, 0], "uv_size": [0, 0]},
								"down": {"uv": [128, 0], "uv_size": [0, 0]}
							}
						},
						{
							"origin": [30.41046, 31.16065, -12.9649],
							"size": [0, 20.775, 5.225],
							"pivot": [14.16046, 10.16065, -1.1899],
							"rotation": [-16.73634, 42.406, -24.03208],
							"uv": {
								"north": {"uv": [128, 0], "uv_size": [0, 0]},
								"east": {"uv": [128, 0], "uv_size": [0, 0]},
								"south": {"uv": [128, 0], "uv_size": [0, 0]},
								"west": {"uv": [116, 0], "uv_size": [12, 12]},
								"up": {"uv": [128, 0], "uv_size": [0, 0]},
								"down": {"uv": [128, 0], "uv_size": [0, 0]}
							}
						},
						{
							"origin": [0.32856, 9.6698, -0.57976],
							"size": [11.975, 16, 4],
							"pivot": [-1.21439, -10.59815, 2.18495],
							"rotation": [14.51082, 43.07952, 20.75357],
							"uv": {
								"north": {"uv": [128, 0], "uv_size": [0, 0]},
								"east": {"uv": [128, 0], "uv_size": [0, 0]},
								"south": {"uv": [128, 0], "uv_size": [0, 0]},
								"west": {"uv": [5, 48], "uv_size": [6, 30]},
								"up": {"uv": [128, 0], "uv_size": [0, 0]},
								"down": {"uv": [128, 0], "uv_size": [0, 0]}
							}
						},
						{
							"origin": [-12.30356, 9.6698, -0.57976],
							"size": [11.975, 16, 4],
							"pivot": [1.21439, -10.59815, 2.18495],
							"rotation": [14.51082, -43.07952, -20.75357],
							"uv": {
								"north": {"uv": [128, 0], "uv_size": [0, 0]},
								"east": {"uv": [11, 48], "uv_size": [-6, 30]},
								"south": {"uv": [128, 0], "uv_size": [0, 0]},
								"west": {"uv": [128, 0], "uv_size": [0, 0]},
								"up": {"uv": [128, 0], "uv_size": [0, 0]},
								"down": {"uv": [128, 0], "uv_size": [0, 0]}
							}
						},
						{
							"origin": [-12.25, 21, -16.25],
							"size": [5.25, 14, 32],
							"uv": {
								"north": {"uv": [5, 48], "uv_size": [-5, 32]},
								"east": {"uv": [128, 0], "uv_size": [0, 0]},
								"south": {"uv": [128, 0], "uv_size": [0, 0]},
								"west": {"uv": [128, 0], "uv_size": [0, 0]},
								"up": {"uv": [128, 0], "uv_size": [0, 0]},
								"down": {"uv": [128, 0], "uv_size": [0, 0]}
							}
						},
						{
							"origin": [7, 21, -16.25],
							"size": [5.25, 14, 32],
							"uv": {
								"north": {"uv": [0, 48], "uv_size": [5, 32]},
								"east": {"uv": [128, 0], "uv_size": [0, 0]},
								"south": {"uv": [128, 0], "uv_size": [0, 0]},
								"west": {"uv": [128, 0], "uv_size": [0, 0]},
								"up": {"uv": [128, 0], "uv_size": [0, 0]},
								"down": {"uv": [128, 0], "uv_size": [0, 0]}
							}
						},
						{
							"origin": [-30.41046, 31.16065, -12.9649],
							"size": [0, 20.775, 5.225],
							"pivot": [-14.16046, 10.16065, -1.1899],
							"rotation": [-16.73634, -42.406, 24.03208],
							"uv": {
								"north": {"uv": [128, 0], "uv_size": [0, 0]},
								"east": {"uv": [128, 0], "uv_size": [-12, 12]},
								"south": {"uv": [128, 0], "uv_size": [0, 0]},
								"west": {"uv": [128, 0], "uv_size": [0, 0]},
								"up": {"uv": [128, 0], "uv_size": [0, 0]},
								"down": {"uv": [128, 0], "uv_size": [0, 0]}
							}
						},
						{
							"origin": [-12, 5.74117, -11.0899],
							"size": [24.25, 18.425, 21],
							"pivot": [-4, 0.16617, 0.9101],
							"rotation": [12.5, 0, 0],
							"uv": {
								"north": {"uv": [2, 2], "uv_size": [12, 12]},
								"east": {"uv": [2, 2], "uv_size": [12, 12]},
								"south": {"uv": [2, 2], "uv_size": [12, 12]},
								"west": {"uv": [2, 2], "uv_size": [12, 12]},
								"up": {"uv": [14, 14], "uv_size": [-12, -12]},
								"down": {"uv": [14, 14], "uv_size": [-12, -12]}
							}
						},
						{
							"origin": [-9, 21, -16.25],
							"size": [18, 14, 0],
							"uv": {
								"north": {"uv": [2, 18], "uv_size": [25, 19]},
								"east": {"uv": [116, 0], "uv_size": [12, 12]},
								"south": {"uv": [128, 0], "uv_size": [0, 0]},
								"west": {"uv": [116, 0], "uv_size": [12, 12]},
								"up": {"uv": [128, 12], "uv_size": [-12, -12]},
								"down": {"uv": [128, 12], "uv_size": [-12, -12]}
							}
						},
						{
							"origin": [-9, 19, -11.25],
							"size": [18, 5, 0],
							"pivot": [0, 0, 0],
							"rotation": [12.5, 0, 0],
							"uv": {
								"north": {"uv": [2, 37], "uv_size": [25, 6]},
								"east": {"uv": [116, 0], "uv_size": [12, 12]},
								"south": {"uv": [128, 0], "uv_size": [0, 0]},
								"west": {"uv": [116, 0], "uv_size": [12, 12]},
								"up": {"uv": [128, 12], "uv_size": [-12, -12]},
								"down": {"uv": [128, 12], "uv_size": [-12, -12]}
							}
						},
						{
							"origin": [2.5, 5, -11.25],
							"size": [7, 19, 0],
							"pivot": [0, 0, 0],
							"rotation": [12.5, 0, 0],
							"uv": {
								"north": {"uv": [17, 48], "uv_size": [7, 19]},
								"east": {"uv": [128, 0], "uv_size": [0, 0]},
								"south": {"uv": [128, 0], "uv_size": [0, 0]},
								"west": {"uv": [128, 0], "uv_size": [0, 0]},
								"up": {"uv": [128, 0], "uv_size": [0, 0]},
								"down": {"uv": [128, 0], "uv_size": [0, 0]}
							}
						},
						{
							"origin": [6.325, 5, -11.25],
							"size": [7, 19, 0],
							"pivot": [0, 0, 0],
							"rotation": [12.5, 0, 0],
							"uv": {
								"north": {"uv": [17, 70], "uv_size": [7, 19]},
								"east": {"uv": [128, 0], "uv_size": [0, 0]},
								"south": {"uv": [128, 0], "uv_size": [0, 0]},
								"west": {"uv": [128, 0], "uv_size": [0, 0]},
								"up": {"uv": [128, 0], "uv_size": [0, 0]},
								"down": {"uv": [128, 0], "uv_size": [0, 0]}
							}
						},
						{
							"origin": [-13.325, 5, -11.25],
							"size": [7, 19, 0],
							"pivot": [0, 0, 0],
							"rotation": [12.5, 0, 0],
							"uv": {
								"north": {"uv": [24, 70], "uv_size": [-7, 19]},
								"east": {"uv": [128, 0], "uv_size": [0, 0]},
								"south": {"uv": [128, 0], "uv_size": [0, 0]},
								"west": {"uv": [128, 0], "uv_size": [0, 0]},
								"up": {"uv": [128, 0], "uv_size": [0, 0]},
								"down": {"uv": [128, 0], "uv_size": [0, 0]}
							}
						},
						{
							"origin": [-9.5, 5, -11.25],
							"size": [7, 19, 0],
							"pivot": [0, 0, 0],
							"rotation": [12.5, 0, 0],
							"uv": {
								"north": {"uv": [24, 48], "uv_size": [-7, 19]},
								"east": {"uv": [128, 0], "uv_size": [0, 0]},
								"south": {"uv": [128, 0], "uv_size": [0, 0]},
								"west": {"uv": [128, 0], "uv_size": [0, 0]},
								"up": {"uv": [128, 0], "uv_size": [0, 0]},
								"down": {"uv": [128, 0], "uv_size": [0, 0]}
							}
						},
						{
							"origin": [-9.5, 5, 11.25],
							"size": [7, 19, 0],
							"pivot": [0, 0, 0],
							"rotation": [-12.5, 0, 0],
							"uv": {
								"north": {"uv": [128, 0], "uv_size": [0, 0]},
								"east": {"uv": [128, 0], "uv_size": [0, 0]},
								"south": {"uv": [17, 48], "uv_size": [7, 19]},
								"west": {"uv": [128, 0], "uv_size": [0, 0]},
								"up": {"uv": [128, 0], "uv_size": [0, 0]},
								"down": {"uv": [128, 0], "uv_size": [0, 0]}
							}
						},
						{
							"origin": [-13.325, 5, 11.25],
							"size": [7, 19, 0],
							"pivot": [0, 0, 0],
							"rotation": [-12.5, 0, 0],
							"uv": {
								"north": {"uv": [128, 0], "uv_size": [0, 0]},
								"east": {"uv": [128, 0], "uv_size": [0, 0]},
								"south": {"uv": [17, 70], "uv_size": [7, 19]},
								"west": {"uv": [128, 0], "uv_size": [0, 0]},
								"up": {"uv": [128, 0], "uv_size": [0, 0]},
								"down": {"uv": [128, 0], "uv_size": [0, 0]}
							}
						},
						{
							"origin": [2.5, 5, 11.25],
							"size": [7, 19, 0],
							"pivot": [0, 0, 0],
							"rotation": [-12.5, 0, 0],
							"uv": {
								"north": {"uv": [128, 0], "uv_size": [0, 0]},
								"east": {"uv": [128, 0], "uv_size": [0, 0]},
								"south": {"uv": [24, 48], "uv_size": [-7, 19]},
								"west": {"uv": [128, 0], "uv_size": [0, 0]},
								"up": {"uv": [128, 0], "uv_size": [0, 0]},
								"down": {"uv": [128, 0], "uv_size": [0, 0]}
							}
						},
						{
							"origin": [6.325, 5, 11.25],
							"size": [7, 19, 0],
							"pivot": [0, 0, 0],
							"rotation": [-12.5, 0, 0],
							"uv": {
								"north": {"uv": [128, 0], "uv_size": [0, 0]},
								"east": {"uv": [128, 0], "uv_size": [0, 0]},
								"south": {"uv": [24, 70], "uv_size": [-7, 19]},
								"west": {"uv": [128, 0], "uv_size": [0, 0]},
								"up": {"uv": [128, 0], "uv_size": [0, 0]},
								"down": {"uv": [128, 0], "uv_size": [0, 0]}
							}
						},
						{
							"origin": [-11.25, 5, -9.5],
							"size": [0, 19, 7],
							"pivot": [0, 0, 0],
							"rotation": [0, 0, -12.5],
							"uv": {
								"north": {"uv": [128, 0], "uv_size": [0, 0]},
								"east": {"uv": [17, 48], "uv_size": [7, 19]},
								"south": {"uv": [128, 0], "uv_size": [0, 0]},
								"west": {"uv": [128, 0], "uv_size": [0, 0]},
								"up": {"uv": [128, 0], "uv_size": [0, 0]},
								"down": {"uv": [128, 0], "uv_size": [0, 0]}
							}
						},
						{
							"origin": [-11.25, 5, 2.5],
							"size": [0, 19, 7],
							"pivot": [0, 0, 0],
							"rotation": [0, 0, -12.5],
							"uv": {
								"north": {"uv": [128, 0], "uv_size": [0, 0]},
								"east": {"uv": [24, 48], "uv_size": [-7, 19]},
								"south": {"uv": [128, 0], "uv_size": [0, 0]},
								"west": {"uv": [128, 0], "uv_size": [0, 0]},
								"up": {"uv": [128, 0], "uv_size": [0, 0]},
								"down": {"uv": [128, 0], "uv_size": [0, 0]}
							}
						},
						{
							"origin": [11.25, 5, -9.5],
							"size": [0, 19, 7],
							"pivot": [0, 0, 0],
							"rotation": [0, 0, 12.5],
							"uv": {
								"north": {"uv": [128, 0], "uv_size": [0, 0]},
								"east": {"uv": [128, 0], "uv_size": [0, 0]},
								"south": {"uv": [128, 0], "uv_size": [0, 0]},
								"west": {"uv": [24, 48], "uv_size": [-7, 19]},
								"up": {"uv": [128, 0], "uv_size": [0, 0]},
								"down": {"uv": [128, 0], "uv_size": [0, 0]}
							}
						},
						{
							"origin": [11.25, 5, 2.5],
							"size": [0, 19, 7],
							"pivot": [0, 0, 0],
							"rotation": [0, 0, 12.5],
							"uv": {
								"north": {"uv": [128, 0], "uv_size": [0, 0]},
								"east": {"uv": [128, 0], "uv_size": [0, 0]},
								"south": {"uv": [128, 0], "uv_size": [0, 0]},
								"west": {"uv": [17, 48], "uv_size": [7, 19]},
								"up": {"uv": [128, 0], "uv_size": [0, 0]},
								"down": {"uv": [128, 0], "uv_size": [0, 0]}
							}
						},
						{
							"origin": [-7.47624, 59.98942, -11.21832],
							"size": [4.70248, 1.27228, 2.18664],
							"uv": {
								"north": {"uv": [2, 98], "uv_size": [12, 12]},
								"east": {"uv": [2, 2], "uv_size": [12, 12]},
								"south": {"uv": [2, 2], "uv_size": [12, 12]},
								"west": {"uv": [2, 2], "uv_size": [12, 12]},
								"up": {"uv": [14, 14], "uv_size": [-12, -12]},
								"down": {"uv": [14, 14], "uv_size": [-12, -12]}
							}
						},
						{
							"origin": [2.77376, 59.98942, -11.21832],
							"size": [4.70248, 1.27228, 2.18664],
							"uv": {
								"north": {"uv": [14, 98], "uv_size": [-12, 12]},
								"east": {"uv": [14, 2], "uv_size": [-12, 12]},
								"south": {"uv": [14, 2], "uv_size": [-12, 12]},
								"west": {"uv": [14, 2], "uv_size": [-12, 12]},
								"up": {"uv": [2, 14], "uv_size": [12, -12]},
								"down": {"uv": [2, 14], "uv_size": [12, -12]}
							}
						},
						{
							"origin": [-8.97624, 57.63942, 9.53168],
							"size": [17.95248, 1.62228, 1.43664],
							"uv": {
								"north": {"uv": [2, 6], "uv_size": [12, 2]},
								"east": {"uv": [2, 6], "uv_size": [12, 2]},
								"south": {"uv": [2, 6], "uv_size": [12, 2]},
								"west": {"uv": [2, 6], "uv_size": [12, 2]},
								"up": {"uv": [14, 8], "uv_size": [-12, -2]},
								"down": {"uv": [14, 8], "uv_size": [-12, -2]}
							}
						},
						{
							"origin": [3.02624, 58.18942, -10.66832],
							"size": [0.5, 0.5, 10.53664],
							"pivot": [3.25, 58.8685, -10.75],
							"rotation": [0, 0, 45],
							"uv": {
								"north": {"uv": [79, 18], "uv_size": [0, 0]},
								"east": {"uv": [79, 18], "uv_size": [0, 0]},
								"south": {"uv": [79, 18], "uv_size": [0, 0]},
								"west": {"uv": [79, 18], "uv_size": [0, 0]},
								"up": {"uv": [79, 18], "uv_size": [0, 0]},
								"down": {"uv": [79, 18], "uv_size": [0, 0]}
							}
						},
						{
							"origin": [4.27624, 59.18942, -10.66832],
							"size": [0.5, 0.5, 10.53664],
							"pivot": [3.25, 58.8685, -10.75],
							"rotation": [0, 0, 45],
							"uv": {
								"north": {"uv": [79, 18], "uv_size": [0, 0]},
								"east": {"uv": [79, 18], "uv_size": [0, 0]},
								"south": {"uv": [79, 18], "uv_size": [0, 0]},
								"west": {"uv": [79, 18], "uv_size": [0, 0]},
								"up": {"uv": [79, 18], "uv_size": [0, 0]},
								"down": {"uv": [79, 18], "uv_size": [0, 0]}
							}
						},
						{
							"origin": [5.52624, 59.68942, -10.66832],
							"size": [0.5, 0.5, 10.53664],
							"pivot": [3.25, 58.8685, -10.75],
							"rotation": [0, 0, 45],
							"uv": {
								"north": {"uv": [79, 18], "uv_size": [0, 0]},
								"east": {"uv": [79, 18], "uv_size": [0, 0]},
								"south": {"uv": [79, 18], "uv_size": [0, 0]},
								"west": {"uv": [79, 18], "uv_size": [0, 0]},
								"up": {"uv": [79, 18], "uv_size": [0, 0]},
								"down": {"uv": [79, 18], "uv_size": [0, 0]}
							}
						},
						{
							"origin": [-6.02624, 59.68942, -10.66832],
							"size": [0.5, 0.5, 10.53664],
							"pivot": [-3.25, 58.8685, -10.75],
							"rotation": [0, 0, -45],
							"uv": {
								"north": {"uv": [79, 18], "uv_size": [0, 0]},
								"east": {"uv": [79, 18], "uv_size": [0, 0]},
								"south": {"uv": [79, 18], "uv_size": [0, 0]},
								"west": {"uv": [79, 18], "uv_size": [0, 0]},
								"up": {"uv": [79, 18], "uv_size": [0, 0]},
								"down": {"uv": [79, 18], "uv_size": [0, 0]}
							}
						},
						{
							"origin": [-3.52624, 58.18942, -10.66832],
							"size": [0.5, 0.5, 10.53664],
							"pivot": [-3.25, 58.8685, -10.75],
							"rotation": [0, 0, -45],
							"uv": {
								"north": {"uv": [79, 18], "uv_size": [0, 0]},
								"east": {"uv": [79, 18], "uv_size": [0, 0]},
								"south": {"uv": [79, 18], "uv_size": [0, 0]},
								"west": {"uv": [79, 18], "uv_size": [0, 0]},
								"up": {"uv": [79, 18], "uv_size": [0, 0]},
								"down": {"uv": [79, 18], "uv_size": [0, 0]}
							}
						},
						{
							"origin": [-4.77624, 59.18942, -10.66832],
							"size": [0.5, 0.5, 10.53664],
							"pivot": [-3.25, 58.8685, -10.75],
							"rotation": [0, 0, -45],
							"uv": {
								"north": {"uv": [79, 18], "uv_size": [0, 0]},
								"east": {"uv": [79, 18], "uv_size": [0, 0]},
								"south": {"uv": [79, 18], "uv_size": [0, 0]},
								"west": {"uv": [79, 18], "uv_size": [0, 0]},
								"up": {"uv": [79, 18], "uv_size": [0, 0]},
								"down": {"uv": [79, 18], "uv_size": [0, 0]}
							}
						},
						{
							"origin": [-8.97624, 59.23942, -9.96832],
							"size": [17.95248, 4.27228, 20.93664],
							"uv": {
								"north": {"uv": [2, 2], "uv_size": [12, 7]},
								"east": {"uv": [2, 2], "uv_size": [12, 7]},
								"south": {"uv": [2, 2], "uv_size": [12, 7]},
								"west": {"uv": [2, 2], "uv_size": [12, 7]},
								"up": {"uv": [14, 9], "uv_size": [-12, -7]},
								"down": {"uv": [14, 9], "uv_size": [-12, -7]}
							}
						},
						{
							"origin": [-3.22624, 59.23942, -11.21832],
							"size": [6.45248, 1.02228, 2.18664],
							"uv": {
								"north": {"uv": [2, 98], "uv_size": [12, 12]},
								"east": {"uv": [2, 2], "uv_size": [12, 12]},
								"south": {"uv": [2, 2], "uv_size": [12, 12]},
								"west": {"uv": [2, 2], "uv_size": [12, 12]},
								"up": {"uv": [14, 14], "uv_size": [-12, -12]},
								"down": {"uv": [14, 14], "uv_size": [-12, -12]}
							}
						},
						{
							"origin": [-10, 52.00679, -23.69836],
							"size": [3.2, 8.225, 19.525],
							"pivot": [6, -0.76821, -14.17336],
							"rotation": [-12.5, 0, 0],
							"uv": {
								"north": {"uv": [2, 2], "uv_size": [12, 12]},
								"east": {"uv": [2, 2], "uv_size": [12, 12]},
								"south": {"uv": [2, 2], "uv_size": [12, 12]},
								"west": {"uv": [2, 2], "uv_size": [12, 12]},
								"up": {"uv": [14, 14], "uv_size": [-12, -12]},
								"down": {"uv": [14, 14], "uv_size": [-12, -12]}
							}
						},
						{
							"origin": [-8.5, 52.00679, -23.94836],
							"size": [1.7, 8.225, 19.775],
							"pivot": [6, -0.76821, -14.17336],
							"rotation": [-12.5, 0, 0],
							"uv": {
								"north": {"uv": [2, 98], "uv_size": [12, 12]},
								"east": {"uv": [2, 2], "uv_size": [12, 12]},
								"south": {"uv": [2, 2], "uv_size": [12, 12]},
								"west": {"uv": [2, 2], "uv_size": [12, 12]},
								"up": {"uv": [14, 14], "uv_size": [-12, -12]},
								"down": {"uv": [14, 14], "uv_size": [-12, -12]}
							}
						},
						{
							"origin": [6.8, 52.00679, -23.94836],
							"size": [1.7, 8.225, 19.775],
							"pivot": [-6, -0.76821, -14.17336],
							"rotation": [-12.5, 0, 0],
							"uv": {
								"north": {"uv": [14, 98], "uv_size": [-12, 12]},
								"east": {"uv": [14, 2], "uv_size": [-12, 12]},
								"south": {"uv": [14, 2], "uv_size": [-12, 12]},
								"west": {"uv": [14, 2], "uv_size": [-12, 12]},
								"up": {"uv": [2, 14], "uv_size": [12, -12]},
								"down": {"uv": [2, 14], "uv_size": [12, -12]}
							}
						},
						{
							"origin": [-8.22624, 55.98942, -11.21832],
							"size": [1.45248, 4.52228, 2.18664],
							"uv": {
								"north": {"uv": [2, 98], "uv_size": [12, 12]},
								"east": {"uv": [2, 2], "uv_size": [12, 12]},
								"south": {"uv": [2, 2], "uv_size": [12, 12]},
								"west": {"uv": [2, 2], "uv_size": [12, 12]},
								"up": {"uv": [14, 14], "uv_size": [-12, -12]},
								"down": {"uv": [14, 14], "uv_size": [-12, -12]}
							}
						},
						{
							"origin": [6.77376, 55.98942, -11.21832],
							"size": [1.45248, 4.52228, 2.18664],
							"uv": {
								"north": {"uv": [14, 98], "uv_size": [-12, 12]},
								"east": {"uv": [14, 2], "uv_size": [-12, 12]},
								"south": {"uv": [14, 2], "uv_size": [-12, 12]},
								"west": {"uv": [14, 2], "uv_size": [-12, 12]},
								"up": {"uv": [2, 14], "uv_size": [12, -12]},
								"down": {"uv": [2, 14], "uv_size": [12, -12]}
							}
						}
					]
				}
			]
		}
	]
}