{
	"format_version": "1.12.0",
	"minecraft:geometry": [
		{
			"description": {
				"identifier": "geometry.fly_head_jurei5",
				"texture_width": 64,
				"texture_height": 64,
				"visible_bounds_width": 3,
				"visible_bounds_height": 3,
				"visible_bounds_offset": [0, 0.5, 0]
			},
			"bones": [
				{
					"name": "root",
					"pivot": [0, 0, 0]
				},
				{
					"name": "fly_head_jurei",
					"parent": "root",
					"pivot": [0, 0, 0],
					"cubes": [
						{
							"origin": [-4, 10.5, -6],
							"size": [8, 5.5, 3],
							"uv": {
								"north": {"uv": [2, 2], "uv_size": [12, 12]},
								"east": {"uv": [2, 2], "uv_size": [12, 12]},
								"south": {"uv": [2, 2], "uv_size": [12, 12]},
								"west": {"uv": [2, 2], "uv_size": [12, 12]},
								"up": {"uv": [14, 14], "uv_size": [-12, -12]},
								"down": {"uv": [14, 14], "uv_size": [-12, -12]}
							}
						},
						{
							"origin": [-4, 10.5, -2.825],
							"size": [8, 5.5, 3.25],
							"pivot": [0, 12, -4],
							"rotation": [-20, 0, 0],
							"uv": {
								"north": {"uv": [2, 2], "uv_size": [12, 12]},
								"east": {"uv": [2, 2], "uv_size": [12, 12]},
								"south": {"uv": [2, 2], "uv_size": [12, 12]},
								"west": {"uv": [2, 2], "uv_size": [12, 12]},
								"up": {"uv": [14, 14], "uv_size": [-12, -12]},
								"down": {"uv": [14, 14], "uv_size": [-12, -12]}
							}
						},
						{
							"origin": [-3.5, 10.5, -3.825],
							"size": [7, 4.5, 3],
							"pivot": [0, 12, -4],
							"rotation": [-5, 0, 0],
							"uv": {
								"north": {"uv": [2, 2], "uv_size": [12, 12]},
								"east": {"uv": [2, 2], "uv_size": [12, 12]},
								"south": {"uv": [2, 2], "uv_size": [12, 12]},
								"west": {"uv": [2, 2], "uv_size": [12, 12]},
								"up": {"uv": [14, 14], "uv_size": [-12, -12]},
								"down": {"uv": [14, 14], "uv_size": [-12, -12]}
							}
						},
						{
							"origin": [-3, 8.5, -2.325],
							"size": [6, 7.5, 2.5],
							"pivot": [0, 12, -4],
							"rotation": [-20, 0, 0],
							"uv": {
								"north": {"uv": [2, 2], "uv_size": [12, 12]},
								"east": {"uv": [2, 2], "uv_size": [12, 12]},
								"south": {"uv": [2, 2], "uv_size": [12, 12]},
								"west": {"uv": [2, 2], "uv_size": [12, 12]},
								"up": {"uv": [14, 14], "uv_size": [-12, -12]},
								"down": {"uv": [14, 14], "uv_size": [-12, -12]}
							}
						},
						{
							"origin": [-2, 4.5, -2.075],
							"size": [2, 8.35, 2],
							"pivot": [0, 12, -4],
							"rotation": [-16.60179, 11.31335, 33.34411],
							"uv": {
								"north": {"uv": [2, 2], "uv_size": [12, 12]},
								"east": {"uv": [2, 2], "uv_size": [12, 12]},
								"south": {"uv": [2, 2], "uv_size": [12, 12]},
								"west": {"uv": [2, 2], "uv_size": [12, 12]},
								"up": {"uv": [14, 14], "uv_size": [-12, -12]},
								"down": {"uv": [14, 14], "uv_size": [-12, -12]}
							}
						},
						{
							"origin": [-3.76321, 5.05328, -4.08042],
							"size": [1.5, 4.75, 1.5],
							"pivot": [-1.76321, 5.80328, -6.25542],
							"rotation": [-15.02126, -13.35981, -40.73074],
							"uv": {
								"north": {"uv": [2, 2], "uv_size": [12, 12]},
								"east": {"uv": [2, 2], "uv_size": [12, 12]},
								"south": {"uv": [2, 2], "uv_size": [12, 12]},
								"west": {"uv": [2, 2], "uv_size": [12, 12]},
								"up": {"uv": [14, 14], "uv_size": [-12, -12]},
								"down": {"uv": [14, 14], "uv_size": [-12, -12]}
							}
						},
						{
							"origin": [-1.94548, 3.02272, -5.38842],
							"size": [1.25, 2.5, 1],
							"pivot": [0.05452, 1.52272, -7.81342],
							"rotation": [-19.14314, -5.90316, -16.50371],
							"uv": {
								"north": {"uv": [2, 2], "uv_size": [12, 12]},
								"east": {"uv": [2, 2], "uv_size": [12, 12]},
								"south": {"uv": [2, 2], "uv_size": [12, 12]},
								"west": {"uv": [2, 2], "uv_size": [12, 12]},
								"up": {"uv": [14, 14], "uv_size": [-12, -12]},
								"down": {"uv": [14, 14], "uv_size": [-12, -12]}
							}
						},
						{
							"origin": [0.69548, 3.02272, -5.38842],
							"size": [1.25, 2.5, 1],
							"pivot": [-0.05452, 1.52272, -7.81342],
							"rotation": [-19.14314, 5.90316, 16.50371],
							"uv": {
								"north": {"uv": [2, 2], "uv_size": [12, 12]},
								"east": {"uv": [2, 2], "uv_size": [12, 12]},
								"south": {"uv": [2, 2], "uv_size": [12, 12]},
								"west": {"uv": [2, 2], "uv_size": [12, 12]},
								"up": {"uv": [14, 14], "uv_size": [-12, -12]},
								"down": {"uv": [14, 14], "uv_size": [-12, -12]}
							}
						},
						{
							"origin": [2.26321, 4.55328, -4.08042],
							"size": [1.5, 5.25, 1.5],
							"pivot": [1.76321, 5.80328, -6.25542],
							"rotation": [-15.02126, 13.35981, 40.73074],
							"uv": {
								"north": {"uv": [2, 2], "uv_size": [12, 12]},
								"east": {"uv": [2, 2], "uv_size": [12, 12]},
								"south": {"uv": [2, 2], "uv_size": [12, 12]},
								"west": {"uv": [2, 2], "uv_size": [12, 12]},
								"up": {"uv": [14, 14], "uv_size": [-12, -12]},
								"down": {"uv": [14, 14], "uv_size": [-12, -12]}
							}
						},
						{
							"origin": [0, 4.5, -2.075],
							"size": [2, 8.35, 2],
							"pivot": [0, 12, -4],
							"rotation": [-16.60179, -11.31335, -33.34411],
							"uv": {
								"north": {"uv": [2, 2], "uv_size": [12, 12]},
								"east": {"uv": [2, 2], "uv_size": [12, 12]},
								"south": {"uv": [2, 2], "uv_size": [12, 12]},
								"west": {"uv": [2, 2], "uv_size": [12, 12]},
								"up": {"uv": [14, 14], "uv_size": [-12, -12]},
								"down": {"uv": [14, 14], "uv_size": [-12, -12]}
							}
						},
						{
							"origin": [2.90514, -1.11043, 0.64024],
							"size": [1.25, 2.5, 1],
							"pivot": [-0.05452, 4.39772, 0.86158],
							"rotation": [-46.1453, 12.80911, 12.02501],
							"uv": {
								"north": {"uv": [2, 2], "uv_size": [12, 12]},
								"east": {"uv": [2, 2], "uv_size": [12, 12]},
								"south": {"uv": [2, 2], "uv_size": [12, 12]},
								"west": {"uv": [2, 2], "uv_size": [12, 12]},
								"up": {"uv": [14, 14], "uv_size": [-12, -12]},
								"down": {"uv": [14, 14], "uv_size": [-12, -12]}
							}
						},
						{
							"origin": [-5.20122, 2.74289, 0.39024],
							"size": [1.5, 4.75, 1.5],
							"pivot": [-0.05452, 4.39772, 0.86158],
							"rotation": [-38.82005, -29.8742, -31.76017],
							"uv": {
								"north": {"uv": [2, 2], "uv_size": [12, 12]},
								"east": {"uv": [2, 2], "uv_size": [12, 12]},
								"south": {"uv": [2, 2], "uv_size": [12, 12]},
								"west": {"uv": [2, 2], "uv_size": [12, 12]},
								"up": {"uv": [14, 14], "uv_size": [-12, -12]},
								"down": {"uv": [14, 14], "uv_size": [-12, -12]}
							}
						},
						{
							"origin": [-4.16019, -1.14322, 0.64024],
							"size": [1.25, 2.5, 1],
							"pivot": [-0.05452, 4.39772, 0.86158],
							"rotation": [-46.1453, -12.80911, -12.02501],
							"uv": {
								"north": {"uv": [2, 2], "uv_size": [12, 12]},
								"east": {"uv": [2, 2], "uv_size": [12, 12]},
								"south": {"uv": [2, 2], "uv_size": [12, 12]},
								"west": {"uv": [2, 2], "uv_size": [12, 12]},
								"up": {"uv": [14, 14], "uv_size": [-12, -12]},
								"down": {"uv": [14, 14], "uv_size": [-12, -12]}
							}
						},
						{
							"origin": [-4.19027, 0.04294, 0.14024],
							"size": [2, 5.575, 2],
							"pivot": [-0.05452, 4.39772, 0.86158],
							"rotation": [-41.79505, 25.01686, 25.31665],
							"uv": {
								"north": {"uv": [2, 2], "uv_size": [12, 12]},
								"east": {"uv": [2, 2], "uv_size": [12, 12]},
								"south": {"uv": [2, 2], "uv_size": [12, 12]},
								"west": {"uv": [2, 2], "uv_size": [12, 12]},
								"up": {"uv": [14, 14], "uv_size": [-12, -12]},
								"down": {"uv": [14, 14], "uv_size": [-12, -12]}
							}
						},
						{
							"origin": [2.17055, -0.0196, 0.14024],
							"size": [2, 5.575, 2],
							"pivot": [-0.05452, 4.39772, 0.86158],
							"rotation": [-41.79505, -25.01686, -25.31665],
							"uv": {
								"north": {"uv": [2, 2], "uv_size": [12, 12]},
								"east": {"uv": [2, 2], "uv_size": [12, 12]},
								"south": {"uv": [2, 2], "uv_size": [12, 12]},
								"west": {"uv": [2, 2], "uv_size": [12, 12]},
								"up": {"uv": [14, 14], "uv_size": [-12, -12]},
								"down": {"uv": [14, 14], "uv_size": [-12, -12]}
							}
						},
						{
							"origin": [3.67257, 2.31656, 0.39024],
							"size": [1.5, 5.25, 1.5],
							"pivot": [-0.05452, 4.39772, 0.86158],
							"rotation": [-38.82005, 29.8742, 31.76017],
							"uv": {
								"north": {"uv": [2, 2], "uv_size": [12, 12]},
								"east": {"uv": [2, 2], "uv_size": [12, 12]},
								"south": {"uv": [2, 2], "uv_size": [12, 12]},
								"west": {"uv": [2, 2], "uv_size": [12, 12]},
								"up": {"uv": [14, 14], "uv_size": [-12, -12]},
								"down": {"uv": [14, 14], "uv_size": [-12, -12]}
							}
						},
						{
							"origin": [-3.75, 12.325, 0.025],
							"size": [7.5, 5.5, 3.25],
							"pivot": [0, 12, -4],
							"rotation": [-50, 0, 0],
							"uv": {
								"north": {"uv": [2, 2], "uv_size": [12, 12]},
								"east": {"uv": [2, 2], "uv_size": [12, 12]},
								"south": {"uv": [2, 2], "uv_size": [12, 12]},
								"west": {"uv": [2, 2], "uv_size": [12, 12]},
								"up": {"uv": [14, 14], "uv_size": [-12, -12]},
								"down": {"uv": [14, 14], "uv_size": [-12, -12]}
							}
						},
						{
							"origin": [-3.25, 14.775, 1.2],
							"size": [6.5, 5.5, 3.25],
							"pivot": [0, 12, -4],
							"rotation": [-75, 0, 0],
							"uv": {
								"north": {"uv": [2, 2], "uv_size": [12, 12]},
								"east": {"uv": [2, 2], "uv_size": [12, 12]},
								"south": {"uv": [2, 2], "uv_size": [12, 12]},
								"west": {"uv": [2, 2], "uv_size": [12, 12]},
								"up": {"uv": [14, 14], "uv_size": [-12, -12]},
								"down": {"uv": [14, 14], "uv_size": [-12, -12]}
							}
						},
						{
							"origin": [-2.75, 16.525, 1.2],
							"size": [5.5, 2.5, 3.25],
							"pivot": [0, 12, -4],
							"rotation": [-67.5, 0, 0],
							"uv": {
								"north": {"uv": [2, 2], "uv_size": [12, 12]},
								"east": {"uv": [2, 2], "uv_size": [12, 12]},
								"south": {"uv": [2, 2], "uv_size": [12, 12]},
								"west": {"uv": [2, 2], "uv_size": [12, 12]},
								"up": {"uv": [14, 14], "uv_size": [-12, -12]},
								"down": {"uv": [14, 14], "uv_size": [-12, -12]}
							}
						},
						{
							"origin": [-2.25, 19.725, -2.35],
							"size": [4.5, 4.5, 4.8],
							"pivot": [0, 12, -4],
							"rotation": [-107.5, 0, 0],
							"uv": {
								"north": {"uv": [2, 2], "uv_size": [12, 12]},
								"east": {"uv": [2, 2], "uv_size": [12, 12]},
								"south": {"uv": [2, 2], "uv_size": [12, 12]},
								"west": {"uv": [2, 2], "uv_size": [12, 12]},
								"up": {"uv": [14, 14], "uv_size": [-12, -12]},
								"down": {"uv": [14, 14], "uv_size": [-12, -12]}
							}
						},
						{
							"origin": [-1.25, 19.18884, -2.82554],
							"size": [2.5, 3.5, 3.8],
							"pivot": [0, 9.96384, -4.47554],
							"rotation": [-120, 0, 0],
							"uv": {
								"north": {"uv": [2, 2], "uv_size": [12, 12]},
								"east": {"uv": [2, 2], "uv_size": [12, 12]},
								"south": {"uv": [2, 2], "uv_size": [12, 12]},
								"west": {"uv": [2, 2], "uv_size": [12, 12]},
								"up": {"uv": [14, 14], "uv_size": [-12, -12]},
								"down": {"uv": [14, 14], "uv_size": [-12, -12]}
							}
						},
						{
							"origin": [-3.5, 10.85, -1.225],
							"size": [7, 5.5, 3.25],
							"pivot": [0, 12, -4],
							"rotation": [-37.5, 0, 0],
							"uv": {
								"north": {"uv": [2, 2], "uv_size": [12, 12]},
								"east": {"uv": [2, 2], "uv_size": [12, 12]},
								"south": {"uv": [2, 2], "uv_size": [12, 12]},
								"west": {"uv": [2, 2], "uv_size": [12, 12]},
								"up": {"uv": [14, 14], "uv_size": [-12, -12]},
								"down": {"uv": [14, 14], "uv_size": [-12, -12]}
							}
						},
						{
							"origin": [-2.75, 11.05, 0.525],
							"size": [5.5, 6.775, 2.5],
							"pivot": [0, 12, -4],
							"rotation": [-50, 0, 0],
							"uv": {
								"north": {"uv": [2, 2], "uv_size": [12, 12]},
								"east": {"uv": [2, 2], "uv_size": [12, 12]},
								"south": {"uv": [2, 2], "uv_size": [12, 12]},
								"west": {"uv": [2, 2], "uv_size": [12, 12]},
								"up": {"uv": [14, 14], "uv_size": [-12, -12]},
								"down": {"uv": [14, 14], "uv_size": [-12, -12]}
							}
						},
						{
							"origin": [-0.5, 13.6, -6.85],
							"size": [2, 2, 3],
							"pivot": [0, 12, -4],
							"rotation": [-10, 0, 45],
							"uv": {
								"north": {"uv": [18, 2], "uv_size": [12, 12]},
								"east": {"uv": [18, 2], "uv_size": [12, 12]},
								"south": {"uv": [18, 2], "uv_size": [12, 12]},
								"west": {"uv": [18, 2], "uv_size": [12, 12]},
								"up": {"uv": [30, 14], "uv_size": [-12, -12]},
								"down": {"uv": [30, 14], "uv_size": [-12, -12]}
							}
						},
						{
							"origin": [-1.5, 13.6, -6.85],
							"size": [2, 2, 3],
							"pivot": [0, 12, -4],
							"rotation": [-10, 0, -45],
							"uv": {
								"north": {"uv": [18, 2], "uv_size": [12, 12]},
								"east": {"uv": [18, 2], "uv_size": [12, 12]},
								"south": {"uv": [18, 2], "uv_size": [12, 12]},
								"west": {"uv": [18, 2], "uv_size": [12, 12]},
								"up": {"uv": [30, 14], "uv_size": [-12, -12]},
								"down": {"uv": [30, 14], "uv_size": [-12, -12]}
							}
						},
						{
							"origin": [-4, 8.5, -6],
							"size": [3, 3.15, 3],
							"pivot": [0, 12, -4],
							"rotation": [-4.43745, 2.30644, 27.41063],
							"uv": {
								"north": {"uv": [2, 2], "uv_size": [12, 12]},
								"east": {"uv": [2, 2], "uv_size": [12, 12]},
								"south": {"uv": [2, 2], "uv_size": [12, 12]},
								"west": {"uv": [2, 2], "uv_size": [12, 12]},
								"up": {"uv": [14, 14], "uv_size": [-12, -12]},
								"down": {"uv": [14, 14], "uv_size": [-12, -12]}
							}
						},
						{
							"origin": [1.325, 9.175, -6],
							"size": [1.5, 1.5, 1],
							"pivot": [0, 12, -4],
							"rotation": [-7.5, 0, 10],
							"uv": {
								"north": {"uv": [2, 18], "uv_size": [12, 12]},
								"east": {"uv": [2, 18], "uv_size": [12, 12]},
								"south": {"uv": [2, 18], "uv_size": [12, 12]},
								"west": {"uv": [2, 18], "uv_size": [12, 12]},
								"up": {"uv": [14, 30], "uv_size": [-12, -12]},
								"down": {"uv": [14, 30], "uv_size": [-12, -12]}
							}
						},
						{
							"origin": [-2.825, 9.175, -6],
							"size": [1.5, 1.5, 1],
							"pivot": [0, 12, -4],
							"rotation": [-7.5, 0, -10],
							"uv": {
								"north": {"uv": [2, 18], "uv_size": [12, 12]},
								"east": {"uv": [2, 18], "uv_size": [12, 12]},
								"south": {"uv": [2, 18], "uv_size": [12, 12]},
								"west": {"uv": [2, 18], "uv_size": [12, 12]},
								"up": {"uv": [14, 30], "uv_size": [-12, -12]},
								"down": {"uv": [14, 30], "uv_size": [-12, -12]}
							}
						},
						{
							"origin": [-1.375, 8.6, -6.1],
							"size": [1.25, 2.075, 1.1],
							"pivot": [0, 12, -4],
							"rotation": [-7.47178, 0.65182, -5.04256],
							"uv": {
								"north": {"uv": [2, 18], "uv_size": [12, 12]},
								"east": {"uv": [2, 18], "uv_size": [12, 12]},
								"south": {"uv": [2, 18], "uv_size": [12, 12]},
								"west": {"uv": [2, 18], "uv_size": [12, 12]},
								"up": {"uv": [14, 30], "uv_size": [-12, -12]},
								"down": {"uv": [14, 30], "uv_size": [-12, -12]}
							}
						},
						{
							"origin": [0.125, 8.6, -6.1],
							"size": [1.25, 2.075, 1.1],
							"pivot": [0, 12, -4],
							"rotation": [-7.47178, -0.65182, 5.04256],
							"uv": {
								"north": {"uv": [2, 18], "uv_size": [12, 12]},
								"east": {"uv": [2, 18], "uv_size": [12, 12]},
								"south": {"uv": [2, 18], "uv_size": [12, 12]},
								"west": {"uv": [2, 18], "uv_size": [12, 12]},
								"up": {"uv": [14, 30], "uv_size": [-12, -12]},
								"down": {"uv": [14, 30], "uv_size": [-12, -12]}
							}
						},
						{
							"origin": [1, 8.5, -6],
							"size": [3, 3.15, 3],
							"pivot": [0, 12, -4],
							"rotation": [-4.43745, -2.30644, -27.41063],
							"uv": {
								"north": {"uv": [2, 2], "uv_size": [12, 12]},
								"east": {"uv": [2, 2], "uv_size": [12, 12]},
								"south": {"uv": [2, 2], "uv_size": [12, 12]},
								"west": {"uv": [2, 2], "uv_size": [12, 12]},
								"up": {"uv": [14, 14], "uv_size": [-12, -12]},
								"down": {"uv": [14, 14], "uv_size": [-12, -12]}
							}
						},
						{
							"origin": [-5, 11, -5.75],
							"size": [7, 5, 2.75],
							"pivot": [0, 12, -4],
							"rotation": [-12.31594, 2.15393, 9.76758],
							"uv": {
								"north": {"uv": [2, 2], "uv_size": [12, 12]},
								"east": {"uv": [2, 2], "uv_size": [12, 12]},
								"south": {"uv": [2, 2], "uv_size": [12, 12]},
								"west": {"uv": [2, 2], "uv_size": [12, 12]},
								"up": {"uv": [14, 14], "uv_size": [-12, -12]},
								"down": {"uv": [14, 14], "uv_size": [-12, -12]}
							}
						},
						{
							"origin": [-2, 11, -5.75],
							"size": [7, 5, 2.75],
							"pivot": [0, 12, -4],
							"rotation": [-12.31594, -2.15393, -9.76758],
							"uv": {
								"north": {"uv": [2, 2], "uv_size": [12, 12]},
								"east": {"uv": [2, 2], "uv_size": [12, 12]},
								"south": {"uv": [2, 2], "uv_size": [12, 12]},
								"west": {"uv": [2, 2], "uv_size": [12, 12]},
								"up": {"uv": [14, 14], "uv_size": [-12, -12]},
								"down": {"uv": [14, 14], "uv_size": [-12, -12]}
							}
						}
					]
				},
				{
					"name": "leftwing",
					"parent": "fly_head_jurei",
					"pivot": [1.7, 11.25, 5.25],
					"rotation": [0, 0, -25],
					"cubes": [
						{
							"origin": [0.49915, 10.98475, 2.02735],
							"size": [13.3, 0.75, 3.25],
							"pivot": [1.59435, 11.02342, 3.75],
							"rotation": [-49.01916, -11.43563, -9.77243],
							"uv": {
								"north": {"uv": [18, 18], "uv_size": [12, 12]},
								"east": {"uv": [18, 18], "uv_size": [12, 12]},
								"south": {"uv": [18, 18], "uv_size": [12, 12]},
								"west": {"uv": [18, 18], "uv_size": [12, 12]},
								"up": {"uv": [30, 30], "uv_size": [-12, -12]},
								"down": {"uv": [30, 30], "uv_size": [-12, -12]}
							}
						},
						{
							"origin": [1.51803, 10.98475, 2.60174],
							"size": [12.2, 0.75, 2.525],
							"pivot": [1.59435, 11.02342, 3.75],
							"rotation": [-47.94855, -4.79759, -17.33177],
							"uv": {
								"north": {"uv": [18, 18], "uv_size": [12, 12]},
								"east": {"uv": [18, 18], "uv_size": [12, 12]},
								"south": {"uv": [18, 18], "uv_size": [12, 12]},
								"west": {"uv": [18, 18], "uv_size": [12, 12]},
								"up": {"uv": [30, 30], "uv_size": [-12, -12]},
								"down": {"uv": [30, 30], "uv_size": [-12, -12]}
							}
						}
					]
				},
				{
					"name": "rightwing",
					"parent": "fly_head_jurei",
					"pivot": [-1.7, 11.25, 4.25],
					"rotation": [0, 0, 25],
					"cubes": [
						{
							"origin": [-13.79915, 10.98475, 2.02735],
							"size": [13.3, 0.75, 3.25],
							"pivot": [-1.59435, 11.02342, 3.75],
							"rotation": [-49.01916, 11.43563, 9.77243],
							"uv": {
								"north": {"uv": [18, 18], "uv_size": [12, 12]},
								"east": {"uv": [18, 18], "uv_size": [12, 12]},
								"south": {"uv": [18, 18], "uv_size": [12, 12]},
								"west": {"uv": [18, 18], "uv_size": [12, 12]},
								"up": {"uv": [30, 30], "uv_size": [-12, -12]},
								"down": {"uv": [30, 30], "uv_size": [-12, -12]}
							}
						},
						{
							"origin": [-13.71803, 10.98475, 2.60174],
							"size": [12.2, 0.75, 2.525],
							"pivot": [-1.59435, 11.02342, 3.75],
							"rotation": [-47.94855, 4.79759, 17.33177],
							"uv": {
								"north": {"uv": [18, 18], "uv_size": [12, 12]},
								"east": {"uv": [18, 18], "uv_size": [12, 12]},
								"south": {"uv": [18, 18], "uv_size": [12, 12]},
								"west": {"uv": [18, 18], "uv_size": [12, 12]},
								"up": {"uv": [30, 30], "uv_size": [-12, -12]},
								"down": {"uv": [30, 30], "uv_size": [-12, -12]}
							}
						}
					]
				}
			]
		}
	]
}