{
	"format_version": "1.12.0",
	"minecraft:geometry": [
		{
			"description": {
				"identifier": "geometry.fly_head_jurei4",
				"texture_width": 64,
				"texture_height": 64,
				"visible_bounds_width": 4,
				"visible_bounds_height": 3,
				"visible_bounds_offset": [0, 0.5, 0]
			},
			"bones": [
				{
					"name": "root",
					"pivot": [0, 0, 0]
				},
				{
					"name": "fly_head_jurei",
					"parent": "root",
					"pivot": [0, 0, 0],
					"cubes": [
						{
							"origin": [-2.5, 7, -6],
							"size": [6, 5, 5],
							"uv": {
								"north": {"uv": [2, 2], "uv_size": [12, 12]},
								"east": {"uv": [2, 2], "uv_size": [12, 12]},
								"south": {"uv": [2, 2], "uv_size": [12, 12]},
								"west": {"uv": [2, 2], "uv_size": [12, 12]},
								"up": {"uv": [14, 14], "uv_size": [-12, -12]},
								"down": {"uv": [14, 14], "uv_size": [-12, -12]}
							}
						},
						{
							"origin": [-3.25, 14.5, -6.25],
							"size": [6, 0.5, 1],
							"pivot": [0.5, 21, -4],
							"rotation": [0, 45, 0],
							"uv": {
								"north": {"uv": [18, 2], "uv_size": [12, 12]},
								"east": {"uv": [18, 2], "uv_size": [12, 12]},
								"south": {"uv": [18, 2], "uv_size": [12, 12]},
								"west": {"uv": [18, 2], "uv_size": [12, 12]},
								"up": {"uv": [30, 14], "uv_size": [-12, -12]},
								"down": {"uv": [30, 14], "uv_size": [-12, -12]}
							}
						},
						{
							"origin": [-3.25, 14.5, -1.25],
							"size": [6, 0.5, 1],
							"pivot": [0.5, 21, -4],
							"rotation": [0, 45, 0],
							"uv": {
								"north": {"uv": [18, 2], "uv_size": [12, 12]},
								"east": {"uv": [18, 2], "uv_size": [12, 12]},
								"south": {"uv": [18, 2], "uv_size": [12, 12]},
								"west": {"uv": [18, 2], "uv_size": [12, 12]},
								"up": {"uv": [30, 14], "uv_size": [-12, -12]},
								"down": {"uv": [30, 14], "uv_size": [-12, -12]}
							}
						},
						{
							"origin": [1.75, 14.5, -6.25],
							"size": [1, 0.5, 6],
							"pivot": [0.5, 21, -4],
							"rotation": [0, 45, 0],
							"uv": {
								"north": {"uv": [18, 2], "uv_size": [12, 12]},
								"east": {"uv": [18, 2], "uv_size": [12, 12]},
								"south": {"uv": [18, 2], "uv_size": [12, 12]},
								"west": {"uv": [18, 2], "uv_size": [12, 12]},
								"up": {"uv": [30, 14], "uv_size": [-12, -12]},
								"down": {"uv": [30, 14], "uv_size": [-12, -12]}
							}
						},
						{
							"origin": [-3.25, 14.5, -6.25],
							"size": [1, 0.5, 6],
							"pivot": [0.5, 21, -4],
							"rotation": [0, 45, 0],
							"uv": {
								"north": {"uv": [18, 2], "uv_size": [12, 12]},
								"east": {"uv": [18, 2], "uv_size": [12, 12]},
								"south": {"uv": [18, 2], "uv_size": [12, 12]},
								"west": {"uv": [18, 2], "uv_size": [12, 12]},
								"up": {"uv": [30, 14], "uv_size": [-12, -12]},
								"down": {"uv": [30, 14], "uv_size": [-12, -12]}
							}
						},
						{
							"origin": [2.375, 7.2, -6.45],
							"size": [1.625, 1.1, 1.25],
							"pivot": [1.5, 7, -2],
							"rotation": [-36.54514, -9.06524, -12.0012],
							"uv": {
								"north": {"uv": [18, 18], "uv_size": [12, 12]},
								"east": {"uv": [18, 18], "uv_size": [12, 12]},
								"south": {"uv": [18, 18], "uv_size": [12, 12]},
								"west": {"uv": [18, 18], "uv_size": [12, 12]},
								"up": {"uv": [30, 30], "uv_size": [-12, -12]},
								"down": {"uv": [30, 30], "uv_size": [-12, -12]}
							}
						},
						{
							"origin": [1.8, 7.35, -6.55],
							"size": [1.9, 0.975, 1.45],
							"pivot": [1.5, 7, -2],
							"rotation": [-37.07723, 6.06809, 7.96341],
							"uv": {
								"north": {"uv": [2, 2], "uv_size": [12, 12]},
								"east": {"uv": [2, 2], "uv_size": [12, 12]},
								"south": {"uv": [2, 2], "uv_size": [12, 12]},
								"west": {"uv": [2, 2], "uv_size": [12, 12]},
								"up": {"uv": [14, 14], "uv_size": [-12, -12]},
								"down": {"uv": [14, 14], "uv_size": [-12, -12]}
							}
						},
						{
							"origin": [-3, 7.2, -6.45],
							"size": [1.625, 1.1, 1.25],
							"pivot": [-0.5, 7, -2],
							"rotation": [-36.54514, 9.06524, 12.0012],
							"uv": {
								"north": {"uv": [18, 18], "uv_size": [12, 12]},
								"east": {"uv": [18, 18], "uv_size": [12, 12]},
								"south": {"uv": [18, 18], "uv_size": [12, 12]},
								"west": {"uv": [18, 18], "uv_size": [12, 12]},
								"up": {"uv": [30, 30], "uv_size": [-12, -12]},
								"down": {"uv": [30, 30], "uv_size": [-12, -12]}
							}
						},
						{
							"origin": [-2.7, 7.35, -6.55],
							"size": [1.9, 0.975, 1.45],
							"pivot": [-0.5, 7, -2],
							"rotation": [-37.07723, -6.06809, -7.96341],
							"uv": {
								"north": {"uv": [2, 2], "uv_size": [12, 12]},
								"east": {"uv": [2, 2], "uv_size": [12, 12]},
								"south": {"uv": [2, 2], "uv_size": [12, 12]},
								"west": {"uv": [2, 2], "uv_size": [12, 12]},
								"up": {"uv": [14, 14], "uv_size": [-12, -12]},
								"down": {"uv": [14, 14], "uv_size": [-12, -12]}
							}
						},
						{
							"origin": [1.04277, 10.07818, -6],
							"size": [3, 2.2, 5.5],
							"pivot": [-4.95723, 10.07818, -2],
							"rotation": [0, 0, 20],
							"uv": {
								"north": {"uv": [2, 2], "uv_size": [12, 12]},
								"east": {"uv": [2, 2], "uv_size": [12, 12]},
								"south": {"uv": [2, 2], "uv_size": [12, 12]},
								"west": {"uv": [2, 2], "uv_size": [12, 12]},
								"up": {"uv": [14, 14], "uv_size": [-12, -12]},
								"down": {"uv": [14, 14], "uv_size": [-12, -12]}
							}
						},
						{
							"origin": [-1.6, 7, -9],
							"size": [4.2, 3, 8],
							"uv": {
								"north": {"uv": [2, 2], "uv_size": [12, 12]},
								"east": {"uv": [2, 2], "uv_size": [12, 12]},
								"south": {"uv": [2, 2], "uv_size": [12, 12]},
								"west": {"uv": [2, 2], "uv_size": [12, 12]},
								"up": {"uv": [14, 14], "uv_size": [-12, -12]},
								"down": {"uv": [14, 14], "uv_size": [-12, -12]}
							}
						},
						{
							"origin": [-0.6, 6.5, -8.9],
							"size": [0.95, 1, 0.65],
							"uv": {
								"north": {"uv": [34, 2], "uv_size": [12, 12]},
								"east": {"uv": [34, 2], "uv_size": [12, 12]},
								"south": {"uv": [34, 2], "uv_size": [12, 12]},
								"west": {"uv": [34, 2], "uv_size": [12, 12]},
								"up": {"uv": [46, 14], "uv_size": [-12, -12]},
								"down": {"uv": [46, 14], "uv_size": [-12, -12]}
							}
						},
						{
							"origin": [0.65, 6.5, -8.9],
							"size": [0.95, 1, 0.65],
							"uv": {
								"north": {"uv": [34, 2], "uv_size": [12, 12]},
								"east": {"uv": [34, 2], "uv_size": [12, 12]},
								"south": {"uv": [34, 2], "uv_size": [12, 12]},
								"west": {"uv": [34, 2], "uv_size": [12, 12]},
								"up": {"uv": [46, 14], "uv_size": [-12, -12]},
								"down": {"uv": [46, 14], "uv_size": [-12, -12]}
							}
						},
						{
							"origin": [1.35, 6.5, -9.425],
							"size": [0.625, 1, 0.65],
							"pivot": [1, 7, -8.25],
							"rotation": [0, -57.5, 0],
							"uv": {
								"north": {"uv": [34, 2], "uv_size": [12, 12]},
								"east": {"uv": [34, 2], "uv_size": [12, 12]},
								"south": {"uv": [34, 2], "uv_size": [12, 12]},
								"west": {"uv": [34, 2], "uv_size": [12, 12]},
								"up": {"uv": [46, 14], "uv_size": [-12, -12]},
								"down": {"uv": [46, 14], "uv_size": [-12, -12]}
							}
						},
						{
							"origin": [-0.975, 6.5, -9.425],
							"size": [0.625, 1, 0.65],
							"pivot": [0, 7, -8.25],
							"rotation": [0, 57.5, 0],
							"uv": {
								"north": {"uv": [34, 2], "uv_size": [12, 12]},
								"east": {"uv": [34, 2], "uv_size": [12, 12]},
								"south": {"uv": [34, 2], "uv_size": [12, 12]},
								"west": {"uv": [34, 2], "uv_size": [12, 12]},
								"up": {"uv": [46, 14], "uv_size": [-12, -12]},
								"down": {"uv": [46, 14], "uv_size": [-12, -12]}
							}
						},
						{
							"origin": [1.35, 4.575, -8.55],
							"size": [0.625, 1, 0.65],
							"pivot": [1, 5.075, -7.375],
							"rotation": [30.40531, -53.54818, -25.26795],
							"uv": {
								"north": {"uv": [34, 2], "uv_size": [12, 12]},
								"east": {"uv": [34, 2], "uv_size": [12, 12]},
								"south": {"uv": [34, 2], "uv_size": [12, 12]},
								"west": {"uv": [34, 2], "uv_size": [12, 12]},
								"up": {"uv": [46, 14], "uv_size": [-12, -12]},
								"down": {"uv": [46, 14], "uv_size": [-12, -12]}
							}
						},
						{
							"origin": [-0.975, 4.575, -8.55],
							"size": [0.625, 1, 0.65],
							"pivot": [0, 5.075, -7.375],
							"rotation": [30.40531, 53.54818, 25.26795],
							"uv": {
								"north": {"uv": [34, 2], "uv_size": [12, 12]},
								"east": {"uv": [34, 2], "uv_size": [12, 12]},
								"south": {"uv": [34, 2], "uv_size": [12, 12]},
								"west": {"uv": [34, 2], "uv_size": [12, 12]},
								"up": {"uv": [46, 14], "uv_size": [-12, -12]},
								"down": {"uv": [46, 14], "uv_size": [-12, -12]}
							}
						},
						{
							"origin": [-1.225, 6.5, -9.775],
							"size": [0.625, 1, 0.65],
							"pivot": [0, 7, -8.25],
							"rotation": [0, 90, 0],
							"uv": {
								"north": {"uv": [34, 2], "uv_size": [12, 12]},
								"east": {"uv": [34, 2], "uv_size": [12, 12]},
								"south": {"uv": [34, 2], "uv_size": [12, 12]},
								"west": {"uv": [34, 2], "uv_size": [12, 12]},
								"up": {"uv": [46, 14], "uv_size": [-12, -12]},
								"down": {"uv": [46, 14], "uv_size": [-12, -12]}
							}
						},
						{
							"origin": [-1.975, 6.5, -9.775],
							"size": [0.625, 1, 0.65],
							"pivot": [0, 7, -8.25],
							"rotation": [0, 90, 0],
							"uv": {
								"north": {"uv": [34, 2], "uv_size": [12, 12]},
								"east": {"uv": [34, 2], "uv_size": [12, 12]},
								"south": {"uv": [34, 2], "uv_size": [12, 12]},
								"west": {"uv": [34, 2], "uv_size": [12, 12]},
								"up": {"uv": [46, 14], "uv_size": [-12, -12]},
								"down": {"uv": [46, 14], "uv_size": [-12, -12]}
							}
						},
						{
							"origin": [-2.725, 6.5, -9.775],
							"size": [0.625, 1, 0.65],
							"pivot": [0, 7, -8.25],
							"rotation": [0, 90, 0],
							"uv": {
								"north": {"uv": [34, 2], "uv_size": [12, 12]},
								"east": {"uv": [34, 2], "uv_size": [12, 12]},
								"south": {"uv": [34, 2], "uv_size": [12, 12]},
								"west": {"uv": [34, 2], "uv_size": [12, 12]},
								"up": {"uv": [46, 14], "uv_size": [-12, -12]},
								"down": {"uv": [46, 14], "uv_size": [-12, -12]}
							}
						},
						{
							"origin": [-1.725, 6.5, -7.425],
							"size": [0.625, 1, 0.65],
							"pivot": [1, 7, -8.25],
							"rotation": [0, 90, 0],
							"uv": {
								"north": {"uv": [34, 2], "uv_size": [12, 12]},
								"east": {"uv": [34, 2], "uv_size": [12, 12]},
								"south": {"uv": [34, 2], "uv_size": [12, 12]},
								"west": {"uv": [34, 2], "uv_size": [12, 12]},
								"up": {"uv": [46, 14], "uv_size": [-12, -12]},
								"down": {"uv": [46, 14], "uv_size": [-12, -12]}
							}
						},
						{
							"origin": [-0.975, 6.5, -7.425],
							"size": [0.625, 1, 0.65],
							"pivot": [1, 7, -8.25],
							"rotation": [0, 90, 0],
							"uv": {
								"north": {"uv": [34, 2], "uv_size": [12, 12]},
								"east": {"uv": [34, 2], "uv_size": [12, 12]},
								"south": {"uv": [34, 2], "uv_size": [12, 12]},
								"west": {"uv": [34, 2], "uv_size": [12, 12]},
								"up": {"uv": [46, 14], "uv_size": [-12, -12]},
								"down": {"uv": [46, 14], "uv_size": [-12, -12]}
							}
						},
						{
							"origin": [-0.225, 6.5, -7.425],
							"size": [0.625, 1, 0.65],
							"pivot": [1, 7, -8.25],
							"rotation": [0, 90, 0],
							"uv": {
								"north": {"uv": [34, 2], "uv_size": [12, 12]},
								"east": {"uv": [34, 2], "uv_size": [12, 12]},
								"south": {"uv": [34, 2], "uv_size": [12, 12]},
								"west": {"uv": [34, 2], "uv_size": [12, 12]},
								"up": {"uv": [46, 14], "uv_size": [-12, -12]},
								"down": {"uv": [46, 14], "uv_size": [-12, -12]}
							}
						},
						{
							"origin": [-0.45, 4.425, -7.425],
							"size": [0.625, 1, 0.65],
							"pivot": [1, 7, -8.25],
							"rotation": [90, 75, 90],
							"uv": {
								"north": {"uv": [34, 2], "uv_size": [12, 12]},
								"east": {"uv": [34, 2], "uv_size": [12, 12]},
								"south": {"uv": [34, 2], "uv_size": [12, 12]},
								"west": {"uv": [34, 2], "uv_size": [12, 12]},
								"up": {"uv": [46, 14], "uv_size": [-12, -12]},
								"down": {"uv": [46, 14], "uv_size": [-12, -12]}
							}
						},
						{
							"origin": [-1.2, 4.425, -7.425],
							"size": [0.625, 1, 0.65],
							"pivot": [1, 7, -8.25],
							"rotation": [90, 75, 90],
							"uv": {
								"north": {"uv": [34, 2], "uv_size": [12, 12]},
								"east": {"uv": [34, 2], "uv_size": [12, 12]},
								"south": {"uv": [34, 2], "uv_size": [12, 12]},
								"west": {"uv": [34, 2], "uv_size": [12, 12]},
								"up": {"uv": [46, 14], "uv_size": [-12, -12]},
								"down": {"uv": [46, 14], "uv_size": [-12, -12]}
							}
						},
						{
							"origin": [-1.95, 4.425, -7.425],
							"size": [0.625, 1, 0.65],
							"pivot": [1, 7, -8.25],
							"rotation": [90, 75, 90],
							"uv": {
								"north": {"uv": [34, 2], "uv_size": [12, 12]},
								"east": {"uv": [34, 2], "uv_size": [12, 12]},
								"south": {"uv": [34, 2], "uv_size": [12, 12]},
								"west": {"uv": [34, 2], "uv_size": [12, 12]},
								"up": {"uv": [46, 14], "uv_size": [-12, -12]},
								"down": {"uv": [46, 14], "uv_size": [-12, -12]}
							}
						},
						{
							"origin": [0.825, 4.425, -7.425],
							"size": [0.625, 1, 0.65],
							"pivot": [0, 7, -8.25],
							"rotation": [90, -75, -90],
							"uv": {
								"north": {"uv": [34, 2], "uv_size": [12, 12]},
								"east": {"uv": [34, 2], "uv_size": [12, 12]},
								"south": {"uv": [34, 2], "uv_size": [12, 12]},
								"west": {"uv": [34, 2], "uv_size": [12, 12]},
								"up": {"uv": [46, 14], "uv_size": [-12, -12]},
								"down": {"uv": [46, 14], "uv_size": [-12, -12]}
							}
						},
						{
							"origin": [1.575, 4.425, -7.425],
							"size": [0.625, 1, 0.65],
							"pivot": [0, 7, -8.25],
							"rotation": [90, -75, -90],
							"uv": {
								"north": {"uv": [34, 2], "uv_size": [12, 12]},
								"east": {"uv": [34, 2], "uv_size": [12, 12]},
								"south": {"uv": [34, 2], "uv_size": [12, 12]},
								"west": {"uv": [34, 2], "uv_size": [12, 12]},
								"up": {"uv": [46, 14], "uv_size": [-12, -12]},
								"down": {"uv": [46, 14], "uv_size": [-12, -12]}
							}
						},
						{
							"origin": [2.325, 4.425, -7.425],
							"size": [0.625, 1, 0.65],
							"pivot": [0, 7, -8.25],
							"rotation": [90, -75, -90],
							"uv": {
								"north": {"uv": [34, 2], "uv_size": [12, 12]},
								"east": {"uv": [34, 2], "uv_size": [12, 12]},
								"south": {"uv": [34, 2], "uv_size": [12, 12]},
								"west": {"uv": [34, 2], "uv_size": [12, 12]},
								"up": {"uv": [46, 14], "uv_size": [-12, -12]},
								"down": {"uv": [46, 14], "uv_size": [-12, -12]}
							}
						},
						{
							"origin": [-1.6, 9.08632, -9.05989],
							"size": [4.2, 0.65, 8],
							"pivot": [0.5, 9.08632, -2.05989],
							"rotation": [-7.5, 0, 0],
							"uv": {
								"north": {"uv": [2, 2], "uv_size": [12, 12]},
								"east": {"uv": [2, 2], "uv_size": [12, 12]},
								"south": {"uv": [2, 2], "uv_size": [12, 12]},
								"west": {"uv": [2, 2], "uv_size": [12, 12]},
								"up": {"uv": [14, 14], "uv_size": [-12, -12]},
								"down": {"uv": [14, 14], "uv_size": [-12, -12]}
							}
						},
						{
							"origin": [-2.25, 6.8, -5.175],
							"size": [5.5, 5.25, 5],
							"pivot": [0.5, 7, -2],
							"rotation": [5, 0, 0],
							"uv": {
								"north": {"uv": [2, 2], "uv_size": [12, 12]},
								"east": {"uv": [2, 2], "uv_size": [12, 12]},
								"south": {"uv": [2, 2], "uv_size": [12, 12]},
								"west": {"uv": [2, 2], "uv_size": [12, 12]},
								"up": {"uv": [14, 14], "uv_size": [-12, -12]},
								"down": {"uv": [14, 14], "uv_size": [-12, -12]}
							}
						},
						{
							"origin": [-2.75, 4.8, -0.425],
							"size": [6.25, 7.25, 8.25],
							"uv": {
								"north": {"uv": [2, 2], "uv_size": [12, 12]},
								"east": {"uv": [2, 2], "uv_size": [12, 12]},
								"south": {"uv": [2, 2], "uv_size": [12, 12]},
								"west": {"uv": [2, 2], "uv_size": [12, 12]},
								"up": {"uv": [14, 14], "uv_size": [-12, -12]},
								"down": {"uv": [14, 14], "uv_size": [-12, -12]}
							}
						},
						{
							"origin": [-3, 4.8, -0.425],
							"size": [6.75, 7.5, 4.5],
							"uv": {
								"north": {"uv": [2, 2], "uv_size": [12, 12]},
								"east": {"uv": [2, 2], "uv_size": [12, 12]},
								"south": {"uv": [2, 2], "uv_size": [12, 12]},
								"west": {"uv": [2, 2], "uv_size": [12, 12]},
								"up": {"uv": [14, 14], "uv_size": [-12, -12]},
								"down": {"uv": [14, 14], "uv_size": [-12, -12]}
							}
						},
						{
							"origin": [3.18991, -0.29545, -0.84729],
							"size": [2.25, 3.75, 2.25],
							"pivot": [2.38991, 2.65455, -2.42229],
							"rotation": [7.58937, -2.30644, -4.43745],
							"uv": {
								"north": {"uv": [2, 2], "uv_size": [12, 12]},
								"east": {"uv": [2, 2], "uv_size": [12, 12]},
								"south": {"uv": [2, 2], "uv_size": [12, 12]},
								"west": {"uv": [2, 2], "uv_size": [12, 12]},
								"up": {"uv": [14, 14], "uv_size": [-12, -12]},
								"down": {"uv": [14, 14], "uv_size": [-12, -12]}
							}
						},
						{
							"origin": [3.18991, 1.15455, -9.27229],
							"size": [2.25, 2, 3.675],
							"pivot": [2.38991, 2.65455, -2.42229],
							"rotation": [122.58937, -2.30644, -4.43745],
							"uv": {
								"north": {"uv": [2, 2], "uv_size": [12, 12]},
								"east": {"uv": [2, 2], "uv_size": [12, 12]},
								"south": {"uv": [2, 2], "uv_size": [12, 12]},
								"west": {"uv": [2, 2], "uv_size": [12, 12]},
								"up": {"uv": [14, 14], "uv_size": [-12, -12]},
								"down": {"uv": [14, 14], "uv_size": [-12, -12]}
							}
						},
						{
							"origin": [-4.68991, 1.15455, -9.27229],
							"size": [2.25, 2, 3.675],
							"pivot": [-1.63991, 2.65455, -2.42229],
							"rotation": [122.58937, 2.30644, 4.43745],
							"uv": {
								"north": {"uv": [2, 2], "uv_size": [12, 12]},
								"east": {"uv": [2, 2], "uv_size": [12, 12]},
								"south": {"uv": [2, 2], "uv_size": [12, 12]},
								"west": {"uv": [2, 2], "uv_size": [12, 12]},
								"up": {"uv": [14, 14], "uv_size": [-12, -12]},
								"down": {"uv": [14, 14], "uv_size": [-12, -12]}
							}
						},
						{
							"origin": [1.3, 3.05, -0.425],
							"size": [3, 4.75, 3.75],
							"pivot": [1.25, 7, -2],
							"rotation": [-9.18679, -4.38809, -16.78474],
							"uv": {
								"north": {"uv": [2, 2], "uv_size": [12, 12]},
								"east": {"uv": [2, 2], "uv_size": [12, 12]},
								"south": {"uv": [2, 2], "uv_size": [12, 12]},
								"west": {"uv": [2, 2], "uv_size": [12, 12]},
								"up": {"uv": [14, 14], "uv_size": [-12, -12]},
								"down": {"uv": [14, 14], "uv_size": [-12, -12]}
							}
						},
						{
							"origin": [-4.68991, -0.29545, -0.84729],
							"size": [2.25, 3.75, 2.25],
							"pivot": [-1.63991, 2.65455, -2.42229],
							"rotation": [7.58937, 2.30644, 4.43745],
							"uv": {
								"north": {"uv": [2, 2], "uv_size": [12, 12]},
								"east": {"uv": [2, 2], "uv_size": [12, 12]},
								"south": {"uv": [2, 2], "uv_size": [12, 12]},
								"west": {"uv": [2, 2], "uv_size": [12, 12]},
								"up": {"uv": [14, 14], "uv_size": [-12, -12]},
								"down": {"uv": [14, 14], "uv_size": [-12, -12]}
							}
						},
						{
							"origin": [-3.55, 3.05, -0.425],
							"size": [3, 4.75, 3.75],
							"pivot": [-0.5, 7, -2],
							"rotation": [-9.18679, 4.38809, 16.78474],
							"uv": {
								"north": {"uv": [2, 2], "uv_size": [12, 12]},
								"east": {"uv": [2, 2], "uv_size": [12, 12]},
								"south": {"uv": [2, 2], "uv_size": [12, 12]},
								"west": {"uv": [2, 2], "uv_size": [12, 12]},
								"up": {"uv": [14, 14], "uv_size": [-12, -12]},
								"down": {"uv": [14, 14], "uv_size": [-12, -12]}
							}
						},
						{
							"origin": [-3, 3.825, 4.575],
							"size": [6.75, 6.975, 5.5],
							"pivot": [0.5, 7, -2],
							"rotation": [12.5, 0, 0],
							"uv": {
								"north": {"uv": [2, 2], "uv_size": [12, 12]},
								"east": {"uv": [2, 2], "uv_size": [12, 12]},
								"south": {"uv": [2, 2], "uv_size": [12, 12]},
								"west": {"uv": [2, 2], "uv_size": [12, 12]},
								"up": {"uv": [14, 14], "uv_size": [-12, -12]},
								"down": {"uv": [14, 14], "uv_size": [-12, -12]}
							}
						},
						{
							"origin": [1, 1.1, 4.575],
							"size": [3.5, 5.975, 5.5],
							"pivot": [1.25, 7, -2],
							"rotation": [14.95392, 1.08089, -4.88206],
							"uv": {
								"north": {"uv": [2, 2], "uv_size": [12, 12]},
								"east": {"uv": [2, 2], "uv_size": [12, 12]},
								"south": {"uv": [2, 2], "uv_size": [12, 12]},
								"west": {"uv": [2, 2], "uv_size": [12, 12]},
								"up": {"uv": [14, 14], "uv_size": [-12, -12]},
								"down": {"uv": [14, 14], "uv_size": [-12, -12]}
							}
						},
						{
							"origin": [1.84277, -5.24625, 8.27616],
							"size": [3.5, 3.275, 4.5],
							"pivot": [2.09277, -2.04625, 1.70116],
							"rotation": [49.95392, 1.08089, -4.88206],
							"uv": {
								"north": {"uv": [2, 2], "uv_size": [12, 12]},
								"east": {"uv": [2, 2], "uv_size": [12, 12]},
								"south": {"uv": [2, 2], "uv_size": [12, 12]},
								"west": {"uv": [2, 2], "uv_size": [12, 12]},
								"up": {"uv": [14, 14], "uv_size": [-12, -12]},
								"down": {"uv": [14, 14], "uv_size": [-12, -12]}
							}
						},
						{
							"origin": [2.21155, -0.89346, 7.77825],
							"size": [2.5, 2.275, 4.5],
							"pivot": [1.71155, 2.30654, 1.20325],
							"rotation": [14.95392, 1.08089, -4.88206],
							"uv": {
								"north": {"uv": [2, 2], "uv_size": [12, 12]},
								"east": {"uv": [2, 2], "uv_size": [12, 12]},
								"south": {"uv": [2, 2], "uv_size": [12, 12]},
								"west": {"uv": [2, 2], "uv_size": [12, 12]},
								"up": {"uv": [14, 14], "uv_size": [-12, -12]},
								"down": {"uv": [14, 14], "uv_size": [-12, -12]}
							}
						},
						{
							"origin": [2.21155, -3.39346, 12.02825],
							"size": [2.5, 5.025, 1],
							"pivot": [1.71155, 2.30654, 1.20325],
							"rotation": [14.95392, 1.08089, -4.88206],
							"uv": {
								"north": {"uv": [2, 2], "uv_size": [12, 12]},
								"east": {"uv": [2, 2], "uv_size": [12, 12]},
								"south": {"uv": [2, 2], "uv_size": [12, 12]},
								"west": {"uv": [2, 2], "uv_size": [12, 12]},
								"up": {"uv": [14, 14], "uv_size": [-12, -12]},
								"down": {"uv": [14, 14], "uv_size": [-12, -12]}
							}
						},
						{
							"origin": [-3.96155, -3.39346, 12.02825],
							"size": [2.5, 5.025, 1],
							"pivot": [-0.96155, 2.30654, 1.20325],
							"rotation": [14.95392, -1.08089, 4.88206],
							"uv": {
								"north": {"uv": [2, 2], "uv_size": [12, 12]},
								"east": {"uv": [2, 2], "uv_size": [12, 12]},
								"south": {"uv": [2, 2], "uv_size": [12, 12]},
								"west": {"uv": [2, 2], "uv_size": [12, 12]},
								"up": {"uv": [14, 14], "uv_size": [-12, -12]},
								"down": {"uv": [14, 14], "uv_size": [-12, -12]}
							}
						},
						{
							"origin": [-3.75, 1.1, 4.575],
							"size": [3.5, 5.975, 5.5],
							"pivot": [-0.5, 7, -2],
							"rotation": [14.95392, -1.08089, 4.88206],
							"uv": {
								"north": {"uv": [2, 2], "uv_size": [12, 12]},
								"east": {"uv": [2, 2], "uv_size": [12, 12]},
								"south": {"uv": [2, 2], "uv_size": [12, 12]},
								"west": {"uv": [2, 2], "uv_size": [12, 12]},
								"up": {"uv": [14, 14], "uv_size": [-12, -12]},
								"down": {"uv": [14, 14], "uv_size": [-12, -12]}
							}
						},
						{
							"origin": [-4.59277, -5.24625, 8.27616],
							"size": [3.5, 3.275, 4.5],
							"pivot": [-1.34277, -2.04625, 1.70116],
							"rotation": [49.95392, -1.08089, 4.88206],
							"uv": {
								"north": {"uv": [2, 2], "uv_size": [12, 12]},
								"east": {"uv": [2, 2], "uv_size": [12, 12]},
								"south": {"uv": [2, 2], "uv_size": [12, 12]},
								"west": {"uv": [2, 2], "uv_size": [12, 12]},
								"up": {"uv": [14, 14], "uv_size": [-12, -12]},
								"down": {"uv": [14, 14], "uv_size": [-12, -12]}
							}
						},
						{
							"origin": [-3.96155, -0.89346, 7.77825],
							"size": [2.5, 2.275, 4.5],
							"pivot": [-0.96155, 2.30654, 1.20325],
							"rotation": [14.95392, -1.08089, 4.88206],
							"uv": {
								"north": {"uv": [2, 2], "uv_size": [12, 12]},
								"east": {"uv": [2, 2], "uv_size": [12, 12]},
								"south": {"uv": [2, 2], "uv_size": [12, 12]},
								"west": {"uv": [2, 2], "uv_size": [12, 12]},
								"up": {"uv": [14, 14], "uv_size": [-12, -12]},
								"down": {"uv": [14, 14], "uv_size": [-12, -12]}
							}
						},
						{
							"origin": [-1.5, 6.3, -7],
							"size": [4, 5.7, 5],
							"pivot": [0.5, 7, -2],
							"rotation": [-7.5, 0, 0],
							"uv": {
								"north": {"uv": [2, 2], "uv_size": [12, 12]},
								"east": {"uv": [2, 2], "uv_size": [12, 12]},
								"south": {"uv": [2, 2], "uv_size": [12, 12]},
								"west": {"uv": [2, 2], "uv_size": [12, 12]},
								"up": {"uv": [14, 14], "uv_size": [-12, -12]},
								"down": {"uv": [14, 14], "uv_size": [-12, -12]}
							}
						},
						{
							"origin": [-1.6, 5.3, -8.5],
							"size": [4.2, 1.7, 6.5],
							"pivot": [0.5, 7, -2],
							"rotation": [20, 0, 0],
							"uv": {
								"north": {"uv": [2, 2], "uv_size": [12, 12]},
								"east": {"uv": [2, 2], "uv_size": [12, 12]},
								"south": {"uv": [2, 2], "uv_size": [12, 12]},
								"west": {"uv": [2, 2], "uv_size": [12, 12]},
								"up": {"uv": [14, 14], "uv_size": [-12, -12]},
								"down": {"uv": [14, 14], "uv_size": [-12, -12]}
							}
						},
						{
							"origin": [0.65, 5.3, -8.4],
							"size": [0.85, 2.2, 0.65],
							"pivot": [0.5, 7, -2],
							"rotation": [20, 0, 0],
							"uv": {
								"north": {"uv": [34, 2], "uv_size": [12, 12]},
								"east": {"uv": [34, 2], "uv_size": [12, 12]},
								"south": {"uv": [34, 2], "uv_size": [12, 12]},
								"west": {"uv": [34, 2], "uv_size": [12, 12]},
								"up": {"uv": [46, 14], "uv_size": [-12, -12]},
								"down": {"uv": [46, 14], "uv_size": [-12, -12]}
							}
						},
						{
							"origin": [-0.5, 5.3, -8.4],
							"size": [0.85, 2.2, 0.65],
							"pivot": [0.5, 7, -2],
							"rotation": [20, 0, 0],
							"uv": {
								"north": {"uv": [34, 2], "uv_size": [12, 12]},
								"east": {"uv": [34, 2], "uv_size": [12, 12]},
								"south": {"uv": [34, 2], "uv_size": [12, 12]},
								"west": {"uv": [34, 2], "uv_size": [12, 12]},
								"up": {"uv": [46, 14], "uv_size": [-12, -12]},
								"down": {"uv": [46, 14], "uv_size": [-12, -12]}
							}
						},
						{
							"origin": [-2.25, 5.3, -6.5],
							"size": [5.5, 1.7, 5],
							"pivot": [0.5, 7, -2],
							"rotation": [20, 0, 0],
							"uv": {
								"north": {"uv": [2, 2], "uv_size": [12, 12]},
								"east": {"uv": [2, 2], "uv_size": [12, 12]},
								"south": {"uv": [2, 2], "uv_size": [12, 12]},
								"west": {"uv": [2, 2], "uv_size": [12, 12]},
								"up": {"uv": [14, 14], "uv_size": [-12, -12]},
								"down": {"uv": [14, 14], "uv_size": [-12, -12]}
							}
						},
						{
							"origin": [-2.25, 5.3, -4.475],
							"size": [5.5, 2.675, 2.975],
							"pivot": [0.5, 7, -2],
							"rotation": [20, 0, 0],
							"uv": {
								"north": {"uv": [2, 2], "uv_size": [12, 12]},
								"east": {"uv": [2, 2], "uv_size": [12, 12]},
								"south": {"uv": [2, 2], "uv_size": [12, 12]},
								"west": {"uv": [2, 2], "uv_size": [12, 12]},
								"up": {"uv": [14, 14], "uv_size": [-12, -12]},
								"down": {"uv": [14, 14], "uv_size": [-12, -12]}
							}
						},
						{
							"origin": [-1.25, 4.325, -4.125],
							"size": [3.5, 2.7, 3.575],
							"pivot": [0.5, 7, -2],
							"rotation": [2.5, 0, 0],
							"uv": {
								"north": {"uv": [2, 2], "uv_size": [12, 12]},
								"east": {"uv": [2, 2], "uv_size": [12, 12]},
								"south": {"uv": [2, 2], "uv_size": [12, 12]},
								"west": {"uv": [2, 2], "uv_size": [12, 12]},
								"up": {"uv": [14, 14], "uv_size": [-12, -12]},
								"down": {"uv": [14, 14], "uv_size": [-12, -12]}
							}
						},
						{
							"origin": [-1, 5.55, -9],
							"size": [3, 1.45, 3.5],
							"pivot": [0.5, 7, -2],
							"rotation": [30, 0, 0],
							"uv": {
								"north": {"uv": [2, 2], "uv_size": [12, 12]},
								"east": {"uv": [2, 2], "uv_size": [12, 12]},
								"south": {"uv": [2, 2], "uv_size": [12, 12]},
								"west": {"uv": [2, 2], "uv_size": [12, 12]},
								"up": {"uv": [14, 14], "uv_size": [-12, -12]},
								"down": {"uv": [14, 14], "uv_size": [-12, -12]}
							}
						},
						{
							"origin": [-2.62061, 7.68404, -6],
							"size": [3, 2.2, 5.5],
							"pivot": [-0.62061, 7.68404, -2],
							"rotation": [0, 0, -20],
							"uv": {
								"north": {"uv": [2, 2], "uv_size": [12, 12]},
								"east": {"uv": [2, 2], "uv_size": [12, 12]},
								"south": {"uv": [2, 2], "uv_size": [12, 12]},
								"west": {"uv": [2, 2], "uv_size": [12, 12]},
								"up": {"uv": [14, 14], "uv_size": [-12, -12]},
								"down": {"uv": [14, 14], "uv_size": [-12, -12]}
							}
						}
					]
				},
				{
					"name": "rightwing",
					"parent": "fly_head_jurei",
					"pivot": [-2.5, 11, 3],
					"cubes": [
						{
							"origin": [-0.75, 12.8, -0.425],
							"size": [2.75, 9.5, 0.5],
							"pivot": [-0.5, 7, -2],
							"rotation": [-27.62113, -12.19908, -21.99054],
							"uv": {
								"north": {"uv": [14, 18], "uv_size": [-12, 12]},
								"east": {"uv": [14, 18], "uv_size": [-12, 12]},
								"south": {"uv": [14, 18], "uv_size": [-12, 12]},
								"west": {"uv": [14, 18], "uv_size": [-12, 12]},
								"up": {"uv": [2, 30], "uv_size": [12, -12]},
								"down": {"uv": [2, 30], "uv_size": [12, -12]}
							}
						},
						{
							"origin": [0.225, 12.8, -0.425],
							"size": [1.775, 9.35, 0.5],
							"pivot": [-0.5, 7, -2],
							"rotation": [-25.31123, -16.66577, -31.23252],
							"uv": {
								"north": {"uv": [14, 18], "uv_size": [-12, 12]},
								"east": {"uv": [14, 18], "uv_size": [-12, 12]},
								"south": {"uv": [14, 18], "uv_size": [-12, 12]},
								"west": {"uv": [14, 18], "uv_size": [-12, 12]},
								"up": {"uv": [2, 30], "uv_size": [12, -12]},
								"down": {"uv": [2, 30], "uv_size": [12, -12]}
							}
						}
					]
				},
				{
					"name": "leftwing",
					"parent": "fly_head_jurei",
					"pivot": [2.5, 11, 3],
					"cubes": [
						{
							"origin": [-2, 12.8, -0.425],
							"size": [2.75, 9.5, 0.5],
							"pivot": [0.5, 7, -2],
							"rotation": [-27.62113, 12.19908, 21.99054],
							"uv": {
								"north": {"uv": [2, 18], "uv_size": [12, 12]},
								"east": {"uv": [2, 18], "uv_size": [12, 12]},
								"south": {"uv": [2, 18], "uv_size": [12, 12]},
								"west": {"uv": [2, 18], "uv_size": [12, 12]},
								"up": {"uv": [14, 30], "uv_size": [-12, -12]},
								"down": {"uv": [14, 30], "uv_size": [-12, -12]}
							}
						},
						{
							"origin": [-2, 12.8, -0.425],
							"size": [1.775, 9.35, 0.5],
							"pivot": [0.5, 7, -2],
							"rotation": [-25.31123, 16.66577, 31.23252],
							"uv": {
								"north": {"uv": [2, 18], "uv_size": [12, 12]},
								"east": {"uv": [2, 18], "uv_size": [12, 12]},
								"south": {"uv": [2, 18], "uv_size": [12, 12]},
								"west": {"uv": [2, 18], "uv_size": [12, 12]},
								"up": {"uv": [14, 30], "uv_size": [-12, -12]},
								"down": {"uv": [14, 30], "uv_size": [-12, -12]}
							}
						}
					]
				}
			]
		}
	]
}