{
	"format_version": "1.12.0",
	"minecraft:geometry": [
		{
			"description": {
				"identifier": "geometry.fly_head_jurei2",
				"texture_width": 64,
				"texture_height": 64,
				"visible_bounds_width": 4,
				"visible_bounds_height": 2.5,
				"visible_bounds_offset": [0, 0.75, 0]
			},
			"bones": [
				{
					"name": "root",
					"pivot": [0, 0, 0]
				},
				{
					"name": "fly_head",
					"parent": "root",
					"pivot": [0, 0, 0],
					"cubes": [
						{
							"origin": [-2, 0, -1],
							"size": [4, 4, 3],
							"uv": {
								"north": {"uv": [2, 2], "uv_size": [12, 12]},
								"east": {"uv": [2, 2], "uv_size": [12, 12]},
								"south": {"uv": [2, 2], "uv_size": [12, 12]},
								"west": {"uv": [2, 2], "uv_size": [12, 12]},
								"up": {"uv": [14, 14], "uv_size": [-12, -12]},
								"down": {"uv": [14, 14], "uv_size": [-12, -12]}
							}
						},
						{
							"origin": [-2, 0.175, 1.725],
							"size": [4, 4.075, 3],
							"pivot": [0, 0, 0],
							"rotation": [-10, 0, 0],
							"uv": {
								"north": {"uv": [2, 2], "uv_size": [12, 12]},
								"east": {"uv": [2, 2], "uv_size": [12, 12]},
								"south": {"uv": [2, 2], "uv_size": [12, 12]},
								"west": {"uv": [2, 2], "uv_size": [12, 12]},
								"up": {"uv": [14, 14], "uv_size": [-12, -12]},
								"down": {"uv": [14, 14], "uv_size": [-12, -12]}
							}
						},
						{
							"origin": [-2, -0.575, 4.725],
							"size": [4, 3.825, 3],
							"uv": {
								"north": {"uv": [2, 2], "uv_size": [12, 12]},
								"east": {"uv": [2, 2], "uv_size": [12, 12]},
								"south": {"uv": [2, 2], "uv_size": [12, 12]},
								"west": {"uv": [2, 2], "uv_size": [12, 12]},
								"up": {"uv": [14, 14], "uv_size": [-12, -12]},
								"down": {"uv": [14, 14], "uv_size": [-12, -12]}
							}
						},
						{
							"origin": [-2.25, -0.825, 5.475],
							"size": [4.5, 4.575, 3],
							"uv": {
								"north": {"uv": [2, 2], "uv_size": [12, 12]},
								"east": {"uv": [2, 2], "uv_size": [12, 12]},
								"south": {"uv": [2, 2], "uv_size": [12, 12]},
								"west": {"uv": [2, 2], "uv_size": [12, 12]},
								"up": {"uv": [14, 14], "uv_size": [-12, -12]},
								"down": {"uv": [14, 14], "uv_size": [-12, -12]}
							}
						},
						{
							"origin": [-2.25, 0.925, 10.425],
							"size": [4.5, 4.575, 3.55],
							"pivot": [0, 0, 0],
							"rotation": [-7.5, 0, 0],
							"uv": {
								"north": {"uv": [2, 2], "uv_size": [12, 12]},
								"east": {"uv": [2, 2], "uv_size": [12, 12]},
								"south": {"uv": [2, 2], "uv_size": [12, 12]},
								"west": {"uv": [2, 2], "uv_size": [12, 12]},
								"up": {"uv": [14, 14], "uv_size": [-12, -12]},
								"down": {"uv": [14, 14], "uv_size": [-12, -12]}
							}
						},
						{
							"origin": [-1.75, 4.925, 11.925],
							"size": [3.5, 3.575, 2.8],
							"pivot": [0, 0, 0],
							"rotation": [-22.5, 0, 0],
							"uv": {
								"north": {"uv": [2, 2], "uv_size": [12, 12]},
								"east": {"uv": [2, 2], "uv_size": [12, 12]},
								"south": {"uv": [2, 2], "uv_size": [12, 12]},
								"west": {"uv": [2, 2], "uv_size": [12, 12]},
								"up": {"uv": [14, 14], "uv_size": [-12, -12]},
								"down": {"uv": [14, 14], "uv_size": [-12, -12]}
							}
						},
						{
							"origin": [-1.25, 11.92923, 14.77895],
							"size": [2.5, 2.575, 2.8],
							"pivot": [0, 6.50423, 2.85395],
							"rotation": [-52.5, 0, 0],
							"uv": {
								"north": {"uv": [2, 2], "uv_size": [12, 12]},
								"east": {"uv": [2, 2], "uv_size": [12, 12]},
								"south": {"uv": [2, 2], "uv_size": [12, 12]},
								"west": {"uv": [2, 2], "uv_size": [12, 12]},
								"up": {"uv": [14, 14], "uv_size": [-12, -12]},
								"down": {"uv": [14, 14], "uv_size": [-12, -12]}
							}
						},
						{
							"origin": [-0.75, 3.60108, 14.95359],
							"size": [1.5, 1.575, 2.8],
							"pivot": [0, -2.32392, 3.02859],
							"rotation": [-22.5, 0, 0],
							"uv": {
								"north": {"uv": [2, 2], "uv_size": [12, 12]},
								"east": {"uv": [2, 2], "uv_size": [12, 12]},
								"south": {"uv": [2, 2], "uv_size": [12, 12]},
								"west": {"uv": [2, 2], "uv_size": [12, 12]},
								"up": {"uv": [14, 14], "uv_size": [-12, -12]},
								"down": {"uv": [14, 14], "uv_size": [-12, -12]}
							}
						},
						{
							"origin": [-1, -5.61947, 20.83995],
							"size": [2, 2.075, 1.8],
							"pivot": [0, -11.29447, 8.91495],
							"rotation": [15, 0, 0],
							"uv": {
								"north": {"uv": [2, 2], "uv_size": [12, 12]},
								"east": {"uv": [2, 2], "uv_size": [12, 12]},
								"south": {"uv": [2, 2], "uv_size": [12, 12]},
								"west": {"uv": [2, 2], "uv_size": [12, 12]},
								"up": {"uv": [14, 14], "uv_size": [-12, -12]},
								"down": {"uv": [14, 14], "uv_size": [-12, -12]}
							}
						},
						{
							"origin": [-0.75, -5.36947, 20.83995],
							"size": [1.5, 1.575, 4.55],
							"pivot": [0, -11.29447, 8.91495],
							"rotation": [15, 0, 0],
							"uv": {
								"north": {"uv": [2, 2], "uv_size": [12, 12]},
								"east": {"uv": [2, 2], "uv_size": [12, 12]},
								"south": {"uv": [2, 2], "uv_size": [12, 12]},
								"west": {"uv": [2, 2], "uv_size": [12, 12]},
								"up": {"uv": [14, 14], "uv_size": [-12, -12]},
								"down": {"uv": [14, 14], "uv_size": [-12, -12]}
							}
						},
						{
							"origin": [-2.5, -1.825, 8.675],
							"size": [5, 5.075, 3],
							"pivot": [0, 0, 0],
							"rotation": [5, 0, 0],
							"uv": {
								"north": {"uv": [2, 2], "uv_size": [12, 12]},
								"east": {"uv": [2, 2], "uv_size": [12, 12]},
								"south": {"uv": [2, 2], "uv_size": [12, 12]},
								"west": {"uv": [2, 2], "uv_size": [12, 12]},
								"up": {"uv": [14, 14], "uv_size": [-12, -12]},
								"down": {"uv": [14, 14], "uv_size": [-12, -12]}
							}
						},
						{
							"origin": [-2.15, -1.425, 7.925],
							"size": [4.3, 4.175, 3],
							"pivot": [0, 0, 0],
							"rotation": [5, 0, 0],
							"uv": {
								"north": {"uv": [2, 2], "uv_size": [12, 12]},
								"east": {"uv": [2, 2], "uv_size": [12, 12]},
								"south": {"uv": [2, 2], "uv_size": [12, 12]},
								"west": {"uv": [2, 2], "uv_size": [12, 12]},
								"up": {"uv": [14, 14], "uv_size": [-12, -12]},
								"down": {"uv": [14, 14], "uv_size": [-12, -12]}
							}
						},
						{
							"origin": [-1.75, 0.175, 1.225],
							"size": [3.5, 3.575, 3],
							"pivot": [0, 0, 0],
							"rotation": [-5, 0, 0],
							"uv": {
								"north": {"uv": [2, 2], "uv_size": [12, 12]},
								"east": {"uv": [2, 2], "uv_size": [12, 12]},
								"south": {"uv": [2, 2], "uv_size": [12, 12]},
								"west": {"uv": [2, 2], "uv_size": [12, 12]},
								"up": {"uv": [14, 14], "uv_size": [-12, -12]},
								"down": {"uv": [14, 14], "uv_size": [-12, -12]}
							}
						},
						{
							"origin": [-1, 0.175, 1.725],
							"size": [3, 4.475, 3],
							"pivot": [0, 0, 0],
							"rotation": [-9.6658, 2.57594, 14.78217],
							"uv": {
								"north": {"uv": [2, 2], "uv_size": [12, 12]},
								"east": {"uv": [2, 2], "uv_size": [12, 12]},
								"south": {"uv": [2, 2], "uv_size": [12, 12]},
								"west": {"uv": [2, 2], "uv_size": [12, 12]},
								"up": {"uv": [14, 14], "uv_size": [-12, -12]},
								"down": {"uv": [14, 14], "uv_size": [-12, -12]}
							}
						},
						{
							"origin": [-2, 0.175, 1.725],
							"size": [3, 4.475, 3],
							"pivot": [0, 0, 0],
							"rotation": [-9.6658, -2.57594, -14.78217],
							"uv": {
								"north": {"uv": [2, 2], "uv_size": [12, 12]},
								"east": {"uv": [2, 2], "uv_size": [12, 12]},
								"south": {"uv": [2, 2], "uv_size": [12, 12]},
								"west": {"uv": [2, 2], "uv_size": [12, 12]},
								"up": {"uv": [14, 14], "uv_size": [-12, -12]},
								"down": {"uv": [14, 14], "uv_size": [-12, -12]}
							}
						},
						{
							"origin": [-2.1, 1.75, -2.25],
							"size": [4.2, 1, 1],
							"pivot": [0, 0, 0],
							"rotation": [-45, 0, 0],
							"uv": {
								"north": {"uv": [34, 2], "uv_size": [12, 12]},
								"east": {"uv": [34, 2], "uv_size": [12, 12]},
								"south": {"uv": [34, 2], "uv_size": [12, 12]},
								"west": {"uv": [34, 2], "uv_size": [12, 12]},
								"up": {"uv": [46, 14], "uv_size": [-12, -12]},
								"down": {"uv": [46, 14], "uv_size": [-12, -12]}
							}
						},
						{
							"origin": [1.475, 0, 0.5],
							"size": [0.275, 4, 0.5],
							"pivot": [0, 0, 0],
							"rotation": [40, 0, 0],
							"uv": {
								"north": {"uv": [18, 2], "uv_size": [12, 12]},
								"east": {"uv": [18, 2], "uv_size": [12, 12]},
								"south": {"uv": [18, 2], "uv_size": [12, 12]},
								"west": {"uv": [18, 2], "uv_size": [12, 12]},
								"up": {"uv": [30, 14], "uv_size": [-12, -12]},
								"down": {"uv": [30, 14], "uv_size": [-12, -12]}
							}
						},
						{
							"origin": [-1.825, 0, 1],
							"size": [3.675, 4, 0.5],
							"pivot": [0, 0, 0],
							"rotation": [40, 0, 0],
							"uv": {
								"north": {"uv": [2, 2], "uv_size": [12, 12]},
								"east": {"uv": [2, 2], "uv_size": [12, 12]},
								"south": {"uv": [2, 2], "uv_size": [12, 12]},
								"west": {"uv": [2, 2], "uv_size": [12, 12]},
								"up": {"uv": [14, 14], "uv_size": [-12, -12]},
								"down": {"uv": [14, 14], "uv_size": [-12, -12]}
							}
						},
						{
							"origin": [-0.98823, 3.60309, 0.4135],
							"size": [1.975, 0.85, 0.5],
							"pivot": [-0.76323, 0.10309, -0.0865],
							"rotation": [40, 0, 0],
							"uv": {
								"north": {"uv": [18, 2], "uv_size": [12, 12]},
								"east": {"uv": [18, 2], "uv_size": [12, 12]},
								"south": {"uv": [18, 2], "uv_size": [12, 12]},
								"west": {"uv": [18, 2], "uv_size": [12, 12]},
								"up": {"uv": [30, 14], "uv_size": [-12, -12]},
								"down": {"uv": [30, 14], "uv_size": [-12, -12]}
							}
						},
						{
							"origin": [-1.75, 0, 0.5],
							"size": [0.275, 4, 0.5],
							"pivot": [0, 0, 0],
							"rotation": [40, 0, 0],
							"uv": {
								"north": {"uv": [18, 2], "uv_size": [12, 12]},
								"east": {"uv": [18, 2], "uv_size": [12, 12]},
								"south": {"uv": [18, 2], "uv_size": [12, 12]},
								"west": {"uv": [18, 2], "uv_size": [12, 12]},
								"up": {"uv": [30, 14], "uv_size": [-12, -12]},
								"down": {"uv": [30, 14], "uv_size": [-12, -12]}
							}
						},
						{
							"origin": [-1.08199, 3.77934, 0.26561],
							"size": [0.775, 0.5, 0.5],
							"pivot": [0.66801, 0.27934, -0.23439],
							"rotation": [39.56869, 6.40865, -7.69263],
							"uv": {
								"north": {"uv": [18, 2], "uv_size": [12, 12]},
								"east": {"uv": [18, 2], "uv_size": [12, 12]},
								"south": {"uv": [18, 2], "uv_size": [12, 12]},
								"west": {"uv": [18, 2], "uv_size": [12, 12]},
								"up": {"uv": [30, 14], "uv_size": [-12, -12]},
								"down": {"uv": [30, 14], "uv_size": [-12, -12]}
							}
						},
						{
							"origin": [0.30699, 3.77934, 0.26561],
							"size": [0.775, 0.5, 0.5],
							"pivot": [-0.66801, 0.27934, -0.23439],
							"rotation": [39.56869, -6.40865, 7.69263],
							"uv": {
								"north": {"uv": [18, 2], "uv_size": [12, 12]},
								"east": {"uv": [18, 2], "uv_size": [12, 12]},
								"south": {"uv": [18, 2], "uv_size": [12, 12]},
								"west": {"uv": [18, 2], "uv_size": [12, 12]},
								"up": {"uv": [30, 14], "uv_size": [-12, -12]},
								"down": {"uv": [30, 14], "uv_size": [-12, -12]}
							}
						},
						{
							"origin": [-0.98823, 3.821, -1.62208],
							"size": [1.975, 0.85, 0.5],
							"pivot": [-0.76323, 1.85309, -0.8365],
							"rotation": [107.5, 0, 0],
							"uv": {
								"north": {"uv": [18, 2], "uv_size": [12, 12]},
								"east": {"uv": [18, 2], "uv_size": [12, 12]},
								"south": {"uv": [18, 2], "uv_size": [12, 12]},
								"west": {"uv": [18, 2], "uv_size": [12, 12]},
								"up": {"uv": [30, 14], "uv_size": [-12, -12]},
								"down": {"uv": [30, 14], "uv_size": [-12, -12]}
							}
						},
						{
							"origin": [0.53164, 4.08739, -1.62208],
							"size": [0.775, 0.5, 0.5],
							"pivot": [-0.76323, 1.85309, -0.8365],
							"rotation": [107.75313, -9.53274, -3.03513],
							"uv": {
								"north": {"uv": [18, 2], "uv_size": [12, 12]},
								"east": {"uv": [18, 2], "uv_size": [12, 12]},
								"south": {"uv": [18, 2], "uv_size": [12, 12]},
								"west": {"uv": [18, 2], "uv_size": [12, 12]},
								"up": {"uv": [30, 14], "uv_size": [-12, -12]},
								"down": {"uv": [30, 14], "uv_size": [-12, -12]}
							}
						},
						{
							"origin": [1.475, 0.18643, -1.77208],
							"size": [0.275, 4, 0.65],
							"pivot": [-0.76323, 1.85309, -0.8365],
							"rotation": [107.5, 0, 0],
							"uv": {
								"north": {"uv": [18, 2], "uv_size": [12, 12]},
								"east": {"uv": [18, 2], "uv_size": [12, 12]},
								"south": {"uv": [18, 2], "uv_size": [12, 12]},
								"west": {"uv": [18, 2], "uv_size": [12, 12]},
								"up": {"uv": [30, 14], "uv_size": [-12, -12]},
								"down": {"uv": [30, 14], "uv_size": [-12, -12]}
							}
						},
						{
							"origin": [-1.85, -0.77659, -0.96163],
							"size": [3.7, 4, 0.5],
							"pivot": [-0.76323, 0.89008, -0.52605],
							"rotation": [95, 0, 0],
							"uv": {
								"north": {"uv": [2, 2], "uv_size": [12, 12]},
								"east": {"uv": [2, 2], "uv_size": [12, 12]},
								"south": {"uv": [2, 2], "uv_size": [12, 12]},
								"west": {"uv": [2, 2], "uv_size": [12, 12]},
								"up": {"uv": [14, 14], "uv_size": [-12, -12]},
								"down": {"uv": [14, 14], "uv_size": [-12, -12]}
							}
						},
						{
							"origin": [-1.35, -0.77659, -0.61163],
							"size": [2.7, 3.4, 0.5],
							"pivot": [-0.76323, 0.89008, -0.52605],
							"rotation": [87.5, 0, 0],
							"uv": {
								"north": {"uv": [2, 18], "uv_size": [12, 12]},
								"east": {"uv": [2, 18], "uv_size": [12, 12]},
								"south": {"uv": [2, 18], "uv_size": [12, 12]},
								"west": {"uv": [2, 18], "uv_size": [12, 12]},
								"up": {"uv": [14, 30], "uv_size": [-12, -12]},
								"down": {"uv": [14, 30], "uv_size": [-12, -12]}
							}
						},
						{
							"origin": [-0.35, 2.99841, -0.61163],
							"size": [0.7, 0.175, 0.5],
							"pivot": [-0.76323, 0.89008, -0.52605],
							"rotation": [87.5, 0, 0],
							"uv": {
								"north": {"uv": [18, 18], "uv_size": [12, 12]},
								"east": {"uv": [18, 18], "uv_size": [12, 12]},
								"south": {"uv": [18, 18], "uv_size": [12, 12]},
								"west": {"uv": [18, 18], "uv_size": [12, 12]},
								"up": {"uv": [30, 30], "uv_size": [-12, -12]},
								"down": {"uv": [30, 30], "uv_size": [-12, -12]}
							}
						},
						{
							"origin": [-0.95, 3.09841, -0.61163],
							"size": [0.7, 0.175, 0.5],
							"pivot": [0.76323, 0.89008, -0.52605],
							"rotation": [87.49046, 4.99523, -0.21865],
							"uv": {
								"north": {"uv": [18, 18], "uv_size": [12, 12]},
								"east": {"uv": [18, 18], "uv_size": [12, 12]},
								"south": {"uv": [18, 18], "uv_size": [12, 12]},
								"west": {"uv": [18, 18], "uv_size": [12, 12]},
								"up": {"uv": [30, 30], "uv_size": [-12, -12]},
								"down": {"uv": [30, 30], "uv_size": [-12, -12]}
							}
						},
						{
							"origin": [0.25, 3.09841, -0.61163],
							"size": [0.7, 0.175, 0.5],
							"pivot": [-0.76323, 0.89008, -0.52605],
							"rotation": [87.49046, -4.99523, 0.21865],
							"uv": {
								"north": {"uv": [18, 18], "uv_size": [12, 12]},
								"east": {"uv": [18, 18], "uv_size": [12, 12]},
								"south": {"uv": [18, 18], "uv_size": [12, 12]},
								"west": {"uv": [18, 18], "uv_size": [12, 12]},
								"up": {"uv": [30, 30], "uv_size": [-12, -12]},
								"down": {"uv": [30, 30], "uv_size": [-12, -12]}
							}
						},
						{
							"origin": [-2.05, 3.44841, -0.61163],
							"size": [0.875, 0.175, 0.5],
							"pivot": [-0.76323, 0.89008, -0.52605],
							"rotation": [82.72519, -69.85071, 6.83392],
							"uv": {
								"north": {"uv": [18, 18], "uv_size": [12, 12]},
								"east": {"uv": [18, 18], "uv_size": [12, 12]},
								"south": {"uv": [18, 18], "uv_size": [12, 12]},
								"west": {"uv": [18, 18], "uv_size": [12, 12]},
								"up": {"uv": [30, 30], "uv_size": [-12, -12]},
								"down": {"uv": [30, 30], "uv_size": [-12, -12]}
							}
						},
						{
							"origin": [1.175, 3.44841, -0.61163],
							"size": [0.875, 0.175, 0.5],
							"pivot": [0.76323, 0.89008, -0.52605],
							"rotation": [82.72519, 69.85071, -6.83392],
							"uv": {
								"north": {"uv": [18, 18], "uv_size": [12, 12]},
								"east": {"uv": [18, 18], "uv_size": [12, 12]},
								"south": {"uv": [18, 18], "uv_size": [12, 12]},
								"west": {"uv": [18, 18], "uv_size": [12, 12]},
								"up": {"uv": [30, 30], "uv_size": [-12, -12]},
								"down": {"uv": [30, 30], "uv_size": [-12, -12]}
							}
						},
						{
							"origin": [1.175, 5.07341, -0.43663],
							"size": [0.875, 0.175, 0.875],
							"pivot": [0.76323, 2.51508, 0.02395],
							"rotation": [62.72683, 67.73126, -25.50555],
							"uv": {
								"north": {"uv": [18, 18], "uv_size": [12, 12]},
								"east": {"uv": [18, 18], "uv_size": [12, 12]},
								"south": {"uv": [18, 18], "uv_size": [12, 12]},
								"west": {"uv": [18, 18], "uv_size": [12, 12]},
								"up": {"uv": [30, 30], "uv_size": [-12, -12]},
								"down": {"uv": [30, 30], "uv_size": [-12, -12]}
							}
						},
						{
							"origin": [-0.95, 4.72341, -0.43663],
							"size": [0.7, 0.175, 0.875],
							"pivot": [0.76323, 2.51508, 0.02395],
							"rotation": [79.96258, 4.92385, -0.87038],
							"uv": {
								"north": {"uv": [18, 18], "uv_size": [12, 12]},
								"east": {"uv": [18, 18], "uv_size": [12, 12]},
								"south": {"uv": [18, 18], "uv_size": [12, 12]},
								"west": {"uv": [18, 18], "uv_size": [12, 12]},
								"up": {"uv": [30, 30], "uv_size": [-12, -12]},
								"down": {"uv": [30, 30], "uv_size": [-12, -12]}
							}
						},
						{
							"origin": [-0.35, 4.62341, -0.43663],
							"size": [0.7, 0.175, 0.875],
							"pivot": [-0.76323, 2.51508, 0.02395],
							"rotation": [80, 0, 0],
							"uv": {
								"north": {"uv": [18, 18], "uv_size": [12, 12]},
								"east": {"uv": [18, 18], "uv_size": [12, 12]},
								"south": {"uv": [18, 18], "uv_size": [12, 12]},
								"west": {"uv": [18, 18], "uv_size": [12, 12]},
								"up": {"uv": [30, 30], "uv_size": [-12, -12]},
								"down": {"uv": [30, 30], "uv_size": [-12, -12]}
							}
						},
						{
							"origin": [0.25, 4.72341, -0.43663],
							"size": [0.7, 0.175, 0.875],
							"pivot": [-0.76323, 2.51508, 0.02395],
							"rotation": [79.96258, -4.92385, 0.87038],
							"uv": {
								"north": {"uv": [18, 18], "uv_size": [12, 12]},
								"east": {"uv": [18, 18], "uv_size": [12, 12]},
								"south": {"uv": [18, 18], "uv_size": [12, 12]},
								"west": {"uv": [18, 18], "uv_size": [12, 12]},
								"up": {"uv": [30, 30], "uv_size": [-12, -12]},
								"down": {"uv": [30, 30], "uv_size": [-12, -12]}
							}
						},
						{
							"origin": [-2.05, 5.07341, -0.43663],
							"size": [0.875, 0.175, 0.875],
							"pivot": [-0.76323, 2.51508, 0.02395],
							"rotation": [62.72683, -67.73126, 25.50555],
							"uv": {
								"north": {"uv": [18, 18], "uv_size": [12, 12]},
								"east": {"uv": [18, 18], "uv_size": [12, 12]},
								"south": {"uv": [18, 18], "uv_size": [12, 12]},
								"west": {"uv": [18, 18], "uv_size": [12, 12]},
								"up": {"uv": [30, 30], "uv_size": [-12, -12]},
								"down": {"uv": [30, 30], "uv_size": [-12, -12]}
							}
						},
						{
							"origin": [-1.85, 0.34841, -1.38663],
							"size": [3.7, 2, 0.5],
							"pivot": [-0.76323, 0.89008, -0.52605],
							"rotation": [80, 0, 0],
							"uv": {
								"north": {"uv": [2, 2], "uv_size": [12, 12]},
								"east": {"uv": [2, 2], "uv_size": [12, 12]},
								"south": {"uv": [2, 2], "uv_size": [12, 12]},
								"west": {"uv": [2, 2], "uv_size": [12, 12]},
								"up": {"uv": [14, 14], "uv_size": [-12, -12]},
								"down": {"uv": [14, 14], "uv_size": [-12, -12]}
							}
						},
						{
							"origin": [-1.32983, 3.82233, -1.62208],
							"size": [0.775, 0.5, 0.5],
							"pivot": [-0.76323, 1.85309, -0.8365],
							"rotation": [107.75313, 9.53274, 3.03513],
							"uv": {
								"north": {"uv": [18, 2], "uv_size": [12, 12]},
								"east": {"uv": [18, 2], "uv_size": [12, 12]},
								"south": {"uv": [18, 2], "uv_size": [12, 12]},
								"west": {"uv": [18, 2], "uv_size": [12, 12]},
								"up": {"uv": [30, 14], "uv_size": [-12, -12]},
								"down": {"uv": [30, 14], "uv_size": [-12, -12]}
							}
						},
						{
							"origin": [-1.75, 0.18643, -1.77208],
							"size": [0.275, 4, 0.65],
							"pivot": [-0.76323, 1.85309, -0.8365],
							"rotation": [107.5, 0, 0],
							"uv": {
								"north": {"uv": [18, 2], "uv_size": [12, 12]},
								"east": {"uv": [18, 2], "uv_size": [12, 12]},
								"south": {"uv": [18, 2], "uv_size": [12, 12]},
								"west": {"uv": [18, 2], "uv_size": [12, 12]},
								"up": {"uv": [30, 14], "uv_size": [-12, -12]},
								"down": {"uv": [30, 14], "uv_size": [-12, -12]}
							}
						},
						{
							"origin": [-1, 1, -0.75],
							"size": [2, 3.5, 2.75],
							"pivot": [0, 0, 0],
							"rotation": [7.5, 0, 0],
							"uv": {
								"north": {"uv": [2, 2], "uv_size": [12, 12]},
								"east": {"uv": [2, 2], "uv_size": [12, 12]},
								"south": {"uv": [2, 2], "uv_size": [12, 12]},
								"west": {"uv": [2, 2], "uv_size": [12, 12]},
								"up": {"uv": [14, 14], "uv_size": [-12, -12]},
								"down": {"uv": [14, 14], "uv_size": [-12, -12]}
							}
						}
					]
				},
				{
					"name": "rightwing",
					"parent": "fly_head",
					"pivot": [-1.5, 3.74686, 3.45522],
					"rotation": [0, -30, 0],
					"cubes": [
						{
							"origin": [-2, 3.225, 2.725],
							"size": [1, 2.925, 1],
							"pivot": [0, 3.5, 3.5],
							"rotation": [-42.5, 0, 0],
							"uv": {
								"north": {"uv": [18, 18], "uv_size": [12, 12]},
								"east": {"uv": [18, 18], "uv_size": [12, 12]},
								"south": {"uv": [18, 18], "uv_size": [12, 12]},
								"west": {"uv": [18, 18], "uv_size": [12, 12]},
								"up": {"uv": [30, 30], "uv_size": [-12, -12]},
								"down": {"uv": [30, 30], "uv_size": [-12, -12]}
							}
						},
						{
							"origin": [-2, 5.38929, 4.40992],
							"size": [1, 5.475, 1],
							"pivot": [0, 5.21429, 5.18492],
							"rotation": [-20, 0, 0],
							"uv": {
								"north": {"uv": [18, 18], "uv_size": [12, 12]},
								"east": {"uv": [18, 18], "uv_size": [12, 12]},
								"south": {"uv": [18, 18], "uv_size": [12, 12]},
								"west": {"uv": [18, 18], "uv_size": [12, 12]},
								"up": {"uv": [30, 30], "uv_size": [-12, -12]},
								"down": {"uv": [30, 30], "uv_size": [-12, -12]}
							}
						},
						{
							"origin": [-2, 10.17186, 5.68022],
							"size": [1, 6.475, 1],
							"pivot": [0, 9.99686, 6.45522],
							"rotation": [-72.5, 0, 0],
							"uv": {
								"north": {"uv": [18, 18], "uv_size": [12, 12]},
								"east": {"uv": [18, 18], "uv_size": [12, 12]},
								"south": {"uv": [18, 18], "uv_size": [12, 12]},
								"west": {"uv": [18, 18], "uv_size": [12, 12]},
								"up": {"uv": [30, 30], "uv_size": [-12, -12]},
								"down": {"uv": [30, 30], "uv_size": [-12, -12]}
							}
						},
						{
							"origin": [-1.75, 10.17186, 5.68022],
							"size": [0.5, 4.725, 1],
							"pivot": [0, 9.99686, 6.45522],
							"rotation": [-87.5, 0, 0],
							"uv": {
								"north": {"uv": [18, 18], "uv_size": [12, 12]},
								"east": {"uv": [18, 18], "uv_size": [12, 12]},
								"south": {"uv": [18, 18], "uv_size": [12, 12]},
								"west": {"uv": [18, 18], "uv_size": [12, 12]},
								"up": {"uv": [30, 30], "uv_size": [-12, -12]},
								"down": {"uv": [30, 30], "uv_size": [-12, -12]}
							}
						},
						{
							"origin": [-1.75, 9.17186, 6.93022],
							"size": [0.5, 4.725, 1.5],
							"pivot": [0, 9.99686, 6.45522],
							"rotation": [-62.5, 0, 0],
							"uv": {
								"north": {"uv": [18, 18], "uv_size": [12, 12]},
								"east": {"uv": [18, 18], "uv_size": [12, 12]},
								"south": {"uv": [18, 18], "uv_size": [12, 12]},
								"west": {"uv": [18, 18], "uv_size": [12, 12]},
								"up": {"uv": [30, 30], "uv_size": [-12, -12]},
								"down": {"uv": [30, 30], "uv_size": [-12, -12]}
							}
						},
						{
							"origin": [-1.75, 8.17186, 8.18022],
							"size": [0.5, 7.475, 1.5],
							"pivot": [0, 9.99686, 6.45522],
							"rotation": [-70, 0, 0],
							"uv": {
								"north": {"uv": [18, 18], "uv_size": [12, 12]},
								"east": {"uv": [18, 18], "uv_size": [12, 12]},
								"south": {"uv": [18, 18], "uv_size": [12, 12]},
								"west": {"uv": [18, 18], "uv_size": [12, 12]},
								"up": {"uv": [30, 30], "uv_size": [-12, -12]},
								"down": {"uv": [30, 30], "uv_size": [-12, -12]}
							}
						},
						{
							"origin": [-1.75, 5.92186, 8.93022],
							"size": [0.5, 5.475, 1.5],
							"pivot": [0, 9.99686, 6.45522],
							"rotation": [-52.5, 0, 0],
							"uv": {
								"north": {"uv": [18, 18], "uv_size": [12, 12]},
								"east": {"uv": [18, 18], "uv_size": [12, 12]},
								"south": {"uv": [18, 18], "uv_size": [12, 12]},
								"west": {"uv": [18, 18], "uv_size": [12, 12]},
								"up": {"uv": [30, 30], "uv_size": [-12, -12]},
								"down": {"uv": [30, 30], "uv_size": [-12, -12]}
							}
						},
						{
							"origin": [-1.75, 5.92186, 10.18022],
							"size": [0.5, 4.225, 1.5],
							"pivot": [0, 9.99686, 6.45522],
							"rotation": [-70, 0, 0],
							"uv": {
								"north": {"uv": [18, 18], "uv_size": [12, 12]},
								"east": {"uv": [18, 18], "uv_size": [12, 12]},
								"south": {"uv": [18, 18], "uv_size": [12, 12]},
								"west": {"uv": [18, 18], "uv_size": [12, 12]},
								"up": {"uv": [30, 30], "uv_size": [-12, -12]},
								"down": {"uv": [30, 30], "uv_size": [-12, -12]}
							}
						},
						{
							"origin": [-1.75, 8.67186, 9.43022],
							"size": [0.5, 4.225, 1.5],
							"pivot": [0, 9.99686, 6.45522],
							"rotation": [-70, 0, 0],
							"uv": {
								"north": {"uv": [18, 18], "uv_size": [12, 12]},
								"east": {"uv": [18, 18], "uv_size": [12, 12]},
								"south": {"uv": [18, 18], "uv_size": [12, 12]},
								"west": {"uv": [18, 18], "uv_size": [12, 12]},
								"up": {"uv": [30, 30], "uv_size": [-12, -12]},
								"down": {"uv": [30, 30], "uv_size": [-12, -12]}
							}
						},
						{
							"origin": [-2.075, 3.61703, 5.45801],
							"size": [0.5, 1.975, 1],
							"pivot": [0, 4.49686, 5.45522],
							"rotation": [-128.16584, -9.88744, 7.68615],
							"uv": {
								"north": {"uv": [18, 18], "uv_size": [12, 12]},
								"east": {"uv": [18, 18], "uv_size": [12, 12]},
								"south": {"uv": [18, 18], "uv_size": [12, 12]},
								"west": {"uv": [18, 18], "uv_size": [12, 12]},
								"up": {"uv": [30, 30], "uv_size": [-12, -12]},
								"down": {"uv": [30, 30], "uv_size": [-12, -12]}
							}
						},
						{
							"origin": [-2.075, 4.24203, 6.08301],
							"size": [0.5, 1.975, 1],
							"pivot": [0, 4.49686, 5.45522],
							"rotation": [-155.66584, -9.88744, 7.68615],
							"uv": {
								"north": {"uv": [18, 18], "uv_size": [12, 12]},
								"east": {"uv": [18, 18], "uv_size": [12, 12]},
								"south": {"uv": [18, 18], "uv_size": [12, 12]},
								"west": {"uv": [18, 18], "uv_size": [12, 12]},
								"up": {"uv": [30, 30], "uv_size": [-12, -12]},
								"down": {"uv": [30, 30], "uv_size": [-12, -12]}
							}
						},
						{
							"origin": [-2.075, 4.24203, 4.58301],
							"size": [0.5, 2.475, 1],
							"pivot": [0, 4.49686, 5.45522],
							"rotation": [-88.16584, -9.88744, 7.68615],
							"uv": {
								"north": {"uv": [18, 18], "uv_size": [12, 12]},
								"east": {"uv": [18, 18], "uv_size": [12, 12]},
								"south": {"uv": [18, 18], "uv_size": [12, 12]},
								"west": {"uv": [18, 18], "uv_size": [12, 12]},
								"up": {"uv": [30, 30], "uv_size": [-12, -12]},
								"down": {"uv": [30, 30], "uv_size": [-12, -12]}
							}
						}
					]
				},
				{
					"name": "leftwing",
					"parent": "fly_head",
					"pivot": [1.5, 3.74686, 3.45522],
					"rotation": [0, 30, 0],
					"cubes": [
						{
							"origin": [1, 3.225, 2.725],
							"size": [1, 2.925, 1],
							"pivot": [0, 3.5, 3.5],
							"rotation": [-42.5, 0, 0],
							"uv": {
								"north": {"uv": [18, 18], "uv_size": [12, 12]},
								"east": {"uv": [18, 18], "uv_size": [12, 12]},
								"south": {"uv": [18, 18], "uv_size": [12, 12]},
								"west": {"uv": [18, 18], "uv_size": [12, 12]},
								"up": {"uv": [30, 30], "uv_size": [-12, -12]},
								"down": {"uv": [30, 30], "uv_size": [-12, -12]}
							}
						},
						{
							"origin": [1, 5.38929, 4.40992],
							"size": [1, 5.475, 1],
							"pivot": [0, 5.21429, 5.18492],
							"rotation": [-20, 0, 0],
							"uv": {
								"north": {"uv": [18, 18], "uv_size": [12, 12]},
								"east": {"uv": [18, 18], "uv_size": [12, 12]},
								"south": {"uv": [18, 18], "uv_size": [12, 12]},
								"west": {"uv": [18, 18], "uv_size": [12, 12]},
								"up": {"uv": [30, 30], "uv_size": [-12, -12]},
								"down": {"uv": [30, 30], "uv_size": [-12, -12]}
							}
						},
						{
							"origin": [1, 10.17186, 5.68022],
							"size": [1, 6.475, 1],
							"pivot": [0, 9.99686, 6.45522],
							"rotation": [-72.5, 0, 0],
							"uv": {
								"north": {"uv": [18, 18], "uv_size": [12, 12]},
								"east": {"uv": [18, 18], "uv_size": [12, 12]},
								"south": {"uv": [18, 18], "uv_size": [12, 12]},
								"west": {"uv": [18, 18], "uv_size": [12, 12]},
								"up": {"uv": [30, 30], "uv_size": [-12, -12]},
								"down": {"uv": [30, 30], "uv_size": [-12, -12]}
							}
						},
						{
							"origin": [1.25, 10.17186, 5.68022],
							"size": [0.5, 4.725, 1],
							"pivot": [0, 9.99686, 6.45522],
							"rotation": [-87.5, 0, 0],
							"uv": {
								"north": {"uv": [18, 18], "uv_size": [12, 12]},
								"east": {"uv": [18, 18], "uv_size": [12, 12]},
								"south": {"uv": [18, 18], "uv_size": [12, 12]},
								"west": {"uv": [18, 18], "uv_size": [12, 12]},
								"up": {"uv": [30, 30], "uv_size": [-12, -12]},
								"down": {"uv": [30, 30], "uv_size": [-12, -12]}
							}
						},
						{
							"origin": [1.25, 9.17186, 6.93022],
							"size": [0.5, 4.725, 1.5],
							"pivot": [0, 9.99686, 6.45522],
							"rotation": [-62.5, 0, 0],
							"uv": {
								"north": {"uv": [18, 18], "uv_size": [12, 12]},
								"east": {"uv": [18, 18], "uv_size": [12, 12]},
								"south": {"uv": [18, 18], "uv_size": [12, 12]},
								"west": {"uv": [18, 18], "uv_size": [12, 12]},
								"up": {"uv": [30, 30], "uv_size": [-12, -12]},
								"down": {"uv": [30, 30], "uv_size": [-12, -12]}
							}
						},
						{
							"origin": [1.25, 8.17186, 8.18022],
							"size": [0.5, 7.475, 1.5],
							"pivot": [0, 9.99686, 6.45522],
							"rotation": [-70, 0, 0],
							"uv": {
								"north": {"uv": [18, 18], "uv_size": [12, 12]},
								"east": {"uv": [18, 18], "uv_size": [12, 12]},
								"south": {"uv": [18, 18], "uv_size": [12, 12]},
								"west": {"uv": [18, 18], "uv_size": [12, 12]},
								"up": {"uv": [30, 30], "uv_size": [-12, -12]},
								"down": {"uv": [30, 30], "uv_size": [-12, -12]}
							}
						},
						{
							"origin": [1.25, 5.92186, 8.93022],
							"size": [0.5, 5.475, 1.5],
							"pivot": [0, 9.99686, 6.45522],
							"rotation": [-52.5, 0, 0],
							"uv": {
								"north": {"uv": [18, 18], "uv_size": [12, 12]},
								"east": {"uv": [18, 18], "uv_size": [12, 12]},
								"south": {"uv": [18, 18], "uv_size": [12, 12]},
								"west": {"uv": [18, 18], "uv_size": [12, 12]},
								"up": {"uv": [30, 30], "uv_size": [-12, -12]},
								"down": {"uv": [30, 30], "uv_size": [-12, -12]}
							}
						},
						{
							"origin": [1.25, 5.92186, 10.18022],
							"size": [0.5, 4.225, 1.5],
							"pivot": [0, 9.99686, 6.45522],
							"rotation": [-70, 0, 0],
							"uv": {
								"north": {"uv": [18, 18], "uv_size": [12, 12]},
								"east": {"uv": [18, 18], "uv_size": [12, 12]},
								"south": {"uv": [18, 18], "uv_size": [12, 12]},
								"west": {"uv": [18, 18], "uv_size": [12, 12]},
								"up": {"uv": [30, 30], "uv_size": [-12, -12]},
								"down": {"uv": [30, 30], "uv_size": [-12, -12]}
							}
						},
						{
							"origin": [1.25, 8.67186, 9.43022],
							"size": [0.5, 4.225, 1.5],
							"pivot": [0, 9.99686, 6.45522],
							"rotation": [-70, 0, 0],
							"uv": {
								"north": {"uv": [18, 18], "uv_size": [12, 12]},
								"east": {"uv": [18, 18], "uv_size": [12, 12]},
								"south": {"uv": [18, 18], "uv_size": [12, 12]},
								"west": {"uv": [18, 18], "uv_size": [12, 12]},
								"up": {"uv": [30, 30], "uv_size": [-12, -12]},
								"down": {"uv": [30, 30], "uv_size": [-12, -12]}
							}
						},
						{
							"origin": [1.575, 3.61703, 5.45801],
							"size": [0.5, 1.975, 1],
							"pivot": [0, 4.49686, 5.45522],
							"rotation": [-128.16584, 9.88744, -7.68615],
							"uv": {
								"north": {"uv": [18, 18], "uv_size": [12, 12]},
								"east": {"uv": [18, 18], "uv_size": [12, 12]},
								"south": {"uv": [18, 18], "uv_size": [12, 12]},
								"west": {"uv": [18, 18], "uv_size": [12, 12]},
								"up": {"uv": [30, 30], "uv_size": [-12, -12]},
								"down": {"uv": [30, 30], "uv_size": [-12, -12]}
							}
						},
						{
							"origin": [1.575, 4.24203, 6.08301],
							"size": [0.5, 1.975, 1],
							"pivot": [0, 4.49686, 5.45522],
							"rotation": [-155.66584, 9.88744, -7.68615],
							"uv": {
								"north": {"uv": [18, 18], "uv_size": [12, 12]},
								"east": {"uv": [18, 18], "uv_size": [12, 12]},
								"south": {"uv": [18, 18], "uv_size": [12, 12]},
								"west": {"uv": [18, 18], "uv_size": [12, 12]},
								"up": {"uv": [30, 30], "uv_size": [-12, -12]},
								"down": {"uv": [30, 30], "uv_size": [-12, -12]}
							}
						},
						{
							"origin": [1.575, 4.24203, 4.58301],
							"size": [0.5, 2.475, 1],
							"pivot": [0, 4.49686, 5.45522],
							"rotation": [-88.16584, 9.88744, -7.68615],
							"uv": {
								"north": {"uv": [18, 18], "uv_size": [12, 12]},
								"east": {"uv": [18, 18], "uv_size": [12, 12]},
								"south": {"uv": [18, 18], "uv_size": [12, 12]},
								"west": {"uv": [18, 18], "uv_size": [12, 12]},
								"up": {"uv": [30, 30], "uv_size": [-12, -12]},
								"down": {"uv": [30, 30], "uv_size": [-12, -12]}
							}
						}
					]
				}
			]
		}
	]
}