{
	"format_version": "1.12.0",
	"minecraft:geometry": [
		{
			"description": {
				"identifier": "geometry.frog_jurei",
				"texture_width": 100,
				"texture_height": 100,
				"visible_bounds_width": 3,
				"visible_bounds_height": 3.5,
				"visible_bounds_offset": [0, 1.25, 0]
			},
			"bones": [
				{
					"name": "root",
					"pivot": [0, 0, 0]
				},
				{
					"name": "jurei",
					"parent": "root",
					"pivot": [0, 0, 0]
				},
				{
					"name": "body",
					"parent": "jurei",
					"pivot": [0, 12, 11],
					"rotation": [7.5, 0, 0],
					"cubes": [
						{
							"origin": [-5.25, 13, -6.5],
							"size": [10.5, 6, 4],
							"pivot": [0, 0, 3.5],
							"rotation": [-40, 0, 0],
							"uv": {
								"north": {"uv": [66, 29], "uv_size": [5, 5]},
								"east": {"uv": [66, 29], "uv_size": [5, 5]},
								"south": {"uv": [66, 29], "uv_size": [5, 5]},
								"west": {"uv": [66, 29], "uv_size": [5, 5]},
								"up": {"uv": [71, 34], "uv_size": [-5, -5]},
								"down": {"uv": [85, 23], "uv_size": [-28, -6]}
							}
						},
						{
							"origin": [-6.05, 14.22716, -9.53938],
							"size": [12.3, 8, 9],
							"pivot": [0, 1.22716, 5.46062],
							"rotation": [-25, 0, 0],
							"uv": {
								"north": {"uv": [66, 29], "uv_size": [5, 5]},
								"east": {"uv": [66, 29], "uv_size": [5, 5]},
								"south": {"uv": [66, 29], "uv_size": [5, 5]},
								"west": {"uv": [66, 29], "uv_size": [5, 5]},
								"up": {"uv": [71, 34], "uv_size": [-5, -5]},
								"down": {"uv": [83, 52], "uv_size": [-24, -10]}
							}
						},
						{
							"origin": [-7.5, 17.53628, -10.22925],
							"size": [15, 6, 9],
							"pivot": [0, 5.78628, 5.89575],
							"rotation": [-10, 0, 0],
							"uv": {
								"north": {"uv": [66, 29], "uv_size": [5, 5]},
								"east": {"uv": [66, 29], "uv_size": [5, 5]},
								"south": {"uv": [66, 29], "uv_size": [5, 5]},
								"west": {"uv": [66, 29], "uv_size": [5, 5]},
								"up": {"uv": [71, 34], "uv_size": [-5, -5]},
								"down": {"uv": [86, 42], "uv_size": [-30, -18]}
							}
						},
						{
							"origin": [-7, 18.32565, -15.9828],
							"size": [13.5, 6, 3],
							"pivot": [0, 6.57565, -5.8578],
							"rotation": [-22.5, 0, 0],
							"uv": {
								"north": {"uv": [66, 29], "uv_size": [5, 5]},
								"east": {"uv": [66, 29], "uv_size": [5, 5]},
								"south": {"uv": [66, 29], "uv_size": [5, 5]},
								"west": {"uv": [66, 29], "uv_size": [5, 5]},
								"up": {"uv": [71, 34], "uv_size": [-5, -5]},
								"down": {"uv": [85, 18], "uv_size": [-28, -6]}
							}
						},
						{
							"origin": [-7, 19.86462, -24.68998],
							"size": [13.5, 6, 3],
							"pivot": [0, 8.11462, -14.56498],
							"rotation": [-47.5, 0, 0],
							"uv": {
								"north": {"uv": [66, 29], "uv_size": [5, 5]},
								"east": {"uv": [66, 29], "uv_size": [5, 5]},
								"south": {"uv": [66, 29], "uv_size": [5, 5]},
								"west": {"uv": [66, 29], "uv_size": [5, 5]},
								"up": {"uv": [71, 34], "uv_size": [-5, -5]},
								"down": {"uv": [85, 6], "uv_size": [-28, -6]}
							}
						},
						{
							"origin": [-6.9, 26.21061, -35.70157],
							"size": [13.3, 6, 5.5],
							"pivot": [0, 14.46061, -23.07657],
							"rotation": [-80, 0, 0],
							"uv": {
								"north": {"uv": [66, 29], "uv_size": [5, 5]},
								"east": {"uv": [66, 29], "uv_size": [5, 5]},
								"south": {"uv": [66, 29], "uv_size": [5, 5]},
								"west": {"uv": [66, 29], "uv_size": [5, 5]},
								"up": {"uv": [71, 34], "uv_size": [-5, -5]},
								"down": {"uv": [71, 34], "uv_size": [-5, -5]}
							}
						},
						{
							"origin": [-9, 23.53628, -6.97925],
							"size": [18, 2, 5.75],
							"pivot": [0, 5.78628, 5.89575],
							"rotation": [-10, 0, 0],
							"uv": {
								"north": {"uv": [33, 93], "uv_size": [5, 5]},
								"east": {"uv": [33, 93], "uv_size": [5, 5]},
								"south": {"uv": [33, 93], "uv_size": [5, 5]},
								"west": {"uv": [33, 93], "uv_size": [5, 5]},
								"up": {"uv": [38, 98], "uv_size": [-5, -5]},
								"down": {"uv": [38, 98], "uv_size": [-5, -5]}
							}
						},
						{
							"origin": [-8.5, 23.53628, -11.72925],
							"size": [17, 2, 6.5],
							"pivot": [0, 5.78628, 5.89575],
							"rotation": [-10, 0, 0],
							"uv": {
								"north": {"uv": [33, 93], "uv_size": [5, 5]},
								"east": {"uv": [33, 93], "uv_size": [5, 5]},
								"south": {"uv": [33, 93], "uv_size": [5, 5]},
								"west": {"uv": [33, 93], "uv_size": [5, 5]},
								"up": {"uv": [38, 98], "uv_size": [-5, -5]},
								"down": {"uv": [38, 98], "uv_size": [-5, -5]}
							}
						},
						{
							"origin": [-7.7, 19.50918, -7.54895],
							"size": [15.5, 2, 5],
							"pivot": [0, 1.75918, 8.57605],
							"rotation": [-25, 0, 0],
							"uv": {
								"north": {"uv": [33, 93], "uv_size": [5, 5]},
								"east": {"uv": [33, 93], "uv_size": [5, 5]},
								"south": {"uv": [33, 93], "uv_size": [5, 5]},
								"west": {"uv": [33, 93], "uv_size": [5, 5]},
								"up": {"uv": [38, 98], "uv_size": [-5, -5]},
								"down": {"uv": [38, 98], "uv_size": [-5, -5]}
							}
						},
						{
							"origin": [-6.5, 10.18415, 0.94967],
							"size": [13, 1.5, 2],
							"pivot": [0, -7.56585, 17.07467],
							"rotation": [-25, 0, 0],
							"uv": {
								"north": {"uv": [33, 93], "uv_size": [5, 5]},
								"east": {"uv": [33, 93], "uv_size": [5, 5]},
								"south": {"uv": [33, 93], "uv_size": [5, 5]},
								"west": {"uv": [33, 93], "uv_size": [5, 5]},
								"up": {"uv": [38, 98], "uv_size": [-5, -5]},
								"down": {"uv": [38, 98], "uv_size": [-5, -5]}
							}
						},
						{
							"origin": [-5.75, 7.95915, 5.79967],
							"size": [11.5, 3.5, 1.2],
							"pivot": [0, -7.56585, 17.07467],
							"rotation": [-25, 0, 0],
							"uv": {
								"north": {"uv": [66, 29], "uv_size": [5, 5]},
								"east": {"uv": [76, 73], "uv_size": [-6, 7]},
								"south": {"uv": [70, 73], "uv_size": [23, 7]},
								"west": {"uv": [70, 73], "uv_size": [6, 7]},
								"up": {"uv": [71, 34], "uv_size": [-5, -5]},
								"down": {"uv": [71, 34], "uv_size": [-5, -5]}
							}
						},
						{
							"origin": [-6, 15.3824, 13.92416],
							"size": [12, 7.5, 4],
							"pivot": [0, -0.1426, 27.99916],
							"rotation": [7.5, 0, 0],
							"uv": {
								"north": {"uv": [66, 29], "uv_size": [5, 5]},
								"east": {"uv": [33, 15], "uv_size": [8, -15]},
								"south": {"uv": [4, 15], "uv_size": [24, -15]},
								"west": {"uv": [41, 15], "uv_size": [-8, -15]},
								"up": {"uv": [71, 34], "uv_size": [-5, -5]},
								"down": {"uv": [16, 8], "uv_size": [-5, -5]}
							}
						},
						{
							"origin": [-6.05, 18.0074, 22.82416],
							"size": [12.1, 9.85, 2.75],
							"pivot": [0, -0.1426, 27.99916],
							"rotation": [35, 0, 0],
							"uv": {
								"north": {"uv": [36, 43], "uv_size": [5, 5]},
								"east": {"uv": [49, 0], "uv_size": [6, 20]},
								"south": {"uv": [33, 93], "uv_size": [5, 5]},
								"west": {"uv": [55, 0], "uv_size": [-6, 20]},
								"up": {"uv": [71, 34], "uv_size": [-5, -5]},
								"down": {"uv": [38, 98], "uv_size": [-5, -5]}
							}
						},
						{
							"origin": [-6.5, 27.08282, 13.57218],
							"size": [13, 7.5, 7.05],
							"pivot": [0, 11.55782, 30.69718],
							"rotation": [25, 0, 0],
							"uv": {
								"north": {"uv": [66, 29], "uv_size": [5, 5]},
								"east": {"uv": [33, 30], "uv_size": [14, -15]},
								"south": {"uv": [3, 30], "uv_size": [26, -15]},
								"west": {"uv": [47, 30], "uv_size": [-14, -15]},
								"up": {"uv": [71, 34], "uv_size": [-5, -5]},
								"down": {"uv": [38, 98], "uv_size": [-5, -5]}
							}
						},
						{
							"origin": [-7.5, 36.75413, 10.69308],
							"size": [15, 3.5, 8.225],
							"pivot": [0, 21.22913, 28.99308],
							"rotation": [35, 0, 0],
							"uv": {
								"north": {"uv": [66, 29], "uv_size": [5, 5]},
								"east": {"uv": [33, 37], "uv_size": [16, -7]},
								"south": {"uv": [2, 37], "uv_size": [28, -7]},
								"west": {"uv": [49, 37], "uv_size": [-16, -7]},
								"up": {"uv": [71, 34], "uv_size": [-5, -5]},
								"down": {"uv": [38, 98], "uv_size": [-5, -5]}
							}
						},
						{
							"origin": [-8, 45.90789, 9.39895],
							"size": [16, 4.5, 8.85],
							"pivot": [0, 30.38289, 28.32395],
							"rotation": [55, 0, 0],
							"uv": {
								"north": {"uv": [37, 38], "uv_size": [5, 5]},
								"east": {"uv": [33, 46], "uv_size": [18, -9]},
								"south": {"uv": [1, 46], "uv_size": [30, -9]},
								"west": {"uv": [51, 46], "uv_size": [-18, -9]},
								"up": {"uv": [71, 34], "uv_size": [-5, -5]},
								"down": {"uv": [38, 98], "uv_size": [-5, -5]}
							}
						},
						{
							"origin": [-8.5, 53.29835, 4.60123],
							"size": [17, 6.5, 9.5],
							"pivot": [0, 37.77335, 24.17623],
							"rotation": [70, 0, 0],
							"uv": {
								"north": {"uv": [36, 47], "uv_size": [5, 5]},
								"east": {"uv": [33, 59], "uv_size": [19, -13]},
								"south": {"uv": [0, 46], "uv_size": [32, 13]},
								"west": {"uv": [52, 59], "uv_size": [-19, -13]},
								"up": {"uv": [38, 98], "uv_size": [-5, -5]},
								"down": {"uv": [38, 98], "uv_size": [-5, -5]}
							}
						},
						{
							"origin": [-8, 58.58999, -2.50271],
							"size": [16, 6.5, 9.5],
							"pivot": [0, 43.06499, 17.07229],
							"rotation": [80, 0, 0],
							"uv": {
								"north": {"uv": [66, 29], "uv_size": [5, 5]},
								"east": {"uv": [33, 72], "uv_size": [19, -13]},
								"south": {"uv": [1, 72], "uv_size": [30, -13]},
								"west": {"uv": [52, 72], "uv_size": [-19, -13]},
								"up": {"uv": [38, 98], "uv_size": [-5, -5]},
								"down": {"uv": [71, 34], "uv_size": [-5, -5]}
							}
						},
						{
							"origin": [-7.5, 67.26992, -14.04973],
							"size": [15, 6.5, 8.75],
							"pivot": [0, 51.74492, 4.77527],
							"rotation": [110, 0, 0],
							"uv": {
								"north": {"uv": [66, 29], "uv_size": [5, 5]},
								"east": {"uv": [33, 93], "uv_size": [5, 5]},
								"south": {"uv": [2, 72], "uv_size": [28, 13]},
								"west": {"uv": [33, 93], "uv_size": [5, 5]},
								"up": {"uv": [71, 34], "uv_size": [-5, -5]},
								"down": {"uv": [71, 34], "uv_size": [-5, -5]}
							}
						},
						{
							"origin": [-7.5, 67.87312, -37.01415],
							"size": [15, 6, 8.75],
							"pivot": [0, 52.34812, -18.18915],
							"rotation": [165, 0, 0],
							"uv": {
								"north": {"uv": [66, 29], "uv_size": [5, 5]},
								"east": {"uv": [33, 93], "uv_size": [5, 5]},
								"south": {"uv": [2, 98], "uv_size": [28, -13]},
								"west": {"uv": [33, 93], "uv_size": [5, 5]},
								"up": {"uv": [71, 34], "uv_size": [-5, -5]},
								"down": {"uv": [71, 34], "uv_size": [-5, -5]}
							}
						},
						{
							"origin": [-6.25, 10.40835, -13.34579],
							"size": [12.5, 1, 6],
							"pivot": [0, -7.34165, 2.77921],
							"rotation": [-62.5, 0, 0],
							"uv": {
								"north": {"uv": [33, 93], "uv_size": [5, 5]},
								"east": {"uv": [33, 93], "uv_size": [5, 5]},
								"south": {"uv": [33, 93], "uv_size": [5, 5]},
								"west": {"uv": [33, 93], "uv_size": [5, 5]},
								"up": {"uv": [38, 98], "uv_size": [-5, -5]},
								"down": {"uv": [38, 98], "uv_size": [-5, -5]}
							}
						},
						{
							"origin": [-7, 20.20295, -22.32877],
							"size": [14, 2, 6],
							"pivot": [0, 2.45295, -6.20377],
							"rotation": [-70, 0, 0],
							"uv": {
								"north": {"uv": [33, 93], "uv_size": [5, 5]},
								"east": {"uv": [33, 93], "uv_size": [5, 5]},
								"south": {"uv": [33, 93], "uv_size": [5, 5]},
								"west": {"uv": [33, 93], "uv_size": [5, 5]},
								"up": {"uv": [38, 98], "uv_size": [-5, -5]},
								"down": {"uv": [38, 98], "uv_size": [-5, -5]}
							}
						},
						{
							"origin": [-6.5, 11.80763, -9.21531],
							"size": [13, 2, 4],
							"pivot": [0, -5.94237, 6.90969],
							"rotation": [-42.5, 0, 0],
							"uv": {
								"north": {"uv": [33, 93], "uv_size": [5, 5]},
								"east": {"uv": [33, 93], "uv_size": [5, 5]},
								"south": {"uv": [33, 93], "uv_size": [5, 5]},
								"west": {"uv": [33, 93], "uv_size": [5, 5]},
								"up": {"uv": [38, 98], "uv_size": [-5, -5]},
								"down": {"uv": [38, 98], "uv_size": [-5, -5]}
							}
						},
						{
							"origin": [-6.5, 16.53628, -8.22925],
							"size": [13, 7, 7],
							"pivot": [0, 5.78628, 5.89575],
							"rotation": [-10, 0, 0],
							"uv": {
								"north": {"uv": [66, 29], "uv_size": [5, 5]},
								"east": {"uv": [66, 29], "uv_size": [5, 5]},
								"south": {"uv": [66, 29], "uv_size": [5, 5]},
								"west": {"uv": [66, 29], "uv_size": [5, 5]},
								"up": {"uv": [71, 34], "uv_size": [-5, -5]},
								"down": {"uv": [85, 6], "uv_size": [-28, -6]}
							}
						},
						{
							"origin": [-4.5, 14.31875, -11.87697],
							"size": [9, 6, 4],
							"pivot": [0, 1.31875, -1.87697],
							"rotation": [-65, 0, 0],
							"uv": {
								"north": {"uv": [66, 29], "uv_size": [5, 5]},
								"east": {"uv": [66, 29], "uv_size": [5, 5]},
								"south": {"uv": [66, 29], "uv_size": [5, 5]},
								"west": {"uv": [66, 29], "uv_size": [5, 5]},
								"up": {"uv": [71, 34], "uv_size": [-5, -5]},
								"down": {"uv": [85, 9], "uv_size": [-28, 5]}
							}
						},
						{
							"origin": [-4, 16.96709, -15.73855],
							"size": [8, 6, 4],
							"pivot": [0, 3.96709, -5.73855],
							"rotation": [-87.5, 0, 0],
							"uv": {
								"north": {"uv": [66, 29], "uv_size": [5, 5]},
								"east": {"uv": [66, 29], "uv_size": [5, 5]},
								"south": {"uv": [66, 29], "uv_size": [5, 5]},
								"west": {"uv": [66, 29], "uv_size": [5, 5]},
								"up": {"uv": [71, 34], "uv_size": [-5, -5]},
								"down": {"uv": [85, 24], "uv_size": [-28, -5]}
							}
						},
						{
							"origin": [-3.5, 21.82234, -18.3989],
							"size": [7, 6, 4],
							"pivot": [0, 8.82234, -8.3989],
							"rotation": [-112.5, 0, 0],
							"uv": {
								"north": {"uv": [66, 29], "uv_size": [5, 5]},
								"east": {"uv": [66, 29], "uv_size": [5, 5]},
								"south": {"uv": [66, 29], "uv_size": [5, 5]},
								"west": {"uv": [66, 29], "uv_size": [5, 5]},
								"up": {"uv": [71, 34], "uv_size": [-5, -5]},
								"down": {"uv": [71, 34], "uv_size": [-5, -5]}
							}
						},
						{
							"origin": [-2.5, 32.54911, -16.70934],
							"size": [5, 5, 4],
							"pivot": [0, 18.54911, -6.70934],
							"rotation": [-150, 0, 0],
							"uv": {
								"north": {"uv": [66, 29], "uv_size": [5, 5]},
								"east": {"uv": [66, 29], "uv_size": [5, 5]},
								"south": {"uv": [66, 29], "uv_size": [5, 5]},
								"west": {"uv": [66, 29], "uv_size": [5, 5]},
								"up": {"uv": [71, 34], "uv_size": [-5, -5]},
								"down": {"uv": [71, 34], "uv_size": [-5, -5]}
							}
						}
					]
				},
				{
					"name": "bone6",
					"parent": "body",
					"pivot": [2.04673, 10.12393, -23.73229],
					"cubes": [
						{
							"origin": [1.16766, 28.08379, -14.44129],
							"size": [7.3, 2.28, 1.745],
							"pivot": [1.09766, 12.40879, -23.73229],
							"rotation": [0, 0, -5],
							"uv": {
								"north": {"uv": [71, 16], "uv_size": [12, 5]},
								"east": {"uv": [66, 29], "uv_size": [5, 5]},
								"south": {"uv": [66, 29], "uv_size": [5, 5]},
								"west": {"uv": [66, 29], "uv_size": [5, 5]},
								"up": {"uv": [71, 34], "uv_size": [-5, -5]},
								"down": {"uv": [71, 34], "uv_size": [-5, -5]}
							}
						},
						{
							"origin": [-8.46673, 28.04893, -14.44129],
							"size": [6.9, 2.28, 1.745],
							"pivot": [-1.09673, 12.37393, -23.73229],
							"rotation": [0, 0, 5],
							"uv": {
								"north": {"uv": [83, 16], "uv_size": [-12, 5]},
								"east": {"uv": [66, 29], "uv_size": [5, 5]},
								"south": {"uv": [66, 29], "uv_size": [5, 5]},
								"west": {"uv": [66, 29], "uv_size": [5, 5]},
								"up": {"uv": [71, 34], "uv_size": [-5, -5]},
								"down": {"uv": [71, 34], "uv_size": [-5, -5]}
							}
						},
						{
							"origin": [-8.51673, 25.79893, -14.44129],
							"size": [6.9, 2.28, 1.745],
							"pivot": [-1.14673, 10.12393, -23.73229],
							"rotation": [0, 0, 5],
							"uv": {
								"north": {"uv": [57, 17], "uv_size": [13, 5]},
								"east": {"uv": [66, 29], "uv_size": [5, 5]},
								"south": {"uv": [66, 29], "uv_size": [5, 5]},
								"west": {"uv": [66, 29], "uv_size": [5, 5]},
								"up": {"uv": [71, 34], "uv_size": [-5, -5]},
								"down": {"uv": [71, 34], "uv_size": [-5, -5]}
							}
						},
						{
							"origin": [1.11766, 25.83379, -14.44129],
							"size": [7.3, 2.28, 1.745],
							"pivot": [1.04766, 10.15879, -23.73229],
							"rotation": [0, 0, -5],
							"uv": {
								"north": {"uv": [70, 17], "uv_size": [-13, 5]},
								"east": {"uv": [66, 29], "uv_size": [5, 5]},
								"south": {"uv": [66, 29], "uv_size": [5, 5]},
								"west": {"uv": [66, 29], "uv_size": [5, 5]},
								"up": {"uv": [71, 34], "uv_size": [-5, -5]},
								"down": {"uv": [71, 34], "uv_size": [-5, -5]}
							}
						}
					]
				},
				{
					"name": "bone3",
					"parent": "bone6",
					"pivot": [6.76525, 5.57591, -3.10541],
					"cubes": [
						{
							"origin": [5.04881, 33.5452, -19.66013],
							"size": [2.825, 2.28, 2.85],
							"pivot": [-1.24619, 17.8702, -28.95113],
							"rotation": [-22.5, 0, 0],
							"uv": {
								"north": {"uv": [66, 29], "uv_size": [5, 5]},
								"east": {"uv": [66, 29], "uv_size": [5, 5]},
								"south": {"uv": [66, 29], "uv_size": [5, 5]},
								"west": {"uv": [66, 29], "uv_size": [5, 5]},
								"up": {"uv": [71, 34], "uv_size": [-5, -5]},
								"down": {"uv": [71, 34], "uv_size": [-5, -5]}
							}
						},
						{
							"origin": [5.04881, 27.2731, -14.81951],
							"size": [2.54, 2.508, 1.254],
							"pivot": [-1.24619, 10.4581, -25.42151],
							"rotation": [-5, 0, 0],
							"uv": {
								"north": {"uv": [66, 29], "uv_size": [5, 5]},
								"east": {"uv": [66, 29], "uv_size": [5, 5]},
								"south": {"uv": [66, 29], "uv_size": [5, 5]},
								"west": {"uv": [66, 29], "uv_size": [5, 5]},
								"up": {"uv": [71, 34], "uv_size": [-5, -5]},
								"down": {"uv": [71, 34], "uv_size": [-5, -5]}
							}
						},
						{
							"origin": [5.04881, 33.92694, -20.49171],
							"size": [2.54, 1.6245, 2.793],
							"pivot": [-1.24619, 17.11194, -29.55471],
							"rotation": [-32.5, 0, 0],
							"uv": {
								"north": {"uv": [66, 29], "uv_size": [5, 5]},
								"east": {"uv": [66, 29], "uv_size": [5, 5]},
								"south": {"uv": [66, 29], "uv_size": [5, 5]},
								"west": {"uv": [66, 29], "uv_size": [5, 5]},
								"up": {"uv": [71, 34], "uv_size": [-5, -5]},
								"down": {"uv": [71, 34], "uv_size": [-5, -5]}
							}
						},
						{
							"origin": [5.04881, 42.21303, -21.47289],
							"size": [2.825, 1.995, 2.85],
							"pivot": [-1.24619, 26.25303, -30.76389],
							"rotation": [-52.5, 0, 0],
							"uv": {
								"north": {"uv": [66, 29], "uv_size": [5, 5]},
								"east": {"uv": [66, 29], "uv_size": [5, 5]},
								"south": {"uv": [66, 29], "uv_size": [5, 5]},
								"west": {"uv": [66, 29], "uv_size": [5, 5]},
								"up": {"uv": [71, 34], "uv_size": [-5, -5]},
								"down": {"uv": [71, 34], "uv_size": [-5, -5]}
							}
						},
						{
							"origin": [5.04881, 32.04363, -16.58549],
							"size": [2.825, 1.71, 2.565],
							"pivot": [-1.24619, 15.79863, -25.87649],
							"rotation": [-25, 0, 0],
							"uv": {
								"north": {"uv": [66, 29], "uv_size": [5, 5]},
								"east": {"uv": [66, 29], "uv_size": [5, 5]},
								"south": {"uv": [66, 29], "uv_size": [5, 5]},
								"west": {"uv": [66, 29], "uv_size": [5, 5]},
								"up": {"uv": [71, 34], "uv_size": [-5, -5]},
								"down": {"uv": [71, 34], "uv_size": [-5, -5]}
							}
						},
						{
							"origin": [5.04881, 25.84678, -11.94877],
							"size": [2.54, 1.6245, 1.995],
							"pivot": [-1.24619, 9.03178, -21.80977],
							"rotation": [-5, 0, 0],
							"uv": {
								"north": {"uv": [66, 29], "uv_size": [5, 5]},
								"east": {"uv": [66, 29], "uv_size": [5, 5]},
								"south": {"uv": [66, 29], "uv_size": [5, 5]},
								"west": {"uv": [66, 29], "uv_size": [5, 5]},
								"up": {"uv": [71, 34], "uv_size": [-5, -5]},
								"down": {"uv": [71, 34], "uv_size": [-5, -5]}
							}
						},
						{
							"origin": [5.04881, 22.97584, -0.14508],
							"size": [2.54, 1.14, 2.565],
							"pivot": [-1.24619, 6.16084, -9.43608],
							"rotation": [25, 0, 0],
							"uv": {
								"north": {"uv": [66, 29], "uv_size": [5, 5]},
								"east": {"uv": [66, 29], "uv_size": [5, 5]},
								"south": {"uv": [66, 29], "uv_size": [5, 5]},
								"west": {"uv": [66, 29], "uv_size": [5, 5]},
								"up": {"uv": [71, 34], "uv_size": [-5, -5]},
								"down": {"uv": [71, 34], "uv_size": [-5, -5]}
							}
						},
						{
							"origin": [5.04881, 25.0073, -6.06599],
							"size": [2.825, 1.14, 2.565],
							"pivot": [-1.24619, 8.1923, -15.35699],
							"rotation": [7.5, 0, 0],
							"uv": {
								"north": {"uv": [66, 29], "uv_size": [5, 5]},
								"east": {"uv": [66, 29], "uv_size": [5, 5]},
								"south": {"uv": [66, 29], "uv_size": [5, 5]},
								"west": {"uv": [66, 29], "uv_size": [5, 5]},
								"up": {"uv": [71, 34], "uv_size": [-5, -5]},
								"down": {"uv": [71, 34], "uv_size": [-5, -5]}
							}
						},
						{
							"origin": [5.04881, 22.30376, 7.34034],
							"size": [2.54, 1.14, 1.14],
							"pivot": [-1.24619, 5.48876, -3.37566],
							"rotation": [47.5, 0, 0],
							"uv": {
								"north": {"uv": [66, 29], "uv_size": [5, 5]},
								"east": {"uv": [66, 29], "uv_size": [5, 5]},
								"south": {"uv": [66, 29], "uv_size": [5, 5]},
								"west": {"uv": [66, 29], "uv_size": [5, 5]},
								"up": {"uv": [71, 34], "uv_size": [-5, -5]},
								"down": {"uv": [71, 34], "uv_size": [-5, -5]}
							}
						}
					]
				},
				{
					"name": "bone5",
					"parent": "bone6",
					"pivot": [-5.76525, 5.57591, -3.10541],
					"cubes": [
						{
							"origin": [-7.87381, 33.5452, -19.66013],
							"size": [2.825, 2.28, 2.85],
							"pivot": [1.24619, 17.8702, -28.95113],
							"rotation": [-22.5, 0, 0],
							"uv": {
								"north": {"uv": [66, 29], "uv_size": [5, 5]},
								"east": {"uv": [66, 29], "uv_size": [5, 5]},
								"south": {"uv": [66, 29], "uv_size": [5, 5]},
								"west": {"uv": [66, 29], "uv_size": [5, 5]},
								"up": {"uv": [71, 34], "uv_size": [-5, -5]},
								"down": {"uv": [71, 34], "uv_size": [-5, -5]}
							}
						},
						{
							"origin": [-7.58881, 27.2731, -14.81951],
							"size": [2.54, 2.508, 1.254],
							"pivot": [1.24619, 10.4581, -25.42151],
							"rotation": [-5, 0, 0],
							"uv": {
								"north": {"uv": [66, 29], "uv_size": [5, 5]},
								"east": {"uv": [66, 29], "uv_size": [5, 5]},
								"south": {"uv": [66, 29], "uv_size": [5, 5]},
								"west": {"uv": [66, 29], "uv_size": [5, 5]},
								"up": {"uv": [71, 34], "uv_size": [-5, -5]},
								"down": {"uv": [71, 34], "uv_size": [-5, -5]}
							}
						},
						{
							"origin": [-7.58881, 33.92694, -20.49171],
							"size": [2.54, 1.6245, 2.793],
							"pivot": [1.24619, 17.11194, -29.55471],
							"rotation": [-32.5, 0, 0],
							"uv": {
								"north": {"uv": [66, 29], "uv_size": [5, 5]},
								"east": {"uv": [66, 29], "uv_size": [5, 5]},
								"south": {"uv": [66, 29], "uv_size": [5, 5]},
								"west": {"uv": [66, 29], "uv_size": [5, 5]},
								"up": {"uv": [71, 34], "uv_size": [-5, -5]},
								"down": {"uv": [71, 34], "uv_size": [-5, -5]}
							}
						},
						{
							"origin": [-7.87381, 42.21303, -21.47289],
							"size": [2.825, 1.995, 2.85],
							"pivot": [1.24619, 26.25303, -30.76389],
							"rotation": [-52.5, 0, 0],
							"uv": {
								"north": {"uv": [66, 29], "uv_size": [5, 5]},
								"east": {"uv": [66, 29], "uv_size": [5, 5]},
								"south": {"uv": [66, 29], "uv_size": [5, 5]},
								"west": {"uv": [66, 29], "uv_size": [5, 5]},
								"up": {"uv": [71, 34], "uv_size": [-5, -5]},
								"down": {"uv": [71, 34], "uv_size": [-5, -5]}
							}
						},
						{
							"origin": [-7.87381, 32.04363, -16.58549],
							"size": [2.825, 1.71, 2.565],
							"pivot": [1.24619, 15.79863, -25.87649],
							"rotation": [-25, 0, 0],
							"uv": {
								"north": {"uv": [66, 29], "uv_size": [5, 5]},
								"east": {"uv": [66, 29], "uv_size": [5, 5]},
								"south": {"uv": [66, 29], "uv_size": [5, 5]},
								"west": {"uv": [66, 29], "uv_size": [5, 5]},
								"up": {"uv": [71, 34], "uv_size": [-5, -5]},
								"down": {"uv": [71, 34], "uv_size": [-5, -5]}
							}
						},
						{
							"origin": [-7.58881, 25.84678, -11.94877],
							"size": [2.54, 1.6245, 1.995],
							"pivot": [1.24619, 9.03178, -21.80977],
							"rotation": [-5, 0, 0],
							"uv": {
								"north": {"uv": [66, 29], "uv_size": [5, 5]},
								"east": {"uv": [66, 29], "uv_size": [5, 5]},
								"south": {"uv": [66, 29], "uv_size": [5, 5]},
								"west": {"uv": [66, 29], "uv_size": [5, 5]},
								"up": {"uv": [71, 34], "uv_size": [-5, -5]},
								"down": {"uv": [71, 34], "uv_size": [-5, -5]}
							}
						},
						{
							"origin": [-7.58881, 22.97584, -0.14508],
							"size": [2.54, 1.14, 2.565],
							"pivot": [1.24619, 6.16084, -9.43608],
							"rotation": [25, 0, 0],
							"uv": {
								"north": {"uv": [66, 29], "uv_size": [5, 5]},
								"east": {"uv": [66, 29], "uv_size": [5, 5]},
								"south": {"uv": [66, 29], "uv_size": [5, 5]},
								"west": {"uv": [66, 29], "uv_size": [5, 5]},
								"up": {"uv": [71, 34], "uv_size": [-5, -5]},
								"down": {"uv": [71, 34], "uv_size": [-5, -5]}
							}
						},
						{
							"origin": [-7.87381, 25.0073, -6.06599],
							"size": [2.825, 1.14, 2.565],
							"pivot": [1.24619, 8.1923, -15.35699],
							"rotation": [7.5, 0, 0],
							"uv": {
								"north": {"uv": [66, 29], "uv_size": [5, 5]},
								"east": {"uv": [66, 29], "uv_size": [5, 5]},
								"south": {"uv": [66, 29], "uv_size": [5, 5]},
								"west": {"uv": [66, 29], "uv_size": [5, 5]},
								"up": {"uv": [71, 34], "uv_size": [-5, -5]},
								"down": {"uv": [71, 34], "uv_size": [-5, -5]}
							}
						},
						{
							"origin": [-7.58881, 22.30376, 7.34034],
							"size": [2.54, 1.14, 1.14],
							"pivot": [1.24619, 5.48876, -3.37566],
							"rotation": [47.5, 0, 0],
							"uv": {
								"north": {"uv": [66, 29], "uv_size": [5, 5]},
								"east": {"uv": [66, 29], "uv_size": [5, 5]},
								"south": {"uv": [66, 29], "uv_size": [5, 5]},
								"west": {"uv": [66, 29], "uv_size": [5, 5]},
								"up": {"uv": [71, 34], "uv_size": [-5, -5]},
								"down": {"uv": [71, 34], "uv_size": [-5, -5]}
							}
						}
					]
				},
				{
					"name": "leftleg",
					"parent": "jurei",
					"pivot": [4, 12, 11],
					"rotation": [0, -15, 0]
				},
				{
					"name": "bone2",
					"parent": "leftleg",
					"pivot": [4.32336, 7.3, 7.66891],
					"rotation": [47.5, 0, 0],
					"cubes": [
						{
							"origin": [3.32336, 7.3, 5.39391],
							"size": [2, 2, 9.275],
							"uv": {
								"north": {"uv": [71, 29], "uv_size": [-5, 5]},
								"east": {"uv": [71, 29], "uv_size": [-5, 5]},
								"south": {"uv": [71, 29], "uv_size": [-5, 5]},
								"west": {"uv": [71, 29], "uv_size": [-5, 5]},
								"up": {"uv": [66, 34], "uv_size": [5, -5]},
								"down": {"uv": [66, 34], "uv_size": [5, -5]}
							}
						},
						{
							"origin": [3.32336, 3.10501, 4.90711],
							"size": [2, 5.75, 1.775],
							"pivot": [4.32336, 6.85501, 7.18211],
							"rotation": [-12.5, 0, 0],
							"uv": {
								"north": {"uv": [67, 79], "uv_size": [-8, 17]},
								"east": {"uv": [71, 29], "uv_size": [-5, 5]},
								"south": {"uv": [67, 66], "uv_size": [-8, 12]},
								"west": {"uv": [67, 62], "uv_size": [-8, 14]},
								"up": {"uv": [66, 34], "uv_size": [5, -5]},
								"down": {"uv": [66, 34], "uv_size": [5, -5]}
							}
						},
						{
							"origin": [3.32336, 2.24433, -0.01724],
							"size": [2, 1, 5.275],
							"pivot": [4.32336, 1.24433, 5.75776],
							"rotation": [-17.5, 0, 0],
							"uv": {
								"north": {"uv": [71, 29], "uv_size": [-5, 5]},
								"east": {"uv": [71, 29], "uv_size": [-5, 5]},
								"south": {"uv": [71, 29], "uv_size": [-5, 5]},
								"west": {"uv": [71, 29], "uv_size": [-5, 5]},
								"up": {"uv": [66, 34], "uv_size": [5, -5]},
								"down": {"uv": [66, 34], "uv_size": [5, -5]}
							}
						},
						{
							"origin": [3.32336, 3.89039, -3.62374],
							"size": [2, 1, 3.275],
							"pivot": [4.32336, 2.89039, 0.15126],
							"rotation": [-47.5, 0, 0],
							"uv": {
								"north": {"uv": [71, 29], "uv_size": [-5, 5]},
								"east": {"uv": [71, 29], "uv_size": [-5, 5]},
								"south": {"uv": [71, 29], "uv_size": [-5, 5]},
								"west": {"uv": [71, 29], "uv_size": [-5, 5]},
								"up": {"uv": [70, 62], "uv_size": [4, 7]},
								"down": {"uv": [66, 34], "uv_size": [5, -5]}
							}
						},
						{
							"origin": [6.23873, 3.82639, -2.92073],
							"size": [1.75, 1, 2.775],
							"pivot": [6.98873, 2.82639, 0.35427],
							"rotation": [-47.75313, -9.53274, 3.03513],
							"uv": {
								"north": {"uv": [71, 29], "uv_size": [-5, 5]},
								"east": {"uv": [71, 29], "uv_size": [-5, 5]},
								"south": {"uv": [71, 29], "uv_size": [-5, 5]},
								"west": {"uv": [71, 29], "uv_size": [-5, 5]},
								"up": {"uv": [70, 62], "uv_size": [4, 7]},
								"down": {"uv": [66, 34], "uv_size": [5, -5]}
							}
						},
						{
							"origin": [5.6584, 2.94736, 0.25304],
							"size": [1.75, 1, 2.775],
							"pivot": [6.4084, 1.94736, 3.52804],
							"rotation": [-17.75313, -9.53274, 3.03513],
							"uv": {
								"north": {"uv": [71, 29], "uv_size": [-5, 5]},
								"east": {"uv": [71, 29], "uv_size": [-5, 5]},
								"south": {"uv": [71, 29], "uv_size": [-5, 5]},
								"west": {"uv": [71, 29], "uv_size": [-5, 5]},
								"up": {"uv": [67, 76], "uv_size": [-5, -5]},
								"down": {"uv": [66, 34], "uv_size": [5, -5]}
							}
						},
						{
							"origin": [1.23831, 2.94736, 0.25304],
							"size": [1.75, 1, 2.775],
							"pivot": [2.23831, 1.94736, 3.52804],
							"rotation": [-17.75313, 9.53274, -3.03513],
							"uv": {
								"north": {"uv": [71, 29], "uv_size": [-5, 5]},
								"east": {"uv": [71, 29], "uv_size": [-5, 5]},
								"south": {"uv": [71, 29], "uv_size": [-5, 5]},
								"west": {"uv": [71, 29], "uv_size": [-5, 5]},
								"up": {"uv": [59, 78], "uv_size": [8, -8]},
								"down": {"uv": [66, 34], "uv_size": [5, -5]}
							}
						},
						{
							"origin": [0.65798, 3.82639, -2.92073],
							"size": [1.75, 1, 2.775],
							"pivot": [1.65798, 2.82639, 0.35427],
							"rotation": [-47.75313, 9.53274, -3.03513],
							"uv": {
								"north": {"uv": [71, 29], "uv_size": [-5, 5]},
								"east": {"uv": [71, 29], "uv_size": [-5, 5]},
								"south": {"uv": [71, 29], "uv_size": [-5, 5]},
								"west": {"uv": [71, 29], "uv_size": [-5, 5]},
								"up": {"uv": [70, 62], "uv_size": [4, 7]},
								"down": {"uv": [66, 34], "uv_size": [5, -5]}
							}
						},
						{
							"origin": [2.2877, 2.501, 1.39371],
							"size": [2.975, 1, 3.05],
							"pivot": [4.2627, 1.501, 4.94371],
							"rotation": [-24.03208, -42.406, 16.73634],
							"uv": {
								"north": {"uv": [71, 29], "uv_size": [-5, 5]},
								"east": {"uv": [71, 29], "uv_size": [-5, 5]},
								"south": {"uv": [71, 29], "uv_size": [-5, 5]},
								"west": {"uv": [71, 29], "uv_size": [-5, 5]},
								"up": {"uv": [66, 34], "uv_size": [5, -5]},
								"down": {"uv": [66, 34], "uv_size": [5, -5]}
							}
						},
						{
							"origin": [3.38402, 2.501, 1.39371],
							"size": [2.975, 1, 3.05],
							"pivot": [4.38402, 1.501, 4.94371],
							"rotation": [-24.03208, 42.406, -16.73634],
							"uv": {
								"north": {"uv": [71, 29], "uv_size": [-5, 5]},
								"east": {"uv": [71, 29], "uv_size": [-5, 5]},
								"south": {"uv": [71, 29], "uv_size": [-5, 5]},
								"west": {"uv": [71, 29], "uv_size": [-5, 5]},
								"up": {"uv": [66, 34], "uv_size": [5, -5]},
								"down": {"uv": [66, 34], "uv_size": [5, -5]}
							}
						},
						{
							"origin": [3.32336, 4.35025, 14.21916],
							"size": [2, 2, 2.5],
							"pivot": [4.32336, 4.35025, 9.71916],
							"rotation": [45, 0, 0],
							"uv": {
								"north": {"uv": [71, 29], "uv_size": [-5, 5]},
								"east": {"uv": [71, 29], "uv_size": [-5, 5]},
								"south": {"uv": [71, 29], "uv_size": [-5, 5]},
								"west": {"uv": [71, 29], "uv_size": [-5, 5]},
								"up": {"uv": [66, 34], "uv_size": [5, -5]},
								"down": {"uv": [66, 34], "uv_size": [5, -5]}
							}
						},
						{
							"origin": [3.32336, 7.52906, 5.70834],
							"size": [2, 2, 8],
							"pivot": [4.32336, 7.52906, 6.70834],
							"rotation": [10, 0, 0],
							"uv": {
								"north": {"uv": [71, 29], "uv_size": [-5, 5]},
								"east": {"uv": [71, 29], "uv_size": [-5, 5]},
								"south": {"uv": [71, 29], "uv_size": [-5, 5]},
								"west": {"uv": [71, 29], "uv_size": [-5, 5]},
								"up": {"uv": [59, 77], "uv_size": [8, -15]},
								"down": {"uv": [66, 34], "uv_size": [5, -5]}
							}
						},
						{
							"origin": [3.32336, 7.07094, 5.70834],
							"size": [2, 2, 8],
							"pivot": [4.32336, 9.07094, 6.70834],
							"rotation": [-10, 0, 0],
							"uv": {
								"north": {"uv": [71, 29], "uv_size": [-5, 5]},
								"east": {"uv": [71, 29], "uv_size": [-5, 5]},
								"south": {"uv": [71, 29], "uv_size": [-5, 5]},
								"west": {"uv": [71, 29], "uv_size": [-5, 5]},
								"up": {"uv": [66, 34], "uv_size": [5, -5]},
								"down": {"uv": [59, 82], "uv_size": [8, -20]}
							}
						},
						{
							"origin": [3.32336, 10.24975, 14.21916],
							"size": [2, 2, 2.5],
							"pivot": [4.32336, 12.24975, 9.71916],
							"rotation": [-45, 0, 0],
							"uv": {
								"north": {"uv": [71, 29], "uv_size": [-5, 5]},
								"east": {"uv": [71, 29], "uv_size": [-5, 5]},
								"south": {"uv": [71, 29], "uv_size": [-5, 5]},
								"west": {"uv": [71, 29], "uv_size": [-5, 5]},
								"up": {"uv": [66, 34], "uv_size": [5, -5]},
								"down": {"uv": [66, 34], "uv_size": [5, -5]}
							}
						}
					]
				},
				{
					"name": "rightleg",
					"parent": "jurei",
					"pivot": [-4, 12, 11],
					"rotation": [0, 15, 0]
				},
				{
					"name": "bone4",
					"parent": "rightleg",
					"pivot": [-4.32336, 7.3, 7.66891],
					"rotation": [47.5, 0, 0],
					"cubes": [
						{
							"origin": [-5.32336, 7.3, 5.39391],
							"size": [2, 2, 9.275],
							"uv": {
								"north": {"uv": [66, 29], "uv_size": [5, 5]},
								"east": {"uv": [66, 29], "uv_size": [5, 5]},
								"south": {"uv": [66, 29], "uv_size": [5, 5]},
								"west": {"uv": [66, 29], "uv_size": [5, 5]},
								"up": {"uv": [71, 34], "uv_size": [-5, -5]},
								"down": {"uv": [71, 34], "uv_size": [-5, -5]}
							}
						},
						{
							"origin": [-5.32336, 3.10501, 4.90711],
							"size": [2, 5.75, 1.775],
							"pivot": [-4.32336, 6.85501, 7.18211],
							"rotation": [-12.5, 0, 0],
							"uv": {
								"north": {"uv": [59, 79], "uv_size": [8, 17]},
								"east": {"uv": [59, 62], "uv_size": [8, 14]},
								"south": {"uv": [59, 66], "uv_size": [8, 12]},
								"west": {"uv": [66, 29], "uv_size": [5, 5]},
								"up": {"uv": [71, 34], "uv_size": [-5, -5]},
								"down": {"uv": [71, 34], "uv_size": [-5, -5]}
							}
						},
						{
							"origin": [-5.32336, 2.24433, -0.01724],
							"size": [2, 1, 5.275],
							"pivot": [-4.32336, 1.24433, 5.75776],
							"rotation": [-17.5, 0, 0],
							"uv": {
								"north": {"uv": [66, 29], "uv_size": [5, 5]},
								"east": {"uv": [66, 29], "uv_size": [5, 5]},
								"south": {"uv": [66, 29], "uv_size": [5, 5]},
								"west": {"uv": [66, 29], "uv_size": [5, 5]},
								"up": {"uv": [71, 34], "uv_size": [-5, -5]},
								"down": {"uv": [71, 34], "uv_size": [-5, -5]}
							}
						},
						{
							"origin": [-5.32336, 3.89039, -3.62374],
							"size": [2, 1, 3.275],
							"pivot": [-4.32336, 2.89039, 0.15126],
							"rotation": [-47.5, 0, 0],
							"uv": {
								"north": {"uv": [66, 29], "uv_size": [5, 5]},
								"east": {"uv": [66, 29], "uv_size": [5, 5]},
								"south": {"uv": [66, 29], "uv_size": [5, 5]},
								"west": {"uv": [66, 29], "uv_size": [5, 5]},
								"up": {"uv": [74, 62], "uv_size": [-4, 7]},
								"down": {"uv": [71, 34], "uv_size": [-5, -5]}
							}
						},
						{
							"origin": [-7.98873, 3.82639, -2.92073],
							"size": [1.75, 1, 2.775],
							"pivot": [-6.98873, 2.82639, 0.35427],
							"rotation": [-47.75313, 9.53274, -3.03513],
							"uv": {
								"north": {"uv": [66, 29], "uv_size": [5, 5]},
								"east": {"uv": [66, 29], "uv_size": [5, 5]},
								"south": {"uv": [66, 29], "uv_size": [5, 5]},
								"west": {"uv": [66, 29], "uv_size": [5, 5]},
								"up": {"uv": [74, 62], "uv_size": [-4, 7]},
								"down": {"uv": [71, 34], "uv_size": [-5, -5]}
							}
						},
						{
							"origin": [-7.4084, 2.94736, 0.25304],
							"size": [1.75, 1, 2.775],
							"pivot": [-6.4084, 1.94736, 3.52804],
							"rotation": [-17.75313, 9.53274, -3.03513],
							"uv": {
								"north": {"uv": [66, 29], "uv_size": [5, 5]},
								"east": {"uv": [66, 29], "uv_size": [5, 5]},
								"south": {"uv": [66, 29], "uv_size": [5, 5]},
								"west": {"uv": [66, 29], "uv_size": [5, 5]},
								"up": {"uv": [62, 76], "uv_size": [5, -5]},
								"down": {"uv": [71, 34], "uv_size": [-5, -5]}
							}
						},
						{
							"origin": [-2.98831, 2.94736, 0.25304],
							"size": [1.75, 1, 2.775],
							"pivot": [-2.23831, 1.94736, 3.52804],
							"rotation": [-17.75313, -9.53274, 3.03513],
							"uv": {
								"north": {"uv": [66, 29], "uv_size": [5, 5]},
								"east": {"uv": [66, 29], "uv_size": [5, 5]},
								"south": {"uv": [66, 29], "uv_size": [5, 5]},
								"west": {"uv": [66, 29], "uv_size": [5, 5]},
								"up": {"uv": [67, 78], "uv_size": [-8, -8]},
								"down": {"uv": [71, 34], "uv_size": [-5, -5]}
							}
						},
						{
							"origin": [-2.40798, 3.82639, -2.92073],
							"size": [1.75, 1, 2.775],
							"pivot": [-1.65798, 2.82639, 0.35427],
							"rotation": [-47.75313, -9.53274, 3.03513],
							"uv": {
								"north": {"uv": [66, 29], "uv_size": [5, 5]},
								"east": {"uv": [66, 29], "uv_size": [5, 5]},
								"south": {"uv": [66, 29], "uv_size": [5, 5]},
								"west": {"uv": [66, 29], "uv_size": [5, 5]},
								"up": {"uv": [74, 62], "uv_size": [-4, 7]},
								"down": {"uv": [71, 34], "uv_size": [-5, -5]}
							}
						},
						{
							"origin": [-5.2627, 2.501, 1.39371],
							"size": [2.975, 1, 3.05],
							"pivot": [-4.2627, 1.501, 4.94371],
							"rotation": [-24.03208, 42.406, -16.73634],
							"uv": {
								"north": {"uv": [66, 29], "uv_size": [5, 5]},
								"east": {"uv": [66, 29], "uv_size": [5, 5]},
								"south": {"uv": [66, 29], "uv_size": [5, 5]},
								"west": {"uv": [66, 29], "uv_size": [5, 5]},
								"up": {"uv": [71, 34], "uv_size": [-5, -5]},
								"down": {"uv": [71, 34], "uv_size": [-5, -5]}
							}
						},
						{
							"origin": [-6.35902, 2.501, 1.39371],
							"size": [2.975, 1, 3.05],
							"pivot": [-4.38402, 1.501, 4.94371],
							"rotation": [-24.03208, -42.406, 16.73634],
							"uv": {
								"north": {"uv": [66, 29], "uv_size": [5, 5]},
								"east": {"uv": [66, 29], "uv_size": [5, 5]},
								"south": {"uv": [66, 29], "uv_size": [5, 5]},
								"west": {"uv": [66, 29], "uv_size": [5, 5]},
								"up": {"uv": [71, 34], "uv_size": [-5, -5]},
								"down": {"uv": [71, 34], "uv_size": [-5, -5]}
							}
						},
						{
							"origin": [-5.32336, 4.35025, 14.21916],
							"size": [2, 2, 2.5],
							"pivot": [-4.32336, 4.35025, 9.71916],
							"rotation": [45, 0, 0],
							"uv": {
								"north": {"uv": [66, 29], "uv_size": [5, 5]},
								"east": {"uv": [66, 29], "uv_size": [5, 5]},
								"south": {"uv": [66, 29], "uv_size": [5, 5]},
								"west": {"uv": [66, 29], "uv_size": [5, 5]},
								"up": {"uv": [71, 34], "uv_size": [-5, -5]},
								"down": {"uv": [71, 34], "uv_size": [-5, -5]}
							}
						},
						{
							"origin": [-5.32336, 7.52906, 5.70834],
							"size": [2, 2, 8],
							"pivot": [-4.32336, 7.52906, 6.70834],
							"rotation": [10, 0, 0],
							"uv": {
								"north": {"uv": [66, 29], "uv_size": [5, 5]},
								"east": {"uv": [66, 29], "uv_size": [5, 5]},
								"south": {"uv": [66, 29], "uv_size": [5, 5]},
								"west": {"uv": [66, 29], "uv_size": [5, 5]},
								"up": {"uv": [67, 77], "uv_size": [-8, -15]},
								"down": {"uv": [71, 34], "uv_size": [-5, -5]}
							}
						},
						{
							"origin": [-5.32336, 7.07094, 5.70834],
							"size": [2, 2, 8],
							"pivot": [-4.32336, 9.07094, 6.70834],
							"rotation": [-10, 0, 0],
							"uv": {
								"north": {"uv": [66, 29], "uv_size": [5, 5]},
								"east": {"uv": [66, 29], "uv_size": [5, 5]},
								"south": {"uv": [66, 29], "uv_size": [5, 5]},
								"west": {"uv": [66, 29], "uv_size": [5, 5]},
								"up": {"uv": [71, 34], "uv_size": [-5, -5]},
								"down": {"uv": [67, 82], "uv_size": [-8, -20]}
							}
						},
						{
							"origin": [-5.32336, 10.24975, 14.21916],
							"size": [2, 2, 2.5],
							"pivot": [-4.32336, 12.24975, 9.71916],
							"rotation": [-45, 0, 0],
							"uv": {
								"north": {"uv": [66, 29], "uv_size": [5, 5]},
								"east": {"uv": [66, 29], "uv_size": [5, 5]},
								"south": {"uv": [66, 29], "uv_size": [5, 5]},
								"west": {"uv": [66, 29], "uv_size": [5, 5]},
								"up": {"uv": [71, 34], "uv_size": [-5, -5]},
								"down": {"uv": [71, 34], "uv_size": [-5, -5]}
							}
						}
					]
				},
				{
					"name": "rightarm",
					"parent": "jurei",
					"pivot": [-8, 19.5, -5],
					"rotation": [25, 0, 10],
					"cubes": [
						{
							"origin": [-10.84071, 10.3557, -6.77178],
							"size": [3.75, 6.75, 4],
							"uv": {
								"north": {"uv": [59, 70], "uv_size": [8, 8]},
								"east": {"uv": [66, 29], "uv_size": [5, 5]},
								"south": {"uv": [66, 29], "uv_size": [5, 5]},
								"west": {"uv": [66, 29], "uv_size": [5, 5]},
								"up": {"uv": [71, 34], "uv_size": [-5, -5]},
								"down": {"uv": [71, 34], "uv_size": [-5, -5]}
							}
						},
						{
							"origin": [-11.09071, 17.1057, -7.02178],
							"size": [4, 4, 4.5],
							"uv": {
								"north": {"uv": [59, 62], "uv_size": [8, 8]},
								"east": {"uv": [66, 29], "uv_size": [5, 5]},
								"south": {"uv": [66, 29], "uv_size": [5, 5]},
								"west": {"uv": [66, 29], "uv_size": [5, 5]},
								"up": {"uv": [71, 34], "uv_size": [-5, -5]},
								"down": {"uv": [71, 34], "uv_size": [-5, -5]}
							}
						},
						{
							"origin": [-10.94071, 11.3057, -6.67178],
							"size": [3.85, 4.8, 3.8],
							"uv": {
								"north": {"uv": [66, 29], "uv_size": [5, 5]},
								"east": {"uv": [59, 77], "uv_size": [8, -15]},
								"south": {"uv": [66, 29], "uv_size": [5, 5]},
								"west": {"uv": [66, 29], "uv_size": [5, 5]},
								"up": {"uv": [71, 34], "uv_size": [-5, -5]},
								"down": {"uv": [71, 34], "uv_size": [-5, -5]}
							}
						},
						{
							"origin": [-11.59071, 17.1057, -6.27178],
							"size": [4.5, 4.5, 3],
							"uv": {
								"north": {"uv": [66, 29], "uv_size": [5, 5]},
								"east": {"uv": [59, 62], "uv_size": [8, 8]},
								"south": {"uv": [66, 29], "uv_size": [5, 5]},
								"west": {"uv": [66, 29], "uv_size": [5, 5]},
								"up": {"uv": [71, 34], "uv_size": [-5, -5]},
								"down": {"uv": [71, 34], "uv_size": [-5, -5]}
							}
						}
					]
				},
				{
					"name": "bone7",
					"parent": "rightarm",
					"pivot": [-9.09071, 11.62002, -5.02703],
					"rotation": [-30, 0, 0],
					"cubes": [
						{
							"origin": [-9.84071, 2.49586, -14.55307],
							"size": [2.75, 11, 3],
							"pivot": [12.90929, -7.50414, -12.55307],
							"rotation": [-25, 0, 0],
							"uv": {
								"north": {"uv": [66, 29], "uv_size": [5, 5]},
								"east": {"uv": [66, 29], "uv_size": [5, 5]},
								"south": {"uv": [66, 29], "uv_size": [5, 5]},
								"west": {"uv": [66, 29], "uv_size": [5, 5]},
								"up": {"uv": [71, 34], "uv_size": [-5, -5]},
								"down": {"uv": [71, 34], "uv_size": [-5, -5]}
							}
						},
						{
							"origin": [-10.54071, 5.49586, -15.05307],
							"size": [3.45, 8.75, 3.5],
							"pivot": [12.90929, -7.50414, -12.55307],
							"rotation": [-25, 0, 0],
							"uv": {
								"north": {"uv": [59, 78], "uv_size": [8, 20]},
								"east": {"uv": [67, 86], "uv_size": [-8, -16]},
								"south": {"uv": [66, 29], "uv_size": [5, 5]},
								"west": {"uv": [66, 29], "uv_size": [5, 5]},
								"up": {"uv": [71, 34], "uv_size": [-5, -5]},
								"down": {"uv": [71, 34], "uv_size": [-5, -5]}
							}
						},
						{
							"origin": [-13.54646, -2.17576, -14.48729],
							"size": [1.75, 1.25, 6.625],
							"pivot": [9.20354, -21.92576, -11.58729],
							"rotation": [24.56202, 22.9824, 10.11783],
							"uv": {
								"north": {"uv": [66, 29], "uv_size": [5, 5]},
								"east": {"uv": [66, 29], "uv_size": [5, 5]},
								"south": {"uv": [66, 29], "uv_size": [5, 5]},
								"west": {"uv": [66, 29], "uv_size": [5, 5]},
								"up": {"uv": [74, 62], "uv_size": [-4, 7]},
								"down": {"uv": [71, 34], "uv_size": [-5, -5]}
							}
						},
						{
							"origin": [-9.84071, 1.37002, -5.02703],
							"size": [2.75, 1.25, 5.725],
							"pivot": [12.90929, -18.37998, -3.02703],
							"rotation": [22.5, 0, 0],
							"uv": {
								"north": {"uv": [66, 29], "uv_size": [5, 5]},
								"east": {"uv": [66, 29], "uv_size": [5, 5]},
								"south": {"uv": [66, 29], "uv_size": [5, 5]},
								"west": {"uv": [66, 29], "uv_size": [5, 5]},
								"up": {"uv": [71, 34], "uv_size": [-5, -5]},
								"down": {"uv": [71, 34], "uv_size": [-5, -5]}
							}
						},
						{
							"origin": [-9.01374, 4.55391, 1.75955],
							"size": [1.75, 1.25, 6.625],
							"pivot": [13.73626, -15.19609, 4.65955],
							"rotation": [24.14867, -20.70481, -9.00717],
							"uv": {
								"north": {"uv": [66, 29], "uv_size": [5, 5]},
								"east": {"uv": [66, 29], "uv_size": [5, 5]},
								"south": {"uv": [66, 29], "uv_size": [5, 5]},
								"west": {"uv": [66, 29], "uv_size": [5, 5]},
								"up": {"uv": [74, 62], "uv_size": [-4, 7]},
								"down": {"uv": [71, 34], "uv_size": [-5, -5]}
							}
						},
						{
							"origin": [-9.34071, 1.37002, -8.57703],
							"size": [1.75, 1.25, 9.275],
							"pivot": [12.90929, -18.37998, -3.02703],
							"rotation": [22.5, 0, 0],
							"uv": {
								"north": {"uv": [66, 29], "uv_size": [5, 5]},
								"east": {"uv": [66, 29], "uv_size": [5, 5]},
								"south": {"uv": [66, 29], "uv_size": [5, 5]},
								"west": {"uv": [66, 29], "uv_size": [5, 5]},
								"up": {"uv": [74, 62], "uv_size": [-4, 7]},
								"down": {"uv": [71, 34], "uv_size": [-5, -5]}
							}
						}
					]
				},
				{
					"name": "leftarm",
					"parent": "jurei",
					"pivot": [8, 19.5, -5],
					"rotation": [25, 0, -10],
					"cubes": [
						{
							"origin": [7.09071, 10.3557, -6.77178],
							"size": [3.75, 6.75, 4],
							"uv": {
								"north": {"uv": [67, 70], "uv_size": [-8, 8]},
								"east": {"uv": [71, 29], "uv_size": [-5, 5]},
								"south": {"uv": [71, 29], "uv_size": [-5, 5]},
								"west": {"uv": [71, 29], "uv_size": [-5, 5]},
								"up": {"uv": [66, 34], "uv_size": [5, -5]},
								"down": {"uv": [66, 34], "uv_size": [5, -5]}
							}
						},
						{
							"origin": [7.09071, 17.1057, -7.02178],
							"size": [4, 4, 4.5],
							"uv": {
								"north": {"uv": [67, 62], "uv_size": [-8, 8]},
								"east": {"uv": [71, 29], "uv_size": [-5, 5]},
								"south": {"uv": [71, 29], "uv_size": [-5, 5]},
								"west": {"uv": [71, 29], "uv_size": [-5, 5]},
								"up": {"uv": [66, 34], "uv_size": [5, -5]},
								"down": {"uv": [66, 34], "uv_size": [5, -5]}
							}
						},
						{
							"origin": [7.09071, 11.3057, -6.67178],
							"size": [3.85, 4.8, 3.8],
							"uv": {
								"north": {"uv": [71, 29], "uv_size": [-5, 5]},
								"east": {"uv": [71, 29], "uv_size": [-5, 5]},
								"south": {"uv": [71, 29], "uv_size": [-5, 5]},
								"west": {"uv": [67, 77], "uv_size": [-8, -15]},
								"up": {"uv": [66, 34], "uv_size": [5, -5]},
								"down": {"uv": [66, 34], "uv_size": [5, -5]}
							}
						},
						{
							"origin": [7.09071, 17.1057, -6.27178],
							"size": [4.5, 4.5, 3],
							"uv": {
								"north": {"uv": [71, 29], "uv_size": [-5, 5]},
								"east": {"uv": [71, 29], "uv_size": [-5, 5]},
								"south": {"uv": [71, 29], "uv_size": [-5, 5]},
								"west": {"uv": [67, 62], "uv_size": [-8, 8]},
								"up": {"uv": [66, 34], "uv_size": [5, -5]},
								"down": {"uv": [66, 34], "uv_size": [5, -5]}
							}
						}
					]
				},
				{
					"name": "bone8",
					"parent": "leftarm",
					"pivot": [9.09071, 11.62002, -5.02703],
					"rotation": [-30, 0, 0],
					"cubes": [
						{
							"origin": [7.09071, 2.49586, -14.55307],
							"size": [2.75, 11, 3],
							"pivot": [-12.90929, -7.50414, -12.55307],
							"rotation": [-25, 0, 0],
							"uv": {
								"north": {"uv": [71, 29], "uv_size": [-5, 5]},
								"east": {"uv": [71, 29], "uv_size": [-5, 5]},
								"south": {"uv": [71, 29], "uv_size": [-5, 5]},
								"west": {"uv": [71, 29], "uv_size": [-5, 5]},
								"up": {"uv": [66, 34], "uv_size": [5, -5]},
								"down": {"uv": [66, 34], "uv_size": [5, -5]}
							}
						},
						{
							"origin": [7.09071, 5.49586, -15.05307],
							"size": [3.45, 8.75, 3.5],
							"pivot": [-12.90929, -7.50414, -12.55307],
							"rotation": [-25, 0, 0],
							"uv": {
								"north": {"uv": [67, 78], "uv_size": [-8, 20]},
								"east": {"uv": [71, 29], "uv_size": [-5, 5]},
								"south": {"uv": [71, 29], "uv_size": [-5, 5]},
								"west": {"uv": [59, 86], "uv_size": [8, -16]},
								"up": {"uv": [66, 34], "uv_size": [5, -5]},
								"down": {"uv": [66, 34], "uv_size": [5, -5]}
							}
						},
						{
							"origin": [11.79646, -2.17576, -14.48729],
							"size": [1.75, 1.25, 6.625],
							"pivot": [-9.20354, -21.92576, -11.58729],
							"rotation": [24.56202, -22.9824, -10.11783],
							"uv": {
								"north": {"uv": [71, 29], "uv_size": [-5, 5]},
								"east": {"uv": [71, 29], "uv_size": [-5, 5]},
								"south": {"uv": [71, 29], "uv_size": [-5, 5]},
								"west": {"uv": [71, 29], "uv_size": [-5, 5]},
								"up": {"uv": [70, 62], "uv_size": [4, 7]},
								"down": {"uv": [66, 34], "uv_size": [5, -5]}
							}
						},
						{
							"origin": [7.09071, 1.37002, -5.02703],
							"size": [2.75, 1.25, 5.725],
							"pivot": [-12.90929, -18.37998, -3.02703],
							"rotation": [22.5, 0, 0],
							"uv": {
								"north": {"uv": [71, 29], "uv_size": [-5, 5]},
								"east": {"uv": [71, 29], "uv_size": [-5, 5]},
								"south": {"uv": [71, 29], "uv_size": [-5, 5]},
								"west": {"uv": [71, 29], "uv_size": [-5, 5]},
								"up": {"uv": [66, 34], "uv_size": [5, -5]},
								"down": {"uv": [66, 34], "uv_size": [5, -5]}
							}
						},
						{
							"origin": [7.26374, 4.55391, 1.75955],
							"size": [1.75, 1.25, 6.625],
							"pivot": [-13.73626, -15.19609, 4.65955],
							"rotation": [24.14867, 20.70481, 9.00717],
							"uv": {
								"north": {"uv": [71, 29], "uv_size": [-5, 5]},
								"east": {"uv": [71, 29], "uv_size": [-5, 5]},
								"south": {"uv": [71, 29], "uv_size": [-5, 5]},
								"west": {"uv": [71, 29], "uv_size": [-5, 5]},
								"up": {"uv": [70, 62], "uv_size": [4, 7]},
								"down": {"uv": [66, 34], "uv_size": [5, -5]}
							}
						},
						{
							"origin": [7.59071, 1.37002, -8.57703],
							"size": [1.75, 1.25, 9.275],
							"pivot": [-12.90929, -18.37998, -3.02703],
							"rotation": [22.5, 0, 0],
							"uv": {
								"north": {"uv": [71, 29], "uv_size": [-5, 5]},
								"east": {"uv": [71, 29], "uv_size": [-5, 5]},
								"south": {"uv": [71, 29], "uv_size": [-5, 5]},
								"west": {"uv": [71, 29], "uv_size": [-5, 5]},
								"up": {"uv": [70, 62], "uv_size": [4, 7]},
								"down": {"uv": [66, 34], "uv_size": [5, -5]}
							}
						}
					]
				}
			]
		}
	]
}