{
	"format_version": "1.12.0",
	"minecraft:geometry": [
		{
			"description": {
				"identifier": "geometry.raichu",
				"texture_width": 64,
				"texture_height": 64,
				"visible_bounds_width": 3,
				"visible_bounds_height": 2.5,
				"visible_bounds_offset": [0, 0.75, 0]
			},
			"bones": [
				{
					"name": "root",
					"pivot": [0, 0, 0]
				},
				{
					"name": "raichu",
					"parent": "root",
					"pivot": [0, 0, 0],
					"cubes": [
						{
							"origin": [-3, 0, 3.5],
							"size": [6, 7.5, 6],
							"uv": {
								"north": {"uv": [0, 0], "uv_size": [12, 12]},
								"east": {"uv": [0, 0], "uv_size": [12, 12]},
								"south": {"uv": [0, 0], "uv_size": [12, 12]},
								"west": {"uv": [0, 0], "uv_size": [12, 12]},
								"up": {"uv": [12, 12], "uv_size": [-12, -12]},
								"down": {"uv": [12, 12], "uv_size": [-12, -12]}
							}
						},
						{
							"origin": [-3.025, 1.5, 4],
							"size": [6.05, 6.025, 1],
							"uv": {
								"north": {"uv": [14, 7], "uv_size": [0, 0]},
								"east": {"uv": [14, 7], "uv_size": [0, 0]},
								"south": {"uv": [14, 7], "uv_size": [0, 0]},
								"west": {"uv": [14, 7], "uv_size": [0, 0]},
								"up": {"uv": [14, 7], "uv_size": [0, 0]},
								"down": {"uv": [14, 7], "uv_size": [0, 0]}
							}
						},
						{
							"origin": [-3.425, 1.5, 4],
							"size": [6.85, 5.025, 1],
							"uv": {
								"north": {"uv": [14, 7], "uv_size": [0, 0]},
								"east": {"uv": [14, 7], "uv_size": [0, 0]},
								"south": {"uv": [14, 7], "uv_size": [0, 0]},
								"west": {"uv": [14, 7], "uv_size": [0, 0]},
								"up": {"uv": [14, 7], "uv_size": [0, 0]},
								"down": {"uv": [14, 7], "uv_size": [0, 0]}
							}
						},
						{
							"origin": [-3.425, 1.5, 7],
							"size": [6.85, 5.025, 1],
							"uv": {
								"north": {"uv": [14, 7], "uv_size": [0, 0]},
								"east": {"uv": [14, 7], "uv_size": [0, 0]},
								"south": {"uv": [14, 7], "uv_size": [0, 0]},
								"west": {"uv": [14, 7], "uv_size": [0, 0]},
								"up": {"uv": [14, 7], "uv_size": [0, 0]},
								"down": {"uv": [14, 7], "uv_size": [0, 0]}
							}
						},
						{
							"origin": [-3.025, 1.5, 7],
							"size": [6.05, 6.025, 1],
							"uv": {
								"north": {"uv": [14, 7], "uv_size": [0, 0]},
								"east": {"uv": [14, 7], "uv_size": [0, 0]},
								"south": {"uv": [14, 7], "uv_size": [0, 0]},
								"west": {"uv": [14, 7], "uv_size": [0, 0]},
								"up": {"uv": [14, 7], "uv_size": [0, 0]},
								"down": {"uv": [14, 7], "uv_size": [0, 0]}
							}
						},
						{
							"origin": [-3.5, -0.25, 2.75],
							"size": [7, 6.75, 8],
							"uv": {
								"north": {"uv": [0, 0], "uv_size": [12, 12]},
								"east": {"uv": [0, 0], "uv_size": [12, 12]},
								"south": {"uv": [0, 0], "uv_size": [12, 12]},
								"west": {"uv": [0, 0], "uv_size": [12, 12]},
								"up": {"uv": [12, 12], "uv_size": [-12, -12]},
								"down": {"uv": [21.5, 3], "uv_size": [-4, 5]}
							}
						},
						{
							"origin": [-4.5, 0, 2.75],
							"size": [9, 5, 8],
							"uv": {
								"north": {"uv": [0, 0], "uv_size": [12, 12]},
								"east": {"uv": [0, 0], "uv_size": [12, 12]},
								"south": {"uv": [0, 0], "uv_size": [12, 12]},
								"west": {"uv": [0, 0], "uv_size": [12, 12]},
								"up": {"uv": [12, 12], "uv_size": [-12, -12]},
								"down": {"uv": [12, 12], "uv_size": [-12, -12]}
							}
						},
						{
							"origin": [-3, 0, 2.75],
							"size": [6, 5.5, 9.5],
							"uv": {
								"north": {"uv": [0, 0], "uv_size": [12, 12]},
								"east": {"uv": [0, 0], "uv_size": [12, 12]},
								"south": {"uv": [0, 0], "uv_size": [12, 12]},
								"west": {"uv": [0, 0], "uv_size": [12, 12]},
								"up": {"uv": [12, 12], "uv_size": [-12, -12]},
								"down": {"uv": [12, 12], "uv_size": [-12, -12]}
							}
						}
					]
				},
				{
					"name": "head",
					"parent": "raichu",
					"pivot": [0, 3, 1.5],
					"cubes": [
						{
							"origin": [-1.05, 1.6, -5.275],
							"size": [0.75, 0.4, 1.275],
							"uv": {
								"north": {"uv": [0, 14], "uv_size": [6, 5]},
								"east": {"uv": [0, 14], "uv_size": [6, 5]},
								"south": {"uv": [0, 14], "uv_size": [6, 5]},
								"west": {"uv": [0, 14], "uv_size": [6, 5]},
								"up": {"uv": [6, 19], "uv_size": [-6, -5]},
								"down": {"uv": [6, 19], "uv_size": [-6, -5]}
							}
						},
						{
							"origin": [-3.5, -0.25, -3.75],
							"size": [7, 6.75, 6.5],
							"uv": {
								"north": {"uv": [0, 0], "uv_size": [12, 12]},
								"east": {"uv": [0, 0], "uv_size": [12, 12]},
								"south": {"uv": [0, 0], "uv_size": [12, 12]},
								"west": {"uv": [0, 0], "uv_size": [12, 12]},
								"up": {"uv": [12, 12], "uv_size": [-12, -12]},
								"down": {"uv": [12, 0], "uv_size": [-12, 12]}
							}
						},
						{
							"origin": [-3, 0, -3],
							"size": [6, 7, 6],
							"uv": {
								"north": {"uv": [0, 0], "uv_size": [12, 12]},
								"east": {"uv": [0, 0], "uv_size": [12, 12]},
								"south": {"uv": [0, 0], "uv_size": [12, 12]},
								"west": {"uv": [0, 0], "uv_size": [12, 12]},
								"up": {"uv": [12, 12], "uv_size": [-12, -12]},
								"down": {"uv": [12, 12], "uv_size": [-12, -12]}
							}
						},
						{
							"origin": [-5, 0, -4.25],
							"size": [10, 4.5, 7.25],
							"uv": {
								"north": {"uv": [0, 0], "uv_size": [12, 12]},
								"east": {"uv": [0, 0], "uv_size": [12, 12]},
								"south": {"uv": [0, 0], "uv_size": [12, 12]},
								"west": {"uv": [0, 0], "uv_size": [12, 12]},
								"up": {"uv": [12, 12], "uv_size": [-12, -12]},
								"down": {"uv": [12, 12], "uv_size": [-12, -12]}
							}
						},
						{
							"origin": [-4, 0, -4],
							"size": [8, 6, 7],
							"uv": {
								"north": {"uv": [0, 0], "uv_size": [12, 12]},
								"east": {"uv": [0, 0], "uv_size": [12, 12]},
								"south": {"uv": [0, 0], "uv_size": [12, 12]},
								"west": {"uv": [0, 0], "uv_size": [12, 12]},
								"up": {"uv": [12, 12], "uv_size": [-12, -12]},
								"down": {"uv": [12, 12], "uv_size": [-12, -12]}
							}
						},
						{
							"origin": [-4, 0.25, -5.25],
							"size": [8, 4.75, 8.25],
							"uv": {
								"north": {"uv": [0, 0], "uv_size": [12, 12]},
								"east": {"uv": [0, 0], "uv_size": [12, 12]},
								"south": {"uv": [0, 0], "uv_size": [12, 12]},
								"west": {"uv": [0, 0], "uv_size": [12, 12]},
								"up": {"uv": [12, 12], "uv_size": [-12, -12]},
								"down": {"uv": [12, 12], "uv_size": [-12, -12]}
							}
						},
						{
							"origin": [2.475, 0.275, -5.275],
							"size": [1.575, 1.525, 1.275],
							"uv": {
								"north": {"uv": [11, 18], "uv_size": [0, 0]},
								"east": {"uv": [11, 18], "uv_size": [0, 0]},
								"south": {"uv": [11, 18], "uv_size": [0, 0]},
								"west": {"uv": [11, 18], "uv_size": [0, 0]},
								"up": {"uv": [11, 18], "uv_size": [0, 0]},
								"down": {"uv": [11, 18], "uv_size": [0, 0]}
							}
						},
						{
							"origin": [-4.05, 0.275, -5.275],
							"size": [1.575, 1.525, 1.275],
							"uv": {
								"north": {"uv": [11, 18], "uv_size": [0, 0]},
								"east": {"uv": [11, 18], "uv_size": [0, 0]},
								"south": {"uv": [11, 18], "uv_size": [0, 0]},
								"west": {"uv": [11, 18], "uv_size": [0, 0]},
								"up": {"uv": [11, 18], "uv_size": [0, 0]},
								"down": {"uv": [11, 18], "uv_size": [0, 0]}
							}
						},
						{
							"origin": [-0.5, 1.9, -5.275],
							"size": [1, 0.3, 1.275],
							"uv": {
								"north": {"uv": [0, 14], "uv_size": [6, 5]},
								"east": {"uv": [0, 14], "uv_size": [6, 5]},
								"south": {"uv": [0, 14], "uv_size": [6, 5]},
								"west": {"uv": [0, 14], "uv_size": [6, 5]},
								"up": {"uv": [6, 19], "uv_size": [-6, -5]},
								"down": {"uv": [6, 19], "uv_size": [-6, -5]}
							}
						},
						{
							"origin": [1.3, 1.5, -5.275],
							"size": [0.35, 0.7, 1.275],
							"uv": {
								"north": {"uv": [0, 14], "uv_size": [6, 5]},
								"east": {"uv": [0, 14], "uv_size": [6, 5]},
								"south": {"uv": [0, 14], "uv_size": [6, 5]},
								"west": {"uv": [0, 14], "uv_size": [6, 5]},
								"up": {"uv": [6, 19], "uv_size": [-6, -5]},
								"down": {"uv": [6, 19], "uv_size": [-6, -5]}
							}
						},
						{
							"origin": [-1.65, 1.5, -5.275],
							"size": [0.35, 0.7, 1.275],
							"uv": {
								"north": {"uv": [0, 14], "uv_size": [6, 5]},
								"east": {"uv": [0, 14], "uv_size": [6, 5]},
								"south": {"uv": [0, 14], "uv_size": [6, 5]},
								"west": {"uv": [0, 14], "uv_size": [6, 5]},
								"up": {"uv": [6, 19], "uv_size": [-6, -5]},
								"down": {"uv": [6, 19], "uv_size": [-6, -5]}
							}
						},
						{
							"origin": [0.8, 1.4, -5.275],
							"size": [0.65, 0.3, 1.275],
							"uv": {
								"north": {"uv": [0, 14], "uv_size": [6, 5]},
								"east": {"uv": [0, 14], "uv_size": [6, 5]},
								"south": {"uv": [0, 14], "uv_size": [6, 5]},
								"west": {"uv": [0, 14], "uv_size": [6, 5]},
								"up": {"uv": [6, 19], "uv_size": [-6, -5]},
								"down": {"uv": [6, 19], "uv_size": [-6, -5]}
							}
						},
						{
							"origin": [-1.45, 1.4, -5.275],
							"size": [0.65, 0.3, 1.275],
							"uv": {
								"north": {"uv": [0, 14], "uv_size": [6, 5]},
								"east": {"uv": [0, 14], "uv_size": [6, 5]},
								"south": {"uv": [0, 14], "uv_size": [6, 5]},
								"west": {"uv": [0, 14], "uv_size": [6, 5]},
								"up": {"uv": [6, 19], "uv_size": [-6, -5]},
								"down": {"uv": [6, 19], "uv_size": [-6, -5]}
							}
						},
						{
							"origin": [0.3, 1.6, -5.275],
							"size": [0.75, 0.4, 1.275],
							"uv": {
								"north": {"uv": [0, 14], "uv_size": [6, 5]},
								"east": {"uv": [0, 14], "uv_size": [6, 5]},
								"south": {"uv": [0, 14], "uv_size": [6, 5]},
								"west": {"uv": [0, 14], "uv_size": [6, 5]},
								"up": {"uv": [6, 19], "uv_size": [-6, -5]},
								"down": {"uv": [6, 19], "uv_size": [-6, -5]}
							}
						},
						{
							"origin": [2.2, 2.05, -5.275],
							"size": [1, 1, 1.275],
							"uv": {
								"north": {"uv": [0, 14], "uv_size": [6, 5]},
								"east": {"uv": [0, 14], "uv_size": [6, 5]},
								"south": {"uv": [0, 14], "uv_size": [6, 5]},
								"west": {"uv": [0, 14], "uv_size": [6, 5]},
								"up": {"uv": [6, 19], "uv_size": [-6, -5]},
								"down": {"uv": [6, 19], "uv_size": [-6, -5]}
							}
						},
						{
							"origin": [-2.95, 2.05, -5.275],
							"size": [1, 1, 1.275],
							"uv": {
								"north": {"uv": [6, 14], "uv_size": [-6, 5]},
								"east": {"uv": [6, 14], "uv_size": [-6, 5]},
								"south": {"uv": [6, 14], "uv_size": [-6, 5]},
								"west": {"uv": [6, 14], "uv_size": [-6, 5]},
								"up": {"uv": [0, 19], "uv_size": [6, -5]},
								"down": {"uv": [0, 19], "uv_size": [6, -5]}
							}
						}
					]
				},
				{
					"name": "bone2",
					"parent": "head",
					"pivot": [4.9, 3.925, -1.75],
					"rotation": [25, 17.5, 0],
					"cubes": [
						{
							"origin": [4.4, 2.925, -1.75],
							"size": [0.75, 2, 1],
							"uv": {
								"north": {"uv": [14, 1], "uv_size": [0, 1]},
								"east": {"uv": [14, 1], "uv_size": [0, 1]},
								"south": {"uv": [14, 1], "uv_size": [0, 1]},
								"west": {"uv": [14, 1], "uv_size": [0, 1]},
								"up": {"uv": [14, 2], "uv_size": [0, -1]},
								"down": {"uv": [14, 2], "uv_size": [0, -1]}
							}
						},
						{
							"origin": [4.4, 4.925, -0.85],
							"size": [0.75, 1.25, 1.1],
							"uv": {
								"north": {"uv": [14, 1], "uv_size": [0, 1]},
								"east": {"uv": [14, 1], "uv_size": [0, 1]},
								"south": {"uv": [14, 1], "uv_size": [0, 1]},
								"west": {"uv": [14, 1], "uv_size": [0, 1]},
								"up": {"uv": [14, 2], "uv_size": [0, -1]},
								"down": {"uv": [14, 2], "uv_size": [0, -1]}
							}
						},
						{
							"origin": [4.4, 1.675, -0.85],
							"size": [0.75, 1.25, 1.1],
							"uv": {
								"north": {"uv": [14, 1], "uv_size": [0, 1]},
								"east": {"uv": [14, 1], "uv_size": [0, 1]},
								"south": {"uv": [14, 1], "uv_size": [0, 1]},
								"west": {"uv": [14, 1], "uv_size": [0, 1]},
								"up": {"uv": [14, 2], "uv_size": [0, -1]},
								"down": {"uv": [14, 2], "uv_size": [0, -1]}
							}
						},
						{
							"origin": [4.4, 5.675, 0.25],
							"size": [0.75, 1.25, 1],
							"uv": {
								"north": {"uv": [14, 1], "uv_size": [0, 1]},
								"east": {"uv": [14, 1], "uv_size": [0, 1]},
								"south": {"uv": [14, 1], "uv_size": [0, 1]},
								"west": {"uv": [14, 1], "uv_size": [0, 1]},
								"up": {"uv": [14, 2], "uv_size": [0, -1]},
								"down": {"uv": [14, 2], "uv_size": [0, -1]}
							}
						},
						{
							"origin": [4.4, 5.925, 1.25],
							"size": [0.75, 1.25, 1.5],
							"uv": {
								"north": {"uv": [14, 1], "uv_size": [0, 1]},
								"east": {"uv": [14, 1], "uv_size": [0, 1]},
								"south": {"uv": [14, 1], "uv_size": [0, 1]},
								"west": {"uv": [14, 1], "uv_size": [0, 1]},
								"up": {"uv": [14, 2], "uv_size": [0, -1]},
								"down": {"uv": [14, 2], "uv_size": [0, -1]}
							}
						},
						{
							"origin": [4.4, 6.425, 1.25],
							"size": [0.75, 0.75, 5],
							"uv": {
								"north": {"uv": [14, 1], "uv_size": [0, 1]},
								"east": {"uv": [14, 1], "uv_size": [0, 1]},
								"south": {"uv": [14, 1], "uv_size": [0, 1]},
								"west": {"uv": [14, 1], "uv_size": [0, 1]},
								"up": {"uv": [14, 2], "uv_size": [0, -1]},
								"down": {"uv": [14, 2], "uv_size": [0, -1]}
							}
						},
						{
							"origin": [4.4, 1.425, -0.5],
							"size": [0.75, 1, 1.75],
							"uv": {
								"north": {"uv": [14, 1], "uv_size": [0, 1]},
								"east": {"uv": [14, 1], "uv_size": [0, 1]},
								"south": {"uv": [14, 1], "uv_size": [0, 1]},
								"west": {"uv": [14, 1], "uv_size": [0, 1]},
								"up": {"uv": [14, 2], "uv_size": [0, -1]},
								"down": {"uv": [14, 2], "uv_size": [0, -1]}
							}
						},
						{
							"origin": [4.4, 1.425, -0.5],
							"size": [0.75, 0.5, 3.25],
							"uv": {
								"north": {"uv": [14, 1], "uv_size": [0, 1]},
								"east": {"uv": [14, 1], "uv_size": [0, 1]},
								"south": {"uv": [14, 1], "uv_size": [0, 1]},
								"west": {"uv": [14, 1], "uv_size": [0, 1]},
								"up": {"uv": [14, 2], "uv_size": [0, -1]},
								"down": {"uv": [14, 2], "uv_size": [0, -1]}
							}
						},
						{
							"origin": [4.65, 4.875, 0.275],
							"size": [0.25, 1.8, 5.975],
							"uv": {
								"north": {"uv": [10, 15], "uv_size": [2, 3]},
								"east": {"uv": [10, 15], "uv_size": [2, 3]},
								"south": {"uv": [10, 15], "uv_size": [2, 3]},
								"west": {"uv": [10, 15], "uv_size": [2, 3]},
								"up": {"uv": [12, 18], "uv_size": [-2, -3]},
								"down": {"uv": [12, 18], "uv_size": [-2, -3]}
							}
						},
						{
							"origin": [4.65, 2.325, -0.75],
							"size": [0.25, 3.5, 3],
							"uv": {
								"north": {"uv": [10, 15], "uv_size": [2, 3]},
								"east": {"uv": [10, 15], "uv_size": [2, 3]},
								"south": {"uv": [10, 15], "uv_size": [2, 3]},
								"west": {"uv": [10, 15], "uv_size": [2, 3]},
								"up": {"uv": [12, 18], "uv_size": [-2, -3]},
								"down": {"uv": [12, 18], "uv_size": [-2, -3]}
							}
						},
						{
							"origin": [4.65, 3.825, -0.75],
							"size": [0.25, 2, 5],
							"uv": {
								"north": {"uv": [10, 15], "uv_size": [2, 3]},
								"east": {"uv": [10, 15], "uv_size": [2, 3]},
								"south": {"uv": [10, 15], "uv_size": [2, 3]},
								"west": {"uv": [10, 15], "uv_size": [2, 3]},
								"up": {"uv": [12, 18], "uv_size": [-2, -3]},
								"down": {"uv": [12, 18], "uv_size": [-2, -3]}
							}
						},
						{
							"origin": [4.65, 5.375, 0.275],
							"size": [0.25, 1.3, 7.725],
							"uv": {
								"north": {"uv": [10, 15], "uv_size": [2, 3]},
								"east": {"uv": [10, 15], "uv_size": [2, 3]},
								"south": {"uv": [10, 15], "uv_size": [2, 3]},
								"west": {"uv": [10, 15], "uv_size": [2, 3]},
								"up": {"uv": [12, 18], "uv_size": [-2, -3]},
								"down": {"uv": [12, 18], "uv_size": [-2, -3]}
							}
						},
						{
							"origin": [4.65, 1.625, 0.575],
							"size": [0.25, 0.975, 3],
							"uv": {
								"north": {"uv": [10, 15], "uv_size": [2, 3]},
								"east": {"uv": [10, 15], "uv_size": [2, 3]},
								"south": {"uv": [10, 15], "uv_size": [2, 3]},
								"west": {"uv": [10, 15], "uv_size": [2, 3]},
								"up": {"uv": [12, 18], "uv_size": [-2, -3]},
								"down": {"uv": [12, 18], "uv_size": [-2, -3]}
							}
						},
						{
							"origin": [4.65, 1.625, 0.575],
							"size": [0.25, 0.475, 3.75],
							"uv": {
								"north": {"uv": [10, 15], "uv_size": [2, 3]},
								"east": {"uv": [10, 15], "uv_size": [2, 3]},
								"south": {"uv": [10, 15], "uv_size": [2, 3]},
								"west": {"uv": [10, 15], "uv_size": [2, 3]},
								"up": {"uv": [12, 18], "uv_size": [-2, -3]},
								"down": {"uv": [12, 18], "uv_size": [-2, -3]}
							}
						},
						{
							"origin": [4.65, 1.325, 4.325],
							"size": [0.25, 0.475, 0.35],
							"uv": {
								"north": {"uv": [10, 15], "uv_size": [2, 3]},
								"east": {"uv": [10, 15], "uv_size": [2, 3]},
								"south": {"uv": [10, 15], "uv_size": [2, 3]},
								"west": {"uv": [10, 15], "uv_size": [2, 3]},
								"up": {"uv": [12, 18], "uv_size": [-2, -3]},
								"down": {"uv": [12, 18], "uv_size": [-2, -3]}
							}
						},
						{
							"origin": [4.65, 1.225, 4.125],
							"size": [0.25, 0.175, 0.35],
							"uv": {
								"north": {"uv": [10, 15], "uv_size": [2, 3]},
								"east": {"uv": [10, 15], "uv_size": [2, 3]},
								"south": {"uv": [10, 15], "uv_size": [2, 3]},
								"west": {"uv": [10, 15], "uv_size": [2, 3]},
								"up": {"uv": [12, 18], "uv_size": [-2, -3]},
								"down": {"uv": [12, 18], "uv_size": [-2, -3]}
							}
						},
						{
							"origin": [4.65, 5.875, 0.275],
							"size": [0.25, 0.8, 8.975],
							"uv": {
								"north": {"uv": [10, 15], "uv_size": [2, 3]},
								"east": {"uv": [10, 15], "uv_size": [2, 3]},
								"south": {"uv": [10, 15], "uv_size": [2, 3]},
								"west": {"uv": [10, 15], "uv_size": [2, 3]},
								"up": {"uv": [12, 18], "uv_size": [-2, -3]},
								"down": {"uv": [12, 18], "uv_size": [-2, -3]}
							}
						}
					]
				},
				{
					"name": "bone3",
					"parent": "head",
					"pivot": [-4.9, 3.925, -1.75],
					"rotation": [25, -17.5, 0],
					"cubes": [
						{
							"origin": [-5.15, 2.925, -1.75],
							"size": [0.75, 2, 1],
							"uv": {
								"north": {"uv": [14, 1], "uv_size": [0, 1]},
								"east": {"uv": [14, 1], "uv_size": [0, 1]},
								"south": {"uv": [14, 1], "uv_size": [0, 1]},
								"west": {"uv": [14, 1], "uv_size": [0, 1]},
								"up": {"uv": [14, 2], "uv_size": [0, -1]},
								"down": {"uv": [14, 2], "uv_size": [0, -1]}
							}
						},
						{
							"origin": [-5.15, 4.925, -0.85],
							"size": [0.75, 1.25, 1.1],
							"uv": {
								"north": {"uv": [14, 1], "uv_size": [0, 1]},
								"east": {"uv": [14, 1], "uv_size": [0, 1]},
								"south": {"uv": [14, 1], "uv_size": [0, 1]},
								"west": {"uv": [14, 1], "uv_size": [0, 1]},
								"up": {"uv": [14, 2], "uv_size": [0, -1]},
								"down": {"uv": [14, 2], "uv_size": [0, -1]}
							}
						},
						{
							"origin": [-5.15, 1.675, -0.85],
							"size": [0.75, 1.25, 1.1],
							"uv": {
								"north": {"uv": [14, 1], "uv_size": [0, 1]},
								"east": {"uv": [14, 1], "uv_size": [0, 1]},
								"south": {"uv": [14, 1], "uv_size": [0, 1]},
								"west": {"uv": [14, 1], "uv_size": [0, 1]},
								"up": {"uv": [14, 2], "uv_size": [0, -1]},
								"down": {"uv": [14, 2], "uv_size": [0, -1]}
							}
						},
						{
							"origin": [-5.15, 5.675, 0.25],
							"size": [0.75, 1.25, 1],
							"uv": {
								"north": {"uv": [14, 1], "uv_size": [0, 1]},
								"east": {"uv": [14, 1], "uv_size": [0, 1]},
								"south": {"uv": [14, 1], "uv_size": [0, 1]},
								"west": {"uv": [14, 1], "uv_size": [0, 1]},
								"up": {"uv": [14, 2], "uv_size": [0, -1]},
								"down": {"uv": [14, 2], "uv_size": [0, -1]}
							}
						},
						{
							"origin": [-5.15, 5.925, 1.25],
							"size": [0.75, 1.25, 1.5],
							"uv": {
								"north": {"uv": [14, 1], "uv_size": [0, 1]},
								"east": {"uv": [14, 1], "uv_size": [0, 1]},
								"south": {"uv": [14, 1], "uv_size": [0, 1]},
								"west": {"uv": [14, 1], "uv_size": [0, 1]},
								"up": {"uv": [14, 2], "uv_size": [0, -1]},
								"down": {"uv": [14, 2], "uv_size": [0, -1]}
							}
						},
						{
							"origin": [-5.15, 6.425, 1.25],
							"size": [0.75, 0.75, 5],
							"uv": {
								"north": {"uv": [14, 1], "uv_size": [0, 1]},
								"east": {"uv": [14, 1], "uv_size": [0, 1]},
								"south": {"uv": [14, 1], "uv_size": [0, 1]},
								"west": {"uv": [14, 1], "uv_size": [0, 1]},
								"up": {"uv": [14, 2], "uv_size": [0, -1]},
								"down": {"uv": [14, 2], "uv_size": [0, -1]}
							}
						},
						{
							"origin": [-5.15, 1.425, -0.5],
							"size": [0.75, 1, 1.75],
							"uv": {
								"north": {"uv": [14, 1], "uv_size": [0, 1]},
								"east": {"uv": [14, 1], "uv_size": [0, 1]},
								"south": {"uv": [14, 1], "uv_size": [0, 1]},
								"west": {"uv": [14, 1], "uv_size": [0, 1]},
								"up": {"uv": [14, 2], "uv_size": [0, -1]},
								"down": {"uv": [14, 2], "uv_size": [0, -1]}
							}
						},
						{
							"origin": [-5.15, 1.425, -0.5],
							"size": [0.75, 0.5, 3.25],
							"uv": {
								"north": {"uv": [14, 1], "uv_size": [0, 1]},
								"east": {"uv": [14, 1], "uv_size": [0, 1]},
								"south": {"uv": [14, 1], "uv_size": [0, 1]},
								"west": {"uv": [14, 1], "uv_size": [0, 1]},
								"up": {"uv": [14, 2], "uv_size": [0, -1]},
								"down": {"uv": [14, 2], "uv_size": [0, -1]}
							}
						},
						{
							"origin": [-4.9, 4.875, 0.275],
							"size": [0.25, 1.8, 5.975],
							"uv": {
								"north": {"uv": [12, 15], "uv_size": [-2, 3]},
								"east": {"uv": [12, 15], "uv_size": [-2, 3]},
								"south": {"uv": [12, 15], "uv_size": [-2, 3]},
								"west": {"uv": [12, 15], "uv_size": [-2, 3]},
								"up": {"uv": [10, 18], "uv_size": [2, -3]},
								"down": {"uv": [10, 18], "uv_size": [2, -3]}
							}
						},
						{
							"origin": [-4.9, 2.325, -0.75],
							"size": [0.25, 3.5, 3],
							"uv": {
								"north": {"uv": [12, 15], "uv_size": [-2, 3]},
								"east": {"uv": [12, 15], "uv_size": [-2, 3]},
								"south": {"uv": [12, 15], "uv_size": [-2, 3]},
								"west": {"uv": [12, 15], "uv_size": [-2, 3]},
								"up": {"uv": [10, 18], "uv_size": [2, -3]},
								"down": {"uv": [10, 18], "uv_size": [2, -3]}
							}
						},
						{
							"origin": [-4.9, 3.825, -0.75],
							"size": [0.25, 2, 5],
							"uv": {
								"north": {"uv": [12, 15], "uv_size": [-2, 3]},
								"east": {"uv": [12, 15], "uv_size": [-2, 3]},
								"south": {"uv": [12, 15], "uv_size": [-2, 3]},
								"west": {"uv": [12, 15], "uv_size": [-2, 3]},
								"up": {"uv": [10, 18], "uv_size": [2, -3]},
								"down": {"uv": [10, 18], "uv_size": [2, -3]}
							}
						},
						{
							"origin": [-4.9, 5.375, 0.275],
							"size": [0.25, 1.3, 7.725],
							"uv": {
								"north": {"uv": [12, 15], "uv_size": [-2, 3]},
								"east": {"uv": [12, 15], "uv_size": [-2, 3]},
								"south": {"uv": [12, 15], "uv_size": [-2, 3]},
								"west": {"uv": [12, 15], "uv_size": [-2, 3]},
								"up": {"uv": [10, 18], "uv_size": [2, -3]},
								"down": {"uv": [10, 18], "uv_size": [2, -3]}
							}
						},
						{
							"origin": [-4.9, 1.625, 0.575],
							"size": [0.25, 0.975, 3],
							"uv": {
								"north": {"uv": [12, 15], "uv_size": [-2, 3]},
								"east": {"uv": [12, 15], "uv_size": [-2, 3]},
								"south": {"uv": [12, 15], "uv_size": [-2, 3]},
								"west": {"uv": [12, 15], "uv_size": [-2, 3]},
								"up": {"uv": [10, 18], "uv_size": [2, -3]},
								"down": {"uv": [10, 18], "uv_size": [2, -3]}
							}
						},
						{
							"origin": [-4.9, 1.625, 0.575],
							"size": [0.25, 0.475, 3.75],
							"uv": {
								"north": {"uv": [12, 15], "uv_size": [-2, 3]},
								"east": {"uv": [12, 15], "uv_size": [-2, 3]},
								"south": {"uv": [12, 15], "uv_size": [-2, 3]},
								"west": {"uv": [12, 15], "uv_size": [-2, 3]},
								"up": {"uv": [10, 18], "uv_size": [2, -3]},
								"down": {"uv": [10, 18], "uv_size": [2, -3]}
							}
						},
						{
							"origin": [-4.9, 1.325, 4.325],
							"size": [0.25, 0.475, 0.35],
							"uv": {
								"north": {"uv": [12, 15], "uv_size": [-2, 3]},
								"east": {"uv": [12, 15], "uv_size": [-2, 3]},
								"south": {"uv": [12, 15], "uv_size": [-2, 3]},
								"west": {"uv": [12, 15], "uv_size": [-2, 3]},
								"up": {"uv": [10, 18], "uv_size": [2, -3]},
								"down": {"uv": [10, 18], "uv_size": [2, -3]}
							}
						},
						{
							"origin": [-4.9, 1.225, 4.125],
							"size": [0.25, 0.175, 0.35],
							"uv": {
								"north": {"uv": [12, 15], "uv_size": [-2, 3]},
								"east": {"uv": [12, 15], "uv_size": [-2, 3]},
								"south": {"uv": [12, 15], "uv_size": [-2, 3]},
								"west": {"uv": [12, 15], "uv_size": [-2, 3]},
								"up": {"uv": [10, 18], "uv_size": [2, -3]},
								"down": {"uv": [10, 18], "uv_size": [2, -3]}
							}
						},
						{
							"origin": [-4.9, 5.875, 0.275],
							"size": [0.25, 0.8, 8.975],
							"uv": {
								"north": {"uv": [12, 15], "uv_size": [-2, 3]},
								"east": {"uv": [12, 15], "uv_size": [-2, 3]},
								"south": {"uv": [12, 15], "uv_size": [-2, 3]},
								"west": {"uv": [12, 15], "uv_size": [-2, 3]},
								"up": {"uv": [10, 18], "uv_size": [2, -3]},
								"down": {"uv": [10, 18], "uv_size": [2, -3]}
							}
						}
					]
				},
				{
					"name": "bone5",
					"parent": "raichu",
					"pivot": [0, 0, 5.75],
					"cubes": [
						{
							"origin": [1.975, 0, -1.025],
							"size": [1.425, 1.25, 7.7],
							"pivot": [0, 0, 5.75],
							"rotation": [0, -35, 0],
							"uv": {
								"north": {"uv": [0, 0], "uv_size": [12, 12]},
								"east": {"uv": [0, 0], "uv_size": [12, 12]},
								"south": {"uv": [0, 0], "uv_size": [12, 12]},
								"west": {"uv": [0, 0], "uv_size": [12, 12]},
								"up": {"uv": [12, 12], "uv_size": [-12, -12]},
								"down": {"uv": [12, 12], "uv_size": [-12, -12]}
							}
						},
						{
							"origin": [2.075, 0, -1.775],
							"size": [1.225, 1.05, 0.85],
							"pivot": [0, 0, 5.75],
							"rotation": [0, -35, 0],
							"uv": {
								"north": {"uv": [14, 0], "uv_size": [2, 6]},
								"east": {"uv": [14, 0], "uv_size": [2, 6]},
								"south": {"uv": [14, 0], "uv_size": [2, 6]},
								"west": {"uv": [14, 0], "uv_size": [2, 6]},
								"up": {"uv": [16, 6], "uv_size": [-2, -6]},
								"down": {"uv": [16, 6], "uv_size": [-2, -6]}
							}
						}
					]
				},
				{
					"name": "bone6",
					"parent": "raichu",
					"pivot": [0, 0, 5.75],
					"cubes": [
						{
							"origin": [-3.4, 0, -1.025],
							"size": [1.425, 1.25, 7.7],
							"pivot": [0, 0, 5.75],
							"rotation": [0, 35, 0],
							"uv": {
								"north": {"uv": [0, 0], "uv_size": [12, 12]},
								"east": {"uv": [0, 0], "uv_size": [12, 12]},
								"south": {"uv": [0, 0], "uv_size": [12, 12]},
								"west": {"uv": [0, 0], "uv_size": [12, 12]},
								"up": {"uv": [12, 12], "uv_size": [-12, -12]},
								"down": {"uv": [12, 12], "uv_size": [-12, -12]}
							}
						},
						{
							"origin": [-3.3, 0, -1.775],
							"size": [1.225, 1.05, 0.85],
							"pivot": [0, 0, 5.75],
							"rotation": [0, 35, 0],
							"uv": {
								"north": {"uv": [14, 0], "uv_size": [2, 6]},
								"east": {"uv": [14, 0], "uv_size": [2, 6]},
								"south": {"uv": [14, 0], "uv_size": [2, 6]},
								"west": {"uv": [14, 0], "uv_size": [2, 6]},
								"up": {"uv": [16, 6], "uv_size": [-2, -6]},
								"down": {"uv": [16, 6], "uv_size": [-2, -6]}
							}
						}
					]
				},
				{
					"name": "bone7",
					"parent": "raichu",
					"pivot": [-0.65, 0, 7.55],
					"rotation": [0, 22.5, 0],
					"cubes": [
						{
							"origin": [-4.05, 0, 6.625],
							"size": [1.925, 1.55, 7.7],
							"pivot": [-0.65, 0, 7.55],
							"rotation": [0, -35, 0],
							"uv": {
								"north": {"uv": [0, 0], "uv_size": [12, 12]},
								"east": {"uv": [0, 0], "uv_size": [12, 12]},
								"south": {"uv": [0, 0], "uv_size": [12, 12]},
								"west": {"uv": [0, 0], "uv_size": [12, 12]},
								"up": {"uv": [12, 12], "uv_size": [-12, -12]},
								"down": {"uv": [12, 12], "uv_size": [-12, -12]}
							}
						},
						{
							"origin": [-3.95, 0, 14.225],
							"size": [1.725, 1.35, 0.85],
							"pivot": [-0.65, 0, 7.55],
							"rotation": [0, -35, 0],
							"uv": {
								"north": {"uv": [14, 0], "uv_size": [2, 6]},
								"east": {"uv": [14, 0], "uv_size": [2, 6]},
								"south": {"uv": [14, 0], "uv_size": [2, 6]},
								"west": {"uv": [14, 0], "uv_size": [2, 6]},
								"up": {"uv": [16, 6], "uv_size": [-2, -6]},
								"down": {"uv": [16, 6], "uv_size": [-2, -6]}
							}
						}
					]
				},
				{
					"name": "bone8",
					"parent": "raichu",
					"pivot": [0.65, 0, 7.55],
					"rotation": [0, -22.5, 0],
					"cubes": [
						{
							"origin": [2.125, 0, 6.625],
							"size": [1.925, 1.55, 7.7],
							"pivot": [0.65, 0, 7.55],
							"rotation": [0, 35, 0],
							"uv": {
								"north": {"uv": [0, 0], "uv_size": [12, 12]},
								"east": {"uv": [0, 0], "uv_size": [12, 12]},
								"south": {"uv": [0, 0], "uv_size": [12, 12]},
								"west": {"uv": [0, 0], "uv_size": [12, 12]},
								"up": {"uv": [12, 12], "uv_size": [-12, -12]},
								"down": {"uv": [12, 12], "uv_size": [-12, -12]}
							}
						},
						{
							"origin": [2.225, 0, 14.225],
							"size": [1.725, 1.35, 0.85],
							"pivot": [0.65, 0, 7.55],
							"rotation": [0, 35, 0],
							"uv": {
								"north": {"uv": [14, 0], "uv_size": [2, 6]},
								"east": {"uv": [14, 0], "uv_size": [2, 6]},
								"south": {"uv": [14, 0], "uv_size": [2, 6]},
								"west": {"uv": [14, 0], "uv_size": [2, 6]},
								"up": {"uv": [16, 6], "uv_size": [-2, -6]},
								"down": {"uv": [16, 6], "uv_size": [-2, -6]}
							}
						}
					]
				},
				{
					"name": "bone4",
					"parent": "raichu",
					"pivot": [0, 3.17078, 12.24324],
					"rotation": [17.5, 0, 0],
					"cubes": [
						{
							"origin": [-0.25, 13.94443, 22.77902],
							"size": [0.5, 0.75, 4.5],
							"pivot": [0, 15.94443, 16.77902],
							"rotation": [177.5, 0, 0],
							"uv": {
								"north": {"uv": [9, 14], "uv_size": [3, 5]},
								"east": {"uv": [9, 14], "uv_size": [3, 5]},
								"south": {"uv": [9, 14], "uv_size": [3, 5]},
								"west": {"uv": [9, 14], "uv_size": [3, 5]},
								"up": {"uv": [12, 19], "uv_size": [-3, -5]},
								"down": {"uv": [12, 19], "uv_size": [-3, -5]}
							}
						},
						{
							"origin": [-0.25, 14.40053, 18.37625],
							"size": [0.5, 1, 4.25],
							"pivot": [0, 16.40053, 12.37625],
							"rotation": [180, 0, 0],
							"uv": {
								"north": {"uv": [9, 14], "uv_size": [3, 5]},
								"east": {"uv": [9, 14], "uv_size": [3, 5]},
								"south": {"uv": [9, 14], "uv_size": [3, 5]},
								"west": {"uv": [9, 14], "uv_size": [3, 5]},
								"up": {"uv": [12, 19], "uv_size": [-3, -5]},
								"down": {"uv": [12, 19], "uv_size": [-3, -5]}
							}
						},
						{
							"origin": [-0.25, 14.69443, 24.27902],
							"size": [0.5, 1.75, 3.5],
							"pivot": [0, 15.94443, 16.77902],
							"rotation": [177.5, 0, 0],
							"uv": {
								"north": {"uv": [9, 14], "uv_size": [3, 5]},
								"east": {"uv": [9, 14], "uv_size": [3, 5]},
								"south": {"uv": [9, 14], "uv_size": [3, 5]},
								"west": {"uv": [9, 14], "uv_size": [3, 5]},
								"up": {"uv": [12, 19], "uv_size": [-3, -5]},
								"down": {"uv": [12, 19], "uv_size": [-3, -5]}
							}
						},
						{
							"origin": [-0.25, 16.94443, 22.52902],
							"size": [0.5, 0.75, 6.55],
							"pivot": [0, 16.19443, 16.77902],
							"rotation": [177.5, 0, 0],
							"uv": {
								"north": {"uv": [9, 14], "uv_size": [3, 5]},
								"east": {"uv": [9, 14], "uv_size": [3, 5]},
								"south": {"uv": [9, 14], "uv_size": [3, 5]},
								"west": {"uv": [9, 14], "uv_size": [3, 5]},
								"up": {"uv": [12, 19], "uv_size": [-3, -5]},
								"down": {"uv": [12, 19], "uv_size": [-3, -5]}
							}
						},
						{
							"origin": [-0.25, 16.19443, 23.52902],
							"size": [0.5, 0.75, 4.85],
							"pivot": [0, 16.19443, 16.77902],
							"rotation": [177.5, 0, 0],
							"uv": {
								"north": {"uv": [9, 14], "uv_size": [3, 5]},
								"east": {"uv": [9, 14], "uv_size": [3, 5]},
								"south": {"uv": [9, 14], "uv_size": [3, 5]},
								"west": {"uv": [9, 14], "uv_size": [3, 5]},
								"up": {"uv": [12, 19], "uv_size": [-3, -5]},
								"down": {"uv": [12, 19], "uv_size": [-3, -5]}
							}
						},
						{
							"origin": [-0.25, 11.80111, 30.79871],
							"size": [0.5, 0.5, 2.25],
							"pivot": [0, 11.05111, 21.54871],
							"rotation": [152.5, 0, 0],
							"uv": {
								"north": {"uv": [9, 14], "uv_size": [3, 5]},
								"east": {"uv": [9, 14], "uv_size": [3, 5]},
								"south": {"uv": [9, 14], "uv_size": [3, 5]},
								"west": {"uv": [9, 14], "uv_size": [3, 5]},
								"up": {"uv": [12, 19], "uv_size": [-3, -5]},
								"down": {"uv": [12, 19], "uv_size": [-3, -5]}
							}
						},
						{
							"origin": [-0.25, 14.34443, 23.27902],
							"size": [0.5, 0.8, 4],
							"pivot": [0, 15.94443, 16.77902],
							"rotation": [177.5, 0, 0],
							"uv": {
								"north": {"uv": [9, 14], "uv_size": [3, 5]},
								"east": {"uv": [9, 14], "uv_size": [3, 5]},
								"south": {"uv": [9, 14], "uv_size": [3, 5]},
								"west": {"uv": [9, 14], "uv_size": [3, 5]},
								"up": {"uv": [12, 19], "uv_size": [-3, -5]},
								"down": {"uv": [12, 19], "uv_size": [-3, -5]}
							}
						},
						{
							"origin": [-0.25, 13.94443, 21.62902],
							"size": [0.5, 0.25, 5.65],
							"pivot": [0, 15.94443, 16.77902],
							"rotation": [177.5, 0, 0],
							"uv": {
								"north": {"uv": [9, 14], "uv_size": [3, 5]},
								"east": {"uv": [9, 14], "uv_size": [3, 5]},
								"south": {"uv": [9, 14], "uv_size": [3, 5]},
								"west": {"uv": [9, 14], "uv_size": [3, 5]},
								"up": {"uv": [12, 19], "uv_size": [-3, -5]},
								"down": {"uv": [12, 19], "uv_size": [-3, -5]}
							}
						},
						{
							"origin": [-0.25, 14.40053, 18.37625],
							"size": [0.5, 0.7, 6.5],
							"pivot": [0, 16.40053, 12.37625],
							"rotation": [180, 0, 0],
							"uv": {
								"north": {"uv": [9, 14], "uv_size": [3, 5]},
								"east": {"uv": [9, 14], "uv_size": [3, 5]},
								"south": {"uv": [9, 14], "uv_size": [3, 5]},
								"west": {"uv": [9, 14], "uv_size": [3, 5]},
								"up": {"uv": [12, 19], "uv_size": [-3, -5]},
								"down": {"uv": [12, 19], "uv_size": [-3, -5]}
							}
						},
						{
							"origin": [-0.25, 17.30053, 18.37625],
							"size": [0.5, 0.5, 3.3],
							"pivot": [0, 16.40053, 12.37625],
							"rotation": [180, 0, 0],
							"uv": {
								"north": {"uv": [9, 14], "uv_size": [3, 5]},
								"east": {"uv": [9, 14], "uv_size": [3, 5]},
								"south": {"uv": [9, 14], "uv_size": [3, 5]},
								"west": {"uv": [9, 14], "uv_size": [3, 5]},
								"up": {"uv": [12, 19], "uv_size": [-3, -5]},
								"down": {"uv": [12, 19], "uv_size": [-3, -5]}
							}
						},
						{
							"origin": [-0.25, -1.77025, 12.63301],
							"size": [0.5, 0.5, 5.5],
							"pivot": [0, 0.22975, 6.63301],
							"rotation": [45, 0, 0],
							"uv": {
								"north": {"uv": [14, 0], "uv_size": [2, 6]},
								"east": {"uv": [14, 0], "uv_size": [2, 6]},
								"south": {"uv": [14, 0], "uv_size": [2, 6]},
								"west": {"uv": [14, 0], "uv_size": [2, 6]},
								"up": {"uv": [16, 6], "uv_size": [-2, -6]},
								"down": {"uv": [16, 6], "uv_size": [-2, -6]}
							}
						},
						{
							"origin": [-0.25, -1.05273, 20.17895],
							"size": [0.5, 0.5, 4.5],
							"pivot": [0, 0.94727, 14.17895],
							"rotation": [90, 0, 0],
							"uv": {
								"north": {"uv": [14, 0], "uv_size": [2, 6]},
								"east": {"uv": [14, 0], "uv_size": [2, 6]},
								"south": {"uv": [14, 0], "uv_size": [2, 6]},
								"west": {"uv": [14, 0], "uv_size": [2, 6]},
								"up": {"uv": [16, 6], "uv_size": [-2, -6]},
								"down": {"uv": [16, 6], "uv_size": [-2, -6]}
							}
						},
						{
							"origin": [-0.25, 3.79041, 25.00738],
							"size": [0.5, 0.5, 4.5],
							"pivot": [0, 5.79041, 19.00738],
							"rotation": [135, 0, 0],
							"uv": {
								"north": {"uv": [14, 0], "uv_size": [2, 6]},
								"east": {"uv": [14, 0], "uv_size": [2, 6]},
								"south": {"uv": [14, 0], "uv_size": [2, 6]},
								"west": {"uv": [14, 0], "uv_size": [2, 6]},
								"up": {"uv": [16, 6], "uv_size": [-2, -6]},
								"down": {"uv": [16, 6], "uv_size": [-2, -6]}
							}
						}
					]
				}
			]
		}
	]
}