{
	"format_version": "1.12.0",
	"minecraft:geometry": [
		{
			"description": {
				"identifier": "geometry.ray_jurei",
				"texture_width": 50,
				"texture_height": 50,
				"visible_bounds_width": 8,
				"visible_bounds_height": 2,
				"visible_bounds_offset": [0, 0, 0]
			},
			"bones": [
				{
					"name": "root",
					"pivot": [0, 0, 0],
					"cubes": [
						{
							"origin": [-10.43745, -1.04694, -10.4],
							"size": [10.4, 2.6, 16.9],
							"pivot": [-0.27518, 1.79089, -12.09443],
							"rotation": [0, 0, -10],
							"uv": {
								"north": {"uv": [14, 2], "uv_size": [-12, 12]},
								"east": {"uv": [14, 2], "uv_size": [-12, 12]},
								"south": {"uv": [14, 2], "uv_size": [-12, 12]},
								"west": {"uv": [14, 2], "uv_size": [-12, 12]},
								"up": {"uv": [14, 2], "uv_size": [-12, 12]},
								"down": {"uv": [14, 2], "uv_size": [-12, 12]}
							}
						},
						{
							"origin": [-6.172, -1.04694, 5.65876],
							"size": [9.1, 2.6, 2.6],
							"pivot": [-0.27518, 1.79089, -12.09443],
							"rotation": [0, -12.5, -10],
							"uv": {
								"north": {"uv": [14, 2], "uv_size": [-12, 12]},
								"east": {"uv": [14, 2], "uv_size": [-12, 12]},
								"south": {"uv": [14, 2], "uv_size": [-12, 12]},
								"west": {"uv": [14, 2], "uv_size": [-12, 12]},
								"up": {"uv": [14, 2], "uv_size": [-12, 12]},
								"down": {"uv": [14, 2], "uv_size": [-12, 12]}
							}
						},
						{
							"origin": [-0.01521, -0.95137, -8.4304],
							"size": [1.56, 2.6, 16.9],
							"pivot": [-0.27518, 1.79089, -12.09443],
							"rotation": [0, 0, 10],
							"uv": {
								"north": {"uv": [14, 2], "uv_size": [-12, 12]},
								"east": {"uv": [14, 2], "uv_size": [-12, 12]},
								"south": {"uv": [14, 2], "uv_size": [-12, 12]},
								"west": {"uv": [14, 2], "uv_size": [-12, 12]},
								"up": {"uv": [14, 2], "uv_size": [-12, 12]},
								"down": {"uv": [14, 2], "uv_size": [-12, 12]}
							}
						},
						{
							"origin": [-0.18795, -0.30137, 4.56624],
							"size": [7.54, 2.6, 6.2075],
							"pivot": [-0.27518, 1.79089, -12.09443],
							"rotation": [0, 0, 10],
							"uv": {
								"north": {"uv": [14, 2], "uv_size": [-12, 12]},
								"east": {"uv": [14, 2], "uv_size": [-12, 12]},
								"south": {"uv": [14, 2], "uv_size": [-12, 12]},
								"west": {"uv": [14, 2], "uv_size": [-12, 12]},
								"up": {"uv": [14, 2], "uv_size": [-12, 12]},
								"down": {"uv": [14, 2], "uv_size": [-12, 12]}
							}
						},
						{
							"origin": [-0.18795, -0.30137, 4.56624],
							"size": [5.7525, 2.6, 10.14],
							"pivot": [-0.27518, 1.79089, -12.09443],
							"rotation": [0, 0, 10],
							"uv": {
								"north": {"uv": [14, 2], "uv_size": [-12, 12]},
								"east": {"uv": [14, 2], "uv_size": [-12, 12]},
								"south": {"uv": [14, 2], "uv_size": [-12, 12]},
								"west": {"uv": [14, 2], "uv_size": [-12, 12]},
								"up": {"uv": [14, 2], "uv_size": [-12, 12]},
								"down": {"uv": [14, 2], "uv_size": [-12, 12]}
							}
						},
						{
							"origin": [-2.94922, -0.95137, 5.77607],
							"size": [9.1, 2.6, 2.6],
							"pivot": [-0.27518, 1.79089, -12.09443],
							"rotation": [0, 12.5, 10],
							"uv": {
								"north": {"uv": [14, 2], "uv_size": [-12, 12]},
								"east": {"uv": [14, 2], "uv_size": [-12, 12]},
								"south": {"uv": [14, 2], "uv_size": [-12, 12]},
								"west": {"uv": [14, 2], "uv_size": [-12, 12]},
								"up": {"uv": [14, 2], "uv_size": [-12, 12]},
								"down": {"uv": [14, 2], "uv_size": [-12, 12]}
							}
						},
						{
							"origin": [-4.08672, -0.30137, 5.77607],
							"size": [7.6375, 2.6, 5.2],
							"pivot": [-0.27518, 1.79089, -12.09443],
							"rotation": [0, 12.5, 10],
							"uv": {
								"north": {"uv": [14, 2], "uv_size": [-12, 12]},
								"east": {"uv": [14, 2], "uv_size": [-12, 12]},
								"south": {"uv": [14, 2], "uv_size": [-12, 12]},
								"west": {"uv": [14, 2], "uv_size": [-12, 12]},
								"up": {"uv": [14, 2], "uv_size": [-12, 12]},
								"down": {"uv": [14, 2], "uv_size": [-12, 12]}
							}
						},
						{
							"origin": [10.9851, -0.30137, 3.11931],
							"size": [6.5, 2.6, 3.25],
							"pivot": [-0.27518, 1.79089, -12.09443],
							"rotation": [0, -27.5, 10],
							"uv": {
								"north": {"uv": [14, 2], "uv_size": [-12, 12]},
								"east": {"uv": [14, 2], "uv_size": [-12, 12]},
								"south": {"uv": [14, 2], "uv_size": [-12, 12]},
								"west": {"uv": [14, 2], "uv_size": [-12, 12]},
								"up": {"uv": [14, 2], "uv_size": [-12, 12]},
								"down": {"uv": [14, 2], "uv_size": [-12, 12]}
							}
						},
						{
							"origin": [5.82265, -0.30137, 8.65456],
							"size": [6.5, 2.6, 4.16],
							"pivot": [-0.27518, 1.79089, -12.09443],
							"rotation": [0, -12.5, 10],
							"uv": {
								"north": {"uv": [14, 2], "uv_size": [-12, 12]},
								"east": {"uv": [14, 2], "uv_size": [-12, 12]},
								"south": {"uv": [14, 2], "uv_size": [-12, 12]},
								"west": {"uv": [14, 2], "uv_size": [-12, 12]},
								"up": {"uv": [14, 2], "uv_size": [-12, 12]},
								"down": {"uv": [14, 2], "uv_size": [-12, 12]}
							}
						},
						{
							"origin": [11.14658, -0.30137, 8.01356],
							"size": [5.59, 2.6, 4.16],
							"pivot": [-0.27518, 1.79089, -12.09443],
							"rotation": [0, -25, 10],
							"uv": {
								"north": {"uv": [14, 2], "uv_size": [-12, 12]},
								"east": {"uv": [14, 2], "uv_size": [-12, 12]},
								"south": {"uv": [14, 2], "uv_size": [-12, 12]},
								"west": {"uv": [14, 2], "uv_size": [-12, 12]},
								"up": {"uv": [14, 2], "uv_size": [-12, 12]},
								"down": {"uv": [14, 2], "uv_size": [-12, 12]}
							}
						},
						{
							"origin": [8.5828, -0.30137, 12.34468],
							"size": [1.625, 2.6, 6.175],
							"pivot": [-0.27518, 1.79089, -12.09443],
							"rotation": [0, -7.5, 10],
							"uv": {
								"north": {"uv": [14, 2], "uv_size": [-12, 12]},
								"east": {"uv": [14, 2], "uv_size": [-12, 12]},
								"south": {"uv": [14, 2], "uv_size": [-12, 12]},
								"west": {"uv": [14, 2], "uv_size": [-12, 12]},
								"up": {"uv": [14, 2], "uv_size": [-12, 12]},
								"down": {"uv": [14, 2], "uv_size": [-12, 12]}
							}
						},
						{
							"origin": [0.35745, -0.30137, 13.59415],
							"size": [1.625, 2.6, 6.175],
							"pivot": [-0.27518, 1.79089, -12.09443],
							"rotation": [0, 7.5, 10],
							"uv": {
								"north": {"uv": [14, 2], "uv_size": [-12, 12]},
								"east": {"uv": [14, 2], "uv_size": [-12, 12]},
								"south": {"uv": [14, 2], "uv_size": [-12, 12]},
								"west": {"uv": [14, 2], "uv_size": [-12, 12]},
								"up": {"uv": [14, 2], "uv_size": [-12, 12]},
								"down": {"uv": [14, 2], "uv_size": [-12, 12]}
							}
						},
						{
							"origin": [-10.1836, -0.30137, 10.88394],
							"size": [1.625, 2.6, 6.175],
							"pivot": [-0.27518, 1.79089, -12.09443],
							"rotation": [0, 27.5, 10],
							"uv": {
								"north": {"uv": [14, 2], "uv_size": [-12, 12]},
								"east": {"uv": [14, 2], "uv_size": [-12, 12]},
								"south": {"uv": [14, 2], "uv_size": [-12, 12]},
								"west": {"uv": [14, 2], "uv_size": [-12, 12]},
								"up": {"uv": [14, 2], "uv_size": [-12, 12]},
								"down": {"uv": [14, 2], "uv_size": [-12, 12]}
							}
						},
						{
							"origin": [-3.572, -0.39694, 5.65876],
							"size": [7.6375, 2.6, 5.2],
							"pivot": [-0.27518, 1.79089, -12.09443],
							"rotation": [0, -12.5, -10],
							"uv": {
								"north": {"uv": [14, 2], "uv_size": [-12, 12]},
								"east": {"uv": [14, 2], "uv_size": [-12, 12]},
								"south": {"uv": [14, 2], "uv_size": [-12, 12]},
								"west": {"uv": [14, 2], "uv_size": [-12, 12]},
								"up": {"uv": [14, 2], "uv_size": [-12, 12]},
								"down": {"uv": [14, 2], "uv_size": [-12, 12]}
							}
						},
						{
							"origin": [-12.34386, -0.39694, 8.77187],
							"size": [6.5, 2.6, 4.16],
							"pivot": [-0.27518, 1.79089, -12.09443],
							"rotation": [0, 12.5, -10],
							"uv": {
								"north": {"uv": [14, 2], "uv_size": [-12, 12]},
								"east": {"uv": [14, 2], "uv_size": [-12, 12]},
								"south": {"uv": [14, 2], "uv_size": [-12, 12]},
								"west": {"uv": [14, 2], "uv_size": [-12, 12]},
								"up": {"uv": [14, 2], "uv_size": [-12, 12]},
								"down": {"uv": [14, 2], "uv_size": [-12, 12]}
							}
						},
						{
							"origin": [-10.2208, -0.39694, 12.41544],
							"size": [1.625, 2.6, 6.175],
							"pivot": [-0.27518, 1.79089, -12.09443],
							"rotation": [0, 7.5, -10],
							"uv": {
								"north": {"uv": [14, 2], "uv_size": [-12, 12]},
								"east": {"uv": [14, 2], "uv_size": [-12, 12]},
								"south": {"uv": [14, 2], "uv_size": [-12, 12]},
								"west": {"uv": [14, 2], "uv_size": [-12, 12]},
								"up": {"uv": [14, 2], "uv_size": [-12, 12]},
								"down": {"uv": [14, 2], "uv_size": [-12, 12]}
							}
						},
						{
							"origin": [-1.99545, -0.39694, 13.52341],
							"size": [1.625, 2.6, 6.175],
							"pivot": [-0.27518, 1.79089, -12.09443],
							"rotation": [0, -7.5, -10],
							"uv": {
								"north": {"uv": [14, 2], "uv_size": [-12, 12]},
								"east": {"uv": [14, 2], "uv_size": [-12, 12]},
								"south": {"uv": [14, 2], "uv_size": [-12, 12]},
								"west": {"uv": [14, 2], "uv_size": [-12, 12]},
								"up": {"uv": [14, 2], "uv_size": [-12, 12]},
								"down": {"uv": [14, 2], "uv_size": [-12, 12]}
							}
						},
						{
							"origin": [8.489, -0.39694, 10.63366],
							"size": [1.625, 2.6, 6.175],
							"pivot": [-0.27518, 1.79089, -12.09443],
							"rotation": [0, -27.5, -10],
							"uv": {
								"north": {"uv": [14, 2], "uv_size": [-12, 12]},
								"east": {"uv": [14, 2], "uv_size": [-12, 12]},
								"south": {"uv": [14, 2], "uv_size": [-12, 12]},
								"west": {"uv": [14, 2], "uv_size": [-12, 12]},
								"up": {"uv": [14, 2], "uv_size": [-12, 12]},
								"down": {"uv": [14, 2], "uv_size": [-12, 12]}
							}
						},
						{
							"origin": [-16.79573, -0.39694, 8.24264],
							"size": [5.59, 2.6, 4.16],
							"pivot": [-0.27518, 1.79089, -12.09443],
							"rotation": [0, 25, -10],
							"uv": {
								"north": {"uv": [14, 2], "uv_size": [-12, 12]},
								"east": {"uv": [14, 2], "uv_size": [-12, 12]},
								"south": {"uv": [14, 2], "uv_size": [-12, 12]},
								"west": {"uv": [14, 2], "uv_size": [-12, 12]},
								"up": {"uv": [14, 2], "uv_size": [-12, 12]},
								"down": {"uv": [14, 2], "uv_size": [-12, 12]}
							}
						},
						{
							"origin": [-7.36042, -0.39694, 4.56624],
							"size": [7.54, 2.6, 6.2075],
							"pivot": [-0.27518, 1.79089, -12.09443],
							"rotation": [0, 0, -10],
							"uv": {
								"north": {"uv": [14, 2], "uv_size": [-12, 12]},
								"east": {"uv": [14, 2], "uv_size": [-12, 12]},
								"south": {"uv": [14, 2], "uv_size": [-12, 12]},
								"west": {"uv": [14, 2], "uv_size": [-12, 12]},
								"up": {"uv": [14, 2], "uv_size": [-12, 12]},
								"down": {"uv": [14, 2], "uv_size": [-12, 12]}
							}
						},
						{
							"origin": [-17.55471, -0.39694, 3.36959],
							"size": [6.5, 2.6, 3.25],
							"pivot": [-0.27518, 1.79089, -12.09443],
							"rotation": [0, 27.5, -10],
							"uv": {
								"north": {"uv": [14, 2], "uv_size": [-12, 12]},
								"east": {"uv": [14, 2], "uv_size": [-12, 12]},
								"south": {"uv": [14, 2], "uv_size": [-12, 12]},
								"west": {"uv": [14, 2], "uv_size": [-12, 12]},
								"up": {"uv": [14, 2], "uv_size": [-12, 12]},
								"down": {"uv": [14, 2], "uv_size": [-12, 12]}
							}
						},
						{
							"origin": [-5.57292, -0.39694, 4.56624],
							"size": [5.7525, 2.6, 10.14],
							"pivot": [-0.27518, 1.79089, -12.09443],
							"rotation": [0, 0, -10],
							"uv": {
								"north": {"uv": [14, 2], "uv_size": [-12, 12]},
								"east": {"uv": [14, 2], "uv_size": [-12, 12]},
								"south": {"uv": [14, 2], "uv_size": [-12, 12]},
								"west": {"uv": [14, 2], "uv_size": [-12, 12]},
								"up": {"uv": [14, 2], "uv_size": [-12, 12]},
								"down": {"uv": [14, 2], "uv_size": [-12, 12]}
							}
						},
						{
							"origin": [0.02908, -0.95137, -10.4],
							"size": [10.4, 2.6, 16.9],
							"pivot": [-0.27518, 1.79089, -12.09443],
							"rotation": [0, 0, 10],
							"uv": {
								"north": {"uv": [14, 2], "uv_size": [-12, 12]},
								"east": {"uv": [14, 2], "uv_size": [-12, 12]},
								"south": {"uv": [14, 2], "uv_size": [-12, 12]},
								"west": {"uv": [14, 2], "uv_size": [-12, 12]},
								"up": {"uv": [14, 2], "uv_size": [-12, 12]},
								"down": {"uv": [14, 2], "uv_size": [-12, 12]}
							}
						},
						{
							"origin": [0.4455, -0.56698, -7.60243],
							"size": [5.98, 3.12, 4.485],
							"pivot": [-0.27518, 1.483, -6.96496],
							"rotation": [-31.98737, 30.86019, -6.52057],
							"uv": {
								"north": {"uv": [14, 2], "uv_size": [-12, 12]},
								"east": {"uv": [14, 2], "uv_size": [-12, 12]},
								"south": {"uv": [14, 2], "uv_size": [-12, 12]},
								"west": {"uv": [14, 2], "uv_size": [-12, 12]},
								"up": {"uv": [14, 2], "uv_size": [-12, 12]},
								"down": {"uv": [14, 2], "uv_size": [-12, 12]}
							}
						},
						{
							"origin": [-0.19405, -1.18448, -8.47824],
							"size": [2.46675, 3.7375, 4.485],
							"pivot": [-0.27518, 1.483, -6.96496],
							"rotation": [-27.14233, 4.59902, 8.88927],
							"uv": {
								"north": {"uv": [14, 2], "uv_size": [-12, 12]},
								"east": {"uv": [14, 2], "uv_size": [-12, 12]},
								"south": {"uv": [14, 2], "uv_size": [-12, 12]},
								"west": {"uv": [14, 2], "uv_size": [-12, 12]},
								"up": {"uv": [14, 2], "uv_size": [-12, 12]},
								"down": {"uv": [14, 2], "uv_size": [-12, 12]}
							}
						},
						{
							"origin": [2.99099, 0.00762, -4.04573],
							"size": [3.588, 2.87625, 4.485],
							"pivot": [-0.27518, 1.483, -6.96496],
							"rotation": [-50.97496, 70.84684, -39.02504],
							"uv": {
								"north": {"uv": [14, 2], "uv_size": [-12, 12]},
								"east": {"uv": [14, 2], "uv_size": [-12, 12]},
								"south": {"uv": [14, 2], "uv_size": [-12, 12]},
								"west": {"uv": [14, 2], "uv_size": [-12, 12]},
								"up": {"uv": [14, 2], "uv_size": [-12, 12]},
								"down": {"uv": [14, 2], "uv_size": [-12, 12]}
							}
						},
						{
							"origin": [0.42257, 1.5345, -2.71303],
							"size": [2.86, 1.77125, 2.86],
							"pivot": [-0.27518, 1.158, -6.96496],
							"rotation": [-92.94851, 69.95597, -79.85214],
							"uv": {
								"north": {"uv": [30, 2], "uv_size": [-12, 12]},
								"east": {"uv": [30, 2], "uv_size": [-12, 12]},
								"south": {"uv": [30, 2], "uv_size": [-12, 12]},
								"west": {"uv": [30, 2], "uv_size": [-12, 12]},
								"up": {"uv": [30, 2], "uv_size": [-12, 12]},
								"down": {"uv": [30, 2], "uv_size": [-12, 12]}
							}
						},
						{
							"origin": [0.39007, 1.5345, -1.63053],
							"size": [1.56, 1.80375, 1.81],
							"pivot": [-0.27518, 1.158, -6.96496],
							"rotation": [-92.94851, 69.95597, -79.85214],
							"uv": {
								"north": {"uv": [14, 18], "uv_size": [-12, 12]},
								"east": {"uv": [14, 18], "uv_size": [-12, 12]},
								"south": {"uv": [14, 18], "uv_size": [-12, 12]},
								"west": {"uv": [14, 18], "uv_size": [-12, 12]},
								"up": {"uv": [14, 18], "uv_size": [-12, 12]},
								"down": {"uv": [14, 18], "uv_size": [-12, 12]}
							}
						},
						{
							"origin": [-3.28257, 1.5345, -2.71303],
							"size": [2.86, 1.77125, 2.86],
							"pivot": [0.27518, 1.158, -6.96496],
							"rotation": [-92.94851, -69.95597, 79.85214],
							"uv": {
								"north": {"uv": [18, 2], "uv_size": [12, 12]},
								"east": {"uv": [18, 2], "uv_size": [12, 12]},
								"south": {"uv": [18, 2], "uv_size": [12, 12]},
								"west": {"uv": [18, 2], "uv_size": [12, 12]},
								"up": {"uv": [18, 2], "uv_size": [12, 12]},
								"down": {"uv": [18, 2], "uv_size": [12, 12]}
							}
						},
						{
							"origin": [-1.95007, 1.5345, -1.63053],
							"size": [1.56, 1.80375, 1.81],
							"pivot": [0.27518, 1.158, -6.96496],
							"rotation": [-92.94851, -69.95597, 79.85214],
							"uv": {
								"north": {"uv": [2, 18], "uv_size": [12, 12]},
								"east": {"uv": [2, 18], "uv_size": [12, 12]},
								"south": {"uv": [2, 18], "uv_size": [12, 12]},
								"west": {"uv": [2, 18], "uv_size": [12, 12]},
								"up": {"uv": [2, 18], "uv_size": [12, 12]},
								"down": {"uv": [2, 18], "uv_size": [12, 12]}
							}
						},
						{
							"origin": [-0.54492, 2.10616, -7.3359],
							"size": [4.77262, 2.42125, 2.99],
							"pivot": [-0.27518, 3.108, -11.83996],
							"rotation": [85.85397, 60.26428, 100.54004],
							"uv": {
								"north": {"uv": [14, 2], "uv_size": [-12, 12]},
								"east": {"uv": [14, 2], "uv_size": [-12, 12]},
								"south": {"uv": [14, 2], "uv_size": [-12, 12]},
								"west": {"uv": [14, 2], "uv_size": [-12, 12]},
								"up": {"uv": [14, 2], "uv_size": [-12, 12]},
								"down": {"uv": [14, 2], "uv_size": [-12, 12]}
							}
						},
						{
							"origin": [-0.42446, -0.44498, -14.64008],
							"size": [1.65263, 0.50375, 2.47],
							"pivot": [0.71384, -0.79482, -18.87057],
							"rotation": [45.38251, 42.08312, 54.52845],
							"uv": {
								"north": {"uv": [14, 2], "uv_size": [-12, 12]},
								"east": {"uv": [14, 2], "uv_size": [-12, 12]},
								"south": {"uv": [14, 2], "uv_size": [-12, 12]},
								"west": {"uv": [14, 2], "uv_size": [-12, 12]},
								"up": {"uv": [14, 2], "uv_size": [-12, 12]},
								"down": {"uv": [14, 2], "uv_size": [-12, 12]}
							}
						},
						{
							"origin": [-0.85367, 3.40616, -5.5419],
							"size": [3.91138, 1.12125, 1.196],
							"pivot": [-0.27518, 3.108, -11.83996],
							"rotation": [85.85397, 60.26428, 100.54004],
							"uv": {
								"north": {"uv": [14, 2], "uv_size": [-12, 12]},
								"east": {"uv": [14, 2], "uv_size": [-12, 12]},
								"south": {"uv": [14, 2], "uv_size": [-12, 12]},
								"west": {"uv": [14, 2], "uv_size": [-12, 12]},
								"up": {"uv": [14, 2], "uv_size": [-12, 12]},
								"down": {"uv": [14, 2], "uv_size": [-12, 12]}
							}
						},
						{
							"origin": [-3.60919, 2.43116, -3.89853],
							"size": [4.25913, 2.09625, 0.208],
							"pivot": [-0.27518, 3.108, -11.83996],
							"rotation": [114.6399, 57.02596, 133.97973],
							"uv": {
								"north": {"uv": [14, 2], "uv_size": [-12, 12]},
								"east": {"uv": [14, 2], "uv_size": [-12, 12]},
								"south": {"uv": [14, 2], "uv_size": [-12, 12]},
								"west": {"uv": [14, 2], "uv_size": [-12, 12]},
								"up": {"uv": [14, 2], "uv_size": [-12, 12]},
								"down": {"uv": [14, 2], "uv_size": [-12, 12]}
							}
						},
						{
							"origin": [-2.68505, -0.03847, -3.2556],
							"size": [3.34913, 2.09625, 0.208],
							"pivot": [-0.26105, 0.63838, -11.19703],
							"rotation": [132.1399, 57.02596, 133.97973],
							"uv": {
								"north": {"uv": [14, 2], "uv_size": [-12, 12]},
								"east": {"uv": [14, 2], "uv_size": [-12, 12]},
								"south": {"uv": [14, 2], "uv_size": [-12, 12]},
								"west": {"uv": [14, 2], "uv_size": [-12, 12]},
								"up": {"uv": [14, 2], "uv_size": [-12, 12]},
								"down": {"uv": [14, 2], "uv_size": [-12, 12]}
							}
						},
						{
							"origin": [-3.14005, 0.61153, -3.2556],
							"size": [3.80413, 1.44625, 0.208],
							"pivot": [-0.26105, 0.63838, -11.19703],
							"rotation": [132.1399, 57.02596, 133.97973],
							"uv": {
								"north": {"uv": [14, 2], "uv_size": [-12, 12]},
								"east": {"uv": [14, 2], "uv_size": [-12, 12]},
								"south": {"uv": [14, 2], "uv_size": [-12, 12]},
								"west": {"uv": [14, 2], "uv_size": [-12, 12]},
								"up": {"uv": [14, 2], "uv_size": [-12, 12]},
								"down": {"uv": [14, 2], "uv_size": [-12, 12]}
							}
						},
						{
							"origin": [-3.59505, 1.13153, -3.2556],
							"size": [4.25913, 0.92625, 0.208],
							"pivot": [-0.26105, 0.63838, -11.19703],
							"rotation": [132.1399, 57.02596, 133.97973],
							"uv": {
								"north": {"uv": [14, 2], "uv_size": [-12, 12]},
								"east": {"uv": [14, 2], "uv_size": [-12, 12]},
								"south": {"uv": [14, 2], "uv_size": [-12, 12]},
								"west": {"uv": [14, 2], "uv_size": [-12, 12]},
								"up": {"uv": [14, 2], "uv_size": [-12, 12]},
								"down": {"uv": [14, 2], "uv_size": [-12, 12]}
							}
						},
						{
							"origin": [-4.01755, 1.65153, -3.2556],
							"size": [4.68163, 0.40625, 0.208],
							"pivot": [-0.26105, 0.63838, -11.19703],
							"rotation": [132.1399, 57.02596, 133.97973],
							"uv": {
								"north": {"uv": [14, 2], "uv_size": [-12, 12]},
								"east": {"uv": [14, 2], "uv_size": [-12, 12]},
								"south": {"uv": [14, 2], "uv_size": [-12, 12]},
								"west": {"uv": [14, 2], "uv_size": [-12, 12]},
								"up": {"uv": [14, 2], "uv_size": [-12, 12]},
								"down": {"uv": [14, 2], "uv_size": [-12, 12]}
							}
						},
						{
							"origin": [-3.51169, 3.40616, -4.12603],
							"size": [4.16163, 1.12125, 0.4355],
							"pivot": [-0.27518, 3.108, -11.83996],
							"rotation": [114.6399, 57.02596, 133.97973],
							"uv": {
								"north": {"uv": [14, 2], "uv_size": [-12, 12]},
								"east": {"uv": [14, 2], "uv_size": [-12, 12]},
								"south": {"uv": [14, 2], "uv_size": [-12, 12]},
								"west": {"uv": [14, 2], "uv_size": [-12, 12]},
								"up": {"uv": [14, 2], "uv_size": [-12, 12]},
								"down": {"uv": [14, 2], "uv_size": [-12, 12]}
							}
						},
						{
							"origin": [-3.38169, 3.40616, -4.45103],
							"size": [4.03163, 1.12125, 0.7605],
							"pivot": [-0.27518, 3.108, -11.83996],
							"rotation": [114.6399, 57.02596, 133.97973],
							"uv": {
								"north": {"uv": [14, 2], "uv_size": [-12, 12]},
								"east": {"uv": [14, 2], "uv_size": [-12, 12]},
								"south": {"uv": [14, 2], "uv_size": [-12, 12]},
								"west": {"uv": [14, 2], "uv_size": [-12, 12]},
								"up": {"uv": [14, 2], "uv_size": [-12, 12]},
								"down": {"uv": [14, 2], "uv_size": [-12, 12]}
							}
						},
						{
							"origin": [-3.18669, 3.40616, -4.87353],
							"size": [3.83663, 1.12125, 1.183],
							"pivot": [-0.27518, 3.108, -11.83996],
							"rotation": [114.6399, 57.02596, 133.97973],
							"uv": {
								"north": {"uv": [14, 2], "uv_size": [-12, 12]},
								"east": {"uv": [14, 2], "uv_size": [-12, 12]},
								"south": {"uv": [14, 2], "uv_size": [-12, 12]},
								"west": {"uv": [14, 2], "uv_size": [-12, 12]},
								"up": {"uv": [14, 2], "uv_size": [-12, 12]},
								"down": {"uv": [14, 2], "uv_size": [-12, 12]}
							}
						},
						{
							"origin": [-0.64994, 3.40616, -3.89853],
							"size": [4.25913, 1.12125, 0.208],
							"pivot": [0.27518, 3.108, -11.83996],
							"rotation": [114.6399, -57.02596, -133.97973],
							"uv": {
								"north": {"uv": [14, 2], "uv_size": [-12, 12]},
								"east": {"uv": [14, 2], "uv_size": [-12, 12]},
								"south": {"uv": [14, 2], "uv_size": [-12, 12]},
								"west": {"uv": [14, 2], "uv_size": [-12, 12]},
								"up": {"uv": [14, 2], "uv_size": [-12, 12]},
								"down": {"uv": [14, 2], "uv_size": [-12, 12]}
							}
						},
						{
							"origin": [-0.64994, 3.40616, -4.87353],
							"size": [3.83663, 1.12125, 1.183],
							"pivot": [0.27518, 3.108, -11.83996],
							"rotation": [114.6399, -57.02596, -133.97973],
							"uv": {
								"north": {"uv": [14, 2], "uv_size": [-12, 12]},
								"east": {"uv": [14, 2], "uv_size": [-12, 12]},
								"south": {"uv": [14, 2], "uv_size": [-12, 12]},
								"west": {"uv": [14, 2], "uv_size": [-12, 12]},
								"up": {"uv": [14, 2], "uv_size": [-12, 12]},
								"down": {"uv": [14, 2], "uv_size": [-12, 12]}
							}
						},
						{
							"origin": [-3.0577, 3.40616, -5.5419],
							"size": [3.91138, 1.12125, 1.196],
							"pivot": [0.27518, 3.108, -11.83996],
							"rotation": [85.85397, -60.26428, -100.54004],
							"uv": {
								"north": {"uv": [14, 2], "uv_size": [-12, 12]},
								"east": {"uv": [14, 2], "uv_size": [-12, 12]},
								"south": {"uv": [14, 2], "uv_size": [-12, 12]},
								"west": {"uv": [14, 2], "uv_size": [-12, 12]},
								"up": {"uv": [14, 2], "uv_size": [-12, 12]},
								"down": {"uv": [14, 2], "uv_size": [-12, 12]}
							}
						},
						{
							"origin": [-4.2277, 2.10616, -7.3359],
							"size": [4.77263, 2.42125, 2.99],
							"pivot": [0.27518, 3.108, -11.83996],
							"rotation": [85.85397, -60.26428, -100.54004],
							"uv": {
								"north": {"uv": [14, 2], "uv_size": [-12, 12]},
								"east": {"uv": [14, 2], "uv_size": [-12, 12]},
								"south": {"uv": [14, 2], "uv_size": [-12, 12]},
								"west": {"uv": [14, 2], "uv_size": [-12, 12]},
								"up": {"uv": [14, 2], "uv_size": [-12, 12]},
								"down": {"uv": [14, 2], "uv_size": [-12, 12]}
							}
						},
						{
							"origin": [-0.64994, 3.40616, -4.45103],
							"size": [4.03163, 1.12125, 0.7605],
							"pivot": [0.27518, 3.108, -11.83996],
							"rotation": [114.6399, -57.02596, -133.97973],
							"uv": {
								"north": {"uv": [14, 2], "uv_size": [-12, 12]},
								"east": {"uv": [14, 2], "uv_size": [-12, 12]},
								"south": {"uv": [14, 2], "uv_size": [-12, 12]},
								"west": {"uv": [14, 2], "uv_size": [-12, 12]},
								"up": {"uv": [14, 2], "uv_size": [-12, 12]},
								"down": {"uv": [14, 2], "uv_size": [-12, 12]}
							}
						},
						{
							"origin": [-0.64994, 2.49616, -4.12603],
							"size": [4.16163, 2.03125, 0.4355],
							"pivot": [0.27518, 3.108, -11.83996],
							"rotation": [114.6399, -57.02596, -133.97973],
							"uv": {
								"north": {"uv": [14, 2], "uv_size": [-12, 12]},
								"east": {"uv": [14, 2], "uv_size": [-12, 12]},
								"south": {"uv": [14, 2], "uv_size": [-12, 12]},
								"west": {"uv": [14, 2], "uv_size": [-12, 12]},
								"up": {"uv": [14, 2], "uv_size": [-12, 12]},
								"down": {"uv": [14, 2], "uv_size": [-12, 12]}
							}
						},
						{
							"origin": [-6.98907, -0.08795, -4.56928],
							"size": [3.588, 2.87625, 4.485],
							"pivot": [-0.27518, 1.483, -6.96496],
							"rotation": [-50.97496, -70.84684, 39.02504],
							"uv": {
								"north": {"uv": [14, 2], "uv_size": [-12, 12]},
								"east": {"uv": [14, 2], "uv_size": [-12, 12]},
								"south": {"uv": [14, 2], "uv_size": [-12, 12]},
								"west": {"uv": [14, 2], "uv_size": [-12, 12]},
								"up": {"uv": [14, 2], "uv_size": [-12, 12]},
								"down": {"uv": [14, 2], "uv_size": [-12, 12]}
							}
						},
						{
							"origin": [-6.98907, 0.39955, -1.8409],
							"size": [4.37125, 2.38875, 1.75663],
							"pivot": [-0.27518, 1.483, -6.96496],
							"rotation": [-50.97496, -70.84684, 39.02504],
							"uv": {
								"north": {"uv": [14, 2], "uv_size": [-12, 12]},
								"east": {"uv": [14, 2], "uv_size": [-12, 12]},
								"south": {"uv": [14, 2], "uv_size": [-12, 12]},
								"west": {"uv": [14, 2], "uv_size": [-12, 12]},
								"up": {"uv": [14, 2], "uv_size": [-12, 12]},
								"down": {"uv": [14, 2], "uv_size": [-12, 12]}
							}
						},
						{
							"origin": [2.20774, 0.49512, -1.31735],
							"size": [4.37125, 2.38875, 1.75663],
							"pivot": [-0.27518, 1.483, -6.96496],
							"rotation": [-50.97496, 70.84684, -39.02504],
							"uv": {
								"north": {"uv": [14, 2], "uv_size": [-12, 12]},
								"east": {"uv": [14, 2], "uv_size": [-12, 12]},
								"south": {"uv": [14, 2], "uv_size": [-12, 12]},
								"west": {"uv": [14, 2], "uv_size": [-12, 12]},
								"up": {"uv": [14, 2], "uv_size": [-12, 12]},
								"down": {"uv": [14, 2], "uv_size": [-12, 12]}
							}
						},
						{
							"origin": [-6.50647, -0.63005, -7.87344],
							"size": [5.98, 3.0875, 4.485],
							"pivot": [-0.27518, 1.483, -6.96496],
							"rotation": [-31.98737, -30.86019, 6.52057],
							"uv": {
								"north": {"uv": [14, 2], "uv_size": [-12, 12]},
								"east": {"uv": [14, 2], "uv_size": [-12, 12]},
								"south": {"uv": [14, 2], "uv_size": [-12, 12]},
								"west": {"uv": [14, 2], "uv_size": [-12, 12]},
								"up": {"uv": [14, 2], "uv_size": [-12, 12]},
								"down": {"uv": [14, 2], "uv_size": [-12, 12]}
							}
						},
						{
							"origin": [-2.28106, -1.28005, -8.47824],
							"size": [2.46675, 3.7375, 4.485],
							"pivot": [-0.27518, 1.483, -6.96496],
							"rotation": [-27.14233, -4.59902, -8.88927],
							"uv": {
								"north": {"uv": [14, 2], "uv_size": [-12, 12]},
								"east": {"uv": [14, 2], "uv_size": [-12, 12]},
								"south": {"uv": [14, 2], "uv_size": [-12, 12]},
								"west": {"uv": [14, 2], "uv_size": [-12, 12]},
								"up": {"uv": [14, 2], "uv_size": [-12, 12]},
								"down": {"uv": [14, 2], "uv_size": [-12, 12]}
							}
						},
						{
							"origin": [2.78697, -0.94162, -22.54769],
							"size": [2.23763, 1.12125, 6.6625],
							"pivot": [4.31527, -0.73804, -7.14819],
							"rotation": [0, -7.5, 0],
							"uv": {
								"north": {"uv": [14, 2], "uv_size": [-12, 12]},
								"east": {"uv": [14, 2], "uv_size": [-12, 12]},
								"south": {"uv": [14, 2], "uv_size": [-12, 12]},
								"west": {"uv": [14, 2], "uv_size": [-12, 12]},
								"up": {"uv": [14, 2], "uv_size": [-12, 12]},
								"down": {"uv": [14, 2], "uv_size": [-12, 12]}
							}
						},
						{
							"origin": [-6.05303, -0.94162, -20.20769],
							"size": [2.04263, 1.12125, 1.495],
							"pivot": [4.31527, -0.73804, -7.14819],
							"rotation": [0, -42.5, 0],
							"uv": {
								"north": {"uv": [14, 2], "uv_size": [-12, 12]},
								"east": {"uv": [14, 2], "uv_size": [-12, 12]},
								"south": {"uv": [14, 2], "uv_size": [-12, 12]},
								"west": {"uv": [14, 2], "uv_size": [-12, 12]},
								"up": {"uv": [14, 2], "uv_size": [-12, 12]},
								"down": {"uv": [14, 2], "uv_size": [-12, 12]}
							}
						},
						{
							"origin": [-17.04551, -0.94162, -25.71013],
							"size": [1.49013, 1.12125, 2.1125],
							"pivot": [-6.6772, -0.73804, -12.03311],
							"rotation": [0, -90, 0],
							"uv": {
								"north": {"uv": [14, 2], "uv_size": [-12, 12]},
								"east": {"uv": [14, 2], "uv_size": [-12, 12]},
								"south": {"uv": [14, 2], "uv_size": [-12, 12]},
								"west": {"uv": [14, 2], "uv_size": [-12, 12]},
								"up": {"uv": [14, 2], "uv_size": [-12, 12]},
								"down": {"uv": [14, 2], "uv_size": [-12, 12]}
							}
						},
						{
							"origin": [-18.96543, -0.94162, -27.42601],
							"size": [3.86262, 1.12125, 1.56],
							"pivot": [-8.59712, -0.73804, -13.74901],
							"rotation": [0, -102.5, 0],
							"uv": {
								"north": {"uv": [14, 2], "uv_size": [-12, 12]},
								"east": {"uv": [14, 2], "uv_size": [-12, 12]},
								"south": {"uv": [14, 2], "uv_size": [-12, 12]},
								"west": {"uv": [14, 2], "uv_size": [-12, 12]},
								"up": {"uv": [14, 2], "uv_size": [-12, 12]},
								"down": {"uv": [14, 2], "uv_size": [-12, 12]}
							}
						},
						{
							"origin": [-10.4059, -0.94162, -27.93051],
							"size": [7.86013, 1.12125, 1.69],
							"pivot": [-7.7726, -0.73804, -12.56351],
							"rotation": [0, -75, 0],
							"uv": {
								"north": {"uv": [14, 2], "uv_size": [-12, 12]},
								"east": {"uv": [14, 2], "uv_size": [-12, 12]},
								"south": {"uv": [14, 2], "uv_size": [-12, 12]},
								"west": {"uv": [14, 2], "uv_size": [-12, 12]},
								"up": {"uv": [14, 2], "uv_size": [-12, 12]},
								"down": {"uv": [14, 2], "uv_size": [-12, 12]}
							}
						},
						{
							"origin": [-11.2954, -3.45522, -14.0061],
							"size": [5.00012, 0.86125, 2.99],
							"pivot": [-6.22482, -2.8225, -12.02998],
							"rotation": [-83.58718, -52.86784, 98.64433],
							"uv": {
								"north": {"uv": [14, 2], "uv_size": [-12, 12]},
								"east": {"uv": [14, 2], "uv_size": [-12, 12]},
								"south": {"uv": [14, 2], "uv_size": [-12, 12]},
								"west": {"uv": [14, 2], "uv_size": [-12, 12]},
								"up": {"uv": [14, 2], "uv_size": [-12, 12]},
								"down": {"uv": [14, 2], "uv_size": [-12, 12]}
							}
						},
						{
							"origin": [-9.51601, -3.45522, -10.67669],
							"size": [5.04563, 3.49375, 0.7475],
							"pivot": [-6.22482, -2.8225, -12.02998],
							"rotation": [-106.30149, -51.31745, 127.20669],
							"uv": {
								"north": {"uv": [14, 2], "uv_size": [-12, 12]},
								"east": {"uv": [14, 2], "uv_size": [-12, 12]},
								"south": {"uv": [14, 2], "uv_size": [-12, 12]},
								"west": {"uv": [14, 2], "uv_size": [-12, 12]},
								"up": {"uv": [14, 2], "uv_size": [-12, 12]},
								"down": {"uv": [14, 2], "uv_size": [-12, 12]}
							}
						},
						{
							"origin": [-9.51601, -3.45522, -10.97569],
							"size": [4.3355, 3.49375, 1.0465],
							"pivot": [-6.22482, -2.8225, -12.02998],
							"rotation": [-106.30149, -51.31745, 127.20669],
							"uv": {
								"north": {"uv": [14, 2], "uv_size": [-12, 12]},
								"east": {"uv": [14, 2], "uv_size": [-12, 12]},
								"south": {"uv": [14, 2], "uv_size": [-12, 12]},
								"west": {"uv": [14, 2], "uv_size": [-12, 12]},
								"up": {"uv": [14, 2], "uv_size": [-12, 12]},
								"down": {"uv": [14, 2], "uv_size": [-12, 12]}
							}
						},
						{
							"origin": [-9.51601, -3.45522, -11.27469],
							"size": [3.99913, 3.49375, 1.3455],
							"pivot": [-6.22482, -2.8225, -12.02998],
							"rotation": [-106.30149, -51.31745, 127.20669],
							"uv": {
								"north": {"uv": [14, 2], "uv_size": [-12, 12]},
								"east": {"uv": [14, 2], "uv_size": [-12, 12]},
								"south": {"uv": [14, 2], "uv_size": [-12, 12]},
								"west": {"uv": [14, 2], "uv_size": [-12, 12]},
								"up": {"uv": [14, 2], "uv_size": [-12, 12]},
								"down": {"uv": [14, 2], "uv_size": [-12, 12]}
							}
						},
						{
							"origin": [-9.9954, -3.45522, -12.2121],
							"size": [4.07387, 3.49375, 1.196],
							"pivot": [-6.22482, -2.8225, -12.02998],
							"rotation": [-83.58718, -52.86784, 98.64433],
							"uv": {
								"north": {"uv": [14, 2], "uv_size": [-12, 12]},
								"east": {"uv": [14, 2], "uv_size": [-12, 12]},
								"south": {"uv": [14, 2], "uv_size": [-12, 12]},
								"west": {"uv": [14, 2], "uv_size": [-12, 12]},
								"up": {"uv": [14, 2], "uv_size": [-12, 12]},
								"down": {"uv": [14, 2], "uv_size": [-12, 12]}
							}
						},
						{
							"origin": [-5.02459, -0.94162, -22.54769],
							"size": [2.23763, 1.12125, 6.6625],
							"pivot": [-4.31527, -0.73804, -7.14819],
							"rotation": [0, 7.5, 0],
							"uv": {
								"north": {"uv": [14, 2], "uv_size": [-12, 12]},
								"east": {"uv": [14, 2], "uv_size": [-12, 12]},
								"south": {"uv": [14, 2], "uv_size": [-12, 12]},
								"west": {"uv": [14, 2], "uv_size": [-12, 12]},
								"up": {"uv": [14, 2], "uv_size": [-12, 12]},
								"down": {"uv": [14, 2], "uv_size": [-12, 12]}
							}
						},
						{
							"origin": [-1.22816, -0.44498, -14.64008],
							"size": [1.65263, 0.50375, 2.47],
							"pivot": [-0.71384, -0.79482, -18.87057],
							"rotation": [45.38251, -42.08312, -54.52845],
							"uv": {
								"north": {"uv": [14, 2], "uv_size": [-12, 12]},
								"east": {"uv": [14, 2], "uv_size": [-12, 12]},
								"south": {"uv": [14, 2], "uv_size": [-12, 12]},
								"west": {"uv": [14, 2], "uv_size": [-12, 12]},
								"up": {"uv": [14, 2], "uv_size": [-12, 12]},
								"down": {"uv": [14, 2], "uv_size": [-12, 12]}
							}
						},
						{
							"origin": [4.01041, -0.94162, -20.20769],
							"size": [2.04263, 1.12125, 1.495],
							"pivot": [-4.31527, -0.73804, -7.14819],
							"rotation": [0, 42.5, 0],
							"uv": {
								"north": {"uv": [14, 2], "uv_size": [-12, 12]},
								"east": {"uv": [14, 2], "uv_size": [-12, 12]},
								"south": {"uv": [14, 2], "uv_size": [-12, 12]},
								"west": {"uv": [14, 2], "uv_size": [-12, 12]},
								"up": {"uv": [14, 2], "uv_size": [-12, 12]},
								"down": {"uv": [14, 2], "uv_size": [-12, 12]}
							}
						},
						{
							"origin": [15.55538, -0.94162, -25.71013],
							"size": [1.49013, 1.12125, 2.1125],
							"pivot": [6.6772, -0.73804, -12.03311],
							"rotation": [0, 90, 0],
							"uv": {
								"north": {"uv": [14, 2], "uv_size": [-12, 12]},
								"east": {"uv": [14, 2], "uv_size": [-12, 12]},
								"south": {"uv": [14, 2], "uv_size": [-12, 12]},
								"west": {"uv": [14, 2], "uv_size": [-12, 12]},
								"up": {"uv": [14, 2], "uv_size": [-12, 12]},
								"down": {"uv": [14, 2], "uv_size": [-12, 12]}
							}
						},
						{
							"origin": [15.1028, -0.94162, -27.42601],
							"size": [3.86262, 1.12125, 1.56],
							"pivot": [8.59712, -0.73804, -13.74901],
							"rotation": [0, 102.5, 0],
							"uv": {
								"north": {"uv": [14, 2], "uv_size": [-12, 12]},
								"east": {"uv": [14, 2], "uv_size": [-12, 12]},
								"south": {"uv": [14, 2], "uv_size": [-12, 12]},
								"west": {"uv": [14, 2], "uv_size": [-12, 12]},
								"up": {"uv": [14, 2], "uv_size": [-12, 12]},
								"down": {"uv": [14, 2], "uv_size": [-12, 12]}
							}
						},
						{
							"origin": [2.54578, -0.94162, -27.93051],
							"size": [7.86013, 1.12125, 1.69],
							"pivot": [7.7726, -0.73804, -12.56351],
							"rotation": [0, 75, 0],
							"uv": {
								"north": {"uv": [14, 2], "uv_size": [-12, 12]},
								"east": {"uv": [14, 2], "uv_size": [-12, 12]},
								"south": {"uv": [14, 2], "uv_size": [-12, 12]},
								"west": {"uv": [14, 2], "uv_size": [-12, 12]},
								"up": {"uv": [14, 2], "uv_size": [-12, 12]},
								"down": {"uv": [14, 2], "uv_size": [-12, 12]}
							}
						},
						{
							"origin": [1.12239, -2.74842, -7.37715],
							"size": [5.98, 2.275, 4.485],
							"pivot": [-0.27518, -1.9555, -5.66496],
							"rotation": [14.45783, 31.37902, -2.59133],
							"uv": {
								"north": {"uv": [14, 2], "uv_size": [-12, 12]},
								"east": {"uv": [14, 2], "uv_size": [-12, 12]},
								"south": {"uv": [14, 2], "uv_size": [-12, 12]},
								"west": {"uv": [14, 2], "uv_size": [-12, 12]},
								"up": {"uv": [14, 2], "uv_size": [-12, 12]},
								"down": {"uv": [14, 2], "uv_size": [-12, 12]}
							}
						},
						{
							"origin": [-2.32992, -2.65286, -8.44743],
							"size": [2.46675, 3.7375, 4.485],
							"pivot": [-0.27518, -1.9555, -5.66496],
							"rotation": [12.31594, -2.15393, 9.76758],
							"uv": {
								"north": {"uv": [14, 2], "uv_size": [-12, 12]},
								"east": {"uv": [14, 2], "uv_size": [-12, 12]},
								"south": {"uv": [14, 2], "uv_size": [-12, 12]},
								"west": {"uv": [14, 2], "uv_size": [-12, 12]},
								"up": {"uv": [14, 2], "uv_size": [-12, 12]},
								"down": {"uv": [14, 2], "uv_size": [-12, 12]}
							}
						},
						{
							"origin": [-7.18337, -2.65286, -7.64816],
							"size": [5.98, 2.275, 4.485],
							"pivot": [-0.27518, -1.9555, -5.66496],
							"rotation": [14.45783, -31.37902, 2.59133],
							"uv": {
								"north": {"uv": [14, 2], "uv_size": [-12, 12]},
								"east": {"uv": [14, 2], "uv_size": [-12, 12]},
								"south": {"uv": [14, 2], "uv_size": [-12, 12]},
								"west": {"uv": [14, 2], "uv_size": [-12, 12]},
								"up": {"uv": [14, 2], "uv_size": [-12, 12]},
								"down": {"uv": [14, 2], "uv_size": [-12, 12]}
							}
						},
						{
							"origin": [-7.85989, -4.66489, -2.98817],
							"size": [3.588, 1.12125, 4.485],
							"pivot": [0.27518, -3.81612, -5.66496],
							"rotation": [0, -75, 10],
							"uv": {
								"north": {"uv": [14, 2], "uv_size": [-12, 12]},
								"east": {"uv": [14, 2], "uv_size": [-12, 12]},
								"south": {"uv": [14, 2], "uv_size": [-12, 12]},
								"west": {"uv": [14, 2], "uv_size": [-12, 12]},
								"up": {"uv": [14, 2], "uv_size": [-12, 12]},
								"down": {"uv": [14, 2], "uv_size": [-12, 12]}
							}
						},
						{
							"origin": [-7.85989, -4.66489, -0.25979],
							"size": [4.85875, 1.12125, 1.75663],
							"pivot": [0.27518, -3.81612, -5.66496],
							"rotation": [0, -75, 10],
							"uv": {
								"north": {"uv": [14, 2], "uv_size": [-12, 12]},
								"east": {"uv": [14, 2], "uv_size": [-12, 12]},
								"south": {"uv": [14, 2], "uv_size": [-12, 12]},
								"west": {"uv": [14, 2], "uv_size": [-12, 12]},
								"up": {"uv": [14, 2], "uv_size": [-12, 12]},
								"down": {"uv": [14, 2], "uv_size": [-12, 12]}
							}
						},
						{
							"origin": [5.92153, -3.45522, -12.2121],
							"size": [4.07387, 3.49375, 1.196],
							"pivot": [6.22482, -2.8225, -12.02998],
							"rotation": [-83.58718, 52.86784, -98.64433],
							"uv": {
								"north": {"uv": [14, 2], "uv_size": [-12, 12]},
								"east": {"uv": [14, 2], "uv_size": [-12, 12]},
								"south": {"uv": [14, 2], "uv_size": [-12, 12]},
								"west": {"uv": [14, 2], "uv_size": [-12, 12]},
								"up": {"uv": [14, 2], "uv_size": [-12, 12]},
								"down": {"uv": [14, 2], "uv_size": [-12, 12]}
							}
						},
						{
							"origin": [5.51689, -3.45522, -11.27469],
							"size": [3.99913, 3.49375, 1.3455],
							"pivot": [6.22482, -2.8225, -12.02998],
							"rotation": [-106.30149, 51.31745, -127.20669],
							"uv": {
								"north": {"uv": [14, 2], "uv_size": [-12, 12]},
								"east": {"uv": [14, 2], "uv_size": [-12, 12]},
								"south": {"uv": [14, 2], "uv_size": [-12, 12]},
								"west": {"uv": [14, 2], "uv_size": [-12, 12]},
								"up": {"uv": [14, 2], "uv_size": [-12, 12]},
								"down": {"uv": [14, 2], "uv_size": [-12, 12]}
							}
						},
						{
							"origin": [5.18051, -3.45522, -10.97569],
							"size": [4.3355, 3.49375, 1.0465],
							"pivot": [6.22482, -2.8225, -12.02998],
							"rotation": [-106.30149, 51.31745, -127.20669],
							"uv": {
								"north": {"uv": [14, 2], "uv_size": [-12, 12]},
								"east": {"uv": [14, 2], "uv_size": [-12, 12]},
								"south": {"uv": [14, 2], "uv_size": [-12, 12]},
								"west": {"uv": [14, 2], "uv_size": [-12, 12]},
								"up": {"uv": [14, 2], "uv_size": [-12, 12]},
								"down": {"uv": [14, 2], "uv_size": [-12, 12]}
							}
						},
						{
							"origin": [4.55261, -2.87678, -10.66473],
							"size": [5.083, 2.42125, 1.0465],
							"pivot": [6.34442, -2.24406, -11.71903],
							"rotation": [-123.80149, 51.31745, -127.20669],
							"uv": {
								"north": {"uv": [14, 2], "uv_size": [-12, 12]},
								"east": {"uv": [14, 2], "uv_size": [-12, 12]},
								"south": {"uv": [14, 2], "uv_size": [-12, 12]},
								"west": {"uv": [14, 2], "uv_size": [-12, 12]},
								"up": {"uv": [14, 2], "uv_size": [-12, 12]},
								"down": {"uv": [14, 2], "uv_size": [-12, 12]}
							}
						},
						{
							"origin": [-9.63561, -2.87678, -10.66473],
							"size": [5.083, 2.42125, 1.0465],
							"pivot": [-6.34442, -2.24406, -11.71903],
							"rotation": [-123.80149, -51.31745, 127.20669],
							"uv": {
								"north": {"uv": [14, 2], "uv_size": [-12, 12]},
								"east": {"uv": [14, 2], "uv_size": [-12, 12]},
								"south": {"uv": [14, 2], "uv_size": [-12, 12]},
								"west": {"uv": [14, 2], "uv_size": [-12, 12]},
								"up": {"uv": [14, 2], "uv_size": [-12, 12]},
								"down": {"uv": [14, 2], "uv_size": [-12, 12]}
							}
						},
						{
							"origin": [-0.66408, 0.61153, -3.2556],
							"size": [3.80413, 1.44625, 0.208],
							"pivot": [0.26105, 0.63838, -11.19703],
							"rotation": [132.1399, -57.02596, -133.97973],
							"uv": {
								"north": {"uv": [14, 2], "uv_size": [-12, 12]},
								"east": {"uv": [14, 2], "uv_size": [-12, 12]},
								"south": {"uv": [14, 2], "uv_size": [-12, 12]},
								"west": {"uv": [14, 2], "uv_size": [-12, 12]},
								"up": {"uv": [14, 2], "uv_size": [-12, 12]},
								"down": {"uv": [14, 2], "uv_size": [-12, 12]}
							}
						},
						{
							"origin": [-0.66408, -0.03847, -3.2556],
							"size": [3.34913, 2.09625, 0.208],
							"pivot": [0.26105, 0.63838, -11.19703],
							"rotation": [132.1399, -57.02596, -133.97973],
							"uv": {
								"north": {"uv": [14, 2], "uv_size": [-12, 12]},
								"east": {"uv": [14, 2], "uv_size": [-12, 12]},
								"south": {"uv": [14, 2], "uv_size": [-12, 12]},
								"west": {"uv": [14, 2], "uv_size": [-12, 12]},
								"up": {"uv": [14, 2], "uv_size": [-12, 12]},
								"down": {"uv": [14, 2], "uv_size": [-12, 12]}
							}
						},
						{
							"origin": [-0.66408, 1.13153, -3.2556],
							"size": [4.25913, 0.92625, 0.208],
							"pivot": [0.26105, 0.63838, -11.19703],
							"rotation": [132.1399, -57.02596, -133.97973],
							"uv": {
								"north": {"uv": [14, 2], "uv_size": [-12, 12]},
								"east": {"uv": [14, 2], "uv_size": [-12, 12]},
								"south": {"uv": [14, 2], "uv_size": [-12, 12]},
								"west": {"uv": [14, 2], "uv_size": [-12, 12]},
								"up": {"uv": [14, 2], "uv_size": [-12, 12]},
								"down": {"uv": [14, 2], "uv_size": [-12, 12]}
							}
						},
						{
							"origin": [4.47039, -3.45522, -10.67669],
							"size": [5.04563, 3.49375, 0.7475],
							"pivot": [6.22482, -2.8225, -12.02998],
							"rotation": [-106.30149, 51.31745, -127.20669],
							"uv": {
								"north": {"uv": [14, 2], "uv_size": [-12, 12]},
								"east": {"uv": [14, 2], "uv_size": [-12, 12]},
								"south": {"uv": [14, 2], "uv_size": [-12, 12]},
								"west": {"uv": [14, 2], "uv_size": [-12, 12]},
								"up": {"uv": [14, 2], "uv_size": [-12, 12]},
								"down": {"uv": [14, 2], "uv_size": [-12, 12]}
							}
						},
						{
							"origin": [6.29528, -3.45522, -14.0061],
							"size": [5.00012, 0.86125, 2.99],
							"pivot": [6.22482, -2.8225, -12.02998],
							"rotation": [-83.58718, 52.86784, -98.64433],
							"uv": {
								"north": {"uv": [14, 2], "uv_size": [-12, 12]},
								"east": {"uv": [14, 2], "uv_size": [-12, 12]},
								"south": {"uv": [14, 2], "uv_size": [-12, 12]},
								"west": {"uv": [14, 2], "uv_size": [-12, 12]},
								"up": {"uv": [14, 2], "uv_size": [-12, 12]},
								"down": {"uv": [14, 2], "uv_size": [-12, 12]}
							}
						},
						{
							"origin": [4.27189, -4.66489, -2.98817],
							"size": [3.588, 1.12125, 4.0625],
							"pivot": [-0.27518, -3.81612, -5.66496],
							"rotation": [0, 75, -10],
							"uv": {
								"north": {"uv": [14, 2], "uv_size": [-12, 12]},
								"east": {"uv": [14, 2], "uv_size": [-12, 12]},
								"south": {"uv": [14, 2], "uv_size": [-12, 12]},
								"west": {"uv": [14, 2], "uv_size": [-12, 12]},
								"up": {"uv": [14, 2], "uv_size": [-12, 12]},
								"down": {"uv": [14, 2], "uv_size": [-12, 12]}
							}
						},
						{
							"origin": [3.00114, -4.66489, -0.25979],
							"size": [4.85875, 0.11375, 1.75663],
							"pivot": [-0.27518, -3.81612, -5.66496],
							"rotation": [0, 75, -10],
							"uv": {
								"north": {"uv": [14, 2], "uv_size": [-12, 12]},
								"east": {"uv": [14, 2], "uv_size": [-12, 12]},
								"south": {"uv": [14, 2], "uv_size": [-12, 12]},
								"west": {"uv": [14, 2], "uv_size": [-12, 12]},
								"up": {"uv": [14, 2], "uv_size": [-12, 12]},
								"down": {"uv": [14, 2], "uv_size": [-12, 12]}
							}
						},
						{
							"origin": [-0.14518, -2.74842, -8.44743],
							"size": [2.46675, 3.7375, 4.485],
							"pivot": [-0.27518, -1.9555, -5.66496],
							"rotation": [12.31594, 2.15393, -9.76758],
							"uv": {
								"north": {"uv": [14, 2], "uv_size": [-12, 12]},
								"east": {"uv": [14, 2], "uv_size": [-12, 12]},
								"south": {"uv": [14, 2], "uv_size": [-12, 12]},
								"west": {"uv": [14, 2], "uv_size": [-12, 12]},
								"up": {"uv": [14, 2], "uv_size": [-12, 12]},
								"down": {"uv": [14, 2], "uv_size": [-12, 12]}
							}
						},
						{
							"origin": [2.34615, -0.57702, -12.89749],
							"size": [5.2, 2.6, 3.9],
							"pivot": [-2.63815, -0.57702, -0.52789],
							"rotation": [0, -12.5, 10],
							"uv": {
								"north": {"uv": [14, 2], "uv_size": [-12, 12]},
								"east": {"uv": [14, 2], "uv_size": [-12, 12]},
								"south": {"uv": [14, 2], "uv_size": [-12, 12]},
								"west": {"uv": [14, 2], "uv_size": [-12, 12]},
								"up": {"uv": [14, 2], "uv_size": [-12, 12]},
								"down": {"uv": [14, 2], "uv_size": [-12, 12]}
							}
						},
						{
							"origin": [-2.78595, 0.55714, -20.72349],
							"size": [3.9, 2.6, 3.9],
							"pivot": [-9.07026, 0.55714, -8.35389],
							"rotation": [0, -42.5, 10],
							"uv": {
								"north": {"uv": [14, 2], "uv_size": [-12, 12]},
								"east": {"uv": [14, 2], "uv_size": [-12, 12]},
								"south": {"uv": [14, 2], "uv_size": [-12, 12]},
								"west": {"uv": [14, 2], "uv_size": [-12, 12]},
								"up": {"uv": [14, 2], "uv_size": [-12, 12]},
								"down": {"uv": [14, 2], "uv_size": [-12, 12]}
							}
						},
						{
							"origin": [-0.38033, 0.06993, -13.22811],
							"size": [4.2575, 2.6, 3.9],
							"pivot": [-6.30712, 0.06993, -0.85852],
							"rotation": [0, 0, 10],
							"uv": {
								"north": {"uv": [14, 2], "uv_size": [-12, 12]},
								"east": {"uv": [14, 2], "uv_size": [-12, 12]},
								"south": {"uv": [14, 2], "uv_size": [-12, 12]},
								"west": {"uv": [14, 2], "uv_size": [-12, 12]},
								"up": {"uv": [14, 2], "uv_size": [-12, 12]},
								"down": {"uv": [14, 2], "uv_size": [-12, 12]}
							}
						},
						{
							"origin": [-1.11405, 0.55714, -20.72349],
							"size": [3.9, 2.6, 3.9],
							"pivot": [9.07026, 0.55714, -8.35389],
							"rotation": [0, 42.5, -10],
							"uv": {
								"north": {"uv": [14, 2], "uv_size": [-12, 12]},
								"east": {"uv": [14, 2], "uv_size": [-12, 12]},
								"south": {"uv": [14, 2], "uv_size": [-12, 12]},
								"west": {"uv": [14, 2], "uv_size": [-12, 12]},
								"up": {"uv": [14, 2], "uv_size": [-12, 12]},
								"down": {"uv": [14, 2], "uv_size": [-12, 12]}
							}
						},
						{
							"origin": [-3.87717, 0.06993, -13.22811],
							"size": [4.2575, 2.6, 3.9],
							"pivot": [6.30712, 0.06993, -0.85852],
							"rotation": [0, 0, -10],
							"uv": {
								"north": {"uv": [14, 2], "uv_size": [-12, 12]},
								"east": {"uv": [14, 2], "uv_size": [-12, 12]},
								"south": {"uv": [14, 2], "uv_size": [-12, 12]},
								"west": {"uv": [14, 2], "uv_size": [-12, 12]},
								"up": {"uv": [14, 2], "uv_size": [-12, 12]},
								"down": {"uv": [14, 2], "uv_size": [-12, 12]}
							}
						},
						{
							"origin": [-7.54615, -0.57702, -12.89749],
							"size": [5.2, 2.6, 3.9],
							"pivot": [2.63816, -0.57702, -0.52789],
							"rotation": [0, 12.5, -10],
							"uv": {
								"north": {"uv": [14, 2], "uv_size": [-12, 12]},
								"east": {"uv": [14, 2], "uv_size": [-12, 12]},
								"south": {"uv": [14, 2], "uv_size": [-12, 12]},
								"west": {"uv": [14, 2], "uv_size": [-12, 12]},
								"up": {"uv": [14, 2], "uv_size": [-12, 12]},
								"down": {"uv": [14, 2], "uv_size": [-12, 12]}
							}
						},
						{
							"origin": [-0.36943, -4.6845, -8.4304],
							"size": [1.56, 2.6, 16.9],
							"pivot": [-0.27518, 1.79089, -12.09443],
							"rotation": [0, 0, 10],
							"uv": {
								"north": {"uv": [14, 2], "uv_size": [-12, 12]},
								"east": {"uv": [14, 2], "uv_size": [-12, 12]},
								"south": {"uv": [14, 2], "uv_size": [-12, 12]},
								"west": {"uv": [14, 2], "uv_size": [-12, 12]},
								"up": {"uv": [14, 2], "uv_size": [-12, 12]},
								"down": {"uv": [14, 2], "uv_size": [-12, 12]}
							}
						},
						{
							"origin": [-5.01634, -4.6845, 5.40255],
							"size": [9.1, 2.6, 2.6],
							"pivot": [-0.27518, 1.79089, -12.09443],
							"rotation": [0, -12.5, 10],
							"uv": {
								"north": {"uv": [14, 2], "uv_size": [-12, 12]},
								"east": {"uv": [14, 2], "uv_size": [-12, 12]},
								"south": {"uv": [14, 2], "uv_size": [-12, 12]},
								"west": {"uv": [14, 2], "uv_size": [-12, 12]},
								"up": {"uv": [14, 2], "uv_size": [-12, 12]},
								"down": {"uv": [14, 2], "uv_size": [-12, 12]}
							}
						},
						{
							"origin": [-9.25372, -4.6845, -10.4],
							"size": [10.4, 2.6, 16.9],
							"pivot": [-0.27518, 1.79089, -12.09443],
							"rotation": [0, 0, 10],
							"uv": {
								"north": {"uv": [14, 2], "uv_size": [-12, 12]},
								"east": {"uv": [14, 2], "uv_size": [-12, 12]},
								"south": {"uv": [14, 2], "uv_size": [-12, 12]},
								"west": {"uv": [14, 2], "uv_size": [-12, 12]},
								"up": {"uv": [14, 2], "uv_size": [-12, 12]},
								"down": {"uv": [14, 2], "uv_size": [-12, 12]}
							}
						},
						{
							"origin": [-1.15463, -4.78007, -10.4],
							"size": [10.4, 2.6, 16.9],
							"pivot": [-0.27518, 1.79089, -12.09443],
							"rotation": [0, 0, -10],
							"uv": {
								"north": {"uv": [14, 2], "uv_size": [-12, 12]},
								"east": {"uv": [14, 2], "uv_size": [-12, 12]},
								"south": {"uv": [14, 2], "uv_size": [-12, 12]},
								"west": {"uv": [14, 2], "uv_size": [-12, 12]},
								"up": {"uv": [14, 2], "uv_size": [-12, 12]},
								"down": {"uv": [14, 2], "uv_size": [-12, 12]}
							}
						},
						{
							"origin": [-4.10488, -4.78007, 5.51987],
							"size": [9.1, 2.6, 2.6],
							"pivot": [-0.27518, 1.79089, -12.09443],
							"rotation": [0, 12.5, -10],
							"uv": {
								"north": {"uv": [14, 2], "uv_size": [-12, 12]},
								"east": {"uv": [14, 2], "uv_size": [-12, 12]},
								"south": {"uv": [14, 2], "uv_size": [-12, 12]},
								"west": {"uv": [14, 2], "uv_size": [-12, 12]},
								"up": {"uv": [14, 2], "uv_size": [-12, 12]},
								"down": {"uv": [14, 2], "uv_size": [-12, 12]}
							}
						},
						{
							"origin": [-1.19892, -4.78007, -8.4304],
							"size": [1.56, 2.6, 16.9],
							"pivot": [-0.27518, 1.79089, -12.09443],
							"rotation": [0, 0, -10],
							"uv": {
								"north": {"uv": [14, 2], "uv_size": [-12, 12]},
								"east": {"uv": [14, 2], "uv_size": [-12, 12]},
								"south": {"uv": [14, 2], "uv_size": [-12, 12]},
								"west": {"uv": [14, 2], "uv_size": [-12, 12]},
								"up": {"uv": [14, 2], "uv_size": [-12, 12]},
								"down": {"uv": [14, 2], "uv_size": [-12, 12]}
							}
						},
						{
							"origin": [-7.54615, -5.25798, -12.89749],
							"size": [5.2, 2.6, 3.9],
							"pivot": [2.63816, -2.65798, -0.52789],
							"rotation": [0, 12.5, 10],
							"uv": {
								"north": {"uv": [14, 2], "uv_size": [-12, 12]},
								"east": {"uv": [14, 2], "uv_size": [-12, 12]},
								"south": {"uv": [14, 2], "uv_size": [-12, 12]},
								"west": {"uv": [14, 2], "uv_size": [-12, 12]},
								"up": {"uv": [14, 2], "uv_size": [-12, 12]},
								"down": {"uv": [14, 2], "uv_size": [-12, 12]}
							}
						},
						{
							"origin": [2.34615, -5.25798, -12.89749],
							"size": [5.2, 2.6, 3.9],
							"pivot": [-2.63815, -2.65798, -0.52789],
							"rotation": [0, -12.5, -10],
							"uv": {
								"north": {"uv": [14, 2], "uv_size": [-12, 12]},
								"east": {"uv": [14, 2], "uv_size": [-12, 12]},
								"south": {"uv": [14, 2], "uv_size": [-12, 12]},
								"west": {"uv": [14, 2], "uv_size": [-12, 12]},
								"up": {"uv": [14, 2], "uv_size": [-12, 12]},
								"down": {"uv": [14, 2], "uv_size": [-12, 12]}
							}
						},
						{
							"origin": [-1.55315, -1.04694, -8.4304],
							"size": [1.56, 2.6, 16.9],
							"pivot": [-0.27518, 1.79089, -12.09443],
							"rotation": [0, 0, -10],
							"uv": {
								"north": {"uv": [14, 2], "uv_size": [-12, 12]},
								"east": {"uv": [14, 2], "uv_size": [-12, 12]},
								"south": {"uv": [14, 2], "uv_size": [-12, 12]},
								"west": {"uv": [14, 2], "uv_size": [-12, 12]},
								"up": {"uv": [14, 2], "uv_size": [-12, 12]},
								"down": {"uv": [14, 2], "uv_size": [-12, 12]}
							}
						}
					]
				},
				{
					"name": "tail",
					"parent": "root",
					"pivot": [-0.2054, -2.18335, 8.1805],
					"cubes": [
						{
							"origin": [-6.30054, -2.9146, 7.53006],
							"size": [6.25625, 0.24375, 4.50937],
							"pivot": [-0.27518, 1.79089, -12.09443],
							"rotation": [0, 10, 0],
							"uv": {
								"north": {"uv": [14, 2], "uv_size": [-12, 12]},
								"east": {"uv": [14, 2], "uv_size": [-12, 12]},
								"south": {"uv": [14, 2], "uv_size": [-12, 12]},
								"west": {"uv": [14, 2], "uv_size": [-12, 12]},
								"up": {"uv": [14, 2], "uv_size": [-12, 12]},
								"down": {"uv": [14, 2], "uv_size": [-12, 12]}
							}
						},
						{
							"origin": [19.72069, -2.7521, -6.40765],
							"size": [5.85, 0.24375, 1.4625],
							"pivot": [-0.27518, 1.79089, -12.09443],
							"rotation": [0, -67.5, 0],
							"uv": {
								"north": {"uv": [14, 2], "uv_size": [-12, 12]},
								"east": {"uv": [14, 2], "uv_size": [-12, 12]},
								"south": {"uv": [14, 2], "uv_size": [-12, 12]},
								"west": {"uv": [14, 2], "uv_size": [-12, 12]},
								"up": {"uv": [14, 2], "uv_size": [-12, 12]},
								"down": {"uv": [14, 2], "uv_size": [-12, 12]}
							}
						},
						{
							"origin": [24.25179, -2.9146, -20.56295],
							"size": [2.07188, 0.24375, 1.4625],
							"pivot": [-0.27518, 1.79089, -12.09443],
							"rotation": [180, -80, -180],
							"uv": {
								"north": {"uv": [14, 2], "uv_size": [-12, 12]},
								"east": {"uv": [14, 2], "uv_size": [-12, 12]},
								"south": {"uv": [14, 2], "uv_size": [-12, 12]},
								"west": {"uv": [14, 2], "uv_size": [-12, 12]},
								"up": {"uv": [14, 2], "uv_size": [-12, 12]},
								"down": {"uv": [14, 2], "uv_size": [-12, 12]}
							}
						},
						{
							"origin": [-25.93332, -2.7521, -5.95442],
							"size": [5.85, 0.24375, 1.4625],
							"pivot": [-0.27518, 1.79089, -12.09443],
							"rotation": [0, 67.5, 0],
							"uv": {
								"north": {"uv": [14, 2], "uv_size": [-12, 12]},
								"east": {"uv": [14, 2], "uv_size": [-12, 12]},
								"south": {"uv": [14, 2], "uv_size": [-12, 12]},
								"west": {"uv": [14, 2], "uv_size": [-12, 12]},
								"up": {"uv": [14, 2], "uv_size": [-12, 12]},
								"down": {"uv": [14, 2], "uv_size": [-12, 12]}
							}
						},
						{
							"origin": [-0.02296, -2.9146, 7.44487],
							"size": [6.25625, 0.24375, 4.50937],
							"pivot": [-0.27518, 1.79089, -12.09443],
							"rotation": [0, -10, 0],
							"uv": {
								"north": {"uv": [14, 2], "uv_size": [-12, 12]},
								"east": {"uv": [14, 2], "uv_size": [-12, 12]},
								"south": {"uv": [14, 2], "uv_size": [-12, 12]},
								"west": {"uv": [14, 2], "uv_size": [-12, 12]},
								"up": {"uv": [14, 2], "uv_size": [-12, 12]},
								"down": {"uv": [14, 2], "uv_size": [-12, 12]}
							}
						},
						{
							"origin": [-3.50562, -2.9146, 7.64899],
							"size": [6.9875, 0.40625, 7.92187],
							"uv": {
								"north": {"uv": [14, 2], "uv_size": [-12, 12]},
								"east": {"uv": [14, 2], "uv_size": [-12, 12]},
								"south": {"uv": [14, 2], "uv_size": [-12, 12]},
								"west": {"uv": [14, 2], "uv_size": [-12, 12]},
								"up": {"uv": [14, 2], "uv_size": [-12, 12]},
								"down": {"uv": [14, 2], "uv_size": [-12, 12]}
							}
						},
						{
							"origin": [-26.95923, -2.9146, -20.07981],
							"size": [2.07188, 0.24375, 1.4625],
							"pivot": [-0.27518, 1.79089, -12.09443],
							"rotation": [180, 80, 180],
							"uv": {
								"north": {"uv": [14, 2], "uv_size": [-12, 12]},
								"east": {"uv": [14, 2], "uv_size": [-12, 12]},
								"south": {"uv": [14, 2], "uv_size": [-12, 12]},
								"west": {"uv": [14, 2], "uv_size": [-12, 12]},
								"up": {"uv": [14, 2], "uv_size": [-12, 12]},
								"down": {"uv": [14, 2], "uv_size": [-12, 12]}
							}
						},
						{
							"origin": [-0.79299, -4.48105, 7.64899],
							"size": [1.95, 3.25, 7.92187],
							"pivot": [-0.27518, 1.79089, -12.09443],
							"rotation": [0, 0, 10],
							"uv": {
								"north": {"uv": [14, 2], "uv_size": [-12, 12]},
								"east": {"uv": [14, 2], "uv_size": [-12, 12]},
								"south": {"uv": [14, 2], "uv_size": [-12, 12]},
								"west": {"uv": [14, 2], "uv_size": [-12, 12]},
								"up": {"uv": [14, 2], "uv_size": [-12, 12]},
								"down": {"uv": [14, 2], "uv_size": [-12, 12]}
							}
						},
						{
							"origin": [-1.18247, -4.57361, 7.64899],
							"size": [1.95, 3.25, 7.92187],
							"pivot": [-0.27518, 1.79089, -12.09443],
							"rotation": [0, 0, -10],
							"uv": {
								"north": {"uv": [14, 2], "uv_size": [-12, 12]},
								"east": {"uv": [14, 2], "uv_size": [-12, 12]},
								"south": {"uv": [14, 2], "uv_size": [-12, 12]},
								"west": {"uv": [14, 2], "uv_size": [-12, 12]},
								"up": {"uv": [14, 2], "uv_size": [-12, 12]},
								"down": {"uv": [14, 2], "uv_size": [-12, 12]}
							}
						},
						{
							"origin": [-1.88062, -4.29585, 7.64899],
							"size": [3.7375, 3.25, 7.92187],
							"uv": {
								"north": {"uv": [14, 2], "uv_size": [-12, 12]},
								"east": {"uv": [14, 2], "uv_size": [-12, 12]},
								"south": {"uv": [14, 2], "uv_size": [-12, 12]},
								"west": {"uv": [14, 2], "uv_size": [-12, 12]},
								"up": {"uv": [14, 2], "uv_size": [-12, 12]},
								"down": {"uv": [14, 2], "uv_size": [-12, 12]}
							}
						}
					]
				},
				{
					"name": "bone5",
					"parent": "tail",
					"pivot": [-0.2054, -2.18335, 15.9805],
					"cubes": [
						{
							"origin": [-7.655, -2.9146, 15.21155],
							"size": [6.25625, 0.24375, 4.50938],
							"pivot": [-0.27518, 1.79089, -12.09443],
							"rotation": [0, 10, 0],
							"uv": {
								"north": {"uv": [14, 2], "uv_size": [-12, 12]},
								"east": {"uv": [14, 2], "uv_size": [-12, 12]},
								"south": {"uv": [14, 2], "uv_size": [-12, 12]},
								"west": {"uv": [14, 2], "uv_size": [-12, 12]},
								"up": {"uv": [14, 2], "uv_size": [-12, 12]},
								"down": {"uv": [14, 2], "uv_size": [-12, 12]}
							}
						},
						{
							"origin": [26.92694, -2.7521, -3.42272],
							"size": [5.85, 0.24375, 1.4625],
							"pivot": [-0.27518, 1.79089, -12.09443],
							"rotation": [0, -67.5, 0],
							"uv": {
								"north": {"uv": [14, 2], "uv_size": [-12, 12]},
								"east": {"uv": [14, 2], "uv_size": [-12, 12]},
								"south": {"uv": [14, 2], "uv_size": [-12, 12]},
								"west": {"uv": [14, 2], "uv_size": [-12, 12]},
								"up": {"uv": [14, 2], "uv_size": [-12, 12]},
								"down": {"uv": [14, 2], "uv_size": [-12, 12]}
							}
						},
						{
							"origin": [31.93329, -2.9146, -21.91739],
							"size": [2.07187, 0.24375, 1.4625],
							"pivot": [-0.27518, 1.79089, -12.09443],
							"rotation": [180, -80, -180],
							"uv": {
								"north": {"uv": [14, 2], "uv_size": [-12, 12]},
								"east": {"uv": [14, 2], "uv_size": [-12, 12]},
								"south": {"uv": [14, 2], "uv_size": [-12, 12]},
								"west": {"uv": [14, 2], "uv_size": [-12, 12]},
								"up": {"uv": [14, 2], "uv_size": [-12, 12]},
								"down": {"uv": [14, 2], "uv_size": [-12, 12]}
							}
						},
						{
							"origin": [-33.13959, -2.7521, -2.96949],
							"size": [5.85, 0.24375, 1.4625],
							"pivot": [-0.27518, 1.79089, -12.09443],
							"rotation": [0, 67.5, 0],
							"uv": {
								"north": {"uv": [14, 2], "uv_size": [-12, 12]},
								"east": {"uv": [14, 2], "uv_size": [-12, 12]},
								"south": {"uv": [14, 2], "uv_size": [-12, 12]},
								"west": {"uv": [14, 2], "uv_size": [-12, 12]},
								"up": {"uv": [14, 2], "uv_size": [-12, 12]},
								"down": {"uv": [14, 2], "uv_size": [-12, 12]}
							}
						},
						{
							"origin": [1.3315, -2.9146, 15.12637],
							"size": [6.25625, 0.24375, 4.50938],
							"pivot": [-0.27518, 1.79089, -12.09443],
							"rotation": [0, -10, 0],
							"uv": {
								"north": {"uv": [14, 2], "uv_size": [-12, 12]},
								"east": {"uv": [14, 2], "uv_size": [-12, 12]},
								"south": {"uv": [14, 2], "uv_size": [-12, 12]},
								"west": {"uv": [14, 2], "uv_size": [-12, 12]},
								"up": {"uv": [14, 2], "uv_size": [-12, 12]},
								"down": {"uv": [14, 2], "uv_size": [-12, 12]}
							}
						},
						{
							"origin": [-3.50562, -2.9146, 15.44899],
							"size": [6.9875, 0.40625, 7.92188],
							"uv": {
								"north": {"uv": [14, 2], "uv_size": [-12, 12]},
								"east": {"uv": [14, 2], "uv_size": [-12, 12]},
								"south": {"uv": [14, 2], "uv_size": [-12, 12]},
								"west": {"uv": [14, 2], "uv_size": [-12, 12]},
								"up": {"uv": [14, 2], "uv_size": [-12, 12]},
								"down": {"uv": [14, 2], "uv_size": [-12, 12]}
							}
						},
						{
							"origin": [-34.64072, -2.9146, -21.43427],
							"size": [2.07187, 0.24375, 1.4625],
							"pivot": [-0.27518, 1.79089, -12.09443],
							"rotation": [180, 80, 180],
							"uv": {
								"north": {"uv": [14, 2], "uv_size": [-12, 12]},
								"east": {"uv": [14, 2], "uv_size": [-12, 12]},
								"south": {"uv": [14, 2], "uv_size": [-12, 12]},
								"west": {"uv": [14, 2], "uv_size": [-12, 12]},
								"up": {"uv": [14, 2], "uv_size": [-12, 12]},
								"down": {"uv": [14, 2], "uv_size": [-12, 12]}
							}
						},
						{
							"origin": [-0.79299, -4.48105, 15.44899],
							"size": [1.95, 3.25, 7.92188],
							"pivot": [-0.27518, 1.79089, -12.09443],
							"rotation": [0, 0, 10],
							"uv": {
								"north": {"uv": [14, 2], "uv_size": [-12, 12]},
								"east": {"uv": [14, 2], "uv_size": [-12, 12]},
								"south": {"uv": [14, 2], "uv_size": [-12, 12]},
								"west": {"uv": [14, 2], "uv_size": [-12, 12]},
								"up": {"uv": [14, 2], "uv_size": [-12, 12]},
								"down": {"uv": [14, 2], "uv_size": [-12, 12]}
							}
						},
						{
							"origin": [-1.18247, -4.57361, 15.44899],
							"size": [1.95, 3.25, 7.92188],
							"pivot": [-0.27518, 1.79089, -12.09443],
							"rotation": [0, 0, -10],
							"uv": {
								"north": {"uv": [14, 2], "uv_size": [-12, 12]},
								"east": {"uv": [14, 2], "uv_size": [-12, 12]},
								"south": {"uv": [14, 2], "uv_size": [-12, 12]},
								"west": {"uv": [14, 2], "uv_size": [-12, 12]},
								"up": {"uv": [14, 2], "uv_size": [-12, 12]},
								"down": {"uv": [14, 2], "uv_size": [-12, 12]}
							}
						},
						{
							"origin": [-1.88062, -4.29585, 15.44899],
							"size": [3.7375, 3.25, 7.92188],
							"uv": {
								"north": {"uv": [14, 2], "uv_size": [-12, 12]},
								"east": {"uv": [14, 2], "uv_size": [-12, 12]},
								"south": {"uv": [14, 2], "uv_size": [-12, 12]},
								"west": {"uv": [14, 2], "uv_size": [-12, 12]},
								"up": {"uv": [14, 2], "uv_size": [-12, 12]},
								"down": {"uv": [14, 2], "uv_size": [-12, 12]}
							}
						}
					]
				},
				{
					"name": "bone6",
					"parent": "bone5",
					"pivot": [-0.2054, -2.18335, 23.7805],
					"cubes": [
						{
							"origin": [7.74596, -2.84148, 21.69363],
							"size": [3.10375, 0.36563, 7.12969],
							"pivot": [-0.27518, 1.79089, -12.09443],
							"rotation": [0, -12.5, 0],
							"uv": {
								"north": {"uv": [14, 2], "uv_size": [-12, 12]},
								"east": {"uv": [14, 2], "uv_size": [-12, 12]},
								"south": {"uv": [14, 2], "uv_size": [-12, 12]},
								"west": {"uv": [14, 2], "uv_size": [-12, 12]},
								"up": {"uv": [14, 2], "uv_size": [-12, 12]},
								"down": {"uv": [14, 2], "uv_size": [-12, 12]}
							}
						},
						{
							"origin": [-10.86275, -2.84148, 21.81275],
							"size": [3.10375, 0.36563, 7.12969],
							"pivot": [-0.27518, 1.79089, -12.09443],
							"rotation": [0, 12.5, 0],
							"uv": {
								"north": {"uv": [14, 2], "uv_size": [-12, 12]},
								"east": {"uv": [14, 2], "uv_size": [-12, 12]},
								"south": {"uv": [14, 2], "uv_size": [-12, 12]},
								"west": {"uv": [14, 2], "uv_size": [-12, 12]},
								"up": {"uv": [14, 2], "uv_size": [-12, 12]},
								"down": {"uv": [14, 2], "uv_size": [-12, 12]}
							}
						},
						{
							"origin": [-0.66531, -4.24403, 23.30214],
							"size": [1.755, 2.925, 7.12969],
							"pivot": [-0.27518, 1.79089, -12.09443],
							"rotation": [0, 0, 10],
							"uv": {
								"north": {"uv": [14, 2], "uv_size": [-12, 12]},
								"east": {"uv": [14, 2], "uv_size": [-12, 12]},
								"south": {"uv": [14, 2], "uv_size": [-12, 12]},
								"west": {"uv": [14, 2], "uv_size": [-12, 12]},
								"up": {"uv": [14, 2], "uv_size": [-12, 12]},
								"down": {"uv": [14, 2], "uv_size": [-12, 12]}
							}
						},
						{
							"origin": [-1.15388, -4.32975, 23.30214],
							"size": [1.755, 2.925, 7.12969],
							"pivot": [-0.27518, 1.79089, -12.09443],
							"rotation": [0, 0, -10],
							"uv": {
								"north": {"uv": [14, 2], "uv_size": [-12, 12]},
								"east": {"uv": [14, 2], "uv_size": [-12, 12]},
								"south": {"uv": [14, 2], "uv_size": [-12, 12]},
								"west": {"uv": [14, 2], "uv_size": [-12, 12]},
								"up": {"uv": [14, 2], "uv_size": [-12, 12]},
								"down": {"uv": [14, 2], "uv_size": [-12, 12]}
							}
						},
						{
							"origin": [-1.7131, -4.0846, 23.30214],
							"size": [3.36375, 2.925, 7.12969],
							"uv": {
								"north": {"uv": [14, 2], "uv_size": [-12, 12]},
								"east": {"uv": [14, 2], "uv_size": [-12, 12]},
								"south": {"uv": [14, 2], "uv_size": [-12, 12]},
								"west": {"uv": [14, 2], "uv_size": [-12, 12]},
								"up": {"uv": [14, 2], "uv_size": [-12, 12]},
								"down": {"uv": [14, 2], "uv_size": [-12, 12]}
							}
						}
					]
				},
				{
					"name": "bone7",
					"parent": "bone6",
					"pivot": [-0.2054, -2.18335, 30.9305],
					"cubes": [
						{
							"origin": [-0.55042, -4.03072, 30.49998],
							"size": [1.5795, 2.6325, 6.41672],
							"pivot": [-0.27518, 1.79089, -12.09443],
							"rotation": [0, 0, 10],
							"uv": {
								"north": {"uv": [14, 2], "uv_size": [-12, 12]},
								"east": {"uv": [14, 2], "uv_size": [-12, 12]},
								"south": {"uv": [14, 2], "uv_size": [-12, 12]},
								"west": {"uv": [14, 2], "uv_size": [-12, 12]},
								"up": {"uv": [14, 2], "uv_size": [-12, 12]},
								"down": {"uv": [14, 2], "uv_size": [-12, 12]}
							}
						},
						{
							"origin": [-1.12815, -4.11029, 30.49998],
							"size": [1.5795, 2.6325, 6.41672],
							"pivot": [-0.27518, 1.79089, -12.09443],
							"rotation": [0, 0, -10],
							"uv": {
								"north": {"uv": [14, 2], "uv_size": [-12, 12]},
								"east": {"uv": [14, 2], "uv_size": [-12, 12]},
								"south": {"uv": [14, 2], "uv_size": [-12, 12]},
								"west": {"uv": [14, 2], "uv_size": [-12, 12]},
								"up": {"uv": [14, 2], "uv_size": [-12, 12]},
								"down": {"uv": [14, 2], "uv_size": [-12, 12]}
							}
						},
						{
							"origin": [-1.56233, -3.89448, 30.49998],
							"size": [3.02738, 2.6325, 6.41672],
							"uv": {
								"north": {"uv": [14, 2], "uv_size": [-12, 12]},
								"east": {"uv": [14, 2], "uv_size": [-12, 12]},
								"south": {"uv": [14, 2], "uv_size": [-12, 12]},
								"west": {"uv": [14, 2], "uv_size": [-12, 12]},
								"up": {"uv": [14, 2], "uv_size": [-12, 12]},
								"down": {"uv": [14, 2], "uv_size": [-12, 12]}
							}
						},
						{
							"origin": [-0.26233, -14.17775, 31.16121],
							"size": [0.42738, 1.69, 5.57172],
							"pivot": [-0.27518, -9.33738, -11.4332],
							"rotation": [15, 0, 0],
							"uv": {
								"north": {"uv": [14, 2], "uv_size": [-12, 12]},
								"east": {"uv": [14, 2], "uv_size": [-12, 12]},
								"south": {"uv": [14, 2], "uv_size": [-12, 12]},
								"west": {"uv": [14, 2], "uv_size": [-12, 12]},
								"up": {"uv": [14, 2], "uv_size": [-12, 12]},
								"down": {"uv": [14, 2], "uv_size": [-12, 12]}
							}
						}
					]
				},
				{
					"name": "bone8",
					"parent": "bone7",
					"pivot": [-0.2054, -2.18335, 37.1055],
					"cubes": [
						{
							"origin": [-0.44702, -3.83873, 36.71803],
							"size": [1.42155, 2.36925, 5.77504],
							"pivot": [-0.27518, 1.79089, -12.09443],
							"rotation": [0, 0, 10],
							"uv": {
								"north": {"uv": [14, 2], "uv_size": [-12, 12]},
								"east": {"uv": [14, 2], "uv_size": [-12, 12]},
								"south": {"uv": [14, 2], "uv_size": [-12, 12]},
								"west": {"uv": [14, 2], "uv_size": [-12, 12]},
								"up": {"uv": [14, 2], "uv_size": [-12, 12]},
								"down": {"uv": [14, 2], "uv_size": [-12, 12]}
							}
						},
						{
							"origin": [-1.10499, -3.91277, 36.71803],
							"size": [1.42155, 2.36925, 5.77504],
							"pivot": [-0.27518, 1.79089, -12.09443],
							"rotation": [0, 0, -10],
							"uv": {
								"north": {"uv": [14, 2], "uv_size": [-12, 12]},
								"east": {"uv": [14, 2], "uv_size": [-12, 12]},
								"south": {"uv": [14, 2], "uv_size": [-12, 12]},
								"west": {"uv": [14, 2], "uv_size": [-12, 12]},
								"up": {"uv": [14, 2], "uv_size": [-12, 12]},
								"down": {"uv": [14, 2], "uv_size": [-12, 12]}
							}
						},
						{
							"origin": [-1.42663, -3.72337, 36.71803],
							"size": [2.72463, 2.36925, 5.77504],
							"uv": {
								"north": {"uv": [14, 2], "uv_size": [-12, 12]},
								"east": {"uv": [14, 2], "uv_size": [-12, 12]},
								"south": {"uv": [14, 2], "uv_size": [-12, 12]},
								"west": {"uv": [14, 2], "uv_size": [-12, 12]},
								"up": {"uv": [14, 2], "uv_size": [-12, 12]},
								"down": {"uv": [14, 2], "uv_size": [-12, 12]}
							}
						},
						{
							"origin": [-0.12663, -10.94734, 36.62099],
							"size": [0.12463, 0.93925, 5.77504],
							"pivot": [-0.27518, -6.73309, -11.89898],
							"rotation": [10, 0, 0],
							"uv": {
								"north": {"uv": [14, 2], "uv_size": [-12, 12]},
								"east": {"uv": [14, 2], "uv_size": [-12, 12]},
								"south": {"uv": [14, 2], "uv_size": [-12, 12]},
								"west": {"uv": [14, 2], "uv_size": [-12, 12]},
								"up": {"uv": [14, 2], "uv_size": [-12, 12]},
								"down": {"uv": [14, 2], "uv_size": [-12, 12]}
							}
						}
					]
				},
				{
					"name": "bone9",
					"parent": "bone8",
					"pivot": [-0.2054, -2.18335, 42.3055],
					"cubes": [
						{
							"origin": [-0.35395, -3.66594, 41.95677],
							"size": [1.2794, 2.13233, 7.79754],
							"pivot": [-0.27518, 1.79089, -12.09443],
							"rotation": [0, 0, 10],
							"uv": {
								"north": {"uv": [14, 2], "uv_size": [-12, 12]},
								"east": {"uv": [14, 2], "uv_size": [-12, 12]},
								"south": {"uv": [14, 2], "uv_size": [-12, 12]},
								"west": {"uv": [14, 2], "uv_size": [-12, 12]},
								"up": {"uv": [14, 2], "uv_size": [-12, 12]},
								"down": {"uv": [14, 2], "uv_size": [-12, 12]}
							}
						},
						{
							"origin": [-1.08415, -3.735, 41.95677],
							"size": [1.2794, 2.13233, 7.79754],
							"pivot": [-0.27518, 1.79089, -12.09443],
							"rotation": [0, 0, -10],
							"uv": {
								"north": {"uv": [14, 2], "uv_size": [-12, 12]},
								"east": {"uv": [14, 2], "uv_size": [-12, 12]},
								"south": {"uv": [14, 2], "uv_size": [-12, 12]},
								"west": {"uv": [14, 2], "uv_size": [-12, 12]},
								"up": {"uv": [14, 2], "uv_size": [-12, 12]},
								"down": {"uv": [14, 2], "uv_size": [-12, 12]}
							}
						},
						{
							"origin": [-1.30451, -3.56936, 41.95677],
							"size": [2.45218, 2.13232, 7.79754],
							"uv": {
								"north": {"uv": [14, 2], "uv_size": [-12, 12]},
								"east": {"uv": [14, 2], "uv_size": [-12, 12]},
								"south": {"uv": [14, 2], "uv_size": [-12, 12]},
								"west": {"uv": [14, 2], "uv_size": [-12, 12]},
								"up": {"uv": [14, 2], "uv_size": [-12, 12]},
								"down": {"uv": [14, 2], "uv_size": [-12, 12]}
							}
						}
					]
				},
				{
					"name": "rightarm",
					"parent": "root",
					"pivot": [10.4, -1, -2.6],
					"cubes": [
						{
							"origin": [10.24176, -3.00299, -10.4],
							"size": [9.1, 2.795, 15.6],
							"uv": {
								"north": {"uv": [14, 2], "uv_size": [-12, 12]},
								"east": {"uv": [14, 2], "uv_size": [-12, 12]},
								"south": {"uv": [14, 2], "uv_size": [-12, 12]},
								"west": {"uv": [14, 2], "uv_size": [-12, 12]},
								"up": {"uv": [14, 2], "uv_size": [-12, 12]},
								"down": {"uv": [14, 2], "uv_size": [-12, 12]}
							}
						},
						{
							"origin": [7.81656, -3.00299, -7.98743],
							"size": [9.1, 2.795, 15.6],
							"pivot": [-0.27518, 1.79089, -12.09443],
							"rotation": [0, 7.5, 0],
							"uv": {
								"north": {"uv": [14, 2], "uv_size": [-12, 12]},
								"east": {"uv": [14, 2], "uv_size": [-12, 12]},
								"south": {"uv": [14, 2], "uv_size": [-12, 12]},
								"west": {"uv": [14, 2], "uv_size": [-12, 12]},
								"up": {"uv": [14, 2], "uv_size": [-12, 12]},
								"down": {"uv": [14, 2], "uv_size": [-12, 12]}
							}
						},
						{
							"origin": [9.13959, -3.00299, 7.46152],
							"size": [8.645, 2.795, 4.8425],
							"pivot": [-0.27518, 1.79089, -12.09443],
							"rotation": [0, 27.5, 0],
							"uv": {
								"north": {"uv": [14, 2], "uv_size": [-12, 12]},
								"east": {"uv": [14, 2], "uv_size": [-12, 12]},
								"south": {"uv": [14, 2], "uv_size": [-12, 12]},
								"west": {"uv": [14, 2], "uv_size": [-12, 12]},
								"up": {"uv": [14, 2], "uv_size": [-12, 12]},
								"down": {"uv": [14, 2], "uv_size": [-12, 12]}
							}
						},
						{
							"origin": [4.8048, -3.00299, 5.86967],
							"size": [6.955, 2.795, 9.8475],
							"pivot": [-0.27518, 1.79089, -12.09443],
							"rotation": [0, 52.5, 0],
							"uv": {
								"north": {"uv": [14, 2], "uv_size": [-12, 12]},
								"east": {"uv": [14, 2], "uv_size": [-12, 12]},
								"south": {"uv": [14, 2], "uv_size": [-12, 12]},
								"west": {"uv": [14, 2], "uv_size": [-12, 12]},
								"up": {"uv": [14, 2], "uv_size": [-12, 12]},
								"down": {"uv": [14, 2], "uv_size": [-12, 12]}
							}
						},
						{
							"origin": [20.00222, -3.00299, 8.37301],
							"size": [8.32, 2.795, 1.365],
							"pivot": [-0.27518, 1.79089, -12.09443],
							"rotation": [0, 20, 0],
							"uv": {
								"north": {"uv": [14, 2], "uv_size": [-12, 12]},
								"east": {"uv": [14, 2], "uv_size": [-12, 12]},
								"south": {"uv": [14, 2], "uv_size": [-12, 12]},
								"west": {"uv": [14, 2], "uv_size": [-12, 12]},
								"up": {"uv": [14, 2], "uv_size": [-12, 12]},
								"down": {"uv": [14, 2], "uv_size": [-12, 12]}
							}
						},
						{
							"origin": [20.00222, -3.00299, 5.74051],
							"size": [6.4675, 2.795, 3.9975],
							"pivot": [-0.27518, 1.79089, -12.09443],
							"rotation": [0, 20, 0],
							"uv": {
								"north": {"uv": [14, 2], "uv_size": [-12, 12]},
								"east": {"uv": [14, 2], "uv_size": [-12, 12]},
								"south": {"uv": [14, 2], "uv_size": [-12, 12]},
								"west": {"uv": [14, 2], "uv_size": [-12, 12]},
								"up": {"uv": [14, 2], "uv_size": [-12, 12]},
								"down": {"uv": [14, 2], "uv_size": [-12, 12]}
							}
						},
						{
							"origin": [20.00222, -3.00299, 4.53801],
							"size": [5.4275, 2.795, 5.2],
							"pivot": [-0.27518, 1.79089, -12.09443],
							"rotation": [0, 20, 0],
							"uv": {
								"north": {"uv": [14, 2], "uv_size": [-12, 12]},
								"east": {"uv": [14, 2], "uv_size": [-12, 12]},
								"south": {"uv": [14, 2], "uv_size": [-12, 12]},
								"west": {"uv": [14, 2], "uv_size": [-12, 12]},
								"up": {"uv": [14, 2], "uv_size": [-12, 12]},
								"down": {"uv": [14, 2], "uv_size": [-12, 12]}
							}
						},
						{
							"origin": [27.78719, -3.00299, -3.45641],
							"size": [8.58, 2.795, 1.495],
							"pivot": [29.08719, -2.80799, -15.51391],
							"rotation": [0, -7.5, 0],
							"uv": {
								"north": {"uv": [14, 2], "uv_size": [-12, 12]},
								"east": {"uv": [14, 2], "uv_size": [-12, 12]},
								"south": {"uv": [14, 2], "uv_size": [-12, 12]},
								"west": {"uv": [14, 2], "uv_size": [-12, 12]},
								"up": {"uv": [14, 2], "uv_size": [-12, 12]},
								"down": {"uv": [14, 2], "uv_size": [-12, 12]}
							}
						},
						{
							"origin": [8.61016, -3.00299, -4.23283],
							"size": [10.3675, 2.795, 11.9275],
							"pivot": [-0.27518, 1.79089, -12.09443],
							"rotation": [0, 20, 0],
							"uv": {
								"north": {"uv": [14, 2], "uv_size": [-12, 12]},
								"east": {"uv": [14, 2], "uv_size": [-12, 12]},
								"south": {"uv": [14, 2], "uv_size": [-12, 12]},
								"west": {"uv": [14, 2], "uv_size": [-12, 12]},
								"up": {"uv": [14, 2], "uv_size": [-12, 12]},
								"down": {"uv": [14, 2], "uv_size": [-12, 12]}
							}
						},
						{
							"origin": [21.61507, -3.00299, -10.41893],
							"size": [16.6725, 2.795, 1.235],
							"pivot": [22.55757, -2.80799, -12.75893],
							"rotation": [0, -32.5, 0],
							"uv": {
								"north": {"uv": [14, 2], "uv_size": [-12, 12]},
								"east": {"uv": [14, 2], "uv_size": [-12, 12]},
								"south": {"uv": [14, 2], "uv_size": [-12, 12]},
								"west": {"uv": [14, 2], "uv_size": [-12, 12]},
								"up": {"uv": [14, 2], "uv_size": [-12, 12]},
								"down": {"uv": [14, 2], "uv_size": [-12, 12]}
							}
						}
					]
				},
				{
					"name": "leftarm",
					"parent": "root",
					"pivot": [-10.4, -1, -2.6],
					"cubes": [
						{
							"origin": [-19.34176, -3.00299, -10.4],
							"size": [9.1, 2.795, 15.6],
							"uv": {
								"north": {"uv": [14, 2], "uv_size": [-12, 12]},
								"east": {"uv": [14, 2], "uv_size": [-12, 12]},
								"south": {"uv": [14, 2], "uv_size": [-12, 12]},
								"west": {"uv": [14, 2], "uv_size": [-12, 12]},
								"up": {"uv": [14, 2], "uv_size": [-12, 12]},
								"down": {"uv": [14, 2], "uv_size": [-12, 12]}
							}
						},
						{
							"origin": [-16.92127, -3.00299, -8.05927],
							"size": [9.1, 2.795, 15.6],
							"pivot": [-0.27518, 1.79089, -12.09443],
							"rotation": [0, -7.5, 0],
							"uv": {
								"north": {"uv": [14, 2], "uv_size": [-12, 12]},
								"east": {"uv": [14, 2], "uv_size": [-12, 12]},
								"south": {"uv": [14, 2], "uv_size": [-12, 12]},
								"west": {"uv": [14, 2], "uv_size": [-12, 12]},
								"up": {"uv": [14, 2], "uv_size": [-12, 12]},
								"down": {"uv": [14, 2], "uv_size": [-12, 12]}
							}
						},
						{
							"origin": [-17.84676, -3.00299, 7.20738],
							"size": [8.645, 2.795, 4.8425],
							"pivot": [-0.27518, 1.79089, -12.09443],
							"rotation": [0, -27.5, 0],
							"uv": {
								"north": {"uv": [14, 2], "uv_size": [-12, 12]},
								"east": {"uv": [14, 2], "uv_size": [-12, 12]},
								"south": {"uv": [14, 2], "uv_size": [-12, 12]},
								"west": {"uv": [14, 2], "uv_size": [-12, 12]},
								"up": {"uv": [14, 2], "uv_size": [-12, 12]},
								"down": {"uv": [14, 2], "uv_size": [-12, 12]}
							}
						},
						{
							"origin": [-11.97513, -3.00299, 5.43303],
							"size": [6.955, 2.795, 9.8475],
							"pivot": [-0.27518, 1.79089, -12.09443],
							"rotation": [0, -52.5, 0],
							"uv": {
								"north": {"uv": [14, 2], "uv_size": [-12, 12]},
								"east": {"uv": [14, 2], "uv_size": [-12, 12]},
								"south": {"uv": [14, 2], "uv_size": [-12, 12]},
								"west": {"uv": [14, 2], "uv_size": [-12, 12]},
								"up": {"uv": [14, 2], "uv_size": [-12, 12]},
								"down": {"uv": [14, 2], "uv_size": [-12, 12]}
							}
						},
						{
							"origin": [-28.3554, -3.00299, 8.18477],
							"size": [8.32, 2.795, 1.365],
							"pivot": [-0.27518, 1.79089, -12.09443],
							"rotation": [0, -20, 0],
							"uv": {
								"north": {"uv": [14, 2], "uv_size": [-12, 12]},
								"east": {"uv": [14, 2], "uv_size": [-12, 12]},
								"south": {"uv": [14, 2], "uv_size": [-12, 12]},
								"west": {"uv": [14, 2], "uv_size": [-12, 12]},
								"up": {"uv": [14, 2], "uv_size": [-12, 12]},
								"down": {"uv": [14, 2], "uv_size": [-12, 12]}
							}
						},
						{
							"origin": [-26.5029, -3.00299, 5.55227],
							"size": [6.4675, 2.795, 3.9975],
							"pivot": [-0.27518, 1.79089, -12.09443],
							"rotation": [0, -20, 0],
							"uv": {
								"north": {"uv": [14, 2], "uv_size": [-12, 12]},
								"east": {"uv": [14, 2], "uv_size": [-12, 12]},
								"south": {"uv": [14, 2], "uv_size": [-12, 12]},
								"west": {"uv": [14, 2], "uv_size": [-12, 12]},
								"up": {"uv": [14, 2], "uv_size": [-12, 12]},
								"down": {"uv": [14, 2], "uv_size": [-12, 12]}
							}
						},
						{
							"origin": [-25.4629, -3.00299, 4.34977],
							"size": [5.4275, 2.795, 5.2],
							"pivot": [-0.27518, 1.79089, -12.09443],
							"rotation": [0, -20, 0],
							"uv": {
								"north": {"uv": [14, 2], "uv_size": [-12, 12]},
								"east": {"uv": [14, 2], "uv_size": [-12, 12]},
								"south": {"uv": [14, 2], "uv_size": [-12, 12]},
								"west": {"uv": [14, 2], "uv_size": [-12, 12]},
								"up": {"uv": [14, 2], "uv_size": [-12, 12]},
								"down": {"uv": [14, 2], "uv_size": [-12, 12]}
							}
						},
						{
							"origin": [-35.67437, -3.00299, -7.18788],
							"size": [8.58, 2.795, 1.495],
							"pivot": [-0.27518, 1.79089, -12.09443],
							"rotation": [0, 7.5, 0],
							"uv": {
								"north": {"uv": [14, 2], "uv_size": [-12, 12]},
								"east": {"uv": [14, 2], "uv_size": [-12, 12]},
								"south": {"uv": [14, 2], "uv_size": [-12, 12]},
								"west": {"uv": [14, 2], "uv_size": [-12, 12]},
								"up": {"uv": [14, 2], "uv_size": [-12, 12]},
								"down": {"uv": [14, 2], "uv_size": [-12, 12]}
							}
						},
						{
							"origin": [-19.01085, -3.00299, -4.42107],
							"size": [10.3675, 2.795, 11.9275],
							"pivot": [-0.27518, 1.79089, -12.09443],
							"rotation": [0, -20, 0],
							"uv": {
								"north": {"uv": [14, 2], "uv_size": [-12, 12]},
								"east": {"uv": [14, 2], "uv_size": [-12, 12]},
								"south": {"uv": [14, 2], "uv_size": [-12, 12]},
								"west": {"uv": [14, 2], "uv_size": [-12, 12]},
								"up": {"uv": [14, 2], "uv_size": [-12, 12]},
								"down": {"uv": [14, 2], "uv_size": [-12, 12]}
							}
						},
						{
							"origin": [-34.44093, -3.00299, -22.28719],
							"size": [16.6725, 2.795, 1.235],
							"pivot": [-0.27518, 1.79089, -12.09443],
							"rotation": [0, 32.5, 0],
							"uv": {
								"north": {"uv": [14, 2], "uv_size": [-12, 12]},
								"east": {"uv": [14, 2], "uv_size": [-12, 12]},
								"south": {"uv": [14, 2], "uv_size": [-12, 12]},
								"west": {"uv": [14, 2], "uv_size": [-12, 12]},
								"up": {"uv": [14, 2], "uv_size": [-12, 12]},
								"down": {"uv": [14, 2], "uv_size": [-12, 12]}
							}
						}
					]
				}
			]
		}
	]
}