{
	"format_version": "1.12.0",
	"minecraft:geometry": [
		{
			"description": {
				"identifier": "geometry.tokyu_jurei2",
				"texture_width": 16,
				"texture_height": 16,
				"visible_bounds_width": 3,
				"visible_bounds_height": 4.5,
				"visible_bounds_offset": [0, 1.75, 0]
			},
			"bones": [
				{
					"name": "root",
					"pivot": [0, 3.25, 0]
				},
				{
					"name": "rightleg",
					"parent": "root",
					"pivot": [-2.5, 20.025, 0.4],
					"rotation": [0, 0, 2.5],
					"cubes": [
						{
							"origin": [-4.50208, 14.73285, -1.9121],
							"size": [4.02822, 6.10242, 4.5116],
							"uv": {
								"north": {"uv": [0, 0], "uv_size": [0, 0]},
								"east": {"uv": [0, 0], "uv_size": [0, 0]},
								"south": {"uv": [1.45455, 0], "uv_size": [-1.45455, 6.96104]},
								"west": {"uv": [0, 0], "uv_size": [0, 0]},
								"up": {"uv": [0, 0], "uv_size": [0, 0]},
								"down": {"uv": [0, 0], "uv_size": [0, 0]}
							}
						},
						{
							"origin": [-4.77708, 16.10785, -1.9121],
							"size": [4.30322, 3.62742, 4.4291],
							"uv": {
								"north": {"uv": [0, 0], "uv_size": [0, 0]},
								"east": {"uv": [0, 0], "uv_size": [0, 0]},
								"south": {"uv": [0, 0], "uv_size": [0, 0]},
								"west": {"uv": [0, 0], "uv_size": [0, 0]},
								"up": {"uv": [0, 0], "uv_size": [0, 0]},
								"down": {"uv": [0, 0], "uv_size": [0, 0]}
							}
						},
						{
							"origin": [-3.9284, 15.00741, -2.18666],
							"size": [2.90542, 4.97458, 4.70366],
							"uv": {
								"north": {"uv": [0, 8.42105], "uv_size": [2.10526, 2.10526]},
								"east": {"uv": [0, 0], "uv_size": [0, 0]},
								"south": {"uv": [0, 0], "uv_size": [0, 0]},
								"west": {"uv": [0, 0], "uv_size": [0, 0]},
								"up": {"uv": [0, 0], "uv_size": [0, 0]},
								"down": {"uv": [0, 0], "uv_size": [0, 0]}
							}
						},
						{
							"origin": [-4.18331, 14.73285, -1.25026],
							"size": [3.40454, 6.1761, 3.62998],
							"uv": {
								"north": {"uv": [0, 0], "uv_size": [0, 0]},
								"east": {"uv": [0, 0], "uv_size": [0, 0]},
								"south": {"uv": [0, 0], "uv_size": [0, 0]},
								"west": {"uv": [0, 0], "uv_size": [0, 0]},
								"up": {"uv": [0, 0], "uv_size": [0, 0]},
								"down": {"uv": [0, 0], "uv_size": [0, 0]}
							}
						},
						{
							"origin": [-5.39589, 18.29164, -1.9121],
							"size": [4.02822, 2.47822, 4.4291],
							"pivot": [-1.41969, 32.78841, -1.24736],
							"rotation": [0, 0, -5],
							"uv": {
								"north": {"uv": [0, 0], "uv_size": [0, 0]},
								"east": {"uv": [0, 0], "uv_size": [0, 0]},
								"south": {"uv": [0, 0], "uv_size": [0, 0]},
								"west": {"uv": [0, 0], "uv_size": [0, 0]},
								"up": {"uv": [0, 0], "uv_size": [0, 0]},
								"down": {"uv": [0, 0], "uv_size": [0, 0]}
							}
						},
						{
							"origin": [-3.23745, 14.70598, -1.9121],
							"size": [4.02822, 3.65439, 4.4291],
							"pivot": [0.73875, 28.62892, -1.24736],
							"rotation": [0, 0, 5],
							"uv": {
								"north": {"uv": [0, 0], "uv_size": [0, 0]},
								"east": {"uv": [0, 0], "uv_size": [0, 0]},
								"south": {"uv": [0, 0], "uv_size": [0, 0]},
								"west": {"uv": [0, 0], "uv_size": [0, 0]},
								"up": {"uv": [0, 0], "uv_size": [0, 0]},
								"down": {"uv": [0, 0], "uv_size": [0, 0]}
							}
						}
					]
				},
				{
					"name": "bone2",
					"parent": "rightleg",
					"pivot": [2.83621, -28.35487, -0.75654],
					"cubes": [
						{
							"origin": [-4.10095, 3.81108, -1.34736],
							"size": [2.91613, 3.67338, 3.01424],
							"uv": {
								"north": {"uv": [0, 0], "uv_size": [0, 0]},
								"east": {"uv": [0, 8.51948], "uv_size": [1.76623, 2.18182]},
								"south": {"uv": [0, 0], "uv_size": [0, 0]},
								"west": {"uv": [0, 8.51948], "uv_size": [1.76623, 2.18182]},
								"up": {"uv": [0, 0], "uv_size": [0, 0]},
								"down": {"uv": [0, 0], "uv_size": [0, 0]}
							}
						},
						{
							"origin": [-3.32595, 0.78608, -1.24736],
							"size": [1.86613, 6.69838, 2.53924],
							"uv": {
								"north": {"uv": [0, 0], "uv_size": [0, 0]},
								"east": {"uv": [0, 8.51948], "uv_size": [1.76623, 2.18182]},
								"south": {"uv": [0, 0], "uv_size": [0, 0]},
								"west": {"uv": [0, 8.51948], "uv_size": [1.76623, 2.18182]},
								"up": {"uv": [0, 0], "uv_size": [0, 0]},
								"down": {"uv": [0, 0], "uv_size": [0, 0]}
							}
						},
						{
							"origin": [-3.55183, 6.23608, -1.416],
							"size": [1.81789, 2.4839, 2.54749],
							"uv": {
								"north": {"uv": [0, 0], "uv_size": [0, 0]},
								"east": {"uv": [0, 0], "uv_size": [0, 0]},
								"south": {"uv": [0, 0], "uv_size": [0, 0]},
								"west": {"uv": [0, 0], "uv_size": [0, 0]},
								"up": {"uv": [0, 0], "uv_size": [0, 0]},
								"down": {"uv": [0, 0], "uv_size": [0, 0]}
							}
						},
						{
							"origin": [-3.05183, 0.23608, -1.38464],
							"size": [1.31789, 6.47962, 2.82744],
							"uv": {
								"north": {"uv": [1.45455, 2.80519], "uv_size": [1.55844, 1.55844]},
								"east": {"uv": [0, 0], "uv_size": [0, 0]},
								"south": {"uv": [0, 0], "uv_size": [0, 0]},
								"west": {"uv": [0, 0], "uv_size": [0, 0]},
								"up": {"uv": [0, 0], "uv_size": [0, 0]},
								"down": {"uv": [0, 0], "uv_size": [0, 0]}
							}
						},
						{
							"origin": [-3.96367, 2.98168, -1.34736],
							"size": [2.64157, 4.0223, 3.13744],
							"uv": {
								"north": {"uv": [0, 0], "uv_size": [0, 0]},
								"east": {"uv": [0, 0], "uv_size": [0, 0]},
								"south": {"uv": [0, 5.61039], "uv_size": [1.55844, 1.45455]},
								"west": {"uv": [0, 0], "uv_size": [0, 0]},
								"up": {"uv": [0, 0], "uv_size": [0, 0]},
								"down": {"uv": [0, 0], "uv_size": [0, 0]}
							}
						},
						{
							"origin": [-4.15296, 7.18245, -1.34736],
							"size": [3.27016, 2.77306, 3.22016],
							"uv": {
								"north": {"uv": [0, 0], "uv_size": [0, 0]},
								"east": {"uv": [0, 0.72727], "uv_size": [1.55844, 1.76623]},
								"south": {"uv": [0, 0], "uv_size": [0, 0]},
								"west": {"uv": [0, 0.72727], "uv_size": [1.55844, 1.76623]},
								"up": {"uv": [0, 0], "uv_size": [0, 0]},
								"down": {"uv": [0, 0], "uv_size": [0, 0]}
							}
						},
						{
							"origin": [-2.51441, 11.82251, -2.09747],
							"size": [1.54635, 3.28099, 4.12027],
							"uv": {
								"north": {"uv": [0.1039, 2.5974], "uv_size": [1.35065, 1.45455]},
								"east": {"uv": [0.1039, 2.5974], "uv_size": [1.35065, 1.45455]},
								"south": {"uv": [0.1039, 2.5974], "uv_size": [1.35065, 1.45455]},
								"west": {"uv": [0.1039, 2.5974], "uv_size": [1.35065, 1.45455]},
								"up": {"uv": [1.45455, 4.05195], "uv_size": [-1.35065, -1.45455]},
								"down": {"uv": [1.45455, 4.05195], "uv_size": [-1.35065, -1.45455]}
							}
						},
						{
							"origin": [-4.05441, 11.82251, -2.09747],
							"size": [1.54635, 3.28099, 4.12027],
							"uv": {
								"north": {"uv": [1.45455, 2.5974], "uv_size": [-1.35065, 1.45455]},
								"east": {"uv": [0.1039, 2.5974], "uv_size": [1.35065, 1.45455]},
								"south": {"uv": [0.1039, 2.5974], "uv_size": [1.35065, 1.45455]},
								"west": {"uv": [0.1039, 2.5974], "uv_size": [1.35065, 1.45455]},
								"up": {"uv": [1.45455, 4.05195], "uv_size": [-1.35065, -1.45455]},
								"down": {"uv": [1.45455, 4.05195], "uv_size": [-1.35065, -1.45455]}
							}
						},
						{
							"origin": [-2.47713, 10.72427, -2.06997],
							"size": [1.23451, 4.37923, 4.09277],
							"uv": {
								"north": {"uv": [0, 0], "uv_size": [0, 0]},
								"east": {"uv": [0, 0], "uv_size": [0, 0]},
								"south": {"uv": [0, 0], "uv_size": [0, 0]},
								"west": {"uv": [0, 0], "uv_size": [0, 0]},
								"up": {"uv": [0, 0], "uv_size": [0, 0]},
								"down": {"uv": [0, 0], "uv_size": [0, 0]}
							}
						},
						{
							"origin": [-3.81857, 10.72427, -2.06997],
							"size": [1.23451, 4.37923, 4.09277],
							"uv": {
								"north": {"uv": [0, 0], "uv_size": [0, 0]},
								"east": {"uv": [0, 0], "uv_size": [0, 0]},
								"south": {"uv": [0, 0], "uv_size": [0, 0]},
								"west": {"uv": [0, 0], "uv_size": [0, 0]},
								"up": {"uv": [0, 0], "uv_size": [0, 0]},
								"down": {"uv": [0, 0], "uv_size": [0, 0]}
							}
						},
						{
							"origin": [-4.50497, 9.90059, -1.74736],
							"size": [3.92419, 5.04107, 3.77016],
							"uv": {
								"north": {"uv": [0, 0], "uv_size": [0, 0]},
								"east": {"uv": [0, 0], "uv_size": [0, 0]},
								"south": {"uv": [0, 0], "uv_size": [0, 0]},
								"west": {"uv": [0, 0], "uv_size": [0, 0]},
								"up": {"uv": [0, 0], "uv_size": [0, 0]},
								"down": {"uv": [0, 0], "uv_size": [0, 0]}
							}
						},
						{
							"origin": [-4.75497, 10.09844, 1.27447],
							"size": [4.17419, 5.81381, 3.4956],
							"pivot": [-0.58078, 33.05165, 1.77447],
							"rotation": [-7.5, 0, 0],
							"uv": {
								"north": {"uv": [0, 0], "uv_size": [0, 0]},
								"east": {"uv": [0, 0], "uv_size": [0, 0]},
								"south": {"uv": [0, 0.83117], "uv_size": [1.66234, 1.55844]},
								"west": {"uv": [0, 0], "uv_size": [0, 0]},
								"up": {"uv": [0, 0], "uv_size": [0, 0]},
								"down": {"uv": [0, 0], "uv_size": [0, 0]}
							}
						}
					]
				},
				{
					"name": "bone3",
					"parent": "bone2",
					"pivot": [-2.99379, 2.96222, 0.04092],
					"rotation": [0, 0, -2.5],
					"cubes": [
						{
							"origin": [-3.425, -0.08397, -4.39623],
							"size": [1.81009, 0.90605, 5.5873],
							"pivot": [-1.23088, 33.13779, -1.82909],
							"rotation": [0, 5, 0],
							"uv": {
								"north": {"uv": [0, 0], "uv_size": [0, 0]},
								"east": {"uv": [0, 0], "uv_size": [0, 0]},
								"south": {"uv": [0, 0], "uv_size": [0, 0]},
								"west": {"uv": [0, 0], "uv_size": [0, 0]},
								"up": {"uv": [0, 0], "uv_size": [0, 0]},
								"down": {"uv": [0, 0], "uv_size": [0, 0]}
							}
						},
						{
							"origin": [-3.95486, -0.08397, -4.68146],
							"size": [1.09509, 0.90605, 5.5873],
							"pivot": [-1.81574, 33.13779, -2.11432],
							"rotation": [0, 15, 0],
							"uv": {
								"north": {"uv": [0, 0], "uv_size": [0, 0]},
								"east": {"uv": [0, 0], "uv_size": [0, 0]},
								"south": {"uv": [0, 0], "uv_size": [0, 0]},
								"west": {"uv": [0, 0], "uv_size": [0, 0]},
								"up": {"uv": [0, 0], "uv_size": [0, 0]},
								"down": {"uv": [0, 0], "uv_size": [0, 0]}
							}
						},
						{
							"origin": [-2.21894, -0.08397, -5.22677],
							"size": [0.60403, 0.67954, 0.91784],
							"pivot": [-1.23088, 33.13779, -1.82909],
							"rotation": [0, 5, 0],
							"uv": {
								"north": {"uv": [6.85714, 3.63636], "uv_size": [0, 0]},
								"east": {"uv": [6.85714, 3.63636], "uv_size": [0, 0]},
								"south": {"uv": [6.85714, 3.63636], "uv_size": [0, 0]},
								"west": {"uv": [6.85714, 3.63636], "uv_size": [0, 0]},
								"up": {"uv": [6.85714, 3.63636], "uv_size": [0, 0]},
								"down": {"uv": [6.85714, 3.63636], "uv_size": [0, 0]}
							}
						},
						{
							"origin": [-2.72983, -0.11996, -11.85613],
							"size": [0.38403, 0.78954, 1.00034],
							"pivot": [-1.85177, 33.1018, -8.92595],
							"rotation": [12.5, 5, 0],
							"uv": {
								"north": {"uv": [6.85714, 3.63636], "uv_size": [0, 0]},
								"east": {"uv": [6.85714, 3.63636], "uv_size": [0, 0]},
								"south": {"uv": [6.85714, 3.63636], "uv_size": [0, 0]},
								"west": {"uv": [6.85714, 3.63636], "uv_size": [0, 0]},
								"up": {"uv": [6.85714, 3.63636], "uv_size": [0, 0]},
								"down": {"uv": [6.85714, 3.63636], "uv_size": [0, 0]}
							}
						},
						{
							"origin": [-3.38983, -0.11996, -11.85613],
							"size": [0.38403, 0.78954, 1.00034],
							"pivot": [-1.85177, 33.1018, -8.92595],
							"rotation": [12.5, 5, 0],
							"uv": {
								"north": {"uv": [6.85714, 3.63636], "uv_size": [0, 0]},
								"east": {"uv": [6.85714, 3.63636], "uv_size": [0, 0]},
								"south": {"uv": [6.85714, 3.63636], "uv_size": [0, 0]},
								"west": {"uv": [6.85714, 3.63636], "uv_size": [0, 0]},
								"up": {"uv": [6.85714, 3.63636], "uv_size": [0, 0]},
								"down": {"uv": [6.85714, 3.63636], "uv_size": [0, 0]}
							}
						},
						{
							"origin": [-4.70983, -0.11996, -11.85613],
							"size": [0.38403, 0.78954, 1.00034],
							"pivot": [-1.85177, 33.1018, -8.92595],
							"rotation": [12.5, 5, 0],
							"uv": {
								"north": {"uv": [6.85714, 3.63636], "uv_size": [0, 0]},
								"east": {"uv": [6.85714, 3.63636], "uv_size": [0, 0]},
								"south": {"uv": [6.85714, 3.63636], "uv_size": [0, 0]},
								"west": {"uv": [6.85714, 3.63636], "uv_size": [0, 0]},
								"up": {"uv": [6.85714, 3.63636], "uv_size": [0, 0]},
								"down": {"uv": [6.85714, 3.63636], "uv_size": [0, 0]}
							}
						},
						{
							"origin": [-4.04983, -0.11996, -11.85613],
							"size": [0.38403, 0.78954, 1.00034],
							"pivot": [-1.85177, 33.1018, -8.92595],
							"rotation": [12.5, 5, 0],
							"uv": {
								"north": {"uv": [6.85714, 3.63636], "uv_size": [0, 0]},
								"east": {"uv": [6.85714, 3.63636], "uv_size": [0, 0]},
								"south": {"uv": [6.85714, 3.63636], "uv_size": [0, 0]},
								"west": {"uv": [6.85714, 3.63636], "uv_size": [0, 0]},
								"up": {"uv": [6.85714, 3.63636], "uv_size": [0, 0]},
								"down": {"uv": [6.85714, 3.63636], "uv_size": [0, 0]}
							}
						},
						{
							"origin": [-2.10894, -0.08397, -6.05177],
							"size": [0.38403, 0.45954, 1.74284],
							"pivot": [-1.23088, 33.13779, -1.82909],
							"rotation": [0, 5, 0],
							"uv": {
								"north": {"uv": [6.85714, 3.63636], "uv_size": [0, 0]},
								"east": {"uv": [6.85714, 3.63636], "uv_size": [0, 0]},
								"south": {"uv": [6.85714, 3.63636], "uv_size": [0, 0]},
								"west": {"uv": [6.85714, 3.63636], "uv_size": [0, 0]},
								"up": {"uv": [6.85714, 3.63636], "uv_size": [0, 0]},
								"down": {"uv": [6.85714, 3.63636], "uv_size": [0, 0]}
							}
						},
						{
							"origin": [-2.88337, -0.08397, -5.22677],
							"size": [0.60403, 0.67954, 0.91784],
							"pivot": [-1.23088, 33.13779, -1.82909],
							"rotation": [0, 5, 0],
							"uv": {
								"north": {"uv": [6.85714, 3.63636], "uv_size": [0, 0]},
								"east": {"uv": [6.85714, 3.63636], "uv_size": [0, 0]},
								"south": {"uv": [6.85714, 3.63636], "uv_size": [0, 0]},
								"west": {"uv": [6.85714, 3.63636], "uv_size": [0, 0]},
								"up": {"uv": [6.85714, 3.63636], "uv_size": [0, 0]},
								"down": {"uv": [6.85714, 3.63636], "uv_size": [0, 0]}
							}
						},
						{
							"origin": [-2.77337, -0.08397, -6.05177],
							"size": [0.38403, 0.45954, 1.74284],
							"pivot": [-1.23088, 33.13779, -1.82909],
							"rotation": [0, 5, 0],
							"uv": {
								"north": {"uv": [6.85714, 3.63636], "uv_size": [0, 0]},
								"east": {"uv": [6.85714, 3.63636], "uv_size": [0, 0]},
								"south": {"uv": [6.85714, 3.63636], "uv_size": [0, 0]},
								"west": {"uv": [6.85714, 3.63636], "uv_size": [0, 0]},
								"up": {"uv": [6.85714, 3.63636], "uv_size": [0, 0]},
								"down": {"uv": [6.85714, 3.63636], "uv_size": [0, 0]}
							}
						},
						{
							"origin": [-4.24245, -0.08397, -5.22677],
							"size": [0.60403, 0.67954, 0.91784],
							"pivot": [-1.23088, 33.13779, -1.82909],
							"rotation": [0, 5, 0],
							"uv": {
								"north": {"uv": [6.85714, 3.63636], "uv_size": [0, 0]},
								"east": {"uv": [6.85714, 3.63636], "uv_size": [0, 0]},
								"south": {"uv": [6.85714, 3.63636], "uv_size": [0, 0]},
								"west": {"uv": [6.85714, 3.63636], "uv_size": [0, 0]},
								"up": {"uv": [6.85714, 3.63636], "uv_size": [0, 0]},
								"down": {"uv": [6.85714, 3.63636], "uv_size": [0, 0]}
							}
						},
						{
							"origin": [-4.13245, -0.08397, -6.05177],
							"size": [0.38403, 0.45954, 1.74284],
							"pivot": [-1.23088, 33.13779, -1.82909],
							"rotation": [0, 5, 0],
							"uv": {
								"north": {"uv": [6.85714, 3.63636], "uv_size": [0, 0]},
								"east": {"uv": [6.85714, 3.63636], "uv_size": [0, 0]},
								"south": {"uv": [6.85714, 3.63636], "uv_size": [0, 0]},
								"west": {"uv": [6.85714, 3.63636], "uv_size": [0, 0]},
								"up": {"uv": [6.85714, 3.63636], "uv_size": [0, 0]},
								"down": {"uv": [6.85714, 3.63636], "uv_size": [0, 0]}
							}
						},
						{
							"origin": [-3.57801, -0.08397, -5.22677],
							"size": [0.60403, 0.67954, 0.91784],
							"pivot": [-1.23088, 33.13779, -1.82909],
							"rotation": [0, 5, 0],
							"uv": {
								"north": {"uv": [6.85714, 3.63636], "uv_size": [0, 0]},
								"east": {"uv": [6.85714, 3.63636], "uv_size": [0, 0]},
								"south": {"uv": [6.85714, 3.63636], "uv_size": [0, 0]},
								"west": {"uv": [6.85714, 3.63636], "uv_size": [0, 0]},
								"up": {"uv": [6.85714, 3.63636], "uv_size": [0, 0]},
								"down": {"uv": [6.85714, 3.63636], "uv_size": [0, 0]}
							}
						},
						{
							"origin": [-3.46801, -0.08397, -6.05177],
							"size": [0.38403, 0.45954, 1.74284],
							"pivot": [-1.23088, 33.13779, -1.82909],
							"rotation": [0, 5, 0],
							"uv": {
								"north": {"uv": [6.85714, 3.63636], "uv_size": [0, 0]},
								"east": {"uv": [6.85714, 3.63636], "uv_size": [0, 0]},
								"south": {"uv": [6.85714, 3.63636], "uv_size": [0, 0]},
								"west": {"uv": [6.85714, 3.63636], "uv_size": [0, 0]},
								"up": {"uv": [6.85714, 3.63636], "uv_size": [0, 0]},
								"down": {"uv": [6.85714, 3.63636], "uv_size": [0, 0]}
							}
						}
					]
				},
				{
					"name": "leftleg",
					"parent": "root",
					"pivot": [2.5, 20.025, 0.4],
					"rotation": [0, 0, -2.5],
					"cubes": [
						{
							"origin": [0.47386, 14.73285, -1.9121],
							"size": [4.02822, 6.10242, 4.5116],
							"uv": {
								"north": {"uv": [0, 0], "uv_size": [0, 0]},
								"east": {"uv": [0, 0], "uv_size": [0, 0]},
								"south": {"uv": [0, 0], "uv_size": [1.45455, 6.96104]},
								"west": {"uv": [0, 0], "uv_size": [0, 0]},
								"up": {"uv": [0, 0], "uv_size": [0, 0]},
								"down": {"uv": [0, 0], "uv_size": [0, 0]}
							}
						},
						{
							"origin": [0.47386, 16.10785, -1.9121],
							"size": [4.30322, 3.62742, 4.4291],
							"uv": {
								"north": {"uv": [0, 0], "uv_size": [0, 0]},
								"east": {"uv": [0, 0], "uv_size": [0, 0]},
								"south": {"uv": [0, 0], "uv_size": [0, 0]},
								"west": {"uv": [0, 0], "uv_size": [0, 0]},
								"up": {"uv": [0, 0], "uv_size": [0, 0]},
								"down": {"uv": [0, 0], "uv_size": [0, 0]}
							}
						},
						{
							"origin": [1.02298, 15.00741, -2.18666],
							"size": [2.90542, 4.97458, 4.70366],
							"uv": {
								"north": {"uv": [2.10526, 8.42105], "uv_size": [-2.10526, 2.10526]},
								"east": {"uv": [0, 0], "uv_size": [0, 0]},
								"south": {"uv": [0, 0], "uv_size": [0, 0]},
								"west": {"uv": [0, 0], "uv_size": [0, 0]},
								"up": {"uv": [0, 0], "uv_size": [0, 0]},
								"down": {"uv": [0, 0], "uv_size": [0, 0]}
							}
						},
						{
							"origin": [0.77877, 14.73285, -1.25026],
							"size": [3.40454, 6.1761, 3.62998],
							"uv": {
								"north": {"uv": [0, 0], "uv_size": [0, 0]},
								"east": {"uv": [0, 0], "uv_size": [0, 0]},
								"south": {"uv": [0, 0], "uv_size": [0, 0]},
								"west": {"uv": [0, 0], "uv_size": [0, 0]},
								"up": {"uv": [0, 0], "uv_size": [0, 0]},
								"down": {"uv": [0, 0], "uv_size": [0, 0]}
							}
						},
						{
							"origin": [1.36767, 18.29164, -1.9121],
							"size": [4.02822, 2.47822, 4.4291],
							"pivot": [1.41969, 32.78841, -1.24736],
							"rotation": [0, 0, 5],
							"uv": {
								"north": {"uv": [0, 0], "uv_size": [0, 0]},
								"east": {"uv": [0, 0], "uv_size": [0, 0]},
								"south": {"uv": [0, 0], "uv_size": [0, 0]},
								"west": {"uv": [0, 0], "uv_size": [0, 0]},
								"up": {"uv": [0, 0], "uv_size": [0, 0]},
								"down": {"uv": [0, 0], "uv_size": [0, 0]}
							}
						},
						{
							"origin": [-0.79077, 14.70598, -1.9121],
							"size": [4.02822, 3.65439, 4.4291],
							"pivot": [-0.73875, 28.62892, -1.24736],
							"rotation": [0, 0, -5],
							"uv": {
								"north": {"uv": [0, 0], "uv_size": [0, 0]},
								"east": {"uv": [0, 0], "uv_size": [0, 0]},
								"south": {"uv": [0, 0], "uv_size": [0, 0]},
								"west": {"uv": [0, 0], "uv_size": [0, 0]},
								"up": {"uv": [0, 0], "uv_size": [0, 0]},
								"down": {"uv": [0, 0], "uv_size": [0, 0]}
							}
						}
					]
				},
				{
					"name": "bone4",
					"parent": "leftleg",
					"pivot": [-2.83621, -28.35487, -0.75654],
					"cubes": [
						{
							"origin": [1.18482, 3.81108, -1.34736],
							"size": [2.91613, 3.67338, 3.01424],
							"uv": {
								"north": {"uv": [0, 0], "uv_size": [0, 0]},
								"east": {"uv": [1.76623, 8.51948], "uv_size": [-1.76623, 2.18182]},
								"south": {"uv": [0, 0], "uv_size": [0, 0]},
								"west": {"uv": [1.76623, 8.51948], "uv_size": [-1.76623, 2.18182]},
								"up": {"uv": [0, 0], "uv_size": [0, 0]},
								"down": {"uv": [0, 0], "uv_size": [0, 0]}
							}
						},
						{
							"origin": [1.45982, 0.78608, -1.24736],
							"size": [1.86613, 6.69838, 2.53924],
							"uv": {
								"north": {"uv": [0, 0], "uv_size": [0, 0]},
								"east": {"uv": [1.76623, 8.51948], "uv_size": [-1.76623, 2.18182]},
								"south": {"uv": [0, 0], "uv_size": [0, 0]},
								"west": {"uv": [1.76623, 8.51948], "uv_size": [-1.76623, 2.18182]},
								"up": {"uv": [0, 0], "uv_size": [0, 0]},
								"down": {"uv": [0, 0], "uv_size": [0, 0]}
							}
						},
						{
							"origin": [1.73394, 6.23608, -1.416],
							"size": [1.81789, 2.4839, 2.54749],
							"uv": {
								"north": {"uv": [0, 0], "uv_size": [0, 0]},
								"east": {"uv": [0, 0], "uv_size": [0, 0]},
								"south": {"uv": [0, 0], "uv_size": [0, 0]},
								"west": {"uv": [0, 0], "uv_size": [0, 0]},
								"up": {"uv": [0, 0], "uv_size": [0, 0]},
								"down": {"uv": [0, 0], "uv_size": [0, 0]}
							}
						},
						{
							"origin": [1.73394, 0.23608, -1.38464],
							"size": [1.31789, 6.47962, 2.82744],
							"uv": {
								"north": {"uv": [3.01299, 2.80519], "uv_size": [-1.55844, 1.55844]},
								"east": {"uv": [0, 0], "uv_size": [0, 0]},
								"south": {"uv": [0, 0], "uv_size": [0, 0]},
								"west": {"uv": [0, 0], "uv_size": [0, 0]},
								"up": {"uv": [0, 0], "uv_size": [0, 0]},
								"down": {"uv": [0, 0], "uv_size": [0, 0]}
							}
						},
						{
							"origin": [1.3221, 2.98168, -1.34736],
							"size": [2.64157, 4.0223, 3.13744],
							"uv": {
								"north": {"uv": [0, 0], "uv_size": [0, 0]},
								"east": {"uv": [0, 0], "uv_size": [0, 0]},
								"south": {"uv": [1.55844, 5.61039], "uv_size": [-1.55844, 1.45455]},
								"west": {"uv": [0, 0], "uv_size": [0, 0]},
								"up": {"uv": [0, 0], "uv_size": [0, 0]},
								"down": {"uv": [0, 0], "uv_size": [0, 0]}
							}
						},
						{
							"origin": [0.8828, 7.18245, -1.34736],
							"size": [3.27016, 2.77306, 3.22016],
							"uv": {
								"north": {"uv": [0, 0], "uv_size": [0, 0]},
								"east": {"uv": [1.55844, 0.72727], "uv_size": [-1.55844, 1.76623]},
								"south": {"uv": [0, 0], "uv_size": [0, 0]},
								"west": {"uv": [1.55844, 0.72727], "uv_size": [-1.55844, 1.76623]},
								"up": {"uv": [0, 0], "uv_size": [0, 0]},
								"down": {"uv": [0, 0], "uv_size": [0, 0]}
							}
						},
						{
							"origin": [0.96806, 11.82251, -2.09747],
							"size": [1.54635, 3.28099, 4.12027],
							"uv": {
								"north": {"uv": [1.45455, 2.5974], "uv_size": [-1.35065, 1.45455]},
								"east": {"uv": [1.45455, 2.5974], "uv_size": [-1.35065, 1.45455]},
								"south": {"uv": [1.45455, 2.5974], "uv_size": [-1.35065, 1.45455]},
								"west": {"uv": [1.45455, 2.5974], "uv_size": [-1.35065, 1.45455]},
								"up": {"uv": [0.1039, 4.05195], "uv_size": [1.35065, -1.45455]},
								"down": {"uv": [0.1039, 4.05195], "uv_size": [1.35065, -1.45455]}
							}
						},
						{
							"origin": [2.50806, 11.82251, -2.09747],
							"size": [1.54635, 3.28099, 4.12027],
							"uv": {
								"north": {"uv": [0.1039, 2.5974], "uv_size": [1.35065, 1.45455]},
								"east": {"uv": [1.45455, 2.5974], "uv_size": [-1.35065, 1.45455]},
								"south": {"uv": [1.45455, 2.5974], "uv_size": [-1.35065, 1.45455]},
								"west": {"uv": [1.45455, 2.5974], "uv_size": [-1.35065, 1.45455]},
								"up": {"uv": [0.1039, 4.05195], "uv_size": [1.35065, -1.45455]},
								"down": {"uv": [0.1039, 4.05195], "uv_size": [1.35065, -1.45455]}
							}
						},
						{
							"origin": [1.24262, 10.72427, -2.06997],
							"size": [1.23451, 4.37923, 4.09277],
							"uv": {
								"north": {"uv": [0, 0], "uv_size": [0, 0]},
								"east": {"uv": [0, 0], "uv_size": [0, 0]},
								"south": {"uv": [0, 0], "uv_size": [0, 0]},
								"west": {"uv": [0, 0], "uv_size": [0, 0]},
								"up": {"uv": [0, 0], "uv_size": [0, 0]},
								"down": {"uv": [0, 0], "uv_size": [0, 0]}
							}
						},
						{
							"origin": [2.58406, 10.72427, -2.06997],
							"size": [1.23451, 4.37923, 4.09277],
							"uv": {
								"north": {"uv": [0, 0], "uv_size": [0, 0]},
								"east": {"uv": [0, 0], "uv_size": [0, 0]},
								"south": {"uv": [0, 0], "uv_size": [0, 0]},
								"west": {"uv": [0, 0], "uv_size": [0, 0]},
								"up": {"uv": [0, 0], "uv_size": [0, 0]},
								"down": {"uv": [0, 0], "uv_size": [0, 0]}
							}
						},
						{
							"origin": [0.58078, 9.90059, -1.74736],
							"size": [3.92419, 5.04107, 3.77016],
							"uv": {
								"north": {"uv": [0, 0], "uv_size": [0, 0]},
								"east": {"uv": [0, 0], "uv_size": [0, 0]},
								"south": {"uv": [0, 0], "uv_size": [0, 0]},
								"west": {"uv": [0, 0], "uv_size": [0, 0]},
								"up": {"uv": [0, 0], "uv_size": [0, 0]},
								"down": {"uv": [0, 0], "uv_size": [0, 0]}
							}
						},
						{
							"origin": [0.58078, 10.09844, 1.27447],
							"size": [4.17419, 5.81381, 3.4956],
							"pivot": [0.58078, 33.05165, 1.77447],
							"rotation": [-7.5, 0, 0],
							"uv": {
								"north": {"uv": [0, 0], "uv_size": [0, 0]},
								"east": {"uv": [0, 0], "uv_size": [0, 0]},
								"south": {"uv": [1.66234, 0.83117], "uv_size": [-1.66234, 1.55844]},
								"west": {"uv": [0, 0], "uv_size": [0, 0]},
								"up": {"uv": [0, 0], "uv_size": [0, 0]},
								"down": {"uv": [0, 0], "uv_size": [0, 0]}
							}
						}
					]
				},
				{
					"name": "bone5",
					"parent": "bone4",
					"pivot": [2.99379, 2.96222, 0.04092],
					"rotation": [0, 0, 2.5],
					"cubes": [
						{
							"origin": [1.61491, -0.08397, -4.39623],
							"size": [1.81009, 0.90605, 5.5873],
							"pivot": [1.23088, 33.13779, -1.82909],
							"rotation": [0, -5, 0],
							"uv": {
								"north": {"uv": [0, 0], "uv_size": [0, 0]},
								"east": {"uv": [0, 0], "uv_size": [0, 0]},
								"south": {"uv": [0, 0], "uv_size": [0, 0]},
								"west": {"uv": [0, 0], "uv_size": [0, 0]},
								"up": {"uv": [0, 0], "uv_size": [0, 0]},
								"down": {"uv": [0, 0], "uv_size": [0, 0]}
							}
						},
						{
							"origin": [2.85977, -0.08397, -4.68146],
							"size": [1.09509, 0.90605, 5.5873],
							"pivot": [1.81574, 33.13779, -2.11432],
							"rotation": [0, -15, 0],
							"uv": {
								"north": {"uv": [0, 0], "uv_size": [0, 0]},
								"east": {"uv": [0, 0], "uv_size": [0, 0]},
								"south": {"uv": [0, 0], "uv_size": [0, 0]},
								"west": {"uv": [0, 0], "uv_size": [0, 0]},
								"up": {"uv": [0, 0], "uv_size": [0, 0]},
								"down": {"uv": [0, 0], "uv_size": [0, 0]}
							}
						},
						{
							"origin": [1.61491, -0.08397, -5.22677],
							"size": [0.60403, 0.67954, 0.91784],
							"pivot": [1.23088, 33.13779, -1.82909],
							"rotation": [0, -5, 0],
							"uv": {
								"north": {"uv": [6.85714, 3.63636], "uv_size": [0, 0]},
								"east": {"uv": [6.85714, 3.63636], "uv_size": [0, 0]},
								"south": {"uv": [6.85714, 3.63636], "uv_size": [0, 0]},
								"west": {"uv": [6.85714, 3.63636], "uv_size": [0, 0]},
								"up": {"uv": [6.85714, 3.63636], "uv_size": [0, 0]},
								"down": {"uv": [6.85714, 3.63636], "uv_size": [0, 0]}
							}
						},
						{
							"origin": [2.3458, -0.11996, -11.85613],
							"size": [0.38403, 0.78954, 1.00034],
							"pivot": [1.85177, 33.1018, -8.92595],
							"rotation": [12.5, -5, 0],
							"uv": {
								"north": {"uv": [6.85714, 3.63636], "uv_size": [0, 0]},
								"east": {"uv": [6.85714, 3.63636], "uv_size": [0, 0]},
								"south": {"uv": [6.85714, 3.63636], "uv_size": [0, 0]},
								"west": {"uv": [6.85714, 3.63636], "uv_size": [0, 0]},
								"up": {"uv": [6.85714, 3.63636], "uv_size": [0, 0]},
								"down": {"uv": [6.85714, 3.63636], "uv_size": [0, 0]}
							}
						},
						{
							"origin": [3.0058, -0.11996, -11.85613],
							"size": [0.38403, 0.78954, 1.00034],
							"pivot": [1.85177, 33.1018, -8.92595],
							"rotation": [12.5, -5, 0],
							"uv": {
								"north": {"uv": [6.85714, 3.63636], "uv_size": [0, 0]},
								"east": {"uv": [6.85714, 3.63636], "uv_size": [0, 0]},
								"south": {"uv": [6.85714, 3.63636], "uv_size": [0, 0]},
								"west": {"uv": [6.85714, 3.63636], "uv_size": [0, 0]},
								"up": {"uv": [6.85714, 3.63636], "uv_size": [0, 0]},
								"down": {"uv": [6.85714, 3.63636], "uv_size": [0, 0]}
							}
						},
						{
							"origin": [4.3258, -0.11996, -11.85613],
							"size": [0.38403, 0.78954, 1.00034],
							"pivot": [1.85177, 33.1018, -8.92595],
							"rotation": [12.5, -5, 0],
							"uv": {
								"north": {"uv": [6.85714, 3.63636], "uv_size": [0, 0]},
								"east": {"uv": [6.85714, 3.63636], "uv_size": [0, 0]},
								"south": {"uv": [6.85714, 3.63636], "uv_size": [0, 0]},
								"west": {"uv": [6.85714, 3.63636], "uv_size": [0, 0]},
								"up": {"uv": [6.85714, 3.63636], "uv_size": [0, 0]},
								"down": {"uv": [6.85714, 3.63636], "uv_size": [0, 0]}
							}
						},
						{
							"origin": [3.6658, -0.11996, -11.85613],
							"size": [0.38403, 0.78954, 1.00034],
							"pivot": [1.85177, 33.1018, -8.92595],
							"rotation": [12.5, -5, 0],
							"uv": {
								"north": {"uv": [6.85714, 3.63636], "uv_size": [0, 0]},
								"east": {"uv": [6.85714, 3.63636], "uv_size": [0, 0]},
								"south": {"uv": [6.85714, 3.63636], "uv_size": [0, 0]},
								"west": {"uv": [6.85714, 3.63636], "uv_size": [0, 0]},
								"up": {"uv": [6.85714, 3.63636], "uv_size": [0, 0]},
								"down": {"uv": [6.85714, 3.63636], "uv_size": [0, 0]}
							}
						},
						{
							"origin": [1.72491, -0.08397, -6.05177],
							"size": [0.38403, 0.45954, 1.74284],
							"pivot": [1.23088, 33.13779, -1.82909],
							"rotation": [0, -5, 0],
							"uv": {
								"north": {"uv": [6.85714, 3.63636], "uv_size": [0, 0]},
								"east": {"uv": [6.85714, 3.63636], "uv_size": [0, 0]},
								"south": {"uv": [6.85714, 3.63636], "uv_size": [0, 0]},
								"west": {"uv": [6.85714, 3.63636], "uv_size": [0, 0]},
								"up": {"uv": [6.85714, 3.63636], "uv_size": [0, 0]},
								"down": {"uv": [6.85714, 3.63636], "uv_size": [0, 0]}
							}
						},
						{
							"origin": [2.27934, -0.08397, -5.22677],
							"size": [0.60403, 0.67954, 0.91784],
							"pivot": [1.23088, 33.13779, -1.82909],
							"rotation": [0, -5, 0],
							"uv": {
								"north": {"uv": [6.85714, 3.63636], "uv_size": [0, 0]},
								"east": {"uv": [6.85714, 3.63636], "uv_size": [0, 0]},
								"south": {"uv": [6.85714, 3.63636], "uv_size": [0, 0]},
								"west": {"uv": [6.85714, 3.63636], "uv_size": [0, 0]},
								"up": {"uv": [6.85714, 3.63636], "uv_size": [0, 0]},
								"down": {"uv": [6.85714, 3.63636], "uv_size": [0, 0]}
							}
						},
						{
							"origin": [2.38934, -0.08397, -6.05177],
							"size": [0.38403, 0.45954, 1.74284],
							"pivot": [1.23088, 33.13779, -1.82909],
							"rotation": [0, -5, 0],
							"uv": {
								"north": {"uv": [6.85714, 3.63636], "uv_size": [0, 0]},
								"east": {"uv": [6.85714, 3.63636], "uv_size": [0, 0]},
								"south": {"uv": [6.85714, 3.63636], "uv_size": [0, 0]},
								"west": {"uv": [6.85714, 3.63636], "uv_size": [0, 0]},
								"up": {"uv": [6.85714, 3.63636], "uv_size": [0, 0]},
								"down": {"uv": [6.85714, 3.63636], "uv_size": [0, 0]}
							}
						},
						{
							"origin": [3.63842, -0.08397, -5.22677],
							"size": [0.60403, 0.67954, 0.91784],
							"pivot": [1.23088, 33.13779, -1.82909],
							"rotation": [0, -5, 0],
							"uv": {
								"north": {"uv": [6.85714, 3.63636], "uv_size": [0, 0]},
								"east": {"uv": [6.85714, 3.63636], "uv_size": [0, 0]},
								"south": {"uv": [6.85714, 3.63636], "uv_size": [0, 0]},
								"west": {"uv": [6.85714, 3.63636], "uv_size": [0, 0]},
								"up": {"uv": [6.85714, 3.63636], "uv_size": [0, 0]},
								"down": {"uv": [6.85714, 3.63636], "uv_size": [0, 0]}
							}
						},
						{
							"origin": [3.74842, -0.08397, -6.05177],
							"size": [0.38403, 0.45954, 1.74284],
							"pivot": [1.23088, 33.13779, -1.82909],
							"rotation": [0, -5, 0],
							"uv": {
								"north": {"uv": [6.85714, 3.63636], "uv_size": [0, 0]},
								"east": {"uv": [6.85714, 3.63636], "uv_size": [0, 0]},
								"south": {"uv": [6.85714, 3.63636], "uv_size": [0, 0]},
								"west": {"uv": [6.85714, 3.63636], "uv_size": [0, 0]},
								"up": {"uv": [6.85714, 3.63636], "uv_size": [0, 0]},
								"down": {"uv": [6.85714, 3.63636], "uv_size": [0, 0]}
							}
						},
						{
							"origin": [2.97398, -0.08397, -5.22677],
							"size": [0.60403, 0.67954, 0.91784],
							"pivot": [1.23088, 33.13779, -1.82909],
							"rotation": [0, -5, 0],
							"uv": {
								"north": {"uv": [6.85714, 3.63636], "uv_size": [0, 0]},
								"east": {"uv": [6.85714, 3.63636], "uv_size": [0, 0]},
								"south": {"uv": [6.85714, 3.63636], "uv_size": [0, 0]},
								"west": {"uv": [6.85714, 3.63636], "uv_size": [0, 0]},
								"up": {"uv": [6.85714, 3.63636], "uv_size": [0, 0]},
								"down": {"uv": [6.85714, 3.63636], "uv_size": [0, 0]}
							}
						},
						{
							"origin": [3.08398, -0.08397, -6.05177],
							"size": [0.38403, 0.45954, 1.74284],
							"pivot": [1.23088, 33.13779, -1.82909],
							"rotation": [0, -5, 0],
							"uv": {
								"north": {"uv": [6.85714, 3.63636], "uv_size": [0, 0]},
								"east": {"uv": [6.85714, 3.63636], "uv_size": [0, 0]},
								"south": {"uv": [6.85714, 3.63636], "uv_size": [0, 0]},
								"west": {"uv": [6.85714, 3.63636], "uv_size": [0, 0]},
								"up": {"uv": [6.85714, 3.63636], "uv_size": [0, 0]},
								"down": {"uv": [6.85714, 3.63636], "uv_size": [0, 0]}
							}
						}
					]
				},
				{
					"name": "body",
					"parent": "root",
					"pivot": [0, 21.05, 0]
				},
				{
					"name": "bone13",
					"parent": "body",
					"pivot": [-0.23055, 31.98145, 0],
					"cubes": [
						{
							"origin": [1.41774, 20.63152, -2.24],
							"size": [2.432, 1, 5.068],
							"pivot": [-0.21226, 25.46152, 0],
							"rotation": [0, 0, -5],
							"uv": {
								"north": {"uv": [7.16883, 3.01299], "uv_size": [0, 0]},
								"east": {"uv": [7.16883, 3.01299], "uv_size": [0, 0]},
								"south": {"uv": [7.16883, 3.01299], "uv_size": [0, 0]},
								"west": {"uv": [7.16883, 3.01299], "uv_size": [0, 0]},
								"up": {"uv": [7.16883, 3.01299], "uv_size": [0, 0]},
								"down": {"uv": [7.16883, 3.01299], "uv_size": [0, 0]}
							}
						},
						{
							"origin": [-0.80889, 18.53438, -2.24],
							"size": [1.432, 1, 5.068],
							"pivot": [-3.43889, 23.36438, 0],
							"rotation": [0, 0, -27.5],
							"uv": {
								"north": {"uv": [7.16883, 3.01299], "uv_size": [0, 0]},
								"east": {"uv": [7.16883, 3.01299], "uv_size": [0, 0]},
								"south": {"uv": [7.16883, 3.01299], "uv_size": [0, 0]},
								"west": {"uv": [7.16883, 3.01299], "uv_size": [0, 0]},
								"up": {"uv": [7.16883, 3.01299], "uv_size": [0, 0]},
								"down": {"uv": [7.16883, 3.01299], "uv_size": [0, 0]}
							}
						},
						{
							"origin": [-3.84974, 20.63152, -2.24],
							"size": [2.432, 1, 5.068],
							"pivot": [0.21226, 25.46152, 0],
							"rotation": [0, 0, 5],
							"uv": {
								"north": {"uv": [7.16883, 3.01299], "uv_size": [0, 0]},
								"east": {"uv": [7.16883, 3.01299], "uv_size": [0, 0]},
								"south": {"uv": [7.16883, 3.01299], "uv_size": [0, 0]},
								"west": {"uv": [7.16883, 3.01299], "uv_size": [0, 0]},
								"up": {"uv": [7.16883, 3.01299], "uv_size": [0, 0]},
								"down": {"uv": [7.16883, 3.01299], "uv_size": [0, 0]}
							}
						},
						{
							"origin": [-0.62311, 18.53438, -2.24],
							"size": [1.432, 1, 5.068],
							"pivot": [3.43889, 23.36438, 0],
							"rotation": [0, 0, 27.5],
							"uv": {
								"north": {"uv": [7.16883, 3.01299], "uv_size": [0, 0]},
								"east": {"uv": [7.16883, 3.01299], "uv_size": [0, 0]},
								"south": {"uv": [7.16883, 3.01299], "uv_size": [0, 0]},
								"west": {"uv": [7.16883, 3.01299], "uv_size": [0, 0]},
								"up": {"uv": [7.16883, 3.01299], "uv_size": [0, 0]},
								"down": {"uv": [7.16883, 3.01299], "uv_size": [0, 0]}
							}
						},
						{
							"origin": [0.67649, 15.85302, -2.458],
							"size": [2.4684, 5.4, 0.4316],
							"pivot": [1.50089, 26.74902, 0.3],
							"rotation": [0, 0, 7.5],
							"uv": {
								"north": {"uv": [7.16883, 3.01299], "uv_size": [0, 0]},
								"east": {"uv": [7.16883, 3.01299], "uv_size": [0, 0]},
								"south": {"uv": [7.16883, 3.01299], "uv_size": [0, 0]},
								"west": {"uv": [7.16883, 3.01299], "uv_size": [0, 0]},
								"up": {"uv": [7.16883, 3.01299], "uv_size": [0, 0]},
								"down": {"uv": [7.16883, 3.01299], "uv_size": [0, 0]}
							}
						},
						{
							"origin": [-2.41495, 21.08545, -2.458],
							"size": [4.8284, 0.6, 0.4316],
							"uv": {
								"north": {"uv": [7.16883, 3.01299], "uv_size": [0, 0]},
								"east": {"uv": [7.16883, 3.01299], "uv_size": [0, 0]},
								"south": {"uv": [7.16883, 3.01299], "uv_size": [0, 0]},
								"west": {"uv": [7.16883, 3.01299], "uv_size": [0, 0]},
								"up": {"uv": [7.16883, 3.01299], "uv_size": [0, 0]},
								"down": {"uv": [7.16883, 3.01299], "uv_size": [0, 0]}
							}
						},
						{
							"origin": [-0.03979, 9.64165, -2.458],
							"size": [1.7484, 7.09, 0.4316],
							"uv": {
								"north": {"uv": [7.16883, 3.01299], "uv_size": [0, 0]},
								"east": {"uv": [7.16883, 3.01299], "uv_size": [0, 0]},
								"south": {"uv": [7.16883, 3.01299], "uv_size": [0, 0]},
								"west": {"uv": [7.16883, 3.01299], "uv_size": [0, 0]},
								"up": {"uv": [7.16883, 3.01299], "uv_size": [0, 0]},
								"down": {"uv": [7.16883, 3.01299], "uv_size": [0, 0]}
							}
						},
						{
							"origin": [-1.70861, 9.64165, -2.458],
							"size": [1.7484, 7.09, 0.4316],
							"uv": {
								"north": {"uv": [7.16883, 3.01299], "uv_size": [0, 0]},
								"east": {"uv": [7.16883, 3.01299], "uv_size": [0, 0]},
								"south": {"uv": [7.16883, 3.01299], "uv_size": [0, 0]},
								"west": {"uv": [7.16883, 3.01299], "uv_size": [0, 0]},
								"up": {"uv": [7.16883, 3.01299], "uv_size": [0, 0]},
								"down": {"uv": [7.16883, 3.01299], "uv_size": [0, 0]}
							}
						},
						{
							"origin": [-3.14489, 15.85302, -2.458],
							"size": [2.4684, 5.4, 0.4316],
							"pivot": [-1.50089, 26.74902, 0.3],
							"rotation": [0, 0, -7.5],
							"uv": {
								"north": {"uv": [7.16883, 3.01299], "uv_size": [0, 0]},
								"east": {"uv": [7.16883, 3.01299], "uv_size": [0, 0]},
								"south": {"uv": [7.16883, 3.01299], "uv_size": [0, 0]},
								"west": {"uv": [7.16883, 3.01299], "uv_size": [0, 0]},
								"up": {"uv": [7.16883, 3.01299], "uv_size": [0, 0]},
								"down": {"uv": [7.16883, 3.01299], "uv_size": [0, 0]}
							}
						},
						{
							"origin": [-1.41495, 18.78545, -2.283],
							"size": [2.8284, 2.9, 5.2066],
							"uv": {
								"north": {"uv": [7.16883, 3.01299], "uv_size": [0, 0]},
								"east": {"uv": [7.16883, 3.01299], "uv_size": [0, 0]},
								"south": {"uv": [7.16883, 3.01299], "uv_size": [0, 0]},
								"west": {"uv": [7.16883, 3.01299], "uv_size": [0, 0]},
								"up": {"uv": [7.16883, 3.01299], "uv_size": [0, 0]},
								"down": {"uv": [7.16883, 3.01299], "uv_size": [0, 0]}
							}
						}
					]
				}
			]
		}
	]
}