{
	"format_version": "1.12.0",
	"minecraft:geometry": [
		{
			"description": {
				"identifier": "geometry.tokyu_jurei_1",
				"texture_width": 16,
				"texture_height": 16,
				"visible_bounds_width": 4,
				"visible_bounds_height": 4.5,
				"visible_bounds_offset": [0, 1.75, 0]
			},
			"bones": [
				{
					"name": "root",
					"pivot": [0, 1.25, 0]
				},
				{
					"name": "head",
					"parent": "root",
					"pivot": [0, 33.05, 0],
					"cubes": [
						{
							"origin": [-2.656, 32.83, -2.41],
							"size": [5.36, 5.11, 5.06],
							"uv": {
								"north": {"uv": [8.55885, 0.31169], "uv_size": [3.67519, 3.82064]},
								"east": {"uv": [16.21053, 0.31579], "uv_size": [-3.78947, 3.78947]},
								"south": {"uv": [0, 5.47368], "uv_size": [1.15789, 1.05263]},
								"west": {"uv": [12.42105, 0.31579], "uv_size": [3.78947, 3.78947]},
								"up": {"uv": [12.23404, 0.31169], "uv_size": [-3.67519, 1.0838]},
								"down": {"uv": [2.52632, 6.73684], "uv_size": [1.15789, -1.05263]}
							}
						},
						{
							"origin": [-2.406, 32.83, -2.16],
							"size": [4.86, 5.61, 4.56],
							"uv": {
								"north": {"uv": [8.63158, 0.31579], "uv_size": [3.78947, 3.78947]},
								"east": {"uv": [16.21053, 0.31579], "uv_size": [-3.78947, 3.78947]},
								"south": {"uv": [8.73684, 0.31579], "uv_size": [3.57895, 1.05263]},
								"west": {"uv": [12.42105, 0.31579], "uv_size": [3.78947, 3.78947]},
								"up": {"uv": [12.31579, 4.21053], "uv_size": [-3.68421, 3.68421]},
								"down": {"uv": [2.52632, 6.73684], "uv_size": [1.15789, -1.05263]}
							}
						}
					]
				},
				{
					"name": "head2",
					"parent": "head",
					"pivot": [0, 37.55, 2.5]
				},
				{
					"name": "bone2",
					"parent": "head2",
					"pivot": [-3.74051, 34.0179, 2.86988],
					"rotation": [-47.5, 0, 0],
					"cubes": [
						{
							"origin": [-4.77129, 37.28545, 3.21041],
							"size": [2.07762, 0.98427, 0.98427],
							"pivot": [-3.74051, 34.0179, 2.86988],
							"rotation": [0, 0, 90],
							"uv": {
								"north": {"uv": [6.94737, 0.84211], "uv_size": [0, 0]},
								"east": {"uv": [6.94737, 0.84211], "uv_size": [0, 0]},
								"south": {"uv": [6.94737, 0.84211], "uv_size": [0, 0]},
								"west": {"uv": [6.94737, 0.84211], "uv_size": [0, 0]},
								"up": {"uv": [6.94737, 0.84211], "uv_size": [0, 0]},
								"down": {"uv": [6.94737, 0.84211], "uv_size": [0, 0]}
							}
						},
						{
							"origin": [-2.65044, 37.28545, 3.02345],
							"size": [1.0415, 0.98427, 0.98427],
							"pivot": [-3.74051, 34.0179, 2.86988],
							"rotation": [0, -10, 90],
							"uv": {
								"north": {"uv": [6.94737, 0.84211], "uv_size": [0, 0]},
								"east": {"uv": [6.94737, 0.84211], "uv_size": [0, 0]},
								"south": {"uv": [6.94737, 0.84211], "uv_size": [0, 0]},
								"west": {"uv": [6.94737, 0.84211], "uv_size": [0, 0]},
								"up": {"uv": [6.94737, 0.84211], "uv_size": [0, 0]},
								"down": {"uv": [6.94737, 0.84211], "uv_size": [0, 0]}
							}
						}
					]
				},
				{
					"name": "bone3",
					"parent": "head2",
					"pivot": [0, 34.71823, 4.02363],
					"cubes": [
						{
							"origin": [7.26071, 29.0187, 6.50722],
							"size": [3.3305, 0.69815, 0.64092],
							"pivot": [0, 22.71823, 0.02363],
							"rotation": [6.88003, 16.1299, -49.02397],
							"uv": {
								"north": {"uv": [6.84211, 3.47368], "uv_size": [0, 0]},
								"east": {"uv": [6.84211, 3.47368], "uv_size": [0, 0]},
								"south": {"uv": [6.84211, 3.47368], "uv_size": [0, 0]},
								"west": {"uv": [6.84211, 3.47368], "uv_size": [0, 0]},
								"up": {"uv": [6.84211, 3.47368], "uv_size": [0, 0]},
								"down": {"uv": [6.84211, 3.47368], "uv_size": [0, 0]}
							}
						},
						{
							"origin": [9.37803, 25.98577, 6.59306],
							"size": [3.90275, 0.69815, 0.64092],
							"pivot": [0, 22.71823, 0.02363],
							"rotation": [0, 17.5, -72.5],
							"uv": {
								"north": {"uv": [6.84211, 3.47368], "uv_size": [0, 0]},
								"east": {"uv": [6.84211, 3.47368], "uv_size": [0, 0]},
								"south": {"uv": [6.84211, 3.47368], "uv_size": [0, 0]},
								"west": {"uv": [6.84211, 3.47368], "uv_size": [0, 0]},
								"up": {"uv": [6.84211, 3.47368], "uv_size": [0, 0]},
								"down": {"uv": [6.84211, 3.47368], "uv_size": [0, 0]}
							}
						},
						{
							"origin": [-13.28078, 25.98577, 6.59306],
							"size": [3.90275, 0.69815, 0.64092],
							"pivot": [0, 22.71823, 0.02363],
							"rotation": [0, -17.5, 72.5],
							"uv": {
								"north": {"uv": [6.84211, 3.47368], "uv_size": [0, 0]},
								"east": {"uv": [6.84211, 3.47368], "uv_size": [0, 0]},
								"south": {"uv": [6.84211, 3.47368], "uv_size": [0, 0]},
								"west": {"uv": [6.84211, 3.47368], "uv_size": [0, 0]},
								"up": {"uv": [6.84211, 3.47368], "uv_size": [0, 0]},
								"down": {"uv": [6.84211, 3.47368], "uv_size": [0, 0]}
							}
						},
						{
							"origin": [-10.5912, 29.0187, 6.50722],
							"size": [3.3305, 0.69815, 0.64092],
							"pivot": [0, 22.71823, 0.02363],
							"rotation": [6.88003, -16.1299, 49.02397],
							"uv": {
								"north": {"uv": [6.84211, 3.47368], "uv_size": [0, 0]},
								"east": {"uv": [6.84211, 3.47368], "uv_size": [0, 0]},
								"south": {"uv": [6.84211, 3.47368], "uv_size": [0, 0]},
								"west": {"uv": [6.84211, 3.47368], "uv_size": [0, 0]},
								"up": {"uv": [6.84211, 3.47368], "uv_size": [0, 0]},
								"down": {"uv": [6.84211, 3.47368], "uv_size": [0, 0]}
							}
						}
					]
				},
				{
					"name": "body",
					"parent": "root",
					"pivot": [0, 21.05, 0],
					"cubes": [
						{
							"origin": [-3.04821, 29.38356, -1.35],
							"size": [4.2, 3.6, 2.68],
							"pivot": [-0.28821, 24.34356, -0.3],
							"rotation": [0, 0, 20],
							"uv": {
								"north": {"uv": [4.21053, 2.10526], "uv_size": [-2.10526, 2.10526]},
								"east": {"uv": [2.10526, 2.10526], "uv_size": [2.10526, 2.10526]},
								"south": {"uv": [2.10526, 2.10526], "uv_size": [2.10526, 2.10526]},
								"west": {"uv": [2.10526, 2.10526], "uv_size": [2.10526, 2.10526]},
								"up": {"uv": [4.21053, 4.21053], "uv_size": [-2.10526, -2.10526]},
								"down": {"uv": [4.21053, 4.21053], "uv_size": [-2.10526, -2.10526]}
							}
						},
						{
							"origin": [-1.15179, 29.38356, -1.35],
							"size": [4.2, 3.6, 2.68],
							"pivot": [0.28821, 24.34356, -0.3],
							"rotation": [0, 0, -20],
							"uv": {
								"north": {"uv": [2.10526, 2.10526], "uv_size": [2.10526, 2.10526]},
								"east": {"uv": [2.10526, 2.10526], "uv_size": [2.10526, 2.10526]},
								"south": {"uv": [2.10526, 2.10526], "uv_size": [2.10526, 2.10526]},
								"west": {"uv": [2.10526, 2.10526], "uv_size": [2.10526, 2.10526]},
								"up": {"uv": [4.21053, 4.21053], "uv_size": [-2.10526, -2.10526]},
								"down": {"uv": [4.21053, 4.21053], "uv_size": [-2.10526, -2.10526]}
							}
						},
						{
							"origin": [-4.032, 27.17, -2.14],
							"size": [8.052, 4.8, 4.45],
							"uv": {
								"north": {"uv": [0, 0], "uv_size": [0, 0]},
								"east": {"uv": [0, 0], "uv_size": [0, 0]},
								"south": {"uv": [0, 0], "uv_size": [0, 0]},
								"west": {"uv": [0, 0], "uv_size": [0, 0]},
								"up": {"uv": [0, 0], "uv_size": [0, 0]},
								"down": {"uv": [0, 0], "uv_size": [0, 0]}
							}
						},
						{
							"origin": [-4.152, 27.41, -2.38],
							"size": [3.732, 3.84, 3.34],
							"uv": {
								"north": {"uv": [2, 3.15789], "uv_size": [2.10526, 2.10526]},
								"east": {"uv": [2, 3.15789], "uv_size": [2.10526, 2.10526]},
								"south": {"uv": [2, 3.15789], "uv_size": [2.10526, 2.10526]},
								"west": {"uv": [2, 3.15789], "uv_size": [2.10526, 2.10526]},
								"up": {"uv": [4.10526, 5.26316], "uv_size": [-2.10526, -2.10526]},
								"down": {"uv": [4.10526, 5.26316], "uv_size": [-2.10526, -2.10526]}
							}
						},
						{
							"origin": [-5.03185, 27.44684, -2.38],
							"size": [3.732, 1.2, 3.34],
							"pivot": [-0.99985, 24.08684, -0.5],
							"rotation": [0, 0, 15],
							"uv": {
								"north": {"uv": [16.84211, 2.52632], "uv_size": [0.73684, 0.21053]},
								"east": {"uv": [16.84211, 2.73684], "uv_size": [0.73684, 0.21053]},
								"south": {"uv": [16.84211, 2.94737], "uv_size": [0.73684, 0.21053]},
								"west": {"uv": [16.84211, 3.15789], "uv_size": [0.73684, 0.21053]},
								"up": {"uv": [12.42105, 5.68421], "uv_size": [0.73684, 0.73684]},
								"down": {"uv": [12.42105, 9.15789], "uv_size": [0.73684, -0.73684]}
							}
						},
						{
							"origin": [-3.54972, 28.60804, -2.38],
							"size": [3.732, 2.7, 3.34],
							"pivot": [0.48228, 25.24804, -0.5],
							"rotation": [0, 0, -5],
							"uv": {
								"north": {"uv": [2.31579, 3.15789], "uv_size": [1.78947, 1.26316]},
								"east": {"uv": [2, 3.15789], "uv_size": [2.10526, 2.10526]},
								"south": {"uv": [2, 3.15789], "uv_size": [2.10526, 2.10526]},
								"west": {"uv": [2, 3.15789], "uv_size": [2.10526, 2.10526]},
								"up": {"uv": [4.10526, 5.26316], "uv_size": [-2.10526, -2.10526]},
								"down": {"uv": [4.10526, 5.26316], "uv_size": [-2.10526, -2.10526]}
							}
						},
						{
							"origin": [1.29985, 27.44684, -2.38],
							"size": [3.732, 1.2, 3.34],
							"pivot": [0.99985, 24.08684, -0.5],
							"rotation": [0, 0, -15],
							"uv": {
								"north": {"uv": [17.57895, 2.52632], "uv_size": [-0.73684, 0.21053]},
								"east": {"uv": [17.57895, 3.15789], "uv_size": [-0.73684, 0.21053]},
								"south": {"uv": [17.57895, 2.94737], "uv_size": [-0.73684, 0.21053]},
								"west": {"uv": [17.57895, 2.73684], "uv_size": [-0.73684, 0.21053]},
								"up": {"uv": [13.15789, 5.68421], "uv_size": [-0.73684, 0.73684]},
								"down": {"uv": [13.15789, 9.15789], "uv_size": [-0.73684, -0.73684]}
							}
						},
						{
							"origin": [-0.18228, 28.60804, -2.38],
							"size": [3.732, 2.7, 3.34],
							"pivot": [-0.48228, 25.24804, -0.5],
							"rotation": [0, 0, 5],
							"uv": {
								"north": {"uv": [4.10526, 3.15789], "uv_size": [-1.78947, 1.26316]},
								"east": {"uv": [4.10526, 3.15789], "uv_size": [-2.10526, 2.10526]},
								"south": {"uv": [4.10526, 3.15789], "uv_size": [-2.10526, 2.10526]},
								"west": {"uv": [4.10526, 3.15789], "uv_size": [-2.10526, 2.10526]},
								"up": {"uv": [2, 5.26316], "uv_size": [2.10526, -2.10526]},
								"down": {"uv": [2, 5.26316], "uv_size": [2.10526, -2.10526]}
							}
						},
						{
							"origin": [0.42, 27.41, -2.38],
							"size": [3.732, 3.84, 3.34],
							"uv": {
								"north": {"uv": [4.10526, 3.15789], "uv_size": [-2.10526, 2.10526]},
								"east": {"uv": [4.10526, 3.15789], "uv_size": [-2.10526, 2.10526]},
								"south": {"uv": [4.10526, 3.15789], "uv_size": [-2.10526, 2.10526]},
								"west": {"uv": [4.10526, 3.15789], "uv_size": [-2.10526, 2.10526]},
								"up": {"uv": [2, 5.26316], "uv_size": [2.10526, -2.10526]},
								"down": {"uv": [2, 5.26316], "uv_size": [2.10526, -2.10526]}
							}
						},
						{
							"origin": [-3.97298, 27.51921, -1.88],
							"size": [0.348, 3.78, 3.34],
							"pivot": [-3.32498, 25.23921, 0],
							"rotation": [0, 0, -5],
							"uv": {
								"north": {"uv": [5.26316, 17.26316], "uv_size": [0.10526, 0.84211]},
								"east": {"uv": [6.94737, 10.94737], "uv_size": [0.73684, 0.84211]},
								"south": {"uv": [7.36842, 17.26316], "uv_size": [0.10526, 0.84211]},
								"west": {"uv": [10.94737, 7.57895], "uv_size": [0.73684, 0.84211]},
								"up": {"uv": [17.47368, 0.63158], "uv_size": [0.10526, 0.73684]},
								"down": {"uv": [4.63158, 18.21053], "uv_size": [0.10526, -0.73684]}
							}
						},
						{
							"origin": [3.62498, 27.51921, -1.88],
							"size": [0.348, 3.78, 3.34],
							"pivot": [3.32498, 25.23921, 0],
							"rotation": [0, 0, 5],
							"uv": {
								"north": {"uv": [7.57895, 17.26316], "uv_size": [0.10526, 0.84211]},
								"east": {"uv": [4.82023, 4.6972], "uv_size": [0.73684, 0.84211]},
								"south": {"uv": [7.78947, 17.26316], "uv_size": [0.10526, 0.84211]},
								"west": {"uv": [4.82023, 5.53931], "uv_size": [0.73684, 0.84211]},
								"up": {"uv": [4.84211, 17.47368], "uv_size": [0.10526, 0.73684]},
								"down": {"uv": [5.05263, 18.21053], "uv_size": [0.10526, -0.73684]}
							}
						},
						{
							"origin": [-2.00885, 26.11057, -2.26],
							"size": [0.372, 1.56, 2.54],
							"pivot": [-1.27685, 24.07057, -0.5],
							"rotation": [0, 0, -10],
							"uv": {
								"north": {"uv": [2.10526, 3.15789], "uv_size": [2.10526, 2.10526]},
								"east": {"uv": [2.10526, 3.15789], "uv_size": [2.10526, 2.10526]},
								"south": {"uv": [2.10526, 3.15789], "uv_size": [2.10526, 2.10526]},
								"west": {"uv": [2.10526, 3.15789], "uv_size": [2.10526, 2.10526]},
								"up": {"uv": [4.21053, 5.26316], "uv_size": [-2.10526, -2.10526]},
								"down": {"uv": [4.21053, 5.26316], "uv_size": [-2.10526, -2.10526]}
							}
						},
						{
							"origin": [-2.232, 26.09, -2.285],
							"size": [2.172, 1.56, 2.565],
							"uv": {
								"north": {"uv": [2.10526, 5.26316], "uv_size": [2.10526, -2.10526]},
								"east": {"uv": [2.10526, 3.15789], "uv_size": [2.10526, 2.10526]},
								"south": {"uv": [2.10526, 3.15789], "uv_size": [2.10526, 2.10526]},
								"west": {"uv": [2.10526, 3.15789], "uv_size": [2.10526, 2.10526]},
								"up": {"uv": [4.21053, 5.26316], "uv_size": [-2.10526, -2.10526]},
								"down": {"uv": [4.21053, 5.26316], "uv_size": [-2.10526, -2.10526]}
							}
						},
						{
							"origin": [-0.49685, 26.11057, -2.26],
							"size": [0.792, 0.18, 2.54],
							"pivot": [0.23515, 24.07057, -0.5],
							"rotation": [0, 0, -10],
							"uv": {
								"north": {"uv": [2.10526, 3.15789], "uv_size": [2.10526, 2.10526]},
								"east": {"uv": [2.10526, 3.15789], "uv_size": [2.10526, 2.10526]},
								"south": {"uv": [2.10526, 3.15789], "uv_size": [2.10526, 2.10526]},
								"west": {"uv": [2.10526, 3.15789], "uv_size": [2.10526, 2.10526]},
								"up": {"uv": [4.21053, 5.26316], "uv_size": [-2.10526, -2.10526]},
								"down": {"uv": [4.21053, 5.26316], "uv_size": [-2.10526, -2.10526]}
							}
						},
						{
							"origin": [-2.35197, 25.95247, -2.26],
							"size": [1.512, 0.18, 2.54],
							"uv": {
								"north": {"uv": [2.10526, 3.15789], "uv_size": [2.10526, 2.10526]},
								"east": {"uv": [2.10526, 3.15789], "uv_size": [2.10526, 2.10526]},
								"south": {"uv": [2.10526, 3.15789], "uv_size": [2.10526, 2.10526]},
								"west": {"uv": [2.10526, 3.15789], "uv_size": [2.10526, 2.10526]},
								"up": {"uv": [4.21053, 5.26316], "uv_size": [-2.10526, -2.10526]},
								"down": {"uv": [4.21053, 5.26316], "uv_size": [-2.10526, -2.10526]}
							}
						},
						{
							"origin": [1.63685, 26.11057, -2.26],
							"size": [0.372, 1.56, 2.54],
							"pivot": [1.27685, 24.07057, -0.5],
							"rotation": [0, 0, 10],
							"uv": {
								"north": {"uv": [4.21053, 3.15789], "uv_size": [-2.10526, 2.10526]},
								"east": {"uv": [4.21053, 3.15789], "uv_size": [-2.10526, 2.10526]},
								"south": {"uv": [4.21053, 3.15789], "uv_size": [-2.10526, 2.10526]},
								"west": {"uv": [4.21053, 3.15789], "uv_size": [-2.10526, 2.10526]},
								"up": {"uv": [2.10526, 5.26316], "uv_size": [2.10526, -2.10526]},
								"down": {"uv": [2.10526, 5.26316], "uv_size": [2.10526, -2.10526]}
							}
						},
						{
							"origin": [0.06, 26.09, -2.285],
							"size": [2.172, 1.56, 2.565],
							"uv": {
								"north": {"uv": [4.21053, 5.26316], "uv_size": [-2.10526, -2.10526]},
								"east": {"uv": [4.21053, 3.15789], "uv_size": [-2.10526, 2.10526]},
								"south": {"uv": [4.21053, 3.15789], "uv_size": [-2.10526, 2.10526]},
								"west": {"uv": [4.21053, 3.15789], "uv_size": [-2.10526, 2.10526]},
								"up": {"uv": [2.10526, 5.26316], "uv_size": [2.10526, -2.10526]},
								"down": {"uv": [2.10526, 5.26316], "uv_size": [2.10526, -2.10526]}
							}
						},
						{
							"origin": [-0.29515, 26.11057, -2.26],
							"size": [0.792, 0.18, 2.54],
							"pivot": [-0.23515, 24.07057, -0.5],
							"rotation": [0, 0, 10],
							"uv": {
								"north": {"uv": [4.21053, 3.15789], "uv_size": [-2.10526, 2.10526]},
								"east": {"uv": [4.21053, 3.15789], "uv_size": [-2.10526, 2.10526]},
								"south": {"uv": [4.21053, 3.15789], "uv_size": [-2.10526, 2.10526]},
								"west": {"uv": [4.21053, 3.15789], "uv_size": [-2.10526, 2.10526]},
								"up": {"uv": [2.10526, 5.26316], "uv_size": [2.10526, -2.10526]},
								"down": {"uv": [2.10526, 5.26316], "uv_size": [2.10526, -2.10526]}
							}
						},
						{
							"origin": [0.83997, 25.95247, -2.26],
							"size": [1.512, 0.18, 2.54],
							"uv": {
								"north": {"uv": [4.21053, 3.15789], "uv_size": [-2.10526, 2.10526]},
								"east": {"uv": [4.21053, 3.15789], "uv_size": [-2.10526, 2.10526]},
								"south": {"uv": [4.21053, 3.15789], "uv_size": [-2.10526, 2.10526]},
								"west": {"uv": [4.21053, 3.15789], "uv_size": [-2.10526, 2.10526]},
								"up": {"uv": [2.10526, 5.26316], "uv_size": [2.10526, -2.10526]},
								"down": {"uv": [2.10526, 5.26316], "uv_size": [2.10526, -2.10526]}
							}
						},
						{
							"origin": [1.494, 26.252, -1.83],
							"size": [1.9548, 1.404, 3.538],
							"uv": {
								"north": {"uv": [6.52632, 16.84211], "uv_size": [0.42105, 0.31579]},
								"east": {"uv": [15.36842, 10.52632], "uv_size": [0.73684, 0.31579]},
								"south": {"uv": [16.84211, 7.15789], "uv_size": [0.42105, 0.31579]},
								"west": {"uv": [15.78947, 4.84211], "uv_size": [0.73684, 0.31579]},
								"up": {"uv": [1.47368, 15.15789], "uv_size": [0.42105, 0.73684]},
								"down": {"uv": [1.89474, 15.89474], "uv_size": [0.42105, -0.73684]}
							}
						},
						{
							"origin": [2.19597, 26.12822, -1.83],
							"size": [1.3608, 0.144, 3.538],
							"uv": {
								"north": {"uv": [17.89474, 4.84211], "uv_size": [0.31579, 0.10526]},
								"east": {"uv": [17.47368, 0], "uv_size": [0.73684, 0.10526]},
								"south": {"uv": [17.89474, 5.26316], "uv_size": [0.31579, 0.10526]},
								"west": {"uv": [17.47368, 0.21053], "uv_size": [0.73684, 0.10526]},
								"up": {"uv": [1.47368, 16], "uv_size": [0.31579, 0.73684]},
								"down": {"uv": [1.89474, 16.73684], "uv_size": [0.31579, -0.73684]}
							}
						},
						{
							"origin": [2.88316, 26.27052, -1.83],
							"size": [0.3648, 1.404, 3.538],
							"pivot": [2.58916, 24.43452, 0.054],
							"rotation": [0, 0, 10],
							"uv": {
								"north": {"uv": [4.42105, 17.89474], "uv_size": [0.10526, 0.31579]},
								"east": {"uv": [15.78947, 8.84211], "uv_size": [0.73684, 0.31579]},
								"south": {"uv": [5.47368, 17.89474], "uv_size": [0.10526, 0.31579]},
								"west": {"uv": [2.31579, 16], "uv_size": [0.73684, 0.31579]},
								"up": {"uv": [6.31579, 17.47368], "uv_size": [0.10526, 0.73684]},
								"down": {"uv": [6.52632, 18.21053], "uv_size": [0.10526, -0.73684]}
							}
						},
						{
							"origin": [-3.24796, 26.27052, -1.83],
							"size": [0.3648, 1.404, 3.538],
							"pivot": [-2.58916, 24.43452, 0.054],
							"rotation": [0, 0, -10],
							"uv": {
								"north": {"uv": [5.68421, 17.89474], "uv_size": [0.10526, 0.31579]},
								"east": {"uv": [3.15789, 16], "uv_size": [0.73684, 0.31579]},
								"south": {"uv": [5.89474, 17.89474], "uv_size": [0.10526, 0.31579]},
								"west": {"uv": [4, 16], "uv_size": [0.73684, 0.31579]},
								"up": {"uv": [6.73684, 17.47368], "uv_size": [0.10526, 0.73684]},
								"down": {"uv": [6.94737, 18.21053], "uv_size": [0.10526, -0.73684]}
							}
						},
						{
							"origin": [-3.55677, 26.12822, -1.83],
							"size": [1.3608, 0.144, 3.538],
							"uv": {
								"north": {"uv": [17.89474, 6.73684], "uv_size": [0.31579, 0.10526]},
								"east": {"uv": [17.47368, 4.21053], "uv_size": [0.73684, 0.10526]},
								"south": {"uv": [8, 17.89474], "uv_size": [0.31579, 0.10526]},
								"west": {"uv": [17.47368, 4.42105], "uv_size": [0.73684, 0.10526]},
								"up": {"uv": [5.05263, 16], "uv_size": [0.31579, 0.73684]},
								"down": {"uv": [6.52632, 16.73684], "uv_size": [0.31579, -0.73684]}
							}
						},
						{
							"origin": [-3.4488, 26.252, -1.83],
							"size": [1.9548, 1.404, 3.538],
							"uv": {
								"north": {"uv": [16.84211, 7.57895], "uv_size": [0.42105, 0.31579]},
								"east": {"uv": [16, 9.26316], "uv_size": [0.73684, 0.31579]},
								"south": {"uv": [16.84211, 8], "uv_size": [0.42105, 0.31579]},
								"west": {"uv": [16, 9.68421], "uv_size": [0.73684, 0.31579]},
								"up": {"uv": [2.31579, 15.15789], "uv_size": [0.42105, 0.73684]},
								"down": {"uv": [2.73684, 15.89474], "uv_size": [0.42105, -0.73684]}
							}
						},
						{
							"origin": [2.45791, 21.73477, -1.638],
							"size": [1.102, 1.02, 4.378],
							"pivot": [-0.40209, 24.13477, -0.498],
							"rotation": [0, 0, -7.5],
							"uv": {
								"north": {"uv": [6.84211, 0.10526], "uv_size": [1.47368, 1.47368]},
								"east": {"uv": [6.84211, 0.10526], "uv_size": [1.47368, 1.47368]},
								"south": {"uv": [6.84211, 0.10526], "uv_size": [1.47368, 1.47368]},
								"west": {"uv": [6.84211, 0.10526], "uv_size": [1.47368, 1.47368]},
								"up": {"uv": [8.31579, 1.57895], "uv_size": [-1.47368, -1.47368]},
								"down": {"uv": [8.31579, 1.57895], "uv_size": [-1.47368, -1.47368]}
							}
						},
						{
							"origin": [1.00782, 20.26643, -2.4082],
							"size": [1.068, 0.756, 2.628],
							"pivot": [-2.13618, 22.40243, -1.2682],
							"rotation": [0, 0, -27.5],
							"uv": {
								"north": {"uv": [6.84211, 0.10526], "uv_size": [1.47368, 1.47368]},
								"east": {"uv": [6.84211, 0.10526], "uv_size": [1.47368, 1.47368]},
								"south": {"uv": [6.84211, 0.10526], "uv_size": [1.47368, 1.47368]},
								"west": {"uv": [6.84211, 0.10526], "uv_size": [1.47368, 1.47368]},
								"up": {"uv": [8.31579, 1.57895], "uv_size": [-1.47368, -1.47368]},
								"down": {"uv": [8.31579, 1.57895], "uv_size": [-1.47368, -1.47368]}
							}
						},
						{
							"origin": [0.87077, 18.50099, -2.4082],
							"size": [0.768, 0.576, 2.628],
							"pivot": [-2.57323, 20.45699, -1.2682],
							"rotation": [0, 0, -47.5],
							"uv": {
								"north": {"uv": [6.84211, 0.10526], "uv_size": [1.47368, 1.47368]},
								"east": {"uv": [6.84211, 0.10526], "uv_size": [1.47368, 1.47368]},
								"south": {"uv": [6.84211, 0.10526], "uv_size": [1.47368, 1.47368]},
								"west": {"uv": [6.84211, 0.10526], "uv_size": [1.47368, 1.47368]},
								"up": {"uv": [8.31579, 1.57895], "uv_size": [-1.47368, -1.47368]},
								"down": {"uv": [8.31579, 1.57895], "uv_size": [-1.47368, -1.47368]}
							}
						},
						{
							"origin": [3.64704, 21.85841, 1.23101],
							"size": [1.102, 1.02, 1.668],
							"pivot": [0.28704, 24.25841, 1.41101],
							"rotation": [0, 62.5, -7.5],
							"uv": {
								"north": {"uv": [6.84211, 0.10526], "uv_size": [1.47368, 1.47368]},
								"east": {"uv": [6.84211, 0.10526], "uv_size": [1.47368, 1.47368]},
								"south": {"uv": [6.84211, 0.10526], "uv_size": [1.47368, 1.47368]},
								"west": {"uv": [6.84211, 0.10526], "uv_size": [1.47368, 1.47368]},
								"up": {"uv": [8.31579, 1.57895], "uv_size": [-1.47368, -1.47368]},
								"down": {"uv": [8.31579, 1.57895], "uv_size": [-1.47368, -1.47368]}
							}
						},
						{
							"origin": [-3.55991, 21.73477, -1.638],
							"size": [1.102, 1.02, 4.378],
							"pivot": [0.40209, 24.13477, -0.498],
							"rotation": [0, 0, 7.5],
							"uv": {
								"north": {"uv": [8.31579, 0.10526], "uv_size": [-1.47368, 1.47368]},
								"east": {"uv": [8.31579, 0.10526], "uv_size": [-1.47368, 1.47368]},
								"south": {"uv": [8.31579, 0.10526], "uv_size": [-1.47368, 1.47368]},
								"west": {"uv": [8.31579, 0.10526], "uv_size": [-1.47368, 1.47368]},
								"up": {"uv": [6.84211, 1.57895], "uv_size": [1.47368, -1.47368]},
								"down": {"uv": [6.84211, 1.57895], "uv_size": [1.47368, -1.47368]}
							}
						},
						{
							"origin": [-4.74904, 21.85841, 1.23101],
							"size": [1.102, 1.02, 1.668],
							"pivot": [-0.28704, 24.25841, 1.41101],
							"rotation": [0, -62.5, 7.5],
							"uv": {
								"north": {"uv": [8.31579, 0.10526], "uv_size": [-1.47368, 1.47368]},
								"east": {"uv": [8.31579, 0.10526], "uv_size": [-1.47368, 1.47368]},
								"south": {"uv": [8.31579, 0.10526], "uv_size": [-1.47368, 1.47368]},
								"west": {"uv": [8.31579, 0.10526], "uv_size": [-1.47368, 1.47368]},
								"up": {"uv": [6.84211, 1.57895], "uv_size": [1.47368, -1.47368]},
								"down": {"uv": [6.84211, 1.57895], "uv_size": [1.47368, -1.47368]}
							}
						},
						{
							"origin": [-2.07582, 20.26643, -2.4082],
							"size": [1.068, 0.756, 2.628],
							"pivot": [2.13618, 22.40243, -1.2682],
							"rotation": [0, 0, 27.5],
							"uv": {
								"north": {"uv": [8.31579, 0.10526], "uv_size": [-1.47368, 1.47368]},
								"east": {"uv": [8.31579, 0.10526], "uv_size": [-1.47368, 1.47368]},
								"south": {"uv": [8.31579, 0.10526], "uv_size": [-1.47368, 1.47368]},
								"west": {"uv": [8.31579, 0.10526], "uv_size": [-1.47368, 1.47368]},
								"up": {"uv": [6.84211, 1.57895], "uv_size": [1.47368, -1.47368]},
								"down": {"uv": [6.84211, 1.57895], "uv_size": [1.47368, -1.47368]}
							}
						},
						{
							"origin": [-1.63877, 18.50099, -2.4082],
							"size": [0.768, 0.576, 2.628],
							"pivot": [2.57323, 20.45699, -1.2682],
							"rotation": [0, 0, 47.5],
							"uv": {
								"north": {"uv": [8.31579, 0.10526], "uv_size": [-1.47368, 1.47368]},
								"east": {"uv": [8.31579, 0.10526], "uv_size": [-1.47368, 1.47368]},
								"south": {"uv": [8.31579, 0.10526], "uv_size": [-1.47368, 1.47368]},
								"west": {"uv": [8.31579, 0.10526], "uv_size": [-1.47368, 1.47368]},
								"up": {"uv": [6.84211, 1.57895], "uv_size": [1.47368, -1.47368]},
								"down": {"uv": [6.84211, 1.57895], "uv_size": [1.47368, -1.47368]}
							}
						},
						{
							"origin": [-0.66, 27.17, -1.59],
							"size": [1.38, 6.18, 3.16],
							"uv": {
								"north": {"uv": [0, 0], "uv_size": [0, 0]},
								"east": {"uv": [0, 0], "uv_size": [0, 0]},
								"south": {"uv": [0, 0], "uv_size": [0, 0]},
								"west": {"uv": [0, 0], "uv_size": [0, 0]},
								"up": {"uv": [0, 0], "uv_size": [0, 0]},
								"down": {"uv": [0, 0], "uv_size": [0, 0]}
							}
						},
						{
							"origin": [-15.59067, 20.59805, 1.91469],
							"size": [2.27183, 1.61375, 0.41202],
							"pivot": [-3.74051, 17.67385, -4.71196],
							"rotation": [0, 10, 90],
							"uv": {
								"north": {"uv": [6.84211, 3.47368], "uv_size": [0, 0]},
								"east": {"uv": [6.84211, 3.47368], "uv_size": [0, 0]},
								"south": {"uv": [6.84211, 3.47368], "uv_size": [0, 0]},
								"west": {"uv": [6.84211, 3.47368], "uv_size": [0, 0]},
								"up": {"uv": [6.84211, 3.47368], "uv_size": [0, 0]},
								"down": {"uv": [6.84211, 3.47368], "uv_size": [0, 0]}
							}
						},
						{
							"origin": [-17.02129, 20.31193, 1.91469],
							"size": [1.61375, 2.18599, 0.41202],
							"pivot": [-3.74051, 17.67385, -4.71196],
							"rotation": [0, 10, 90],
							"uv": {
								"north": {"uv": [6.84211, 3.47368], "uv_size": [0, 0]},
								"east": {"uv": [6.84211, 3.47368], "uv_size": [0, 0]},
								"south": {"uv": [6.84211, 3.47368], "uv_size": [0, 0]},
								"west": {"uv": [6.84211, 3.47368], "uv_size": [0, 0]},
								"up": {"uv": [6.84211, 3.47368], "uv_size": [0, 0]},
								"down": {"uv": [6.84211, 3.47368], "uv_size": [0, 0]}
							}
						},
						{
							"origin": [5.33275, 17.93806, -2.16239],
							"size": [2.61518, 0.98427, 0.41202],
							"pivot": [-6.99237, 14.09826, -8.78905],
							"rotation": [0, -25, -37.5],
							"uv": {
								"north": {"uv": [6.84211, 3.47368], "uv_size": [0, 0]},
								"east": {"uv": [6.84211, 3.47368], "uv_size": [0, 0]},
								"south": {"uv": [6.84211, 3.47368], "uv_size": [0, 0]},
								"west": {"uv": [6.84211, 3.47368], "uv_size": [0, 0]},
								"up": {"uv": [6.84211, 3.47368], "uv_size": [0, 0]},
								"down": {"uv": [6.84211, 3.47368], "uv_size": [0, 0]}
							}
						},
						{
							"origin": [4.01389, 16.75509, 3.49219],
							"size": [1.67097, 0.86982, 0.41202],
							"pivot": [-8.6832, 12.80085, -3.13446],
							"rotation": [0, 0, -37.5],
							"uv": {
								"north": {"uv": [6.84211, 3.47368], "uv_size": [0, 0]},
								"east": {"uv": [6.84211, 3.47368], "uv_size": [0, 0]},
								"south": {"uv": [6.84211, 3.47368], "uv_size": [0, 0]},
								"west": {"uv": [6.84211, 3.47368], "uv_size": [0, 0]},
								"up": {"uv": [6.84211, 3.47368], "uv_size": [0, 0]},
								"down": {"uv": [6.84211, 3.47368], "uv_size": [0, 0]}
							}
						},
						{
							"origin": [-7.94793, 17.93806, -2.16239],
							"size": [2.61518, 0.98427, 0.41202],
							"pivot": [6.99237, 14.09826, -8.78905],
							"rotation": [0, 25, 37.5],
							"uv": {
								"north": {"uv": [6.84211, 3.47368], "uv_size": [0, 0]},
								"east": {"uv": [6.84211, 3.47368], "uv_size": [0, 0]},
								"south": {"uv": [6.84211, 3.47368], "uv_size": [0, 0]},
								"west": {"uv": [6.84211, 3.47368], "uv_size": [0, 0]},
								"up": {"uv": [6.84211, 3.47368], "uv_size": [0, 0]},
								"down": {"uv": [6.84211, 3.47368], "uv_size": [0, 0]}
							}
						},
						{
							"origin": [-5.79931, 16.75509, 3.49219],
							"size": [1.78542, 0.86982, 0.41202],
							"pivot": [8.6832, 12.80085, -3.13446],
							"rotation": [0, 0, 37.5],
							"uv": {
								"north": {"uv": [6.84211, 3.47368], "uv_size": [0, 0]},
								"east": {"uv": [6.84211, 3.47368], "uv_size": [0, 0]},
								"south": {"uv": [6.84211, 3.47368], "uv_size": [0, 0]},
								"west": {"uv": [6.84211, 3.47368], "uv_size": [0, 0]},
								"up": {"uv": [6.84211, 3.47368], "uv_size": [0, 0]},
								"down": {"uv": [6.84211, 3.47368], "uv_size": [0, 0]}
							}
						},
						{
							"origin": [-16.56349, 15.79835, 3.37774],
							"size": [1.44207, 1.38485, 0.64092],
							"pivot": [-3.74051, 12.7597, -3.13446],
							"rotation": [0, 0, 90],
							"uv": {
								"north": {"uv": [6.94737, 0.84211], "uv_size": [0, 0]},
								"east": {"uv": [6.94737, 0.84211], "uv_size": [0, 0]},
								"south": {"uv": [6.94737, 0.84211], "uv_size": [0, 0]},
								"west": {"uv": [6.94737, 0.84211], "uv_size": [0, 0]},
								"up": {"uv": [6.94737, 0.84211], "uv_size": [0, 0]},
								"down": {"uv": [6.94737, 0.84211], "uv_size": [0, 0]}
							}
						},
						{
							"origin": [-17.02129, 15.9128, 3.49219],
							"size": [1.32762, 1.15595, 0.41202],
							"pivot": [-3.74051, 12.7597, -3.13446],
							"rotation": [0, 0, 90],
							"uv": {
								"north": {"uv": [6.84211, 3.47368], "uv_size": [0, 0]},
								"east": {"uv": [6.84211, 3.47368], "uv_size": [0, 0]},
								"south": {"uv": [6.84211, 3.47368], "uv_size": [0, 0]},
								"west": {"uv": [6.84211, 3.47368], "uv_size": [0, 0]},
								"up": {"uv": [6.84211, 3.47368], "uv_size": [0, 0]},
								"down": {"uv": [6.84211, 3.47368], "uv_size": [0, 0]}
							}
						},
						{
							"origin": [-1.28617, 28.37453, 4.11291],
							"size": [3.61662, 0.86982, 0.41202],
							"pivot": [-1.3706, 29.5224, 4.36383],
							"rotation": [9.04106, 41.70737, -76.5498],
							"uv": {
								"north": {"uv": [6.84211, 3.47368], "uv_size": [0, 0]},
								"east": {"uv": [6.84211, 3.47368], "uv_size": [0, 0]},
								"south": {"uv": [6.84211, 3.47368], "uv_size": [0, 0]},
								"west": {"uv": [6.84211, 3.47368], "uv_size": [0, 0]},
								"up": {"uv": [6.84211, 3.47368], "uv_size": [0, 0]},
								"down": {"uv": [6.84211, 3.47368], "uv_size": [0, 0]}
							}
						},
						{
							"origin": [-4.96715, 30.47726, 4.11291],
							"size": [3.61662, 0.86982, 0.41202],
							"pivot": [-1.3706, 29.5224, 4.36383],
							"rotation": [0, -42.5, 90],
							"uv": {
								"north": {"uv": [6.84211, 3.47368], "uv_size": [0, 0]},
								"east": {"uv": [6.84211, 3.47368], "uv_size": [0, 0]},
								"south": {"uv": [6.84211, 3.47368], "uv_size": [0, 0]},
								"west": {"uv": [6.84211, 3.47368], "uv_size": [0, 0]},
								"up": {"uv": [6.84211, 3.47368], "uv_size": [0, 0]},
								"down": {"uv": [6.84211, 3.47368], "uv_size": [0, 0]}
							}
						},
						{
							"origin": [-4.59565, 31.07409, 4.11291],
							"size": [3.61662, 0.86982, 0.41202],
							"pivot": [-1.3706, 29.5224, 4.36383],
							"rotation": [9.04106, -41.70737, 76.5498],
							"uv": {
								"north": {"uv": [6.84211, 3.47368], "uv_size": [0, 0]},
								"east": {"uv": [6.84211, 3.47368], "uv_size": [0, 0]},
								"south": {"uv": [6.84211, 3.47368], "uv_size": [0, 0]},
								"west": {"uv": [6.84211, 3.47368], "uv_size": [0, 0]},
								"up": {"uv": [6.84211, 3.47368], "uv_size": [0, 0]},
								"down": {"uv": [6.84211, 3.47368], "uv_size": [0, 0]}
							}
						}
					]
				},
				{
					"name": "bone",
					"parent": "body",
					"pivot": [-0.40209, 25.38477, 0],
					"cubes": [
						{
							"origin": [-3.072, 22.13, -1.906],
							"size": [6.132, 9.42, 4.412],
							"uv": {
								"north": {"uv": [2.10526, 5.26316], "uv_size": [2.10526, 2.10526]},
								"east": {"uv": [0, 0], "uv_size": [0, 0]},
								"south": {"uv": [2.10526, 7.36842], "uv_size": [2.10526, 2.10526]},
								"west": {"uv": [0, 0], "uv_size": [0, 0]},
								"up": {"uv": [0, 0], "uv_size": [0, 0]},
								"down": {"uv": [0, 0], "uv_size": [0, 0]}
							}
						},
						{
							"origin": [-3.562, 20.93, -1.89],
							"size": [7.112, 5.5, 4.368],
							"uv": {
								"north": {"uv": [13.89474, 5.05263], "uv_size": [1.36842, 0.31579]},
								"east": {"uv": [15.15789, 13.05263], "uv_size": [0.94737, 0.31579]},
								"south": {"uv": [13.89474, 5.47368], "uv_size": [1.36842, 0.31579]},
								"west": {"uv": [15.15789, 14.94737], "uv_size": [0.94737, 0.31579]},
								"up": {"uv": [1.26316, 4.21053], "uv_size": [1.36842, 0.94737]},
								"down": {"uv": [2.73684, 5.57895], "uv_size": [1.36842, -0.94737]}
							}
						},
						{
							"origin": [-3.34974, 20.63152, -1.89],
							"size": [3.992, 5.5, 4.368],
							"pivot": [0.21226, 24.71152, 0],
							"rotation": [0, 0, 5],
							"uv": {
								"north": {"uv": [9.89474, 16], "uv_size": [0.73684, 0.31579]},
								"east": {"uv": [15.36842, 2.52632], "uv_size": [0.94737, 0.31579]},
								"south": {"uv": [16, 10.10526], "uv_size": [0.73684, 0.31579]},
								"west": {"uv": [15.36842, 2.94737], "uv_size": [0.94737, 0.31579]},
								"up": {"uv": [9.89474, 5.89474], "uv_size": [0.73684, 0.94737]},
								"down": {"uv": [7.15789, 10.84211], "uv_size": [0.73684, -0.94737]}
							}
						},
						{
							"origin": [-0.58226, 20.63152, -1.89],
							"size": [3.932, 5.5, 4.368],
							"pivot": [-0.21226, 24.71152, 0],
							"rotation": [0, 0, -5],
							"uv": {
								"north": {"uv": [16, 10.94737], "uv_size": [0.73684, 0.31579]},
								"east": {"uv": [15.36842, 3.36842], "uv_size": [0.94737, 0.31579]},
								"south": {"uv": [11.15789, 16], "uv_size": [0.73684, 0.31579]},
								"west": {"uv": [15.36842, 3.78947], "uv_size": [0.94737, 0.31579]},
								"up": {"uv": [9.89474, 9.47368], "uv_size": [0.73684, 0.94737]},
								"down": {"uv": [10.10526, 7.89474], "uv_size": [0.73684, -0.94737]}
							}
						},
						{
							"origin": [-2.10182, 21.13326, -1.89],
							"size": [1.752, 0.612, 4.368],
							"pivot": [0.97018, 25.21326, 0],
							"rotation": [0, 0, 20],
							"uv": {
								"north": {"uv": [17.68421, 12.84211], "uv_size": [0.42105, 0.10526]},
								"east": {"uv": [17.26316, 5.05263], "uv_size": [0.94737, 0.10526]},
								"south": {"uv": [13.05263, 17.68421], "uv_size": [0.42105, 0.10526]},
								"west": {"uv": [17.26316, 5.89474], "uv_size": [0.94737, 0.10526]},
								"up": {"uv": [13.89474, 8], "uv_size": [0.42105, 0.94737]},
								"down": {"uv": [1.26316, 15.05263], "uv_size": [0.42105, -0.94737]}
							}
						},
						{
							"origin": [0.33782, 21.13326, -1.89],
							"size": [1.752, 0.612, 4.368],
							"pivot": [-0.98218, 25.21326, 0],
							"rotation": [0, 0, -20],
							"uv": {
								"north": {"uv": [17.68421, 13.05263], "uv_size": [0.42105, 0.10526]},
								"east": {"uv": [17.26316, 6.10526], "uv_size": [0.94737, 0.10526]},
								"south": {"uv": [17.68421, 13.26316], "uv_size": [0.42105, 0.10526]},
								"west": {"uv": [6.31579, 17.26316], "uv_size": [0.94737, 0.10526]},
								"up": {"uv": [1.68421, 14.10526], "uv_size": [0.42105, 0.94737]},
								"down": {"uv": [2.10526, 15.05263], "uv_size": [0.42105, -0.94737]}
							}
						},
						{
							"origin": [-2.66991, 22.50477, -1.9],
							"size": [6.132, 5.34, 4.388],
							"pivot": [0.40209, 25.38477, 0],
							"rotation": [0, 0, 7.5],
							"uv": {
								"north": {"uv": [0, 0], "uv_size": [0, 0]},
								"east": {"uv": [0, 0], "uv_size": [0, 0]},
								"south": {"uv": [0, 0], "uv_size": [0, 0]},
								"west": {"uv": [4.21053, 0], "uv_size": [2.10526, 2.10526]},
								"up": {"uv": [0, 0], "uv_size": [0, 0]},
								"down": {"uv": [0, 0], "uv_size": [0, 0]}
							}
						},
						{
							"origin": [-3.46209, 22.50477, -1.9],
							"size": [6.132, 5.34, 4.388],
							"pivot": [-0.40209, 25.38477, 0],
							"rotation": [0, 0, -7.5],
							"uv": {
								"north": {"uv": [0, 0], "uv_size": [0, 0]},
								"east": {"uv": [6.31579, 0], "uv_size": [-2.10526, 2.10526]},
								"south": {"uv": [0, 0], "uv_size": [0, 0]},
								"west": {"uv": [0, 0], "uv_size": [0, 0]},
								"up": {"uv": [0, 0], "uv_size": [0, 0]},
								"down": {"uv": [0, 0], "uv_size": [0, 0]}
							}
						},
						{
							"origin": [-0.02277, 19.48849, -2.4082],
							"size": [0.708, 0.396, 4.128],
							"pivot": [-3.52677, 21.62449, -0.5182],
							"rotation": [0, 0, -27.5],
							"uv": {
								"north": {"uv": [6.84211, 0.10526], "uv_size": [1.47368, 1.47368]},
								"east": {"uv": [6.84211, 0.10526], "uv_size": [1.47368, 1.47368]},
								"south": {"uv": [6.84211, 0.10526], "uv_size": [1.47368, 1.47368]},
								"west": {"uv": [6.84211, 0.10526], "uv_size": [1.47368, 1.47368]},
								"up": {"uv": [8.31579, 1.57895], "uv_size": [-1.47368, -1.47368]},
								"down": {"uv": [8.31579, 1.57895], "uv_size": [-1.47368, -1.47368]}
							}
						},
						{
							"origin": [-0.68523, 19.48849, -2.4082],
							"size": [0.708, 0.396, 4.128],
							"pivot": [3.52677, 21.62449, -0.5182],
							"rotation": [0, 0, 27.5],
							"uv": {
								"north": {"uv": [8.31579, 0.10526], "uv_size": [-1.47368, 1.47368]},
								"east": {"uv": [8.31579, 0.10526], "uv_size": [-1.47368, 1.47368]},
								"south": {"uv": [8.31579, 0.10526], "uv_size": [-1.47368, 1.47368]},
								"west": {"uv": [8.31579, 0.10526], "uv_size": [-1.47368, 1.47368]},
								"up": {"uv": [6.84211, 1.57895], "uv_size": [1.47368, -1.47368]},
								"down": {"uv": [6.84211, 1.57895], "uv_size": [1.47368, -1.47368]}
							}
						},
						{
							"origin": [2.44009, 26.88477, -1.948],
							"size": [1.046, 0.36, 4.46],
							"pivot": [0.40209, 25.38477, 0],
							"rotation": [0, 0, 7.5],
							"uv": {
								"north": {"uv": [0.52632, 1.47368], "uv_size": [0, 0]},
								"east": {"uv": [0.52632, 1.47368], "uv_size": [0, 0]},
								"south": {"uv": [0.52632, 1.47368], "uv_size": [0, 0]},
								"west": {"uv": [0.52632, 1.47368], "uv_size": [0, 0]},
								"up": {"uv": [0.52632, 1.47368], "uv_size": [0, 0]},
								"down": {"uv": [0.52632, 1.47368], "uv_size": [0, 0]}
							}
						},
						{
							"origin": [-3.48609, 26.88477, -1.948],
							"size": [1.046, 0.36, 4.46],
							"pivot": [-0.40209, 25.38477, 0],
							"rotation": [0, 0, -7.5],
							"uv": {
								"north": {"uv": [0.52632, 1.47368], "uv_size": [0, 0]},
								"east": {"uv": [0.52632, 1.47368], "uv_size": [0, 0]},
								"south": {"uv": [0.52632, 1.47368], "uv_size": [0, 0]},
								"west": {"uv": [0.52632, 1.47368], "uv_size": [0, 0]},
								"up": {"uv": [0.52632, 1.47368], "uv_size": [0, 0]},
								"down": {"uv": [0.52632, 1.47368], "uv_size": [0, 0]}
							}
						},
						{
							"origin": [2.44009, 26.40477, -1.948],
							"size": [1.046, 0.36, 4.46],
							"pivot": [0.40209, 25.38477, 0],
							"rotation": [0, 0, 7.5],
							"uv": {
								"north": {"uv": [0.52632, 1.47368], "uv_size": [0, 0]},
								"east": {"uv": [0.52632, 1.47368], "uv_size": [0, 0]},
								"south": {"uv": [0.52632, 1.47368], "uv_size": [0, 0]},
								"west": {"uv": [0.52632, 1.47368], "uv_size": [0, 0]},
								"up": {"uv": [0.52632, 1.47368], "uv_size": [0, 0]},
								"down": {"uv": [0.52632, 1.47368], "uv_size": [0, 0]}
							}
						},
						{
							"origin": [-3.48609, 26.40477, -1.948],
							"size": [1.046, 0.36, 4.46],
							"pivot": [-0.40209, 25.38477, 0],
							"rotation": [0, 0, -7.5],
							"uv": {
								"north": {"uv": [0.52632, 1.47368], "uv_size": [0, 0]},
								"east": {"uv": [0.52632, 1.47368], "uv_size": [0, 0]},
								"south": {"uv": [0.52632, 1.47368], "uv_size": [0, 0]},
								"west": {"uv": [0.52632, 1.47368], "uv_size": [0, 0]},
								"up": {"uv": [0.52632, 1.47368], "uv_size": [0, 0]},
								"down": {"uv": [0.52632, 1.47368], "uv_size": [0, 0]}
							}
						}
					]
				},
				{
					"name": "leftarm",
					"parent": "root",
					"pivot": [3.9, 30.506, 0.06],
					"rotation": [10, 0, -15],
					"cubes": [
						{
							"origin": [3.93163, 29.06848, -1.75397],
							"size": [3.0828, 3.0828, 3.8328],
							"uv": {
								"north": {"uv": [2.10526, 0], "uv_size": [-2.10526, 2.10526]},
								"east": {"uv": [2.10526, 0], "uv_size": [-2.10526, 2.10526]},
								"south": {"uv": [2.10526, 0], "uv_size": [-2.10526, 2.10526]},
								"west": {"uv": [2.10526, 0], "uv_size": [-2.10526, 2.10526]},
								"up": {"uv": [0, 2.10526], "uv_size": [2.10526, -2.10526]},
								"down": {"uv": [0, 2.10526], "uv_size": [2.10526, -2.10526]}
							}
						},
						{
							"origin": [3.93163, 25.93968, -1.25397],
							"size": [2.8328, 3.3696, 2.8328],
							"uv": {
								"north": {"uv": [2.10526, 2.21416], "uv_size": [-2.10526, 2.10526]},
								"east": {"uv": [2.10526, 0.00363], "uv_size": [-2.10526, 2.10526]},
								"south": {"uv": [4.21053, 4.21053], "uv_size": [2.10526, -2.10526]},
								"west": {"uv": [2.10526, 2.10889], "uv_size": [-2.10526, -2.10526]},
								"up": {"uv": [0, 2.10889], "uv_size": [2.10526, -2.10526]},
								"down": {"uv": [0, 2.10889], "uv_size": [2.10526, -2.10526]}
							}
						},
						{
							"origin": [4.95003, 24.64368, -0.87437],
							"size": [1.5644, 4.6656, 2.3236],
							"uv": {
								"north": {"uv": [2.16089, 0.08106], "uv_size": [-2.10526, 2.10526]},
								"east": {"uv": [2.1573, 0.07018], "uv_size": [-2.10526, 2.10526]},
								"south": {"uv": [2.16806, 0.08106], "uv_size": [-2.10526, 2.10526]},
								"west": {"uv": [2.15371, 0.07018], "uv_size": [-2.10526, 2.10526]},
								"up": {"uv": [0.06938, 2.19782], "uv_size": [2.10526, -2.10526]},
								"down": {"uv": [0.08014, 2.1948], "uv_size": [2.10526, -2.10526]}
							}
						},
						{
							"origin": [3.35816, 21.21482, -0.87437],
							"size": [1.34136, 1.85536, 2.0736],
							"pivot": [-3.50416, 26.3685, -0.74477],
							"rotation": [0, 0, -25],
							"uv": {
								"north": {"uv": [2.10526, 2.63158], "uv_size": [-2.10526, 2.10526]},
								"east": {"uv": [2.10526, 2.63158], "uv_size": [-2.10526, 2.10526]},
								"south": {"uv": [2.10526, 2.63158], "uv_size": [-2.10526, 2.10526]},
								"west": {"uv": [2.10526, 2.63158], "uv_size": [-2.10526, 2.10526]},
								"up": {"uv": [0, 4.73684], "uv_size": [2.10526, -2.10526]},
								"down": {"uv": [0, 4.73684], "uv_size": [2.10526, -2.10526]}
							}
						},
						{
							"origin": [3.86683, 25.93968, -0.74477],
							"size": [2.5272, 3.3696, 1.8144],
							"uv": {
								"north": {"uv": [2.15909, 0.04053], "uv_size": [-2.10526, 2.10526]},
								"east": {"uv": [2.15909, 0.04053], "uv_size": [-2.10526, 2.10526]},
								"south": {"uv": [2.15909, 0.04053], "uv_size": [-2.10526, 2.10526]},
								"west": {"uv": [2.15909, 0.04053], "uv_size": [-2.10526, 2.10526]},
								"up": {"uv": [0.05383, 2.14822], "uv_size": [2.10526, -2.10526]},
								"down": {"uv": [0.05383, 2.1458], "uv_size": [2.10526, -2.10526]}
							}
						},
						{
							"origin": [3.68163, 29.05008, -0.74477],
							"size": [2.5736, 2.3512, 1.8144],
							"uv": {
								"north": {"uv": [2.14773, 0.08227], "uv_size": [-2.10526, 2.10526]},
								"east": {"uv": [2.17285, 0.0859], "uv_size": [-2.10526, 2.10526]},
								"south": {"uv": [2.1872, 0.04719], "uv_size": [-2.10526, 2.10526]},
								"west": {"uv": [2.19079, 0.06292], "uv_size": [-2.10526, 2.10526]},
								"up": {"uv": [0.07297, 2.19359], "uv_size": [2.10526, -2.10526]},
								"down": {"uv": [0.08852, 2.17665], "uv_size": [2.10526, -2.10526]}
							}
						}
					]
				},
				{
					"name": "leftarm2",
					"parent": "leftarm",
					"pivot": [5.46347, 24.7656, 0.20851],
					"rotation": [-15, 0, 15],
					"cubes": [
						{
							"origin": [5.07018, 19.93587, -1.34019],
							"size": [1.37584, 5.13216, 2.78096],
							"uv": {
								"north": {"uv": [0, 7.40714], "uv_size": [2.10526, -2.10526]},
								"east": {"uv": [2.11304, 0.05324], "uv_size": [-2.10526, 2.10526]},
								"south": {"uv": [2.10526, 7.41319], "uv_size": [-2.10526, -2.10526]},
								"west": {"uv": [2.1238, 0.05203], "uv_size": [-2.10526, 2.10526]},
								"up": {"uv": [0.08852, 2.19601], "uv_size": [2.10526, -2.10526]},
								"down": {"uv": [0.08971, 2.10526], "uv_size": [2.10526, -2.10526]}
							}
						},
						{
							"origin": [4.95018, 19.93587, -1.05507],
							"size": [1.56712, 5.13216, 2.21072],
							"uv": {
								"north": {"uv": [2.15251, 0.07985], "uv_size": [-2.10526, 2.10526]},
								"east": {"uv": [2.10526, 0.03872], "uv_size": [-2.10526, 2.10526]},
								"south": {"uv": [2.18481, 0.05082], "uv_size": [-2.10526, 2.10526]},
								"west": {"uv": [2.13816, 0], "uv_size": [-2.10526, 2.10526]},
								"up": {"uv": [0.09211, 2.16213], "uv_size": [2.10526, -2.10526]},
								"down": {"uv": [0.05742, 2.19601], "uv_size": [2.10526, -2.10526]}
							}
						},
						{
							"origin": [9.92762, 19.07219, -1.01891],
							"size": [1.0184, 2.42456, 2.1384],
							"pivot": [0.25, 1.5, 0],
							"rotation": [0, 0, -15],
							"uv": {
								"north": {"uv": [2.15371, 0.09195], "uv_size": [-2.10526, 2.10526]},
								"east": {"uv": [2.186, 0.0859], "uv_size": [-2.10526, 2.10526]},
								"south": {"uv": [2.1561, 0.09195], "uv_size": [-2.10526, 2.10526]},
								"west": {"uv": [2.18361, 0.0859], "uv_size": [-2.10526, 2.10526]},
								"up": {"uv": [0.01017, 2.13188], "uv_size": [2.10526, -2.10526]},
								"down": {"uv": [0.00897, 2.13551], "uv_size": [2.10526, -2.10526]}
							}
						},
						{
							"origin": [-0.41383, 27.04354, -1.01891],
							"size": [1.0184, 1.92456, 2.1384],
							"pivot": [-10.09145, 9.47135, 0],
							"rotation": [0, 0, 17.5],
							"uv": {
								"north": {"uv": [2.1549, 0.02783], "uv_size": [-2.10526, 2.10526]},
								"east": {"uv": [2.14533, 0.0363], "uv_size": [-2.10526, 2.10526]},
								"south": {"uv": [2.1561, 0.03388], "uv_size": [-2.10526, 2.10526]},
								"west": {"uv": [2.11902, 0.03267], "uv_size": [-2.10526, 2.10526]},
								"up": {"uv": [0.05443, 2.12825], "uv_size": [2.10526, -2.10526]},
								"down": {"uv": [0.04127, 2.17786], "uv_size": [2.10526, -2.10526]}
							}
						}
					]
				},
				{
					"name": "lefthand",
					"parent": "leftarm2",
					"pivot": [5.81268, 19.799, 0.19477],
					"cubes": [
						{
							"origin": [7.70969, 19.06598, -1.23275],
							"size": [0.85536, 2.28096, 2.56608],
							"pivot": [-0.55879, 32.75174, -0.94763],
							"rotation": [0, 0, 10],
							"uv": {
								"north": {"uv": [0.10526, 0.04114], "uv_size": [-0.10526, 0]},
								"east": {"uv": [0.13517, 0.00847], "uv_size": [-0.10526, 0]},
								"south": {"uv": [0.10646, 0.04114], "uv_size": [-0.10526, 0]},
								"west": {"uv": [4.21053, 0], "uv_size": [-2.10526, 2.10526]},
								"up": {"uv": [0.00359, 0.04416], "uv_size": [0.10526, 0]},
								"down": {"uv": [0.02033, 0.04114], "uv_size": [0.10526, 0]}
							}
						},
						{
							"origin": [14.85427, 17.3574, 7.96916],
							"size": [0.85536, 2.28096, 0.85536],
							"pivot": [6.58579, 31.04316, 8.25428],
							"rotation": [-35, 20, 35],
							"uv": {
								"north": {"uv": [8.17763, 3.46038], "uv_size": [-1.26316, 1.26316]},
								"east": {"uv": [8.19557, 3.46038], "uv_size": [-1.26316, 1.26316]},
								"south": {"uv": [8.19438, 3.46038], "uv_size": [-1.26316, 1.26316]},
								"west": {"uv": [8.19677, 3.45433], "uv_size": [-1.26316, 1.26316]},
								"up": {"uv": [6.91447, 4.72837], "uv_size": [1.26316, -1.26316]},
								"down": {"uv": [6.91567, 4.72716], "uv_size": [1.26316, -1.26316]}
							}
						},
						{
							"origin": [12.36753, 20.42815, -1.22387],
							"size": [0.61536, 1.32096, 0.43536],
							"pivot": [3.97905, 33.15391, -0.93875],
							"rotation": [10, 20, 35],
							"uv": {
								"north": {"uv": [8.14055, 3.46521], "uv_size": [-1.26316, 1.26316]},
								"east": {"uv": [8.15012, 3.46521], "uv_size": [-1.26316, 1.26316]},
								"south": {"uv": [8.14892, 3.46521], "uv_size": [-1.26316, 1.26316]},
								"west": {"uv": [8.14773, 3.46521], "uv_size": [-1.26316, 1.26316]},
								"up": {"uv": [6.94139, 4.70236], "uv_size": [1.26316, -1.26316]},
								"down": {"uv": [6.91388, 4.73079], "uv_size": [1.26316, -1.26316]}
							}
						},
						{
							"origin": [7.27922, 17.82466, 0.7455],
							"size": [0.85536, 1.43736, 0.64152],
							"pivot": [-0.98926, 30.31042, 0.88806],
							"rotation": [-10, 0, 10],
							"uv": {
								"north": {"uv": [8.19916, 3.4265], "uv_size": [-1.26316, 1.26316]},
								"east": {"uv": [8.15251, 3.46521], "uv_size": [-1.26316, 1.26316]},
								"south": {"uv": [8.16447, 3.46279], "uv_size": [-1.26316, 1.26316]},
								"west": {"uv": [8.15132, 3.46521], "uv_size": [-1.26316, 1.26316]},
								"up": {"uv": [6.94079, 4.72414], "uv_size": [1.26316, -1.26316]},
								"down": {"uv": [6.94079, 4.72474], "uv_size": [1.26316, -1.26316]}
							}
						},
						{
							"origin": [14.50449, 18.24791, 1.09104],
							"size": [0.55536, 1.43736, 0.52152],
							"pivot": [5.93601, 30.73367, 1.1736],
							"rotation": [-8.6822, 4.98093, 39.62165],
							"uv": {
								"north": {"uv": [8.15371, 3.46521], "uv_size": [-1.26316, 1.26316]},
								"east": {"uv": [8.1573, 3.46521], "uv_size": [-1.26316, 1.26316]},
								"south": {"uv": [8.1561, 3.46521], "uv_size": [-1.26316, 1.26316]},
								"west": {"uv": [8.1549, 3.46521], "uv_size": [-1.26316, 1.26316]},
								"up": {"uv": [6.94139, 4.70357], "uv_size": [1.26316, -1.26316]},
								"down": {"uv": [6.91507, 4.73079], "uv_size": [1.26316, -1.26316]}
							}
						},
						{
							"origin": [10.73725, 19.25954, 0.4233],
							"size": [0.85536, 1.43736, 0.64152],
							"pivot": [2.46877, 31.7453, 0.56586],
							"rotation": [-5, 0, 25],
							"uv": {
								"north": {"uv": [8.16687, 3.46279], "uv_size": [-1.26316, 1.26316]},
								"east": {"uv": [8.15969, 3.46521], "uv_size": [-1.26316, 1.26316]},
								"south": {"uv": [8.19916, 3.43013], "uv_size": [-1.26316, 1.26316]},
								"west": {"uv": [8.15849, 3.46521], "uv_size": [-1.26316, 1.26316]},
								"up": {"uv": [6.94079, 4.72656], "uv_size": [1.26316, -1.26316]},
								"down": {"uv": [6.94079, 4.72716], "uv_size": [1.26316, -1.26316]}
							}
						},
						{
							"origin": [16.6262, 18.17396, 0.60387],
							"size": [0.55536, 1.43736, 0.52152],
							"pivot": [8.05772, 30.65972, 0.68643],
							"rotation": [-4.53359, 2.11089, 49.91643],
							"uv": {
								"north": {"uv": [8.16089, 3.46521], "uv_size": [-1.26316, 1.26316]},
								"east": {"uv": [8.16447, 3.46521], "uv_size": [-1.26316, 1.26316]},
								"south": {"uv": [8.16328, 3.46521], "uv_size": [-1.26316, 1.26316]},
								"west": {"uv": [8.16208, 3.46521], "uv_size": [-1.26316, 1.26316]},
								"up": {"uv": [6.94139, 4.70478], "uv_size": [1.26316, -1.26316]},
								"down": {"uv": [6.91627, 4.73079], "uv_size": [1.26316, -1.26316]}
							}
						},
						{
							"origin": [14.44983, 19.71844, -0.86484],
							"size": [0.85536, 1.43736, 0.64152],
							"pivot": [6.18135, 32.2042, -0.36588],
							"rotation": [5, 0, 40],
							"uv": {
								"north": {"uv": [8.16806, 3.46279], "uv_size": [-1.26316, 1.26316]},
								"east": {"uv": [8.20156, 3.43013], "uv_size": [-1.26316, 1.26316]},
								"south": {"uv": [8.16926, 3.46279], "uv_size": [-1.26316, 1.26316]},
								"west": {"uv": [8.16687, 3.46521], "uv_size": [-1.26316, 1.26316]},
								"up": {"uv": [6.93959, 4.73019], "uv_size": [1.26316, -1.26316]},
								"down": {"uv": [6.94079, 4.72837], "uv_size": [1.26316, -1.26316]}
							}
						},
						{
							"origin": [21.56261, 16.30792, -0.95602],
							"size": [0.49536, 1.43736, 0.52152],
							"pivot": [12.93413, 28.79368, -0.51706],
							"rotation": [4.22005, -2.68407, 72.40109],
							"uv": {
								"north": {"uv": [8.16806, 3.46521], "uv_size": [-1.26316, 1.26316]},
								"east": {"uv": [8.17045, 3.46521], "uv_size": [-1.26316, 1.26316]},
								"south": {"uv": [8.20156, 3.43255], "uv_size": [-1.26316, 1.26316]},
								"west": {"uv": [8.16926, 3.46521], "uv_size": [-1.26316, 1.26316]},
								"up": {"uv": [6.94139, 4.70599], "uv_size": [1.26316, -1.26316]},
								"down": {"uv": [6.91746, 4.73079], "uv_size": [1.26316, -1.26316]}
							}
						},
						{
							"origin": [19.15789, 18.77317, -1.22456],
							"size": [0.85536, 1.19736, 0.64152],
							"pivot": [10.88941, 31.01893, -0.7256],
							"rotation": [10, 0, 60],
							"uv": {
								"north": {"uv": [8.17883, 3.464], "uv_size": [-1.26316, 1.26316]},
								"east": {"uv": [8.20395, 3.36842], "uv_size": [-1.26316, 1.26316]},
								"south": {"uv": [8.20036, 3.44223], "uv_size": [-1.26316, 1.26316]},
								"west": {"uv": [8.20275, 3.46642], "uv_size": [-1.26316, 1.26316]},
								"up": {"uv": [6.94199, 4.63158], "uv_size": [1.26316, -1.26316]},
								"down": {"uv": [6.84211, 4.73079], "uv_size": [1.26316, -1.26316]}
							}
						},
						{
							"origin": [25.91216, 11.79969, -1.52618],
							"size": [0.49536, 1.19736, 0.52152],
							"pivot": [17.28368, 24.04545, -1.08722],
							"rotation": [7.69263, -6.40865, 99.56869],
							"uv": {
								"north": {"uv": [8.20395, 3.36842], "uv_size": [-1.26316, 1.26316]},
								"east": {"uv": [8.10586, 3.46763], "uv_size": [-1.26316, 1.26316]},
								"south": {"uv": [8.20395, 3.36842], "uv_size": [-1.26316, 1.26316]},
								"west": {"uv": [8.10526, 3.46763], "uv_size": [-1.26316, 1.26316]},
								"up": {"uv": [6.94139, 4.7072], "uv_size": [1.26316, -1.26316]},
								"down": {"uv": [6.91866, 4.73079], "uv_size": [1.26316, -1.26316]}
							}
						},
						{
							"origin": [2.25772, 15.70363, -1.09019],
							"size": [0.85536, 1.70359, 2.28096],
							"pivot": [-6.48834, 28.81202, -0.94763],
							"rotation": [0, 0, -15],
							"uv": {
								"north": {"uv": [2.19916, 0.06413], "uv_size": [-2.10526, 2.10526]},
								"east": {"uv": [2.19438, 0.08348], "uv_size": [-2.10526, 2.10526]},
								"south": {"uv": [2.17045, 0.09437], "uv_size": [-2.10526, 2.10526]},
								"west": {"uv": [2.19438, 0.07743], "uv_size": [-2.10526, 2.10526]},
								"up": {"uv": [0.0927, 2.20024], "uv_size": [2.10526, -2.10526]},
								"down": {"uv": [0, 2.19843], "uv_size": [2.10526, -2.10526]}
							}
						}
					],
					"locators": {
						"leftarm": [5, 16.5, -0.5]
					}
				},
				{
					"name": "rightarm",
					"parent": "root",
					"pivot": [-3.9, 30.506, 0.06],
					"rotation": [10, 0, 15],
					"cubes": [
						{
							"origin": [-7.01443, 29.06848, -1.75397],
							"size": [3.0828, 3.0828, 3.8328],
							"uv": {
								"north": {"uv": [0, 0], "uv_size": [2.10526, 2.10526]},
								"east": {"uv": [0, 0], "uv_size": [2.10526, 2.10526]},
								"south": {"uv": [0, 0], "uv_size": [2.10526, 2.10526]},
								"west": {"uv": [0, 0], "uv_size": [2.10526, 2.10526]},
								"up": {"uv": [2.10526, 2.10526], "uv_size": [-2.10526, -2.10526]},
								"down": {"uv": [2.10526, 2.10526], "uv_size": [-2.10526, -2.10526]}
							}
						},
						{
							"origin": [-6.76443, 25.93968, -1.25397],
							"size": [2.8328, 3.3696, 2.8328],
							"uv": {
								"north": {"uv": [0, 2.21416], "uv_size": [2.10526, 2.10526]},
								"east": {"uv": [0, 2.10889], "uv_size": [2.10526, -2.10526]},
								"south": {"uv": [6.31579, 4.21053], "uv_size": [-2.10526, -2.10526]},
								"west": {"uv": [0, 0.00363], "uv_size": [2.10526, 2.10526]},
								"up": {"uv": [2.10526, 2.10889], "uv_size": [-2.10526, -2.10526]},
								"down": {"uv": [2.10526, 2.10889], "uv_size": [-2.10526, -2.10526]}
							}
						},
						{
							"origin": [-6.51443, 24.64368, -0.87437],
							"size": [1.5644, 4.6656, 2.3236],
							"uv": {
								"north": {"uv": [0.05562, 0.08106], "uv_size": [2.10526, 2.10526]},
								"east": {"uv": [0.04844, 0.07018], "uv_size": [2.10526, 2.10526]},
								"south": {"uv": [0.0628, 0.08106], "uv_size": [2.10526, 2.10526]},
								"west": {"uv": [0.05203, 0.07018], "uv_size": [2.10526, 2.10526]},
								"up": {"uv": [2.17464, 2.19782], "uv_size": [-2.10526, -2.10526]},
								"down": {"uv": [2.18541, 2.1948], "uv_size": [-2.10526, -2.10526]}
							}
						},
						{
							"origin": [-4.69952, 21.21482, -0.87437],
							"size": [1.34136, 1.85536, 2.0736],
							"pivot": [3.50416, 26.3685, -0.74477],
							"rotation": [0, 0, 25],
							"uv": {
								"north": {"uv": [0, 2.63158], "uv_size": [2.10526, 2.10526]},
								"east": {"uv": [0, 2.63158], "uv_size": [2.10526, 2.10526]},
								"south": {"uv": [0, 2.63158], "uv_size": [2.10526, 2.10526]},
								"west": {"uv": [0, 2.63158], "uv_size": [2.10526, 2.10526]},
								"up": {"uv": [2.10526, 4.73684], "uv_size": [-2.10526, -2.10526]},
								"down": {"uv": [2.10526, 4.73684], "uv_size": [-2.10526, -2.10526]}
							}
						},
						{
							"origin": [-6.39403, 25.93968, -0.74477],
							"size": [2.5272, 3.3696, 1.8144],
							"uv": {
								"north": {"uv": [0.05383, 0.04053], "uv_size": [2.10526, 2.10526]},
								"east": {"uv": [0.05383, 0.04053], "uv_size": [2.10526, 2.10526]},
								"south": {"uv": [0.05383, 0.04053], "uv_size": [2.10526, 2.10526]},
								"west": {"uv": [0.05383, 0.04053], "uv_size": [2.10526, 2.10526]},
								"up": {"uv": [2.15909, 2.14822], "uv_size": [-2.10526, -2.10526]},
								"down": {"uv": [2.15909, 2.1458], "uv_size": [-2.10526, -2.10526]}
							}
						},
						{
							"origin": [-6.25523, 29.05008, -0.74477],
							"size": [2.5736, 2.3512, 1.8144],
							"uv": {
								"north": {"uv": [0.04246, 0.08227], "uv_size": [2.10526, 2.10526]},
								"east": {"uv": [0.08553, 0.06292], "uv_size": [2.10526, 2.10526]},
								"south": {"uv": [0.08194, 0.04719], "uv_size": [2.10526, 2.10526]},
								"west": {"uv": [0.06758, 0.0859], "uv_size": [2.10526, 2.10526]},
								"up": {"uv": [2.17823, 2.19359], "uv_size": [-2.10526, -2.10526]},
								"down": {"uv": [2.19378, 2.17665], "uv_size": [-2.10526, -2.10526]}
							}
						}
					]
				},
				{
					"name": "rightarm2",
					"parent": "rightarm",
					"pivot": [-5.46347, 24.7656, 0.20851],
					"rotation": [-15, 0, -15],
					"cubes": [
						{
							"origin": [-6.44602, 19.93587, -1.34019],
							"size": [1.37584, 5.13216, 2.78096],
							"uv": {
								"north": {"uv": [2.10526, 7.40714], "uv_size": [-2.10526, -2.10526]},
								"east": {"uv": [0.01854, 0.05203], "uv_size": [2.10526, 2.10526]},
								"south": {"uv": [0, 7.41319], "uv_size": [2.10526, -2.10526]},
								"west": {"uv": [0.00778, 0.05324], "uv_size": [2.10526, 2.10526]},
								"up": {"uv": [2.19378, 2.19601], "uv_size": [-2.10526, -2.10526]},
								"down": {"uv": [2.19498, 2.10526], "uv_size": [-2.10526, -2.10526]}
							}
						},
						{
							"origin": [-6.5173, 19.93587, -1.05507],
							"size": [1.56712, 5.13216, 2.21072],
							"uv": {
								"north": {"uv": [0.04725, 0.07985], "uv_size": [2.10526, 2.10526]},
								"east": {"uv": [0.03289, 0], "uv_size": [2.10526, 2.10526]},
								"south": {"uv": [0.07955, 0.05082], "uv_size": [2.10526, 2.10526]},
								"west": {"uv": [0, 0.03872], "uv_size": [2.10526, 2.10526]},
								"up": {"uv": [2.19737, 2.16213], "uv_size": [-2.10526, -2.10526]},
								"down": {"uv": [2.16268, 2.19601], "uv_size": [-2.10526, -2.10526]}
							}
						},
						{
							"origin": [-10.94602, 19.07219, -1.01891],
							"size": [1.0184, 2.42456, 2.1384],
							"pivot": [-0.25, 1.5, 0],
							"rotation": [0, 0, 15],
							"uv": {
								"north": {"uv": [0.04844, 0.09195], "uv_size": [2.10526, 2.10526]},
								"east": {"uv": [0.07835, 0.0859], "uv_size": [2.10526, 2.10526]},
								"south": {"uv": [0.05084, 0.09195], "uv_size": [2.10526, 2.10526]},
								"west": {"uv": [0.08074, 0.0859], "uv_size": [2.10526, 2.10526]},
								"up": {"uv": [2.11543, 2.13188], "uv_size": [-2.10526, -2.10526]},
								"down": {"uv": [2.11423, 2.13551], "uv_size": [-2.10526, -2.10526]}
							}
						},
						{
							"origin": [-0.60457, 27.04354, -1.01891],
							"size": [1.0184, 1.92456, 2.1384],
							"pivot": [10.09145, 9.47135, 0],
							"rotation": [0, 0, -17.5],
							"uv": {
								"north": {"uv": [0.04964, 0.02783], "uv_size": [2.10526, 2.10526]},
								"east": {"uv": [0.01376, 0.03267], "uv_size": [2.10526, 2.10526]},
								"south": {"uv": [0.05084, 0.03388], "uv_size": [2.10526, 2.10526]},
								"west": {"uv": [0.04007, 0.0363], "uv_size": [2.10526, 2.10526]},
								"up": {"uv": [2.15969, 2.12825], "uv_size": [-2.10526, -2.10526]},
								"down": {"uv": [2.14653, 2.17786], "uv_size": [-2.10526, -2.10526]}
							}
						}
					]
				},
				{
					"name": "righthand",
					"parent": "rightarm2",
					"pivot": [-5.81268, 19.799, 0.19477],
					"cubes": [
						{
							"origin": [-8.56505, 19.06598, -1.23275],
							"size": [0.85536, 2.28096, 2.56608],
							"pivot": [0.55879, 32.75174, -0.94763],
							"rotation": [0, 0, -10],
							"uv": {
								"north": {"uv": [0, 0.04114], "uv_size": [0.10526, 0]},
								"east": {"uv": [2.10526, 0], "uv_size": [2.10526, 2.10526]},
								"south": {"uv": [0.0012, 0.04114], "uv_size": [0.10526, 0]},
								"west": {"uv": [0.0299, 0.00847], "uv_size": [0.10526, 0]},
								"up": {"uv": [0.10885, 0.04416], "uv_size": [-0.10526, 0]},
								"down": {"uv": [0.1256, 0.04114], "uv_size": [-0.10526, 0]}
							}
						},
						{
							"origin": [-15.70963, 17.3574, 7.96916],
							"size": [0.85536, 2.28096, 0.85536],
							"pivot": [-6.58579, 31.04316, 8.25428],
							"rotation": [-35, -20, -35],
							"uv": {
								"north": {"uv": [6.91447, 3.46038], "uv_size": [1.26316, 1.26316]},
								"east": {"uv": [6.93361, 3.45433], "uv_size": [1.26316, 1.26316]},
								"south": {"uv": [6.93122, 3.46038], "uv_size": [1.26316, 1.26316]},
								"west": {"uv": [6.93242, 3.46038], "uv_size": [1.26316, 1.26316]},
								"up": {"uv": [8.17763, 4.72837], "uv_size": [-1.26316, -1.26316]},
								"down": {"uv": [8.17883, 4.72716], "uv_size": [-1.26316, -1.26316]}
							}
						},
						{
							"origin": [-12.98289, 20.42815, -1.22387],
							"size": [0.61536, 1.32096, 0.43536],
							"pivot": [-3.97905, 33.15391, -0.93875],
							"rotation": [10, -20, -35],
							"uv": {
								"north": {"uv": [6.87739, 3.46521], "uv_size": [1.26316, 1.26316]},
								"east": {"uv": [6.88457, 3.46521], "uv_size": [1.26316, 1.26316]},
								"south": {"uv": [6.88577, 3.46521], "uv_size": [1.26316, 1.26316]},
								"west": {"uv": [6.88696, 3.46521], "uv_size": [1.26316, 1.26316]},
								"up": {"uv": [8.20455, 4.70236], "uv_size": [-1.26316, -1.26316]},
								"down": {"uv": [8.17703, 4.73079], "uv_size": [-1.26316, -1.26316]}
							}
						},
						{
							"origin": [-8.13458, 17.82466, 0.7455],
							"size": [0.85536, 1.43736, 0.64152],
							"pivot": [0.98926, 30.31042, 0.88806],
							"rotation": [-10, 0, -10],
							"uv": {
								"north": {"uv": [6.936, 3.4265], "uv_size": [1.26316, 1.26316]},
								"east": {"uv": [6.88816, 3.46521], "uv_size": [1.26316, 1.26316]},
								"south": {"uv": [6.90132, 3.46279], "uv_size": [1.26316, 1.26316]},
								"west": {"uv": [6.88935, 3.46521], "uv_size": [1.26316, 1.26316]},
								"up": {"uv": [8.20395, 4.72414], "uv_size": [-1.26316, -1.26316]},
								"down": {"uv": [8.20395, 4.72474], "uv_size": [-1.26316, -1.26316]}
							}
						},
						{
							"origin": [-15.05985, 18.24791, 1.09104],
							"size": [0.55536, 1.43736, 0.52152],
							"pivot": [-5.93601, 30.73367, 1.1736],
							"rotation": [-8.6822, -4.98093, -39.62165],
							"uv": {
								"north": {"uv": [6.89055, 3.46521], "uv_size": [1.26316, 1.26316]},
								"east": {"uv": [6.89175, 3.46521], "uv_size": [1.26316, 1.26316]},
								"south": {"uv": [6.89294, 3.46521], "uv_size": [1.26316, 1.26316]},
								"west": {"uv": [6.89414, 3.46521], "uv_size": [1.26316, 1.26316]},
								"up": {"uv": [8.20455, 4.70357], "uv_size": [-1.26316, -1.26316]},
								"down": {"uv": [8.17823, 4.73079], "uv_size": [-1.26316, -1.26316]}
							}
						},
						{
							"origin": [-11.59261, 19.25954, 0.4233],
							"size": [0.85536, 1.43736, 0.64152],
							"pivot": [-2.46877, 31.7453, 0.56586],
							"rotation": [-5, 0, -25],
							"uv": {
								"north": {"uv": [6.90371, 3.46279], "uv_size": [1.26316, 1.26316]},
								"east": {"uv": [6.89533, 3.46521], "uv_size": [1.26316, 1.26316]},
								"south": {"uv": [6.936, 3.43013], "uv_size": [1.26316, 1.26316]},
								"west": {"uv": [6.89653, 3.46521], "uv_size": [1.26316, 1.26316]},
								"up": {"uv": [8.20395, 4.72656], "uv_size": [-1.26316, -1.26316]},
								"down": {"uv": [8.20395, 4.72716], "uv_size": [-1.26316, -1.26316]}
							}
						},
						{
							"origin": [-17.18156, 18.17396, 0.60387],
							"size": [0.55536, 1.43736, 0.52152],
							"pivot": [-8.05772, 30.65972, 0.68643],
							"rotation": [-4.53359, -2.11089, -49.91643],
							"uv": {
								"north": {"uv": [6.89773, 3.46521], "uv_size": [1.26316, 1.26316]},
								"east": {"uv": [6.89892, 3.46521], "uv_size": [1.26316, 1.26316]},
								"south": {"uv": [6.90012, 3.46521], "uv_size": [1.26316, 1.26316]},
								"west": {"uv": [6.90132, 3.46521], "uv_size": [1.26316, 1.26316]},
								"up": {"uv": [8.20455, 4.70478], "uv_size": [-1.26316, -1.26316]},
								"down": {"uv": [8.17943, 4.73079], "uv_size": [-1.26316, -1.26316]}
							}
						},
						{
							"origin": [-15.30519, 19.71844, -0.86484],
							"size": [0.85536, 1.43736, 0.64152],
							"pivot": [-6.18135, 32.2042, -0.36588],
							"rotation": [5, 0, -40],
							"uv": {
								"north": {"uv": [6.9049, 3.46279], "uv_size": [1.26316, 1.26316]},
								"east": {"uv": [6.90371, 3.46521], "uv_size": [1.26316, 1.26316]},
								"south": {"uv": [6.9061, 3.46279], "uv_size": [1.26316, 1.26316]},
								"west": {"uv": [6.9384, 3.43013], "uv_size": [1.26316, 1.26316]},
								"up": {"uv": [8.20275, 4.73019], "uv_size": [-1.26316, -1.26316]},
								"down": {"uv": [8.20395, 4.72837], "uv_size": [-1.26316, -1.26316]}
							}
						},
						{
							"origin": [-22.05797, 16.30792, -0.95602],
							"size": [0.49536, 1.43736, 0.52152],
							"pivot": [-12.93413, 28.79368, -0.51706],
							"rotation": [4.22005, 2.68407, -72.40109],
							"uv": {
								"north": {"uv": [6.9049, 3.46521], "uv_size": [1.26316, 1.26316]},
								"east": {"uv": [6.9061, 3.46521], "uv_size": [1.26316, 1.26316]},
								"south": {"uv": [6.9384, 3.43255], "uv_size": [1.26316, 1.26316]},
								"west": {"uv": [6.9073, 3.46521], "uv_size": [1.26316, 1.26316]},
								"up": {"uv": [8.20455, 4.70599], "uv_size": [-1.26316, -1.26316]},
								"down": {"uv": [8.18062, 4.73079], "uv_size": [-1.26316, -1.26316]}
							}
						},
						{
							"origin": [-20.01325, 18.77317, -1.22456],
							"size": [0.85536, 1.19736, 0.64152],
							"pivot": [-10.88941, 31.01893, -0.7256],
							"rotation": [10, 0, -60],
							"uv": {
								"north": {"uv": [6.91567, 3.464], "uv_size": [1.26316, 1.26316]},
								"east": {"uv": [6.93959, 3.46642], "uv_size": [1.26316, 1.26316]},
								"south": {"uv": [6.9372, 3.44223], "uv_size": [1.26316, 1.26316]},
								"west": {"uv": [6.94079, 3.36842], "uv_size": [1.26316, 1.26316]},
								"up": {"uv": [8.20514, 4.63158], "uv_size": [-1.26316, -1.26316]},
								"down": {"uv": [8.10526, 4.73079], "uv_size": [-1.26316, -1.26316]}
							}
						},
						{
							"origin": [-26.40752, 11.79969, -1.52618],
							"size": [0.49536, 1.19736, 0.52152],
							"pivot": [-17.28368, 24.04545, -1.08722],
							"rotation": [7.69263, 6.40865, -99.56869],
							"uv": {
								"north": {"uv": [6.94079, 3.36842], "uv_size": [1.26316, 1.26316]},
								"east": {"uv": [6.84211, 3.46763], "uv_size": [1.26316, 1.26316]},
								"south": {"uv": [6.94079, 3.36842], "uv_size": [1.26316, 1.26316]},
								"west": {"uv": [6.8427, 3.46763], "uv_size": [1.26316, 1.26316]},
								"up": {"uv": [8.20455, 4.7072], "uv_size": [-1.26316, -1.26316]},
								"down": {"uv": [8.18182, 4.73079], "uv_size": [-1.26316, -1.26316]}
							}
						},
						{
							"origin": [-3.11308, 15.70363, -1.09019],
							"size": [0.85536, 1.70359, 2.28096],
							"pivot": [6.48834, 28.81202, -0.94763],
							"rotation": [0, 0, 15],
							"uv": {
								"north": {"uv": [0.0939, 0.06413], "uv_size": [2.10526, 2.10526]},
								"east": {"uv": [0.08911, 0.07743], "uv_size": [2.10526, 2.10526]},
								"south": {"uv": [0.06519, 0.09437], "uv_size": [2.10526, 2.10526]},
								"west": {"uv": [0.08911, 0.08348], "uv_size": [2.10526, 2.10526]},
								"up": {"uv": [2.19797, 2.20024], "uv_size": [-2.10526, -2.10526]},
								"down": {"uv": [2.10526, 2.19843], "uv_size": [-2.10526, -2.10526]}
							}
						}
					],
					"locators": {
						"rightarm": [-5, 16.5, -0.5]
					}
				}
			]
		}
	]
}