{
    "format_version": "1.16.0",
    "minecraft:entity": {
        "description": {
            "identifier": "rai:karibarai",
            "is_spawnable": false,
            "is_summonable": false,
            "is_experimental": false,
            "runtime_identifier" : "minecraft:snowball"
        },
        "component_groups": {
            "karibarai": {
                "minecraft:projectile": {
                    "on_hit": {
                        "impact_damage": {
                            "damage": 10,
                            "knockback": false
                        },
                        "stick_in_ground": {
                        },
                        "definition_event": {
                            "affect_projectile": true,
                            "event_trigger": {
                                "event": "explode",
                                "target": "self"
                            }
                        }
                    },
                    "power": 2.75,
                    "gravity": 0.01,
                    "uncertainty_base": 3,
                    "uncertainty_multiplier": 0,
                    "offset": [
                        0,
                        -0.5,
                        0
                    ]
                }
            },
            "karibarai2": {
                "minecraft:projectile": {
                    "on_hit": {
                        "impact_damage": {
                            "damage": 12,
                            "knockback": false
                        },
                        "stick_in_ground": {
                        },
                        "definition_event": {
                            "affect_projectile": true,
                            "event_trigger": {
                                "event": "explode",
                                "target": "self"
                            }
                        }
                    },
                    "power": 3,
                    "gravity": 0.01,
                    "uncertainty_base": 3,
                    "uncertainty_multiplier": 0,
                    "offset": [
                        0,
                        -0.5,
                        0
                    ]
                }
            },
            "karibarai3": {
                "minecraft:projectile": {
                    "on_hit": {
                        "impact_damage": {
                            "damage": 16,
                            "knockback": false
                        },
                        "stick_in_ground": {
                        },
                        "definition_event": {
                            "affect_projectile": true,
                            "event_trigger": {
                                "event": "explode",
                                "target": "self"
                            }
                        }
                    },
                    "power": 3.25,
                    "gravity": 0.01,
                    "uncertainty_base": 3,
                    "uncertainty_multiplier": 0,
                    "offset": [
                        0,
                        -0.5,
                        0
                    ]
                }
            },
            "karibarai4": {
                "minecraft:projectile": {
                    "on_hit": {
                        "impact_damage": {
                            "damage": 20,
                            "knockback": false
                        },
                        "stick_in_ground": {
                        },
                        "definition_event": {
                            "affect_projectile": true,
                            "event_trigger": {
                                "event": "explode",
                                "target": "self"
                            }
                        }
                    },
                    "power": 3.5,
                    "gravity": 0.01,
                    "uncertainty_base": 3,
                    "uncertainty_multiplier": 0,
                    "offset": [
                        0,
                        -0.5,
                        0
                    ]
                }
            },
            "explode": {
                "minecraft:projectile": {
                    "power": 0,
                    "gravity": 0.0,
                    "uncertainty_base": 3,
                    "uncertainty_multiplier": 0,
                    "offset": [
                        0,
                        -0.5,
                        0
                    ]
                },
                "minecraft:area_attack": {
                    "entity_filter": {
                        "all_of": [
                            {
                                "any_of": [
                                    {
                                        "test": "is_family",
                                        "subject": "other",
                                        "operator": "not",
                                        "value": "player"
                                    },
                                    {
                                        "all_of": [
                                            {
                                                "test": "has_tag",
                                                "operator": "not",
                                                "value": "mob_attack"
                                            },
                                            {
                                                "test": "is_family",
                                                "subject": "other",
                                                "value": "player"
                                            },
                                            {
                                                "test": "is_game_rule",
                                                "domain": "pvp",
                                                "value": true
                                            }
                                        ]
                                    }
                                ]
                            },
                            {
                                "test": "is_owner",
                                "subject": "other",
                                "value": false
                            }
                        ]
                    },
                    "damage_per_tick": 10,
                    "damage_range": 2.5,
                    "cause": "entity_explosion"
                },
                "minecraft:timer": {
                    "time": 0.1,
                    "looping": false,
                    "time_down_event": {
                        "event": "despawn"
                    }
                }
            },
            "despawn": {
                "minecraft:instant_despawn": {
                    "remove_child_entities": true
                }
            }
        },
        "components": {
            "minecraft:type_family": {
                "family": [
                    "jujutsu_kaisen",
                    "projectile",
                    "damage",
                    "karibarai",
                    "tick_despawn"
                ]
            },
            "minecraft:fire_immune": {
            },
            "minecraft:timer": {
                "looping": true,
                "time": 1,
                "time_down_event": {
                    "event": "explode"
                }
            },
            "minecraft:damage_sensor": {
                "triggers": [
                    {
                        "cause": "all",
                        "deals_damage": false
                    }
                ]
            },
            "minecraft:collision_box": {
                "width": 0,
                "height": 0
            },
            "minecraft:physics": {}
        },
        "events": {
            "karibarai": {
                "add": {
                    "component_groups": [
                        "karibarai"
                    ]
                }
            },
            "karibarai2": {
                "add": {
                    "component_groups": [
                        "karibarai2"
                    ]
                }
            },
            "karibarai3": {
                "add": {
                    "component_groups": [
                        "karibarai3"
                    ]
                }
            },
            "karibarai4": {
                "add": {
                    "component_groups": [
                        "karibarai4"
                    ]
                }
            },
            "explode": {
                "run_command": {
                    "command": [
                        "tp ~~~",
                        "execute as @s[tag=!explode] run summon rai:block_explode ~~~ ~ ~ explode3",
                        "tag @s add explode"
                    ]
                },
                "add": {
                    "component_groups": [
                        "explode"
                    ]
                }
            },
            "despawn": {
                "add": {
                    "component_groups": [
                        "despawn"
                    ]
                }
            }
        }
    }
}