{
    "format_version": "1.16.0",
    "minecraft:entity": {
        "description": {
            "identifier": "rai:sekibaku",
            "is_spawnable": false,
            "is_summonable": true,
            "is_experimental": false,
            "runtime_identifier" : "minecraft:snowball"
        },
        "component_groups": {
            "sekibaku": {
                "minecraft:timer": {
                    "time": 1.5,
                    "looping": true,
                    "time_down_event": {
                        "event": "despawn"
                    }
                },
                "minecraft:projectile": {
                    "liquid_inertia": 1,
                    "power": 1,
                    "gravity": 0.06,
                    "on_hit": {
                        "definition_event": {
                            "affect_projectile": true,
                            "event_trigger": {
                                "event": "sekibaku2"
                            }
                        },
                        "stick_in_ground": {}
                    },
                    "offset": [
                        0,
                        0,
                        0
                    ]
                }
            },
            "sekibaku2": {
                "minecraft:rideable": {
                    "family_types": [
                        "rider_entity"
                    ],
                    "seats": [
                        {
                            "position": [0, 0, 0]
                        }
                    ],
                    "interact_text": "",
                    "seat_count": 1
                },
                "minecraft:variant": {
                    "value": 1
                },
                "minecraft:timer": {
                    "looping": true,
                    "time": 0.1,
                    "time_down_event": {
                        "event": "sekibaku3"
                    }
                }
            },
            "sekibaku3": {
                "minecraft:type_family": {
                    "family": [
                        "jujutsu_kaisen",
                        "projectile",
                        "damage",
                        "sekibaku"
                    ]
                },
                "minecraft:scale": {
                    "value": 0
                },
                "minecraft:despawn": {
                    "filters": {
                        "test": "rider_count",
                        "value": 0
                    }
                },
                "minecraft:timer": {
                    "looping": true,
                    "time": 5,
                    "time_down_event": {
                        "event": "despawn"
                    }
                }
            },
            "despawn": {
                "minecraft:instant_despawn": {
                    "remove_child_entities": true
                }
            }
        },
        "components": {
            "minecraft:nameable": {
                "allow_name_tag_renaming": false,
                "always_show": false
            },
            "minecraft:type_family": {
                "family": [
                    "jujutsu_kaisen",
                    "projectile",
                    "damage",
                    "sekibaku"
                ]
            },
            "minecraft:fire_immune": {
            },
            "minecraft:damage_sensor": {
                "triggers": [
                    {
                        "cause": "all",
                        "deals_damage": false
                    }
                ]
            },
            "minecraft:collision_box": {
                "width": 0,
                "height": 0
            },
            "minecraft:physics": {}
        },
        "events": {
            "sekibaku": {
                "run_command": {
                    "command": [
                        "tag @s add player_name_entity2"
                    ]
                },
                "add": {
                    "component_groups": [
                        "sekibaku"
                    ]
                }
            },
            "sekibaku2": {
                "remove": {
                    "component_groups": [
                        "sekibaku"
                    ]
                },
                "add": {
                    "component_groups": [
                        "sekibaku2"
                    ]
                }
            },
            "sekibaku3": {
                "run_command": {
                    "command": [
                        "ride @s summon_rider rai:rider_entity sekibaku",
                        "tag @s add sekibaku"
                    ]
                },
                "add": {
                    "component_groups": [
                        "sekibaku3"
                    ]
                }
            },
            "despawn": {
                "add": {
                    "component_groups": [
                        "despawn"
                    ]
                }
            },
            "kill": {
                "add": {
                    "component_groups": [
                        "despawn"
                    ]
                }
            }
        }
    }
}