{
  "format_version": "1.12",
  "minecraft:recipe_shaped": {
    "description": {
      "identifier": "dynamite_x100_d0e00275"
    },
    "tags": [
      "crafting_table"
    ],
    "pattern": [
      " A ",
      "ABA",
      " A "
    ],
    "key": {
      "A": {
        "item": "minecraft:arrow",
        "data": 0
      },
      "B": {
        "item": "destructive:x100_tnt_survival",
        "data": 0
      }
    },
    "result": {
      "item": "destructive:dynamite_x100",
      "count": 1
    }
  }
}