{
  "format_version": "1.12",
  "minecraft:recipe_shaped": {
    "description": {
      "identifier": "tnt_x50__survival_729b3a94"
    },
    "tags": [
      "crafting_table"
    ],
    "pattern": [
      "AAA",
      "ABA",
      "AAA"
    ],
    "key": {
      "A": {
        "item": "minecraft:gunpowder",
        "data": 0
      },
      "B": {
        "item": "destructive:tnt_x20__survival",
        "data": 0
      }
    },
    "result": {
      "item": "destructive:tnt_x50__survival",
      "count": 1
    }
  }
}