{
  "format_version": "1.12",
  "minecraft:recipe_shaped": {
    "description": {
      "identifier": "nuke_survival_0d593e13"
    },
    "tags": [
      "crafting_table"
    ],
    "pattern": [
      "AAA",
      "ABC",
      "CCC"
    ],
    "key": {
      "A": {
        "item": "minecraft:diamond",
        "data": 0
      },
      "B": {
        "item": "minecraft:tnt",
        "data": 0
      },
      "C": {
        "item": "minecraft:gunpowder",
        "data": 0
      }
    },
    "result": {
      "item": "destructive:nuke_survival",
      "count": 1
    }
  }
}