{
  "format_version": "1.12",
  "minecraft:recipe_shaped": {
    "description": {
      "identifier": "no_texture_tnt_survival_d451cba9"
    },
    "tags": [
      "crafting_table"
    ],
    "pattern": [
      "ABA",
      "BCB",
      "ABA"
    ],
    "key": {
      "A": {
        "item": "minecraft:concrete",
        "data": 15
      },
      "B": {
        "item": "minecraft:concrete",
        "data": 10
      },
      "C": {
        "item": "minecraft:tnt",
        "data": 0
      }
    },
    "result": {
      "item": "destructive:no_texture_tnt_survival",
      "count": 1
    }
  }
}