{
  "format_version": "1.12",
  "minecraft:recipe_shaped": {
    "description": {
      "identifier": "mining_tnt_survival_613a7aab"
    },
    "tags": [
      "crafting_table"
    ],
    "pattern": [
      "AAA",
      " B ",
      " B "
    ],
    "key": {
      "A": {
        "item": "minecraft:tnt",
        "data": 0
      },
      "B": {
        "item": "minecraft:gunpowder",
        "data": 0
      }
    },
    "result": {
      "item": "destructive:mining_tnt_survival",
      "count": 1
    }
  }
}