{
  "format_version": "1.12",
  "minecraft:recipe_shaped": {
    "description": {
      "identifier": "dynamite_x5_8bd9ae5b"
    },
    "tags": [
      "crafting_table"
    ],
    "pattern": [
      " A ",
      "ABA",
      " A "
    ],
    "key": {
      "A": {
        "item": "minecraft:arrow",
        "data": 0
      },
      "B": {
        "item": "destructive:x5_tnt__survival",
        "data": 0
      }
    },
    "result": {
      "item": "destructive:dynamite_x5",
      "count": 1
    }
  }
}