{
  "format_version": "1.12",
  "minecraft:recipe_shaped": {
    "description": {
      "identifier": "giant_tnt_d04f7e01"
    },
    "tags": [
      "crafting_table"
    ],
    "pattern": [
      "AAA",
      "BBB",
      "BAA"
    ],
    "key": {
      "A": {
        "item": "loled:creepy_smily_face",
        "data": 0
      },
      "B": {
        "item": "loling:loling_table",
        "data": 0
      }
    },
    "result": {
      "item": "destructive:giant_tnt",
      "count": 1
    }
  }
}