{
 "geometry.chicken.v1.12": {
    "bones": [
      {
        "name": "head",
        "pivot": [ 0.0, 9.0, -4.0 ],
        "rotation": [ 0.0, 0.0, 0.0 ],
        "cubes": [
          {
            "origin": [ -2.0, 7.0, -6.0 ],
            "size": [ 4.0, 6.0, 3.0 ],
            "uv": [ 0, 0 ]
          },
          {
            "origin": [ -2.0, 9.0, -8.0 ],
            "size": [ 4.0, 2.0, 2.0 ],
            "uv": [ 14, 0 ]
          },
          {
            "origin": [ -1.0, 7.0, -7.0 ],
            "size": [ 2.0, 2.0, 2.0 ],
            "uv": [ 14, 4 ]
          }
        ]
      },
      {
        "name": "body",
        "pivot": [ 0.0, 8.0, 0.0 ],
        "rotation": [ 0.0, 0.0, 0.0 ],
        "cubes": [
          {
            "origin": [ -3.0, 4.0, -3.0 ],
            "size": [ 6.0, 6.0, 8.0 ],
            "uv": [ 0, 9 ]
          }
        ]
      },
      {
        "name": "rightLeg",
        "pivot": [ -2.0, 5.0, 1.0 ],
        "rotation": [ 0.0, 0.0, 0.0 ],
        "cubes": [
          {
            "origin": [ -3.0, 0.0, -2.0 ],
            "size": [ 3.0, 5.0, 3.0 ],
            "uv": [ 26, 0 ]
          }
        ]
      },
      {
        "name": "leftLeg",
        "pivot": [ 1.0, 5.0, 1.0 ],
        "rotation": [ 0.0, 0.0, 0.0 ],
        "cubes": [
          {
            "origin": [ 0.0, 0.0, -2.0 ],
            "size": [ 3.0, 5.0, 3.0 ],
            "uv": [ 26, 0 ]
          }
        ]
      },
      {
        "name": "rightArm",
        "pivot": [ -2.0, 11.0, 0.0 ],
        "rotation": [ 0.0, 0.0, 0.0 ],
        "cubes": [
          {
            "origin": [ -1.0, 6.0, -2.0 ],
            "size": [ 1.0, 4.0, 6.0 ],
            "uv": [ 24, 13 ]
          }
        ]
      },
      {
        "name": "leftArm",
        "pivot": [ 4.0, 11.0, 0.0 ],
        "rotation": [ 0.0, 0.0, 0.0 ],
        "cubes": [
          {
            "origin": [ 2.0, 6.0, -2.0 ],
            "size": [ 1.0, 4.0, 6.0 ],
            "uv": [ 24, 13 ]
          }
        ]
      }
    ],
    "texturewidth": 64,
    "textureheight": 64,
    "META_ModelVersion": "1.0.6",
    "rigtype": "normal",
    "animationArmsDown": true,
    "animationArmsOutFront": false,
    "animationStatueOfLibertyArms": false,
    "animationSingleArmAnimation": false,
    "animationStationaryLegs": false,
    "animationSingleLegAnimation": false,
    "animationNoHeadBob": true,
    "animationDontShowArmor": false,
    "animationUpsideDown": false,
    "animationInvertedCrouch": false
 }
}