{ 
  "format_version": "1.12.0",
  "minecraft:geometry": [
    {
      "description": {
        "identifier": "geometry.villager.v1.8",
        "visible_bounds_width": 2,
        "visible_bounds_height": 4,
        "visible_bounds_offset": [ 0, 2, 0 ],
        "texture_width": 64,
        "texture_height": 64
      },
      "bones": [
        {
          "name": "root",
          "pivot": [ 0.0, 0.0, 0.0 ]
        },
        {
          "name": "body",
          "parent": "waist",
          "pivot": [ 0, 24, 0 ],
		    "mirror": true,
			 "cubes": [
					{"origin": [-4, 12, -3], "size": [8, 12, 6], "uv": [16, 20]},
					{"origin": [-4, 6, -3], "size": [8, 18, 6], "uv": [0, 38], "inflate": 0.5
            }
          ]
        },

        {
          "name": "waist",
          "parent": "root",
          "pivot": [ 0.0, 12.0, 0.0 ]
        },

        {
          "name": "head",
          "parent": "body",
          "pivot": [ 0, 24, 0 ],
			 "mirror": true,
			 "cubes": [
					{"origin": [-4, 24, -4], "size": [8, 10, 8], "uv": [0, 0]},
					{"origin": [-1, 23, -6], "size": [2, 4, 2], "uv": [24, 0]
            }
          ]
        },

        {
          "name": "cape",
          "pivot": [ 0.0, 24, 3.0 ],
          "parent": "body"
        },
        {
          "name": "leftArm",
          "parent": "body",
          "pivot": [ 7, 19, -3 ]
        },
        {
          "name": "leftItem",
          "pivot": [ 7, 19, -3 ],
          "parent": "leftArm"
        },
        {
          "name": "rightArm",
          "parent": "body",
          "pivot": [ 0, 19, 2 ]
        },
        {
          "name": "rightItem",
          "pivot": [ 0, 19, -4 ],
          "locators": {
            "lead_hold": [ 0, 19, -4 ]
          },
          "parent": "rightArm"
        },

        {
          "name": "leftLeg",
          "parent": "root",
          "pivot": [ 2, 12, 0 ],
          "cubes": [
					{"origin": [0, 0, -2], "size": [4, 12, 4], "uv": [0, 22]
            }
          ]
        },

        {
          "name": "rightLeg",
          "parent": "root",
          "pivot": [ -2, 12, 0 ],
          "cubes": [
					{"origin": [-4, 0, -2], "size": [4, 12, 4], "uv": [0, 22]
            }
          ]
        },

        {
 				"name": "jacket",
				"parent": "body",
				"pivot": [0, 24, 0],
				"rotation": [-40, 0, 0],
				"mirror": true,
				"cubes": [
					{"origin": [-4, 16, -1], "size": [8, 4, 4], "uv": [40, 37]},
					{"origin": [4, 16, -1], "size": [4, 8, 4], "uv": [44, 22]},
					{"origin": [-8, 16, -1], "size": [4, 8, 4], "uv": [44, 22]
            }
          ]
        }
      ]
    }
 ]
}