{"format_version":"1.8.0","minecraft:entity":{"description":{"identifier":"yg:helicopter_speaker","is_spawnable":true,"is_summonable":true,"is_experimental":false},"component_groups":{"minecraft:get_calm":{"minecraft:on_target_acquired":{"event":"minecraft:get_angry","target":"self"}},"minecraft:get_angry":{"minecraft:on_target_escape":{"event":"minecraft:get_calm","target":"self"},"minecraft:behavior.knockback_roar":{"priority":1,"duration":2.5,"attack_time":0.5,"cooldown_time":0.01,"knockback_damage":55,"knockback_horizontal_strength":5,"knockback_vertical_strength":10,"knockback_range":35,"knockback_filters":{"test":"is_family","subject":"other","operator":"!=","value":"alliance"},"damage_filters":{"test":"is_family","subject":"other","operator":"!=","value":"alliance"}},"minecraft:behavior.melee_attack":{"priority":3,"track_target":true,"speed_multiplier":1.33},"minecraft:area_attack":{"damage_range":5.5,"damage_per_tick":15,"cause":"contact","entity_filter":{"all_of":[{"test":"is_family","subject":"other","value":"alliance","operator":"!="}]}}},"minecraft:exploding":{"minecraft:explode":{"fuse_length":0,"fuse_lit":true,"power":4,"causes_fire":false,"destroy_affected_by_griefing":true}}},"components":{"minecraft:nameable":{},"minecraft:type_family":{"family":["mob","alliance","Ζθριεφατο","speaker_man"]},"minecraft:collision_box":{"width":0.6,"height":1.6},"minecraft:scale":{"value":1},"minecraft:health":{"value":355,"max":355},"minecraft:movement":{"value":0.33},"minecraft:movement.basic":{},"minecraft:behavior.float":{"priority":1},"minecraft:jump.static":{},"minecraft:can_climb":{},"minecraft:physics":{},"minecraft:pushable":{"is_pushable":true,"is_pushable_by_piston":true},"minecraft:navigation.walk":{"avoid_damage_blocks":false,"can_walk":true,"avoid_water":false,"can_path_over_water":true},"minecraft:behavior.random_look_around":{"priority":9},"minecraft:behavior.hurt_by_target":{"priority":1},"minecraft:behavior.random_stroll":{"priority":7,"speed_multiplier":1},"minecraft:knockback_resistance":{"value":150},"minecraft:damage_sensor":{"deals_damage":true},"minecraft:follow_range":{"value":30,"max":30},"minecraft:behavior.nearest_attackable_target":{"priority":2,"must_see":true,"reselect_targets":true,"within_radius":35,"must_see_forget_duration":15,"entity_types":[{"filters":{"any_of":[{"test":"is_family","subject":"other","value":"monster"},{"test":"is_family","subject":"other","value":"undead"},{"test":"is_family","subject":"other","value":"warden"},{"test":"is_family","subject":"other","value":"illager"},{"test":"is_family","subject":"other","value":"infected"},{"test":"is_family","subject":"other","value":"toiletskibidis"}]},"max_dist":35}]},"minecraft:behavior.melee_attack":{"priority":3,"track_target":true,"speed_multiplier":1.33},"minecraft:attack":{"damage":35},"minecraft:loot":{"table":"loot_tables/entities/null.json"},"minecraft:leashable":{"soft_distance":4,"hard_distance":6,"max_distance":10,"can_be_stolen":true},"minecraft:is_hidden_when_invisible":{}},"events":{"minecraft:entity_spawned":{"add":{"component_groups":["minecraft:get_calm"]}},"minecraft:get_angry":{"add":{"component_groups":["minecraft:get_angry"]},"remove":{"component_groups":["minecraft:get_calm"]}},"minecraft:get_calm":{"add":{"component_groups":["minecraft:get_calm"]},"remove":{"component_groups":["minecraft:get_angry"]}},"minecraft:exploding":{"add":{"component_groups":["minecraft:exploding"]}}}}}