{"format_version":"1.8.0","minecraft:entity":{"description":{"identifier":"yg:titan_speaker_man_2","is_spawnable":true,"is_summonable":true,"is_experimental":false},"component_groups":{"minecraft:melee_mode":{"minecraft:behavior.nearest_attackable_target":{"priority":2,"must_see":true,"reselect_targets":true,"within_radius":35,"must_see_forget_duration":15,"entity_types":[{"filters":{"any_of":[{"test":"is_family","subject":"other","value":"monster"},{"test":"is_family","subject":"other","value":"undead"},{"test":"is_family","subject":"other","value":"illager"},{"test":"is_family","subject":"other","value":"infected"},{"test":"is_family","subject":"other","value":"toiletskibidis"}]},"max_dist":35}]},"minecraft:behavior.melee_attack":{"priority":3,"track_target":true,"speed_multiplier":1.25,"on_attack":{"event":"minecraft:start_melee_mode","target":"self"}},"minecraft:variant":{"value":0}},"minecraft:range_mode":{"minecraft:behavior.nearest_attackable_target":{"priority":2,"must_see":true,"reselect_targets":true,"within_radius":35,"must_see_forget_duration":15,"entity_types":[{"filters":{"any_of":[{"test":"is_family","subject":"other","value":"monster"},{"test":"is_family","subject":"other","value":"undead"},{"test":"is_family","subject":"other","value":"warden"},{"test":"is_family","subject":"other","value":"illager"},{"test":"is_family","subject":"other","value":"infected"},{"test":"is_family","subject":"other","value":"toiletskibidis"}]},"max_dist":35}]},"minecraft:behavior.ranged_attack":{"priority":1,"attack_radius":40,"charge_shoot_trigger":1,"charge_charged_trigger":0.5},"minecraft:shooter":{"type":"snowball","def":"yg:stitan_bullet"},"minecraft:variant":{"value":1}},"minecraft:speaker_roar":{"minecraft:behavior.nearest_attackable_target":{"priority":2,"must_see":true,"reselect_targets":true,"within_radius":35,"must_see_forget_duration":15,"entity_types":[{"filters":{"any_of":[{"test":"is_family","subject":"other","value":"monster"},{"test":"is_family","subject":"other","value":"undead"},{"test":"is_family","subject":"other","value":"illager"},{"test":"is_family","subject":"other","value":"infected"},{"test":"is_family","subject":"other","value":"toiletskibidis"}]},"max_dist":35}]},"minecraft:behavior.knockback_roar":{"priority":1,"duration":2.5,"attack_time":0.5,"cooldown_time":0.01,"knockback_damage":55,"knockback_horizontal_strength":15,"knockback_vertical_strength":5,"knockback_range":35,"knockback_filters":{"test":"is_family","subject":"other","operator":"!=","value":"alliance"},"damage_filters":{"test":"is_family","subject":"other","operator":"!=","value":"alliance"},"on_roar_end":{"event":"minecraft:stop_speaker_roar"}},"minecraft:behavior.roar":{"priority":2,"duration":1.5},"minecraft:area_attack":{"damage_range":15,"damage_per_tick":55,"cause":"contact","entity_filter":{"all_of":[{"test":"is_family","subject":"other","value":"alliance","operator":"!="}]}},"minecraft:variant":{"value":2}}},"components":{"minecraft:nameable":{},"minecraft:type_family":{"family":["mob","alliance","Ζθριεφατο","speaker_man"]},"minecraft:collision_box":{"width":3,"height":3},"minecraft:scale":{"value":1},"minecraft:health":{"value":900000,"max":900000},"minecraft:movement":{"value":0.25},"minecraft:movement.basic":{},"minecraft:behavior.float":{"priority":1},"minecraft:jump.static":{},"minecraft:can_climb":{},"minecraft:physics":{},"minecraft:pushable":{"is_pushable":true,"is_pushable_by_piston":true},"minecraft:navigation.walk":{"avoid_damage_blocks":false,"can_walk":true,"avoid_water":false,"can_path_over_water":true},"minecraft:behavior.random_look_around":{"priority":9},"minecraft:behavior.hurt_by_target":{"priority":1},"minecraft:behavior.look_at_player":{"priority":8,"look_distance":6,"probability":0.02},"minecraft:behavior.random_stroll":{"priority":7,"speed_multiplier":1},"minecraft:knockback_resistance":{"value":99999999},"minecraft:damage_sensor":{"deals_damage":true},"minecraft:follow_range":{"value":30,"max":30},"minecraft:fire_immune":true,"minecraft:behavior.nearest_attackable_target":{"priority":2,"must_see":true,"reselect_targets":true,"within_radius":35,"must_see_forget_duration":15,"entity_types":[{"filters":{"any_of":[{"test":"is_family","subject":"other","value":"monster"},{"test":"is_family","subject":"other","value":"undead"},{"test":"is_family","subject":"other","value":"warden"},{"test":"is_family","subject":"other","value":"illager"},{"test":"is_family","subject":"other","value":"infected"},{"test":"is_family","subject":"other","value":"toiletskibidis"}]},"max_dist":35}]},"minecraft:behavior.melee_attack":{"priority":3,"track_target":true,"speed_multiplier":1.26,"on_attack":{"event":"minecraft:start_melee_mode","target":"self"}},"minecraft:target_nearby_sensor":{"inside_range":2,"outside_range":6,"on_inside_range":{"event":"minecraft:start_melee_mode","target":"self"},"on_outside_range":{"event":"minecraft:start_range_mode","target":"self"}},"minecraft:attack":{"damage":99999},"minecraft:loot":{"table":"loot_tables/entities/null.json"},"minecraft:boss":{"should_darken_sky":false,"hud_range":100,"name":"§l~=§cUPGRADE TITAN SPEAKER MAN§f=~"},"minecraft:leashable":{"soft_distance":4,"hard_distance":6,"max_distance":10,"can_be_stolen":true},"minecraft:is_hidden_when_invisible":{}},"events":{"minecraft:entity_spawned":{},"minecraft:start_melee_mode":{"sequence":[{"randomize":[{"weight":20,"add":{"component_groups":["minecraft:melee_mode"]},"remove":{"component_groups":["minecraft:range_mode"]}},{"weight":5,"add":{"component_groups":["minecraft:speaker_roar"]},"remove":{"component_groups":["minecraft:range_mode"]},"run_command":{"command":["gamerule sendcommandfeedback false","camerashake add @p[c=1] 0.5 1 rotational","particle critical_hit_emitter ~~1~"]}}]}]},"minecraft:start_range_mode":{"add":{"component_groups":["minecraft:range_mode"]}},"minecraft:stop_speaker_roar":{"add":{"component_groups":["minecraft:melee_mode"]},"remove":{"component_groups":["minecraft:speaker_roar"]}}}}}