{"format_version":"1.16.100","minecraft:item":{"description":{"category":"equipment","identifier":"skibidi_toilet:great_skibidi_hammer"},"components":{"minecraft:icon":{"texture":"skibidi_toilet_great_skibidi_hammer"},"minecraft:creative_category":{"parent":"itemGroup.name.axe"},"minecraft:max_stack_size":1,"minecraft:hand_equipped":true,"minecraft:allow_off_hand":true,"minecraft:foil":true,"minecraft:durability":{"max_durability":500000000,"damage_chance":{"min":60,"max":100}},"minecraft:repairable":{"repair_items":[{"items":["minecraft:netherite_block"],"repair_amount":1555},{"items":["skibidi_toilet:great_skibidi_hammer"],"repair_amount":"context.other->query.remaining_durability + 0.2 * context.other->query.max_durability"}]},"minecraft:mining_speed":1,"minecraft:damage":567,"minecraft:enchantable":{"value":15,"slot":"axe"},"minecraft:can_destroy_in_creative":true,"minecraft:weapon":{"on_hurt_entity":{"event":"hurt"},"on_not_hurt_entity":{"event":"hurt"},"on_hit_block":{"event":"hurt"}},"minecraft:on_use":{"on_use":{"event":"on_use_event"}},"minecraft:render_offsets":{"main_hand":{"third_person":{"scale":[0.05,0.05,0.05]},"first_person":{"scale":[0.018999999999988602,0.018999999999988602,0.018999999999988602]}},"off_hand":{"third_person":{"scale":[0.05,0.05,0.05]},"first_person":{"scale":[0.018999999999988602,0.018999999999988602,0.018999999999988602]}}},"minecraft:display_name":{"value":"Great Skibidi Hammer"},"tag:minecraft:is_axe":{},"minecraft:cooldown":{"category":"action_cooldown","duration":3}},"events":{"on_use_event":{"sequence":[{"damage":{"type":"magic","amount":1,"target":"self"}},{"randomize":[{"run_command":{"command":["function Great_Skibidi_Hammer"]},"weight":1},{"run_command":{"command":["function blue_particles"]},"weight":1}]}]},"hurt":{"damage":{"type":"magic","amount":1,"target":"self"}}}}}