{
    "liazgk.drive": {
        "category": "neutral",
        "min_distance": 3.0,
        "sounds": [
            "sounds/liazgk/drive"
        ]
    },
    "liazgk.motor_work": {
        "category": "neutral",
        "min_distance": 3.0,
        "sounds": [
            "sounds/liazgk/motor_work"
        ]
    },
    "liazgk.start": {
        "category": "neutral",
        "min_distance": 3.0,
        "sounds": [
            "sounds/liazgk/start"
        ]
    },
    "liazgk.speed": {
        "category": "neutral",
        "min_distance": 3.0,
        "sounds": [
            "sounds/liazgk/speed"
        ]
    },
    "liazgk.hit": {
        "category": "neutral",
        "min_distance": 3.0,
        "sounds": [
            "sounds/liazgk/hit1",
            "sounds/liazgk/hit2",
            "sounds/liazgk/hit3"
        ]
    },
    "liazgk.death": {
        "category": "neutral",
        "min_distance": 3.0,
        "sounds": [
            "sounds/liazgk/hit1",
            "sounds/liazgk/hit2",
            "sounds/liazgk/hit3"
        ]
    },
    "liazgk.door_open_liazgk": {
        "category": "neutral",
        "min_distance": 3.0,
        "sounds": [
            "sounds/liazgk/door_open_liazgk"
        ]
    },
    "liazgk.door_close_liazgk": {
        "category": "neutral",
        "min_distance": 3.0,
        "sounds": [
            "sounds/liazgk/door_close_liazgk"
        ]
    },
    "liazgk.light_on": {
        "category": "neutral",
        "min_distance": 3.0,
        "sounds": [
            "sounds/liazgk/light_on"
        ]
    },
    "liazgk.light_off": {
        "category": "neutral",
        "min_distance": 3.0,
        "sounds": [
            "sounds/liazgk/light_off"
        ]
    },
    "liazgk.hood": {
        "category": "neutral",
        "min_distance": 3.0,
        "sounds": [
            "sounds/liazgk/hood"
        ]
    },
    "liazgk.color": {
        "category": "neutral",
        "min_distance": 3.0,
        "sounds": [
            "sounds/liazgk/color"
        ]
    }
}