{
	"format_version": "1.8.0",
	"animations": {
		"animation.mbna.walk": {
			"loop": true,
			"animation_length": 40,
			"bones": {
				"llanta1": {
					"rotation": {
						"0.0": [0, 0, 0],
						"10.0": [7200, 0, 0],
						"20.0417": [0, 0, 0],
						"30.0417": [-7200, 0, 0],
						"39.9583": [0, 0, 0]
					}
				}, 
				"llanta2": {
					"rotation": {
						"0.0": [0, 0, 0],
						"4.1667": [3012.48, 0, 0],
						"10.0": [7200, 0, 0],
						"20.0417": [0, 0, 0],
						"30.0417": [-7200, 0, 0],
						"39.9583": [0, 0, 0]
					}
				},
				"llantastraseras": {
					"rotation": {
						"0.0": [0, 0, 0],
						"10.0": [-7200, 0, 0],
						"20.0417": [0, 0, 0],
						"30.0417": [7200, 0, 0],
						"39.9583": [0, 0, 0]
					}
				},   
				"i1": {
					"rotation": {
						"0.0": [0, 0, 0],
						"2.75": [0, 0, 70.5], 
						"3.0": [0, 0, 130.5],
						"6.0": [0, 0, 157.5],
						"8.0": [0, 0, 197.5],
						"17": [0, 0, 235]
					}
				},
				"i2": {
					"rotation": {
						"0.0": [0, 0, 0],
						"1.0417": [0, 0, 232.5],
						"1.1667": [0, 0, 150],
						"3.75": [0, 0, 230],
						"3.875": [0, 0, 150],
						"7.0833": [0, 0, 240],
						"7.2083": [0, 0, 180],
						"10.0417": [0, 0, 230],
						"10.1667": [0, 0, 180],
						"14.125": [0, 0, 240],
						"14.25": [0, 0, 190],
						"23.9583": [0, 0, 240]
					}
				},
				"palanca": {
					"position": {
						"0.0": [0, 0, 0],
						"0.0417": [0, 0, 3]
					}
				}
			}
		}
	}
}