{
  "format_version": "1.12.0",
  "minecraft:geometry": [
    {
      "description": {
        "identifier": "geometry.pa_craftycorn",
        "texture_width": 128,
        "texture_height": 128,
        "visible_bounds_width": 4,
        "visible_bounds_height": 3.5,
        "visible_bounds_offset": [
          0,
          1.25,
          0
        ]
      },
      "bones": [
        {
          "name": "critter",
          "pivot": [
            0,
            25,
            0
          ]
        },
        {
          "name": "left_feet",
          "parent": "critter",
          "pivot": [
            -2,
            12,
            0
          ],
          "cubes": [
            {
              "origin": [
                -4,
                6,
                -2
              ],
              "size": [
                3,
                3,
                3
              ],
              "uv": [
                58,
                40
              ]
            },
            {
              "origin": [
                -3.5,
                9,
                -1.5
              ],
              "size": [
                2,
                3,
                2
              ],
              "uv": [
                61,
                14
              ]
            }
          ]
        },
        {
          "name": "left_leg",
          "parent": "left_feet",
          "pivot": [
            -2,
            6,
            0
          ],
          "cubes": [
            {
              "origin": [
                -5,
                -2,
                -3
              ],
              "size": [
                5,
                4,
                5
              ],
              "uv": [
                15,
                47
              ]
            },
            {
              "origin": [
                -4.5,
                2,
                -2.5
              ],
              "size": [
                4,
                4,
                4
              ],
              "uv": [
                0,
                52
              ]
            }
          ]
        },
        {
          "name": "right_feet",
          "parent": "critter",
          "pivot": [
            2,
            12,
            0
          ],
          "cubes": [
            {
              "origin": [
                1,
                6,
                -2
              ],
              "size": [
                3,
                3,
                3
              ],
              "uv": [
                58,
                40
              ],
              "mirror": true
            },
            {
              "origin": [
                1.5,
                9,
                -1.5
              ],
              "size": [
                2,
                3,
                2
              ],
              "uv": [
                61,
                14
              ],
              "mirror": true
            }
          ]
        },
        {
          "name": "right_leg",
          "parent": "right_feet",
          "pivot": [
            2,
            6,
            0
          ],
          "cubes": [
            {
              "origin": [
                0,
                -2,
                -3
              ],
              "size": [
                5,
                4,
                5
              ],
              "uv": [
                15,
                47
              ],
              "mirror": true
            },
            {
              "origin": [
                0.5,
                2,
                -2.5
              ],
              "size": [
                4,
                4,
                4
              ],
              "uv": [
                0,
                52
              ],
              "mirror": true
            }
          ]
        },
        {
          "name": "base",
          "parent": "critter",
          "pivot": [
            0,
            12,
            0
          ],
          "cubes": [
            {
              "origin": [
                -2,
                23,
                -2
              ],
              "size": [
                4,
                1,
                5
              ],
              "uv": [
                30,
                52
              ]
            },
            {
              "origin": [
                -3,
                17,
                -3
              ],
              "size": [
                6,
                6,
                7
              ],
              "uv": [
                13,
                32
              ]
            },
            {
              "origin": [
                -3.5,
                12,
                -3.5
              ],
              "size": [
                7,
                5,
                8
              ],
              "uv": [
                26,
                19
              ]
            }
          ]
        },
        {
          "name": "head",
          "parent": "base",
          "pivot": [
            0,
            24,
            0
          ],
          "cubes": [
            {
              "origin": [
                -5,
                24,
                -3
              ],
              "size": [
                10,
                6,
                8
              ],
              "uv": [
                0,
                0
              ]
            },
            {
              "origin": [
                -5,
                30,
                -2
              ],
              "size": [
                10,
                6,
                7
              ],
              "uv": [
                0,
                14
              ]
            },
            {
              "origin": [
                4,
                30,
                -4
              ],
              "size": [
                1,
                6,
                2
              ],
              "uv": [
                42,
                58
              ]
            },
            {
              "origin": [
                -5,
                30,
                -4
              ],
              "size": [
                1,
                6,
                2
              ],
              "uv": [
                0,
                37
              ]
            },
            {
              "origin": [
                -6,
                24,
                -4
              ],
              "size": [
                3,
                2,
                1
              ],
              "uv": [
                62,
                0
              ]
            },
            {
              "origin": [
                -3,
                24,
                -4
              ],
              "size": [
                6,
                1,
                1
              ],
              "uv": [
                20,
                45
              ]
            },
            {
              "origin": [
                3,
                24,
                -4
              ],
              "size": [
                3,
                2,
                1
              ],
              "uv": [
                48,
                24
              ]
            },
            {
              "origin": [
                -4,
                33,
                -4
              ],
              "size": [
                3,
                2,
                2
              ],
              "uv": [
                49,
                44
              ]
            },
            {
              "origin": [
                -4,
                35,
                -4
              ],
              "size": [
                3,
                1,
                2
              ],
              "uv": [
                61,
                37
              ]
            },
            {
              "origin": [
                -6,
                33.5,
                -7
              ],
              "size": [
                4,
                3,
                3
              ],
              "uv": [
                16,
                56
              ]
            },
            {
              "origin": [
                -2,
                34,
                -8
              ],
              "size": [
                4,
                4,
                5
              ],
              "uv": [
                48,
                15
              ]
            },
            {
              "origin": [
                -1,
                33,
                2
              ],
              "size": [
                2,
                8,
                2
              ],
              "pivot": [
                0,
                25,
                0
              ],
              "rotation": [
                30,
                0,
                0
              ],
              "uv": [
                56,
                24
              ]
            },
            {
              "origin": [
                2,
                33.5,
                -7
              ],
              "size": [
                4,
                3,
                3
              ],
              "uv": [
                56,
                8
              ]
            },
            {
              "origin": [
                3,
                23,
                5
              ],
              "size": [
                5,
                4,
                4
              ],
              "uv": [
                50,
                48
              ]
            },
            {
              "origin": [
                -3,
                22,
                5
              ],
              "size": [
                6,
                6,
                5
              ],
              "uv": [
                39,
                32
              ]
            },
            {
              "origin": [
                -8,
                23,
                5
              ],
              "size": [
                5,
                4,
                4
              ],
              "uv": [
                48,
                0
              ]
            },
            {
              "origin": [
                1,
                35,
                -4
              ],
              "size": [
                3,
                1,
                2
              ],
              "uv": [
                56,
                34
              ]
            },
            {
              "origin": [
                1,
                33,
                -4
              ],
              "size": [
                3,
                2,
                2
              ],
              "uv": [
                32,
                32
              ]
            },
            {
              "origin": [
                -1,
                30,
                -4
              ],
              "size": [
                2,
                6,
                2
              ],
              "uv": [
                0,
                0
              ]
            },
            {
              "origin": [
                -7,
                24,
                -4
              ],
              "size": [
                1,
                7,
                1
              ],
              "uv": [
                16,
                62
              ]
            },
            {
              "origin": [
                -6,
                29,
                -4
              ],
              "size": [
                1,
                2,
                1
              ],
              "uv": [
                3,
                16
              ]
            },
            {
              "origin": [
                5,
                29,
                -4
              ],
              "size": [
                1,
                2,
                1
              ],
              "uv": [
                0,
                14
              ]
            },
            {
              "origin": [
                -5,
                29,
                -4
              ],
              "size": [
                10,
                1,
                1
              ],
              "uv": [
                27,
                15
              ]
            },
            {
              "origin": [
                -2,
                28,
                -5
              ],
              "size": [
                4,
                2,
                1
              ],
              "uv": [
                59,
                61
              ]
            },
            {
              "origin": [
                5,
                26,
                -4
              ],
              "size": [
                1,
                1,
                1
              ],
              "uv": [
                3,
                19
              ]
            },
            {
              "origin": [
                -6,
                26,
                -4
              ],
              "size": [
                1,
                1,
                1
              ],
              "uv": [
                0,
                18
              ]
            },
            {
              "origin": [
                -4,
                28,
                -4
              ],
              "size": [
                8,
                1,
                1
              ],
              "uv": [
                27,
                17
              ]
            },
            {
              "origin": [
                6,
                24,
                -4
              ],
              "size": [
                1,
                7,
                1
              ],
              "uv": [
                12,
                60
              ]
            },
            {
              "origin": [
                5,
                24,
                -3
              ],
              "size": [
                2,
                7,
                8
              ],
              "uv": [
                0,
                37
              ]
            },
            {
              "origin": [
                -7,
                24,
                -3
              ],
              "size": [
                2,
                7,
                8
              ],
              "uv": [
                36,
                0
              ]
            }
          ]
        },
        {
          "name": "ear",
          "parent": "head",
          "pivot": [
            -5,
            35,
            0
          ],
          "cubes": [
            {
              "origin": [
                -6,
                33,
                0
              ],
              "size": [
                6,
                6,
                0
              ],
              "pivot": [
                0,
                25,
                0
              ],
              "rotation": [
                0,
                0,
                -10
              ],
              "uv": [
                48,
                56
              ]
            }
          ]
        },
        {
          "name": "ear2",
          "parent": "head",
          "pivot": [
            5,
            35,
            0
          ],
          "cubes": [
            {
              "origin": [
                0,
                33,
                0
              ],
              "size": [
                6,
                6,
                0
              ],
              "pivot": [
                0,
                25,
                0
              ],
              "rotation": [
                0,
                0,
                10
              ],
              "uv": [
                48,
                56
              ],
              "mirror": true
            }
          ]
        },
        {
          "name": "ears",
          "parent": "head",
          "pivot": [
            -3,
            35,
            0
          ]
        },
        {
          "name": "ears2",
          "parent": "head",
          "pivot": [
            3,
            35,
            0
          ]
        },
        {
          "name": "necklace",
          "parent": "base",
          "pivot": [
            0,
            23,
            -3
          ],
          "cubes": [
            {
              "origin": [
                -3,
                17,
                -3
              ],
              "size": [
                6,
                6,
                0
              ],
              "pivot": [
                26,
                23,
                -3
              ],
              "rotation": [
                -17.5,
                0,
                0
              ],
              "uv": [
                0,
                60
              ]
            }
          ]
        },
        {
          "name": "tail",
          "parent": "base",
          "pivot": [
            0,
            17,
            4
          ],
          "cubes": [
            {
              "origin": [
                0,
                9,
                4
              ],
              "size": [
                0,
                10,
                10
              ],
              "uv": [
                0,
                17
              ]
            }
          ]
        },
        {
          "name": "left_hand",
          "parent": "base",
          "pivot": [
            -3,
            21,
            0
          ],
          "rotation": [
            0,
            0,
            17.5
          ],
          "cubes": [
            {
              "origin": [
                -5,
                16,
                -2
              ],
              "size": [
                3,
                3,
                3
              ],
              "uv": [
                30,
                58
              ]
            },
            {
              "origin": [
                -4.5,
                19,
                -1.5
              ],
              "size": [
                2,
                3,
                2
              ],
              "uv": [
                60,
                56
              ]
            }
          ]
        },
        {
          "name": "left_arm",
          "parent": "left_hand",
          "pivot": [
            -3,
            16,
            0
          ],
          "cubes": [
            {
              "origin": [
                -6,
                8,
                -3
              ],
              "size": [
                5,
                4,
                5
              ],
              "uv": [
                34,
                43
              ]
            },
            {
              "origin": [
                -5.5,
                12,
                -2.5
              ],
              "size": [
                4,
                4,
                4
              ],
              "uv": [
                28,
                0
              ]
            }
          ]
        },
        {
          "name": "right_hand",
          "parent": "base",
          "pivot": [
            3,
            21,
            0
          ],
          "rotation": [
            0,
            0,
            -17.5
          ],
          "cubes": [
            {
              "origin": [
                2,
                16,
                -2
              ],
              "size": [
                3,
                3,
                3
              ],
              "uv": [
                30,
                58
              ],
              "mirror": true
            },
            {
              "origin": [
                2.5,
                19,
                -1.5
              ],
              "size": [
                2,
                3,
                2
              ],
              "uv": [
                60,
                56
              ],
              "mirror": true
            }
          ]
        },
        {
          "name": "right_arm",
          "parent": "right_hand",
          "pivot": [
            3,
            16,
            0
          ],
          "cubes": [
            {
              "origin": [
                1,
                8,
                -3
              ],
              "size": [
                5,
                4,
                5
              ],
              "uv": [
                34,
                43
              ],
              "mirror": true
            },
            {
              "origin": [
                1.5,
                12,
                -2.5
              ],
              "size": [
                4,
                4,
                4
              ],
              "uv": [
                28,
                0
              ],
              "mirror": true
            }
          ]
        }
      ]
    }
  ]
}