{
  "format_version": "1.12.0",
  "minecraft:geometry": [
    {
      "description": {
        "identifier": "geometry.pa_death4",
        "texture_width": 128,
        "texture_height": 128,
        "visible_bounds_width": 4,
        "visible_bounds_height": 4.5,
        "visible_bounds_offset": [
          0,
          1.75,
          0
        ]
      },
      "bones": [
        {
          "name": "critter",
          "pivot": [
            0,
            27,
            0
          ]
        },
        {
          "name": "left_feet",
          "parent": "critter",
          "pivot": [
            -2,
            14,
            0
          ],
          "cubes": [
            {
              "origin": [
                -4,
                8,
                -2
              ],
              "size": [
                3,
                3,
                3
              ],
              "uv": [
                42,
                54
              ]
            },
            {
              "origin": [
                -3.5,
                11,
                -1.5
              ],
              "size": [
                2,
                3,
                2
              ],
              "uv": [
                6,
                58
              ]
            }
          ]
        },
        {
          "name": "left_leg",
          "parent": "left_feet",
          "pivot": [
            -2,
            8,
            0
          ],
          "cubes": [
            {
              "origin": [
                -5,
                0,
                -3
              ],
              "size": [
                5,
                4,
                5
              ],
              "uv": [
                40,
                45
              ]
            },
            {
              "origin": [
                -4.5,
                4,
                -2.5
              ],
              "size": [
                4,
                4,
                4
              ],
              "uv": [
                48,
                15
              ]
            }
          ]
        },
        {
          "name": "right_feet",
          "parent": "critter",
          "pivot": [
            2,
            14,
            0
          ],
          "cubes": [
            {
              "origin": [
                1,
                8,
                -2
              ],
              "size": [
                3,
                3,
                3
              ],
              "uv": [
                42,
                54
              ],
              "mirror": true
            },
            {
              "origin": [
                1.5,
                11,
                -1.5
              ],
              "size": [
                2,
                3,
                2
              ],
              "uv": [
                6,
                58
              ],
              "mirror": true
            }
          ]
        },
        {
          "name": "right_leg",
          "parent": "right_feet",
          "pivot": [
            2,
            8,
            0
          ],
          "cubes": [
            {
              "origin": [
                0,
                0,
                -3
              ],
              "size": [
                5,
                4,
                5
              ],
              "uv": [
                40,
                45
              ],
              "mirror": true
            },
            {
              "origin": [
                0.5,
                4,
                -2.5
              ],
              "size": [
                4,
                4,
                4
              ],
              "uv": [
                48,
                15
              ],
              "mirror": true
            }
          ]
        },
        {
          "name": "base",
          "parent": "critter",
          "pivot": [
            0,
            14,
            0
          ],
          "cubes": [
            {
              "origin": [
                -2,
                25,
                -2
              ],
              "size": [
                4,
                1,
                5
              ],
              "uv": [
                0,
                52
              ]
            },
            {
              "origin": [
                -3,
                19,
                -3
              ],
              "size": [
                6,
                6,
                7
              ],
              "uv": [
                13,
                32
              ]
            },
            {
              "origin": [
                -3.5,
                14,
                -3.5
              ],
              "size": [
                7,
                5,
                8
              ],
              "uv": [
                26,
                19
              ]
            }
          ]
        },
        {
          "name": "head",
          "parent": "base",
          "pivot": [
            0,
            26,
            0
          ],
          "cubes": [
            {
              "origin": [
                -5,
                26,
                -3
              ],
              "size": [
                10,
                6,
                8
              ],
              "uv": [
                0,
                0
              ]
            },
            {
              "origin": [
                -5,
                32,
                -2
              ],
              "size": [
                10,
                6,
                7
              ],
              "uv": [
                0,
                14
              ]
            },
            {
              "origin": [
                4,
                32,
                -4
              ],
              "size": [
                1,
                6,
                2
              ],
              "uv": [
                0,
                58
              ]
            },
            {
              "origin": [
                -5,
                32,
                -4
              ],
              "size": [
                1,
                6,
                2
              ],
              "uv": [
                0,
                37
              ]
            },
            {
              "origin": [
                -6,
                26,
                -4
              ],
              "size": [
                3,
                2,
                1
              ],
              "uv": [
                60,
                14
              ]
            },
            {
              "origin": [
                -3,
                26,
                -4
              ],
              "size": [
                6,
                1,
                1
              ],
              "uv": [
                48,
                23
              ]
            },
            {
              "origin": [
                3,
                26,
                -4
              ],
              "size": [
                3,
                2,
                1
              ],
              "uv": [
                59,
                41
              ]
            },
            {
              "origin": [
                -4,
                35,
                -4
              ],
              "size": [
                3,
                2,
                2
              ],
              "uv": [
                56,
                7
              ]
            },
            {
              "origin": [
                -4,
                37,
                -4
              ],
              "size": [
                3,
                1,
                2
              ],
              "uv": [
                58,
                30
              ]
            },
            {
              "origin": [
                1,
                37,
                -4
              ],
              "size": [
                3,
                1,
                2
              ],
              "uv": [
                56,
                11
              ]
            },
            {
              "origin": [
                1,
                35,
                -4
              ],
              "size": [
                3,
                2,
                2
              ],
              "uv": [
                35,
                45
              ]
            },
            {
              "origin": [
                -1,
                32,
                -4
              ],
              "size": [
                2,
                6,
                2
              ],
              "uv": [
                0,
                0
              ]
            },
            {
              "origin": [
                -7,
                26,
                -4
              ],
              "size": [
                1,
                7,
                1
              ],
              "uv": [
                59,
                33
              ]
            },
            {
              "origin": [
                -6,
                31,
                -4
              ],
              "size": [
                1,
                2,
                1
              ],
              "uv": [
                20,
                27
              ]
            },
            {
              "origin": [
                5,
                31,
                -4
              ],
              "size": [
                1,
                2,
                1
              ],
              "uv": [
                3,
                18
              ]
            },
            {
              "origin": [
                -5,
                31,
                -4
              ],
              "size": [
                10,
                1,
                1
              ],
              "uv": [
                27,
                15
              ]
            },
            {
              "origin": [
                -2,
                30,
                -9
              ],
              "size": [
                4,
                2,
                5
              ],
              "uv": [
                48,
                0
              ]
            },
            {
              "origin": [
                -2,
                25,
                -9
              ],
              "size": [
                4,
                5,
                2
              ],
              "uv": [
                18,
                54
              ]
            },
            {
              "origin": [
                -2,
                25,
                -11
              ],
              "size": [
                4,
                3,
                2
              ],
              "uv": [
                55,
                45
              ]
            },
            {
              "origin": [
                5,
                28,
                -4
              ],
              "size": [
                1,
                1,
                1
              ],
              "uv": [
                28,
                0
              ]
            },
            {
              "origin": [
                -6,
                28,
                -4
              ],
              "size": [
                1,
                1,
                1
              ],
              "uv": [
                27,
                19
              ]
            },
            {
              "origin": [
                -4,
                30,
                -4
              ],
              "size": [
                8,
                1,
                1
              ],
              "uv": [
                27,
                17
              ]
            },
            {
              "origin": [
                6,
                26,
                -4
              ],
              "size": [
                1,
                7,
                1
              ],
              "uv": [
                14,
                58
              ]
            },
            {
              "origin": [
                5,
                26,
                -3
              ],
              "size": [
                2,
                7,
                8
              ],
              "uv": [
                0,
                37
              ]
            },
            {
              "origin": [
                -7,
                26,
                -3
              ],
              "size": [
                2,
                7,
                8
              ],
              "uv": [
                36,
                0
              ]
            }
          ]
        },
        {
          "name": "ear",
          "parent": "head",
          "pivot": [
            -5,
            34,
            0
          ],
          "rotation": [
            2.66186,
            0.61869,
            -9.72334
          ],
          "cubes": [
            {
              "origin": [
                -8.49509,
                32.15177,
                0.19317
              ],
              "size": [
                9,
                12,
                1
              ],
              "pivot": [
                4.50491,
                29.15177,
                0.19317
              ],
              "rotation": [
                0,
                0,
                -10
              ],
              "uv": [
                39,
                32
              ]
            },
            {
              "origin": [
                -9.49509,
                32.15177,
                0.19317
              ],
              "size": [
                1,
                4,
                1
              ],
              "pivot": [
                4.50491,
                29.15177,
                0.19317
              ],
              "rotation": [
                0,
                0,
                -10
              ],
              "uv": [
                0,
                14
              ]
            }
          ]
        },
        {
          "name": "ear2",
          "parent": "head",
          "pivot": [
            5,
            35,
            0
          ],
          "rotation": [
            2.66186,
            -0.61869,
            9.72334
          ],
          "cubes": [
            {
              "origin": [
                -0.33603,
                32.16728,
                0.14558
              ],
              "size": [
                9,
                12,
                1
              ],
              "pivot": [
                -4.33603,
                29.16728,
                0.14558
              ],
              "rotation": [
                0,
                0,
                10
              ],
              "uv": [
                39,
                32
              ],
              "mirror": true
            },
            {
              "origin": [
                8.66397,
                32.16728,
                0.14558
              ],
              "size": [
                1,
                4,
                1
              ],
              "pivot": [
                -4.33603,
                29.16728,
                0.14558
              ],
              "rotation": [
                0,
                0,
                10
              ],
              "uv": [
                0,
                14
              ],
              "mirror": true
            }
          ]
        },
        {
          "name": "ears",
          "parent": "head",
          "pivot": [
            -3,
            37,
            0
          ]
        },
        {
          "name": "ears2",
          "parent": "head",
          "pivot": [
            3,
            37,
            0
          ]
        },
        {
          "name": "necklace",
          "parent": "base",
          "pivot": [
            0,
            25,
            -3
          ],
          "cubes": [
            {
              "origin": [
                -3,
                19,
                -3
              ],
              "size": [
                6,
                6,
                0
              ],
              "pivot": [
                26,
                25,
                -3
              ],
              "rotation": [
                -17.5,
                0,
                0
              ],
              "uv": [
                54,
                54
              ]
            }
          ]
        },
        {
          "name": "tail",
          "parent": "base",
          "pivot": [
            0,
            19,
            4
          ],
          "cubes": [
            {
              "origin": [
                0,
                11,
                4
              ],
              "size": [
                0,
                10,
                10
              ],
              "uv": [
                0,
                17
              ]
            }
          ]
        },
        {
          "name": "left_hand",
          "parent": "base",
          "pivot": [
            -3,
            23,
            0
          ],
          "rotation": [
            0,
            0,
            17.5
          ],
          "cubes": [
            {
              "origin": [
                -5,
                18,
                -2
              ],
              "size": [
                3,
                3,
                3
              ],
              "uv": [
                30,
                54
              ]
            },
            {
              "origin": [
                -4.5,
                21,
                -1.5
              ],
              "size": [
                2,
                3,
                2
              ],
              "uv": [
                56,
                25
              ]
            }
          ]
        },
        {
          "name": "left_arm",
          "parent": "left_hand",
          "pivot": [
            -3,
            18,
            0
          ],
          "cubes": [
            {
              "origin": [
                -6,
                10,
                -3
              ],
              "size": [
                5,
                4,
                5
              ],
              "uv": [
                20,
                45
              ]
            },
            {
              "origin": [
                -5.5,
                14,
                -2.5
              ],
              "size": [
                4,
                4,
                4
              ],
              "uv": [
                28,
                0
              ]
            }
          ]
        },
        {
          "name": "right_hand",
          "parent": "base",
          "pivot": [
            3,
            23,
            0
          ],
          "rotation": [
            0,
            0,
            -17.5
          ],
          "cubes": [
            {
              "origin": [
                2,
                18,
                -2
              ],
              "size": [
                3,
                3,
                3
              ],
              "uv": [
                30,
                54
              ],
              "mirror": true
            },
            {
              "origin": [
                2.5,
                21,
                -1.5
              ],
              "size": [
                2,
                3,
                2
              ],
              "uv": [
                56,
                25
              ],
              "mirror": true
            }
          ]
        },
        {
          "name": "right_arm",
          "parent": "right_hand",
          "pivot": [
            3,
            18,
            0
          ],
          "cubes": [
            {
              "origin": [
                1,
                10,
                -3
              ],
              "size": [
                5,
                4,
                5
              ],
              "uv": [
                20,
                45
              ],
              "mirror": true
            },
            {
              "origin": [
                1.5,
                14,
                -2.5
              ],
              "size": [
                4,
                4,
                4
              ],
              "uv": [
                28,
                0
              ],
              "mirror": true
            }
          ]
        }
      ]
    }
  ]
}