{
  "format_version": "1.12.0",
  "minecraft:geometry": [
    {
      "description": {
        "identifier": "geometry.pa_death7",
        "texture_width": 128,
        "texture_height": 128,
        "visible_bounds_width": 3,
        "visible_bounds_height": 5,
        "visible_bounds_offset": [
          0,
          1.5,
          0
        ]
      },
      "bones": [
        {
          "name": "critter",
          "pivot": [
            0,
            27,
            0
          ]
        },
        {
          "name": "right_feet",
          "parent": "critter",
          "pivot": [
            2,
            14,
            0
          ],
          "cubes": [
            {
              "origin": [
                1,
                8,
                -2
              ],
              "size": [
                3,
                3,
                3
              ],
              "uv": [
                53,
                29
              ],
              "mirror": true
            },
            {
              "origin": [
                1.5,
                11,
                -1.5
              ],
              "size": [
                2,
                3,
                2
              ],
              "uv": [
                38,
                54
              ],
              "mirror": true
            }
          ]
        },
        {
          "name": "right_leg",
          "parent": "right_feet",
          "pivot": [
            2,
            8,
            0
          ],
          "cubes": [
            {
              "origin": [
                0,
                0,
                -3
              ],
              "size": [
                5,
                4,
                5
              ],
              "uv": [
                48,
                15
              ],
              "mirror": true
            },
            {
              "origin": [
                0.5,
                4,
                -2.5
              ],
              "size": [
                4,
                4,
                4
              ],
              "uv": [
                48,
                0
              ],
              "mirror": true
            }
          ]
        },
        {
          "name": "left_feet",
          "parent": "critter",
          "pivot": [
            -2,
            14,
            0
          ],
          "cubes": [
            {
              "origin": [
                -4,
                8,
                -2
              ],
              "size": [
                3,
                3,
                3
              ],
              "uv": [
                53,
                29
              ]
            },
            {
              "origin": [
                -3.5,
                11,
                -1.5
              ],
              "size": [
                2,
                3,
                2
              ],
              "uv": [
                38,
                54
              ]
            }
          ]
        },
        {
          "name": "left_leg",
          "parent": "left_feet",
          "pivot": [
            -2,
            8,
            0
          ],
          "cubes": [
            {
              "origin": [
                -5,
                0,
                -3
              ],
              "size": [
                5,
                4,
                5
              ],
              "uv": [
                48,
                15
              ]
            },
            {
              "origin": [
                -4.5,
                4,
                -2.5
              ],
              "size": [
                4,
                4,
                4
              ],
              "uv": [
                48,
                0
              ]
            }
          ]
        },
        {
          "name": "base",
          "parent": "critter",
          "pivot": [
            0,
            14,
            0
          ],
          "cubes": [
            {
              "origin": [
                -2,
                25,
                -2
              ],
              "size": [
                4,
                1,
                5
              ],
              "uv": [
                40,
                48
              ]
            },
            {
              "origin": [
                -3,
                19,
                -3
              ],
              "size": [
                6,
                6,
                7
              ],
              "uv": [
                13,
                32
              ]
            },
            {
              "origin": [
                -3.5,
                14,
                -3.5
              ],
              "size": [
                7,
                5,
                8
              ],
              "uv": [
                26,
                19
              ]
            }
          ]
        },
        {
          "name": "head",
          "parent": "base",
          "pivot": [
            0,
            26,
            0
          ],
          "cubes": [
            {
              "origin": [
                -5,
                26,
                -3
              ],
              "size": [
                10,
                6,
                8
              ],
              "uv": [
                0,
                0
              ]
            },
            {
              "origin": [
                -5,
                32,
                -2
              ],
              "size": [
                10,
                6,
                7
              ],
              "uv": [
                0,
                14
              ]
            },
            {
              "origin": [
                4,
                32,
                -4
              ],
              "size": [
                1,
                6,
                2
              ],
              "uv": [
                24,
                54
              ]
            },
            {
              "origin": [
                -5,
                32,
                -4
              ],
              "size": [
                1,
                6,
                2
              ],
              "uv": [
                0,
                37
              ]
            },
            {
              "origin": [
                -6,
                26,
                -4
              ],
              "size": [
                3,
                2,
                1
              ],
              "uv": [
                56,
                26
              ]
            },
            {
              "origin": [
                -3,
                26,
                -4
              ],
              "size": [
                6,
                1,
                1
              ],
              "uv": [
                48,
                24
              ]
            },
            {
              "origin": [
                3,
                26,
                -4
              ],
              "size": [
                3,
                2,
                1
              ],
              "uv": [
                56,
                11
              ]
            },
            {
              "origin": [
                -4,
                35,
                -4
              ],
              "size": [
                3,
                2,
                2
              ],
              "uv": [
                53,
                48
              ]
            },
            {
              "origin": [
                -4,
                37,
                -4
              ],
              "size": [
                3,
                1,
                2
              ],
              "uv": [
                54,
                55
              ]
            },
            {
              "origin": [
                1,
                37,
                -4
              ],
              "size": [
                3,
                1,
                2
              ],
              "uv": [
                46,
                54
              ]
            },
            {
              "origin": [
                1,
                35,
                -4
              ],
              "size": [
                3,
                2,
                2
              ],
              "uv": [
                32,
                32
              ]
            },
            {
              "origin": [
                -1,
                32,
                -4
              ],
              "size": [
                2,
                6,
                2
              ],
              "uv": [
                0,
                0
              ]
            },
            {
              "origin": [
                -7,
                26,
                -4
              ],
              "size": [
                1,
                7,
                1
              ],
              "uv": [
                46,
                57
              ]
            },
            {
              "origin": [
                -6,
                31,
                -4
              ],
              "size": [
                1,
                2,
                1
              ],
              "uv": [
                3,
                16
              ]
            },
            {
              "origin": [
                5,
                31,
                -4
              ],
              "size": [
                1,
                2,
                1
              ],
              "uv": [
                0,
                14
              ]
            },
            {
              "origin": [
                -5,
                31,
                -4
              ],
              "size": [
                10,
                1,
                1
              ],
              "uv": [
                27,
                15
              ]
            },
            {
              "origin": [
                -2,
                30,
                -5
              ],
              "size": [
                4,
                2,
                1
              ],
              "uv": [
                56,
                8
              ]
            },
            {
              "origin": [
                5,
                28,
                -4
              ],
              "size": [
                1,
                1,
                1
              ],
              "uv": [
                3,
                19
              ]
            },
            {
              "origin": [
                -6,
                28,
                -4
              ],
              "size": [
                1,
                1,
                1
              ],
              "uv": [
                0,
                18
              ]
            },
            {
              "origin": [
                -4,
                30,
                -4
              ],
              "size": [
                8,
                1,
                1
              ],
              "uv": [
                27,
                17
              ]
            },
            {
              "origin": [
                6,
                26,
                -4
              ],
              "size": [
                1,
                7,
                1
              ],
              "uv": [
                57,
                35
              ]
            },
            {
              "origin": [
                5,
                26,
                -3
              ],
              "size": [
                2,
                7,
                8
              ],
              "uv": [
                0,
                37
              ]
            },
            {
              "origin": [
                -7,
                26,
                -3
              ],
              "size": [
                2,
                7,
                8
              ],
              "uv": [
                36,
                0
              ]
            }
          ]
        },
        {
          "name": "ear",
          "parent": "head",
          "pivot": [
            -4,
            37,
            1
          ],
          "rotation": [
            -5.80916,
            33.80516,
            33.23557
          ],
          "cubes": [
            {
              "origin": [
                -5.62871,
                27.68903,
                -1.08193
              ],
              "size": [
                4,
                11,
                5
              ],
              "pivot": [
                -0.62871,
                24.68903,
                0.91807
              ],
              "rotation": [
                0,
                0,
                -10
              ],
              "uv": [
                39,
                32
              ]
            }
          ]
        },
        {
          "name": "ear2",
          "parent": "head",
          "pivot": [
            4,
            37,
            1
          ],
          "rotation": [
            -5.80916,
            -33.80516,
            -33.23557
          ],
          "cubes": [
            {
              "origin": [
                1.62871,
                27.68903,
                -1.08193
              ],
              "size": [
                4,
                11,
                5
              ],
              "pivot": [
                0.62871,
                24.68903,
                0.91807
              ],
              "rotation": [
                0,
                0,
                10
              ],
              "uv": [
                39,
                32
              ],
              "mirror": true
            }
          ]
        },
        {
          "name": "ears",
          "parent": "head",
          "pivot": [
            -3,
            37,
            0
          ]
        },
        {
          "name": "ears2",
          "parent": "head",
          "pivot": [
            3,
            37,
            0
          ]
        },
        {
          "name": "necklace",
          "parent": "base",
          "pivot": [
            0,
            25,
            -3
          ],
          "cubes": [
            {
              "origin": [
                -3,
                19,
                -3
              ],
              "size": [
                6,
                6,
                0
              ],
              "pivot": [
                26,
                25,
                -3
              ],
              "rotation": [
                -17.5,
                0,
                0
              ],
              "uv": [
                12,
                54
              ]
            }
          ]
        },
        {
          "name": "tail",
          "parent": "base",
          "pivot": [
            0,
            19,
            4
          ],
          "cubes": [
            {
              "origin": [
                0,
                11,
                4
              ],
              "size": [
                0,
                10,
                10
              ],
              "uv": [
                0,
                17
              ]
            }
          ]
        },
        {
          "name": "left_hand",
          "parent": "base",
          "pivot": [
            -3,
            24,
            0
          ],
          "rotation": [
            0,
            0,
            17.5
          ],
          "cubes": [
            {
              "origin": [
                -5,
                19,
                -2
              ],
              "size": [
                3,
                3,
                3
              ],
              "uv": [
                0,
                52
              ]
            },
            {
              "origin": [
                -4.5,
                22,
                -1.5
              ],
              "size": [
                2,
                3,
                2
              ],
              "uv": [
                30,
                54
              ]
            }
          ]
        },
        {
          "name": "left_arm",
          "parent": "left_hand",
          "pivot": [
            -3,
            19,
            0
          ],
          "cubes": [
            {
              "origin": [
                -6,
                11,
                -3
              ],
              "size": [
                5,
                4,
                5
              ],
              "uv": [
                20,
                45
              ]
            },
            {
              "origin": [
                -5.5,
                15,
                -2.5
              ],
              "size": [
                4,
                4,
                4
              ],
              "uv": [
                28,
                0
              ]
            }
          ]
        },
        {
          "name": "right_hand",
          "parent": "base",
          "pivot": [
            3,
            24,
            0
          ],
          "rotation": [
            0,
            0,
            -17.5
          ],
          "cubes": [
            {
              "origin": [
                2,
                19,
                -2
              ],
              "size": [
                3,
                3,
                3
              ],
              "uv": [
                0,
                52
              ],
              "mirror": true
            },
            {
              "origin": [
                2.5,
                22,
                -1.5
              ],
              "size": [
                2,
                3,
                2
              ],
              "uv": [
                30,
                54
              ],
              "mirror": true
            }
          ]
        },
        {
          "name": "right_arm",
          "parent": "right_hand",
          "pivot": [
            3,
            19,
            0
          ],
          "cubes": [
            {
              "origin": [
                1,
                11,
                -3
              ],
              "size": [
                5,
                4,
                5
              ],
              "uv": [
                20,
                45
              ],
              "mirror": true
            },
            {
              "origin": [
                1.5,
                15,
                -2.5
              ],
              "size": [
                4,
                4,
                4
              ],
              "uv": [
                28,
                0
              ],
              "mirror": true
            }
          ]
        }
      ]
    }
  ]
}