{
  "format_version": "1.12.0",
  "minecraft:geometry": [
    {
      "description": {
        "identifier": "geometry.pa_death2",
        "texture_width": 128,
        "texture_height": 128,
        "visible_bounds_width": 4,
        "visible_bounds_height": 4.5,
        "visible_bounds_offset": [
          0,
          1.75,
          0
        ]
      },
      "bones": [
        {
          "name": "critter",
          "pivot": [
            0,
            27,
            0
          ]
        },
        {
          "name": "left_feet",
          "parent": "critter",
          "pivot": [
            -2,
            14,
            0
          ],
          "cubes": [
            {
              "origin": [
                -4,
                8,
                -2
              ],
              "size": [
                3,
                3,
                3
              ],
              "uv": [
                48,
                21
              ]
            },
            {
              "origin": [
                -3.5,
                11,
                -1.5
              ],
              "size": [
                2,
                3,
                2
              ],
              "uv": [
                24,
                54
              ]
            }
          ]
        },
        {
          "name": "left_leg",
          "parent": "left_feet",
          "pivot": [
            -2,
            8,
            0
          ],
          "cubes": [
            {
              "origin": [
                -5,
                0,
                -3
              ],
              "size": [
                5,
                4,
                5
              ],
              "uv": [
                34,
                41
              ]
            },
            {
              "origin": [
                -4.5,
                4,
                -2.5
              ],
              "size": [
                4,
                4,
                4
              ],
              "uv": [
                20,
                46
              ]
            }
          ]
        },
        {
          "name": "right_feet",
          "parent": "critter",
          "pivot": [
            2,
            14,
            0
          ],
          "cubes": [
            {
              "origin": [
                1,
                8,
                -2
              ],
              "size": [
                3,
                3,
                3
              ],
              "uv": [
                48,
                21
              ],
              "mirror": true
            },
            {
              "origin": [
                1.5,
                11,
                -1.5
              ],
              "size": [
                2,
                3,
                2
              ],
              "uv": [
                24,
                54
              ],
              "mirror": true
            }
          ]
        },
        {
          "name": "right_leg",
          "parent": "right_feet",
          "pivot": [
            2,
            8,
            0
          ],
          "cubes": [
            {
              "origin": [
                0,
                0,
                -3
              ],
              "size": [
                5,
                4,
                5
              ],
              "uv": [
                34,
                41
              ],
              "mirror": true
            },
            {
              "origin": [
                0.5,
                4,
                -2.5
              ],
              "size": [
                4,
                4,
                4
              ],
              "uv": [
                20,
                46
              ],
              "mirror": true
            }
          ]
        },
        {
          "name": "base",
          "parent": "critter",
          "pivot": [
            0,
            14,
            0
          ],
          "cubes": [
            {
              "origin": [
                -2,
                25,
                -2
              ],
              "size": [
                4,
                1,
                5
              ],
              "uv": [
                48,
                0
              ]
            },
            {
              "origin": [
                -3,
                19,
                -3
              ],
              "size": [
                6,
                6,
                7
              ],
              "uv": [
                13,
                32
              ]
            },
            {
              "origin": [
                -3.5,
                14,
                -3.5
              ],
              "size": [
                7,
                5,
                8
              ],
              "uv": [
                26,
                19
              ]
            }
          ]
        },
        {
          "name": "head",
          "parent": "base",
          "pivot": [
            0,
            26,
            0
          ],
          "cubes": [
            {
              "origin": [
                -5,
                26,
                -3
              ],
              "size": [
                10,
                6,
                8
              ],
              "uv": [
                0,
                0
              ]
            },
            {
              "origin": [
                -5,
                32,
                -2
              ],
              "size": [
                10,
                6,
                7
              ],
              "uv": [
                0,
                14
              ]
            },
            {
              "origin": [
                4,
                32,
                -4
              ],
              "size": [
                1,
                6,
                2
              ],
              "uv": [
                10,
                52
              ]
            },
            {
              "origin": [
                -5,
                32,
                -4
              ],
              "size": [
                1,
                6,
                2
              ],
              "uv": [
                0,
                37
              ]
            },
            {
              "origin": [
                -6,
                26,
                -4
              ],
              "size": [
                3,
                2,
                1
              ],
              "uv": [
                56,
                11
              ]
            },
            {
              "origin": [
                -3,
                26,
                -4
              ],
              "size": [
                6,
                1,
                1
              ],
              "uv": [
                48,
                6
              ]
            },
            {
              "origin": [
                3,
                26,
                -4
              ],
              "size": [
                3,
                2,
                1
              ],
              "uv": [
                56,
                8
              ]
            },
            {
              "origin": [
                -4,
                35,
                -4
              ],
              "size": [
                3,
                2,
                2
              ],
              "uv": [
                49,
                41
              ]
            },
            {
              "origin": [
                -4,
                37,
                -4
              ],
              "size": [
                3,
                1,
                2
              ],
              "uv": [
                54,
                33
              ]
            },
            {
              "origin": [
                1,
                37,
                -4
              ],
              "size": [
                3,
                1,
                2
              ],
              "uv": [
                54,
                30
              ]
            },
            {
              "origin": [
                1,
                35,
                -4
              ],
              "size": [
                3,
                2,
                2
              ],
              "uv": [
                32,
                32
              ]
            },
            {
              "origin": [
                -1,
                32,
                -4
              ],
              "size": [
                2,
                6,
                2
              ],
              "uv": [
                0,
                0
              ]
            },
            {
              "origin": [
                -7,
                26,
                -4
              ],
              "size": [
                1,
                7,
                1
              ],
              "uv": [
                36,
                56
              ]
            },
            {
              "origin": [
                -6,
                31,
                -4
              ],
              "size": [
                1,
                2,
                1
              ],
              "uv": [
                3,
                16
              ]
            },
            {
              "origin": [
                5,
                31,
                -4
              ],
              "size": [
                1,
                2,
                1
              ],
              "uv": [
                0,
                14
              ]
            },
            {
              "origin": [
                -5,
                31,
                -4
              ],
              "size": [
                10,
                1,
                1
              ],
              "uv": [
                27,
                15
              ]
            },
            {
              "origin": [
                -2,
                30,
                -5
              ],
              "size": [
                4,
                2,
                1
              ],
              "uv": [
                54,
                45
              ]
            },
            {
              "origin": [
                5,
                28,
                -4
              ],
              "size": [
                1,
                1,
                1
              ],
              "uv": [
                3,
                19
              ]
            },
            {
              "origin": [
                -6,
                28,
                -4
              ],
              "size": [
                1,
                1,
                1
              ],
              "uv": [
                0,
                18
              ]
            },
            {
              "origin": [
                -4,
                30,
                -4
              ],
              "size": [
                8,
                1,
                1
              ],
              "uv": [
                27,
                17
              ]
            },
            {
              "origin": [
                6,
                26,
                -4
              ],
              "size": [
                1,
                7,
                1
              ],
              "uv": [
                32,
                54
              ]
            },
            {
              "origin": [
                5,
                26,
                -3
              ],
              "size": [
                2,
                7,
                8
              ],
              "uv": [
                0,
                37
              ]
            },
            {
              "origin": [
                -7,
                26,
                -3
              ],
              "size": [
                2,
                7,
                8
              ],
              "uv": [
                36,
                0
              ]
            }
          ]
        },
        {
          "name": "ear",
          "parent": "head",
          "pivot": [
            -3,
            38,
            0
          ],
          "rotation": [
            2.7288,
            0.14725,
            0.26579
          ],
          "cubes": [
            {
              "origin": [
                -3.15619,
                38.38302,
                0
              ],
              "size": [
                4,
                6,
                1
              ],
              "pivot": [
                4.84381,
                29.38302,
                0
              ],
              "rotation": [
                0,
                0,
                -10
              ],
              "uv": [
                0,
                52
              ]
            },
            {
              "origin": [
                -3.15619,
                44.38302,
                0
              ],
              "size": [
                4,
                1,
                1
              ],
              "pivot": [
                4.84381,
                29.38302,
                0
              ],
              "rotation": [
                0,
                0,
                -10
              ],
              "uv": [
                0,
                52
              ]
            }
          ]
        },
        {
          "name": "ear2",
          "parent": "ear",
          "pivot": [
            -4,
            44,
            1
          ],
          "rotation": [
            9.72295,
            -4.16062,
            2.8157
          ],
          "cubes": [
            {
              "origin": [
                -4.15826,
                45.42949,
                0.04873
              ],
              "size": [
                4,
                6,
                1
              ],
              "pivot": [
                3.84174,
                36.42949,
                0.04873
              ],
              "rotation": [
                0,
                0,
                -10
              ],
              "uv": [
                48,
                50
              ]
            },
            {
              "origin": [
                -4.15826,
                51.42949,
                0.04873
              ],
              "size": [
                4,
                1,
                1
              ],
              "pivot": [
                3.84174,
                36.42949,
                0.04873
              ],
              "rotation": [
                0,
                0,
                -10
              ],
              "uv": [
                48,
                50
              ]
            },
            {
              "origin": [
                -4.15826,
                52.42949,
                0.04873
              ],
              "size": [
                4,
                1,
                1
              ],
              "pivot": [
                3.84174,
                36.42949,
                0.04873
              ],
              "rotation": [
                0,
                0,
                -10
              ],
              "uv": [
                48,
                50
              ]
            }
          ]
        },
        {
          "name": "ear3",
          "parent": "head",
          "pivot": [
            3,
            38,
            0
          ],
          "rotation": [
            2.7288,
            -0.14725,
            -0.26579
          ],
          "cubes": [
            {
              "origin": [
                -0.84381,
                38.38302,
                0
              ],
              "size": [
                4,
                6,
                1
              ],
              "pivot": [
                -4.84381,
                29.38302,
                0
              ],
              "rotation": [
                0,
                0,
                10
              ],
              "uv": [
                0,
                52
              ],
              "mirror": true
            },
            {
              "origin": [
                -0.84381,
                44.38302,
                0
              ],
              "size": [
                4,
                1,
                1
              ],
              "pivot": [
                -4.84381,
                29.38302,
                0
              ],
              "rotation": [
                0,
                0,
                10
              ],
              "uv": [
                0,
                52
              ],
              "mirror": true
            }
          ]
        },
        {
          "name": "ear4",
          "parent": "ear3",
          "pivot": [
            4,
            44,
            1
          ],
          "rotation": [
            10.04439,
            3.30184,
            2.12051
          ],
          "cubes": [
            {
              "origin": [
                0.15826,
                45.42949,
                0.04873
              ],
              "size": [
                4,
                6,
                1
              ],
              "pivot": [
                -3.84174,
                36.42949,
                0.04873
              ],
              "rotation": [
                0,
                0,
                10
              ],
              "uv": [
                48,
                50
              ],
              "mirror": true
            },
            {
              "origin": [
                0.15826,
                51.42949,
                0.04873
              ],
              "size": [
                4,
                1,
                1
              ],
              "pivot": [
                -3.84174,
                36.42949,
                0.04873
              ],
              "rotation": [
                0,
                0,
                10
              ],
              "uv": [
                48,
                50
              ],
              "mirror": true
            },
            {
              "origin": [
                0.15826,
                52.42949,
                0.04873
              ],
              "size": [
                4,
                1,
                1
              ],
              "pivot": [
                -3.84174,
                36.42949,
                0.04873
              ],
              "rotation": [
                0,
                0,
                10
              ],
              "uv": [
                48,
                50
              ],
              "mirror": true
            }
          ]
        },
        {
          "name": "ears",
          "parent": "head",
          "pivot": [
            -3,
            37,
            0
          ]
        },
        {
          "name": "ears2",
          "parent": "head",
          "pivot": [
            3,
            37,
            0
          ]
        },
        {
          "name": "necklace",
          "parent": "base",
          "pivot": [
            0,
            25,
            -3
          ],
          "cubes": [
            {
              "origin": [
                -3,
                19,
                -3
              ],
              "size": [
                6,
                6,
                0
              ],
              "pivot": [
                26,
                25,
                -3
              ],
              "rotation": [
                -17.5,
                0,
                0
              ],
              "uv": [
                36,
                50
              ]
            }
          ]
        },
        {
          "name": "tail",
          "parent": "base",
          "pivot": [
            0,
            19,
            4
          ],
          "cubes": [
            {
              "origin": [
                0,
                11,
                4
              ],
              "size": [
                0,
                10,
                10
              ],
              "uv": [
                0,
                17
              ]
            }
          ]
        },
        {
          "name": "left_hand",
          "parent": "base",
          "pivot": [
            -3,
            23,
            0
          ],
          "rotation": [
            0,
            0,
            17.5
          ],
          "cubes": [
            {
              "origin": [
                -5,
                18,
                -2
              ],
              "size": [
                3,
                3,
                3
              ],
              "uv": [
                48,
                15
              ]
            },
            {
              "origin": [
                -4.5,
                21,
                -1.5
              ],
              "size": [
                2,
                3,
                2
              ],
              "uv": [
                16,
                54
              ]
            }
          ]
        },
        {
          "name": "left_arm",
          "parent": "left_hand",
          "pivot": [
            -3,
            18,
            0
          ],
          "cubes": [
            {
              "origin": [
                -6,
                10,
                -3
              ],
              "size": [
                5,
                4,
                5
              ],
              "uv": [
                39,
                32
              ]
            },
            {
              "origin": [
                -5.5,
                14,
                -2.5
              ],
              "size": [
                4,
                4,
                4
              ],
              "uv": [
                28,
                0
              ]
            }
          ]
        },
        {
          "name": "right_hand",
          "parent": "base",
          "pivot": [
            3,
            23,
            0
          ],
          "rotation": [
            0,
            0,
            -17.5
          ],
          "cubes": [
            {
              "origin": [
                2,
                18,
                -2
              ],
              "size": [
                3,
                3,
                3
              ],
              "uv": [
                48,
                15
              ],
              "mirror": true
            },
            {
              "origin": [
                2.5,
                21,
                -1.5
              ],
              "size": [
                2,
                3,
                2
              ],
              "uv": [
                16,
                54
              ],
              "mirror": true
            }
          ]
        },
        {
          "name": "right_arm",
          "parent": "right_hand",
          "pivot": [
            3,
            18,
            0
          ],
          "cubes": [
            {
              "origin": [
                1,
                10,
                -3
              ],
              "size": [
                5,
                4,
                5
              ],
              "uv": [
                39,
                32
              ],
              "mirror": true
            },
            {
              "origin": [
                1.5,
                14,
                -2.5
              ],
              "size": [
                4,
                4,
                4
              ],
              "uv": [
                28,
                0
              ],
              "mirror": true
            }
          ]
        }
      ]
    }
  ]
}