{
  "format_version": "1.12.0",
  "minecraft:geometry": [
    {
      "description": {
        "identifier": "geometry.pa_death6",
        "texture_width": 128,
        "texture_height": 128,
        "visible_bounds_width": 4,
        "visible_bounds_height": 4.5,
        "visible_bounds_offset": [
          0,
          1.75,
          0
        ]
      },
      "bones": [
        {
          "name": "critter",
          "pivot": [
            0,
            25,
            0
          ]
        },
        {
          "name": "right_feet",
          "parent": "critter",
          "pivot": [
            2,
            14,
            0
          ],
          "cubes": [
            {
              "origin": [
                1,
                8,
                -2
              ],
              "size": [
                3,
                3,
                3
              ],
              "uv": [
                53,
                29
              ]
            },
            {
              "origin": [
                1.5,
                11,
                -1.5
              ],
              "size": [
                2,
                3,
                2
              ],
              "uv": [
                38,
                56
              ]
            }
          ]
        },
        {
          "name": "right_leg",
          "parent": "right_feet",
          "pivot": [
            2,
            8,
            0
          ],
          "cubes": [
            {
              "origin": [
                0,
                0,
                -3
              ],
              "size": [
                5,
                4,
                5
              ],
              "uv": [
                42,
                0
              ]
            },
            {
              "origin": [
                0.5,
                4,
                -2.5
              ],
              "size": [
                4,
                4,
                4
              ],
              "uv": [
                12,
                41
              ]
            }
          ]
        },
        {
          "name": "left_feet",
          "parent": "critter",
          "pivot": [
            -2,
            14,
            0
          ],
          "cubes": [
            {
              "origin": [
                -4,
                8,
                -2
              ],
              "size": [
                3,
                3,
                3
              ],
              "uv": [
                53,
                29
              ],
              "mirror": true
            },
            {
              "origin": [
                -3.5,
                11,
                -1.5
              ],
              "size": [
                2,
                3,
                2
              ],
              "uv": [
                38,
                56
              ],
              "mirror": true
            }
          ]
        },
        {
          "name": "left_leg",
          "parent": "left_feet",
          "pivot": [
            -2,
            8,
            0
          ],
          "cubes": [
            {
              "origin": [
                -5,
                0,
                -3
              ],
              "size": [
                5,
                4,
                5
              ],
              "uv": [
                42,
                0
              ],
              "mirror": true
            },
            {
              "origin": [
                -4.5,
                4,
                -2.5
              ],
              "size": [
                4,
                4,
                4
              ],
              "uv": [
                12,
                41
              ],
              "mirror": true
            }
          ]
        },
        {
          "name": "base",
          "parent": "critter",
          "pivot": [
            0,
            12,
            0
          ],
          "cubes": [
            {
              "origin": [
                -2,
                23,
                -2
              ],
              "size": [
                4,
                1,
                5
              ],
              "uv": [
                48,
                20
              ]
            },
            {
              "origin": [
                -3,
                17,
                -3
              ],
              "size": [
                6,
                6,
                7
              ],
              "uv": [
                39,
                35
              ]
            },
            {
              "origin": [
                -3.5,
                12,
                -3.5
              ],
              "size": [
                7,
                5,
                8
              ],
              "uv": [
                26,
                19
              ]
            }
          ]
        },
        {
          "name": "head",
          "parent": "base",
          "pivot": [
            0,
            24,
            0
          ],
          "cubes": [
            {
              "origin": [
                -5,
                24,
                -3
              ],
              "size": [
                10,
                6,
                8
              ],
              "uv": [
                0,
                0
              ]
            },
            {
              "origin": [
                -5,
                30,
                -2
              ],
              "size": [
                10,
                6,
                7
              ],
              "uv": [
                0,
                14
              ]
            },
            {
              "origin": [
                4,
                30,
                -4
              ],
              "size": [
                1,
                6,
                2
              ],
              "uv": [
                32,
                42
              ]
            },
            {
              "origin": [
                -5,
                30,
                -4
              ],
              "size": [
                1,
                6,
                2
              ],
              "uv": [
                0,
                41
              ]
            },
            {
              "origin": [
                -6,
                24,
                -4
              ],
              "size": [
                3,
                2,
                1
              ],
              "uv": [
                20,
                57
              ]
            },
            {
              "origin": [
                -3,
                24,
                -4
              ],
              "size": [
                6,
                1,
                1
              ],
              "uv": [
                28,
                0
              ]
            },
            {
              "origin": [
                3,
                24,
                -4
              ],
              "size": [
                3,
                2,
                1
              ],
              "uv": [
                57,
                0
              ]
            },
            {
              "origin": [
                -4,
                33,
                -4
              ],
              "size": [
                3,
                2,
                2
              ],
              "uv": [
                52,
                48
              ]
            },
            {
              "origin": [
                -4,
                35,
                -4
              ],
              "size": [
                3,
                1,
                2
              ],
              "uv": [
                54,
                54
              ]
            },
            {
              "origin": [
                1,
                35,
                -4
              ],
              "size": [
                3,
                1,
                2
              ],
              "uv": [
                42,
                11
              ]
            },
            {
              "origin": [
                1,
                33,
                -4
              ],
              "size": [
                3,
                2,
                2
              ],
              "uv": [
                28,
                2
              ]
            },
            {
              "origin": [
                -1,
                30,
                -4
              ],
              "size": [
                2,
                6,
                2
              ],
              "uv": [
                0,
                0
              ]
            },
            {
              "origin": [
                -7,
                24,
                -4
              ],
              "size": [
                1,
                7,
                1
              ],
              "uv": [
                50,
                56
              ]
            },
            {
              "origin": [
                -6,
                29,
                -4
              ],
              "size": [
                1,
                2,
                1
              ],
              "uv": [
                3,
                16
              ]
            },
            {
              "origin": [
                5,
                29,
                -4
              ],
              "size": [
                1,
                2,
                1
              ],
              "uv": [
                0,
                14
              ]
            },
            {
              "origin": [
                -5,
                29,
                -4
              ],
              "size": [
                10,
                1,
                1
              ],
              "uv": [
                42,
                9
              ]
            },
            {
              "origin": [
                -2,
                28,
                -5
              ],
              "size": [
                4,
                2,
                1
              ],
              "uv": [
                56,
                26
              ]
            },
            {
              "origin": [
                5,
                26,
                -4
              ],
              "size": [
                1,
                1,
                1
              ],
              "uv": [
                3,
                19
              ]
            },
            {
              "origin": [
                -6,
                26,
                -4
              ],
              "size": [
                1,
                1,
                1
              ],
              "uv": [
                0,
                18
              ]
            },
            {
              "origin": [
                -4,
                28,
                -4
              ],
              "size": [
                8,
                1,
                1
              ],
              "uv": [
                27,
                16
              ]
            },
            {
              "origin": [
                6,
                24,
                -4
              ],
              "size": [
                1,
                7,
                1
              ],
              "uv": [
                46,
                56
              ]
            },
            {
              "origin": [
                5,
                24,
                -3
              ],
              "size": [
                2,
                7,
                8
              ],
              "uv": [
                20,
                42
              ]
            },
            {
              "origin": [
                -7,
                24,
                -3
              ],
              "size": [
                2,
                7,
                8
              ],
              "uv": [
                0,
                41
              ]
            }
          ]
        },
        {
          "name": "ears",
          "parent": "head",
          "pivot": [
            -3,
            35,
            0
          ],
          "cubes": [
            {
              "origin": [
                -13,
                31,
                1
              ],
              "size": [
                13,
                14,
                0
              ],
              "uv": [
                0,
                27
              ]
            }
          ]
        },
        {
          "name": "ears2",
          "parent": "head",
          "pivot": [
            3,
            35,
            0
          ],
          "cubes": [
            {
              "origin": [
                0,
                31,
                1
              ],
              "size": [
                13,
                14,
                0
              ],
              "uv": [
                0,
                27
              ],
              "mirror": true
            }
          ]
        },
        {
          "name": "necklace",
          "parent": "base",
          "pivot": [
            0,
            23,
            -3
          ],
          "cubes": [
            {
              "origin": [
                -3,
                17,
                -3
              ],
              "size": [
                6,
                6,
                0
              ],
              "pivot": [
                8,
                23,
                -3
              ],
              "rotation": [
                -17.5,
                0,
                0
              ],
              "uv": [
                0,
                56
              ]
            }
          ]
        },
        {
          "name": "tail",
          "parent": "base",
          "pivot": [
            0,
            25,
            -3
          ],
          "cubes": [
            {
              "origin": [
                0,
                13,
                4
              ],
              "size": [
                0,
                10,
                10
              ],
              "uv": [
                26,
                22
              ]
            }
          ]
        },
        {
          "name": "right_hand",
          "parent": "base",
          "pivot": [
            3,
            21,
            0
          ],
          "rotation": [
            0,
            0,
            -17.5
          ],
          "cubes": [
            {
              "origin": [
                2,
                16,
                -2
              ],
              "size": [
                3,
                3,
                3
              ],
              "uv": [
                53,
                29
              ]
            },
            {
              "origin": [
                2.5,
                19,
                -1.5
              ],
              "size": [
                2,
                3,
                2
              ],
              "uv": [
                38,
                56
              ]
            }
          ]
        },
        {
          "name": "right_arm",
          "parent": "right_hand",
          "pivot": [
            3,
            16,
            0
          ],
          "cubes": [
            {
              "origin": [
                1,
                8,
                -3
              ],
              "size": [
                5,
                4,
                5
              ],
              "uv": [
                48,
                11
              ]
            },
            {
              "origin": [
                1.5,
                12,
                -2.5
              ],
              "size": [
                4,
                4,
                4
              ],
              "uv": [
                40,
                48
              ]
            }
          ]
        },
        {
          "name": "right_finger",
          "parent": "right_arm",
          "pivot": [
            3,
            8,
            -3
          ],
          "cubes": [
            {
              "origin": [
                2,
                5,
                -4
              ],
              "size": [
                2,
                3,
                2
              ],
              "uv": [
                12,
                56
              ]
            }
          ]
        },
        {
          "name": "right_finger2",
          "parent": "right_arm",
          "pivot": [
            3,
            8,
            2
          ],
          "cubes": [
            {
              "origin": [
                2,
                5,
                1
              ],
              "size": [
                2,
                3,
                2
              ],
              "uv": [
                12,
                56
              ]
            }
          ]
        },
        {
          "name": "right_finger3",
          "parent": "right_arm",
          "pivot": [
            3,
            8,
            0
          ],
          "cubes": [
            {
              "origin": [
                2.5,
                5,
                -1.5
              ],
              "size": [
                2,
                3,
                2
              ],
              "uv": [
                12,
                56
              ]
            }
          ]
        },
        {
          "name": "left_hand",
          "parent": "base",
          "pivot": [
            -3,
            21,
            0
          ],
          "rotation": [
            0,
            0,
            17.5
          ],
          "cubes": [
            {
              "origin": [
                -5,
                16,
                -2
              ],
              "size": [
                3,
                3,
                3
              ],
              "uv": [
                53,
                29
              ],
              "mirror": true
            },
            {
              "origin": [
                -4.5,
                19,
                -1.5
              ],
              "size": [
                2,
                3,
                2
              ],
              "uv": [
                38,
                56
              ],
              "mirror": true
            }
          ]
        },
        {
          "name": "left_arm",
          "parent": "left_hand",
          "pivot": [
            -3,
            16,
            0
          ],
          "cubes": [
            {
              "origin": [
                -6,
                8,
                -3
              ],
              "size": [
                5,
                4,
                5
              ],
              "uv": [
                48,
                11
              ],
              "mirror": true
            },
            {
              "origin": [
                -5.5,
                12,
                -2.5
              ],
              "size": [
                4,
                4,
                4
              ],
              "uv": [
                40,
                48
              ],
              "mirror": true
            }
          ]
        },
        {
          "name": "left_finger",
          "parent": "left_arm",
          "pivot": [
            -3,
            8,
            -3
          ],
          "cubes": [
            {
              "origin": [
                -4,
                5,
                -4
              ],
              "size": [
                2,
                3,
                2
              ],
              "uv": [
                12,
                56
              ],
              "mirror": true
            }
          ]
        },
        {
          "name": "left_finger2",
          "parent": "left_arm",
          "pivot": [
            -3,
            8,
            2
          ],
          "cubes": [
            {
              "origin": [
                -4,
                5,
                1
              ],
              "size": [
                2,
                3,
                2
              ],
              "uv": [
                12,
                56
              ],
              "mirror": true
            }
          ]
        },
        {
          "name": "left_finger3",
          "parent": "left_arm",
          "pivot": [
            -3,
            8,
            0
          ],
          "cubes": [
            {
              "origin": [
                -4.5,
                5,
                -1.5
              ],
              "size": [
                2,
                3,
                2
              ],
              "uv": [
                12,
                56
              ],
              "mirror": true
            }
          ]
        }
      ]
    }
  ]
}