{
  "id": "1694272929452",
  "name": "the agent loot",
  "pools": [
    {
      "rolls": 1,
      "entries": [
        {
          "type": "item",
          "weight": 1,
          "name": "minecraft:copper_ingot",
          "functions": [
            {
              "function": "set_count",
              "count": {
                "min": 6,
                "max": 9
              }
            },
            {
              "function": "set_data",
              "data": "0"
            }
          ]
        },
        {
          "type": "item",
          "weight": 1,
          "name": "minecraft:raw_copper",
          "functions": [
            {
              "function": "set_count",
              "count": {
                "min": 2,
                "max": 9
              }
            },
            {
              "function": "set_data",
              "data": "0"
            }
          ]
        },
        {
          "type": "item",
          "weight": 1,
          "name": "minecraft:raw_iron",
          "functions": [
            {
              "function": "set_count",
              "count": {
                "min": 10,
                "max": 11
              }
            },
            {
              "function": "set_data",
              "data": "0"
            }
          ]
        },
        {
          "type": "item",
          "weight": 1,
          "name": "minecraft:iron_ingot",
          "functions": [
            {
              "function": "set_count",
              "count": {
                "min": 3,
                "max": 5
              }
            },
            {
              "function": "set_data",
              "data": "0"
            }
          ]
        },
        {
          "type": "item",
          "weight": 1,
          "name": "minecraft:netherite_scrap",
          "functions": [
            {
              "function": "set_count",
              "count": {
                "min": 0,
                "max": 3
              }
            },
            {
              "function": "set_data",
              "data": "0"
            }
          ]
        }
      ]
    }
  ]
}