{
	"format_version": "1.8.0",
	"animations": {
		"animation.invertedspear": {
			"animation_length": 1.75,
			"override_previous_animation": true,
			"bones": {
				"root": {
					"rotation": {
						"0.0": [
							0,
							0,
							0
						],
						"1.1667": [
							0,
							0,
							0
						]
					},
					"position": {
						"0.0": [
							0,
							0,
							0
						],
						"1.1667": [
							0,
							0,
							0
						]
					}
				},
				"rightLeg": {
					"rotation": {
						"0.0": [
							0,
							0,
							0
						],
						"1.0": [
							0,
							0,
							0
						],
						"1.1667": [
							0,
							0,
							0
						],
						"1.2917": [
							32.5,
							0,
							0
						]
					},
					"position": {
						"0.0": [
							0,
							0,
							0
						],
						"1.0": [
							0,
							0,
							0
						],
						"1.1667": [
							0,
							0,
							0
						]
					}
				},
				"leftLeg": {
					"rotation": {
						"0.0": [
							0,
							0,
							0
						],
						"0.5": [
							0,
							0,
							0
						],
						"1.0": [
							0,
							0,
							0
						],
						"1.1667": [
							0,
							0,
							0
						]
					},
					"position": {
						"0.0": [
							0,
							0,
							0
						],
						"0.5": [
							0,
							0,
							0
						],
						"0.5833": [
							0,
							0,
							-3
						],
						"1.0": [
							0,
							0,
							-3
						],
						"1.1667": [
							0,
							0,
							-3
						]
					}
				},
				"waist": {
					"rotation": {
						"0.0": [
							0,
							0,
							0
						],
						"0.25": [
							15,
							0,
							0
						],
						"0.5": [
							15,
							0,
							0
						],
						"0.5833": [
							15.34721,
							-12.06754,
							-3.28396
						],
						"1.0": [
							15.35,
							-12.07,
							-3.28
						],
						"1.0833": [
							15.0162,
							0,
							0.65208
						],
						"1.1667": [
							15.02,
							0,
							0.65
						],
						"1.25": [
							23.61436,
							-26.04235,
							11.28995
						],
						"1.2917": [
							36.11436,
							-26.04235,
							11.28995
						]
					},
					"position": {
						"0.0": [
							0,
							0,
							0
						],
						"1.0": [
							0,
							0,
							0
						],
						"1.1667": [
							0,
							0,
							0
						]
					}
				},
				"body": {
					"rotation": [
						0,
						0,
						0
					],
					"position": [
						0,
						0,
						0
					]
				},
				"rightArm": {
					"rotation": {
						"0.0": [
							0,
							0,
							0
						],
						"0.25": [
							60.12771,
							-22.01609,
							12.15123
						],
						"0.5": [
							60.12771,
							-22.01609,
							12.15123
						],
						"0.5833": [
							-99.15331,
							-2.2853,
							8.78679
						],
						"1.0": [
							-99.28,
							-9.69,
							9.99
						],
						"1.0833": [
							-147.99434,
							2.13173,
							-9.23088
						],
						"1.1667": [
							-147.99,
							2.13,
							-9.23
						],
						"1.25": [
							-82.69148,
							-26.08802,
							30.05516
						]
					},
					"position": {
						"0.0": [
							0,
							0,
							0
						],
						"1.0": [
							0,
							0,
							0
						],
						"1.1667": [
							0,
							0,
							0
						],
						"1.25": [
							1,
							-2,
							0
						]
					}
				},
				"rightItem": {
					"rotation": {
						"0.0": [
							0,
							0,
							0
						],
						"0.25": [
							42.5,
							0,
							0
						],
						"0.5": [
							42.5,
							0,
							0
						],
						"0.5833": [
							80,
							0,
							0
						],
						"1.0": [
							72.5,
							0,
							0
						],
						"1.1667": [
							72.5,
							0,
							0
						],
						"1.25": [
							90,
							87.5,
							0
						]
					},
					"position": {
						"0.0": [
							0,
							0,
							0
						],
						"1.0": [
							0,
							0,
							0
						],
						"1.1667": [
							0,
							0,
							0
						]
					}
				},
				"leftArm": {
					"rotation": {
						"0.0": [
							0,
							0,
							0
						],
						"0.25": [
							39.54682,
							60.24584,
							133.56431
						],
						"0.5": [
							39.54682,
							60.24584,
							133.56431
						],
						"0.5833": [
							-82.61878,
							49.1684,
							21.39959
						],
						"1.0": [
							-82.61878,
							49.1684,
							21.39959
						],
						"1.0833": [
							-148.66856,
							34.12398,
							-42.66117
						],
						"1.1667": [
							-148.67,
							34.12,
							-42.66
						],
						"1.25": [
							-78.67,
							34.12,
							-42.66
						]
					},
					"position": {
						"0.0": [
							0,
							0,
							0
						],
						"0.25": [
							-2,
							-3,
							-4
						],
						"0.5": [
							-2,
							-3,
							-4
						],
						"0.5833": [
							-2,
							-3,
							-4
						],
						"0.9583": [
							-2,
							-3,
							-4
						],
						"1.0": [
							0,
							0,
							0
						],
						"1.1667": [
							0,
							0,
							0
						]
					}
				},
				"head": {
					"rotation": {
						"0.0": [
							0,
							0,
							0
						],
						"0.25": [
							-12.5,
							0,
							0
						],
						"0.5": [
							-12.5,
							0,
							0
						],
						"0.5833": [
							-12.60443,
							7.32123,
							-1.63219
						],
						"1.0": [
							-12.6,
							7.32,
							-1.63
						],
						"1.0833": [
							-15,
							0,
							0
						],
						"1.1667": [
							-15,
							0,
							0
						],
						"1.25": [
							-15.91462,
							5.23364,
							-9.22084
						],
						"1.2917": [
							-30.91462,
							5.23364,
							-9.22084
						]
					},
					"position": {
						"0.0": [
							0,
							0,
							0
						],
						"1.0": [
							0,
							0,
							0
						],
						"1.1667": [
							0,
							0,
							0
						]
					}
				},
				"bone2": {
					"rotation": [
						0,
						0,
						0
					],
					"position": [
						0,
						0,
						0
					]
				}
			},
			"particle_effects": {
				"0.625": {
					"effect": "invertedspear1"
				},
				"1.25": {
					"effect": "invertedspear2"
				}
			}
		}
	}
}