{
  "format_version": "1.12.0",
  "minecraft:geometry": [
    {
      "description": {
        "identifier": "geometry.pa_death4",
        "texture_width": 128,
        "texture_height": 128,
        "visible_bounds_width": 5,
        "visible_bounds_height": 4.5,
        "visible_bounds_offset": [
          0,
          1.75,
          0
        ]
      },
      "bones": [
        {
          "name": "catnap",
          "pivot": [
            0,
            20,
            0
          ]
        },
        {
          "name": "right_leg",
          "parent": "catnap",
          "pivot": [
            -3,
            18,
            0
          ],
          "cubes": [
            {
              "origin": [
                -4,
                15,
                -1
              ],
              "size": [
                2,
                3,
                2
              ],
              "pivot": [
                10,
                19,
                0
              ],
              "rotation": [
                0,
                0,
                -2.5
              ],
              "uv": [
                70,
                31
              ]
            },
            {
              "origin": [
                -5,
                10,
                -2
              ],
              "size": [
                4,
                5,
                4
              ],
              "uv": [
                24,
                61
              ]
            }
          ]
        },
        {
          "name": "right_toe",
          "parent": "right_leg",
          "pivot": [
            -3,
            10,
            0
          ],
          "cubes": [
            {
              "origin": [
                -5,
                7,
                -2
              ],
              "size": [
                4,
                3,
                4
              ],
              "uv": [
                0,
                67
              ]
            },
            {
              "origin": [
                -6,
                2,
                -3
              ],
              "size": [
                6,
                5,
                6
              ],
              "uv": [
                0,
                48
              ]
            }
          ]
        },
        {
          "name": "right_feet",
          "parent": "right_toe",
          "pivot": [
            -3,
            2,
            0
          ],
          "cubes": [
            {
              "origin": [
                -5,
                0,
                -5
              ],
              "size": [
                4,
                2,
                8
              ],
              "pivot": [
                0,
                0,
                0
              ],
              "rotation": [
                -7.5,
                0,
                0
              ],
              "uv": [
                48,
                52
              ]
            },
            {
              "origin": [
                -7,
                0,
                -6
              ],
              "size": [
                2,
                2,
                2
              ],
              "uv": [
                64,
                46
              ]
            },
            {
              "origin": [
                -1,
                0,
                -6
              ],
              "size": [
                2,
                2,
                2
              ],
              "uv": [
                44,
                71
              ]
            },
            {
              "origin": [
                -4,
                0,
                -6
              ],
              "size": [
                2,
                2,
                2
              ],
              "uv": [
                36,
                71
              ]
            }
          ]
        },
        {
          "name": "left_leg",
          "parent": "catnap",
          "pivot": [
            3,
            18,
            0
          ],
          "cubes": [
            {
              "origin": [
                2,
                15,
                -1
              ],
              "size": [
                2,
                3,
                2
              ],
              "pivot": [
                -10,
                19,
                0
              ],
              "rotation": [
                0,
                0,
                2.5
              ],
              "uv": [
                0,
                7
              ]
            },
            {
              "origin": [
                1,
                10,
                -2
              ],
              "size": [
                4,
                5,
                4
              ],
              "uv": [
                60,
                22
              ]
            }
          ]
        },
        {
          "name": "left_toe",
          "parent": "left_leg",
          "pivot": [
            3,
            10,
            0
          ],
          "cubes": [
            {
              "origin": [
                1,
                7,
                -2
              ],
              "size": [
                4,
                3,
                4
              ],
              "uv": [
                64,
                39
              ]
            },
            {
              "origin": [
                0,
                2,
                -3
              ],
              "size": [
                6,
                5,
                6
              ],
              "uv": [
                32,
                39
              ]
            }
          ]
        },
        {
          "name": "left_feet",
          "parent": "left_toe",
          "pivot": [
            3,
            2,
            0
          ],
          "cubes": [
            {
              "origin": [
                1,
                0,
                -5
              ],
              "size": [
                4,
                2,
                8
              ],
              "pivot": [
                0,
                0,
                0
              ],
              "rotation": [
                -7.5,
                0,
                0
              ],
              "uv": [
                48,
                42
              ]
            },
            {
              "origin": [
                5,
                0,
                -6
              ],
              "size": [
                2,
                2,
                2
              ],
              "uv": [
                52,
                62
              ]
            },
            {
              "origin": [
                -1,
                0,
                -6
              ],
              "size": [
                2,
                2,
                2
              ],
              "uv": [
                36,
                61
              ]
            },
            {
              "origin": [
                2,
                0,
                -6
              ],
              "size": [
                2,
                2,
                2
              ],
              "uv": [
                36,
                5
              ]
            }
          ]
        },
        {
          "name": "base3",
          "parent": "catnap",
          "pivot": [
            0,
            17,
            0
          ],
          "cubes": [
            {
              "origin": [
                -4,
                17,
                -5
              ],
              "size": [
                8,
                2,
                9
              ],
              "uv": [
                36,
                0
              ]
            }
          ]
        },
        {
          "name": "base2",
          "parent": "base3",
          "pivot": [
            0,
            19,
            0
          ],
          "cubes": [
            {
              "origin": [
                -5,
                19,
                -5
              ],
              "size": [
                10,
                7,
                10
              ],
              "uv": [
                0,
                17
              ]
            }
          ]
        },
        {
          "name": "base",
          "parent": "base2",
          "pivot": [
            0,
            26,
            0
          ],
          "cubes": [
            {
              "origin": [
                -3,
                30,
                -3
              ],
              "size": [
                6,
                2,
                6
              ],
              "uv": [
                0,
                59
              ]
            },
            {
              "origin": [
                -4,
                24,
                -4
              ],
              "size": [
                8,
                6,
                8
              ],
              "uv": [
                0,
                34
              ]
            }
          ]
        },
        {
          "name": "right_arm",
          "parent": "base",
          "pivot": [
            -3,
            29,
            0
          ],
          "rotation": [
            0,
            0,
            15
          ],
          "cubes": [
            {
              "origin": [
                -5,
                27,
                -1
              ],
              "size": [
                2,
                3,
                2
              ],
              "uv": [
                70,
                68
              ]
            },
            {
              "origin": [
                -6,
                22,
                -2
              ],
              "size": [
                4,
                5,
                4
              ],
              "uv": [
                40,
                62
              ]
            }
          ]
        },
        {
          "name": "right_arm2",
          "parent": "right_arm",
          "pivot": [
            -4,
            22,
            0
          ],
          "cubes": [
            {
              "origin": [
                -6,
                19,
                -2
              ],
              "size": [
                4,
                3,
                4
              ],
              "uv": [
                68,
                59
              ]
            },
            {
              "origin": [
                -7,
                14,
                -3
              ],
              "size": [
                6,
                5,
                6
              ],
              "uv": [
                24,
                50
              ]
            }
          ]
        },
        {
          "name": "right_finger",
          "parent": "right_arm2",
          "pivot": [
            -4,
            14,
            0
          ],
          "cubes": [
            {
              "origin": [
                -5,
                11,
                -1
              ],
              "size": [
                2,
                3,
                2
              ],
              "uv": [
                62,
                70
              ]
            },
            {
              "origin": [
                -5,
                8,
                -1
              ],
              "size": [
                2,
                3,
                2
              ],
              "pivot": [
                -5,
                11,
                0
              ],
              "rotation": [
                -2.5,
                0,
                -62.5
              ],
              "uv": [
                54,
                70
              ]
            }
          ]
        },
        {
          "name": "right_finger2",
          "parent": "right_arm2",
          "pivot": [
            -4,
            14,
            -2
          ],
          "rotation": [
            0,
            0,
            25
          ],
          "cubes": [
            {
              "origin": [
                -5,
                11,
                -3
              ],
              "size": [
                2,
                3,
                2
              ],
              "uv": [
                28,
                70
              ]
            },
            {
              "origin": [
                -5,
                8,
                -3
              ],
              "size": [
                2,
                3,
                2
              ],
              "pivot": [
                -5,
                11,
                -2
              ],
              "rotation": [
                -2.5,
                0,
                -62.5
              ],
              "uv": [
                66,
                17
              ]
            }
          ]
        },
        {
          "name": "right_finger3",
          "parent": "right_arm2",
          "pivot": [
            -4,
            14,
            2
          ],
          "rotation": [
            0,
            0,
            -35
          ],
          "cubes": [
            {
              "origin": [
                -5,
                11,
                1
              ],
              "size": [
                2,
                3,
                2
              ],
              "uv": [
                18,
                59
              ]
            },
            {
              "origin": [
                -5,
                8,
                1
              ],
              "size": [
                2,
                3,
                2
              ],
              "pivot": [
                -5,
                11,
                2
              ],
              "rotation": [
                -2.5,
                0,
                -62.5
              ],
              "uv": [
                48,
                53
              ]
            }
          ]
        },
        {
          "name": "left_arm",
          "parent": "base",
          "pivot": [
            3,
            29,
            0
          ],
          "rotation": [
            0,
            0,
            -15
          ],
          "cubes": [
            {
              "origin": [
                3,
                27,
                -1
              ],
              "size": [
                2,
                3,
                2
              ],
              "uv": [
                42,
                50
              ]
            },
            {
              "origin": [
                2,
                22,
                -2
              ],
              "size": [
                4,
                5,
                4
              ],
              "uv": [
                61,
                0
              ]
            }
          ]
        },
        {
          "name": "left_arm2",
          "parent": "left_arm",
          "pivot": [
            4,
            22,
            0
          ],
          "cubes": [
            {
              "origin": [
                2,
                19,
                -2
              ],
              "size": [
                4,
                3,
                4
              ],
              "uv": [
                64,
                52
              ]
            },
            {
              "origin": [
                1,
                14,
                -3
              ],
              "size": [
                6,
                5,
                6
              ],
              "uv": [
                42,
                11
              ]
            }
          ]
        },
        {
          "name": "left_finger",
          "parent": "left_arm2",
          "pivot": [
            4,
            14,
            0
          ],
          "cubes": [
            {
              "origin": [
                3,
                11,
                -1
              ],
              "size": [
                2,
                3,
                2
              ],
              "uv": [
                18,
                48
              ]
            },
            {
              "origin": [
                3,
                8,
                -1
              ],
              "size": [
                2,
                3,
                2
              ],
              "pivot": [
                5,
                11,
                0
              ],
              "rotation": [
                -2.5,
                0,
                62.5
              ],
              "uv": [
                24,
                37
              ]
            }
          ]
        },
        {
          "name": "left_finger2",
          "parent": "left_arm2",
          "pivot": [
            4,
            14,
            -2
          ],
          "rotation": [
            0,
            0,
            -25
          ],
          "cubes": [
            {
              "origin": [
                3,
                11,
                -3
              ],
              "size": [
                2,
                3,
                2
              ],
              "uv": [
                36,
                0
              ]
            },
            {
              "origin": [
                3,
                8,
                -3
              ],
              "size": [
                2,
                3,
                2
              ],
              "pivot": [
                5,
                11,
                -2
              ],
              "rotation": [
                -2.5,
                0,
                62.5
              ],
              "uv": [
                0,
                34
              ]
            }
          ]
        },
        {
          "name": "left_finger3",
          "parent": "left_arm2",
          "pivot": [
            4,
            14,
            2
          ],
          "rotation": [
            0,
            0,
            35
          ],
          "cubes": [
            {
              "origin": [
                3,
                11,
                1
              ],
              "size": [
                2,
                3,
                2
              ],
              "uv": [
                0,
                22
              ]
            },
            {
              "origin": [
                3,
                8,
                1
              ],
              "size": [
                2,
                3,
                2
              ],
              "pivot": [
                5,
                11,
                2
              ],
              "rotation": [
                -2.5,
                0,
                62.5
              ],
              "uv": [
                0,
                17
              ]
            }
          ]
        },
        {
          "name": "necklace",
          "parent": "base",
          "pivot": [
            0,
            30,
            -4
          ],
          "rotation": [
            -14.35271,
            -1.32902,
            1.00053
          ],
          "cubes": [
            {
              "origin": [
                -3,
                23,
                -4
              ],
              "size": [
                6,
                7,
                0
              ],
              "uv": [
                30,
                17
              ]
            }
          ]
        },
        {
          "name": "head",
          "parent": "base",
          "pivot": [
            0,
            32,
            0
          ],
          "cubes": [
            {
              "origin": [
                -6,
                32,
                -6
              ],
              "size": [
                12,
                5,
                12
              ],
              "uv": [
                0,
                0
              ]
            },
            {
              "origin": [
                -5,
                37,
                -5
              ],
              "size": [
                10,
                5,
                10
              ],
              "uv": [
                30,
                24
              ]
            },
            {
              "origin": [
                -4.5,
                36.1,
                -5
              ],
              "size": [
                9,
                5,
                1
              ],
              "uv": [
                60,
                11
              ]
            }
          ]
        },
        {
          "name": "ears",
          "parent": "head",
          "pivot": [
            -4,
            40,
            0
          ],
          "rotation": [
            7.7694,
            -16.36369,
            44.51556
          ],
          "cubes": [
            {
              "origin": [
                -12,
                36,
                -1
              ],
              "size": [
                4,
                5,
                2
              ],
              "pivot": [
                -1,
                29,
                0
              ],
              "rotation": [
                2.2517,
                6.98064,
                24.05406
              ],
              "uv": [
                16,
                70
              ]
            }
          ]
        },
        {
          "name": "ears2",
          "parent": "head",
          "pivot": [
            4,
            40,
            0
          ],
          "rotation": [
            7.7694,
            16.36369,
            -44.51556
          ],
          "cubes": [
            {
              "origin": [
                8,
                36,
                -1
              ],
              "size": [
                4,
                5,
                2
              ],
              "pivot": [
                1,
                29,
                0
              ],
              "rotation": [
                2.2517,
                -6.98064,
                -24.05406
              ],
              "uv": [
                0,
                0
              ]
            }
          ]
        },
        {
          "name": "tail",
          "parent": "base2",
          "pivot": [
            0,
            21,
            4
          ],
          "rotation": [
            25,
            0,
            0
          ],
          "cubes": [
            {
              "origin": [
                -2,
                18,
                4
              ],
              "size": [
                4,
                4,
                4
              ],
              "uv": [
                56,
                62
              ]
            }
          ]
        }
      ]
    }
  ]
}