{
  "format_version": "1.12.0",
  "minecraft:geometry": [
    {
      "description": {
        "identifier": "geometry.pa_death5",
        "texture_width": 128,
        "texture_height": 128,
        "visible_bounds_width": 4,
        "visible_bounds_height": 4.5,
        "visible_bounds_offset": [
          0,
          1.75,
          0
        ]
      },
      "bones": [
        {
          "name": "catnap",
          "pivot": [
            0,
            20,
            0
          ]
        },
        {
          "name": "right_leg",
          "parent": "catnap",
          "pivot": [
            -3,
            18,
            0
          ],
          "cubes": [
            {
              "origin": [
                -4,
                15,
                -1
              ],
              "size": [
                2,
                3,
                2
              ],
              "pivot": [
                10,
                19,
                0
              ],
              "rotation": [
                0,
                0,
                -2.5
              ],
              "uv": [
                0,
                7
              ]
            },
            {
              "origin": [
                -5,
                10,
                -2
              ],
              "size": [
                4,
                5,
                4
              ],
              "uv": [
                0,
                56
              ]
            }
          ]
        },
        {
          "name": "right_toe",
          "parent": "right_leg",
          "pivot": [
            -3,
            10,
            0
          ],
          "cubes": [
            {
              "origin": [
                -5,
                7,
                -2
              ],
              "size": [
                4,
                3,
                4
              ],
              "uv": [
                61,
                0
              ]
            },
            {
              "origin": [
                -6,
                2,
                -3
              ],
              "size": [
                6,
                5,
                6
              ],
              "uv": [
                42,
                11
              ]
            },
            {
              "origin": [
                -6,
                0,
                -3
              ],
              "size": [
                6,
                2,
                6
              ],
              "uv": [
                0,
                48
              ]
            }
          ]
        },
        {
          "name": "left_leg",
          "parent": "catnap",
          "pivot": [
            3,
            18,
            0
          ],
          "cubes": [
            {
              "origin": [
                2,
                15,
                -1
              ],
              "size": [
                2,
                3,
                2
              ],
              "pivot": [
                -10,
                19,
                0
              ],
              "rotation": [
                0,
                0,
                2.5
              ],
              "uv": [
                0,
                7
              ],
              "mirror": true
            },
            {
              "origin": [
                1,
                10,
                -2
              ],
              "size": [
                4,
                5,
                4
              ],
              "uv": [
                0,
                56
              ],
              "mirror": true
            }
          ]
        },
        {
          "name": "left_toe",
          "parent": "left_leg",
          "pivot": [
            3,
            10,
            0
          ],
          "cubes": [
            {
              "origin": [
                1,
                7,
                -2
              ],
              "size": [
                4,
                3,
                4
              ],
              "uv": [
                61,
                0
              ],
              "mirror": true
            },
            {
              "origin": [
                0,
                2,
                -3
              ],
              "size": [
                6,
                5,
                6
              ],
              "uv": [
                42,
                11
              ],
              "mirror": true
            },
            {
              "origin": [
                0,
                0,
                -3
              ],
              "size": [
                6,
                2,
                6
              ],
              "uv": [
                0,
                48
              ],
              "mirror": true
            }
          ]
        },
        {
          "name": "base3",
          "parent": "catnap",
          "pivot": [
            0,
            17,
            0
          ],
          "cubes": [
            {
              "origin": [
                -4,
                17,
                -5
              ],
              "size": [
                8,
                2,
                9
              ],
              "uv": [
                36,
                0
              ]
            }
          ]
        },
        {
          "name": "base2",
          "parent": "base3",
          "pivot": [
            0,
            19,
            0
          ],
          "cubes": [
            {
              "origin": [
                -5,
                19,
                -5
              ],
              "size": [
                10,
                7,
                10
              ],
              "uv": [
                0,
                17
              ]
            }
          ]
        },
        {
          "name": "base",
          "parent": "base2",
          "pivot": [
            0,
            26,
            0
          ],
          "cubes": [
            {
              "origin": [
                -3,
                30,
                -3
              ],
              "size": [
                6,
                2,
                6
              ],
              "uv": [
                48,
                39
              ]
            },
            {
              "origin": [
                -4,
                24,
                -4
              ],
              "size": [
                8,
                6,
                8
              ],
              "uv": [
                0,
                34
              ]
            }
          ]
        },
        {
          "name": "right_arm",
          "parent": "base",
          "pivot": [
            -3,
            29,
            0
          ],
          "rotation": [
            0,
            0,
            15
          ],
          "cubes": [
            {
              "origin": [
                -5,
                27,
                -1
              ],
              "size": [
                2,
                3,
                2
              ],
              "uv": [
                30,
                17
              ]
            },
            {
              "origin": [
                -6,
                22,
                -2
              ],
              "size": [
                4,
                5,
                4
              ],
              "uv": [
                58,
                58
              ]
            }
          ]
        },
        {
          "name": "right_arm2",
          "parent": "right_arm",
          "pivot": [
            -4,
            22,
            0
          ],
          "cubes": [
            {
              "origin": [
                -6,
                19,
                -2
              ],
              "size": [
                4,
                3,
                4
              ],
              "uv": [
                28,
                64
              ]
            },
            {
              "origin": [
                -7,
                14,
                -3
              ],
              "size": [
                6,
                5,
                6
              ],
              "uv": [
                42,
                47
              ]
            }
          ]
        },
        {
          "name": "left_arm",
          "parent": "base",
          "pivot": [
            3,
            29,
            0
          ],
          "rotation": [
            0,
            0,
            -15
          ],
          "cubes": [
            {
              "origin": [
                3,
                27,
                -1
              ],
              "size": [
                2,
                3,
                2
              ],
              "uv": [
                30,
                17
              ],
              "mirror": true
            },
            {
              "origin": [
                2,
                22,
                -2
              ],
              "size": [
                4,
                5,
                4
              ],
              "uv": [
                58,
                58
              ],
              "mirror": true
            }
          ]
        },
        {
          "name": "left_arm2",
          "parent": "left_arm",
          "pivot": [
            4,
            22,
            0
          ],
          "cubes": [
            {
              "origin": [
                2,
                19,
                -2
              ],
              "size": [
                4,
                3,
                4
              ],
              "uv": [
                28,
                64
              ],
              "mirror": true
            },
            {
              "origin": [
                1,
                14,
                -3
              ],
              "size": [
                6,
                5,
                6
              ],
              "uv": [
                42,
                47
              ],
              "mirror": true
            }
          ]
        },
        {
          "name": "necklace",
          "parent": "base",
          "pivot": [
            0,
            30,
            -4
          ],
          "rotation": [
            -14.35271,
            -1.32902,
            1.00053
          ],
          "cubes": [
            {
              "origin": [
                -3,
                23,
                -4
              ],
              "size": [
                6,
                7,
                0
              ],
              "uv": [
                0,
                0
              ]
            }
          ]
        },
        {
          "name": "head",
          "parent": "base",
          "pivot": [
            0,
            32,
            0
          ],
          "cubes": [
            {
              "origin": [
                -6,
                32,
                -6
              ],
              "size": [
                12,
                5,
                12
              ],
              "uv": [
                0,
                0
              ]
            },
            {
              "origin": [
                -5,
                37,
                -5
              ],
              "size": [
                10,
                5,
                10
              ],
              "uv": [
                30,
                24
              ]
            },
            {
              "origin": [
                -6,
                40.3,
                -7
              ],
              "size": [
                4,
                3,
                4
              ],
              "uv": [
                60,
                22
              ]
            },
            {
              "origin": [
                -7,
                31.3,
                3
              ],
              "size": [
                4,
                3,
                4
              ],
              "uv": [
                60,
                22
              ]
            },
            {
              "origin": [
                -2,
                41,
                -8
              ],
              "size": [
                4,
                4,
                6
              ],
              "uv": [
                18,
                50
              ]
            },
            {
              "origin": [
                -2,
                31,
                2
              ],
              "size": [
                4,
                4,
                6
              ],
              "uv": [
                18,
                50
              ]
            },
            {
              "origin": [
                -1,
                42,
                -3
              ],
              "size": [
                2,
                7,
                2
              ],
              "pivot": [
                0,
                42,
                -2
              ],
              "rotation": [
                20,
                0,
                0
              ],
              "uv": [
                0,
                17
              ]
            },
            {
              "origin": [
                2,
                40.3,
                -7
              ],
              "size": [
                4,
                3,
                4
              ],
              "uv": [
                16,
                60
              ]
            },
            {
              "origin": [
                3,
                31.3,
                3
              ],
              "size": [
                4,
                3,
                4
              ],
              "uv": [
                16,
                60
              ]
            },
            {
              "origin": [
                -4.5,
                36.1,
                -5
              ],
              "size": [
                9,
                5,
                1
              ],
              "uv": [
                38,
                58
              ]
            }
          ]
        },
        {
          "name": "ears",
          "parent": "head",
          "pivot": [
            5,
            41,
            0
          ],
          "rotation": [
            2.4168,
            15.78267,
            -21.53184
          ],
          "cubes": [
            {
              "origin": [
                9,
                38,
                -1
              ],
              "size": [
                5,
                3,
                2
              ],
              "pivot": [
                2,
                30,
                0
              ],
              "rotation": [
                2.2517,
                -6.98064,
                -24.05406
              ],
              "uv": [
                60,
                11
              ],
              "mirror": true
            }
          ]
        },
        {
          "name": "ears2",
          "parent": "head",
          "pivot": [
            -5,
            41,
            0
          ],
          "rotation": [
            2.4168,
            -15.78267,
            21.53184
          ],
          "cubes": [
            {
              "origin": [
                -14,
                38,
                -1
              ],
              "size": [
                5,
                3,
                2
              ],
              "pivot": [
                -2,
                30,
                0
              ],
              "rotation": [
                2.2517,
                6.98064,
                24.05406
              ],
              "uv": [
                60,
                11
              ]
            }
          ]
        },
        {
          "name": "tail",
          "parent": "base2",
          "pivot": [
            0,
            21,
            4
          ],
          "rotation": [
            25,
            0,
            0
          ],
          "cubes": [
            {
              "origin": [
                0,
                8,
                4
              ],
              "size": [
                0,
                14,
                8
              ],
              "uv": [
                32,
                31
              ]
            }
          ]
        }
      ]
    }
  ]
}