{
  "format_version": "1.12.0",
  "minecraft:geometry": [
    {
      "description": {
        "identifier": "geometry.pa_death1",
        "texture_width": 256,
        "texture_height": 256,
        "visible_bounds_width": 13,
        "visible_bounds_height": 8.5,
        "visible_bounds_offset": [
          0,
          3.75,
          0
        ]
      },
      "bones": [
        {
          "name": "catnap",
          "pivot": [
            0,
            20,
            0
          ]
        },
        {
          "name": "right_leg",
          "parent": "catnap",
          "pivot": [
            -3,
            18,
            0
          ],
          "cubes": [
            {
              "origin": [
                -4,
                15,
                -1
              ],
              "size": [
                2,
                3,
                2
              ],
              "pivot": [
                10,
                19,
                0
              ],
              "rotation": [
                0,
                0,
                -2.5
              ],
              "uv": [
                24,
                76
              ]
            },
            {
              "origin": [
                -5,
                10,
                -2
              ],
              "size": [
                4,
                5,
                4
              ],
              "uv": [
                70,
                5
              ]
            }
          ]
        },
        {
          "name": "right_toe",
          "parent": "right_leg",
          "pivot": [
            -3,
            10,
            0
          ],
          "cubes": [
            {
              "origin": [
                -5,
                7,
                -2
              ],
              "size": [
                4,
                3,
                4
              ],
              "uv": [
                73,
                34
              ]
            },
            {
              "origin": [
                -6,
                2,
                -3
              ],
              "size": [
                6,
                5,
                6
              ],
              "uv": [
                0,
                59
              ]
            }
          ]
        },
        {
          "name": "right_feet",
          "parent": "right_toe",
          "pivot": [
            -3,
            2,
            0
          ],
          "cubes": [
            {
              "origin": [
                -5,
                0,
                -5
              ],
              "size": [
                4,
                2,
                8
              ],
              "pivot": [
                0,
                0,
                0
              ],
              "rotation": [
                -7.5,
                0,
                0
              ],
              "uv": [
                60,
                24
              ]
            },
            {
              "origin": [
                -7,
                0,
                -6
              ],
              "size": [
                2,
                2,
                2
              ],
              "uv": [
                76,
                24
              ]
            },
            {
              "origin": [
                -1,
                0,
                -6
              ],
              "size": [
                2,
                2,
                2
              ],
              "uv": [
                68,
                71
              ]
            },
            {
              "origin": [
                -4,
                0,
                -6
              ],
              "size": [
                2,
                2,
                2
              ],
              "uv": [
                52,
                68
              ]
            }
          ]
        },
        {
          "name": "left_leg",
          "parent": "catnap",
          "pivot": [
            3,
            18,
            0
          ],
          "cubes": [
            {
              "origin": [
                2,
                15,
                -1
              ],
              "size": [
                2,
                3,
                2
              ],
              "pivot": [
                -10,
                19,
                0
              ],
              "rotation": [
                0,
                0,
                2.5
              ],
              "uv": [
                16,
                75
              ]
            },
            {
              "origin": [
                1,
                10,
                -2
              ],
              "size": [
                4,
                5,
                4
              ],
              "uv": [
                0,
                70
              ]
            }
          ]
        },
        {
          "name": "left_toe",
          "parent": "left_leg",
          "pivot": [
            3,
            10,
            0
          ],
          "cubes": [
            {
              "origin": [
                1,
                7,
                -2
              ],
              "size": [
                4,
                3,
                4
              ],
              "uv": [
                72,
                71
              ]
            },
            {
              "origin": [
                0,
                2,
                -3
              ],
              "size": [
                6,
                5,
                6
              ],
              "uv": [
                18,
                53
              ]
            }
          ]
        },
        {
          "name": "left_feet",
          "parent": "left_toe",
          "pivot": [
            3,
            2,
            0
          ],
          "cubes": [
            {
              "origin": [
                1,
                0,
                -5
              ],
              "size": [
                4,
                2,
                8
              ],
              "pivot": [
                0,
                0,
                0
              ],
              "rotation": [
                -7.5,
                0,
                0
              ],
              "uv": [
                58,
                14
              ]
            },
            {
              "origin": [
                5,
                0,
                -6
              ],
              "size": [
                2,
                2,
                2
              ],
              "uv": [
                61,
                5
              ]
            },
            {
              "origin": [
                -1,
                0,
                -6
              ],
              "size": [
                2,
                2,
                2
              ],
              "uv": [
                36,
                20
              ]
            },
            {
              "origin": [
                2,
                0,
                -6
              ],
              "size": [
                2,
                2,
                2
              ],
              "uv": [
                36,
                5
              ]
            }
          ]
        },
        {
          "name": "base3",
          "parent": "catnap",
          "pivot": [
            0,
            17,
            0
          ],
          "cubes": [
            {
              "origin": [
                -4,
                17,
                -5
              ],
              "size": [
                8,
                2,
                9
              ],
              "uv": [
                36,
                0
              ]
            }
          ]
        },
        {
          "name": "base2",
          "parent": "base3",
          "pivot": [
            0,
            19,
            0
          ],
          "cubes": [
            {
              "origin": [
                -5,
                19,
                -5
              ],
              "size": [
                10,
                7,
                10
              ],
              "uv": [
                0,
                17
              ]
            }
          ]
        },
        {
          "name": "base",
          "parent": "base2",
          "pivot": [
            0,
            26,
            0
          ],
          "cubes": [
            {
              "origin": [
                -3,
                30,
                -3
              ],
              "size": [
                6,
                2,
                6
              ],
              "uv": [
                36,
                60
              ]
            },
            {
              "origin": [
                -4,
                24,
                -4
              ],
              "size": [
                8,
                6,
                8
              ],
              "uv": [
                0,
                34
              ]
            }
          ]
        },
        {
          "name": "right_arm",
          "parent": "base",
          "pivot": [
            -3,
            29,
            0
          ],
          "rotation": [
            0,
            0,
            15
          ],
          "cubes": [
            {
              "origin": [
                -5,
                27,
                -1
              ],
              "size": [
                2,
                3,
                2
              ],
              "uv": [
                74,
                14
              ]
            },
            {
              "origin": [
                -6,
                22,
                -2
              ],
              "size": [
                4,
                5,
                4
              ],
              "uv": [
                69,
                51
              ]
            }
          ]
        },
        {
          "name": "right_arm2",
          "parent": "right_arm",
          "pivot": [
            -4,
            22,
            0
          ],
          "cubes": [
            {
              "origin": [
                -6,
                19,
                -2
              ],
              "size": [
                4,
                3,
                4
              ],
              "uv": [
                71,
                60
              ]
            },
            {
              "origin": [
                -7,
                14,
                -3
              ],
              "size": [
                6,
                5,
                6
              ],
              "uv": [
                0,
                48
              ]
            }
          ]
        },
        {
          "name": "right_finger",
          "parent": "right_arm2",
          "pivot": [
            -4,
            14,
            0
          ],
          "cubes": [
            {
              "origin": [
                -5,
                11,
                -1
              ],
              "size": [
                2,
                3,
                2
              ],
              "uv": [
                16,
                70
              ]
            },
            {
              "origin": [
                -5,
                8,
                -1
              ],
              "size": [
                2,
                3,
                2
              ],
              "pivot": [
                -5,
                11,
                0
              ],
              "rotation": [
                -2.5,
                0,
                -62.5
              ],
              "uv": [
                54,
                60
              ]
            },
            {
              "origin": [
                -5,
                5,
                0
              ],
              "size": [
                2,
                3,
                0
              ],
              "pivot": [
                -5,
                11,
                0
              ],
              "rotation": [
                -2.5,
                0,
                -62.5
              ],
              "uv": [
                32,
                39
              ]
            }
          ]
        },
        {
          "name": "right_finger3",
          "parent": "right_arm2",
          "pivot": [
            -4,
            14,
            2
          ],
          "rotation": [
            9.76758,
            2.15393,
            -12.31594
          ],
          "cubes": [
            {
              "origin": [
                -5,
                11,
                1
              ],
              "size": [
                2,
                3,
                2
              ],
              "uv": [
                60,
                24
              ]
            },
            {
              "origin": [
                -5,
                8,
                1
              ],
              "size": [
                2,
                3,
                2
              ],
              "pivot": [
                -5,
                11,
                2
              ],
              "rotation": [
                -2.5,
                0,
                -62.5
              ],
              "uv": [
                36,
                53
              ]
            },
            {
              "origin": [
                -5,
                5,
                2
              ],
              "size": [
                2,
                3,
                0
              ],
              "pivot": [
                -5,
                11,
                2
              ],
              "rotation": [
                -2.5,
                0,
                -62.5
              ],
              "uv": [
                4,
                39
              ]
            }
          ]
        },
        {
          "name": "right_finger2",
          "parent": "right_arm2",
          "pivot": [
            -4,
            14,
            -2
          ],
          "rotation": [
            -6.93488,
            -2.86313,
            10.17352
          ],
          "cubes": [
            {
              "origin": [
                -5,
                11,
                -3
              ],
              "size": [
                2,
                3,
                2
              ],
              "uv": [
                18,
                48
              ]
            },
            {
              "origin": [
                -5,
                8,
                -3
              ],
              "size": [
                2,
                3,
                2
              ],
              "pivot": [
                -5,
                11,
                -2
              ],
              "rotation": [
                -2.5,
                0,
                -62.5
              ],
              "uv": [
                24,
                37
              ]
            },
            {
              "origin": [
                -5,
                5,
                -2
              ],
              "size": [
                2,
                3,
                0
              ],
              "pivot": [
                -5,
                11,
                -2
              ],
              "rotation": [
                -2.5,
                0,
                -62.5
              ],
              "uv": [
                0,
                39
              ]
            }
          ]
        },
        {
          "name": "left_arm",
          "parent": "base",
          "pivot": [
            3,
            29,
            0
          ],
          "rotation": [
            0,
            0,
            -15
          ],
          "cubes": [
            {
              "origin": [
                3,
                27,
                -1
              ],
              "size": [
                2,
                3,
                2
              ],
              "uv": [
                36,
                0
              ]
            },
            {
              "origin": [
                2,
                22,
                -2
              ],
              "size": [
                4,
                5,
                4
              ],
              "uv": [
                40,
                68
              ]
            }
          ]
        },
        {
          "name": "left_arm2",
          "parent": "left_arm",
          "pivot": [
            4,
            22,
            0
          ],
          "cubes": [
            {
              "origin": [
                2,
                19,
                -2
              ],
              "size": [
                4,
                3,
                4
              ],
              "uv": [
                56,
                71
              ]
            },
            {
              "origin": [
                1,
                14,
                -3
              ],
              "size": [
                6,
                5,
                6
              ],
              "uv": [
                42,
                11
              ]
            }
          ]
        },
        {
          "name": "left_finger",
          "parent": "left_arm2",
          "pivot": [
            4,
            14,
            0
          ],
          "cubes": [
            {
              "origin": [
                3,
                11,
                -1
              ],
              "size": [
                2,
                3,
                2
              ],
              "uv": [
                0,
                34
              ]
            },
            {
              "origin": [
                3,
                8,
                -1
              ],
              "size": [
                2,
                3,
                2
              ],
              "pivot": [
                5,
                11,
                0
              ],
              "rotation": [
                -2.5,
                0,
                62.5
              ],
              "uv": [
                30,
                22
              ]
            },
            {
              "origin": [
                3,
                5,
                0
              ],
              "size": [
                2,
                3,
                0
              ],
              "pivot": [
                5,
                11,
                0
              ],
              "rotation": [
                -2.5,
                0,
                62.5
              ],
              "uv": [
                38,
                17
              ]
            }
          ]
        },
        {
          "name": "left_finger3",
          "parent": "left_arm2",
          "pivot": [
            4,
            14,
            2
          ],
          "rotation": [
            9.76758,
            -2.15393,
            12.31594
          ],
          "cubes": [
            {
              "origin": [
                3,
                11,
                1
              ],
              "size": [
                2,
                3,
                2
              ],
              "uv": [
                30,
                17
              ]
            },
            {
              "origin": [
                3,
                8,
                1
              ],
              "size": [
                2,
                3,
                2
              ],
              "pivot": [
                5,
                11,
                2
              ],
              "rotation": [
                -2.5,
                0,
                62.5
              ],
              "uv": [
                0,
                22
              ]
            },
            {
              "origin": [
                3,
                5,
                2
              ],
              "size": [
                2,
                3,
                0
              ],
              "pivot": [
                5,
                11,
                2
              ],
              "rotation": [
                -2.5,
                0,
                62.5
              ],
              "uv": [
                24,
                34
              ]
            }
          ]
        },
        {
          "name": "left_finger2",
          "parent": "left_arm2",
          "pivot": [
            4,
            14,
            -2
          ],
          "rotation": [
            -6.93488,
            2.86313,
            -10.17352
          ],
          "cubes": [
            {
              "origin": [
                3,
                11,
                -3
              ],
              "size": [
                2,
                3,
                2
              ],
              "uv": [
                0,
                17
              ]
            },
            {
              "origin": [
                3,
                8,
                -3
              ],
              "size": [
                2,
                3,
                2
              ],
              "pivot": [
                5,
                11,
                -2
              ],
              "rotation": [
                -2.5,
                0,
                62.5
              ],
              "uv": [
                0,
                7
              ]
            },
            {
              "origin": [
                3,
                5,
                -2
              ],
              "size": [
                2,
                3,
                0
              ],
              "pivot": [
                5,
                11,
                -2
              ],
              "rotation": [
                -2.5,
                0,
                62.5
              ],
              "uv": [
                8,
                7
              ]
            }
          ]
        },
        {
          "name": "necklace",
          "parent": "base",
          "pivot": [
            0,
            30,
            -4
          ],
          "rotation": [
            -14.35271,
            -1.32902,
            1.00053
          ],
          "cubes": [
            {
              "origin": [
                -3,
                23,
                -4
              ],
              "size": [
                6,
                7,
                0
              ],
              "uv": [
                0,
                0
              ]
            }
          ]
        },
        {
          "name": "head",
          "parent": "base",
          "pivot": [
            0,
            32,
            0
          ],
          "cubes": [
            {
              "origin": [
                -6,
                32,
                -6
              ],
              "size": [
                12,
                5,
                12
              ],
              "uv": [
                0,
                0
              ]
            },
            {
              "origin": [
                -5,
                37,
                -5
              ],
              "size": [
                10,
                5,
                10
              ],
              "uv": [
                30,
                24
              ]
            },
            {
              "origin": [
                -4.5,
                37.1,
                -5
              ],
              "size": [
                9,
                4,
                1
              ],
              "uv": [
                61,
                0
              ]
            },
            {
              "origin": [
                -4.5,
                37.1,
                -4
              ],
              "size": [
                9,
                4,
                1
              ],
              "uv": [
                47,
                39
              ]
            }
          ]
        },
        {
          "name": "ears",
          "parent": "head",
          "pivot": [
            -3,
            42,
            0
          ],
          "rotation": [
            -1.04145,
            20.27296,
            9.74554
          ],
          "cubes": [
            {
              "origin": [
                -10,
                33,
                -3
              ],
              "size": [
                3,
                7,
                5
              ],
              "pivot": [
                0,
                31,
                0
              ],
              "rotation": [
                2.2517,
                6.98064,
                24.05406
              ],
              "uv": [
                24,
                64
              ]
            },
            {
              "origin": [
                -9.19987,
                29.77597,
                -2.89482
              ],
              "size": [
                4,
                7,
                7
              ],
              "pivot": [
                -8,
                37,
                1
              ],
              "rotation": [
                -1.24334,
                7.2275,
                -3.66182
              ],
              "uv": [
                47,
                46
              ]
            }
          ]
        },
        {
          "name": "ears2",
          "parent": "head",
          "pivot": [
            3,
            42,
            0
          ],
          "rotation": [
            -1.04145,
            -20.27296,
            -9.74554
          ],
          "cubes": [
            {
              "origin": [
                7,
                33,
                -3
              ],
              "size": [
                3,
                7,
                5
              ],
              "pivot": [
                0,
                31,
                0
              ],
              "rotation": [
                2.2517,
                -6.98064,
                -24.05406
              ],
              "uv": [
                62,
                39
              ]
            },
            {
              "origin": [
                5.19987,
                29.77597,
                -2.89482
              ],
              "size": [
                4,
                7,
                7
              ],
              "pivot": [
                8,
                37,
                1
              ],
              "rotation": [
                -1.24334,
                -7.2275,
                3.66182
              ],
              "uv": [
                32,
                39
              ]
            }
          ]
        },
        {
          "name": "bone",
          "parent": "head",
          "pivot": [
            3,
            38,
            -1
          ],
          "cubes": [
            {
              "origin": [
                0,
                35,
                -1
              ],
              "size": [
                6,
                6,
                0
              ],
              "pivot": [
                3,
                38,
                -1
              ],
              "rotation": [
                0,
                90,
                0
              ],
              "uv": [
                32,
                77
              ]
            },
            {
              "origin": [
                0,
                35,
                -1
              ],
              "size": [
                6,
                6,
                0
              ],
              "uv": [
                32,
                77
              ]
            },
            {
              "origin": [
                0,
                35,
                -1
              ],
              "size": [
                6,
                6,
                0
              ],
              "uv": [
                32,
                77
              ]
            }
          ]
        },
        {
          "name": "bone2",
          "parent": "bone",
          "pivot": [
            -4,
            42,
            -1
          ],
          "cubes": [
            {
              "origin": [
                -7,
                39,
                -1
              ],
              "size": [
                6,
                6,
                0
              ],
              "pivot": [
                -4,
                42,
                -1
              ],
              "rotation": [
                0,
                90,
                0
              ],
              "uv": [
                32,
                77
              ]
            },
            {
              "origin": [
                -7,
                39,
                -1
              ],
              "size": [
                6,
                6,
                0
              ],
              "uv": [
                32,
                77
              ]
            },
            {
              "origin": [
                -7,
                39,
                -1
              ],
              "size": [
                6,
                6,
                0
              ],
              "uv": [
                32,
                77
              ]
            }
          ]
        },
        {
          "name": "bone3",
          "parent": "bone",
          "pivot": [
            7,
            46,
            -1
          ],
          "cubes": [
            {
              "origin": [
                4,
                43,
                -1
              ],
              "size": [
                6,
                6,
                0
              ],
              "pivot": [
                7,
                46,
                -1
              ],
              "rotation": [
                0,
                90,
                0
              ],
              "uv": [
                32,
                77
              ]
            },
            {
              "origin": [
                4,
                43,
                -1
              ],
              "size": [
                6,
                6,
                0
              ],
              "uv": [
                32,
                77
              ]
            },
            {
              "origin": [
                4,
                43,
                -1
              ],
              "size": [
                6,
                6,
                0
              ],
              "uv": [
                32,
                77
              ]
            }
          ]
        },
        {
          "name": "bone4",
          "parent": "bone",
          "pivot": [
            1,
            31,
            -1
          ],
          "cubes": [
            {
              "origin": [
                -2,
                28,
                -1
              ],
              "size": [
                6,
                6,
                0
              ],
              "pivot": [
                1,
                31,
                -1
              ],
              "rotation": [
                0,
                90,
                0
              ],
              "uv": [
                32,
                77
              ]
            },
            {
              "origin": [
                -2,
                28,
                -1
              ],
              "size": [
                6,
                6,
                0
              ],
              "uv": [
                32,
                77
              ]
            },
            {
              "origin": [
                -2,
                28,
                -1
              ],
              "size": [
                6,
                6,
                0
              ],
              "uv": [
                32,
                77
              ]
            }
          ]
        },
        {
          "name": "tail",
          "parent": "base2",
          "pivot": [
            0,
            21,
            4
          ],
          "rotation": [
            25,
            0,
            0
          ],
          "cubes": [
            {
              "origin": [
                -1,
                18,
                4
              ],
              "size": [
                2,
                4,
                7
              ],
              "uv": [
                60,
                60
              ]
            }
          ]
        }
      ]
    }
  ]
}