{
  "format_version": "1.12.0",
  "minecraft:geometry": [
    {
      "description": {
        "identifier": "geometry.pa_lccatnap",
        "texture_width": 64,
        "texture_height": 64,
        "visible_bounds_width": 2,
        "visible_bounds_height": 2.5,
        "visible_bounds_offset": [
          0,
          0.75,
          0
        ]
      },
      "bones": [
        {
          "name": "necklace",
          "pivot": [
            0,
            5,
            -2
          ],
          "cubes": [
            {
              "origin": [
                -2,
                2,
                -2
              ],
              "size": [
                4,
                4,
                0
              ],
              "pivot": [
                0,
                5,
                -2
              ],
              "rotation": [
                -27.5,
                0,
                0
              ],
              "uv": [
                18,
                16
              ]
            }
          ]
        },
        {
          "name": "base",
          "pivot": [
            0,
            0,
            -1
          ],
          "rotation": [
            -15,
            0,
            0
          ],
          "cubes": [
            {
              "origin": [
                -2,
                1,
                -3
              ],
              "size": [
                4,
                5,
                4
              ],
              "uv": [
                0,
                12
              ]
            },
            {
              "origin": [
                -2,
                6,
                -1
              ],
              "size": [
                4,
                3,
                0
              ],
              "pivot": [
                0,
                6,
                -1
              ],
              "rotation": [
                15,
                0,
                0
              ],
              "uv": [
                28,
                20
              ]
            },
            {
              "origin": [
                0,
                0,
                -6
              ],
              "size": [
                2,
                2,
                5
              ],
              "pivot": [
                0,
                0,
                -1
              ],
              "rotation": [
                20.13311,
                -9.64462,
                -3.2574
              ],
              "uv": [
                9,
                25
              ]
            },
            {
              "origin": [
                -2,
                0,
                -6
              ],
              "size": [
                2,
                2,
                5
              ],
              "pivot": [
                0,
                0,
                -1
              ],
              "rotation": [
                15,
                22.5,
                0
              ],
              "uv": [
                0,
                21
              ]
            },
            {
              "origin": [
                2,
                0,
                -1
              ],
              "size": [
                2,
                5,
                2
              ],
              "pivot": [
                0,
                0,
                0
              ],
              "rotation": [
                0,
                0,
                -15
              ],
              "uv": [
                23,
                27
              ]
            },
            {
              "origin": [
                -4,
                0,
                -1
              ],
              "size": [
                2,
                5,
                2
              ],
              "pivot": [
                0,
                0,
                0
              ],
              "rotation": [
                0,
                0,
                15
              ],
              "uv": [
                0,
                28
              ]
            },
            {
              "origin": [
                4.5,
                -0.5,
                -6
              ],
              "size": [
                2,
                2,
                5
              ],
              "pivot": [
                5,
                0,
                4
              ],
              "rotation": [
                0,
                7.5,
                0
              ],
              "uv": [
                19,
                20
              ]
            },
            {
              "origin": [
                5,
                1,
                -1
              ],
              "size": [
                1,
                1,
                5
              ],
              "pivot": [
                5,
                0,
                4
              ],
              "rotation": [
                15,
                7.5,
                0
              ],
              "uv": [
                18,
                0
              ]
            },
            {
              "origin": [
                0,
                0,
                0
              ],
              "size": [
                1,
                1,
                4
              ],
              "pivot": [
                0,
                0,
                0
              ],
              "rotation": [
                15,
                0,
                0
              ],
              "uv": [
                25,
                0
              ]
            },
            {
              "origin": [
                1,
                0,
                3
              ],
              "size": [
                4,
                1,
                1
              ],
              "pivot": [
                0,
                0,
                0
              ],
              "rotation": [
                15,
                0,
                0
              ],
              "uv": [
                26,
                6
              ]
            }
          ]
        }
      ]
    }
  ]
}