{
  "format_version": "1.12.0",
  "minecraft:geometry": [
    {
      "description": {
        "identifier": "geometry.pa_toy1",
        "texture_width": 64,
        "texture_height": 64,
        "visible_bounds_width": 2,
        "visible_bounds_height": 2.5,
        "visible_bounds_offset": [
          0,
          0.75,
          0
        ]
      },
      "bones": [
        {
          "name": "head",
          "pivot": [
            0,
            5,
            0
          ],
          "cubes": [
            {
              "origin": [
                -3,
                5,
                -3
              ],
              "size": [
                6,
                6,
                6
              ],
              "uv": [
                0,
                0
              ]
            },
            {
              "origin": [
                3,
                8,
                -1
              ],
              "size": [
                3,
                3,
                1
              ],
              "pivot": [
                0,
                5,
                0
              ],
              "rotation": [
                0,
                0,
                -72.5
              ],
              "uv": [
                26,
                16
              ]
            },
            {
              "origin": [
                -6,
                8,
                -1
              ],
              "size": [
                3,
                3,
                1
              ],
              "pivot": [
                0,
                5,
                0
              ],
              "rotation": [
                0,
                0,
                72.5
              ],
              "uv": [
                26,
                8
              ]
            },
            {
              "origin": [
                -4,
                5,
                -3
              ],
              "size": [
                1,
                4,
                6
              ],
              "uv": [
                18,
                6
              ]
            },
            {
              "origin": [
                3,
                5,
                -3
              ],
              "size": [
                1,
                4,
                6
              ],
              "uv": [
                10,
                15
              ]
            }
          ]
        }
      ]
    }
  ]
}