{
	"format_version": "1.12.0",
	"minecraft:geometry": [
		{
			"description": {
				"identifier": "geometry.icicle",
				"texture_width": 16,
				"texture_height": 16,
				"visible_bounds_width": 2,
				"visible_bounds_height": 2.5,
				"visible_bounds_offset": [0, 0.75, 0]
			},
			"bones": [
				{
					"name": "bone",
					"pivot": [0, 0, -0.5]
				},
				{
					"name": "icicle3",
					"parent": "bone",
					"pivot": [-0.5, 16, 0],
					"cubes": [
						{"origin": [-1.4, 11.2, -2.1], "size": [3.8, 4.8, 4.2], "uv": [0, 0]},
						{"origin": [-0.7, 6.4, -1.1], "size": [2.4, 4.8, 2.2], "uv": [0, 0]},
						{"origin": [-0.1, 1.6, -0.6], "size": [1.2, 4.8, 1.2], "uv": [0, 0]}
					]
				},
				{
					"name": "icicle2",
					"parent": "bone",
					"pivot": [-0.5, 16, 5],
					"cubes": [
						{"origin": [3.9, 12.8, -0.9], "size": [3.2, 3.2, 2.3], "uv": [0, 0]},
						{"origin": [4.7, 9.6, -0.4], "size": [1.6, 3.2, 1.3], "uv": [0, 0]},
						{"origin": [5.1, 6.4, -0.1], "size": [0.8, 3.2, 0.8], "uv": [0, 0]}
					]
				},
				{
					"name": "icicle",
					"parent": "bone",
					"pivot": [-0.5, 16, -6.5],
					"cubes": [
						{"origin": [-8, 12, -1.5], "size": [4, 4, 3], "uv": [0, 0]},
						{"origin": [-7, 8, -1], "size": [2, 4, 2], "uv": [0, 0]},
						{"origin": [-6.5, 4, -0.5], "size": [1, 4, 1], "uv": [0, 0]}
					]
				}
			]
		}
	]
}