{
	"format_version": "1.12.0",
	"minecraft:geometry": [
		{
			"description": {
				"identifier": "geometry.lights",
				"texture_width": 16,
				"texture_height": 16,
				"visible_bounds_width": 3,
				"visible_bounds_height": 2.5,
				"visible_bounds_offset": [0, 0.75, 0]
			},
			"bones": [
				{
					"name": "bone4",
					"pivot": [0, 2.6, 7]
				},
				{
					"name": "bone3",
					"parent": "bone4",
					"pivot": [0, 2.6, 7],
					"cubes": [
						{
							"origin": [-0.4, 10.6, 7],
							"size": [1, 2, 1],
							"uv": {
								"north": {"uv": [0, 8], "uv_size": [1, 2]},
								"east": {"uv": [1, 8], "uv_size": [1, 2]},
								"south": {"uv": [2, 8], "uv_size": [1, 2]},
								"west": {"uv": [3, 8], "uv_size": [1, 2]},
								"up": {"uv": [9, 11], "uv_size": [1, 1]},
								"down": {"uv": [11, 6], "uv_size": [1, -1]}
							}
						},
						{
							"origin": [-2.4, 10.1, 7],
							"size": [1, 2, 1],
							"uv": {
								"north": {"uv": [4, 8], "uv_size": [1, 2]},
								"east": {"uv": [5, 8], "uv_size": [1, 2]},
								"south": {"uv": [6, 8], "uv_size": [1, 2]},
								"west": {"uv": [7, 8], "uv_size": [1, 2]},
								"up": {"uv": [11, 6], "uv_size": [1, 1]},
								"down": {"uv": [11, 8], "uv_size": [1, -1]}
							}
						},
						{
							"origin": [1.6, 10.2, 7],
							"size": [1, 2, 1],
							"uv": {
								"north": {"uv": [8, 8], "uv_size": [1, 2]},
								"east": {"uv": [9, 9], "uv_size": [1, 2]},
								"south": {"uv": [9, 0], "uv_size": [1, 2]},
								"west": {"uv": [9, 2], "uv_size": [1, 2]},
								"up": {"uv": [11, 8], "uv_size": [1, 1]},
								"down": {"uv": [11, 11], "uv_size": [1, -1]}
							}
						},
						{
							"origin": [3.7, 10.7, 7],
							"size": [1, 2, 1],
							"uv": {
								"north": {"uv": [9, 4], "uv_size": [1, 2]},
								"east": {"uv": [9, 6], "uv_size": [1, 2]},
								"south": {"uv": [0, 10], "uv_size": [1, 2]},
								"west": {"uv": [1, 10], "uv_size": [1, 2]},
								"up": {"uv": [0, 12], "uv_size": [1, 1]},
								"down": {"uv": [1, 13], "uv_size": [1, -1]}
							}
						},
						{
							"origin": [-4.8, 10.7, 7],
							"size": [1, 2, 1],
							"uv": {
								"north": {"uv": [2, 10], "uv_size": [1, 2]},
								"east": {"uv": [3, 10], "uv_size": [1, 2]},
								"south": {"uv": [4, 10], "uv_size": [1, 2]},
								"west": {"uv": [5, 10], "uv_size": [1, 2]},
								"up": {"uv": [2, 12], "uv_size": [1, 1]},
								"down": {"uv": [3, 13], "uv_size": [1, -1]}
							}
						},
						{
							"origin": [-7.3, 12.2, 7],
							"size": [1, 2, 1],
							"uv": {
								"north": {"uv": [6, 10], "uv_size": [1, 2]},
								"east": {"uv": [7, 10], "uv_size": [1, 2]},
								"south": {"uv": [8, 10], "uv_size": [1, 2]},
								"west": {"uv": [10, 10], "uv_size": [1, 2]},
								"up": {"uv": [4, 12], "uv_size": [1, 1]},
								"down": {"uv": [5, 13], "uv_size": [1, -1]}
							}
						},
						{
							"origin": [6.2, 12.2, 7],
							"size": [1, 2, 1],
							"uv": {
								"north": {"uv": [10, 0], "uv_size": [1, 2]},
								"east": {"uv": [10, 2], "uv_size": [1, 2]},
								"south": {"uv": [10, 4], "uv_size": [1, 2]},
								"west": {"uv": [10, 6], "uv_size": [1, 2]},
								"up": {"uv": [6, 12], "uv_size": [1, 1]},
								"down": {"uv": [7, 13], "uv_size": [1, -1]}
							}
						}
					]
				},
				{
					"name": "bone2",
					"parent": "bone4",
					"pivot": [0, 2.6, 7],
					"cubes": [
						{
							"origin": [13.58278, 6.76272, 7],
							"size": [2.5, 1, 1],
							"inflate": 0.005,
							"pivot": [0, 0, 0],
							"rotation": [0, 0, -37.5],
							"uv": {
								"north": {"uv": [0, 0], "uv_size": [3, 1]},
								"east": {"uv": [8, 12], "uv_size": [1, 1]},
								"south": {"uv": [0, 1], "uv_size": [3, 1]},
								"west": {"uv": [9, 12], "uv_size": [1, 1]},
								"up": {"uv": [0, 2], "uv_size": [3, 1]},
								"down": {"uv": [0, 4], "uv_size": [3, -1]}
							}
						},
						{
							"origin": [9.54069, 9.21395, 7],
							"size": [2.5, 1, 1],
							"inflate": 0.006,
							"pivot": [0, 0, 0],
							"rotation": [0, 0, -26.5],
							"uv": {
								"north": {"uv": [3, 3], "uv_size": [3, 1]},
								"east": {"uv": [10, 12], "uv_size": [1, 1]},
								"south": {"uv": [3, 0], "uv_size": [3, 1]},
								"west": {"uv": [11, 12], "uv_size": [1, 1]},
								"up": {"uv": [3, 1], "uv_size": [3, 1]},
								"down": {"uv": [3, 3], "uv_size": [3, -1]}
							}
						},
						{
							"origin": [4.35568, 11.39008, 7],
							"size": [2.5, 1, 1],
							"inflate": 0.007,
							"pivot": [0, 0, 0],
							"rotation": [0, 0, -11.5],
							"uv": {
								"north": {"uv": [0, 4], "uv_size": [3, 1]},
								"east": {"uv": [12, 12], "uv_size": [1, 1]},
								"south": {"uv": [3, 4], "uv_size": [3, 1]},
								"west": {"uv": [12, 5], "uv_size": [1, 1]},
								"up": {"uv": [0, 5], "uv_size": [3, 1]},
								"down": {"uv": [3, 6], "uv_size": [3, -1]}
							}
						},
						{
							"origin": [-1.3784, 12.21041, 7],
							"size": [2.1, 1, 1],
							"inflate": 0.008,
							"pivot": [0, 0, 0],
							"rotation": [0, 0, 6],
							"uv": {
								"north": {"uv": [9, 8], "uv_size": [2, 1]},
								"east": {"uv": [12, 6], "uv_size": [1, 1]},
								"south": {"uv": [10, 9], "uv_size": [2, 1]},
								"west": {"uv": [12, 7], "uv_size": [1, 1]},
								"up": {"uv": [11, 11], "uv_size": [2, 1]},
								"down": {"uv": [11, 1], "uv_size": [2, -1]}
							}
						}
					]
				},
				{
					"name": "bone",
					"parent": "bone4",
					"pivot": [0, 2.6, 7],
					"cubes": [
						{
							"origin": [-16.08278, 6.76272, 7],
							"size": [2.5, 1, 1],
							"inflate": 0.001,
							"pivot": [0, 0, 0],
							"rotation": [0, 0, 37.5],
							"uv": {
								"north": {"uv": [0, 6], "uv_size": [3, 1]},
								"east": {"uv": [12, 8], "uv_size": [1, 1]},
								"south": {"uv": [3, 6], "uv_size": [3, 1]},
								"west": {"uv": [12, 9], "uv_size": [1, 1]},
								"up": {"uv": [6, 6], "uv_size": [3, 1]},
								"down": {"uv": [6, 1], "uv_size": [3, -1]}
							}
						},
						{
							"origin": [-12.04069, 9.21395, 7],
							"size": [2.5, 1, 1],
							"inflate": 0.002,
							"pivot": [0, 0, 0],
							"rotation": [0, 0, 26.5],
							"uv": {
								"north": {"uv": [6, 1], "uv_size": [3, 1]},
								"east": {"uv": [12, 10], "uv_size": [1, 1]},
								"south": {"uv": [6, 2], "uv_size": [3, 1]},
								"west": {"uv": [0, 13], "uv_size": [1, 1]},
								"up": {"uv": [6, 3], "uv_size": [3, 1]},
								"down": {"uv": [6, 5], "uv_size": [3, -1]}
							}
						},
						{
							"origin": [-6.85568, 11.39008, 7],
							"size": [2.5, 1, 1],
							"inflate": 0.003,
							"pivot": [0, 0, 0],
							"rotation": [0, 0, 11.5],
							"uv": {
								"north": {"uv": [6, 5], "uv_size": [3, 1]},
								"east": {"uv": [1, 13], "uv_size": [1, 1]},
								"south": {"uv": [0, 7], "uv_size": [3, 1]},
								"west": {"uv": [2, 13], "uv_size": [1, 1]},
								"up": {"uv": [3, 7], "uv_size": [3, 1]},
								"down": {"uv": [6, 8], "uv_size": [3, -1]}
							}
						},
						{
							"origin": [-0.7216, 12.21041, 7],
							"size": [2.1, 1, 1],
							"inflate": 0.004,
							"pivot": [0, 0, 0],
							"rotation": [0, 0, -6],
							"uv": {
								"north": {"uv": [11, 1], "uv_size": [2, 1]},
								"east": {"uv": [3, 13], "uv_size": [1, 1]},
								"south": {"uv": [11, 2], "uv_size": [2, 1]},
								"west": {"uv": [4, 13], "uv_size": [1, 1]},
								"up": {"uv": [11, 3], "uv_size": [2, 1]},
								"down": {"uv": [11, 5], "uv_size": [2, -1]}
							}
						}
					]
				}
			]
		}
	]
}