{
	"format_version": "1.12.0",
	"minecraft:geometry": [
		{
			"description": {
				"identifier": "geometry.present",
				"texture_width": 500,
				"texture_height": 500,
				"visible_bounds_width": 4,
				"visible_bounds_height": 5.5,
				"visible_bounds_offset": [0, 2.25, 0]
			},
			"bones": [
				{
					"name": "bone",
					"pivot": [0, 0, 0]
				},
				{
					"name": "presents",
					"parent": "bone",
					"pivot": [0, 0, 0]
				},
				{
					"name": "present",
					"parent": "presents",
					"pivot": [0.16747, 0.29572, -1.31116],
					"cubes": [
						{
							"origin": [-3.0027, 0.29572, -4.48133],
							"size": [6.34034, 6.34034, 6.34034],
							"uv": {
								"north": {"uv": [72, 40], "uv_size": [8, 8]},
								"east": {"uv": [48, 40], "uv_size": [8, 8]},
								"south": {"uv": [56, 40], "uv_size": [8, 8]},
								"west": {"uv": [64, 40], "uv_size": [8, 8]},
								"up": {"uv": [72, 40], "uv_size": [-8, -8]},
								"down": {"uv": [64, 40], "uv_size": [-8, -8]}
							}
						},
						{
							"origin": [-2.89897, 0.39945, -4.3776],
							"size": [6.13288, 6.13288, 6.13288],
							"inflate": 0.5,
							"uv": {
								"north": {"uv": [104, 40], "uv_size": [8, 8]},
								"east": {"uv": [88, 40], "uv_size": [8, 8]},
								"south": {"uv": [80, 40], "uv_size": [8, 8]},
								"west": {"uv": [96, 40], "uv_size": [8, 8]},
								"up": {"uv": [96, 40], "uv_size": [-8, -8]}
							}
						}
					]
				},
				{
					"name": "present3",
					"parent": "presents",
					"pivot": [-4.37174, 0.29572, 3.83253],
					"cubes": [
						{
							"origin": [-8.04915, 0.29572, 0.15513],
							"size": [7.3548, 7.3548, 7.3548],
							"uv": {
								"north": {"uv": [98, 8], "uv_size": [8, 8]},
								"east": {"uv": [98, 8], "uv_size": [8, 8]},
								"south": {"uv": [98, 8], "uv_size": [8, 8]},
								"west": {"uv": [98, 8], "uv_size": [8, 8]},
								"up": {"uv": [122, 8], "uv_size": [-8, -8]},
								"down": {"uv": [114, 8], "uv_size": [-8, -8]}
							}
						},
						{
							"origin": [-8.00881, 0.03607, 0.19547],
							"size": [7.27415, 7.27415, 7.27415],
							"inflate": 0.5,
							"uv": {
								"north": {"uv": [130, 8], "uv_size": [8, 8]},
								"east": {"uv": [130, 8], "uv_size": [8, 8]},
								"south": {"uv": [130, 8], "uv_size": [8, 8]},
								"west": {"uv": [130, 8], "uv_size": [8, 8]},
								"up": {"uv": [146, 8], "uv_size": [-8, -8]}
							}
						}
					]
				},
				{
					"name": "present4",
					"parent": "presents",
					"pivot": [-4.39312, 0.29572, -4.77435],
					"cubes": [
						{
							"origin": [-6.74667, 0.29572, -7.1279],
							"size": [4.70707, 4.70707, 4.70707],
							"uv": {
								"north": {"uv": [165, 8], "uv_size": [8, 8]},
								"east": {"uv": [165, 8], "uv_size": [8, 8]},
								"south": {"uv": [165, 8], "uv_size": [8, 8]},
								"west": {"uv": [165, 8], "uv_size": [8, 8]},
								"up": {"uv": [189, 8], "uv_size": [-8, -8]},
								"down": {"uv": [181, 8], "uv_size": [-8, -8]}
							}
						},
						{
							"origin": [-6.54085, 0.50154, -6.92208],
							"size": [4.29547, 4.29547, 4.29547],
							"inflate": 0.5,
							"uv": {
								"north": {"uv": [197, 8], "uv_size": [8, 8]},
								"east": {"uv": [197, 8], "uv_size": [8, 8]},
								"south": {"uv": [197, 8], "uv_size": [8, 8]},
								"west": {"uv": [197, 8], "uv_size": [8, 8]},
								"up": {"uv": [213, 8], "uv_size": [-8, -8]}
							}
						}
					]
				},
				{
					"name": "present6",
					"parent": "presents",
					"pivot": [5.68884, 0.29572, 1.72565],
					"cubes": [
						{
							"origin": [3.80601, 0.29572, -0.15718],
							"size": [3.76567, 3.76567, 3.76567],
							"uv": {
								"north": {"uv": [165, 8], "uv_size": [8, 8]},
								"east": {"uv": [165, 8], "uv_size": [8, 8]},
								"south": {"uv": [165, 8], "uv_size": [8, 8]},
								"west": {"uv": [165, 8], "uv_size": [8, 8]},
								"up": {"uv": [189, 8], "uv_size": [-8, -8]},
								"down": {"uv": [181, 8], "uv_size": [-8, -8]}
							}
						},
						{
							"origin": [4.07065, 0.56037, 0.10746],
							"size": [3.23635, 3.23635, 3.23635],
							"inflate": 0.5,
							"uv": {
								"north": {"uv": [197, 8], "uv_size": [8, 8]},
								"east": {"uv": [197, 8], "uv_size": [8, 8]},
								"south": {"uv": [197, 8], "uv_size": [8, 8]},
								"west": {"uv": [197, 8], "uv_size": [8, 8]},
								"up": {"uv": [213, 8], "uv_size": [-8, -8]}
							}
						}
					]
				},
				{
					"name": "present2",
					"parent": "presents",
					"pivot": [1.64015, 0.29572, 5.64609],
					"cubes": [
						{
							"origin": [-0.32536, 0.29572, 3.68058],
							"size": [3.93102, 3.93102, 3.93102],
							"uv": {
								"north": {"uv": [128, 40], "uv_size": [8, 8]},
								"east": {"uv": [120, 40], "uv_size": [8, 8]},
								"south": {"uv": [112, 40], "uv_size": [8, 8]},
								"west": {"uv": [136, 40], "uv_size": [8, 8]},
								"up": {"uv": [128, 40], "uv_size": [-8, -8]},
								"down": {"uv": [136, 40], "uv_size": [-8, -8]}
							}
						},
						{
							"origin": [-0.07104, 0.55005, 3.93491],
							"size": [3.42237, 3.42237, 3.42237],
							"inflate": 0.5,
							"uv": {
								"north": {"uv": [160, 40], "uv_size": [8, 8]},
								"east": {"uv": [152, 40], "uv_size": [8, 8]},
								"south": {"uv": [144, 40], "uv_size": [8, 8]},
								"west": {"uv": [168, 40], "uv_size": [8, 8]},
								"up": {"uv": [160, 40], "uv_size": [-8, -8]}
							}
						}
					]
				},
				{
					"name": "present5",
					"parent": "presents",
					"pivot": [5.32305, 0.29572, -5.39312],
					"cubes": [
						{
							"origin": [2.76789, 0.29572, -7.94828],
							"size": [5.11032, 5.11032, 5.11032],
							"uv": {
								"north": {"uv": [128, 40], "uv_size": [8, 8]},
								"east": {"uv": [120, 40], "uv_size": [8, 8]},
								"south": {"uv": [112, 40], "uv_size": [8, 8]},
								"west": {"uv": [136, 40], "uv_size": [8, 8]},
								"up": {"uv": [128, 40], "uv_size": [-8, -8]},
								"down": {"uv": [136, 40], "uv_size": [-8, -8]}
							}
						},
						{
							"origin": [2.9485, 0.47634, -7.76766],
							"size": [4.74908, 4.74908, 4.74908],
							"inflate": 0.5,
							"uv": {
								"north": {"uv": [160, 40], "uv_size": [8, 8]},
								"east": {"uv": [152, 40], "uv_size": [8, 8]},
								"south": {"uv": [144, 40], "uv_size": [8, 8]},
								"west": {"uv": [168, 40], "uv_size": [8, 8]},
								"up": {"uv": [160, 40], "uv_size": [-8, -8]}
							}
						}
					]
				}
			]
		}
	]
}