{
	"format_version": "1.12.0",
	"minecraft:geometry": [
		{
			"description": {
				"identifier": "geometry.stocking",
				"texture_width": 32,
				"texture_height": 16,
				"visible_bounds_width": 3,
				"visible_bounds_height": 2.5,
				"visible_bounds_offset": [0, 0.75, 0]
			},
			"bones": [
				{
					"name": "block",
					"pivot": [0, 1.6, 0],
					"cubes": [
						{
							"origin": [-2.5, 6.5, 6.5],
							"size": [5.5, 5.5, 1.5],
							"uv": {
								"north": {"uv": [2, 1], "uv_size": [5.5, 5.5]},
								"east": {"uv": [0, 1], "uv_size": [1.5, 5.5]},
								"south": {"uv": [10, 1], "uv_size": [6, 6]},
								"west": {"uv": [12, 1], "uv_size": [1.5, 5.5]},
								"up": {"uv": [2, 0], "uv_size": [10, 1]},
								"down": {"uv": [12, 1], "uv_size": [10, -1]}
							}
						},
						{
							"origin": [-2.5, 4.5, 6.5],
							"size": [5.5, 2, 1.5],
							"inflate": 0.0001,
							"uv": {
								"north": {"uv": [2, 1], "uv_size": [5.5, 2]},
								"east": {"uv": [0, 1], "uv_size": [1.5, 2]},
								"south": {"uv": [10, 1], "uv_size": [5.5, 2]},
								"west": {"uv": [12, 1], "uv_size": [1.5, 2]},
								"up": {"uv": [2, 0], "uv_size": [5.5, 1.5]},
								"down": {"uv": [12, 1.5], "uv_size": [5.5, -1.5]}
							}
						},
						{
							"origin": [2.58115, 1.69957, 6.5],
							"size": [1.5, 1.5, 1.5],
							"inflate": 0.0005,
							"uv": {
								"north": {"uv": [2, 1], "uv_size": [1.5, 1.5]},
								"east": {"uv": [0, 1], "uv_size": [1.5, 1.5]},
								"south": {"uv": [6, 1], "uv_size": [1.5, 1.5]},
								"west": {"uv": [4, 1], "uv_size": [1.5, 1.5]},
								"up": {"uv": [2, 0], "uv_size": [1.5, 1.5]},
								"down": {"uv": [4, 1.5], "uv_size": [1.5, -1.5]}
							}
						},
						{
							"origin": [4.27118, 2.61271, 6.5],
							"size": [1, 1.5, 1.5],
							"inflate": 0.0003,
							"uv": {
								"north": {"uv": [2, 1], "uv_size": [1, 1.5]},
								"east": {"uv": [0, 1], "uv_size": [1.5, 1.5]},
								"south": {"uv": [6, 1], "uv_size": [1, 1.5]},
								"west": {"uv": [4, 1], "uv_size": [1.5, 1.5]},
								"up": {"uv": [2, 0], "uv_size": [1, 1.5]},
								"down": {"uv": [4, 1.5], "uv_size": [1, -1.5]}
							}
						},
						{
							"origin": [-3, 12, 6.2],
							"size": [6.5, 4, 2],
							"uv": {
								"north": {"uv": [25, 2], "uv_size": [7, 4]},
								"east": {"uv": [16, 0], "uv_size": [2, 4]},
								"south": {"uv": [25, 2], "uv_size": [7, 4]},
								"west": {"uv": [30, 6], "uv_size": [2, 4]},
								"up": {"uv": [25, 6], "uv_size": [7, 2]},
								"down": {"uv": [16, 2], "uv_size": [12, -2]}
							}
						}
					]
				},
				{
					"name": "bone",
					"parent": "block",
					"pivot": [-3.21087, 1.5484, -0.2],
					"cubes": [
						{
							"origin": [-0.13966, 4.14592, 6.5],
							"size": [1, 1, 1.5],
							"pivot": [0, 0, 0],
							"rotation": [0, 0, -27.5],
							"uv": {
								"north": {"uv": [2, 1], "uv_size": [1, 1]},
								"east": {"uv": [0, 1], "uv_size": [1.5, 1]},
								"south": {"uv": [6, 1], "uv_size": [1, 1]},
								"west": {"uv": [4, 1], "uv_size": [1.5, 1]},
								"up": {"uv": [2, 0], "uv_size": [1, 1.5]},
								"down": {"uv": [4, 1.5], "uv_size": [1, -1.5]}
							}
						}
					]
				},
				{
					"name": "bone2",
					"parent": "block",
					"pivot": [-4.15661, -0.36836, -0.2],
					"cubes": [
						{
							"origin": [2.55797, -1.73427, 6.5],
							"size": [2.5, 5, 1.5],
							"inflate": 0.0006,
							"pivot": [0, 0, 0],
							"rotation": [0, 0, -67.5],
							"uv": {
								"north": {"uv": [2, 1], "uv_size": [2.5, 5]},
								"east": {"uv": [0, 1], "uv_size": [1.5, 5]},
								"south": {"uv": [8, 1], "uv_size": [2.5, 5]},
								"west": {"uv": [6, 1], "uv_size": [1.5, 5]},
								"up": {"uv": [2, 0], "uv_size": [2.5, 1.5]},
								"down": {"uv": [6, 1.5], "uv_size": [2.5, -1.5]}
							}
						}
					]
				},
				{
					"name": "bone3",
					"parent": "block",
					"pivot": [-0.08789, 2.5541, -0.2],
					"cubes": [
						{
							"origin": [4.27242, -1.13608, 6.5],
							"size": [1.5, 3.5, 1.5],
							"inflate": 0.0004,
							"pivot": [0, 0, 0],
							"rotation": [0, 0, -37.5],
							"uv": {
								"north": {"uv": [2, 1], "uv_size": [1.5, 3.5]},
								"east": {"uv": [0, 1], "uv_size": [1.5, 3.5]},
								"south": {"uv": [6, 1], "uv_size": [1.5, 3.5]},
								"west": {"uv": [4, 1], "uv_size": [1.5, 3.5]},
								"up": {"uv": [2, 0], "uv_size": [1.5, 1.5]},
								"down": {"uv": [4, 1.5], "uv_size": [1.5, -1.5]}
							}
						}
					]
				},
				{
					"name": "bone4",
					"parent": "block",
					"pivot": [4.39584, -1.07212, 0.3],
					"cubes": [
						{
							"origin": [5.16482, -0.52894, 6.5],
							"size": [1.5, 3.5, 1.5],
							"inflate": 0.0002,
							"pivot": [0, 0, 0],
							"rotation": [0, 0, -42.5],
							"uv": {
								"north": {"uv": [2, 1], "uv_size": [1.5, 3.5]},
								"east": {"uv": [0, 1], "uv_size": [1.5, 3.5]},
								"south": {"uv": [6, 1], "uv_size": [1.5, 3.5]},
								"west": {"uv": [4, 1], "uv_size": [1.5, 3.5]},
								"up": {"uv": [2, 0], "uv_size": [1.5, 1.5]},
								"down": {"uv": [4, 1.5], "uv_size": [1.5, -1.5]}
							}
						}
					]
				}
			]
		}
	]
}