{
  "format_version": "1.8.0",
  "minecraft:entity": {
    "description": {
      "identifier": "mt:mbna",
      "is_spawnable": true,
      "is_summonable": true,
      "is_experimental": false
    },       
    "component_groups": {
      "minecraft:h_1": {
      "minecraft:interact": [
        {
          "cooldown": 2.5,
          "use_item": false,
          "hurt_item": 1,
          "play_sounds": "shear",
          "interact_text": "action.interact.changecolor",
          "on_interact": {
            "filters": {
                "all_of": [
				  { "test": "has_equipment", "subject": "other", "domain": "hand", "value": "tl:colored_stone"},
                  { "test" :  "is_family", "subject" : "other", "value" :  "player"},
                  { "test" :  "has_component", "operator": "!=", "value" :  "minecraft:is_dye"}
                ]
              },
            "event": "minecraft:color2",
            "target": "self"
          }
        }
      ],
      "minecraft:variant": { "value": 0 
        }
      },
      "minecraft:h_2": {
      "minecraft:interact": [
        {
          "cooldown": 2.5,
          "use_item": false,
          "hurt_item": 1,
          "play_sounds": "shear",
          "interact_text": "action.interact.changecolor",
          "on_interact": {
            "filters": {
                "all_of": [
				  { "test": "has_equipment", "subject": "other", "domain": "hand", "value": "tl:colored_stone"},
                  { "test" :  "is_family", "subject" : "other", "value" :  "player"},
                  { "test" :  "has_component", "operator": "!=", "value" :  "minecraft:is_dye"}
                ]
              },
            "event": "minecraft:color3",
            "target": "self"
          }
        }
      ],
      "minecraft:variant": { "value": 1  
       }
      },
      "minecraft:h_3": {
      "minecraft:interact": [
        {
          "cooldown": 2.5,
          "use_item": false,
          "hurt_item": 1,
          "play_sounds": "shear",
          "interact_text": "action.interact.changecolor",
          "on_interact": {
            "filters": {
                "all_of": [
				  { "test": "has_equipment", "subject": "other", "domain": "hand", "value": "tl:colored_stone"},
                  { "test" :  "is_family", "subject" : "other", "value" :  "player"},
                  { "test" :  "has_component", "operator": "!=", "value" :  "minecraft:is_dye"}
                ]
              },
            "event": "minecraft:color4",
            "target": "self"
          }
        }
      ],
      "minecraft:variant": { "value": 2
        }
      },
      "minecraft:h_4": {
      "minecraft:interact": [
        {
          "cooldown": 2.5,
          "use_item": false,
          "hurt_item": 1,
          "play_sounds": "shear",
          "interact_text": "action.interact.changecolor",
          "on_interact": {
            "filters": {
                "all_of": [
				  { "test": "has_equipment", "subject": "other", "domain": "hand", "value": "tl:colored_stone"},
                  { "test" :  "is_family", "subject" : "other", "value" :  "player"},
                  { "test" :  "has_component", "operator": "!=", "value" :  "minecraft:is_dye"}
                ]
              },
            "event": "minecraft:color5",
            "target": "self"
          }
        }
      ],
      "minecraft:variant": { "value": 3         }
      },
      "minecraft:h_5": {
      "minecraft:interact": [
        {
          "cooldown": 2.5,
          "use_item": false,
          "hurt_item": 1,
          "play_sounds": "shear",
          "interact_text": "action.interact.changecolor",
          "on_interact": {
            "filters": {
                "all_of": [
				  { "test": "has_equipment", "subject": "other", "domain": "hand", "value": "tl:colored_stone"},
                  { "test" :  "is_family", "subject" : "other", "value" :  "player"},
                  { "test" :  "has_component", "operator": "!=", "value" :  "minecraft:is_dye"}
                ]
              },
            "event": "minecraft:color6",
            "target": "self"
          }
        }
      ],
      "minecraft:variant": { "value": 4
        }
      },
      "minecraft:h_6": {
      "minecraft:interact": [
        {
          "cooldown": 2.5,
          "use_item": false,
          "hurt_item": 1,
          "play_sounds": "shear",
          "interact_text": "action.interact.changecolor",
          "on_interact": {
            "filters": {
                "all_of": [
				  { "test": "has_equipment", "subject": "other", "domain": "hand", "value": "tl:colored_stone"},
                  { "test" :  "is_family", "subject" : "other", "value" :  "player"},
                  { "test" :  "has_component", "operator": "!=", "value" :  "minecraft:is_dye"}
                ]
              },
            "event": "minecraft:color",
            "target": "self"
          }
        }
      ],
      "minecraft:variant": { "value": 5
        }
      },
      "minecraft:h_7": {
      "minecraft:interact": [
        {
          "cooldown": 2.5,
          "use_item": false,
          "hurt_item": 1,
          "play_sounds": "shear",
          "interact_text": "action.interact.changecolor",
          "on_interact": {
            "filters": {
                "all_of": [
				  { "test": "has_equipment", "subject": "other", "domain": "hand", "value": "tl:colored_stone"},
                  { "test" :  "is_family", "subject" : "other", "value" :  "player"},
                  { "test" :  "has_component", "operator": "!=", "value" :  "minecraft:is_dye"}
                ]
              },
            "event": "minecraft:color1",
            "target": "self"
          }
        }
      ],
      "minecraft:variant": { "value": 6             }
        }
      }, 
    "components": {
      "minecraft:type_family": {
        "family": [ "car" ] 
      }, 
        "minecraft:loot": {
          "table": "loot_tables/entities/mbna.json"
        }, 
        "minecraft:scale": {
          "value": 1.4
        }, 
      "minecraft:breathable": {
        "totalSupply": 15,
        "suffocateTime": 0
      }, 
      "minecraft:collision_box": {
        "width": 1.9,
        "height": 0.8
      }, 
      "minecraft:fall_damage": {
        "value": 0.0
      },  
     "minecraft:movement": {
        "value": 0.2,
        "max": 0.3
      }, 
         "minecraft:navigation.walk": {
        "can_path_over_water": true
        },
        "minecraft:movement.basic": {

        },
        "minecraft:jump.static": {
        },
      "minecraft:health": {
        "value": 25,
        "max": 25
      },
      "minecraft:nameable": {
      },
	  "minecraft:fire_immune": true,
	  "minecraft:inventory": {
        "inventory_size": 27,
        "container_type": "container", 
        "private": false
      },  
	  "minecraft:rideable": {
        "priority": 0,
		"seat_count": 4,
		"crouching_skip_interact": true,
		"interact_text": "Drive",
        "family_types": [
          "player",
		  "zombie"
        ],     
        "seats": [ 
          { 
        "position": [ -0.6, 0.6, 0.8],
            "min_rider_count": 0,
            "max_rider_count": 0
          },  
          {
        "position": [ -0.6, 1.1, -1.8],
            "min_rider_count": 2,
            "max_rider_count": 2
          },     
          {
        "position": [ 0.6, 1.1, -1.8],
            "min_rider_count": 3,
            "max_rider_count": 3
          },   
          {
         "position": [ -0.6, 1.1, -6],

            "min_rider_count": 4,
            "max_rider_count": 4
          }
        ]
      },
      
      "minecraft:input_ground_controlled": {
      },
 
      "minecraft:physics": {
      }
    },

    "events": {
      "minecraft:entity_spawned": {
        "randomize": [
          {
            "weight": 14,
            "add": {
              "component_groups": [
                "minecraft:h_1"
              ]
            }
          },
          {
            "weight": 14,
            "add": {
              "component_groups": [
                "minecraft:h_2"
              ]
            }
          },
          {
            "weight": 14,
            "add": {
              "component_groups": [
                "minecraft:h_3"

              ]
            }
          },
          {
            "weight": 14,
            "add": {
              "component_groups": [
                "minecraft:h_4"

              ]
            }
          },
          {
            "weight": 14,
            "add": {
              "component_groups": [
                "minecraft:h_5"

              ]
            }
          },
          {
            "weight": 14,
            "add": {
              "component_groups": [
                "minecraft:h_6"

              ]
            }
          },
          {
            "weight": 14,
            "add": {
              "component_groups": [
                "minecraft:h_7"
              ]
            }
          }
        ]
      },
      ////colors
      "minecraft:color2": {
        "remove": {
          "component_groups": [
            "minecraft:h_1"
          ]
        },
        "add": {
          "component_groups": [
            "minecraft:h_2"
          ]
        }
      },
      "minecraft:color3": {
        "remove": {
          "component_groups": [
            "minecraft:h_2"
          ]
        },
        "add": {
          "component_groups": [
            "minecraft:h_3"
          ]
        }
      },
      "minecraft:color4": {
        "remove": {
          "component_groups": [
            "minecraft:h_3"
          ]
        },
        "add": {
          "component_groups": [
            "minecraft:h_4"
          ]
        }
      },
      "minecraft:color5": {
        "remove": {
          "component_groups": [
            "minecraft:h_4"
          ]
        },
        "add": {
          "component_groups": [
            "minecraft:h_5"
          ]
        }
      },
      "minecraft:color6": {
        "remove": {
          "component_groups": [
            "minecraft:h_5"
          ]
        },
        "add": {
          "component_groups": [
            "minecraft:h_6"
          ]
        }
      },
      "minecraft:color7": {
        "remove": {
          "component_groups": [
            "minecraft:h_6"
          ]
        },
        "add": {
          "component_groups": [
            "minecraft:h_7"
          ]
        }
      },
      "minecraft:color1": {
        "remove": {
          "component_groups": [
            "minecraft:h_7"
          ]
        },
        "add": {
          "component_groups": [
            "minecraft:h_1"
          ]
        }
      }, 

      "minecraft:on_tame": {
        "remove": {
          "component_groups": [
            "minecraft:h_1"
          ]
        },
        "add": {
          "component_groups": [
            "minecraft:h"
          ]
        }
      }
    }
  }
}}}}