{
    "liazg.drive": {
        "category": "neutral",
        "min_distance": 3.0,
        "sounds": [
            "sounds/liazg/drive"
        ]
    },
    "liazg.motor_work": {
        "category": "neutral",
        "min_distance": 3.0,
        "sounds": [
            "sounds/liazg/motor_work"
        ]
    },
    "liazg.start": {
        "category": "neutral",
        "min_distance": 3.0,
        "sounds": [
            "sounds/liazg/start"
        ]
    },
    "liazg.speed": {
        "category": "neutral",
        "min_distance": 3.0,
        "sounds": [
            "sounds/liazg/speed"
        ]
    },
    "liazg.hit": {
        "category": "neutral",
        "min_distance": 3.0,
        "sounds": [
            "sounds/liazg/hit1",
            "sounds/liazg/hit2",
            "sounds/liazg/hit3"
        ]
    },
    "liazg.death": {
        "category": "neutral",
        "min_distance": 3.0,
        "sounds": [
            "sounds/liazg/hit1",
            "sounds/liazg/hit2",
            "sounds/liazg/hit3"
        ]
    },
    "liazg.door_open_liazg": {
        "category": "neutral",
        "min_distance": 3.0,
        "sounds": [
            "sounds/liazg/door_open_liazg"
        ]
    },
    "liazg.door_close_liazg": {
        "category": "neutral",
        "min_distance": 3.0,
        "sounds": [
            "sounds/liazg/door_close_liazg"
        ]
    },
    "liazg.light_on": {
        "category": "neutral",
        "min_distance": 3.0,
        "sounds": [
            "sounds/liazg/light_on"
        ]
    },
    "liazg.light_off": {
        "category": "neutral",
        "min_distance": 3.0,
        "sounds": [
            "sounds/liazg/light_off"
        ]
    },
    "liazg.hood": {
        "category": "neutral",
        "min_distance": 3.0,
        "sounds": [
            "sounds/liazg/hood"
        ]
    },
    "liazg.color": {
        "category": "neutral",
        "min_distance": 3.0,
        "sounds": [
            "sounds/liazg/color"
        ]
    }
}