{
	"format_version": "1.12.0",
	"minecraft:entity": {
		"description": {
			"identifier": "msw:winged_dynamite",
			"is_spawnable": false,
			"is_summonable": true,
			"is_experimental": false,
			"runtime_identifier": "snowball"
		},
		"component_groups": {
			"minecraft:exploding": {
				"minecraft:explode": {
					"fuse_length": 0,
					"fuse_lit": true,
					"power": 2,
					"causes_fire": false,
					"breaks_blocks": false,
					"fire_affected_by_griefing": true,
					"destroy_affected_by_griefing": false
				}
			}
		},
		"components": {
			"minecraft:collision_box": {
				"width": 0.25,
				"height": 0.25
			},
			"minecraft:projectile": {
				"shoot_target": true,
				"on_hit": {
					"particle_on_hit": {
						"particle_type": "lava",
						"on_other_hit": true,
						"on_entity_hit": true,
						"num_particles": 12
					},
					"definition_event": {
						"affect_projectile": true,
						"event_trigger": {
							"event": "minecraft:explode",
							"target": "self"
						}
					}
				},
				"power": 1,
				"anchor": 2,
				"gravity": 0.05,
				"offset": [
					0,
					-0.1,
					0
				],
				"angle_offset": 0,
				"liquid_inertia": 0.6,
				"inertia": 0.99,
				"uncertainty_base": 0,
				"uncertainty_multiplier": 0,
				"shoot_sound": "random.fuse",
				"reflect_on_hurt": false,
				"catch_fire": false
			},
			"minecraft:physics": {},
			"minecraft:pushable": {
				"is_pushable": true,
				"is_pushable_by_piston": true
			}
		},
		"events": {
			"minecraft:explode": {
				"add": {
					"component_groups": [
						"minecraft:exploding"
					]
				}
			}
		}
	}
}