{
    "format_version": "1.16.0",
    "minecraft:entity": {
        "description": {
            "identifier": "rai:nail",
            "is_spawnable": false,
            "is_summonable": false,
            "is_experimental": false,
            "runtime_identifier" : "minecraft:snowball"
        },
        "component_groups": {
            "nail": {
                "minecraft:projectile": {
                    "on_hit": {
                        "impact_damage": {
                            "damage": 3,
                            "knockback": false
                        },
                        "stick_in_ground": {
                        },
                        "definition_event": {
                            "affect_projectile": true,
                            "event_trigger": {
                                "event": "explode",
                                "target": "self"
                            }
                        }
                    },
                    "power": 2,
                    "gravity": 0.01,
                    "uncertainty_base": 3,
                    "uncertainty_multiplier": 0,
                    "offset": [
                        0,
                        0,
                        0
                    ]
                }
            },
            "nail2": {
                "minecraft:projectile": {
                    "on_hit": {
                        "impact_damage": {
                            "damage": 4,
                            "knockback": false
                        },
                        "stick_in_ground": {
                        },
                        "definition_event": {
                            "affect_projectile": true,
                            "event_trigger": {
                                "event": "explode",
                                "target": "self"
                            }
                        }
                    },
                    "power": 2.5,
                    "gravity": 0.01,
                    "uncertainty_base": 2.5,
                    "uncertainty_multiplier": 0,
                    "offset": [
                        0,
                        0,
                        0
                    ]
                }
            },
            "nail3": {
                "minecraft:projectile": {
                    "on_hit": {
                        "impact_damage": {
                            "damage": 5,
                            "knockback": false
                        },
                        "stick_in_ground": {
                        },
                        "definition_event": {
                            "affect_projectile": true,
                            "event_trigger": {
                                "event": "explode",
                                "target": "self"
                            }
                        }
                    },
                    "power": 3,
                    "gravity": 0.01,
                    "uncertainty_base": 2,
                    "uncertainty_multiplier": 0,
                    "offset": [
                        0,
                        0,
                        0
                    ]
                }
            },
            "nail4": {
                "minecraft:projectile": {
                    "on_hit": {
                        "impact_damage": {
                            "damage": 6,
                            "knockback": false
                        },
                        "stick_in_ground": {
                        },
                        "definition_event": {
                            "affect_projectile": true,
                            "event_trigger": {
                                "event": "explode",
                                "target": "self"
                            }
                        }
                    },
                    "power": 3,
                    "gravity": 0.01,
                    "uncertainty_base": 1.5,
                    "uncertainty_multiplier": 0,
                    "offset": [
                        0,
                        0,
                        0
                    ]
                }
            },
            "kugisaki_nail": {
                "minecraft:projectile": {
                    "on_hit": {
                        "impact_damage": {
                            "damage": 3,
                            "knockback": false
                        },
                        "stick_in_ground": {
                        },
                        "definition_event": {
                            "affect_projectile": true,
                            "event_trigger": {
                                "event": "explode",
                                "target": "self"
                            }
                        }
                    },
                    "power": 2,
                    "gravity": 0.01,
                    "uncertainty_base": 3,
                    "uncertainty_multiplier": 0,
                    "offset": [
                        0,
                        1.5,
                        0
                    ]
                }
            },
            "kugisaki_nail2": {
                "minecraft:projectile": {
                    "on_hit": {
                        "impact_damage": {
                            "damage": 4,
                            "knockback": false
                        },
                        "stick_in_ground": {
                        },
                        "definition_event": {
                            "affect_projectile": true,
                            "event_trigger": {
                                "event": "explode",
                                "target": "self"
                            }
                        }
                    },
                    "power": 2.5,
                    "gravity": 0.01,
                    "uncertainty_base": 2.5,
                    "uncertainty_multiplier": 0,
                    "offset": [
                        0,
                        1.5,
                        0
                    ]
                }
            },
            "kugisaki_nail3": {
                "minecraft:projectile": {
                    "on_hit": {
                        "impact_damage": {
                            "damage": 5,
                            "knockback": false
                        },
                        "stick_in_ground": {
                        },
                        "definition_event": {
                            "affect_projectile": true,
                            "event_trigger": {
                                "event": "explode",
                                "target": "self"
                            }
                        }
                    },
                    "power": 3,
                    "gravity": 0.01,
                    "uncertainty_base": 2,
                    "uncertainty_multiplier": 0,
                    "offset": [
                        0,
                        1.5,
                        0
                    ]
                }
            },
            "kugisaki_nail4": {
                "minecraft:projectile": {
                    "on_hit": {
                        "impact_damage": {
                            "damage": 6,
                            "knockback": false
                        },
                        "stick_in_ground": {
                        },
                        "definition_event": {
                            "affect_projectile": true,
                            "event_trigger": {
                                "event": "explode",
                                "target": "self"
                            }
                        }
                    },
                    "power": 3,
                    "gravity": 0.01,
                    "uncertainty_base": 1.5,
                    "uncertainty_multiplier": 0,
                    "offset": [
                        0,
                        1.5,
                        0
                    ]
                }
            },
            "explode": {
                "minecraft:timer": {
                    "looping": true,
                    "time": [5,8],
                    "time_down_event": {
                        "event": "despawn"
                    }
                }
            },
            "despawn2": {
                "minecraft:timer": {
                    "looping": true,
                    "time": 0,
                    "time_down_event": {
                        "event": "despawn"
                    }
                }
            },
            "despawn": {
                "minecraft:instant_despawn": {
                    "remove_child_entities": true
                }
            }
        },
        "components": {
            "minecraft:type_family": {
                "family": [
                    "jujutsu_kaisen",
                    "projectile",
                    "damage",
                    "nail"
                ]
            },
            "minecraft:fire_immune": {
            },
            "minecraft:timer": {
                "looping": true,
                "time": 2,
                "time_down_event": {
                    "event": "despawn"
                }
            },
            "minecraft:damage_sensor": {
                "triggers": [
                    {
                        "cause": "all",
                        "deals_damage": false
                    }
                ]
            },
            "minecraft:collision_box": {
                "width": 0,
                "height": 0
            },
            "minecraft:physics": {}
        },
        "events": {
            "nail": {
                "add": {
                    "component_groups": [
                        "nail"
                    ]
                },
                "run_command": {
                    "command": [
                        "tag @s add block_explode"
                    ]
                }
            },
            "nail2": {
                "add": {
                    "component_groups": [
                        "nail2"
                    ]
                },
                "run_command": {
                    "command": [
                        "tag @s add block_explode"
                    ]
                }
            },
            "nail3": {
                "add": {
                    "component_groups": [
                        "nail3"
                    ]
                },
                "run_command": {
                    "command": [
                        "tag @s add block_explode"
                    ]
                }
            },
            "nail4": {
                "add": {
                    "component_groups": [
                        "nail4"
                    ]
                },
                "run_command": {
                    "command": [
                        "tag @s add block_explode"
                    ]
                }
            },
            "kugisaki_nail": {
                "add": {
                    "component_groups": [
                        "kugisaki_nail"
                    ]
                },
                "run_command": {
                    "command": [
                        "tag @s add block_explode"
                    ]
                }
            },
            "kugisaki_nail2": {
                "add": {
                    "component_groups": [
                        "kugisaki_nail2"
                    ]
                },
                "run_command": {
                    "command": [
                        "tag @s add block_explode"
                    ]
                }
            },
            "kugisaki_nail3": {
                "add": {
                    "component_groups": [
                        "kugisaki_nail3"
                    ]
                },
                "run_command": {
                    "command": [
                        "tag @s add block_explode"
                    ]
                }
            },
            "kugisaki_nail4": {
                "add": {
                    "component_groups": [
                        "kugisaki_nail4"
                    ]
                },
                "run_command": {
                    "command": [
                        "tag @s add block_explode"
                    ]
                }
            },
            "explode": {
                "add": {
                    "component_groups": [
                        "explode"
                    ]
                }
            },
            "despawn2": {
                "run_command": {
                    "command": [
                        "particle minecraft:large_explosion",
                        "playsound random.explode @a ~~~"
                    ]
                },
                "add": {
                    "component_groups": [
                        "despawn2"
                    ]
                }
            },
            "despawn": {
                "add": {
                    "component_groups": [
                        "despawn"
                    ]
                }
            }
        }
    }
}