{
    "__createdwith": "opl's Model Creator",
    "ambientocclusion": false,
    "textures": {
        "particle": "blocks/reeds"
    },
    "elements": [
        {
            "from": [2,0,2],
            "to": [6,16,6],
            "faces": {
                "up": {
                    "uv": [11.0,5.0,15.0,9.0],
                    "texture": "#particle"
                },
                "down": {
                    "texture": "#particle"
                },
                "west": {
                    "uv": [1.0,0.0,5.0,16.0],
                    "texture": "#particle"
                },
                "east": {
                    "uv": [1.0,0.0,5.0,16.0],
                    "texture": "#particle"
                },
                "north": {
                    "uv": [6.0,0.0,10.0,16.0],
                    "texture": "#particle"
                },
                "south": {
                    "uv": [6.0,0.0,10.0,16.0],
                    "texture": "#particle"
                }
            }
        },
        {
            "from": [10,0,2],
            "to": [14,16,6],
            "faces": {
                "up": {
                    "uv": [11.0,5.0,15.0,9.0],
                    "texture": "#particle"
                },
                "down": {
                    "texture": "#particle"
                },
                "west": {
                    "uv": [1.0,0.0,5.0,16.0],
                    "texture": "#particle"
                },
                "east": {
                    "uv": [6.0,0.0,10.0,16.0],
                    "texture": "#particle"
                },
                "north": {
                    "uv": [1.0,0.0,5.0,16.0],
                    "texture": "#particle"
                },
                "south": {
                    "uv": [6.0,0.0,10.0,16.0],
                    "texture": "#particle"
                }
            }
        },
        {
            "from": [2,0,10],
            "to": [6,16,14],
            "faces": {
                "up": {
                    "uv": [11.0,5.0,15.0,9.0],
                    "texture": "#particle"
                },
                "down": {
                    "texture": "#particle"
                },
                "west": {
                    "uv": [6.0,0.0,10.0,16.0],
                    "texture": "#particle"
                },
                "east": {
                    "uv": [6.0,0.0,10.0,16.0],
                    "texture": "#particle"
                },
                "north": {
                    "uv": [1.0,0.0,5.0,16.0],
                    "texture": "#particle"
                },
                "south": {
                    "uv": [1.0,0.0,5.0,16.0],
                    "texture": "#particle"
                }
            }
        },
        {
            "from": [10,0,10],
            "to": [14,16,14],
            "faces": {
                "up": {
                    "uv": [11.0,5.0,15.0,9.0],
                    "texture": "#particle"
                },
                "down": {
                    "texture": "#particle"
                },
                "west": {
                    "uv": [11.0,0.0,15.0,16.0],
                    "texture": "#particle"
                },
                "east": {
                    "uv": [1.0,0.0,5.0,16.0],
                    "texture": "#particle"
                },
                "north": {
                    "uv": [6.0,0.0,10.0,16.0],
                    "texture": "#particle"
                },
                "south": {
                    "uv": [6.0,0.0,10.0,16.0],
                    "texture": "#particle"
                }
            }
        }
    ]
}