{
    "__createdwith": "opl's Model Creator",
    "ambientocclusion": false, "textures": {
        "particle": "blocks/slime",
        "side": "blocks/slime_side",
        "bottom": "blocks/slime_bottom",
        "cherry": "blocks/slime_cherry"
    },
    "elements": [
        {
            "from": [0,0,0],
            "to": [16,16,16],
            "faces": {
                "up": {
                    "texture": "#particle"
                },
                "down": {
                    "texture": "#bottom"
                },
                "west": {
                    "texture": "#side"
                },
                "east": {
                    "texture": "#side"
                },
                "north": {
                    "texture": "#side"
                },
                "south": {
                    "texture": "#side"
                }
            }
        },
        {
            "from": [4,4,4],
            "to": [12,12,12],
            "faces": {
                "up": {
                    "uv": [8,0,16,8],
                    "texture": "#cherry"
                },
                "down": {
                    "uv": [0,8,8,16],
                    "texture": "#cherry"
                },
                "west": {
                    "uv": [8,8,16,16],
                    "texture": "#cherry"
                },
                "east": {
                    "uv": [8,8,16,16],
                    "texture": "#cherry"
                },
                "north": {
                    "uv": [8,8,16,16],
                    "texture": "#cherry"
                },
                "south": {
                    "uv": [0,0,8,8],
                    "texture": "#cherry"
                }
            }
        }
    ]
}