{
	"format_version": "1.12.0",
	"minecraft:geometry": [
		{
			"description": {
				"identifier": "geometry.ic_g_toilet_phase2",
				"texture_width": 256,
				"texture_height": 256,
				"visible_bounds_width": 10,
				"visible_bounds_height": 4.5,
				"visible_bounds_offset": [0, 1.75, 0]
			},
			"bones": [
				{
					"name": "toilet",
					"pivot": [0, 0, 0],
					"cubes": [
						{"origin": [-5, 2, -5], "size": [10, 7, 10], "uv": [0, 72]},
						{"origin": [-5, 1, 5], "size": [10, 18, 10], "uv": [216, 39]},
						{"origin": [-6, 0, -11], "size": [12, 4, 23], "uv": [182, 11]},
						{"origin": [-7, 9, -7], "size": [14, 3, 14], "uv": [0, 37]},
						{"origin": [-9, 11, -7.5], "size": [9, 3, 15], "pivot": [0, 21, 0], "rotation": [0, 0, -77.5], "uv": [0, 54]},
						{"origin": [0, 11, -7.5], "size": [9, 3, 15], "pivot": [0, 21, 0], "rotation": [0, 0, 77.5], "uv": [0, 54], "mirror": true},
						{"origin": [-7.5, 11, -9], "size": [15, 3, 9], "pivot": [0, 21, 0], "rotation": [77.5, 0, 0], "uv": [58, 23]},
						{"origin": [-7.5, 11, 0], "size": [15, 3, 9], "pivot": [0, 21, 0], "rotation": [-77.5, 0, 0], "uv": [58, 11]},
						{"origin": [-8, 17.16026, -9.29852], "size": [16, 4, 2], "pivot": [0, 19.16026, -8.29852], "rotation": [-90, 0, 0], "uv": [68, 0]},
						{"origin": [-8, 17.16026, 7.29852], "size": [16, 4, 2], "pivot": [0, 19.16026, 8.29852], "rotation": [90, 0, 0], "uv": [68, 0]},
						{"origin": [7.27352, 17.16026, -8], "size": [2, 4, 16], "pivot": [8.29852, 19.16026, 0], "rotation": [0, 0, -90], "uv": [24, 73]},
						{"origin": [-9.27352, 17.16026, -8], "size": [2, 4, 16], "pivot": [-8.29852, 19.16026, 0], "rotation": [0, 0, 90], "uv": [24, 73]}
					]
				},
				{
					"name": "lid1",
					"parent": "toilet",
					"pivot": [0, 21, 9],
					"cubes": [
						{"origin": [-8, 18.16026, -9.29852], "size": [16, 4, 1], "pivot": [0, 20.16026, -8.29852], "rotation": [-90, 0, 0], "uv": [97, 11]},
						{"origin": [-9.27352, 18.16026, -8], "size": [1, 4, 16], "pivot": [-8.29852, 20.16026, 0], "rotation": [0, 0, 90], "uv": [80, 57]},
						{"origin": [-8, 18.16026, 8.29852], "size": [16, 4, 1], "pivot": [0, 20.16026, 8.29852], "rotation": [90, 0, 0], "uv": [97, 11], "mirror": true},
						{"origin": [8.27352, 18.16026, -8], "size": [1, 4, 16], "pivot": [8.29852, 20.16026, 0], "rotation": [0, 0, -90], "uv": [80, 57]}
					]
				},
				{
					"name": "back",
					"parent": "toilet",
					"pivot": [0, 21, 11],
					"cubes": [
						{"origin": [-10.5, 17, 10], "size": [21, 22, 6], "uv": [149, 0]},
						{"origin": [-10, 38, 10.5], "size": [20, 3, 5], "uv": [3, 3]}
					]
				},
				{
					"name": "rocket",
					"parent": "back",
					"pivot": [0, 27.61551, 12.92191],
					"cubes": [
						{"origin": [-11, 31, 12], "size": [1, 7, 2], "uv": [0, 209]},
						{"origin": [-11, 22, 12], "size": [1, 7, 2], "uv": [0, 209]},
						{"origin": [-14.9, 27, 11], "size": [4, 15, 4], "uv": [0, 237]},
						{"origin": [-14.9, 19, 11], "size": [4, 15, 4], "inflate": -0.3, "uv": [0, 237]},
						{"origin": [-14.9, 17, 11], "size": [4, 3, 4], "inflate": 0.3, "uv": [53, 246]},
						{"origin": [-14.9, 13.75, 11], "size": [4, 3, 4], "uv": [39, 249]},
						{"origin": [-14.9, 41, 11], "size": [4, 3, 4], "inflate": 0.4, "uv": [20, 249]},
						{"origin": [10.9, 27, 11], "size": [4, 15, 4], "uv": [0, 237], "mirror": true},
						{"origin": [10.9, 41, 11], "size": [4, 3, 4], "inflate": 0.4, "uv": [20, 249], "mirror": true},
						{"origin": [10.9, 13.75, 11], "size": [4, 3, 4], "uv": [39, 249], "mirror": true},
						{"origin": [10.9, 17, 11], "size": [4, 3, 4], "inflate": 0.3, "uv": [53, 246], "mirror": true},
						{"origin": [10.9, 19, 11], "size": [4, 15, 4], "inflate": -0.3, "uv": [0, 237], "mirror": true},
						{"origin": [10, 23, 12], "size": [1, 7, 2], "uv": [0, 209], "mirror": true},
						{"origin": [10, 32, 12], "size": [1, 7, 2], "uv": [0, 209], "mirror": true}
					],
					"locators": {
						"thrust": {
							"offset": [-13, 16, 13],
							"rotation": [180, 0, 0]
						},
						"thrust2": {
							"offset": [13, 16, 13],
							"rotation": [180, 0, 0]
						}
					}
				},
				{
					"name": "lid2",
					"parent": "toilet",
					"pivot": [0, 20, 10],
					"cubes": [
						{"origin": [-7, 21, 8], "size": [14, 2, 2], "uv": [44, 78]}
					]
				},
				{
					"name": "flush",
					"parent": "toilet",
					"pivot": [0, 41, 13],
					"cubes": [
						{"origin": [-1, 40, 12], "size": [2, 2, 2], "uv": [0, 0]}
					]
				},
				{
					"name": "neck",
					"parent": "toilet",
					"pivot": [0, 12, 5.675],
					"rotation": [15, 0, 0],
					"cubes": [
						{"origin": [-2.5, 9.34478, 1.52888], "size": [5, 10, 5], "pivot": [0, 15.49954, 0.84149], "rotation": [25, 0, 0], "uv": [77, 89]}
					]
				},
				{
					"name": "neck2",
					"parent": "neck",
					"pivot": [0, 19.55658, 1.98278],
					"rotation": [-27.5, 0, 0],
					"cubes": [
						{"origin": [-2.575, 16.72074, -2.62002], "size": [5, 10, 5], "pivot": [0, 23.87551, -3.30741], "rotation": [25, 0, 0], "uv": [56, 89]}
					]
				},
				{
					"name": "head",
					"parent": "neck2",
					"pivot": [0, 28.55658, -2.01722],
					"cubes": [
						{"origin": [-5, 26.55658, -7.01722], "size": [10, 12, 10], "pivot": [0, 29.55658, -2.01722], "rotation": [10, 0, 0], "uv": [0, 111]}
					]
				},
				{
					"name": "eyes",
					"parent": "head",
					"pivot": [0, 31.67209, -6.87575],
					"rotation": [10, 0, 0],
					"cubes": [
						{
							"origin": [-3.5, 30.79709, -7.87575],
							"size": [2.25, 1.75, 2],
							"uv": {
								"north": {"uv": [2, 43], "uv_size": [2, 2]},
								"east": {"uv": [0, 43], "uv_size": [2, 2]},
								"south": {"uv": [6, 43], "uv_size": [2, 2]},
								"west": {"uv": [4, 43], "uv_size": [2, 2]},
								"up": {"uv": [2, 41], "uv_size": [2, 2]},
								"down": {"uv": [4, 43], "uv_size": [2, -2]}
							}
						},
						{
							"origin": [1.25, 30.79709, -7.87575],
							"size": [2.25, 1.75, 2],
							"uv": {
								"north": {"uv": [4, 43], "uv_size": [-2, 2]},
								"east": {"uv": [6, 43], "uv_size": [-2, 2]},
								"south": {"uv": [8, 43], "uv_size": [-2, 2]},
								"west": {"uv": [2, 43], "uv_size": [-2, 2]},
								"up": {"uv": [4, 41], "uv_size": [-2, 2]},
								"down": {"uv": [6, 43], "uv_size": [-2, -2]}
							}
						}
					]
				},
				{
					"name": "pupils",
					"parent": "eyes",
					"pivot": [0, 31.67209, -6.87575]
				},
				{
					"name": "1",
					"parent": "pupils",
					"pivot": [0, 31.67209, -6.87575],
					"cubes": [
						{"origin": [-2.85, 31.17209, -8.12575], "size": [1, 1, 1], "uv": [0, 46]}
					]
				},
				{
					"name": "2",
					"parent": "pupils",
					"pivot": [0, 31.67209, -6.87575],
					"cubes": [
						{"origin": [1.85, 31.17209, -8.12575], "size": [1, 1, 1], "uv": [0, 46], "mirror": true}
					]
				},
				{
					"name": "laser",
					"parent": "eyes",
					"pivot": [0, 31.67209, -5.87575],
					"cubes": [
						{
							"origin": [-3.5, 30.79709, -6.87575],
							"size": [2.25, 1.75, 2],
							"inflate": 0.3,
							"uv": {
								"north": {"uv": [250, 83], "uv_size": [2, 1]},
								"east": {"uv": [248, 83], "uv_size": [2, 1]},
								"south": {"uv": [254, 83], "uv_size": [2, 1]},
								"west": {"uv": [252, 83], "uv_size": [2, 1]},
								"up": {"uv": [250, 81], "uv_size": [2, 2]},
								"down": {"uv": [252, 83], "uv_size": [2, -2]}
							}
						},
						{
							"origin": [1.25, 30.79709, -6.87575],
							"size": [2.25, 1.75, 2],
							"inflate": 0.3,
							"uv": {
								"north": {"uv": [252, 83], "uv_size": [-2, 1]},
								"east": {"uv": [254, 83], "uv_size": [-2, 1]},
								"south": {"uv": [256, 83], "uv_size": [-2, 1]},
								"west": {"uv": [250, 83], "uv_size": [-2, 1]},
								"up": {"uv": [252, 81], "uv_size": [-2, 2]},
								"down": {"uv": [254, 83], "uv_size": [-2, -2]}
							}
						}
					]
				},
				{
					"name": "blast",
					"parent": "eyes",
					"pivot": [0, 31.67209, -6.87575],
					"cubes": [
						{
							"origin": [-2.95, 31.19709, -7.87575],
							"size": [1, 1, 2],
							"inflate": -0.3,
							"uv": {
								"north": {"uv": [250, 83], "uv_size": [2, 1]},
								"east": {"uv": [248, 83], "uv_size": [2, 1]},
								"south": {"uv": [254, 83], "uv_size": [2, 1]},
								"west": {"uv": [252, 83], "uv_size": [2, 1]},
								"up": {"uv": [250, 81], "uv_size": [2, 2]},
								"down": {"uv": [252, 83], "uv_size": [2, -2]}
							}
						},
						{
							"origin": [1.95, 31.19709, -7.87575],
							"size": [1, 1, 2],
							"inflate": -0.3,
							"uv": {
								"north": {"uv": [252, 83], "uv_size": [-2, 1]},
								"east": {"uv": [254, 83], "uv_size": [-2, 1]},
								"south": {"uv": [256, 83], "uv_size": [-2, 1]},
								"west": {"uv": [250, 83], "uv_size": [-2, 1]},
								"up": {"uv": [252, 81], "uv_size": [-2, 2]},
								"down": {"uv": [254, 83], "uv_size": [-2, -2]}
							}
						}
					]
				},
				{
					"name": "mouth",
					"parent": "head",
					"pivot": [0, 28.58158, -1.99222],
					"cubes": [
						{
							"origin": [-4.975, 27.48158, -6.99222],
							"size": [9.9, 3.1, 4],
							"pivot": [0, 29.58158, -1.99222],
							"rotation": [10, 0, 0],
							"uv": {
								"north": {"uv": [46, 135], "uv_size": [10, 3]},
								"east": {"uv": [42, 135], "uv_size": [4, 3]},
								"south": {"uv": [60, 135], "uv_size": [10, 3]},
								"west": {"uv": [56, 135], "uv_size": [4, 3]},
								"up": {"uv": [46, 131], "uv_size": [10, 4]},
								"down": {"uv": [56, 135], "uv_size": [10, -4]}
							}
						},
						{
							"origin": [-5, 26.55658, -7.01722],
							"size": [10, 5, 5],
							"pivot": [0, 29.55658, -2.01722],
							"rotation": [10, 0, 0],
							"uv": {
								"north": {"uv": [47, 144], "uv_size": [10, 5]},
								"east": {"uv": [42, 144], "uv_size": [5, 5]},
								"south": {"uv": [62, 144], "uv_size": [10, 5]},
								"west": {"uv": [57, 144], "uv_size": [5, 5]},
								"up": {"uv": [47, 139], "uv_size": [10, 5]},
								"down": {"uv": [57, 144], "uv_size": [10, -5]}
							}
						}
					]
				},
				{
					"name": "upper_mouth",
					"parent": "mouth",
					"pivot": [0, 28.58158, -1.99222],
					"cubes": [
						{
							"origin": [-4, 29.05658, -7.01722],
							"size": [8, 2, 0],
							"pivot": [0, 29.55658, -2.01722],
							"rotation": [10, 0, 0],
							"uv": {
								"north": {"uv": [0, 142], "uv_size": [8, 2]},
								"east": {"uv": [0, 142], "uv_size": [0, 2]},
								"south": {"uv": [8, 142], "uv_size": [8, 2]},
								"west": {"uv": [8, 142], "uv_size": [0, 2]},
								"up": {"uv": [0, 142], "uv_size": [8, 0]},
								"down": {"uv": [8, 142], "uv_size": [8, 0]}
							}
						}
					]
				},
				{
					"name": "lower_mouth2",
					"parent": "mouth",
					"pivot": [0, 28.58158, -1.99222],
					"cubes": [
						{
							"origin": [-4, 27.05658, -7.01722],
							"size": [8, 2, 0],
							"pivot": [0, 29.55658, -2.01722],
							"rotation": [10, 0, 0],
							"uv": {
								"north": {"uv": [0, 144], "uv_size": [8, -2]},
								"east": {"uv": [0, 142], "uv_size": [0, 2]},
								"south": {"uv": [8, 142], "uv_size": [8, 2]},
								"west": {"uv": [8, 142], "uv_size": [0, 2]},
								"up": {"uv": [0, 142], "uv_size": [8, 0]},
								"down": {"uv": [8, 142], "uv_size": [8, 0]}
							}
						}
					]
				},
				{
					"name": "teeth",
					"parent": "head",
					"pivot": [0, 28.55658, -3.01722]
				},
				{
					"name": "upper",
					"parent": "teeth",
					"pivot": [0, 29.05658, -2.01722],
					"cubes": [
						{"origin": [-3, 28.86015, -6.2625], "size": [6, 2, 4], "pivot": [0, 29.86015, -4.2625], "rotation": [-170, 0, 0], "uv": [35, 56]}
					]
				},
				{
					"name": "lower",
					"parent": "teeth",
					"pivot": [0, 29.20658, -2.01722],
					"cubes": [
						{"origin": [-3, 26.89053, -5.9152], "size": [6, 2, 4], "pivot": [0, 27.89053, -3.9152], "rotation": [170, 0, 180], "uv": [35, 56]}
					]
				},
				{
					"name": "shield_left",
					"parent": "toilet",
					"pivot": [5, 8, 6],
					"cubes": [
						{"origin": [4, 7, 1], "size": [6, 1, 1], "uv": [165, 56]},
						{"origin": [4, 7, 11], "size": [6, 1, 1], "uv": [165, 56]},
						{"origin": [10, 7, 0.5], "size": [1, 8, 12], "pivot": [5, 8, 6], "rotation": [0, 0, -7.5], "uv": [175, 71]},
						{"origin": [9.9, 4.25, 0.5], "size": [1, 5, 12], "inflate": -0.1, "pivot": [5, 8, 6], "rotation": [0, 0, 12.5], "uv": [173, 74]}
					]
				},
				{
					"name": "shield_right",
					"parent": "toilet",
					"pivot": [-5, 8, 6],
					"cubes": [
						{"origin": [-10, 7, 1], "size": [6, 1, 1], "uv": [165, 56], "mirror": true},
						{"origin": [-10, 7, 11], "size": [6, 1, 1], "uv": [165, 56], "mirror": true},
						{"origin": [-11, 7, 0.5], "size": [1, 8, 12], "pivot": [-5, 8, 6], "rotation": [0, 0, 7.5], "uv": [175, 71], "mirror": true},
						{"origin": [-10.9, 4.25, 0.5], "size": [1, 5, 12], "inflate": -0.1, "pivot": [-5, 8, 6], "rotation": [0, 0, -12.5], "uv": [173, 74], "mirror": true}
					]
				},
				{
					"name": "shield_front",
					"parent": "toilet",
					"pivot": [0.5, 11, -7],
					"rotation": [89.99999, -82.5, -89.99999],
					"cubes": [
						{"origin": [-4.5, 10, -12], "size": [6, 1, 1], "uv": [165, 56], "mirror": true},
						{"origin": [-5.4, 7.25, -13.5], "size": [1, 5, 14], "inflate": -0.1, "pivot": [0.5, 11, -7], "rotation": [0, 0, -12.5], "uv": [174, 99], "mirror": true},
						{"origin": [-5, 10.68795, -13.5], "size": [1, 9, 14], "pivot": [-4.49611, 15.18795, -6.5], "rotation": [0, 0, 7.5], "uv": [174, 96], "mirror": true},
						{"origin": [-4.5, 10, -2], "size": [6, 1, 1], "uv": [165, 56], "mirror": true}
					]
				},
				{
					"name": "laser_left",
					"parent": "toilet",
					"pivot": [11, 19, 0],
					"cubes": [
						{"origin": [11, 18, -11], "size": [2, 2, 15], "inflate": 0.1, "uv": [118, 25]},
						{"origin": [10.5, 17.5, 3], "size": [3, 3, 7], "inflate": 0.1, "uv": [129, 0]},
						{"origin": [10, 18.5, -6], "size": [1, 1, 9], "uv": [152, 36]},
						{"origin": [10.5, 17.5, -16], "size": [3, 3, 5], "inflate": 0.1, "uv": [126, 46]},
						{"origin": [10.5, 17.5, -16], "size": [3, 3, 5], "inflate": -0.1, "uv": [124, 58]}
					]
				},
				{
					"name": "blast2",
					"parent": "laser_left",
					"pivot": [12.025, 18.99709, -13.87575],
					"cubes": [
						{
							"origin": [11.525, 18.49709, -14.87575],
							"size": [1, 1, 2],
							"inflate": -0.1,
							"uv": {
								"north": {"uv": [250, 83], "uv_size": [2, 1]},
								"east": {"uv": [248, 83], "uv_size": [2, 1]},
								"south": {"uv": [254, 83], "uv_size": [2, 1]},
								"west": {"uv": [252, 83], "uv_size": [2, 1]},
								"up": {"uv": [250, 81], "uv_size": [2, 2]},
								"down": {"uv": [252, 83], "uv_size": [2, -2]}
							}
						}
					]
				},
				{
					"name": "laser_right",
					"parent": "toilet",
					"pivot": [-11, 19, 0],
					"cubes": [
						{"origin": [-13, 18, -11], "size": [2, 2, 15], "inflate": 0.1, "uv": [118, 25], "mirror": true},
						{"origin": [-13.5, 17.5, 3], "size": [3, 3, 7], "inflate": 0.1, "uv": [129, 0], "mirror": true},
						{"origin": [-11, 18.5, -6], "size": [1, 1, 9], "uv": [152, 36], "mirror": true},
						{"origin": [-13.5, 17.5, -16], "size": [3, 3, 5], "inflate": 0.1, "uv": [126, 46], "mirror": true},
						{"origin": [-13.5, 17.5, -16], "size": [3, 3, 5], "inflate": -0.1, "uv": [124, 58], "mirror": true}
					]
				},
				{
					"name": "blast3",
					"parent": "laser_right",
					"pivot": [-12.025, 18.99709, -13.87575],
					"cubes": [
						{
							"origin": [-12.525, 18.49709, -14.87575],
							"size": [1, 1, 2],
							"inflate": -0.1,
							"uv": {
								"north": {"uv": [252, 83], "uv_size": [-2, 1]},
								"east": {"uv": [254, 83], "uv_size": [-2, 1]},
								"south": {"uv": [256, 83], "uv_size": [-2, 1]},
								"west": {"uv": [250, 83], "uv_size": [-2, 1]},
								"up": {"uv": [252, 81], "uv_size": [-2, 2]},
								"down": {"uv": [254, 83], "uv_size": [-2, -2]}
							}
						}
					]
				}
			]
		}
	]
}