{
	"format_version": "1.12.0",
	"minecraft:geometry": [
		{
			"description": {
				"identifier": "geometry.ic_skibidi_double_buzzsaw",
				"texture_width": 256,
				"texture_height": 256,
				"visible_bounds_width": 5,
				"visible_bounds_height": 5.5,
				"visible_bounds_offset": [0, 2.25, 0]
			},
			"bones": [
				{
					"name": "toilet",
					"pivot": [0, 0, 0],
					"cubes": [
						{"origin": [-5, 2, -5], "size": [10, 7, 10], "uv": [0, 72]},
						{"origin": [-6, 0, -6], "size": [12, 4, 12], "uv": [48, 57]},
						{"origin": [-6, 0, 6], "size": [12, 4, 12], "uv": [48, 57]},
						{"origin": [-7, 9, -7], "size": [14, 3, 14], "uv": [0, 37]},
						{"origin": [-9, 11, -7.5], "size": [9, 3, 15], "pivot": [0, 21, 0], "rotation": [0, 0, -77.5], "uv": [0, 54]},
						{"origin": [0, 11, -7.5], "size": [9, 3, 15], "pivot": [0, 21, 0], "rotation": [0, 0, 77.5], "uv": [0, 54], "mirror": true},
						{"origin": [-7.5, 11, -9], "size": [15, 3, 9], "pivot": [0, 21, 0], "rotation": [77.5, 0, 0], "uv": [58, 23]},
						{"origin": [-7.5, 11, 0], "size": [15, 3, 9], "pivot": [0, 21, 0], "rotation": [-77.5, 0, 0], "uv": [58, 11]},
						{"origin": [-8, 17.16026, -9.29852], "size": [16, 4, 2], "pivot": [0, 19.16026, -8.29852], "rotation": [-90, 0, 0], "uv": [68, 0]},
						{"origin": [-8, 17.16026, 7.29852], "size": [16, 4, 2], "pivot": [0, 19.16026, 8.29852], "rotation": [90, 0, 0], "uv": [68, 0]},
						{"origin": [7.27352, 17.16026, -8], "size": [2, 4, 16], "pivot": [8.29852, 19.16026, 0], "rotation": [0, 0, -90], "uv": [24, 73]},
						{"origin": [-9.27352, 17.16026, -8], "size": [2, 4, 16], "pivot": [-8.29852, 19.16026, 0], "rotation": [0, 0, 90], "uv": [24, 73]}
					]
				},
				{
					"name": "lid1",
					"parent": "toilet",
					"pivot": [0, 21, 9],
					"cubes": [
						{"origin": [-8, 18.16026, -9.29852], "size": [16, 4, 1], "pivot": [0, 20.16026, -8.29852], "rotation": [-90, 0, 0], "uv": [97, 11]},
						{"origin": [-9.27352, 18.16026, -8], "size": [1, 4, 16], "pivot": [-8.29852, 20.16026, 0], "rotation": [0, 0, 90], "uv": [80, 57]},
						{"origin": [-8, 18.16026, 8.29852], "size": [16, 4, 1], "pivot": [0, 20.16026, 8.29852], "rotation": [90, 0, 0], "uv": [97, 11], "mirror": true},
						{"origin": [8.27352, 18.16026, -8], "size": [1, 4, 16], "pivot": [8.29852, 20.16026, 0], "rotation": [0, 0, -90], "uv": [80, 57]}
					]
				},
				{
					"name": "back",
					"parent": "toilet",
					"pivot": [0, 21, 11],
					"cubes": [
						{"origin": [-5.5, 4, 10], "size": [11, 33, 9], "uv": [182, 11]},
						{"origin": [-4.5, 4, 5], "size": [9, 9, 6], "uv": [226, 0]}
					]
				},
				{
					"name": "right_arm",
					"parent": "back",
					"pivot": [-5, 9, 9],
					"cubes": [
						{"origin": [-9.5, 9, 6], "size": [5, 5, 5], "pivot": [-5, 9, 9], "rotation": [0, 0, 37.5], "uv": [236, 149]}
					]
				},
				{
					"name": "right_arm2",
					"parent": "right_arm",
					"pivot": [-6, 13.25, 8.25],
					"rotation": [26.391, 1.17326, 7.99171],
					"cubes": [
						{"origin": [-9.25, 0.25, 6.75], "size": [3, 14, 4], "pivot": [-6, 13.25, 8.25], "rotation": [0, 0, 20], "uv": [242, 164]}
					]
				},
				{
					"name": "right_arm3",
					"parent": "right_arm2",
					"pivot": [-12, 3.25, 8.25],
					"rotation": [26.391, 1.17326, 7.99171],
					"cubes": [
						{"origin": [-13.25, -17.25, 6.25], "size": [3, 22, 4], "pivot": [-12, 3.25, 8.25], "rotation": [-145.46655, -7.65103, -15.57204], "uv": [242, 188]},
						{"origin": [-13.25, -24.75, 6.25], "size": [3, 8, 4], "inflate": -0.2, "pivot": [-12, 3.25, 8.25], "rotation": [-145.46655, -7.65103, -15.57204], "uv": [221, 223]},
						{"origin": [-13.25, -16.25, 6.25], "size": [3, 3, 4], "inflate": 0.2, "pivot": [-12, 3.25, 8.25], "rotation": [-145.46655, -7.65103, -15.57204], "uv": [218, 187]},
						{"origin": [-19.26929, 23.7896, -8.88641], "size": [3, 3, 4], "inflate": -0.2, "pivot": [-15.76929, 25.2896, -6.88641], "rotation": [170.73839, -34.18317, 79.6627], "uv": [218, 187]},
						{"origin": [-18.26929, 22.7896, -7.38641], "size": [1, 4, 1], "inflate": 0, "pivot": [-15.76929, 25.2896, -6.88641], "rotation": [170.73839, -34.18317, 79.6627], "uv": [201, 187]},
						{"origin": [-11.75, -18.25, 0.25], "size": [0, 4, 16], "pivot": [-12, 3.25, 8.25], "rotation": [-145.46655, -7.65103, -15.57204], "uv": [205, 191]}
					]
				},
				{
					"name": "saw",
					"parent": "right_arm3",
					"pivot": [-15, 27.25, -7.85],
					"rotation": [-58.16465, -5.6108, -14.96307],
					"cubes": [
						{
							"origin": [-14.4, 20.65, -14.45],
							"size": [0, 13.2, 13.2],
							"uv": {
								"north": {"uv": [173, 237], "uv_size": [0, 11]},
								"east": {"uv": [162, 237], "uv_size": [11, 11]},
								"south": {"uv": [184, 237], "uv_size": [0, 11]},
								"west": {"uv": [173, 237], "uv_size": [11, 11]},
								"up": {"uv": [173, 226], "uv_size": [0, 11]},
								"down": {"uv": [173, 237], "uv_size": [0, -11]}
							}
						}
					]
				},
				{
					"name": "left_arm",
					"parent": "back",
					"pivot": [5, 9, 9],
					"cubes": [
						{"origin": [4.5, 9, 6], "size": [5, 5, 5], "pivot": [5, 9, 9], "rotation": [0, 0, -37.5], "uv": [236, 149], "mirror": true}
					]
				},
				{
					"name": "left_arm2",
					"parent": "left_arm",
					"pivot": [6, 13.25, 8.25],
					"rotation": [26.391, -1.17326, -7.99171],
					"cubes": [
						{"origin": [6.25, 0.25, 6.75], "size": [3, 14, 4], "pivot": [6, 13.25, 8.25], "rotation": [0, 0, -20], "uv": [242, 164], "mirror": true}
					]
				},
				{
					"name": "left_arm3",
					"parent": "left_arm2",
					"pivot": [12, 3.25, 8.25],
					"rotation": [26.391, -1.17326, -7.99171],
					"cubes": [
						{"origin": [10.25, -17.25, 6.25], "size": [3, 22, 4], "pivot": [12, 3.25, 8.25], "rotation": [-145.46655, 7.65103, 15.57204], "uv": [242, 188], "mirror": true},
						{"origin": [10.25, -24.75, 6.25], "size": [3, 8, 4], "inflate": -0.2, "pivot": [12, 3.25, 8.25], "rotation": [-145.46655, 7.65103, 15.57204], "uv": [221, 223], "mirror": true},
						{"origin": [10.25, -16.25, 6.25], "size": [3, 3, 4], "inflate": 0.2, "pivot": [12, 3.25, 8.25], "rotation": [-145.46655, 7.65103, 15.57204], "uv": [218, 187], "mirror": true},
						{"origin": [16.26929, 23.7896, -8.88641], "size": [3, 3, 4], "inflate": -0.2, "pivot": [15.76929, 25.2896, -6.88641], "rotation": [170.73839, 34.18317, -79.6627], "uv": [218, 187], "mirror": true},
						{"origin": [17.26929, 22.7896, -7.38641], "size": [1, 4, 1], "inflate": 0, "pivot": [15.76929, 25.2896, -6.88641], "rotation": [170.73839, 34.18317, -79.6627], "uv": [201, 187], "mirror": true},
						{"origin": [11.75, -18.25, 0.25], "size": [0, 4, 16], "pivot": [12, 3.25, 8.25], "rotation": [-145.46655, 7.65103, 15.57204], "uv": [205, 191], "mirror": true}
					]
				},
				{
					"name": "saw2",
					"parent": "left_arm3",
					"pivot": [15, 27.25, -7.85],
					"rotation": [-58.16465, 5.6108, 14.96307],
					"cubes": [
						{
							"origin": [14.4, 20.65, -14.45],
							"size": [0, 13.2, 13.2],
							"uv": {
								"north": {"uv": [173, 237], "uv_size": [0, 11]},
								"east": {"uv": [184, 237], "uv_size": [-11, 11]},
								"south": {"uv": [184, 237], "uv_size": [0, 11]},
								"west": {"uv": [173, 237], "uv_size": [-11, 11]},
								"up": {"uv": [173, 226], "uv_size": [0, 11]},
								"down": {"uv": [173, 237], "uv_size": [0, -11]}
							}
						}
					]
				},
				{
					"name": "rocket",
					"parent": "back",
					"pivot": [0, 23.61551, 15.92191],
					"cubes": [
						{"origin": [-7, 27, 15], "size": [2, 7, 2], "uv": [0, 209]},
						{"origin": [-7, 18, 15], "size": [2, 7, 2], "uv": [0, 209]},
						{"origin": [-10.9, 23, 14], "size": [4, 15, 4], "uv": [0, 237]},
						{"origin": [-10.9, 15, 14], "size": [4, 15, 4], "inflate": -0.3, "uv": [0, 237]},
						{"origin": [-10.9, 13, 14], "size": [4, 3, 4], "inflate": 0.3, "uv": [53, 246]},
						{"origin": [-10.9, 9.75, 14], "size": [4, 3, 4], "uv": [39, 249]},
						{"origin": [-10.9, 37, 14], "size": [4, 3, 4], "inflate": 0.4, "uv": [20, 249]},
						{"origin": [6.9, 23, 14], "size": [4, 15, 4], "uv": [0, 237], "mirror": true},
						{"origin": [6.9, 37, 14], "size": [4, 3, 4], "inflate": 0.4, "uv": [20, 249], "mirror": true},
						{"origin": [6.9, 9.75, 14], "size": [4, 3, 4], "uv": [39, 249], "mirror": true},
						{"origin": [6.9, 13, 14], "size": [4, 3, 4], "inflate": 0.3, "uv": [53, 246], "mirror": true},
						{"origin": [6.9, 15, 14], "size": [4, 15, 4], "inflate": -0.3, "uv": [0, 237], "mirror": true},
						{"origin": [5, 19, 15], "size": [2, 7, 2], "uv": [0, 209], "mirror": true},
						{"origin": [5, 28, 15], "size": [2, 7, 2], "uv": [0, 209], "mirror": true}
					],
					"locators": {
						"thrust": {
							"offset": [-9, 12, 16],
							"rotation": [180, 0, 0]
						},
						"thrust2": {
							"offset": [9, 12, 16],
							"rotation": [180, 0, 0]
						}
					}
				},
				{
					"name": "neck",
					"parent": "toilet",
					"pivot": [0, 12, 5.675],
					"rotation": [15, 0, 0],
					"cubes": [
						{"origin": [-2.5, 9.34478, 1.52888], "size": [5, 10, 5], "pivot": [0, 15.49954, 0.84149], "rotation": [25, 0, 0], "uv": [77, 89]}
					]
				},
				{
					"name": "neck2",
					"parent": "neck",
					"pivot": [0, 19.55658, 1.98278],
					"rotation": [-27.5, 0, 0],
					"cubes": [
						{"origin": [-2.575, 16.72074, -2.62002], "size": [5, 10, 5], "pivot": [0, 23.87551, -3.30741], "rotation": [25, 0, 0], "uv": [56, 89]}
					]
				},
				{
					"name": "head",
					"parent": "neck2",
					"pivot": [0, 28.55658, -2.01722],
					"cubes": [
						{"origin": [-5, 26.55658, -7.01722], "size": [10, 11, 10], "pivot": [0, 29.55658, -2.01722], "rotation": [10, 0, 0], "uv": [0, 111]}
					]
				},
				{
					"name": "eyes",
					"parent": "head",
					"pivot": [0, 31.67209, -6.87575],
					"rotation": [10, 0, 0],
					"cubes": [
						{
							"origin": [-3.5, 30.79709, -7.87575],
							"size": [2.25, 1.75, 2],
							"uv": {
								"north": {"uv": [2, 43], "uv_size": [2, 2]},
								"east": {"uv": [0, 43], "uv_size": [2, 2]},
								"south": {"uv": [6, 43], "uv_size": [2, 2]},
								"west": {"uv": [4, 43], "uv_size": [2, 2]},
								"up": {"uv": [2, 41], "uv_size": [2, 2]},
								"down": {"uv": [4, 43], "uv_size": [2, -2]}
							}
						},
						{
							"origin": [1.25, 30.79709, -7.87575],
							"size": [2.25, 1.75, 2],
							"uv": {
								"north": {"uv": [4, 43], "uv_size": [-2, 2]},
								"east": {"uv": [6, 43], "uv_size": [-2, 2]},
								"south": {"uv": [8, 43], "uv_size": [-2, 2]},
								"west": {"uv": [2, 43], "uv_size": [-2, 2]},
								"up": {"uv": [4, 41], "uv_size": [-2, 2]},
								"down": {"uv": [6, 43], "uv_size": [-2, -2]}
							}
						}
					]
				},
				{
					"name": "pupils",
					"parent": "eyes",
					"pivot": [0, 31.67209, -6.87575]
				},
				{
					"name": "1",
					"parent": "pupils",
					"pivot": [0, 31.67209, -6.87575],
					"cubes": [
						{"origin": [-2.85, 31.17209, -8.12575], "size": [1, 1, 1], "uv": [0, 46]}
					]
				},
				{
					"name": "2",
					"parent": "pupils",
					"pivot": [0, 31.67209, -6.87575],
					"cubes": [
						{"origin": [1.85, 31.17209, -8.12575], "size": [1, 1, 1], "uv": [0, 46], "mirror": true}
					]
				},
				{
					"name": "mouth",
					"parent": "head",
					"pivot": [0, 28.58158, -1.99222],
					"cubes": [
						{
							"origin": [-4.975, 27.48158, -6.99222],
							"size": [9.9, 3.1, 4],
							"pivot": [0, 29.58158, -1.99222],
							"rotation": [10, 0, 0],
							"uv": {
								"north": {"uv": [46, 135], "uv_size": [10, 3]},
								"east": {"uv": [42, 135], "uv_size": [4, 3]},
								"south": {"uv": [60, 135], "uv_size": [10, 3]},
								"west": {"uv": [56, 135], "uv_size": [4, 3]},
								"up": {"uv": [46, 131], "uv_size": [10, 4]},
								"down": {"uv": [56, 135], "uv_size": [10, -4]}
							}
						},
						{
							"origin": [-5, 26.55658, -7.01722],
							"size": [10, 5, 5],
							"pivot": [0, 29.55658, -2.01722],
							"rotation": [10, 0, 0],
							"uv": {
								"north": {"uv": [47, 144], "uv_size": [10, 5]},
								"east": {"uv": [42, 144], "uv_size": [5, 5]},
								"south": {"uv": [62, 144], "uv_size": [10, 5]},
								"west": {"uv": [57, 144], "uv_size": [5, 5]},
								"up": {"uv": [47, 139], "uv_size": [10, 5]},
								"down": {"uv": [57, 144], "uv_size": [10, -5]}
							}
						}
					]
				},
				{
					"name": "upper_mouth",
					"parent": "mouth",
					"pivot": [0, 28.58158, -1.99222],
					"cubes": [
						{
							"origin": [-4, 29.05658, -7.01722],
							"size": [8, 2, 0],
							"pivot": [0, 29.55658, -2.01722],
							"rotation": [10, 0, 0],
							"uv": {
								"north": {"uv": [0, 142], "uv_size": [8, 2]},
								"east": {"uv": [0, 142], "uv_size": [0, 2]},
								"south": {"uv": [8, 142], "uv_size": [8, 2]},
								"west": {"uv": [8, 142], "uv_size": [0, 2]},
								"up": {"uv": [0, 142], "uv_size": [8, 0]},
								"down": {"uv": [8, 142], "uv_size": [8, 0]}
							}
						}
					]
				},
				{
					"name": "lower_mouth2",
					"parent": "mouth",
					"pivot": [0, 28.58158, -1.99222],
					"cubes": [
						{
							"origin": [-4, 27.05658, -7.01722],
							"size": [8, 2, 0],
							"pivot": [0, 29.55658, -2.01722],
							"rotation": [10, 0, 0],
							"uv": {
								"north": {"uv": [0, 144], "uv_size": [8, -2]},
								"east": {"uv": [0, 142], "uv_size": [0, 2]},
								"south": {"uv": [8, 142], "uv_size": [8, 2]},
								"west": {"uv": [8, 142], "uv_size": [0, 2]},
								"up": {"uv": [0, 142], "uv_size": [8, 0]},
								"down": {"uv": [8, 142], "uv_size": [8, 0]}
							}
						}
					]
				},
				{
					"name": "teeth",
					"parent": "head",
					"pivot": [0, 28.55658, -3.01722]
				},
				{
					"name": "upper",
					"parent": "teeth",
					"pivot": [0, 29.05658, -2.01722],
					"cubes": [
						{"origin": [-3, 28.86015, -6.2625], "size": [6, 2, 4], "pivot": [0, 29.86015, -4.2625], "rotation": [-170, 0, 0], "uv": [35, 56]}
					]
				},
				{
					"name": "lower",
					"parent": "teeth",
					"pivot": [0, 29.20658, -2.01722],
					"cubes": [
						{"origin": [-3, 26.89053, -5.9152], "size": [6, 2, 4], "pivot": [0, 27.89053, -3.9152], "rotation": [170, 0, 180], "uv": [35, 56]}
					]
				},
				{
					"name": "eye_cover",
					"parent": "head",
					"pivot": [0, 28.55658, -7.01722],
					"cubes": [
						{"origin": [-5, 30.05658, -7.76722], "size": [10, 3, 3], "inflate": 0.1, "pivot": [0, 28.55658, -7.01722], "rotation": [10, 0, 0], "uv": [157, 214]}
					]
				}
			]
		}
	]
}