{
	"format_version": "1.12.0",
	"minecraft:geometry": [
		{
			"description": {
				"identifier": "geometry.ic_skibidi_spider",
				"texture_width": 256,
				"texture_height": 256,
				"visible_bounds_width": 8,
				"visible_bounds_height": 5.5,
				"visible_bounds_offset": [0, 2.25, 0]
			},
			"bones": [
				{
					"name": "root",
					"pivot": [0, 17, 0]
				},
				{
					"name": "toilet",
					"parent": "root",
					"pivot": [0, 32, 0],
					"cubes": [
						{"origin": [-5, 22, -5], "size": [10, 7, 10], "uv": [0, 72]},
						{"origin": [-6, 20, -6], "size": [12, 4, 12], "uv": [48, 57]},
						{"origin": [-7, 29, -7], "size": [14, 3, 14], "uv": [0, 37]},
						{"origin": [-9, 31, -7.5], "size": [9, 3, 15], "pivot": [0, 41, 0], "rotation": [0, 0, -77.5], "uv": [0, 54]},
						{"origin": [0, 31, -7.5], "size": [9, 3, 15], "pivot": [0, 41, 0], "rotation": [0, 0, 77.5], "uv": [0, 54], "mirror": true},
						{"origin": [-7.5, 31, -9], "size": [15, 3, 9], "pivot": [0, 41, 0], "rotation": [77.5, 0, 0], "uv": [58, 23]},
						{"origin": [-7.5, 31, 0], "size": [15, 3, 9], "pivot": [0, 41, 0], "rotation": [-77.5, 0, 0], "uv": [58, 11]},
						{"origin": [-8, 37.16026, -9.29852], "size": [16, 4, 2], "pivot": [0, 39.16026, -8.29852], "rotation": [-90, 0, 0], "uv": [68, 0]},
						{"origin": [-8, 37.16026, 7.29852], "size": [16, 4, 2], "pivot": [0, 39.16026, 8.29852], "rotation": [90, 0, 0], "uv": [68, 0]},
						{"origin": [7.27352, 37.16026, -8], "size": [2, 4, 16], "pivot": [8.29852, 39.16026, 0], "rotation": [0, 0, -90], "uv": [24, 73]},
						{"origin": [-9.27352, 37.16026, -8], "size": [2, 4, 16], "pivot": [-8.29852, 39.16026, 0], "rotation": [0, 0, 90], "uv": [24, 73]}
					]
				},
				{
					"name": "lid1",
					"parent": "toilet",
					"pivot": [0, 41, 9],
					"cubes": [
						{"origin": [-8, 38.16026, -9.29852], "size": [16, 4, 1], "pivot": [0, 40.16026, -8.29852], "rotation": [-90, 0, 0], "uv": [97, 11]},
						{"origin": [-9.27352, 38.16026, -8], "size": [1, 4, 16], "pivot": [-8.29852, 40.16026, 0], "rotation": [0, 0, 90], "uv": [80, 57]},
						{"origin": [-8, 38.16026, 8.29852], "size": [16, 4, 1], "pivot": [0, 40.16026, 8.29852], "rotation": [90, 0, 0], "uv": [97, 11], "mirror": true},
						{"origin": [8.27352, 38.16026, -8], "size": [1, 4, 16], "pivot": [8.29852, 40.16026, 0], "rotation": [0, 0, -90], "uv": [80, 57]}
					]
				},
				{
					"name": "back",
					"parent": "toilet",
					"pivot": [0, 41, 11],
					"cubes": [
						{"origin": [-6.5, 37, 10], "size": [14, 10, 6], "uv": [9, 11]},
						{"origin": [-8, 47, 9], "size": [17, 3, 8], "uv": [13, 0]}
					]
				},
				{
					"name": "lid2",
					"parent": "toilet",
					"pivot": [0, 40, 10]
				},
				{
					"name": "flush",
					"parent": "toilet",
					"pivot": [0, 50, 13],
					"cubes": [
						{"origin": [-1, 49, 12], "size": [2, 2, 2], "uv": [0, 0]}
					]
				},
				{
					"name": "neck",
					"parent": "toilet",
					"pivot": [0, 32, 5.675],
					"rotation": [15, 0, 0],
					"cubes": [
						{"origin": [-2.5, 29.34478, 1.52888], "size": [5, 10, 5], "pivot": [0, 35.49954, 0.84149], "rotation": [25, 0, 0], "uv": [77, 89]}
					]
				},
				{
					"name": "neck2",
					"parent": "neck",
					"pivot": [0, 39.55658, 1.98278],
					"rotation": [-27.5, 0, 0],
					"cubes": [
						{"origin": [-2.575, 36.72074, -2.62002], "size": [5, 10, 5], "pivot": [0, 43.87551, -3.30741], "rotation": [25, 0, 0], "uv": [56, 89]}
					]
				},
				{
					"name": "head",
					"parent": "neck2",
					"pivot": [0, 48.55658, -2.01722],
					"cubes": [
						{"origin": [-5, 46.55658, -7.01722], "size": [10, 11, 10], "pivot": [0, 49.55658, -2.01722], "rotation": [10, 0, 0], "uv": [0, 111]}
					]
				},
				{
					"name": "eyes",
					"parent": "head",
					"pivot": [0, 51.67209, -6.87575],
					"rotation": [10, 0, 0],
					"cubes": [
						{
							"origin": [-3.5, 50.79709, -7.87575],
							"size": [2.25, 1.75, 2],
							"uv": {
								"north": {"uv": [2, 43], "uv_size": [2, 2]},
								"east": {"uv": [0, 43], "uv_size": [2, 2]},
								"south": {"uv": [6, 43], "uv_size": [2, 2]},
								"west": {"uv": [4, 43], "uv_size": [2, 2]},
								"up": {"uv": [2, 41], "uv_size": [2, 2]},
								"down": {"uv": [4, 43], "uv_size": [2, -2]}
							}
						},
						{
							"origin": [1.25, 50.79709, -7.87575],
							"size": [2.25, 1.75, 2],
							"uv": {
								"north": {"uv": [4, 43], "uv_size": [-2, 2]},
								"east": {"uv": [6, 43], "uv_size": [-2, 2]},
								"south": {"uv": [8, 43], "uv_size": [-2, 2]},
								"west": {"uv": [2, 43], "uv_size": [-2, 2]},
								"up": {"uv": [4, 41], "uv_size": [-2, 2]},
								"down": {"uv": [6, 43], "uv_size": [-2, -2]}
							}
						}
					]
				},
				{
					"name": "pupils",
					"parent": "eyes",
					"pivot": [0, 51.67209, -6.87575]
				},
				{
					"name": "1",
					"parent": "pupils",
					"pivot": [0, 51.67209, -6.87575],
					"cubes": [
						{"origin": [-2.85, 51.16119, -8.37551], "size": [1, 1, 1], "inflate": -0.3, "uv": [0, 46]}
					]
				},
				{
					"name": "2",
					"parent": "pupils",
					"pivot": [0, 51.67209, -6.87575],
					"cubes": [
						{"origin": [1.85, 51.16119, -8.37551], "size": [1, 1, 1], "inflate": -0.3, "uv": [0, 46], "mirror": true}
					]
				},
				{
					"name": "mouth",
					"parent": "head",
					"pivot": [0, 48.58158, -1.99222],
					"cubes": [
						{
							"origin": [-4.975, 47.48158, -6.99222],
							"size": [9.9, 3.1, 4],
							"pivot": [0, 49.58158, -1.99222],
							"rotation": [10, 0, 0],
							"uv": {
								"north": {"uv": [46, 135], "uv_size": [10, 3]},
								"east": {"uv": [42, 135], "uv_size": [4, 3]},
								"south": {"uv": [60, 135], "uv_size": [10, 3]},
								"west": {"uv": [56, 135], "uv_size": [4, 3]},
								"up": {"uv": [46, 131], "uv_size": [10, 4]},
								"down": {"uv": [56, 135], "uv_size": [10, -4]}
							}
						},
						{
							"origin": [-5, 46.55658, -7.01722],
							"size": [10, 5, 5],
							"pivot": [0, 49.55658, -2.01722],
							"rotation": [10, 0, 0],
							"uv": {
								"north": {"uv": [47, 144], "uv_size": [10, 5]},
								"east": {"uv": [42, 144], "uv_size": [5, 5]},
								"south": {"uv": [62, 144], "uv_size": [10, 5]},
								"west": {"uv": [57, 144], "uv_size": [5, 5]},
								"up": {"uv": [47, 139], "uv_size": [10, 5]},
								"down": {"uv": [57, 144], "uv_size": [10, -5]}
							}
						}
					]
				},
				{
					"name": "upper_mouth",
					"parent": "mouth",
					"pivot": [0, 48.58158, -1.99222],
					"cubes": [
						{
							"origin": [-4, 49.05658, -7.01722],
							"size": [8, 2, 0],
							"pivot": [0, 49.55658, -2.01722],
							"rotation": [10, 0, 0],
							"uv": {
								"north": {"uv": [0, 142], "uv_size": [8, 2]},
								"east": {"uv": [0, 142], "uv_size": [0, 2]},
								"south": {"uv": [8, 142], "uv_size": [8, 2]},
								"west": {"uv": [8, 142], "uv_size": [0, 2]},
								"up": {"uv": [0, 142], "uv_size": [8, 0]},
								"down": {"uv": [8, 142], "uv_size": [8, 0]}
							}
						}
					]
				},
				{
					"name": "lower_mouth2",
					"parent": "mouth",
					"pivot": [0, 48.58158, -1.99222],
					"cubes": [
						{
							"origin": [-4, 47.05658, -7.01722],
							"size": [8, 2, 0],
							"pivot": [0, 49.55658, -2.01722],
							"rotation": [10, 0, 0],
							"uv": {
								"north": {"uv": [0, 144], "uv_size": [8, -2]},
								"east": {"uv": [0, 142], "uv_size": [0, 2]},
								"south": {"uv": [8, 142], "uv_size": [8, 2]},
								"west": {"uv": [8, 142], "uv_size": [0, 2]},
								"up": {"uv": [0, 142], "uv_size": [8, 0]},
								"down": {"uv": [8, 142], "uv_size": [8, 0]}
							}
						}
					]
				},
				{
					"name": "teeth",
					"parent": "head",
					"pivot": [0, 48.55658, -3.01722]
				},
				{
					"name": "upper",
					"parent": "teeth",
					"pivot": [0, 49.05658, -2.01722],
					"cubes": [
						{"origin": [-3, 48.86015, -6.2625], "size": [6, 2, 4], "pivot": [0, 49.86015, -4.2625], "rotation": [-170, 0, 0], "uv": [35, 56]}
					]
				},
				{
					"name": "lower",
					"parent": "teeth",
					"pivot": [0, 49.20658, -2.01722],
					"cubes": [
						{"origin": [-3, 46.89053, -5.9152], "size": [6, 2, 4], "pivot": [0, 47.89053, -3.9152], "rotation": [170, 0, 180], "uv": [35, 56]}
					]
				},
				{
					"name": "gun",
					"parent": "toilet",
					"pivot": [0, 20, 0],
					"cubes": [
						{"origin": [-2.5, 15, -5], "size": [5, 6, 9], "uv": [0, 224]}
					]
				},
				{
					"name": "machine",
					"parent": "gun",
					"pivot": [0, 17.5, -4.5],
					"cubes": [
						{"origin": [-1.5, 16, -14], "size": [3, 3, 9], "uv": [0, 244]}
					],
					"locators": {
						"spark": [0, 17.5, -13.5]
					}
				},
				{
					"name": "left_leg",
					"parent": "root",
					"pivot": [4.5, 26.25, -4],
					"cubes": [
						{"origin": [4, 27, -4.25], "size": [34, 1, 1], "pivot": [7, 28, -4], "rotation": [-14.89149, 9.29798, -26.21777], "uv": [0, 159]},
						{"origin": [37.25, 26.5, -4.75], "size": [2, 2, 2], "pivot": [7, 28, -4], "rotation": [-14.89149, 9.29798, -26.21777], "uv": [0, 172]}
					]
				},
				{
					"name": "left_leg2",
					"parent": "left_leg",
					"pivot": [35, 41.25, -9],
					"cubes": [
						{"origin": [36, 41, -9.25], "size": [32, 1, 1], "pivot": [35, 41.5, -9], "rotation": [12.02501, 12.80911, 76.3547], "uv": [0, 159]},
						{"origin": [66, 40.5, -9.75], "size": [3, 2, 2], "pivot": [35, 41.5, -9], "rotation": [12.02501, 12.80911, 76.3547], "uv": [0, 207]},
						{"origin": [43.97925, 10.18851, -18.37009], "size": [4, 0, 2], "pivot": [43.47925, 10.93851, -16.17009], "rotation": [-45.47499, 12.80911, 76.3547], "uv": [-2, 188]},
						{"origin": [43.97925, 10.18851, -19.87009], "size": [4, 0, 2], "pivot": [43.47925, 10.93851, -16.17009], "rotation": [58.70619, 16.80293, 82.92275], "uv": [-2, 188]},
						{"origin": [43.97925, 11.93851, -19.12009], "size": [4, 0, 2], "pivot": [43.47925, 10.93851, -16.17009], "rotation": [-171.94183, 4.73622, 79.77868], "uv": [-2, 188]}
					]
				},
				{
					"name": "left_leg3",
					"parent": "left_leg2",
					"pivot": [42.74091, 9.3192, -16.40549],
					"cubes": [
						{"origin": [40.72981, 7.07012, -16.88205], "size": [10, 1, 1], "pivot": [43.22981, 7.82012, -16.63205], "rotation": [13.32207, 1.41777, 81.49371], "uv": [234, 0]}
					]
				},
				{
					"name": "hind_leg",
					"parent": "root",
					"pivot": [0.25, 26.25, 4.25],
					"rotation": [0, -90, 0],
					"cubes": [
						{"origin": [-0.5, 27, 4], "size": [34, 1, 1], "pivot": [2.5, 28, 4.25], "rotation": [0, 0, -27.5], "uv": [0, 159]},
						{"origin": [32.75, 26.5, 3.5], "size": [2, 2, 2], "pivot": [2.5, 28, 4.25], "rotation": [0, 0, -27.5], "uv": [0, 172]}
					]
				},
				{
					"name": "hind_leg2",
					"parent": "hind_leg",
					"pivot": [30.5, 42.25, 4.25],
					"cubes": [
						{"origin": [31.5, 42, 4], "size": [32, 1, 1], "pivot": [30.5, 42.5, 4.25], "rotation": [0, 0, 73.77007], "uv": [0, 159]},
						{"origin": [36.67607, 9.76844, 3.5076], "size": [3, 2, 2], "pivot": [39.43673, 10.67027, 4.56053], "rotation": [2.92701, 0.65044, 76.69972], "uv": [0, 207]},
						{"origin": [38.67607, 10.52129, 1.36905], "size": [4, 0, 2], "pivot": [39.43673, 10.67027, 4.56053], "rotation": [-42.69535, 4.33072, 73.31133], "uv": [-2, 188]},
						{"origin": [38.58226, 10.75816, 1.4905], "size": [4, 0, 2], "pivot": [39.43673, 10.67027, 4.56053], "rotation": [60.23879, 4.39364, 83.2063], "uv": [-2, 188]},
						{"origin": [38.58624, 10.61832, 1.55497], "size": [4, 0, 2], "pivot": [39.43673, 10.67027, 4.56053], "rotation": [-169.72136, -7.56587, 79.72353], "uv": [-2, 188]}
					]
				},
				{
					"name": "hind_leg3",
					"parent": "hind_leg2",
					"pivot": [39.49091, 10.3192, 4.44451],
					"cubes": [
						{"origin": [37.47981, 8.07012, 3.96795], "size": [10, 1, 1], "pivot": [39.97981, 8.82012, 4.21795], "rotation": [0, 0, 81.49371], "uv": [234, 0]}
					]
				},
				{
					"name": "right_leg",
					"parent": "root",
					"pivot": [-4.5, 26.25, -4],
					"cubes": [
						{"origin": [-38, 27, -4.25], "size": [34, 1, 1], "pivot": [-7, 28, -4], "rotation": [-14.89149, -9.29798, 26.21777], "uv": [0, 159], "mirror": true},
						{"origin": [-39.25, 26.5, -4.75], "size": [2, 2, 2], "pivot": [-7, 28, -4], "rotation": [-14.89149, -9.29798, 26.21777], "uv": [0, 172], "mirror": true}
					]
				},
				{
					"name": "right_leg2",
					"parent": "right_leg",
					"pivot": [-35, 41.25, -9],
					"cubes": [
						{"origin": [-68, 41, -9.25], "size": [32, 1, 1], "pivot": [-35, 41.5, -9], "rotation": [12.02501, -12.80911, -76.3547], "uv": [0, 159], "mirror": true},
						{"origin": [-69, 40.5, -9.75], "size": [3, 2, 2], "pivot": [-35, 41.5, -9], "rotation": [12.02501, -12.80911, -76.3547], "uv": [0, 207], "mirror": true},
						{"origin": [-47.97925, 10.18851, -18.37009], "size": [4, 0, 2], "pivot": [-43.47925, 10.93851, -16.17009], "rotation": [-45.47499, -12.80911, -76.3547], "uv": [-2, 188], "mirror": true},
						{"origin": [-47.97925, 10.18851, -19.87009], "size": [4, 0, 2], "pivot": [-43.47925, 10.93851, -16.17009], "rotation": [58.70619, -16.80293, -82.92275], "uv": [-2, 188], "mirror": true},
						{"origin": [-47.97925, 11.93851, -19.12009], "size": [4, 0, 2], "pivot": [-43.47925, 10.93851, -16.17009], "rotation": [-171.94183, -4.73622, -79.77868], "uv": [-2, 188], "mirror": true}
					]
				},
				{
					"name": "right_leg3",
					"parent": "right_leg2",
					"pivot": [-42.74091, 9.3192, -16.40549],
					"cubes": [
						{"origin": [-50.72981, 7.07012, -16.88205], "size": [10, 1, 1], "pivot": [-43.22981, 7.82012, -16.63205], "rotation": [13.32207, -1.41777, -81.49371], "uv": [234, 0], "mirror": true}
					]
				}
			]
		}
	]
}