{
	"format_version": "1.12.0",
	"minecraft:geometry": [
		{
			"description": {
				"identifier": "geometry.ic_skibidi_flamethrower",
				"texture_width": 256,
				"texture_height": 256,
				"visible_bounds_width": 4,
				"visible_bounds_height": 4.5,
				"visible_bounds_offset": [0, 1.75, 0]
			},
			"bones": [
				{
					"name": "toilet",
					"pivot": [0, 0, 0],
					"cubes": [
						{"origin": [-5, 6, -5], "size": [10, 7, 10], "uv": [0, 72]},
						{"origin": [-5, 3, -5], "size": [10, 7, 10], "inflate": 0.1, "uv": [0, 72]},
						{"origin": [-7, 13, -7], "size": [14, 3, 14], "uv": [0, 37]},
						{"origin": [-9, 15, -7.5], "size": [9, 3, 15], "pivot": [0, 25, 0], "rotation": [0, 0, -77.5], "uv": [0, 54]},
						{"origin": [0, 15, -7.5], "size": [9, 3, 15], "pivot": [0, 25, 0], "rotation": [0, 0, 77.5], "uv": [0, 54], "mirror": true},
						{"origin": [-7.5, 15, -9], "size": [15, 3, 9], "pivot": [0, 25, 0], "rotation": [77.5, 0, 0], "uv": [58, 23]},
						{"origin": [-7.5, 15, 0], "size": [15, 3, 9], "pivot": [0, 25, 0], "rotation": [-77.5, 0, 0], "uv": [58, 11]},
						{"origin": [-8, 21.16026, -9.29852], "size": [16, 4, 2], "pivot": [0, 23.16026, -8.29852], "rotation": [-90, 0, 0], "uv": [68, 0]},
						{"origin": [-8, 21.16026, 7.29852], "size": [16, 4, 2], "pivot": [0, 23.16026, 8.29852], "rotation": [90, 0, 0], "uv": [68, 0]},
						{"origin": [7.27352, 21.16026, -8], "size": [2, 4, 16], "pivot": [8.29852, 23.16026, 0], "rotation": [0, 0, -90], "uv": [24, 73]},
						{"origin": [-9.27352, 21.16026, -8], "size": [2, 4, 16], "pivot": [-8.29852, 23.16026, 0], "rotation": [0, 0, 90], "uv": [24, 73]}
					]
				},
				{
					"name": "lid1",
					"parent": "toilet",
					"pivot": [0, 25, 9],
					"cubes": [
						{"origin": [-8, 22.16026, -9.29852], "size": [16, 4, 1], "pivot": [0, 24.16026, -8.29852], "rotation": [-90, 0, 0], "uv": [97, 11]},
						{"origin": [-9.27352, 22.16026, -8], "size": [1, 4, 16], "pivot": [-8.29852, 24.16026, 0], "rotation": [0, 0, 90], "uv": [80, 57]},
						{"origin": [-8, 22.16026, 8.29852], "size": [16, 4, 1], "pivot": [0, 24.16026, 8.29852], "rotation": [90, 0, 0], "uv": [97, 11], "mirror": true},
						{"origin": [8.27352, 22.16026, -8], "size": [1, 4, 16], "pivot": [8.29852, 24.16026, 0], "rotation": [0, 0, -90], "uv": [80, 57]}
					]
				},
				{
					"name": "back",
					"parent": "toilet",
					"pivot": [0, 25, 11],
					"cubes": [
						{"origin": [-7, 24, 10], "size": [13, 18, 3], "uv": [121, 20]}
					]
				},
				{
					"name": "lid2",
					"parent": "toilet",
					"pivot": [0, 24, 10]
				},
				{
					"name": "flush",
					"parent": "toilet",
					"pivot": [0, 43, 13]
				},
				{
					"name": "neck",
					"parent": "toilet",
					"pivot": [0, 16, 5.675],
					"rotation": [15, 0, 0],
					"cubes": [
						{"origin": [-2.5, 13.34478, 1.52888], "size": [5, 10, 5], "pivot": [0, 19.49954, 0.84149], "rotation": [25, 0, 0], "uv": [77, 89]}
					]
				},
				{
					"name": "neck2",
					"parent": "neck",
					"pivot": [0, 23.55658, 1.98278],
					"rotation": [-27.5, 0, 0],
					"cubes": [
						{"origin": [-2.575, 20.72074, -2.62002], "size": [5, 10, 5], "pivot": [0, 27.87551, -3.30741], "rotation": [25, 0, 0], "uv": [56, 89]}
					]
				},
				{
					"name": "head",
					"parent": "neck2",
					"pivot": [0, 32.55658, -2.01722],
					"cubes": [
						{"origin": [-5, 30.55658, -7.01722], "size": [10, 11, 10], "pivot": [0, 33.55658, -2.01722], "rotation": [10, 0, 0], "uv": [0, 111]}
					]
				},
				{
					"name": "eyes",
					"parent": "head",
					"pivot": [0, 35.67209, -6.87575],
					"rotation": [10, 0, 0],
					"cubes": [
						{
							"origin": [-3.5, 34.79709, -7.87575],
							"size": [2.25, 1.75, 2],
							"uv": {
								"north": {"uv": [2, 43], "uv_size": [2, 2]},
								"east": {"uv": [0, 43], "uv_size": [2, 2]},
								"south": {"uv": [6, 43], "uv_size": [2, 2]},
								"west": {"uv": [4, 43], "uv_size": [2, 2]},
								"up": {"uv": [2, 41], "uv_size": [2, 2]},
								"down": {"uv": [4, 43], "uv_size": [2, -2]}
							}
						},
						{
							"origin": [1.25, 34.79709, -7.87575],
							"size": [2.25, 1.75, 2],
							"uv": {
								"north": {"uv": [4, 43], "uv_size": [-2, 2]},
								"east": {"uv": [6, 43], "uv_size": [-2, 2]},
								"south": {"uv": [8, 43], "uv_size": [-2, 2]},
								"west": {"uv": [2, 43], "uv_size": [-2, 2]},
								"up": {"uv": [4, 41], "uv_size": [-2, 2]},
								"down": {"uv": [6, 43], "uv_size": [-2, -2]}
							}
						}
					]
				},
				{
					"name": "pupils",
					"parent": "eyes",
					"pivot": [0, 35.67209, -6.87575]
				},
				{
					"name": "1",
					"parent": "pupils",
					"pivot": [0, 35.67209, -6.87575],
					"cubes": [
						{"origin": [-2.85, 35.17209, -8.12575], "size": [1, 1, 1], "uv": [0, 46]}
					]
				},
				{
					"name": "2",
					"parent": "pupils",
					"pivot": [0, 35.67209, -6.87575],
					"cubes": [
						{"origin": [1.85, 35.17209, -8.12575], "size": [1, 1, 1], "uv": [0, 46], "mirror": true}
					]
				},
				{
					"name": "mouth",
					"parent": "head",
					"pivot": [0, 32.58158, -1.99222],
					"cubes": [
						{
							"origin": [-4.975, 31.48158, -6.99222],
							"size": [9.9, 3.1, 4],
							"pivot": [0, 33.58158, -1.99222],
							"rotation": [10, 0, 0],
							"uv": {
								"north": {"uv": [46, 135], "uv_size": [10, 3]},
								"east": {"uv": [42, 135], "uv_size": [4, 3]},
								"south": {"uv": [60, 135], "uv_size": [10, 3]},
								"west": {"uv": [56, 135], "uv_size": [4, 3]},
								"up": {"uv": [46, 131], "uv_size": [10, 4]},
								"down": {"uv": [56, 135], "uv_size": [10, -4]}
							}
						},
						{
							"origin": [-5, 30.55658, -7.01722],
							"size": [10, 5, 5],
							"pivot": [0, 33.55658, -2.01722],
							"rotation": [10, 0, 0],
							"uv": {
								"north": {"uv": [47, 144], "uv_size": [10, 5]},
								"east": {"uv": [42, 144], "uv_size": [5, 5]},
								"south": {"uv": [62, 144], "uv_size": [10, 5]},
								"west": {"uv": [57, 144], "uv_size": [5, 5]},
								"up": {"uv": [47, 139], "uv_size": [10, 5]},
								"down": {"uv": [57, 144], "uv_size": [10, -5]}
							}
						}
					],
					"locators": {
						"fire_breath": {
							"offset": [-0.02822, 32.49215, -5.0836],
							"rotation": [9.65593, -0.07276, 1.77782]
						}
					}
				},
				{
					"name": "upper_mouth",
					"parent": "mouth",
					"pivot": [0, 32.58158, -1.99222],
					"cubes": [
						{
							"origin": [-4, 33.05658, -7.01722],
							"size": [8, 2, 0],
							"pivot": [0, 33.55658, -2.01722],
							"rotation": [10, 0, 0],
							"uv": {
								"north": {"uv": [0, 142], "uv_size": [8, 2]},
								"east": {"uv": [0, 142], "uv_size": [0, 2]},
								"south": {"uv": [8, 142], "uv_size": [8, 2]},
								"west": {"uv": [8, 142], "uv_size": [0, 2]},
								"up": {"uv": [0, 142], "uv_size": [8, 0]},
								"down": {"uv": [8, 142], "uv_size": [8, 0]}
							}
						}
					]
				},
				{
					"name": "lower_mouth2",
					"parent": "mouth",
					"pivot": [0, 32.58158, -1.99222],
					"cubes": [
						{
							"origin": [-4, 31.05658, -7.01722],
							"size": [8, 2, 0],
							"pivot": [0, 33.55658, -2.01722],
							"rotation": [10, 0, 0],
							"uv": {
								"north": {"uv": [0, 144], "uv_size": [8, -2]},
								"east": {"uv": [0, 142], "uv_size": [0, 2]},
								"south": {"uv": [8, 142], "uv_size": [8, 2]},
								"west": {"uv": [8, 142], "uv_size": [0, 2]},
								"up": {"uv": [0, 142], "uv_size": [8, 0]},
								"down": {"uv": [8, 142], "uv_size": [8, 0]}
							}
						}
					]
				},
				{
					"name": "teeth",
					"parent": "head",
					"pivot": [0, 32.55658, -3.01722]
				},
				{
					"name": "upper",
					"parent": "teeth",
					"pivot": [0, 33.05658, -2.01722],
					"cubes": [
						{"origin": [-3, 32.86015, -6.2625], "size": [6, 2, 4], "pivot": [0, 33.86015, -4.2625], "rotation": [-170, 0, 0], "uv": [35, 56]}
					]
				},
				{
					"name": "lower",
					"parent": "teeth",
					"pivot": [0, 33.20658, -2.01722],
					"cubes": [
						{"origin": [-3, 30.89053, -5.9152], "size": [6, 2, 4], "pivot": [0, 31.89053, -3.9152], "rotation": [170, 0, 180], "uv": [35, 56]}
					]
				},
				{
					"name": "shield_front",
					"parent": "head",
					"pivot": [0.5, 13.5, -5.75],
					"rotation": [89.99999, -82.5, -89.99999],
					"cubes": [
						{"origin": [0.5, 35.5, -10.75], "size": [6, 1, 1], "uv": [151, 0], "mirror": true},
						{"origin": [-0.4, 34.75, -10.75], "size": [1, 3, 11], "inflate": -0.1, "pivot": [5.5, 36.5, -5.25], "rotation": [0, 0, -12.5], "uv": [163, 46], "mirror": true},
						{"origin": [0, 36.18795, -10.75], "size": [1, 5, 11], "pivot": [0.50389, 40.68795, -4.75], "rotation": [0, 0, 7.5], "uv": [163, 43], "mirror": true},
						{"origin": [0.5, 35.5, -0.75], "size": [6, 1, 1], "uv": [151, 0], "mirror": true}
					]
				},
				{
					"name": "wheel_left",
					"parent": "toilet",
					"pivot": [6, 8, 0],
					"cubes": [
						{"origin": [5, 7, -1], "size": [2, 3, 2], "uv": [248, 0]},
						{"origin": [10.5, 8.75, 4], "size": [2, 3, 2], "pivot": [6, 8, 0], "rotation": [0, 0, 90], "uv": [248, 0]},
						{"origin": [12, 9.25, 8], "size": [2, 3, 2], "pivot": [6, 8, 0], "rotation": [0, 0, 90], "uv": [248, 0]},
						{"origin": [12, 9.25, -1], "size": [2, 3, 2], "pivot": [6, 8, 0], "rotation": [0, 0, 90], "uv": [248, 0]},
						{"origin": [12, 9.25, -10], "size": [2, 3, 2], "pivot": [6, 8, 0], "rotation": [0, 0, 90], "uv": [248, 0]},
						{"origin": [6.75, 3.5, -7], "size": [4, 9, 14], "uv": [178, 0]},
						{"origin": [6.75, 2.75, -11], "size": [4, 9, 14], "inflate": -0.2, "uv": [178, 0]},
						{"origin": [6.75, 2.75, -3], "size": [4, 9, 14], "inflate": -0.2, "uv": [178, 0]},
						{"origin": [6.25, 1, -7.5], "size": [5, 3, 15], "uv": [199, 21]},
						{"origin": [6.25, 1, -11.5], "size": [5, 3, 15], "inflate": -0.2, "uv": [199, 21]},
						{"origin": [6.25, 1, -3.5], "size": [5, 3, 15], "inflate": -0.2, "uv": [199, 21]}
					]
				},
				{
					"name": "wheel_right",
					"parent": "toilet",
					"pivot": [-6, 8, 0],
					"cubes": [
						{"origin": [-7, 7, -1], "size": [2, 3, 2], "uv": [248, 0], "mirror": true},
						{"origin": [-12.5, 8.75, 4], "size": [2, 3, 2], "pivot": [-6, 8, 0], "rotation": [0, 0, -90], "uv": [248, 0], "mirror": true},
						{"origin": [-14, 9.25, 8], "size": [2, 3, 2], "pivot": [-6, 8, 0], "rotation": [0, 0, -90], "uv": [248, 0], "mirror": true},
						{"origin": [-14, 9.25, -1], "size": [2, 3, 2], "pivot": [-6, 8, 0], "rotation": [0, 0, -90], "uv": [248, 0], "mirror": true},
						{"origin": [-14, 9.25, -10], "size": [2, 3, 2], "pivot": [-6, 8, 0], "rotation": [0, 0, -90], "uv": [248, 0], "mirror": true},
						{"origin": [-10.75, 3.5, -7], "size": [4, 9, 14], "uv": [178, 0], "mirror": true},
						{"origin": [-10.75, 2.75, -11], "size": [4, 9, 14], "inflate": -0.2, "uv": [178, 0], "mirror": true},
						{"origin": [-10.75, 2.75, -3], "size": [4, 9, 14], "inflate": -0.2, "uv": [178, 0], "mirror": true},
						{"origin": [-11.25, 1, -7.5], "size": [5, 3, 15], "uv": [199, 21], "mirror": true},
						{"origin": [-11.25, 1, -11.5], "size": [5, 3, 15], "inflate": -0.2, "uv": [199, 21], "mirror": true},
						{"origin": [-11.25, 1, -3.5], "size": [5, 3, 15], "inflate": -0.2, "uv": [199, 21], "mirror": true}
					]
				}
			]
		}
	]
}