{
  "format_version": "1.8.0",
  "minecraft:entity": {
    "description": {
      "identifier": "set:truckbox",
      "is_spawnable": true,
      "is_summonable": true,
      "is_experimental": false
    },
    "component_groups": {},
    "components": {
      "minecraft:type_family": {
        "family": [
          "car"
        ]
      },
      "minecraft:health": {
        "value": 1,
        "max": 1
      },
      "minecraft:behavior.float": {
        "priority": 0
      },
      "minecraft:push_through": {
        "priority": 1
      },
      "minecraft:underwater_movement": {
        "value": 0.05
      },
      "minecraft:navigation.walk": {
        "is_amphibious": true,
        "avoid_water": false,
        "can_sink": false,
        "can_path_over_water": true
      },
      "minecraft:movement.basic": {},
      "minecraft:movement": {
        "value": 0.25
      },
      "minecraft:jump.static": {},
      "minecraft:floats_in_liquid": {},
      "minecraft:balloonable": {},
      "minecraft:rideable": {
        "seat_count": 1,
        "interact_text": "Drive",
        "family_types": [
          "player",
          "villager",
          "mob"
        ],
        "pull_in_entities": true,
        "seats": [
          {
            "position": [
              -0.9,
              1.1,
              0.4
            ],
            "min_rider_count": 0,
            "max_rider_count": 1
          }
        ]
      },
      "minecraft:knockback_resistance": {
        "value": 200.0,
        "max": 200.0
      },
      "minecraft:input_ground_controlled": {},
      "minecraft:behavior.controlled_by_player": {
        "priority": 0
      },
      "minecraft:fall_damage": {
        "value": 0
      },
      "minecraft:scale": {
        "value": 1
      },
      "minecraft:loot": {},
      "minecraft:collision_box": {
        "height": 2.0,
        "width": 2.0
      },
      "minecraft:pushable": {
        "is_pushable": false,
        "is_pushable_by_piston": true
      },
      "minecraft:interact": [],
      "minecraft:physics": {},
      "minecraft:experience_reward": {
        "on_death": "query.last_hit_by_player ? 10 : 0"
      },
      "minecraft:addrider": {},
      "minecraft:trade_table": {
        "display_name": "entity.set:truckbox.name",
        "table": "trades/entities/set_truckbox_trades.json",
        "new_screen": true
      },
      "minecraft:behavior.trade_with_player": {
        "priority": 1
      },
      "minecraft:behavior.look_at_trading_player": {
        "priority": 2
      }
    },
    "events": {
      "on:death": {
        "run_command": {
          "command": []
        }
      },
      "on:hurt": {
        "run_command": {
          "command": []
        }
      },
      "on:hurt_by_player": {
        "run_command": {
          "command": []
        }
      },
      "on:ignite": {
        "run_command": {
          "command": []
        }
      },
      "on:target_acquired": {
        "run_command": {
          "command": []
        }
      },
      "on:target_escape": {
        "run_command": {
          "command": []
        }
      },
      "on:wake_with_owner": {
        "run_command": {
          "command": []
        }
      }
    }
  }
}