{
	"resource_pack_name": "MoreDynamite",
	"texture_name": "atlas.items",
	"texture_data": {
		"bb_tnt_dynamite": {
			"textures": "textures/items/tnt_dynamite_item"
		},
		"bb_blow_dynamite": {
			"textures": "textures/items/blow_dynamite_item"
		},
		"bb_chase_dynamite": {
			"textures": "textures/items/chase_dynamite_item"
		},
		"bb_color_dynamite": {
			"textures": "textures/items/color_dynamite_item"
		},
		"bb_creeper_dynamite": {
			"textures": "textures/items/creeper_dynamite_item"
		},
		"bb_drill_dynamite": {
			"textures": "textures/items/drill_dynamite_item"
		},
		"bb_end_dynamite": {
			"textures": "textures/items/end_dynamite_item"
		},
		"bb_fire_dynamite": {
			"textures": "textures/items/fire_dynamite_item"
		},
		"bb_flash_dynamite": {
			"textures": "textures/items/flash_dynamite_item"
		},
		"bb_float_dynamite": {
			"textures": "textures/items/float_dynamite_item"
		},
		"bb_gas_dynamite": {
			"textures": "textures/items/gas_dynamite_item"
		},
		"bb_lava_dynamite": {
			"textures": "textures/items/lava_dynamite_item"
		},
		"bb_mine_dynamite": {
			"textures": "textures/items/mine_dynamite_item"
		},
		"bb_nether_dynamite": {
			"textures": "textures/items/nether_dynamite_item"
		},
		"bb_noise_dynamite": {
			"textures": "textures/items/noise_dynamite_item"
		},
		"bb_overworld_dynamite": {
			"textures": "textures/items/overworld_dynamite_item"
		},
		"bb_split_dynamite": {
			"textures": "textures/items/split_dynamite_item"
		},
		"bb_thunder_dynamite": {
			"textures": "textures/items/thunder_dynamite_item"
		},
		"bb_warp_dynamite": {
			"textures": "textures/items/warp_dynamite_item"
		},
		"bb_water_dynamite": {
			"textures": "textures/items/water_dynamite_item"
		},
		"bb_web_dynamite": {
			"textures": "textures/items/web_dynamite_item"
		},
		"bb_tnt_9_dynamite": {
			"textures": "textures/items/tnt_9_dynamite_item"
		},
		"bb_tnt_81_dynamite": {
			"textures": "textures/items/tnt_81_dynamite_item"
		},
		"bb_tnt_729_dynamite": {
			"textures": "textures/items/tnt_729_dynamite_item"
		},
		"bb_tnt_6561_dynamite": {
			"textures": "textures/items/tnt_6561_dynamite_item"
		}
	}
}