{
  "format_version": "1.13.0",
  "minecraft:entity": {
    "description": {
      "identifier": "dylothv2:lpink",
      "is_spawnable": true,
      "is_summonable": true,
      "is_experimental": false
    },
    "components": {
      "minecraft:type_family": {
        "family": [
          "dylothv2"
        ]
      },
      "minecraft:health": {
        "value": 1,
        "max": 1
      },
      "minecraft:navigation.walk": {},
      "minecraft:movement.basic": {},
      "minecraft:movement": {
        "value": 0,
        "max": 0
      },
      "minecraft:knockback_resistance": {
        "value": 100,
        "max": 100
      },
      "minecraft:push_through": {
        "value": 8
      },
      "minecraft:fall_damage": {
        "value": 0.0
      },
      "minecraft:scale": {
        "value": 0.8
      },
      "minecraft:loot": {},
      "minecraft:collision_box": {
        "width": 0.6,
        "height": 0.4
      }
    }
  }
}