{
  "format_version": "1.8.0",
  "minecraft:client_entity": {
    "description": {
      "identifier": "moretnt:nuke",
      "materials": {
        "default": "translucence"
      },
      "textures": {
        "default": "textures/entity/pamobile/moretnt_nuke"
      },
      "geometry": {
        "default": "geometry.patnt"
      },
      "spawn_egg": {
        "texture": "moretnt:nuke",
        "texture_index": 0
      },
      "render_controllers": [
        "controller.render.translucence"
      ]
    }
  }
}