{
	"format_version": "1.10.0",
	"minecraft:client_entity": {
		"description": {
			"identifier": "bb:lava_dynamite_projectile",
			"materials": {
				"default": "snowball"
			},
			"textures": {
				"default": "textures/items/lava_dynamite_item",
				"white_flash": "textures/items/white_dynamite_item"
			},
			"geometry": {
				"default": "geometry.item_sprite"
			},
			"render_controllers": [
				"controller.render.dynamite",
				"controller.render.item_sprite"
			],
			"animations": {
				"flying": "animation.actor.billboard"
			},
			"scripts": {
				"animate": [
					"flying"
				]
			}
		}
	}
}