{
	"num_mip_levels": 4,
	"padding": 8,
	"resource_pack_name": "Sanrio Plushies (Bedrock)",
	"texture_name": "atlas.terrain",
	"texture_data": {
		"SP_cinnamorollplush": {
			"textures": "textures/blocks/cinnamorollplush"
		},
		"SP_mymelodyplush": {
			"textures": "textures/blocks/mymelodyplush"
		},
		"SP_keroppiplush": {
			"textures": "textures/blocks/keroppiplush"
		},
		"SP_chococatplush": {
			"textures": "textures/blocks/chococatplush"
		},
		"SP_hellokittyplush": {
			"textures": "textures/blocks/hellokittyplush"
		},
		"SP_aggretsukoplush": {
			"textures": "textures/blocks/aggretsukoplush"
		},
		"SP_kuromiplush": {
			"textures": "textures/blocks/kuromiplush"
		},
		"SP_momousaplush": {
			"textures": "textures/blocks/momousaplush"
		},
		"SP_pompompurinplush": {
			"textures": "textures/blocks/pompompurinplush"
		},
		"SP_tuxedosamplush": {
			"textures": "textures/blocks/tuxedosamplush"
		}
	}
}