{
  "format_version": "1.16.100",
  "minecraft:item": {
    "description": {
      "identifier": "mcpe:bread10",
      "category": "items"
    },
    "components": {
      "minecraft:hand_equipped": false,
      "minecraft:max_stack_size": 13,
      "minecraft:foil": false,
      "minecraft:food": {
        "saturation_modifier": "normal",
        "nutrition": 14,
        "can_always_eat": false,
        "on_consume": {
          "event": "on_consume_effects",
          "target": "self"
        }
      },
      "minecraft:use_duration": 1,
      "minecraft:use_animation": "drink",
      "minecraft:cooldown": {
        "category": "action_cooldown",
        "duration": 32
      },
      "minecraft:icon": {
        "texture": "mcpe:bread10"
      },
      "minecraft:render_offsets": {
        "main_hand": {
          "third_person": {
            "scale": [
              0.003125,
              0.003125,
              0.003125
            ]
          },
          "first_person": {
            "scale": [
              0.0011874999999992876,
              0.0011874999999992876,
              0.0011874999999992876
            ]
          }
        },
        "off_hand": {
          "third_person": {
            "scale": [
              0.003125,
              0.003125,
              0.003125
            ]
          },
          "first_person": {
            "scale": [
              0.0011874999999992876,
              0.0011874999999992876,
              0.0011874999999992876
            ]
          }
        }
      }
    }
  }
}