{"format_version":"1.10.0","minecraft:client_entity":{"description":{"identifier":"yg:big_speaker_man","materials":{"default":"witch"},"textures":{"default":"textures/entity/speaker/yg_big_speaker_man"},"geometry":{"default":"geometry.yg_big_speaker_man"},"scripts":{"animate":["move","general"],"pre_animation":["variable.random = math.round(math.random(0,2));"]},"animations":{"moving":"animation.yg_big_speaker_man.move","move":"controller.animation.yg_big_speaker_man.move","gazo_general":"animation.yg_big_speaker_man.general","general":"controller.animation.yg_big_speaker_man.general","roar":"animation.yg_big_speaker_man.roar","attack0":"animation.yg_big_speaker_man.attack","attack1":"animation.yg_big_speaker_man.attack2","attack2":"animation.yg_big_speaker_man.attack3","look_at_target":"animation.yg_big_speaker_man.looking"},"render_controllers":["controller.render.witch"],"spawn_egg":{"texture":"yg:big_speaker_man","texture_index":0}}}}