{"format_version":"1.10.0","minecraft:client_entity":{"description":{"identifier":"yg:helicopter_speaker","materials":{"default":"witch"},"textures":{"default":"textures/entity/speaker/yg_helicopter_speaker"},"geometry":{"default":"geometry.yg_helicopter_speaker"},"scripts":{"animate":["general"],"pre_animation":["variable.random = math.round(math.random(0,2));"],"scale":"3"},"animations":{"gazo_general":"animation.yg_helicopter_speaker.general","general":"controller.animation.yg_helicopter_speaker.general","general2":"animation.yg_helicopter_speaker.general2"},"render_controllers":["controller.render.witch"],"spawn_egg":{"texture":"yg:helicopter_speaker","texture_index":0}}}}