{"format_version":"1.10.0","minecraft:client_entity":{"description":{"identifier":"yg:infected_speaker_man","materials":{"default":"witch"},"textures":{"default":"textures/entity/speaker/speaker_man/yg_speaker_man","black":"textures/entity/speaker/speaker_man/yg_speaker_man_black","brown":"textures/entity/speaker/speaker_man/yg_speaker_man_brown","blue":"textures/entity/speaker/speaker_man/yg_speaker_man_blue"},"geometry":{"default":"geometry.yg_infected_speaker_man"},"scripts":{"animate":["move","general"],"pre_animation":["variable.random = math.round(math.random(0,2));"]},"animations":{"moving":"animation.yg_infected_speaker_man.move","move":"controller.animation.yg_infected_speaker_man.move","gazo_general":"animation.yg_infected_speaker_man.general","general":"controller.animation.yg_infected_speaker_man.general","attack0":"animation.yg_infected_speaker_man.attack","attack1":"animation.yg_infected_speaker_man.attack2","attack2":"animation.yg_infected_speaker_man.attack3","look_at_target":"animation.yg_infected_speaker_man.looking"},"render_controllers":["controller.render.yg_speaker_man"],"spawn_egg":{"texture":"yg:speaker_man","texture_index":0},"particle_effects":{"infection":"yg:infection"}}}}