{"format_version":"1.10.0","minecraft:client_entity":{"description":{"identifier":"yg:infected_titan_speaker_man","materials":{"default":"enderman"},"textures":{"default":"textures/entity/speaker/titan_speaker/yg_infected_titan_speaker_man"},"geometry":{"default":"geometry.yg_infected_titan_speaker_man"},"scripts":{"animate":["move","general"],"pre_animation":["variable.random = math.round(math.random(0,2));"],"scale":"4"},"animations":{"moving":"animation.yg_infected_titan_speaker_man.move","move":"controller.animation.yg_infected_titan_speaker_man.move","gazo_general":"animation.yg_infected_titan_speaker_man.general","general":"controller.animation.yg_infected_titan_speaker_man.general","roar":"animation.yg_infected_titan_speaker_man.roar","shooting":"animation.yg_infected_titan_speaker_man.shooting","attack0":"animation.yg_infected_titan_speaker_man.attack","attack1":"animation.yg_infected_titan_speaker_man.attack2","attack2":"animation.yg_infected_titan_speaker_man.attack3","look_at_target":"animation.yg_infected_titan_speaker_man.looking"},"render_controllers":["controller.render.witch"],"spawn_egg":{"texture":"yg:titan_speaker_man","texture_index":0},"particle_effects":{"infection":"yg:infection"}}}}