{"format_version":"1.10.0","minecraft:client_entity":{"description":{"identifier":"yg:spider_speaker","materials":{"default":"witch"},"textures":{"default":"textures/entity/speaker/yg_spider_speaker"},"geometry":{"default":"geometry.yg_spider_speaker"},"scripts":{"animate":["move","general"],"pre_animation":["variable.random = math.round(math.random(0,2));"],"scale":"3"},"animations":{"moving":"animation.yg_spider_speaker.move","move":"controller.animation.yg_spider_speaker.move","gazo_general":"animation.yg_spider_speaker.general","general":"controller.animation.yg_spider_speaker.general"},"render_controllers":["controller.render.witch"],"spawn_egg":{"texture":"yg:spider_speaker","texture_index":0}}}}