{"format_version":"1.10.0","minecraft:client_entity":{"description":{"identifier":"yg:titan_speaker_man_2","materials":{"default":"enderman"},"textures":{"default":"textures/entity/speaker/titan_speaker/yg_titan_speaker_man_2"},"geometry":{"default":"geometry.yg_titan_speaker_man_2"},"scripts":{"animate":["move","general"],"pre_animation":["variable.random = math.round(math.random(0,2));"],"scale":"4"},"animations":{"moving":"animation.yg_titan_speaker_man_2.move","move":"controller.animation.yg_titan_speaker_man_2.move","gazo_general":"animation.yg_titan_speaker_man_2.general","general":"controller.animation.yg_titan_speaker_man_2.general","roar":"animation.yg_titan_speaker_man_2.roar","shooting":"animation.yg_titan_speaker_man_2.shooting","attack0":"animation.yg_titan_speaker_man_2.attack","attack1":"animation.yg_titan_speaker_man_2.attack2","attack2":"animation.yg_titan_speaker_man_2.attack3","look_at_target":"animation.yg_titan_speaker_man_2.looking"},"render_controllers":["controller.render.witch"],"spawn_egg":{"texture":"yg:titan_speaker_man","texture_index":0}}}}