{
  "format_version": "1.10.0",
  "minecraft:client_entity": {
    "description": {
      "identifier": "morph:fireball",
      "materials": {
        "default": "fireball"
      },
      "textures": {
        "default": "textures/items/fireball"
      },
      "geometry": {
        "default": "geometry.fireball"
      },
      "animations": {
        "face_player": "animation.actor.billboard"
      },
      "scripts": {
        "scale": "2.0",
        "animate": [
          "face_player"
        ]
      },
      "render_controllers": [ "controller.render.fireball" ]
    }
  }
}
