{
	"format_version": "1.10.0",
	"particle_effect": {
		"description": {
			"identifier": "j:tokyu_juryoku",
			"basic_render_parameters": {
				"material": "particles_blend",
				"texture": "textures/particle/tokyu_juryoku"
			}
		},
		"components": {
			"minecraft:emitter_local_space": {
				"position": true,
				"rotation": false
			},
			"minecraft:emitter_rate_steady": {
				"spawn_rate": 10,
				"max_particles": 100
			},
			"minecraft:emitter_lifetime_once": {
				"active_time": 0.5
			},
			"minecraft:emitter_shape_point": {
				"offset": [0, -0.2, 0]
			},
			"minecraft:particle_lifetime_expression": {
				"max_lifetime": 0.5
			},
			"minecraft:particle_initial_speed": 0.4,
			"minecraft:particle_motion_dynamic": {
				"linear_drag_coefficient": 3
			},
			"minecraft:particle_appearance_billboard": {
				"size": [0.4, 0.4],
				"facing_camera_mode": "rotate_xyz",
				"uv": {
					"texture_width": 3,
					"texture_height": 1,
					"flipbook": {
						"base_UV": [0, 0],
						"size_UV": [1, 1],
						"step_UV": [1, 0],
						"frames_per_second": 10,
						"max_frame": 3,
						"loop": true
					}
				}
			},
			"minecraft:particle_appearance_tinting": {
				"color": [1, 1, 0.3, 0.15]
			}
		}
	}
}