{
	"format_version": "1.10.0",
	"particle_effect": {
		"description": {
			"identifier": "j:tokyu_beam2",
			"basic_render_parameters": {
				"material": "particles_blend",
				"texture": "textures/particle/particles"
			}
		},
		"components": {
			"minecraft:emitter_rate_steady": {
				"spawn_rate": 60,
				"max_particles": 100
			},
			"minecraft:emitter_lifetime_looping": {
				"active_time": 1
			},
			"minecraft:emitter_shape_sphere": {
				"radius": 1.5,
				"direction": ["15*Math.random(-1,1)", "15*Math.random(-1,1)", "15*Math.random(-1,1)"]
			},
			"minecraft:particle_lifetime_expression": {
				"max_lifetime": "0.25+0.25*v.particle_random_4"
			},
			"minecraft:particle_initial_speed": 3,
			"minecraft:particle_motion_dynamic": {},
			"minecraft:particle_appearance_billboard": {
				"size": ["0.1+0.25*v.particle_random_1", "0.1+0.25*v.particle_random_1"],
				"facing_camera_mode": "rotate_xyz",
				"uv": {
					"texture_width": 16,
					"texture_height": 16,
					"flipbook": {
						"base_UV": [0, 0],
						"size_UV": [1, 1],
						"step_UV": [1, 0],
						"frames_per_second": 8,
						"max_frame": 8,
						"loop": true
					}
				}
			},
			"minecraft:particle_appearance_tinting": {
				"color": ["0.8+0.2*v.particle_random_2", "0.8+0.2*v.particle_random_2", "0.8+0.2*v.particle_random_2", "1-v.particle_age*2"]
			}
		}
	}
}