{
  "format_version": "1.12.0",
  "minecraft:geometry": [
    {
      "description": {
        "identifier": "geometry.c_cameramen",
        "texture_width": 128,
        "texture_height": 128,
        "visible_bounds_width": 3,
        "visible_bounds_height": 3.5,
        "visible_bounds_offset": [
          0,
          1.25,
          0
        ]
      },
      "bones": [
        {
          "name": "bb_main",
          "pivot": [
            0,
            0,
            0
          ]
        },
        {
          "name": "Head",
          "pivot": [
            0,
            24,
            0
          ],
          "cubes": [
            {
              "origin": [
                -3,
                25,
                -8
              ],
              "size": [
                6,
                6,
                11
              ],
              "uv": [
                0,
                0
              ]
            },
            {
              "origin": [
                -3,
                30,
                -13
              ],
              "size": [
                6,
                1,
                5
              ],
              "uv": [
                23,
                0
              ]
            },
            {
              "origin": [
                -3,
                27.5,
                -11
              ],
              "size": [
                1,
                3.6,
                5.5
              ],
              "pivot": [
                -3,
                30,
                -10
              ],
              "rotation": [
                -35,
                0,
                0
              ],
              "uv": [
                44,
                52
              ]
            },
            {
              "origin": [
                2,
                27.5,
                -11
              ],
              "size": [
                1,
                3.6,
                5.5
              ],
              "pivot": [
                3,
                30,
                -10
              ],
              "rotation": [
                -35,
                0,
                0
              ],
              "uv": [
                32,
                52
              ]
            },
            {
              "origin": [
                -4,
                23,
                -7
              ],
              "size": [
                4,
                4,
                5
              ],
              "uv": [
                32,
                33
              ]
            },
            {
              "origin": [
                -1,
                24,
                -1
              ],
              "size": [
                2,
                1,
                2
              ],
              "uv": [
                20,
                17
              ]
            }
          ]
        },
        {
          "name": "Body",
          "pivot": [
            0,
            24,
            0
          ],
          "cubes": [
            {
              "origin": [
                -4,
                12,
                -2
              ],
              "size": [
                8,
                12,
                4
              ],
              "uv": [
                24,
                17
              ]
            }
          ]
        },
        {
          "name": "bone",
          "parent": "Body",
          "pivot": [
            0,
            25,
            0
          ],
          "rotation": [
            7.5,
            0,
            0
          ],
          "cubes": [
            {
              "origin": [
                -4,
                12,
                -2
              ],
              "size": [
                8,
                12,
                4
              ],
              "inflate": 0.35,
              "uv": [
                0,
                17
              ]
            },
            {
              "origin": [
                -8,
                4,
                -2
              ],
              "size": [
                4,
                8,
                4
              ],
              "inflate": 0.35,
              "pivot": [
                0,
                0,
                0
              ],
              "rotation": [
                0,
                0,
                17.5
              ],
              "uv": [
                16,
                33
              ]
            },
            {
              "origin": [
                4,
                4,
                -2
              ],
              "size": [
                4,
                8,
                4
              ],
              "inflate": 0.35,
              "pivot": [
                0,
                0,
                0
              ],
              "rotation": [
                0,
                0,
                -17.5
              ],
              "uv": [
                0,
                33
              ]
            }
          ]
        },
        {
          "name": "RightArm",
          "pivot": [
            -5,
            22,
            0
          ],
          "cubes": [
            {
              "origin": [
                -8,
                18,
                -2
              ],
              "size": [
                4,
                6,
                4
              ],
              "uv": [
                48,
                22
              ]
            }
          ]
        },
        {
          "name": "bone3",
          "parent": "RightArm",
          "pivot": [
            -6,
            18,
            0
          ],
          "cubes": [
            {
              "origin": [
                -8,
                10,
                -1
              ],
              "size": [
                1,
                2,
                3
              ],
              "uv": [
                0,
                5
              ]
            },
            {
              "origin": [
                -8,
                11,
                -2
              ],
              "size": [
                1,
                1,
                1
              ],
              "uv": [
                0,
                17
              ]
            },
            {
              "origin": [
                -5,
                11,
                -2
              ],
              "size": [
                1,
                1,
                1
              ],
              "uv": [
                5,
                0
              ]
            },
            {
              "origin": [
                -8,
                12,
                -2
              ],
              "size": [
                4,
                6,
                4
              ],
              "uv": [
                44,
                42
              ]
            },
            {
              "origin": [
                -8,
                13,
                -2
              ],
              "size": [
                4,
                1,
                4
              ],
              "inflate": 0.25,
              "uv": [
                50,
                37
              ]
            }
          ]
        },
        {
          "name": "LeftArm",
          "pivot": [
            5,
            22,
            0
          ],
          "cubes": [
            {
              "origin": [
                4,
                18,
                -2
              ],
              "size": [
                4,
                6,
                4
              ],
              "uv": [
                16,
                48
              ]
            }
          ]
        },
        {
          "name": "bone2",
          "parent": "LeftArm",
          "pivot": [
            6,
            18,
            0
          ],
          "cubes": [
            {
              "origin": [
                4,
                12,
                -2
              ],
              "size": [
                4,
                6,
                4
              ],
              "uv": [
                0,
                45
              ]
            },
            {
              "origin": [
                7,
                11,
                -2
              ],
              "size": [
                1,
                1,
                1
              ],
              "uv": [
                7,
                9
              ]
            },
            {
              "origin": [
                7,
                10,
                -1
              ],
              "size": [
                1,
                2,
                3
              ],
              "uv": [
                0,
                0
              ]
            },
            {
              "origin": [
                4,
                11,
                -2
              ],
              "size": [
                1,
                1,
                1
              ],
              "uv": [
                5,
                5
              ]
            },
            {
              "origin": [
                4,
                13,
                -2
              ],
              "size": [
                4,
                1,
                4
              ],
              "inflate": 0.25,
              "uv": [
                45,
                32
              ]
            }
          ]
        },
        {
          "name": "RightLeg",
          "pivot": [
            -1.9,
            12,
            0
          ],
          "cubes": [
            {
              "origin": [
                -3.9,
                6,
                -2
              ],
              "size": [
                4,
                6,
                4
              ],
              "uv": [
                48,
                12
              ]
            }
          ]
        },
        {
          "name": "bone5",
          "parent": "RightLeg",
          "pivot": [
            -2,
            6,
            0
          ],
          "cubes": [
            {
              "origin": [
                -3.9,
                0,
                -3
              ],
              "size": [
                4,
                1,
                1
              ],
              "uv": [
                23,
                6
              ]
            },
            {
              "origin": [
                -3.9,
                0,
                -2
              ],
              "size": [
                4,
                6,
                4
              ],
              "uv": [
                34,
                6
              ]
            }
          ]
        },
        {
          "name": "LeftLeg",
          "pivot": [
            1.9,
            12,
            0
          ],
          "cubes": [
            {
              "origin": [
                -0.1,
                6,
                -2
              ],
              "size": [
                4,
                6,
                4
              ],
              "uv": [
                46,
                0
              ]
            }
          ]
        },
        {
          "name": "bone4",
          "parent": "LeftLeg",
          "pivot": [
            2,
            6,
            0
          ],
          "cubes": [
            {
              "origin": [
                -0.1,
                0,
                -2
              ],
              "size": [
                4,
                6,
                4
              ],
              "uv": [
                28,
                42
              ]
            },
            {
              "origin": [
                -0.1,
                0,
                -3
              ],
              "size": [
                4,
                1,
                1
              ],
              "uv": [
                23,
                8
              ]
            }
          ]
        }
      ]
    }
  ]
}