{
  "format_version": "1.12.0",
  "minecraft:geometry": [
    {
      "description": {
        "identifier": "geometry.st_toilet",
        "texture_width": 128,
        "texture_height": 128,
        "visible_bounds_width": 3,
        "visible_bounds_height": 3.5,
        "visible_bounds_offset": [
          0,
          1.25,
          0
        ]
      },
      "bones": [
        {
          "name": "Head",
          "pivot": [
            0,
            24,
            0
          ]
        },
        {
          "name": "bone5",
          "parent": "Head",
          "pivot": [
            0,
            8,
            0
          ]
        },
        {
          "name": "bone6",
          "parent": "bone5",
          "pivot": [
            0,
            9,
            0
          ]
        },
        {
          "name": "bone4",
          "parent": "bone6",
          "pivot": [
            0,
            15,
            -1
          ],
          "cubes": [
            {
              "origin": [
                -1,
                21,
                -5
              ],
              "size": [
                2,
                1,
                1.5
              ],
              "uv": [
                8,
                11
              ]
            },
            {
              "origin": [
                -1,
                20,
                -9
              ],
              "size": [
                2,
                3,
                2
              ],
              "pivot": [
                0,
                -1,
                1
              ],
              "rotation": [
                -10,
                0,
                0
              ],
              "uv": [
                0,
                16
              ]
            },
            {
              "origin": [
                -3,
                16,
                -4
              ],
              "size": [
                6,
                5,
                6
              ],
              "uv": [
                64,
                4
              ]
            },
            {
              "origin": [
                -5,
                16,
                -4.1
              ],
              "size": [
                10,
                5,
                0
              ],
              "uv": {
                "north": {
                  "uv": [
                    25,
                    94
                  ],
                  "uv_size": [
                    40,
                    34
                  ]
                },
                "east": {
                  "uv": [
                    25,
                    94
                  ],
                  "uv_size": [
                    0,
                    34
                  ]
                },
                "south": {
                  "uv": [
                    65,
                    94
                  ],
                  "uv_size": [
                    40,
                    34
                  ]
                },
                "west": {
                  "uv": [
                    65,
                    94
                  ],
                  "uv_size": [
                    0,
                    34
                  ]
                },
                "up": {
                  "uv": [
                    25,
                    94
                  ],
                  "uv_size": [
                    40,
                    0
                  ]
                },
                "down": {
                  "uv": [
                    65,
                    94
                  ],
                  "uv_size": [
                    40,
                    0
                  ]
                }
              }
            },
            {
              "origin": [
                -3,
                24,
                -4
              ],
              "size": [
                6,
                3,
                6
              ],
              "uv": [
                64,
                26
              ]
            },
            {
              "origin": [
                -9,
                19,
                -4
              ],
              "size": [
                7,
                6,
                6
              ],
              "pivot": [
                0,
                -1,
                1
              ],
              "rotation": [
                -0.05322,
                0.87831,
                12.46871
              ],
              "uv": [
                52,
                54
              ]
            },
            {
              "origin": [
                2,
                19,
                -4
              ],
              "size": [
                7,
                6,
                6
              ],
              "pivot": [
                0,
                -1,
                1
              ],
              "rotation": [
                -0.05322,
                -0.87831,
                -12.46871
              ],
              "uv": [
                26,
                54
              ]
            },
            {
              "origin": [
                -5,
                22,
                -1
              ],
              "size": [
                2,
                3,
                1
              ],
              "pivot": [
                0,
                -1,
                1
              ],
              "rotation": [
                2.25493,
                9.70771,
                -0.66073
              ],
              "uv": [
                30,
                37
              ]
            },
            {
              "origin": [
                3,
                22,
                -1
              ],
              "size": [
                2,
                3,
                1
              ],
              "pivot": [
                0,
                -1,
                1
              ],
              "rotation": [
                2.25493,
                -9.70771,
                0.66073
              ],
              "uv": [
                0,
                35
              ]
            },
            {
              "origin": [
                -3,
                17.5,
                -4
              ],
              "size": [
                2,
                5,
                6
              ],
              "pivot": [
                0,
                18,
                1
              ],
              "rotation": [
                0,
                0,
                -30
              ],
              "uv": [
                66,
                66
              ]
            },
            {
              "origin": [
                1,
                17.5,
                -4
              ],
              "size": [
                2,
                5,
                6
              ],
              "pivot": [
                0,
                18,
                1
              ],
              "rotation": [
                0,
                0,
                30
              ],
              "uv": [
                50,
                66
              ]
            }
          ]
        },
        {
          "name": "bone11",
          "parent": "bone4",
          "pivot": [
            0,
            18,
            -4
          ]
        },
        {
          "name": "bone10",
          "parent": "bone4",
          "pivot": [
            -2,
            24,
            -4
          ]
        },
        {
          "name": "bone9",
          "parent": "bone4",
          "pivot": [
            2,
            24,
            -4
          ]
        },
        {
          "name": "bone8",
          "parent": "bone4",
          "pivot": [
            -2,
            25.5,
            -4.5
          ],
          "cubes": [
            {
              "origin": [
                -9,
                24,
                -5
              ],
              "size": [
                3,
                1,
                1
              ],
              "pivot": [
                0,
                -1,
                1
              ],
              "rotation": [
                0,
                0,
                12.5
              ],
              "uv": [
                0,
                21
              ]
            }
          ]
        },
        {
          "name": "bone7",
          "parent": "bone4",
          "pivot": [
            2,
            25.5,
            -4.5
          ],
          "cubes": [
            {
              "origin": [
                6,
                24,
                -5
              ],
              "size": [
                3,
                1,
                1
              ],
              "pivot": [
                0,
                -1,
                1
              ],
              "rotation": [
                0,
                0,
                -12.5
              ],
              "uv": [
                0,
                11
              ]
            }
          ]
        },
        {
          "name": "Body",
          "pivot": [
            0,
            4,
            0
          ],
          "cubes": [
            {
              "origin": [
                -6,
                0,
                -7
              ],
              "size": [
                12,
                2,
                14
              ],
              "uv": [
                0,
                0
              ]
            },
            {
              "origin": [
                -6,
                12,
                4
              ],
              "size": [
                12,
                11,
                8
              ],
              "uv": [
                0,
                16
              ]
            },
            {
              "origin": [
                -5,
                11,
                4
              ],
              "size": [
                10,
                1,
                7
              ],
              "uv": [
                0,
                45
              ]
            },
            {
              "origin": [
                -1,
                6,
                4
              ],
              "size": [
                2,
                6,
                5
              ],
              "uv": [
                0,
                0
              ]
            },
            {
              "origin": [
                -4,
                -7,
                -7
              ],
              "size": [
                8,
                2,
                8
              ],
              "pivot": [
                0,
                0,
                0
              ],
              "rotation": [
                -115,
                0,
                0
              ],
              "uv": [
                40,
                16
              ]
            },
            {
              "origin": [
                -4,
                2,
                -13
              ],
              "size": [
                8,
                2,
                6
              ],
              "pivot": [
                0,
                0,
                0
              ],
              "rotation": [
                -52.5,
                0,
                0
              ],
              "uv": [
                60,
                37
              ]
            },
            {
              "origin": [
                -6,
                -6,
                -8
              ],
              "size": [
                11,
                2,
                8
              ],
              "pivot": [
                0,
                0,
                0
              ],
              "rotation": [
                80.53109,
                86.53886,
                -170.27032
              ],
              "uv": [
                30,
                37
              ]
            },
            {
              "origin": [
                -6,
                0,
                -13
              ],
              "size": [
                11,
                2,
                5
              ],
              "pivot": [
                0,
                0,
                0
              ],
              "rotation": [
                120.53109,
                86.53886,
                -170.27032
              ],
              "uv": [
                0,
                53
              ]
            },
            {
              "origin": [
                -5,
                0,
                -13
              ],
              "size": [
                11,
                2,
                5
              ],
              "pivot": [
                0,
                0,
                0
              ],
              "rotation": [
                120.53109,
                -86.53886,
                170.27032
              ],
              "uv": [
                34,
                47
              ]
            },
            {
              "origin": [
                -5,
                -6,
                -8
              ],
              "size": [
                11,
                2,
                8
              ],
              "pivot": [
                0,
                0,
                0
              ],
              "rotation": [
                80.53109,
                -86.53886,
                170.27032
              ],
              "uv": [
                0,
                35
              ]
            },
            {
              "origin": [
                -4,
                5.2,
                -7
              ],
              "size": [
                8,
                2,
                8
              ],
              "pivot": [
                0,
                0,
                0
              ],
              "rotation": [
                -70,
                0,
                0
              ],
              "uv": [
                38,
                0
              ]
            },
            {
              "origin": [
                -4,
                -1.8,
                -13
              ],
              "size": [
                8,
                2,
                4
              ],
              "pivot": [
                0,
                0,
                0
              ],
              "rotation": [
                -120,
                0,
                0
              ],
              "uv": [
                64,
                16
              ]
            },
            {
              "origin": [
                -2,
                10,
                -2
              ],
              "size": [
                4,
                6,
                4
              ],
              "uv": [
                72,
                45
              ]
            }
          ]
        },
        {
          "name": "bone",
          "parent": "Body",
          "pivot": [
            0,
            23,
            9
          ],
          "cubes": [
            {
              "origin": [
                -6,
                23,
                4
              ],
              "size": [
                12,
                2,
                8
              ],
              "uv": [
                32,
                27
              ]
            },
            {
              "origin": [
                -0.5,
                26,
                7
              ],
              "size": [
                1,
                0,
                1
              ],
              "uv": [
                0,
                3
              ]
            },
            {
              "origin": [
                -0.5,
                25,
                7
              ],
              "size": [
                1,
                1,
                0
              ],
              "uv": [
                9,
                3
              ]
            },
            {
              "origin": [
                -0.5,
                26,
                7
              ],
              "size": [
                1,
                0,
                1
              ],
              "pivot": [
                0,
                22,
                8
              ],
              "rotation": [
                0,
                -50,
                0
              ],
              "uv": [
                2,
                2
              ]
            },
            {
              "origin": [
                -0.5,
                26,
                7
              ],
              "size": [
                1,
                0,
                1
              ],
              "pivot": [
                0,
                22,
                8
              ],
              "rotation": [
                0,
                50,
                0
              ],
              "uv": [
                2,
                1
              ]
            },
            {
              "origin": [
                -0.5,
                25,
                7
              ],
              "size": [
                1,
                1,
                0
              ],
              "pivot": [
                0,
                22,
                8
              ],
              "rotation": [
                0,
                -50,
                0
              ],
              "uv": [
                9,
                2
              ]
            },
            {
              "origin": [
                -0.5,
                25,
                7
              ],
              "size": [
                1,
                1,
                0
              ],
              "pivot": [
                0,
                22,
                8
              ],
              "rotation": [
                0,
                50,
                0
              ],
              "uv": [
                9,
                1
              ]
            },
            {
              "origin": [
                -0.5,
                25,
                7
              ],
              "size": [
                1,
                1,
                0
              ],
              "pivot": [
                0,
                22,
                8
              ],
              "rotation": [
                0,
                100,
                0
              ],
              "uv": [
                9,
                0
              ]
            },
            {
              "origin": [
                -0.5,
                25,
                7
              ],
              "size": [
                1,
                1,
                0
              ],
              "pivot": [
                0,
                22,
                8
              ],
              "rotation": [
                0,
                -152.5,
                0
              ],
              "uv": [
                2,
                4
              ]
            },
            {
              "origin": [
                -0.5,
                26,
                7
              ],
              "size": [
                1,
                0,
                1
              ],
              "pivot": [
                0,
                22,
                8
              ],
              "rotation": [
                0,
                -152.5,
                0
              ],
              "uv": [
                2,
                0
              ]
            },
            {
              "origin": [
                -0.5,
                26,
                7
              ],
              "size": [
                1,
                0,
                1
              ],
              "pivot": [
                0,
                22,
                8
              ],
              "rotation": [
                0,
                152.5,
                0
              ],
              "uv": [
                0,
                2
              ]
            },
            {
              "origin": [
                -0.5,
                25,
                7
              ],
              "size": [
                1,
                1,
                0
              ],
              "pivot": [
                0,
                22,
                8
              ],
              "rotation": [
                0,
                152.5,
                0
              ],
              "uv": [
                0,
                4
              ]
            },
            {
              "origin": [
                -6,
                23.4,
                9
              ],
              "size": [
                12,
                2.5,
                1
              ],
              "pivot": [
                0,
                0,
                0
              ],
              "rotation": [
                -5,
                0,
                0
              ],
              "uv": [
                38,
                10
              ]
            },
            {
              "origin": [
                1,
                23,
                4
              ],
              "size": [
                1,
                2.5,
                8
              ],
              "pivot": [
                0,
                0,
                0
              ],
              "rotation": [
                0,
                0,
                10
              ],
              "uv": [
                32,
                66
              ]
            },
            {
              "origin": [
                -2,
                23,
                4
              ],
              "size": [
                1,
                2.5,
                8
              ],
              "pivot": [
                0,
                0,
                0
              ],
              "rotation": [
                0,
                0,
                -10
              ],
              "uv": [
                14,
                66
              ]
            }
          ]
        },
        {
          "name": "bone2",
          "parent": "bone",
          "pivot": [
            0,
            22,
            8
          ],
          "cubes": [
            {
              "origin": [
                -0.5,
                25,
                7
              ],
              "size": [
                1,
                1,
                0
              ],
              "pivot": [
                0,
                22,
                8
              ],
              "rotation": [
                0,
                -100,
                0
              ],
              "uv": [
                3,
                3
              ]
            }
          ]
        },
        {
          "name": "bone3",
          "parent": "bone",
          "pivot": [
            0,
            22,
            8
          ],
          "cubes": [
            {
              "origin": [
                -0.5,
                26,
                7
              ],
              "size": [
                1,
                0,
                1
              ],
              "pivot": [
                0,
                22,
                8
              ],
              "rotation": [
                0,
                -100,
                0
              ],
              "uv": [
                0,
                1
              ]
            },
            {
              "origin": [
                -0.5,
                26,
                7
              ],
              "size": [
                1,
                0,
                1
              ],
              "pivot": [
                0,
                22,
                8
              ],
              "rotation": [
                0,
                100,
                0
              ],
              "uv": [
                0,
                0
              ]
            }
          ]
        },
        {
          "name": "bone12",
          "parent": "Body",
          "pivot": [
            0,
            13,
            3.5
          ],
          "cubes": [
            {
              "origin": [
                -6,
                13,
                3
              ],
              "size": [
                1,
                11,
                1
              ],
              "uv": [
                4,
                74
              ]
            },
            {
              "origin": [
                5,
                13,
                3
              ],
              "size": [
                1,
                11,
                1
              ],
              "uv": [
                0,
                74
              ]
            },
            {
              "origin": [
                -4,
                25,
                3
              ],
              "size": [
                8,
                1,
                1
              ],
              "uv": [
                62,
                0
              ]
            },
            {
              "origin": [
                -5,
                12,
                3
              ],
              "size": [
                10,
                13,
                1
              ],
              "uv": [
                0,
                60
              ]
            }
          ]
        },
        {
          "name": "RightArm",
          "pivot": [
            -5,
            22,
            0
          ]
        },
        {
          "name": "LeftArm",
          "pivot": [
            5,
            22,
            0
          ]
        },
        {
          "name": "RightLeg",
          "pivot": [
            -1.9,
            12,
            0
          ]
        },
        {
          "name": "LeftLeg",
          "pivot": [
            1.9,
            12,
            0
          ]
        }
      ]
    }
  ]
}