{
  "resource_pack_name": "vanilla",
  "texture_name": "atlas.items",
  "texture_data": {
    "egg_camel": {
      "textures": "textures/items/egg_camel"
    },
    "egg_lion": {
      "textures": "textures/items/egg_lion"
    },
    "egg_penguin": {
      "textures": "textures/items/egg_penguin"
    },
    "egg_tiger": {
      "textures": "textures/items/egg_tiger"
    },
    "egg_elephant": {
      "textures": "textures/items/egg_elephant"
    },
    "egg_deer": {
      "textures": "textures/items/egg_deer"
    },
    "egg_panther": {
      "textures": "textures/items/egg_panther"
    },
    "egg_frog": {
      "textures": "textures/items/egg_frog"
    },
    "egg_crocodile": {
      "textures": "textures/items/egg_crocodile"
    },
    "egg_mouse": {
      "textures": "textures/items/egg_mouse"
    },
    "gallardo": {
      "textures": "textures/items/gallardo"
    },
    "bench": {
      "textures": "textures/items/bench"
    },
    "christmas_tree": {
      "textures": "textures/items/christmas_tree"
    },
    "tivi": {
      "textures": "textures/items/tivi"
    },
    "closet": {
      "textures": "textures/items/closet"
    },
    "laptop": {
      "textures": "textures/items/laptop"
    },
    "piano": {
      "textures": "textures/items/piano"
    },
    "armchairs": {
      "textures": "textures/items/armchairs"
    },
    "chair": {
      "textures": "textures/items/chair"
    },
    "big_table": {
      "textures": "textures/items/big_table"
    },
    "small_table": {
      "textures": "textures/items/small_table"
    },
    "drone": {
      "textures": "textures/items/drone"
    },
    "colorful_gifts": {
      "textures": "textures/items/colorful_gifts"
    },
    "lv:skibidi_giant": {
      "textures": "textures/items/pamobile/lv_skibidi_giant"
    },
    "lv:skibidi_medium": {
      "textures": "textures/items/pamobile/lv_skibidi_medium"
    },
    "lv:skibidi_small": {
      "textures": "textures/items/pamobile/lv_skibidi_small"
    },
    "lvgb:cameraman": {
      "textures": "textures/items/pamobile/lvgb_cameraman"
    },
    "lvgb:speakerman": {
      "textures": "textures/items/pamobile/lvgb_speakerman"
    },
    "lvgb:large_sientist": {
      "textures": "textures/items/pamobile/lvgb_large_sientist"
    },
    "lvgb:large_cameraman": {
      "textures": "textures/items/pamobile/lvgb_large_cameraman"
    },
    "lvgb:cameraman_sientist": {
      "textures": "textures/items/pamobile/lvgb_cameraman_sientist"
    },
    "lvgb:speakerwoman": {
      "textures": "textures/items/pamobile/lvgb_speakerwoman"
    },
    "lv:gman_phase3": {
      "textures": "textures/items/pamobile/lv_gman_phase3"
    },
    "lv:gman_phase2": {
      "textures": "textures/items/pamobile/lv_gman_phase2"
    },
    "lv:skibidi_soldier_2": {
      "textures": "textures/items/pamobile/lv_skibidi_soldier_2"
    },
    "lv:glitch_toilet": {
      "textures": "textures/items/pamobile/lv_glitch_toilet"
    },
    "lv:gman_phase1": {
      "textures": "textures/items/pamobile/lv_gman_phase1"
    },
    "gb:green_beans": {
      "textures": "textures/items/pamobile/gb_green_beans"
    },
    "lv:legendary_vlad": {
      "textures": "textures/items/pamobile/lv_legendary_vlad"
    },
    "lv:skibidi_spider": {
      "textures": "textures/items/pamobile/lv_skibidi_spider"
    },
    "lvgb:plumber_cameraman": {
      "textures": "textures/items/pamobile/lvgb_plumber_cameraman"
    },
    "lv:upgraded_titan_cameraman": {
      "textures": "textures/items/pamobile/lv_upgraded_titan_cameraman"
    },
    "lv:titan_cameraman": {
      "textures": "textures/items/pamobile/lv_titan_cameraman"
    },
    "lv:skibidi_jesus": {
      "textures": "textures/items/pamobile/lv_skibidi_jesus"
    },
    "lvgb:tv_men": {
      "textures": "textures/items/pamobile/lvgb_tv_men"
    },
    "lv:skibidi_car": {
      "textures": "textures/items/pamobile/lv_skibidi_car"
    },
    "rg:rainbow_grand": {
      "textures": "textures/items/pamobile/rg_rainbow_grand"
    },
    "lv:titan_speakerman": {
      "textures": "textures/items/pamobile/lv_titan_speakerman"
    },
    "lv:titan_tvman": {
      "textures": "textures/items/pamobile/lv_titan_tvman"
    },
    "lvgb:large_speakerman": {
      "textures": "textures/items/pamobile/lvgb_large_speakerman"
    },
    "lv:scientist_titan": {
      "textures": "textures/items/pamobile/lv_scientist_titan"
    },
    "lvgb:skibidi_mutant": {
      "textures": "textures/items/pamobile/lvgb_skibidi_mutant"
    },
    "lv:catana_toilet": {
      "textures": "textures/items/pamobile/lv_catana_toilet"
    },
    "lv:titan_cinema_man": {
      "textures": "textures/items/pamobile/lv_titan_cinema_man"
    },
    "lv:upgraded_titan_speakerman": {
      "textures": "textures/items/pamobile/lv_upgraded_titan_speakerman"
    },
    "lv_dafugboom": {
      "textures": [
        "textures/items/pamobile/lv_dafugboom"
      ]
    },
    "lv_sp_morph": {
      "textures": [
        "textures/items/pamobile/lv_sp_morph"
      ]
    },
    "lvgb:large_clockman": {
      "textures": "textures/items/pamobile/lvgb_large_clockman"
    },
    "lv_cm_morph": {
      "textures": [
        "textures/items/pamobile/lv_cm_morph"
      ]
    },
    "lvgb:tv_womam": {
      "textures": "textures/items/pamobile/lvgb_tv_womam"
    },
    "lvgb:clockman": {
      "textures": "textures/items/pamobile/lvgb_clockman"
    },
    "lv:skibidi_gydra": {
      "textures": "textures/items/pamobile/lv_skibidi_gydra"
    },
    "lvgb:large_tvman": {
      "textures": "textures/items/pamobile/lvgb_large_tvman"
    },
    "lv:skibidi_buzziar": {
      "textures": "textures/items/pamobile/lv_skibidi_buzziar"
    },
    "lv:spide_camera": {
      "textures": "textures/items/pamobile/lv_spide_camera"
    },
    "lv:legend": {
      "textures": "textures/items/pamobile/lv_legend"
    },
    "lv:spide_speaker": {
      "textures": "textures/items/pamobile/lv_spide_speaker"
    },
    "lv:skibidi_terrorist": {
      "textures": "textures/items/pamobile/lv_skibidi_terrorist"
    }
  }
}