{
  "format_version": "1.16.0",
  "minecraft:entity": {
    "description": {
      "identifier": "ic:g_toilet_laser_3",
      "is_spawnable": false,
      "is_summonable": true,
      "is_experimental": false,
      "runtime_identifier": "minecraft:snowball" 
    },
    "component_groups": {
    "ic:ignite": {
      "minecraft:explode": {
        "fuse_length": 0,
        "fuse_lit": true,
        "power": 7,
        "causes_fire": false,
        "destroy_affected_by_griefing": true,
        "breaks_blocks": false
      }
    },
    "ic:ins_despawn": {
			"minecraft:instant_despawn": {
				"remove_child_entities":false
			}
		}
    },
    "components": {
      "minecraft:collision_box": {
        "width": 1.0,
        "height": 1.0
      },
      "minecraft:type_family": {
        "family": [ "projectile" ]
      },
      "minecraft:timer": {
			  "looping": false,
			  "time": 4,
			  "randomInterval": false,
			  "time_down_event": {
				"event": "ic:despawn"
			  }
			},
      "minecraft:projectile": {
        "on_hit": {
          "impact_damage": {
            "damage": 125,
            "knockback": true,
            "semi_random_diff_damage": false,
            "destroy_on_hit": true
          },
            "particle_on_hit": {
            "particle_type": "smoke",
            "on_other_hit": true
          },
          "definition_event": {
            "affect_projectile": true,
            "eventTrigger": {
              "event": "on:hit",
              "target": "self"
            }
          }
        },
        "power": 2.5,
        "gravity": 0.0,
        "inertia": 1,
        "anchor": 1,
        "angle_offset": 0,
        "offset": [
          0.0,
          0.0,
          0.0
        ]
      },
      "minecraft:physics": {
        "has_collision": false,
        "has_gravity": false
      },
      "minecraft:pushable": {
        "is_pushable": true,
        "is_pushable_by_piston": true
      },
      "minecraft:conditional_bandwidth_optimization": {
        "default_values": {
          "max_optimized_distance": 100.0,
          "max_dropped_ticks": 7,
          "use_motion_prediction_hints": true
        }
      }
    },
    "events": {
    "on:hit": {
        "add": {
         "component_groups": [
          "ic:ignite"
         ]
        },
        "run_command": {
          "command": ["particle ic:explosion ~ ~ ~"]
        }
      },
    "ic:despawn": {
			"add": {
				"component_groups": [
					"ic:ins_despawn"
				]
			}
		}
	}
  }
}