{
  "format_version": "1.12",
  "minecraft:recipe_shaped": {
    "description": {
      "identifier": "recipes_328a3c9c"
    },
    "tags": [
      "crafting_table"
    ],
    "pattern": [
      "ABA",
      "CDC",
      " E "
    ],
    "key": {
      "A": {
        "item": "minecraft:emerald_block",
        "data": 0
      },
      "B": {
        "item": "minecraft:stone",
        "data": 4
      },
      "C": {
        "item": "minecraft:diamond",
        "data": 0
      },
      "D": {
        "item": "minecraft:polished_diorite_stairs",
        "data": 0
      },
      "E": {
        "item": "minecraft:arrow",
        "data": 24
      }
    },
    "result": {
      "item": "mcpe:gman_uprapded_3_0_broken_x50_spawn_egg",
      "count": 1
    }
  }
}