{
    "format_version": "1.16.0",
    "minecraft:entity": {
        "description": {
            "identifier": "rai:fushiguro2",
            "is_spawnable": true,
            "is_summonable": true,
            "is_experimental": false,
            "scripts": {
                "animate": [
                    "has_target",
                    "died",
                    "no_juryoku",
                    "mark_variant"
                ]
            },
            "animations": {
                "has_target": "controller.animation.has_target",
                "died": "controller.animation.died",
                "no_juryoku": "controller.animation.no_juryoku",
                "mark_variant": "controller.animation.mark_variant"
            }
        },
        "component_groups": {
            "reset_mark_variant": {"minecraft:mark_variant": {"value": 0}},
            "mark_variant": {"minecraft:mark_variant": {"value": 1}},
            "mark_variant2": {"minecraft:mark_variant": {"value": 2}},
            "mark_variant3": {"minecraft:mark_variant": {"value": 3}},
            "mark_variant4": {"minecraft:mark_variant": {"value": 4}},
            "mark_variant5": {"minecraft:mark_variant": {"value": 5}},
            "mark_variant6": {"minecraft:mark_variant": {"value": 6}},
            "mark_variant7": {"minecraft:mark_variant": {"value": 7}},
            "mark_variant8": {"minecraft:mark_variant": {"value": 8}},
            "mark_variant9": {"minecraft:mark_variant": {"value": 9}},
            "mark_variant10": {"minecraft:mark_variant": {"value": 10}},
            "mark_variant11": {"minecraft:mark_variant": {"value": 11}},
            "mark_variant12": {"minecraft:mark_variant": {"value": 12}},
            "mark_variant13": {"minecraft:mark_variant": {"value": 13}},
            "mark_variant14": {"minecraft:mark_variant": {"value": 14}},
            "mark_variant15": {"minecraft:mark_variant": {"value": 15}},
            "mark_variant16": {"minecraft:mark_variant": {"value": 16}},
            "mark_variant17": {"minecraft:mark_variant": {"value": 17}},
            "mark_variant18": {"minecraft:mark_variant": {"value": 18}},
            "mark_variant19": {"minecraft:mark_variant": {"value": 19}},
            "mark_variant20": {"minecraft:mark_variant": {"value": 20}},
            "mark_variant21": {"minecraft:mark_variant": {"value": 21}},
            "mark_variant22": {"minecraft:mark_variant": {"value": 22}},
            "mark_variant23": {"minecraft:mark_variant": {"value": 23}},
            "mark_variant24": {"minecraft:mark_variant": {"value": 24}},
            "mark_variant25": {"minecraft:mark_variant": {"value": 25}},
            "mark_variant26": {"minecraft:mark_variant": {"value": 26}},
            "mark_variant27": {"minecraft:mark_variant": {"value": 27}},
            "mark_variant28": {"minecraft:mark_variant": {"value": 28}},
            "mark_variant29": {"minecraft:mark_variant": {"value": 29}},
            "mark_variant30": {"minecraft:mark_variant": {"value": 30}},
            "mark_variant31": {"minecraft:mark_variant": {"value": 31}},
            "mark_variant32": {"minecraft:mark_variant": {"value": 32}},
            "mark_variant33": {"minecraft:mark_variant": {"value": 33}},
            "mark_variant34": {"minecraft:mark_variant": {"value": 34}},
            "mark_variant35": {"minecraft:mark_variant": {"value": 35}},
            "mark_variant36": {"minecraft:mark_variant": {"value": 36}},
            "mark_variant37": {"minecraft:mark_variant": {"value": 37}},
            "mark_variant38": {"minecraft:mark_variant": {"value": 38}},
            "mark_variant39": {"minecraft:mark_variant": {"value": 39}},
            "mark_variant40": {"minecraft:mark_variant": {"value": 40}},
            "mark_variant41": {"minecraft:mark_variant": {"value": 41}},
            "mark_variant42": {"minecraft:mark_variant": {"value": 42}},
            "mark_variant43": {"minecraft:mark_variant": {"value": 43}},
            "mark_variant44": {"minecraft:mark_variant": {"value": 44}},
            "mark_variant45": {"minecraft:mark_variant": {"value": 45}},
            "mark_variant46": {"minecraft:mark_variant": {"value": 46}},
            "mark_variant47": {"minecraft:mark_variant": {"value": 47}},
            "mark_variant48": {"minecraft:mark_variant": {"value": 48}},
            "mark_variant49": {"minecraft:mark_variant": {"value": 49}},
            "target2": {
                "minecraft:despawn": {
                    "despawn_from_distance": {}
                }
            },
            "target": {
                "minecraft:behavior.look_at_target": {
                    "look_distance": 64,
                    "probability": 1,
                    "look_time": 999,
                    "priority": 2,
                    "angle_of_view_vertical": 360,
                    "angle_of_view_horizontal": 360
                },
                "minecraft:timer": {
                    "time": [0.1,0.4],
                    "looping": true,
                    "time_down_event": {
                        "event": "attack",
                        "target": "self"
                    }
                }
            },
            "reset_weapon": {
                "minecraft:timer": {
                    "time": [5,10],
                    "looping": true,
                    "time_down_event": {
                        "event": "reset_weapon",
                        "target": "self"
                    }
                }
            },
            "despawn": {
                "minecraft:instant_despawn": {
                    "remove_child_entities": false
                }
            }
        },
        "components": {
            "minecraft:despawn": {
                "despawn_from_distance": {
                }
            },
            "minecraft:loot": {
              "table": "loot_tables/jujutsu_kaisen_entities/fushiguro2.json"
            },
            "minecraft:boss": {
                "name": "entity.rai:fushiguro2.name",
                "hud_range": 8
            },
            "minecraft:on_target_acquired": {
                "event": "target"
            },
            "minecraft:on_target_escape": {
                "event": "target2"
            },
            "minecraft:damage_sensor": {
                "triggers": [
                    {
                        "on_damage": {
                            "filters": {
                                "all_of": [
                                    {
                                        "test": "has_target",
                                        "value": false
                                    },
                                    {
                                        "any_of": [
                                            {
                                                "test": "is_family",
                                                "subject": "damager",
                                                "value": "player"
                                            },
                                            {
                                                "all_of": [
                                                    {
                                                        "test": "is_family",
                                                        "subject": "other",
                                                        "value": "player"
                                                    },
                                                    {
                                                        "test": "has_damage",
                                                        "value": "projectile"
                                                    }
                                                ]
                                            },
                                            {
                                                "test": "is_family",
                                                "subject": "damager",
                                                "value": "mob_entity"
                                            }
                                        ]
                                    }
                                ]
                            }
                        },
                        "deals_damage": true
                    },
                    {
                        "on_damage": {
                            "filters": {
                                "test": "has_target",
                                "value": false
                            }
                        },
                        "deals_damage": false
                    },
                    {
                        "on_damage": {
                            "filters": {
                                "test": "is_family",
                                "subject": "damager",
                                "value": "no_damage"
                            }
                        },
                        "deals_damage": false
                    },
                    {
                        "on_damage": {
                            "filters": {
                                "test": "has_damage",
                                "value": "fall"
                            },
                            "event": "damage_sneaking"
                        },
                        "deals_damage": false
                    },
                    {
                        "on_damage": {
                            "filters": {
                                "all_of": [
                                    {
                                        "any_of": [
                                            {
                                                "test": "has_tag",
                                                "subject": "damager",
                                                "value": "no_damage_sneaking_attack"
                                            },
                                            {
                                                "test": "is_family",
                                                "subject": "damager",
                                                "value": "no_damage_sneaking_attack"
                                            }
                                        ]
                                    },
                                    {
                                        "test": "has_tag",
                                        "value": "damage_sneaking"
                                    }
                                ]
                            },
                            "event": "damage_sneaking"
                        }
                    },
                    {
                        "on_damage": {
                            "filters": {
                                "all_of": [
                                    {
                                        "test": "has_tag",
                                        "operator": "not",
                                        "subject": "damager",
                                        "value": "no_damage_sneaking_attack"
                                    },
                                    {
                                        "test": "has_tag",
                                        "value": "damage_sneaking"
                                    }
                                ]
                            },
                            "event": "damage_sneaking"
                        },
                        "damage_multiplier": 0.05
                    }
                ]
            },
            "minecraft:breathable": {
                "total_supply": 120,
                "suffocate_time": 0
            },
            "minecraft:behavior.float": {
                "priority": 0
            },
            "minecraft:behavior.melee_attack": {
                "priority": 1,
                "cooldown_time": 0,
                "reach_multiplier": 3
            },
            "minecraft:behavior.nearest_attackable_target": {
             "priority": 3,
             "within_radius": 64,
             "reselect_targets": true,
             "entity_types": [
               {
                 "filters": {
                    "test": "is_family", "subject": "other", "value": "fushiguro_touji_target"
                 },
                 "must_see": true,
                 "max_dist": 64
               }
             ]
            },
            "minecraft:behavior.hurt_by_target": {
                "alert_same_type": true,
                "priority": 4,
                "entity_types": {
                    "filters": {
                        "all_of": [
                            { "test": "is_family", "subject": "other", "operator": "not", "value": "damage" },
                            { "test": "has_tag", "subject": "other", "operator": "not", "value": "no_player" }
                        ]
                    },
                    "max_dist": 64
                }
            },
            "minecraft:follow_range": {
                "value": 64
            },
            "minecraft:behavior.random_stroll": {
                "priority": 5,
                "speed_multiplier": 0.5
            },
            "minecraft:underwater_movement": {
              "value": 0.25
            },
            "minecraft:annotation.open_door": {
            },
            "minecraft:annotation.break_door": {
                "break_time": 0,
                "min_difficulty": "peaceful"
            },
            "minecraft:navigation.walk": {
                "is_amphibious": true,
                "can_sink": false,
                "can_swim": true,
                "can_walk": true,
                "can_open_doors": true,
                "can_break_doors": true,
                "can_pass_doors": true,
                "avoid_portals": true,
                "avoid_damage_blocks": true,
                "can_path_over_water": true
            },
            "minecraft:type_family": {
                "family": [
                    "mob_entity",
                    "jujutsu_kaisen",
                    "damage_sneaking",
                    "jusoshi",
                    "mob"
                ]
            },
            "minecraft:collision_box": {
                "width": 0.6,
                "height": 1.8
            },
            "minecraft:health": {
                "value": 250,
                "max": 250
            },
            "minecraft:attack": {
                "damage": 3
            },
            "minecraft:movement": {
                "value": 0.4
            },
            "minecraft:movement.basic": {},
            "minecraft:jump.static": {
            },
            "minecraft:physics": {},
            "minecraft:pushable": {
                "is_pushable": true,
                "is_pushable_by_piston": true
            }
        },
        "events": {
            "reset_mark_variant": {"add": {"component_groups": ["reset_mark_variant"]}},
            "mark_variant": {"add": {"component_groups": ["mark_variant"]}},
            "mark_variant2": {"add": {"component_groups": ["mark_variant2"]}},
            "mark_variant3": {"add": {"component_groups": ["mark_variant3"]}},
            "mark_variant4": {"add": {"component_groups": ["mark_variant4"]}},
            "mark_variant5": {"add": {"component_groups": ["mark_variant5"]}},
            "mark_variant6": {"add": {"component_groups": ["mark_variant6"]}},
            "mark_variant7": {"add": {"component_groups": ["mark_variant7"]}},
            "mark_variant8": {"add": {"component_groups": ["mark_variant8"]}},
            "mark_variant9": {"add": {"component_groups": ["mark_variant9"]}},
            "mark_variant10": {"add": {"component_groups": ["mark_variant10"]}},
            "mark_variant11": {"add": {"component_groups": ["mark_variant11"]}},
            "mark_variant12": {"add": {"component_groups": ["mark_variant12"]}},
            "mark_variant13": {"add": {"component_groups": ["mark_variant13"]}},
            "mark_variant14": {"add": {"component_groups": ["mark_variant14"]}},
            "mark_variant15": {"add": {"component_groups": ["mark_variant15"]}},
            "mark_variant16": {"add": {"component_groups": ["mark_variant16"]}},
            "mark_variant17": {"add": {"component_groups": ["mark_variant17"]}},
            "mark_variant18": {"add": {"component_groups": ["mark_variant18"]}},
            "mark_variant19": {"add": {"component_groups": ["mark_variant19"]}},
            "mark_variant20": {"add": {"component_groups": ["mark_variant20"]}},
            "mark_variant21": {"add": {"component_groups": ["mark_variant21"]}},
            "mark_variant22": {"add": {"component_groups": ["mark_variant22"]}},
            "mark_variant23": {"add": {"component_groups": ["mark_variant23"]}},
            "mark_variant24": {"add": {"component_groups": ["mark_variant24"]}},
            "mark_variant25": {"add": {"component_groups": ["mark_variant25"]}},
            "mark_variant26": {"add": {"component_groups": ["mark_variant26"]}},
            "mark_variant27": {"add": {"component_groups": ["mark_variant27"]}},
            "mark_variant28": {"add": {"component_groups": ["mark_variant28"]}},
            "mark_variant29": {"add": {"component_groups": ["mark_variant29"]}},
            "mark_variant30": {"add": {"component_groups": ["mark_variant30"]}},
            "mark_variant31": {"add": {"component_groups": ["mark_variant31"]}},
            "mark_variant32": {"add": {"component_groups": ["mark_variant32"]}},
            "mark_variant33": {"add": {"component_groups": ["mark_variant33"]}},
            "mark_variant34": {"add": {"component_groups": ["mark_variant34"]}},
            "mark_variant35": {"add": {"component_groups": ["mark_variant35"]}},
            "mark_variant36": {"add": {"component_groups": ["mark_variant36"]}},
            "mark_variant37": {"add": {"component_groups": ["mark_variant37"]}},
            "mark_variant38": {"add": {"component_groups": ["mark_variant38"]}},
            "mark_variant39": {"add": {"component_groups": ["mark_variant39"]}},
            "mark_variant40": {"add": {"component_groups": ["mark_variant40"]}},
            "mark_variant41": {"add": {"component_groups": ["mark_variant41"]}},
            "mark_variant42": {"add": {"component_groups": ["mark_variant42"]}},
            "mark_variant43": {"add": {"component_groups": ["mark_variant43"]}},
            "mark_variant44": {"add": {"component_groups": ["mark_variant44"]}},
            "mark_variant45": {"add": {"component_groups": ["mark_variant45"]}},
            "mark_variant46": {"add": {"component_groups": ["mark_variant46"]}},
            "mark_variant47": {"add": {"component_groups": ["mark_variant47"]}},
            "mark_variant48": {"add": {"component_groups": ["mark_variant48"]}},
            "mark_variant49": {"add": {"component_groups": ["mark_variant49"]}},
            "damage_sneaking": {
                "run_command": {
                    "command": [
                        "function skill/damage_sneaking"
                    ]
                }
            },
            "minecraft:entity_spawned": {
                "run_command": {
                    "command": [
                        "tag @s add fushiguro_touji",
                        "tag @s add juryoku0",
                        "scoreboard players set @s juryoku_lv 2"
                    ]
                }
            },
            "target": {
                "run_command": {
                    "command": [
                        "function entity/mob/fushiguro2_change_weapon",
                        "event entity @s attack"
                    ]
                },
                "add": {
                    "component_groups": [
                        "target"
                    ]
                }
            },
            "target2": {
                "add": {
                    "component_groups": [
                        "reset_weapon"
                    ]
                },
                "remove": {
                    "component_groups": [
                        "target"
                    ]
                }
            },
            "despawn": {
                "add": {
                    "component_groups": [
                        "despawn"
                    ]
                }
            },
            "reset_weapon": {
                "run_command": {
                    "command": [
                        "replaceitem entity @s slot.weapon.mainhand 0 air",
                        "replaceitem entity @s slot.armor.chest 0 air"
                    ]
                },
                "remove": {
                    "component_groups": [
                        "reset_weapon"
                    ]
                }
            },
            "attack": {
                "sequence": [
                    {
                        "run_command": {
                            "command": [
                                "tag @s add target"
                            ],
                            "target": "target"
                        }
                    },
                    {
                        "randomize": [
                            {
                                "weight": 5,
                                "run_command": {
                                    "command": [
                                        "execute if entity @e[tag=target,rm=5] as @s[tag=!cooltime] run function skill/sekkin",
                                        "execute if entity @e[tag=target,r=5] as @s[tag=!cooltime,hasitem={item=rai_weapon:amanosakahoko}] run function items/amanosakahoko",
                                        "execute if entity @e[tag=target,r=5] as @s[tag=!cooltime,hasitem={item=rai_weapon:split_soul_sword}] run function items/split_soul_sword",
                                        "execute if entity @e[tag=target,r=5] unless entity @s[hasitem={item=rai_weapon:amanosakahoko}] unless entity @s[hasitem={item=rai_weapon:split_soul_sword}] as @s[tag=!cooltime] run function skill/strong_punch"
                                    ]
                                }
                            },
                            {
                                "weight": 2,
                                "run_command": {
                                    "command": [
                                        "execute if entity @e[tag=target,rm=5] as @s[tag=!cooltime] run function skill/sekkin",
                                        "execute if entity @e[tag=target,r=5] as @s[tag=!cooltime] run function skill/punch"
                                    ]
                                }
                            },
                            {
                                "weight": 2,
                                "run_command": {
                                    "command": [
                                        "execute if entity @e[tag=target,rm=5] as @s[tag=!cooltime] run function skill/sekkin",
                                        "execute if entity @e[tag=target,r=5] as @s[tag=!cooltime] run function skill/kick"
                                    ]
                                }
                            },
                            {
                                "weight": 1,
                                "run_command": {
                                    "command": [
                                        "execute as @s[tag=!cooltime] run function entity/mob/fushiguro2_change_weapon"
                                    ]
                                }
                            }
                        ]
                    },
                    {
                        "run_command": {
                            "command": [
                                "tag @e remove target"
                            ]
                        }
                    }
                ]
            }
        }
    }
}