{
	"format_version": "1.12.0",
	"minecraft:geometry": [
		{
			"description": {
				"identifier": "geometry.ic_upgraded_titan_speakerman",
				"texture_width": 256,
				"texture_height": 256,
				"visible_bounds_width": 7,
				"visible_bounds_height": 12,
				"visible_bounds_offset": [0, 5, 0]
			},
			"bones": [
				{
					"name": "root",
					"pivot": [0, 16, 0]
				},
				{
					"name": "waist",
					"parent": "root",
					"pivot": [0, 36, 0],
					"cubes": [
						{"origin": [-8.5, 36, -5], "size": [17, 10, 9], "uv": [67, 10]},
						{"origin": [-8.5, 45.25, -5], "size": [17, 3, 9], "inflate": 1.1, "uv": [3, 47]}
					]
				},
				{
					"name": "body",
					"parent": "waist",
					"pivot": [0, 46, 0],
					"cubes": [
						{"origin": [-13.5, 56, -6], "size": [27, 8, 11], "inflate": 0.2, "uv": [0, 19]},
						{"origin": [-9, 46, -6], "size": [18, 10, 11], "uv": [47, 48]},
						{"origin": [-5, 46, -9], "size": [10, 4, 3], "uv": [131, 0]},
						{"origin": [-5, 44, -8.9], "size": [10, 3, 3], "pivot": [0, 45, -7.5], "rotation": [-5, 0, -180], "uv": [131, 0]},
						{"origin": [-5, 50, -8.9], "size": [10, 2, 3], "pivot": [0, 51, -7.5], "rotation": [-5, 0, 0], "uv": [131, 0], "mirror": true},
						{"origin": [13, 53, 3], "size": [8, 33, 11], "pivot": [15.5, 63, 6], "rotation": [2.5, 10, 7.5], "uv": [218, 54], "mirror": true},
						{"origin": [24.43456, 79.54126, -0.26768], "size": [2, 7, 13], "pivot": [25.43456, 82.79126, 6.33232], "rotation": [1.16009, 10.23987, -0.11481], "uv": [190, 17], "mirror": true},
						{"origin": [22.33456, 82.54126, 5.73232], "size": [4, 1, 1], "pivot": [25.43456, 82.79126, 6.33232], "rotation": [1.16009, 10.23987, -0.11481], "uv": [223, 102], "mirror": true},
						{"origin": [22.98456, 78.54126, 5.73232], "size": [4, 1, 1], "pivot": [25.43456, 82.79126, 6.33232], "rotation": [3.79456, 9.58762, 15.09958], "uv": [223, 102], "mirror": true},
						{"origin": [24.73456, 73.54126, 5.73232], "size": [4, 1, 1], "pivot": [25.43456, 82.79126, 6.33232], "rotation": [4.62097, 9.22051, 20.15407], "uv": [223, 102], "mirror": true},
						{"origin": [22.23456, 57.54126, 5.73232], "size": [4, 1, 1], "pivot": [23.43456, 66.79126, 6.33232], "rotation": [4.62097, 9.22051, 20.15407], "uv": [223, 102], "mirror": true},
						{"origin": [21.23456, 62.54126, 5.73232], "size": [4, 1, 1], "pivot": [23.43456, 66.79126, 6.33232], "rotation": [3.79456, 9.58762, 15.09958], "uv": [223, 102], "mirror": true},
						{"origin": [20.33456, 66.54126, 5.73232], "size": [4, 1, 1], "pivot": [23.43456, 66.79126, 6.33232], "rotation": [1.16009, 10.23987, -0.11481], "uv": [223, 102], "mirror": true},
						{"origin": [23.4925, 67.82973, 0.167], "size": [2, 7, 13], "pivot": [24.4925, 70.07973, 6.667], "rotation": [2.5, 10, 7.5], "uv": [190, 17], "mirror": true},
						{"origin": [24.43456, 73.54126, -0.16768], "size": [2, 7, 13], "pivot": [25.43456, 82.79126, 6.33232], "rotation": [2.05722, 10.09941, 4.96305], "uv": [190, 17], "mirror": true},
						{"origin": [22.63544, 58.89896, 0.55809], "size": [2, 7, 13], "pivot": [23.63544, 63.64896, 7.05809], "rotation": [-2.93773, -9.88139, -169.96475], "uv": [190, 17]},
						{"origin": [22.63544, 64.89896, 0.65809], "size": [2, 7, 13], "pivot": [23.63544, 63.64896, 7.05809], "rotation": [-3.36953, -9.74384, -167.43147], "uv": [190, 17]},
						{"origin": [20.85348, 50.62754, 1.22609], "size": [2, 7, 13], "pivot": [21.60348, 54.12754, 7.72609], "rotation": [-5.41053, -8.78307, -154.80294], "uv": [190, 17]},
						{"origin": [-24.33456, 66.54126, 5.73232], "size": [4, 1, 1], "pivot": [-23.43456, 66.79126, 6.33232], "rotation": [1.16009, -10.23987, 0.11481], "uv": [223, 102]},
						{"origin": [-25.23456, 62.54126, 5.73232], "size": [4, 1, 1], "pivot": [-23.43456, 66.79126, 6.33232], "rotation": [3.79456, -9.58762, -15.09958], "uv": [223, 102]},
						{"origin": [-25.4925, 67.82973, 0.167], "size": [2, 7, 13], "pivot": [-24.4925, 70.07973, 6.667], "rotation": [2.5, -10, -7.5], "uv": [190, 17]},
						{"origin": [-26.43456, 73.54126, -0.16768], "size": [2, 7, 13], "pivot": [-25.43456, 82.79126, 6.33232], "rotation": [2.05722, -10.09941, -4.96305], "uv": [190, 17]},
						{"origin": [-24.63544, 58.89896, 0.55809], "size": [2, 7, 13], "pivot": [-23.63544, 63.64896, 7.05809], "rotation": [-2.93773, 9.88139, 169.96475], "uv": [190, 17], "mirror": true},
						{"origin": [-24.63544, 64.89896, 0.65809], "size": [2, 7, 13], "pivot": [-23.63544, 63.64896, 7.05809], "rotation": [-3.36953, 9.74384, 167.43147], "uv": [190, 17], "mirror": true},
						{"origin": [-22.85348, 50.62754, 1.22609], "size": [2, 7, 13], "pivot": [-21.60348, 54.12754, 7.72609], "rotation": [-5.41053, 8.78307, 154.80294], "uv": [190, 17], "mirror": true},
						{"origin": [-26.23456, 57.54126, 5.73232], "size": [4, 1, 1], "pivot": [-23.43456, 66.79126, 6.33232], "rotation": [4.62097, -9.22051, -20.15407], "uv": [223, 102]},
						{"origin": [-28.73456, 73.54126, 5.73232], "size": [4, 1, 1], "pivot": [-25.43456, 82.79126, 6.33232], "rotation": [4.62097, -9.22051, -20.15407], "uv": [223, 102]},
						{"origin": [-26.98456, 78.54126, 5.73232], "size": [4, 1, 1], "pivot": [-25.43456, 82.79126, 6.33232], "rotation": [3.79456, -9.58762, -15.09958], "uv": [223, 102]},
						{"origin": [-26.33456, 82.54126, 5.73232], "size": [4, 1, 1], "pivot": [-25.43456, 82.79126, 6.33232], "rotation": [1.16009, -10.23987, 0.11481], "uv": [223, 102]},
						{"origin": [-26.43456, 79.54126, -0.26768], "size": [2, 7, 13], "pivot": [-25.43456, 82.79126, 6.33232], "rotation": [1.16009, -10.23987, 0.11481], "uv": [190, 17]},
						{"origin": [-21, 53, 3], "size": [8, 33, 11], "pivot": [-15.5, 63, 6], "rotation": [2.5, -10, -7.5], "uv": [218, 54]}
					],
					"locators": {
						"spark": [-16, 67, 6],
						"spark2": [-19, 82, 6],
						"spark4": [16, 67, 6],
						"spark3": [19, 80, 6]
					}
				},
				{
					"name": "core",
					"parent": "body",
					"pivot": [0, 56, -7.0493],
					"cubes": [
						{"origin": [-3.5, 52.5, -9], "size": [7, 7, 4], "inflate": 0.4, "uv": [234, 0]},
						{"origin": [-8.5, 51.5, -9.25], "size": [5, 9, 4], "inflate": -0.2, "pivot": [-2.5, 57.5, -6], "rotation": [0, 10, 0], "uv": [240, 38]},
						{"origin": [3.5, 51.5, -9.25], "size": [5, 9, 4], "inflate": -0.2, "pivot": [2.5, 57.5, -6], "rotation": [0, -10, 0], "uv": [240, 38], "mirror": true}
					],
					"locators": {
						"spark9": [0, 56, -9]
					}
				},
				{
					"name": "infected_core",
					"parent": "core",
					"pivot": [0, 56, -5.0493],
					"cubes": [
						{"origin": [-3.5, 52.5, -6], "size": [7, 7, 4], "inflate": 0.1, "uv": [205, 0]}
					]
				},
				{
					"name": "normal_core",
					"parent": "core",
					"pivot": [0, 56, -7.0493],
					"cubes": [
						{"origin": [-3.5, 52.5, -8], "size": [7, 7, 4], "inflate": 0.1, "uv": [234, 14]}
					]
				},
				{
					"name": "left_arm",
					"parent": "body",
					"pivot": [12, 62.5, 0],
					"cubes": [
						{"origin": [12, 39.5, -4.5], "size": [8, 24, 8], "uv": [56, 69]}
					]
				},
				{
					"name": "left_arm2",
					"parent": "left_arm",
					"pivot": [14.5, 40.5, 1],
					"cubes": [
						{"origin": [12, 20.5, -4.5], "size": [8, 19, 8], "uv": [80, 96]},
						{"origin": [12, 20.5, -4.5], "size": [8, 19, 8], "inflate": 0.2, "uv": [112, 96]}
					]
				},
				{
					"name": "blaster",
					"parent": "left_arm2",
					"pivot": [18.5, 39.5, 1],
					"cubes": [
						{"origin": [18.5, 26.5, -1], "size": [3, 11, 1], "uv": [26, 0]},
						{"origin": [21.5, 46.1, -4], "size": [7, 5, 7], "inflate": -0.2, "uv": [199, 201]},
						{"origin": [21, 50.05, -4], "size": [7, 3, 7], "inflate": 0.1, "pivot": [25, 52.6, -0.5], "rotation": [0, 0, -12.5], "uv": [198, 187]},
						{"origin": [21.35, 51.05, -4], "size": [7, 10, 7], "pivot": [25, 52.6, -0.5], "rotation": [0, 0, 2.5], "uv": [201, 166]},
						{"origin": [21.5, 27.5, -4], "size": [7, 19, 7], "inflate": -0.2, "uv": [228, 201]},
						{"origin": [21.5, 27.25, -4], "size": [7, 4, 7], "inflate": 0.3, "uv": [198, 217]},
						{"origin": [22.5, 22.5, -3], "size": [5, 7, 5], "inflate": 0.5, "uv": [203, 232]},
						{"origin": [21.5, 45.25, -4], "size": [7, 1, 7], "inflate": 0.1, "uv": [228, 231]},
						{"origin": [21.5, 42.5, -4], "size": [7, 1, 7], "inflate": 0.1, "uv": [228, 231]}
					]
				},
				{
					"name": "power",
					"parent": "blaster",
					"pivot": [25, 19.75, -0.5],
					"cubes": [
						{"origin": [22.5, 14.25, -3], "size": [5, 10, 5], "uv": [178, 241]},
						{"origin": [22.5, 14.25, -3], "size": [5, 10, 5], "inflate": -0.2, "uv": [157, 241]}
					],
					"locators": {
						"trail": [25, 14, -0.5]
					}
				},
				{
					"name": "stem",
					"parent": "blaster",
					"pivot": [22, 38.5, -4.5],
					"rotation": [0, -60, 0],
					"cubes": [
						{"origin": [22, 19.5, -6], "size": [1, 23, 3], "uv": [87, 230]},
						{"origin": [21.31386, 15.02543, -6.5], "size": [0, 5, 4], "pivot": [22.07431, 15.28374, -4.5], "rotation": [0, 0, 15], "uv": [100, 247]},
						{"origin": [22.73832, 15.35931, -6.5], "size": [0, 5, 4], "pivot": [21.97698, 15.61792, -4.5], "rotation": [0, 0, 132.5], "uv": [100, 247]}
					]
				},
				{
					"name": "stem2",
					"parent": "blaster",
					"pivot": [22, 38.5, 3.5],
					"rotation": [0, 60, 0],
					"cubes": [
						{"origin": [22, 19.5, 2], "size": [1, 23, 3], "uv": [87, 230]},
						{"origin": [21.31386, 15.02543, 1.5], "size": [0, 5, 4], "pivot": [22.07431, 15.28374, 3.5], "rotation": [0, 0, 15], "uv": [100, 247]},
						{"origin": [22.73832, 15.35931, 1.5], "size": [0, 5, 4], "pivot": [21.97698, 15.61792, 3.5], "rotation": [0, 0, 132.5], "uv": [100, 247]}
					]
				},
				{
					"name": "stem3",
					"parent": "blaster",
					"pivot": [29.25, 38.5, -0.5],
					"rotation": [0, 180, 0],
					"cubes": [
						{"origin": [29.25, 19.5, -2], "size": [1, 23, 3], "uv": [87, 230]},
						{"origin": [28.56386, 15.02543, -2.5], "size": [0, 5, 4], "pivot": [29.32431, 15.28374, -0.5], "rotation": [0, 0, 15], "uv": [100, 247]},
						{"origin": [29.98832, 15.35931, -2.5], "size": [0, 5, 4], "pivot": [29.22698, 15.61792, -0.5], "rotation": [0, 0, 132.5], "uv": [100, 247]}
					]
				},
				{
					"name": "right_arm",
					"parent": "body",
					"pivot": [-12, 62.5, 0],
					"cubes": [
						{"origin": [-20, 39.5, -4.5], "size": [8, 24, 8], "uv": [56, 69], "mirror": true}
					]
				},
				{
					"name": "right_arm2",
					"parent": "right_arm",
					"pivot": [-14.5, 40.5, 1],
					"cubes": [
						{"origin": [-20, 20.5, -4.5], "size": [8, 19, 8], "uv": [80, 96], "mirror": true},
						{"origin": [-20, 20.5, -4.5], "size": [8, 19, 8], "inflate": 0.2, "uv": [112, 96], "mirror": true}
					]
				},
				{
					"name": "blaster2",
					"parent": "right_arm2",
					"pivot": [-18.5, 39.5, 1],
					"cubes": [
						{"origin": [-21.5, 26.5, -1], "size": [3, 11, 1], "uv": [26, 0], "mirror": true},
						{"origin": [-28.5, 46.1, -4], "size": [7, 5, 7], "inflate": -0.2, "uv": [199, 201], "mirror": true},
						{"origin": [-28, 50.05, -4], "size": [7, 3, 7], "inflate": 0.1, "pivot": [-25, 52.6, -0.5], "rotation": [0, 0, 12.5], "uv": [198, 187], "mirror": true},
						{"origin": [-28.35, 51.05, -4], "size": [7, 10, 7], "pivot": [-25, 52.6, -0.5], "rotation": [0, 0, -2.5], "uv": [201, 166], "mirror": true},
						{"origin": [-28.5, 27.5, -4], "size": [7, 19, 7], "inflate": -0.2, "uv": [228, 201], "mirror": true},
						{"origin": [-28.5, 27.25, -4], "size": [7, 4, 7], "inflate": 0.3, "uv": [198, 217], "mirror": true},
						{"origin": [-27.5, 22.5, -3], "size": [5, 7, 5], "inflate": 0.5, "uv": [203, 232], "mirror": true},
						{"origin": [-28.5, 45.25, -4], "size": [7, 1, 7], "inflate": 0.1, "uv": [228, 231], "mirror": true},
						{"origin": [-28.5, 42.5, -4], "size": [7, 1, 7], "inflate": 0.1, "uv": [228, 231], "mirror": true}
					]
				},
				{
					"name": "power2",
					"parent": "blaster2",
					"pivot": [-25, 19.75, -0.5],
					"cubes": [
						{"origin": [-27.5, 14.25, -3], "size": [5, 10, 5], "uv": [178, 241], "mirror": true},
						{"origin": [-27.5, 14.25, -3], "size": [5, 10, 5], "inflate": -0.2, "uv": [157, 241], "mirror": true}
					],
					"locators": {
						"trail2": [-25, 14, -0.5]
					}
				},
				{
					"name": "stem4",
					"parent": "blaster2",
					"pivot": [-22, 38.5, -4.5],
					"rotation": [0, 60, 0],
					"cubes": [
						{"origin": [-23, 19.5, -6], "size": [1, 23, 3], "uv": [87, 230], "mirror": true},
						{"origin": [-21.31386, 15.02543, -6.5], "size": [0, 5, 4], "pivot": [-22.07431, 15.28374, -4.5], "rotation": [0, 0, -15], "uv": [100, 247], "mirror": true},
						{"origin": [-22.73832, 15.35931, -6.5], "size": [0, 5, 4], "pivot": [-21.97698, 15.61792, -4.5], "rotation": [0, 0, -132.5], "uv": [100, 247], "mirror": true}
					]
				},
				{
					"name": "stem5",
					"parent": "blaster2",
					"pivot": [-22, 38.5, 3.5],
					"rotation": [0, -60, 0],
					"cubes": [
						{"origin": [-23, 19.5, 2], "size": [1, 23, 3], "uv": [87, 230], "mirror": true},
						{"origin": [-21.31386, 15.02543, 1.5], "size": [0, 5, 4], "pivot": [-22.07431, 15.28374, 3.5], "rotation": [0, 0, -15], "uv": [100, 247], "mirror": true},
						{"origin": [-22.73832, 15.35931, 1.5], "size": [0, 5, 4], "pivot": [-21.97698, 15.61792, 3.5], "rotation": [0, 0, -132.5], "uv": [100, 247], "mirror": true}
					]
				},
				{
					"name": "stem6",
					"parent": "blaster2",
					"pivot": [-29.25, 38.5, -0.5],
					"rotation": [0, -180, 0],
					"cubes": [
						{"origin": [-30.25, 19.5, -2], "size": [1, 23, 3], "uv": [87, 230], "mirror": true},
						{"origin": [-28.56386, 15.02543, -2.5], "size": [0, 5, 4], "pivot": [-29.32431, 15.28374, -0.5], "rotation": [0, 0, -15], "uv": [100, 247], "mirror": true},
						{"origin": [-29.98832, 15.35931, -2.5], "size": [0, 5, 4], "pivot": [-29.22698, 15.61792, -0.5], "rotation": [0, 0, -132.5], "uv": [100, 247], "mirror": true}
					]
				},
				{
					"name": "head",
					"parent": "body",
					"pivot": [0, 64, 0],
					"cubes": [
						{
							"origin": [-0.92, 61.58, -0.92],
							"size": [1.84, 2.76, 1.84],
							"uv": {
								"north": {"uv": [2, 49], "uv_size": [2, 3]},
								"east": {"uv": [0, 49], "uv_size": [2, 3]},
								"south": {"uv": [6, 49], "uv_size": [2, 3]},
								"west": {"uv": [4, 49], "uv_size": [2, 3]},
								"up": {"uv": [2, 47], "uv_size": [2, 2]},
								"down": {"uv": [4, 49], "uv_size": [2, -2]}
							}
						},
						{
							"origin": [-0.92, 62.5, -0.92],
							"size": [1.84, 1.84, 1.84],
							"uv": {
								"north": {"uv": [2, 4], "uv_size": [2, 2]},
								"east": {"uv": [0, 4], "uv_size": [2, 2]},
								"south": {"uv": [6, 4], "uv_size": [2, 2]},
								"west": {"uv": [4, 4], "uv_size": [2, 2]},
								"up": {"uv": [2, 2], "uv_size": [2, 2]},
								"down": {"uv": [4, 4], "uv_size": [2, -2]}
							}
						},
						{
							"origin": [-4.6, 64.34, -3.68],
							"size": [9.2, 12.88, 5.52],
							"uv": {
								"north": {"uv": [230, 116], "uv_size": [10, 14]},
								"east": {"uv": [224, 116], "uv_size": [6, 14]},
								"south": {"uv": [246, 116], "uv_size": [10, 14]},
								"west": {"uv": [240, 116], "uv_size": [6, 14]},
								"up": {"uv": [230, 110], "uv_size": [10, 6]},
								"down": {"uv": [240, 116], "uv_size": [10, -6]}
							}
						},
						{
							"origin": [-4.6, 69.86, -5.566],
							"size": [9.2, 12.88, 5.52],
							"uv": {
								"north": {"uv": [230, 116], "uv_size": [10, 14]},
								"east": {"uv": [224, 116], "uv_size": [6, 14]},
								"south": {"uv": [246, 116], "uv_size": [10, 14]},
								"west": {"uv": [240, 116], "uv_size": [6, 14]},
								"up": {"uv": [230, 110], "uv_size": [10, 6]},
								"down": {"uv": [240, 116], "uv_size": [10, -6]}
							}
						},
						{"origin": [-3.2, 86.86, -5.916], "size": [9.2, 0, 5.52], "pivot": [0, 82.86, -3.056], "rotation": [0, 12.5, -62.5], "uv": [174, 139]},
						{"origin": [-6, 86.86, -5.916], "size": [9.2, 0, 5.52], "pivot": [0, 82.86, -3.056], "rotation": [0, -12.5, 62.5], "uv": [174, 139], "mirror": true},
						{
							"origin": [-4.6, 78.36, -10.566],
							"size": [9.2, 3.88, 5.52],
							"inflate": -0.1,
							"pivot": [0, 81.3, -8.306],
							"rotation": [5, 0, 0],
							"uv": {
								"north": {"uv": [190, 116], "uv_size": [10, 4]},
								"east": {"uv": [184, 116], "uv_size": [6, 4]},
								"south": {"uv": [206, 116], "uv_size": [10, 4]},
								"west": {"uv": [200, 116], "uv_size": [6, 4]},
								"up": {"uv": [190, 110], "uv_size": [10, 6]},
								"down": {"uv": [200, 116], "uv_size": [10, -6]}
							}
						},
						{
							"origin": [-8.304, 63.856, -9.224],
							"size": [16.608, 6.488, 5.568],
							"inflate": -0.3,
							"uv": {
								"north": {"uv": [214, 138], "uv_size": [18, 7]},
								"east": {"uv": [208, 138], "uv_size": [6, 7]},
								"south": {"uv": [238, 138], "uv_size": [18, 7]},
								"west": {"uv": [232, 138], "uv_size": [6, 7]},
								"up": {"uv": [214, 132], "uv_size": [18, 6]},
								"down": {"uv": [232, 138], "uv_size": [18, -6]}
							}
						},
						{
							"origin": [-3.244, 68.836, -9.024],
							"size": [6.488, 12.008, 5.568],
							"inflate": -0.3,
							"uv": {
								"north": {"uv": [236, 151], "uv_size": [7, 13]},
								"east": {"uv": [230, 151], "uv_size": [6, 13]},
								"south": {"uv": [249, 151], "uv_size": [7, 13]},
								"west": {"uv": [243, 151], "uv_size": [6, 13]},
								"up": {"uv": [236, 145], "uv_size": [7, 6]},
								"down": {"uv": [243, 151], "uv_size": [7, -6]}
							}
						},
						{
							"origin": [2.506, 65.996, -4.624],
							"size": [6.488, 21.968, 5.568],
							"inflate": -0.3,
							"pivot": [0, 57.58, 0],
							"rotation": [0, 0, 5],
							"uv": {
								"north": {"uv": [236, 171], "uv_size": [7, 24]},
								"east": {"uv": [230, 171], "uv_size": [6, 24]},
								"south": {"uv": [249, 171], "uv_size": [7, 24]},
								"west": {"uv": [243, 171], "uv_size": [6, 24]},
								"up": {"uv": [236, 165], "uv_size": [7, 6]},
								"down": {"uv": [243, 171], "uv_size": [7, -6]}
							}
						},
						{"origin": [8.494, 67.996, -4.874], "size": [2, 18, 6], "pivot": [0, 57.58, 0], "rotation": [0, 0, 5], "uv": [206, 36]},
						{"origin": [13.15009, 82.09466, -4.874], "size": [2, 6, 6], "inflate": 0.1, "pivot": [11.15009, 76.09466, -1.874], "rotation": [0, 0, -12.5], "uv": [197, 61]},
						{"origin": [9.72991, 63.91188, -4.874], "size": [2, 6, 6], "inflate": 0.1, "pivot": [10.72991, 66.91188, -1.874], "rotation": [0, 0, -157.5], "uv": [197, 61], "mirror": true},
						{"origin": [12.90009, 84.59466, -2.374], "size": [2, 1, 1], "inflate": 0.1, "pivot": [11.15009, 76.09466, -1.874], "rotation": [0, 0, -12.5], "uv": [209, 82]},
						{"origin": [12.90009, 67.59466, -2.374], "size": [2, 1, 1], "inflate": 0.1, "pivot": [11.15009, 76.09466, -1.874], "rotation": [0, 0, 25], "uv": [209, 82]},
						{"origin": [-15.15009, 82.09466, -4.874], "size": [2, 6, 6], "inflate": 0.1, "pivot": [-11.15009, 76.09466, -1.874], "rotation": [0, 0, 12.5], "uv": [197, 61], "mirror": true},
						{"origin": [-11.72991, 63.91188, -4.874], "size": [2, 6, 6], "inflate": 0.1, "pivot": [-10.72991, 66.91188, -1.874], "rotation": [0, 0, 157.5], "uv": [197, 61]},
						{"origin": [-14.90009, 84.59466, -2.374], "size": [2, 1, 1], "inflate": 0.1, "pivot": [-11.15009, 76.09466, -1.874], "rotation": [0, 0, 12.5], "uv": [209, 82], "mirror": true},
						{"origin": [-14.90009, 67.59466, -2.374], "size": [2, 1, 1], "inflate": 0.1, "pivot": [-11.15009, 76.09466, -1.874], "rotation": [0, 0, -25], "uv": [209, 82], "mirror": true},
						{"origin": [-10.494, 67.996, -4.874], "size": [2, 18, 6], "pivot": [0, 57.58, 0], "rotation": [0, 0, -5], "uv": [206, 36], "mirror": true},
						{
							"origin": [-8.994, 65.996, -4.624],
							"size": [6.488, 21.968, 5.568],
							"inflate": -0.3,
							"pivot": [0, 57.58, 0],
							"rotation": [0, 0, -5],
							"uv": {
								"north": {"uv": [243, 171], "uv_size": [-7, 24]},
								"east": {"uv": [249, 171], "uv_size": [-6, 24]},
								"south": {"uv": [256, 171], "uv_size": [-7, 24]},
								"west": {"uv": [236, 171], "uv_size": [-6, 24]},
								"up": {"uv": [243, 165], "uv_size": [-7, 6]},
								"down": {"uv": [250, 171], "uv_size": [-7, -6]}
							}
						}
					],
					"locators": {
						"spark5": [6.6, 74.46, -2.76],
						"spark6": [7.44, 80.42, -2.76],
						"spark8": [-7.44, 81.42, -2.76],
						"spark7": [-6.6, 74.46, -2.76]
					}
				},
				{
					"name": "rocket",
					"parent": "body",
					"pivot": [0, 52.61551, 7.92191],
					"cubes": [
						{"origin": [-7, 47, 8], "size": [14, 13, 5], "inflate": 0.2, "uv": [0, 164]},
						{"origin": [-9, 48, 4], "size": [9, 13, 5], "inflate": 0.2, "uv": [0, 164]},
						{"origin": [0, 48, 4], "size": [9, 13, 5], "inflate": 0.2, "uv": [0, 164], "mirror": true},
						{"origin": [-8, 52, 10], "size": [1, 7, 2], "uv": [0, 209]},
						{"origin": [-8, 46, 10], "size": [1, 7, 2], "uv": [0, 209]},
						{"origin": [-11.9, 50, 9], "size": [4, 15, 4], "uv": [0, 237]},
						{"origin": [-11.9, 42, 9], "size": [4, 15, 4], "inflate": -0.3, "uv": [0, 237]},
						{"origin": [-11.9, 40, 9], "size": [4, 3, 4], "inflate": 0.3, "uv": [53, 246]},
						{"origin": [-11.9, 36.75, 9], "size": [4, 3, 4], "uv": [39, 249]},
						{"origin": [-11.9, 64, 9], "size": [4, 3, 4], "inflate": 0.4, "uv": [20, 249]},
						{"origin": [7.9, 50, 9], "size": [4, 15, 4], "uv": [0, 237], "mirror": true},
						{"origin": [7.9, 64, 9], "size": [4, 3, 4], "inflate": 0.4, "uv": [20, 249], "mirror": true},
						{"origin": [7.9, 36.75, 9], "size": [4, 3, 4], "uv": [39, 249], "mirror": true},
						{"origin": [7.9, 40, 9], "size": [4, 3, 4], "inflate": 0.3, "uv": [53, 246], "mirror": true},
						{"origin": [7.9, 42, 9], "size": [4, 15, 4], "inflate": -0.3, "uv": [0, 237], "mirror": true},
						{"origin": [7, 46, 10], "size": [1, 7, 2], "uv": [0, 209], "mirror": true},
						{"origin": [7, 52, 10], "size": [1, 7, 2], "uv": [0, 209], "mirror": true},
						{"origin": [-6, 42.5, 7.5], "size": [12, 5, 5], "inflate": 0.2, "pivot": [0, 44.5, 10.5], "rotation": [-10, 0, 0], "uv": [0, 192]}
					],
					"locators": {
						"thrust": {
							"offset": [-10, 40, 11],
							"rotation": [180, 0, 0]
						},
						"thrust2": {
							"offset": [10, 40, 11],
							"rotation": [180, 0, 0]
						}
					}
				},
				{
					"name": "left_leg",
					"parent": "root",
					"pivot": [4, 36, 0],
					"cubes": [
						{"origin": [1, 18, -4.5], "size": [8, 19, 8], "inflate": 0.1, "uv": [0, 79]}
					]
				},
				{
					"name": "left_leg2",
					"parent": "left_leg",
					"pivot": [3.5, 19, 0],
					"cubes": [
						{"origin": [1, 0, -4.5], "size": [8, 19, 8], "uv": [32, 93]},
						{"origin": [5, 0, -9], "size": [0, 19, 5], "uv": [35, 120]}
					]
				},
				{
					"name": "right_leg",
					"parent": "root",
					"pivot": [-4, 36, 0],
					"cubes": [
						{"origin": [-9, 18, -4.5], "size": [8, 19, 8], "inflate": 0.1, "uv": [0, 79], "mirror": true}
					]
				},
				{
					"name": "right_leg2",
					"parent": "right_leg",
					"pivot": [-3.5, 19, 0],
					"cubes": [
						{"origin": [-9, 0, -4.5], "size": [8, 19, 8], "uv": [32, 93], "mirror": true},
						{"origin": [-5, 0, -9], "size": [0, 19, 5], "uv": [35, 120], "mirror": true}
					]
				}
			]
		}
	]
}