{
  "format_version": "1.10.0",
  "minecraft:client_entity": {
    "description": {
      "identifier": "rai:uzumaki",
      "materials": {
        "default": "entity_alphatest"
      },
      "textures": {
        "default": "textures/no_model"
      },
      "geometry": {
        "default": "geometry.uzumaki"
      },
      "particle_effects": {
        "uzumaki": "j:uzumaki",
        "uzumaki_eye": "j:uzumaki_eye",
        "explode": "minecraft:large_explosion"
      },
      "scripts" : {
        "animate" : [
          "uzumaki",
          "look"
        ]
      },
      "animations" : {
        "uzumaki" : "animation.jurei_soujutsu.uzumaki",
        "look" : "animation.root.projectile"
      },
      "render_controllers": [ "controller.render.default" ]
    }
  }
}