{
    "format_version": "1.19.50",
	"minecraft:item": {
		"description": {
			"identifier": "rai:empty_blood_pack",
            "category": "Items"
		},
        "components": {
            "minecraft:creative_category": {
                "parent": "itemGroup.name.jujutsu"
            },
            "minecraft:icon": {
                "texture": "empty_blood_pack"
            },
            "minecraft:render_offsets": {
				"main_hand": {
					"third_person": {
						"scale": [0.0225, 0.0225, 0.0225]
					},
					"first_person": {
						"scale": [0.0085, 0.0085, 0.0085]
					}
				},
				"off_hand": {
					"third_person": {
						"scale": [0.0225, 0.0225, 0.0225]
					},
					"first_person": {
						"scale": [0.0085, 0.0085, 0.0085]
					}
				}
			},
            "minecraft:max_stack_size": 64,
            "minecraft:can_destroy_in_creative": false
        }
    }
}