{
    "format_version": "1.19.50",
	"minecraft:item": {
		"description": {
			"identifier": "rai:mission",
            "category": "Items"
		},
        "components": {
            "minecraft:creative_category": {
                "parent": "itemGroup.name.jujutsu"
            },
            "minecraft:icon": {
                "texture": "map_empty"
            },
            "minecraft:cooldown": {
                "category": "mission",
                "duration": 1
            },
            "minecraft:on_use":{
                "on_use": {
                    "event": "mission"
                }
            },
            "minecraft:max_stack_size": 64,
            "minecraft:can_destroy_in_creative": false
        },
        "events": {
            "mission": {
                "run_command": {
                    "command": [
                        "function mission/show_mission"
                    ]
                }
            }
        }
    }
}