{
    "format_version": "1.19.50",
	"minecraft:item": {
		"description": {
			"identifier": "rai:syringe",
            "category": "Items"
		},
        "components": {
            "minecraft:creative_category": {
                "parent": "itemGroup.name.jujutsu"
            },
            "minecraft:icon": {
                "texture": "syringe"
            },
            "minecraft:render_offsets": {
				"main_hand": {
					"third_person": {
						"scale": [0.0225, 0.0225, 0.0225]
					},
					"first_person": {
						"scale": [0.0085, 0.0085, 0.0085]
					}
				},
				"off_hand": {
					"third_person": {
						"scale": [0.0225, 0.0225, 0.0225]
					},
					"first_person": {
						"scale": [0.0085, 0.0085, 0.0085]
					}
				}
			},
            "minecraft:cooldown": {
                "category": "syringe",
                "duration": 1
            },
            "minecraft:on_use":{
                "on_use": {
                    "condition": "q.scoreboard('cooltime') <= 0",
                    "event": "syringe"
                }
            },
            "minecraft:max_stack_size": 1,
            "minecraft:can_destroy_in_creative": false
        },
        "events": {
            "syringe": {
                "run_command": {
                    "command": [
                        "execute as @s[tag=!cooltime,hasitem={item=rai:empty_blood_pack}] run function items/syringe"
                    ]
                }
            }
		}
    }
}