{
    "format_version": "1.16.0",
    "minecraft:entity": {
        "description": {
            "identifier": "rai:koryu_jurei",
            "is_spawnable": true,
            "is_summonable": true,
            "is_experimental": false,
            "scripts": {
                "animate": [
                    {"died": "q.is_tamed"},
                    "mark_variant",
                    "jurei_health"
                ]
            },
            "animations": {
                "died": "controller.animation.health1000_died",
                "mark_variant": "controller.animation.mark_variant",
                "jurei_health": "controller.animation.jurei_health"
            }
        },
        "component_groups": {
            "reset_mark_variant": {"minecraft:mark_variant": {"value": 0}},
            "mark_variant": {"minecraft:mark_variant": {"value": 1}},
            "mark_variant2": {"minecraft:mark_variant": {"value": 2}},
            "mark_variant3": {"minecraft:mark_variant": {"value": 3}},
            "mark_variant4": {"minecraft:mark_variant": {"value": 4}},
            "mark_variant5": {"minecraft:mark_variant": {"value": 5}},
            "mark_variant6": {"minecraft:mark_variant": {"value": 6}},
            "mark_variant7": {"minecraft:mark_variant": {"value": 7}},
            "mark_variant8": {"minecraft:mark_variant": {"value": 8}},
            "mark_variant9": {"minecraft:mark_variant": {"value": 9}},
            "mark_variant10": {"minecraft:mark_variant": {"value": 10}},
            "mark_variant11": {"minecraft:mark_variant": {"value": 11}},
            "mark_variant12": {"minecraft:mark_variant": {"value": 12}},
            "mark_variant13": {"minecraft:mark_variant": {"value": 13}},
            "mark_variant14": {"minecraft:mark_variant": {"value": 14}},
            "mark_variant15": {"minecraft:mark_variant": {"value": 15}},
            "mark_variant16": {"minecraft:mark_variant": {"value": 16}},
            "mark_variant17": {"minecraft:mark_variant": {"value": 17}},
            "mark_variant18": {"minecraft:mark_variant": {"value": 18}},
            "mark_variant19": {"minecraft:mark_variant": {"value": 19}},
            "mark_variant20": {"minecraft:mark_variant": {"value": 20}},
            "mark_variant21": {"minecraft:mark_variant": {"value": 21}},
            "mark_variant22": {"minecraft:mark_variant": {"value": 22}},
            "mark_variant23": {"minecraft:mark_variant": {"value": 23}},
            "mark_variant24": {"minecraft:mark_variant": {"value": 24}},
            "mark_variant25": {"minecraft:mark_variant": {"value": 25}},
            "mark_variant26": {"minecraft:mark_variant": {"value": 26}}, 
            "mark_variant27": {"minecraft:mark_variant": {"value": 27}},
            "mark_variant28": {"minecraft:mark_variant": {"value": 28}},
            "mark_variant29": {"minecraft:mark_variant": {"value": 29}},
            "target2": {
                "minecraft:despawn": {
                    "despawn_from_distance": {}
                }
            },
            "target": {
                "minecraft:behavior.look_at_target": {
                    "look_distance": 64,
                    "probability": 1,
                    "look_time": 999,
                    "priority": 2,
                    "angle_of_view_vertical": 360,
                    "angle_of_view_horizontal": 360
                },
                "minecraft:timer": {
                    "time": [1,2],
                    "looping": true,
                    "time_down_event": {
                        "event": "attack",
                        "target": "self"
                    }
                }
            },
            "hurt_by_target": {
                "minecraft:behavior.hurt_by_target": {
                }
            },
            "geto_jurei_soujutsu": {
                "minecraft:type_family": {
                    "family": [
                        "geto_jurei_soujutsu",
                        "health1000_died",
                        "jujutsu_kaisen",
                        "1kyu_jurei",
                        "jurei",
                        "fly_mob",
                        "mob"
                    ]
                },
                "minecraft:behavior.nearest_attackable_target": {
                 "priority": 3,
                 "reselect_targets": true,
                 "within_radius": 32,
                 "entity_types": [
                   {
                     "filters": {
                        "any_of": [
                            {
                                "all_of": [
                                    { "test": "has_tag", "subject": "self", "value": "school_team" },
                                    { "test": "has_tag", "subject": "self", "operator": "not", "value": "geto_jurei_soujutsu_player" },
                                    { "test": "has_tag", "subject": "other", "operator": "not", "value": "geto_jurei_soujutsu" },
                                    { "test": "is_family", "subject": "other", "operator": "not", "value": "school_team" },
                                    { "test": "is_family", "subject": "other", "operator": "not", "value": "jujutsushi" },
                                    { "test": "is_family", "subject": "other", "operator": "not", "value": "damage" },
                                    { "test": "has_tag", "subject": "other", "operator": "not", "value": "no_player" },
                                    { "test": "is_family", "subject": "other", "operator": "not", "value": "player" }
                                ]
                            },
                            {
                                "all_of": [
                                    { "test": "has_tag", "subject": "self", "operator": "not", "value": "school_team" },
                                    { "test": "has_tag", "subject": "self", "operator": "not", "value": "geto_jurei_soujutsu_player" },
                                    { "test": "has_tag", "subject": "other", "operator": "not", "value": "geto_jurei_soujutsu" },
                                    { "test": "is_family", "subject": "other", "operator": "not", "value": "animal" },
                                    { "test": "is_family", "subject": "other", "operator": "not", "value": "monster" },
                                    { "test": "is_family", "subject": "other", "operator": "not", "value": "jusoshi" },
                                    { "test": "is_family", "subject": "other", "operator": "not", "value": "damage" },
                                    { "test": "has_tag", "subject": "other", "operator": "not", "value": "no_player" },
                                    { "test": "is_family", "subject": "other", "operator": "not", "value": "player" }
                                ]
                            },
                            {
                                "all_of": [
                                    { "test": "has_tag", "subject": "self", "value": "geto_jurei_soujutsu_player" },
                                    { "test": "has_tag", "subject": "other", "operator": "not", "value": "no_player" },
                                    { "test": "is_family", "subject": "other", "value": "player" }
                                ]
                            }
                        ]
                     },
                     "must_see": true,
                     "max_dist": 64
                   }
                 ]
                }
            },
            "despawn": {
                "minecraft:instant_despawn": {
                }
            },
            "despawn2": {
                "minecraft:timer": {
                    "time": 0.15,
                    "looping": true,
                    "time_down_event": {
                        "event": "despawn"
                    }
                }
            },
            "jurei_soujutsu": {
                "minecraft:timer": {
                    "time": 0.5,
                    "looping": false,
                    "time_down_event": {
                        "event": "scale"
                    }
                },
                "minecraft:interact": {
                    "interactions": [
                        {
                          "on_interact": {
                            "filters": {
                                "all_of": [
                                  { "test": "is_family", "subject": "other", "value": "player" },
                                  { "test": "has_tag", "subject": "other", "value": "jurei_soujutsu" },
                                  { "test": "has_tag", "operator": "not", "value": "jurei_health" },
                                  { "test": "has_tag", "operator": "not", "value": "jurei_despawn" },
                                  { "test": "is_owner", "subject": "other", "value": true }
                                ]
                            },
                            "event": "jurei_soujutsu_despawn"
                          },
                          "cooldown": 999,
                          "swing": true,
                          "interact_text": "action.interact.torikomu2"
                        },
                        {
                            "on_interact": {
                              "filters": {
                                "all_of": [
                                  { "test": "is_family", "subject": "other", "value": "player" },
                                  { "test": "has_tag", "subject": "other", "value": "jurei_soujutsu" },
                                  { "test": "is_owner", "subject": "other", "value": false }
                                ]
                              }
                            },
                            "swing": true,
                            "interact_text": "action.interact.no_torikomu"
                          }
                      ]
                },
                "minecraft:type_family": {
                    "family": [
                        "health1000_died",
                        "jujutsu_kaisen",
                        "1kyu_jurei",
                        "jurei",
                        "fly_mob",
                        "mob"
                    ]
                },
                "minecraft:health": {
                    "value": 1050,
                    "max": 1050
                },
                "minecraft:nameable": {
                    "allow_name_tag_renaming": false,
                    "always_show": false
                },
                "minecraft:behavior.owner_hurt_by_target": {
                    "priority": 4
                },
                "minecraft:behavior.owner_hurt_target": {
                    "priority": 3
                },
                "minecraft:is_tamed": {}
            },
            "jurei_soujutsu_remove_components": {
                "minecraft:behavior.nearest_attackable_target": {
                },
                "minecraft:behavior.hurt_by_target": {
                },
                "minecraft:despawn": {
                    "despawn_from_distance": {}
                }
            },
            "scale": {
                "minecraft:on_target_acquired": {
                    "event": "target"
                },
                "minecraft:on_target_escape": {
                    "event": "target2"
                },
                "minecraft:scale": {
                    "value": 1
                }
            }
        },
        "components": {
            "minecraft:timer": {
                "time": 0,
                "looping": false,
                "time_down_event": {
                    "event": "scale"
                }
            },
            "minecraft:scale": {
                "value": 0
            },
            "minecraft:interact": {
                "interactions": [
                    {
                        "on_interact": {
                          "filters": {
                            "all_of": [
                              { "test": "is_family", "subject": "other", "value": "player" },
                              { "test": "has_tag", "subject": "other", "value": "jurei_soujutsu" },
                              { "test": "has_tag", "operator": "not", "value": "geto_jurei_soujutsu" },
                              { "test": "has_tag", "operator": "not", "value": "jurei_despawn" },
                              { "test": "has_tag", "value": "jurei_health" }
                            ]
                          },
                          "event": "jurei_soujutsu_despawn2"
                        },
                        "swing": true,
                        "interact_text": "action.interact.torikomu"
                    }
                ]
            },
            "minecraft:despawn": {
                "despawn_from_distance": {
                }
            },
            "minecraft:damage_sensor": {
                "triggers": [
                    {
                        "on_damage": {
                            "filters": {
                                "test": "is_family",
                                "subject": "damager",
                                "value": "no_damage"
                            }
                        },
                        "deals_damage": false
                    },
                    {
                        "on_damage": {
                            "filters": {
                                "test": "has_tag",
                                "subject": "damager",
                                "value": "no_juryoku"
                            }
                        },
                        "deals_damage": false
                    },
                    {
                        "on_damage": {
                            "filters": {
                                "any_of": [
                                    {
                                        "test": "has_damage",
                                        "value": "fall"
                                    },
                                    {
                                        "test": "has_damage",
                                        "value": "falling_block"
                                    },
                                    {
                                        "test": "has_damage",
                                        "value": "block_explosion"
                                    },
                                    {
                                        "test": "has_damage",
                                        "value": "anvil"
                                    },
                                    {
                                        "test": "has_damage",
                                        "value": "drowning"
                                    },
                                    {
                                        "test": "has_damage",
                                        "value": "lava"
                                    },
                                    {
                                        "test": "has_damage",
                                        "value": "suffocation"
                                    }
                                ]
                            }
                        },
                        "deals_damage": false
                    },
                    {
                        "on_damage": {
                            "filters": {
                                "test": "has_tag",
                                "subject": "other",
                                "value": "juryoku_lv_0"
                            }
                        },
                        "damage_multiplier": 0.3
                    }
                ]
            },
            "minecraft:behavior.float": {
                "priority": 0
            },
            "minecraft:behavior.melee_attack": {
                "priority": 1,
                "reach_multiplier": 3
            },
            "minecraft:behavior.nearest_attackable_target": {
             "priority": 3,
             "reselect_targets": true,
             "within_radius": 32,
             "entity_types": [
               {
                 "filters": {
                    "all_of": [
                        { "test": "is_brightness", "operator": "<", "value": 0.5 },
                        { "test": "is_family", "subject": "other", "operator": "not", "value": "jurei" },
                        { "test": "is_family", "subject": "other", "operator": "not", "value": "animal" },
                        { "test": "is_family", "subject": "other", "operator": "not", "value": "monster" },
                        { "test": "is_family", "subject": "other", "operator": "not", "value": "damage" },
                        { "test": "has_tag", "subject": "other", "operator": "not", "value": "no_player" }
                    ]
                 },
                 "must_see": true,
                 "max_dist": 64
               }
             ]
            },
            "minecraft:behavior.hurt_by_target": {
                "alert_same_type": true,
                "priority": 4,
                "entity_types": {
                    "filters": {
                        "all_of": [
                            { "test": "is_family", "subject": "other", "operator": "not", "value": "damage" },
                            { "test": "has_tag", "subject": "other", "operator": "not", "value": "no_player" }
                        ]
                    }
                }
            },
            "minecraft:behavior.random_stroll": {
                "priority": 5
            },
            "minecraft:type_family": {
                "family": [
                    "mob_entity",
                    "jujutsu_kaisen",
                    "1kyu_jurei",
                    "jurei",
                    "fly_mob",
                    "mob"
                ]
            },
            "minecraft:collision_box": {
              "width": 1.5,
              "height": 1.5
            },
            "minecraft:health": {
              "value": 50,
              "max": 50
            },
            "minecraft:movement": {
              "value": 0.075
            },
            "minecraft:attack": {
              "damage": 1
            },
            "minecraft:behavior.random_hover": {
                "priority": 9,
                "xz_dist": 8,
                "y_dist": 4,
                "y_offset": -1,
                "interval": 20,
                "hover_height": [1, 2]
            },
            "minecraft:flying_speed": {
                "value": 0.4
            },
            "minecraft:navigation.hover": {
                "can_path_over_water": true,
                "can_sink": false,
                "can_pass_doors": false,
                "can_path_from_air": true,
                "avoid_water": true,
                "avoid_damage_blocks": true,
                "avoid_sun": false
            },
            "minecraft:movement.hover": {},
            "minecraft:jump.static": {
            },
            "minecraft:physics": {},
            "minecraft:pushable": {
                "is_pushable": true,
                "is_pushable_by_piston": true
            }
        },
        "events": {
            "reset_mark_variant": {"add": {"component_groups": ["reset_mark_variant"]}},
            "mark_variant": {"add": {"component_groups": ["mark_variant"]}},
            "mark_variant2": {"add": {"component_groups": ["mark_variant2"]}},
            "mark_variant3": {"add": {"component_groups": ["mark_variant3"]}},
            "mark_variant4": {"add": {"component_groups": ["mark_variant4"]}},
            "mark_variant5": {"add": {"component_groups": ["mark_variant5"]}},
            "mark_variant6": {"add": {"component_groups": ["mark_variant6"]}},
            "mark_variant7": {"add": {"component_groups": ["mark_variant7"]}},
            "mark_variant8": {"add": {"component_groups": ["mark_variant8"]}},
            "mark_variant9": {"add": {"component_groups": ["mark_variant9"]}},
            "mark_variant10": {"add": {"component_groups": ["mark_variant10"]}},
            "mark_variant11": {"add": {"component_groups": ["mark_variant11"]}},
            "mark_variant12": {"add": {"component_groups": ["mark_variant12"]}},
            "mark_variant13": {"add": {"component_groups": ["mark_variant13"]}},
            "mark_variant14": {"add": {"component_groups": ["mark_variant14"]}},
            "mark_variant15": {"add": {"component_groups": ["mark_variant15"]}},
            "mark_variant16": {"add": {"component_groups": ["mark_variant16"]}},
            "mark_variant17": {"add": {"component_groups": ["mark_variant17"]}},
            "mark_variant18": {"add": {"component_groups": ["mark_variant18"]}},
            "mark_variant19": {"add": {"component_groups": ["mark_variant19"]}},
            "mark_variant20": {"add": {"component_groups": ["mark_variant20"]}},
            "mark_variant21": {"add": {"component_groups": ["mark_variant21"]}},
            "mark_variant22": {"add": {"component_groups": ["mark_variant22"]}},
            "mark_variant23": {"add": {"component_groups": ["mark_variant23"]}},
            "mark_variant24": {"add": {"component_groups": ["mark_variant24"]}},
            "mark_variant25": {"add": {"component_groups": ["mark_variant25"]}},
            "mark_variant26": {"add": {"component_groups": ["mark_variant26"]}},
            "mark_variant27": {"add": {"component_groups": ["mark_variant27"]}},
            "mark_variant28": {"add": {"component_groups": ["mark_variant28"]}},
            "mark_variant29": {"add": {"component_groups": ["mark_variant29"]}},
            "target": {
                "run_command": {
                    "command": [
                        "event entity @s attack"
                    ]
                },
                "remove": {
                    "component_groups": [
                        "target2"
                    ]
                },
                "add": {
                    "component_groups": [
                        "target"
                    ]
                }
            },
            "target2": {
                "sequence": [
                    {
                        "remove": {
                            "component_groups": [
                                "target"
                            ]
                        }
                    },
                    {
                        "filters": {
                            "test": "has_tag",
                            "operator": "not",
                            "value": "jurei_soujutsu_jurei"
                        },
                        "add": {
                            "component_groups": [
                                "target2"
                            ]
                        }
                    }
                ]
            },
            "attack": {
                "sequence": [
                    {
                        "run_command": {
                            "command": [
                                "tag @s add target"
                            ],
                            "target": "target"
                        }
                    },
                    {
                        "randomize": [
                            {
                                "weight": 1,
                                "run_command": {
                                    "command": [
                                        "execute if entity @e[tag=target,r=5] as @s[tag=!cooltime] run function skill/punch"
                                    ]
                                }
                            },
                            {
                                "weight": 5,
                                "run_command": {
                                    "command": [
                                        "execute as @s[tag=!cooltime] run function entity/mob/koryu_jurei_attack"
                                    ]
                                }
                            }
                        ]
                    },
                    {
                        "run_command": {
                            "command": [
                                "tag @e remove target"
                            ]
                        }
                    }
                ]
            },
            "koryu_jurei_attack": {
                "sequence": [
                    {
                        "run_command": {
                            "command": [
                                "tag @s add target"
                            ],
                            "target": "target"
                        }
                    },
                    {
                        "run_command": {
                            "command": [
                                "function entity/mob/koryu_jurei_punch",
                                "scriptevent j:koryu_jurei_attack"
                            ]
                        }
                    },
                    {
                        "run_command": {
                            "command": [
                                "tag @e remove target"
                            ]
                        }
                    }
                ]
            },
            "minecraft:entity_spawned": {
                "run_command": {
                    "command": [
                        "scoreboard players set @s juryoku_lv 2"
                    ]
                }
            },
            "geto_jurei_soujutsu": {
                "run_command": {
                    "command": [
                        "scoreboard players random @s despawn 50 100"
                    ]
                },
                "add": {
                    "component_groups": [
                        "geto_jurei_soujutsu"
                    ]
                },
                "remove": {
                    "component_groups": [
                        "hurt_by_target"
                    ]
                }
            },
            "despawn": {
                "add": {
                    "component_groups": [
                        "despawn"
                    ]
                }
            },
            "kill": {
                "run_command": {
                    "command": [
                        "tag @s add jurei_despawn"
                    ]
                },
                "add": {
                    "component_groups": [
                        "despawn2"
                    ]
                }
            },
            "jurei_soujutsu_despawn": {
                "run_command": {
                    "command": [
                        "tag @s add jurei_despawn"
                    ]
                },
                "add": {
                    "component_groups": [
                        "despawn2"
                    ]
                }
            },
            "jurei_soujutsu_despawn2": {
                "sequence": [
                    {
                        "run_command": {
                            "command": [
                                "tag @s add jurei_test"
                            ]
                        }
                    },
                    {
                        "run_command": {
                            "command": [
                                "execute as @s[scores={juryoku=100..}] run tag @e remove jurei_test",
                                "give @s[scores={juryoku=100..}] rai:koryu_jurei_ball 1 0 {\"item_lock\":{\"mode\":\"lock_in_inventory\"},\"keep_on_death\":{}}",
                                "scoreboard players remove @s[scores={juryoku=100..}] juryoku 100"
                            ],
                            "target": "other"
                        }
                    },
                    {
                        "run_command": {
                            "command": [
                                "tag @s[tag=!jurei_test] add jurei_despawn",
                                "event entity @s[tag=!jurei_test] despawn",
                                "tag @s remove jurei_test"
                            ]
                        }
                    }
                ]
            },
            "PlayerName_jurei_soujutsu": {
                "add": {
                    "component_groups": [
                        "jurei_soujutsu"
                    ]
                },
                "remove": {
                    "component_groups": [
                        "jurei_soujutsu_remove_components"
                    ]
                },
                "run_command": {
                    "command": "tag @s add jurei_soujutsu_jurei"
                }
            },
            "scale": {
                "run_command": {
                    "command": "loot replace entity @s slot.armor.head 0 loot \"equipment/koryu_armor\""
                },
                "add": {
                    "component_groups": [
                        "scale"
                    ]
                }
            }
        }
    }
}