{
    "format_version": "1.16.0",
    "minecraft:entity": {
        "description": {
            "identifier": "rai:one_eye_jurei",
            "is_spawnable": true,
            "is_summonable": true,
            "is_experimental": false,
            "scripts": {
                "animate": [
                    {"died": "q.is_tamed"},
                    "jurei_health"
                ]
            },
            "animations": {
                "died": "controller.animation.health1000_died",
                "jurei_health": "controller.animation.jurei_health"
            }
        },
        "component_groups": {
            "target2": {
                "minecraft:despawn": {
                    "despawn_from_distance": {}
                }
            },
            "target": {
                "minecraft:behavior.look_at_target": {
                    "look_distance": 64,
                    "probability": 1,
                    "look_time": 999,
                    "priority": 2,
                    "angle_of_view_vertical": 360,
                    "angle_of_view_horizontal": 360
                },
                "minecraft:timer": {
                    "time": [0.8,1],
                    "looping": true,
                    "time_down_event": {
                        "event": "attack",
                        "target": "self"
                    }
                }
            },
            "hurt_by_target": {
                "minecraft:behavior.hurt_by_target": {
                }
            },
            "geto_jurei_soujutsu": {
                "minecraft:behavior.hurt_by_target": {
                    "entity_types": {
                        "filters": {
                            "test": "is_owner"
                        }
                    }
                },
                "minecraft:type_family": {
                    "family": [
                        "geto_jurei_soujutsu",
                        "health1000_died",
                        "jujutsu_kaisen",
                        "1kyu_jurei",
                        "jurei",
                        "mob"
                    ]
                },
                "minecraft:behavior.nearest_attackable_target": {
                 "priority": 3,
                 "reselect_targets": true,
                 "within_radius": 32,
                 "entity_types": [
                   {
                     "filters": {
                        "any_of": [
                            {
                                "all_of": [
                                    { "test": "has_tag", "value": "school_team" },
                                    { "test": "has_tag", "operator": "not", "value": "geto_jurei_soujutsu_player" },
                                    { "test": "has_tag", "subject": "other", "operator": "not", "value": "geto_jurei_soujutsu" },
                                    { "test": "is_family", "subject": "other", "operator": "not", "value": "school_team" },
                                    { "test": "is_family", "subject": "other", "operator": "not", "value": "jujutsushi" },
                                    { "test": "is_family", "subject": "other", "operator": "not", "value": "damage" },
                                    { "test": "has_tag", "subject": "other", "operator": "not", "value": "no_player" },
                                    { "test": "is_family", "subject": "other", "operator": "not", "value": "player" }
                                ]
                            },
                            {
                                "all_of": [
                                    { "test": "has_tag", "operator": "not", "value": "school_team" },
                                    { "test": "has_tag", "operator": "not", "value": "geto_jurei_soujutsu_player" },
                                    { "test": "has_tag", "subject": "other", "operator": "not", "value": "geto_jurei_soujutsu" },
                                    { "test": "is_family", "subject": "other", "operator": "not", "value": "animal" },
                                    { "test": "is_family", "subject": "other", "operator": "not", "value": "monster" },
                                    { "test": "is_family", "subject": "other", "operator": "not", "value": "jusoshi" },
                                    { "test": "is_family", "subject": "other", "operator": "not", "value": "damage" },
                                    { "test": "has_tag", "subject": "other", "operator": "not", "value": "no_player" },
                                    { "test": "is_family", "subject": "other", "operator": "not", "value": "player" }
                                ]
                            },
                            {
                                "all_of": [
                                    { "test": "has_tag", "value": "geto_jurei_soujutsu_player" },
                                    { "test": "has_tag", "subject": "other", "operator": "not", "value": "no_player" },
                                    { "test": "is_family", "subject": "other", "value": "player" }
                                ]
                            }
                        ]
                     },
                     "must_see": true,
                     "max_dist": 64
                   }
                 ]
                }
            },
            "despawn": {
                "minecraft:instant_despawn": {
                }
            },
            "despawn2": {
                "minecraft:timer": {
                    "time": 0.15,
                    "looping": true,
                    "time_down_event": {
                        "event": "despawn"
                    }
                }
            },
            "jurei_soujutsu": {
                "minecraft:timer": {
                    "time": 0.5,
                    "looping": false,
                    "time_down_event": {
                        "event": "scale"
                    }
                },
                "minecraft:interact": {
                    "interactions": [
                        {
                          "on_interact": {
                            "filters": {
                                "all_of": [
                                  { "test": "is_family", "subject": "other", "value": "player" },
                                  { "test": "has_tag", "subject": "other", "value": "jurei_soujutsu" },
                                  { "test": "has_tag", "operator": "not", "value": "jurei_health" },
                                  { "test": "has_tag", "operator": "not", "value": "jurei_despawn" },
                                  { "test": "is_owner", "subject": "other", "value": true }
                                ]
                            },
                            "event": "jurei_soujutsu_despawn"
                          },
                          "cooldown": 999,
                          "swing": true,
                          "interact_text": "action.interact.torikomu2"
                        },
                        {
                            "on_interact": {
                              "filters": {
                                "all_of": [
                                  { "test": "is_family", "subject": "other", "value": "player" },
                                  { "test": "has_tag", "subject": "other", "value": "jurei_soujutsu" },
                                  { "test": "is_owner", "subject": "other", "value": false }
                                ]
                              }
                            },
                            "swing": true,
                            "interact_text": "action.interact.no_torikomu"
                          }
                      ]
                },
                "minecraft:type_family": {
                    "family": [
                        "health1000_died",
                        "jujutsu_kaisen",
                        "1kyu_jurei",
                        "jurei",
                        "mob"
                    ]
                },
                "minecraft:health": {
                    "value": 1050,
                    "max": 1050
                },
                "minecraft:nameable": {
                    "allow_name_tag_renaming": false,
                    "always_show": false
                },
                "minecraft:behavior.owner_hurt_by_target": {
                    "priority": 4
                },
                "minecraft:behavior.owner_hurt_target": {
                    "priority": 3
                },
                "minecraft:is_tamed": {}
            },
            "jurei_soujutsu_remove_components": {
                "minecraft:behavior.nearest_attackable_target": {
                },
                "minecraft:behavior.hurt_by_target": {
                },
                "minecraft:despawn": {
                    "despawn_from_distance": {}
                }
            },
            "scale": {
                "minecraft:on_target_acquired": {
                    "event": "target"
                },
                "minecraft:on_target_escape": {
                    "event": "target2"
                },
                "minecraft:scale": {
                    "value": 1
                }
            }
        },
        "components": {
            "minecraft:timer": {
                "time": 0,
                "looping": false,
                "time_down_event": {
                    "event": "scale"
                }
            },
            "minecraft:scale": {
                "value": 0
            },
            "minecraft:interact": {
                "interactions": [
                    {
                        "on_interact": {
                          "filters": {
                            "all_of": [
                              { "test": "is_family", "subject": "other", "value": "player" },
                              { "test": "has_tag", "subject": "other", "value": "jurei_soujutsu" },
                              { "test": "has_tag", "operator": "not", "value": "geto_jurei_soujutsu" },
                              { "test": "has_tag", "operator": "not", "value": "jurei_despawn" },
                              { "test": "has_tag", "value": "jurei_health" }
                            ]
                          },
                          "event": "jurei_soujutsu_despawn2"
                        },
                        "swing": true,
                        "interact_text": "action.interact.torikomu"
                    }
                ]
            },
            "minecraft:despawn": {
                "despawn_from_distance": {
                }
            },
            "minecraft:damage_sensor": {
                "triggers": [
                    {
                        "on_damage": {
                            "filters": {
                                "test": "is_family",
                                "subject": "damager",
                                "value": "no_damage"
                            }
                        },
                        "deals_damage": false
                    },
                    {
                        "on_damage": {
                            "filters": {
                                "test": "has_tag",
                                "subject": "damager",
                                "value": "no_juryoku"
                            }
                        },
                        "deals_damage": false
                    },
                    {
                        "on_damage": {
                            "filters": {
                                "any_of": [
                                    {
                                        "test": "has_damage",
                                        "value": "fall"
                                    },
                                    {
                                        "test": "has_damage",
                                        "value": "falling_block"
                                    },
                                    {
                                        "test": "has_damage",
                                        "value": "block_explosion"
                                    },
                                    {
                                        "test": "has_damage",
                                        "value": "anvil"
                                    },
                                    {
                                        "test": "has_damage",
                                        "value": "drowning"
                                    },
                                    {
                                        "test": "has_damage",
                                        "value": "lava"
                                    },
                                    {
                                        "test": "has_damage",
                                        "value": "suffocation"
                                    }
                                ]
                            }
                        },
                        "deals_damage": false
                    },
                    {
                        "on_damage": {
                            "filters": {
                                "test": "has_tag",
                                "subject": "other",
                                "value": "juryoku_lv_0"
                            }
                        },
                        "damage_multiplier": 0.3
                    }
                ]
            },
            "minecraft:behavior.float": {
                "priority": 0
            },
            "minecraft:behavior.melee_attack": {
                "reach_multiplier": 5,
                "priority": 1
            },
            "minecraft:behavior.nearest_attackable_target": {
             "priority": 3,
             "reselect_targets": true,
             "within_radius": 32,
             "entity_types": [
               {
                 "filters": {
                    "all_of": [
                        { "test": "is_brightness", "operator": "<", "value": 0.5 },
                        { "test": "is_family", "subject": "other", "operator": "not", "value": "jurei" },
                        { "test": "is_family", "subject": "other", "operator": "not", "value": "animal" },
                        { "test": "is_family", "subject": "other", "operator": "not", "value": "monster" },
                        { "test": "is_family", "subject": "other", "operator": "not", "value": "damage" },
                        { "test": "has_tag", "subject": "other", "operator": "not", "value": "no_player" }
                    ]
                 },
                 "must_see": true,
                 "max_dist": 64
               }
             ]
            },
            "minecraft:behavior.hurt_by_target": {
                "alert_same_type": true,
                "priority": 4,
                "entity_types": {
                    "filters": {
                        "all_of": [
                            { "test": "is_family", "subject": "other", "operator": "not", "value": "damage" },
                            { "test": "has_tag", "subject": "other", "operator": "not", "value": "no_player" }
                        ]
                    },
                    "max_dist": 64
                }
            },
            "minecraft:behavior.random_stroll": {
                "priority": 5
            },
            "minecraft:navigation.walk": {
                "is_amphibious": true,
                "can_sink": false,
                "can_walk": true,
                "avoid_water": true
            },
            "minecraft:type_family": {
                "family": [
                    "mob_entity",
                    "jujutsu_kaisen",
                    "1kyu_jurei",
                    "jurei",
                    "mob"
                ]
            },
            "minecraft:collision_box": {
                "width": 1,
                "height": 2
            },
            "minecraft:health": {
                "value": 50,
                "max": 50
            },
            "minecraft:attack": {
                "damage": 3
            },
            "minecraft:movement": {
                "value": 0.3
            },
            "minecraft:movement.basic": {},
            "minecraft:jump.static": {
            },
            "minecraft:physics": {},
            "minecraft:pushable": {
                "is_pushable": true,
                "is_pushable_by_piston": true
            }
        },
        "events": {
            "target": {
                "run_command": {
                    "command": [
                        "event entity @s attack"
                    ]
                },
                "remove": {
                    "component_groups": [
                        "target2"
                    ]
                },
                "add": {
                    "component_groups": [
                        "target"
                    ]
                }
            },
            "target2": {
                "sequence": [
                    {
                        "remove": {
                            "component_groups": [
                                "target"
                            ]
                        }
                    },
                    {
                        "filters": {
                            "test": "has_tag",
                            "operator": "not",
                            "value": "jurei_soujutsu_jurei"
                        },
                        "add": {
                            "component_groups": [
                                "target2"
                            ]
                        }
                    }
                ]
            },
            "attack": {
                "sequence": [
                    {
                        "run_command": {
                            "command": [
                                "tag @s add target"
                            ],
                            "target": "target"
                        }
                    },
                    {
                        "run_command": {
                            "command": [
                                "execute if entity @e[tag=target,r=10] as @s[tag=!cooltime] run function skill/punch",
                                "execute if entity @e[tag=target,rm=10] as @s[tag=!cooltime] run function skill/sekkin"
                            ]
                        }
                    },
                    {
                        "run_command": {
                            "command": [
                                "tag @e remove target"
                            ]
                        }
                    }
                ]
            },
            "geto_jurei_soujutsu": {
                "run_command": {
                    "command": [
                        "scoreboard players random @s despawn 30 50"
                    ]
                },
                "add": {
                    "component_groups": [
                        "geto_jurei_soujutsu"
                    ]
                },
                "remove": {
                    "component_groups": [
                        "hurt_by_target"
                    ]
                }
            },
            "minecraft:entity_spawned": {
                "run_command": {
                    "command": [
                        "scoreboard players set @s juryoku_lv 2"
                    ]
                }
            },
            "despawn": {
                "add": {
                    "component_groups": [
                        "despawn"
                    ]
                }
            },
            "kill": {
                "run_command": {
                    "command": [
                        "tag @s add jurei_despawn"
                    ]
                },
                "add": {
                    "component_groups": [
                        "despawn2"
                    ]
                }
            },
            "jurei_soujutsu_despawn": {
                "run_command": {
                    "command": [
                        "tag @s add jurei_despawn"
                    ]
                },
                "add": {
                    "component_groups": [
                        "despawn2"
                    ]
                }
            },
            "jurei_soujutsu_despawn2": {
                "sequence": [
                    {
                        "run_command": {
                            "command": [
                                "tag @s add jurei_test"
                            ]
                        }
                    },
                    {
                        "run_command": {
                            "command": [
                                "execute as @s[scores={juryoku=100..}] run tag @e remove jurei_test",
                                "give @s[scores={juryoku=100..}] rai:one_eye_jurei_ball 1 0 {\"item_lock\":{\"mode\":\"lock_in_inventory\"},\"keep_on_death\":{}}",
                                "scoreboard players remove @s[scores={juryoku=100..}] juryoku 100"
                            ],
                            "target": "other"
                        }
                    },
                    {
                        "run_command": {
                            "command": [
                                "tag @s[tag=!jurei_test] add jurei_despawn",
                                "event entity @s[tag=!jurei_test] despawn",
                                "tag @s remove jurei_test"
                            ]
                        }
                    }
                ]
            },
            "PlayerName_jurei_soujutsu": {
                "add": {
                    "component_groups": [
                        "jurei_soujutsu"
                    ]
                },
                "remove": {
                    "component_groups": [
                        "jurei_soujutsu_remove_components"
                    ]
                },
                "run_command": {
                    "command": "tag @s add jurei_soujutsu_jurei"
                }
            },
            "scale": {
                "add": {
                    "component_groups": [
                        "scale"
                    ]
                }
            }
        }
    }
}