{
    "format_version": "1.16.0",
    "minecraft:entity": {
        "description": {
            "identifier": "rai:raichu_jurei",
            "is_spawnable": true,
            "is_summonable": true,
            "is_experimental": false,
            "scripts": {
                "animate": [
                    {"health1000_died": "q.is_tamed"},
                    "jurei_health",
                    "no_max_hp",
                    "mark_variant",
                    "died"
                ]
            },
            "animations": {
                "health1000_died": "controller.animation.health1000_died",
                "jurei_health": "controller.animation.jurei_health",
                "no_max_hp": "controller.animation.no_max_hp",
                "mark_variant": "controller.animation.mark_variant",
                "died": "controller.animation.died"
            }
        },
        "component_groups": {
            "mark_variant-1": {"minecraft:mark_variant": {"value": -1}},
            "reset_mark_variant": {"minecraft:mark_variant": {"value": 0}},
            "mark_variant": {"minecraft:mark_variant": {"value": 1}},
            "mark_variant2": {"minecraft:mark_variant": {"value": 2}},
            "mark_variant3": {"minecraft:mark_variant": {"value": 3}},
            "mark_variant4": {"minecraft:mark_variant": {"value": 4}},
            "mark_variant5": {"minecraft:mark_variant": {"value": 5}},
            "mark_variant6": {"minecraft:mark_variant": {"value": 6}},
            "mark_variant7": {"minecraft:mark_variant": {"value": 7}},
            "mark_variant8": {"minecraft:mark_variant": {"value": 8}},
            "mark_variant9": {"minecraft:mark_variant": {"value": 9}},
            "mark_variant10": {"minecraft:mark_variant": {"value": 10}},
            "mark_variant11": {"minecraft:mark_variant": {"value": 11}},
            "mark_variant12": {"minecraft:mark_variant": {"value": 12}},
            "mark_variant13": {"minecraft:mark_variant": {"value": 13}},
            "mark_variant14": {"minecraft:mark_variant": {"value": 14}},
            "mark_variant15": {"minecraft:mark_variant": {"value": 15}},
            "mark_variant16": {"minecraft:mark_variant": {"value": 16}},
            "mark_variant17": {"minecraft:mark_variant": {"value": 17}},
            "mark_variant18": {"minecraft:mark_variant": {"value": 18}},
            "mark_variant19": {"minecraft:mark_variant": {"value": 19}},
            "mark_variant20": {"minecraft:mark_variant": {"value": 20}},
            "mark_variant21": {"minecraft:mark_variant": {"value": 21}},
            "mark_variant22": {"minecraft:mark_variant": {"value": 22}},
            "mark_variant23": {"minecraft:mark_variant": {"value": 23}},
            "mark_variant24": {"minecraft:mark_variant": {"value": 24}},
            "mark_variant25": {"minecraft:mark_variant": {"value": 25}},
            "mark_variant26": {"minecraft:mark_variant": {"value": 26}},
            "mark_variant27": {"minecraft:mark_variant": {"value": 27}},
            "mark_variant28": {"minecraft:mark_variant": {"value": 28}},
            "mark_variant29": {"minecraft:mark_variant": {"value": 29}},
            "target2": {
                "minecraft:despawn": {
                    "despawn_from_distance": {}
                }
            },
            "target": {
                "minecraft:behavior.look_at_target": {
                    "look_distance": 64,
                    "probability": 1,
                    "look_time": 999,
                    "priority": 2,
                    "angle_of_view_vertical": 360,
                    "angle_of_view_horizontal": 360
                },
                "minecraft:timer": {
                    "time": [1,3],
                    "looping": true,
                    "time_down_event": {
                        "event": "attack",
                        "target": "self"
                    }
                }
            },
            "ride": {
                "minecraft:nameable": {
                    "allow_name_tag_renaming": false,
                    "always_show": true
                },
                "minecraft:interact": {
                },
                "minecraft:behavior.nearest_attackable_target": {
                 "priority": 3,
                 "reselect_targets": true,
                 "within_radius": 32,
                 "entity_types": [
                   {
                     "filters": {
                        "all_of": [
                            { "test": "is_brightness", "operator": "<", "value": 0.5 },
                            { "test": "is_family", "subject": "other", "operator": "not", "value": "jurei" },
                            { "test": "is_family", "subject": "other", "operator": "not", "value": "damage" },
                            { "test": "has_tag", "subject": "other", "operator": "not", "value": "no_player" }
                        ]
                     },
                     "must_see": true,
                     "max_dist": 64
                   }
                 ]
                },
                "minecraft:rideable": {
                  "seat_count": 1,
                  "family_types": [
                    "player"
                  ],
                  "seats": {
                    "position": [ 0, 0.5, 0 ]
                  }
                }
            },
            "ride_despawn": {
                "minecraft:despawn": {
                    "remove_child_entities": true,
                    "filters": {
                        "test": "rider_count",
                        "value": 0
                    }
                }
            },
            "raichumochi": {
                "minecraft:spawn_entity": {
                    "entities": {
                        "min_wait_time":0,
                        "max_wait_time":0,
                        "spawn_entity":"rai:raichumochi",
                        "num_to_spawn":1,
                        "spawn_event": "raichu_jurei",
                        "single_use":true
                    }
                }
            },
            "despawn": {
                "minecraft:instant_despawn": {
                }
            },
            "despawn2": {
                "minecraft:timer": {
                    "time": 0.15,
                    "looping": true,
                    "time_down_event": {
                        "event": "despawn"
                    }
                }
            },
            "jurei_soujutsu": {
                "minecraft:timer": {
                    "time": 0.5,
                    "looping": false,
                    "time_down_event": {
                        "event": "scale"
                    }
                },
                "minecraft:interact": {
                    "interactions": [
                        {
                          "on_interact": {
                            "filters": {
                                "all_of": [
                                  { "test": "is_family", "subject": "other", "value": "player" },
                                  { "test": "has_tag", "subject": "other", "value": "jurei_soujutsu" },
                                  { "test": "has_tag", "operator": "not", "value": "jurei_health" },
                                  { "test": "has_tag", "operator": "not", "value": "jurei_despawn" },
                                  { "test": "is_owner", "subject": "other", "value": true }
                                ]
                            },
                            "event": "jurei_soujutsu_despawn"
                          },
                          "cooldown": 999,
                          "swing": true,
                          "interact_text": "action.interact.torikomu2"
                        },
                        {
                            "on_interact": {
                              "filters": {
                                "all_of": [
                                  { "test": "is_family", "subject": "other", "value": "player" },
                                  { "test": "has_tag", "subject": "other", "value": "jurei_soujutsu" },
                                  { "test": "is_owner", "subject": "other", "value": false }
                                ]
                              }
                            },
                            "swing": true,
                            "interact_text": "action.interact.no_torikomu"
                          }
                      ]
                },
                "minecraft:scale": {
                    "value": 1
                },
                "minecraft:type_family": {
                    "family": [
                        "health1000_died",
                        "jujutsu_kaisen",
                        "3kyu_jurei",
                        "jurei",
                        "mob"
                    ]
                },
                "minecraft:health": {
                    "value": 1060,
                    "max": 1060
                },
                "minecraft:nameable": {
                    "allow_name_tag_renaming": false,
                    "always_show": false
                },
                "minecraft:behavior.owner_hurt_by_target": {
                    "priority": 4
                },
                "minecraft:behavior.owner_hurt_target": {
                    "priority": 3
                },
                "minecraft:is_tamed": {}
            },
            "jurei_soujutsu_remove_components": {
                "minecraft:boss": {},
                "minecraft:behavior.nearest_attackable_target": {
                },
                "minecraft:behavior.hurt_by_target": {
                },
                "minecraft:despawn": {
                    "despawn_from_distance": {}
                }
            },
            "scale": {
                "minecraft:on_target_acquired": {
                    "event": "target"
                },
                "minecraft:on_target_escape": {
                    "event": "target2"
                },
                "minecraft:scale": {
                    "value": 1
                }
            }
        },
        "components": {
            "minecraft:timer": {
                "time": 0,
                "looping": false,
                "time_down_event": {
                    "event": "scale"
                }
            },
            "minecraft:scale": {
                "value": 0
            },
            "minecraft:interact": {
                "interactions": [
                    {
                        "on_interact": {
                          "filters": {
                            "all_of": [
                              { "test": "is_family", "subject": "other", "value": "player" },
                              { "test": "has_tag", "subject": "other", "value": "jurei_soujutsu" },
                              { "test": "has_tag", "operator": "not", "value": "geto_jurei_soujutsu" },
                              { "test": "has_tag", "operator": "not", "value": "jurei_despawn" },
                              { "test": "has_tag", "value": "jurei_health" }
                            ]
                          },
                          "event": "jurei_soujutsu_despawn2"
                        },
                        "swing": true,
                        "interact_text": "action.interact.torikomu"
                    }
                ]
            },
            "minecraft:loot": {
              "table": "loot_tables/jujutsu_kaisen_entities/raichu.json"
            },
            "minecraft:boss": {
                "name": "entity.rai:raichu_jurei.name",
                "hud_range": 8
            },
            "minecraft:damage_sensor": {
                "triggers": [
                    {
                        "on_damage": {
                            "filters": {
                                "test": "is_family",
                                "subject": "damager",
                                "value": "no_damage"
                            }
                        },
                        "deals_damage": false
                    },
                    {
                        "on_damage": {
                            "filters": {
                                "test": "has_tag",
                                "subject": "damager",
                                "value": "no_juryoku"
                            }
                        },
                        "deals_damage": false
                    },
                    {
                        "on_damage": {
                            "filters": {
                                "any_of": [
                                    {
                                        "test": "has_damage",
                                        "value": "fall"
                                    },
                                    {
                                        "test": "has_damage",
                                        "value": "falling_block"
                                    },
                                    {
                                        "test": "has_damage",
                                        "value": "block_explosion"
                                    },
                                    {
                                        "test": "has_damage",
                                        "value": "anvil"
                                    },
                                    {
                                        "test": "has_damage",
                                        "value": "drowning"
                                    },
                                    {
                                        "test": "has_damage",
                                        "value": "lava"
                                    },
                                    {
                                        "test": "has_damage",
                                        "value": "suffocation"
                                    }
                                ]
                            }
                        },
                        "deals_damage": false
                    },
                    {
                      "on_damage": {
                          "filters": {
                            "any_of": [
                              {
                                "test" :  "has_damage",
                                "value" :  "fire"
                              },
                              {
                                "test" :  "has_damage",
                                "value" :  "fire_tick"
                              }
                            ]
                          }
                        },
                        "deals_damage": false
                    },
                    {
                        "on_damage": {
                            "filters": {
                                "all_of": [
                                    {
                                        "any_of": [
                                            {
                                                "test": "has_tag",
                                                "subject": "damager",
                                                "value": "no_damage_sneaking_attack"
                                            },
                                            {
                                                "test": "is_family",
                                                "subject": "damager",
                                                "value": "no_damage_sneaking_attack"
                                            }
                                        ]
                                    },
                                    {
                                        "test": "has_tag",
                                        "value": "damage_sneaking"
                                    }
                                ]
                            },
                            "event": "damage_sneaking"
                        }
                    },
                    {
                        "on_damage": {
                            "filters": {
                                "all_of": [
                                    {
                                        "test": "has_tag",
                                        "value": "damage_sneaking"
                                    }
                                ]
                            },
                            "event": "damage_sneaking"
                        },
                        "damage_multiplier": 0
                    },
                    {
                        "on_damage": {
                            "filters": {
                                "test": "has_tag",
                                "subject": "other",
                                "value": "juryoku_lv_0"
                            }
                        },
                        "damage_multiplier": 0.3
                    }
                ]
            },
            "minecraft:behavior.float": {
                "priority": 0
            },
            "minecraft:behavior.melee_attack": {
                "priority": 1
            },
            "minecraft:behavior.nearest_attackable_target": {
             "priority": 3,
             "reselect_targets": true,
             "within_radius": 32,
             "entity_types": [
               {
                 "filters": {
                    "all_of": [
                        { "test": "is_family", "subject": "other", "operator": "not", "value": "jurei" },
                        { "test": "is_family", "subject": "other", "operator": "not", "value": "animal" },
                        { "test": "is_family", "subject": "other", "operator": "not", "value": "monster" },
                        { "test": "is_family", "subject": "other", "operator": "not", "value": "damage" },
                        { "test": "has_tag", "subject": "other", "operator": "not", "value": "no_player" }
                    ]
                 },
                 "must_see": true,
                 "max_dist": 64
               }
             ]
            },
            "minecraft:behavior.hurt_by_target": {
                "alert_same_type": true,
                "priority": 4,
                "entity_types": {
                    "filters": {
                        "all_of": [
                            { "test": "is_family", "subject": "other", "operator": "not", "value": "damage" },
                            { "test": "has_tag", "subject": "other", "operator": "not", "value": "no_player" }
                        ]
                    },
                    "max_dist": 64
                }
            },
            "minecraft:behavior.random_stroll": {
                "priority": 5,
                "speed_multiplier": 0.5
            },
            "minecraft:navigation.walk": {
                "is_amphibious": true,
                "can_sink": false,
                "can_walk": true,
                "avoid_water": true
            },
            "minecraft:type_family": {
                "family": [
                    "mob_entity",
                    "jujutsu_kaisen",
                    "1kyu_jurei",
                    "damage_sneaking",
                    "jurei",
                    "raichu",
                    "mob"
                ]
            },
            "minecraft:collision_box": {
                "width": 1,
                "height": 0.85
            },
            "minecraft:health": {
                "value": 60,
                "max": 60
            },
            "minecraft:attack": {
                "damage": 3
            },
            "minecraft:movement": {
                "value": 0.55
            },
            "minecraft:movement.basic": {},
            "minecraft:jump.static": {
            },
            "minecraft:physics": {},
            "minecraft:pushable": {
                "is_pushable": true,
                "is_pushable_by_piston": true
            }
        },
        "events": {
            "minecraft:entity_spawned": {
                "run_command": {
                    "command": [
                        "scoreboard players set @s juryoku_lv 2"
                    ]
                }
            },
            "reset_mark_variant": {"add": {"component_groups": ["reset_mark_variant"]}},
            "mark_variant-1": {"add": {"component_groups": ["mark_variant-1"]}},
            "mark_variant": {"add": {"component_groups": ["mark_variant"]}},
            "mark_variant2": {"add": {"component_groups": ["mark_variant2"]}},
            "mark_variant3": {"add": {"component_groups": ["mark_variant3"]}},
            "mark_variant4": {"add": {"component_groups": ["mark_variant4"]}},
            "mark_variant5": {"add": {"component_groups": ["mark_variant5"]}},
            "mark_variant6": {"add": {"component_groups": ["mark_variant6"]}},
            "mark_variant7": {"add": {"component_groups": ["mark_variant7"]}},
            "mark_variant8": {"add": {"component_groups": ["mark_variant8"]}},
            "mark_variant9": {"add": {"component_groups": ["mark_variant9"]}},
            "mark_variant10": {"add": {"component_groups": ["mark_variant10"]}},
            "mark_variant11": {"add": {"component_groups": ["mark_variant11"]}},
            "mark_variant12": {"add": {"component_groups": ["mark_variant12"]}},
            "mark_variant13": {"add": {"component_groups": ["mark_variant13"]}},
            "mark_variant14": {"add": {"component_groups": ["mark_variant14"]}},
            "mark_variant15": {"add": {"component_groups": ["mark_variant15"]}},
            "mark_variant16": {"add": {"component_groups": ["mark_variant16"]}},
            "mark_variant17": {"add": {"component_groups": ["mark_variant17"]}},
            "mark_variant18": {"add": {"component_groups": ["mark_variant18"]}},
            "mark_variant19": {"add": {"component_groups": ["mark_variant19"]}},
            "mark_variant20": {"add": {"component_groups": ["mark_variant20"]}},
            "mark_variant21": {"add": {"component_groups": ["mark_variant21"]}},
            "mark_variant22": {"add": {"component_groups": ["mark_variant22"]}},
            "mark_variant23": {"add": {"component_groups": ["mark_variant23"]}},
            "mark_variant24": {"add": {"component_groups": ["mark_variant24"]}},
            "mark_variant25": {"add": {"component_groups": ["mark_variant25"]}},
            "mark_variant26": {"add": {"component_groups": ["mark_variant26"]}},
            "mark_variant27": {"add": {"component_groups": ["mark_variant27"]}},
            "mark_variant28": {"add": {"component_groups": ["mark_variant28"]}},
            "mark_variant29": {"add": {"component_groups": ["mark_variant29"]}},
            "damage_sneaking": {
                "run_command": {
                    "command": [
                        "function skill/damage_sneaking"
                    ]
                }
            },
            "ride": {
                "run_command": {
                    "command": [
                        "tag @s add ride"
                    ]
                },
                "add": {
                    "component_groups": [
                        "ride",
                        "ride_despawn"
                    ]
                }
            },
            "died": {},
            "target": {
                "sequence": [
                    {
                        "run_command": {
                            "command": [
                                "event entity @s attack"
                            ]
                        },
                        "remove": {
                            "component_groups": [
                                "target2"
                            ]
                        },
                        "add": {
                            "component_groups": [
                                "target"
                            ]
                        }
                    },
                    {
                        "filters": {
                            "test": "has_tag",
                            "value": "ride"
                        },
                        "add": {
                            "component_groups": [
                                "ride_despawn"
                            ]
                        }
                    }
                ]
            },
            "target2": {
                "sequence": [
                    {
                        "remove": {
                            "component_groups": [
                                "target"
                            ]
                        }
                    },
                    {
                        "filters": {
                            "test": "has_tag",
                            "operator": "not",
                            "value": "jurei_soujutsu_jurei"
                        },
                        "add": {
                            "component_groups": [
                                "target2"
                            ]
                        }
                    },
                    {
                        "filters": {
                            "test": "has_tag",
                            "value": "ride"
                        },
                        "add": {
                            "component_groups": [
                                "ride_despawn"
                            ]
                        }
                    }
                ]
            },
            "raichumochi": {"add": {"component_groups": ["raichumochi"]}},
            "attack": {
                "sequence": [
                    {
                        "filters": {
                            "test": "has_tag",
                            "value": "no_max_hp"
                        },
                        "randomize": [
                            {
                                "weight": 5
                            },
                            {
                                "weight": 1,
                                "run_command": {
                                    "command": [
                                        "effect @s[tag=!cooltime] regeneration 1 20"
                                    ]
                                }
                            }
                        ]
                    },
                    {
                        "randomize": [
                            {
                                "weight": 500,
                                "run_command": {
                                    "command": [
                                        "execute as @s[tag=!cooltime] run function skill/punch"
                                    ]
                                }
                            },
                            {
                                "weight": 150,
                                "run_command": {
                                    "command": [
                                        "execute as @s[tag=!cooltime2] run function skill/raichu/10man_volts"
                                    ]
                                }
                            },
                            {
                                "weight": 200,
                                "run_command": {
                                    "command": [
                                        "execute as @s[tag=!cooltime] run function skill/sekkin"
                                    ]
                                }
                            },
                            {
                                "weight": 10,
                                "run_command": {
                                    "command": [
                                        "execute as @s[tag=!cooltime2] run function skill/raichu/thunder"
                                    ]
                                }
                            },
                            {
                                "weight": 50,
                                "run_command": {
                                    "command": [
                                        "execute as @s[tag=!cooltime] run function skill/raichu/iron_tail"
                                    ]
                                }
                            },
                            {
                                "weight": 3,
                                "run_command": {
                                    "command": [
                                        "execute as @s[tag=!cooltime2] run function skill/raichu/raichumochi"
                                    ]
                                }
                            }
                        ]
                    }
                ]
            },
            "despawn": {
                "add": {
                    "component_groups": [
                        "despawn"
                    ]
                }
            },
            "kill": {
                "run_command": {
                    "command": [
                        "tag @s add jurei_despawn"
                    ]
                },
                "add": {
                    "component_groups": [
                        "despawn2"
                    ]
                }
            },
            "jurei_soujutsu_despawn": {
                "run_command": {
                    "command": [
                        "tag @s add jurei_despawn"
                    ]
                },
                "add": {
                    "component_groups": [
                        "despawn2"
                    ]
                }
            },
            "jurei_soujutsu_despawn2": {
                "sequence": [
                    {
                        "run_command": {
                            "command": [
                                "tag @s add jurei_test"
                            ]
                        }
                    },
                    {
                        "run_command": {
                            "command": [
                                "execute as @s[scores={juryoku=100..}] run tag @e remove jurei_test",
                                "give @s[scores={juryoku=100..}] rai:raichu_jurei_ball 1 0 {\"item_lock\":{\"mode\":\"lock_in_inventory\"},\"keep_on_death\":{}}",
                                "scoreboard players remove @s[scores={juryoku=100..}] juryoku 100"
                            ],
                            "target": "other"
                        }
                    },
                    {
                        "run_command": {
                            "command": [
                                "tag @s[tag=!jurei_test] add jurei_despawn",
                                "event entity @s[tag=!jurei_test] despawn",
                                "tag @s remove jurei_test"
                            ]
                        }
                    }
                ]
            },
            "PlayerName_jurei_soujutsu": {
                "add": {
                    "component_groups": [
                        "jurei_soujutsu"
                    ]
                },
                "remove": {
                    "component_groups": [
                        "jurei_soujutsu_remove_components"
                    ]
                },
                "run_command": {
                    "command": "tag @s add jurei_soujutsu_jurei"
                }
            },
            "scale": {
                "add": {
                    "component_groups": [
                        "scale"
                    ]
                }
            }
        }
    }
}