{
    "format_version": "1.16.0",
    "minecraft:entity": {
        "description": {
            "identifier": "rai:squid_jurei",
            "is_spawnable": true,
            "is_summonable": true,
            "is_experimental": false,
            "scripts": {
                "animate": [
                    {"died": "q.is_tamed"},
                    "jurei_health"
                ]
            },
            "animations": {
                "died": "controller.animation.health1000_died",
                "jurei_health": "controller.animation.jurei_health"
            }
        },
        "component_groups": {
            "despawn": {
                "minecraft:instant_despawn": {
                }
            },
            "despawn2": {
                "minecraft:timer": {
                    "time": 0.15,
                    "looping": true,
                    "time_down_event": {
                        "event": "despawn"
                    }
                }
            },
            "jurei_soujutsu": {
                "minecraft:timer": {
                    "time": 0.5,
                    "looping": false,
                    "time_down_event": {
                        "event": "scale"
                    }
                },
                "minecraft:interact": {
                    "interactions": [
                        {
                          "on_interact": {
                            "filters": {
                                "all_of": [
                                  { "test": "is_family", "subject": "other", "value": "player" },
                                  { "test": "has_tag", "subject": "other", "value": "jurei_soujutsu" },
                                  { "test": "has_tag", "operator": "not", "value": "jurei_health" },
                                  { "test": "has_tag", "operator": "not", "value": "jurei_despawn" },
                                  { "test": "is_owner", "subject": "other", "value": true }
                                ]
                            },
                            "event": "jurei_soujutsu_despawn"
                          },
                          "cooldown": 999,
                          "swing": true,
                          "interact_text": "action.interact.torikomu2"
                        },
                        {
                            "on_interact": {
                              "filters": {
                                "all_of": [
                                  { "test": "is_family", "subject": "other", "value": "player" },
                                  { "test": "has_tag", "subject": "other", "value": "jurei_soujutsu" },
                                  { "test": "is_owner", "subject": "other", "value": false }
                                ]
                              }
                            },
                            "swing": true,
                            "interact_text": "action.interact.no_torikomu"
                          }
                      ]
                },
                "minecraft:type_family": {
                    "family": [
                        "health1000_died",
                        "jujutsu_kaisen",
                        "3kyu_jurei",
                        "jurei",
                        "fly_mob",
                        "mob"
                    ]
                },
                "minecraft:health": {
                    "value": 1005,
                    "max": 1005
                },
                "minecraft:nameable": {
                    "allow_name_tag_renaming": false,
                    "always_show": false
                },
                "minecraft:behavior.owner_hurt_by_target": {
                    "priority": 3
                },
                "minecraft:behavior.owner_hurt_target": {
                    "priority": 1
                },
                "minecraft:is_tamed": {}
            },
            "jurei_soujutsu_remove_components": {
                "minecraft:behavior.nearest_attackable_target": {
                },
                "minecraft:behavior.hurt_by_target": {
                },
                "minecraft:despawn": {
                    "despawn_from_distance": {}
                }
            },
            "scale": {
                "minecraft:scale": {
                    "value": 1
                }
            }
        },
        "components": {
            "minecraft:timer": {
                "time": 0,
                "looping": false,
                "time_down_event": {
                    "event": "scale"
                }
            },
            "minecraft:scale": {
                "value": 0
            },
            "minecraft:interact": {
                "interactions": [
                    {
                        "on_interact": {
                          "filters": {
                            "all_of": [
                              { "test": "is_family", "subject": "other", "value": "player" },
                              { "test": "has_tag", "subject": "other", "value": "jurei_soujutsu" },
                              { "test": "has_tag", "operator": "not", "value": "geto_jurei_soujutsu" },
                              { "test": "has_tag", "operator": "not", "value": "jurei_despawn" },
                              {
                                "any_of": [
                                  { "test": "has_tag", "value": "jurei_health" },
                                  { "test": "has_tag", "subject": "other", "value": "1kyujutsushi" }
                                ]
                              }
                            ]
                          },
                          "event": "jurei_soujutsu_despawn2"
                        },
                        "swing": true,
                        "interact_text": "action.interact.torikomu"
                    }
                ]
            },
            "minecraft:despawn": {
                "despawn_from_distance": {
                }
            },
            "minecraft:damage_sensor": {
                "triggers": [
                    {
                        "on_damage": {
                            "filters": {
                                "test": "is_family",
                                "subject": "damager",
                                "value": "no_damage"
                            }
                        },
                        "deals_damage": false
                    },
                    {
                        "on_damage": {
                            "filters": {
                                "test": "has_tag",
                                "subject": "damager",
                                "value": "no_juryoku"
                            }
                        },
                        "deals_damage": false
                    },
                    {
                        "on_damage": {
                            "filters": {
                                "any_of": [
                                    {
                                        "test": "has_damage",
                                        "value": "fall"
                                    },
                                    {
                                        "test": "has_damage",
                                        "value": "falling_block"
                                    },
                                    {
                                        "test": "has_damage",
                                        "value": "block_explosion"
                                    },
                                    {
                                        "test": "has_damage",
                                        "value": "anvil"
                                    },
                                    {
                                        "test": "has_damage",
                                        "value": "drowning"
                                    },
                                    {
                                        "test": "has_damage",
                                        "value": "lava"
                                    },
                                    {
                                        "test": "has_damage",
                                        "value": "suffocation"
                                    }
                                ]
                            }
                        },
                        "deals_damage": false
                    },
                    {
                        "on_damage": {
                            "filters": {
                                "test": "has_tag",
                                "subject": "other",
                                "value": "juryoku_lv_0"
                            }
                        },
                        "damage_multiplier": 0.3
                    }
                ]
            },
            "minecraft:behavior.float": {
                "priority": 0
            },
            "minecraft:behavior.melee_attack": {
                "priority": 2
            },
            "minecraft:behavior.nearest_attackable_target": {
             "priority": 1,
             "reselect_targets": true,
             "within_radius": 10,
             "entity_types": [
               {
                 "filters": {
                    "all_of": [
                        { "test": "is_brightness", "operator": "<", "value": 0.5 },
                        { "test": "is_family", "subject": "other", "operator": "not", "value": "jurei" },
                        { "test": "is_family", "subject": "other", "operator": "not", "value": "animal" },
                        { "test": "is_family", "subject": "other", "operator": "not", "value": "monster" },
                        { "test": "is_family", "subject": "other", "operator": "not", "value": "damage" },
                        { "test": "has_tag", "subject": "other", "operator": "not", "value": "no_player" }
                    ]
                 },
                 "must_see": true,
                 "max_dist": 20
               }
             ]
            },
            "minecraft:behavior.hurt_by_target": {
                "alert_same_type": true,
                "priority": 3,
                "entity_types": {
                    "filters": {
                        "all_of": [
                            { "test": "is_family", "subject": "other", "operator": "not", "value": "damage" },
                            { "test": "has_tag", "subject": "other", "operator": "not", "value": "no_player" }
                        ]
                    }
                }
            },
            "minecraft:behavior.random_stroll": {
                "priority": 4
            },
            "minecraft:type_family": {
                "family": [
                    "mob_entity",
                    "jujutsu_kaisen",
                    "3kyu_jurei",
                    "jurei",
                    "fly_mob",
                    "mob"
                ]
            },
            "minecraft:collision_box": {
              "width": 0.3,
              "height": 0.3
            },
            "minecraft:health": {
              "value": 5,
              "max": 5
            },
            "minecraft:movement": {
              "value": 0.03
            },
            "minecraft:attack": {
              "damage": 0
            },
            "minecraft:behavior.random_hover": {
                "priority": 9,
                "xz_dist": 8,
                "y_dist": 4,
                "y_offset": -1,
                "interval": 20,
                "hover_height": [1, 2]
            },
            "minecraft:flying_speed": {
                "value": 0.25
            },
            "minecraft:navigation.hover": {
                "can_path_over_water": true,
                "can_sink": false,
                "can_pass_doors": false,
                "can_path_from_air": true,
                "avoid_water": true,
                "avoid_damage_blocks": true,
                "avoid_sun": false
            },
            "minecraft:movement.hover": {},
            "minecraft:jump.static": {
                "jump_power": 1.5
            },
            "minecraft:physics": {},
            "minecraft:pushable": {
                "is_pushable": true,
                "is_pushable_by_piston": true
            }
        },
        "events": {
            "despawn": {
                "add": {
                    "component_groups": [
                        "despawn"
                    ]
                }
            },
            "kill": {
                "run_command": {
                    "command": [
                        "tag @s add jurei_despawn"
                    ]
                },
                "add": {
                    "component_groups": [
                        "despawn2"
                    ]
                }
            },
            "jurei_soujutsu_despawn": {
                "run_command": {
                    "command": [
                        "tag @s add jurei_despawn"
                    ]
                },
                "add": {
                    "component_groups": [
                        "despawn2"
                    ]
                }
            },
            "jurei_soujutsu_despawn2": {
                "sequence": [
                    {
                        "run_command": {
                            "command": [
                                "tag @s add jurei_test"
                            ]
                        }
                    },
                    {
                        "run_command": {
                            "command": [
                                "execute as @s[scores={juryoku=100..}] run tag @e remove jurei_test",
                                "give @s[scores={juryoku=100..}] rai:squid_jurei_ball 1 0 {\"item_lock\":{\"mode\":\"lock_in_inventory\"},\"keep_on_death\":{}}",
                                "scoreboard players remove @s[scores={juryoku=100..}] juryoku 100"
                            ],
                            "target": "other"
                        }
                    },
                    {
                        "run_command": {
                            "command": [
                                "tag @s[tag=!jurei_test] add jurei_despawn",
                                "event entity @s[tag=!jurei_test] despawn",
                                "tag @s remove jurei_test"
                            ]
                        }
                    }
                ]
            },
            "PlayerName_jurei_soujutsu": {
                "add": {
                    "component_groups": [
                        "jurei_soujutsu"
                    ]
                },
                "remove": {
                    "component_groups": [
                        "jurei_soujutsu_remove_components"
                    ]
                },
                "run_command": {
                    "command": "tag @s add jurei_soujutsu_jurei"
                }
            },
            "scale": {
                "add": {
                    "component_groups": [
                        "scale"
                    ]
                }
            }
        }
    }
}