{
  "format_version": "1.20.0",
  "minecraft:item": {
    "description": {
      "identifier": "morph:morphing_bracelet",
      "category": "equipment"
    },
    "components": {
      "minecraft:icon": {
        "texture": "morph:morphing_bracelet"
      },
      "minecraft:max_stack_size": 1,
      "minecraft:durability": {
        "max_durability": 100
      },
      "minecraft:explodable": false,
      "minecraft:weapon": {},
      "minecraft:on_use": {
        "on_use": {
          "event": "morph:morphing_bracelet",
          "target": "self"
        }
      }
    },
    "events": {
      "morph:morphing_bracelet": {
        "swing": {
        }
      }
    }
  }
}