{
  "format_version": "1.16.100",
  "minecraft:item": {
    "description": {
      "identifier": "morph:wither_skull_dangerous",
      "category": "none"
    },
    "components": {
      "minecraft:icon": {
        "texture": "morph:wither_skull_dangerous"
      },
      "minecraft:max_stack_size": 1,
      "minecraft:foil": true,
      "minecraft:cooldown": {
        "category": "morph:wither_skull_dangerous",
        "duration": 3.35
      },
      "minecraft:throwable": {
        "do_swing_animation": true
      },
      "minecraft:on_use": {
        "on_use": {
          "event": "morph:shoot"
        }
      }
    },
    "events": {
      "morph:shoot": {
        "shoot": {
          "projectile": "morph:wither_skull_dangerous",
          "launch_power": 1,
          "angle_offset": 0
        },
        "run_command": {
          "command": "playsound mob.wither.shoot @a ~ ~ ~"
        }
      }
    }
  }
}