{
  "format_version": "1.8.0",
  "render_controllers": {
    "controller.render.cores": {
    	"arrays": {
	        "textures": {
	          "Array.skins": [
	            "Texture.blue",
	            "Texture.red",
	            "Texture.black",
                "Texture.yellow",
                "Texture.white"
	          ]
        	}
      	},
      "geometry": "Geometry.default",
      "materials": [ { "*": "Material.default" } ],
      "textures": [ "Array.skins[query.variant]" ]
    }
  }
}
