{
  "format_version": "1.10.0",
  "minecraft:client_entity": {
    "description": {
      "identifier": "rai:daruma_jurei",
      "materials": {
        "default": "entity_alphatest"
      },
      "textures": {
        "default": "textures/entity/jurei/daruma_jurei"
      },
      "geometry": {
        "default": "geometry.daruma_jurei"
      },
      "scripts": {
        "animate": [
          "bob"
        ]
      },
      "animations": {
        "bob": "animation.daruma_jurei.bob"
      },
      "spawn_egg": {
        "texture": "daruma_jurei_egg"
      },
      "render_controllers": [
        "controller.render.default"
      ]
    }
  }
}