{
  "format_version": "1.10.0",
  "minecraft:client_entity": {
    "description": {
      "identifier": "rai:fish_jurei",
      "materials": {
        "default": "entity_alphatest"
      },
      "textures": {
        "default": "textures/entity/jurei/fish_jurei"
      },
      "geometry": {
        "default": "geometry.fish_jurei"
      },
      "scripts": {
        "pre_animation": [
          "v.tcos0 = (Math.cos(q.modified_distance_moved * 38.17) * q.modified_move_speed / v.gliding_speed_value) * 57.3;"
        ],
        "animate": [
          "move",
          "look"
        ]
      },
      "animations": {
        "move": "animation.fish_jurei.move",
        "look": "animation.humanoid.look_at_target.default"
      },
      "spawn_egg": {
        "texture": "fish_jurei_egg"
      },
      "render_controllers": [
        "controller.render.default"
      ]
    }
  }
}