{
  "format_version": "1.10.0",
  "minecraft:client_entity": {
    "description": {
      "identifier": "rai:flea_jurei",
      "materials": {
        "default": "entity_alphatest"
      },
      "textures": {
        "default": "textures/entity/jurei/flea_jurei"
      },
      "geometry": {
        "default": "geometry.flea_jurei"
      },
      "scripts": {
        "pre_animation": [
          "v.tcos0 = (Math.cos(q.modified_distance_moved * 38.17) * q.modified_move_speed / v.gliding_speed_value) * 57.3;"
        ],
        "animate": [
          "look",
          "move",
          "attack",
          "damage_nearby_mobs_set"
        ]
      },
      "animations": {
        "attack": "controller.animation.humanoid.attack",
        "damage_nearby_mobs_set": "controller.animation.humanoid.damage_nearby_mobs",
        "look": "animation.humanoid.look_at_target.default",
        "move": "animation.flea_jurei.move",
        "attack.rotations": "animation.drowned.attack.rotations",
        "damage_nearby_mobs": "animation.humanoid.damage_nearby_mobs"
      },
      "spawn_egg": {
        "texture": "flea_jurei_egg"
      },
      "render_controllers": [
        "controller.render.default"
      ]
    }
  }
}