{
  "format_version": "1.10.0",
  "minecraft:client_entity": {
    "description": {
      "identifier": "rai:kiss_jurei",
      "materials": {
        "default": "entity_alphatest"
      },
      "textures": {
        "default": "textures/entity/jurei/kiss_jurei"
      },
      "geometry": {
        "default": "geometry.kiss_jurei"
      },
      "scripts": {
        "pre_animation": [
          "v.tcos0 = (Math.cos(q.modified_distance_moved * 38.17) * q.modified_move_speed / v.gliding_speed_value) * 57.3;"
        ],
        "animate": [
          "bob"
        ]
      },
      "animations": {
        "bob": "animation.kiss_jurei.bob"
      },
      "spawn_egg": {
        "texture": "kiss_jurei_egg"
      },
      "render_controllers": [
        "controller.render.default"
      ]
    }
  }
}