{
  "format_version": "1.10.0",
  "minecraft:client_entity": {
    "description": {
      "identifier": "rai:mouth_jurei",
      "materials": {
        "default": "entity_alphatest"
      },
      "textures": {
        "default": "textures/entity/jurei/mouth_jurei"
      },
      "geometry": {
        "default": "geometry.mouth_jurei",
        "default2": "geometry.mouth_jurei2"
      },
      "scripts": {
        "pre_animation": [
          "v.tcos0 = (Math.cos(q.modified_distance_moved * 38.17) * q.modified_move_speed / v.gliding_speed_value) * 57.3;"
        ],
        "animate": [
          "look",
          {"move":"q.has_target && !q.is_in_water && q.is_on_ground"},
          {"move2":"!q.has_target || q.is_in_water || !q.is_on_ground"},
          "attack",
          "damage_nearby_mobs_set"
        ]
      },
      "animations": {
        "look": "animation.humanoid.look_at_target.default",
        "move": "animation.mouth_jurei.move",
        "move2": "animation.humanoid.move",
        "attack": "controller.animation.humanoid.attack",
        "damage_nearby_mobs_set": "controller.animation.humanoid.damage_nearby_mobs",
        "attack.rotations": "animation.drowned.attack.rotations",
        "damage_nearby_mobs": "animation.humanoid.damage_nearby_mobs"
      },
      "spawn_egg": {
        "texture": "mouth_jurei_egg"
      },
      "render_controllers": [
        "controller.render.mouth_jurei.default"
      ]
    }
  }
}