{
  "format_version": "1.10.0",
  "minecraft:client_entity": {
    "description": {
      "identifier": "rai:raichu_jurei",
      "materials": {
        "default": "entity_alphatest"
      },
      "textures": {
        "default": "textures/entity/jurei/raichu_jurei"
      },
      "geometry": {
        "default": "geometry.raichu"
      },
      "particle_effects": {
        "raichu_kaminari_juryoku": "j:raichu_kaminari_juryoku",
        "raichu_kaminari_particle": "j:raichu_kaminari_particle"
      },
      "scripts": {
        "scale": "2",
        "pre_animation": [
          "v.tcos0 = (Math.cos(q.modified_distance_moved * 38.17) * q.modified_move_speed / v.gliding_speed_value) * 57.3;"
        ],
        "animate": [
          "mark_variant",
          "rest",
          "look",
          "attack",
          "damage_nearby_mobs_set"
        ]
      },
      "animations": {
        "mark_variant": "controller.animation.player.mark_variant.raichu",
        "raichu_kaminari_juryoku": "animation.raichu.raichu_kaminari_juryoku",
        "attack": "controller.animation.humanoid.attack",
        "damage_nearby_mobs_set": "controller.animation.humanoid.damage_nearby_mobs",
        "look": "animation.humanoid.look_at_target.default",
        "move": "animation.humanoid.move",
        "attack.rotations": "animation.drowned.attack.rotations",
        "damage_nearby_mobs": "animation.humanoid.damage_nearby_mobs",
        
        "rest": "animation.raichu.rest"
      },
      "spawn_egg": {
        "texture": "raichu_egg"
      },
      "render_controllers": [
        "controller.render.default"
      ]
    }
  }
}