{
  "format_version": "1.10.0",
  "minecraft:client_entity": {
    "description": {
      "identifier": "rai:squid_jurei",
      "materials": {
        "default": "entity_alphatest"
      },
      "textures": {
        "default": "textures/entity/jurei/squid_jurei"
      },
      "geometry": {
        "default": "geometry.squid_jurei"
      },
      "scripts": {
        "animate": [
          "look"
        ]
      },
      "animations": {
        "look": "animation.humanoid.look_at_target.default"
      },
      "spawn_egg": {
        "texture": "squid_jurei_egg"
      },
      "render_controllers": [
        "controller.render.default"
      ]
    }
  }
}