{
  "format_version": "1.10.0",
  "minecraft:client_entity": {
    "description": {
      "identifier": "rai:worm_jurei",
      "materials": {
        "default": "entity_alphatest"
      },
      "textures": {
        "default": "textures/entity/jurei/worm_jurei"
      },
      "geometry": {
        "default": "geometry.worm_jurei"
      },
      "scripts": {
        "animate": [
          {"bob": "q.variant == 0"},
          {"worm_jurei_up": "q.variant == 1"},
          {"worm_jurei_attack": "q.variant == 2"}
        ]
      },
      "animations": {
        "bob": "animation.worm_jurei.bob",
        "worm_jurei_up": "animation.worm_jurei.up",
        "worm_jurei_attack": "animation.worm_jurei.attack"
      },
      "spawn_egg": {
        "texture": "worm_jurei_egg"
      },
      "render_controllers": [
        "controller.render.default"
      ]
    }
  }
}