{
	"format_version": "1.16.0",
	"minecraft:geometry": [
		{
			"description": {
				"identifier": "geometry.tsukamoto",
				"texture_width": 70,
				"texture_height": 70,
				"visible_bounds_width": 3,
				"visible_bounds_height": 4.5,
				"visible_bounds_offset": [0, 1.75, 0]
			},
			"bones": [
				{
					"name": "tsukamoto",
					"pivot": [0, 22, -5],
					"rotation": [40, 0, 0],
					"binding": "q.item_slot_to_bone_name(c.item_slot)",
					"cubes": [
						{
							"origin": [-3.75, 14.5, -8.75],
							"size": [7.5, 13.125, 6.75],
							"uv": {
								"north": {"uv": [2, 2], "uv_size": [12, 12]},
								"east": {"uv": [2, 2], "uv_size": [12, 12]},
								"south": {"uv": [2, 2], "uv_size": [12, 12]},
								"west": {"uv": [2, 2], "uv_size": [12, 12]},
								"up": {"uv": [14, 14], "uv_size": [-12, -12]},
								"down": {"uv": [14, 14], "uv_size": [-12, -12]}
							}
						},
						{
							"origin": [-7.5, 23.125, -8.5625],
							"size": [3, 4.5, 1.5],
							"pivot": [0, 14.125, -5],
							"rotation": [-10, 0, 40],
							"uv": {
								"north": {"uv": [2, 2], "uv_size": [12, 12]},
								"east": {"uv": [2, 2], "uv_size": [12, 12]},
								"south": {"uv": [2, 2], "uv_size": [12, 12]},
								"west": {"uv": [2, 2], "uv_size": [12, 12]},
								"up": {"uv": [14, 14], "uv_size": [-12, -12]},
								"down": {"uv": [14, 14], "uv_size": [-12, -12]}
							}
						},
						{
							"origin": [-7.125, 23.125, -8.58125],
							"size": [2.25, 4.125, 1.14375],
							"pivot": [0, 14.125, -5],
							"rotation": [-10, 0, 40],
							"uv": {
								"north": {"uv": [34, 18], "uv_size": [12, 12]},
								"east": {"uv": [34, 18], "uv_size": [12, 12]},
								"south": {"uv": [34, 18], "uv_size": [12, 12]},
								"west": {"uv": [34, 18], "uv_size": [12, 12]},
								"up": {"uv": [46, 30], "uv_size": [-12, -12]},
								"down": {"uv": [46, 30], "uv_size": [-12, -12]}
							}
						},
						{
							"origin": [4.875, 23.125, -8.58125],
							"size": [2.25, 4.125, 1.14375],
							"pivot": [0, 14.125, -5],
							"rotation": [-10, 0, -40],
							"uv": {
								"north": {"uv": [34, 18], "uv_size": [12, 12]},
								"east": {"uv": [34, 18], "uv_size": [12, 12]},
								"south": {"uv": [34, 18], "uv_size": [12, 12]},
								"west": {"uv": [34, 18], "uv_size": [12, 12]},
								"up": {"uv": [46, 30], "uv_size": [-12, -12]},
								"down": {"uv": [46, 30], "uv_size": [-12, -12]}
							}
						},
						{
							"origin": [4.5, 23.125, -8.5625],
							"size": [3, 4.5, 1.5],
							"pivot": [0, 14.125, -5],
							"rotation": [-10, 0, -40],
							"uv": {
								"north": {"uv": [2, 2], "uv_size": [12, 12]},
								"east": {"uv": [2, 2], "uv_size": [12, 12]},
								"south": {"uv": [2, 2], "uv_size": [12, 12]},
								"west": {"uv": [2, 2], "uv_size": [12, 12]},
								"up": {"uv": [14, 14], "uv_size": [-12, -12]},
								"down": {"uv": [14, 14], "uv_size": [-12, -12]}
							}
						},
						{
							"origin": [-0.15, 25.225, -8.7875],
							"size": [1.65, 0.675, 6],
							"pivot": [0, 14.5, -5],
							"rotation": [0, 0, 5],
							"uv": {
								"north": {"uv": [18, 2], "uv_size": [12, 12]},
								"east": {"uv": [18, 2], "uv_size": [12, 12]},
								"south": {"uv": [18, 2], "uv_size": [12, 12]},
								"west": {"uv": [18, 2], "uv_size": [12, 12]},
								"up": {"uv": [30, 14], "uv_size": [-12, -12]},
								"down": {"uv": [30, 14], "uv_size": [-12, -12]}
							}
						},
						{
							"origin": [0, 25.45, -8.825],
							"size": [1.35, 0.225, 6.0375],
							"pivot": [0, 14.5, -5],
							"rotation": [0, 0, 5],
							"uv": {
								"north": {"uv": [2, 2], "uv_size": [12, 12]},
								"east": {"uv": [2, 2], "uv_size": [12, 12]},
								"south": {"uv": [2, 2], "uv_size": [12, 12]},
								"west": {"uv": [2, 2], "uv_size": [12, 12]},
								"up": {"uv": [14, 14], "uv_size": [-12, -12]},
								"down": {"uv": [14, 14], "uv_size": [-12, -12]}
							}
						},
						{
							"origin": [-1.35, 25.45, -8.825],
							"size": [1.35, 0.225, 6.0375],
							"pivot": [0, 14.5, -5],
							"rotation": [0, 0, -5],
							"uv": {
								"north": {"uv": [2, 2], "uv_size": [12, 12]},
								"east": {"uv": [2, 2], "uv_size": [12, 12]},
								"south": {"uv": [2, 2], "uv_size": [12, 12]},
								"west": {"uv": [2, 2], "uv_size": [12, 12]},
								"up": {"uv": [14, 14], "uv_size": [-12, -12]},
								"down": {"uv": [14, 14], "uv_size": [-12, -12]}
							}
						},
						{
							"origin": [-1.5, 25.225, -8.7875],
							"size": [1.65, 0.675, 6],
							"pivot": [0, 14.5, -5],
							"rotation": [0, 0, -5],
							"uv": {
								"north": {"uv": [18, 2], "uv_size": [12, 12]},
								"east": {"uv": [18, 2], "uv_size": [12, 12]},
								"south": {"uv": [18, 2], "uv_size": [12, 12]},
								"west": {"uv": [18, 2], "uv_size": [12, 12]},
								"up": {"uv": [30, 14], "uv_size": [-12, -12]},
								"down": {"uv": [30, 14], "uv_size": [-12, -12]}
							}
						},
						{
							"origin": [-1.5, 21.25, -9.875],
							"size": [1.5, 3.75, 7.5],
							"pivot": [0, 23.5, -5],
							"rotation": [0, 0, 45],
							"uv": {
								"north": {"uv": [2, 18], "uv_size": [12, 12]},
								"east": {"uv": [2, 18], "uv_size": [12, 12]},
								"south": {"uv": [2, 18], "uv_size": [12, 12]},
								"west": {"uv": [2, 18], "uv_size": [12, 12]},
								"up": {"uv": [14, 30], "uv_size": [-12, -12]},
								"down": {"uv": [14, 30], "uv_size": [-12, -12]}
							}
						},
						{
							"origin": [-1.5, 21.8125, -9.6875],
							"size": [1.5, 0.375, 7.3125],
							"pivot": [0, 23.5, -5],
							"rotation": [0, 0, 17.5],
							"uv": {
								"north": {"uv": [2, 18], "uv_size": [12, 12]},
								"east": {"uv": [2, 18], "uv_size": [12, 12]},
								"south": {"uv": [2, 18], "uv_size": [12, 12]},
								"west": {"uv": [2, 18], "uv_size": [12, 12]},
								"up": {"uv": [14, 30], "uv_size": [-12, -12]},
								"down": {"uv": [14, 30], "uv_size": [-12, -12]}
							}
						},
						{
							"origin": [0, 21.8125, -9.6875],
							"size": [1.5, 0.375, 7.3125],
							"pivot": [0, 23.5, -5],
							"rotation": [0, 0, -17.5],
							"uv": {
								"north": {"uv": [2, 18], "uv_size": [12, 12]},
								"east": {"uv": [2, 18], "uv_size": [12, 12]},
								"south": {"uv": [2, 18], "uv_size": [12, 12]},
								"west": {"uv": [2, 18], "uv_size": [12, 12]},
								"up": {"uv": [14, 30], "uv_size": [-12, -12]},
								"down": {"uv": [14, 30], "uv_size": [-12, -12]}
							}
						},
						{
							"origin": [-0.50744, 21.89061, -9.6875],
							"size": [1.01489, 0.375, 7.3125],
							"uv": {
								"north": {"uv": [2, 18], "uv_size": [12, 12]},
								"east": {"uv": [2, 18], "uv_size": [12, 12]},
								"south": {"uv": [2, 18], "uv_size": [12, 12]},
								"west": {"uv": [2, 18], "uv_size": [12, 12]},
								"up": {"uv": [14, 30], "uv_size": [-12, -12]},
								"down": {"uv": [14, 30], "uv_size": [-12, -12]}
							}
						},
						{
							"origin": [0.69256, 22.20936, -9.65],
							"size": [0.32113, 0.80625, 7.275],
							"uv": {
								"north": {"uv": [18, 2], "uv_size": [12, 12]},
								"east": {"uv": [18, 2], "uv_size": [12, 12]},
								"south": {"uv": [18, 2], "uv_size": [12, 12]},
								"west": {"uv": [18, 2], "uv_size": [12, 12]},
								"up": {"uv": [30, 14], "uv_size": [-12, -12]},
								"down": {"uv": [30, 14], "uv_size": [-12, -12]}
							}
						},
						{
							"origin": [0.35506, 22.20936, -9.65],
							"size": [0.32113, 0.80625, 7.275],
							"uv": {
								"north": {"uv": [18, 2], "uv_size": [12, 12]},
								"east": {"uv": [18, 2], "uv_size": [12, 12]},
								"south": {"uv": [18, 2], "uv_size": [12, 12]},
								"west": {"uv": [18, 2], "uv_size": [12, 12]},
								"up": {"uv": [30, 14], "uv_size": [-12, -12]},
								"down": {"uv": [30, 14], "uv_size": [-12, -12]}
							}
						},
						{
							"origin": [0.01756, 22.20936, -9.65],
							"size": [0.32114, 0.80625, 7.275],
							"uv": {
								"north": {"uv": [18, 2], "uv_size": [12, 12]},
								"east": {"uv": [18, 2], "uv_size": [12, 12]},
								"south": {"uv": [18, 2], "uv_size": [12, 12]},
								"west": {"uv": [18, 2], "uv_size": [12, 12]},
								"up": {"uv": [30, 14], "uv_size": [-12, -12]},
								"down": {"uv": [30, 14], "uv_size": [-12, -12]}
							}
						},
						{
							"origin": [-1.51994, 22.20936, -9.63125],
							"size": [2.73988, 0.80625, 7.25625],
							"uv": {
								"north": {"uv": [2, 2], "uv_size": [12, 12]},
								"east": {"uv": [2, 2], "uv_size": [12, 12]},
								"south": {"uv": [2, 2], "uv_size": [12, 12]},
								"west": {"uv": [2, 2], "uv_size": [12, 12]},
								"up": {"uv": [14, 14], "uv_size": [-12, -12]},
								"down": {"uv": [14, 14], "uv_size": [-12, -12]}
							}
						},
						{
							"origin": [1.03006, 22.20936, -9.65],
							"size": [0.28363, 0.80625, 7.275],
							"uv": {
								"north": {"uv": [18, 2], "uv_size": [12, 12]},
								"east": {"uv": [18, 2], "uv_size": [12, 12]},
								"south": {"uv": [18, 2], "uv_size": [12, 12]},
								"west": {"uv": [18, 2], "uv_size": [12, 12]},
								"up": {"uv": [30, 14], "uv_size": [-12, -12]},
								"down": {"uv": [30, 14], "uv_size": [-12, -12]}
							}
						},
						{
							"origin": [-0.33869, 22.20936, -9.65],
							"size": [0.32114, 0.80625, 7.275],
							"uv": {
								"north": {"uv": [18, 2], "uv_size": [12, 12]},
								"east": {"uv": [18, 2], "uv_size": [12, 12]},
								"south": {"uv": [18, 2], "uv_size": [12, 12]},
								"west": {"uv": [18, 2], "uv_size": [12, 12]},
								"up": {"uv": [30, 14], "uv_size": [-12, -12]},
								"down": {"uv": [30, 14], "uv_size": [-12, -12]}
							}
						},
						{
							"origin": [-0.67619, 22.20936, -9.65],
							"size": [0.32113, 0.80625, 7.275],
							"uv": {
								"north": {"uv": [18, 2], "uv_size": [12, 12]},
								"east": {"uv": [18, 2], "uv_size": [12, 12]},
								"south": {"uv": [18, 2], "uv_size": [12, 12]},
								"west": {"uv": [18, 2], "uv_size": [12, 12]},
								"up": {"uv": [30, 14], "uv_size": [-12, -12]},
								"down": {"uv": [30, 14], "uv_size": [-12, -12]}
							}
						},
						{
							"origin": [-1.01369, 22.20936, -9.65],
							"size": [0.32114, 0.80625, 7.275],
							"uv": {
								"north": {"uv": [18, 2], "uv_size": [12, 12]},
								"east": {"uv": [18, 2], "uv_size": [12, 12]},
								"south": {"uv": [18, 2], "uv_size": [12, 12]},
								"west": {"uv": [18, 2], "uv_size": [12, 12]},
								"up": {"uv": [30, 14], "uv_size": [-12, -12]},
								"down": {"uv": [30, 14], "uv_size": [-12, -12]}
							}
						},
						{
							"origin": [-1.31369, 22.20936, -9.65],
							"size": [0.28363, 0.80625, 7.275],
							"uv": {
								"north": {"uv": [18, 2], "uv_size": [12, 12]},
								"east": {"uv": [18, 2], "uv_size": [12, 12]},
								"south": {"uv": [18, 2], "uv_size": [12, 12]},
								"west": {"uv": [18, 2], "uv_size": [12, 12]},
								"up": {"uv": [30, 14], "uv_size": [-12, -12]},
								"down": {"uv": [30, 14], "uv_size": [-12, -12]}
							}
						},
						{
							"origin": [-1.11971, 22.51555, -9.8375],
							"size": [1.01489, 1.25625, 7.4625],
							"pivot": [-1.77358, 23.3968, -5],
							"rotation": [0, 0, -7.5],
							"uv": {
								"north": {"uv": [2, 18], "uv_size": [12, 12]},
								"east": {"uv": [2, 18], "uv_size": [12, 12]},
								"south": {"uv": [2, 18], "uv_size": [12, 12]},
								"west": {"uv": [2, 18], "uv_size": [12, 12]},
								"up": {"uv": [14, 30], "uv_size": [-12, -12]},
								"down": {"uv": [14, 30], "uv_size": [-12, -12]}
							}
						},
						{
							"origin": [0.10483, 22.51555, -9.8375],
							"size": [1.01489, 1.25625, 7.4625],
							"pivot": [1.77358, 23.3968, -5],
							"rotation": [0, 0, 7.5],
							"uv": {
								"north": {"uv": [2, 18], "uv_size": [12, 12]},
								"east": {"uv": [2, 18], "uv_size": [12, 12]},
								"south": {"uv": [2, 18], "uv_size": [12, 12]},
								"west": {"uv": [2, 18], "uv_size": [12, 12]},
								"up": {"uv": [14, 30], "uv_size": [-12, -12]},
								"down": {"uv": [14, 30], "uv_size": [-12, -12]}
							}
						},
						{
							"origin": [0.27547, 22.48224, -9.85625],
							"size": [1.01489, 0.03718, 0.01875],
							"pivot": [1.94422, 22.10724, -5.01875],
							"rotation": [0, 0, 7.5],
							"uv": {
								"north": {"uv": [2, 2], "uv_size": [12, 12]},
								"east": {"uv": [2, 2], "uv_size": [12, 12]},
								"south": {"uv": [2, 2], "uv_size": [12, 12]},
								"west": {"uv": [2, 2], "uv_size": [12, 12]},
								"up": {"uv": [14, 14], "uv_size": [-12, -12]},
								"down": {"uv": [14, 14], "uv_size": [-12, -12]}
							}
						},
						{
							"origin": [-1.29035, 22.48224, -9.85625],
							"size": [1.01489, 0.03718, 0.01875],
							"pivot": [-1.94422, 22.10724, -5.01875],
							"rotation": [0, 0, -7.5],
							"uv": {
								"north": {"uv": [2, 2], "uv_size": [12, 12]},
								"east": {"uv": [2, 2], "uv_size": [12, 12]},
								"south": {"uv": [2, 2], "uv_size": [12, 12]},
								"west": {"uv": [2, 2], "uv_size": [12, 12]},
								"up": {"uv": [14, 14], "uv_size": [-12, -12]},
								"down": {"uv": [14, 14], "uv_size": [-12, -12]}
							}
						},
						{
							"origin": [-0.33869, 22.69686, -9.8375],
							"size": [0.67739, 1.25625, 7.4625],
							"uv": {
								"north": {"uv": [2, 18], "uv_size": [12, 12]},
								"east": {"uv": [2, 18], "uv_size": [12, 12]},
								"south": {"uv": [2, 18], "uv_size": [12, 12]},
								"west": {"uv": [2, 18], "uv_size": [12, 12]},
								"up": {"uv": [14, 30], "uv_size": [-12, -12]},
								"down": {"uv": [14, 30], "uv_size": [-12, -12]}
							}
						},
						{
							"origin": [-0.33869, 22.69686, -9.85625],
							"size": [0.67739, 0.0375, 0.01875],
							"uv": {
								"north": {"uv": [2, 2], "uv_size": [12, 12]},
								"east": {"uv": [2, 2], "uv_size": [12, 12]},
								"south": {"uv": [2, 2], "uv_size": [12, 12]},
								"west": {"uv": [2, 2], "uv_size": [12, 12]},
								"up": {"uv": [14, 14], "uv_size": [-12, -12]},
								"down": {"uv": [14, 14], "uv_size": [-12, -12]}
							}
						},
						{
							"origin": [-0.01994, 22.71561, -9.89375],
							"size": [0.03988, 1.8375, 7.51875],
							"uv": {
								"north": {"uv": [2, 2], "uv_size": [12, 12]},
								"east": {"uv": [2, 2], "uv_size": [12, 12]},
								"south": {"uv": [2, 2], "uv_size": [12, 12]},
								"west": {"uv": [2, 2], "uv_size": [12, 12]},
								"up": {"uv": [14, 14], "uv_size": [-12, -12]},
								"down": {"uv": [14, 14], "uv_size": [-12, -12]}
							}
						},
						{
							"origin": [0, 21.25, -9.875],
							"size": [1.5, 3.75, 7.5],
							"pivot": [0, 23.5, -5],
							"rotation": [0, 0, -45],
							"uv": {
								"north": {"uv": [2, 18], "uv_size": [12, 12]},
								"east": {"uv": [2, 18], "uv_size": [12, 12]},
								"south": {"uv": [2, 18], "uv_size": [12, 12]},
								"west": {"uv": [2, 18], "uv_size": [12, 12]},
								"up": {"uv": [14, 30], "uv_size": [-12, -12]},
								"down": {"uv": [14, 30], "uv_size": [-12, -12]}
							}
						},
						{
							"origin": [-0.01875, 21.25, -9.89375],
							"size": [0.0375, 1.05, 0.0375],
							"pivot": [0, 23.5, -5],
							"rotation": [0, 0, -45],
							"uv": {
								"north": {"uv": [2, 2], "uv_size": [12, 12]},
								"east": {"uv": [2, 2], "uv_size": [12, 12]},
								"south": {"uv": [2, 2], "uv_size": [12, 12]},
								"west": {"uv": [2, 2], "uv_size": [12, 12]},
								"up": {"uv": [14, 14], "uv_size": [-12, -12]},
								"down": {"uv": [14, 14], "uv_size": [-12, -12]}
							}
						},
						{
							"origin": [-0.01875, 21.25, -9.89375],
							"size": [0.0375, 1.05, 0.0375],
							"pivot": [0, 23.5, -5],
							"rotation": [0, 0, 45],
							"uv": {
								"north": {"uv": [2, 2], "uv_size": [12, 12]},
								"east": {"uv": [2, 2], "uv_size": [12, 12]},
								"south": {"uv": [2, 2], "uv_size": [12, 12]},
								"west": {"uv": [2, 2], "uv_size": [12, 12]},
								"up": {"uv": [14, 14], "uv_size": [-12, -12]},
								"down": {"uv": [14, 14], "uv_size": [-12, -12]}
							}
						},
						{
							"origin": [0.375, 23.875, -10.025],
							"size": [0.9375, 0.9375, 7.65],
							"pivot": [0, 23.5, -5],
							"rotation": [0, 0, -45],
							"uv": {
								"north": {"uv": [2, 2], "uv_size": [12, 12]},
								"east": {"uv": [2, 2], "uv_size": [12, 12]},
								"south": {"uv": [2, 2], "uv_size": [12, 12]},
								"west": {"uv": [2, 2], "uv_size": [12, 12]},
								"up": {"uv": [14, 14], "uv_size": [-12, -12]},
								"down": {"uv": [14, 14], "uv_size": [-12, -12]}
							}
						},
						{
							"origin": [-4.5, 15.25, -9.5],
							"size": [9, 7.5, 8.25],
							"uv": {
								"north": {"uv": [2, 2], "uv_size": [12, 12]},
								"east": {"uv": [2, 2], "uv_size": [12, 12]},
								"south": {"uv": [2, 2], "uv_size": [12, 12]},
								"west": {"uv": [2, 2], "uv_size": [12, 12]},
								"up": {"uv": [14, 14], "uv_size": [-12, -12]},
								"down": {"uv": [14, 14], "uv_size": [-12, -12]}
							}
						},
						{
							"origin": [-2.25, 14.5, -13.25],
							"size": [1.5, 1.5, 8.25],
							"pivot": [0, 14.5, -5],
							"rotation": [5, 20, 0],
							"uv": {
								"north": {"uv": [2, 2], "uv_size": [12, 12]},
								"east": {"uv": [2, 2], "uv_size": [12, 12]},
								"south": {"uv": [2, 2], "uv_size": [12, 12]},
								"west": {"uv": [2, 2], "uv_size": [12, 12]},
								"up": {"uv": [14, 14], "uv_size": [-12, -12]},
								"down": {"uv": [14, 14], "uv_size": [-12, -12]}
							}
						},
						{
							"origin": [-2.4375, 14.5, -13.8125],
							"size": [1.875, 3, 1.125],
							"pivot": [0, 14.5, -5],
							"rotation": [5, 20, 0],
							"uv": {
								"north": {"uv": [2, 2], "uv_size": [12, 12]},
								"east": {"uv": [2, 2], "uv_size": [12, 12]},
								"south": {"uv": [2, 2], "uv_size": [12, 12]},
								"west": {"uv": [2, 2], "uv_size": [12, 12]},
								"up": {"uv": [14, 14], "uv_size": [-12, -12]},
								"down": {"uv": [14, 14], "uv_size": [-12, -12]}
							}
						},
						{
							"origin": [-1.21498, 17.25225, -13.9972],
							"size": [0.5625, 1.125, 0.88125],
							"pivot": [-0.08998, 17.43975, -5.24095],
							"rotation": [6.78623, 19.48625, 5.2844],
							"uv": {
								"north": {"uv": [2, 2], "uv_size": [12, 12]},
								"east": {"uv": [2, 2], "uv_size": [12, 12]},
								"south": {"uv": [2, 2], "uv_size": [12, 12]},
								"west": {"uv": [2, 2], "uv_size": [12, 12]},
								"up": {"uv": [14, 14], "uv_size": [-12, -12]},
								"down": {"uv": [14, 14], "uv_size": [-12, -12]}
							}
						},
						{
							"origin": [-2.49481, 17.39244, -13.54698],
							"size": [0.5625, 1.125, 0.88125],
							"pivot": [-1.36981, 17.76744, -4.86573],
							"rotation": [3.16595, 20.35628, -5.31364],
							"uv": {
								"north": {"uv": [2, 2], "uv_size": [12, 12]},
								"east": {"uv": [2, 2], "uv_size": [12, 12]},
								"south": {"uv": [2, 2], "uv_size": [12, 12]},
								"west": {"uv": [2, 2], "uv_size": [12, 12]},
								"up": {"uv": [14, 14], "uv_size": [-12, -12]},
								"down": {"uv": [14, 14], "uv_size": [-12, -12]}
							}
						},
						{
							"origin": [-1.81981, 17.39244, -13.54698],
							"size": [0.5625, 1.125, 0.88125],
							"pivot": [-1.36981, 17.76744, -4.86573],
							"rotation": [5, 20, 0],
							"uv": {
								"north": {"uv": [2, 2], "uv_size": [12, 12]},
								"east": {"uv": [2, 2], "uv_size": [12, 12]},
								"south": {"uv": [2, 2], "uv_size": [12, 12]},
								"west": {"uv": [2, 2], "uv_size": [12, 12]},
								"up": {"uv": [14, 14], "uv_size": [-12, -12]},
								"down": {"uv": [14, 14], "uv_size": [-12, -12]}
							}
						},
						{
							"origin": [1.25731, 17.39244, -13.54698],
							"size": [0.5625, 1.125, 0.88125],
							"pivot": [1.36981, 17.76744, -4.86573],
							"rotation": [5, -20, 0],
							"uv": {
								"north": {"uv": [2, 2], "uv_size": [12, 12]},
								"east": {"uv": [2, 2], "uv_size": [12, 12]},
								"south": {"uv": [2, 2], "uv_size": [12, 12]},
								"west": {"uv": [2, 2], "uv_size": [12, 12]},
								"up": {"uv": [14, 14], "uv_size": [-12, -12]},
								"down": {"uv": [14, 14], "uv_size": [-12, -12]}
							}
						},
						{
							"origin": [0.5625, 14.5, -13.8125],
							"size": [1.875, 3, 1.125],
							"pivot": [0, 14.5, -5],
							"rotation": [5, -20, 0],
							"uv": {
								"north": {"uv": [2, 2], "uv_size": [12, 12]},
								"east": {"uv": [2, 2], "uv_size": [12, 12]},
								"south": {"uv": [2, 2], "uv_size": [12, 12]},
								"west": {"uv": [2, 2], "uv_size": [12, 12]},
								"up": {"uv": [14, 14], "uv_size": [-12, -12]},
								"down": {"uv": [14, 14], "uv_size": [-12, -12]}
							}
						},
						{
							"origin": [0.75, 14.5, -13.25],
							"size": [1.5, 1.5, 8.25],
							"pivot": [0, 14.5, -5],
							"rotation": [5, -20, 0],
							"uv": {
								"north": {"uv": [2, 2], "uv_size": [12, 12]},
								"east": {"uv": [2, 2], "uv_size": [12, 12]},
								"south": {"uv": [2, 2], "uv_size": [12, 12]},
								"west": {"uv": [2, 2], "uv_size": [12, 12]},
								"up": {"uv": [14, 14], "uv_size": [-12, -12]},
								"down": {"uv": [14, 14], "uv_size": [-12, -12]}
							}
						},
						{
							"origin": [0.65248, 17.25225, -13.9972],
							"size": [0.5625, 1.125, 0.88125],
							"pivot": [0.08998, 17.43975, -5.24095],
							"rotation": [6.78623, -19.48625, -5.2844],
							"uv": {
								"north": {"uv": [2, 2], "uv_size": [12, 12]},
								"east": {"uv": [2, 2], "uv_size": [12, 12]},
								"south": {"uv": [2, 2], "uv_size": [12, 12]},
								"west": {"uv": [2, 2], "uv_size": [12, 12]},
								"up": {"uv": [14, 14], "uv_size": [-12, -12]},
								"down": {"uv": [14, 14], "uv_size": [-12, -12]}
							}
						},
						{
							"origin": [1.93231, 17.39244, -13.54698],
							"size": [0.5625, 1.125, 0.88125],
							"pivot": [1.36981, 17.76744, -4.86573],
							"rotation": [3.16595, -20.35628, 5.31364],
							"uv": {
								"north": {"uv": [2, 2], "uv_size": [12, 12]},
								"east": {"uv": [2, 2], "uv_size": [12, 12]},
								"south": {"uv": [2, 2], "uv_size": [12, 12]},
								"west": {"uv": [2, 2], "uv_size": [12, 12]},
								"up": {"uv": [14, 14], "uv_size": [-12, -12]},
								"down": {"uv": [14, 14], "uv_size": [-12, -12]}
							}
						},
						{
							"origin": [2.96278, 22.106, -6.5],
							"size": [4.5, 2.25, 2.25],
							"pivot": [3.25447, 23.3876, -5],
							"rotation": [-12.49325, 15.74419, 50.76588],
							"uv": {
								"north": {"uv": [2, 2], "uv_size": [12, 12]},
								"east": {"uv": [2, 2], "uv_size": [12, 12]},
								"south": {"uv": [2, 2], "uv_size": [12, 12]},
								"west": {"uv": [2, 2], "uv_size": [12, 12]},
								"up": {"uv": [14, 14], "uv_size": [-12, -12]},
								"down": {"uv": [14, 14], "uv_size": [-12, -12]}
							}
						},
						{
							"origin": [6.54013, 23.93976, -6.5],
							"size": [4.5, 2.25, 2.25],
							"pivot": [3.25447, 23.3876, -5],
							"rotation": [-3.61644, 19.6835, 79.37242],
							"uv": {
								"north": {"uv": [2, 2], "uv_size": [12, 12]},
								"east": {"uv": [2, 2], "uv_size": [12, 12]},
								"south": {"uv": [2, 2], "uv_size": [12, 12]},
								"west": {"uv": [2, 2], "uv_size": [12, 12]},
								"up": {"uv": [14, 14], "uv_size": [-12, -12]},
								"down": {"uv": [14, 14], "uv_size": [-12, -12]}
							}
						},
						{
							"origin": [10.71692, 24.87147, -6.575],
							"size": [1.44, 3.15, 3.15],
							"pivot": [2.72411, 24.43387, -4.55],
							"rotation": [-3.61644, 19.6835, 79.37242],
							"uv": {
								"north": {"uv": [34, 2], "uv_size": [12, 12]},
								"east": {"uv": [34, 2], "uv_size": [12, 12]},
								"south": {"uv": [34, 2], "uv_size": [12, 12]},
								"west": {"uv": [34, 2], "uv_size": [12, 12]},
								"up": {"uv": [46, 14], "uv_size": [-12, -12]},
								"down": {"uv": [46, 14], "uv_size": [-12, -12]}
							}
						},
						{
							"origin": [11.99942, 21.49647, -6.8],
							"size": [2.9925, 3.15, 3.6],
							"pivot": [2.72411, 24.43387, -4.55],
							"rotation": [-10.3141, 17.2294, 58.4333],
							"uv": {
								"north": {"uv": [34, 2], "uv_size": [12, 12]},
								"east": {"uv": [34, 2], "uv_size": [12, 12]},
								"south": {"uv": [34, 2], "uv_size": [12, 12]},
								"west": {"uv": [34, 2], "uv_size": [12, 12]},
								"up": {"uv": [46, 14], "uv_size": [-12, -12]},
								"down": {"uv": [46, 14], "uv_size": [-12, -12]}
							}
						},
						{
							"origin": [11.30191, 27.66147, -7.025],
							"size": [2.61, 1.98, 2.7],
							"pivot": [2.72411, 24.43387, -4.55],
							"rotation": [2.71994, 19.82169, 97.97532],
							"uv": {
								"north": {"uv": [34, 2], "uv_size": [12, 12]},
								"east": {"uv": [34, 2], "uv_size": [12, 12]},
								"south": {"uv": [34, 2], "uv_size": [12, 12]},
								"west": {"uv": [34, 2], "uv_size": [12, 12]},
								"up": {"uv": [46, 14], "uv_size": [-12, -12]},
								"down": {"uv": [46, 14], "uv_size": [-12, -12]}
							}
						},
						{
							"origin": [10.89692, 26.13147, -6.125],
							"size": [1.035, 1.98, 2.25],
							"pivot": [2.72411, 24.43387, -4.55],
							"rotation": [-3.61644, 19.6835, 79.37242],
							"uv": {
								"north": {"uv": [18, 2], "uv_size": [12, 12]},
								"east": {"uv": [18, 2], "uv_size": [12, 12]},
								"south": {"uv": [18, 2], "uv_size": [12, 12]},
								"west": {"uv": [18, 2], "uv_size": [12, 12]},
								"up": {"uv": [30, 14], "uv_size": [-12, -12]},
								"down": {"uv": [30, 14], "uv_size": [-12, -12]}
							}
						},
						{
							"origin": [-12.15691, 24.87147, -6.575],
							"size": [1.44, 3.15, 3.15],
							"pivot": [-2.7241, 24.43387, -4.55],
							"rotation": [-3.61644, -19.6835, -79.37242],
							"uv": {
								"north": {"uv": [34, 2], "uv_size": [12, 12]},
								"east": {"uv": [34, 2], "uv_size": [12, 12]},
								"south": {"uv": [34, 2], "uv_size": [12, 12]},
								"west": {"uv": [34, 2], "uv_size": [12, 12]},
								"up": {"uv": [46, 14], "uv_size": [-12, -12]},
								"down": {"uv": [46, 14], "uv_size": [-12, -12]}
							}
						},
						{
							"origin": [-14.99191, 21.49647, -6.8],
							"size": [2.9925, 3.15, 3.6],
							"pivot": [-2.7241, 24.43387, -4.55],
							"rotation": [-10.3141, -17.2294, -58.4333],
							"uv": {
								"north": {"uv": [34, 2], "uv_size": [12, 12]},
								"east": {"uv": [34, 2], "uv_size": [12, 12]},
								"south": {"uv": [34, 2], "uv_size": [12, 12]},
								"west": {"uv": [34, 2], "uv_size": [12, 12]},
								"up": {"uv": [46, 14], "uv_size": [-12, -12]},
								"down": {"uv": [46, 14], "uv_size": [-12, -12]}
							}
						},
						{
							"origin": [-13.91191, 27.66147, -7.025],
							"size": [2.61, 1.98, 2.7],
							"pivot": [-2.7241, 24.43387, -4.55],
							"rotation": [2.71994, -19.82169, -97.97532],
							"uv": {
								"north": {"uv": [34, 2], "uv_size": [12, 12]},
								"east": {"uv": [34, 2], "uv_size": [12, 12]},
								"south": {"uv": [34, 2], "uv_size": [12, 12]},
								"west": {"uv": [34, 2], "uv_size": [12, 12]},
								"up": {"uv": [46, 14], "uv_size": [-12, -12]},
								"down": {"uv": [46, 14], "uv_size": [-12, -12]}
							}
						},
						{
							"origin": [-11.93191, 26.13147, -6.125],
							"size": [1.035, 1.98, 2.25],
							"pivot": [-2.7241, 24.43387, -4.55],
							"rotation": [-3.61644, -19.6835, -79.37242],
							"uv": {
								"north": {"uv": [18, 2], "uv_size": [12, 12]},
								"east": {"uv": [18, 2], "uv_size": [12, 12]},
								"south": {"uv": [18, 2], "uv_size": [12, 12]},
								"west": {"uv": [18, 2], "uv_size": [12, 12]},
								"up": {"uv": [30, 14], "uv_size": [-12, -12]},
								"down": {"uv": [30, 14], "uv_size": [-12, -12]}
							}
						},
						{
							"origin": [-7.46278, 22.106, -6.5],
							"size": [4.5, 2.25, 2.25],
							"pivot": [-3.25447, 23.3876, -5],
							"rotation": [-12.49325, -15.74419, -50.76588],
							"uv": {
								"north": {"uv": [2, 2], "uv_size": [12, 12]},
								"east": {"uv": [2, 2], "uv_size": [12, 12]},
								"south": {"uv": [2, 2], "uv_size": [12, 12]},
								"west": {"uv": [2, 2], "uv_size": [12, 12]},
								"up": {"uv": [14, 14], "uv_size": [-12, -12]},
								"down": {"uv": [14, 14], "uv_size": [-12, -12]}
							}
						},
						{
							"origin": [-11.04013, 23.93976, -6.5],
							"size": [4.5, 2.25, 2.25],
							"pivot": [-3.25447, 23.3876, -5],
							"rotation": [-3.61644, -19.6835, -79.37242],
							"uv": {
								"north": {"uv": [2, 2], "uv_size": [12, 12]},
								"east": {"uv": [2, 2], "uv_size": [12, 12]},
								"south": {"uv": [2, 2], "uv_size": [12, 12]},
								"west": {"uv": [2, 2], "uv_size": [12, 12]},
								"up": {"uv": [14, 14], "uv_size": [-12, -12]},
								"down": {"uv": [14, 14], "uv_size": [-12, -12]}
							}
						},
						{
							"origin": [-3, 15.2125, -9.5375],
							"size": [6, 5.2875, 1.425],
							"uv": {
								"north": {"uv": [2, 18], "uv_size": [12, 12]},
								"east": {"uv": [2, 18], "uv_size": [12, 12]},
								"south": {"uv": [2, 18], "uv_size": [12, 12]},
								"west": {"uv": [2, 18], "uv_size": [12, 12]},
								"up": {"uv": [14, 30], "uv_size": [-12, -12]},
								"down": {"uv": [14, 30], "uv_size": [-12, -12]}
							}
						}
					]
				}
			]
		}
	]
}