{
  "format_version": "1.10.0",
  "animations": {
    "animation.yd_magma_hammer.first_person": {
      "loop": true,
      "bones": {
        "rightitem": {
          "position": [
            -5,
            35,
            -5.5
          ],
          "rotation": [
            0,
            0,
            180
          ]
        }
      }
    },
    "animation.yd_magma_hammer.third_person": {
      "loop": true,
      "bones": {
        "rightitem": {
          "position": [
            0,
            22,
            5
          ],
          "rotation": [
            90,
            0,
            90
          ]
        }
      }
    },
    "animation.yd_magma_hammer.new": {
      "loop": true,
      "bones": {
        "group": {
          "rotation": [
            90,
            0,
            90
          ],
          "position": [
            -4,
            8,
            6
          ],
          "scale": [
            1.1,
            1.3,
            1.1
          ]
        }
      }
    },
    "animation.yd_magma_hammer.new2": {
      "loop": true,
      "bones": {
        "group": {
          "rotation": [
            135.61576,
            31.61623,
            52.97325
          ],
          "position": [
            2,
            7,
            7
          ]
        }
      }
    },
    "animation.yd_magma_hammer.new_1": {
      "loop": true,
      "bones": {
        "group": {
          "rotation": [
            0,
            0,
            0
          ],
          "position": [
            0,
            2,
            -3
          ],
          "scale": [
            1.1,
            1.3,
            1.1
          ]
        }
      }
    },
    "animation.yd_magma_hammer.new2_2": {
      "loop": true,
      "bones": {
        "group": {
          "rotation": [
            44.09706,
            16.47994,
            -34.4719
          ],
          "position": [
            1,
            2,
            1
          ]
        }
      }
    }
  }
}