{
  "format_version": "1.10.0",
  "animations": {
    "animation.yd_sin_of_sky.first_person": {
      "loop": true,
      "bones": {
        "rightitem": {
          "position": [
            -5,
            35,
            -5.5
          ],
          "rotation": [
            0,
            0,
            180
          ]
        }
      }
    },
    "animation.yd_sin_of_sky.third_person": {
      "loop": true,
      "bones": {
        "rightitem": {
          "position": [
            0,
            22,
            5
          ],
          "rotation": [
            90,
            0,
            90
          ]
        }
      }
    },
    "animation.yd_sin_of_sky.new": {
      "loop": true,
      "bones": {
        "bone4": {
          "rotation": [
            -112.5,
            0,
            0
          ],
          "position": [
            0,
            10,
            -3
          ],
          "scale": [
            1,
            0.5,
            0.9
          ]
        },
        "group4": {
          "rotation": [
            -267.5,
            0,
            180
          ],
          "position": [
            16,
            -11,
            -3
          ],
          "scale": [
            1,
            0.6,
            0.9
          ]
        },
        "bone3": {
          "rotation": [
            90,
            0,
            0
          ],
          "position": [
            0,
            13.5,
            3.25
          ],
          "scale": [
            1,
            0.25,
            0.4
          ]
        },
        "bone8": {
          "position": [
            1,
            0,
            0
          ],
          "scale": [
            1.7,
            1.3,
            1.3
          ]
        }
      }
    },
    "animation.yd_sin_of_sky.new2": {
      "loop": true,
      "bones": {
        "bone4": {
          "rotation": [
            -112.5,
            0,
            0
          ],
          "position": [
            0,
            10,
            -2
          ],
          "scale": [
            1,
            0.4,
            0.9
          ]
        },
        "group4": {
          "rotation": [
            -267.481,
            -4.98093,
            179.56312
          ],
          "position": [
            16,
            -11,
            -5
          ],
          "scale": [
            1,
            0.3,
            0.8
          ]
        },
        "bone3": {
          "rotation": [
            90,
            0,
            0
          ],
          "position": [
            0,
            13,
            3
          ],
          "scale": [
            1,
            0.25,
            0.4
          ]
        },
        "bone8": {
          "rotation": [
            43.43097,
            63.83175,
            -27.01702
          ],
          "position": [
            -3,
            4,
            9
          ],
          "scale": [
            1.4,
            1.2,
            1.3
          ]
        }
      }
    }
  }
}