{
  "format_version": "1.10.0",
  "animations": {
    "animation.yd_solar_knife.first_person": {
      "loop": true,
      "bones": {
        "rightitem": {
          "position": [
            -5,
            35,
            -5.5
          ],
          "rotation": [
            0,
            0,
            180
          ]
        }
      }
    },
    "animation.yd_solar_knife.third_person": {
      "loop": true,
      "bones": {
        "rightitem": {
          "position": [
            0,
            22,
            5
          ],
          "rotation": [
            90,
            0,
            90
          ]
        }
      }
    },
    "animation.yd_solar_knife.new": {
      "loop": true,
      "bones": {
        "bone3": {
          "rotation": [
            -222.47272,
            -86.46503,
            135.02728
          ],
          "position": [
            1,
            1,
            -4
          ],
          "scale": [
            1,
            1.2,
            1
          ]
        }
      }
    },
    "animation.yd_solar_knife.new_1": {
      "loop": true,
      "bones": {
        "Aspect": {
          "rotation": [
            63.74158,
            19.35689,
            -21.13718
          ],
          "position": [
            -11,
            3,
            7
          ],
          "scale": 1.1
        },
        "group2": {
          "position": [
            -23,
            -13,
            -7
          ]
        },
        "bone2": {
          "rotation": [
            37.5,
            0,
            0
          ],
          "position": [
            -8,
            -13,
            -7
          ]
        },
        "bone3": {
          "rotation": [
            -34.24795,
            -83.15043,
            -27.70065
          ],
          "position": [
            1,
            1,
            0
          ]
        }
      }
    }
  }
}