{
  "format_version": "1.16.100",
  "minecraft:entity": {
    "description": {
      "identifier": "screen_ui:laptop_black",
      "is_spawnable": false,
      "is_summonable": true,
      "is_experimental": false
    },

    "component_groups": {
      "instant_despawn": {
        "minecraft:instant_despawn": {}
      }
    },
    "components": {
      "minecraft:damage_sensor": {
        "triggers": {
          "cause": "all",
          "deals_damage": false
        }
      },
      "minecraft:type_family": {
        "family": [ "npc", "mob" ]
      },
      "minecraft:fire_immune": true,
      "minecraft:movement": {
        "value": 0.0
      },
      "minecraft:loot": {
        "table": "loot_tables/empty.json"
      },
      "minecraft:collision_box": {
        "width": 0.0,
        "height": 0.0
      },
      "minecraft:health": {
        "value": 1.0,
        "max": 1.0,
        "min": 1.0
      },
      "minecraft:persistent": {
      },
      "minecraft:npc": {
        "npc_data": {
          "portrait_offsets": {
            "translate": [-7, 50, 0],
            "scale": [0, 0, 0]
          },
          "picker_offsets": {
            "translate": [0, 20, 0],
            "scale": [0, 0, 0]
          }
        }
      },
      "minecraft:physics": {
      },
      "minecraft:conditional_bandwidth_optimization": {
      }
    },
    "events": {
      "instant_despawn": {
        "add": {
          "component_groups": [
            "instant_despawn"
          ]
        }
      }
    }
  }
}
