{"format_version":"1.8.0","minecraft:entity":{"description":{"identifier":"yg:bulldozer_toilet","is_spawnable":true,"is_summonable":true,"is_experimental":false},"component_groups":{"minecraft:get_calm":{"minecraft:on_target_acquired":{"event":"minecraft:get_angry","target":"self"},"minecraft:variant":{"value":0}},"minecraft:get_angry":{"minecraft:on_target_escape":{"event":"minecraft:get_calm","target":"self"},"minecraft:behavior.knockback_roar":{"priority":0,"duration":0.1,"attack_time":0.1,"knockback_damage":155,"knockback_strength":-1,"knockback_range":6,"knockback_filters":{"test":"is_family","subject":"other","operator":"!=","value":"toiletskibidis"},"damage_filters":{"test":"is_family","subject":"other","operator":"!=","value":"toiletskibidis"},"cooldown_time":25},"minecraft:variant":{"value":1}}},"components":{"minecraft:nameable":{},"minecraft:type_family":{"family":["mob","monster","illager","toiletskibidis"]},"minecraft:collision_box":{"width":2,"height":3},"minecraft:scale":{"value":1},"minecraft:health":{"value":455,"max":455},"minecraft:movement":{"value":0.35},"minecraft:movement.basic":{},"minecraft:behavior.float":{"priority":1},"minecraft:jump.static":{},"minecraft:can_climb":{},"minecraft:physics":{},"minecraft:pushable":{"is_pushable":true,"is_pushable_by_piston":true},"minecraft:navigation.walk":{"avoid_damage_blocks":false,"can_walk":true,"avoid_water":false,"can_path_over_water":true},"minecraft:behavior.random_look_around":{"priority":9},"minecraft:behavior.hurt_by_target":{"priority":1},"minecraft:behavior.look_at_player":{"priority":8,"look_distance":6,"probability":0.02},"minecraft:behavior.random_stroll":{"priority":7,"speed_multiplier":1},"minecraft:knockback_resistance":{"value":150},"minecraft:damage_sensor":{"deals_damage":true},"minecraft:follow_range":{"value":30,"max":30},"minecraft:behavior.nearest_attackable_target":{"priority":2,"must_see":true,"reselect_targets":true,"within_radius":35,"must_see_forget_duration":15,"entity_types":[{"filters":{"any_of":[{"test":"is_family","subject":"other","value":"wandering_trader"},{"test":"is_family","subject":"other","value":"iron_golem"},{"test":"is_family","subject":"other","value":"snow_golem"},{"test":"is_family","subject":"other","value":"warden"},{"test":"is_family","subject":"other","value":"villager"},{"test":"is_family","subject":"other","value":"player"},{"test":"is_family","subject":"other","value":"alliance"}]},"max_dist":35}]},"minecraft:behavior.melee_attack":{"priority":3,"track_target":true,"speed_multiplier":1.26},"minecraft:attack":{"damage":75},"minecraft:loot":{"table":"loot_tables/entities/null.json"},"minecraft:leashable":{"soft_distance":4,"hard_distance":6,"max_distance":10,"can_be_stolen":true},"minecraft:is_hidden_when_invisible":{}},"events":{"minecraft:entity_spawned":{"add":{"component_groups":["minecraft:get_calm"]}},"minecraft:get_angry":{"add":{"component_groups":["minecraft:get_angry","minecraft:speaker_roar"]},"remove":{"component_groups":["minecraft:get_calm"]}},"minecraft:get_calm":{"add":{"component_groups":["minecraft:get_calm"]},"remove":{"component_groups":["minecraft:get_angry"]}}}}}