{"format_version":"1.8.0","minecraft:entity":{"description":{"identifier":"yg:buzzsaw_toilet","is_spawnable":true,"is_summonable":true,"is_experimental":false},"component_groups":{},"components":{"minecraft:nameable":{},"minecraft:type_family":{"family":["mob","monster","illager","toiletskibidis"]},"minecraft:collision_box":{"width":2,"height":3},"minecraft:scale":{"value":1},"minecraft:health":{"value":450,"max":450},"minecraft:movement":{"value":0.33},"minecraft:movement.basic":{},"minecraft:behavior.float":{"priority":1},"minecraft:jump.static":{},"minecraft:can_climb":{},"minecraft:physics":{},"minecraft:pushable":{"is_pushable":true,"is_pushable_by_piston":true},"minecraft:navigation.walk":{"avoid_damage_blocks":false,"can_walk":true,"avoid_water":false,"can_path_over_water":true},"minecraft:behavior.random_look_around":{"priority":9},"minecraft:behavior.hurt_by_target":{"priority":1},"minecraft:behavior.look_at_player":{"priority":8,"look_distance":6,"probability":0.02},"minecraft:behavior.random_stroll":{"priority":7,"speed_multiplier":1},"minecraft:knockback_resistance":{"value":150},"minecraft:damage_sensor":{"deals_damage":true},"minecraft:follow_range":{"value":30,"max":30},"minecraft:fire_immune":true,"minecraft:behavior.nearest_attackable_target":{"priority":2,"must_see":true,"reselect_targets":true,"within_radius":35,"must_see_forget_duration":15,"entity_types":[{"filters":{"any_of":[{"test":"is_family","subject":"other","value":"wandering_trader"},{"test":"is_family","subject":"other","value":"iron_golem"},{"test":"is_family","subject":"other","value":"snow_golem"},{"test":"is_family","subject":"other","value":"warden"},{"test":"is_family","subject":"other","value":"villager"},{"test":"is_family","subject":"other","value":"player"},{"test":"is_family","subject":"other","value":"alliance"}]},"max_dist":35}]},"minecraft:behavior.melee_attack":{"priority":3,"track_target":true,"speed_multiplier":1.33},"minecraft:area_attack":{"damage_range":4,"damage_per_tick":50,"cause":"contact","entity_filter":{"all_of":[{"test":"is_family","subject":"other","value":"toiletskibidis","operator":"!="}]}},"minecraft:attack":{"damage":85},"minecraft:loot":{"table":"loot_tables/entities/null.json"},"minecraft:leashable":{"soft_distance":4,"hard_distance":6,"max_distance":10,"can_be_stolen":true},"minecraft:break_blocks":{"breakable_blocks":["managrove_planks","acacia_fence_gate","acacia_stairs","birch_fence_gate","birch_stairs","crimson_fence","crimson_fence_gate","crimson_planks","dark_oak_fence_gate","dark_oak_stairs","monster_egg","fence","fence_gate","iron_bars","jungle_fence_gate","jungle_stairs","nether_brick_fence","oak_stairs","planks","spruce_fence_gate","spruce_stairs","warped_fence","warped_fence_gate","warped_planks","wood","wooden_slab"]},"minecraft:is_hidden_when_invisible":{}},"events":{"minecraft:entity_spawned":{}}}}