{"format_version":"1.8.0","minecraft:entity":{"description":{"identifier":"yg:parasitic_toilet","is_spawnable":true,"is_summonable":true,"is_experimental":false},"component_groups":{"minecraft:infection":{"minecraft:health":{"value":0,"max":0}}},"components":{"minecraft:nameable":{},"minecraft:type_family":{"family":["mob","monster","illager","a_parasite","toiletskibidis"]},"minecraft:collision_box":{"width":0.5,"height":0.5},"minecraft:scale":{"value":1},"minecraft:health":{"value":20,"max":20},"minecraft:movement":{"value":0.25},"minecraft:movement.basic":{},"minecraft:behavior.float":{"priority":1},"minecraft:jump.static":{},"minecraft:can_climb":{},"minecraft:physics":{},"minecraft:pushable":{"is_pushable":true,"is_pushable_by_piston":true},"minecraft:navigation.climb":{"avoid_damage_blocks":false,"can_walk":true,"avoid_water":false,"can_path_over_water":true},"minecraft:behavior.random_look_around":{"priority":9},"minecraft:behavior.hurt_by_target":{"priority":1},"minecraft:behavior.look_at_player":{"priority":8,"look_distance":6,"probability":0.02},"minecraft:behavior.random_stroll":{"priority":7,"speed_multiplier":1},"minecraft:knockback_resistance":{"value":-1},"minecraft:damage_sensor":{"deals_damage":true},"minecraft:follow_range":{"value":30,"max":30},"minecraft:behavior.nearest_attackable_target":{"priority":2,"must_see":true,"reselect_targets":true,"within_radius":35,"must_see_forget_duration":15,"entity_types":[{"filters":{"any_of":[{"test":"is_family","subject":"other","value":"wandering_trader"},{"test":"is_family","subject":"other","value":"iron_golem"},{"test":"is_family","subject":"other","value":"snow_golem"},{"test":"is_family","subject":"other","value":"warden"},{"test":"is_family","subject":"other","value":"villager"},{"test":"is_family","subject":"other","value":"player"},{"test":"is_family","subject":"other","value":"alliance"}]},"max_dist":35}]},"minecraft:behavior.melee_attack":{"priority":3,"track_target":true,"speed_multiplier":1.25,"on_attack":{"event":"minecraft:infection","filters":{"all_of":[{"operator":"equals","subject":"target","test":"is_family","value":"alliance"}]},"target":"self"}},"minecraft:attack":{"damage":3,"effect_name":"wither","effect_duration":5},"minecraft:loot":{"table":"loot_tables/entities/null.json"},"minecraft:leashable":{"soft_distance":4,"hard_distance":6,"max_distance":10,"can_be_stolen":true},"minecraft:is_hidden_when_invisible":{}},"events":{"minecraft:entity_spawned":{},"minecraft:infection":{"add":{"component_groups":["minecraft:infection"]}}}}}