{
  "spotify.love1": {
    "category": "spotify",
    "sounds": [
      {
        "name": "sounds/spotify/love_song/love_song1",
        "volume": 5.0,
        "pitch": 0.8,
        "load_on_low_memory": true
      }
    ]
  },
    "spotify.love2": {
    "category": "spotify",
    "sounds": [
      {
        "name": "sounds/spotify/love_song/love_song2",
        "volume": 5.0,
        "pitch": 0.8,
        "load_on_low_memory": true
      }
    ]
  },
    "spotify.fav1": {
    "category": "spotify",
    "sounds": [
      {
        "name": "sounds/spotify/favorite_song/favorite_song",
        "volume": 5.0,
        "pitch": 0.8,
        "load_on_low_memory": true
      }
    ]
  },
      "spotify.cool1": {
    "category": "spotify",
    "sounds": [
      {
        "name": "sounds/spotify/cool_song/cool_song1",
        "volume": 5.0,
        "pitch": 0.8,
        "load_on_low_memory": true
      }
    ]
  },
      "spotify.cool2": {
    "category": "spotify",
    "sounds": [
      {
        "name": "sounds/spotify/cool_song/cool_song2",
        "volume": 5.0,
        "pitch": 0.8,
        "load_on_low_memory": true
      }
    ]
  }
}