{
    "format_version": "1.16.100",
    "minecraft:item": {
        "description": {
            "identifier": "rai:onigiri",
            "category": "Items"
        },
        "components": {
            "minecraft:creative_category": {
                "parent": "itemGroup.name.jujutsu"
            },
            "minecraft:icon": {
                "texture": "onigiri"
            },
			"minecraft:render_offsets": {
				"main_hand": {
					"third_person": {
						"scale": [0.03, 0.03, 0.03]
					},
					"first_person": {
						"scale": [0.0085, 0.0085, 0.0085]
					}
				},
				"off_hand": {
					"third_person": {
						"scale": [0.03, 0.03, 0.03]
					},
					"first_person": {
						"scale": [0.0085, 0.0085, 0.0085]
					}
				}
			},
            "minecraft:food":{
                "nutrition": 7,
                "is_meat": true
            },
            "minecraft:use_duration": 1.6,
            "minecraft:max_stack_size": 64
        }
    }
}
