{
	"format_version": "1.10.0",
	"minecraft:client_entity": {
		"description": {
			"identifier": "msw:winged_dynamite",
			"materials": {
				"default": "arrow"
			},
			"textures": {
				"default": "textures/entity/winged_dynamite"
			},
			"geometry": {
				"default": "geometry.winged.dynamite"
			},
			"render_controllers": [
				"controller.render.item_sprite"
			],
			"animations": {
				"flying": "animation.winged_dynamite.throw"
			},
			"scripts": {
				"animate": [
					"flying"
				]
			}
		}
	}
}