{
    "format_version": "1.16.100",
    "minecraft:entity": {
        "description": {
            "identifier": "rai:tokyu_beam",
            "is_spawnable": false,
            "is_summonable": false,
            "is_experimental": false,
            "runtime_identifier" : "minecraft:snowball"
        },
        "component_groups": {
            "tokyu_jurei": {
                "minecraft:projectile": {
                    "on_hit": {
                        "impact_damage": {
                            "damage": 5
                        },
                        "definition_event": {
                            "affect_projectile": true,
                            "event_trigger": {
                                "event": "explode"
                            }
                        },
                        "stick_in_ground": {}
                    },
                    "uncertainty_base": 3,
                    "power": 4.5,
                    "gravity": 0.001,
                    "offset": [
                        0,
                        1.5,
                        0
                    ]
                }
            },
            "explode": {
                "minecraft:area_attack": {
                    "entity_filter": {
                        "all_of": [
                            {
                                "any_of": [
                                    {
                                        "test": "is_family",
                                        "subject": "other",
                                        "operator": "not",
                                        "value": "player"
                                    },
                                    {
                                        "all_of": [
                                            {
                                                "test": "has_tag",
                                                "operator": "not",
                                                "value": "mob_attack"
                                            },
                                            {
                                                "test": "is_family",
                                                "subject": "other",
                                                "value": "player"
                                            },
                                            {
                                                "test": "is_game_rule",
                                                "domain": "pvp",
                                                "value": true
                                            }
                                        ]
                                    }
                                ]
                            },
                            {
                                "test": "is_owner",
                                "subject": "other",
                                "value": false
                            }
                        ]
                    },
                    "damage_per_tick": 6,
                    "damage_range": 2.5,
                    "cause": "entity_explosion"
                },
                "minecraft:timer": {
                    "time": 0.0,
                    "looping": true,
                    "time_down_event": {
                        "event": "tokyu_beam_explode"
                    }
                },
                "minecraft:projectile": {
                    "on_hit": {
                        "stick_in_ground": {}
                    },
                    "power": 0,
                    "gravity": 0.0,
                    "offset": [
                        0,
                        0,
                        0
                    ]
                }
            },
            "explode2": {
                "minecraft:area_attack": {
                    "entity_filter": {
                        "all_of": [
                            {
                                "any_of": [
                                    {
                                        "test": "is_family",
                                        "subject": "other",
                                        "operator": "not",
                                        "value": "player"
                                    },
                                    {
                                        "all_of": [
                                            {
                                                "test": "has_tag",
                                                "operator": "not",
                                                "value": "mob_attack"
                                            },
                                            {
                                                "test": "is_family",
                                                "subject": "other",
                                                "value": "player"
                                            },
                                            {
                                                "test": "is_game_rule",
                                                "domain": "pvp",
                                                "value": true
                                            }
                                        ]
                                    }
                                ]
                            },
                            {
                                "test": "is_owner",
                                "subject": "other",
                                "value": false
                            }
                        ]
                    },
                    "damage_per_tick": 8,
                    "damage_range": 3,
                    "cause": "entity_explosion"
                }
            },
            "explode3": {
                "minecraft:area_attack": {
                    "entity_filter": {
                        "all_of": [
                            {
                                "any_of": [
                                    {
                                        "test": "is_family",
                                        "subject": "other",
                                        "operator": "not",
                                        "value": "player"
                                    },
                                    {
                                        "all_of": [
                                            {
                                                "test": "has_tag",
                                                "operator": "not",
                                                "value": "mob_attack"
                                            },
                                            {
                                                "test": "is_family",
                                                "subject": "other",
                                                "value": "player"
                                            },
                                            {
                                                "test": "is_game_rule",
                                                "domain": "pvp",
                                                "value": true
                                            }
                                        ]
                                    }
                                ]
                            },
                            {
                                "test": "is_owner",
                                "subject": "other",
                                "value": false
                            }
                        ]
                    },
                    "damage_per_tick": 10,
                    "damage_range": 3.5,
                    "cause": "entity_explosion"
                }
            },
            "explode4": {
                "minecraft:area_attack": {
                    "entity_filter": {
                        "all_of": [
                            {
                                "any_of": [
                                    {
                                        "test": "is_family",
                                        "subject": "other",
                                        "operator": "not",
                                        "value": "player"
                                    },
                                    {
                                        "all_of": [
                                            {
                                                "test": "has_tag",
                                                "operator": "not",
                                                "value": "mob_attack"
                                            },
                                            {
                                                "test": "is_family",
                                                "subject": "other",
                                                "value": "player"
                                            },
                                            {
                                                "test": "is_game_rule",
                                                "domain": "pvp",
                                                "value": true
                                            }
                                        ]
                                    }
                                ]
                            },
                            {
                                "test": "is_owner",
                                "subject": "other",
                                "value": false
                            }
                        ]
                    },
                    "damage_per_tick": 12,
                    "damage_range": 4,
                    "cause": "entity_explosion"
                }
            },
            "despawn": {
                "minecraft:instant_despawn": {
                }
            }
        },
        "components": {
            "minecraft:type_family": {
                "family": [
                    "tick_despawn",
                    "jujutsu_kaisen",
                    "stop",
                    "projectile",
                    "damage",
                    "tokyu_beam"
                ]
            },
            "minecraft:timer": {
                "looping": false,
                "time": 0.5,
                "time_down_event": {
                    "event": "explode"
                }
            },
            "minecraft:projectile": {
                "on_hit": {
                    "impact_damage": {
                        "damage": 5
                    },
                    "definition_event": {
                        "affect_projectile": true,
                        "event_trigger": {
                            "event": "explode"
                        }
                    },
                    "stick_in_ground": {}
                },
                "uncertainty_base": 3,
                "power": 4.5,
                "gravity": 0.001,
                "offset": [
                    0,
                    0,
                    0
                ]
            },
            "minecraft:damage_sensor": {
                "triggers": [
                    {
                        "cause": "all",
                        "deals_damage": false
                    }
                ]
            },
            "minecraft:knockback_resistance": {
                "value": 1
            },
            "minecraft:pushable": {
                "is_pushable": false,
                "is_pushable_by_piston": false
            },
            "minecraft:physics": {}
        },
        "events": {
            "stop": {
                "run_command": {
                    "command": "tag @s add despawn"
                },
                "remove": {
                    "component_groups": [
                        "tokyu_jurei"
                    ]
                }
            },
            "explode": {
                "sequence": [
                    {
                        "filters": {
                            "any_of": [
                                {
                                    "test": "has_tag",
                                    "value": "projectile_set"
                                },
                                {
                                    "test": "has_tag",
                                    "value": "despawn"
                                }
                            ]
                        },
                        "add": {
                            "component_groups": [
                                "despawn"
                            ]
                        }
                    },
                    {
                        "filters": {
                            "all_of": [
                                {
                                    "test": "has_tag",
                                    "operator": "not",
                                    "value": "projectile_set"
                                },
                                {
                                    "test": "has_tag",
                                    "operator": "not",
                                    "value": "despawn"
                                }
                            ]
                        },
                        "sequence": [
                            {
                                "run_command": {
                                    "command": [
                                        "tp ~~~"
                                    ]
                                },
                                "add": {
                                    "component_groups": [
                                        "explode"
                                    ]
                                }
                            },
                            {
                                "filters": {
                                    "test": "has_tag",
                                    "value": "level2"
                                },
                                "add": {
                                    "component_groups": [
                                        "explode2"
                                    ]
                                }
                            },
                            {
                                "filters": {
                                    "test": "has_tag",
                                    "value": "level3"
                                },
                                "add": {
                                    "component_groups": [
                                        "explode3"
                                    ]
                                }
                            },
                            {
                                "filters": {
                                    "test": "has_tag",
                                    "value": "level4"
                                },
                                "add": {
                                    "component_groups": [
                                        "explode4"
                                    ]
                                }
                            }
                            ]
                    }
                ]
            },
            "tokyu_beam_explode": {
                "run_command": {
                    "command": [
                        "particle minecraft:large_explosion",
                        "summon rai:block_explode ~~~ 0 0 explode4"
                    ]
                },
                "add": {
                    "component_groups": [
                        "despawn"
                    ]
                }
            },
            "level2": {
                "run_command": {
                    "command": [
                        "tag @s add level2"
                    ]
                }
            },
            "level3": {
                "run_command": {
                    "command": [
                        "tag @s add level3"
                    ]
                }
            },
            "level4": {
                "run_command": {
                    "command": [
                        "tag @s add level4"
                    ]
                }
            },
            "tokyu_jurei": {
                "add": {
                    "component_groups": [
                        "tokyu_jurei"
                    ]
                },
                "run_command": {
                    "command": [
                        "tag @s add mob_attack"
                    ]
                }
            },
            "tokyu_jurei_level2": {
                "add": {
                    "component_groups": [
                        "tokyu_jurei"
                    ]
                },
                "run_command": {
                    "command": [
                        "tag @s add mob_attack",
                        "tag @s add level2"
                    ]
                }
            },
            "tokyu_jurei_level3": {
                "add": {
                    "component_groups": [
                        "tokyu_jurei"
                    ]
                },
                "run_command": {
                    "command": [
                        "tag @s add mob_attack",
                        "tag @s add level3"
                    ]
                }
            },
            "tokyu_jurei_level4": {
                "add": {
                    "component_groups": [
                        "tokyu_jurei"
                    ]
                },
                "run_command": {
                    "command": [
                        "tag @s add mob_attack",
                        "tag @s add level4"
                    ]
                }
            },
            "despawn": {
                "add": {
                    "component_groups": [
                        "despawn"
                    ]
                }
            }
        }
    }
}