{
  "mob.skibidi_toilet_arm_buzz_saw_toilet.say": {
    "category": " neutral",
    "sounds": [
      "sounds/mob/skibidi_toilet_arm_buzz_saw_toilet/say/say1",
      "sounds/mob/skibidi_toilet_arm_buzz_saw_toilet/say/say2",
      "sounds/mob/skibidi_toilet_mutant_skibidi_toilet_man/say/say3",
      {
        "load_on_low_memory": true,
        "name": "sounds/mob/skibidi_toilet_arm_buzz_saw_toilet/say/say4"
      }
    ]
  },
  "mob.skibidi_toilet_arm_buzz_saw_toilet.death": {
    "category": " neutral",
    "sounds": [
      "sounds/mob/skibidi_toilet_arm_buzz_saw_toilet/death/death"
    ]
  },
  "mob.skibidi_toilet_mutant_skibidi_toilet_man.step": {
    "category": " neutral",
    "sounds": [
      {
        "load_on_low_memory": true,
        "name": "sounds/ambient/cave"
      },
      "sounds/ambient/cave",
      "sounds/ambient/cave",
      "sounds/ambient/cave"
    ]
  },
  "mob.skibidi_toilet_shooter_soldier_wheel_big_toilet.idle": {
    "category": " neutral",
    "sounds": [
      "sounds/mob/skibidi_toilet_shooter_soldier_wheel_big_toilet/idle/idle1",
      "sounds/mob/skibidi_toilet_shooter_soldier_wheel_big_toilet/idle/idle2",
      "sounds/mob/skibidi_toilet_shooter_soldier_wheel_big_toilet/idle/idle3"
    ]
  },
  "mob.skibidi_toilet_shooter_soldier_wheel_big_toilet.death": {
    "category": " neutral",
    "sounds": [
      "sounds/mob/skibidi_toilet_shooter_soldier_wheel_big_toilet/death/death"
    ]
  },
  "mob.skibidi_toilet_shooter_soldier_wheel_big_toilet.hit": {
    "category": " neutral",
    "sounds": [
      "sounds/mob/skibidi_toilet_shooter_soldier_wheel_big_toilet/hit/hit1",
      "sounds/mob/skibidi_toilet_shooter_soldier_wheel_big_toilet/hit/hit2",
      "sounds/mob/skibidi_toilet_shooter_soldier_wheel_big_toilet/hit/hit3",
      "sounds/mob/skibidi_toilet_shooter_soldier_wheel_big_toilet/hit/hit4"
    ]
  },
  "mob.skibidi_toilet_skibidi_toilet.say": {
    "category": " neutral",
    "sounds": [
      "sounds/mob/skibidi_toilet_skibidi_toilet/say/say1",
      "sounds/mob/skibidi_toilet_skibidi_toilet/say/say2",
      "sounds/mob/skibidi_toilet_skibidi_toilet/say/say3",
      {
        "load_on_low_memory": true,
        "name": "sounds/mob/skibidi_toilet_skibidi_toilet/say/say4"
      }
    ]
  },
  "mob.skibidi_toilet_skibidi_toilet.death": {
    "category": " neutral",
    "sounds": [
      "sounds/mob/skibidi_toilet_skibidi_toilet/death/death"
    ]
  },
  "mob.skibidi_toilet_three_headed_spider_toilet.say": {
    "category": " neutral",
    "sounds": [
      "sounds/mob/skibidi_toilet_three_headed_spider_toilet/say/say1",
      "sounds/mob/skibidi_toilet_three_headed_spider_toilet/say/say2",
      {
        "load_on_low_memory": true,
        "name": "sounds/mob/skibidi_toilet_three_headed_spider_toilet/say/say3"
      }
    ]
  },
  "mob.skibidi_toilet_three_headed_spider_toilet.hurt": {
    "category": " neutral",
    "sounds": [
      "sounds/mob/skibidi_toilet_three_headed_spider_toilet/hurt/hurt1",
      "sounds/mob/skibidi_toilet_three_headed_spider_toilet/hurt/hurt2",
      "sounds/mob/skeleton/hurt3",
      "sounds/mob/skibidi_toilet_three_headed_spider_toilet/hurt/hurt4"
    ]
  },
  "mob.skibidi_toilet_three_headed_spider_toilet.death": {
    "category": " neutral",
    "sounds": [
      "sounds/mob/skibidi_toilet_three_headed_spider_toilet/death/death"
    ]
  },
  "skibidi_toilet_camera_flying_turret_laser_shot": {
    "category": "neutral",
    "sounds": [
      "sounds/skibidi_toilet_camera_flying_turret_laser_shot"
    ]
  },
  "mob.skibidi_toilet_scientist_machine_long_arm_blade_toilet.say": {
    "category": " neutral",
    "sounds": [
      "sounds/mob/skibidi_toilet_scientist_machine_long_arm_blade_toilet/say/say1",
      "sounds/mob/skibidi_toilet_scientist_machine_long_arm_blade_toilet/say/say2",
      {
        "load_on_low_memory": true,
        "name": "sounds/mob/skibidi_toilet_scientist_machine_long_arm_blade_toilet/say/say3"
      }
    ]
  },
  "mob.skibidi_toilet_scientist_machine_long_arm_blade_toilet.hurt": {
    "category": " neutral",
    "sounds": [
      "sounds/mob/skibidi_toilet_scientist_machine_long_arm_blade_toilet/hurt/hurt1",
      "sounds/mob/skibidi_toilet_scientist_machine_long_arm_blade_toilet/hurt/hurt2",
      "sounds/mob/skibidi_toilet_scientist_machine_long_arm_blade_toilet/hurt/hurt3",
      "sounds/mob/skibidi_toilet_scientist_machine_long_arm_blade_toilet/hurt/hurt4"
    ]
  },
  "mob.skibidi_toilet_scientist_machine_long_arm_blade_toilet.death": {
    "category": " neutral",
    "sounds": [
      "sounds/mob/skibidi_toilet_scientist_machine_long_arm_blade_toilet/death/death"
    ]
  },
  "mob.skibidi_toilet_big_sickle_long_leg_toilet.idle": {
    "category": " neutral",
    "sounds": [
      "sounds/mob/skibidi_toilet_big_sickle_long_leg_toilet/idle/idle1",
      "sounds/mob/skibidi_toilet_big_sickle_long_leg_toilet/idle/idle2",
      "sounds/mob/skibidi_toilet_big_sickle_long_leg_toilet/idle/idle3"
    ]
  },
  "mob.skibidi_toilet_big_sickle_long_leg_toilet.death": {
    "category": " neutral",
    "sounds": [
      "sounds/mob/skibidi_toilet_big_sickle_long_leg_toilet/death/death"
    ]
  },
  "mob.skibidi_toilet_big_sickle_long_leg_toilet.hit": {
    "category": " neutral",
    "sounds": [
      "sounds/mob/skibidi_toilet_big_sickle_long_leg_toilet/hit/hit1",
      "sounds/mob/skibidi_toilet_big_sickle_long_leg_toilet/hit/hit2",
      "sounds/mob/skibidi_toilet_big_sickle_long_leg_toilet/hit/hit3",
      "sounds/mob/skibidi_toilet_big_sickle_long_leg_toilet/hit/hit4"
    ]
  },
  "mob.skibidi_toilet_double_buzz_saw_arm_toilet_man.idle": {
    "category": " neutral",
    "sounds": [
      "sounds/mob/skibidi_toilet_double_buzz_saw_arm_toilet_man/idle/idle1",
      "sounds/mob/skibidi_toilet_double_buzz_saw_arm_toilet_man/idle/idle2",
      "sounds/mob/skibidi_toilet_double_buzz_saw_arm_toilet_man/idle/idle3"
    ]
  },
  "mob.skibidi_toilet_double_buzz_saw_arm_toilet_man.death": {
    "category": " neutral",
    "sounds": [
      "sounds/mob/skibidi_toilet_double_buzz_saw_arm_toilet_man/death/death"
    ]
  },
  "mob.skibidi_toilet_double_buzz_saw_arm_toilet_man.hit": {
    "category": " neutral",
    "sounds": [
      "sounds/mob/skibidi_toilet_double_buzz_saw_arm_toilet_man/hit/hit1",
      "sounds/mob/skibidi_toilet_double_buzz_saw_arm_toilet_man/hit/hit2",
      "sounds/mob/skibidi_toilet_double_buzz_saw_arm_toilet_man/hit/hit3",
      "sounds/sounds/mob/zombie/hurt2"
    ]
  },
  "mob.skibidi_toilet_giant_crawler_toilet.say": {
    "category": " neutral",
    "sounds": [
      "sounds/mob/skibidi_toilet_giant_crawler_toilet/say/say1",
      "sounds/mob/skibidi_toilet_giant_crawler_toilet/say/say2",
      {
        "load_on_low_memory": true,
        "name": "sounds/mob/skibidi_toilet_giant_crawler_toilet/say/say3"
      }
    ]
  },
  "mob.skibidi_toilet_giant_crawler_toilet.hurt": {
    "category": " neutral",
    "sounds": [
      "sounds/mob/skibidi_toilet_giant_crawler_toilet/hurt/hurt1",
      "sounds/mob/skibidi_toilet_giant_crawler_toilet/hurt/hurt2",
      "sounds/mob/skibidi_toilet_giant_crawler_toilet/hurt/hurt3",
      "sounds/mob/skibidi_toilet_giant_crawler_toilet/hurt/hurt4"
    ]
  },
  "mob.skibidi_toilet_giant_crawler_toilet.death": {
    "category": " neutral",
    "sounds": [
      "sounds/mob/skibidi_toilet_giant_crawler_toilet/death/death"
    ]
  },
  "mob.skibidi_toilet_double_light_tank_toilet.ambient": {
    "category": " neutral",
    "sounds": [
      "sounds/mob/skibidi_toilet_double_light_tank_toilet/ambient/idle1",
      "sounds/mob/skibidi_toilet_double_light_tank_toilet/ambient/idle2",
      "sounds/mob/skibidi_toilet_double_light_tank_toilet/ambient/idle3",
      "sounds/mob/ravager/idle4",
      "sounds/mob/ravager/idle5",
      "sounds/mob/ravager/idle6",
      "sounds/mob/ravager/idle7",
      "sounds/mob/ravager/idle8"
    ]
  },
  "mob.skibidi_toilet_rocket_buzz_saw_toilet.say": {
    "category": " neutral",
    "sounds": [
      {
        "load_on_low_memory": true,
        "name": "sounds/mob/skibidi_toilet_rocket_buzz_saw_toilet/say/say1"
      },
      "sounds/mob/skibidi_toilet_rocket_buzz_saw_toilet/say/say2",
      "sounds/mob/skibidi_toilet_rocket_buzz_saw_toilet/say/say3"
    ]
  },
  "mob.skibidi_toilet_rocket_buzz_saw_toilet.death": {
    "category": " neutral",
    "sounds": [
      "sounds/mob/skibidi_toilet_rocket_buzz_saw_toilet/death/death"
    ]
  },
  "mob.skibidi_toilet_giant_laser_toilet.say": {
    "category": " neutral",
    "sounds": [
      "sounds/mob/skibidi_toilet_giant_laser_toilet/say/say1",
      "sounds/mob/skibidi_toilet_giant_laser_toilet/say/say2",
      {
        "load_on_low_memory": true,
        "name": "sounds/mob/skibidi_toilet_giant_laser_toilet/say/say3"
      }
    ]
  },
  "mob.skibidi_toilet_giant_laser_toilet.hurt": {
    "category": " neutral",
    "sounds": [
      "sounds/mob/skibidi_toilet_giant_laser_toilet/hurt/hurt1",
      "sounds/mob/skibidi_toilet_giant_laser_toilet/hurt/hurt2",
      "sounds/mob/skibidi_toilet_giant_laser_toilet/hurt/hurt3",
      "sounds/mob/skibidi_toilet_giant_laser_toilet/hurt/hurt4"
    ]
  },
  "mob.skibidi_toilet_giant_laser_toilet.death": {
    "category": " neutral",
    "sounds": [
      "sounds/mob/skibidi_toilet_giant_laser_toilet/death/death"
    ]
  }
}