{
  "format_version": "1.8.0",
  "minecraft:entity": {
    "description": {
      "identifier": "pa:death7",
      "is_spawnable": false,
      "is_summonable": true,
      "is_experimental": false
    },
    "component_groups": {},
    "components": {
      "minecraft:type_family": {
        "family": [
          "moto"
        ]
      },
      "minecraft:collision_box": {
        "height": 0.9,
        "width": 0.5
      },
      "minecraft:fall_damage": {
        "value": 0
      },
      "minecraft:movement": {
        "value": 0,
        "max": 0.35
      },
      "minecraft:navigation.walk": {
        "can_path_over_water": true
      },
      "minecraft:movement.basic": {},
      "minecraft:jump.static": {},
      "minecraft:health": {
        "value": 50,
        "max": 50
      },
      "minecraft:fire_immune": true,
      "minecraft:input_ground_controlled": {},
      "minecraft:physics": {
        "has_gravity": false
      },
      "minecraft:experience_reward": {
        "on_death": "query.last_hit_by_player ? 0 : 0"
      },
      "minecraft:underwater_movement": {
        "value": 0.03
      },
      "minecraft:scale": {
        "value": 1
      },
      "minecraft:damage_sensor": [
        {
          "cause": "fall",
          "deals_damage": false
        }
      ],
      "minecraft:flying_speed": {
        "value": 0.02
      },
      "minecraft:behavior.float": {
        "priority": 0
      },
      "minecraft:can_fly": {},
      "minecraft:behavior.float_wander": {
        "must_reach": true,
        "random_reselect": true,
        "priority": 2,
        "float_duration": [
          0.1,
          0.35
        ]
      },
      "minecraft:movement.generic": {},
      "minecraft:loot": {
        "table": "loot_tables/entities/pa_death7.json"
      }
    },
    "events": {
      "on:death": {
        "run_command": {
          "command": []
        }
      },
      "on:hurt": {
        "run_command": {
          "command": []
        }
      },
      "on:hurt_by_player": {
        "run_command": {
          "command": []
        }
      },
      "on:ignite": {
        "run_command": {
          "command": []
        }
      },
      "on:target_acquired": {
        "run_command": {
          "command": []
        }
      },
      "on:target_escape": {
        "run_command": {
          "command": []
        }
      },
      "on:wake_with_owner": {
        "run_command": {
          "command": []
        }
      },
      "on:tick_action": {
        "run_command": {
          "command": []
        }
      }
    }
  }
}