{
  "format_version": "1.13.0",
  "minecraft:entity": {
    "description": {
      "identifier": "minecraft:player",
      "is_spawnable": false,
      "is_summonable": false,
      "is_experimental": false,
      "animations": {
        "token": "controller.animation.tokenctrl",
        "spray": "controller.animation.spray",
        "5token": "animation.token.5token",
        "10token": "animation.token.10token",
        "15token": "animation.token.15token",
        "35token": "animation.token.35token",
        "logosum": "animation.logo.logosum"
      },
      "scripts": {
        "animate": [
          "token","spray"
        ]
      }

    },
    "component_groups": {
      "minecraft:add_bad_omen": {
        "minecraft:spell_effects": {
          "add_effects": [
            {
              "effect": "bad_omen",
              "duration": 6000,
              "display_on_screen_animation": true
            }
          ]
        },
        "minecraft:timer": {
          "time": [
            0.0,
            0.0
          ],
          "looping": false,
          "time_down_event": {
            "event": "minecraft:clear_add_bad_omen",
            "target": "self"
          }
        }
      },
      "minecraft:clear_bad_omen_spell_effect": {
        "minecraft:spell_effects": {}
      },
      "minecraft:raid_trigger": {
        "minecraft:raid_trigger": {
          "triggered_event": {
            "event": "minecraft:remove_raid_trigger",
            "target": "self"
          }
        },
        "minecraft:spell_effects": {
          "remove_effects": "bad_omen"
        }
      },
      "csb": {
        "minecraft:variant": {
          "value": 0
        }
      },
      "omb": {
        "minecraft:variant": {
          "value": 1
        }
      },
      "pb": {
        "minecraft:variant": {
          "value": 2
        }
      },
      "rcb": {
        "minecraft:variant": {
          "value": 3
        }
      },
      "scb": {
        "minecraft:variant": {
          "value": 4
        }
      },
      "wmb": {
        "minecraft:variant": {
          "value": 5
        }
      },
      "5token": {
        "minecraft:mark_variant": {
          "value": 5
        }
      },
      "10token": {
        "minecraft:mark_variant": {
          "value": 10
        }
      },
      "15token": {
        "minecraft:mark_variant": {
          "value": 15
        }
      },
      "35token": {
        "minecraft:mark_variant": {
          "value": 35
        }
      },
      "notoken": {
        "minecraft:mark_variant": {
          "value": 0
        }
      },
      "summonlogo": {
        "minecraft:is_baby": {}
      }
    },
    "components": {
      "minecraft:experience_reward": {
        "on_death": "Math.Min(query.player_level * 7, 100)"
      },
      "minecraft:type_family": {
        "family": [
          "player"
        ]
      },
      "minecraft:is_hidden_when_invisible": {},
      "minecraft:loot": {
        "table": "loot_tables/empty.json"
      },
      "minecraft:collision_box": {
        "width": 0.6,
        "height": 1.8
      },
      "minecraft:can_climb": {},
      "minecraft:movement": {
        "value": 0.1
      },
      "minecraft:hurt_on_condition": {
        "damage_conditions": [
          {
            "filters": {
              "test": "in_lava",
              "subject": "self",
              "operator": "==",
              "value": true
            },
            "cause": "lava",
            "damage_per_tick": 4
          }
        ]
      },
      "minecraft:attack": {
        "damage": 1
      },
      "minecraft:player.saturation": {
        "value": 20
      },
      "minecraft:player.exhaustion": {
        "value": 0,
        "max": 4
      },
      "minecraft:player.level": {
        "value": 0,
        "max": 24791
      },
      "minecraft:player.experience": {
        "value": 0,
        "max": 1
      },
      "minecraft:breathable": {
        "total_supply": 15,
        "suffocate_time": -1,
        "inhale_time": 3.75,
        "generates_bubbles": false
      },
      "minecraft:nameable": {
        "always_show": true,
        "allow_name_tag_renaming": false
      },
      "minecraft:physics": {},
      "minecraft:pushable": {
        "is_pushable": false,
        "is_pushable_by_piston": true
      },
      "minecraft:insomnia": {
        "days_until_insomnia": 3
      },
      "minecraft:rideable": {
        "seat_count": 2,
        "family_types": [
          "parrot_tame",
          "cookietiel_tame"
        ],
        "pull_in_entities": true,
        "seats": [
          {
            "position": [
              0.4,
              -0.2,
              -0.1
            ],
            "min_rider_count": 0,
            "max_rider_count": 0,
            "lock_rider_rotation": 0
          },
          {
            "position": [
              -0.4,
              -0.2,
              -0.1
            ],
            "min_rider_count": 1,
            "max_rider_count": 2,
            "lock_rider_rotation": 0
          }
        ]
      },
      "minecraft:scaffolding_climber": {},
      "minecraft:environment_sensor": {
        "triggers": [
          {
            "filters": {
              "all_of": [
                {
                  "test": "has_mob_effect",
                  "subject": "self",
                  "value": "bad_omen"
                },
                {
                  "test": "is_in_village",
                  "subject": "self",
                  "value": true
                }
              ]
            },
            "event": "minecraft:trigger_raid"
          },
          {
            "event": "pbrider",
            "filters": {
              "all_of": [
                {
                  "test": "has_tag",
                  "value": "ride_pb"
                }
              ]
            }
          },
          {
            "event": "csbrider",
            "filters": {
              "all_of": [
                {
                  "test": "has_tag",
                  "value": "ride_csb"
                }
              ]
            }
          },
          {
            "event": "ombrider",
            "filters": {
              "all_of": [
                {
                  "test": "has_tag",
                  "value": "ride_omb"
                }
              ]
            }
          },
          {
            "event": "summonlogo",
            "filters": {
              "all_of": [
                {
                  "test": "has_tag",
                  "value": "summonlogo"
                }
              ]
            }
          },
          {
            "event": "rcbrider",
            "filters": {
              "all_of": [
                {
                  "test": "has_tag",
                  "value": "ride_rcb"
                }
              ]
            }
          },
          {
            "event": "scbrider",
            "filters": {
              "all_of": [
                {
                  "test": "has_tag",
                  "value": "ride_scb"
                }
              ]
            }
          },
          {
            "event": "wmbrider",
            "filters": {
              "all_of": [
                {
                  "test": "has_tag",
                  "value": "ride_wmb"
                }
              ]
            }
          },
          {
            "event": "nomount",
            "filters": {
              "none_of": [
                {
                  "test": "has_tag",
                  "value": "ride_pb"
                },
                {
                  "test": "has_tag",
                  "value": "ride_csb"
                },
                {
                  "test": "has_tag",
                  "value": "ride_omb"
                },
                {
                  "test": "has_tag",
                  "value": "ride_rcb"
                },
                {
                  "test": "has_tag",
                  "value": "ride_scb"
                },
                {
                  "test": "has_tag",
                  "value": "ride_wmb"
                }
              ]
            }
          },
          {
            "event": "notoken",
            "filters": {
              "none_of": [
                {
                  "test": "has_tag",
                  "value": "5token"
                },
                {
                  "test": "has_tag",
                  "value": "10token"
                },
                {
                  "test": "has_tag",
                  "value": "15token"
                },
                {
                  "test": "has_tag",
                  "value": "35token"
                }
              ]
            }
          },
          {

            "event": "5token",
            "filters":{
              "all_of": [
                {
                  "test": "has_tag",
                  "value": "5token"
                }
              ]
            }
          },
          {

            "event": "10token",
            "filters":{
              "all_of": [
                {
                  "test": "has_tag",
                  "value": "10token"
                }
              ]
            }
          },
          {

            "event": "15token",
            "filters":{
              "all_of": [
                {
                  "test": "has_tag",
                  "value": "15token"
                }
              ]
            }
          },
          {

            "event": "35token",
            "filters":{
              "all_of": [
                {
                  "test": "has_tag",
                  "value": "35token"
                }
              ]
            }
          }
        ]
      }
    },
    "events": {
      "nomount": {
        "remove": {
          "component_groups": [
            "csb","omb","pb","rcb","scb","wmb"
          ]
        }
      },
      "pbrider": {
        "add": {
          "component_groups": [
            "pb"
          ]
        },
        "remove": {
          "component_groups": [
            "csb","omb","rcb","scb","wmb"
          ]
        }
      },
      "csbrider": {
        "add": {
          "component_groups": [
            "csb"
          ]
        },
        "remove": {
          "component_groups": [
            "pb","omb","rcb","scb","wmb"
          ]
        }
      },
      "ombrider": {
        "add": {
          "component_groups": [
            "omb"
          ]
        },
        "remove": {
          "component_groups": [
            "pb","csb","rcb","scb","wmb"
          ]
        }
      },
      "rcbrider": {
        "add": {
          "component_groups": [
            "rcb"
          ]
        },
        "remove": {
          "component_groups": [
            "pb","csb","omb","scb","wmb"
          ]
        }
      },
      "scbrider": {
        "add": {
          "component_groups": [
            "scb"
          ]
        },
        "remove": {
          "component_groups": [
            "pb","csb","rcb","omb","wmb"
          ]
        }
      },
      "wmbrider": {
        "add": {
          "component_groups": [
            "wmb"
          ]
        },
        "remove": {
          "component_groups": [
            "pb","csb","rcb","scb","omb"
          ]
        }
      },
      "5token": {
        "add": {
          "component_groups": [
            "5token"
          ]
        }
      },
      "10token": {
        "add": {
          "component_groups": [
            "10token"
          ]
        }
      },
      "15token": {
        "add": {
          "component_groups": [
            "15token"
          ]
        }
      },
      "35token": {
        "add": {
          "component_groups": [
            "35token"
          ]
        }
      },
      "notoken": {
        "add": {
          "component_groups": [
            "notoken"
          ]
        },
        "remove": {
          "component_groups": [
            "5token","10token","15token","35token"
          ]
        }
      },
      "minecraft:gain_bad_omen": {
        "add": {
          "component_groups": [
            "minecraft:add_bad_omen"
          ]
        }
      },
      "minecraft:clear_add_bad_omen": {
        "remove": {
          "component_groups": [
            "minecraft:add_bad_omen"
          ]
        },
        "add": {
          "component_groups": [
            "minecraft:clear_bad_omen_spell_effect"
          ]
        }
      },
      "minecraft:trigger_raid": {
        "add": {
          "component_groups": [
            "minecraft:raid_trigger"
          ]
        }
      },
      "minecraft:remove_raid_trigger": {
        "remove": {
          "component_groups": [
            "minecraft:raid_trigger"
          ]
        }
      },
      "summonlogo": {
        "add": {
          "component_groups": [
            "summonlogo"
          ]
        }
      },
      "summonlogoremove": {
        "remove": {
          "component_groups": [
            "summonlogo"
          ]
        }
      }
    }
  }
}