{
	"format_version" : "1.17.30",
	"animation_controllers" : {
	"controller.animation.skibidi_attack2": {
	"initial_state": "default",
	"states": {
		"default": {
		"transitions": [
						{
								"attack_initiate": "query.is_delayed_attacking"
							}
		],
		"blend_transition": 0.05
	  },
	  "attack_initiate": {
	"on_entry": [
             "variable.random = math.random_integer(0,1);"
        ],
		"animations": [
			{"attack" : "variable.random==0"},
			{"attack2" : "variable.random==1"}
		],
		"transitions": [{
				"default": "!query.is_delayed_attacking"
		}
		],
		"blend_transition": 0.15
	} 
                }
               },
	"controller.animation.skibidi_attack": {
	"initial_state": "default",
	"states": {
		"default": {
		"transitions": [
						{
								"attack_initiate": "query.is_delayed_attacking"
							}
		],
		"blend_transition": 0.05
	  },
	  "attack_initiate": {
		"animations": [
			"attack"
		],
		"transitions": [{
				"default": "!query.is_delayed_attacking"
		}
		],
		"blend_transition": 0.15
	} 
                }
               },
               "controller.animation.skibidi_fly_move": {
	"initial_state": "default",
	"states": {
		"default": {
		"transitions": [
						{
								"move": "query.ground_speed > 0.2"
							}
		],
		"blend_transition": 0.4
	  },
	  "move": {
		"animations": [
			"fly"
		],
		"transitions": [{
				"default": "query.ground_speed <= 0.2"
		}
		],
		"blend_transition": 0.4
	} 
                }
               },
               "controller.animation.skibidi_spider_fire": {
	"initial_state": "default",
	"states": {
		"default": {
		"transitions": [
						{
								"shoot": "query.facing_target_to_range_attack"
							}
		],
		"blend_transition": 0.2
	  },
	  "shoot": {
		"animations": [
			"fire"
		],
		"transitions": [{
				"default": "!query.facing_target_to_range_attack"
		}
		],
		"blend_transition": 0.2
	} 
                }
               },
               "controller.animation.skibidi_spider_walk": {
	"initial_state": "default",
	"states": {
		"default": {
		"transitions": [
						{
								"move": "query.ground_speed > 0.02"
							}
		],
		"blend_transition": 0.2
	  },
	  "move": {
		"animations": [
			"walk"
		],
		"transitions": [{
				"default": "query.ground_speed <= 0.02"
		}
		],
		"blend_transition": 0.3
	} 
                }
               },
	"controller.animation.skibidi": {
	"initial_state": "default",
	"states": {
		"default": {
		"variables": {
				"walk": {
					"input": "query.modified_move_speed",
					"remap_curve": {
						"0.0": 0.0,
						"0.27": 1.0
					}
				},
				"idle": {
					"input": "query.modified_move_speed",
					"remap_curve": {
						"0.27": 0.0,
						"0.0": 1.0
					}
				}
			},
		"animations": [
				{"idle" : "variable.idle"},
				"sing"
			],
		"transitions": [
						{
							"target": "query.has_target"
						 }
		],
		"blend_transition": 0.2
	  },
	"target": {
	"variables": {
				"idle": {
					"input": "query.modified_move_speed",
					"remap_curve": {
						"0.27": 0.0,
						"0.0": 1.0
					}
				}
			},
		"animations": [
			"target"
		],
		"transitions": [
						{
							"default": "!query.has_target"
						 }
		],
		"blend_transition": 0.2   
	}	
                  }
                }
			}
		}