{
	"format_version" : "1.17.30",
	"animation_controllers" : {
	"controller.animation.spider_fire": {
	"initial_state": "default",
	"states": {
		"default": {
		"transitions": [
						{
								"shoot": "query.facing_target_to_range_attack"
							}
		],
		"blend_transition": 0.2
	  },
	  "shoot": {
		"animations": [
			"fire"
		],
		"transitions": [{
				"default": "!query.facing_target_to_range_attack"
		}
		],
		"blend_transition": 0.2
	} 
                }
               },
               "controller.animation.spider_walk": {
	"initial_state": "default",
	"states": {
		"default": {
		"transitions": [
						{
								"move": "query.ground_speed > 0.02"
							}
		],
		"blend_transition": 0.2
	  },
	  "move": {
		"animations": [
			"walk"
		],
		"transitions": [{
				"default": "query.ground_speed <= 0.02"
		}
		],
		"blend_transition": 0.3
	} 
                }
               }
			}
		}