{
	"format_version" : "1.17.30",
	"animation_controllers" : {
	"controller.animation.titan_general": {
	"initial_state": "default",
	"states": {
		"default": {
		"animations": [
			"move_controls"
		],
		"transitions": [
						{
								"fly": "query.variant == 1"
							}
		],
		"blend_transition": 1.0
	  },
	  "fly": {
		"animations": [
			"fly_controls2"
		],
		"transitions": [{
				"default": "query.variant == 0"
		}
		],
		"blend_transition": 1.0
	                  } 
                }
          },
	"controller.animation.titan_fire": {
	"initial_state": "default",
	"states": {
		"default": {
		"transitions": [
						{
								"shoot": "query.facing_target_to_range_attack"
							}
		],
		"blend_transition": 0.2
	  },
	  "shoot": {
		"animations": [
			"fire"
		],
		"transitions": [{
				"default": "!query.facing_target_to_range_attack"
		}
		],
		"blend_transition": 0.2
	                  } 
                }
          },
          "controller.animation.titan_fire2": {
	"initial_state": "default",
	"states": {
		"default": {
		"transitions": [
						{
								"shoot": "query.facing_target_to_range_attack"
							}
		],
		"blend_transition": 0.4
	  },
	  "shoot": {
		"on_entry": [
             "variable.random = math.random_integer(0,1);"
        ],
		"animations": [
			{"fire2": "variable.random == 0"},
			{"fire3": "variable.random == 1"}
		],
		"transitions": [{
				"default": "!query.facing_target_to_range_attack"
		}
		],
		"blend_transition": 0.4
	                  } 
                }
          },
          "controller.animation.titan_flee": {
	"initial_state": "default",
	"states": {
		"default": {
		"animations": [
			"fly2"
		],
		"transitions": [
						{
								"flee": "query.is_avoiding_mobs"
							}
		],
		"blend_transition": 1.0
	  },
	  "flee": {
		"animations": [
			"fly"
		],
		"transitions": [{
				"default": "!query.is_avoiding_mobs"
		}
		],
		"blend_transition": 1.0
	                  } 
                }
          },
          "controller.animation.titan_fly2": {
	"initial_state": "default",
	"states": {
		"default": {
		"animations": [
			"fly2"
		],
		"transitions": [
						{
								"flee": "query.ground_speed > 0.2"
							}
		],
		"blend_transition": 0.3
	  },
	  "flee": {
		"animations": [
			"fly"
		],
		"transitions": [{
				"default": "query.ground_speed <= 0.2"
		}
		],
		"blend_transition": 0.3
	                  } 
                }
          },
          "controller.animation.titan_shield": {
	"initial_state": "default",
	"states": {
		"default": {
		"animations": [
			"shield_off"
		],
		"transitions": [
						{
								"shield": "query.has_target && !query.facing_target_to_range_attack"
							}
		],
		"blend_transition": 0.2
	  },
	  "shield": {
		"animations": [
			"shield_on"
		],
		"transitions": [{
				"default": "!query.has_target || query.facing_target_to_range_attack"
		}
		],
		"blend_transition": 0.2
	                  } 
                }
          },
	"controller.animation.titan_attack": {
	"initial_state": "default",
	"states": {
		"default": {
		"transitions": [
						{
								"attack": "query.is_delayed_attacking"
							}
		],
		"blend_transition": 0.05
	  },
	  "attack": {
	"on_entry": [
             "variable.random = math.random_integer(0,2);"
        ],
		"animations": [
			{"attack1": "variable.random == 0"},
			{"attack2": "variable.random == 1"},
			{"attack3": "variable.random == 2"}
		],
		"transitions": [{
				"default": "!query.is_delayed_attacking"
		}
		],
		"blend_transition": 0.25
	         } 
          }
      },
      "controller.animation.titan_claw": {
	"initial_state": "default",
	"states": {
		"default": {
		"transitions": [
						{
								"attack": "query.is_delayed_attacking"
							}
		],
		"blend_transition": 0.05
	  },
	  "attack": {
		"animations": [
			"claw_stab"
		],
		"transitions": [{
				"default": "!query.is_delayed_attacking"
		}
		],
		"blend_transition": 0.25
	         } 
          }
      },
      "controller.animation.titan_attack2": {
	"initial_state": "default",
	"states": {
		"default": {
		"transitions": [
						{
								"attack": "query.is_delayed_attacking"
							}
		],
		"blend_transition": 0.05
	  },
	  "attack": {
	"on_entry": [
             "variable.random = math.random_integer(0,1);"
        ],
		"animations": [
			{"attack2": "variable.random == 0"},
			{"attack3": "variable.random == 1"}
		],
		"transitions": [{
				"default": "!query.is_delayed_attacking"
		}
		],
		"blend_transition": 0.25
	         } 
          }
      },
      "controller.animation.titan_attack3": {
	"initial_state": "default",
	"states": {
		"default": {
		"transitions": [
						{
								"attack": "query.is_delayed_attacking"
							}
		],
		"blend_transition": 0.05
	  },
	  "attack": {
	"on_entry": [
             "variable.random = math.random_integer(0,1);"
        ],
		"animations": [
			{"attack2": "variable.random == 0"},
			{"attack4": "variable.random == 1"}
		],
		"transitions": [{
				"default": "!query.is_delayed_attacking"
		}
		],
		"blend_transition": 0.25
	         } 
          }
      },
      "controller.animation.titan_attack4": {
	"initial_state": "default",
	"states": {
		"default": {
		"transitions": [
						{
								"attack": "query.is_delayed_attacking"
							}
		],
		"blend_transition": 0.05
	  },
	  "attack": {
	"on_entry": [
             "variable.random = math.random_integer(0,1);"
        ],
		"animations": [
			{"attack1": "variable.random == 0"},
			{"attack3": "variable.random == 1"}
		],
		"transitions": [{
				"default": "!query.is_delayed_attacking"
		}
		],
		"blend_transition": 0.25
	         } 
          }
      },
      "controller.animation.titan_smile" : {
			"initial_state" : "default",
			"states" : {
				"smile" : {
				"animations" : [
						"smile"
					],
					"transitions" : [
						{
							"default" : "query.has_target"
						}
					],
					"blend_transition" : 0.2
				},
				"default" : {
					"transitions" : [
						{
							"smile" : "!query.has_target"
						}
					],
					"blend_transition" : 0.4
				}
			}
		},
	"controller.animation.titan" : {
			"initial_state" : "default",
			"states" : {
				"default" : {
				"animations" : [
						"idle"
					],
					"transitions" : [
						{
							"move" : "query.ground_speed > 0.1"
						}
					],
					"blend_transition" : 0.2
				},
				"move" : {
					"animations" : [
						"walk"
					],
					"transitions" : [
						{
							"default" : "query.ground_speed <= 0.1"
						}
					],
					"blend_transition" : 0.4
				}
			}
		},
		"controller.animation.titan2" : {
			"initial_state" : "default",
			"states" : {
				"default" : {
				"animations" : [
						"idle"
					],
					"transitions" : [
						{
							"move" : "query.ground_speed > 0.1 && !query.is_avoiding_mobs"
						},
						{
							"flee" : "query.is_avoiding_mobs"
						} 
					],
					"blend_transition" : 0.2
				},
				"move" : {
					"animations" : [
						"walk"
					],
					"transitions" : [
						{
							"default" : "query.ground_speed <= 0.1 && !query.is_avoiding_mobs"
						},
						{
							"flee" : "query.is_avoiding_mobs"
						}  
					],
					"blend_transition" : 0.4
				},
				"flee" : {
					"animations" : [
						"backwards"
					],
					"transitions" : [
						{
							"default" : "!query.is_avoiding_mobs"
						},
						{
							"move" : "query.ground_speed > 0.1 && !query.is_avoiding_mobs"
						}
					],
					"blend_transition" : 0.4
				}
			}
		} 
	}
}