{
    "format_version": "1.16.100",
    "minecraft:entity": {
        "description": {
            "identifier": "rai:makora_gishiki",
            "is_spawnable": false,
            "is_summonable": false,
            "is_experimental": false,
            "runtime_identifier": "minecraft:snowball"
        },
        "component_groups": {
            "despawn": {
                "minecraft:instant_despawn": {
                }
            }
        },
        "components": {
            "minecraft:projectile": {
                "gravity": 999999999,
                "power": 0.001,
                "on_hit": {
                    "stick_in_ground": {}
                }
            },
            "minecraft:timer": {
                "time": 2,
                "looping": true,
                "time_down_event": {
                    "event": "despawn"
                }
            },
            "minecraft:type_family": {
                "family": [
                    "jujutsu_kaisen",
                    "damage"
                ]
            },
            "minecraft:damage_sensor": {
                "triggers": [
                    {
                        "cause": "all",
                        "deals_damage": false
                    }
                ]
            },
            "minecraft:knockback_resistance": {
                "value": 1
            },
            "minecraft:collision_box": {
                "height": 0,
                "width": 0
            },
            "minecraft:pushable": {
                "is_pushable": false,
                "is_pushable_by_piston": false
            }
        },
        "events": {
            "despawn": {
                "add": {
                    "component_groups": [
                        "despawn"
                    ]
                }
            }
        }
    }
}