{
   "resource_pack_name" : "Morphing Bracelet",
   "texture_data" : {
      "morph:morphing_bracelet" : {
         "textures" : "textures/items/morphing_bracelet"
      },
      "morph:souls_in_a_glass" : {
         "textures" : "textures/items/souls_in_a_glass"
      },
      "morph:llama_spit" : {
         "textures" : "textures/items/llama_spit"
      },
      "morph:wither_skull" : {
         "textures" : "textures/items/wither_skull"
      },
      "morph:wither_skull_dangerous" : {
         "textures" : "textures/items/wither_skull_dangerous"
      },
      "morph:potion_bottle_drinkable_unusable" : {
         "textures" : "textures/items/potion_bottle_drinkable_unusable"
      },
      "morph:potion_bottle_splash_unusable" : {
         "textures" : "textures/items/potion_bottle_splash_unusable"
      },
      "morph:potion_bottle_lingering_unusable" : {
         "textures" : "textures/items/potion_bottle_lingering_unusable"
      },
      "morph:vex" : {
         "textures" : "textures/items/vex"
      },
      "morph:vex_spawned" : {
         "textures" : "textures/items/vex_spawned"
      },
      "morph:evoker_fang" : {
         "textures" : "textures/items/evoker_fang"
      },
      "cd:ohio_snowball" : {
         "textures" : "textures/items/ohio_snowball"
      }
   },
   "texture_name" : "atlas.items"
}
