{
  "format_version": "1.8.0",
  "animations": {
    "animation.witch.general": {
      "loop": true,
      "bones": {
        "nose": {
          "rotation": [
            "(variable.isholdingitem ? -25.7831 : (math.sin(query.life_time * 57.296) * 4.5)) - this",
            0,
            "(math.cos(query.life_time * 57.296) * 2.5) - this"
          ]
        }
      }
    },
    "animation.witch.villager_general": {
      "loop": true,
      "bones": {
        "arms": {
          "rotation": [
            "-42.97 - this",
            0,
            0
          ],
          "position": [
            0,
            -1,
            -1
          ]
        }
      }
    },
    "animation.witch.move": {
      "loop": true,
      "anim_time_update": "query.modified_distance_moved",
      "bones": {
        "leg0": {
          "rotation": [
            "(math.cos(query.anim_time * 38.17) * 40.0) - this",
            "-this",
            0
          ]
        },
        "leg1": {
          "rotation": [
            "(math.cos(query.anim_time * 38.17 + 180) * 40.0) - this",
            "-this",
            0
          ]
        }
      }
    },
    "animation.Ragatha.idle": {
      "loop": true,
      "animation_length": 1,
      "bones": {
        "bone3": {
          "rotation": [
            -22.45744,
            0.65182,
            17.47178
          ]
        },
        "bone4": {
          "rotation": [
            0,
            0,
            20
          ]
        },
        "bone5": {
          "position": {
            "0.0": [
              0,
              0,
              0
            ],
            "0.5": [
              0,
              -1,
              0
            ],
            "1.0": [
              0,
              0,
              0
            ]
          }
        },
        "bone8": {
          "rotation": [
            -20,
            0,
            0
          ]
        },
        "bone9": {
          "rotation": [
            0,
            0,
            -40
          ]
        }
      }
    },
    "animation.Ragatha.walk": {
      "loop": true,
      "animation_length": 1,
      "bones": {
        "bone3": {
          "rotation": [
            -22.45744,
            0.65182,
            17.47178
          ]
        },
        "bone4": {
          "rotation": [
            0,
            0,
            20
          ]
        },
        "bone5": {
          "rotation": {
            "0.0": [
              -0.08846,
              1.14025,
              0.23574
            ],
            "0.25": [
              0,
              0,
              0
            ],
            "0.5": [
              -2.5,
              0,
              0
            ],
            "0.75": [
              -2.5,
              0,
              0
            ],
            "1.0": [
              -0.08846,
              1.14025,
              0.23574
            ]
          },
          "position": {
            "0.0": [
              0,
              0,
              0
            ],
            "0.5": [
              0,
              -1,
              0
            ],
            "1.0": [
              0,
              0,
              0
            ]
          }
        },
        "bone8": {
          "rotation": [
            -20,
            0,
            0
          ]
        },
        "bone9": {
          "rotation": [
            0,
            0,
            -40
          ]
        },
        "Head": {
          "rotation": {
            "0.0": [
              7.5,
              0,
              0
            ],
            "0.25": [
              5,
              0,
              0
            ],
            "0.5": [
              8.33,
              0,
              0
            ],
            "1.0": [
              7.5,
              0,
              0
            ]
          },
          "position": {
            "0.0": [
              0,
              0,
              0
            ],
            "0.5": [
              0,
              -1,
              0
            ],
            "1.0": [
              0,
              0,
              0
            ]
          }
        },
        "bone6": {
          "rotation": {
            "0.0": [
              -17.5,
              0,
              0
            ],
            "0.2917": [
              12.5,
              0,
              0
            ],
            "0.5": [
              0,
              0,
              0
            ],
            "0.75": [
              -27.5,
              0,
              0
            ],
            "1.0": [
              -17.5,
              0,
              0
            ]
          },
          "position": {
            "0.0": [
              0,
              0,
              -3
            ],
            "0.2917": [
              0,
              0,
              0
            ],
            "0.5": [
              0,
              2,
              0
            ],
            "0.75": [
              0,
              2,
              -1.5
            ],
            "1.0": [
              0,
              0,
              -3
            ]
          }
        },
        "bone7": {
          "rotation": {
            "0.0": [
              2.5,
              0,
              0
            ],
            "0.25": [
              -32.5,
              0,
              0
            ],
            "0.5": [
              -2.5,
              0,
              0
            ],
            "0.75": [
              27.5,
              0,
              0
            ],
            "1.0": [
              2.5,
              0,
              0
            ]
          },
          "position": {
            "0.0": [
              0,
              4,
              0
            ],
            "0.25": [
              0,
              0.5,
              -2
            ],
            "0.5": [
              0,
              0,
              -3
            ],
            "0.75": [
              0,
              0,
              -1.5
            ],
            "1.0": [
              0,
              4,
              0
            ]
          }
        }
      }
    }
  }
}