{
  "format_version": "1.8.0",
  "animations": {
    "animation.witch.general": {
      "loop": true,
      "bones": {
        "nose": {
          "rotation": [
            "(variable.isholdingitem ? -25.7831 : (math.sin(query.life_time * 57.296) * 4.5)) - this",
            0,
            "(math.cos(query.life_time * 57.296) * 2.5) - this"
          ]
        }
      }
    },
    "animation.witch.villager_general": {
      "loop": true,
      "bones": {
        "arms": {
          "rotation": [
            "-42.97 - this",
            0,
            0
          ],
          "position": [
            0,
            -1,
            -1
          ]
        }
      }
    },
    "animation.witch.move": {
      "loop": true,
      "anim_time_update": "query.modified_distance_moved",
      "bones": {
        "leg0": {
          "rotation": [
            "(math.cos(query.anim_time * 38.17) * 40.0) - this",
            "-this",
            0
          ]
        },
        "leg1": {
          "rotation": [
            "(math.cos(query.anim_time * 38.17 + 180) * 40.0) - this",
            "-this",
            0
          ]
        }
      }
    },
    "animation.Zooble.walk": {
      "loop": true,
      "animation_length": 1,
      "bones": {
        "bone8": {
          "rotation": {
            "0.0": [
              -17.5,
              0,
              0
            ],
            "0.25": [
              2.5,
              0,
              0
            ],
            "0.5": [
              15,
              0,
              0
            ],
            "1.0": [
              -17.5,
              0,
              0
            ]
          }
        },
        "bone9": {
          "rotation": {
            "0.0": [
              -15,
              0,
              0
            ],
            "0.25": [
              10.93438,
              0.60647,
              -2.666
            ],
            "0.5": [
              22.5,
              0,
              0
            ],
            "1.0": [
              -15,
              0,
              0
            ]
          }
        },
        "bone10": {
          "rotation": {
            "0.0": [
              20,
              0,
              0
            ],
            "0.25": [
              -10,
              0,
              0
            ],
            "0.5": [
              5.35105,
              -0.72772,
              -1.66174
            ],
            "1.0": [
              20,
              0,
              0
            ]
          }
        },
        "bone11": {
          "rotation": {
            "0.0": [
              27.5,
              0,
              0
            ],
            "0.2917": [
              7.5,
              0,
              0
            ],
            "0.5": [
              -22.5,
              0,
              0
            ],
            "1.0": [
              27.5,
              0,
              0
            ]
          }
        },
        "bone12": {
          "rotation": {
            "0.0": [
              59.61362,
              -69.92229,
              -61.15659
            ],
            "0.2917": [
              62.72683,
              -67.73126,
              -64.49445
            ],
            "0.5": [
              -26.30249,
              -78.83105,
              26.74021
            ],
            "1.0": [
              59.61362,
              -69.92229,
              -61.15659
            ]
          }
        }
      }
    },
    "animation.Zooble.idle": {
      "loop": true,
      "animation_length": 1,
      "bones": {
        "Body": {
          "rotation": {
            "0.0": [
              2.5,
              0,
              0
            ],
            "0.5": [
              0,
              0,
              0
            ],
            "1.0": [
              2.5,
              0,
              0
            ]
          }
        },
        "Head": {
          "rotation": {
            "0.0": [
              5,
              0,
              0
            ],
            "0.5": [
              10,
              0,
              0
            ],
            "1.0": [
              5,
              0,
              0
            ]
          }
        },
        "bone2": {
          "rotation": [
            -39.32466,
            7.9972,
            9.63846
          ]
        },
        "bone3": {
          "rotation": [
            -16.73634,
            5.188,
            -95.76366
          ]
        },
        "bone4": {
          "rotation": [
            32.5,
            0,
            7.5
          ]
        },
        "bone5": {
          "rotation": [
            -35,
            0,
            0
          ]
        },
        "bone6": {
          "rotation": [
            8.27396,
            1.93311,
            77.18171
          ],
          "position": [
            2,
            3,
            0
          ]
        },
        "bone7": {
          "rotation": [
            -62.48883,
            44.98023,
            4.24733
          ]
        }
      }
    }
  }
}